source,target,Edge Type,source_genre,source_year,target_genre,target_year
0,1841,InterpolatesFrom,Oceanus Folk,2017,Indie Folk,2010
5,5088,InterpolatesFrom,Lo-Fi Electronica,2026,Lo-Fi Electronica,2026
5,14332,InStyleOf,Lo-Fi Electronica,2026,Lo-Fi Electronica,2020
5,11677,InterpolatesFrom,Lo-Fi Electronica,2026,Lo-Fi Electronica,2009
5,2479,LyricalReferenceTo,Lo-Fi Electronica,2026,Indie Rock,2009
5,827,CoverOf,Lo-Fi Electronica,2026,Lo-Fi Electronica,2006
5,10417,InStyleOf,Lo-Fi Electronica,2026,Lo-Fi Electronica,2010
5,14768,InStyleOf,Lo-Fi Electronica,2026,Lo-Fi Electronica,2005
5,13985,InterpolatesFrom,Lo-Fi Electronica,2026,Lo-Fi Electronica,2013
5,13297,InterpolatesFrom,Lo-Fi Electronica,2026,Lo-Fi Electronica,2017
5,3387,InterpolatesFrom,Lo-Fi Electronica,2026,Lo-Fi Electronica,2016
5,9122,InStyleOf,Lo-Fi Electronica,2026,,
5,8680,CoverOf,Lo-Fi Electronica,2026,,
5,5928,InStyleOf,Lo-Fi Electronica,2026,Lo-Fi Electronica,2019
10,14322,InterpolatesFrom,Indie Folk,2020,Post-Apocalyptic Folk,2013
15,16367,InterpolatesFrom,Darkwave,2027,Darkwave,2020
26,4932,LyricalReferenceTo,Speed Metal,2022,,
26,10836,LyricalReferenceTo,Speed Metal,2022,Speed Metal,2021
26,15047,LyricalReferenceTo,Speed Metal,2022,Southern Gothic Rock,1986
26,7574,InStyleOf,Speed Metal,2022,Speed Metal,1989
26,13628,DirectlySamples,Speed Metal,2022,Speed Metal,2020
35,8364,InStyleOf,,,,
48,7116,DirectlySamples,Indie Folk,2017,Doom Metal,2007
48,10673,LyricalReferenceTo,Indie Folk,2017,Doom Metal,2013
54,7713,DirectlySamples,Alternative Rock,2003,Alternative Rock,1996
60,13681,InterpolatesFrom,Americana,2023,Indie Folk,2010
60,13758,InStyleOf,Americana,2023,Indie Folk,2013
71,15899,LyricalReferenceTo,,,Indie Folk,2010
71,12515,InterpolatesFrom,,,,
86,6006,CoverOf,Americana,2013,Doom Metal,2004
92,12673,InterpolatesFrom,Americana,2023,Americana,2013
92,13681,LyricalReferenceTo,Americana,2023,Indie Folk,2010
102,5427,CoverOf,Doom Metal,2000,,
106,5075,InStyleOf,Blues Rock,2020,Blues Rock,2021
106,12091,InStyleOf,Blues Rock,2020,Southern Gothic Rock,1997
106,15275,InterpolatesFrom,Blues Rock,2020,,
106,15443,LyricalReferenceTo,Blues Rock,2020,Southern Gothic Rock,2023
121,5288,InterpolatesFrom,Indie Folk,2025,,
128,12237,DirectlySamples,Indie Rock,2026,Indie Rock,2023
128,5348,LyricalReferenceTo,Indie Rock,2026,,
139,14023,InterpolatesFrom,Speed Metal,2023,,
139,4583,LyricalReferenceTo,Speed Metal,2023,Speed Metal,1983
139,15343,LyricalReferenceTo,Speed Metal,2023,Speed Metal,1987
148,15702,InterpolatesFrom,Speed Metal,2010,Speed Metal,1985
148,4861,InterpolatesFrom,Speed Metal,2010,Speed Metal,1996
148,6227,InterpolatesFrom,Speed Metal,2010,Speed Metal,1999
148,8872,CoverOf,Speed Metal,2010,Speed Metal,1993
148,13430,InStyleOf,Speed Metal,2010,Speed Metal,1991
148,8050,InStyleOf,Speed Metal,2010,,
155,15622,CoverOf,,,Doom Metal,1997
155,6006,CoverOf,,,Doom Metal,2004
169,16035,LyricalReferenceTo,,,Avant-Garde Folk,2004
169,13361,InStyleOf,,,Blues Rock,2011
169,15838,LyricalReferenceTo,,,Avant-Garde Folk,2014
176,14989,DirectlySamples,Darkwave,2023,Indie Rock,2007
182,438,LyricalReferenceTo,Synthpop,2013,Dream Pop,2010
187,2956,InterpolatesFrom,Indie Folk,2020,Indie Folk,2008
187,543,InStyleOf,Indie Folk,2020,Doom Metal,2020
187,4046,CoverOf,Indie Folk,2020,,
196,13324,InStyleOf,Indie Folk,2017,Oceanus Folk,2004
196,6901,CoverOf,Indie Folk,2017,Indie Folk,2010
210,15529,CoverOf,Darkwave,2029,Dream Pop,2026
210,7278,InterpolatesFrom,Darkwave,2029,Synthwave,2022
210,13287,InterpolatesFrom,Darkwave,2029,Synthwave,2024
210,10928,CoverOf,Darkwave,2029,,
210,9256,CoverOf,Darkwave,2029,Symphonic Metal,2027
210,12309,LyricalReferenceTo,Darkwave,2029,Darkwave,2020
210,8640,DirectlySamples,Darkwave,2029,Post-Apocalyptic Folk,2026
210,12173,DirectlySamples,Darkwave,2029,Darkwave,2023
210,6293,DirectlySamples,Darkwave,2029,Dream Pop,2025
210,11785,DirectlySamples,Darkwave,2029,Jazz Surf Rock,2024
210,7534,InStyleOf,Darkwave,2029,Darkwave,2012
216,11179,InStyleOf,Alternative Rock,2029,,
216,12494,InStyleOf,Alternative Rock,2029,Indie Pop,2022
225,1841,CoverOf,Doom Metal,2013,Indie Folk,2010
233,15383,LyricalReferenceTo,Doom Metal,2013,Doom Metal,2007
249,10294,CoverOf,Emo/Pop Punk,2010,,
249,5051,InStyleOf,Emo/Pop Punk,2010,Emo/Pop Punk,1997
249,6315,LyricalReferenceTo,Emo/Pop Punk,2010,Emo/Pop Punk,1987
249,1955,InterpolatesFrom,Emo/Pop Punk,2010,Emo/Pop Punk,1985
249,11520,CoverOf,Emo/Pop Punk,2010,Emo/Pop Punk,2007
258,6773,InStyleOf,Dream Pop,2029,,
272,3252,DirectlySamples,Desert Rock,2017,Psychedelic Rock,2015
279,11446,InStyleOf,,,,
283,6006,CoverOf,Dream Pop,2029,Doom Metal,2004
283,14449,InStyleOf,Dream Pop,2029,,
283,8516,LyricalReferenceTo,Dream Pop,2029,Psychedelic Rock,2017
283,15419,LyricalReferenceTo,Dream Pop,2029,Psychedelic Rock,2022
292,5432,InterpolatesFrom,Dream Pop,2016,Synthwave,2004
298,14537,CoverOf,Indie Folk,2013,,
321,8307,InterpolatesFrom,Space Rock,2025,Jazz Surf Rock,2023
321,15817,InStyleOf,Space Rock,2025,Americana,2024
321,14987,InterpolatesFrom,Space Rock,2025,Doom Metal,2017
329,4378,InterpolatesFrom,Blues Rock,2025,Southern Gothic Rock,2019
329,9690,CoverOf,Blues Rock,2025,Blues Rock,2019
339,4411,CoverOf,,,,
339,15396,CoverOf,,,Avant-Garde Folk,2023
344,8888,LyricalReferenceTo,,,Indie Rock,2010
349,16048,InterpolatesFrom,Americana,2028,Dream Pop,2017
349,13751,LyricalReferenceTo,Americana,2028,Indie Folk,2020
358,14965,CoverOf,Post-Apocalyptic Folk,2027,Doom Metal,2010
358,13658,CoverOf,Post-Apocalyptic Folk,2027,Synthwave,2023
358,16445,InStyleOf,Post-Apocalyptic Folk,2027,,
358,13413,CoverOf,Post-Apocalyptic Folk,2027,Indie Folk,2022
365,14300,LyricalReferenceTo,Indie Rock,2021,Doom Metal,2009
376,15971,InterpolatesFrom,Dream Pop,2030,Indie Rock,2013
391,365,InStyleOf,Dream Pop,2030,Indie Rock,2021
391,6301,InterpolatesFrom,Dream Pop,2030,,
395,2440,InStyleOf,Post-Apocalyptic Folk,2022,,
395,11259,CoverOf,Post-Apocalyptic Folk,2022,,
402,15622,InStyleOf,Synthwave,2011,Doom Metal,1997
402,2445,CoverOf,Synthwave,2011,Doom Metal,2007
407,15622,CoverOf,Doom Metal,2017,Doom Metal,1997
413,5051,InStyleOf,Indie Pop,2013,Emo/Pop Punk,1997
413,6315,CoverOf,Indie Pop,2013,Emo/Pop Punk,1987
413,11520,InStyleOf,Indie Pop,2013,Emo/Pop Punk,2007
413,1955,LyricalReferenceTo,Indie Pop,2013,Emo/Pop Punk,1985
413,10294,CoverOf,Indie Pop,2013,,
413,8230,LyricalReferenceTo,Indie Pop,2013,Emo/Pop Punk,1989
423,6262,InStyleOf,Southern Gothic Rock,2000,Dream Pop,1992
445,11701,InStyleOf,,,,
449,3407,LyricalReferenceTo,Southern Gothic Rock,2004,Southern Gothic Rock,1987
461,3337,InterpolatesFrom,Americana,2027,Indie Folk,2017
461,13088,InStyleOf,Americana,2027,Symphonic Metal,2026
467,8816,InStyleOf,Post-Apocalyptic Folk,2020,Dream Pop,2012
467,7897,InStyleOf,Post-Apocalyptic Folk,2020,Post-Apocalyptic Folk,2014
473,7663,CoverOf,,,,
473,6006,LyricalReferenceTo,,,Doom Metal,2004
473,13216,InterpolatesFrom,,,Desert Rock,2025
478,13543,LyricalReferenceTo,Speed Metal,2018,,
478,16724,InterpolatesFrom,Speed Metal,2018,Speed Metal,2000
482,3766,InterpolatesFrom,,,Dream Pop,1992
491,6770,LyricalReferenceTo,Dream Pop,2029,Americana,2025
491,349,DirectlySamples,Dream Pop,2029,Americana,2028
497,14994,LyricalReferenceTo,Indie Folk,2000,Indie Folk,1997
504,2567,InStyleOf,Dream Pop,2028,Post-Apocalyptic Folk,2022
504,13658,InStyleOf,Dream Pop,2028,Synthwave,2023
510,8888,DirectlySamples,,,Indie Rock,2010
516,13990,InStyleOf,Doom Metal,2023,Post-Apocalyptic Folk,2012
533,12389,CoverOf,,,Space Rock,2017
558,6250,CoverOf,Alternative Rock,2027,Southern Gothic Rock,2017
558,5526,InterpolatesFrom,Alternative Rock,2027,Southern Gothic Rock,2023
563,13104,DirectlySamples,Synthwave,2026,Synthwave,1997
563,14136,InterpolatesFrom,Synthwave,2026,Doom Metal,2013
563,13574,CoverOf,Synthwave,2026,Synthwave,2008
569,16100,CoverOf,Dream Pop,2025,Dream Pop,2020
577,3711,DirectlySamples,,,,
577,4077,InStyleOf,,,Jazz Surf Rock,2023
577,3025,DirectlySamples,,,Oceanus Folk,2017
577,14720,CoverOf,,,Oceanus Folk,2023
577,1841,LyricalReferenceTo,,,Indie Folk,2010
581,11400,LyricalReferenceTo,Dream Pop,1997,Dream Pop,1985
590,8640,InStyleOf,Dream Pop,2029,Post-Apocalyptic Folk,2026
590,14767,InStyleOf,Dream Pop,2029,,
590,11415,InStyleOf,Dream Pop,2029,Darkwave,2026
590,7534,CoverOf,Dream Pop,2029,Darkwave,2012
600,15306,InStyleOf,Dream Pop,2028,Psychedelic Rock,2004
600,1502,CoverOf,Dream Pop,2028,Psychedelic Rock,2018
600,6915,CoverOf,Dream Pop,2028,Symphonic Metal,2014
600,15199,InStyleOf,Dream Pop,2028,Post-Apocalyptic Folk,2025
611,10726,InterpolatesFrom,Indie Folk,2014,,
611,7567,InStyleOf,Indie Folk,2014,Dream Pop,2013
611,6368,InStyleOf,Indie Folk,2014,Synthwave,1994
621,6106,DirectlySamples,Doom Metal,2023,Indie Folk,2020
625,1608,InStyleOf,Indie Folk,2023,,
625,2614,InStyleOf,Indie Folk,2023,Dream Pop,1990
625,11298,InStyleOf,Indie Folk,2023,,
632,16162,InStyleOf,Alternative Rock,2012,,
632,8055,LyricalReferenceTo,Alternative Rock,2012,Alternative Rock,2004
642,6762,InterpolatesFrom,,,Symphonic Metal,2007
662,16524,LyricalReferenceTo,,,Oceanus Folk,2013
673,6051,CoverOf,Doom Metal,2023,,
683,1333,CoverOf,,,Jazz Surf Rock,2010
683,10055,InStyleOf,,,,
683,5216,InStyleOf,,,Jazz Surf Rock,2018
683,1326,InterpolatesFrom,,,Jazz Surf Rock,1996
695,11299,InterpolatesFrom,Avant-Garde Folk,2012,Avant-Garde Folk,2009
695,12793,LyricalReferenceTo,Avant-Garde Folk,2012,Avant-Garde Folk,2004
705,12162,LyricalReferenceTo,Alternative Rock,2020,Alternative Rock,2018
705,11740,CoverOf,Alternative Rock,2020,Indie Rock,2011
705,13523,InStyleOf,Alternative Rock,2020,Alternative Rock,2000
705,8509,CoverOf,Alternative Rock,2020,Dream Pop,2019
713,2413,InterpolatesFrom,,,Dream Pop,2026
713,11432,InterpolatesFrom,,,Dream Pop,2010
713,5233,InterpolatesFrom,,,,
720,9709,InStyleOf,Oceanus Folk,2023,Oceanus Folk,2014
731,16298,LyricalReferenceTo,Lo-Fi Electronica,1997,Lo-Fi Electronica,1985
736,1407,InterpolatesFrom,,,,
746,1841,LyricalReferenceTo,Oceanus Folk,2027,Indie Folk,2010
746,15071,CoverOf,Oceanus Folk,2027,,
750,1326,LyricalReferenceTo,Alternative Rock,2028,Jazz Surf Rock,1996
757,13563,CoverOf,Oceanus Folk,2023,,
757,6994,InStyleOf,Oceanus Folk,2023,Oceanus Folk,2017
766,16512,InStyleOf,Psychedelic Rock,2017,Americana,2013
766,13603,CoverOf,Psychedelic Rock,2017,Psychedelic Rock,2013
773,4415,InStyleOf,Indie Folk,2022,Doom Metal,2013
773,15766,InStyleOf,Indie Folk,2022,Indie Folk,2004
773,11256,InStyleOf,Indie Folk,2022,,
773,15198,LyricalReferenceTo,Indie Folk,2022,Dream Pop,2013
773,10457,InterpolatesFrom,Indie Folk,2022,Dream Pop,2018
773,1841,CoverOf,Indie Folk,2022,Indie Folk,2010
781,2729,DirectlySamples,Alternative Rock,2025,Darkwave,2000
787,4155,InterpolatesFrom,Psychedelic Rock,2028,Psychedelic Rock,2022
787,14223,LyricalReferenceTo,Psychedelic Rock,2028,Psychedelic Rock,2024
799,11300,InterpolatesFrom,Space Rock,2024,,
799,1841,CoverOf,Space Rock,2024,Indie Folk,2010
799,10909,InStyleOf,Space Rock,2024,Dream Pop,2017
799,4362,DirectlySamples,Space Rock,2024,Synthwave,2013
806,8832,CoverOf,Southern Gothic Rock,2002,,
810,13321,InStyleOf,,,Psychedelic Rock,2025
810,14223,InStyleOf,,,Psychedelic Rock,2024
827,11327,InStyleOf,Lo-Fi Electronica,2006,Lo-Fi Electronica,1998
827,13891,CoverOf,Lo-Fi Electronica,2006,Lo-Fi Electronica,1998
827,14512,DirectlySamples,Lo-Fi Electronica,2006,Lo-Fi Electronica,1997
830,16441,CoverOf,,,Psychedelic Rock,1999
830,1524,InterpolatesFrom,,,Psychedelic Rock,2009
830,12596,InterpolatesFrom,,,Psychedelic Rock,1989
833,11635,DirectlySamples,,,Synthwave,1999
842,5307,InStyleOf,Doom Metal,2023,Doom Metal,2013
842,15622,CoverOf,Doom Metal,2023,Doom Metal,1997
842,4413,LyricalReferenceTo,Doom Metal,2023,Symphonic Metal,2010
842,4046,CoverOf,Doom Metal,2023,,
842,13341,InStyleOf,Doom Metal,2023,Doom Metal,2013
842,14314,CoverOf,Doom Metal,2023,Indie Folk,2020
846,10361,InStyleOf,Doom Metal,2017,Post-Apocalyptic Folk,2011
852,1841,LyricalReferenceTo,Space Rock,2028,Indie Folk,2010
852,10530,InStyleOf,Space Rock,2028,,
852,11146,InterpolatesFrom,Space Rock,2028,Synthpop,2020
866,6777,CoverOf,,,Psychedelic Rock,2013
871,13615,InterpolatesFrom,Synthwave,2024,Post-Apocalyptic Folk,2018
871,11230,CoverOf,Synthwave,2024,Psychedelic Rock,2020
876,1857,InStyleOf,Indie Rock,2010,Indie Rock,2006
876,13484,InterpolatesFrom,Indie Rock,2010,,
880,11404,LyricalReferenceTo,,,Emo/Pop Punk,2000
892,6006,InStyleOf,,,Doom Metal,2004
901,7278,CoverOf,Space Rock,2029,Synthwave,2022
901,10016,InStyleOf,Space Rock,2029,Symphonic Metal,2023
906,4136,InStyleOf,Dream Pop,2029,,
906,4208,CoverOf,Dream Pop,2029,Darkwave,2023
906,11768,LyricalReferenceTo,Dream Pop,2029,Dream Pop,2024
906,9300,InterpolatesFrom,Dream Pop,2029,,
912,3939,InterpolatesFrom,Indie Folk,2017,Space Rock,2013
917,14816,InterpolatesFrom,,,,
917,6915,InterpolatesFrom,,,Symphonic Metal,2014
917,14097,LyricalReferenceTo,,,Psychedelic Rock,2007
917,16512,InterpolatesFrom,,,Americana,2013
917,10218,CoverOf,,,Americana,2013
917,16478,DirectlySamples,,,,
917,15298,InStyleOf,,,Dream Pop,2010
917,14075,LyricalReferenceTo,,,Psychedelic Rock,2010
917,13941,LyricalReferenceTo,,,Synthwave,2010
917,9962,InStyleOf,,,,
917,3252,InterpolatesFrom,,,Psychedelic Rock,2015
917,7435,InStyleOf,,,Psychedelic Rock,2010
922,9641,InStyleOf,,,Alternative Rock,2012
922,14893,LyricalReferenceTo,,,Synthwave,2007
925,6344,InterpolatesFrom,Indie Folk,2027,Desert Rock,2024
925,14762,InterpolatesFrom,Indie Folk,2027,Oceanus Folk,2017
925,16485,InStyleOf,Indie Folk,2027,Dream Pop,2024
933,6368,CoverOf,Dream Pop,1998,Synthwave,1994
940,8680,CoverOf,Lo-Fi Electronica,2028,,
940,4781,InStyleOf,Lo-Fi Electronica,2028,Lo-Fi Electronica,2003
940,2277,InStyleOf,Lo-Fi Electronica,2028,Lo-Fi Electronica,2004
940,966,InStyleOf,Lo-Fi Electronica,2028,Lo-Fi Electronica,2003
940,6072,LyricalReferenceTo,Lo-Fi Electronica,2028,Synthwave,1998
945,15622,InStyleOf,Doom Metal,2017,Doom Metal,1997
951,9884,CoverOf,,,Psychedelic Rock,2009
951,9077,LyricalReferenceTo,,,Doom Metal,2007
951,10319,CoverOf,,,Psychedelic Rock,2014
962,6006,InStyleOf,Indie Folk,2013,Doom Metal,2004
970,9123,InterpolatesFrom,Alternative Rock,2022,Southern Gothic Rock,2004
970,13188,InterpolatesFrom,Alternative Rock,2022,Indie Rock,2007
970,15040,InStyleOf,Alternative Rock,2022,,
970,14961,InStyleOf,Alternative Rock,2022,Synthwave,1987
970,9526,LyricalReferenceTo,Alternative Rock,2022,Synthwave,2001
974,9884,InStyleOf,Psychedelic Rock,2023,Psychedelic Rock,2009
974,12515,InStyleOf,Psychedelic Rock,2023,,
980,15622,InterpolatesFrom,Indie Folk,2020,Doom Metal,1997
985,15966,InStyleOf,Dream Pop,2025,Southern Gothic Rock,2016
985,12596,LyricalReferenceTo,Dream Pop,2025,Psychedelic Rock,1989
985,7531,LyricalReferenceTo,Dream Pop,2025,Southern Gothic Rock,1992
999,9884,InterpolatesFrom,Americana,2027,Psychedelic Rock,2009
1007,10063,CoverOf,Indie Rock,2027,Post-Apocalyptic Folk,2024
1012,10361,DirectlySamples,,,Post-Apocalyptic Folk,2011
1024,13214,InterpolatesFrom,Dream Pop,2029,Darkwave,2026
1024,1242,CoverOf,Dream Pop,2029,Dream Pop,2020
1024,6920,InterpolatesFrom,Dream Pop,2029,Darkwave,2023
1024,1431,InterpolatesFrom,Dream Pop,2029,Darkwave,2017
1033,3402,DirectlySamples,Dream Pop,2028,Dream Pop,2024
1051,6587,InStyleOf,Dream Pop,2010,,
1057,7116,InStyleOf,,,Doom Metal,2007
1057,10673,InStyleOf,,,Doom Metal,2013
1062,9884,CoverOf,,,Psychedelic Rock,2009
1069,1841,LyricalReferenceTo,Synthwave,2026,Indie Folk,2010
1069,16524,CoverOf,Synthwave,2026,Oceanus Folk,2013
1069,3025,InStyleOf,Synthwave,2026,Oceanus Folk,2017
1076,3991,CoverOf,Dream Pop,2025,Synthwave,2021
1080,9749,InterpolatesFrom,,,,
1080,2215,CoverOf,,,Americana,2023
1080,11608,InStyleOf,,,Americana,2024
1080,8823,InStyleOf,,,Space Rock,2025
1080,3609,LyricalReferenceTo,,,Dream Pop,2026
1080,3993,InStyleOf,,,Dream Pop,2025
1091,6006,InStyleOf,Space Rock,2026,Doom Metal,2004
1096,6245,LyricalReferenceTo,,,Emo/Pop Punk,1989
1096,10515,LyricalReferenceTo,,,Indie Pop,1992
1096,14661,InterpolatesFrom,,,,
1096,5109,InterpolatesFrom,,,Emo/Pop Punk,2004
1096,5232,InStyleOf,,,Emo/Pop Punk,2009
1096,14671,CoverOf,,,Emo/Pop Punk,2002
1096,11240,InStyleOf,,,Emo/Pop Punk,2004
1101,2615,InStyleOf,,,,
1113,7026,InterpolatesFrom,,,Americana,1983
1117,12997,LyricalReferenceTo,Alternative Rock,1989,Alternative Rock,1987
1120,239,CoverOf,Dream Pop,2018,,
1130,11813,LyricalReferenceTo,Alternative Rock,2017,Alternative Rock,2006
1135,690,CoverOf,Dream Pop,2000,,
1136,11023,LyricalReferenceTo,Dream Pop,2027,Dream Pop,2023
1136,16090,InterpolatesFrom,Dream Pop,2027,Synthpop,2017
1140,827,InterpolatesFrom,Lo-Fi Electronica,2018,Lo-Fi Electronica,2006
1140,12517,InStyleOf,Lo-Fi Electronica,2018,Lo-Fi Electronica,2007
1140,1265,CoverOf,Lo-Fi Electronica,2018,,
1140,10574,InterpolatesFrom,Lo-Fi Electronica,2018,Lo-Fi Electronica,2007
1140,14768,InStyleOf,Lo-Fi Electronica,2018,Lo-Fi Electronica,2005
1140,11327,DirectlySamples,Lo-Fi Electronica,2018,Lo-Fi Electronica,1998
1140,12373,LyricalReferenceTo,Lo-Fi Electronica,2018,Lo-Fi Electronica,2005
1140,6785,LyricalReferenceTo,Lo-Fi Electronica,2018,Lo-Fi Electronica,2002
1140,4781,DirectlySamples,Lo-Fi Electronica,2018,Lo-Fi Electronica,2003
1140,1466,LyricalReferenceTo,Lo-Fi Electronica,2018,Lo-Fi Electronica,2015
1140,14512,InStyleOf,Lo-Fi Electronica,2018,Lo-Fi Electronica,1997
1140,966,InStyleOf,Lo-Fi Electronica,2018,Lo-Fi Electronica,2003
1140,13335,InStyleOf,Lo-Fi Electronica,2018,Lo-Fi Electronica,2002
1140,2467,DirectlySamples,Lo-Fi Electronica,2018,,
1140,2277,CoverOf,Lo-Fi Electronica,2018,Lo-Fi Electronica,2004
1145,8516,CoverOf,Dream Pop,2020,Psychedelic Rock,2017
1156,12650,LyricalReferenceTo,Synthwave,2022,Synthwave,2017
1156,3168,InterpolatesFrom,Synthwave,2022,Indie Folk,2019
1156,7604,CoverOf,Synthwave,2022,Dream Pop,2019
1156,15622,LyricalReferenceTo,Synthwave,2022,Doom Metal,1997
1156,3692,InStyleOf,Synthwave,2022,Synthwave,2017
1156,6177,InStyleOf,Synthwave,2022,,
1156,431,CoverOf,Synthwave,2022,,
1156,5887,CoverOf,Synthwave,2022,Doom Metal,1997
1162,2316,LyricalReferenceTo,Indie Folk,2013,Indie Folk,2010
1170,6315,CoverOf,Emo/Pop Punk,2004,Emo/Pop Punk,1987
1170,8230,CoverOf,Emo/Pop Punk,2004,Emo/Pop Punk,1989
1170,1955,InterpolatesFrom,Emo/Pop Punk,2004,Emo/Pop Punk,1985
1170,5284,LyricalReferenceTo,Emo/Pop Punk,2004,Blues Rock,1984
1170,10294,CoverOf,Emo/Pop Punk,2004,,
1172,1884,CoverOf,Doom Metal,2017,,
1177,4634,LyricalReferenceTo,Desert Rock,2026,Synthwave,2010
1185,12004,LyricalReferenceTo,Dream Pop,2026,Indie Folk,2013
1190,7799,DirectlySamples,Alternative Rock,2032,Blues Rock,1992
1190,12947,InStyleOf,Alternative Rock,2032,Blues Rock,2010
1190,16182,LyricalReferenceTo,Alternative Rock,2032,Southern Gothic Rock,1997
1205,9902,LyricalReferenceTo,,,Indie Pop,1991
1208,14136,InStyleOf,Space Rock,2028,Doom Metal,2013
1208,10550,InStyleOf,Space Rock,2028,,
1208,6860,InterpolatesFrom,Space Rock,2028,Space Rock,2026
1208,3688,LyricalReferenceTo,Space Rock,2028,Doom Metal,2026
1208,13019,InStyleOf,Space Rock,2028,,
1208,13574,InStyleOf,Space Rock,2028,Synthwave,2008
1208,1600,InterpolatesFrom,Space Rock,2028,Space Rock,2025
1213,2182,InterpolatesFrom,,,Dream Pop,1991
1217,15622,LyricalReferenceTo,Indie Folk,2017,Doom Metal,1997
1221,7266,InStyleOf,,,Dream Pop,2026
1236,15015,InterpolatesFrom,Doom Metal,2013,Doom Metal,2010
1236,15206,InStyleOf,Doom Metal,2013,Doom Metal,2007
1253,3025,InStyleOf,Oceanus Folk,2022,Oceanus Folk,2017
1256,16478,LyricalReferenceTo,Dream Pop,2029,,
1259,16719,CoverOf,Dream Pop,2018,,
1265,2467,InterpolatesFrom,,,,
1269,11495,LyricalReferenceTo,Indie Folk,2024,Americana,2015
1279,15622,InterpolatesFrom,Synthwave,2023,Doom Metal,1997
1279,6051,InterpolatesFrom,Synthwave,2023,,
1286,14266,LyricalReferenceTo,Dream Pop,2027,,
1286,6377,CoverOf,Dream Pop,2027,Dream Pop,2015
1286,3310,InStyleOf,Dream Pop,2027,Dream Pop,2014
1286,4666,InterpolatesFrom,Dream Pop,2027,Indie Folk,2000
1293,12475,InStyleOf,,,Southern Gothic Rock,1997
1293,2333,LyricalReferenceTo,,,Indie Pop,2000
1298,533,DirectlySamples,Dream Pop,2026,,
1298,10754,InterpolatesFrom,Dream Pop,2026,,
1298,12389,InStyleOf,Dream Pop,2026,Space Rock,2017
1307,14291,LyricalReferenceTo,,,Americana,2013
1307,1884,InStyleOf,,,,
1310,15998,InStyleOf,,,Alternative Rock,2028
1310,12089,CoverOf,,,,
1310,9143,InStyleOf,,,Indie Folk,2013
1310,14893,LyricalReferenceTo,,,Synthwave,2007
1313,1841,InStyleOf,Synthwave,2029,Indie Folk,2010
1313,6417,InStyleOf,Synthwave,2029,,
1313,15441,LyricalReferenceTo,Synthwave,2029,Oceanus Folk,2017
1326,12089,InterpolatesFrom,Jazz Surf Rock,1996,,
1333,14442,CoverOf,Jazz Surf Rock,2010,Jazz Surf Rock,2000
1333,9754,InStyleOf,Jazz Surf Rock,2010,,
1333,3508,CoverOf,Jazz Surf Rock,2010,,
1343,6006,CoverOf,,,Doom Metal,2004
1350,933,InStyleOf,Dream Pop,2007,Dream Pop,1998
1358,7278,InStyleOf,Dream Pop,2027,Synthwave,2022
1358,11526,InStyleOf,Dream Pop,2027,Psychedelic Rock,2019
1358,9014,InterpolatesFrom,Dream Pop,2027,Dream Pop,2024
1364,15343,LyricalReferenceTo,Speed Metal,2003,Speed Metal,1987
1364,4583,InStyleOf,Speed Metal,2003,Speed Metal,1983
1370,9007,InStyleOf,,,Doom Metal,2004
1370,10358,InStyleOf,,,,
1375,9388,InStyleOf,Synthwave,1990,Doom Metal,1987
1378,3252,InterpolatesFrom,,,Psychedelic Rock,2015
1384,13568,CoverOf,Alternative Rock,2028,,
1388,7026,InStyleOf,,,Americana,1983
1395,11251,LyricalReferenceTo,Dream Pop,2023,Indie Folk,2020
1395,10258,CoverOf,Dream Pop,2023,,
1402,6551,LyricalReferenceTo,,,Indie Folk,2014
1402,6006,InStyleOf,,,Doom Metal,2004
1402,6004,CoverOf,,,,
1402,15622,InStyleOf,,,Doom Metal,1997
1407,15198,InStyleOf,,,Dream Pop,2013
1411,14658,CoverOf,Southern Gothic Rock,2013,,
1411,11298,InStyleOf,Southern Gothic Rock,2013,,
1411,12475,InStyleOf,Southern Gothic Rock,2013,Southern Gothic Rock,1997
1411,3349,InStyleOf,Southern Gothic Rock,2013,Indie Pop,2002
1411,11368,InStyleOf,Southern Gothic Rock,2013,Southern Gothic Rock,2004
1411,1772,InStyleOf,Southern Gothic Rock,2013,Southern Gothic Rock,2010
1416,11805,CoverOf,,,Americana,1990
1425,4046,InterpolatesFrom,Doom Metal,2023,,
1435,3520,CoverOf,Oceanus Folk,2023,Oceanus Folk,2026
1440,2794,CoverOf,,,Southern Gothic Rock,2004
1440,14128,LyricalReferenceTo,,,Blues Rock,1994
1440,12821,LyricalReferenceTo,,,Blues Rock,1991
1447,8428,CoverOf,Doom Metal,2020,,
1455,8355,CoverOf,Synthwave,1994,Synthwave,1996
1466,4781,CoverOf,Lo-Fi Electronica,2015,Lo-Fi Electronica,2003
1466,966,InterpolatesFrom,Lo-Fi Electronica,2015,Lo-Fi Electronica,2003
1466,14512,InterpolatesFrom,Lo-Fi Electronica,2015,Lo-Fi Electronica,1997
1466,12517,InStyleOf,Lo-Fi Electronica,2015,Lo-Fi Electronica,2007
1466,10121,LyricalReferenceTo,Lo-Fi Electronica,2015,Lo-Fi Electronica,2007
1466,14768,InterpolatesFrom,Lo-Fi Electronica,2015,Lo-Fi Electronica,2005
1470,15622,InterpolatesFrom,Doom Metal,2004,Doom Metal,1997
1483,11141,InStyleOf,Psychedelic Rock,2027,,
1483,13480,InStyleOf,Psychedelic Rock,2027,Synthwave,2009
1483,12397,InterpolatesFrom,Psychedelic Rock,2027,Dream Pop,2007
1489,16457,InStyleOf,Oceanus Folk,2023,Oceanus Folk,2021
1489,1841,CoverOf,Oceanus Folk,2023,Indie Folk,2010
1489,6611,DirectlySamples,Oceanus Folk,2023,Oceanus Folk,2013
1502,16478,LyricalReferenceTo,Psychedelic Rock,2018,,
1508,9488,InterpolatesFrom,Doom Metal,2018,Synthwave,2012
1508,8593,InterpolatesFrom,Doom Metal,2018,Doom Metal,2007
1515,6556,InterpolatesFrom,Doom Metal,2029,Symphonic Metal,2027
1515,11342,LyricalReferenceTo,Doom Metal,2029,,
1515,3633,InterpolatesFrom,Doom Metal,2029,,
1515,7395,InStyleOf,Doom Metal,2029,Synthwave,2021
1520,827,LyricalReferenceTo,Lo-Fi Electronica,2023,Lo-Fi Electronica,2006
1524,16441,LyricalReferenceTo,Psychedelic Rock,2009,Psychedelic Rock,1999
1539,6454,CoverOf,Indie Pop,2019,Indie Pop,1991
1539,3596,InStyleOf,Indie Pop,2019,Avant-Garde Folk,2015
1544,485,InStyleOf,Southern Gothic Rock,2007,Southern Gothic Rock,1998
1550,3304,LyricalReferenceTo,Americana,2023,,
1571,16719,InStyleOf,Indie Rock,2026,,
1571,11230,InStyleOf,Indie Rock,2026,Psychedelic Rock,2020
1571,8215,InterpolatesFrom,Indie Rock,2026,,
1571,8888,LyricalReferenceTo,Indie Rock,2026,Indie Rock,2010
1571,7517,InStyleOf,Indie Rock,2026,Indie Rock,2023
1571,8516,InStyleOf,Indie Rock,2026,Psychedelic Rock,2017
1571,7450,InStyleOf,Indie Rock,2026,Doom Metal,2013
1585,9716,InterpolatesFrom,Dream Pop,2007,Americana,1991
1588,11780,InterpolatesFrom,,,Dream Pop,2027
1588,3199,DirectlySamples,,,,
1596,3743,InStyleOf,Indie Pop,2005,Southern Gothic Rock,1985
1600,11339,InterpolatesFrom,Space Rock,2025,Indie Rock,2024
1605,12089,InStyleOf,Synthwave,2000,,
1608,2614,CoverOf,,,Dream Pop,1990
1617,1841,CoverOf,Americana,2017,Indie Folk,2010
1620,13249,LyricalReferenceTo,,,,
1626,3376,CoverOf,Indie Folk,2020,Desert Rock,2013
1626,6762,DirectlySamples,Indie Folk,2020,Symphonic Metal,2007
1629,15754,InStyleOf,Desert Rock,2023,Indie Folk,2021
1629,2662,InterpolatesFrom,Desert Rock,2023,,
1629,12067,LyricalReferenceTo,Desert Rock,2023,Oceanus Folk,2024
1629,7640,InterpolatesFrom,Desert Rock,2023,Desert Rock,2017
1635,7947,InStyleOf,Synthpop,2026,,
1652,3323,InStyleOf,,,,
1652,16048,InStyleOf,,,Dream Pop,2017
1661,11033,InterpolatesFrom,Doom Metal,2013,Doom Metal,2004
1661,14086,InterpolatesFrom,Doom Metal,2013,Doom Metal,2005
1665,3194,LyricalReferenceTo,Oceanus Folk,2026,Oceanus Folk,2017
1671,14987,InterpolatesFrom,,,Doom Metal,2017
1680,10593,LyricalReferenceTo,Space Rock,2027,,
1680,467,DirectlySamples,Space Rock,2027,Post-Apocalyptic Folk,2020
1680,13568,InStyleOf,Space Rock,2027,,
1680,10035,InterpolatesFrom,Space Rock,2027,Post-Apocalyptic Folk,2026
1680,14830,InStyleOf,Space Rock,2027,Dream Pop,2029
1680,11097,CoverOf,Space Rock,2027,Darkwave,2019
1680,9259,LyricalReferenceTo,Space Rock,2027,Dream Pop,2024
1684,6072,LyricalReferenceTo,Dream Pop,2020,Synthwave,1998
1689,4849,LyricalReferenceTo,,,,
1693,10252,InStyleOf,Psychedelic Rock,2025,,
1709,10673,InStyleOf,Synthwave,2026,Doom Metal,2013
1709,7116,CoverOf,Synthwave,2026,Doom Metal,2007
1715,10281,InStyleOf,Dream Pop,2029,Synthwave,2016
1715,11331,InterpolatesFrom,Dream Pop,2029,,
1715,10747,DirectlySamples,Dream Pop,2029,Dream Pop,2019
1715,9030,LyricalReferenceTo,Dream Pop,2029,Indie Rock,2026
1715,14057,InStyleOf,Dream Pop,2029,Synthwave,2023
1715,12204,InStyleOf,Dream Pop,2029,Symphonic Metal,2024
1715,14223,CoverOf,Dream Pop,2029,Psychedelic Rock,2024
1738,5295,CoverOf,Doom Metal,2017,,
1742,15622,DirectlySamples,Indie Folk,2017,Doom Metal,1997
1757,15983,InterpolatesFrom,Avant-Garde Folk,2010,,
1772,2333,CoverOf,Southern Gothic Rock,2010,Indie Pop,2000
1772,1293,InStyleOf,Southern Gothic Rock,2010,,
1772,3349,InterpolatesFrom,Southern Gothic Rock,2010,Indie Pop,2002
1772,13811,InterpolatesFrom,Southern Gothic Rock,2010,,
1772,11368,InStyleOf,Southern Gothic Rock,2010,Southern Gothic Rock,2004
1773,8892,DirectlySamples,,,,
1773,467,InterpolatesFrom,,,Post-Apocalyptic Folk,2020
1773,12043,CoverOf,,,Dream Pop,2023
1773,13713,InStyleOf,,,Darkwave,2028
1773,14987,InStyleOf,,,Doom Metal,2017
1773,14401,CoverOf,,,Darkwave,2019
1779,11945,InterpolatesFrom,Indie Folk,2017,Doom Metal,2007
1783,10593,LyricalReferenceTo,Doom Metal,2024,,
1787,92,LyricalReferenceTo,Indie Folk,2026,Americana,2023
1787,12673,InterpolatesFrom,Indie Folk,2026,Americana,2013
1791,4849,CoverOf,Lo-Fi Electronica,2010,,
1791,2467,DirectlySamples,Lo-Fi Electronica,2010,,
1797,9948,LyricalReferenceTo,Americana,2028,Desert Rock,2020
1797,653,CoverOf,Americana,2028,,
1797,4675,InterpolatesFrom,Americana,2028,Desert Rock,2020
1797,9378,InStyleOf,Americana,2028,Psychedelic Rock,2024
1797,60,CoverOf,Americana,2028,Americana,2023
1797,15230,LyricalReferenceTo,Americana,2028,Dream Pop,2025
1797,14621,InterpolatesFrom,Americana,2028,Psychedelic Rock,2021
1804,11905,CoverOf,,,Alternative Rock,2004
1804,13421,InStyleOf,,,Dream Pop,1994
1804,10402,InStyleOf,,,Alternative Rock,2010
1804,10419,LyricalReferenceTo,,,Dream Pop,1997
1804,7100,LyricalReferenceTo,,,Alternative Rock,2012
1804,13208,InterpolatesFrom,,,Dream Pop,2007
1804,15734,InStyleOf,,,Alternative Rock,1997
1804,2510,LyricalReferenceTo,,,Dream Pop,1981
1807,5689,InStyleOf,Emo/Pop Punk,2009,Emo/Pop Punk,2006
1810,6210,LyricalReferenceTo,Lo-Fi Electronica,2028,Alternative Rock,2022
1813,16030,InStyleOf,,,Doom Metal,2004
1813,16158,CoverOf,,,Psychedelic Rock,2007
1813,298,CoverOf,,,Indie Folk,2013
1814,2333,InterpolatesFrom,,,Indie Pop,2000
1814,12475,InterpolatesFrom,,,Southern Gothic Rock,1997
1814,3349,InStyleOf,,,Indie Pop,2002
1814,11368,LyricalReferenceTo,,,Southern Gothic Rock,2004
1817,3497,InterpolatesFrom,,,,
1823,6417,CoverOf,,,,
1823,1841,InStyleOf,,,Indie Folk,2010
1823,15441,InStyleOf,,,Oceanus Folk,2017
1823,8153,InStyleOf,,,Oceanus Folk,2020
1823,9912,CoverOf,,,Oceanus Folk,2026
1830,467,DirectlySamples,Post-Apocalyptic Folk,2029,Post-Apocalyptic Folk,2020
1830,7897,LyricalReferenceTo,Post-Apocalyptic Folk,2029,Post-Apocalyptic Folk,2014
1830,3329,InterpolatesFrom,Post-Apocalyptic Folk,2029,Post-Apocalyptic Folk,2022
1830,5389,InterpolatesFrom,Post-Apocalyptic Folk,2029,Post-Apocalyptic Folk,2020
1849,9116,InStyleOf,Indie Folk,2027,Doom Metal,2020
1849,12245,LyricalReferenceTo,Indie Folk,2027,Indie Folk,2017
1849,14118,CoverOf,Indie Folk,2027,Indie Folk,2017
1849,3931,LyricalReferenceTo,Indie Folk,2027,Indie Folk,2023
1849,5777,CoverOf,Indie Folk,2027,Indie Folk,2013
1853,1018,InStyleOf,Avant-Garde Folk,2011,Alternative Rock,2008
1859,3730,InStyleOf,,,Oceanus Folk,2016
1863,12678,LyricalReferenceTo,Oceanus Folk,2013,Synthwave,2013
1863,9702,InStyleOf,Oceanus Folk,2013,Synthwave,2013
1863,1841,InStyleOf,Oceanus Folk,2013,Indie Folk,2010
1869,13062,CoverOf,Indie Rock,2013,Doom Metal,1994
1874,6994,DirectlySamples,Dream Pop,2023,Oceanus Folk,2017
1874,16582,LyricalReferenceTo,Dream Pop,2023,Oceanus Folk,2023
1880,2202,CoverOf,,,,
1880,14976,LyricalReferenceTo,,,Speed Metal,2010
1880,16724,LyricalReferenceTo,,,Speed Metal,2000
1880,16335,InStyleOf,,,Speed Metal,2017
1880,14239,LyricalReferenceTo,,,Speed Metal,2020
1884,15622,InterpolatesFrom,,,Doom Metal,1997
1888,14569,LyricalReferenceTo,Indie Folk,2017,Synthpop,2017
1895,12652,CoverOf,Desert Rock,2025,,
1898,15622,InterpolatesFrom,Dream Pop,2028,Doom Metal,1997
1902,10398,InStyleOf,Americana,2017,Indie Folk,2013
1902,15622,DirectlySamples,Americana,2017,Doom Metal,1997
1907,14969,LyricalReferenceTo,Synthwave,2021,,
1907,4046,CoverOf,Synthwave,2021,,
1907,9579,InStyleOf,Synthwave,2021,,
1907,13413,InStyleOf,Synthwave,2021,Indie Folk,2022
1915,13302,InterpolatesFrom,Synthwave,2023,Indie Rock,2020
1915,10747,InterpolatesFrom,Synthwave,2023,Dream Pop,2019
1915,10281,CoverOf,Synthwave,2023,Synthwave,2016
1915,11847,InterpolatesFrom,Synthwave,2023,Dream Pop,2023
1915,9995,InStyleOf,Synthwave,2023,Dream Pop,2018
1915,8245,DirectlySamples,Synthwave,2023,,
1915,10342,CoverOf,Synthwave,2023,Dream Pop,2017
1915,12043,LyricalReferenceTo,Synthwave,2023,Dream Pop,2023
1920,8236,InStyleOf,,,,
1920,7450,DirectlySamples,,,Doom Metal,2013
1927,16635,InStyleOf,,,,
1927,9129,CoverOf,,,Dream Pop,1986
1933,4167,InStyleOf,Avant-Garde Folk,2025,,
1933,2331,InterpolatesFrom,Avant-Garde Folk,2025,Blues Rock,2011
1933,8095,LyricalReferenceTo,Avant-Garde Folk,2025,Southern Gothic Rock,2006
1933,14510,InStyleOf,Avant-Garde Folk,2025,,
1933,6503,InterpolatesFrom,Avant-Garde Folk,2025,Emo/Pop Punk,2018
1933,15643,LyricalReferenceTo,Avant-Garde Folk,2025,Southern Gothic Rock,2016
1933,10503,DirectlySamples,Avant-Garde Folk,2025,Southern Gothic Rock,2013
1933,6674,CoverOf,Avant-Garde Folk,2025,Blues Rock,1984
1933,2927,InterpolatesFrom,Avant-Garde Folk,2025,Southern Gothic Rock,1987
1939,13990,InStyleOf,Space Rock,2026,Post-Apocalyptic Folk,2012
1939,10673,InStyleOf,Space Rock,2026,Doom Metal,2013
1939,7116,InterpolatesFrom,Space Rock,2026,Doom Metal,2007
1943,827,LyricalReferenceTo,,,Lo-Fi Electronica,2006
1943,11677,DirectlySamples,,,Lo-Fi Electronica,2009
1943,966,LyricalReferenceTo,,,Lo-Fi Electronica,2003
1943,13985,LyricalReferenceTo,,,Lo-Fi Electronica,2013
1943,14768,InStyleOf,,,Lo-Fi Electronica,2005
1943,13335,LyricalReferenceTo,,,Lo-Fi Electronica,2002
1943,2167,DirectlySamples,,,Lo-Fi Electronica,2007
1958,16620,CoverOf,Jazz Surf Rock,2026,,
1966,10975,CoverOf,Synthwave,2023,Synthwave,2018
1966,1057,CoverOf,Synthwave,2023,,
1966,5808,LyricalReferenceTo,Synthwave,2023,,
1966,5777,LyricalReferenceTo,Synthwave,2023,Indie Folk,2013
1966,10673,CoverOf,Synthwave,2023,Doom Metal,2013
1970,10111,CoverOf,Darkwave,2027,Darkwave,2019
1977,15622,DirectlySamples,,,Doom Metal,1997
1984,11056,DirectlySamples,Desert Rock,2029,,
1984,14118,LyricalReferenceTo,Desert Rock,2029,Indie Folk,2017
1984,7116,DirectlySamples,Desert Rock,2029,Doom Metal,2007
1984,11251,InStyleOf,Desert Rock,2029,Indie Folk,2020
1984,6521,LyricalReferenceTo,Desert Rock,2029,Doom Metal,2028
1991,8596,CoverOf,,,Dream Pop,2020
1996,11768,InStyleOf,Dream Pop,2026,Dream Pop,2024
2009,6635,InStyleOf,,,,
2009,6762,CoverOf,,,Symphonic Metal,2007
2009,7278,InterpolatesFrom,,,Synthwave,2022
2009,10761,LyricalReferenceTo,,,Symphonic Metal,2028
2013,5887,InterpolatesFrom,Synthwave,2017,Doom Metal,1997
2019,16256,LyricalReferenceTo,Dream Pop,2029,,
2026,1544,LyricalReferenceTo,Indie Pop,2023,Southern Gothic Rock,2007
2026,5051,LyricalReferenceTo,Indie Pop,2023,Emo/Pop Punk,1997
2030,10736,CoverOf,,,Space Rock,2023
2030,4981,CoverOf,,,Space Rock,2024
2034,9559,LyricalReferenceTo,,,Jazz Surf Rock,2004
2042,9068,CoverOf,,,,
2053,8055,LyricalReferenceTo,Emo/Pop Punk,2019,Alternative Rock,2004
2057,12673,LyricalReferenceTo,Indie Folk,2023,Americana,2013
2061,16719,CoverOf,,,,
2061,16409,InterpolatesFrom,,,Dream Pop,2024
2061,445,InterpolatesFrom,,,,
2061,2385,CoverOf,,,Dream Pop,2023
2068,3267,InterpolatesFrom,Southern Gothic Rock,1996,Indie Pop,1985
2078,9647,InStyleOf,Indie Pop,2026,Southern Gothic Rock,2006
2078,15715,InterpolatesFrom,Indie Pop,2026,Southern Gothic Rock,1993
2078,6946,CoverOf,Indie Pop,2026,Blues Rock,1992
2078,11363,InStyleOf,Indie Pop,2026,Blues Rock,2010
2082,6368,LyricalReferenceTo,Synthwave,1997,Synthwave,1994
2093,14082,CoverOf,Darkwave,2020,,
2093,12538,InStyleOf,Darkwave,2020,,
2093,6551,InStyleOf,Darkwave,2020,Indie Folk,2014
2093,4818,DirectlySamples,Darkwave,2020,Doom Metal,2018
2099,298,InterpolatesFrom,Doom Metal,2023,Indie Folk,2013
2099,8888,DirectlySamples,Doom Metal,2023,Indie Rock,2010
2099,5331,InStyleOf,Doom Metal,2023,Synthwave,2017
2099,10596,LyricalReferenceTo,Doom Metal,2023,Indie Folk,2013
2102,12678,CoverOf,,,Synthwave,2013
2102,1863,CoverOf,,,Oceanus Folk,2013
2102,9335,InStyleOf,,,Indie Rock,2016
2107,12998,LyricalReferenceTo,Dream Pop,2007,Dream Pop,1994
2107,16210,InStyleOf,Dream Pop,2007,Dream Pop,2006
2112,16605,LyricalReferenceTo,Blues Rock,2013,Indie Rock,2004
2120,6901,InStyleOf,Indie Folk,2017,Indie Folk,2010
2124,15622,InStyleOf,Synthwave,2024,Doom Metal,1997
2124,525,InStyleOf,Synthwave,2024,Doom Metal,2007
2124,2956,InStyleOf,Synthwave,2024,Indie Folk,2008
2130,7830,InterpolatesFrom,Dream Pop,2029,Space Rock,2016
2130,10657,InStyleOf,Dream Pop,2029,Dream Pop,2017
2143,7624,DirectlySamples,,,Synthpop,2020
2161,14945,CoverOf,Desert Rock,2017,,
2167,14512,CoverOf,Lo-Fi Electronica,2007,Lo-Fi Electronica,1997
2167,4781,InStyleOf,Lo-Fi Electronica,2007,Lo-Fi Electronica,2003
2169,6417,InterpolatesFrom,Oceanus Folk,2026,,
2169,1841,InStyleOf,Oceanus Folk,2026,Indie Folk,2010
2174,1412,LyricalReferenceTo,Indie Pop,1990,Indie Pop,1984
2175,15622,LyricalReferenceTo,Synthwave,2010,Doom Metal,1997
2186,4770,CoverOf,,,Synthwave,2007
2186,5535,DirectlySamples,,,Doom Metal,2001
2197,12817,InStyleOf,,,Synthwave,2000
2206,12041,CoverOf,,,Southern Gothic Rock,2004
2208,12382,InStyleOf,Emo/Pop Punk,2019,Alternative Rock,2011
2208,16702,DirectlySamples,Emo/Pop Punk,2019,Avant-Garde Folk,1997
2208,5455,LyricalReferenceTo,Emo/Pop Punk,2019,Southern Gothic Rock,1999
2212,3668,DirectlySamples,Doom Metal,2016,Doom Metal,2004
2212,5887,InStyleOf,Doom Metal,2016,Doom Metal,1997
2212,3633,LyricalReferenceTo,Doom Metal,2016,,
2223,4880,InterpolatesFrom,Alternative Rock,2026,Alternative Rock,2016
2223,11558,InterpolatesFrom,Alternative Rock,2026,Alternative Rock,2015
2234,14045,InStyleOf,Lo-Fi Electronica,2025,Lo-Fi Electronica,2011
2234,13335,InterpolatesFrom,Lo-Fi Electronica,2025,Lo-Fi Electronica,2002
2238,10437,InStyleOf,Synthwave,2009,Dream Pop,2007
2238,6006,LyricalReferenceTo,Synthwave,2009,Doom Metal,2004
2243,14335,LyricalReferenceTo,Synthpop,2013,Synthpop,2004
2256,2073,CoverOf,Jazz Surf Rock,2010,Doom Metal,1994
2260,3730,InStyleOf,Symphonic Metal,2029,Oceanus Folk,2016
2260,12079,InStyleOf,Symphonic Metal,2029,Synthwave,2021
2260,3168,DirectlySamples,Symphonic Metal,2029,Indie Folk,2019
2260,12045,CoverOf,Symphonic Metal,2029,Psychedelic Rock,2024
2260,12886,InStyleOf,Symphonic Metal,2029,Dream Pop,2028
2267,12009,LyricalReferenceTo,Dream Pop,2030,,
2272,3501,DirectlySamples,Space Rock,2022,Oceanus Folk,2007
2272,14965,LyricalReferenceTo,Space Rock,2022,Doom Metal,2010
2272,13324,DirectlySamples,Space Rock,2022,Oceanus Folk,2004
2277,11327,CoverOf,Lo-Fi Electronica,2004,Lo-Fi Electronica,1998
2277,6785,LyricalReferenceTo,Lo-Fi Electronica,2004,Lo-Fi Electronica,2002
2277,2467,InterpolatesFrom,Lo-Fi Electronica,2004,,
2277,6072,InStyleOf,Lo-Fi Electronica,2004,Synthwave,1998
2277,14512,InStyleOf,Lo-Fi Electronica,2004,Lo-Fi Electronica,1997
2284,15622,LyricalReferenceTo,Synthwave,2023,Doom Metal,1997
2284,4362,CoverOf,Synthwave,2023,Synthwave,2013
2292,11033,InStyleOf,Indie Folk,2020,Doom Metal,2004
2292,9115,InStyleOf,Indie Folk,2020,,
2303,7012,InStyleOf,Alternative Rock,2025,,
2303,3512,InterpolatesFrom,Alternative Rock,2025,Indie Pop,2013
2307,892,DirectlySamples,Synthwave,2026,,
2307,438,CoverOf,Synthwave,2026,Dream Pop,2010
2323,12395,InStyleOf,,,Indie Folk,2020
2327,7138,CoverOf,Speed Metal,2025,Speed Metal,2019
2327,16421,InStyleOf,Speed Metal,2025,Speed Metal,2010
2331,5802,InStyleOf,Blues Rock,2011,Indie Pop,1984
2331,6674,LyricalReferenceTo,Blues Rock,2011,Blues Rock,1984
2333,9772,DirectlySamples,Indie Pop,2000,Indie Pop,1997
2333,12475,LyricalReferenceTo,Indie Pop,2000,Southern Gothic Rock,1997
2333,12822,InterpolatesFrom,Indie Pop,2000,Southern Gothic Rock,1999
2335,15409,InterpolatesFrom,,,Dream Pop,2019
2350,7036,DirectlySamples,Blues Rock,2007,Indie Pop,1987
2350,9100,LyricalReferenceTo,Blues Rock,2007,,
2350,2807,InStyleOf,Blues Rock,2007,Blues Rock,1984
2357,15034,InStyleOf,Alternative Rock,2026,Alternative Rock,1997
2360,4006,LyricalReferenceTo,Indie Rock,2017,Indie Rock,2007
2360,1244,InterpolatesFrom,Indie Rock,2017,,
2364,7851,CoverOf,Doom Metal,2020,,
2364,9488,InterpolatesFrom,Doom Metal,2020,Synthwave,2012
2373,12934,LyricalReferenceTo,,,,
2373,13249,LyricalReferenceTo,,,,
2379,6994,InStyleOf,Synthpop,2027,Oceanus Folk,2017
2385,445,DirectlySamples,Dream Pop,2023,,
2391,2899,InStyleOf,,,,
2402,6293,CoverOf,Post-Apocalyptic Folk,2029,Dream Pop,2025
2402,5389,CoverOf,Post-Apocalyptic Folk,2029,Post-Apocalyptic Folk,2020
2402,11819,CoverOf,Post-Apocalyptic Folk,2029,Dream Pop,2025
2406,9256,DirectlySamples,Symphonic Metal,2029,Symphonic Metal,2027
2413,5233,CoverOf,Dream Pop,2026,,
2413,11432,CoverOf,Dream Pop,2026,Dream Pop,2010
2415,14799,LyricalReferenceTo,,,Dream Pop,2011
2418,5706,DirectlySamples,Dream Pop,2028,,
2433,6180,InStyleOf,Dream Pop,2020,Desert Rock,2010
2433,6643,InStyleOf,Dream Pop,2020,Indie Folk,2013
2436,16487,DirectlySamples,Indie Folk,2020,Indie Folk,2020
2440,15089,InterpolatesFrom,,,Synthwave,1999
2440,11432,CoverOf,,,Dream Pop,2010
2440,5233,InStyleOf,,,,
2440,933,CoverOf,,,Dream Pop,1998
2445,15622,LyricalReferenceTo,Doom Metal,2007,Doom Metal,1997
2446,5826,InterpolatesFrom,Indie Folk,2024,Desert Rock,2020
2454,14389,InStyleOf,Synthwave,2030,Synthwave,2017
2454,15754,LyricalReferenceTo,Synthwave,2030,Indie Folk,2021
2454,14272,LyricalReferenceTo,Synthwave,2030,Dream Pop,2022
2454,3451,CoverOf,Synthwave,2030,,
2454,16048,LyricalReferenceTo,Synthwave,2030,Dream Pop,2017
2461,1611,InStyleOf,Doom Metal,2017,Indie Rock,2015
2475,13758,DirectlySamples,Alternative Rock,2026,Indie Folk,2013
2475,15622,InStyleOf,Alternative Rock,2026,Doom Metal,1997
2479,1857,InStyleOf,Indie Rock,2009,Indie Rock,2006
2480,9488,InStyleOf,,,Synthwave,2012
2480,4814,InStyleOf,,,Doom Metal,2015
2486,12104,InStyleOf,Doom Metal,2023,,
2493,1293,InStyleOf,Southern Gothic Rock,2012,,
2493,1772,LyricalReferenceTo,Southern Gothic Rock,2012,Southern Gothic Rock,2010
2493,11368,CoverOf,Southern Gothic Rock,2012,Southern Gothic Rock,2004
2493,9772,CoverOf,Southern Gothic Rock,2012,Indie Pop,1997
2493,12822,InterpolatesFrom,Southern Gothic Rock,2012,Southern Gothic Rock,1999
2493,11298,InterpolatesFrom,Southern Gothic Rock,2012,,
2493,14658,InStyleOf,Southern Gothic Rock,2012,,
2495,2510,InStyleOf,Dream Pop,2021,Dream Pop,1981
2495,9871,InStyleOf,Dream Pop,2021,,
2500,15007,CoverOf,Dream Pop,2008,Synthwave,2003
2505,11945,LyricalReferenceTo,,,Doom Metal,2007
2515,9547,CoverOf,Dream Pop,2023,Dream Pop,2020
2525,5455,LyricalReferenceTo,Alternative Rock,2028,Southern Gothic Rock,1999
2525,15396,LyricalReferenceTo,Alternative Rock,2028,Avant-Garde Folk,2023
2530,15622,CoverOf,,,Doom Metal,1997
2534,15745,InterpolatesFrom,,,,
2534,13820,InStyleOf,,,Lo-Fi Electronica,2025
2534,14045,CoverOf,,,Lo-Fi Electronica,2011
2534,827,LyricalReferenceTo,,,Lo-Fi Electronica,2006
2534,7977,DirectlySamples,,,Indie Pop,2014
2541,13049,InterpolatesFrom,Dream Pop,2027,Psychedelic Rock,2025
2541,445,InStyleOf,Dream Pop,2027,,
2549,15633,CoverOf,Alternative Rock,2017,Alternative Rock,2007
2549,13379,LyricalReferenceTo,Alternative Rock,2017,Alternative Rock,1992
2549,12010,InterpolatesFrom,Alternative Rock,2017,Alternative Rock,2003
2549,14749,InterpolatesFrom,Alternative Rock,2017,Alternative Rock,2010
2555,4653,InterpolatesFrom,Dream Pop,2029,Synthwave,2014
2561,12678,CoverOf,,,Synthwave,2013
2567,9884,LyricalReferenceTo,Post-Apocalyptic Folk,2022,Psychedelic Rock,2009
2567,7897,LyricalReferenceTo,Post-Apocalyptic Folk,2022,Post-Apocalyptic Folk,2014
2567,14322,CoverOf,Post-Apocalyptic Folk,2022,Post-Apocalyptic Folk,2013
2567,9716,InterpolatesFrom,Post-Apocalyptic Folk,2022,Americana,1991
2567,5389,DirectlySamples,Post-Apocalyptic Folk,2022,Post-Apocalyptic Folk,2020
2567,8159,LyricalReferenceTo,Post-Apocalyptic Folk,2022,Americana,2021
2576,15622,DirectlySamples,Indie Folk,2020,Doom Metal,1997
2582,5680,InStyleOf,Dream Pop,2024,Americana,2020
2586,7632,CoverOf,Americana,2024,Dream Pop,2022
2596,14291,InStyleOf,Dream Pop,2026,Americana,2013
2596,10709,DirectlySamples,Dream Pop,2026,,
2596,13246,InStyleOf,Dream Pop,2026,,
2604,11251,InStyleOf,Dream Pop,2026,Indie Folk,2020
2608,15622,LyricalReferenceTo,Doom Metal,2013,Doom Metal,1997
2616,8888,InStyleOf,Americana,2020,Indie Rock,2010
2625,16621,LyricalReferenceTo,Alternative Rock,2004,Jazz Surf Rock,2001
2633,2567,LyricalReferenceTo,,,Post-Apocalyptic Folk,2022
2633,14322,InStyleOf,,,Post-Apocalyptic Folk,2013
2633,10412,CoverOf,,,,
2633,2687,InterpolatesFrom,,,Space Rock,2016
2633,14469,DirectlySamples,,,Space Rock,2026
2633,1907,InterpolatesFrom,,,Synthwave,2021
2639,7574,InStyleOf,Speed Metal,2003,Speed Metal,1989
2641,7250,InStyleOf,Indie Rock,2024,Doom Metal,2013
2647,16665,DirectlySamples,Doom Metal,2023,Doom Metal,2017
2649,3633,LyricalReferenceTo,Doom Metal,2013,,
2655,9650,InStyleOf,Speed Metal,2006,,
2658,8815,InterpolatesFrom,Dream Pop,2007,,
2658,6342,LyricalReferenceTo,Dream Pop,2007,Dream Pop,2004
2662,1841,DirectlySamples,,,Indie Folk,2010
2666,16296,CoverOf,,,Southern Gothic Rock,1997
2666,5110,InStyleOf,,,Indie Pop,1991
2666,6868,InStyleOf,,,,
2666,8997,InStyleOf,,,Southern Gothic Rock,2009
2666,10549,InStyleOf,,,Indie Pop,1993
2666,16495,InStyleOf,,,Southern Gothic Rock,1997
2666,6745,CoverOf,,,Indie Pop,1994
2666,9902,CoverOf,,,Indie Pop,1991
2666,12979,LyricalReferenceTo,,,,
2676,6762,LyricalReferenceTo,Indie Folk,2020,Symphonic Metal,2007
2679,15578,DirectlySamples,Blues Rock,2007,Indie Pop,1987
2679,13197,InterpolatesFrom,Blues Rock,2007,Blues Rock,1997
2683,6616,InStyleOf,,,Indie Rock,2011
2683,13985,InterpolatesFrom,,,Lo-Fi Electronica,2013
2683,1857,LyricalReferenceTo,,,Indie Rock,2006
2683,876,LyricalReferenceTo,,,Indie Rock,2010
2684,8832,InStyleOf,Emo/Pop Punk,2026,,
2684,806,LyricalReferenceTo,Emo/Pop Punk,2026,Southern Gothic Rock,2002
2696,14086,InStyleOf,Doom Metal,2010,Doom Metal,2005
2696,13480,InterpolatesFrom,Doom Metal,2010,Synthwave,2009
2696,9454,DirectlySamples,Doom Metal,2010,,
2701,15622,DirectlySamples,Americana,2029,Doom Metal,1997
2701,10641,CoverOf,Americana,2029,Dream Pop,2027
2701,5680,LyricalReferenceTo,Americana,2029,Americana,2020
2701,1195,CoverOf,Americana,2029,,
2709,7435,InStyleOf,,,Psychedelic Rock,2010
2709,16607,InStyleOf,,,Synthwave,2010
2709,14322,InStyleOf,,,Post-Apocalyptic Folk,2013
2714,11528,LyricalReferenceTo,Americana,2024,Desert Rock,2007
2714,12397,LyricalReferenceTo,Americana,2024,Dream Pop,2007
2720,9947,LyricalReferenceTo,Alternative Rock,2009,,
2724,4652,InterpolatesFrom,Dream Pop,2023,,
2734,2347,LyricalReferenceTo,Post-Apocalyptic Folk,2020,Post-Apocalyptic Folk,2015
2738,12162,InterpolatesFrom,,,Alternative Rock,2018
2743,16741,InStyleOf,Southern Gothic Rock,2007,Southern Gothic Rock,1994
2748,13986,LyricalReferenceTo,,,Dream Pop,2010
2761,14590,InterpolatesFrom,Dream Pop,2007,Synthwave,1994
2768,8055,InStyleOf,Alternative Rock,2015,Alternative Rock,2004
2770,9115,CoverOf,Synthwave,2013,,
2775,11097,LyricalReferenceTo,Dream Pop,2027,Darkwave,2019
2779,6322,InStyleOf,Psychedelic Rock,2026,Desert Rock,2013
2784,1841,LyricalReferenceTo,,,Indie Folk,2010
2794,12821,InterpolatesFrom,Southern Gothic Rock,2004,Blues Rock,1991
2794,14128,DirectlySamples,Southern Gothic Rock,2004,Blues Rock,1994
2831,8201,LyricalReferenceTo,Synthpop,2026,Symphonic Metal,2023
2831,5952,LyricalReferenceTo,Synthpop,2026,Indie Rock,2024
2831,13658,InterpolatesFrom,Synthpop,2026,Synthwave,2023
2838,16262,InStyleOf,Dream Pop,2012,,
2848,827,InterpolatesFrom,Lo-Fi Electronica,2010,Lo-Fi Electronica,2006
2851,2628,InStyleOf,Southern Gothic Rock,2027,,
2852,3154,DirectlySamples,,,Americana,2010
2858,9483,InterpolatesFrom,Dream Pop,2023,,
2863,13724,InStyleOf,Indie Rock,2022,Synthwave,2013
2863,4777,InterpolatesFrom,Indie Rock,2022,Synthwave,2014
2863,821,LyricalReferenceTo,Indie Rock,2022,Indie Folk,2007
2865,15396,CoverOf,Blues Rock,2026,Avant-Garde Folk,2023
2865,4510,CoverOf,Blues Rock,2026,Emo/Pop Punk,1990
2865,3085,DirectlySamples,Blues Rock,2026,Indie Pop,2008
2867,13094,CoverOf,Doom Metal,2009,Dream Pop,2008
2873,3160,LyricalReferenceTo,,,Symphonic Metal,2017
2879,11569,CoverOf,Dream Pop,2017,Indie Rock,2008
2887,1841,InterpolatesFrom,Synthwave,2029,Indie Folk,2010
2889,5687,InStyleOf,,,Indie Folk,2010
2889,14281,CoverOf,,,Synthwave,2017
2889,13681,CoverOf,,,Indie Folk,2010
2889,8931,CoverOf,,,Indie Folk,2010
2889,6427,CoverOf,,,,
2889,9200,CoverOf,,,Indie Folk,2027
2889,3316,CoverOf,,,Desert Rock,2023
2889,7074,InStyleOf,,,Indie Folk,2017
2906,6368,CoverOf,Dream Pop,2020,Synthwave,1994
2906,7680,InterpolatesFrom,Dream Pop,2020,Dream Pop,2015
2915,3986,LyricalReferenceTo,,,Americana,2015
2915,6293,LyricalReferenceTo,,,Dream Pop,2025
2921,11195,CoverOf,,,,
2927,6674,InterpolatesFrom,Southern Gothic Rock,1987,Blues Rock,1984
2927,11172,CoverOf,Southern Gothic Rock,1987,Southern Gothic Rock,1989
2928,12367,DirectlySamples,,,Indie Folk,2007
2931,15306,InStyleOf,Symphonic Metal,2013,Psychedelic Rock,2004
2931,6901,InStyleOf,Symphonic Metal,2013,Indie Folk,2010
2933,15791,InterpolatesFrom,Dream Pop,2029,Dream Pop,2018
2937,5432,CoverOf,Dream Pop,2017,Synthwave,2004
2959,10412,InStyleOf,,,,
2959,7278,InterpolatesFrom,,,Synthwave,2022
2959,13413,CoverOf,,,Indie Folk,2022
2959,438,InterpolatesFrom,,,Dream Pop,2010
2959,308,CoverOf,,,Dream Pop,2014
2963,13990,InStyleOf,,,Post-Apocalyptic Folk,2012
2972,10085,LyricalReferenceTo,Dream Pop,2032,,
2972,13357,InStyleOf,Dream Pop,2032,,
2972,16495,LyricalReferenceTo,Dream Pop,2032,Southern Gothic Rock,1997
2972,12042,InStyleOf,Dream Pop,2032,Southern Gothic Rock,2014
2972,6868,LyricalReferenceTo,Dream Pop,2032,,
2975,12366,InterpolatesFrom,Space Rock,2024,,
2982,11612,DirectlySamples,Psychedelic Rock,2016,Indie Folk,2010
2996,6624,CoverOf,Dream Pop,2017,Indie Folk,2013
2996,12817,LyricalReferenceTo,Dream Pop,2017,Synthwave,2000
3002,6762,InStyleOf,Synthwave,2023,Symphonic Metal,2007
3008,13873,InStyleOf,Dream Pop,2021,Synthwave,2016
3008,13941,InterpolatesFrom,Dream Pop,2021,Synthwave,2010
3013,6271,LyricalReferenceTo,Alternative Rock,2010,,
3025,1841,DirectlySamples,Oceanus Folk,2017,Indie Folk,2010
3025,16524,InterpolatesFrom,Oceanus Folk,2017,Oceanus Folk,2013
3031,12205,LyricalReferenceTo,,,Dream Pop,2015
3031,8858,InterpolatesFrom,,,Oceanus Folk,2026
3037,3025,CoverOf,Oceanus Folk,2020,Oceanus Folk,2017
3037,1841,CoverOf,Oceanus Folk,2020,Indie Folk,2010
3037,12150,CoverOf,Oceanus Folk,2020,Indie Folk,2007
3043,14969,InStyleOf,Americana,2024,,
3049,13525,InterpolatesFrom,,,Alternative Rock,1987
3053,1841,LyricalReferenceTo,Desert Rock,2024,Indie Folk,2010
3053,6611,InterpolatesFrom,Desert Rock,2024,Oceanus Folk,2013
3056,16653,InStyleOf,Dream Pop,2022,Dream Pop,2023
3064,13104,InStyleOf,Desert Rock,2023,Synthwave,1997
3064,14136,InStyleOf,Desert Rock,2023,Doom Metal,2013
3067,1502,LyricalReferenceTo,Americana,2029,Psychedelic Rock,2018
3076,3194,LyricalReferenceTo,Indie Folk,2023,Oceanus Folk,2017
3080,11365,InterpolatesFrom,Avant-Garde Folk,2017,Southern Gothic Rock,2016
3080,13680,InterpolatesFrom,Avant-Garde Folk,2017,Indie Pop,2016
3080,15388,CoverOf,Avant-Garde Folk,2017,Avant-Garde Folk,2015
3080,16035,InterpolatesFrom,Avant-Garde Folk,2017,Avant-Garde Folk,2004
3080,14644,LyricalReferenceTo,Avant-Garde Folk,2017,Avant-Garde Folk,2010
3087,438,InterpolatesFrom,,,Dream Pop,2010
3088,6006,InterpolatesFrom,Psychedelic Rock,2021,Doom Metal,2004
3093,8596,LyricalReferenceTo,,,Dream Pop,2020
3094,16162,InterpolatesFrom,Jazz Surf Rock,2023,,
3094,632,InStyleOf,Jazz Surf Rock,2023,Alternative Rock,2012
3094,8055,LyricalReferenceTo,Jazz Surf Rock,2023,Alternative Rock,2004
3094,7222,InStyleOf,Jazz Surf Rock,2023,Alternative Rock,2010
3100,16441,InStyleOf,Post-Apocalyptic Folk,2005,Psychedelic Rock,1999
3106,2615,CoverOf,Southern Gothic Rock,2001,,
3106,1101,DirectlySamples,Southern Gothic Rock,2001,,
3106,9236,CoverOf,Southern Gothic Rock,2001,Southern Gothic Rock,1992
3110,1476,CoverOf,Dream Pop,2025,Americana,2013
3115,4618,InStyleOf,,,,
3115,16372,CoverOf,,,,
3115,2068,InStyleOf,,,Southern Gothic Rock,1996
3118,6006,CoverOf,,,Doom Metal,2004
3118,10608,CoverOf,,,Space Rock,2017
3118,6564,LyricalReferenceTo,,,Space Rock,2019
3118,13246,LyricalReferenceTo,,,,
3123,16702,InStyleOf,Indie Pop,2005,Avant-Garde Folk,1997
3123,5455,LyricalReferenceTo,Indie Pop,2005,Southern Gothic Rock,1999
3136,15358,InterpolatesFrom,Desert Rock,2027,Doom Metal,2013
3136,3332,LyricalReferenceTo,Desert Rock,2027,Indie Folk,2020
3136,6006,InterpolatesFrom,Desert Rock,2027,Doom Metal,2004
3136,2238,LyricalReferenceTo,Desert Rock,2027,Synthwave,2009
3139,4583,CoverOf,Synthpop,2007,Speed Metal,1983
3139,15343,InStyleOf,Synthpop,2007,Speed Metal,1987
3144,9962,InStyleOf,,,,
3151,5891,LyricalReferenceTo,Alternative Rock,2015,Dream Pop,2008
3151,2510,InStyleOf,Alternative Rock,2015,Dream Pop,1981
3151,13421,LyricalReferenceTo,Alternative Rock,2015,Dream Pop,1994
3151,14799,InterpolatesFrom,Alternative Rock,2015,Dream Pop,2011
3151,5074,CoverOf,Alternative Rock,2015,,
3151,2279,InStyleOf,Alternative Rock,2015,Dream Pop,2005
3151,6473,CoverOf,Alternative Rock,2015,Dream Pop,2014
3151,2658,DirectlySamples,Alternative Rock,2015,Dream Pop,2007
3160,2577,InStyleOf,Symphonic Metal,2017,Synthwave,2013
3160,9716,InStyleOf,Symphonic Metal,2017,Americana,1991
3163,14094,DirectlySamples,,,Speed Metal,1998
3163,6674,InterpolatesFrom,,,Blues Rock,1984
3174,12120,InterpolatesFrom,Dream Pop,2029,,
3174,7374,InStyleOf,Dream Pop,2029,Dream Pop,2028
3174,10185,CoverOf,Dream Pop,2029,Dream Pop,2026
3174,12794,LyricalReferenceTo,Dream Pop,2029,Dream Pop,2021
3183,4335,InterpolatesFrom,Southern Gothic Rock,2029,Southern Gothic Rock,1991
3183,15390,InStyleOf,Southern Gothic Rock,2029,Indie Pop,2006
3186,9797,LyricalReferenceTo,Dream Pop,2028,Doom Metal,2023
3186,5887,DirectlySamples,Dream Pop,2028,Doom Metal,1997
3194,11836,LyricalReferenceTo,Oceanus Folk,2017,,
3205,15048,InStyleOf,,,Desert Rock,2023
3205,13659,InterpolatesFrom,,,Psychedelic Rock,2022
3205,5711,InStyleOf,,,Psychedelic Rock,2024
3205,12515,CoverOf,,,,
3210,10530,InStyleOf,Indie Folk,2026,,
3219,8888,LyricalReferenceTo,Indie Folk,2017,Indie Rock,2010
3224,13941,InterpolatesFrom,,,Synthwave,2010
3228,15318,LyricalReferenceTo,Dream Pop,2029,Synthwave,2004
3228,6979,LyricalReferenceTo,Dream Pop,2029,Indie Folk,2020
3228,4770,DirectlySamples,Dream Pop,2029,Synthwave,2007
3237,12794,InterpolatesFrom,Psychedelic Rock,2024,Dream Pop,2021
3237,12120,LyricalReferenceTo,Psychedelic Rock,2024,,
3243,1841,CoverOf,Oceanus Folk,2024,Indie Folk,2010
3264,10295,CoverOf,Dream Pop,2020,Synthwave,2007
3270,9650,DirectlySamples,Speed Metal,2013,,
3275,13563,DirectlySamples,Desert Rock,2023,,
3275,3194,InStyleOf,Desert Rock,2023,Oceanus Folk,2017
3275,11978,InStyleOf,Desert Rock,2023,Oceanus Folk,2023
3282,10010,LyricalReferenceTo,Synthwave,2023,Synthwave,2010
3282,445,DirectlySamples,Synthwave,2023,,
3289,827,InStyleOf,Lo-Fi Electronica,2019,Lo-Fi Electronica,2006
3289,966,CoverOf,Lo-Fi Electronica,2019,Lo-Fi Electronica,2003
3289,12008,InterpolatesFrom,Lo-Fi Electronica,2019,Lo-Fi Electronica,2014
3289,11677,CoverOf,Lo-Fi Electronica,2019,Lo-Fi Electronica,2009
3289,10417,InStyleOf,Lo-Fi Electronica,2019,Lo-Fi Electronica,2010
3291,6103,DirectlySamples,Dream Pop,2024,,
3302,15983,CoverOf,,,,
3302,6100,InStyleOf,,,,
3302,1757,InStyleOf,,,Avant-Garde Folk,2010
3302,13487,DirectlySamples,,,Southern Gothic Rock,2019
3310,454,LyricalReferenceTo,Dream Pop,2014,Synthwave,1998
3310,933,InStyleOf,Dream Pop,2014,Dream Pop,1998
3316,14281,InStyleOf,Desert Rock,2023,Synthwave,2017
3316,4890,CoverOf,Desert Rock,2023,Desert Rock,2022
3325,7194,CoverOf,,,Emo/Pop Punk,2002
3325,4749,InStyleOf,,,,
3325,5203,InStyleOf,,,Emo/Pop Punk,2007
3329,2963,InStyleOf,Post-Apocalyptic Folk,2022,,
3329,13990,CoverOf,Post-Apocalyptic Folk,2022,Post-Apocalyptic Folk,2012
3329,16728,LyricalReferenceTo,Post-Apocalyptic Folk,2022,Indie Rock,2017
3329,2641,InStyleOf,Post-Apocalyptic Folk,2022,Indie Rock,2024
3332,6006,CoverOf,Indie Folk,2020,Doom Metal,2004
3332,6051,LyricalReferenceTo,Indie Folk,2020,,
3332,4834,LyricalReferenceTo,Indie Folk,2020,Doom Metal,2013
3335,2279,LyricalReferenceTo,,,Dream Pop,2005
3339,15656,CoverOf,,,Dream Pop,2024
3342,445,LyricalReferenceTo,,,,
3342,5808,InStyleOf,,,,
3349,9772,CoverOf,Indie Pop,2002,Indie Pop,1997
3355,9566,CoverOf,Dream Pop,2015,Synthwave,2004
3358,2002,InStyleOf,Dream Pop,2017,Doom Metal,2004
3358,8079,CoverOf,Dream Pop,2017,Oceanus Folk,2013
3358,12365,InStyleOf,Dream Pop,2017,Americana,2013
3358,9709,InStyleOf,Dream Pop,2017,Oceanus Folk,2014
3362,3168,InStyleOf,Synthwave,2022,Indie Folk,2019
3362,13085,CoverOf,Synthwave,2022,Dream Pop,2015
3362,13611,InterpolatesFrom,Synthwave,2022,Doom Metal,2018
3362,12656,InStyleOf,Synthwave,2022,,
3362,15594,InStyleOf,Synthwave,2022,Dream Pop,2017
3362,14300,InStyleOf,Synthwave,2022,Doom Metal,2009
3362,13800,CoverOf,Synthwave,2022,Psychedelic Rock,2019
3362,2982,InStyleOf,Synthwave,2022,Psychedelic Rock,2016
3362,11962,InterpolatesFrom,Synthwave,2022,,
3362,9488,CoverOf,Synthwave,2022,Synthwave,2012
3362,5061,DirectlySamples,Synthwave,2022,,
3362,13732,InterpolatesFrom,Synthwave,2022,Doom Metal,2012
3362,13094,InterpolatesFrom,Synthwave,2022,Dream Pop,2008
3362,2893,LyricalReferenceTo,Synthwave,2022,Psychedelic Rock,2019
3362,15482,InStyleOf,Synthwave,2022,Symphonic Metal,2016
3362,8019,InterpolatesFrom,Synthwave,2022,Jazz Surf Rock,2020
3362,8245,InterpolatesFrom,Synthwave,2022,,
3362,13147,InStyleOf,Synthwave,2022,Synthpop,2017
3362,11526,DirectlySamples,Synthwave,2022,Psychedelic Rock,2019
3362,5808,LyricalReferenceTo,Synthwave,2022,,
3362,16202,InterpolatesFrom,Synthwave,2022,Synthwave,2018
3362,13374,LyricalReferenceTo,Synthwave,2022,Doom Metal,2013
3362,9709,DirectlySamples,Synthwave,2022,Oceanus Folk,2014
3362,10975,InStyleOf,Synthwave,2022,Synthwave,2018
3362,16017,CoverOf,Synthwave,2022,Indie Rock,2013
3362,4071,CoverOf,Synthwave,2022,,
3362,3966,InterpolatesFrom,Synthwave,2022,Synthwave,2018
3362,13438,CoverOf,Synthwave,2022,Oceanus Folk,2019
3362,13304,CoverOf,Synthwave,2022,Doom Metal,2021
3362,10281,LyricalReferenceTo,Synthwave,2022,Synthwave,2016
3362,4789,LyricalReferenceTo,Synthwave,2022,Psychedelic Rock,2019
3362,12650,InterpolatesFrom,Synthwave,2022,Synthwave,2017
3362,9406,InStyleOf,Synthwave,2022,Darkwave,2018
3362,14460,InStyleOf,Synthwave,2022,Americana,2019
3362,4046,CoverOf,Synthwave,2022,,
3362,9579,InStyleOf,Synthwave,2022,,
3367,8888,InStyleOf,Oceanus Folk,2023,Indie Rock,2010
3367,6752,LyricalReferenceTo,Oceanus Folk,2023,Oceanus Folk,2010
3373,14965,InterpolatesFrom,,,Doom Metal,2010
3376,15622,LyricalReferenceTo,Desert Rock,2013,Doom Metal,1997
3381,9262,DirectlySamples,,,,
3386,15894,InStyleOf,Southern Gothic Rock,2019,Indie Pop,2014
3386,10503,InStyleOf,Southern Gothic Rock,2019,Southern Gothic Rock,2013
3386,14038,InStyleOf,Southern Gothic Rock,2019,,
3387,5110,DirectlySamples,Lo-Fi Electronica,2016,Indie Pop,1991
3387,15722,LyricalReferenceTo,Lo-Fi Electronica,2016,Lo-Fi Electronica,2011
3387,10549,InStyleOf,Lo-Fi Electronica,2016,Indie Pop,1993
3390,6735,InterpolatesFrom,Dream Pop,2014,Alternative Rock,2008
3390,5726,CoverOf,Dream Pop,2014,Alternative Rock,2010
3415,5432,LyricalReferenceTo,Indie Folk,2026,Synthwave,2004
3422,16099,InterpolatesFrom,Dream Pop,2020,,
3426,6643,InStyleOf,Desert Rock,2024,Indie Folk,2013
3433,1841,InStyleOf,Indie Folk,2013,Indie Folk,2010
3438,3931,LyricalReferenceTo,Synthwave,2029,Indie Folk,2023
3438,9116,LyricalReferenceTo,Synthwave,2029,Doom Metal,2020
3438,5777,LyricalReferenceTo,Synthwave,2029,Indie Folk,2013
3438,7116,LyricalReferenceTo,Synthwave,2029,Doom Metal,2007
3438,14626,InStyleOf,Synthwave,2029,Synthwave,2024
3438,14118,LyricalReferenceTo,Synthwave,2029,Indie Folk,2017
3438,9245,LyricalReferenceTo,Synthwave,2029,Doom Metal,2023
3444,4596,InStyleOf,Indie Rock,2023,Synthwave,2023
3449,8899,InStyleOf,,,Southern Gothic Rock,2024
3449,7958,DirectlySamples,,,Southern Gothic Rock,2023
3449,14510,LyricalReferenceTo,,,,
3449,9061,CoverOf,,,Southern Gothic Rock,2019
3449,7740,LyricalReferenceTo,,,Southern Gothic Rock,2023
3457,3194,InterpolatesFrom,Indie Folk,2023,Oceanus Folk,2017
3457,16225,CoverOf,Indie Folk,2023,Oceanus Folk,2017
3467,10367,InterpolatesFrom,,,Synthwave,2013
3485,4890,LyricalReferenceTo,Dream Pop,2024,Desert Rock,2022
3491,3128,InterpolatesFrom,,,Dream Pop,2017
3497,7128,InterpolatesFrom,,,Dream Pop,1992
3501,13324,InStyleOf,Oceanus Folk,2007,Oceanus Folk,2004
3506,7707,InterpolatesFrom,Indie Pop,2011,Avant-Garde Folk,1997
3512,1853,CoverOf,Indie Pop,2013,Avant-Garde Folk,2011
3512,1018,InStyleOf,Indie Pop,2013,Alternative Rock,2008
3512,7325,InStyleOf,Indie Pop,2013,Emo/Pop Punk,2004
3513,16127,LyricalReferenceTo,Alternative Rock,2024,,
3519,402,CoverOf,Doom Metal,2018,Synthwave,2011
3519,15622,InStyleOf,Doom Metal,2018,Doom Metal,1997
3520,3025,InterpolatesFrom,Oceanus Folk,2026,Oceanus Folk,2017
3531,16158,InterpolatesFrom,Doom Metal,2017,Psychedelic Rock,2007
3536,1611,LyricalReferenceTo,Doom Metal,2023,Indie Rock,2015
3536,10673,InStyleOf,Doom Metal,2023,Doom Metal,2013
3542,3025,CoverOf,Indie Folk,2023,Oceanus Folk,2017
3542,1841,LyricalReferenceTo,Indie Folk,2023,Indie Folk,2010
3553,11574,DirectlySamples,Doom Metal,2013,Indie Rock,2013
3559,10135,InterpolatesFrom,Jazz Surf Rock,2027,Jazz Surf Rock,2023
3559,11866,CoverOf,Jazz Surf Rock,2027,Jazz Surf Rock,2015
3567,1088,InStyleOf,Synthpop,1994,Synthpop,1991
3574,2364,CoverOf,Indie Folk,2024,Doom Metal,2020
3580,5089,LyricalReferenceTo,Dream Pop,2027,Indie Folk,2020
3580,3501,CoverOf,Dream Pop,2027,Oceanus Folk,2007
3580,3025,CoverOf,Dream Pop,2027,Oceanus Folk,2017
3580,13324,InterpolatesFrom,Dream Pop,2027,Oceanus Folk,2004
3580,1874,InStyleOf,Dream Pop,2027,Dream Pop,2023
3583,6423,LyricalReferenceTo,Dream Pop,2020,Indie Folk,2013
3587,4847,InterpolatesFrom,Doom Metal,2027,,
3593,7296,InterpolatesFrom,,,Symphonic Metal,2017
3596,12382,InterpolatesFrom,Avant-Garde Folk,2015,Alternative Rock,2011
3596,14644,DirectlySamples,Avant-Garde Folk,2015,Avant-Garde Folk,2010
3596,16035,CoverOf,Avant-Garde Folk,2015,Avant-Garde Folk,2004
3596,15838,InterpolatesFrom,Avant-Garde Folk,2015,Avant-Garde Folk,2014
3603,15315,LyricalReferenceTo,Indie Rock,2013,Avant-Garde Folk,2002
3603,5212,DirectlySamples,Indie Rock,2013,Southern Gothic Rock,2004
3606,4847,InStyleOf,Dream Pop,2023,,
3616,14266,InterpolatesFrom,Indie Folk,2017,,
3626,5109,InStyleOf,Emo/Pop Punk,2021,Emo/Pop Punk,2004
3626,14671,LyricalReferenceTo,Emo/Pop Punk,2021,Emo/Pop Punk,2002
3626,10515,CoverOf,Emo/Pop Punk,2021,Indie Pop,1992
3626,5232,InStyleOf,Emo/Pop Punk,2021,Emo/Pop Punk,2009
3626,3779,InStyleOf,Emo/Pop Punk,2021,Blues Rock,1987
3626,7311,CoverOf,Emo/Pop Punk,2021,Blues Rock,2010
3626,6245,LyricalReferenceTo,Emo/Pop Punk,2021,Emo/Pop Punk,1989
3627,11984,InterpolatesFrom,Southern Gothic Rock,2014,Blues Rock,1991
3627,6592,InStyleOf,Southern Gothic Rock,2014,Emo/Pop Punk,2000
3630,14034,CoverOf,Indie Rock,2017,Indie Rock,2010
3633,8593,InStyleOf,,,Doom Metal,2007
3633,5887,InStyleOf,,,Doom Metal,1997
3634,14628,DirectlySamples,Dream Pop,2020,,
3634,6313,LyricalReferenceTo,Dream Pop,2020,Dream Pop,2009
3644,14780,CoverOf,Lo-Fi Electronica,2019,Lo-Fi Electronica,2015
3644,13335,InterpolatesFrom,Lo-Fi Electronica,2019,Lo-Fi Electronica,2002
3644,827,DirectlySamples,Lo-Fi Electronica,2019,Lo-Fi Electronica,2006
3644,10236,CoverOf,Lo-Fi Electronica,2019,Alternative Rock,2012
3646,12673,CoverOf,,,Americana,2013
3652,3636,LyricalReferenceTo,Dream Pop,2025,Dream Pop,2023
3652,7278,InStyleOf,Dream Pop,2025,Synthwave,2022
3652,9308,InStyleOf,Dream Pop,2025,Dream Pop,2022
3660,12233,CoverOf,Blues Rock,2022,Indie Pop,2012
3663,7320,CoverOf,,,Americana,1997
3672,15501,InStyleOf,Synthwave,2004,Indie Folk,1991
3676,12338,LyricalReferenceTo,Jazz Surf Rock,2027,Doom Metal,2020
3676,4046,LyricalReferenceTo,Jazz Surf Rock,2027,,
3676,14987,InterpolatesFrom,Jazz Surf Rock,2027,Doom Metal,2017
3683,2323,InStyleOf,,,,
3688,13574,InStyleOf,Doom Metal,2026,Synthwave,2008
3688,10550,InterpolatesFrom,Doom Metal,2026,,
3688,14136,InStyleOf,Doom Metal,2026,Doom Metal,2013
3692,8355,CoverOf,Synthwave,2017,Synthwave,1996
3697,13062,DirectlySamples,Darkwave,2022,Doom Metal,1994
3697,12397,LyricalReferenceTo,Darkwave,2022,Dream Pop,2007
3711,15973,InStyleOf,,,Oceanus Folk,2023
3719,4294,InterpolatesFrom,Space Rock,2026,,
3730,1841,InStyleOf,Oceanus Folk,2016,Indie Folk,2010
3734,15409,CoverOf,Synthwave,2030,Dream Pop,2019
3734,8892,InterpolatesFrom,Synthwave,2030,,
3734,15779,InterpolatesFrom,Synthwave,2030,Dream Pop,2027
3748,15734,LyricalReferenceTo,Alternative Rock,2023,Alternative Rock,1997
3748,1533,InStyleOf,Alternative Rock,2023,Alternative Rock,1999
3750,16120,DirectlySamples,Space Rock,2029,Doom Metal,2023
3750,9883,InStyleOf,Space Rock,2029,Doom Metal,2017
3750,9191,CoverOf,Space Rock,2029,,
3750,8257,InterpolatesFrom,Space Rock,2029,,
3756,12635,CoverOf,Dream Pop,2028,Doom Metal,2024
3773,14021,InterpolatesFrom,Synthwave,2030,Dream Pop,2020
3782,14206,InterpolatesFrom,Oceanus Folk,2020,Synthpop,2013
3782,1841,DirectlySamples,Oceanus Folk,2020,Indie Folk,2010
3787,14143,InterpolatesFrom,,,Darkwave,2017
3787,13658,CoverOf,,,Synthwave,2023
3793,6245,InStyleOf,Emo/Pop Punk,2005,Emo/Pop Punk,1989
3793,14671,CoverOf,Emo/Pop Punk,2005,Emo/Pop Punk,2002
3793,5704,DirectlySamples,Emo/Pop Punk,2005,Emo/Pop Punk,1995
3793,4749,InStyleOf,Emo/Pop Punk,2005,,
3795,8282,InterpolatesFrom,Synthwave,2020,Synthwave,1997
3795,15855,InStyleOf,Synthwave,2020,Synthwave,2003
3797,14291,InterpolatesFrom,Dream Pop,2020,Americana,2013
3801,16589,InterpolatesFrom,,,Emo/Pop Punk,2004
3801,423,InStyleOf,,,Southern Gothic Rock,2000
3806,1841,LyricalReferenceTo,Space Rock,2026,Indie Folk,2010
3806,14223,InterpolatesFrom,Space Rock,2026,Psychedelic Rock,2024
3813,13413,LyricalReferenceTo,Darkwave,2029,Indie Folk,2022
3819,11875,LyricalReferenceTo,Synthwave,1997,Dream Pop,1994
3823,6368,InterpolatesFrom,Americana,2000,Synthwave,1994
3826,12373,InterpolatesFrom,Lo-Fi Electronica,2019,Lo-Fi Electronica,2005
3826,2467,InterpolatesFrom,Lo-Fi Electronica,2019,,
3826,11327,InterpolatesFrom,Lo-Fi Electronica,2019,Lo-Fi Electronica,1998
3828,16524,CoverOf,,,Oceanus Folk,2013
3837,9884,LyricalReferenceTo,Dream Pop,2027,Psychedelic Rock,2009
3837,15198,InStyleOf,Dream Pop,2027,Dream Pop,2013
3844,1113,LyricalReferenceTo,Americana,2000,,
3850,15708,InStyleOf,Indie Rock,2024,,
3856,13903,LyricalReferenceTo,Alternative Rock,2024,,
3856,14440,InStyleOf,Alternative Rock,2024,Alternative Rock,2016
3859,11363,InStyleOf,Blues Rock,2023,Blues Rock,2010
3859,9647,LyricalReferenceTo,Blues Rock,2023,Southern Gothic Rock,2006
3859,15715,InStyleOf,Blues Rock,2023,Southern Gothic Rock,1993
3859,7157,InterpolatesFrom,Blues Rock,2023,Southern Gothic Rock,1997
3865,438,InStyleOf,Synthwave,2013,Dream Pop,2010
3865,10709,CoverOf,Synthwave,2013,,
3876,14206,LyricalReferenceTo,,,Synthpop,2013
3876,10361,CoverOf,,,Post-Apocalyptic Folk,2011
3879,3531,InStyleOf,,,Doom Metal,2017
3881,636,InterpolatesFrom,Synthwave,2004,,
3885,13681,InStyleOf,Americana,2018,Indie Folk,2010
3891,3025,DirectlySamples,,,Oceanus Folk,2017
3891,1841,InterpolatesFrom,,,Indie Folk,2010
3896,15818,InStyleOf,Dream Pop,2010,Alternative Rock,1981
3898,1841,LyricalReferenceTo,Desert Rock,2027,Indie Folk,2010
3904,6762,LyricalReferenceTo,,,Symphonic Metal,2007
3908,11564,LyricalReferenceTo,Synthwave,2023,Doom Metal,2004
3908,3519,CoverOf,Synthwave,2023,Doom Metal,2018
3909,9096,LyricalReferenceTo,Oceanus Folk,2020,Oceanus Folk,2017
3909,3025,CoverOf,Oceanus Folk,2020,Oceanus Folk,2017
3913,10143,DirectlySamples,Synthwave,2026,Synthwave,2012
3917,16367,DirectlySamples,Synthwave,2026,Darkwave,2020
3917,438,InterpolatesFrom,Synthwave,2026,Dream Pop,2010
3923,14994,InStyleOf,Indie Folk,2013,Indie Folk,1997
3923,1320,CoverOf,Indie Folk,2013,Synthwave,2000
3931,14118,InterpolatesFrom,Indie Folk,2023,Indie Folk,2017
3931,5777,CoverOf,Indie Folk,2023,Indie Folk,2013
3931,10673,CoverOf,Indie Folk,2023,Doom Metal,2013
3931,12245,InterpolatesFrom,Indie Folk,2023,Indie Folk,2017
3939,8434,InterpolatesFrom,Space Rock,2013,Americana,2012
3951,3395,LyricalReferenceTo,Americana,2026,,
3956,6006,InStyleOf,Oceanus Folk,2023,Doom Metal,2004
3956,1841,LyricalReferenceTo,Oceanus Folk,2023,Indie Folk,2010
3962,8050,InterpolatesFrom,Speed Metal,1997,,
3962,16298,InterpolatesFrom,Speed Metal,1997,Lo-Fi Electronica,1985
3966,6635,InterpolatesFrom,Synthwave,2018,,
3966,12538,LyricalReferenceTo,Synthwave,2018,,
3972,13563,InterpolatesFrom,Oceanus Folk,2024,,
3986,6177,DirectlySamples,Americana,2015,,
3991,5100,InStyleOf,Synthwave,2021,Oceanus Folk,2010
4003,11122,InterpolatesFrom,Synthwave,2020,Americana,2019
4006,1857,InStyleOf,Indie Rock,2007,Indie Rock,2006
4014,3252,DirectlySamples,Psychedelic Rock,2024,Psychedelic Rock,2015
4014,5351,CoverOf,Psychedelic Rock,2024,,
4014,1502,LyricalReferenceTo,Psychedelic Rock,2024,Psychedelic Rock,2018
4023,5854,InterpolatesFrom,Oceanus Folk,2026,Indie Folk,2017
4023,6994,InterpolatesFrom,Oceanus Folk,2026,Oceanus Folk,2017
4029,3688,InStyleOf,Synthwave,2027,Doom Metal,2026
4029,12079,InterpolatesFrom,Synthwave,2027,Synthwave,2021
4034,14994,DirectlySamples,Desert Rock,2030,Indie Folk,1997
4034,3923,InterpolatesFrom,Desert Rock,2030,Indie Folk,2013
4038,12759,CoverOf,Psychedelic Rock,2020,Dream Pop,2013
4038,10319,InterpolatesFrom,Psychedelic Rock,2020,Psychedelic Rock,2014
4038,16719,InStyleOf,Psychedelic Rock,2020,,
4038,9884,LyricalReferenceTo,Psychedelic Rock,2020,Psychedelic Rock,2009
4046,3759,InStyleOf,,,,
4046,11753,InterpolatesFrom,,,Symphonic Metal,2007
4046,15622,LyricalReferenceTo,,,Doom Metal,1997
4046,9803,LyricalReferenceTo,,,Doom Metal,2007
4046,6006,InterpolatesFrom,,,Doom Metal,2004
4046,13574,InStyleOf,,,Synthwave,2008
4046,4222,InterpolatesFrom,,,Dream Pop,1991
4046,8138,InterpolatesFrom,,,,
4051,15703,CoverOf,,,,
4055,16491,InStyleOf,Synthwave,2025,,
4071,11116,InStyleOf,,,Indie Folk,2010
4071,6006,CoverOf,,,Doom Metal,2004
4077,16524,DirectlySamples,Jazz Surf Rock,2023,Oceanus Folk,2013
4077,1841,DirectlySamples,Jazz Surf Rock,2023,Indie Folk,2010
4077,5826,InterpolatesFrom,Jazz Surf Rock,2023,Desert Rock,2020
4077,16457,InStyleOf,Jazz Surf Rock,2023,Oceanus Folk,2021
4085,3249,InterpolatesFrom,Indie Folk,2023,Alternative Rock,1996
4085,5264,InStyleOf,Indie Folk,2023,Doom Metal,2007
4085,13969,InterpolatesFrom,Indie Folk,2023,Jazz Surf Rock,2022
4090,7571,InStyleOf,Indie Folk,2023,Indie Folk,2020
4090,10468,LyricalReferenceTo,Indie Folk,2023,Indie Folk,2020
4095,11366,CoverOf,Indie Rock,2010,,
4100,445,LyricalReferenceTo,Psychedelic Rock,2024,,
4105,3071,InStyleOf,Dream Pop,2007,Alternative Rock,1988
4105,7469,InterpolatesFrom,Dream Pop,2007,Dream Pop,2007
4105,6160,InStyleOf,Dream Pop,2007,Alternative Rock,1997
4107,14369,InterpolatesFrom,Indie Folk,2028,Jazz Surf Rock,2021
4112,14324,InStyleOf,,,Symphonic Metal,2028
4112,6556,CoverOf,,,Symphonic Metal,2027
4112,10004,InterpolatesFrom,,,Symphonic Metal,2026
4112,14965,LyricalReferenceTo,,,Doom Metal,2010
4112,11342,InStyleOf,,,,
4120,11319,InterpolatesFrom,Indie Rock,2021,,
4126,4583,CoverOf,,,Speed Metal,1983
4126,15343,InterpolatesFrom,,,Speed Metal,1987
4136,7534,CoverOf,,,Darkwave,2012
4140,5808,LyricalReferenceTo,Synthwave,2026,,
4140,5796,InterpolatesFrom,Synthwave,2026,Doom Metal,2012
4140,6006,InStyleOf,Synthwave,2026,Doom Metal,2004
4148,4377,InterpolatesFrom,Indie Rock,2029,Doom Metal,2017
4151,5154,InStyleOf,Desert Rock,2027,Indie Folk,2020
4155,12678,LyricalReferenceTo,Psychedelic Rock,2022,Synthwave,2013
4167,1814,InStyleOf,,,,
4167,6674,InterpolatesFrom,,,Blues Rock,1984
4167,8213,LyricalReferenceTo,,,,
4167,2927,InStyleOf,,,Southern Gothic Rock,1987
4167,5840,DirectlySamples,,,Southern Gothic Rock,2012
4167,550,InStyleOf,,,Southern Gothic Rock,1999
4167,15643,InStyleOf,,,Southern Gothic Rock,2016
4167,8207,InterpolatesFrom,,,Alternative Rock,2004
4167,5802,CoverOf,,,Indie Pop,1984
4167,10513,InterpolatesFrom,,,Blues Rock,1991
4167,2331,LyricalReferenceTo,,,Blues Rock,2011
4167,16528,InterpolatesFrom,,,Emo/Pop Punk,2003
4167,6837,LyricalReferenceTo,,,,
4167,3721,InterpolatesFrom,,,Southern Gothic Rock,2008
4169,3267,InStyleOf,Southern Gothic Rock,2013,Indie Pop,1985
4169,2068,InterpolatesFrom,Southern Gothic Rock,2013,Southern Gothic Rock,1996
4172,8727,LyricalReferenceTo,Alternative Rock,2017,Indie Rock,2019
4172,11855,InterpolatesFrom,Alternative Rock,2017,Americana,2007
4172,8867,InStyleOf,Alternative Rock,2017,Symphonic Metal,2007
4183,144,CoverOf,Doom Metal,2023,Indie Folk,2020
4183,3376,CoverOf,Doom Metal,2023,Desert Rock,2013
4183,1626,CoverOf,Doom Metal,2023,Indie Folk,2020
4186,10837,LyricalReferenceTo,Southern Gothic Rock,2023,Indie Pop,2010
4188,4335,InStyleOf,Indie Pop,1995,Southern Gothic Rock,1991
4188,3740,InStyleOf,Indie Pop,1995,Indie Pop,1985
4188,14927,LyricalReferenceTo,Indie Pop,1995,Southern Gothic Rock,1985
4190,5787,InterpolatesFrom,,,,
4194,2956,InStyleOf,Doom Metal,2026,Indie Folk,2008
4194,6628,InterpolatesFrom,Doom Metal,2026,,
4194,5318,InStyleOf,Doom Metal,2026,Doom Metal,2019
4204,13236,CoverOf,Blues Rock,1991,Blues Rock,1987
4216,431,InStyleOf,Dream Pop,2013,,
4228,5887,CoverOf,Synthwave,2021,Doom Metal,1997
4228,3633,LyricalReferenceTo,Synthwave,2021,,
4228,2212,DirectlySamples,Synthwave,2021,Doom Metal,2016
4228,5260,InStyleOf,Synthwave,2021,,
4228,2649,InStyleOf,Synthwave,2021,Doom Metal,2013
4233,1545,InStyleOf,Dream Pop,2022,Dream Pop,2013
4239,14740,DirectlySamples,,,Indie Folk,2013
4243,15261,LyricalReferenceTo,Psychedelic Rock,2025,Psychedelic Rock,2022
4250,423,InStyleOf,Blues Rock,2003,Southern Gothic Rock,2000
4250,8115,CoverOf,Blues Rock,2003,,
4250,8476,InStyleOf,Blues Rock,2003,Southern Gothic Rock,1987
4250,6262,InterpolatesFrom,Blues Rock,2003,Dream Pop,1992
4253,9524,CoverOf,,,Dream Pop,2006
4253,7271,InStyleOf,,,Alternative Rock,2024
4253,16626,InterpolatesFrom,,,Dream Pop,2021
4261,15494,InStyleOf,Dream Pop,2029,,
4261,445,CoverOf,Dream Pop,2029,,
4271,8888,InStyleOf,Dream Pop,2020,Indie Rock,2010
4273,4100,LyricalReferenceTo,Synthwave,2026,Psychedelic Rock,2024
4281,12209,CoverOf,Blues Rock,2026,Blues Rock,2000
4283,9524,InStyleOf,Dream Pop,2013,Dream Pop,2006
4283,15539,LyricalReferenceTo,Dream Pop,2013,Dream Pop,2012
4288,12109,InterpolatesFrom,Desert Rock,2017,Doom Metal,2013
4288,4459,CoverOf,Desert Rock,2017,Synthwave,2013
4299,8153,InStyleOf,Desert Rock,2030,Oceanus Folk,2020
4299,15441,InStyleOf,Desert Rock,2030,Oceanus Folk,2017
4299,1841,DirectlySamples,Desert Rock,2030,Indie Folk,2010
4299,6417,CoverOf,Desert Rock,2030,,
4299,2169,CoverOf,Desert Rock,2030,Oceanus Folk,2026
4299,14746,InterpolatesFrom,Desert Rock,2030,Oceanus Folk,2013
4313,16004,InStyleOf,,,Alternative Rock,2012
4316,10121,InStyleOf,Lo-Fi Electronica,2011,Lo-Fi Electronica,2007
4316,14512,InStyleOf,Lo-Fi Electronica,2011,Lo-Fi Electronica,1997
4322,6006,LyricalReferenceTo,Doom Metal,2017,Doom Metal,2004
4328,12309,DirectlySamples,Americana,2026,Darkwave,2020
4332,15805,CoverOf,Americana,2028,Dream Pop,2028
4335,14927,InStyleOf,Southern Gothic Rock,1991,Southern Gothic Rock,1985
4337,1320,LyricalReferenceTo,Dream Pop,2029,Synthwave,2000
4337,14994,InStyleOf,Dream Pop,2029,Indie Folk,1997
4352,1841,InterpolatesFrom,Oceanus Folk,2028,Indie Folk,2010
4357,11404,InStyleOf,,,Emo/Pop Punk,2000
4361,14670,InStyleOf,,,Alternative Rock,1984
4361,13303,InStyleOf,,,,
4361,12998,CoverOf,,,Dream Pop,1994
4361,12546,LyricalReferenceTo,,,Alternative Rock,2010
4361,16210,CoverOf,,,Dream Pop,2006
4368,5214,InStyleOf,Lo-Fi Electronica,2029,Lo-Fi Electronica,2012
4368,11859,InStyleOf,Lo-Fi Electronica,2029,,
4368,2848,InStyleOf,Lo-Fi Electronica,2029,Lo-Fi Electronica,2010
4368,13335,DirectlySamples,Lo-Fi Electronica,2029,Lo-Fi Electronica,2002
4368,14045,CoverOf,Lo-Fi Electronica,2029,Lo-Fi Electronica,2011
4372,6901,InStyleOf,Dream Pop,2022,Indie Folk,2010
4372,9657,CoverOf,Dream Pop,2022,,
4393,3194,InterpolatesFrom,Oceanus Folk,2029,Oceanus Folk,2017
4393,7224,InStyleOf,Oceanus Folk,2029,Oceanus Folk,2022
4400,13229,CoverOf,Indie Rock,2017,Doom Metal,2013
4406,10432,InterpolatesFrom,Southern Gothic Rock,2013,,
4415,6762,InStyleOf,Doom Metal,2013,Symphonic Metal,2007
4421,14987,DirectlySamples,Jazz Surf Rock,2026,Doom Metal,2017
4421,16514,InStyleOf,Jazz Surf Rock,2026,Americana,2013
4425,11830,InStyleOf,Indie Folk,2010,Synthwave,2000
4430,4430,CoverOf,,,,
4447,15877,LyricalReferenceTo,Dream Pop,1994,Synthwave,1975
4464,4348,DirectlySamples,,,Oceanus Folk,2004
4466,14994,InStyleOf,,,Indie Folk,1997
4472,3239,LyricalReferenceTo,Alternative Rock,2023,Southern Gothic Rock,2003
4476,6251,LyricalReferenceTo,Dream Pop,2027,,
4481,5663,InStyleOf,,,Indie Folk,1987
4481,8812,LyricalReferenceTo,,,Synthwave,1995
4481,4849,InterpolatesFrom,,,,
4484,9716,CoverOf,Doom Metal,2023,Americana,1991
4489,6006,InStyleOf,,,Doom Metal,2004
4492,11945,CoverOf,Space Rock,2018,Doom Metal,2007
4492,8587,InterpolatesFrom,Space Rock,2018,Synthwave,2013
4492,15622,InStyleOf,Space Rock,2018,Doom Metal,1997
4498,7571,DirectlySamples,Indie Folk,2023,Indie Folk,2020
4498,5425,CoverOf,Indie Folk,2023,Doom Metal,2013
4498,14987,InStyleOf,Indie Folk,2023,Doom Metal,2017
4498,10468,CoverOf,Indie Folk,2023,Indie Folk,2020
4501,8593,InStyleOf,Doom Metal,2007,Doom Metal,2007
4505,13214,InStyleOf,,,Darkwave,2026
4509,13361,InStyleOf,Avant-Garde Folk,2026,Blues Rock,2011
4509,7969,InStyleOf,Avant-Garde Folk,2026,Indie Pop,2023
4509,3540,InStyleOf,Avant-Garde Folk,2026,,
4511,14994,CoverOf,Synthpop,2027,Indie Folk,1997
4517,16618,LyricalReferenceTo,Doom Metal,2013,Indie Folk,1994
4517,9115,CoverOf,Doom Metal,2013,,
4534,6322,InterpolatesFrom,Dream Pop,2023,Desert Rock,2013
4541,4046,CoverOf,Psychedelic Rock,2023,,
4541,6257,CoverOf,Psychedelic Rock,2023,Doom Metal,2020
4541,445,InterpolatesFrom,Psychedelic Rock,2023,,
4541,12515,InterpolatesFrom,Psychedelic Rock,2023,,
4547,11141,LyricalReferenceTo,Psychedelic Rock,2020,,
4547,14202,InterpolatesFrom,Psychedelic Rock,2020,Psychedelic Rock,2017
4557,3512,InterpolatesFrom,Avant-Garde Folk,2015,Indie Pop,2013
4557,7707,InStyleOf,Avant-Garde Folk,2015,Avant-Garde Folk,1997
4559,9637,InStyleOf,Americana,2023,Dream Pop,2019
4562,5383,InStyleOf,Synthwave,2017,Indie Folk,1984
4571,11640,CoverOf,Indie Folk,2013,Dream Pop,2007
4576,7278,InStyleOf,,,Synthwave,2022
4576,10645,CoverOf,,,Synthwave,2010
4593,1837,InStyleOf,Alternative Rock,2018,Alternative Rock,2013
4593,2510,CoverOf,Alternative Rock,2018,Dream Pop,1981
4593,11718,DirectlySamples,Alternative Rock,2018,Southern Gothic Rock,2013
4593,3270,InStyleOf,Alternative Rock,2018,Speed Metal,2013
4602,14210,InStyleOf,,,Jazz Surf Rock,2000
4602,13421,LyricalReferenceTo,,,Dream Pop,1994
4606,15980,CoverOf,Southern Gothic Rock,2013,Indie Pop,2004
4606,2815,InStyleOf,Southern Gothic Rock,2013,Southern Gothic Rock,2010
4606,12665,CoverOf,Southern Gothic Rock,2013,Southern Gothic Rock,2012
4606,16560,InStyleOf,Southern Gothic Rock,2013,,
4607,8892,InStyleOf,Dream Pop,2028,,
4607,13332,InStyleOf,Dream Pop,2028,Darkwave,2022
4607,8551,InStyleOf,Dream Pop,2028,Desert Rock,2026
4607,3879,InStyleOf,Dream Pop,2028,,
4607,13302,InterpolatesFrom,Dream Pop,2028,Indie Rock,2020
4609,5110,InStyleOf,Avant-Garde Folk,1997,Indie Pop,1991
4613,4571,DirectlySamples,Alternative Rock,2025,Indie Folk,2013
4613,11640,InterpolatesFrom,Alternative Rock,2025,Dream Pop,2007
4614,13681,LyricalReferenceTo,Indie Folk,2023,Indie Folk,2010
4618,2068,InStyleOf,,,Southern Gothic Rock,1996
4624,12947,InStyleOf,Blues Rock,2026,Blues Rock,2010
4624,12273,InterpolatesFrom,Blues Rock,2026,,
4626,14202,InterpolatesFrom,Dream Pop,2020,Psychedelic Rock,2017
4626,14086,DirectlySamples,Dream Pop,2020,Doom Metal,2005
4626,11141,InStyleOf,Dream Pop,2020,,
4626,12397,InterpolatesFrom,Dream Pop,2020,Dream Pop,2007
4631,15104,CoverOf,Southern Gothic Rock,2026,Southern Gothic Rock,2016
4631,1121,InStyleOf,Southern Gothic Rock,2026,Southern Gothic Rock,1997
4639,12759,InStyleOf,Indie Folk,2026,Dream Pop,2013
4639,13324,InStyleOf,Indie Folk,2026,Oceanus Folk,2004
4645,15622,InterpolatesFrom,Desert Rock,2029,Doom Metal,1997
4649,14740,LyricalReferenceTo,Doom Metal,2026,Indie Folk,2013
4649,4239,CoverOf,Doom Metal,2026,,
4650,3688,InStyleOf,Jazz Surf Rock,2028,Doom Metal,2026
4652,16030,InStyleOf,,,Doom Metal,2004
4652,15622,InStyleOf,,,Doom Metal,1997
4658,10211,InStyleOf,,,Space Rock,2021
4658,14202,InStyleOf,,,Psychedelic Rock,2017
4661,6168,InStyleOf,,,Psychedelic Rock,2017
4661,6881,LyricalReferenceTo,,,Synthwave,2020
4675,14569,DirectlySamples,Desert Rock,2020,Synthpop,2017
4675,9884,CoverOf,Desert Rock,2020,Psychedelic Rock,2009
4680,9511,InterpolatesFrom,,,Dream Pop,2010
4687,10246,InterpolatesFrom,Indie Folk,2020,Doom Metal,2010
4701,13154,LyricalReferenceTo,,,Synthwave,1994
4704,6535,InterpolatesFrom,Jazz Surf Rock,2028,Symphonic Metal,2023
4704,10941,DirectlySamples,Jazz Surf Rock,2028,Indie Rock,2025
4718,11672,LyricalReferenceTo,Doom Metal,2023,Post-Apocalyptic Folk,2020
4718,7517,InStyleOf,Doom Metal,2023,Indie Rock,2023
4718,15170,LyricalReferenceTo,Doom Metal,2023,Dream Pop,2022
4725,15025,InterpolatesFrom,Southern Gothic Rock,2025,Southern Gothic Rock,1999
4725,13237,CoverOf,Southern Gothic Rock,2025,,
4728,14118,InterpolatesFrom,,,Indie Folk,2017
4733,15622,InStyleOf,Oceanus Folk,2020,Doom Metal,1997
4733,1841,InStyleOf,Oceanus Folk,2020,Indie Folk,2010
4738,9808,CoverOf,Alternative Rock,2020,Indie Rock,2018
4738,12089,DirectlySamples,Alternative Rock,2020,,
4738,6967,LyricalReferenceTo,Alternative Rock,2020,Jazz Surf Rock,2008
4738,9237,LyricalReferenceTo,Alternative Rock,2020,Jazz Surf Rock,2005
4738,5216,LyricalReferenceTo,Alternative Rock,2020,Jazz Surf Rock,2018
4738,16584,CoverOf,Alternative Rock,2020,Jazz Surf Rock,2015
4742,3451,CoverOf,Psychedelic Rock,2025,,
4752,15839,InStyleOf,Doom Metal,2020,Doom Metal,2017
4758,2937,LyricalReferenceTo,Jazz Surf Rock,2029,Dream Pop,2017
4758,5432,InterpolatesFrom,Jazz Surf Rock,2029,Synthwave,2004
4764,8138,InStyleOf,Space Rock,2024,,
4774,9807,InStyleOf,Lo-Fi Electronica,2029,Lo-Fi Electronica,2017
4774,16670,InterpolatesFrom,Lo-Fi Electronica,2029,Lo-Fi Electronica,2018
4774,12750,CoverOf,Lo-Fi Electronica,2029,Lo-Fi Electronica,2019
4774,8211,CoverOf,Lo-Fi Electronica,2029,Lo-Fi Electronica,2011
4774,13720,LyricalReferenceTo,Lo-Fi Electronica,2029,,
4774,15775,DirectlySamples,Lo-Fi Electronica,2029,Lo-Fi Electronica,2020
4774,15964,LyricalReferenceTo,Lo-Fi Electronica,2029,Avant-Garde Folk,2017
4774,11939,CoverOf,Lo-Fi Electronica,2029,,
4774,14497,InStyleOf,Lo-Fi Electronica,2029,Lo-Fi Electronica,2023
4777,7484,DirectlySamples,Synthwave,2014,,
4781,966,InStyleOf,Lo-Fi Electronica,2003,Lo-Fi Electronica,2003
4788,5295,CoverOf,Synthwave,2007,,
4795,14755,CoverOf,Dream Pop,2029,Americana,2013
4795,13681,InStyleOf,Dream Pop,2029,Indie Folk,2010
4801,16719,LyricalReferenceTo,Psychedelic Rock,2017,,
4805,8274,InStyleOf,Dream Pop,2026,Dream Pop,2020
4814,6006,InterpolatesFrom,Doom Metal,2015,Doom Metal,2004
4818,6006,InterpolatesFrom,Doom Metal,2018,Doom Metal,2004
4821,2996,CoverOf,Dream Pop,2028,Dream Pop,2017
4821,10211,InStyleOf,Dream Pop,2028,Space Rock,2021
4821,12678,CoverOf,Dream Pop,2028,Synthwave,2013
4821,15198,InterpolatesFrom,Dream Pop,2028,Dream Pop,2013
4821,10075,InStyleOf,Dream Pop,2028,Darkwave,2026
4821,2915,LyricalReferenceTo,Dream Pop,2028,,
4821,4541,CoverOf,Dream Pop,2028,Psychedelic Rock,2023
4821,9831,InterpolatesFrom,Dream Pop,2028,Space Rock,2025
4821,4140,DirectlySamples,Dream Pop,2028,Synthwave,2026
4821,445,InterpolatesFrom,Dream Pop,2028,,
4821,467,InterpolatesFrom,Dream Pop,2028,Post-Apocalyptic Folk,2020
4821,4742,InterpolatesFrom,Dream Pop,2028,Psychedelic Rock,2025
4821,7278,LyricalReferenceTo,Dream Pop,2028,Synthwave,2022
4821,4100,InStyleOf,Dream Pop,2028,Psychedelic Rock,2024
4821,3362,CoverOf,Dream Pop,2028,Synthwave,2022
4821,1759,InterpolatesFrom,Dream Pop,2028,Space Rock,2024
4821,585,InterpolatesFrom,Dream Pop,2028,Post-Apocalyptic Folk,2024
4821,8516,InStyleOf,Dream Pop,2028,Psychedelic Rock,2017
4827,6393,CoverOf,Blues Rock,2013,Blues Rock,2007
4839,6367,InterpolatesFrom,Americana,2025,,
4843,11525,DirectlySamples,Indie Folk,2023,Psychedelic Rock,2020
4843,12072,InStyleOf,Indie Folk,2023,Psychedelic Rock,2017
4854,13357,InterpolatesFrom,Southern Gothic Rock,2004,,
4854,4609,InterpolatesFrom,Southern Gothic Rock,2004,Avant-Garde Folk,1997
4854,2792,CoverOf,Southern Gothic Rock,2004,,
4856,14965,LyricalReferenceTo,Synthwave,2013,Doom Metal,2010
4859,3766,CoverOf,Dream Pop,2000,Dream Pop,1992
4861,15702,InStyleOf,Speed Metal,1996,Speed Metal,1985
4862,1508,InterpolatesFrom,Americana,2026,Doom Metal,2018
4862,8593,DirectlySamples,Americana,2026,Doom Metal,2007
4865,4604,InStyleOf,Psychedelic Rock,2017,,
4865,11522,InStyleOf,Psychedelic Rock,2017,,
4870,3139,CoverOf,,,Synthpop,2007
4870,4583,CoverOf,,,Speed Metal,1983
4870,15343,CoverOf,,,Speed Metal,1987
4872,1611,LyricalReferenceTo,,,Indie Rock,2015
4890,7074,CoverOf,Desert Rock,2022,Indie Folk,2017
4890,4818,InStyleOf,Desert Rock,2022,Doom Metal,2018
4892,7116,InterpolatesFrom,Jazz Surf Rock,2027,Doom Metal,2007
4897,1913,InStyleOf,Blues Rock,2016,,
4897,10513,InterpolatesFrom,Blues Rock,2016,Blues Rock,1991
4900,4436,LyricalReferenceTo,Doom Metal,2023,Indie Rock,2020
4900,5584,InterpolatesFrom,Doom Metal,2023,Doom Metal,2010
4900,8561,InStyleOf,Doom Metal,2023,Indie Rock,2013
4903,12397,InterpolatesFrom,Indie Rock,2014,Dream Pop,2007
4909,4961,InStyleOf,,,Indie Pop,2020
4912,13681,InterpolatesFrom,,,Indie Folk,2010
4920,13632,DirectlySamples,Darkwave,2029,Darkwave,2016
4920,13413,InterpolatesFrom,Darkwave,2029,Indie Folk,2022
4920,4381,InStyleOf,Darkwave,2029,Darkwave,2023
4920,13214,DirectlySamples,Darkwave,2029,Darkwave,2026
4920,8894,InStyleOf,Darkwave,2029,Darkwave,2025
4926,10480,InStyleOf,Southern Gothic Rock,2015,Indie Pop,2003
4932,15047,InStyleOf,,,Southern Gothic Rock,1986
4933,12079,InStyleOf,Symphonic Metal,2022,Synthwave,2021
4935,4090,LyricalReferenceTo,Synthwave,2030,Indie Folk,2023
4935,7571,CoverOf,Synthwave,2030,Indie Folk,2020
4935,5425,LyricalReferenceTo,Synthwave,2030,Doom Metal,2013
4935,4498,InterpolatesFrom,Synthwave,2030,Indie Folk,2023
4935,10468,CoverOf,Synthwave,2030,Indie Folk,2020
4937,4992,CoverOf,,,Indie Pop,1997
4937,7036,LyricalReferenceTo,,,Indie Pop,1987
4945,3587,DirectlySamples,,,Doom Metal,2027
4945,3828,InStyleOf,,,,
4945,5952,InterpolatesFrom,,,Indie Rock,2024
4945,4541,InterpolatesFrom,,,Psychedelic Rock,2023
4945,13965,InterpolatesFrom,,,Oceanus Folk,2007
4945,7876,InStyleOf,,,Oceanus Folk,2027
4945,1007,InterpolatesFrom,,,Indie Rock,2027
4945,2567,InStyleOf,,,Post-Apocalyptic Folk,2022
4945,5826,InterpolatesFrom,,,Desert Rock,2020
4950,13681,InStyleOf,Americana,2025,Indie Folk,2010
4955,4046,CoverOf,,,,
4959,9916,CoverOf,Indie Rock,2023,Indie Rock,2018
4959,1244,InStyleOf,Indie Rock,2023,,
4959,4006,InStyleOf,Indie Rock,2023,Indie Rock,2007
4959,2360,InterpolatesFrom,Indie Rock,2023,Indie Rock,2017
4961,15847,InStyleOf,Indie Pop,2020,,
4961,14588,CoverOf,Indie Pop,2020,Avant-Garde Folk,1994
4965,4996,InterpolatesFrom,Synthwave,2020,Synthwave,2001
4969,2863,LyricalReferenceTo,Dream Pop,2017,Indie Rock,2022
4973,11608,InterpolatesFrom,Dream Pop,2024,Americana,2024
4973,14969,InterpolatesFrom,Dream Pop,2024,,
4981,2990,CoverOf,Space Rock,2024,Space Rock,2021
4981,16719,DirectlySamples,Space Rock,2024,,
4985,14994,LyricalReferenceTo,Indie Folk,2026,Indie Folk,1997
4992,7036,InterpolatesFrom,Indie Pop,1997,Indie Pop,1987
4992,2807,InterpolatesFrom,Indie Pop,1997,Blues Rock,1984
5001,1422,DirectlySamples,Indie Rock,1994,Indie Rock,1984
5004,12389,DirectlySamples,Synthwave,2021,Space Rock,2017
5004,8771,InStyleOf,Synthwave,2021,,
5009,16233,LyricalReferenceTo,Dream Pop,2023,Psychedelic Rock,2004
5018,15818,CoverOf,Blues Rock,2016,Alternative Rock,1981
5021,7736,CoverOf,Jazz Surf Rock,2024,,
5021,16707,InterpolatesFrom,Jazz Surf Rock,2024,Space Rock,2021
5028,5891,LyricalReferenceTo,Alternative Rock,2007,Dream Pop,2008
5028,2279,InterpolatesFrom,Alternative Rock,2007,Dream Pop,2005
5029,1748,InterpolatesFrom,Desert Rock,2026,Dream Pop,2023
5029,3697,InterpolatesFrom,Desert Rock,2026,Darkwave,2022
5029,13511,CoverOf,Desert Rock,2026,Doom Metal,2007
5029,5527,InterpolatesFrom,Desert Rock,2026,Psychedelic Rock,2017
5035,6065,LyricalReferenceTo,,,Dream Pop,2029
5035,3828,LyricalReferenceTo,,,,
5035,3898,InterpolatesFrom,,,Desert Rock,2027
5035,12138,LyricalReferenceTo,,,Oceanus Folk,2030
5035,10159,InStyleOf,,,,
5035,15271,InterpolatesFrom,,,Oceanus Folk,2024
5035,13438,InStyleOf,,,Oceanus Folk,2019
5035,11655,LyricalReferenceTo,,,Oceanus Folk,2026
5035,13033,InterpolatesFrom,,,,
5035,1841,InStyleOf,,,Indie Folk,2010
5035,4393,InterpolatesFrom,,,Oceanus Folk,2029
5035,6428,InterpolatesFrom,,,Oceanus Folk,2023
5035,14767,InStyleOf,,,,
5035,16471,InStyleOf,,,Indie Folk,2023
5035,3031,CoverOf,,,,
5035,3520,CoverOf,,,Oceanus Folk,2026
5035,7492,LyricalReferenceTo,,,Desert Rock,2027
5035,3025,LyricalReferenceTo,,,Oceanus Folk,2017
5040,12008,InStyleOf,Lo-Fi Electronica,2026,Lo-Fi Electronica,2014
5040,5837,DirectlySamples,Lo-Fi Electronica,2026,Dream Pop,2018
5040,4849,InterpolatesFrom,Lo-Fi Electronica,2026,,
5040,12517,InterpolatesFrom,Lo-Fi Electronica,2026,Lo-Fi Electronica,2007
5040,2167,InStyleOf,Lo-Fi Electronica,2026,Lo-Fi Electronica,2007
5046,13062,CoverOf,,,Doom Metal,1994
5046,8785,LyricalReferenceTo,,,Americana,2000
5046,15622,InterpolatesFrom,,,Doom Metal,1997
5051,1955,LyricalReferenceTo,Emo/Pop Punk,1997,Emo/Pop Punk,1985
5051,6315,InStyleOf,Emo/Pop Punk,1997,Emo/Pop Punk,1987
5053,8431,InterpolatesFrom,Jazz Surf Rock,2029,Post-Apocalyptic Folk,2027
5053,4046,LyricalReferenceTo,Jazz Surf Rock,2029,,
5053,8823,InStyleOf,Jazz Surf Rock,2029,Space Rock,2025
5055,1611,InStyleOf,Indie Rock,2029,Indie Rock,2015
5058,1837,LyricalReferenceTo,Lo-Fi Electronica,2021,Alternative Rock,2013
5058,11859,InStyleOf,Lo-Fi Electronica,2021,,
5059,543,InterpolatesFrom,Doom Metal,2023,Doom Metal,2020
5068,6770,InStyleOf,Americana,2026,Americana,2025
5074,8815,DirectlySamples,,,,
5074,13421,DirectlySamples,,,Dream Pop,1994
5074,2510,InterpolatesFrom,,,Dream Pop,1981
5075,12091,CoverOf,Blues Rock,2021,Southern Gothic Rock,1997
5075,15443,LyricalReferenceTo,Blues Rock,2021,Southern Gothic Rock,2023
5088,15024,InStyleOf,Lo-Fi Electronica,2026,Lo-Fi Electronica,2013
5088,2479,InStyleOf,Lo-Fi Electronica,2026,Indie Rock,2009
5088,10417,LyricalReferenceTo,Lo-Fi Electronica,2026,Lo-Fi Electronica,2010
5088,12489,CoverOf,Lo-Fi Electronica,2026,,
5088,11677,InStyleOf,Lo-Fi Electronica,2026,Lo-Fi Electronica,2009
5088,13985,DirectlySamples,Lo-Fi Electronica,2026,Lo-Fi Electronica,2013
5088,966,InStyleOf,Lo-Fi Electronica,2026,Lo-Fi Electronica,2003
5088,1466,LyricalReferenceTo,Lo-Fi Electronica,2026,Lo-Fi Electronica,2015
5088,11467,LyricalReferenceTo,Lo-Fi Electronica,2026,Lo-Fi Electronica,2013
5088,14768,CoverOf,Lo-Fi Electronica,2026,Lo-Fi Electronica,2005
5088,827,InterpolatesFrom,Lo-Fi Electronica,2026,Lo-Fi Electronica,2006
5088,2848,LyricalReferenceTo,Lo-Fi Electronica,2026,Lo-Fi Electronica,2010
5089,13563,InStyleOf,Indie Folk,2020,,
5089,3025,CoverOf,Indie Folk,2020,Oceanus Folk,2017
5089,14762,InStyleOf,Indie Folk,2020,Oceanus Folk,2017
5096,11945,InStyleOf,Synthwave,2026,Doom Metal,2007
5096,16432,CoverOf,Synthwave,2026,,
5096,10673,CoverOf,Synthwave,2026,Doom Metal,2013
5100,3501,InterpolatesFrom,Oceanus Folk,2010,Oceanus Folk,2007
5100,13324,CoverOf,Oceanus Folk,2010,Oceanus Folk,2004
5109,6245,LyricalReferenceTo,Emo/Pop Punk,2004,Emo/Pop Punk,1989
5109,14671,LyricalReferenceTo,Emo/Pop Punk,2004,Emo/Pop Punk,2002
5109,3779,InterpolatesFrom,Emo/Pop Punk,2004,Blues Rock,1987
5109,11240,InStyleOf,Emo/Pop Punk,2004,Emo/Pop Punk,2004
5111,6245,InStyleOf,,,Emo/Pop Punk,1989
5113,5952,CoverOf,Indie Rock,2026,Indie Rock,2024
5113,2486,LyricalReferenceTo,Indie Rock,2026,Doom Metal,2023
5113,12104,InterpolatesFrom,Indie Rock,2026,,
5113,1611,InterpolatesFrom,Indie Rock,2026,Indie Rock,2015
5113,16202,CoverOf,Indie Rock,2026,Synthwave,2018
5113,6106,DirectlySamples,Indie Rock,2026,Indie Folk,2020
5119,16719,DirectlySamples,Psychedelic Rock,2011,,
5126,6427,LyricalReferenceTo,Indie Folk,2026,,
5131,8888,InStyleOf,,,Indie Rock,2010
5146,16233,InterpolatesFrom,Darkwave,2026,Psychedelic Rock,2004
5146,6702,LyricalReferenceTo,Darkwave,2026,Darkwave,2024
5146,9777,LyricalReferenceTo,Darkwave,2026,Darkwave,2002
5146,3869,InStyleOf,Darkwave,2026,Darkwave,2010
5159,15325,InStyleOf,Desert Rock,2029,,
5165,1611,InStyleOf,Doom Metal,2020,Indie Rock,2015
5165,3362,CoverOf,Doom Metal,2020,Synthwave,2022
5173,8498,LyricalReferenceTo,,,,
5173,13287,InterpolatesFrom,,,Synthwave,2024
5173,10421,CoverOf,,,Dream Pop,2023
5178,15241,InStyleOf,Lo-Fi Electronica,2027,Avant-Garde Folk,2025
5178,6443,InStyleOf,Lo-Fi Electronica,2027,Indie Rock,2026
5181,6006,LyricalReferenceTo,Dream Pop,2018,Doom Metal,2004
5181,13574,CoverOf,Dream Pop,2018,Synthwave,2008
5188,12719,InStyleOf,Synthwave,2012,Dream Pop,1990
5195,8886,CoverOf,Dream Pop,2027,Synthwave,1997
5203,4749,InterpolatesFrom,Emo/Pop Punk,2007,,
5204,9884,LyricalReferenceTo,,,Psychedelic Rock,2009
5214,827,CoverOf,Lo-Fi Electronica,2012,Lo-Fi Electronica,2006
5214,12517,LyricalReferenceTo,Lo-Fi Electronica,2012,Lo-Fi Electronica,2007
5216,1333,InStyleOf,Jazz Surf Rock,2018,Jazz Surf Rock,2010
5216,6967,CoverOf,Jazz Surf Rock,2018,Jazz Surf Rock,2008
5232,5704,InStyleOf,Emo/Pop Punk,2009,Emo/Pop Punk,1995
5232,10515,CoverOf,Emo/Pop Punk,2009,Indie Pop,1992
5232,14671,LyricalReferenceTo,Emo/Pop Punk,2009,Emo/Pop Punk,2002
5232,6245,InStyleOf,Emo/Pop Punk,2009,Emo/Pop Punk,1989
5232,3779,CoverOf,Emo/Pop Punk,2009,Blues Rock,1987
5238,2048,LyricalReferenceTo,Jazz Surf Rock,2016,Jazz Surf Rock,1995
5243,14514,LyricalReferenceTo,Jazz Surf Rock,2027,Indie Folk,2017
5254,6575,InterpolatesFrom,Blues Rock,2028,Symphonic Metal,2024
5254,233,InterpolatesFrom,Blues Rock,2028,Doom Metal,2013
5254,5425,InStyleOf,Blues Rock,2028,Doom Metal,2013
5264,12792,InterpolatesFrom,Doom Metal,2007,Dream Pop,2005
5264,11767,CoverOf,Doom Metal,2007,Oceanus Folk,2004
5265,13430,InterpolatesFrom,,,Speed Metal,1991
5265,8872,LyricalReferenceTo,,,Speed Metal,1993
5267,14762,InStyleOf,Space Rock,2027,Oceanus Folk,2017
5273,4095,CoverOf,Dream Pop,2025,Indie Rock,2010
5276,1350,CoverOf,Indie Folk,2013,Dream Pop,2007
5276,9186,InStyleOf,Indie Folk,2013,Oceanus Folk,2011
5283,3407,InStyleOf,Indie Pop,2003,Southern Gothic Rock,1987
5285,14210,InterpolatesFrom,,,Jazz Surf Rock,2000
5285,13421,InStyleOf,,,Dream Pop,1994
5285,2510,InStyleOf,,,Dream Pop,1981
5300,4541,CoverOf,Psychedelic Rock,2027,Psychedelic Rock,2023
5300,3991,InterpolatesFrom,Psychedelic Rock,2027,Synthwave,2021
5307,5687,InStyleOf,Doom Metal,2013,Indie Folk,2010
5307,13341,InStyleOf,Doom Metal,2013,Doom Metal,2013
5310,5425,CoverOf,Indie Rock,2024,Doom Metal,2013
5310,15383,LyricalReferenceTo,Indie Rock,2024,Doom Metal,2007
5318,10358,LyricalReferenceTo,Doom Metal,2019,,
5318,9007,InStyleOf,Doom Metal,2019,Doom Metal,2004
5322,438,InterpolatesFrom,,,Dream Pop,2010
5325,15622,LyricalReferenceTo,,,Doom Metal,1997
5325,6006,LyricalReferenceTo,,,Doom Metal,2004
5335,12273,InterpolatesFrom,Blues Rock,2013,,
5335,16720,InterpolatesFrom,Blues Rock,2013,Blues Rock,2000
5339,13758,CoverOf,Indie Folk,2026,Indie Folk,2013
5356,11377,InterpolatesFrom,Psychedelic Rock,2016,Psychedelic Rock,2010
5361,13196,InterpolatesFrom,Emo/Pop Punk,2026,,
5361,11142,InStyleOf,Emo/Pop Punk,2026,Indie Pop,1992
5361,14834,InStyleOf,Emo/Pop Punk,2026,Indie Pop,2017
5361,11984,LyricalReferenceTo,Emo/Pop Punk,2026,Blues Rock,1991
5361,15104,CoverOf,Emo/Pop Punk,2026,Southern Gothic Rock,2016
5361,4411,InterpolatesFrom,Emo/Pop Punk,2026,,
5361,11878,CoverOf,Emo/Pop Punk,2026,Alternative Rock,2023
5361,1121,CoverOf,Emo/Pop Punk,2026,Southern Gothic Rock,1997
5364,4541,InStyleOf,Dream Pop,2027,Psychedelic Rock,2023
5364,14080,CoverOf,Dream Pop,2027,Dream Pop,2026
5376,1841,InterpolatesFrom,Desert Rock,2022,Indie Folk,2010
5376,6006,InStyleOf,Desert Rock,2022,Doom Metal,2004
5386,12910,CoverOf,Oceanus Folk,2013,,
5389,15622,CoverOf,Post-Apocalyptic Folk,2020,Doom Metal,1997
5389,16163,InStyleOf,Post-Apocalyptic Folk,2020,Post-Apocalyptic Folk,2013
5389,9884,InterpolatesFrom,Post-Apocalyptic Folk,2020,Psychedelic Rock,2009
5389,16367,LyricalReferenceTo,Post-Apocalyptic Folk,2020,Darkwave,2020
5389,14322,InStyleOf,Post-Apocalyptic Folk,2020,Post-Apocalyptic Folk,2013
5389,11300,LyricalReferenceTo,Post-Apocalyptic Folk,2020,,
5394,14599,InStyleOf,Americana,2027,Americana,2019
5394,431,LyricalReferenceTo,Americana,2027,,
5394,11568,LyricalReferenceTo,Americana,2027,Synthpop,2020
5394,3464,InterpolatesFrom,Americana,2027,Doom Metal,2006
5396,6368,LyricalReferenceTo,,,Synthwave,1994
5407,3512,LyricalReferenceTo,Avant-Garde Folk,2023,Indie Pop,2013
5407,12344,InterpolatesFrom,Avant-Garde Folk,2023,Alternative Rock,2021
5407,6864,InterpolatesFrom,Avant-Garde Folk,2023,Avant-Garde Folk,2017
5407,1018,InStyleOf,Avant-Garde Folk,2023,Alternative Rock,2008
5407,1853,DirectlySamples,Avant-Garde Folk,2023,Avant-Garde Folk,2011
5407,7012,InStyleOf,Avant-Garde Folk,2023,,
5410,1841,DirectlySamples,Indie Folk,2023,Indie Folk,2010
5415,7116,LyricalReferenceTo,Darkwave,2028,Doom Metal,2007
5415,5288,DirectlySamples,Darkwave,2028,,
5415,14118,InStyleOf,Darkwave,2028,Indie Folk,2017
5425,8888,InterpolatesFrom,Doom Metal,2013,Indie Rock,2010
5438,13800,InterpolatesFrom,Dream Pop,2028,Psychedelic Rock,2019
5452,7572,InStyleOf,Doom Metal,2007,,
5455,4510,InStyleOf,Southern Gothic Rock,1999,Emo/Pop Punk,1990
5457,3501,InterpolatesFrom,Oceanus Folk,2017,Oceanus Folk,2007
5457,1841,CoverOf,Oceanus Folk,2017,Indie Folk,2010
5460,11768,DirectlySamples,Psychedelic Rock,2024,Dream Pop,2024
5469,4926,InStyleOf,Indie Pop,2020,Southern Gothic Rock,2015
5477,10673,InterpolatesFrom,Americana,2026,Doom Metal,2013
5480,11327,InStyleOf,Lo-Fi Electronica,2018,Lo-Fi Electronica,1998
5480,12373,InStyleOf,Lo-Fi Electronica,2018,Lo-Fi Electronica,2005
5480,966,InStyleOf,Lo-Fi Electronica,2018,Lo-Fi Electronica,2003
5480,8680,DirectlySamples,Lo-Fi Electronica,2018,,
5483,14086,CoverOf,Synthwave,2023,Doom Metal,2005
5483,12538,InterpolatesFrom,Synthwave,2023,,
5489,11097,InterpolatesFrom,,,Darkwave,2019
5492,4728,DirectlySamples,Indie Folk,2023,,
5492,7116,InStyleOf,Indie Folk,2023,Doom Metal,2007
5492,12245,InStyleOf,Indie Folk,2023,Indie Folk,2017
5492,14118,DirectlySamples,Indie Folk,2023,Indie Folk,2017
5492,14872,LyricalReferenceTo,Indie Folk,2023,Indie Folk,2020
5507,5295,InStyleOf,Americana,2017,,
5514,6006,CoverOf,Doom Metal,2023,Doom Metal,2004
5514,8888,InStyleOf,Doom Metal,2023,Indie Rock,2010
5519,4501,InStyleOf,Indie Folk,2013,Doom Metal,2007
5526,6250,LyricalReferenceTo,Southern Gothic Rock,2023,Southern Gothic Rock,2017
5527,1642,InStyleOf,Psychedelic Rock,2017,Desert Rock,2013
5530,4046,LyricalReferenceTo,Desert Rock,2026,,
5540,1057,LyricalReferenceTo,Dream Pop,2023,,
5540,5432,CoverOf,Dream Pop,2023,Synthwave,2004
5546,15702,InStyleOf,Speed Metal,2000,Speed Metal,1985
5546,11572,CoverOf,Speed Metal,2000,Speed Metal,1995
5546,4861,InterpolatesFrom,Speed Metal,2000,Speed Metal,1996
5546,14094,InStyleOf,Speed Metal,2000,Speed Metal,1998
5547,10673,InStyleOf,Synthwave,2023,Doom Metal,2013
5556,6074,InStyleOf,,,Southern Gothic Rock,2023
5556,10158,LyricalReferenceTo,,,Southern Gothic Rock,2028
5559,15622,InStyleOf,Synthpop,2023,Doom Metal,1997
5559,10484,LyricalReferenceTo,Synthpop,2023,,
5559,10361,InterpolatesFrom,Synthpop,2023,Post-Apocalyptic Folk,2011
5559,10105,InStyleOf,Synthpop,2023,Oceanus Folk,2020
5559,3467,LyricalReferenceTo,Synthpop,2023,,
5559,9249,CoverOf,Synthpop,2023,Indie Folk,2013
5559,14987,LyricalReferenceTo,Synthpop,2023,Doom Metal,2017
5559,9928,LyricalReferenceTo,Synthpop,2023,Americana,2017
5559,4046,InStyleOf,Synthpop,2023,,
5559,14335,InStyleOf,Synthpop,2023,Synthpop,2004
5559,7278,InStyleOf,Synthpop,2023,Synthwave,2022
5571,10249,InStyleOf,Jazz Surf Rock,2007,Synthwave,2004
5574,4413,InterpolatesFrom,Indie Folk,2017,Symphonic Metal,2010
5577,6376,InStyleOf,,,Dream Pop,2026
5583,12821,CoverOf,,,Blues Rock,1991
5583,14128,InStyleOf,,,Blues Rock,1994
5591,6762,InterpolatesFrom,Symphonic Metal,2025,Symphonic Metal,2007
5598,1841,CoverOf,Oceanus Folk,2017,Indie Folk,2010
5599,13584,LyricalReferenceTo,Synthwave,2020,Synthwave,2007
5609,3978,DirectlySamples,Synthwave,2006,,
5611,7005,CoverOf,Emo/Pop Punk,2002,Emo/Pop Punk,2003
5611,11404,InterpolatesFrom,Emo/Pop Punk,2002,Emo/Pop Punk,2000
5614,1611,DirectlySamples,Synthwave,2026,Indie Rock,2015
5614,5113,InStyleOf,Synthwave,2026,Indie Rock,2026
5616,5100,InterpolatesFrom,,,Oceanus Folk,2010
5616,1841,LyricalReferenceTo,,,Indie Folk,2010
5616,11495,LyricalReferenceTo,,,Americana,2015
5620,12949,InStyleOf,,,Synthwave,2013
5620,16026,InStyleOf,,,Doom Metal,2013
5620,8954,InStyleOf,,,Doom Metal,2020
5620,15345,CoverOf,,,,
5620,3037,CoverOf,,,Oceanus Folk,2020
5620,9576,InterpolatesFrom,,,Doom Metal,2023
5620,8201,LyricalReferenceTo,,,Symphonic Metal,2023
5625,454,InterpolatesFrom,Synthwave,2003,Synthwave,1998
5625,6368,CoverOf,Synthwave,2003,Synthwave,1994
5628,3362,InStyleOf,,,Synthwave,2022
5633,9597,CoverOf,Dream Pop,2026,,
5636,13302,LyricalReferenceTo,,,Indie Rock,2020
5643,13481,InStyleOf,Lo-Fi Electronica,2011,Lo-Fi Electronica,2004
5643,10121,DirectlySamples,Lo-Fi Electronica,2011,Lo-Fi Electronica,2007
5643,4781,LyricalReferenceTo,Lo-Fi Electronica,2011,Lo-Fi Electronica,2003
5643,827,InterpolatesFrom,Lo-Fi Electronica,2011,Lo-Fi Electronica,2006
5643,12373,InStyleOf,Lo-Fi Electronica,2011,Lo-Fi Electronica,2005
5643,2167,InterpolatesFrom,Lo-Fi Electronica,2011,Lo-Fi Electronica,2007
5643,966,InStyleOf,Lo-Fi Electronica,2011,Lo-Fi Electronica,2003
5643,10574,InStyleOf,Lo-Fi Electronica,2011,Lo-Fi Electronica,2007
5647,2424,CoverOf,Darkwave,2028,Darkwave,2023
5647,13332,LyricalReferenceTo,Darkwave,2028,Darkwave,2022
5647,8892,InStyleOf,Darkwave,2028,,
5653,14749,LyricalReferenceTo,Alternative Rock,2023,Alternative Rock,2010
5653,13379,InStyleOf,Alternative Rock,2023,Alternative Rock,1992
5657,9547,DirectlySamples,Indie Rock,2023,Dream Pop,2020
5673,10835,DirectlySamples,Indie Folk,2030,Americana,2030
5685,2238,InterpolatesFrom,Space Rock,2017,Synthwave,2009
5699,4006,InterpolatesFrom,,,Indie Rock,2007
5699,2360,LyricalReferenceTo,,,Indie Rock,2017
5699,1244,CoverOf,,,,
5699,5911,CoverOf,,,Indie Rock,2024
5718,4541,InStyleOf,Psychedelic Rock,2028,Psychedelic Rock,2023
5718,14965,InterpolatesFrom,Psychedelic Rock,2028,Doom Metal,2010
5726,6735,InterpolatesFrom,Alternative Rock,2010,Alternative Rock,2008
5730,11269,LyricalReferenceTo,,,Indie Folk,2016
5730,1841,LyricalReferenceTo,,,Indie Folk,2010
5730,9685,InterpolatesFrom,,,Oceanus Folk,2013
5737,3706,DirectlySamples,Dream Pop,2020,Synthwave,2007
5751,1729,LyricalReferenceTo,Dream Pop,2025,,
5761,1977,InterpolatesFrom,Oceanus Folk,2026,,
5761,14086,LyricalReferenceTo,Oceanus Folk,2026,Doom Metal,2005
5767,1977,DirectlySamples,,,,
5773,9387,LyricalReferenceTo,Dream Pop,2010,Dream Pop,2007
5773,2510,InterpolatesFrom,Dream Pop,2010,Dream Pop,1981
5773,13421,InStyleOf,Dream Pop,2010,Dream Pop,1994
5777,15622,CoverOf,Indie Folk,2013,Doom Metal,1997
5782,7417,LyricalReferenceTo,,,Southern Gothic Rock,2003
5782,7723,InStyleOf,,,,
5782,12041,InStyleOf,,,Southern Gothic Rock,2004
5787,4849,InStyleOf,,,,
5790,933,CoverOf,Dream Pop,2007,Dream Pop,1998
5796,15622,InStyleOf,Doom Metal,2012,Doom Metal,1997
5802,6674,InterpolatesFrom,Indie Pop,1984,Blues Rock,1984
5804,13297,LyricalReferenceTo,Lo-Fi Electronica,2024,Lo-Fi Electronica,2017
5804,15004,LyricalReferenceTo,Lo-Fi Electronica,2024,Lo-Fi Electronica,2022
5804,3387,CoverOf,Lo-Fi Electronica,2024,Lo-Fi Electronica,2016
5813,15622,InStyleOf,Indie Rock,2013,Doom Metal,1997
5818,4492,InterpolatesFrom,Synthwave,2024,Space Rock,2018
5818,5685,InStyleOf,Synthwave,2024,Space Rock,2017
5818,10211,LyricalReferenceTo,Synthwave,2024,Space Rock,2021
5818,4212,InterpolatesFrom,Synthwave,2024,Space Rock,2018
5826,4046,CoverOf,Desert Rock,2020,,
5832,7271,InStyleOf,Desert Rock,2029,Alternative Rock,2024
5839,5110,CoverOf,Southern Gothic Rock,2006,Indie Pop,1991
5839,6868,InStyleOf,Southern Gothic Rock,2006,,
5839,2595,LyricalReferenceTo,Southern Gothic Rock,2006,Indie Pop,1984
5839,6745,LyricalReferenceTo,Southern Gothic Rock,2006,Indie Pop,1994
5839,13357,InterpolatesFrom,Southern Gothic Rock,2006,,
5847,11768,LyricalReferenceTo,Americana,2029,Dream Pop,2024
5847,2272,CoverOf,Americana,2029,Space Rock,2022
5847,4541,CoverOf,Americana,2029,Psychedelic Rock,2023
5847,6564,InStyleOf,Americana,2029,Space Rock,2019
5854,1841,InStyleOf,Indie Folk,2017,Indie Folk,2010
5871,13331,InterpolatesFrom,Indie Pop,2013,Emo/Pop Punk,1997
5873,11122,InStyleOf,Americana,2026,Americana,2019
5873,438,DirectlySamples,Americana,2026,Dream Pop,2010
5873,9884,CoverOf,Americana,2026,Psychedelic Rock,2009
5877,6901,InterpolatesFrom,,,Indie Folk,2010
5882,9966,InStyleOf,,,Indie Folk,2020
5882,8251,LyricalReferenceTo,,,Doom Metal,2017
5882,10673,InterpolatesFrom,,,Doom Metal,2013
5882,14118,LyricalReferenceTo,,,Indie Folk,2017
5882,7116,InStyleOf,,,Doom Metal,2007
5882,1841,CoverOf,,,Indie Folk,2010
5883,1841,InterpolatesFrom,,,Indie Folk,2010
5883,12150,InStyleOf,,,Indie Folk,2007
5891,2279,InStyleOf,Dream Pop,2008,Dream Pop,2005
5891,14438,CoverOf,Dream Pop,2008,Alternative Rock,2004
5893,3451,InStyleOf,Psychedelic Rock,2027,,
5893,4541,CoverOf,Psychedelic Rock,2027,Psychedelic Rock,2023
5907,14670,InStyleOf,,,Alternative Rock,1984
5911,6396,CoverOf,Indie Rock,2024,Indie Rock,2017
5911,6616,InterpolatesFrom,Indie Rock,2024,Indie Rock,2011
5911,11491,CoverOf,Indie Rock,2024,Psychedelic Rock,2012
5911,4006,InterpolatesFrom,Indie Rock,2024,Indie Rock,2007
5916,1884,DirectlySamples,Americana,2018,,
5921,15343,InStyleOf,Speed Metal,2002,Speed Metal,1987
5921,4583,InStyleOf,Speed Metal,2002,Speed Metal,1983
5923,9777,CoverOf,Darkwave,2026,Darkwave,2002
5923,2670,LyricalReferenceTo,Darkwave,2026,,
5928,13985,LyricalReferenceTo,Lo-Fi Electronica,2019,Lo-Fi Electronica,2013
5928,12091,InterpolatesFrom,Lo-Fi Electronica,2019,Southern Gothic Rock,1997
5928,14768,LyricalReferenceTo,Lo-Fi Electronica,2019,Lo-Fi Electronica,2005
5928,966,CoverOf,Lo-Fi Electronica,2019,Lo-Fi Electronica,2003
5928,8680,CoverOf,Lo-Fi Electronica,2019,,
5928,11677,LyricalReferenceTo,Lo-Fi Electronica,2019,Lo-Fi Electronica,2009
5928,9122,InStyleOf,Lo-Fi Electronica,2019,,
5928,15024,LyricalReferenceTo,Lo-Fi Electronica,2019,Lo-Fi Electronica,2013
5928,827,InStyleOf,Lo-Fi Electronica,2019,Lo-Fi Electronica,2006
5928,10417,DirectlySamples,Lo-Fi Electronica,2019,Lo-Fi Electronica,2010
5930,12291,InStyleOf,Desert Rock,2024,Synthwave,2025
5938,14965,InterpolatesFrom,Dream Pop,2024,Doom Metal,2010
5944,8282,InterpolatesFrom,,,Synthwave,1997
5944,5356,InStyleOf,,,Psychedelic Rock,2016
5952,5584,InStyleOf,Indie Rock,2024,Doom Metal,2010
5958,8936,InterpolatesFrom,Indie Rock,2004,Indie Rock,1997
5958,5746,LyricalReferenceTo,Indie Rock,2004,Indie Rock,2000
5958,3497,LyricalReferenceTo,Indie Rock,2004,,
5960,3071,LyricalReferenceTo,,,Alternative Rock,1988
5965,8273,InterpolatesFrom,Indie Pop,2017,Southern Gothic Rock,2000
5980,13484,InterpolatesFrom,Indie Rock,2025,,
5980,876,InterpolatesFrom,Indie Rock,2025,Indie Rock,2010
5980,1857,CoverOf,Indie Rock,2025,Indie Rock,2006
5980,11319,InterpolatesFrom,Indie Rock,2025,,
5980,2683,InStyleOf,Indie Rock,2025,,
5980,6616,InStyleOf,Indie Rock,2025,Indie Rock,2011
5980,15771,LyricalReferenceTo,Indie Rock,2025,Indie Rock,2018
5980,8200,InStyleOf,Indie Rock,2025,Indie Rock,2013
5980,11527,InterpolatesFrom,Indie Rock,2025,Indie Rock,2009
5981,15622,InStyleOf,,,Doom Metal,1997
5981,13681,CoverOf,,,Indie Folk,2010
5981,12673,InterpolatesFrom,,,Americana,2013
5986,6191,CoverOf,Americana,2004,Synthwave,1994
5992,9511,LyricalReferenceTo,Dream Pop,2026,Dream Pop,2010
5992,15978,DirectlySamples,Dream Pop,2026,,
5994,3085,InStyleOf,Southern Gothic Rock,2011,Indie Pop,2008
5994,15609,InStyleOf,Southern Gothic Rock,2011,Southern Gothic Rock,2008
5996,14965,LyricalReferenceTo,Dream Pop,2026,Doom Metal,2010
6001,8364,InterpolatesFrom,,,,
6004,5181,InStyleOf,,,Dream Pop,2018
6004,6006,InStyleOf,,,Doom Metal,2004
6006,15622,InterpolatesFrom,Doom Metal,2004,Doom Metal,1997
6020,525,InStyleOf,Indie Folk,2026,Doom Metal,2007
6020,10928,InStyleOf,Indie Folk,2026,,
6020,14948,LyricalReferenceTo,Indie Folk,2026,Indie Folk,2023
6022,11805,LyricalReferenceTo,Americana,2016,Americana,1990
6024,15565,CoverOf,Space Rock,2026,Space Rock,2026
6024,5588,LyricalReferenceTo,Space Rock,2026,Space Rock,2026
6024,7380,InStyleOf,Space Rock,2026,Space Rock,2026
6028,6363,DirectlySamples,,,Dream Pop,1984
6035,16617,DirectlySamples,Indie Pop,2017,Emo/Pop Punk,2010
6049,7137,InStyleOf,Doom Metal,2000,,
6054,15126,CoverOf,Dream Pop,2026,,
6054,11276,InStyleOf,Dream Pop,2026,Dream Pop,2024
6054,15669,InStyleOf,Dream Pop,2026,Americana,2017
6054,12199,InterpolatesFrom,Dream Pop,2026,Doom Metal,2007
6054,13287,CoverOf,Dream Pop,2026,Synthwave,2024
6054,7278,InterpolatesFrom,Dream Pop,2026,Synthwave,2022
6054,6008,InterpolatesFrom,Dream Pop,2026,Indie Rock,2017
6054,467,InStyleOf,Dream Pop,2026,Post-Apocalyptic Folk,2020
6054,7897,CoverOf,Dream Pop,2026,Post-Apocalyptic Folk,2014
6061,8273,InStyleOf,Southern Gothic Rock,2010,Southern Gothic Rock,2000
6064,1145,CoverOf,Dream Pop,2025,Dream Pop,2020
6064,8516,InStyleOf,Dream Pop,2025,Psychedelic Rock,2017
6065,13563,CoverOf,Dream Pop,2029,,
6065,6611,InterpolatesFrom,Dream Pop,2029,Oceanus Folk,2013
6065,3828,InStyleOf,Dream Pop,2029,,
6065,3688,CoverOf,Dream Pop,2029,Doom Metal,2026
6065,16259,InStyleOf,Dream Pop,2029,Indie Folk,2023
6065,757,DirectlySamples,Dream Pop,2029,Oceanus Folk,2023
6065,6833,LyricalReferenceTo,Dream Pop,2029,Dream Pop,2023
6065,12067,InStyleOf,Dream Pop,2029,Oceanus Folk,2024
6065,9096,InStyleOf,Dream Pop,2029,Oceanus Folk,2017
6065,3501,CoverOf,Dream Pop,2029,Oceanus Folk,2007
6065,6976,InStyleOf,Dream Pop,2029,,
6070,966,CoverOf,Lo-Fi Electronica,2014,Lo-Fi Electronica,2003
6070,4781,InterpolatesFrom,Lo-Fi Electronica,2014,Lo-Fi Electronica,2003
6072,14518,InterpolatesFrom,Synthwave,1998,Synthwave,1991
6072,16454,CoverOf,Synthwave,1998,,
6072,11652,InStyleOf,Synthwave,1998,Synthwave,1985
6076,10111,InStyleOf,Dream Pop,2017,Darkwave,2019
6080,6006,InStyleOf,Doom Metal,2013,Doom Metal,2004
6080,15622,LyricalReferenceTo,Doom Metal,2013,Doom Metal,1997
6087,1057,InterpolatesFrom,Doom Metal,2025,,
6087,7116,InStyleOf,Doom Metal,2025,Doom Metal,2007
6087,12910,LyricalReferenceTo,Doom Metal,2025,,
6087,12245,CoverOf,Doom Metal,2025,Indie Folk,2017
6087,5777,InStyleOf,Doom Metal,2025,Indie Folk,2013
6092,15230,InStyleOf,,,Dream Pop,2025
6100,13823,LyricalReferenceTo,,,Blues Rock,1994
6103,11526,DirectlySamples,,,Psychedelic Rock,2019
6103,6564,InStyleOf,,,Space Rock,2019
6108,11907,InterpolatesFrom,Dream Pop,2029,Indie Rock,2023
6126,6120,DirectlySamples,Darkwave,2029,Darkwave,2026
6130,8355,LyricalReferenceTo,Doom Metal,2026,Synthwave,1996
6130,9085,InterpolatesFrom,Doom Metal,2026,Doom Metal,2004
6130,7250,DirectlySamples,Doom Metal,2026,Doom Metal,2013
6130,4348,CoverOf,Doom Metal,2026,Oceanus Folk,2004
6137,7063,DirectlySamples,Synthwave,2024,,
6137,12617,InterpolatesFrom,Synthwave,2024,Americana,2020
6142,4541,LyricalReferenceTo,Symphonic Metal,2029,Psychedelic Rock,2023
6142,7517,CoverOf,Symphonic Metal,2029,Indie Rock,2023
6142,10928,InterpolatesFrom,Symphonic Metal,2029,,
6142,9683,CoverOf,Symphonic Metal,2029,Jazz Surf Rock,2023
6142,13552,InStyleOf,Symphonic Metal,2029,,
6148,12678,LyricalReferenceTo,Synthpop,2020,Synthwave,2013
6148,2347,InStyleOf,Synthpop,2020,Post-Apocalyptic Folk,2015
6151,9223,InStyleOf,Indie Folk,2023,Alternative Rock,2017
6154,10657,LyricalReferenceTo,Desert Rock,2020,Dream Pop,2017
6154,6743,InStyleOf,Desert Rock,2020,Dream Pop,2020
6154,14909,InterpolatesFrom,Desert Rock,2020,Dream Pop,2013
6158,3512,DirectlySamples,Avant-Garde Folk,2018,Indie Pop,2013
6158,4557,InStyleOf,Avant-Garde Folk,2018,Avant-Garde Folk,2015
6158,1018,InStyleOf,Avant-Garde Folk,2018,Alternative Rock,2008
6158,1853,CoverOf,Avant-Garde Folk,2018,Avant-Garde Folk,2011
6158,10120,LyricalReferenceTo,Avant-Garde Folk,2018,Avant-Garde Folk,2020
6158,7325,CoverOf,Avant-Garde Folk,2018,Emo/Pop Punk,2004
6158,6864,InterpolatesFrom,Avant-Garde Folk,2018,Avant-Garde Folk,2017
6160,3071,InStyleOf,Alternative Rock,1997,Alternative Rock,1988
6163,16478,CoverOf,Psychedelic Rock,2022,,
6170,1841,LyricalReferenceTo,Oceanus Folk,2023,Indie Folk,2010
6170,3025,InStyleOf,Oceanus Folk,2023,Oceanus Folk,2017
6170,9685,CoverOf,Oceanus Folk,2023,Oceanus Folk,2013
6180,15622,CoverOf,Desert Rock,2010,Doom Metal,1997
6189,8812,InterpolatesFrom,Indie Folk,2007,Synthwave,1995
6189,4481,CoverOf,Indie Folk,2007,,
6190,6051,InterpolatesFrom,Synthwave,2024,,
6190,10596,InterpolatesFrom,Synthwave,2024,Indie Folk,2013
6190,13026,InterpolatesFrom,Synthwave,2024,Desert Rock,2022
6193,11984,InStyleOf,Southern Gothic Rock,2008,Blues Rock,1991
6205,7733,InStyleOf,Alternative Rock,2027,Southern Gothic Rock,2012
6210,3390,CoverOf,Alternative Rock,2022,Dream Pop,2014
6210,5726,DirectlySamples,Alternative Rock,2022,Alternative Rock,2010
6210,6735,CoverOf,Alternative Rock,2022,Alternative Rock,2008
6210,11948,CoverOf,Alternative Rock,2022,Alternative Rock,2012
6211,8551,LyricalReferenceTo,Dream Pop,2028,Desert Rock,2026
6211,13332,LyricalReferenceTo,Dream Pop,2028,Darkwave,2022
6218,15574,InStyleOf,Doom Metal,2023,Indie Folk,2013
6218,9884,InStyleOf,Doom Metal,2023,Psychedelic Rock,2009
6218,13758,InterpolatesFrom,Doom Metal,2023,Indie Folk,2013
6227,13430,InStyleOf,Speed Metal,1999,Speed Metal,1991
6227,8872,CoverOf,Speed Metal,1999,Speed Metal,1993
6229,9995,InterpolatesFrom,,,Dream Pop,2018
6229,9335,InStyleOf,,,Indie Rock,2016
6231,2848,CoverOf,,,Lo-Fi Electronica,2010
6231,11240,CoverOf,,,Emo/Pop Punk,2004
6231,5088,InterpolatesFrom,,,Lo-Fi Electronica,2026
6233,9335,CoverOf,,,Indie Rock,2016
6233,10281,InStyleOf,,,Synthwave,2016
6233,8245,LyricalReferenceTo,,,,
6233,12043,CoverOf,,,Dream Pop,2023
6233,10747,LyricalReferenceTo,,,Dream Pop,2019
6235,585,LyricalReferenceTo,Dream Pop,2026,Post-Apocalyptic Folk,2024
6245,6315,InStyleOf,Emo/Pop Punk,1989,Emo/Pop Punk,1987
6245,1955,CoverOf,Emo/Pop Punk,1989,Emo/Pop Punk,1985
6245,3779,LyricalReferenceTo,Emo/Pop Punk,1989,Blues Rock,1987
6246,4849,CoverOf,Alternative Rock,2026,,
6246,14961,LyricalReferenceTo,Alternative Rock,2026,Synthwave,1987
6252,7977,InStyleOf,,,Indie Pop,2014
6253,233,InStyleOf,Synthwave,2023,Doom Metal,2013
6253,10246,CoverOf,Synthwave,2023,Doom Metal,2010
6257,6762,LyricalReferenceTo,Doom Metal,2020,Symphonic Metal,2007
6263,13379,InterpolatesFrom,Alternative Rock,2028,Alternative Rock,1992
6268,6901,InStyleOf,Indie Folk,2017,Indie Folk,2010
6272,1841,InterpolatesFrom,,,Indie Folk,2010
6279,11558,LyricalReferenceTo,Alternative Rock,2028,Alternative Rock,2015
6279,4880,DirectlySamples,Alternative Rock,2028,Alternative Rock,2016
6279,14417,InterpolatesFrom,Alternative Rock,2028,Southern Gothic Rock,1996
6286,7918,InStyleOf,Darkwave,2028,Darkwave,2020
6286,2238,CoverOf,Darkwave,2028,Synthwave,2009
6286,16367,LyricalReferenceTo,Darkwave,2028,Darkwave,2020
6286,10111,CoverOf,Darkwave,2028,Darkwave,2019
6289,13312,LyricalReferenceTo,,,Indie Folk,2026
6289,13298,LyricalReferenceTo,,,,
6293,16719,CoverOf,Dream Pop,2025,,
6293,10469,InterpolatesFrom,Dream Pop,2025,Space Rock,2015
6298,14670,DirectlySamples,Alternative Rock,1994,Alternative Rock,1984
6300,3743,InterpolatesFrom,Blues Rock,1997,Southern Gothic Rock,1985
6307,7278,InStyleOf,Dream Pop,2025,Synthwave,2022
6307,9899,CoverOf,Dream Pop,2025,,
6307,11737,InterpolatesFrom,Dream Pop,2025,Indie Folk,2007
6307,8816,InterpolatesFrom,Dream Pop,2025,Dream Pop,2012
6307,9884,LyricalReferenceTo,Dream Pop,2025,Psychedelic Rock,2009
6313,14628,DirectlySamples,Dream Pop,2009,,
6315,1955,InStyleOf,Emo/Pop Punk,1987,Emo/Pop Punk,1985
6318,13758,InStyleOf,Americana,2017,Indie Folk,2013
6329,14851,LyricalReferenceTo,,,Blues Rock,1986
6333,9754,InterpolatesFrom,Jazz Surf Rock,2012,,
6333,14893,InterpolatesFrom,Jazz Surf Rock,2012,Synthwave,2007
6333,6967,InStyleOf,Jazz Surf Rock,2012,Jazz Surf Rock,2008
6333,1326,InStyleOf,Jazz Surf Rock,2012,Jazz Surf Rock,1996
6337,876,InStyleOf,Indie Rock,2029,Indie Rock,2010
6337,1857,InStyleOf,Indie Rock,2029,Indie Rock,2006
6337,13484,InStyleOf,Indie Rock,2029,,
6337,15771,InStyleOf,Indie Rock,2029,Indie Rock,2018
6337,6616,InterpolatesFrom,Indie Rock,2029,Indie Rock,2011
6337,2683,InStyleOf,Indie Rock,2029,,
6339,2068,LyricalReferenceTo,Blues Rock,2017,Southern Gothic Rock,1996
6339,3743,InterpolatesFrom,Blues Rock,2017,Southern Gothic Rock,1985
6339,1596,CoverOf,Blues Rock,2017,Indie Pop,2005
6342,2510,InStyleOf,Dream Pop,2004,Dream Pop,1981
6342,13421,LyricalReferenceTo,Dream Pop,2004,Dream Pop,1994
6344,13399,LyricalReferenceTo,Desert Rock,2024,Indie Folk,2013
6344,1841,InterpolatesFrom,Desert Rock,2024,Indie Folk,2010
6351,11491,DirectlySamples,Psychedelic Rock,2028,Psychedelic Rock,2012
6358,13220,InStyleOf,Doom Metal,2017,Doom Metal,2013
6364,5691,CoverOf,Speed Metal,2012,Speed Metal,2008
6365,1611,InStyleOf,,,Indie Rock,2015
6372,7408,LyricalReferenceTo,Dream Pop,2027,Desert Rock,2023
6376,14021,InterpolatesFrom,Dream Pop,2026,Dream Pop,2020
6377,15089,InterpolatesFrom,Dream Pop,2015,Synthwave,1999
6382,15855,CoverOf,Synthwave,2010,Synthwave,2003
6386,14961,CoverOf,Alternative Rock,2023,Synthwave,1987
6390,13564,InStyleOf,,,Psychedelic Rock,2015
6390,12089,DirectlySamples,,,,
6396,4006,InStyleOf,Indie Rock,2017,Indie Rock,2007
6397,11240,LyricalReferenceTo,Emo/Pop Punk,2011,Emo/Pop Punk,2004
6397,6245,InStyleOf,Emo/Pop Punk,2011,Emo/Pop Punk,1989
6398,14241,LyricalReferenceTo,Dream Pop,2008,Synthwave,1991
6406,14311,InterpolatesFrom,Dream Pop,2023,Indie Rock,2023
6406,5949,InterpolatesFrom,Dream Pop,2023,,
6412,4770,LyricalReferenceTo,Desert Rock,2022,Synthwave,2007
6412,15622,InterpolatesFrom,Desert Rock,2022,Doom Metal,1997
6415,4830,DirectlySamples,Alternative Rock,2017,Alternative Rock,1997
6417,1841,InterpolatesFrom,,,Indie Folk,2010
6418,2582,InStyleOf,Dream Pop,2028,Dream Pop,2024
6418,5680,InStyleOf,Dream Pop,2028,Americana,2020
6418,9014,InStyleOf,Dream Pop,2028,Dream Pop,2024
6418,4228,CoverOf,Dream Pop,2028,Synthwave,2021
6427,5687,LyricalReferenceTo,,,Indie Folk,2010
6428,1841,LyricalReferenceTo,Oceanus Folk,2023,Indie Folk,2010
6435,5685,InStyleOf,,,Space Rock,2017
6435,2272,InterpolatesFrom,,,Space Rock,2022
6435,4492,LyricalReferenceTo,,,Space Rock,2018
6435,10596,CoverOf,,,Indie Folk,2013
6447,1841,CoverOf,Oceanus Folk,2025,Indie Folk,2010
6456,14080,InStyleOf,Dream Pop,2027,Dream Pop,2026
6456,4541,CoverOf,Dream Pop,2027,Psychedelic Rock,2023
6467,7709,InterpolatesFrom,Blues Rock,2010,Blues Rock,2000
6467,13580,InStyleOf,Blues Rock,2010,Blues Rock,2004
6467,11889,CoverOf,Blues Rock,2010,Blues Rock,2004
6473,10402,CoverOf,Dream Pop,2014,Alternative Rock,2010
6473,13208,LyricalReferenceTo,Dream Pop,2014,Dream Pop,2007
6473,8815,InStyleOf,Dream Pop,2014,,
6473,9387,CoverOf,Dream Pop,2014,Dream Pop,2007
6473,5074,InterpolatesFrom,Dream Pop,2014,,
6473,14799,InterpolatesFrom,Dream Pop,2014,Dream Pop,2011
6474,312,InStyleOf,Dream Pop,2027,,
6474,5100,InterpolatesFrom,Dream Pop,2027,Oceanus Folk,2010
6474,1841,InStyleOf,Dream Pop,2027,Indie Folk,2010
6474,11117,InStyleOf,Dream Pop,2027,Synthwave,2017
6474,5887,InStyleOf,Dream Pop,2027,Doom Metal,1997
6474,16641,InStyleOf,Dream Pop,2027,Indie Folk,2010
6474,4453,CoverOf,Dream Pop,2027,Indie Folk,2013
6476,12397,CoverOf,Doom Metal,2022,Dream Pop,2007
6476,8888,LyricalReferenceTo,Doom Metal,2022,Indie Rock,2010
6482,15040,CoverOf,Dream Pop,2027,,
6482,12395,InStyleOf,Dream Pop,2027,Indie Folk,2020
6482,13188,CoverOf,Dream Pop,2027,Indie Rock,2007
6482,11839,InStyleOf,Dream Pop,2027,Indie Folk,2010
6489,886,InterpolatesFrom,Space Rock,2027,Oceanus Folk,2023
6497,12817,InterpolatesFrom,Synthwave,2010,Synthwave,2000
6503,2927,InStyleOf,Emo/Pop Punk,2018,Southern Gothic Rock,1987
6503,2331,CoverOf,Emo/Pop Punk,2018,Blues Rock,2011
6503,15643,LyricalReferenceTo,Emo/Pop Punk,2018,Southern Gothic Rock,2016
6503,6674,InStyleOf,Emo/Pop Punk,2018,Blues Rock,1984
6503,4167,InStyleOf,Emo/Pop Punk,2018,,
6503,10503,InterpolatesFrom,Emo/Pop Punk,2018,Southern Gothic Rock,2013
6503,14510,CoverOf,Emo/Pop Punk,2018,,
6504,2221,InterpolatesFrom,Indie Pop,2010,Southern Gothic Rock,2009
6505,11767,InStyleOf,Americana,2012,Oceanus Folk,2004
6505,5609,LyricalReferenceTo,Americana,2012,Synthwave,2006
6505,4565,LyricalReferenceTo,Americana,2012,Oceanus Folk,2004
6507,4583,CoverOf,,,Speed Metal,1983
6507,15343,InterpolatesFrom,,,Speed Metal,1987
6507,14976,DirectlySamples,,,Speed Metal,2010
6507,16724,CoverOf,,,Speed Metal,2000
6513,9884,InStyleOf,Psychedelic Rock,2022,Psychedelic Rock,2009
6513,12150,InStyleOf,Psychedelic Rock,2022,Indie Folk,2007
6521,10673,InStyleOf,Doom Metal,2028,Doom Metal,2013
6521,14118,InStyleOf,Doom Metal,2028,Indie Folk,2017
6521,9966,LyricalReferenceTo,Doom Metal,2028,Indie Folk,2020
6521,7116,InStyleOf,Doom Metal,2028,Doom Metal,2007
6521,9696,InStyleOf,Doom Metal,2028,Synthwave,2020
6521,16432,InStyleOf,Doom Metal,2028,,
6529,3609,LyricalReferenceTo,Dream Pop,2029,Dream Pop,2026
6541,1106,InStyleOf,Doom Metal,2020,Doom Metal,2004
6543,4541,LyricalReferenceTo,Jazz Surf Rock,2029,Psychedelic Rock,2023
6548,5212,InStyleOf,Dream Pop,2025,Southern Gothic Rock,2004
6551,15622,LyricalReferenceTo,Indie Folk,2014,Doom Metal,1997
6556,12673,DirectlySamples,Symphonic Metal,2027,Americana,2013
6560,2996,InterpolatesFrom,Darkwave,2023,Dream Pop,2017
6560,14143,InterpolatesFrom,Darkwave,2023,Darkwave,2017
6560,10211,InterpolatesFrom,Darkwave,2023,Space Rock,2021
6564,10552,DirectlySamples,Space Rock,2019,Space Rock,2018
6569,1841,CoverOf,Desert Rock,2029,Indie Folk,2010
6569,3025,InStyleOf,Desert Rock,2029,Oceanus Folk,2017
6569,3367,InStyleOf,Desert Rock,2029,Oceanus Folk,2023
6569,14720,LyricalReferenceTo,Desert Rock,2029,Oceanus Folk,2023
6575,15383,InStyleOf,Symphonic Metal,2024,Doom Metal,2007
6575,5425,LyricalReferenceTo,Symphonic Metal,2024,Doom Metal,2013
6577,11785,LyricalReferenceTo,Jazz Surf Rock,2029,Jazz Surf Rock,2024
6577,2250,LyricalReferenceTo,Jazz Surf Rock,2029,,
6577,7982,InStyleOf,Jazz Surf Rock,2029,Oceanus Folk,2024
6581,6762,InterpolatesFrom,Americana,2020,Symphonic Metal,2007
6588,15443,InterpolatesFrom,Alternative Rock,2027,Southern Gothic Rock,2023
6588,12091,InterpolatesFrom,Alternative Rock,2027,Southern Gothic Rock,1997
6588,106,DirectlySamples,Alternative Rock,2027,Blues Rock,2020
6588,5075,CoverOf,Alternative Rock,2027,Blues Rock,2021
6594,5212,CoverOf,Alternative Rock,2017,Southern Gothic Rock,2004
6597,3636,CoverOf,,,Dream Pop,2023
6597,11284,CoverOf,,,Dream Pop,2021
6597,5680,LyricalReferenceTo,,,Americana,2020
6603,6456,InterpolatesFrom,Jazz Surf Rock,2028,Dream Pop,2027
6606,13721,CoverOf,Doom Metal,2023,,
6606,14626,InStyleOf,Doom Metal,2023,Synthwave,2024
6616,1857,LyricalReferenceTo,Indie Rock,2011,Indie Rock,2006
6628,15622,InStyleOf,,,Doom Metal,1997
6633,2679,InStyleOf,Lo-Fi Electronica,2020,Blues Rock,2007
6633,3962,InterpolatesFrom,Lo-Fi Electronica,2020,Speed Metal,1997
6643,6180,InterpolatesFrom,Indie Folk,2013,Desert Rock,2010
6645,7590,CoverOf,,,Doom Metal,2010
6645,11541,LyricalReferenceTo,,,Indie Rock,2013
6651,12961,CoverOf,Dream Pop,1996,,
6655,12867,InterpolatesFrom,,,Indie Rock,2017
6658,8815,InterpolatesFrom,Dream Pop,2010,,
6658,2510,InStyleOf,Dream Pop,2010,Dream Pop,1981
6658,6342,InStyleOf,Dream Pop,2010,Dream Pop,2004
6658,13421,InStyleOf,Dream Pop,2010,Dream Pop,1994
6658,9387,LyricalReferenceTo,Dream Pop,2010,Dream Pop,2007
6661,8107,DirectlySamples,Doom Metal,2023,Oceanus Folk,2020
6661,3376,LyricalReferenceTo,Doom Metal,2023,Desert Rock,2013
6665,3923,CoverOf,Desert Rock,2026,Indie Folk,2013
6675,14285,InStyleOf,Jazz Surf Rock,2028,Post-Apocalyptic Folk,2027
6675,11042,InterpolatesFrom,Jazz Surf Rock,2028,Americana,2017
6675,6535,CoverOf,Jazz Surf Rock,2028,Symphonic Metal,2023
6675,14987,InterpolatesFrom,Jazz Surf Rock,2028,Doom Metal,2017
6680,6762,InterpolatesFrom,,,Symphonic Metal,2007
6685,11938,InStyleOf,,,Indie Pop,1998
6687,2148,DirectlySamples,Southern Gothic Rock,2022,,
6688,6137,InStyleOf,Synthwave,2026,Synthwave,2024
6693,11947,InStyleOf,,,,
6697,1841,InStyleOf,Synthwave,2020,Indie Folk,2010
6699,13035,CoverOf,Indie Rock,2021,Indie Rock,2010
6699,7671,InterpolatesFrom,Indie Rock,2021,Alternative Rock,1983
6699,13819,LyricalReferenceTo,Indie Rock,2021,Indie Rock,1995
6702,3869,InStyleOf,Darkwave,2024,Darkwave,2010
6709,5220,CoverOf,Dream Pop,2028,Americana,2023
6721,3668,CoverOf,Indie Folk,2023,Doom Metal,2004
6725,14987,InStyleOf,,,Doom Metal,2017
6729,1557,InterpolatesFrom,Darkwave,2017,Doom Metal,2004
6736,3966,InStyleOf,Indie Folk,2031,Synthwave,2018
6736,8776,InStyleOf,Indie Folk,2031,,
6736,8867,LyricalReferenceTo,Indie Folk,2031,Symphonic Metal,2007
6736,1236,InStyleOf,Indie Folk,2031,Doom Metal,2013
6736,11824,LyricalReferenceTo,Indie Folk,2031,Dream Pop,2020
6743,14909,CoverOf,Dream Pop,2020,Dream Pop,2013
6743,10657,CoverOf,Dream Pop,2020,Dream Pop,2017
6743,11241,InStyleOf,Dream Pop,2020,Dream Pop,2018
6745,2595,CoverOf,Indie Pop,1994,Indie Pop,1984
6746,12498,InStyleOf,Southern Gothic Rock,2018,,
6752,13324,CoverOf,Oceanus Folk,2010,Oceanus Folk,2004
6752,3501,InterpolatesFrom,Oceanus Folk,2010,Oceanus Folk,2007
6757,14072,InStyleOf,,,Desert Rock,2026
6765,1689,InStyleOf,Alternative Rock,2029,,
6765,8472,InterpolatesFrom,Alternative Rock,2029,,
6778,2768,InterpolatesFrom,Indie Rock,2029,Alternative Rock,2015
6778,8055,InStyleOf,Indie Rock,2029,Alternative Rock,2004
6778,10045,InStyleOf,Indie Rock,2029,,
6778,16162,InStyleOf,Indie Rock,2029,,
6778,632,LyricalReferenceTo,Indie Rock,2029,Alternative Rock,2012
6780,12732,InStyleOf,Synthwave,2025,Synthwave,2023
6785,2467,LyricalReferenceTo,Lo-Fi Electronica,2002,,
6785,14512,CoverOf,Lo-Fi Electronica,2002,Lo-Fi Electronica,1997
6788,6006,InterpolatesFrom,Indie Folk,2013,Doom Metal,2004
6790,4604,InterpolatesFrom,,,,
6791,2238,InStyleOf,Synthwave,2015,Synthwave,2009
6793,8257,CoverOf,Doom Metal,2029,,
6793,14627,LyricalReferenceTo,Doom Metal,2029,Synthwave,2027
6794,9890,InStyleOf,Alternative Rock,2026,Blues Rock,2008
6794,8209,InStyleOf,Alternative Rock,2026,Southern Gothic Rock,2027
6794,15396,InterpolatesFrom,Alternative Rock,2026,Avant-Garde Folk,2023
6794,11537,InStyleOf,Alternative Rock,2026,Alternative Rock,2026
6797,13361,CoverOf,Alternative Rock,2026,Blues Rock,2011
6797,15388,CoverOf,Alternative Rock,2026,Avant-Garde Folk,2015
6797,3540,InStyleOf,Alternative Rock,2026,,
6797,14644,InStyleOf,Alternative Rock,2026,Avant-Garde Folk,2010
6797,13720,CoverOf,Alternative Rock,2026,,
6797,16035,LyricalReferenceTo,Alternative Rock,2026,Avant-Garde Folk,2004
6797,15838,CoverOf,Alternative Rock,2026,Avant-Garde Folk,2014
6805,16512,InStyleOf,,,Americana,2013
6805,6721,InterpolatesFrom,,,Indie Folk,2023
6809,16541,InStyleOf,Darkwave,2022,Darkwave,2020
6812,1841,InStyleOf,Indie Folk,2013,Indie Folk,2010
6820,7897,DirectlySamples,Space Rock,2025,Post-Apocalyptic Folk,2014
6820,15398,CoverOf,Space Rock,2025,Darkwave,2013
6820,14322,InterpolatesFrom,Space Rock,2025,Post-Apocalyptic Folk,2013
6820,9749,InStyleOf,Space Rock,2025,,
6827,10673,LyricalReferenceTo,Doom Metal,2027,Doom Metal,2013
6827,14118,InStyleOf,Doom Metal,2027,Indie Folk,2017
6827,6006,InterpolatesFrom,Doom Metal,2027,Doom Metal,2004
6827,13574,InterpolatesFrom,Doom Metal,2027,Synthwave,2008
6827,11251,CoverOf,Doom Metal,2027,Indie Folk,2020
6827,16225,InterpolatesFrom,Doom Metal,2027,Oceanus Folk,2017
6827,12445,CoverOf,Doom Metal,2027,Synthpop,2020
6827,13721,LyricalReferenceTo,Doom Metal,2027,,
6827,7116,InStyleOf,Doom Metal,2027,Doom Metal,2007
6827,6051,LyricalReferenceTo,Doom Metal,2027,,
6827,13563,InterpolatesFrom,Doom Metal,2027,,
6830,14672,DirectlySamples,,,Doom Metal,2010
6833,16524,InterpolatesFrom,Dream Pop,2023,Oceanus Folk,2013
6833,11366,InStyleOf,Dream Pop,2023,,
6837,2927,DirectlySamples,,,Southern Gothic Rock,1987
6837,6674,InStyleOf,,,Blues Rock,1984
6839,15622,DirectlySamples,Doom Metal,2017,Doom Metal,1997
6839,16017,InterpolatesFrom,Doom Metal,2017,Indie Rock,2013
6839,12425,InterpolatesFrom,Doom Metal,2017,Synthwave,2012
6844,15469,InStyleOf,Alternative Rock,2027,Synthwave,2017
6851,9754,LyricalReferenceTo,Space Rock,2026,,
6854,7250,LyricalReferenceTo,,,Doom Metal,2013
6854,3536,CoverOf,,,Doom Metal,2023
6854,1611,CoverOf,,,Indie Rock,2015
6860,1841,InStyleOf,Space Rock,2026,Indie Folk,2010
6864,4557,CoverOf,Avant-Garde Folk,2017,Avant-Garde Folk,2015
6864,1853,InStyleOf,Avant-Garde Folk,2017,Avant-Garde Folk,2011
6864,10120,InterpolatesFrom,Avant-Garde Folk,2017,Avant-Garde Folk,2020
6864,3512,InStyleOf,Avant-Garde Folk,2017,Indie Pop,2013
6864,1018,InStyleOf,Avant-Garde Folk,2017,Alternative Rock,2008
6864,7325,InterpolatesFrom,Avant-Garde Folk,2017,Emo/Pop Punk,2004
6865,4377,DirectlySamples,Doom Metal,2020,Doom Metal,2017
6873,5483,InStyleOf,Dream Pop,2029,Synthwave,2023
6873,14086,InterpolatesFrom,Dream Pop,2029,Doom Metal,2005
6875,3407,InStyleOf,Blues Rock,2007,Southern Gothic Rock,1987
6875,5283,CoverOf,Blues Rock,2007,Indie Pop,2003
6885,13341,InterpolatesFrom,Synthwave,2013,Doom Metal,2013
6893,1702,DirectlySamples,Dream Pop,2022,Dream Pop,2010
6896,5133,InStyleOf,Doom Metal,2013,Speed Metal,2007
6899,8282,InStyleOf,Synthwave,2000,Synthwave,1997
6915,15306,InterpolatesFrom,Symphonic Metal,2014,Psychedelic Rock,2004
6928,5787,InStyleOf,Dream Pop,2013,,
6928,4849,InStyleOf,Dream Pop,2013,,
6940,11339,InStyleOf,Darkwave,2029,Indie Rock,2024
6940,12547,InStyleOf,Darkwave,2029,Indie Folk,2023
6940,1611,CoverOf,Darkwave,2029,Indie Rock,2015
6941,4818,LyricalReferenceTo,Oceanus Folk,2023,Doom Metal,2018
6941,15032,LyricalReferenceTo,Oceanus Folk,2023,Oceanus Folk,2009
6941,6524,InStyleOf,Oceanus Folk,2023,Oceanus Folk,2014
6949,10645,LyricalReferenceTo,Indie Rock,2017,Synthwave,2010
6949,4770,LyricalReferenceTo,Indie Rock,2017,Synthwave,2007
6954,15971,LyricalReferenceTo,Jazz Surf Rock,2025,Indie Rock,2013
6954,8630,InterpolatesFrom,Jazz Surf Rock,2025,Indie Folk,2010
6954,7080,CoverOf,Jazz Surf Rock,2025,,
6954,10709,DirectlySamples,Jazz Surf Rock,2025,,
6954,3087,CoverOf,Jazz Surf Rock,2025,,
6954,8231,LyricalReferenceTo,Jazz Surf Rock,2025,Synthwave,2010
6954,15515,LyricalReferenceTo,Jazz Surf Rock,2025,,
6967,14442,CoverOf,Jazz Surf Rock,2008,Jazz Surf Rock,2000
6967,9754,CoverOf,Jazz Surf Rock,2008,,
6968,15622,LyricalReferenceTo,Dream Pop,2028,Doom Metal,1997
6976,7224,CoverOf,,,Oceanus Folk,2022
6976,3194,LyricalReferenceTo,,,Oceanus Folk,2017
6976,6994,InStyleOf,,,Oceanus Folk,2017
6979,8771,CoverOf,Indie Folk,2020,,
6979,15318,InStyleOf,Indie Folk,2020,Synthwave,2004
6979,4770,InStyleOf,Indie Folk,2020,Synthwave,2007
6983,1088,CoverOf,Synthpop,1994,Synthpop,1991
6984,11468,CoverOf,Southern Gothic Rock,1997,Southern Gothic Rock,1987
6989,15983,DirectlySamples,Emo/Pop Punk,2023,,
6989,14671,InStyleOf,Emo/Pop Punk,2023,Emo/Pop Punk,2002
6989,15609,InStyleOf,Emo/Pop Punk,2023,Southern Gothic Rock,2008
6989,5994,LyricalReferenceTo,Emo/Pop Punk,2023,Southern Gothic Rock,2011
6994,3501,InterpolatesFrom,Oceanus Folk,2017,Oceanus Folk,2007
6994,13324,InStyleOf,Oceanus Folk,2017,Oceanus Folk,2004
7001,3501,CoverOf,,,Oceanus Folk,2007
7001,9884,InStyleOf,,,Psychedelic Rock,2009
7006,11280,DirectlySamples,Darkwave,2026,Darkwave,2023
7006,8888,InStyleOf,Darkwave,2026,Indie Rock,2010
7010,13631,InterpolatesFrom,Indie Folk,2010,Indie Folk,2007
7012,1018,CoverOf,,,Alternative Rock,2008
7014,1779,InterpolatesFrom,Synthwave,2022,Indie Folk,2017
7014,13552,InterpolatesFrom,Synthwave,2022,,
7019,1841,InStyleOf,Oceanus Folk,2023,Indie Folk,2010
7019,3025,CoverOf,Oceanus Folk,2023,Oceanus Folk,2017
7033,15343,InterpolatesFrom,Speed Metal,2003,Speed Metal,1987
7033,4583,LyricalReferenceTo,Speed Metal,2003,Speed Metal,1983
7034,15734,LyricalReferenceTo,Alternative Rock,2010,Alternative Rock,1997
7034,11413,DirectlySamples,Alternative Rock,2010,,
7034,1533,LyricalReferenceTo,Alternative Rock,2010,Alternative Rock,1999
7036,2807,LyricalReferenceTo,Indie Pop,1987,Blues Rock,1984
7041,9007,InterpolatesFrom,Indie Folk,2010,Doom Metal,2004
7045,14647,InterpolatesFrom,Dream Pop,2026,Dream Pop,2022
7052,9511,CoverOf,Dream Pop,2013,Dream Pop,2010
7054,10417,InStyleOf,Lo-Fi Electronica,2026,Lo-Fi Electronica,2010
7054,1466,InStyleOf,Lo-Fi Electronica,2026,Lo-Fi Electronica,2015
7054,15024,CoverOf,Lo-Fi Electronica,2026,Lo-Fi Electronica,2013
7054,13985,InterpolatesFrom,Lo-Fi Electronica,2026,Lo-Fi Electronica,2013
7054,827,InStyleOf,Lo-Fi Electronica,2026,Lo-Fi Electronica,2006
7054,14768,LyricalReferenceTo,Lo-Fi Electronica,2026,Lo-Fi Electronica,2005
7054,11467,InStyleOf,Lo-Fi Electronica,2026,Lo-Fi Electronica,2013
7054,14566,LyricalReferenceTo,Lo-Fi Electronica,2026,,
7054,5088,LyricalReferenceTo,Lo-Fi Electronica,2026,Lo-Fi Electronica,2026
7054,15838,InStyleOf,Lo-Fi Electronica,2026,Avant-Garde Folk,2014
7054,11677,LyricalReferenceTo,Lo-Fi Electronica,2026,Lo-Fi Electronica,2009
7056,13990,LyricalReferenceTo,Synthwave,2024,Post-Apocalyptic Folk,2012
7056,1763,InStyleOf,Synthwave,2024,Dream Pop,2022
7056,9019,InterpolatesFrom,Synthwave,2024,Dream Pop,2020
7056,9483,InStyleOf,Synthwave,2024,,
7056,9073,InStyleOf,Synthwave,2024,Desert Rock,2020
7056,10855,InStyleOf,Synthwave,2024,Dream Pop,2023
7056,8382,CoverOf,Synthwave,2024,Dream Pop,2024
7056,3711,DirectlySamples,Synthwave,2024,,
7056,6551,InterpolatesFrom,Synthwave,2024,Indie Folk,2014
7068,12515,InStyleOf,,,,
7074,5687,InStyleOf,Indie Folk,2017,Indie Folk,2010
7074,8888,LyricalReferenceTo,Indie Folk,2017,Indie Rock,2010
7077,12397,CoverOf,Psychedelic Rock,2017,Dream Pop,2007
7077,9884,InStyleOf,Psychedelic Rock,2017,Psychedelic Rock,2009
7077,14551,InterpolatesFrom,Psychedelic Rock,2017,,
7080,10444,InterpolatesFrom,,,Indie Folk,2017
7080,438,CoverOf,,,Dream Pop,2010
7080,7511,LyricalReferenceTo,,,Synthwave,2017
7080,14569,InterpolatesFrom,,,Synthpop,2017
7086,7844,InStyleOf,Synthwave,2025,Synthwave,2017
7089,15126,InterpolatesFrom,Dream Pop,2028,,
7089,13990,LyricalReferenceTo,Dream Pop,2028,Post-Apocalyptic Folk,2012
7089,11276,InStyleOf,Dream Pop,2028,Dream Pop,2024
7089,6054,InStyleOf,Dream Pop,2028,Dream Pop,2026
7092,16163,InStyleOf,Synthwave,2025,Post-Apocalyptic Folk,2013
7092,6006,DirectlySamples,Synthwave,2025,Doom Metal,2004
7097,14987,LyricalReferenceTo,,,Doom Metal,2017
7099,11115,LyricalReferenceTo,Avant-Garde Folk,2021,Avant-Garde Folk,1992
7100,2658,InStyleOf,Alternative Rock,2012,Dream Pop,2007
7100,5074,InStyleOf,Alternative Rock,2012,,
7100,6342,LyricalReferenceTo,Alternative Rock,2012,Dream Pop,2004
7100,9387,LyricalReferenceTo,Alternative Rock,2012,Dream Pop,2007
7100,10155,LyricalReferenceTo,Alternative Rock,2012,,
7101,5663,InterpolatesFrom,,,Indie Folk,1987
7101,8812,CoverOf,,,Synthwave,1995
7101,13421,LyricalReferenceTo,,,Dream Pop,1994
7101,2510,CoverOf,,,Dream Pop,1981
7101,5436,InStyleOf,,,Dream Pop,1984
7113,1495,CoverOf,Doom Metal,2007,Doom Metal,2004
7113,15622,CoverOf,Doom Metal,2007,Doom Metal,1997
7116,15622,DirectlySamples,Doom Metal,2007,Doom Metal,1997
7118,3526,InterpolatesFrom,Dream Pop,2028,Indie Folk,2013
7123,4856,InStyleOf,,,Synthwave,2013
7123,839,InStyleOf,,,Indie Rock,2024
7128,14124,CoverOf,Dream Pop,1992,Indie Rock,1986
7128,9048,CoverOf,Dream Pop,1992,Indie Rock,1984
7133,4694,InterpolatesFrom,Space Rock,2026,,
7133,892,InterpolatesFrom,Space Rock,2026,,
7133,6435,CoverOf,Space Rock,2026,,
7133,467,LyricalReferenceTo,Space Rock,2026,Post-Apocalyptic Folk,2020
7133,6954,LyricalReferenceTo,Space Rock,2026,Jazz Surf Rock,2025
7133,16707,InterpolatesFrom,Space Rock,2026,Space Rock,2021
7133,8823,DirectlySamples,Space Rock,2026,Space Rock,2025
7133,14569,CoverOf,Space Rock,2026,Synthpop,2017
7138,11644,InStyleOf,Speed Metal,2019,Speed Metal,2004
7138,2927,InStyleOf,Speed Metal,2019,Southern Gothic Rock,1987
7138,8095,InStyleOf,Speed Metal,2019,Southern Gothic Rock,2006
7140,1841,LyricalReferenceTo,Desert Rock,2029,Indie Folk,2010
7140,8355,InterpolatesFrom,Desert Rock,2029,Synthwave,1996
7140,15622,LyricalReferenceTo,Desert Rock,2029,Doom Metal,1997
7147,14720,InStyleOf,,,Oceanus Folk,2023
7147,13516,InStyleOf,,,Oceanus Folk,2024
7147,2398,DirectlySamples,,,Indie Folk,2023
7147,4586,InterpolatesFrom,,,Indie Folk,2023
7147,7224,InStyleOf,,,Oceanus Folk,2022
7153,2822,LyricalReferenceTo,,,Alternative Rock,1999
7153,14435,CoverOf,,,Indie Pop,2010
7157,13046,InStyleOf,Southern Gothic Rock,1997,Southern Gothic Rock,1999
7157,16517,InterpolatesFrom,Southern Gothic Rock,1997,Southern Gothic Rock,1986
7157,14851,LyricalReferenceTo,Southern Gothic Rock,1997,Blues Rock,1986
7157,15715,InStyleOf,Southern Gothic Rock,1997,Southern Gothic Rock,1993
7157,6946,InterpolatesFrom,Southern Gothic Rock,1997,Blues Rock,1992
7161,11672,LyricalReferenceTo,Synthwave,2025,Post-Apocalyptic Folk,2020
7161,467,InStyleOf,Synthwave,2025,Post-Apocalyptic Folk,2020
7165,6787,InStyleOf,Synthwave,2003,Americana,1997
7166,15622,LyricalReferenceTo,Synthpop,2004,Doom Metal,1997
7170,445,InStyleOf,,,,
7180,1841,InStyleOf,Oceanus Folk,2023,Indie Folk,2010
7180,3025,InterpolatesFrom,Oceanus Folk,2023,Oceanus Folk,2017
7189,802,DirectlySamples,Indie Rock,2004,,
7190,1841,CoverOf,Psychedelic Rock,2027,Indie Folk,2010
7190,12847,LyricalReferenceTo,Psychedelic Rock,2027,Indie Folk,2026
7190,9397,LyricalReferenceTo,Psychedelic Rock,2027,Synthwave,2017
7194,5704,InStyleOf,Emo/Pop Punk,2002,Emo/Pop Punk,1995
7194,10515,LyricalReferenceTo,Emo/Pop Punk,2002,Indie Pop,1992
7194,6315,DirectlySamples,Emo/Pop Punk,2002,Emo/Pop Punk,1987
7194,4749,InStyleOf,Emo/Pop Punk,2002,,
7195,14781,LyricalReferenceTo,Indie Folk,2029,,
7204,2800,CoverOf,Dream Pop,2023,Dream Pop,2019
7209,445,DirectlySamples,Symphonic Metal,2029,,
7209,14987,InStyleOf,Symphonic Metal,2029,Doom Metal,2017
7209,5425,InStyleOf,Symphonic Metal,2029,Doom Metal,2013
7213,10928,CoverOf,,,,
7213,4501,InterpolatesFrom,,,Doom Metal,2007
7213,2169,InterpolatesFrom,,,Oceanus Folk,2026
7213,11583,InStyleOf,,,Synthwave,2030
7221,6639,CoverOf,Alternative Rock,1997,Alternative Rock,1994
7222,8055,LyricalReferenceTo,Alternative Rock,2010,Alternative Rock,2004
7222,12089,InStyleOf,Alternative Rock,2010,,
7222,16162,LyricalReferenceTo,Alternative Rock,2010,,
7222,3508,InStyleOf,Alternative Rock,2010,,
7222,632,LyricalReferenceTo,Alternative Rock,2010,Alternative Rock,2012
7224,3501,InStyleOf,Oceanus Folk,2022,Oceanus Folk,2007
7226,15995,DirectlySamples,Indie Rock,2020,,
7235,6994,InterpolatesFrom,Oceanus Folk,2023,Oceanus Folk,2017
7235,1841,LyricalReferenceTo,Oceanus Folk,2023,Indie Folk,2010
7241,16494,InterpolatesFrom,Indie Rock,2028,Indie Rock,2026
7249,10431,InStyleOf,Indie Pop,2023,,
7249,6252,InStyleOf,Indie Pop,2023,,
7249,6454,InterpolatesFrom,Indie Pop,2023,Indie Pop,1991
7249,7977,CoverOf,Indie Pop,2023,Indie Pop,2014
7249,1539,CoverOf,Indie Pop,2023,Indie Pop,2019
7249,3217,InStyleOf,Indie Pop,2023,Avant-Garde Folk,2018
7249,12382,InStyleOf,Indie Pop,2023,Alternative Rock,2011
7249,3596,LyricalReferenceTo,Indie Pop,2023,Avant-Garde Folk,2015
7261,11939,InStyleOf,Alternative Rock,2030,,
7261,16670,InStyleOf,Alternative Rock,2030,Lo-Fi Electronica,2018
7271,9524,DirectlySamples,Alternative Rock,2024,Dream Pop,2006
7271,14510,LyricalReferenceTo,Alternative Rock,2024,,
7271,11290,InStyleOf,Alternative Rock,2024,Synthwave,2003
7271,14557,InterpolatesFrom,Alternative Rock,2024,,
7271,14799,InStyleOf,Alternative Rock,2024,Dream Pop,2011
7271,11453,InterpolatesFrom,Alternative Rock,2024,Dream Pop,2023
7271,11413,LyricalReferenceTo,Alternative Rock,2024,,
7271,16275,InStyleOf,Alternative Rock,2024,,
7273,12089,CoverOf,,,,
7273,9754,InStyleOf,,,,
7278,71,LyricalReferenceTo,Synthwave,2022,,
7278,1841,DirectlySamples,Synthwave,2022,Indie Folk,2010
7278,9884,DirectlySamples,Synthwave,2022,Psychedelic Rock,2009
7278,13085,LyricalReferenceTo,Synthwave,2022,Dream Pop,2015
7278,6960,LyricalReferenceTo,Synthwave,2022,Dream Pop,2019
7278,5392,InterpolatesFrom,Synthwave,2022,Synthpop,2016
7278,14291,InStyleOf,Synthwave,2022,Americana,2013
7278,438,LyricalReferenceTo,Synthwave,2022,Dream Pop,2010
7278,3467,CoverOf,Synthwave,2022,,
7278,4464,CoverOf,Synthwave,2022,,
7278,13324,CoverOf,Synthwave,2022,Oceanus Folk,2004
7278,9995,InterpolatesFrom,Synthwave,2022,Dream Pop,2018
7278,7511,InterpolatesFrom,Synthwave,2022,Synthwave,2017
7278,11141,InStyleOf,Synthwave,2022,,
7278,14987,DirectlySamples,Synthwave,2022,Doom Metal,2017
7278,10412,CoverOf,Synthwave,2022,,
7278,10361,InStyleOf,Synthwave,2022,Post-Apocalyptic Folk,2011
7278,10608,InStyleOf,Synthwave,2022,Space Rock,2017
7278,8245,LyricalReferenceTo,Synthwave,2022,,
7278,12916,LyricalReferenceTo,Synthwave,2022,Psychedelic Rock,2013
7278,9335,InterpolatesFrom,Synthwave,2022,Indie Rock,2016
7278,2709,CoverOf,Synthwave,2022,,
7278,4518,CoverOf,Synthwave,2022,Indie Folk,2007
7278,15622,LyricalReferenceTo,Synthwave,2022,Doom Metal,1997
7281,5425,InterpolatesFrom,Doom Metal,2017,Doom Metal,2013
7281,13324,InStyleOf,Doom Metal,2017,Oceanus Folk,2004
7281,12678,LyricalReferenceTo,Doom Metal,2017,Synthwave,2013
7286,11967,InStyleOf,,,Dream Pop,2006
7286,8992,InterpolatesFrom,,,Dream Pop,2003
7291,8233,InterpolatesFrom,Dream Pop,2017,Oceanus Folk,2010
7295,3310,DirectlySamples,Indie Folk,2023,Dream Pop,2014
7296,16084,InStyleOf,Symphonic Metal,2017,Doom Metal,2013
7299,8758,CoverOf,Jazz Surf Rock,2010,,
7311,7194,InStyleOf,Blues Rock,2010,Emo/Pop Punk,2002
7311,4749,LyricalReferenceTo,Blues Rock,2010,,
7311,14671,CoverOf,Blues Rock,2010,Emo/Pop Punk,2002
7311,13557,InStyleOf,Blues Rock,2010,Emo/Pop Punk,2009
7311,5704,InStyleOf,Blues Rock,2010,Emo/Pop Punk,1995
7313,8335,InterpolatesFrom,Dream Pop,2023,,
7313,13697,CoverOf,Dream Pop,2023,Dream Pop,2015
7313,10282,CoverOf,Dream Pop,2023,,
7313,6367,InStyleOf,Dream Pop,2023,,
7325,11404,InterpolatesFrom,Emo/Pop Punk,2004,Emo/Pop Punk,2000
7325,7005,LyricalReferenceTo,Emo/Pop Punk,2004,Emo/Pop Punk,2003
7330,10645,DirectlySamples,,,Synthwave,2010
7336,12060,InStyleOf,Synthwave,2020,,
7336,8888,CoverOf,Synthwave,2020,Indie Rock,2010
7336,438,LyricalReferenceTo,Synthwave,2020,Dream Pop,2010
7344,6271,LyricalReferenceTo,Alternative Rock,2010,,
7345,7920,LyricalReferenceTo,,,Oceanus Folk,2010
7345,14266,LyricalReferenceTo,,,,
7351,1841,InterpolatesFrom,Desert Rock,2027,Indie Folk,2010
7351,14762,LyricalReferenceTo,Desert Rock,2027,Oceanus Folk,2017
7354,13552,InterpolatesFrom,Indie Rock,2029,,
7361,10232,InStyleOf,Alternative Rock,2000,Indie Pop,1985
7361,11316,LyricalReferenceTo,Alternative Rock,2000,Blues Rock,1987
7371,12817,InStyleOf,Synthwave,2017,Synthwave,2000
7371,8593,DirectlySamples,Synthwave,2017,Doom Metal,2007
7374,10185,LyricalReferenceTo,Dream Pop,2028,Dream Pop,2026
7374,12120,InterpolatesFrom,Dream Pop,2028,,
7374,12794,InStyleOf,Dream Pop,2028,Dream Pop,2021
7380,2227,InterpolatesFrom,Space Rock,2026,,
7381,15622,InStyleOf,Americana,2030,Doom Metal,1997
7386,12382,LyricalReferenceTo,Alternative Rock,2027,Alternative Rock,2011
7389,7671,DirectlySamples,Blues Rock,1989,Alternative Rock,1983
7395,12150,CoverOf,Synthwave,2021,Indie Folk,2007
7403,3501,InStyleOf,Dream Pop,2027,Oceanus Folk,2007
7406,8355,CoverOf,Doom Metal,2020,Synthwave,1996
7406,9085,LyricalReferenceTo,Doom Metal,2020,Doom Metal,2004
7406,4884,InterpolatesFrom,Doom Metal,2020,Doom Metal,2004
7406,15129,LyricalReferenceTo,Doom Metal,2020,Doom Metal,2004
7408,1841,CoverOf,Desert Rock,2023,Indie Folk,2010
7414,9290,InterpolatesFrom,Dream Pop,2026,Alternative Rock,2018
7417,7723,CoverOf,Southern Gothic Rock,2003,,
7424,7325,CoverOf,Emo/Pop Punk,2014,Emo/Pop Punk,2004
7424,7005,LyricalReferenceTo,Emo/Pop Punk,2014,Emo/Pop Punk,2003
7431,15622,LyricalReferenceTo,Indie Folk,2017,Doom Metal,1997
7435,9884,DirectlySamples,Psychedelic Rock,2010,Psychedelic Rock,2009
7441,13563,LyricalReferenceTo,,,,
7441,6524,InterpolatesFrom,,,Oceanus Folk,2014
7441,6941,InStyleOf,,,Oceanus Folk,2023
7441,7982,LyricalReferenceTo,,,Oceanus Folk,2024
7448,6977,InterpolatesFrom,Darkwave,2023,Dream Pop,2010
7448,10948,DirectlySamples,Darkwave,2023,Darkwave,2013
7450,8888,InStyleOf,Doom Metal,2013,Indie Rock,2010
7450,12408,InterpolatesFrom,Doom Metal,2013,Doom Metal,2010
7452,8593,InterpolatesFrom,Americana,2013,Doom Metal,2007
7457,12150,InStyleOf,Symphonic Metal,2023,Indie Folk,2007
7461,15622,InterpolatesFrom,Indie Folk,2025,Doom Metal,1997
7461,5687,InterpolatesFrom,Indie Folk,2025,Indie Folk,2010
7461,6427,InterpolatesFrom,Indie Folk,2025,,
7465,6745,InterpolatesFrom,Southern Gothic Rock,2007,Indie Pop,1994
7466,13681,CoverOf,,,Indie Folk,2010
7469,3071,LyricalReferenceTo,Dream Pop,2007,Alternative Rock,1988
7469,6160,InStyleOf,Dream Pop,2007,Alternative Rock,1997
7474,15325,InStyleOf,Desert Rock,2020,,
7478,5300,InterpolatesFrom,Psychedelic Rock,2029,Psychedelic Rock,2027
7479,15622,InterpolatesFrom,Doom Metal,2026,Doom Metal,1997
7479,6006,DirectlySamples,Doom Metal,2026,Doom Metal,2004
7482,5212,InStyleOf,Avant-Garde Folk,2020,Southern Gothic Rock,2004
7492,16457,LyricalReferenceTo,Desert Rock,2027,Oceanus Folk,2021
7492,1841,InStyleOf,Desert Rock,2027,Indie Folk,2010
7495,15622,CoverOf,Desert Rock,2013,Doom Metal,1997
7511,8630,InStyleOf,Synthwave,2017,Indie Folk,2010
7511,4501,LyricalReferenceTo,Synthwave,2017,Doom Metal,2007
7517,8516,LyricalReferenceTo,Indie Rock,2023,Psychedelic Rock,2017
7517,9884,LyricalReferenceTo,Indie Rock,2023,Psychedelic Rock,2009
7517,11230,InStyleOf,Indie Rock,2023,Psychedelic Rock,2020
7517,16233,DirectlySamples,Indie Rock,2023,Psychedelic Rock,2004
7517,8888,CoverOf,Indie Rock,2023,Indie Rock,2010
7520,13546,InStyleOf,Dream Pop,2025,Doom Metal,2019
7520,438,InStyleOf,Dream Pop,2025,Dream Pop,2010
7520,12705,DirectlySamples,Dream Pop,2025,Indie Folk,2017
7525,13324,InterpolatesFrom,Oceanus Folk,2021,Oceanus Folk,2004
7534,5295,InStyleOf,Darkwave,2012,,
7540,12518,InterpolatesFrom,Synthwave,2012,,
7540,11290,LyricalReferenceTo,Synthwave,2012,Synthwave,2003
7543,5694,CoverOf,Doom Metal,2024,Dream Pop,2020
7551,2510,InStyleOf,Indie Folk,2011,Dream Pop,1981
7551,2279,InterpolatesFrom,Indie Folk,2011,Dream Pop,2005
7568,1853,CoverOf,Avant-Garde Folk,2013,Avant-Garde Folk,2011
7568,1018,LyricalReferenceTo,Avant-Garde Folk,2013,Alternative Rock,2008
7568,16035,CoverOf,Avant-Garde Folk,2013,Avant-Garde Folk,2004
7571,5425,InStyleOf,Indie Folk,2020,Doom Metal,2013
7574,15047,InStyleOf,Speed Metal,1989,Southern Gothic Rock,1986
7574,4932,LyricalReferenceTo,Speed Metal,1989,,
7575,467,InStyleOf,Dream Pop,2030,Post-Apocalyptic Folk,2020
7575,8688,CoverOf,Dream Pop,2030,Synthwave,2024
7581,3362,InStyleOf,Americana,2025,Synthwave,2022
7581,10211,CoverOf,Americana,2025,Space Rock,2021
7581,14143,DirectlySamples,Americana,2025,Darkwave,2017
7581,10928,InStyleOf,Americana,2025,,
7584,15512,InterpolatesFrom,Dream Pop,2027,Dream Pop,2024
7584,10035,InStyleOf,Dream Pop,2027,Post-Apocalyptic Folk,2026
7594,9003,InterpolatesFrom,Dream Pop,2020,Oceanus Folk,2004
7600,15622,InStyleOf,Doom Metal,2010,Doom Metal,1997
7604,9269,InStyleOf,Dream Pop,2019,Psychedelic Rock,2011
7611,11333,InStyleOf,Dream Pop,2029,Dream Pop,2024
7611,2567,CoverOf,Dream Pop,2029,Post-Apocalyptic Folk,2022
7611,9899,InStyleOf,Dream Pop,2029,,
7611,14291,InStyleOf,Dream Pop,2029,Americana,2013
7611,6307,CoverOf,Dream Pop,2029,Dream Pop,2025
7611,10361,InStyleOf,Dream Pop,2029,Post-Apocalyptic Folk,2011
7611,7897,InStyleOf,Dream Pop,2029,Post-Apocalyptic Folk,2014
7611,438,CoverOf,Dream Pop,2029,Dream Pop,2010
7611,467,InStyleOf,Dream Pop,2029,Post-Apocalyptic Folk,2020
7611,16719,InStyleOf,Dream Pop,2029,,
7611,11737,InStyleOf,Dream Pop,2029,Indie Folk,2007
7611,10593,CoverOf,Dream Pop,2029,,
7611,12397,CoverOf,Dream Pop,2029,Dream Pop,2007
7611,9884,InterpolatesFrom,Dream Pop,2029,Psychedelic Rock,2009
7618,10086,CoverOf,,,,
7618,14442,InterpolatesFrom,,,Jazz Surf Rock,2000
7618,10002,InStyleOf,,,Jazz Surf Rock,2013
7630,10434,InStyleOf,Speed Metal,2010,Speed Metal,2007
7646,6643,LyricalReferenceTo,Indie Folk,2017,Indie Folk,2013
7658,5283,InterpolatesFrom,Alternative Rock,2031,Indie Pop,2003
7658,16440,InStyleOf,Alternative Rock,2031,,
7658,10600,LyricalReferenceTo,Alternative Rock,2031,Alternative Rock,2005
7658,11008,CoverOf,Alternative Rock,2031,,
7662,1772,DirectlySamples,Southern Gothic Rock,2013,Southern Gothic Rock,2010
7662,1411,CoverOf,Southern Gothic Rock,2013,Southern Gothic Rock,2013
7662,12475,InStyleOf,Southern Gothic Rock,2013,Southern Gothic Rock,1997
7662,1293,InterpolatesFrom,Southern Gothic Rock,2013,,
7662,11368,CoverOf,Southern Gothic Rock,2013,Southern Gothic Rock,2004
7662,14658,CoverOf,Southern Gothic Rock,2013,,
7662,3349,InStyleOf,Southern Gothic Rock,2013,Indie Pop,2002
7662,13933,CoverOf,Southern Gothic Rock,2013,,
7669,1293,LyricalReferenceTo,Southern Gothic Rock,2017,,
7669,13654,InStyleOf,Southern Gothic Rock,2017,Southern Gothic Rock,2000
7669,11368,InStyleOf,Southern Gothic Rock,2017,Southern Gothic Rock,2004
7669,11298,CoverOf,Southern Gothic Rock,2017,,
7669,14658,LyricalReferenceTo,Southern Gothic Rock,2017,,
7669,3349,InStyleOf,Southern Gothic Rock,2017,Indie Pop,2002
7672,11432,InStyleOf,Dream Pop,2025,Dream Pop,2010
7672,16211,LyricalReferenceTo,Dream Pop,2025,Dream Pop,2023
7672,2440,InStyleOf,Dream Pop,2025,,
7672,5432,DirectlySamples,Dream Pop,2025,Synthwave,2004
7680,4666,LyricalReferenceTo,Dream Pop,2015,Indie Folk,2000
7680,6899,LyricalReferenceTo,Dream Pop,2015,Synthwave,2000
7687,13758,LyricalReferenceTo,,,Indie Folk,2013
7693,15001,LyricalReferenceTo,,,,
7700,12833,InterpolatesFrom,,,Doom Metal,2020
7700,5887,CoverOf,,,Doom Metal,1997
7714,15198,InStyleOf,,,Dream Pop,2013
7736,6551,InStyleOf,,,Indie Folk,2014
7736,10608,InStyleOf,,,Space Rock,2017
7736,15622,CoverOf,,,Doom Metal,1997
7736,4492,InStyleOf,,,Space Rock,2018
7739,5764,CoverOf,Southern Gothic Rock,2023,,
7739,2595,InStyleOf,Southern Gothic Rock,2023,Indie Pop,1984
7739,16495,LyricalReferenceTo,Southern Gothic Rock,2023,Southern Gothic Rock,1997
7739,13357,LyricalReferenceTo,Southern Gothic Rock,2023,,
7739,5110,LyricalReferenceTo,Southern Gothic Rock,2023,Indie Pop,1991
7739,13001,CoverOf,Southern Gothic Rock,2023,,
7739,10090,InStyleOf,Southern Gothic Rock,2023,Southern Gothic Rock,1998
7739,4609,DirectlySamples,Southern Gothic Rock,2023,Avant-Garde Folk,1997
7740,14038,InStyleOf,Southern Gothic Rock,2023,,
7740,14510,InterpolatesFrom,Southern Gothic Rock,2023,,
7740,15894,LyricalReferenceTo,Southern Gothic Rock,2023,Indie Pop,2014
7740,14481,InterpolatesFrom,Southern Gothic Rock,2023,Southern Gothic Rock,2020
7740,9061,LyricalReferenceTo,Southern Gothic Rock,2023,Southern Gothic Rock,2019
7740,10503,LyricalReferenceTo,Southern Gothic Rock,2023,Southern Gothic Rock,2013
7741,1407,CoverOf,Dream Pop,2029,,
7747,7502,InStyleOf,Indie Folk,2003,Indie Folk,1997
7748,5887,InStyleOf,Synthwave,2028,Doom Metal,1997
7748,2212,InterpolatesFrom,Synthwave,2028,Doom Metal,2016
7752,1841,InStyleOf,Space Rock,2023,Indie Folk,2010
7761,3616,InStyleOf,Indie Folk,2023,Indie Folk,2017
7763,5808,LyricalReferenceTo,Jazz Surf Rock,2027,,
7763,12678,InStyleOf,Jazz Surf Rock,2027,Synthwave,2013
7763,467,InStyleOf,Jazz Surf Rock,2027,Post-Apocalyptic Folk,2020
7769,9877,CoverOf,Post-Apocalyptic Folk,2021,Dream Pop,2015
7782,6257,InStyleOf,,,Doom Metal,2020
7782,10301,CoverOf,,,Symphonic Metal,2010
7787,4586,CoverOf,,,Indie Folk,2023
7787,264,DirectlySamples,,,,
7793,6006,LyricalReferenceTo,Synthwave,2023,Doom Metal,2004
7797,9089,LyricalReferenceTo,Southern Gothic Rock,2030,Indie Pop,2007
7797,9040,InterpolatesFrom,Southern Gothic Rock,2030,Southern Gothic Rock,2020
7797,3350,InterpolatesFrom,Southern Gothic Rock,2030,Southern Gothic Rock,1992
7797,8394,CoverOf,Southern Gothic Rock,2030,,
7797,14482,DirectlySamples,Southern Gothic Rock,2030,Indie Pop,2009
7797,12866,LyricalReferenceTo,Southern Gothic Rock,2030,Indie Pop,2007
7797,8372,LyricalReferenceTo,Southern Gothic Rock,2030,Avant-Garde Folk,2007
7804,6949,LyricalReferenceTo,Indie Folk,2020,Indie Rock,2017
7804,6177,InStyleOf,Indie Folk,2020,,
7810,5680,LyricalReferenceTo,Indie Rock,2028,Americana,2020
7810,8904,CoverOf,Indie Rock,2028,Doom Metal,2014
7810,15622,InterpolatesFrom,Indie Rock,2028,Doom Metal,1997
7821,8888,InterpolatesFrom,Doom Metal,2023,Indie Rock,2010
7826,7630,LyricalReferenceTo,Speed Metal,2026,Speed Metal,2010
7826,10434,InStyleOf,Speed Metal,2026,Speed Metal,2007
7826,4432,InterpolatesFrom,Speed Metal,2026,Speed Metal,2005
7828,14505,InterpolatesFrom,Alternative Rock,2023,Southern Gothic Rock,2024
7828,3239,InStyleOf,Alternative Rock,2023,Southern Gothic Rock,2003
7838,13724,InStyleOf,Synthwave,2020,Synthwave,2013
7838,4777,LyricalReferenceTo,Synthwave,2020,Synthwave,2014
7838,7484,InterpolatesFrom,Synthwave,2020,,
7839,3025,CoverOf,Desert Rock,2020,Oceanus Folk,2017
7842,15745,InStyleOf,Avant-Garde Folk,2029,,
7842,7325,InStyleOf,Avant-Garde Folk,2029,Emo/Pop Punk,2004
7842,7707,InStyleOf,Avant-Garde Folk,2029,Avant-Garde Folk,1997
7842,12344,CoverOf,Avant-Garde Folk,2029,Alternative Rock,2021
7842,7012,InterpolatesFrom,Avant-Garde Folk,2029,,
7842,6864,CoverOf,Avant-Garde Folk,2029,Avant-Garde Folk,2017
7842,1018,InStyleOf,Avant-Garde Folk,2029,Alternative Rock,2008
7842,10120,InStyleOf,Avant-Garde Folk,2029,Avant-Garde Folk,2020
7842,3512,InterpolatesFrom,Avant-Garde Folk,2029,Indie Pop,2013
7851,12199,DirectlySamples,,,Doom Metal,2007
7854,15622,CoverOf,Jazz Surf Rock,2028,Doom Metal,1997
7860,4188,InStyleOf,Indie Pop,2020,Indie Pop,1995
7861,12091,LyricalReferenceTo,Alternative Rock,2025,Southern Gothic Rock,1997
7866,14670,InStyleOf,Alternative Rock,2023,Alternative Rock,1984
7870,1057,InterpolatesFrom,,,,
7870,7116,CoverOf,,,Doom Metal,2007
7873,8274,DirectlySamples,Dream Pop,2027,Dream Pop,2020
7873,3018,InStyleOf,Dream Pop,2027,Dream Pop,2023
7876,3025,InStyleOf,Oceanus Folk,2027,Oceanus Folk,2017
7876,6833,CoverOf,Oceanus Folk,2027,Dream Pop,2023
7876,15285,CoverOf,Oceanus Folk,2027,Dream Pop,2025
7876,13327,InStyleOf,Oceanus Folk,2027,,
7876,9096,CoverOf,Oceanus Folk,2027,Oceanus Folk,2017
7876,1841,InterpolatesFrom,Oceanus Folk,2027,Indie Folk,2010
7882,15970,DirectlySamples,Southern Gothic Rock,2018,Southern Gothic Rock,2017
7891,2751,LyricalReferenceTo,Blues Rock,1995,Indie Pop,1984
7893,11110,CoverOf,Symphonic Metal,2029,Indie Folk,2017
7893,6087,InStyleOf,Symphonic Metal,2029,Doom Metal,2025
7897,9884,LyricalReferenceTo,Post-Apocalyptic Folk,2014,Psychedelic Rock,2009
7897,14322,LyricalReferenceTo,Post-Apocalyptic Folk,2014,Post-Apocalyptic Folk,2013
7902,15622,LyricalReferenceTo,Indie Folk,2017,Doom Metal,1997
7902,438,LyricalReferenceTo,Indie Folk,2017,Dream Pop,2010
7908,11097,InterpolatesFrom,,,Darkwave,2019
7908,13632,CoverOf,,,Darkwave,2016
7918,14989,CoverOf,Darkwave,2020,Indie Rock,2007
7918,1611,CoverOf,Darkwave,2020,Indie Rock,2015
7920,2572,CoverOf,Oceanus Folk,2010,Synthwave,2004
7920,11290,InStyleOf,Oceanus Folk,2010,Synthwave,2003
7923,14965,InterpolatesFrom,Americana,2020,Doom Metal,2010
7929,12397,InStyleOf,Americana,2025,Dream Pop,2007
7936,11491,InterpolatesFrom,Indie Rock,2028,Psychedelic Rock,2012
7936,5911,InStyleOf,Indie Rock,2028,Indie Rock,2024
7939,8498,InStyleOf,,,,
7944,14464,CoverOf,Doom Metal,2000,Doom Metal,1991
7949,7278,DirectlySamples,Dream Pop,2029,Synthwave,2022
7949,7691,InStyleOf,Dream Pop,2029,Dream Pop,2021
7949,3362,CoverOf,Dream Pop,2029,Synthwave,2022
7955,5181,InStyleOf,Synthwave,2026,Dream Pop,2018
7958,10503,InterpolatesFrom,Southern Gothic Rock,2023,Southern Gothic Rock,2013
7958,14510,InStyleOf,Southern Gothic Rock,2023,,
7958,9061,LyricalReferenceTo,Southern Gothic Rock,2023,Southern Gothic Rock,2019
7961,2505,InterpolatesFrom,Synthwave,2026,,
7961,13574,LyricalReferenceTo,Synthwave,2026,Synthwave,2008
7961,15622,InterpolatesFrom,Synthwave,2026,Doom Metal,1997
7963,933,InStyleOf,Dream Pop,2000,Dream Pop,1998
7963,6368,InStyleOf,Dream Pop,2000,Synthwave,1994
7966,14272,LyricalReferenceTo,Dream Pop,2027,Dream Pop,2022
7969,5455,InStyleOf,Indie Pop,2023,Southern Gothic Rock,1999
7969,14151,InStyleOf,Indie Pop,2023,Southern Gothic Rock,2014
7969,13361,CoverOf,Indie Pop,2023,Blues Rock,2011
7969,3540,LyricalReferenceTo,Indie Pop,2023,,
7971,7897,InterpolatesFrom,Dream Pop,2017,Post-Apocalyptic Folk,2014
7971,16719,InterpolatesFrom,Dream Pop,2017,,
7971,3008,LyricalReferenceTo,Dream Pop,2017,Dream Pop,2021
7971,445,InStyleOf,Dream Pop,2017,,
7979,10150,CoverOf,,,Alternative Rock,1997
7982,3501,InStyleOf,Oceanus Folk,2024,Oceanus Folk,2007
7982,6524,DirectlySamples,Oceanus Folk,2024,Oceanus Folk,2014
7987,2694,DirectlySamples,,,Blues Rock,2004
7990,2073,DirectlySamples,Indie Rock,2025,Doom Metal,1994
7999,13421,LyricalReferenceTo,Alternative Rock,2025,Dream Pop,1994
7999,6658,CoverOf,Alternative Rock,2025,Dream Pop,2010
8006,8233,CoverOf,Americana,2018,Oceanus Folk,2010
8013,8872,CoverOf,Speed Metal,2004,Speed Metal,1993
8013,13430,LyricalReferenceTo,Speed Metal,2004,Speed Metal,1991
8013,6227,InterpolatesFrom,Speed Metal,2004,Speed Metal,1999
8014,8382,InterpolatesFrom,Synthwave,2026,Dream Pop,2024
8014,15622,InterpolatesFrom,Synthwave,2026,Doom Metal,1997
8018,15622,InterpolatesFrom,Synthwave,2010,Doom Metal,1997
8024,5687,CoverOf,,,Indie Folk,2010
8045,5680,InStyleOf,Dream Pop,2026,Americana,2020
8058,7987,InStyleOf,Southern Gothic Rock,2025,,
8060,14622,InStyleOf,,,Post-Apocalyptic Folk,2007
8065,8344,InStyleOf,Dream Pop,2027,Dream Pop,2022
8068,14206,InterpolatesFrom,Synthpop,2022,Synthpop,2013
8075,3743,LyricalReferenceTo,,,Southern Gothic Rock,1985
8077,5844,InStyleOf,Southern Gothic Rock,2023,Southern Gothic Rock,2005
8078,5455,CoverOf,Avant-Garde Folk,2011,Southern Gothic Rock,1999
8078,16702,LyricalReferenceTo,Avant-Garde Folk,2011,Avant-Garde Folk,1997
8079,12332,InStyleOf,Oceanus Folk,2013,Oceanus Folk,2010
8081,14191,CoverOf,Desert Rock,2029,Dream Pop,2026
8086,7010,InterpolatesFrom,Americana,2026,Indie Folk,2010
8094,3962,LyricalReferenceTo,Lo-Fi Electronica,2017,Speed Metal,1997
8095,2927,CoverOf,Southern Gothic Rock,2006,Southern Gothic Rock,1987
8096,14291,DirectlySamples,Indie Folk,2017,Americana,2013
8099,12072,LyricalReferenceTo,,,Psychedelic Rock,2017
8099,10928,InterpolatesFrom,,,,
8103,15075,CoverOf,,,Alternative Rock,2020
8112,9903,InterpolatesFrom,Dream Pop,2027,Dream Pop,2021
8115,5279,DirectlySamples,,,Indie Pop,1998
8115,6245,InStyleOf,,,Emo/Pop Punk,1989
8115,1121,LyricalReferenceTo,,,Southern Gothic Rock,1997
8115,11142,InterpolatesFrom,,,Indie Pop,1992
8115,10488,CoverOf,,,,
8115,12091,CoverOf,,,Southern Gothic Rock,1997
8115,6262,CoverOf,,,Dream Pop,1992
8115,2042,InStyleOf,,,,
8115,2628,InterpolatesFrom,,,,
8115,13823,InStyleOf,,,Blues Rock,1994
8115,8814,InterpolatesFrom,,,Alternative Rock,1994
8118,7116,LyricalReferenceTo,Desert Rock,2023,Doom Metal,2007
8122,11300,InStyleOf,Dream Pop,2029,,
8122,10909,LyricalReferenceTo,Dream Pop,2029,Dream Pop,2017
8122,1863,LyricalReferenceTo,Dream Pop,2029,Oceanus Folk,2013
8148,2691,InStyleOf,Oceanus Folk,2009,,
8153,15441,DirectlySamples,Oceanus Folk,2020,Oceanus Folk,2017
8153,1841,InterpolatesFrom,Oceanus Folk,2020,Indie Folk,2010
8159,4464,CoverOf,Americana,2021,,
8163,15325,InStyleOf,Desert Rock,2020,,
8168,5887,InStyleOf,,,Doom Metal,1997
8179,2937,InStyleOf,Dream Pop,2023,Dream Pop,2017
8182,12678,DirectlySamples,Dream Pop,2029,Synthwave,2013
8182,13216,InterpolatesFrom,Dream Pop,2029,Desert Rock,2025
8182,8964,InStyleOf,Dream Pop,2029,Doom Metal,2017
8182,12794,LyricalReferenceTo,Dream Pop,2029,Dream Pop,2021
8190,14989,CoverOf,,,Indie Rock,2007
8200,1857,InterpolatesFrom,Indie Rock,2013,Indie Rock,2006
8201,6635,InterpolatesFrom,Symphonic Metal,2023,,
8201,9659,InStyleOf,Symphonic Metal,2023,Synthwave,2006
8201,3966,InterpolatesFrom,Symphonic Metal,2023,Synthwave,2018
8201,8862,LyricalReferenceTo,Symphonic Metal,2023,Symphonic Metal,2013
8203,14994,LyricalReferenceTo,Indie Folk,2023,Indie Folk,1997
8207,2927,InStyleOf,Alternative Rock,2004,Southern Gothic Rock,1987
8207,550,InStyleOf,Alternative Rock,2004,Southern Gothic Rock,1999
8207,16528,DirectlySamples,Alternative Rock,2004,Emo/Pop Punk,2003
8209,9817,DirectlySamples,Southern Gothic Rock,2027,,
8209,14262,InterpolatesFrom,Southern Gothic Rock,2027,Emo/Pop Punk,2020
8209,11142,CoverOf,Southern Gothic Rock,2027,Indie Pop,1992
8211,14944,LyricalReferenceTo,Lo-Fi Electronica,2011,,
8211,966,DirectlySamples,Lo-Fi Electronica,2011,Lo-Fi Electronica,2003
8214,5028,InterpolatesFrom,Alternative Rock,2024,Alternative Rock,2007
8214,14438,LyricalReferenceTo,Alternative Rock,2024,Alternative Rock,2004
8214,2279,CoverOf,Alternative Rock,2024,Dream Pop,2005
8214,8821,InStyleOf,Alternative Rock,2024,Alternative Rock,2008
8214,5891,CoverOf,Alternative Rock,2024,Dream Pop,2008
8215,2445,InStyleOf,,,Doom Metal,2007
8215,402,InStyleOf,,,Synthwave,2011
8215,13149,InStyleOf,,,,
8215,7310,CoverOf,,,Doom Metal,2007
8215,8888,InterpolatesFrom,,,Indie Rock,2010
8216,11014,DirectlySamples,,,Indie Folk,2017
8216,8888,InterpolatesFrom,,,Indie Rock,2010
8220,9161,InterpolatesFrom,Synthwave,2028,Americana,2007
8225,15343,InStyleOf,Speed Metal,2020,Speed Metal,1987
8225,16724,InStyleOf,Speed Metal,2020,Speed Metal,2000
8225,4583,InStyleOf,Speed Metal,2020,Speed Metal,1983
8225,14976,CoverOf,Speed Metal,2020,Speed Metal,2010
8230,6315,LyricalReferenceTo,Emo/Pop Punk,1989,Emo/Pop Punk,1987
8230,1955,CoverOf,Emo/Pop Punk,1989,Emo/Pop Punk,1985
8231,438,CoverOf,Synthwave,2010,Dream Pop,2010
8233,15994,InStyleOf,Oceanus Folk,2010,Oceanus Folk,2007
8243,7563,CoverOf,Doom Metal,2010,,
8245,10281,InStyleOf,,,Synthwave,2016
8251,10673,DirectlySamples,Doom Metal,2017,Doom Metal,2013
8251,7116,InStyleOf,Doom Metal,2017,Doom Metal,2007
8258,12081,InStyleOf,Synthwave,2023,Doom Metal,2017
8263,11127,InStyleOf,Psychedelic Rock,2022,Psychedelic Rock,2016
8263,445,CoverOf,Psychedelic Rock,2022,,
8273,15521,DirectlySamples,Southern Gothic Rock,2000,Indie Pop,1994
8283,13332,InStyleOf,Indie Folk,2020,Darkwave,2022
8283,5295,CoverOf,Indie Folk,2020,,
8283,1738,CoverOf,Indie Folk,2020,Doom Metal,2017
8288,4229,InterpolatesFrom,Alternative Rock,2026,Southern Gothic Rock,1995
8288,11144,InterpolatesFrom,Alternative Rock,2026,,
8292,11578,InterpolatesFrom,Desert Rock,2029,Oceanus Folk,2026
8295,886,InStyleOf,Alternative Rock,2029,Oceanus Folk,2023
8295,5854,LyricalReferenceTo,Alternative Rock,2029,Indie Folk,2017
8295,6994,InStyleOf,Alternative Rock,2029,Oceanus Folk,2017
8300,12126,InterpolatesFrom,Indie Folk,2030,Indie Folk,2004
8307,14987,InStyleOf,Jazz Surf Rock,2023,Doom Metal,2017
8307,9884,LyricalReferenceTo,Jazz Surf Rock,2023,Psychedelic Rock,2009
8311,16507,InStyleOf,Alternative Rock,2013,Blues Rock,1994
8311,16034,InStyleOf,Alternative Rock,2013,Southern Gothic Rock,2000
8314,2087,InStyleOf,Dream Pop,2024,,
8316,11290,InterpolatesFrom,Dream Pop,2025,Synthwave,2003
8323,9899,InStyleOf,Synthwave,2024,,
8328,7244,InterpolatesFrom,Synthwave,2025,Synthwave,2013
8328,13399,InterpolatesFrom,Synthwave,2025,Indie Folk,2013
8331,12382,LyricalReferenceTo,Blues Rock,2018,Alternative Rock,2011
8331,15388,InterpolatesFrom,Blues Rock,2018,Avant-Garde Folk,2015
8332,8593,InStyleOf,,,Doom Metal,2007
8339,7244,InStyleOf,Indie Folk,2020,Synthwave,2013
8344,15899,InterpolatesFrom,Dream Pop,2022,Indie Folk,2010
8344,14984,InStyleOf,Dream Pop,2022,Synthwave,2017
8348,7281,InStyleOf,,,Doom Metal,2017
8348,14707,LyricalReferenceTo,,,Symphonic Metal,2023
8352,14816,InStyleOf,Psychedelic Rock,2019,,
8359,8653,DirectlySamples,Dream Pop,2029,Psychedelic Rock,2027
8359,5540,InStyleOf,Dream Pop,2029,Dream Pop,2023
8372,3350,InterpolatesFrom,Avant-Garde Folk,2007,Southern Gothic Rock,1992
8372,3123,InStyleOf,Avant-Garde Folk,2007,Indie Pop,2005
8372,5455,LyricalReferenceTo,Avant-Garde Folk,2007,Southern Gothic Rock,1999
8372,9089,InterpolatesFrom,Avant-Garde Folk,2007,Indie Pop,2007
8389,7116,CoverOf,Indie Folk,2020,Doom Metal,2007
8394,5455,InterpolatesFrom,,,Southern Gothic Rock,1999
8394,8372,InStyleOf,,,Avant-Garde Folk,2007
8394,9089,CoverOf,,,Indie Pop,2007
8394,3350,LyricalReferenceTo,,,Southern Gothic Rock,1992
8401,11097,LyricalReferenceTo,Lo-Fi Electronica,2023,Darkwave,2019
8409,11453,InStyleOf,Jazz Surf Rock,2029,Dream Pop,2023
8409,3616,CoverOf,Jazz Surf Rock,2029,Indie Folk,2017
8409,7271,InStyleOf,Jazz Surf Rock,2029,Alternative Rock,2024
8409,9526,InStyleOf,Jazz Surf Rock,2029,Synthwave,2001
8413,1495,InStyleOf,Indie Rock,2025,Doom Metal,2004
8423,15957,CoverOf,Southern Gothic Rock,2024,,
8423,16082,CoverOf,Southern Gothic Rock,2024,,
8428,16366,InterpolatesFrom,,,,
8439,4178,LyricalReferenceTo,Dream Pop,2025,,
8439,9884,InterpolatesFrom,Dream Pop,2025,Psychedelic Rock,2009
8445,5913,DirectlySamples,Southern Gothic Rock,2029,,
8445,16631,InterpolatesFrom,Southern Gothic Rock,2029,Blues Rock,2023
8448,4459,DirectlySamples,Jazz Surf Rock,2029,Synthwave,2013
8453,12691,LyricalReferenceTo,Oceanus Folk,2026,,
8453,3520,DirectlySamples,Oceanus Folk,2026,Oceanus Folk,2026
8453,9214,InterpolatesFrom,Oceanus Folk,2026,Desert Rock,2028
8458,1841,InterpolatesFrom,Oceanus Folk,2020,Indie Folk,2010
8464,15622,LyricalReferenceTo,,,Doom Metal,1997
8469,14700,LyricalReferenceTo,,,Southern Gothic Rock,2009
8469,10141,LyricalReferenceTo,,,Speed Metal,2008
8477,6006,InStyleOf,Synthwave,2017,Doom Metal,2004
8477,6080,DirectlySamples,Synthwave,2017,Doom Metal,2013
8483,7278,DirectlySamples,Indie Folk,2026,Synthwave,2022
8494,16275,InterpolatesFrom,Lo-Fi Electronica,2022,,
8494,12300,CoverOf,Lo-Fi Electronica,2022,Lo-Fi Electronica,2018
8495,14670,LyricalReferenceTo,Synthwave,2004,Alternative Rock,1984
8498,14859,InterpolatesFrom,,,Desert Rock,2017
8504,3025,InterpolatesFrom,,,Oceanus Folk,2017
8504,1841,InterpolatesFrom,,,Indie Folk,2010
8504,16524,InStyleOf,,,Oceanus Folk,2013
8509,12162,CoverOf,Dream Pop,2019,Alternative Rock,2018
8511,14965,DirectlySamples,,,Doom Metal,2010
8547,12079,LyricalReferenceTo,Synthwave,2027,Synthwave,2021
8547,14035,LyricalReferenceTo,Synthwave,2027,Doom Metal,2020
8547,6006,InStyleOf,Synthwave,2027,Doom Metal,2004
8551,8892,InStyleOf,Desert Rock,2026,,
8553,10673,InStyleOf,Indie Folk,2029,Doom Metal,2013
8553,6521,CoverOf,Indie Folk,2029,Doom Metal,2028
8553,7116,LyricalReferenceTo,Indie Folk,2029,Doom Metal,2007
8557,6524,InStyleOf,Oceanus Folk,2023,Oceanus Folk,2014
8560,14435,LyricalReferenceTo,,,Indie Pop,2010
8587,6006,InStyleOf,Synthwave,2013,Doom Metal,2004
8587,9077,InStyleOf,Synthwave,2013,Doom Metal,2007
8590,11793,InterpolatesFrom,Dream Pop,2018,Dream Pop,1991
8597,6329,InStyleOf,Indie Pop,2007,,
8599,15622,LyricalReferenceTo,,,Doom Metal,1997
8599,5887,InStyleOf,,,Doom Metal,1997
8599,5295,InStyleOf,,,,
8602,11175,InterpolatesFrom,Dream Pop,2026,,
8602,14322,LyricalReferenceTo,Dream Pop,2026,Post-Apocalyptic Folk,2013
8602,15622,InStyleOf,Dream Pop,2026,Doom Metal,1997
8602,14291,InterpolatesFrom,Dream Pop,2026,Americana,2013
8602,13721,InterpolatesFrom,Dream Pop,2026,,
8604,6233,CoverOf,Synthwave,2026,,
8604,10747,DirectlySamples,Synthwave,2026,Dream Pop,2019
8604,12043,LyricalReferenceTo,Synthwave,2026,Dream Pop,2023
8604,11225,InterpolatesFrom,Synthwave,2026,Synthwave,2024
8604,10342,InStyleOf,Synthwave,2026,Dream Pop,2017
8604,10659,LyricalReferenceTo,Synthwave,2026,Dream Pop,2025
8620,5826,InStyleOf,Oceanus Folk,2023,Desert Rock,2020
8624,7534,LyricalReferenceTo,Darkwave,2024,Darkwave,2012
8634,8009,InterpolatesFrom,Americana,2017,,
8636,6762,InStyleOf,Dream Pop,2023,Symphonic Metal,2007
8636,8006,InStyleOf,Dream Pop,2023,Americana,2018
8636,15306,InStyleOf,Dream Pop,2023,Psychedelic Rock,2004
8636,7330,LyricalReferenceTo,Dream Pop,2023,,
8640,10111,CoverOf,Post-Apocalyptic Folk,2026,Darkwave,2019
8640,7534,LyricalReferenceTo,Post-Apocalyptic Folk,2026,Darkwave,2012
8640,3362,InStyleOf,Post-Apocalyptic Folk,2026,Synthwave,2022
8640,14401,DirectlySamples,Post-Apocalyptic Folk,2026,Darkwave,2019
8640,13332,InterpolatesFrom,Post-Apocalyptic Folk,2026,Darkwave,2022
8640,4981,InStyleOf,Post-Apocalyptic Folk,2026,Space Rock,2024
8640,10567,LyricalReferenceTo,Post-Apocalyptic Folk,2026,,
8648,6245,InStyleOf,,,Emo/Pop Punk,1989
8650,112,InStyleOf,Alternative Rock,2013,Lo-Fi Electronica,2007
8653,13708,CoverOf,Psychedelic Rock,2027,Dream Pop,2026
8653,5540,LyricalReferenceTo,Psychedelic Rock,2027,Dream Pop,2023
8655,9884,LyricalReferenceTo,Oceanus Folk,2017,Psychedelic Rock,2009
8658,12242,LyricalReferenceTo,Indie Pop,2020,,
8663,10530,CoverOf,,,,
8667,4547,InterpolatesFrom,Psychedelic Rock,2025,Psychedelic Rock,2020
8667,11768,CoverOf,Psychedelic Rock,2025,Dream Pop,2024
8667,951,InStyleOf,Psychedelic Rock,2025,,
8667,9516,InterpolatesFrom,Psychedelic Rock,2025,Psychedelic Rock,2019
8667,11217,CoverOf,Psychedelic Rock,2025,Dream Pop,2008
8675,15622,InStyleOf,Darkwave,2007,Doom Metal,1997
8676,8373,InterpolatesFrom,Indie Folk,2023,Indie Folk,2020
8678,7778,InStyleOf,Doom Metal,2023,Indie Folk,2004
8678,1508,InStyleOf,Doom Metal,2023,Doom Metal,2018
8680,2167,InStyleOf,,,Lo-Fi Electronica,2007
8680,5643,InStyleOf,,,Lo-Fi Electronica,2011
8680,11327,InStyleOf,,,Lo-Fi Electronica,1998
8695,5960,InterpolatesFrom,Synthwave,2024,,
8695,8581,CoverOf,Synthwave,2024,Indie Rock,2001
8698,12025,InStyleOf,Lo-Fi Electronica,2016,Lo-Fi Electronica,2013
8698,11327,InterpolatesFrom,Lo-Fi Electronica,2016,Lo-Fi Electronica,1998
8703,5238,LyricalReferenceTo,Jazz Surf Rock,2029,Jazz Surf Rock,2016
8703,15478,InterpolatesFrom,Jazz Surf Rock,2029,Jazz Surf Rock,2017
8708,5279,InStyleOf,Emo/Pop Punk,2023,Indie Pop,1998
8708,2792,DirectlySamples,Emo/Pop Punk,2023,,
8708,4854,CoverOf,Emo/Pop Punk,2023,Southern Gothic Rock,2004
8709,3727,DirectlySamples,Indie Rock,2020,Dream Pop,2017
8714,1841,InStyleOf,Oceanus Folk,2025,Indie Folk,2010
8714,2398,CoverOf,Oceanus Folk,2025,Indie Folk,2023
8714,6611,InterpolatesFrom,Oceanus Folk,2025,Oceanus Folk,2013
8714,16524,LyricalReferenceTo,Oceanus Folk,2025,Oceanus Folk,2013
8717,13574,CoverOf,Doom Metal,2017,Synthwave,2008
8717,13990,InStyleOf,Doom Metal,2017,Post-Apocalyptic Folk,2012
8717,13681,LyricalReferenceTo,Doom Metal,2017,Indie Folk,2010
8722,16090,CoverOf,Dream Pop,2026,Synthpop,2017
8731,2615,InStyleOf,Avant-Garde Folk,2020,,
8731,1853,InStyleOf,Avant-Garde Folk,2020,Avant-Garde Folk,2011
8731,12375,LyricalReferenceTo,Avant-Garde Folk,2020,Southern Gothic Rock,2007
8731,1018,LyricalReferenceTo,Avant-Garde Folk,2020,Alternative Rock,2008
8731,9236,LyricalReferenceTo,Avant-Garde Folk,2020,Southern Gothic Rock,1992
8731,15287,InterpolatesFrom,Avant-Garde Folk,2020,,
8731,1700,InStyleOf,Avant-Garde Folk,2020,Southern Gothic Rock,2016
8731,1101,InStyleOf,Avant-Garde Folk,2020,,
8731,7012,InterpolatesFrom,Avant-Garde Folk,2020,,
8731,16529,InterpolatesFrom,Avant-Garde Folk,2020,Southern Gothic Rock,1991
8732,8593,LyricalReferenceTo,Synthwave,2015,Doom Metal,2007
8734,14994,InStyleOf,,,Indie Folk,1997
8739,3962,InStyleOf,Speed Metal,2005,Speed Metal,1997
8739,13430,CoverOf,Speed Metal,2005,Speed Metal,1991
8740,445,CoverOf,Dream Pop,2023,,
8751,13223,InterpolatesFrom,Alternative Rock,2024,Alternative Rock,2017
8754,15622,InStyleOf,Indie Rock,2004,Doom Metal,1997
8758,13960,InStyleOf,,,,
8763,12517,CoverOf,Lo-Fi Electronica,2028,Lo-Fi Electronica,2007
8766,1841,InStyleOf,Desert Rock,2020,Indie Folk,2010
8766,7773,InStyleOf,Desert Rock,2020,Indie Rock,2019
8770,11327,InterpolatesFrom,Lo-Fi Electronica,2018,Lo-Fi Electronica,1998
8770,2467,InStyleOf,Lo-Fi Electronica,2018,,
8773,14768,InStyleOf,Lo-Fi Electronica,2027,Lo-Fi Electronica,2005
8773,2467,InStyleOf,Lo-Fi Electronica,2027,,
8773,827,InterpolatesFrom,Lo-Fi Electronica,2027,Lo-Fi Electronica,2006
8773,11327,CoverOf,Lo-Fi Electronica,2027,Lo-Fi Electronica,1998
8773,1265,InStyleOf,Lo-Fi Electronica,2027,,
8773,10574,CoverOf,Lo-Fi Electronica,2027,Lo-Fi Electronica,2007
8773,966,DirectlySamples,Lo-Fi Electronica,2027,Lo-Fi Electronica,2003
8776,13681,InterpolatesFrom,,,Indie Folk,2010
8782,9290,CoverOf,,,Alternative Rock,2018
8785,13062,DirectlySamples,Americana,2000,Doom Metal,1994
8785,15622,InStyleOf,Americana,2000,Doom Metal,1997
8791,5233,InterpolatesFrom,Dream Pop,2022,,
8795,2828,InterpolatesFrom,,,Doom Metal,2007
8795,13794,InStyleOf,,,Indie Rock,2020
8795,15383,LyricalReferenceTo,,,Doom Metal,2007
8801,12010,InStyleOf,,,Alternative Rock,2003
8801,13379,LyricalReferenceTo,,,Alternative Rock,1992
8803,2347,CoverOf,Post-Apocalyptic Folk,2020,Post-Apocalyptic Folk,2015
8806,9488,InterpolatesFrom,Synthwave,2010,Synthwave,2012
8811,8174,CoverOf,Dream Pop,2023,Indie Folk,2020
8812,5663,LyricalReferenceTo,Synthwave,1995,Indie Folk,1987
8813,6271,DirectlySamples,,,,
8813,3013,InterpolatesFrom,,,Alternative Rock,2010
8815,2510,DirectlySamples,,,Dream Pop,1981
8815,13421,InStyleOf,,,Dream Pop,1994
8820,12089,InStyleOf,Jazz Surf Rock,2007,,
8820,14442,LyricalReferenceTo,Jazz Surf Rock,2007,Jazz Surf Rock,2000
8820,9754,InStyleOf,Jazz Surf Rock,2007,,
8821,9817,InStyleOf,Alternative Rock,2008,,
8823,6293,InStyleOf,Space Rock,2025,Dream Pop,2025
8832,3740,CoverOf,,,Indie Pop,1985
8837,7278,DirectlySamples,Darkwave,2028,Synthwave,2022
8837,9899,InStyleOf,Darkwave,2028,,
8837,6960,DirectlySamples,Darkwave,2028,Dream Pop,2019
8837,4348,InStyleOf,Darkwave,2028,Oceanus Folk,2004
8837,11097,CoverOf,Darkwave,2028,Darkwave,2019
8845,7723,LyricalReferenceTo,Blues Rock,2020,,
8845,7417,InterpolatesFrom,Blues Rock,2020,Southern Gothic Rock,2003
8845,12041,LyricalReferenceTo,Blues Rock,2020,Southern Gothic Rock,2004
8846,2433,DirectlySamples,Dream Pop,2027,Dream Pop,2020
8852,6762,InterpolatesFrom,Desert Rock,2023,Symphonic Metal,2007
8852,13049,InStyleOf,Desert Rock,2023,Psychedelic Rock,2025
8852,5711,CoverOf,Desert Rock,2023,Psychedelic Rock,2024
8852,14987,CoverOf,Desert Rock,2023,Doom Metal,2017
8852,15622,InterpolatesFrom,Desert Rock,2023,Doom Metal,1997
8852,4046,CoverOf,Desert Rock,2023,,
8855,14435,DirectlySamples,,,Indie Pop,2010
8858,16524,InStyleOf,Oceanus Folk,2026,Oceanus Folk,2013
8858,12445,DirectlySamples,Oceanus Folk,2026,Synthpop,2020
8862,3154,InterpolatesFrom,Symphonic Metal,2013,Americana,2010
8872,13430,DirectlySamples,Speed Metal,1993,Speed Metal,1991
8876,14994,InStyleOf,,,Indie Folk,1997
8876,4466,InterpolatesFrom,,,,
8877,10596,LyricalReferenceTo,Indie Folk,2029,Indie Folk,2013
8881,1841,InStyleOf,Oceanus Folk,2020,Indie Folk,2010
8881,9096,CoverOf,Oceanus Folk,2020,Oceanus Folk,2017
8881,10596,InStyleOf,Oceanus Folk,2020,Indie Folk,2013
8888,15622,LyricalReferenceTo,Indie Rock,2010,Doom Metal,1997
8891,2595,InStyleOf,Southern Gothic Rock,2009,Indie Pop,1984
8891,15456,InterpolatesFrom,Southern Gothic Rock,2009,Southern Gothic Rock,1999
8891,12041,DirectlySamples,Southern Gothic Rock,2009,Southern Gothic Rock,2004
8891,13357,DirectlySamples,Southern Gothic Rock,2009,,
8891,10090,InterpolatesFrom,Southern Gothic Rock,2009,Southern Gothic Rock,1998
8891,16495,InStyleOf,Southern Gothic Rock,2009,Southern Gothic Rock,1997
8891,5110,InStyleOf,Southern Gothic Rock,2009,Indie Pop,1991
8892,13978,CoverOf,,,Space Rock,2017
8892,8624,InStyleOf,,,Darkwave,2024
8892,3697,DirectlySamples,,,Darkwave,2022
8892,13332,DirectlySamples,,,Darkwave,2022
8894,3879,InterpolatesFrom,Darkwave,2025,,
8894,13214,InterpolatesFrom,Darkwave,2025,Darkwave,2026
8899,14510,CoverOf,Southern Gothic Rock,2024,,
8899,2942,InStyleOf,Southern Gothic Rock,2024,Southern Gothic Rock,2010
8899,9061,DirectlySamples,Southern Gothic Rock,2024,Southern Gothic Rock,2019
8900,8487,DirectlySamples,,,Dream Pop,2010
8900,15622,InStyleOf,,,Doom Metal,1997
8904,9007,DirectlySamples,Doom Metal,2014,Doom Metal,2004
8905,15928,InterpolatesFrom,Dream Pop,2017,Alternative Rock,2001
8910,2206,InterpolatesFrom,Southern Gothic Rock,2019,,
8910,12041,InterpolatesFrom,Southern Gothic Rock,2019,Southern Gothic Rock,2004
8910,3115,LyricalReferenceTo,Southern Gothic Rock,2019,,
8914,14933,LyricalReferenceTo,Indie Rock,2024,Indie Rock,2022
8914,13642,InterpolatesFrom,Indie Rock,2024,Indie Rock,2020
8920,1841,InterpolatesFrom,Desert Rock,2026,Indie Folk,2010
8924,13681,InStyleOf,Americana,2028,Indie Folk,2010
8924,13758,DirectlySamples,Americana,2028,Indie Folk,2013
8927,9902,LyricalReferenceTo,,,Indie Pop,1991
8927,16179,InStyleOf,,,Southern Gothic Rock,2009
8930,9817,CoverOf,,,,
8930,9890,InStyleOf,,,Blues Rock,2008
8930,11142,InStyleOf,,,Indie Pop,1992
8930,15396,LyricalReferenceTo,,,Avant-Garde Folk,2023
8930,3626,LyricalReferenceTo,,,Emo/Pop Punk,2021
8931,15622,CoverOf,Indie Folk,2010,Doom Metal,1997
8937,5972,InStyleOf,,,Dream Pop,2010
8938,1626,InterpolatesFrom,,,Indie Folk,2020
8942,14291,InStyleOf,,,Americana,2013
8945,139,InterpolatesFrom,Speed Metal,2029,Speed Metal,2023
8945,14023,InterpolatesFrom,Speed Metal,2029,,
8945,15343,InterpolatesFrom,Speed Metal,2029,Speed Metal,1987
8945,4583,LyricalReferenceTo,Speed Metal,2029,Speed Metal,1983
8949,3085,LyricalReferenceTo,Alternative Rock,2024,Indie Pop,2008
8949,13402,DirectlySamples,Alternative Rock,2024,Alternative Rock,2013
8949,11142,DirectlySamples,Alternative Rock,2024,Indie Pop,1992
8949,15104,InStyleOf,Alternative Rock,2024,Southern Gothic Rock,2016
8954,11945,CoverOf,Doom Metal,2020,Doom Metal,2007
8969,10211,InterpolatesFrom,Darkwave,2026,Space Rock,2021
8978,15325,CoverOf,Oceanus Folk,2020,,
8983,9096,LyricalReferenceTo,Jazz Surf Rock,2029,Oceanus Folk,2017
8983,5410,InStyleOf,Jazz Surf Rock,2029,Indie Folk,2023
8983,3053,LyricalReferenceTo,Jazz Surf Rock,2029,Desert Rock,2024
8987,4619,CoverOf,Synthwave,2017,Doom Metal,2013
8992,2428,InStyleOf,Dream Pop,2003,Dream Pop,1993
8997,5110,InStyleOf,Southern Gothic Rock,2009,Indie Pop,1991
8997,9902,InterpolatesFrom,Southern Gothic Rock,2009,Indie Pop,1991
8997,12979,InterpolatesFrom,Southern Gothic Rock,2009,,
8998,10815,CoverOf,Synthwave,2026,Indie Rock,2025
8999,11365,LyricalReferenceTo,Indie Pop,2029,Southern Gothic Rock,2016
9007,6628,CoverOf,Doom Metal,2004,,
9013,8593,DirectlySamples,Indie Folk,2017,Doom Metal,2007
9014,5680,InterpolatesFrom,Dream Pop,2024,Americana,2020
9014,9308,DirectlySamples,Dream Pop,2024,Dream Pop,2022
9019,12817,DirectlySamples,Dream Pop,2020,Synthwave,2000
9025,3451,LyricalReferenceTo,Psychedelic Rock,2026,,
9025,11768,InterpolatesFrom,Psychedelic Rock,2026,Dream Pop,2024
9025,4541,InStyleOf,Psychedelic Rock,2026,Psychedelic Rock,2023
9030,13302,LyricalReferenceTo,Indie Rock,2026,Indie Rock,2020
9030,10281,InStyleOf,Indie Rock,2026,Synthwave,2016
9030,9335,CoverOf,Indie Rock,2026,Indie Rock,2016
9030,9995,InterpolatesFrom,Indie Rock,2026,Dream Pop,2018
9033,9854,CoverOf,Synthwave,2021,,
9043,9337,InStyleOf,Indie Folk,2010,Indie Folk,1997
9043,12719,InStyleOf,Indie Folk,2010,Dream Pop,1990
9051,11214,InStyleOf,Indie Folk,2004,,
9054,8407,InterpolatesFrom,Alternative Rock,2029,Indie Pop,2012
9059,5603,InStyleOf,Indie Folk,2023,Doom Metal,2010
9061,10503,InStyleOf,Southern Gothic Rock,2019,Southern Gothic Rock,2013
9061,9559,CoverOf,Southern Gothic Rock,2019,Jazz Surf Rock,2004
9061,11354,LyricalReferenceTo,Southern Gothic Rock,2019,Jazz Surf Rock,2013
9061,8035,InterpolatesFrom,Southern Gothic Rock,2019,Indie Pop,2010
9061,14510,LyricalReferenceTo,Southern Gothic Rock,2019,,
9061,15894,LyricalReferenceTo,Southern Gothic Rock,2019,Indie Pop,2014
9062,1841,DirectlySamples,,,Indie Folk,2010
9068,2042,InStyleOf,,,,
9069,7278,InterpolatesFrom,Indie Folk,2023,Synthwave,2022
9081,15489,DirectlySamples,Doom Metal,2017,Dream Pop,2015
9081,5887,LyricalReferenceTo,Doom Metal,2017,Doom Metal,1997
9085,8355,InStyleOf,Doom Metal,2004,Synthwave,1996
9088,4781,InStyleOf,Lo-Fi Electronica,2013,Lo-Fi Electronica,2003
9088,827,InStyleOf,Lo-Fi Electronica,2013,Lo-Fi Electronica,2006
9088,10574,InStyleOf,Lo-Fi Electronica,2013,Lo-Fi Electronica,2007
9088,15024,CoverOf,Lo-Fi Electronica,2013,Lo-Fi Electronica,2013
9088,5643,InterpolatesFrom,Lo-Fi Electronica,2013,Lo-Fi Electronica,2011
9088,10417,LyricalReferenceTo,Lo-Fi Electronica,2013,Lo-Fi Electronica,2010
9089,3123,DirectlySamples,Indie Pop,2007,Indie Pop,2005
9089,5455,LyricalReferenceTo,Indie Pop,2007,Southern Gothic Rock,1999
9089,3350,InStyleOf,Indie Pop,2007,Southern Gothic Rock,1992
9090,6941,InterpolatesFrom,Oceanus Folk,2028,Oceanus Folk,2023
9090,12362,InStyleOf,Oceanus Folk,2028,,
9090,1069,InStyleOf,Oceanus Folk,2028,Synthwave,2026
9090,5826,InStyleOf,Oceanus Folk,2028,Desert Rock,2020
9090,886,InStyleOf,Oceanus Folk,2028,Oceanus Folk,2023
9090,1841,InStyleOf,Oceanus Folk,2028,Indie Folk,2010
9090,13161,InterpolatesFrom,Oceanus Folk,2028,Desert Rock,2024
9096,1841,DirectlySamples,Oceanus Folk,2017,Indie Folk,2010
9104,11244,InStyleOf,Indie Pop,2014,Alternative Rock,2007
9104,12793,InStyleOf,Indie Pop,2014,Avant-Garde Folk,2004
9105,14965,InStyleOf,,,Doom Metal,2010
9105,11339,CoverOf,,,Indie Rock,2024
9114,7325,InStyleOf,Southern Gothic Rock,2010,Emo/Pop Punk,2004
9114,880,InStyleOf,Southern Gothic Rock,2010,,
9116,14118,InStyleOf,Doom Metal,2020,Indie Folk,2017
9117,13681,CoverOf,,,Indie Folk,2010
9122,5643,LyricalReferenceTo,,,Lo-Fi Electronica,2011
9122,827,LyricalReferenceTo,,,Lo-Fi Electronica,2006
9122,13985,CoverOf,,,Lo-Fi Electronica,2013
9122,2167,DirectlySamples,,,Lo-Fi Electronica,2007
9122,10417,InStyleOf,,,Lo-Fi Electronica,2010
9122,11327,InterpolatesFrom,,,Lo-Fi Electronica,1998
9122,11677,InStyleOf,,,Lo-Fi Electronica,2009
9122,8680,InStyleOf,,,,
9122,1466,InterpolatesFrom,,,Lo-Fi Electronica,2015
9122,15024,InterpolatesFrom,,,Lo-Fi Electronica,2013
9122,4781,InStyleOf,,,Lo-Fi Electronica,2003
9122,14768,InterpolatesFrom,,,Lo-Fi Electronica,2005
9123,3350,CoverOf,Southern Gothic Rock,2004,Southern Gothic Rock,1992
9124,8382,CoverOf,Desert Rock,2025,Dream Pop,2024
9133,4136,CoverOf,Darkwave,2029,,
9143,4481,CoverOf,Indie Folk,2013,,
9143,8812,CoverOf,Indie Folk,2013,Synthwave,1995
9144,1841,CoverOf,Oceanus Folk,2020,Indie Folk,2010
9150,4046,InterpolatesFrom,Alternative Rock,2024,,
9150,3513,InStyleOf,Alternative Rock,2024,Alternative Rock,2024
9158,6752,CoverOf,Oceanus Folk,2013,Oceanus Folk,2010
9158,3501,InterpolatesFrom,Oceanus Folk,2013,Oceanus Folk,2007
9165,533,LyricalReferenceTo,Synthwave,2028,,
9165,10211,InterpolatesFrom,Synthwave,2028,Space Rock,2021
9165,8382,LyricalReferenceTo,Synthwave,2028,Dream Pop,2024
9165,8874,InStyleOf,Synthwave,2028,Alternative Rock,2022
9165,10685,InStyleOf,Synthwave,2028,Doom Metal,2020
9165,9200,DirectlySamples,Synthwave,2028,Indie Folk,2027
9165,13117,LyricalReferenceTo,Synthwave,2028,Space Rock,2027
9165,10493,CoverOf,Synthwave,2028,Dream Pop,2026
9165,14969,InterpolatesFrom,Synthwave,2028,,
9173,8888,InStyleOf,,,Indie Rock,2010
9173,13926,InStyleOf,,,,
9173,15622,InterpolatesFrom,,,Doom Metal,1997
9175,16366,CoverOf,Indie Folk,2028,,
9175,10728,InterpolatesFrom,Indie Folk,2028,,
9183,14994,CoverOf,Dream Pop,2010,Indie Folk,1997
9188,14755,DirectlySamples,Space Rock,2026,Americana,2013
9191,9883,InterpolatesFrom,,,Doom Metal,2017
9200,5325,InStyleOf,Indie Folk,2027,,
9200,11256,LyricalReferenceTo,Indie Folk,2027,,
9200,298,LyricalReferenceTo,Indie Folk,2027,Indie Folk,2013
9200,14537,InStyleOf,Indie Folk,2027,,
9204,10596,LyricalReferenceTo,Desert Rock,2028,Indie Folk,2013
9204,9305,InterpolatesFrom,Desert Rock,2028,Doom Metal,2004
9204,4890,InterpolatesFrom,Desert Rock,2028,Desert Rock,2022
9204,6412,InterpolatesFrom,Desert Rock,2028,Desert Rock,2022
9204,13216,InStyleOf,Desert Rock,2028,Desert Rock,2025
9204,15512,InStyleOf,Desert Rock,2028,Dream Pop,2024
9204,4818,InterpolatesFrom,Desert Rock,2028,Doom Metal,2018
9209,16715,LyricalReferenceTo,,,,
9214,3025,CoverOf,Desert Rock,2028,Oceanus Folk,2017
9214,1841,LyricalReferenceTo,Desert Rock,2028,Indie Folk,2010
9214,3520,InterpolatesFrom,Desert Rock,2028,Oceanus Folk,2026
9219,1195,DirectlySamples,Americana,2029,,
9230,11736,InStyleOf,Dream Pop,2018,Symphonic Metal,2013
9230,6051,LyricalReferenceTo,Dream Pop,2018,,
9230,15622,LyricalReferenceTo,Dream Pop,2018,Doom Metal,1997
9230,10673,InterpolatesFrom,Dream Pop,2018,Doom Metal,2013
9232,13732,CoverOf,Synthpop,2020,Doom Metal,2012
9236,2615,LyricalReferenceTo,Southern Gothic Rock,1992,,
9237,8815,InStyleOf,Jazz Surf Rock,2005,,
9237,1326,InStyleOf,Jazz Surf Rock,2005,Jazz Surf Rock,1996
9237,13421,InStyleOf,Jazz Surf Rock,2005,Dream Pop,1994
9239,4126,InterpolatesFrom,Alternative Rock,2030,,
9239,11617,InStyleOf,Alternative Rock,2030,Speed Metal,2023
9239,10236,LyricalReferenceTo,Alternative Rock,2030,Alternative Rock,2012
9239,15343,InStyleOf,Alternative Rock,2030,Speed Metal,1987
9239,14976,InStyleOf,Alternative Rock,2030,Speed Metal,2010
9239,4870,LyricalReferenceTo,Alternative Rock,2030,,
9239,14239,DirectlySamples,Alternative Rock,2030,Speed Metal,2020
9239,4583,CoverOf,Alternative Rock,2030,Speed Metal,1983
9240,14580,CoverOf,Alternative Rock,2026,Alternative Rock,2023
9245,14118,InStyleOf,Doom Metal,2023,Indie Folk,2017
9245,7116,CoverOf,Doom Metal,2023,Doom Metal,2007
9245,10673,InStyleOf,Doom Metal,2023,Doom Metal,2013
9249,431,InStyleOf,Indie Folk,2013,,
9262,14965,InStyleOf,,,Doom Metal,2010
9267,15198,CoverOf,Dream Pop,2022,Dream Pop,2013
9267,14136,DirectlySamples,Dream Pop,2022,Doom Metal,2013
9267,8816,InStyleOf,Dream Pop,2022,Dream Pop,2012
9280,15055,CoverOf,Alternative Rock,2017,Blues Rock,2014
9284,14610,InterpolatesFrom,Blues Rock,2010,Southern Gothic Rock,1991
9284,3407,LyricalReferenceTo,Blues Rock,2010,Southern Gothic Rock,1987
9284,10600,InterpolatesFrom,Blues Rock,2010,Alternative Rock,2005
9285,13903,InStyleOf,Dream Pop,2017,,
9294,2279,DirectlySamples,Alternative Rock,2009,Dream Pop,2005
9294,3335,CoverOf,Alternative Rock,2009,,
9294,8821,InStyleOf,Alternative Rock,2009,Alternative Rock,2008
9294,5891,DirectlySamples,Alternative Rock,2009,Dream Pop,2008
9295,15524,InStyleOf,Jazz Surf Rock,2019,Jazz Surf Rock,1984
9299,2927,DirectlySamples,Emo/Pop Punk,2003,Southern Gothic Rock,1987
9299,6674,CoverOf,Emo/Pop Punk,2003,Blues Rock,1984
9300,7736,LyricalReferenceTo,,,,
9300,16707,CoverOf,,,Space Rock,2021
9301,7736,InStyleOf,Symphonic Metal,2025,,
9301,2586,InterpolatesFrom,Symphonic Metal,2025,Americana,2024
9301,7632,InStyleOf,Symphonic Metal,2025,Dream Pop,2022
9301,12761,DirectlySamples,Symphonic Metal,2025,Symphonic Metal,2020
9308,13965,InStyleOf,Dream Pop,2022,Oceanus Folk,2007
9308,15622,InterpolatesFrom,Dream Pop,2022,Doom Metal,1997
9308,14491,InterpolatesFrom,Dream Pop,2022,Dream Pop,2002
9308,9077,InStyleOf,Dream Pop,2022,Doom Metal,2007
9322,1841,DirectlySamples,Oceanus Folk,2013,Indie Folk,2010
9326,8173,InStyleOf,Indie Rock,1997,Dream Pop,1985
9330,13804,LyricalReferenceTo,Dream Pop,2007,,
9337,12719,LyricalReferenceTo,Indie Folk,1997,Dream Pop,1990
9341,9630,CoverOf,Indie Folk,2017,Synthwave,2017
9345,239,InterpolatesFrom,Dream Pop,2023,,
9345,1120,InterpolatesFrom,Dream Pop,2023,Dream Pop,2018
9352,4059,InterpolatesFrom,Dream Pop,2023,Doom Metal,2013
9360,11127,LyricalReferenceTo,,,Psychedelic Rock,2016
9371,15838,InterpolatesFrom,Avant-Garde Folk,2018,Avant-Garde Folk,2014
9371,6454,InStyleOf,Avant-Garde Folk,2018,Indie Pop,1991
9371,3596,InStyleOf,Avant-Garde Folk,2018,Avant-Garde Folk,2015
9372,13721,CoverOf,Jazz Surf Rock,2029,,
9378,2867,InterpolatesFrom,Psychedelic Rock,2024,Doom Metal,2009
9387,10419,LyricalReferenceTo,Dream Pop,2007,Dream Pop,1997
9387,2510,InterpolatesFrom,Dream Pop,2007,Dream Pop,1981
9387,13421,CoverOf,Dream Pop,2007,Dream Pop,1994
9389,12678,CoverOf,Dream Pop,2027,Synthwave,2013
9397,14291,LyricalReferenceTo,Synthwave,2017,Americana,2013
9399,14086,InterpolatesFrom,Desert Rock,2010,Doom Metal,2005
9411,15838,InterpolatesFrom,Indie Pop,2029,Avant-Garde Folk,2014
9411,9371,DirectlySamples,Indie Pop,2029,Avant-Garde Folk,2018
9412,2148,InterpolatesFrom,Alternative Rock,2026,,
9412,4538,DirectlySamples,Alternative Rock,2026,,
9414,14118,LyricalReferenceTo,Doom Metal,2024,Indie Folk,2017
9414,15009,InStyleOf,Doom Metal,2024,Indie Folk,2017
9414,9966,LyricalReferenceTo,Doom Metal,2024,Indie Folk,2020
9414,7116,DirectlySamples,Doom Metal,2024,Doom Metal,2007
9414,10673,CoverOf,Doom Metal,2024,Doom Metal,2013
9420,6714,InStyleOf,Americana,2030,Indie Folk,2017
9428,16580,LyricalReferenceTo,Lo-Fi Electronica,2021,Lo-Fi Electronica,2016
9430,14965,InterpolatesFrom,Indie Rock,2026,Doom Metal,2010
9437,14202,InterpolatesFrom,Doom Metal,2017,Psychedelic Rock,2017
9441,10282,CoverOf,,,,
9441,11431,InStyleOf,,,Indie Folk,2004
9446,13516,DirectlySamples,Desert Rock,2027,Oceanus Folk,2024
9446,8714,InterpolatesFrom,Desert Rock,2027,Oceanus Folk,2025
9446,14720,CoverOf,Desert Rock,2027,Oceanus Folk,2023
9446,7687,InterpolatesFrom,Desert Rock,2027,,
9446,11978,CoverOf,Desert Rock,2027,Oceanus Folk,2023
9446,16524,LyricalReferenceTo,Desert Rock,2027,Oceanus Folk,2013
9449,15885,InStyleOf,Darkwave,1997,Dream Pop,1995
9449,16585,LyricalReferenceTo,Darkwave,1997,Darkwave,1987
9451,9183,CoverOf,,,Dream Pop,2010
9451,11641,InterpolatesFrom,,,Indie Folk,2008
9458,13681,InStyleOf,Post-Apocalyptic Folk,2027,Indie Folk,2010
9458,15950,DirectlySamples,Post-Apocalyptic Folk,2027,Psychedelic Rock,2023
9458,8776,InStyleOf,Post-Apocalyptic Folk,2027,,
9463,6216,CoverOf,Southern Gothic Rock,2026,Southern Gothic Rock,2023
9463,13196,InterpolatesFrom,Southern Gothic Rock,2026,,
9465,4046,LyricalReferenceTo,Synthwave,2020,,
9472,16297,CoverOf,Emo/Pop Punk,2026,Emo/Pop Punk,2024
9473,6245,InterpolatesFrom,,,Emo/Pop Punk,1989
9474,4361,LyricalReferenceTo,Dream Pop,2026,,
9474,14670,LyricalReferenceTo,Dream Pop,2026,Alternative Rock,1984
9474,12998,CoverOf,Dream Pop,2026,Dream Pop,1994
9474,12546,CoverOf,Dream Pop,2026,Alternative Rock,2010
9474,2107,InterpolatesFrom,Dream Pop,2026,Dream Pop,2007
9479,15539,InterpolatesFrom,Dream Pop,2017,Dream Pop,2012
9479,10354,InStyleOf,Dream Pop,2017,Dream Pop,2018
9479,9524,CoverOf,Dream Pop,2017,Dream Pop,2006
9479,4283,CoverOf,Dream Pop,2017,Dream Pop,2013
9479,12971,InStyleOf,Dream Pop,2017,Dream Pop,2016
9483,16048,InterpolatesFrom,,,Dream Pop,2017
9483,6006,InStyleOf,,,Doom Metal,2004
9488,8593,InterpolatesFrom,Synthwave,2012,Doom Metal,2007
9488,16289,InterpolatesFrom,Synthwave,2012,Synthwave,2007
9489,3025,DirectlySamples,Indie Folk,2029,Oceanus Folk,2017
9489,16259,DirectlySamples,Indie Folk,2029,Indie Folk,2023
9489,1841,LyricalReferenceTo,Indie Folk,2029,Indie Folk,2010
9493,9090,LyricalReferenceTo,Oceanus Folk,2029,Oceanus Folk,2028
9493,3194,CoverOf,Oceanus Folk,2029,Oceanus Folk,2017
9493,7224,CoverOf,Oceanus Folk,2029,Oceanus Folk,2022
9493,15325,DirectlySamples,Oceanus Folk,2029,,
9493,15512,CoverOf,Oceanus Folk,2029,Dream Pop,2024
9503,6633,InStyleOf,Southern Gothic Rock,2023,Lo-Fi Electronica,2020
9505,9681,InStyleOf,Dream Pop,2025,,
9513,1461,LyricalReferenceTo,Dream Pop,2004,,
9516,9884,LyricalReferenceTo,Psychedelic Rock,2019,Psychedelic Rock,2009
9526,4849,DirectlySamples,Synthwave,2001,,
9534,14768,InStyleOf,,,Lo-Fi Electronica,2005
9534,14512,DirectlySamples,,,Lo-Fi Electronica,1997
9534,827,InStyleOf,,,Lo-Fi Electronica,2006
9535,7128,DirectlySamples,Indie Rock,1996,Dream Pop,1992
9538,6935,CoverOf,Indie Rock,2029,Indie Rock,2006
9542,445,LyricalReferenceTo,,,,
9545,9465,InStyleOf,Dream Pop,2020,Synthwave,2020
9545,15276,InterpolatesFrom,Dream Pop,2020,Synthwave,2022
9545,4046,CoverOf,Dream Pop,2020,,
9547,14507,CoverOf,Dream Pop,2020,,
9549,6113,CoverOf,Dream Pop,2023,Alternative Rock,2020
9552,12793,InterpolatesFrom,,,Avant-Garde Folk,2004
9557,8495,InStyleOf,Dream Pop,2020,Synthwave,2004
9557,15642,InterpolatesFrom,Dream Pop,2020,Dream Pop,2013
9557,14670,DirectlySamples,Dream Pop,2020,Alternative Rock,1984
9564,14528,CoverOf,Dream Pop,2029,Space Rock,2024
9564,6675,LyricalReferenceTo,Dream Pop,2029,Jazz Surf Rock,2028
9564,7278,CoverOf,Dream Pop,2029,Synthwave,2022
9568,966,InStyleOf,Lo-Fi Electronica,2013,Lo-Fi Electronica,2003
9568,13891,InStyleOf,Lo-Fi Electronica,2013,Lo-Fi Electronica,1998
9570,3672,InterpolatesFrom,Synthwave,2011,Synthwave,2004
9570,15501,LyricalReferenceTo,Synthwave,2011,Indie Folk,1991
9571,13563,InterpolatesFrom,Oceanus Folk,2023,,
9571,9096,InStyleOf,Oceanus Folk,2023,Oceanus Folk,2017
9579,10091,InStyleOf,,,Indie Rock,2000
9579,15298,InStyleOf,,,Dream Pop,2010
9586,15456,InStyleOf,,,Southern Gothic Rock,1999
9586,13357,InterpolatesFrom,,,,
9586,4609,CoverOf,,,Avant-Garde Folk,1997
9586,5110,InterpolatesFrom,,,Indie Pop,1991
9586,10090,LyricalReferenceTo,,,Southern Gothic Rock,1998
9587,15752,CoverOf,Space Rock,2028,Indie Folk,2023
9587,12729,LyricalReferenceTo,Space Rock,2028,,
9587,3522,InterpolatesFrom,Space Rock,2028,Dream Pop,2020
9587,11056,LyricalReferenceTo,Space Rock,2028,,
9608,2212,InterpolatesFrom,Dream Pop,2030,Doom Metal,2016
9616,1113,InStyleOf,Americana,2004,,
9622,15298,LyricalReferenceTo,Dream Pop,2022,Dream Pop,2010
9628,1841,LyricalReferenceTo,Desert Rock,2029,Indie Folk,2010
9628,6611,LyricalReferenceTo,Desert Rock,2029,Oceanus Folk,2013
9630,6006,CoverOf,Synthwave,2017,Doom Metal,2004
9631,3025,DirectlySamples,Desert Rock,2029,Oceanus Folk,2017
9631,5089,CoverOf,Desert Rock,2029,Indie Folk,2020
9631,757,InterpolatesFrom,Desert Rock,2029,Oceanus Folk,2023
9631,3210,InStyleOf,Desert Rock,2029,Indie Folk,2026
9631,14198,LyricalReferenceTo,Desert Rock,2029,Oceanus Folk,2022
9631,5826,CoverOf,Desert Rock,2029,Desert Rock,2020
9631,13563,InStyleOf,Desert Rock,2029,,
9637,15622,LyricalReferenceTo,Dream Pop,2019,Doom Metal,1997
9641,9068,LyricalReferenceTo,Alternative Rock,2012,,
9644,4123,InStyleOf,Symphonic Metal,2023,Indie Folk,2022
9644,6762,InStyleOf,Symphonic Metal,2023,Symphonic Metal,2007
9647,13046,LyricalReferenceTo,Southern Gothic Rock,2006,Southern Gothic Rock,1999
9647,7157,DirectlySamples,Southern Gothic Rock,2006,Southern Gothic Rock,1997
9647,6946,InterpolatesFrom,Southern Gothic Rock,2006,Blues Rock,1992
9649,4604,InStyleOf,Synthwave,2020,,
9655,7224,CoverOf,Oceanus Folk,2029,Oceanus Folk,2022
9655,3956,CoverOf,Oceanus Folk,2029,Oceanus Folk,2023
9655,1841,InStyleOf,Oceanus Folk,2029,Indie Folk,2010
9657,6901,InStyleOf,,,Indie Folk,2010
9662,16707,InterpolatesFrom,,,Space Rock,2021
9662,4046,InterpolatesFrom,,,,
9662,14987,InStyleOf,,,Doom Metal,2017
9662,12727,InterpolatesFrom,,,Synthwave,2013
9669,12961,LyricalReferenceTo,Synthwave,2026,,
9672,10596,CoverOf,Indie Folk,2032,Indie Folk,2013
9677,3747,LyricalReferenceTo,,,Southern Gothic Rock,1985
9681,10461,LyricalReferenceTo,,,Dream Pop,2013
9683,9897,InStyleOf,Jazz Surf Rock,2023,,
9685,3501,DirectlySamples,Oceanus Folk,2013,Oceanus Folk,2007
9689,8992,DirectlySamples,Dream Pop,2027,Dream Pop,2003
9693,1841,InStyleOf,Indie Folk,2029,Indie Folk,2010
9696,14118,LyricalReferenceTo,Synthwave,2020,Indie Folk,2017
9696,5777,LyricalReferenceTo,Synthwave,2020,Indie Folk,2013
9696,12245,InterpolatesFrom,Synthwave,2020,Indie Folk,2017
9696,10673,LyricalReferenceTo,Synthwave,2020,Doom Metal,2013
9696,7116,LyricalReferenceTo,Synthwave,2020,Doom Metal,2007
9705,14513,InStyleOf,Indie Pop,2017,Blues Rock,2002
9705,15408,LyricalReferenceTo,Indie Pop,2017,,
9706,13256,InterpolatesFrom,Psychedelic Rock,2020,Psychedelic Rock,2018
9719,14976,InterpolatesFrom,,,Speed Metal,2010
9719,4583,DirectlySamples,,,Speed Metal,1983
9719,16724,LyricalReferenceTo,,,Speed Metal,2000
9719,15343,CoverOf,,,Speed Metal,1987
9723,5142,LyricalReferenceTo,Psychedelic Rock,2000,Psychedelic Rock,1996
9729,15089,InterpolatesFrom,Synthwave,2010,Synthwave,1999
9735,15185,InterpolatesFrom,Space Rock,2028,Synthwave,2017
9735,6041,InStyleOf,Space Rock,2028,Synthwave,2017
9737,1757,DirectlySamples,,,Avant-Garde Folk,2010
9739,1841,InStyleOf,Oceanus Folk,2025,Indie Folk,2010
9745,9951,InterpolatesFrom,Indie Rock,2023,Doom Metal,2010
9749,11097,InStyleOf,,,Darkwave,2019
9749,12817,InterpolatesFrom,,,Synthwave,2000
9749,6643,InStyleOf,,,Indie Folk,2013
9749,13632,InStyleOf,,,Darkwave,2016
9754,1326,CoverOf,,,Jazz Surf Rock,1996
9754,12089,InStyleOf,,,,
9756,12397,InStyleOf,Indie Folk,2013,Dream Pop,2007
9759,13381,CoverOf,Synthwave,2029,Doom Metal,2017
9759,12245,InterpolatesFrom,Synthwave,2029,Indie Folk,2017
9759,7116,LyricalReferenceTo,Synthwave,2029,Doom Metal,2007
9766,11521,CoverOf,,,Doom Metal,2013
9766,13364,DirectlySamples,,,,
9777,11091,InterpolatesFrom,Darkwave,2002,Darkwave,1993
9780,13324,InStyleOf,,,Oceanus Folk,2004
9788,10596,InterpolatesFrom,Synthwave,2027,Indie Folk,2013
9788,15156,LyricalReferenceTo,Synthwave,2027,Doom Metal,2020
9792,6183,InStyleOf,Desert Rock,2021,Psychedelic Rock,2015
9795,1508,LyricalReferenceTo,Indie Folk,2027,Doom Metal,2018
9795,8593,InStyleOf,Indie Folk,2027,Doom Metal,2007
9795,9666,DirectlySamples,Indie Folk,2027,Americana,2017
9798,3966,CoverOf,,,Synthwave,2018
9802,15622,CoverOf,Alternative Rock,2023,Doom Metal,1997
9803,6006,LyricalReferenceTo,Doom Metal,2007,Doom Metal,2004
9807,5643,InStyleOf,Lo-Fi Electronica,2017,Lo-Fi Electronica,2011
9807,12517,InStyleOf,Lo-Fi Electronica,2017,Lo-Fi Electronica,2007
9807,14768,LyricalReferenceTo,Lo-Fi Electronica,2017,Lo-Fi Electronica,2005
9807,10574,InStyleOf,Lo-Fi Electronica,2017,Lo-Fi Electronica,2007
9807,10417,LyricalReferenceTo,Lo-Fi Electronica,2017,Lo-Fi Electronica,2010
9807,827,CoverOf,Lo-Fi Electronica,2017,Lo-Fi Electronica,2006
9807,11677,CoverOf,Lo-Fi Electronica,2017,Lo-Fi Electronica,2009
9807,15024,InStyleOf,Lo-Fi Electronica,2017,Lo-Fi Electronica,2013
9808,5660,DirectlySamples,Indie Rock,2018,Indie Rock,1997
9808,4006,InterpolatesFrom,Indie Rock,2018,Indie Rock,2007
9808,1244,InterpolatesFrom,Indie Rock,2018,,
9818,10673,CoverOf,,,Doom Metal,2013
9823,5295,LyricalReferenceTo,Dream Pop,2010,,
9829,5295,DirectlySamples,,,,
9829,14987,InterpolatesFrom,,,Doom Metal,2017
9829,1738,InterpolatesFrom,,,Doom Metal,2017
9829,13332,DirectlySamples,,,Darkwave,2022
9831,10928,InterpolatesFrom,Space Rock,2025,,
9831,16189,CoverOf,Space Rock,2025,Americana,2019
9834,4704,InStyleOf,Indie Rock,2029,Jazz Surf Rock,2028
9834,10259,InStyleOf,Indie Rock,2029,Jazz Surf Rock,2028
9834,11166,CoverOf,Indie Rock,2029,,
9834,852,CoverOf,Indie Rock,2029,Space Rock,2028
9834,9165,LyricalReferenceTo,Indie Rock,2029,Synthwave,2028
9840,16182,InStyleOf,Blues Rock,2007,Southern Gothic Rock,1997
9844,11813,InStyleOf,Alternative Rock,2014,Alternative Rock,2006
9848,11352,InStyleOf,Indie Pop,2030,,
9848,8445,InStyleOf,Indie Pop,2030,Southern Gothic Rock,2029
9849,16093,LyricalReferenceTo,Indie Folk,2029,Indie Folk,2017
9855,1611,InterpolatesFrom,Indie Folk,2017,Indie Rock,2015
9861,3025,LyricalReferenceTo,Desert Rock,2026,Oceanus Folk,2017
9861,8651,DirectlySamples,Desert Rock,2026,,
9861,14198,CoverOf,Desert Rock,2026,Oceanus Folk,2022
9861,11329,InStyleOf,Desert Rock,2026,Space Rock,2025
9871,10402,LyricalReferenceTo,,,Alternative Rock,2010
9871,2658,InStyleOf,,,Dream Pop,2007
9871,5074,LyricalReferenceTo,,,,
9871,2510,InStyleOf,,,Dream Pop,1981
9871,13421,CoverOf,,,Dream Pop,1994
9873,13341,InStyleOf,,,Doom Metal,2013
9873,13681,LyricalReferenceTo,,,Indie Folk,2010
9875,10684,InterpolatesFrom,,,Dream Pop,2007
9875,13643,InterpolatesFrom,,,Blues Rock,2007
9893,15009,CoverOf,,,Indie Folk,2017
9893,5777,InStyleOf,,,Indie Folk,2013
9893,48,InterpolatesFrom,,,Indie Folk,2017
9893,10673,CoverOf,,,Doom Metal,2013
9893,7116,InterpolatesFrom,,,Doom Metal,2007
9895,14670,LyricalReferenceTo,Synthwave,1989,Alternative Rock,1984
9899,8816,LyricalReferenceTo,,,Dream Pop,2012
9905,6899,InterpolatesFrom,Dream Pop,2029,Synthwave,2000
9909,13772,LyricalReferenceTo,Doom Metal,2013,,
9912,1841,InterpolatesFrom,Oceanus Folk,2026,Indie Folk,2010
9916,4006,LyricalReferenceTo,Indie Rock,2018,Indie Rock,2007
9916,1857,LyricalReferenceTo,Indie Rock,2018,Indie Rock,2006
9918,5351,LyricalReferenceTo,Psychedelic Rock,2018,,
9919,13721,InterpolatesFrom,Synthwave,2023,,
9919,15738,LyricalReferenceTo,Synthwave,2023,Synthwave,2013
9933,13758,CoverOf,Indie Folk,2023,Indie Folk,2013
9940,10412,CoverOf,Space Rock,2028,,
9940,12622,InterpolatesFrom,Space Rock,2028,Darkwave,2027
9940,2567,CoverOf,Space Rock,2028,Post-Apocalyptic Folk,2022
9940,1907,InStyleOf,Space Rock,2028,Synthwave,2021
9940,2633,InterpolatesFrom,Space Rock,2028,,
9942,12273,InterpolatesFrom,Synthwave,2017,,
9957,14037,CoverOf,,,Southern Gothic Rock,1986
9958,81,LyricalReferenceTo,Indie Rock,2004,Indie Pop,1997
9958,9723,InterpolatesFrom,Indie Rock,2004,Psychedelic Rock,2000
9966,14118,InterpolatesFrom,Indie Folk,2020,Indie Folk,2017
9966,10673,InStyleOf,Indie Folk,2020,Doom Metal,2013
9966,7116,InStyleOf,Indie Folk,2020,Doom Metal,2007
9966,15009,InStyleOf,Indie Folk,2020,Indie Folk,2017
9967,6968,InterpolatesFrom,Jazz Surf Rock,2028,Dream Pop,2028
9967,467,InStyleOf,Jazz Surf Rock,2028,Post-Apocalyptic Folk,2020
9967,10941,InStyleOf,Jazz Surf Rock,2028,Indie Rock,2025
9967,5004,LyricalReferenceTo,Jazz Surf Rock,2028,Synthwave,2021
9974,5664,InterpolatesFrom,Darkwave,2026,Dream Pop,2020
9976,14980,InStyleOf,Dream Pop,2023,Darkwave,2010
9982,6006,DirectlySamples,Doom Metal,2023,Doom Metal,2004
9992,445,DirectlySamples,Dream Pop,2029,,
9992,4626,CoverOf,Dream Pop,2029,Dream Pop,2020
9995,10281,CoverOf,Dream Pop,2018,Synthwave,2016
9999,8630,InterpolatesFrom,Indie Folk,2017,Indie Folk,2010
10002,1326,InterpolatesFrom,Jazz Surf Rock,2013,Jazz Surf Rock,1996
10002,14442,InStyleOf,Jazz Surf Rock,2013,Jazz Surf Rock,2000
10004,14987,LyricalReferenceTo,Symphonic Metal,2026,Doom Metal,2017
10008,6979,InStyleOf,Americana,2027,Indie Folk,2020
10008,4770,CoverOf,Americana,2027,Synthwave,2007
10008,15318,InterpolatesFrom,Americana,2027,Synthwave,2004
10008,6551,InterpolatesFrom,Americana,2027,Indie Folk,2014
10023,9884,InterpolatesFrom,Dream Pop,2026,Psychedelic Rock,2009
10023,995,LyricalReferenceTo,Dream Pop,2026,Psychedelic Rock,2024
10023,11768,LyricalReferenceTo,Dream Pop,2026,Dream Pop,2024
10032,10504,InterpolatesFrom,Synthwave,2019,,
10035,445,LyricalReferenceTo,Post-Apocalyptic Folk,2026,,
10035,10499,InStyleOf,Post-Apocalyptic Folk,2026,Synthwave,2017
10035,11097,InStyleOf,Post-Apocalyptic Folk,2026,Darkwave,2019
10035,9500,InStyleOf,Post-Apocalyptic Folk,2026,Dream Pop,2022
10043,6404,InStyleOf,Emo/Pop Punk,2026,Emo/Pop Punk,2023
10045,8055,CoverOf,,,Alternative Rock,2004
10045,2768,LyricalReferenceTo,,,Alternative Rock,2015
10045,632,InterpolatesFrom,,,Alternative Rock,2012
10045,16162,CoverOf,,,,
10046,2238,InterpolatesFrom,,,Synthwave,2009
10046,15419,CoverOf,,,Psychedelic Rock,2022
10055,9186,LyricalReferenceTo,,,Oceanus Folk,2011
10063,6869,LyricalReferenceTo,Post-Apocalyptic Folk,2024,Darkwave,2004
10067,11365,InterpolatesFrom,Avant-Garde Folk,2023,Southern Gothic Rock,2016
10068,2342,CoverOf,Doom Metal,2010,,
10071,7461,InterpolatesFrom,Dream Pop,2027,Indie Folk,2025
10071,6427,InStyleOf,Dream Pop,2027,,
10081,4501,CoverOf,Doom Metal,2013,Doom Metal,2007
10081,8888,LyricalReferenceTo,Doom Metal,2013,Indie Rock,2010
10085,9586,LyricalReferenceTo,,,,
10085,4609,InStyleOf,,,Avant-Garde Folk,1997
10085,16495,CoverOf,,,Southern Gothic Rock,1997
10085,5110,LyricalReferenceTo,,,Indie Pop,1991
10085,15744,LyricalReferenceTo,,,Indie Pop,2014
10085,10090,InterpolatesFrom,,,Southern Gothic Rock,1998
10085,13357,InStyleOf,,,,
10085,15456,CoverOf,,,Southern Gothic Rock,1999
10085,2595,LyricalReferenceTo,,,Indie Pop,1984
10086,9237,InStyleOf,,,Jazz Surf Rock,2005
10088,13154,InterpolatesFrom,,,Synthwave,1994
10090,6868,CoverOf,Southern Gothic Rock,1998,,
10090,2595,LyricalReferenceTo,Southern Gothic Rock,1998,Indie Pop,1984
10090,10549,InStyleOf,Southern Gothic Rock,1998,Indie Pop,1993
10090,6745,LyricalReferenceTo,Southern Gothic Rock,1998,Indie Pop,1994
10090,5110,LyricalReferenceTo,Southern Gothic Rock,1998,Indie Pop,1991
10090,16495,InStyleOf,Southern Gothic Rock,1998,Southern Gothic Rock,1997
10094,12039,InStyleOf,Dream Pop,1994,,
10098,1915,LyricalReferenceTo,,,Synthwave,2023
10098,13302,InterpolatesFrom,,,Indie Rock,2020
10098,11225,LyricalReferenceTo,,,Synthwave,2024
10098,16354,LyricalReferenceTo,,,Darkwave,2027
10098,12043,InterpolatesFrom,,,Dream Pop,2023
10111,438,LyricalReferenceTo,Darkwave,2019,Dream Pop,2010
10111,553,CoverOf,Darkwave,2019,Oceanus Folk,2013
10114,14670,LyricalReferenceTo,Indie Folk,1991,Alternative Rock,1984
10116,10608,InStyleOf,Synthwave,2020,Space Rock,2017
10120,1018,DirectlySamples,Avant-Garde Folk,2020,Alternative Rock,2008
10120,1853,InStyleOf,Avant-Garde Folk,2020,Avant-Garde Folk,2011
10120,3512,InStyleOf,Avant-Garde Folk,2020,Indie Pop,2013
10121,4781,DirectlySamples,Lo-Fi Electronica,2007,Lo-Fi Electronica,2003
10121,13481,LyricalReferenceTo,Lo-Fi Electronica,2007,Lo-Fi Electronica,2004
10124,15622,InStyleOf,Indie Folk,2010,Doom Metal,1997
10124,2299,LyricalReferenceTo,Indie Folk,2010,Blues Rock,1985
10128,10709,LyricalReferenceTo,Desert Rock,2023,,
10133,9815,DirectlySamples,,,,
10133,219,CoverOf,,,Dream Pop,1997
10133,13956,InterpolatesFrom,,,,
10135,11866,InStyleOf,Jazz Surf Rock,2023,Jazz Surf Rock,2015
10135,16612,InStyleOf,Jazz Surf Rock,2023,Jazz Surf Rock,1996
10138,5887,InStyleOf,Doom Metal,2026,Doom Metal,1997
10140,10825,InStyleOf,Dream Pop,2026,Dream Pop,2020
10140,4680,InStyleOf,Dream Pop,2026,,
10140,9511,CoverOf,Dream Pop,2026,Dream Pop,2010
10142,438,InStyleOf,Doom Metal,2029,Dream Pop,2010
10142,10704,LyricalReferenceTo,Doom Metal,2029,Indie Rock,2010
10142,15971,InterpolatesFrom,Doom Metal,2029,Indie Rock,2013
10142,13934,InterpolatesFrom,Doom Metal,2029,Indie Folk,2026
10142,9999,LyricalReferenceTo,Doom Metal,2029,Indie Folk,2017
10142,14875,LyricalReferenceTo,Doom Metal,2029,,
10142,7773,InStyleOf,Doom Metal,2029,Indie Rock,2019
10142,1888,CoverOf,Doom Metal,2029,Indie Folk,2017
10142,7511,InterpolatesFrom,Doom Metal,2029,Synthwave,2017
10142,10444,InStyleOf,Doom Metal,2029,Indie Folk,2017
10142,8630,InterpolatesFrom,Doom Metal,2029,Indie Folk,2010
10153,15261,InterpolatesFrom,Psychedelic Rock,2027,Psychedelic Rock,2022
10153,4243,InStyleOf,Psychedelic Rock,2027,Psychedelic Rock,2025
10155,13421,InStyleOf,,,Dream Pop,1994
10155,6342,InStyleOf,,,Dream Pop,2004
10155,2510,InStyleOf,,,Dream Pop,1981
10156,11214,InStyleOf,Indie Folk,2023,,
10158,6074,InStyleOf,Southern Gothic Rock,2028,Southern Gothic Rock,2023
10159,14136,CoverOf,,,Doom Metal,2013
10160,8904,InStyleOf,Indie Folk,2028,Doom Metal,2014
10160,7982,InStyleOf,Indie Folk,2028,Oceanus Folk,2024
10160,8396,LyricalReferenceTo,Indie Folk,2028,Oceanus Folk,2023
10165,4046,InterpolatesFrom,Synthwave,2029,,
10169,7116,InterpolatesFrom,Doom Metal,2023,Doom Metal,2007
10169,11251,LyricalReferenceTo,Doom Metal,2023,Indie Folk,2020
10173,10159,InterpolatesFrom,,,,
10173,3025,InterpolatesFrom,,,Oceanus Folk,2017
10173,14762,CoverOf,,,Oceanus Folk,2017
10173,13563,InterpolatesFrom,,,,
10173,757,InStyleOf,,,Oceanus Folk,2023
10175,14599,CoverOf,Doom Metal,2028,Americana,2019
10179,11290,InStyleOf,,,Synthwave,2003
10179,6368,LyricalReferenceTo,,,Synthwave,1994
10183,9085,InterpolatesFrom,,,Doom Metal,2004
10185,3237,InStyleOf,Dream Pop,2026,Psychedelic Rock,2024
10185,12794,InStyleOf,Dream Pop,2026,Dream Pop,2021
10185,12120,DirectlySamples,Dream Pop,2026,,
10192,10417,CoverOf,,,Lo-Fi Electronica,2010
10192,827,CoverOf,,,Lo-Fi Electronica,2006
10192,14768,InStyleOf,,,Lo-Fi Electronica,2005
10192,966,InterpolatesFrom,,,Lo-Fi Electronica,2003
10192,2848,LyricalReferenceTo,,,Lo-Fi Electronica,2010
10194,2942,LyricalReferenceTo,Southern Gothic Rock,2023,Southern Gothic Rock,2010
10197,9116,LyricalReferenceTo,Doom Metal,2029,Doom Metal,2020
10197,9696,CoverOf,Doom Metal,2029,Synthwave,2020
10197,4728,InterpolatesFrom,Doom Metal,2029,,
10197,9893,InterpolatesFrom,Doom Metal,2029,,
10197,14118,CoverOf,Doom Metal,2029,Indie Folk,2017
10197,7604,InterpolatesFrom,Doom Metal,2029,Dream Pop,2019
10197,10673,InStyleOf,Doom Metal,2029,Doom Metal,2013
10198,3692,InStyleOf,Indie Folk,2020,Synthwave,2017
10201,2292,InStyleOf,Indie Folk,2023,Indie Folk,2020
10206,11213,InStyleOf,Indie Rock,2016,,
10211,14143,InterpolatesFrom,Space Rock,2021,Darkwave,2017
10215,16101,InStyleOf,Dream Pop,2026,Indie Rock,2017
10215,3932,InterpolatesFrom,Dream Pop,2026,Dream Pop,2020
10215,7395,InterpolatesFrom,Dream Pop,2026,Synthwave,2021
10215,6798,InterpolatesFrom,Dream Pop,2026,Dream Pop,2024
10215,13552,CoverOf,Dream Pop,2026,,
10215,14987,InterpolatesFrom,Dream Pop,2026,Doom Metal,2017
10215,13721,LyricalReferenceTo,Dream Pop,2026,,
10222,13681,LyricalReferenceTo,Dream Pop,2020,Indie Folk,2010
10222,8776,InterpolatesFrom,Dream Pop,2020,,
10226,14670,LyricalReferenceTo,Indie Folk,1991,Alternative Rock,1984
10226,8173,InStyleOf,Indie Folk,1991,Dream Pop,1985
10229,8739,InStyleOf,Speed Metal,2017,Speed Metal,2005
10229,13430,LyricalReferenceTo,Speed Metal,2017,Speed Metal,1991
10236,2202,InterpolatesFrom,Alternative Rock,2012,,
10240,8989,DirectlySamples,,,Southern Gothic Rock,2013
10241,14136,InterpolatesFrom,Indie Folk,2023,Doom Metal,2013
10246,15383,InterpolatesFrom,Doom Metal,2010,Doom Metal,2007
10247,11984,LyricalReferenceTo,Southern Gothic Rock,2013,Blues Rock,1991
10247,15104,InStyleOf,Southern Gothic Rock,2013,Southern Gothic Rock,2016
10247,4411,InStyleOf,Southern Gothic Rock,2013,,
10258,1841,DirectlySamples,,,Indie Folk,2010
10258,16524,LyricalReferenceTo,,,Oceanus Folk,2013
10259,14859,InStyleOf,Jazz Surf Rock,2028,Desert Rock,2017
10259,9759,InterpolatesFrom,Jazz Surf Rock,2028,Synthwave,2029
10259,13260,LyricalReferenceTo,Jazz Surf Rock,2028,Indie Folk,2027
10266,4046,LyricalReferenceTo,Indie Folk,2020,,
10266,6006,DirectlySamples,Indie Folk,2020,Doom Metal,2004
10270,3362,CoverOf,Post-Apocalyptic Folk,2026,Synthwave,2022
10270,11024,LyricalReferenceTo,Post-Apocalyptic Folk,2026,Americana,2017
10270,14720,LyricalReferenceTo,Post-Apocalyptic Folk,2026,Oceanus Folk,2023
10270,10111,InStyleOf,Post-Apocalyptic Folk,2026,Darkwave,2019
10270,14039,InStyleOf,Post-Apocalyptic Folk,2026,Americana,2017
10275,9077,InStyleOf,,,Doom Metal,2007
10279,2221,InterpolatesFrom,Southern Gothic Rock,2027,Southern Gothic Rock,2009
10279,14510,InterpolatesFrom,Southern Gothic Rock,2027,,
10279,10503,InStyleOf,Southern Gothic Rock,2027,Southern Gothic Rock,2013
10279,6504,InterpolatesFrom,Southern Gothic Rock,2027,Indie Pop,2010
10282,11431,CoverOf,,,Indie Folk,2004
10283,866,CoverOf,Indie Folk,2023,,
10283,12397,LyricalReferenceTo,Indie Folk,2023,Dream Pop,2007
10290,6368,InStyleOf,,,Synthwave,1994
10294,6315,CoverOf,,,Emo/Pop Punk,1987
10294,6245,InStyleOf,,,Emo/Pop Punk,1989
10294,4749,InStyleOf,,,,
10294,1955,LyricalReferenceTo,,,Emo/Pop Punk,1985
10294,8230,DirectlySamples,,,Emo/Pop Punk,1989
10294,5051,CoverOf,,,Emo/Pop Punk,1997
10309,4069,CoverOf,Alternative Rock,2022,Indie Pop,1993
10309,16162,CoverOf,Alternative Rock,2022,,
10309,8055,CoverOf,Alternative Rock,2022,Alternative Rock,2004
10310,10282,LyricalReferenceTo,Dream Pop,2020,,
10313,3501,InStyleOf,Dream Pop,2022,Oceanus Folk,2007
10313,13324,InStyleOf,Dream Pop,2022,Oceanus Folk,2004
10318,13965,CoverOf,Oceanus Folk,2010,Oceanus Folk,2007
10333,4006,CoverOf,,,Indie Rock,2007
10333,5911,DirectlySamples,,,Indie Rock,2024
10337,1977,LyricalReferenceTo,Doom Metal,2007,,
10337,5887,InterpolatesFrom,Doom Metal,2007,Doom Metal,1997
10338,7278,CoverOf,Dream Pop,2023,Synthwave,2022
10342,10747,InStyleOf,Dream Pop,2017,Dream Pop,2019
10342,10281,LyricalReferenceTo,Dream Pop,2017,Synthwave,2016
10350,5218,InStyleOf,,,Blues Rock,1996
10350,11830,CoverOf,,,Synthwave,2000
10350,7184,InStyleOf,,,Indie Pop,1994
10354,9524,InterpolatesFrom,Dream Pop,2018,Dream Pop,2006
10354,5436,DirectlySamples,Dream Pop,2018,Dream Pop,1984
10354,4283,InterpolatesFrom,Dream Pop,2018,Dream Pop,2013
10354,15539,InterpolatesFrom,Dream Pop,2018,Dream Pop,2012
10354,12971,InStyleOf,Dream Pop,2018,Dream Pop,2016
10366,14527,LyricalReferenceTo,Emo/Pop Punk,2015,Emo/Pop Punk,2013
10366,9473,LyricalReferenceTo,Emo/Pop Punk,2015,,
10366,6245,LyricalReferenceTo,Emo/Pop Punk,2015,Emo/Pop Punk,1989
10366,6397,InStyleOf,Emo/Pop Punk,2015,Emo/Pop Punk,2011
10366,10937,InterpolatesFrom,Emo/Pop Punk,2015,,
10366,11240,InterpolatesFrom,Emo/Pop Punk,2015,Emo/Pop Punk,2004
10367,8593,CoverOf,Synthwave,2013,Doom Metal,2007
10367,15622,InterpolatesFrom,Synthwave,2013,Doom Metal,1997
10367,15306,InStyleOf,Synthwave,2013,Psychedelic Rock,2004
10368,11768,InterpolatesFrom,Post-Apocalyptic Folk,2028,Dream Pop,2024
10368,8263,InStyleOf,Post-Apocalyptic Folk,2028,Psychedelic Rock,2022
10376,14965,DirectlySamples,Dream Pop,2029,Doom Metal,2010
10385,12538,InStyleOf,Space Rock,2028,,
10385,10281,CoverOf,Space Rock,2028,Synthwave,2016
10385,7278,CoverOf,Space Rock,2028,Synthwave,2022
10385,11824,InStyleOf,Space Rock,2028,Dream Pop,2020
10385,3966,CoverOf,Space Rock,2028,Synthwave,2018
10388,6461,DirectlySamples,Doom Metal,1991,,
10388,11210,LyricalReferenceTo,Doom Metal,1991,Doom Metal,1987
10388,14961,LyricalReferenceTo,Doom Metal,1991,Synthwave,1987
10390,5844,InterpolatesFrom,Southern Gothic Rock,2009,Southern Gothic Rock,2005
10392,13564,DirectlySamples,,,Psychedelic Rock,2015
10398,15622,LyricalReferenceTo,Indie Folk,2013,Doom Metal,1997
10402,9387,InStyleOf,Alternative Rock,2010,Dream Pop,2007
10402,13208,InStyleOf,Alternative Rock,2010,Dream Pop,2007
10402,2510,LyricalReferenceTo,Alternative Rock,2010,Dream Pop,1981
10404,1884,CoverOf,Indie Folk,2017,,
10404,15622,InStyleOf,Indie Folk,2017,Doom Metal,1997
10406,13563,InterpolatesFrom,Oceanus Folk,2023,,
10415,13399,LyricalReferenceTo,Indie Folk,2017,Indie Folk,2013
10417,11677,LyricalReferenceTo,Lo-Fi Electronica,2010,Lo-Fi Electronica,2009
10417,4781,InStyleOf,Lo-Fi Electronica,2010,Lo-Fi Electronica,2003
10417,14768,InStyleOf,Lo-Fi Electronica,2010,Lo-Fi Electronica,2005
10417,827,InterpolatesFrom,Lo-Fi Electronica,2010,Lo-Fi Electronica,2006
10419,11125,InterpolatesFrom,Dream Pop,1997,,
10426,1841,InStyleOf,Oceanus Folk,2026,Indie Folk,2010
10426,3025,InStyleOf,Oceanus Folk,2026,Oceanus Folk,2017
10426,16524,LyricalReferenceTo,Oceanus Folk,2026,Oceanus Folk,2013
10431,8230,InStyleOf,,,Emo/Pop Punk,1989
10431,10294,CoverOf,,,,
10431,6454,InStyleOf,,,Indie Pop,1991
10431,6315,InStyleOf,,,Emo/Pop Punk,1987
10431,6245,InStyleOf,,,Emo/Pop Punk,1989
10431,12382,InterpolatesFrom,,,Alternative Rock,2011
10431,3217,CoverOf,,,Avant-Garde Folk,2018
10434,4432,InterpolatesFrom,Speed Metal,2007,Speed Metal,2005
10435,10432,InterpolatesFrom,Southern Gothic Rock,2027,,
10439,8561,InterpolatesFrom,Dream Pop,2020,Indie Rock,2013
10441,15408,CoverOf,,,,
10443,4675,InterpolatesFrom,Psychedelic Rock,2025,Desert Rock,2020
10447,9895,DirectlySamples,Dream Pop,2018,Synthwave,1989
10448,13423,InStyleOf,Jazz Surf Rock,2015,Indie Folk,2010
10453,16495,InterpolatesFrom,Southern Gothic Rock,2026,Southern Gothic Rock,1997
10453,12042,InStyleOf,Southern Gothic Rock,2026,Southern Gothic Rock,2014
10453,4609,LyricalReferenceTo,Southern Gothic Rock,2026,Avant-Garde Folk,1997
10453,6745,CoverOf,Southern Gothic Rock,2026,Indie Pop,1994
10453,4854,InStyleOf,Southern Gothic Rock,2026,Southern Gothic Rock,2004
10453,13001,InStyleOf,Southern Gothic Rock,2026,,
10468,5425,InStyleOf,Indie Folk,2020,Doom Metal,2013
10469,4095,DirectlySamples,Space Rock,2015,Indie Rock,2010
10475,13545,InterpolatesFrom,Speed Metal,2020,Speed Metal,1997
10478,9122,InStyleOf,Lo-Fi Electronica,2032,,
10478,13985,LyricalReferenceTo,Lo-Fi Electronica,2032,Lo-Fi Electronica,2013
10478,827,InStyleOf,Lo-Fi Electronica,2032,Lo-Fi Electronica,2006
10478,13297,CoverOf,Lo-Fi Electronica,2032,Lo-Fi Electronica,2017
10478,11677,CoverOf,Lo-Fi Electronica,2032,Lo-Fi Electronica,2009
10478,14512,InStyleOf,Lo-Fi Electronica,2032,Lo-Fi Electronica,1997
10478,10417,InStyleOf,Lo-Fi Electronica,2032,Lo-Fi Electronica,2010
10478,8680,CoverOf,Lo-Fi Electronica,2032,,
10478,14710,InStyleOf,Lo-Fi Electronica,2032,Lo-Fi Electronica,2024
10478,14566,CoverOf,Lo-Fi Electronica,2032,,
10484,8593,CoverOf,,,Doom Metal,2007
10484,10361,InterpolatesFrom,,,Post-Apocalyptic Folk,2011
10503,14038,InStyleOf,Southern Gothic Rock,2013,,
10505,14118,DirectlySamples,Jazz Surf Rock,2027,Indie Folk,2017
10505,11251,LyricalReferenceTo,Jazz Surf Rock,2027,Indie Folk,2020
10505,14626,CoverOf,Jazz Surf Rock,2027,Synthwave,2024
10505,9116,InStyleOf,Jazz Surf Rock,2027,Doom Metal,2020
10505,2486,LyricalReferenceTo,Jazz Surf Rock,2027,Doom Metal,2023
10505,16432,InStyleOf,Jazz Surf Rock,2027,,
10507,11127,DirectlySamples,,,Psychedelic Rock,2016
10513,15578,InterpolatesFrom,Blues Rock,1991,Indie Pop,1987
10517,6665,InterpolatesFrom,Indie Folk,2027,Desert Rock,2026
10520,7304,InStyleOf,Southern Gothic Rock,2012,Southern Gothic Rock,2005
10521,14262,CoverOf,Emo/Pop Punk,2029,Emo/Pop Punk,2020
10523,15093,InStyleOf,Dream Pop,2022,Psychedelic Rock,2016
10532,10319,InterpolatesFrom,,,Psychedelic Rock,2014
10532,9884,CoverOf,,,Psychedelic Rock,2009
10532,12397,LyricalReferenceTo,,,Dream Pop,2007
10532,16719,InterpolatesFrom,,,,
10534,16312,InterpolatesFrom,Psychedelic Rock,2026,Psychedelic Rock,2010
10534,2704,InterpolatesFrom,Psychedelic Rock,2026,Americana,2023
10535,16512,InterpolatesFrom,Indie Folk,2026,Americana,2013
10535,16514,InStyleOf,Indie Folk,2026,Americana,2013
10535,7278,CoverOf,Indie Folk,2026,Synthwave,2022
10538,5777,InterpolatesFrom,Synthwave,2029,Indie Folk,2013
10538,10673,CoverOf,Synthwave,2029,Doom Metal,2013
10544,14864,InStyleOf,Jazz Surf Rock,2027,Dream Pop,2021
10544,13055,LyricalReferenceTo,Jazz Surf Rock,2027,,
10544,4541,InStyleOf,Jazz Surf Rock,2027,Psychedelic Rock,2023
10549,5110,CoverOf,Indie Pop,1993,Indie Pop,1991
10557,8958,InStyleOf,,,,
10561,6901,InStyleOf,Indie Folk,2017,Indie Folk,2010
10561,2931,InterpolatesFrom,Indie Folk,2017,Symphonic Metal,2013
10562,3100,InStyleOf,Dream Pop,2026,Post-Apocalyptic Folk,2005
10576,4117,CoverOf,Synthwave,2011,Synthwave,1997
10582,9256,InStyleOf,Symphonic Metal,2029,Symphonic Metal,2027
10593,12817,InterpolatesFrom,,,Synthwave,2000
10600,14610,LyricalReferenceTo,Alternative Rock,2005,Southern Gothic Rock,1991
10600,3407,CoverOf,Alternative Rock,2005,Southern Gothic Rock,1987
10601,6268,InStyleOf,Desert Rock,2027,Indie Folk,2017
10601,6901,InterpolatesFrom,Desert Rock,2027,Indie Folk,2010
10612,16517,LyricalReferenceTo,Southern Gothic Rock,2012,Southern Gothic Rock,1986
10616,12594,LyricalReferenceTo,Indie Folk,2013,Dream Pop,2003
10616,13303,CoverOf,Indie Folk,2013,,
10620,7326,InStyleOf,,,Dream Pop,2028
10625,13302,InStyleOf,Dream Pop,2030,Indie Rock,2020
10628,8018,LyricalReferenceTo,Synthpop,2020,Synthwave,2010
10632,611,LyricalReferenceTo,Indie Folk,2013,Indie Folk,2014
10632,6368,DirectlySamples,Indie Folk,2013,Synthwave,1994
10632,16313,CoverOf,Indie Folk,2013,,
10636,3891,InStyleOf,Jazz Surf Rock,2027,,
10636,13538,InStyleOf,Jazz Surf Rock,2027,Oceanus Folk,2024
10636,16264,CoverOf,Jazz Surf Rock,2027,Oceanus Folk,2026
10641,2215,LyricalReferenceTo,Dream Pop,2027,Americana,2023
10641,1195,CoverOf,Dream Pop,2027,,
10641,5680,InStyleOf,Dream Pop,2027,Americana,2020
10642,3966,InterpolatesFrom,,,Synthwave,2018
10648,12961,InStyleOf,Dream Pop,1999,,
10651,8872,InterpolatesFrom,,,Speed Metal,1993
10651,15047,CoverOf,,,Southern Gothic Rock,1986
10651,6227,InStyleOf,,,Speed Metal,1999
10651,15702,CoverOf,,,Speed Metal,1985
10651,8050,CoverOf,,,,
10651,13430,InterpolatesFrom,,,Speed Metal,1991
10651,4861,CoverOf,,,Speed Metal,1996
10653,5288,InterpolatesFrom,Doom Metal,2022,,
10657,15539,InterpolatesFrom,Dream Pop,2017,Dream Pop,2012
10657,4283,LyricalReferenceTo,Dream Pop,2017,Dream Pop,2013
10657,12971,CoverOf,Dream Pop,2017,Dream Pop,2016
10657,10354,CoverOf,Dream Pop,2017,Dream Pop,2018
10659,10342,InterpolatesFrom,Dream Pop,2025,Dream Pop,2017
10659,10281,DirectlySamples,Dream Pop,2025,Synthwave,2016
10659,8816,InterpolatesFrom,Dream Pop,2025,Dream Pop,2012
10659,8245,LyricalReferenceTo,Dream Pop,2025,,
10659,9230,CoverOf,Dream Pop,2025,Dream Pop,2018
10659,3869,DirectlySamples,Dream Pop,2025,Darkwave,2010
10662,467,InterpolatesFrom,Dream Pop,2029,Post-Apocalyptic Folk,2020
10662,11276,LyricalReferenceTo,Dream Pop,2029,Dream Pop,2024
10666,10694,CoverOf,Indie Folk,2020,Psychedelic Rock,2004
10668,11729,InStyleOf,,,Americana,2013
10673,6006,LyricalReferenceTo,Doom Metal,2013,Doom Metal,2004
10676,12721,InStyleOf,,,Dream Pop,2007
10681,15622,CoverOf,Doom Metal,2007,Doom Metal,1997
10685,8888,LyricalReferenceTo,Doom Metal,2020,Indie Rock,2010
10694,12865,InStyleOf,Psychedelic Rock,2004,Psychedelic Rock,2004
10698,12010,CoverOf,Alternative Rock,2014,Alternative Rock,2003
10698,15633,InterpolatesFrom,Alternative Rock,2014,Alternative Rock,2007
10698,13379,InStyleOf,Alternative Rock,2014,Alternative Rock,1992
10698,14749,InterpolatesFrom,Alternative Rock,2014,Alternative Rock,2010
10699,8888,InStyleOf,Indie Folk,2017,Indie Rock,2010
10700,11678,InStyleOf,,,Indie Folk,2023
10716,13777,CoverOf,Americana,2027,,
10722,312,InterpolatesFrom,,,,
10722,11910,InStyleOf,,,Synthwave,2013
10726,6368,LyricalReferenceTo,,,Synthwave,1994
10727,1539,InterpolatesFrom,Avant-Garde Folk,2030,Indie Pop,2019
10727,15964,InterpolatesFrom,Avant-Garde Folk,2030,Avant-Garde Folk,2017
10727,14675,InterpolatesFrom,Avant-Garde Folk,2030,Avant-Garde Folk,2025
10727,11365,InStyleOf,Avant-Garde Folk,2030,Southern Gothic Rock,2016
10728,1779,InStyleOf,,,Indie Folk,2017
10728,4046,InterpolatesFrom,,,,
10728,16366,InStyleOf,,,,
10728,15360,InStyleOf,,,,
10728,2608,LyricalReferenceTo,,,Doom Metal,2013
10730,9884,LyricalReferenceTo,Psychedelic Rock,2013,Psychedelic Rock,2009
10740,1539,DirectlySamples,,,Indie Pop,2019
10740,3596,DirectlySamples,,,Avant-Garde Folk,2015
10740,6454,CoverOf,,,Indie Pop,1991
10741,9942,DirectlySamples,Dream Pop,2027,Synthwave,2017
10741,16432,DirectlySamples,Dream Pop,2027,,
10754,12634,InStyleOf,,,,
10754,12389,InStyleOf,,,Space Rock,2017
10759,13654,InStyleOf,Avant-Garde Folk,2017,Southern Gothic Rock,2000
10759,1411,InStyleOf,Avant-Garde Folk,2017,Southern Gothic Rock,2013
10759,1293,LyricalReferenceTo,Avant-Garde Folk,2017,,
10759,14658,CoverOf,Avant-Garde Folk,2017,,
10759,3349,LyricalReferenceTo,Avant-Garde Folk,2017,Indie Pop,2002
10759,13933,InStyleOf,Avant-Garde Folk,2017,,
10759,7662,InStyleOf,Avant-Garde Folk,2017,Southern Gothic Rock,2013
10759,11368,InterpolatesFrom,Avant-Garde Folk,2017,Southern Gothic Rock,2004
10759,11298,InterpolatesFrom,Avant-Garde Folk,2017,,
10759,2493,InterpolatesFrom,Avant-Garde Folk,2017,Southern Gothic Rock,2012
10759,1772,LyricalReferenceTo,Avant-Garde Folk,2017,Southern Gothic Rock,2010
10761,7010,InStyleOf,Symphonic Metal,2028,Indie Folk,2010
10761,8201,DirectlySamples,Symphonic Metal,2028,Symphonic Metal,2023
10765,3454,InStyleOf,Southern Gothic Rock,2020,Avant-Garde Folk,2006
10767,7278,CoverOf,Dream Pop,2027,Synthwave,2022
10767,10111,InStyleOf,Dream Pop,2027,Darkwave,2019
10767,3362,InStyleOf,Dream Pop,2027,Synthwave,2022
10767,16367,LyricalReferenceTo,Dream Pop,2027,Darkwave,2020
10767,11280,InStyleOf,Dream Pop,2027,Darkwave,2023
10771,12150,InterpolatesFrom,Synthwave,2017,Indie Folk,2007
10773,16210,InStyleOf,Indie Folk,2017,Dream Pop,2006
10777,10782,InterpolatesFrom,Space Rock,2029,Synthwave,2026
10777,14987,LyricalReferenceTo,Space Rock,2029,Doom Metal,2017
10782,11945,InStyleOf,Synthwave,2026,Doom Metal,2007
10787,9884,InterpolatesFrom,Desert Rock,2024,Psychedelic Rock,2009
10787,6268,DirectlySamples,Desert Rock,2024,Indie Folk,2017
10791,6493,InStyleOf,,,,
10793,13591,InStyleOf,Synthwave,2013,Doom Metal,2010
10800,13418,CoverOf,Darkwave,2029,,
10806,10102,CoverOf,Jazz Surf Rock,2027,Americana,2026
10812,15643,InterpolatesFrom,Emo/Pop Punk,2017,Southern Gothic Rock,2016
10812,2331,LyricalReferenceTo,Emo/Pop Punk,2017,Blues Rock,2011
10812,6837,LyricalReferenceTo,Emo/Pop Punk,2017,,
10812,15894,InterpolatesFrom,Emo/Pop Punk,2017,Indie Pop,2014
10814,7607,InterpolatesFrom,Indie Folk,2020,Dream Pop,2016
10818,10562,DirectlySamples,Dream Pop,2028,Dream Pop,2026
10819,12776,InterpolatesFrom,Space Rock,2029,Desert Rock,2020
10819,6790,InterpolatesFrom,Space Rock,2029,,
10819,12237,InStyleOf,Space Rock,2029,Indie Rock,2023
10825,9511,InterpolatesFrom,Dream Pop,2020,Dream Pop,2010
10825,4680,InStyleOf,Dream Pop,2020,,
10826,736,InStyleOf,,,,
10826,1407,CoverOf,,,,
10833,4847,DirectlySamples,,,,
10837,13023,InterpolatesFrom,Indie Pop,2010,Indie Pop,2003
10840,2720,LyricalReferenceTo,,,Alternative Rock,2009
10840,15343,LyricalReferenceTo,,,Speed Metal,1987
10840,4583,InStyleOf,,,Speed Metal,1983
10844,3568,InterpolatesFrom,Indie Folk,2017,Doom Metal,2007
10848,13701,InterpolatesFrom,,,Indie Pop,1995
10848,12242,InStyleOf,,,,
10850,14994,InterpolatesFrom,Dream Pop,2027,Indie Folk,1997
10855,10342,LyricalReferenceTo,Dream Pop,2023,Dream Pop,2017
10855,10281,CoverOf,Dream Pop,2023,Synthwave,2016
10855,10747,InStyleOf,Dream Pop,2023,Dream Pop,2019
10861,11768,CoverOf,Dream Pop,2029,Dream Pop,2024
10861,15634,InterpolatesFrom,Dream Pop,2029,Psychedelic Rock,2022
10875,14994,DirectlySamples,Dream Pop,2029,Indie Folk,1997
10875,1320,InStyleOf,Dream Pop,2029,Synthwave,2000
10883,14691,InStyleOf,,,Dream Pop,2026
10893,4849,LyricalReferenceTo,Psychedelic Rock,2013,,
10903,9096,CoverOf,Dream Pop,2028,Oceanus Folk,2017
10903,12865,InterpolatesFrom,Dream Pop,2028,Psychedelic Rock,2004
10903,3433,LyricalReferenceTo,Dream Pop,2028,Indie Folk,2013
10903,16400,InStyleOf,Dream Pop,2028,Oceanus Folk,2023
10903,1841,InterpolatesFrom,Dream Pop,2028,Indie Folk,2010
10919,974,InterpolatesFrom,Psychedelic Rock,2029,Psychedelic Rock,2023
10928,8867,InStyleOf,,,Symphonic Metal,2007
10928,15622,DirectlySamples,,,Doom Metal,1997
10928,8888,InStyleOf,,,Indie Rock,2010
10928,10673,InStyleOf,,,Doom Metal,2013
10928,13721,CoverOf,,,,
10928,4604,LyricalReferenceTo,,,,
10928,16048,InStyleOf,,,Dream Pop,2017
10928,9996,InStyleOf,,,Jazz Surf Rock,2007
10928,12910,CoverOf,,,,
10935,1935,DirectlySamples,Psychedelic Rock,1991,Psychedelic Rock,1986
10937,1955,CoverOf,,,Emo/Pop Punk,1985
10937,8230,InStyleOf,,,Emo/Pop Punk,1989
10937,6315,InStyleOf,,,Emo/Pop Punk,1987
10937,10294,InterpolatesFrom,,,,
10938,2956,CoverOf,Doom Metal,2010,Indie Folk,2008
10941,8615,LyricalReferenceTo,Indie Rock,2025,,
10941,13062,InterpolatesFrom,Indie Rock,2025,Doom Metal,1994
10944,445,InStyleOf,Dream Pop,2026,,
10944,4038,InterpolatesFrom,Dream Pop,2026,Psychedelic Rock,2020
10944,11525,InStyleOf,Dream Pop,2026,Psychedelic Rock,2020
10944,4541,LyricalReferenceTo,Dream Pop,2026,Psychedelic Rock,2023
10944,11730,InStyleOf,Dream Pop,2026,,
10944,4604,InStyleOf,Dream Pop,2026,,
10953,445,DirectlySamples,Psychedelic Rock,2022,,
10953,11127,CoverOf,Psychedelic Rock,2022,Psychedelic Rock,2016
10963,13055,InterpolatesFrom,,,,
10968,14506,CoverOf,Synthwave,2019,Synthwave,2013
10977,11541,InStyleOf,Indie Folk,2023,Indie Rock,2013
10982,14082,InterpolatesFrom,Darkwave,2017,,
10982,6624,InterpolatesFrom,Darkwave,2017,Indie Folk,2013
10986,8593,InStyleOf,Dream Pop,2023,Doom Metal,2007
10986,13480,InterpolatesFrom,Dream Pop,2023,Synthwave,2009
10990,14514,InStyleOf,,,Indie Folk,2017
10994,12233,LyricalReferenceTo,Southern Gothic Rock,2017,Indie Pop,2012
10994,7872,DirectlySamples,Southern Gothic Rock,2017,Indie Pop,2010
10996,8687,InterpolatesFrom,Alternative Rock,2004,Synthwave,1997
10996,11875,InterpolatesFrom,Alternative Rock,2004,Dream Pop,1994
10996,3508,DirectlySamples,Alternative Rock,2004,,
10996,4849,DirectlySamples,Alternative Rock,2004,,
10996,5787,InStyleOf,Alternative Rock,2004,,
10996,6368,InStyleOf,Alternative Rock,2004,Synthwave,1994
11001,5436,InStyleOf,,,Dream Pop,1984
11001,16635,LyricalReferenceTo,,,,
11005,1841,InterpolatesFrom,Indie Folk,2017,Indie Folk,2010
11005,12365,LyricalReferenceTo,Indie Folk,2017,Americana,2013
11010,15622,LyricalReferenceTo,Doom Metal,2017,Doom Metal,1997
11010,15605,InStyleOf,Doom Metal,2017,,
11010,5687,InStyleOf,Doom Metal,2017,Indie Folk,2010
11014,16274,CoverOf,Indie Folk,2017,Indie Folk,2013
11018,15658,DirectlySamples,Indie Folk,2020,Synthwave,2016
11022,7531,LyricalReferenceTo,Southern Gothic Rock,2002,Southern Gothic Rock,1992
11029,7278,CoverOf,Synthwave,2029,Synthwave,2022
11029,8888,InStyleOf,Synthwave,2029,Indie Rock,2010
11029,6896,InterpolatesFrom,Synthwave,2029,Doom Metal,2013
11037,4849,LyricalReferenceTo,Psychedelic Rock,2014,,
11050,10358,LyricalReferenceTo,Doom Metal,2010,,
11056,4728,DirectlySamples,,,,
11056,7116,DirectlySamples,,,Doom Metal,2007
11061,13179,InStyleOf,Indie Rock,2020,Dream Pop,2016
11072,10736,DirectlySamples,,,Space Rock,2023
11074,15959,InStyleOf,,,,
11078,6061,InStyleOf,,,Southern Gothic Rock,2010
11078,12163,InterpolatesFrom,,,Indie Pop,1997
11078,3350,InStyleOf,,,Southern Gothic Rock,1992
11078,8273,InterpolatesFrom,,,Southern Gothic Rock,2000
11080,14800,InStyleOf,Synthpop,2023,Dream Pop,1996
11085,382,InterpolatesFrom,,,Dream Pop,2027
11091,12058,InStyleOf,Darkwave,1993,,
11093,15928,InStyleOf,Dream Pop,2012,Alternative Rock,2001
11104,10593,LyricalReferenceTo,Indie Folk,2027,,
11104,10464,InStyleOf,Indie Folk,2027,Synthwave,2007
11104,6008,LyricalReferenceTo,Indie Folk,2027,Indie Rock,2017
11104,2859,InterpolatesFrom,Indie Folk,2027,Darkwave,2020
11109,4618,InStyleOf,Emo/Pop Punk,2012,,
11109,10090,InStyleOf,Emo/Pop Punk,2012,Southern Gothic Rock,1998
11109,8891,InStyleOf,Emo/Pop Punk,2012,Southern Gothic Rock,2009
11109,2068,LyricalReferenceTo,Emo/Pop Punk,2012,Southern Gothic Rock,1996
11109,5110,LyricalReferenceTo,Emo/Pop Punk,2012,Indie Pop,1991
11111,5473,CoverOf,,,Alternative Rock,2020
11116,6006,InStyleOf,Indie Folk,2010,Doom Metal,2004
11117,12367,CoverOf,Synthwave,2017,Indie Folk,2007
11125,2510,DirectlySamples,,,Dream Pop,1981
11130,16276,LyricalReferenceTo,Space Rock,2027,Oceanus Folk,2020
11130,15542,DirectlySamples,Space Rock,2027,Americana,2020
11130,15469,InterpolatesFrom,Space Rock,2027,Synthwave,2017
11130,4288,CoverOf,Space Rock,2027,Desert Rock,2017
11130,2153,InterpolatesFrom,Space Rock,2027,,
11130,13721,CoverOf,Space Rock,2027,,
11130,533,CoverOf,Space Rock,2027,,
11130,2899,InterpolatesFrom,Space Rock,2027,,
11130,3501,DirectlySamples,Space Rock,2027,Oceanus Folk,2007
11130,9810,LyricalReferenceTo,Space Rock,2027,Americana,2020
11130,14969,InterpolatesFrom,Space Rock,2027,,
11130,8593,CoverOf,Space Rock,2027,Doom Metal,2007
11130,15048,InterpolatesFrom,Space Rock,2027,Desert Rock,2023
11136,9871,InterpolatesFrom,Darkwave,2026,,
11136,3508,CoverOf,Darkwave,2026,,
11146,1841,DirectlySamples,Synthpop,2020,Indie Folk,2010
11156,1884,LyricalReferenceTo,Doom Metal,2023,,
11159,15894,InStyleOf,Emo/Pop Punk,2023,Indie Pop,2014
11159,9061,CoverOf,Emo/Pop Punk,2023,Southern Gothic Rock,2019
11159,14510,InterpolatesFrom,Emo/Pop Punk,2023,,
11159,10503,CoverOf,Emo/Pop Punk,2023,Southern Gothic Rock,2013
11159,11354,LyricalReferenceTo,Emo/Pop Punk,2023,Jazz Surf Rock,2013
11161,5887,InStyleOf,Indie Folk,2000,Doom Metal,1997
11166,7763,LyricalReferenceTo,,,Jazz Surf Rock,2027
11166,4306,InterpolatesFrom,,,Dream Pop,2020
11166,13055,InterpolatesFrom,,,,
11174,11984,LyricalReferenceTo,Southern Gothic Rock,2016,Blues Rock,1991
11174,6193,CoverOf,Southern Gothic Rock,2016,Southern Gothic Rock,2008
11175,6301,CoverOf,,,,
11184,12043,LyricalReferenceTo,Dream Pop,2028,Dream Pop,2023
11184,10342,CoverOf,Dream Pop,2028,Dream Pop,2017
11187,5854,InterpolatesFrom,Doom Metal,2020,Indie Folk,2017
11187,4604,InStyleOf,Doom Metal,2020,,
11191,12678,DirectlySamples,,,Synthwave,2013
11200,7691,InStyleOf,Dream Pop,2029,Dream Pop,2021
11200,438,CoverOf,Dream Pop,2029,Dream Pop,2010
11200,912,CoverOf,Dream Pop,2029,Indie Folk,2017
11200,11097,InStyleOf,Dream Pop,2029,Darkwave,2019
11206,13781,LyricalReferenceTo,Indie Rock,2026,Synthwave,2027
11206,10815,InStyleOf,Indie Rock,2026,Indie Rock,2025
11206,7278,InterpolatesFrom,Indie Rock,2026,Synthwave,2022
11206,15674,CoverOf,Indie Rock,2026,Indie Rock,2027
11213,802,InterpolatesFrom,,,,
11225,10342,CoverOf,Synthwave,2024,Dream Pop,2017
11225,12043,InStyleOf,Synthwave,2024,Dream Pop,2023
11225,10747,DirectlySamples,Synthwave,2024,Dream Pop,2019
11225,8245,CoverOf,Synthwave,2024,,
11227,1544,CoverOf,Indie Pop,2013,Southern Gothic Rock,2007
11227,5051,DirectlySamples,Indie Pop,2013,Emo/Pop Punk,1997
11230,8516,DirectlySamples,Psychedelic Rock,2020,Psychedelic Rock,2017
11236,13628,LyricalReferenceTo,Alternative Rock,2028,Speed Metal,2020
11236,7574,CoverOf,Alternative Rock,2028,Speed Metal,1989
11236,26,InterpolatesFrom,Alternative Rock,2028,Speed Metal,2022
11236,4932,DirectlySamples,Alternative Rock,2028,,
11236,15047,InterpolatesFrom,Alternative Rock,2028,Southern Gothic Rock,1986
11236,4870,InterpolatesFrom,Alternative Rock,2028,,
11240,6245,InterpolatesFrom,Emo/Pop Punk,2004,Emo/Pop Punk,1989
11240,10515,InStyleOf,Emo/Pop Punk,2004,Indie Pop,1992
11244,12793,InterpolatesFrom,Alternative Rock,2007,Avant-Garde Folk,2004
11244,4357,InStyleOf,Alternative Rock,2007,,
11244,880,InterpolatesFrom,Alternative Rock,2007,,
11244,7325,LyricalReferenceTo,Alternative Rock,2007,Emo/Pop Punk,2004
11246,14157,LyricalReferenceTo,Southern Gothic Rock,2007,Blues Rock,1987
11249,12611,LyricalReferenceTo,Indie Rock,2026,Indie Rock,2021
11249,5660,CoverOf,Indie Rock,2026,Indie Rock,1997
11249,9808,InStyleOf,Indie Rock,2026,Indie Rock,2018
11249,11941,CoverOf,Indie Rock,2026,Indie Rock,2024
11251,14118,CoverOf,Indie Folk,2020,Indie Folk,2017
11254,15622,LyricalReferenceTo,Indie Folk,2017,Doom Metal,1997
11259,15089,InStyleOf,,,Synthwave,1999
11262,7116,CoverOf,,,Doom Metal,2007
11262,10673,InStyleOf,,,Doom Metal,2013
11262,7886,InStyleOf,,,,
11263,7897,InterpolatesFrom,,,Post-Apocalyptic Folk,2014
11263,16432,DirectlySamples,,,,
11263,13302,CoverOf,,,Indie Rock,2020
11263,10673,DirectlySamples,,,Doom Metal,2013
11263,4046,CoverOf,,,,
11269,13965,DirectlySamples,Indie Folk,2016,Oceanus Folk,2007
11275,9716,InterpolatesFrom,,,Americana,1991
11275,1845,LyricalReferenceTo,,,Synthpop,2010
11280,7278,DirectlySamples,Darkwave,2023,Synthwave,2022
11280,16367,InStyleOf,Darkwave,2023,Darkwave,2020
11292,3286,InStyleOf,Alternative Rock,2011,Alternative Rock,2001
11294,16182,InterpolatesFrom,Blues Rock,2027,Southern Gothic Rock,1997
11294,12273,InStyleOf,Blues Rock,2027,,
11298,11368,CoverOf,,,Southern Gothic Rock,2004
11299,12793,InStyleOf,Avant-Garde Folk,2009,Avant-Garde Folk,2004
11299,4357,LyricalReferenceTo,Avant-Garde Folk,2009,,
11299,11273,InterpolatesFrom,Avant-Garde Folk,2009,Blues Rock,2004
11300,4362,DirectlySamples,,,Synthwave,2013
11300,1841,InStyleOf,,,Indie Folk,2010
11303,15290,InterpolatesFrom,Dream Pop,1991,Dream Pop,1991
11309,14965,InterpolatesFrom,,,Doom Metal,2010
11319,1244,CoverOf,,,,
11319,4006,InStyleOf,,,Indie Rock,2007
11322,8373,InterpolatesFrom,Alternative Rock,2027,Indie Folk,2020
11322,15622,InStyleOf,Alternative Rock,2027,Doom Metal,1997
11322,13107,InStyleOf,Alternative Rock,2027,Americana,2020
11322,15198,InStyleOf,Alternative Rock,2027,Dream Pop,2013
11327,6315,InStyleOf,Lo-Fi Electronica,1998,Emo/Pop Punk,1987
11329,3025,InStyleOf,Space Rock,2025,Oceanus Folk,2017
11331,11522,InStyleOf,,,,
11331,9995,InStyleOf,,,Dream Pop,2018
11331,11569,InStyleOf,,,Indie Rock,2008
11331,6229,InStyleOf,,,,
11331,10281,LyricalReferenceTo,,,Synthwave,2016
11331,9335,LyricalReferenceTo,,,Indie Rock,2016
11342,1748,InterpolatesFrom,,,Dream Pop,2023
11351,8173,InStyleOf,Indie Folk,1997,Dream Pop,1985
11352,7671,LyricalReferenceTo,,,Alternative Rock,1983
11354,2034,LyricalReferenceTo,Jazz Surf Rock,2013,,
11354,9559,InterpolatesFrom,Jazz Surf Rock,2013,Jazz Surf Rock,2004
11357,13421,LyricalReferenceTo,Alternative Rock,2026,Dream Pop,1994
11357,7100,InStyleOf,Alternative Rock,2026,Alternative Rock,2012
11357,2510,DirectlySamples,Alternative Rock,2026,Dream Pop,1981
11357,4602,CoverOf,Alternative Rock,2026,,
11359,11813,InStyleOf,Alternative Rock,2014,Alternative Rock,2006
11363,16517,LyricalReferenceTo,Blues Rock,2010,Southern Gothic Rock,1986
11363,9647,DirectlySamples,Blues Rock,2010,Southern Gothic Rock,2006
11363,13046,LyricalReferenceTo,Blues Rock,2010,Southern Gothic Rock,1999
11363,6946,InStyleOf,Blues Rock,2010,Blues Rock,1992
11363,7157,InStyleOf,Blues Rock,2010,Southern Gothic Rock,1997
11363,15715,InterpolatesFrom,Blues Rock,2010,Southern Gothic Rock,1993
11365,12382,InStyleOf,Southern Gothic Rock,2016,Alternative Rock,2011
11365,15388,InterpolatesFrom,Southern Gothic Rock,2016,Avant-Garde Folk,2015
11365,3596,InterpolatesFrom,Southern Gothic Rock,2016,Avant-Garde Folk,2015
11368,9772,InStyleOf,Southern Gothic Rock,2004,Indie Pop,1997
11369,3562,LyricalReferenceTo,Jazz Surf Rock,2022,Dream Pop,2010
11371,15735,InStyleOf,Space Rock,2027,Dream Pop,2023
11371,16445,LyricalReferenceTo,Space Rock,2027,,
11371,6423,LyricalReferenceTo,Space Rock,2027,Indie Folk,2013
11381,15488,LyricalReferenceTo,Americana,2020,Americana,2004
11381,3663,InStyleOf,Americana,2020,,
11385,11127,DirectlySamples,Dream Pop,2024,Psychedelic Rock,2016
11385,445,InStyleOf,Dream Pop,2024,,
11385,9360,DirectlySamples,Dream Pop,2024,,
11393,1723,InStyleOf,Americana,2025,Dream Pop,2020
11393,6915,InterpolatesFrom,Americana,2025,Symphonic Metal,2014
11395,10499,InStyleOf,Darkwave,2029,Synthwave,2017
11404,7005,InStyleOf,Emo/Pop Punk,2000,Emo/Pop Punk,2003
11405,3252,LyricalReferenceTo,Psychedelic Rock,2020,Psychedelic Rock,2015
11413,1533,CoverOf,,,Alternative Rock,1999
11413,15734,DirectlySamples,,,Alternative Rock,1997
11415,9702,InterpolatesFrom,Darkwave,2026,Synthwave,2013
11415,8640,LyricalReferenceTo,Darkwave,2026,Post-Apocalyptic Folk,2026
11420,15198,InStyleOf,Synthwave,2030,Dream Pop,2013
11423,10694,InStyleOf,Psychedelic Rock,2023,Psychedelic Rock,2004
11424,6006,LyricalReferenceTo,,,Doom Metal,2004
11429,438,InStyleOf,Dream Pop,2027,Dream Pop,2010
11438,15332,LyricalReferenceTo,Indie Pop,2022,Indie Pop,2013
11439,9827,InStyleOf,Southern Gothic Rock,2025,Southern Gothic Rock,2022
11439,14037,LyricalReferenceTo,Southern Gothic Rock,2025,Southern Gothic Rock,1986
11442,10111,InStyleOf,Dream Pop,2026,Darkwave,2019
11442,7278,InStyleOf,Dream Pop,2026,Synthwave,2022
11442,3479,LyricalReferenceTo,Dream Pop,2026,Space Rock,2019
11442,9884,InterpolatesFrom,Dream Pop,2026,Psychedelic Rock,2009
11446,12010,InterpolatesFrom,,,Alternative Rock,2003
11447,7244,CoverOf,Indie Folk,2022,Synthwave,2013
11449,11240,InterpolatesFrom,,,Emo/Pop Punk,2004
11449,4749,InterpolatesFrom,,,,
11449,5109,InterpolatesFrom,,,Emo/Pop Punk,2004
11449,6245,CoverOf,,,Emo/Pop Punk,1989
11449,7194,InterpolatesFrom,,,Emo/Pop Punk,2002
11449,14671,InStyleOf,,,Emo/Pop Punk,2002
11449,5704,InStyleOf,,,Emo/Pop Punk,1995
11449,7311,InterpolatesFrom,,,Blues Rock,2010
11449,5232,LyricalReferenceTo,,,Emo/Pop Punk,2009
11449,13557,LyricalReferenceTo,,,Emo/Pop Punk,2009
11450,5238,LyricalReferenceTo,Jazz Surf Rock,2019,Jazz Surf Rock,2016
11453,16275,CoverOf,Dream Pop,2023,,
11453,1943,DirectlySamples,Dream Pop,2023,,
11453,14510,CoverOf,Dream Pop,2023,,
11453,14799,DirectlySamples,Dream Pop,2023,Dream Pop,2011
11453,8055,LyricalReferenceTo,Dream Pop,2023,Alternative Rock,2004
11453,632,InStyleOf,Dream Pop,2023,Alternative Rock,2012
11453,14907,CoverOf,Dream Pop,2023,Dream Pop,2020
11453,16297,LyricalReferenceTo,Dream Pop,2023,Emo/Pop Punk,2024
11457,9385,LyricalReferenceTo,Symphonic Metal,2023,,
11459,10673,LyricalReferenceTo,Post-Apocalyptic Folk,2026,Doom Metal,2013
11459,14322,InStyleOf,Post-Apocalyptic Folk,2026,Post-Apocalyptic Folk,2013
11459,15622,InStyleOf,Post-Apocalyptic Folk,2026,Doom Metal,1997
11459,11175,DirectlySamples,Post-Apocalyptic Folk,2026,,
11463,5802,LyricalReferenceTo,,,Indie Pop,1984
11465,6006,DirectlySamples,Space Rock,2028,Doom Metal,2004
11465,13574,InterpolatesFrom,Space Rock,2028,Synthwave,2008
11465,9483,InterpolatesFrom,Space Rock,2028,,
11467,2848,InterpolatesFrom,Lo-Fi Electronica,2013,Lo-Fi Electronica,2010
11467,2167,LyricalReferenceTo,Lo-Fi Electronica,2013,Lo-Fi Electronica,2007
11467,827,InStyleOf,Lo-Fi Electronica,2013,Lo-Fi Electronica,2006
11467,14768,InStyleOf,Lo-Fi Electronica,2013,Lo-Fi Electronica,2005
11467,4781,InStyleOf,Lo-Fi Electronica,2013,Lo-Fi Electronica,2003
11477,11327,LyricalReferenceTo,Lo-Fi Electronica,2021,Lo-Fi Electronica,1998
11477,9122,InStyleOf,Lo-Fi Electronica,2021,,
11477,15609,CoverOf,Lo-Fi Electronica,2021,Southern Gothic Rock,2008
11477,827,LyricalReferenceTo,Lo-Fi Electronica,2021,Lo-Fi Electronica,2006
11477,5994,LyricalReferenceTo,Lo-Fi Electronica,2021,Southern Gothic Rock,2011
11477,5214,LyricalReferenceTo,Lo-Fi Electronica,2021,Lo-Fi Electronica,2012
11477,4781,DirectlySamples,Lo-Fi Electronica,2021,Lo-Fi Electronica,2003
11477,8680,InterpolatesFrom,Lo-Fi Electronica,2021,,
11477,13891,CoverOf,Lo-Fi Electronica,2021,Lo-Fi Electronica,1998
11477,15024,InStyleOf,Lo-Fi Electronica,2021,Lo-Fi Electronica,2013
11479,10281,InStyleOf,,,Synthwave,2016
11495,9716,LyricalReferenceTo,Americana,2015,Americana,1991
11499,14291,LyricalReferenceTo,Dream Pop,2029,Americana,2013
11499,7278,CoverOf,Dream Pop,2029,Synthwave,2022
11499,12148,InStyleOf,Dream Pop,2029,Dream Pop,2022
11502,15622,InterpolatesFrom,Americana,2026,Doom Metal,1997
11509,14322,InStyleOf,Post-Apocalyptic Folk,2029,Post-Apocalyptic Folk,2013
11509,8516,CoverOf,Post-Apocalyptic Folk,2029,Psychedelic Rock,2017
11514,12793,InterpolatesFrom,Emo/Pop Punk,2007,Avant-Garde Folk,2004
11514,4357,InterpolatesFrom,Emo/Pop Punk,2007,,
11514,7005,DirectlySamples,Emo/Pop Punk,2007,Emo/Pop Punk,2003
11514,11404,InterpolatesFrom,Emo/Pop Punk,2007,Emo/Pop Punk,2000
11514,5611,DirectlySamples,Emo/Pop Punk,2007,Emo/Pop Punk,2002
11515,4046,LyricalReferenceTo,Oceanus Folk,2025,,
11515,12270,CoverOf,Oceanus Folk,2025,Oceanus Folk,2013
11520,1955,InStyleOf,Emo/Pop Punk,2007,Emo/Pop Punk,1985
11520,5051,LyricalReferenceTo,Emo/Pop Punk,2007,Emo/Pop Punk,1997
11520,10294,LyricalReferenceTo,Emo/Pop Punk,2007,,
11520,6315,LyricalReferenceTo,Emo/Pop Punk,2007,Emo/Pop Punk,1987
11525,12072,InterpolatesFrom,Psychedelic Rock,2020,Psychedelic Rock,2017
11526,7077,InStyleOf,Psychedelic Rock,2019,Psychedelic Rock,2017
11527,1857,InterpolatesFrom,Indie Rock,2009,Indie Rock,2006
11532,5028,LyricalReferenceTo,Alternative Rock,2013,Alternative Rock,2007
11532,9294,InStyleOf,Alternative Rock,2013,Alternative Rock,2009
11532,8821,CoverOf,Alternative Rock,2013,Alternative Rock,2008
11532,14438,LyricalReferenceTo,Alternative Rock,2013,Alternative Rock,2004
11533,9884,InStyleOf,,,Psychedelic Rock,2009
11533,11730,LyricalReferenceTo,,,,
11533,12756,InStyleOf,,,Indie Folk,2010
11538,15622,CoverOf,Dream Pop,2020,Doom Metal,1997
11550,7897,LyricalReferenceTo,,,Post-Apocalyptic Folk,2014
11550,2709,InStyleOf,,,,
11550,9884,LyricalReferenceTo,,,Psychedelic Rock,2009
11562,9040,CoverOf,Southern Gothic Rock,2025,Southern Gothic Rock,2020
11567,3025,DirectlySamples,Oceanus Folk,2023,Oceanus Folk,2017
11567,1841,CoverOf,Oceanus Folk,2023,Indie Folk,2010
11583,10928,InStyleOf,Synthwave,2030,,
11583,5307,InStyleOf,Synthwave,2030,Doom Metal,2013
11586,1949,InStyleOf,,,Symphonic Metal,2010
11586,14086,InterpolatesFrom,,,Doom Metal,2005
11590,6051,InStyleOf,Dream Pop,2026,,
11590,14707,InStyleOf,Dream Pop,2026,Symphonic Metal,2023
11590,6006,InStyleOf,Dream Pop,2026,Doom Metal,2004
11598,2467,InterpolatesFrom,Lo-Fi Electronica,2018,,
11602,8630,InStyleOf,Dream Pop,2021,Indie Folk,2010
11602,9999,InterpolatesFrom,Dream Pop,2021,Indie Folk,2017
11608,16048,LyricalReferenceTo,Americana,2024,Dream Pop,2017
11608,14969,CoverOf,Americana,2024,,
11617,15343,InterpolatesFrom,Speed Metal,2023,Speed Metal,1987
11617,4126,LyricalReferenceTo,Speed Metal,2023,,
11617,4583,CoverOf,Speed Metal,2023,Speed Metal,1983
11623,4046,LyricalReferenceTo,Jazz Surf Rock,2026,,
11629,4992,InStyleOf,,,Indie Pop,1997
11629,4937,InterpolatesFrom,,,,
11637,3310,InterpolatesFrom,Synthwave,2019,Dream Pop,2014
11646,12237,LyricalReferenceTo,Alternative Rock,2030,Indie Rock,2023
11646,12776,InterpolatesFrom,Alternative Rock,2030,Desert Rock,2020
11646,10111,DirectlySamples,Alternative Rock,2030,Darkwave,2019
11655,8952,InterpolatesFrom,Oceanus Folk,2026,Synthwave,2010
11655,9702,InStyleOf,Oceanus Folk,2026,Synthwave,2013
11655,16457,InStyleOf,Oceanus Folk,2026,Oceanus Folk,2021
11655,6080,DirectlySamples,Oceanus Folk,2026,Doom Metal,2013
11659,8516,InStyleOf,Dream Pop,2024,Psychedelic Rock,2017
11672,9884,InterpolatesFrom,Post-Apocalyptic Folk,2020,Psychedelic Rock,2009
11677,827,CoverOf,Lo-Fi Electronica,2009,Lo-Fi Electronica,2006
11677,2167,DirectlySamples,Lo-Fi Electronica,2009,Lo-Fi Electronica,2007
11677,14768,InterpolatesFrom,Lo-Fi Electronica,2009,Lo-Fi Electronica,2005
11678,298,InStyleOf,Indie Folk,2023,Indie Folk,2013
11678,16491,InStyleOf,Indie Folk,2023,,
11679,16524,CoverOf,Oceanus Folk,2026,Oceanus Folk,2013
11679,3991,LyricalReferenceTo,Oceanus Folk,2026,Synthwave,2021
11680,14094,InStyleOf,,,Speed Metal,1998
11680,15702,LyricalReferenceTo,,,Speed Metal,1985
11680,5546,InStyleOf,,,Speed Metal,2000
11680,4861,CoverOf,,,Speed Metal,1996
11680,3163,InStyleOf,,,,
11681,16719,InterpolatesFrom,Psychedelic Rock,2019,,
11696,9618,CoverOf,Synthwave,2017,,
11706,6513,LyricalReferenceTo,Space Rock,2029,Psychedelic Rock,2022
11706,2369,CoverOf,Space Rock,2029,Synthwave,2023
11706,15222,CoverOf,Space Rock,2029,Jazz Surf Rock,2026
11712,7729,InterpolatesFrom,,,Indie Folk,2020
11719,5565,LyricalReferenceTo,Doom Metal,2024,Dream Pop,2024
11726,10673,LyricalReferenceTo,Indie Folk,2017,Doom Metal,2013
11726,7116,InterpolatesFrom,Indie Folk,2017,Doom Metal,2007
11744,14989,LyricalReferenceTo,,,Indie Rock,2007
11744,8190,LyricalReferenceTo,,,,
11746,13681,InterpolatesFrom,Americana,2024,Indie Folk,2010
11749,3025,LyricalReferenceTo,Space Rock,2024,Oceanus Folk,2017
11749,1841,InStyleOf,Space Rock,2024,Indie Folk,2010
11765,9129,DirectlySamples,Dream Pop,2018,Dream Pop,1986
11780,10530,DirectlySamples,Dream Pop,2027,,
11780,2215,CoverOf,Dream Pop,2027,Americana,2023
11780,11678,LyricalReferenceTo,Dream Pop,2027,Indie Folk,2023
11780,16491,LyricalReferenceTo,Dream Pop,2027,,
11780,15855,InterpolatesFrom,Dream Pop,2027,Synthwave,2003
11788,14086,InStyleOf,,,Doom Metal,2005
11797,13324,CoverOf,Oceanus Folk,2020,Oceanus Folk,2004
11801,9657,CoverOf,Synthwave,2029,,
11801,14024,LyricalReferenceTo,Synthwave,2029,Americana,2013
11808,6428,DirectlySamples,Indie Folk,2029,Oceanus Folk,2023
11813,7454,InStyleOf,Alternative Rock,2006,,
11819,4770,LyricalReferenceTo,Dream Pop,2025,Synthwave,2007
11824,9454,InterpolatesFrom,Dream Pop,2020,,
11824,8593,InterpolatesFrom,Dream Pop,2020,Doom Metal,2007
11824,14086,InterpolatesFrom,Dream Pop,2020,Doom Metal,2005
11824,8867,InterpolatesFrom,Dream Pop,2020,Symphonic Metal,2007
11824,11033,DirectlySamples,Dream Pop,2020,Doom Metal,2004
11824,13480,InterpolatesFrom,Dream Pop,2020,Synthwave,2009
11826,11047,InStyleOf,Speed Metal,2025,,
11826,7630,LyricalReferenceTo,Speed Metal,2025,Speed Metal,2010
11826,10434,InterpolatesFrom,Speed Metal,2025,Speed Metal,2007
11826,12692,InStyleOf,Speed Metal,2025,Speed Metal,2016
11839,9337,InStyleOf,Indie Folk,2010,Indie Folk,1997
11839,520,CoverOf,Indie Folk,2010,Synthwave,1991
11847,10342,InStyleOf,Dream Pop,2023,Dream Pop,2017
11847,10747,LyricalReferenceTo,Dream Pop,2023,Dream Pop,2019
11847,10281,InStyleOf,Dream Pop,2023,Synthwave,2016
11847,13302,InterpolatesFrom,Dream Pop,2023,Indie Rock,2020
11847,8245,LyricalReferenceTo,Dream Pop,2023,,
11851,5029,LyricalReferenceTo,Dream Pop,2032,Desert Rock,2026
11851,6624,InterpolatesFrom,Dream Pop,2032,Indie Folk,2013
11851,12852,DirectlySamples,Dream Pop,2032,Indie Folk,2023
11859,13891,DirectlySamples,,,Lo-Fi Electronica,1998
11859,13335,CoverOf,,,Lo-Fi Electronica,2002
11859,2698,CoverOf,,,Lo-Fi Electronica,2009
11861,3546,DirectlySamples,Dream Pop,2026,Dream Pop,2020
11866,16612,CoverOf,Jazz Surf Rock,2015,Jazz Surf Rock,1996
11870,3025,LyricalReferenceTo,Indie Folk,2028,Oceanus Folk,2017
11870,1841,DirectlySamples,Indie Folk,2028,Indie Folk,2010
11878,4411,CoverOf,Alternative Rock,2023,,
11878,3626,InterpolatesFrom,Alternative Rock,2023,Emo/Pop Punk,2021
11878,15104,LyricalReferenceTo,Alternative Rock,2023,Southern Gothic Rock,2016
11878,11984,DirectlySamples,Alternative Rock,2023,Blues Rock,1991
11878,14262,CoverOf,Alternative Rock,2023,Emo/Pop Punk,2020
11878,11142,InStyleOf,Alternative Rock,2023,Indie Pop,1992
11880,11984,DirectlySamples,Southern Gothic Rock,2006,Blues Rock,1991
11885,7026,CoverOf,Americana,2004,Americana,1983
11885,1113,InStyleOf,Americana,2004,,
11888,7107,InterpolatesFrom,,,Dream Pop,2020
11890,5826,InterpolatesFrom,Americana,2023,Desert Rock,2020
11893,8332,InStyleOf,,,,
11896,14851,LyricalReferenceTo,Alternative Rock,2013,Blues Rock,1986
11899,6587,CoverOf,Indie Rock,2020,,
11899,14965,CoverOf,Indie Rock,2020,Doom Metal,2010
11904,15643,InterpolatesFrom,Alternative Rock,2020,Southern Gothic Rock,2016
11905,13421,InterpolatesFrom,Alternative Rock,2004,Dream Pop,1994
11905,10419,CoverOf,Alternative Rock,2004,Dream Pop,1997
11905,15734,InterpolatesFrom,Alternative Rock,2004,Alternative Rock,1997
11911,2360,InterpolatesFrom,Blues Rock,2026,Indie Rock,2017
11914,10835,InterpolatesFrom,Indie Folk,2027,Americana,2030
11914,3956,InterpolatesFrom,Indie Folk,2027,Oceanus Folk,2023
11923,438,InStyleOf,Indie Folk,2023,Dream Pop,2010
11928,14203,CoverOf,Doom Metal,2023,Doom Metal,2013
11936,13955,InterpolatesFrom,Emo/Pop Punk,2029,,
11936,11520,InStyleOf,Emo/Pop Punk,2029,Emo/Pop Punk,2007
11936,6245,LyricalReferenceTo,Emo/Pop Punk,2029,Emo/Pop Punk,1989
11936,8230,CoverOf,Emo/Pop Punk,2029,Emo/Pop Punk,1989
11936,16297,LyricalReferenceTo,Emo/Pop Punk,2029,Emo/Pop Punk,2024
11936,5051,InStyleOf,Emo/Pop Punk,2029,Emo/Pop Punk,1997
11936,1955,LyricalReferenceTo,Emo/Pop Punk,2029,Emo/Pop Punk,1985
11936,6315,DirectlySamples,Emo/Pop Punk,2029,Emo/Pop Punk,1987
11936,7194,InterpolatesFrom,Emo/Pop Punk,2029,Emo/Pop Punk,2002
11936,4411,LyricalReferenceTo,Emo/Pop Punk,2029,,
11936,339,CoverOf,Emo/Pop Punk,2029,,
11936,10294,DirectlySamples,Emo/Pop Punk,2029,,
11936,11984,LyricalReferenceTo,Emo/Pop Punk,2029,Blues Rock,1991
11941,12611,InterpolatesFrom,Indie Rock,2024,Indie Rock,2021
11942,15766,CoverOf,Indie Folk,2020,Indie Folk,2004
11947,200,InStyleOf,,,Indie Folk,2017
11947,6762,CoverOf,,,Symphonic Metal,2007
11948,6735,InterpolatesFrom,Alternative Rock,2012,Alternative Rock,2008
11949,7733,CoverOf,,,Southern Gothic Rock,2012
11951,14789,InterpolatesFrom,Synthwave,2024,Dream Pop,2022
11957,12386,InterpolatesFrom,Dream Pop,2030,Indie Folk,2029
11957,11429,InterpolatesFrom,Dream Pop,2030,Dream Pop,2027
11957,7080,CoverOf,Dream Pop,2030,,
11957,15984,InStyleOf,Dream Pop,2030,Doom Metal,2024
11966,8060,InStyleOf,Synthwave,2023,,
11972,4459,InterpolatesFrom,Desert Rock,2026,Synthwave,2013
11972,6427,LyricalReferenceTo,Desert Rock,2026,,
11978,16524,InterpolatesFrom,Oceanus Folk,2023,Oceanus Folk,2013
11978,1841,LyricalReferenceTo,Oceanus Folk,2023,Indie Folk,2010
11984,6245,CoverOf,Blues Rock,1991,Emo/Pop Punk,1989
11985,2608,InStyleOf,,,Doom Metal,2013
11985,12727,LyricalReferenceTo,,,Synthwave,2013
11985,10726,InStyleOf,,,,
11985,15374,InterpolatesFrom,,,Doom Metal,2013
11989,5264,InStyleOf,Indie Folk,2007,Doom Metal,2007
11995,3508,InterpolatesFrom,,,,
11995,11136,CoverOf,,,Darkwave,2026
11997,5887,InStyleOf,Doom Metal,2023,Doom Metal,1997
11998,13632,InterpolatesFrom,,,Darkwave,2016
11998,11097,LyricalReferenceTo,,,Darkwave,2019
12001,3282,LyricalReferenceTo,Post-Apocalyptic Folk,2026,Synthwave,2023
12001,11672,InStyleOf,Post-Apocalyptic Folk,2026,Post-Apocalyptic Folk,2020
12001,11263,InterpolatesFrom,Post-Apocalyptic Folk,2026,,
12001,4046,InStyleOf,Post-Apocalyptic Folk,2026,,
12001,1779,InStyleOf,Post-Apocalyptic Folk,2026,Indie Folk,2017
12008,15722,InterpolatesFrom,Lo-Fi Electronica,2014,Lo-Fi Electronica,2011
12008,5214,CoverOf,Lo-Fi Electronica,2014,Lo-Fi Electronica,2012
12008,5643,LyricalReferenceTo,Lo-Fi Electronica,2014,Lo-Fi Electronica,2011
12008,966,LyricalReferenceTo,Lo-Fi Electronica,2014,Lo-Fi Electronica,2003
12008,4781,InterpolatesFrom,Lo-Fi Electronica,2014,Lo-Fi Electronica,2003
12008,2167,LyricalReferenceTo,Lo-Fi Electronica,2014,Lo-Fi Electronica,2007
12008,6785,CoverOf,Lo-Fi Electronica,2014,Lo-Fi Electronica,2002
12009,6762,InterpolatesFrom,,,Symphonic Metal,2007
12009,12060,CoverOf,,,,
12009,3411,InterpolatesFrom,,,,
12009,15622,LyricalReferenceTo,,,Doom Metal,1997
12013,10045,InStyleOf,Alternative Rock,2026,,
12013,8055,CoverOf,Alternative Rock,2026,Alternative Rock,2004
12013,632,CoverOf,Alternative Rock,2026,Alternative Rock,2012
12013,2768,LyricalReferenceTo,Alternative Rock,2026,Alternative Rock,2015
12020,6368,LyricalReferenceTo,Synthwave,2004,Synthwave,1994
12025,2277,InterpolatesFrom,Lo-Fi Electronica,2013,Lo-Fi Electronica,2004
12025,4781,InStyleOf,Lo-Fi Electronica,2013,Lo-Fi Electronica,2003
12027,5396,InStyleOf,Dream Pop,2026,,
12031,13258,LyricalReferenceTo,Dream Pop,2029,Americana,2023
12034,2433,InStyleOf,Indie Folk,2029,Dream Pop,2020
12034,13681,CoverOf,Indie Folk,2029,Indie Folk,2010
12034,15503,InStyleOf,Indie Folk,2029,Indie Folk,2028
12036,14969,InStyleOf,,,,
12039,14670,InStyleOf,,,Alternative Rock,1984
12041,6868,InStyleOf,Southern Gothic Rock,2004,,
12041,13357,CoverOf,Southern Gothic Rock,2004,,
12041,10090,CoverOf,Southern Gothic Rock,2004,Southern Gothic Rock,1998
12041,4609,InterpolatesFrom,Southern Gothic Rock,2004,Avant-Garde Folk,1997
12041,6745,InStyleOf,Southern Gothic Rock,2004,Indie Pop,1994
12041,15456,CoverOf,Southern Gothic Rock,2004,Southern Gothic Rock,1999
12041,5110,InterpolatesFrom,Southern Gothic Rock,2004,Indie Pop,1991
12041,16495,DirectlySamples,Southern Gothic Rock,2004,Southern Gothic Rock,1997
12042,4609,InStyleOf,Southern Gothic Rock,2014,Avant-Garde Folk,1997
12042,13357,CoverOf,Southern Gothic Rock,2014,,
12042,16495,InterpolatesFrom,Southern Gothic Rock,2014,Southern Gothic Rock,1997
12042,4854,LyricalReferenceTo,Southern Gothic Rock,2014,Southern Gothic Rock,2004
12042,6745,LyricalReferenceTo,Southern Gothic Rock,2014,Indie Pop,1994
12043,10747,InStyleOf,Dream Pop,2023,Dream Pop,2019
12043,10281,CoverOf,Dream Pop,2023,Synthwave,2016
12043,10342,InterpolatesFrom,Dream Pop,2023,Dream Pop,2017
12043,8245,DirectlySamples,Dream Pop,2023,,
12045,4604,LyricalReferenceTo,Psychedelic Rock,2024,,
12049,3966,InStyleOf,Synthwave,2020,Synthwave,2018
12061,5029,LyricalReferenceTo,Dream Pop,2029,Desert Rock,2026
12061,13140,InStyleOf,Dream Pop,2029,Dream Pop,2021
12066,1088,InStyleOf,Synthpop,1997,Synthpop,1991
12067,3025,CoverOf,Oceanus Folk,2024,Oceanus Folk,2017
12067,13324,InterpolatesFrom,Oceanus Folk,2024,Oceanus Folk,2004
12067,9651,LyricalReferenceTo,Oceanus Folk,2024,Indie Folk,2007
12073,9077,InStyleOf,,,Doom Metal,2007
12099,14780,CoverOf,,,Lo-Fi Electronica,2015
12099,3387,LyricalReferenceTo,,,Lo-Fi Electronica,2016
12099,5643,InterpolatesFrom,,,Lo-Fi Electronica,2011
12099,9122,InStyleOf,,,,
12099,12517,CoverOf,,,Lo-Fi Electronica,2007
12100,11363,LyricalReferenceTo,Indie Pop,2013,Blues Rock,2010
12100,6946,InterpolatesFrom,Indie Pop,2013,Blues Rock,1992
12105,13357,DirectlySamples,Southern Gothic Rock,2017,,
12105,15456,LyricalReferenceTo,Southern Gothic Rock,2017,Southern Gothic Rock,1999
12105,10090,InStyleOf,Southern Gothic Rock,2017,Southern Gothic Rock,1998
12105,9586,DirectlySamples,Southern Gothic Rock,2017,,
12105,4609,CoverOf,Southern Gothic Rock,2017,Avant-Garde Folk,1997
12105,5110,InterpolatesFrom,Southern Gothic Rock,2017,Indie Pop,1991
12105,15744,LyricalReferenceTo,Southern Gothic Rock,2017,Indie Pop,2014
12105,2595,InterpolatesFrom,Southern Gothic Rock,2017,Indie Pop,1984
12109,8900,InterpolatesFrom,Doom Metal,2013,,
12120,12794,InStyleOf,,,Dream Pop,2021
12126,11652,InStyleOf,Indie Folk,2004,Synthwave,1985
12130,13421,CoverOf,,,Dream Pop,1994
12130,16248,LyricalReferenceTo,,,Alternative Rock,2008
12130,7531,LyricalReferenceTo,,,Southern Gothic Rock,1992
12130,7891,CoverOf,,,Blues Rock,1995
12131,14621,CoverOf,Psychedelic Rock,2023,Psychedelic Rock,2021
12131,445,LyricalReferenceTo,Psychedelic Rock,2023,,
12131,11339,InStyleOf,Psychedelic Rock,2023,Indie Rock,2024
12131,16646,DirectlySamples,Psychedelic Rock,2023,Dream Pop,2024
12131,13049,CoverOf,Psychedelic Rock,2023,Psychedelic Rock,2025
12138,14767,CoverOf,Oceanus Folk,2030,,
12138,3025,LyricalReferenceTo,Oceanus Folk,2030,Oceanus Folk,2017
12138,11749,InStyleOf,Oceanus Folk,2030,Space Rock,2024
12138,8858,InStyleOf,Oceanus Folk,2030,Oceanus Folk,2026
12138,11329,InStyleOf,Oceanus Folk,2030,Space Rock,2025
12142,15998,InStyleOf,Jazz Surf Rock,2028,Alternative Rock,2028
12150,15622,CoverOf,Indie Folk,2007,Doom Metal,1997
12156,15622,LyricalReferenceTo,,,Doom Metal,1997
12161,6454,InStyleOf,Indie Pop,2021,Indie Pop,1991
12161,1539,LyricalReferenceTo,Indie Pop,2021,Indie Pop,2019
12161,1249,LyricalReferenceTo,Indie Pop,2021,Indie Pop,2010
12161,7099,LyricalReferenceTo,Indie Pop,2021,Avant-Garde Folk,2021
12161,15388,InterpolatesFrom,Indie Pop,2021,Avant-Garde Folk,2015
12164,438,CoverOf,Dream Pop,2030,Dream Pop,2010
12164,15754,DirectlySamples,Dream Pop,2030,Indie Folk,2021
12164,7080,InStyleOf,Dream Pop,2030,,
12173,14143,InStyleOf,Darkwave,2023,Darkwave,2017
12179,14795,LyricalReferenceTo,Post-Apocalyptic Folk,2029,,
12190,13188,InterpolatesFrom,Indie Folk,2023,Indie Rock,2007
12190,12395,InterpolatesFrom,Indie Folk,2023,Indie Folk,2020
12190,9526,DirectlySamples,Indie Folk,2023,Synthwave,2001
12196,9637,LyricalReferenceTo,Dream Pop,2024,Dream Pop,2019
12196,912,CoverOf,Dream Pop,2024,Indie Folk,2017
12196,1611,InterpolatesFrom,Dream Pop,2024,Indie Rock,2015
12199,15622,LyricalReferenceTo,Doom Metal,2007,Doom Metal,1997
12199,6006,LyricalReferenceTo,Doom Metal,2007,Doom Metal,2004
12200,15633,InStyleOf,Alternative Rock,2023,Alternative Rock,2007
12202,11354,LyricalReferenceTo,Jazz Surf Rock,2018,Jazz Surf Rock,2013
12202,2034,LyricalReferenceTo,Jazz Surf Rock,2018,,
12202,9559,CoverOf,Jazz Surf Rock,2018,Jazz Surf Rock,2004
12204,12043,InStyleOf,Symphonic Metal,2024,Dream Pop,2023
12204,9995,CoverOf,Symphonic Metal,2024,Dream Pop,2018
12204,10747,InStyleOf,Symphonic Metal,2024,Dream Pop,2019
12204,10281,InStyleOf,Symphonic Metal,2024,Synthwave,2016
12213,1841,InStyleOf,Synthwave,2023,Indie Folk,2010
12213,3956,InterpolatesFrom,Synthwave,2023,Oceanus Folk,2023
12213,5694,InterpolatesFrom,Synthwave,2023,Dream Pop,2020
12218,7863,InStyleOf,,,Synthwave,1997
12220,445,InterpolatesFrom,Dream Pop,2030,,
12230,15622,InStyleOf,Doom Metal,2017,Doom Metal,1997
12234,9723,InterpolatesFrom,,,Psychedelic Rock,2000
12245,7116,InterpolatesFrom,Indie Folk,2017,Doom Metal,2007
12250,8587,InterpolatesFrom,Americana,2025,Synthwave,2013
12250,5004,InStyleOf,Americana,2025,Synthwave,2021
12250,15622,LyricalReferenceTo,Americana,2025,Doom Metal,1997
12250,8888,CoverOf,Americana,2025,Indie Rock,2010
12250,14024,InStyleOf,Americana,2025,Americana,2013
12250,5680,InStyleOf,Americana,2025,Americana,2020
12250,9308,InStyleOf,Americana,2025,Dream Pop,2022
12259,15754,CoverOf,Oceanus Folk,2026,Indie Folk,2021
12263,3270,InterpolatesFrom,Speed Metal,2025,Speed Metal,2013
12266,4117,InterpolatesFrom,Synthwave,2017,Synthwave,1997
12270,1841,CoverOf,Oceanus Folk,2013,Indie Folk,2010
12276,4046,InStyleOf,Post-Apocalyptic Folk,2027,,
12276,14987,InStyleOf,Post-Apocalyptic Folk,2027,Doom Metal,2017
12282,9966,CoverOf,,,Indie Folk,2020
12282,11251,LyricalReferenceTo,,,Indie Folk,2020
12282,7116,InStyleOf,,,Doom Metal,2007
12282,5777,InStyleOf,,,Indie Folk,2013
12282,12650,LyricalReferenceTo,,,Synthwave,2017
12282,15752,InStyleOf,,,Indie Folk,2023
12289,4933,InterpolatesFrom,Symphonic Metal,2029,Symphonic Metal,2022
12292,14304,LyricalReferenceTo,Doom Metal,2023,Indie Rock,2020
12294,16445,InStyleOf,Alternative Rock,2019,,
12301,12150,InterpolatesFrom,,,Indie Folk,2007
12301,2480,InterpolatesFrom,,,,
12313,16478,LyricalReferenceTo,,,,
12313,445,InStyleOf,,,,
12313,4547,LyricalReferenceTo,,,Psychedelic Rock,2020
12316,9884,LyricalReferenceTo,Dream Pop,2021,Psychedelic Rock,2009
12322,13256,InStyleOf,Dream Pop,2029,Psychedelic Rock,2018
12328,39,LyricalReferenceTo,,,Indie Folk,2010
12333,8593,LyricalReferenceTo,Doom Metal,2013,Doom Metal,2007
12338,15622,DirectlySamples,Doom Metal,2020,Doom Metal,1997
12344,10120,DirectlySamples,Alternative Rock,2021,Avant-Garde Folk,2020
12344,1853,InStyleOf,Alternative Rock,2021,Avant-Garde Folk,2011
12344,6158,LyricalReferenceTo,Alternative Rock,2021,Avant-Garde Folk,2018
12344,3512,DirectlySamples,Alternative Rock,2021,Indie Pop,2013
12344,6864,LyricalReferenceTo,Alternative Rock,2021,Avant-Garde Folk,2017
12344,1018,LyricalReferenceTo,Alternative Rock,2021,Alternative Rock,2008
12344,7012,CoverOf,Alternative Rock,2021,,
12344,4557,InterpolatesFrom,Alternative Rock,2021,Avant-Garde Folk,2015
12345,9382,InStyleOf,Blues Rock,1993,Southern Gothic Rock,1984
12346,15702,InStyleOf,Speed Metal,2009,Speed Metal,1985
12346,6227,InStyleOf,Speed Metal,2009,Speed Metal,1999
12346,13430,InterpolatesFrom,Speed Metal,2009,Speed Metal,1991
12346,8872,LyricalReferenceTo,Speed Metal,2009,Speed Metal,1993
12346,8050,InStyleOf,Speed Metal,2009,,
12347,7908,InStyleOf,Darkwave,2026,,
12347,11097,CoverOf,Darkwave,2026,Darkwave,2019
12347,13632,LyricalReferenceTo,Darkwave,2026,Darkwave,2016
12347,13735,DirectlySamples,Darkwave,2026,Darkwave,2024
12347,9749,LyricalReferenceTo,Darkwave,2026,,
12350,3350,InStyleOf,Southern Gothic Rock,2023,Southern Gothic Rock,1992
12350,13361,InterpolatesFrom,Southern Gothic Rock,2023,Blues Rock,2011
12352,2347,DirectlySamples,Dream Pop,2026,Post-Apocalyptic Folk,2015
12358,3966,InterpolatesFrom,Symphonic Metal,2029,Synthwave,2018
12358,6762,InStyleOf,Symphonic Metal,2029,Symphonic Metal,2007
12358,298,LyricalReferenceTo,Symphonic Metal,2029,Indie Folk,2013
12362,12332,InStyleOf,,,Oceanus Folk,2010
12362,1841,InStyleOf,,,Indie Folk,2010
12365,14392,InStyleOf,Americana,2013,Americana,2010
12365,2002,InStyleOf,Americana,2013,Doom Metal,2004
12365,9709,CoverOf,Americana,2013,Oceanus Folk,2014
12367,15622,CoverOf,Indie Folk,2007,Doom Metal,1997
12369,11472,LyricalReferenceTo,Dream Pop,2025,,
12369,2755,LyricalReferenceTo,Dream Pop,2025,,
12373,966,LyricalReferenceTo,Lo-Fi Electronica,2005,Lo-Fi Electronica,2003
12373,9123,InStyleOf,Lo-Fi Electronica,2005,Southern Gothic Rock,2004
12375,3106,LyricalReferenceTo,Southern Gothic Rock,2007,Southern Gothic Rock,2001
12375,2615,InStyleOf,Southern Gothic Rock,2007,,
12375,1101,InStyleOf,Southern Gothic Rock,2007,,
12375,9236,LyricalReferenceTo,Southern Gothic Rock,2007,Southern Gothic Rock,1992
12376,5432,InStyleOf,Synthwave,2019,Synthwave,2004
12384,9884,InterpolatesFrom,Indie Folk,2017,Psychedelic Rock,2009
12384,12397,DirectlySamples,Indie Folk,2017,Dream Pop,2007
12386,438,InStyleOf,Indie Folk,2029,Dream Pop,2010
12386,7080,InStyleOf,Indie Folk,2029,,
12386,7511,InStyleOf,Indie Folk,2029,Synthwave,2017
12386,10444,LyricalReferenceTo,Indie Folk,2029,Indie Folk,2017
12386,14569,InterpolatesFrom,Indie Folk,2029,Synthpop,2017
12386,892,InStyleOf,Indie Folk,2029,,
12389,16413,CoverOf,Space Rock,2017,Dream Pop,2015
12393,13873,InStyleOf,Dream Pop,2026,Synthwave,2016
12393,13332,CoverOf,Dream Pop,2026,Darkwave,2022
12393,3362,CoverOf,Dream Pop,2026,Synthwave,2022
12395,11839,LyricalReferenceTo,Indie Folk,2020,Indie Folk,2010
12396,8997,InterpolatesFrom,Lo-Fi Electronica,2007,Southern Gothic Rock,2009
12396,5110,InStyleOf,Lo-Fi Electronica,2007,Indie Pop,1991
12396,10549,InterpolatesFrom,Lo-Fi Electronica,2007,Indie Pop,1993
12401,10010,InStyleOf,,,Synthwave,2010
12401,12673,CoverOf,,,Americana,2013
12401,6006,CoverOf,,,Doom Metal,2004
12401,10928,InStyleOf,,,,
12401,6051,InStyleOf,,,,
12410,9657,InStyleOf,Doom Metal,2029,,
12410,7197,LyricalReferenceTo,Doom Metal,2029,Symphonic Metal,2022
12410,8428,LyricalReferenceTo,Doom Metal,2029,,
12418,5808,InterpolatesFrom,Post-Apocalyptic Folk,2028,,
12418,11175,CoverOf,Post-Apocalyptic Folk,2028,,
12418,7278,InterpolatesFrom,Post-Apocalyptic Folk,2028,Synthwave,2022
12418,7763,LyricalReferenceTo,Post-Apocalyptic Folk,2028,Jazz Surf Rock,2027
12422,11290,LyricalReferenceTo,Synthwave,2014,Synthwave,2003
12425,7113,InterpolatesFrom,Synthwave,2012,Doom Metal,2007
12429,11175,InStyleOf,Jazz Surf Rock,2028,,
12429,8602,DirectlySamples,Jazz Surf Rock,2028,Dream Pop,2026
12429,14964,LyricalReferenceTo,Jazz Surf Rock,2028,Dream Pop,2026
12429,14322,InStyleOf,Jazz Surf Rock,2028,Post-Apocalyptic Folk,2013
12434,9516,CoverOf,Psychedelic Rock,2023,Psychedelic Rock,2019
12434,917,LyricalReferenceTo,Psychedelic Rock,2023,,
12441,3923,CoverOf,Desert Rock,2028,Indie Folk,2013
12441,14994,DirectlySamples,Desert Rock,2028,Indie Folk,1997
12451,2385,InStyleOf,Dream Pop,2024,Dream Pop,2023
12451,13991,LyricalReferenceTo,Dream Pop,2024,Doom Metal,2013
12469,6960,InterpolatesFrom,Indie Folk,2023,Dream Pop,2019
12475,9772,InStyleOf,Southern Gothic Rock,1997,Indie Pop,1997
12478,4981,InterpolatesFrom,Dream Pop,2028,Space Rock,2024
12478,16710,LyricalReferenceTo,Dream Pop,2028,Dream Pop,2027
12478,10855,InStyleOf,Dream Pop,2028,Dream Pop,2023
12489,14768,InStyleOf,,,Lo-Fi Electronica,2005
12489,10417,LyricalReferenceTo,,,Lo-Fi Electronica,2010
12489,827,InStyleOf,,,Lo-Fi Electronica,2006
12489,10192,InStyleOf,,,,
12489,2848,LyricalReferenceTo,,,Lo-Fi Electronica,2010
12490,1841,InStyleOf,Oceanus Folk,2029,Indie Folk,2010
12490,9096,DirectlySamples,Oceanus Folk,2029,Oceanus Folk,2017
12490,9073,InStyleOf,Oceanus Folk,2029,Desert Rock,2020
12490,6611,DirectlySamples,Oceanus Folk,2029,Oceanus Folk,2013
12490,3909,InStyleOf,Oceanus Folk,2029,Oceanus Folk,2020
12494,11179,InStyleOf,Indie Pop,2022,,
12497,581,LyricalReferenceTo,,,Dream Pop,1997
12497,11400,InStyleOf,,,Dream Pop,1985
12501,9204,InterpolatesFrom,Doom Metal,2029,Desert Rock,2028
12505,454,InStyleOf,Dream Pop,2010,Synthwave,1998
12505,6899,CoverOf,Dream Pop,2010,Synthwave,2000
12505,15402,InStyleOf,Dream Pop,2010,,
12508,11037,InterpolatesFrom,,,Psychedelic Rock,2014
12512,11839,InStyleOf,Indie Rock,2029,Indie Folk,2010
12512,11652,CoverOf,Indie Rock,2029,Synthwave,1985
12515,15622,CoverOf,,,Doom Metal,1997
12515,16158,InterpolatesFrom,,,Psychedelic Rock,2007
12517,14768,CoverOf,Lo-Fi Electronica,2007,Lo-Fi Electronica,2005
12521,6006,InterpolatesFrom,Indie Folk,2010,Doom Metal,2004
12524,3025,InStyleOf,Oceanus Folk,2030,Oceanus Folk,2017
12524,1841,LyricalReferenceTo,Oceanus Folk,2030,Indie Folk,2010
12531,4008,LyricalReferenceTo,Dream Pop,2000,Dream Pop,1997
12534,11327,CoverOf,Alternative Rock,2025,Lo-Fi Electronica,1998
12534,11115,InStyleOf,Alternative Rock,2025,Avant-Garde Folk,1992
12534,14961,CoverOf,Alternative Rock,2025,Synthwave,1987
12535,12550,LyricalReferenceTo,Darkwave,2027,Dream Pop,2029
12535,9749,InStyleOf,Darkwave,2027,,
12535,12347,InStyleOf,Darkwave,2027,Darkwave,2026
12535,7994,InterpolatesFrom,Darkwave,2027,Darkwave,2017
12535,12899,InStyleOf,Darkwave,2027,Darkwave,2025
12535,11097,InStyleOf,Darkwave,2027,Darkwave,2019
12535,13632,DirectlySamples,Darkwave,2027,Darkwave,2016
12535,3291,InterpolatesFrom,Darkwave,2027,Dream Pop,2024
12538,6635,LyricalReferenceTo,,,,
12540,6643,DirectlySamples,Indie Folk,2026,Indie Folk,2013
12543,13681,InStyleOf,Indie Folk,2017,Indie Folk,2010
12546,5907,DirectlySamples,Alternative Rock,2010,,
12546,12998,CoverOf,Alternative Rock,2010,Dream Pop,1994
12546,14670,InterpolatesFrom,Alternative Rock,2010,Alternative Rock,1984
12547,5952,DirectlySamples,Indie Folk,2023,Indie Rock,2024
12554,15594,DirectlySamples,Desert Rock,2027,Dream Pop,2017
12558,3008,LyricalReferenceTo,,,Dream Pop,2021
12558,7278,InStyleOf,,,Synthwave,2022
12564,4596,LyricalReferenceTo,Indie Rock,2029,Synthwave,2023
12564,5318,LyricalReferenceTo,Indie Rock,2029,Doom Metal,2019
12564,11175,InterpolatesFrom,Indie Rock,2029,,
12574,12332,CoverOf,Doom Metal,2023,Oceanus Folk,2010
12577,2277,LyricalReferenceTo,Lo-Fi Electronica,2020,Lo-Fi Electronica,2004
12577,14566,InStyleOf,Lo-Fi Electronica,2020,,
12577,827,InStyleOf,Lo-Fi Electronica,2020,Lo-Fi Electronica,2006
12577,2698,InterpolatesFrom,Lo-Fi Electronica,2020,Lo-Fi Electronica,2009
12577,12373,InterpolatesFrom,Lo-Fi Electronica,2020,Lo-Fi Electronica,2005
12577,5214,CoverOf,Lo-Fi Electronica,2020,Lo-Fi Electronica,2012
12578,7534,CoverOf,,,Darkwave,2012
12578,8636,DirectlySamples,,,Dream Pop,2023
12582,6848,InStyleOf,Synthwave,2020,,
12582,4377,InterpolatesFrom,Synthwave,2020,Doom Metal,2017
12582,11574,LyricalReferenceTo,Synthwave,2020,Indie Rock,2013
12582,14965,LyricalReferenceTo,Synthwave,2020,Doom Metal,2010
12582,16212,LyricalReferenceTo,Synthwave,2020,Doom Metal,2017
12582,12768,CoverOf,Synthwave,2020,,
12593,1113,LyricalReferenceTo,Americana,2000,,
12594,12039,InStyleOf,Dream Pop,2003,,
12594,6298,InterpolatesFrom,Dream Pop,2003,Alternative Rock,1994
12594,14670,DirectlySamples,Dream Pop,2003,Alternative Rock,1984
12594,12998,DirectlySamples,Dream Pop,2003,Dream Pop,1994
12599,10249,CoverOf,Alternative Rock,2011,Synthwave,2004
12602,15841,InterpolatesFrom,Dream Pop,2021,Dream Pop,2019
12608,10673,CoverOf,Synthwave,2020,Doom Metal,2013
12608,7116,InStyleOf,Synthwave,2020,Doom Metal,2007
12613,5425,LyricalReferenceTo,Desert Rock,2020,Doom Metal,2013
12616,14610,InStyleOf,,,Southern Gothic Rock,1991
12616,3407,InStyleOf,,,Southern Gothic Rock,1987
12622,3479,CoverOf,Darkwave,2027,Space Rock,2019
12622,2687,CoverOf,Darkwave,2027,Space Rock,2016
12622,2633,InStyleOf,Darkwave,2027,,
12622,7425,InStyleOf,Darkwave,2027,Dream Pop,2024
12622,2567,CoverOf,Darkwave,2027,Post-Apocalyptic Folk,2022
12622,10412,LyricalReferenceTo,Darkwave,2027,,
12623,4541,DirectlySamples,,,Psychedelic Rock,2023
12623,14864,InterpolatesFrom,,,Dream Pop,2021
12623,12081,InStyleOf,,,Doom Metal,2017
12625,14762,InStyleOf,Oceanus Folk,2027,Oceanus Folk,2017
12629,11980,CoverOf,Dream Pop,2026,Synthwave,2020
12629,14884,InStyleOf,Dream Pop,2026,Indie Rock,2023
12631,1611,CoverOf,Doom Metal,2022,Indie Rock,2015
12633,5224,DirectlySamples,Indie Folk,2027,,
12633,13850,CoverOf,Indie Folk,2027,Doom Metal,2024
12633,9007,DirectlySamples,Indie Folk,2027,Doom Metal,2004
12633,5318,InterpolatesFrom,Indie Folk,2027,Doom Metal,2019
12633,12678,LyricalReferenceTo,Indie Folk,2027,Synthwave,2013
12645,4849,CoverOf,Indie Folk,2010,,
12661,7913,LyricalReferenceTo,Dream Pop,2014,,
12673,15622,DirectlySamples,Americana,2013,Doom Metal,1997
12678,5295,LyricalReferenceTo,Synthwave,2013,,
12678,13747,CoverOf,Synthwave,2013,Doom Metal,2010
12678,9488,LyricalReferenceTo,Synthwave,2013,Synthwave,2012
12678,5808,InterpolatesFrom,Synthwave,2013,,
12685,11352,CoverOf,Alternative Rock,2031,,
12689,14512,LyricalReferenceTo,Lo-Fi Electronica,2024,Lo-Fi Electronica,1997
12691,16524,InStyleOf,,,Oceanus Folk,2013
12691,1841,DirectlySamples,,,Indie Folk,2010
12692,7630,InStyleOf,Speed Metal,2016,Speed Metal,2010
12692,10434,LyricalReferenceTo,Speed Metal,2016,Speed Metal,2007
12694,7080,InterpolatesFrom,Dream Pop,2029,,
12694,6770,CoverOf,Dream Pop,2029,Americana,2025
12694,13158,LyricalReferenceTo,Dream Pop,2029,Dream Pop,2028
12694,14177,LyricalReferenceTo,Dream Pop,2029,,
12703,16153,InStyleOf,Psychedelic Rock,2020,Indie Folk,2017
12710,5663,InStyleOf,,,Indie Folk,1987
12718,3025,DirectlySamples,Space Rock,2027,Oceanus Folk,2017
12718,13563,InStyleOf,Space Rock,2027,,
12718,1841,InStyleOf,Space Rock,2027,Indie Folk,2010
12718,6611,CoverOf,Space Rock,2027,Oceanus Folk,2013
12723,7278,InStyleOf,,,Synthwave,2022
12727,15622,DirectlySamples,Synthwave,2013,Doom Metal,1997
12729,5777,InterpolatesFrom,,,Indie Folk,2013
12729,1841,InStyleOf,,,Indie Folk,2010
12729,10673,InStyleOf,,,Doom Metal,2013
12729,7116,InStyleOf,,,Doom Metal,2007
12739,9754,InterpolatesFrom,Jazz Surf Rock,2020,,
12739,1326,CoverOf,Jazz Surf Rock,2020,Jazz Surf Rock,1996
12742,15885,InStyleOf,Darkwave,1997,Dream Pop,1995
12742,16585,CoverOf,Darkwave,1997,Darkwave,1987
12744,8881,LyricalReferenceTo,Synthwave,2030,Oceanus Folk,2020
12744,3956,InStyleOf,Synthwave,2030,Oceanus Folk,2023
12750,9088,InStyleOf,Lo-Fi Electronica,2019,Lo-Fi Electronica,2013
12750,2167,LyricalReferenceTo,Lo-Fi Electronica,2019,Lo-Fi Electronica,2007
12750,8680,CoverOf,Lo-Fi Electronica,2019,,
12750,5643,InStyleOf,Lo-Fi Electronica,2019,Lo-Fi Electronica,2011
12750,9122,LyricalReferenceTo,Lo-Fi Electronica,2019,,
12750,10574,InterpolatesFrom,Lo-Fi Electronica,2019,Lo-Fi Electronica,2007
12750,12008,LyricalReferenceTo,Lo-Fi Electronica,2019,Lo-Fi Electronica,2014
12750,4781,InterpolatesFrom,Lo-Fi Electronica,2019,Lo-Fi Electronica,2003
12751,4362,InterpolatesFrom,Dream Pop,2027,Synthwave,2013
12751,13615,InStyleOf,Dream Pop,2027,Post-Apocalyptic Folk,2018
12751,10358,InStyleOf,Dream Pop,2027,,
12751,438,CoverOf,Dream Pop,2027,Dream Pop,2010
12759,9884,InterpolatesFrom,Dream Pop,2013,Psychedelic Rock,2009
12768,14965,CoverOf,,,Doom Metal,2010
12776,13681,LyricalReferenceTo,Desert Rock,2020,Indie Folk,2010
12781,6461,InStyleOf,,,,
12784,16491,InterpolatesFrom,Indie Folk,2020,,
12788,4430,LyricalReferenceTo,,,,
12794,445,InterpolatesFrom,Dream Pop,2021,,
12804,1841,CoverOf,Oceanus Folk,2020,Indie Folk,2010
12812,15206,LyricalReferenceTo,Indie Folk,2015,Doom Metal,2007
12812,13374,InStyleOf,Indie Folk,2015,Doom Metal,2013
12816,12625,DirectlySamples,Synthwave,2029,Oceanus Folk,2027
12816,3520,DirectlySamples,Synthwave,2029,Oceanus Folk,2026
12822,9772,InStyleOf,Southern Gothic Rock,1999,Indie Pop,1997
12823,9200,InStyleOf,Doom Metal,2027,Indie Folk,2027
12823,12410,CoverOf,Doom Metal,2027,Doom Metal,2029
12823,9713,InterpolatesFrom,Doom Metal,2027,Synthwave,2020
12833,5887,CoverOf,Doom Metal,2020,Doom Metal,1997
12833,14410,DirectlySamples,Doom Metal,2020,,
12837,9884,LyricalReferenceTo,,,Psychedelic Rock,2009
12837,9416,InStyleOf,,,Indie Folk,2020
12837,12397,InterpolatesFrom,,,Dream Pop,2007
12842,4653,InterpolatesFrom,,,Synthwave,2014
12858,7116,InStyleOf,Doom Metal,2023,Doom Metal,2007
12858,9116,InterpolatesFrom,Doom Metal,2023,Doom Metal,2020
12858,10673,InterpolatesFrom,Doom Metal,2023,Doom Metal,2013
12858,11251,CoverOf,Doom Metal,2023,Indie Folk,2020
12858,14118,InStyleOf,Doom Metal,2023,Indie Folk,2017
12866,3350,CoverOf,Indie Pop,2007,Southern Gothic Rock,1992
12866,3123,LyricalReferenceTo,Indie Pop,2007,Indie Pop,2005
12866,9089,InStyleOf,Indie Pop,2007,Indie Pop,2007
12867,11740,LyricalReferenceTo,Indie Rock,2017,Indie Rock,2011
12867,11569,InterpolatesFrom,Indie Rock,2017,Indie Rock,2008
12877,10950,InStyleOf,Space Rock,2025,,
12877,16445,CoverOf,Space Rock,2025,,
12877,995,LyricalReferenceTo,Space Rock,2025,Psychedelic Rock,2024
12877,3869,CoverOf,Space Rock,2025,Darkwave,2010
12882,12332,InStyleOf,Oceanus Folk,2026,Oceanus Folk,2010
12882,2662,InStyleOf,Oceanus Folk,2026,,
12891,9010,InterpolatesFrom,Southern Gothic Rock,2027,Jazz Surf Rock,2021
12892,11701,LyricalReferenceTo,Indie Folk,2020,,
12892,8366,InStyleOf,Indie Folk,2020,Dream Pop,2013
12892,15622,CoverOf,Indie Folk,2020,Doom Metal,1997
12892,5687,CoverOf,Indie Folk,2020,Indie Folk,2010
12892,6006,InStyleOf,Indie Folk,2020,Doom Metal,2004
12893,1689,CoverOf,Indie Folk,2013,,
12896,4411,CoverOf,Southern Gothic Rock,2011,,
12896,11984,LyricalReferenceTo,Southern Gothic Rock,2011,Blues Rock,1991
12903,11603,InStyleOf,Jazz Surf Rock,2029,,
12914,5887,LyricalReferenceTo,Doom Metal,2017,Doom Metal,1997
12920,1529,CoverOf,Avant-Garde Folk,2025,Southern Gothic Rock,2010
12920,15983,LyricalReferenceTo,Avant-Garde Folk,2025,,
12920,1757,InStyleOf,Avant-Garde Folk,2025,Avant-Garde Folk,2010
12920,9774,LyricalReferenceTo,Avant-Garde Folk,2025,,
12923,16389,InStyleOf,Southern Gothic Rock,2002,Southern Gothic Rock,1992
12926,15754,DirectlySamples,Oceanus Folk,2023,Indie Folk,2021
12933,8372,DirectlySamples,Southern Gothic Rock,2013,Avant-Garde Folk,2007
12933,9089,CoverOf,Southern Gothic Rock,2013,Indie Pop,2007
12933,5455,InStyleOf,Southern Gothic Rock,2013,Southern Gothic Rock,1999
12933,8394,InterpolatesFrom,Southern Gothic Rock,2013,,
12936,6006,DirectlySamples,Synthwave,2020,Doom Metal,2004
12941,6412,InterpolatesFrom,Synthwave,2026,Desert Rock,2022
12947,16720,InterpolatesFrom,Blues Rock,2010,Blues Rock,2000
12947,12273,InStyleOf,Blues Rock,2010,,
12947,16182,CoverOf,Blues Rock,2010,Southern Gothic Rock,1997
12953,15578,CoverOf,Alternative Rock,1993,Indie Pop,1987
12955,3217,InStyleOf,Indie Pop,2020,Avant-Garde Folk,2018
12955,8331,InterpolatesFrom,Indie Pop,2020,Blues Rock,2018
12956,14335,InStyleOf,Synthpop,2015,Synthpop,2004
12963,14921,LyricalReferenceTo,Post-Apocalyptic Folk,2028,Dream Pop,2025
12963,14969,InStyleOf,Post-Apocalyptic Folk,2028,,
12963,2709,InStyleOf,Post-Apocalyptic Folk,2028,,
12963,445,DirectlySamples,Post-Apocalyptic Folk,2028,,
12963,2567,DirectlySamples,Post-Apocalyptic Folk,2028,Post-Apocalyptic Folk,2022
12963,12986,DirectlySamples,Post-Apocalyptic Folk,2028,Post-Apocalyptic Folk,2023
12971,15539,LyricalReferenceTo,Dream Pop,2016,Dream Pop,2012
12971,4283,DirectlySamples,Dream Pop,2016,Dream Pop,2013
12971,9524,InterpolatesFrom,Dream Pop,2016,Dream Pop,2006
12973,5643,InterpolatesFrom,Lo-Fi Electronica,2023,Lo-Fi Electronica,2011
12973,14780,CoverOf,Lo-Fi Electronica,2023,Lo-Fi Electronica,2015
12973,15570,CoverOf,Lo-Fi Electronica,2023,Lo-Fi Electronica,2014
12973,14659,InStyleOf,Lo-Fi Electronica,2023,Lo-Fi Electronica,2009
12973,12517,CoverOf,Lo-Fi Electronica,2023,Lo-Fi Electronica,2007
12976,14464,LyricalReferenceTo,,,Doom Metal,1991
12976,11875,InStyleOf,,,Dream Pop,1994
12979,5110,InStyleOf,,,Indie Pop,1991
12983,12025,LyricalReferenceTo,Lo-Fi Electronica,2023,Lo-Fi Electronica,2013
12983,14045,CoverOf,Lo-Fi Electronica,2023,Lo-Fi Electronica,2011
12986,2567,LyricalReferenceTo,Post-Apocalyptic Folk,2023,Post-Apocalyptic Folk,2022
12986,445,LyricalReferenceTo,Post-Apocalyptic Folk,2023,,
12991,9770,CoverOf,Doom Metal,2026,,
12991,14920,LyricalReferenceTo,Doom Metal,2026,Doom Metal,2023
12991,10358,InterpolatesFrom,Doom Metal,2026,,
12991,13364,InStyleOf,Doom Metal,2026,,
12991,14141,InStyleOf,Doom Metal,2026,Doom Metal,2023
12993,14037,CoverOf,,,Southern Gothic Rock,1986
12994,4849,LyricalReferenceTo,Dream Pop,2013,,
12998,4684,DirectlySamples,Dream Pop,1994,Indie Folk,1994
12998,14670,LyricalReferenceTo,Dream Pop,1994,Alternative Rock,1984
12998,9895,CoverOf,Dream Pop,1994,Synthwave,1989
13001,5110,InStyleOf,,,Indie Pop,1991
13001,16495,LyricalReferenceTo,,,Southern Gothic Rock,1997
13001,13874,InStyleOf,,,,
13001,15456,CoverOf,,,Southern Gothic Rock,1999
13001,14678,InStyleOf,,,Southern Gothic Rock,1993
13002,9884,LyricalReferenceTo,,,Psychedelic Rock,2009
13008,6154,InStyleOf,,,Desert Rock,2020
13008,10354,CoverOf,,,Dream Pop,2018
13008,6743,CoverOf,,,Dream Pop,2020
13008,14909,InterpolatesFrom,,,Dream Pop,2013
13008,11241,LyricalReferenceTo,,,Dream Pop,2018
13010,10480,InterpolatesFrom,Southern Gothic Rock,2009,Indie Pop,2003
13027,14223,InterpolatesFrom,Oceanus Folk,2026,Psychedelic Rock,2024
13027,8233,LyricalReferenceTo,Oceanus Folk,2026,Oceanus Folk,2010
13027,8263,InStyleOf,Oceanus Folk,2026,Psychedelic Rock,2022
13031,13332,InterpolatesFrom,,,Darkwave,2022
13031,8675,LyricalReferenceTo,,,Darkwave,2007
13031,7534,InterpolatesFrom,,,Darkwave,2012
13031,1431,InStyleOf,,,Darkwave,2017
13031,3362,InStyleOf,,,Synthwave,2022
13033,14720,CoverOf,,,Oceanus Folk,2023
13033,1841,CoverOf,,,Indie Folk,2010
13035,13819,CoverOf,Indie Rock,2010,Indie Rock,1995
13035,7671,InterpolatesFrom,Indie Rock,2010,Alternative Rock,1983
13040,8355,DirectlySamples,Dream Pop,2017,Synthwave,1996
13040,9085,InterpolatesFrom,Dream Pop,2017,Doom Metal,2004
13042,11127,InStyleOf,Psychedelic Rock,2027,Psychedelic Rock,2016
13046,6946,LyricalReferenceTo,Southern Gothic Rock,1999,Blues Rock,1992
13046,15715,CoverOf,Southern Gothic Rock,1999,Southern Gothic Rock,1993
13047,1841,LyricalReferenceTo,Desert Rock,2029,Indie Folk,2010
13047,14767,CoverOf,Desert Rock,2029,,
13047,12362,InterpolatesFrom,Desert Rock,2029,,
13047,3025,CoverOf,Desert Rock,2029,Oceanus Folk,2017
13049,15622,InterpolatesFrom,Psychedelic Rock,2025,Doom Metal,1997
13053,15983,InterpolatesFrom,Indie Pop,2011,,
13064,7116,InterpolatesFrom,Indie Folk,2023,Doom Metal,2007
13068,12043,InterpolatesFrom,Synthwave,2023,Dream Pop,2023
13068,9995,DirectlySamples,Synthwave,2023,Dream Pop,2018
13068,14057,InterpolatesFrom,Synthwave,2023,Synthwave,2023
13068,10747,CoverOf,Synthwave,2023,Dream Pop,2019
13068,10342,InStyleOf,Synthwave,2023,Dream Pop,2017
13068,10281,LyricalReferenceTo,Synthwave,2023,Synthwave,2016
13068,13302,CoverOf,Synthwave,2023,Indie Rock,2020
13068,10659,CoverOf,Synthwave,2023,Dream Pop,2025
13069,16669,CoverOf,Synthwave,2023,,
13069,12397,CoverOf,Synthwave,2023,Dream Pop,2007
13069,16607,InStyleOf,Synthwave,2023,Synthwave,2010
13069,13721,DirectlySamples,Synthwave,2023,,
13069,1057,CoverOf,Synthwave,2023,,
13073,9884,InStyleOf,Space Rock,2025,Psychedelic Rock,2009
13076,5854,InStyleOf,,,Indie Folk,2017
13076,13324,InterpolatesFrom,,,Oceanus Folk,2004
13080,6293,InterpolatesFrom,Dream Pop,2028,Dream Pop,2025
13088,10361,CoverOf,Symphonic Metal,2026,Post-Apocalyptic Folk,2011
13088,10469,CoverOf,Symphonic Metal,2026,Space Rock,2015
13088,7278,InterpolatesFrom,Symphonic Metal,2026,Synthwave,2022
13088,14965,InStyleOf,Symphonic Metal,2026,Doom Metal,2010
13088,438,DirectlySamples,Symphonic Metal,2026,Dream Pop,2010
13101,12979,CoverOf,Indie Pop,2003,,
13104,15622,CoverOf,Synthwave,1997,Doom Metal,1997
13107,8373,CoverOf,Americana,2020,Indie Folk,2020
13112,8888,InterpolatesFrom,Synthwave,2027,Indie Rock,2010
13112,7488,InStyleOf,Synthwave,2027,Doom Metal,2026
13123,15206,InStyleOf,Americana,2015,Doom Metal,2007
13129,6006,InterpolatesFrom,Indie Folk,2013,Doom Metal,2004
13131,13223,InterpolatesFrom,Alternative Rock,2023,Alternative Rock,2017
13132,13143,InterpolatesFrom,Indie Folk,2007,Indie Folk,2004
13135,8858,LyricalReferenceTo,Dream Pop,2029,Oceanus Folk,2026
13140,9716,LyricalReferenceTo,Dream Pop,2021,Americana,1991
13142,11495,InStyleOf,,,Americana,2015
13144,12934,LyricalReferenceTo,Indie Folk,2029,,
13150,9259,InterpolatesFrom,,,Dream Pop,2024
13150,8969,CoverOf,,,Darkwave,2026
13150,10535,CoverOf,,,Indie Folk,2026
13150,445,CoverOf,,,,
13155,15633,InterpolatesFrom,Alternative Rock,2025,Alternative Rock,2007
13155,14351,InStyleOf,Alternative Rock,2025,,
13155,11446,CoverOf,Alternative Rock,2025,,
13155,14749,LyricalReferenceTo,Alternative Rock,2025,Alternative Rock,2010
13158,6054,InterpolatesFrom,Dream Pop,2028,Dream Pop,2026
13158,7897,InStyleOf,Dream Pop,2028,Post-Apocalyptic Folk,2014
13158,13592,InterpolatesFrom,Dream Pop,2028,Synthwave,2026
13161,6368,DirectlySamples,Desert Rock,2024,Synthwave,1994
13161,14762,InterpolatesFrom,Desert Rock,2024,Oceanus Folk,2017
13168,4781,LyricalReferenceTo,Lo-Fi Electronica,2023,Lo-Fi Electronica,2003
13168,827,InterpolatesFrom,Lo-Fi Electronica,2023,Lo-Fi Electronica,2006
13171,6423,LyricalReferenceTo,Synthwave,2026,Indie Folk,2013
13171,11526,InStyleOf,Synthwave,2026,Psychedelic Rock,2019
13173,1841,InterpolatesFrom,Oceanus Folk,2023,Indie Folk,2010
13190,13990,CoverOf,Space Rock,2015,Post-Apocalyptic Folk,2012
13190,6006,InterpolatesFrom,Space Rock,2015,Doom Metal,2004
13196,15104,InStyleOf,,,Southern Gothic Rock,2016
13196,1121,DirectlySamples,,,Southern Gothic Rock,1997
13202,8366,LyricalReferenceTo,Synthwave,2029,Dream Pop,2013
13202,7366,CoverOf,Synthwave,2029,Americana,2004
13202,15913,LyricalReferenceTo,Synthwave,2029,Americana,2025
13202,8201,InterpolatesFrom,Synthwave,2029,Symphonic Metal,2023
13206,827,InStyleOf,Lo-Fi Electronica,2028,Lo-Fi Electronica,2006
13206,11677,InterpolatesFrom,Lo-Fi Electronica,2028,Lo-Fi Electronica,2009
13208,2510,DirectlySamples,Dream Pop,2007,Dream Pop,1981
13208,13421,InStyleOf,Dream Pop,2007,Dream Pop,1994
13213,6006,InterpolatesFrom,Desert Rock,2013,Doom Metal,2004
13213,2238,CoverOf,Desert Rock,2013,Synthwave,2009
13214,16014,CoverOf,Darkwave,2026,Doom Metal,2007
13216,4770,InStyleOf,Desert Rock,2025,Synthwave,2007
13216,15622,LyricalReferenceTo,Desert Rock,2025,Doom Metal,1997
13220,10367,CoverOf,Doom Metal,2013,Synthwave,2013
13220,4413,LyricalReferenceTo,Doom Metal,2013,Symphonic Metal,2010
13222,3133,LyricalReferenceTo,,,Indie Folk,2013
13222,4555,InStyleOf,,,Indie Rock,2014
13223,11614,DirectlySamples,Alternative Rock,2017,Alternative Rock,2009
13224,12072,CoverOf,Dream Pop,2024,Psychedelic Rock,2017
13228,15343,DirectlySamples,Speed Metal,2013,Speed Metal,1987
13228,4583,LyricalReferenceTo,Speed Metal,2013,Speed Metal,1983
13228,7033,LyricalReferenceTo,Speed Metal,2013,Speed Metal,2003
13229,11002,InterpolatesFrom,Doom Metal,2013,Indie Rock,2010
13232,13324,DirectlySamples,Oceanus Folk,2027,Oceanus Folk,2004
13232,3501,CoverOf,Oceanus Folk,2027,Oceanus Folk,2007
13232,1841,InterpolatesFrom,Oceanus Folk,2027,Indie Folk,2010
13232,6417,InStyleOf,Oceanus Folk,2027,,
13232,14762,DirectlySamples,Oceanus Folk,2027,Oceanus Folk,2017
13232,6344,CoverOf,Oceanus Folk,2027,Desert Rock,2024
13236,9382,InStyleOf,Blues Rock,1987,Southern Gothic Rock,1984
13237,15025,LyricalReferenceTo,,,Southern Gothic Rock,1999
13240,4233,DirectlySamples,Dream Pop,2024,Dream Pop,2022
13243,15261,InStyleOf,Psychedelic Rock,2025,Psychedelic Rock,2022
13243,4541,CoverOf,Psychedelic Rock,2025,Psychedelic Rock,2023
13249,12934,LyricalReferenceTo,,,,
13254,10859,InStyleOf,,,Doom Metal,2013
13255,7615,LyricalReferenceTo,Indie Folk,2017,,
13255,4059,InStyleOf,Indie Folk,2017,Doom Metal,2013
13257,10855,InStyleOf,Post-Apocalyptic Folk,2029,Dream Pop,2023
13258,1340,LyricalReferenceTo,Americana,2023,Dream Pop,2017
13260,298,InStyleOf,Indie Folk,2027,Indie Folk,2013
13260,6201,InterpolatesFrom,Indie Folk,2027,Indie Folk,2020
13260,6428,InStyleOf,Indie Folk,2027,Oceanus Folk,2023
13262,6051,CoverOf,Jazz Surf Rock,2026,,
13266,11768,DirectlySamples,,,Dream Pop,2024
13266,9884,InterpolatesFrom,,,Psychedelic Rock,2009
13272,10342,LyricalReferenceTo,Dream Pop,2026,Dream Pop,2017
13276,11945,InStyleOf,Synthwave,2023,Doom Metal,2007
13279,7116,LyricalReferenceTo,,,Doom Metal,2007
13279,12245,InterpolatesFrom,,,Indie Folk,2017
13280,6994,DirectlySamples,Indie Folk,2030,Oceanus Folk,2017
13280,6976,InterpolatesFrom,Indie Folk,2030,,
13280,3194,InterpolatesFrom,Indie Folk,2030,Oceanus Folk,2017
13280,7224,LyricalReferenceTo,Indie Folk,2030,Oceanus Folk,2022
13282,9237,CoverOf,Jazz Surf Rock,2027,Jazz Surf Rock,2005
13287,5295,InterpolatesFrom,Synthwave,2024,,
13287,9884,CoverOf,Synthwave,2024,Psychedelic Rock,2009
13297,13985,LyricalReferenceTo,Lo-Fi Electronica,2017,Lo-Fi Electronica,2013
13297,827,InStyleOf,Lo-Fi Electronica,2017,Lo-Fi Electronica,2006
13297,14768,InStyleOf,Lo-Fi Electronica,2017,Lo-Fi Electronica,2005
13298,12596,DirectlySamples,,,Psychedelic Rock,1989
13302,10342,InStyleOf,Indie Rock,2020,Dream Pop,2017
13302,10281,CoverOf,Indie Rock,2020,Synthwave,2016
13302,10747,InStyleOf,Indie Rock,2020,Dream Pop,2019
13302,9995,CoverOf,Indie Rock,2020,Dream Pop,2018
13302,8245,LyricalReferenceTo,Indie Rock,2020,,
13303,6298,InterpolatesFrom,,,Alternative Rock,1994
13303,14670,InterpolatesFrom,,,Alternative Rock,1984
13304,3376,InterpolatesFrom,Doom Metal,2021,Desert Rock,2013
13304,13758,InterpolatesFrom,Doom Metal,2021,Indie Folk,2013
13310,966,InterpolatesFrom,Lo-Fi Electronica,2017,Lo-Fi Electronica,2003
13310,4781,CoverOf,Lo-Fi Electronica,2017,Lo-Fi Electronica,2003
13310,6072,InterpolatesFrom,Lo-Fi Electronica,2017,Synthwave,1998
13310,2277,InStyleOf,Lo-Fi Electronica,2017,Lo-Fi Electronica,2004
13312,13298,CoverOf,Indie Folk,2026,,
13315,14965,InStyleOf,Space Rock,2028,Doom Metal,2010
13315,10358,InStyleOf,Space Rock,2028,,
13321,8888,CoverOf,Psychedelic Rock,2025,Indie Rock,2010
13321,1502,InStyleOf,Psychedelic Rock,2025,Psychedelic Rock,2018
13321,12515,InStyleOf,Psychedelic Rock,2025,,
13321,14551,CoverOf,Psychedelic Rock,2025,,
13321,7278,InterpolatesFrom,Psychedelic Rock,2025,Synthwave,2022
13327,1841,CoverOf,,,Indie Folk,2010
13331,8230,LyricalReferenceTo,Emo/Pop Punk,1997,Emo/Pop Punk,1989
13331,1955,CoverOf,Emo/Pop Punk,1997,Emo/Pop Punk,1985
13331,6315,InterpolatesFrom,Emo/Pop Punk,1997,Emo/Pop Punk,1987
13332,10111,LyricalReferenceTo,Darkwave,2022,Darkwave,2019
13332,3362,CoverOf,Darkwave,2022,Synthwave,2022
13332,7534,InStyleOf,Darkwave,2022,Darkwave,2012
13332,9488,InterpolatesFrom,Darkwave,2022,Synthwave,2012
13336,4849,DirectlySamples,Dream Pop,2026,,
13336,14961,LyricalReferenceTo,Dream Pop,2026,Synthwave,1987
13342,10793,InterpolatesFrom,,,Synthwave,2013
13342,13591,InStyleOf,,,Doom Metal,2010
13346,15634,InStyleOf,Psychedelic Rock,2023,Psychedelic Rock,2022
13358,1326,DirectlySamples,Jazz Surf Rock,2001,Jazz Surf Rock,1996
13361,5455,InterpolatesFrom,Blues Rock,2011,Southern Gothic Rock,1999
13361,6454,InStyleOf,Blues Rock,2011,Indie Pop,1991
13364,2905,DirectlySamples,,,,
13364,2342,CoverOf,,,,
13366,2413,InterpolatesFrom,Dream Pop,2029,Dream Pop,2026
13369,14762,InStyleOf,Space Rock,2025,Oceanus Folk,2017
13374,15206,InStyleOf,Doom Metal,2013,Doom Metal,2007
13374,15622,InStyleOf,Doom Metal,2013,Doom Metal,1997
13376,7793,InterpolatesFrom,,,Synthwave,2023
13376,15612,CoverOf,,,,
13389,13926,InterpolatesFrom,,,,
13389,10681,CoverOf,,,Doom Metal,2007
13389,6427,LyricalReferenceTo,,,,
13389,9542,LyricalReferenceTo,,,,
13389,3519,InterpolatesFrom,,,Doom Metal,2018
13392,12967,InterpolatesFrom,Post-Apocalyptic Folk,2014,Dream Pop,2010
13396,1841,CoverOf,Oceanus Folk,2029,Indie Folk,2010
13396,12067,InterpolatesFrom,Oceanus Folk,2029,Oceanus Folk,2024
13396,15441,LyricalReferenceTo,Oceanus Folk,2029,Oceanus Folk,2017
13404,11768,InterpolatesFrom,Dream Pop,2028,Dream Pop,2024
13404,15084,InterpolatesFrom,Dream Pop,2028,Dream Pop,2014
13404,7876,InStyleOf,Dream Pop,2028,Oceanus Folk,2027
13404,12571,LyricalReferenceTo,Dream Pop,2028,Psychedelic Rock,2022
13404,4547,InStyleOf,Dream Pop,2028,Psychedelic Rock,2020
13404,8439,LyricalReferenceTo,Dream Pop,2028,Dream Pop,2025
13413,15622,CoverOf,Indie Folk,2022,Doom Metal,1997
13413,438,CoverOf,Indie Folk,2022,Dream Pop,2010
13413,8888,InStyleOf,Indie Folk,2022,Indie Rock,2010
13413,10469,LyricalReferenceTo,Indie Folk,2022,Space Rock,2015
13413,445,CoverOf,Indie Folk,2022,,
13413,14987,InterpolatesFrom,Indie Folk,2022,Doom Metal,2017
13413,13990,InStyleOf,Indie Folk,2022,Post-Apocalyptic Folk,2012
13417,9412,InterpolatesFrom,,,Alternative Rock,2026
13418,6575,InterpolatesFrom,,,Symphonic Metal,2024
13418,14014,InterpolatesFrom,,,Dream Pop,2024
13419,8888,CoverOf,Dream Pop,2030,Indie Rock,2010
13421,2510,DirectlySamples,Dream Pop,1994,Dream Pop,1981
13424,1320,InStyleOf,Alternative Rock,2007,Synthwave,2000
13424,14994,InStyleOf,Alternative Rock,2007,Indie Folk,1997
13429,4342,InStyleOf,Indie Folk,2018,Indie Folk,2015
13431,15646,LyricalReferenceTo,Oceanus Folk,2013,Oceanus Folk,2010
13436,9085,LyricalReferenceTo,Doom Metal,2017,Doom Metal,2004
13436,6524,CoverOf,Doom Metal,2017,Oceanus Folk,2014
13436,7250,CoverOf,Doom Metal,2017,Doom Metal,2013
13436,6762,LyricalReferenceTo,Doom Metal,2017,Symphonic Metal,2007
13438,1841,CoverOf,Oceanus Folk,2019,Indie Folk,2010
13438,13324,InStyleOf,Oceanus Folk,2019,Oceanus Folk,2004
13438,3501,InStyleOf,Oceanus Folk,2019,Oceanus Folk,2007
13438,6006,InStyleOf,Oceanus Folk,2019,Doom Metal,2004
13446,917,InterpolatesFrom,,,,
13446,445,InStyleOf,,,,
13457,9749,CoverOf,Dream Pop,2025,,
13457,11097,InStyleOf,Dream Pop,2025,Darkwave,2019
13459,5212,LyricalReferenceTo,Avant-Garde Folk,2028,Southern Gothic Rock,2004
13459,15847,InStyleOf,Avant-Garde Folk,2028,,
13459,1529,CoverOf,Avant-Garde Folk,2028,Southern Gothic Rock,2010
13459,8230,InStyleOf,Avant-Garde Folk,2028,Emo/Pop Punk,1989
13465,13430,InStyleOf,Speed Metal,2000,Speed Metal,1991
13468,11214,InterpolatesFrom,,,,
13470,15622,CoverOf,Doom Metal,2024,Doom Metal,1997
13476,6006,CoverOf,,,Doom Metal,2004
13480,419,DirectlySamples,Synthwave,2009,Doom Metal,1994
13480,11033,CoverOf,Synthwave,2009,Doom Metal,2004
13484,1857,LyricalReferenceTo,,,Indie Rock,2006
13486,3088,CoverOf,Psychedelic Rock,2028,Psychedelic Rock,2021
13486,14740,InterpolatesFrom,Psychedelic Rock,2028,Indie Folk,2013
13489,14965,DirectlySamples,Post-Apocalyptic Folk,2026,Doom Metal,2010
13489,16719,InStyleOf,Post-Apocalyptic Folk,2026,,
13499,2792,InStyleOf,,,,
13499,8708,DirectlySamples,,,Emo/Pop Punk,2023
13503,16298,DirectlySamples,Lo-Fi Electronica,1994,Lo-Fi Electronica,1985
13504,14590,InterpolatesFrom,,,Synthwave,1994
13509,2662,InStyleOf,Americana,2023,,
13516,1841,CoverOf,Oceanus Folk,2024,Indie Folk,2010
13516,6762,CoverOf,Oceanus Folk,2024,Symphonic Metal,2007
13521,9884,LyricalReferenceTo,Oceanus Folk,2017,Psychedelic Rock,2009
13528,9085,InStyleOf,Synthwave,2010,Doom Metal,2004
13530,3501,CoverOf,Oceanus Folk,2017,Oceanus Folk,2007
13530,6524,InStyleOf,Oceanus Folk,2017,Oceanus Folk,2014
13535,15198,LyricalReferenceTo,Indie Folk,2023,Dream Pop,2013
13535,7177,LyricalReferenceTo,Indie Folk,2023,Indie Folk,2013
13538,3025,InterpolatesFrom,Oceanus Folk,2024,Oceanus Folk,2017
13538,6818,InterpolatesFrom,Oceanus Folk,2024,Oceanus Folk,2017
13539,5288,CoverOf,Doom Metal,2020,,
13546,6006,InStyleOf,Doom Metal,2019,Doom Metal,2004
13557,7194,InStyleOf,Emo/Pop Punk,2009,Emo/Pop Punk,2002
13557,4749,LyricalReferenceTo,Emo/Pop Punk,2009,,
13557,10515,CoverOf,Emo/Pop Punk,2009,Indie Pop,1992
13557,5203,CoverOf,Emo/Pop Punk,2009,Emo/Pop Punk,2007
13557,14671,LyricalReferenceTo,Emo/Pop Punk,2009,Emo/Pop Punk,2002
13557,5704,InStyleOf,Emo/Pop Punk,2009,Emo/Pop Punk,1995
13557,1955,InterpolatesFrom,Emo/Pop Punk,2009,Emo/Pop Punk,1985
13563,13324,LyricalReferenceTo,,,Oceanus Folk,2004
13563,1841,InStyleOf,,,Indie Folk,2010
13563,11945,InterpolatesFrom,,,Doom Metal,2007
13567,5088,InStyleOf,,,Lo-Fi Electronica,2026
13567,827,LyricalReferenceTo,,,Lo-Fi Electronica,2006
13567,11677,InterpolatesFrom,,,Lo-Fi Electronica,2009
13567,13985,InStyleOf,,,Lo-Fi Electronica,2013
13567,11467,CoverOf,,,Lo-Fi Electronica,2013
13567,5928,DirectlySamples,,,Lo-Fi Electronica,2019
13567,12091,CoverOf,,,Southern Gothic Rock,1997
13567,15838,DirectlySamples,,,Avant-Garde Folk,2014
13567,14566,CoverOf,,,,
13567,14768,InterpolatesFrom,,,Lo-Fi Electronica,2005
13567,15024,InStyleOf,,,Lo-Fi Electronica,2013
13568,9007,InStyleOf,,,Doom Metal,2004
13568,3519,CoverOf,,,Doom Metal,2018
13568,4884,InterpolatesFrom,,,Doom Metal,2004
13570,14416,InterpolatesFrom,Darkwave,2029,Dream Pop,2027
13580,11889,LyricalReferenceTo,Blues Rock,2004,Blues Rock,2004
13580,7709,LyricalReferenceTo,Blues Rock,2004,Blues Rock,2000
13582,12091,InStyleOf,,,Southern Gothic Rock,1997
13589,16702,InStyleOf,Avant-Garde Folk,2023,Avant-Garde Folk,1997
13589,16035,CoverOf,Avant-Garde Folk,2023,Avant-Garde Folk,2004
13600,15325,InterpolatesFrom,Dream Pop,2025,,
13600,12691,InStyleOf,Dream Pop,2025,,
13607,13107,InStyleOf,Indie Folk,2020,Americana,2020
13607,15198,InterpolatesFrom,Indie Folk,2020,Dream Pop,2013
13610,7707,CoverOf,Avant-Garde Folk,2026,Avant-Garde Folk,1997
13615,7727,LyricalReferenceTo,Post-Apocalyptic Folk,2018,Indie Rock,2013
13616,8867,InStyleOf,,,Symphonic Metal,2007
13620,988,LyricalReferenceTo,Space Rock,2029,,
13623,14442,InStyleOf,Dream Pop,2029,Jazz Surf Rock,2000
13623,15998,InterpolatesFrom,Dream Pop,2029,Alternative Rock,2028
13623,16584,LyricalReferenceTo,Dream Pop,2029,Jazz Surf Rock,2015
13625,510,InStyleOf,,,,
13627,13035,InStyleOf,Indie Rock,2010,Indie Rock,2010
13627,13819,InStyleOf,Indie Rock,2010,Indie Rock,1995
13627,7671,CoverOf,Indie Rock,2010,Alternative Rock,1983
13628,15047,LyricalReferenceTo,Speed Metal,2020,Southern Gothic Rock,1986
13628,4932,InterpolatesFrom,Speed Metal,2020,,
13632,6869,CoverOf,Darkwave,2016,Darkwave,2004
13639,10090,LyricalReferenceTo,Southern Gothic Rock,2000,Southern Gothic Rock,1998
13639,6745,InterpolatesFrom,Southern Gothic Rock,2000,Indie Pop,1994
13639,5110,CoverOf,Southern Gothic Rock,2000,Indie Pop,1991
13639,16495,InStyleOf,Southern Gothic Rock,2000,Southern Gothic Rock,1997
13639,10549,InterpolatesFrom,Southern Gothic Rock,2000,Indie Pop,1993
13639,2595,InStyleOf,Southern Gothic Rock,2000,Indie Pop,1984
13639,6868,CoverOf,Southern Gothic Rock,2000,,
13640,5295,InStyleOf,Dream Pop,2017,,
13640,4788,LyricalReferenceTo,Dream Pop,2017,Synthwave,2007
13644,14994,LyricalReferenceTo,Indie Folk,2023,Indie Folk,1997
13648,4436,LyricalReferenceTo,Doom Metal,2027,Indie Rock,2020
13648,7652,InStyleOf,Doom Metal,2027,Doom Metal,2008
13654,9772,LyricalReferenceTo,Southern Gothic Rock,2000,Indie Pop,1997
13658,3362,DirectlySamples,Synthwave,2023,Synthwave,2022
13680,11115,InterpolatesFrom,Indie Pop,2016,Avant-Garde Folk,1992
13680,3596,CoverOf,Indie Pop,2016,Avant-Garde Folk,2015
13680,6454,InStyleOf,Indie Pop,2016,Indie Pop,1991
13680,11365,LyricalReferenceTo,Indie Pop,2016,Southern Gothic Rock,2016
13680,15388,InStyleOf,Indie Pop,2016,Avant-Garde Folk,2015
13681,9716,CoverOf,Indie Folk,2010,Americana,1991
13687,11141,InStyleOf,Dream Pop,2027,,
13687,16478,InStyleOf,Dream Pop,2027,,
13691,7224,DirectlySamples,Indie Folk,2026,Oceanus Folk,2022
13691,6994,LyricalReferenceTo,Indie Folk,2026,Oceanus Folk,2017
13691,9602,InterpolatesFrom,Indie Folk,2026,Oceanus Folk,2013
13691,3194,InStyleOf,Indie Folk,2026,Oceanus Folk,2017
13691,757,InStyleOf,Indie Folk,2026,Oceanus Folk,2023
13691,5854,InStyleOf,Indie Folk,2026,Indie Folk,2017
13703,10441,CoverOf,Dream Pop,2027,,
13705,6423,CoverOf,Jazz Surf Rock,2028,Indie Folk,2013
13705,7399,CoverOf,Jazz Surf Rock,2028,Space Rock,2024
13707,11327,CoverOf,,,Lo-Fi Electronica,1998
13707,14961,LyricalReferenceTo,,,Synthwave,1987
13707,11115,LyricalReferenceTo,,,Avant-Garde Folk,1992
13708,5540,InStyleOf,Dream Pop,2026,Dream Pop,2023
13709,8904,LyricalReferenceTo,Doom Metal,2020,Doom Metal,2014
13711,12052,InStyleOf,Dream Pop,2013,Dream Pop,2010
13713,13302,InStyleOf,Darkwave,2028,Indie Rock,2020
13713,13332,InStyleOf,Darkwave,2028,Darkwave,2022
13713,1841,InterpolatesFrom,Darkwave,2028,Indie Folk,2010
13713,5887,CoverOf,Darkwave,2028,Doom Metal,1997
13717,12582,CoverOf,,,Synthwave,2020
13720,3540,InStyleOf,,,,
13720,16035,InStyleOf,,,Avant-Garde Folk,2004
13720,13361,CoverOf,,,Blues Rock,2011
13720,15838,LyricalReferenceTo,,,Avant-Garde Folk,2014
13720,15388,InStyleOf,,,Avant-Garde Folk,2015
13721,10673,CoverOf,,,Doom Metal,2013
13721,11855,InStyleOf,,,Americana,2007
13721,13574,CoverOf,,,Synthwave,2008
13721,15622,CoverOf,,,Doom Metal,1997
13721,12910,LyricalReferenceTo,,,,
13721,6006,LyricalReferenceTo,,,Doom Metal,2004
13724,7484,InStyleOf,Synthwave,2013,,
13727,4992,LyricalReferenceTo,Indie Pop,2021,Indie Pop,1997
13727,10915,LyricalReferenceTo,Indie Pop,2021,Indie Pop,2013
13729,13049,InterpolatesFrom,Dream Pop,2028,Psychedelic Rock,2025
13729,4029,InStyleOf,Dream Pop,2028,Synthwave,2027
13734,10532,DirectlySamples,,,,
13734,4626,LyricalReferenceTo,,,Dream Pop,2020
13734,16719,InterpolatesFrom,,,,
13734,10319,InterpolatesFrom,,,Psychedelic Rock,2014
13735,9749,LyricalReferenceTo,Darkwave,2024,,
13735,7994,InterpolatesFrom,Darkwave,2024,Darkwave,2017
13735,2316,InStyleOf,Darkwave,2024,Indie Folk,2010
13735,13632,InStyleOf,Darkwave,2024,Darkwave,2016
13735,3362,LyricalReferenceTo,Darkwave,2024,Synthwave,2022
13735,11097,DirectlySamples,Darkwave,2024,Darkwave,2019
13736,15093,InStyleOf,Psychedelic Rock,2028,Psychedelic Rock,2016
13741,9385,CoverOf,Space Rock,2019,,
13747,3668,LyricalReferenceTo,Doom Metal,2010,Doom Metal,2004
13755,14969,InStyleOf,Synthwave,2026,,
13758,16491,DirectlySamples,Indie Folk,2013,,
13763,12515,InStyleOf,Desert Rock,2020,,
13763,16158,InStyleOf,Desert Rock,2020,Psychedelic Rock,2007
13763,14945,CoverOf,Desert Rock,2020,,
13768,371,LyricalReferenceTo,Dream Pop,2027,Synthwave,2017
13768,13965,LyricalReferenceTo,Dream Pop,2027,Oceanus Folk,2007
13784,10415,LyricalReferenceTo,Americana,2023,Indie Folk,2017
13786,12397,InStyleOf,Dream Pop,2024,Dream Pop,2007
13799,2078,CoverOf,Blues Rock,2026,Indie Pop,2026
13800,16719,CoverOf,Psychedelic Rock,2019,,
13800,9884,InterpolatesFrom,Psychedelic Rock,2019,Psychedelic Rock,2009
13800,1229,CoverOf,Psychedelic Rock,2019,Dream Pop,2013
13800,9488,LyricalReferenceTo,Psychedelic Rock,2019,Synthwave,2012
13805,15622,InStyleOf,,,Doom Metal,1997
13808,16317,CoverOf,Dream Pop,2028,Indie Folk,2000
13811,9772,CoverOf,,,Indie Pop,1997
13813,16665,InStyleOf,,,Doom Metal,2017
13813,15881,DirectlySamples,,,Synthwave,2016
13813,11097,CoverOf,,,Darkwave,2019
13817,8245,LyricalReferenceTo,Space Rock,2027,,
13817,11331,LyricalReferenceTo,Space Rock,2027,,
13817,14223,InterpolatesFrom,Space Rock,2027,Psychedelic Rock,2024
13817,13302,InterpolatesFrom,Space Rock,2027,Indie Rock,2020
13817,10342,CoverOf,Space Rock,2027,Dream Pop,2017
13817,12204,InterpolatesFrom,Space Rock,2027,Symphonic Metal,2024
13817,9335,CoverOf,Space Rock,2027,Indie Rock,2016
13817,10281,CoverOf,Space Rock,2027,Synthwave,2016
13817,9995,CoverOf,Space Rock,2027,Dream Pop,2018
13819,7671,InterpolatesFrom,Indie Rock,1995,Alternative Rock,1983
13820,10417,LyricalReferenceTo,Lo-Fi Electronica,2025,Lo-Fi Electronica,2010
13820,2848,DirectlySamples,Lo-Fi Electronica,2025,Lo-Fi Electronica,2010
13820,11677,InStyleOf,Lo-Fi Electronica,2025,Lo-Fi Electronica,2009
13820,827,CoverOf,Lo-Fi Electronica,2025,Lo-Fi Electronica,2006
13820,14566,LyricalReferenceTo,Lo-Fi Electronica,2025,,
13820,5214,DirectlySamples,Lo-Fi Electronica,2025,Lo-Fi Electronica,2012
13820,14045,LyricalReferenceTo,Lo-Fi Electronica,2025,Lo-Fi Electronica,2011
13821,11339,InStyleOf,Doom Metal,2023,Indie Rock,2024
13824,5887,CoverOf,,,Doom Metal,1997
13824,15622,CoverOf,,,Doom Metal,1997
13832,7531,CoverOf,Blues Rock,2004,Southern Gothic Rock,1992
13832,7891,InStyleOf,Blues Rock,2004,Blues Rock,1995
13834,8630,DirectlySamples,Synthwave,2023,Indie Folk,2010
13834,14987,CoverOf,Synthwave,2023,Doom Metal,2017
13841,8038,InStyleOf,Dream Pop,2018,,
13842,9360,InStyleOf,,,,
13842,3451,CoverOf,,,,
13842,14223,InterpolatesFrom,,,Psychedelic Rock,2024
13842,11217,InStyleOf,,,Dream Pop,2008
13842,11276,CoverOf,,,Dream Pop,2024
13848,10249,InStyleOf,Jazz Surf Rock,2012,Synthwave,2004
13850,9007,LyricalReferenceTo,Doom Metal,2024,Doom Metal,2004
13850,6628,InStyleOf,Doom Metal,2024,,
13850,10358,InterpolatesFrom,Doom Metal,2024,,
13852,445,InStyleOf,Dream Pop,2029,,
13861,892,DirectlySamples,Doom Metal,2023,,
13866,12673,InterpolatesFrom,,,Americana,2013
13873,12817,InStyleOf,Synthwave,2016,Synthwave,2000
13874,14678,LyricalReferenceTo,,,Southern Gothic Rock,1993
13874,15456,CoverOf,,,Southern Gothic Rock,1999
13875,13681,LyricalReferenceTo,Desert Rock,2023,Indie Folk,2010
13875,13758,InStyleOf,Desert Rock,2023,Indie Folk,2013
13888,1884,InterpolatesFrom,Doom Metal,2020,,
13888,298,LyricalReferenceTo,Doom Metal,2020,Indie Folk,2013
13888,2867,LyricalReferenceTo,Doom Metal,2020,Doom Metal,2009
13891,14512,InStyleOf,Lo-Fi Electronica,1998,Lo-Fi Electronica,1997
13893,15547,DirectlySamples,Dream Pop,2024,Dream Pop,2018
13900,10155,InStyleOf,Dream Pop,2017,,
13904,8937,InterpolatesFrom,Indie Folk,2020,,
13913,14994,CoverOf,,,Indie Folk,1997
13916,699,LyricalReferenceTo,Dream Pop,2029,Dream Pop,2023
13916,3451,LyricalReferenceTo,Dream Pop,2029,,
13922,10549,InterpolatesFrom,,,Indie Pop,1993
13922,8997,InStyleOf,,,Southern Gothic Rock,2009
13922,5110,InStyleOf,,,Indie Pop,1991
13923,16508,CoverOf,,,,
13930,12616,LyricalReferenceTo,Southern Gothic Rock,2009,,
13930,3407,LyricalReferenceTo,Southern Gothic Rock,2009,Southern Gothic Rock,1987
13930,449,InStyleOf,Southern Gothic Rock,2009,Southern Gothic Rock,2004
13930,10600,InterpolatesFrom,Southern Gothic Rock,2009,Alternative Rock,2005
13931,13010,InStyleOf,Southern Gothic Rock,2016,Southern Gothic Rock,2009
13931,10480,LyricalReferenceTo,Southern Gothic Rock,2016,Indie Pop,2003
13933,3349,LyricalReferenceTo,,,Indie Pop,2002
13933,2333,CoverOf,,,Indie Pop,2000
13933,9772,InterpolatesFrom,,,Indie Pop,1997
13933,11368,LyricalReferenceTo,,,Southern Gothic Rock,2004
13933,14658,InStyleOf,,,,
13933,12475,LyricalReferenceTo,,,Southern Gothic Rock,1997
13933,1411,InStyleOf,,,Southern Gothic Rock,2013
13933,1772,LyricalReferenceTo,,,Southern Gothic Rock,2010
13934,15515,LyricalReferenceTo,Indie Folk,2026,,
13934,10709,CoverOf,Indie Folk,2026,,
13934,11815,CoverOf,Indie Folk,2026,Indie Folk,2017
13945,1502,InStyleOf,Dream Pop,2029,Psychedelic Rock,2018
13945,445,InterpolatesFrom,Dream Pop,2029,,
13955,8230,CoverOf,,,Emo/Pop Punk,1989
13956,219,LyricalReferenceTo,,,Dream Pop,1997
13956,8750,CoverOf,,,,
13957,699,CoverOf,Indie Rock,2026,Dream Pop,2023
13957,3850,InStyleOf,Indie Rock,2026,Indie Rock,2024
13969,10002,CoverOf,Jazz Surf Rock,2022,Jazz Surf Rock,2013
13973,6777,InterpolatesFrom,Doom Metal,2023,Psychedelic Rock,2013
13973,10342,CoverOf,Doom Metal,2023,Dream Pop,2017
13976,4413,InStyleOf,Indie Rock,2026,Symphonic Metal,2010
13984,4854,InStyleOf,Indie Pop,2026,Southern Gothic Rock,2004
13984,13357,LyricalReferenceTo,Indie Pop,2026,,
13984,5110,LyricalReferenceTo,Indie Pop,2026,Indie Pop,1991
13984,5839,LyricalReferenceTo,Indie Pop,2026,Southern Gothic Rock,2006
13984,4609,CoverOf,Indie Pop,2026,Avant-Garde Folk,1997
13984,15456,InStyleOf,Indie Pop,2026,Southern Gothic Rock,1999
13984,5279,InStyleOf,Indie Pop,2026,Indie Pop,1998
13985,14768,CoverOf,Lo-Fi Electronica,2013,Lo-Fi Electronica,2005
13985,10417,LyricalReferenceTo,Lo-Fi Electronica,2013,Lo-Fi Electronica,2010
13985,2167,InStyleOf,Lo-Fi Electronica,2013,Lo-Fi Electronica,2007
13985,4781,LyricalReferenceTo,Lo-Fi Electronica,2013,Lo-Fi Electronica,2003
13985,827,InStyleOf,Lo-Fi Electronica,2013,Lo-Fi Electronica,2006
13985,11677,InStyleOf,Lo-Fi Electronica,2013,Lo-Fi Electronica,2009
13990,15622,InStyleOf,Post-Apocalyptic Folk,2012,Doom Metal,1997
13994,2470,InStyleOf,Dream Pop,2020,Dream Pop,2012
14003,15473,DirectlySamples,Synthwave,2028,Synthwave,2024
14007,16179,DirectlySamples,Southern Gothic Rock,2021,Southern Gothic Rock,2009
14007,8927,CoverOf,Southern Gothic Rock,2021,,
14007,12665,InStyleOf,Southern Gothic Rock,2021,Southern Gothic Rock,2012
14011,12979,InterpolatesFrom,Southern Gothic Rock,2017,,
14011,6745,InStyleOf,Southern Gothic Rock,2017,Indie Pop,1994
14011,5110,InStyleOf,Southern Gothic Rock,2017,Indie Pop,1991
14011,16495,InStyleOf,Southern Gothic Rock,2017,Southern Gothic Rock,1997
14011,6868,LyricalReferenceTo,Southern Gothic Rock,2017,,
14011,10549,LyricalReferenceTo,Southern Gothic Rock,2017,Indie Pop,1993
14011,8997,InStyleOf,Southern Gothic Rock,2017,Southern Gothic Rock,2009
14014,12237,CoverOf,Dream Pop,2024,Indie Rock,2023
14014,3939,CoverOf,Dream Pop,2024,Space Rock,2013
14023,4583,DirectlySamples,,,Speed Metal,1983
14023,15343,CoverOf,,,Speed Metal,1987
14025,1461,InterpolatesFrom,,,,
14030,10709,DirectlySamples,Indie Folk,2023,,
14030,438,LyricalReferenceTo,Indie Folk,2023,Dream Pop,2010
14035,3376,InStyleOf,Doom Metal,2020,Desert Rock,2013
14039,16019,InStyleOf,Americana,2017,Doom Metal,1997
14045,14512,InStyleOf,Lo-Fi Electronica,2011,Lo-Fi Electronica,1997
14045,13335,InStyleOf,Lo-Fi Electronica,2011,Lo-Fi Electronica,2002
14045,827,InStyleOf,Lo-Fi Electronica,2011,Lo-Fi Electronica,2006
14047,16276,CoverOf,Space Rock,2022,Oceanus Folk,2020
14047,12617,InterpolatesFrom,Space Rock,2022,Americana,2020
14048,6901,LyricalReferenceTo,Indie Folk,2017,Indie Folk,2010
14053,292,InterpolatesFrom,,,Dream Pop,2016
14057,10747,CoverOf,Synthwave,2023,Dream Pop,2019
14057,9335,InStyleOf,Synthwave,2023,Indie Rock,2016
14057,10281,DirectlySamples,Synthwave,2023,Synthwave,2016
14058,3310,InterpolatesFrom,Space Rock,2027,Dream Pop,2014
14066,16652,InStyleOf,Southern Gothic Rock,2029,Alternative Rock,2027
14067,4059,LyricalReferenceTo,Indie Rock,2028,Doom Metal,2013
14080,16292,CoverOf,Dream Pop,2026,Darkwave,2025
14082,438,InStyleOf,,,Dream Pop,2010
14088,14514,CoverOf,Desert Rock,2029,Indie Folk,2017
14088,1326,InterpolatesFrom,Desert Rock,2029,Jazz Surf Rock,1996
14091,13332,InStyleOf,Synthwave,2023,Darkwave,2022
14091,7534,InStyleOf,Synthwave,2023,Darkwave,2012
14094,8050,DirectlySamples,Speed Metal,1998,,
14094,11572,InterpolatesFrom,Speed Metal,1998,Speed Metal,1995
14095,16616,InStyleOf,Synthwave,2027,Post-Apocalyptic Folk,2020
14095,10111,InterpolatesFrom,Synthwave,2027,Darkwave,2019
14095,3362,InterpolatesFrom,Synthwave,2027,Synthwave,2022
14099,14266,CoverOf,Indie Folk,2023,,
14102,2944,InStyleOf,Psychedelic Rock,2028,Dream Pop,2023
14107,7799,InterpolatesFrom,Blues Rock,2020,Blues Rock,1992
14109,9817,InterpolatesFrom,Indie Pop,1993,,
14112,10010,InterpolatesFrom,,,Synthwave,2010
14112,7435,InterpolatesFrom,,,Psychedelic Rock,2010
14112,8018,LyricalReferenceTo,,,Synthwave,2010
14112,13374,InStyleOf,,,Doom Metal,2013
14112,13747,LyricalReferenceTo,,,Doom Metal,2010
14112,438,InStyleOf,,,Dream Pop,2010
14112,5119,InterpolatesFrom,,,Psychedelic Rock,2011
14112,15673,InterpolatesFrom,,,Darkwave,2017
14117,6762,InterpolatesFrom,Symphonic Metal,2020,Symphonic Metal,2007
14120,14485,InterpolatesFrom,Dream Pop,2028,,
14124,9048,CoverOf,Indie Rock,1986,Indie Rock,1984
14125,5887,DirectlySamples,Indie Folk,2017,Doom Metal,1997
14128,12821,InterpolatesFrom,Blues Rock,1994,Blues Rock,1991
14129,10596,InterpolatesFrom,Desert Rock,2025,Indie Folk,2013
14129,3376,DirectlySamples,Desert Rock,2025,Desert Rock,2013
14134,4781,InterpolatesFrom,Lo-Fi Electronica,2029,Lo-Fi Electronica,2003
14134,9122,LyricalReferenceTo,Lo-Fi Electronica,2029,,
14134,966,DirectlySamples,Lo-Fi Electronica,2029,Lo-Fi Electronica,2003
14141,10358,InterpolatesFrom,Doom Metal,2023,,
14141,9770,CoverOf,Doom Metal,2023,,
14143,1611,LyricalReferenceTo,Darkwave,2017,Indie Rock,2015
14146,12089,InStyleOf,Jazz Surf Rock,2028,,
14146,16620,InterpolatesFrom,Jazz Surf Rock,2028,,
14146,597,InStyleOf,Jazz Surf Rock,2028,,
14153,3672,LyricalReferenceTo,Indie Folk,2007,Synthwave,2004
14153,15501,InterpolatesFrom,Indie Folk,2007,Indie Folk,1991
14154,7128,InStyleOf,Dream Pop,1998,Dream Pop,1992
14156,6901,InStyleOf,Indie Folk,2019,Indie Folk,2010
14159,15703,InterpolatesFrom,Dream Pop,2018,,
14165,14442,InStyleOf,Jazz Surf Rock,2026,Jazz Surf Rock,2000
14165,8820,CoverOf,Jazz Surf Rock,2026,Jazz Surf Rock,2007
14165,12089,CoverOf,Jazz Surf Rock,2026,,
14165,1326,InStyleOf,Jazz Surf Rock,2026,Jazz Surf Rock,1996
14165,9754,CoverOf,Jazz Surf Rock,2026,,
14167,3160,InStyleOf,Indie Folk,2026,Symphonic Metal,2017
14175,11677,LyricalReferenceTo,Emo/Pop Punk,2031,Lo-Fi Electronica,2009
14175,13985,InterpolatesFrom,Emo/Pop Punk,2031,Lo-Fi Electronica,2013
14175,827,DirectlySamples,Emo/Pop Punk,2031,Lo-Fi Electronica,2006
14175,5088,LyricalReferenceTo,Emo/Pop Punk,2031,Lo-Fi Electronica,2026
14175,14566,DirectlySamples,Emo/Pop Punk,2031,,
14175,11467,InStyleOf,Emo/Pop Punk,2031,Lo-Fi Electronica,2013
14175,13567,CoverOf,Emo/Pop Punk,2031,,
14175,15004,LyricalReferenceTo,Emo/Pop Punk,2031,Lo-Fi Electronica,2022
14177,9205,InStyleOf,,,Desert Rock,2013
14182,3362,InterpolatesFrom,Dream Pop,2027,Synthwave,2022
14182,11097,InterpolatesFrom,Dream Pop,2027,Darkwave,2019
14182,7278,InStyleOf,Dream Pop,2027,Synthwave,2022
14187,5808,InterpolatesFrom,Synthwave,2023,,
14187,13014,DirectlySamples,Synthwave,2023,Indie Rock,2020
14187,16019,CoverOf,Synthwave,2023,Doom Metal,1997
14191,11122,LyricalReferenceTo,Dream Pop,2026,Americana,2019
14191,12673,InStyleOf,Dream Pop,2026,Americana,2013
14197,5372,CoverOf,Indie Rock,2027,Indie Folk,2013
14197,10931,LyricalReferenceTo,Indie Rock,2027,Indie Rock,2020
14198,1841,CoverOf,Oceanus Folk,2022,Indie Folk,2010
14202,11141,InStyleOf,Psychedelic Rock,2017,,
14204,13364,DirectlySamples,Doom Metal,2013,,
14204,4652,DirectlySamples,Doom Metal,2013,,
14204,10358,InterpolatesFrom,Doom Metal,2013,,
14210,2510,CoverOf,Jazz Surf Rock,2000,Dream Pop,1981
14210,13421,DirectlySamples,Jazz Surf Rock,2000,Dream Pop,1994
14211,1545,InterpolatesFrom,Dream Pop,2021,Dream Pop,2013
14216,13654,InterpolatesFrom,Alternative Rock,2014,Southern Gothic Rock,2000
14216,5994,CoverOf,Alternative Rock,2014,Southern Gothic Rock,2011
14217,4830,InterpolatesFrom,Southern Gothic Rock,2003,Alternative Rock,1997
14220,6994,LyricalReferenceTo,Oceanus Folk,2026,Oceanus Folk,2017
14220,16400,InterpolatesFrom,Oceanus Folk,2026,Oceanus Folk,2023
14220,3367,CoverOf,Oceanus Folk,2026,Oceanus Folk,2023
14220,16259,CoverOf,Oceanus Folk,2026,Indie Folk,2023
14220,3688,CoverOf,Oceanus Folk,2026,Doom Metal,2026
14220,15441,InStyleOf,Oceanus Folk,2026,Oceanus Folk,2017
14223,9528,InterpolatesFrom,Psychedelic Rock,2024,Psychedelic Rock,2020
14237,6461,InStyleOf,Doom Metal,1997,,
14237,14823,InterpolatesFrom,Doom Metal,1997,Dream Pop,1987
14239,16724,InStyleOf,Speed Metal,2020,Speed Metal,2000
14239,14976,InStyleOf,Speed Metal,2020,Speed Metal,2010
14239,2202,CoverOf,Speed Metal,2020,,
14240,11939,LyricalReferenceTo,Alternative Rock,2031,,
14240,16670,CoverOf,Alternative Rock,2031,Lo-Fi Electronica,2018
14242,4604,CoverOf,Post-Apocalyptic Folk,2026,,
14250,9884,InterpolatesFrom,Indie Rock,2028,Psychedelic Rock,2009
14250,11768,DirectlySamples,Indie Rock,2028,Dream Pop,2024
14250,6725,CoverOf,Indie Rock,2028,,
14256,6901,CoverOf,Dream Pop,2026,Indie Folk,2010
14256,9657,LyricalReferenceTo,Dream Pop,2026,,
14264,7026,InStyleOf,Americana,2000,Americana,1983
14269,5726,LyricalReferenceTo,Alternative Rock,2031,Alternative Rock,2010
14269,6210,CoverOf,Alternative Rock,2031,Alternative Rock,2022
14269,6735,LyricalReferenceTo,Alternative Rock,2031,Alternative Rock,2008
14269,15645,LyricalReferenceTo,Alternative Rock,2031,Alternative Rock,2023
14279,2167,LyricalReferenceTo,Lo-Fi Electronica,2024,Lo-Fi Electronica,2007
14279,14768,InStyleOf,Lo-Fi Electronica,2024,Lo-Fi Electronica,2005
14279,827,InStyleOf,Lo-Fi Electronica,2024,Lo-Fi Electronica,2006
14279,4781,CoverOf,Lo-Fi Electronica,2024,Lo-Fi Electronica,2003
14279,11467,LyricalReferenceTo,Lo-Fi Electronica,2024,Lo-Fi Electronica,2013
14285,12294,InStyleOf,Post-Apocalyptic Folk,2027,Alternative Rock,2019
14285,7555,InterpolatesFrom,Post-Apocalyptic Folk,2027,Space Rock,2024
14285,14987,InterpolatesFrom,Post-Apocalyptic Folk,2027,Doom Metal,2017
14285,6008,InStyleOf,Post-Apocalyptic Folk,2027,Indie Rock,2017
14288,6745,CoverOf,Blues Rock,2023,Indie Pop,1994
14288,13357,CoverOf,Blues Rock,2023,,
14288,6868,InStyleOf,Blues Rock,2023,,
14288,8814,LyricalReferenceTo,Blues Rock,2023,Alternative Rock,1994
14288,16495,InterpolatesFrom,Blues Rock,2023,Southern Gothic Rock,1997
14288,11144,InterpolatesFrom,Blues Rock,2023,,
14289,10616,InStyleOf,Dream Pop,2023,Indie Folk,2013
14289,12594,DirectlySamples,Dream Pop,2023,Dream Pop,2003
14293,4770,DirectlySamples,Americana,2023,Synthwave,2007
14295,13956,InStyleOf,Jazz Surf Rock,2000,,
14295,219,InterpolatesFrom,Jazz Surf Rock,2000,Dream Pop,1997
14295,9815,CoverOf,Jazz Surf Rock,2000,,
14295,8750,InStyleOf,Jazz Surf Rock,2000,,
14295,5866,InStyleOf,Jazz Surf Rock,2000,,
14296,14086,LyricalReferenceTo,,,Doom Metal,2005
14296,12169,InterpolatesFrom,,,Indie Folk,2020
14296,9085,InStyleOf,,,Doom Metal,2004
14299,10549,InStyleOf,Southern Gothic Rock,2005,Indie Pop,1993
14299,6868,DirectlySamples,Southern Gothic Rock,2005,,
14299,5110,InterpolatesFrom,Southern Gothic Rock,2005,Indie Pop,1991
14299,15456,CoverOf,Southern Gothic Rock,2005,Southern Gothic Rock,1999
14304,1611,InStyleOf,Indie Rock,2020,Indie Rock,2015
14309,12091,InStyleOf,Alternative Rock,2026,Southern Gothic Rock,1997
14309,5075,LyricalReferenceTo,Alternative Rock,2026,Blues Rock,2021
14309,13582,InStyleOf,Alternative Rock,2026,,
14311,5295,LyricalReferenceTo,Indie Rock,2023,,
14311,6680,InStyleOf,Indie Rock,2023,,
14314,4413,InStyleOf,Indie Folk,2020,Symphonic Metal,2010
14314,13220,InterpolatesFrom,Indie Folk,2020,Doom Metal,2013
14316,3451,InStyleOf,Psychedelic Rock,2027,,
14326,13574,InStyleOf,Synthwave,2029,Synthwave,2008
14326,13681,CoverOf,Synthwave,2029,Indie Folk,2010
14326,5021,InStyleOf,Synthwave,2029,Jazz Surf Rock,2024
14329,7116,InterpolatesFrom,Synthwave,2026,Doom Metal,2007
14329,6006,CoverOf,Synthwave,2026,Doom Metal,2004
14332,5643,CoverOf,Lo-Fi Electronica,2020,Lo-Fi Electronica,2011
14332,9122,CoverOf,Lo-Fi Electronica,2020,,
14332,15024,LyricalReferenceTo,Lo-Fi Electronica,2020,Lo-Fi Electronica,2013
14332,2167,InterpolatesFrom,Lo-Fi Electronica,2020,Lo-Fi Electronica,2007
14332,11327,LyricalReferenceTo,Lo-Fi Electronica,2020,Lo-Fi Electronica,1998
14332,827,CoverOf,Lo-Fi Electronica,2020,Lo-Fi Electronica,2006
14332,8680,LyricalReferenceTo,Lo-Fi Electronica,2020,,
14332,15570,CoverOf,Lo-Fi Electronica,2020,Lo-Fi Electronica,2014
14333,11736,DirectlySamples,Post-Apocalyptic Folk,2024,Symphonic Metal,2013
14333,6051,LyricalReferenceTo,Post-Apocalyptic Folk,2024,,
14333,15622,InStyleOf,Post-Apocalyptic Folk,2024,Doom Metal,1997
14333,10673,DirectlySamples,Post-Apocalyptic Folk,2024,Doom Metal,2013
14333,9230,InterpolatesFrom,Post-Apocalyptic Folk,2024,Dream Pop,2018
14333,15333,InStyleOf,Post-Apocalyptic Folk,2024,Indie Rock,2011
14333,4348,CoverOf,Post-Apocalyptic Folk,2024,Oceanus Folk,2004
14342,11546,InStyleOf,Dream Pop,2010,Synthwave,1992
14344,7713,InStyleOf,Alternative Rock,2013,Alternative Rock,1996
14346,9085,InterpolatesFrom,Doom Metal,2004,Doom Metal,2004
14347,6329,InStyleOf,Blues Rock,2017,,
14347,12807,InterpolatesFrom,Blues Rock,2017,Blues Rock,2000
14351,15633,InterpolatesFrom,,,Alternative Rock,2007
14351,12010,DirectlySamples,,,Alternative Rock,2003
14351,14749,InStyleOf,,,Alternative Rock,2010
14352,14086,InStyleOf,Doom Metal,2023,Doom Metal,2005
14373,14994,CoverOf,Synthwave,2020,Indie Folk,1997
14376,12997,DirectlySamples,Alternative Rock,2005,Alternative Rock,1987
14378,2679,InStyleOf,Blues Rock,2023,Blues Rock,2007
14378,13197,LyricalReferenceTo,Blues Rock,2023,Blues Rock,1997
14379,15383,InterpolatesFrom,,,Doom Metal,2007
14379,5425,InStyleOf,,,Doom Metal,2013
14397,12723,InterpolatesFrom,Synthpop,2028,,
14406,13413,InStyleOf,Dream Pop,2026,Indie Folk,2022
14411,12710,InterpolatesFrom,,,,
14411,3310,LyricalReferenceTo,,,Dream Pop,2014
14411,10968,InStyleOf,,,Synthwave,2019
14411,5356,InStyleOf,,,Psychedelic Rock,2016
14416,4352,CoverOf,Dream Pop,2027,Oceanus Folk,2028
14421,15622,LyricalReferenceTo,,,Doom Metal,1997
14424,14112,InterpolatesFrom,Dream Pop,2025,,
14424,9308,LyricalReferenceTo,Dream Pop,2025,Dream Pop,2022
14424,764,CoverOf,Dream Pop,2025,Dream Pop,2021
14429,1333,InterpolatesFrom,Jazz Surf Rock,2030,Jazz Surf Rock,2010
14429,12089,CoverOf,Jazz Surf Rock,2030,,
14429,16551,InStyleOf,Jazz Surf Rock,2030,Southern Gothic Rock,2013
14429,3094,InStyleOf,Jazz Surf Rock,2030,Jazz Surf Rock,2023
14429,16162,LyricalReferenceTo,Jazz Surf Rock,2030,,
14432,3376,InStyleOf,Doom Metal,2023,Desert Rock,2013
14432,144,InterpolatesFrom,Doom Metal,2023,Indie Folk,2020
14435,13023,LyricalReferenceTo,Indie Pop,2010,Indie Pop,2003
14436,4770,LyricalReferenceTo,Indie Rock,2017,Synthwave,2007
14436,5452,LyricalReferenceTo,Indie Rock,2017,Doom Metal,2007
14436,4884,CoverOf,Indie Rock,2017,Doom Metal,2004
14436,15622,InterpolatesFrom,Indie Rock,2017,Doom Metal,1997
14436,1977,LyricalReferenceTo,Indie Rock,2017,,
14438,2279,InterpolatesFrom,Alternative Rock,2004,Dream Pop,2005
14439,13335,LyricalReferenceTo,Lo-Fi Electronica,2029,Lo-Fi Electronica,2002
14439,4781,InterpolatesFrom,Lo-Fi Electronica,2029,Lo-Fi Electronica,2003
14439,14512,LyricalReferenceTo,Lo-Fi Electronica,2029,Lo-Fi Electronica,1997
14439,827,LyricalReferenceTo,Lo-Fi Electronica,2029,Lo-Fi Electronica,2006
14439,11327,InStyleOf,Lo-Fi Electronica,2029,Lo-Fi Electronica,1998
14439,6785,DirectlySamples,Lo-Fi Electronica,2029,Lo-Fi Electronica,2002
14439,2277,InStyleOf,Lo-Fi Electronica,2029,Lo-Fi Electronica,2004
14439,12373,InterpolatesFrom,Lo-Fi Electronica,2029,Lo-Fi Electronica,2005
14439,1265,InterpolatesFrom,Lo-Fi Electronica,2029,,
14439,10574,InterpolatesFrom,Lo-Fi Electronica,2029,Lo-Fi Electronica,2007
14439,966,InterpolatesFrom,Lo-Fi Electronica,2029,Lo-Fi Electronica,2003
14439,14768,InStyleOf,Lo-Fi Electronica,2029,Lo-Fi Electronica,2005
14439,6072,LyricalReferenceTo,Lo-Fi Electronica,2029,Synthwave,1998
14439,2467,InStyleOf,Lo-Fi Electronica,2029,,
14442,1326,InStyleOf,Jazz Surf Rock,2000,Jazz Surf Rock,1996
14442,12089,CoverOf,Jazz Surf Rock,2000,,
14442,9754,InStyleOf,Jazz Surf Rock,2000,,
14443,6271,InStyleOf,Alternative Rock,2010,,
14444,13563,LyricalReferenceTo,,,,
14444,11679,LyricalReferenceTo,,,Oceanus Folk,2026
14444,10406,InStyleOf,,,Oceanus Folk,2023
14446,15622,InterpolatesFrom,Alternative Rock,2013,Doom Metal,1997
14454,11127,LyricalReferenceTo,Psychedelic Rock,2020,Psychedelic Rock,2016
14461,6777,InterpolatesFrom,,,Psychedelic Rock,2013
14466,13361,InStyleOf,Dream Pop,2028,Blues Rock,2011
14469,16524,InterpolatesFrom,Space Rock,2026,Oceanus Folk,2013
14469,13965,InStyleOf,Space Rock,2026,Oceanus Folk,2007
14469,4046,InterpolatesFrom,Space Rock,2026,,
14469,1841,LyricalReferenceTo,Space Rock,2026,Indie Folk,2010
14469,4492,InStyleOf,Space Rock,2026,Space Rock,2018
14474,12721,DirectlySamples,Alternative Rock,2020,Dream Pop,2007
14477,10010,CoverOf,Indie Folk,2024,Synthwave,2010
14481,14038,InterpolatesFrom,Southern Gothic Rock,2020,,
14481,15894,InStyleOf,Southern Gothic Rock,2020,Indie Pop,2014
14482,5455,InStyleOf,Indie Pop,2009,Southern Gothic Rock,1999
14482,3123,DirectlySamples,Indie Pop,2009,Indie Pop,2005
14482,3350,LyricalReferenceTo,Indie Pop,2009,Southern Gothic Rock,1992
14483,13721,LyricalReferenceTo,Synthwave,2029,,
14483,4421,InStyleOf,Synthwave,2029,Jazz Surf Rock,2026
14483,13209,InStyleOf,Synthwave,2029,Post-Apocalyptic Folk,2025
14483,13552,InStyleOf,Synthwave,2029,,
14483,6142,InStyleOf,Synthwave,2029,Symphonic Metal,2029
14485,15242,InterpolatesFrom,,,,
14489,8339,CoverOf,Indie Folk,2023,Indie Folk,2020
14495,16233,InStyleOf,Psychedelic Rock,2013,Psychedelic Rock,2004
14497,14659,CoverOf,Lo-Fi Electronica,2023,Lo-Fi Electronica,2009
14497,8680,LyricalReferenceTo,Lo-Fi Electronica,2023,,
14497,8211,CoverOf,Lo-Fi Electronica,2023,Lo-Fi Electronica,2011
14497,3387,CoverOf,Lo-Fi Electronica,2023,Lo-Fi Electronica,2016
14497,15722,CoverOf,Lo-Fi Electronica,2023,Lo-Fi Electronica,2011
14497,2942,InterpolatesFrom,Lo-Fi Electronica,2023,Southern Gothic Rock,2010
14497,12008,InStyleOf,Lo-Fi Electronica,2023,Lo-Fi Electronica,2014
14497,10574,InStyleOf,Lo-Fi Electronica,2023,Lo-Fi Electronica,2007
14498,11184,DirectlySamples,,,Dream Pop,2028
14498,10659,InStyleOf,,,Dream Pop,2025
14498,13302,InterpolatesFrom,,,Indie Rock,2020
14498,8245,InterpolatesFrom,,,,
14498,10342,InStyleOf,,,Dream Pop,2017
14498,12043,InStyleOf,,,Dream Pop,2023
14498,10281,InterpolatesFrom,,,Synthwave,2016
14505,3239,InStyleOf,Southern Gothic Rock,2024,Southern Gothic Rock,2003
14510,6504,LyricalReferenceTo,,,Indie Pop,2010
14510,2942,InStyleOf,,,Southern Gothic Rock,2010
14510,15894,CoverOf,,,Indie Pop,2014
14510,14038,LyricalReferenceTo,,,,
14513,15408,InStyleOf,Blues Rock,2002,,
14513,7723,InterpolatesFrom,Blues Rock,2002,,
14522,13255,LyricalReferenceTo,,,Indie Folk,2017
14524,14647,LyricalReferenceTo,,,Dream Pop,2022
14524,10659,InStyleOf,,,Dream Pop,2025
14527,10937,CoverOf,Emo/Pop Punk,2013,,
14527,11240,InterpolatesFrom,Emo/Pop Punk,2013,Emo/Pop Punk,2004
14527,6245,CoverOf,Emo/Pop Punk,2013,Emo/Pop Punk,1989
14527,6397,InterpolatesFrom,Emo/Pop Punk,2013,Emo/Pop Punk,2011
14527,9473,CoverOf,Emo/Pop Punk,2013,,
14528,13324,InStyleOf,Space Rock,2024,Oceanus Folk,2004
14535,10848,InStyleOf,Indie Pop,2025,,
14538,3879,LyricalReferenceTo,,,,
14543,7254,InStyleOf,Indie Folk,2016,,
14544,15818,LyricalReferenceTo,Alternative Rock,2030,Alternative Rock,1981
14547,7278,DirectlySamples,,,Synthwave,2022
14557,14784,CoverOf,,,Synthwave,1999
14557,454,CoverOf,,,Synthwave,1998
14557,15089,InterpolatesFrom,,,Synthwave,1999
14557,6072,InStyleOf,,,Synthwave,1998
14559,10585,LyricalReferenceTo,Synthwave,2030,,
14562,4784,InStyleOf,,,Dream Pop,2023
14566,966,InterpolatesFrom,,,Lo-Fi Electronica,2003
14567,11830,InterpolatesFrom,Dream Pop,2026,Synthwave,2000
14567,15642,InStyleOf,Dream Pop,2026,Dream Pop,2013
14567,8495,LyricalReferenceTo,Dream Pop,2026,Synthwave,2004
14567,9557,DirectlySamples,Dream Pop,2026,Dream Pop,2020
14575,8840,LyricalReferenceTo,Dream Pop,2013,Indie Rock,2004
14580,1524,DirectlySamples,Alternative Rock,2023,Psychedelic Rock,2009
14580,11793,LyricalReferenceTo,Alternative Rock,2023,Dream Pop,1991
14580,16441,LyricalReferenceTo,Alternative Rock,2023,Psychedelic Rock,1999
14584,10815,InterpolatesFrom,Dream Pop,2029,Indie Rock,2025
14589,14569,InStyleOf,Americana,2027,Synthpop,2017
14593,11980,LyricalReferenceTo,Indie Rock,2023,Synthwave,2020
14594,6006,InterpolatesFrom,Americana,2020,Doom Metal,2004
14599,13364,LyricalReferenceTo,Americana,2019,,
14599,6006,InStyleOf,Americana,2019,Doom Metal,2004
14602,14987,LyricalReferenceTo,Dream Pop,2027,Doom Metal,2017
14602,4770,DirectlySamples,Dream Pop,2027,Synthwave,2007
14602,312,LyricalReferenceTo,Dream Pop,2027,,
14602,4453,InStyleOf,Dream Pop,2027,Indie Folk,2013
14606,1884,InStyleOf,Synthwave,2025,,
14606,3376,InStyleOf,Synthwave,2025,Desert Rock,2013
14609,12599,LyricalReferenceTo,Dream Pop,2016,Alternative Rock,2011
14609,10249,InStyleOf,Dream Pop,2016,Synthwave,2004
14610,3407,LyricalReferenceTo,Southern Gothic Rock,1991,Southern Gothic Rock,1987
14611,11574,InStyleOf,,,Indie Rock,2013
14615,1611,LyricalReferenceTo,Space Rock,2029,Indie Rock,2015
14618,14994,InterpolatesFrom,Indie Folk,2013,Indie Folk,1997
14621,9884,LyricalReferenceTo,Psychedelic Rock,2021,Psychedelic Rock,2009
14626,10673,InStyleOf,Synthwave,2024,Doom Metal,2013
14626,7116,CoverOf,Synthwave,2024,Doom Metal,2007
14627,9883,LyricalReferenceTo,Synthwave,2027,Doom Metal,2017
14628,14670,InterpolatesFrom,,,Alternative Rock,1984
14629,16233,CoverOf,,,Psychedelic Rock,2004
14637,6869,InterpolatesFrom,Darkwave,2026,Darkwave,2004
14640,9884,LyricalReferenceTo,Dream Pop,2017,Psychedelic Rock,2009
14640,13324,InterpolatesFrom,Dream Pop,2017,Oceanus Folk,2004
14640,3501,InStyleOf,Dream Pop,2017,Oceanus Folk,2007
14644,11115,DirectlySamples,Avant-Garde Folk,2010,Avant-Garde Folk,1992
14644,6454,InStyleOf,Avant-Garde Folk,2010,Indie Pop,1991
14645,10673,LyricalReferenceTo,Doom Metal,2017,Doom Metal,2013
14645,7886,CoverOf,Doom Metal,2017,,
14652,2691,DirectlySamples,Oceanus Folk,2020,,
14652,8148,CoverOf,Oceanus Folk,2020,Oceanus Folk,2009
14658,12475,CoverOf,,,Southern Gothic Rock,1997
14658,11368,CoverOf,,,Southern Gothic Rock,2004
14658,2333,CoverOf,,,Indie Pop,2000
14658,9772,LyricalReferenceTo,,,Indie Pop,1997
14658,13654,InStyleOf,,,Southern Gothic Rock,2000
14658,3349,DirectlySamples,,,Indie Pop,2002
14662,11558,InterpolatesFrom,Alternative Rock,2024,Alternative Rock,2015
14662,3249,LyricalReferenceTo,Alternative Rock,2024,Alternative Rock,1996
14662,4880,DirectlySamples,Alternative Rock,2024,Alternative Rock,2016
14666,13027,CoverOf,,,Oceanus Folk,2026
14666,14223,InStyleOf,,,Psychedelic Rock,2024
14666,8233,CoverOf,,,Oceanus Folk,2010
14666,8263,LyricalReferenceTo,,,Psychedelic Rock,2022
14671,5704,DirectlySamples,Emo/Pop Punk,2002,Emo/Pop Punk,1995
14671,4749,CoverOf,Emo/Pop Punk,2002,,
14672,6628,CoverOf,Doom Metal,2010,,
14672,15622,InStyleOf,Doom Metal,2010,Doom Metal,1997
14672,3668,InStyleOf,Doom Metal,2010,Doom Metal,2004
14675,15388,InStyleOf,Avant-Garde Folk,2025,Avant-Garde Folk,2015
14675,1539,InterpolatesFrom,Avant-Garde Folk,2025,Indie Pop,2019
14675,15964,InStyleOf,Avant-Garde Folk,2025,Avant-Garde Folk,2017
14675,11365,CoverOf,Avant-Garde Folk,2025,Southern Gothic Rock,2016
14676,11558,CoverOf,Alternative Rock,2031,Alternative Rock,2015
14683,11831,LyricalReferenceTo,,,,
14691,11300,InStyleOf,Dream Pop,2026,,
14696,3724,LyricalReferenceTo,Synthpop,2026,Synthwave,2020
14696,14864,InStyleOf,Synthpop,2026,Dream Pop,2021
14697,8910,InterpolatesFrom,Alternative Rock,2030,Southern Gothic Rock,2019
14697,12041,InStyleOf,Alternative Rock,2030,Southern Gothic Rock,2004
14699,8787,InStyleOf,,,Dream Pop,2017
14700,10141,InStyleOf,Southern Gothic Rock,2009,Speed Metal,2008
14701,15687,InStyleOf,Lo-Fi Electronica,2020,Lo-Fi Electronica,2009
14701,15024,InterpolatesFrom,Lo-Fi Electronica,2020,Lo-Fi Electronica,2013
14701,10417,LyricalReferenceTo,Lo-Fi Electronica,2020,Lo-Fi Electronica,2010
14701,3289,CoverOf,Lo-Fi Electronica,2020,Lo-Fi Electronica,2019
14701,827,DirectlySamples,Lo-Fi Electronica,2020,Lo-Fi Electronica,2006
14702,192,InStyleOf,Dream Pop,2029,Americana,2013
14702,6293,InterpolatesFrom,Dream Pop,2029,Dream Pop,2025
14705,13459,InterpolatesFrom,Alternative Rock,2030,Avant-Garde Folk,2028
14705,15847,DirectlySamples,Alternative Rock,2030,,
14705,1529,InStyleOf,Alternative Rock,2030,Southern Gothic Rock,2010
14707,2867,InStyleOf,Symphonic Metal,2023,Doom Metal,2009
14707,298,CoverOf,Symphonic Metal,2023,Indie Folk,2013
14710,827,InterpolatesFrom,Lo-Fi Electronica,2024,Lo-Fi Electronica,2006
14710,966,CoverOf,Lo-Fi Electronica,2024,Lo-Fi Electronica,2003
14710,13297,InStyleOf,Lo-Fi Electronica,2024,Lo-Fi Electronica,2017
14710,10417,InterpolatesFrom,Lo-Fi Electronica,2024,Lo-Fi Electronica,2010
14710,15024,InStyleOf,Lo-Fi Electronica,2024,Lo-Fi Electronica,2013
14710,14768,LyricalReferenceTo,Lo-Fi Electronica,2024,Lo-Fi Electronica,2005
14710,12489,CoverOf,Lo-Fi Electronica,2024,,
14710,14566,CoverOf,Lo-Fi Electronica,2024,,
14710,11677,InStyleOf,Lo-Fi Electronica,2024,Lo-Fi Electronica,2009
14710,10192,DirectlySamples,Lo-Fi Electronica,2024,,
14710,9122,CoverOf,Lo-Fi Electronica,2024,,
14711,6909,InStyleOf,Indie Folk,2030,Dream Pop,2023
14715,4541,InterpolatesFrom,Psychedelic Rock,2026,Psychedelic Rock,2023
14715,12794,InterpolatesFrom,Psychedelic Rock,2026,Dream Pop,2021
14720,1841,LyricalReferenceTo,Oceanus Folk,2023,Indie Folk,2010
14720,16524,InterpolatesFrom,Oceanus Folk,2023,Oceanus Folk,2013
14727,11241,InterpolatesFrom,Dream Pop,2020,Dream Pop,2018
14732,11280,InStyleOf,Darkwave,2026,Darkwave,2023
14746,1841,DirectlySamples,Oceanus Folk,2013,Indie Folk,2010
14749,15633,InStyleOf,Alternative Rock,2010,Alternative Rock,2007
14749,12010,LyricalReferenceTo,Alternative Rock,2010,Alternative Rock,2003
14750,7224,InterpolatesFrom,Jazz Surf Rock,2028,Oceanus Folk,2022
14750,3025,InterpolatesFrom,Jazz Surf Rock,2028,Oceanus Folk,2017
14754,16495,InStyleOf,Indie Pop,2026,Southern Gothic Rock,1997
14754,11144,LyricalReferenceTo,Indie Pop,2026,,
14754,6868,LyricalReferenceTo,Indie Pop,2026,,
14754,13357,CoverOf,Indie Pop,2026,,
14754,8814,InterpolatesFrom,Indie Pop,2026,Alternative Rock,1994
14754,6745,DirectlySamples,Indie Pop,2026,Indie Pop,1994
14760,5965,InStyleOf,Indie Pop,2026,Indie Pop,2017
14760,15521,LyricalReferenceTo,Indie Pop,2026,Indie Pop,1994
14760,8273,InStyleOf,Indie Pop,2026,Southern Gothic Rock,2000
14760,14863,CoverOf,Indie Pop,2026,Southern Gothic Rock,2014
14767,5826,InStyleOf,,,Desert Rock,2020
14767,3909,InStyleOf,,,Oceanus Folk,2020
14767,3025,InterpolatesFrom,,,Oceanus Folk,2017
14767,1841,DirectlySamples,,,Indie Folk,2010
14768,966,InStyleOf,Lo-Fi Electronica,2005,Lo-Fi Electronica,2003
14768,13335,InStyleOf,Lo-Fi Electronica,2005,Lo-Fi Electronica,2002
14778,14769,InStyleOf,Dream Pop,2026,Synthpop,2020
14778,8681,InterpolatesFrom,Dream Pop,2026,,
14780,7005,DirectlySamples,Lo-Fi Electronica,2015,Emo/Pop Punk,2003
14780,12517,CoverOf,Lo-Fi Electronica,2015,Lo-Fi Electronica,2007
14780,14045,InterpolatesFrom,Lo-Fi Electronica,2015,Lo-Fi Electronica,2011
14780,5643,InStyleOf,Lo-Fi Electronica,2015,Lo-Fi Electronica,2011
14784,11652,CoverOf,Synthwave,1999,Synthwave,1985
14795,16441,InStyleOf,,,Psychedelic Rock,1999
14795,11491,LyricalReferenceTo,,,Psychedelic Rock,2012
14798,10996,LyricalReferenceTo,,,Alternative Rock,2004
14798,1837,DirectlySamples,,,Alternative Rock,2013
14799,8821,InStyleOf,Dream Pop,2011,Alternative Rock,2008
14799,5891,CoverOf,Dream Pop,2011,Dream Pop,2008
14799,2279,LyricalReferenceTo,Dream Pop,2011,Dream Pop,2005
14802,8927,InterpolatesFrom,Southern Gothic Rock,2020,,
14804,16524,InterpolatesFrom,Americana,2027,Oceanus Folk,2013
14809,6008,LyricalReferenceTo,Americana,2023,Indie Rock,2017
14814,4228,InterpolatesFrom,,,Synthwave,2021
14814,11842,DirectlySamples,,,Americana,2020
14814,2649,CoverOf,,,Doom Metal,2013
14828,16319,InterpolatesFrom,,,Dream Pop,2026
14828,1244,CoverOf,,,,
14828,11319,CoverOf,,,,
14828,6443,InStyleOf,,,Indie Rock,2026
14828,4959,CoverOf,,,Indie Rock,2023
14828,6390,InStyleOf,,,,
14828,9916,CoverOf,,,Indie Rock,2018
14828,2360,InStyleOf,,,Indie Rock,2017
14828,6616,LyricalReferenceTo,,,Indie Rock,2011
14828,5911,InterpolatesFrom,,,Indie Rock,2024
14828,6396,LyricalReferenceTo,,,Indie Rock,2017
14828,13832,InterpolatesFrom,,,Blues Rock,2004
14834,4411,InterpolatesFrom,Indie Pop,2017,,
14834,15104,InterpolatesFrom,Indie Pop,2017,Southern Gothic Rock,2016
14835,15185,LyricalReferenceTo,Dream Pop,2030,Synthwave,2017
14840,6363,LyricalReferenceTo,Dream Pop,2019,Dream Pop,1984
14840,6028,CoverOf,Dream Pop,2019,,
14843,14887,LyricalReferenceTo,Psychedelic Rock,2025,,
14854,7754,DirectlySamples,Indie Rock,2014,Synthwave,2007
14855,6672,CoverOf,,,Dream Pop,2013
14855,5061,DirectlySamples,,,,
14859,15622,InterpolatesFrom,Desert Rock,2017,Doom Metal,1997
14862,16585,InStyleOf,Indie Folk,2000,Darkwave,1987
14863,8273,InStyleOf,Southern Gothic Rock,2014,Southern Gothic Rock,2000
14868,7197,InStyleOf,Indie Folk,2026,Symphonic Metal,2022
14875,10709,DirectlySamples,,,,
14880,12146,LyricalReferenceTo,Indie Folk,2026,Indie Rock,2013
14880,2470,InterpolatesFrom,Indie Folk,2026,Dream Pop,2012
14883,11327,LyricalReferenceTo,Lo-Fi Electronica,2020,Lo-Fi Electronica,1998
14884,11980,DirectlySamples,Indie Rock,2023,Synthwave,2020
14884,13558,CoverOf,Indie Rock,2023,Doom Metal,2020
14890,6949,InterpolatesFrom,Desert Rock,2017,Indie Rock,2017
14893,13421,InStyleOf,Synthwave,2007,Dream Pop,1994
14893,1326,CoverOf,Synthwave,2007,Jazz Surf Rock,1996
14896,6624,LyricalReferenceTo,Indie Folk,2013,Indie Folk,2013
14897,16441,InterpolatesFrom,Jazz Surf Rock,2029,Psychedelic Rock,1999
14897,11491,DirectlySamples,Jazz Surf Rock,2029,Psychedelic Rock,2012
14902,9007,InStyleOf,Doom Metal,2020,Doom Metal,2004
14902,10358,DirectlySamples,Doom Metal,2020,,
14904,7531,LyricalReferenceTo,Lo-Fi Electronica,2023,Southern Gothic Rock,1992
14904,5214,InStyleOf,Lo-Fi Electronica,2023,Lo-Fi Electronica,2012
14904,2848,LyricalReferenceTo,Lo-Fi Electronica,2023,Lo-Fi Electronica,2010
14907,13208,InStyleOf,Dream Pop,2020,Dream Pop,2007
14907,9871,InterpolatesFrom,Dream Pop,2020,,
14908,15734,CoverOf,,,Alternative Rock,1997
14908,7034,InterpolatesFrom,,,Alternative Rock,2010
14908,16714,LyricalReferenceTo,,,Alternative Rock,2007
14908,11413,LyricalReferenceTo,,,,
14909,15539,LyricalReferenceTo,Dream Pop,2013,Dream Pop,2012
14909,9524,InStyleOf,Dream Pop,2013,Dream Pop,2006
14909,4283,LyricalReferenceTo,Dream Pop,2013,Dream Pop,2013
14913,15622,CoverOf,Jazz Surf Rock,2025,Doom Metal,1997
14920,12104,InStyleOf,Doom Metal,2023,,
14920,14203,InStyleOf,Doom Metal,2023,Doom Metal,2013
14929,4728,LyricalReferenceTo,Indie Folk,2029,,
14929,11251,InStyleOf,Indie Folk,2029,Indie Folk,2020
14929,9116,CoverOf,Indie Folk,2029,Doom Metal,2020
14929,14118,InterpolatesFrom,Indie Folk,2029,Indie Folk,2017
14933,14965,InStyleOf,Indie Rock,2022,Doom Metal,2010
14940,8888,InterpolatesFrom,Oceanus Folk,2025,Indie Rock,2010
14940,8233,InStyleOf,Oceanus Folk,2025,Oceanus Folk,2010
14940,3367,LyricalReferenceTo,Oceanus Folk,2025,Oceanus Folk,2023
14941,16620,LyricalReferenceTo,Indie Folk,2029,,
14944,966,InterpolatesFrom,,,Lo-Fi Electronica,2003
14944,12373,InStyleOf,,,Lo-Fi Electronica,2005
14948,6006,InterpolatesFrom,Indie Folk,2023,Doom Metal,2004
14951,10673,InStyleOf,,,Doom Metal,2013
14964,8681,LyricalReferenceTo,Dream Pop,2026,,
14964,6885,InterpolatesFrom,Dream Pop,2026,Synthwave,2013
14965,16233,LyricalReferenceTo,Doom Metal,2010,Psychedelic Rock,2004
14976,2202,InterpolatesFrom,Speed Metal,2010,,
14976,16724,CoverOf,Speed Metal,2010,Speed Metal,2000
14976,15343,InStyleOf,Speed Metal,2010,Speed Metal,1987
14976,4583,CoverOf,Speed Metal,2010,Speed Metal,1983
14980,6762,InterpolatesFrom,Darkwave,2010,Symphonic Metal,2007
14987,5887,LyricalReferenceTo,Doom Metal,2017,Doom Metal,1997
14987,8231,InterpolatesFrom,Doom Metal,2017,Synthwave,2010
14987,1841,InterpolatesFrom,Doom Metal,2017,Indie Folk,2010
14987,9884,InStyleOf,Doom Metal,2017,Psychedelic Rock,2009
14987,438,CoverOf,Doom Metal,2017,Dream Pop,2010
14987,12397,InterpolatesFrom,Doom Metal,2017,Dream Pop,2007
14992,14350,InStyleOf,Blues Rock,2024,Southern Gothic Rock,2016
15004,13297,CoverOf,Lo-Fi Electronica,2022,Lo-Fi Electronica,2017
15004,11677,InStyleOf,Lo-Fi Electronica,2022,Lo-Fi Electronica,2009
15004,966,InterpolatesFrom,Lo-Fi Electronica,2022,Lo-Fi Electronica,2003
15004,14768,DirectlySamples,Lo-Fi Electronica,2022,Lo-Fi Electronica,2005
15004,827,LyricalReferenceTo,Lo-Fi Electronica,2022,Lo-Fi Electronica,2006
15005,15388,CoverOf,Indie Pop,2019,Avant-Garde Folk,2015
15005,5212,InStyleOf,Indie Pop,2019,Southern Gothic Rock,2004
15007,9526,InStyleOf,Synthwave,2003,Synthwave,2001
15007,454,LyricalReferenceTo,Synthwave,2003,Synthwave,1998
15009,7116,LyricalReferenceTo,Indie Folk,2017,Doom Metal,2007
15009,10673,LyricalReferenceTo,Indie Folk,2017,Doom Metal,2013
15009,8029,CoverOf,Indie Folk,2017,Desert Rock,2013
15010,15261,CoverOf,Psychedelic Rock,2026,Psychedelic Rock,2022
15015,1455,InterpolatesFrom,Doom Metal,2010,Synthwave,1994
15015,8355,InterpolatesFrom,Doom Metal,2010,Synthwave,1996
15017,11378,LyricalReferenceTo,Oceanus Folk,2023,Indie Folk,2004
15017,1841,InStyleOf,Oceanus Folk,2023,Indie Folk,2010
15017,6994,CoverOf,Oceanus Folk,2023,Oceanus Folk,2017
15024,827,DirectlySamples,Lo-Fi Electronica,2013,Lo-Fi Electronica,2006
15024,966,InStyleOf,Lo-Fi Electronica,2013,Lo-Fi Electronica,2003
15024,11677,CoverOf,Lo-Fi Electronica,2013,Lo-Fi Electronica,2009
15024,10417,InterpolatesFrom,Lo-Fi Electronica,2013,Lo-Fi Electronica,2010
15027,6994,LyricalReferenceTo,,,Oceanus Folk,2017
15027,15646,InStyleOf,,,Oceanus Folk,2010
15032,6368,LyricalReferenceTo,Oceanus Folk,2009,Synthwave,1994
15046,13208,InterpolatesFrom,Dream Pop,2010,Dream Pop,2007
15046,2658,InStyleOf,Dream Pop,2010,Dream Pop,2007
15046,6342,InStyleOf,Dream Pop,2010,Dream Pop,2004
15048,7129,InStyleOf,Desert Rock,2023,Americana,2017
15048,10673,InStyleOf,Desert Rock,2023,Doom Metal,2013
15048,12102,CoverOf,Desert Rock,2023,Synthwave,2020
15048,14272,InterpolatesFrom,Desert Rock,2023,Dream Pop,2022
15048,2608,LyricalReferenceTo,Desert Rock,2023,Doom Metal,2013
15048,9322,LyricalReferenceTo,Desert Rock,2023,Oceanus Folk,2013
15057,10673,CoverOf,Indie Folk,2029,Doom Metal,2013
15057,1939,LyricalReferenceTo,Indie Folk,2029,Space Rock,2026
15057,7116,InStyleOf,Indie Folk,2029,Doom Metal,2007
15061,15622,CoverOf,Desert Rock,2020,Doom Metal,1997
15063,14780,InStyleOf,Lo-Fi Electronica,2025,Lo-Fi Electronica,2015
15063,827,CoverOf,Lo-Fi Electronica,2025,Lo-Fi Electronica,2006
15063,12517,InStyleOf,Lo-Fi Electronica,2025,Lo-Fi Electronica,2007
15065,9884,InStyleOf,,,Psychedelic Rock,2009
15070,3962,CoverOf,Speed Metal,2009,Speed Metal,1997
15071,6006,InStyleOf,,,Doom Metal,2004
15075,12209,InterpolatesFrom,Alternative Rock,2020,Blues Rock,2000
15076,1791,InStyleOf,Alternative Rock,2030,Lo-Fi Electronica,2010
15080,9716,InStyleOf,Synthwave,2017,Americana,1991
15080,8952,CoverOf,Synthwave,2017,Synthwave,2010
15089,933,InStyleOf,Synthwave,1999,Dream Pop,1998
15089,6368,CoverOf,Synthwave,1999,Synthwave,1994
15092,3049,InterpolatesFrom,Alternative Rock,2001,,
15099,16440,InStyleOf,Southern Gothic Rock,2003,,
15101,14933,InStyleOf,Blues Rock,2023,Indie Rock,2022
15101,14965,LyricalReferenceTo,Blues Rock,2023,Doom Metal,2010
15101,12768,CoverOf,Blues Rock,2023,,
15104,3085,InterpolatesFrom,Southern Gothic Rock,2016,Indie Pop,2008
15104,1121,InStyleOf,Southern Gothic Rock,2016,Southern Gothic Rock,1997
15105,16017,InStyleOf,Doom Metal,2022,Indie Rock,2013
15108,14997,InterpolatesFrom,Dream Pop,1991,Dream Pop,1987
15114,6556,DirectlySamples,Symphonic Metal,2028,Symphonic Metal,2027
15118,14994,InterpolatesFrom,Synthwave,2023,Indie Folk,1997
15121,13413,CoverOf,Post-Apocalyptic Folk,2026,Indie Folk,2022
15121,14322,InterpolatesFrom,Post-Apocalyptic Folk,2026,Post-Apocalyptic Folk,2013
15121,2567,CoverOf,Post-Apocalyptic Folk,2026,Post-Apocalyptic Folk,2022
15121,7897,InterpolatesFrom,Post-Apocalyptic Folk,2026,Post-Apocalyptic Folk,2014
15121,5873,CoverOf,Post-Apocalyptic Folk,2026,Americana,2026
15126,12817,CoverOf,,,Synthwave,2000
15129,8355,InterpolatesFrom,Doom Metal,2004,Synthwave,1996
15131,2927,InterpolatesFrom,Southern Gothic Rock,2003,Southern Gothic Rock,1987
15131,6674,InterpolatesFrom,Southern Gothic Rock,2003,Blues Rock,1984
15132,10439,InStyleOf,Post-Apocalyptic Folk,2029,Dream Pop,2020
15135,7036,InStyleOf,Blues Rock,2004,Indie Pop,1987
15135,4937,LyricalReferenceTo,Blues Rock,2004,,
15135,4992,CoverOf,Blues Rock,2004,Indie Pop,1997
15138,5432,InStyleOf,,,Synthwave,2004
15143,5310,InStyleOf,Doom Metal,2023,Indie Rock,2024
15144,15212,LyricalReferenceTo,Space Rock,2019,Dream Pop,2003
15144,3766,DirectlySamples,Space Rock,2019,Dream Pop,1992
15150,3267,InterpolatesFrom,Southern Gothic Rock,2017,Indie Pop,1985
15150,2068,CoverOf,Southern Gothic Rock,2017,Southern Gothic Rock,1996
15150,4169,InStyleOf,Southern Gothic Rock,2017,Southern Gothic Rock,2013
15153,11423,InStyleOf,Psychedelic Rock,2028,Psychedelic Rock,2023
15153,15261,LyricalReferenceTo,Psychedelic Rock,2028,Psychedelic Rock,2022
15156,15622,DirectlySamples,Doom Metal,2020,Doom Metal,1997
15160,10673,InStyleOf,Indie Folk,2029,Doom Metal,2013
15160,7116,CoverOf,Indie Folk,2029,Doom Metal,2007
15165,15242,CoverOf,Dream Pop,2004,,
15181,11327,CoverOf,Lo-Fi Electronica,2000,Lo-Fi Electronica,1998
15181,15242,LyricalReferenceTo,Lo-Fi Electronica,2000,,
15182,10673,InStyleOf,Indie Folk,2023,Doom Metal,2013
15185,9618,InterpolatesFrom,Synthwave,2017,,
15188,8006,LyricalReferenceTo,Symphonic Metal,2023,Americana,2018
15192,4728,InStyleOf,Dream Pop,2028,,
15192,4046,InStyleOf,Dream Pop,2028,,
15192,12245,InterpolatesFrom,Dream Pop,2028,Indie Folk,2017
15192,16432,LyricalReferenceTo,Dream Pop,2028,,
15202,11195,CoverOf,Dream Pop,2023,,
15206,15622,InterpolatesFrom,Doom Metal,2007,Doom Metal,1997
15207,15776,CoverOf,Space Rock,2029,Synthwave,2024
15207,11371,DirectlySamples,Space Rock,2029,Space Rock,2027
15207,9735,CoverOf,Space Rock,2029,Space Rock,2028
15210,10004,InterpolatesFrom,Jazz Surf Rock,2027,Symphonic Metal,2026
15210,6435,CoverOf,Jazz Surf Rock,2027,,
15210,10596,InStyleOf,Jazz Surf Rock,2027,Indie Folk,2013
15212,3766,InStyleOf,Dream Pop,2003,Dream Pop,1992
15214,4411,LyricalReferenceTo,Avant-Garde Folk,2023,,
15217,7177,CoverOf,Indie Folk,2020,Indie Folk,2013
15217,9657,InStyleOf,Indie Folk,2020,,
15217,6901,CoverOf,Indie Folk,2020,Indie Folk,2010
15222,14965,LyricalReferenceTo,Jazz Surf Rock,2026,Doom Metal,2010
15227,6989,LyricalReferenceTo,,,Emo/Pop Punk,2023
15235,8575,InterpolatesFrom,Dream Pop,2029,Psychedelic Rock,2021
15235,974,DirectlySamples,Dream Pop,2029,Psychedelic Rock,2023
15241,7012,LyricalReferenceTo,Avant-Garde Folk,2025,,
15241,7325,InStyleOf,Avant-Garde Folk,2025,Emo/Pop Punk,2004
15241,2303,CoverOf,Avant-Garde Folk,2025,Alternative Rock,2025
15241,3512,InStyleOf,Avant-Garde Folk,2025,Indie Pop,2013
15241,4357,InStyleOf,Avant-Garde Folk,2025,,
15241,15745,DirectlySamples,Avant-Garde Folk,2025,,
15241,10120,InStyleOf,Avant-Garde Folk,2025,Avant-Garde Folk,2020
15241,10431,CoverOf,Avant-Garde Folk,2025,,
15241,4557,InStyleOf,Avant-Garde Folk,2025,Avant-Garde Folk,2015
15241,1853,CoverOf,Avant-Garde Folk,2025,Avant-Garde Folk,2011
15241,6158,LyricalReferenceTo,Avant-Garde Folk,2025,Avant-Garde Folk,2018
15241,12344,InStyleOf,Avant-Garde Folk,2025,Alternative Rock,2021
15241,6864,InStyleOf,Avant-Garde Folk,2025,Avant-Garde Folk,2017
15241,1018,CoverOf,Avant-Garde Folk,2025,Alternative Rock,2008
15242,6899,InterpolatesFrom,,,Synthwave,2000
15242,8282,InterpolatesFrom,,,Synthwave,1997
15242,454,LyricalReferenceTo,,,Synthwave,1998
15244,13997,InStyleOf,Doom Metal,2020,,
15248,219,LyricalReferenceTo,,,Dream Pop,1997
15248,9815,LyricalReferenceTo,,,,
15248,13956,LyricalReferenceTo,,,,
15249,1841,InterpolatesFrom,Desert Rock,2025,Indie Folk,2010
15252,12010,InterpolatesFrom,,,Alternative Rock,2003
15252,12428,InStyleOf,,,Speed Metal,1987
15254,16274,CoverOf,Dream Pop,2024,Indie Folk,2013
15254,11014,InterpolatesFrom,Dream Pop,2024,Indie Folk,2017
15255,1853,LyricalReferenceTo,Avant-Garde Folk,2028,Avant-Garde Folk,2011
15258,13459,InStyleOf,Southern Gothic Rock,2030,Avant-Garde Folk,2028
15258,15847,CoverOf,Southern Gothic Rock,2030,,
15258,7707,InStyleOf,Southern Gothic Rock,2030,Avant-Garde Folk,1997
15267,11824,CoverOf,Jazz Surf Rock,2027,Dream Pop,2020
15267,8339,CoverOf,Jazz Surf Rock,2027,Indie Folk,2020
15270,7630,CoverOf,,,Speed Metal,2010
15270,10434,InterpolatesFrom,,,Speed Metal,2007
15279,7170,InterpolatesFrom,Dream Pop,2024,,
15279,14169,InStyleOf,Dream Pop,2024,Psychedelic Rock,2022
15282,13476,CoverOf,Indie Folk,2022,,
15295,60,InStyleOf,Americana,2027,Americana,2023
15306,15472,DirectlySamples,Psychedelic Rock,2004,Psychedelic Rock,1997
15309,106,LyricalReferenceTo,Alternative Rock,2026,Blues Rock,2020
15310,4046,CoverOf,Desert Rock,2029,,
15310,974,CoverOf,Desert Rock,2029,Psychedelic Rock,2023
15310,15419,CoverOf,Desert Rock,2029,Psychedelic Rock,2022
15310,12515,InStyleOf,Desert Rock,2029,,
15310,16259,CoverOf,Desert Rock,2029,Indie Folk,2023
15310,445,InterpolatesFrom,Desert Rock,2029,,
15315,10289,InStyleOf,Avant-Garde Folk,2002,Alternative Rock,1989
15316,6322,InStyleOf,Oceanus Folk,2026,Desert Rock,2013
15316,4534,DirectlySamples,Oceanus Folk,2026,Dream Pop,2023
15316,2779,LyricalReferenceTo,Oceanus Folk,2026,Psychedelic Rock,2026
15316,15889,CoverOf,Oceanus Folk,2026,Psychedelic Rock,2023
15323,625,InterpolatesFrom,Indie Folk,2029,Indie Folk,2023
15323,11159,CoverOf,Indie Folk,2029,Emo/Pop Punk,2023
15323,1608,CoverOf,Indie Folk,2029,,
15323,15703,InStyleOf,Indie Folk,2029,,
15323,2614,InStyleOf,Indie Folk,2029,Dream Pop,1990
15323,2942,InterpolatesFrom,Indie Folk,2029,Southern Gothic Rock,2010
15323,4167,CoverOf,Indie Folk,2029,,
15339,13990,CoverOf,,,Post-Apocalyptic Folk,2012
15350,15198,CoverOf,Dream Pop,2030,Dream Pop,2013
15358,6006,InterpolatesFrom,Doom Metal,2013,Doom Metal,2004
15364,14987,CoverOf,Americana,2026,Doom Metal,2017
15364,4046,InStyleOf,Americana,2026,,
15369,3118,InterpolatesFrom,Space Rock,2026,,
15372,5448,InterpolatesFrom,Alternative Rock,2015,Alternative Rock,2002
15381,9249,CoverOf,Americana,2023,Indie Folk,2013
15384,1841,LyricalReferenceTo,Oceanus Folk,2025,Indie Folk,2010
15388,16035,LyricalReferenceTo,Avant-Garde Folk,2015,Avant-Garde Folk,2004
15388,11115,CoverOf,Avant-Garde Folk,2015,Avant-Garde Folk,1992
15388,15838,DirectlySamples,Avant-Garde Folk,2015,Avant-Garde Folk,2014
15388,6454,InterpolatesFrom,Avant-Garde Folk,2015,Indie Pop,1991
15388,12382,InterpolatesFrom,Avant-Garde Folk,2015,Alternative Rock,2011
15389,81,LyricalReferenceTo,,,Indie Pop,1997
15390,4188,InStyleOf,Indie Pop,2006,Indie Pop,1995
15391,15622,InterpolatesFrom,Synthwave,2026,Doom Metal,1997
15394,9483,InStyleOf,Synthwave,2022,,
15394,10116,LyricalReferenceTo,Synthwave,2022,Synthwave,2020
15394,16189,CoverOf,Synthwave,2022,Americana,2019
15394,6006,InStyleOf,Synthwave,2022,Doom Metal,2004
15394,13546,DirectlySamples,Synthwave,2022,Doom Metal,2019
15396,5455,InterpolatesFrom,Avant-Garde Folk,2023,Southern Gothic Rock,1999
15396,9890,InStyleOf,Avant-Garde Folk,2023,Blues Rock,2008
15396,16035,InStyleOf,Avant-Garde Folk,2023,Avant-Garde Folk,2004
15402,6899,InStyleOf,,,Synthwave,2000
15402,454,LyricalReferenceTo,,,Synthwave,1998
15402,8282,InterpolatesFrom,,,Synthwave,1997
15402,6368,CoverOf,,,Synthwave,1994
15403,3508,InterpolatesFrom,,,,
15403,4713,LyricalReferenceTo,,,Dream Pop,2000
15406,7563,InterpolatesFrom,Doom Metal,2007,,
15415,13438,LyricalReferenceTo,Oceanus Folk,2023,Oceanus Folk,2019
15415,1841,CoverOf,Oceanus Folk,2023,Indie Folk,2010
15419,12916,InterpolatesFrom,Psychedelic Rock,2022,Psychedelic Rock,2013
15420,2942,LyricalReferenceTo,Indie Folk,2028,Southern Gothic Rock,2010
15420,2614,CoverOf,Indie Folk,2028,Dream Pop,1990
15420,10279,CoverOf,Indie Folk,2028,Southern Gothic Rock,2027
15420,1608,CoverOf,Indie Folk,2028,,
15420,11159,DirectlySamples,Indie Folk,2028,Emo/Pop Punk,2023
15422,11127,InStyleOf,Psychedelic Rock,2019,Psychedelic Rock,2016
15423,15622,InterpolatesFrom,Doom Metal,2010,Doom Metal,1997
15424,827,LyricalReferenceTo,Lo-Fi Electronica,2024,Lo-Fi Electronica,2006
15424,966,InterpolatesFrom,Lo-Fi Electronica,2024,Lo-Fi Electronica,2003
15424,12373,LyricalReferenceTo,Lo-Fi Electronica,2024,Lo-Fi Electronica,2005
15424,14944,DirectlySamples,Lo-Fi Electronica,2024,,
15424,9122,LyricalReferenceTo,Lo-Fi Electronica,2024,,
15424,12750,InStyleOf,Lo-Fi Electronica,2024,Lo-Fi Electronica,2019
15424,5480,LyricalReferenceTo,Lo-Fi Electronica,2024,Lo-Fi Electronica,2018
15424,14332,CoverOf,Lo-Fi Electronica,2024,Lo-Fi Electronica,2020
15424,5928,CoverOf,Lo-Fi Electronica,2024,Lo-Fi Electronica,2019
15424,8680,LyricalReferenceTo,Lo-Fi Electronica,2024,,
15425,7709,DirectlySamples,Blues Rock,2019,Blues Rock,2000
15425,15055,CoverOf,Blues Rock,2019,Blues Rock,2014
15430,14965,CoverOf,Indie Rock,2027,Doom Metal,2010
15430,14989,InStyleOf,Indie Rock,2027,Indie Rock,2007
15435,6072,DirectlySamples,Indie Folk,2007,Synthwave,1998
15441,15071,LyricalReferenceTo,Oceanus Folk,2017,,
15441,1841,InterpolatesFrom,Oceanus Folk,2017,Indie Folk,2010
15443,15275,CoverOf,Southern Gothic Rock,2023,,
15443,12091,LyricalReferenceTo,Southern Gothic Rock,2023,Southern Gothic Rock,1997
15444,6643,InterpolatesFrom,Desert Rock,2020,Indie Folk,2013
15444,2316,InStyleOf,Desert Rock,2020,Indie Folk,2010
15447,16405,InStyleOf,Dream Pop,2026,Synthwave,2013
15452,14994,DirectlySamples,Space Rock,2028,Indie Folk,1997
15456,13357,InStyleOf,Southern Gothic Rock,1999,,
15457,4749,DirectlySamples,Indie Pop,2017,,
15457,10294,LyricalReferenceTo,Indie Pop,2017,,
15458,8274,InterpolatesFrom,Post-Apocalyptic Folk,2030,Dream Pop,2020
15458,3018,LyricalReferenceTo,Post-Apocalyptic Folk,2030,Dream Pop,2023
15462,14086,LyricalReferenceTo,Synthwave,2025,Doom Metal,2005
15464,13681,InterpolatesFrom,Dream Pop,2023,Indie Folk,2010
15464,8776,CoverOf,Dream Pop,2023,,
15464,10550,CoverOf,Dream Pop,2023,,
15475,14774,DirectlySamples,,,,
15478,5238,LyricalReferenceTo,Jazz Surf Rock,2017,Jazz Surf Rock,2016
15481,1841,InStyleOf,Oceanus Folk,2013,Indie Folk,2010
15481,13324,InStyleOf,Oceanus Folk,2013,Oceanus Folk,2004
15482,6762,DirectlySamples,Symphonic Metal,2016,Symphonic Metal,2007
15488,3663,InStyleOf,Americana,2004,,
15489,5887,LyricalReferenceTo,Dream Pop,2015,Doom Metal,1997
15496,15847,InStyleOf,Emo/Pop Punk,2027,,
15496,11449,DirectlySamples,Emo/Pop Punk,2027,,
15496,14671,CoverOf,Emo/Pop Punk,2027,Emo/Pop Punk,2002
15496,6315,InStyleOf,Emo/Pop Punk,2027,Emo/Pop Punk,1987
15496,5232,InterpolatesFrom,Emo/Pop Punk,2027,Emo/Pop Punk,2009
15496,1529,InStyleOf,Emo/Pop Punk,2027,Southern Gothic Rock,2010
15496,3793,InStyleOf,Emo/Pop Punk,2027,Emo/Pop Punk,2005
15496,1544,InStyleOf,Emo/Pop Punk,2027,Southern Gothic Rock,2007
15500,14136,InterpolatesFrom,Synthwave,2025,Doom Metal,2013
15500,6006,CoverOf,Synthwave,2025,Doom Metal,2004
15508,16017,CoverOf,Synthwave,2023,Indie Rock,2013
15508,9019,InStyleOf,Synthwave,2023,Dream Pop,2020
15512,4890,InterpolatesFrom,Dream Pop,2024,Desert Rock,2022
15512,4818,DirectlySamples,Dream Pop,2024,Doom Metal,2018
15512,12673,InStyleOf,Dream Pop,2024,Americana,2013
15518,15622,LyricalReferenceTo,Desert Rock,2028,Doom Metal,1997
15522,6990,LyricalReferenceTo,,,Synthpop,2017
15522,9140,LyricalReferenceTo,,,Americana,2020
15522,10880,CoverOf,,,Indie Folk,2015
15528,5891,LyricalReferenceTo,Alternative Rock,2010,Dream Pop,2008
15528,8821,LyricalReferenceTo,Alternative Rock,2010,Alternative Rock,2008
15528,5028,LyricalReferenceTo,Alternative Rock,2010,Alternative Rock,2007
15528,14438,InStyleOf,Alternative Rock,2010,Alternative Rock,2004
15528,2279,InterpolatesFrom,Alternative Rock,2010,Dream Pop,2005
15528,3335,InStyleOf,Alternative Rock,2010,,
15532,16724,LyricalReferenceTo,Speed Metal,2026,Speed Metal,2000
15532,14976,InterpolatesFrom,Speed Metal,2026,Speed Metal,2010
15532,6507,LyricalReferenceTo,Speed Metal,2026,,
15532,4126,DirectlySamples,Speed Metal,2026,,
15532,4583,InterpolatesFrom,Speed Metal,2026,Speed Metal,1983
15532,15343,InStyleOf,Speed Metal,2026,Speed Metal,1987
15532,11617,LyricalReferenceTo,Speed Metal,2026,Speed Metal,2023
15536,12861,InStyleOf,Doom Metal,2020,Indie Folk,2017
15539,9524,InStyleOf,Dream Pop,2012,Dream Pop,2006
15539,9129,InterpolatesFrom,Dream Pop,2012,Dream Pop,1986
15540,16612,LyricalReferenceTo,,,Jazz Surf Rock,1996
15542,3501,InStyleOf,Americana,2020,Oceanus Folk,2007
15552,11842,CoverOf,Dream Pop,2026,Americana,2020
15555,14572,InStyleOf,Jazz Surf Rock,2028,Jazz Surf Rock,2024
15555,16441,InStyleOf,Jazz Surf Rock,2028,Psychedelic Rock,1999
15559,5432,InterpolatesFrom,Dream Pop,2020,Synthwave,2004
15565,4728,DirectlySamples,Space Rock,2026,,
15565,7116,LyricalReferenceTo,Space Rock,2026,Doom Metal,2007
15570,4781,CoverOf,Lo-Fi Electronica,2014,Lo-Fi Electronica,2003
15570,12373,InterpolatesFrom,Lo-Fi Electronica,2014,Lo-Fi Electronica,2005
15570,10574,CoverOf,Lo-Fi Electronica,2014,Lo-Fi Electronica,2007
15570,827,InterpolatesFrom,Lo-Fi Electronica,2014,Lo-Fi Electronica,2006
15570,10121,InStyleOf,Lo-Fi Electronica,2014,Lo-Fi Electronica,2007
15571,16457,InterpolatesFrom,Oceanus Folk,2023,Oceanus Folk,2021
15574,13941,CoverOf,Indie Folk,2013,Synthwave,2010
15579,3606,InterpolatesFrom,Dream Pop,2030,Dream Pop,2023
15579,4847,DirectlySamples,Dream Pop,2030,,
15582,13956,DirectlySamples,Jazz Surf Rock,2000,,
15582,5866,InStyleOf,Jazz Surf Rock,2000,,
15582,9815,CoverOf,Jazz Surf Rock,2000,,
15582,219,InterpolatesFrom,Jazz Surf Rock,2000,Dream Pop,1997
15582,8750,InterpolatesFrom,Jazz Surf Rock,2000,,
15584,13413,CoverOf,Dream Pop,2029,Indie Folk,2022
15584,5952,DirectlySamples,Dream Pop,2029,Indie Rock,2024
15590,8245,InterpolatesFrom,Indie Rock,2027,,
15590,7278,LyricalReferenceTo,Indie Rock,2027,Synthwave,2022
15590,16433,InterpolatesFrom,Indie Rock,2027,Indie Rock,2013
15590,12397,InStyleOf,Indie Rock,2027,Dream Pop,2007
15590,14965,CoverOf,Indie Rock,2027,Doom Metal,2010
15590,15622,InStyleOf,Indie Rock,2027,Doom Metal,1997
15590,13027,InterpolatesFrom,Indie Rock,2027,Oceanus Folk,2026
15590,4400,LyricalReferenceTo,Indie Rock,2027,Indie Rock,2017
15591,4847,InStyleOf,Americana,2027,,
15600,8593,InterpolatesFrom,Americana,2023,Doom Metal,2007
15603,10379,InterpolatesFrom,Alternative Rock,2020,Alternative Rock,2005
15607,14201,InterpolatesFrom,Alternative Rock,2010,Alternative Rock,2005
15612,6006,CoverOf,,,Doom Metal,2004
15616,15622,InStyleOf,Desert Rock,2026,Doom Metal,1997
15621,15622,InStyleOf,Indie Folk,2004,Doom Metal,1997
15622,9716,InStyleOf,Doom Metal,1997,Americana,1991
15630,10589,DirectlySamples,Desert Rock,2023,Americana,2017
15632,8055,LyricalReferenceTo,Dream Pop,2029,Alternative Rock,2004
15632,6778,CoverOf,Dream Pop,2029,Indie Rock,2029
15632,10045,InStyleOf,Dream Pop,2029,,
15632,2768,CoverOf,Dream Pop,2029,Alternative Rock,2015
15632,632,InterpolatesFrom,Dream Pop,2029,Alternative Rock,2012
15633,12010,InStyleOf,Alternative Rock,2007,Alternative Rock,2003
15634,8516,CoverOf,Psychedelic Rock,2022,Psychedelic Rock,2017
15642,8495,LyricalReferenceTo,Dream Pop,2013,Synthwave,2004
15642,14670,CoverOf,Dream Pop,2013,Alternative Rock,1984
15642,11830,InterpolatesFrom,Dream Pop,2013,Synthwave,2000
15645,6735,InterpolatesFrom,Alternative Rock,2023,Alternative Rock,2008
15645,6210,InStyleOf,Alternative Rock,2023,Alternative Rock,2022
15645,5726,InStyleOf,Alternative Rock,2023,Alternative Rock,2010
15649,5681,InStyleOf,Doom Metal,2026,Americana,2017
15652,6191,LyricalReferenceTo,Indie Folk,2000,Synthwave,1994
15654,1841,InStyleOf,Oceanus Folk,2020,Indie Folk,2010
15662,7341,LyricalReferenceTo,Dream Pop,2026,Indie Folk,2020
15674,14014,InStyleOf,Indie Rock,2027,Dream Pop,2024
15687,827,LyricalReferenceTo,Lo-Fi Electronica,2009,Lo-Fi Electronica,2006
15687,966,InterpolatesFrom,Lo-Fi Electronica,2009,Lo-Fi Electronica,2003
15688,14482,InStyleOf,Avant-Garde Folk,2014,Indie Pop,2009
15688,8372,DirectlySamples,Avant-Garde Folk,2014,Avant-Garde Folk,2007
15688,9089,DirectlySamples,Avant-Garde Folk,2014,Indie Pop,2007
15690,6006,CoverOf,Psychedelic Rock,2029,Doom Metal,2004
15690,1748,DirectlySamples,Psychedelic Rock,2029,Dream Pop,2023
15699,15881,InStyleOf,Indie Folk,2026,Synthwave,2016
15703,2927,InterpolatesFrom,,,Southern Gothic Rock,1987
15705,2467,InStyleOf,,,,
15709,14965,DirectlySamples,Americana,2023,Doom Metal,2010
15713,16491,CoverOf,Americana,2023,,
15713,5260,InStyleOf,Americana,2023,,
15715,16517,DirectlySamples,Southern Gothic Rock,1993,Southern Gothic Rock,1986
15716,2277,DirectlySamples,Jazz Surf Rock,2027,Lo-Fi Electronica,2004
15716,14512,LyricalReferenceTo,Jazz Surf Rock,2027,Lo-Fi Electronica,1997
15722,8211,InterpolatesFrom,Lo-Fi Electronica,2011,Lo-Fi Electronica,2011
15722,14659,InterpolatesFrom,Lo-Fi Electronica,2011,Lo-Fi Electronica,2009
15723,8727,InStyleOf,Desert Rock,2023,Indie Rock,2019
15728,16441,LyricalReferenceTo,Psychedelic Rock,2003,Psychedelic Rock,1999
15732,9526,DirectlySamples,,,Synthwave,2001
15735,9922,InStyleOf,Dream Pop,2023,Oceanus Folk,1994
15741,10645,InterpolatesFrom,,,Synthwave,2010
15741,6949,InStyleOf,,,Indie Rock,2017
15744,9586,InterpolatesFrom,Indie Pop,2014,,
15744,2595,InterpolatesFrom,Indie Pop,2014,Indie Pop,1984
15744,4609,LyricalReferenceTo,Indie Pop,2014,Avant-Garde Folk,1997
15744,10090,DirectlySamples,Indie Pop,2014,Southern Gothic Rock,1998
15744,5110,LyricalReferenceTo,Indie Pop,2014,Indie Pop,1991
15744,13357,InStyleOf,Indie Pop,2014,,
15744,15456,LyricalReferenceTo,Indie Pop,2014,Southern Gothic Rock,1999
15745,7012,LyricalReferenceTo,,,,
15745,7325,InStyleOf,,,Emo/Pop Punk,2004
15745,1018,LyricalReferenceTo,,,Alternative Rock,2008
15748,4770,InStyleOf,Synthwave,2013,Synthwave,2007
15752,10673,InterpolatesFrom,Indie Folk,2023,Doom Metal,2013
15752,12538,InStyleOf,Indie Folk,2023,,
15752,7604,DirectlySamples,Indie Folk,2023,Dream Pop,2019
15752,6551,InStyleOf,Indie Folk,2023,Indie Folk,2014
15759,10684,InStyleOf,Blues Rock,2007,Dream Pop,2007
15760,14136,CoverOf,,,Doom Metal,2013
15760,6190,InStyleOf,,,Synthwave,2024
15760,10596,InStyleOf,,,Indie Folk,2013
15760,13026,InterpolatesFrom,,,Desert Rock,2022
15760,13574,InStyleOf,,,Synthwave,2008
15762,13758,InterpolatesFrom,Americana,2023,Indie Folk,2013
15769,10799,InStyleOf,Indie Pop,2000,Blues Rock,1984
15771,13484,LyricalReferenceTo,Indie Rock,2018,,
15771,6616,InStyleOf,Indie Rock,2018,Indie Rock,2011
15771,876,InStyleOf,Indie Rock,2018,Indie Rock,2010
15771,1857,InterpolatesFrom,Indie Rock,2018,Indie Rock,2006
15772,4884,InterpolatesFrom,,,Doom Metal,2004
15772,155,InStyleOf,,,,
15772,5295,LyricalReferenceTo,,,,
15775,6785,InterpolatesFrom,Lo-Fi Electronica,2020,Lo-Fi Electronica,2002
15775,2167,CoverOf,Lo-Fi Electronica,2020,Lo-Fi Electronica,2007
15775,3289,InStyleOf,Lo-Fi Electronica,2020,Lo-Fi Electronica,2019
15775,9807,InStyleOf,Lo-Fi Electronica,2020,Lo-Fi Electronica,2017
15775,12517,InStyleOf,Lo-Fi Electronica,2020,Lo-Fi Electronica,2007
15775,9088,LyricalReferenceTo,Lo-Fi Electronica,2020,Lo-Fi Electronica,2013
15775,12750,CoverOf,Lo-Fi Electronica,2020,Lo-Fi Electronica,2019
15776,16101,InterpolatesFrom,Synthwave,2024,Indie Rock,2017
15779,2153,InterpolatesFrom,Dream Pop,2027,,
15779,8823,InStyleOf,Dream Pop,2027,Space Rock,2025
15783,16233,LyricalReferenceTo,Space Rock,2029,Psychedelic Rock,2004
15783,2385,CoverOf,Space Rock,2029,Dream Pop,2023
15783,445,InterpolatesFrom,Space Rock,2029,,
15783,11768,CoverOf,Space Rock,2029,Dream Pop,2024
15789,81,CoverOf,Southern Gothic Rock,2025,Indie Pop,1997
15789,6746,InterpolatesFrom,Southern Gothic Rock,2025,Southern Gothic Rock,2018
15793,14618,InStyleOf,Indie Folk,2017,Indie Folk,2013
15793,14965,LyricalReferenceTo,Indie Folk,2017,Doom Metal,2010
15793,14994,InterpolatesFrom,Indie Folk,2017,Indie Folk,1997
15797,5432,CoverOf,Synthwave,2023,Synthwave,2004
15799,2863,InterpolatesFrom,Dream Pop,2026,Indie Rock,2022
15799,4604,CoverOf,Dream Pop,2026,,
15804,15089,CoverOf,Dream Pop,2000,Synthwave,1999
15804,933,InterpolatesFrom,Dream Pop,2000,Dream Pop,1998
15805,12043,DirectlySamples,Dream Pop,2028,Dream Pop,2023
15805,9230,LyricalReferenceTo,Dream Pop,2028,Dream Pop,2018
15805,10659,InterpolatesFrom,Dream Pop,2028,Dream Pop,2025
15805,11184,CoverOf,Dream Pop,2028,Dream Pop,2028
15807,8281,DirectlySamples,,,Southern Gothic Rock,1988
15807,10432,InStyleOf,,,,
15812,1841,LyricalReferenceTo,Oceanus Folk,2023,Indie Folk,2010
15812,6752,InterpolatesFrom,Oceanus Folk,2023,Oceanus Folk,2010
15812,3501,InterpolatesFrom,Oceanus Folk,2023,Oceanus Folk,2007
15817,13651,InStyleOf,Americana,2024,Doom Metal,2010
15817,7773,CoverOf,Americana,2024,Indie Rock,2019
15817,14291,LyricalReferenceTo,Americana,2024,Americana,2013
15817,1611,InterpolatesFrom,Americana,2024,Indie Rock,2015
15817,3501,DirectlySamples,Americana,2024,Oceanus Folk,2007
15817,1779,CoverOf,Americana,2024,Indie Folk,2017
15817,7278,CoverOf,Americana,2024,Synthwave,2022
15817,4046,InStyleOf,Americana,2024,,
15817,13990,InStyleOf,Americana,2024,Post-Apocalyptic Folk,2012
15817,14965,InterpolatesFrom,Americana,2024,Doom Metal,2010
15817,12582,InStyleOf,Americana,2024,Synthwave,2020
15820,12596,LyricalReferenceTo,Indie Pop,2004,Psychedelic Rock,1989
15825,1412,InterpolatesFrom,Alternative Rock,2000,Indie Pop,1984
15825,2174,InStyleOf,Alternative Rock,2000,Indie Pop,1990
15826,6327,InStyleOf,,,,
15831,2467,InterpolatesFrom,Lo-Fi Electronica,2028,,
15831,12983,CoverOf,Lo-Fi Electronica,2028,Lo-Fi Electronica,2023
15833,14464,DirectlySamples,Indie Rock,1991,Doom Metal,1991
15838,6454,InStyleOf,Avant-Garde Folk,2014,Indie Pop,1991
15838,13361,LyricalReferenceTo,Avant-Garde Folk,2014,Blues Rock,2011
15841,6901,CoverOf,Dream Pop,2019,Indie Folk,2010
15841,9657,CoverOf,Dream Pop,2019,,
15843,11152,InStyleOf,Alternative Rock,2023,Indie Folk,2017
15844,9488,InStyleOf,Americana,2017,Synthwave,2012
15847,1529,InStyleOf,,,Southern Gothic Rock,2010
15848,16440,InterpolatesFrom,Indie Pop,2015,,
15851,6752,LyricalReferenceTo,Indie Folk,2026,Oceanus Folk,2010
15851,8079,LyricalReferenceTo,Indie Folk,2026,Oceanus Folk,2013
15851,1841,LyricalReferenceTo,Indie Folk,2026,Indie Folk,2010
15857,16409,LyricalReferenceTo,Dream Pop,2028,Dream Pop,2024
15874,11644,CoverOf,,,Speed Metal,2004
15881,6006,InterpolatesFrom,Synthwave,2016,Doom Metal,2004
15881,15622,DirectlySamples,Synthwave,2016,Doom Metal,1997
15885,16585,LyricalReferenceTo,Dream Pop,1995,Darkwave,1987
15886,14762,InStyleOf,Desert Rock,2025,Oceanus Folk,2017
15889,6322,InterpolatesFrom,Psychedelic Rock,2023,Desert Rock,2013
15890,14989,LyricalReferenceTo,,,Indie Rock,2007
15890,8190,CoverOf,,,,
15894,14038,InStyleOf,Indie Pop,2014,,
15894,2331,CoverOf,Indie Pop,2014,Blues Rock,2011
15896,14670,InStyleOf,Alternative Rock,1994,Alternative Rock,1984
15903,5432,DirectlySamples,Dream Pop,2008,Synthwave,2004
15909,8207,CoverOf,,,Alternative Rock,2004
15911,1125,LyricalReferenceTo,Symphonic Metal,2023,Symphonic Metal,2013
15913,6762,InterpolatesFrom,Americana,2025,Symphonic Metal,2007
15913,13681,CoverOf,Americana,2025,Indie Folk,2010
15920,4849,InStyleOf,,,,
15925,10358,LyricalReferenceTo,Americana,2023,,
15925,9766,InStyleOf,Americana,2023,,
15926,764,InterpolatesFrom,,,Dream Pop,2021
15936,11984,LyricalReferenceTo,,,Blues Rock,1991
15936,11142,CoverOf,,,Indie Pop,1992
15937,15027,InStyleOf,,,,
15937,1841,InterpolatesFrom,,,Indie Folk,2010
15937,16457,InStyleOf,,,Oceanus Folk,2021
15944,11423,CoverOf,Psychedelic Rock,2027,Psychedelic Rock,2023
15944,15261,InterpolatesFrom,Psychedelic Rock,2027,Psychedelic Rock,2022
15954,1841,CoverOf,Oceanus Folk,2023,Indie Folk,2010
15954,16524,DirectlySamples,Oceanus Folk,2023,Oceanus Folk,2013
15954,13563,InterpolatesFrom,Oceanus Folk,2023,,
15957,14364,InStyleOf,,,Southern Gothic Rock,2004
15962,7197,LyricalReferenceTo,Symphonic Metal,2023,Symphonic Metal,2022
15971,13883,DirectlySamples,Indie Rock,2013,,
15973,1841,InStyleOf,Oceanus Folk,2023,Indie Folk,2010
15978,3630,InStyleOf,,,Indie Rock,2017
15981,13282,InStyleOf,Jazz Surf Rock,2029,Jazz Surf Rock,2027
15981,15555,LyricalReferenceTo,Jazz Surf Rock,2029,Jazz Surf Rock,2028
15981,16620,InterpolatesFrom,Jazz Surf Rock,2029,,
15981,3508,CoverOf,Jazz Surf Rock,2029,,
15984,3759,InterpolatesFrom,Doom Metal,2024,,
15984,9305,CoverOf,Doom Metal,2024,Doom Metal,2004
15986,8230,InStyleOf,Indie Pop,2004,Emo/Pop Punk,1989
15986,6315,InStyleOf,Indie Pop,2004,Emo/Pop Punk,1987
15986,6245,CoverOf,Indie Pop,2004,Emo/Pop Punk,1989
15989,16400,InStyleOf,,,Oceanus Folk,2023
15991,15622,InStyleOf,Americana,2000,Doom Metal,1997
15994,4348,InStyleOf,Oceanus Folk,2007,Oceanus Folk,2004
16001,16389,InStyleOf,Dream Pop,1996,Southern Gothic Rock,1992
16007,5216,CoverOf,Alternative Rock,2029,Jazz Surf Rock,2018
16014,15622,InStyleOf,Doom Metal,2007,Doom Metal,1997
16016,1991,InStyleOf,Indie Folk,2020,,
16035,5455,LyricalReferenceTo,Avant-Garde Folk,2004,Southern Gothic Rock,1999
16038,5247,InStyleOf,Space Rock,2028,Indie Folk,2024
16042,6551,DirectlySamples,Doom Metal,2023,Indie Folk,2014
16042,4834,CoverOf,Doom Metal,2023,Doom Metal,2013
16042,6006,CoverOf,Doom Metal,2023,Doom Metal,2004
16048,15402,InterpolatesFrom,Dream Pop,2017,,
16048,15855,InStyleOf,Dream Pop,2017,Synthwave,2003
16048,454,InterpolatesFrom,Dream Pop,2017,Synthwave,1998
16048,12538,CoverOf,Dream Pop,2017,,
16054,933,InterpolatesFrom,Dream Pop,2004,Dream Pop,1998
16054,6368,LyricalReferenceTo,Dream Pop,2004,Synthwave,1994
16054,15089,InStyleOf,Dream Pop,2004,Synthwave,1999
16057,6368,InterpolatesFrom,Synthwave,2002,Synthwave,1994
16061,15622,LyricalReferenceTo,Doom Metal,2013,Doom Metal,1997
16063,2467,InterpolatesFrom,Lo-Fi Electronica,2010,,
16064,12079,InterpolatesFrom,Desert Rock,2027,Synthwave,2021
16064,6051,LyricalReferenceTo,Desert Rock,2027,,
16067,16728,InterpolatesFrom,Dream Pop,2027,Indie Rock,2017
16070,14569,InStyleOf,Space Rock,2029,Synthpop,2017
16075,8886,InterpolatesFrom,Lo-Fi Electronica,2028,Synthwave,1997
16078,10694,InterpolatesFrom,Psychedelic Rock,2029,Psychedelic Rock,2004
16078,9884,InterpolatesFrom,Psychedelic Rock,2029,Psychedelic Rock,2009
16082,15957,CoverOf,,,,
16084,6762,InStyleOf,Doom Metal,2013,Symphonic Metal,2007
16086,7116,InStyleOf,,,Doom Metal,2007
16086,9116,LyricalReferenceTo,,,Doom Metal,2020
16086,14118,LyricalReferenceTo,,,Indie Folk,2017
16096,11432,InStyleOf,Post-Apocalyptic Folk,2025,Dream Pop,2010
16100,14799,InStyleOf,Dream Pop,2020,Dream Pop,2011
16107,15622,InStyleOf,,,Doom Metal,1997
16107,13747,DirectlySamples,,,Doom Metal,2010
16111,15913,LyricalReferenceTo,,,Americana,2025
16117,3508,DirectlySamples,Alternative Rock,2026,,
16122,1195,LyricalReferenceTo,,,,
16122,5680,InStyleOf,,,Americana,2020
16123,14740,InStyleOf,Doom Metal,2023,Indie Folk,2013
16127,13965,CoverOf,,,Oceanus Folk,2007
16127,9077,InStyleOf,,,Doom Metal,2007
16127,1841,DirectlySamples,,,Indie Folk,2010
16127,3501,DirectlySamples,,,Oceanus Folk,2007
16133,13324,InStyleOf,Oceanus Folk,2004,Oceanus Folk,2004
16137,9249,LyricalReferenceTo,,,Indie Folk,2013
16141,10673,LyricalReferenceTo,Dream Pop,2026,Doom Metal,2013
16141,6912,InStyleOf,Dream Pop,2026,,
16145,15291,LyricalReferenceTo,,,Alternative Rock,2007
16146,6006,InStyleOf,Dream Pop,2020,Doom Metal,2004
16161,4861,CoverOf,Southern Gothic Rock,1996,Speed Metal,1996
16161,15702,InStyleOf,Southern Gothic Rock,1996,Speed Metal,1985
16166,10593,InterpolatesFrom,,,,
16166,13763,InStyleOf,,,Desert Rock,2020
16171,14449,LyricalReferenceTo,Dream Pop,2029,,
16171,42,InStyleOf,Dream Pop,2029,Synthwave,2020
16171,4046,LyricalReferenceTo,Dream Pop,2029,,
16175,2215,LyricalReferenceTo,Doom Metal,2023,Americana,2023
16175,6006,InStyleOf,Doom Metal,2023,Doom Metal,2004
16175,12727,InStyleOf,Doom Metal,2023,Synthwave,2013
16179,9902,InStyleOf,Southern Gothic Rock,2009,Indie Pop,1991
16180,1841,LyricalReferenceTo,Oceanus Folk,2023,Indie Folk,2010
16182,7799,CoverOf,Southern Gothic Rock,1997,Blues Rock,1992
16183,10252,InStyleOf,,,,
16185,3310,InStyleOf,Alternative Rock,2022,Dream Pop,2014
16192,3501,InStyleOf,Oceanus Folk,2026,Oceanus Folk,2007
16192,6818,InterpolatesFrom,Oceanus Folk,2026,Oceanus Folk,2017
16192,12270,InterpolatesFrom,Oceanus Folk,2026,Oceanus Folk,2013
16192,1841,DirectlySamples,Oceanus Folk,2026,Indie Folk,2010
16200,2445,CoverOf,,,Doom Metal,2007
16200,4415,InterpolatesFrom,,,Doom Metal,2013
16205,14401,InStyleOf,,,Darkwave,2019
16205,14965,InStyleOf,,,Doom Metal,2010
16205,13632,InterpolatesFrom,,,Darkwave,2016
16209,7551,CoverOf,Dream Pop,2017,Indie Folk,2011
16209,14799,LyricalReferenceTo,Dream Pop,2017,Dream Pop,2011
16209,13421,CoverOf,Dream Pop,2017,Dream Pop,1994
16209,14210,CoverOf,Dream Pop,2017,Jazz Surf Rock,2000
16209,2510,LyricalReferenceTo,Dream Pop,2017,Dream Pop,1981
16210,6298,LyricalReferenceTo,Dream Pop,2006,Alternative Rock,1994
16211,11432,InterpolatesFrom,Dream Pop,2023,Dream Pop,2010
16211,5790,InStyleOf,Dream Pop,2023,Dream Pop,2007
16211,5233,LyricalReferenceTo,Dream Pop,2023,,
16215,15983,InStyleOf,Avant-Garde Folk,2020,,
16217,14136,InterpolatesFrom,Americana,2020,Doom Metal,2013
16223,42,InStyleOf,Indie Folk,2023,Synthwave,2020
16230,10996,CoverOf,Synthwave,2023,Alternative Rock,2004
16240,2385,InStyleOf,,,Dream Pop,2023
16244,10111,LyricalReferenceTo,Darkwave,2020,Darkwave,2019
16244,16233,InStyleOf,Darkwave,2020,Psychedelic Rock,2004
16248,7891,InStyleOf,Alternative Rock,2008,Blues Rock,1995
16248,13421,InStyleOf,Alternative Rock,2008,Dream Pop,1994
16248,7531,InterpolatesFrom,Alternative Rock,2008,Southern Gothic Rock,1992
16249,12678,InStyleOf,Synthwave,2026,Synthwave,2013
16249,13747,InterpolatesFrom,Synthwave,2026,Doom Metal,2010
16252,4008,LyricalReferenceTo,Dream Pop,2000,Dream Pop,1997
16253,5004,CoverOf,,,Synthwave,2021
16256,12538,InStyleOf,,,,
16256,13574,CoverOf,,,Synthwave,2008
16259,12150,CoverOf,Indie Folk,2023,Indie Folk,2007
16259,3025,InterpolatesFrom,Indie Folk,2023,Oceanus Folk,2017
16264,13563,CoverOf,Oceanus Folk,2026,,
16264,9685,InterpolatesFrom,Oceanus Folk,2026,Oceanus Folk,2013
16264,1841,DirectlySamples,Oceanus Folk,2026,Indie Folk,2010
16264,16524,CoverOf,Oceanus Folk,2026,Oceanus Folk,2013
16269,3163,LyricalReferenceTo,Speed Metal,2013,,
16269,8013,InterpolatesFrom,Speed Metal,2013,Speed Metal,2004
16269,13430,CoverOf,Speed Metal,2013,Speed Metal,1991
16269,6227,CoverOf,Speed Metal,2013,Speed Metal,1999
16269,4861,DirectlySamples,Speed Metal,2013,Speed Metal,1996
16269,14094,CoverOf,Speed Metal,2013,Speed Metal,1998
16269,15047,InStyleOf,Speed Metal,2013,Southern Gothic Rock,1986
16269,5546,InterpolatesFrom,Speed Metal,2013,Speed Metal,2000
16269,8872,InStyleOf,Speed Metal,2013,Speed Metal,1993
16270,13489,InterpolatesFrom,Dream Pop,2029,Post-Apocalyptic Folk,2026
16275,13891,InterpolatesFrom,,,Lo-Fi Electronica,1998
16275,14512,LyricalReferenceTo,,,Lo-Fi Electronica,1997
16275,11327,LyricalReferenceTo,,,Lo-Fi Electronica,1998
16276,11485,InStyleOf,Oceanus Folk,2020,,
16276,3501,LyricalReferenceTo,Oceanus Folk,2020,Oceanus Folk,2007
16279,1841,InStyleOf,Oceanus Folk,2020,Indie Folk,2010
16282,11423,LyricalReferenceTo,Psychedelic Rock,2029,Psychedelic Rock,2023
16282,15261,InStyleOf,Psychedelic Rock,2029,Psychedelic Rock,2022
16287,8382,CoverOf,Synthwave,2025,Dream Pop,2024
16287,1748,InStyleOf,Synthwave,2025,Dream Pop,2023
16287,15409,LyricalReferenceTo,Synthwave,2025,Dream Pop,2019
16290,13576,InStyleOf,Americana,2014,,
16292,3879,InterpolatesFrom,Darkwave,2025,,
16292,2424,LyricalReferenceTo,Darkwave,2025,Darkwave,2023
16295,14760,InStyleOf,,,Indie Pop,2026
16295,6061,InterpolatesFrom,,,Southern Gothic Rock,2010
16295,15521,LyricalReferenceTo,,,Indie Pop,1994
16295,11938,CoverOf,,,Indie Pop,1998
16295,14863,InterpolatesFrom,,,Southern Gothic Rock,2014
16295,6685,LyricalReferenceTo,,,,
16297,5051,InStyleOf,Emo/Pop Punk,2024,Emo/Pop Punk,1997
16297,8230,CoverOf,Emo/Pop Punk,2024,Emo/Pop Punk,1989
16297,249,InterpolatesFrom,Emo/Pop Punk,2024,Emo/Pop Punk,2010
16297,10294,CoverOf,Emo/Pop Punk,2024,,
16297,6315,DirectlySamples,Emo/Pop Punk,2024,Emo/Pop Punk,1987
16297,1955,CoverOf,Emo/Pop Punk,2024,Emo/Pop Punk,1985
16297,11520,InStyleOf,Emo/Pop Punk,2024,Emo/Pop Punk,2007
16297,6245,InterpolatesFrom,Emo/Pop Punk,2024,Emo/Pop Punk,1989
16300,5318,LyricalReferenceTo,Synthwave,2020,Doom Metal,2019
16305,10839,InStyleOf,Indie Folk,2025,Indie Folk,2017
16309,8834,InterpolatesFrom,Psychedelic Rock,2024,Dream Pop,2014
16312,7778,InStyleOf,Psychedelic Rock,2010,Indie Folk,2004
16319,1244,InStyleOf,Dream Pop,2026,,
16319,4006,InStyleOf,Dream Pop,2026,Indie Rock,2007
16323,3531,LyricalReferenceTo,Synthwave,2027,Doom Metal,2017
16327,5051,LyricalReferenceTo,Emo/Pop Punk,2026,Emo/Pop Punk,1997
16327,10294,InStyleOf,Emo/Pop Punk,2026,,
16327,8230,InStyleOf,Emo/Pop Punk,2026,Emo/Pop Punk,1989
16327,13557,LyricalReferenceTo,Emo/Pop Punk,2026,Emo/Pop Punk,2009
16327,11520,InterpolatesFrom,Emo/Pop Punk,2026,Emo/Pop Punk,2007
16327,249,InterpolatesFrom,Emo/Pop Punk,2026,Emo/Pop Punk,2010
16327,5232,LyricalReferenceTo,Emo/Pop Punk,2026,Emo/Pop Punk,2009
16327,6315,InterpolatesFrom,Emo/Pop Punk,2026,Emo/Pop Punk,1987
16328,14438,InterpolatesFrom,Dream Pop,2026,Alternative Rock,2004
16333,833,DirectlySamples,Indie Rock,2020,,
16333,11635,CoverOf,Indie Rock,2020,Synthwave,1999
16335,16724,LyricalReferenceTo,Speed Metal,2017,Speed Metal,2000
16335,2202,LyricalReferenceTo,Speed Metal,2017,,
16335,14976,InStyleOf,Speed Metal,2017,Speed Metal,2010
16336,15703,CoverOf,Dream Pop,2028,,
16336,10674,LyricalReferenceTo,Dream Pop,2028,,
16336,11911,DirectlySamples,Dream Pop,2028,Blues Rock,2026
16336,15241,InStyleOf,Dream Pop,2028,Avant-Garde Folk,2025
16336,5178,InStyleOf,Dream Pop,2028,Lo-Fi Electronica,2027
16339,16646,InterpolatesFrom,Psychedelic Rock,2029,Dream Pop,2024
16343,445,CoverOf,Post-Apocalyptic Folk,2029,,
16343,1502,InStyleOf,Post-Apocalyptic Folk,2029,Psychedelic Rock,2018
16343,15634,InStyleOf,Post-Apocalyptic Folk,2029,Psychedelic Rock,2022
16348,5110,CoverOf,Alternative Rock,2030,Indie Pop,1991
16348,15456,InterpolatesFrom,Alternative Rock,2030,Southern Gothic Rock,1999
16348,4609,InterpolatesFrom,Alternative Rock,2030,Avant-Garde Folk,1997
16348,13984,LyricalReferenceTo,Alternative Rock,2030,Indie Pop,2026
16348,13357,DirectlySamples,Alternative Rock,2030,,
16349,9385,InStyleOf,,,,
16352,3776,InStyleOf,Jazz Surf Rock,2012,Space Rock,2010
16354,6869,InStyleOf,Darkwave,2027,Darkwave,2004
16354,3869,LyricalReferenceTo,Darkwave,2027,Darkwave,2010
16354,5146,InStyleOf,Darkwave,2027,Darkwave,2026
16354,9777,InStyleOf,Darkwave,2027,Darkwave,2002
16354,7908,CoverOf,Darkwave,2027,,
16356,8888,InterpolatesFrom,Dream Pop,2029,Indie Rock,2010
16356,7341,LyricalReferenceTo,Dream Pop,2029,Indie Folk,2020
16360,7680,LyricalReferenceTo,Dream Pop,2024,Dream Pop,2015
16360,6276,CoverOf,Dream Pop,2024,,
16363,9995,DirectlySamples,Dream Pop,2027,Dream Pop,2018
16363,6229,InStyleOf,Dream Pop,2027,,
16365,3862,CoverOf,Dream Pop,2004,,
16366,9716,InStyleOf,,,Americana,1991
16371,966,DirectlySamples,Lo-Fi Electronica,2018,Lo-Fi Electronica,2003
16371,827,InStyleOf,Lo-Fi Electronica,2018,Lo-Fi Electronica,2006
16371,12517,LyricalReferenceTo,Lo-Fi Electronica,2018,Lo-Fi Electronica,2007
16371,14768,InStyleOf,Lo-Fi Electronica,2018,Lo-Fi Electronica,2005
16371,13335,InStyleOf,Lo-Fi Electronica,2018,Lo-Fi Electronica,2002
16373,4046,InStyleOf,,,,
16373,5310,InStyleOf,,,Indie Rock,2024
16373,11280,LyricalReferenceTo,,,Darkwave,2023
16381,15622,InterpolatesFrom,Doom Metal,2013,Doom Metal,1997
16381,2956,CoverOf,Doom Metal,2013,Indie Folk,2008
16385,4576,LyricalReferenceTo,,,,
16385,6194,InterpolatesFrom,,,Dream Pop,2019
16385,9165,InterpolatesFrom,,,Synthwave,2028
16385,12106,LyricalReferenceTo,,,Dream Pop,2025
16385,14080,CoverOf,,,Dream Pop,2026
16385,12294,InterpolatesFrom,,,Alternative Rock,2019
16385,3697,LyricalReferenceTo,,,Darkwave,2022
16392,1320,InStyleOf,Indie Folk,2023,Synthwave,2000
16392,14994,InStyleOf,Indie Folk,2023,Indie Folk,1997
16396,15772,InterpolatesFrom,,,,
16396,13640,CoverOf,,,Dream Pop,2017
16397,11378,InStyleOf,Indie Folk,2013,Indie Folk,2004
16397,8593,InterpolatesFrom,Indie Folk,2013,Doom Metal,2007
16400,12673,InterpolatesFrom,Oceanus Folk,2023,Americana,2013
16400,6994,InterpolatesFrom,Oceanus Folk,2023,Oceanus Folk,2017
16400,5854,InStyleOf,Oceanus Folk,2023,Indie Folk,2017
16402,3025,LyricalReferenceTo,Dream Pop,2029,Oceanus Folk,2017
16404,9236,InStyleOf,Avant-Garde Folk,2022,Southern Gothic Rock,1992
16404,2615,InStyleOf,Avant-Garde Folk,2022,,
16404,7568,LyricalReferenceTo,Avant-Garde Folk,2022,Avant-Garde Folk,2013
16404,1853,LyricalReferenceTo,Avant-Garde Folk,2022,Avant-Garde Folk,2011
16404,16035,CoverOf,Avant-Garde Folk,2022,Avant-Garde Folk,2004
16404,1101,LyricalReferenceTo,Avant-Garde Folk,2022,,
16404,1018,InStyleOf,Avant-Garde Folk,2022,Alternative Rock,2008
16409,15622,DirectlySamples,Dream Pop,2024,Doom Metal,1997
16409,15494,CoverOf,Dream Pop,2024,,
16418,454,CoverOf,Synthwave,2004,Synthwave,1998
16424,11219,CoverOf,Doom Metal,2026,Doom Metal,2013
16424,1611,CoverOf,Doom Metal,2026,Indie Rock,2015
16424,673,InterpolatesFrom,Doom Metal,2026,Doom Metal,2023
16424,5013,InterpolatesFrom,Doom Metal,2026,Indie Folk,2022
16429,5079,DirectlySamples,,,Indie Folk,2020
16432,7116,LyricalReferenceTo,,,Doom Metal,2007
16437,1869,InStyleOf,Indie Rock,2017,Indie Rock,2013
16437,6617,DirectlySamples,Indie Rock,2017,Dream Pop,2017
16440,5802,InStyleOf,,,Indie Pop,1984
16441,12596,InterpolatesFrom,Psychedelic Rock,1999,Psychedelic Rock,1989
16449,15506,LyricalReferenceTo,Indie Rock,2026,Indie Folk,2020
16452,5058,CoverOf,Lo-Fi Electronica,2024,Lo-Fi Electronica,2021
16452,10055,InStyleOf,Lo-Fi Electronica,2024,,
16452,14907,InStyleOf,Lo-Fi Electronica,2024,Dream Pop,2020
16452,10997,LyricalReferenceTo,Lo-Fi Electronica,2024,,
16452,3270,InStyleOf,Lo-Fi Electronica,2024,Speed Metal,2013
16452,14074,LyricalReferenceTo,Lo-Fi Electronica,2024,Dream Pop,2017
16452,11718,InStyleOf,Lo-Fi Electronica,2024,Southern Gothic Rock,2013
16457,1841,InterpolatesFrom,Oceanus Folk,2021,Indie Folk,2010
16457,9685,InStyleOf,Oceanus Folk,2021,Oceanus Folk,2013
16458,13961,LyricalReferenceTo,Americana,2023,,
16462,12668,CoverOf,Dream Pop,2028,Indie Folk,2020
16466,5680,InStyleOf,Dream Pop,2029,Americana,2020
16466,9014,InterpolatesFrom,Dream Pop,2029,Dream Pop,2024
16466,1195,InStyleOf,Dream Pop,2029,,
16466,10641,InStyleOf,Dream Pop,2029,Dream Pop,2027
16471,8029,LyricalReferenceTo,Indie Folk,2023,Desert Rock,2013
16473,8937,CoverOf,Dream Pop,2020,,
16484,1857,InStyleOf,Indie Rock,2023,Indie Rock,2006
16484,6616,InterpolatesFrom,Indie Rock,2023,Indie Rock,2011
16484,13484,InterpolatesFrom,Indie Rock,2023,,
16485,2002,InStyleOf,Dream Pop,2024,Doom Metal,2004
16487,12673,InterpolatesFrom,Indie Folk,2020,Americana,2013
16494,2360,CoverOf,Indie Rock,2026,Indie Rock,2017
16494,4006,DirectlySamples,Indie Rock,2026,Indie Rock,2007
16494,11319,CoverOf,Indie Rock,2026,,
16494,1857,LyricalReferenceTo,Indie Rock,2026,Indie Rock,2006
16494,1244,InStyleOf,Indie Rock,2026,,
16494,9916,CoverOf,Indie Rock,2026,Indie Rock,2018
16494,15771,CoverOf,Indie Rock,2026,Indie Rock,2018
16494,13484,InterpolatesFrom,Indie Rock,2026,,
16494,876,LyricalReferenceTo,Indie Rock,2026,Indie Rock,2010
16494,6616,InStyleOf,Indie Rock,2026,Indie Rock,2011
16494,2683,InStyleOf,Indie Rock,2026,,
16495,6745,LyricalReferenceTo,Southern Gothic Rock,1997,Indie Pop,1994
16495,13357,LyricalReferenceTo,Southern Gothic Rock,1997,,
16495,8814,DirectlySamples,Southern Gothic Rock,1997,Alternative Rock,1994
16496,14351,InterpolatesFrom,Alternative Rock,2023,,
16496,11446,InStyleOf,Alternative Rock,2023,,
16500,16585,CoverOf,Post-Apocalyptic Folk,2004,Darkwave,1987
16501,9526,InStyleOf,Synthwave,2000,Synthwave,2001
16505,6949,LyricalReferenceTo,Dream Pop,2032,Indie Rock,2017
16508,3501,DirectlySamples,,,Oceanus Folk,2007
16508,12150,InStyleOf,,,Indie Folk,2007
16510,14987,InterpolatesFrom,,,Doom Metal,2017
16510,9868,LyricalReferenceTo,,,,
16510,3025,InterpolatesFrom,,,Oceanus Folk,2017
16513,5949,LyricalReferenceTo,Doom Metal,2023,,
16514,15622,LyricalReferenceTo,Americana,2013,Doom Metal,1997
16519,4541,CoverOf,Psychedelic Rock,2026,Psychedelic Rock,2023
16519,445,InterpolatesFrom,Psychedelic Rock,2026,,
16519,11217,LyricalReferenceTo,Psychedelic Rock,2026,Dream Pop,2008
16519,8717,InterpolatesFrom,Psychedelic Rock,2026,Doom Metal,2017
16519,16478,InterpolatesFrom,Psychedelic Rock,2026,,
16522,6006,InStyleOf,Doom Metal,2029,Doom Metal,2004
16522,1884,InterpolatesFrom,Doom Metal,2029,,
16522,13574,InterpolatesFrom,Doom Metal,2029,Synthwave,2008
16522,15699,CoverOf,Doom Metal,2029,Indie Folk,2026
16522,1172,InStyleOf,Doom Metal,2029,Doom Metal,2017
16524,1841,InterpolatesFrom,Oceanus Folk,2013,Indie Folk,2010
16528,2927,DirectlySamples,Emo/Pop Punk,2003,Southern Gothic Rock,1987
16528,550,InStyleOf,Emo/Pop Punk,2003,Southern Gothic Rock,1999
16530,9096,InterpolatesFrom,Desert Rock,2029,Oceanus Folk,2017
16530,1841,InterpolatesFrom,Desert Rock,2029,Indie Folk,2010
16535,5432,DirectlySamples,Post-Apocalyptic Folk,2010,Synthwave,2004
16535,933,CoverOf,Post-Apocalyptic Folk,2010,Dream Pop,1998
16543,2843,CoverOf,,,Southern Gothic Rock,1986
16547,11290,InStyleOf,Synthwave,2021,Synthwave,2003
16551,8055,InterpolatesFrom,Southern Gothic Rock,2013,Alternative Rock,2004
16551,16162,InStyleOf,Southern Gothic Rock,2013,,
16552,16036,InterpolatesFrom,Alternative Rock,2028,Alternative Rock,2005
16555,11672,InterpolatesFrom,,,Post-Apocalyptic Folk,2020
16564,1162,CoverOf,Dream Pop,2029,Indie Folk,2013
16570,5767,CoverOf,,,,
16570,15622,CoverOf,,,Doom Metal,1997
16570,6896,DirectlySamples,,,Doom Metal,2013
16572,10367,InterpolatesFrom,Alternative Rock,2021,Synthwave,2013
16577,11097,InterpolatesFrom,,,Darkwave,2019
16577,10699,LyricalReferenceTo,,,Indie Folk,2017
16582,13563,LyricalReferenceTo,Oceanus Folk,2023,,
16582,3194,InStyleOf,Oceanus Folk,2023,Oceanus Folk,2017
16584,1333,InStyleOf,Jazz Surf Rock,2015,Jazz Surf Rock,2010
16584,14893,InStyleOf,Jazz Surf Rock,2015,Synthwave,2007
16584,9754,InterpolatesFrom,Jazz Surf Rock,2015,,
16586,3457,InterpolatesFrom,Synthwave,2026,Indie Folk,2023
16586,16225,InStyleOf,Synthwave,2026,Oceanus Folk,2017
16586,1841,InStyleOf,Synthwave,2026,Indie Folk,2010
16589,16001,InStyleOf,Emo/Pop Punk,2004,Dream Pop,1996
16589,16389,DirectlySamples,Emo/Pop Punk,2004,Southern Gothic Rock,1992
16589,12923,DirectlySamples,Emo/Pop Punk,2004,Southern Gothic Rock,2002
16590,14569,CoverOf,Americana,2026,Synthpop,2017
16590,10444,CoverOf,Americana,2026,Indie Folk,2017
16597,13413,InterpolatesFrom,,,Indie Folk,2022
16603,922,CoverOf,Jazz Surf Rock,2029,,
16603,11603,InterpolatesFrom,Jazz Surf Rock,2029,,
16614,12052,InStyleOf,Indie Folk,2013,Dream Pop,2010
16615,912,InterpolatesFrom,Dream Pop,2022,Indie Folk,2017
16615,6367,InStyleOf,Dream Pop,2022,,
16615,13374,InStyleOf,Dream Pop,2022,Doom Metal,2013
16616,12817,InterpolatesFrom,Post-Apocalyptic Folk,2020,Synthwave,2000
16616,15605,InStyleOf,Post-Apocalyptic Folk,2020,,
16617,5283,InStyleOf,Emo/Pop Punk,2010,Indie Pop,2003
16617,14610,InterpolatesFrom,Emo/Pop Punk,2010,Southern Gothic Rock,1991
16617,10600,CoverOf,Emo/Pop Punk,2010,Alternative Rock,2005
16617,3407,LyricalReferenceTo,Emo/Pop Punk,2010,Southern Gothic Rock,1987
16620,9237,CoverOf,,,Jazz Surf Rock,2005
16624,15422,DirectlySamples,Desert Rock,2029,Psychedelic Rock,2019
16624,5425,DirectlySamples,Desert Rock,2029,Doom Metal,2013
16624,10673,DirectlySamples,Desert Rock,2029,Doom Metal,2013
16624,7114,LyricalReferenceTo,Desert Rock,2029,,
16624,1841,InStyleOf,Desert Rock,2029,Indie Folk,2010
16624,11300,LyricalReferenceTo,Desert Rock,2029,,
16626,9003,InStyleOf,Dream Pop,2021,Oceanus Folk,2004
16631,2489,CoverOf,Blues Rock,2023,Indie Pop,2007
16631,5913,InStyleOf,Blues Rock,2023,,
16632,3931,InStyleOf,Dream Pop,2028,Indie Folk,2023
16632,12245,LyricalReferenceTo,Dream Pop,2028,Indie Folk,2017
16632,12858,LyricalReferenceTo,Dream Pop,2028,Doom Metal,2023
16632,3688,InterpolatesFrom,Dream Pop,2028,Doom Metal,2026
16632,9116,InterpolatesFrom,Dream Pop,2028,Doom Metal,2020
16632,14118,LyricalReferenceTo,Dream Pop,2028,Indie Folk,2017
16632,1849,InStyleOf,Dream Pop,2028,Indie Folk,2027
16635,9129,InStyleOf,,,Dream Pop,1986
16638,6072,LyricalReferenceTo,,,Synthwave,1998
16658,1524,LyricalReferenceTo,Synthwave,2018,Psychedelic Rock,2009
16658,15189,InStyleOf,Synthwave,2018,Doom Metal,2003
16658,2403,InStyleOf,Synthwave,2018,Indie Folk,2007
16659,7263,CoverOf,,,,
16665,962,InStyleOf,Doom Metal,2017,Indie Folk,2013
16665,14136,InStyleOf,Doom Metal,2017,Doom Metal,2013
16672,10361,LyricalReferenceTo,Dream Pop,2023,Post-Apocalyptic Folk,2011
16672,12015,InterpolatesFrom,Dream Pop,2023,Indie Folk,2017
16679,12558,InterpolatesFrom,Dream Pop,2028,,
16686,14769,InStyleOf,Indie Folk,2028,Synthpop,2020
16686,11290,InterpolatesFrom,Indie Folk,2028,Synthwave,2003
16690,8373,CoverOf,,,Indie Folk,2020
16695,14118,InStyleOf,Indie Folk,2023,Indie Folk,2017
16695,9696,CoverOf,Indie Folk,2023,Synthwave,2020
16697,4169,InterpolatesFrom,Alternative Rock,2026,Southern Gothic Rock,2013
16697,15150,InStyleOf,Alternative Rock,2026,Southern Gothic Rock,2017
16697,2068,LyricalReferenceTo,Alternative Rock,2026,Southern Gothic Rock,1996
16697,8891,InterpolatesFrom,Alternative Rock,2026,Southern Gothic Rock,2009
16699,9150,InterpolatesFrom,Doom Metal,2025,Alternative Rock,2024
16699,14987,InStyleOf,Doom Metal,2025,Doom Metal,2017
16699,4046,CoverOf,Doom Metal,2025,,
16702,11984,InStyleOf,Avant-Garde Folk,1997,Blues Rock,1991
16705,7116,LyricalReferenceTo,Synthwave,2017,Doom Metal,2007
16705,10673,CoverOf,Synthwave,2017,Doom Metal,2013
16707,3304,InterpolatesFrom,Space Rock,2021,,
16710,4541,InStyleOf,Dream Pop,2027,Psychedelic Rock,2023
16710,14223,LyricalReferenceTo,Dream Pop,2027,Psychedelic Rock,2024
16710,14965,DirectlySamples,Dream Pop,2027,Doom Metal,2010
16710,13332,InterpolatesFrom,Dream Pop,2027,Darkwave,2022
16716,15287,InterpolatesFrom,Indie Pop,2018,,
16720,13519,InStyleOf,Blues Rock,2000,Blues Rock,1987
16720,15362,InterpolatesFrom,Blues Rock,2000,Blues Rock,1997
16724,13543,InterpolatesFrom,Speed Metal,2000,,
16724,15343,InterpolatesFrom,Speed Metal,2000,Speed Metal,1987
16724,4583,InStyleOf,Speed Metal,2000,Speed Metal,1983
16727,15622,InStyleOf,Indie Folk,2013,Doom Metal,1997
16729,7982,InStyleOf,,,Oceanus Folk,2024
16734,1841,InStyleOf,Oceanus Folk,2013,Indie Folk,2010
16736,14241,LyricalReferenceTo,Dream Pop,2006,Synthwave,1991
16739,7395,LyricalReferenceTo,Doom Metal,2023,Synthwave,2021
16943,17327,InStyleOf,,,,
16943,17314,InterpolatesFrom,,,,
16944,13883,InStyleOf,,,,
16945,13916,InStyleOf,,,Dream Pop,2029
16952,17299,InterpolatesFrom,,,,
16954,880,InStyleOf,,,,
16955,2572,CoverOf,Indie Folk,2032,Synthwave,2004
16955,6008,InStyleOf,Indie Folk,2032,Indie Rock,2017
16957,5009,LyricalReferenceTo,Indie Folk,2037,Dream Pop,2023
16960,17260,InStyleOf,,,,
16960,17314,InterpolatesFrom,,,,
16963,10659,CoverOf,Synthwave,2031,Dream Pop,2025
16964,13732,InStyleOf,Synthwave,2031,Doom Metal,2012
16966,17327,LyricalReferenceTo,,,,
16966,17192,InterpolatesFrom,,,,
16970,3411,InterpolatesFrom,Doom Metal,2036,,
16970,2933,CoverOf,Doom Metal,2036,Dream Pop,2029
16971,17314,InterpolatesFrom,,,,
16971,17260,InStyleOf,,,,
16972,11002,CoverOf,,,Indie Rock,2010
16975,7567,InterpolatesFrom,Alternative Rock,2039,Dream Pop,2013
16977,17314,InStyleOf,,,,
16977,17299,InterpolatesFrom,,,,
16978,9999,InStyleOf,,,Indie Folk,2017
16978,15254,LyricalReferenceTo,,,Dream Pop,2024
16979,1927,CoverOf,,,,
16979,16063,InStyleOf,,,Lo-Fi Electronica,2010
16987,17299,CoverOf,,,,
16987,17314,InStyleOf,,,,
16990,9538,InStyleOf,Oceanus Folk,2035,Indie Rock,2029
16996,17260,LyricalReferenceTo,,,,
16996,17299,InStyleOf,,,,
16999,14893,CoverOf,,,Synthwave,2007
17000,16205,InStyleOf,Americana,2030,,
17002,9651,LyricalReferenceTo,Americana,2035,Indie Folk,2007
17002,5804,LyricalReferenceTo,Americana,2035,Lo-Fi Electronica,2024
17003,8604,CoverOf,Americana,2033,Synthwave,2026
17004,17299,LyricalReferenceTo,,,,
17004,17327,InStyleOf,,,,
17006,14512,InterpolatesFrom,,,Lo-Fi Electronica,1997
17006,13800,LyricalReferenceTo,,,Psychedelic Rock,2019
17010,12316,InterpolatesFrom,Psychedelic Rock,2033,Dream Pop,2021
17010,15591,InStyleOf,Psychedelic Rock,2033,Americana,2027
17011,15818,InterpolatesFrom,Psychedelic Rock,2033,Alternative Rock,1981
17011,12100,CoverOf,Psychedelic Rock,2033,Indie Pop,2013
17012,17299,InStyleOf,,,,
17015,11568,InterpolatesFrom,Indie Rock,2038,Synthpop,2020
17015,3756,LyricalReferenceTo,Indie Rock,2038,Dream Pop,2028
17017,2153,CoverOf,Indie Rock,2038,,
17017,9489,InStyleOf,Indie Rock,2038,Indie Folk,2029
17018,11623,InStyleOf,Indie Rock,2035,Jazz Surf Rock,2026
17019,11966,InStyleOf,Indie Rock,2035,Synthwave,2023
17019,1797,InterpolatesFrom,Indie Rock,2035,Americana,2028
17022,17260,LyricalReferenceTo,,,,
17022,17255,InStyleOf,,,,
17026,2784,LyricalReferenceTo,Lo-Fi Electronica,2034,,
17026,13552,CoverOf,Lo-Fi Electronica,2034,,
17027,13628,CoverOf,Lo-Fi Electronica,2034,Speed Metal,2020
17027,11357,LyricalReferenceTo,Lo-Fi Electronica,2034,Alternative Rock,2026
17032,17327,InterpolatesFrom,,,,
17032,17255,LyricalReferenceTo,,,,
17035,6616,InterpolatesFrom,,,Indie Rock,2011
17036,3978,DirectlySamples,Indie Pop,2031,,
17036,13220,InStyleOf,Indie Pop,2031,Doom Metal,2013
17038,3323,LyricalReferenceTo,Indie Pop,2035,,
17038,7555,InStyleOf,Indie Pop,2035,Space Rock,2024
17046,17327,DirectlySamples,,,,
17049,14107,InStyleOf,,,Blues Rock,2020
17049,7026,InterpolatesFrom,,,Americana,1983
17050,13131,InterpolatesFrom,Oceanus Folk,2034,Alternative Rock,2023
17050,11911,LyricalReferenceTo,Oceanus Folk,2034,Blues Rock,2026
17057,17299,InStyleOf,,,,
17058,13823,CoverOf,Desert Rock,2033,Blues Rock,1994
17059,16063,LyricalReferenceTo,,,Lo-Fi Electronica,2010
17059,6318,InterpolatesFrom,,,Americana,2017
17060,15925,CoverOf,Desert Rock,2031,Americana,2023
17063,17299,InStyleOf,,,,
17063,17255,InterpolatesFrom,,,,
17064,3133,InStyleOf,,,Indie Folk,2013
17064,14945,InStyleOf,,,,
17066,4738,InStyleOf,Jazz Surf Rock,2034,Alternative Rock,2020
17066,4749,DirectlySamples,Jazz Surf Rock,2034,,
17067,12574,LyricalReferenceTo,Jazz Surf Rock,2036,Doom Metal,2023
17067,15235,CoverOf,Jazz Surf Rock,2036,Dream Pop,2029
17068,12494,InterpolatesFrom,Jazz Surf Rock,2036,Indie Pop,2022
17068,2360,InStyleOf,Jazz Surf Rock,2036,Indie Rock,2017
17071,17299,InStyleOf,,,,
17072,5009,InterpolatesFrom,,,Dream Pop,2023
17072,11824,LyricalReferenceTo,,,Dream Pop,2020
17073,2541,InStyleOf,,,Dream Pop,2027
17074,15669,CoverOf,Space Rock,2030,Americana,2017
17077,17314,LyricalReferenceTo,,,,
17081,6860,InStyleOf,Blues Rock,2033,Space Rock,2026
17082,17060,CoverOf,Blues Rock,2035,Desert Rock,2031
17083,17327,InterpolatesFrom,,,,
17084,16491,CoverOf,,,,
17085,14535,InStyleOf,Darkwave,2036,Indie Pop,2025
17085,4059,LyricalReferenceTo,Darkwave,2036,Doom Metal,2013
17088,917,InStyleOf,Darkwave,2036,,
17088,4749,CoverOf,Darkwave,2036,,
17091,17327,InterpolatesFrom,,,,
17091,17299,LyricalReferenceTo,,,,
17092,16670,InterpolatesFrom,,,Lo-Fi Electronica,2018
17093,4453,DirectlySamples,,,Indie Folk,2013
17094,17320,InStyleOf,Speed Metal,2034,Oceanus Folk,1994
17096,12661,InterpolatesFrom,Speed Metal,2036,Dream Pop,2014
17100,17260,LyricalReferenceTo,,,,
17100,17327,InterpolatesFrom,,,,
17101,1869,CoverOf,,,Indie Rock,2013
17103,16158,InterpolatesFrom,Emo/Pop Punk,2033,Psychedelic Rock,2007
17103,16313,CoverOf,Emo/Pop Punk,2033,,
17104,11767,CoverOf,Emo/Pop Punk,2033,Oceanus Folk,2004
17104,13436,InStyleOf,Emo/Pop Punk,2033,Doom Metal,2017
17106,12623,InterpolatesFrom,Emo/Pop Punk,2034,,
17110,17255,InStyleOf,,,,
17110,17260,InterpolatesFrom,,,,
17111,10309,InterpolatesFrom,,,Alternative Rock,2022
17112,3454,CoverOf,,,Avant-Garde Folk,2006
17112,17268,DirectlySamples,,,Oceanus Folk,2025
17113,15539,DirectlySamples,,,Dream Pop,2012
17113,11947,InterpolatesFrom,,,,
17115,9236,CoverOf,Post-Apocalyptic Folk,2031,Southern Gothic Rock,1992
17115,11945,InStyleOf,Post-Apocalyptic Folk,2031,Doom Metal,2007
17116,10814,InterpolatesFrom,Post-Apocalyptic Folk,2034,Indie Folk,2020
17117,9285,InStyleOf,Post-Apocalyptic Folk,2035,Dream Pop,2017
17117,8604,LyricalReferenceTo,Post-Apocalyptic Folk,2035,Synthwave,2026
17120,17260,LyricalReferenceTo,,,,
17120,17314,InStyleOf,,,,
17122,15889,DirectlySamples,Oceanus Folk,2037,Psychedelic Rock,2023
17123,6251,InStyleOf,Oceanus Folk,2037,,
17123,11472,CoverOf,Oceanus Folk,2037,,
17125,17245,InStyleOf,Oceanus Folk,2037,,
17126,17255,LyricalReferenceTo,,,,
17126,17314,InterpolatesFrom,,,,
17129,673,InterpolatesFrom,,,Doom Metal,2023
17129,6989,InStyleOf,,,Emo/Pop Punk,2023
17131,7128,LyricalReferenceTo,Avant-Garde Folk,2033,Dream Pop,1992
17133,1088,InStyleOf,Avant-Garde Folk,2039,Synthpop,1991
17133,9010,InterpolatesFrom,Avant-Garde Folk,2039,Jazz Surf Rock,2021
17134,9290,InterpolatesFrom,Avant-Garde Folk,2035,Alternative Rock,2018
17134,15885,LyricalReferenceTo,Avant-Garde Folk,2035,Dream Pop,1995
17138,17299,LyricalReferenceTo,,,,
17140,3339,LyricalReferenceTo,,,,
17140,7484,InStyleOf,,,,
17141,9200,InStyleOf,,,Indie Folk,2027
17142,1402,CoverOf,Symphonic Metal,2036,,
17142,16036,InStyleOf,Symphonic Metal,2036,Alternative Rock,2005
17144,653,LyricalReferenceTo,Symphonic Metal,2033,,
17145,1779,CoverOf,Symphonic Metal,2032,Indie Folk,2017
17146,17260,InStyleOf,,,,
17147,17131,InStyleOf,,,Avant-Garde Folk,2033
17147,16508,LyricalReferenceTo,,,,
17148,11329,CoverOf,,,Space Rock,2025
17148,14804,InStyleOf,,,Americana,2027
17149,16715,InStyleOf,,,,
17149,15275,DirectlySamples,,,,
17150,1915,InStyleOf,Indie Rock,2035,Synthwave,2023
17150,4406,LyricalReferenceTo,Indie Rock,2035,Southern Gothic Rock,2013
17151,1221,LyricalReferenceTo,Indie Rock,2035,,
17151,12629,LyricalReferenceTo,Indie Rock,2035,Dream Pop,2026
17153,8634,InStyleOf,Indie Rock,2034,Americana,2017
17153,11767,InStyleOf,Indie Rock,2034,Oceanus Folk,2004
17154,1652,InterpolatesFrom,Indie Rock,2034,,
17155,17327,InterpolatesFrom,,,,
17155,17255,InterpolatesFrom,,,,
17156,14091,InStyleOf,,,Synthwave,2023
17156,7687,InStyleOf,,,,
17157,6193,InStyleOf,,,Southern Gothic Rock,2008
17158,14699,InterpolatesFrom,,,,
17158,2784,InStyleOf,,,,
17161,2019,CoverOf,Synthpop,2032,Dream Pop,2029
17161,16100,CoverOf,Synthpop,2032,Dream Pop,2020
17162,12742,CoverOf,Synthpop,2033,Darkwave,1997
17163,9335,CoverOf,Synthpop,2033,Indie Rock,2016
17230,17327,InterpolatesFrom,,,,
17231,14352,InterpolatesFrom,,,Doom Metal,2023
17231,14296,InStyleOf,,,,
17232,4985,InStyleOf,,,Indie Folk,2026
17232,6279,LyricalReferenceTo,,,Alternative Rock,2028
17233,4425,InStyleOf,Oceanus Folk,2029,Indie Folk,2010
17235,17260,InStyleOf,,,,
17235,17314,DirectlySamples,,,,
17237,12623,InterpolatesFrom,,,,
17238,7107,CoverOf,Oceanus Folk,2027,Dream Pop,2020
17238,9068,CoverOf,Oceanus Folk,2027,,
17243,17299,LyricalReferenceTo,,,,
17243,17260,InterpolatesFrom,,,,
17244,7097,InterpolatesFrom,,,,
17244,7488,InStyleOf,,,Doom Metal,2026
17247,13179,InStyleOf,Oceanus Folk,2030,Dream Pop,2016
17247,14125,LyricalReferenceTo,Oceanus Folk,2030,Indie Folk,2017
17250,17327,DirectlySamples,,,,
17250,17314,InStyleOf,,,,
17251,2082,CoverOf,,,Synthwave,1997
17253,10319,LyricalReferenceTo,Oceanus Folk,2028,Psychedelic Rock,2014
17255,17260,DirectlySamples,,,,
17255,17299,InStyleOf,,,,
17255,17327,LyricalReferenceTo,,,,
17255,17192,InStyleOf,,,,
17260,17167,InStyleOf,,,,
17260,17314,InStyleOf,,,,
17260,17299,LyricalReferenceTo,,,,
17260,17192,InterpolatesFrom,,,,
17261,2197,DirectlySamples,,,,
17261,9223,CoverOf,,,Alternative Rock,2017
17270,11859,InterpolatesFrom,Oceanus Folk,2026,,
17270,16209,InStyleOf,Oceanus Folk,2026,Dream Pop,2017
17273,3881,InStyleOf,,,Synthwave,2004
17273,9848,CoverOf,,,Indie Pop,2030
17275,16312,CoverOf,,,Psychedelic Rock,2010
17275,15855,InStyleOf,,,Synthwave,2003
17277,876,LyricalReferenceTo,,,Indie Rock,2010
17277,3986,LyricalReferenceTo,,,Americana,2015
17279,14658,InterpolatesFrom,Oceanus Folk,2028,,
17280,14933,CoverOf,Oceanus Folk,2028,Indie Rock,2022
17280,10534,InStyleOf,Oceanus Folk,2028,Psychedelic Rock,2026
17285,8207,InStyleOf,Oceanus Folk,2030,Alternative Rock,2004
17286,10903,InStyleOf,Oceanus Folk,2032,Dream Pop,2028
17287,13589,LyricalReferenceTo,Oceanus Folk,2034,Avant-Garde Folk,2023
17287,11254,InterpolatesFrom,Oceanus Folk,2034,Indie Folk,2017
17289,5574,InStyleOf,Oceanus Folk,2034,Indie Folk,2017
17290,12685,InterpolatesFrom,Oceanus Folk,2036,Alternative Rock,2031
17290,12237,InStyleOf,Oceanus Folk,2036,Indie Rock,2023
17292,13014,DirectlySamples,Oceanus Folk,2038,Indie Rock,2020
17292,6592,InStyleOf,Oceanus Folk,2038,Emo/Pop Punk,2000
17303,1088,InterpolatesFrom,,,Synthpop,1991
17307,17200,LyricalReferenceTo,Oceanus Folk,2001,Celtic Folk,1981
17308,8812,DirectlySamples,Oceanus Folk,2001,Synthwave,1995
17330,2500,CoverOf,,,Dream Pop,2008
17331,14784,InterpolatesFrom,,,Synthwave,1999
17331,632,LyricalReferenceTo,,,Alternative Rock,2012
17333,4222,InStyleOf,Oceanus Folk,2005,Dream Pop,1991
17338,3862,LyricalReferenceTo,Oceanus Folk,2013,,
17339,5840,LyricalReferenceTo,Oceanus Folk,2013,Southern Gothic Rock,2012
17340,17192,InStyleOf,,,,
17340,17207,DirectlySamples,,,,
17340,17299,LyricalReferenceTo,,,,
17342,9662,CoverOf,Oceanus Folk,2029,,
17342,12867,InterpolatesFrom,Oceanus Folk,2029,Indie Rock,2017
17343,15911,InStyleOf,Oceanus Folk,2029,Symphonic Metal,2023
17344,4613,InStyleOf,Oceanus Folk,2029,Alternative Rock,2025
17344,14030,DirectlySamples,Oceanus Folk,2029,Indie Folk,2023
17345,11191,CoverOf,Oceanus Folk,2029,,
17347,10819,InStyleOf,Oceanus Folk,2029,Space Rock,2029
17349,17260,InStyleOf,,,,
17349,17327,LyricalReferenceTo,,,,
17350,10016,CoverOf,,,Symphonic Metal,2023
17351,14505,DirectlySamples,Oceanus Folk,2031,Southern Gothic Rock,2024
17352,11485,InStyleOf,Oceanus Folk,2031,,
17352,2963,CoverOf,Oceanus Folk,2031,,
17353,14890,CoverOf,Oceanus Folk,2031,Desert Rock,2017
17354,1830,CoverOf,Oceanus Folk,2031,Post-Apocalyptic Folk,2029
17354,7180,CoverOf,Oceanus Folk,2031,Oceanus Folk,2023
17355,17207,InStyleOf,,,,
17355,17314,LyricalReferenceTo,,,,
17361,17255,DirectlySamples,,,,
17361,17260,InStyleOf,,,,
17362,12858,InStyleOf,,,Doom Metal,2023
17362,11429,InterpolatesFrom,,,Dream Pop,2027
17363,14191,DirectlySamples,,,Dream Pop,2026
17363,4609,CoverOf,,,Avant-Garde Folk,1997
17364,7441,LyricalReferenceTo,Oceanus Folk,2034,,
17367,3520,InterpolatesFrom,Oceanus Folk,2035,Oceanus Folk,2026
17368,4854,DirectlySamples,Oceanus Folk,2035,Southern Gothic Rock,2004
17411,9068,InterpolatesFrom,Oceanus Folk,2033,,
