id,Node Type,name,single,release_date,genre,notable,written_date,stage_name,notoriety_date,in_degree,out_degree
1,Person,Carlos Duffy,,,,,,,,0,2
2,Person,Min Qin,,,,,,,,0,2
3,Person,Xiuying Xie,,,,,,,,0,1
6,Person,Luke Payne,,,,,,,,0,1
7,Person,Xiulan Zeng,,,,,,,,0,12
8,Person,David Franklin,,,,,,,,0,4
11,Person,Gang Long,,,,,,,,0,3
12,Person,Yong Yi,,,,,,,,0,2
13,Person,Li Yi,,,,,,,,0,4
16,Person,Timothy Shea,,,,,,,,0,3
17,Person,Philippine Colin,,,,,,,,0,2
18,Person,Connor Juarez,,,,,,,,0,1
19,Person,Jordan Mullins,,,,,,,,0,2
20,Person,Xiuying Meng,,,,,,,,0,3
27,Person,Anatol Dietz,,,,,,The Hollow Lantern,,0,4
28,Person,Tracy Simpson,,,,,,,,0,1
29,Person,Lorraine Martinez,,,,,,,,0,9
30,Person,Megan Bennett,,,,,,,,0,33
36,Person,Alexis Church,,,,,,,,0,1
37,Person,Hansh Ramanathan,,,,,,,,0,4
40,Person,Na Dong,,,,,,,,0,5
43,Person,James Taylor,,,,,,,,0,6
44,Person,Jennifer Smith,,,,,,,,0,2
45,Person,Kyle Anderson,,,,,,,,0,2
49,Person,Xia Yang,,,,,,,,0,1
50,Person,Tao Zeng,,,,,,,,0,2
51,Person,Guiying Qin,,,,,,,,0,1
52,Person,Na Guo,,,,,,,,0,6
55,Person,Miki Hasegawa,,,,,,,,0,2
56,Person,Asuka Takahashi,,,,,,,,0,6
57,Person,Miki Miura,,,,,,,,0,2
61,Person,Mitchell Hernandez,,,,,,,,0,1
62,Person,Christopher Harris,,,,,,,,0,1
63,Person,Min Qiao,,,,,,,,0,1
64,Person,April Morris,,,,,,,,0,1
65,Person,Sara Parker,,,,,,,,0,6
66,Person,Gang Su,,,,,,,,0,1
67,Person,Guiying Pan,,,,,,,,0,6
72,Person,Amy Mejia,,,,,,,,0,2
73,Person,Yang Pan,,,,,,,,0,1
74,Person,Min Hu,,,,,,,,0,8
75,Person,Juan Feng,,,,,,,,0,7
76,Person,Ming Ren,,,,,,,,0,6
82,Person,Min Ye,,,,,,,,0,7
83,Person,Loretta Roberts,,,,,,,,0,5
87,Person,Jun Gu,,,,,,,,0,2
88,Person,Yan Feng,,,,,,,,0,1
89,Person,Xiuying Dong,,,,,,,,0,3
90,Person,Xiulan Li,,,,,,,,0,7
93,Person,Jun Fan,,,,,,,,0,3
94,Person,Yan Yuan,,,,,,,,0,1
95,Person,Diana Johnson,,,,,,,,0,1
96,Person,Tammy Washington,,,,,,,,0,1
97,Person,Lei Zhou,,,,,,,,0,1
98,Person,Yong Yu,,,,,,,,0,3
99,Person,Miki Hayashi,,,,,,,,0,8
103,Person,Cristina Marenzio,,,,,,,,0,2
104,Person,Enzio Caffarelli,,,,,,,,0,2
107,Person,Pompeo Turchi,,,,,,,,0,5
108,Person,Brandon Vasquez,,,,,,,,0,6
109,Person,Audrey-Camille Nicolas,,,,,,,,0,10
113,Person,Fang Zhong,,,,,,,,0,3
114,Person,Jie Long,,,,,,,,0,3
115,Person,Ping Meng,,,,,,,,0,19
116,Person,Wei Ye,,,,,,,,0,3
122,Person,Sabina Hrušková,,,,,,,,0,1
123,Person,Naděžda Pešková,,,,,,,,0,1
124,Person,Michal Žák,,,,,,,,0,1
125,Person,Miluše Dušková,,,,,,,,0,1
126,Person,Miloš Pokorný,,,,,,,,0,5
129,Person,Kim Gonzalez,,,,,, Ray Phoenix,,0,1
130,Person,Yang Gu,,,,,,,,0,1
131,Person,Li Lin,,,,,,,,0,1
132,Person,Jie Yu,,,,,,,,0,1
133,Person,Juan Luo,,,,,,,,0,1
134,Person,Steven Cordova,,,,,,,,0,1
135,Person,Xia Chang,,,,,,,,0,1
136,Person,Fang Kong,,,,,,,,0,1
140,Person,Min Pan,,,,,,Oblivion Rhapsody,,0,1
141,Person,Xia Wu,,,,,,,,0,15
142,Person,Wei Tang,,,,,,,,0,9
145,Person,Adrien Charles,,,,,,,,0,6
146,Person,Na Tang,,,,,,,,0,2
147,Person,Na Qian,,,,,,,,0,5
149,Person,Xia Fu,,,,,,,,0,9
150,Person,Li Luo,,,,,,,,0,16
151,Person,Gang Zhao,,,,,,,,0,13
156,Person,Andrzej Schottin-Mühle,,,,,,,,0,2
157,Person,Daria Boucsein,,,,,,,,0,2
158,Person,Orhan Krein,,,,,,,,0,3
159,Person,Ashley Waters,,,,,,,,0,1
160,Person,Hans-Theo Eckbauer-Dehmel,,,,,,,,0,3
161,Person,Sophia Baracca-Solimena,,,,,,,,0,2
162,Person,Mia Carsten,,,,,,,,0,8
163,Person,Regina Hesse,,,,,,,,0,18
170,Person,Chao Yu,,,,,,,,0,5
171,Person,Chao Qiao,,,,,,,,0,3
172,Person,Lei Liao,,,,,,,,0,14
177,Person,Jie Yan,,,,,,,,0,1
178,Person,Li Mo,,,,,,,,0,4
179,Person,Emily Huynh,,,,,,,,0,1
180,Person,Gang Yang,,,,,,,,0,1
183,Person,Guiying Feng,,,,,,,,0,1
184,Person,Heidi Perez,,,,,,,,0,1
185,Person,Lei Xue,,,,,,,,0,1
188,Person,Cecilia Scholz,,,,,,,,0,2
189,Person,Alma Davids,,,,,,,,0,2
190,Person,Peter Haering,,,,,,,,0,12
193,Person,Elizabeth Phillips,,,,,,,,0,2
194,Person,Ming Xiang,,,,,,,,0,2
197,Person,Xia Ren,,,,,,,,0,4
198,Person,Wei Wu,,,,,,,,0,1
199,Person,Tao Wei,,,,,,,,0,1
201,Person,Fang Zou,,,,,,,,0,3
202,Person,Guiying Pan,,,,,,,,0,3
203,Person,Tao Yao,,,,,,,,0,1
204,Person,Juan Sun,,,,,,,,0,1
205,Person,Jun Wei,,,,,,,,0,2
206,Person,Tao Liao,,,,,,,,0,1
207,Person,Juan Jia,,,,,,,,0,5
211,Person,Jing Han,,,,,,,,0,1
212,Person,Jun Yao,,,,,,,,0,2
213,Person,Lei Xie,,,,,,,,0,1
214,Person,Qiang Cai,,,,,,,,0,2
215,Person,Qiang Huang,,,,,,,,0,1
217,Person,Honoré Foucher,,,,,,,,0,8
220,Person,Ewa Zwara,,,,,, Azure Wind,,0,2
221,Person,Olaf Szumny,,,,,,,,0,4
222,Person,Jakub Dziuda,,,,,,,,0,8
223,Person,Borys Kościk,,,,,,,,0,16
226,Person,Ping Mo,,,,,,,,0,3
227,Person,Chao Bai,,,,,,,,0,2
228,Person,Na Gao,,,,,,,,0,1
229,Person,Willie Phelps,,,,,,,,0,1
230,Person,Jing Zhong,,,,,,,,0,1
234,Person,Beth Carpenter,,,,,,,,0,3
235,Person,Shannon Gordon,,,,,,,,0,12
236,Person,Kimberly Castillo,,,,,,,,0,13
240,Person,Matthieu-Daniel Launay,,,,,,,,0,1
241,Person,Yan Jia,,,,,,,,0,4
242,Person,Juan Cai,,,,,,,,0,2
243,Person,Saira Sood,,,,,,,,0,1
250,Person,Mareen Schacht,,,,,,,,0,18
251,Person,Chantal Stadelmann,,,,,,,,0,2
252,Person,Stephanie Morales,,,,,,,,0,3
253,Person,Amanda Nelson,,,,,,,,0,2
254,Person,Dörthe Dehmel,,,,,,,,0,3
259,Person,David Sloan,,,,,,,,0,1
260,Person,Gerald Shepherd,,,,,,,,0,1
261,Person,Shawn Hart,,,,,,,,0,1
265,Person,Wei Zhang,,,,,,,,0,1
266,Person,Ping Meng,,,,,,,,0,3
267,Person,Walter White,,,,,,,,0,6
268,Person,Na Kang,,,,,,,,0,2
269,Person,Xia Zhong,,,,,,,,0,3
273,Person,Tao Zou,,,,,,,,0,3
274,Person,Li Xie,,,,,,,,0,4
275,Person,Na Lai,,,,,,,,0,1
276,Person,Kendra Miller,,,,,,,,0,2
280,Person,George Bailey,,,,,,,,0,2
281,Person,William Tran,,,,,,,,0,1
284,Person,Liza Rijcken,,,,,,,,0,1
285,Person,Ben Ponci,,,,,,,,0,1
286,Person,Liza Mahieu-Groenestein,,,,,,,,0,1
287,Person,Ryan van 't Houteveen-Luboch,,,,,,,,0,1
288,Person,Gerlind Sager-Ortmann,,,,,,,,0,4
289,Person,Liam de Vrome,,,,,,,,0,2
293,Person,Joseph Alvarez,,,,,,,,0,1
294,Person,Xiulan Huang,,,,,,,,0,1
295,Person,Xia Shen,,,,,,,,0,1
296,Person,Juan Long,,,,,,,,0,7
299,Person,Ingbert Hertrampf,,,,,,,,0,3
300,Person,Klaus-Günter Kensy,,,,,,,,0,6
301,Person,Robert Peters,,,,,,,,0,2
302,Person,Cindy Lübs,,,,,,,,0,9
303,Person,Corinna Gute,,,,,,,,0,15
304,Person,Belinda Knappe,,,,,,,,0,19
305,Person,Bekir Bruder,,,,,,,,0,18
309,Person,Jun Ye,,,,,,,,0,2
310,Person,Min Long,,,,,,,,0,1
313,Person,Li Liao,,,,,,,,0,1
314,Person,Cristian Bonilla,,,,,,,,0,11
315,Person,Xiuying Guo,,,,,,,,0,3
316,Person,Lei Xue,,,,,,,,0,7
317,Person,Gang Bai,,,,,,,,0,13
322,Person,Kelly Long,,,,,,,,0,1
323,Person,Janice Fuentes,,,,,,,,0,2
324,Person,Samantha Padilla,,,,,,,,0,1
325,Person,Ryan Pollard,,,,,,,,0,1
326,Person,Laura Davis,,,,,,,,0,1
330,Person,Kerri Weeks,,,,,,,,0,3
331,Person,Louis Armstrong,,,,,,,,0,2
332,Person,David Hayes,,,,,,,,0,6
333,Person,Lauren Foster,,,,,,,,0,3
334,Person,Christopher Lee,,,,,,,,0,6
340,Person,Kornelia Raczkiewicz,,,,,,,,0,1
341,Person,Dierk Bohlander,,,,,,,,0,5
345,Person,Laila Rosenow-Mans,,,,,,,,0,1
346,Person,Ulrich Klotz,,,,,,,,0,2
347,Person,Frau Marianna Wernecke,,,,,,,,0,4
350,Person,Michael Williamson,,,,,,,,0,1
351,Person,Tao Tan,,,,,,,,0,1
352,Person,Guiying Fang,,,,,,,,0,2
353,Person,Li Zheng,,,,,,,,0,2
354,Person,Qiang Zheng,,,,,,,,0,1
355,Person,Juan Yin,,,,,,,,0,10
356,Person,Ping Bai,,,,,,,,0,1
359,Person,Wei Mao,,,,,,,,0,2
360,Person,Wei Xiao,,,,,,,,0,4
361,Person,Gang Chen,,,,,,,,0,4
362,Person,Yong Yao,,,,,,,,0,2
366,Person,Juan Meng,,,,,,,,0,2
367,Person,Tao Yan,,,,,,,,0,1
368,Person,Juan Zhu,,,,,,,,0,2
369,Person,Ping Liang,,,,,,,,0,2
372,Person,Tao Cui,,,,,, FL∆ME,,0,5
373,Person,Na Hu,,,,,,,,0,1
374,Person,Tao Qin,,,,,,,,0,1
377,Person,Hildegund Wilmsen,,,,,,,,0,2
378,Person,Rosalie Hettner-Warmer,,,,,,,,0,3
379,Person,Jutta Matthäi,,,,,,,,0,2
380,Person,Hanne-Lore Scholl-Heser,,,,,,,,0,3
383,Person,Mackenzie Compton,,,,,,Arcana,,0,1
384,Person,Hannah Wilkinson,,,,,,Leo Sinclair,,0,1
385,Person,Cynthia Nash,,,,,,,,0,1
386,Person,Sharon Holland,,,,,,,,0,1
387,Person,Beverly Johnson,,,,,,,,0,1
388,Person,Jun Song,,,,,,,,0,2
392,Person,Jing Yang,,,,,,,,0,2
393,Person,Xia Li,,,,,,,,0,1
394,Person,Min Jin,,,,,,,,0,1
396,Person,Min Chang,,,,,,,,0,1
397,Person,Qiang Meng,,,,,,,,0,3
398,Person,Xia Chen,,,,,,,,0,1
399,Person,Wei Bai,,,,,,,,0,1
403,Person,Dunja Reinhardt,,,,,,,,0,6
404,Person,Eckehard Wagner,,,,,,,,0,3
405,Person,Leyla Graf-Gotthard,,,,,,,,0,28
408,Person,Barbara Russell,,,,,,,,0,2
409,Person,William Warren,,,,,,,,0,1
410,Person,Destiny Norman,,,,,,,,0,3
414,Person,Jimmy Brown,,,,,,,,0,2
415,Person,Denise Bell,,,,,,,,0,3
420,Person,Jasmine Thompson,,,,,,,,0,1
421,Person,Deanna Johnson,,,,,,,,0,2
424,Person,Sherry Russell,,,,,,,,0,3
425,Person,Hazel Kara,,,,,,,,0,8
426,Person,Juan Hu,,,,,,,,0,1
427,Person,Tammy Mcdonald,,,,,,,,0,3
432,Person,Lei Zhou,,,,,,,,0,1
433,Person,Ping Chen,,,,,,,,0,2
434,Person,Juan Gao,,,,,,,,0,4
435,Person,Juan Xu,,,,,,,,0,3
436,Person,Deborah Rogers,,,,,,,,0,2
439,Person,Fang Zou,,,,,,,,0,1
440,Person,Gang Cui,,,,,,,,0,7
441,Person,Alisha Fuller,,,,,,,,0,9
442,Person,John Ferguson,,,,,,,,0,5
443,Person,Guiying Qin,,,,,,,,0,8
446,Person,Joseph Vargas,,,,,,,,0,2
447,Person,Keith Harrison,,,,,,,,0,1
450,Person,Jun Cao,,,,,,,,0,8
451,Person,Gang Lei,,,,,,,,0,4
452,Person,Juan Luo,,,,,,,,0,1
455,Person,Yang Peng,,,,,,,,0,13
456,Person,Yan Tang,,,,,,,,0,5
457,Person,Min Cao,,,,,,,,0,8
462,Person,Marie-Louise Wesack,,,,,,,,0,2
463,Person,Alexei Gotthard,,,,,,,,0,1
464,Person,Alma Vollbrecht,,,,,,,,0,1
465,Person,Ildiko Wesack,,,,,,,,0,1
468,Person,Tao Dong,,,,,, Thunder Child,,0,1
469,Person,Jing Yang,,,,,,,,0,2
470,Person,Jun Qiu,,,,,,,,0,1
471,Person,Juan Xiong,,,,,,,,0,1
474,Person,Jie Hou,,,,,,,,0,1
475,Person,Qiang Lai,,,,,,,,0,1
476,Person,Xiuying Yuan,,,,,,,,0,2
479,Person,Yong Fan,,,,,,,,0,1
480,Person,Jun Wan,,,,,,,,0,6
483,Person,Wei Su,,,,,,,,0,4
484,Person,Min Zhou,,,,,,,,0,1
486,Person,Veronica Burns,,,,,,,,0,1
487,Person,Andrew Lang,,,,,,,,0,5
492,Person,Yang Pan,,,,,,,,0,1
493,Person,Chao Shen,,,,,,,,0,1
494,Person,Fang Wan,,,,,,,,0,1
495,Person,Qiang Wu,,,,,,,,0,5
498,Person,Joshua Brewer,,,,,,,,0,1
499,Person,Wei Li,,,,,,,,0,1
500,Person,Chao Jin,,,,,,,,0,2
501,Person,Wei Meng,,,,,,,,0,1
505,Person,Juan Shi,,,,,, Storm,,0,1
506,Person,Erin Mitchell,,,,,,,,0,2
507,Person,Li Lei,,,,,,,,0,1
508,Person,Tao He,,,,,,,,0,4
511,Person,Mateusz Mikoda,,,,,,,,0,4
512,Person,Aniela Wszoła,,,,,,,,0,2
513,Person,Tobiasz Haponiuk,,,,,,,,0,2
517,Person,Chiyo Nakajima,,,,,,,,0,2
518,Person,Tsubasa Sasaki,,,,,,,,0,1
521,Person,Nisa van de Biezenbos,,,,,,,,0,2
522,Person,Yara Robbrechts Bruijne,,,,,,,,0,1
523,Person,Sophie Broeckx,,,,,,,,0,1
526,Person,Yumiko Ito,,,,,,,,0,4
527,Person,Kenichi Matsuda,,,,,,,,0,1
528,Person,Tomoya Shimizu,,,,,,,,0,1
529,Person,Mai Sato,,,,,,,,0,4
534,Person,Jie Shen,,,,,,,,0,1
535,Person,Guiying Pan,,,,,,,,0,2
536,Person,Juan Zeng,,,,,,,,0,1
537,Person,Jie Yao,,,,,,,,0,2
538,Person,Na Hu,,,,,,,,0,2
539,Person,Chao Yang,,,,,,,,0,2
540,Person,Rei Ito,,,,,,,,0,5
544,Person,Gisa Hettner-Adler,,,,,,,,0,1
545,Person,Herr Heinz-Walter Scheuermann,,,,,,,,0,5
546,Person,Emmy Bonbach,,,,,,,,0,6
547,Person,Hilmar Hänel,,,,,,,,0,5
551,Person,Szymon Pyć,,,,,,,,0,49
554,Person,William Lynch,,,,,,,,0,1
555,Person,Justin Morse,,,,,,,,0,2
556,Person,Eduardo Gonzalez,,,,,,,,0,1
559,Person,Christine Bonnin-Morel,,,,,,,,0,4
560,Person,Charlotte Lefèvre,,,,,,,,0,4
561,Person,Rémy Denis de Duhamel,,,,,,,,0,6
562,Person,Antoine Perrot-Léger,,,,,,,,0,6
564,Person,Yan Su,,,,,,,,0,4
565,Person,Wei Mo,,,,,,,,0,3
566,Person,Tao Yang,,,,,,,,0,8
567,Person,Juan Yan,,,,,,,,0,5
570,Person,Lei Ma,,,,,,,,0,2
571,Person,Erin Fox,,,,,,,,0,5
572,Person,Scott Nichols,,,,,,,,0,2
573,Person,Jie Zheng,,,,,,,,0,2
578,Person,Wei Gao,,,,,,,,0,1
579,Person,Lei Fu,,,,,,,,0,4
582,Person,Sophia Dippel,,,,,,,,0,2
583,Person,Concetta Klotz,,,,,,,,0,4
586,Person,John Barnes,,,,,,,,0,1
587,Person,Kelly Cummings,,,,,,,,0,1
588,Person,Min Yan,,,,,,,,0,2
591,Person,Jun Cui,,,,,,,,0,2
592,Person,Xiulan Shen,,,,,,,,0,9
593,Person,Li Lei,,,,,,,,0,9
594,Person,Na Fan,,,,,,,,0,9
595,Person,Chao Zou,,,,,,,,0,2
598,Person,Kayla Campbell,,,,,,,,0,4
599,Person,Stacey Bruce,,,,,,,,0,1
601,Person,Kayla Taylor,,,,,, K.O. James,,0,1
602,Person,Jason Roberts,,,,,,,,0,2
603,Person,Gary Wallace,,,,,,,,0,1
604,Person,Linda Ward,,,,,,,,0,2
605,Person,Lindsay Marsh,,,,,,,,0,1
606,Person,Isabella Cook,,,,,,,,0,1
607,Person,Shannon Romero,,,,,,,,0,1
608,Person,Mary Griffin,,,,,,,,0,1
612,Person,Elizabeth Saunders,,,,,,,,0,6
613,Person,Jonathan Snyder,,,,,,,,0,1
614,Person,Xiulan He,,,,,,,,0,4
615,Person,Shawn Wilson,,,,,,,,0,2
616,Person,Jermaine York,,,,,,,,0,1
617,Person,Tao Yang,,,,,,,,0,18
622,Person,Andrew Snyder,,,,,,,,0,6
626,Person,Kornel Troka,,,,,,,,0,2
627,Person,Liwia Olbrych,,,,,,,,0,8
628,Person,Nicole Sudak,,,,,,,,0,6
629,Person,Marcelina Ogłaza,,,,,,,,0,2
633,Person,Guiying Shi,,,,,,,,0,10
634,Person,Jie Hu,,,,,,,,0,5
637,Person,Ping Zhang,,,,,, Zara Moon,,0,1
638,Person,Guiying Gu,,,,,,,,0,1
639,Person,Ming Yan,,,,,,,,0,3
643,Person,Min Chang,,,,,,,,0,2
644,Person,Qiang Shi,,,,,,,,0,3
645,Person,Lei Yi,,,,,,,,0,1
646,Person,Hans-H. Jacobi Jäckel,,,,,,,,0,1
647,Person,Jie Gu,,,,,,,,0,3
648,Person,Jie Zheng,,,,,,,,0,5
649,Person,Na Pan,,,,,,,,0,5
650,Person,Gang Liao,,,,,,,,0,1
654,Person,Guiying Zhou,,,,,,,,0,3
655,Person,Lei Fan,,,,,,,,0,2
656,Person,Yang Cui,,,,,,,,0,4
657,Person,Min Liao,,,,,,,,0,3
658,Person,Min Xie,,,,,,,,0,3
659,Person,Li Mo,,,,,,,,0,1
660,Person,Xiuying Mao,,,,,,,,0,2
663,Person,Ping He,,,,,,,,0,2
664,Person,Ping Xie,,,,,,,,0,1
665,Person,Mary Harris,,,,,,,,0,2
666,Person,Tanya Webb,,,,,,,,0,1
667,Person,Ping Wei,,,,,,,,0,2
668,Person,Xia Ye,,,,,,,,0,1
669,Person,Adam Hinton,,,,,,,,0,1
674,Person,Anna Shaw,,,,,,,,0,2
675,Person,Jake Marchal,,,,,,,,0,1
676,Person,Brandon Bartlett,,,,,,,,0,7
677,Person,Kristin Miranda,,,,,,,,0,3
678,Person,Nathan Bryant,,,,,,,,0,7
679,Person,James Reyes,,,,,,,,0,5
680,Person,Todd Maldonado,,,,,,,,0,3
684,Person,Gang Zhao,,,,,,,,0,2
685,Person,Fang Wu,,,,,,,,0,2
686,Person,Yang Zheng,,,,,,,,0,3
687,Person,Gang Chen,,,,,,,,0,3
688,Person,Ming Xiao,,,,,,,,0,1
691,Person,Blake Rodriguez,,,,,,,,0,3
692,Person,Carrie Martin,,,,,,,,0,2
696,Person,Fang Chen,,,,,,,,0,4
697,Person,Yong Zheng,,,,,,,,0,28
700,Person,Michelle Shepard,,,,,,,,0,1
701,Person,Jonathan Williams,,,,,,,,0,1
702,Person,Noah Overeem,,,,,,,,0,7
703,Person,Makayla Stone,,,,,,,,0,7
706,Person,Karl-Josef Reinhardt,,,,,,,,0,1
707,Person,Kelsey Campbell,,,,,,,,0,10
708,Person,Karin Dippel,,,,,,,,0,5
709,Person,Ida Lachmann,,,,,,,,0,4
714,Person,Jie Cai,,,,,, Lotus Grey,,0,2
715,Person,Li Wei,,,,,,,,0,2
716,Person,Charlene Lopez,,,,,,,,0,4
717,Person,Ping Lin,,,,,,,,0,2
718,Person,Lei Gu,,,,,,,,0,2
721,Person,Ryan Devan,,,,,,,,0,1
722,Person,Onkar Kata,,,,,,,,0,1
723,Person,Tiya Sani,,,,,,,,0,1
724,Person,Tara Kota,,,,,,,,0,2
725,Person,Yuvraj  Dar,,,,,,,,0,1
726,Person,Kimaya Srinivasan,,,,,,,,0,1
727,Person,Ela Batra,,,,,,,,0,1
732,Person,Krista Wallace,,,,,,,,0,4
733,Person,Denise Knight,,,,,,,,0,3
737,Person,Na Wu,,,,,,,,0,1
738,Person,Yong Du,,,,,,,,0,2
739,Person,Lei Qiao,,,,,,,,0,2
740,Person,Xiulan Ye,,,,,,,,0,1
741,Person,Jun Du,,,,,,,,0,3
742,Person,Erin Kim,,,,,,,,0,1
747,Person,Yang Gong,,,,,,,,0,1
748,Person,Xiuying Liang,,,,,,,,0,2
751,Person,Christian Gray,,,,,,,,0,1
752,Person,Xia Xiong,,,,,,,,0,2
753,Person,Lei Yan,,,,,,,,0,13
754,Person,Na Shao,,,,,,,,0,4
758,Person,Rhonda Brown,,,,,,Omnira,,0,1
759,Person,Mary Medina,,,,,,,,0,1
760,Person,Laura Gibbs,,,,,,,,0,1
761,Person,Raymond Mccoy,,,,,,,,0,1
762,Person,Brandy Reyes,,,,,,,,0,1
767,Person,Jie He,,,,,,,,0,4
768,Person,Jun Tan,,,,,,,,0,4
769,Person,Florian van Santen-Sanders,,,,,,,,0,11
770,Person,Na Zheng,,,,,,,,0,2
771,Person,Juan Wei,,,,,,,,0,1
774,Person,Tao Liu,,,,,,,,0,1
775,Person,Virginia Stuart,,,,,,,,0,1
776,Person,David Hebert,,,,,,,,0,1
777,Person,Xiulan Qiao,,,,,,,,0,3
778,Person,Yong Su,,,,,,,,0,1
779,Person,Yang Zhao,,,,,,,,0,11
782,Person,Sara Seguí Vallés,,,,,,,,0,1
783,Person,Mar Abril Balaguer,,,,,,,,0,2
784,Person,Evangelina Bautista Catalá,,,,,,,,0,2
788,Person,Mandy Mendoza,,,,,,,,0,1
789,Person,Mark Shepard,,,,,,,,0,2
790,Person,Walter Sexton,,,,,,,,0,1
791,Person,Andrew Jenkins,,,,,,,,0,2
792,Person,Jeffrey Lee,,,,,,,,0,1
793,Person,David Williams,,,,,,,,0,1
794,Person,Brandon Cohen,,,,,,,,0,1
800,Person,Qiang Lai,,,,,,,,0,2
801,Person,Yan Duan,,,,,,,,0,3
803,Person,Breanna Wright,,,,,,,,0,4
804,Person,Kenneth Armstrong,,,,,,,,0,2
807,Person,Megan Sandoval,,,,,,,,0,2
808,Person,Pavlína Macháčková,,,,,,,,0,5
811,Person,Jun Jiang,,,,,,,,0,3
812,Person,Xia Lu,,,,,,,,0,3
813,Person,Xia Du,,,,,,,,0,3
814,Person,Juan He,,,,,,,,0,1
815,Person,Yan Xiong,,,,,,,,0,2
816,Person,Ping Ren,,,,,,,,0,3
817,Person,Jing Tian,,,,,,,,0,3
818,Person,Lei Fu,,,,,,,,0,1
819,Person,Juan Xiao,,,,,,,,0,3
820,Person,Chao Qiu,,,,,,,,0,2
822,Person,William Mcbride,,,,,,,,0,1
823,Person,Tao Cheng,,,,,,,,0,2
824,Person,Ming Gu,,,,,,,,0,2
825,Person,Xiuying Dong,,,,,,,,0,2
828,Person,Ming Sun,,,,,,,,0,6
829,Person,Xiulan Ren,,,,,,,,0,5
831,Person,Kyle Cook,,,,,,,,0,2
832,Person,Albert White,,,,,,,,0,1
834,Person,Jessica Bernard,,,,,,,,0,1
835,Person,Franck Prévost de la Bertrand,,,,,,,,0,8
836,Person,Adrien Techer du Voisin,,,,,,,,0,3
840,Person,Guiying Jiang,,,,,,,,0,2
841,Person,Ping Ding,,,,,,,,0,1
843,Person,Konstantinos Wende,,,,,,,,0,2
844,Person,Tobias Etzold-Dörr,,,,,,,,0,6
845,Person,Kläre Schacht-Mielcarek,,,,,,,,0,6
847,Person,Robert Harris,,,,,,,,0,2
848,Person,Douglas Griffin,,,,,,,,0,1
849,Person,Anastasios Hölzenbecher-Henschel,,,,,,,,0,1
850,Person,Leo Eberth,,,,,,,,0,8
853,Person,Li Kong,,,,,,Syntara,,0,1
854,Person,Jing Ren,,,,,,,,0,1
855,Person,Ping Meng,,,,,,,,0,1
856,Person,Fang Hao,,,,,,,,0,1
857,Person,Juan Qiu,,,,,,,,0,2
858,Person,Ping Mo,,,,,,,,0,1
859,Person,Wei Cao,,,,,,,,0,1
860,Person,Jie Lai,,,,,,,,0,1
861,Person,Min Ma,,,,,,,,0,1
862,Person,Jie Shao,,,,,,,,0,2
863,Person,Jie Cui,,,,,,,,0,3
864,Person,Na Yin,,,,,,,,0,1
867,Person,Anna Fechner,,,,,,,,0,2
868,Person,Beatrice Albers,,,,,,,,0,1
869,Person,Tillmann Klemm,,,,,,,,0,3
870,Person,Janine Berger,,,,,,,,0,4
872,Person,Marina Acedo Montaña,,,,,,,,0,4
873,Person,Angelita Belda Enríquez,,,,,,,,0,6
874,Person,Paco Yáñez Bravo,,,,,,,,0,2
877,Person,Qiang Zhou,,,,,,,,0,5
878,Person,Jing Kang,,,,,,,,0,24
881,Person,Juan Xu,,,,,,,,0,1
882,Person,Yan Jin,,,,,,,,0,11
883,Person,Yang Peng,,,,,,,,0,9
887,Person,Wei Liao,,,,,, B.D. Wolf,,0,2
888,Person,Gang Shao,,,,,,,,0,3
889,Person,Tao Dai,,,,,,,,0,4
890,Person,Xiulan Lin,,,,,,,,0,2
891,Person,Jie Fan,,,,,,,,0,6
893,Person,Fang Gong,,,,,,,,0,1
894,Person,Jing Qin,,,,,,,,0,1
895,Person,Jennifer Rice,,,,,,,,0,2
896,Person,Yang Zhong,,,,,,,,0,1
897,Person,Brian Johnson,,,,,,,,0,7
898,Person,Elizabeth Chase,,,,,,,,0,1
902,Person,Min Zou,,,,,,,,0,1
903,Person,Xia Wang,,,,,,,,0,1
904,Person,Min Duan,,,,,,,,0,3
905,Person,Daniel Mitchell,,,,,,,,0,3
907,Person,Jun Jiang,,,,,,,,0,2
908,Person,Juan Kang,,,,,,,,0,2
909,Person,Min Tao,,,,,,,,0,6
910,Person,Isabella Turner,,,,,,,,0,1
913,Person,Seth Smith,,,,,,,,0,1
914,Person,Stephanie Wilson,,,,,,,,0,1
915,Person,Deborah Hayes,,,,,,,,0,2
918,Person,Mark Thomas,,,,,,,,0,1
919,Person,Alexandra Levy,,,,,,,,0,4
920,Person,Antonio Fuentes,,,,,,,,0,1
921,Person,Michael Dean,,,,,,,,0,2
923,Person,Hélène Lecomte-Techer,,,,,,,,0,3
926,Person,Gang Su,,,,,,,,0,1
927,Person,Na Wu,,,,,,,,0,2
928,Person,Qiang Qian,,,,,,,,0,1
929,Person,Ming Chen,,,,,,,,0,1
930,Person,Xiuying Duan,,,,,,,,0,1
934,Person,Jun Zhou,,,,,,,,0,8
935,Person,Chao Zhu,,,,,,,,0,1
936,Person,Fang Zhong,,,,,,,,0,5
937,Person,Ming Yan,,,,,,,,0,2
941,Person,Na Yao,,,,,,,,0,6
942,Person,Jun Zeng,,,,,,,,0,1
943,Person,Kevin Carney,,,,,,,,0,6
946,Person,Eva-Marie Seidel-Otto,,,,,,,,0,4
947,Person,Joerg Schleich,,,,,,,,0,1
948,Person,Mirja Jacob,,,,,,,,0,3
949,Person,Hans-Josef Killer,,,,,,,,0,3
952,Person,Ming Gu,,,,,, BLVCK MOON,,0,1
953,Person,Xiulan Hu,,,,,,,,0,1
954,Person,Isabella Smith,,,,,,,,0,2
955,Person,Na Peng,,,,,,,,0,2
956,Person,Xiulan Lei,,,,,,,,0,1
957,Person,Sean Harrison,,,,,,,,0,1
958,Person,Ping Gong,,,,,,,,0,1
959,Person,Qiang Fang,,,,,,,,0,8
960,Person,Sabrina Jenkins,,,,,,,,0,1
963,Person,Yang Zhang,,,,,,,,0,2
964,Person,Anouk Rivière,,,,,,,,0,1
965,Person,Kayla Grimes,,,,,,,,0,1
967,Person,Chao Yao,,,,,,,,0,4
968,Person,Ping Bai,,,,,,,,0,9
971,Person,Andrea Ramirez,,,,,,,,0,1
972,Person,Robin Jones,,,,,,,,0,8
975,Person,Fang Cui,,,,,,,,0,2
976,Person,Wendy Porter,,,,,,,,0,1
977,Person,Yong Han,,,,,,,,0,2
978,Person,Ming Zhao,,,,,,,,0,1
981,Person,Kelly Marshall,,,,,,,,0,1
982,Person,Tao Cui,,,,,,,,0,1
983,Person,Lei Zhao,,,,,,,,0,1
984,Person,Jie Zhu,,,,,,,,0,4
986,Person,Carl Benjamin,,,,,,DOLLAH V,,0,1
987,Person,Karl-Otto Käster,,,,,,,,0,5
989,Person,Matthew Moss,,,,,,,,0,2
990,Person,Elizabeth Johnson,,,,,,,,0,3
991,Person,Dale Stewart,,,,,,,,0,2
992,Person,Robert Jennings,,,,,,,,0,2
996,Person,Ruth Hernandez,,,,,,,,0,3
1000,Person,Juan Peng,,,,,,,,0,1
1001,Person,Scott Daniel,,,,,,,,0,1
1002,Person,Li Wu,,,,,,,,0,2
1003,Person,Ming Cheng,,,,,,,,0,1
1004,Person,Tao Mo,,,,,,,,0,2
1005,Person,Ping Tan,,,,,,,,0,4
1008,Person,Valerio Zapata-Rico,,,,,,,,0,2
1009,Person,Cecilia Parejo Carrillo,,,,,,,,0,1
1010,Person,Belén de Trillo,,,,,,,,0,1
1013,Person,Lei Wei,,,,,,,,0,4
1014,Person,Li Wan,,,,,,,,0,4
1015,Person,Xiuying Kang,,,,,,,,0,1
1019,Person,William Mcfarland,,,,,,,,0,2
1020,Person,Theresa Pena,,,,,,,,0,1
1021,Person,Przemysław Grupa,,,,,,,,0,7
1025,Person,Julien Collin-Texier,,,,,,,,0,2
1026,Person,Sylvie-Chantal Schmitt,,,,,,,,0,2
1027,Person,Claudine Leleu,,,,,,,,0,3
1028,Person,Augustin Raymond,,,,,,,,0,2
1029,Person,Antoine du Adam,,,,,,,,0,3
1030,Person,Chantal Gérard,,,,,,,,0,2
1034,Person,John Ray,,,,,,,,0,2
1035,Person,Tonya Andrews,,,,,,,,0,1
1036,Person,David Johnson,,,,,,,,0,3
1037,Person,Danielle Peters,,,,,,,,0,1
1038,Person,Amanda Davidson,,,,,,,,0,1
1039,Person,Kelli Rojas,,,,,,,,0,1
1040,Person,Jacqueline Young,,,,,,,,0,3
1041,Person,Cassandra Norris,,,,,,,,0,1
1042,Person,Kyle Hill,,,,,,,,0,4
1043,Person,Katherine Castillo,,,,,,,,0,1
1044,Person,Cody Moore,,,,,,,,0,2
1045,Person,Mary Gonzalez,,,,,,,,0,1
1046,Person,Barbara Hall,,,,,,,,0,1
1047,Person,Rebecca Taylor,,,,,,,,0,2
1052,Person,Augustin Besnard-Imbert,,,,,,,,0,6
1053,Person,Dominique Perret,,,,,,,,0,4
1058,Person,Chao Kong,,,,,,,,0,1
1059,Person,Yong Song,,,,,,,,0,1
1060,Person,Yang Yuan,,,,,,,,0,1
1061,Person,Gabriel Olson,,,,,,,,0,1
1063,Person,Valérie Valette,,,,,,,,0,1
1064,Person,Audrey-Suzanne Ribeiro,,,,,,,,0,6
1065,Person,Auguste de la Laroche,,,,,,,,0,1
1066,Person,Franck Hernandez Le Leclerc,,,,,,,,0,8
1070,Person,Jun Wang,,,,,,,,0,1
1071,Person,Gang Zhou,,,,,,,,0,2
1072,Person,Tao Mo,,,,,,,,0,2
1073,Person,Xiulan Gong,,,,,,,,0,2
1074,Person,Jing Cui,,,,,,,,0,24
1077,Person,Kaylee Quinn,,,,,,,,0,2
1078,Person,Na Yan,,,,,,,,0,1
1079,Person,Qiang Yuan,,,,,,,,0,8
1081,Person,Ping He,,,,,,,,0,2
1082,Person,Juan Hu,,,,,,,,0,1
1083,Person,Ping Xia,,,,,,,,0,2
1084,Person,Qiang Bai,,,,,,,,0,8
1085,Person,Lupe Miró,,,,,,,,0,14
1086,Person,Chao Qiu,,,,,,,,0,10
1089,Person,Denise Schroeder,,,,,,,,0,6
1090,Person,Sydney Adams,,,,,,,,0,6
1092,Person,Fang Deng,,,,,,,,0,1
1093,Person,Li Gong,,,,,,,,0,6
1094,Person,Xiulan Tang,,,,,,,,0,5
1097,Person,Corey Ramirez,,,,,,,,0,1
1098,Person,Guiying Bai,,,,,,,,0,29
1099,Person,Wei Ding,,,,,,,,0,12
1102,Person,Sylvie Scholz,,,,,,,,0,4
1103,Person,Ekkehard Förster,,,,,,,,0,11
1107,Person,Shari Willis,,,,,,,,0,2
1108,Person,Sophie Lebrun,,,,,,,,0,2
1109,Person,Eric Shaw,,,,,,,,0,1
1110,Person,Benoît Blanc,,,,,,,,0,1
1114,Person,Jonathan Wyatt,,,,,,,,0,2
1115,Person,Jacob Brown,,,,,,,,0,4
1118,Person,Ping Liao,,,,,, Scarlet Thorn,,0,6
1122,Person,Sherry Martin,,,,,,,,0,1
1123,Person,Ronnie Cook,,,,,,,,0,3
1126,Person,Eugenia Lindner,,,,,,,,0,1
1127,Person,Herr Ulrich Gieß,,,,,,,,0,2
1128,Person,Sandra Peterson,,,,,,,,0,3
1131,Person,Reinhild Krein,,,,,,,,0,3
1132,Person,Mehdi Hering,,,,,,,,0,2
1137,Person,Chao Tian,,,,,,,,0,2
1138,Person,Angela Wallace,,,,,,,,0,3
1139,Person,Crystal Cruz,,,,,,,,0,3
1141,Person,Tamara Solis,,,,,,,,0,7
1142,Person,Sandra Green,,,,,,,,0,4
1143,Person,Michelle Williams,,,,,,,,0,4
1146,Person,Rick House,,,,,,,,0,1
1147,Person,Victoria Williams,,,,,,,,0,2
1148,Person,Patricia Rodriguez,,,,,,,,0,1
1149,Person,Casey Green,,,,,,,,0,1
1150,Person,Angela Thompson,,,,,,,,0,1
1151,Person,Fritz Schuster,,,,,,,,0,1
1152,Person,George Jones,,,,,,,,0,4
1153,Person,Susan Rogers,,,,,,,,0,1
1154,Person,Ronald Rice,,,,,,,,0,1
1157,Person,Lei Feng,,,,,,,,0,2
1158,Person,Juan Zheng,,,,,,,,0,2
1159,Person,James Simon,,,,,,,,0,1
1160,Person,Jie Wen,,,,,,,,0,2
1163,Person,Todd Mcbride,,,,,,,,0,1
1164,Person,Min Shi,,,,,,,,0,1
1165,Person,Xia Fang,,,,,,,,0,2
1166,Person,Lonnie Estrada,,,,,,,,0,1
1167,Person,Kimberly Knight,,,,,,,,0,2
1171,Person,Ivana Vávrová,,,,,,,,0,3
1173,Person,Lilian Gieß,,,,,,,,0,3
1174,Person,Herr Rudolph Schaaf,,,,,,,,0,1
1175,Person,Mario Stumpf,,,,,,,,0,3
1176,Person,Marvin Holzapfel,,,,,,,,0,2
1178,Person,Xiulan Xue,,,,,,,,0,1
1179,Person,Wei Fang,,,,,,,,0,1
1180,Person,Guiying Liao,,,,,,,,0,11
1181,Person,Gang Jia,,,,,,,,0,2
1182,Person,Yan Zou,,,,,,,,0,8
1186,Person,Kenneth Lopez,,,,,,,,0,1
1187,Person,Scott Gutierrez,,,,,,,,0,1
1188,Person,Taylor Poole,,,,,,,,0,2
1191,Person,Amanda Cole,,,,,,,,0,1
1192,Person,Brittany Harvey,,,,,,,,0,2
1193,Person,Elizabeth Parker,,,,,,,,0,3
1196,Person,Na Pan,,,,,,,,0,5
1197,Person,Xia Ding,,,,,,,,0,7
1198,Person,Qiang He,,,,,,,,0,11
1199,Person,Jun Zhang,,,,,,,,0,2
1200,Person,Qiang Zhao,,,,,,,,0,9
1201,Person,Xiuying Fan,,,,,,,,0,9
1202,Person,Emily Nelson,,,,,,,,0,11
1206,Person,Jędrzej Przeniosło,,,,,,,,0,3
1209,Person,Michelle Castro,,,,,,,,0,1
1210,Person,Guiying Duan,,,,,,,,0,2
1211,Person,Fang Wen,,,,,,,,0,2
1214,Person,Chad Garcia,,,,,,,,0,3
1215,Person,Shawn Saunders,,,,,,,,0,2
1218,Person,Li He,,,,,,,,0,1
1219,Person,Yan Cai,,,,,,,,0,14
1220,Person,Jie Lai,,,,,,,,0,10
1222,Person,Jing Qin,,,,,,,,0,3
1223,Person,Gang Yin,,,,,,,,0,6
1224,Person,Richard Smith,,,,,,,,0,1
1225,Person,Min Kong,,,,,,,,0,2
1226,Person,Tracy Ibarra,,,,,,,,0,1
1227,Person,Jun Xia,,,,,,,,0,11
1230,Person,Qiang Cheng,,,,,,,,0,1
1231,Person,Tao Qiao,,,,,,,,0,1
1232,Person,Li Gao,,,,,,,,0,3
1233,Person,Yang Yu,,,,,,,,0,3
1237,Person,Yang Zou,,,,,,,,0,2
1238,Person,Yan Qin,,,,,,,,0,16
1239,Person,Li Cui,,,,,,,,0,2
1240,Person,Tao Gao,,,,,,,,0,2
1241,Person,Fang Su,,,,,,,,0,7
1245,Person,Jing Lin,,,,,,,,0,1
1246,Person,Amber Allen,,,,,,,,0,2
1247,Person,Yan Chen,,,,,,,,0,1
1248,Person,Gang Cao,,,,,,,,0,4
1250,Person,Robin Webster,,,,,,,,0,11
1251,Person,Eugenia Mitschke,,,,,,,,0,15
1252,Person,Clayton Reed,,,,,,,,0,11
1254,Person,Ping Zhao,,,,,,,,0,1
1255,Person,Xiulan Hao,,,,,,,,0,3
1257,Person,Paul Ashley,,,,,,,,0,1
1258,Person,Cynthia Pierce,,,,,,,,0,1
1260,Person,Colleen Sandoval,,,,,,,,0,1
1261,Person,Caroline Reilly,,,,,,,,0,5
1262,Person,Susan Wong,,,,,,,,0,2
1263,Person,Lori Waters,,,,,,,,0,6
1266,Person,Xia Zeng,,,,,,,,0,1
1267,Person,Wei Cao,,,,,,,,0,2
1270,Person,Fang Liang,,,,,,,,0,5
1271,Person,Yang Jin,,,,,,,,0,1
1272,Person,Qiang Zeng,,,,,,,,0,2
1273,Person,Gang Wen,,,,,,,,0,6
1274,Person,Xiulan Kang,,,,,,,,0,2
1275,Person,Gang Shen,,,,,,,,0,15
1276,Person,Yong Dong,,,,,,,,0,15
1277,Person,Min Kong,,,,,,,,0,10
1280,Person,Yan Tan,,,,,, Atlas II,,0,1
1281,Person,Ming Bai,,,,,,,,0,1
1282,Person,Yang Bai,,,,,,,,0,2
1283,Person,Tao Peng,,,,,,,,0,8
1287,Person,Justin Ellison,,,,,,,,0,1
1288,Person,Xiulan Liao,,,,,,,,0,2
1289,Person,Juan Meng,,,,,,,,0,1
1290,Person,Na Wang,,,,,,,,0,1
1294,Person,Urszula Stochmal,,,,,,,,0,31
1295,Person,Marek Oleksa,,,,,,,,0,9
1296,Person,Arkadiusz Ciesielka,,,,,,,,0,1
1299,Person,Gang Ye,,,,,,,,0,1
1300,Person,Xia Liang,,,,,,,,0,1
1301,Person,Lei Han,,,,,,,,0,1
1302,Person,Ming Xue,,,,,,,,0,3
1303,Person,Min Duan,,,,,,,,0,3
1304,Person,Rüdiger Graf,,,,,,,,0,18
1308,Person,Loretta Börner,,,,,,,,0,1
1309,Person,Evi Dietz,,,,,,,,0,1
1311,Person,Juan Zhang,,,,,,,,0,1
1312,Person,Barbara Weitzel,,,,,,,,0,7
1314,Person,Chao Yang,,,,,,Neon Moth,,0,2
1315,Person,Tao Long,,,,,,,,0,1
1316,Person,Guiying Zheng,,,,,,,,0,2
1317,Person,Ping Jin,,,,,,,,0,1
1318,Person,Ming Yao,,,,,,,,0,2
1321,Person,Wieland Käster,,,,,,,,0,1
1322,Person,Fedor Bolzmann,,,,,,,,0,3
1323,Person,Jennifer Faust,,,,,,,,0,1
1324,Person,Cemil Linke,,,,,,,,0,2
1327,Person,Fang Zou,,,,,,,,0,16
1328,Person,Yong Hao,,,,,,,,0,1
1329,Person,Yang Xiang,,,,,,,,0,2
1330,Person,Jie Wen,,,,,,,,0,1
1334,Person,Arthur Sparks,,,,,,,,0,1
1335,Person,Ming Long,,,,,,,,0,14
1336,Person,Yong Lu,,,,,,,,0,4
1337,Person,Guiying Ding,,,,,,,,0,3
1341,Person,Jessica Stewart,,,,,,,,0,7
1344,Person,Jun Wan,,,,,,,,0,2
1345,Person,Gang Du,,,,,,,,0,1
1346,Person,Xiuying Huang,,,,,,,,0,15
1347,Person,Guiying Cao,,,,,,,,0,9
1348,Person,Jing Kang,,,,,,,,0,7
1351,Person,Ping Ma,,,,,,,,0,1
1352,Person,Yong Chang,,,,,,,,0,1
1353,Person,Jun Xia,,,,,,,,0,1
1354,Person,Wei Cao,,,,,,,,0,1
1355,Person,Yan Shao,,,,,,,,0,2
1356,Person,Xia Peng,,,,,,,,0,1
1359,Person,Yong Chen,,,,,,,,0,2
1360,Person,Jie Deng,,,,,,,,0,3
1361,Person,Elizabeth Mccarthy,,,,,,,,0,3
1362,Person,Xia Du,,,,,,,,0,2
1363,Person,Fang Gao,,,,,,,,0,3
1365,Person,Valerie Brown,,,,,,,,0,3
1366,Person,Julie Griffin,,,,,,,,0,2
1367,Person,Cheryl Malone,,,,,,,,0,3
1371,Person,Jiya Raman,,,,,, Golden Wolfe,,0,1
1372,Person,Aayush Cheema,,,,,,,,0,1
1373,Person,Wolfgang Bärer-Holt,,,,,,,,0,1
1374,Person,Nayantara Dugal,,,,,,,,0,1
1376,Person,Dawn Ramsey,,,,,,,,0,4
1377,Person,Li Fu,,,,,,,,0,3
1379,Person,Jason Jones,,,,,,Oblivion Waltz,,0,1
1380,Person,Alex Bridges,,,,,,,,0,2
1381,Person,Adam Carter,,,,,,,,0,1
1382,Person,David Richardson,,,,,,,,0,2
1385,Person,Xiulan Liu,,,,,,,,0,2
1386,Person,Fang Tang,,,,,,,,0,1
1389,Person,Yvette Cohen,,,,,,,,0,1
1390,Person,David Choi,,,,,,,,0,1
1391,Person,Scott Schwartz,,,,,,,,0,2
1392,Person,Bradley Gray,,,,,,,,0,2
1396,Person,Yan Wen,,,,,,,,0,1
1397,Person,Yan Xiao,,,,,,,,0,1
1398,Person,Tao Shen,,,,,,,,0,3
1399,Person,Jeffrey Watson,,,,,,,,0,4
1400,Person,Juan Wang,,,,,,,,0,1
1403,Person,Qiang Zhang,,,,,,,,0,2
1404,Person,Richard Obrien,,,,,,,,0,2
1405,Person,Wesley Walker,,,,,,,,0,2
1406,Person,Yang Yu,,,,,,,,0,3
1408,Person,Amanda Hunter,,,,,, Frost Maven,,0,1
1409,Person,Fang Liang,,,,,,,,0,2
1410,Person,Guiying Yan,,,,,,,,0,11
1413,Person,Feliciano Noguera-Vallejo,,,,,, M¥TH,,0,3
1414,Person,Diya Swamy,,,,,,VYBE LORD,,0,5
1417,Person,Mohamed Sastre Godoy,,,,,,,,0,2
1418,Person,Baudelio Anglada-Valenzuela,,,,,,,,0,3
1419,Person,Lauren Powell,,,,,,,,0,2
1420,Person,Prudencio Nilo Arjona Huguet,,,,,,,,0,3
1423,Person,Halil Neuschäfer,,,,,,,,0,1
1424,Person,Josephine Kabus,,,,,,,,0,1
1426,Person,Susan Rodriguez,,,,,,,,0,2
1427,Person,Miss Cynthia Myers,,,,,,,,0,1
1428,Person,Fang Pan,,,,,,,,0,2
1429,Person,Li Yang,,,,,,,,0,6
1432,Person,David White,,,,,,,,0,1
1433,Person,Justin King,,,,,,,,0,4
1436,Person,Jun Wen,,,,,,,,0,3
1437,Person,Ping Sun,,,,,,,,0,5
1438,Person,Jie Cui,,,,,,,,0,6
1441,Person,Astrid Lecoq,,,,,,,,0,5
1442,Person,Élodie Albert,,,,,,,,0,5
1443,Person,Sayuri Sato,,,,,,,,0,3
1444,Person,Martine Normand,,,,,,,,0,9
1445,Person,Maggie Faivre,,,,,,,,0,5
1448,Person,Francisco Campbell,,,,,,,,0,1
1449,Person,Amanda Blake,,,,,,,,0,4
1450,Person,Michelle Byrd,,,,,,,,0,3
1451,Person,Michael Gordon,,,,,,,,0,1
1452,Person,Valerie Matthews,,,,,,,,0,1
1453,Person,Maria Merritt,,,,,,,,0,2
1454,Person,William Rodriguez,,,,,,,,0,1
1456,Person,Piotr Wacław,,,,,, W¥LD,,0,2
1457,Person,Mateusz Perczak,,,,,,,,0,1
1458,Person,Peter Collins,,,,,,,,0,1
1459,Person,Marcel Derek,,,,,,,,0,5
1462,Person,Li Qiu,,,,,,,,0,2
1463,Person,Yan Song,,,,,,,,0,1
1464,Person,Yong Tian,,,,,,,,0,1
1465,Person,Lei Duan,,,,,,,,0,13
1467,Person,Yan Long,,,,,,,,0,8
1468,Person,Ping Tao,,,,,,,,0,1
1471,Person,Johannes Linke,,,,,,,,0,2
1472,Person,Donald Choi,,,,,,,,0,7
1473,Person,Raymond Hornich-Jacob,,,,,,,,0,1
1474,Person,Tonya Brown,,,,,,,,0,7
1477,Person,Jivika Mahal,,,,,,,,0,4
1478,Person,Anaya Barman,,,,,,,,0,2
1479,Person,Zara Anand,,,,,,,,0,2
1480,Person,Damini Kata,,,,,,,,0,2
1484,Person,Adam Allen,,,,,, The Dawn,,0,2
1485,Person,Janina Kałek,,,,,,,,0,5
1486,Person,Mary Walker,,,,,,,,0,1
1487,Person,Julie Taylor,,,,,,,,0,1
1490,Person,Yong Shen,,,,,,,,0,7
1491,Person,Yong Lai,,,,,,,,0,7
1492,Person,Juan Yu,,,,,,,,0,7
1493,Person,Lei Jin,,,,,,,,0,8
1494,Person,Qiang Song,,,,,,,,0,4
1496,Person,Francesco Lachmann-Ruppert,,,,,,,,0,1
1497,Person,Horst Barkholz,,,,,,,,0,6
1498,Person,Silvana Radisch,,,,,,,,0,3
1499,Person,Bernfried Stolze,,,,,,,,0,7
1503,Person,Brandon Simmons,,,,,,,,0,1
1504,Person,Danielle Wright,,,,,,,,0,1
1505,Person,Tammy Norris,,,,,,,,0,1
1506,Person,Anne Cobb,,,,,,,,0,1
1509,Person,Qiang Peng,,,,,,,,0,1
1510,Person,Tao Dai,,,,,,,,0,6
1511,Person,Devin Berger,,,,,,,,0,1
1512,Person,Craig Cameron,,,,,,,,0,4
1513,Person,Na Zhong,,,,,,,,0,3
1514,Person,Li Chang,,,,,,,,0,1
1516,Person,Juan Qian,,,,,,,,0,1
1517,Person,Brandon Banks,,,,,,,,0,1
1518,Person,Juan Feng,,,,,,,,0,2
1519,Person,Min Lei,,,,,,,,0,16
1521,Person,Yang Deng,,,,,,,,0,2
1522,Person,Xiulan Chang,,,,,,,,0,2
1523,Person,Chao Qian,,,,,,,,0,1
1525,Person,Brian Mclaughlin,,,,,,,,0,1
1526,Person,Christina Bowers,,,,,,,,0,2
1527,Person,Carl Jones,,,,,,,,0,2
1530,Person,Deborah Lucas,,,,,,,,0,21
1531,Person,Margarita Henschel,,,,,,,,0,5
1534,Person,Holly Gonzalez,,,,,,,,0,5
1535,Person,Chad Hampton,,,,,,,,0,14
1536,Person,Ronnie Rodriguez,,,,,,,,0,1
1540,Person,Greca Matteotti-Jovinelli,,,,,,,,0,1
1541,Person,Harro Trapp-Caspar,,,,,,,,0,6
1546,Person,Sarah Rivera,,,,,,,,0,1
1547,Person,Qiang Lu,,,,,,,,0,5
1548,Person,Brittany Moreno,,,,,,,,0,1
1551,Person,Fang Xia,,,,,,,,0,1
1552,Person,Lei Ye,,,,,,,,0,2
1553,Person,Sarah Collins,,,,,,,,0,1
1554,Person,Jing Hou,,,,,,,,0,1
1555,Person,Juan Meng,,,,,,,,0,1
1556,Person,Yumiko Ito,,,,,,,,0,3
1558,Person,Anthony Clark,,,,,,,,0,1
1559,Person,Stilla Seifert,,,,,,,,0,1
1560,Person,Jochen Becker,,,,,,,,0,1
1561,Person,Timothy Simpson,,,,,,,,0,2
1562,Person,Jonathan Wade,,,,,,,,0,1
1563,Person,Michael Snow,,,,,,,,0,3
1564,Person,Rhonda Ward,,,,,,,,0,1
1565,Person,Tilly Eigenwillig,,,,,,,,0,1
1566,Person,Douglas Haynes,,,,,,,,0,1
1567,Person,John Mitchell,,,,,,,,0,1
1568,Person,Deborah Matthews,,,,,,,,0,1
1572,Person,Ryan Kala,,,,,,,,0,2
1573,Person,Rosalia Bloch,,,,,,,,0,2
1574,Person,Heinz-Joachim Anders,,,,,,,,0,2
1575,Person,Joseph Dixon,,,,,,,,0,4
1576,Person,Edward Hamilton,,,,,,,,0,1
1577,Person,Megan Diaz,,,,,,,,0,1
1578,Person,Rita Hänel,,,,,,,,0,2
1579,Person,Liliana Heidrich,,,,,,,,0,5
1580,Person,Sharon Delgado,,,,,,,,0,2
1581,Person,Alexandra Sauer-Ditschlerin,,,,,,,,0,3
1582,Person,Alex Mathis,,,,,,,,0,1
1586,Person,Christopher Ward,,,,,,,,0,3
1589,Person,Juan Yao,,,,,,,,0,1
1590,Person,Fang Du,,,,,,,,0,2
1591,Person,Fang Xu,,,,,,,,0,1
1592,Person,Jie Yin,,,,,,,,0,1
1593,Person,Qiang Chang,,,,,,,,0,2
1594,Person,Xiulan Gong,,,,,,,,0,1
1597,Person,Walentina Ernst-Klingelhöfer,,,,,,,,0,3
1598,Person,Nikolas Naser,,,,,,,,0,3
1601,Person,Caleb Long,,,,,,,,0,1
1602,Person,Juan Fu,,,,,,,,0,1
1603,Person,Matthew Hall,,,,,,,,0,2
1606,Person,Jun Zheng,,,,,,,,0,3
1607,Person,Lei Gu,,,,,,,,0,2
1609,Person,Igor Rychcik,,,,,,,,0,2
1610,Person,Marianna Stefanik,,,,,,,,0,4
1612,Person,Rita Iannucci,,,,,,,,0,8
1613,Person,Luciana Iacovelli,,,,,,,,0,2
1614,Person,Michelangelo Nolcini,,,,,,,,0,8
1615,Person,Nada Pechel,,,,,,,,0,5
1618,Person,Qiang Hou,,,,,,,,0,1
1619,Person,Tao Zou,,,,,,,,0,2
1621,Person,Yong Zhang,,,,,,,,0,2
1622,Person,Qiang Fan,,,,,,,,0,2
1623,Person,Jie Gong,,,,,,,,0,1
1624,Person,Chao Guo,,,,,,,,0,2
1627,Person,Xiuying Huang,,,,,,,,0,1
1628,Person,Yong Fu,,,,,,,,0,3
1630,Person,Nath Henry,,,,,,Revel,,0,2
1631,Person,Odette Dupuy,,,,,,,,0,1
1632,Person,Xavier Baron,,,,,,,,0,1
1633,Person,Guillaume Petitjean,,,,,,,,0,2
1636,Person,Gabrielle Richardson,,,,,,,,0,4
1637,Person,Juan Hall,,,,,,,,0,3
1638,Person,Bryan Smith,,,,,,,,0,2
1639,Person,Walfried Ernst,,,,,,,,0,2
1643,Person,Xia Yao,,,,,,,,0,3
1644,Person,Fang Tao,,,,,,,,0,4
1645,Person,Yong Yu,,,,,,,,0,2
1646,Person,Xiulan Mo,,,,,,,,0,1
1647,Person,Wei Gao,,,,,,,,0,1
1648,Person,Ping Tian,,,,,,,,0,7
1649,Person,Lei He,,,,,,,,0,5
1650,Person,Daniel Lyons,,,,,,,,0,17
1651,Person,Jun Yu,,,,,,,,0,5
1653,Person,Charo Cañas Saez,,,,,,,,0,1
1654,Person,Concepción Ripoll,,,,,,,,0,2
1655,Person,Cayetana Bernal-Ocaña,,,,,,,,0,1
1656,Person,Alfonso Albero Cervera,,,,,,,,0,1
1657,Person,Abigaíl Tovar Sainz,,,,,,,,0,1
1658,Person,Anastasio Jiménez Ferrer,,,,,,,,0,1
1662,Person,Yan Wen,,,,,,,,0,9
1663,Person,Xiulan Zhao,,,,,,,,0,3
1664,Person,Min Jia,,,,,,,,0,10
1666,Person,Gang Pan,,,,,,,,0,1
1667,Person,Tao Kong,,,,,,,,0,1
1668,Person,Chao Mo,,,,,,,,0,1
1672,Person,Herr Karl-Josef Roskoth,,,,,,The Phantom Axiom,,0,2
1673,Person,Élise François-Berthelot,,,,,,,,0,1
1674,Person,Doris Becker,,,,,,,,0,1
1675,Person,Noël Loiseau,,,,,,,,0,1
1676,Person,Siegmar Heintze,,,,,,,,0,1
1677,Person,Henriette Duval,,,,,,,,0,1
1678,Person,Thibault Ollivier,,,,,,,,0,1
1681,Person,Lei Dong,,,,,,,,0,1
1682,Person,Wei Mao,,,,,,,,0,1
1683,Person,Jing Zhong,,,,,,,,0,2
1685,Person,Mckenzie Cuevas,,,,,,,,0,1
1686,Person,Sandra Horton,,,,,,,,0,2
1690,Person,Ping Xiang,,,,,,,,0,1
1691,Person,April Brown,,,,,,,,0,2
1692,Person,Jing Chang,,,,,,,,0,2
1694,Person,Gang Guo,,,,,,,,0,1
1695,Person,Wei Xue,,,,,,,,0,1
1696,Person,Ming He,,,,,,,,0,1
1697,Person,Xiuying Yuan,,,,,,,,0,1
1698,Person,Xiulan Ren,,,,,,,,0,2
1701,Person,Carsten Heinz,,,,,,,,0,2
1703,Person,Igor Goliasz,,,,,,,,0,2
1704,Person,Malwina Kaźmierczyk,,,,,,,,0,1
1705,Person,Artur Garbacik,,,,,,,,0,2
1706,Person,Konrad Klinkosz,,,,,,,,0,2
1707,Person,Bartek Tatarczyk,,,,,,,,0,2
1710,Person,Ping Bai,,,,,,,,0,1
1711,Person,Gang Tan,,,,,,,,0,2
1712,Person,Chao Han,,,,,,,,0,3
1713,Person,Guiying Jiang,,,,,,,,0,3
1714,Person,Fang Song,,,,,,,,0,3
1716,Person,Kimberly Snyder,,,,,, Slate,,0,42
1717,Person,Michael Washington,,,,,,,,0,2
1718,Person,Joshua Herring,,,,,,,,0,20
1719,Person,Gerald Mullins,,,,,,,,0,18
1720,Person,Andrew Montgomery,,,,,,,,0,4
1721,Person,Casey Wright,,,,,,,,0,1
1724,Person,Xiuying Lin,,,,,,,,0,1
1725,Person,Bethany Thompson,,,,,,,,0,2
1726,Person,Min Fan,,,,,,,,0,1
1727,Person,Li Zhou,,,,,,,,0,1
1728,Person,Alois Jäntsch-Hecker,,,,,,,,0,2
1730,Person,Debra Bates,,,,,, NXGHT,,0,1
1731,Person,Melanie Barker,,,,,,,,0,1
1732,Person,Brianna Tucker,,,,,,,,0,1
1733,Person,Matthew Hickman,,,,,,,,0,1
1734,Person,Christina Berry,,,,,,,,0,1
1735,Person,Jeffery Koch,,,,,,,,0,1
1736,Person,Nicole Gray,,,,,,,,0,1
1739,Person,Andrew Peters,,,,,,,,0,1
1743,Person,Xiulan Wei,,,,,,,,0,6
1744,Person,Xia Lu,,,,,,,,0,1
1745,Person,Lei Yi,,,,,,,,0,6
1746,Person,Paul Brown,,,,,,,,0,1
1747,Person,Teresa Ellis,,,,,,,,0,1
1749,Person,Jeffrey Herring,,,,,,,,0,3
1750,Person,Lori Delgado,,,,,,,,0,2
1751,Person,Levi Stewart,,,,,,,,0,1
1752,Person,Tao Cui,,,,,,,,0,6
1753,Person,Christopher Andrews,,,,,,,,0,2
1754,Person,Ashley Yang,,,,,,,,0,2
1758,Person,Michael Boyd,,,,,,,,0,15
1760,Person,Lei Kong,,,,,,,,0,1
1761,Person,Xia Cai,,,,,,,,0,1
1762,Person,Qiang Bai,,,,,,,,0,2
1764,Person,Fang Tao,,,,,,,,0,2
1765,Person,Na Meng,,,,,,,,0,2
1766,Person,Wei Su,,,,,,,,0,1
1767,Person,Richard White,,,,,,,,0,1
1768,Person,Yan Yan,,,,,,,,0,1
1769,Person,Fang Jiang,,,,,,,,0,2
1770,Person,Tao Huang,,,,,,,,0,2
1774,Person,Paula Wilson,,,,,,,,0,5
1775,Person,Steven Branch,,,,,,,,0,4
1776,Person,Brittany Wright,,,,,,,,0,1
1777,Person,Judith Hunter,,,,,,,,0,5
1778,Person,Rachel Wilson,,,,,,,,0,4
1780,Person,Nikolaos Jäkel,,,,,,,,0,1
1781,Person,Peggy Krebs,,,,,,,,0,3
1782,Person,Alexa Albers-Säuberlich,,,,,,,,0,3
1784,Person,Min Tian,,,,,,,,0,1
1785,Person,Ping Zeng,,,,,,,,0,14
1788,Person,Melissa Harris,,,,,,,,0,3
1789,Person,Thomas Jones,,,,,,,,0,1
1792,Person,Danielle Walsh,,,,,,,,0,3
1793,Person,Yang Hou,,,,,,,,0,2
1794,Person,Xiulan Wei,,,,,,,,0,1
1798,Person,Ping Xia,,,,,,,,0,1
1799,Person,Steve Guzman,,,,,,,,0,1
1800,Person,Qiang Chang,,,,,,,,0,2
1801,Person,Fang Shen,,,,,,,,0,2
1802,Person,Chao Wan,,,,,,,,0,8
1803,Person,Na Duan,,,,,,,,0,1
1805,Person,Vedika Dar,,,,,,,,0,2
1806,Person,Ahana Babu,,,,,,,,0,1
1808,Person,Renato Holsten,,,,,,,,0,2
1809,Person,Ottomar Spieß,,,,,,,,0,2
1811,Person,Nanami Sakamoto,,,,,,,,0,2
1815,Person,Konrad Goss,,,,,,,,0,6
1816,Person,Kornel Preś,,,,,,,,0,6
1818,Person,Sarah James,,,,,,,,0,4
1819,Person,Michele Kim,,,,,,,,0,2
1820,Person,Susan Mcclain,,,,,,,,0,4
1824,Person,Li Bai,,,,,,,,0,1
1825,Person,Lei Peng,,,,,,,,0,1
1826,Person,Ping Feng,,,,,,,,0,1
1827,Person,Donna Ryan,,,,,,,,0,2
1828,Person,Li Deng,,,,,,,,0,1
1831,Person,Jing Tian,,,,,,,,0,1
1832,Person,Jun Yin,,,,,,,,0,1
1833,Person,Brian Gross,,,,,,,,0,1
1834,Person,Jing Shao,,,,,,,,0,1
1835,Person,Yan Lei,,,,,,,,0,2
1838,Person,Carolyn Schultz,,,,,,,,0,9
1839,Person,Miguel Johnston,,,,,,,,0,7
1842,Person,Guiying Lu,,,,,,,,0,2
1843,Person,Chao Tan,,,,,,,,0,5
1844,Person,Juan Gao,,,,,,,,0,1
1846,Person,Friedrich-Wilhelm Ullmann,,,,,,,,0,4
1847,Person,Violetta Peukert,,,,,,,,0,1
1848,Person,Ulrike Ziegert,,,,,,,,0,2
1850,Person,Ping Sun,,,,,,,,0,2
1851,Person,Gang Pan,,,,,,,,0,6
1854,Person,Mary Rodriguez,,,,,,,,0,2
1855,Person,Marie James,,,,,,,,0,3
1858,Person,Li Lu,,,,,,,,0,12
1860,Person,Xia Yan,,,,,,,,0,2
1861,Person,Xiulan Dong,,,,,,,,0,1
1862,Person,Na Zhong,,,,,,,,0,2
1864,Person,Ming Song,,,,,,,,0,1
1865,Person,Tao Zhao,,,,,,,,0,1
1866,Person,Na Peng,,,,,,,,0,5
1867,Person,Nadia van Dooren-de Jode Vastraedsd,,,,,,,,0,3
1868,Person,Lei Tao,,,,,,,,0,1
1870,Person,Fang Xie,,,,,,,,0,1
1871,Person,Jie Cai,,,,,,,,0,4
1872,Person,Yang Gao,,,,,,,,0,1
1873,Person,Li Ma,,,,,,,,0,5
1875,Person,Jing Ding,,,,,,Solara,,0,2
1876,Person,Ming Dai,,,,,,,,0,1
1877,Person,Xiulan Yi,,,,,,,,0,8
1878,Person,Wei Gao,,,,,,,,0,5
1881,Person,Hridaan Kaur,,,,,,,,0,5
1882,Person,Rohan Shanker,,,,,,,,0,4
1885,Person,Hridaan Chacko,,,,,,,,0,1
1886,Person,Adah Barad,,,,,,,,0,2
1887,Person,Rania Bahri,,,,,,,,0,1
1889,Person,Lawrence Larson,,,,,,,,0,2
1890,Person,Rachel Hall,,,,,,,,0,1
1891,Person,Rachel Hill,,,,,,,,0,7
1896,Person,Na Tao,,,,,,,,0,2
1897,Person,Li Shao,,,,,,,,0,2
1899,Person,Juan Xue,,,,,,Velvet Alibi,,0,2
1900,Person,Jun Guo,,,,,,,,0,2
1901,Person,Lei Kong,,,,,,,,0,1
1903,Person,Brandon Horton,,,,,,,,0,2
1904,Person,Cynthia Hoover,,,,,,,,0,1
1905,Person,Brian Melton,,,,,,,,0,1
1908,Person,Yong Cao,,,,,,H3X MOBB,,0,2
1909,Person,Ming Lai,,,,,,,,0,1
1910,Person,Min Wen,,,,,,,,0,1
1911,Person,Min Peng,,,,,,,,0,2
1912,Person,Yan Lin,,,,,,,,0,6
1914,Person,Ewelina Jeszke,,,,,,,,0,13
1916,Person,Benjamin Lee,,,,,,Logan Drake,,0,1
1917,Person,Taylor Reed,,,,,,,,0,1
1918,Person,Kelly Stewart,,,,,,,,0,11
1919,Person,Tina Hobbs,,,,,,,,0,3
1921,Person,Jonathan Marquez,,,,,,,,0,2
1922,Person,Matthäus Hendriks,,,,,,,,0,1
1923,Person,Giesela Kuhl,,,,,,,,0,2
1924,Person,Ida Hentschel,,,,,,,,0,9
1928,Person,Zara Trivedi,,,,,,,,0,4
1929,Person,Rhea Wali,,,,,,,,0,6
1930,Person,Nitya Dass,,,,,,,,0,1
1931,Person,Anahi Sachdeva,,,,,,,,0,2
1932,Person,Shaan Sanghvi,,,,,,,,0,15
1934,Person,Aleksander Przybyś,,,,,,,,0,8
1936,Person,Lucas Aguilar,,,,,,,,0,1
1937,Person,Rodney Moss,,,,,,,,0,2
1940,Person,Lei Shen,,,,,,,,0,1
1941,Person,Yang Tang,,,,,,,,0,6
1942,Person,Yan Han,,,,,,,,0,7
1944,Person,Na Zhong,,,,,, P.K. Steel,,0,1
1945,Person,Jie Shi,,,,,, WXNDER,,0,1
1946,Person,Guiying Tian,,,,,,,,0,2
1947,Person,Juan Shi,,,,,,,,0,1
1950,Person,Xiulan Yao,,,,,,,,0,1
1951,Person,Baptist Adolph,,,,,,,,0,2
1952,Person,Yang Wan,,,,,,,,0,30
1953,Person,Xiuying Dai,,,,,,,,0,5
1954,Person,Yong Fu,,,,,,,,0,7
1956,Person,Dominic Riehl,,,,,,,,0,5
1959,Person,Indranil Bedi,,,,,,,,0,1
1960,Person,Gatik Soni,,,,,,,,0,2
1961,Person,Navya Barad,,,,,,,,0,2
1962,Person,Myra Devan,,,,,,,,0,1
1963,Person,Sana Sunder,,,,,,,,0,1
1967,Person,Jing Long,,,,,,,,0,2
1968,Person,Ping Zhou,,,,,,,,0,4
1969,Person,Jie Chen,,,,,,,,0,2
1971,Person,George Russell,,,,,, August,,0,1
1972,Person,Cynthia Lewis,,,,,,,,0,1
1973,Person,Amanda Moore,,,,,,,,0,1
1974,Person,Carlos Anderson,,,,,,,,0,2
1975,Person,Joshua Best,,,,,,,,0,1
1976,Person,Jun Cui,,,,,,,,0,2
1978,Person,Hailey Timmerman-van der Berg,,,,,,,,0,1
1979,Person,Anouk Schatteleijn,,,,,,,,0,5
1980,Person,Bas Jansen,,,,,,,,0,1
1981,Person,Lily Sprong,,,,,,,,0,1
1982,Person,Travis Williams,,,,,,,,0,8
1985,Person,Adrian Blevins,,,,,,,,0,1
1986,Person,Nancy Wright,,,,,,,,0,2
1987,Person,Anthony Silva,,,,,,,,0,2
1988,Person,Krystal Moody,,,,,,,,0,1
1992,Person,Derek Smith,,,,,,,,0,5
1993,Person,Christina Johnson,,,,,,,,0,6
1994,Person,Julie Davis,,,,,,,,0,5
1995,Person,Cynthia Murphy,,,,,,,,0,6
1997,Person,Jie Tian,,,,,,,,0,1
1998,Person,Yang Yuan,,,,,,,,0,1
1999,Person,Tao Shi,,,,,,,,0,1
2000,Person,Min Lai,,,,,,,,0,1
2001,Person,Na Deng,,,,,,,,0,7
2003,Person,Jeremy Alvarez,,,,,,,,0,2
2004,Person,Martino Michelangeli,,,,,,,,0,8
2005,Person,Coriolano Luria-Scialpi,,,,,,,,0,3
2006,Person,Filippo Pelli,,,,,,,,0,18
2007,Person,Luigina Camuccini,,,,,,,,0,3
2010,Person,Yong Kong,,,,,,,,0,1
2011,Person,Xiulan Fu,,,,,,,,0,1
2012,Person,Jing Tan,,,,,,,,0,5
2014,Person,Jie Deng,,,,,,,,0,1
2015,Person,Fang Yuan,,,,,,,,0,1
2016,Person,Juan Lai,,,,,,,,0,3
2017,Person,Yang Kong,,,,,,,,0,1
2020,Person,Ping Guo,,,,,,,,0,1
2021,Person,Xiuying Xiang,,,,,,,,0,1
2022,Person,Wei He,,,,,,,,0,2
2023,Person,Qiang Tang,,,,,,,,0,25
2024,Person,Juan Zou,,,,,,,,0,7
2027,Person,Božena Dušková,,,,,,,,0,1
2028,Person,Emin Mentzel,,,,,,,,0,1
2031,Person,Yan Yang,,,,,,,,0,1
2032,Person,Jie Song,,,,,,,,0,1
2033,Person,Xiuying Kong,,,,,,,,0,1
2035,Person,Maryse-Margaux Pinto,,,,,,,,0,1
2036,Person,Guy Arnaud,,,,,,,,0,1
2037,Person,Rico Weimer,,,,,,,,0,1
2038,Person,Todd Lopez,,,,,,,,0,1
2043,Person,Herr Serge Tröst,,,,,,,,0,3
2044,Person,Silvia Sölzer-van der Dussen,,,,,,,,0,4
2045,Person,Lilo Cichorius,,,,,,,,0,8
2049,Person,Mitchell Flowers,,,,,,,,0,1
2050,Person,Na Lai,,,,,,,,0,9
2051,Person,Na Li,,,,,,,,0,1
2052,Person,Lei Huang,,,,,,,,0,1
2054,Person,Xiulan Shao,,,,,,,,0,1
2055,Person,Lei Gong,,,,,,,,0,3
2056,Person,Yan Zou,,,,,,,,0,1
2058,Person,Yang Dai,,,,,,,,0,2
2059,Person,Yang Gu,,,,,,,,0,1
2060,Person,Qiang Qin,,,,,,,,0,1
2062,Person,Cynthia Moore,,,,,,,,0,1
2063,Person,Sarah Hunter,,,,,,,,0,1
2064,Person,Jill Gardner,,,,,,,,0,1
2065,Person,Ashley Guzman,,,,,,,,0,2
2066,Person,Joshua Watson,,,,,,,,0,1
2069,Person,Andrew Williams,,,,,,,,0,26
2070,Person,Jay Walters,,,,,,,,0,47
2074,Person,Jean Buisson,,,,,,,,0,2
2075,Person,Yang Tang,,,,,,,,0,3
2076,Person,Stacey Campbell,,,,,,,,0,2
2079,Person,Jason Mendoza,,,,,,,,0,1
2080,Person,Ellen Ford,,,,,,,,0,7
2083,Person,Jun Lin,,,,,,,,0,1
2084,Person,Ping Yu,,,,,,,,0,2
2085,Person,Jun He,,,,,,,,0,2
2088,Person,Na Mo,,,,,,,,0,2
2089,Person,Wei Liao,,,,,,,,0,3
2090,Person,Min Lin,,,,,,,,0,1
2091,Person,Juan Ma,,,,,,,,0,2
2094,Person,Erik Harris,,,,,,,,0,2
2095,Person,Wei Pan,,,,,,,,0,1
2096,Person,Nicholas Riddle,,,,,,,,0,2
2097,Person,Xiulan Zheng,,,,,,,,0,2
2098,Person,Ming Zou,,,,,,,,0,2
2100,Person,Traude Salz,,,,,,,,0,2
2101,Person,Rebekka Lehmann,,,,,,,,0,6
2103,Person,Fang Yu,,,,,,,,0,1
2104,Person,Yan Jiang,,,,,,,,0,1
2105,Person,Min Gu,,,,,,,,0,2
2108,Person,Ryan Doyle,,,,,,,,0,9
2109,Person,Marcia Davis,,,,,,,,0,7
2110,Person,Catherine Clay,,,,,,,,0,32
2113,Person,Nicholas Morgan,,,,,,,,0,2
2114,Person,Kevin Richardson,,,,,,,,0,1
2115,Person,Henrik Seifert,,,,,,,,0,1
2116,Person,James Williams,,,,,,,,0,1
2121,Person,Charles Jordan,,,,,,,,0,2
2122,Person,Cody Mathis,,,,,,,,0,1
2123,Person,Billy Tyler,,,,,,,,0,2
2125,Person,Kevin Thomas,,,,,,,,0,1
2126,Person,Richard Ward,,,,,,,,0,1
2127,Person,Emily Werner,,,,,,,,0,1
2131,Person,Xiuying Gu,,,,,, Monroe,,0,1
2132,Person,Xiuying Yu,,,,,, D.C. Rain,,0,1
2133,Person,Fang Du,,,,,,,,0,1
2134,Person,Megan Raymond,,,,,,,,0,1
2135,Person,Xiulan Qin,,,,,,,,0,1
2136,Person,Xia Lei,,,,,,,,0,1
2137,Person,Qiang Shi,,,,,,,,0,1
2138,Person,Juan Yao,,,,,,,,0,1
2139,Person,Xia Tan,,,,,,,,0,1
2140,Person,Yong Zhang,,,,,,,,0,1
2141,Person,Tao Qiu,,,,,,,,0,1
2144,Person,Yong Yi,,,,,,YNG LUX,,0,2
2145,Person,Trevor Gonzales,,,,,,,,0,1
2146,Person,Li Liu,,,,,,,,0,2
2149,Person,Rudolf Malý,,,,,,,,0,3
2150,Person,Marlene Rose,,,,,,,,0,2
2151,Person,Vito Stroh,,,,,,,,0,8
2154,Person,Juan Wen,,,,,, Shadow Fox,,0,2
2155,Person,Wei Guo,,,,,,,,0,2
2156,Person,Chao Wu,,,,,,,,0,1
2157,Person,Min Xue,,,,,,,,0,1
2158,Person,Min Yu,,,,,,,,0,1
2159,Person,Jing Xu,,,,,,,,0,1
2162,Person,Jing Qian,,,,,,,,0,2
2163,Person,Xiulan Gong,,,,,,,,0,1
2164,Person,Jie Luo,,,,,,,,0,1
2165,Person,Jing Tian,,,,,,,,0,1
2168,Person,Yang Liu,,,,,,,,0,1
2170,Person,Sonia Weeks,,,,,,,,0,1
2171,Person,Lisa Martin,,,,,,,,0,3
2172,Person,Monica Nelson,,,,,,,,0,7
2173,Person,Richard Frazier,,,,,,,,0,1
2176,Person,Yang Lai,,,,,,,,0,2
2177,Person,Ping Qin,,,,,,,,0,2
2178,Person,Fang Mo,,,,,,,,0,1
2179,Person,Li Yang,,,,,,,,0,1
2180,Person,Gang Xiang,,,,,,,,0,2
2183,Person,James Palmer,,,,,,,,0,2
2184,Person,Robert Hughes,,,,,,,,0,1
2187,Person,Kelly Boyd,,,,,,,,0,2
2188,Person,Mannat Chad,,,,,,,,0,1
2189,Person,Ojas Ramakrishnan,,,,,,,,0,2
2190,Person,Advik Shroff,,,,,,,,0,1
2191,Person,Pihu Sunder,,,,,,,,0,2
2192,Person,Dharmajan Lad,,,,,,,,0,1
2198,Person,Yoko Hashimoto,,,,,,,,0,1
2199,Person,Kaori Ito,,,,,,,,0,1
2200,Person,Naoko Sato,,,,,,,,0,2
2203,Person,Kimberly Dominguez,,,,,,,,0,2
2207,Person,Brian Wright,,,,,,,,0,22
2209,Person,Charles Delaunay,,,,,,,,0,2
2210,Person,Lei Tang,,,,,,,,0,6
2211,Person,Xiulan Deng,,,,,,,,0,2
2213,Person,Maria Tyler,,,,,,,,0,5
2214,Person,Vincent Morrison,,,,,,,,0,2
2216,Person,Yang Ye,,,,,,,,0,2
2217,Person,Gang Zheng,,,,,,,,0,1
2218,Person,Jing Chang,,,,,,,,0,3
2219,Person,Na Jia,,,,,,,,0,3
2222,Person,Nela Melcer,,,,,, The Empress,,0,7
2224,Person,Ewa Kucz,,,,,,,,0,3
2225,Person,Georges Delorme,,,,,,,,0,1
2226,Person,Dariusz Madera,,,,,,,,0,2
2228,Person,Gang Hou,,,,,,,,0,2
2229,Person,Roger Walsh,,,,,,,,0,1
2230,Person,Yong Deng,,,,,,,,0,3
2231,Person,Chao Yan,,,,,,,,0,3
2235,Person,Gang Han,,,,,,,,0,2
2236,Person,Fang He,,,,,,,,0,2
2237,Person,Guiying Xiao,,,,,,,,0,4
2239,Person,Jessica Lopez,,,,,,,,0,2
2240,Person,Jing Yi,,,,,,,,0,2
2241,Person,Xiuying Cao,,,,,,,,0,3
2242,Person,Guiying Zhang,,,,,,,,0,2
2244,Person,Katelyn Flores,,,,,, T.J. Swift,,0,2
2245,Person,Melissa Smith,,,,,,,,0,1
2246,Person,Melissa Douglas,,,,,,,,0,2
2247,Person,Nicole Miller,,,,,,,,0,2
2248,Person,Sean Cameron,,,,,,,,0,2
2251,Person,Jing Lin,,,,,,,,0,1
2252,Person,Wei Kang,,,,,,,,0,1
2253,Person,Juan Wei,,,,,,,,0,1
2254,Person,Guiying Peng,,,,,,,,0,2
2255,Person,Min Liao,,,,,,,,0,1
2257,Person,Elizabeth Montgomery,,,,,,,,0,1
2258,Person,William Brown,,,,,,,,0,1
2261,Person,Chao Gao,,,,,,Solar Arcadia,,0,1
2262,Person,Jie Xia,,,,,,,,0,2
2263,Person,Fang Lai,,,,,,,,0,2
2264,Person,Fang Yi,,,,,,,,0,1
2265,Person,William Ball,,,,,,,,0,2
2268,Person,Xia Hu,,,,,,,,0,4
2269,Person,Yang Xiong,,,,,,,,0,4
2270,Person,Jing Huang,,,,,,,,0,2
2273,Person,James Maldonado,,,,,,,,0,2
2274,Person,Ming Yang,,,,,,,,0,1
2275,Person,Jing Lei,,,,,,,,0,4
2276,Person,Xia Jin,,,,,,,,0,1
2278,Person,Yong Meng,,,,,,,,0,5
2280,Person,Roberto Pausini,,,,,,,,0,6
2281,Person,Michelotto Comisso,,,,,,,,0,16
2282,Person,Angelina Dallapé-Brunelleschi,,,,,,,,0,11
2285,Person,Brett Mcdonald,,,,,,,,0,1
2286,Person,Dylan Rice,,,,,,,,0,1
2287,Person,Cindy Zamora,,,,,,,,0,1
2288,Person,Alexander Curry Jr.,,,,,,,,0,2
2289,Person,Brian Pratt,,,,,,,,0,2
2293,Person,Xia Ren,,,,,,,,0,2
2294,Person,Xiuying Bai,,,,,,,,0,3
2295,Person,Min Duan,,,,,,,,0,1
2296,Person,Jordan Baxter,,,,,,,,0,4
2297,Person,Ping Song,,,,,,,,0,3
2300,Person,Herr Detlef Geißler,,,,,,,,0,2
2301,Person,Elizabeth Webb,,,,,,,,0,2
2304,Person,Juan Yuan,,,,,,,,0,1
2305,Person,Li Zheng,,,,,,,,0,12
2308,Person,Job Mahieu,,,,,,,,0,1
2309,Person,Joseph Maxwell,,,,,,,,0,1
2310,Person,Yong Mao,,,,,,,,0,1
2311,Person,Qiang Luo,,,,,,,,0,1
2312,Person,Chao Wu,,,,,,,,0,5
2313,Person,Wei Lu,,,,,,,,0,1
2314,Person,Xia Lin,,,,,,,,0,1
2315,Person,Tao Su,,,,,,,,0,1
2317,Person,Jun Wan,,,,,,,,0,1
2318,Person,Mai Yamada,,,,,,,,0,2
2319,Person,Anaïs Peron,,,,,,,,0,1
2324,Person,Xia Zeng,,,,,,,,0,3
2325,Person,Chao Zeng,,,,,,,,0,9
2326,Person,Dominic Phillips,,,,,,,,0,5
2328,Person,Martino Toninelli,,,,,,,,0,5
2329,Person,Ludovico Mondadori,,,,,,,,0,4
2334,Person,Karol Klęczar,,,,,,,,0,3
2336,Person,Qiang Han,,,,,,Infinite Reverberation,,0,2
2337,Person,Yang Yang,,,,,,,,0,1
2338,Person,Jun Gao,,,,,,,,0,1
2339,Person,Xiulan Chang,,,,,,,,0,1
2340,Person,Yan Xiao,,,,,,,,0,2
2341,Person,Bianca Ward,,,,,,,,0,2
2343,Person,Philippe Franke,,,,,, Luna Pearl,,0,2
2344,Person,Sandro Gröttner,,,,,, BLVDE,,0,12
2345,Person,Alla Lorch,,,,,,,,0,14
2346,Person,Silvio Krause,,,,,,,,0,11
2348,Person,Xiuying Yang,,,,,, Winter,,0,1
2349,Person,Ming Chang,,,,,,,,0,2
2351,Person,Li Cheng,,,,,,,,0,1
2352,Person,Min Deng,,,,,,,,0,1
2353,Person,Yong Tang,,,,,,,,0,1
2354,Person,Tao Ding,,,,,,,,0,1
2355,Person,Qiang Cui,,,,,,,,0,5
2358,Person,Denise Bell,,,,,,,,0,4
2361,Person,Xiulan Shi,,,,,,,,0,5
2362,Person,Kristi Crane,,,,,,,,0,9
2363,Person,Daniël Reijers,,,,,,,,0,17
2365,Person,Qiang Zhang,,,,,,,,0,1
2366,Person,Elizabeth Evans,,,,,,,,0,1
2367,Person,Jun Xiang,,,,,,,,0,1
2368,Person,Laura Sloan,,,,,,,,0,2
2370,Person,Lei Ma,,,,,,,,0,2
2371,Person,Tao Zhou,,,,,,,,0,2
2372,Person,Qiang Song,,,,,,,,0,1
2374,Person,Benjamin Valencia,,,,,,,,0,1
2375,Person,Lei Xiong,,,,,,,,0,1
2376,Person,Chao Duan,,,,,,,,0,1
2377,Person,Fang Xiong,,,,,,,,0,1
2378,Person,Guiying Su,,,,,,,,0,2
2380,Person,Li Ma,,,,,,,,0,1
2381,Person,Steven Berg,,,,,,,,0,1
2382,Person,Fang Fu,,,,,,,,0,1
2383,Person,Xavier Leclerc,,,,,,,,0,7
2386,Person,Darlene Galloway,,,,,,,,0,2
2387,Person,Elizabeth Wagner,,,,,,,,0,2
2388,Person,Joe Taylor,,,,,,,,0,7
2389,Person,Monica Brown,,,,,,,,0,5
2392,Person,Yang Yan,,,,,,,,0,1
2393,Person,Xia Li,,,,,,,,0,2
2394,Person,Kristi Bowers,,,,,,,,0,3
2395,Person,Yan Wang,,,,,,,,0,1
2396,Person,Jing Sun,,,,,,,,0,2
2397,Person,Xiuying Yao,,,,,,,,0,1
2399,Person,Juan Yin,,,,,,,,0,1
2400,Person,Yan Tang,,,,,,,,0,5
2401,Person,Lori Martin,,,,,,,,0,2
2404,Person,Amanda Ochoa,,,,,,,,0,3
2405,Person,Jonathan Wade,,,,,,,,0,3
2407,Person,Yuki Saito,,,,,, Vale,,0,3
2408,Person,Pamela Mitchell,,,,,,,,0,1
2409,Person,Chad Gibson,,,,,,,,0,1
2414,Person,Min Qin,,,,,,,,0,1
2416,Person,Jie Zou,,,,,,,,0,1
2417,Person,Xiuying Ding,,,,,,,,0,5
2419,Person,Kristen Stanley,,,,,,,,0,1
2420,Person,Richard Moore,,,,,,,,0,2
2421,Person,William Delacruz,,,,,,,,0,1
2422,Person,Shannon Jacobson,,,,,,,,0,1
2425,Person,Yang Guo,,,,,,,,0,2
2426,Person,Guiying Ren,,,,,,,,0,4
2427,Person,Juan Kong,,,,,,,,0,3
2429,Person,Nynke Corstiaens,,,,,,,,0,2
2430,Person,Hidde Huisman,,,,,,,,0,1
2431,Person,Johannes de Vries,,,,,,,,0,1
2434,Person,Lei Zhou,,,,,,,,0,7
2435,Person,Shelly Lewis,,,,,,,,0,1
2437,Person,Yasmin Vig,,,,,,,,0,2
2438,Person,Jivin Wali,,,,,,,,0,1
2441,Person,Juan Pan,,,,,,,,0,1
2442,Person,Fang Liao,,,,,,,,0,1
2443,Person,Lei Pan,,,,,,,,0,5
2444,Person,Yan Feng,,,,,,,,0,1
2447,Person,Juan Li,,,,,,,,0,1
2448,Person,Taylor Miller,,,,,,,,0,2
2449,Person,Qiang Mao,,,,,,,,0,1
2450,Person,Xiulan Lei,,,,,,,,0,1
2451,Person,Xiulan Ma,,,,,,,,0,2
2452,Person,Evamaria Geisel,,,,,,,,0,2
2455,Person,Jing Yin,,,,,, Venice,,0,3
2456,Person,Na Kang,,,,,,,,0,3
2457,Person,Ming Ding,,,,,,,,0,3
2458,Person,Xiuying Fang,,,,,,,,0,9
2459,Person,Ping Li,,,,,,,,0,1
2460,Person,Yang Ye,,,,,,,,0,5
2462,Person,David Hughes,,,,,,,,0,1
2463,Person,Kyle Mason,,,,,,,,0,1
2464,Person,David Chandler,,,,,,,,0,2
2465,Person,Matthew Howell,,,,,,,,0,1
2466,Person,Kathleen Duran,,,,,,,,0,2
2468,Person,Ming Kang,,,,,,,,0,1
2471,Person,Antoine Barthelemy,,,,,,,,0,3
2472,Person,Bryan Richardson,,,,,,,,0,3
2476,Person,Wei Jiang,,,,,,,,0,2
2477,Person,Tao Xiong,,,,,,,,0,1
2481,Person,Yong Kang,,,,,,,,0,1
2482,Person,Min Tan,,,,,,,,0,3
2483,Person,Lei Luo,,,,,,,,0,2
2484,Person,Gang Chang,,,,,,,,0,3
2487,Person,Christoph Hermann,,,,,,,,0,1
2488,Person,Fatma Henck-Weinhold,,,,,,,,0,1
2490,Person,Karol Indyk,,,,,,,,0,1
2491,Person,Franciszek Filusz,,,,,,,,0,3
2494,Person,Cezary Siedlarz,,,,,,,,0,2
2496,Person,Abram Kala,,,,,, Atlas King,,0,1
2497,Person,Sara Sharaf,,,,,, V.I.C,,0,1
2498,Person,Farhan Seshadri,,,,,,,,0,1
2501,Person,Na Yang,,,,,,,,0,2
2502,Person,Dana Griffin,,,,,,,,0,2
2503,Person,Xiuying Fan,,,,,,,,0,3
2504,Person,Gang Wen,,,,,,,,0,3
2506,Person,Xiuying Zhu,,,,,,,,0,6
2507,Person,Na Mao,,,,,,,,0,2
2508,Person,Ping Ding,,,,,,,,0,6
2509,Person,Qiang Dong,,,,,,,,0,6
2511,Person,Kavya Agrawal,,,,,,,,0,5
2512,Person,Emir Yohannan,,,,,,,,0,2
2513,Person,Samar Agarwal,,,,,,,,0,1
2516,Person,Ottmar Grein Groth-Butte,,,,,,Vespera,,0,9
2517,Person,Frau Adelgunde Hermighausen,,,,,,,,0,6
2518,Person,Domenico Nette,,,,,,,,0,2
2519,Person,Pierluigi Tornatore,,,,,,,,0,1
2520,Person,Cemal Dowerg,,,,,,,,0,1
2521,Person,Karl-Friedrich Kreusel,,,,,,,,0,2
2522,Person,Franco Weitzel,,,,,,,,0,1
2526,Person,Kimberly Thomas,,,,,,,,0,1
2527,Person,Joel Foster,,,,,,,,0,1
2528,Person,Larry Fields,,,,,,,,0,4
2529,Person,Kathy Green,,,,,,,,0,2
2531,Person,Fang Yuan,,,,,,Jordan Miles,,0,1
2532,Person,Li Dong,,,,,,,,0,1
2533,Person,Derrick Scott,,,,,,,,0,1
2535,Person,John Wilkinson,,,,,,,,0,6
2536,Person,Jun Zou,,,,,,,,0,13
2537,Person,Gang Mo,,,,,,,,0,8
2538,Person,Angelika Osojca,,,,,,,,0,36
2542,Person,Xiuying Zou,,,,,,,,0,3
2543,Person,Qiang Luo,,,,,,,,0,3
2544,Person,Yan Shi,,,,,,,,0,2
2545,Person,Paul Burns,,,,,,,,0,1
2546,Person,Erdogan Baum,,,,,,,,0,8
2547,Person,Min Wan,,,,,,,,0,1
2550,Person,Kashvi Keer,,,,,,S-KRIPTA,,0,3
2551,Person,Lindsay Nichols,,,,,,Lindsay Sage,,0,4
2552,Person,Vidur Kapadia,,,,,,,,0,10
2556,Person,John Cortez,,,,,,,,0,1
2557,Person,Fang Peng,,,,,,,,0,1
2558,Person,Xiuying Li,,,,,,,,0,1
2559,Person,Kimberly Stewart,,,,,,,,0,2
2562,Person,Jun Xiong,,,,,,,,0,2
2563,Person,Jun Mao,,,,,,,,0,1
2564,Person,Chao Gao,,,,,,,,0,1
2565,Person,Xia Yin,,,,,,,,0,1
2566,Person,Xiuying Yin,,,,,,,,0,13
2568,Person,Ping Cai,,,,,, Tessa Blake,,0,1
2569,Person,Juan Mo,,,,,,,,0,1
2570,Person,Yong Tan,,,,,,,,0,1
2571,Person,Chao Tian,,,,,,,,0,2
2573,Person,Audrey Picard,,,,,,,,0,2
2574,Person,Antoine Blanc,,,,,,,,0,1
2578,Person,Hansh Hayer,,,,,, Johnny West,,0,1
2579,Person,Nitara Biswas,,,,,,,,0,1
2580,Person,Sahil Tripathi,,,,,,,,0,1
2581,Person,Ehsaan Lall,,,,,,,,0,2
2583,Person,Jie Liang,,,,,,,,0,2
2584,Person,Xiulan Lin,,,,,,,,0,3
2585,Person,Gregory Hartman,,,,,,,,0,3
2587,Person,Min Qiu,,,,,,,,0,3
2588,Person,Jun Mao,,,,,,,,0,2
2589,Person,Lei Yuan,,,,,,,,0,20
2590,Person,Tao Sun,,,,,,,,0,8
2591,Person,Theresa Rivera,,,,,,,,0,11
2592,Person,Ping Zhong,,,,,,,,0,12
2597,Person,Min Sun,,,,,,,,0,2
2598,Person,Tao Lai,,,,,,,,0,1
2599,Person,Jie Ma,,,,,,,,0,1
2600,Person,Jing Han,,,,,,,,0,1
2601,Person,Xia Lin,,,,,,,,0,1
2602,Person,Qiang Yan,,,,,,,,0,1
2603,Person,Gang Zhang,,,,,,,,0,4
2605,Person,Frederick Jackson Jr.,,,,,,,,0,1
2606,Person,Xiulan Yu,,,,,,,,0,2
2607,Person,Lisa Hart,,,,,,,,0,5
2609,Person,Min Guo,,,,,,,,0,1
2610,Person,Sem de Swart-van Voorst,,,,,,,,0,2
2611,Person,Yong Xue,,,,,,,,0,2
2612,Person,Jie Dai,,,,,,,,0,1
2613,Person,Yong Wen,,,,,,,,0,4
2617,Person,Priyansh Bahl,,,,,,Amaranth,,0,1
2618,Person,Aarav Balan,,,,,,,,0,1
2619,Person,Tara Basu,,,,,,,,0,1
2620,Person,Kaira Saxena,,,,,,,,0,1
2621,Person,Gokul Dhaliwal,,,,,,,,0,2
2622,Person,Zeeshan Manda,,,,,,,,0,2
2626,Person,Julie Flores,,,,,,,,0,2
2627,Person,Kimberly Jones,,,,,,,,0,1
2629,Person,Megan Franklin,,,,,,Synthetic Prophet,,0,1
2630,Person,Felicia Gilbert,,,,,,,,0,2
2631,Person,Erik Sharp,,,,,,,,0,1
2634,Person,Chao Li,,,,,,,,0,4
2635,Person,Wei Mo,,,,,,,,0,4
2636,Person,Chao Qin,,,,,,,,0,4
2637,Person,Juan Lei,,,,,,,,0,4
2642,Person,Gang Deng,,,,,,,,0,1
2643,Person,Wei Wan,,,,,,,,0,1
2644,Person,Charles White,,,,,,,,0,2
2645,Person,Ming Yao,,,,,,,,0,1
2646,Person,Yong Jia,,,,,,,,0,1
2648,Person,Friedo Dobes,,,,,,,,0,4
2650,Person,Lisa Castillo,,,,,,,,0,4
2651,Person,Renee Williams,,,,,,,,0,7
2652,Person,William Rojas,,,,,,,,0,1
2653,Person,Amy Ochoa,,,,,,,,0,1
2656,Person,Brandon Santos,,,,,,,,0,4
2659,Person,Matthew Hancock,,,,,,Lunar Tapestry,,0,30
2660,Person,Christopher Smith,,,,,,,,0,7
2663,Person,Gang Jiang,,,,,,,,0,1
2664,Person,Xia Xiang,,,,,,,,0,2
2665,Person,Jing Zhong,,,,,,,,0,2
2667,Person,Fang Xue,,,,,,,,0,4
2668,Person,Ping Tian,,,,,,,,0,37
2669,Person,Tao Sun,,,,,,,,0,2
2671,Person,Ignacy Henke,,,,,,,,0,2
2672,Person,Cyprian Ziniewicz,,,,,,,,0,6
2673,Person,Marcin Maksimowicz,,,,,,,,0,2
2674,Person,Lidia Szpyt,,,,,,,,0,3
2677,Person,Christine Lam,,,,,,,,0,5
2678,Person,Lisa Shaffer,,,,,,,,0,3
2680,Person,Satomi Kobayashi,,,,,,,,0,3
2681,Person,Kazuya Aoki,,,,,,,,0,4
2685,Person,Na Yi,,,,,,,,0,6
2686,Person,Xiulan Lu,,,,,,,,0,1
2688,Person,David Williams,,,,,,,,0,1
2689,Person,Nicole Lee,,,,,,,,0,2
2692,Person,Juan Zeng,,,,,,,,0,2
2693,Person,Juan Pan,,,,,,,,0,1
2695,Person,Gerold Sontag,,,,,,,,0,2
2697,Person,Min Chang,,,,,,,,0,1
2699,Person,Charles Wright,,,,,,,,0,4
2702,Person,Jie Shen,,,,,,,,0,1
2705,Person,Jeremiah Love,,,,,,,,0,4
2706,Person,Zachary Francis,,,,,,,,0,7
2707,Person,Robert Woods,,,,,,,,0,6
2710,Person,Guiying Shao,,,,,,,,0,1
2711,Person,Kristina Sanchez,,,,,,,,0,2
2712,Person,Yong Gao,,,,,,,,0,2
2713,Person,Yan Xue,,,,,,,,0,4
2715,Person,Jun Cui,,,,,,,,0,1
2716,Person,Xiulan Liao,,,,,,,,0,3
2717,Person,Ping Xiong,,,,,,,,0,3
2718,Person,Tao Han,,,,,,,,0,2
2719,Person,Jing Zhao,,,,,,,,0,3
2721,Person,Jing Jin,,,,,,LIL OMEGA,,0,3
2722,Person,Wei Yi,,,,,,,,0,3
2725,Person,Qiang Tan,,,,,,,,0,1
2726,Person,Jing Peng,,,,,,,,0,1
2727,Person,Xia Lei,,,,,,,,0,1
2728,Person,Xiulan Zhao,,,,,,,,0,3
2730,Person,Maurycy Bohdanowicz,,,,,,,,0,1
2731,Person,Józef Niewiara,,,,,,,,0,1
2732,Person,Janina Mazik,,,,,,,,0,1
2735,Person,Na Zhang,,,,,,,,0,1
2736,Person,Nanami Yoshida,,,,,,,,0,4
2737,Person,Jie Kang,,,,,,,,0,3
2739,Person,Abigail Scott,,,,,,,,0,1
2740,Person,Carolyn Salas,,,,,,,,0,4
2741,Person,Bhamini Luthra,,,,,,,,0,2
2744,Person,Margot Adam,,,,,, Reign,,0,1
2745,Person,Frau Raphaela Bohnbach,,,,,,,,0,2
2746,Person,Linda Reed,,,,,,,,0,3
2749,Person,Guiying Zhong,,,,,,,,0,1
2750,Person,Na Su,,,,,,,,0,4
2752,Person,Thibault Potier,,,,,,,,0,8
2753,Person,Marcel Camus-Meunier,,,,,,,,0,3
2756,Person,Tiffany Mckee,,,,,,,,0,1
2757,Person,Wei Zhu,,,,,,,,0,2
2758,Person,Fang Zhou,,,,,,,,0,1
2759,Person,Yong Ding,,,,,,,,0,2
2762,Person,Tao Chen,,,,,,Dusk Fugue,,0,1
2763,Person,Jun Li,,,,,,,,0,3
2764,Person,Fang Zheng,,,,,,,,0,1
2765,Person,Guiying Ren,,,,,,,,0,2
2766,Person,Jun Zhang,,,,,,,,0,2
2769,Person,Akemi Nakajima,,,,,,,,0,3
2771,Person,Bethany Jennings,,,,,,,,0,3
2772,Person,Stephen Bell,,,,,,,,0,5
2773,Person,Christopher Reed,,,,,,,,0,5
2776,Person,Yan Wang,,,,,,,,0,2
2777,Person,Jie Xie,,,,,,,,0,1
2780,Person,Melina Tebaldi,,,,,,,,0,4
2781,Person,Michelangelo Berlusconi,,,,,,,,0,6
2782,Person,Stephen Meyer,,,,,,,,0,5
2785,Person,Hannah Newton,,,,,,,,0,1
2786,Person,Frederick Houston,,,,,,,,0,2
2787,Person,Angela Fisher,,,,,,,,0,1
2788,Person,Lauren Turner,,,,,,,,0,1
2789,Person,Jivika Dar,,,,,,,,0,1
2790,Person,Paul Hughes,,,,,,,,0,1
2793,Person,Adrian Carroll,,,,,,,,0,3
2795,Person,Margaux Mathieu,,,,,,,,0,2
2796,Person,Céline Guérin,,,,,,,,0,2
2797,Person,François Coste-Daniel,,,,,,,,0,3
2798,Person,Élisabeth Lemoine,,,,,,,,0,3
2801,Person,Terrance Velazquez,,,,,,,,0,1
2802,Person,Jacqueline Lawson,,,,,,,,0,1
2803,Person,Carl Rush,,,,,,,,0,1
2804,Person,Jessica Bradley,,,,,,,,0,2
2805,Person,Stephanie Grant,,,,,,,,0,1
2808,Person,Lizz van Santen,,,,,,MOJO 2X,,0,1
2809,Person,Lieve van Riet,,,,,,,,0,1
2810,Person,Nina Mallien,,,,,,,,0,1
2811,Person,Maurits van Bunschoten,,,,,,,,0,4
2812,Person,Bart Wensen-Kof,,,,,,,,0,1
2816,Person,Anthony Erickson,,,,,,,,0,1
2817,Person,Virginia White,,,,,,,,0,1
2818,Person,Sonia Suda,,,,,,,,0,2
2819,Person,Aaron Martinez,,,,,,,,0,2
2823,Person,Thomas Miranda,,,,,,,,0,1
2824,Person,James Dudley,,,,,,,,0,2
2825,Person,Ann Petersen,,,,,,,,0,2
2826,Person,Dana Ferrell,,,,,,,,0,2
2829,Person,Wei Pan,,,,,,,,0,2
2830,Person,Jun Qiao,,,,,,,,0,4
2832,Person,Ping Gu,,,,,,,,0,2
2833,Person,Juan Cai,,,,,,,,0,1
2834,Person,Juan Meng,,,,,,,,0,1
2835,Person,Tao Huang,,,,,,,,0,2
2836,Person,Tao Sun,,,,,,,,0,1
2839,Person,Manuel Roberts,,,,,,,,0,2
2840,Person,Gang Bai,,,,,,,,0,3
2841,Person,Sheryl Massey,,,,,,,,0,3
2842,Person,Claire Garner,,,,,,,,0,2
2844,Person,Juan Cao,,,,,,,,0,1
2845,Person,Jie Long,,,,,,,,0,1
2846,Person,Yan Song,,,,,,,,0,3
2849,Person,Yan Qian,,,,,,,,0,2
2850,Person,Min Fu,,,,,,,,0,11
2853,Person,Min Ren,,,,,,,,0,1
2854,Person,Guiying Xie,,,,,,,,0,1
2855,Person,Nicole Smith,,,,,,,,0,2
2856,Person,William Smith,,,,,,,,0,2
2857,Person,Yong Zou,,,,,,,,0,1
2860,Person,Wei Zhao,,,,,,,,0,1
2861,Person,Jie Zhang,,,,,,,,0,3
2862,Person,Xia Ma,,,,,,,,0,1
2864,Person,Yang Zhao,,,,,,,,0,2
2866,Person,Michelle Davis,,,,,,,,0,3
2868,Person,Ralf Budig,,,,,,,,0,2
2869,Person,Janette Schleich,,,,,,,,0,2
2870,Person,Marcel Kreusel,,,,,,,,0,1
2871,Person,Darryl Curtis,,,,,,,,0,1
2872,Person,Jadwiga Gertz,,,,,,,,0,9
2874,Person,Yang Kong,,,,,,,,0,1
2875,Person,Ping Luo,,,,,,,,0,1
2876,Person,Min Cai,,,,,,,,0,1
2877,Person,Juan Zhong,,,,,,,,0,7
2878,Person,Anaïs Wagner,,,,,,,,0,6
2880,Person,Yong Zhang,,,,,,,,0,1
2881,Person,Chao Jiang,,,,,,,,0,1
2882,Person,Ming Jia,,,,,,,,0,1
2883,Person,Yang Zhou,,,,,,,,0,1
2884,Person,Yong Fan,,,,,,,,0,1
2885,Person,Jie Zou,,,,,,,,0,1
2888,Person,Grant Bruce,,,,,,,,0,1
2890,Person,Yan Ma,,,,,,,,0,1
2891,Person,Qiang Duan,,,,,,,,0,1
2892,Person,Fang Kong,,,,,,,,0,2
2894,Person,James Gibson,,,,,,,,0,2
2895,Person,Qiang Deng,,,,,,,,0,2
2896,Person,Scott Sanders,,,,,,,,0,3
2900,Person,Li Yi,,,,,, Quinn Atlas,,0,2
2901,Person,Xia Yao,,,,,,Zephara,,0,1
2902,Person,Wei Mo,,,,,,,,0,1
2903,Person,Xiuying Wang,,,,,,,,0,1
2907,Person,Wei Wang,,,,,,Caleb Stone,,0,1
2908,Person,Susan Meadows,,,,,,,,0,1
2909,Person,Bryan Matthews,,,,,,,,0,2
2910,Person,Tao Ren,,,,,,,,0,1
2911,Person,Xiulan Du,,,,,,,,0,2
2912,Person,Na Dong,,,,,,,,0,1
2913,Person,Harold Gutierrez,,,,,,,,0,1
2916,Person,Jie Wei,,,,,,,,0,2
2917,Person,Jie Zou,,,,,,,,0,1
2918,Person,Guiying Xiong,,,,,,,,0,1
2919,Person,Yong Li,,,,,,,,0,2
2922,Person,Kristy Olsen,,,,,,,,0,1
2923,Person,Tina Hart,,,,,,,,0,1
2924,Person,Deborah Osborne,,,,,,,,0,2
2925,Person,Samuel Olsen,,,,,,,,0,2
2929,Person,Qiang Tao,,,,,,,,0,1
2930,Person,Na Ding,,,,,,,,0,2
2932,Person,Xia Xia,,,,,,,,0,4
2934,Person,Gwendolyn Morgan,,,,,,,,0,1
2935,Person,Yan Xue,,,,,,,,0,1
2936,Person,Melissa Wheeler,,,,,,,,0,3
2938,Person,Qiang Wei,,,,,,,,0,1
2939,Person,Jie Huang,,,,,,,,0,2
2940,Person,Xiulan Hou,,,,,,,,0,5
2941,Person,Chao Fang,,,,,,,,0,1
2943,Person,Dawid Golda,,,,,,,,0,1
2945,Person,Amanda Reyes,,,,,,The Ember Testament,,0,1
2946,Person,Erin Hall,,,,,,,,0,2
2947,Person,Joseph Nichols,,,,,,,,0,1
2948,Person,Jessica Smith,,,,,,,,0,1
2949,Person,Stephanie House,,,,,,,,0,1
2950,Person,Krista Dunn,,,,,,,,0,1
2951,Person,Brooke Chang,,,,,,,,0,2
2952,Person,Jessica Phelps,,,,,,,,0,1
2953,Person,Daniel Martin,,,,,,,,0,2
2954,Person,Matthew Walker,,,,,,,,0,1
2957,Person,Johanna Hauffer,,,,,,,,0,1
2958,Person,Greta Löchel-Neureuther,,,,,,,,0,3
2960,Person,Qiang Yu,,,,,,,,0,1
2961,Person,Xiulan Yin,,,,,,,,0,1
2962,Person,Hannah Hopkins,,,,,,,,0,1
2964,Person,Robert Combs,,,,,,,,0,1
2965,Person,Leah Burns,,,,,,,,0,3
2966,Person,Min Lei,,,,,,,,0,2
2967,Person,Qiang Hu,,,,,,,,0,1
2968,Person,Gang Qin,,,,,,,,0,3
2969,Person,Xiuying Bai,,,,,,,,0,2
2970,Person,Lei Shen,,,,,,,,0,1
2973,Person,Jun Zhang,,,,,,,,0,2
2974,Person,Ming Wen,,,,,,,,0,6
2976,Person,Xia Feng,,,,,,,,0,2
2977,Person,Jing Ma,,,,,,,,0,1
2978,Person,Guiying Gao,,,,,,,,0,12
2979,Person,Ping Shao,,,,,,,,0,4
2980,Person,Min Li,,,,,,,,0,6
2981,Person,Wei Cui,,,,,,,,0,6
2983,Person,Hiroshi Nakamura,,,,,,,,0,3
2984,Person,Sotaro Sato,,,,,,,,0,2
2985,Person,Yasuhiro Yamamoto,,,,,,,,0,4
2986,Person,Yosuke Yamamoto,,,,,,,,0,2
2987,Person,Akemi Sato,,,,,,,,0,3
2988,Person,Rei Hayashi,,,,,,,,0,3
2991,Person,Fang Su,,,,,,,,0,1
2992,Person,Wei Wang,,,,,,,,0,3
2993,Person,Lei Qin,,,,,,,,0,3
2994,Person,Yan Jin,,,,,,,,0,2
2995,Person,Tao Liao,,,,,,,,0,2
2997,Person,Pierre Ruppert,,,,,,,,0,1
2998,Person,Karl-Friedrich auch Schlauchin,,,,,,,,0,2
2999,Person,Ayse Häring,,,,,,,,0,2
3000,Person,Kenan Reichmann,,,,,,,,0,2
3003,Person,Kenneth Jimenez,,,,,, Echo XI,,0,1
3004,Person,Briana Harris,,,,,,SYNTH LORD,,0,1
3005,Person,Edward Randolph,,,,,,,,0,1
3006,Person,Dawn Mcguire,,,,,,,,0,1
3009,Person,Mark Garcia,,,,,,,,0,2
3010,Person,Juan Mo,,,,,,,,0,2
3011,Person,Shannon Smith,,,,,,,,0,2
3012,Person,Jing Zhang,,,,,,,,0,4
3014,Person,Amy White,,,,,,,,0,4
3015,Person,Dariusz Olszowa,,,,,,,,0,11
3019,Person,Raymond Wright,,,,,,,,0,2
3020,Person,Jo Barnes,,,,,,,,0,1
3021,Person,Na Shi,,,,,,,,0,2
3022,Person,Yang Qiao,,,,,,,,0,2
3023,Person,Wei Xu,,,,,,,,0,1
3024,Person,Gang Hu,,,,,,,,0,1
3026,Person,Sandra Smith,,,,,,,,0,1
3027,Person,Xiulan Ye,,,,,,,,0,3
3028,Person,Xia Jia,,,,,,,,0,3
3029,Person,Donna Caldwell,,,,,,,,0,3
3030,Person,Chao Wu,,,,,,,,0,2
3032,Person,Wei Hu,,,,,,,,0,1
3033,Person,Jun Guo,,,,,,,,0,2
3034,Person,Yang Yi,,,,,,,,0,1
3035,Person,Yan Cai,,,,,,,,0,2
3036,Person,Na Qian,,,,,,,,0,2
3038,Person,Christopher Smith,,,,,,,,0,1
3039,Person,Timothy Hansen,,,,,,,,0,2
3040,Person,Autumn Walker,,,,,,,,0,1
3044,Person,Gang Tang,,,,,,,,0,1
3045,Person,Fang Mao,,,,,,,,0,2
3046,Person,Qiang Qiu,,,,,,,,0,1
3047,Person,Tao Ding,,,,,,,,0,2
3048,Person,Yan Zhao,,,,,,,,0,1
3050,Person,Lisa Hines,,,,,,,,0,2
3051,Person,Amy Moore,,,,,,,,0,3
3054,Person,Wendy Flores,,,,,,,,0,1
3055,Person,Andrew Gordon,,,,,,,,0,2
3057,Person,Jun Zheng,,,,,,,,0,2
3058,Person,Juan Shao,,,,,,,,0,1
3059,Person,Na Song,,,,,,,,0,2
3060,Person,John Wheeler,,,,,,,,0,2
3061,Person,Xiuying Tang,,,,,,,,0,9
3062,Person,Laurent Breton,,,,,,,,0,3
3065,Person,Qiang Deng,,,,,,Lucian,,0,1
3066,Person,Na Liao,,,,,,,,0,1
3068,Person,Tao Lei,,,,,,,,0,6
3069,Person,Guiying Zhou,,,,,,,,0,1
3070,Person,Min Jin,,,,,,,,0,4
3072,Person,Gitta Wilmsen,,,,,,,,0,1
3073,Person,Ingeborg Ullrich,,,,,,,,0,3
3077,Person,Li Zheng,,,,,,,,0,2
3078,Person,Min Gao,,,,,,,,0,3
3079,Person,Yang Yao,,,,,,,,0,5
3081,Person,Amber Rodriguez,,,,,,,,0,1
3082,Person,Tiffany Gill,,,,,,,,0,6
3083,Person,Kamil Sura,,,,,,,,0,1
3084,Person,Karen Wright,,,,,,,,0,13
3086,Person,Sean Jones,,,,,,,,0,13
3089,Person,Ping Liao,,,,,,,,0,3
3090,Person,Tao Chen,,,,,,,,0,1
3091,Person,Amy Gutierrez,,,,,,,,0,2
3095,Person,Wanda Smith,,,,,,,,0,1
3096,Person,Wei Huang,,,,,,,,0,2
3097,Person,Xiulan Jiang,,,,,,,,0,5
3098,Person,Ping Luo,,,,,,,,0,12
3101,Person,Cassandra Washington,,,,,,,,0,2
3102,Person,Jessica Wright,,,,,,,,0,1
3103,Person,Nicole Yoder,,,,,,,,0,1
3104,Person,Michael Dickerson,,,,,,,,0,2
3107,Person,Laura Sanchez,,,,,,,,0,9
3108,Person,Stacey Taylor,,,,,,,,0,4
3111,Person,Jodi Morgan,,,,,,Wraith Choir,,0,1
3112,Person,Shayak Sen,,,,,,,,0,1
3113,Person,Eva Ray,,,,,,,,0,1
3116,Person,Corey Stephens,,,,,,,,0,1
3117,Person,Christina Martin,,,,,,,,0,1
3119,Person,Yong Gong,,,,,,,,0,1
3120,Person,Gang Qian,,,,,,,,0,1
3121,Person,Yong Wu,,,,,,,,0,1
3122,Person,Jing Zhou,,,,,,,,0,6
3124,Person,Elżbieta Bociek,,,,,,,,0,2
3125,Person,Jana Lindner,,,,,,,,0,12
3126,Person,Maik Mude,,,,,,,,0,24
3129,Person,Juan Zhong,,,,,,,,0,1
3130,Person,Yang Liang,,,,,,,,0,1
3131,Person,Peter Goodwin,,,,,,,,0,3
3134,Person,Jennifer Davis,,,,,,YVNG PHXNX,,0,1
3135,Person,Chelsea Martinez,,,,,,,,0,19
3137,Person,Xiulan Liang,,,,,,,,0,1
3138,Person,Yan Hao,,,,,,,,0,1
3140,Person,Jie Wei,,,,,,,,0,3
3141,Person,April Crosby,,,,,,,,0,1
3142,Person,Jing Meng,,,,,,,,0,1
3145,Person,Piya Mann,,,,,,,,0,1
3146,Person,Sana Batta,,,,,,,,0,1
3147,Person,Raghav Garde,,,,,,,,0,2
3148,Person,Ranbir Balay,,,,,,,,0,1
3149,Person,Samar Luthra,,,,,,,,0,1
3152,Person,Stacy Hendricks,,,,,,,,0,3
3155,Person,Lei Bai,,,,,,,,0,4
3156,Person,Jun Meng,,,,,,,,0,1
3157,Person,Jun Chang,,,,,,,,0,9
3158,Person,Jing Wang,,,,,,,,0,13
3159,Person,Ping Tang,,,,,,,,0,3
3161,Person,Min Zhao,,,,,,,,0,1
3162,Person,Xiuying Cai,,,,,,,,0,3
3164,Person,Jeremy Li,,,,,,,,0,5
3165,Person,Jamie Ramos,,,,,,,,0,7
3166,Person,Ricky Silva,,,,,,,,0,6
3169,Person,Sophia Cilea,,,,,,,,0,2
3170,Person,Fulvio Comisso,,,,,,,,0,1
3171,Person,Annunziata Trezzini,,,,,,,,0,2
3172,Person,Donna Vecellio,,,,,,,,0,1
3175,Person,Joshua Cruz,,,,,,,,0,6
3176,Person,Christine Gonzales,,,,,,,,0,9
3177,Person,Michael Holloway,,,,,,,,0,5
3178,Person,Carrie Smith,,,,,,,,0,1
3179,Person,Isaiah Gonzales,,,,,,,,0,1
3180,Person,Raven Bowman,,,,,,,,0,1
3181,Person,Timothy Beck,,,,,,,,0,2
3182,Person,Juan Ding,,,,,,,,0,2
3184,Person,Dana Henk-Bachmann,,,,,,,,0,2
3185,Person,Tobiasz Kargol,,,,,,,,0,1
3187,Person,Christopher Long,,,,,, A.M. Silver,,0,4
3188,Person,Kayla Smith,,,,,,,,0,2
3189,Person,Meredith Sullivan,,,,,,,,0,2
3190,Person,Kaylee Patrick,,,,,,,,0,2
3191,Person,Mary Campbell,,,,,,,,0,2
3192,Person,Brandon Roman,,,,,,,,0,2
3195,Person,Lei Zeng,,,,,,,,0,2
3196,Person,Yong Chen,,,,,,,,0,1
3197,Person,Guiying Dai,,,,,,,,0,3
3198,Person,Na Ren,,,,,,,,0,2
3200,Person,James White,,,,,, B.B. Stone,,0,2
3201,Person,Wei Liang,,,,,,Valoria,,0,1
3202,Person,Min Long,,,,,,Resonance,,0,1
3203,Person,Li Bai,,,,,,,,0,1
3204,Person,Qiang Ye,,,,,,,,0,2
3206,Person,Sarah Gray,,,,,,,,0,1
3207,Person,Kenneth Jones,,,,,,,,0,1
3208,Person,Yang Bai,,,,,,,,0,3
3209,Person,Wei Shen,,,,,,,,0,4
3211,Person,Fang Qian,,,,,,,,0,1
3212,Person,Fang Zhang,,,,,,,,0,1
3213,Person,Catherine Price,,,,,,,,0,1
3214,Person,Li Shao,,,,,,,,0,1
3215,Person,Yang Fan,,,,,,,,0,1
3218,Person,Logan Rogers,,,,,,,,0,3
3220,Person,Madison Rodriguez,,,,,,Glass Parable,,0,1
3221,Person,Christiane Langlois,,,,,,,,0,2
3222,Person,Auguste-Alexandre Delattre,,,,,,,,0,3
3223,Person,Victoire Morvan,,,,,,,,0,2
3225,Person,Emma Ruiz,,,,,, Storm Scout,,0,1
3226,Person,Jie Ding,,,,,,,,0,3
3227,Person,Ming Dai,,,,,,,,0,2
3229,Person,Yong Liang,,,,,,,,0,1
3230,Person,Juan Wu,,,,,,,,0,5
3231,Person,Ming Li,,,,,,,,0,2
3232,Person,Chao Sun,,,,,,,,0,3
3233,Person,Gang Yuan,,,,,,,,0,6
3238,Person,Melissa Avila,,,,,,,,0,1
3240,Person,Michelle Laurent de la Berger,,,,,,,,0,1
3241,Person,Jérôme Riou,,,,,,,,0,2
3244,Person,Amanda Coleman,,,,,,,,0,1
3245,Person,David Morgan,,,,,,,,0,2
3246,Person,Mary Parsons,,,,,,,,0,2
3247,Person,Gang Lai,,,,,,,,0,1
3248,Person,Xiulan Lu,,,,,,,,0,1
3250,Person,Nicolas Jones,,,,,,,,0,2
3253,Person,Li Xue,,,,,,,,0,2
3254,Person,Aaron Logan,,,,,,,,0,1
3255,Person,Megan Dunn,,,,,,,,0,1
3256,Person,Yang He,,,,,,,,0,1
3257,Person,Kevin Kidd,,,,,,,,0,2
3258,Person,Jie Fang,,,,,,,,0,1
3259,Person,Na Xiao,,,,,,,,0,5
3260,Person,William Moore,,,,,,,,0,1
3261,Person,Carol Hanna,,,,,,,,0,1
3262,Person,Fang Tao,,,,,,,,0,1
3263,Person,Yan Gao,,,,,,,,0,1
3265,Person,Xiuying Deng,,,,,,,,0,1
3266,Person,Xiuying Lin,,,,,,,,0,4
3268,Person,Fang Kong,,,,,,,,0,1
3269,Person,Ming Cheng,,,,,,,,0,3
3271,Person,Caroline King,,,,,,,,0,2
3272,Person,Christian Mcpherson,,,,,,,,0,5
3276,Person,Wei Liao,,,,,,,,0,2
3277,Person,Fang Zheng,,,,,,,,0,1
3278,Person,Tao Yuan,,,,,,,,0,1
3279,Person,Ming Lai,,,,,,,,0,1
3280,Person,Xiuying Xue,,,,,,,,0,1
3283,Person,Brittany Simon,,,,,, Hart,,0,2
3284,Person,Nancy Smith,,,,,,,,0,1
3287,Person,Alexander Jenkins,,,,,,,,0,4
3288,Person,Brendan Hawkins,,,,,,,,0,1
3290,Person,Jie Yan,,,,,,,,0,6
3292,Person,Wei Lu,,,,,,,,0,2
3293,Person,Min Dai,,,,,,,,0,1
3294,Person,Yong Wei,,,,,,,,0,2
3295,Person,Yong Fan,,,,,,,,0,2
3296,Person,Xiulan Chang,,,,,,,,0,1
3297,Person,Guiying Xie,,,,,,,,0,2
3298,Person,Juan Tan,,,,,,,,0,1
3299,Person,Jing Fan,,,,,,,,0,1
3300,Person,Anthony King,,,,,,,,0,4
3303,Person,Kenneth Hall,,,,,,,,0,1
3305,Person,Rania Banik,,,,,,,,0,1
3306,Person,Guiying Tian,,,,,,,,0,2
3307,Person,Riya Ahluwalia,,,,,,,,0,1
3308,Person,Michael Kelly,,,,,,,,0,1
3309,Person,Stacy Watts,,,,,,,,0,3
3311,Person,Kendra Rivera,,,,,,,,0,4
3312,Person,Juan Tao,,,,,,,,0,1
3313,Person,Lei Yang,,,,,,,,0,7
3314,Person,Na Qian,,,,,,,,0,4
3315,Person,Qiang Gao,,,,,,,,0,2
3317,Person,Na Qian,,,,,,,,0,1
3318,Person,Li Tang,,,,,,,,0,2
3319,Person,Guiying Gong,,,,,,,,0,1
3320,Person,Xia Fan,,,,,,,,0,2
3321,Person,Juan Shi,,,,,,,,0,1
3322,Person,Wei Yu,,,,,,,,0,3
3324,Person,Hans Georg Eigenwillig-Reising,,,,,,,,0,3
3326,Person,Laurie Campbell,,,,,,,,0,8
3327,Person,Kevin Ayala,,,,,,,,0,1
3330,Person,Na Cao,,,,,,Jay Carter,,0,1
3331,Person,Na Yao,,,,,,,,0,1
3333,Person,Janet Margraf,,,,,,,,0,2
3334,Person,Birthe Täsche,,,,,,,,0,4
3336,Person,Lucrezia Zamengo,,,,,,,,0,14
3338,Person,Justin Williams,,,,,,,,0,2
3340,Person,Marianna Polaszek,,,,,,,,0,4
3343,Person,Joseph Stevens,,,,,,,,0,1
3344,Person,Roy Tran,,,,,,,,0,1
3345,Person,David Cruz,,,,,,,,0,1
3346,Person,Leonard Suarez,,,,,,,,0,1
3351,Person,Nicole Robinson,,,,,,,,0,3
3352,Person,Marcus Spence,,,,,,,,0,20
3356,Person,Jacob Yang,,,,,,,,0,3
3359,Person,Aneta Pruschke-Sölzer,,,,,,,,0,5
3360,Person,Isabella Farinelli,,,,,,,,0,8
3363,Person,Xiuying Xie,,,,,,,,0,3
3364,Person,Jun Lin,,,,,,,,0,3
3365,Person,Gang Dong,,,,,,,,0,1
3366,Person,Xiuying Yao,,,,,,,,0,13
3368,Person,Madeleine Pineau,,,,,,M.A.D. FROST (Money And Dreams),,0,3
3369,Person,Laetitia Petitjean,,,,,,,,0,3
3370,Person,Émilie Maillet,,,,,,,,0,2
3371,Person,Susan Da Silva,,,,,,,,0,2
3374,Person,Kevin Gilbert,,,,,,,,0,1
3375,Person,Jennifer Ferguson,,,,,,,,0,2
3377,Person,Ming Qiao,,,,,,,,0,7
3378,Person,Xiulan Tao,,,,,,,,0,3
3379,Person,Jun Ye,,,,,,,,0,6
3380,Person,Guiying Chen,,,,,,,,0,3
3382,Person,Reginald Stumpf,,,,,,,,0,1
3383,Person,Günther Mude,,,,,,,,0,1
3384,Person,Ulf Kusch,,,,,,,,0,2
3385,Person,Joerg Weiß,,,,,,,,0,1
3388,Person,Li Fang,,,,,,,,0,1
3389,Person,Min Shen,,,,,,,,0,5
3391,Person,Diana Lewis,,,,,,,,0,2
3392,Person,Micheal Martin,,,,,,,,0,1
3393,Person,Michael Keller,,,,,,,,0,1
3396,Person,Yong Sun,,,,,,,,0,1
3397,Person,Yong Shen,,,,,,,,0,1
3398,Person,Na Lu,,,,,,,,0,3
3399,Person,Jing Jin,,,,,,,,0,4
3403,Person,Franca Wilms,,,,,,,,0,1
3404,Person,Andrew Medina,,,,,,,,0,2
3405,Person,Zachary Stark,,,,,,,,0,2
3408,Person,Qiang Fang,,,,,,,,0,1
3409,Person,Janice Lamb,,,,,,,,0,7
3410,Person,Xia Deng,,,,,,,,0,4
3412,Person,Xiulan Feng,,,,,,,,0,2
3413,Person,Tao Xie,,,,,,,,0,9
3414,Person,Yang Han,,,,,,,,0,5
3416,Person,Xiulan Zheng,,,,,,,,0,2
3417,Person,Xiuying Qiu,,,,,,,,0,1
3418,Person,Yang Wu,,,,,,,,0,3
3419,Person,Guiying Zhu,,,,,,,,0,1
3423,Person,Marika Rörricht,,,,,,,,0,1
3424,Person,Stilla Koch,,,,,,,,0,4
3425,Person,Holger Trupp,,,,,,,,0,1
3427,Person,Yan Liang,,,,,,,,0,1
3428,Person,Qiang Shao,,,,,,,,0,1
3429,Person,Guiying Wu,,,,,,,,0,1
3430,Person,Ming Xiong,,,,,,,,0,3
3431,Person,Tao Cao,,,,,,,,0,1
3432,Person,Guiying Shi,,,,,,,,0,1
3434,Person,Lei Xiao,,,,,,,,0,1
3435,Person,Lei Long,,,,,,,,0,2
3436,Person,Anthony Navarro,,,,,,,,0,1
3437,Person,Qiang Peng,,,,,,,,0,2
3439,Person,Fang Gu,,,,,,,,0,1
3440,Person,Guiying Cui,,,,,,,,0,2
3441,Person,Li Cheng,,,,,,,,0,2
3442,Person,Xiuying Tian,,,,,,,,0,3
3445,Person,Xiulan Ren,,,,,,,,0,1
3446,Person,Jing Xie,,,,,,,,0,1
3447,Person,Li Gu,,,,,,,,0,10
3448,Person,Juan Li,,,,,,,,0,3
3450,Person,Julianna Mytnik,,,,,,Runaway Orchestra,,0,1
3452,Person,Xiulan Yang,,,,,, $HADE,,0,1
3453,Person,Ming Fang,,,,,,,,0,1
3455,Person,Maria Carlson,,,,,,,,0,4
3456,Person,Robin Russell,,,,,,,,0,2
3458,Person,Erica Hill,,,,,,,,0,1
3459,Person,Holly Valenzuela,,,,,,,,0,2
3460,Person,Xia Zhu,,,,,,,,0,3
3461,Person,Yong Tao,,,,,,,,0,4
3462,Person,Fang Zhu,,,,,,,,0,1
3463,Person,Juan Yan,,,,,,,,0,1
3465,Person,Evelína Kučerová,,,,,,,,0,2
3466,Person,Leslie Flynn,,,,,,,,0,1
3468,Person,Qiang Feng,,,,,,,,0,2
3469,Person,Juan Qiu,,,,,,,,0,1
3470,Person,Yang Fan,,,,,,,,0,1
3471,Person,Li Jiang,,,,,,,,0,1
3472,Person,Lei Dai,,,,,,,,0,1
3473,Person,Ming Qian,,,,,,,,0,1
3474,Person,Fang Lin,,,,,,,,0,2
3475,Person,Juan Duan,,,,,,,,0,2
3476,Person,Yong Qin,,,,,,,,0,1
3477,Person,Qiang Mo,,,,,,,,0,1
3478,Person,Tao Bai,,,,,,,,0,2
3480,Person,Cécile Meyer,,,,,,,,0,1
3481,Person,Laura Mann,,,,,,,,0,2
3482,Person,Caroline Navarro,,,,,,,,0,1
3483,Person,Frédérique Traore,,,,,,,,0,1
3484,Person,Adrienne Bouchet,,,,,,,,0,2
3486,Person,Jing Zhu,,,,,,,,0,2
3487,Person,Jing Xiong,,,,,,,,0,1
3488,Person,Yan Lin,,,,,,,,0,1
3489,Person,Wei Xiao,,,,,,,,0,1
3490,Person,Tao Ren,,,,,,,,0,2
3492,Person,Na Gao,,,,,,The Hollow Manuscript,,0,1
3493,Person,Qiang Chen,,,,,,,,0,1
3494,Person,Ming Long,,,,,,,,0,1
3495,Person,Gang Qin,,,,,,,,0,1
3496,Person,Xiulan Deng,,,,,,,,0,2
3498,Person,Lina Mendizábal Robledo,,,,,,,,0,3
3499,Person,John Rogers,,,,,,,,0,1
3502,Person,Ignazio Pastine,,,,,,Valkyris,,0,4
3503,Person,Constance Guibert,,,,,,,,0,5
3504,Person,Zacharie Martins,,,,,,,,0,14
3507,Person,Alex Steele,,,,,,,,0,2
3509,Person,Michael Warner,,,,,,,,0,2
3510,Person,Robert Long,,,,,,,,0,1
3511,Person,David Miles,,,,,,,,0,4
3514,Person,Kaitlin Davis,,,,,,,,0,2
3515,Person,Jie Zheng,,,,,,,,0,1
3516,Person,Yan Shi,,,,,,,,0,1
3517,Person,Qiang Shi,,,,,,,,0,1
3518,Person,Min Liao,,,,,,,,0,1
3521,Person,Min Jin,,,,,,,,0,1
3523,Person,Lei Guo,,,,,,,,0,2
3524,Person,Marissa Holt,,,,,,,,0,1
3525,Person,Xiulan Liang,,,,,,,,0,1
3527,Person,Min Jiang,,,,,,,,0,1
3528,Person,Theresa Mason,,,,,,,,0,2
3529,Person,Gang Tan,,,,,,,,0,2
3532,Person,Alexandria Spencer,,,,,,,,0,1
3533,Person,William Stone,,,,,,,,0,1
3534,Person,Jody Lopez,,,,,,,,0,1
3535,Person,Reginald Wallace,,,,,,,,0,2
3537,Person,Sophia Zaguri,,,,,,,,0,1
3538,Person,Fabienne Klemm-Kade,,,,,,,,0,1
3541,Person,Brandi Rodriguez,,,,,,,,0,6
3543,Person,Chao Song,,,,,,,,0,3
3544,Person,Ming Zhao,,,,,,,,0,5
3545,Person,Jonathan Diaz,,,,,,,,0,5
3547,Person,Lisa Brooks,,,,,,,,0,1
3548,Person,Kim Preston,,,,,,,,0,1
3549,Person,Brandon Barton,,,,,,,,0,2
3550,Person,Michael Aguilar,,,,,,,,0,2
3554,Person,Renée Bègue-Giraud,,,,,,,,0,1
3555,Person,Nicole Godard,,,,,,,,0,3
3556,Person,Luc Hoarau,,,,,,,,0,1
3557,Person,Philippine Laurent,,,,,,,,0,3
3560,Person,Hans-Joachim Seip,,,,,,,,0,2
3561,Person,Max Brown,,,,,,,,0,1
3563,Person,Robert Lynn,,,,,, RVGE,,0,3
3564,Person,Jillian Crane,,,,,,,,0,1
3565,Person,Kevin Wells,,,,,,,,0,1
3569,Person,Leah Robinson,,,,,,,,0,2
3570,Person,Carrie Lang,,,,,,,,0,2
3571,Person,Sean Aguirre,,,,,,,,0,1
3572,Person,Matthew Caldwell,,,,,,,,0,2
3573,Person,Katherine Watts,,,,,,,,0,1
3575,Person,Juan Li,,,,,,,,0,3
3576,Person,Brandon Ramirez,,,,,,,,0,4
3577,Person,Gang Lu,,,,,,,,0,1
3578,Person,Yan Shi,,,,,,,,0,1
3581,Person,Jun Gu,,,,,,,,0,2
3582,Person,Jie Zheng,,,,,,,,0,1
3584,Person,Qiang Cheng,,,,,,,,0,1
3585,Person,Chao Fan,,,,,,,,0,2
3586,Person,Michael Jackson,,,,,,,,0,2
3588,Person,Antonietta Zaccagnini,,,,,,,,0,4
3589,Person,Laetitia Bertrand-Becker,,,,,,,,0,7
3590,Person,Lindsay Ponce,,,,,,,,0,1
3591,Person,Jermaine Gibbs,,,,,,,,0,1
3594,Person,Kreszentia Staude,,,,,,,,0,1
3595,Person,Rouven Ernst,,,,,,,,0,2
3597,Person,Kaylee Freeman,,,,,,,,0,3
3598,Person,Danielle Luna,,,,,,,,0,2
3599,Person,Alicia Robertson,,,,,,,,0,2
3600,Person,Lisa Smith,,,,,,,,0,3
3604,Person,Susan Romero,,,,,,,,0,2
3605,Person,Lei Cao,,,,,,,,0,4
3607,Person,Giampiero Lombroso,,,,,,,,0,1
3608,Person,Isa Balotelli,,,,,,,,0,3
3610,Person,Yan Cui,,,,,,,,0,1
3611,Person,Na Zou,,,,,,,,0,1
3612,Person,Min Yuan,,,,,,,,0,1
3613,Person,Xiulan Yan,,,,,,,,0,6
3614,Person,Yang He,,,,,,,,0,1
3615,Person,Jun Deng,,,,,,,,0,1
3617,Person,Michael Carroll,,,,,,,,0,1
3618,Person,Steve Yu,,,,,,,,0,1
3619,Person,Thomas Beard,,,,,,,,0,2
3620,Person,Tonya Gallegos,,,,,,,,0,1
3621,Person,Brianna Wilson,,,,,,,,0,2
3622,Person,Misty Reed,,,,,,,,0,1
3623,Person,Cheryl Waters,,,,,,,,0,2
3624,Person,Robert Adams,,,,,,,,0,1
3628,Person,Xiulan Zhou,,,,,,,,0,2
3629,Person,Xiuying Ding,,,,,,,,0,5
3631,Person,Jasmine Atkins,,,,,,,,0,4
3632,Person,David Miller,,,,,,,,0,3
3635,Person,Natasha Wood,,,,,,,,0,1
3637,Person,Tao Feng,,,,,,,,0,1
3638,Person,Na Mo,,,,,,,,0,2
3639,Person,Wei Yin,,,,,,,,0,3
3640,Person,Alexander Whitney,,,,,,,,0,1
3641,Person,Fang Liu,,,,,,,,0,1
3642,Person,Wei Xiong,,,,,,,,0,1
3645,Person,Li Zeng,,,,,,,,0,2
3647,Person,Na Li,,,,,,,,0,2
3648,Person,Joseph Thomas,,,,,,,,0,2
3649,Person,Cordula Ehlert,,,,,,,,0,2
3650,Person,Sarah Johnson,,,,,,,,0,2
3653,Person,Lei Xiao,,,,,,,,0,1
3654,Person,Na Lai,,,,,,,,0,1
3655,Person,Jing Ren,,,,,,,,0,2
3656,Person,Ryohei Ito,,,,,,,,0,1
3657,Person,Ming Tian,,,,,,,,0,1
3658,Person,Min Xiang,,,,,,,,0,1
3659,Person,Guiying Wang,,,,,,,,0,1
3661,Person,Melissa Wyatt,,,,,,,,0,3
3662,Person,David Wilkerson,,,,,,,,0,14
3664,Person,Daniel Nelson,,,,,,,,0,2
3665,Person,Diana Taylor,,,,,,,,0,8
3666,Person,Kayla Gomez,,,,,,,,0,5
3669,Person,Klaus-Werner Gerlach,,,,,,,,0,1
3670,Person,Heinz-Günter Schmiedecke,,,,,,,,0,1
3671,Person,Ming Qian,,,,,,,,0,1
3673,Person,Kenichi Kobayashi,,,,,,,,0,4
3674,Person,Kumiko Miura,,,,,,,,0,7
3677,Person,Yan Guo,,,,,,,,0,1
3678,Person,Jun Shao,,,,,,,,0,3
3679,Person,Gang Hao,,,,,,,,0,4
3680,Person,Min Jin,,,,,,,,0,1
3681,Person,Guiying Xia,,,,,,,,0,2
3684,Person,Xiuying Yao,,,,,,Mirrored Silence,,0,1
3685,Person,Min Yu,,,,,,,,0,1
3686,Person,Xia Chen,,,,,,,,0,6
3689,Person,Jie Wei,,,,,,,,0,1
3690,Person,Gang Sun,,,,,,,,0,6
3691,Person,Gang Zheng,,,,,,,,0,6
3693,Person,Ping Fu,,,,,,,,0,1
3694,Person,Ming Cao,,,,,,,,0,1
3695,Person,Na Zhang,,,,,,,,0,1
3696,Person,Lei Sun,,,,,,,,0,5
3698,Person,Ming Zhao,,,,,, FVDE,,0,1
3699,Person,Lei Duan,,,,,,Static Hymn,,0,2
3700,Person,Yan Kong,,,,,,,,0,1
3701,Person,Chao Jia,,,,,,,,0,1
3702,Person,Jun Zhu,,,,,,,,0,1
3703,Person,Wei Shi,,,,,,,,0,1
3704,Person,Qiang Xu,,,,,,,,0,7
3707,Person,Stacy Henderson,,,,,,,,0,4
3708,Person,John Brewer,,,,,,,,0,1
3712,Person,Fang Duan,,,,,,,,0,4
3713,Person,Yong Dai,,,,,,,,0,2
3714,Person,Chao Xiao,,,,,,,,0,4
3715,Person,Wei Lai,,,,,,,,0,1
3716,Person,Qiang Xie,,,,,,,,0,6
3717,Person,Albert Miller,,,,,,,,0,6
3720,Person,Tao Tang,,,,,,,,0,1
3722,Person,Nicole Newman,,,,,,,,0,1
3723,Person,Timothy Randolph,,,,,,,,0,1
3725,Person,Donato Mocenigo,,,,,,,,0,3
3728,Person,Théodore de la Chauvet,,,,,,,,0,1
3729,Person,Daniel Aubry,,,,,,,,0,2
3731,Person,Ming Wan,,,,,,Echo Dominion,,0,1
3732,Person,Qiang He,,,,,,,,0,2
3733,Person,Qiang Lai,,,,,,,,0,1
3735,Person,Qiang Zheng,,,,,,,,0,1
3736,Person,Fang Han,,,,,,,,0,1
3737,Person,Mary Boyd,,,,,,,,0,1
3738,Person,Gang Duan,,,,,,,,0,1
3739,Person,Wei Long,,,,,,,,0,1
3741,Person,Andrew Dawson,,,,,,,,0,5
3742,Person,David Wilcox,,,,,,,,0,14
3744,Person,Kimberly Weaver,,,,,,,,0,2
3745,Person,Elizabeth Shepherd,,,,,,,,0,3
3749,Person,Paul Contreras,,,,,,,,0,2
3751,Person,Imelda Zaguri,,,,,,YUNG DUSK,,0,4
3752,Person,Nanni Telesio,,,,,,,,0,6
3753,Person,Graziella Saffi,,,,,,,,0,9
3754,Person,Annetta Passalacqua,,,,,,,,0,9
3757,Person,Klaus-Werner Gierschner,,,,,,,,0,2
3758,Person,Mariusz Segebahn,,,,,,,,0,1
3760,Person,Min Long,,,,,,,,0,4
3761,Person,Gang Shao,,,,,,,,0,5
3762,Person,Xiulan Lin,,,,,,,,0,1
3763,Person,Qiang Yuan,,,,,,,,0,2
3764,Person,Wei Zhao,,,,,,,,0,6
3765,Person,Wei Xiong,,,,,,,,0,4
3767,Person,Rocío Rovira,,,,,,,,0,1
3768,Person,Plinio Ribas,,,,,,,,0,2
3769,Person,Ulises Gomila Morell,,,,,,,,0,1
3770,Person,Paca Ema Mosquera Cepeda,,,,,,,,0,1
3771,Person,Baudelio Naranjo Ríos,,,,,,,,0,1
3774,Person,Jun Yin,,,,,,,,0,4
3775,Person,Yang Cui,,,,,,,,0,6
3777,Person,Douglas Lewis,,,,,,,,0,3
3780,Person,Krzysztof Linda,,,,,,,,0,2
3781,Person,Janos Zimmer,,,,,,,,0,2
3783,Person,Li Xiong,,,,,,Spectral Canticle,,0,1
3784,Person,Yong Tan,,,,,,,,0,1
3785,Person,Yan Tao,,,,,,,,0,1
3788,Person,Jie Cao,,,,,,,,0,1
3789,Person,Xia Yuan,,,,,,,,0,1
3790,Person,Chao Chang,,,,,,,,0,1
3791,Person,Lei Hao,,,,,,,,0,2
3792,Person,Yong Shao,,,,,,,,0,2
3794,Person,Jennifer Flores,,,,,,,,0,1
3796,Person,Tao Luo,,,,,,,,0,1
3798,Person,Guiying Lai,,,,,,,,0,2
3799,Person,Xiulan Zhu,,,,,,,,0,1
3802,Person,Brett Terry,,,,,,,,0,2
3803,Person,Regina Beck,,,,,,,,0,1
3804,Person,Micheal Welch,,,,,,,,0,2
3805,Person,Michael Mccullough,,,,,,,,0,1
3807,Person,Jing Zhang,,,,,,,,0,3
3808,Person,Tao Zheng,,,,,,,,0,1
3809,Person,Yan Yan,,,,,,,,0,1
3810,Person,Ping Meng,,,,,,,,0,1
3811,Person,Xiuying Liu,,,,,,,,0,1
3812,Person,Fang Meng,,,,,,,,0,3
3814,Person,Qiang Feng,,,,,, The Ghost,,0,1
3815,Person,Brittney Rivera,,,,,,,,0,1
3816,Person,Daniel Kent,,,,,,,,0,2
3817,Person,Tommy Murphy,,,,,,,,0,1
3818,Person,Qiang Peng,,,,,,,,0,1
3820,Person,Melanie Jimenez,,,,,,,,0,13
3821,Person,Steven Buchanan,,,,,,,,0,6
3824,Person,Na Ma,,,,,,,,0,3
3825,Person,Min Cui,,,,,,,,0,3
3827,Person,Yong Deng,,,,,,,,0,3
3829,Person,Li Zou,,,,,,,,0,1
3830,Person,Xiuying Du,,,,,,,,0,1
3831,Person,Chao Tang,,,,,,,,0,2
3832,Person,Gang Yin,,,,,,,,0,1
3833,Person,Wei Chang,,,,,,,,0,3
3834,Person,Gang Zhang,,,,,,,,0,1
3835,Person,Tao Lei,,,,,,,,0,4
3836,Person,Na Zou,,,,,,,,0,1
3838,Person,Xiuying Wan,,,,,,,,0,1
3839,Person,Tao Gu,,,,,,,,0,2
3840,Person,Qiang Feng,,,,,,,,0,1
3841,Person,Li Jin,,,,,,,,0,5
3842,Person,Na Shen,,,,,,,,0,1
3843,Person,Fang Jia,,,,,,,,0,6
3845,Person,Peter Hughes,,,,,,,,0,1
3846,Person,Sylvia Watson,,,,,,,,0,4
3847,Person,Joseph Luna,,,,,,,,0,5
3848,Person,Katherine Flores,,,,,,,,0,1
3849,Person,Wayne Malone,,,,,,,,0,4
3851,Person,Mary Thompson,,,,,,,,0,2
3852,Person,Marissa Evans,,,,,,,,0,1
3853,Person,James Valentine,,,,,,,,0,2
3854,Person,Marina Boucsein,,,,,,,,0,1
3857,Person,Pihu Gulati,,,,,,,,0,5
3860,Person,Folkert Schmidtke,,,,,,Abyssal Cadence,,0,2
3861,Person,Matthäus Ladeck,,,,,,,,0,4
3863,Person,Sébastien Delaunay,,,,,,,,0,3
3864,Person,Matthieu Le Roux,,,,,,,,0,3
3866,Person,Yan Liu,,,,,,,,0,4
3867,Person,Jun Xue,,,,,,,,0,4
3868,Person,Xiulan Lu,,,,,,,,0,4
3870,Person,Larry Rogers,,,,,, $PIRIT,,0,1
3871,Person,Jennifer Duarte,,,,,,,,0,1
3872,Person,James Price,,,,,,,,0,1
3873,Person,Bailey Ewing,,,,,,,,0,2
3874,Person,Billy Green,,,,,,,,0,1
3877,Person,Wei Tan,,,,,,Waytawn,,0,1
3878,Person,Li Wang,,,,,,,,0,2
3880,Person,Gang Huang,,,,,,,,0,1
3882,Person,Juan Zhou,,,,,,,,0,1
3883,Person,Yang Zhao,,,,,,,,0,2
3886,Person,Lindsey Diaz,,,,,,Blake Austin,,0,1
3887,Person,Tao Yin,,,,,,,,0,2
3888,Person,Xiuying Lu,,,,,,,,0,1
3889,Person,Qiang Sun,,,,,,,,0,2
3890,Person,Yan Dai,,,,,,,,0,1
3892,Person,Ming Liu,,,,,,,,0,2
3893,Person,Tao Du,,,,,,,,0,4
3894,Person,Yan Yan,,,,,,,,0,5
3895,Person,Yoko Fujita,,,,,,,,0,7
3897,Person,Arkadiusz Flisiak,,,,,,,,0,2
3899,Person,Tao Cai,,,,,,,,0,2
3900,Person,Yong Fu,,,,,,,,0,2
3901,Person,Juan Zhu,,,,,,,,0,1
3902,Person,Juan Fu,,,,,,,,0,1
3905,Person,Kenneth Ruiz,,,,,,,,0,2
3906,Person,Alejandro Brown,,,,,,,,0,1
3910,Person,Yui Kondo,,,,,,,,0,2
3911,Person,Kaori Kobayashi,,,,,,,,0,1
3914,Person,Gang Zhou,,,,,, The Element,,0,1
3915,Person,Xiuying Deng,,,,,,,,0,3
3916,Person,Jing Zhu,,,,,,,,0,1
3918,Person,Jacqueline Bowen,,,,,, Vapor Saint,,0,2
3919,Person,Jason Miller,,,,,,,,0,1
3920,Person,William Diaz,,,,,,,,0,1
3921,Person,Brooke Robinson,,,,,,,,0,1
3922,Person,Stephen Vazquez,,,,,,,,0,2
3924,Person,Xia Tian,,,,,,,,0,1
3925,Person,Ping Hou,,,,,,,,0,1
3926,Person,Yong Gu,,,,,,,,0,2
3927,Person,Xia Hao,,,,,,,,0,1
3928,Person,Jun Mo,,,,,,,,0,1
3929,Person,Xia Song,,,,,,,,0,2
3930,Person,Guiying Peng,,,,,,,,0,1
3933,Person,Ming Yang,,,,,,,,0,1
3934,Person,Li Tian,,,,,,,,0,1
3935,Person,Ping Wu,,,,,,,,0,2
3936,Person,Tao Li,,,,,,,,0,2
3937,Person,Lei Zheng,,,,,,,,0,3
3938,Person,Min Chen,,,,,,,,0,4
3940,Person,Chris Meyer,,,,,,Halogen Rapture,,0,1
3941,Person,Adam Hanna,,,,,,,,0,1
3942,Person,Molly Williams,,,,,,,,0,1
3943,Person,Min Qiu,,,,,,,,0,1
3944,Person,Sabrina Mcmahon,,,,,,,,0,1
3945,Person,Yong Mao,,,,,,,,0,1
3946,Person,Marie Flores,,,,,,,,0,1
3947,Person,Aaron Conway,,,,,,,,0,1
3948,Person,Melanie Fisher,,,,,,,,0,2
3952,Person,Lei Lai,,,,,,,,0,1
3953,Person,Ping Dong,,,,,,,,0,1
3954,Person,Qiang Xia,,,,,,,,0,1
3955,Person,Monica Blevins,,,,,,,,0,1
3957,Person,Juan Qiao,,,,,,,,0,1
3958,Person,Na Ma,,,,,,,,0,3
3959,Person,Jun Jin,,,,,,,,0,1
3960,Person,Qiang Song,,,,,,,,0,2
3961,Person,Xiulan Ren,,,,,,,,0,1
3963,Person,Christina Mendoza,,,,,, King XIII,,0,2
3964,Person,Brittany Mcguire,,,,,,,,0,4
3967,Person,Jessica Stafford,,,,,, R.O. Santos,,0,4
3968,Person,Lisa Jones,,,,,,,,0,4
3969,Person,Daniel Roberts,,,,,,,,0,2
3970,Person,Margaret Sanchez,,,,,,,,0,2
3973,Person,Fang Luo,,,,,,,,0,1
3974,Person,Guiying Yang,,,,,,,,0,1
3975,Person,Chao Lu,,,,,,,,0,2
3976,Person,Lei Tang,,,,,,,,0,1
3977,Person,Ping Chang,,,,,,,,0,1
3979,Person,Matilda Zarlino,,,,,,,,0,2
3980,Person,Dina Borroni,,,,,,,,0,3
3981,Person,Travis Tucker,,,,,,,,0,1
3982,Person,Pierangelo Papafava,,,,,,,,0,2
3983,Person,Joseph Figueroa,,,,,,,,0,2
3987,Person,Xiulan Fang,,,,,,,,0,2
3988,Person,Qiang Liu,,,,,,,,0,3
3989,Person,Jun Qiao,,,,,,,,0,2
3990,Person,Ming Huang,,,,,,,,0,5
3992,Person,Yang Wu,,,,,,,,0,1
3994,Person,Wei Su,,,,,, Alex Stone,,0,1
3995,Person,Wei Yang,,,,,,,,0,1
3996,Person,Yang Pan,,,,,,,,0,2
3997,Person,Guiying Kong,,,,,,,,0,1
3998,Person,Mark Nichols,,,,,,,,0,2
3999,Person,Naoko Miura,,,,,,,,0,1
4000,Person,Gang Shi,,,,,,,,0,1
4004,Person,Xiulan Lu,,,,,,,,0,1
4005,Person,Min Tao,,,,,,,,0,1
4007,Person,John Ramirez,,,,,,,,0,5
4009,Person,Christopher Thomas,,,,,,,,0,4
4010,Person,Laure du Hebert,,,,,,,,0,5
4011,Person,Nathalie Legrand,,,,,,,,0,4
4015,Person,Vitali Rogner,,,,,,Echoa,,0,3
4016,Person,Serafina Vives-Somoza,,,,,,,,0,1
4017,Person,Gunhild Oderwald,,,,,,,,0,1
4018,Person,Paolo Gotthard,,,,,,,,0,1
4019,Person,Valerij Bonbach,,,,,,,,0,1
4020,Person,Liesel Aumann,,,,,,,,0,1
4021,Person,Eva-Maria Killer,,,,,,,,0,2
4024,Person,Margherita Giammusso,,,,,,,,0,1
4025,Person,Ida Vigliotti,,,,,,,,0,2
4026,Person,Amedeo Mimun,,,,,,,,0,1
4027,Person,Pina Garrone,,,,,,,,0,1
4030,Person,Li He,,,,,,,,0,2
4031,Person,Ping Fu,,,,,,,,0,1
4032,Person,Guiying Gao,,,,,,,,0,2
4033,Person,Xiuying Jin,,,,,,,,0,2
4035,Person,Fang Ren,,,,,, Aria Snow,,0,3
4036,Person,Jun Hu,,,,,,,,0,1
4037,Person,Juan Peng,,,,,,,,0,2
4039,Person,Min Xue,,,,,,,,0,1
4040,Person,Xiulan Qin,,,,,,,,0,1
4041,Person,Wei He,,,,,,,,0,1
4042,Person,Xiuying Qiu,,,,,,,,0,2
4043,Person,Kelly Castro,,,,,,,,0,2
4044,Person,Erika Ruiz,,,,,,,,0,1
4045,Person,Yan Tang,,,,,,,,0,2
4047,Person,Qiang Shen,,,,,,,,0,1
4048,Person,Fang Yan,,,,,,,,0,1
4049,Person,Dora Säuberlich,,,,,,,,0,1
4050,Person,Na Ren,,,,,,,,0,1
4052,Person,Xiulan Wan,,,,,,,,0,1
4053,Person,Wei Luo,,,,,,,,0,1
4054,Person,Chao Dai,,,,,,,,0,2
4056,Person,Lei Pan,,,,,,,,0,1
4057,Person,Qiang Zou,,,,,,,,0,3
4058,Person,Xiuying Qiu,,,,,,,,0,3
4060,Person,Leonard Dudley,,,,,,YNT BOSS (Young & Timeless),,0,1
4061,Person,Patricia Johnson,,,,,,,,0,1
4062,Person,Lisa Page,,,,,,,,0,1
4063,Person,Brittany Kelly,,,,,,,,0,2
4064,Person,Christopher Roberts,,,,,,,,0,3
4065,Person,Gary Torres,,,,,,,,0,1
4066,Person,Gregory Porter,,,,,,,,0,1
4070,Person,Michel Pichon,,,,,,,,0,1
4072,Person,Juan Xue,,,,,,,,0,2
4073,Person,Patricia Hardy,,,,,,,,0,7
4074,Person,Jing Liang,,,,,,,,0,3
4075,Person,Xia Du,,,,,,,,0,6
4076,Person,Leslie Mathis,,,,,,,,0,5
4078,Person,Meagan Hendrix,,,,,,,,0,1
4079,Person,Chao Wan,,,,,,,,0,2
4080,Person,Yan Lu,,,,,,,,0,1
4081,Person,Yan Xiao,,,,,,,,0,1
4082,Person,Ming Hu,,,,,,,,0,1
4083,Person,Min Yi,,,,,,,,0,2
4086,Person,Brenda Boyd,,,,,,,,0,1
4087,Person,Theresa Johnson,,,,,,,,0,1
4088,Person,Michael Johnson,,,,,,,,0,1
4089,Person,Colton Williams,,,,,,,,0,2
4091,Person,Joan Brown,,,,,,,,0,1
4092,Person,Brian Hughes,,,,,,,,0,6
4093,Person,Jerry Johnson,,,,,,,,0,2
4096,Person,Tao Wen,,,,,,,,0,4
4097,Person,Courtney Carroll,,,,,,,,0,2
4098,Person,Guiying Liao,,,,,,,,0,9
4101,Person,Sahil Basak,,,,,,,,0,1
4102,Person,Anika Behl,,,,,,,,0,1
4103,Person,Nakul Agarwal,,,,,,,,0,2
4106,Person,Élise Moreno,,,,,,,,0,2
4108,Person,Tyler Watson,,,,,,,,0,3
4109,Person,Jason Green,,,,,,,,0,3
4110,Person,Christina Dalton,,,,,,,,0,1
4113,Person,Ping Song,,,,,,,,0,2
4114,Person,Juan Xia,,,,,,,,0,1
4115,Person,George Gutierrez,,,,,,,,0,1
4116,Person,Tao Tao,,,,,,,,0,1
4118,Person,Timothy Elliott,,,,,,,,0,2
4119,Person,Jun Luo,,,,,,,,0,1
4121,Person,Guiying Bai,,,,,,,,0,3
4124,Person,Yang Zhao,,,,,,,,0,2
4125,Person,Tao Zhang,,,,,,,,0,6
4127,Person,William Carter,,,,,, Jade,,0,1
4128,Person,Michael Pratt,,,,,,,,0,1
4129,Person,Lisa Shaw,,,,,,,,0,1
4130,Person,Mark Barr,,,,,,,,0,1
4131,Person,Kelsey Hernandez,,,,,,,,0,11
4132,Person,Jonathan Avila,,,,,,,,0,1
4133,Person,Lori Williams,,,,,,,,0,1
4134,Person,Dwayne Wilson,,,,,,,,0,6
4137,Person,Gang Peng,,,,,,,,0,1
4138,Person,Qiang Liu,,,,,,,,0,1
4139,Person,Audrey Gray,,,,,,,,0,1
4141,Person,Ping Zhong,,,,,,,,0,5
4142,Person,Angelica Reid,,,,,,,,0,2
4143,Person,Ping Du,,,,,,,,0,2
4144,Person,Yang Liao,,,,,,,,0,4
4145,Person,Yan Liang,,,,,,,,0,5
4146,Person,Yong Zeng,,,,,,,,0,4
4147,Person,Andrew Savage,,,,,,,,0,3
4149,Person,Juan Johnson,,,,,,,,0,5
4150,Person,Laurie Anderson,,,,,,,,0,2
4152,Person,Jared Snow,,,,,,,,0,1
4153,Person,Yang Qiao,,,,,,,,0,1
4154,Person,Xiuying Long,,,,,,,,0,3
4156,Person,Evelyn Banks,,,,,,Mirrored Prophecy,,0,2
4157,Person,Sarah Banks,,,,,,,,0,1
4158,Person,Amanda Byrd,,,,,,,,0,1
4159,Person,Jennifer Hart,,,,,,,,0,1
4160,Person,John Pitts,,,,,,,,0,3
4161,Person,Frederick Hicks,,,,,,,,0,2
4162,Person,Kari Warren,,,,,,,,0,1
4163,Person,Gregory Patton,,,,,,,,0,1
4164,Person,Shelby Contreras,,,,,,,,0,2
4168,Person,Jeremi Kazberuk,,,,,,,,0,2
4170,Person,Na Zhu,,,,,,,,0,2
4171,Person,Yong Yao,,,,,,,,0,7
4173,Person,Fang Chen,,,,,,,,0,2
4174,Person,Ming Jia,,,,,,,,0,1
4175,Person,Lei Zhu,,,,,,,,0,1
4176,Person,Tao Yin,,,,,,,,0,3
4179,Person,Eugene Turner,,,,,,,,0,2
4180,Person,Jamie Rodgers,,,,,,,,0,1
4181,Person,Xiulan Xue,,,,,,,,0,7
4182,Person,Juan Ding,,,,,,,,0,1
4184,Person,Chao Yan,,,,,,,,0,1
4185,Person,Na Ren,,,,,,,,0,9
4189,Person,Artur Nurkiewicz,,,,,,,,0,6
4191,Person,Gianmarco Verga,,,,,,,,0,1
4192,Person,Nino Canova-Esposito,,,,,,,,0,2
4195,Person,Holly Garcia,,,,,,,,0,2
4196,Person,Min Lei,,,,,,,,0,2
4197,Person,Na Gu,,,,,,,,0,1
4198,Person,David Moore,,,,,,,,0,1
4199,Person,Jun Shao,,,,,,,,0,1
4200,Person,Jeremy Watkins,,,,,,,,0,1
4201,Person,Na Hao,,,,,,,,0,2
4202,Person,Candice Avila,,,,,,,,0,1
4203,Person,Tao Yu,,,,,,,,0,1
4205,Person,Janna Holt,,,,,,,,0,2
4206,Person,Amelie Roht,,,,,,,,0,1
4209,Person,Justin Wagner,,,,,,,,0,2
4210,Person,Barbara Mckee,,,,,,,,0,6
4211,Person,Gang Mao,,,,,,,,0,1
4213,Person,Anna Coleman,,,,,,,,0,2
4214,Person,Carrie Pace,,,,,,,,0,1
4215,Person,Deborah Odonnell,,,,,,,,0,1
4217,Person,Qiang Du,,,,,,,,0,2
4218,Person,Min Chen,,,,,,,,0,1
4219,Person,Lei Fan,,,,,,,,0,2
4220,Person,Jing Shi,,,,,,,,0,3
4223,Person,Warren Fleming,,,,,, Cipher,,0,1
4224,Person,Mackenzie Greene,,,,,,,,0,1
4225,Person,Nancy Mitchell,,,,,,,,0,1
4226,Person,Mary Combs,,,,,,,,0,1
4227,Person,Ashley Robinson,,,,,,,,0,1
4230,Person,Ivana Bains,,,,,,,,0,2
4231,Person,Jonathan Poole,,,,,,,,0,11
4234,Person,Chao Yao,,,,,,The Lunar Manifesto,,0,1
4235,Person,Xia Hou,,,,,,,,0,1
4236,Person,Jun Yang,,,,,,,,0,2
4237,Person,Min Han,,,,,,,,0,4
4238,Person,Jing Tang,,,,,,,,0,1
4240,Person,Frau Melissa Neuschäfer,,,,,, Grace,,0,2
4241,Person,Margrit Stiffel,,,,,,,,0,2
4242,Person,Gerold Mangold,,,,,,,,0,3
4244,Person,Lei Bai,,,,,,,,0,3
4245,Person,Ping Zhou,,,,,,,,0,2
4246,Person,Juan Mo,,,,,,,,0,2
4247,Person,Li Gu,,,,,,,,0,2
4248,Person,Ming Mao,,,,,,,,0,2
4251,Person,Justin Thomas,,,,,,,,0,2
4252,Person,Saira Bose,,,,,,,,0,1
4254,Person,Juan Xia,,,,,,,,0,1
4255,Person,Guiying Zhou,,,,,,,,0,6
4256,Person,Ming Ding,,,,,,,,0,5
4257,Person,Xiulan Zhao,,,,,,,,0,4
4258,Person,Lei Fu,,,,,,,,0,6
4259,Person,Jie Tao,,,,,,,,0,9
4262,Person,Jacob Orr,,,,,, Silver Crane,,0,2
4263,Person,Amy Conway,,,,,,,,0,1
4264,Person,Kelly Jackson,,,,,,,,0,1
4265,Person,Christopher Jones,,,,,,,,0,1
4266,Person,Daniel Johnson,,,,,,,,0,2
4267,Person,Mary Lewis,,,,,,,,0,1
4268,Person,Ashley Logan,,,,,,,,0,1
4272,Person,John Hayes,,,,,,,,0,3
4274,Person,Indrans Vyas,,,,,,,,0,1
4275,Person,Gokul Kapur,,,,,,,,0,1
4276,Person,Saira Kala,,,,,,,,0,2
4277,Person,Riaan Kalla,,,,,,,,0,2
4278,Person,Dishani Sundaram,,,,,,,,0,2
4282,Person,Becky Walters,,,,,,,,0,6
4284,Person,Tarini Hans,,,,,,,,0,11
4285,Person,Navya Sastry,,,,,,,,0,15
4286,Person,Suhana Din,,,,,,,,0,1
4287,Person,Kashvi Dhillon,,,,,,,,0,9
4289,Person,Xiuying Ye,,,,,,,,0,1
4290,Person,Gang Hu,,,,,,,,0,3
4291,Person,Tao Meng,,,,,,,,0,3
4292,Person,Jing Qiu,,,,,,,,0,1
4295,Person,Wei Lei,,,,,,,,0,1
4296,Person,Yong Ma,,,,,,,,0,2
4297,Person,Na Zeng,,,,,,,,0,2
4298,Person,Qiang Yuan,,,,,,,,0,3
4300,Person,Pamela Johnson,,,,,,,,0,3
4301,Person,Na Feng,,,,,,,,0,1
4302,Person,Guiying Tao,,,,,,,,0,1
4303,Person,Xiuying Cai,,,,,,,,0,1
4304,Person,Jun Liu,,,,,,,,0,2
4305,Person,Juan Xiao,,,,,,,,0,1
4307,Person,Juan Hu,,,,,,,,0,1
4308,Person,Francis Kaufman,,,,,,,,0,1
4309,Person,Wei Cao,,,,,,,,0,2
4310,Person,Na Qiu,,,,,,,,0,1
4311,Person,Xia Cai,,,,,,,,0,1
4312,Person,Jun Shen,,,,,,,,0,1
4314,Person,Julita Łaciak,,,,,,,,0,1
4315,Person,Gaja Powierża,,,,,,,,0,1
4317,Person,Juan Ding,,,,,,,,0,4
4318,Person,Ming Liang,,,,,,,,0,2
4319,Person,Xiulan Tao,,,,,,,,0,4
4320,Person,Ming Tian,,,,,,,,0,4
4323,Person,Lei Du,,,,,,,,0,1
4324,Person,Xiulan Dong,,,,,,,,0,1
4325,Person,Yong Qian,,,,,,,,0,1
4326,Person,Chao Wang,,,,,,,,0,1
4327,Person,Jing Kang,,,,,,,,0,3
4329,Person,Ming Dai,,,,,,,,0,2
4330,Person,Na Chen,,,,,,,,0,1
4333,Person,Klara Bisaga,,,,,,,,0,3
4336,Person,Julian Biegała,,,,,,,,0,3
4338,Person,Kathleen Fowler,,,,,,,,0,1
4339,Person,Timothy Haley,,,,,,,,0,1
4340,Person,Richard Kaiser,,,,,,,,0,1
4343,Person,Ping Yuan,,,,,,,,0,2
4344,Person,Jun Mao,,,,,,,,0,4
4345,Person,Jason Brown,,,,,,,,0,2
4346,Person,Fang Ding,,,,,,,,0,2
4347,Person,Tao Ye,,,,,,,,0,7
4349,Person,Zoé-Agnès Delaunay,,,,,,,,0,5
4350,Person,Thibault Hardy,,,,,,,,0,3
4351,Person,Alfred Thibault,,,,,,,,0,6
4353,Person,Yang Mo,,,,,,,,0,1
4354,Person,Ping Wu,,,,,,,,0,3
4355,Person,Ping Peng,,,,,,,,0,5
4356,Person,Xia Jia,,,,,,,,0,10
4358,Person,Xia Du,,,,,,,,0,2
4359,Person,Xia Zheng,,,,,,,,0,1
4360,Person,Guiying Lin,,,,,,,,0,2
4363,Person,Troy Ruiz,,,,,,,,0,2
4364,Person,Joseph Beltran,,,,,,,,0,1
4365,Person,Douglas Gonzalez,,,,,,,,0,1
4369,Person,Manuel Morrison,,,,,,,,0,1
4370,Person,Allison Williams,,,,,,,,0,1
4371,Person,Nancy Myers,,,,,,,,0,2
4373,Person,Yashvi Bahri,,,,,,,,0,2
4374,Person,Chao Yin,,,,,,,,0,1
4375,Person,Matthew Mitchell,,,,,,,,0,1
4376,Person,Roger Orozco,,,,,,,,0,2
4379,Person,Joseph Ferguson,,,,,, PH∆NTOM,,0,1
4380,Person,Carolyn Hall,,,,,,,,0,6
4382,Person,Joseph Preston,,,,,, Jack Rivers,,0,1
4383,Person,Brittany Mueller,,,,,, DR3AMER,,0,1
4384,Person,Chad Chavez,,,,,,Nexus,,0,1
4385,Person,Tracey Murphy,,,,,,,,0,2
4386,Person,Bertram Hübel,,,,,,,,0,3
4387,Person,Sarah Wright,,,,,,,,0,1
4388,Person,Sarah Phillips,,,,,,,,0,2
4389,Person,Holly Young,,,,,,,,0,1
4390,Person,Joshua Cobb,,,,,,,,0,1
4394,Person,Xiuying Li,,,,,,,,0,6
4395,Person,Xia Cui,,,,,,,,0,8
4396,Person,Tao Yin,,,,,,,,0,2
4397,Person,Lei Shen,,,,,,,,0,5
4398,Person,Na Ren,,,,,,,,0,3
4401,Person,Malwina Penar,,,,,,,,0,6
4402,Person,Gordana Schwital,,,,,,,,0,1
4403,Person,Mariah Ramirez,,,,,,,,0,5
4407,Person,Kimberly Fernandez,,,,,,,,0,1
4408,Person,Adam Harmon,,,,,,,,0,1
4409,Person,Tracy Williamson,,,,,,,,0,1
4412,Person,Yuta Tanaka,,,,,,,,0,20
4414,Person,Charles Mccoy,,,,,,,,0,1
4416,Person,Jun Pan,,,,,,,,0,2
4417,Person,Li Hou,,,,,,,,0,2
4418,Person,Jun Fang,,,,,,,,0,9
4419,Person,Meike van Boven,,,,,,,,0,6
4422,Person,Lei Cao,,,,,,,,0,1
4423,Person,Fang Dong,,,,,,,,0,4
4424,Person,Na Chang,,,,,,,,0,2
4426,Person,Thierry Labbé,,,,,,,,0,2
4427,Person,Thomas Clark,,,,,,,,0,1
4428,Person,Samuel Graham,,,,,,,,0,2
4431,Person,Janet Parks,,,,,,,,0,2
4433,Person,Dhanuk Hari,,,,,, Marble Wolf,,0,8
4434,Person,Hansh Sidhu,,,,,,Evoque,,0,7
4435,Person,Yakshit Toor,,,,,,,,0,2
4437,Person,Gabriel Ferreira-Gillet,,,,,,,,0,1
4438,Person,William Roux,,,,,,,,0,3
4439,Person,Tiffany Lee,,,,,,,,0,2
4440,Person,Arthur Ollivier,,,,,,,,0,1
4441,Person,Maurice Mathieu,,,,,,,,0,2
4442,Person,Lucie Prévost du Rousset,,,,,,,,0,1
4443,Person,Alphonse-Jacques Ledoux,,,,,,,,0,1
4444,Person,Milo Badoer,,,,,,,,0,1
4445,Person,Arnaude Joseph-Lacombe,,,,,,,,0,11
4446,Person,Adrien Boulay,,,,,,,,0,1
4448,Person,Ping Song,,,,,,,,0,1
4449,Person,Yang Mo,,,,,,,,0,2
4450,Person,Ping Jiang,,,,,,,,0,2
4451,Person,Xiuying Peng,,,,,,,,0,1
4454,Person,Robert Allen,,,,,,,,0,1
4455,Person,Lei Fang,,,,,,,,0,1
4456,Person,Yang Chang,,,,,,,,0,2
4457,Person,Yan He,,,,,,,,0,1
4458,Person,Tao Duan,,,,,,,,0,1
4460,Person,Na Shao,,,,,,,,0,1
4461,Person,Ping Cao,,,,,,,,0,2
4462,Person,Li Xue,,,,,,,,0,3
4463,Person,Juan Pan,,,,,,,,0,2
4465,Person,Qiang Song,,,,,,,,0,10
4467,Person,Gang Zhao,,,,,,,,0,2
4468,Person,Xiulan Cheng,,,,,,,,0,1
4469,Person,Tao Dong,,,,,,,,0,2
4470,Person,Min Hou,,,,,,,,0,3
4471,Person,Jie Wan,,,,,,,,0,2
4473,Person,Lori Montgomery,,,,,,,,0,1
4474,Person,Marine Goncalves,,,,,,,,0,1
4475,Person,Chantal Gomes,,,,,,,,0,2
4477,Person,Marisa Tresoldi,,,,,,,,0,2
4478,Person,Vanessa Trevisani,,,,,,,,0,3
4479,Person,Victoria Carpaccio,,,,,,,,0,2
4482,Person,Jeanne Perrin,,,,,,,,0,1
4483,Person,Catherine Prévost,,,,,,,,0,9
4485,Person,Gang Deng,,,,,,,,0,1
4486,Person,Jing Lei,,,,,,,,0,1
4487,Person,Jing Lin,,,,,,,,0,2
4490,Person,Kathryn Mcknight,,,,,,,,0,2
4491,Person,Ping Song,,,,,,,,0,3
4493,Person,Thomas Mcconnell,,,,,,Wraith Masquerade,,0,1
4494,Person,Thomas Harrison,,,,,,,,0,5
4495,Person,Michelle Davis,,,,,,,,0,4
4499,Person,April Ortiz,,,,,, Sage Winters,,0,1
4500,Person,Emily Raymond,,,,,,,,0,3
4502,Person,Kimberly Alvarez,,,,,,,,0,2
4503,Person,Fredo Grossi,,,,,,,,0,10
4504,Person,Charles Delahaye,,,,,,,,0,3
4506,Person,Jose Manuel Quintana Borrell,,,,,,,,0,2
4507,Person,Alix Chevallier,,,,,,,,0,1
4508,Person,Edward Siering,,,,,,,,0,4
4512,Person,Ashley Powers,,,,,,,,0,1
4513,Person,Joseph Vincent,,,,,,,,0,3
4514,Person,Kelly Clayton,,,,,,,,0,2
4519,Person,Rodolfo Cutuli,,,,,, Crimson Vale,,0,2
4520,Person,Gioele Merisi,,,,,,Neon Monsoon,,0,1
4521,Person,Renata Parpinel,,,,,,,,0,1
4522,Person,Giuliano Anastasi,,,,,,,,0,1
4523,Person,Arthur Colas,,,,,,,,0,1
4524,Person,Luciano Maderna,,,,,,,,0,1
4525,Person,Rosario Pujadas Barceló,,,,,,,,0,1
4526,Person,Paola Condoleo,,,,,,,,0,1
4527,Person,Benvenuto Castiglione-Pulci,,,,,,,,0,1
4528,Person,Geronimo Lamborghini-Dossetti,,,,,,,,0,1
4529,Person,Bartolomeo Castellitto-Gritti,,,,,,,,0,1
4530,Person,Kara Rich,,,,,,,,0,1
4531,Person,Terri Thomas,,,,,,,,0,1
4535,Person,Kelsey Martinez,,,,,,TRU VZN (True Vision),,0,2
4536,Person,Amy Coleman,,,,,,,,0,1
4537,Person,Elizabeth Newton PhD,,,,,,,,0,1
4539,Person,Jorge Ross,,,,,,,,0,2
4540,Person,Robert Pugh,,,,,,,,0,1
4542,Person,Anne Miles,,,,,,DRAE 5000,,0,1
4543,Person,Jun Liang,,,,,,,,0,2
4544,Person,Na Lu,,,,,,,,0,1
4545,Person,Gang Wan,,,,,,,,0,2
4546,Person,Ping Lai,,,,,,,,0,1
4548,Person,Juan Jin,,,,,,,,0,1
4549,Person,Ping Li,,,,,,,,0,2
4550,Person,Aimée van Dijk,,,,,,,,0,11
4551,Person,Sander Veenstra,,,,,,,,0,2
4552,Person,Guiying Duan,,,,,,,,0,1
4553,Person,Tao Zeng,,,,,,,,0,1
4556,Person,Danny Craig,,,,,,,,0,3
4558,Person,Jun Yin,,,,,,,,0,2
4560,Person,Michael Potts,,,,,,,,0,2
4561,Person,Yang Tao,,,,,,,,0,1
4563,Person,Laura Cohen,,,,,,,,0,2
4566,Person,Nicola Bernetti,,,,,,,,0,9
4567,Person,Vincentio Gentili,,,,,,,,0,9
4568,Person,Guglielmo Canetta,,,,,,,,0,8
4569,Person,Serena Lettiere,,,,,,,,0,7
4572,Person,Janna Jäkel,,,,,,,,0,4
4573,Person,Edit Hethur,,,,,,,,0,5
4574,Person,Margit Sölzer,,,,,,,,0,4
4577,Person,Julie Reynolds,,,,,, Quantum Drift,,0,5
4578,Person,Arhaan Batta,,,,,,Arhaan,,0,3
4579,Person,Kathryn Ward,,,,,,,,0,4
4580,Person,Heidi Allen,,,,,,,,0,2
4584,Person,Szymon Piguła,,,,,,,,0,1
4585,Person,Cindy Smith,,,,,,,,0,1
4587,Person,Ashley Murphy,,,,,,,,0,1
4588,Person,Kenneth West,,,,,,,,0,2
4589,Person,Xiuying Mo,,,,,,,,0,1
4590,Person,Alex Ramsey,,,,,,,,0,2
4591,Person,Fang Yang,,,,,,,,0,1
4592,Person,Tao Xu,,,,,,,,0,1
4594,Person,Austin Adams,,,,,,,,0,1
4595,Person,Jeanette Wagner,,,,,,,,0,2
4597,Person,Juan Yao,,,,,,,,0,3
4598,Person,Stephanie Roberts,,,,,,,,0,1
4599,Person,Yang Duan,,,,,,,,0,2
4600,Person,Xiuying Meng,,,,,,,,0,2
4601,Person,Fang Zhou,,,,,,,,0,5
4603,Person,Tammy Fields,,,,,, Ruby Chase,,0,3
4605,Person,Dorothée Rousset,,,,,,,,0,3
4608,Person,Wei Yuan,,,,,,,,0,8
4610,Person,Apolonia Chlebda,,,,,,,,0,1
4611,Person,Kamila Ornat,,,,,,,,0,3
4615,Person,Gang Feng,,,,,,,,0,1
4616,Person,Yong Feng,,,,,,,,0,1
4617,Person,Xiulan Ma,,,,,,,,0,1
4620,Person,Sherry Hernandez,,,,,,,,0,3
4621,Person,Caitlin Allen,,,,,,,,0,2
4622,Person,Gary Tucker,,,,,,,,0,2
4625,Person,Ming Bai,,,,,,,,0,3
4627,Person,Lukas Waltrade Walderade-van Dam,,,,,,,,0,2
4628,Person,Jurre Kunen,,,,,,,,0,3
4629,Person,Mila Hellevoort-Robbrechts Bruijne,,,,,,,,0,2
4630,Person,Duuk Schokman,,,,,,,,0,3
4632,Person,Tao Zeng,,,,,,,,0,7
4633,Person,Juan Gong,,,,,,,,0,8
4635,Person,Min Zeng,,,,,,,,0,2
4636,Person,Jun Zhu,,,,,,,,0,1
4637,Person,Lei He,,,,,,,,0,1
4640,Person,Ashley Huang,,,,,,,,0,1
4641,Person,Alexandra King,,,,,,,,0,1
4642,Person,Kirk Kemp,,,,,,,,0,1
4643,Person,Jacob Romero,,,,,,,,0,2
4646,Person,Michael Roberts,,,,,,,,0,1
4647,Person,William Bates,,,,,,,,0,1
4648,Person,Brandy Chung PhD,,,,,,,,0,1
4651,Person,Yang Bai,,,,,,,,0,1
4654,Person,Ming Zhou,,,,,,,,0,1
4655,Person,Melinda Vasquez,,,,,,,,0,1
4656,Person,Tracy Lawson,,,,,,,,0,2
4657,Person,Li Zhao,,,,,,,,0,5
4659,Person,Katherine Stevens,,,,,,,,0,2
4662,Person,Enzio Garibaldi,,,,,,,,0,2
4663,Person,Lori Henderson,,,,,,,,0,2
4664,Person,Antonietta Ceravolo-Condoleo,,,,,,,,0,6
4665,Person,Gino Michelangeli,,,,,,,,0,10
4667,Person,Matthew Fields,,,,,, $ILVER,,0,1
4668,Person,Edwin Binner,,,,,,,,0,1
4669,Person,Ian Jüttner,,,,,,,,0,1
4670,Person,Tony Rhodes,,,,,,,,0,3
4671,Person,Hansjoachim Sager,,,,,,,,0,1
4672,Person,Joseph Parsons,,,,,,,,0,2
4676,Person,Nicholas Garcia,,,,,,,,0,2
4677,Person,Jie Fu,,,,,,,,0,3
4678,Person,Jun Han,,,,,,,,0,5
4679,Person,Kristin Floyd,,,,,,,,0,2
4681,Person,Erica Padilla,,,,,,,,0,2
4682,Person,Amy Tate,,,,,,,,0,6
4683,Person,Laura Clark,,,,,,,,0,5
4685,Person,Ashley Castillo,,,,,,,,0,2
4686,Person,Kristina Gonzales,,,,,,,,0,3
4688,Person,Karen Jackson,,,,,,,,0,2
4689,Person,William Coleman,,,,,,,,0,2
4690,Person,Jie Qian,,,,,,,,0,1
4691,Person,Kelli Williamson,,,,,,,,0,3
4692,Person,Christine Jones,,,,,,,,0,1
4695,Person,Xiuying Jin,,,,,,Feral Psalm,,0,1
4696,Person,Qiang Xiang,,,,,,,,0,1
4697,Person,Lei Yang,,,,,,,,0,2
4698,Person,Xia Bai,,,,,,,,0,1
4699,Person,Qiang Yu,,,,,,,,0,2
4702,Person,Nehmat Kanda,,,,,,,,0,5
4703,Person,Inaaya Bhatia,,,,,,,,0,6
4705,Person,Jun Huang,,,,,,,,0,1
4706,Person,Fang Zhao,,,,,,,,0,1
4707,Person,Xiulan Li,,,,,,,,0,1
4708,Person,Jing Long,,,,,,,,0,2
4709,Person,Min Long,,,,,,,,0,1
4710,Person,Qiang Tian,,,,,,,,0,3
4711,Person,Chao Luo,,,,,,,,0,1
4712,Person,Ming Luo,,,,,,,,0,2
4714,Person,Katie Anderson,,,,,, Tony Steel,,0,1
4715,Person,Prerak Majumdar,,,,,,,,0,1
4716,Person,Mary Maxwell,,,,,,,,0,2
4717,Person,Yong Xie,,,,,,,,0,1
4719,Person,Krystal Reese,,,,,, Leo III,,0,1
4720,Person,Erica Shaffer,,,,,,,,0,2
4721,Person,Thomas Ramirez,,,,,,,,0,1
4726,Person,Xiulan Xiao,,,,,,,,0,1
4727,Person,Min Wei,,,,,,,,0,4
4729,Person,Ming Jiang,,,,,,,,0,5
4730,Person,Gang Peng,,,,,,,,0,6
4731,Person,Li Duan,,,,,,,,0,5
4732,Person,Jun Jia,,,,,,,,0,5
4734,Person,Jill Smith,,,,,,,,0,1
4735,Person,Michael Snyder,,,,,,,,0,2
4736,Person,Mary Morales,,,,,,,,0,1
4739,Person,Gang Duan,,,,,,,,0,1
4740,Person,Victoria Higgins,,,,,,,,0,3
4741,Person,Guiying Yan,,,,,,,,0,1
4743,Person,Min Jiang,,,,,,,,0,1
4744,Person,Xiuying Kong,,,,,,,,0,1
4745,Person,Juan Fang,,,,,,,,0,2
4746,Person,Lei Zhong,,,,,,,,0,2
4750,Person,John Dean,,,,,,,,0,2
4751,Person,Alejandra Gould,,,,,,,,0,1
4753,Person,Bartek Krężołek,,,,,, Neon Ghost,,0,8
4754,Person,Julita Kudełka,,,,,,Julita,,0,1
4755,Person,Mikołaj Rosłoń,,,,,,,,0,5
4756,Person,Stefan Berus,,,,,,,,0,9
4759,Person,Fang Tao,,,,,,,,0,1
4760,Person,Brent White,,,,,,,,0,1
4761,Person,Qiang Zhou,,,,,,,,0,1
4762,Person,Edwin Hansen,,,,,,,,0,3
4765,Person,Jun Gong,,,,,,,,0,1
4766,Person,Min Dai,,,,,,,,0,1
4767,Person,Min Gao,,,,,,,,0,4
4768,Person,Min Jiang,,,,,,,,0,1
4769,Person,Qiang Yi,,,,,,,,0,1
4771,Person,Beverly Olsen,,,,,,,,0,1
4772,Person,Rei Aoki,,,,,,,,0,1
4773,Person,Lisa Woods,,,,,,,,0,1
4775,Person,Sven Oude Heer,,,,,,,,0,1
4776,Person,Michelle Vallenduuk,,,,,,,,0,7
4778,Person,Xia Duan,,,,,,,,0,1
4779,Person,Patricia-Julie Lopes,,,,,,,,0,3
4780,Person,Ping Luo,,,,,,,,0,3
4782,Person,Yan Xia,,,,,,,,0,1
4783,Person,Qiang Lei,,,,,,,,0,10
4785,Person,Jing Chen,,,,,,,,0,1
4786,Person,Lei Dai,,,,,,,,0,1
4787,Person,Gang Peng,,,,,,,,0,1
4790,Person,Mary Barnes,,,,,,,,0,2
4791,Person,Diana Elliott,,,,,,,,0,2
4792,Person,Bruce Long,,,,,,,,0,3
4793,Person,Noah Frazier Jr.,,,,,,,,0,2
4796,Person,Gang Jiang,,,,,,Cosmic Noir,,0,1
4797,Person,Yang Dong,,,,,,,,0,1
4798,Person,Fang Meng,,,,,,,,0,1
4799,Person,Na Yin,,,,,,,,0,6
4802,Person,Chao Xu,,,,,,,,0,2
4803,Person,Lei Li,,,,,,,,0,1
4806,Person,Ming Long,,,,,,,,0,2
4807,Person,Chao Cui,,,,,,,,0,1
4808,Person,Fang Lin,,,,,,,,0,2
4809,Person,Edward Gutierrez,,,,,,,,0,2
4810,Person,Lei Yi,,,,,,,,0,1
4811,Person,Na Wu,,,,,,,,0,1
4812,Person,Li Xia,,,,,,,,0,2
4813,Person,Ming Han,,,,,,,,0,1
4815,Person,Ping Cao,,,,,,,,0,2
4816,Person,Xia Xue,,,,,,,,0,7
4817,Person,Li Qin,,,,,,,,0,1
4819,Person,Eugene Henderson,,,,,,,,0,5
4820,Person,Juan Wu,,,,,,,,0,2
4822,Person,John Rivera,,,,,,Hollow Reverberation,,0,1
4823,Person,William Rodriguez,,,,,,,,0,1
4824,Person,Ashley Olsen,,,,,,,,0,1
4825,Person,Michael Watson,,,,,,,,0,1
4828,Person,Autumn Knight,,,,,,,,0,1
4829,Person,Sotaro Ito,,,,,,,,0,3
4831,Person,Alex Parrish,,,,,,,,0,2
4832,Person,Andrea Crawford,,,,,,,,0,4
4833,Person,Jeffrey Hill,,,,,,,,0,1
4835,Person,Kari Miranda,,,,,,,,0,1
4836,Person,Jasmine Lopez,,,,,,,,0,1
4837,Person,Robin Garrett,,,,,,,,0,1
4838,Person,Stephanie Frank,,,,,,,,0,1
4840,Person,David Silva,,,,,,The Radiant Dirge,,0,3
4841,Person,Anthony Cox,,,,,,,,0,2
4844,Person,Capucine Pasquier,,,,,,,,0,5
4848,Person,Francesca Maglio,,,,,,,,0,7
4850,Person,Laurent-Théodore Humbert,,,,,, Prince V,,0,1
4851,Person,Philip Schneider,,,,,, B.K. Crown,,0,2
4852,Person,Édith Deschamps Le Clément,,,,,,,,0,1
4853,Person,Henriette Gonzalez-Grégoire,,,,,,,,0,1
4855,Person,Andrea Miller,,,,,,,,0,2
4857,Person,Maik Eckbauer,,,,,,,,0,3
4860,Person,Tao Yang,,,,,,,,0,3
4863,Person,Xiulan Sun,,,,,,,,0,1
4864,Person,Xiulan Du,,,,,,,,0,1
4866,Person,Traudl Jacob,,,,,,,,0,1
4867,Person,Alexa Adolph,,,,,,,,0,2
4868,Person,Hanne Kambs,,,,,,,,0,1
4871,Person,Sharon Scott,,,,,,,,0,3
4873,Person,Stephen Pope,,,,,,,,0,2
4874,Person,Paul Castro,,,,,,,,0,4
4875,Person,Kathy Castro,,,,,,,,0,2
4876,Person,Karen Sanchez,,,,,,,,0,1
4877,Person,Mark Trujillo,,,,,,,,0,2
4878,Person,David Armstrong,,,,,,,,0,2
4881,Person,Jaime Arrieta,,,,,,Aether,,0,1
4882,Person,Diana Lledó Colomer,,,,,,,,0,1
4883,Person,Justin Wyatt,,,,,,,,0,1
4885,Person,Betti Löffler,,,,,,,,0,1
4886,Person,Florence Martin,,,,,,,,0,2
4887,Person,Ida Loos,,,,,,,,0,1
4888,Person,Melissa Miller,,,,,,,,0,3
4889,Person,Kuno Grein Groth,,,,,,,,0,2
4891,Person,Jing Qian,,,,,,,,0,3
4893,Person,Jie Mao,,,,,,,,0,1
4894,Person,Guiying Su,,,,,,,,0,1
4895,Person,Xiulan Wan,,,,,,,,0,1
4896,Person,Wei Mo,,,,,,,,0,1
4898,Person,Scott Flores,,,,,,,,0,4
4899,Person,Mark Singleton,,,,,,,,0,1
4901,Person,Frédérique Peron,,,,,,,,0,2
4902,Person,Megan Baird,,,,,,,,0,2
4904,Person,Amélie Peltier,,,,,,,,0,2
4905,Person,Guillaume Cohen du Leduc,,,,,,,,0,1
4906,Person,Wendy Nelson,,,,,,,,0,1
4907,Person,Jerry Abbott,,,,,,,,0,1
4910,Person,Cengiz Knappe,,,,,,,,0,4
4911,Person,Nicolai Caspar,,,,,,,,0,1
4913,Person,Victor Scott,,,,,,,,0,1
4914,Person,Mark Mueller,,,,,,,,0,1
4915,Person,Sherry Flores,,,,,,,,0,1
4916,Person,Brandi Price,,,,,,,,0,1
4917,Person,Katherine Dodson,,,,,,,,0,2
4918,Person,Xia Li,,,,,,,,0,1
4921,Person,Nicholas Mckinney,,,,,,,,0,1
4922,Person,Jeanette Bass,,,,,,,,0,1
4923,Person,Jennifer Allen,,,,,,,,0,1
4924,Person,Devon White,,,,,,,,0,2
4927,Person,Victoria Johnson,,,,,,,,0,1
4928,Person,Gloria Lewis,,,,,,,,0,2
4929,Person,Jerry Ruiz,,,,,,,,0,1
4930,Person,Bianca Weber,,,,,,,,0,5
4934,Person,Tao Qiao,,,,,,,,0,1
4936,Person,Megan Gilmore,,,,,,,,0,4
4938,Person,Frau Viola Ullmann,,,,,,,,0,1
4939,Person,Thies Seifert,,,,,,,,0,1
4940,Person,Alicia Heinz,,,,,,,,0,2
4941,Person,Rose-Marie Schmidtke,,,,,,,,0,2
4942,Person,Ivona Žáková,,,,,,,,0,2
4943,Person,Ilona Stolze,,,,,,,,0,4
4946,Person,Christopher Conway,,,,,,,,0,1
4947,Person,Samantha Mcneil,,,,,,,,0,1
4948,Person,Isaac Brown,,,,,,,,0,1
4951,Person,Xiuying Qin,,,,,,,,0,1
4952,Person,Heinz-Gerd Klapp,,,,,,,,0,2
4953,Person,Ivo Ziegert,,,,,,,,0,2
4954,Person,Brita Holsten,,,,,,,,0,2
4956,Person,Bianca Pugliese,,,,,, Banks,,0,1
4957,Person,Baccio Caracciolo-Pelli,,,,,,,,0,1
4960,Person,Michael Perkins,,,,,,,,0,2
4962,Person,Russell Ruiz,,,,,,,,0,2
4963,Person,Lawrence Cooper,,,,,,,,0,4
4966,Person,Larry Bailey,,,,,,,,0,1
4967,Person,Kerri Castillo,,,,,,,,0,3
4968,Person,Christine Mendoza,,,,,,,,0,1
4970,Person,Chao Wu,,,,,,,,0,1
4971,Person,Juan Jia,,,,,,,,0,3
4972,Person,Xiulan Cao,,,,,,,,0,2
4974,Person,Juan Tao,,,,,,,,0,1
4975,Person,Jun Hao,,,,,,,,0,2
4976,Person,Xiulan Hao,,,,,,,,0,3
4977,Person,Xiuying Liao,,,,,,,,0,1
4978,Person,Aaron Horton,,,,,,,,0,1
4979,Person,Xiuying Ye,,,,,,,,0,2
4980,Person,Guiying Yuan,,,,,,,,0,5
4982,Person,Xiulan Liu,,,,,,,,0,1
4983,Person,Lei Cheng,,,,,,,,0,1
4984,Person,Gang Fan,,,,,,,,0,2
4986,Person,Xia Tan,,,,,,,,0,1
4987,Person,Lei Shi,,,,,,,,0,1
4988,Person,Xiulan Meng,,,,,,,,0,2
4989,Person,Gang Zeng,,,,,,,,0,2
4990,Person,Chao Hou,,,,,,,,0,1
4991,Person,Kristine Bullock,,,,,,,,0,1
4993,Person,Hans-Eberhard Schleich,,,,,,,,0,2
4994,Person,Ida Stolze-Lübs,,,,,,,,0,1
4995,Person,Carmine Harloff,,,,,,,,0,1
4997,Person,Tammy Wilcox,,,,,,Silver Halcyon,,0,2
4998,Person,Christine Olson,,,,,,,,0,2
4999,Person,Megan Mcclure,,,,,,,,0,1
5002,Person,Svetlana Freudenberger,,,,,,,,0,1
5005,Person,Na Kong,,,,,,,,0,1
5006,Person,Tao Kang,,,,,,,,0,3
5007,Person,Yang Xiao,,,,,,,,0,1
5008,Person,Fang Kong,,,,,,,,0,2
5010,Person,William White,,,,,, J.T. Rose,,0,2
5011,Person,Tao Gao,,,,,,,,0,3
5014,Person,Javi Fuente Benavente,,,,,,,,0,1
5015,Person,Candela Pallarès Artigas,,,,,,,,0,3
5016,Person,Feliciana Figuerola Cruz,,,,,,,,0,8
5019,Person,Simone Maurice,,,,,,,,0,1
5020,Person,Diana Wilkinson,,,,,,,,0,2
5022,Person,Yong Zhu,,,,,,,,0,3
5023,Person,Yan Tan,,,,,,,,0,2
5024,Person,Na Xie,,,,,,,,0,4
5025,Person,Yan Tian,,,,,,,,0,2
5026,Person,Cynthia Dixon,,,,,,,,0,13
5027,Person,Xiuying Dong,,,,,,,,0,2
5030,Person,Wei Shi,,,,,,,,0,1
5031,Person,Jing Wang,,,,,,,,0,2
5032,Person,Richard Reyes,,,,,,,,0,1
5033,Person,Fang Lin,,,,,,,,0,3
5036,Person,Qiang Qian,,,,,,,,0,1
5037,Person,Xiuying Qian,,,,,,,,0,1
5038,Person,Min He,,,,,,,,0,17
5041,Person,Astrid Weinhold,,,,,,,,0,1
5042,Person,Janin Hartmann,,,,,,,,0,2
5043,Person,Meik Plath,,,,,,,,0,4
5047,Person,Jie Cao,,,,,,,,0,2
5048,Person,Dennis Bush,,,,,,,,0,5
5049,Person,Robert Knight,,,,,,,,0,8
5050,Person,Xiuying Liang,,,,,,,,0,2
5052,Person,Falko Mielcarek,,,,,,,,0,1
5054,Person,Ping Pan,,,,,,,,0,3
5056,Person,Thomas Carter,,,,,,,,0,1
5060,Person,Doris Klemt-Junck,,,,,,,,0,1
5062,Person,Osamu Hayashi,,,,,,,,0,1
5063,Person,Satomi Aoki,,,,,,,,0,2
5064,Person,Akira Saito,,,,,,,,0,1
5065,Person,Momoko Yamamoto,,,,,,,,0,2
5066,Person,Mikako Kondo,,,,,,,,0,1
5067,Person,Yosuke Ito,,,,,,,,0,1
5069,Person,Yan Cheng,,,,,,Ivessa,,0,2
5070,Person,Yong Zhou,,,,,,,,0,1
5071,Person,Lei Xiong,,,,,,,,0,1
5072,Person,Taylor Hayes,,,,,,,,0,1
5076,Person,Amalia Tartaglia,,,,,,,,0,3
5077,Person,Adrien Gonzalez-Duval,,,,,,,,0,1
5080,Person,Melody Cuevas,,,,,,,,0,1
5081,Person,Christy Lewis,,,,,,,,0,1
5082,Person,Karen Schultz,,,,,,,,0,1
5083,Person,Ryan Baxter,,,,,,,,0,1
5084,Person,Stanley Roberts,,,,,,,,0,1
5085,Person,Christopher Wilcox,,,,,,,,0,1
5086,Person,William Vollbrecht,,,,,,,,0,1
5087,Person,Debbie Mcgrath,,,,,,,,0,2
5090,Person,Gang Huang,,,,,,Dante Cruz,,0,1
5091,Person,Min Li,,,,,,,,0,1
5092,Person,Na Cui,,,,,,,,0,1
5093,Person,Yang Lu,,,,,,,,0,1
5094,Person,Lei Kong,,,,,,,,0,2
5095,Person,Xia Cheng,,,,,,,,0,2
5097,Person,Sandra Miller,,,,,,,,0,1
5098,Person,Michelle Johnson,,,,,,,,0,2
5099,Person,Tina Morgan,,,,,,,,0,1
5101,Person,Ethan Sanchez,,,,,,,,0,1
5102,Person,Yan Fang,,,,,,,,0,1
5103,Person,Xiuying Yin,,,,,,,,0,1
5104,Person,Fang Gu,,,,,,,,0,2
5105,Person,Na Yang,,,,,,,,0,1
5106,Person,Yan Liang,,,,,,,,0,5
5107,Person,Tao Yao,,,,,,,,0,2
5108,Person,Ping Cui,,,,,,,,0,2
5112,Person,Lei Wang,,,,,,,,0,12
5114,Person,Evelyn Hernandez,,,,,,,,0,4
5115,Person,Adam Nelson,,,,,,,,0,2
5116,Person,James Green,,,,,,,,0,2
5117,Person,Kevin Baker,,,,,,,,0,4
5118,Person,Kathryn Sherman,,,,,,,,0,4
5120,Person,Olivia Morgan,,,,,,LIV,,0,2
5121,Person,Brian Holmes,,,,,,,,0,1
5122,Person,Ricky Evans,,,,,,,,0,2
5123,Person,Janet Wood,,,,,,,,0,2
5124,Person,Theresa Bradley,,,,,,,,0,3
5125,Person,Shari Gomez,,,,,,,,0,1
5127,Person,Justin Morales,,,,,,,,0,1
5128,Person,Tyler Clay,,,,,,,,0,1
5129,Person,Nicholas Davis,,,,,,,,0,2
5130,Person,William Francis,,,,,,,,0,1
5132,Person,Ottilie Fiebig,,,,,,,,0,1
5134,Person,Anastazja Siedlik,,,,,, DA GHOST,,0,1
5135,Person,Liwia Głuszko,,,,,,,,0,1
5136,Person,Mieszko Dorna,,,,,,,,0,1
5137,Person,Wiktor Kazimierczyk,,,,,,,,0,1
5138,Person,Crystal Caldwell,,,,,,,,0,1
5139,Person,Kajetan Ryszkiewicz,,,,,,,,0,1
5140,Person,Sara Hołubowicz,,,,,,,,0,2
5143,Person,David Jenkins,,,,,, The Lotus,,0,1
5144,Person,Kathy Phillips,,,,,,Katrix,,0,2
5145,Person,Tammy Griffin,,,,,,,,0,1
5147,Person,Yong Xia,,,,,,Neon Solstice,,0,1
5148,Person,Matthew Williams,,,,,,,,0,1
5149,Person,Lei Jiang,,,,,,,,0,2
5150,Person,Kenneth Moore,,,,,,,,0,2
5151,Person,Linda Santos,,,,,,,,0,2
5152,Person,Jason Garcia,,,,,,,,0,1
5155,Person,David Glenn,,,,,,,,0,1
5156,Person,Min Chen,,,,,,,,0,1
5157,Person,Johnny Smith,,,,,,,,0,2
5158,Person,Ming Fang,,,,,,,,0,1
5160,Person,Kimberly Smith,,,,,,,,0,2
5161,Person,Susan Spencer,,,,,,,,0,1
5162,Person,Duane Richardson,,,,,,,,0,2
5163,Person,Brian Garrett,,,,,,,,0,2
5164,Person,Karen Williams,,,,,,,,0,1
5166,Person,Carlos Davis,,,,,,,,0,2
5167,Person,Rebecca Thompson,,,,,,,,0,2
5168,Person,Elizabeth Lin,,,,,,,,0,1
5169,Person,Adam Reid,,,,,,,,0,1
5170,Person,Ashley Moore,,,,,,,,0,1
5171,Person,Nichole Dean,,,,,,,,0,1
5174,Person,Christina Mckay,,,,,, NITE,,0,1
5175,Person,Lei Zhou,,,,,,,,0,1
5176,Person,Wei Zheng,,,,,,,,0,2
5177,Person,Jing Zhong,,,,,,,,0,1
5179,Person,Haley Silva,,,,,,,,0,1
5182,Person,Rosalie Hörle,,,,,,,,0,1
5183,Person,Madeleine Wulf,,,,,,,,0,2
5184,Person,Baptist Gierschner,,,,,,,,0,1
5185,Person,Min Qiu,,,,,,,,0,1
5186,Person,Ante Reinhardt-Hande,,,,,,,,0,7
5187,Person,Guiying Cai,,,,,,,,0,4
5189,Person,Kimberly Hernandez,,,,,,,,0,1
5190,Person,Matthew Conner PhD,,,,,,,,0,1
5191,Person,Caroline Williams,,,,,,,,0,1
5192,Person,Michelle Ellis,,,,,,,,0,2
5193,Person,Jacob Rogers,,,,,,,,0,2
5196,Person,Xiuying Fan,,,,,, Leo Winter,,0,1
5197,Person,James Nolan,,,,,,,,0,1
5198,Person,Ping Zou,,,,,,,,0,1
5199,Person,William Sullivan,,,,,,,,0,2
5200,Person,Xia Qin,,,,,,,,0,1
5201,Person,Nichole Cruz,,,,,,,,0,1
5202,Person,Heather Pollard,,,,,,,,0,1
5205,Person,John Howe,,,,,,,,0,1
5206,Person,Xiuying Gong,,,,,,,,0,2
5207,Person,Min Liang,,,,,,,,0,1
5208,Person,Fang Xiao,,,,,,,,0,1
5209,Person,Na Ye,,,,,,,,0,2
5210,Person,Chao Ye,,,,,,,,0,2
5211,Person,Xia Tan,,,,,,,,0,1
5213,Person,Samantha Bullock,,,,,,,,0,15
5215,Person,Kathleen Davis,,,,,,,,0,4
5217,Person,Yang Liao,,,,,,,,0,1
5219,Person,Arsenio Berengario,,,,,,,,0,1
5221,Person,Ping Qiao,,,,,,,,0,2
5222,Person,Xia Lin,,,,,,,,0,2
5223,Person,Jun Xiong,,,,,,,,0,4
5225,Person,Alfredo Ajello,,,,,,,,0,4
5226,Person,Puccio Bixio-Gatto,,,,,,,,0,3
5227,Person,Sonia Porzio,,,,,,,,0,1
5228,Person,Vittorio Tamburello,,,,,,,,0,2
5229,Person,Janet Cunningham,,,,,,,,0,2
5234,Person,Tao Peng,,,,,,,,0,1
5235,Person,Li Liao,,,,,,,,0,2
5236,Person,Xiuying Cui,,,,,,,,0,2
5237,Person,Xia Kong,,,,,,,,0,1
5239,Person,Prerak Keer,,,,,,,,0,1
5240,Person,Gokul Konda,,,,,,,,0,1
5241,Person,Indranil Vala,,,,,,,,0,2
5244,Person,Ping Lei,,,,,,,,0,1
5245,Person,Guiying Hou,,,,,,,,0,2
5246,Person,Yong Cui,,,,,,,,0,1
5248,Person,Yang Cui,,,,,,,,0,1
5249,Person,Xiuying Xiang,,,,,,,,0,2
5250,Person,Tao Ma,,,,,,,,0,2
5251,Person,Tao Huang,,,,,,,,0,2
5252,Person,Xia Liao,,,,,,,,0,1
5253,Person,Tao Long,,,,,,,,0,2
5255,Person,Orazio Curatoli,,,,,,,,0,1
5256,Person,Dolores Tasso,,,,,,,,0,3
5257,Person,Renzo Dallapé,,,,,,,,0,2
5258,Person,Gianfranco Falier,,,,,,,,0,11
5261,Person,Ming Zhou,,,,,,,,0,1
5262,Person,Xia Pan,,,,,,,,0,2
5263,Person,Min Peng,,,,,,,,0,1
5266,Person,Guiying Hou,,,,,,,,0,5
5268,Person,Jing Lai,,,,,,,,0,1
5269,Person,Gang Du,,,,,,,,0,1
5270,Person,Xia Wei,,,,,,,,0,1
5271,Person,Yong Meng,,,,,,,,0,2
5274,Person,Ming Feng,,,,,,,,0,2
5275,Person,Xiuying Zhou,,,,,,,,0,1
5277,Person,Joseph Adams,,,,,,,,0,2
5278,Person,Heather Davis,,,,,,,,0,1
5280,Person,Cameron Faulkner,,,,,,Horizon,,0,3
5281,Person,Ismet Heser,,,,,,,,0,10
5286,Person,Amanda Hill,,,,,, R.E.D.,,0,6
5287,Person,Darshit Gandhi,,,,,,,,0,1
5289,Person,Larry Massey,,,,,,,,0,1
5290,Person,Raymond Kennedy,,,,,,,,0,1
5291,Person,Rene Wulff-Kranz,,,,,,,,0,1
5292,Person,Stephanie Silva,,,,,,,,0,2
5293,Person,Jorge Hood,,,,,,,,0,2
5294,Person,Keith Hernandez,,,,,,,,0,3
5296,Person,Samuel Morrison,,,,,,,,0,1
5297,Person,Anthony Gutierrez,,,,,,,,0,3
5298,Person,Andrew Miller,,,,,,,,0,2
5299,Person,Robert Martinez,,,,,,,,0,2
5301,Person,Leonard Phillips,,,,,,TR1P LIT,,0,2
5302,Person,Matthew Nichols,,,,,,,,0,2
5303,Person,Latoya English,,,,,,,,0,2
5304,Person,Dustin Lopez,,,,,,,,0,3
5305,Person,Walter Bell,,,,,,,,0,2
5308,Person,Berend Suijker-Tirie,,,,,,,,0,4
5309,Person,Gundula Löchel,,,,,,,,0,4
5311,Person,Autumn Johnson,,,,,,,,0,1
5312,Person,Ramona Mezzetta,,,,,,,,0,1
5313,Person,Sydney James,,,,,,,,0,1
5314,Person,Veronica Ferguson,,,,,,,,0,3
5315,Person,Lauren Rich,,,,,,,,0,1
5316,Person,Cynthia Nunez,,,,,,,,0,2
5317,Person,Craig Campbell,,,,,,,,0,1
5319,Person,Gioacchino Gargallo,,,,,, Cruz,,0,2
5320,Person,Bianca Peano,,,,,,,,0,3
5321,Person,Randolf Fiebig,,,,,,,,0,2
5323,Person,Leroy Reeves,,,,,,,,0,2
5324,Person,Alan Smith,,,,,,,,0,1
5326,Person,Elenore Wulff,,,,,,,,0,1
5327,Person,Hubertine Plath,,,,,,,,0,1
5328,Person,Irmtraut Benthin,,,,,,,,0,1
5329,Person,Yang Gu,,,,,,,,0,2
5330,Person,Oscar Marshall,,,,,,,,0,4
5332,Person,Jolanta Schlosser,,,,,,,,0,2
5333,Person,Henrike Pärtzelt,,,,,,,,0,1
5334,Person,Hans Josef Haering,,,,,,,,0,2
5336,Person,Karla Moreno,,,,,,R3K STRIKKA,,0,1
5337,Person,Patricia Cherry,,,,,,,,0,2
5338,Person,Colton Dickerson,,,,,,,,0,3
5340,Person,Alyssa Franklin,,,,,,,,0,1
5341,Person,Li Tan,,,,,,,,0,2
5342,Person,Fang Yin,,,,,,,,0,1
5343,Person,Heidi Mills,,,,,,,,0,1
5344,Person,Jie Fan,,,,,,,,0,1
5345,Person,Xiulan Wang,,,,,,,,0,7
5346,Person,Juan Qiu,,,,,,,,0,1
5349,Person,Wei Zhong,,,,,,,,0,2
5350,Person,Wei Zeng,,,,,,,,0,1
5352,Person,Ping Xiang,,,,,,,,0,1
5353,Person,Chao Cai,,,,,,,,0,1
5354,Person,Stephen Ross,,,,,,,,0,1
5355,Person,Jing Tian,,,,,,,,0,3
5357,Person,Emily Glenn,,,,,,,,0,2
5358,Person,Jing Xiang,,,,,,,,0,2
5359,Person,Na Luo,,,,,,,,0,2
5360,Person,Ping Xiang,,,,,,,,0,5
5362,Person,Yong Su,,,,,,,,0,4
5363,Person,Jing Yin,,,,,,,,0,4
5365,Person,Guiying Zhao,,,,,, Diamond Dusk,,0,1
5366,Person,Xiuying Song,,,,,,,,0,8
5367,Person,Juan Feng,,,,,,,,0,6
5368,Person,Xia Dai,,,,,,,,0,7
5369,Person,Lei Xie,,,,,,,,0,1
5370,Person,Xiuying Xiang,,,,,,,,0,8
5371,Person,Lei Lai,,,,,,,,0,2
5373,Person,Victoria Pierce,,,,,,,,0,3
5374,Person,Wieslaw Heydrich,,,,,,,,0,1
5377,Person,Juan Lai,,,,,,,,0,2
5378,Person,Min Xiang,,,,,,,,0,1
5379,Person,Yan Sun,,,,,,,,0,1
5380,Person,Na Dai,,,,,,,,0,1
5381,Person,Guiying Jia,,,,,,,,0,4
5382,Person,Yong Wang,,,,,,,,0,9
5384,Person,Jennifer Henderson,,,,,,,,0,1
5385,Person,Elizabeth Flores,,,,,,,,0,1
5387,Person,Yang Zhong,,,,,,,,0,2
5388,Person,Jun Yu,,,,,,,,0,2
5390,Person,Wei Wan,,,,,,,,0,2
5391,Person,Yan Jia,,,,,,,,0,1
5393,Person,Wei Hao,,,,,,,,0,1
5395,Person,Yan Kang,,,,,,,,0,3
5397,Person,Guiying Fu,,,,,,,,0,1
5398,Person,Shawn Fox,,,,,,,,0,6
5399,Person,Chao Liao,,,,,,,,0,2
5400,Person,Min Lu,,,,,,,,0,2
5401,Person,Xia Yu,,,,,,,,0,1
5402,Person,Jun Yin,,,,,,,,0,5
5403,Person,Juan Ding,,,,,,,,0,1
5404,Person,Jing Feng,,,,,,,,0,5
5408,Person,Yong Mao,,,,,,,,0,2
5411,Person,Jie Li,,,,,,,,0,1
5412,Person,Xiuying Yao,,,,,,,,0,2
5413,Person,Lei Kong,,,,,,,,0,2
5416,Person,Guiying Wan,,,,,,,,0,1
5417,Person,Qiang Jiang,,,,,,,,0,1
5418,Person,Ming Zeng,,,,,,,,0,2
5419,Person,Karen Graham,,,,,,,,0,1
5420,Person,Wei Long,,,,,,,,0,2
5421,Person,Qiang Wen,,,,,,,,0,1
5422,Person,Yan Qiu,,,,,,,,0,3
5423,Person,Chao Fang,,,,,,,,0,1
5424,Person,Qiang Su,,,,,,,,0,1
5426,Person,Pier Pavone-Cignaroli,,,,,,,,0,2
5428,Person,Sebastiano Torlonia,,,,,,,,0,2
5429,Person,Griselda Renier-Mozart,,,,,,,,0,1
5430,Person,Caterina Mercadante-Munari,,,,,,,,0,1
5431,Person,Elizabeth Baker,,,,,,,,0,1
5433,Person,Jennifer Gibson,,,,,,,,0,3
5434,Person,Laura Brown,,,,,,,,0,1
5435,Person,Jing Gao,,,,,,,,0,1
5437,Person,Anaya Randhawa,,,,,,,,0,1
5439,Person,Fang Shi,,,,,,,,0,1
5440,Person,Guiying Lu,,,,,,,,0,1
5441,Person,Guiying Jin,,,,,,,,0,1
5442,Person,Qiang Jin,,,,,,,,0,1
5443,Person,Megan Fox,,,,,,,,0,1
5444,Person,Xiuying Gao,,,,,,,,0,2
5445,Person,Xia Zhao,,,,,,,,0,1
5446,Person,Jie Gu,,,,,,,,0,1
5447,Person,Yang Lai,,,,,,,,0,1
5449,Person,Jonathan Fisher,,,,,, Palmer,,0,1
5450,Person,Stephanie Bird,,,,,,,,0,2
5451,Person,Jun Pan,,,,,,,,0,1
5453,Person,Jonathan May,,,,,,,,0,1
5454,Person,Xia Long,,,,,,,,0,3
5456,Person,Matthew Miller,,,,,,,,0,1
5458,Person,Raymond Martin,,,,,,,,0,1
5459,Person,Tao Jin,,,,,,,,0,9
5461,Person,Letizia Agnesi-Piacentini,,,,,,,,0,1
5462,Person,Arnaldo Borzomì,,,,,,,,0,1
5463,Person,Pomponio Pometta,,,,,,,,0,2
5464,Person,Ottavio Barcella-Ritacca,,,,,,,,0,1
5465,Person,Ippazio Barcella,,,,,,,,0,4
5466,Person,Aurora Alboni,,,,,,,,0,1
5467,Person,Coriolano Riccati,,,,,,,,0,1
5470,Person,Ruben Watkins,,,,,,,,0,2
5471,Person,Gerald Collins,,,,,,,,0,1
5472,Person,Amanda Davis,,,,,,,,0,2
5474,Person,Na Fu,,,,,,,,0,1
5475,Person,Sheila Acosta,,,,,,,,0,2
5478,Person,Marilyn Moore,,,,,,,,0,4
5479,Person,Susan Edwards,,,,,,,,0,3
5481,Person,Min Zhao,,,,,,,,0,4
5482,Person,Yong Hu,,,,,,,,0,1
5484,Person,Tao Hu,,,,,,,,0,2
5485,Person,Guiying Ren,,,,,,,,0,1
5486,Person,Ming Qiu,,,,,,,,0,1
5487,Person,Ashley Brady,,,,,,,,0,1
5490,Person,Joseph Contreras,,,,,,,,0,2
5491,Person,Ana Wilson,,,,,,,,0,1
5493,Person,Gang Jia,,,,,,,,0,1
5494,Person,Chao Yu,,,,,,,,0,1
5495,Person,Ming Chen,,,,,,,,0,2
5496,Person,Ping Li,,,,,,,,0,2
5497,Person,Jie Sun,,,,,,,,0,2
5498,Person,Susan Scott,,,,,,,,0,1
5499,Person,Olivia Steinberg,,,,,,,,0,1
5500,Person,Min Gao,,,,,,,,0,1
5501,Person,Yong Zhong,,,,,,,,0,1
5502,Person,Fang Lu,,,,,,,,0,5
5503,Person,Li Wan,,,,,,,,0,1
5504,Person,Yong Lei,,,,,,,,0,3
5505,Person,Gang Ren,,,,,,,,0,1
5508,Person,Jing Wei,,,,,,,,0,1
5509,Person,Yan Xu,,,,,,,,0,2
5510,Person,Juan Xiao,,,,,,,,0,2
5511,Person,Min Mo,,,,,,,,0,1
5512,Person,Min Xiong,,,,,,,,0,1
5515,Person,Herr Folkert Vogt,,,,,,,,0,3
5516,Person,Gregory Morris,,,,,,,,0,1
5517,Person,Andree Dippel,,,,,,,,0,1
5520,Person,Lei Jin,,,,,,,,0,1
5521,Person,Matthew Burton,,,,,,,,0,1
5522,Person,Lindsey Simpson,,,,,,,,0,1
5523,Person,Yang Liao,,,,,,,,0,1
5528,Person,Jun Gong,,,,,,,,0,2
5529,Person,Ming Zheng,,,,,,,,0,1
5531,Person,Wei Shen,,,,,,,,0,1
5532,Person,Yan Yuan,,,,,,,,0,1
5533,Person,Yan Cui,,,,,,,,0,1
5536,Person,Scott Kennedy,,,,,,,,0,1
5537,Person,Dennis Fields,,,,,,,,0,1
5538,Person,Donald Oliver,,,,,,,,0,1
5539,Person,Sean Rodgers,,,,,,,,0,7
5541,Person,Yong Lin,,,,,,,,0,4
5542,Person,Xiulan Cai,,,,,,,,0,6
5543,Person,Mark Sparks,,,,,,,,0,3
5544,Person,Chao Chen,,,,,,,,0,5
5545,Person,Xia Lin,,,,,,,,0,1
5548,Person,Christopher Romero,,,,,,,,0,1
5549,Person,Danielle Gray,,,,,,,,0,4
5550,Person,Bryan Shaw,,,,,,,,0,1
5551,Person,Jonathan Horne,,,,,,,,0,1
5552,Person,Raymond Ponce,,,,,,,,0,2
5553,Person,Catherine Black,,,,,,,,0,1
5554,Person,Gordon Cox,,,,,,,,0,6
5555,Person,Laura Ward,,,,,,,,0,1
5557,Person,Kendra Green,,,,,,,,0,5
5558,Person,William Mcclain,,,,,,,,0,5
5560,Person,Bruce Hernandez,,,,,,,,0,1
5561,Person,Donna Ellison,,,,,,,,0,1
5562,Person,Mitchell Mcdonald,,,,,,,,0,2
5566,Person,Ida Burzec,,,,,,,,0,1
5567,Person,Urszula Henke,,,,,,,,0,1
5568,Person,Wojciech Jarmuła,,,,,,,,0,1
5569,Person,Tola Cymer,,,,,,,,0,1
5572,Person,Jun Luo,,,,,,,,0,3
5573,Person,Xia Zeng,,,,,,,,0,1
5575,Person,Shannon Harvey,,,,,,,,0,3
5578,Person,Juan Zhou,,,,,,,,0,2
5579,Person,Jie Wen,,,,,,,,0,2
5580,Person,Gang Yu,,,,,,,,0,1
5581,Person,Gang He,,,,,,,,0,1
5585,Person,Manon Diaz,,,,,, Kira Wolf,,0,1
5586,Person,Benoît Delmas,,,,,,,,0,1
5587,Person,Audrey Le Boucher,,,,,,,,0,1
5589,Person,Paul-Robert Bodin,,,,,,,,0,2
5590,Person,Gabrielle-Susan Bousquet,,,,,,,,0,1
5592,Person,Anja Niemeier,,,,,,,,0,1
5593,Person,Silvia Baum,,,,,,,,0,2
5594,Person,Marc Arroyo,,,,,,,,0,1
5595,Person,Marco Kusch,,,,,,,,0,1
5596,Person,Hans-Josef Steckel-Harloff,,,,,,,,0,2
5597,Person,Hansjoachim Gieß,,,,,,,,0,2
5600,Person,Michelle Russo,,,,,,Michelle,,0,1
5601,Person,Jie Shen,,,,,,,,0,1
5602,Person,Qiang Gu,,,,,,,,0,4
5604,Person,Tiya Kota,,,,,,,,0,1
5605,Person,Onkar Shankar,,,,,,,,0,1
5606,Person,Arnav Khosla,,,,,,,,0,3
5607,Person,Advika Ramakrishnan,,,,,,,,0,1
5608,Person,Bhamini Saini,,,,,,,,0,4
5610,Person,Michael Pearson,,,,,,,,0,1
5612,Person,Juan Qiao,,,,,,,,0,5
5613,Person,Wei Liu,,,,,,,,0,2
5615,Person,Derek Cline,,,,,,,,0,4
5617,Person,Kimberly Walker,,,,,,,,0,2
5618,Person,Heidi Dudley,,,,,,,,0,1
5619,Person,Wei Han,,,,,,,,0,6
5621,Person,Charles Jacobs,,,,,,BIGG STACCZ,,0,2
5622,Person,Ping Mo,,,,,,,,0,1
5623,Person,Min Yao,,,,,,,,0,1
5624,Person,Jing Tao,,,,,,,,0,2
5626,Person,Qiang Xiang,,,,,,,,0,2
5627,Person,Guiying Pan,,,,,,,,0,1
5629,Person,Monika Leonowicz,,,,,, Joey Mars,,0,1
5630,Person,Adrianna Panasiewicz,,,,,,TY$ON WAVE,,0,2
5631,Person,Wojciech Ratka,,,,,,,,0,1
5634,Person,Radosław Krzyk,,,,,,,,0,3
5637,Person,Steven Hobbs,,,,,,The Hobbs,,0,2
5638,Person,Brandon Marshall,,,,,,,,0,1
5639,Person,Anaïs Blanchard,,,,,,,,0,1
5640,Person,Alex Smith,,,,,,,,0,1
5641,Person,Émile Didier,,,,,,,,0,1
5644,Person,Li Zhang,,,,,,,,0,3
5645,Person,Wei Zhao,,,,,,,,0,6
5646,Person,Fang Bai,,,,,,,,0,10
5648,Person,Mark Dunlap,,,,,,,,0,1
5649,Person,Wei Zeng,,,,,,,,0,2
5650,Person,Yang Shao,,,,,,,,0,1
5651,Person,Lucas Smith,,,,,,,,0,2
5654,Person,Stacy Davenport,,,,,,,,0,1
5655,Person,Kyle Jackson,,,,,,,,0,2
5658,Person,Magdalene Rust,,,,,,,,0,1
5659,Person,Marietta Kraushaar,,,,,,,,0,1
5661,Person,Na Wei,,,,,,,,0,2
5662,Person,Min Hou,,,,,,,,0,2
5665,Person,Paul Bailey,,,,,, Knight,,0,2
5666,Person,Olivia Clark,,,,,,Ethereal Epoch,,0,2
5667,Person,Scott Johnson,,,,,,,,0,3
5668,Person,Morgan Collins,,,,,,,,0,2
5669,Person,Danielle Franklin,,,,,,,,0,1
5670,Person,Rebecca Wheeler,,,,,,,,0,1
5671,Person,Margrit Hiller-Jopich,,,,,,,,0,2
5674,Person,Laura Stanton,,,,,,,,0,2
5675,Person,Janice Schultz,,,,,,,,0,2
5676,Person,Xia Liang,,,,,,,,0,3
5677,Person,Kenneth Randolph,,,,,,,,0,3
5682,Person,Pamela Griffin,,,,,,,,0,1
5683,Person,Sarah Hayes,,,,,,,,0,2
5684,Person,Mary Gutierrez,,,,,,,,0,1
5686,Person,Matthew Brown,,,,,,,,0,1
5688,Person,Tino Ring,,,,,,,,0,1
5690,Person,Hannes Cichorius-Seifert,,,,,,,,0,1
5692,Person,Rigo Becker,,,,,,,,0,6
5695,Person,Ann Schmidt,,,,,,,,0,1
5696,Person,Zachary Woods,,,,,,,,0,2
5697,Person,Denise Poole,,,,,,,,0,1
5700,Person,Ping Shen,,,,,,,,0,2
5701,Person,Xiuying Ren,,,,,,,,0,1
5702,Person,Qiang Zhong,,,,,,,,0,1
5705,Person,Adam Davis,,,,,,,,0,5
5707,Person,Anastasie Auger,,,,,,,,0,1
5708,Person,Georges-Grégoire Martin,,,,,,,,0,1
5709,Person,Adrien Gonzalez,,,,,,,,0,1
5712,Person,Yang Peng,,,,,,,,0,1
5713,Person,James Torres,,,,,,,,0,2
5714,Person,Ping Yuan,,,,,,,,0,1
5715,Person,Ming Sun,,,,,,,,0,1
5716,Person,Jie Yan,,,,,,,,0,1
5717,Person,Tao Liu,,,,,,,,0,2
5719,Person,Anthony Smith,,,,,,,,0,1
5720,Person,Lisa Sparks,,,,,,,,0,1
5721,Person,Brittany Sanchez,,,,,,,,0,1
5722,Person,Elizabeth Brennan,,,,,,,,0,1
5723,Person,Charlene Collins,,,,,,,,0,1
5724,Person,Jason Davis,,,,,,,,0,2
5727,Person,Yasmin Verschut,,,,,,,,0,11
5728,Person,Ryan Ford,,,,,,,,0,6
5731,Person,Min Huang,,,,,,,,0,1
5732,Person,Jing Xiang,,,,,,,,0,1
5733,Person,Tao Zou,,,,,,,,0,1
5734,Person,Yang Shao,,,,,,,,0,2
5735,Person,Xiulan Hu,,,,,,,,0,2
5738,Person,Kenneth Banks,,,,,,,,0,1
5739,Person,Sean Mendoza,,,,,,,,0,1
5740,Person,Amber Sanders,,,,,,,,0,1
5741,Person,Anthony Hamilton,,,,,,,,0,1
5742,Person,Amy Johnston,,,,,,,,0,1
5747,Person,Bryan Sandoval,,,,,,,,0,1
5748,Person,Sarah Harrison,,,,,,,,0,1
5749,Person,Megan Garcia,,,,,,,,0,1
5750,Person,Dominique Ramos,,,,,,,,0,4
5752,Person,Lisa Nunez,,,,,, The Vector,,0,1
5753,Person,Denise Fisher,,,,,,,,0,1
5754,Person,Charles Jacobs,,,,,,,,0,1
5755,Person,Colleen Palmer,,,,,,,,0,1
5756,Person,Kimberly Collins,,,,,,,,0,2
5757,Person,Samuel Ryan,,,,,,,,0,1
5758,Person,Brittany Strickland,,,,,,,,0,1
5759,Person,Marc Andersen,,,,,,,,0,1
5760,Person,Kimberly Jordan,,,,,,,,0,1
5762,Person,William Knapp,,,,,,,,0,3
5763,Person,Michael Smith,,,,,,,,0,2
5765,Person,Amanda Marquez,,,,,,,,0,3
5766,Person,Frederick Freeman,,,,,,,,0,2
5768,Person,Xiulan Mo,,,,,,,,0,1
5769,Person,Guiying Hou,,,,,,,,0,1
5770,Person,Na Su,,,,,,,,0,1
5771,Person,Yong Du,,,,,,,,0,1
5772,Person,Min Qian,,,,,,,,0,6
5774,Person,Nicholas Rasmussen,,,,,,,,0,2
5775,Person,Joseph Escobar,,,,,,,,0,1
5776,Person,Edward Collier,,,,,,,,0,2
5778,Person,Xiuying Yuan,,,,,,,,0,2
5779,Person,Yang Kang,,,,,,,,0,1
5780,Person,Gang Shao,,,,,,,,0,1
5781,Person,Fang Xiong,,,,,,,,0,3
5783,Person,Mark Beck,,,,,,,,0,2
5784,Person,Mary Brooks,,,,,,,,0,2
5785,Person,Odette-Inès Lelièvre,,,,,,,,0,4
5788,Person,Rocco Hauffer,,,,,,,,0,1
5789,Person,Thilo Sölzer,,,,,,,,0,2
5791,Person,Ming Fan,,,,,,,,0,1
5792,Person,Yan Kang,,,,,,,,0,1
5793,Person,Xiulan Cao,,,,,,,,0,1
5794,Person,Frederic Margraf,,,,,,,,0,3
5795,Person,Li Shi,,,,,,,,0,4
5797,Person,Esther Schinke,,,,,,,,0,3
5798,Person,Atenulf Nadi-Vergassola,,,,,,,,0,2
5799,Person,Gregor Dippel,,,,,,,,0,2
5800,Person,Fabrizia Gualtieri,,,,,,,,0,1
5803,Person,Kathleen Cunningham,,,,,,,,0,3
5805,Person,Yan Yin,,,,,,,,0,5
5806,Person,Xiuying Zhong,,,,,,,,0,5
5807,Person,Ping Xia,,,,,,,,0,5
5809,Person,Chao Yi,,,,,, PHVNTOM,,0,2
5810,Person,Yong Cui,,,,,,,,0,1
5811,Person,Samantha Mills,,,,,,,,0,3
5812,Person,Li Dong,,,,,,,,0,1
5814,Person,Navya Kala,,,,,,Navya,,0,1
5815,Person,Divit Behl,,,,,,Velvet Algorithm,,0,2
5816,Person,Tara Kaul,,,,,,,,0,1
5819,Person,Sara Ramirez,,,,,,,,0,2
5820,Person,Ping Tang,,,,,,,,0,1
5821,Person,Xia Chang,,,,,,,,0,2
5822,Person,Wei Meng,,,,,,,,0,2
5823,Person,Lei Zheng,,,,,,,,0,1
5827,Person,Lei Yi,,,,,,,,0,1
5828,Person,Kari Sutton,,,,,,,,0,1
5829,Person,Yan Tao,,,,,,,,0,1
5830,Person,Li Bai,,,,,,,,0,2
5831,Person,Jun Dai,,,,,,,,0,4
5833,Person,Gang Pan,,,,,,,,0,1
5834,Person,Wei Ren,,,,,,,,0,1
5835,Person,Gregory Hansen,,,,,,,,0,1
5836,Person,Jing Gu,,,,,,,,0,1
5838,Person,Graziella Marenzio-Scialpi,,,,,,,,0,1
5841,Person,Matthew Garcia,,,,,,,,0,1
5842,Person,Khushi Upadhyay,,,,,,,,0,2
5845,Person,Jonathan Lewis,,,,,,,,0,6
5848,Person,Gang Yang,,,,,,MNTL X (Mental X),,0,1
5849,Person,Gang Cai,,,,,,Zane Ellis,,0,1
5850,Person,Na Jin,,,,,,,,0,1
5851,Person,Lei Yi,,,,,,,,0,1
5852,Person,Jie Song,,,,,,,,0,1
5853,Person,Olav Mülichen,,,,,,,,0,3
5855,Person,Laura Jefferson,,,,,,,,0,1
5856,Person,Jonathan Young,,,,,,,,0,2
5857,Person,Heather Wood,,,,,,,,0,1
5858,Person,Donald Medina,,,,,,,,0,3
5859,Person,David Schultz,,,,,,,,0,2
5860,Person,Erik Mathews,,,,,,,,0,2
5861,Person,Lisa Hofmann,,,,,,,,0,5
5862,Person,Jacqueline Dickson,,,,,,,,0,2
5863,Person,Joshua Orozco,,,,,,,,0,3
5864,Person,Jun Guo,,,,,,,,0,3
5865,Person,Christine Ward,,,,,,,,0,4
5867,Person,Anastazja Brózda,,,,,,,,0,1
5868,Person,Marcelina Wochnik,,,,,,,,0,1
5869,Person,Alex Halama,,,,,,,,0,4
5870,Person,Tymon Miszta,,,,,,,,0,2
5872,Person,Nicolaus Fiebig,,,,,,Vesper Bloom,,0,2
5874,Person,Xiulan Meng,,,,,,,,0,2
5875,Person,Xiulan Shi,,,,,,,,0,1
5876,Person,Ping Han,,,,,,,,0,1
5878,Person,Katherine Tanner,,,,,,,,0,1
5879,Person,Adam Fletcher,,,,,,,,0,1
5880,Person,Erika Nguyen,,,,,,,,0,2
5884,Person,Li Wen,,,,,,,,0,2
5885,Person,Steven Williams,,,,,,,,0,1
5886,Person,Wei Qian,,,,,,,,0,1
5888,Person,Nicholas Boyd,,,,,,,,0,2
5889,Person,Laura Dillon,,,,,,,,0,1
5890,Person,Allison Patterson,,,,,,,,0,5
5892,Person,Michelotto Toldo,,,,,,,,0,2
5894,Person,Juan Qian,,,,,,Halcyon,,0,1
5895,Person,Wei Dai,,,,,,,,0,1
5896,Person,Joshua Mckenzie,,,,,,,,0,1
5897,Person,Ping Gong,,,,,,,,0,1
5898,Person,Yan Zhao,,,,,,,,0,1
5899,Person,Jason Stevens,,,,,,,,0,1
5900,Person,Amy Wood,,,,,,,,0,1
5901,Person,Yang Su,,,,,,,,0,1
5902,Person,Juan Liu,,,,,,,,0,3
5903,Person,Li Song,,,,,,,,0,1
5904,Person,Min Qian,,,,,,,,0,1
5905,Person,Juan Tian,,,,,,,,0,1
5908,Person,Georges Besnard,,,,,,,,0,13
5909,Person,Kaitlyn Warren,,,,,,,,0,8
5910,Person,Jeanne Guillou,,,,,,,,0,8
5912,Person,Xia Xue,,,,,,,,0,4
5914,Person,Whitney Yates,,,,,,,,0,2
5915,Person,Mary Frank,,,,,,,,0,1
5917,Person,Jeanette Carey,,,,,,,,0,2
5918,Person,Paul Kirk,,,,,,,,0,1
5919,Person,Katelyn Malone,,,,,,,,0,1
5922,Person,Dwayne Wilson,,,,,,,,0,4
5924,Person,Na Gu,,,,,,,,0,1
5925,Person,Jie Cai,,,,,,,,0,1
5926,Person,Lei Ren,,,,,,,,0,2
5927,Person,Megan Marsh,,,,,,,,0,1
5929,Person,Xiulan Xiong,,,,,,,,0,1
5931,Person,Zaira Peano-Castelli,,,,,, Eva Black,,0,1
5932,Person,Ugolino Bettin,,,,,,,,0,1
5933,Person,Antonina Zaccardo,,,,,,,,0,2
5934,Person,Lidia Battisti-Righi,,,,,,,,0,3
5935,Person,Rita Finzi,,,,,,,,0,2
5936,Person,Romana Iadanza,,,,,,,,0,3
5939,Person,Andrew Cruz,,,,,,,,0,1
5940,Person,Wei Gu,,,,,,,,0,1
5941,Person,Gang Qian,,,,,,,,0,2
5942,Person,Kevin Cooke,,,,,,,,0,1
5943,Person,Chao Long,,,,,,,,0,1
5945,Person,Tao Wang,,,,,,,,0,1
5946,Person,Yan Wan,,,,,,,,0,2
5947,Person,Fang Kong,,,,,,,,0,1
5948,Person,Yang Hou,,,,,,,,0,1
5950,Person,Alessandra Omma-Paolini,,,,,,,,0,1
5951,Person,Iolanda Prada,,,,,,,,0,10
5953,Person,Emily Johnson,,,,,,,,0,2
5954,Person,Lisa Jones,,,,,,,,0,1
5955,Person,Christopher Rice,,,,,,,,0,3
5959,Person,Megan Morrow,,,,,,,,0,3
5961,Person,Terri Preston,,,,,,,,0,2
5962,Person,Kelly Reyes,,,,,,,,0,1
5963,Person,Barry Wilkerson,,,,,,,,0,1
5964,Person,Brett Larson,,,,,,,,0,1
5966,Person,Tyler Padilla,,,,,,,,0,1
5967,Person,Richard Gutierrez,,,,,,,,0,3
5968,Person,Dorota Cierpka,,,,,,,,0,2
5969,Person,Kristiane Stadelmann,,,,,,,,0,2
5970,Person,Robert Fronia,,,,,,,,0,1
5973,Person,Christine Wall,,,,,,Orphea,,0,5
5974,Person,Brian Gonzalez,,,,,,,,0,4
5975,Person,Richard Page,,,,,,,,0,2
5976,Person,Ping Jia,,,,,,,,0,4
5977,Person,Herr Oliver Schacht,,,,,,,,0,2
5978,Person,Li Jin,,,,,,,,0,6
5982,Person,Yan Kang,,,,,,,,0,1
5983,Person,Xiulan Tang,,,,,,,,0,2
5984,Person,Min Qian,,,,,,,,0,3
5985,Person,Rachel Thompson,,,,,,,,0,1
5987,Person,Kristi Yu,,,,,,,,0,3
5988,Person,Joseph Burgess,,,,,,,,0,5
5989,Person,Christopher Davis,,,,,,,,0,2
5990,Person,Stephanie Garcia,,,,,,,,0,5
5993,Person,James Harvey,,,,,,,,0,1
5995,Person,Francesca Krebs,,,,,,,,0,3
5997,Person,Andy Eigenwillig,,,,,,,,0,1
5998,Person,Cemal Boucsein,,,,,,,,0,2
5999,Person,Beatrix Mende,,,,,,,,0,1
6000,Person,Cilli Trommler,,,,,,,,0,2
6002,Person,Charles Chase,,,,,,,,0,4
6005,Person,Gang Xia,,,,,,,,0,1
6007,Person,Xiuying Han,,,,,,,,0,1
6009,Person,Ping Jia,,,,,,,,0,1
6010,Person,Lei Fang,,,,,,,,0,1
6011,Person,Ming Fu,,,,,,,,0,1
6012,Person,Jing Qin,,,,,,,,0,1
6013,Person,Xia Xiong,,,,,,,,0,1
6014,Person,Chao Xu,,,,,,,,0,1
6015,Person,Jun Duan,,,,,,,,0,2
6016,Person,Chao Deng,,,,,,,,0,1
6017,Person,Xiuying Zhang,,,,,,,,0,3
6018,Person,Min Deng,,,,,,,,0,1
6023,Person,Sean Jackson,,,,,,,,0,1
6025,Person,Xia Zeng,,,,,,,,0,2
6026,Person,Gang Jia,,,,,,,,0,1
6029,Person,Wally Beckmann,,,,,,,,0,2
6030,Person,Carlo Mazzacurati,,,,,,,,0,5
6031,Person,Benvenuto Lerner,,,,,,,,0,2
6032,Person,Rosaria Pedersoli,,,,,,,,0,4
6036,Person,Yan Kang,,,,,,Vesper Illusion,,0,9
6037,Person,Fang Tan,,,,,,,,0,5
6038,Person,Jie Tian,,,,,,,,0,3
6039,Person,Fang Yin,,,,,,,,0,8
6042,Person,Holly Horton,,,,,,,,0,1
6043,Person,Kristen Hamilton,,,,,,,,0,1
6044,Person,Christine Jennings,,,,,,,,0,1
6045,Person,Crystal Yu,,,,,,,,0,1
6046,Person,Brian Morales,,,,,,,,0,1
6047,Person,Carlos Mccann,,,,,,,,0,1
6048,Person,Ryan Johnston,,,,,,,,0,1
6050,Person,Bryan Sanchez,,,,,, Steel,,0,4
6052,Person,Heidi Jones,,,,,,,,0,5
6053,Person,Guiying Huang,,,,,,,,0,4
6055,Person,Yong Fu,,,,,,,,0,5
6056,Person,Xiulan Qin,,,,,,,,0,5
6057,Person,Anthony Hancock,,,,,,,,0,4
6058,Person,Li Bai,,,,,,,,0,2
6059,Person,Brandon Kirby,,,,,,,,0,1
6060,Person,Xiulan Yin,,,,,,,,0,3
6062,Person,Ping Mao,,,,,,,,0,3
6063,Person,Jun Xiong,,,,,,,,0,3
6066,Person,Jun Qiao,,,,,,,,0,3
6067,Person,Yong Wen,,,,,,,,0,2
6068,Person,Tao Liang,,,,,,,,0,1
6069,Person,Jun Yao,,,,,,,,0,1
6071,Person,Xiulan Lu,,,,,,,,0,1
6073,Person,Agnès de Leroy,,,,,,,,0,1
6075,Person,Elizabeth Myers,,,,,,,,0,2
6077,Person,Tao Pan,,,,,,,,0,1
6078,Person,Osamu Yamashita,,,,,,,,0,2
6079,Person,Wei Kang,,,,,,,,0,1
6081,Person,Lei Qin,,,,,,,,0,2
6082,Person,Chao Cao,,,,,,,,0,2
6083,Person,Xiulan Lai,,,,,,,,0,6
6084,Person,Ming Wei,,,,,,,,0,2
6085,Person,Na Liao,,,,,,,,0,3
6086,Person,Fang Duan,,,,,,,,0,1
6088,Person,Yang Yang,,,,,,,,0,1
6089,Person,Jie Jia,,,,,,,,0,4
6090,Person,Chao Duan,,,,,,,,0,3
6091,Person,Ming Fan,,,,,,,,0,2
6093,Person,Na Cao,,,,,,,,0,3
6094,Person,Tao Meng,,,,,,,,0,1
6095,Person,Wayne Wilson,,,,,,,,0,2
6096,Person,Na Tan,,,,,,,,0,1
6097,Person,Hector Smith,,,,,,,,0,1
6098,Person,Antonietta Kreusel-Seip,,,,,,,,0,3
6099,Person,Yong Gong,,,,,,,,0,2
6101,Person,Juan Yao,,,,,,,,0,1
6104,Person,Ming Shen,,,,,,,,0,1
6107,Person,Natalie Fields,,,,,,,,0,1
6109,Person,Margaret Mueller,,,,,,,,0,1
6110,Person,Charles Smith,,,,,,,,0,1
6114,Person,Frau Sybille Becker,,,,,,,,0,2
6115,Person,Radmila Stey-Kambs,,,,,,,,0,2
6116,Person,John Goodwin,,,,,,,,0,2
6117,Person,Felix Hornich,,,,,,,,0,2
6118,Person,Miranda Page,,,,,,,,0,1
6121,Person,Guiying Zhong,,,,,,,,0,1
6122,Person,Taylor Pace,,,,,,,,0,1
6123,Person,Juan Deng,,,,,,,,0,1
6124,Person,Heidi Richardson,,,,,,,,0,2
6125,Person,Xia Cui,,,,,,,,0,1
6127,Person,Jie Yin,,,,,,,,0,2
6128,Person,Alicia Simmons,,,,,,,,0,1
6129,Person,Elizabeth Gonzalez,,,,,,,,0,2
6131,Person,Thomas King,,,,,,,,0,2
6132,Person,Yan Gao,,,,,,,,0,1
6133,Person,Christina Soto,,,,,,,,0,1
6134,Person,Richard Johnson,,,,,,,,0,2
6135,Person,Lei Luo,,,,,,,,0,3
6136,Person,Valerio Carullo,,,,,,,,0,1
6138,Person,Jeffrey Phillips,,,,,,Echelon,,0,4
6139,Person,Russell Barnes,,,,,,,,0,1
6140,Person,Brian Brown,,,,,,,,0,2
6143,Person,Christopher Cox,,,,,,Synthetic Aeon,,0,1
6144,Person,Terry Harris,,,,,,,,0,1
6145,Person,Chelsea Paul,,,,,,,,0,2
6146,Person,Cody Lopez,,,,,,,,0,1
6147,Person,Kenneth Evans,,,,,,,,0,1
6149,Person,Tao Peng,,,,,,,,0,1
6150,Person,Yong Chen,,,,,,,,0,2
6152,Person,Vidur Dasgupta,,,,,,,,0,2
6155,Person,Joann Johnson,,,,,,,,0,4
6159,Person,Debra Martin,,,,,,,,0,4
6161,Person,Hellmut Graf,,,,,,Velora,,0,2
6162,Person,Ehrenfried Werner,,,,,,,,0,1
6164,Person,Stephanie Johnson,,,,,,,,0,1
6165,Person,Pamela Crane,,,,,,,,0,1
6166,Person,Kevin Pearson,,,,,,,,0,1
6167,Person,Adira Bhagat,,,,,,,,0,1
6169,Person,Rudi Bolander-Zimmer,,,,,,,,0,2
6171,Person,Li Qiao,,,,,,,,0,1
6172,Person,Ping Tao,,,,,,,,0,1
6173,Person,Lei Tan,,,,,,,,0,2
6174,Person,Na Han,,,,,,,,0,1
6175,Person,Liwia Piejko,,,,,,,,0,2
6176,Person,Fang Zhong,,,,,,,,0,1
6178,Person,Yang Long,,,,,,,,0,1
6179,Person,Xiulan Xue,,,,,,,,0,1
6181,Person,Ming Tan,,,,,,,,0,2
6182,Person,Shirley Riley,,,,,,,,0,4
6184,Person,Wei Shi,,,,,,,,0,2
6185,Person,Chao Gong,,,,,,,,0,1
6186,Person,Yang Ma,,,,,,,,0,1
6187,Person,Lei Kang,,,,,,,,0,3
6188,Person,Min Zhong,,,,,,,,0,1
6192,Person,Adam Lopez,,,,,,,,0,2
6195,Person,Min Xiong,,,,,,,,0,2
6196,Person,Phillip Martinez,,,,,,,,0,1
6197,Person,Ming He,,,,,,,,0,1
6198,Person,Xiuying Cheng,,,,,,,,0,7
6199,Person,Juan Cai,,,,,,,,0,1
6202,Person,Katherine Preston,,,,,,BIG SHVX,,0,2
6203,Person,Kimberly Cain,,,,,,,,0,1
6206,Person,Xia Wu,,,,,,,,0,1
6207,Person,Chao Fan,,,,,,,,0,1
6208,Person,Yang Tang,,,,,,,,0,1
6212,Person,Na Yan,,,,,,,,0,1
6213,Person,Yan Zhou,,,,,,,,0,1
6214,Person,Xiulan Yuan,,,,,,,,0,1
6215,Person,Chao Ma,,,,,,,,0,1
6217,Person,Tao Duan,,,,,,,,0,1
6219,Person,Fang Yao,,,,,,,,0,1
6220,Person,Tao Lin,,,,,,,,0,2
6221,Person,Ming Zou,,,,,,,,0,1
6222,Person,Chao Shi,,,,,,,,0,1
6223,Person,Li Kong,,,,,,,,0,2
6224,Person,Rebecca Ruiz,,,,,,,,0,1
6225,Person,Jun Fang,,,,,,,,0,6
6226,Person,Ming Ren,,,,,,,,0,1
6228,Person,Ping Yao,,,,,,,,0,4
6230,Person,Thomas Weber,,,,,,,,0,5
6232,Person,Jing Ren,,,,,,,,0,1
6234,Person,Mike Robinson,,,,,,,,0,5
6236,Person,Jun Tian,,,,,, DR3∆M,,0,1
6237,Person,Juan Zheng,,,,,,,,0,2
6238,Person,Xiulan Zhao,,,,,,,,0,1
6239,Person,Min Ren,,,,,,,,0,1
6240,Person,Frank Shaffer,,,,,,,,0,1
6241,Person,Lei Deng,,,,,,,,0,1
6242,Person,Li Hou,,,,,,,,0,1
6243,Person,Qiang Qin,,,,,,,,0,1
6244,Person,Jie Xu,,,,,,,,0,2
6247,Person,Na Zhou,,,,,,,,0,2
6248,Person,Yang Yu,,,,,,,,0,1
6249,Person,Fang Mo,,,,,,,,0,2
6254,Person,Ramona Camiscione,,,,,,,,0,1
6255,Person,Adele Curatoli,,,,,,,,0,1
6258,Person,Jing Kang,,,,,,,,0,1
6259,Person,Jun Song,,,,,,,,0,2
6260,Person,Yong Jia,,,,,,,,0,1
6261,Person,Jun Xia,,,,,,,,0,1
6264,Person,Darshit Chopra,,,,,,,,0,1
6265,Person,Eshani Deep,,,,,,,,0,1
6266,Person,Reyansh Barad,,,,,,,,0,2
6269,Person,Ming Zheng,,,,,,,,0,4
6270,Person,Yan Feng,,,,,,,,0,7
6273,Person,Nicole Thomas,,,,,,,,0,1
6274,Person,Gang Fan,,,,,,,,0,1
6275,Person,Qiang Qian,,,,,,,,0,3
6277,Person,Chao Song,,,,,,,,0,2
6280,Person,Lei Tan,,,,,,,,0,1
6281,Person,Stacey Christensen,,,,,,,,0,1
6282,Person,Li Feng,,,,,,,,0,1
6283,Person,Min Meng,,,,,,,,0,1
6287,Person,Li Su,,,,,,,,0,1
6288,Person,Gang Zeng,,,,,,,,0,2
6290,Person,Na Wei,,,,,,Neon Oracle,,0,1
6291,Person,Xiulan Hao,,,,,,,,0,2
6292,Person,Na Jin,,,,,,,,0,1
6294,Person,Yang Cao,,,,,,,,0,2
6295,Person,Xia Yuan,,,,,,,,0,1
6296,Person,Lindsey Walker,,,,,,,,0,2
6299,Person,Caleb Payne,,,,,,,,0,1
6302,Person,Thérèse Guillou,,,,,,,,0,2
6303,Person,Stefanie Sullivan,,,,,,,,0,1
6304,Person,Alexandra Moreno,,,,,,,,0,1
6305,Person,Yves Aubry,,,,,,,,0,1
6306,Person,Katie Oliver,,,,,,,,0,2
6308,Person,Li Liao,,,,,,,,0,1
6309,Person,Yan He,,,,,,,,0,1
6310,Person,Ping Deng,,,,,,,,0,1
6311,Person,Juan Lei,,,,,,,,0,1
6312,Person,Fang Xiang,,,,,,,,0,5
6314,Person,Phillip Hamilton,,,,,,,,0,2
6316,Person,Dennis Lee,,,,,,,,0,11
6317,Person,Bradley Hayes,,,,,,,,0,9
6319,Person,Christian Rojas,,,,,,,,0,1
6320,Person,Whitney Torres,,,,,,,,0,1
6321,Person,Daryl Parsons,,,,,,,,0,1
6323,Person,Ibrahim Heerkens-Everde,,,,,,,,0,1
6324,Person,Li Tian,,,,,,,,0,1
6325,Person,Lei Xue,,,,,,,,0,1
6326,Person,Tao Hu,,,,,,,,0,2
6328,Person,Lise Gerrits,,,,,,,,0,5
6330,Person,Gianpaolo Sibilia,,,,,,,,0,2
6331,Person,Cecilia Cusano-Squarcione,,,,,,,,0,2
6332,Person,Karl-Heinz Bruder,,,,,,,,0,3
6334,Person,Ming Huang,,,,,, Dom Rivers,,0,1
6335,Person,Ming Zhou,,,,,,,,0,2
6336,Person,Fang Hao,,,,,,,,0,2
6338,Person,Juan Qin,,,,,,,,0,1
6340,Person,Matthew Sanchez,,,,,,,,0,3
6343,Person,Devansh Seshadri,,,,,,,,0,1
6345,Person,Wei Sun,,,,,,,,0,1
6346,Person,Chao Gu,,,,,,,,0,2
6347,Person,Li Yang,,,,,,,,0,2
6348,Person,Tao Guo,,,,,,,,0,5
6349,Person,Yan Zhong,,,,,,,,0,3
6352,Person,Wei Wei,,,,,,Shadow Choir,,0,3
6353,Person,Chao Mao,,,,,,,,0,1
6354,Person,Jun Yan,,,,,,,,0,1
6355,Person,Ping Tao,,,,,,,,0,4
6359,Person,Dierk Reichmann,,,,,,,,0,1
6360,Person,Leo Schuster,,,,,,,,0,3
6361,Person,Thekla Schuster,,,,,,,,0,2
6362,Person,Herr Reinald Roht,,,,,,,,0,1
6366,Person,Ricciotti Traetta,,,,,,,,0,2
6369,Person,Jeffery Bailey,,,,,,,,0,3
6370,Person,Jun Shao,,,,,,,,0,3
6371,Person,Jun Hao,,,,,,,,0,9
6373,Person,Qiang Han,,,,,,,,0,1
6374,Person,Wei Shao,,,,,,,,0,1
6375,Person,Michael Peterson,,,,,,,,0,2
6378,Person,Jun Cui,,,,,,,,0,2
6379,Person,Tao Xiao,,,,,,,,0,1
6380,Person,Michael Ramirez,,,,,,,,0,1
6381,Person,Fang Dong,,,,,,,,0,2
6383,Person,Yan Ding,,,,,, Mystic Dawn,,0,1
6384,Person,Kristina Cowan,,,,,,,,0,1
6385,Person,Li Song,,,,,,,,0,1
6387,Person,William Shields,,,,,,,,0,1
6388,Person,Xia Hu,,,,,,,,0,2
6389,Person,Jie Liao,,,,,,,,0,1
6391,Person,Elizabeth Rivera,,,,,,,,0,3
6394,Person,Robert Stephens,,,,,,,,0,1
6395,Person,Annegret Nerger,,,,,,,,0,1
6399,Person,Jie Su,,,,,,,,0,2
6400,Person,Jason Warner,,,,,,,,0,2
6401,Person,Chelsea Liu,,,,,,,,0,2
6402,Person,Margaret Mccarthy,,,,,,,,0,2
6403,Person,Xia Xiong,,,,,,,,0,4
6405,Person,Amber Ward,,,,,,,,0,2
6407,Person,Benjamin Gutierrez,,,,,,,,0,2
6408,Person,Maria Rubio,,,,,,,,0,1
6409,Person,Timothy Sanchez,,,,,,,,0,1
6410,Person,Patrick Wall,,,,,,,,0,2
6411,Person,Bradley Valencia,,,,,,,,0,1
6413,Person,Ming Jiang,,,,,,,,0,2
6414,Person,Tao Su,,,,,,,,0,4
6416,Person,Joseph Hart,,,,,,,,0,1
6419,Person,Min Wang,,,,,,The Ember Syndicate,,0,1
6420,Person,Ping Ding,,,,,,,,0,1
6421,Person,Melanie Ballard,,,,,,,,0,2
6424,Person,Cheryl Carter,,,,,,,,0,9
6425,Person,Krystal Martin,,,,,,,,0,1
6426,Person,Stacie Bennett,,,,,,,,0,2
6429,Person,Jie Li,,,,,,,,0,1
6430,Person,Min Bai,,,,,,,,0,1
6431,Person,Ming Qiao,,,,,,,,0,1
6432,Person,Yang Dai,,,,,,,,0,1
6433,Person,Guiying Tao,,,,,,,,0,2
6436,Person,Xiuying Ma,,,,,,,,0,2
6437,Person,Na Fan,,,,,,,,0,3
6438,Person,Jun Song,,,,,,,,0,1
6439,Person,Christine Martin,,,,,,,,0,1
6440,Person,Chao Jiang,,,,,,,,0,2
6441,Person,Li Jia,,,,,,,,0,2
6442,Person,Lei Du,,,,,,,,0,2
6444,Person,Adira Ramaswamy,,,,,,,,0,1
6445,Person,Drishya Setty,,,,,,,,0,2
6446,Person,Samar Dutta,,,,,,,,0,2
6448,Person,Chao Wu,,,,,,,,0,2
6449,Person,Guiying Ye,,,,,,,,0,1
6450,Person,Chao Wan,,,,,,,,0,1
6451,Person,Xiuying Huang,,,,,,,,0,1
6452,Person,Jun Fu,,,,,,,,0,1
6453,Person,Fang Han,,,,,,,,0,1
6455,Person,Rebecca Chapman,,,,,,,,0,2
6457,Person,Ming Cheng,,,,,,,,0,1
6458,Person,Na Peng,,,,,,,,0,3
6459,Person,Ming Pan,,,,,,,,0,2
6460,Person,Tao Liu,,,,,,,,0,1
6462,Person,Christy Hernandez,,,,,,,,0,1
6463,Person,Adam Knox,,,,,,,,0,1
6464,Person,Yong Bai,,,,,,,,0,4
6465,Person,Jennifer Savage,,,,,,,,0,4
6468,Person,Ernest Clark,,,,,,,,0,1
6469,Person,Pamela Massey,,,,,,,,0,1
6470,Person,Andrej Ruppersberger,,,,,,,,0,7
6471,Person,Richard Francis,,,,,,,,0,1
6475,Person,Guiying Ren,,,,,,,,0,3
6477,Person,Regina Hensley,,,,,,,,0,2
6478,Person,Cheryl Miller,,,,,,,,0,1
6479,Person,Alex Schwartz,,,,,,,,0,2
6480,Person,Michael Bennett,,,,,,,,0,1
6483,Person,Yan Yan,,,,,,,,0,6
6484,Person,Wei Dong,,,,,,,,0,5
6485,Person,Juan Jin,,,,,,,,0,2
6486,Person,Stephanie Montoya,,,,,,,,0,2
6487,Person,Min Sun,,,,,,,,0,3
6488,Person,Ming Lei,,,,,,,,0,2
6490,Person,Chao Qiao,,,,,,,,0,1
6491,Person,Lei He,,,,,,,,0,1
6492,Person,Chao Peng,,,,,,,,0,2
6494,Person,Seth Payne,,,,,,,,0,4
6495,Person,Emily Bush,,,,,,,,0,2
6498,Person,Xiulan Qiu,,,,,,,,0,2
6499,Person,Anthony Padilla,,,,,,,,0,1
6500,Person,Wei Tan,,,,,,,,0,2
6501,Person,Wei Xie,,,,,,,,0,3
6506,Person,Ivo Cannizzaro,,,,,,,,0,1
6508,Person,Alejandro Barnes,,,,,,,,0,1
6509,Person,Eric Wallace,,,,,,,,0,1
6510,Person,Charles Paul,,,,,,,,0,2
6511,Person,Justin Allen,,,,,,,,0,2
6514,Person,Xiuying Dai,,,,,,,,0,1
6515,Person,Jing Zeng,,,,,,,,0,1
6516,Person,Chao Yang,,,,,,,,0,1
6517,Person,Li Jia,,,,,,,,0,1
6518,Person,Andrea Martin,,,,,,,,0,2
6519,Person,Lei Luo,,,,,,,,0,1
6520,Person,Qiang Yao,,,,,,,,0,1
6522,Person,Fang Tang,,,,,,,,0,1
6523,Person,James Harrington,,,,,,,,0,1
6525,Person,Kristin Anderson,,,,,,,,0,8
6526,Person,James Clark,,,,,,,,0,2
6527,Person,Ming Su,,,,,,,,0,1
6528,Person,Vanessa Ramos,,,,,,,,0,11
6530,Person,Yang Zhong,,,,,, M.K. Ultra,,0,1
6531,Person,Guiying Cui,,,,,,,,0,2
6532,Person,Kana Ito,,,,,,,,0,2
6533,Person,Qiang Tao,,,,,,,,0,1
6534,Person,Tao Yao,,,,,,,,0,7
6536,Person,Xiulan Zhang,,,,,,,,0,2
6537,Person,Jie Fu,,,,,,,,0,1
6538,Person,Xiuying Qiao,,,,,,,,0,1
6539,Person,Juan Tan,,,,,,,,0,1
6542,Person,Klaus-Werner Löchel,,,,,,,,0,1
6544,Person,Min Ma,,,,,,,,0,1
6545,Person,Xiulan Feng,,,,,,,,0,1
6546,Person,Chao Yao,,,,,,,,0,1
6547,Person,Min Lei,,,,,,,,0,1
6549,Person,Jing Xia,,,,,,,,0,2
6550,Person,Li Huang,,,,,,,,0,1
6552,Person,Na Yan,,,,,,,,0,1
6553,Person,Na Xu,,,,,,,,0,2
6554,Person,Guiying Kang,,,,,,,,0,4
6555,Person,Jasmine Adams,,,,,,,,0,5
6557,Person,Wei Yao,,,,,,,,0,1
6558,Person,Lotte Arens,,,,,,,,0,2
6559,Person,Wei Shen,,,,,,,,0,1
6561,Person,Urban Budig,,,,,,,,0,1
6562,Person,Juri Textor,,,,,,,,0,1
6563,Person,Klaus-Günter Bender,,,,,,,,0,1
6565,Person,Yong Liao,,,,,,Mason King,,0,5
6566,Person,Lei Tan,,,,,,,,0,5
6567,Person,Jing Sun,,,,,,,,0,4
6568,Person,Qiang Gao,,,,,,,,0,5
6570,Person,Li Li,,,,,,,,0,1
6571,Person,Jie Tao,,,,,,,,0,1
6572,Person,Gang Dai,,,,,,,,0,3
6573,Person,Lei Sun,,,,,,,,0,1
6574,Person,Xia Tang,,,,,,,,0,1
6576,Person,Arsenio Saraceno-Mercati,,,,,,,,0,4
6578,Person,Xiuying Kong,,,,,,,,0,1
6579,Person,Lei Qian,,,,,,,,0,2
6580,Person,Jun Su,,,,,,,,0,1
6582,Person,Vicki Shepard,,,,,,Cobalt Sonnet,,0,1
6583,Person,Ernest Mills,,,,,,,,0,1
6584,Person,Yong Cao,,,,,,,,0,1
6585,Person,Xia Wan,,,,,,,,0,2
6586,Person,Qiang Bai,,,,,,,,0,1
6589,Person,Laura Badoglio,,,,,,,,0,1
6590,Person,Étienne Bruneau,,,,,,,,0,2
6593,Person,Lori Massey,,,,,,,,0,2
6595,Person,Carrie Morris,,,,,,Aether Sanctum,,0,1
6596,Person,Jodi Salazar,,,,,,,,0,2
6598,Person,Yan Liu,,,,,,,,0,1
6599,Person,Jun Du,,,,,,,,0,1
6600,Person,Tao Deng,,,,,,,,0,1
6601,Person,Jing Ren,,,,,,,,0,1
6602,Person,Qiang Wu,,,,,,,,0,1
6604,Person,Gang Qiu,,,,,,,,0,1
6605,Person,Jun Xie,,,,,,,,0,4
6607,Person,Juan Xia,,,,,,,,0,1
6608,Person,Jun Cai,,,,,,,,0,4
6609,Person,Jie Ren,,,,,,,,0,1
6610,Person,Li Zhong,,,,,,,,0,6
6612,Person,Kelli Turner,,,,,,,,0,1
6613,Person,Jennifer Diaz,,,,,,,,0,2
6614,Person,Latasha Chavez,,,,,,,,0,1
6615,Person,Courtney Phillips,,,,,,,,0,2
6618,Person,Lei Xiong,,,,,, A.D. Knight,,0,1
6619,Person,Li Fan,,,,,,,,0,1
6620,Person,Guiying Zeng,,,,,,,,0,4
6621,Person,Na Han,,,,,,,,0,2
6622,Person,Xia Zeng,,,,,,,,0,8
6623,Person,Billy Thompson,,,,,,,,0,2
6625,Person,Lei Wang,,,,,,,,0,2
6626,Person,Xia Cai,,,,,,,,0,3
6627,Person,Yong Yan,,,,,,,,0,2
6629,Person,Herr Hans Dieter Hentschel,,,,,,,,0,1
6630,Person,Friedl Bauer-Hövel,,,,,,,,0,1
6631,Person,Heiderose Putz,,,,,,,,0,1
6632,Person,Hertha Schinke,,,,,,,,0,1
6634,Person,Timothy Burke,,,,,,,,0,4
6636,Person,Juan Du,,,,,,,,0,2
6637,Person,Emily Drake,,,,,,,,0,1
6638,Person,Lei Feng,,,,,,,,0,2
6640,Person,Mandy Murphy,,,,,,,,0,2
6641,Person,Melissa Thomas,,,,,,,,0,3
6642,Person,Jason Singleton,,,,,,,,0,2
6646,Person,Tao Su,,,,,,,,0,1
6647,Person,Jun Jiang,,,,,,,,0,1
6648,Person,Min Shi,,,,,,,,0,1
6649,Person,Jie Cao,,,,,,,,0,1
6650,Person,Xia Li,,,,,,,,0,1
6652,Person,Min Su,,,,,,,,0,7
6653,Person,Na Dong,,,,,,,,0,3
6656,Person,Ronald Barnett,,,,,, $KY,,0,1
6657,Person,Kenneth Guerra,,,,,,,,0,1
6659,Person,Helen Simon,,,,,, The Shadow,,0,7
6660,Person,Adrian Miller,,,,,,,,0,1
6662,Person,Gang Yu,,,,,,,,0,1
6663,Person,Jun Zhao,,,,,,,,0,1
6664,Person,Jason Mckenzie,,,,,,,,0,2
6666,Person,Lei Yu,,,,,,,,0,1
6667,Person,Ming Zhu,,,,,,,,0,4
6668,Person,Li Shen,,,,,,,,0,5
6669,Person,Jie Zhang,,,,,,,,0,3
6670,Person,Jun Xiang,,,,,,,,0,1
6671,Person,Ping Sun,,,,,,,,0,2
6673,Person,Ping Lei,,,,,,,,0,2
6676,Person,Anthony Salas,,,,,,,,0,3
6677,Person,Nicole Williamson,,,,,,,,0,3
6678,Person,Katrina Guzman,,,,,,,,0,1
6681,Person,Mariola Häring,,,,,,,,0,2
6682,Person,Vicki Morgan,,,,,,,,0,3
6683,Person,Deborah White,,,,,,,,0,1
6686,Person,Tracey Jordan,,,,,,,,0,6
6689,Person,Susanna Raimondi,,,,,,,,0,2
6690,Person,Mercedes Torlonia,,,,,,,,0,1
6691,Person,Gionata Toldo,,,,,,,,0,1
6692,Person,Rodolfo Montecchi-Bonomo,,,,,,,,0,1
6694,Person,Phillip Hampton,,,,,,,,0,3
6695,Person,Donald Davis,,,,,,,,0,2
6696,Person,Emily Brooks,,,,,,,,0,2
6698,Person,Yong Lei,,,,,,,,0,1
6700,Person,Tara Ghose,,,,,,,,0,1
6701,Person,Tiya Desai,,,,,,,,0,2
6703,Person,Olivia Ortega Bermejo,,,,,,,,0,1
6704,Person,Atenulf Pigafetta,,,,,,,,0,1
6705,Person,Alina Ricciardi,,,,,,,,0,1
6706,Person,Cipriano Navone,,,,,,,,0,1
6707,Person,Mariana Galeati,,,,,,,,0,2
6708,Person,Calixta Moya Gómez,,,,,,,,0,1
6710,Person,Jun Feng,,,,,,,,0,1
6711,Person,Xia Li,,,,,,,,0,1
6712,Person,Li Jin,,,,,,,,0,1
6713,Person,Lei Fu,,,,,,,,0,2
6715,Person,Yan Luo,,,,,,,,0,1
6716,Person,Yong Cao,,,,,,,,0,1
6717,Person,William Chan,,,,,,,,0,1
6718,Person,Guiying Xu,,,,,,,,0,1
6719,Person,Fang Tang,,,,,,,,0,4
6722,Person,Jan Zadworny,,,,,,,,0,2
6723,Person,Julita Łuszczak,,,,,,,,0,1
6724,Person,Tadeusz Gemza,,,,,,,,0,1
6726,Person,Nicholas Chen,,,,,,,,0,2
6727,Person,Nichole Moore,,,,,,,,0,1
6728,Person,Alexander Rivera,,,,,,,,0,1
6730,Person,Michael Mann,,,,,, Theo Knight,,0,2
6731,Person,Misty Reyes,,,,,,,,0,2
6732,Person,Jonathan Lawson,,,,,,,,0,1
6733,Person,Robert Quinn,,,,,,,,0,1
6734,Person,Michael Flowers,,,,,,,,0,1
6737,Person,Linda Guzman,,,,,,BLVCK NIMBUS,,0,2
6738,Person,Christine Johnson,,,,,,,,0,1
6739,Person,Gang Xiang,,,,,,,,0,1
6740,Person,Heather Wallace,,,,,,,,0,1
6744,Person,Wei He,,,,,,,,0,1
6747,Person,Štěpánka Bártová,,,,,,,,0,1
6748,Person,Miloslava Nováková,,,,,,,,0,2
6749,Person,Lukáš Strnad,,,,,,,,0,1
6750,Person,Momoko Tanaka,,,,,,,,0,1
6753,Person,Antonietta Zamengo-Zanazzo,,,,,,,,0,1
6754,Person,Lauretta Tresoldi,,,,,,,,0,3
6755,Person,Patrizio Antonello-Salvemini,,,,,,,,0,1
6758,Person,Min Shao,,,,,,Radio Seraph,,0,2
6759,Person,Yong Lu,,,,,,,,0,1
6760,Person,Yang Tan,,,,,,,,0,3
6761,Person,Juan Guo,,,,,,,,0,3
6763,Person,Asta Reising,,,,,,,,0,1
6764,Person,Karin Metz,,,,,,,,0,1
6766,Person,Amy Riley,,,,,,,,0,2
6767,Person,Mary Johnson,,,,,,,,0,1
6768,Person,Vicenta Castañeda Arroyo,,,,,,,,0,2
6769,Person,Ricky Richards,,,,,,,,0,1
6771,Person,Qiang Liao,,,,,,,,0,1
6772,Person,Xiulan Cao,,,,,,,,0,1
6774,Person,Sara Jover Iglesias,,,,,, Queen IV,,0,1
6775,Person,Leocadia Falcón Diez,,,,,,,,0,1
6776,Person,Carlito Martí Jaume,,,,,,,,0,2
6779,Person,Chao Zhong,,,,,,,,0,9
6781,Person,Jun Yu,,,,,,,,0,1
6782,Person,Xiulan Tao,,,,,,,,0,2
6783,Person,Xia Zeng,,,,,,,,0,1
6784,Person,Guiying Deng,,,,,,,,0,2
6789,Person,Fang Hu,,,,,,,,0,1
6792,Person,Tao He,,,,,,,,0,1
6795,Person,Na Yi,,,,,,,,0,1
6799,Person,Dawn Martinez,,,,,,,,0,2
6800,Person,Gang Yu,,,,,,,,0,2
6801,Person,Ping Zhang,,,,,,,,0,1
6802,Person,Lei Tao,,,,,,,,0,1
6803,Person,Chao Tian,,,,,,,,0,1
6806,Person,Ming He,,,,,,,,0,1
6807,Person,Min Shao,,,,,,,,0,3
6808,Person,Jie Zhu,,,,,,,,0,5
6810,Person,Kimberly Rodriguez,,,,,,Celestia,,0,2
6811,Person,Stephanie Potter,,,,,,,,0,2
6813,Person,Yang Bai,,,,,,,,0,1
6814,Person,Na Dong,,,,,,,,0,2
6815,Person,Jing Du,,,,,,,,0,1
6816,Person,William Donovan,,,,,,,,0,2
6817,Person,Tao Lin,,,,,,,,0,2
6819,Person,Na Qian,,,,,,,,0,1
6821,Person,Debra Avery,,,,,,,,0,2
6822,Person,Chao Lin,,,,,,,,0,1
6823,Person,Xia Zhang,,,,,,,,0,1
6824,Person,Guiying Qin,,,,,,,,0,2
6825,Person,Jie Jia,,,,,,,,0,2
6828,Person,Li Qian,,,,,,,,0,1
6829,Person,Lei Tang,,,,,,,,0,1
6831,Person,James Gibbs,,,,,,,,0,1
6834,Person,Ping Sun,,,,,,,,0,1
6835,Person,Tao Sun,,,,,,,,0,1
6836,Person,Stacey Martin,,,,,,,,0,1
6838,Person,Marcel Kutek,,,,,,,,0,2
6840,Person,Fang Dai,,,,,,,,0,3
6841,Person,Jing Yao,,,,,,,,0,1
6842,Person,Wei Zhang,,,,,,,,0,2
6843,Person,Marc Raymond,,,,,,,,0,3
6845,Person,Guiying Zeng,,,,,,,,0,1
6846,Person,Qiang Dai,,,,,,,,0,2
6847,Person,Na Li,,,,,,,,0,1
6849,Person,Yang Zheng,,,,,,,,0,2
6850,Person,Min Xiang,,,,,,,,0,2
6852,Person,Qiang Pan,,,,,,,,0,2
6853,Person,Xiulan Cao,,,,,,,,0,2
6855,Person,Renee Walker,,,,,,Valence,,0,2
6856,Person,Sheila Flores,,,,,,,,0,1
6857,Person,Monica Ramirez,,,,,,,,0,1
6858,Person,Larry Miller,,,,,,,,0,2
6861,Person,Tao Wu,,,,,,,,0,2
6862,Person,Xia Qiu,,,,,,,,0,3
6863,Person,Jing Jia,,,,,,,,0,1
6866,Person,Kimberly Roberts,,,,,,,,0,3
6867,Person,Cheryl Wiley,,,,,,,,0,1
6870,Person,Gilles Raymond,,,,,,,,0,2
6871,Person,Carrie Cobb,,,,,,,,0,1
6874,Person,Chao Chang,,,,,,,,0,2
6876,Person,Na Tan,,,,,,,,0,1
6877,Person,Min Lei,,,,,,,,0,1
6878,Person,Ming Hu,,,,,,,,0,1
6879,Person,Li Du,,,,,,,,0,1
6880,Person,Juan Wu,,,,,,,,0,1
6882,Person,Bobby Ruiz,,,,,,,,0,1
6883,Person,Samantha Walters,,,,,,,,0,2
6884,Person,Ryan Bailey,,,,,,,,0,1
6886,Person,Gang Tang,,,,,,,,0,2
6887,Person,Casey Price,,,,,,,,0,1
6888,Person,Yong Kong,,,,,,,,0,1
6889,Person,Xia Cui,,,,,,,,0,4
6890,Person,Nicole Scott,,,,,,,,0,4
6891,Person,Xia Zhou,,,,,,,,0,5
6892,Person,Yan Dong,,,,,,,,0,2
6894,Person,Leon Hrabia,,,,,,,,0,1
6895,Person,Roksana Wlaźlak,,,,,,,,0,1
6897,Person,Crystal Sanders,,,,,,,,0,3
6898,Person,Ronald Marshall,,,,,,,,0,1
6900,Person,Jie Du,,,,,,,,0,2
6902,Person,Jeremy Park,,,,,,,,0,2
6903,Person,April Schmidt,,,,,,,,0,1
6904,Person,William Keller,,,,,,,,0,1
6905,Person,Ping Shen,,,,,,,,0,4
6906,Person,Susan Anderson,,,,,,,,0,5
6907,Person,Jie Shao,,,,,,,,0,3
6910,Person,Krish Thaker,,,,,,,,0,1
6911,Person,Farhan Bansal,,,,,,,,0,1
6913,Person,Qiang Bai,,,,,,,,0,2
6914,Person,Xia Ren,,,,,,,,0,3
6916,Person,Lei Shao,,,,,,,,0,1
6917,Person,Guiying Lin,,,,,,,,0,1
6918,Person,Jun Meng,,,,,,,,0,2
6919,Person,Ping Xiao,,,,,,,,0,2
6921,Person,Corinna Schweitzer,,,,,, Sterling,,0,1
6922,Person,Eveline Gotthard,,,,,,,,0,1
6923,Person,Hermann Josef Matthäi,,,,,,,,0,1
6924,Person,Kati Sauer-Rudolph,,,,,,,,0,1
6925,Person,Katherine Olson,,,,,,,,0,1
6926,Person,Melanie Armstrong,,,,,,,,0,1
6927,Person,Hans-Karl Schottin,,,,,,,,0,1
6929,Person,Amanda Hardy,,,,,,,,0,1
6930,Person,Marilyn Douglas,,,,,,,,0,1
6931,Person,Amanda Baker,,,,,,,,0,1
6932,Person,Thilo Schmiedt,,,,,,,,0,1
6933,Person,Matthew Brown,,,,,,,,0,1
6936,Person,Yang Ding,,,,,,,,0,1
6937,Person,Yang Duan,,,,,,,,0,1
6938,Person,Yong Yin,,,,,,,,0,2
6939,Person,Jie Jiang,,,,,,,,0,10
6942,Person,Eric Bartlett,,,,,,,,0,1
6943,Person,Min Yan,,,,,,,,0,1
6944,Person,Gang Zhu,,,,,,,,0,1
6945,Person,Ming Yu,,,,,,,,0,1
6947,Person,Lisa Thornton,,,,,,,,0,2
6948,Person,Lori Hall,,,,,,,,0,8
6950,Person,Gang Qin,,,,,,,,0,6
6951,Person,Peter Vega,,,,,,,,0,1
6952,Person,Ping He,,,,,,,,0,6
6953,Person,Pamela Miller,,,,,,,,0,1
6955,Person,Anka Spieß,,,,,,,,0,1
6956,Person,Chao Xu,,,,,,,,0,2
6957,Person,Ming Dong,,,,,,,,0,1
6958,Person,Lei Hu,,,,,,,,0,1
6959,Person,Xiulan Huang,,,,,,,,0,2
6961,Person,Jun Luo,,,,,,,,0,2
6962,Person,Wei Dai,,,,,,,,0,2
6963,Person,Qiang Ye,,,,,,,,0,2
6964,Person,Li Tian,,,,,,,,0,1
6965,Person,Steven Green,,,,,,,,0,2
6966,Person,Qiang Qiao,,,,,,,,0,1
6969,Person,Guiying Xia,,,,,,,,0,2
6970,Person,Li Kang,,,,,,,,0,2
6971,Person,Xiuying Ren,,,,,,,,0,1
6972,Person,Eric Morrison,,,,,,,,0,1
6973,Person,Jie Qin,,,,,,,,0,2
6974,Person,Li Wen,,,,,,,,0,4
6975,Person,Chao Yao,,,,,,,,0,1
6978,Person,Janina Worach,,,,,,,,0,2
6980,Person,Guiying Shao,,,,,,,,0,1
6981,Person,Xia Zou,,,,,,,,0,1
6982,Person,Xia Long,,,,,,,,0,2
6985,Person,Joseph Moore,,,,,,,,0,1
6986,Person,John Harris,,,,,,,,0,1
6987,Person,Tim Morgan,,,,,,,,0,1
6988,Person,Michael Tapia,,,,,,,,0,1
6991,Person,Julie Mcgrath,,,,,,,,0,2
6992,Person,Lei Bai,,,,,,,,0,1
6993,Person,Brian Ramos,,,,,,,,0,1
6995,Person,Lei Tan,,,,,,,,0,1
6996,Person,Min He,,,,,,,,0,1
6997,Person,Li Qiu,,,,,,,,0,1
6998,Person,Wei Ma,,,,,,,,0,2
6999,Person,Ping Yan,,,,,,,,0,1
7000,Person,Gang Tao,,,,,,,,0,1
7002,Person,Gang Tan,,,,,,,,0,4
7003,Person,Jun Peng,,,,,,,,0,1
7004,Person,Yang Xiao,,,,,,,,0,2
7007,Person,David Gibson,,,,,,,,0,2
7008,Person,Sandra Smith,,,,,,,,0,2
7009,Person,Robert Gonzales,,,,,,,,0,1
7011,Person,Yan Wu,,,,,,,,0,3
7013,Person,Kari Barnes,,,,,,,,0,1
7015,Person,Marina Trapani,,,,,,,,0,1
7016,Person,Damiano Gelli-Verga,,,,,,,,0,1
7017,Person,Flora Casaleggio-Endrizzi,,,,,,,,0,1
7018,Person,Marcella Belletini,,,,,,,,0,1
7020,Person,Xia Kang,,,,,,,,0,1
7021,Person,Ming Yao,,,,,,,,0,1
7022,Person,Christopher Lowery,,,,,,,,0,1
7023,Person,Tami Cox,,,,,,,,0,1
7024,Person,Xia Xia,,,,,,,,0,1
7025,Person,Na Cai,,,,,,,,0,1
7027,Person,Sheryl Roman,,,,,,,,0,1
7028,Person,John Graves,,,,,,,,0,1
7029,Person,Jason Aguirre,,,,,,,,0,1
7030,Person,Matthew Lane,,,,,,,,0,1
7035,Person,Matthew Carter,,,,,, The Saint,,0,3
7037,Person,Geneviève Duhamel,,,,,,,,0,2
7038,Person,Magnus Geisler,,,,,,,,0,1
7039,Person,Johan Hermann,,,,,,,,0,1
7040,Person,Michel Dippel,,,,,,,,0,1
7042,Person,John Taylor,,,,,,The Ghost Circuit,,0,1
7043,Person,John Garcia,,,,,,,,0,4
7044,Person,Matthew Cowan,,,,,,,,0,4
7046,Person,Xiuying Bai,,,,,,,,0,1
7047,Person,Yong Su,,,,,,,,0,1
7048,Person,Lei Tian,,,,,,,,0,1
7049,Person,Chao Wu,,,,,,,,0,1
7050,Person,Yong Hou,,,,,,,,0,1
7051,Person,Xia Yang,,,,,,,,0,1
7053,Person,Carol Reid,,,,,,,,0,3
7055,Person,Lei Duan,,,,,,,,0,5
7057,Person,Min Xie,,,,,, J.R. Vale,,0,2
7058,Person,Fang Gu,,,,,,,,0,1
7059,Person,Qiang Shao,,,,,,,,0,1
7060,Person,Min Fu,,,,,,,,0,1
7061,Person,Yang Lu,,,,,,,,0,1
7062,Person,Tracy Warren,,,,,,,,0,2
7064,Person,Cynthia Johns,,,,,,,,0,1
7065,Person,Christopher Gutierrez,,,,,,,,0,1
7066,Person,Holly Stephens,,,,,,,,0,2
7067,Person,Barbara Fox,,,,,,,,0,1
7069,Person,Chao Zhu,,,,,,,,0,2
7070,Person,Chao Bai,,,,,,,,0,1
7071,Person,Juan Sun,,,,,,,,0,1
7072,Person,Xia Qin,,,,,,,,0,3
7073,Person,Yang Guo,,,,,,,,0,3
7075,Person,Fang Hou,,,,,,,,0,3
7076,Person,Benjamin Mercer,,,,,,,,0,2
7078,Person,Ping Xu,,,,,,,,0,2
7079,Person,Jing Huang,,,,,,,,0,1
7081,Person,Na Yuan,,,,,,SAVVY G,,0,1
7082,Person,Jing Fang,,,,,,,,0,1
7083,Person,Lei Deng,,,,,,,,0,1
7084,Person,Yan Deng,,,,,,,,0,3
7085,Person,Wendy Brown,,,,,,,,0,4
7087,Person,Yong Fu,,,,,,,,0,1
7088,Person,Jie Yi,,,,,,,,0,1
7090,Person,Yan Yang,,,,,,,,0,2
7091,Person,Jie Zhang,,,,,,,,0,1
7093,Person,Juan Ma,,,,,,,,0,1
7094,Person,Li Xue,,,,,,,,0,1
7095,Person,Yan Qiao,,,,,,,,0,2
7096,Person,Xia Xue,,,,,,,,0,1
7098,Person,Yang Zeng,,,,,,,,0,2
7102,Person,Mannat Edwin,,,,,,,,0,1
7103,Person,Mahika Basu,,,,,,,,0,1
7104,Person,Manjari Bobal,,,,,,,,0,1
7105,Person,Nakul Gole,,,,,,,,0,2
7108,Person,Wei Wang,,,,,,,,0,1
7109,Person,Qiang Gu,,,,,,,,0,1
7110,Person,Lei Qiu,,,,,,,,0,1
7111,Person,Yang Wen,,,,,,,,0,1
7112,Person,Ping Dong,,,,,,,,0,1
7115,Person,Ming Luo,,,,,,Z-LO THE MYST,,0,3
7117,Person,Ming Huang,,,,,,,,0,2
7119,Person,Yan Yu,,,,,, Sasha James,,0,1
7120,Person,Xiulan Ren,,,,,,,,0,1
7121,Person,Lei Xue,,,,,,,,0,4
7122,Person,Yong Ye,,,,,,,,0,1
7124,Person,Jeffrey Knight,,,,,,,,0,2
7125,Person,Yang Cheng,,,,,,,,0,2
7126,Person,Qiang Yang,,,,,,,,0,1
7127,Person,Katie Fleming,,,,,,,,0,1
7130,Person,Lei Ma,,,,,,,,0,1
7131,Person,Xia Dong,,,,,,,,0,1
7132,Person,Xia Ye,,,,,,,,0,2
7134,Person,Tao Yin,,,,,,,,0,2
7135,Person,Wei Liang,,,,,,,,0,1
7136,Person,Wei Liu,,,,,,,,0,3
7139,Person,Maura Jovinelli,,,,,,,,0,6
7141,Person,Fang Cheng,,,,,,Quantum Waltz,,0,1
7142,Person,Ping He,,,,,,,,0,3
7143,Person,Ming Xiang,,,,,,,,0,5
7144,Person,Tao Zhang,,,,,,,,0,2
7145,Person,Chao Dai,,,,,,,,0,3
7146,Person,Ming Sun,,,,,,,,0,2
7148,Person,Gang Xiong,,,,,,,,0,2
7149,Person,Li Huang,,,,,,,,0,1
7150,Person,Qiang Luo,,,,,,,,0,2
7151,Person,Yong Ye,,,,,,,,0,1
7154,Person,Gregg Fuentes,,,,,,,,0,5
7155,Person,Jacqueline Fields,,,,,,,,0,4
7156,Person,Michaela Kelley,,,,,,,,0,7
7158,Person,Bartek Krzysiek,,,,,,,,0,1
7159,Person,Michael Hart,,,,,,,,0,1
7160,Person,Franck Gillet,,,,,,,,0,1
7162,Person,Lei Zou,,,,,,,,0,1
7163,Person,Li Yi,,,,,,,,0,1
7164,Person,Tao Zheng,,,,,,,,0,2
7167,Person,Chao Gao,,,,,,,,0,1
7168,Person,Guiying Xu,,,,,,,,0,1
7171,Person,Jennifer Curtis,,,,,,,,0,1
7172,Person,Elizabeth Adams,,,,,,,,0,1
7173,Person,Marc Ward,,,,,,,,0,1
7174,Person,Melissa Merritt,,,,,,,,0,1
7175,Person,Kim Washington,,,,,,,,0,1
7178,Person,Na Kong,,,,,,,,0,1
7179,Person,Tina Raymond,,,,,,,,0,4
7181,Person,Min Song,,,,,,,,0,2
7182,Person,Yong Xia,,,,,,,,0,1
7185,Person,Wigbert Scholl,,,,,,,,0,1
7186,Person,Stefan Zirme,,,,,,,,0,2
7187,Person,Alfred Tschentscher,,,,,,,,0,1
7191,Person,Jennifer Adams,,,,,,,,0,1
7192,Person,Li Yin,,,,,,,,0,2
7193,Person,Wei Cai,,,,,,,,0,1
7196,Person,Kumiko Sato,,,,,,,,0,1
7198,Person,Jing Hou,,,,,,Vortex Cantata,,0,1
7199,Person,Min Xiong,,,,,,,,0,2
7200,Person,Gregory Wright,,,,,,,,0,1
7201,Person,Xia Zeng,,,,,,,,0,1
7202,Person,Wei Tao,,,,,,,,0,1
7203,Person,Ming Su,,,,,,,,0,1
7205,Person,Howard Taylor,,,,,,,,0,1
7206,Person,Kristin Shepard,,,,,,,,0,2
7207,Person,Heather Hardy,,,,,,,,0,1
7210,Person,James Odom,,,,,,,,0,1
7211,Person,Kelly Barrett,,,,,,,,0,1
7212,Person,William Kennedy,,,,,,,,0,2
7214,Person,Fang Cui,,,,,,,,0,4
7215,Person,Jing Mao,,,,,,,,0,5
7216,Person,Lei Qiu,,,,,,,,0,4
7217,Person,Min Kong,,,,,,,,0,4
7218,Person,Li Song,,,,,,,,0,5
7219,Person,Hannah Richards,,,,,,,,0,1
7220,Person,Li Sun,,,,,,,,0,2
7223,Person,Robert Norris,,,,,,,,0,4
7225,Person,Ming Chen,,,,,,,,0,1
7227,Person,Patrick Lewis,,,,,,,,0,1
7228,Person,Andrew Morrison,,,,,,,,0,2
7229,Person,Brian Jones,,,,,,,,0,1
7230,Person,James Martinez,,,,,,,,0,2
7231,Person,Jessica Baxter,,,,,,,,0,2
7232,Person,Hannah Elliott,,,,,,,,0,2
7233,Person,Kenneth Crosby,,,,,,,,0,4
7236,Person,Jun Yuan,,,,,,,,0,2
7237,Person,Li Ding,,,,,,,,0,1
7238,Person,Qiang Du,,,,,,,,0,1
7239,Person,Wei Bai,,,,,,,,0,1
7240,Person,Yan Zhou,,,,,,,,0,5
7242,Person,Ahana  Sarin,,,,,,,,0,2
7243,Person,Ritvik Taneja,,,,,,,,0,1
7245,Person,Na Cui,,,,,,,,0,1
7246,Person,Kimberly Stanton,,,,,,,,0,3
7247,Person,Kelly Munoz,,,,,,,,0,2
7248,Person,Guiying Lei,,,,,,,,0,1
7251,Person,Hartmut Ruppert,,,,,,,,0,1
7252,Person,Zachary Harris,,,,,,,,0,8
7255,Person,Patricia Myers,,,,,,,,0,2
7256,Person,Yan Wang,,,,,,,,0,3
7257,Person,Gang Qin,,,,,,,,0,3
7258,Person,Ann Nielsen,,,,,,,,0,2
7259,Person,Qiang Qiao,,,,,,,,0,2
7260,Person,Min Wu,,,,,,,,0,4
7262,Person,Xia Lin,,,,,, Knight IX,,0,12
7264,Person,Osamu Goto,,,,,,,,0,1
7265,Person,Rika Yamamoto,,,,,,,,0,2
7267,Person,Yan Su,,,,,,,,0,1
7268,Person,Yang Chang,,,,,,,,0,1
7269,Person,Cheryl Brown,,,,,,,,0,2
7270,Person,Chao Peng,,,,,,,,0,1
7272,Person,Yan Tian,,,,,,,,0,1
7274,Person,Fang Gao,,,,,,,,0,1
7275,Person,Whitney Schmidt,,,,,,,,0,2
7276,Person,Tammy Howell,,,,,,,,0,2
7277,Person,Ping Xu,,,,,,,,0,1
7279,Person,Keith Larsen,,,,,,,,0,7
7282,Person,Zeeshan Kuruvilla,,,,,,,,0,2
7283,Person,Manikya Badal,,,,,,,,0,1
7284,Person,Ela Dara,,,,,,,,0,1
7285,Person,Daniel Harrington,,,,,,,,0,2
7287,Person,Dana Perkins,,,,,,,,0,1
7288,Person,Christopher Young,,,,,,,,0,1
7289,Person,Deborah Aguilar,,,,,,,,0,1
7290,Person,Christopher Wood,,,,,,,,0,1
7292,Person,Jing Liao,,,,,,,,0,2
7293,Person,Min Wan,,,,,,,,0,1
7294,Person,Guiying Qiao,,,,,,,,0,1
7297,Person,Holger Hiller,,,,,,,,0,3
7298,Person,Guido Dobes,,,,,,,,0,2
7300,Person,Kayla Jenkins,,,,,,,,0,1
7301,Person,Michael Moore,,,,,,,,0,5
7302,Person,David Orr,,,,,,,,0,1
7303,Person,Joseph Jones,,,,,,,,0,1
7305,Person,April Welch,,,,,,,,0,1
7306,Person,Vidur D’Alia,,,,,,,,0,4
7307,Person,Raghav Chawla,,,,,,,,0,2
7308,Person,Ranbir Sangha,,,,,,,,0,2
7309,Person,Aarav Chana,,,,,,,,0,2
7312,Person,Nikol Hrubá,,,,,,,,0,1
7314,Person,Jacob Ramirez,,,,,,,,0,1
7315,Person,Margaret Vargas,,,,,,,,0,1
7316,Person,Terri Johnson,,,,,,,,0,2
7317,Person,Chris Ward,,,,,,,,0,1
7318,Person,Gemma Gentilini,,,,,,,,0,1
7321,Person,Divit Khanna,,,,,,,,0,2
7322,Person,Nehmat Chaudhary,,,,,,,,0,1
7323,Person,Dishani Goswami,,,,,,,,0,1
7327,Person,Lei Zhang,,,,,,,,0,1
7328,Person,Xia Pan,,,,,,,,0,2
7329,Person,Na Cui,,,,,,,,0,1
7331,Person,Segismundo Hoyos Múgica,,,,,,,,0,1
7332,Person,Nacio Joel Corral Domingo,,,,,,,,0,1
7333,Person,Alejandro Montenegro-Palomino,,,,,,,,0,2
7334,Person,Alonso del Benítez,,,,,,,,0,1
7337,Person,Jun Ye,,,,,,,,0,1
7338,Person,Chao Li,,,,,,,,0,3
7339,Person,Yang Wu,,,,,,,,0,1
7340,Person,Tao Pan,,,,,,,,0,1
7342,Person,Juan Li,,,,,,,,0,2
7343,Person,Wei Tian,,,,,,,,0,4
7346,Person,James Hart,,,,,,,,0,1
7347,Person,Madhup Ganesh,,,,,,,,0,1
7348,Person,Taimur Iyer,,,,,,,,0,1
7349,Person,Diya Goyal,,,,,,,,0,1
7352,Person,Wei Gu,,,,,,,,0,1
7353,Person,Juan Ye,,,,,,,,0,2
7355,Person,Jessica Moreno,,,,,,,,0,1
7356,Person,Justin Williams,,,,,,,,0,1
7357,Person,Ian Dawson,,,,,,,,0,1
7358,Person,Seve Francisco,,,,,,,,0,1
7359,Person,Abril Serna,,,,,,,,0,2
7362,Person,Takuma Shimizu,,,,,,,,0,1
7363,Person,Michael Smith,,,,,,,,0,1
7364,Person,Mikako Saito,,,,,,,,0,1
7367,Person,Anay Behl,,,,,,,,0,1
7368,Person,Zara Dugar,,,,,,,,0,2
7369,Person,Shamik Jhaveri,,,,,,,,0,1
7372,Person,Jenna Casey,,,,,, FR3$H,,0,2
7373,Person,Pamela Schultz,,,,,,,,0,1
7375,Person,Maria Morris,,,,,,,,0,1
7376,Person,Sharon Crawford,,,,,,,,0,1
7377,Person,Michelle Anderson,,,,,,,,0,1
7378,Person,Dylan Williams,,,,,,,,0,1
7379,Person,Antonio Allen,,,,,,,,0,1
7382,Person,Luciano Calzada Arcos,,,,,,,,0,1
7383,Person,Jivika Keer,,,,,,,,0,1
7384,Person,Rafael Hoz Pizarro,,,,,,,,0,2
7385,Person,Gina Miller,,,,,,,,0,1
7387,Person,Regina Bruce,,,,,,,,0,4
7388,Person,Amber Huff,,,,,,,,0,3
7390,Person,Ashley Cabrera,,,,,,,,0,3
7391,Person,Juan Shelton,,,,,,,,0,1
7392,Person,Paige Adams,,,,,,,,0,5
7393,Person,Bonnie Roberts,,,,,,,,0,1
7396,Person,Chad Green,,,,,,,,0,1
7397,Person,Jing Liao,,,,,,,,0,4
7398,Person,Charles Vazquez,,,,,,,,0,7
7400,Person,Chao Chang,,,,,,,,0,1
7401,Person,Juan Fu,,,,,,,,0,2
7404,Person,Wei Yao,,,,,,,,0,2
7405,Person,Xia Zhang,,,,,,,,0,1
7407,Person,Deborah Young,,,,,,,,0,2
7409,Person,Yang Yan,,,,,,,,0,1
7410,Person,Xiulan Duan,,,,,,,,0,1
7411,Person,Min Jin,,,,,,,,0,2
7412,Person,Xiuying Luo,,,,,,,,0,1
7413,Person,Guiying Yu,,,,,,,,0,1
7415,Person,Ping He,,,,,,,,0,3
7416,Person,Stephanie Horton,,,,,,,,0,3
7418,Person,Nicolas Marsh,,,,,,,,0,2
7419,Person,Steven Medina,,,,,,,,0,1
7420,Person,Shannon Oneill,,,,,,,,0,1
7421,Person,Timothy Lewis,,,,,,,,0,3
7426,Person,Lei Bai,,,,,,,,0,1
7427,Person,Chao Yuan,,,,,,,,0,2
7428,Person,Kyle Myers,,,,,,,,0,1
7429,Person,Na Dai,,,,,,,,0,1
7430,Person,Tao Hou,,,,,,,,0,2
7432,Person,Mikayla Cook,,,,,,,,0,4
7433,Person,Nathaniel Fisher,,,,,,,,0,2
7436,Person,Juan Shen,,,,,,,,0,1
7437,Person,Xiulan Gong,,,,,,,,0,2
7438,Person,Min Yang,,,,,,,,0,1
7439,Person,Yan Su,,,,,,,,0,1
7440,Person,Juan Xiang,,,,,,,,0,1
7442,Person,Yan Liu,,,,,,,,0,2
7443,Person,Wei Gu,,,,,,,,0,1
7444,Person,Lei Shi,,,,,,,,0,1
7445,Person,Xiuying Guo,,,,,,,,0,1
7446,Person,Jing Guo,,,,,,,,0,1
7449,Person,Konrad Koźlak,,,,,,,,0,2
7451,Person,Angela Porter,,,,,,,,0,1
7453,Person,Jing Guo,,,,,,,,0,3
7455,Person,Kyle Johnson,,,,,,,,0,1
7456,Person,Michael Wise,,,,,,,,0,2
7458,Person,Doris Hatfield,,,,,,,,0,1
7459,Person,Sherry Mcdaniel,,,,,,,,0,1
7460,Person,Carolyn Morgan,,,,,,,,0,2
7462,Person,Colette-Jeannine Lemaître,,,,,,,,0,4
7463,Person,Simone Parent,,,,,,,,0,5
7464,Person,Raymond Chartier,,,,,,,,0,4
7467,Person,Xiulan Zou,,,,,,,,0,2
7468,Person,Yan Yuan,,,,,,,,0,1
7470,Person,Douglas Stout,,,,,,,,0,1
7471,Person,Lisa Lopez,,,,,,,,0,2
7475,Person,Naoko Suzuki,,,,,,,,0,1
7476,Person,Ryosuke Nakamura,,,,,,,,0,1
7477,Person,Shohei Yamashita,,,,,,,,0,2
7480,Person,Wei Yuan,,,,,,,,0,2
7481,Person,Xiuying Dong,,,,,,,,0,1
7483,Person,Renee Lynch,,,,,,,,0,3
7485,Person,Jun Chen,,,,,,,,0,1
7486,Person,Min Xie,,,,,,,,0,2
7487,Person,Ming Xu,,,,,,,,0,1
7489,Person,Torquato Fantini,,,,,,,,0,2
7490,Person,Domenico Gasperi,,,,,,,,0,4
7491,Person,Franco Angeli,,,,,,,,0,3
7493,Person,Tao Bai,,,,,,,,0,2
7494,Person,Gang Xie,,,,,,,,0,1
7496,Person,Robert Shaw,,,,,,,,0,1
7497,Person,Michael Mitchell,,,,,,,,0,1
7498,Person,Nicole Jackson,,,,,,,,0,2
7499,Person,Lei Xiao,,,,,,,,0,1
7500,Person,Ming Yuan,,,,,,,,0,1
7501,Person,Jack Hawkins,,,,,,,,0,2
7503,Person,Laura Beck,,,,,,,,0,3
7504,Person,Ryan Lin,,,,,,,,0,2
7505,Person,Nicole Cook,,,,,,,,0,2
7506,Person,Michael Pratt,,,,,,,,0,2
7507,Person,Michelle Stafford,,,,,,,,0,3
7508,Person,Brian Contreras,,,,,,,,0,3
7509,Person,Shelly Kelly,,,,,,,,0,2
7512,Person,Matthew Good,,,,,,,,0,2
7513,Person,Matthew Griffin,,,,,,,,0,6
7514,Person,Katie Hartman,,,,,,,,0,1
7515,Person,Samantha Herring,,,,,,,,0,4
7516,Person,Laura Turner,,,,,,,,0,10
7518,Person,Curtis Underwood,,,,,, Ava Rain,,0,1
7519,Person,Siegmund Winkler,,,,,,,,0,1
7521,Person,Juan Gu,,,,,,,,0,1
7522,Person,Ping Lu,,,,,,,,0,1
7523,Person,Jun Gao,,,,,,,,0,1
7524,Person,Yang Deng,,,,,,,,0,1
7526,Person,Daniel Oneill,,,,,,,,0,1
7527,Person,Susan Randall,,,,,,,,0,1
7528,Person,Christine Jones,,,,,,,,0,2
7529,Person,Deborah Norton,,,,,,,,0,1
7532,Person,Leif Bolzmann,,,,,,,,0,3
7533,Person,Marija Lehmann,,,,,,,,0,3
7535,Person,Yang Chang,,,,,,,,0,2
7536,Person,Jun Ding,,,,,,,,0,1
7537,Person,Jing Pan,,,,,,,,0,1
7538,Person,Na Liang,,,,,,,,0,2
7539,Person,Diane Dunn,,,,,,,,0,1
7541,Person,Jeffrey Garrett,,,,,,,,0,1
7542,Person,Li Liao,,,,,,,,0,2
7544,Person,Jason Mayer,,,,,,GHOSTHUNNIT,,0,1
7545,Person,John Hopkins,,,,,,,,0,2
7546,Person,Joseph Navarro,,,,,,,,0,2
7547,Person,Morgan Rodriguez,,,,,,,,0,1
7548,Person,Ryan Roberts,,,,,,,,0,2
7549,Person,Jacqueline Obrien,,,,,,,,0,1
7550,Person,Carl Rodriguez,,,,,,,,0,1
7552,Person,Elizabeth Willis,,,,,,Lizzy West,,0,4
7553,Person,Anay Dey,,,,,,,,0,1
7556,Person,Benjamin Brown,,,,,,,,0,2
7557,Person,Miranda Gonzales,,,,,,,,0,1
7558,Person,Melissa Dennis,,,,,,,,0,1
7559,Person,Sylvia Thompson,,,,,,,,0,1
7560,Person,Keith Clark,,,,,,,,0,2
7561,Person,Jennifer Brown,,,,,,,,0,1
7562,Person,Carlos Brown,,,,,,,,0,1
7564,Person,Ryan Cohen,,,,,,JUXX 100,,0,6
7565,Person,Arne Baum,,,,,,,,0,3
7569,Person,Raissa Anders,,,,,,,,0,6
7570,Person,Jacob Boyd,,,,,,,,0,4
7573,Person,Margaud Morel,,,,,,,,0,2
7576,Person,Isabella Johnson,,,,,, Bella Nova,,0,1
7577,Person,Qiang Mo,,,,,,,,0,1
7578,Person,Lei Fang,,,,,,,,0,1
7579,Person,Darren Pineda,,,,,,,,0,1
7582,Person,Alessandro Zito,,,,,,,,0,2
7583,Person,Goffredo Cheda,,,,,,,,0,1
7585,Person,Tao Cui,,,,,,,,0,1
7586,Person,Gang Mao,,,,,,,,0,1
7587,Person,Xia Qiao,,,,,,,,0,1
7588,Person,Guiying Ma,,,,,,,,0,1
7591,Person,Guiying Dong,,,,,,,,0,1
7592,Person,Jing Tang,,,,,,,,0,2
7593,Person,Lei Huang,,,,,,,,0,1
7595,Person,Lisa Baker,,,,,,,,0,1
7596,Person,Brian Vincent,,,,,,,,0,2
7597,Person,Alexandra Scott,,,,,,,,0,1
7598,Person,Kathleen Valentine,,,,,,,,0,1
7601,Person,Bryan Hale,,,,,,,,0,1
7602,Person,Jonathan Jones Jr.,,,,,,,,0,1
7603,Person,Frank Johnson,,,,,,,,0,3
7605,Person,Min Hao,,,,,,,,0,2
7606,Person,Chao Xiao,,,,,,,,0,2
7608,Person,Fang Ye,,,,,,,,0,1
7609,Person,Yong Yan,,,,,,,,0,2
7610,Person,Min Jin,,,,,,,,0,1
7612,Person,Jennifer Garcia,,,,,,,,0,1
7613,Person,Xiulan Zeng,,,,,,,,0,2
7614,Person,Cynthia Jones,,,,,,,,0,1
7616,Person,Wieslaw Wulf,,,,,,,,0,4
7617,Person,Paula Bonbach,,,,,,,,0,4
7619,Person,Xiuying Ye,,,,,,,,0,2
7620,Person,Jing Yi,,,,,,,,0,1
7621,Person,Yan Fang,,,,,,,,0,2
7622,Person,Yong Zhu,,,,,,,,0,2
7623,Person,Maria Black,,,,,,,,0,4
7625,Person,Li Ding,,,,,,,,0,1
7626,Person,Yan Yan,,,,,,,,0,2
7627,Person,Xiuying Gu,,,,,,,,0,2
7628,Person,Lei Yu,,,,,,,,0,1
7629,Person,Li Zou,,,,,,,,0,1
7631,Person,Marianna Polasik,,,,,,,,0,2
7633,Person,Lei Yuan,,,,,,,,0,1
7634,Person,Tao Kong,,,,,,,,0,1
7635,Person,Michelle Garrett,,,,,,,,0,1
7636,Person,Sara Shannon,,,,,,,,0,2
7637,Person,Gang Chen,,,,,,,,0,1
7638,Person,Gang Han,,,,,,,,0,1
7639,Person,Monica Hale,,,,,,,,0,1
7641,Person,Robert Lopez,,,,,,,,0,2
7642,Person,Tao Tang,,,,,,,,0,1
7643,Person,Matthew Gibson,,,,,,,,0,1
7644,Person,Tao Bai,,,,,,,,0,1
7645,Person,Lei Cui,,,,,,,,0,1
7647,Person,Rebecca Schultz,,,,,,Zephyr Saint,,0,1
7648,Person,Yan Zhou,,,,,,,,0,2
7649,Person,Juan Duan,,,,,,,,0,1
7650,Person,Qiang Xu,,,,,,,,0,1
7653,Person,Justin Powers,,,,,,,,0,1
7654,Person,Janice Poole,,,,,,,,0,2
7655,Person,Christopher Miller,,,,,,,,0,1
7656,Person,Sylvia Lawrence,,,,,,,,0,1
7659,Person,Morgan Shelton,,,,,,,,0,1
7660,Person,Ryan Morales,,,,,,,,0,1
7661,Person,Kristina Boyer,,,,,,,,0,1
7664,Person,Jenny Rodriguez,,,,,,JAXXON X,,0,1
7665,Person,Victor Spencer,,,,,,,,0,1
7666,Person,David Johnson,,,,,,,,0,2
7667,Person,Mary Powers,,,,,,,,0,1
7670,Person,Tadeusz Kieszek,,,,,,,,0,1
7673,Person,Alicia Rice,,,,,,,,0,2
7674,Person,Juan Jia,,,,,,,,0,1
7675,Person,Fang Qin,,,,,,,,0,1
7676,Person,Yan Qiu,,,,,,,,0,1
7677,Person,Katherine Smith,,,,,,,,0,1
7678,Person,Ming Cao,,,,,,,,0,1
7681,Person,Allison Johnson,,,,,,,,0,1
7682,Person,Amber Franklin,,,,,,,,0,1
7683,Person,Fang Shao,,,,,,,,0,2
7684,Person,Ming Cui,,,,,,,,0,1
7685,Person,Leslie Wagner,,,,,,,,0,1
7686,Person,Ming Peng,,,,,,,,0,2
7688,Person,Li Long,,,,,, Desert Moon,,0,1
7689,Person,Xiulan Xu,,,,,,,,0,1
7690,Person,Gang Fu,,,,,,,,0,1
7692,Person,Juan Shao,,,,,,,,0,2
7694,Person,Anthony Smith,,,,,,Electric Runaway,,0,1
7695,Person,Xiuying Yu,,,,,,,,0,3
7696,Person,Lauren Schmitt,,,,,,,,0,1
7697,Person,Na Du,,,,,,,,0,2
7698,Person,Yang Wang,,,,,,,,0,1
7699,Person,Li Ye,,,,,,,,0,6
7701,Person,Harri Oderwald,,,,,,,,0,2
7702,Person,Cynthia Monroe,,,,,,,,0,2
7703,Person,Kick van Geffen,,,,,,,,0,1
7704,Person,Roy Dominguez,,,,,,,,0,2
7708,Person,Pamela Graham,,,,,,,,0,3
7710,Person,Gundi Barkholz,,,,,,,,0,5
7711,Person,Yesenia Tyler,,,,,,,,0,2
7715,Person,Roger Morgan,,,,,,,,0,1
7716,Person,Guiying Ma,,,,,,,,0,1
7717,Person,Ming Yuan,,,,,,,,0,1
7718,Person,Jing Yi,,,,,,,,0,3
7719,Person,Fang Xia,,,,,,,,0,1
7720,Person,Xia Qin,,,,,,,,0,1
7724,Person,Craig Aguilar,,,,,,,,0,1
7725,Person,Jon Peters,,,,,,,,0,1
7728,Person,Ian Foster,,,,,,,,0,3
7730,Person,Emmanuelle Leleu,,,,,,Sovereign,,0,1
7731,Person,Astrid Gomes,,,,,,,,0,5
7732,Person,Gilles Peltier-Rocher,,,,,,,,0,1
7734,Person,Christina Villa,,,,,,,,0,1
7735,Person,Joseph Jackson,,,,,,,,0,4
7737,Person,Yan Chang,,,,,,,,0,1
7738,Person,Joshua Chase,,,,,,,,0,3
7742,Person,Chao Kong,,,,,,,,0,2
7743,Person,Adrien Gaudin,,,,,,,,0,1
7744,Person,David Knox,,,,,,,,0,1
7745,Person,Adrienne Godard,,,,,,,,0,1
7746,Person,Allison Marshall,,,,,,,,0,1
7749,Person,Joseph Roman,,,,,,Orpheon's Dream,,0,2
7750,Person,Jennifer Hart,,,,,,,,0,1
7751,Person,Erik Huang Jr.,,,,,,,,0,2
7753,Person,Xiulan Liao,,,,,,,,0,1
7755,Person,Michelle Eaton,,,,,,,,0,1
7756,Person,Jessica Lucas,,,,,,,,0,1
7757,Person,Christopher Owens,,,,,,,,0,2
7758,Person,Jill Reynolds,,,,,,,,0,1
7762,Person,Taichi Watanabe,,,,,,,,0,4
7764,Person,Jing Qian,,,,,,,,0,1
7765,Person,Jing Wen,,,,,,,,0,1
7766,Person,Ping Mo,,,,,,,,0,1
7767,Person,Xiulan Gong,,,,,,,,0,1
7770,Person,Yan Wu,,,,,,,,0,2
7771,Person,Janet Hunter,,,,,,,,0,1
7772,Person,Lei Yi,,,,,,,,0,2
7774,Person,Claudia Lee,,,,,,,,0,5
7775,Person,Veronica Bell,,,,,,,,0,1
7779,Person,José Berger,,,,,,,,0,4
7780,Person,Justus Hornig,,,,,,,,0,1
7781,Person,Henny Caspar,,,,,,,,0,1
7783,Person,Lei Jiang,,,,,, BLVE,,0,2
7784,Person,Sarah Caldwell,,,,,,Solenne,,0,1
7785,Person,Stephanie Gray,,,,,,,,0,2
7788,Person,Xiuying Dai,,,,,,,,0,1
7789,Person,Qiang Mao,,,,,,,,0,2
7790,Person,Horst-Dieter Schleich,,,,,,,,0,3
7791,Person,Na Jia,,,,,,,,0,4
7792,Person,Wei Jia,,,,,,,,0,1
7794,Person,Jing Zou,,,,,,,,0,1
7795,Person,Chao Guo,,,,,,,,0,2
7796,Person,Xiulan Han,,,,,,,,0,1
7800,Person,Yui Fukuda,,,,,, Charlie Gray,,0,5
7801,Person,Sayuri Kondo,,,,,,,,0,1
7802,Person,Maaya Ishikawa,,,,,,,,0,1
7805,Person,Min Deng,,,,,,,,0,1
7806,Person,Guiying Shen,,,,,,,,0,1
7807,Person,Na Bai,,,,,,,,0,1
7808,Person,Tara Ortiz,,,,,,,,0,1
7809,Person,Chao Qian,,,,,,,,0,1
7811,Person,Min Wang,,,,,,,,0,1
7812,Person,Wei Zheng,,,,,,,,0,1
7813,Person,Yan Long,,,,,,,,0,2
7814,Person,Ming Shao,,,,,,,,0,2
7815,Person,Xia Fu,,,,,,,,0,1
7816,Person,Xia Ma,,,,,,,,0,1
7817,Person,Yan Yu,,,,,,,,0,2
7818,Person,Yang Zhang,,,,,,,,0,1
7819,Person,Li Yin,,,,,,,,0,1
7820,Person,Chao Zhou,,,,,,,,0,1
7822,Person,Kenneth Ross,,,,,,,,0,2
7823,Person,Susan Francis,,,,,,,,0,1
7824,Person,Travis Price,,,,,,,,0,1
7825,Person,Naoto Suzuki,,,,,,,,0,1
7827,Person,Ritvik Raman,,,,,,,,0,3
7829,Person,Whitney Taylor,,,,,,,,0,4
7831,Person,Rebecca Mcneil,,,,,, Blake Atlas,,0,1
7832,Person,Justin Mcclain,,,,,,,,0,1
7833,Person,Haley Walls,,,,,,,,0,1
7834,Person,Alan Mcclain,,,,,,,,0,1
7835,Person,Ashley Williams,,,,,,,,0,1
7836,Person,Joseph Crawford,,,,,,,,0,1
7840,Person,Chao Ding,,,,,, Maya Star,,0,1
7841,Person,Fang Wei,,,,,,,,0,2
7843,Person,Jun Liang,,,,,,,,0,3
7845,Person,Andrea Obrien,,,,,,,,0,1
7846,Person,Xiuying Yuan,,,,,,,,0,1
7847,Person,Ming Li,,,,,,,,0,1
7848,Person,Wei Huang,,,,,,,,0,2
7849,Person,Tao Xie,,,,,,,,0,1
7852,Person,Li Zeng,,,,,,,,0,5
7853,Person,Terrance Parker PhD,,,,,,,,0,2
7855,Person,Mojmír Hruška,,,,,,,,0,1
7856,Person,Aleksander Grześków,,,,,,,,0,2
7857,Person,Xiuying Mo,,,,,,,,0,1
7862,Person,Annunziata Bertoli-Ruberto,,,,,,,,0,2
7864,Person,Pénélope du Cohen,,,,,,,,0,6
7865,Person,Margaret Martin,,,,,,,,0,6
7867,Person,Frank Bonilla,,,,,,,,0,3
7868,Person,Robert Jefferson,,,,,,,,0,1
7869,Person,Sabrina Marquez,,,,,,,,0,1
7871,Person,Na Su,,,,,,,,0,1
7874,Person,Franck du Mercier,,,,,,,,0,1
7875,Person,William Ruiz,,,,,,,,0,2
7877,Person,Ming Du,,,,,,,,0,1
7878,Person,Morgan Hernandez,,,,,,,,0,2
7879,Person,Ping Shao,,,,,,,,0,2
7880,Person,Yang Liang,,,,,,,,0,3
7881,Person,Patricia Pope,,,,,,,,0,3
7883,Person,Rati Deo,,,,,,,,0,5
7884,Person,Zeeshan Dora,,,,,,,,0,3
7887,Person,Marianne Sanchez-Hebert,,,,,,,,0,6
7888,Person,Corinne du Bazin,,,,,,,,0,4
7889,Person,Jon Harris,,,,,,,,0,1
7892,Person,Antoinette Bertin,,,,,,,,0,2
7894,Person,Jeanne Miller,,,,,,,,0,2
7895,Person,Gang Yang,,,,,,,,0,3
7896,Person,Li Chang,,,,,,,,0,1
7898,Person,Ante Wagenknecht,,,,,,,,0,2
7899,Person,Min Ren,,,,,,,,0,1
7900,Person,Rachel Stein,,,,,,,,0,2
7901,Person,Xiuying Zeng,,,,,,,,0,1
7903,Person,Jie Su,,,,,,,,0,1
7904,Person,Yang Xie,,,,,,,,0,1
7905,Person,Tao Tao,,,,,,,,0,2
7906,Person,Min Lei,,,,,,,,0,1
7907,Person,Jie Jiang,,,,,,,,0,1
7909,Person,Tao Feng,,,,,,,,0,1
7910,Person,Ming Fang,,,,,,,,0,1
7911,Person,Qiang Li,,,,,,,,0,1
7912,Person,Jie Xia,,,,,,,,0,1
7914,Person,Ping Mo,,,,,,Shane Walker,,0,1
7915,Person,Min He,,,,,,,,0,2
7916,Person,Yong Qian,,,,,,,,0,3
7917,Person,Ming Qiao,,,,,,,,0,1
7919,Person,Qiang Peng,,,,,,,,0,1
7921,Person,Min Zheng,,,,,,,,0,1
7922,Person,Chao Jin,,,,,,,,0,2
7924,Person,Lauren Schmitt,,,,,,,,0,1
7925,Person,Tracy Wright,,,,,,,,0,2
7926,Person,Manuel Murphy,,,,,,,,0,1
7927,Person,Edwin Crosby,,,,,,,,0,1
7928,Person,Anthony Lane,,,,,,,,0,1
7930,Person,Fang Ma,,,,,,,,0,2
7931,Person,Lei Wan,,,,,,,,0,1
7932,Person,Ming Wang,,,,,,,,0,1
7933,Person,Xiuying Zhang,,,,,,,,0,2
7934,Person,Gang Xie,,,,,,,,0,1
7937,Person,Na Zhou,,,,,,,,0,13
7940,Person,Qiang Dai,,,,,,,,0,1
7941,Person,Jun Wei,,,,,,,,0,2
7945,Person,Samaira Borah,,,,,,,,0,2
7946,Person,Kelly Brown,,,,,,,,0,2
7948,Person,Paola Täsche,,,,,,,,0,1
7950,Person,Fernanda Lamborghini,,,,,,,,0,1
7951,Person,Sonia Innocenti-Gasperi,,,,,,,,0,1
7952,Person,Donatello Schiaparelli,,,,,,,,0,1
7953,Person,Paloma Merisi,,,,,,,,0,1
7954,Person,Greco Duse-Liverotti,,,,,,,,0,2
7956,Person,Jie Ye,,,,,,,,0,2
7957,Person,Xia Bai,,,,,,,,0,3
7959,Person,Kaja Juroszek,,,,,,,,0,4
7960,Person,Dagmara Smorąg,,,,,,,,0,1
7962,Person,Xia Su,,,,,,,,0,2
7964,Person,Krish Wali,,,,,, Ember Sage,,0,2
7965,Person,Nirvi Chahal,,,,,,,,0,4
7967,Person,Jing Long,,,,,,,,0,1
7968,Person,Qiang Fan,,,,,,,,0,2
7970,Person,Jeremy Bryant,,,,,,,,0,1
7972,Person,Bradley Small,,,,,, Brooks,,0,1
7973,Person,Na Guo,,,,,,,,0,2
7974,Person,Tao Jia,,,,,,,,0,1
7975,Person,Miki Kondo,,,,,,,,0,1
7976,Person,Wei Wan,,,,,,,,0,3
7978,Person,Anto Hornich,,,,,,,,0,3
7980,Person,Dhanuk Mane,,,,,,,,0,1
7981,Person,Vivaan Kala,,,,,,,,0,2
7983,Person,Yan Feng,,,,,,,,0,1
7984,Person,Jing Long,,,,,,,,0,1
7985,Person,Xiuying Xiang,,,,,,,,0,1
7986,Person,Tao Qin,,,,,,,,0,2
7988,Person,Noah Shaw,,,,,,,,0,2
7989,Person,Fabian Dłubak,,,,,,,,0,4
7991,Person,Jie Lai,,,,,,,,0,1
7992,Person,Na Zeng,,,,,,,,0,3
7993,Person,Qiang Cheng,,,,,,,,0,3
7995,Person,Guiying Qin,,,,,,,,0,1
7996,Person,Gang Yu,,,,,,,,0,1
7997,Person,Max Howard,,,,,,,,0,1
7998,Person,Min Sun,,,,,,,,0,1
8000,Person,Rania Chadha,,,,,,,,0,1
8001,Person,Saksham Borra,,,,,,,,0,1
8002,Person,Amy Bright,,,,,,,,0,1
8003,Person,Chelsea Blake,,,,,,,,0,2
8007,Person,Qiang Kang,,,,,,,,0,2
8008,Person,Shlok Desai,,,,,,,,0,3
8010,Person,Guy Martel,,,,,,,,0,2
8011,Person,Baccio Muti,,,,,,,,0,2
8015,Person,Kelly Lopez,,,,,,,,0,1
8016,Person,Gang Xie,,,,,,,,0,1
8020,Person,Xiulan Ma,,,,,,Luca West,,0,2
8021,Person,Qiang Du,,,,,,,,0,1
8022,Person,Qiang Chang,,,,,,,,0,1
8023,Person,Qiang Tang,,,,,,,,0,1
8025,Person,Luigina Fibonacci-Caruso,,,,,,,,0,1
8026,Person,Cipriano Peranda,,,,,,,,0,3
8027,Person,Luca Gori-Visconti,,,,,,,,0,1
8028,Person,Fredo Piccinni,,,,,,,,0,1
8030,Person,Jing Meng,,,,,,,,0,2
8031,Person,Chao Jiang,,,,,,,,0,1
8032,Person,Jun Kong,,,,,,,,0,1
8033,Person,Gang Chen,,,,,,,,0,2
8036,Person,Miłosz Staciwa,,,,,,,,0,3
8037,Person,Olga Kosałka,,,,,,,,0,4
8039,Person,Paola Scheuermann,,,,,,,,0,1
8040,Person,Gabor Salz,,,,,,,,0,4
8041,Person,Siglinde Ruppersberger,,,,,,,,0,2
8042,Person,Isabell Berger,,,,,,,,0,3
8043,Person,Nikola Nerger,,,,,,,,0,3
8046,Person,Ming Shen,,,,,,,,0,1
8047,Person,Ming Xiao,,,,,,,,0,1
8048,Person,Andrew Nolan,,,,,,,,0,1
8049,Person,Cindy Parker,,,,,,,,0,1
8051,Person,Thomas Lee,,,,,,,,0,2
8052,Person,Vít Svoboda,,,,,,,,0,1
8053,Person,Melissa Lucero,,,,,,,,0,2
8054,Person,Vasyl Jaroš,,,,,,,,0,5
8056,Person,Silja Jacob,,,,,,,,0,1
8057,Person,Ellen Riley,,,,,,,,0,2
8059,Person,Amanda Powell,,,,,,,,0,3
8061,Person,Nicole Bowers,,,,,,,,0,2
8062,Person,Pam Cunningham,,,,,,,,0,2
8063,Person,Na Zou,,,,,,,,0,2
8064,Person,Lei Gao,,,,,,,,0,3
8066,Person,Lauren Thomas,,,,,,,,0,3
8067,Person,Gang Du,,,,,,,,0,4
8069,Person,Carrie Griffin,,,,,,,,0,1
8070,Person,Yang Yin,,,,,,,,0,1
8071,Person,Fang Shi,,,,,,,,0,1
8072,Person,Xia Han,,,,,,,,0,2
8073,Person,Xiulan Xue,,,,,,,,0,1
8076,Person,Luc van Poppel-Hulskes,,,,,,,,0,1
8080,Person,Cesare Cicilia,,,,,,,,0,3
8082,Person,Cindy Hernandez,,,,,,,,0,1
8083,Person,Xiulan Yang,,,,,,,,0,1
8084,Person,Kazuya Kobayashi,,,,,,,,0,2
8085,Person,Yong Zheng,,,,,,,,0,1
8087,Person,Xiuying Meng,,,,,,,,0,1
8088,Person,Tao Shen,,,,,,,,0,1
8089,Person,Ping Xie,,,,,,,,0,1
8090,Person,Yang Qiao,,,,,,,,0,1
8091,Person,Jun Chen,,,,,,,,0,1
8092,Person,Chao Bai,,,,,,,,0,2
8097,Person,Marit Thies,,,,,,,,0,2
8100,Person,Marc-Raymond Durand,,,,,,,,0,5
8101,Person,Eugène Lemaire,,,,,,,,0,2
8102,Person,Franck-Georges Delattre,,,,,,,,0,2
8104,Person,Hunter Green,,,,,,,,0,1
8105,Person,Nicolas Rodriguez,,,,,,,,0,1
8106,Person,Hailey Andrews,,,,,,,,0,1
8108,Person,Xiulan Dong,,,,,,,,0,2
8109,Person,Xiuying Fan,,,,,,,,0,2
8110,Person,Xiuying Zhang,,,,,,,,0,2
8111,Person,Xiuying Deng,,,,,,,,0,2
8113,Person,Edward Henry,,,,,,,,0,4
8116,Person,Samar Sarma,,,,,,,,0,1
8117,Person,Chao Peng,,,,,,,,0,2
8119,Person,Elizabeth Walters,,,,,,,,0,1
8120,Person,Chao Xiong,,,,,,,,0,1
8121,Person,Gang Shao,,,,,,,,0,2
8123,Person,Guiying Dong,,,,,,,,0,1
8124,Person,Yong Jia,,,,,,,,0,2
8125,Person,Chao Yi,,,,,,,,0,1
8126,Person,Li Huang,,,,,,,,0,1
8127,Person,Ming Yin,,,,,,,,0,1
8128,Person,Yang Li,,,,,,,,0,1
8129,Person,Juan Fu,,,,,,,,0,4
8130,Person,Samuel Gutierrez,,,,,,,,0,5
8131,Person,Ming Hu,,,,,,,,0,1
8132,Person,Robert Rollins,,,,,,,,0,1
8133,Person,Ming Jiang,,,,,,,,0,2
8134,Person,Wulf Lübs,,,,,,,,0,4
8135,Person,Mike Rose,,,,,,,,0,1
8136,Person,Li Yang,,,,,,,,0,5
8139,Person,Dennis Hill PhD,,,,,,,,0,1
8140,Person,Min Mo,,,,,,,,0,2
8141,Person,Yong Qiu,,,,,,,,0,1
8142,Person,Christine Robbins,,,,,,,,0,2
8143,Person,Min Yu,,,,,,,,0,2
8144,Person,Yong Lin,,,,,,,,0,1
8145,Person,Gang Yu,,,,,,,,0,1
8146,Person,Ming Hu,,,,,,,,0,1
8149,Person,Lori Young,,,,,,,,0,1
8150,Person,Lauren Steele,,,,,,,,0,1
8151,Person,Jennifer Alexander,,,,,,,,0,2
8152,Person,Sean Riggs,,,,,,,,0,1
8154,Person,Gang Wang,,,,,,,,0,1
8155,Person,Evelyn Gordon,,,,,,,,0,1
8156,Person,Wei Cheng,,,,,,,,0,6
8157,Person,Yan Hou,,,,,,,,0,1
8158,Person,Jie Yan,,,,,,,,0,3
8160,Person,Fang Wei,,,,,,,,0,2
8161,Person,Min Xiang,,,,,,,,0,1
8162,Person,Tao Wei,,,,,,,,0,1
8164,Person,Lisa Fuentes,,,,,,Arcane Serenade,,0,2
8165,Person,Juan Tao,,,,,,Mikey James,,0,2
8166,Person,Juan Su,,,,,,,,0,1
8167,Person,Juan Dong,,,,,,,,0,1
8169,Person,Jacob Arnold,,,,,,,,0,1
8170,Person,Latasha Watts,,,,,,,,0,2
8171,Person,Christine Brown,,,,,,,,0,1
8172,Person,Jimmy Arnold,,,,,,,,0,1
8175,Person,Dawn Johnson,,,,,,,,0,3
8176,Person,Melissa Wilson,,,,,,,,0,2
8177,Person,Francisco Manning,,,,,,,,0,3
8180,Person,Jun Zou,,,,,,,,0,2
8181,Person,Gang Wan,,,,,,,,0,5
8183,Person,Chao Chen,,,,,, Andy Storm,,0,1
8184,Person,Wei Mo,,,,,,,,0,1
8185,Person,Corrado Chinnici-Ferrabosco,,,,,,,,0,1
8186,Person,Wei Fan,,,,,,,,0,1
8187,Person,Xiulan Liao,,,,,,,,0,1
8188,Person,Jing Lu,,,,,,,,0,1
8191,Person,David Armstrong,,,,,,Celestial Anomaly,,0,5
8192,Person,Ryan Reynolds,,,,,,Ariax,,0,1
8193,Person,Brian Moore,,,,,,,,0,1
8194,Person,Pamela Chan,,,,,,,,0,5
8195,Person,Kimberly Brown,,,,,,,,0,1
8196,Person,Amy Lee,,,,,,,,0,5
8197,Person,Gary Chapman,,,,,,,,0,1
8198,Person,Robert Rodriguez,,,,,,,,0,1
8199,Person,Samuel Robertson,,,,,,,,0,6
8204,Person,Jing Lai,,,,,,,,0,2
8205,Person,Xiuying Qiu,,,,,,,,0,1
8206,Person,Jie Zheng,,,,,,,,0,1
8208,Person,Igor Dyś,,,,,,,,0,2
8210,Person,Léon Pasquier,,,,,,,,0,4
8212,Person,Wei Du,,,,,,,,0,4
8217,Person,Sarah Brown,,,,,,,,0,1
8218,Person,Christopher Clark,,,,,,,,0,1
8219,Person,Allison Barnes,,,,,,,,0,1
8221,Person,Liliana Morellato,,,,,,,,0,1
8222,Person,Miss Jeanette Marshall,,,,,,,,0,2
8223,Person,Éric Louis-Lévy,,,,,,,,0,1
8224,Person,Lina Tirabassi,,,,,,,,0,2
8226,Person,Edward Parker,,,,,,,,0,2
8227,Person,Christopher Pham,,,,,,,,0,1
8228,Person,John Bates,,,,,,,,0,1
8229,Person,Emily Gonzalez,,,,,,,,0,1
8232,Person,Min Ye,,,,,,,,0,1
8234,Person,Adèle Bonneau,,,,,,,,0,3
8235,Person,Édouard-Rémy Clerc,,,,,,,,0,1
8237,Person,Heinz-Josef Ritter,,,,,, Rain,,0,1
8238,Person,Cornelius Kabus,,,,,,,,0,2
8239,Person,Anni Bauer,,,,,,,,0,1
8240,Person,Friedo Eberhardt,,,,,,,,0,2
8241,Person,Sepp Köhler,,,,,,,,0,1
8242,Person,Vadim Killer,,,,,,,,0,1
8244,Person,Dominique Letellier,,,,,,,,0,1
8246,Person,Sheri Brooks,,,,,,,,0,1
8247,Person,Juan Watkins,,,,,,,,0,1
8248,Person,Rachel Jackson,,,,,,,,0,9
8249,Person,David Stewart,,,,,,,,0,1
8250,Person,John Anderson,,,,,,,,0,10
8252,Person,Jie Lei,,,,,,,,0,3
8253,Person,Yang Zhao,,,,,,,,0,6
8254,Person,Joseph Alvarado,,,,,,,,0,3
8255,Person,Jie Yi,,,,,,,,0,2
8259,Person,Roman Doria,,,,,,,,0,1
8260,Person,Greca Canali,,,,,,,,0,1
8261,Person,Dana Baker,,,,,,,,0,1
8262,Person,Lorenzo Morabito,,,,,,,,0,3
8264,Person,Kelli Rodriguez,,,,,,,,0,4
8265,Person,Ashley Cox PhD,,,,,,,,0,5
8266,Person,Nathan Perez,,,,,,,,0,6
8267,Person,Stephen Ramirez,,,,,,,,0,2
8268,Person,Alan Wilson,,,,,,,,0,1
8269,Person,Douglas Turner,,,,,,,,0,2
8270,Person,Bradley Wright,,,,,,,,0,1
8271,Person,Kathryn Golden,,,,,,,,0,10
8272,Person,Samuel Rogers,,,,,,,,0,8
8275,Person,Brenda Anderson,,,,,,,,0,1
8276,Person,Tao Chang,,,,,,,,0,1
8277,Person,Ping Cui,,,,,,,,0,1
8278,Person,Xiulan Tan,,,,,,,,0,2
8279,Person,Xiuying Zeng,,,,,,,,0,1
8284,Person,Kevin Burch,,,,,,,,0,2
8285,Person,Mary Gorlitz,,,,,,,,0,1
8286,Person,Kevin Wong,,,,,,,,0,6
8287,Person,Anneliese Bolnbach,,,,,,,,0,4
8289,Person,Ming Cai,,,,,,,,0,6
8290,Person,Yan Shi,,,,,,,,0,7
8293,Person,Xiuying Yi,,,,,,,,0,1
8294,Person,Qiang Han,,,,,,,,0,1
8296,Person,Yan Qiu,,,,,,,,0,1
8297,Person,Juan Xiong,,,,,,,,0,2
8298,Person,Wei Chang,,,,,,,,0,1
8299,Person,Qiang Fang,,,,,,,,0,2
8301,Person,Xiuying Liao,,,,,,,,0,1
8302,Person,Min Cui,,,,,,,,0,2
8303,Person,Yang He,,,,,,,,0,1
8304,Person,Fang Duan,,,,,,,,0,4
8305,Person,Jie Tao,,,,,,,,0,1
8306,Person,Li Gong,,,,,,,,0,2
8308,Person,Michael Frederick,,,,,,,,0,1
8309,Person,Cynthia Robbins,,,,,,,,0,1
8310,Person,Egon Wilmsen-Röhrdanz,,,,,,,,0,1
8312,Person,Eric Lewis,,,,,,,,0,5
8313,Person,William Jones,,,,,,,,0,6
8315,Person,Xiuying Zhao,,,,,,,,0,1
8317,Person,Li Zheng,,,,,,,,0,2
8318,Person,Ping Xue,,,,,,,,0,1
8319,Person,Fang Tian,,,,,,,,0,2
8320,Person,Guiying Yao,,,,,,,,0,1
8321,Person,Gang Fang,,,,,,,,0,2
8322,Person,Ming Wan,,,,,,,,0,5
8324,Person,Jie Kang,,,,,, The Crystal,,0,1
8325,Person,Juan Wan,,,,,,,,0,2
8326,Person,Min Yuan,,,,,,,,0,2
8327,Person,Wei Qiu,,,,,,,,0,1
8329,Person,Jing Qiu,,,,,,,,0,1
8330,Person,Jie Huang,,,,,,,,0,3
8333,Person,Jing Liu,,,,,,,,0,1
8334,Person,Wei Xia,,,,,,,,0,1
8336,Person,Donna Bennett,,,,,,,,0,1
8337,Person,Christine Jones,,,,,,,,0,2
8338,Person,Matthew Crawford,,,,,,,,0,1
8340,Person,Kelly Johnson,,,,,,,,0,2
8341,Person,Julia Jones,,,,,,,,0,1
8342,Person,Sabrina Jimenez,,,,,,,,0,1
8343,Person,Eric Williams,,,,,,,,0,1
8345,Person,Patrick Bertin,,,,,,,,0,1
8346,Person,Lindsey Jackson,,,,,,,,0,2
8347,Person,Valeska Heinrich,,,,,,,,0,2
8349,Person,Rosa Flaiano,,,,,,,,0,1
8350,Person,Lina Rensi,,,,,,,,0,2
8353,Person,Donna Ryan,,,,,,,,0,1
8354,Person,Zachary Ellis,,,,,,,,0,2
8356,Person,Julita Koziarz,,,,,,,,0,2
8357,Person,Hansjürgen Börner,,,,,,,,0,2
8360,Person,Tao Song,,,,,,,,0,1
8361,Person,Elizabeth Griffin,,,,,,,,0,3
8362,Person,Xiulan Shao,,,,,,,,0,3
8363,Person,Wei Lin,,,,,,,,0,1
8365,Person,Calvin Kemp,,,,,,,,0,1
8367,Person,Dana Walters,,,,,,,,0,1
8368,Person,Yang Wen,,,,,,,,0,1
8369,Person,Min Shao,,,,,,,,0,1
8370,Person,Min Liao,,,,,,,,0,1
8371,Person,Daniel Rogers,,,,,,,,0,3
8374,Person,Min Zhang,,,,,,,,0,1
8375,Person,Xiuying Sun,,,,,,,,0,1
8376,Person,Qiang Yang,,,,,,,,0,1
8377,Person,Tao Song,,,,,,,,0,2
8378,Person,Li Yin,,,,,,,,0,4
8379,Person,Min Huang,,,,,,,,0,1
8380,Person,Chao Ding,,,,,,,,0,2
8381,Person,Juan Fan,,,,,,,,0,8
8383,Person,Deborah Hernandez,,,,,,,,0,1
8384,Person,Gregory Thompson,,,,,,,,0,1
8385,Person,Hiroshi Shimizu,,,,,,,,0,1
8386,Person,Na Su,,,,,,,,0,1
8387,Person,Lei Cui,,,,,,,,0,1
8388,Person,Ming Mao,,,,,,,,0,1
8390,Person,Min Fan,,,,,,,,0,2
8391,Person,Tao Liao,,,,,,,,0,1
8392,Person,Ping Luo,,,,,,,,0,1
8395,Person,Olga Labudda,,,,,,,,0,5
8397,Person,Lei Jia,,,,,,,,0,2
8398,Person,Li Gu,,,,,,,,0,1
8399,Person,Jie Chang,,,,,,,,0,2
8400,Person,Jie Cui,,,,,,,,0,1
8402,Person,Aaron Carter,,,,,,,,0,1
8403,Person,Aneta Mies-Fritsch,,,,,,,,0,1
8404,Person,Gertraud Franke-Trupp,,,,,,,,0,1
8405,Person,Ronald Parks,,,,,,,,0,1
8406,Person,Kayla Barnes,,,,,,,,0,1
8408,Person,Jocelyn Hall,,,,,,,,0,3
8410,Person,Ming Chen,,,,,,,,0,1
8411,Person,Xiulan Kang,,,,,,,,0,2
8412,Person,Valerie Navarro,,,,,,,,0,1
8414,Person,Jing Dai,,,,,,,,0,1
8415,Person,Chao Shen,,,,,,,,0,2
8416,Person,Amanda English,,,,,,,,0,1
8417,Person,Mark Nunez,,,,,,,,0,1
8418,Person,Xia Wen,,,,,,,,0,2
8419,Person,Michael Martinez,,,,,,,,0,2
8424,Person,Kevin Baker,,,,,,,,0,1
8425,Person,Ryohei Nakajima,,,,,,,,0,1
8426,Person,Rebecca Byrd,,,,,,,,0,1
8429,Person,Nicola Strangio,,,,,,,,0,1
8430,Person,Nathalie Beer-Huhn,,,,,,,,0,1
8432,Person,Ping Gong,,,,,,,,0,2
8433,Person,Jing Duan,,,,,,,,0,1
8435,Person,Kana Hashimoto,,,,,,,,0,2
8436,Person,Hanako Takahashi,,,,,,,,0,1
8437,Person,Miki Hayashi,,,,,,,,0,1
8440,Person,Kenneth Johnson,,,,,,,,0,1
8441,Person,Heather Miller,,,,,,,,0,1
8442,Person,Yong Jia,,,,,,,,0,1
8443,Person,Christopher Johnson,,,,,,,,0,1
8446,Person,Stephanie Robinson,,,,,,,,0,6
8447,Person,Amber Gibson,,,,,,,,0,5
8449,Person,Jing Gong,,,,,,,,0,1
8450,Person,Lei Yi,,,,,,,,0,2
8451,Person,Wei Xiong,,,,,,,,0,2
8452,Person,Na Tian,,,,,,,,0,1
8454,Person,Carly Luna,,,,,,,,0,2
8455,Person,Gang Tian,,,,,,,,0,1
8456,Person,Victoria Vazquez,,,,,,,,0,1
8457,Person,Yong Wu,,,,,,,,0,1
8459,Person,Juan Wang,,,,,,,,0,1
8460,Person,Guiying Fan,,,,,,,,0,1
8461,Person,Juan Chen,,,,,,,,0,1
8462,Person,Jing Zhong,,,,,,,,0,1
8463,Person,Juan Wu,,,,,,,,0,1
8465,Person,Ming Han,,,,,,,,0,1
8466,Person,John Rogers,,,,,,,,0,5
8467,Person,Robert Pham,,,,,,,,0,5
8468,Person,David Lopez,,,,,,,,0,7
8470,Person,Michael Ross,,,,,,,,0,6
8471,Person,Andrew Richard,,,,,,,,0,2
8473,Person,Michelle Barnes,,,,,,,,0,2
8474,Person,Patrick Nguyen,,,,,,,,0,1
8478,Person,John Wright,,,,,, River,,0,1
8479,Person,Laura Brown,,,,,,Hunter Miles,,0,1
8480,Person,Stephen Santiago,,,,,,,,0,1
8481,Person,James Calderon,,,,,,,,0,2
8484,Person,Sahil Khalsa,,,,,,,,0,2
8485,Person,Devansh Bakshi,,,,,,,,0,1
8486,Person,Manjari Varty,,,,,,,,0,2
8488,Person,Peter Banks,,,,,,,,0,1
8489,Person,Edward Matthews,,,,,,,,0,1
8490,Person,Robert Gonzalez,,,,,,,,0,1
8491,Person,Andrew Williamson,,,,,,,,0,1
8492,Person,Tim Johnson,,,,,,,,0,2
8493,Person,Frank Osborne,,,,,,,,0,1
8496,Person,Cynthia Hayes,,,,,,,,0,2
8497,Person,Paul Sanders,,,,,,,,0,2
8499,Person,Min Qin,,,,,,,,0,2
8500,Person,Li Xia,,,,,,,,0,3
8501,Person,Gang Dong,,,,,,,,0,1
8502,Person,Amanda Sullivan,,,,,,,,0,2
8503,Person,Jun Hao,,,,,,,,0,3
8505,Person,Yong Qiu,,,,,,,,0,1
8506,Person,Brian Olsen,,,,,,,,0,2
8507,Person,Guiying He,,,,,,,,0,1
8508,Person,Xiuying Han,,,,,,,,0,1
8510,Person,Cilly Säuberlich,,,,,,,,0,3
8512,Person,Eddie Taylor,,,,,,,,0,1
8513,Person,Jie Yao,,,,,,,,0,2
8514,Person,Ming Kong,,,,,,,,0,1
8515,Person,Annegrete Röhrdanz,,,,,,,,0,5
8517,Person,Richard Mendoza,,,,,,V12 DA DON,,0,1
8518,Person,Angelica Sullivan,,,,,,SAVAGE RX,,0,2
8519,Person,Candice Santiago,,,,,,,,0,1
8520,Person,Tanya Pittman,,,,,,,,0,1
8521,Person,Kay van Dooren-Bastiaense,,,,,,,,0,2
8522,Person,David Bates Jr.,,,,,,,,0,1
8523,Person,Robert Lee,,,,,,,,0,1
8524,Person,Joris Heerschop-Weylant,,,,,,,,0,1
8525,Person,Laura Christian,,,,,,,,0,1
8526,Person,Jared Newman,,,,,,,,0,1
8527,Person,Tony Olson,,,,,,,,0,1
8528,Person,George Williams,,,,,,,,0,1
8529,Person,Robert Washington,,,,,,,,0,1
8530,Person,Luis Holt,,,,,,,,0,2
8531,Person,Alexis Ruiz,,,,,,,,0,1
8532,Person,Christopher Johnson,,,,,,,,0,1
8533,Person,Jodi Miller,,,,,,,,0,2
8534,Person,Brian Ballard,,,,,,,,0,1
8535,Person,Roger Porter,,,,,,,,0,1
8536,Person,Lauren Mccoy,,,,,,,,0,1
8537,Person,Virginia Warner,,,,,,,,0,1
8538,Person,Silke Verda,,,,,,,,0,2
8539,Person,Jonathan Butler,,,,,,,,0,1
8540,Person,Xiuying Kong,,,,,,,,0,1
8541,Person,Paige Case,,,,,,,,0,1
8542,Person,Shelby Dixon,,,,,,,,0,1
8543,Person,Eric Shelton,,,,,,,,0,1
8544,Person,Thomas Miller,,,,,,,,0,1
8548,Person,Xiuying Wang,,,,,,,,0,2
8549,Person,Yang Zhao,,,,,,,,0,3
8550,Person,Gang Zhao,,,,,,,,0,1
8552,Person,Xiulan Wang,,,,,,,,0,1
8554,Person,Xiuying Xia,,,,,,,,0,1
8555,Person,Lei Cao,,,,,,,,0,1
8556,Person,Jun Qin,,,,,,,,0,1
8558,Person,Jessica Carney,,,,,,,,0,1
8559,Person,Erin Martinez,,,,,,,,0,1
8562,Person,Isabelle Rijn-Höning,,,,,, Atlas,,0,1
8563,Person,Laura Guerrero Cañete,,,,,,,,0,1
8564,Person,Carmina Esteve Coloma,,,,,,,,0,2
8565,Person,Salomón Miró Olivé,,,,,,,,0,2
8566,Person,Daan VI-Cadefau,,,,,,,,0,1
8567,Person,Joris Lieshout,,,,,,,,0,2
8568,Person,Charlene Randolph,,,,,,,,0,2
8569,Person,Dolores Pardo Bárcena,,,,,,,,0,2
8570,Person,Pim de Roo,,,,,,,,0,1
8571,Person,Michael Norman,,,,,,,,0,2
8572,Person,Aaron Ross,,,,,,,,0,2
8573,Person,Sigfrido Manu Morcillo Camino,,,,,,,,0,2
8576,Person,Kevin Simmons,,,,,,,,0,1
8577,Person,Min Tan,,,,,,,,0,1
8578,Person,Chase Andrews,,,,,,,,0,1
8582,Person,Manon Voisin,,,,,,,,0,1
8583,Person,Zacharie Morin,,,,,,,,0,2
8584,Person,Aurélie de la Lucas,,,,,,,,0,1
8585,Person,Michel Meyer,,,,,,,,0,5
8588,Person,Xiulan Feng,,,,,,,,0,1
8589,Person,Xia Lei,,,,,,,,0,2
8591,Person,Eulalia Patiño Ballester,,,,,,,,0,2
8592,Person,Concha Roselló Verdugo,,,,,,,,0,1
8594,Person,Yolanda Barroso Pineda,,,,,,,,0,2
8595,Person,Vera Rivero Palomo,,,,,,,,0,3
8598,Person,Nino Pometta,,,,,,,,0,2
8600,Person,Na Dai,,,,,,,,0,1
8601,Person,Jie Hu,,,,,,,,0,1
8603,Person,Lei Long,,,,,,,,0,1
8605,Person,Laura Lindsey,,,,,,,,0,2
8606,Person,Sarah Young,,,,,,,,0,2
8607,Person,Nancy Gonzalez,,,,,,,,0,1
8608,Person,Valerie Phillips,,,,,,,,0,1
8609,Person,Jason Jordan,,,,,,,,0,4
8610,Person,John Gallagher,,,,,,,,0,1
8611,Person,Denise White,,,,,,,,0,5
8612,Person,Cody Turner,,,,,,,,0,2
8613,Person,Roy Tschentscher,,,,,,,,0,10
8614,Person,Sarah Lee,,,,,,,,0,1
8616,Person,Yong Zhong,,,,,,,,0,3
8617,Person,Jun Lai,,,,,,,,0,2
8618,Person,Juan Fan,,,,,,,,0,1
8619,Person,Min Duan,,,,,,,,0,1
8621,Person,Christopher Reilly,,,,,,,,0,1
8622,Person,Monica Murphy,,,,,,,,0,1
8623,Person,Jun Han,,,,,,,,0,3
8625,Person,Guiying Chang,,,,,,,,0,1
8626,Person,Min Huang,,,,,,,,0,1
8627,Person,Gang Jia,,,,,,,,0,2
8628,Person,Yang Shen,,,,,,,,0,1
8631,Person,Victoria Fletcher,,,,,,,,0,1
8632,Person,Ana Gonzales,,,,,,,,0,1
8633,Person,Mackenzie Brown,,,,,,,,0,1
8635,Person,Henriette Pierre,,,,,,,,0,1
8637,Person,Debbie Fuller,,,,,,,,0,1
8638,Person,Shelby Grimes,,,,,,,,0,2
8641,Person,Jun Yu,,,,,,,,0,1
8642,Person,Min Liu,,,,,,,,0,1
8643,Person,Tao Ren,,,,,,,,0,1
8644,Person,Yan Zheng,,,,,,,,0,1
8645,Person,Fang Qin,,,,,,,,0,1
8646,Person,Xiulan Yuan,,,,,,,,0,2
8649,Person,Min Xiao,,,,,,,,0,2
8652,Person,Jing Wei,,,,,,,,0,1
8654,Person,Ming Sun,,,,,,,,0,1
8656,Person,Justin Berry,,,,,,,,0,2
8657,Person,Xiulan Zhang,,,,,,,,0,3
8659,Person,Ping Hao,,,,,,,,0,3
8660,Person,Edward Jacobs,,,,,,,,0,2
8661,Person,Eric Wright,,,,,,,,0,2
8664,Person,Min Duan,,,,,,,,0,1
8665,Person,Juan Wen,,,,,,,,0,1
8668,Person,Guiying Jiang,,,,,,,,0,2
8669,Person,Qiang Zhou,,,,,,,,0,2
8670,Person,Na Dong,,,,,,,,0,2
8671,Person,Guiying Shen,,,,,,,,0,1
8672,Person,Min Li,,,,,,,,0,1
8673,Person,Jun Su,,,,,,,,0,1
8677,Person,Tao Zhao,,,,,,,,0,1
8679,Person,Sandra Reyes,,,,,,,,0,2
8682,Person,Jie Wan,,,,,, Drew Silver,,0,1
8683,Person,Tao Bai,,,,,,,,0,1
8684,Person,Xiuying Peng,,,,,,,,0,1
8685,Person,Gang Hao,,,,,,,,0,3
8686,Person,Qiang Wu,,,,,,,,0,1
8689,Person,Linda Chase,,,,,, Neon Rust,,0,1
8690,Person,Jasmine Hammond,,,,,,,,0,1
8691,Person,Kirk Griffin,,,,,,,,0,1
8692,Person,Anthony Davis,,,,,,,,0,1
8693,Person,Louis Brown,,,,,,,,0,1
8694,Person,Ashley Bennett,,,,,,,,0,1
8696,Person,Timothy Chen,,,,,,,,0,1
8697,Person,Michael Grant,,,,,,,,0,1
8699,Person,Tao Lei,,,,,,,,0,1
8700,Person,Guiying Yao,,,,,,,,0,3
8701,Person,Yang Pan,,,,,,,,0,6
8702,Person,Jun Feng,,,,,,,,0,2
8704,Person,George Lloyd,,,,,,,,0,2
8705,Person,Ryan Hamilton,,,,,,,,0,1
8706,Person,David Singleton,,,,,,,,0,2
8710,Person,Denise Perez,,,,,,,,0,1
8711,Person,Beth Gray,,,,,,,,0,3
8712,Person,Li Meng,,,,,,,,0,1
8713,Person,Robert Chen,,,,,,,,0,1
8715,Person,Ann Anderson,,,,,,,,0,1
8716,Person,Xiuying Mo,,,,,,,,0,3
8718,Person,Jared Banks,,,,,,Phantom Signal,,0,1
8719,Person,Juan Wei,,,,,,,,0,1
8720,Person,Yang Luo,,,,,,,,0,2
8721,Person,Perry Lopez,,,,,,,,0,1
8723,Person,Wesley Ford,,,,,, Treasure,,0,1
8724,Person,Tao Wei,,,,,,,,0,3
8725,Person,Li Hu,,,,,,,,0,2
8726,Person,Xia Zhu,,,,,,,,0,5
8728,Person,Holly Riley,,,,,,,,0,2
8729,Person,Julie Rowe,,,,,,,,0,1
8730,Person,Jun Wei,,,,,,,,0,1
8733,Person,Timothy Padilla,,,,,,,,0,2
8735,Person,Jie Ma,,,,,, Aurora Vale,,0,1
8736,Person,Jun Tian,,,,,,,,0,1
8737,Person,Juan Shao,,,,,,,,0,2
8738,Person,Jing Wang,,,,,,,,0,2
8741,Person,Guiying Ding,,,,,,,,0,2
8742,Person,Guiying Shi,,,,,,,,0,1
8743,Person,Juan Yu,,,,,,,,0,1
8744,Person,Lola Vermeulen,,,,,,,,0,1
8745,Person,Juan Yao,,,,,,,,0,1
8746,Person,Ming Cui,,,,,,,,0,1
8747,Person,Yong Xiong,,,,,,,,0,1
8748,Person,Lara Horrocks,,,,,,,,0,1
8749,Person,Kimberly Young,,,,,,,,0,1
8752,Person,Anita Hamerla,,,,,,,,0,7
8755,Person,Chris Cook,,,,,,,,0,1
8756,Person,Destiny Griffin,,,,,,,,0,2
8757,Person,Yan Ye,,,,,,,,0,1
8759,Person,Daniel Collins,,,,,,,,0,3
8760,Person,Barbara Moore,,,,,,,,0,3
8761,Person,David Bowen,,,,,,,,0,1
8762,Person,Amanda Morales,,,,,,,,0,2
8764,Person,Hunar Dugal,,,,,,,,0,1
8765,Person,Ira Gole,,,,,,,,0,2
8767,Person,Lei Chen,,,,,,Stellar Lei,,0,1
8768,Person,Chao Peng,,,,,,,,0,2
8769,Person,Yong Zhou,,,,,,,,0,1
8772,Person,William Tyler,,,,,,,,0,2
8774,Person,Ming Lai,,,,,,,,0,1
8775,Person,Jessica Peck,,,,,,,,0,4
8777,Person,Fang Su,,,,,,,,0,1
8778,Person,Xiulan Yao,,,,,,,,0,3
8779,Person,Min Ding,,,,,,,,0,4
8780,Person,April Johnson,,,,,,,,0,3
8781,Person,Guiying Yi,,,,,,,,0,2
8783,Person,Chao Tian,,,,,,,,0,2
8784,Person,Jun Liang,,,,,,,,0,1
8786,Person,Jennifer Cox,,,,,,,,0,1
8788,Person,Jeremi Wita,,,,,,,,0,2
8789,Person,Sonia Krochmal,,,,,,,,0,4
8792,Person,Xiulan Gu,,,,,,,,0,1
8793,Person,Kevin Morrow,,,,,,,,0,3
8794,Person,Michael Montgomery,,,,,,,,0,2
8796,Person,Ferdinando Nordio,,,,,,,,0,1
8797,Person,Richard Davis,,,,,,,,0,2
8798,Person,Steven Calderon,,,,,,,,0,1
8799,Person,Eleanora Bersani,,,,,,,,0,3
8800,Person,Yvonne Morris,,,,,,,,0,1
8802,Person,Anya Krishnan,,,,,,,,0,4
8804,Person,Yan Yi,,,,,,Verona Static,,0,2
8805,Person,Louis Herman,,,,,,,,0,1
8807,Person,Tao Zhu,,,,,,,,0,1
8808,Person,Min Qian,,,,,,,,0,2
8809,Person,Li Gao,,,,,,,,0,1
8810,Person,Jun Hu,,,,,,,,0,1
8817,Person,Jun Yu,,,,,,,,0,1
8818,Person,Stephanie Wilkerson,,,,,,,,0,1
8819,Person,Grace Duncan,,,,,,,,0,1
8822,Person,Giacinto Maderna,,,,,,,,0,2
8824,Person,Fang Xie,,,,,,,,0,1
8825,Person,Li Du,,,,,,,,0,1
8826,Person,Fang Feng,,,,,,,,0,1
8827,Person,Fang Qiu,,,,,,,,0,1
8828,Person,Yong Lei,,,,,,,,0,2
8829,Person,Juan Pan,,,,,,,,0,2
8830,Person,Li Feng,,,,,,,,0,1
8831,Person,Yong Tao,,,,,,,,0,3
8833,Person,Lori Lee,,,,,,,,0,6
8835,Person,Michael Hall,,,,,,,,0,2
8836,Person,Yan Sun,,,,,,,,0,1
8838,Person,Nathan Hernandez,,,,,,,,0,1
8839,Person,Lori Schmidt,,,,,,,,0,2
8841,Person,Roman Švec,,,,,,Roman Svec,,0,1
8842,Person,Viktor Švec,,,,,,,,0,1
8843,Person,Jan Hruška,,,,,,,,0,1
8847,Person,Wei Qian,,,,,,,,0,1
8848,Person,Yang Zhao,,,,,,,,0,2
8849,Person,Yong Dong,,,,,,,,0,1
8850,Person,Xia Dai,,,,,,,,0,2
8851,Person,Jun Xiang,,,,,,,,0,2
8853,Person,Filippa Piane,,,,,,,,0,2
8856,Person,Melanie Browning PhD,,,,,,,,0,1
8859,Person,Ryan Mcguire,,,,,,,,0,1
8860,Person,Stephen Allen,,,,,,,,0,2
8861,Person,Eric Hopkins,,,,,,,,0,1
8863,Person,Xiuying Zeng,,,,,, The Phoenix,,0,1
8864,Person,Ming Lin,,,,,,,,0,1
8865,Person,Yan He,,,,,,,,0,1
8866,Person,Jun Yan,,,,,,,,0,2
8868,Person,Valeria Perini,,,,,,,,0,1
8869,Person,Liberto Antonacci,,,,,,,,0,2
8870,Person,Gabriel Gaudin,,,,,,,,0,1
8871,Person,Rossana Colletti,,,,,,,,0,3
8873,Person,Jun Ding,,,,,,,,0,1
8875,Person,Gregory Jones,,,,,,,,0,3
8878,Person,Lawrence Guzman,,,,,,,,0,1
8879,Person,Yang Hou,,,,,,,,0,1
8880,Person,Tao Gao,,,,,,,,0,10
8882,Person,Xiuying Kang,,,,,,,,0,1
8883,Person,Jun Xu,,,,,,,,0,3
8884,Person,Chao Qiao,,,,,,,,0,2
8885,Person,Karen Robinson,,,,,,,,0,1
8887,Person,Qiang Qiao,,,,,,,,0,1
8889,Person,Roswita Hande,,,,,,,,0,2
8890,Person,Katrin Steckel,,,,,,,,0,2
8893,Person,Christopher Evans,,,,,,Dylan Reed,,0,1
8895,Person,Na Wen,,,,,,,,0,2
8896,Person,Jun Xie,,,,,,,,0,1
8897,Person,Xia Meng,,,,,,,,0,2
8898,Person,Nadja Gnatz,,,,,,,,0,1
8901,Person,Aaron Livingston,,,,,,,,0,1
8902,Person,Miss Stephanie Middleton,,,,,,,,0,2
8903,Person,Nidia Menéndez Mateo,,,,,,,,0,1
8906,Person,Krista Collins,,,,,,,,0,1
8907,Person,April Nelson,,,,,,,,0,2
8908,Person,Guiying Zhou,,,,,,,,0,2
8909,Person,Chao Hou,,,,,,,,0,1
8911,Person,Carolyn Sharp,,,,,,,,0,1
8912,Person,Garrett Salazar,,,,,,,,0,2
8913,Person,Richard Goodman,,,,,,,,0,2
8915,Person,Isabelle Baudry de Michel,,,,,,,,0,2
8916,Person,Emmanuel de Blot,,,,,,,,0,3
8917,Person,Bernard-André Rolland,,,,,,,,0,3
8918,Person,Christelle Grégoire,,,,,,,,0,2
8921,Person,Fang Gu,,,,,,,,0,1
8922,Person,Sierra Gibson,,,,,,,,0,2
8923,Person,Qiang Luo,,,,,,,,0,1
8925,Person,Guiying Gu,,,,,,,,0,1
8926,Person,Juan Tan,,,,,,,,0,2
8928,Person,Anthony Farmer,,,,,,,,0,1
8929,Person,Timothy Rios,,,,,,,,0,5
8932,Person,Juan Zhu,,,,,,,,0,1
8933,Person,Jing Guo,,,,,,,,0,1
8934,Person,Guiying Tan,,,,,,,,0,3
8935,Person,Ping Shi,,,,,,,,0,1
8939,Person,Guiying Han,,,,,,,,0,1
8940,Person,Li Shao,,,,,,,,0,1
8941,Person,Samuel Lewis,,,,,,,,0,2
8943,Person,Steve Bailey,,,,,,,,0,2
8946,Person,Yang Yi,,,,,,,,0,2
8947,Person,Na Meng,,,,,,,,0,1
8948,Person,Jing Deng,,,,,,,,0,4
8950,Person,Carolyn Donovan,,,,,,,,0,6
8953,Person,Xiuying Chen,,,,,,,,0,1
8955,Person,Stephanie Huhn,,,,,,,,0,4
8956,Person,Edwin Diaz,,,,,,,,0,1
8957,Person,Rainer Mans,,,,,,,,0,1
8959,Person,René Sans,,,,,,,,0,2
8960,Person,Yésica de Oller,,,,,,,,0,4
8961,Person,Emelina Verdejo Otero,,,,,,,,0,1
8962,Person,Inés del Valenciano,,,,,,,,0,1
8965,Person,Ping Xue,,,,,,,,0,2
8966,Person,Yong Luo,,,,,,,,0,2
8967,Person,Tao Bai,,,,,,,,0,1
8970,Person,Justin Hensley,,,,,,,,0,1
8971,Person,Amy Marshall,,,,,,,,0,1
8972,Person,Lauren Mclean,,,,,,,,0,1
8973,Person,Andrea Brooks,,,,,,,,0,1
8974,Person,Emily Taylor,,,,,,,,0,1
8975,Person,Kathryn Smith,,,,,,,,0,1
8976,Person,James Bishop,,,,,,,,0,2
8979,Person,Fang Xiang,,,,,, THVNDER,,0,2
8980,Person,Li Zhou,,,,,,,,0,1
8981,Person,Ping Bai,,,,,,,,0,1
8982,Person,Jun Wang,,,,,,,,0,1
8984,Person,Wei Peng,,,,,, Nebula Prince,,0,1
8985,Person,Yan Lin,,,,,,,,0,1
8986,Person,Charles Marshall,,,,,,,,0,2
8988,Person,Robert Fowler,,,,,,,,0,1
8990,Person,Navya Rana,,,,,,,,0,2
8991,Person,Éric Daniel,,,,,,,,0,4
8993,Person,Cody Rowe,,,,,,,,0,1
8994,Person,Adam Carpenter,,,,,,,,0,2
8995,Person,Lei Zhu,,,,,,,,0,3
9000,Person,Veronica Koch,,,,,,,,0,1
9001,Person,Johnathan Sanchez,,,,,,,,0,2
9002,Person,Li Wei,,,,,,,,0,1
9004,Person,Kevin Ruiz,,,,,,,,0,1
9005,Person,Michael Anderson,,,,,,,,0,2
9006,Person,Fenna Zwart,,,,,,,,0,1
9008,Person,Kristina Allen,,,,,,,,0,1
9009,Person,Stephanie Fritz,,,,,,,,0,2
9011,Person,Jonathan Guerrero,,,,,,,,0,5
9015,Person,Ping Yan,,,,,,,,0,2
9016,Person,Jun Meng,,,,,,,,0,1
9017,Person,Jie Gao,,,,,,,,0,1
9018,Person,Kara Frazier,,,,,,,,0,2
9020,Person,William Duncan,,,,,,,,0,1
9021,Person,Joshua Crawford,,,,,,,,0,1
9022,Person,Xiulan Sun,,,,,,,,0,1
9023,Person,Yasuhiro Sato,,,,,,,,0,2
9024,Person,Li Yao,,,,,,,,0,1
9026,Person,Jun Huang,,,,,,,,0,1
9027,Person,Chao Xiong,,,,,,,,0,1
9028,Person,Fang Lu,,,,,,,,0,1
9029,Person,Friedbert Stey,,,,,,,,0,1
9031,Person,Erica Walton,,,,,,,,0,7
9032,Person,Matthew Yoder,,,,,,,,0,6
9034,Person,Fang Chang,,,,,,,,0,2
9035,Person,Heidi Henry,,,,,,,,0,1
9036,Person,Christine Bartlett,,,,,,,,0,3
9037,Person,Heather Moss,,,,,,,,0,2
9038,Person,Elijah Smith,,,,,,,,0,3
9039,Person,Elizabeth Davis,,,,,,,,0,1
9041,Person,Kimberly Howe,,,,,,,,0,2
9042,Person,Emilie Rudolph,,,,,,,,0,3
9044,Person,Qiang Xiao,,,,,,,,0,1
9045,Person,Jing Luo,,,,,,,,0,1
9046,Person,Fang Zou,,,,,,,,0,1
9047,Person,Li Feng,,,,,,,,0,4
9049,Person,Stephen Obrien,,,,,,,,0,2
9050,Person,Clara Seco-Pelayo,,,,,,,,0,4
9052,Person,Olivia Jarvis,,,,,,,,0,1
9053,Person,Sandra Riley,,,,,,,,0,1
9055,Person,Margot Becker-Striebitz,,,,,,Zenith,,0,1
9056,Person,Antonia Steinberg-Löffler,,,,,,,,0,2
9057,Person,Cato Meyer,,,,,,,,0,2
9058,Person,Renske Godfrey van Alemannië,,,,,,,,0,1
9060,Person,Hrishita Deep,,,,,,,,0,1
9063,Person,Na Yang,,,,,,Solar Drift,,0,1
9064,Person,Ricardo Ward,,,,,,Jesse Rhodes,,0,2
9065,Person,Kimberly Moore,,,,,,,,0,1
9066,Person,Fang Zhou,,,,,,,,0,2
9067,Person,Xiulan Yi,,,,,,,,0,1
9070,Person,Stacey Perry,,,,,,,,0,1
9071,Person,Ashley Brooks,,,,,,,,0,3
9074,Person,Xiuying Chang,,,,,,,,0,1
9075,Person,Chao Wu,,,,,,,,0,1
9076,Person,Kathleen Martinez,,,,,,,,0,1
9078,Person,Michael Gomez,,,,,,,,0,2
9079,Person,Chad Livingston,,,,,,,,0,2
9080,Person,Deanna Haney,,,,,,,,0,1
9082,Person,Lidia Dörschner-Käster,,,,,,,,0,1
9083,Person,Melanie Heß,,,,,,,,0,1
9086,Person,Karl-Ludwig Kensy,,,,,,,,0,3
9087,Person,John Bradley,,,,,,,,0,2
9091,Person,Xiulan Zhou,,,,,,,,0,2
9092,Person,Nicholas Moss,,,,,,,,0,1
9093,Person,Chao Fang,,,,,,,,0,1
9094,Person,Yang Zhang,,,,,,,,0,3
9095,Person,Guiying Jin,,,,,,,,0,2
9097,Person,Tao Ye,,,,,,,,0,1
9098,Person,Yong Guo,,,,,,,,0,1
9099,Person,Juan Duan,,,,,,,,0,2
9101,Person,Jun Han,,,,,,,,0,2
9102,Person,Gang Yin,,,,,,,,0,1
9103,Person,Chao Zhao,,,,,,,,0,1
9106,Person,Peter Garcia,,,,,,,,0,1
9107,Person,John Guzman II,,,,,,,,0,1
9108,Person,Karina Hess,,,,,,,,0,8
9109,Person,Sosimo Vila Bayona,,,,,,,,0,1
9110,Person,Travis Thompson,,,,,,,,0,1
9111,Person,Jordan Thomas,,,,,,,,0,1
9112,Person,Elizabeth Stone,,,,,,,,0,1
9113,Person,Michelle Hensley,,,,,,,,0,1
9118,Person,Xiuying Tian,,,,,,,,0,1
9119,Person,Ping Lai,,,,,,,,0,1
9120,Person,Tao Fang,,,,,,,,0,1
9121,Person,Li Gong,,,,,,,,0,1
9125,Person,Xiuying Yan,,,,,, Tori Night,,0,1
9126,Person,Michael Glenn,,,,,,,,0,1
9127,Person,Wei Lin,,,,,,,,0,1
9128,Person,Jie Liang,,,,,,,,0,1
9130,Person,Charvi Bains,,,,,,,,0,1
9131,Person,Hrishita Sura,,,,,,,,0,1
9134,Person,Yang Duan,,,,,,RAWK ST4R,,0,1
9135,Person,Tao Wan,,,,,,,,0,1
9136,Person,Juan Lai,,,,,,,,0,1
9137,Person,Jun Dai,,,,,,,,0,1
9138,Person,Yong Tang,,,,,,,,0,2
9139,Person,Min Zou,,,,,,,,0,1
9141,Person,Tao Jiang,,,,,,,,0,1
9142,Person,Jun Meng,,,,,,,,0,2
9145,Person,Jun Ren,,,,,, J.D. Powers,,0,1
9146,Person,Jing Cui,,,,,,,,0,1
9147,Person,Yang Ma,,,,,,,,0,3
9148,Person,Lisa Pennington,,,,,,,,0,1
9149,Person,Xiuying Shao,,,,,,,,0,1
9151,Person,Yvonne Powell,,,,,,Yvonne,,0,1
9152,Person,Gang Qiao,,,,,,,,0,1
9153,Person,Alexa Brown,,,,,,,,0,1
9154,Person,Fang Wei,,,,,,,,0,1
9155,Person,Brian Anderson,,,,,,,,0,1
9156,Person,Qiang Zhang,,,,,,,,0,2
9157,Person,Ping Liao,,,,,,,,0,1
9159,Person,Stella Fusani,,,,,,Stella,,0,1
9160,Person,Daria Ceravolo,,,,,,,,0,1
9162,Person,Gioele Monte,,,,,,,,0,3
9163,Person,Ciro Campano,,,,,,,,0,1
9164,Person,Greco Guarato,,,,,,,,0,1
9166,Person,Xia Zhou,,,,,,,,0,2
9167,Person,Chao Yan,,,,,,,,0,1
9168,Person,Xiulan Dong,,,,,,,,0,1
9169,Person,Wei Xue,,,,,,,,0,1
9170,Person,Ming Li,,,,,,,,0,1
9171,Person,Xiuying Song,,,,,,,,0,1
9174,Person,Edward Kirby,,,,,,,,0,1
9176,Person,Pamela Roberts,,,,,,,,0,2
9177,Person,Rubén Medina-Casas,,,,,,,,0,3
9178,Person,Bianca Sagnelli-Onio,,,,,,,,0,4
9179,Person,Fernanda Guarneri,,,,,,,,0,4
9180,Person,Jun Okada,,,,,,,,0,1
9181,Person,Armida Luque Mascaró,,,,,,,,0,1
9184,Person,Jason Owen,,,,,,Abyssal Lullaby,,0,1
9185,Person,Robert Stevenson,,,,,,,,0,2
9187,Person,Luciano Chindamo,,,,,,,,0,1
9189,Person,Giulietta Parini,,,,,,,,0,2
9190,Person,Alan Castro,,,,,,,,0,1
9192,Person,Alfio Greggio,,,,,, Bliss,,0,1
9193,Person,Bruno Silvestri,,,,,,,,0,1
9194,Person,Giuliana Costanzi,,,,,,,,0,5
9195,Person,Gilberto Cainero,,,,,,,,0,1
9196,Person,Raffaello Tarchetti,,,,,,,,0,1
9197,Person,Vincentio Galiazzo,,,,,,,,0,3
9198,Person,Eva Squarcione,,,,,,,,0,1
9199,Person,Maura Chiappetta,,,,,,,,0,6
9201,Person,Nadine Eberhardt,,,,,,,,0,2
9202,Person,Selma Flantz,,,,,,,,0,4
9203,Person,Bogdan Gehringer,,,,,,,,0,3
9206,Person,Chao Huang,,,,,,,,0,1
9207,Person,Lei Duan,,,,,,,,0,1
9208,Person,Li Tang,,,,,,,,0,1
9210,Person,Jing Jin,,,,,,,,0,6
9211,Person,Jie Cheng,,,,,,,,0,2
9212,Person,Li Deng,,,,,,,,0,3
9213,Person,Ming Jia,,,,,,,,0,5
9215,Person,Fang Zheng,,,,,,,,0,1
9216,Person,Ping Kang,,,,,,,,0,1
9217,Person,Jun Yang,,,,,,,,0,1
9220,Person,Qiang Huang,,,,,,,,0,2
9221,Person,Ming Guo,,,,,,,,0,1
9222,Person,Chao Wu,,,,,,,,0,1
9224,Person,Joseph Ponce,,,,,, THA PROPHET,,0,1
9225,Person,Herbert Mcfarland,,,,,,,,0,1
9226,Person,Rachel Montes,,,,,,,,0,1
9227,Person,Caitlin Miller,,,,,,,,0,1
9228,Person,Rebecca Wise,,,,,,,,0,1
9231,Person,Brett Brown,,,,,,,,0,4
9233,Person,Pamela Elliott,,,,,,,,0,1
9234,Person,Kelli Mckinney,,,,,,,,0,1
9235,Person,Bryan Garcia,,,,,,,,0,2
9238,Person,Jing Xie,,,,,,,,0,1
9241,Person,Charvi Taneja,,,,,, Prism Knight,,0,1
9242,Person,Reyansh Bir,,,,,,,,0,2
9243,Person,Zain Datta,,,,,,,,0,1
9246,Person,Matthew Chapman,,,,,,,,0,1
9247,Person,Vicki Morgan,,,,,,,,0,1
9248,Person,Juan Hou,,,,,,,,0,1
9250,Person,Xiulan Zheng,,,,,,,,0,3
9251,Person,Yan Duan,,,,,,,,0,2
9252,Person,Jie Yin,,,,,,,,0,2
9253,Person,Anthony Frost,,,,,,,,0,3
9254,Person,Jing Lin,,,,,,,,0,1
9255,Person,Lei Hu,,,,,,,,0,4
9257,Person,Chao Ye,,,,,,,,0,3
9258,Person,Minoru Nakajima,,,,,,,,0,2
9260,Person,Courtney Bennett,,,,,,,,0,2
9263,Person,Gabriel Seip,,,,,,,,0,2
9264,Person,Mattias Pohl,,,,,,,,0,1
9265,Person,Florence Hermighausen,,,,,,,,0,1
9266,Person,Paul Baum,,,,,,,,0,1
9268,Person,Jie Dong,,,,,,,,0,1
9270,Person,Carol Simpson,,,,,,,,0,1
9271,Person,Terri Reynolds,,,,,,,,0,1
9272,Person,Angela Thomas,,,,,,,,0,1
9273,Person,Laura Gordon,,,,,,,,0,1
9274,Person,Cassidy Hubbard,,,,,,,,0,1
9275,Person,Donna Hanson,,,,,,,,0,1
9276,Person,James Aguilar,,,,,,,,0,1
9277,Person,Heather Cabrera,,,,,,,,0,1
9278,Person,Angela Villa,,,,,,,,0,1
9279,Person,Katherine Johnston,,,,,,,,0,1
9281,Person,Heino Ladeck,,,,,,,,0,5
9282,Person,Asuka Fukuda,,,,,,,,0,2
9286,Person,Amber Watson,,,,,,,,0,3
9287,Person,Alex Thomas,,,,,,,,0,3
9288,Person,Anthony Ortega,,,,,,,,0,4
9291,Person,Jun Duan,,,,,,,,0,1
9292,Person,Jie Mao,,,,,,,,0,1
9293,Person,Ming Du,,,,,,,,0,2
9296,Person,Alf Bähr,,,,,,,,0,1
9297,Person,Hans-Jörg Lehmann,,,,,,,,0,2
9298,Person,Edith Schaaf,,,,,,,,0,1
9302,Person,Xia Li,,,,,,,,0,3
9303,Person,Joanne Fowler,,,,,,,,0,1
9304,Person,Yan Xiang,,,,,,,,0,1
9306,Person,Theodore Shaw,,,,,,,,0,2
9307,Person,Cristina Williams,,,,,,,,0,2
9309,Person,Guiying Hao,,,,,,,,0,1
9310,Person,Xia Guo,,,,,,,,0,3
9311,Person,Ping Hou,,,,,,,,0,1
9312,Person,Jie Ma,,,,,,,,0,1
9313,Person,Gang Gao,,,,,,,,0,1
9314,Person,Kelly Johnson,,,,,,,,0,1
9315,Person,Gang Cui,,,,,,,,0,1
9316,Person,Na Gu,,,,,,,,0,1
9317,Person,Qiang Chang,,,,,,,,0,1
9318,Person,Fang Qiao,,,,,,,,0,1
9319,Person,Yong Lin,,,,,,,,0,1
9320,Person,Yong Meng,,,,,,,,0,1
9321,Person,Jie Xu,,,,,,,,0,1
9323,Person,Min Liao,,,,,,,,0,1
9324,Person,Min Zou,,,,,,,,0,1
9325,Person,Tao Qian,,,,,,,,0,2
9327,Person,Herr Heinz-Gerd Schleich,,,,,,,,0,1
9328,Person,Gundel Klapp,,,,,,,,0,2
9329,Person,Edward Kraushaar,,,,,,,,0,1
9331,Person,Jun Mo,,,,,,,,0,1
9332,Person,Stacy Moore,,,,,,,,0,1
9333,Person,Jing Lai,,,,,,,,0,2
9334,Person,Ping Su,,,,,,,,0,2
9336,Person,Nichole Martinez,,,,,,,,0,2
9338,Person,Michael Price,,,,,,,,0,2
9339,Person,Mathew Chapman III,,,,,,,,0,4
9340,Person,Margaret Brun,,,,,,,,0,1
9342,Person,Li Han,,,,,,,,0,2
9343,Person,Ming Yang,,,,,,,,0,3
9344,Person,Lei Gong,,,,,,,,0,2
9346,Person,Larry Patel,,,,,,,,0,1
9347,Person,Dave Miller,,,,,,,,0,1
9348,Person,Arnav Saran,,,,,,,,0,1
9349,Person,Donna Christensen,,,,,,,,0,1
9350,Person,Madhup Banerjee,,,,,,,,0,2
9351,Person,Anthony Bailey,,,,,,,,0,1
9353,Person,Cynthia Henson,,,,,,,,0,1
9354,Person,Concetta Davids,,,,,,,,0,1
9355,Person,Patrick Simon,,,,,,,,0,2
9356,Person,Diana White,,,,,,,,0,1
9357,Person,Gregory Rhodes,,,,,,,,0,1
9358,Person,Diane Segebahn,,,,,,,,0,1
9359,Person,William Brown,,,,,,,,0,1
9361,Person,Sara Johnson,,,,,, Electric Eden,,0,1
9362,Person,Daisy Rose,,,,,,,,0,2
9363,Person,Stephanie Andersen,,,,,,,,0,1
9364,Person,Tiffany Simmons,,,,,,,,0,1
9365,Person,Mark West,,,,,,,,0,1
9366,Person,Joann Cunningham,,,,,,,,0,2
9367,Person,Karen Anderson,,,,,,,,0,5
9368,Person,Tammy Chen,,,,,,,,0,4
9369,Person,Amy Mack,,,,,,,,0,2
9370,Person,James Jackson,,,,,,,,0,2
9373,Person,Shaan Jaggi,,,,,, Mila Dawn,,0,2
9374,Person,Keya Kota,,,,,,,,0,3
9375,Person,Biju Swamy,,,,,,,,0,2
9376,Person,Elakshi Venkataraman,,,,,,,,0,2
9379,Person,Tao He,,,,,,,,0,1
9380,Person,Jun Dai,,,,,,,,0,7
9381,Person,Min Wu,,,,,,,,0,1
9383,Person,Scott Richmond,,,,,,,,0,5
9384,Person,Paula Mercado,,,,,,,,0,5
9386,Person,Ming Fan,,,,,,,,0,1
9390,Person,Xiuying Jiang,,,,,,FROZT G,,0,1
9391,Person,Li Ren,,,,,,,,0,1
9392,Person,Gang Yuan,,,,,,,,0,1
9393,Person,Qiang Mao,,,,,,,,0,2
9394,Person,Juan Song,,,,,,,,0,2
9395,Person,Chao Cai,,,,,,,,0,1
9396,Person,Monica Dean,,,,,,,,0,2
9398,Person,Xiuying Yuan,,,,,,,,0,1
9400,Person,Evan Solis,,,,,,,,0,2
9401,Person,Katelyn Chavez,,,,,,,,0,2
9402,Person,Robert Williams,,,,,,,,0,2
9403,Person,Jamie Walker,,,,,,,,0,1
9404,Person,Ana Collins,,,,,,,,0,1
9405,Person,Richard Rodriguez,,,,,,,,0,1
9407,Person,Jing Zou,,,,,,,,0,1
9408,Person,Gang Zhang,,,,,,,,0,1
9409,Person,Juan Shen,,,,,,,,0,1
9413,Person,Joseph Smith,,,,,,,,0,1
9415,Person,Jie Zou,,,,,,,,0,2
9417,Person,Fang Ding,,,,,,,,0,2
9418,Person,Qiang Ding,,,,,,,,0,3
9419,Person,Stacey Christensen,,,,,,,,0,1
9421,Person,Kari Harvey,,,,,,,,0,1
9422,Person,Dennis Bass,,,,,,,,0,1
9423,Person,Xia Tan,,,,,,,,0,1
9424,Person,Yan Jin,,,,,,,,0,1
9425,Person,Juan Yu,,,,,,,,0,2
9426,Person,Ping Xu,,,,,,,,0,3
9429,Person,Qiang Meng,,,,,,,,0,1
9431,Person,Katherine Gutierrez,,,,,,,,0,1
9432,Person,Andrew Montes,,,,,,,,0,1
9433,Person,Susan Briggs,,,,,,,,0,1
9434,Person,Anthony Wheeler,,,,,,,,0,1
9435,Person,Arthur Lewis,,,,,,,,0,2
9436,Person,Michael Patton,,,,,,,,0,1
9438,Person,Gang Xiang,,,,,,,,0,1
9439,Person,Na Duan,,,,,,,,0,1
9440,Person,Wei Mao,,,,,,,,0,1
9442,Person,Michel Fournier-Robert,,,,,,,,0,4
9443,Person,Anne Lefebvre,,,,,,,,0,2
9444,Person,Adrien Gérard,,,,,,,,0,4
9447,Person,Jie Fang,,,,,,,,0,2
9448,Person,Yan Qin,,,,,,,,0,1
9450,Person,Maciej Siejak,,,,,,,,0,7
9452,Person,Fang Feng,,,,,,,,0,1
9453,Person,Xia Deng,,,,,,,,0,2
9455,Person,Kylie Clarke,,,,,,,,0,2
9456,Person,Ashley Patton,,,,,,,,0,3
9457,Person,Jessica Holmes,,,,,,,,0,2
9459,Person,Chirag Bahri,,,,,,,,0,1
9460,Person,Raunak Rana,,,,,,,,0,1
9461,Person,Dhanush Baria,,,,,,,,0,2
9462,Person,Manikya Toor,,,,,,,,0,1
9464,Person,Xia Gu,,,,,,,,0,2
9466,Person,Heidi Bradley,,,,,,,,0,1
9467,Person,Chad Booker,,,,,,,,0,4
9468,Person,Erin Welch,,,,,,,,0,3
9469,Person,Jeremy Rodriguez,,,,,,,,0,1
9470,Person,Kari Dillon,,,,,,,,0,1
9471,Person,Gabriel Nash,,,,,,,,0,3
9475,Person,Min Luo,,,,,,,,0,1
9476,Person,Jing Zou,,,,,,,,0,1
9477,Person,Jing Dong,,,,,,,,0,1
9478,Person,Min Lei,,,,,,,,0,1
9480,Person,Shalv Sarin,,,,,,,,0,1
9481,Person,Shray Ranganathan,,,,,,,,0,1
9484,Person,Chao Han,,,,,,,,0,1
9485,Person,Jie Lai,,,,,,,,0,2
9486,Person,Ping Jia,,,,,,,,0,1
9487,Person,Ming Hao,,,,,,,,0,2
9490,Person,Guiying Zhang,,,,,,,,0,2
9491,Person,Yang Luo,,,,,,,,0,2
9492,Person,Jeremy Hahn,,,,,,,,0,1
9494,Person,Jie Bai,,,,,,O.G. SPECTA,,0,1
9495,Person,Chao Qiu,,,,,,,,0,1
9496,Person,Yan Huang,,,,,,,,0,1
9497,Person,Chao Kang,,,,,,,,0,2
9498,Person,Joseph Cole,,,,,,,,0,1
9499,Person,Rachel Ford,,,,,,,,0,1
9501,Person,Stephen Thompson,,,,,,Eclipse Etude,,0,2
9502,Person,Kristen Porter,,,,,,,,0,1
9504,Person,Antonio Morse,,,,,,,,0,1
9506,Person,Xiuying Shi,,,,,,,,0,1
9507,Person,Fang Zhu,,,,,,,,0,2
9508,Person,Ping Qin,,,,,,,,0,6
9509,Person,Ping Hao,,,,,,,,0,8
9510,Person,Fang Yin,,,,,,,,0,6
9512,Person,Ricky Franklin,,,,,,,,0,1
9514,Person,Yang Long,,,,,,,,0,1
9515,Person,Yang Cheng,,,,,,,,0,2
9517,Person,Yan Wan,,,,,, KR¥PTIC,,0,1
9518,Person,Ping Liu,,,,,,,,0,1
9519,Person,Lei Luo,,,,,,,,0,1
9520,Person,Li Ren,,,,,,,,0,1
9521,Person,Qiang Tan,,,,,,,,0,1
9522,Person,Jun Zhou,,,,,,,,0,1
9523,Person,Guiying Meng,,,,,,,,0,2
9525,Person,Onkar Chacko,,,,,,,,0,1
9527,Person,Paul Lewis,,,,,,,,0,2
9529,Person,Kelly Sweeney,,,,,,,,0,1
9530,Person,Brianna Logan,,,,,,,,0,1
9531,Person,John Gray,,,,,,,,0,2
9532,Person,Dawn Gross,,,,,,,,0,2
9536,Person,Bernardo Josep Mayol Manjón,,,,,,,,0,1
9537,Person,Flora Karz,,,,,,,,0,3
9539,Person,Neelofar Balan,,,,,,,,0,2
9540,Person,Samiha Aurora,,,,,,,,0,1
9543,Person,Marcin Bernatek,,,,,,,,0,1
9544,Person,Radosław Duszkiewicz,,,,,,,,0,2
9546,Person,Gabriel Rosales,,,,,,,,0,1
9548,Person,Gloria Gutknecht,,,,,,,,0,1
9550,Person,Kristen Lucero,,,,,,,,0,1
9551,Person,William Torres,,,,,,,,0,1
9553,Person,Miranda Robinson,,,,,, Danny Rhodes,,0,1
9554,Person,Jose Martin,,,,,,,,0,2
9555,Person,Philip George,,,,,,,,0,1
9556,Person,Jennifer Diaz,,,,,,,,0,1
9558,Person,Larry Walters,,,,,,,,0,2
9560,Person,Valerie Levine,,,,,,,,0,1
9561,Person,Birger Gutknecht,,,,,,,,0,2
9562,Person,Holm Segebahn,,,,,,,,0,1
9563,Person,Robby Schmiedecke,,,,,,,,0,1
9565,Person,Jacob Bryant,,,,,,,,0,1
9567,Person,Annette Collins,,,,,,,,0,2
9569,Person,Timothy Kelly,,,,,,,,0,1
9572,Person,Yang Qian,,,,,, FVTAL,,0,1
9573,Person,Juan Deng,,,,,,,,0,1
9574,Person,Jun Ye,,,,,,,,0,2
9575,Person,Jing Xiao,,,,,,,,0,1
9577,Person,Birger Klemt,,,,,,,,0,2
9578,Person,Sheri Calhoun,,,,,,,,0,1
9580,Person,Ana Sager,,,,,,Chromatic Drift,,0,1
9581,Person,Godofredo Franch Sanabria,,,,,,,,0,1
9582,Person,Alicia Koch,,,,,,,,0,1
9583,Person,Roswita Weinhold,,,,,,,,0,1
9588,Person,Robert Brown,,,,,,,,0,1
9589,Person,Fang Chang,,,,,,,,0,1
9590,Person,Li Jiang,,,,,,,,0,2
9591,Person,Fang Gao,,,,,,,,0,1
9592,Person,Tao Jiang,,,,,,,,0,1
9593,Person,Chao Zheng,,,,,,,,0,6
9594,Person,Min Qin,,,,,,,,0,1
9595,Person,Jie Su,,,,,,,,0,5
9596,Person,Yang Hou,,,,,,,,0,1
9598,Person,Adriana Trobbiani,,,,,,,,0,1
9599,Person,Scott Villa,,,,,,,,0,1
9600,Person,Maria Priuli,,,,,,,,0,1
9601,Person,Melissa Garcia,,,,,,,,0,2
9603,Person,Chiyo Suzuki,,,,,,,,0,1
9604,Person,Tomoya Nakamura,,,,,,,,0,2
9605,Person,Kaori Watanabe,,,,,,,,0,1
9609,Person,Jing Shi,,,,,,,,0,1
9610,Person,Jie Yan,,,,,,,,0,1
9611,Person,Robert Santiago,,,,,,,,0,1
9612,Person,Na Fang,,,,,,,,0,1
9613,Person,Cristian Gross,,,,,,,,0,1
9614,Person,Ping Wan,,,,,,,,0,1
9615,Person,Yan Gao,,,,,,,,0,2
9617,Person,Molly Whitaker,,,,,, Static Dream,,0,2
9619,Person,Shelby Kelly,,,,,,,,0,3
9620,Person,John Sanchez,,,,,,,,0,2
9623,Person,Eileen Wiley,,,,,,,,0,1
9624,Person,Jordan Lawrence,,,,,,,,0,1
9625,Person,Candice Torres,,,,,,,,0,3
9626,Person,Judy Elliott,,,,,,,,0,1
9627,Person,Kimberly Lopez,,,,,,,,0,1
9629,Person,Min Meng,,,,,,,,0,2
9632,Person,Allison Curtis,,,,,,,,0,2
9633,Person,Bryan Smith,,,,,,,,0,5
9634,Person,Kevin Ross,,,,,,,,0,1
9635,Person,Ronald Kennedy,,,,,,,,0,5
9638,Person,Lei Peng,,,,,,,,0,2
9639,Person,Patrick Banks,,,,,,,,0,1
9642,Person,Jessica Harvey,,,,,,,,0,4
9643,Person,Timothy Bray,,,,,,,,0,4
9645,Person,Christopher Glover,,,,,,,,0,2
9648,Person,Gunther Hendriks,,,,,,,,0,3
9652,Person,Michael Jacobson,,,,,,,,0,1
9653,Person,Nancy Dunlap,,,,,,,,0,1
9654,Person,Shannon White,,,,,,,,0,2
9656,Person,Jennifer Harris,,,,,,,,0,1
9658,Person,Katherine Francis,,,,,,,,0,1
9660,Person,Federico Offredi,,,,,,,,0,2
9661,Person,Lorenzo Orengo,,,,,,,,0,1
9663,Person,Sara Roman,,,,,,Zenara,,0,1
9664,Person,Zachary Rojas,,,,,,,,0,1
9665,Person,Jeremy Martinez,,,,,,,,0,2
9667,Person,Yong Huang,,,,,,,,0,2
9668,Person,Xia Hu,,,,,,,,0,1
9670,Person,Jie Lin,,,,,,,,0,1
9671,Person,Guiying Mao,,,,,,,,0,1
9673,Person,Min Shen,,,,,,,,0,1
9674,Person,Li Jiang,,,,,,,,0,1
9675,Person,Xia Tang,,,,,,,,0,2
9676,Person,Timothy Hall,,,,,,,,0,1
9678,Person,Taro Sakamoto,,,,,,Owen Hart,,0,2
9679,Person,Rei Sato,,,,,,,,0,1
9680,Person,Robert Ryan,,,,,,,,0,1
9682,Person,Min Shi,,,,,,,,0,1
9684,Person,Tao Jia,,,,,,,,0,1
9686,Person,Pauline Guyot de la Maillet,,,,,,,,0,1
9687,Person,Charles du Perez,,,,,,,,0,2
9688,Person,Adrien Weiss,,,,,,,,0,1
9691,Person,Brenda Dunn,,,,,,,,0,2
9692,Person,Ivana Din,,,,,,,,0,2
9694,Person,Minoru Ikeda,,,,,,,,0,1
9695,Person,Hanako Suzuki,,,,,,,,0,1
9697,Person,Na Zhang,,,,,,,,0,1
9698,Person,Jie Cui,,,,,,,,0,2
9699,Person,Ming Chen,,,,,,,,0,3
9700,Person,Jaime Watkins,,,,,,,,0,1
9701,Person,Maria Shea,,,,,,,,0,2
9703,Person,Na Wen,,,,,,,,0,2
9704,Person,Xiulan Liang,,,,,,,,0,3
9707,Person,Jason Underwood,,,,,,,,0,2
9708,Person,Brett Whitehead,,,,,,,,0,1
9710,Person,Feliciano Pizarro Moll,,,,,,,,0,2
9711,Person,Alphons Donati-Pederiva,,,,,,,,0,3
9712,Person,Augusto Villaverde Armengol,,,,,,,,0,2
9714,Person,Milica Textor-Sorgatz,,,,,,,,0,1
9715,Person,Oliver Henschel,,,,,,,,0,2
9717,Person,Jennifer Jackson,,,,,,,,0,1
9718,Person,Nancy Pierce,,,,,,,,0,2
9720,Person,Brianna Hopkins,,,,,,,,0,2
9721,Person,Hector Davis,,,,,,,,0,3
9722,Person,Amy Alexander,,,,,,,,0,1
9724,Person,Xiuying Wei,,,,,,,,0,1
9725,Person,Gang Yuan,,,,,,,,0,1
9726,Person,Wei Lin,,,,,,,,0,2
9727,Person,Lei Long,,,,,,,,0,2
9728,Person,Christina Smith,,,,,,,,0,1
9730,Person,Min Zheng,,,,,,,,0,1
9731,Person,Tao Tang,,,,,,,,0,1
9732,Person,Guiying Yuan,,,,,,,,0,1
9733,Person,Ping Meng,,,,,,,,0,2
9734,Person,Wei Huang,,,,,,,,0,3
9736,Person,Hans-Willi Henschel,,,,,,,,0,1
9738,Person,Jing Pan,,,,,,,,0,5
9740,Person,Jun Zou,,,,,,,,0,2
9741,Person,Juan Cheng,,,,,,,,0,1
9742,Person,Qiang Mo,,,,,,,,0,1
9743,Person,Yan Wang,,,,,,,,0,1
9746,Person,Loredana Bertolucci,,,,,,,,0,1
9747,Person,Annetta Fanucci,,,,,,,,0,2
9748,Person,Rolando Paruta,,,,,,,,0,1
9750,Person,Ping Cheng,,,,,,,,0,2
9751,Person,Xiulan Yuan,,,,,,,,0,2
9752,Person,Chao Wei,,,,,,,,0,2
9753,Person,Yan Gong,,,,,,,,0,3
9755,Person,Gang Cui,,,,,,,,0,1
9757,Person,Wei Ye,,,,,,,,0,1
9758,Person,Ming Meng,,,,,,,,0,2
9760,Person,Jie Qiao,,,,,,,,0,1
9761,Person,Dawn Nelson,,,,,,,,0,2
9762,Person,Yang Zou,,,,,,,,0,1
9763,Person,Christopher Nelson,,,,,,,,0,1
9764,Person,Juan Xiong,,,,,,,,0,4
9765,Person,Wei Liao,,,,,,,,0,2
9767,Person,Giovanni Sauer,,,,,,,,0,2
9768,Person,Adalbert Adolph,,,,,,,,0,3
9771,Person,Kristen Parks,,,,,,,,0,5
9773,Person,Ida Kenig,,,,,,,,0,2
9775,Person,Mark Schmidt,,,,,,,,0,1
9776,Person,Leslie Page,,,,,,,,0,2
9778,Person,Margaret Woods,,,,,,,,0,1
9779,Person,Katie Johnston,,,,,,,,0,2
9781,Person,Ryan Rodriguez,,,,,,,,0,1
9782,Person,Karen Munoz,,,,,,,,0,1
9783,Person,Ping Ma,,,,,,,,0,1
9784,Person,Guiying Wu,,,,,,,,0,1
9785,Person,Qiang Pan,,,,,,,,0,1
9786,Person,Ping Cai,,,,,,,,0,2
9789,Person,Pierre David,,,,,,,,0,1
9790,Person,Philippine du Pottier,,,,,,,,0,2
9791,Person,Charlotte Marchand,,,,,,,,0,2
9793,Person,Jie Long,,,,,,,,0,1
9794,Person,Min Fu,,,,,,,,0,2
9796,Person,Jing Wei,,,,,,,,0,1
9799,Person,Robert Bass,,,,,,,,0,2
9800,Person,Gabrielle Brady,,,,,,,,0,1
9804,Person,Tao Hu,,,,,,,,0,1
9805,Person,Bradley Mendez,,,,,,,,0,2
9806,Person,Li Xiong,,,,,,,,0,1
9809,Person,Guiying Kang,,,,,,,,0,4
9811,Person,Micheal Mcguire,,,,,,,,0,2
9812,Person,Yong Shen,,,,,,,,0,1
9813,Person,Ming Mao,,,,,,,,0,1
9814,Person,Tao Shen,,,,,,,,0,1
9816,Person,Klara Kuźnia,,,,,,,,0,1
9819,Person,Min Shi,,,,,,,,0,2
9820,Person,Jessica Schroeder,,,,,,,,0,1
9821,Person,Na Jia,,,,,,,,0,1
9822,Person,Qiang Han,,,,,,,,0,3
9824,Person,Frau Oxana Jüttner,,,,,,,,0,1
9825,Person,Harro Gerlach,,,,,,,,0,1
9826,Person,Friedrich Eberhardt,,,,,,,,0,1
9828,Person,Allison Harris,,,,,,,,0,1
9830,Person,Micheal Collins,,,,,,,,0,2
9832,Person,Herminia Vazquez-Sainz,,,,,,,,0,2
9833,Person,Itziar Mata Marqués,,,,,,,,0,1
9835,Person,Yan Lu,,,,,,,,0,1
9836,Person,Yan Lai,,,,,,,,0,2
9837,Person,Guiying Wei,,,,,,,,0,2
9838,Person,Juan Ye,,,,,,,,0,1
9841,Person,Kazuya Maeda,,,,,,,,0,1
9842,Person,Hanako Yamaguchi,,,,,,,,0,1
9843,Person,Miki Watanabe,,,,,,,,0,1
9845,Person,Ming Dai,,,,,,,,0,1
9846,Person,Gang Mao,,,,,,,,0,2
9847,Person,Juan Long,,,,,,,,0,1
9850,Person,Umang Bala,,,,,,,,0,2
9851,Person,Samarth Saraf,,,,,,,,0,1
9856,Person,Kunigunda Losekann,,,,,,,,0,2
9857,Person,Isidor Hethur,,,,,,,,0,1
9858,Person,Annelise Heidrich,,,,,,,,0,1
9859,Person,Darko Kambs,,,,,,,,0,1
9860,Person,Rolf Pölitz,,,,,,,,0,1
9862,Person,Ronald Johnson,,,,,,,,0,1
9863,Person,Qiang Gao,,,,,,,,0,2
9864,Person,Ping Qian,,,,,,,,0,1
9865,Person,Ping Guo,,,,,,,,0,2
9866,Person,Ping Wan,,,,,,,,0,3
9869,Person,Sharon Mcclain,,,,,,,,0,1
9870,Person,William Alexander,,,,,,,,0,2
9872,Person,Jordan Collins,,,,,,,,0,2
9874,Person,Scott Kemp,,,,,,,,0,2
9876,Person,Kristýna Horváthová,,,,,,,,0,12
9878,Person,Mariusz Burzec,,,,,,Evan Royce,,0,2
9879,Person,Wei He,,,,,,,,0,1
9880,Person,Chao Jia,,,,,,,,0,1
9881,Person,Fang Yi,,,,,,,,0,2
9885,Person,Gabriela Campos,,,,,,,,0,1
9886,Person,Noah Wilson,,,,,,,,0,1
9887,Person,Christina Blair,,,,,,,,0,1
9888,Person,Tyler Brown,,,,,,,,0,2
9889,Person,Adam Sanders,,,,,,,,0,1
9891,Person,Jeffrey Ward,,,,,,,,0,1
9894,Person,Tao Wei,,,,,,,,0,1
9896,Person,Rika Shimizu,,,,,,,,0,1
9898,Person,Ming Wang,,,,,,,,0,3
9900,Person,Xiuying Mo,,,,,,Veritas,,0,2
9901,Person,Yan Xue,,,,,,,,0,1
9904,Person,Aurora Calarco,,,,,,,,0,1
9906,Person,Xiuying Du,,,,,,The Phantom Manifest,,0,1
9907,Person,Xiuying Lin,,,,,,,,0,1
9908,Person,Matthew Salazar,,,,,,,,0,2
9910,Person,Xiulan Zou,,,,,,,,0,1
9911,Person,Jun Yu,,,,,,,,0,1
9913,Person,Regina Davis,,,,,,Q. DYNAMIK,,0,1
9914,Person,Jie Wan,,,,,,,,0,2
9915,Person,Na Wen,,,,,,,,0,4
9917,Person,Kimberly Keller,,,,,,,,0,2
9920,Person,Jie Cao,,,,,,,,0,1
9921,Person,Jun He,,,,,,,,0,1
9923,Person,Teresa Rivera,,,,,,,,0,1
9924,Person,Whitney Humphrey,,,,,,,,0,1
9925,Person,Deborah Davis,,,,,,,,0,1
9926,Person,Amanda Ramos,,,,,,,,0,1
9929,Person,Umang Uppal,,,,,,,,0,1
9930,Person,Zara Choudhury,,,,,,,,0,2
9931,Person,Shayak Chakraborty,,,,,,,,0,2
9934,Person,Diane Brooks,,,,,,,,0,1
9935,Person,David Mayo,,,,,,,,0,1
9936,Person,Jennifer Norris,,,,,,,,0,2
9937,Person,Kimberly Buchanan,,,,,,,,0,1
9938,Person,Carmen Higgins,,,,,,,,0,1
9939,Person,Fang Liu,,,,,,,,0,1
9941,Person,Juan Wen,,,,,,,,0,2
9943,Person,Kimberly Ross,,,,,,,,0,2
9944,Person,Yan Xiong,,,,,,,,0,2
9945,Person,John Hernandez,,,,,,,,0,3
9946,Person,Min Liu,,,,,,,,0,1
9949,Person,Na Deng,,,,,,,,0,1
9950,Person,Jun Feng,,,,,,,,0,1
9952,Person,Craig Ortega,,,,,,,,0,1
9953,Person,Cheryl Suarez,,,,,,,,0,2
9954,Person,Sandy Ray,,,,,,,,0,1
9955,Person,Sharon Sanchez,,,,,,,,0,1
9956,Person,Jing Cui,,,,,,,,0,1
9959,Person,Wei Ma,,,,,,,,0,1
9960,Person,Li Cui,,,,,,,,0,2
9963,Person,Alyssa Thompson,,,,,,,,0,1
9964,Person,Yong Su,,,,,,,,0,1
9965,Person,Juan Qiu,,,,,,,,0,2
9968,Person,Jing Kong,,,,,,,,0,1
9969,Person,Jun Jia,,,,,,,,0,1
9970,Person,Juan Liu,,,,,,,,0,2
9971,Person,Li Deng,,,,,,,,0,1
9972,Person,Mark Martinez,,,,,,,,0,2
9973,Person,Cathrin Bruder,,,,,,,,0,1
9975,Person,Silva Speer,,,,,,,,0,2
9977,Person,Tonya May,,,,,, Nova Black,,0,2
9978,Person,Andrew Garcia,,,,,,HUNNIT BANDZ,,0,1
9979,Person,Steven Weaver,,,,,,,,0,2
9980,Person,Michael Barry,,,,,,,,0,1
9983,Person,Pamela Rollins,,,,,,,,0,1
9984,Person,Katherine Bradley,,,,,,,,0,1
9985,Person,Danny Hill,,,,,,,,0,1
9986,Person,Sean Peck,,,,,,,,0,1
9987,Person,Rose Dean,,,,,,,,0,2
9988,Person,Mathew Schultz,,,,,,,,0,1
9989,Person,James Jackson,,,,,,,,0,1
9990,Person,Gregory Williams,,,,,,,,0,4
9991,Person,Timothy Schmidt,,,,,,,,0,3
9993,Person,Wei Shi,,,,,,,,0,1
9994,Person,Juan Song,,,,,,,,0,4
9997,Person,Yan Su,,,,,,,,0,1
9998,Person,Guiying Zheng,,,,,,,,0,2
10000,Person,Julie Thompson,,,,,,,,0,2
10001,Person,Laura Lee,,,,,,,,0,3
10003,Person,Tao Qian,,,,,,,,0,2
10005,Person,Chao Zhao,,,,,,,,0,2
10006,Person,Yang Cai,,,,,,,,0,1
10007,Person,Jie Han,,,,,,,,0,1
10009,Person,Xiulan Shen,,,,,,,,0,2
10011,Person,Lei Long,,,,,,,,0,1
10012,Person,Jing Song,,,,,,,,0,1
10013,Person,Juan Bai,,,,,,,,0,1
10014,Person,Alexandra Obrien,,,,,,,,0,1
10015,Person,Wei Yu,,,,,,,,0,1
10017,Person,Ping Liao,,,,,,,,0,1
10018,Person,Trevor Bass,,,,,,,,0,1
10019,Person,Xiuying Du,,,,,,,,0,1
10020,Person,Xia Yuan,,,,,,,,0,1
10021,Person,Sandra Burke,,,,,,,,0,1
10022,Person,Yan Li,,,,,,,,0,2
10024,Person,Yan Hao,,,,,,,,0,1
10025,Person,Juan Xue,,,,,,,,0,1
10026,Person,Jing Qian,,,,,,,,0,2
10027,Person,Wei Tang,,,,,,,,0,1
10028,Person,Yang Zhong,,,,,,,,0,1
10029,Person,Tao Pan,,,,,,,,0,1
10030,Person,Tao Xia,,,,,,,,0,2
10031,Person,Li Luo,,,,,,,,0,2
10033,Person,Yan Zhou,,,,,,,,0,1
10034,Person,Min Jia,,,,,,,,0,1
10036,Person,Xiulan Gong,,,,,,,,0,1
10037,Person,Ping Liao,,,,,,,,0,1
10038,Person,Chao Wang,,,,,,,,0,1
10039,Person,Jun Fu,,,,,,,,0,1
10040,Person,Jing Meng,,,,,,,,0,1
10041,Person,Ming Cao,,,,,,,,0,1
10042,Person,Gang Gao,,,,,,,,0,1
10044,Person,James Goodwin,,,,,,,,0,2
10047,Person,Chao Xu,,,,,,,,0,1
10048,Person,Min Peng,,,,,,,,0,1
10049,Person,Jun Duan,,,,,,,,0,1
10050,Person,Xiulan Gu,,,,,,,,0,1
10051,Person,Ping Hao,,,,,,,,0,2
10052,Person,Yong Lai,,,,,,,,0,1
10053,Person,Qiang Shen,,,,,,,,0,2
10054,Person,Juan Xie,,,,,,,,0,1
10056,Person,Tiziano Bianchi,,,,,, Mona Rey,,0,2
10057,Person,Anthony Scott,,,,,,,,0,1
10058,Person,Vincenza Tropea,,,,,,,,0,1
10059,Person,Luigina Lattuada-Carfagna,,,,,,,,0,2
10060,Person,Marina Giradello-Pellegrini,,,,,,,,0,1
10061,Person,Matilda Gottardi,,,,,,,,0,1
10064,Person,Nicole Mccormick,,,,,,,,0,1
10065,Person,Robert Cannon,,,,,,,,0,1
10066,Person,Craig Gonzalez,,,,,,,,0,2
10069,Person,Rosmarie Losekann,,,,,,,,0,1
10070,Person,Karla Säuberlich-Reichmann,,,,,,,,0,1
10072,Person,Jérôme Blanchet,,,,,,,,0,2
10073,Person,Maurice Lacroix,,,,,,,,0,1
10074,Person,Renée Tanguy-Henry,,,,,,,,0,1
10076,Person,Ming He,,,,,,,,0,2
10077,Person,Jun Ma,,,,,,,,0,1
10078,Person,Tao Yu,,,,,,,,0,2
10079,Person,Tao Xiang,,,,,,,,0,1
10082,Person,Hortense Peron,,,,,,,,0,2
10083,Person,Brandi Riley,,,,,,,,0,2
10087,Person,Na Wen,,,,,,,,0,2
10089,Person,Kimaya Jaggi,,,,,,,,0,2
10092,Person,Xavier Pierre,,,,,,Xavier,,0,2
10093,Person,William de la Valentin,,,,,,,,0,1
10095,Person,Fang Xiang,,,,,,,,0,1
10096,Person,Qiang Gu,,,,,,,,0,2
10097,Person,Ping Zhang,,,,,,,,0,1
10099,Person,Catalina Borja Barbero,,,,,,Davin Tate,,0,1
10100,Person,Graciana Sacristán Saura,,,,,,,,0,2
10101,Person,Rosenda Reyes Salazar,,,,,,,,0,2
10103,Person,Yan Yao,,,,,,,,0,1
10104,Person,Gang Xia,,,,,,,,0,2
10106,Person,Leif Bien,,,,,,,,0,1
10107,Person,Margaretha Sager,,,,,,,,0,2
10108,Person,Elsbeth Löwer,,,,,,,,0,1
10109,Person,Alexej Klotz,,,,,,,,0,1
10112,Person,Lei Cheng,,,,,,,,0,1
10113,Person,Jing Lai,,,,,,,,0,1
10115,Person,Léon Lemaire,,,,,,,,0,1
10117,Person,David Hernandez,,,,,,,,0,3
10118,Person,Miss Kathleen Price,,,,,,,,0,2
10122,Person,Wei Xia,,,,,,,,0,1
10123,Person,Larry Mendez,,,,,,,,0,1
10125,Person,Maaya Suzuki,,,,,,,,0,2
10126,Person,Hiroshi Yamamoto,,,,,,,,0,1
10127,Person,Chiyo Ota,,,,,,,,0,1
10129,Person,Catherine Mcdonald,,,,,,,,0,1
10130,Person,Linda Bailey,,,,,,,,0,1
10131,Person,Rhonda Guerrero,,,,,,,,0,1
10134,Person,Kamila Bobko,,,,,,,,0,1
10136,Person,Bianka Tabak,,,,,,,,0,1
10137,Person,Olaf Dymarczyk,,,,,,,,0,1
10139,Person,Melissa Warren,,,,,,,,0,3
10144,Person,Chao Xue,,,,,,,,0,1
10145,Person,Leah Dixon,,,,,,,,0,1
10146,Person,Yong Zhu,,,,,,,,0,2
10147,Person,Yan Li,,,,,,,,0,1
10148,Person,Yan Cao,,,,,,,,0,1
10149,Person,Gang Li,,,,,,,,0,3
10151,Person,Emily Campos,,,,,,,,0,2
10152,Person,Haley Lawson,,,,,,,,0,1
10154,Person,Lei Jiang,,,,,,,,0,1
10157,Person,Isaac Huet du Cousin,,,,,,,,0,1
10161,Person,Guiying Dai,,,,,,,,0,1
10162,Person,Tao Xu,,,,,,,,0,1
10163,Person,Qiang Gong,,,,,,,,0,2
10164,Person,Jing Gong,,,,,,,,0,1
10166,Person,Li Qian,,,,,,,,0,1
10167,Person,Min Kang,,,,,,,,0,2
10168,Person,Fang Cai,,,,,,,,0,1
10170,Person,Tao Cai,,,,,,,,0,2
10171,Person,Qiang Pan,,,,,,,,0,1
10172,Person,Tao Shao,,,,,,,,0,1
10174,Person,Yan Shi,,,,,,,,0,1
10176,Person,Dana Medina,,,,,,,,0,1
10177,Person,Min Fan,,,,,,,,0,1
10178,Person,Ming Kang,,,,,,,,0,2
10180,Person,Yang Yang,,,,,,,,0,2
10181,Person,Guiying Shi,,,,,,,,0,1
10184,Person,Curt Wieloch,,,,,,,,0,2
10186,Person,Amanda Peterson,,,,,,,,0,2
10187,Person,Alexander Carr,,,,,,,,0,1
10188,Person,Lisa Miller,,,,,,,,0,2
10189,Person,Joseph Ho,,,,,,,,0,1
10190,Person,Colleen Richards,,,,,,,,0,1
10191,Person,Jie Lei,,,,,,,,0,1
10193,Person,Min Mo,,,,,,,,0,2
10195,Person,Natan Molka,,,,,,,,0,1
10196,Person,Grzegorz Pacocha,,,,,,,,0,1
10199,Person,Patrick Herrera,,,,,,,,0,2
10200,Person,Fenne Ferran,,,,,,,,0,1
10202,Person,Xiuying Xu,,,,,, Onyx Rose,,0,1
10203,Person,Yang Dong,,,,,,,,0,2
10204,Person,Na Xiong,,,,,,,,0,1
10205,Person,Juan Cui,,,,,,,,0,2
10207,Person,Leoncio de Moliner,,,,,, C.R. Frost,,0,2
10208,Person,Gabriel Barr,,,,,,,,0,2
10209,Person,Matthew Gallagher,,,,,,,,0,2
10210,Person,Michelle Smith,,,,,,,,0,2
10212,Person,Robert Jenkins,,,,,,,,0,3
10213,Person,Richard Morton,,,,,,,,0,1
10214,Person,Kari Williams,,,,,,,,0,1
10216,Person,Gang Sun,,,,,,,,0,1
10219,Person,Chao Zhong,,,,,, Dawn,,0,1
10220,Person,Xiulan Yang,,,,,,,,0,1
10221,Person,Yosuke Matsumoto,,,,,,,,0,1
10223,Person,Lei Lu,,,,,,,,0,6
10224,Person,Xia Song,,,,,,,,0,5
10225,Person,Jie Wang,,,,,,,,0,1
10227,Person,Inès-Adèle Valette,,,,,,,,0,3
10228,Person,Robert Renault,,,,,,,,0,2
10230,Person,Charles Shaw,,,,,,,,0,2
10231,Person,James Williams,,,,,,,,0,1
10233,Person,Natasha Duncan,,,,,,,,0,1
10234,Person,Jason Baker,,,,,,,,0,1
10237,Person,Heather Lutz,,,,,,,,0,5
10238,Person,Erika Austin,,,,,,,,0,1
10239,Person,Kimberly Nelson,,,,,,,,0,2
10242,Person,Xiuying Kang,,,,,,,,0,1
10243,Person,Ming Long,,,,,,,,0,1
10244,Person,Gang Yi,,,,,,,,0,2
10245,Person,Sue May,,,,,,,,0,1
10248,Person,Melissa Watson,,,,,,,,0,1
10250,Person,Li Wu,,,,,,,,0,3
10251,Person,Fang Mao,,,,,,,,0,6
10253,Person,Na Gu,,,,,,,,0,2
10254,Person,Chao Cui,,,,,,,,0,1
10255,Person,Na Bai,,,,,,,,0,1
10256,Person,Lei Yin,,,,,,,,0,1
10257,Person,Guiying Pan,,,,,,,,0,1
10260,Person,Brent Larsen,,,,,,,,0,1
10261,Person,Min Cui,,,,,,,,0,2
10262,Person,Mark Heath,,,,,,,,0,1
10263,Person,Fang Pan,,,,,,,,0,2
10264,Person,Ming Yi,,,,,,,,0,1
10265,Person,Wei Pan,,,,,,,,0,1
10267,Person,Mary Mies,,,,,,,,0,1
10268,Person,Janette Reuter,,,,,,,,0,1
10271,Person,Tao Xu,,,,,,,,0,1
10272,Person,Xiulan Duan,,,,,,,,0,1
10273,Person,Tao Li,,,,,,,,0,1
10274,Person,Qiang Gu,,,,,,,,0,1
10276,Person,Yan Hou,,,,,,,,0,2
10277,Person,Jie Dong,,,,,,,,0,1
10278,Person,Chao Yan,,,,,,,,0,1
10280,Person,Szymon Pazik,,,,,,,,0,1
10284,Person,Terry Nelson,,,,,,,,0,1
10285,Person,Phillip Kane,,,,,,,,0,1
10286,Person,Michael Perez,,,,,,,,0,1
10287,Person,Benjamin Chen,,,,,,,,0,1
10288,Person,Jeffrey Butler,,,,,,,,0,2
10291,Person,Jun Tian,,,,,,,,0,1
10292,Person,Juan Yin,,,,,,,,0,1
10293,Person,Jun Kong,,,,,,,,0,2
10296,Person,Xiuying Xia,,,,,,,,0,1
10297,Person,Guiying Lei,,,,,,,,0,2
10298,Person,Jing Kong,,,,,,,,0,1
10299,Person,Xia Cai,,,,,,,,0,1
10302,Person,Fabian Durys,,,,,,,,0,1
10303,Person,Konrad Meissner,,,,,,,,0,4
10304,Person,Ida Ryfa,,,,,,,,0,3
10305,Person,Magdalene Fliegner,,,,,,,,0,1
10306,Person,Natasza Dydo,,,,,,,,0,4
10307,Person,Klara Parkitna,,,,,,,,0,2
10311,Person,Siya Sahni,,,,,,,,0,4
10312,Person,Ishita Bahri,,,,,,,,0,2
10314,Person,Andree Tschentscher,,,,,,,,0,1
10315,Person,Theres Roht,,,,,,,,0,1
10316,Person,Tülay Tlustek,,,,,,,,0,1
10320,Person,Mark Hellevoort-Verbruggen,,,,,,,,0,1
10321,Person,Szymon Samol,,,,,,,,0,1
10322,Person,Femke Mulder,,,,,,,,0,2
10323,Person,Julie van der Noot,,,,,,,,0,1
10324,Person,Mats Bökenkamp,,,,,,,,0,1
10325,Person,Julie Schatteleijn-Haack,,,,,,,,0,2
10326,Person,Sofie van der Hoeven,,,,,,,,0,1
10327,Person,Jesper Heijmans,,,,,,,,0,1
10328,Person,Femke van Dagsburg,,,,,,,,0,1
10329,Person,Bibi Vos,,,,,,,,0,1
10330,Person,Cato van Holland,,,,,,,,0,1
10331,Person,Piotr Smoter,,,,,,,,0,1
10334,Person,Ming Shao,,,,,, Terra,,0,1
10335,Person,Na Qin,,,,,,,,0,2
10339,Person,Xia Xiao,,,,,,,,0,1
10340,Person,Li Lu,,,,,,,,0,1
10341,Person,Jun Yu,,,,,,,,0,1
10343,Person,Colleen Velazquez,,,,,, The Raven,,0,1
10344,Person,Jeffrey Munoz PhD,,,,,,,,0,2
10345,Person,Amber Bates,,,,,,,,0,1
10346,Person,Thomas Salinas,,,,,,,,0,2
10347,Person,Robert Garcia,,,,,,,,0,4
10348,Person,Cody Patterson,,,,,,,,0,1
10349,Person,Ryan Austin,,,,,,,,0,3
10351,Person,Rémy Jourdan,,,,,,,,0,1
10352,Person,Brigitte Langlois,,,,,,,,0,1
10355,Person,Ishaan Mahal,,,,,,,,0,1
10356,Person,Yuvaan Chopra,,,,,,,,0,2
10357,Person,Heer Balan,,,,,,,,0,1
10359,Person,Nicole Gonzalez,,,,,,Electric Nocturne,,0,2
10360,Person,Angela Gonzalez,,,,,,,,0,1
10362,Person,Ming Shi,,,,,,,,0,2
10363,Person,Guiying Song,,,,,,,,0,3
10364,Person,Jing Tian,,,,,,,,0,4
10365,Person,Tao Hou,,,,,,,,0,2
10369,Person,Jesus Rivas,,,,,,,,0,1
10370,Person,Jill Goodman,,,,,,,,0,1
10371,Person,Marc Drake,,,,,,,,0,1
10372,Person,Phillip Jones,,,,,,,,0,1
10373,Person,Sharon Grant,,,,,,,,0,2
10374,Person,Hannah Payne,,,,,,,,0,1
10375,Person,Yong Hu,,,,,,,,0,2
10377,Person,Przemysław Szałkiewicz,,,,,,,,0,2
10378,Person,Roksana Kurzak,,,,,,,,0,1
10380,Person,Elizabeth Hill,,,,,,,,0,1
10381,Person,Christie Woods,,,,,,,,0,1
10382,Person,Jennifer Reese,,,,,,,,0,2
10386,Person,Ping Mao,,,,,,,,0,1
10387,Person,Tao Yan,,,,,,,,0,2
10389,Person,Na Feng,,,,,,,,0,2
10391,Person,Li Lei,,,,,,,,0,1
10393,Person,Caleb Hunter,,,,,,,,0,1
10394,Person,Debbie Edwards,,,,,,,,0,1
10395,Person,Tiffany Martinez,,,,,,,,0,1
10396,Person,Thomas Palmer,,,,,,,,0,2
10397,Person,Eric King,,,,,,,,0,1
10399,Person,Ping Du,,,,,,,,0,1
10400,Person,Fang Zeng,,,,,,,,0,1
10401,Person,Lei Yao,,,,,,,,0,1
10403,Person,Elizabeth Nguyen,,,,,,,,0,4
10405,Person,Moritz Keudel,,,,,,,,0,1
10407,Person,Guiying Pan,,,,,,,,0,2
10408,Person,Xiuying Duan,,,,,,,,0,2
10409,Person,Ping Zheng,,,,,,,,0,1
10410,Person,Na Zhong,,,,,,,,0,3
10411,Person,Gang Meng,,,,,,,,0,1
10413,Person,Jun Hou,,,,,,,,0,1
10414,Person,Ping Wen,,,,,,,,0,1
10416,Person,Chao Yi,,,,,,,,0,3
10418,Person,Juan Li,,,,,,,,0,2
10420,Person,Yang Tian,,,,,,,,0,1
10422,Person,Chao Yi,,,,,,,,0,1
10423,Person,Tao Fang,,,,,,,,0,1
10424,Person,Karen Garcia,,,,,,,,0,1
10425,Person,Ming Fan,,,,,,,,0,1
10427,Person,Xiulan Mo,,,,,,,,0,2
10428,Person,Lei Xue,,,,,,,,0,1
10429,Person,Min Xia,,,,,,,,0,2
10430,Person,Jörg Niemeier,,,,,,,,0,6
10433,Person,Xia Chen,,,,,,,,0,1
10436,Person,Julie Larson,,,,,,,,0,2
10438,Person,Blake Melton,,,,,,,,0,2
10440,Person,Juanito Jimenez Hernández,,,,,,,,0,2
10442,Person,Kelly Jones,,,,,,,,0,5
10445,Person,Emily Taylor,,,,,,,,0,1
10446,Person,Christopher Gonzalez,,,,,,,,0,2
10449,Person,Samantha Munoz,,,,,,,,0,1
10450,Person,Urte Bachmann,,,,,,,,0,1
10451,Person,Erdmute Hermann-Karge,,,,,,,,0,4
10452,Person,Erkan Barkholz,,,,,,,,0,7
10454,Person,Jamie Smith,,,,,, Nova,,0,1
10455,Person,Nathaniel Craig,,,,,,,,0,2
10456,Person,Kayla Roberson,,,,,,,,0,2
10458,Person,Daniel Johnson,,,,,,,,0,1
10459,Person,Roger Allen,,,,,,,,0,1
10460,Person,Joyce Jackson,,,,,,,,0,1
10462,Person,Jun Shen,,,,,,,,0,1
10463,Person,Fang Lei,,,,,,,,0,1
10465,Person,Jie Zeng,,,,,,,,0,1
10466,Person,Fang Ma,,,,,,,,0,2
10467,Person,Debbie Hall,,,,,,,,0,1
10470,Person,Min Gong,,,,,,,,0,1
10471,Person,Ping Zhang,,,,,,,,0,1
10472,Person,Lei Yan,,,,,,,,0,1
10473,Person,Fang Meng,,,,,,,,0,2
10474,Person,Xiulan Tan,,,,,,,,0,1
10476,Person,Norbert Flisek,,,,,,,,0,3
10477,Person,Monika Przewłoka,,,,,,,,0,2
10479,Person,Xiuying Yan,,,,,,,,0,6
10481,Person,Charles Brown,,,,,, Mercury Stone,,0,1
10482,Person,Antonio Johnson,,,,,,,,0,3
10483,Person,Michelle Moore,,,,,,,,0,1
10485,Person,Chao Zhu,,,,,,,,0,1
10486,Person,Gang Lei,,,,,,,,0,1
10487,Person,Guiying Qiao,,,,,,,,0,2
10489,Person,Rick Franklin,,,,,,,,0,2
10490,Person,Meredith Hamilton,,,,,,,,0,1
10491,Person,Mitchell Mcpherson,,,,,,,,0,1
10494,Person,Yan Pan,,,,,,Corey Knight,,0,1
10495,Person,Jing Shen,,,,,,,,0,1
10496,Person,Fang Ren,,,,,,,,0,2
10497,Person,Xia Yuan,,,,,,,,0,2
10500,Person,Dominik Preiß,,,,,,,,0,1
10501,Person,Juan Pan,,,,,,,,0,2
10502,Person,Xiuying Ye,,,,,,,,0,2
10506,Person,Xia Yuan,,,,,,,,0,1
10508,Person,Tammy Turner,,,,,,Tammy,,0,1
10509,Person,Kristina Jackson,,,,,,,,0,2
10510,Person,Martin Ramirez,,,,,,,,0,1
10511,Person,Devin Wallace,,,,,,,,0,1
10512,Person,Jacob Garcia,,,,,,,,0,1
10514,Person,Paula Palmer,,,,,,,,0,1
10516,Person,Adira Chaudhuri,,,,,,,,0,1
10518,Person,Jessica Russell,,,,,,,,0,3
10522,Person,Qiang Dai,,,,,,,,0,1
10524,Person,Gang Bai,,,,,,,,0,2
10525,Person,Jing Fu,,,,,,,,0,1
10526,Person,Jun Jiang,,,,,,,,0,1
10527,Person,Ming Huang,,,,,,,,0,1
10528,Person,Jing Ding,,,,,,,,0,2
10529,Person,Omar Lewis,,,,,,,,0,2
10531,Person,Li Zheng,,,,,,,,0,1
10533,Person,Noor van Hoevel en van Zwindrecht,,,,,,,,0,2
10536,Person,Kunigunde Pechel,,,,,,,,0,2
10537,Person,Hortense du Dijoux,,,,,,,,0,2
10539,Person,Kristina Martinez,,,,,, Rosa Santos,,0,1
10540,Person,Sean Lewis,,,,,,,,0,1
10541,Person,Cheryl Peterson,,,,,,,,0,1
10542,Person,Perry Thompson,,,,,,,,0,1
10545,Person,Ming Deng,,,,,,,,0,1
10546,Person,Juan Zhong,,,,,,,,0,1
10547,Person,Na Shao,,,,,,,,0,1
10548,Person,Alisha Hartman,,,,,,,,0,2
10551,Person,Lei Tang,,,,,,,,0,1
10553,Person,Ming Tang,,,,,,,,0,2
10554,Person,Ping Fan,,,,,,,,0,6
10555,Person,Leandro Artigas Benítez,,,,,,,,0,5
10556,Person,Juan Cao,,,,,,,,0,1
10558,Person,Chuy Calderon Chaves,,,,,,,,0,1
10559,Person,Lupe Neira,,,,,,,,0,1
10560,Person,Guiying Hao,,,,,,,,0,1
10563,Person,Robert Carlson,,,,,,,,0,1
10564,Person,Daniel Aubert-Brunet,,,,,,,,0,5
10565,Person,Susan Garcia,,,,,,,,0,1
10568,Person,Jing Ren,,,,,,,,0,2
10569,Person,Yang Gao,,,,,,,,0,1
10570,Person,Jie Fang,,,,,,,,0,1
10571,Person,Francisco Kerr,,,,,,,,0,1
10572,Person,Matthew Adams,,,,,,,,0,1
10573,Person,Xiuying Qin,,,,,,,,0,1
10575,Person,Scott Snyder,,,,,,,,0,4
10577,Person,Gang Zheng,,,,,,,,0,1
10578,Person,Yang Mo,,,,,,,,0,2
10579,Person,Ashlee White,,,,,,,,0,1
10580,Person,Charlotte Escobar,,,,,,,,0,1
10581,Person,Juan Mao,,,,,,,,0,2
10583,Person,Lei Shao,,,,,,,,0,2
10586,Person,Amanda Lee,,,,,,Y$O FLAME (Young & Stacked Only),,0,1
10587,Person,Xiulan Zou,,,,,,,,0,1
10588,Person,Gang Chen,,,,,,,,0,2
10590,Person,Qiang Dong,,,,,,,,0,1
10591,Person,Jun Hao,,,,,,,,0,2
10592,Person,Yan Xiao,,,,,,,,0,1
10594,Person,Edward Morgan,,,,,,,,0,5
10597,Person,William Hansen,,,,,,,,0,1
10598,Person,Mark Martin,,,,,,,,0,2
10599,Person,Shawn Koch,,,,,,,,0,1
10602,Person,Vinnie Cole,,,,,,Vinnie,,0,1
10603,Person,Yong Xue,,,,,,,,0,1
10604,Person,Chao Yi,,,,,,,,0,1
10605,Person,Wei Yao,,,,,,,,0,1
10606,Person,Xiuying Peng,,,,,,,,0,1
10607,Person,Tao Zhu,,,,,,,,0,1
10609,Person,Kathleen Carroll,,,,,,,,0,1
10610,Person,Kenneth Knight,,,,,,,,0,2
10611,Person,Tiffany Lutz,,,,,,,,0,1
10613,Person,Tim Slingerland,,,,,,,,0,2
10614,Person,Femke de Koning-Hendriks,,,,,,,,0,1
10615,Person,Victor Miller,,,,,,,,0,1
10617,Person,Alexa Thomas,,,,,,,,0,1
10618,Person,George Snyder,,,,,,,,0,2
10619,Person,Kelly Sanders,,,,,,,,0,1
10621,Person,Qiang Huang,,,,,,,,0,1
10622,Person,Dale Suarez,,,,,,,,0,1
10623,Person,Jie Wang,,,,,,,,0,1
10626,Person,Helmtrud Mälzer-Paffrath,,,,,,,,0,1
10627,Person,Gudula Riehl,,,,,,,,0,1
10629,Person,Debra Jones,,,,,,,,0,2
10630,Person,Thomas Brown,,,,,,,,0,1
10633,Person,Jennifer Boyer,,,,,,,,0,1
10634,Person,Li Zhu,,,,,,,,0,1
10635,Person,Sarah Clark,,,,,,,,0,2
10637,Person,Ming Zhong,,,,,,,,0,4
10638,Person,Juan Dong,,,,,,,,0,2
10639,Person,Min Mo,,,,,,,,0,3
10640,Person,Tao Deng,,,,,,,,0,1
10643,Person,Tara Becker,,,,,,,,0,1
10644,Person,Julia Berry,,,,,,,,0,1
10646,Person,Xia Qiao,,,,,,,,0,2
10647,Person,Xiuying Hou,,,,,,,,0,2
10649,Person,Wei Liu,,,,,,,,0,2
10650,Person,Lei Guo,,,,,,,,0,1
10652,Person,Guiying Lei,,,,,,,,0,2
10654,Person,Patricia Jackson,,,,,,,,0,2
10655,Person,Gregory Kane,,,,,,,,0,1
10656,Person,Jessica Coleman,,,,,,,,0,1
10658,Person,Tanya Ratta,,,,,,,,0,1
10660,Person,Karl-August Beyer,,,,,,,,0,5
10661,Person,Angelina Sölzer,,,,,,,,0,6
10663,Person,Min Feng,,,,,,,,0,1
10664,Person,Elizabeth Garcia,,,,,,,,0,2
10665,Person,Ming Dai,,,,,,,,0,1
10667,Person,Agnes Stahr,,,,,,,,0,1
10669,Person,Yan Kang,,,,,,,,0,2
10670,Person,Tao Yin,,,,,,,,0,2
10671,Person,Yan Guo,,,,,,,,0,3
10672,Person,Jun Shao,,,,,,,,0,2
10675,Person,Gang He,,,,,,,,0,1
10677,Person,Jason Chavez,,,,,, Echo Phoenix,,0,1
10678,Person,Derek Robinson,,,,,,Feral Aria,,0,2
10679,Person,Sharon Mitchell,,,,,,,,0,1
10680,Person,Timothy Sanders,,,,,,,,0,1
10682,Person,Bianka Herrmann,,,,,,,,0,1
10683,Person,Juergen Carsten,,,,,,,,0,1
10686,Person,Michael Hill,,,,,,,,0,1
10687,Person,David Duncan,,,,,,,,0,1
10688,Person,Monique Jefferson,,,,,,,,0,2
10689,Person,Gail Garrett,,,,,,,,0,1
10690,Person,Robert Cowan,,,,,,,,0,1
10691,Person,Cassandra Carroll,,,,,,,,0,2
10692,Person,Kimberly Martin,,,,,,,,0,1
10695,Person,William Cruz,,,,,,,,0,2
10696,Person,David Moore,,,,,,,,0,2
10697,Person,Amanda Brock,,,,,,,,0,3
10701,Person,Adam Gill,,,,,,,,0,2
10702,Person,Xiulan Zou,,,,,,,,0,1
10703,Person,Xiuying Shi,,,,,,,,0,1
10705,Person,Ming Duan,,,,,,Nova Apparition,,0,1
10706,Person,Xiuying Ding,,,,,,,,0,1
10707,Person,Glenn Lewis,,,,,,,,0,2
10708,Person,Qiang Dai,,,,,,,,0,1
10710,Person,Ryan Woodard,,,,,,,,0,1
10711,Person,Kyle Smith,,,,,,,,0,2
10712,Person,Eric Holland,,,,,,,,0,1
10713,Person,John Reed,,,,,,,,0,2
10714,Person,Randy Gonzalez,,,,,,,,0,1
10717,Person,Tao Gao,,,,,,,,0,1
10718,Person,Brian Hall,,,,,,,,0,2
10719,Person,Chao Bai,,,,,,,,0,1
10720,Person,Sean Rogers,,,,,,,,0,1
10721,Person,Xiulan Shao,,,,,,,,0,2
10723,Person,Qiang Lai,,,,,,,,0,2
10724,Person,Juan Kang,,,,,,,,0,1
10725,Person,Guiying Mo,,,,,,,,0,2
10729,Person,Pierluigi Telesio,,,,,,,,0,3
10731,Person,Xiuying Lin,,,,,,,,0,2
10732,Person,Melissa Moore,,,,,,,,0,1
10733,Person,Jeffrey Miller,,,,,,,,0,1
10734,Person,Juan Cao,,,,,,,,0,2
10735,Person,Juan Yuan,,,,,,,,0,1
10737,Person,Yan Xiong,,,,,,,,0,1
10738,Person,Jun Ding,,,,,,,,0,3
10739,Person,Na Yu,,,,,,,,0,1
10742,Person,Scott Mckinney,,,,,,,,0,4
10743,Person,Brandon Morales,,,,,,,,0,2
10744,Person,Terry Gonzalez,,,,,,,,0,5
10745,Person,Peter Jacobi Jäckel,,,,,,,,0,4
10748,Person,Clinton Fischer,,,,,, Obsidian Soul,,0,1
10749,Person,Franck Joly,,,,,,,,0,1
10750,Person,Melissa Rivas,,,,,,,,0,2
10751,Person,Erica Lopez,,,,,,,,0,1
10752,Person,Jillian Salazar,,,,,,,,0,2
10753,Person,David Allison,,,,,,,,0,1
10755,Person,Qiang Sun,,,,,,,,0,1
10756,Person,Xia Kang,,,,,,,,0,2
10757,Person,Ming Hao,,,,,,,,0,1
10758,Person,Yong Yao,,,,,,,,0,2
10760,Person,Cyprian Goss,,,,,,,,0,2
10762,Person,Chao Shi,,,,,,,,0,2
10763,Person,Gang Gong,,,,,,,,0,1
10764,Person,Michael Buchanan,,,,,,,,0,1
10766,Person,Taichi Watanabe,,,,,,,,0,1
10768,Person,Dean Stevens,,,,,,,,0,3
10769,Person,Stephen Chavez,,,,,,,,0,1
10770,Person,Brian Gonzalez,,,,,,,,0,2
10772,Person,Yang Cao,,,,,,,,0,2
10774,Person,Marvin Heuser,,,,,,,,0,1
10775,Person,Bernard-Alain Parent,,,,,,,,0,1
10776,Person,Chloë de Gruil,,,,,,,,0,7
10778,Person,Juan Ren,,,,,,Nate Bishop,,0,1
10779,Person,Jing Tan,,,,,,,,0,1
10780,Person,Gang He,,,,,,,,0,1
10781,Person,Lei Zhong,,,,,,,,0,1
10783,Person,Li Hu,,,,,,,,0,1
10784,Person,Tao Shao,,,,,,,,0,1
10785,Person,Terry Castillo,,,,,,,,0,2
10786,Person,Tao Zhang,,,,,,,,0,1
10788,Person,Vidur Khatri,,,,,, Rex VIII,,0,2
10789,Person,Veer Raju,,,,,,,,0,1
10790,Person,Rhea Chatterjee,,,,,,,,0,1
10792,Person,Richard Vazquez,,,,,,,,0,1
10794,Person,Frédéric de la Coulon,,,,,,,,0,5
10795,Person,Kristina Lang,,,,,,,,0,1
10796,Person,Tiffany Cain,,,,,,,,0,2
10797,Person,Aarav Chada,,,,,,,,0,1
10798,Person,Valérie Mathieu,,,,,,,,0,4
10801,Person,Devansh Divan,,,,,,,,0,2
10802,Person,Misha Batta,,,,,,,,0,2
10803,Person,Fateh Dube,,,,,,,,0,3
10804,Person,Sumer Kakar,,,,,,,,0,3
10807,Person,Ping Cheng,,,,,,,,0,2
10808,Person,Xia Liao,,,,,,,,0,1
10809,Person,Yan Gu,,,,,,,,0,1
10810,Person,Chao Shao,,,,,,,,0,1
10811,Person,Jing Wang,,,,,,,,0,1
10813,Person,Maks Bodek,,,,,,,,0,1
10816,Person,Livio Brenna,,,,,,Velvet Anachronism,,0,1
10817,Person,Nino Pasolini,,,,,,,,0,2
10820,Person,Nout Zijlmans,,,,,,,,0,1
10821,Person,Xiuying Hou,,,,,,,,0,1
10822,Person,Min Su,,,,,,,,0,1
10823,Person,Xia Wang,,,,,,,,0,3
10824,Person,Fang Shen,,,,,,,,0,1
10827,Person,Juan Dai,,,,,, Marco Sun,,0,1
10828,Person,Li Tao,,,,,,,,0,1
10829,Person,Gang He,,,,,,,,0,1
10830,Person,Jie Tang,,,,,,,,0,1
10831,Person,Ronald Santos,,,,,,,,0,2
10832,Person,Wei Yin,,,,,,,,0,1
10834,Person,Heidi Berry,,,,,,,,0,2
10838,Person,Shane Davis,,,,,,,,0,1
10841,Person,Leslie Moore,,,,,,,,0,2
10842,Person,Julie Thomas,,,,,,,,0,1
10843,Person,Daniel Watson,,,,,,,,0,1
10845,Person,Courtney Johnston,,,,,,,,0,1
10846,Person,Gang Fan,,,,,,,,0,1
10847,Person,Jun Yin,,,,,,,,0,2
10849,Person,Lisa Crawford,,,,,,,,0,3
10851,Person,Katy Spieß,,,,,,,,0,1
10852,Person,Jessica Esparza,,,,,,,,0,1
10853,Person,Imelda Reising-Franke,,,,,,,,0,2
10856,Person,Adam Arnold,,,,,,,,0,1
10857,Person,Carlos Townsend,,,,,,,,0,1
10858,Person,Norma Huff,,,,,,,,0,2
10860,Person,Roksana Kurzyna,,,,,,,,0,1
10862,Person,Rebecca Bennett,,,,,, Cobalt Sky,,0,1
10863,Person,Craig Villanueva,,,,,,Sepia Reverie,,0,1
10864,Person,Alexander Rose,,,,,,,,0,2
10865,Person,Michael Richard,,,,,,,,0,2
10866,Person,Rhonda Mendez,,,,,,,,0,1
10867,Person,Jonathan Gonzales,,,,,,,,0,1
10868,Person,Ryan Palmer,,,,,,,,0,2
10869,Person,Adam Smith,,,,,,,,0,1
10870,Person,Thomas Robinson,,,,,,,,0,1
10871,Person,Dylan Miller,,,,,,,,0,1
10872,Person,Audrey Fritz,,,,,,,,0,2
10873,Person,Mackenzie Garza,,,,,,,,0,1
10876,Person,Cory Garrett,,,,,,,,0,1
10877,Person,Yvonne Mullins,,,,,,,,0,1
10878,Person,Amy Campbell,,,,,,,,0,1
10879,Person,Shane Alexander,,,,,,,,0,2
10881,Person,Xiulan Xie,,,,,,,,0,2
10882,Person,Traci Thomas,,,,,,,,0,1
10884,Person,Yang Lei,,,,,,,,0,2
10885,Person,Ping Du,,,,,,,,0,4
10886,Person,Xiulan Jia,,,,,,,,0,2
10887,Person,Jing Li,,,,,,,,0,3
10888,Person,Wei Wu,,,,,,,,0,1
10889,Person,Guiying Zeng,,,,,,,,0,1
10890,Person,Jun Fu,,,,,,,,0,1
10891,Person,Wei Fan,,,,,,,,0,2
10894,Person,Jackson Monroe,,,,,,Jax Monroe,,0,1
10895,Person,Tao Zhao,,,,,,,,0,2
10896,Person,Gang Chen,,,,,,,,0,1
10897,Person,Tao Ren,,,,,,,,0,1
10898,Person,Casey Farrell,,,,,,,,0,1
10899,Person,Xiuying Li,,,,,,,,0,1
10900,Person,Yan Luo,,,,,,,,0,1
10901,Person,Ming Xia,,,,,,,,0,2
10902,Person,Wei Meng,,,,,,,,0,2
10904,Person,Ping Jin,,,,,,,,0,1
10905,Person,Tao Wen,,,,,,,,0,2
10906,Person,Guiying Ren,,,,,,,,0,1
10907,Person,Lei Shi,,,,,,,,0,1
10908,Person,Wei Liang,,,,,,,,0,2
10910,Person,Guiying Hou,,,,,,,,0,1
10911,Person,Yong Yi,,,,,,,,0,1
10912,Person,Guiying Dai,,,,,,,,0,2
10913,Person,Xiuying Zeng,,,,,,,,0,1
10914,Person,Min Wen,,,,,,,,0,5
10916,Person,Tammy Craig,,,,,,,,0,1
10917,Person,Bryan Garcia,,,,,,,,0,2
10918,Person,Brad Martinez,,,,,,,,0,2
10920,Person,Guiying Liao,,,,,,,,0,1
10921,Person,Carlos Cannon,,,,,,,,0,1
10922,Person,Jun Mao,,,,,,,,0,2
10923,Person,Wei Guo,,,,,,,,0,1
10924,Person,Guiying Li,,,,,,,,0,1
10925,Person,Xia Fang,,,,,,,,0,1
10926,Person,Yan Kong,,,,,,,,0,1
10927,Person,Ping Jin,,,,,,,,0,1
10929,Person,Na Wan,,,,,,,,0,1
10930,Person,Na Cui,,,,,,,,0,1
10932,Person,Brandon Hoffman,,,,,,Infinite Monsoon,,0,3
10933,Person,Joseph Chen,,,,,,EAZY 9INE,,0,2
10934,Person,Shelby Hunt,,,,,,,,0,1
10936,Person,Julia Davis,,,,,,,,0,1
10939,Person,Teófilo Flor Gras,,,,,,,,0,1
10940,Person,Josep Nicanor Salcedo Arroyo,,,,,,,,0,2
10942,Person,Gang Cai,,,,,,,,0,2
10945,Person,Pamela Moran,,,,,,Seraphine,,0,1
10946,Person,William Fritz,,,,,,,,0,1
10949,Person,Daniel Bluszcz,,,,,,,,0,2
10951,Person,Brandon Wilson,,,,,,,,0,1
10954,Person,Edward Dixon,,,,,,,,0,1
10955,Person,Stephen Davis,,,,,,,,0,1
10956,Person,Nancy Smith,,,,,,,,0,1
10957,Person,Ellen Bradley,,,,,,,,0,1
10958,Person,Leah Thomas,,,,,,,,0,1
10959,Person,Jason Evans,,,,,,,,0,2
10960,Person,Nicole Hodges,,,,,,,,0,1
10961,Person,Leslie Barnes,,,,,,,,0,4
10962,Person,Lisa Wright,,,,,,,,0,1
10964,Person,Chao Dai,,,,,,,,0,1
10965,Person,Guiying Yi,,,,,,,,0,2
10966,Person,Gang Zhao,,,,,,,,0,1
10967,Person,Juan Yin,,,,,,,,0,2
10969,Person,Alexander Parsons,,,,,,,,0,4
10970,Person,Andrea Smith,,,,,,,,0,2
10971,Person,Ashley Jennings,,,,,,,,0,1
10972,Person,Nicholas Bond,,,,,,,,0,1
10973,Person,Michael Craig,,,,,,,,0,2
10974,Person,Martin Johnson,,,,,,,,0,3
10976,Person,Jie Wu,,,,,,,,0,2
10978,Person,Joseph Whitaker,,,,,,,,0,1
10979,Person,Brian Price,,,,,,,,0,1
10980,Person,Charles Norman,,,,,,,,0,1
10983,Person,Lei Dai,,,,,,,,0,1
10984,Person,Ming Song,,,,,,,,0,1
10985,Person,Li Wan,,,,,,,,0,2
10987,Person,Jing Dong,,,,,,,,0,1
10988,Person,Xiulan Ren,,,,,,,,0,1
10989,Person,Yang Qiu,,,,,,,,0,2
10991,Person,Michael Aguilar,,,,,,,,0,2
10992,Person,Travis Schmitt,,,,,,,,0,2
10993,Person,Tammy Crane,,,,,,,,0,1
10995,Person,Michael Lin,,,,,,,,0,1
10998,Person,Xiuying Chang,,,,,,,,0,1
10999,Person,Qiang Dai,,,,,,,,0,1
11000,Person,Ping Wu,,,,,,,,0,1
11003,Person,Andrzej Kamyszek,,,,,,,,0,1
11004,Person,Franciszek Wieja,,,,,,,,0,2
11006,Person,Lauretta Vittadello,,,,,,,,0,1
11007,Person,Evangelista Muti,,,,,,,,0,1
11009,Person,Danielle Ball,,,,,,,,0,1
11011,Person,Honoré Leduc,,,,,,,,0,2
11012,Person,Jules Lemonnier,,,,,,,,0,1
11013,Person,Aurore Leroux,,,,,,,,0,1
11015,Person,Margaud Chevallier,,,,,,,,0,5
11016,Person,Nathalie Jacquot,,,,,,,,0,5
11017,Person,Benoît-Zacharie Gilbert,,,,,,,,0,5
11019,Person,James Ellis,,,,,,,,0,2
11020,Person,Raymond Blackburn,,,,,,,,0,1
11021,Person,Samantha Taylor,,,,,,,,0,2
11025,Person,Chao Fan,,,,,, WXLF,,0,1
11026,Person,Yan Mao,,,,,,,,0,1
11027,Person,Ming Xiong,,,,,,,,0,1
11028,Person,Mark Stokes,,,,,,,,0,1
11030,Person,Jing Pan,,,,,,,,0,2
11031,Person,Jie Meng,,,,,,,,0,1
11032,Person,Ping Dong,,,,,,,,0,2
11034,Person,Michael Sexton,,,,,,,,0,3
11035,Person,Cynthia Reed,,,,,,,,0,1
11036,Person,Kayla Scott,,,,,,,,0,3
11038,Person,Wei Shao,,,,,,,,0,2
11039,Person,Wei Shi,,,,,,,,0,2
11040,Person,Chao Lai,,,,,,,,0,2
11041,Person,Lei Gong,,,,,,,,0,1
11043,Person,Xiulan Yao,,,,,,,,0,4
11044,Person,Sarah Fernandez,,,,,,,,0,2
11045,Person,Jie Feng,,,,,,,,0,1
11046,Person,Gang Kang,,,,,,,,0,4
11048,Person,Janina Gronkiewicz,,,,,, K.L. Moon,,0,1
11049,Person,Claudia Cunningham,,,,,,,,0,2
11051,Person,Anthony Burns,,,,,,,,0,1
11052,Person,Jennifer Spencer,,,,,,,,0,1
11053,Person,Tamara Douglas,,,,,,,,0,2
11054,Person,Guiying Liu,,,,,,,,0,2
11055,Person,Min Shi,,,,,,,,0,2
11057,Person,Chao Gong,,,,,,,,0,1
11058,Person,Qiang Xiao,,,,,,,,0,1
11059,Person,Fang Zheng,,,,,,,,0,1
11060,Person,Xiuying Luo,,,,,,,,0,2
11062,Person,Brenda Stark,,,,,,,,0,1
11063,Person,Kristy Nelson,,,,,,,,0,1
11064,Person,Larry Jones,,,,,,,,0,1
11065,Person,Laura Rodriguez,,,,,,,,0,1
11066,Person,Patricia Fisher,,,,,,,,0,1
11067,Person,Paul Lopez,,,,,,,,0,1
11068,Person,Kevin Rush,,,,,,,,0,1
11069,Person,Michael Price,,,,,,,,0,2
11070,Person,Yong Tang,,,,,,,,0,1
11071,Person,Joy Fletcher,,,,,,,,0,1
11073,Person,Jing Yang,,,,,,,,0,1
11075,Person,Thomas Duncan,,,,,,,,0,2
11076,Person,Michael White,,,,,,,,0,1
11077,Person,Brett Bond,,,,,,,,0,1
11079,Person,Mackenzie Murray,,,,,,,,0,1
11081,Person,Macaria de Landa,,,,,,,,0,2
11082,Person,Onofre Chacón Jordá,,,,,,,,0,1
11083,Person,Serafina Céspedes Sales,,,,,,,,0,3
11086,Person,Fang Pan,,,,,,,,0,2
11087,Person,Xia Tang,,,,,,,,0,1
11088,Person,Min Cheng,,,,,,,,0,1
11089,Person,Ping Guo,,,,,,,,0,1
11090,Person,Li Xia,,,,,,,,0,2
11092,Person,Patrick Lindsey,,,,,,,,0,2
11094,Person,Michelle Herrera,,,,,,,,0,1
11095,Person,Suzanne Ramos,,,,,,,,0,1
11096,Person,Michelle Shields,,,,,,,,0,2
11098,Person,Jun Xu,,,,,, Cassie Day,,0,1
11099,Person,Kenneth Fox,,,,,,,,0,3
11100,Person,Thomas Massey,,,,,,,,0,1
11101,Person,Li Han,,,,,,,,0,2
11102,Person,Guiying Kang,,,,,,,,0,1
11103,Person,Marcus Douglas,,,,,,,,0,1
11105,Person,Emily Arnold,,,,,,,,0,1
11106,Person,Xia Zhang,,,,,,,,0,1
11107,Person,Li Cao,,,,,,,,0,2
11112,Person,Christopher Wells,,,,,,,,0,1
11113,Person,Nicholas Pope,,,,,,,,0,2
11118,Person,Jing Jia,,,,,,,,0,1
11119,Person,Yong Guo,,,,,,,,0,1
11120,Person,Jun Jin,,,,,,,,0,2
11123,Person,Matthew Smith,,,,,,,,0,1
11124,Person,Ricardo Collins,,,,,,,,0,2
11126,Person,Zaina Zacharia,,,,,,,,0,1
11128,Person,Philip Conley,,,,,,,,0,2
11129,Person,Teresa Williams,,,,,,,,0,4
11131,Person,Li Yang,,,,,,,,0,1
11132,Person,Xia Shao,,,,,,,,0,1
11133,Person,Tao Sun,,,,,,,,0,1
11134,Person,Fang Tang,,,,,,,,0,1
11135,Person,Xiulan Yi,,,,,,,,0,2
11137,Person,Seth Duncan,,,,,,,,0,3
11138,Person,Heidelore Meister,,,,,,,,0,1
11139,Person,John Carlson,,,,,,,,0,1
11140,Person,Brandon Williams,,,,,,,,0,1
11143,Person,Anita Parada,,,,,,,,0,1
11145,Person,Tao Zhou,,,,,,,,0,1
11147,Person,Jie Deng,,,,,,,,0,1
11148,Person,Yang Yang,,,,,,,,0,2
11149,Person,Jie Wu,,,,,,,,0,2
11150,Person,Ming Sun,,,,,,,,0,2
11151,Person,Ming Cao,,,,,,,,0,1
11153,Person,Yoichi Sato,,,,,,,,0,2
11154,Person,Nanami Watanabe,,,,,,,,0,4
11157,Person,Hilma Wirth,,,,,,,,0,1
11158,Person,Marion Hellwig-Berger,,,,,,,,0,2
11160,Person,Kornelia Pędzik,,,,,,,,0,1
11162,Person,Ping Gu,,,,,,,,0,1
11163,Person,Chao Guo,,,,,,,,0,1
11164,Person,Qiang Lu,,,,,,,,0,1
11165,Person,Xia Jia,,,,,,,,0,1
11167,Person,Min Hou,,,,,,,,0,2
11168,Person,Chao Feng,,,,,,,,0,1
11169,Person,Maria Fletcher,,,,,,,,0,1
11170,Person,Yong Sun,,,,,,,,0,3
11171,Person,Chao Zhao,,,,,,,,0,1
11173,Person,Marcin Jeżyk,,,,,,,,0,1
11176,Person,Juan Antonio Ferrando-Chico,,,,,,,,0,1
11177,Person,Moisés del Tirado,,,,,,,,0,2
11180,Person,Jennifer Alvarez,,,,,,,,0,2
11181,Person,Laurent-Léon Morvan,,,,,,,,0,1
11182,Person,Ronald Ramirez,,,,,,,,0,2
11183,Person,Philippe Carre de la Humbert,,,,,,,,0,1
11185,Person,Kristina Romero,,,,,,,,0,2
11186,Person,Amanda Tucker,,,,,,,,0,2
11188,Person,Sean Mcconnell,,,,,,,,0,2
11189,Person,Gregory Morgan,,,,,,,,0,1
11190,Person,Kimberly Foster,,,,,,,,0,1
11192,Person,Ming Du,,,,,,,,0,1
11193,Person,Lei Gao,,,,,,,,0,1
11194,Person,Xiulan Kang,,,,,,,,0,1
11196,Person,Joshua Anderson,,,,,,,,0,1
11197,Person,Mary Cisneros,,,,,,,,0,1
11198,Person,Gregory White,,,,,,,,0,1
11199,Person,Vanessa Clark,,,,,,,,0,1
11201,Person,Gang Xiao,,,,,,,,0,1
11202,Person,Joseph Allen,,,,,,,,0,1
11203,Person,Lei Liao,,,,,,,,0,2
11204,Person,Yong Tian,,,,,,,,0,1
11207,Person,Jeremy Russell,,,,,,Theo Vance,,0,1
11208,Person,Jeremy Griffith,,,,,,,,0,1
11209,Person,Yolanda Lee,,,,,,,,0,2
11211,Person,Jessica Parsons,,,,,,,,0,1
11212,Person,Kathleen Russo,,,,,,,,0,2
11215,Person,Tadeusz Langern,,,,,,,,0,2
11216,Person,Imelda Staude-Trupp,,,,,,,,0,4
11218,Person,Monica Thompson,,,,,,,,0,2
11220,Person,Guenter Stumpf,,,,,,,,0,2
11221,Person,Mehmet Junk,,,,,,,,0,2
11222,Person,Wiltrud Hübel,,,,,,,,0,2
11223,Person,Sami Bohnbach,,,,,,,,0,1
11224,Person,Delia Hesse-Wulf,,,,,,,,0,1
11226,Person,Brandon Griffith,,,,,,,,0,1
11228,Person,Patrizia Drewes,,,,,,,,0,2
11229,Person,Brady Brown,,,,,,,,0,1
11231,Person,Olaf Otto,,,,,,,,0,1
11232,Person,Mohamed van de Berg,,,,,,,,0,1
11233,Person,Lynn Brumleve-van der Horst,,,,,,,,0,1
11234,Person,Maud van de Pol,,,,,,,,0,2
11235,Person,Hailey Hak,,,,,,,,0,1
11237,Person,Dawn Massey,,,,,,,,0,2
11238,Person,Rachel Garcia,,,,,,,,0,1
11239,Person,Ralph Bell,,,,,,,,0,1
11242,Person,Mannat Johal,,,,,,,,0,2
11243,Person,Armaan Bera,,,,,,,,0,1
11245,Person,Ming Zhou,,,,,,,,0,2
11247,Person,Catherine Parker,,,,,,,,0,1
11248,Person,Deborah Cruz,,,,,,,,0,2
11250,Person,Min Gu,,,,,,The Glitch Monarch,,0,1
11252,Person,Yan Tian,,,,,,,,0,1
11253,Person,Juan Lu,,,,,,,,0,2
11255,Person,Joshua Taylor,,,,,,,,0,3
11257,Person,Roderich Mohaupt,,,,,,,,0,1
11258,Person,Athanasios Hamann,,,,,,,,0,1
11260,Person,Wei Cui,,,,,,,,0,2
11261,Person,Jie Dong,,,,,,,,0,1
11264,Person,Lindsay Williams,,,,,, The Storm,,0,2
11265,Person,Vanessa King,,,,,,Sepia Rhapsody,,0,1
11266,Person,Emily Nash,,,,,,,,0,3
11267,Person,Michael Wright,,,,,,,,0,1
11270,Person,Sole Gagliano-Conte,,,,,,Cresta,,0,2
11271,Person,Elena Germano,,,,,,,,0,1
11272,Person,Antonia Farinelli,,,,,,,,0,2
11274,Person,Yong Zou,,,,,,,,0,1
11277,Person,Xia Yu,,,,,,,,0,1
11278,Person,James Cain,,,,,,,,0,1
11279,Person,Xiuying Wen,,,,,,,,0,2
11281,Person,Kevin Davidson,,,,,,,,0,1
11282,Person,Na Yang,,,,,,,,0,1
11283,Person,Nicole Clark,,,,,,,,0,1
11285,Person,Rachael Stafford,,,,,,,,0,1
11286,Person,Nicole Simmons,,,,,,,,0,3
11287,Person,Guiying Yuan,,,,,,,,0,1
11288,Person,Qiang Cui,,,,,,,,0,2
11289,Person,Folker Jacob-Kreusel,,,,,,,,0,1
11291,Person,Ming Xiong,,,,,,,,0,1
11293,Person,Lisa Johnson,,,,,,,,0,1
11295,Person,James Li,,,,,,,,0,2
11296,Person,Julie Gonzalez,,,,,,,,0,1
11297,Person,Jason Weeks,,,,,,,,0,2
11301,Person,Jared Mercer,,,,,,,,0,1
11302,Person,Kim Knight,,,,,,,,0,1
11304,Person,Elwira Heuser,,,,,,,,0,2
11305,Person,Nirvaan Barman,,,,,,,,0,3
11306,Person,Joseph Ramirez,,,,,,,,0,2
11307,Person,Timothy Riley,,,,,,,,0,3
11310,Person,Eric Sanchez,,,,,,,,0,2
11311,Person,Amanda Black,,,,,,,,0,2
11312,Person,Briana Johnson,,,,,,,,0,2
11313,Person,Angela Rios,,,,,,,,0,1
11314,Person,Maria Romero,,,,,,,,0,1
11315,Person,Douglas Nguyen,,,,,,,,0,1
11317,Person,Michelle Caldwell,,,,,,Nightshade Hymnal,,0,2
11318,Person,David Smith,,,,,,,,0,1
11320,Person,Tao Tang,,,,,,,,0,2
11321,Person,Lucas Potter,,,,,,,,0,4
11323,Person,Jing Guo,,,,,,,,0,1
11324,Person,Chao Tang,,,,,,,,0,1
11325,Person,Li Tan,,,,,,,,0,1
11326,Person,Jun Guo,,,,,,,,0,2
11328,Person,Qiang Lai,,,,,,,,0,2
11330,Person,Ping Li,,,,,,,,0,1
11332,Person,Colleen Frank PhD,,,,,,,,0,2
11334,Person,Jie Jia,,,,,,,,0,1
11335,Person,Mary Gomez,,,,,,,,0,1
11336,Person,Jun Su,,,,,,,,0,1
11337,Person,Tao Kang,,,,,,,,0,2
11338,Person,Ming Xiao,,,,,,,,0,5
11340,Person,Xia Hao,,,,,,,,0,1
11341,Person,Xiuying Shen,,,,,,,,0,2
11343,Person,Min Yao,,,,,,,,0,2
11344,Person,Xia Gu,,,,,,,,0,1
11345,Person,Lei Huang,,,,,,,,0,2
11346,Person,Jie Zhong,,,,,,,,0,3
11347,Person,Angela Kelly,,,,,,,,0,1
11348,Person,Wei Wang,,,,,,,,0,1
11349,Person,Xiuying Han,,,,,,,,0,1
11350,Person,Chao Tao,,,,,,,,0,1
11353,Person,Debra Anderson,,,,,,,,0,1
11355,Person,Erin Smith,,,,,,,,0,2
11356,Person,Teresa Bohlander,,,,,,,,0,1
11358,Person,Ronald Warner,,,,,,,,0,2
11360,Person,Michelle Montoya,,,,,,,,0,1
11361,Person,Ryan King,,,,,,,,0,2
11364,Person,Gwendolyn Fitzgerald,,,,,,,,0,2
11367,Person,Min Zeng,,,,,,,,0,2
11370,Person,Jessica Garcia,,,,,,,,0,2
11372,Person,Ming Zhou,,,,,,,,0,1
11373,Person,Wei Tian,,,,,,,,0,1
11374,Person,Guiying Zheng,,,,,,,,0,2
11375,Person,Jie Liu,,,,,,,,0,3
11376,Person,Na Lin,,,,,,,,0,1
11379,Person,Lioba Vollbrecht,,,,,,,,0,1
11380,Person,Stacey Armstrong,,,,,,,,0,2
11382,Person,Jeffery Mitchell,,,,,,,,0,1
11383,Person,Michelle Aguirre,,,,,,,,0,1
11384,Person,Alexis Vincent,,,,,,,,0,1
11386,Person,Haley Joseph,,,,,,,,0,1
11387,Person,Connor Lopez,,,,,,,,0,1
11388,Person,Hannah Roberson,,,,,,,,0,1
11389,Person,Benjamin Moore,,,,,,,,0,2
11390,Person,Aaron Young,,,,,,,,0,1
11391,Person,Robin Noble,,,,,,,,0,1
11392,Person,Sarah Johnson,,,,,,,,0,1
11396,Person,William Peck,,,,,,Dusk Static,,0,1
11397,Person,Lucas Jose Manuel Arnaiz Pinedo,,,,,,,,0,1
11398,Person,Sara Estefanía Acedo Caro,,,,,,,,0,1
11399,Person,Jennifer Mccoy,,,,,,,,0,2
11401,Person,Patrick Carney,,,,,,,,0,1
11402,Person,Jason Lopez,,,,,,,,0,2
11403,Person,Chao Hao,,,,,,,,0,2
11406,Person,Billy Martinez,,,,,, Rico Love,,0,1
11407,Person,Katie Smith,,,,,,,,0,2
11408,Person,Aaron Medina,,,,,,,,0,1
11409,Person,Carl Brown,,,,,,,,0,1
11410,Person,Paul Williams,,,,,,,,0,1
11411,Person,Laura Howard,,,,,,,,0,1
11412,Person,Laura Johnson,,,,,,,,0,1
11414,Person,Benjamin Griffin,,,,,,,,0,1
11416,Person,Gang Liao,,,,,,,,0,1
11417,Person,Xia He,,,,,,,,0,1
11418,Person,Qiang Mo,,,,,,,,0,2
11419,Person,Guiying Tian,,,,,,,,0,1
11421,Person,Xiulan Cheng,,,,,,,,0,2
11422,Person,Ping Luo,,,,,,,,0,1
11425,Person,Jamie Schmidt,,,,,,,,0,3
11426,Person,Holly Love,,,,,,,,0,3
11430,Person,Jing Tan,,,,,,,,0,1
11433,Person,Guiying Shen,,,,,,,,0,2
11434,Person,Jun Meng,,,,,,,,0,2
11435,Person,Jie Zhou,,,,,,,,0,2
11436,Person,Seth Smith,,,,,,,,0,3
11437,Person,Jie Tan,,,,,,,,0,1
11440,Person,Tiffany Fitzpatrick,,,,,,,,0,1
11441,Person,Hannah Richard,,,,,,,,0,2
11443,Person,Brandon Waller,,,,,,,,0,1
11444,Person,Robert Strickland,,,,,,,,0,2
11448,Person,Emily Merritt,,,,,,,,0,1
11451,Person,Jason Owens,,,,,,,,0,2
11452,Person,Tara Dennis,,,,,,,,0,1
11454,Person,Lucas Hurley,,,,,,,,0,1
11455,Person,Jing Wang,,,,,,,,0,1
11458,Person,Chao Cao,,,,,,,,0,1
11460,Person,Chao Zhu,,,,,,,,0,3
11461,Person,Juan Song,,,,,,,,0,2
11462,Person,Juan Su,,,,,,,,0,1
11464,Person,Katherine Davis,,,,,,,,0,3
11466,Person,Jun Wang,,,,,,,,0,1
11469,Person,Cheryl White,,,,,,,,0,2
11470,Person,Nathaniel Alvarado,,,,,,,,0,1
11473,Person,Courtney Castillo,,,,,,,,0,1
11474,Person,Tristan Chauveau,,,,,,,,0,1
11475,Person,Juan Kang,,,,,,,,0,4
11476,Person,Min Cheng,,,,,,,,0,1
11478,Person,Min Liang,,,,,,Tyler Sage,,0,2
11480,Person,Hubert Oderwald,,,,,,,,0,1
11481,Person,Gudula Mitschke-Reuter,,,,,,,,0,1
11482,Person,Annelise Berger,,,,,,,,0,1
11483,Person,Alfonso Bähr,,,,,,,,0,1
11484,Person,Lilo Christoph,,,,,,,,0,1
11486,Person,Wei Qian,,,,,,,,0,1
11487,Person,Nicholas Porter,,,,,,,,0,1
11488,Person,Xiuying Jia,,,,,,,,0,1
11489,Person,Christine Turner,,,,,,,,0,1
11490,Person,Li Dai,,,,,,,,0,1
11492,Person,Hector Porcel Gomis,,,,,,,,0,1
11493,Person,Francisco Lyons,,,,,,,,0,1
11494,Person,Nicolasa Zaragoza Asenjo,,,,,,,,0,2
11496,Person,Wei Tao,,,,,,,,0,1
11497,Person,Tao Mao,,,,,,,,0,1
11498,Person,Min Duan,,,,,,,,0,2
11500,Person,Christy Hicks,,,,,,,,0,1
11501,Person,Nancy Arnold,,,,,,,,0,2
11503,Person,Katherine Ortega,,,,,,,,0,1
11504,Person,Denise Price,,,,,,,,0,2
11505,Person,Chao Fan,,,,,,,,0,1
11506,Person,Emma Venditti-Brugnaro,,,,,,,,0,2
11507,Person,Wei Pan,,,,,,,,0,2
11508,Person,Susan Evans,,,,,,,,0,1
11510,Person,Todd Thompson,,,,,,,,0,1
11511,Person,Trevor Singh,,,,,,,,0,1
11512,Person,Jody Jones,,,,,,,,0,1
11513,Person,Tonya Wright,,,,,,,,0,1
11516,Person,Katelyn Johnson,,,,,,Eon,,0,1
11517,Person,Isaiah Morales,,,,,,,,0,2
11518,Person,Richard Mckenzie,,,,,,,,0,1
11523,Person,Kenneth Miller,,,,,,,,0,2
11524,Person,Christopher Hughes,,,,,,,,0,1
11529,Person,Qiang Lu,,,,,,,,0,1
11530,Person,Xiuying Yao,,,,,,,,0,1
11531,Person,Ping Zhou,,,,,,,,0,1
11534,Person,Brian Hamilton,,,,,, Cyber Swan,,0,1
11535,Person,Alexandra Montes,,,,,, D.R. Stone,,0,1
11536,Person,Scott Garcia,,,,,,,,0,1
11539,Person,Xia Xu,,,,,,,,0,1
11540,Person,Gang Zou,,,,,,,,0,1
11542,Person,John Shaw,,,,,,,,0,1
11543,Person,Isaac Lamb,,,,,,,,0,2
11544,Person,Johnny Walker,,,,,,,,0,1
11545,Person,James Rodriguez,,,,,,,,0,1
11547,Person,Sean Blackburn,,,,,,,,0,2
11548,Person,Leslie Hinton,,,,,,,,0,1
11549,Person,Michael Wilson,,,,,,,,0,1
11551,Person,Matthew Gardner,,,,,,,,0,1
11552,Person,Steven Keller,,,,,,,,0,2
11553,Person,Lei Zhao,,,,,,,,0,1
11554,Person,Carrie Perry,,,,,,,,0,1
11555,Person,Laura Wolf,,,,,,,,0,1
11556,Person,Gina Cooper,,,,,,,,0,2
11557,Person,Amy Gonzalez,,,,,,,,0,1
11559,Person,Xia Dai,,,,,,,,0,1
11560,Person,Ming Qiu,,,,,,,,0,1
11561,Person,Lei Lin,,,,,,,,0,1
11563,Person,Michelle Atkins,,,,,,,,0,2
11565,Person,Sibylla Heintze,,,,,,,,0,1
11566,Person,Krista Rogge,,,,,,,,0,1
11570,Person,Gang Yao,,,,,,,,0,1
11571,Person,Otmar Fröhlich,,,,,,,,0,1
11573,Person,Sarah Patrick,,,,,,,,0,1
11575,Person,Jolanta Zirme,,,,,,,,0,1
11576,Person,Angelina Ortmann,,,,,,,,0,4
11579,Person,Jie Wang,,,,,,,,0,3
11580,Person,Xia Du,,,,,,,,0,3
11581,Person,Yong Tang,,,,,,,,0,1
11582,Person,Tao Su,,,,,,,,0,1
11584,Person,Guiying Bai,,,,,,Echo Reverie,,0,1
11585,Person,Li Cheng,,,,,,,,0,1
11587,Person,Fang Tian,,,,,,,,0,1
11588,Person,Ping Deng,,,,,,,,0,1
11589,Person,Li Lu,,,,,,,,0,2
11591,Person,Lei Fan,,,,,,,,0,1
11592,Person,Yang Ye,,,,,,,,0,2
11593,Person,Wei Li,,,,,,,,0,1
11594,Person,Chao Dai,,,,,,,,0,1
11595,Person,Chao Du,,,,,,,,0,2
11596,Person,Jun Dai,,,,,,,,0,2
11597,Person,Guiying Liang,,,,,,,,0,1
11599,Person,Lei Cai,,,,,,,,0,2
11600,Person,Gang Kong,,,,,,,,0,2
11601,Person,Guiying Mo,,,,,,,,0,4
11604,Person,Kristin Barber,,,,,,,,0,1
11605,Person,Chris Tate,,,,,,,,0,1
11606,Person,Deborah Wright,,,,,,,,0,1
11607,Person,Jason Roberts,,,,,,,,0,3
11609,Person,Gang Wen,,,,,,,,0,1
11610,Person,Ping Xie,,,,,,,,0,1
11611,Person,Annette Mckee,,,,,,,,0,1
11615,Person,Gabriel Malon,,,,,,,,0,4
11618,Person,Lisa Ramos,,,,,,,,0,1
11619,Person,Zachary Estes,,,,,,,,0,2
11620,Person,Jose Harmon,,,,,,,,0,2
11621,Person,Lindsey Terry,,,,,,,,0,1
11622,Person,Alexis Dixon,,,,,,,,0,1
11624,Person,Gianfranco Trentini,,,,,,Trentini,,0,1
11625,Person,Nicola Napolitano,,,,,,Nicola,,0,1
11626,Person,Cassandra Zito,,,,,,,,0,1
11627,Person,Nina Pareto,,,,,,,,0,1
11628,Person,Antonietta Chittolini,,,,,,,,0,2
11630,Person,Océane Bouchet,,,,,,,,0,1
11631,Person,Célina Collin de la Chauveau,,,,,,,,0,2
11632,Person,Stéphanie Parent,,,,,,,,0,1
11633,Person,Yves Gaudin,,,,,,,,0,1
11634,Person,Michelle Monnier,,,,,,,,0,1
11636,Person,Lucie Tanguy,,,,,,,,0,1
11638,Person,Ming Yang,,,,,,,,0,1
11639,Person,Qiang Zhang,,,,,,,,0,1
11642,Person,Lindsay Browning,,,,,,,,0,1
11643,Person,John Holt,,,,,,,,0,2
11645,Person,Milena Anichini-Barracco,,,,,,,,0,1
11647,Person,Min Chen,,,,,,,,0,1
11648,Person,Wei Gao,,,,,,,,0,2
11649,Person,Yang Kong,,,,,,,,0,1
11650,Person,Jun Jiang,,,,,,,,0,1
11651,Person,Imran van Maasgouw-Schroeff,,,,,,,,0,2
11653,Person,Tammy Higgins,,,,,,Solar Omen,,0,1
11654,Person,Justin Sullivan,,,,,,,,0,2
11656,Person,Qiang Cui,,,,,,,,0,1
11657,Person,Jun Yuan,,,,,,,,0,1
11658,Person,Lei Qiu,,,,,,,,0,1
11660,Person,Patrick Howard,,,,,, N.V. Blake,,0,1
11661,Person,Joe Humphrey,,,,,,,,0,1
11662,Person,Austin Robinson,,,,,,,,0,1
11663,Person,Kayla Gonzales,,,,,,,,0,1
11664,Person,Jaroslav Putz,,,,,,,,0,1
11665,Person,Dariusz Trupp,,,,,,,,0,1
11666,Person,Terri Chapman,,,,,,,,0,2
11667,Person,Felicia Walton,,,,,,,,0,1
11668,Person,Ludmila Wesack,,,,,,,,0,1
11669,Person,Jens-Uwe Pruschke,,,,,,,,0,1
11670,Person,Kathleen Sutton,,,,,,,,0,1
11671,Person,Nicholas Swanson,,,,,,,,0,1
11673,Person,Megan Bowers,,,,,,,,0,1
11674,Person,Cameron Cohen,,,,,,,,0,1
11675,Person,Haley Campbell,,,,,,,,0,1
11682,Person,Elaine Miller,,,,,,,,0,1
11683,Person,Li Sun,,,,,,,,0,1
11684,Person,Yang Xiang,,,,,,,,0,1
11685,Person,Dominique Newton,,,,,,,,0,1
11686,Person,Guiying Fang,,,,,,,,0,1
11687,Person,Jing Lin,,,,,,,,0,1
11688,Person,Xiulan Qian,,,,,,,,0,1
11689,Person,Lei Hu,,,,,,,,0,1
11690,Person,Ming Cui,,,,,,,,0,1
11691,Person,Guiying Shao,,,,,,,,0,1
11692,Person,Yang Zhu,,,,,,,,0,1
11693,Person,Patricia Maynard,,,,,,,,0,1
11694,Person,Lei Cai,,,,,,,,0,1
11697,Person,Jamie Castro,,,,,,,,0,2
11698,Person,Bradley Reeves Jr.,,,,,,,,0,1
11702,Person,Hans-Gerhard Kuhl,,,,,,Sable,,0,3
11703,Person,Annaliese Bolnbach,,,,,,,,0,3
11704,Person,Jens-Peter Mosemann,,,,,,,,0,2
11705,Person,Hinrich Dörschner,,,,,,,,0,2
11707,Person,Lei Ma,,,,,,,,0,1
11708,Person,Yan Cheng,,,,,,,,0,1
11709,Person,Gang Wen,,,,,,,,0,1
11710,Person,Jie Hao,,,,,,,,0,1
11711,Person,Shota Suzuki,,,,,,,,0,1
11713,Person,Ramona Petruzzi,,,,,,,,0,2
11714,Person,Andrew Ellison,,,,,,,,0,1
11715,Person,Sean Walters,,,,,,,,0,1
11716,Person,Inès Collet,,,,,,,,0,3
11717,Person,Olivier Munoz,,,,,,,,0,1
11720,Person,Camillo Liguori-Pistoletto,,,,,, Jade Corona,,0,1
11721,Person,Mathilde Ribeiro,,,,,,,,0,1
11722,Person,Robert White,,,,,,,,0,1
11723,Person,Geronimo Morpurgo,,,,,,,,0,1
11724,Person,Benjamin Leon,,,,,,,,0,1
11725,Person,Thierry Fernandez Le Bègue,,,,,,,,0,1
11727,Person,Na Hou,,,,,,,,0,1
11728,Person,Yan Hu,,,,,,,,0,2
11731,Person,David Jenkins,,,,,,,,0,1
11732,Person,James Smith,,,,,,,,0,2
11733,Person,Edward Clark,,,,,,,,0,1
11734,Person,Robert Boone,,,,,,,,0,1
11735,Person,William Miller,,,,,,,,0,1
11738,Person,James Murray,,,,,,,,0,1
11739,Person,Marilyn Austin,,,,,,,,0,1
11741,Person,Lori Gregory,,,,,,,,0,2
11742,Person,Rodney Clark,,,,,,,,0,2
11743,Person,Gernot Karz,,,,,,,,0,1
11745,Person,Travis Hill,,,,,,,,0,1
11747,Person,Lei Xue,,,,,,,,0,3
11748,Person,Yong Lu,,,,,,,,0,1
11750,Person,Ming Chang,,,,,,,,0,1
11751,Person,Yong Lei,,,,,,,,0,3
11752,Person,Ming Ding,,,,,,,,0,2
11754,Person,Fang Qian,,,,,, Solar Fang,,0,1
11755,Person,Xiuying Gu,,,,,,,,0,1
11756,Person,Yang Qiu,,,,,,,,0,1
11757,Person,Guiying Huang,,,,,,,,0,1
11758,Person,Qiang Dong,,,,,,,,0,1
11759,Person,Fang Liu,,,,,,,,0,2
11760,Person,Jing Shen,,,,,,,,0,1
11761,Person,Jun Wen,,,,,,,,0,1
11762,Person,Tao Chang,,,,,,,,0,2
11763,Person,Xiulan Guo,,,,,,,,0,2
11764,Person,Ming Cui,,,,,,,,0,1
11766,Person,Anna Reyes,,,,,,,,0,3
11769,Person,Keith Navarro,,,,,,Echeva,,0,1
11770,Person,David Clements,,,,,,Davey Clements,,0,1
11771,Person,Birgid Junck-Sauer,,,,,,,,0,1
11772,Person,Brandi Tran,,,,,,,,0,1
11773,Person,Barbara Haas,,,,,,,,0,2
11774,Person,Gabriel Ruppert,,,,,,,,0,1
11775,Person,Brenda Hammond,,,,,,,,0,1
11776,Person,Abdullah Bauer,,,,,,,,0,1
11777,Person,David Patel,,,,,,,,0,1
11778,Person,Susan Haney,,,,,,,,0,1
11779,Person,Hans-Christian Drub,,,,,,,,0,2
11781,Person,Tao Xu,,,,,,,,0,1
11782,Person,Tao Su,,,,,,,,0,1
11783,Person,Guiying Zhong,,,,,,,,0,1
11784,Person,Chao Tian,,,,,,,,0,1
11786,Person,Guiying Tang,,,,,,,,0,2
11787,Person,Xiuying Gu,,,,,,,,0,1
11789,Person,Tracy Warner,,,,,,,,0,1
11790,Person,Jun Huang,,,,,,,,0,1
11791,Person,Bradley Brooks,,,,,,,,0,3
11792,Person,Ping Han,,,,,,,,0,1
11794,Person,Kimberly Stevens,,,,,,,,0,2
11795,Person,Eric Gomez,,,,,,,,0,1
11796,Person,Alison Nelson,,,,,,,,0,1
11798,Person,Xiulan Lai,,,,,,,,0,1
11799,Person,Lei Su,,,,,,,,0,1
11800,Person,Gang Shen,,,,,,,,0,2
11802,Person,Kim Bishop,,,,,,Nova Serenade,,0,1
11803,Person,Gang Xia,,,,,,,,0,1
11804,Person,Li Liao,,,,,,,,0,1
11806,Person,Maite Cuevas Caballero,,,,,,,,0,2
11807,Person,Charo Perez Castillo,,,,,,,,0,3
11809,Person,April Mills,,,,,,THE MVRK,,0,1
11810,Person,Dominique Delacruz,,,,,,,,0,1
11811,Person,Stephanie Fowler,,,,,,,,0,2
11812,Person,David Maddox,,,,,,,,0,1
11814,Person,Torsten Etzold,,,,,,Ardent,,0,2
11816,Person,Darlene Chase,,,,,,,,0,1
11817,Person,William Hawkins,,,,,,,,0,1
11818,Person,Na Wei,,,,,,,,0,1
11820,Person,Jing Mao,,,,,,,,0,1
11821,Person,Guiying Lin,,,,,,,,0,2
11822,Person,Jie Wen,,,,,,,,0,1
11823,Person,Xia Liang,,,,,,,,0,1
11825,Person,Ming Ye,,,,,,,,0,2
11827,Person,David Campbell,,,,,,,,0,2
11828,Person,Jeff Lewis,,,,,,,,0,1
11832,Person,Beppe Agazzi-Muratori,,,,,, Foster,,0,3
11833,Person,Renata Manolesso,,,,,,,,0,2
11834,Person,Zaira Balotelli-Peano,,,,,,,,0,3
11835,Person,Elena Nibali,,,,,,,,0,1
11837,Person,Kent Chen,,,,,, Meridian,,0,1
11838,Person,Russell Bates,,,,,,,,0,2
11840,Person,Imran de Bruijn-Hendrikse,,,,,,,,0,1
11841,Person,Hanna Aelftrud van Wessex,,,,,,,,0,1
11843,Person,Tao Lu,,,,,,,,0,1
11844,Person,Tao Gao,,,,,,,,0,1
11845,Person,Min Zhao,,,,,,,,0,2
11846,Person,Chao Shen,,,,,,,,0,2
11848,Person,Gregory Reeves,,,,,,,,0,2
11849,Person,Jeffrey Thompson,,,,,,,,0,2
11850,Person,Cory Wall,,,,,,,,0,3
11852,Person,Guiying Lei,,,,,,,,0,1
11853,Person,Xia Tang,,,,,,,,0,2
11854,Person,Li Wen,,,,,,,,0,1
11856,Person,Xiulan Fu,,,,,,,,0,2
11857,Person,Gregory Frost,,,,,,,,0,1
11858,Person,Melinda Gregory,,,,,,,,0,3
11860,Person,Paul Dunn,,,,,,,,0,1
11862,Person,Shannon Castro,,,,,,,,0,2
11863,Person,Christopher Hardy,,,,,,,,0,1
11864,Person,Sarah Wheeler,,,,,,,,0,2
11867,Person,Catherine Bolton,,,,,,,,0,2
11868,Person,Beverly Thompson,,,,,,,,0,2
11871,Person,Chao Yuan,,,,,,,,0,1
11872,Person,Jie Hu,,,,,,,,0,1
11873,Person,Mariola Heser,,,,,,,,0,2
11874,Person,Xiulan Dong,,,,,,,,0,1
11876,Person,Nicholas Burns,,,,,,,,0,1
11877,Person,Bianca Singleton,,,,,,,,0,1
11879,Person,Jing Lu,,,,,,,,0,1
11881,Person,Aitor Alcántara Diez,,,,,,,,0,2
11882,Person,Jose Cerdán Paniagua,,,,,,,,0,2
11883,Person,Marianela Vila Zaragoza,,,,,,,,0,3
11884,Person,Flavio del Galán,,,,,,,,0,1
11886,Person,Ildefonso Aragón Guerra,,,,,,,,0,1
11887,Person,Sosimo Donaire Marí,,,,,,,,0,3
11891,Person,Xia Bai,,,,,,,,0,1
11892,Person,Tao Yuan,,,,,,,,0,2
11894,Person,Chao Jin,,,,,,,,0,1
11895,Person,John Buchanan,,,,,,,,0,1
11897,Person,Nino Veneziano,,,,,,,,0,1
11898,Person,Lando Parri,,,,,,,,0,1
11900,Person,Jordan Lutz,,,,,,,,0,2
11901,Person,Jackie Johnston,,,,,,,,0,1
11902,Person,Amber Nguyen,,,,,,,,0,1
11903,Person,Angela Lopez,,,,,,,,0,2
11906,Person,Katrina Hendricks,,,,,,,,0,3
11908,Person,Alison Armstrong,,,,,,,,0,1
11909,Person,Joyce Norris,,,,,,,,0,2
11912,Person,Guiying Fan,,,,,,,,0,1
11913,Person,Guiying Peng,,,,,,,,0,2
11915,Person,Jun Qiu,,,,,,BLAKK RAYN,,0,2
11916,Person,Thomas Le,,,,,,,,0,1
11917,Person,Calvin Cooper,,,,,,,,0,1
11918,Person,Guiying Gong,,,,,,,,0,2
11919,Person,Xiuying Xu,,,,,,,,0,1
11920,Person,Wei Liang,,,,,,,,0,2
11921,Person,Lei Jin,,,,,,,,0,1
11924,Person,Victoria Velazquez,,,,,,,,0,1
11925,Person,Kimberly Guerrero,,,,,,,,0,1
11926,Person,Angela Collins,,,,,,,,0,1
11927,Person,Mary White,,,,,,,,0,2
11929,Person,Maggie-Margot Vallée,,,,,,KXNG ECHO,,0,2
11930,Person,Stéphane Hernandez,,,,,,,,0,2
11931,Person,Zoé Roux,,,,,,,,0,2
11932,Person,Nicolas Blanc,,,,,,,,0,2
11933,Person,Aurélie Traore de Grondin,,,,,,,,0,1
11934,Person,Élisabeth Vasseur,,,,,,,,0,2
11935,Person,Hélène Lévêque,,,,,,,,0,1
11937,Person,Ashley Mahoney,,,,,,,,0,1
11940,Person,Elias Rouwenhorst,,,,,,,,0,1
11943,Person,Min Yin,,,,,,,,0,1
11944,Person,Ming Luo,,,,,,,,0,2
11946,Person,Ping Kong,,,,,,,,0,1
11950,Person,Yong Zeng,,,,,,,,0,1
11952,Person,Yong Jiang,,,,,,,,0,1
11953,Person,Fang Qian,,,,,,,,0,1
11954,Person,Gang Mao,,,,,,,,0,2
11955,Person,Jie Fang,,,,,,,,0,2
11958,Person,Steven Boyd,,,,,, Sammy Cruz,,0,1
11959,Person,Renee Carr,,,,,,Runaway Liturgy,,0,1
11960,Person,Stephanie Hanson,,,,,,,,0,2
11963,Person,Min Zhao,,,,,,,,0,1
11964,Person,Guiying Tang,,,,,,,,0,1
11965,Person,Jun Qin,,,,,,,,0,2
11968,Person,Jenny Dunn,,,,,,,,0,1
11969,Person,Brandon Mccormick,,,,,,,,0,1
11970,Person,Allison Duran,,,,,,,,0,2
11971,Person,Brandon Payne,,,,,,,,0,1
11973,Person,Guiying Bai,,,,,,,,0,2
11974,Person,Jun Xie,,,,,,,,0,1
11975,Person,Donald Nelson,,,,,,,,0,1
11976,Person,Na Meng,,,,,,,,0,2
11977,Person,Xiulan Lu,,,,,,,,0,1
11979,Person,Jose Garrett,,,,,,,,0,1
11981,Person,Maria Freeman,,,,,,,,0,7
11982,Person,Min Deng,,,,,,,,0,5
11983,Person,Linda Reed,,,,,,,,0,9
11986,Person,Xiulan Xie,,,,,,,,0,1
11987,Person,Yang Jia,,,,,,,,0,1
11988,Person,Ming Yao,,,,,,,,0,1
11990,Person,Nina Flaiano,,,,,,,,0,1
11991,Person,Ippazio Lattuada,,,,,,,,0,1
11992,Person,Venancio Belletini,,,,,,,,0,1
11993,Person,Antonia Balotelli,,,,,,,,0,1
11994,Person,Piermaria Modugno,,,,,,,,0,1
11996,Person,Joshua Morrison,,,,,,,,0,2
11999,Person,Chelsea Mata,,,,,,,,0,1
12000,Person,Angelica Ruiz,,,,,,,,0,2
12002,Person,Caroline Lloyd,,,,,,,,0,3
12005,Person,Advik Singh,,,,,,,,0,2
12006,Person,Rhea Bajwa,,,,,,,,0,1
12011,Person,Shray Agarwal,,,,,,,,0,1
12012,Person,Jivika Tank,,,,,,,,0,6
12014,Person,Yang Shi,,,,,,,,0,1
12016,Person,Jose Brown,,,,,,,,0,2
12017,Person,Anthony Garcia,,,,,,,,0,1
12018,Person,Jaclyn Smith,,,,,,,,0,1
12019,Person,Erika Martin,,,,,,,,0,1
12021,Person,Kimberly Murphy,,,,,,,,0,2
12022,Person,Donna Nelson,,,,,,,,0,2
12023,Person,Michelle Gonzalez,,,,,,,,0,1
12024,Person,Joseph Dillon,,,,,,,,0,1
12026,Person,Na Ma,,,,,,,,0,2
12028,Person,Xiulan Kong,,,,,,L1L SPECTR,,0,1
12029,Person,Qiang Wei,,,,,,,,0,1
12030,Person,Jie Ren,,,,,,,,0,1
12032,Person,Kayla Martinez,,,,,,,,0,2
12033,Person,Thomas Mccoy,,,,,,,,0,1
12035,Person,Yan Yin,,,,,,,,0,1
12037,Person,Jing Dai,,,,,,,,0,1
12038,Person,Xiuying Tan,,,,,,,,0,2
12040,Person,Robert Johnson,,,,,,,,0,2
12044,Person,Hinrich Weimer,,,,,,,,0,3
12046,Person,David Higgins,,,,,,,,0,1
12047,Person,Thomas Stephens,,,,,,,,0,2
12048,Person,Patrick Davenport,,,,,,,,0,1
12050,Person,Jing Song,,,,,,,,0,2
12051,Person,Ping Duan,,,,,,,,0,1
12053,Person,Sarah Gardner,,,,,, Bishop,,0,4
12054,Person,Jonathan Adams,,,,,,,,0,1
12055,Person,Francisco Krein-Möchlichen,,,,,,,,0,4
12056,Person,Michael Maddox,,,,,,,,0,5
12059,Person,Juliusz Kominiak,,,,,,,,0,2
12062,Person,Ming Yao,,,,,,,,0,2
12063,Person,Ping Lu,,,,,,,,0,1
12064,Person,Gang He,,,,,,,,0,1
12065,Person,Lei Liu,,,,,,,,0,1
12068,Person,Xia Liu,,,,,,,,0,1
12069,Person,Jessica Beck,,,,,,,,0,1
12070,Person,Gang Yang,,,,,,,,0,2
12071,Person,David Nash,,,,,,,,0,1
12074,Person,Tracy Jones,,,,,,,,0,1
12075,Person,Michele Johnson,,,,,,,,0,1
12076,Person,Tina Cook,,,,,,,,0,1
12077,Person,Elizabeth Chase,,,,,,,,0,1
12078,Person,Matthew Mclean,,,,,,,,0,1
12080,Person,Guiying Shao,,,,,,,,0,1
12082,Person,Rolando Gagliardi,,,,,,,,0,6
12083,Person,Vanessa Leon,,,,,,,,0,2
12084,Person,Annalisa Saragat-Pininfarina,,,,,,,,0,2
12085,Person,Lolita Speri,,,,,,,,0,1
12086,Person,Christian Scott,,,,,,,,0,1
12087,Person,Adrian Bridges,,,,,,,,0,1
12090,Person,Min Tao,,,,,,,,0,1
12092,Person,Katherine Sullivan,,,,,,,,0,1
12093,Person,Rachel Jones,,,,,,,,0,1
12094,Person,Nicole Flynn,,,,,,,,0,2
12095,Person,Danny Williams,,,,,,,,0,1
12096,Person,Jennifer Hunt,,,,,,,,0,2
12097,Person,Laura Braun,,,,,,,,0,2
12101,Person,Phillip Barnes,,,,,,Radiant,,0,1
12103,Person,Juan Yao,,,,,,,,0,1
12107,Person,Ming He,,,,,,Solstice Monologue,,0,1
12108,Person,Chao Dong,,,,,,,,0,2
12110,Person,Mayte Salvà Durán,,,,,,,,0,2
12111,Person,Fabiana Narváez Vazquez,,,,,,,,0,1
12112,Person,Silvio Frías Castejón,,,,,,,,0,1
12113,Person,Ariel Falcó Narváez,,,,,,,,0,1
12114,Person,Borja Santamaria-Adán,,,,,,,,0,1
12115,Person,Nico Castellanos García,,,,,,,,0,1
12116,Person,Mohamed Cazorla,,,,,,,,0,1
12117,Person,Amancio Delgado Morata,,,,,,,,0,1
12118,Person,Alfredo del Pujol,,,,,,,,0,1
12119,Person,Paula Mendizábal Alegria,,,,,,,,0,1
12121,Person,Anna Glass,,,,,,,,0,1
12122,Person,Rebecca Robinson,,,,,,,,0,1
12123,Person,Jamie Terry,,,,,,,,0,1
12124,Person,Samuel Thompson,,,,,,,,0,1
12125,Person,Nancy Macias,,,,,,,,0,1
12127,Person,Michael Frank,,,,,,,,0,2
12128,Person,Xia Kang,,,,,,,,0,4
12129,Person,Na Liao,,,,,,,,0,1
12132,Person,Ashley Hernandez,,,,,,,,0,1
12133,Person,Taylor Perry,,,,,,,,0,1
12134,Person,Joseph Walton,,,,,,,,0,2
12135,Person,Cory Carr,,,,,,,,0,1
12136,Person,Christine Anderson,,,,,,,,0,1
12137,Person,Peter Arnold,,,,,,,,0,1
12139,Person,Amber Smith,,,,,,,,0,1
12140,Person,Gang Zhu,,,,,,,,0,1
12141,Person,Min Tian,,,,,,,,0,2
12143,Person,Robert Nunez,,,,,,LO KEYZ,,0,3
12144,Person,Ming Duan,,,,,,,,0,2
12145,Person,Guiying Xiang,,,,,,,,0,3
12149,Person,Yan Hou,,,,,,,,0,2
12151,Person,Chao Zeng,,,,,,,,0,1
12152,Person,Tao Xu,,,,,,,,0,2
12153,Person,Xiulan Liu,,,,,,,,0,1
12154,Person,Yan Zou,,,,,,,,0,2
12155,Person,Yang Pan,,,,,,,,0,3
12157,Person,Ping Qiao,,,,,,,,0,1
12158,Person,Jie Meng,,,,,,,,0,1
12159,Person,Ping Su,,,,,,,,0,2
12160,Person,Guiying Tian,,,,,,,,0,1
12165,Person,Jie Cheng,,,,,,,,0,1
12166,Person,Li Pan,,,,,,,,0,2
12167,Person,Yan Li,,,,,,,,0,1
12168,Person,Yang Song,,,,,,,,0,2
12170,Person,Gregory Huffman,,,,,,,,0,1
12171,Person,Terry Clark,,,,,,,,0,2
12172,Person,Timothy Lopez,,,,,,,,0,1
12174,Person,Betty Faulkner,,,,,,,,0,1
12175,Person,James Cruz,,,,,,,,0,1
12176,Person,Daniel Cross,,,,,,,,0,1
12177,Person,Sarah Benson,,,,,,,,0,1
12178,Person,Aniela Chojna,,,,,,,,0,1
12180,Person,Tabitha Jones,,,,,,,,0,2
12181,Person,Tyler Austin,,,,,,,,0,2
12182,Person,Nina Anders,,,,,,,,0,1
12183,Person,Jennifer Ruiz,,,,,,,,0,1
12184,Person,Beth Walters,,,,,,,,0,1
12185,Person,Rachel Luna,,,,,,,,0,1
12186,Person,Jacob Wiek,,,,,,,,0,1
12187,Person,Sharon Sanchez,,,,,,,,0,1
12188,Person,Andrew Oneill,,,,,,,,0,1
12191,Person,Michael Baker,,,,,,,,0,1
12192,Person,Fang Ma,,,,,,,,0,2
12193,Person,Yang Cheng,,,,,,,,0,2
12194,Person,Xiulan Mao,,,,,,,,0,1
12195,Person,Ping Xia,,,,,,,,0,1
12197,Person,Michelle Davis,,,,,,,,0,1
12198,Person,Ryan Howard,,,,,,,,0,2
12201,Person,Piya Ravel,,,,,,,,0,2
12203,Person,Joe Mccarthy,,,,,,,,0,2
12206,Person,Xiulan He,,,,,,,,0,1
12207,Person,Jing Mao,,,,,,,,0,1
12208,Person,Jing Long,,,,,,,,0,2
12210,Person,Rémy-Richard Devaux,,,,,,,,0,1
12211,Person,Patrick Leleu,,,,,,,,0,1
12212,Person,Rosita Vollbrecht,,,,,,,,0,1
12214,Person,Heather Kennedy,,,,,,,,0,2
12215,Person,Eric Armstrong,,,,,,,,0,1
12216,Person,Tina Spencer,,,,,,,,0,2
12217,Person,Jeff Farmer,,,,,,,,0,1
12219,Person,Matthew Phillips,,,,,, Max Power,,0,2
12221,Person,Deanna Green,,,,,,Orpheon Drive,,0,1
12222,Person,Tracy Camacho,,,,,,,,0,2
12223,Person,Jennifer Acosta,,,,,,,,0,1
12224,Person,Robert Stephens,,,,,,,,0,2
12225,Person,Kristin Thomas,,,,,,,,0,1
12226,Person,Miguel Shelton,,,,,,,,0,1
12227,Person,Rebecca Ramirez,,,,,,,,0,1
12228,Person,Mary Turner,,,,,,,,0,1
12229,Person,Henry Ortega,,,,,,,,0,1
12231,Person,Li Ma,,,,,,,,0,1
12232,Person,Yan Lei,,,,,,,,0,2
12235,Person,Guiying Yin,,,,,,,,0,1
12236,Person,Qiang Gao,,,,,,,,0,2
12238,Person,Lei Fu,,,,,,,,0,2
12239,Person,Yan Dai,,,,,,,,0,2
12240,Person,Daniel Mccormick,,,,,,,,0,1
12241,Person,Lei Jin,,,,,,,,0,1
12243,Person,Beverly Powell,,,,,,,,0,2
12244,Person,James Mcmahon,,,,,,,,0,1
12246,Person,Juan Yang,,,,,,,,0,4
12247,Person,Min Lei,,,,,,,,0,4
12248,Person,Thomas Walsh,,,,,,,,0,2
12251,Person,Min Xu,,,,,,,,0,1
12252,Person,Juan Song,,,,,,,,0,1
12253,Person,Chao Ren,,,,,,,,0,1
12254,Person,Qiang Yu,,,,,,,,0,1
12255,Person,Fang Yi,,,,,,,,0,2
12256,Person,Xia Chang,,,,,,,,0,1
12257,Person,Xiuying Ye,,,,,,,,0,1
12258,Person,Lei Qiu,,,,,,,,0,1
12260,Person,Ishaan Bal,,,,,,,,0,1
12261,Person,Shlok Cherian,,,,,,,,0,1
12264,Person,Rüdiger Schinke,,,,,,,,0,1
12265,Person,Matthew Davidson,,,,,,,,0,1
12267,Person,Kimberly Moore,,,,,,,,0,2
12268,Person,Kristy Miller,,,,,,,,0,1
12269,Person,Min Cai,,,,,,,,0,1
12271,Person,Jun Yi,,,,,,,,0,2
12272,Person,Xia Yu,,,,,,,,0,1
12274,Person,Gina Cox,,,,,, Kenna,,0,1
12275,Person,Bryan Davis,,,,,,,,0,1
12277,Person,Lei Shao,,,,,, Beck,,0,2
12278,Person,Qiang Wang,,,,,,,,0,1
12279,Person,Na Yu,,,,,,,,0,1
12280,Person,Jing Ding,,,,,,,,0,1
12281,Person,Todd Molina,,,,,,,,0,2
12283,Person,Yong Tan,,,,,,,,0,1
12284,Person,Li Jin,,,,,,,,0,1
12285,Person,Li Li,,,,,,,,0,3
12286,Person,Ping Meng,,,,,,,,0,2
12287,Person,Ryan Adams,,,,,,,,0,3
12288,Person,Min Huang,,,,,,,,0,3
12290,Person,Andrea Green,,,,,,,,0,2
12293,Person,Dana Green,,,,,,,,0,1
12295,Person,Li Ma,,,,,,Myriad,,0,1
12296,Person,Gang Fu,,,,,,,,0,2
12297,Person,Jie Ding,,,,,,,,0,1
12298,Person,Xia Duan,,,,,,,,0,1
12299,Person,Gang Fu,,,,,,,,0,2
12302,Person,Ming Yao,,,,,, Indigo Storm,,0,1
12303,Person,Fang Xiao,,,,,,,,0,2
12304,Person,Chao Xiong,,,,,,,,0,1
12305,Person,Yang He,,,,,,,,0,2
12306,Person,Yan Cheng,,,,,,,,0,1
12307,Person,Yan Long,,,,,,,,0,1
12310,Person,Tao Shen,,,,,,,,0,1
12311,Person,Richard Gonzales,,,,,,,,0,2
12312,Person,Wei Hu,,,,,,,,0,4
12314,Person,Xia Han,,,,,,,,0,1
12315,Person,Yan Ren,,,,,,,,0,1
12317,Person,Riaan Balan,,,,,, Ben Echo,,0,1
12318,Person,Alicia Smith,,,,,,,,0,2
12319,Person,Mary Freeman,,,,,,,,0,1
12320,Person,Prisha Varkey,,,,,,,,0,1
12323,Person,Matthew Lopez,,,,,,,,0,1
12324,Person,Linda Garza,,,,,,,,0,1
12325,Person,Jie Du,,,,,,,,0,1
12326,Person,Ming Ma,,,,,,,,0,1
12327,Person,Fang Feng,,,,,,,,0,1
12329,Person,Min Jiang,,,,,,,,0,1
12330,Person,Yong Hu,,,,,,,,0,2
12331,Person,Lei Qiao,,,,,,,,0,1
12334,Person,Xiulan Jiang,,,,,,,,0,2
12335,Person,Fang Shen,,,,,,,,0,1
12336,Person,Yang Ma,,,,,,,,0,1
12337,Person,Li Lin,,,,,,,,0,7
12339,Person,Juan Yin,,,,,,,,0,1
12340,Person,Jose White,,,,,,,,0,1
12341,Person,Xiuying Lei,,,,,,,,0,2
12342,Person,Erin Moses,,,,,,,,0,2
12343,Person,Jing Cao,,,,,,,,0,1
12348,Person,Ming Lu,,,,,,,,0,1
12349,Person,Jing Duan,,,,,,,,0,1
12351,Person,Yang Xiao,,,,,,,,0,2
12353,Person,Sherry Bell,,,,,,Echo Epoch,,0,1
12354,Person,James Middleton,,,,,,,,0,2
12355,Person,Jacob Gomez,,,,,,,,0,1
12359,Person,Samiha Hayre,,,,,,,,0,2
12360,Person,Anahi Buch,,,,,,,,0,1
12361,Person,Jhanvi Krishnamurthy,,,,,,,,0,1
12363,Person,Xiulan Xu,,,,,,,,0,1
12364,Person,Xiulan Gu,,,,,,,,0,1
12368,Person,Jolanda Salz,,,,,,,,0,3
12370,Person,Guiying Chang,,,,,,,,0,1
12371,Person,Yang Zheng,,,,,,,,0,2
12372,Person,Jing Wu,,,,,,,,0,1
12374,Person,Li Long,,,,,,,,0,2
12377,Person,Fang Lu,,,,,,,,0,1
12378,Person,Yong Jia,,,,,,,,0,1
12379,Person,Jessica Fry,,,,,,,,0,2
12380,Person,Pamela Reynolds,,,,,,,,0,1
12381,Person,Yang Song,,,,,,,,0,2
12383,Person,Mark Crawford,,,,,,,,0,1
12385,Person,Elladio Badoer-Beccaria,,,,,,,,0,1
12387,Person,Fang He,,,,,,Requiem,,0,1
12388,Person,Chao Song,,,,,,,,0,1
12390,Person,Xiuying Song,,,,,,Vinny Carter,,0,2
12391,Person,Justin Kirk,,,,,,,,0,1
12392,Person,Dennis Wood,,,,,,,,0,2
12394,Person,Ming Yang,,,,,,,,0,1
12398,Person,Ming Lei,,,,,,,,0,1
12399,Person,Li Xie,,,,,,,,0,1
12400,Person,Wei Liao,,,,,,,,0,2
12402,Person,Li Fan,,,,,,,,0,2
12403,Person,Kathryn Garcia,,,,,,,,0,2
12404,Person,Yong Wei,,,,,,,,0,1
12405,Person,Susan Holmes,,,,,,,,0,1
12406,Person,Xiulan Meng,,,,,,,,0,1
12409,Person,Angela Wolfe,,,,,,,,0,1
12411,Person,Loïs Knoers,,,,,,,,0,1
12412,Person,Brian Brewer,,,,,,,,0,1
12413,Person,Randall Johnson,,,,,,,,0,2
12414,Person,Justin Campbell,,,,,,,,0,2
12415,Person,Michael Bradford,,,,,,,,0,1
12416,Person,Crystal Norman,,,,,,,,0,2
12417,Person,Isabell Wulff,,,,,,,,0,2
12419,Person,Li Fan,,,,,, Pearl,,0,1
12420,Person,Martha Patrick,,,,,,,,0,2
12421,Person,Wei Liu,,,,,,,,0,1
12423,Person,Qiang Qian,,,,,,,,0,2
12424,Person,Qiang Liang,,,,,,,,0,3
12426,Person,Heinz-Günter Kallert,,,,,,,,0,1
12427,Person,Fredy Lange,,,,,,,,0,2
12430,Person,Xia Mao,,,,,,,,0,1
12431,Person,Juan Zhong,,,,,,,,0,1
12432,Person,Guiying Qian,,,,,,,,0,1
12433,Person,Jun Qin,,,,,,,,0,1
12435,Person,Mathias Tröst,,,,,,,,0,1
12436,Person,Bekir Ladeck,,,,,,,,0,1
12437,Person,Liesbeth Köhler,,,,,,,,0,1
12438,Person,Gerold Boucsein-Oestrovsky,,,,,,,,0,1
12439,Person,Heinz-Dieter Pruschke,,,,,,,,0,2
12440,Person,Jasmin Rogner,,,,,,,,0,1
12442,Person,Ping Yu,,,,,,,,0,1
12446,Person,Nicholas Harris,,,,,,,,0,2
12447,Person,Adam Christian,,,,,,,,0,1
12448,Person,Matthew Lara,,,,,,,,0,1
12449,Person,Yan Feng,,,,,,,,0,1
12450,Person,Laura Mejia,,,,,,,,0,1
12452,Person,Anthony Davis,,,,,,Astral Concord,,0,1
12453,Person,Robert Holland,,,,,,,,0,1
12454,Person,Julie Graves,,,,,,,,0,1
12455,Person,Erik Alvarez,,,,,,,,0,1
12456,Person,Xavier Kane,,,,,,,,0,1
12457,Person,Carl Osborne,,,,,,,,0,2
12458,Person,Patrick Thompson,,,,,,,,0,1
12459,Person,Michael Moore,,,,,,,,0,1
12460,Person,Karen Smith,,,,,,,,0,1
12461,Person,Nicole Williams,,,,,,,,0,1
12462,Person,Joseph Buchanan,,,,,,,,0,1
12463,Person,Nicholas Ortiz,,,,,,,,0,2
12464,Person,Gary White,,,,,,,,0,1
12465,Person,Joel Valentine,,,,,,,,0,1
12466,Person,Shawn Soto,,,,,,,,0,1
12467,Person,Mary Ross,,,,,,,,0,1
12468,Person,Mario Weeks,,,,,,,,0,1
12470,Person,Tao Zhu,,,,,,,,0,4
12471,Person,Xiulan Sun,,,,,,,,0,2
12472,Person,Jie Kang,,,,,,,,0,2
12473,Person,Wei Yuan,,,,,,,,0,1
12474,Person,Chao Wei,,,,,,,,0,2
12476,Person,Tadeusz Majorek,,,,,,,,0,1
12477,Person,Jacek Gorol,,,,,,,,0,1
12479,Person,Xiulan Song,,,,,,,,0,1
12480,Person,Fang Xiao,,,,,,,,0,3
12481,Person,Steven Smith,,,,,,,,0,1
12482,Person,Wei Luo,,,,,,,,0,1
12483,Person,Yan Yang,,,,,,,,0,4
12484,Person,Jie Xie,,,,,,,,0,2
12485,Person,Lei Bai,,,,,,,,0,1
12486,Person,Brittany Holmes,,,,,,,,0,1
12487,Person,Yan Fu,,,,,,,,0,1
12488,Person,Xia Liang,,,,,,,,0,2
12491,Person,Guiying Zhong,,,,,,,,0,2
12492,Person,Qiang Yang,,,,,,,,0,2
12493,Person,Lei Liao,,,,,,,,0,1
12495,Person,Marguerite Faure,,,,,,,,0,1
12499,Person,Steven Schultz,,,,,,,,0,2
12500,Person,Steven Smith,,,,,,,,0,1
12502,Person,Alisha Fernandez,,,,,,,,0,2
12503,Person,Betty Vega,,,,,,,,0,1
12504,Person,Tyler Smith,,,,,,,,0,1
12506,Person,Xiuying Tang,,,,,,,,0,1
12507,Person,Jennifer Olson,,,,,,,,0,1
12509,Person,Yang Li,,,,,,,,0,2
12510,Person,Min Yin,,,,,,,,0,3
12511,Person,Juan Bai,,,,,,,,0,2
12513,Person,Indrajit Chana,,,,,,,,0,2
12514,Person,Fateh Bhatt,,,,,,,,0,1
12516,Person,Ashley Hanson,,,,,,,,0,1
12519,Person,Trevor Weiss,,,,,, Quest,,0,1
12520,Person,Jing Gu,,,,,,,,0,1
12522,Person,Jing Wan,,,,,,,,0,2
12523,Person,Jun Long,,,,,,,,0,3
12525,Person,Jie Li,,,,,,Harmonic Paradox,,0,1
12526,Person,Na Dai,,,,,,,,0,5
12527,Person,Xia Wu,,,,,,,,0,4
12528,Person,Mary King,,,,,,,,0,1
12529,Person,Xia Zhao,,,,,,,,0,2
12532,Person,Xavier Gaillard,,,,,,,,0,4
12533,Person,Tyler Martinez,,,,,,,,0,1
12536,Person,Monica Coleman,,,,,,,,0,2
12537,Person,Guiying Yao,,,,,,,,0,2
12539,Person,Gang Cheng,,,,,,,,0,1
12541,Person,Wei Qiu,,,,,,,,0,1
12542,Person,Jie Fang,,,,,,,,0,1
12544,Person,Yang Jin,,,,,,,,0,2
12545,Person,Yan Lu,,,,,,,,0,1
12548,Person,Gang Lei,,,,,,,,0,1
12549,Person,Maria-Luise Klemm,,,,,,,,0,1
12551,Person,Lei Su,,,,,,,,0,1
12552,Person,Jie Tao,,,,,,,,0,1
12553,Person,Yan Cui,,,,,,,,0,1
12555,Person,Wei Ye,,,,,,,,0,1
12556,Person,Lei Lai,,,,,,,,0,1
12557,Person,Jing Zhang,,,,,,,,0,4
12559,Person,Xiuying Zhong,,,,,,,,0,1
12560,Person,Juan Chen,,,,,,,,0,1
12561,Person,Tao Lai,,,,,,,,0,1
12562,Person,Yang Cui,,,,,,,,0,1
12563,Person,Qiang Li,,,,,,,,0,1
12565,Person,Brianna Williams,,,,,,,,0,1
12566,Person,Whitney Williams,,,,,,,,0,1
12567,Person,Krystyna Szklarek,,,,,,,,0,2
12568,Person,Trevor Freeman,,,,,,,,0,1
12569,Person,Fryderyk Deptuch,,,,,,,,0,1
12570,Person,Tiffany Kelly,,,,,,,,0,1
12572,Person,Summer Friedman,,,,,,,,0,2
12573,Person,Susan Stewart,,,,,,,,0,1
12575,Person,Jun Jin,,,,,,,,0,1
12576,Person,Jun Wang,,,,,,,,0,2
12579,Person,Tao Yan,,,,,,,,0,2
12580,Person,Jing Kong,,,,,,,,0,1
12581,Person,Yong Dai,,,,,,,,0,1
12583,Person,Kristopher Roberts,,,,,,,,0,1
12584,Person,Jamie Garcia,,,,,,,,0,1
12585,Person,Denise Barthelemy de Brunet,,,,,,,,0,1
12586,Person,Stephanie Murray,,,,,,,,0,1
12587,Person,Dina Scholten,,,,,,,,0,1
12588,Person,Sherry Salinas,,,,,,,,0,1
12589,Person,Kornelia Michnik,,,,,,,,0,1
12590,Person,Nicole Murphy,,,,,,,,0,1
12591,Person,Roberto Govoni,,,,,,,,0,1
12592,Person,Clémence Vincent,,,,,,,,0,3
12595,Person,Lenn Blaak,,,,,, Phoenix,,0,2
12597,Person,Jeremy Little,,,,,,Vortex & The Sages,,0,1
12598,Person,James Stevens,,,,,,,,0,2
12600,Person,Tao Kong,,,,,,,,0,1
12601,Person,Andrew Barnes,,,,,,,,0,1
12603,Person,Li Lei,,,,,,,,0,2
12604,Person,Yan Tian,,,,,,,,0,2
12605,Person,Yan Qiu,,,,,,,,0,1
12606,Person,John Kemp,,,,,,,,0,1
12607,Person,Jun Cao,,,,,,,,0,1
12609,Person,Li Xu,,,,,,,,0,1
12610,Person,Shota Mori,,,,,,,,0,2
12612,Person,Chao Xie,,,,,,,,0,1
12614,Person,Jun Liu,,,,,,,,0,2
12615,Person,Joseph Trujillo,,,,,,,,0,3
12618,Person,Min Zou,,,,,,,,0,1
12619,Person,Yong Cao,,,,,,,,0,1
12620,Person,Christina Garrett,,,,,,,,0,1
12621,Person,Wei Cai,,,,,,,,0,2
12624,Person,Jacob Harris,,,,,,,,0,4
12626,Person,Qiang Jiang,,,,,,,,0,2
12627,Person,Jie Xu,,,,,,,,0,1
12628,Person,Yan Chang,,,,,,,,0,1
12630,Person,Debra Lam,,,,,,,,0,1
12632,Person,Zaira Verga-Cannizzaro,,,,,,,,0,2
12636,Person,Kimberly Miles,,,,,,,,0,1
12637,Person,Virginia Ford,,,,,,,,0,1
12638,Person,Christopher Aguilar,,,,,,,,0,1
12639,Person,Karen Williams,,,,,,,,0,1
12640,Person,Susan Young,,,,,,,,0,1
12641,Person,Mary Anthony,,,,,,,,0,2
12642,Person,Shannon Davis,,,,,,,,0,2
12643,Person,Christopher Hill,,,,,,,,0,1
12644,Person,Joe Perry,,,,,,,,0,2
12646,Person,Fang Jiang,,,,,,Fang,,0,2
12647,Person,Sarah Riley,,,,,,,,0,1
12648,Person,Xia Qin,,,,,,,,0,1
12649,Person,Fang Tan,,,,,,,,0,1
12651,Person,Melissa Rush,,,,,,,,0,1
12653,Person,Lei Li,,,,,,,,0,1
12654,Person,Xiulan Deng,,,,,,,,0,1
12655,Person,Xia Meng,,,,,,,,0,1
12657,Person,Fang Fan,,,,,,,,0,2
12658,Person,Lei Zhao,,,,,,,,0,2
12659,Person,Qiang Hao,,,,,,,,0,1
12660,Person,Min Sun,,,,,,,,0,1
12662,Person,Noah Braun,,,,,,,,0,1
12663,Person,Wei Wan,,,,,,,,0,2
12664,Person,Min Wang,,,,,,,,0,1
12666,Person,Christine Hauffer,,,,,,,,0,2
12667,Person,Carsten Fritsch,,,,,,,,0,3
12669,Person,Jing Tian,,,,,,,,0,2
12670,Person,Jing Fang,,,,,,,,0,2
12671,Person,Jing Tian,,,,,,,,0,1
12672,Person,Jun Deng,,,,,,,,0,1
12674,Person,Meredith Walker,,,,,,,,0,1
12675,Person,James Rubio,,,,,,,,0,2
12676,Person,Christopher Murray,,,,,,,,0,1
12677,Person,Rebecca Gonzales,,,,,,,,0,2
12679,Person,Qiang Tan,,,,,,,,0,2
12680,Person,Yang Xu,,,,,,,,0,1
12681,Person,Denise Johnson,,,,,,,,0,1
12682,Person,Yan Liu,,,,,,,,0,2
12683,Person,Min Yu,,,,,,,,0,1
12684,Person,Donna Malone,,,,,,,,0,1
12686,Person,James Medina,,,,,,,,0,1
12687,Person,Matthew Best,,,,,,,,0,2
12688,Person,Linda Burns,,,,,,,,0,1
12690,Person,Yan Lin,,,,,,,,0,2
12693,Person,Jennifer Moore,,,,,,,,0,3
12695,Person,Xiulan Du,,,,,,,,0,2
12696,Person,Tao Hou,,,,,,,,0,1
12697,Person,Chao Luo,,,,,,,,0,1
12698,Person,Xiuying Bai,,,,,,,,0,1
12699,Person,Gang Cai,,,,,,,,0,1
12700,Person,Fang Tao,,,,,,,,0,1
12701,Person,Xia Kang,,,,,,,,0,1
12704,Person,Audrey Huff,,,,,,,,0,5
12706,Person,Brooke Ortiz,,,,,,,,0,1
12707,Person,Yang Lai,,,,,,,,0,1
12708,Person,Joshua Shelton,,,,,,,,0,2
12709,Person,Thomas Lopez,,,,,,,,0,1
12711,Person,Wei Du,,,,,,,,0,1
12712,Person,Jun Yi,,,,,,,,0,1
12713,Person,Jing Tang,,,,,,,,0,2
12714,Person,Yang Lin,,,,,,,,0,1
12715,Person,Lei Zhang,,,,,,,,0,2
12716,Person,Li Liao,,,,,,,,0,1
12717,Person,Jing Song,,,,,,,,0,1
12720,Person,Yoko Murakami,,,,,,,,0,1
12722,Person,Robert Velasquez,,,,,,,,0,1
12724,Person,Gang Sun,,,,,, Ivory Hawk,,0,1
12725,Person,Chao Ren,,,,,,,,0,1
12726,Person,Xia Qiao,,,,,,,,0,1
12728,Person,Lara Wohlgemut,,,,,,,,0,2
12730,Person,Chao Zhong,,,,,,,,0,1
12731,Person,Guiying Jia,,,,,,,,0,1
12733,Person,Ping Yao,,,,,,,,0,1
12734,Person,Juan Su,,,,,,,,0,1
12735,Person,Gang Xie,,,,,,,,0,1
12736,Person,Min Yao,,,,,,,,0,1
12737,Person,Chao Xiang,,,,,,,,0,2
12738,Person,Wei Wan,,,,,,,,0,1
12740,Person,Xiuying Deng,,,,,,,,0,2
12741,Person,Wei Ding,,,,,,,,0,1
12743,Person,Karol Jereczek,,,,,,,,0,6
12745,Person,Juan Lu,,,,,, DA STORM,,0,2
12746,Person,Ming Shi,,,,,,,,0,2
12747,Person,Gang Chen,,,,,,,,0,1
12748,Person,Na Han,,,,,,,,0,1
12749,Person,Yan Luo,,,,,,,,0,4
12752,Person,Nancy Franklin,,,,,,Prysm,,0,1
12753,Person,Jason Robles,,,,,,,,0,1
12754,Person,Sharon Roberts,,,,,,,,0,2
12757,Person,Pari Chand,,,,,,,,0,1
12758,Person,Damini Datta,,,,,,,,0,1
12760,Person,Guiying Han,,,,,,,,0,1
12762,Person,Yan Fu,,,,,,,,0,1
12763,Person,Fang Lei,,,,,,,,0,1
12764,Person,Jing Cheng,,,,,,,,0,1
12765,Person,Xia Guo,,,,,,,,0,1
12766,Person,Jie Lin,,,,,,,,0,1
12767,Person,Xiuying Qin,,,,,,,,0,1
12769,Person,Jessica Lindsey,,,,,,,,0,1
12770,Person,Daniel Lee,,,,,,,,0,2
12771,Person,Christopher Reese,,,,,,,,0,3
12772,Person,Leon Hutchinson,,,,,,,,0,2
12773,Person,Bobby Tucker,,,,,,,,0,3
12774,Person,Melanie Bautista,,,,,,,,0,2
12775,Person,Rémy-Bertrand Bailly,,,,,,,,0,2
12777,Person,Ashley Larson,,,,,,,,0,2
12778,Person,Tao Xiong,,,,,,,,0,1
12782,Person,Ivana Dhillon,,,,,,,,0,1
12783,Person,Darshit Ratta,,,,,,,,0,2
12785,Person,Chao Wei,,,,,,,,0,3
12786,Person,Xiuying Shen,,,,,,,,0,1
12787,Person,Jun Wei,,,,,,,,0,1
12789,Person,Terry Baker,,,,,,,,0,1
12790,Person,Jamie Roberts,,,,,,,,0,2
12791,Person,Madeline Gentry,,,,,,,,0,1
12795,Person,Melissa Brown,,,,,,,,0,2
12796,Person,Amber Murray,,,,,,,,0,1
12797,Person,Kimberly Zimmerman,,,,,,,,0,1
12798,Person,Lisa Martin,,,,,,,,0,1
12799,Person,Stacy Kennedy,,,,,,,,0,1
12800,Person,Michelle Williams,,,,,,,,0,1
12801,Person,Gabrielle Wright,,,,,,,,0,1
12802,Person,Autumn Moore,,,,,,,,0,1
12803,Person,Tina Jackson,,,,,,,,0,1
12805,Person,Dustin Maxwell,,,,,,,,0,1
12806,Person,Tanya Garrett,,,,,,,,0,2
12808,Person,Pihu Ahuja,,,,,,,,0,2
12809,Person,Kashvi Dutt,,,,,,,,0,1
12810,Person,Shalv Dass,,,,,,,,0,1
12813,Person,Tao Song,,,,,,,,0,1
12814,Person,Jun Yi,,,,,,,,0,5
12815,Person,Qiang Zhao,,,,,,,,0,7
12818,Person,Adam Wallace,,,,,,,,0,2
12819,Person,Jennifer Stephens,,,,,,,,0,1
12824,Person,Christopher Fischer,,,,,,,,0,1
12825,Person,Bartek Heleniak,,,,,,,,0,1
12826,Person,Sara Chung,,,,,,,,0,1
12827,Person,Jerzy Majczyna,,,,,,,,0,2
12828,Person,Denny Scholl-Vogt,,,,,,,,0,1
12829,Person,Sonia Trochimiuk,,,,,,,,0,1
12830,Person,Adrian Ross,,,,,,,,0,1
12831,Person,Magret Staude,,,,,,,,0,1
12832,Person,Felizitas Hermann,,,,,,,,0,2
12834,Person,Mitchell Larson,,,,,,,,0,1
12835,Person,Lauretta Pasolini,,,,,,,,0,3
12836,Person,Maurice Nguyen,,,,,,,,0,1
12838,Person,Kristina Jones,,,,,, Star XV,,0,1
12839,Person,Xiulan Hao,,,,,,,,0,1
12840,Person,Xia Jiang,,,,,,,,0,3
12841,Person,Yan Qiu,,,,,,,,0,2
12843,Person,Yan Gao,,,,,, HE∆VEN,,0,2
12844,Person,Xiulan Jin,,,,,,,,0,2
12845,Person,Gang Dong,,,,,,,,0,1
12846,Person,Patricia Humphrey,,,,,,,,0,3
12848,Person,Madison Lopez,,,,,, M.C. Frost,,0,1
12849,Person,Ming Xia,,,,,,,,0,1
12850,Person,Na Chen,,,,,,,,0,1
12851,Person,Chao Zhang,,,,,,,,0,2
12853,Person,Jun Mao,,,,,,,,0,1
12854,Person,Tao Peng,,,,,,,,0,2
12855,Person,Gang Song,,,,,,,,0,1
12856,Person,Ping Deng,,,,,,,,0,1
12857,Person,Xia Zheng,,,,,,,,0,1
12859,Person,Min Qin,,,,,,,,0,3
12860,Person,Vincent Seifert,,,,,,,,0,2
12862,Person,Qiang Zhong,,,,,,,,0,1
12863,Person,Guiying Hao,,,,,,,,0,2
12864,Person,Min Cui,,,,,,,,0,1
12868,Person,Ninetta Spinelli,,,,,,,,0,2
12869,Person,Gerhild Patberg,,,,,,,,0,1
12870,Person,Cosima Mülichen,,,,,,,,0,1
12871,Person,Valentine Peukert,,,,,,,,0,1
12872,Person,Hilda Plath,,,,,,,,0,1
12873,Person,Ludger Ladeck,,,,,,,,0,1
12874,Person,Anneliese Döhn,,,,,,,,0,1
12875,Person,Paloma Tomaselli,,,,,,,,0,2
12876,Person,Eva Seidel,,,,,,,,0,1
12878,Person,Juan He,,,,,,,,0,2
12879,Person,Tao Yu,,,,,,,,0,2
12880,Person,Wei Luo,,,,,,,,0,3
12881,Person,Frieda Mitschke,,,,,,,,0,1
12883,Person,John Maldonado,,,,,,,,0,2
12884,Person,Andrew Carrillo,,,,,,,,0,1
12885,Person,Nancy Arnold,,,,,,,,0,1
12887,Person,Li Xiang,,,,,,,,0,1
12888,Person,Ping Liao,,,,,,,,0,1
12889,Person,Jing Tan,,,,,,,,0,1
12894,Person,Elizabeth Mccann,,,,,,,,0,2
12895,Person,Roger Simmons,,,,,,,,0,2
12897,Person,Vlastimil Bílek,,,,,,,,0,1
12898,Person,Miluše Malá,,,,,,,,0,2
12900,Person,Na Qiu,,,,,,,,0,1
12901,Person,Xia Dai,,,,,,,,0,2
12902,Person,Bianca Mentzel,,,,,,,,0,1
12904,Person,Chao Cheng,,,,,,XPLICIT KAI,,0,1
12905,Person,Dawn Allen,,,,,,,,0,1
12906,Person,Nathan Carrillo,,,,,,,,0,1
12907,Person,Tammy Williams,,,,,,,,0,1
12908,Person,Jennifer Parker,,,,,,,,0,1
12909,Person,Shannon Allen,,,,,,,,0,1
12911,Person,Min Zhou,,,,,,,,0,1
12912,Person,Wei Wen,,,,,,,,0,1
12913,Person,Jun Jin,,,,,,,,0,1
12915,Person,Francisco Säuberlich,,,,,,,,0,2
12917,Person,Christopher Rosales,,,,,,Chris Rosales,,0,3
12918,Person,Tara Jennings,,,,,,,,0,2
12921,Person,Adam Kroker,,,,,,,,0,1
12922,Person,Frank Green,,,,,,,,0,1
12924,Person,Sydney Mack,,,,,,,,0,1
12925,Person,Alex Hernandez,,,,,,,,0,2
12927,Person,Chao Cheng,,,,,,,,0,1
12928,Person,Juan Han,,,,,,,,0,1
12929,Person,Na Ren,,,,,,,,0,1
12930,Person,Qiang Xie,,,,,,,,0,1
12931,Person,Mitchell Bryan,,,,,,,,0,1
12935,Person,Li Zhou,,,,,,Aiden Cole,,0,1
12937,Person,Michele Orozco,,,,,,Solar Elegy,,0,1
12938,Person,William Ashley,,,,,,,,0,1
12939,Person,Ping Meng,,,,,,,,0,1
12940,Person,Jie Yao,,,,,,,,0,2
12942,Person,Taylor Martin,,,,,,,,0,2
12943,Person,Bradley Anderson,,,,,,,,0,1
12944,Person,Audrey Frye,,,,,,,,0,1
12945,Person,Jesus Hatfield,,,,,,,,0,1
12948,Person,Brooke Olson,,,,,,,,0,3
12950,Person,Na Qin,,,,,,,,0,2
12951,Person,Jamie Roberts,,,,,,,,0,1
12954,Person,Rachel Lewis,,,,,,,,0,2
12957,Person,Guiying Zhao,,,,,,,,0,1
12958,Person,Tao Zhong,,,,,,,,0,1
12959,Person,Guiying Song,,,,,,,,0,1
12960,Person,Li Long,,,,,,,,0,1
12962,Person,Chao Xiang,,,,,,,,0,1
12964,Person,Li Xie,,,,,,,,0,1
12965,Person,Lei Xu,,,,,,,,0,1
12966,Person,Tao Luo,,,,,,,,0,1
12968,Person,Qiang Xiao,,,,,,,,0,2
12969,Person,Guiying Fu,,,,,,,,0,4
12970,Person,Jun Fang,,,,,,,,0,2
12972,Person,Pihu Chowdhury,,,,,,,,0,1
12974,Person,Jonathan Thompson,,,,,,,,0,2
12975,Person,Giovanna Bongiorno,,,,,,,,0,1
12977,Person,Sara Levy,,,,,,,,0,1
12978,Person,Gregory Evans,,,,,,,,0,1
12980,Person,Justin Doyle,,,,,,,,0,2
12981,Person,Eva Sani,,,,,,,,0,1
12984,Person,Juan Ye,,,,,,,,0,2
12985,Person,Megan Humphrey,,,,,,,,0,1
12987,Person,Bianca Rice,,,,,,,,0,1
12988,Person,Robert Roberts,,,,,,,,0,1
12989,Person,Sarah Galloway,,,,,,,,0,2
12990,Person,Ian Dorsey,,,,,,,,0,1
12992,Person,Antonius Faust,,,,,,,,0,4
12995,Person,Yong Yang,,,,,,,,0,2
12996,Person,Lei Zheng,,,,,,,,0,1
12999,Person,Leah Anderson,,,,,,,,0,2
13000,Person,Steven Ray,,,,,,,,0,2
13003,Person,Chao Dong,,,,,,,,0,1
13004,Person,Ise Scardino,,,,,,,,0,2
13005,Person,Anne Verwoert-Slagmolen,,,,,,,,0,1
13006,Person,Isabelle Godfrey van Alemannië,,,,,,,,0,1
13009,Person,Charles Spears,,,,,,,,0,1
13011,Person,Andrew Juarez,,,,,,,,0,1
13012,Person,Mary Smith,,,,,,,,0,3
13015,Person,David Reese,,,,,,,,0,1
13016,Person,Ryan Dunlap,,,,,,,,0,1
13017,Person,Elmo Calbo,,,,,,,,0,1
13018,Person,Amico Luciani,,,,,,,,0,1
13020,Person,Xia Tian,,,,,,,,0,1
13021,Person,Ming Gong,,,,,,,,0,1
13022,Person,Fang Dai,,,,,,,,0,1
13024,Person,Kristen Edwards,,,,,,,,0,1
13028,Person,Michael Rivera,,,,,,,,0,4
13029,Person,Michael Reyes,,,,,,,,0,2
13032,Person,Christopher Brown,,,,,,,,0,2
13034,Person,Lei Liao,,,,,,,,0,2
13036,Person,Julia Smith,,,,,,,,0,1
13037,Person,Janet Lewis,,,,,,,,0,2
13038,Person,Lisa Wolfe,,,,,,,,0,4
13041,Person,Xiulan Chen,,,,,,,,0,2
13043,Person,Rafał Helak,,,,,,,,0,1
13044,Person,Maurycy Seidel,,,,,,,,0,2
13045,Person,Liwia Mitera,,,,,,,,0,1
13048,Person,Gang Tan,,,,,,,,0,2
13050,Person,Yang Gao,,,,,,ZENO THA PROPHET,,0,1
13051,Person,Li Tan,,,,,,,,0,2
13052,Person,Chao Cheng,,,,,,,,0,1
13054,Person,Karina Gunpf,,,,,,,,0,2
13056,Person,Yong Su,,,,,,,,0,2
13057,Person,Jie Tan,,,,,,,,0,1
13058,Person,Jing Pan,,,,,,,,0,1
13059,Person,Juan Xiang,,,,,,,,0,1
13060,Person,Qiang Long,,,,,,,,0,2
13061,Person,Xia Jin,,,,,,,,0,1
13063,Person,Yan Qin,,,,,,,,0,1
13065,Person,Candace Anderson,,,,,,,,0,1
13066,Person,Shane Clark,,,,,,,,0,2
13067,Person,Qiang Kang,,,,,,,,0,3
13070,Person,Mehul Varty,,,,,,,,0,1
13071,Person,Devansh De,,,,,,,,0,2
13074,Person,Jennifer Coleman,,,,,,,,0,2
13075,Person,Richard Johnson,,,,,,,,0,1
13077,Person,Annetta Molesini,,,,,,,,0,1
13078,Person,Aurora Vendetti,,,,,,,,0,1
13079,Person,Augusto Franzese,,,,,,,,0,1
13081,Person,Guiying Cheng,,,,,,Omen,,0,1
13082,Person,Yan Cao,,,,,,,,0,1
13083,Person,Lei Jia,,,,,,,,0,1
13084,Person,Fang Pan,,,,,,,,0,1
13086,Person,Lauren Brown,,,,,,,,0,1
13087,Person,Stephanie Allen,,,,,,,,0,2
13089,Person,Matthew Roberson,,,,,,,,0,1
13090,Person,Fang Wu,,,,,,,,0,4
13091,Person,Sherry Powell,,,,,,,,0,4
13092,Person,Joseph Brooks,,,,,,,,0,1
13093,Person,Elizabeth Martin,,,,,,,,0,1
13095,Person,John Price,,,,,,,,0,2
13096,Person,Qiang Ma,,,,,,,,0,1
13097,Person,Jeffrey Tate,,,,,,,,0,1
13098,Person,Wayne Perkins,,,,,,,,0,2
13099,Person,Tao Mao,,,,,,,,0,1
13100,Person,Larry Thomas,,,,,,,,0,1
13102,Person,Jie Zou,,,,,,,,0,1
13103,Person,Qiang Long,,,,,,,,0,2
13105,Person,Brigitte Gotthard,,,,,,,,0,3
13106,Person,Herr Heinfried Kraushaar,,,,,,,,0,1
13108,Person,Andre Scott,,,,,, THA CROWN,,0,1
13109,Person,Juan Wei,,,,,,,,0,2
13110,Person,Lei Yao,,,,,,,,0,2
13111,Person,Gang Zhou,,,,,,,,0,1
13113,Person,Clara Weitzel,,,,,,,,0,1
13114,Person,Gianfrancesco Merisi,,,,,,,,0,1
13115,Person,Mercedes Salata,,,,,,,,0,1
13116,Person,Bryan Laffray-Recers,,,,,,,,0,1
13118,Person,Li Yan,,,,,, Vince Shadow,,0,1
13119,Person,Wei Qiao,,,,,,,,0,1
13120,Person,Na Gong,,,,,,,,0,1
13121,Person,Gang Tian,,,,,,,,0,1
13122,Person,Yang Meng,,,,,,,,0,1
13124,Person,Nicholas Gonzalez,,,,,,,,0,1
13125,Person,John Mcdonald,,,,,,,,0,1
13126,Person,Antonio Schroeder,,,,,,,,0,2
13127,Person,Erica Herrera,,,,,,,,0,1
13130,Person,Qiang Shi,,,,,,,,0,1
13133,Person,Elizabeth Cochran PhD,,,,,,,,0,3
13134,Person,Susan Willis,,,,,,,,0,3
13136,Person,Ming Zheng,,,,,,,,0,1
13137,Person,Jun Yu,,,,,,,,0,2
13138,Person,Yang Kong,,,,,,,,0,1
13141,Person,Wei Luo,,,,,,,,0,3
13145,Person,Lei Zhao,,,,,,,,0,1
13146,Person,Yang Fu,,,,,,,,0,1
13148,Person,Kalina Fidor,,,,,,,,0,1
13151,Person,Ping Fang,,,,,,,,0,2
13152,Person,Qiang Lu,,,,,,,,0,1
13153,Person,Min Qin,,,,,,,,0,3
13156,Person,Divyansh Sehgal,,,,,,,,0,1
13159,Person,Ming Pan,,,,,,,,0,1
13160,Person,Fang Wan,,,,,,,,0,1
13162,Person,Xiuying Yin,,,,,,Ivory Skyline,,0,1
13163,Person,Xia Wen,,,,,,,,0,2
13164,Person,Xiuying Qian,,,,,,,,0,1
13165,Person,Gang Peng,,,,,,,,0,2
13166,Person,Gang Tian,,,,,,,,0,1
13167,Person,Wei Song,,,,,,,,0,1
13169,Person,Xiulan Sun,,,,,,,,0,3
13170,Person,Gang He,,,,,,,,0,2
13172,Person,Wei Jia,,,,,,,,0,1
13174,Person,Ming Qiu,,,,,,,,0,1
13175,Person,Yang Lei,,,,,,,,0,1
13176,Person,Fang Qiao,,,,,,,,0,1
13177,Person,Ming Yu,,,,,,,,0,1
13178,Person,Guiying Qiu,,,,,,,,0,1
13180,Person,Victoria Butler,,,,,,,,0,1
13181,Person,Derek Cook,,,,,,,,0,2
13182,Person,Jared Arnold,,,,,,,,0,1
13183,Person,Todd Jones,,,,,,,,0,1
13184,Person,Elizabeth West,,,,,,,,0,2
13185,Person,April Anderson,,,,,,,,0,1
13186,Person,Jonathan Garcia,,,,,,,,0,1
13187,Person,Jun Fu,,,,,,,,0,1
13189,Person,Qiang Pan,,,,,,,,0,1
13191,Person,Guiying He,,,,,,,,0,1
13192,Person,Fang Hu,,,,,,,,0,1
13193,Person,Wei Ye,,,,,,,,0,1
13194,Person,Min Ren,,,,,,,,0,1
13195,Person,Juan Dong,,,,,,,,0,1
13198,Person,Kumiko Fujita,,,,,,,,0,1
13199,Person,Yuta Sato,,,,,,,,0,1
13200,Person,Maaya Tanaka,,,,,,,,0,1
13203,Person,Gang Wu,,,,,,,,0,1
13204,Person,Qiang Cao,,,,,,,,0,1
13205,Person,Xiulan Xia,,,,,,,,0,1
13207,Person,Xia Huang,,,,,,,,0,2
13210,Person,Chao Zhong,,,,,,,,0,2
13211,Person,Li Lin,,,,,,,,0,2
13212,Person,Xiuying Hou,,,,,,,,0,1
13215,Person,Kai-Uwe Döring,,,,,,,,0,1
13217,Person,Guiying Gu,,,,,,,,0,1
13218,Person,Steven Smith,,,,,,,,0,1
13221,Person,Elizabeth Dobes,,,,,,,,0,1
13225,Person,Ryan Smith,,,,,,,,0,2
13226,Person,Michael Cole,,,,,,,,0,1
13227,Person,Lei Tao,,,,,,,,0,1
13230,Person,Dagmara Pasztaleniec,,,,,,Troy Maxwell,,0,1
13231,Person,Melissa Soto,,,,,,,,0,1
13233,Person,Jason Vaughn,,,,,,,,0,1
13234,Person,Gang Lin,,,,,,,,0,3
13235,Person,Summer Bender,,,,,,,,0,2
13238,Person,Elisabet Manola Aguirre Solís,,,,,,,,0,3
13239,Person,Rosario Alsina Saez,,,,,,,,0,2
13241,Person,Ming Zhao,,,,,,,,0,1
13242,Person,Min Xia,,,,,,,,0,1
13244,Person,Christopher Martin,,,,,,,,0,1
13245,Person,Na Zhong,,,,,,,,0,1
13247,Person,Jie Duan,,,,,,,,0,2
13248,Person,Ping Shi,,,,,,,,0,1
13250,Person,Beth Thompson,,,,,,,,0,1
13251,Person,Li Lai,,,,,,,,0,1
13252,Person,Ming Feng,,,,,,,,0,2
13253,Person,Na Song,,,,,,,,0,2
13259,Person,Martin Jones PhD,,,,,,,,0,1
13261,Person,Chao Shao,,,,,,,,0,1
13263,Person,Lei Lin,,,,,,,,0,1
13264,Person,Tao Fan,,,,,,,,0,2
13265,Person,Yong Zhao,,,,,,,,0,1
13267,Person,Carol Wallace,,,,,,,,0,1
13268,Person,Haley Adams,,,,,,,,0,2
13269,Person,Julia Allen,,,,,,,,0,1
13270,Person,David Castaneda,,,,,,,,0,2
13271,Person,Eric Boyd,,,,,,,,0,2
13273,Person,Tracy Combs,,,,,,,,0,1
13274,Person,Nicole Valenzuela,,,,,,,,0,2
13275,Person,Tom Kade,,,,,,,,0,1
13277,Person,Min Chang,,,,,,,,0,1
13278,Person,Jing Su,,,,,,,,0,2
13281,Person,Lei Zeng,,,,,,,,0,1
13283,Person,Yang Xue,,,,,,,,0,1
13284,Person,Juan Jin,,,,,,,,0,3
13285,Person,Tao Fang,,,,,,,,0,6
13288,Person,Tao Cai,,,,,, Rain Bishop,,0,1
13289,Person,Wei Wan,,,,,,,,0,2
13290,Person,Min Gao,,,,,,,,0,1
13291,Person,Richard Sweeney,,,,,,,,0,1
13292,Person,Fang Chen,,,,,,,,0,1
13293,Person,Chao Yu,,,,,,,,0,1
13294,Person,Juan Zhang,,,,,,,,0,1
13295,Person,Brandi Noble,,,,,,,,0,2
13299,Person,Shohei Ito,,,,,,,,0,3
13300,Person,Rika Tanaka,,,,,,,,0,1
13301,Person,Haruka Nishimura,,,,,,,,0,2
13305,Person,Ming Chen,,,,,,,,0,1
13306,Person,Jie Duan,,,,,,,,0,2
13307,Person,Yong Ren,,,,,,,,0,2
13308,Person,Xia Hu,,,,,,,,0,1
13311,Person,Na Shao,,,,,,,,0,1
13313,Person,Rika Maeda,,,,,,,,0,2
13314,Person,Hanako Yamaguchi,,,,,,,,0,1
13316,Person,Xiuying Ding,,,,,,,,0,1
13317,Person,Xia Zhou,,,,,,,,0,1
13318,Person,Sarah Wilson,,,,,,,,0,2
13319,Person,Yan Yuan,,,,,,,,0,1
13320,Person,Li Lu,,,,,,,,0,1
13322,Person,Danielle Martin,,,,,,,,0,1
13323,Person,Jonathan Vasquez,,,,,,,,0,2
13325,Person,Eric Beasley,,,,,,,,0,1
13326,Person,Ann Holland,,,,,,,,0,2
13328,Person,Guiying Qin,,,,,,,,0,2
13329,Person,Na Jin,,,,,,,,0,1
13330,Person,Li He,,,,,,,,0,3
13333,Person,Rita Morrison,,,,,, Sage,,0,1
13334,Person,David Rodriguez,,,,,,,,0,1
13337,Person,Elizabeth Leon,,,,,,,,0,1
13338,Person,Peter Byrd,,,,,,,,0,1
13339,Person,Kenneth Jones,,,,,,,,0,1
13340,Person,Megan Stephenson,,,,,,,,0,1
13343,Person,Michelle Weiss,,,,,,,,0,1
13344,Person,Paul-Louis Benard,,,,,,,,0,1
13345,Person,Éric Lamy,,,,,,,,0,1
13347,Person,Matthew Hill,,,,,, T.R. Black,,0,1
13348,Person,Alicia Kelly,,,,,,,,0,1
13349,Person,Brian Palmer,,,,,,,,0,2
13350,Person,Jacob Martin,,,,,,,,0,1
13351,Person,Connie Estrada,,,,,,,,0,1
13352,Person,Ryan Rodriguez,,,,,,,,0,3
13353,Person,Brittany Bush,,,,,,,,0,2
13354,Person,Sarah Wheeler,,,,,,,,0,3
13355,Person,Katelyn Johnson,,,,,,,,0,2
13356,Person,William Fuentes,,,,,,,,0,2
13359,Person,Karol Szczechowicz,,,,,,,,0,1
13360,Person,Sylwia Hołota,,,,,,,,0,2
13362,Person,Crystal Morse,,,,,,,,0,1
13363,Person,Erik Tucker,,,,,,,,0,1
13365,Person,Lia Wähner-Weimer,,,,,,,,0,1
13367,Person,Wei Yan,,,,,,,,0,2
13368,Person,Taro Mori,,,,,,,,0,1
13370,Person,Li Yuan,,,,,,,,0,1
13371,Person,Tao Jia,,,,,,,,0,1
13372,Person,Yang Zeng,,,,,,,,0,3
13375,Person,Xiuying Cui,,,,,,,,0,3
13377,Person,Gang Dong,,,,,,,,0,1
13378,Person,Yan Zhang,,,,,,,,0,2
13380,Person,Jo Baker,,,,,,,,0,1
13382,Person,Peggy West,,,,,,,,0,1
13383,Person,Sydney Gonzalez,,,,,,,,0,1
13384,Person,Arthur Miller,,,,,,,,0,2
13385,Person,Luis King,,,,,,,,0,2
13386,Person,Joshua Thomas,,,,,,,,0,1
13387,Person,Kathleen Bean,,,,,,,,0,1
13388,Person,Wei Tan,,,,,,,,0,1
13390,Person,Yan Fang,,,,,,,,0,1
13391,Person,Anita Szałata,,,,,,,,0,2
13393,Person,Lei Cao,,,,,,,,0,1
13394,Person,Lei Ding,,,,,,,,0,2
13395,Person,Xiulan Xue,,,,,,,,0,1
13397,Person,Yan Zhu,,,,,,,,0,1
13398,Person,Yong Feng,,,,,,,,0,1
13400,Person,Tao Liao,,,,,,,,0,1
13401,Person,Na Dong,,,,,,,,0,1
13403,Person,Charles Wallace,,,,,,,,0,2
13405,Person,Li Mo,,,,,, $PECTRUM,,0,1
13406,Person,Jing Han,,,,,,,,0,1
13407,Person,Wei Xiong,,,,,,,,0,1
13408,Person,Yang Sun,,,,,,,,0,1
13409,Person,Xia Fang,,,,,,,,0,1
13410,Person,Jun Meng,,,,,,,,0,2
13411,Person,Yong Liang,,,,,,,,0,1
13414,Person,Dhruv Mall,,,,,,,,0,1
13415,Person,Audrey Johnson,,,,,,,,0,2
13416,Person,Áurea Escobar-Jara,,,,,,,,0,1
13420,Person,Fang Feng,,,,,,,,0,2
13422,Person,Rozalia Ciepluch,,,,,,,,0,2
13425,Person,Lei Zhao,,,,,,,,0,1
13426,Person,Tatjana Gieß,,,,,,,,0,1
13427,Person,Guiying Zeng,,,,,,,,0,2
13428,Person,Fang Wei,,,,,,,,0,1
13432,Person,Chao Xiao,,,,,,FLEX ALPHA,,0,1
13433,Person,Ping Song,,,,,,,,0,1
13434,Person,Lei Zheng,,,,,,,,0,2
13435,Person,Xiulan Mo,,,,,,,,0,1
13437,Person,Joann Smith,,,,,,,,0,1
13439,Person,Min Liang,,,,,,,,0,1
13440,Person,Na Li,,,,,,,,0,1
13441,Person,Yang Wu,,,,,,,,0,1
13442,Person,Jun Pan,,,,,,,,0,3
13443,Person,Xia Wang,,,,,,,,0,2
13444,Person,Na Yi,,,,,,,,0,2
13445,Person,Xia Shao,,,,,,,,0,1
13447,Person,Phillip Stone,,,,,,,,0,1
13448,Person,Angela Thompson,,,,,,,,0,1
13449,Person,Douglas Gray,,,,,,,,0,1
13450,Person,Steven Harris,,,,,,,,0,2
13451,Person,Charles Thomas,,,,,,,,0,1
13452,Person,Michael Gibbs,,,,,,,,0,1
13453,Person,Brian Mathis,,,,,,,,0,2
13454,Person,Kimberly Brown,,,,,,,,0,1
13455,Person,Brian Richard,,,,,,,,0,1
13458,Person,Xiuying Wang,,,,,,,,0,1
13460,Person,Richard Kovář,,,,,,,,0,1
13461,Person,Anna Vávrová,,,,,,,,0,1
13462,Person,Karsten Löwer,,,,,,,,0,2
13463,Person,Henri Drubin,,,,,,,,0,2
13466,Person,Na Xu,,,,,,,,0,1
13467,Person,Wei Kong,,,,,,,,0,1
13469,Person,Helene van der Dussen,,,,,,,,0,1
13471,Person,Guiying Shi,,,,,,,,0,2
13472,Person,Kathryn Spencer,,,,,,,,0,1
13473,Person,Qiang Song,,,,,,,,0,1
13474,Person,Jun Gao,,,,,,,,0,1
13475,Person,Xiuying Su,,,,,,,,0,1
13477,Person,Rebecca Austin,,,,,,,,0,1
13478,Person,Martin Frederick,,,,,,,,0,2
13479,Person,Laura Clark,,,,,,,,0,1
13482,Person,Chao Kong,,,,,,,,0,1
13483,Person,Guiying Yin,,,,,,,,0,2
13485,Person,Qiang Yuan,,,,,,,,0,1
13488,Person,Donna Anderson,,,,,,,,0,2
13490,Person,Theresa Lopez,,,,,,,,0,2
13491,Person,Curtis Doyle,,,,,,,,0,3
13492,Person,Daniel Miller,,,,,,,,0,1
13493,Person,Jeffrey Medina,,,,,,,,0,2
13494,Person,Joy Blanchard,,,,,,,,0,2
13495,Person,Melissa Williams,,,,,,,,0,2
13496,Person,Gail Nguyen,,,,,,,,0,3
13497,Person,James Vaughn,,,,,,,,0,2
13500,Person,Na Hou,,,,,,,,0,1
13501,Person,Juan Yi,,,,,,,,0,1
13505,Person,Yong Gao,,,,,,,,0,1
13506,Person,Juan Dai,,,,,,,,0,1
13507,Person,Jing Duan,,,,,,,,0,1
13508,Person,Jun Tian,,,,,,,,0,1
13510,Person,Chao Liu,,,,,,,,0,1
13512,Person,Xiulan Jia,,,,,,,,0,1
13513,Person,Fang Du,,,,,,,,0,1
13514,Person,Jun Hu,,,,,,,,0,1
13517,Person,Qiang Zhu,,,,,,,,0,2
13518,Person,Paulo Oestrovsky,,,,,,,,0,2
13520,Person,Kimaya Aggarwal,,,,,,,,0,1
13522,Person,Kyle Lawrence,,,,,,,,0,1
13524,Person,Lorenz Förster-Barth,,,,,,,,0,1
13526,Person,Daniel Smith,,,,,,,,0,3
13527,Person,Ludovico Sgarbi-Interminei,,,,,,,,0,1
13529,Person,Yong Xiao,,,,,,,,0,1
13531,Person,Amber Ramsey,,,,,,,,0,2
13532,Person,Edward Little,,,,,,,,0,1
13533,Person,Angela Perez,,,,,,,,0,1
13534,Person,Chad Marks,,,,,,,,0,4
13536,Person,Xiulan Shen,,,,,,,,0,1
13537,Person,Lisa Payne,,,,,,,,0,1
13540,Person,Martin Guilbert,,,,,,,,0,1
13541,Person,Benjamin Dupuis-Lévy,,,,,,,,0,1
13542,Person,Alain Delannoy,,,,,,,,0,1
13544,Person,Jun Xie,,,,,,,,0,1
13547,Person,Jun Shi,,,,,, Mars,,0,1
13548,Person,Nicole Bass,,,,,,,,0,2
13549,Person,Michael Jones,,,,,,,,0,1
13550,Person,Li Wan,,,,,,,,0,2
13553,Person,Aylin Sire,,,,,,,,0,1
13554,Person,Calogero Mezzetta,,,,,,,,0,2
13555,Person,Luca Hazenveld,,,,,,,,0,1
13556,Person,Adam de Vries,,,,,,,,0,1
13559,Person,Maria-Luise Flantz,,,,,,,,0,1
13560,Person,Vitus Heinz,,,,,,,,0,1
13561,Person,Pedro Scholtz,,,,,,,,0,1
13562,Person,Johanne Salz,,,,,,,,0,1
13565,Person,Kelly Carpenter,,,,,, Vesper,,0,1
13566,Person,Fang Deng,,,,,,,,0,2
13569,Person,Amanda Frazier,,,,,,,,0,1
13571,Person,Chao Tao,,,,,,,,0,1
13572,Person,Jun Gong,,,,,,,,0,1
13573,Person,Yang Zheng,,,,,,,,0,2
13575,Person,Li Song,,,,,,,,0,1
13577,Person,Fiamma Baracca,,,,,,,,0,2
13578,Person,Lodovico Interminei,,,,,,,,0,3
13579,Person,Adriano Tomei,,,,,,,,0,2
13581,Person,Gerhart Wieloch,,,,,,,,0,2
13583,Person,Enzo Morlacchi-Grassi,,,,,,,,0,1
13585,Person,Nanami Takahashi,,,,,,,,0,1
13586,Person,Gang Wan,,,,,,,,0,2
13587,Person,Yui Watanabe,,,,,,,,0,1
13588,Person,Asuka Takahashi,,,,,,,,0,1
13590,Person,Wei Zhao,,,,,,,,0,1
13593,Person,Gang Dai,,,,,,,,0,2
13594,Person,Ming Song,,,,,,,,0,1
13595,Person,Xiuying Du,,,,,,,,0,1
13596,Person,Li Yuan,,,,,,,,0,1
13597,Person,Xiulan Song,,,,,,,,0,1
13598,Person,Jun Long,,,,,,,,0,1
13599,Person,Chao Zhao,,,,,,,,0,1
13601,Person,Brittany Horn,,,,,,,,0,1
13604,Person,Ming Cheng,,,,,,,,0,2
13605,Person,Michael Harris,,,,,,,,0,2
13606,Person,James Moore,,,,,,,,0,2
13608,Person,Li Deng,,,,,,,,0,1
13609,Person,Qiang Shi,,,,,,,,0,1
13612,Person,Gang Zhou,,,,,,,,0,3
13613,Person,Ping Yu,,,,,,,,0,1
13614,Person,Yan He,,,,,,,,0,4
13617,Person,Jie Cao,,,,,,,,0,1
13618,Person,Randy Vasquez,,,,,,,,0,1
13619,Person,Fang Du,,,,,,,,0,1
13621,Person,Stephanie Brown,,,,,,,,0,1
13624,Person,Wei Gu,,,,,,,,0,1
13626,Person,Sara Laszuk,,,,,,,,0,1
13629,Person,Gertrude Dietz-Drub,,,,,,,,0,1
13630,Person,Krista Fritsch,,,,,,,,0,1
13633,Person,Erica Hernandez,,,,,, Pete Castle,,0,2
13634,Person,Kathy Johnson,,,,,,,,0,1
13635,Person,Lee Butler,,,,,,,,0,1
13636,Person,Jules Paris,,,,,,,,0,1
13637,Person,Livia Blewanus,,,,,,,,0,1
13641,Person,Sibylla Beyer,,,,,,,,0,1
13645,Person,Maria Matthews,,,,,,,,0,1
13646,Person,Zachary Wells,,,,,,,,0,1
13647,Person,Suzanne Martinez,,,,,,,,0,2
13649,Person,Guy Voisin,,,,,,,,0,1
13650,Person,Alain du Vaillant,,,,,,,,0,1
13652,Person,Margherita Montanari,,,,,,,,0,1
13653,Person,Orlando Garzoni,,,,,,,,0,2
13655,Person,Leon Misiurek,,,,,, Stellar Crow,,0,1
13656,Person,Gustaw Reich,,,,,,,,0,1
13657,Person,Jerzy Bochnak,,,,,,,,0,1
13660,Person,Juan Brown,,,,,, Nova VI,,0,1
13661,Person,Thomas Brown,,,,,, DA VINCI,,0,1
13662,Person,Ivonne Austermühle,,,,,,,,0,1
13663,Person,Ernst-August Hamann-Junck,,,,,,,,0,1
13664,Person,Eckehard Kabus-Barth,,,,,,,,0,1
13665,Person,Irmtrud Jessel,,,,,,,,0,1
13666,Person,Pawel Zirme,,,,,,,,0,1
13667,Person,Isabelle Bloch,,,,,,,,0,1
13668,Person,Denis Pechel,,,,,,,,0,1
13669,Person,Franco Dietz,,,,,,,,0,1
13670,Person,Astrid Jockel-Hecker,,,,,,,,0,1
13671,Person,Sevim Holt,,,,,,,,0,1
13672,Person,Gerfried Schaaf,,,,,,,,0,2
13673,Person,Sieghard Jäntsch-Kensy,,,,,,,,0,1
13674,Person,Inna Wagner,,,,,,,,0,1
13675,Person,Margarete Löchel,,,,,,,,0,1
13676,Person,Mirja Heintze,,,,,,,,0,1
13677,Person,Erhard Blümel,,,,,,,,0,1
13678,Person,Elias Beyer,,,,,,,,0,1
13679,Person,Sarah Miles,,,,,,,,0,1
13682,Person,Wei Feng,,,,,,,,0,2
13683,Person,Yong Wei,,,,,,,,0,2
13684,Person,Jun Mao,,,,,,,,0,1
13685,Person,Ping Fu,,,,,,,,0,1
13686,Person,Ming Xia,,,,,,,,0,2
13688,Person,Morgan Carlson,,,,,,,,0,1
13689,Person,Lisa Hanna,,,,,,,,0,1
13690,Person,Pamela Ayala,,,,,,,,0,2
13692,Person,Craig Lewis,,,,,,,,0,1
13693,Person,Xiuying Huang,,,,,,,,0,1
13694,Person,Ming Mao,,,,,,,,0,1
13695,Person,Xia Mao,,,,,,,,0,1
13696,Person,Jing Gao,,,,,,,,0,1
13698,Person,Mituru Matsumoto,,,,,,,,0,1
13699,Person,Satomi Inoue,,,,,,,,0,2
13700,Person,Tao Zheng,,,,,,,,0,1
13702,Person,Sheri Hernandez,,,,,,Lyric,,0,2
13704,Person,Ana Garrison,,,,,,,,0,1
13706,Person,Na Luo,,,,,,,,0,1
13710,Person,Colin Wood,,,,,,,,0,4
13712,Person,Ferenc Mälzer,,,,,,The Paper Empires,,0,1
13714,Person,Christopher Wilson,,,,,,,,0,1
13715,Person,Nicholas Lawrence,,,,,,,,0,2
13716,Person,Courtney Smith,,,,,,,,0,1
13718,Person,Jeremy Jones,,,,,,,,0,1
13719,Person,Yang Dai,,,,,,,,0,1
13722,Person,Chao Xie,,,,,,,,0,1
13723,Person,Guiying Song,,,,,,,,0,1
13725,Person,Li Yao,,,,,,,,0,1
13726,Person,Juan Hao,,,,,,,,0,1
13728,Person,Ian Santos,,,,,,,,0,1
13730,Person,Xiuying Tan,,,,,,,,0,1
13731,Person,Juan Fan,,,,,,,,0,1
13733,Person,Garrett Montoya,,,,,,,,0,1
13737,Person,Guiying He,,,,,,,,0,1
13738,Person,Lei Cao,,,,,,,,0,1
13739,Person,Fang Gao,,,,,,,,0,2
13740,Person,Xiulan Hu,,,,,,,,0,1
13742,Person,Yan Ma,,,,,,,,0,2
13743,Person,Xia Jin,,,,,,,,0,1
13744,Person,Fang Yu,,,,,,,,0,1
13745,Person,Jing Gong,,,,,,,,0,1
13746,Person,Lei Cai,,,,,,,,0,1
13748,Person,Kerry Henry,,,,,,,,0,2
13749,Person,Michele Sharp,,,,,,,,0,1
13752,Person,Jun Meng,,,,,,,,0,1
13753,Person,Yang Xie,,,,,,,,0,1
13754,Person,Yan Guo,,,,,,,,0,1
13756,Person,Li He,,,,,,,,0,1
13757,Person,Yang Liu,,,,,,,,0,2
13759,Person,Shelby Fletcher,,,,,,,,0,3
13760,Person,James Hall,,,,,,,,0,2
13761,Person,Diana Mitchell,,,,,,,,0,1
13762,Person,Kevin Lopez,,,,,,,,0,1
13764,Person,Konrad Szpyt,,,,,, Luna Rey,,0,1
13765,Person,Jan Jaśko,,,,,,,,0,1
13766,Person,Bobby Hester,,,,,,,,0,2
13767,Person,Matthew Smith,,,,,,,,0,2
13769,Person,Ming Hou,,,,,,,,0,2
13770,Person,Chao Lin,,,,,,,,0,1
13771,Person,Lei Yi,,,,,,,,0,1
13773,Person,Xia Fang,,,,,,,,0,2
13774,Person,Xiulan Xie,,,,,,,,0,1
13775,Person,Yan Qiao,,,,,,,,0,1
13776,Person,Li Lin,,,,,,,,0,1
13778,Person,Nakul Samra,,,,,,,,0,1
13779,Person,Lagan Bhalla,,,,,,,,0,2
13782,Person,Yang Cai,,,,,,,,0,1
13783,Person,Xiuying Cao,,,,,,,,0,1
13785,Person,Chao Cui,,,,,,,,0,1
13787,Person,Rachel Hogan,,,,,,,,0,1
13788,Person,Brandon Wilson,,,,,,,,0,1
13789,Person,John Brooks,,,,,,,,0,1
13790,Person,Kimberly Kim,,,,,,,,0,1
13791,Person,Jason Lewis,,,,,,,,0,1
13792,Person,Li Jin,,,,,,,,0,1
13793,Person,Min Jia,,,,,,,,0,1
13795,Person,Dean Mullins,,,,,, Frankie Vale,,0,1
13796,Person,Valerie Stafford,,,,,,,,0,1
13797,Person,Ruy Villa Coloma,,,,,,,,0,2
13798,Person,Kristen Rice,,,,,,,,0,1
13801,Person,Na Dong,,,,,,,,0,1
13802,Person,Jim Miller,,,,,,,,0,2
13803,Person,Yong Wei,,,,,,,,0,2
13806,Person,Tao Jiang,,,,,,,,0,2
13807,Person,Tao Feng,,,,,,,,0,3
13809,Person,Daniel Cooper,,,,,,,,0,2
13810,Person,Eric Briggs,,,,,,,,0,4
13812,Person,Bruno Majtczak,,,,,,,,0,1
13814,Person,Jing Cui,,,,,,,,0,1
13815,Person,Jing Hu,,,,,,,,0,1
13816,Person,Jie Fu,,,,,,,,0,1
13818,Person,Dennis Mcdowell,,,,,,,,0,2
13822,Person,Ignatz Thanel-Hornich,,,,,,,,0,1
13825,Person,James Cooper,,,,,,,,0,1
13826,Person,Xiuying He,,,,,,,,0,2
13827,Person,Ming Xie,,,,,,,,0,1
13828,Person,Jing Kang,,,,,,,,0,1
13829,Person,Guiying Chang,,,,,,,,0,1
13830,Person,Wei Mo,,,,,,,,0,1
13831,Person,Michelle Blair,,,,,,,,0,1
13833,Person,Nathalie Striebitz,,,,,,,,0,1
13835,Person,Dawn Hopkins,,,,,,,,0,1
13836,Person,Casey Perez,,,,,,,,0,1
13837,Person,Sara Berger,,,,,,,,0,1
13838,Person,Kenneth Douglas,,,,,,,,0,1
13839,Person,Brandon Dillon,,,,,,,,0,1
13843,Person,Theresa Jones,,,,,,,,0,2
13844,Person,Sean Phillips,,,,,,,,0,1
13845,Person,Ping Gu,,,,,,,,0,1
13846,Person,Li Ren,,,,,,,,0,2
13847,Person,Jun Jia,,,,,,,,0,1
13849,Person,Lei Song,,,,,,,,0,1
13851,Person,Rómulo Huertas,,,,,,,,0,7
13853,Person,Annunziata Disdero,,,,,,Annunziata,,0,1
13854,Person,Mattia Pepe,,,,,,,,0,1
13855,Person,Jacopo Vianello,,,,,,,,0,1
13856,Person,Giustino Carocci,,,,,,,,0,1
13857,Person,Lara Scaramucci-Santi,,,,,,,,0,1
13858,Person,Camilla Zaccagnini-Bertoni,,,,,,,,0,2
13859,Person,Fortunata Zeffirelli,,,,,,,,0,2
13860,Person,Emilio Farnese,,,,,,,,0,1
13862,Person,Jessica Ward,,,,,,,,0,1
13863,Person,Meike Döhn,,,,,,,,0,1
13864,Person,Aysel Scheibe,,,,,,,,0,1
13865,Person,Peter Knapp,,,,,,,,0,1
13867,Person,Jo Stewart,,,,,, $PARK,,0,1
13868,Person,Jake Bailey,,,,,,,,0,1
13869,Person,Marie Munoz,,,,,,,,0,1
13870,Person,Alicia Jordan,,,,,,,,0,1
13871,Person,Ronald Yates,,,,,,,,0,2
13876,Person,Li Hu,,,,,,,,0,1
13877,Person,Jun Wan,,,,,,,,0,2
13878,Person,Jing Duan,,,,,,,,0,1
13879,Person,Na Kong,,,,,,,,0,1
13880,Person,Tao Dai,,,,,,,,0,1
13881,Person,Xiuying Ma,,,,,,,,0,1
13882,Person,Chao Lai,,,,,,,,0,2
13884,Person,Viktor Kreusel,,,,,,,,0,2
13885,Person,Clemens Henck,,,,,,,,0,1
13886,Person,Diether Lachmann,,,,,,,,0,1
13887,Person,Marlene Juncken,,,,,,,,0,2
13889,Person,Li Tao,,,,,,,,0,1
13890,Person,Yong Lin,,,,,,,,0,1
13892,Person,Na Qin,,,,,,,,0,1
13894,Person,Jun Luo,,,,,,,,0,2
13895,Person,Guiying Qiu,,,,,,,,0,1
13896,Person,Wei Kong,,,,,,,,0,1
13897,Person,Fang Han,,,,,,,,0,1
13898,Person,Katie Bryant,,,,,,,,0,1
13899,Person,Chao Yi,,,,,,,,0,1
13901,Person,Ryan Richards,,,,,,,,0,1
13902,Person,Tracy Vazquez,,,,,,,,0,1
13905,Person,Diana Trujillo,,,,,,,,0,1
13906,Person,Christina Robinson,,,,,,,,0,2
13907,Person,Sharon Parrish,,,,,,,,0,2
13908,Person,Brian Nguyen,,,,,,,,0,1
13909,Person,Robert Anderson,,,,,,,,0,2
13910,Person,Ryan Blevins,,,,,,,,0,1
13911,Person,Samantha Snow,,,,,,,,0,1
13912,Person,Morgan Brown,,,,,,,,0,1
13914,Person,Heinz-Georg Bolzmann,,,,,,,,0,2
13915,Person,Imke Hartmann,,,,,,,,0,1
13917,Person,Jie Feng,,,,,,,,0,1
13918,Person,Yang Su,,,,,,,,0,2
13919,Person,Xiulan Liang,,,,,,,,0,2
13920,Person,Li Lei,,,,,,,,0,1
13921,Person,Alexander Ramirez,,,,,,,,0,1
13924,Person,Ryohei Ito,,,,,,,,0,1
13925,Person,Maaya Hayashi,,,,,,,,0,1
13927,Person,Nataniel Nazarewicz,,,,,,,,0,2
13928,Person,Róża Bełz,,,,,,,,0,2
13929,Person,Jeremi Pronobis,,,,,,,,0,1
13932,Person,Mary Williams,,,,,,,,0,2
13935,Person,Jun Chen,,,,,,,,0,1
13936,Person,Qiang Yan,,,,,,,,0,1
13937,Person,Juan Zou,,,,,,,,0,2
13938,Person,Yang Xie,,,,,,,,0,1
13939,Person,Hüseyin Paffrath,,,,,,,,0,2
13942,Person,Juan Zhao,,,,,,,,0,2
13943,Person,Ping Jiang,,,,,,,,0,1
13944,Person,Gang Fan,,,,,,,,0,1
13946,Person,Xia Fan,,,,,,,,0,1
13947,Person,Brenda Day,,,,,,,,0,1
13948,Person,Kelly Kim,,,,,,,,0,1
13949,Person,Yong Fang,,,,,,,,0,2
13950,Person,Ming Zhong,,,,,,,,0,1
13951,Person,Juan Liu,,,,,,,,0,1
13952,Person,Ping Wen,,,,,,,,0,2
13953,Person,Willie Johnson,,,,,,,,0,1
13954,Person,Luis Green,,,,,,,,0,1
13958,Person,Mees Oude Heer,,,,,,Midnight Herald,,0,1
13959,Person,Jennifer Vang,,,,,,,,0,1
13962,Person,Na Ren,,,,,,,,0,2
13963,Person,Yan Ye,,,,,,,,0,1
13966,Person,Lalo Salgado Cazorla,,,,,, $OUL,,0,1
13967,Person,Georgina Piñol-Guerra,,,,,,,,0,2
13968,Person,Luigina Stoppani-Sandi,,,,,,,,0,1
13970,Person,Jerzy Ksel,,,,,,,,0,2
13971,Person,Lilla Giammusso,,,,,,,,0,1
13972,Person,Salvi Giorgetti,,,,,,,,0,1
13974,Person,Agata Bähr-Metz,,,,,,,,0,1
13975,Person,Gudrun Atzler,,,,,,,,0,2
13977,Person,Agnolo Zaccardo-Leonetti,,,,,,Midnight Apparatus,,0,1
13979,Person,Yan Hu,,,,,,,,0,1
13980,Person,Wei Xu,,,,,,,,0,1
13981,Person,Guiying Deng,,,,,,,,0,1
13982,Person,Thomas Leon,,,,,,,,0,2
13983,Person,Chao Yuan,,,,,,,,0,1
13987,Person,Xiuying Cai,,,,,, PRVYER,,0,2
13988,Person,Tao Yuan,,,,,,,,0,1
13989,Person,Guiying Wen,,,,,,,,0,1
13992,Person,Šimon Urban,,,,,,,,0,1
13993,Person,Jeffery Williams,,,,,,,,0,2
13995,Person,Martin Anderson,,,,,,,,0,1
13998,Person,Claudius Geißler,,,,,,,,0,2
13999,Person,Gerard Hornig,,,,,,,,0,3
14000,Person,Ildiko Carsten-Thies,,,,,,,,0,2
14001,Person,Antonia Mülichen,,,,,,,,0,1
14002,Person,Krystyna Lübs,,,,,,,,0,2
14004,Person,Ping He,,,,,,KING PROPH,,0,1
14005,Person,Ming Wan,,,,,,,,0,2
14006,Person,Li Jia,,,,,,,,0,1
14008,Person,Eckard Werner,,,,,,,,0,1
14009,Person,Zbigniew Stey,,,,,,,,0,1
14010,Person,Milo Hendriks,,,,,,,,0,1
14012,Person,James George,,,,,,,,0,2
14015,Person,Ralph Johnston,,,,,,,,0,2
14016,Person,Jeremy Macias,,,,,,,,0,1
14017,Person,Daniel Edwards,,,,,,,,0,1
14018,Person,Deborah Brown,,,,,,,,0,2
14019,Person,Stacy Bryant,,,,,,,,0,1
14020,Person,Tanya Evans,,,,,,,,0,1
14022,Person,Fang Yi,,,,,,,,0,2
14026,Person,Derek Baxter,,,,,, DR3AM,,0,1
14027,Person,Renee Matthews,,,,,,,,0,1
14028,Person,Qiang Yang,,,,,,,,0,1
14029,Person,Tao Fang,,,,,,,,0,2
14031,Person,Pieter van Dijk,,,,,, Halston,,0,1
14032,Person,Lindsey Broeshart,,,,,,,,0,1
14033,Person,Fernanda Carocci,,,,,,,,0,2
14036,Person,Alexander Budig,,,,,,,,0,1
14040,Person,Laura Harrison,,,,,,,,0,1
14041,Person,Yong Cheng,,,,,,,,0,1
14042,Person,Jing Guo,,,,,,,,0,1
14043,Person,Chao Yuan,,,,,,,,0,1
14046,Person,Yan Zhu,,,,,,,,0,3
14049,Person,Raymond Robinson,,,,,,,,0,1
14050,Person,David Flores,,,,,,,,0,1
14051,Person,Lance Garcia,,,,,,,,0,2
14052,Person,Valerie Pena,,,,,,,,0,2
14054,Person,Jie Cao,,,,,,,,0,1
14055,Person,Ming Lei,,,,,,,,0,1
14056,Person,Miss Allison King,,,,,,,,0,3
14059,Person,Richard Cook,,,,,,,,0,1
14060,Person,Gary Edwards,,,,,,,,0,1
14061,Person,James Perry,,,,,,,,0,2
14062,Person,Connie Turner,,,,,,,,0,1
14063,Person,Erica Poole,,,,,,,,0,2
14064,Person,Cassandra Hernandez,,,,,,,,0,1
14068,Person,Isis van Tours-Kathagen,,,,,, Eden,,0,1
14069,Person,Yong Hou,,,,,,,,0,1
14070,Person,Li Zhou,,,,,,,,0,1
14071,Person,Chao Qiu,,,,,,,,0,1
14073,Person,Li Kang,,,,,,,,0,1
14076,Person,Katrina Valentine,,,,,, Vector Blue,,0,1
14077,Person,Laura Roberts,,,,,,,,0,1
14078,Person,Matthew Li,,,,,,,,0,1
14079,Person,Kyle Daniel,,,,,,,,0,2
14081,Person,Xia Xiong,,,,,,,,0,1
14083,Person,Richard Kennedy,,,,,,,,0,1
14084,Person,Lei Liu,,,,,,,,0,1
14085,Person,Kathleen Sandoval,,,,,,,,0,1
14087,Person,Yong Shen,,,,,,,,0,1
14089,Person,Ping Xiang,,,,,,,,0,1
14090,Person,Na Zou,,,,,,,,0,1
14092,Person,Wei Lu,,,,,,,,0,1
14093,Person,Juan Yang,,,,,,,,0,1
14096,Person,Hridaan Rout,,,,,,,,0,2
14098,Person,Rebecca Webb,,,,,,,,0,1
14100,Person,Martino Federico,,,,,,,,0,2
14101,Person,Kimberly Porter,,,,,,,,0,1
14103,Person,Michael Benson,,,,,,,,0,1
14104,Person,Christy Hodges,,,,,,,,0,1
14105,Person,Wanda Ray,,,,,,,,0,2
14106,Person,Amy Carroll,,,,,,,,0,1
14108,Person,Tao Hu,,,,,,,,0,2
14110,Person,Abraham Becker,,,,,,,,0,2
14111,Person,Juliusz Hawrylak,,,,,,,,0,1
14113,Person,Cheryl Delgado,,,,,,,,0,2
14114,Person,Vittoria Mazzanti,,,,,,,,0,3
14115,Person,Barbara Smith,,,,,,,,0,2
14119,Person,Jie Huang,,,,,,,,0,1
14121,Person,Chao Chen,,,,,,,,0,1
14122,Person,Ming Xiang,,,,,,,,0,4
14123,Person,Jing Zhu,,,,,,,,0,1
14126,Person,Cheryl Walker,,,,,,,,0,1
14127,Person,Kelly Gilbert,,,,,,,,0,2
14130,Person,Jing Du,,,,,,,,0,1
14131,Person,Dustin Newman,,,,,,,,0,3
14132,Person,Qiang Lu,,,,,,,,0,1
14133,Person,Jun Han,,,,,,,,0,2
14135,Person,Gang Zou,,,,,,Lunar Confetti,,0,2
14137,Person,Ashley Andrade,,,,,,,,0,1
14138,Person,Timothy Lin,,,,,,,,0,1
14139,Person,Darrell Wilson,,,,,,,,0,2
14140,Person,Laura Moore,,,,,,,,0,2
14142,Person,Mechthilde Kühnert,,,,,,,,0,2
14144,Person,Emmi Biggen,,,,,,,,0,1
14145,Person,Maike Trubin,,,,,,,,0,2
14147,Person,Yan Chen,,,,,,,,0,1
14148,Person,Min Qiao,,,,,,,,0,1
14149,Person,Guiying Su,,,,,,,,0,1
14150,Person,Tao Huang,,,,,,,,0,1
14152,Person,James Copeland,,,,,,,,0,1
14155,Person,Gary Wilson,,,,,,,,0,1
14158,Person,Dusan Ullmann,,,,,,,,0,4
14160,Person,Paweł Gęca,,,,,,,,0,1
14161,Person,Liwia Cygal,,,,,,,,0,1
14162,Person,Adrian Jeszka,,,,,,,,0,2
14163,Person,Aleksander Sypień,,,,,,,,0,1
14166,Person,Jie Ding,,,,,,,,0,1
14168,Person,Juan Tan,,,,,,,,0,1
14170,Person,Michael French,,,,,,,,0,3
14171,Person,Matthew Robertson,,,,,,,,0,3
14172,Person,Kathleen Harvey,,,,,,,,0,2
14176,Person,Fang Ren,,,,,,,,0,2
14178,Person,Wei Sun,,,,,,,,0,1
14179,Person,Lei Ma,,,,,,,,0,1
14180,Person,Jie Xu,,,,,,,,0,1
14181,Person,Guiying Ye,,,,,,,,0,2
14183,Person,Yong Zhong,,,,,,,,0,1
14184,Person,Xia Ma,,,,,,,,0,1
14185,Person,James Weber,,,,,,,,0,2
14186,Person,Guiying Qian,,,,,,,,0,2
14188,Person,Yang Gu,,,,,,,,0,1
14189,Person,Wei Shen,,,,,,,,0,2
14190,Person,Yan Lin,,,,,,,,0,1
14192,Person,Ping Pan,,,,,,,,0,1
14193,Person,Guiying Gao,,,,,,,,0,2
14194,Person,Ping Yao,,,,,,,,0,1
14195,Person,Min Guo,,,,,,,,0,2
14196,Person,Guiying Chen,,,,,,,,0,1
14199,Person,Juan Dong,,,,,,,,0,2
14200,Person,Guiying Ma,,,,,,,,0,1
14205,Person,Rosalinde Kreusel-Mühle,,,,,,,,0,1
14207,Person,Melinda Austin,,,,,,Marcus Lane,,0,1
14208,Person,Juan Li,,,,,,,,0,1
14209,Person,Guiying Fu,,,,,,,,0,2
14212,Person,Yang Xia,,,,,,,,0,1
14213,Person,Kelly Smith,,,,,,,,0,2
14214,Person,Juan Xiao,,,,,,,,0,1
14215,Person,Yang He,,,,,,,,0,1
14218,Person,Jafet Páez-Montenegro,,,,,,,,0,1
14219,Person,Heather Hanna,,,,,,,,0,1
14221,Person,Jonathan Morris,,,,,,,,0,1
14222,Person,Xiuying Wei,,,,,,,,0,1
14224,Person,Tiffany Acevedo,,,,,, The Maven,,0,1
14225,Person,Shannon Hughes,,,,,,Zephyrus,,0,1
14226,Person,David Mueller,,,,,,,,0,1
14227,Person,Joseph Choi,,,,,,,,0,1
14228,Person,Donna Davidson,,,,,,,,0,1
14229,Person,Stacy Saunders,,,,,,,,0,1
14230,Person,Jennifer Thomas,,,,,,,,0,1
14231,Person,Peter Johnson,,,,,,,,0,1
14232,Person,Linda Williams,,,,,,,,0,1
14233,Person,Brandi Daugherty,,,,,,,,0,1
14234,Person,Lisa Lopez,,,,,,,,0,2
14235,Person,Raymond Marshall,,,,,,,,0,1
14236,Person,Joseph Huang,,,,,,,,0,2
14238,Person,Fidel Gras Aller,,,,,,,,0,1
14243,Person,Kevin Clark,,,,,,,,0,1
14244,Person,Rebecca Marshall,,,,,,,,0,1
14245,Person,Charles Snyder,,,,,,,,0,2
14246,Person,Joseph Rey,,,,,,,,0,1
14247,Person,Ashley Osborne,,,,,,,,0,2
14248,Person,Melissa Matthews,,,,,,,,0,2
14249,Person,Danny Brooks,,,,,,,,0,1
14251,Person,Hiran Sarna,,,,,,,,0,1
14252,Person,Elakshi Shukla,,,,,,,,0,1
14253,Person,Yang Zhou,,,,,,,,0,1
14254,Person,Romil Sibal,,,,,,,,0,1
14257,Person,Christopher Hill,,,,,,,,0,1
14258,Person,Carl Serrano,,,,,,,,0,1
14259,Person,Ryan Conley,,,,,,,,0,1
14260,Person,Matthew Collins,,,,,,,,0,1
14261,Person,Nicole Smith,,,,,,,,0,1
14263,Person,Ping Zhu,,,,,,,,0,1
14265,Person,Michael Jones,,,,,,,,0,1
14267,Person,Ryohei Sato,,,,,,,,0,2
14268,Person,Steve Washington,,,,,,,,0,1
14270,Person,Evelien Becht-Versluijs,,,,,,,,0,3
14273,Person,Yan Liu,,,,,,,,0,1
14274,Person,Chao Su,,,,,,,,0,2
14275,Person,Tao Hao,,,,,,,,0,1
14276,Person,Li Cheng,,,,,,,,0,1
14277,Person,Christopher Leonard,,,,,,,,0,1
14280,Person,Chao Liao,,,,,,,,0,1
14282,Person,Alex Moore,,,,,,,,0,1
14283,Person,Grant Coleman,,,,,,,,0,1
14284,Person,Yang Long,,,,,,,,0,1
14286,Person,Benjamin Rogers,,,,,,,,0,1
14287,Person,Angela Greene,,,,,,,,0,1
14290,Person,Evie Feenstra,,,,,,,,0,2
14292,Person,Heinz-Joachim Renner,,,,,,,,0,1
14294,Person,Ping Sun,,,,,,,,0,1
14297,Person,Ming Qiao,,,,,,,,0,1
14298,Person,Na Ye,,,,,,,,0,3
14301,Person,Hans-J. Hendriks,,,,,,,,0,1
14302,Person,Alfons Rudolph-Holzapfel,,,,,,,,0,1
14303,Person,Hansjürgen Pechel,,,,,,,,0,3
14305,Person,Calcedonio Abbagnale,,,,,,,,0,1
14306,Person,Amanda Boitani,,,,,,,,0,2
14307,Person,Nino Carfagna-Totino,,,,,,,,0,2
14308,Person,Annetta Dallapé,,,,,,,,0,1
14310,Person,Valentina Geraci,,,,,,Synthetic Serenade,,0,2
14312,Person,Beverly Lloyd,,,,,,,,0,1
14313,Person,Richard Davis,,,,,,,,0,1
14315,Person,Ernestine Franke-Kade,,,,,,,,0,2
14317,Person,Wei Wen,,,,,,,,0,1
14318,Person,Jun Gong,,,,,,,,0,1
14319,Person,Yang Hu,,,,,,,,0,1
14320,Person,Xiulan Shi,,,,,,,,0,1
14321,Person,Yan Zhao,,,,,,,,0,2
14323,Person,Yong Tian,,,,,,Trey Lawson,,0,1
14325,Person,Jie Kong,,,,,,,,0,1
14327,Person,Jing Lai,,,,,,,,0,1
14328,Person,Xiuying Han,,,,,,,,0,2
14330,Person,Shota Ito,,,,,,,,0,1
14331,Person,Akemi Nishimura,,,,,,,,0,1
14334,Person,Wei Qiu,,,,,,,,0,1
14336,Person,Maria Powell,,,,,,,,0,2
14337,Person,Kevin Pruitt,,,,,,,,0,1
14338,Person,Darlene Watson,,,,,,,,0,1
14339,Person,Mikayla Russell,,,,,,,,0,1
14340,Person,Joseph Reyes,,,,,,,,0,1
14341,Person,Xiulan Duan,,,,,,,,0,1
14343,Person,Frederik Hartung,,,,,,,,0,2
14345,Person,Yasuhiro Nakamura,,,,,,,,0,1
14348,Person,Kabir Dutta,,,,,,,,0,1
14349,Person,Jayan Barman,,,,,,,,0,2
14353,Person,Debra Graham,,,,,,,,0,2
14354,Person,Edward Evans,,,,,,,,0,1
14355,Person,Dylan Schwartz,,,,,,,,0,1
14356,Person,James Henderson,,,,,,,,0,1
14357,Person,Amy Powell,,,,,,,,0,1
14358,Person,Shawn Johnson,,,,,,,,0,1
14359,Person,Joel Long,,,,,,,,0,1
14360,Person,Michael Nixon,,,,,,,,0,2
14361,Person,Nathan Jones,,,,,,,,0,1
14365,Person,Karina Bąbel,,,,,,,,0,4
14366,Person,Marcelina Kosno,,,,,,,,0,1
14367,Person,Rafał Raba,,,,,,,,0,1
14368,Person,Anastazja Łuczyk,,,,,,,,0,1
14370,Person,Eliana Marini,,,,,,,,0,2
14371,Person,Casey Scott,,,,,,,,0,1
14372,Person,Michael Thompson,,,,,,,,0,1
14374,Person,Navya Jhaveri,,,,,,,,0,1
14375,Person,Himmat Shroff,,,,,,,,0,1
14377,Person,Ping Fan,,,,,,,,0,1
14380,Person,Hugo Visconti,,,,,, Arctic Flame,,0,1
14381,Person,Maria Zola,,,,,,,,0,1
14382,Person,Giovanna Tirabassi,,,,,,,,0,1
14383,Person,Lorenzo Baresi,,,,,,,,0,1
14384,Person,Vanessa Villadicani,,,,,,,,0,1
14385,Person,Federigo Satta,,,,,,,,0,1
14386,Person,Carlo Altera,,,,,,,,0,1
14387,Person,Andrew Coleman,,,,,,,,0,2
14388,Person,Emilio Missoni,,,,,,,,0,1
14390,Person,Wei Li,,,,,,,,0,2
14391,Person,Chao Qian,,,,,,,,0,1
14393,Person,Guido Sbarbaro,,,,,,,,0,1
14394,Person,Todd Reed,,,,,,,,0,1
14395,Person,Rosaria Ferrara,,,,,,,,0,2
14396,Person,Valentina Ungaretti-Pucci,,,,,,,,0,2
14398,Person,Andrea White,,,,,,,,0,1
14399,Person,Brian Moody,,,,,,,,0,1
14400,Person,Monica Mason,,,,,,,,0,2
14402,Person,Nicolas Gosselin du Robert,,,,,,,,0,1
14403,Person,Tracy Bennett,,,,,,,,0,2
14404,Person,Alan Mcgee,,,,,,,,0,1
14405,Person,Cheryl Martinez,,,,,,,,0,1
14407,Person,Jennifer Tate,,,,,,,,0,2
14408,Person,Robert Fernandez,,,,,,,,0,1
14409,Person,James Taylor,,,,,,,,0,1
14412,Person,Min Lin,,,,,,,,0,1
14413,Person,Ming Zeng,,,,,,,,0,1
14414,Person,Carla Holden,,,,,,,,0,2
14415,Person,Ming Xiang,,,,,,,,0,2
14418,Person,Chiyo Hashimoto,,,,,,,,0,1
14419,Person,Yoko Nishimura,,,,,,,,0,1
14422,Person,Li Cui,,,,,,,,0,1
14423,Person,Fang Dai,,,,,,,,0,1
14425,Person,Min Du,,,,,,,,0,2
14426,Person,Na Yuan,,,,,,,,0,1
14427,Person,Ping Cai,,,,,,,,0,2
14430,Person,Xia Wei,,,,,,,,0,1
14431,Person,Ethan Moore,,,,,,,,0,1
14433,Person,Juan Xue,,,,,,,,0,1
14434,Person,Min Wu,,,,,,,,0,2
14437,Person,Danielle Moore,,,,,,,,0,2
14441,Person,Tao Dai,,,,,,,,0,1
14445,Person,Guiying Fan,,,,,,,,0,2
14447,Person,Paul Powell,,,,,,,,0,2
14448,Person,Jing Xia,,,,,,,,0,1
14450,Person,Teresa White,,,,,,,,0,1
14451,Person,Anna Mendez,,,,,,,,0,1
14452,Person,Susan Oneal,,,,,,,,0,1
14453,Person,Leah Farrell,,,,,,,,0,1
14455,Person,Karen Rodriguez,,,,,,,,0,1
14456,Person,Summer Diaz,,,,,,,,0,1
14457,Person,Paul Hale,,,,,,,,0,1
14458,Person,Regina Yang,,,,,,,,0,1
14459,Person,David Robinson,,,,,,,,0,1
14462,Person,Harriet Wilms-Segebahn,,,,,,,,0,1
14463,Person,Eugenie Scheel,,,,,,,,0,1
14465,Person,John Campbell,,,,,,,,0,2
14467,Person,Jun Lin,,,,,,,,0,1
14468,Person,Ping Tan,,,,,,,,0,1
14470,Person,Min Qin,,,,,, Crystal Dove,,0,1
14471,Person,Gang Fan,,,,,,,,0,1
14472,Person,Ming Qiu,,,,,,,,0,1
14473,Person,Ping Bai,,,,,,,,0,1
14475,Person,Janet Powers,,,,,,,,0,2
14476,Person,Jorge Atkinson,,,,,,,,0,1
14478,Person,Phillip Dennis,,,,,,,,0,1
14479,Person,Timothy Moore,,,,,,,,0,2
14484,Person,Guiying Liao,,,,,,,,0,1
14486,Person,Jun Cao,,,,,,,,0,1
14487,Person,Thomas Ball,,,,,,,,0,4
14488,Person,Qiang Yang,,,,,,,,0,1
14490,Person,Cesar Nixon,,,,,,,,0,1
14492,Person,Rodney Hurst,,,,,,,,0,1
14493,Person,Richard Richards,,,,,,,,0,1
14494,Person,Jake Casey,,,,,,,,0,2
14496,Person,John Baxter,,,,,,,,0,1
14499,Person,Emily Perkins,,,,,,Ghost Waltz,,0,1
14500,Person,Kimberly Lee,,,,,,,,0,1
14501,Person,Kristina Serrano,,,,,,,,0,1
14502,Person,Melissa Johnson,,,,,,,,0,1
14503,Person,Joseph Rodriguez,,,,,,,,0,1
14504,Person,John Johnston,,,,,,,,0,1
14508,Person,Susanne Pierre,,,,,,,,0,1
14509,Person,Antonella Moschino,,,,,,,,0,1
14511,Person,Aniela Mijas,,,,,,,,0,1
14515,Person,Nayantara Bhatti,,,,,,,,0,1
14516,Person,Shray Kala,,,,,,,,0,1
14517,Person,Kanav Sachar,,,,,,,,0,2
14519,Person,William Burton,,,,,, PRVISE,,0,1
14520,Person,Olivier Antoine,,,,,,,,0,1
14521,Person,Théophile de Carlier,,,,,,,,0,1
14523,Person,Pia Schleich,,,,,,,,0,1
14525,Person,Rodney Hayes,,,,,,,,0,1
14526,Person,Janet Aguilar,,,,,,,,0,1
14529,Person,William Porter,,,,,,DA WRAITH,,0,2
14530,Person,Sarah Craig,,,,,,,,0,1
14531,Person,Derek Carpenter,,,,,,,,0,2
14532,Person,Mark Stein,,,,,,,,0,1
14533,Person,Patricia Massey,,,,,,,,0,2
14534,Person,Robert Stewart,,,,,,,,0,1
14536,Person,Samantha Campbell,,,,,,,,0,1
14539,Person,Fang Ren,,,,,,,,0,1
14540,Person,Jie Feng,,,,,,,,0,1
14541,Person,Xiulan Duan,,,,,,,,0,1
14542,Person,Robin Cline,,,,,,,,0,2
14545,Person,Jason Ali,,,,,,,,0,2
14546,Person,Corinne Leleu,,,,,,,,0,1
14548,Person,Wei Zhu,,,,,,,,0,1
14549,Person,Juan Hao,,,,,,,,0,2
14550,Person,Na Huang,,,,,,,,0,2
14552,Person,Christina Cunningham,,,,,,,,0,1
14553,Person,Carrie Lee,,,,,,,,0,2
14554,Person,Theresa Webster,,,,,,,,0,1
14555,Person,Amanda Kennedy,,,,,,,,0,1
14558,Person,Jing Shen,,,,,,,,0,1
14560,Person,Guiying Peng,,,,,,,,0,1
14561,Person,Xiulan Du,,,,,,,,0,1
14563,Person,Yan Tan,,,,,,,,0,1
14564,Person,Alexis Moore,,,,,,,,0,1
14565,Person,Yong Yan,,,,,,,,0,1
14568,Person,Dawn Kelly,,,,,,,,0,2
14570,Person,Richard Hill,,,,,,,,0,1
14571,Person,Michael Bell,,,,,,,,0,1
14573,Person,Heinz-Georg Segebahn,,,,,,Ricky Vaughn,,0,1
14574,Person,Gesine Gehringer-Rogner,,,,,,,,0,2
14576,Person,Kamil Bílek,,,,,, Tommy Steele,,0,1
14577,Person,Oto Macháček,,,,,,,,0,2
14578,Person,Stanislav Prokop,,,,,,,,0,1
14579,Person,Milada Svobodová,,,,,,,,0,1
14581,Person,Indrajit Borra,,,,,,,,0,1
14582,Person,Sharon Bray,,,,,,,,0,1
14583,Person,James Bauer,,,,,,,,0,2
14585,Person,Valentine Jourdan du Schneider,,,,,,,,0,1
14586,Person,Henri Maillard,,,,,,,,0,1
14587,Person,Timothée Lefèvre,,,,,,,,0,1
14591,Person,Wei Zhang,,,,,,,,0,2
14592,Person,Juan Liao,,,,,,,,0,1
14595,Person,Chao Qian,,,,,,,,0,1
14596,Person,Julie Nielsen,,,,,,,,0,2
14597,Person,Chao Liang,,,,,,,,0,1
14600,Person,Ping Wu,,,,,,,,0,1
14601,Person,Yang Chang,,,,,,,,0,2
14603,Person,Regina Vance,,,,,,,,0,1
14604,Person,Rebecca Bishop,,,,,,,,0,1
14605,Person,Cas Everde,,,,,,,,0,2
14607,Person,Karen Thomas,,,,,,,,0,1
14608,Person,Lei Qiao,,,,,,,,0,1
14612,Person,Claude Jean,,,,,,,,0,2
14613,Person,Mathilde Texier,,,,,,,,0,1
14614,Person,Adélaïde Letellier de Cordier,,,,,,,,0,1
14616,Person,Heather Velasquez,,,,,,,,0,1
14617,Person,Danny Lindsey,,,,,,,,0,1
14619,Person,Carol Moyer,,,,,, VISIONS,,0,3
14620,Person,Xia Qian,,,,,,,,0,1
14623,Person,Yong Chang,,,,,,,,0,1
14624,Person,Guiying Kang,,,,,,,,0,1
14625,Person,Yan Zhu,,,,,,,,0,1
14630,Person,Anay Vohra,,,,,,,,0,1
14631,Person,Miraan Ramachandran,,,,,,,,0,2
14632,Person,Aradhya Maharaj,,,,,,,,0,1
14633,Person,Ritvik Lanka,,,,,,,,0,1
14634,Person,Rania Deol,,,,,,,,0,1
14635,Person,Aarush Shukla,,,,,,,,0,1
14636,Person,Pranay Sarin,,,,,,,,0,1
14638,Person,Alan Yang,,,,,,,,0,1
14639,Person,Shannon Schaefer,,,,,,,,0,1
14641,Person,Li Liao,,,,,,,,0,1
14642,Person,Yong Tan,,,,,,,,0,1
14646,Person,Michelle Gilbert,,,,,, Midnight Moss,,0,1
14648,Person,Gang Yang,,,,,,,,0,1
14649,Person,Jing Du,,,,,,,,0,1
14650,Person,Jing Kang,,,,,,,,0,1
14651,Person,Catherine Brooks,,,,,,,,0,2
14653,Person,Michael Jefferson,,,,,,,,0,1
14654,Person,Andrew Lee,,,,,,,,0,1
14655,Person,Jenna York,,,,,,,,0,2
14656,Person,Abigail Hawkins,,,,,,,,0,1
14657,Person,Michael Gregory,,,,,,,,0,1
14660,Person,Yong Ding,,,,,,,,0,2
14663,Person,Lisa Kirk,,,,,,,,0,1
14664,Person,Yong Dai,,,,,,,,0,1
14665,Person,Debra Sims,,,,,,,,0,1
14667,Person,Maurice Harrison,,,,,,,,0,1
14668,Person,Scott Burke,,,,,,,,0,1
14669,Person,Devin Chan,,,,,,,,0,1
14673,Person,Calogero Zamorani,,,,,,,,0,1
14674,Person,Maurizio Curatoli,,,,,,,,0,1
14677,Person,Beata Budig,,,,,,,,0,2
14679,Person,Gina Lehmann-Nohlmans,,,,,,,,0,1
14680,Person,Freddy Dörr,,,,,,,,0,1
14681,Person,Hans-Ludwig Käster,,,,,,,,0,2
14682,Person,Niels Hering,,,,,,,,0,2
14684,Person,Kelli Martinez,,,,,,REIGNO,,0,1
14685,Person,Michael Gomez,,,,,,,,0,1
14686,Person,Wanda Fuller,,,,,,,,0,2
14687,Person,Christopher Richards,,,,,,,,0,1
14688,Person,Denise Moody,,,,,,,,0,1
14689,Person,Mitchell Ross,,,,,,,,0,1
14692,Person,Susan Christian,,,,,, TEMP£E,,0,1
14693,Person,Yan Fu,,,,,,,,0,1
14694,Person,Fang Yan,,,,,,,,0,2
14695,Person,Na Zhu,,,,,,,,0,2
14698,Person,Sabrina Hughes,,,,,,,,0,1
14703,Person,Xia Han,,,,,,,,0,1
14704,Person,Min Zhou,,,,,,,,0,2
14706,Person,Gaetano Hartmann,,,,,,,,0,1
14708,Person,Herr Robin Drewes,,,,,,,,0,1
14709,Person,Ernestine Killer,,,,,,,,0,1
14712,Person,Ming Ding,,,,,,,,0,1
14713,Person,Fang Wu,,,,,,,,0,1
14714,Person,Xia Ren,,,,,,,,0,1
14716,Person,Tyler Case,,,,,, Raven Cross,,0,2
14717,Person,Jonathan Oestrovsky,,,,,,,,0,2
14718,Person,Juan Mao,,,,,,,,0,1
14719,Person,Wei Long,,,,,,,,0,1
14721,Person,Juan Gu,,,,,, Sage XII,,0,1
14722,Person,Jie Dai,,,,,, CR¥STAL,,0,1
14723,Person,Qiang Dai,,,,,,,,0,1
14724,Person,Ping Pan,,,,,,,,0,1
14725,Person,Xiulan He,,,,,,,,0,1
14726,Person,Tao Chang,,,,,,,,0,1
14728,Person,Samiha Chander,,,,,, Raven,,0,1
14729,Person,Karen Valdez,,,,,,Jovian,,0,2
14730,Person,Lindsay Lyons,,,,,,,,0,1
14731,Person,Nichole Benton,,,,,,,,0,1
14733,Person,Nicole Lamb,,,,,,,,0,2
14734,Person,Stephen Decker,,,,,,,,0,2
14735,Person,Briana Miller,,,,,,,,0,1
14736,Person,Karen White,,,,,,,,0,1
14737,Person,Na Tian,,,,,,,,0,1
14738,Person,Thomas Alvarez,,,,,,,,0,1
14739,Person,Amy Thomas,,,,,,,,0,2
14741,Person,Andrew Martin,,,,,,,,0,1
14742,Person,Alan Clark,,,,,,,,0,1
14743,Person,Sandra Smith,,,,,,,,0,1
14744,Person,Tamara Miller,,,,,,,,0,2
14747,Person,Mandy Hood,,,,,,,,0,1
14748,Person,Robert Villanueva,,,,,,,,0,1
14751,Person,Min Kong,,,,,,,,0,1
14752,Person,Yong Deng,,,,,,,,0,2
14756,Person,Kelli Jackson,,,,,,,,0,2
14757,Person,Tao Jin,,,,,,,,0,1
14758,Person,Jun Yan,,,,,,,,0,1
14759,Person,Keith Stone,,,,,,,,0,2
14761,Person,Kendra Spears,,,,,,,,0,1
14763,Person,Thomas Dudley,,,,,,,,0,1
14764,Person,Charles Hall,,,,,,,,0,1
14765,Person,James Mosley,,,,,,,,0,1
14766,Person,Adriana Figueroa,,,,,,,,0,1
14770,Person,Yong Sun,,,,,,,,0,1
14771,Person,Diane Robbins,,,,,,,,0,1
14772,Person,Fang Yao,,,,,,,,0,2
14773,Person,Wei Peng,,,,,,,,0,1
14775,Person,Ming Kong,,,,,, L.A. Rose,,0,1
14776,Person,Juan Wu,,,,,,,,0,2
14779,Person,Li Deng,,,,,,,,0,2
14782,Person,Herr Stephan Tschentscher,,,,,,,,0,1
14783,Person,Elfriede Reuter,,,,,,,,0,1
14785,Person,Rosalinde Tintzmann,,,,,, Cleo Rose,,0,1
14786,Person,Kevin King,,,,,,,,0,1
14787,Person,Megan Harris,,,,,,,,0,2
14788,Person,Christopher Robbins,,,,,,,,0,1
14790,Person,Min Deng,,,,,,,,0,1
14791,Person,Wei Wu,,,,,,,,0,1
14792,Person,Yang Fan,,,,,,,,0,1
14793,Person,Guiying Bai,,,,,,,,0,1
14794,Person,Lei Xia,,,,,,,,0,1
14796,Person,Bobby Guzman,,,,,,,,0,1
14797,Person,Rachel Curry,,,,,,,,0,1
14801,Person,Elvira Puente Alba,,,,,,,,0,1
14803,Person,Joan Taylor,,,,,,,,0,1
14805,Person,Lei Wan,,,,,,,,0,2
14806,Person,Tao Ma,,,,,,,,0,1
14807,Person,Wei Xiao,,,,,,,,0,1
14808,Person,Qiang Shi,,,,,,,,0,2
14810,Person,Ming Hou,,,,,,,,0,1
14811,Person,Lei Tang,,,,,,,,0,2
14812,Person,Yan Fang,,,,,,,,0,1
14815,Person,Thomas Boyle,,,,,,,,0,1
14817,Person,Beatrix Schmidt,,,,,,,,0,1
14818,Person,Priska Hölzenbecher,,,,,,,,0,1
14819,Person,Bjorn van Berkum-Freshour,,,,,,,,0,1
14820,Person,Marina Stiebitz,,,,,,,,0,2
14821,Person,Hans-Karl Hövel,,,,,,,,0,1
14822,Person,Olaf Schmiedt,,,,,,,,0,1
14824,Person,Naoki Sato,,,,,,,,0,1
14825,Person,Konstanty Drobek,,,,,,,,0,1
14826,Person,Xiuying Zhou,,,,,,,,0,2
14827,Person,Li Xu,,,,,,,,0,1
14829,Person,Cynthia Johnson,,,,,,,,0,1
14831,Person,Gang Ye,,,,,,,,0,1
14832,Person,Guiying Tao,,,,,,,,0,3
14833,Person,Wei Lin,,,,,,,,0,1
14836,Person,Min Guo,,,,,, PH∆SE,,0,2
14837,Person,Jason Hendricks,,,,,,,,0,1
14838,Person,Guiying Yang,,,,,,,,0,1
14839,Person,Fang Qian,,,,,,,,0,2
14841,Person,Melania Filangieri,,,,,,,,0,1
14842,Person,Nicoletta Soffici,,,,,,,,0,1
14844,Person,Juan Mao,,,,,,,,0,1
14845,Person,Jing Li,,,,,,,,0,1
14846,Person,Min Zhao,,,,,,,,0,1
14847,Person,Guiying Kang,,,,,,,,0,1
14848,Person,Jun Deng,,,,,,,,0,1
14849,Person,Xiuying Peng,,,,,,,,0,3
14850,Person,Juan Gao,,,,,,,,0,1
14852,Person,Donald Bradley,,,,,,,,0,1
14853,Person,Caleb Williamson,,,,,,,,0,2
14856,Person,Yong Wan,,,,,,,,0,2
14857,Person,Tao Guo,,,,,,,,0,1
14860,Person,Elizabeth Bradshaw,,,,,,Obsidian Wake,,0,1
14861,Person,Savannah Shaw,,,,,,,,0,1
14865,Person,John Rodriguez,,,,,,,,0,1
14866,Person,Marcus Stewart,,,,,,,,0,2
14867,Person,Henry Gross,,,,,,,,0,1
14869,Person,Wei Lei,,,,,,,,0,1
14870,Person,Juan Li,,,,,,,,0,1
14871,Person,Ping Yang,,,,,,,,0,2
14873,Person,Li Peng,,,,,,,,0,1
14874,Person,Li Bai,,,,,,,,0,1
14876,Person,Joseph Wheeler,,,,,,,,0,1
14877,Person,Jie Mao,,,,,,,,0,2
14878,Person,Jose Sanders,,,,,,,,0,1
14879,Person,Sean Rush,,,,,,,,0,1
14881,Person,Auguste Perrin,,,,,,,,0,1
14882,Person,Victoire Roger-Noël,,,,,,,,0,1
14885,Person,Elisa Zoppetti-Venturi,,,,,,,,0,1
14888,Person,Chao Han,,,,,,,,0,1
14889,Person,Yan Chang,,,,,,,,0,1
14891,Person,Tracy Burton,,,,,,,,0,1
14892,Person,Qiang Han,,,,,,,,0,1
14894,Person,Kimberly Estrada,,,,,,,,0,1
14895,Person,Fang Ding,,,,,,,,0,1
14898,Person,Darshit Mannan,,,,,,,,0,2
14899,Person,Nirvaan Thaker,,,,,,,,0,1
14900,Person,Tammy Campos,,,,,,,,0,1
14901,Person,Parinaaz Deshmukh,,,,,,,,0,1
14903,Person,Melissa Watkins,,,,,,,,0,1
14905,Person,Ming Ding,,,,,,,,0,2
14906,Person,Fang Lin,,,,,,,,0,1
14910,Person,Aradhya Dara,,,,,,,,0,1
14911,Person,Armaan Dalal,,,,,,,,0,1
14912,Person,Drishya Srinivasan,,,,,,,,0,1
14914,Person,Xiulan Sun,,,,,,,,0,1
14915,Person,Gang Qiao,,,,,,,,0,2
14916,Person,Christopher Fox,,,,,,,,0,1
14917,Person,Ping Jiang,,,,,,,,0,3
14918,Person,Ping Ren,,,,,,,,0,1
14919,Person,Jing Jiang,,,,,,,,0,2
14922,Person,Jie Du,,,,,,,,0,1
14923,Person,Yang Xu,,,,,,,,0,1
14924,Person,Guiying Feng,,,,,,,,0,1
14925,Person,Xia Xu,,,,,,,,0,1
14926,Person,Jun Chang,,,,,,,,0,2
14928,Person,Erica Smith,,,,,,,,0,1
14930,Person,Gang Ye,,,,,,,,0,1
14931,Person,Ming Yuan,,,,,,,,0,1
14932,Person,Lei Sun,,,,,,,,0,1
14934,Person,Miss Jennifer Williams,,,,,,,,0,1
14935,Person,William Robinson,,,,,,,,0,2
14936,Person,Judy Yang,,,,,,,,0,1
14937,Person,Joanna Avery,,,,,,,,0,1
14938,Person,Molly Gonzalez,,,,,,,,0,1
14942,Person,Janice Villarreal,,,,,,,,0,1
14943,Person,Jonathan Bishop,,,,,,,,0,2
14946,Person,Yuvaan Tripathi,,,,,,,,0,2
14947,Person,Anvi Chawla,,,,,,,,0,1
14949,Person,Jun Cai,,,,,,,,0,1
14950,Person,Jun Bai,,,,,,,,0,2
14952,Person,Qiang Duan,,,,,, Bronze Tiger,,0,1
14953,Person,Yong Qiu,,,,,,,,0,1
14954,Person,Jun Liao,,,,,,,,0,2
14955,Person,Ming Kong,,,,,,,,0,1
14956,Person,Sandra Holden,,,,,,,,0,1
14957,Person,Yang Wu,,,,,,,,0,1
14958,Person,Regina Watkins,,,,,,,,0,1
14959,Person,Chao Fan,,,,,,,,0,1
14960,Person,Jie Yan,,,,,,,,0,2
14962,Person,Anthony Beck,,,,,,,,0,2
14963,Person,Kimberly Gross,,,,,,,,0,1
14966,Person,Eric Bailey,,,,,,,,0,1
14967,Person,Inès Lebreton,,,,,,,,0,1
14968,Person,Andrew Green,,,,,,,,0,1
14970,Person,Yang Zhang,,,,,,,,0,1
14971,Person,Juan Sun,,,,,,,,0,1
14972,Person,Gang Lai,,,,,,,,0,1
14973,Person,Ming Kang,,,,,,,,0,1
14974,Person,Ming Lei,,,,,,,,0,1
14977,Person,Christopher Hernandez,,,,,,,,0,1
14978,Person,Michelle Ellis,,,,,,,,0,2
14981,Person,Na Chen,,,,,,,,0,2
14982,Person,Xiuying Tian,,,,,,,,0,1
14983,Person,Xiulan Bai,,,,,,,,0,1
14985,Person,Suzanne Davis,,,,,,,,0,1
14986,Person,Brian Perez,,,,,,,,0,1
14988,Person,Ming Duan,,,,,,,,0,2
14990,Person,Joshua Oneill,,,,,,,,0,2
14991,Person,Tamara Brown,,,,,,,,0,2
14993,Person,Wei Yao,,,,,,,,0,1
14995,Person,Gerhild Mälzer-Albers,,,,,,,,0,2
14996,Person,Hannelore Rosemann,,,,,,,,0,2
14998,Person,Lei Zhao,,,,,,Elysian,,0,1
14999,Person,Xiuying Lu,,,,,,,,0,1
15000,Person,Yan Xiong,,,,,,,,0,1
15002,Person,Qiang Pan,,,,,,,,0,1
15003,Person,Ping Deng,,,,,,,,0,1
15006,Person,Jun Lin,,,,,,,,0,1
15008,Person,Fang Dong,,,,,,,,0,1
15011,Person,Jie Hao,,,,,,,,0,1
15012,Person,Li Chang,,,,,,,,0,1
15013,Person,Ming Chang,,,,,,,,0,1
15014,Person,Nathan Nelson,,,,,,,,0,2
15016,Person,Oskar Radzewicz,,,,,,,,0,1
15018,Person,Qiang Gao,,,,,,,,0,1
15019,Person,Fang Yan,,,,,,,,0,1
15020,Person,Jun Lai,,,,,,,,0,1
15021,Person,Jing Chang,,,,,,,,0,1
15022,Person,Li Dong,,,,,,,,0,1
15023,Person,Qiang Sun,,,,,,,,0,1
15026,Person,Juanita Galván,,,,,,,,0,1
15028,Person,Kana Mori,,,,,,,,0,1
15029,Person,Tomoya Takahashi,,,,,,,,0,1
15030,Person,Yuki Hashimoto,,,,,,,,0,2
15031,Person,Taichi Sasaki,,,,,,,,0,1
15033,Person,Na Deng,,,,,,,,0,1
15035,Person,Julie Lane,,,,,,,,0,1
15036,Person,Sarah Ward,,,,,,,,0,1
15037,Person,Sheila Cox,,,,,,,,0,1
15038,Person,Isaac Joubert,,,,,,,,0,1
15039,Person,David Flores,,,,,,,,0,1
15041,Person,Lisa Peterson,,,,,,,,0,1
15042,Person,Brian Carter,,,,,,,,0,1
15043,Person,Anthony Allen,,,,,,,,0,1
15044,Person,Steve Young,,,,,,,,0,1
15045,Person,Kristin Sullivan,,,,,,,,0,1
15049,Person,Ping Lei,,,,,,,,0,2
15050,Person,Li Liu,,,,,,,,0,1
15051,Person,Ming Zhou,,,,,,,,0,1
15052,Person,Sean James,,,,,,,,0,1
15058,Person,Jun Wan,,,,,,,,0,2
15059,Person,Yan Tian,,,,,,,,0,1
15062,Person,Guiying Luo,,,,,,,,0,1
15064,Person,Chao Wu,,,,,,,,0,1
15066,Person,Abigaíl del Franch,,,,,,Obsidian Lament,,0,2
15067,Person,Evelia Viñas-Maldonado,,,,,,,,0,1
15068,Person,Elena Olivera Agudo,,,,,,,,0,1
15069,Person,Viviana Escrivá Porcel,,,,,,,,0,1
15072,Person,Jun Tao,,,,,,,,0,1
15073,Person,Sean King,,,,,,,,0,1
15074,Person,Wei Dai,,,,,,,,0,2
15077,Person,Heather Dalton,,,,,,,,0,2
15078,Person,Susan Brown,,,,,,,,0,1
15079,Person,Wei Kang,,,,,,,,0,1
15081,Person,Honoré-Alexandre Vidal,,,,,,,,0,1
15082,Person,Haruka Kobayashi,,,,,,,,0,2
15083,Person,Asuka Takahashi,,,,,,,,0,1
15085,Person,Stephen Lawrence,,,,,,,,0,1
15086,Person,Jun Yin,,,,,,,,0,2
15087,Person,Ping Xu,,,,,,,,0,1
15088,Person,Jörg-Peter Hecker,,,,,,,,0,1
15090,Person,Jie Fan,,,,,,,,0,1
15091,Person,Chao Li,,,,,,,,0,1
15094,Person,Li Xu,,,,,,,,0,1
15095,Person,Lori Bass,,,,,,,,0,1
15096,Person,Na Chang,,,,,,,,0,1
15097,Person,Ming Hou,,,,,,,,0,1
15098,Person,Yang Xue,,,,,,,,0,1
15100,Person,Albrecht Scholtz,,,,,,,,0,1
15102,Person,Jeffrey Middleton,,,,,,,,0,3
15106,Person,Xiuying Feng,,,,,,,,0,1
15107,Person,Na Cui,,,,,,,,0,2
15109,Person,Min Wan,,,,,,,,0,1
15110,Person,Juan Xu,,,,,,,,0,1
15111,Person,Lei Mo,,,,,,,,0,1
15112,Person,Yang Lin,,,,,,,,0,1
15113,Person,Ping He,,,,,,,,0,2
15115,Person,Juan Dong,,,,,,,,0,1
15116,Person,Lori Bowers,,,,,,,,0,1
15117,Person,Yan Gu,,,,,,,,0,1
15119,Person,Alphonse Berthelot,,,,,,,,0,2
15120,Person,Charles Normand,,,,,,,,0,1
15122,Person,Juan Xiang,,,,,,,,0,1
15123,Person,Tao Hou,,,,,,,,0,1
15124,Person,Fang Su,,,,,,,,0,1
15125,Person,Xia Yang,,,,,,,,0,1
15127,Person,Xiulan Zhou,,,,,,,,0,1
15128,Person,Xia Su,,,,,,,,0,2
15130,Person,Yan Shao,,,,,,,,0,1
15133,Person,Luisa Tommaseo,,,,,,,,0,1
15134,Person,Elizabeth Gonzalez,,,,,,,,0,1
15136,Person,Brandon Flores,,,,,,,,0,1
15137,Person,Enno Reinhardt,,,,,,,,0,2
15139,Person,Tao Gao,,,,,,,,0,2
15140,Person,Xiuying Cheng,,,,,,,,0,2
15141,Person,Lei Cui,,,,,,,,0,2
15145,Person,Li Hu,,,,,, THA SAINT,,0,1
15146,Person,Lei Qian,,,,,,,,0,1
15147,Person,Tao Zhang,,,,,,,,0,1
15148,Person,Wei Liao,,,,,,,,0,1
15149,Person,Xiulan Lu,,,,,,,,0,1
15151,Person,Shannon Thompson,,,,,,The Hollow Vestige,,0,1
15152,Person,Wei Cai,,,,,,,,0,1
15154,Person,Min Jin,,,,,,,,0,1
15155,Person,Wei Liao,,,,,,,,0,1
15157,Person,Lucia Corradi,,,,,,,,0,1
15158,Person,Amleto Fittipaldi,,,,,,,,0,1
15159,Person,Gianluca Barberini,,,,,,,,0,1
15161,Person,Brian Le,,,,,,,,0,1
15162,Person,Matthew Moyer,,,,,,,,0,1
15163,Person,Amy Rodriguez,,,,,,,,0,1
15164,Person,Henry Norris,,,,,,,,0,1
15166,Person,Ming Cui,,,,,, Bishop VII,,0,2
15167,Person,Guiying Yin,,,,,,,,0,1
15168,Person,Yan Tan,,,,,,,,0,4
15169,Person,Gang Liu,,,,,,,,0,4
15171,Person,Na Shao,,,,,, Merit,,0,1
15172,Person,Li Long,,,,,,,,0,2
15173,Person,Ping Wan,,,,,,,,0,1
15174,Person,Yan Bai,,,,,,,,0,1
15175,Person,Yang Zhu,,,,,,,,0,1
15176,Person,Gang Cao,,,,,,,,0,1
15177,Person,Fang Yin,,,,,,,,0,2
15178,Person,Yang Qin,,,,,,,,0,1
15179,Person,Lisa Harris,,,,,,,,0,2
15180,Person,Yong Yan,,,,,,,,0,1
15183,Person,Ryan Osborn,,,,,, Josie Blue,,0,2
15184,Person,Terry Adams,,,,,,,,0,1
15186,Person,Jie Tian,,,,,,,,0,1
15187,Person,Juan Du,,,,,,,,0,2
15190,Person,Miki Maeda,,,,,,,,0,1
15191,Person,Akira Kobayashi,,,,,,,,0,2
15193,Person,Qiang Hao,,,,,,,,0,2
15194,Person,Ping Meng,,,,,,,,0,1
15195,Person,Jun Huang,,,,,,,,0,1
15196,Person,Tyler Lee,,,,,,,,0,1
15200,Person,Linus Bonbach,,,,,,,,0,1
15201,Person,Raimund Wernecke,,,,,,,,0,1
15203,Person,Chao Han,,,,,,,,0,1
15204,Person,Jing Cao,,,,,,,,0,2
15205,Person,Jie Su,,,,,,,,0,1
15208,Person,Na Chang,,,,,,,,0,1
15209,Person,James Beard,,,,,,,,0,1
15211,Person,Yong Xue,,,,,,,,0,1
15213,Person,Tao Xiang,,,,,, Velvet Rook,,0,1
15215,Person,Fanny Dörschner,,,,,,,,0,1
15216,Person,Pascal Pärtzelt-Jockel,,,,,,,,0,1
15218,Person,Carrie Webb,,,,,,,,0,1
15219,Person,Whitney Tucker,,,,,,,,0,1
15220,Person,Yolanda Hernandez,,,,,,,,0,1
15221,Person,Miss Amy Harmon,,,,,,,,0,2
15223,Person,Tao Xie,,,,,,,,0,1
15224,Person,Juan Shi,,,,,,,,0,3
15225,Person,Guiying Shi,,,,,,,,0,2
15228,Person,Jason Mcpherson,,,,,,,,0,2
15229,Person,Mary Gordon,,,,,,,,0,1
15231,Person,Yang Gu,,,,,, Plasma Queen,,0,1
15232,Person,Jun Zhou,,,,,,,,0,1
15233,Person,Qiang Yang,,,,,,,,0,2
15234,Person,Gang Long,,,,,,,,0,1
15236,Person,Yang Meng,,,,,,,,0,1
15237,Person,John Russo,,,,,,,,0,1
15238,Person,Juan Cheng,,,,,,,,0,2
15239,Person,Kelly Williams,,,,,,,,0,1
15240,Person,Yan Liang,,,,,,,,0,1
15243,Person,Xiulan Xiang,,,,,,,,0,1
15245,Person,Nermin Förster,,,,,,,,0,2
15246,Person,Frau Evelyn Schmiedt,,,,,,,,0,1
15247,Person,Gerhardt Jäkel,,,,,,,,0,2
15250,Person,Yong Lin,,,,,,,,0,1
15251,Person,Lei Tao,,,,,,,,0,1
15253,Person,Jeffrey Morgan,,,,,,,,0,2
15256,Person,Jun Duan,,,,,,,,0,1
15257,Person,Chao Ding,,,,,,,,0,2
15259,Person,Jacqueline Monroe,,,,,,,,0,2
15260,Person,Steve Schottin,,,,,,,,0,1
15262,Person,Ming Xue,,,,,,,,0,1
15263,Person,Xia Xia,,,,,,,,0,2
15264,Person,Jing Hu,,,,,,,,0,1
15265,Person,Xia Wu,,,,,,,,0,1
15266,Person,Na Chen,,,,,,,,0,2
15268,Person,Jun Gong,,,,,,,,0,1
15269,Person,Ming Duan,,,,,,,,0,1
15272,Person,Matthew Murphy,,,,,,,,0,2
15273,Person,Jing Luo,,,,,,,,0,2
15274,Person,Xiulan Zhong,,,,,,,,0,3
15277,Person,Heidi Smith,,,,,,,,0,2
15278,Person,James Hopkins,,,,,,,,0,1
15280,Person,Roy Miller,,,,,,,,0,1
15281,Person,Cindy Moore,,,,,,,,0,1
15283,Person,Fang Tao,,,,,,,,0,1
15284,Person,Fang Wei,,,,,,,,0,2
15286,Person,Li Dong,,,,,,,,0,1
15288,Person,Travis Gonzales,,,,,,,,0,2
15289,Person,Donald Cooper,,,,,,,,0,1
15292,Person,Ronald Brooks,,,,,,,,0,4
15293,Person,Yvonne Alexander,,,,,,,,0,2
15296,Person,Yang Hou,,,,,,,,0,1
15297,Person,Gang Ren,,,,,,,,0,1
15299,Person,Mathilde Hesse,,,,,,,,0,1
15300,Person,Joy Wood,,,,,,,,0,1
15301,Person,Tina Watson,,,,,,,,0,1
15302,Person,Hasso Kreusel,,,,,,,,0,1
15303,Person,Gerhild Schweitzer,,,,,,,,0,1
15304,Person,Anna Gonzales,,,,,,,,0,1
15305,Person,Jasmine Moore,,,,,,,,0,1
15307,Person,Jessica Macdonald,,,,,,,,0,3
15308,Person,Brandon Mays,,,,,,,,0,3
15311,Person,Jing Zheng,,,,,,,,0,1
15312,Person,Xiuying Zhou,,,,,,,,0,2
15313,Person,Erin Shah,,,,,,,,0,2
15314,Person,Yan Lu,,,,,,,,0,3
15317,Person,Douglas Roberts,,,,,,,,0,2
15319,Person,Kimberly Smith,,,,,,,,0,1
15320,Person,Scott Johnson,,,,,,,,0,1
15321,Person,Danny Fitzgerald,,,,,,,,0,1
15322,Person,Mary Jacobs,,,,,,,,0,2
15324,Person,Kacper Panasewicz,,,,,,,,0,1
15326,Person,Lisa Steele,,,,,,,,0,2
15327,Person,Yang Ye,,,,,,,,0,1
15328,Person,Xiulan Xiang,,,,,,,,0,1
15329,Person,Min Xu,,,,,,,,0,1
15330,Person,Jun Duan,,,,,,,,0,1
15331,Person,Xia Wan,,,,,,,,0,2
15334,Person,Ryan Leblanc,,,,,, M.P. Cross,,0,2
15335,Person,Patrick Cook,,,,,,,,0,1
15336,Person,Melissa Arias,,,,,,,,0,1
15337,Person,Ping Tian,,,,,,,,0,2
15338,Person,Stanley Hamilton,,,,,,,,0,2
15340,Person,Yong Xu,,,,,,,,0,1
15341,Person,Ping Wan,,,,,,,,0,1
15342,Person,Guiying Shen,,,,,,,,0,1
15344,Person,Allison Sanford,,,,,,,,0,1
15346,Person,Camilla Sontag,,,,,,,,0,1
15347,Person,Irmtrud Schmiedecke,,,,,,,,0,1
15348,Person,Rosalie Bonbach,,,,,,,,0,1
15351,Person,Min Liao,,,,,,,,0,1
15352,Person,Yong Peng,,,,,,,,0,1
15353,Person,Na Wei,,,,,,,,0,1
15354,Person,Gang Fan,,,,,,,,0,1
15355,Person,Gang Qian,,,,,,,,0,2
15356,Person,Xia Tian,,,,,,,,0,1
15359,Person,Jorge Brown,,,,,,,,0,1
15361,Person,Audrey King,,,,,,,,0,1
15363,Person,Olivie Sauvage,,,,,,,,0,1
15365,Person,Matthew Dominguez,,,,,,,,0,2
15366,Person,Kaira Dutt,,,,,,,,0,1
15367,Person,Anay Boase,,,,,,,,0,1
15368,Person,Divit Srinivas,,,,,,,,0,3
15370,Person,Paige Mitchell,,,,,,DRIP$ETTA,,0,1
15371,Person,Yong Qiao,,,,,,,,0,1
15373,Person,Lisa Maxwell,,,,,,,,0,1
15375,Person,Luke Murray,,,,,, THA KING,,0,2
15376,Person,Manfred Schmiedecke,,,,,,,,0,1
15377,Person,Angel Henderson,,,,,,,,0,1
15378,Person,Hannah Garrett,,,,,,,,0,1
15379,Person,Devin Mccoy,,,,,,,,0,1
15382,Person,Jing Jiang,,,,,,,,0,1
15385,Person,Xia Ye,,,,,,,,0,1
15386,Person,Chelsea Harris,,,,,,,,0,1
15392,Person,Li Tan,,,,,,,,0,1
15393,Person,Fang Liang,,,,,,,,0,1
15395,Person,Xiulan Qin,,,,,,,,0,1
15397,Person,Sherri Mclaughlin,,,,,,,,0,1
15399,Person,Theda Rosemann,,,,,,,,0,1
15400,Person,Hannes Ziegert,,,,,,,,0,2
15401,Person,Dana Martin,,,,,,,,0,1
15404,Person,Bryan Smith,,,,,,,,0,1
15405,Person,Selena Gonzalez,,,,,,,,0,2
15407,Person,Beverly Pham,,,,,,,,0,2
15410,Person,Ping Qin,,,,,,,,0,2
15411,Person,Ming Liang,,,,,,,,0,3
15412,Person,Ming Xu,,,,,,,,0,1
15413,Person,Juan Cao,,,,,,,,0,2
15414,Person,Franklin Allen,,,,,,,,0,1
15416,Person,Ming Zhou,,,,,,,,0,2
15417,Person,Wei Zou,,,,,,,,0,1
15418,Person,Chao Qiu,,,,,,,,0,1
15421,Person,Sylwia Skowyra,,,,,,,,0,1
15426,Person,Savannah Leblanc,,,,,, Nina Sky,,0,2
15427,Person,Lei Xue,,,,,,,,0,1
15428,Person,Tao Gu,,,,,,,,0,1
15429,Person,Jie Su,,,,,,,,0,1
15431,Person,Pamela Kent,,,,,,,,0,2
15432,Person,Jessica Valentine,,,,,,,,0,1
15433,Person,Jodi Gilbert,,,,,,,,0,1
15434,Person,Alyssa Adams,,,,,,,,0,1
15436,Person,Claudine Martin,,,,,,The Phantom Tapes,,0,1
15437,Person,Nicholas Pineda,,,,,,,,0,2
15438,Person,Caroline Lewis,,,,,,,,0,1
15439,Person,Véronique Bernard,,,,,,,,0,1
15440,Person,Sabine Ollivier-Morel,,,,,,,,0,1
15442,Person,Emily Jackson,,,,,, R.J. West,,0,1
15445,Person,Yong Hao,,,,,,,,0,1
15446,Person,Li Kong,,,,,,,,0,2
15448,Person,Alfredo Cases Gaya,,,,,,,,0,2
15449,Person,Anna Woodard,,,,,,,,0,1
15450,Person,Kaitlyn Castaneda PhD,,,,,,,,0,2
15453,Person,Xiulan He,,,,,,,,0,1
15454,Person,Yong Lei,,,,,,,,0,2
15455,Person,Alexander Lawrence,,,,,,,,0,1
15459,Person,Guiying Zhou,,,,,,,,0,2
15460,Person,Xia Dai,,,,,,,,0,1
15461,Person,Lei Hou,,,,,,,,0,1
15463,Person,Qiang Fan,,,,,,,,0,1
15465,Person,Xia Xiao,,,,,,,,0,1
15466,Person,Fang Ma,,,,,,,,0,1
15467,Person,Elizabeth Johnson,,,,,,,,0,1
15468,Person,Tao Yu,,,,,,,,0,2
15470,Person,Yong Yang,,,,,,,,0,1
15471,Person,Wei Peng,,,,,,,,0,2
15474,Person,Xiuying Wan,,,,,,,,0,1
15476,Person,Wei Xiao,,,,,,,,0,1
15477,Person,Ping Zeng,,,,,,,,0,3
15479,Person,Pranay Mahajan,,,,,, $AINT,,0,1
15480,Person,Jayan Chandran,,,,,,,,0,1
15483,Person,Xia Qiu,,,,,,,,0,1
15484,Person,Jing Ma,,,,,,,,0,1
15485,Person,Li Ren,,,,,,,,0,1
15486,Person,Qiang Du,,,,,,,,0,1
15487,Person,Li Gao,,,,,,,,0,1
15490,Person,Robert Stephens,,,,,,,,0,1
15491,Person,Elizabeth Brown,,,,,,,,0,1
15492,Person,Angela Hernandez,,,,,,,,0,2
15495,Person,Bradley Hamilton,,,,,,,,0,1
15497,Person,Brian Mcbride,,,,,,,,0,1
15498,Person,Bertrand-Robert Duval,,,,,,,,0,2
15499,Person,Yan Ren,,,,,,,,0,2
15502,Person,Tomoya Kato,,,,,,,,0,1
15504,Person,Chao Xue,,,,,,,,0,1
15505,Person,Xiuying Zeng,,,,,,,,0,1
15507,Person,Carla Gross,,,,,,,,0,2
15509,Person,Na Xie,,,,,,,,0,1
15510,Person,Christopher Smith,,,,,,,,0,1
15511,Person,Na Hou,,,,,,,,0,1
15513,Person,Li Deng,,,,,,,,0,1
15514,Person,Xiulan Fu,,,,,,,,0,1
15516,Person,Lei Jia,,,,,, DVRK,,0,1
15517,Person,Xiulan Mo,,,,,,,,0,1
15519,Person,Chao Zhao,,,,,,,,0,2
15520,Person,Ping Wu,,,,,,,,0,1
15523,Person,Li Gong,,,,,,,,0,1
15525,Person,Rhonda Mcgee,,,,,,,,0,1
15526,Person,Katherine Wang,,,,,,,,0,2
15527,Person,Olivia Solomon,,,,,,,,0,1
15530,Person,Johnathan Clark,,,,,,,,0,1
15531,Person,Kristi Henry,,,,,,,,0,2
15533,Person,Anthony Adams,,,,,,,,0,1
15534,Person,Daniel Campbell,,,,,,,,0,1
15535,Person,Hector Jones,,,,,,,,0,1
15537,Person,Mary Frazier,,,,,,,,0,1
15538,Person,Michael Farrell,,,,,,,,0,1
15541,Person,Lei Gong,,,,,,,,0,3
15543,Person,Guiying Liang,,,,,,,,0,2
15544,Person,Qiang Zeng,,,,,,,,0,1
15545,Person,Jun Shi,,,,,,,,0,1
15546,Person,Li Yang,,,,,,,,0,1
15548,Person,Xiulan Cai,,,,,,Nocturne,,0,1
15549,Person,Fang Hou,,,,,,,,0,1
15550,Person,Xiulan Lin,,,,,,,,0,1
15551,Person,Qiang Fang,,,,,,,,0,1
15553,Person,Lei Gong,,,,,,Cameron Fox,,0,1
15554,Person,Tao Dai,,,,,,,,0,1
15556,Person,Yong Liu,,,,,,,,0,3
15557,Person,Laura Anderson,,,,,,,,0,2
15558,Person,Min Zhou,,,,,,,,0,2
15560,Person,Guiying Shao,,,,,,,,0,1
15561,Person,Anica Baum,,,,,,,,0,2
15562,Person,Wei Zou,,,,,,,,0,1
15563,Person,Jing Lei,,,,,,,,0,1
15564,Person,Lei Jiang,,,,,,,,0,2
15566,Person,Yan Zhou,,,,,,,,0,1
15567,Person,Ping Long,,,,,,,,0,2
15568,Person,James Munoz,,,,,,,,0,1
15569,Person,Wei Cheng,,,,,,,,0,2
15572,Person,Jie Cheng,,,,,,,,0,1
15573,Person,Juan Kang,,,,,,,,0,1
15575,Person,Tao Mo,,,,,,Halogen Visions,,0,1
15576,Person,Xiuying Li,,,,,,,,0,1
15577,Person,Emily Sullivan,,,,,,,,0,1
15580,Person,Hugo Pareto,,,,,,,,0,1
15581,Person,Ludovica Tamborini-Paolucci,,,,,,,,0,1
15583,Person,Monika Bochnia,,,,,,,,0,1
15585,Person,Xiulan Du,,,,,,,,0,1
15586,Person,Li Zhu,,,,,,,,0,1
15587,Person,Na Xue,,,,,,,,0,1
15588,Person,Chao Jia,,,,,,,,0,1
15589,Person,Li Gong,,,,,,,,0,1
15592,Person,Costantino Ramazzotti,,,,,,,,0,1
15593,Person,Lara Filippelli,,,,,,,,0,2
15595,Person,Shelby Campbell,,,,,, Haven,,0,1
15596,Person,Miss Brandi Torres,,,,,,,,0,1
15597,Person,Kenneth Lee,,,,,,,,0,1
15598,Person,Amanda Brown,,,,,,,,0,1
15599,Person,Xiuying Xie,,,,,,,,0,1
15601,Person,Jacob Gallagher,,,,,,,,0,1
15602,Person,Anthony Larson,,,,,,,,0,1
15604,Person,Terry Olson,,,,,,,,0,3
15606,Person,Daniela Scholtz,,,,,,,,0,1
15608,Person,Paul Johnson,,,,,,,,0,1
15610,Person,Yui Ito,,,,,,,,0,1
15613,Person,Gang Cao,,,,,,,,0,1
15614,Person,Tao Mo,,,,,,,,0,1
15615,Person,Xiulan Ma,,,,,,,,0,2
15617,Person,Yong Jia,,,,,,,,0,1
15618,Person,Lei Peng,,,,,,,,0,1
15619,Person,Juan Shi,,,,,,,,0,2
15620,Person,Fang Fu,,,,,,,,0,2
15623,Person,Lisa Evans,,,,,,,,0,1
15624,Person,Brittany Meyers,,,,,,,,0,1
15625,Person,Kristina Willis,,,,,,,,0,1
15626,Person,Corey Moody,,,,,,,,0,1
15627,Person,Peter Huff,,,,,,,,0,2
15628,Person,Thomas Kelly,,,,,,,,0,1
15629,Person,Susan Richardson,,,,,,,,0,1
15631,Person,Susan Jones,,,,,,,,0,1
15635,Person,Ashley Myers,,,,,,,,0,2
15636,Person,Robert Gray,,,,,,,,0,1
15637,Person,Joshua Rodriguez,,,,,,,,0,1
15638,Person,Aaron Anderson,,,,,,,,0,1
15639,Person,David Benson,,,,,,,,0,2
15640,Person,Curtis Jones,,,,,,,,0,1
15641,Person,William Dominguez,,,,,,,,0,1
15644,Person,Natasza Sygut,,,,,,,,0,2
15647,Person,Gang Zeng,,,,,,Nightshade Paradox,,0,1
15648,Person,Min Ding,,,,,,,,0,2
15650,Person,Richard Mathieu de Perrin,,,,,,,,0,2
15651,Person,Lucas Lenoir du Colin,,,,,,,,0,1
15653,Person,Bruce Young,,,,,,,,0,1
15655,Person,Jing Feng,,,,,,,,0,3
15657,Person,Anna Maria Michel,,,,,,,,0,1
15659,Person,Deanna Williams,,,,,,,,0,1
15660,Person,Gabriel Silva,,,,,,,,0,1
15661,Person,Joel Miller,,,,,,,,0,1
15663,Person,Jie Feng,,,,,,,,0,1
15664,Person,Gang He,,,,,,,,0,1
15665,Person,Juan Lai,,,,,,,,0,2
15666,Person,Na Zhu,,,,,,,,0,1
15667,Person,Jie Yao,,,,,,,,0,1
15668,Person,Juan Zhou,,,,,,,,0,1
15670,Person,Valerie Miller,,,,,,,,0,1
15671,Person,Xiulan Liang,,,,,,,,0,3
15672,Person,Deanna Hines,,,,,,,,0,2
15675,Person,Ryan Carter,,,,,,,,0,1
15676,Person,Melissa Smith,,,,,,,,0,1
15677,Person,Kristen Carlson,,,,,,,,0,1
15678,Person,Timothy Watson,,,,,,,,0,1
15679,Person,Jessica Brown,,,,,,,,0,1
15680,Person,Jose Morse,,,,,,,,0,1
15681,Person,Chelsea Young,,,,,,,,0,1
15682,Person,Dana Patterson,,,,,,,,0,1
15683,Person,Amy Ramos,,,,,,,,0,1
15684,Person,Allen Smith,,,,,,,,0,1
15685,Person,Jasmine Nichols,,,,,,,,0,1
15686,Person,Garrett Dixon,,,,,,,,0,1
15689,Person,Jeffery Reese,,,,,,,,0,2
15691,Person,Shannon Bennett,,,,,, Demi Lane,,0,1
15692,Person,Juan Zhong,,,,,,,,0,1
15693,Person,Wei Tian,,,,,,,,0,1
15694,Person,Min Bai,,,,,,,,0,1
15695,Person,Juan Cheng,,,,,,,,0,1
15696,Person,Tao Fu,,,,,,,,0,2
15697,Person,Yong Zheng,,,,,,,,0,2
15698,Person,Na Kong,,,,,,,,0,1
15700,Person,Ping Qiu,,,,,,,,0,1
15701,Person,Juan Duan,,,,,,,,0,2
15704,Person,Olga Kalinka,,,,,,,,0,1
15706,Person,Joseph Wright,,,,,,,,0,1
15707,Person,Min Long,,,,,,,,0,2
15710,Person,Akemi Suzuki,,,,,,,,0,2
15711,Person,Kenichi Suzuki,,,,,,,,0,1
15714,Person,Yan Mo,,,,,,,,0,1
15717,Person,Xiuying Jin,,,,,, $ERPENT,,0,1
15718,Person,Jing Song,,,,,,,,0,1
15719,Person,Wei Gu,,,,,,,,0,1
15720,Person,Ming Shao,,,,,,,,0,1
15721,Person,Xiuying Qian,,,,,,,,0,2
15724,Person,Anthony Peters,,,,,,Neon Cascade,,0,1
15725,Person,Li Long,,,,,,,,0,1
15726,Person,Qiang Cao,,,,,,,,0,1
15727,Person,Joshua Harris,,,,,,,,0,1
15729,Person,Joseph Villa,,,,,,,,0,1
15730,Person,Leah Moore,,,,,,,,0,1
15731,Person,Diane Anderson,,,,,,,,0,1
15733,Person,Fang Qiu,,,,,,,,0,1
15736,Person,Nadia Mazzanti,,,,,,,,0,1
15737,Person,Gioffre Garobbio,,,,,,,,0,1
15739,Person,Chao Qin,,,,,,,,0,1
15740,Person,Ping Hu,,,,,,,,0,2
15742,Person,Brittany Oliver,,,,,,,,0,1
15743,Person,Bernardita Marisol Marqués Sosa,,,,,,,,0,1
15746,Person,Natasha Mcdaniel,,,,,,,,0,3
15747,Person,Henry Scott,,,,,,,,0,2
15749,Person,Ping Zhong,,,,,,,,0,2
15750,Person,Juan Zhang,,,,,,,,0,1
15751,Person,Yang Yu,,,,,,,,0,1
15753,Person,Wei Qiao,,,,,,,,0,1
15755,Person,Clayton Harper,,,,,,Astral Liturgy,,0,1
15756,Person,Emily Black,,,,,,,,0,2
15757,Person,Xiuying Yuan,,,,,,,,0,2
15758,Person,Li Luo,,,,,,,,0,2
15761,Person,Wei Fu,,,,,,,,0,1
15763,Person,Calvin Quinn,,,,,,,,0,1
15764,Person,Bobby Walters,,,,,,,,0,1
15765,Person,Laurie Rodriguez,,,,,,,,0,1
15767,Person,Jennifer Collins,,,,,,,,0,2
15768,Person,Christopher Davis,,,,,,,,0,3
15770,Person,Yolanda Roy,,,,,, M¥$TIC,,0,1
15773,Person,Guiying Lai,,,,,,,,0,2
15774,Person,Yan Bai,,,,,,,,0,1
15777,Person,Juan Du,,,,,,,,0,1
15778,Person,Guiying Tang,,,,,,,,0,2
15780,Person,Ming Wei,,,,,,,,0,1
15781,Person,Brandi Bates,,,,,,,,0,2
15782,Person,Yan Lei,,,,,,,,0,1
15784,Person,Carolyn Ramos,,,,,,,,0,2
15785,Person,Robert Mathis,,,,,,,,0,1
15786,Person,Geraldo Moreno-Bravo,,,,,,,,0,1
15787,Person,Tammy Camacho,,,,,,,,0,1
15788,Person,Marcia Florencia Carmona Cuéllar,,,,,,,,0,1
15790,Person,Ronald Esparza,,,,,,,,0,1
15792,Person,Yang Long,,,,,,,,0,1
15794,Person,Ming Shen,,,,,,,,0,3
15795,Person,Na Mao,,,,,,,,0,1
15796,Person,Wei Jia,,,,,,,,0,1
15798,Person,Chao Liu,,,,,,,,0,1
15800,Person,Fang Zou,,,,,,,,0,1
15801,Person,Juan Sun,,,,,,,,0,1
15802,Person,Yang Zhou,,,,,,,,0,1
15806,Person,Aleksandar Kohl,,,,,,,,0,2
15808,Person,Cathy Oconnor,,,,,,,,0,1
15809,Person,Timothy Robinson,,,,,,,,0,1
15810,Person,Isabel Wilson,,,,,,,,0,1
15811,Person,Magnus Speer,,,,,,,,0,1
15813,Person,Miss Erin Dean,,,,,, Cosmic Ray,,0,1
15814,Person,Stephanie Benjamin,,,,,,,,0,1
15815,Person,Michaela Brooks,,,,,,,,0,1
15819,Person,Jacob Hunter,,,,,,,,0,1
15821,Person,David Cannon,,,,,,,,0,1
15822,Person,Rachel Carroll,,,,,,,,0,1
15823,Person,Kayla Holmes,,,,,,,,0,1
15824,Person,Timothy Moore,,,,,,,,0,2
15827,Person,Ermanno Rosiello,,,,,,,,0,1
15828,Person,Jacob Richards,,,,,,,,0,1
15829,Person,Giorgia Norbiato,,,,,,,,0,1
15830,Person,Tara Timmermans,,,,,,,,0,1
15832,Person,Jie Guo,,,,,,,,0,1
15834,Person,Erica Chandler,,,,,,,,0,1
15835,Person,Summer Mahoney,,,,,,,,0,1
15836,Person,Sheena Lane,,,,,,,,0,1
15837,Person,Jonathan Barker,,,,,,,,0,1
15840,Person,Adrianna Kurc,,,,,,,,0,1
15842,Person,Jacob Grimes,,,,,,,,0,1
15845,Person,Qiang Chang,,,,,,,,0,1
15846,Person,Jessica Lewis,,,,,,,,0,1
15849,Person,Aaron Jones,,,,,,,,0,1
15850,Person,William Navarro,,,,,,,,0,2
15852,Person,Puccio Farnese,,,,,,,,0,1
15853,Person,Nico Casalodi,,,,,,,,0,1
15854,Person,Lucia Ceci,,,,,,,,0,1
15856,Person,Ming Zhou,,,,,,,,0,1
15858,Person,Yang Tang,,,,,, Shadow,,0,1
15859,Person,Xia Qian,,,,,,,,0,1
15860,Person,Tao Liao,,,,,,,,0,1
15861,Person,Fang Kang,,,,,,,,0,1
15862,Person,Juan Ren,,,,,,,,0,1
15863,Person,Jun Wen,,,,,,,,0,1
15864,Person,Yong Zou,,,,,,,,0,1
15865,Person,Jie Qiao,,,,,,,,0,1
15866,Person,Guiying Zhong,,,,,,,,0,1
15867,Person,Timothy Scott,,,,,,,,0,1
15868,Person,Min Jiang,,,,,,,,0,1
15869,Person,Xia Yin,,,,,,,,0,1
15870,Person,Min Xiang,,,,,,,,0,1
15871,Person,Jing He,,,,,,,,0,1
15872,Person,Na Feng,,,,,,,,0,1
15873,Person,Jing Tan,,,,,,,,0,1
15875,Person,Piermaria Bevilacqua-Altera,,,,,,,,0,1
15876,Person,Lando Bulzoni,,,,,,,,0,1
15878,Person,Ming Xie,,,,,,,,0,2
15879,Person,Wei Su,,,,,,,,0,1
15880,Person,Jun Peng,,,,,,,,0,1
15882,Person,Tao Du,,,,,,,,0,2
15883,Person,Debra Curry,,,,,,,,0,1
15884,Person,Lei Mao,,,,,,,,0,1
15887,Person,Chao Yao,,,,,,,,0,2
15888,Person,Fang Shen,,,,,,,,0,1
15891,Person,Matthew Scott,,,,,,,,0,1
15892,Person,Melissa Keller,,,,,,,,0,1
15893,Person,Christopher Flores,,,,,,,,0,1
15895,Person,Sandra Majak,,,,,,,,0,1
15897,Person,Ryan Murphy,,,,,,,,0,2
15898,Person,Ruben Green,,,,,,,,0,1
15900,Person,Chad Gonzales,,,,,,,,0,1
15901,Person,Monica Brown,,,,,,,,0,1
15902,Person,Austin Perez,,,,,,,,0,2
15904,Person,Wei Zeng,,,,,,,,0,1
15905,Person,Xiuying Meng,,,,,,,,0,2
15906,Person,Guiying Ding,,,,,,,,0,1
15907,Person,Yang Yi,,,,,,,,0,1
15908,Person,Yang Zhong,,,,,,,,0,1
15910,Person,Maks Grębowiec,,,,,,,,0,2
15912,Person,Claus-Dieter Werner-Haering,,,,,,,,0,1
15914,Person,Min Dai,,,,,,,,0,1
15915,Person,Chao Zhong,,,,,,,,0,2
15916,Person,Gang Jia,,,,,,,,0,1
15917,Person,Na Qiao,,,,,,,,0,1
15918,Person,Chao Zhang,,,,,,,,0,1
15919,Person,Na Cai,,,,,,,,0,2
15921,Person,Fang Mao,,,,,,,,0,1
15922,Person,Amy Barnes,,,,,,,,0,1
15923,Person,Ming Duan,,,,,,,,0,1
15924,Person,Xia Jin,,,,,,,,0,1
15927,Person,Nicholas Johnson,,,,,,,,0,1
15929,Person,Stefani Magrassi,,,,,,Hollow Skyline,,0,1
15930,Person,Andrea Meyer,,,,,,Neon Reverberation,,0,2
15931,Person,Alina Leblanc,,,,,,,,0,1
15932,Person,Raymond de la Lebrun,,,,,,,,0,1
15933,Person,Herr Henry Grein Groth,,,,,,,,0,1
15934,Person,Raffaele Cantimori-Nicolini,,,,,,,,0,2
15935,Person,Constance Meyer,,,,,,,,0,1
15938,Person,Yang Zou,,,,,, Lola Fox,,0,1
15939,Person,Gang Kong,,,,,, FVRE,,0,1
15940,Person,Gang Lin,,,,,,,,0,1
15941,Person,Jie Shao,,,,,,,,0,1
15942,Person,Na Peng,,,,,,,,0,1
15943,Person,Min Yu,,,,,,,,0,2
15945,Person,Tao Kang,,,,,,,,0,1
15946,Person,Yang Ye,,,,,,,,0,1
15947,Person,Wei Xiang,,,,,,,,0,1
15948,Person,Ping Chang,,,,,,,,0,1
15949,Person,Jennifer Meadows,,,,,,,,0,1
15951,Person,Min Qiu,,,,,,,,0,2
15952,Person,Qiang Cui,,,,,,,,0,1
15953,Person,Gang Yi,,,,,,,,0,1
15955,Person,Tao Xiong,,,,,,,,0,1
15956,Person,Min Xiong,,,,,,,,0,2
15958,Person,Grzegorz Rorat,,,,,,Grzegorz,,0,2
15960,Person,Paul Harrell,,,,,,,,0,1
15961,Person,Mannat Chopra,,,,,,,,0,1
15963,Person,Matthew Tran,,,,,,,,0,2
15965,Person,Qiang Wang,,,,,,,,0,2
15967,Person,Iwo Zbrzeźniak,,,,,,,,0,1
15968,Person,Patrick Geisler,,,,,,,,0,2
15972,Person,Herr Ilhan Mülichen,,,,,,,,0,1
15974,Person,Rachel Rios,,,,,,,,0,1
15975,Person,Tammie Johnson,,,,,,,,0,1
15976,Person,Xia Shen,,,,,,,,0,1
15977,Person,Gang Ding,,,,,,,,0,1
15979,Person,Jill Conley,,,,,,,,0,2
15982,Person,Angel Mccullough,,,,,,,,0,1
15985,Person,Yan Yuan,,,,,,,,0,1
15987,Person,Kaitlyn Brown,,,,,,,,0,1
15988,Person,Dustin Smith,,,,,,,,0,2
15990,Person,Debra Wolfe,,,,,,,,0,1
15992,Person,Ethan Wiley,,,,,,,,0,2
15993,Person,Sarah Anderson,,,,,,,,0,1
15996,Person,Cesar Mcpherson,,,,,,,,0,1
15997,Person,Amy Frazier,,,,,,,,0,1
15999,Person,Gang Du,,,,,,,,0,1
16000,Person,Xiulan Li,,,,,,,,0,1
16002,Person,Michael Hartman,,,,,,,,0,4
16003,Person,Steven Fox,,,,,,,,0,2
16005,Person,Ben le Gallen,,,,,,,,0,1
16006,Person,Brandon Trujillo,,,,,,,,0,1
16008,Person,Yong Cai,,,,,,Veridian,,0,2
16009,Person,Chao Xia,,,,,,,,0,1
16010,Person,Kelly Dickson,,,,,,,,0,1
16011,Person,Li Fan,,,,,,,,0,1
16012,Person,Jun Sun,,,,,,,,0,1
16013,Person,Jing Guo,,,,,,,,0,1
16015,Person,Jacob Mcmahon,,,,,,,,0,1
16018,Person,Xiulan Zhong,,,,,,,,0,1
16020,Person,Gang Liang,,,,,,Orionis,,0,1
16021,Person,Ming Liao,,,,,,,,0,1
16022,Person,Fang Wan,,,,,,,,0,1
16023,Person,Jie Tan,,,,,,,,0,1
16024,Person,Yan Ding,,,,,,,,0,1
16025,Person,Jun Su,,,,,,,,0,2
16027,Person,Jocelyn Davis,,,,,,,,0,2
16028,Person,Christopher Whitaker,,,,,,,,0,1
16029,Person,Cheryl Gibson,,,,,,,,0,1
16031,Person,Simone Säuberlich,,,,,,,,0,3
16032,Person,Gary Stephens,,,,,,,,0,2
16033,Person,Nick Kensy,,,,,,,,0,1
16037,Person,Antonia Malaparte-Leonardi,,,,,,,,0,2
16039,Person,Alejandro Baker,,,,,,,,0,1
16040,Person,Tao Gao,,,,,,,,0,2
16041,Person,Xiulan Sun,,,,,,,,0,1
16043,Person,Robin Mayer,,,,,,,,0,2
16044,Person,Kazuya Matsumoto,,,,,,,,0,1
16045,Person,Anne Frederick,,,,,,,,0,2
16046,Person,Jessica Wyatt,,,,,,,,0,1
16049,Person,Min Zhao,,,,,,,,0,2
16050,Person,Min Xia,,,,,,,,0,2
16051,Person,Fang Lai,,,,,,,,0,1
16052,Person,Ming Jiang,,,,,,,,0,3
16053,Person,Qiang Ren,,,,,,,,0,3
16055,Person,Yolanda Mendoza,,,,,,,,0,1
16056,Person,Jie Peng,,,,,,,,0,1
16058,Person,Xiulan Qin,,,,,, DA PROPHET,,0,1
16059,Person,Chao Tian,,,,,,,,0,1
16060,Person,Jing Xiao,,,,,,,,0,1
16062,Person,Juan Wan,,,,,,,,0,1
16065,Person,Juan Xiao,,,,,,,,0,1
16066,Person,Ming Sun,,,,,,,,0,1
16068,Person,Christopher Powell,,,,,,,,0,5
16069,Person,Tricia Yoder,,,,,,,,0,1
16071,Person,Jing Yao,,,,,,,,0,1
16072,Person,Steven Boyd,,,,,,,,0,1
16073,Person,Catherine Perez,,,,,,,,0,2
16074,Person,Wei Xiong,,,,,,,,0,1
16076,Person,Yang Lei,,,,,,,,0,2
16077,Person,Na Xiang,,,,,,,,0,1
16079,Person,Yong Lin,,,,,,,,0,1
16080,Person,Na Bai,,,,,,,,0,1
16081,Person,Wei Wu,,,,,,,,0,1
16083,Person,Marianna Drózd,,,,,,,,0,1
16085,Person,Micha Weinhage,,,,,,,,0,1
16087,Person,Juan Chen,,,,,,,,0,2
16088,Person,Li Fu,,,,,,,,0,2
16089,Person,Tao Yao,,,,,,,,0,1
16091,Person,Juan Liu,,,,,,,,0,2
16092,Person,Ping Lai,,,,,,,,0,1
16094,Person,Nelly Austermühle,,,,,,,,0,2
16095,Person,Franziska Lindau,,,,,,,,0,1
16097,Person,Lei Chang,,,,,,,,0,1
16098,Person,Yong Zeng,,,,,,,,0,1
16102,Person,Guiying Qiu,,,,,,,,0,2
16103,Person,Gang Shen,,,,,,,,0,1
16104,Person,Li Duan,,,,,,,,0,1
16105,Person,Fang Cui,,,,,,,,0,1
16106,Person,Jun Jiang,,,,,,,,0,1
16108,Person,Alan Bray,,,,,,,,0,2
16109,Person,Deborah Martinez,,,,,,,,0,1
16110,Person,Theodore Simmons,,,,,,,,0,1
16112,Person,Chao Peng,,,,,,,,0,1
16113,Person,Yan Xia,,,,,,,,0,1
16114,Person,Ping Yan,,,,,,,,0,1
16115,Person,Jie Xie,,,,,,,,0,2
16116,Person,Yang Wan,,,,,,,,0,2
16118,Person,Damini Wable,,,,,,,,0,1
16119,Person,Advika Tailor,,,,,,,,0,2
16121,Person,Guido Conti,,,,,,,,0,1
16124,Person,Ignatz Jüttner,,,,,,,,0,1
16125,Person,Herr Wolf-Rüdiger Werner,,,,,,,,0,2
16126,Person,Brianna Gray,,,,,,,,0,1
16128,Person,Na Song,,,,,,,,0,1
16129,Person,Manuel Wu,,,,,,,,0,2
16130,Person,Fang Du,,,,,,,,0,1
16131,Person,Yan Chen,,,,,,,,0,2
16132,Person,Wei Peng,,,,,,,,0,1
16134,Person,Tara Deshmukh,,,,,,,,0,2
16135,Person,Riya Dhingra,,,,,,,,0,1
16138,Person,Ming Deng,,,,,,,,0,1
16139,Person,Tao Xue,,,,,,,,0,1
16140,Person,Guiying Gong,,,,,,,,0,1
16142,Person,Gang Yao,,,,,,,,0,1
16143,Person,Jie Qiu,,,,,,,,0,1
16144,Person,Tao Feng,,,,,,,,0,1
16147,Person,Miki Sato,,,,,,,,0,2
16148,Person,Momoko Ito,,,,,,,,0,1
16149,Person,Kumiko Saito,,,,,,,,0,2
16150,Person,Yasuhiro Yoshida,,,,,,,,0,1
16151,Person,Naoko Yamada,,,,,,,,0,1
16154,Person,Cesar Nguyen,,,,,,,,0,1
16155,Person,Kevin Russell,,,,,,,,0,1
16156,Person,Stanley Perez,,,,,,,,0,1
16157,Person,Elizabeth Donaldson,,,,,,,,0,1
16159,Person,James Thomas,,,,,,,,0,1
16160,Person,Thomas Bradley,,,,,,,,0,2
16164,Person,Jun Yuan,,,,,,,,0,1
16165,Person,Chao Mao,,,,,,,,0,1
16167,Person,Xia Wan,,,,,,,,0,1
16168,Person,Jing Liao,,,,,,,,0,1
16169,Person,Thomas Gray,,,,,,,,0,1
16170,Person,Gang Chen,,,,,,,,0,1
16172,Person,Michael Pineda,,,,,,,,0,1
16173,Person,Gregory Romero,,,,,,,,0,1
16174,Person,James Rice,,,,,,,,0,1
16176,Person,Charles Horton,,,,,,,,0,1
16177,Person,Min Hou,,,,,,,,0,1
16178,Person,Wendy Ayala,,,,,,,,0,1
16181,Person,Yong Ding,,,,,,,,0,2
16184,Person,Xia Tao,,,,,,,,0,2
16186,Person,Fang Jin,,,,,, Lennox,,0,2
16187,Person,Li Hu,,,,,,,,0,1
16188,Person,Yang Ding,,,,,,,,0,1
16190,Person,Austin Martin,,,,,,,,0,1
16191,Person,Samantha Hughes,,,,,,,,0,1
16193,Person,Wei Yao,,,,,,XANOVA,,0,1
16194,Person,Jie Long,,,,,,,,0,2
16195,Person,Min Guo,,,,,,,,0,1
16196,Person,Jie Dong,,,,,,,,0,1
16197,Person,Juan Xiang,,,,,,,,0,1
16198,Person,Juan Cao,,,,,,,,0,1
16199,Person,Yong Qiao,,,,,,,,0,1
16201,Person,Jun Zeng,,,,,,,,0,1
16203,Person,Sebastian Vega Saldaña,,,,,,,,0,1
16204,Person,Ricarda Nélida Palmer Serra,,,,,,,,0,2
16206,Person,Pedro Mitschke,,,,,,,,0,2
16207,Person,Natalija Täsche,,,,,,,,0,1
16208,Person,Marcella Dobes,,,,,,,,0,1
16213,Person,Kevin Parker,,,,,,,,0,2
16214,Person,John Schmitt,,,,,,,,0,1
16216,Person,William Garner,,,,,,,,0,1
16218,Person,Tao Qiao,,,,,,,,0,1
16219,Person,Xiulan Liu,,,,,,,,0,2
16220,Person,Juan Kang,,,,,,,,0,1
16221,Person,Xiulan Wei,,,,,,,,0,1
16222,Person,Min Pan,,,,,,,,0,1
16224,Person,Thomas Carson,,,,,,,,0,2
16226,Person,Luce Loiseau,,,,,,,,0,2
16227,Person,Christophe-Émile Grégoire,,,,,,,,0,1
16228,Person,Arnaude Poirier,,,,,,,,0,1
16229,Person,Georges Chrétien,,,,,,,,0,1
16231,Person,Dale Bell,,,,,,,,0,1
16232,Person,Raymond Gates,,,,,,,,0,1
16234,Person,Patrick Grein Groth,,,,,,,,0,1
16235,Person,Jeffrey Roman,,,,,,,,0,2
16236,Person,Herr Arno Ebert,,,,,,,,0,1
16237,Person,Veronika Haering,,,,,,,,0,1
16238,Person,Marlene Scholtz,,,,,,,,0,1
16239,Person,Willibert Ebert,,,,,,,,0,1
16241,Person,Natalie Wood,,,,,,,,0,1
16242,Person,Natalie Hernandez,,,,,,,,0,1
16243,Person,Angela Black,,,,,,,,0,2
16245,Person,Kenneth Robinson,,,,,,,,0,1
16246,Person,Katie Richards,,,,,,,,0,1
16247,Person,Daniel Williams,,,,,,,,0,2
16250,Person,Juan Wen,,,,,,,,0,1
16251,Person,Lisa Mccoy,,,,,,,,0,1
16254,Person,Michał Flasza,,,,,,,,0,2
16257,Person,Wei Gu,,,,,,,,0,1
16258,Person,Yong Zhang,,,,,,,,0,1
16260,Person,Xia Feng,,,,,,,,0,1
16261,Person,Damon Stewart,,,,,,,,0,1
16263,Person,Rhonda Knox,,,,,,,,0,1
16265,Person,Ming Wang,,,,,, Sky,,0,2
16266,Person,Ming Xiang,,,,,,,,0,1
16267,Person,Tao Zhang,,,,,,,,0,1
16268,Person,Wei Chen,,,,,,,,0,1
16271,Person,Justin Carroll,,,,,,,,0,1
16272,Person,Drew Green,,,,,,,,0,1
16273,Person,Curtis Cooper,,,,,,,,0,1
16277,Person,Lei Wei,,,,,,,,0,1
16278,Person,Chao Zhou,,,,,,,,0,2
16280,Person,Yong Tang,,,,,,,,0,1
16281,Person,Jie Xu,,,,,,,,0,1
16283,Person,Zara Kibe,,,,,,,,0,1
16284,Person,Joséphine Rodrigues,,,,,,,,0,1
16285,Person,Timothée Charles,,,,,,,,0,1
16286,Person,Divij Dora,,,,,,,,0,1
16288,Person,Na Xiang,,,,,,,,0,1
16291,Person,Paloma Fogazzaro,,,,,,,,0,1
16293,Person,Juan Yuan,,,,,,,,0,1
16294,Person,Min Yi,,,,,,,,0,1
16299,Person,Phillip Brooks,,,,,,,,0,3
16301,Person,Jeremi Piórek,,,,,,,,0,1
16302,Person,Jeremi Głuszko,,,,,,,,0,2
16303,Person,Cyprian Perczak,,,,,,,,0,1
16306,Person,Jun Shao,,,,,,,,0,1
16307,Person,Xiulan Hou,,,,,,,,0,1
16308,Person,Ping Hou,,,,,,,,0,2
16310,Person,Lei Meng,,,,,,,,0,1
16311,Person,Fang Wang,,,,,,,,0,2
16314,Person,Gang Tang,,,,,,,,0,1
16315,Person,Ronnie Watkins,,,,,,,,0,1
16316,Person,Gang Zou,,,,,,,,0,1
16318,Person,Matthew Price,,,,,,,,0,1
16320,Person,Debra Richards,,,,,,,,0,2
16321,Person,Lisa Frost,,,,,,,,0,2
16322,Person,Bryce Webb,,,,,,,,0,1
16324,Person,Farhan Bava,,,,,,,,0,1
16325,Person,Alberto Durante-Depero,,,,,,,,0,1
16326,Person,Eva Morosini-Procacci,,,,,,,,0,1
16329,Person,Thomas Meyer,,,,,,,,0,1
16330,Person,Jing Hao,,,,,,,,0,2
16331,Person,Chao Yang,,,,,,,,0,1
16332,Person,Li Jia,,,,,,,,0,1
16334,Person,Robert Nelson,,,,,,,,0,1
16337,Person,Xia Zhang,,,,,,,,0,1
16338,Person,Meghan Cortez,,,,,,,,0,1
16340,Person,Brian Mitchell,,,,,,,,0,1
16341,Person,Eugene Powell,,,,,,,,0,1
16342,Person,Jessica Lewis,,,,,,,,0,2
16344,Person,Michael Smith,,,,,,,,0,2
16345,Person,Jordan Hopkins,,,,,,,,0,1
16346,Person,Tiffany Wong,,,,,,,,0,1
16350,Person,Jun Shen,,,,,,,,0,1
16351,Person,Xiuying Zhu,,,,,,,,0,2
16353,Person,Amanda Mcdonald,,,,,,,,0,1
16355,Person,Robert King,,,,,,,,0,1
16357,Person,Li Bai,,,,,,,,0,1
16358,Person,Fang Luo,,,,,,,,0,2
16359,Person,Richard Rodriguez,,,,,,,,0,2
16361,Person,Juan Hou,,,,,,,,0,2
16362,Person,Jun Du,,,,,,,,0,1
16364,Person,Brandi Sutton,,,,,,,,0,1
16368,Person,Lisa Henderson,,,,,,,,0,1
16369,Person,Jonathan Hunter,,,,,,,,0,2
16374,Person,Shanaya Dave,,,,,, Lena Rose,,0,1
16375,Person,Tarini Bora,,,,,,Xylo,,0,1
16376,Person,Gatik Thaker,,,,,,,,0,1
16377,Person,Gatik Gandhi,,,,,,,,0,1
16378,Person,Indrajit Halder,,,,,,,,0,1
16379,Person,Jayan Chawla,,,,,,,,0,1
16382,Person,Amber Park,,,,,,,,0,2
16383,Person,Sarah Sims,,,,,,,,0,1
16384,Person,John Watts,,,,,,,,0,1
16386,Person,Ping Gong,,,,,,,,0,2
16387,Person,Ming Lin,,,,,,,,0,1
16388,Person,Chao Zhu,,,,,,,,0,1
16390,Person,Joseph Long,,,,,,,,0,1
16391,Person,Anaya Butala,,,,,,,,0,2
16393,Person,Patrick Williams,,,,,,,,0,1
16394,Person,Kimberly Campbell,,,,,,,,0,1
16395,Person,Mitchell Sharp,,,,,,,,0,1
16398,Person,Karl Bruder,,,,,,,,0,1
16399,Person,Hilmar Budig-Seip,,,,,,,,0,2
16401,Person,Steven Goodman,,,,,,,,0,1
16403,Person,Juan Fang,,,,,,,,0,2
16406,Person,Elba Zaragoza-Doménech,,,,,,,,0,2
16407,Person,Kristina Taylor,,,,,,,,0,1
16408,Person,Octavia Gilabert León,,,,,,,,0,1
16410,Person,Kyle Reynolds,,,,,,,,0,1
16411,Person,Nicholas Patel,,,,,,,,0,2
16412,Person,Kendra Walsh,,,,,,,,0,1
16414,Person,Min Liang,,,,,,,,0,2
16415,Person,Jun Tan,,,,,,,,0,1
16416,Person,Joel Collins,,,,,,,,0,1
16417,Person,Jing Su,,,,,,,,0,1
16419,Person,Pari Sharaf,,,,,,,,0,2
16420,Person,Kimaya Chaudhuri,,,,,,,,0,1
16422,Person,Alfredo Roth,,,,,,,,0,1
16423,Person,Dionigi Granatelli,,,,,,,,0,1
16425,Person,Ibán Salazar,,,,,,,,0,1
16426,Person,Aroa Coca,,,,,,,,0,1
16427,Person,Fito Pacheco León,,,,,,,,0,2
16428,Person,Severo Gimenez Ródenas,,,,,,,,0,1
16430,Person,Michael Hayes,,,,,,,,0,1
16431,Person,Teresa Nelson,,,,,,,,0,2
16434,Person,Iwo Olbrych,,,,,,,,0,1
16435,Person,Klara Betlej,,,,,,,,0,1
16436,Person,Jeremi Kwarciak,,,,,,,,0,1
16438,Person,Jun Peng,,,,,,,,0,2
16439,Person,Na Kong,,,,,,,,0,1
16442,Person,Jonathan Hayes,,,,,, K!NG,,0,2
16443,Person,Terri Cortez,,,,,,,,0,1
16444,Person,Amanda Smith,,,,,,,,0,1
16446,Person,Gang Bai,,,,,,,,0,2
16447,Person,Xiulan Zhu,,,,,,,,0,1
16448,Person,Qiang Ren,,,,,,,,0,1
16450,Person,Andrea Duncan,,,,,,,,0,1
16451,Person,Suzanne Bonilla,,,,,,,,0,2
16453,Person,Laura Carson,,,,,,,,0,1
16455,Person,Chelsea Mclean,,,,,,,,0,1
16456,Person,Chloe Little,,,,,,,,0,2
16459,Person,Alexis Hart,,,,,, Lexi Hart,,0,1
16460,Person,Yan Xiong,,,,,,,,0,1
16461,Person,Yong Xia,,,,,,,,0,2
16463,Person,Chao Wan,,,,,,The Lost Vanguard,,0,2
16464,Person,Monica Hunt,,,,,,,,0,1
16465,Person,Yan Kong,,,,,,,,0,1
16467,Person,Chao Fan,,,,,,,,0,1
16468,Person,Na Fu,,,,,,,,0,1
16469,Person,Chao Wang,,,,,,,,0,1
16472,Person,Gang Ye,,,,,,,,0,2
16474,Person,Yong Gu,,,,,,,,0,1
16475,Person,Lei Qin,,,,,,,,0,1
16476,Person,Li Lai,,,,,,,,0,2
16477,Person,Ping Zhou,,,,,,,,0,1
16479,Person,Monica Franco,,,,,,,,0,2
16480,Person,Matthew Moss,,,,,,,,0,1
16481,Person,Eric Reyes,,,,,,,,0,1
16482,Person,Sharon Gallegos,,,,,,,,0,1
16486,Person,Temistocle Vivaldi-Amato,,,,,,,,0,2
16488,Person,Leonie Kabus,,,,,,,,0,1
16489,Person,Jacqueline Hörle,,,,,,,,0,1
16490,Person,Herr Alexander Eckbauer,,,,,,,,0,1
16492,Person,Laura Hernandez,,,,,,,,0,1
16493,Person,Zachary Stanley,,,,,,,,0,1
16497,Person,Ritvik Venkatesh,,,,,, Salem,,0,1
16498,Person,Rhea Dhar,,,,,,,,0,1
16499,Person,Parinaaz Krishnamurthy,,,,,,,,0,1
16502,Person,Guiying Kong,,,,,,Blue Ashes,,0,1
16503,Person,Jing Zhang,,,,,,,,0,1
16504,Person,Xiuying Guo,,,,,,,,0,1
16506,Person,Fang Xu,,,,,,,,0,1
16509,Person,Randy Stewart,,,,,,,,0,2
16511,Person,Wei Zhong,,,,,,,,0,1
16515,Person,Jun Yin,,,,,,,,0,1
16516,Person,Ryan Rodriguez,,,,,,,,0,1
16518,Person,Alexandra Taylor,,,,,,,,0,1
16520,Person,Emily Hudson,,,,,,,,0,2
16521,Person,Tara Rivera,,,,,,,,0,1
16523,Person,Jing He,,,,,,,,0,1
16525,Person,Lei Wan,,,,,,,,0,1
16526,Person,Jun Han,,,,,,,,0,1
16527,Person,Yesenia Miller,,,,,,,,0,2
16531,Person,Qiang Xia,,,,,,,,0,1
16532,Person,Fang Qiao,,,,,,,,0,1
16533,Person,Alexandra Mcdaniel,,,,,,,,0,2
16536,Person,Jie Xu,,,,,,,,0,1
16537,Person,Xia Pan,,,,,,,,0,1
16538,Person,Ming Cheng,,,,,,,,0,2
16539,Person,Yang Yan,,,,,,,,0,1
16540,Person,Jing Bai,,,,,,,,0,1
16542,Person,Michael Moreno,,,,,,,,0,2
16544,Person,Henri Da Costa,,,,,, Carbon Grace,,0,2
16545,Person,Chantal-Geneviève Fournier,,,,,,,,0,1
16546,Person,Capucine Martin,,,,,,,,0,2
16548,Person,Min Zhang,,,,,,,,0,2
16549,Person,Fang Liang,,,,,,,,0,1
16550,Person,Xiulan Hou,,,,,,,,0,1
16553,Person,Juliusz Cierpisz,,,,,,,,0,1
16554,Person,Jacek Kazimierczuk,,,,,,,,0,1
16556,Person,Brian Oneal,,,,,,C4$H LEGION,,0,1
16557,Person,Catherine Roberts,,,,,,,,0,2
16558,Person,Michael Martin,,,,,,,,0,1
16559,Person,Jacqueline Miller,,,,,,,,0,2
16561,Person,Christopher Humphrey,,,,,,,,0,1
16562,Person,Wesley Cain,,,,,,,,0,1
16563,Person,Kenneth Maldonado,,,,,,,,0,1
16565,Person,Kimberly House,,,,,,,,0,1
16566,Person,Li He,,,,,,,,0,1
16567,Person,Jun Lu,,,,,,,,0,1
16568,Person,Jing Gao,,,,,,,,0,1
16569,Person,Yan Li,,,,,,,,0,1
16571,Person,Rhonda Miller,,,,,,,,0,1
16573,Person,Fang Zhou,,,,,,,,0,2
16574,Person,Xiuying Xue,,,,,,,,0,1
16575,Person,Jun Zhong,,,,,,,,0,1
16578,Person,Gang Bai,,,,,,,,0,2
16579,Person,John May,,,,,,,,0,1
16581,Person,Yong Xiang,,,,,,,,0,1
16583,Person,Li Zeng,,,,,,,,0,1
16587,Person,Yang Luo,,,,,,,,0,2
16588,Person,Yan Zeng,,,,,,,,0,1
16591,Person,Yan Zou,,,,,,,,0,1
16592,Person,Xiuying Xu,,,,,,,,0,1
16593,Person,Xiuying Xia,,,,,,,,0,1
16594,Person,Tao Ren,,,,,,,,0,1
16595,Person,Chao Zhao,,,,,,,,0,2
16596,Person,Xiuying Zeng,,,,,,,,0,1
16598,Person,Guiying Meng,,,,,, Mia Stone,,0,1
16599,Person,Juan Fang,,,,,,Atlas & The Echoes,,0,1
16600,Person,Yan Su,,,,,,,,0,1
16601,Person,Ebony Acevedo,,,,,,,,0,1
16602,Person,Elizabeth Spence,,,,,,,,0,1
16604,Person,Kelly Briggs,,,,,,,,0,1
16606,Person,Matthew James,,,,,,,,0,2
16608,Person,Yang Yin,,,,,,,,0,1
16609,Person,Yang Chang,,,,,,,,0,1
16610,Person,Yang Hao,,,,,,,,0,1
16611,Person,Juan Shi,,,,,,,,0,1
16613,Person,Brianna Norris,,,,,,,,0,2
16619,Person,Xiuying Sun,,,,,,,,0,1
16622,Person,William Blair,,,,,,,,0,1
16623,Person,Patrick Walsh,,,,,,,,0,2
16625,Person,Gina Lehmann-Süßebier,,,,,,Lorien,,0,1
16627,Person,Xiuying Duan,,,,,,,,0,1
16628,Person,Qiang Ding,,,,,,,,0,1
16629,Person,Qiang Ye,,,,,,,,0,1
16630,Person,Lei Zou,,,,,,,,0,2
16633,Person,Guiying Jin,,,,,,,,0,1
16634,Person,Ming Xu,,,,,,,,0,1
16636,Person,Hansh Dyal,,,,,,,,0,1
16637,Person,Nishith Sachar,,,,,,,,0,1
16639,Person,Recep Schüler,,,,,,,,0,1
16640,Person,Rosa-Maria Beyer,,,,,,,,0,2
16642,Person,Alexis Hawkins,,,,,,,,0,1
16643,Person,Katrina Maynard,,,,,,,,0,1
16644,Person,Samantha Andrews,,,,,,,,0,2
16645,Person,Samantha Dawson,,,,,,,,0,1
16647,Person,Breanna Neal,,,,,,,,0,2
16648,Person,Haley Williams,,,,,,,,0,1
16649,Person,Jamie Davis,,,,,,,,0,2
16650,Person,Wei Zhang,,,,,,,,0,1
16651,Person,Min Zhong,,,,,,,,0,2
16654,Person,Guiying Lu,,,,,,,,0,1
16655,Person,Nicole Anderson,,,,,,,,0,1
16656,Person,Joshua Holmes,,,,,,,,0,2
16657,Person,Ping Cai,,,,,,,,0,1
16660,Person,Jacques Imbert de la Munoz,,,,,,T3K THA GOD,,0,1
16661,Person,Anouk Carre,,,,,,,,0,1
16662,Person,Alex Leblanc,,,,,,,,0,1
16663,Person,Madeleine Raymond,,,,,,,,0,2
16666,Person,Megan Bridges,,,,,,,,0,2
16667,Person,Caleb Ross,,,,,,,,0,1
16671,Person,Min Kong,,,,,,,,0,1
16673,Person,Radomír Hruška,,,,,,,,0,1
16674,Person,Miloš Horváth,,,,,,,,0,1
16675,Person,Leonard Schwital,,,,,,,,0,1
16676,Person,Vlastimil Pokorný,,,,,,,,0,1
16677,Person,Jaroslava Hrubá,,,,,,,,0,1
16678,Person,Jindřich Zeman,,,,,,,,0,2
16680,Person,Wei Mao,,,,,,,,0,1
16681,Person,Fang Yuan,,,,,,,,0,1
16682,Person,Na Lei,,,,,,,,0,2
16683,Person,Xiuying Wu,,,,,,,,0,1
16684,Person,Juan Lei,,,,,,,,0,1
16685,Person,Fang Mao,,,,,,,,0,1
16687,Person,Ping Mo,,,,,,,,0,1
16688,Person,Robin Miller,,,,,,,,0,1
16689,Person,Lei Zhu,,,,,,,,0,1
16691,Person,Xiuying Meng,,,,,,,,0,1
16692,Person,Lei Lin,,,,,,,,0,1
16693,Person,Yan Zhu,,,,,,,,0,1
16694,Person,Yong Cao,,,,,,,,0,1
16696,Person,Lei Lu,,,,,,,,0,1
16698,Person,Lei Yao,,,,,,,,0,1
16700,Person,Jing Wu,,,,,,,,0,2
16701,Person,Gang Duan,,,,,,,,0,1
16703,Person,Stacy Hudson,,,,,,,,0,2
16704,Person,Steven Carter,,,,,,,,0,1
16706,Person,Carlos Franco,,,,,,,,0,2
16708,Person,Marcus Berry,,,,,,,,0,2
16709,Person,Li Gu,,,,,,,,0,1
16711,Person,Xiuying Ren,,,,,,,,0,1
16712,Person,Chao Liang,,,,,,,,0,1
16713,Person,Yang Mao,,,,,,,,0,1
16717,Person,Vincent Berg,,,,,,,,0,1
16718,Person,Kim Craig,,,,,,,,0,2
16721,Person,Andrea Hamilton,,,,,,,,0,2
16722,Person,Sandra Hunter,,,,,,,,0,1
16723,Person,Alexis Griffith,,,,,,,,0,1
16725,Person,Russell Blake,,,,,,,,0,1
16726,Person,Christopher Martinez,,,,,,,,0,1
16730,Person,Na Guo,,,,,, Jenna Sky,,0,1
16731,Person,Guiying Dong,,,,,,,,0,1
16732,Person,Na Peng,,,,,,,,0,1
16733,Person,Na Jiang,,,,,,,,0,1
16735,Person,Jun Bai,,,,,,,,0,1
16737,Person,Yong Lin,,,,,,,,0,1
16738,Person,Robin Harris,,,,,,,,0,2
16740,Person,Shelia Miller,,,,,,Spectral Harvest,,0,1
16742,Person,Edward Ellis,,,,,,,,0,1
16743,Person,Holly Lucero,,,,,,,,0,1
16940,Person,Luna Skye,,,,,,,,0,3
16941,Person,Max Wilder,,,,,,,,0,3
16942,Person,Nova Blaze,,,,,,,,0,3
16948,Person,Aria Stone,,,,,,Rune Aurora,,0,3
16949,Person,Jaxon Rivers,,,,,,Zephyr Wilds,,0,3
16950,Person,Lila Green,,,,,,,,0,3
16951,Person,Theo Gray,,,,,,,,0,3
16958,Person,Zane Cruz,,,,,,,,0,3
16959,Person,Iris Moon,,,,,,,,0,3
16966,Person,Solace Vesper,,,,,,River Vale,,1,7
16971,Person,Jasper Quinn,,,,,,,,1,9
16977,Person,Mira Everly,,,,,,Ivy Lux,,1,9
16983,Person,Sophie Bennett,,,,,,Luna Vibe,,0,3
16984,Person,Michael Harris,,,,,,Axel Blaze,,0,3
16985,Person,Kara Lee,,,,,,Jade Sky,,0,3
16986,Person,Ethan Clarke,,,,,,Maverick Storm,,0,3
16993,Person,Olivia Carter,,,,,,Echo Wilde,,0,4
16994,Person,Lucas Bennett,,,,,,,,0,4
16995,Person,Maya Torres,,,,,,Selene Noir,,0,4
17004,Person,Willow Sage,,,,,,Horizon Fable,,1,12
17012,Person,Sienna Fox,,,,,,,,1,10
17020,Person,Zara Quinn,,,,,,,,0,3
17021,Person,Milo Knight,,,,,,,,0,3
17030,Person,Eliza Brooks,,,,,,Midnight Atlas,,0,4
17031,Person,Jasper Reed,,,,,,,,0,4
17041,Person,Arlo Sterling,,,,,,,,0,4
17042,Person,Lyra Blaze,,,,,,,,0,4
17043,Person,Orion Cruz,,,,,,,,0,4
17044,Person,Elara May,,,,,,,,0,4
17045,Person,Cassian Rae,,,,,,,,0,4
17054,Person,Jax Holloway,,,,,,,,0,3
17055,Person,Riley Vex,,,,,,,,0,3
17056,Person,Ash Mercer,,,,,,,,0,3
17061,Person,Juno Ray,,,,,,,,0,3
17062,Person,Savannah Teal,,,,,,,,0,3
17069,Person,Quinn Rivers,,,,,,,,0,3
17070,Person,Ryder Lyons,,,,,,,,0,3
17077,Person,Ashen Valor,,,,,,Lena Nightingale,,1,8
17083,Person,Sylas Dune,,,,,,,,1,7
17089,Person,Clara Henderson,,,,,,,,0,3
17090,Person,Ethan Crowley,,,,,,,,0,3
17097,Person,Cole Pierce,,,,,,,,0,3
17098,Person,Holden Rhys,,,,,,,,0,3
17099,Person,Max Everhart,,,,,,,,0,3
17107,Person,Chloe Montgomery,,,,,,Lane Taylor,,0,1
17108,Person,Nathaniel Brooks,,,,,,David Cole,,0,1
17109,Person,Clara Davis,,,,,,Rosemary Banks,,0,1
17118,Person,Zachary Cole,,,,,,,,0,2
17119,Person,Lia Grant,,,,,,,,0,2
17126,Person,Cassian Storm,,,,,,Seraphina Vale,,1,13
17135,Person,Benjamin Clark,,,,,,Ben Ryder,,0,4
17136,Person,Sophia Brooks,,,,,,Kaelan Frost,,0,4
17137,Person,Maximus Grey,,,,,,,,0,4
17146,Person,Julia Carter,,,,,,Jude Rivers,,1,12
17155,Person,Claire Holmes,,,,,,Jaye Finch,,1,13
17164,Person,Rusty Riggins,,,,,,,,0,7
17165,Person,Finn McGraw,,,,,,,,0,6
17166,Person,William Tidewell,,,,,,,,0,6
17189,Person,Ewan MacCrae,,,,,,,,0,6
17190,Person,Astrid Nørgaard,,,,,,,,0,5
17191,Person,Freya Lindholm,,,,,,,,0,6
17205,Person,Liam O'Sullivan,,,,,,,,0,6
17206,Person,Fiona Mercer,,,,,,,,0,6
17226,Person,Kai Reynolds,,,,,,,,0,4
17227,Person,Aiden Harper,,,,,,,,0,3
17228,Person,Finn Morgan,,,,,,,,0,3
17229,Person,Skylar Brooks,,,,,,,,0,3
17235,Person,Genevieve Bell,,,,,,Lux Ravenna,,1,8
17240,Person,Leo Hamilton,,,,,,,,0,3
17241,Person,Noah Bennett,,,,,,,,0,3
17242,Person,Ella Parker,,,,,,,,0,4
17248,Person,Mia Waters,,,,,,,,0,3
17249,Person,Lila Rivers,,,,,,,,0,3
17255,Person,Sailor Shift,,,,,,,,8,52
17256,Person,Maya Jensen,,,,,,,,0,6
17257,Person,"Lila ""Lilly"" Hartman",,,,,,,,0,4
17258,Person,Jade Thompson,,,,,,,,0,4
17259,Person,Sophie Ramirez,,,,,,,,0,6
17295,Person,Silas Finch,,,,,,,,0,5
17296,Person,Coralia Bellweather,,,,,,,,0,6
17297,Person,Barnaby Quill,,,,,,,,0,5
17298,Person,Marina Grey,,,,,,,,0,5
17309,Person,Levi Holloway,,,,,,,,0,5
17310,Person,Marin Thorne,,,,,,,,0,5
17311,Person,Jonah Calloway,,,,,,,,0,5
17312,Person,Eleanor Wren,,,,,,,,0,4
17313,Person,Caleb Foster,,,,,,,,0,4
17323,Person,Orin Caldwell,,,,,,,,0,5
17324,Person,Selena Marrow,,,,,,,,0,5
17325,Person,Thorne Rivenhall,,,,,,,,0,5
17326,Person,Jonas Fenwick,,,,,,,,0,5
17340,Person,Orla Seabloom,,,,,,,,1,12
17349,Person,Beatrice Albright,,,,,,Bea Azure,,1,14
17355,Person,Daniel O'Connell,,,,,,Kael Storm,,1,14
17395,Person,B.D. Wolf,,,,,,,,0,1
17396,Person,Bronze Tiger,,,,,,,,0,1
17397,Person,The Lunar Manifesto,,,,,,,,0,1
17398,Person,Eon,,,,,,,,0,1
17399,Person,Echelon,,,,,,,,0,1
17400,Person,PRVISE,,,,,,,,0,1
17401,Person,DRIP$ETTA,,,,,,,,0,1
17402,Person,N.V. Blake,,,,,,,,0,2
17403,Person,Omnira,,,,,,,,0,1
17404,Person,The Hollow Vestige,,,,,,,,0,1
17405,Person,Isa Carmichael,,,,,,,,0,1
17406,Person,Ivy Steele,,,,,,,,0,3
17407,Person,Nate Wild,,,,,,,,0,3
17408,Person,Scarlett Moon,,,,,,,,0,3
17409,Person,Isla Quinn,,,,,,,,0,1
