id,Node Type,name,single,release_date,genre,notable,written_date,stage_name,notoriety_date
0,Song,Breaking These Chains,True,2017,Oceanus Folk,True,,,
5,Song,Unshackled Heart,False,2026,Lo-Fi Electronica,True,,,
10,Song,No Limits Left,True,2020,Indie Folk,True,2020,,
15,Song,Sovereign Soul,True,2027,Darkwave,False,,,
26,Song,"Clean Lungs, Clear Mind",False,2022,Speed Metal,True,,,
39,Song,Healthier Than Yesterday,True,2010,Indie Folk,True,,,
42,Song,Midnight Clarity,True,2020,Synthwave,True,,,
48,Song,Arcane Whispers,False,2017,Indie Folk,True,,,
54,Song,Starlight's Sorcerer,True,2003,Alternative Rock,True,2003,,
60,Song,Runes and Riddles,True,2023,Americana,True,,,
81,Song,Elektronische Schritte Mit Italienern,True,1997,Indie Pop,True,,,
86,Song,Retro-Rhythmen Der 80er,True,2013,Americana,True,2013,,
92,Song,Synth-Pop Tanz Explosion,True,2023,Americana,True,,,2023
102,Song,Neon Nacht Bewegung,True,2000,Doom Metal,True,2000,,
106,Song,Borderless Horizons,True,2020,Blues Rock,True,,,
112,Song,Cartographic Dreams,True,2007,Lo-Fi Electronica,True,,,
121,Song,Invisible Lines,True,2025,Indie Folk,True,2025,,
128,Song,Sovereign Echoes,True,2026,Indie Rock,True,2026,,
139,Song,Whispers from the Rocking Chair,True,2023,Speed Metal,True,,,2023
144,Song,Echoes of Forgotten Memories,True,2020,Indie Folk,True,,,
148,Song,Grandfather's Faded Photographs,True,2010,Speed Metal,True,2010,,
176,Song,Faded Ribbons and Childhood Dreams,True,2023,Darkwave,True,,,
182,Song,The Last Bloom of Innocence,True,2013,Synthpop,True,2013,,
187,Song,Echoes of a Springtime Past,True,2020,Indie Folk,True,,,
192,Song,Bright Horizon,True,2013,Americana,True,,,
196,Song,Radiant Dreams,True,2017,Indie Folk,True,,,
200,Song,Light My Way,True,2017,Indie Folk,True,,,
210,Song,Luminous Path,True,2029,Darkwave,True,,,2029
216,Song,Spurs and Wedding Rings,True,2029,Alternative Rock,True,,,
219,Song,"Lasso My Heart, Cowboy",True,1997,Dream Pop,True,,,
225,Song,Rodeo Romance,True,2013,Doom Metal,True,,,
233,Song,"Boots, Dust, and True Love",True,2013,Doom Metal,False,,,
249,Song,Sunbeams of Joy Cascading,True,2010,Emo/Pop Punk,True,,,
258,Song,When Happiness Breaks Through,True,2029,Dream Pop,True,2029,,
272,Song,Undying Affection,True,2017,Desert Rock,True,2017,,
283,Song,Unbreakable Bond,True,2029,Dream Pop,True,,,2029
292,Song,Eternal Flame,True,2016,Dream Pop,True,2016,,
298,Song,Roots and Horizons,True,2013,Indie Folk,True,,,
308,Song,Heartland Anthem,True,2014,Dream Pop,True,2014,,
321,Song,Soil of My Soul,False,2025,Space Rock,True,2019,,
329,Song,Decade's Melody of Memories,True,2025,Blues Rock,True,,,
349,Song,Rhythms of a Lingering Love,True,2028,Americana,True,2028,,
358,Song,Endless Horizon,False,2027,Post-Apocalyptic Folk,True,,,2027
365,Song,Footprints Beyond Tomorrow,True,2021,Indie Rock,True,2021,,
371,Song,Wandering Without End,True,2017,Synthwave,True,,,
376,Song,Infinite Pathway,False,2030,Dream Pop,True,,,
382,Song,Last Call at the Goodbye Cafe,True,2027,Dream Pop,True,2027,,
391,Song,Espresso Farewell,True,2030,Dream Pop,True,,,
395,Song,Broken Mugs and Memories,True,2022,Post-Apocalyptic Folk,True,,,
402,Song,The Final Brew,True,2011,Synthwave,True,,,
407,Song,Scorched Lineage,True,2017,Doom Metal,True,2017,,
413,Song,Embers of Inheritance,True,2013,Indie Pop,True,2013,,
419,Song,Crimson Birthright,True,1994,Doom Metal,True,,,
423,Song,Flames of Descent,True,2000,Southern Gothic Rock,True,,,
438,Song,Parisian Shadows on the Hill,True,2010,Dream Pop,True,,,2010
449,Song,Dancing Stones of Memory,True,2004,Southern Gothic Rock,True,,,
454,Song,Celestial Blueprints,True,1998,Synthwave,True,1998,,
461,Song,Hands That Weave Existence,True,2027,Americana,True,,,
467,Song,Divine Architecture,True,2020,Post-Apocalyptic Folk,True,,,
478,Song,Whispers of Green Hope,True,2018,Speed Metal,True,,,
485,Song,Resilience in Renewal,True,1998,Southern Gothic Rock,True,,,
491,Song,After the Frost Surrenders,True,2029,Dream Pop,True,2029,,
497,Song,Rollin' Through the Groove,True,2000,Indie Folk,True,,,
504,Song,Never Stop the Boogie,True,2028,Dream Pop,True,2028,,
516,Song,Choogle On Down the Road (First Draft),True,2023,Doom Metal,True,2023,,
520,Song,Beta Version,True,1991,Synthwave,True,,,
525,Song,Experimental Model,True,2007,Doom Metal,True,2007,,
543,Song,Lonesome Till Dawn,True,2020,Doom Metal,True,,,
550,Song,Sleepless Without You,True,1999,Southern Gothic Rock,True,,,
553,Song,Midnight's Restless Echo,True,2013,Oceanus Folk,True,,,
558,Song,Insomnia's Lonely Whisper,True,2027,Alternative Rock,True,,,
563,Song,Destination You,True,2026,Synthwave,True,2026,,
569,Song,Wanderlust and Desire,True,2025,Dream Pop,True,2022,,
581,Song,Travel Plans (With You),True,1997,Dream Pop,True,,,
585,Song,Temporal Whispers,True,2024,Post-Apocalyptic Folk,True,,,
590,Song,Clockwork Memories,False,2029,Dream Pop,True,2029,,
600,Song,Silent Chronology,True,2028,Dream Pop,True,2028,,
611,Song,Steep and Ancestral,False,2014,Indie Folk,True,2014,,
621,Song,Leaves of Legacy,True,2023,Doom Metal,False,,,
625,Song,Ceramic Memories,True,2023,Indie Folk,True,,,
632,Song,Brewing Heritage,True,2012,Alternative Rock,True,,,
673,Song,Paternal Echoes,True,2023,Doom Metal,True,,,
695,Song,Roots and Rhythms,True,2012,Avant-Garde Folk,True,,,2012
699,Song,Horizon's Whisper,True,2023,Dream Pop,True,,,
705,Song,Midnight Visions,False,2020,Alternative Rock,True,2020,,
720,Song,Ethereal Wanderer,True,2023,Oceanus Folk,True,,,2023
731,Song,Don't Hold Me Down,True,1997,Lo-Fi Electronica,True,,,1997
746,Song,"Let Me Go, Let Me Rise",True,2027,Oceanus Folk,True,,,
750,Song,Sands of Her Inheritance,False,2028,Alternative Rock,True,,,
757,Song,Mirage of Memories,True,2023,Oceanus Folk,True,,,
764,Song,Windswept Bloodline,True,2021,Dream Pop,True,2021,,
766,Song,Daughters of the Scorched Earth,True,2017,Psychedelic Rock,True,2017,,
773,Song,Whispers in Mother's Arms,True,2022,Indie Folk,True,2022,,
781,Song,Lullaby of Gentle Hands,True,2025,Alternative Rock,True,,,
787,Song,Soft Echoes of Comfort,True,2028,Psychedelic Rock,True,2028,,
799,Song,Sanctuary of Maternal Warmth,True,2024,Space Rock,True,,,
806,Song,Holding Closer Than Words,True,2002,Southern Gothic Rock,True,2002,,2002
821,Song,Gravity of Your Nearness,True,2007,Indie Folk,True,,,
827,Song,When Pigs Fly,True,2006,Lo-Fi Electronica,True,,,
839,Song,Mark My Words,True,2024,Indie Rock,True,,,
842,Song,Diamond Dreams,True,2023,Doom Metal,True,,,
846,Song,Polished Perfection,True,2017,Doom Metal,True,2017,,
852,Song,Clarity and Carats,False,2028,Space Rock,True,2024,,
871,Song,Confident Whispers,True,2024,Synthwave,True,2024,,
876,Song,Bold Without Apology,False,2010,Indie Rock,True,,,
886,Song,Loud and Clear,True,2023,Oceanus Folk,True,2023,,
901,Song,Approaching Silhouettes,False,2029,Space Rock,False,2029,,
906,Song,The Male Procession,True,2029,Dream Pop,True,2025,,
912,Song,Footsteps of Men,True,2017,Indie Folk,False,,,
925,Song,Liminal Passage,True,2027,Indie Folk,False,2021,,
933,Song,Crossroads of Change,True,1998,Dream Pop,True,,,
940,Song,Latidos del Corazón (Heartbeats),True,2028,Lo-Fi Electronica,True,,,
945,Song,Sentimientos Sin Palabras (Feelings Without Words),True,2017,Doom Metal,True,,,
962,Song,El Eco de Mis Sentidos (The Echo of My Senses),True,2013,Indie Folk,True,,,
966,Song,Strings of Silence,False,2003,Lo-Fi Electronica,True,2003,,
970,Song,Wooden Heart,True,2022,Alternative Rock,True,,,2022
974,Song,Choreographed Echoes,True,2023,Psychedelic Rock,True,,,
980,Song,Shadows of Maybe,True,2020,Indie Folk,True,,,
985,Song,Uncertain Heartlines,True,2025,Dream Pop,True,,,
995,Song,The Unwritten Answer,True,2024,Psychedelic Rock,True,,,2024
999,Song,"Gray Lungs, Aged Soul",True,2027,Americana,True,,,
1007,Song,Nicotine Memories,True,2027,Indie Rock,True,,,
1018,Song,Wrinkled Rebellion,True,2008,Alternative Rock,True,,,
1024,Song,Whispers from the Gold Rush,True,2029,Dream Pop,False,,,
1033,Song,Forty-Niners' Lament,True,2028,Dream Pop,False,,,
1051,Song,Dust and Dreams of '49,True,2010,Dream Pop,True,,,
1069,Song,Behind the Picture Glass,True,2026,Synthwave,True,,,
1076,Song,Snapshot Shadows,True,2025,Dream Pop,True,,,
1088,Song,Munzur'un Fısıltıları (Whispers of the Munzur),True,1991,Synthpop,True,1987,,
1091,Song,Alevi Dağlarının Türküsü (Ballad of the Alevi Mountains),False,2026,Space Rock,True,,,2026
1106,Song,Destiny's Dice,True,2004,Doom Metal,True,,,
1117,Song,Turning Point,True,1989,Alternative Rock,True,,,
1120,Song,Serendipity's Smile,False,2018,Dream Pop,True,,,
1121,Song,The Tiny Toe's Journey,True,1997,Southern Gothic Rock,True,1997,,1997
1125,Song,Footprints of Innocence,True,2013,Symphonic Metal,True,2013,,
1130,Song,Whispers from a Child's Step,True,2017,Alternative Rock,True,,,2017
1135,Song,"Soft Sole, Tender Soul",True,2000,Dream Pop,True,,,
1136,Song,Solo Flight,False,2027,Dream Pop,True,,,
1140,Song,Party of One,True,2018,Lo-Fi Electronica,True,,,
1145,Song,Unattached,True,2020,Dream Pop,False,,,
1156,Song,Loving Myself First,True,2022,Synthwave,True,,,
1162,Song,Battlefield Mascara,True,2013,Indie Folk,True,,,
1170,Song,Camouflage Courage,True,2004,Emo/Pop Punk,True,,,
1172,Song,Crimson Stripes,True,2017,Doom Metal,True,,,
1177,Song,Warrior's Makeup,True,2026,Desert Rock,True,,,
1185,Song,Cobblestone Crown,True,2026,Dream Pop,True,,,
1190,Song,Spinning Threads of Power,False,2032,Alternative Rock,True,,,
1208,Song,Springtime Sonata,True,2028,Space Rock,True,,,
1217,Song,Pastoral Harmony,True,2017,Indie Folk,True,,,
1229,Song,Hay and Hooves,True,2013,Dream Pop,True,,,
1236,Song,Whispers Between Wooden Stalls,True,2013,Doom Metal,True,2013,,
1242,Song,Manger's Midnight Lullaby,True,2020,Dream Pop,True,,,
1249,Song,Velvet Rebel,True,2010,Indie Pop,True,,,
1253,Song,Leather Skin Confession,True,2022,Oceanus Folk,True,2022,,
1256,Song,Soft Edge of Defiance,True,2029,Dream Pop,True,,,
1259,Song,Brushed Attitude,True,2018,Dream Pop,True,,,2018
1269,Song,Not Everyone's Convinced,True,2024,Indie Folk,True,2018,,
1279,Song,Perspectives Diverge,True,2023,Synthwave,True,,,
1286,Song,They're Not Entirely Sure,True,2027,Dream Pop,True,2027,,
1298,Song,Concrete Kingdom,True,2026,Dream Pop,True,,,2026
1313,Song,Radiance of the Heart,True,2029,Synthwave,True,,,
1320,Song,Harmony's Embrace,True,2000,Synthwave,True,2000,,
1326,Song,Sunlight of Serenity,False,1996,Jazz Surf Rock,True,,,
1333,Song,Blossoming Smiles,True,2010,Jazz Surf Rock,True,,,
1340,Song,Whispers of Forbidden Flight,True,2017,Dream Pop,False,,,
1350,Song,Margins of Escape,True,2007,Dream Pop,True,,,
1358,Song,If Freedom Were an Open Door,True,2027,Dream Pop,True,2027,,
1364,Song,Echoes of a Puppet State,True,2003,Speed Metal,True,,,
1375,Song,Manchurian Requiem,True,1990,Synthwave,True,,,
1384,Song,Mercy's Gentle Whisper,True,2028,Alternative Rock,True,2028,,
1395,Song,Hallowed Tears of Grace,True,2023,Dream Pop,True,,,
1411,Song,Unpack My Heart,False,2013,Southern Gothic Rock,True,,,2013
1412,Song,Miles Beyond Yesterday,True,1984,Indie Pop,True,,,
1422,Song,Radiant Grin,True,1984,Indie Rock,True,,,
1425,Song,Sunlit Laughter,True,2023,Doom Metal,True,,,
1431,Song,Gleaming Happiness,False,2017,Darkwave,True,,,
1435,Song,Luminous Beam,True,2023,Oceanus Folk,True,,,
1447,Song,Infernal Waltz,False,2020,Doom Metal,True,,,
1455,Song,Lucifer's Rhythm,True,1994,Synthwave,True,,,
1466,Song,Waterlogged Memories,False,2015,Lo-Fi Electronica,True,2008,,
1470,Song,Cobblestones and Shadows,True,2004,Doom Metal,True,,,
1476,Song,Whispers of a Washed Continent,True,2013,Americana,True,,,
1483,Song,Fragments of a Drowned Landscape,True,2027,Psychedelic Rock,True,,,
1489,Song,Perfection's Reflection,True,2023,Oceanus Folk,True,2023,,
1495,Song,Radiant Beyond Compare,True,2004,Doom Metal,True,1997,,2004
1502,Song,The Crown of Elegance,False,2018,Psychedelic Rock,True,,,
1508,Song,Symphony of Grace,True,2018,Doom Metal,True,2018,,
1515,Song,Regal Harmonies of the Palace,True,2029,Doom Metal,True,,,
1520,Song,Courtly Melodies at Versailles,False,2023,Lo-Fi Electronica,True,2023,,
1524,Song,Baroque Whispers of the Throne,True,2009,Psychedelic Rock,True,2009,,
1529,Song,Imperial Symphonies Unveiled,True,2010,Southern Gothic Rock,True,2010,,
1533,Song,Rastgele (Randomly),True,1999,Alternative Rock,True,1999,,
1539,Song,Şans Eseri (By Chance),True,2019,Indie Pop,True,,,
1544,Song,Tesadüfün Dansı (Dance of Coincidence),True,2007,Southern Gothic Rock,True,,,
1545,Song,Beklenmedik Karşılaşma (Unexpected Encounter),True,2013,Dream Pop,True,2007,,
1550,Song,Whispers in Minor Intervals,False,2023,Americana,True,,,
1557,Song,Echoes of Ancient Modes,True,2004,Doom Metal,False,2004,,
1571,Song,Twilight's Harmonic Descent,False,2026,Indie Rock,True,,,
1585,Song,Stringed Lamentations in Gray,True,2007,Dream Pop,True,2007,,
1596,Song,The King's Last Move,True,2005,Indie Pop,True,,,
1600,Song,Pawns and Prophets,True,2025,Space Rock,True,,,
1605,Song,Checkmate in Silence,True,2000,Synthwave,True,,,
1611,Song,Philosophical Brew,False,2015,Indie Rock,True,2015,,
1617,Song,Dialogues over Darjeeling,True,2017,Americana,True,,,
1626,Song,Toga Dreams and Marble Schemes,True,2020,Indie Folk,True,,,
1629,Song,Legionary's Lament,True,2023,Desert Rock,True,,,
1635,Song,Ruins of Imperial Passion,True,2026,Synthpop,True,,,
1642,Song,Whispers from the Colosseum Stands,True,2013,Desert Rock,True,,,
1661,Song,Bristle and Grunt,True,2013,Doom Metal,True,,,
1665,Song,Savanna's Ugly Beauty,True,2026,Oceanus Folk,True,,,
1680,Song,Riddle of the Frozen Princess,True,2027,Space Rock,True,,,
1684,Song,Crimson Challenge at Midnight,False,2020,Dream Pop,True,,,
1693,Song,Blood and Imperial Desire,False,2025,Psychedelic Rock,True,2025,,
1700,Song,Wingspan of the Andes,True,2016,Southern Gothic Rock,True,,,
1702,Song,Thermals and Shadows,True,2010,Dream Pop,True,,,
1709,Song,Peaks of Solitude,True,2026,Synthwave,True,,,
1715,Song,Guardian of the Mountain Winds,True,2029,Dream Pop,True,2023,,
1723,Song,Carousel of Judgment,True,2020,Dream Pop,True,,,2020
1738,Song,Ticket to Impartiality,True,2017,Doom Metal,True,,,2017
1742,Song,Ferris Wheel of Chance,True,2017,Indie Folk,True,,,
1748,Song,Shadows of the Imperial Throne,False,2023,Dream Pop,True,,,
1757,Song,Whispers from Alexander's Chambers,True,2010,Avant-Garde Folk,True,,,2010
1759,Song,Crown and Conquest,True,2024,Space Rock,True,2024,,
1763,Song,The Macedonian Crescendo,True,2022,Dream Pop,True,2022,,2022
1772,Song,Heavy Eyelids of Twilight,False,2010,Southern Gothic Rock,True,,,
1779,Song,Dreaming Before Dawn,True,2017,Indie Folk,True,,,2017
1783,Song,Weighted Whispers of Exhaustion,False,2024,Doom Metal,True,,,
1787,Song,Nordic Bliss,True,2026,Indie Folk,True,,,
1791,Song,Stockholm Sunshine,True,2010,Lo-Fi Electronica,True,,,
1797,Song,Scandinavian Dreams,True,2028,Americana,True,,,
1807,Song,Clearly Complicated,True,2009,Emo/Pop Punk,True,2003,,
1810,Song,Undeniable Subtext,True,2028,Lo-Fi Electronica,True,,,
1830,Song,Trouble's Favorite Son,True,2029,Post-Apocalyptic Folk,True,2029,,
1837,Song,Bad to the Bone Billy,True,2013,Alternative Rock,True,2013,,
1841,Song,Ripples and Whispers,True,2010,Indie Folk,True,,,
1845,Song,Shoreline Secrets,True,2010,Synthpop,True,2010,,
1849,Song,Waves Beneath My Feet,True,2027,Indie Folk,True,,,
1853,Song,Reflections on the Water's Rim,True,2011,Avant-Garde Folk,True,,,
1857,Song,Melancholy's Strings,False,2006,Indie Rock,True,2006,,
1863,Song,Whispers of a Forgotten Melody,False,2013,Oceanus Folk,False,2013,,
1869,Song,Echoes from the Dark Chord,True,2013,Indie Rock,True,2013,,2013
1874,Song,Dusty Miles,False,2023,Dream Pop,True,,,
1888,Song,Backroad FreedomCumhuriyet'in İzinde (On the Path of the Republic),True,2017,Indie Folk,True,,,
1895,Song,Yeni Doğan Devrim (Newborn Revolution),True,2025,Desert Rock,True,2025,,
1898,Song,Atatürk'ün Sesi (The Voice of Atatürk),True,2028,Dream Pop,True,,,2028
1902,Song,Özgürlük Şarkısı (Song of Freedom),True,2017,Americana,True,,,
1907,Song,Echoes of Mirth,False,2021,Synthwave,True,2021,,2021
1915,Song,Fragments of Joy,True,2023,Synthwave,True,2023,,2023
1933,Song,Wandering Miles,True,2025,Avant-Garde Folk,True,,,
1935,Song,Solitary Stride,True,1986,Psychedelic Rock,True,,,
1939,Song,Paths Untrodden,True,2026,Space Rock,True,,,
1949,Song,Royal Celestial Blessing,True,2010,Symphonic Metal,True,,,
1955,Song,Prayers for the Crown,False,1985,Emo/Pop Punk,True,,,
1958,Song,Divine Protection of Our Monarch,False,2026,Jazz Surf Rock,True,,,2026
1966,Song,Whispers Among the Emerald Branches,True,2023,Synthwave,True,,,
1970,Song,Footsteps in the Forest's Embrace,False,2027,Darkwave,True,,,2027
1984,Song,Twilight in the Woodland Clearing,True,2029,Desert Rock,True,,,2029
1996,Song,Twilight's Gentle Embrace,True,2026,Dream Pop,True,2026,,
2002,Song,Silver Threads and Quiet Moments,True,2004,Doom Metal,True,2000,,
2013,Song,Shrapnel Memories,True,2017,Synthwave,True,,,
2019,Song,Detonation Point,True,2029,Dream Pop,True,,,2029
2026,Song,Scattered Light,False,2023,Indie Pop,True,,,
2048,Song,Rare Kind of Grace,True,1995,Jazz Surf Rock,True,,,
2053,Song,Treasured Beyond Measure,True,2019,Emo/Pop Punk,True,,,
2057,Song,Algorithmic Whispers,True,2023,Indie Folk,True,,,
2068,Song,Mechanical Memoirs,True,1996,Southern Gothic Rock,True,1996,,
2073,Song,Automated Introspections,True,1994,Doom Metal,True,,,
2078,Song,Dawning Breaths,False,2026,Indie Pop,True,,,2029
2082,Song,Illuminated Moments,True,1997,Synthwave,True,,,
2093,Song,Awakening Horizons,False,2020,Darkwave,True,2020,,
2099,Song,Stone Cold Truth,True,2023,Doom Metal,True,2017,,
2107,Song,Bedrock Rebellion,True,2007,Dream Pop,True,,,
2112,Song,Solid Ground Anthem,False,2013,Blues Rock,True,2013,,
2120,Song,Energy Surge,True,2017,Indie Folk,True,2017,,
2124,Song,Vitality Override,True,2024,Synthwave,True,,,
2130,Song,Positive Pulse,True,2029,Dream Pop,True,,,
2161,Song,Departure Protocol,False,2017,Desert Rock,True,,,
2167,Song,Journey's Calling,False,2007,Lo-Fi Electronica,True,2007,,
2169,Song,Brake Lights and Broken Hearts,True,2026,Oceanus Folk,True,2026,,
2174,Song,"Crimson Signal, Silent Warning",True,1990,Indie Pop,False,,,
2175,Song,Intersection of Regret,False,2010,Synthwave,True,,,2010
2182,Song,Red Line Rebellion,True,1991,Dream Pop,False,,,
2208,Song,Infamy's Aria,True,2019,Emo/Pop Punk,True,,,
2212,Song,Whispers of Scandal,False,2016,Doom Metal,True,2016,,
2215,Song,The Crimson Reputation,False,2023,Americana,True,2023,,
2221,Song,Legacy of Shadows,False,2009,Southern Gothic Rock,True,,,
2223,Song,Heartstrings and Promises,True,2026,Alternative Rock,True,2026,,
2234,Song,Whispers of Surrender,True,2025,Lo-Fi Electronica,True,2018,,
2238,Song,Love's Courageous Path,True,2009,Synthwave,True,,,
2243,Song,Broken Branches,True,2013,Synthpop,False,,,
2256,Song,"Silent House, Loud Hearts",True,2010,Jazz Surf Rock,True,,,
2260,Song,Inherited Arguments,True,2029,Symphonic Metal,True,,,
2267,Song,Temporary Address,True,2030,Dream Pop,False,,,
2272,Song,Borrowed Time,True,2022,Space Rock,True,,,
2277,Song,Satellite Heart,False,2004,Lo-Fi Electronica,True,,,
2279,Song,Papercut Promise,True,2005,Dream Pop,True,2005,,
2284,Song,Whispers of the Breeze,False,2023,Synthwave,True,,,
2292,Song,Vagrant's Horizon,True,2020,Indie Folk,True,,,
2299,Song,Windswept Wanderer,False,1985,Blues Rock,True,,,
2303,Song,Invisible Currents,False,2025,Alternative Rock,True,,,2025
2307,Song,Baroque Whispers,True,2026,Synthwave,True,2026,,
2316,Song,Keyboard Echoes,True,2010,Indie Folk,True,2010,,
2327,Song,The Chambered Melody,True,2025,Speed Metal,True,,,2025
2331,Song,Primavera's Whisper,True,2011,Blues Rock,True,,,2011
2333,Song,Canvas of Renaissance Dreams,True,2000,Indie Pop,True,,,
2347,Song,Words Fail Me Now,False,2015,Post-Apocalyptic Folk,True,,,2015
2350,Song,The Silence Between Sentences,False,2007,Blues Rock,True,,,
2357,Song,Unspoken Volumes,True,2026,Alternative Rock,True,,,
2360,Song,Fragments of What I Mean,False,2017,Indie Rock,True,2010,,
2364,Song,Who Closed The Door Between Us?,True,2020,Doom Metal,True,,,
2369,Song,Silence Where My Heart Used To Be,True,2023,Synthwave,True,,,
2379,Song,Unwanted (And Still Waiting),True,2027,Synthpop,True,,,
2385,Song,Forgotten Stars,True,2023,Dream Pop,True,,,
2398,Song,Numbers Between The Stars,True,2023,Indie Folk,True,,,
2402,Song,Unsung Boulevard,False,2029,Post-Apocalyptic Folk,True,2026,,
2403,Song,Royal Whispers,False,2007,Indie Folk,True,2007,,2007
2406,Song,The Sovereign's Heart,False,2029,Symphonic Metal,True,,,2032
2413,Song,Crowns and Secrets,True,2026,Dream Pop,True,,,
2418,Song,Chill Zone,True,2028,Dream Pop,True,,,2028
2424,Song,Unwind Tonight,True,2023,Darkwave,True,2023,,
2428,Song,Pressure Release,True,1993,Dream Pop,True,1993,,
2433,Song,Weekend Escape,True,2020,Dream Pop,True,,,2020
2436,Song,Gravity of the Heart,True,2020,Indie Folk,True,2017,,
2445,Song,Vulnerable Architecture,True,2007,Doom Metal,True,,,
2446,Song,Soft Collision,True,2024,Indie Folk,True,2024,,
2454,Song,Frozen Flame's Last Flicker,False,2030,Synthwave,True,2027,,2030
2461,Song,Warmth Beyond Cobblestones,True,2017,Doom Metal,True,,,
2470,Song,Midnight's Matchstick Lullaby,True,2012,Dream Pop,True,2012,,
2475,Song,Thousand Whispers,True,2026,Alternative Rock,True,,,
2479,Song,Echoes of Infinity,True,2009,Indie Rock,True,,,
2486,Song,Ethereal Cascade,True,2023,Doom Metal,True,2023,,
2489,Song,Unwritten Horizons,False,2007,Indie Pop,True,2007,,
2493,Song,Chapters Untold,True,2012,Southern Gothic Rock,True,2012,,
2495,Song,White Space Between,True,2021,Dream Pop,True,,,
2500,Song,The Margins of Possibility,True,2008,Dream Pop,True,,,
2510,Song,Frozen Moment,True,1981,Dream Pop,True,,,
2515,Song,Echoes of a Date,True,2023,Dream Pop,True,,,
2525,Song,Coordinates of Time,True,2028,Alternative Rock,True,2028,,
2541,Song,Coconut Memories,False,2027,Dream Pop,True,2027,,
2549,Song,Island Time Suspension,True,2017,Alternative Rock,True,,,
2555,Song,The Lute's Whispers of Rebellion,False,2029,Dream Pop,True,2029,,2029
2567,Song,Ballad of the Noble Wanderer,False,2022,Post-Apocalyptic Folk,True,,,
2572,Song,Echoes from Vasa's Forgotten Chronicles,True,2004,Synthwave,True,2000,,
2576,Song,Ivory Whispers of the Eighth Symphony,True,2020,Indie Folk,True,,,2020
2577,Song,Chromatic Cascades in Minor,True,2013,Synthwave,True,,,
2582,Song,Resonance: A Virtuoso's Lament,False,2024,Dream Pop,True,,,
2586,Song,Keys of Forgotten Melodies,True,2024,Americana,True,2024,,
2595,Song,Ripples of Feathered Whispers,True,1984,Indie Pop,True,,,
2596,Song,Marsh Echoes at Twilight,True,2026,Dream Pop,True,,,
2604,Song,The Wingspan of Unspoken Stories,True,2026,Dream Pop,True,,,
2608,Song,Migrations and Murmurs,True,2013,Doom Metal,True,,,
2614,Song,Whispers of the Islands,True,1990,Dream Pop,True,,,
2616,Song,Tropical Heartbeat,False,2020,Americana,True,,,
2625,Song,Forgotten Shores,True,2004,Alternative Rock,True,,,
2639,Song,Windowsill Whispers,True,2003,Speed Metal,True,2003,,2003
2641,Song,Generations of Stone,True,2024,Indie Rock,True,2024,,
2647,Song,Whispers of the Andes,True,2023,Doom Metal,True,2023,,
2649,Song,Chiquinquirá's Heartbeat,True,2013,Doom Metal,True,2007,,
2655,Song,Cobblestone Serenade,True,2006,Speed Metal,False,,,
2658,Song,Echoes of the Sacred Town,True,2007,Dream Pop,True,,,2007
2676,Song,Groove Ascension,True,2020,Indie Folk,True,2013,,2020
2679,Song,Wingless Dreams,False,2007,Blues Rock,True,,,
2684,Song,Echoes of a Falling Halo,False,2026,Emo/Pop Punk,True,2026,,
2687,Song,Gravity of Grace,True,2016,Space Rock,True,2016,,
2694,Song,Prismatic Horn,True,2004,Blues Rock,True,,,
2696,Song,Celestial Gallop,True,2010,Doom Metal,True,,,
2698,Song,Whispers of Enchantment,True,2009,Lo-Fi Electronica,True,2009,,
2701,Song,Crescendo of Chaos,True,2029,Americana,True,,,
2704,Song,Theatrical Tempest,False,2023,Americana,True,,,2023
2714,Song,Cinematic Breakdown,True,2024,Americana,True,2018,,
2720,Song,Desperate Measures,True,2009,Alternative Rock,True,,,
2724,Song,By Any Means Possible,True,2023,Dream Pop,True,,,
2729,Song,"No Limits, No Rules",True,2000,Darkwave,True,,,
2734,Song,Whatever It Takes,True,2020,Post-Apocalyptic Folk,True,,,
2743,Song,Right Here,True,2007,Southern Gothic Rock,True,,,
2751,Song,No One Else,True,1984,Indie Pop,True,,,
2761,Song,Echoes Without Footsteps,True,2007,Dream Pop,True,,,2007
2768,Song,The Unfinished Lullaby,True,2015,Alternative Rock,True,,,2015
2770,Song,Memories Between Empty Spaces,True,2013,Synthwave,True,,,
2775,Song,Percussive Cadence,True,2027,Dream Pop,True,,,
2779,Song,Rhythmic Regiment,True,2026,Psychedelic Rock,True,,,
2794,Song,Lost Compass,True,2004,Southern Gothic Rock,True,,,
2800,Song,Backward Momentum,True,2019,Dream Pop,True,,,
2807,Song,Roadmap to Nowhere,True,1984,Blues Rock,True,,,
2815,Song,Misdirected,True,2010,Southern Gothic Rock,True,,,
2822,Song,Whispers Between the Keys,True,1999,Alternative Rock,True,,,
2828,Song,Nocturnal Echoes of Ivory,True,2007,Doom Metal,True,2007,,
2831,Song,Shadows on Polished Keys,True,2026,Synthpop,True,,,2026
2838,Song,The Silent Dialogue of Strings,True,2012,Dream Pop,False,,,
2843,Song,Sunset Sips,False,1986,Southern Gothic Rock,True,1986,,
2848,Song,Twilight Tapas,True,2010,Lo-Fi Electronica,True,,,2010
2851,Song,Glasses Raised,True,2027,Southern Gothic Rock,True,2027,,
2858,Song,Rhythmic Reverie,True,2023,Dream Pop,True,,,
2859,Song,Footsteps of Melody,True,2020,Darkwave,True,,,
2863,Song,Whirling Whispers,False,2022,Indie Rock,True,,,
2865,Song,Choreographed Heartbeat,True,2026,Blues Rock,True,,,
2867,Song,Requiem on the Red Square,True,2009,Doom Metal,True,2009,,
2879,Song,Waltz of the Kremlin,True,2017,Dream Pop,False,2017,,
2887,Song,Sonata for a Frozen Night,True,2029,Synthwave,True,,,
2893,Song,Whispers in the Dark,True,2019,Psychedelic Rock,True,,,
2906,Song,Whispers to the Divine,True,2020,Dream Pop,True,2020,,
2927,Song,Sacred Invocation,False,1987,Southern Gothic Rock,True,,,
2931,Song,Breaking Dawn,True,2013,Symphonic Metal,True,,,
2933,Song,Lifted,False,2029,Dream Pop,True,2029,,
2937,Song,Gravity's Surrender,True,2017,Dream Pop,True,,,
2942,Song,Khwabon Ki Malika,True,2010,Southern Gothic Rock,True,,,
2944,Song,Suraj Ke Raaz Mein,True,2023,Dream Pop,True,2023,,
2956,Song,Sapnon Ka Safar,True,2008,Indie Folk,True,,,
2972,Song,Shadows of an Unfinished Love,True,2032,Dream Pop,True,,,
2975,Song,Fragments of Your Memory,False,2024,Space Rock,True,,,
2982,Song,Between Longing and Belonging,False,2016,Psychedelic Rock,True,2016,,
2990,Song,Harmonic Whispers in Twilight,True,2021,Space Rock,True,2017,,2021
2996,Song,Chamber of Forgotten Echoes,True,2017,Dream Pop,True,,,
3002,Song,Strings of Unspoken Memories,True,2023,Synthwave,True,2023,,
3008,Song,Resonance Between Silence,True,2021,Dream Pop,True,,,
3013,Song,Perfect Stranger,True,2010,Alternative Rock,True,,,
3018,Song,Missing Piece,True,2023,Dream Pop,True,2023,,
3025,Song,Destiny's Call,True,2017,Oceanus Folk,False,2017,,
3037,Song,Visions Beyond the Horizon,True,2020,Oceanus Folk,True,,,
3043,Song,Sleepwalkers and Stargazers,True,2024,Americana,True,,,
3053,Song,Dreaming in Technicolor,True,2024,Desert Rock,True,2021,,
3056,Song,Sleepless Horizon,True,2022,Dream Pop,True,,,
3064,Song,Wandering Without Shelter,True,2023,Desert Rock,True,,,
3067,Song,Restless Paths,True,2029,Americana,True,,,
3071,Song,Unanchored Soul,True,1988,Alternative Rock,True,1988,,
3076,Song,Nullify the Provocateur,True,2023,Indie Folk,True,,,
3080,Song,Rescind the Instigator,False,2017,Avant-Garde Folk,True,,,
3085,Song,Abrogate the Rabble-Rouser,True,2008,Indie Pop,True,,,
3088,Song,Whispers Across the Distance,False,2021,Psychedelic Rock,True,,,
3094,Song,Longing on the Line,False,2023,Jazz Surf Rock,True,,,
3100,Song,Phantom Ring Tone,True,2005,Post-Apocalyptic Folk,True,2005,,
3106,Song,Mud and Memories,True,2001,Southern Gothic Rock,True,,,
3110,Song,Flanders' Requiem,True,2025,Dream Pop,True,,,
3123,Song,Gentle Tempo of Sunlight,True,2005,Indie Pop,True,2005,,
3128,Song,Whispers in E Major,True,2017,Dream Pop,True,2017,,
3133,Song,Melodic Passage,True,2013,Indie Folk,True,2010,,
3136,Song,Softly Ascending Harmonies,True,2027,Desert Rock,True,,,
3139,Song,Trust Nobody's Whispers,True,2007,Synthpop,True,,,
3151,Song,Smoke and Mirrors,True,2015,Alternative Rock,True,,,
3154,Song,Delusion's Embrace,False,2010,Americana,True,,,
3160,Song,Tied Together by Gravity,True,2017,Symphonic Metal,True,2017,,
3168,Song,Shared Shadows,True,2019,Indie Folk,True,,,2019
3174,Song,Intertwined Free Fall,True,2029,Dream Pop,True,,,
3183,Song,More Than Enough,True,2029,Southern Gothic Rock,True,2023,,
3186,Song,Surplus of Love,True,2028,Dream Pop,True,,,2028
3194,Song,Abundance Overflowing,False,2017,Oceanus Folk,True,2017,,
3210,Song,Chamber Reverie in Gossamer Tones,True,2026,Indie Folk,True,,,
3217,Song,Nocturnal Conversations of Delicate Instruments,True,2018,Avant-Garde Folk,True,,,
3219,Song,Crystalline Interlude for Ethereal Voices,True,2017,Indie Folk,True,2017,,
3228,Song,Adriatic Hearts,False,2029,Dream Pop,True,,,
3237,Song,Warriors of the Checkered Shield,True,2024,Psychedelic Rock,True,,,2024
3239,Song,Homeland's Melody,True,2003,Southern Gothic Rock,True,2003,,
3243,Song,Desert Migrations,True,2024,Oceanus Folk,True,,,
3249,Song,Broken Chains,True,1996,Alternative Rock,True,,,
3252,Song,Promised Land Calling,True,2015,Psychedelic Rock,True,,,2031
3264,Song,Wandering Tribes,False,2020,Dream Pop,True,,,
3267,Song,Blood and Devotion,False,1985,Indie Pop,True,,,
3270,Song,Crimson Vows,False,2013,Speed Metal,True,,,
3275,Song,"My Heart, Your Lifeline",True,2023,Desert Rock,True,2023,,
3282,Song,Scarlet Promise,False,2023,Synthwave,True,,,
3286,Song,Neram Nadhi (Time River),True,2001,Alternative Rock,True,,,2001
3289,Song,Ezhuthatha Kadhal (Unwritten Love),True,2019,Lo-Fi Electronica,True,,,2019
3291,Song,Moham Valai (Desire's Web),True,2024,Dream Pop,True,,,
3310,Song,Lecture Hall Nights,True,2014,Dream Pop,True,,,2014
3316,Song,Degrees of Freedom,True,2023,Desert Rock,True,,,
3329,Song,Heartbreak in Slow Motion,True,2022,Post-Apocalyptic Folk,True,2022,,
3332,Song,The Art of Emotional Destruction,True,2020,Indie Folk,True,,,
3337,Song,Flatline Farewell,True,2017,Indie Folk,True,2017,,
3349,Song,Pulse Zero,True,2002,Indie Pop,True,2002,,
3350,Song,Unbreakable Resolve,True,1992,Southern Gothic Rock,True,,,
3355,Song,When Courage Whispers,True,2015,Dream Pop,True,,,
3358,Song,Carry Me Through,True,2017,Dream Pop,True,,,
3362,Song,Rising From the Shadows,False,2022,Synthwave,True,,,
3367,Song,Courage in Quiet Moments,True,2023,Oceanus Folk,True,,,
3376,Song,Rapid Heartbeat,True,2013,Desert Rock,True,,,
3386,Song,Temporal Dissonance,True,2019,Southern Gothic Rock,True,2012,,
3387,Song,Echoes Out of Time,True,2016,Lo-Fi Electronica,False,2013,,
3390,Song,Displaced Moment,False,2014,Dream Pop,True,,,
3402,Song,Signatures and Sorrow,True,2024,Dream Pop,True,,,
3407,Song,Splitting the Difference,True,1987,Southern Gothic Rock,True,1987,,
3415,Song,Paperwork and Heartache,False,2026,Indie Folk,True,,,2033
3422,Song,Masked Frontier,True,2020,Dream Pop,True,2020,,
3426,Song,Silver's Gallop,True,2024,Desert Rock,True,2024,,
3433,Song,Tonto's Whisper,True,2013,Indie Folk,True,,,
3438,Song,Justice Rides Alone,True,2029,Synthwave,True,2026,,
3444,Song,Heartache Without Healing,False,2023,Indie Rock,True,,,
3454,Song,The Lie We Call Romance,True,2006,Avant-Garde Folk,True,2006,,
3457,Song,Magnetic Desire,True,2023,Indie Folk,True,,,
3464,Song,Haunting Your Heart,True,2006,Doom Metal,True,,,
3479,Song,Silhouette of Want,False,2019,Space Rock,True,2019,,2019
3485,Song,Through Every Storm We Rise,True,2024,Dream Pop,True,,,
3501,Song,Beyond Our Limitations,True,2007,Oceanus Folk,True,,,
3506,Song,Flamenco Nights,True,2011,Indie Pop,True,,,
3512,Song,Andalusian Rhythm,True,2013,Indie Pop,True,,,
3513,Song,Passion of the Dancers,False,2024,Alternative Rock,True,2021,,
3519,Song,Wings of Castilla,True,2018,Doom Metal,True,,,
3520,Song,Aerial Conquistadors,True,2026,Oceanus Folk,True,,,
3522,Song,Skyborne Valor,True,2020,Dream Pop,True,,,
3526,Song,Sierra Winds and Jet Streams,True,2013,Indie Folk,True,2013,,
3531,Song,Fence Line Whispers,True,2017,Doom Metal,True,,,
3536,Song,The Third House Down,False,2023,Doom Metal,True,,,
3542,Song,Privacy's Edge,True,2023,Indie Folk,True,,,
3546,Song,Solitary Echoes,True,2020,Dream Pop,True,,,
3553,Song,Whispers of Melancholy,True,2013,Doom Metal,True,,,
3559,Song,Emotional Landscapes,True,2027,Jazz Surf Rock,True,2027,,2027
3562,Song,Fragments of Introspection,False,2010,Dream Pop,True,2010,,
3567,Song,Unheard Whispers of the Heart,True,1994,Synthpop,True,,,
3568,Song,Silent Echoes of Emotion,False,2007,Doom Metal,True,2000,,
3574,Song,The Language of Unspoken Words,True,2024,Indie Folk,True,,,
3580,Song,Shadows of Unexpressed Feelings,True,2027,Dream Pop,True,,,
3583,Song,Mother's Prodigal,True,2020,Dream Pop,True,,,
3587,Song,The Unnamed Heir,False,2027,Doom Metal,True,,,
3596,Song,Legacy in WaitingCoins Over Vows,False,2015,Avant-Garde Folk,True,2015,,
3603,Song,"Bride's Price, Not Her Heart",True,2013,Indie Rock,True,,,
3606,Song,"Dowry's Siren, Marriage's Chains",True,2023,Dream Pop,True,2023,,
3609,Song,Contracts Before Commitment,False,2026,Dream Pop,True,,,2029
3616,Song,Fever's Whisper,False,2017,Indie Folk,True,,,
3626,Song,Quarantine of Souls,False,2021,Emo/Pop Punk,True,2021,,
3627,Song,Masked Shadows,True,2014,Southern Gothic Rock,False,,,
3630,Song,Broken Breath,True,2017,Indie Rock,True,,,2017
3634,Song,Boundary Lines,True,2020,Dream Pop,True,,,
3636,Song,Consent Is King,True,2023,Dream Pop,True,,,
3644,Song,Back Up Off Me,True,2019,Lo-Fi Electronica,True,,,
3652,Song,Wishful Thinking Anthem,True,2025,Dream Pop,True,,,
3660,Song,Cosmo and Wanda's Chaos,True,2022,Blues Rock,True,,,
3668,Song,Whispers at the Threshold,False,2004,Doom Metal,True,2004,,
3672,Song,Borderlands of Grace,True,2004,Synthwave,True,,,
3676,Song,Celestial Margins,False,2027,Jazz Surf Rock,True,,,
3688,Song,Distant Farewell,True,2026,Doom Metal,True,,,
3692,Song,Midnight's Goodbye,True,2017,Synthwave,True,,,2017
3697,Song,Whispers at Sunset,True,2022,Darkwave,True,2016,,
3706,Song,Fading Silhouette,True,2007,Synthwave,True,,,
3719,Song,Skybound Pioneers,False,2026,Space Rock,True,,,
3721,Song,Altitude and Honor,True,2008,Southern Gothic Rock,True,2008,,
3724,Song,Propellers of Courage,True,2020,Synthwave,True,2020,,
3727,Song,Primordial Heartbeat,True,2017,Dream Pop,True,2017,,
3730,Song,First Breath of Desire,True,2016,Oceanus Folk,True,2016,,2019
3734,Song,Cosmic Embrace,True,2030,Synthwave,True,,,
3740,Song,The Quantum of Affection,True,1985,Indie Pop,True,,,
3743,Song,Denim Diary,False,1985,Southern Gothic Rock,True,,,
3747,Song,Garden State Memories,True,1985,Southern Gothic Rock,False,,,
3748,Song,Threadbare Thursdays,True,2023,Alternative Rock,True,,,
3750,Song,Cotton and Nostalgia,False,2029,Space Rock,True,,,
3756,Song,Come Closer,True,2028,Dream Pop,True,2028,,
3766,Song,Kompass,True,1992,Dream Pop,True,1992,,1992
3773,Song,Kindred OdysseyFragile Lola,False,2030,Synthwave,True,,,
3776,Song,Lola's Lament,True,2010,Space Rock,True,,,
3779,Song,"Broken Wings, Brave Heart",True,1987,Blues Rock,True,1987,,
3782,Song,Echoes of Solitude,True,2020,Oceanus Folk,True,2013,,
3793,Song,Monsoon Memories,True,2005,Emo/Pop Punk,True,2005,,
3795,Song,Bamboo Whispers,True,2020,Synthwave,True,,,
3797,Song,Jade Horizon,True,2020,Dream Pop,True,,,
3806,Song,Echoes of Empire,True,2026,Space Rock,True,2026,,
3813,Song,Fallen Crowns,True,2029,Darkwave,True,,,
3819,Song,Dominion's Twilight,False,1997,Synthwave,True,,,1997
3823,Song,Arrows of Yearning,True,2000,Americana,True,,,
3826,Song,Whispers on the Trajectory,True,2019,Lo-Fi Electronica,True,2019,,2019
3837,Song,Silent Projectiles,True,2027,Dream Pop,True,,,
3844,Song,Liquid Whispers,True,2000,Americana,True,,,
3850,Song,Wellspring of Memory,True,2024,Indie Rock,True,,,
3856,Song,Cascading Origins,True,2024,Alternative Rock,True,,,
3859,Song,The Eternal Tributary,False,2023,Blues Rock,True,2023,,
3865,Song,Alpine Groove,False,2013,Synthwave,True,,,
3869,Song,Summit Serenade,False,2010,Darkwave,True,,,
3881,Song,Susurros de Pasión,True,2004,Synthwave,True,,,2004
3885,Song,Cuando el Amor Habla,False,2018,Americana,True,2018,,
3896,Song,Laughter Through Tears,False,2010,Dream Pop,True,2010,,
3898,Song,Hysteria of the Heartbroken,True,2027,Desert Rock,True,,,
3908,Song,Bitter Giggles,True,2023,Synthwave,True,,,2023
3909,Song,Everything's Alright,True,2020,Oceanus Folk,True,,,
3913,Song,Perfectly Okay,True,2026,Synthwave,True,,,
3917,Song,"Just Fine, Thank You",True,2026,Synthwave,True,,,
3923,Song,Acceptance Blues,True,2013,Indie Folk,True,2013,,
3931,Song,Wrinkles and Wisdom,True,2023,Indie Folk,True,2023,,
3932,Song,Fading Photographs,False,2020,Dream Pop,True,,,
3939,Song,The Slow Fade,True,2013,Space Rock,True,,,
3951,Song,Chapters Beyond Youth,True,2026,Americana,True,2023,,
3956,Song,Eternal Light Descends,True,2023,Oceanus Folk,True,,,
3962,Song,Celestial Nativity,True,1997,Speed Metal,True,1997,,
3966,Song,Divine Awakening,True,2018,Synthwave,True,2018,,
3972,Song,Infinite Incarnation,True,2024,Oceanus Folk,True,,,2037
3986,Song,Altitude of Mistakes,True,2015,Americana,True,,,2015
3991,Song,Instrument Failure,True,2021,Synthwave,False,2014,,
3993,Song,Descent into Uncertainty,False,2025,Dream Pop,True,,,
4003,Song,Echoes of Naomi,True,2020,Synthwave,True,,,
4006,Song,Whispers in the Olive Grove,True,2007,Indie Rock,False,,,
4008,Song,Daughter of Paths,False,1997,Dream Pop,True,1997,,1997
4014,Song,Jerusalem's Gentle Promise,True,2024,Psychedelic Rock,True,,,2024
4023,Song,Echoes of Bananal's Green,True,2026,Oceanus Folk,True,,,
4029,Song,Rivers and Roots of Rio,True,2027,Synthwave,True,,,
4034,Song,Heartbeat of a Small Town,True,2030,Desert Rock,True,,,
4038,Song,Bananal's Gentle Whispers,True,2020,Psychedelic Rock,True,2020,,
4055,Song,Katharina's Midnight Dance,False,2025,Synthwave,True,,,
4059,Song,Echoes from Katharina's Heart,True,2013,Doom Metal,True,2013,,
4069,Song,Juliet's Fever,False,1993,Indie Pop,True,,,
4077,Song,Starlit Passion,True,2023,Jazz Surf Rock,True,,,
4085,Song,Balcony Heartbreak,True,2023,Indie Folk,True,,,
4090,Song,When My Thoughts Drift to Divine Mercy,True,2023,Indie Folk,True,,,
4095,Song,Contemplations of Grace Unbound,True,2010,Indie Rock,True,,,
4100,Song,Reflections on Heavenly Compassion,True,2024,Psychedelic Rock,True,,,
4105,Song,Whispers of Sacred Introspection,True,2007,Dream Pop,True,,,
4107,Song,Bottled Up,True,2028,Indie Folk,True,2028,,
4117,Song,Walking Away,True,1997,Synthwave,True,,,
4120,Song,Pressure Point,False,2021,Indie Rock,True,,,
4123,Song,Whispers of the Virtuoso's Bow,True,2022,Indie Folk,True,,,
4140,Song,Moonlight and Melodic Defiance,True,2026,Synthwave,True,,,
4148,Song,Borrowed Dreams,False,2029,Indie Rock,True,,,2029
4151,Song,Zero Collateral,False,2027,Desert Rock,True,,,
4155,Song,Debt's Symphony,True,2022,Psychedelic Rock,True,,,
4169,Song,Stranger's Silhouette,True,2013,Southern Gothic Rock,True,,,
4172,Song,Echoes of Recognition,True,2017,Alternative Rock,True,2017,,
4183,Song,Familiar Fragments,True,2023,Doom Metal,True,,,
4186,Song,Depths of Stone,True,2023,Southern Gothic Rock,True,2023,,
4188,Song,Pickaxe Lullaby,True,1995,Indie Pop,True,1995,,
4194,Song,Ore and Echoes,False,2026,Doom Metal,True,,,
4204,Song,Crimson Revival,False,1991,Blues Rock,True,1991,,
4208,Song,Vascular Vengeance,True,2023,Darkwave,True,,,
4212,Song,Pulse of Retribution,True,2018,Space Rock,True,,,
4216,Song,Hemoglobin Highway,True,2013,Dream Pop,True,2013,,
4222,Song,Whispers of the Woodland Brook,True,1991,Dream Pop,True,,,
4228,Song,Ripples and Stones,True,2021,Synthwave,True,,,
4229,Song,"Silent Waters, Singing Paths",True,1995,Southern Gothic Rock,True,,,
4233,Song,Currents of Memory,True,2022,Dream Pop,True,,,
4243,Song,Sing Your Heart Out,False,2025,Psychedelic Rock,True,,,
4250,Song,Melody of Dreams,True,2003,Blues Rock,True,,,
4261,Song,Keyboard Nocturne,False,2029,Dream Pop,True,2029,,
4271,Song,Counterpoint in Silence,True,2020,Dream Pop,False,,,
4273,Song,Chamber Echoes,True,2026,Synthwave,False,,,
4281,Song,Lunar Whispers,True,2026,Blues Rock,True,,,
4283,Song,Celestial Echoes,False,2013,Dream Pop,True,,,
4288,Song,Silver Serenade,False,2017,Desert Rock,True,,,
4299,Song,Último intento (Last attempt),True,2030,Desert Rock,False,,,
4306,Song,Repetir el momento (Repeat the moment),True,2020,Dream Pop,True,,,
4316,Song,Otra oportunidad (Another chance),True,2011,Lo-Fi Electronica,True,2011,,
4322,Song,Plameny našich vzpomínek,True,2017,Doom Metal,True,2017,,
4328,Song,Oheň v žilách naší generace,False,2026,Americana,True,2026,,
4332,Song,Srdceplane touhou,True,2028,Americana,True,,,2028
4335,Song,Žhavé ticho mezi námi,True,1991,Southern Gothic Rock,True,,,
4337,Song,Mockery's Melody,True,2029,Dream Pop,True,,,
4342,Song,Giggles of Rebellion,True,2015,Indie Folk,True,2015,,2015
4348,Song,Hysterical Revenge,True,2004,Oceanus Folk,True,2000,,
4352,Song,Laughter's Sharp EdgeQuesto Momento Fragile (This Fragile Moment),True,2028,Oceanus Folk,True,,,
4362,Song,Sussurri Della Notte (Whispers of the Night),False,2013,Synthwave,True,,,
4368,Song,Vacancy of Memories,True,2029,Lo-Fi Electronica,True,,,2029
4372,Song,Rooms with Broken Windows,True,2022,Dream Pop,True,2022,,
4377,Song,Checkout at Midnight,True,2017,Doom Metal,True,,,
4378,Song,Reservations for One,True,2019,Southern Gothic Rock,True,2019,,
4381,Song,Shadows in the Basement,True,2023,Darkwave,True,2023,,2023
4393,Song,Whispers from Below,True,2029,Oceanus Folk,True,,,2029
4400,Song,The Lower Depths,True,2017,Indie Rock,True,,,
4406,Song,Staircase to Silence,True,2013,Southern Gothic Rock,True,,,
4413,Song,Reboot: Pathways Ahead,True,2010,Symphonic Metal,True,,,
4415,Song,Restart: Unwritten Horizons,True,2013,Doom Metal,True,,,
4421,Song,Reset and Renew: The Next Chapter,True,2026,Jazz Surf Rock,True,,,
4425,Song,The Sweetest Citrus,True,2010,Indie Folk,True,2010,,
4432,Song,Clementine's Lament,True,2005,Speed Metal,True,,,
4436,Song,Mandarin Memories,True,2020,Indie Rock,True,2020,,
4447,Song,Concrete Horizon,False,1994,Dream Pop,True,,,
4453,Song,Promised Mile,True,2013,Indie Folk,True,2013,,
4459,Song,Neon Bootstraps,True,2013,Synthwave,True,,,
4472,Song,Uncertain Ground,True,2023,Alternative Rock,True,,,
4476,Song,Right Until I'm Not,True,2027,Dream Pop,True,,,
4484,Song,Breathing Shadows,True,2023,Doom Metal,True,,,
4492,Song,Suspended Between Worlds,True,2018,Space Rock,True,2018,,
4498,Song,Echoes of an Unlived Self,True,2023,Indie Folk,True,2017,,
4501,Song,Divine Elevation,True,2007,Doom Metal,True,2007,,
4509,Song,Transcendent Might,True,2026,Avant-Garde Folk,True,,,
4510,Song,Celestial Sovereignty,True,1990,Emo/Pop Punk,True,,,
4511,Song,Despite the Silence,True,2027,Synthpop,True,,,2027
4517,Song,Resilience in Verse,True,2013,Doom Metal,True,,,
4518,Song,Echoes of Endurance,True,2007,Indie Folk,True,2007,,
4534,Song,Whispers Between Lines,True,2023,Dream Pop,True,2023,,
4541,Song,Hustler's Birthright,True,2023,Psychedelic Rock,True,2023,,
4547,Song,Concrete Crown,True,2020,Psychedelic Rock,True,2020,,2020
4555,Song,Untamed Ambition,True,2014,Indie Rock,True,,,
4557,Song,Tears Left Unshed,False,2015,Avant-Garde Folk,True,,,
4559,Song,Silent Sorrow,True,2023,Americana,False,2023,,
4562,Song,Holding Back the Rain,True,2017,Synthwave,True,2017,,
4565,Song,Unbroken Silence,True,2004,Oceanus Folk,True,,,
4571,Song,Healing Hours,True,2013,Indie Folk,True,,,
4583,Song,Wellness Manifesto,True,1983,Speed Metal,True,,,
4586,Song,Survival Script,True,2023,Indie Folk,True,2020,,
4593,Song,Whispers of the Heart,True,2018,Alternative Rock,True,,,
4596,Song,Tender Echoes,True,2023,Synthwave,False,2023,,
4606,Song,Wooden Shoes and Accordion Dreams,True,2013,Southern Gothic Rock,True,,,
4607,Song,Spinning Skirts of Bavaria,True,2028,Dream Pop,True,,,
4609,Song,Brass and Brass: A Polka Memoir,True,1997,Avant-Garde Folk,True,,,1997
4613,Song,Dancing Between the Oompah Notes,True,2025,Alternative Rock,True,,,
4614,Song,Cobblestone Lullabies,True,2023,Indie Folk,True,,,2023
4619,Song,Whispers from the Foggy Nursery,True,2013,Doom Metal,True,,,
4624,Song,Street Corner Childhood Echoes,True,2026,Blues Rock,True,2026,,
4626,Song,Whispers of the Wild Meridian,False,2020,Dream Pop,True,2020,,
4631,Song,Botanical Echoes and Forgotten Rhythms,True,2026,Southern Gothic Rock,True,,,
4634,Song,Taxonomy of Silent Migrations,True,2010,Synthwave,True,,,
4639,Song,Intricate Landscapes of Microscopic Kingdoms,True,2026,Indie Folk,True,2023,,
4645,Song,The Sergeant's Stride,True,2029,Desert Rock,True,2029,,
4649,Song,Boots and Brass: A Soldier's Honor,True,2026,Doom Metal,True,2026,,2026
4650,Song,Guardians of the Northern Watch,False,2028,Jazz Surf Rock,True,,,
4653,Song,Healing in Hindsight,True,2014,Synthwave,True,2014,,
4666,Song,Aftermath of a Broken Heart,True,2000,Indie Folk,True,,,
4675,Song,Wha?,True,2020,Desert Rock,True,,,
4684,Song,Huh?,True,1994,Indie Folk,True,1994,,1994
4687,Song,Come Again?,True,2020,Indie Folk,True,,,
4704,Song,Memories in Sepia,False,2028,Jazz Surf Rock,True,2022,,
4713,Song,The Age of Unfolding,True,2000,Dream Pop,True,,,
4718,Song,Twilight's Whisper,True,2023,Doom Metal,True,,,
4725,Song,Shadows of Sundown,True,2025,Southern Gothic Rock,True,,,2025
4733,Song,Golden Hour's Farewell,True,2020,Oceanus Folk,True,,,
4738,Song,Scent of Desire,True,2020,Alternative Rock,True,,,
4742,Song,Aromatic Attraction,True,2025,Psychedelic Rock,True,,,
4752,Song,Olfactory Obsession,False,2020,Doom Metal,True,,,
4758,Song,Her Royal Decree,False,2029,Jazz Surf Rock,True,,,
4764,Song,The Lady's Prerogative,False,2024,Space Rock,True,,,
4770,Song,Sovereign Heart,True,2007,Synthwave,True,2007,,
4774,Song,Title of Power,True,2029,Lo-Fi Electronica,True,,,
4777,Song,Autumno's Golden Whispers,True,2014,Synthwave,True,,,
4781,Song,September's Last Embrace,False,2003,Lo-Fi Electronica,True,,,
4784,Song,Fading Sunlight on Tuscan Fields,False,2023,Dream Pop,True,,,
4788,Song,Warmth of the Waning Summer,False,2007,Synthwave,True,2007,,
4789,Song,Dance Floor Revolution,True,2019,Psychedelic Rock,True,,,
4795,Song,Groove Unfolding,True,2029,Dream Pop,True,,,
4801,Song,Rhythm Rebellion,False,2017,Psychedelic Rock,True,,,
4805,Song,Step Into Your Power,True,2026,Dream Pop,True,,,
4814,Song,Solitude's Symphony,False,2015,Doom Metal,True,2012,,
4818,Song,Unaccompanied Heart,True,2018,Doom Metal,True,2018,,
4821,Song,Single-Handed Horizon,True,2028,Dream Pop,True,2028,,
4827,Song,The Freedom of Silence,True,2013,Blues Rock,True,,,
4830,Song,Stones Along the Scottish Mile,True,1997,Alternative Rock,True,,,
4834,Song,Whispers from the Dundonian Highway,False,2013,Doom Metal,True,,,
4839,Song,Crossing the Tay Bridge at Twilight,True,2025,Americana,True,2025,,
4843,Song,Wanderer's Path to the City of Jute,True,2023,Indie Folk,True,2023,,
4854,Song,Echoes from the Vatican Walls,True,2004,Southern Gothic Rock,True,,,
4856,Song,Saint Peter's Silent Whispers,True,2013,Synthwave,True,,,
4859,Song,Echoes of Marco's Streets,True,2000,Dream Pop,True,,,
4861,Song,Civic Pride: A Municipal Melody,True,1996,Speed Metal,True,1996,,1996
4862,Song,Cornerstone of Community,False,2026,Americana,True,,,
4865,Song,Marco's Heartbeat: A Local Hymn,True,2017,Psychedelic Rock,True,,,2017
4880,Song,"Soft Sighs, Silent Storms",True,2016,Alternative Rock,True,,,2016
4884,Song,The Gentle Pulse of Longing,True,2004,Doom Metal,True,,,
4890,Song,Naked Spectrum,False,2022,Desert Rock,True,2022,,2022
4892,Song,Beneath the Mask,True,2027,Jazz Surf Rock,True,,,
4897,Song,Unfiltered Light,True,2016,Blues Rock,True,,,
4900,Song,Raw Palette,True,2023,Doom Metal,True,2023,,
4903,Song,Fanfare of Folly,True,2014,Indie Rock,True,,,2014
4920,Song,Comedic Conflict,True,2029,Darkwave,True,,,
4926,Song,Street Corner Serenade,True,2015,Southern Gothic Rock,True,,,
4933,Song,Whispers and Echoes,True,2022,Symphonic Metal,True,2016,,
4935,Song,Vintage Voices,False,2030,Synthwave,True,,,
4950,Song,Integrity's Valor,False,2025,Americana,True,,,
4959,Song,Whispers of Minor Keys,False,2023,Indie Rock,True,,,
4961,Song,Cascading Shadows in C,True,2020,Indie Pop,True,2020,,
4965,Song,Moonlit Melancholy,True,2020,Synthwave,True,,,
4969,Song,Echoes of Unresolved Harmony,True,2017,Dream Pop,True,,,
4973,Song,Rhythm of Rio's Soul,True,2024,Dream Pop,True,,,
4981,Song,Samba's Heartbeat,False,2024,Space Rock,True,2024,,
4985,Song,Dancing Through the Drums,False,2026,Indie Folk,True,,,
4992,Song,Carnival's Pulse,True,1997,Indie Pop,True,,,
4996,Song,Seven Tones of Twilight,True,2001,Synthwave,True,,,
5001,Song,Chamber of Seven Shadows,False,1994,Indie Rock,True,1991,,
5004,Song,Harmonic Septet in Amber,True,2021,Synthwave,True,,,
5009,Song,Echoes of Eight Strings,False,2023,Dream Pop,True,2023,,
5013,Song,Leaky Life Blues,True,2022,Indie Folk,True,2022,,
5018,Song,Bucket of Broken Dreams,False,2016,Blues Rock,True,2016,,
5021,Song,"Patch Me Up, Henry",True,2024,Jazz Surf Rock,True,,,
5028,Song,Holes Where Hope Should Be,True,2007,Alternative Rock,True,,,
5029,Song,Landsbyens Drøm (Village's Dream),True,2026,Desert Rock,True,,,
5040,Song,Eldgamle Stier (Ancient Paths),True,2026,Lo-Fi Electronica,True,2023,,
5051,Song,Whispers of Summer Wings,True,1997,Emo/Pop Punk,True,,,
5053,Song,Sunlit Serenade,True,2029,Jazz Surf Rock,True,,,
5055,Song,Ephemeral Chorus,False,2029,Indie Rock,True,,,
5058,Song,Rhythm of the Heated Skies,True,2021,Lo-Fi Electronica,False,2021,,
5059,Song,Neon Nights and Velvet Dreams,False,2023,Doom Metal,False,,,
5068,Song,Retrograde Rhythm,True,2026,Americana,True,2026,,
5075,Song,Reflection's Embrace,True,2021,Blues Rock,True,,,2021
5079,Song,The Pool of Self-Obsession,True,2020,Indie Folk,True,2020,,2020
5088,Song,Echoes of a Lonely Gaze,False,2026,Lo-Fi Electronica,True,2026,,2026
5089,Song,Drowning in My Own Image,True,2020,Indie Folk,True,2017,,
5096,Song,Whispers of the Verdant Farewell,True,2026,Synthwave,True,,,
5100,Song,Sylvan Bride's Lament,False,2010,Oceanus Folk,True,2010,,
5109,Song,Echoes from the Alpine Parting,True,2004,Emo/Pop Punk,True,,,
5110,Song,Wilderness Vows at Twilight,True,1991,Indie Pop,True,1991,,
5113,Song,Gravity of Collapse,True,2026,Indie Rock,True,,,
5119,Song,Fragments of Yesterday,True,2011,Psychedelic Rock,False,,,
5126,Song,Broken Silent Skies,True,2026,Indie Folk,True,,,
5133,Song,Trash Heap Serenade,True,2007,Speed Metal,True,,,
5142,Song,Discarded Dreams,True,1996,Psychedelic Rock,True,1996,,
5146,Song,Waste Management Waltz,False,2026,Darkwave,True,,,2026
5154,Song,Whispers of the Windswept Carriage,True,2020,Indie Folk,True,,,
5159,Song,Rhythms of the Rolling Journey,True,2029,Desert Rock,True,,,
5165,Song,Praise Be to My Traveling Soul,True,2020,Doom Metal,True,2020,,
5178,Song,Rhythm of Seven Steps,True,2027,Lo-Fi Electronica,True,2027,,
5181,Song,Dancing Through Numbered Paths,True,2018,Dream Pop,True,,,
5188,Song,Hopscotch Heartbeat,True,2012,Synthwave,True,,,
5195,Song,The Geometric Waltz,True,2027,Dream Pop,True,2027,,
5203,Song,Linguistic Labyrinths,True,2007,Emo/Pop Punk,True,2007,,
5212,Song,Whispers Unraveled,False,2004,Southern Gothic Rock,True,,,
5214,Song,Grammatical Gymnastics,False,2012,Lo-Fi Electronica,True,,,
5216,Song,Twilight's Gypsy Memories,True,2018,Jazz Surf Rock,True,2018,,
5218,Song,Sunset Over Wandering Hearts,True,1996,Blues Rock,True,,,1996
5220,Song,Crimson Skies and Distant Love,True,2023,Americana,True,,,
5232,Song,Whispers of Ancient Branches,True,2009,Emo/Pop Punk,True,,,
5238,Song,Shadows of Forgotten Myths,True,2016,Jazz Surf Rock,True,2016,,
5243,Song,The Woodland's Silent Chronicle,True,2027,Jazz Surf Rock,True,2024,,
5247,Song,Polaroid Memories,True,2024,Indie Folk,True,,,
5254,Song,Sunset on Asphalt,True,2028,Blues Rock,True,2028,,
5264,Song,Faded Denim Days,True,2007,Doom Metal,True,2007,,
5267,Song,Tripartite Fanfare of Metallic Voices,True,2027,Space Rock,True,,,2027
5273,Song,Concerto for Embouchure and Echo,True,2025,Dream Pop,True,,,
5276,Song,Windborne Dialogues of Three Horns,True,2013,Indie Folk,True,2013,,
5279,Song,Silent Walls,True,1998,Indie Pop,True,1998,,
5283,Song,Dial Tone Goodbye,True,2003,Indie Pop,True,,,
5284,Song,Read Receipts and Regrets,False,1984,Blues Rock,True,1984,,1984
5300,Song,The Midnight Revue,False,2027,Psychedelic Rock,True,,,
5307,Song,Florenz's Dream,False,2013,Doom Metal,True,,,
5310,Song,Whispers Between Verses,True,2024,Indie Rock,True,2024,,
5318,Song,Melody of the Heart,True,2019,Doom Metal,False,,,
5331,Song,Toilet Titan,True,2017,Synthwave,True,,,
5335,Song,Cameraman's Lament,True,2013,Blues Rock,True,,,
5339,Song,Digital Head Quest,False,2026,Indie Folk,True,2026,,
5356,Song,Hallelujah Horizon,True,2016,Psychedelic Rock,True,,,
5361,Song,Echoes of Adoration,True,2026,Emo/Pop Punk,True,2020,,
5364,Song,Radiant Worship,True,2027,Dream Pop,True,,,
5372,Song,Caribbean Courage,False,2013,Indie Folk,True,2010,,
5376,Song,Island Resolve,True,2022,Desert Rock,True,,,
5383,Song,Tropical Determination,True,1984,Indie Folk,True,,,1984
5386,Song,Reggae Spirit Rising,True,2013,Oceanus Folk,True,,,
5389,Song,If Only You Had Stayed in Your Hometown,True,2020,Post-Apocalyptic Folk,True,,,
5392,Song,Postcards from the City I Left Behind,True,2016,Synthpop,True,2016,,
5394,Song,Echoes of a Road Not Taken,True,2027,Americana,True,2027,,
5407,Song,The Whispers of Walborg,True,2023,Avant-Garde Folk,True,,,
5410,Song,Echoes from the Northern Fjord,True,2023,Indie Folk,True,,,
5415,Song,Walborg's Lament,True,2028,Darkwave,True,2028,,2028
5425,Song,Memories of the Nordic Maiden,True,2013,Doom Metal,True,2013,,2013
5432,Song,Sickle's Serenade,True,2004,Synthwave,True,,,
5436,Song,Fields of Golden Promise,True,1984,Dream Pop,True,,,
5438,Song,Reaper's Rhythm,True,2028,Dream Pop,True,,,
5448,Song,Masked Moments,True,2002,Alternative Rock,True,2002,,
5452,Song,Distance Between Hearts,True,2007,Doom Metal,True,,,
5455,Song,Quarantine Whispers,False,1999,Southern Gothic Rock,True,,,1999
5457,Song,Six Feet From You,True,2017,Oceanus Folk,True,,,
5460,Song,Shadows Behind Lace,True,2024,Psychedelic Rock,True,2024,,2024
5469,Song,Windowpane Secrets,True,2020,Indie Pop,True,,,
5473,Song,Translucent Whispers,True,2020,Alternative Rock,True,,,
5477,Song,Fabric Divides,True,2026,Americana,True,2026,,2026
5480,Song,Whispers of Our Silent Agreement,False,2018,Lo-Fi Electronica,True,,,
5483,Song,Shadows of a Promise Unbroken,True,2023,Synthwave,True,,,
5492,Song,The Covenant We Share,True,2023,Indie Folk,True,,,
5507,Song,Petal Waltz,True,2017,Americana,True,2017,,2017
5514,Song,Blossom Rhythm,False,2023,Doom Metal,True,,,2023
5519,Song,Garden's Symphony,True,2013,Indie Folk,True,2013,,2013
5526,Song,Blooming Choreography,True,2023,Southern Gothic Rock,True,,,
5527,Song,Voiceless Devotion,True,2017,Psychedelic Rock,True,2017,,
5530,Song,Whispers of Reverence,False,2026,Desert Rock,True,,,
5535,Song,Unspoken Praise,True,2001,Doom Metal,True,,,2001
5540,Song,Quiet Communion,True,2023,Dream Pop,True,,,
5546,Song,Sweet Metabolism,True,2000,Speed Metal,True,,,
5547,Song,Delta-9 Daydreams,False,2023,Synthwave,True,,,
5559,Song,Infused Intentions,True,2023,Synthpop,True,,,
5565,Song,Cosmic Coincidence,True,2024,Dream Pop,True,,,
5571,Song,Written in the Stars,True,2007,Jazz Surf Rock,True,,,
5574,Song,Our Inevitable Path,True,2017,Indie Folk,True,2017,,
5584,Song,Unwritten Maps,True,2010,Doom Metal,True,,,
5588,Song,Skinned Knees and Daydreams,True,2026,Space Rock,True,,,
5591,Song,Small Shadows Growing,True,2025,Symphonic Metal,True,,,2025
5598,Song,Whispers of an Unbound Horizon,False,2017,Oceanus Folk,False,,,
5599,Song,Echoes of Untouched Moments,False,2020,Synthwave,True,,,
5603,Song,"Wandering Soul, Silent Memories",True,2010,Doom Metal,True,2010,,
5609,Song,Footsteps Before Feeling,True,2006,Synthwave,True,,,
5611,Song,Traces of Your Heart,True,2002,Emo/Pop Punk,True,,,2002
5614,Song,Echoes of Your Memory,True,2026,Synthwave,True,,,
5625,Song,Partners in Redemption,True,2003,Synthwave,True,,,
5633,Song,Allies of the Last Chance,True,2026,Dream Pop,True,,,
5643,Song,"Farewell, My Heartache",True,2011,Lo-Fi Electronica,True,,,
5647,Song,The Last Goodbye,True,2028,Darkwave,False,2028,,
5653,Song,Memories Fade Away,True,2023,Alternative Rock,True,,,
5657,Song,Letting Go of Us,True,2023,Indie Rock,True,,,
5660,Song,Vacant Brain Waves,True,1997,Indie Rock,True,,,
5663,Song,Cognitive Disconnect,True,1987,Indie Folk,True,1987,,
5664,Song,Temporary Intelligence,True,2020,Dream Pop,True,,,
5673,Song,Slow Processor,True,2030,Indie Folk,True,2030,,
5680,Song,Gaul's Last Hangover,True,2020,Americana,True,2020,,
5681,Song,Iberian Intoxication,True,2017,Americana,True,,,
5685,Song,Liquid Legions,True,2017,Space Rock,True,,,
5687,Song,"Mead, Mediterranean, and Mayhem",True,2010,Indie Folk,True,,,
5689,Song,Midnight Getaway,True,2006,Emo/Pop Punk,True,,,
5691,Song,Runaway Hearts,True,2008,Speed Metal,True,,,
5694,Song,Stolen Horizons,True,2020,Dream Pop,True,,,
5704,Song,The North Pole Transformation,True,1995,Emo/Pop Punk,True,,,
5711,Song,"Crimson Coat, White Beard",True,2024,Psychedelic Rock,True,,,2024
5718,Song,Reindeer's Chosen One,True,2028,Psychedelic Rock,False,,,
5726,Song,The Path Unfolding,True,2010,Alternative Rock,True,,,
5737,Song,Navigating Horizons,True,2020,Dream Pop,True,2020,,
5746,Song,Roadmap to Myself,True,2000,Indie Rock,True,,,
5751,Song,Downward Spiral,True,2025,Dream Pop,True,,,
5761,Song,No Redemption,True,2026,Oceanus Folk,True,2026,,
5773,Song,Blood and Honor's Path,True,2010,Dream Pop,True,,,
5777,Song,Standing Watch at Dawn's Edge,True,2013,Indie Folk,True,,,
5790,Song,Riverside Memories,True,2007,Dream Pop,True,,,
5796,Song,Echoes of the Mohegan,True,2012,Doom Metal,True,,,
5802,Song,Tribal Waters,True,1984,Indie Pop,True,,,
5804,Song,Settler's Crossing,False,2024,Lo-Fi Electronica,True,,,
5813,Song,Heartstrings Intertwined,True,2013,Indie Rock,True,2013,,
5818,Song,"Two Souls, One Rhythm",False,2024,Synthwave,True,2024,,
5826,Song,Mirror of Affection,True,2020,Desert Rock,True,,,
5832,Song,Until the Last Breath Echoes,True,2029,Desert Rock,True,2029,,
5837,Song,Promises Etched in Starlight,True,2018,Dream Pop,True,2018,,
5839,Song,Permanent Horizon,True,2006,Southern Gothic Rock,True,2006,,2006
5840,Song,Beyond Farewell's Shadow,True,2012,Southern Gothic Rock,True,2012,,
5844,Song,Golden Rays Break Through,True,2005,Southern Gothic Rock,True,,,
5847,Song,Dawn's Warm Embrace,False,2029,Americana,True,,,
5854,Song,Sunlight Whispers,True,2017,Indie Folk,True,,,
5871,Song,Radiant Threads,True,2013,Indie Pop,True,,,
5873,Song,Luminescent Paths,True,2026,Americana,True,,,
5887,Song,The Price of Freedom,True,1997,Doom Metal,True,,,
5891,Song,Bleeding Heart's Pledge,True,2008,Dream Pop,True,,,2008
5893,Song,Unspoken Surrender,True,2027,Psychedelic Rock,True,,,
5911,Song,Sleepless Memories,False,2024,Indie Rock,True,,,
5916,Song,Phantom Heart,True,2018,Americana,True,,,
5921,Song,Peach Blossoms of the Kibi Plain,True,2002,Speed Metal,True,,,
5923,Song,Kurashiki Blues,True,2026,Darkwave,True,2026,,
5928,Song,Mist Over Mount Washu,False,2019,Lo-Fi Electronica,True,,,
5930,Song,Legends of the Kibiji Road,True,2024,Desert Rock,True,2024,,
5938,Song,Synchronized Souls,True,2024,Dream Pop,True,2024,,
5952,Song,Rebuild,True,2024,Indie Rock,True,2024,,2024
5958,Song,Mending Pieces,True,2004,Indie Rock,True,2004,,
5965,Song,Rise from the Wreckage,True,2017,Indie Pop,True,,,
5972,Song,Liturgical Echoes,True,2010,Dream Pop,True,,,
5980,Song,Sacred Resonance,True,2025,Indie Rock,True,,,
5986,Song,Congregation's Whisper,True,2004,Americana,True,,,2004
5992,Song,"Always, Sometimes, Sometimes",False,2026,Dream Pop,True,,,
5994,Song,"Forever, Barely, Barely",True,2011,Southern Gothic Rock,True,,,
5996,Song,"Endless, Fleeting, Fleeting",True,2026,Dream Pop,True,,,
6006,Song,Mercy's Endless Tide,True,2004,Doom Metal,True,,,
6008,Song,Redeemed by Boundless Love,True,2017,Indie Rock,True,2010,,
6020,Song,Sunrise of Forgiveness,True,2026,Indie Folk,True,,,
6022,Song,Melody of My Soul,True,2016,Americana,True,,,
6024,Song,Unsilenced Whispers,True,2026,Space Rock,True,,,
6035,Song,Echoes from Within,False,2017,Indie Pop,True,,,
6041,Song,Daughters of Chiapas,True,2017,Synthwave,True,,,2017
6049,Song,Mountain Melodies,True,2000,Doom Metal,True,,,
6054,Song,Colorful Traditions,True,2026,Dream Pop,True,,,2026
6061,Song,Determination's Flame,True,2010,Southern Gothic Rock,True,2007,,
6064,Song,Willpower Wins,False,2025,Dream Pop,True,2022,,
6065,Song,Push Through the Doubt,True,2029,Dream Pop,True,2029,,
6070,Song,Desire's Pathway,True,2014,Lo-Fi Electronica,True,2014,,
6072,Song,Whispers of My Homeland,True,1998,Synthwave,True,,,
6074,Song,Borders of the Heart,True,2023,Southern Gothic Rock,True,,,2023
6076,Song,"Tiny Nation, Endless Dreams",False,2017,Dream Pop,True,,,2017
6080,Song,Starlit Chains,True,2013,Doom Metal,True,,,
6087,Song,Celestial Maiden's Lament,True,2025,Doom Metal,True,,,2025
6106,Song,Unanswered Questions,True,2020,Indie Folk,True,,,
6108,Song,Pieces of a Puzzle,True,2029,Dream Pop,True,2029,,
6113,Song,The Mystery Remains,True,2020,Alternative Rock,False,2020,,
6120,Song,Breaking Chains,True,2026,Darkwave,True,,,2026
6126,Song,Horizon's Promise,True,2029,Darkwave,False,,,
6130,Song,Unfolding Path,False,2026,Doom Metal,True,2026,,
6137,Song,Beyond the Moment,True,2024,Synthwave,True,2024,,
6142,Song,Lunar Lament,False,2029,Symphonic Metal,True,,,2029
6148,Song,Sundown's Sorrow,True,2020,Synthpop,True,,,
6151,Song,Celestial Tears,True,2023,Indie Folk,True,,,
6154,Song,Eclipse of Emotion,True,2020,Desert Rock,True,,,
6158,Song,They Won't Understand Our Vision,True,2018,Avant-Garde Folk,True,,,
6160,Song,Outsiders By Design,True,1997,Alternative Rock,True,,,1997
6163,Song,Deaf to Our Frequency,False,2022,Psychedelic Rock,True,,,2022
6168,Song,Strangers to Our Dreams,True,2017,Psychedelic Rock,True,,,
6170,Song,Twilight's Gentle Whisper,True,2023,Oceanus Folk,True,,,
6180,Song,Dusk's Lingering Embrace,True,2010,Desert Rock,True,,,2010
6183,Song,When Daylight Softly Fades,True,2015,Psychedelic Rock,True,,,
6189,Song,Riverstone Whispers,True,2007,Indie Folk,True,,,
6190,Song,Borderline Currents,True,2024,Synthwave,True,,,
6191,Song,Siberian Watershed,True,1994,Synthwave,True,,,
6193,Song,Blood and Tributaries,True,2008,Southern Gothic Rock,True,,,
6194,Song,Snowflakes and Silent Nights,False,2019,Dream Pop,True,2019,,
6201,Song,Whispers of Winter's Embrace,True,2020,Indie Folk,True,,,
6205,Song,Candlelight Memories,False,2027,Alternative Rock,True,2027,,
6210,Song,The Gentle Frost of December,True,2022,Alternative Rock,True,,,2022
6211,Song,Broken Whispers to the Divine,True,2028,Dream Pop,True,2028,,
6216,Song,"Trembling Hands, Reaching Higher",True,2023,Southern Gothic Rock,True,,,
6218,Song,Echoes of Grace in Silent Moments,True,2023,Doom Metal,True,,,2023
6227,Song,When Mercy Finds Me Weeping,True,1999,Speed Metal,True,,,
6235,Song,Sacred Crossroads,False,2026,Dream Pop,True,,,
6245,Song,Andante in Amber,True,1989,Emo/Pop Punk,True,,,
6246,Song,Largo Luminescence,True,2026,Alternative Rock,True,,,
6250,Song,Moderato Meridian,True,2017,Southern Gothic Rock,True,2017,,
6253,Song,Rebel Heartbeats,True,2023,Synthwave,True,,,
6257,Song,Voices Unsilenced,True,2020,Doom Metal,True,2020,,
6262,Song,Torch of Tomorrow,False,1992,Dream Pop,True,,,
6263,Song,Whispers Between Strings,False,2028,Alternative Rock,True,,,
6268,Song,Harmonic Crossroads,True,2017,Indie Folk,True,2017,,2017
6279,Song,Walk Away from Women,True,2028,Alternative Rock,True,,,
6286,Song,Distant from Her Desire,False,2028,Darkwave,True,,,
6293,Song,Scars of Knowledge,True,2025,Dream Pop,True,,,
6298,Song,Bruised Wisdom,True,1994,Alternative Rock,True,,,
6300,Song,"Fading Strength, Rising Insight",True,1997,Blues Rock,True,,,
6307,Song,Gaze of Understanding,True,2025,Dream Pop,True,2025,,2025
6313,Song,Unspoken Connections,True,2009,Dream Pop,True,,,
6315,Song,Iris to Iris,True,1987,Emo/Pop Punk,True,1987,,
6318,Song,Stare Down the Distance,False,2017,Americana,True,2017,,
6322,Song,Montmartre Moonlight,True,2013,Desert Rock,True,2013,,
6333,Song,Lumières de la Ville,True,2012,Jazz Surf Rock,True,,,
6337,Song,Dressed to the Nines,True,2029,Indie Rock,True,,,
6339,Song,Glitz and Glamour,True,2017,Blues Rock,True,2011,,
6342,Song,High Society Strut,True,2004,Dream Pop,True,,,
6344,Song,Uptown Swagger,True,2024,Desert Rock,True,,,
6351,Song,Rain of Affection,True,2028,Psychedelic Rock,True,,,
6358,Song,Deluge of Devotion,True,2017,Doom Metal,True,,,
6363,Song,Cascading Tenderness,True,1984,Dream Pop,True,,,
6364,Song,Waterfall of Passion,True,2012,Speed Metal,True,,,
6368,Song,Tender Embrace,True,1994,Synthwave,True,,,
6372,Song,Unspoken Passion,True,2027,Dream Pop,True,,,
6376,Song,Temptation's Edge,False,2026,Dream Pop,True,,,2026
6377,Song,Whisper and Wait,True,2015,Dream Pop,True,2015,,
6382,Song,Slow Burn Desire,True,2010,Synthwave,True,,,2010
6386,Song,Almost Touched,True,2023,Alternative Rock,True,,,
6393,Song,Infected by Your Absence,True,2007,Blues Rock,True,2007,,
6396,Song,Contagious Heartache,True,2017,Indie Rock,True,,,
6397,Song,Symptoms of Loving You,False,2011,Emo/Pop Punk,True,,,
6398,Song,Sacred Brevity in Nine Movements,False,2008,Dream Pop,True,,,
6404,Song,Liturgical Fragments: A Choral Meditation,True,2023,Emo/Pop Punk,True,,,
6406,Song,Celestial Whispers: Ninth Ecclesiastical Composition,True,2023,Dream Pop,False,2023,,
6412,Song,Harmonic Prayers: The Condensed Ritual,True,2022,Desert Rock,True,,,
6415,Song,Echoes of Forgotten Melodies,False,2017,Alternative Rock,True,2017,,
6418,Song,Memories in Harmonic Dust,True,2028,Dream Pop,True,2028,,
6423,Song,The Last Note of Yesterday,True,2013,Indie Folk,True,,,
6428,Song,Echoes of Joy,False,2023,Oceanus Folk,True,,,
6443,Song,Radiant Hope,True,2026,Indie Rock,True,2026,,
6447,Song,Endless Mental Replay,True,2025,Oceanus Folk,True,,,
6454,Song,Memories on Repeat,True,1991,Indie Pop,True,1988,,
6456,Song,Haunting Your Headspace,True,2027,Dream Pop,True,,,
6467,Song,Nordic Echoes,True,2010,Blues Rock,True,,,
6473,Song,Stockholm Serenade,False,2014,Dream Pop,True,,,2014
6474,Song,Midsummer's Melody,True,2027,Dream Pop,True,,,
6476,Song,Scandinavian Sonata,True,2022,Doom Metal,True,,,
6482,Song,Daydream's Descent,True,2027,Dream Pop,True,,,
6489,Song,Whispers of Imagination,False,2027,Space Rock,True,,,
6497,Song,Memories Unbound,True,2010,Synthwave,True,,,
6503,Song,Bund Boogie,True,2018,Emo/Pop Punk,True,,,
6504,Song,Huangpu Hustle,False,2010,Indie Pop,True,,,
6505,Song,Nanjing Road Rhythm,True,2012,Americana,True,2012,,
6513,Song,Walls of Memory,False,2022,Psychedelic Rock,True,,,
6521,Song,Revolutionary Shadows,True,2028,Doom Metal,True,,,
6524,Song,Tenement of Freedom,True,2014,Oceanus Folk,True,,,
6529,Song,Echoes from the Eighteenth Floor,True,2029,Dream Pop,True,,,
6535,Song,Udder Rhythm,True,2023,Symphonic Metal,True,2023,,
6541,Song,Pasture Party,True,2020,Doom Metal,True,,,
6543,Song,Mooo-ving Groove,True,2029,Jazz Surf Rock,True,,,2029
6548,Song,Hoof and Harmony,True,2025,Dream Pop,True,2025,,
6551,Song,Reglas Rotas (Broken Rules),False,2014,Indie Folk,True,2014,,
6556,Song,La Última Jugada (The Last Move),True,2027,Symphonic Metal,True,,,
6560,Song,Estrategia del Corazón (Strategy of the Heart),True,2023,Darkwave,True,2023,,
6564,Song,Dados del Destino (Dice of Destiny),True,2019,Space Rock,True,2019,,
6569,Song,Whispers of the Lô,True,2029,Desert Rock,True,,,
6575,Song,Riverbanks of Memory,False,2024,Symphonic Metal,True,,,2024
6577,Song,Currents of Homeland,True,2029,Jazz Surf Rock,True,2025,,
6581,Song,Echoes Along the Lô,True,2020,Americana,True,,,
6588,Song,Closing Time Conscience,False,2027,Alternative Rock,True,2027,,
6592,Song,When the Bar Lights Go Up,False,2000,Emo/Pop Punk,True,,,
6594,Song,Too Drunk to Drive Home,True,2017,Alternative Rock,True,,,
6603,Song,Can't Get Enough of Us,True,2028,Jazz Surf Rock,True,,,
6606,Song,Love's Wild Ride,True,2023,Doom Metal,True,,,
6611,Song,Completely Crazy (About You),True,2013,Oceanus Folk,True,2013,,
6616,Song,Wisdom's Whispers in Twilight,True,2011,Indie Rock,True,2011,,2024
6617,Song,Graceful Reflections of Maturity,True,2017,Dream Pop,True,2017,,
6624,Song,Sage Steps Through Sunlight,True,2013,Indie Folk,True,,,
6633,Song,Tumbling into Us,False,2020,Lo-Fi Electronica,True,,,
6639,Song,When Walls Come Falling Down,True,1994,Alternative Rock,True,,,
6643,Song,The Companion's Heart,True,2013,Indie Folk,True,,,
6651,Song,Whispers of Affection,False,1996,Dream Pop,True,1996,,
6658,Song,Sweet Tea and Porch Swing Memories,True,2010,Dream Pop,True,2010,,2010
6661,Song,"Magnolia Nights, Southern Lights",True,2023,Doom Metal,True,,,
6665,Song,Backroads and Firefly Tales,True,2026,Desert Rock,True,,,
6672,Song,Peach Pie and Sunday Smiles,True,2013,Dream Pop,True,,,2013
6674,Song,Närma dig friden (Approach the Peace),True,1984,Blues Rock,True,,,1984
6675,Song,Vägen hem (The Way Home),True,2028,Jazz Surf Rock,True,,,
6687,Song,Embers and Memories,False,2022,Southern Gothic Rock,True,2022,,
6688,Song,Crackling Comfort,True,2026,Synthwave,True,,,2026
6697,Song,Warmth Between Shells,True,2020,Synthwave,True,,,
6699,Song,Beside Me,True,2021,Indie Rock,True,2021,,
6702,Song,Holding Hands,True,2024,Darkwave,True,2024,,2024
6709,Song,Intertwined,True,2028,Dream Pop,True,,,2028
6714,Song,Never Alone,True,2017,Indie Folk,True,2017,,
6721,Song,Tales of the Wise Fool,True,2023,Indie Folk,True,2020,,
6729,Song,Nasreddin's Riddle,True,2017,Darkwave,True,,,
6735,Song,Wisdom Wearing a Donkey's Saddle,False,2008,Alternative Rock,True,,,
6736,Song,Twilight Paradigm,True,2031,Indie Folk,True,,,
6743,Song,Epochs in Motion,False,2020,Dream Pop,True,,,
6745,Song,Temporal Horizon,False,1994,Indie Pop,True,1994,,
6746,Song,Sunset Continuum,True,2018,Southern Gothic Rock,True,,,
6752,Song,Soft Collisions,True,2010,Oceanus Folk,True,,,
6762,Song,Fragile Constellations,True,2007,Symphonic Metal,True,,,
6765,Song,Whispers of New Bloom,True,2029,Alternative Rock,True,,,
6770,Song,Tender Green Awakening,False,2025,Americana,True,2025,,
6777,Song,Springtime's First Breath,True,2013,Psychedelic Rock,True,,,
6778,Song,Wheel of Fortune,False,2029,Indie Rock,True,,,
6780,Song,Rolling Destiny,True,2025,Synthwave,True,,,
6785,Song,Circular Motion,True,2002,Lo-Fi Electronica,True,,,
6787,Song,Spin Cycle,False,1997,Americana,True,,,
6788,Song,The Whispers of Jakez,True,2013,Indie Folk,True,,,2013
6791,Song,Brother's Lament,True,2015,Synthwave,True,,,
6793,Song,Stones and Shadows of Brittany,True,2029,Doom Metal,True,,,
6794,Song,Whispers of Carmentea,True,2026,Alternative Rock,True,2026,,
6797,Song,Echoes from Ancient Lips,True,2026,Alternative Rock,True,2026,,2026
6798,Song,The Oracle's Breath,True,2024,Dream Pop,True,2024,,
6809,Song,Riviera Nights,True,2022,Darkwave,True,,,
6812,Song,Coastal Whispers,True,2013,Indie Folk,True,,,
6818,Song,Paradise Parallel,True,2017,Oceanus Folk,True,2017,,
6820,Song,Azure Escape,False,2025,Space Rock,True,,,
6827,Song,Fading Echoes,True,2027,Doom Metal,True,,,
6833,Song,The Last Sweet Moment,True,2023,Dream Pop,True,,,
6839,Song,Street Dance Symphony,True,2017,Doom Metal,True,,,
6844,Song,Rhythm of the Alleyways,True,2027,Alternative Rock,True,2021,,
6851,Song,Midnight Carnival,True,2026,Space Rock,True,,,2026
6860,Song,Twilight's Spectral Embrace,True,2026,Space Rock,True,,,
6864,Song,Echoes from the Elfin Veil,True,2017,Avant-Garde Folk,False,,,
6865,Song,Shadows Between Worlds,True,2020,Doom Metal,True,,,
6869,Song,First Light of Tomorrow,True,2004,Darkwave,True,2004,,
6873,Song,Resolutions and Revolutions,True,2029,Dream Pop,True,,,2029
6875,Song,Midnight's Promise,True,2007,Blues Rock,True,,,2007
6881,Song,Blossoming Youth,False,2020,Synthwave,True,2020,,
6885,Song,Innocence Unfolding,True,2013,Synthwave,True,,,2013
6893,Song,Tender Silhouette,True,2022,Dream Pop,True,2015,,
6896,Song,Awakening Grace,True,2013,Doom Metal,True,,,
6899,Song,Shattered Pieces,True,2000,Synthwave,True,,,2000
6901,Song,Love's Bruise,True,2010,Indie Folk,True,,,
6909,Song,Echoes of Goodbye,True,2023,Dream Pop,True,2023,,
6915,Song,Ember of Devotion,False,2014,Symphonic Metal,True,,,
6920,Song,Whispers from Bethlehem,False,2023,Darkwave,True,2023,,
6928,Song,Candlelight Pilgrimage,True,2013,Dream Pop,True,,,
6935,Song,Shepherds' Sacred Journey,True,2006,Indie Rock,True,,,
6940,Song,Sacred Triad,True,2029,Darkwave,True,,,2029
6941,Song,Echoes of Devotion,True,2023,Oceanus Folk,True,,,
6946,Song,Harmony in Three Voices,True,1992,Blues Rock,True,,,
6949,Song,Whispered Benedictions,True,2017,Indie Rock,True,,,
6954,Song,Masked Whispers of the Commedia,True,2025,Jazz Surf Rock,True,,,2025
6960,Song,Diamonds and Shadows: A Harlequin's Tale,True,2019,Dream Pop,True,,,
6967,Song,Pierrot's Lonely Carnival,True,2008,Jazz Surf Rock,True,2008,,
6968,Song,Checkered Heartstrings,False,2028,Dream Pop,True,,,
6977,Song,Crimson Caress,False,2010,Dream Pop,True,,,
6979,Song,Wilting Love's Garden,False,2020,Indie Folk,True,,,
6983,Song,Velvet Static,True,1994,Synthpop,True,,,
6984,Song,Provocative Distance,True,1997,Southern Gothic Rock,True,1997,,
6989,Song,Fever's Edge,True,2023,Emo/Pop Punk,True,2023,,
6990,Song,Whispered Friction,False,2017,Synthpop,True,2017,,
6994,Song,Clocktower Cadence,True,2017,Oceanus Folk,True,,,
7005,Song,Zürich Bells at Dawn,False,2003,Emo/Pop Punk,True,,,
7006,Song,Vernal Procession Pulse,False,2026,Darkwave,True,2026,,
7010,Song,Baroque Whispers in Minor,True,2010,Indie Folk,True,,,
7014,Song,Resonance of Forgotten Keys,True,2022,Synthwave,True,2019,,
7019,Song,Counterpoint's Silent Serenade,True,2023,Oceanus Folk,True,,,
7026,Song,Reflejo Interior,False,1983,Americana,True,1983,,
7033,Song,Mi Propio Camino,False,2003,Speed Metal,True,,,
7034,Song,Identidad Privada,True,2010,Alternative Rock,True,2010,,
7036,Song,Voz Sin Eco,False,1987,Indie Pop,True,,,
7041,Song,Desert Lullaby,True,2010,Indie Folk,True,2004,,2010
7045,Song,Shadows of Sanctuary,True,2026,Dream Pop,True,,,
7052,Song,Borrowed Time in Bethlehem,True,2013,Dream Pop,True,,,
7054,Song,Whispers of the Caravan,True,2026,Lo-Fi Electronica,False,,,
7056,Song,Reflected Strangers,True,2024,Synthwave,True,2018,,
7074,Song,Fractured Expressions,True,2017,Indie Folk,True,,,
7077,Song,Mercy Beyond Blades,True,2017,Psychedelic Rock,True,,,
7086,Song,Halos Without Harm,True,2025,Synthwave,True,,,
7089,Song,Divine Restraint,False,2028,Dream Pop,True,,,
7092,Song,Meadow's Whisper,True,2025,Synthwave,True,,,
7099,Song,Shepherd's Lullaby,True,2021,Avant-Garde Folk,True,,,
7100,Song,Hillside Harmony,True,2012,Alternative Rock,True,2012,,
7107,Song,Traces of Yesterday,True,2020,Dream Pop,True,,,2020
7113,Song,Fragments of a Forgotten Embrace,False,2007,Doom Metal,True,,,
7116,Song,Suffering's Embrace,True,2007,Doom Metal,True,,,
7118,Song,Whispers of Pain,True,2028,Dream Pop,True,,,
7128,Song,Anguish Unfolding,True,1992,Dream Pop,True,,,
7129,Song,Burning Embers,True,2017,Americana,False,,,
7133,Song,Flicker's Last Breath,True,2026,Space Rock,True,2026,,
7138,Song,Kerosene Memories,False,2019,Speed Metal,True,,,
7140,Song,Waves of Longing,True,2029,Desert Rock,True,,,
7157,Song,Salt and Silence,True,1997,Southern Gothic Rock,True,1997,,
7161,Song,Midnight Howl Symphony,True,2025,Synthwave,True,2025,,2025
7165,Song,Canine Warning Signals,False,2003,Synthwave,True,,,
7166,Song,Barking at the Moon's Edge,True,2004,Synthpop,True,,,
7177,Song,Transatlantic Wingspan,True,2013,Indie Folk,True,2013,,2013
7180,Song,Aviator's First Dance,True,2023,Oceanus Folk,True,,,2023
7184,Song,Spirit of St. Louis Swing,False,1994,Indie Pop,True,,,1994
7189,Song,Clouds and Courage,True,2004,Indie Rock,True,,,
7190,Song,Shadows of Silence,True,2027,Psychedelic Rock,True,,,
7194,Song,Hold Me Closer (Don't Let Go),True,2002,Emo/Pop Punk,True,2002,,
7195,Song,Echoes of Empty Rooms,False,2029,Indie Folk,True,,,2029
7197,Song,Invisible Hands Reaching,True,2022,Symphonic Metal,True,,,2022
7204,Song,Whispers of a Fleeting Gaze,False,2023,Dream Pop,True,2023,,2023
7209,Song,Beloved Silhouette in Twilight,True,2029,Symphonic Metal,True,2029,,
7221,Song,Shadows of a Tender Glance,True,1997,Alternative Rock,True,,,
7222,Song,Echoes of Julianne,True,2010,Alternative Rock,True,2010,,
7224,Song,Postcards from Julianne's Heart,False,2022,Oceanus Folk,True,,,
7226,Song,Silhouette of a Memory,True,2020,Indie Rock,True,,,
7235,Song,The Last Letter to Julianne,True,2023,Oceanus Folk,True,2023,,
7241,Song,Kiinni Sydämessäsi (Caught in Your Heart),True,2028,Indie Rock,True,,,
7244,Song,Rakkauden Varjossa (In the Shadow of Love),True,2013,Synthwave,True,2013,,2013
7249,Song,Vailla Toista (Without Another),True,2023,Indie Pop,True,2023,,
7250,Song,Pelkkä Sinä (Just You),False,2013,Doom Metal,True,,,
7261,Song,Candlelight Sonata,True,2030,Alternative Rock,False,,,
7266,Song,Evening's Soft Refrain,False,2026,Dream Pop,True,,,
7271,Song,Surrender to the Silence,True,2024,Alternative Rock,True,,,
7278,Song,Requiem for a Fading Self,True,2022,Synthwave,True,2022,,2022
7281,Song,When Shadows Consume Me,False,2017,Doom Metal,True,,,
7291,Song,Twisted Strands,True,2017,Dream Pop,True,2017,,2017
7295,Song,Binding Fibers,False,2023,Indie Folk,True,,,
7296,Song,Intertwined Hearts,False,2017,Symphonic Metal,True,2017,,
7299,Song,Footsteps of Memory,True,2010,Jazz Surf Rock,True,,,
7304,Song,Wandering Echoes,True,2005,Southern Gothic Rock,True,2002,,
7310,Song,Steps Beyond Horizon,False,2007,Doom Metal,True,2007,,
7311,Song,Pathways Unspoken,True,2010,Blues Rock,True,2010,,
7313,Song,Cosmic Corridor Cadence,True,2023,Dream Pop,True,,,2023
7320,Song,Lunar Transit Groove,True,1997,Americana,True,,,
7325,Song,Starship Strut,True,2004,Emo/Pop Punk,True,2004,,
7326,Song,Interstellar Highway Hymn,True,2028,Dream Pop,True,,,
7336,Song,Growing Into Grace,True,2020,Synthwave,True,2020,,
7341,Song,Blooming Beyond Scars,True,2020,Indie Folk,True,,,
7344,Song,Metamorphosis of Beauty,True,2010,Alternative Rock,True,,,
7351,Song,Silent Frequencies,True,2027,Desert Rock,True,,,
7354,Song,The Acoustic Confessional,True,2029,Indie Rock,True,,,
7361,Song,Resonance Chamber,False,2000,Alternative Rock,True,2000,,
7366,Song,Unrivaled,True,2004,Americana,True,,,
7371,Song,Champion's Lament,True,2017,Synthwave,True,,,
7374,Song,Peak Performance,True,2028,Dream Pop,True,2028,,
7380,Song,Beyond Comparison,False,2026,Space Rock,True,,,2026
7381,Song,The Unwritten Map,False,2030,Americana,True,,,2030
7386,Song,Where Differences Dissolve,True,2027,Alternative Rock,True,,,2027
7389,Song,Empathy's Embrace,True,1989,Blues Rock,True,1983,,
7395,Song,Moral High Ground,True,2021,Synthwave,True,,,
7399,Song,Righteous Steps,True,2024,Space Rock,True,,,
7403,Song,Conduct Code,True,2027,Dream Pop,True,,,
7406,Song,Straight and Narrow,False,2020,Doom Metal,True,,,
7408,Song,Secrets Between the Lines,False,2023,Desert Rock,True,,,
7414,Song,Whispers Nobody Heard,True,2026,Dream Pop,True,2026,,
7417,Song,Reveal the Unspoken,True,2003,Southern Gothic Rock,True,1999,,
7424,Song,Hidden Pages of Truth,True,2014,Emo/Pop Punk,True,,,
7425,Song,Push Through the Limits,True,2024,Dream Pop,True,,,
7431,Song,My Absolute Best,True,2017,Indie Folk,True,2017,,
7435,Song,Every Ounce of Effort,True,2010,Psychedelic Rock,True,2010,,
7448,Song,Whispers of Moonlit Reverie,True,2023,Darkwave,True,,,
7450,Song,Starlit Summer Phantasm,True,2013,Doom Metal,True,2013,,
7452,Song,Twilight's Ethereal Dance,False,2013,Americana,True,2007,,
7457,Song,Shelter from the Storm,True,2023,Symphonic Metal,True,,,
7461,Song,Heartbeat's Embrace,True,2025,Indie Folk,True,,,
7465,Song,Safe Haven,True,2007,Southern Gothic Rock,True,,,
7469,Song,Liquid Desire,True,2007,Dream Pop,True,,,2007
7474,Song,Taste of Temptation,True,2020,Desert Rock,True,2020,,
7478,Song,Drink Me Down,True,2029,Psychedelic Rock,True,,,
7479,Song,Sips and Secrets,True,2026,Doom Metal,True,,,
7482,Song,Silence the Signal,True,2020,Avant-Garde Folk,True,,,
7488,Song,Cellular Goodbye,True,2026,Doom Metal,True,,,
7492,Song,Hang Up (On You),True,2027,Desert Rock,True,2027,,
7495,Song,Dual Waters of Memory,False,2013,Desert Rock,True,2013,,
7502,Song,Twinned Fountains of Longing,True,1997,Indie Folk,True,,,
7511,Song,Parallel Streams of Sentiment,True,2017,Synthwave,True,2017,,
7517,Song,Converging Currents of the Heart,True,2023,Indie Rock,True,,,
7520,Song,Echoes of the Forest Guardian,False,2025,Dream Pop,True,2025,,2025
7525,Song,Nishadpati's Lament,True,2021,Oceanus Folk,True,2021,,
7531,Song,Riverbank Chronicles,True,1992,Southern Gothic Rock,True,1992,,
7534,Song,Whispers of the Tribal King,True,2012,Darkwave,True,,,2012
7540,Song,Midnight's Pale Feast,True,2012,Synthwave,True,,,
7543,Song,Carpathian Blood Requiem,True,2024,Doom Metal,True,,,
7551,Song,Shadows of the Undying Famine,True,2011,Indie Folk,True,,,
7555,Song,Fangs and Forgotten Hunger,False,2024,Space Rock,True,,,
7567,Song,Crimson Echoes of Betrayal,True,2013,Dream Pop,True,,,2013
7568,Song,Heartstrings and Steel,True,2013,Avant-Garde Folk,True,,,
7571,Song,Whispers of a Wounded Soul,True,2020,Indie Folk,True,,,
7574,Song,Braided Stories,False,1989,Speed Metal,True,,,1989
7575,Song,Blood and Harmony,True,2030,Dream Pop,False,,,
7581,Song,"The Eldest, The Middle, The Youngest",True,2025,Americana,True,,,
7584,Song,Riverside Echoes of Jaguaribe,False,2027,Dream Pop,True,,,
7590,Song,Heartbeat of the Municipal Land,True,2010,Doom Metal,True,,,2010
7594,Song,Winds of Jaguaribe's Promise,True,2020,Dream Pop,True,2020,,
7600,Song,Roots and Horizons: A Civic Melody,True,2010,Doom Metal,True,,,
7604,Song,Between Black and White,True,2019,Dream Pop,True,,,
7607,Song,Uncertain Spectrum,True,2016,Dream Pop,True,,,
7611,Song,Blurred Lines of Truth,True,2029,Dream Pop,True,,,
7624,Song,Bin Roulette,True,2020,Synthpop,True,,,
7630,Song,The Stinky Chore Shuffle,True,2010,Speed Metal,True,2004,,2010
7632,Song,Garbage Warrior's Lament,True,2022,Dream Pop,True,2022,,2022
7640,Song,Climbing Uphill,True,2017,Desert Rock,True,,,
7646,Song,Rough Road Ahead,True,2017,Indie Folk,True,,,
7652,Song,Wearing Down,True,2008,Doom Metal,True,,,
7658,Song,Battles Within,True,2031,Alternative Rock,True,,,
7662,Song,Sunlight and Vows,True,2013,Southern Gothic Rock,True,,,
7669,Song,Seaside Promise,True,2017,Southern Gothic Rock,True,,,2017
7671,Song,Champagne and Sunshine,True,1983,Alternative Rock,True,1983,,
7672,Song,Mineral Whispers,True,2025,Dream Pop,True,2025,,
7680,Song,Earthen Resonance,True,2015,Dream Pop,True,,,
7691,Song,Crystalline Memory,True,2021,Dream Pop,True,2021,,
7707,Song,Disconnected Hearts,False,1997,Avant-Garde Folk,True,1997,,
7709,Song,Solitude's Whisper,True,2000,Blues Rock,True,2000,,
7713,Song,Whiskey's Silent Witness,True,1996,Alternative Rock,True,1996,,
7727,Song,Last Call for Heartache,True,2013,Indie Rock,True,,,
7729,Song,Bleeding for Your Redemption,True,2020,Indie Folk,False,2020,,
7733,Song,The Price of Belonging,True,2012,Southern Gothic Rock,True,,,
7739,Song,Corações em Chamas (Hearts on Fire),True,2023,Southern Gothic Rock,True,,,
7740,Song,Amor Sem Limites (Love Without Limits),False,2023,Southern Gothic Rock,True,,,
7741,Song,Rendição Sentimental (Sentimental Surrender),False,2029,Dream Pop,True,,,
7747,Song,Paixão Descontrolada (Uncontrolled Passion),True,2003,Indie Folk,True,2003,,
7748,Song,Baroque Whispers of the Sacred,True,2028,Synthwave,True,,,
7752,Song,Celestial Echoes from Versailles,True,2023,Space Rock,True,,,
7754,Song,Polyphonic Prayers of the Harpsichord,True,2007,Synthwave,True,,,
7761,Song,Choral Canticles in Candlelight,True,2023,Indie Folk,True,2023,,2023
7763,Song,Saltwater Serenade,True,2027,Jazz Surf Rock,True,,,
7769,Song,Horizon's Embrace,True,2021,Post-Apocalyptic Folk,True,,,
7773,Song,Sunset Whispers,True,2019,Indie Rock,True,2019,,
7778,Song,Coastal Convergence,False,2004,Indie Folk,True,,,
7793,Song,Christ's Eternal Promise,True,2023,Synthwave,True,,,
7797,Song,Mercy Beyond Measure,True,2030,Southern Gothic Rock,True,2030,,
7799,Song,Negadores Constantes,True,1992,Blues Rock,True,,,
7804,Song,Muros de Resistencia,True,2020,Indie Folk,True,2017,,
7810,Song,Sordos al Cambio,True,2028,Indie Rock,True,,,
7821,Song,Voluntad Cerrada,True,2023,Doom Metal,True,,,
7826,Song,Silver Screen Ghosts,True,2026,Speed Metal,True,2026,,
7828,Song,Fade to Immortal,True,2023,Alternative Rock,True,,,
7830,Song,Flickering Legends,True,2016,Space Rock,True,,,2016
7838,Song,Frames of Remembrance,True,2020,Synthwave,True,,,
7839,Song,Eternal Praise Resounding,False,2020,Desert Rock,True,,,
7842,Song,"Lifted High, His Name Divine",True,2029,Avant-Garde Folk,True,,,
7844,Song,Hallowed Whispers of Majesty,True,2017,Synthwave,True,,,2030
7854,Song,Shadows in the Darkness,True,2028,Jazz Surf Rock,True,,,2028
7860,Song,Blackout Confessions,True,2020,Indie Pop,True,2020,,
7861,Song,Midnight's Whisper,False,2025,Alternative Rock,False,2025,,
7863,Song,Dim the World Away,True,1997,Synthwave,True,,,
7866,Song,Whispers of Weariness,True,2023,Alternative Rock,True,,,
7872,Song,The Monotony of Breath,True,2010,Indie Pop,True,2010,,2010
7873,Song,Sighs Between Heartbeats,True,2027,Dream Pop,True,,,2027
7876,Song,Falling Without a Parachute,True,2027,Oceanus Folk,True,,,2027
7882,Song,Heartbeats in Slow Motion,True,2018,Southern Gothic Rock,True,,,
7891,Song,Gravity of Desire,True,1995,Blues Rock,True,1995,,
7893,Song,Horizons of Unbound Terrain,True,2029,Symphonic Metal,False,,,
7897,Song,Cloudscape of Resistance,True,2014,Post-Apocalyptic Folk,True,,,
7902,Song,Winds of Emancipated Skies,False,2017,Indie Folk,True,,,
7918,Song,Liberty's Complicated Heartbeat,True,2020,Darkwave,False,,,
7920,Song,Manifest Destiny Blues,False,2010,Oceanus Folk,True,2010,,
7923,Song,"Red, White, and Unresolved",True,2020,Americana,True,,,
7929,Song,Urzeczenie,True,2025,Americana,True,,,
7936,Song,Olśnienie,True,2028,Indie Rock,True,2028,,
7944,Song,Niepojęte Piękno,False,2000,Doom Metal,True,,,
7949,Song,Whispers of the Infinite,True,2029,Dream Pop,True,,,
7955,Song,Robed in Radiance,True,2026,Synthwave,True,2026,,
7958,Song,Symphonies of the Creator,False,2023,Southern Gothic Rock,True,,,
7961,Song,Lone Wolf,True,2026,Synthwave,True,,,
7963,Song,One Man's Journey,False,2000,Dream Pop,True,2000,,
7966,Song,Unaccompanied Horizon,True,2027,Dream Pop,True,,,
7969,Song,Secrets Unspoken,True,2023,Indie Pop,True,,,
7971,Song,Blind to the Truth,True,2017,Dream Pop,True,,,
7977,Song,Invisible Horizons,True,2014,Indie Pop,True,,,
7982,Song,Twelve Months of You,False,2024,Oceanus Folk,True,,,
7990,Song,Snapshot Serenade,True,2025,Indie Rock,True,,,
7994,Song,Shout Into Silence,True,2017,Darkwave,True,,,
7999,Song,Unheard Frequencies,True,2025,Alternative Rock,True,,,
8006,Song,Scream Between Whispers,False,2018,Americana,True,2018,,2018
8013,Song,Foundation Fever,False,2004,Speed Metal,True,,,
8014,Song,Concrete and Dreams,True,2026,Synthwave,True,,,
8018,Song,Hammer's Lullaby,True,2010,Synthwave,True,,,
8019,Song,Building Bones,True,2020,Jazz Surf Rock,True,,,
8029,Song,Invisible Borders,True,2013,Desert Rock,True,,,2013
8035,Song,Solitude's Embrace,True,2010,Indie Pop,True,,,2010
8045,Song,The Unraveling Truth,False,2026,Dream Pop,True,,,
8055,Song,Decode My Heart,True,2004,Alternative Rock,True,,,
8058,Song,The Expansive Rhythm,True,2025,Southern Gothic Rock,True,,,2025
8065,Song,Broad Stroke Symphony,True,2027,Dream Pop,False,,,
8068,Song,Limitless Cadence,True,2022,Synthpop,True,2022,,
8077,Song,Dancing in the Spotlight,True,2023,Southern Gothic Rock,True,,,
8078,Song,Who's That Pretty Thing,True,2011,Avant-Garde Folk,True,,,
8079,Song,Glance My Way,True,2013,Oceanus Folk,True,,,
8081,Song,The Droplet's Lament,True,2029,Desert Rock,True,2029,,
8086,Song,Frankie's Hollow Echo,True,2026,Americana,True,2026,,
8094,Song,Phosphorescent Sorrow,True,2017,Lo-Fi Electronica,True,,,
8095,Song,Midnight in the Tearscape,True,2006,Southern Gothic Rock,True,,,2006
8096,Song,Fever Dream,False,2017,Indie Folk,True,2017,,
8107,Song,Reckless Hearts,True,2020,Oceanus Folk,True,,,
8112,Song,Dial Tone Diary,True,2027,Dream Pop,True,,,
8118,Song,Operator's Lament,True,2023,Desert Rock,True,,,
8122,Song,Cordless Connections,True,2029,Dream Pop,True,2029,,
8148,Song,Shadows in Sleep,True,2009,Oceanus Folk,False,,,
8153,Song,Restless Phantoms,True,2020,Oceanus Folk,True,2020,,
8159,Song,Echoes of the Dark,False,2021,Americana,True,,,2021
8163,Song,Traktorin Polkimet (Tractor Pedals),False,2020,Desert Rock,True,,,
8173,Song,Savusauna Sydämessä (Smoke Sauna in My Heart),True,1985,Dream Pop,True,,,
8174,Song,Pellon Reunalla (At the Edge of the Field),False,2020,Indie Folk,True,,,
8179,Song,Silenced Multitudes,True,2023,Dream Pop,True,,,
8182,Song,The Faceless Legion,False,2029,Dream Pop,True,,,
8200,Song,Crowns of Anonymous,True,2013,Indie Rock,True,2013,,
8201,Song,Whispers in Porcelain,True,2023,Symphonic Metal,True,,,
8203,Song,Translucent Memories,True,2023,Indie Folk,True,,,2023
8207,Song,Echoes of Forgotten Light,True,2004,Alternative Rock,True,,,
8209,Song,Pale Silhouettes,True,2027,Southern Gothic Rock,True,2021,,
8211,Song,Rewind and Return,True,2011,Lo-Fi Electronica,True,,,
8214,Song,Regret's Serenade,True,2024,Alternative Rock,True,2024,,
8220,Song,Silk Road Memories,True,2028,Synthwave,True,,,
8225,Song,Windswept Borderlands,False,2020,Speed Metal,True,,,
8230,Song,Echoes of the Plateau,True,1989,Emo/Pop Punk,True,1989,,
8231,Song,"Distant Horizons, Tender Goodbyes",True,2010,Synthwave,True,2010,,
8233,Song,Roots and Winds of Departure,True,2010,Oceanus Folk,True,,,
8243,Song,Memories Packed in Silent Suitcases,False,2010,Doom Metal,False,,,
8251,Song,Gerak Membangun Desa,True,2017,Doom Metal,True,,,
8258,Song,"Semangat Rantau, Harapan Daerah",False,2023,Synthwave,True,2023,,
8263,Song,Neat and Twisted,True,2022,Psychedelic Rock,True,2015,,
8273,Song,Amber Spirits,False,2000,Southern Gothic Rock,True,,,
8274,Song,Cocktail Confessions,False,2020,Dream Pop,True,,,
8281,Song,Highball Highway,True,1988,Southern Gothic Rock,True,,,
8282,Song,Queens Diamond Fever,True,1997,Synthwave,True,,,
8283,Song,Shea to Citi: A Ballpark Journey,True,2020,Indie Folk,True,2020,,
8288,Song,Ninth Inning Heartbreak,True,2026,Alternative Rock,True,,,
8292,Song,Blue and Orange Blood,True,2029,Desert Rock,True,,,
8295,Song,Hail of Mercy,True,2029,Alternative Rock,True,2029,,
8300,Song,Whispers of Grace,True,2030,Indie Folk,True,,,
8307,Song,Mother's Celestial Embrace,False,2023,Jazz Surf Rock,True,,,
8311,Song,Immaculate Echoes,True,2013,Alternative Rock,True,2010,,
8314,Song,Lost in My Own Coordinates,True,2024,Dream Pop,True,,,
8316,Song,Pinpoint My Heart,False,2025,Dream Pop,True,,,2025
8323,Song,Latitude of Longing,True,2024,Synthwave,True,2024,,
8328,Song,The Geography of Me,True,2025,Synthwave,True,,,2025
8331,Song,Whispers of the Hearth,True,2018,Blues Rock,True,2018,,
8339,Song,Echoes of Childhood Walls,True,2020,Indie Folk,True,,,
8344,Song,Fragments of My Universe,True,2022,Dream Pop,True,,,
8352,Song,Echoes of an Inner Landscape,True,2019,Psychedelic Rock,True,2013,,
8355,Song,Whispers of Self-Destruction,True,1996,Synthwave,True,,,1996
8359,Song,Compulsion's Siren Call,False,2029,Dream Pop,True,,,
8366,Song,Rational Suicide's Lament,True,2013,Dream Pop,True,,,
8372,Song,Silver Spoon Tears,True,2007,Avant-Garde Folk,True,,,
8373,Song,Gilded Cage Lament,True,2020,Indie Folk,True,,,
8382,Song,Privileged Poverty,False,2024,Dream Pop,True,,,
8389,Song,Mansions of Loneliness,True,2020,Indie Folk,True,,,
8396,Song,Whispers of Deceit,True,2023,Oceanus Folk,True,,,
8401,Song,The White Lie Syndrome,True,2023,Lo-Fi Electronica,True,,,
8407,Song,Unraveling Alibis,False,2012,Indie Pop,True,,,
8409,Song,Circuit Forger,True,2029,Jazz Surf Rock,True,2029,,
8413,Song,Steel Requiem,True,2025,Indie Rock,True,,,2025
8423,Song,Chromium Pulse,True,2024,Southern Gothic Rock,True,,,
8431,Song,Oceanic Overture,True,2027,Post-Apocalyptic Folk,True,,,
8434,Song,Tidal Whispers of the Horizon,True,2012,Americana,True,,,
8439,Song,Nautical Legends in Blue,True,2025,Dream Pop,True,,,
8445,Song,Currents of Ancient Mariners,True,2029,Southern Gothic Rock,True,,,
8448,Song,The Deputy's Revenge,True,2029,Jazz Surf Rock,True,2023,,
8453,Song,Bullets and Badges,True,2026,Oceanus Folk,True,,,
8458,Song,Lawman's Last Breath,True,2020,Oceanus Folk,True,,,
8476,Song,The Anticipation Groove,True,1987,Southern Gothic Rock,True,,,
8477,Song,Thursday Night Fever,True,2017,Synthwave,True,2017,,
8483,Song,Whispers of the Heartbound,True,2026,Indie Folk,True,,,
8487,Song,Eternal Embrace,True,2010,Dream Pop,True,,,
8494,Song,Passion's Ancient Echo,True,2022,Lo-Fi Electronica,True,,,2022
8495,Song,Soulmates Through Time,True,2004,Synthwave,True,1997,,
8509,Song,Venom and Rhythm,True,2019,Dream Pop,True,2019,,
8516,Song,Dòng Máu Quê Hương (Blood of My Homeland),True,2017,Psychedelic Rock,True,,,
8547,Song,Tiếng Việt Trong Tim (Vietnamese in My Heart),True,2027,Synthwave,True,,,
8551,Song,Cánh Diều Quốc Gia (National Kite),True,2026,Desert Rock,True,2026,,
8553,Song,Cội Nguồn Bất Diệt (Immortal Roots),True,2029,Indie Folk,True,2029,,
8557,Song,Blank Slate Boulevard,True,2023,Oceanus Folk,True,,,
8561,Song,Stranger in My Own Ambition,True,2013,Indie Rock,True,2013,,
8575,Song,Reset City Limits,True,2021,Psychedelic Rock,True,,,
8581,Song,Sunset on the Tractor Row,True,2001,Indie Rock,True,,,
8587,Song,Cornfield Memories,True,2013,Synthwave,True,2013,,
8590,Song,Harvest Moon Whispers,True,2018,Dream Pop,True,2015,,2018
8593,Song,Dirt Road Daybreak,True,2007,Doom Metal,True,2007,,2007
8596,Song,Tremors of the Heart,False,2020,Dream Pop,True,,,2020
8597,Song,Electric Whispers,True,2007,Indie Pop,True,,,
8602,Song,Spine Signals,True,2026,Dream Pop,True,,,
8604,Song,Radiant Silhouette,True,2026,Synthwave,True,,,
8620,Song,Kaleidoscope Eyes,True,2023,Oceanus Folk,True,2020,,
8624,Song,Luminous Echo,True,2024,Darkwave,True,2024,,
8630,Song,Echoes of the Hearth,True,2010,Indie Folk,True,,,
8634,Song,Ancestral Whispers,True,2017,Americana,True,2017,,
8636,Song,Roots of Rhythm,False,2023,Dream Pop,True,,,2023
8640,Song,Sacred Soil's Lament,True,2026,Post-Apocalyptic Folk,True,2026,,
8650,Song,Vocal Echoes,True,2013,Alternative Rock,True,,,
8653,Song,Lyrical Breath,False,2027,Psychedelic Rock,True,2027,,
8655,Song,Small Shadows,True,2017,Oceanus Folk,True,,,
8658,Song,Fragments of Myself,True,2020,Indie Pop,True,,,
8667,Song,Humble Heart's Echo,True,2025,Psychedelic Rock,True,,,
8675,Song,Verdict from Above,False,2007,Darkwave,True,,,
8676,Song,Scales of Mercy,True,2023,Indie Folk,True,,,2023
8678,Song,Whispered Judgment,True,2023,Doom Metal,True,,,
8687,Song,Strangers with Open Doors,True,1997,Synthwave,True,1991,,
8688,Song,The Radius of Compassion,True,2024,Synthwave,True,,,
8695,Song,Beyond My Doorstep,False,2024,Synthwave,True,,,
8698,Song,Brushstrokes and Shadows,False,2016,Lo-Fi Electronica,True,,,
8703,Song,Gallery of Echoes,True,2029,Jazz Surf Rock,True,,,
8708,Song,Canvas Whispers,False,2023,Emo/Pop Punk,True,,,
8709,Song,Frames of Memory,True,2020,Indie Rock,True,,,2020
8714,Song,Luminous Silence,False,2025,Oceanus Folk,True,,,
8717,Song,Midnight's Sacred Breath,True,2017,Doom Metal,True,,,2017
8722,Song,Whispers of Divine Stillness,True,2026,Dream Pop,True,,,
8727,Song,The Hallowed Darkness,True,2019,Indie Rock,True,,,
8731,Song,Winter's First Light,True,2020,Avant-Garde Folk,True,,,2023
8732,Song,Hymns of the Frozen Dawn,False,2015,Synthwave,True,,,
8739,Song,Frost and Faith,True,2005,Speed Metal,True,,,
8740,Song,Blue Notes and City Lights,True,2023,Dream Pop,True,,,
8751,Song,Syncopated Dreams,True,2024,Alternative Rock,True,,,
8754,Song,Jazzy Improvisation in G,True,2004,Indie Rock,True,,,
8763,Song,Sweet Whispers of Gaby,True,2028,Lo-Fi Electronica,True,,,
8766,Song,Echoes of a Name,True,2020,Desert Rock,True,,,
8770,Song,Midnight with Gaby,False,2018,Lo-Fi Electronica,True,,,
8773,Song,Blooming Love's Embrace,True,2027,Lo-Fi Electronica,True,2027,,
8785,Song,Waiting in the Wings,True,2000,Americana,True,2000,,
8787,Song,Countdown to Someday,True,2017,Dream Pop,True,,,
8791,Song,The Pause Between Heartbeats,False,2022,Dream Pop,True,,,
8803,Song,Shadows Between the Scales,False,2020,Post-Apocalyptic Folk,True,,,
8806,Song,Midnight's Chromatic Reverie,True,2010,Synthwave,True,2010,,
8811,Song,Cherry Blossoms and Distance,True,2023,Dream Pop,True,,,
8812,Song,Tokyo Horizon,True,1995,Synthwave,True,,,
8814,Song,Longitude of Longing,True,1994,Alternative Rock,True,1994,,
8816,Song,Three Whispers,True,2012,Dream Pop,True,,,
8820,Song,Dissonant Harmony,True,2007,Jazz Surf Rock,True,,,
8821,Song,Chamber of Echoes,True,2008,Alternative Rock,True,,,
8823,Song,"Thirty Dawns, Thirty Shadows",True,2025,Space Rock,True,,,
8834,Song,Cyclic Fragments of Persistent Memory,True,2014,Dream Pop,False,,,
8837,Song,The Unfolding: Thirty Breaths,False,2028,Darkwave,True,2028,,
8840,Song,Silent Snowfall and Empty Chairs,True,2004,Indie Rock,True,,,
8845,Song,Whispers in the Christmas Lights,True,2020,Blues Rock,True,,,
8846,Song,Undecorated (A Solitary Night),True,2027,Dream Pop,True,2027,,
8852,Song,Echoes of Forgotten Carols,True,2023,Desert Rock,True,,,
8858,Song,Chromatic Reflections on a Theme,True,2026,Oceanus Folk,True,,,
8862,Song,Harmonic Deconstruction No. 7,True,2013,Symphonic Metal,True,,,
8867,Song,Variations of Subtle Dissonance,True,2007,Symphonic Metal,True,,,
8872,Song,"Autumn Whispers, Heartbeats Tender",True,1993,Speed Metal,True,,,1993
8874,Song,Crimson Leaves and Your Embrace,True,2022,Alternative Rock,True,,,
8877,Song,Falling (In Love) with the Season,True,2029,Indie Folk,True,,,
8881,Song,Shylock's Shadows,True,2020,Oceanus Folk,True,,,
8886,Song,Rialto's Revenge,True,1997,Synthwave,True,1997,,
8888,Song,Bonds of Ducats,True,2010,Indie Rock,True,,,2010
8891,Song,The Pound of Flesh Sonata,True,2009,Southern Gothic Rock,True,,,
8894,Song,Picnic Vessel Memories,True,2025,Darkwave,True,2025,,
8899,Song,Warm Ceramic Whispers,True,2024,Southern Gothic Rock,True,,,
8904,Song,Heart Sprint,True,2014,Doom Metal,True,2014,,
8905,Song,Passion Pursuit,True,2017,Dream Pop,True,,,
8910,Song,Romantic Relay,True,2019,Southern Gothic Rock,True,2015,,
8914,Song,Heartbeat Hurdles,True,2024,Indie Rock,True,2024,,
8920,Song,Echoes of a Fading Lament,True,2026,Desert Rock,True,,,
8924,Song,Whispers from the Broken Heart,False,2028,Americana,True,2028,,
8931,Song,Bare Necessities,False,2010,Indie Folk,True,,,
8936,Song,Dress Code Rebellion,False,1997,Indie Rock,True,,,
8945,Song,Emerald Shadows of Her Name,True,2029,Speed Metal,True,,,
8949,Song,The Silent Paths of Rosvina,True,2024,Alternative Rock,True,,,2024
8952,Song,Forest Echoes and Forgotten Dreams,True,2010,Synthwave,False,,,
8954,Song,The In-Law Inheritance,True,2020,Doom Metal,True,,,
8964,Song,Threshold of Family,False,2017,Doom Metal,True,,,
8969,Song,"Daughter's Choice, Mother's Verdict",False,2026,Darkwave,True,2022,,
8978,Song,Springtime Whispers on the Seine,True,2020,Oceanus Folk,True,,,
8983,Song,Parisian Rainfall at Twilight,True,2029,Jazz Surf Rock,True,2029,,
8987,Song,Blossoms and Boulevards,True,2017,Synthwave,True,,,
8989,Song,Midnight in the City of Light,True,2013,Southern Gothic Rock,True,2006,,
8992,Song,Corporate Ladder,True,2003,Dream Pop,True,,,
8997,Song,Branded Dreams,True,2009,Southern Gothic Rock,True,2009,,
8998,Song,Expansion Pack,False,2026,Synthwave,True,,,
8999,Song,Licensing Rights,True,2029,Indie Pop,True,,,
9003,Song,Echoes of Departure,True,2004,Oceanus Folk,True,2004,,
9007,Song,The Last Goodbye's Whisper,True,2004,Doom Metal,True,,,
9010,Song,Miles Between Us,True,2021,Jazz Surf Rock,True,,,
9013,Song,Fading Horizon Lines,False,2017,Indie Folk,True,,,
9014,Song,Forever Constant,True,2024,Dream Pop,True,,,
9019,Song,Unwavering Heart,True,2020,Dream Pop,True,,,
9025,Song,Steadfast Promise,True,2026,Psychedelic Rock,True,,,
9030,Song,Immovable Love,True,2026,Indie Rock,False,2026,,
9033,Song,Lone Star Twilight,True,2021,Synthwave,True,,,
9040,Song,Meridian Drift,False,2020,Southern Gothic Rock,True,2020,,
9043,Song,Highway Horizon Spell,True,2010,Indie Folk,True,2010,,
9048,Song,Crossroads at Sunset,True,1984,Indie Rock,True,1984,,
9051,Song,Whispers of the Weeping Branches,True,2004,Indie Folk,True,,,
9054,Song,Moonlit Willow's Gentle Sway,False,2029,Alternative Rock,True,,,
9059,Song,Riverbank Cradle Song,False,2023,Indie Folk,True,,,
9061,Song,"Silvered Leaves, Softly Singing",True,2019,Southern Gothic Rock,True,,,
9069,Song,Boise Bound,True,2023,Indie Folk,True,,,2023
9073,Song,Gem State Sunset,True,2020,Desert Rock,True,2020,,
9077,Song,Silent Echoes,True,2007,Doom Metal,True,2007,,2007
9081,Song,The Language of Silence,True,2017,Doom Metal,True,,,
9085,Song,Unspoken Melody,True,2004,Doom Metal,True,,,
9088,Song,Whispers Without Words,True,2013,Lo-Fi Electronica,True,,,
9089,Song,First Contact Protocol,True,2007,Indie Pop,True,2007,,
9090,Song,Palms of Passage,True,2028,Oceanus Folk,True,,,
9096,Song,Grip and Grace,True,2017,Oceanus Folk,True,2013,,
9104,Song,Echoes of Sunrise,True,2014,Indie Pop,True,,,
9114,Song,Distant Heartlines,True,2010,Southern Gothic Rock,True,2007,,
9116,Song,Whispers of the Celestial Goddess,True,2020,Doom Metal,True,,,
9123,Song,Serenade of the Morning Star,False,2004,Southern Gothic Rock,True,2004,,
9124,Song,Jingle Jangle Jive,True,2025,Desert Rock,True,,,
9129,Song,Tipsy Toes Tango,False,1986,Dream Pop,True,,,
9133,Song,Whimsy Wiggle Waltz,True,2029,Darkwave,True,2026,,
9140,Song,Quirky Quick Step,True,2020,Americana,True,2020,,
9143,Song,Moment's Courage,True,2013,Indie Folk,True,,,
9144,Song,Windows of Opportunity,True,2020,Oceanus Folk,True,,,
9150,Song,Leap Before You Look,True,2024,Alternative Rock,True,,,
9158,Song,The Timing is Now,True,2013,Oceanus Folk,True,2013,,
9161,Song,Whispers on Platform Seven,True,2007,Americana,True,,,
9165,Song,Tracks of Forgotten Journeys,True,2028,Synthwave,True,,,
9175,Song,The Last Train's Farewell,True,2028,Indie Folk,True,,,
9183,Song,Pathways of Memory,False,2010,Dream Pop,True,2010,,
9186,Song,Landscape Echoes,True,2011,Oceanus Folk,True,,,
9188,Song,Footprints in Watercolor,True,2026,Space Rock,True,2026,,
9200,Song,Bubbly Wobble,True,2027,Indie Folk,True,2027,,
9204,Song,Spin Cycle Serenade,True,2028,Desert Rock,True,,,
9205,Song,Carbonated Vertigo,True,2013,Desert Rock,True,,,2013
9214,Song,Unsere gemeinsame Stimme,True,2028,Desert Rock,True,,,
9219,Song,Verbunden in Hoffnung,True,2029,Americana,True,,,
9223,Song,Für uns alle zusammen,True,2017,Alternative Rock,True,2017,,
9230,Song,Echoes of the Maritime Realm,True,2018,Dream Pop,True,2018,,
9232,Song,Tides of Empire's Melody,False,2020,Synthpop,True,,,
9236,Song,Saltwater Symphonies,True,1992,Southern Gothic Rock,True,,,
9237,Song,Nautical Whispers of the North Sea,True,2005,Jazz Surf Rock,True,,,
9239,Song,Horizon's Aftermath,True,2030,Alternative Rock,True,,,
9240,Song,Echoes of Survival,True,2026,Alternative Rock,True,,,
9245,Song,When the Silence Settles,True,2023,Doom Metal,True,2023,,
9249,Song,Twilight of Resilience,True,2013,Indie Folk,True,,,
9256,Song,Climbing Higher Ground,False,2027,Symphonic Metal,False,,,
9259,Song,Ascent of the Hopeful,True,2024,Dream Pop,True,,,2024
9267,Song,Stepping Towards the Light,False,2022,Dream Pop,True,2022,,
9269,Song,Radiant Laughter,True,2011,Psychedelic Rock,True,,,
9280,Song,Sunbeam Symphony,True,2017,Alternative Rock,True,,,
9284,Song,Echoes of Elation,True,2010,Blues Rock,True,,,
9285,Song,Unbridled Bliss,True,2017,Dream Pop,True,,,
9290,Song,Granite Whispers,False,2018,Alternative Rock,True,,,
9294,Song,Summit's Solitude,False,2009,Alternative Rock,True,,,
9295,Song,Peaks of Memory,True,2019,Jazz Surf Rock,True,,,
9299,Song,Stone Breath,True,2003,Emo/Pop Punk,True,,,
9301,Song,Echoes from the Grasslands,True,2025,Symphonic Metal,True,,,
9305,Song,Tribal Rhythms of the Wind,True,2004,Doom Metal,True,2004,,
9308,Song,Ancestral Melodies of the Plains,True,2022,Dream Pop,True,,,
9322,Song,Wandering Spirit of Prague,False,2013,Oceanus Folk,True,,,
9326,Song,"Gypsy Heart, Restless Soul",True,1997,Indie Rock,True,,,1997
9330,Song,Cobblestone Dreams,False,2007,Dream Pop,True,,,
9335,Song,Scarves and Streetlight Shadows,False,2016,Indie Rock,True,,,
9337,Song,Rhythm of Her Steps,True,1997,Indie Folk,False,,,
9341,Song,Dancing Silhouette,False,2017,Indie Folk,True,,,2017
9345,Song,Midnight Movement,True,2023,Dream Pop,True,,,
9352,Song,Her Choreographed Soul,True,2023,Dream Pop,True,,,
9371,Song,Vanishing Point,True,2018,Avant-Garde Folk,True,2018,,
9372,Song,Map of Emptiness,True,2029,Jazz Surf Rock,True,,,2029
9378,Song,The Space Between Landmarks,False,2024,Psychedelic Rock,True,2024,,
9382,Song,Eternal Chairman's March,False,1984,Southern Gothic Rock,True,,,
9387,Song,Pyongyang's Immortal Son,True,2007,Dream Pop,True,2007,,2007
9388,Song,Revolutionary Heartbeat of the Fatherland,True,1987,Doom Metal,True,,,
9389,Song,Chalk Dust and Barracks,False,2027,Dream Pop,True,,,
9397,Song,Lessons Between Borders,True,2017,Synthwave,True,,,
9399,Song,Whispers of a Classroom in Ruins,True,2010,Desert Rock,True,2010,,
9406,Song,Teaching After the Silence,True,2018,Darkwave,True,,,
9411,Song,Nordic Echoes of Liberty,False,2029,Indie Pop,True,,,
9412,Song,Midnight in Stockholm: A Freedom Cry,True,2026,Alternative Rock,True,2026,,
9414,Song,Whispers of the Blue and Yellow,True,2024,Doom Metal,True,,,2024
9416,Song,Heartbeat of a Scandinavian Dream,True,2020,Indie Folk,True,,,
9420,Song,Echoes of the Violin's Solitude,True,2030,Americana,True,,,2030
9428,Song,Sonata for Whispered Strings,True,2021,Lo-Fi Electronica,False,,,
9430,Song,Nocturne of Intertwined Melodies,False,2026,Indie Rock,True,,,
9437,Song,Harmonic Whispers of the Keyboard,True,2017,Doom Metal,True,,,
9446,Song,Classical Fragments,True,2027,Desert Rock,True,,,
9449,Song,Echoes of Vienna,True,1997,Darkwave,True,,,
9458,Song,Storks and Meadows,True,2027,Post-Apocalyptic Folk,True,,,
9463,Song,Echoes of the Green Landscape,True,2026,Southern Gothic Rock,True,,,
9465,Song,Lace Up and Rise,False,2020,Synthwave,True,2020,,2033
9472,Song,Stepping into Motion,False,2026,Emo/Pop Punk,True,,,
9474,Song,Tread Defiant,False,2026,Dream Pop,True,2026,,2026
9479,Song,The March of a Thousand Boots,True,2017,Dream Pop,True,2017,,
9488,Song,Imperial Shadows,True,2012,Synthwave,True,,,
9489,Song,Echoes of the Grande Armée,True,2029,Indie Folk,True,2029,,
9493,Song,Heroes of Honor,True,2029,Oceanus Folk,True,,,
9500,Song,Courage Unbroken,False,2022,Dream Pop,True,2022,,
9503,Song,Echoes of Valor,True,2023,Southern Gothic Rock,True,,,2023
9505,Song,Legacy of Sacrifice,True,2025,Dream Pop,True,2025,,
9511,Song,Circuitry of Pulse,True,2010,Dream Pop,True,,,
9513,Song,Synthetic Heartbeat,True,2004,Dream Pop,True,2004,,
9516,Song,Neural Network Blues,False,2019,Psychedelic Rock,True,,,
9524,Song,Electromagnetic Soul,True,2006,Dream Pop,True,,,
9526,Song,Prismatic Improvisations,False,2001,Synthwave,True,,,
9528,Song,Kaleidoscope Cadence,True,2020,Psychedelic Rock,True,,,
9535,Song,Radiant Refractions,True,1996,Indie Rock,True,,,
9538,Song,Embrace of the Honored Visitor,True,2029,Indie Rock,True,,,
9545,Song,Arrival of the Cherished Stranger,True,2020,Dream Pop,True,2020,,
9547,Song,Hearth and Hospitality,True,2020,Dream Pop,True,,,
9549,Song,Right Path Ahead,True,2023,Dream Pop,False,,,
9557,Song,Unbreakable Journey,True,2020,Dream Pop,True,,,2020
9559,Song,Perfectly Aligned,True,2004,Jazz Surf Rock,True,2004,,
9564,Song,Tears of a Broken King,True,2029,Dream Pop,True,2029,,
9566,Song,Supplication's Last Breath,True,2004,Synthwave,True,,,
9568,Song,Shadows of Troy's Twilight,True,2013,Lo-Fi Electronica,True,2013,,
9570,Song,Ransom for a Son's Body,True,2011,Synthwave,True,,,
9571,Song,Echoes of the Sámi Horizon,True,2023,Oceanus Folk,True,,,
9576,Song,Arctic Heartbeat,True,2023,Doom Metal,True,,,
9587,Song,Dawn's First Whisper,True,2028,Space Rock,True,2028,,
9602,Song,Light Before Sunrise,True,2013,Oceanus Folk,True,2013,,
9608,Song,The Lover's Horizon,True,2030,Dream Pop,True,2030,,
9616,Song,Vinyl Memories in Dust,True,2004,Americana,False,2004,,
9622,Song,Spinning Stories from Wax,False,2022,Dream Pop,True,2022,,
9628,Song,Needle's Nostalgic Dance,False,2029,Desert Rock,True,,,
9630,Song,Whispers of Annabel,True,2017,Synthwave,True,,,
9631,Song,Fading Echoes of Annabel,True,2029,Desert Rock,True,,,
9637,Song,Annabel's Lament,True,2019,Dream Pop,True,,,
9641,Song,Shadows of a Forgotten Annabel,True,2012,Alternative Rock,True,,,
9644,Song,Brisk Passage in B Major,True,2023,Symphonic Metal,True,2023,,
9647,Song,Vivace: Bright Horizons,True,2006,Southern Gothic Rock,True,,,
9649,Song,Rhythmic Ascent in B,True,2020,Synthwave,True,,,
9651,Song,In The Chamber of My Heart,True,2007,Indie Folk,True,,,2007
9655,Song,Echoes Within,True,2029,Oceanus Folk,True,2029,,
9659,Song,The Inner Landscape,False,2006,Synthwave,True,,,
9666,Song,The Professor of My Heart,False,2017,Americana,True,2017,,
9669,Song,Wisdom in Her Whispers,False,2026,Synthwave,True,,,2026
9672,Song,"My First Teacher, My Mother",True,2032,Indie Folk,True,2032,,
9683,Song,Terra's Tender Breath,True,2023,Jazz Surf Rock,True,,,
9685,Song,Earthsong Eternal,False,2013,Oceanus Folk,True,2013,,
9689,Song,No Retreat,True,2027,Dream Pop,True,2021,,
9690,Song,Forward Motion,True,2019,Blues Rock,True,,,
9693,Song,Unturning,False,2029,Indie Folk,True,,,
9696,Song,Resolute Path,True,2020,Synthwave,True,2020,,2020
9702,Song,Echoes in My Mind,True,2013,Synthwave,True,2007,,
9705,Song,Silent Whispers,True,2017,Indie Pop,True,2017,,2017
9706,Song,Unwritten Monologues,True,2020,Psychedelic Rock,True,2020,,
9709,Song,Fragments of Consciousness,False,2014,Oceanus Folk,True,2014,,
9713,Song,Battlefield Lament,True,2020,Synthwave,True,,,
9716,Song,Echoes of Trenches,True,1991,Americana,True,,,
9723,Song,Silence Between Gunfire,True,2000,Psychedelic Rock,True,2000,,
9729,Song,Spectral Tide,True,2010,Synthwave,True,,,
9735,Song,Echoes from the Phantom Shore,True,2028,Space Rock,True,,,
9739,Song,Wraith's Maritime Lament,True,2025,Oceanus Folk,True,,,
9745,Song,Echoes in an Empty Room,True,2023,Indie Rock,True,2023,,
9756,Song,Inner Luminescence,True,2013,Indie Folk,True,,,
9759,Song,Radiant Spirit,True,2029,Synthwave,True,2029,,
9772,Song,Whispers of the Wooden Wind,True,1997,Indie Pop,True,,,
9777,Song,Melancholy in Miniature,False,2002,Darkwave,True,2002,,
9788,Song,Illusion Parade,True,2027,Synthwave,True,,,
9792,Song,The Great Deception,True,2021,Desert Rock,True,,,
9795,Song,Sleight of Hand,True,2027,Indie Folk,True,,,
9797,Song,Sliding Doors,True,2023,Doom Metal,True,,,
9802,Song,Hypothetical Heart,True,2023,Alternative Rock,True,2017,,
9803,Song,Crossroads of Chance,True,2007,Doom Metal,True,,,
9807,Song,White Picket Prison,False,2017,Lo-Fi Electronica,True,2017,,
9808,Song,Lawn Mower Lament,True,2018,Indie Rock,True,2018,,2018
9810,Song,Cul-de-Sac Confessions,True,2020,Americana,True,,,
9823,Song,Nådens Steg (Steps of Grace),True,2010,Dream Pop,True,,,
9827,Song,Evighetens Sång (Song of Eternity),False,2022,Southern Gothic Rock,True,,,
9831,Song,Wisdom's Edge,True,2025,Space Rock,True,2025,,
9834,Song,Street-Smart Serenade,False,2029,Indie Rock,True,,,
9840,Song,"Cunning Hearts, Clever Hands",False,2007,Blues Rock,True,2007,,
9844,Song,Cavalry of the Revolution,True,2014,Alternative Rock,True,,,
9848,Song,Partisan's Lament,True,2030,Indie Pop,True,,,
9849,Song,Fields of Red and Steel,True,2029,Indie Folk,True,2029,,
9855,Song,Deadlock,True,2017,Indie Folk,True,,,
9861,Song,Stalemate,True,2026,Desert Rock,True,2026,,
9877,Song,Zamansız Tercihler (Timeless Choices),False,2015,Dream Pop,True,,,
9883,Song,Akışın Sesi (The Voice of Flow),True,2017,Doom Metal,True,,,
9884,Song,Golden Hour Reverie,True,2009,Psychedelic Rock,True,,,
9890,Song,Lazy Light Cascade,True,2008,Blues Rock,True,2008,,2008
9895,Song,Sunbeam Stillness,True,1989,Synthwave,True,,,
9902,Song,Sail Away with Me,True,1991,Indie Pop,True,,,
9903,Song,Floating Free,True,2021,Dream Pop,True,2021,,
9905,Song,Farewell's Gentle Whisper,True,2029,Dream Pop,False,2029,,
9909,Song,Wreath of Parting Memories,True,2013,Doom Metal,True,2013,,
9912,Song,Silent Eulogy at Your Feet,True,2026,Oceanus Folk,True,,,
9916,Song,Echoes of a Final Embrace,False,2018,Indie Rock,True,2018,,
9918,Song,Lykkens Tårer (Tears of Happiness),False,2018,Psychedelic Rock,True,2018,,
9919,Song,Smilets Demring (Dawn of a Smile),True,2023,Synthwave,True,,,
9922,Song,Hjertets Soloppgang (Sunrise of the Heart),True,1994,Oceanus Folk,True,,,
9928,Song,Gledens Stillegte Sang (The Silent Song of Joy),True,2017,Americana,True,2010,,
9933,Song,Bandages and Broken Prayers,True,2023,Indie Folk,True,,,
9940,Song,Nightingale of the Trenches,True,2028,Space Rock,True,,,2028
9942,Song,Blood and Marseille Mud,True,2017,Synthwave,True,2017,,2017
9948,Song,Whispers Between Violins,True,2020,Desert Rock,True,2020,,
9951,Song,Quartet of Quiet Moments,True,2010,Doom Metal,True,2010,,
9958,Song,Fragments of Unspoken Harmony,True,2004,Indie Rock,True,2004,,2004
9966,Song,Generations Unborn,True,2020,Indie Folk,True,2020,,
9967,Song,Inheritance of Hope,True,2028,Jazz Surf Rock,True,2028,,
9974,Song,Architects of What's Next,True,2026,Darkwave,True,2026,,
9976,Song,Echoes of a Forgotten Consciousness,True,2023,Dream Pop,True,,,
9982,Song,Liminal Whispers,True,2023,Doom Metal,True,,,
9992,Song,Shadows in Suspended Animation,True,2029,Dream Pop,True,,,
9995,Song,Ethereal Afterthoughts,True,2018,Dream Pop,True,,,
9996,Song,Whispers at Grandmother's Stone,True,2007,Jazz Surf Rock,True,2007,,
9999,Song,Lessons from the Winter Graveyard,True,2017,Indie Folk,True,,,
10002,Song,Echoes of January's Remembrance,True,2013,Jazz Surf Rock,True,,,2013
10004,Song,Prayers Between Generations,True,2026,Symphonic Metal,True,,,
10008,Song,The Vengeful Slumber,True,2027,Americana,True,,,2027
10010,Song,Nightmares of Retribution,True,2010,Synthwave,True,,,
10016,Song,Dreamscape of Judgment,True,2023,Symphonic Metal,True,,,
10023,Song,Sleeping Vengeance,True,2026,Dream Pop,True,,,
10032,Song,Patron Saint of Forgotten Lanes,True,2019,Synthwave,False,,,
10035,Song,Whispers from the Ecclesiastical Shadows,True,2026,Post-Apocalyptic Folk,True,,,
10043,Song,Keirans' Crumbling Stained Glass,True,2026,Emo/Pop Punk,True,,,2026
10063,Song,Seven Year Itch (And I Can't Scratch),True,2024,Post-Apocalyptic Folk,True,,,
10067,Song,Diamonds and Desperation,False,2023,Avant-Garde Folk,True,,,
10068,Song,Whispers of Broken Moments,False,2010,Doom Metal,True,,,2010
10071,Song,Shadows of Unbearable Silence,False,2027,Dream Pop,True,,,
10075,Song,Echoes of Unspoken Grief,True,2026,Darkwave,True,2026,,2026
10081,Song,Fragments of a Shattered Heart,True,2013,Doom Metal,True,,,2030
10090,Song,Candlelight Confessions,True,1998,Southern Gothic Rock,True,1998,,
10091,Song,Whispers of the Wild,True,2000,Indie Rock,True,1994,,
10094,Song,Earth's Melody,True,1994,Dream Pop,True,,,
10102,Song,Harmony in Green,True,2026,Americana,True,,,
10105,Song,Boundless Threshold,True,2020,Oceanus Folk,True,,,
10111,Song,Passages of Light,True,2019,Darkwave,True,,,
10114,Song,The Open Entrance,False,1991,Indie Folk,True,,,
10116,Song,Gateway to Infinity,True,2020,Synthwave,True,2020,,
10120,Song,Devour My Heart,True,2020,Avant-Garde Folk,True,2020,,
10121,Song,Consume and Crave,True,2007,Lo-Fi Electronica,True,2007,,
10124,Song,Hunger for Your Love,False,2010,Indie Folk,True,,,
10128,Song,Swallow Me Whole,True,2023,Desert Rock,True,,,
10135,Song,Another Year Unfolding,False,2023,Jazz Surf Rock,True,,,
10138,Song,Wishes in the Moment,True,2026,Doom Metal,True,2026,,
10140,Song,Circles Around the Sun,True,2026,Dream Pop,True,,,
10141,Song,Melody in Melancholy,True,2008,Speed Metal,True,,,
10142,Song,Harmony of Heartache,True,2029,Doom Metal,True,,,
10143,Song,Blue Note Lullaby,True,2012,Synthwave,True,,,
10150,Song,Chromatic Sorrow,False,1997,Alternative Rock,True,,,
10153,Song,Whispers of Green Twilight,False,2027,Psychedelic Rock,True,,,
10156,Song,Woodland's Soft Luminescence,False,2023,Indie Folk,True,,,
10158,Song,Branches Breathing Moonlight,True,2028,Southern Gothic Rock,True,2028,,
10160,Song,Morning's Hallucinogenic Feast,False,2028,Indie Folk,True,,,
10165,Song,Lysergic Toast and Jam,True,2029,Synthwave,True,,,
10169,Song,Dreamscape Dining at Dawn,True,2023,Doom Metal,True,,,
10175,Song,The Cycle Never Breaks,True,2028,Doom Metal,True,,,
10185,Song,Le Chemin des Mélodies,True,2026,Dream Pop,True,,,
10194,Song,Symphonie du Voyage,False,2023,Southern Gothic Rock,True,,,
10197,Song,Harmonies de la Route,True,2029,Doom Metal,True,,,
10198,Song,Healing the Forgotten Kingdom,False,2020,Indie Folk,True,2013,,
10201,Song,Prescriptions from the Borderlands,True,2023,Indie Folk,True,2023,,
10206,Song,The Midnight Diagnosis,True,2016,Indie Rock,True,,,
10211,Song,Remedies of the Ancient Realm,True,2021,Space Rock,True,2021,,
10215,Song,Whispers Across the Water,True,2026,Dream Pop,True,2026,,
10218,Song,Highland Crossing,True,2013,Americana,True,,,
10222,Song,"River's Call, Charlie's Path",True,2020,Dream Pop,True,2020,,
10226,Song,Echoes of the Distant Shore,True,1991,Indie Folk,True,1991,,
10229,Song,Melodier för Röst och Klavér,True,2017,Speed Metal,True,,,
10232,Song,Tonernas Samtal: En Barytons Bekännelse,True,1985,Indie Pop,True,,,
10236,Song,Stämmans Valzer: Intimt med Piano,True,2012,Alternative Rock,True,,,
10241,Song,Keyboard Whispers,True,2023,Indie Folk,True,,,
10246,Song,Intervals of Silence,True,2010,Doom Metal,True,2004,,
10247,Song,Empty Spaces,True,2013,Southern Gothic Rock,True,,,
10249,Song,Echoes of Absence,True,2004,Synthwave,True,,,2004
10259,Song,Transjordan Twilight,True,2028,Jazz Surf Rock,True,2028,,
10266,Song,Rivers of Ancient Memory,True,2020,Indie Folk,True,,,
10270,Song,Crossing the Promised Boundary,True,2026,Post-Apocalyptic Folk,True,,,
10279,Song,Epochs of Progress,True,2027,Southern Gothic Rock,True,,,
10281,Song,Timelines Converge,False,2016,Synthwave,True,2016,,
10283,Song,Windmill's Whisper,True,2023,Indie Folk,True,,,
10289,Song,Tulip's Lament,True,1989,Alternative Rock,True,,,
10295,Song,Celluloid Waltz,True,2007,Synthwave,True,,,
10301,Song,Silver Screen Soirée,True,2010,Symphonic Metal,True,2010,,
10309,Song,Flickering Flames of Romance,True,2022,Alternative Rock,True,2022,,
10310,Song,Reels and Revelry,False,2020,Dream Pop,True,,,
10313,Song,Whispers of a Wandering Soul,True,2022,Dream Pop,True,2022,,
10318,Song,Roadside Memories,True,2010,Oceanus Folk,True,2010,,
10319,Song,Campfire Chronicles,True,2014,Psychedelic Rock,True,2014,,2014
10337,Song,Tinsel Harmonies,True,2007,Doom Metal,False,,,
10338,Song,Frostbitten Symphony,True,2023,Dream Pop,True,2023,,2023
10342,Song,Carols of the Silent Night,True,2017,Dream Pop,True,,,
10354,Song,Mercy's Embrace,True,2018,Dream Pop,True,,,2018
10361,Song,Unbroken Chains,True,2011,Post-Apocalyptic Folk,True,2011,,
10366,Song,Saved by Light,True,2015,Emo/Pop Punk,True,2015,,
10367,Song,Rhythm of Existence,True,2013,Synthwave,True,2010,,
10368,Song,Spin and Survive,True,2028,Post-Apocalyptic Folk,True,2028,,
10376,Song,Choreography of Chaos,True,2029,Dream Pop,True,2026,,
10379,Song,Steps Through Time,True,2005,Alternative Rock,True,,,
10385,Song,Whispers of Innocence,True,2028,Space Rock,True,,,
10388,Song,Chalk and Verses,True,1991,Doom Metal,True,1991,,
10390,Song,Stanzas in the Schoolyard,True,2009,Southern Gothic Rock,True,,,
10398,Song,Shadows of Mistaken Identity,False,2013,Indie Folk,True,,,
10402,Song,Cradle of Uncertain Fate,True,2010,Alternative Rock,True,2010,,
10404,Song,Lineage Lost,False,2017,Indie Folk,True,,,
10406,Song,The Misplaced Heir,True,2023,Oceanus Folk,True,2023,,
10415,Song,Sinking Serenade,True,2017,Indie Folk,True,,,2017
10417,Song,Carnival Whispers,False,2010,Lo-Fi Electronica,True,,,2010
10419,Song,Lagoon's Legacy,True,1997,Dream Pop,True,1997,,
10421,Song,Anything But Nothing,True,2023,Dream Pop,True,,,
10426,Song,Somewhere Between Somewhere,True,2026,Oceanus Folk,True,2026,,
10434,Song,Whispers Through the Cracks,True,2007,Speed Metal,True,2004,,2007
10435,Song,Unseen Currents,True,2027,Southern Gothic Rock,True,,,
10437,Song,Shadows Between Breaths,True,2007,Dream Pop,True,,,2007
10439,Song,Silent Interference,True,2020,Dream Pop,True,,,
10443,Song,Breaking Through,True,2025,Psychedelic Rock,True,2025,,
10444,Song,Your Time Has Come,True,2017,Indie Folk,True,,,
10447,Song,Destiny's Calling,True,2018,Dream Pop,True,2018,,
10448,Song,Captured Heart,True,2015,Jazz Surf Rock,True,,,
10453,Song,Whispers of Devotion,True,2026,Southern Gothic Rock,True,,,
10457,Song,Locked in Your Embrace,True,2018,Dream Pop,True,2018,,2018
10461,Song,Echoes of Passion,True,2013,Dream Pop,True,,,
10464,Song,Petals of Contrasting Hearts,True,2007,Synthwave,True,,,
10468,Song,Scarlet and Ivory Whispers,True,2020,Indie Folk,True,,,
10469,Song,Garden of Divided Colors,True,2015,Space Rock,True,,,
10475,Song,Blooming Duality,True,2020,Speed Metal,True,2020,,
10478,Song,Hamilton's Shadow,True,2032,Lo-Fi Electronica,True,,,
10480,Song,Bitter Ballad of Electoral Ruin,True,2003,Indie Pop,True,,,
10493,Song,Bandages and Courage,False,2026,Dream Pop,True,,,
10499,Song,Nightingales in Uniform,True,2017,Synthwave,True,,,
10503,Song,Healing Between the Battles,False,2013,Southern Gothic Rock,True,,,
10505,Song,Leave Everything Untouched,True,2027,Jazz Surf Rock,True,2027,,
10513,Song,Silent Observer,True,1991,Blues Rock,True,,,
10515,Song,The Weight of Inaction,True,1992,Indie Pop,True,,,
10517,Song,Grape Escape,True,2027,Indie Folk,True,2027,,
10520,Song,Vintage Nights,True,2012,Southern Gothic Rock,True,2012,,2012
10521,Song,Uncork My Heart,True,2029,Emo/Pop Punk,True,2029,,
10523,Song,Sommelier's Serenade,True,2022,Dream Pop,True,,,
10534,Song,Twelve Bells of Augsburg,True,2026,Psychedelic Rock,True,,,
10535,Song,Memories Along the Lech River,False,2026,Indie Folk,True,2026,,2026
10538,Song,Whispers of Your Name,True,2029,Synthwave,True,2026,,
10544,Song,Fragments of You,True,2027,Jazz Surf Rock,True,,,
10549,Song,Unfinished Conversations,True,1993,Indie Pop,True,1993,,
10552,Song,Whispers of Sorrow,True,2018,Space Rock,True,,,2018
10561,Song,Silent Scream,True,2017,Indie Folk,True,,,
10562,Song,Unheard Lamentations,True,2026,Dream Pop,True,,,
10574,Song,Triangular Affection,True,2007,Lo-Fi Electronica,True,2007,,2007
10576,Song,Competing Courtships,True,2011,Synthwave,True,,,
10582,Song,The Shared Desire,True,2029,Symphonic Metal,True,2029,,2029
10589,Song,Branches of Ancestral Memory,True,2017,Americana,True,,,
10596,Song,Roots Between Worlds,True,2013,Indie Folk,True,,,
10600,Song,Voices of the Motherland,True,2005,Alternative Rock,True,,,
10601,Song,Echoes of Unity,True,2027,Desert Rock,True,,,
10608,Song,Sovereign Heartbeat,True,2017,Space Rock,True,2017,,2017
10612,Song,Tapestry of Freedom,True,2012,Southern Gothic Rock,True,,,
10616,Song,Allegro,False,2013,Indie Folk,True,2013,,
10625,Song,Quick Change,True,2030,Dream Pop,False,,,
10628,Song,Rapid Transit,True,2020,Synthpop,True,2020,,
10632,Song,Whispers of Delphi,True,2013,Indie Folk,True,,,
10636,Song,Prophetic Shadows,True,2027,Jazz Surf Rock,True,,,
10641,Song,Divination's Echo,True,2027,Dream Pop,True,2027,,
10645,Song,Intimate Interludes for Ivory Keys,True,2010,Synthwave,True,,,
10648,Song,Passionate Pianissimo Passages,False,1999,Dream Pop,True,,,
10653,Song,Sensual Sonata Sketches,True,2022,Doom Metal,False,2019,,
10657,Song,Antlers of Moonlight,True,2017,Dream Pop,True,,,
10659,Song,"Silent Hooves, Whispering Forest",False,2025,Dream Pop,True,,,
10662,Song,Breath of the Stag,True,2029,Dream Pop,True,,,2029
10666,Song,Velvet Shadows: A Deer's Journey,True,2020,Indie Folk,True,,,
10673,Song,Gravel Road Home,False,2013,Doom Metal,True,,,2013
10681,Song,Bethlehem's Bohemian Bells,True,2007,Doom Metal,True,2007,,
10684,Song,Winter Vespers in Prague,True,2007,Dream Pop,True,,,
10685,Song,Carols from the Forgotten Chapel,True,2020,Doom Metal,True,,,
10694,Song,Midnight in Moravia,False,2004,Psychedelic Rock,True,,,2004
10698,Song,Whispers of the Armenian Heart,False,2014,Alternative Rock,True,,,
10699,Song,Echoes of a Forgotten Name,False,2017,Indie Folk,True,2010,,2017
10704,Song,Prayers in Twilight,True,2010,Indie Rock,True,,,2010
10716,Song,Guardians of Honor,False,2027,Americana,True,,,
10727,Song,Innocence Untouched,True,2030,Avant-Garde Folk,True,,,
10730,Song,Unwritten Memories,True,2013,Psychedelic Rock,True,,,
10736,Song,Pure Heart's Dance,True,2023,Space Rock,True,,,2023
10741,Song,Together We Stride,True,2027,Dream Pop,True,2027,,
10747,Song,Cheerful Pathways,False,2019,Dream Pop,True,2019,,
10759,Song,Whispers of Your Memory,True,2017,Avant-Garde Folk,True,2017,,
10761,Song,Echoes in the Distance,False,2028,Symphonic Metal,True,,,
10765,Song,Shadows of Your Silence,True,2020,Southern Gothic Rock,True,,,
10767,Song,Fragments of an Unwritten Letter,True,2027,Dream Pop,True,,,
10771,Song,Whispers from His Workshop,False,2017,Synthwave,True,,,2017
10773,Song,Grandfather's Weathered Hands,True,2017,Indie Folk,True,,,
10777,Song,Echoes of Forgotten Stories,True,2029,Space Rock,True,,,
10782,Song,"Sepia Memories, Fading Light",True,2026,Synthwave,True,,,
10787,Song,Dirt Road Back Home,True,2024,Desert Rock,True,2024,,
10793,Song,Miles From Where I Belong,True,2013,Synthwave,False,,,
10799,Song,Southern Redemption Highway,True,1984,Blues Rock,False,1984,,
10800,Song,Whispers in Echo,True,2029,Darkwave,True,,,2029
10806,Song,Mechanical Heartbeat,False,2027,Jazz Surf Rock,True,,,
10812,Song,Silent Protocol,True,2017,Emo/Pop Punk,True,,,
10814,Song,Algorithmic Soul,True,2020,Indie Folk,True,,,2020
10815,Song,Rhythm of the Heartbeat,True,2025,Indie Rock,True,,,
10818,Song,Echoes of the Drumline,False,2028,Dream Pop,True,2028,,2028
10819,Song,Thundering Percussion,True,2029,Space Rock,True,,,
10825,Song,Beats of Celebration,False,2020,Dream Pop,True,2020,,
10835,Song,Whispers at the Doorstep,True,2030,Americana,True,2030,,2030
10836,Song,The Last Word Unsaid,True,2021,Speed Metal,True,,,
10837,Song,Who's That Girl Named Mariele?,True,2010,Indie Pop,False,2010,,
10839,Song,Shadows of Mariele,True,2017,Indie Folk,True,,,2017
10844,Song,Whispers About Mariele,True,2017,Indie Folk,True,,,
10850,Song,Tystnadens Vind över Öländska Marker (The Silent Wind Across Öland Fields),True,2027,Dream Pop,True,,,
10855,Song,Maria's Obeskrivna Minnen (Maria's Unwritten Memories),True,2023,Dream Pop,True,,,2023
10859,Song,Bortglömd Brevlåda vid Landsvägen (Forgotten Mailbox by the Road),False,2013,Doom Metal,True,,,
10861,Song,Electric Halo,True,2029,Dream Pop,True,,,
10875,Song,Rebel Saint,True,2029,Dream Pop,True,,,
10880,Song,Vinyl Virgin,True,2015,Indie Folk,True,,,
10893,Song,Echoes of Déjà Vu,False,2013,Psychedelic Rock,True,,,
10903,Song,Parallel Memories,False,2028,Dream Pop,True,,,
10909,Song,Rewoven Fates,True,2017,Dream Pop,True,,,
10915,Song,Chapters Rewritten,True,2013,Indie Pop,True,,,
10919,Song,Echoes of the Unseen,True,2029,Psychedelic Rock,True,,,
10931,Song,Cryptic Wavelength,True,2020,Indie Rock,True,2020,,
10935,Song,Fragments of a Forgotten Signal,True,1991,Psychedelic Rock,True,,,
10938,Song,The Long Way Back,True,2010,Doom Metal,True,,,
10941,Song,Familiar Strangers,True,2025,Indie Rock,True,2025,,
10944,Song,Homebound Heart,True,2026,Dream Pop,True,2026,,
10948,Song,Whispers of Your Phantom,True,2013,Darkwave,True,,,
10953,Song,Echoes of an Absent Heart,True,2022,Psychedelic Rock,True,,,
10968,Song,Dribble Dance,True,2019,Synthwave,True,,,
10975,Song,Futsal Fever,False,2018,Synthwave,True,,,
10977,Song,Golden Boots of Rio,True,2023,Indie Folk,True,2023,,
10982,Song,Street Legend's Samba,True,2017,Darkwave,True,2017,,
10986,Song,Whispers of Milagros,True,2023,Dream Pop,True,,,
10994,Song,Forgotten Grace: A Milagros Tale,True,2017,Southern Gothic Rock,True,,,
10996,Song,Echoes from the Vocal Shrine,False,2004,Alternative Rock,True,,,2004
11002,Song,The Maestro's Unsung Wisdom,True,2010,Indie Rock,True,2010,,
11005,Song,Welcome to the Kemono Sanctuary,True,2017,Indie Folk,True,2017,,
11010,Song,Japari's Endless Adventure,False,2017,Doom Metal,True,,,
11014,Song,Wilderness Melody: A Park's Harmony,True,2017,Indie Folk,True,,,2017
11018,Song,Echoes of Epochs,True,2020,Indie Folk,True,2020,,
11022,Song,Shifting Sands of Time,True,2002,Southern Gothic Rock,True,2002,,
11023,Song,Chronological Meridian,False,2023,Dream Pop,True,,,
11024,Song,First Breath of Wonder,True,2017,Americana,True,,,
11029,Song,Tiny Heartbeat Symphony,False,2029,Synthwave,True,,,
11033,Song,Cradle of Infinite Promise,True,2004,Doom Metal,True,,,2004
11037,Song,Whispers from a New World,True,2014,Psychedelic Rock,True,,,2014
11042,Song,Amor's Victorious March,True,2017,Americana,True,,,
11050,Song,Conquests of the Passionate Soul,True,2010,Doom Metal,True,,,
11061,Song,Echoes of Sisterhood,True,2020,Indie Rock,True,,,
11080,Song,Echoes of the Holy City,False,2023,Synthpop,True,,,
11091,Song,Stones and Pilgrims,True,1993,Darkwave,True,,,
11093,Song,Zion's Whispers,True,2012,Dream Pop,True,2012,,
11097,Song,Where the Horizons Whisper,True,2019,Darkwave,True,,,
11104,Song,Echoes of an Unknown Landscape,True,2027,Indie Folk,True,,,
11109,Song,Paths Beyond Memory,True,2012,Emo/Pop Punk,True,,,2012
11110,Song,The Terrain of Unspoken Dreams,True,2017,Indie Folk,True,,,
11115,Song,Nattens Tysta Röst (The Night's Silent Voice),True,1992,Avant-Garde Folk,True,1992,,
11116,Song,Bortom Mörkrets Rand (Beyond the Edge of Darkness),True,2010,Indie Folk,True,,,
11117,Song,Glömda Konturer (Forgotten Contours),True,2017,Synthwave,True,,,
11122,Song,Midnight Tundra,True,2019,Americana,True,,,
11127,Song,Northern Silence,True,2016,Psychedelic Rock,True,,,
11130,Song,Denali's Whisper,True,2027,Space Rock,True,,,
11136,Song,Spinning Sideways,True,2026,Darkwave,True,,,
11142,Song,Pivot Point,True,1992,Indie Pop,True,,,
11146,Song,Mirror of Courage,True,2020,Synthpop,True,2020,,
11152,Song,Rise from Within,True,2017,Indie Folk,True,,,
11156,Song,Your Own Light,True,2023,Doom Metal,True,,,
11159,Song,Harmony's Whisper,True,2023,Emo/Pop Punk,True,,,
11161,Song,Silent Bridges,False,2000,Indie Folk,True,1997,,
11172,Song,The Calm Chorus,True,1989,Southern Gothic Rock,True,,,
11174,Song,Bench Whispers,True,2016,Southern Gothic Rock,True,2016,,
11184,Song,Second String Soul,True,2028,Dream Pop,True,,,2028
11187,Song,Locked Away,True,2020,Doom Metal,True,,,
11200,Song,Nautical Whispers,True,2029,Dream Pop,True,2029,,
11206,Song,Beyond the Breakwater,True,2026,Indie Rock,True,2026,,
11210,Song,Scholarly Revelry,False,1987,Doom Metal,True,,,
11217,Song,Tenure Track Triumph,True,2008,Dream Pop,True,,,2008
11219,Song,The Sixth Symphony of Silence,True,2013,Doom Metal,True,,,
11225,Song,Beethoven's Unheard Conversation,True,2024,Synthwave,True,2024,,2024
11227,Song,Harmonic Echoes of a Restless Mind,True,2013,Indie Pop,True,2013,,
11230,Song,Hope Beyond the Shadows,True,2020,Psychedelic Rock,True,,,2020
11236,Song,Unbroken Promise,True,2028,Alternative Rock,True,2028,,
11240,Song,The Anchor Holds,True,2004,Emo/Pop Punk,True,,,
11241,Song,Risen Mercy,True,2018,Dream Pop,True,,,
11244,Song,Echoes of a Vanishing Embrace,True,2007,Alternative Rock,True,2007,,2007
11246,Song,Shadows of the Last Goodbye,False,2007,Southern Gothic Rock,True,2004,,2007
11249,Song,Silence Between Departures,True,2026,Indie Rock,True,,,
11251,Song,Two Sides of Silence,True,2020,Indie Folk,True,2013,,
11254,Song,Divergent Memories,True,2017,Indie Folk,True,,,2017
11269,Song,Dust and Determination,True,2016,Indie Folk,True,2016,,
11273,Song,Tears of Pure Joy,True,2004,Blues Rock,True,,,
11276,Song,Laughter Leaking from My Eyes,True,2024,Dream Pop,True,2024,,
11280,Song,Euphoria's Overflow,False,2023,Darkwave,True,2023,,
11284,Song,Singular Spark,True,2021,Dream Pop,True,,,
11290,Song,Perfect Harmony,True,2003,Synthwave,True,,,
11292,Song,The Only One,True,2011,Alternative Rock,True,,,
11294,Song,Incomparable Heart,True,2027,Blues Rock,True,2027,,2027
11299,Song,Backwards in the Saddle,True,2009,Avant-Garde Folk,True,,,
11303,Song,Inverted Lasso,True,1991,Dream Pop,True,1991,,
11316,Song,Echoes of Solitary Streets,False,1987,Blues Rock,True,,,
11322,Song,The Unaccompanied Journey,True,2027,Alternative Rock,True,,,
11327,Song,Royal Reverence,True,1998,Lo-Fi Electronica,True,,,
11329,Song,Crown and Conscience,True,2025,Space Rock,True,2025,,
11333,Song,Throne of Grace,True,2024,Dream Pop,True,,,
11339,Song,Seaside Memories of Rustington,True,2024,Indie Rock,True,,,
11351,Song,Pebbles and Pier: A Rustington Tale,True,1997,Indie Folk,True,,,
11354,Song,Bleeding Hearts and Razor Blades,True,2013,Jazz Surf Rock,True,,,
11357,Song,Sharp Edge of Desire,False,2026,Alternative Rock,True,2026,,2026
11359,Song,Cutting Through Romance,True,2014,Alternative Rock,True,,,
11363,Song,Fragile Wounds of Passion,True,2010,Blues Rock,True,2007,,
11365,Song,Swallow Your Pride,False,2016,Southern Gothic Rock,True,,,
11368,Song,Forced Feast,True,2004,Southern Gothic Rock,True,,,2004
11369,Song,Down the Hatch,True,2022,Jazz Surf Rock,True,,,
11371,Song,Spotlight on a Sweetheart,True,2027,Space Rock,True,2027,,
11377,Song,Pristine and Pampered,True,2010,Psychedelic Rock,True,,,
11378,Song,Teenage Dream Machine,True,2004,Indie Folk,True,,,
11381,Song,Perfectly Polished Persona,True,2020,Americana,True,2020,,
11385,Song,Whispers from the Silk Road,True,2024,Dream Pop,True,2024,,
11393,Song,Shadows of the Ancient Scholar,True,2025,Americana,True,,,
11395,Song,Fragments of a Distant Memory,True,2029,Darkwave,True,,,2029
11400,Song,"Whoa, Whoa! (Remix Edition)",True,1985,Dream Pop,True,,,
11404,Song,"Ah, Ah! (Deluxe Cut)",True,2000,Emo/Pop Punk,True,,,
11405,Song,"Hey, Hey! (Expanded Version)",True,2020,Psychedelic Rock,True,,,
11415,Song,Barnyard Boulevard,True,2026,Darkwave,True,,,
11420,Song,Oink of Belonging,True,2030,Synthwave,True,,,
11423,Song,Pigpen Postcards,True,2023,Psychedelic Rock,True,,,
11429,Song,Echoes of What We Were,False,2027,Dream Pop,True,,,
11431,Song,Silhouettes of a Moment,True,2004,Indie Folk,True,2004,,
11432,Song,Snapshots of Almost Love,True,2010,Dream Pop,True,,,
11438,Song,Whispers of Carmela,False,2022,Indie Pop,True,,,
11439,Song,Carmela's Midnight Dance,True,2025,Southern Gothic Rock,True,2025,,
11442,Song,The Forgotten Serenade of Carmela,True,2026,Dream Pop,True,,,
11447,Song,Urban Haze,True,2022,Indie Folk,True,,,
11450,Song,Charcoal Skyline,True,2019,Jazz Surf Rock,True,,,2019
11453,Song,Asphalt Breath,True,2023,Dream Pop,True,,,
11457,Song,Frozen Chambers,True,2023,Symphonic Metal,True,,,
11459,Song,Glacial Pulse,True,2026,Post-Apocalyptic Folk,True,2026,,
11465,Song,Frost-Bitten Love,False,2028,Space Rock,True,2028,,
11467,Song,Percussive Daydream,True,2013,Lo-Fi Electronica,True,,,
11468,Song,Whispers of the Dance Floor,True,1987,Southern Gothic Rock,True,,,
11477,Song,Forever in My Heart,True,2021,Lo-Fi Electronica,True,,,
11491,Song,Crimson Betrayal,True,2012,Psychedelic Rock,True,,,
11495,Song,Whispers of a Blade,True,2015,Americana,True,,,
11499,Song,Scarred Intentions,True,2029,Dream Pop,True,2029,,
11502,Song,Midnight's Sharp Embrace,True,2026,Americana,True,,,
11509,Song,"Mirror, Mirror",True,2029,Post-Apocalyptic Folk,True,,,
11514,Song,Selfie Syndrome,True,2007,Emo/Pop Punk,True,,,
11515,Song,Perfectly Plastic,True,2025,Oceanus Folk,True,,,
11520,Song,Reflections of Ego,True,2007,Emo/Pop Punk,True,2007,,
11521,Song,The Whispers of Cawfield,False,2013,Doom Metal,True,,,
11525,Song,Shadows of the Forgotten Meadow,True,2020,Psychedelic Rock,True,,,
11526,Song,Ballad of the Lone Shepherd,True,2019,Psychedelic Rock,True,,,
11527,Song,Forest Whispers at Dawn,True,2009,Indie Rock,True,,,
11528,Song,Emerald Canopy Sonata,False,2007,Desert Rock,True,,,
11532,Song,Woodland Symphony No. 1,True,2013,Alternative Rock,True,,,2013
11537,Song,Echoes of a Minor Resonance,False,2026,Alternative Rock,True,2026,,
11538,Song,Shadows Between the Strings,True,2020,Dream Pop,True,2020,,
11541,Song,Whispers in C: A Fragmentary Lament,True,2013,Indie Rock,True,2010,,
11546,Song,Quartet of Quiet Dissonance,True,1992,Synthwave,True,,,
11558,Song,Renaissance Whispers,True,2015,Alternative Rock,True,,,
11562,Song,Courtly Shadows and Silk,True,2025,Southern Gothic Rock,True,,,
11564,Song,Medieval Melodies Unbound,True,2004,Doom Metal,True,2004,,
11567,Song,Wild Tonight,True,2023,Oceanus Folk,True,,,
11568,Song,Unhinged Emotion,True,2020,Synthpop,True,2013,,
11569,Song,Breaking Rational,True,2008,Indie Rock,True,,,2008
11572,Song,Fever Pitch Madness,True,1995,Speed Metal,True,,,1995
11574,Song,Shadows of Her Silhouette,True,2013,Indie Rock,True,2013,,
11578,Song,Whispers in the Unknown,True,2026,Oceanus Folk,True,2026,,
11583,Song,Veiled Intentions,True,2030,Synthwave,True,,,
11590,Song,Midnight's Descent into Chaos,True,2026,Dream Pop,True,,,
11598,Song,When Darkness Amplifies,True,2018,Lo-Fi Electronica,True,,,2018
11602,Song,The Twilight Spiral,True,2021,Dream Pop,True,,,
11608,Song,Childhood's Horizon,True,2024,Americana,True,2024,,
11612,Song,Growing Silhouettes,False,2010,Indie Folk,True,,,2010
11614,Song,Between Innocence and Ember,True,2009,Alternative Rock,True,2009,,2009
11617,Song,Adolescent Echoes,True,2023,Speed Metal,True,2023,,
11623,Song,Whispers of Tenderness,True,2026,Jazz Surf Rock,True,,,
11635,Song,Echoes of Intimacy,False,1999,Synthwave,True,1999,,1999
11637,Song,Soft Murmurs Between Us,True,2019,Synthwave,True,,,
11640,Song,Echoes of Faded Sweetness,True,2007,Dream Pop,True,,,
11641,Song,Memories Like Whispered Honey,True,2008,Indie Folk,True,,,
11644,Song,Tender Moments Dissolved,True,2004,Speed Metal,True,,,
11646,Song,Daddy's Little Ghost,True,2030,Alternative Rock,True,2030,,
11652,Song,Shadows of Approval,True,1985,Synthwave,True,1982,,
11655,Song,Whispers Between Lovers,True,2026,Oceanus Folk,True,,,
11659,Song,Echoes of Two Hearts,True,2024,Dream Pop,True,,,2024
11672,Song,Sappho's Secret Garden,True,2020,Post-Apocalyptic Folk,True,2020,,
11677,Song,Forbidden Embrace,True,2009,Lo-Fi Electronica,True,2009,,2009
11678,Song,Moments Between Heartbeats,True,2023,Indie Folk,True,2023,,
11679,Song,Snapshot of Forever,True,2026,Oceanus Folk,True,,,
11681,Song,The Day We Never Forget,True,2019,Psychedelic Rock,True,,,
11696,Song,Digital Reed,True,2017,Synthwave,True,,,
11706,Song,Quantum Woodwind,True,2029,Space Rock,False,,,
11718,Song,Perfect Moment's Embrace,True,2013,Southern Gothic Rock,True,2013,,
11719,Song,Sunlight Between Heartbeats,True,2024,Doom Metal,True,2024,,
11726,Song,Today Feels Like Forever,True,2017,Indie Folk,True,,,
11729,Song,Whispers of Unexpected Joy,True,2013,Americana,True,,,2013
11736,Song,Echoes from the Forgotten Coast,True,2013,Symphonic Metal,True,,,
11737,Song,Shadows of a Distant Name,True,2007,Indie Folk,True,2007,,
11740,Song,Guenerina's Lament,False,2011,Indie Rock,True,,,
11746,Song,Echoes in Silk and Shadow,True,2024,Americana,True,2024,,
11749,Song,The Memory of Xiao,True,2024,Space Rock,True,,,
11753,Song,Fragile Lotus: A Ballad for Juan,True,2007,Symphonic Metal,True,,,
11765,Song,Toxic Pulse,True,2018,Dream Pop,True,,,
11767,Song,Venom's Whisper,False,2004,Oceanus Folk,True,2004,,
11768,Song,The Slow Dissolve,True,2024,Dream Pop,True,2021,,
11780,Song,Poison in Veins,True,2027,Dream Pop,True,,,
11785,Song,Herencia de Piedra (Heritage of Stone),False,2024,Jazz Surf Rock,True,,,
11793,Song,Ancestral Echoes,True,1991,Dream Pop,False,,,
11797,Song,Broker's Burden,True,2020,Oceanus Folk,True,,,
11801,Song,Commission Junction,True,2029,Synthwave,False,2026,,
11805,Song,The Go-Between,True,1990,Americana,True,,,
11808,Song,Negotiator's Lament,True,2029,Indie Folk,True,2029,,
11813,Song,Voltage Celebration,False,2006,Alternative Rock,True,2006,,
11815,Song,Dance Floor Detonation,True,2017,Indie Folk,True,,,2017
11819,Song,Rhythm Reactor,True,2025,Dream Pop,True,,,
11824,Song,Bass Blast Bonanza,True,2020,Dream Pop,True,,,
11826,Song,Whispers of Ink and Memory,False,2025,Speed Metal,True,,,
11830,Song,Verses from a Silent Room,False,2000,Synthwave,True,2000,,
11839,Song,Pilgrims of Hope,True,2010,Indie Folk,True,,,
11842,Song,"Crossing Continents, Sharing Faith",True,2020,Americana,True,,,2020
11847,Song,Echoes of a Global Generation,True,2023,Dream Pop,True,,,
11851,Song,Sunrise at the Sacred Gathering,True,2032,Dream Pop,True,,,
11855,Song,The Ballad of Fred Titmus,False,2007,Americana,True,,,2007
11861,Song,Fred's Unexpected Fame,True,2026,Dream Pop,True,,,
11866,Song,Tales from the Pavilion,True,2015,Jazz Surf Rock,True,,,2025
11870,Song,Radiant Hearts,False,2028,Indie Folk,True,,,
11875,Song,Brilliant Affection,False,1994,Dream Pop,True,,,
11878,Song,Glowing Connection,False,2023,Alternative Rock,True,2020,,
11880,Song,"Two Hearts, One Village",True,2006,Southern Gothic Rock,True,2006,,
11885,Song,Whispers of the Danish Countryside,True,2004,Americana,True,2004,,
11889,Song,Echoes of Nils,True,2004,Blues Rock,True,,,
11890,Song,Urban Exodus,True,2023,Americana,True,,,
11896,Song,Skyscrapers in Retreat,True,2013,Alternative Rock,True,2013,,
11899,Song,Asphalt and Dust,True,2020,Indie Rock,True,2020,,
11904,Song,The Polite Appointments,True,2020,Alternative Rock,True,,,
11905,Song,Dinner Party Diplomacy,False,2004,Alternative Rock,True,,,
11907,Song,Champagne and Pretense,True,2023,Indie Rock,True,2023,,
11910,Song,Silk Glove Rendezvous,True,2013,Synthwave,True,,,
11911,Song,Time's Running Out,True,2026,Blues Rock,True,,,2026
11914,Song,Patience Worn Thin,True,2027,Indie Folk,True,,,
11923,Song,Hurry Up and Love,True,2023,Indie Folk,True,,,
11928,Song,Seconds Ticking Away,True,2023,Doom Metal,True,,,
11936,Song,Tender Destruction,True,2029,Emo/Pop Punk,True,,,
11938,Song,Shattered Devotion,True,1998,Indie Pop,True,,,1998
11941,Song,Embrace and Erase,True,2024,Indie Rock,True,2024,,
11942,Song,Tokyo Nights and Neon Lights,True,2020,Indie Folk,True,,,
11945,Song,Bullet Train to Brilliance,False,2007,Doom Metal,True,,,
11948,Song,Rising Sun Renegades,True,2012,Alternative Rock,True,,,2012
11951,Song,Emerald Echoes of Renewal,False,2024,Synthwave,True,2024,,
11957,Song,"Tender Roots, Unfurling Dreams",True,2030,Dream Pop,True,,,
11966,Song,Burning Bright,False,2023,Synthwave,True,,,
11967,Song,Flames of Unity,False,2006,Dream Pop,True,2006,,
11972,Song,Ignite the Horizon,False,2026,Desert Rock,True,,,
11978,Song,Sparks Unbound,True,2023,Oceanus Folk,True,2023,,
11980,Song,Gather 'Round the Manger's Light,True,2020,Synthwave,True,,,
11984,Song,"Pilgrim Hearts, Rejoicing Night",True,1991,Blues Rock,True,,,
11989,Song,Radiant Call of Bethlehem's Star,True,2007,Indie Folk,True,,,
11997,Song,The Man Who Died Twice,True,2023,Doom Metal,True,,,
12001,Song,Phantom's Second Chance,False,2026,Post-Apocalyptic Folk,True,,,
12004,Song,Coronation of Courage,False,2013,Indie Folk,True,,,
12008,Song,Sovereign's Stride,True,2014,Lo-Fi Electronica,True,,,
12010,Song,William's Victorious Path,True,2003,Alternative Rock,True,,,
12013,Song,Whispers After Dark,True,2026,Alternative Rock,True,,,
12015,Song,Echoes of Midnight,True,2017,Indie Folk,True,,,2017
12020,Song,Shadows and Reminiscence,False,2004,Synthwave,True,,,
12025,Song,Nocturnal Reverie,True,2013,Lo-Fi Electronica,True,,,2013
12027,Song,The Nocturnal Ravens of Munich's Skyline,True,2026,Dream Pop,True,,,
12031,Song,Midnight Wings Over Bavarian Towers,True,2029,Dream Pop,True,,,2029
12034,Song,Shadowy Exodus: A Raven's Urban Escape,True,2029,Indie Folk,True,,,
12041,Song,Whispers and Touches,True,2004,Southern Gothic Rock,True,,,
12042,Song,Gentle Heart's Embrace,True,2014,Southern Gothic Rock,False,2014,,
12043,Song,Soft Love's First Light,True,2023,Dream Pop,True,,,2023
12045,Song,Crayon of Destiny,True,2024,Psychedelic Rock,True,,,2024
12049,Song,Narrative Unfolding,True,2020,Synthwave,False,2020,,
12052,Song,Chapters Yet Unwritten,True,2010,Dream Pop,True,,,
12061,Song,Echoes of Loyalty,True,2029,Dream Pop,True,,,
12066,Song,"Borrowed Time, Shared Heart",True,1997,Synthpop,True,,,
12067,Song,Fragments of Friendship,True,2024,Oceanus Folk,True,,,
12072,Song,Božské Tajemství v Rukou Času,True,2017,Psychedelic Rock,True,2017,,
12079,Song,Zázraky Skryté za Obzorem Víry,True,2021,Synthwave,True,,,
12081,Song,Boží Stopy v Pramenech Existence,True,2017,Doom Metal,False,2017,,
12091,Song,Hearts Bound by Ancient Vows,True,1997,Southern Gothic Rock,True,,,
12100,Song,Soulmates Across the Winds,True,2013,Indie Pop,False,2007,,
12102,Song,Threads of Desire,True,2020,Synthwave,True,,,
12105,Song,Mannequin's Whisper,True,2017,Southern Gothic Rock,True,,,2017
12106,Song,Couture and Consequence,True,2025,Dream Pop,True,2025,,
12109,Song,Whispers of Fury,True,2013,Doom Metal,True,,,
12126,Song,Taming the Tempest Within,False,2004,Indie Folk,True,2004,,
12131,Song,Walls of Infinite Grace,True,2023,Psychedelic Rock,True,,,2023
12138,Song,Unbreakable Divine Shelter,True,2030,Oceanus Folk,True,2030,,
12142,Song,Refuge Beyond Horizons,True,2028,Jazz Surf Rock,True,2028,,
12146,Song,Stronghold of Eternal Promise,False,2013,Indie Rock,True,,,
12148,Song,Wah Wah Way,False,2022,Dream Pop,True,,,
12150,Song,Sing Song Swing,False,2007,Indie Folk,True,,,2007
12161,Song,Vocal Vibe,True,2021,Indie Pop,True,,,
12162,Song,Whispers from the Highlands,True,2018,Alternative Rock,True,,,
12163,Song,Annie's Unbroken Vow,True,1997,Indie Pop,True,,,
12164,Song,Echoes of a Maiden's Heart,True,2030,Dream Pop,True,,,
12169,Song,The Ballad of Forgotten Grace,True,2020,Indie Folk,True,,,
12173,Song,Echoes Resonate,True,2023,Darkwave,True,,,
12179,Song,Vibrations Unheard,True,2029,Post-Apocalyptic Folk,False,,,
12190,Song,Sonic Whispers,False,2023,Indie Folk,True,2023,,2023
12196,Song,Ringing Through Silence,True,2024,Dream Pop,True,2024,,
12199,Song,Distant Heartstrings,True,2007,Doom Metal,True,,,
12200,Song,Whispers of Unspoken Longing,False,2023,Alternative Rock,True,,,
12202,Song,The Invisible Thread,True,2018,Jazz Surf Rock,True,2018,,
12204,Song,Shadows Between Us,True,2024,Symphonic Metal,True,2024,,
12205,Song,Riverside Freedom,True,2015,Dream Pop,True,,,
12209,Song,Whispers of the Dnieper,True,2000,Blues Rock,True,,,
12213,Song,Unbound Waters,True,2023,Synthwave,True,,,
12220,Song,No Compromise,True,2030,Dream Pop,True,2030,,
12230,Song,Drawing the Line,True,2017,Doom Metal,True,,,
12233,Song,Breaking Point,True,2012,Indie Pop,True,,,
12237,Song,Provence Aria,True,2023,Indie Rock,True,,,
12245,Song,Harbor Harmony,True,2017,Indie Folk,True,,,
12250,Song,Mediterranean Melody,True,2025,Americana,True,,,
12259,Song,Whispers of Manuela's Horizon,True,2026,Oceanus Folk,True,,,2026
12263,Song,Echoes from the Mountain's Heart,True,2025,Speed Metal,True,,,
12266,Song,Manuela's Silent Passage,True,2017,Synthwave,True,,,
12270,Song,Shadows of a Forgotten Name,True,2013,Oceanus Folk,True,2013,,
12276,Song,Midnight in Les Halles,True,2027,Post-Apocalyptic Folk,True,,,
12289,Song,Shadows of Les Invalides,True,2029,Symphonic Metal,True,,,
12291,Song,Dust and Memories,True,2025,Synthwave,True,,,
12292,Song,Trapped in My Own Skin,True,2023,Doom Metal,True,,,
12294,Song,The Last Exit,True,2019,Alternative Rock,True,2019,,
12300,Song,Permanent Passenger,True,2018,Lo-Fi Electronica,True,2018,,
12309,Song,Whispers of Passion,True,2020,Darkwave,True,2020,,
12316,Song,Rhythm of Us,True,2021,Dream Pop,True,2021,,
12322,Song,The Vision of Maria,True,2029,Dream Pop,True,,,
12332,Song,Whispers in Maria's Slumber,True,2010,Oceanus Folk,True,2010,,
12333,Song,Dreams Beyond the Veil,True,2013,Doom Metal,True,,,
12338,Song,Lanterns of the Ancient Capital,True,2020,Doom Metal,True,,,
12344,Song,Whispers from the Bamboo Grove,True,2021,Alternative Rock,True,2014,,2021
12345,Song,Geisha's Midnight Melody,True,1993,Blues Rock,True,,,
12346,Song,Temples and Shadows,True,2009,Speed Metal,True,,,
12347,Song,Broken Generation,True,2026,Darkwave,True,,,2026
12350,Song,Playground Panic,True,2023,Southern Gothic Rock,True,2023,,
12352,Song,Silenced Screams,False,2026,Dream Pop,True,,,
12358,Song,Fractured Futures,True,2029,Symphonic Metal,True,,,2029
12365,Song,Lonesome Trail Ballad,True,2013,Americana,True,2010,,
12367,Song,Sunset in the Saddle,True,2007,Indie Folk,True,2007,,
12369,Song,Fallout Shelter Lullaby,True,2025,Dream Pop,True,,,
12373,Song,Proxy Battlefield,True,2005,Lo-Fi Electronica,True,,,
12375,Song,The Iron Curtain's Shadow,True,2007,Southern Gothic Rock,True,2007,,
12376,Song,Mutually Assured Silence,True,2019,Synthwave,True,,,
12382,Song,21 [Tjugoett] Mountain Path Polskas,False,2011,Alternative Rock,True,2011,,
12384,Song,Northern Fiddle Whispers: 19 Twilight Melodies,True,2017,Indie Folk,True,,,
12386,Song,Wilderness Echoes: Sámi Violin Chronicles,True,2029,Indie Folk,True,,,
12389,Song,Midnight Reindeer Dance: Nordic Folk Harmonies,True,2017,Space Rock,True,,,
12393,Song,Everywhere But Home,True,2026,Dream Pop,True,,,
12395,Song,Wandering Horizons,True,2020,Indie Folk,True,,,2020
12396,Song,Across All Distances,True,2007,Lo-Fi Electronica,True,2007,,
12397,Song,Roaming Without Roots,True,2007,Dream Pop,True,2007,,
12408,Song,Fragments of Self,True,2010,Doom Metal,True,,,
12410,Song,The Unfolding Identity,True,2029,Doom Metal,True,,,
12418,Song,Echoes of My Inner Voice,True,2028,Post-Apocalyptic Folk,True,,,
12422,Song,Emerald Eyes of Possession,True,2014,Synthwave,True,2011,,
12425,Song,Burning Chains of Desire,True,2012,Synthwave,True,2009,,
12428,Song,Whispers of the Restless Heart,True,1987,Speed Metal,True,1987,,
12429,Song,Sonic Magnitude,False,2028,Jazz Surf Rock,True,,,
12434,Song,Harmony's Horizon,False,2023,Psychedelic Rock,True,,,
12441,Song,Crescendo Cosmos,True,2028,Desert Rock,True,2028,,
12445,Song,The Infinite Melody,False,2020,Synthpop,True,,,
12451,Song,Silence After the Last Dance,True,2024,Dream Pop,True,,,2024
12469,Song,Confetti and Goodbyes,True,2023,Indie Folk,True,,,
12475,Song,When the Music Fades,False,1997,Southern Gothic Rock,True,,,
12478,Song,"Empty Ballrooms, Weary Hearts",True,2028,Dream Pop,True,,,
12490,Song,Celestial Praise,True,2029,Oceanus Folk,True,2029,,
12494,Song,Echoes from the Sacred,False,2022,Indie Pop,True,,,
12501,Song,Full Throttle,True,2029,Doom Metal,True,,,
12505,Song,Zero Hesitation,True,2010,Dream Pop,True,,,
12512,Song,Unspoken Rhythm,False,2029,Indie Rock,True,,,
12517,Song,Tidal Whispers,True,2007,Lo-Fi Electronica,True,,,
12521,Song,Siren's Crosswalk,True,2010,Indie Folk,True,,,
12524,Song,Reef Road Reverie,False,2030,Oceanus Folk,True,,,
12531,Song,Midnight Heartland,True,2000,Dream Pop,True,2000,,2000
12534,Song,Cradle of Echoes,True,2025,Alternative Rock,True,,,
12535,Song,Whispers from the Fifty States,True,2027,Darkwave,True,,,
12540,Song,Klíče od cizího života (Keys to a Stranger's Life),True,2026,Indie Folk,True,,,
12543,Song,"Prázdný pokoj, plné vzpomínky (Empty Room, Full Memories)",False,2017,Indie Folk,True,,,
12546,Song,Stěny mluví tiše (Walls Speak Softly),True,2010,Alternative Rock,True,,,
12547,Song,Dočasný domov (Temporary Home),True,2023,Indie Folk,True,,,
12550,Song,Shake What You've Got,True,2029,Dream Pop,True,,,
12554,Song,Rhythm in Motion,False,2027,Desert Rock,True,,,2027
12564,Song,Body Electric,True,2029,Indie Rock,True,,,
12571,Song,Vintage Romance Rebel,True,2022,Psychedelic Rock,True,2015,,
12574,Song,Analog Affection Anthem,True,2023,Doom Metal,True,,,
12577,Song,Classic Courtship Crusader,True,2020,Lo-Fi Electronica,True,2014,,2020
12582,Song,Foundation of Shadows,True,2020,Synthwave,True,,,
12593,Song,Brick by Broken Dream,True,2000,Americana,False,,,
12594,Song,Scaffolding of Silence,True,2003,Dream Pop,True,,,
12596,Song,Concrete and Consequence,True,1989,Psychedelic Rock,True,,,
12599,Song,Whispers of the Siberian Pines,True,2011,Alternative Rock,True,,,
12602,Song,Moonlight on Mishka's Tears,True,2021,Dream Pop,True,,,
12608,Song,"Wandering Bear, Gentle Soul",True,2020,Synthwave,True,,,2020
12611,Song,Forgotten Lullaby of the North,True,2021,Indie Rock,True,,,
12613,Song,Hovering Above the Ground,True,2020,Desert Rock,True,,,
12617,Song,Forbidden Terrain,False,2020,Americana,True,,,
12622,Song,Levitating Beyond Contact,True,2027,Darkwave,True,,,
12625,Song,Whispers Between Dimensions,True,2027,Oceanus Folk,True,,,
12629,Song,The Infinite Breath,True,2026,Dream Pop,True,,,
12631,Song,Fragments of Being,True,2022,Doom Metal,True,2022,,
12633,Song,Tectonic Lullaby,True,2027,Indie Folk,True,,,
12635,Song,Pangean Whispers,True,2024,Doom Metal,True,,,
12645,Song,Roots of the Ancient Landmass,True,2010,Indie Folk,True,,,
12650,Song,Untamed Verdict,True,2017,Synthwave,True,,,
12661,Song,Wilderness of Judgment,False,2014,Dream Pop,True,2014,,
12665,Song,Celestial Dust and Earthly Echoes,True,2012,Southern Gothic Rock,True,2012,,
12668,Song,When Cosmos Collapses,True,2020,Indie Folk,True,2020,,
12673,Song,Whispers of Impermanence,True,2013,Americana,True,,,
12678,Song,The Last Horizon,True,2013,Synthwave,True,,,
12685,Song,Coastal Whispers of Biscay,True,2031,Alternative Rock,True,,,
12689,Song,Bilbao's Heartbeat,False,2024,Lo-Fi Electronica,True,,,
12692,Song,Steel and Green: A Biscayan Tale,True,2016,Speed Metal,False,2016,,
12694,Song,Whispers of Karelian Forests,True,2029,Dream Pop,True,,,
12703,Song,Borderlands: A Karelian Saga,False,2020,Psychedelic Rock,True,,,
12705,Song,Winds of the Northern Shores,True,2017,Indie Folk,True,,,2017
12718,Song,Grease Lightning,True,2027,Space Rock,False,,,
12719,Song,Rendered Memories,True,1990,Dream Pop,True,1990,,
12721,Song,Sizzling Secrets,True,2007,Dream Pop,True,,,
12727,Song,Lumières Naissantes,True,2013,Synthwave,True,,,2017
12732,Song,Premier Souffle du Matin,True,2023,Synthwave,True,2023,,
12739,Song,Entre Ombre et Clarté,True,2020,Jazz Surf Rock,True,,,
12742,Song,Whispers of Sorrow in Diminished Chords,True,1997,Darkwave,True,1997,,
12744,Song,The Crucible of Strings,True,2030,Synthwave,True,2027,,
12750,Song,Lamentation in Minor Key,False,2019,Lo-Fi Electronica,True,,,
12751,Song,Echoes of Suffering's Symphony,True,2027,Dream Pop,True,,,2027
12756,Song,Wings Over the Aegean,False,2010,Indie Folk,True,,,2017
12759,Song,Feathered Journeys to Izmir,True,2013,Dream Pop,True,,,2013
12761,Song,Winds of Anatolia,False,2020,Symphonic Metal,True,2020,,
12776,Song,Neon Glow,False,2020,Desert Rock,True,2020,,
12784,Song,Illuminated Heart,True,2020,Indie Folk,True,,,
12792,Song,Silence Between the Staves,True,2005,Dream Pop,True,2005,,
12793,Song,Abandoned Melodies,False,2004,Avant-Garde Folk,True,,,
12794,Song,Ink-Stained Memories,True,2021,Dream Pop,True,,,
12804,Song,Dissonant Echoes,True,2020,Oceanus Folk,True,2020,,
12807,Song,Midnight's Lament in E-flat Major,True,2000,Blues Rock,True,,,
12812,Song,Shadows of an Unfinished Melody,True,2015,Indie Folk,True,,,
12816,Song,Whispers from the Unwritten Score,False,2029,Synthwave,True,,,
12817,Song,Twilight's Forgotten Composition,True,2000,Synthwave,True,,,
12821,Song,Droplets of Memory,True,1991,Blues Rock,True,,,
12822,Song,Wet Shadows,True,1999,Southern Gothic Rock,True,,,
12823,Song,Rainfall's Whisper,True,2027,Doom Metal,True,,,
12833,Song,When Skies Wept,False,2020,Doom Metal,True,,,
12847,Song,The Traveler Who Never Left,False,2026,Indie Folk,True,2026,,
12852,Song,Postcards from Nowhere,True,2023,Indie Folk,True,2023,,
12858,Song,Parade of Painted Spirits,True,2023,Doom Metal,True,,,
12861,Song,Rhythmic Revelry,True,2017,Indie Folk,True,,,
12865,Song,Festive Footsteps,True,2004,Psychedelic Rock,True,2004,,
12866,Song,Jubilee Boulevard,True,2007,Indie Pop,True,,,
12867,Song,Pulse of Desire,True,2017,Indie Rock,True,,,
12877,Song,Fragmented Chambers,True,2025,Space Rock,True,,,
12882,Song,Cardiac Whispers,False,2026,Oceanus Folk,True,,,
12886,Song,Rhythm of Breaking,False,2028,Dream Pop,True,,,
12891,Song,Etched in My Soul,True,2027,Southern Gothic Rock,False,,,
12892,Song,Memories Never Fade,True,2020,Indie Folk,True,,,
12893,Song,Keeper of My Heart,True,2013,Indie Folk,True,,,
12896,Song,Unbreakable Connection,True,2011,Southern Gothic Rock,True,,,
12899,Song,Broken Wishing Well,True,2025,Darkwave,True,,,
12903,Song,Dreams Beyond Reach,True,2029,Jazz Surf Rock,True,,,
12914,Song,Whispers of What Could Be,False,2017,Doom Metal,True,,,
12916,Song,Highland Outlaw's Lament,True,2013,Psychedelic Rock,True,,,
12920,Song,The MacGregor's Whisper,False,2025,Avant-Garde Folk,True,2025,,
12923,Song,Clan of Shadows,True,2002,Southern Gothic Rock,False,,,
12926,Song,Tartan and Revenge,True,2023,Oceanus Folk,True,,,
12933,Song,Wherever Your Path Leads,False,2013,Southern Gothic Rock,True,,,
12936,Song,"Stay Close, Follow Me",True,2020,Synthwave,False,,,
12941,Song,"Our Journey, One Direction",True,2026,Synthwave,True,2026,,
12947,Song,"Gather, Believers!",True,2010,Blues Rock,True,,,
12949,Song,Loyal Hearts Rejoice,True,2013,Synthwave,True,,,2013
12953,Song,The Faithful's Call,False,1993,Alternative Rock,True,,,
12955,Song,Pilgrims of Devotion,True,2020,Indie Pop,True,2013,,
12956,Song,Echoes of a Singular String,True,2015,Synthpop,True,,,
12963,Song,Resonance of Solitude,True,2028,Post-Apocalyptic Folk,True,2028,,
12967,Song,Echoes of Your Silence,True,2010,Dream Pop,False,,,
12971,Song,Midnight's Empty Telephone,True,2016,Dream Pop,False,,,
12973,Song,Shadows Where You Used to Be,True,2023,Lo-Fi Electronica,True,2023,,
12983,Song,Knees to the Ground,True,2023,Lo-Fi Electronica,True,2023,,
12986,Song,Broken Plea,True,2023,Post-Apocalyptic Folk,True,,,
12991,Song,Mercy's Last Breath,True,2026,Doom Metal,True,,,
12994,Song,The Crimson Tide of Redemption,False,2013,Dream Pop,True,,,
12997,Song,Soul's Deep Cleansing Altar,True,1987,Alternative Rock,True,,,
12998,Song,Purified by Divine Light,True,1994,Dream Pop,True,,,
13010,Song,Lies That Grow,True,2009,Southern Gothic Rock,True,2009,,
13014,Song,Exoskeleton Dissolve,True,2020,Indie Rock,True,,,2020
13023,Song,Mandible Fluidity,True,2003,Indie Pop,True,,,
13026,Song,Arthropod Cascade,True,2022,Desert Rock,True,,,
13027,Song,Shadows Beneath the Palm,True,2026,Oceanus Folk,True,,,
13035,Song,Mirage of Midnight Sands,True,2010,Indie Rock,True,2010,,
13040,Song,Blessed Beneath the Surface,True,2017,Dream Pop,True,2017,,
13042,Song,Meek Inheritance,True,2027,Psychedelic Rock,True,2027,,
13046,Song,Mercy's Melody,True,1999,Southern Gothic Rock,True,1999,,1999
13047,Song,Kingdom Within,True,2029,Desert Rock,True,2029,,
13049,Song,Waves of Desire,True,2025,Psychedelic Rock,True,,,
13053,Song,Shoreline Surrender,False,2011,Indie Pop,False,,,
13062,Song,Rhythmic Undertow,False,1994,Doom Metal,True,,,1994
13064,Song,"Friend Today, Stranger Tomorrow",True,2023,Indie Folk,True,,,2023
13068,Song,Partner or Pretender,False,2023,Synthwave,True,2023,,
13069,Song,Companionship's Blurry Lines,True,2023,Synthwave,True,,,
13073,Song,Trust in Fragments,False,2025,Space Rock,True,2022,,
13080,Song,Wolf's Lament,False,2028,Dream Pop,True,,,2028
13085,Song,Courage of a Small Boy,True,2015,Dream Pop,True,,,
13088,Song,Grandfather's Warning,True,2026,Symphonic Metal,True,,,
13094,Song,Descent into Darkness,True,2008,Dream Pop,True,,,
13101,Song,Toppled from Grace,True,2003,Indie Pop,True,,,2013
13104,Song,The Vertical Fall,True,1997,Synthwave,False,,,
13107,Song,Zenith to Zero,True,2020,Americana,True,2020,,
13112,Song,Paris Nights and Banana Skirts,False,2027,Synthwave,True,,,2027
13117,Song,Midnight at the FoliesBergère,True,2027,Space Rock,True,2027,,
13123,Song,The Resistance's Brightest Star,True,2015,Americana,True,2015,,2015
13129,Song,"Creole Goddess, Global Icon",True,2013,Indie Folk,True,2013,,
13131,Song,Midnight's Ritual,True,2023,Alternative Rock,True,,,
13132,Song,Coven's Whisper,True,2007,Indie Folk,True,,,
13135,Song,Spellbound Shadows,True,2029,Dream Pop,True,2029,,
13140,Song,Lunar Sabbat,False,2021,Dream Pop,True,,,
13143,Song,Hometown Hero (Johnny's Tale),True,2004,Indie Folk,True,,,
13144,Song,Whispers from Jones Street,True,2029,Indie Folk,True,,,
13147,Song,"Small Town, Big Dreams: The Johnny Chronicles",True,2017,Synthpop,True,,,
13154,Song,Letters Unwritten (A Marjolijn Story),True,1994,Synthwave,True,,,
13155,Song,Windmill Memories,False,2025,Alternative Rock,True,2025,,
13158,Song,Whispers of the Parish Boundary,True,2028,Dream Pop,True,,,
13161,Song,Forgotten Lands of Sidböle,True,2024,Desert Rock,True,2024,,
13168,Song,Echoes from the Rural Registry,True,2023,Lo-Fi Electronica,True,,,
13171,Song,Maplines and Memories,True,2026,Synthwave,True,,,
13173,Song,Liturgical Whispers,True,2023,Oceanus Folk,True,,,
13179,Song,Ecclesiastical Echoes,True,2016,Dream Pop,True,2016,,
13188,Song,Hymnal Resonance,True,2007,Indie Rock,True,,,
13190,Song,Canonical Refrain,True,2015,Space Rock,True,2015,,
13197,Song,Crystalline Pirouette,False,1997,Blues Rock,True,,,
13202,Song,Blizzard's Ballroom,True,2029,Synthwave,True,,,
13206,Song,Winter's Whirling Embrace,False,2028,Lo-Fi Electronica,True,,,
13208,Song,Checkmarks and Crossouts,True,2007,Dream Pop,True,,,
13209,Song,Inventory of Intentions,True,2025,Post-Apocalyptic Folk,True,,,
13213,Song,Lines Between the Lines,True,2013,Desert Rock,True,2013,,
13214,Song,Catalog of My Existence,True,2026,Darkwave,True,,,
13216,Song,Luminous Passion,False,2025,Desert Rock,True,2025,,
13220,Song,Glowing Embrace,True,2013,Doom Metal,True,2013,,2013
13223,Song,Cradle of Betrayal,True,2017,Alternative Rock,True,2017,,
13224,Song,Lullaby of Elsinore,False,2024,Dream Pop,True,,,
13228,Song,Whispers in the Royal Nursery,True,2013,Speed Metal,True,,,
13229,Song,Throne and Tears,True,2013,Doom Metal,True,,,
13232,Song,The Wisdom of Not Knowing,False,2027,Oceanus Folk,True,,,
13236,Song,Curiosity's Blind Spot,True,1987,Blues Rock,True,,,1987
13240,Song,Ignorance Is an Open Door,True,2024,Dream Pop,False,,,
13243,Song,Fragile Glass Heart,True,2025,Psychedelic Rock,True,,,
13255,Song,Whimsical Fragments,False,2017,Indie Folk,True,,,2017
13256,Song,Capricious Melody,True,2018,Psychedelic Rock,True,,,
13257,Song,Playful Improvisation,True,2029,Post-Apocalyptic Folk,False,,,
13258,Song,Spontaneous Sonata,True,2023,Americana,True,2023,,
13260,Song,Whispers of Harvest Stillness,True,2027,Indie Folk,True,2027,,
13262,Song,Twilight in Quiet Pastures,False,2026,Jazz Surf Rock,True,2026,,
13272,Song,Verdant Silence Descends,True,2026,Dream Pop,True,,,
13276,Song,Paper Crown,True,2023,Synthwave,True,,,2023
13280,Song,Cash Charisma,True,2030,Indie Folk,True,,,
13282,Song,Greenback Swagger,True,2027,Jazz Surf Rock,True,,,
13287,Song,The Worthy Price,False,2024,Synthwave,True,2020,,2024
13297,Song,Debt of Honor,False,2017,Lo-Fi Electronica,True,,,
13302,Song,Fair Exchange,True,2020,Indie Rock,True,,,
13304,Song,Endorphin Sunrise,True,2021,Doom Metal,True,,,
13310,Song,Wildfire Euphoria,True,2017,Lo-Fi Electronica,True,,,
13312,Song,Mountain Breeze Bliss,False,2026,Indie Folk,True,,,2026
13315,Song,Wanderer's Lament,True,2028,Space Rock,True,2025,,
13321,Song,Rootless Heart,True,2025,Psychedelic Rock,True,2025,,2025
13324,Song,Exile's Whisper,True,2004,Oceanus Folk,True,,,
13331,Song,Echoes of the Keyboard Meridian,True,1997,Emo/Pop Punk,True,1997,,
13332,Song,Mozart's Numerical Ghost,False,2022,Darkwave,True,,,
13335,Song,Intervals Between Silence,True,2002,Lo-Fi Electronica,True,,,2002
13336,Song,Whispers of a Solitary Reed,True,2026,Dream Pop,False,2026,,
13341,Song,Monologue in Woodwind Minor,True,2013,Doom Metal,True,2013,,
13346,Song,The Singular Clarinet's Lament,True,2023,Psychedelic Rock,True,,,
13358,Song,Tractor Tales and Cornrow Trails,False,2001,Jazz Surf Rock,True,,,2001
13361,Song,"Soil, Sweat, and Solitude",True,2011,Blues Rock,True,,,
13366,Song,Throne Beyond Time,True,2029,Dream Pop,True,,,
13369,Song,Sovereign of Endless Realms,True,2025,Space Rock,True,,,2025
13374,Song,Crown of Eternity,False,2013,Doom Metal,True,,,
13379,Song,Rebel's Crown,True,1992,Alternative Rock,True,1992,,1992
13381,Song,Stage King's Anthem,True,2017,Doom Metal,True,2017,,
13392,Song,Riff Commander,False,2014,Post-Apocalyptic Folk,True,,,
13396,Song,Waiting by the Phone,True,2029,Oceanus Folk,True,2029,,
13399,Song,Ringtone Requiem,True,2013,Indie Folk,True,2013,,
13402,Song,Missed Connection,False,2013,Alternative Rock,True,,,
13404,Song,Voice Beyond the Line,True,2028,Dream Pop,True,,,
13413,Song,Snowbound Hearts,True,2022,Indie Folk,True,,,2022
13419,Song,Revolution's Embrace,True,2030,Dream Pop,True,,,2030
13421,Song,"Misunderstood, Not Misguided",True,1994,Dream Pop,True,1994,,
13423,Song,Stereotype Rebel,True,2010,Indie Folk,True,,,2010
13424,Song,Labels Don't Define Me,False,2007,Alternative Rock,True,,,
13429,Song,Beyond the Rap Sheet,True,2018,Indie Folk,True,,,
13430,Song,Heartbeat Symphony,True,1991,Speed Metal,True,,,
13431,Song,Constellation of Us,True,2013,Oceanus Folk,True,2013,,
13436,Song,Infinite Horizon,False,2017,Doom Metal,True,2017,,
13438,Song,Whispers of Forever,False,2019,Oceanus Folk,True,,,
13457,Song,Nature's Tender Embrace,False,2025,Dream Pop,True,,,
13459,Song,Eternal Bloom,True,2028,Avant-Garde Folk,True,,,
13465,Song,Harmony of the Living World,True,2000,Speed Metal,True,,,
13470,Song,Reconstructing Me,True,2024,Doom Metal,True,,,
13480,Song,Fault Lines of the Heart,True,2009,Synthwave,True,2006,,
13481,Song,Chipmunk Campaign Trail,True,2004,Lo-Fi Electronica,False,,,
13486,Song,Make America Squeaky Again,True,2028,Psychedelic Rock,True,,,
13487,Song,Oval Office Acorn,True,2019,Southern Gothic Rock,True,,,
13489,Song,Mirror Echoes,False,2026,Post-Apocalyptic Folk,True,,,
13503,Song,Fractured Reflections,True,1994,Lo-Fi Electronica,True,1994,,
13509,Song,Altar of Promises,True,2023,Americana,True,,,
13511,Song,Vows in Whispers,True,2007,Doom Metal,True,2007,,
13516,Song,Rings and Revelations,False,2024,Oceanus Folk,True,,,
13519,Song,Commitment's Embrace,True,1987,Blues Rock,True,,,1987
13521,Song,Sacred Echoes,True,2017,Oceanus Folk,True,,,2017
13523,Song,Praise in the Silence,False,2000,Alternative Rock,True,,,
13525,Song,Jubilee Rising,True,1987,Alternative Rock,True,,,1987
13528,Song,Sparks of Liberty,True,2010,Synthwave,True,2010,,
13530,Song,Fireworks and Freedom,True,2017,Oceanus Folk,True,,,
13535,Song,Thirteen Stars Rising,False,2023,Indie Folk,True,,,
13538,Song,Summer of '76,False,2024,Oceanus Folk,True,,,
13539,Song,Rays Through the Clouds,True,2020,Doom Metal,True,,,2020
13545,Song,Gleaming Hope's Horizon,True,1997,Speed Metal,True,,,
13546,Song,When Darkness Breaks,True,2019,Doom Metal,True,2019,,
13557,Song,"Your Truth, My Reality",True,2009,Emo/Pop Punk,True,2009,,
13558,Song,Personal Compass,True,2020,Doom Metal,True,,,
13564,Song,Genuflection of Love,True,2015,Psychedelic Rock,True,,,
13570,Song,Who Holds Your Heart Tonight?,True,2029,Darkwave,False,,,
13574,Song,Can You Spell Out Your Desire?,True,2008,Synthwave,True,2008,,
13580,Song,Where Does Your Passion Hide?,True,2004,Blues Rock,True,2004,,
13584,Song,Wandering Thoughts Among Green Sentinels,True,2007,Synthwave,True,,,
13589,Song,Silent Steps in the Forest's Embrace,True,2023,Avant-Garde Folk,True,2023,,2023
13591,Song,Echoes of a Sylvan Daydream,True,2010,Doom Metal,True,,,2010
13592,Song,Healing in the Silence,True,2026,Synthwave,True,2026,,
13600,Song,Scars and Surrenders,True,2025,Dream Pop,True,,,
13603,Song,Beyond the Broken,True,2013,Psychedelic Rock,True,2013,,
13607,Song,After the Last Tear Falls,True,2020,Indie Folk,True,2013,,
13610,Song,Shadows of Doubt,False,2026,Avant-Garde Folk,True,,,2026
13611,Song,Trust No One,True,2018,Doom Metal,True,,,
13615,Song,Walls I've Built,True,2018,Post-Apocalyptic Folk,True,2012,,
13620,Song,Sacred Soil of Home,True,2029,Space Rock,True,2029,,
13623,Song,Echoes of Ancestral Ground,False,2029,Dream Pop,True,2029,,2029
13627,Song,Roots and Resonance,True,2010,Indie Rock,True,,,
13628,Song,"Hydraulic Heart, Gerd",True,2020,Speed Metal,True,2020,,
13631,Song,Pressure's Rising (A Pump's Lament),False,2007,Indie Folk,True,,,
13632,Song,The Dripping Diaries of Gerd,False,2016,Darkwave,True,,,2016
13639,Song,Aqua Mechanica,True,2000,Southern Gothic Rock,True,2000,,
13640,Song,Petals of Promise,True,2017,Dream Pop,True,,,2017
13642,Song,Crimson Whispers,True,2020,Indie Rock,True,,,
13643,Song,Thorns and Tender,False,2007,Blues Rock,True,,,
13644,Song,Blooming Memories,True,2023,Indie Folk,True,2023,,2023
13648,Song,Whispers in My Sleep,True,2027,Doom Metal,True,2027,,
13651,Song,Just Beyond the Horizon,True,2010,Doom Metal,True,2010,,
13654,Song,Blueprints of Hope,True,2000,Southern Gothic Rock,True,,,
13658,Song,Wishful Thinking,True,2023,Synthwave,True,2023,,
13659,Song,Needles and Threads of Valor,True,2022,Psychedelic Rock,True,,,
13680,Song,Homefront Harmony,True,2016,Indie Pop,True,,,
13681,Song,Stitching Sacrifice,True,2010,Indie Folk,True,,,
13687,Song,Seams of Service,True,2027,Dream Pop,True,,,
13691,Song,Silent Goodbye,True,2026,Indie Folk,True,,,
13697,Song,Farewell Without Words,True,2015,Dream Pop,True,2009,,
13701,Song,The Last Message,False,1995,Indie Pop,True,1995,,1995
13703,Song,Unraveling Our Story,True,2027,Dream Pop,True,2027,,
13705,Song,Sweet,True,2028,Jazz Surf Rock,True,,,
13708,Song,Charming,True,2026,Dream Pop,True,,,
13709,Song,Pleasant,True,2020,Doom Metal,True,,,
13711,Song,Puddle Waltz,True,2013,Dream Pop,True,,,
13713,Song,Umbrella Shuffle,True,2028,Darkwave,True,2025,,
13724,Song,Muddy Waters Midnight,True,2013,Synthwave,True,,,2013
13727,Song,Indiana Heartache,True,2021,Indie Pop,True,2021,,
13729,Song,Forgotten Valley Blues,True,2028,Dream Pop,False,,,
13732,Song,Whispers of Frost,True,2012,Doom Metal,True,,,
13735,Song,Echoes in the Silent North,True,2024,Darkwave,True,,,
13736,Song,Crystalline Horizons,True,2028,Psychedelic Rock,True,2028,,2028
13741,Song,"Stay, My Fading Friend",True,2019,Space Rock,True,2019,,2019
13747,Song,Echoes of a Departure,True,2010,Doom Metal,True,2010,,
13751,Song,Holding Onto Shadows,True,2020,Indie Folk,True,2020,,
13755,Song,Before You Walk Away,True,2026,Synthwave,True,,,
13758,Song,Whispers of the Shoreline,True,2013,Indie Folk,True,,,
13763,Song,Tidal Memoir,True,2020,Desert Rock,False,,,
13768,Song,Salt-Stained Serenade,False,2027,Dream Pop,True,,,
13781,Song,Lead Weight Blues,True,2027,Synthwave,True,,,
13784,Song,Sinking Certainty,True,2023,Americana,True,,,
13786,Song,Concrete Destiny,True,2024,Dream Pop,True,2024,,
13794,Song,Where Are My Bones?,True,2020,Indie Rock,True,,,
13799,Song,Bread and Misery,True,2026,Blues Rock,True,,,2026
13800,Song,The Artful Dodger's Lament,True,2019,Psychedelic Rock,True,,,
13808,Song,Her Way or the Highway,True,2028,Dream Pop,True,,,
13817,Song,Warsaw Veins,False,2027,Space Rock,True,2027,,
13819,Song,Ancestral Crimson,True,1995,Indie Rock,True,1995,,
13820,Song,Mazovia's Pulse,True,2025,Lo-Fi Electronica,True,2025,,
13821,Song,Heritage in Red,True,2023,Doom Metal,True,,,
13823,Song,Verses Unfolding,True,1994,Blues Rock,True,1991,,
13832,Song,The Dialect of Dreams,True,2004,Blues Rock,True,2004,,
13834,Song,Ink's Intimate Tongue,False,2023,Synthwave,True,,,
13841,Song,Whispers of Signe,True,2018,Dream Pop,True,2018,,
13848,Song,Silent Letters of Signe,True,2012,Jazz Surf Rock,True,,,
13850,Song,Traced by Her Name,True,2024,Doom Metal,True,,,
13852,Song,She Ignites,True,2029,Dream Pop,True,,,
13861,Song,Wildfire Woman,False,2023,Doom Metal,True,,,
13873,Song,Iron Tracks,True,2016,Synthwave,False,2016,,
13875,Song,Runaway Rails,True,2023,Desert Rock,True,,,
13888,Song,Citrus Speedway,True,2020,Doom Metal,True,2017,,
13891,Song,Chrome and Tangerine,False,1998,Lo-Fi Electronica,True,1998,,
13893,Song,Roadside Mandarin,True,2024,Dream Pop,True,,,
13900,Song,Peels and Wheels,True,2017,Dream Pop,True,,,
13904,Song,Forbidden Fleshy Appendage Insertion,True,2020,Indie Folk,True,,,
13916,Song,Culinary Cranial Complications,True,2029,Dream Pop,True,,,
13930,Song,Silk and Stirrups,False,2009,Southern Gothic Rock,True,2009,,
13931,Song,Swift Paths of Linguistic Harmony,False,2016,Southern Gothic Rock,True,2016,,
13934,Song,Bridges Between Words and Worlds,False,2026,Indie Folk,True,2026,,
13941,Song,Melody of Shared Understanding,True,2010,Synthwave,True,,,
13945,Song,Dust and Mirages,False,2029,Dream Pop,True,,,
13957,Song,Echoes of the Final Horizon,True,2026,Indie Rock,True,,,
13965,Song,The Last Goodbye's Farewell,True,2007,Oceanus Folk,False,,,
13969,Song,Copper and Silver Whispers,True,2022,Jazz Surf Rock,True,,,
13973,Song,Loose Change Lullaby,True,2023,Doom Metal,True,2023,,
13976,Song,Coins of Forgotten Dreams,True,2026,Indie Rock,True,,,
13978,Song,Pocket Change Ballad,False,2017,Space Rock,True,,,
13984,Song,Whispers of a Poet's Ink,True,2026,Indie Pop,True,,,
13985,Song,Seven Verses Before Dawn,True,2013,Lo-Fi Electronica,True,,,2013
13986,Song,Silhouettes of Unwritten Lines,False,2010,Dream Pop,True,,,
13990,Song,The Feminine Manuscript,False,2012,Post-Apocalyptic Folk,True,,,
13991,Song,Hold On Tight,True,2013,Doom Metal,True,,,
13994,Song,After the Storm,True,2020,Dream Pop,True,,,2020
14003,Song,Breathe Through This,True,2028,Synthwave,True,,,
14007,Song,"Tiny Seeds, Endless Horizons",True,2021,Southern Gothic Rock,True,,,
14011,Song,Whispers of Potential,False,2017,Southern Gothic Rock,True,2017,,
14014,Song,Microscopic Beginnings,False,2024,Dream Pop,True,2024,,
14021,Song,The Quiet Spark,True,2020,Dream Pop,True,,,2020
14024,Song,Currents of Forgotten Valleys,True,2013,Americana,True,2013,,
14030,Song,Echoes Between Water and Height,True,2023,Indie Folk,True,2023,,
14034,Song,Monotonía Infinita,True,2010,Indie Rock,True,2010,,
14035,Song,Desgastado por la Rutina,True,2020,Doom Metal,True,,,
14037,Song,Suspiros de Hastío,False,1986,Southern Gothic Rock,True,1986,,
14039,Song,Cobblestone Whispers,True,2017,Americana,True,,,
14045,Song,Seine's Midnight Bloom,True,2011,Lo-Fi Electronica,True,,,2011
14047,Song,Montmartre Petals,True,2022,Space Rock,True,,,
14048,Song,Lavender and Lace of the Left Bank,True,2017,Indie Folk,True,2017,,
14057,Song,Fragments of a Simple Girl,True,2023,Synthwave,True,,,2023
14058,Song,Saints and Sinners in Row G,True,2027,Space Rock,True,,,
14066,Song,Sally's Unsung Rebellion,True,2029,Southern Gothic Rock,True,,,
14067,Song,Echoes of Ararat's Peaks,True,2028,Indie Rock,True,,,
14072,Song,Rhythm of the Armenian Highlands,True,2026,Desert Rock,True,,,
14074,Song,Ancestral Winds and Ancient Stones,True,2017,Dream Pop,True,,,
14075,Song,Melodies of Golden Light,True,2010,Psychedelic Rock,True,,,
14080,Song,Harmonies Under Open Skies,True,2026,Dream Pop,True,,,
14086,Song,Sunbeam Serenade,False,2005,Doom Metal,True,,,
14088,Song,Sealskin Secrets,True,2029,Desert Rock,True,,,2029
14091,Song,Tides of Transformation,True,2023,Synthwave,True,,,
14094,Song,Moonlit Metamorphosis,False,1998,Speed Metal,True,,,
14095,Song,Sule Skerry's Lament,False,2027,Synthwave,True,,,
14097,Song,Strings of the Homeland,True,2007,Psychedelic Rock,True,,,
14099,Song,Acoustic Roots Revival,True,2023,Indie Folk,True,2023,,
14102,Song,Whispers from the Village Square,True,2028,Psychedelic Rock,True,2028,,
14107,Song,Folklore's Heartbeat,True,2020,Blues Rock,True,,,2033
14109,Song,Frozen Boulevards,True,1993,Indie Pop,True,,,
14117,Song,Silent Concrete,True,2020,Symphonic Metal,True,,,2020
14118,Song,Whispers Between Snowflakes,True,2017,Indie Folk,True,,,
14120,Song,Detroit Metal Rhythm,False,2028,Dream Pop,True,2028,,
14124,Song,Welded Dreams,True,1986,Indie Rock,True,,,
14125,Song,Precision and Chrome,False,2017,Indie Folk,True,,,2026
14128,Song,Factory Floor Symphony,True,1994,Blues Rock,True,,,
14129,Song,Quill and Ink,True,2025,Desert Rock,True,,,
14134,Song,Stratford's Prodigy,False,2029,Lo-Fi Electronica,True,,,
14136,Song,Sonnets of the Heart,True,2013,Doom Metal,True,2007,,
14141,Song,Words Beyond Time,False,2023,Doom Metal,True,,,
14143,Song,The Crusader's Lament,True,2017,Darkwave,True,,,
14146,Song,Armor of Passion,False,2028,Jazz Surf Rock,True,2028,,
14151,Song,Kingdoms of Desire,False,2014,Southern Gothic Rock,True,2014,,
14153,Song,Warrior's Serenade,True,2007,Indie Folk,True,,,
14154,Song,Fragments of a Mirror,True,1998,Dream Pop,True,,,
14156,Song,The Unnamed Reflection,True,2019,Indie Folk,True,,,
14157,Song,Silhouettes of Uncertainty,True,1987,Blues Rock,True,,,
14159,Song,Festive Thresholds and Candlelit Dreams,True,2018,Dream Pop,True,2018,,2018
14165,Song,Whispers of Homecoming Celebrations,True,2026,Jazz Surf Rock,True,,,
14167,Song,Rhythms Between Our Doorsteps,True,2026,Indie Folk,True,,,
14169,Song,Echoes of Family's Sacred Moments,True,2022,Psychedelic Rock,True,,,
14175,Song,Our Unwritten Story,True,2031,Emo/Pop Punk,True,,,
14182,Song,The Spaces We Inhabit,False,2027,Dream Pop,False,,,
14187,Song,Definitions of Together,False,2023,Synthwave,True,,,2030
14191,Song,Viento y Marea,True,2026,Dream Pop,True,,,2026
14197,Song,Rumbo al Horizonte,False,2027,Indie Rock,True,2027,,
14198,Song,Timón de Esperanza,True,2022,Oceanus Folk,True,2022,,
14201,Song,Navegando Contra la Corriente,True,2005,Alternative Rock,True,2005,,
14202,Song,Whispers of the Wind,True,2017,Psychedelic Rock,True,,,
14203,Song,Echoes Unbound,False,2013,Doom Metal,True,,,
14204,Song,Rhythms of the Unseen,True,2013,Doom Metal,True,,,
14206,Song,Distant Melodies,True,2013,Synthpop,True,,,
14210,Song,Sacred Reverence,True,2000,Jazz Surf Rock,True,1994,,
14211,Song,Eternal Worship,True,2021,Dream Pop,True,,,
14216,Song,Hallowed Whispers,True,2014,Alternative Rock,True,,,2014
14217,Song,Sanctified Praise,True,2003,Southern Gothic Rock,True,,,
14220,Song,Grip of Memory,True,2026,Oceanus Folk,False,,,
14223,Song,Anchored Hearts,True,2024,Psychedelic Rock,True,,,2024
14237,Song,Letting Go (While Holding On),True,1997,Doom Metal,True,,,
14239,Song,Threads of Persistence,True,2020,Speed Metal,True,2020,,2020
14240,Song,Shadows of a Celluloid Soul,True,2031,Alternative Rock,True,,,
14241,Song,Trenchcoat Memory,True,1991,Synthwave,True,,,
14242,Song,Whispers from the Silver Screen,True,2026,Post-Apocalyptic Folk,True,2026,,
14250,Song,Borrowed Noir Identity,True,2028,Indie Rock,True,,,
14256,Song,Roots of Roma,True,2026,Dream Pop,True,,,
14262,Song,Mediterranean Blood,True,2020,Emo/Pop Punk,True,,,2020
14264,Song,Passport to Passion,True,2000,Americana,True,2000,,
14269,Song,Arterial Intersection,True,2031,Alternative Rock,True,2031,,2031
14272,Song,Algorithmic Inversion Network,True,2022,Dream Pop,True,,,
14279,Song,Artificial Intuition Node,True,2024,Lo-Fi Electronica,True,2024,,
14281,Song,Automated Internal Navigation,True,2017,Synthwave,True,,,2017
14285,Song,The Portly President's Promise,True,2027,Post-Apocalyptic Folk,True,2027,,2027
14288,Song,Spectacles and Statecraft,True,2023,Blues Rock,True,,,2023
14289,Song,William Howard's Weighty Legacy,True,2023,Dream Pop,True,,,2023
14291,Song,Judicial Dreams of a Rotund Reformer,False,2013,Americana,True,,,
14293,Song,Corner Store Memories,False,2023,Americana,True,,,
14295,Song,Streetlight Serenade,False,2000,Jazz Surf Rock,True,,,
14299,Song,Crossroads at Dusk,False,2005,Southern Gothic Rock,True,,,
14300,Song,Echoes of Sacrifice,True,2009,Doom Metal,True,,,2009
14304,Song,Shadows of Valor,True,2020,Indie Rock,True,,,
14309,Song,Remembered Breath,True,2026,Alternative Rock,True,,,
14311,Song,Silent Monuments,True,2023,Indie Rock,True,,,
14314,Song,Midnight in the Machine Age,True,2020,Indie Folk,True,2020,,
14316,Song,Echoes of a Hundred Horizons,True,2027,Psychedelic Rock,True,,,
14322,Song,Telegrams from Tomorrow,True,2013,Post-Apocalyptic Folk,True,,,
14324,Song,Chrome and Promises,True,2028,Symphonic Metal,True,,,2028
14326,Song,Frost's Whisper,True,2029,Synthwave,True,,,
14329,Song,Falling Shadows,True,2026,Synthwave,True,2026,,
14332,Song,Amber Twilight,True,2020,Lo-Fi Electronica,True,2020,,
14333,Song,Echoes of Autumn's Farewell,True,2024,Post-Apocalyptic Folk,True,,,
14335,Song,Shadows Behind the Frame,True,2004,Synthpop,True,,,
14342,Song,Brushstrokes of Memory,True,2010,Dream Pop,True,,,
14344,Song,Captured Silence,True,2013,Alternative Rock,True,,,
14346,Song,The Unfinished Gaze,False,2004,Doom Metal,True,2004,,
14347,Song,Turning Pages,True,2017,Blues Rock,True,,,
14350,Song,Midnight Clock,False,2016,Southern Gothic Rock,True,,,
14352,Song,Weathered Miles,True,2023,Doom Metal,True,,,
14364,Song,Desert Throne,True,2004,Southern Gothic Rock,True,2004,,
14369,Song,Silk and Sand,True,2021,Jazz Surf Rock,True,,,
14373,Song,Crescent Crown,False,2020,Synthwave,True,,,
14376,Song,Winds of Arabesque,True,2005,Alternative Rock,True,,,
14378,Song,Cash and Promises,True,2023,Blues Rock,True,2023,,
14389,Song,The Ledger's Lament,True,2017,Synthwave,True,,,
14392,Song,Dollars and Silence,True,2010,Americana,True,,,
14397,Song,Move Your Feet,True,2028,Synthpop,True,2028,,
14401,Song,Floor Fever,True,2019,Darkwave,True,2019,,
14406,Song,Groove Ignition,True,2026,Dream Pop,True,,,
14416,Song,Parchment and Heresy,False,2027,Dream Pop,True,,,
14417,Song,Oxford's Forgotten Son,True,1996,Southern Gothic Rock,True,,,
14424,Song,Waiting by the Lakeshore,False,2025,Dream Pop,True,,,
14429,Song,Sweethearts of the Midwest,True,2030,Jazz Surf Rock,True,,,
14432,Song,Love on the Kalamazoo River,True,2023,Doom Metal,True,,,
14435,Song,Echoes of Ancestral Soil,False,2010,Indie Pop,True,,,
14436,Song,Whispers Across the Borderline,True,2017,Indie Rock,True,,,
14438,Song,Heartstrings of Homeland,True,2004,Alternative Rock,True,,,
14439,Song,First Contact,False,2029,Lo-Fi Electronica,True,,,
14440,Song,Stranger's Greeting,True,2016,Alternative Rock,True,,,2016
14442,Song,Breaking the Ice,True,2000,Jazz Surf Rock,True,,,
14443,Song,Introductory Verse,False,2010,Alternative Rock,True,,,
14446,Song,Scarlet Solidarity,False,2013,Alternative Rock,True,,,
14454,Song,Springtime Revolution,True,2020,Psychedelic Rock,True,,,
14460,Song,Weightless in Blue,False,2019,Americana,True,,,
14464,Song,Celestial Breath,True,1991,Doom Metal,True,,,
14466,Song,Touching Infinite Horizon,True,2028,Dream Pop,True,,,
14469,Song,Take It All,False,2026,Space Rock,True,,,
14474,Song,Hunger Pangs,True,2020,Alternative Rock,True,2020,,
14477,Song,Hands Out,True,2024,Indie Folk,True,,,
14481,Song,Desire's Reach,True,2020,Southern Gothic Rock,True,2020,,
14482,Song,Echoes of Your Smile,True,2009,Indie Pop,True,,,
14483,Song,"Fading Memories, Lasting Love",False,2029,Synthwave,True,,,
14489,Song,Cryptic Whispers,True,2023,Indie Folk,True,,,
14491,Song,Lost in Translation,True,2002,Dream Pop,True,,,
14495,Song,Unspoken Riddles,True,2013,Psychedelic Rock,True,,,
14497,Song,Decoding Silence,False,2023,Lo-Fi Electronica,True,,,
14505,Song,Call It Out Loud,True,2024,Southern Gothic Rock,True,,,
14506,Song,Unspoken Signature,True,2013,Synthwave,True,,,
14512,Song,Silk and Sunflowers,True,1997,Lo-Fi Electronica,True,,,
14513,Song,Noble Harvest,True,2002,Blues Rock,True,2002,,
14514,Song,Orchestral Prelude,True,2017,Indie Folk,True,,,
14518,Song,Symphonic Prologue,True,1991,Synthwave,True,,,1991
14527,Song,Madly Yours,True,2013,Emo/Pop Punk,True,,,
14528,Song,Heart on Fire,False,2024,Space Rock,True,,,
14535,Song,Obsession's Melody,True,2025,Indie Pop,True,,,
14543,Song,Shadows Between Hours,True,2016,Indie Folk,True,,,
14544,Song,The Midnight's Lament,True,2030,Alternative Rock,True,,,
14559,Song,Cojutepeque Nights,False,2030,Synthwave,True,2030,,
14567,Song,Whispers of the Nordic Meadow,True,2026,Dream Pop,True,,,
14569,Song,Polka Echoes from Stockholm's Archipelago,False,2017,Synthpop,True,,,
14572,Song,Springtime Waltz of the Northern Winds,False,2024,Jazz Surf Rock,True,,,
14575,Song,Neon Brotherhood,True,2013,Dream Pop,True,2010,,
14580,Song,Matchstick Memories,True,2023,Alternative Rock,True,2023,,
14584,Song,Sparks Between Friends,True,2029,Dream Pop,True,2029,,
14588,Song,Burning Young Hearts,True,1994,Avant-Garde Folk,True,,,1994
14589,Song,Digital Frontier,True,2027,Americana,True,2027,,
14590,Song,Neon Gunslinger,True,1994,Synthwave,True,,,1994
14593,Song,Cyber Prairie,True,2023,Indie Rock,True,,,
14594,Song,Silicon Saloon,True,2020,Americana,True,,,
14599,Song,Encrypted Memories,False,2019,Americana,True,2019,,
14602,Song,Coordinates of Silence,False,2027,Dream Pop,True,2027,,2027
14606,Song,The Number That Haunts Me,True,2025,Synthwave,True,,,
14609,Song,Protocol 212,True,2016,Dream Pop,True,2016,,
14610,Song,Denial's Embrace,True,1991,Southern Gothic Rock,True,,,
14615,Song,Resistance of the Heart,False,2029,Space Rock,True,2029,,
14618,Song,Falling Without Touching,True,2013,Indie Folk,True,,,
14621,Song,Echoes of Armenia's Crown,True,2021,Psychedelic Rock,True,2021,,
14622,Song,Tigranes the Great: Shadows of Conquest,True,2007,Post-Apocalyptic Folk,True,,,
14626,Song,Silk Road Requiem,True,2024,Synthwave,True,,,
14627,Song,Kingdoms of Ancient Breath,True,2027,Synthwave,True,2027,,2027
14637,Song,Yaranın İzleri,False,2026,Darkwave,True,2026,,
14640,Song,Aşkın Sızısı,True,2017,Dream Pop,True,,,
14644,Song,Drop the Letter,True,2010,Avant-Garde Folk,False,,,
14645,Song,Linguistic Liberation,True,2017,Doom Metal,True,,,
14647,Song,Spelling Rebellion,False,2022,Dream Pop,True,,,2022
14652,Song,Alphabet Anarchy,True,2020,Oceanus Folk,True,,,
14659,Song,Chasing Shadows of Us,True,2009,Lo-Fi Electronica,True,,,
14662,Song,Loving You Hurts (But I Can't Stop),True,2024,Alternative Rock,True,2024,,2024
14670,Song,Proximity of the Heart,True,1984,Alternative Rock,True,,,
14671,Song,Whispers in Nearness,True,2002,Emo/Pop Punk,True,,,
14672,Song,Inches from Infinity,True,2010,Doom Metal,True,,,
14675,Song,Whispers of the Classical Strings,True,2025,Avant-Garde Folk,True,2025,,
14676,Song,Dawn's Harmonic Dialogue,True,2031,Alternative Rock,True,,,
14678,Song,Echoes of Vienna's Melodic Embrace,True,1993,Southern Gothic Rock,False,,,
14691,Song,Celestial Gamblers' Nocturne,True,2026,Dream Pop,True,,,
14696,Song,Constellations of Cosmic Chance,True,2026,Synthpop,False,2026,,
14697,Song,Starlight's Rolling Probability,True,2030,Alternative Rock,True,2030,,
14700,Song,Particulate Resonance,False,2009,Southern Gothic Rock,True,2006,,2009
14701,Song,Crystalline Cascade,True,2020,Lo-Fi Electronica,True,2020,,
14702,Song,Molecular Membrane,False,2029,Dream Pop,True,,,
14705,Song,Substrate Oscillation,True,2030,Alternative Rock,True,,,
14707,Song,Playful Interlude,True,2023,Symphonic Metal,True,2023,,
14710,Song,Whimsical Moments,True,2024,Lo-Fi Electronica,True,,,
14711,Song,Light-Hearted Escape,True,2030,Indie Folk,True,,,
14715,Song,Musical Respite,False,2026,Psychedelic Rock,True,2026,,
14720,Song,Crimson Ledger of the Desert Riders,False,2023,Oceanus Folk,True,,,
14727,Song,Blood-Stained Tally for Apache Hearts,True,2020,Dream Pop,True,,,
14732,Song,Vermilion Scroll of Mescalero Memory,True,2026,Darkwave,True,2026,,
14740,Song,Scarlet Cipher: Tribal Notation,True,2013,Indie Folk,True,,,2013
14746,Song,Scarlet Letter Sarah,False,2013,Oceanus Folk,True,,,
14749,Song,Whispers About Wendy,True,2010,Alternative Rock,True,,,
14750,Song,Rumor's Daughter,True,2028,Jazz Surf Rock,True,,,
14754,Song,Gossip's Flame,True,2026,Indie Pop,True,,,
14755,Song,Divine Temptation,True,2013,Americana,True,,,
14760,Song,Nymph's Embrace,True,2026,Indie Pop,True,2026,,
14762,Song,Heavenly Radiance,True,2017,Oceanus Folk,True,,,
14768,Song,Temporary Freedom,True,2005,Lo-Fi Electronica,True,,,
14769,Song,Clock Out Confession,True,2020,Synthpop,True,,,
14778,Song,Nameless Emotion,True,2026,Dream Pop,True,,,
14780,Song,Beyond Words,True,2015,Lo-Fi Electronica,True,,,
14784,Song,Labels Don't Matter,True,1999,Synthwave,True,,,
14789,Song,Whispers of a Fleeting Sonata,True,2022,Dream Pop,True,2022,,
14799,Song,Miniature Melodies of Unspoken Love,True,2011,Dream Pop,True,,,
14800,Song,Shadows of Stone Walls,False,1996,Dream Pop,True,,,
14802,Song,Whispers in the Keep,True,2020,Southern Gothic Rock,True,,,
14804,Song,The Forgotten Turret,True,2027,Americana,True,,,
14809,Song,Echoes of Granite Silence,True,2023,Americana,True,,,
14823,Song,Hooves and Hushed Voices,True,1987,Dream Pop,True,,,1987
14830,Song,Truly Truly,True,2029,Dream Pop,True,,,
14834,Song,Honestly Honestly,False,2017,Indie Pop,True,,,
14835,Song,Deeply Deeply,True,2030,Dream Pop,True,,,
14840,Song,Completely Completely,True,2019,Dream Pop,True,,,
14843,Song,Sunlight's Embrace,True,2025,Psychedelic Rock,True,,,
14851,Song,Golden Horizon,True,1986,Blues Rock,True,,,
14854,Song,Whispers of Warm Winds,True,2014,Indie Rock,True,,,
14859,Song,Twilight's Whisper in F,False,2017,Desert Rock,True,,,2017
14862,Song,Moonlit Sonata,True,2000,Indie Folk,True,1997,,
14863,Song,Evening's Soft Cadence,True,2014,Southern Gothic Rock,True,,,
14864,Song,Harmony of Strangers,True,2021,Dream Pop,True,2021,,
14868,Song,Whispers in Triplicate,True,2026,Indie Folk,True,2026,,2026
14872,Song,The Triangular Dialogue,True,2020,Indie Folk,True,,,
14880,Song,Whispers of the Watery Grave,True,2026,Indie Folk,True,,,
14883,Song,Maritime Lament,True,2020,Lo-Fi Electronica,True,,,
14884,Song,Echoes from the Shipwreck's Heart,False,2023,Indie Rock,True,2023,,
14890,Song,Dawn's Early Whispers,True,2017,Desert Rock,True,,,
14893,Song,Twilight's Threshold,True,2007,Synthwave,True,2007,,2007
14896,Song,Pendulum's Pause,False,2013,Indie Folk,True,2013,,
14897,Song,Half-Light Harmony,True,2029,Jazz Surf Rock,True,,,
14902,Song,Memories of Fireflies,True,2020,Doom Metal,True,,,
14904,Song,Echoes of August,True,2023,Lo-Fi Electronica,True,,,
14907,Song,Forgotten Summer Embrace,True,2020,Dream Pop,True,2020,,2020
14909,Song,Provence Dreams,True,2013,Dream Pop,True,,,
14913,Song,Tales of a Paper Hero,True,2025,Jazz Surf Rock,True,,,
14920,Song,Windmills and Tall Stories,True,2023,Doom Metal,True,,,
14921,Song,Shadows Beneath the Brim,False,2025,Dream Pop,True,,,
14927,Song,Tailored Silence,True,1985,Southern Gothic Rock,True,1985,,
14929,Song,Felt and Memory,False,2029,Indie Folk,True,2023,,
14933,Song,The Crown We Wear,True,2022,Indie Rock,True,,,
14940,Song,Faded Polaroids,True,2025,Oceanus Folk,True,,,2038
14941,Song,Whispers in the Attic,True,2029,Indie Folk,True,,,
14948,Song,Julie's Midnight Lullaby,True,2023,Indie Folk,True,,,
14961,Song,The Last Echo of Julie,False,1987,Synthwave,True,,,
14964,Song,White Veil Serenade,True,2026,Dream Pop,True,2026,,
14965,Song,Honeymoon Whispers,True,2010,Doom Metal,True,2010,,
14976,Song,Fool's Parade,True,2010,Speed Metal,True,2010,,
14980,Song,Wisdom's Blind Spot,True,2010,Darkwave,True,,,
14984,Song,Wearing My Foolish Heart,True,2017,Synthwave,True,2017,,
14987,Song,The Idiot's Lament,True,2017,Doom Metal,True,2017,,
14989,Song,Uh-Huh Uh-Huh,True,2007,Indie Rock,True,2007,,2007
14992,Song,Oh Oh Oh,True,2024,Blues Rock,True,,,
14994,Song,Mm-Hmm Mm-Hmm,False,1997,Indie Folk,True,,,
14997,Song,Hey Hey Hey,True,1987,Dream Pop,True,,,
15004,Song,Lágrimas de Pasión,True,2022,Lo-Fi Electronica,True,,,
15005,Song,Espejismo del Corazón,True,2019,Indie Pop,True,,,
15007,Song,Cadenas de Deseo,True,2003,Synthwave,True,,,
15009,Song,Hungarian Rhapsody for Cello and Whispered Keys,True,2017,Indie Folk,True,,,
15010,Song,Danube's Lament: A Pastoral Sonata,True,2026,Psychedelic Rock,True,2026,,
15015,Song,Budapest Nocturne in Trembling Minor,True,2010,Doom Metal,True,2010,,
15017,Song,Echoes of the Puszta: Chamber Variations,True,2023,Oceanus Folk,True,,,
15024,Song,Silent Whispers of Unanswered Questions,True,2013,Lo-Fi Electronica,True,2013,,
15025,Song,Echoes of Uncertain Hands,True,1999,Southern Gothic Rock,True,,,1999
15032,Song,Wavelengths of Lingering Queries,True,2009,Oceanus Folk,True,,,
15034,Song,Silent Screen Siren,True,1997,Alternative Rock,True,,,1997
15046,Song,Lipstick and Celluloid,True,2010,Dream Pop,True,,,2010
15047,Song,The Last Frame of Pola,True,1986,Southern Gothic Rock,True,,,
15048,Song,Fire digte om kærlighed og sorg,True,2023,Desert Rock,True,,,
15055,Song,Tre melankolske vers,True,2014,Blues Rock,True,,,
15057,Song,Nordiske stemninger,True,2029,Indie Folk,True,2022,,
15061,Song,Poetiske fragmenter ved daggryet,True,2020,Desert Rock,True,2020,,
15063,Song,Scattered Borders,True,2025,Lo-Fi Electronica,True,,,2025
15070,Song,Crimson Parallels,True,2009,Speed Metal,True,2009,,
15075,Song,Boarding the Coastal Express,True,2020,Alternative Rock,True,2020,,
15076,Song,Northbound Memories,True,2030,Alternative Rock,True,2030,,2030
15080,Song,Waves and Wanderlust,True,2017,Synthwave,True,,,
15084,Song,Journey of the Iron Ship,True,2014,Dream Pop,True,,,2014
15089,Song,Silent Chords of Memory,True,1999,Synthwave,False,1999,,
15092,Song,Echoes in Ivory and Ebony,False,2001,Alternative Rock,True,,,
15093,Song,Fingerprints on Unplayed Melodies,False,2016,Psychedelic Rock,True,,,
15099,Song,Impossible Light,True,2003,Southern Gothic Rock,True,,,
15101,Song,When Wonder Breaks,True,2023,Blues Rock,True,,,2023
15104,Song,Silent Grace,True,2016,Southern Gothic Rock,True,,,
15105,Song,Nervous Hands,True,2022,Doom Metal,True,,,2022
15108,Song,Restless Rhythm,False,1991,Dream Pop,True,,,
15114,Song,Twitch and Tap,True,2028,Symphonic Metal,True,,,2028
15118,Song,Spinning Stillness,True,2023,Synthwave,True,,,
15121,Song,Tangent,True,2026,Post-Apocalyptic Folk,True,,,
15129,Song,Inflection,True,2004,Doom Metal,True,,,
15131,Song,Convergence,True,2003,Southern Gothic Rock,True,,,
15132,Song,Broken Idols,True,2029,Post-Apocalyptic Folk,True,,,
15135,Song,Martyrdom's Embrace,True,2004,Blues Rock,True,2004,,2004
15143,Song,Conversion's Flame,True,2023,Doom Metal,False,,,
15144,Song,The Last Wave from Number 42,False,2019,Space Rock,True,2019,,2019
15150,Song,Farewell to the Corner House,True,2017,Southern Gothic Rock,True,2017,,
15153,Song,Mrs. Durkin's Empty Porch,True,2028,Psychedelic Rock,True,2022,,2028
15156,Song,Memories in Her Windowsill,False,2020,Doom Metal,True,2020,,
15160,Song,Echoes of Nasso,False,2029,Indie Folk,True,2029,,
15165,Song,Whispers from the Forgotten Shore,True,2004,Dream Pop,True,,,
15170,Song,Arianna's Lament,True,2022,Dream Pop,True,,,
15181,Song,Siren's Call at Nasso,True,2000,Lo-Fi Electronica,True,,,
15182,Song,Wisdom's Lament,True,2023,Indie Folk,True,,,
15185,Song,Echoes of the Throne,True,2017,Synthwave,True,2017,,
15188,Song,Solomon's Sorrow,False,2023,Symphonic Metal,True,,,
15189,Song,Fragments of a Forgotten Crown,True,2003,Doom Metal,True,,,
15192,Song,Waiting for Alfie,False,2028,Dream Pop,True,,,2028
15198,Song,Little Alfie's Lament,True,2013,Dream Pop,True,,,2013
15199,Song,Shadows of Alfie,True,2025,Post-Apocalyptic Folk,True,,,
15202,Song,Alfie's Last Goodbye,True,2023,Dream Pop,True,,,
15206,Song,One-Way Departure,False,2007,Doom Metal,True,,,
15207,Song,Goodbye Terminal,True,2029,Space Rock,True,,,
15210,Song,Escape Route,True,2027,Jazz Surf Rock,True,,,2027
15212,Song,Whispers of the Crane,True,2003,Dream Pop,True,2003,,
15214,Song,"Steel Wings, Gentle Soul",True,2023,Avant-Garde Folk,True,,,
15217,Song,Lifting Horizons,True,2020,Indie Folk,True,,,
15222,Song,The Machinery of Dreams,False,2026,Jazz Surf Rock,True,2026,,2026
15230,Song,Grönskande Gryning (Verdant Dawn),True,2025,Dream Pop,True,2025,,
15235,Song,Ljus Vår-Svit (Light Spring Suite),False,2029,Dream Pop,True,2029,,
15241,Song,Nordisk Ljusdans (Nordic Light Dance),True,2025,Avant-Garde Folk,True,2025,,
15244,Song,The White Rose of Scotland,True,2020,Doom Metal,True,,,
15249,Song,Highland Tears and Tartan Dreams,True,2025,Desert Rock,False,2025,,
15254,Song,Crown and Country's Heartbeat,True,2024,Dream Pop,True,,,2024
15255,Song,Echoes of the Royal Hymn,True,2028,Avant-Garde Folk,True,2028,,
15258,Song,Sovereign Melody of Britannia,False,2030,Southern Gothic Rock,True,2030,,
15261,Song,Whispers in the Moonlight,True,2022,Psychedelic Rock,True,2022,,
15267,Song,Heartbeats Intertwined,False,2027,Jazz Surf Rock,True,2027,,
15271,Song,Wrapped in Your Warmth,False,2024,Oceanus Folk,True,2017,,
15276,Song,Regal Shadows of the Castle,False,2022,Synthwave,True,,,
15279,Song,Windsor's Whispered Legacy,False,2024,Dream Pop,True,2024,,
15282,Song,Crown and Timber,False,2022,Indie Folk,True,2022,,
15285,Song,Harmonious Compromise,False,2025,Dream Pop,True,,,
15290,Song,Mutual Understanding,True,1991,Dream Pop,True,,,1991
15291,Song,Bridging the Divide,False,2007,Alternative Rock,True,,,
15295,Song,The Color of Resilience,True,2027,Americana,True,2027,,
15298,Song,Whispers from Meridian,False,2010,Dream Pop,True,,,
15306,Song,Unbroken Harmony,True,2004,Psychedelic Rock,True,,,
15309,Song,Sister's Lament,False,2026,Alternative Rock,True,2020,,
15310,Song,Barrio Nights,False,2029,Desert Rock,True,,,
15315,Song,Urban Rhythm Legends,True,2002,Avant-Garde Folk,True,,,
15316,Song,Bloodline Legacy,True,2026,Oceanus Folk,True,,,
15318,Song,Inherited Freedom,True,2004,Synthwave,True,,,
15323,Song,Roots of Belonging,True,2029,Indie Folk,True,2029,,
15332,Song,Moderate Momentum,True,2013,Indie Pop,True,2013,,
15333,Song,Gentle Acceleration,True,2011,Indie Rock,True,,,
15343,Song,Subdued Tempo,True,1987,Speed Metal,True,,,
15350,Song,Eva's Revolutionary Stride,True,2030,Dream Pop,True,2030,,2030
15358,Song,Buenos Aires Uprising,True,2013,Doom Metal,True,,,2013
15362,Song,Starbridge Crossing,True,1997,Blues Rock,True,1997,,
15364,Song,Interstellar Meridian,True,2026,Americana,True,2026,,2026
15369,Song,Cosmic Cartography,True,2026,Space Rock,True,,,2026
15372,Song,Nebula Highway,True,2015,Alternative Rock,True,2015,,
15374,Song,The Labyrinth's Echo,True,2013,Doom Metal,True,,,
15381,Song,Threads of Ariadne,True,2023,Americana,True,,,2023
15383,Song,Minotaur's Lament,True,2007,Doom Metal,True,2007,,2010
15384,Song,Strings of Destiny,True,2025,Oceanus Folk,True,2025,,
15388,Song,Echoes of the Koto,True,2015,Avant-Garde Folk,True,,,
15390,Song,Shades of the Shakuhachi,True,2006,Indie Pop,True,,,
15391,Song,Imperial Scales of Nagoya,False,2026,Synthwave,True,2019,,
15394,Song,Whispers in the Meadow Green,True,2022,Synthwave,True,,,
15396,Song,Maiden's Footsteps on Soft Grass,True,2023,Avant-Garde Folk,True,2020,,
15398,Song,Wildflowers and Wandering Souls,True,2013,Darkwave,True,,,
15406,Song,Ethereal Nuptials,True,2007,Doom Metal,True,,,
15409,Song,Moonlit Matrimony of Shadows,True,2019,Dream Pop,True,,,
15415,Song,Pale Light of Farewell,True,2023,Oceanus Folk,True,,,
15419,Song,Echoes from the Silent Valley,False,2022,Psychedelic Rock,True,,,
15420,Song,Bridges to the Other Side,True,2028,Indie Folk,True,,,
15422,Song,Svaté Echo Tvého Dechu,True,2019,Psychedelic Rock,True,,,
15423,Song,Koruna Nesmrtelných Slabik,False,2010,Doom Metal,True,2010,,
15424,Song,Ozvěny Nebeského Jména,True,2024,Lo-Fi Electronica,True,2024,,
15425,Song,Kadence Božské Identity,True,2019,Blues Rock,True,,,2019
15430,Song,Tangled Hearts in Motion,True,2027,Indie Rock,True,,,
15435,Song,Triangular Waltz of Desire,True,2007,Indie Folk,True,,,
15441,Song,Choreography of Forbidden Passion,True,2017,Oceanus Folk,True,2017,,
15443,Song,Intertwined: A Dance of Three,True,2023,Southern Gothic Rock,True,2023,,2023
15444,Song,Geri Dönüş (Return Journey),True,2020,Desert Rock,True,,,
15447,Song,Sonsuz Hasret (Endless Longing),True,2026,Dream Pop,True,,,
15452,Song,Bekle Beni (Wait for Me),False,2028,Space Rock,True,,,
15456,Song,Yolun Yarısı (Halfway Home),True,1999,Southern Gothic Rock,True,,,
15457,Song,Boxed and Broken,True,2017,Indie Pop,False,,,
15458,Song,Two Dollar Redemption,True,2030,Post-Apocalyptic Folk,True,,,
15462,Song,Clearance Rack Romance,True,2025,Synthwave,True,,,
15464,Song,Discount Bottle Dreams,True,2023,Dream Pop,True,,,
15469,Song,Chromatic Memory,True,2017,Synthwave,False,,,
15472,Song,Echoes of the 88th Key,True,1997,Psychedelic Rock,True,,,
15473,Song,Baroque Fragments,False,2024,Synthwave,True,,,
15478,Song,The Unspoken Truth,True,2017,Jazz Surf Rock,True,,,
15481,Song,Whispers in the Silence,True,2013,Oceanus Folk,True,2013,,
15482,Song,Hidden in Plain Sight,True,2016,Symphonic Metal,True,,,2016
15488,Song,Fermented Sweet Rebellion,True,2004,Americana,True,2004,,
15489,Song,Lactose-Free Love Ballad,True,2015,Dream Pop,True,,,2015
15496,Song,Vegan Dessert Disco,True,2027,Emo/Pop Punk,True,,,2027
15500,Song,Cynical Season,True,2025,Synthwave,True,2025,,
15501,Song,Bah's Lament,False,1991,Indie Folk,True,,,
15503,Song,Grumpy's Revenge,True,2028,Indie Folk,True,,,
15506,Song,The Disenchanted Carol,True,2020,Indie Folk,False,,,
15508,Song,Winter's Warm Memory,True,2023,Synthwave,True,,,
15512,Song,Tropical Daydream in Frost,True,2024,Dream Pop,True,2021,,
15518,Song,Heatwave in the Cold Month,True,2028,Desert Rock,True,,,
15521,Song,Sails of the Rebel Coast,True,1994,Indie Pop,True,1988,,
15524,Song,Maritime Marauder's Lament,True,1984,Jazz Surf Rock,True,1984,,1984
15528,Song,Salt-Stained Legacy,True,2010,Alternative Rock,True,2010,,2010
15529,Song,Whispers of the Pale Bloom,False,2026,Dream Pop,True,2026,,2026
15532,Song,Evening's Delicate Petal,True,2026,Speed Metal,True,,,
15536,Song,Moonlit Garden's Secret,True,2020,Doom Metal,True,2017,,
15539,Song,"Soft Petals, Quiet Memories",True,2012,Dream Pop,True,,,
15542,Song,Hope on the Horizon,True,2020,Americana,True,2020,,
15547,Song,Sunlight After Rain,False,2018,Dream Pop,True,,,
15552,Song,Tomorrow's Whisper,True,2026,Dream Pop,True,,,
15555,Song,Transmutation's Whisper,False,2028,Jazz Surf Rock,True,,,2028
15559,Song,Crucible of Secrets,True,2020,Dream Pop,True,,,
15565,Song,Spiral Staircase to Mercury,True,2026,Space Rock,True,2026,,
15570,Song,Philosopher's Midnight Experiment,True,2014,Lo-Fi Electronica,True,,,2014
15571,Song,The Ballad of Kristian's Heart,False,2023,Oceanus Folk,True,,,
15574,Song,Shadows of a Forbidden Embrace,True,2013,Indie Folk,True,2013,,
15578,Song,Nordic Passions Unfolding,True,1987,Indie Pop,True,,,
15579,Song,Excess's Embrace,True,2030,Dream Pop,True,,,
15582,Song,Drowning in Abundance,False,2000,Jazz Surf Rock,True,,,
15584,Song,The Saturation Point,True,2029,Dream Pop,True,2029,,
15590,Song,Beyond Moderation,True,2027,Indie Rock,False,,,
15591,Song,Whispers of Falling,True,2027,Americana,True,2024,,2027
15594,Song,Crimson Descent,True,2017,Dream Pop,True,,,
15600,Song,Ephemeral Branching,True,2023,Americana,True,,,
15603,Song,Windswept Memories,True,2020,Alternative Rock,True,,,
15607,Song,The Weight of Letting Go,True,2010,Alternative Rock,True,,,
15609,Song,Pale White Acceptance,True,2008,Southern Gothic Rock,True,,,
15616,Song,Silent Aftermath,True,2026,Desert Rock,True,,,
15621,Song,Chapters Unwritten,True,2004,Indie Folk,True,,,
15622,Song,Whispers of Finality,False,1997,Doom Metal,True,,,
15630,Song,Beyond the Resolution,True,2023,Desert Rock,True,2023,,
15632,Song,It'll Pass,True,2029,Dream Pop,True,,,
15633,Song,Calm in the Chaos,True,2007,Alternative Rock,True,2007,,
15634,Song,Lighter Than Fear,True,2022,Psychedelic Rock,True,2022,,
15642,Song,Breathe Through the Storm,True,2013,Dream Pop,True,2013,,
15643,Song,Steppe of My Soul,False,2016,Southern Gothic Rock,True,2016,,
15645,Song,Winds of the Kazakh Plains,True,2023,Alternative Rock,True,2023,,
15646,Song,Motherland's Golden Horizon,False,2010,Oceanus Folk,True,,,
15649,Song,Echoes of Almaty,False,2026,Doom Metal,True,,,
15652,Song,Whispers Behind Your Back,True,2000,Indie Folk,True,,,
15654,Song,Rumors Spread Like Wildfire,False,2020,Oceanus Folk,True,,,
15656,Song,Secrets Spilled at Midnight,True,2024,Dream Pop,True,,,
15658,Song,The Truth Between the Lines,True,2016,Synthwave,True,,,
15662,Song,Whispers of a Heartache,True,2026,Dream Pop,True,,,
15669,Song,Echoes of Unspoken Love,True,2017,Americana,True,,,
15673,Song,Tears Between the Silences,True,2017,Darkwave,True,,,
15674,Song,Longing's Gentle Embrace,False,2027,Indie Rock,True,,,2027
15687,Song,Whispers in C Minor: A Conversation Between Strings,True,2009,Lo-Fi Electronica,True,,,
15688,Song,Shadows of the Quartet: Intimate Echoes,True,2014,Avant-Garde Folk,True,,,
15690,Song,Nocturnal Harmonies: Four Voices Intertwined,False,2029,Psychedelic Rock,True,,,
15699,Song,Chamber of Secrets: A Musical Dialogue,False,2026,Indie Folk,True,2026,,2026
15702,Song,Mirrors of Deception,True,1985,Speed Metal,True,,,
15709,Song,The Water Diviner's Melody,True,2023,Americana,True,,,
15713,Song,Whispers from the Hidden Spring,True,2023,Americana,True,,,
15715,Song,Echoes of the Forgotten Stream,True,1993,Southern Gothic Rock,True,1993,,
15716,Song,Ripples of Intuition,False,2027,Jazz Surf Rock,True,2027,,2027
15722,Song,Unexpected Landing,False,2011,Lo-Fi Electronica,True,2011,,2011
15723,Song,Collision Course,True,2023,Desert Rock,True,2023,,
15728,Song,Unintended Surrender,True,2003,Psychedelic Rock,True,,,
15734,Song,"One Moment, One Movement, One Embrace",True,1997,Alternative Rock,True,,,
15735,Song,"Stolen Glances, Spinning Hearts",True,2023,Dream Pop,True,2023,,
15738,Song,Rhythm of Unspoken Desire,True,2013,Synthwave,True,2010,,
15744,Song,Broken Again,True,2014,Indie Pop,True,2014,,
15748,Song,Falling Endlessly,True,2013,Synthwave,True,2013,,
15752,Song,Who Do You Think You Are?,True,2023,Indie Folk,True,2023,,
15754,Song,Identity Crisis,True,2021,Indie Folk,True,,,2021
15759,Song,Undefined,True,2007,Blues Rock,True,,,
15762,Song,Cobblestone Chronicles,False,2023,Americana,True,,,2023
15766,Song,Union Jack Heart,True,2004,Indie Folk,True,2004,,2004
15769,Song,Sovereign Soil,True,2000,Indie Pop,True,,,
15771,Song,Tea and Rebellion,False,2018,Indie Rock,True,2018,,2018
15775,Song,Wildflower Whispers,True,2020,Lo-Fi Electronica,True,,,
15776,Song,Hands of Fragrant Memory,False,2024,Synthwave,True,,,2024
15779,Song,Whisper Your Truth,False,2027,Dream Pop,True,2027,,
15783,Song,Unspoken Words,True,2029,Space Rock,True,2029,,
15789,Song,Speak Between The Lines,True,2025,Southern Gothic Rock,True,2025,,
15791,Song,Tell Me Everything,False,2018,Dream Pop,True,,,
15793,Song,Masculine Lullaby,True,2017,Indie Folk,True,,,2017
15797,Song,Wishes Wrapped in Blue,True,2023,Synthwave,True,,,
15799,Song,If You Were My Son,True,2026,Dream Pop,True,2026,,
15804,Song,Daughter's Unspoken Transformation,True,2000,Dream Pop,True,2000,,2007
15805,Song,Peaks of Passion,True,2028,Dream Pop,True,,,
15812,Song,Elevation of Desire,True,2023,Oceanus Folk,True,,,
15817,Song,Ridges of Romance,True,2024,Americana,True,,,2024
15818,Song,Chrysalis Dreams,True,1981,Alternative Rock,True,,,
15820,Song,Wing Whispers,True,2004,Indie Pop,True,2004,,
15825,Song,Nectar's Dance,True,2000,Alternative Rock,True,,,
15831,Song,Pulse of the Street,True,2028,Lo-Fi Electronica,True,,,
15833,Song,Heartbeat Highway,True,1991,Indie Rock,True,,,
15838,Song,Groove Global,True,2014,Avant-Garde Folk,True,,,
15839,Song,She's Not The Same Anymore,True,2017,Doom Metal,True,2017,,
15841,Song,Transformed Tonight,False,2019,Dream Pop,True,,,2029
15843,Song,Unexpected Change,True,2023,Alternative Rock,True,,,
15844,Song,Different Kind of Woman,True,2017,Americana,True,,,
15848,Song,"Alone, Together",True,2015,Indie Pop,True,,,2015
15851,Song,Whispers in the Locket,True,2026,Indie Folk,True,,,
15855,Song,Sacred Fragments,True,2003,Synthwave,True,,,2003
15857,Song,The Forgotten Shrine,True,2028,Dream Pop,True,,,
15877,Song,Psychoanalytic Desire,False,1975,Synthwave,True,1975,,
15881,Song,Nietzsche's Muse,True,2016,Synthwave,True,,,
15885,Song,Intimate Rebellion,True,1995,Dream Pop,False,,,
15886,Song,Intellectual Passion,True,2025,Desert Rock,True,,,
15889,Song,Whispers in Shadows,True,2023,Psychedelic Rock,True,,,
15894,Song,Ethereal Threshold,True,2014,Indie Pop,True,,,2014
15896,Song,Whispers Unsaid,True,1994,Alternative Rock,True,,,1994
15899,Song,Speak Between Lines,True,2010,Indie Folk,True,,,2010
15903,Song,Unspoken Messages,True,2008,Dream Pop,True,,,
15911,Song,Midnight in the Dormitory,True,2023,Symphonic Metal,True,2023,,
15913,Song,Secrets of the Sixth Form,True,2025,Americana,True,,,2025
15925,Song,Blyton's Girls,False,2023,Americana,True,,,
15928,Song,Tremors of '60 (referencing the 1960 Agadir earthquake),True,2001,Alternative Rock,True,2001,,
15944,Song,Just Beyond Your Reach,True,2027,Psychedelic Rock,True,,,
15950,Song,Whispers of Proximity,True,2023,Psychedelic Rock,True,,,
15954,Song,Inches Apart,True,2023,Oceanus Folk,True,,,2023
15962,Song,Harmonic Fragments of Memory,True,2023,Symphonic Metal,True,2023,,2023
15964,Song,Counterpoint of Silence,True,2017,Avant-Garde Folk,True,2017,,
15966,Song,Damn Straight,True,2016,Southern Gothic Rock,True,,,
15970,Song,Loud and Proud,True,2017,Southern Gothic Rock,True,2017,,
15971,Song,Celestial Descent,True,2013,Indie Rock,True,2013,,
15973,Song,When Angels Breathe,True,2023,Oceanus Folk,True,,,
15980,Song,Vanished Without a Trace,True,2004,Indie Pop,True,,,
15981,Song,Memories in the Rearview,True,2029,Jazz Surf Rock,True,,,
15984,Song,Muscle Marathon,True,2024,Doom Metal,True,,,2024
15986,Song,Sweat Equity,True,2004,Indie Pop,True,2004,,
15991,Song,Iron Will,True,2000,Americana,True,2000,,
15994,Song,Mercy's Infinite Echo,True,2007,Oceanus Folk,True,2007,,
15998,Song,Compassion Beyond Measure,True,2028,Alternative Rock,True,,,
16001,Song,The Unbound Forgiver,True,1996,Dream Pop,True,,,
16004,Song,The Royal Physician's Gambit,True,2012,Alternative Rock,True,,,
16007,Song,Enlightenment's Whisper,True,2029,Alternative Rock,True,2029,,2029
16014,Song,Copenhagen's Forbidden Affair,True,2007,Doom Metal,True,,,2007
16016,Song,Revolutions of the Heart,True,2020,Indie Folk,True,,,
16017,Song,Chamber of Resonant Shadows,True,2013,Indie Rock,True,2007,,
16019,Song,"Ephemeral Strings, Eternal Echoes",True,1997,Doom Metal,True,,,
16026,Song,Quartetto Luminoso,True,2013,Doom Metal,True,,,2013
16030,Song,Negotiated Hearts,False,2004,Doom Metal,True,2004,,
16034,Song,Halfway Between Us,True,2000,Southern Gothic Rock,True,,,
16035,Song,Divided We Stand,True,2004,Avant-Garde Folk,True,2004,,
16036,Song,The Middle Ground,True,2005,Alternative Rock,True,,,
16038,Song,Just One Promise,True,2028,Space Rock,True,,,
16042,Song,The Simple Truth Between Us,False,2023,Doom Metal,True,2023,,2026
16048,Song,Tender Expectations,True,2017,Dream Pop,True,2013,,
16054,Song,Sweet Nectar of the Southern Hive,True,2004,Dream Pop,True,2004,,2004
16057,Song,Honeycomb Memories from Alabama,True,2002,Synthwave,True,,,2002
16061,Song,Buzzing Fields of Golden Amber,True,2013,Doom Metal,True,2013,,2013
16063,Song,Beekeepers' Serenade in the Cotton State,False,2010,Lo-Fi Electronica,True,,,
16064,Song,Southern Horizon,True,2027,Desert Rock,True,,,
16067,Song,Rails to Red Clay,True,2027,Dream Pop,True,,,
16070,Song,Wandering Wheels,True,2029,Space Rock,True,2029,,
16075,Song,Freight Train Freedom,False,2028,Lo-Fi Electronica,True,,,
16078,Song,Strings of Salvador,True,2029,Psychedelic Rock,True,2029,,
16084,Song,"Curved Bow, Singing Wire",False,2013,Doom Metal,True,,,
16090,Song,Neon Midnight Groove,True,2017,Synthpop,True,,,
16093,Song,Electric Azure Dance,True,2017,Indie Folk,True,,,
16096,Song,Twilight Strobe Fever,True,2025,Post-Apocalyptic Folk,True,,,
16100,Song,Maple Leaf Nomad,True,2020,Dream Pop,True,,,
16101,Song,Borderless Heart,True,2017,Indie Rock,True,,,2017
16117,Song,Blue Ridge Heartland,True,2026,Alternative Rock,True,2023,,
16120,Song,Chesapeake Memories,True,2023,Doom Metal,True,,,
16123,Song,Shenandoah's Embrace,True,2023,Doom Metal,True,2023,,2023
16133,Song,Devotion's Horizon,True,2004,Oceanus Folk,True,,,
16141,Song,"Loyal Hearts, Endless Ground",True,2026,Dream Pop,True,2026,,
16146,Song,Sanctuary of Grace,True,2020,Dream Pop,True,,,
16153,Song,Celestial Chorus,True,2017,Indie Folk,False,,,
16158,Song,Whispers Along the Thames,True,2007,Psychedelic Rock,True,,,2007
16161,Song,Stone and Water: A London Passage,True,1996,Southern Gothic Rock,True,1996,,
16163,Song,Riverbank Rhythms of Victorian London,False,2013,Post-Apocalyptic Folk,True,,,
16171,Song,Silver in Her Palm,True,2029,Dream Pop,True,,,
16175,Song,Lise's Last Franc,False,2023,Doom Metal,True,,,
16179,Song,Currency of Remembrance,True,2009,Southern Gothic Rock,True,2009,,
16180,Song,Siege of Barcelona's Twilight,False,2023,Oceanus Folk,True,,,
16182,Song,Coronela's Last Stand,True,1997,Southern Gothic Rock,True,1997,,
16185,Song,Bourbon Shadows Over Catalonia,False,2022,Alternative Rock,True,,,
16189,Song,Whispers of Curiosity,True,2019,Americana,True,,,
16192,Song,The Question That Lingers,True,2026,Oceanus Folk,True,,,
16202,Song,Echoes of Inquiry,True,2018,Synthwave,True,,,
16209,Song,The Void Inside,False,2017,Dream Pop,True,,,
16210,Song,Echoes of What Could Be,True,2006,Dream Pop,True,,,
16211,Song,Phantom Heartstrings,True,2023,Dream Pop,True,,,2023
16212,Song,Ghosts of the Shoreline,False,2017,Doom Metal,True,2017,,2017
16215,Song,Aegean Whispers,False,2020,Avant-Garde Folk,True,,,2020
16217,Song,Ruins of the Ancient Port,True,2020,Americana,True,,,2020
16223,Song,Midnight in Kos,True,2023,Indie Folk,True,,,
16225,Song,Blueprint Whispers,False,2017,Oceanus Folk,True,,,2017
16230,Song,Concrete and Clay Symphony,True,2023,Synthwave,True,,,
16233,Song,Engineered Horizons,True,2004,Psychedelic Rock,True,2004,,
16244,Song,Whispers of the Resonant String,True,2020,Darkwave,True,2020,,
16248,Song,Midnight's Melancholy Bow,True,2008,Alternative Rock,True,,,
16249,Song,Chromatic Lamentations,True,2026,Synthwave,True,,,
16252,Song,Echoes from the Minor Depths,True,2000,Dream Pop,True,,,
16259,Song,Twilight of the Weekly Cycle,True,2023,Indie Folk,True,2023,,
16264,Song,Ceremonial Footsteps,True,2026,Oceanus Folk,True,,,
16269,Song,Regal Advance,True,2013,Speed Metal,True,2013,,
16270,Song,Echoes of Formality,True,2029,Dream Pop,True,,,2029
16274,Song,Stately Procession,True,2013,Indie Folk,True,,,
16276,Song,Perimeter,False,2020,Oceanus Folk,True,,,
16279,Song,No Man's Territory,True,2020,Oceanus Folk,True,,,
16282,Song,Chemical Harmony,True,2029,Psychedelic Rock,True,,,
16287,Song,Balanced Fever,True,2025,Synthwave,True,,,
16289,Song,Calibrated Pulse,True,2007,Synthwave,True,,,
16290,Song,Measured Euphoria,True,2014,Americana,True,,,
16292,Song,Whispers of Goodbye,False,2025,Darkwave,True,,,
16296,Song,Broken Compass Heart,True,1997,Southern Gothic Rock,True,,,
16297,Song,Roadside Heartbreak Motel,True,2024,Emo/Pop Punk,False,,,
16298,Song,Slow Motion Waltz,True,1985,Lo-Fi Electronica,True,,,
16300,Song,Midnight Sway,True,2020,Synthwave,True,,,
16305,Song,Rhythm of Two Hearts,True,2025,Indie Folk,True,,,
16309,Song,Spinning Strangers,True,2024,Psychedelic Rock,True,,,
16312,Song,Harvest Dance at Ler Valley,True,2010,Psychedelic Rock,True,,,
16317,Song,Midsummer Gathering on the Farm,True,2000,Indie Folk,True,,,
16319,Song,Windswept Celebration,True,2026,Dream Pop,False,,,
16323,Song,Sacrifice My Heart,True,2027,Synthwave,True,,,
16327,Song,Eternal Devotion,True,2026,Emo/Pop Punk,True,,,
16328,Song,Beyond Mortality,False,2026,Dream Pop,True,2026,,2026
16333,Song,Love's Ultimate Pledge,False,2020,Indie Rock,True,,,
16335,Song,Divine Permutations,True,2017,Speed Metal,True,,,
16336,Song,Pantheon's Echo,True,2028,Dream Pop,True,,,2028
16339,Song,Celestial Metamorphosis,True,2029,Psychedelic Rock,True,2029,,
16343,Song,Immortal Refrains,True,2029,Post-Apocalyptic Folk,True,,,
16348,Song,Iron Hooves and Leather Reins,True,2030,Alternative Rock,True,,,
16352,Song,Shoulders of Strength,True,2012,Jazz Surf Rock,True,2012,,2012
16354,Song,Farmland Titans,True,2027,Darkwave,True,,,
16356,Song,Echoes of Chromatic Shadows,False,2029,Dream Pop,True,,,
16360,Song,Dissonant Symmetries,True,2024,Dream Pop,True,,,
16363,Song,Counterpoint in Twilight,True,2027,Dream Pop,True,,,
16365,Song,Harmonic Labyrinth,True,2004,Dream Pop,True,2004,,
16367,Song,Whispers of Cerulean,False,2020,Darkwave,True,,,
16371,Song,Painted Heavens,False,2018,Lo-Fi Electronica,True,,,
16381,Song,Strength Beyond Sorrow,False,2013,Doom Metal,True,2013,,
16389,Song,Silent Resilience,True,1992,Southern Gothic Rock,True,1992,,1992
16392,Song,Scales of Transformation,True,2023,Indie Folk,True,2023,,
16397,Song,Depths Beyond Memory,True,2013,Indie Folk,True,,,
16400,Song,Aquatic Rebirth (1983),True,2023,Oceanus Folk,True,,,2023
16402,Song,Les Ailes Célestes,False,2029,Dream Pop,True,,,
16404,Song,Murmures Angéliques,True,2022,Avant-Garde Folk,True,,,
16405,Song,Symphonie des Séraphins,True,2013,Synthwave,True,,,
16409,Song,Lumière Immortelle,True,2024,Dream Pop,True,,,
16413,Song,Shadows of Cassidy,True,2015,Dream Pop,True,,,
16418,Song,Whispers from the Heartline,True,2004,Synthwave,True,,,2004
16421,Song,Unraveled (A Cassidy Story),True,2010,Speed Metal,True,2010,,2010
16424,Song,Midnight's Daughter,False,2026,Doom Metal,True,,,
16433,Song,Ride of the Proud Lancers,True,2013,Indie Rock,True,2013,,
16437,Song,Regiments and Rainbows,True,2017,Indie Rock,True,,,
16441,Song,Weekend Wanderings,True,1999,Psychedelic Rock,True,,,
16449,Song,Sundown Boulevard,True,2026,Indie Rock,True,,,
16452,Song,Star of the Stable,True,2024,Lo-Fi Electronica,True,2024,,2024
16457,Song,Manger's Midnight,True,2021,Oceanus Folk,True,,,
16458,Song,Shepherds' Journey,True,2023,Americana,True,,,
16462,Song,Halo of Grace,True,2028,Dream Pop,True,,,2028
16466,Song,Whispers from Heaven,True,2029,Dream Pop,True,2029,,
16471,Song,Guardian of My Heart,True,2023,Indie Folk,True,,,
16473,Song,Whispers of the Hanged God,True,2020,Dream Pop,True,,,2020
16484,Song,Sacred Branches of Knowledge,False,2023,Indie Rock,True,,,2023
16485,Song,The Sacrificial Script,True,2024,Dream Pop,True,,,
16487,Song,Echoes of the Trøndelag Heartland,False,2020,Indie Folk,True,2020,,2020
16494,Song,Whispers from the Northern Town,True,2026,Indie Rock,False,2026,,
16495,Song,Landscapes of a Forgotten Melody,True,1997,Southern Gothic Rock,True,,,1997
16496,Song,Chasing Horizons Beyond Reason,False,2023,Alternative Rock,True,,,
16500,Song,Sprinting Towards Infinity's Margin,True,2004,Post-Apocalyptic Folk,True,,,
16501,Song,Desperate Dash at the World's Boundary,True,2000,Synthwave,True,2000,,
16505,Song,Fleeing Toward the Furthest Horizon,True,2032,Dream Pop,True,,,
16507,Song,Someday Soon,False,1994,Blues Rock,True,,,
16512,Song,The Day That Changes Everything,False,2013,Americana,True,,,
16513,Song,Just Us Against Everything,False,2023,Doom Metal,True,,,
16514,Song,Singular Constellation,False,2013,Americana,True,2013,,
16517,Song,The Only Ones Who Know,True,1986,Southern Gothic Rock,True,,,
16519,Song,Paired in Solitude,True,2026,Psychedelic Rock,True,,,
16522,Song,Puncture Point,True,2029,Doom Metal,True,2029,,
16524,Song,Trembling Syringe,False,2013,Oceanus Folk,True,2013,,
16528,Song,Veins of Hesitation,True,2003,Emo/Pop Punk,True,2003,,
16529,Song,Sharp Silent Whispers,False,1991,Southern Gothic Rock,True,,,
16530,Song,Ghosting Memories,True,2029,Desert Rock,True,,,
16535,Song,Distance Between Heartbeats,True,2010,Post-Apocalyptic Folk,False,,,
16541,Song,Empty Picture Frame,True,2020,Darkwave,True,2017,,
16547,Song,Rose from the Concrete,True,2021,Synthwave,True,2021,,
16551,Song,Number 1 Elevation,False,2013,Southern Gothic Rock,True,,,
16552,Song,Chicago to MVP,True,2028,Alternative Rock,True,,,
16564,Song,Couch Kingdom,True,2029,Dream Pop,True,2029,,
16572,Song,One More Round,False,2021,Alternative Rock,True,2021,,
16580,Song,Liquid Escape,False,2016,Lo-Fi Electronica,True,,,
16582,Song,Drowning in Denial,False,2023,Oceanus Folk,True,,,
16584,Song,Byte by Byte,True,2015,Jazz Surf Rock,True,2015,,
16585,Song,Digital Heartbeat,True,1987,Darkwave,True,1987,,
16586,Song,Silicon Serenade,False,2026,Synthwave,True,,,2026
16589,Song,Machine Learning Melody,False,2004,Emo/Pop Punk,True,2004,,
16590,Song,Nerd Nation,True,2026,Americana,True,,,
16603,Song,Byte Americana,True,2029,Jazz Surf Rock,True,,,
16605,Song,Motherboard Republic,False,2004,Indie Rock,True,,,
16607,Song,"Marcin, Payback Is Coming",True,2010,Synthwave,True,,,2010
16612,Song,Whispers of a Broken Promise,False,1996,Jazz Surf Rock,True,1996,,
16614,Song,"Tonight, You'll Remember My Name",True,2013,Indie Folk,True,,,
16615,Song,The Revenge We Never Spoke Of,True,2022,Dream Pop,True,,,
16616,Song,Amplified Whispers,True,2020,Post-Apocalyptic Folk,False,2020,,
16617,Song,Static and Soul,True,2010,Emo/Pop Punk,True,,,
16618,Song,Feedback Frequencies,False,1994,Indie Folk,True,,,
16621,Song,Strength in Softness,True,2001,Jazz Surf Rock,True,,,
16624,Song,Unbreakable Crown,True,2029,Desert Rock,True,2029,,
16626,Song,Whispers of Her Resilience,False,2021,Dream Pop,True,,,
16631,Song,Daughters Rising,True,2023,Blues Rock,True,2023,,
16632,Song,Surrender to My Heart,True,2028,Dream Pop,True,,,
16641,Song,"Soft Embrace, Tender Grace",False,2010,Indie Folk,True,,,
16646,Song,Sunlit Whispers,True,2024,Dream Pop,True,,,2024
16652,Song,Endless July,True,2027,Alternative Rock,True,2027,,
16653,Song,Golden Hours,True,2023,Dream Pop,True,,,
16658,Song,Barefoot Horizons,True,2018,Synthwave,True,2018,,
16665,Song,Listen Up!,True,2017,Doom Metal,True,2017,,
16670,Song,Wake Up!,True,2018,Lo-Fi Electronica,True,,,
16672,Song,Echoes of Electric Rage,True,2023,Dream Pop,True,,,
16679,Song,Stormborn Horizon,False,2028,Dream Pop,True,,,
16686,Song,Thunderstruck Memories,True,2028,Indie Folk,True,2028,,
16695,Song,Midnight Meds,True,2023,Indie Folk,True,2023,,
16697,Song,Fluorescent Vigil,True,2026,Alternative Rock,True,2026,,2026
16699,Song,Whispers in Ward 7,False,2025,Doom Metal,True,2025,,
16702,Song,Shift of Mercy,True,1997,Avant-Garde Folk,True,1997,,
16705,Song,Pasir Putih Memories,True,2017,Synthwave,True,,,2017
16707,Song,Tin Mining Blues,True,2021,Space Rock,True,2021,,
16710,Song,Sirens of the Bangka Strait,True,2027,Dream Pop,True,,,
16714,Song,Roots and Waves of the Island,False,2007,Alternative Rock,True,,,
16716,Song,Echoes of the Incomplete,True,2018,Indie Pop,True,,,
16720,Song,Silent Movements Unresolved,False,2000,Blues Rock,True,2000,,
16724,Song,Sole Survivor,True,2000,Speed Metal,True,,,
16727,Song,"Final Breath, Unbroken",True,2013,Indie Folk,True,,,
16728,Song,Echoes of the Fallen,True,2017,Indie Rock,True,,,
16734,Song,Babel's Broken Tongue,True,2013,Oceanus Folk,True,,,
16736,Song,Linguistic Limbo,True,2006,Dream Pop,True,,,
16739,Song,Words Without Borders,True,2023,Doom Metal,True,,,
16741,Song,Harmonic Fragments,False,1994,Southern Gothic Rock,True,,,
16946,Song,Celestial Drifter,True,2035,Dream Pop,False,,,
16947,Song,Fading into Foam,True,2033,Dream Pop,False,,,
16955,Song,Beneath the Pines,True,2032,Indie Folk,True,,,
16956,Song,Fading Lanterns,False,2035,Indie Folk,False,,,
16957,Song,Stories Left Untold,False,2037,Indie Folk,False,,,
16963,Song,Highway Lights,False,2031,Synthwave,False,,,
16964,Song,The Ghost in the Drive,False,2031,Synthwave,True,,,
16965,Song,Hologram Love,False,2035,Synthwave,False,,,
16968,Song,Summoning the End,True,2036,Doom Metal,False,,,
16969,Song,Obsidian Throne,True,2036,Doom Metal,False,,,
16970,Song,The Hourglass Empties,True,2036,Doom Metal,True,,,
16974,Song,Everything Breaks Eventually,True,2039,Alternative Rock,False,,,
16975,Song,Fire Escape Dreams,True,2039,Alternative Rock,False,,,
16976,Song,The Morning After,False,2037,Alternative Rock,False,,,
16980,Song,Black River Run,True,2031,Southern Gothic Rock,True,,,
16981,Song,The Preacher's Gun,False,2031,Southern Gothic Rock,True,,,
16982,Song,Bones in the Dust,False,2033,Southern Gothic Rock,True,,,
16990,Song,The Bells Beneath the Waves,True,2035,Oceanus Folk,False,,,
16991,Song,Forgotten Harbors,False,2035,Oceanus Folk,False,,,
16992,Song,Beneath the Coral Veil,True,2033,Oceanus Folk,False,,,
17000,Song,Dust and Whiskey,True,2030,Americana,False,,,
17001,Song,Last Train to Nowhere,True,2035,Americana,False,,,
17002,Song,Under a Dying Sun,False,2035,Americana,True,,,
17003,Song,The Road Calls Again,True,2033,Americana,False,,,
17008,Song,Echoes in the Alleyway,True,2031,Psychedelic Rock,False,,,
17009,Song,Mirage of the Mind,True,2032,Psychedelic Rock,False,,,
17010,Song,Paper Sunsets,True,2033,Psychedelic Rock,True,,,
17011,Song,Velvet Catacombs,True,2033,Psychedelic Rock,True,,,
17015,Song,Sacrificial Dawn,True,2038,Indie Rock,True,,,
17016,Song,Choirs of the Nameless,False,2038,Indie Rock,False,,,
17017,Song,Writ in Blood,False,2038,Indie Rock,True,,,
17018,Song,Chants for the Devoured,True,2035,Indie Rock,False,,,
17019,Song,Beneath the Sepulcher Moon,False,2035,Indie Rock,True,,,
17025,Song,Dusty Frequencies,False,2032,Lo-Fi Electronica,False,,,
17026,Song,AM Radio Ghosts,False,2034,Lo-Fi Electronica,True,,,
17027,Song,Betamax Dreams,True,2034,Lo-Fi Electronica,True,,,
17028,Song,Neon Memory Glitch,False,2034,Lo-Fi Electronica,False,,,
17029,Song,Pixel Heartache,False,2034,Lo-Fi Electronica,False,,,
17036,Song,Summer’s End (Forever),True,2031,Indie Pop,True,,,
17037,Song,Paper Planes and Daydreams,True,2033,Indie Pop,False,,,
17038,Song,Skyline Glow,True,2035,Indie Pop,False,,,
17039,Song,A Letter Never Sent,False,2035,Indie Pop,False,,,
17040,Song,Fading Footsteps in the Sand,False,2035,Indie Pop,False,,,
17050,Song,Star-Touched Tides,True,2034,Oceanus Folk,True,,,
17051,Song,Echoes in a Seashell,False,2034,Oceanus Folk,False,,,
17052,Song,Beneath the Celestial Wake,True,2035,Oceanus Folk,False,,,
17053,Song,Driftwood and Stardust,True,2038,Oceanus Folk,False,,,
17058,Song,Cactus Bloom Serenade,True,2033,Desert Rock,True,2032,,
17060,Song,Dunes of Time,False,2031,Desert Rock,True,,,
17066,Song,Codebreaker’s Waltz,False,2034,Jazz Surf Rock,True,,,
17067,Song,The Getaway Route,False,2036,Jazz Surf Rock,True,,,
17068,Song,Classified Groove,False,2036,Jazz Surf Rock,True,,,
17074,Song,The Universe Listens,True,2030,Space Rock,False,,,
17075,Song,Pulsar Hymn,True,2033,Space Rock,False,,,
17076,Song,When We Were Stars,False,2033,Space Rock,False,,,
17080,Song,Crossroads Again,False,2033,Blues Rock,False,,,
17081,Song,Devil’s Overtime,False,2033,Blues Rock,False,,,
17082,Song,The River Won’t Let Go,True,2035,Blues Rock,False,,,
17085,Song,Midnight Cathedral,False,2036,Darkwave,True,,,
17086,Song,Phantom Waltz,True,2036,Darkwave,False,,,
17087,Song,A Garden of Forgotten Names,True,2036,Darkwave,True,,,
17088,Song,Shattered Reflections,False,2036,Darkwave,True,,,
17094,Song,Speed Demon’s Hymn,True,2034,Speed Metal,False,,,
17095,Song,Highway Vengeance,False,2034,Speed Metal,False,,,
17096,Song,The Blade Always Wins,True,2036,Speed Metal,False,,,
17103,Song,The Notes You Left Behind,True,2033,Emo/Pop Punk,True,,,
17104,Song,Letters in the Attic,False,2033,Emo/Pop Punk,True,,,
17105,Song,Fumbling for Words,False,2034,Emo/Pop Punk,False,,,
17106,Song,Maybe We Were Meant to Fade,False,2034,Emo/Pop Punk,True,,,
17114,Song,Smoke on the Horizon,True,2031,Post-Apocalyptic Folk,False,,,
17115,Song,Echoes in the Barren Lands,False,2031,Post-Apocalyptic Folk,True,,,
17116,Song,"Forgotten Names, Fading Faces",True,2034,Post-Apocalyptic Folk,False,,,
17117,Song,Farewell to the Fading Sun,True,2035,Post-Apocalyptic Folk,True,,,
17122,Song,Skin and Saltwater,False,2037,Oceanus Folk,False,,,
17123,Song,Sea Glass Memories,True,2037,Oceanus Folk,False,,,
17124,Song,Vanished with the Current,True,2037,Oceanus Folk,False,,,
17125,Song,When the Tide Calls My Name,False,2037,Oceanus Folk,True,,,
17130,Song,Howl to the Hollow Moon,True,2035,Avant-Garde Folk,False,,,
17131,Song,Voices in the Timberline,True,2033,Avant-Garde Folk,True,,,
17132,Song,When the Wind Remembers,True,2039,Avant-Garde Folk,False,,,
17133,Song,Ancestral Echoes,False,2039,Avant-Garde Folk,True,,,
17134,Song,The Dance of the Forgotten,False,2035,Avant-Garde Folk,True,,,
17142,Song,The Last Oath,True,2036,Symphonic Metal,True,,,
17143,Song,Glory in Ruins,False,2036,Symphonic Metal,False,,,
17144,Song,Blood Upon the Tapestry,False,2033,Symphonic Metal,False,,,
17145,Song,An Elegy for the Lost,True,2032,Symphonic Metal,False,,,
17150,Song,Signals in the Static,True,2035,Indie Rock,True,,,
17151,Song,Cities Without Sound,True,2035,Indie Rock,True,,,
17152,Song,Tuning Out the Past,True,2038,Indie Rock,True,,,
17153,Song,The Final Broadcast,True,2034,Indie Rock,True,,,
17154,Song,Silence at the End of the World,True,2034,Indie Rock,False,,,
17159,Song,Streetlights and Synthesizers,True,2031,Synthpop,False,,,
17160,Song,Melancholy Machine,False,2031,Synthpop,False,,,
17161,Song,"Glass Towers, Broken Hearts",True,2032,Synthpop,True,,,
17162,Song,Electric Afterglow,True,2033,Synthpop,True,,,
17163,Song,"The City Never Sleeps, But We Do",False,2033,Synthpop,False,,,
17172,Song,"Heave Away, My Lads",False,1975,Sea Shanties,False,,,
17173,Song,The Mermaid's Random,True,1975,Sea Shanties,False,,,
17174,Song,Bones in the Sand,False,1975,Sea Shanties,False,,,
17175,Song,Sing for the Drowned,False,1975,Sea Shanties,False,,,
17176,Song,"Brass Compass, Broken Oath",True,1977,Sea Shanties,False,,,
17177,Song,Fire in the Hold,False,1977,Sea Shanties,False,,,
17178,Song,Blood in the Brine,False,1977,Sea Shanties,False,,,
17179,Song,Rum for the Dead,False,1977,Sea Shanties,False,,,
17180,Song,Bound for No Return,True,1979,Sea Shanties,False,,,
17181,Song,The Gallows Tide,False,1979,Sea Shanties,False,,,
17182,Song,Three Fathoms Down,False,1979,Sea Shanties,False,,,
17183,Song,Port Royal Nights,False,1979,Sea Shanties,False,,,
17184,Song,The Bell That Never Rings,False,1979,Sea Shanties,False,,,
17185,Song,The Devil's Bargain,False,1981,Sea Shanties,False,,,
17186,Song,Seven Days to Port,True,1981,Sea Shanties,False,,,
17187,Song,"Drink Up, Me Boys",False,1981,Sea Shanties,False,,,
17188,Song,The Silver Compass,False,1981,Sea Shanties,False,,,
17196,Song,Mist Over Skye,False,1980,Celtic Folk,False,,,
17197,Song,Where the Ravens Roam,False,1980,Celtic Folk,False,,,
17198,Song,Storm & Stone,True,1980,Celtic Folk,False,,,
17199,Song,The Wanderer's Oath,True,1981,Celtic Folk,False,,,
17200,Song,Silver and Salt,False,1981,Celtic Folk,False,,,
17201,Song,Lost at Sea,False,1981,Celtic Folk,False,,,
17202,Song,The Icebound Maiden,False,1982,Celtic Folk,False,,,
17203,Song,Echoes of Skalds,True,1982,Celtic Folk,False,,,
17204,Song,Wild Hunt Waltz,False,1982,Celtic Folk,False,,,
17212,Song,Songs We Left Behind,True,1984,Acoustic Folk,False,,,
17213,Song,Three Coins and a Compass,False,1984,Acoustic Folk,False,,,
17214,Song,Postcards from Nowhere,False,1984,Acoustic Folk,False,,,
17215,Song,Where the Wildflowers Grow,False,1984,Acoustic Folk,False,,,
17216,Song,The River Knows My Name,True,1987,Acoustic Folk,False,,,
17217,Song,Cairns & Crossroads,False,1987,Acoustic Folk,False,,,
17218,Song,Through the Pines,False,1987,Acoustic Folk,False,,,
17219,Song,The Ballad of Hollow Creek,True,1989,Acoustic Folk,True,,,
17220,Song,To the West We Go,False,1989,Acoustic Folk,True,,,
17221,Song,Blackbirds in November,False,1989,Acoustic Folk,False,,,
17222,Song,Lanterns on the Shore,False,1991,Acoustic Folk,False,,,
17223,Song,Songs My Father Sang,False,1991,Acoustic Folk,False,,,
17224,Song,Dandelion Wishes,True,1991,Acoustic Folk,False,,,
17225,Song,The Hearthside Waltz,False,1991,Acoustic Folk,True,,,
17233,Song,Sunset Harmony,True,2029,Oceanus Folk,False,,,
17234,Song,Whispering Waves,True,2032,Oceanus Folk,False,,,
17238,Song,Ocean Breeze,False,2027,Oceanus Folk,True,,,
17239,Song,Siren's Song,True,2031,Oceanus Folk,False,,,
17246,Song,Buoyant Heart,True,2028,Oceanus Folk,False,,,
17247,Song,Anchored Love,True,2030,Oceanus Folk,True,,,
17253,Song,Shoreline,False,2028,Oceanus Folk,False,,,
17254,Song,Moonlit Tide,False,2031,Oceanus Folk,False,,,
17264,Song,Sunken Bell Song,True,2024,Oceanus Folk,False,,,
17265,Song,Dancer of the Dappled Light,False,2024,Oceanus Folk,False,,,
17266,Song,Whispers in the Fronds,False,2024,Oceanus Folk,False,,,
17267,Song,The Angler's Lantern,True,2025,Oceanus Folk,False,,,
17268,Song,Deepsea Fireflies,False,2025,Oceanus Folk,False,,,
17269,Song,Sandpiper's Serenade,False,2026,Oceanus Folk,False,,,
17270,Song,Salt-Kissed Rhymes,True,2026,Oceanus Folk,True,,,
17271,Song,Tidepool Epigrams,False,2026,Oceanus Folk,False,,,
17279,Song,High Tide Heartbeat,True,2028,Oceanus Folk,False,,,
17280,Song,Electric Eel Love,False,2028,Oceanus Folk,True,,,
17281,Song,Sun-Drenched Daydream,False,2028,Oceanus Folk,False,,,
17282,Song,Chord of the Deep,False,2028,Oceanus Folk,False,,,
17283,Song,Heart of the Habitat,True,2030,Oceanus Folk,False,,,
17284,Song,Reef Rhythm,False,2030,Oceanus Folk,False,,,
17285,Song,Driftwood Lullaby,False,2030,Oceanus Folk,False,,,
17286,Song,Saltwater Hymn,False,2032,Oceanus Folk,False,,,
17287,Song,Moon Over the Tide,False,2034,Oceanus Folk,True,,,
17288,Song,Into the Current,True,2034,Oceanus Folk,False,,,
17289,Song,Barnacle Heart,False,2034,Oceanus Folk,False,,,
17290,Song,Fog & Fiddle,False,2036,Oceanus Folk,True,,,
17291,Song,The Fisherman's Prayer,True,2036,Oceanus Folk,False,,,
17292,Song,Stormsong,True,2038,Oceanus Folk,True,,,
17293,Song,Salt in My Veins,False,2040,Oceanus Folk,False,,,
17294,Song,The Last Mariner,False,2040,Oceanus Folk,False,,,
17304,Song,Tripping on the Water,True,1995,Oceanus Folk,False,,,
17305,Song,The One,False,1997,Oceanus Folk,False,,,
17306,Song,Alight,True,1999,Oceanus Folk,False,,,
17307,Song,Albatross,False,2001,Oceanus Folk,False,,,
17308,Song,By the Stars,False,2001,Oceanus Folk,False,,,
17318,Song,Lanterns on the Water,True,1993,Oceanus Folk,False,,,
17319,Song,Knot & Tether,False,1993,Oceanus Folk,True,,,
17320,Song,Bones in the Brig,False,1994,Oceanus Folk,False,,,
17321,Song,Stormglass,True,1995,Oceanus Folk,False,,,
17322,Song,Widow’s Walk,False,1995,Oceanus Folk,False,,,
17332,Song,Where the Lanterns Fade,True,2005,Oceanus Folk,False,,,
17333,Song,The Undertow Waltz,False,2005,Oceanus Folk,False,,,
17334,Song,Sable Waves,True,2008,Oceanus Folk,False,,,
17335,Song,Blackwater Hymn,False,2010,Oceanus Folk,True,,,
17336,Song,The Coral Spire,True,2010,Oceanus Folk,False,,,
17337,Song,Wake Drinker,False,2013,Oceanus Folk,False,,,
17338,Song,Vanishing Point,False,2013,Oceanus Folk,False,,,
17339,Song,The Sompass Spins,False,2013,Oceanus Folk,False,,,
17342,Song,Beneath the Whispering Waves,True,2029,Oceanus Folk,True,,,2029
17343,Song,Seasheel Lullaby,False,2029,Oceanus Folk,True,,,2029
17344,Song,Riding the Moon's Reflection,False,2029,Oceanus Folk,True,,,2029
17345,Song,Tidal Journey,False,2029,Oceanus Folk,True,,,2029
17346,Song,Ebbing Heart,False,2029,Oceanus Folk,True,,,2029
17347,Song,The Shifting Sands,False,2029,Oceanus Folk,True,,,2029
17348,Song,The Song of Forgotten Shores,False,2029,Oceanus Folk,True,,,2029
17351,Song,The Siren's Sigh,False,2031,Oceanus Folk,True,,,2031
17352,Song,Whispers on the Jetty Wind,True,2031,Oceanus Folk,True,,,2031
17353,Song,Moonlit Kelp Forest Dance,False,2031,Oceanus Folk,True,,,2031
17354,Song,Seven Fathoms Deep,False,2031,Oceanus Folk,True,,,2031
17357,Song,The Language of the Tides,False,2031,Oceanus Folk,True,,,2031
17358,Song,Coral Bloom Energy,False,2031,Oceanus Folk,True,,,2031
17359,Song,Song of the Wandering Whale,True,2031,Oceanus Folk,True,,,2031
17360,Song,Deep Sea Reverie,False,2031,Oceanus Folk,True,,,2031
17364,Song,Crimson Cliffs Awakening,False,2034,Oceanus Folk,True,,,2034
17365,Song,Salt-Stained Letters,False,2034,Oceanus Folk,True,,,2034
17366,Song,"Canyon Echoes, Ocean Dreams",True,2034,Oceanus Folk,True,,,2034
17367,Song,The Cartographer's Curse,False,2035,Oceanus Folk,True,,,2035
17368,Song,Shadows in Smuggler's Cove,False,2035,Oceanus Folk,True,,,2035
17410,Song,Seashell Serenade,True,2030,Oceanus Folk,True,,,2030
17411,Song,Tidal Whisper,True,2033,Oceanus Folk,True,,,2033
