source,target,Edge Type
1,0,PerformerOf
2,0,PerformerOf
3,0,PerformerOf
7,5088,PerformerOf
7,5,PerformerOf
7,6231,PerformerOf
7,7054,PerformerOf
7,9808,PerformerOf
7,13567,PerformerOf
7,16514,PerformerOf
8,5,PerformerOf
8,7054,PerformerOf
13,10,PerformerOf
13,11459,PerformerOf
16,15,PerformerOf
17,15,PerformerOf
19,15,PerformerOf
20,15,PerformerOf
20,6827,PerformerOf
20,16367,PerformerOf
27,26,PerformerOf
28,26,PerformerOf
29,26,PerformerOf
29,148,PerformerOf
29,8739,PerformerOf
29,10651,PerformerOf
29,10836,PerformerOf
29,12346,PerformerOf
29,16421,PerformerOf
30,16161,PerformerOf
30,26,PerformerOf
30,4861,PerformerOf
30,4932,PerformerOf
30,5110,PerformerOf
30,9239,PerformerOf
30,10090,PerformerOf
30,10475,PerformerOf
30,11236,PerformerOf
30,11572,PerformerOf
30,12979,PerformerOf
30,13545,PerformerOf
30,15047,PerformerOf
30,15702,PerformerOf
30,16421,PerformerOf
37,35,PerformerOf
40,39,PerformerOf
40,5519,PerformerOf
43,42,PerformerOf
43,16171,PerformerOf
44,16171,PerformerOf
45,16171,PerformerOf
50,48,PerformerOf
51,48,PerformerOf
52,48,PerformerOf
52,13611,PerformerOf
52,15662,PerformerOf
55,54,PerformerOf
55,7713,PerformerOf
56,54,PerformerOf
56,7713,PerformerOf
56,14344,PerformerOf
57,7713,PerformerOf
63,60,PerformerOf
64,60,PerformerOf
65,60,PerformerOf
65,5079,PerformerOf
65,16429,PerformerOf
66,60,PerformerOf
67,60,PerformerOf
67,766,PerformerOf
67,13603,PerformerOf
67,16512,PerformerOf
72,71,PerformerOf
73,71,PerformerOf
74,71,PerformerOf
74,3205,PerformerOf
74,6954,PerformerOf
74,15899,PerformerOf
75,71,PerformerOf
75,8952,PerformerOf
75,12515,PerformerOf
75,15089,PerformerOf
76,71,PerformerOf
76,2057,PerformerOf
76,5046,PerformerOf
76,8785,PerformerOf
76,12237,PerformerOf
82,81,PerformerOf
82,15389,PerformerOf
82,15789,PerformerOf
82,16162,PerformerOf
83,15389,PerformerOf
83,15789,PerformerOf
83,16162,PerformerOf
87,86,PerformerOf
87,14859,PerformerOf
89,86,PerformerOf
90,86,PerformerOf
90,8553,PerformerOf
90,14859,PerformerOf
93,92,PerformerOf
93,11746,PerformerOf
94,92,PerformerOf
95,92,PerformerOf
97,92,PerformerOf
98,92,PerformerOf
98,11746,PerformerOf
99,92,PerformerOf
99,4253,PerformerOf
99,6268,PerformerOf
99,7177,PerformerOf
99,8292,PerformerOf
99,13062,PerformerOf
99,14156,PerformerOf
103,5427,PerformerOf
104,102,PerformerOf
107,106,PerformerOf
107,6588,PerformerOf
107,15309,PerformerOf
108,15275,PerformerOf
108,106,PerformerOf
108,6588,PerformerOf
108,15443,PerformerOf
109,6588,PerformerOf
109,7861,PerformerOf
109,13582,PerformerOf
109,15443,PerformerOf
113,8650,PerformerOf
114,8773,PerformerOf
115,112,PerformerOf
115,1791,PerformerOf
115,8650,PerformerOf
115,8773,PerformerOf
115,12025,PerformerOf
115,14045,PerformerOf
115,14566,PerformerOf
115,16580,PerformerOf
116,112,PerformerOf
122,121,PerformerOf
123,121,PerformerOf
124,121,PerformerOf
125,121,PerformerOf
126,13254,PerformerOf
126,121,PerformerOf
131,128,PerformerOf
132,128,PerformerOf
134,128,PerformerOf
135,128,PerformerOf
136,128,PerformerOf
140,139,PerformerOf
141,139,PerformerOf
141,4781,PerformerOf
141,6216,PerformerOf
141,9473,PerformerOf
141,10366,PerformerOf
141,14527,PerformerOf
142,6397,PerformerOf
142,6812,PerformerOf
142,14023,PerformerOf
145,1024,PerformerOf
145,1242,PerformerOf
145,1545,PerformerOf
145,9948,PerformerOf
147,144,PerformerOf
147,1626,PerformerOf
147,12009,PerformerOf
149,148,PerformerOf
149,5265,PerformerOf
149,12346,PerformerOf
149,13465,PerformerOf
150,148,PerformerOf
150,5265,PerformerOf
150,6227,PerformerOf
150,12346,PerformerOf
150,13430,PerformerOf
150,13465,PerformerOf
150,16269,PerformerOf
151,148,PerformerOf
151,5265,PerformerOf
151,6227,PerformerOf
151,8013,PerformerOf
151,8872,PerformerOf
151,10651,PerformerOf
151,12346,PerformerOf
151,14980,PerformerOf
151,16269,PerformerOf
156,8675,PerformerOf
157,155,PerformerOf
158,155,PerformerOf
158,8675,PerformerOf
159,155,PerformerOf
160,155,PerformerOf
160,13423,PerformerOf
161,155,PerformerOf
161,8675,PerformerOf
162,155,PerformerOf
162,5307,PerformerOf
162,9051,PerformerOf
163,155,PerformerOf
163,1738,PerformerOf
163,5687,PerformerOf
163,6476,PerformerOf
163,8283,PerformerOf
163,9267,PerformerOf
163,9759,PerformerOf
163,9829,PerformerOf
163,12547,PerformerOf
163,13640,PerformerOf
163,15772,PerformerOf
170,169,PerformerOf
170,12478,PerformerOf
171,169,PerformerOf
172,169,PerformerOf
172,5480,PerformerOf
172,6797,PerformerOf
172,9534,PerformerOf
172,10574,PerformerOf
172,11467,PerformerOf
172,13720,PerformerOf
172,14512,PerformerOf
172,16371,PerformerOf
177,176,PerformerOf
178,6286,PerformerOf
178,7918,PerformerOf
179,176,PerformerOf
180,176,PerformerOf
183,182,PerformerOf
185,182,PerformerOf
188,187,PerformerOf
189,15199,PerformerOf
190,187,PerformerOf
190,344,PerformerOf
190,10183,PerformerOf
190,11256,PerformerOf
190,13220,PerformerOf
190,13821,PerformerOf
190,15199,PerformerOf
193,192,PerformerOf
194,16670,PerformerOf
197,15206,PerformerOf
198,196,PerformerOf
199,196,PerformerOf
201,200,PerformerOf
202,200,PerformerOf
202,16200,PerformerOf
203,200,PerformerOf
204,200,PerformerOf
205,200,PerformerOf
206,200,PerformerOf
207,2709,PerformerOf
207,7611,PerformerOf
207,7897,PerformerOf
211,210,PerformerOf
212,210,PerformerOf
214,210,PerformerOf
215,210,PerformerOf
217,216,PerformerOf
217,4069,PerformerOf
217,11179,PerformerOf
217,12494,PerformerOf
220,219,PerformerOf
220,9815,PerformerOf
221,219,PerformerOf
221,8750,PerformerOf
222,219,PerformerOf
222,8750,PerformerOf
222,9815,PerformerOf
222,15582,PerformerOf
223,15248,PerformerOf
223,219,PerformerOf
223,8750,PerformerOf
223,9815,PerformerOf
223,10133,PerformerOf
223,13956,PerformerOf
223,14295,PerformerOf
223,15582,PerformerOf
226,9483,PerformerOf
226,11819,PerformerOf
227,225,PerformerOf
229,225,PerformerOf
230,225,PerformerOf
234,233,PerformerOf
234,10246,PerformerOf
234,15383,PerformerOf
235,233,PerformerOf
235,2299,PerformerOf
235,5218,PerformerOf
235,6575,PerformerOf
235,10246,PerformerOf
235,15143,PerformerOf
235,15383,PerformerOf
236,233,PerformerOf
236,4498,PerformerOf
236,5254,PerformerOf
236,5310,PerformerOf
236,5425,PerformerOf
236,6575,PerformerOf
236,10246,PerformerOf
236,14379,PerformerOf
236,15383,PerformerOf
240,239,PerformerOf
241,239,PerformerOf
241,1120,PerformerOf
242,239,PerformerOf
242,1120,PerformerOf
250,249,PerformerOf
250,1955,PerformerOf
250,2026,PerformerOf
250,2615,PerformerOf
250,5871,PerformerOf
250,11520,PerformerOf
250,14588,PerformerOf
250,15847,PerformerOf
251,11520,PerformerOf
252,249,PerformerOf
252,11520,PerformerOf
253,249,PerformerOf
253,11520,PerformerOf
254,249,PerformerOf
254,11520,PerformerOf
261,258,PerformerOf
265,264,PerformerOf
266,264,PerformerOf
266,3795,PerformerOf
267,264,PerformerOf
267,3795,PerformerOf
267,7920,PerformerOf
267,15032,PerformerOf
268,264,PerformerOf
268,3795,PerformerOf
269,264,PerformerOf
269,15084,PerformerOf
273,272,PerformerOf
273,1874,PerformerOf
274,272,PerformerOf
274,12759,PerformerOf
276,12759,PerformerOf
280,279,PerformerOf
281,279,PerformerOf
284,283,PerformerOf
287,283,PerformerOf
288,283,PerformerOf
289,283,PerformerOf
293,292,PerformerOf
294,292,PerformerOf
295,292,PerformerOf
296,292,PerformerOf
296,5356,PerformerOf
296,11377,PerformerOf
299,298,PerformerOf
299,14537,PerformerOf
300,298,PerformerOf
300,1813,PerformerOf
300,2486,PerformerOf
300,14537,PerformerOf
301,298,PerformerOf
302,298,PerformerOf
302,1813,PerformerOf
302,4415,PerformerOf
302,9200,PerformerOf
302,11256,PerformerOf
302,14537,PerformerOf
303,298,PerformerOf
303,3323,PerformerOf
303,6168,PerformerOf
303,6762,PerformerOf
303,9200,PerformerOf
303,9713,PerformerOf
303,12823,PerformerOf
303,14537,PerformerOf
304,298,PerformerOf
304,1125,PerformerOf
304,1495,PerformerOf
304,2486,PerformerOf
304,4652,PerformerOf
304,7250,PerformerOf
304,10666,PerformerOf
304,12425,PerformerOf
304,14537,PerformerOf
305,298,PerformerOf
305,1779,PerformerOf
305,3593,PerformerOf
305,6762,PerformerOf
305,11256,PerformerOf
305,12858,PerformerOf
305,14707,PerformerOf
305,16084,PerformerOf
309,308,PerformerOf
313,312,PerformerOf
314,312,PerformerOf
314,6474,PerformerOf
314,7484,PerformerOf
314,13724,PerformerOf
314,16510,PerformerOf
315,312,PerformerOf
316,312,PerformerOf
316,6474,PerformerOf
316,8624,PerformerOf
316,16510,PerformerOf
317,821,PerformerOf
317,2863,PerformerOf
317,4777,PerformerOf
317,7484,PerformerOf
317,7838,PerformerOf
317,13724,PerformerOf
322,321,PerformerOf
323,321,PerformerOf
324,321,PerformerOf
325,321,PerformerOf
326,321,PerformerOf
330,329,PerformerOf
330,4186,PerformerOf
331,329,PerformerOf
332,329,PerformerOf
332,4186,PerformerOf
332,6329,PerformerOf
332,14851,PerformerOf
333,329,PerformerOf
334,329,PerformerOf
334,9817,PerformerOf
334,10520,PerformerOf
334,11352,PerformerOf
341,339,PerformerOf
341,15104,PerformerOf
345,344,PerformerOf
346,344,PerformerOf
347,344,PerformerOf
347,10183,PerformerOf
347,15199,PerformerOf
350,349,PerformerOf
351,349,PerformerOf
352,349,PerformerOf
353,349,PerformerOf
355,349,PerformerOf
355,673,PerformerOf
355,901,PerformerOf
355,6051,PerformerOf
355,9230,PerformerOf
355,11736,PerformerOf
355,14293,PerformerOf
355,14333,PerformerOf
356,349,PerformerOf
359,358,PerformerOf
360,358,PerformerOf
360,13658,PerformerOf
361,358,PerformerOf
361,13658,PerformerOf
362,358,PerformerOf
362,13658,PerformerOf
366,365,PerformerOf
367,365,PerformerOf
368,9893,PerformerOf
369,365,PerformerOf
369,9893,PerformerOf
372,371,PerformerOf
372,10426,PerformerOf
372,13396,PerformerOf
373,371,PerformerOf
374,371,PerformerOf
377,376,PerformerOf
378,376,PerformerOf
378,15971,PerformerOf
379,376,PerformerOf
380,376,PerformerOf
380,15971,PerformerOf
383,382,PerformerOf
384,382,PerformerOf
385,382,PerformerOf
386,382,PerformerOf
388,382,PerformerOf
388,9308,PerformerOf
392,391,PerformerOf
396,395,PerformerOf
397,395,PerformerOf
397,11432,PerformerOf
397,13804,PerformerOf
398,395,PerformerOf
403,402,PerformerOf
404,543,PerformerOf
405,13149,PerformerOf
405,402,PerformerOf
405,543,PerformerOf
405,1447,PerformerOf
405,2445,PerformerOf
405,2576,PerformerOf
405,2647,PerformerOf
405,2956,PerformerOf
405,3519,PerformerOf
405,3908,PerformerOf
405,5059,PerformerOf
405,6541,PerformerOf
405,7310,PerformerOf
405,8215,PerformerOf
405,12410,PerformerOf
405,13558,PerformerOf
408,407,PerformerOf
410,7652,PerformerOf
414,413,PerformerOf
415,1170,PerformerOf
415,6315,PerformerOf
421,419,PerformerOf
424,423,PerformerOf
424,6262,PerformerOf
425,8476,PerformerOf
425,423,PerformerOf
425,4250,PerformerOf
426,423,PerformerOf
427,423,PerformerOf
432,431,PerformerOf
433,431,PerformerOf
433,13140,PerformerOf
434,14446,PerformerOf
435,2424,PerformerOf
435,12205,PerformerOf
436,431,PerformerOf
439,438,PerformerOf
440,438,PerformerOf
440,3087,PerformerOf
440,8231,PerformerOf
440,13721,PerformerOf
440,15515,PerformerOf
441,3087,PerformerOf
441,8231,PerformerOf
441,13721,PerformerOf
441,15515,PerformerOf
442,438,PerformerOf
442,3087,PerformerOf
443,438,PerformerOf
443,3087,PerformerOf
443,8231,PerformerOf
443,13721,PerformerOf
443,15515,PerformerOf
446,445,PerformerOf
450,5283,PerformerOf
450,14887,PerformerOf
451,449,PerformerOf
451,5283,PerformerOf
451,13304,PerformerOf
455,454,PerformerOf
455,6899,PerformerOf
455,15242,PerformerOf
455,15402,PerformerOf
455,15855,PerformerOf
456,454,PerformerOf
456,8282,PerformerOf
457,454,PerformerOf
457,764,PerformerOf
457,933,PerformerOf
457,6899,PerformerOf
457,15402,PerformerOf
457,15855,PerformerOf
462,461,PerformerOf
465,461,PerformerOf
468,467,PerformerOf
469,467,PerformerOf
471,467,PerformerOf
475,473,PerformerOf
476,473,PerformerOf
480,13228,PerformerOf
480,478,PerformerOf
483,482,PerformerOf
483,15212,PerformerOf
484,482,PerformerOf
487,1544,PerformerOf
487,485,PerformerOf
492,491,PerformerOf
493,491,PerformerOf
495,491,PerformerOf
495,15512,PerformerOf
498,497,PerformerOf
499,497,PerformerOf
500,497,PerformerOf
501,497,PerformerOf
505,504,PerformerOf
506,504,PerformerOf
508,504,PerformerOf
508,15192,PerformerOf
511,510,PerformerOf
511,13625,PerformerOf
512,510,PerformerOf
513,510,PerformerOf
517,516,PerformerOf
521,520,PerformerOf
522,520,PerformerOf
523,520,PerformerOf
526,525,PerformerOf
526,6020,PerformerOf
528,525,PerformerOf
529,525,PerformerOf
529,6020,PerformerOf
529,7195,PerformerOf
535,533,PerformerOf
536,533,PerformerOf
537,533,PerformerOf
540,533,PerformerOf
540,2761,PerformerOf
540,3688,PerformerOf
540,12719,PerformerOf
544,543,PerformerOf
545,543,PerformerOf
545,2647,PerformerOf
545,5059,PerformerOf
545,5131,PerformerOf
546,543,PerformerOf
546,2647,PerformerOf
546,5059,PerformerOf
546,5131,PerformerOf
547,543,PerformerOf
547,2647,PerformerOf
547,4847,PerformerOf
551,550,PerformerOf
551,9061,PerformerOf
551,14038,PerformerOf
551,16528,PerformerOf
551,2331,PerformerOf
551,2927,PerformerOf
551,2942,PerformerOf
551,3449,PerformerOf
551,7958,PerformerOf
551,8035,PerformerOf
551,8899,PerformerOf
551,9299,PerformerOf
551,10194,PerformerOf
551,10279,PerformerOf
551,10812,PerformerOf
551,11159,PerformerOf
551,11172,PerformerOf
551,14481,PerformerOf
551,14510,PerformerOf
551,15131,PerformerOf
555,553,PerformerOf
559,558,PerformerOf
559,5526,PerformerOf
560,6250,PerformerOf
561,558,PerformerOf
561,5526,PerformerOf
561,6250,PerformerOf
562,558,PerformerOf
562,5526,PerformerOf
562,6250,PerformerOf
564,563,PerformerOf
564,3064,PerformerOf
564,9204,PerformerOf
565,9204,PerformerOf
565,13687,PerformerOf
566,563,PerformerOf
566,839,PerformerOf
566,3064,PerformerOf
566,4933,PerformerOf
566,9204,PerformerOf
567,563,PerformerOf
567,3064,PerformerOf
567,9204,PerformerOf
570,16100,PerformerOf
571,569,PerformerOf
571,13287,PerformerOf
571,15061,PerformerOf
572,569,PerformerOf
573,569,PerformerOf
573,16100,PerformerOf
578,577,PerformerOf
579,577,PerformerOf
582,581,PerformerOf
583,581,PerformerOf
583,12497,PerformerOf
586,585,PerformerOf
587,585,PerformerOf
588,585,PerformerOf
591,590,PerformerOf
592,590,PerformerOf
592,2424,PerformerOf
592,8599,PerformerOf
592,11780,PerformerOf
592,12393,PerformerOf
593,8892,PerformerOf
593,10111,PerformerOf
593,13332,PerformerOf
594,2424,PerformerOf
594,3879,PerformerOf
594,4607,PerformerOf
594,12393,PerformerOf
594,12578,PerformerOf
595,12393,PerformerOf
598,597,PerformerOf
598,5837,PerformerOf
602,600,PerformerOf
603,600,PerformerOf
604,600,PerformerOf
605,600,PerformerOf
606,600,PerformerOf
607,600,PerformerOf
612,611,PerformerOf
612,7567,PerformerOf
612,16313,PerformerOf
613,611,PerformerOf
614,611,PerformerOf
614,7567,PerformerOf
614,10726,PerformerOf
615,611,PerformerOf
615,10726,PerformerOf
617,611,PerformerOf
617,933,PerformerOf
617,2555,PerformerOf
617,4666,PerformerOf
617,6368,PerformerOf
617,7295,PerformerOf
617,9729,PerformerOf
617,10632,PerformerOf
617,10726,PerformerOf
617,14557,PerformerOf
617,15089,PerformerOf
622,621,PerformerOf
622,5113,PerformerOf
622,6106,PerformerOf
626,625,PerformerOf
627,625,PerformerOf
627,15420,PerformerOf
627,15703,PerformerOf
628,625,PerformerOf
628,15323,PerformerOf
628,15420,PerformerOf
628,15703,PerformerOf
629,15420,PerformerOf
633,632,PerformerOf
633,3267,PerformerOf
633,6778,PerformerOf
633,10045,PerformerOf
633,10309,PerformerOf
633,12013,PerformerOf
634,10045,PerformerOf
639,636,PerformerOf
639,8029,PerformerOf
643,642,PerformerOf
644,642,PerformerOf
644,10499,PerformerOf
646,642,PerformerOf
647,642,PerformerOf
647,13276,PerformerOf
647,15555,PerformerOf
648,642,PerformerOf
648,8587,PerformerOf
648,11465,PerformerOf
649,642,PerformerOf
649,9406,PerformerOf
649,11780,PerformerOf
654,653,PerformerOf
654,9378,PerformerOf
654,11420,PerformerOf
655,653,PerformerOf
655,9378,PerformerOf
656,653,PerformerOf
656,9378,PerformerOf
656,12759,PerformerOf
657,653,PerformerOf
657,9378,PerformerOf
657,11495,PerformerOf
658,653,PerformerOf
658,11284,PerformerOf
659,653,PerformerOf
660,11420,PerformerOf
663,662,PerformerOf
664,662,PerformerOf
665,662,PerformerOf
666,662,PerformerOf
667,662,PerformerOf
668,662,PerformerOf
674,673,PerformerOf
674,9230,PerformerOf
675,673,PerformerOf
676,9230,PerformerOf
676,11736,PerformerOf
676,14333,PerformerOf
677,9230,PerformerOf
678,6051,PerformerOf
678,9230,PerformerOf
678,11736,PerformerOf
678,15333,PerformerOf
679,673,PerformerOf
679,13381,PerformerOf
680,673,PerformerOf
680,6100,PerformerOf
684,683,PerformerOf
685,683,PerformerOf
685,13786,PerformerOf
686,5216,PerformerOf
687,683,PerformerOf
691,690,PerformerOf
691,1135,PerformerOf
692,690,PerformerOf
696,2303,PerformerOf
696,10120,PerformerOf
697,695,PerformerOf
697,4357,PerformerOf
697,5407,PerformerOf
697,6158,PerformerOf
697,6864,PerformerOf
697,7325,PerformerOf
697,7842,PerformerOf
697,10120,PerformerOf
697,11244,PerformerOf
697,11273,PerformerOf
697,11299,PerformerOf
697,12793,PerformerOf
700,699,PerformerOf
702,699,PerformerOf
702,3850,PerformerOf
702,10642,PerformerOf
702,12173,PerformerOf
702,13957,PerformerOf
703,15708,PerformerOf
703,699,PerformerOf
703,3850,PerformerOf
706,705,PerformerOf
707,705,PerformerOf
707,7531,PerformerOf
707,13523,PerformerOf
708,8509,PerformerOf
708,12162,PerformerOf
709,705,PerformerOf
709,8509,PerformerOf
714,713,PerformerOf
714,2413,PerformerOf
715,2413,PerformerOf
716,713,PerformerOf
716,2413,PerformerOf
717,713,PerformerOf
717,2413,PerformerOf
718,713,PerformerOf
718,2413,PerformerOf
721,720,PerformerOf
723,720,PerformerOf
724,720,PerformerOf
726,720,PerformerOf
732,13503,PerformerOf
733,731,PerformerOf
738,736,PerformerOf
739,736,PerformerOf
740,736,PerformerOf
741,736,PerformerOf
742,736,PerformerOf
748,746,PerformerOf
752,750,PerformerOf
752,15732,PerformerOf
753,1310,PerformerOf
753,1326,PerformerOf
753,5660,PerformerOf
753,8820,PerformerOf
753,13623,PerformerOf
753,16584,PerformerOf
754,750,PerformerOf
754,14272,PerformerOf
754,15732,PerformerOf
758,757,PerformerOf
759,757,PerformerOf
760,757,PerformerOf
761,757,PerformerOf
762,757,PerformerOf
767,766,PerformerOf
767,13603,PerformerOf
768,16512,PerformerOf
769,766,PerformerOf
769,5981,PerformerOf
769,10532,PerformerOf
769,13603,PerformerOf
769,13734,PerformerOf
769,16512,PerformerOf
770,766,PerformerOf
771,766,PerformerOf
774,773,PerformerOf
775,773,PerformerOf
776,773,PerformerOf
777,773,PerformerOf
777,2887,PerformerOf
778,773,PerformerOf
779,773,PerformerOf
779,1236,PerformerOf
779,4415,PerformerOf
779,5519,PerformerOf
779,10457,PerformerOf
779,11256,PerformerOf
779,15198,PerformerOf
782,781,PerformerOf
783,781,PerformerOf
784,781,PerformerOf
789,787,PerformerOf
790,787,PerformerOf
791,787,PerformerOf
791,1145,PerformerOf
794,787,PerformerOf
800,799,PerformerOf
801,799,PerformerOf
801,6344,PerformerOf
801,14921,PerformerOf
803,802,PerformerOf
803,7189,PerformerOf
807,12091,PerformerOf
808,806,PerformerOf
808,8832,PerformerOf
808,12933,PerformerOf
811,810,PerformerOf
812,810,PerformerOf
812,3451,PerformerOf
813,14896,PerformerOf
815,810,PerformerOf
815,3451,PerformerOf
816,810,PerformerOf
816,3451,PerformerOf
817,810,PerformerOf
817,3451,PerformerOf
817,10754,PerformerOf
818,810,PerformerOf
819,810,PerformerOf
819,10309,PerformerOf
820,810,PerformerOf
820,3451,PerformerOf
822,821,PerformerOf
823,821,PerformerOf
823,13724,PerformerOf
825,821,PerformerOf
825,2863,PerformerOf
828,827,PerformerOf
828,8211,PerformerOf
829,10192,PerformerOf
829,11859,PerformerOf
829,12489,PerformerOf
831,830,PerformerOf
834,833,PerformerOf
835,833,PerformerOf
835,11635,PerformerOf
835,13994,PerformerOf
835,16333,PerformerOf
836,833,PerformerOf
840,839,PerformerOf
841,839,PerformerOf
843,842,PerformerOf
844,842,PerformerOf
844,11256,PerformerOf
844,11339,PerformerOf
844,13821,PerformerOf
844,15199,PerformerOf
845,842,PerformerOf
845,6358,PerformerOf
847,846,PerformerOf
849,846,PerformerOf
850,846,PerformerOf
850,1779,PerformerOf
850,5310,PerformerOf
850,8954,PerformerOf
850,15143,PerformerOf
853,852,PerformerOf
854,852,PerformerOf
856,852,PerformerOf
857,852,PerformerOf
858,852,PerformerOf
859,852,PerformerOf
860,852,PerformerOf
861,852,PerformerOf
862,852,PerformerOf
863,852,PerformerOf
863,7748,PerformerOf
864,852,PerformerOf
867,866,PerformerOf
868,866,PerformerOf
869,6777,PerformerOf
870,866,PerformerOf
870,13973,PerformerOf
872,871,PerformerOf
872,13615,PerformerOf
873,7517,PerformerOf
873,11230,PerformerOf
874,871,PerformerOf
877,11527,PerformerOf
877,15771,PerformerOf
878,876,PerformerOf
878,2167,PerformerOf
878,4006,PerformerOf
878,5911,PerformerOf
878,6337,PerformerOf
878,8200,PerformerOf
878,8680,PerformerOf
878,13985,PerformerOf
881,880,PerformerOf
882,7005,PerformerOf
882,7325,PerformerOf
882,7424,PerformerOf
882,11514,PerformerOf
882,12793,PerformerOf
883,880,PerformerOf
883,7005,PerformerOf
883,7325,PerformerOf
883,7424,PerformerOf
883,11404,PerformerOf
883,11514,PerformerOf
883,12793,PerformerOf
887,886,PerformerOf
888,886,PerformerOf
889,886,PerformerOf
889,6697,PerformerOf
890,886,PerformerOf
890,2102,PerformerOf
891,886,PerformerOf
891,3118,PerformerOf
891,9803,PerformerOf
893,892,PerformerOf
894,892,PerformerOf
895,892,PerformerOf
896,892,PerformerOf
897,892,PerformerOf
897,3355,PerformerOf
897,4770,PerformerOf
897,8366,PerformerOf
897,15318,PerformerOf
898,892,PerformerOf
902,901,PerformerOf
903,901,PerformerOf
904,901,PerformerOf
904,11985,PerformerOf
905,6289,PerformerOf
907,906,PerformerOf
908,906,PerformerOf
909,906,PerformerOf
909,1841,PerformerOf
909,10662,PerformerOf
914,912,PerformerOf
915,912,PerformerOf
918,917,PerformerOf
919,917,PerformerOf
919,14097,PerformerOf
923,922,PerformerOf
926,925,PerformerOf
927,925,PerformerOf
928,925,PerformerOf
934,933,PerformerOf
934,2267,PerformerOf
934,3881,PerformerOf
934,5540,PerformerOf
934,6368,PerformerOf
934,12009,PerformerOf
935,933,PerformerOf
936,933,PerformerOf
936,2906,PerformerOf
936,3823,PerformerOf
936,15089,PerformerOf
937,933,PerformerOf
937,15032,PerformerOf
941,940,PerformerOf
941,13310,PerformerOf
941,14134,PerformerOf
943,940,PerformerOf
943,5928,PerformerOf
943,14134,PerformerOf
946,945,PerformerOf
946,10404,PerformerOf
947,945,PerformerOf
948,945,PerformerOf
948,10404,PerformerOf
949,945,PerformerOf
952,951,PerformerOf
953,951,PerformerOf
954,951,PerformerOf
955,951,PerformerOf
956,951,PerformerOf
957,951,PerformerOf
958,951,PerformerOf
959,951,PerformerOf
959,4770,PerformerOf
959,6235,PerformerOf
959,7441,PerformerOf
959,15464,PerformerOf
960,951,PerformerOf
964,962,PerformerOf
965,962,PerformerOf
967,12373,PerformerOf
967,14944,PerformerOf
968,966,PerformerOf
968,12373,PerformerOf
968,14944,PerformerOf
968,16670,PerformerOf
972,12534,PerformerOf
972,13707,PerformerOf
972,970,PerformerOf
972,6386,PerformerOf
975,974,PerformerOf
977,974,PerformerOf
977,5711,PerformerOf
981,980,PerformerOf
982,980,PerformerOf
984,9385,PerformerOf
987,11740,PerformerOf
987,13523,PerformerOf
989,988,PerformerOf
990,988,PerformerOf
990,13620,PerformerOf
991,988,PerformerOf
992,988,PerformerOf
996,995,PerformerOf
1000,999,PerformerOf
1001,999,PerformerOf
1002,999,PerformerOf
1002,15007,PerformerOf
1004,999,PerformerOf
1005,999,PerformerOf
1005,6556,PerformerOf
1008,1007,PerformerOf
1010,1007,PerformerOf
1013,1012,PerformerOf
1013,5392,PerformerOf
1019,1018,PerformerOf
1020,1018,PerformerOf
1021,3512,PerformerOf
1021,5455,PerformerOf
1021,13361,PerformerOf
1025,1024,PerformerOf
1025,1242,PerformerOf
1026,1024,PerformerOf
1026,1242,PerformerOf
1027,1024,PerformerOf
1027,1242,PerformerOf
1028,1024,PerformerOf
1028,1242,PerformerOf
1029,1024,PerformerOf
1029,1242,PerformerOf
1030,1024,PerformerOf
1030,1242,PerformerOf
1034,1033,PerformerOf
1035,1033,PerformerOf
1036,1033,PerformerOf
1036,3402,PerformerOf
1037,1033,PerformerOf
1038,1033,PerformerOf
1039,1033,PerformerOf
1040,1033,PerformerOf
1040,3402,PerformerOf
1041,1033,PerformerOf
1042,1033,PerformerOf
1042,3402,PerformerOf
1043,1033,PerformerOf
1044,1033,PerformerOf
1044,3402,PerformerOf
1045,1033,PerformerOf
1046,1033,PerformerOf
1047,1033,PerformerOf
1052,1051,PerformerOf
1052,3727,PerformerOf
1052,6587,PerformerOf
1053,1051,PerformerOf
1053,3727,PerformerOf
1053,6587,PerformerOf
1058,1057,PerformerOf
1059,1057,PerformerOf
1061,1057,PerformerOf
1063,1062,PerformerOf
1064,1062,PerformerOf
1064,4436,PerformerOf
1064,13648,PerformerOf
1065,1062,PerformerOf
1066,1062,PerformerOf
1066,8243,PerformerOf
1066,11014,PerformerOf
1066,16274,PerformerOf
1071,1069,PerformerOf
1072,1069,PerformerOf
1073,1069,PerformerOf
1073,13260,PerformerOf
1074,5452,PerformerOf
1074,5882,PerformerOf
1074,6004,PerformerOf
1074,6177,PerformerOf
1074,10861,PerformerOf
1074,14146,PerformerOf
1074,14293,PerformerOf
1074,16292,PerformerOf
1074,16620,PerformerOf
1079,1076,PerformerOf
1079,5181,PerformerOf
1079,6006,PerformerOf
1081,1080,PerformerOf
1081,2402,PerformerOf
1082,1080,PerformerOf
1083,1080,PerformerOf
1083,2402,PerformerOf
1084,1080,PerformerOf
1084,2402,PerformerOf
1084,4650,PerformerOf
1084,8602,PerformerOf
1085,1080,PerformerOf
1085,2402,PerformerOf
1085,3355,PerformerOf
1085,8366,PerformerOf
1085,12429,PerformerOf
1085,16019,PerformerOf
1085,16175,PerformerOf
1086,1080,PerformerOf
1086,4650,PerformerOf
1086,8602,PerformerOf
1086,12429,PerformerOf
1086,15632,PerformerOf
1089,1088,PerformerOf
1089,12066,PerformerOf
1090,1088,PerformerOf
1090,12066,PerformerOf
1093,10505,PerformerOf
1093,14589,PerformerOf
1094,1091,PerformerOf
1094,10505,PerformerOf
1098,3626,PerformerOf
1098,5109,PerformerOf
1098,5232,PerformerOf
1098,11240,PerformerOf
1098,11449,PerformerOf
1098,16327,PerformerOf
1098,5994,PerformerOf
1098,7194,PerformerOf
1098,7311,PerformerOf
1098,10294,PerformerOf
1098,11936,PerformerOf
1098,13557,PerformerOf
1098,15496,PerformerOf
1098,16297,PerformerOf
1099,1096,PerformerOf
1099,6989,PerformerOf
1099,10294,PerformerOf
1099,16297,PerformerOf
1102,1101,PerformerOf
1102,2615,PerformerOf
1103,7568,PerformerOf
1103,8731,PerformerOf
1103,12375,PerformerOf
1103,13487,PerformerOf
1107,1106,PerformerOf
1108,1106,PerformerOf
1109,1106,PerformerOf
1114,14264,PerformerOf
1115,1113,PerformerOf
1115,14264,PerformerOf
1118,1117,PerformerOf
1118,12997,PerformerOf
1118,14376,PerformerOf
1123,1121,PerformerOf
1126,1125,PerformerOf
1127,1125,PerformerOf
1128,1125,PerformerOf
1128,7450,PerformerOf
1131,1130,PerformerOf
1131,11813,PerformerOf
1132,1130,PerformerOf
1137,11023,PerformerOf
1138,11023,PerformerOf
1139,1136,PerformerOf
1139,2030,PerformerOf
1141,1140,PerformerOf
1141,14439,PerformerOf
1141,14883,PerformerOf
1142,14439,PerformerOf
1143,1140,PerformerOf
1143,14439,PerformerOf
1143,14883,PerformerOf
1146,1145,PerformerOf
1147,1145,PerformerOf
1147,11230,PerformerOf
1148,1145,PerformerOf
1149,1145,PerformerOf
1150,1145,PerformerOf
1151,1145,PerformerOf
1152,6064,PerformerOf
1152,1145,PerformerOf
1153,1145,PerformerOf
1154,1145,PerformerOf
1157,1156,PerformerOf
1158,1156,PerformerOf
1159,1156,PerformerOf
1160,12650,PerformerOf
1163,1162,PerformerOf
1164,1162,PerformerOf
1165,1162,PerformerOf
1166,1162,PerformerOf
1167,1162,PerformerOf
1171,1170,PerformerOf
1171,14705,PerformerOf
1173,1172,PerformerOf
1174,1172,PerformerOf
1175,1172,PerformerOf
1175,14781,PerformerOf
1176,1172,PerformerOf
1176,14781,PerformerOf
1179,1177,PerformerOf
1180,1177,PerformerOf
1180,1435,PerformerOf
1180,3520,PerformerOf
1180,9214,PerformerOf
1180,12816,PerformerOf
1181,1177,PerformerOf
1182,1177,PerformerOf
1182,1435,PerformerOf
1182,3520,PerformerOf
1182,9214,PerformerOf
1182,12816,PerformerOf
1188,1185,PerformerOf
1192,4624,PerformerOf
1193,1190,PerformerOf
1193,4624,PerformerOf
1196,1195,PerformerOf
1196,1759,PerformerOf
1197,1195,PerformerOf
1197,2701,PerformerOf
1197,9014,PerformerOf
1197,10641,PerformerOf
1198,1195,PerformerOf
1198,2701,PerformerOf
1198,9014,PerformerOf
1198,10641,PerformerOf
1198,16122,PerformerOf
1198,16466,PerformerOf
1199,1195,PerformerOf
1199,5680,PerformerOf
1200,1195,PerformerOf
1200,2701,PerformerOf
1200,9014,PerformerOf
1200,10641,PerformerOf
1200,13768,PerformerOf
1200,16122,PerformerOf
1201,2030,PerformerOf
1201,3457,PerformerOf
1201,5096,PerformerOf
1201,5777,PerformerOf
1201,13574,PerformerOf
1201,16122,PerformerOf
1202,1195,PerformerOf
1202,9014,PerformerOf
1202,10641,PerformerOf
1202,13768,PerformerOf
1202,16122,PerformerOf
1202,16466,PerformerOf
1206,1205,PerformerOf
1210,1208,PerformerOf
1211,1208,PerformerOf
1211,9919,PerformerOf
1214,2182,PerformerOf
1215,1213,PerformerOf
1218,1217,PerformerOf
1219,1217,PerformerOf
1219,3411,PerformerOf
1219,4123,PerformerOf
1219,5882,PerformerOf
1219,9414,PerformerOf
1219,9966,PerformerOf
1219,12199,PerformerOf
1219,14606,PerformerOf
1219,15500,PerformerOf
1220,3411,PerformerOf
1220,7851,PerformerOf
1220,10839,PerformerOf
1220,14024,PerformerOf
1220,14606,PerformerOf
1222,1221,PerformerOf
1222,4151,PerformerOf
1223,1221,PerformerOf
1223,2093,PerformerOf
1223,10982,PerformerOf
1223,14082,PerformerOf
1224,1221,PerformerOf
1225,1221,PerformerOf
1227,1221,PerformerOf
1227,6061,PerformerOf
1227,9657,PerformerOf
1227,10694,PerformerOf
1227,11078,PerformerOf
1227,12322,PerformerOf
1227,12865,PerformerOf
1227,15662,PerformerOf
1232,1229,PerformerOf
1233,1229,PerformerOf
1233,5396,PerformerOf
1237,1236,PerformerOf
1238,1236,PerformerOf
1238,1738,PerformerOf
1238,4788,PerformerOf
1238,7140,PerformerOf
1238,9829,PerformerOf
1238,12547,PerformerOf
1238,13640,PerformerOf
1238,15772,PerformerOf
1238,16396,PerformerOf
1239,1236,PerformerOf
1240,1236,PerformerOf
1241,1236,PerformerOf
1241,2369,PerformerOf
1241,4814,PerformerOf
1241,6521,PerformerOf
1241,13528,PerformerOf
1241,15772,PerformerOf
1246,1244,PerformerOf
1248,1244,PerformerOf
1250,1249,PerformerOf
1250,6454,PerformerOf
1250,8331,PerformerOf
1250,11115,PerformerOf
1250,12382,PerformerOf
1251,1249,PerformerOf
1251,1539,PerformerOf
1251,8445,PerformerOf
1251,9371,PerformerOf
1251,9411,PerformerOf
1251,12382,PerformerOf
1251,13680,PerformerOf
1251,14066,PerformerOf
1251,16631,PerformerOf
1252,7099,PerformerOf
1252,1249,PerformerOf
1252,8331,PerformerOf
1252,9371,PerformerOf
1252,9411,PerformerOf
1252,15838,PerformerOf
1255,1253,PerformerOf
1255,15394,PerformerOf
1258,1256,PerformerOf
1260,1259,PerformerOf
1261,5119,PerformerOf
1261,16719,PerformerOf
1262,1259,PerformerOf
1263,1259,PerformerOf
1263,5119,PerformerOf
1263,16719,PerformerOf
1266,1265,PerformerOf
1267,1265,PerformerOf
1270,1269,PerformerOf
1270,13202,PerformerOf
1271,1269,PerformerOf
1272,1269,PerformerOf
1272,11568,PerformerOf
1273,1269,PerformerOf
1273,13142,PerformerOf
1273,13202,PerformerOf
1274,1269,PerformerOf
1274,11568,PerformerOf
1275,5394,PerformerOf
1275,6497,PerformerOf
1275,11568,PerformerOf
1275,13142,PerformerOf
1275,13202,PerformerOf
1275,14389,PerformerOf
1275,15108,PerformerOf
1275,15776,PerformerOf
1276,1269,PerformerOf
1276,3986,PerformerOf
1276,6177,PerformerOf
1276,6272,PerformerOf
1276,6818,PerformerOf
1276,7804,PerformerOf
1276,11538,PerformerOf
1276,11568,PerformerOf
1276,13142,PerformerOf
1277,1269,PerformerOf
1277,1742,PerformerOf
1277,7452,PerformerOf
1277,8251,PerformerOf
1277,12934,PerformerOf
1277,13142,PerformerOf
1277,13249,PerformerOf
1277,14746,PerformerOf
1277,15009,PerformerOf
1280,1279,PerformerOf
1281,1279,PerformerOf
1282,1279,PerformerOf
1283,14640,PerformerOf
1283,16690,PerformerOf
1287,1286,PerformerOf
1288,1286,PerformerOf
1289,1286,PerformerOf
1294,14658,PerformerOf
1294,1772,PerformerOf
1294,2333,PerformerOf
1294,2927,PerformerOf
1294,3349,PerformerOf
1294,4167,PerformerOf
1294,7662,PerformerOf
1294,8095,PerformerOf
1294,9772,PerformerOf
1294,11298,PerformerOf
1294,11368,PerformerOf
1294,12475,PerformerOf
1294,12822,PerformerOf
1294,13654,PerformerOf
1294,13811,PerformerOf
1295,1411,PerformerOf
1295,13933,PerformerOf
1295,1293,PerformerOf
1296,1293,PerformerOf
1299,1298,PerformerOf
1303,1298,PerformerOf
1303,12761,PerformerOf
1304,2851,PerformerOf
1304,1298,PerformerOf
1304,6054,PerformerOf
1304,13516,PerformerOf
1304,14279,PerformerOf
1304,15222,PerformerOf
1304,15369,PerformerOf
1304,16371,PerformerOf
1308,1307,PerformerOf
1311,1310,PerformerOf
1312,1310,PerformerOf
1312,1326,PerformerOf
1312,12089,PerformerOf
1312,13623,PerformerOf
1314,1313,PerformerOf
1316,1313,PerformerOf
1318,1313,PerformerOf
1318,16309,PerformerOf
1322,1320,PerformerOf
1322,14994,PerformerOf
1323,1320,PerformerOf
1324,14994,PerformerOf
1327,1326,PerformerOf
1327,1520,PerformerOf
1327,3094,PerformerOf
1327,5660,PerformerOf
1327,8820,PerformerOf
1327,9237,PerformerOf
1327,14088,PerformerOf
1327,16336,PerformerOf
1327,16584,PerformerOf
1329,1326,PerformerOf
1329,8820,PerformerOf
1330,1326,PerformerOf
1334,1333,PerformerOf
1335,14442,PerformerOf
1335,1333,PerformerOf
1335,6333,PerformerOf
1335,6967,PerformerOf
1335,9754,PerformerOf
1335,10002,PerformerOf
1335,14893,PerformerOf
1335,16584,PerformerOf
1337,1333,PerformerOf
1337,3828,PerformerOf
1337,6293,PerformerOf
1341,1340,PerformerOf
1341,12031,PerformerOf
1341,13258,PerformerOf
1344,1343,PerformerOf
1345,1343,PerformerOf
1346,1343,PerformerOf
1346,2931,PerformerOf
1346,6643,PerformerOf
1346,10159,PerformerOf
1346,10530,PerformerOf
1346,10561,PerformerOf
1346,12034,PerformerOf
1346,12540,PerformerOf
1347,1343,PerformerOf
1347,10159,PerformerOf
1347,10530,PerformerOf
1348,2931,PerformerOf
1348,10159,PerformerOf
1348,10530,PerformerOf
1348,10561,PerformerOf
1353,1350,PerformerOf
1355,1350,PerformerOf
1356,1350,PerformerOf
1359,1358,PerformerOf
1359,2858,PerformerOf
1360,2858,PerformerOf
1361,1358,PerformerOf
1361,2858,PerformerOf
1362,1358,PerformerOf
1362,2858,PerformerOf
1363,1358,PerformerOf
1363,2858,PerformerOf
1365,1364,PerformerOf
1365,9827,PerformerOf
1366,1364,PerformerOf
1367,1364,PerformerOf
1371,1370,PerformerOf
1374,1370,PerformerOf
1376,1375,PerformerOf
1376,7990,PerformerOf
1376,9388,PerformerOf
1377,1375,PerformerOf
1377,9388,PerformerOf
1380,1378,PerformerOf
1381,1378,PerformerOf
1382,1378,PerformerOf
1385,1384,PerformerOf
1389,1388,PerformerOf
1390,1388,PerformerOf
1391,1388,PerformerOf
1392,1388,PerformerOf
1396,1395,PerformerOf
1397,1395,PerformerOf
1398,1395,PerformerOf
1399,1395,PerformerOf
1399,15571,PerformerOf
1403,6004,PerformerOf
1404,1402,PerformerOf
1404,6004,PerformerOf
1405,1402,PerformerOf
1405,6004,PerformerOf
1406,6004,PerformerOf
1408,1407,PerformerOf
1409,1407,PerformerOf
1410,1407,PerformerOf
1410,2406,PerformerOf
1410,3128,PerformerOf
1410,6087,PerformerOf
1410,7893,PerformerOf
1410,11110,PerformerOf
1413,2174,PerformerOf
1414,1412,PerformerOf
1414,15825,PerformerOf
1417,1416,PerformerOf
1418,6022,PerformerOf
1419,1416,PerformerOf
1420,1416,PerformerOf
1420,6022,PerformerOf
1423,1422,PerformerOf
1424,1422,PerformerOf
1426,1425,PerformerOf
1427,1425,PerformerOf
1428,1425,PerformerOf
1429,3719,PerformerOf
1429,8203,PerformerOf
1429,11842,PerformerOf
1432,1431,PerformerOf
1433,1431,PerformerOf
1433,3879,PerformerOf
1436,1435,PerformerOf
1436,12816,PerformerOf
1437,2323,PerformerOf
1437,3520,PerformerOf
1437,12816,PerformerOf
1438,1435,PerformerOf
1438,3520,PerformerOf
1438,12816,PerformerOf
1441,1440,PerformerOf
1441,4105,PerformerOf
1441,12821,PerformerOf
1442,1440,PerformerOf
1442,12821,PerformerOf
1442,14128,PerformerOf
1443,1440,PerformerOf
1443,11896,PerformerOf
1443,14128,PerformerOf
1444,2794,PerformerOf
1444,5583,PerformerOf
1444,11896,PerformerOf
1444,12821,PerformerOf
1444,14128,PerformerOf
1445,1440,PerformerOf
1445,12821,PerformerOf
1445,14128,PerformerOf
1448,1447,PerformerOf
1449,1447,PerformerOf
1449,8428,PerformerOf
1450,1447,PerformerOf
1450,10206,PerformerOf
1451,1447,PerformerOf
1452,1447,PerformerOf
1453,1447,PerformerOf
1454,1447,PerformerOf
1456,1455,PerformerOf
1459,1455,PerformerOf
1459,8355,PerformerOf
1459,15015,PerformerOf
1462,1461,PerformerOf
1463,1461,PerformerOf
1464,1461,PerformerOf
1465,1461,PerformerOf
1465,3939,PerformerOf
1465,7452,PerformerOf
1465,8676,PerformerOf
1465,9140,PerformerOf
1465,9513,PerformerOf
1465,11371,PerformerOf
1465,14067,PerformerOf
1467,1466,PerformerOf
1471,1470,PerformerOf
1472,1470,PerformerOf
1472,7778,PerformerOf
1472,10198,PerformerOf
1472,10358,PerformerOf
1473,1470,PerformerOf
1474,1470,PerformerOf
1474,7778,PerformerOf
1474,9770,PerformerOf
1474,10358,PerformerOf
1474,14920,PerformerOf
1477,1476,PerformerOf
1477,3110,PerformerOf
1478,1476,PerformerOf
1478,3110,PerformerOf
1479,1476,PerformerOf
1480,1476,PerformerOf
1480,3110,PerformerOf
1484,1483,PerformerOf
1485,1483,PerformerOf
1485,3337,PerformerOf
1485,12574,PerformerOf
1490,1489,PerformerOf
1490,3991,PerformerOf
1490,16457,PerformerOf
1491,3991,PerformerOf
1491,11679,PerformerOf
1491,16457,PerformerOf
1492,1489,PerformerOf
1492,3991,PerformerOf
1492,11679,PerformerOf
1492,16457,PerformerOf
1493,1489,PerformerOf
1493,3991,PerformerOf
1493,11679,PerformerOf
1493,16457,PerformerOf
1494,1489,PerformerOf
1494,11679,PerformerOf
1496,1495,PerformerOf
1497,1495,PerformerOf
1497,4652,PerformerOf
1497,6168,PerformerOf
1498,7581,PerformerOf
1499,7113,PerformerOf
1499,1495,PerformerOf
1499,3332,PerformerOf
1504,1502,PerformerOf
1505,1502,PerformerOf
1510,1508,PerformerOf
1510,4862,PerformerOf
1510,9818,PerformerOf
1510,10258,PerformerOf
1511,1508,PerformerOf
1512,4862,PerformerOf
1513,1508,PerformerOf
1513,9795,PerformerOf
1518,1515,PerformerOf
1519,1515,PerformerOf
1519,3136,PerformerOf
1519,3574,PerformerOf
1519,7966,PerformerOf
1519,13040,PerformerOf
1519,15973,PerformerOf
1519,16632,PerformerOf
1521,1520,PerformerOf
1521,9916,PerformerOf
1522,1520,PerformerOf
1523,1520,PerformerOf
1525,1524,PerformerOf
1527,1524,PerformerOf
1530,1529,PerformerOf
1530,3302,PerformerOf
1530,5802,PerformerOf
1530,5871,PerformerOf
1530,6193,PerformerOf
1530,8230,PerformerOf
1530,8281,PerformerOf
1530,13955,PerformerOf
1530,14151,PerformerOf
1530,15847,PerformerOf
1531,5871,PerformerOf
1531,15847,PerformerOf
1534,15734,PerformerOf
1535,1533,PerformerOf
1535,11413,PerformerOf
1535,11905,PerformerOf
1535,15734,PerformerOf
1535,16714,PerformerOf
1536,1533,PerformerOf
1540,1539,PerformerOf
1541,7386,PerformerOf
1541,8331,PerformerOf
1541,9411,PerformerOf
1547,7244,PerformerOf
1547,11447,PerformerOf
1547,11788,PerformerOf
1548,1545,PerformerOf
1551,1550,PerformerOf
1552,1550,PerformerOf
1553,1550,PerformerOf
1555,1550,PerformerOf
1556,3088,PerformerOf
1558,1557,PerformerOf
1559,1557,PerformerOf
1561,1557,PerformerOf
1562,1557,PerformerOf
1563,1557,PerformerOf
1563,6406,PerformerOf
1564,1557,PerformerOf
1565,1557,PerformerOf
1566,1557,PerformerOf
1567,1557,PerformerOf
1568,1557,PerformerOf
1572,1571,PerformerOf
1572,7517,PerformerOf
1573,1571,PerformerOf
1573,7517,PerformerOf
1574,1571,PerformerOf
1574,7517,PerformerOf
1575,1571,PerformerOf
1575,7517,PerformerOf
1575,8516,PerformerOf
1576,1571,PerformerOf
1577,1571,PerformerOf
1578,1571,PerformerOf
1578,7517,PerformerOf
1579,1571,PerformerOf
1579,7517,PerformerOf
1579,8516,PerformerOf
1580,7517,PerformerOf
1581,1571,PerformerOf
1581,7517,PerformerOf
1582,1571,PerformerOf
1586,1585,PerformerOf
1589,1588,PerformerOf
1590,1588,PerformerOf
1591,1588,PerformerOf
1592,1588,PerformerOf
1593,1588,PerformerOf
1597,6300,PerformerOf
1598,1596,PerformerOf
1598,6300,PerformerOf
1601,1600,PerformerOf
1603,1600,PerformerOf
1606,1605,PerformerOf
1606,3913,PerformerOf
1606,8782,PerformerOf
1607,1605,PerformerOf
1609,1608,PerformerOf
1610,1608,PerformerOf
1610,2614,PerformerOf
1610,15323,PerformerOf
1612,5055,PerformerOf
1612,6365,PerformerOf
1612,12631,PerformerOf
1613,1611,PerformerOf
1614,1611,PerformerOf
1614,3536,PerformerOf
1614,5055,PerformerOf
1614,6365,PerformerOf
1615,1611,PerformerOf
1615,5055,PerformerOf
1615,6365,PerformerOf
1619,1617,PerformerOf
1621,1620,PerformerOf
1622,1620,PerformerOf
1622,9337,PerformerOf
1623,1620,PerformerOf
1624,1620,PerformerOf
1627,1626,PerformerOf
1628,1626,PerformerOf
1628,13888,PerformerOf
1630,1629,PerformerOf
1631,1629,PerformerOf
1633,1629,PerformerOf
1636,1635,PerformerOf
1636,8216,PerformerOf
1637,8216,PerformerOf
1638,1635,PerformerOf
1638,8216,PerformerOf
1643,1642,PerformerOf
1643,4151,PerformerOf
1643,9918,PerformerOf
1644,1642,PerformerOf
1644,4117,PerformerOf
1645,1642,PerformerOf
1645,2398,PerformerOf
1646,1642,PerformerOf
1647,1642,PerformerOf
1648,1642,PerformerOf
1648,2398,PerformerOf
1648,5351,PerformerOf
1648,9918,PerformerOf
1649,1642,PerformerOf
1649,5527,PerformerOf
1649,5818,PerformerOf
1649,9918,PerformerOf
1649,13486,PerformerOf
1650,9472,PerformerOf
1650,1642,PerformerOf
1650,1830,PerformerOf
1650,5351,PerformerOf
1650,5527,PerformerOf
1650,6794,PerformerOf
1650,11537,PerformerOf
1650,13486,PerformerOf
1650,15473,PerformerOf
1651,1642,PerformerOf
1651,11753,PerformerOf
1651,13600,PerformerOf
1653,1652,PerformerOf
1654,1652,PerformerOf
1655,1652,PerformerOf
1656,1652,PerformerOf
1662,1661,PerformerOf
1662,2696,PerformerOf
1662,6873,PerformerOf
1662,11824,PerformerOf
1662,15462,PerformerOf
1663,1661,PerformerOf
1664,1661,PerformerOf
1664,2696,PerformerOf
1664,5483,PerformerOf
1664,6873,PerformerOf
1664,11824,PerformerOf
1666,1665,PerformerOf
1668,1665,PerformerOf
1672,1671,PerformerOf
1673,1671,PerformerOf
1675,1671,PerformerOf
1676,1671,PerformerOf
1677,1671,PerformerOf
1678,1671,PerformerOf
1683,1680,PerformerOf
1686,1684,PerformerOf
1690,1689,PerformerOf
1691,1689,PerformerOf
1692,1689,PerformerOf
1695,1693,PerformerOf
1696,1693,PerformerOf
1697,1693,PerformerOf
1698,1693,PerformerOf
1701,1700,PerformerOf
1703,1702,PerformerOf
1703,6893,PerformerOf
1705,6893,PerformerOf
1706,6893,PerformerOf
1707,1702,PerformerOf
1710,1709,PerformerOf
1711,1709,PerformerOf
1711,12729,PerformerOf
1712,1709,PerformerOf
1713,12729,PerformerOf
1714,4183,PerformerOf
1714,12729,PerformerOf
1716,1715,PerformerOf
1716,6229,PerformerOf
1716,8245,PerformerOf
1716,8604,PerformerOf
1716,9030,PerformerOf
1716,9335,PerformerOf
1716,9995,PerformerOf
1716,10281,PerformerOf
1716,10342,PerformerOf
1716,10659,PerformerOf
1716,10855,PerformerOf
1716,11225,PerformerOf
1716,11331,PerformerOf
1716,11479,PerformerOf
1716,11847,PerformerOf
1716,12043,PerformerOf
1716,12204,PerformerOf
1716,13257,PerformerOf
1716,13302,PerformerOf
1716,14057,PerformerOf
1716,14498,PerformerOf
1716,16363,PerformerOf
1717,1715,PerformerOf
1718,1715,PerformerOf
1718,1915,PerformerOf
1718,8245,PerformerOf
1718,8604,PerformerOf
1718,9995,PerformerOf
1718,11331,PerformerOf
1718,12204,PerformerOf
1718,13068,PerformerOf
1718,13302,PerformerOf
1718,13817,PerformerOf
1719,8245,PerformerOf
1719,9030,PerformerOf
1719,9995,PerformerOf
1719,10342,PerformerOf
1719,11225,PerformerOf
1719,11331,PerformerOf
1719,11479,PerformerOf
1719,11847,PerformerOf
1719,12204,PerformerOf
1719,13068,PerformerOf
1719,13257,PerformerOf
1719,13302,PerformerOf
1719,13817,PerformerOf
1719,14498,PerformerOf
1720,1715,PerformerOf
1720,9030,PerformerOf
1721,1715,PerformerOf
1725,1723,PerformerOf
1728,1723,PerformerOf
1728,5996,PerformerOf
1733,1729,PerformerOf
1734,1729,PerformerOf
1735,1729,PerformerOf
1736,1729,PerformerOf
1739,1738,PerformerOf
1743,1742,PerformerOf
1743,7452,PerformerOf
1743,15009,PerformerOf
1744,1742,PerformerOf
1745,1742,PerformerOf
1745,8251,PerformerOf
1745,14483,PerformerOf
1747,1742,PerformerOf
1749,14202,PerformerOf
1750,1748,PerformerOf
1751,1748,PerformerOf
1752,1748,PerformerOf
1752,1984,PerformerOf
1752,2555,PerformerOf
1752,14202,PerformerOf
1753,1748,PerformerOf
1754,1748,PerformerOf
1754,14202,PerformerOf
1758,1757,PerformerOf
1758,5704,PerformerOf
1758,7311,PerformerOf
1758,13053,PerformerOf
1758,14671,PerformerOf
1758,14760,PerformerOf
1758,15983,PerformerOf
1758,16652,PerformerOf
1760,1759,PerformerOf
1762,1759,PerformerOf
1764,1763,PerformerOf
1765,1763,PerformerOf
1766,1763,PerformerOf
1767,1763,PerformerOf
1768,1763,PerformerOf
1769,1763,PerformerOf
1769,10258,PerformerOf
1770,1763,PerformerOf
1774,1773,PerformerOf
1774,11395,PerformerOf
1774,13713,PerformerOf
1775,13713,PerformerOf
1776,1773,PerformerOf
1777,1773,PerformerOf
1777,11395,PerformerOf
1778,1773,PerformerOf
1778,11395,PerformerOf
1780,1779,PerformerOf
1781,1779,PerformerOf
1781,8954,PerformerOf
1782,8954,PerformerOf
1782,16123,PerformerOf
1785,1783,PerformerOf
1785,3485,PerformerOf
1785,5029,PerformerOf
1785,6456,PerformerOf
1785,7687,PerformerOf
1785,14080,PerformerOf
1788,1787,PerformerOf
1792,1791,PerformerOf
1792,2467,PerformerOf
1793,1791,PerformerOf
1793,15076,PerformerOf
1798,1797,PerformerOf
1799,1797,PerformerOf
1800,1797,PerformerOf
1801,1797,PerformerOf
1802,1849,PerformerOf
1802,2963,PerformerOf
1802,16632,PerformerOf
1803,1797,PerformerOf
1805,1804,PerformerOf
1808,5689,PerformerOf
1809,1807,PerformerOf
1811,1810,PerformerOf
1815,1814,PerformerOf
1815,3349,PerformerOf
1815,11298,PerformerOf
1815,11368,PerformerOf
1816,3349,PerformerOf
1816,11298,PerformerOf
1818,1817,PerformerOf
1818,5958,PerformerOf
1818,8936,PerformerOf
1819,1817,PerformerOf
1820,5958,PerformerOf
1820,8936,PerformerOf
1826,1823,PerformerOf
1827,1823,PerformerOf
1827,13945,PerformerOf
1828,1823,PerformerOf
1832,1830,PerformerOf
1833,1830,PerformerOf
1834,1830,PerformerOf
1835,1830,PerformerOf
1838,1837,PerformerOf
1838,4593,PerformerOf
1838,14798,PerformerOf
1838,16452,PerformerOf
1839,4602,PerformerOf
1839,5058,PerformerOf
1839,11125,PerformerOf
1839,14798,PerformerOf
1842,1841,PerformerOf
1843,1841,PerformerOf
1843,6994,PerformerOf
1843,11485,PerformerOf
1843,13173,PerformerOf
1843,15017,PerformerOf
1846,11275,PerformerOf
1846,1845,PerformerOf
1847,1845,PerformerOf
1850,16632,PerformerOf
1851,3931,PerformerOf
1851,6912,PerformerOf
1851,16632,PerformerOf
1854,1853,PerformerOf
1855,7012,PerformerOf
1858,1857,PerformerOf
1858,2167,PerformerOf
1858,2479,PerformerOf
1858,13484,PerformerOf
1858,14332,PerformerOf
1860,1859,PerformerOf
1866,1863,PerformerOf
1866,9341,PerformerOf
1866,9630,PerformerOf
1867,1863,PerformerOf
1867,4764,PerformerOf
1868,1863,PerformerOf
1871,1869,PerformerOf
1871,8511,PerformerOf
1871,10662,PerformerOf
1872,1869,PerformerOf
1873,7190,PerformerOf
1873,11249,PerformerOf
1873,13941,PerformerOf
1875,16582,PerformerOf
1876,1874,PerformerOf
1877,1874,PerformerOf
1877,13374,PerformerOf
1877,15206,PerformerOf
1877,16582,PerformerOf
1877,16618,PerformerOf
1878,1874,PerformerOf
1878,3194,PerformerOf
1878,13961,PerformerOf
1881,1880,PerformerOf
1881,14239,PerformerOf
1881,16335,PerformerOf
1882,1880,PerformerOf
1882,14239,PerformerOf
1882,16335,PerformerOf
1886,1884,PerformerOf
1889,1888,PerformerOf
1891,7511,PerformerOf
1891,10444,PerformerOf
1891,16014,PerformerOf
1896,1895,PerformerOf
1899,1898,PerformerOf
1900,1898,PerformerOf
1903,1902,PerformerOf
1904,1902,PerformerOf
1908,1907,PerformerOf
1909,1907,PerformerOf
1910,1907,PerformerOf
1911,1907,PerformerOf
1912,1907,PerformerOf
1912,5021,PerformerOf
1912,9300,PerformerOf
1914,1913,PerformerOf
1914,3183,PerformerOf
1914,3217,PerformerOf
1914,6674,PerformerOf
1914,12955,PerformerOf
1916,1915,PerformerOf
1917,1915,PerformerOf
1918,1915,PerformerOf
1918,8245,PerformerOf
1918,9030,PerformerOf
1918,11225,PerformerOf
1918,11331,PerformerOf
1918,12043,PerformerOf
1918,13257,PerformerOf
1918,14057,PerformerOf
1919,1915,PerformerOf
1919,11479,PerformerOf
1919,13302,PerformerOf
1921,1920,PerformerOf
1922,1920,PerformerOf
1923,1920,PerformerOf
1924,1920,PerformerOf
1924,4884,PerformerOf
1924,11564,PerformerOf
1924,14035,PerformerOf
1924,14291,PerformerOf
1928,1927,PerformerOf
1928,11001,PerformerOf
1928,16635,PerformerOf
1929,1927,PerformerOf
1929,11001,PerformerOf
1929,16117,PerformerOf
1929,16635,PerformerOf
1930,1927,PerformerOf
1931,1927,PerformerOf
1932,4283,PerformerOf
1932,5436,PerformerOf
1932,9479,PerformerOf
1932,9524,PerformerOf
1932,11001,PerformerOf
1934,1933,PerformerOf
1934,6503,PerformerOf
1934,3386,PerformerOf
1934,7740,PerformerOf
1937,1935,PerformerOf
1940,1939,PerformerOf
1941,7971,PerformerOf
1941,10523,PerformerOf
1941,12338,PerformerOf
1942,1939,PerformerOf
1942,10761,PerformerOf
1942,11824,PerformerOf
1944,1943,PerformerOf
1945,1943,PerformerOf
1946,1943,PerformerOf
1950,1949,PerformerOf
1951,1949,PerformerOf
1952,3837,PerformerOf
1952,4003,PerformerOf
1952,4038,PerformerOf
1952,6368,PerformerOf
1952,7244,PerformerOf
1952,11290,PerformerOf
1952,11447,PerformerOf
1952,11578,PerformerOf
1952,11678,PerformerOf
1952,11788,PerformerOf
1952,12518,PerformerOf
1952,13190,PerformerOf
1952,13399,PerformerOf
1952,13535,PerformerOf
1952,14621,PerformerOf
1952,15402,PerformerOf
1953,1949,PerformerOf
1953,3316,PerformerOf
1953,4890,PerformerOf
1953,5808,PerformerOf
1954,5808,PerformerOf
1954,7177,PerformerOf
1954,9414,PerformerOf
1954,9966,PerformerOf
1956,5051,PerformerOf
1956,14863,PerformerOf
1956,16297,PerformerOf
1960,1958,PerformerOf
1961,1958,PerformerOf
1962,1958,PerformerOf
1963,1958,PerformerOf
1967,7870,PerformerOf
1968,1966,PerformerOf
1968,7870,PerformerOf
1971,1970,PerformerOf
1973,1970,PerformerOf
1974,1970,PerformerOf
1976,1970,PerformerOf
1976,6661,PerformerOf
1978,1977,PerformerOf
1979,1977,PerformerOf
1979,6322,PerformerOf
1981,1977,PerformerOf
1982,1977,PerformerOf
1982,7700,PerformerOf
1982,10337,PerformerOf
1982,14125,PerformerOf
1985,1984,PerformerOf
1986,1984,PerformerOf
1987,1984,PerformerOf
1992,1991,PerformerOf
1992,3093,PerformerOf
1992,8596,PerformerOf
1992,16016,PerformerOf
1993,1991,PerformerOf
1993,16016,PerformerOf
1994,1991,PerformerOf
1994,8596,PerformerOf
1994,16016,PerformerOf
1995,3093,PerformerOf
1995,8596,PerformerOf
1995,16016,PerformerOf
1998,1996,PerformerOf
2000,1996,PerformerOf
2001,1996,PerformerOf
2001,10620,PerformerOf
2001,12009,PerformerOf
2001,13080,PerformerOf
2003,2002,PerformerOf
2004,3358,PerformerOf
2004,9709,PerformerOf
2004,11005,PerformerOf
2004,12365,PerformerOf
2004,14392,PerformerOf
2005,2002,PerformerOf
2005,12332,PerformerOf
2005,16485,PerformerOf
2006,2002,PerformerOf
2006,3358,PerformerOf
2006,8079,PerformerOf
2006,9709,PerformerOf
2006,10318,PerformerOf
2006,11005,PerformerOf
2006,12332,PerformerOf
2006,12365,PerformerOf
2006,14392,PerformerOf
2006,16485,PerformerOf
2007,2002,PerformerOf
2007,10815,PerformerOf
2007,12384,PerformerOf
2012,11174,PerformerOf
2012,2009,PerformerOf
2016,2013,PerformerOf
2017,2013,PerformerOf
2020,2019,PerformerOf
2021,2019,PerformerOf
2022,2019,PerformerOf
2023,2019,PerformerOf
2023,2561,PerformerOf
2023,3160,PerformerOf
2023,3688,PerformerOf
2023,4183,PerformerOf
2023,5492,PerformerOf
2023,6645,PerformerOf
2023,7590,PerformerOf
2023,7923,PerformerOf
2023,9416,PerformerOf
2023,9918,PerformerOf
2023,10258,PerformerOf
2023,10550,PerformerOf
2023,11110,PerformerOf
2023,12837,PerformerOf
2023,14466,PerformerOf
2024,5004,PerformerOf
2024,12668,PerformerOf
2024,13945,PerformerOf
2024,14559,PerformerOf
2027,2026,PerformerOf
2033,2030,PerformerOf
2035,2034,PerformerOf
2036,2034,PerformerOf
2038,2034,PerformerOf
2043,2042,PerformerOf
2043,9068,PerformerOf
2044,2042,PerformerOf
2044,9068,PerformerOf
2044,9559,PerformerOf
2045,9068,PerformerOf
2045,14201,PerformerOf
2045,15607,PerformerOf
2049,2048,PerformerOf
2050,2048,PerformerOf
2050,8382,PerformerOf
2050,9702,PerformerOf
2050,9909,PerformerOf
2050,12710,PerformerOf
2050,15481,PerformerOf
2051,2048,PerformerOf
2055,2053,PerformerOf
2055,4770,PerformerOf
2056,2053,PerformerOf
2058,2057,PerformerOf
2059,2057,PerformerOf
2062,2061,PerformerOf
2063,2061,PerformerOf
2064,2061,PerformerOf
2065,2061,PerformerOf
2066,2061,PerformerOf
2069,2068,PerformerOf
2069,4618,PerformerOf
2069,4854,PerformerOf
2069,6745,PerformerOf
2069,8708,PerformerOf
2069,8891,PerformerOf
2069,9586,PerformerOf
2069,10090,PerformerOf
2069,12105,PerformerOf
2069,13357,PerformerOf
2069,13639,PerformerOf
2069,13984,PerformerOf
2070,2068,PerformerOf
2070,2595,PerformerOf
2070,3115,PerformerOf
2070,4854,PerformerOf
2070,5279,PerformerOf
2070,5839,PerformerOf
2070,6745,PerformerOf
2070,6868,PerformerOf
2070,8814,PerformerOf
2070,8891,PerformerOf
2070,10085,PerformerOf
2070,12105,PerformerOf
2070,13357,PerformerOf
2070,13639,PerformerOf
2070,15456,PerformerOf
2070,16296,PerformerOf
2074,2073,PerformerOf
2074,12892,PerformerOf
2075,2073,PerformerOf
2075,10700,PerformerOf
2079,2078,PerformerOf
2080,6252,PerformerOf
2080,2078,PerformerOf
2080,9647,PerformerOf
2080,12100,PerformerOf
2084,2082,PerformerOf
2085,2082,PerformerOf
2085,13144,PerformerOf
2088,2087,PerformerOf
2089,2087,PerformerOf
2090,2087,PerformerOf
2091,2087,PerformerOf
2096,2093,PerformerOf
2097,2093,PerformerOf
2097,10982,PerformerOf
2098,2093,PerformerOf
2100,2099,PerformerOf
2101,2099,PerformerOf
2101,4413,PerformerOf
2101,15911,PerformerOf
2103,2102,PerformerOf
2104,2102,PerformerOf
2105,2102,PerformerOf
2108,9557,PerformerOf
2108,10447,PerformerOf
2108,16210,PerformerOf
2109,2107,PerformerOf
2109,3497,PerformerOf
2109,7128,PerformerOf
2109,16210,PerformerOf
2110,3497,PerformerOf
2110,3634,PerformerOf
2110,4361,PerformerOf
2110,6313,PerformerOf
2110,9048,PerformerOf
2110,9535,PerformerOf
2110,12546,PerformerOf
2110,14124,PerformerOf
2110,14154,PerformerOf
2110,14628,PerformerOf
2110,14670,PerformerOf
2110,16210,PerformerOf
2113,2112,PerformerOf
2115,2112,PerformerOf
2116,2112,PerformerOf
2121,2120,PerformerOf
2123,11472,PerformerOf
2125,2124,PerformerOf
2127,2124,PerformerOf
2131,2130,PerformerOf
2132,2130,PerformerOf
2133,2130,PerformerOf
2134,2130,PerformerOf
2135,2130,PerformerOf
2136,2130,PerformerOf
2137,2130,PerformerOf
2138,2130,PerformerOf
2139,2130,PerformerOf
2140,2130,PerformerOf
2141,2130,PerformerOf
2144,2143,PerformerOf
2144,7624,PerformerOf
2146,2143,PerformerOf
2151,2148,PerformerOf
2151,9817,PerformerOf
2151,15214,PerformerOf
2151,15986,PerformerOf
2154,2153,PerformerOf
2155,2153,PerformerOf
2156,2153,PerformerOf
2157,2153,PerformerOf
2158,2153,PerformerOf
2159,2153,PerformerOf
2162,2161,PerformerOf
2163,2161,PerformerOf
2164,2161,PerformerOf
2165,2161,PerformerOf
2168,2167,PerformerOf
2170,2169,PerformerOf
2171,2169,PerformerOf
2172,2169,PerformerOf
2172,4306,PerformerOf
2172,6417,PerformerOf
2172,12073,PerformerOf
2173,2169,PerformerOf
2176,2175,PerformerOf
2177,2175,PerformerOf
2179,2175,PerformerOf
2180,2175,PerformerOf
2183,2182,PerformerOf
2184,2182,PerformerOf
2187,2186,PerformerOf
2188,2186,PerformerOf
2189,2186,PerformerOf
2191,2186,PerformerOf
2192,2186,PerformerOf
2200,2197,PerformerOf
2203,2202,PerformerOf
2207,2206,PerformerOf
2207,2639,PerformerOf
2207,4861,PerformerOf
2207,4932,PerformerOf
2207,7574,PerformerOf
2207,10090,PerformerOf
2207,10289,PerformerOf
2207,12041,PerformerOf
2207,12979,PerformerOf
2207,14697,PerformerOf
2207,15315,PerformerOf
2207,16421,PerformerOf
2209,2208,PerformerOf
2210,2208,PerformerOf
2210,3627,PerformerOf
2210,15332,PerformerOf
2213,2212,PerformerOf
2213,3633,PerformerOf
2214,3633,PerformerOf
2216,2215,PerformerOf
2217,2215,PerformerOf
2218,2215,PerformerOf
2219,2215,PerformerOf
2219,16175,PerformerOf
2222,10503,PerformerOf
2222,2221,PerformerOf
2222,6504,PerformerOf
2224,2223,PerformerOf
2224,4880,PerformerOf
2225,2223,PerformerOf
2226,2223,PerformerOf
2228,2227,PerformerOf
2228,7380,PerformerOf
2229,2227,PerformerOf
2230,2227,PerformerOf
2230,7380,PerformerOf
2231,7380,PerformerOf
2235,2234,PerformerOf
2236,2234,PerformerOf
2237,2234,PerformerOf
2237,4453,PerformerOf
2237,12322,PerformerOf
2240,2238,PerformerOf
2240,10437,PerformerOf
2241,2238,PerformerOf
2242,2238,PerformerOf
2242,10437,PerformerOf
2244,2243,PerformerOf
2245,2243,PerformerOf
2246,2243,PerformerOf
2247,2243,PerformerOf
2248,2243,PerformerOf
2251,2250,PerformerOf
2252,2250,PerformerOf
2253,2250,PerformerOf
2254,2250,PerformerOf
2257,2256,PerformerOf
2258,2256,PerformerOf
2261,2260,PerformerOf
2262,2260,PerformerOf
2263,2260,PerformerOf
2265,2260,PerformerOf
2268,2267,PerformerOf
2268,15217,PerformerOf
2269,2267,PerformerOf
2269,10032,PerformerOf
2269,12009,PerformerOf
2270,2267,PerformerOf
2273,2272,PerformerOf
2274,2272,PerformerOf
2275,2272,PerformerOf
2275,8599,PerformerOf
2276,2272,PerformerOf
2278,2277,PerformerOf
2278,6785,PerformerOf
2280,5028,PerformerOf
2280,5891,PerformerOf
2281,2279,PerformerOf
2281,3335,PerformerOf
2281,5028,PerformerOf
2281,5891,PerformerOf
2281,8214,PerformerOf
2281,8821,PerformerOf
2281,9294,PerformerOf
2281,15528,PerformerOf
2282,2279,PerformerOf
2282,3335,PerformerOf
2282,5891,PerformerOf
2282,8214,PerformerOf
2282,8821,PerformerOf
2282,9294,PerformerOf
2282,14438,PerformerOf
2282,15528,PerformerOf
2285,2284,PerformerOf
2286,2284,PerformerOf
2288,2284,PerformerOf
2289,2284,PerformerOf
2293,2292,PerformerOf
2294,2292,PerformerOf
2294,10201,PerformerOf
2295,2292,PerformerOf
2296,2292,PerformerOf
2296,10201,PerformerOf
2296,15170,PerformerOf
2297,2292,PerformerOf
2297,10201,PerformerOf
2300,2299,PerformerOf
2301,2299,PerformerOf
2304,2303,PerformerOf
2305,2303,PerformerOf
2305,3512,PerformerOf
2305,6864,PerformerOf
2305,9114,PerformerOf
2305,12344,PerformerOf
2308,2307,PerformerOf
2309,2307,PerformerOf
2310,2307,PerformerOf
2312,2307,PerformerOf
2312,6529,PerformerOf
2312,9489,PerformerOf
2314,2307,PerformerOf
2315,2307,PerformerOf
2318,2316,PerformerOf
2319,2316,PerformerOf
2324,2323,PerformerOf
2325,2323,PerformerOf
2325,2662,PerformerOf
2325,8862,PerformerOf
2325,11890,PerformerOf
2325,13509,PerformerOf
2325,15886,PerformerOf
2326,2323,PerformerOf
2326,15886,PerformerOf
2326,16211,PerformerOf
2328,2327,PerformerOf
2328,7138,PerformerOf
2328,15874,PerformerOf
2329,2327,PerformerOf
2329,7138,PerformerOf
2334,12475,PerformerOf
2336,2335,PerformerOf
2337,2335,PerformerOf
2338,2335,PerformerOf
2339,2335,PerformerOf
2340,2335,PerformerOf
2341,2335,PerformerOf
2343,2342,PerformerOf
2343,2905,PerformerOf
2344,2342,PerformerOf
2344,2905,PerformerOf
2344,9766,PerformerOf
2344,10068,PerformerOf
2344,11521,PerformerOf
2344,12991,PerformerOf
2344,13364,PerformerOf
2344,14141,PerformerOf
2344,14204,PerformerOf
2344,15925,PerformerOf
2345,2342,PerformerOf
2345,9766,PerformerOf
2345,11521,PerformerOf
2345,14141,PerformerOf
2345,15925,PerformerOf
2346,2342,PerformerOf
2346,10068,PerformerOf
2346,12991,PerformerOf
2346,13364,PerformerOf
2346,14141,PerformerOf
2346,15925,PerformerOf
2349,2347,PerformerOf
2351,2350,PerformerOf
2352,2350,PerformerOf
2353,2350,PerformerOf
2354,2350,PerformerOf
2355,2350,PerformerOf
2355,6065,PerformerOf
2355,8727,PerformerOf
2355,8920,PerformerOf
2358,2357,PerformerOf
2358,15034,PerformerOf
2361,2360,PerformerOf
2361,9088,PerformerOf
2361,9807,PerformerOf
2362,7797,PerformerOf
2362,2683,PerformerOf
2362,5980,PerformerOf
2362,16484,PerformerOf
2362,16494,PerformerOf
2363,3289,PerformerOf
2363,4774,PerformerOf
2363,9088,PerformerOf
2363,9807,PerformerOf
2363,15024,PerformerOf
2363,15775,PerformerOf
2363,16484,PerformerOf
2363,16494,PerformerOf
2366,2364,PerformerOf
2367,2364,PerformerOf
2368,2364,PerformerOf
2370,2369,PerformerOf
2371,2369,PerformerOf
2372,2369,PerformerOf
2375,2373,PerformerOf
2376,2373,PerformerOf
2377,2373,PerformerOf
2378,2373,PerformerOf
2380,2379,PerformerOf
2382,2379,PerformerOf
2383,2379,PerformerOf
2383,2959,PerformerOf
2383,6979,PerformerOf
2383,14524,PerformerOf
2386,2385,PerformerOf
2386,12451,PerformerOf
2387,2385,PerformerOf
2387,7170,PerformerOf
2388,2385,PerformerOf
2388,7170,PerformerOf
2388,12451,PerformerOf
2388,16240,PerformerOf
2389,2385,PerformerOf
2389,7170,PerformerOf
2389,12451,PerformerOf
2389,16240,PerformerOf
2393,2391,PerformerOf
2394,2391,PerformerOf
2394,15542,PerformerOf
2395,2391,PerformerOf
2396,2391,PerformerOf
2397,2391,PerformerOf
2399,2398,PerformerOf
2400,2398,PerformerOf
2400,6177,PerformerOf
2400,11024,PerformerOf
2401,2398,PerformerOf
2404,16658,PerformerOf
2405,2403,PerformerOf
2407,2406,PerformerOf
2408,2406,PerformerOf
2414,2413,PerformerOf
2417,2415,PerformerOf
2417,12130,PerformerOf
2417,16248,PerformerOf
2419,2418,PerformerOf
2420,2418,PerformerOf
2422,2418,PerformerOf
2425,2424,PerformerOf
2426,4607,PerformerOf
2427,2424,PerformerOf
2427,3879,PerformerOf
2429,2428,PerformerOf
2434,2433,PerformerOf
2434,12034,PerformerOf
2434,15503,PerformerOf
2437,2436,PerformerOf
2442,2440,PerformerOf
2443,2440,PerformerOf
2443,5790,PerformerOf
2443,11259,PerformerOf
2447,2446,PerformerOf
2448,2446,PerformerOf
2449,2446,PerformerOf
2450,2446,PerformerOf
2451,2446,PerformerOf
2452,5154,PerformerOf
2455,10197,PerformerOf
2456,2454,PerformerOf
2456,10197,PerformerOf
2457,2454,PerformerOf
2457,10197,PerformerOf
2458,2454,PerformerOf
2458,3395,PerformerOf
2458,7604,PerformerOf
2458,14316,PerformerOf
2458,16137,PerformerOf
2458,16249,PerformerOf
2460,2454,PerformerOf
2460,7604,PerformerOf
2460,10197,PerformerOf
2462,2461,PerformerOf
2464,2461,PerformerOf
2466,2461,PerformerOf
2471,2470,PerformerOf
2471,14880,PerformerOf
2472,2470,PerformerOf
2472,13994,PerformerOf
2476,2475,PerformerOf
2481,2480,PerformerOf
2482,2480,PerformerOf
2483,2480,PerformerOf
2483,6190,PerformerOf
2484,6190,PerformerOf
2487,2486,PerformerOf
2488,2486,PerformerOf
2491,2489,PerformerOf
2494,2493,PerformerOf
2496,2495,PerformerOf
2497,2495,PerformerOf
2498,2495,PerformerOf
2501,2500,PerformerOf
2501,15007,PerformerOf
2502,2500,PerformerOf
2503,2500,PerformerOf
2503,15007,PerformerOf
2504,2500,PerformerOf
2504,15007,PerformerOf
2506,2505,PerformerOf
2506,13563,PerformerOf
2507,2505,PerformerOf
2507,13563,PerformerOf
2508,2505,PerformerOf
2508,11945,PerformerOf
2508,13563,PerformerOf
2509,13563,PerformerOf
2509,13574,PerformerOf
2511,2510,PerformerOf
2511,6342,PerformerOf
2511,8815,PerformerOf
2516,2515,PerformerOf
2516,5657,PerformerOf
2516,9547,PerformerOf
2516,14507,PerformerOf
2517,2515,PerformerOf
2517,5657,PerformerOf
2517,14507,PerformerOf
2518,2515,PerformerOf
2520,2515,PerformerOf
2521,2515,PerformerOf
2526,2525,PerformerOf
2527,2525,PerformerOf
2528,2525,PerformerOf
2528,15396,PerformerOf
2529,2525,PerformerOf
2531,2530,PerformerOf
2532,2530,PerformerOf
2535,2534,PerformerOf
2535,7249,PerformerOf
2535,10431,PerformerOf
2536,2534,PerformerOf
2536,12008,PerformerOf
2536,12517,PerformerOf
2536,12577,PerformerOf
2536,13820,PerformerOf
2536,14566,PerformerOf
2537,2534,PerformerOf
2537,9104,PerformerOf
2537,10431,PerformerOf
2538,2848,PerformerOf
2538,3387,PerformerOf
2538,10390,PerformerOf
2538,10740,PerformerOf
2538,11438,PerformerOf
2538,12099,PerformerOf
2538,12396,PerformerOf
2538,12489,PerformerOf
2538,12517,PerformerOf
2538,13922,PerformerOf
2538,14675,PerformerOf
2538,14710,PerformerOf
2538,14780,PerformerOf
2538,15722,PerformerOf
2538,15964,PerformerOf
2542,2541,PerformerOf
2542,9025,PerformerOf
2543,2541,PerformerOf
2544,2541,PerformerOf
2544,9025,PerformerOf
2546,2541,PerformerOf
2546,2873,PerformerOf
2546,9267,PerformerOf
2546,13049,PerformerOf
2546,15198,PerformerOf
2550,2549,PerformerOf
2550,11446,PerformerOf
2551,2549,PerformerOf
2551,13379,PerformerOf
2552,12010,PerformerOf
2552,14749,PerformerOf
2552,15633,PerformerOf
2557,2555,PerformerOf
2558,2555,PerformerOf
2562,2561,PerformerOf
2564,2561,PerformerOf
2565,2561,PerformerOf
2566,2561,PerformerOf
2566,7190,PerformerOf
2566,8964,PerformerOf
2566,9397,PerformerOf
2566,11191,PerformerOf
2566,11526,PerformerOf
2566,13117,PerformerOf
2566,13369,PerformerOf
2566,15235,PerformerOf
2569,2567,PerformerOf
2571,2567,PerformerOf
2573,2572,PerformerOf
2578,2577,PerformerOf
2579,2577,PerformerOf
2580,2577,PerformerOf
2581,2577,PerformerOf
2583,6418,PerformerOf
2584,2582,PerformerOf
2584,6418,PerformerOf
2585,6418,PerformerOf
2587,9301,PerformerOf
2588,2586,PerformerOf
2589,3304,PerformerOf
2589,4055,PerformerOf
2589,7074,PerformerOf
2589,7395,PerformerOf
2589,8328,PerformerOf
2589,10761,PerformerOf
2589,11447,PerformerOf
2589,11678,PerformerOf
2589,12328,PerformerOf
2589,13399,PerformerOf
2589,13990,PerformerOf
2590,2586,PerformerOf
2590,4038,PerformerOf
2590,7395,PerformerOf
2590,9301,PerformerOf
2591,4814,PerformerOf
2591,5808,PerformerOf
2591,6521,PerformerOf
2591,13327,PerformerOf
2591,13528,PerformerOf
2591,16200,PerformerOf
2592,2586,PerformerOf
2592,7395,PerformerOf
2592,8373,PerformerOf
2592,8816,PerformerOf
2592,9267,PerformerOf
2592,13107,PerformerOf
2592,13607,PerformerOf
2592,15198,PerformerOf
2597,2596,PerformerOf
2598,2596,PerformerOf
2599,2596,PerformerOf
2601,2596,PerformerOf
2602,2596,PerformerOf
2603,2596,PerformerOf
2605,2604,PerformerOf
2606,2604,PerformerOf
2606,6827,PerformerOf
2607,2604,PerformerOf
2607,6130,PerformerOf
2607,6827,PerformerOf
2609,2608,PerformerOf
2611,2608,PerformerOf
2612,2608,PerformerOf
2613,2608,PerformerOf
2613,7632,PerformerOf
2618,2616,PerformerOf
2620,2616,PerformerOf
2621,2616,PerformerOf
2622,2616,PerformerOf
2626,2625,PerformerOf
2630,2628,PerformerOf
2634,2633,PerformerOf
2634,9940,PerformerOf
2634,12622,PerformerOf
2635,2633,PerformerOf
2635,9940,PerformerOf
2636,9940,PerformerOf
2636,12622,PerformerOf
2637,2633,PerformerOf
2642,2641,PerformerOf
2643,2641,PerformerOf
2644,2641,PerformerOf
2648,2647,PerformerOf
2650,2649,PerformerOf
2650,14814,PerformerOf
2651,2649,PerformerOf
2651,3633,PerformerOf
2651,4228,PerformerOf
2651,14814,PerformerOf
2652,2649,PerformerOf
2656,2655,PerformerOf
2656,16724,PerformerOf
2659,2658,PerformerOf
2659,3151,PerformerOf
2659,5074,PerformerOf
2659,6342,PerformerOf
2659,6473,PerformerOf
2659,6658,PerformerOf
2659,7100,PerformerOf
2659,9387,PerformerOf
2659,9871,PerformerOf
2659,10402,PerformerOf
2659,10419,PerformerOf
2659,13208,PerformerOf
2659,14210,PerformerOf
2660,5074,PerformerOf
2660,6473,PerformerOf
2660,10155,PerformerOf
2663,2662,PerformerOf
2664,2662,PerformerOf
2664,13509,PerformerOf
2665,2662,PerformerOf
2667,2666,PerformerOf
2667,8997,PerformerOf
2668,2666,PerformerOf
2668,2768,PerformerOf
2668,2848,PerformerOf
2668,3387,PerformerOf
2668,3644,PerformerOf
2668,8997,PerformerOf
2668,10390,PerformerOf
2668,12099,PerformerOf
2668,12396,PerformerOf
2668,12489,PerformerOf
2668,13196,PerformerOf
2668,13922,PerformerOf
2668,14513,PerformerOf
2668,14675,PerformerOf
2668,14780,PerformerOf
2668,15408,PerformerOf
2668,16004,PerformerOf
2669,2666,PerformerOf
2669,8997,PerformerOf
2671,2670,PerformerOf
2672,2670,PerformerOf
2672,16585,PerformerOf
2677,3668,PerformerOf
2677,6830,PerformerOf
2678,2676,PerformerOf
2678,9759,PerformerOf
2680,14378,PerformerOf
2681,2679,PerformerOf
2681,13197,PerformerOf
2681,14378,PerformerOf
2685,2684,PerformerOf
2685,3826,PerformerOf
2689,2687,PerformerOf
2692,2691,PerformerOf
2693,2691,PerformerOf
2695,2694,PerformerOf
2697,2696,PerformerOf
2699,2698,PerformerOf
2702,2701,PerformerOf
2705,2704,PerformerOf
2705,10534,PerformerOf
2706,9649,PerformerOf
2706,2704,PerformerOf
2706,10534,PerformerOf
2706,12045,PerformerOf
2707,9013,PerformerOf
2707,10534,PerformerOf
2710,2709,PerformerOf
2711,2709,PerformerOf
2712,2709,PerformerOf
2712,7897,PerformerOf
2713,2709,PerformerOf
2713,7897,PerformerOf
2716,12397,PerformerOf
2717,2714,PerformerOf
2718,2714,PerformerOf
2718,12397,PerformerOf
2719,2714,PerformerOf
2719,5111,PerformerOf
2721,2720,PerformerOf
2722,9947,PerformerOf
2725,2724,PerformerOf
2726,2724,PerformerOf
2727,2724,PerformerOf
2728,2724,PerformerOf
2731,2729,PerformerOf
2732,2729,PerformerOf
2735,2734,PerformerOf
2736,2734,PerformerOf
2736,8803,PerformerOf
2736,10754,PerformerOf
2737,2734,PerformerOf
2739,2738,PerformerOf
2740,2738,PerformerOf
2740,14795,PerformerOf
2741,2738,PerformerOf
2745,2743,PerformerOf
2746,16741,PerformerOf
2750,2748,PerformerOf
2750,8373,PerformerOf
2752,4481,PerformerOf
2753,2751,PerformerOf
2753,7891,PerformerOf
2757,2755,PerformerOf
2757,12266,PerformerOf
2758,2755,PerformerOf
2759,2755,PerformerOf
2762,2761,PerformerOf
2763,2761,PerformerOf
2763,7913,PerformerOf
2763,12661,PerformerOf
2765,2761,PerformerOf
2766,7913,PerformerOf
2769,2768,PerformerOf
2771,4517,PerformerOf
2772,2770,PerformerOf
2772,4517,PerformerOf
2772,9115,PerformerOf
2773,2770,PerformerOf
2773,4517,PerformerOf
2773,9115,PerformerOf
2776,2775,PerformerOf
2780,2779,PerformerOf
2780,4534,PerformerOf
2781,2779,PerformerOf
2781,14392,PerformerOf
2781,15889,PerformerOf
2782,2779,PerformerOf
2782,4534,PerformerOf
2782,15316,PerformerOf
2782,15889,PerformerOf
2785,2784,PerformerOf
2786,2784,PerformerOf
2787,2784,PerformerOf
2789,2784,PerformerOf
2793,2792,PerformerOf
2793,16495,PerformerOf
2795,2794,PerformerOf
2795,5583,PerformerOf
2796,2794,PerformerOf
2796,5583,PerformerOf
2797,2794,PerformerOf
2797,5583,PerformerOf
2798,2794,PerformerOf
2798,5583,PerformerOf
2802,2800,PerformerOf
2803,2800,PerformerOf
2804,2800,PerformerOf
2805,2800,PerformerOf
2810,2807,PerformerOf
2811,2807,PerformerOf
2811,10612,PerformerOf
2812,2807,PerformerOf
2816,2815,PerformerOf
2817,2815,PerformerOf
2818,9890,PerformerOf
2819,2815,PerformerOf
2823,2822,PerformerOf
2824,2822,PerformerOf
2825,2822,PerformerOf
2826,2822,PerformerOf
2826,13457,PerformerOf
2829,2828,PerformerOf
2830,14769,PerformerOf
2832,2831,PerformerOf
2833,2831,PerformerOf
2834,2831,PerformerOf
2835,2831,PerformerOf
2839,2838,PerformerOf
2840,2838,PerformerOf
2841,2838,PerformerOf
2841,16262,PerformerOf
2842,2838,PerformerOf
2846,2843,PerformerOf
2846,11144,PerformerOf
2849,2848,PerformerOf
2850,9780,PerformerOf
2850,12517,PerformerOf
2850,13691,PerformerOf
2850,13922,PerformerOf
2850,14067,PerformerOf
2850,15285,PerformerOf
2850,15622,PerformerOf
2850,16686,PerformerOf
2853,2852,PerformerOf
2854,2852,PerformerOf
2855,2852,PerformerOf
2856,2852,PerformerOf
2861,2859,PerformerOf
2861,7908,PerformerOf
2861,12347,PerformerOf
2864,2863,PerformerOf
2864,7484,PerformerOf
2866,2865,PerformerOf
2868,2867,PerformerOf
2869,2867,PerformerOf
2871,2867,PerformerOf
2872,2867,PerformerOf
2872,3668,PerformerOf
2872,13341,PerformerOf
2874,2873,PerformerOf
2875,2873,PerformerOf
2876,2873,PerformerOf
2877,2873,PerformerOf
2877,8373,PerformerOf
2877,8816,PerformerOf
2877,13107,PerformerOf
2877,13607,PerformerOf
2878,8816,PerformerOf
2878,15198,PerformerOf
2880,2879,PerformerOf
2881,2879,PerformerOf
2882,2879,PerformerOf
2883,2879,PerformerOf
2884,2879,PerformerOf
2891,2889,PerformerOf
2892,2889,PerformerOf
2894,2893,PerformerOf
2896,2893,PerformerOf
2896,10173,PerformerOf
2896,12515,PerformerOf
2900,2899,PerformerOf
2901,2899,PerformerOf
2902,2899,PerformerOf
2907,2906,PerformerOf
2908,2906,PerformerOf
2909,2906,PerformerOf
2911,2906,PerformerOf
2911,14557,PerformerOf
2912,2906,PerformerOf
2916,2915,PerformerOf
2917,2915,PerformerOf
2918,2915,PerformerOf
2919,2915,PerformerOf
2922,2921,PerformerOf
2923,2921,PerformerOf
2924,2921,PerformerOf
2925,2921,PerformerOf
2925,15298,PerformerOf
2930,2928,PerformerOf
2932,2931,PerformerOf
2932,10159,PerformerOf
2932,10561,PerformerOf
2935,2933,PerformerOf
2936,2933,PerformerOf
2936,7019,PerformerOf
2938,2937,PerformerOf
2939,2937,PerformerOf
2940,2937,PerformerOf
2940,5540,PerformerOf
2940,15754,PerformerOf
2941,2937,PerformerOf
2943,2942,PerformerOf
2945,2944,PerformerOf
2946,2944,PerformerOf
2947,2944,PerformerOf
2948,2944,PerformerOf
2949,2944,PerformerOf
2950,2944,PerformerOf
2951,2944,PerformerOf
2951,14102,PerformerOf
2953,2944,PerformerOf
2954,2944,PerformerOf
2958,7310,PerformerOf
2962,2959,PerformerOf
2965,2963,PerformerOf
2966,2963,PerformerOf
2967,2963,PerformerOf
2968,3329,PerformerOf
2969,2963,PerformerOf
2969,9025,PerformerOf
2970,2963,PerformerOf
2973,2972,PerformerOf
2973,14754,PerformerOf
2974,2972,PerformerOf
2974,10935,PerformerOf
2974,11405,PerformerOf
2976,2975,PerformerOf
2976,8547,PerformerOf
2978,2975,PerformerOf
2978,8060,PerformerOf
2978,8547,PerformerOf
2978,9033,PerformerOf
2978,9854,PerformerOf
2978,11749,PerformerOf
2978,11966,PerformerOf
2978,12366,PerformerOf
2979,2975,PerformerOf
2979,12366,PerformerOf
2980,11749,PerformerOf
2980,13570,PerformerOf
2980,14187,PerformerOf
2981,2975,PerformerOf
2981,8547,PerformerOf
2981,11749,PerformerOf
2981,12366,PerformerOf
2983,2982,PerformerOf
2983,11612,PerformerOf
2984,2982,PerformerOf
2984,11612,PerformerOf
2985,2982,PerformerOf
2985,11612,PerformerOf
2986,2982,PerformerOf
2986,11612,PerformerOf
2987,11612,PerformerOf
2988,2982,PerformerOf
2991,2990,PerformerOf
2992,2990,PerformerOf
2992,4981,PerformerOf
2993,2990,PerformerOf
2993,4981,PerformerOf
2994,4981,PerformerOf
2995,4981,PerformerOf
2997,2996,PerformerOf
2998,6560,PerformerOf
2999,2996,PerformerOf
3000,6560,PerformerOf
3004,3002,PerformerOf
3005,3002,PerformerOf
3006,3002,PerformerOf
3009,3008,PerformerOf
3009,13873,PerformerOf
3010,3008,PerformerOf
3012,3008,PerformerOf
3012,12106,PerformerOf
3014,7344,PerformerOf
3015,6271,PerformerOf
3015,8813,PerformerOf
3015,7344,PerformerOf
3015,14443,PerformerOf
3019,3018,PerformerOf
3020,3018,PerformerOf
3021,3018,PerformerOf
3021,7787,PerformerOf
3022,3018,PerformerOf
3023,3018,PerformerOf
3026,3025,PerformerOf
3027,3025,PerformerOf
3027,12691,PerformerOf
3028,3025,PerformerOf
3029,3025,PerformerOf
3029,12691,PerformerOf
3030,3025,PerformerOf
3030,12691,PerformerOf
3033,3031,PerformerOf
3034,3031,PerformerOf
3035,3031,PerformerOf
3036,3031,PerformerOf
3036,12205,PerformerOf
3038,3037,PerformerOf
3039,3037,PerformerOf
3044,3043,PerformerOf
3045,3043,PerformerOf
3046,3043,PerformerOf
3047,3043,PerformerOf
3047,8575,PerformerOf
3050,3049,PerformerOf
3051,15092,PerformerOf
3055,3053,PerformerOf
3057,3056,PerformerOf
3058,3056,PerformerOf
3059,3056,PerformerOf
3060,3056,PerformerOf
3061,3056,PerformerOf
3061,6990,PerformerOf
3061,8575,PerformerOf
3061,9568,PerformerOf
3061,9759,PerformerOf
3061,14272,PerformerOf
3061,16653,PerformerOf
3062,3056,PerformerOf
3062,10156,PerformerOf
3062,16653,PerformerOf
3065,3064,PerformerOf
3068,3067,PerformerOf
3068,11978,PerformerOf
3068,15295,PerformerOf
3070,3067,PerformerOf
3070,11978,PerformerOf
3070,15295,PerformerOf
3073,3071,PerformerOf
3073,6160,PerformerOf
3077,3076,PerformerOf
3078,8153,PerformerOf
3079,3194,PerformerOf
3079,8153,PerformerOf
3081,3080,PerformerOf
3082,3080,PerformerOf
3082,11904,PerformerOf
3083,3080,PerformerOf
3084,10067,PerformerOf
3084,3080,PerformerOf
3084,8999,PerformerOf
3084,11365,PerformerOf
3084,13680,PerformerOf
3084,15388,PerformerOf
3086,3085,PerformerOf
3086,3793,PerformerOf
3086,10765,PerformerOf
3086,10848,PerformerOf
3086,16529,PerformerOf
3089,3088,PerformerOf
3089,10636,PerformerOf
3089,13538,PerformerOf
3091,3088,PerformerOf
3095,3094,PerformerOf
3096,3094,PerformerOf
3096,14165,PerformerOf
3097,3094,PerformerOf
3097,7222,PerformerOf
3098,3094,PerformerOf
3098,7222,PerformerOf
3098,8806,PerformerOf
3098,9124,PerformerOf
3098,14429,PerformerOf
3098,16396,PerformerOf
3098,16551,PerformerOf
3101,3100,PerformerOf
3102,3100,PerformerOf
3103,3100,PerformerOf
3104,3100,PerformerOf
3107,3106,PerformerOf
3107,7568,PerformerOf
3107,8731,PerformerOf
3107,9236,PerformerOf
3107,16404,PerformerOf
3108,3106,PerformerOf
3108,8281,PerformerOf
3108,9236,PerformerOf
3111,3110,PerformerOf
3117,3115,PerformerOf
3120,3118,PerformerOf
3121,3118,PerformerOf
3122,11966,PerformerOf
3122,14489,PerformerOf
3124,14482,PerformerOf
3125,8372,PerformerOf
3125,3123,PerformerOf
3125,7465,PerformerOf
3125,8394,PerformerOf
3125,9089,PerformerOf
3125,12866,PerformerOf
3125,13955,PerformerOf
3125,14482,PerformerOf
3126,5284,PerformerOf
3126,5871,PerformerOf
3126,7860,PerformerOf
3126,8832,PerformerOf
3126,13331,PerformerOf
3126,13955,PerformerOf
3126,14482,PerformerOf
3126,15390,PerformerOf
3129,3128,PerformerOf
3130,3128,PerformerOf
3131,3128,PerformerOf
3134,3133,PerformerOf
3135,3133,PerformerOf
3135,4555,PerformerOf
3135,4680,PerformerOf
3135,5992,PerformerOf
3135,7052,PerformerOf
3135,8630,PerformerOf
3135,9511,PerformerOf
3135,13222,PerformerOf
3135,14034,PerformerOf
3135,16014,PerformerOf
3140,3139,PerformerOf
3140,12428,PerformerOf
3142,3139,PerformerOf
3145,3144,PerformerOf
3146,3144,PerformerOf
3147,3144,PerformerOf
3148,3144,PerformerOf
3152,3151,PerformerOf
3152,6473,PerformerOf
3155,3154,PerformerOf
3155,6635,PerformerOf
3155,12538,PerformerOf
3157,3154,PerformerOf
3157,6635,PerformerOf
3157,12538,PerformerOf
3157,14086,PerformerOf
3157,14117,PerformerOf
3158,3154,PerformerOf
3158,6788,PerformerOf
3158,7010,PerformerOf
3158,12538,PerformerOf
3158,14948,PerformerOf
3159,3154,PerformerOf
3162,5826,PerformerOf
3164,3163,PerformerOf
3164,5546,PerformerOf
3165,3163,PerformerOf
3165,5546,PerformerOf
3165,14094,PerformerOf
3166,3163,PerformerOf
3166,5546,PerformerOf
3166,11680,PerformerOf
3169,3168,PerformerOf
3170,3168,PerformerOf
3171,3168,PerformerOf
3175,12120,PerformerOf
3176,3174,PerformerOf
3176,3237,PerformerOf
3176,7374,PerformerOf
3176,12120,PerformerOf
3176,12794,PerformerOf
3177,3174,PerformerOf
3177,12120,PerformerOf
3177,12794,PerformerOf
3178,3174,PerformerOf
3179,3174,PerformerOf
3180,3174,PerformerOf
3181,3174,PerformerOf
3182,3174,PerformerOf
3184,13680,PerformerOf
3185,3183,PerformerOf
3187,3186,PerformerOf
3187,9797,PerformerOf
3188,3186,PerformerOf
3190,3186,PerformerOf
3191,3186,PerformerOf
3191,9797,PerformerOf
3192,3186,PerformerOf
3192,9797,PerformerOf
3195,5598,PerformerOf
3196,3194,PerformerOf
3197,6087,PerformerOf
3197,11122,PerformerOf
3198,3194,PerformerOf
3200,3199,PerformerOf
3202,3199,PerformerOf
3204,3199,PerformerOf
3207,3205,PerformerOf
3208,3205,PerformerOf
3208,12515,PerformerOf
3209,3205,PerformerOf
3209,5625,PerformerOf
3211,3210,PerformerOf
3212,3210,PerformerOf
3213,3210,PerformerOf
3215,3210,PerformerOf
3218,12955,PerformerOf
3220,3219,PerformerOf
3221,3219,PerformerOf
3221,10699,PerformerOf
3222,3219,PerformerOf
3222,10699,PerformerOf
3223,3219,PerformerOf
3223,10699,PerformerOf
3226,13941,PerformerOf
3227,3224,PerformerOf
3229,3228,PerformerOf
3230,3228,PerformerOf
3231,14293,PerformerOf
3232,3228,PerformerOf
3232,9655,PerformerOf
3233,3228,PerformerOf
3238,3237,PerformerOf
3241,3239,PerformerOf
3245,3243,PerformerOf
3246,3243,PerformerOf
3247,3243,PerformerOf
3248,3243,PerformerOf
3250,3249,PerformerOf
3253,3252,PerformerOf
3254,3252,PerformerOf
3255,3252,PerformerOf
3256,3252,PerformerOf
3257,3252,PerformerOf
3258,3252,PerformerOf
3259,3252,PerformerOf
3259,7632,PerformerOf
3259,10935,PerformerOf
3260,3252,PerformerOf
3261,3252,PerformerOf
3262,3252,PerformerOf
3263,3252,PerformerOf
3266,3264,PerformerOf
3266,6489,PerformerOf
3269,3267,PerformerOf
3269,15153,PerformerOf
3271,3270,PerformerOf
3271,9650,PerformerOf
3272,3270,PerformerOf
3272,9650,PerformerOf
3276,3275,PerformerOf
3277,3275,PerformerOf
3278,3275,PerformerOf
3279,3275,PerformerOf
3280,3275,PerformerOf
3283,3282,PerformerOf
3287,3286,PerformerOf
3287,11292,PerformerOf
3290,14701,PerformerOf
3292,3291,PerformerOf
3292,6103,PerformerOf
3293,3291,PerformerOf
3294,3291,PerformerOf
3295,3291,PerformerOf
3295,6103,PerformerOf
3296,3291,PerformerOf
3300,3291,PerformerOf
3300,6103,PerformerOf
3303,3302,PerformerOf
3305,3304,PerformerOf
3306,3304,PerformerOf
3306,7197,PerformerOf
3307,3304,PerformerOf
3309,3304,PerformerOf
3309,11550,PerformerOf
3311,3310,PerformerOf
3311,6382,PerformerOf
3311,8886,PerformerOf
3312,3310,PerformerOf
3313,3310,PerformerOf
3313,6382,PerformerOf
3313,7295,PerformerOf
3313,16185,PerformerOf
3314,3310,PerformerOf
3314,7295,PerformerOf
3315,3310,PerformerOf
3318,4890,PerformerOf
3319,3316,PerformerOf
3320,3316,PerformerOf
3320,4890,PerformerOf
3321,3316,PerformerOf
3322,3316,PerformerOf
3322,4890,PerformerOf
3324,12425,PerformerOf
3326,5203,PerformerOf
3326,3325,PerformerOf
3326,4749,PerformerOf
3326,10515,PerformerOf
3330,3329,PerformerOf
3331,3329,PerformerOf
3333,3332,PerformerOf
3334,3332,PerformerOf
3334,4652,PerformerOf
3336,5028,PerformerOf
3336,5891,PerformerOf
3336,8214,PerformerOf
3336,8821,PerformerOf
3336,9294,PerformerOf
3336,11532,PerformerOf
3336,14438,PerformerOf
3336,15528,PerformerOf
3338,3337,PerformerOf
3338,12574,PerformerOf
3340,3339,PerformerOf
3340,15656,PerformerOf
3343,3342,PerformerOf
3344,3342,PerformerOf
3345,3342,PerformerOf
3351,8855,PerformerOf
3352,9957,PerformerOf
3352,3350,PerformerOf
3352,3540,PerformerOf
3352,3740,PerformerOf
3352,4509,PerformerOf
3352,7977,PerformerOf
3352,8213,PerformerOf
3352,9677,PerformerOf
3352,11938,PerformerOf
3352,14037,PerformerOf
3356,3355,PerformerOf
3359,3358,PerformerOf
3359,8079,PerformerOf
3359,12332,PerformerOf
3360,8079,PerformerOf
3360,11005,PerformerOf
3360,12332,PerformerOf
3360,13965,PerformerOf
3360,16485,PerformerOf
3363,10111,PerformerOf
3363,10270,PerformerOf
3364,3362,PerformerOf
3364,10111,PerformerOf
3365,3362,PerformerOf
3366,4607,PerformerOf
3366,5647,PerformerOf
3366,6211,PerformerOf
3366,8551,PerformerOf
3366,8892,PerformerOf
3366,10111,PerformerOf
3366,10270,PerformerOf
3368,3367,PerformerOf
3368,14940,PerformerOf
3369,3367,PerformerOf
3369,14940,PerformerOf
3371,3367,PerformerOf
3371,14940,PerformerOf
3375,3373,PerformerOf
3377,3376,PerformerOf
3377,7961,PerformerOf
3377,9305,PerformerOf
3377,15984,PerformerOf
3378,3376,PerformerOf
3378,7961,PerformerOf
3379,3376,PerformerOf
3379,7961,PerformerOf
3379,9305,PerformerOf
3379,15984,PerformerOf
3380,3376,PerformerOf
3380,7961,PerformerOf
3382,3381,PerformerOf
3384,3381,PerformerOf
3384,9262,PerformerOf
3385,3381,PerformerOf
3388,3387,PerformerOf
3389,3387,PerformerOf
3389,9705,PerformerOf
3389,15408,PerformerOf
3391,3390,PerformerOf
3396,3395,PerformerOf
3398,3395,PerformerOf
3398,11746,PerformerOf
3399,3395,PerformerOf
3399,14557,PerformerOf
3403,3402,PerformerOf
3404,3402,PerformerOf
3405,3402,PerformerOf
3408,3407,PerformerOf
3409,3407,PerformerOf
3410,3407,PerformerOf
3410,4890,PerformerOf
3410,14610,PerformerOf
3412,3411,PerformerOf
3413,3411,PerformerOf
3413,5882,PerformerOf
3413,7851,PerformerOf
3413,9414,PerformerOf
3413,9966,PerformerOf
3414,3411,PerformerOf
3414,7851,PerformerOf
3414,15500,PerformerOf
3416,3415,PerformerOf
3417,3415,PerformerOf
3418,13366,PerformerOf
3424,16099,PerformerOf
3425,3422,PerformerOf
3427,3426,PerformerOf
3429,3426,PerformerOf
3430,3426,PerformerOf
3430,16686,PerformerOf
3431,3426,PerformerOf
3435,3433,PerformerOf
3437,3433,PerformerOf
3437,6474,PerformerOf
3439,3438,PerformerOf
3440,14432,PerformerOf
3441,14432,PerformerOf
3442,3438,PerformerOf
3442,12376,PerformerOf
3446,3444,PerformerOf
3447,3444,PerformerOf
3447,4029,PerformerOf
3447,10175,PerformerOf
3447,12079,PerformerOf
3447,12608,PerformerOf
3447,16577,PerformerOf
3448,3444,PerformerOf
3448,9505,PerformerOf
3448,13486,PerformerOf
3452,3451,PerformerOf
3453,3451,PerformerOf
3455,3454,PerformerOf
3455,9412,PerformerOf
3456,3454,PerformerOf
3456,10432,PerformerOf
3459,3457,PerformerOf
3459,16259,PerformerOf
3460,3457,PerformerOf
3461,3457,PerformerOf
3461,6103,PerformerOf
3462,3457,PerformerOf
3465,3464,PerformerOf
3466,3464,PerformerOf
3468,3467,PerformerOf
3469,3467,PerformerOf
3470,3467,PerformerOf
3471,3467,PerformerOf
3472,3467,PerformerOf
3473,3467,PerformerOf
3474,3467,PerformerOf
3474,8245,PerformerOf
3475,3467,PerformerOf
3476,3467,PerformerOf
3477,3467,PerformerOf
3478,3467,PerformerOf
3478,16054,PerformerOf
3480,3479,PerformerOf
3481,3479,PerformerOf
3484,3479,PerformerOf
3486,3485,PerformerOf
3486,5029,PerformerOf
3487,3485,PerformerOf
3489,3485,PerformerOf
3490,16524,PerformerOf
3492,3491,PerformerOf
3493,3491,PerformerOf
3494,3491,PerformerOf
3495,3491,PerformerOf
3496,3491,PerformerOf
3496,8667,PerformerOf
3498,7128,PerformerOf
3498,9895,PerformerOf
3499,3497,PerformerOf
3502,3501,PerformerOf
3502,6752,PerformerOf
3502,9158,PerformerOf
3503,6752,PerformerOf
3503,9158,PerformerOf
3504,3501,PerformerOf
3504,4900,PerformerOf
3504,5584,PerformerOf
3504,9158,PerformerOf
3504,9685,PerformerOf
3504,11928,PerformerOf
3504,12633,PerformerOf
3507,3506,PerformerOf
3509,3508,PerformerOf
3510,3508,PerformerOf
3511,3508,PerformerOf
3511,4713,PerformerOf
3511,15403,PerformerOf
3514,3513,PerformerOf
3515,3513,PerformerOf
3516,3513,PerformerOf
3517,3513,PerformerOf
3518,3513,PerformerOf
3521,3520,PerformerOf
3523,3522,PerformerOf
3524,3522,PerformerOf
3528,3526,PerformerOf
3529,3526,PerformerOf
3532,3531,PerformerOf
3533,3531,PerformerOf
3534,3531,PerformerOf
3537,3536,PerformerOf
3538,3536,PerformerOf
3541,4510,PerformerOf
3543,3542,PerformerOf
3543,12718,PerformerOf
3544,3542,PerformerOf
3544,7492,PerformerOf
3544,12718,PerformerOf
3545,3542,PerformerOf
3545,7492,PerformerOf
3547,3546,PerformerOf
3548,3546,PerformerOf
3549,3546,PerformerOf
3550,3546,PerformerOf
3554,3553,PerformerOf
3555,3553,PerformerOf
3555,12582,PerformerOf
3556,3553,PerformerOf
3557,3553,PerformerOf
3557,12582,PerformerOf
3560,3559,PerformerOf
3563,3562,PerformerOf
3563,11369,PerformerOf
3569,3568,PerformerOf
3570,3568,PerformerOf
3571,3568,PerformerOf
3572,3568,PerformerOf
3575,3574,PerformerOf
3575,13040,PerformerOf
3575,16705,PerformerOf
3576,3574,PerformerOf
3576,14626,PerformerOf
3578,3574,PerformerOf
3581,3580,PerformerOf
3584,3583,PerformerOf
3585,3583,PerformerOf
3586,3583,PerformerOf
3588,3587,PerformerOf
3588,4847,PerformerOf
3588,8998,PerformerOf
3589,3587,PerformerOf
3589,3606,PerformerOf
3589,9659,PerformerOf
3589,13112,PerformerOf
3589,15579,PerformerOf
3594,3593,PerformerOf
3595,3593,PerformerOf
3595,7296,PerformerOf
3597,3596,PerformerOf
3598,14644,PerformerOf
3598,3596,PerformerOf
3599,3596,PerformerOf
3600,3596,PerformerOf
3600,11365,PerformerOf
3600,13680,PerformerOf
3604,3603,PerformerOf
3605,13417,PerformerOf
3605,3603,PerformerOf
3608,15579,PerformerOf
3610,3609,PerformerOf
3611,3609,PerformerOf
3612,3609,PerformerOf
3613,3609,PerformerOf
3613,5882,PerformerOf
3613,9414,PerformerOf
3614,3609,PerformerOf
3615,3609,PerformerOf
3617,3616,PerformerOf
3618,3616,PerformerOf
3619,3616,PerformerOf
3620,3616,PerformerOf
3621,3616,PerformerOf
3623,3616,PerformerOf
3624,3616,PerformerOf
3628,3627,PerformerOf
3629,3627,PerformerOf
3629,4758,PerformerOf
3629,15457,PerformerOf
3631,3630,PerformerOf
3631,15978,PerformerOf
3632,15978,PerformerOf
3637,3636,PerformerOf
3638,3636,PerformerOf
3639,3636,PerformerOf
3639,6597,PerformerOf
3640,3636,PerformerOf
3642,3636,PerformerOf
3645,3644,PerformerOf
3647,16530,PerformerOf
3648,3646,PerformerOf
3649,3646,PerformerOf
3650,3646,PerformerOf
3650,12673,PerformerOf
3653,3652,PerformerOf
3654,3652,PerformerOf
3655,3652,PerformerOf
3655,10385,PerformerOf
3656,3652,PerformerOf
3657,3652,PerformerOf
3658,3652,PerformerOf
3659,3652,PerformerOf
3661,3660,PerformerOf
3662,6001,PerformerOf
3662,7872,PerformerOf
3662,10441,PerformerOf
3662,10799,PerformerOf
3662,10994,PerformerOf
3662,15769,PerformerOf
3664,3663,PerformerOf
3665,3663,PerformerOf
3665,11381,PerformerOf
3665,15488,PerformerOf
3666,3663,PerformerOf
3666,8942,PerformerOf
3666,11381,PerformerOf
3669,3668,PerformerOf
3670,3668,PerformerOf
3671,3668,PerformerOf
3674,3672,PerformerOf
3674,9570,PerformerOf
3674,14153,PerformerOf
3674,15501,PerformerOf
3677,3676,PerformerOf
3678,3676,PerformerOf
3678,16729,PerformerOf
3679,3676,PerformerOf
3679,9133,PerformerOf
3681,3676,PerformerOf
3681,16729,PerformerOf
3684,3683,PerformerOf
3685,3683,PerformerOf
3686,3683,PerformerOf
3686,4034,PerformerOf
3686,11029,PerformerOf
3690,3688,PerformerOf
3690,9416,PerformerOf
3690,12837,PerformerOf
3691,3688,PerformerOf
3691,10550,PerformerOf
3691,13724,PerformerOf
3693,3692,PerformerOf
3694,3692,PerformerOf
3696,3692,PerformerOf
3696,10415,PerformerOf
3698,3697,PerformerOf
3699,3697,PerformerOf
3700,3697,PerformerOf
3703,3697,PerformerOf
3704,11393,PerformerOf
3704,3697,PerformerOf
3704,8014,PerformerOf
3704,14025,PerformerOf
3707,3706,PerformerOf
3707,14335,PerformerOf
3712,3711,PerformerOf
3712,9810,PerformerOf
3712,11785,PerformerOf
3713,3711,PerformerOf
3714,3711,PerformerOf
3714,6577,PerformerOf
3714,11785,PerformerOf
3715,3711,PerformerOf
3716,3711,PerformerOf
3716,8122,PerformerOf
3716,11453,PerformerOf
3716,11785,PerformerOf
3717,9810,PerformerOf
3717,11785,PerformerOf
3722,3721,PerformerOf
3723,3721,PerformerOf
3725,3724,PerformerOf
3725,14696,PerformerOf
3728,3727,PerformerOf
3729,3727,PerformerOf
3731,3730,PerformerOf
3732,3730,PerformerOf
3733,3730,PerformerOf
3735,3734,PerformerOf
3736,3734,PerformerOf
3737,3734,PerformerOf
3738,3734,PerformerOf
3739,3734,PerformerOf
3741,8281,PerformerOf
3741,14037,PerformerOf
3742,8273,PerformerOf
3742,3747,PerformerOf
3742,4509,PerformerOf
3742,7969,PerformerOf
3742,11938,PerformerOf
3742,14037,PerformerOf
3742,15521,PerformerOf
3744,3743,PerformerOf
3745,8075,PerformerOf
3749,3748,PerformerOf
3751,3750,PerformerOf
3751,6793,PerformerOf
3751,15590,PerformerOf
3752,3750,PerformerOf
3752,6793,PerformerOf
3752,15590,PerformerOf
3753,3750,PerformerOf
3753,6793,PerformerOf
3753,9191,PerformerOf
3753,14627,PerformerOf
3753,16120,PerformerOf
3754,8257,PerformerOf
3754,3750,PerformerOf
3754,6793,PerformerOf
3754,15590,PerformerOf
3757,3756,PerformerOf
3760,3759,PerformerOf
3760,3881,PerformerOf
3760,12617,PerformerOf
3761,3759,PerformerOf
3761,3881,PerformerOf
3761,4117,PerformerOf
3762,3759,PerformerOf
3763,3759,PerformerOf
3763,3881,PerformerOf
3764,3759,PerformerOf
3764,4117,PerformerOf
3765,3759,PerformerOf
3765,4117,PerformerOf
3765,15339,PerformerOf
3765,16217,PerformerOf
3768,3766,PerformerOf
3769,3766,PerformerOf
3770,3766,PerformerOf
3774,3773,PerformerOf
3774,6376,PerformerOf
3775,3773,PerformerOf
3775,6376,PerformerOf
3775,8019,PerformerOf
3775,14021,PerformerOf
3777,3776,PerformerOf
3777,16352,PerformerOf
3780,3779,PerformerOf
3781,3779,PerformerOf
3781,5284,PerformerOf
3784,3782,PerformerOf
3785,3782,PerformerOf
3788,3787,PerformerOf
3789,3787,PerformerOf
3790,3787,PerformerOf
3791,3787,PerformerOf
3792,3787,PerformerOf
3796,3795,PerformerOf
3798,3797,PerformerOf
3802,3801,PerformerOf
3803,3801,PerformerOf
3804,3801,PerformerOf
3805,3801,PerformerOf
3807,3806,PerformerOf
3807,7752,PerformerOf
3808,3806,PerformerOf
3809,3806,PerformerOf
3810,3806,PerformerOf
3811,3806,PerformerOf
3812,7752,PerformerOf
3812,8332,PerformerOf
3814,3813,PerformerOf
3815,3813,PerformerOf
3816,3813,PerformerOf
3818,3813,PerformerOf
3820,10996,PerformerOf
3820,3819,PerformerOf
3820,8687,PerformerOf
3820,11875,PerformerOf
3820,16230,PerformerOf
3821,6787,PerformerOf
3824,8663,PerformerOf
3825,8663,PerformerOf
3827,3826,PerformerOf
3827,8770,PerformerOf
3829,3828,PerformerOf
3831,3828,PerformerOf
3832,3828,PerformerOf
3833,3828,PerformerOf
3833,12338,PerformerOf
3834,3828,PerformerOf
3835,3828,PerformerOf
3835,8359,PerformerOf
3835,13708,PerformerOf
3836,3828,PerformerOf
3839,4038,PerformerOf
3840,3837,PerformerOf
3841,3837,PerformerOf
3841,4038,PerformerOf
3842,3837,PerformerOf
3843,3837,PerformerOf
3843,4038,PerformerOf
3843,13535,PerformerOf
3843,14621,PerformerOf
3846,3844,PerformerOf
3846,9616,PerformerOf
3846,12593,PerformerOf
3847,3844,PerformerOf
3847,12593,PerformerOf
3849,3844,PerformerOf
3849,12593,PerformerOf
3852,3850,PerformerOf
3853,3850,PerformerOf
3857,3856,PerformerOf
3857,14440,PerformerOf
3860,3859,PerformerOf
3861,7157,PerformerOf
3863,3862,PerformerOf
3863,16365,PerformerOf
3864,16365,PerformerOf
3866,3865,PerformerOf
3867,3865,PerformerOf
3867,6791,PerformerOf
3868,7089,PerformerOf
3868,13158,PerformerOf
3870,3869,PerformerOf
3872,3869,PerformerOf
3873,3869,PerformerOf
3874,3869,PerformerOf
3878,3876,PerformerOf
3880,3879,PerformerOf
3882,3881,PerformerOf
3883,3881,PerformerOf
3883,6293,PerformerOf
3886,3885,PerformerOf
3887,3885,PerformerOf
3888,3885,PerformerOf
3889,3885,PerformerOf
3890,3885,PerformerOf
3892,3891,PerformerOf
3893,3891,PerformerOf
3893,11567,PerformerOf
3894,3891,PerformerOf
3894,9693,PerformerOf
3894,11567,PerformerOf
3895,8620,PerformerOf
3895,9693,PerformerOf
3897,3896,PerformerOf
3897,15818,PerformerOf
3899,3898,PerformerOf
3900,3898,PerformerOf
3902,3898,PerformerOf
3905,3904,PerformerOf
3910,3909,PerformerOf
3911,3909,PerformerOf
3915,3913,PerformerOf
3915,8782,PerformerOf
3918,3917,PerformerOf
3919,3917,PerformerOf
3920,3917,PerformerOf
3921,3917,PerformerOf
3922,3917,PerformerOf
3924,3923,PerformerOf
3925,3923,PerformerOf
3926,3923,PerformerOf
3927,3923,PerformerOf
3928,3923,PerformerOf
3929,3923,PerformerOf
3934,3932,PerformerOf
3935,3932,PerformerOf
3936,15202,PerformerOf
3937,3932,PerformerOf
3937,8681,PerformerOf
3938,3932,PerformerOf
3938,4614,PerformerOf
3940,3939,PerformerOf
3941,3939,PerformerOf
3942,3939,PerformerOf
3944,3939,PerformerOf
3945,3939,PerformerOf
3946,3939,PerformerOf
3947,3939,PerformerOf
3948,3939,PerformerOf
3948,14014,PerformerOf
3952,3951,PerformerOf
3953,3951,PerformerOf
3955,3951,PerformerOf
3957,3956,PerformerOf
3958,3956,PerformerOf
3958,16547,PerformerOf
3959,3956,PerformerOf
3960,3956,PerformerOf
3961,3956,PerformerOf
3964,15070,PerformerOf
3964,3962,PerformerOf
3967,3966,PerformerOf
3967,8201,PerformerOf
3968,3966,PerformerOf
3968,8201,PerformerOf
3969,3966,PerformerOf
3969,8201,PerformerOf
3974,3972,PerformerOf
3975,3972,PerformerOf
3977,3972,PerformerOf
3979,3978,PerformerOf
3979,5609,PerformerOf
3980,3978,PerformerOf
3980,5609,PerformerOf
3981,3978,PerformerOf
3982,3978,PerformerOf
3982,5609,PerformerOf
3983,5609,PerformerOf
3987,3986,PerformerOf
3987,11568,PerformerOf
3988,3986,PerformerOf
3988,6177,PerformerOf
3989,3986,PerformerOf
3989,11538,PerformerOf
3990,3986,PerformerOf
3990,7804,PerformerOf
3990,11538,PerformerOf
3990,11568,PerformerOf
3990,13202,PerformerOf
3995,3993,PerformerOf
3996,3993,PerformerOf
3998,9389,PerformerOf
3999,3993,PerformerOf
4000,3993,PerformerOf
4005,4003,PerformerOf
4007,4006,PerformerOf
4007,8680,PerformerOf
4007,9122,PerformerOf
4009,12531,PerformerOf
4010,4008,PerformerOf
4011,4008,PerformerOf
4011,12531,PerformerOf
4011,16252,PerformerOf
4015,4014,PerformerOf
4016,4014,PerformerOf
4017,4014,PerformerOf
4018,4014,PerformerOf
4019,4014,PerformerOf
4021,4014,PerformerOf
4024,4023,PerformerOf
4025,4023,PerformerOf
4027,4023,PerformerOf
4030,4029,PerformerOf
4031,4029,PerformerOf
4032,4029,PerformerOf
4032,12079,PerformerOf
4033,4029,PerformerOf
4033,12079,PerformerOf
4035,4034,PerformerOf
4035,12441,PerformerOf
4037,4034,PerformerOf
4037,12441,PerformerOf
4039,4038,PerformerOf
4040,4038,PerformerOf
4041,4038,PerformerOf
4042,4038,PerformerOf
4043,4038,PerformerOf
4044,4038,PerformerOf
4045,4038,PerformerOf
4045,10648,PerformerOf
4047,4046,PerformerOf
4048,4046,PerformerOf
4049,4046,PerformerOf
4050,4046,PerformerOf
4052,4051,PerformerOf
4054,4051,PerformerOf
4056,4055,PerformerOf
4057,11678,PerformerOf
4058,4055,PerformerOf
4058,5415,PerformerOf
4058,11678,PerformerOf
4060,4059,PerformerOf
4061,4059,PerformerOf
4063,4059,PerformerOf
4064,6790,PerformerOf
4065,4059,PerformerOf
4066,4059,PerformerOf
4070,4069,PerformerOf
4072,4071,PerformerOf
4072,11116,PerformerOf
4073,4071,PerformerOf
4073,11116,PerformerOf
4073,13213,PerformerOf
4074,4071,PerformerOf
4074,13213,PerformerOf
4075,4071,PerformerOf
4075,8754,PerformerOf
4075,11116,PerformerOf
4075,13213,PerformerOf
4076,4071,PerformerOf
4076,13213,PerformerOf
4078,4077,PerformerOf
4079,4077,PerformerOf
4080,4077,PerformerOf
4082,4077,PerformerOf
4083,8676,PerformerOf
4087,4085,PerformerOf
4089,4085,PerformerOf
4091,4090,PerformerOf
4092,4090,PerformerOf
4092,4498,PerformerOf
4092,4935,PerformerOf
4092,7571,PerformerOf
4092,10468,PerformerOf
4093,4090,PerformerOf
4093,7571,PerformerOf
4096,4095,PerformerOf
4096,8332,PerformerOf
4097,4095,PerformerOf
4097,8332,PerformerOf
4098,4095,PerformerOf
4098,5273,PerformerOf
4098,10469,PerformerOf
4098,10736,PerformerOf
4098,11072,PerformerOf
4103,4100,PerformerOf
4106,4105,PerformerOf
4108,4107,PerformerOf
4109,4107,PerformerOf
4110,4107,PerformerOf
4113,4112,PerformerOf
4114,4112,PerformerOf
4118,4117,PerformerOf
4118,9933,PerformerOf
4119,4117,PerformerOf
4121,4120,PerformerOf
4124,4123,PerformerOf
4124,14606,PerformerOf
4125,4123,PerformerOf
4125,5882,PerformerOf
4125,9966,PerformerOf
4127,4126,PerformerOf
4128,4126,PerformerOf
4131,4126,PerformerOf
4131,6507,PerformerOf
4131,8225,PerformerOf
4131,9719,PerformerOf
4131,11617,PerformerOf
4131,15532,PerformerOf
4132,4126,PerformerOf
4133,4126,PerformerOf
4134,4126,PerformerOf
4134,6507,PerformerOf
4134,8225,PerformerOf
4134,11617,PerformerOf
4134,15532,PerformerOf
4138,4136,PerformerOf
4139,4136,PerformerOf
4141,4140,PerformerOf
4141,7399,PerformerOf
4141,13705,PerformerOf
4142,4140,PerformerOf
4143,4140,PerformerOf
4144,4140,PerformerOf
4144,6412,PerformerOf
4145,4140,PerformerOf
4145,7399,PerformerOf
4146,4140,PerformerOf
4147,4140,PerformerOf
4147,6412,PerformerOf
4149,4377,PerformerOf
4149,6865,PerformerOf
4150,4148,PerformerOf
4152,4151,PerformerOf
4153,4151,PerformerOf
4154,4151,PerformerOf
4154,13781,PerformerOf
4156,4155,PerformerOf
4157,4155,PerformerOf
4158,4155,PerformerOf
4159,4155,PerformerOf
4160,15494,PerformerOf
4161,4155,PerformerOf
4162,4155,PerformerOf
4163,4155,PerformerOf
4164,4155,PerformerOf
4170,14835,PerformerOf
4171,4169,PerformerOf
4171,7929,PerformerOf
4171,15150,PerformerOf
4171,16697,PerformerOf
4173,4172,PerformerOf
4174,4172,PerformerOf
4175,4172,PerformerOf
4176,4172,PerformerOf
4176,10950,PerformerOf
4179,4178,PerformerOf
4181,7923,PerformerOf
4181,9267,PerformerOf
4181,15339,PerformerOf
4182,4178,PerformerOf
4184,4183,PerformerOf
4185,4183,PerformerOf
4185,5154,PerformerOf
4185,11329,PerformerOf
4185,12617,PerformerOf
4185,14177,PerformerOf
4189,4188,PerformerOf
4189,4335,PerformerOf
4189,7860,PerformerOf
4192,4190,PerformerOf
4195,4194,PerformerOf
4196,4194,PerformerOf
4196,11195,PerformerOf
4197,4194,PerformerOf
4198,4194,PerformerOf
4199,4194,PerformerOf
4200,4194,PerformerOf
4201,4194,PerformerOf
4201,9025,PerformerOf
4202,4194,PerformerOf
4203,4194,PerformerOf
4205,4204,PerformerOf
4209,4208,PerformerOf
4209,14615,PerformerOf
4210,4208,PerformerOf
4210,14615,PerformerOf
4210,16739,PerformerOf
4211,4208,PerformerOf
4213,4212,PerformerOf
4215,4212,PerformerOf
4217,4216,PerformerOf
4219,4216,PerformerOf
4219,10730,PerformerOf
4220,13616,PerformerOf
4220,15084,PerformerOf
4223,4222,PerformerOf
4224,4222,PerformerOf
4230,4229,PerformerOf
4231,4606,PerformerOf
4231,15980,PerformerOf
4231,9902,PerformerOf
4231,16179,PerformerOf
4234,4233,PerformerOf
4235,4233,PerformerOf
4236,13240,PerformerOf
4237,4233,PerformerOf
4237,13240,PerformerOf
4238,4233,PerformerOf
4240,4649,PerformerOf
4241,4239,PerformerOf
4241,4649,PerformerOf
4242,4239,PerformerOf
4242,4649,PerformerOf
4244,4243,PerformerOf
4244,10153,PerformerOf
4245,4243,PerformerOf
4245,10153,PerformerOf
4246,4243,PerformerOf
4246,10153,PerformerOf
4248,4243,PerformerOf
4252,4250,PerformerOf
4255,4253,PerformerOf
4255,7271,PerformerOf
4255,8409,PerformerOf
4256,4253,PerformerOf
4256,7271,PerformerOf
4256,8983,PerformerOf
4257,7271,PerformerOf
4257,8409,PerformerOf
4258,7271,PerformerOf
4258,8983,PerformerOf
4259,4253,PerformerOf
4259,7271,PerformerOf
4259,8409,PerformerOf
4259,12469,PerformerOf
4259,14710,PerformerOf
4259,15944,PerformerOf
4262,4261,PerformerOf
4263,4261,PerformerOf
4264,4261,PerformerOf
4265,4261,PerformerOf
4266,4261,PerformerOf
4267,4261,PerformerOf
4268,4261,PerformerOf
4272,4271,PerformerOf
4274,4273,PerformerOf
4275,4273,PerformerOf
4276,4273,PerformerOf
4277,4273,PerformerOf
4278,4273,PerformerOf
4282,4281,PerformerOf
4282,15075,PerformerOf
4284,4283,PerformerOf
4284,6154,PerformerOf
4284,9479,PerformerOf
4284,10354,PerformerOf
4284,15539,PerformerOf
4285,4283,PerformerOf
4285,6154,PerformerOf
4285,6743,PerformerOf
4285,9479,PerformerOf
4285,9524,PerformerOf
4285,10657,PerformerOf
4285,12971,PerformerOf
4285,13008,PerformerOf
4285,15539,PerformerOf
4287,4283,PerformerOf
4287,9479,PerformerOf
4287,9524,PerformerOf
4287,10354,PerformerOf
4287,11241,PerformerOf
4287,12971,PerformerOf
4287,14909,PerformerOf
4287,15539,PerformerOf
4290,4288,PerformerOf
4290,12776,PerformerOf
4291,4288,PerformerOf
4292,4288,PerformerOf
4295,4294,PerformerOf
4296,4294,PerformerOf
4297,4294,PerformerOf
4298,4294,PerformerOf
4298,6065,PerformerOf
4300,5660,PerformerOf
4302,4299,PerformerOf
4303,4299,PerformerOf
4304,4299,PerformerOf
4307,4306,PerformerOf
4309,4306,PerformerOf
4310,4306,PerformerOf
4312,4306,PerformerOf
4315,4313,PerformerOf
4317,4316,PerformerOf
4318,4316,PerformerOf
4319,4316,PerformerOf
4319,6070,PerformerOf
4319,12689,PerformerOf
4320,4316,PerformerOf
4320,6070,PerformerOf
4324,4322,PerformerOf
4325,4322,PerformerOf
4326,4322,PerformerOf
4327,9305,PerformerOf
4327,15984,PerformerOf
4329,4328,PerformerOf
4333,4332,PerformerOf
4336,4335,PerformerOf
4336,14927,PerformerOf
4340,4337,PerformerOf
4343,4342,PerformerOf
4343,13429,PerformerOf
4344,4342,PerformerOf
4344,13429,PerformerOf
4346,4342,PerformerOf
4347,4342,PerformerOf
4347,12812,PerformerOf
4347,13374,PerformerOf
4347,13429,PerformerOf
4347,16061,PerformerOf
4349,4348,PerformerOf
4349,8233,PerformerOf
4350,4348,PerformerOf
4350,15994,PerformerOf
4351,4348,PerformerOf
4351,8233,PerformerOf
4351,15994,PerformerOf
4353,4352,PerformerOf
4354,4352,PerformerOf
4354,13047,PerformerOf
4355,12362,PerformerOf
4355,13047,PerformerOf
4356,9706,PerformerOf
4356,12362,PerformerOf
4356,13047,PerformerOf
4356,13256,PerformerOf
4356,14921,PerformerOf
4358,4357,PerformerOf
4359,4357,PerformerOf
4360,4357,PerformerOf
4363,4362,PerformerOf
4364,4362,PerformerOf
4369,4368,PerformerOf
4371,4368,PerformerOf
4373,4372,PerformerOf
4374,4372,PerformerOf
4375,4372,PerformerOf
4376,6163,PerformerOf
4380,4378,PerformerOf
4380,7658,PerformerOf
4382,4381,PerformerOf
4383,4381,PerformerOf
4385,4381,PerformerOf
4386,4381,PerformerOf
4386,4505,PerformerOf
4387,4381,PerformerOf
4388,4381,PerformerOf
4389,4381,PerformerOf
4390,4381,PerformerOf
4394,4393,PerformerOf
4394,6976,PerformerOf
4394,7224,PerformerOf
4394,13280,PerformerOf
4395,4393,PerformerOf
4395,6976,PerformerOf
4395,7224,PerformerOf
4395,13280,PerformerOf
4396,4393,PerformerOf
4397,6976,PerformerOf
4397,13280,PerformerOf
4398,4393,PerformerOf
4401,10376,PerformerOf
4401,12582,PerformerOf
4401,13229,PerformerOf
4403,4400,PerformerOf
4403,9105,PerformerOf
4403,12582,PerformerOf
4403,13229,PerformerOf
4407,4406,PerformerOf
4412,4411,PerformerOf
4412,11718,PerformerOf
4412,14834,PerformerOf
4412,5994,PerformerOf
4412,6193,PerformerOf
4412,10247,PerformerOf
4412,11537,PerformerOf
4412,11984,PerformerOf
4412,15609,PerformerOf
4416,4415,PerformerOf
4417,4415,PerformerOf
4418,4415,PerformerOf
4418,8014,PerformerOf
4418,9948,PerformerOf
4418,11528,PerformerOf
4418,13260,PerformerOf
4418,15267,PerformerOf
4419,4415,PerformerOf
4419,9992,PerformerOf
4419,11141,PerformerOf
4419,12410,PerformerOf
4422,4421,PerformerOf
4423,4421,PerformerOf
4423,14483,PerformerOf
4424,4421,PerformerOf
4424,14483,PerformerOf
4426,11830,PerformerOf
4428,4425,PerformerOf
4431,4430,PerformerOf
4433,4432,PerformerOf
4433,10434,PerformerOf
4433,15270,PerformerOf
4434,7826,PerformerOf
4434,10434,PerformerOf
4434,15270,PerformerOf
4435,4432,PerformerOf
4437,4436,PerformerOf
4438,4436,PerformerOf
4438,7729,PerformerOf
4438,8243,PerformerOf
4439,4436,PerformerOf
4440,4436,PerformerOf
4441,4436,PerformerOf
4441,7729,PerformerOf
4442,4436,PerformerOf
4443,4436,PerformerOf
4444,4436,PerformerOf
4445,4436,PerformerOf
4445,7729,PerformerOf
4445,11014,PerformerOf
4445,13648,PerformerOf
4445,15254,PerformerOf
4446,4436,PerformerOf
4449,4447,PerformerOf
4449,15877,PerformerOf
4450,15877,PerformerOf
4454,4453,PerformerOf
4455,4453,PerformerOf
4456,4453,PerformerOf
4456,8782,PerformerOf
4460,4459,PerformerOf
4461,4459,PerformerOf
4461,13026,PerformerOf
4462,4459,PerformerOf
4462,13026,PerformerOf
4463,4459,PerformerOf
4463,13026,PerformerOf
4465,4464,PerformerOf
4465,9672,PerformerOf
4465,10035,PerformerOf
4465,10075,PerformerOf
4465,15547,PerformerOf
4467,4466,PerformerOf
4467,8876,PerformerOf
4468,4466,PerformerOf
4469,4466,PerformerOf
4470,4466,PerformerOf
4470,8876,PerformerOf
4473,4472,PerformerOf
4475,4472,PerformerOf
4477,4476,PerformerOf
4478,4476,PerformerOf
4478,6251,PerformerOf
4479,4476,PerformerOf
4483,6189,PerformerOf
4483,5663,PerformerOf
4483,8812,PerformerOf
4483,9143,PerformerOf
4485,4484,PerformerOf
4486,4484,PerformerOf
4487,4484,PerformerOf
4490,4489,PerformerOf
4491,4489,PerformerOf
4494,4492,PerformerOf
4494,5685,PerformerOf
4494,8018,PerformerOf
4495,4492,PerformerOf
4495,5685,PerformerOf
4500,4498,PerformerOf
4500,4935,PerformerOf
4502,4501,PerformerOf
4503,4661,PerformerOf
4503,10535,PerformerOf
4503,10728,PerformerOf
4503,13976,PerformerOf
4504,13568,PerformerOf
4506,4505,PerformerOf
4507,4505,PerformerOf
4508,4505,PerformerOf
4508,13214,PerformerOf
4514,4511,PerformerOf
4519,4518,PerformerOf
4521,4518,PerformerOf
4522,4518,PerformerOf
4523,4518,PerformerOf
4524,4518,PerformerOf
4525,4518,PerformerOf
4526,4518,PerformerOf
4527,4518,PerformerOf
4529,4518,PerformerOf
4531,4518,PerformerOf
4535,4534,PerformerOf
4536,4534,PerformerOf
4537,4534,PerformerOf
4539,4538,PerformerOf
4542,4541,PerformerOf
4543,4541,PerformerOf
4545,4541,PerformerOf
4545,15261,PerformerOf
4546,4541,PerformerOf
4549,4547,PerformerOf
4550,4547,PerformerOf
4550,10532,PerformerOf
4550,11141,PerformerOf
4550,12313,PerformerOf
4550,13734,PerformerOf
4551,11141,PerformerOf
4553,4547,PerformerOf
4556,4555,PerformerOf
4558,4557,PerformerOf
4560,4559,PerformerOf
4563,4562,PerformerOf
4566,6505,PerformerOf
4566,9186,PerformerOf
4566,11767,PerformerOf
4566,12792,PerformerOf
4567,4565,PerformerOf
4567,5264,PerformerOf
4567,6505,PerformerOf
4567,9186,PerformerOf
4567,11767,PerformerOf
4567,12792,PerformerOf
4568,4565,PerformerOf
4568,5264,PerformerOf
4568,11767,PerformerOf
4568,12792,PerformerOf
4569,4565,PerformerOf
4569,5264,PerformerOf
4569,6505,PerformerOf
4569,9186,PerformerOf
4569,11767,PerformerOf
4569,12792,PerformerOf
4572,4571,PerformerOf
4572,4613,PerformerOf
4572,11640,PerformerOf
4573,4571,PerformerOf
4573,4613,PerformerOf
4573,11640,PerformerOf
4574,4571,PerformerOf
4574,4613,PerformerOf
4577,4576,PerformerOf
4577,9259,PerformerOf
4577,15741,PerformerOf
4578,9259,PerformerOf
4579,9259,PerformerOf
4579,15741,PerformerOf
4580,4576,PerformerOf
4580,15741,PerformerOf
4585,4583,PerformerOf
4587,4586,PerformerOf
4588,4586,PerformerOf
4590,4586,PerformerOf
4591,4586,PerformerOf
4592,4586,PerformerOf
4594,4593,PerformerOf
4595,4593,PerformerOf
4597,4596,PerformerOf
4597,16064,PerformerOf
4598,4596,PerformerOf
4599,4596,PerformerOf
4600,4596,PerformerOf
4601,4596,PerformerOf
4601,16064,PerformerOf
4603,4602,PerformerOf
4605,4604,PerformerOf
4608,4607,PerformerOf
4608,6211,PerformerOf
4608,8551,PerformerOf
4608,8892,PerformerOf
4608,13332,PerformerOf
4610,4609,PerformerOf
4611,4609,PerformerOf
4611,15957,PerformerOf
4616,4614,PerformerOf
4620,8987,PerformerOf
4621,4619,PerformerOf
4625,4624,PerformerOf
4625,12947,PerformerOf
4627,4626,PerformerOf
4627,10532,PerformerOf
4628,4626,PerformerOf
4628,13734,PerformerOf
4629,4626,PerformerOf
4629,13734,PerformerOf
4630,4626,PerformerOf
4630,10532,PerformerOf
4632,4631,PerformerOf
4632,5283,PerformerOf
4632,8288,PerformerOf
4632,10937,PerformerOf
4632,15936,PerformerOf
4633,4631,PerformerOf
4633,5386,PerformerOf
4633,10008,PerformerOf
4633,14293,PerformerOf
4633,15936,PerformerOf
4635,4634,PerformerOf
4636,4634,PerformerOf
4637,4634,PerformerOf
4640,4639,PerformerOf
4641,4639,PerformerOf
4642,4639,PerformerOf
4643,4639,PerformerOf
4647,4645,PerformerOf
4648,4645,PerformerOf
4654,4653,PerformerOf
4656,4653,PerformerOf
4656,9526,PerformerOf
4657,4653,PerformerOf
4657,7295,PerformerOf
4657,12518,PerformerOf
4659,4658,PerformerOf
4662,13976,PerformerOf
4663,13976,PerformerOf
4664,4661,PerformerOf
4664,10535,PerformerOf
4664,10728,PerformerOf
4664,13976,PerformerOf
4665,4661,PerformerOf
4665,9659,PerformerOf
4665,10728,PerformerOf
4665,13976,PerformerOf
4668,4666,PerformerOf
4669,4666,PerformerOf
4670,4666,PerformerOf
4670,7680,PerformerOf
4671,4666,PerformerOf
4672,4666,PerformerOf
4676,4675,PerformerOf
4676,10443,PerformerOf
4677,10443,PerformerOf
4678,4675,PerformerOf
4678,7107,PerformerOf
4678,10443,PerformerOf
4679,4675,PerformerOf
4679,10443,PerformerOf
4681,4680,PerformerOf
4682,10140,PerformerOf
4682,10825,PerformerOf
4683,10140,PerformerOf
4683,10825,PerformerOf
4685,4684,PerformerOf
4686,12998,PerformerOf
4688,4687,PerformerOf
4689,4687,PerformerOf
4689,6427,PerformerOf
4691,4687,PerformerOf
4691,6427,PerformerOf
4695,4694,PerformerOf
4696,4694,PerformerOf
4697,4694,PerformerOf
4699,4694,PerformerOf
4702,4701,PerformerOf
4702,10088,PerformerOf
4702,13154,PerformerOf
4703,4701,PerformerOf
4703,10088,PerformerOf
4703,13154,PerformerOf
4705,4704,PerformerOf
4706,4704,PerformerOf
4708,4704,PerformerOf
4709,4704,PerformerOf
4710,7414,PerformerOf
4712,4704,PerformerOf
4714,4713,PerformerOf
4715,4713,PerformerOf
4716,4713,PerformerOf
4716,15403,PerformerOf
4717,4713,PerformerOf
4719,4718,PerformerOf
4720,4718,PerformerOf
4727,4725,PerformerOf
4727,4985,PerformerOf
4729,4728,PerformerOf
4729,9116,PerformerOf
4729,14118,PerformerOf
4730,4728,PerformerOf
4730,9116,PerformerOf
4730,14118,PerformerOf
4731,4728,PerformerOf
4731,9116,PerformerOf
4731,14118,PerformerOf
4732,9116,PerformerOf
4732,14118,PerformerOf
4735,4733,PerformerOf
4740,4738,PerformerOf
4740,11485,PerformerOf
4743,4742,PerformerOf
4744,4742,PerformerOf
4745,4742,PerformerOf
4746,4742,PerformerOf
4746,12106,PerformerOf
4750,4749,PerformerOf
4751,4749,PerformerOf
4753,4752,PerformerOf
4753,9542,PerformerOf
4753,13389,PerformerOf
4753,14047,PerformerOf
4754,4752,PerformerOf
4755,13389,PerformerOf
4755,14047,PerformerOf
4756,4752,PerformerOf
4756,13389,PerformerOf
4756,14047,PerformerOf
4756,15839,PerformerOf
4759,4758,PerformerOf
4760,4758,PerformerOf
4761,4758,PerformerOf
4762,4758,PerformerOf
4762,12505,PerformerOf
4765,4764,PerformerOf
4766,4764,PerformerOf
4767,4764,PerformerOf
4767,12617,PerformerOf
4767,13574,PerformerOf
4768,4764,PerformerOf
4769,4764,PerformerOf
4771,4770,PerformerOf
4772,4770,PerformerOf
4773,4770,PerformerOf
4775,4774,PerformerOf
4776,9807,PerformerOf
4776,15775,PerformerOf
4778,4777,PerformerOf
4780,4777,PerformerOf
4783,13335,PerformerOf
4783,14566,PerformerOf
4783,14768,PerformerOf
4783,15687,PerformerOf
4785,4784,PerformerOf
4786,4784,PerformerOf
4787,4784,PerformerOf
4790,4789,PerformerOf
4791,8352,PerformerOf
4792,8352,PerformerOf
4793,4789,PerformerOf
4793,8352,PerformerOf
4796,4795,PerformerOf
4798,4795,PerformerOf
4799,4795,PerformerOf
4799,13781,PerformerOf
4802,4801,PerformerOf
4803,4801,PerformerOf
4806,4805,PerformerOf
4807,4805,PerformerOf
4808,4805,PerformerOf
4809,4805,PerformerOf
4810,4805,PerformerOf
4812,4805,PerformerOf
4813,4805,PerformerOf
4815,4814,PerformerOf
4816,4814,PerformerOf
4816,6521,PerformerOf
4816,9245,PerformerOf
4817,4814,PerformerOf
4819,8553,PerformerOf
4819,14859,PerformerOf
4820,4818,PerformerOf
4822,4821,PerformerOf
4823,4821,PerformerOf
4824,4821,PerformerOf
4825,4821,PerformerOf
4829,4827,PerformerOf
4829,15189,PerformerOf
4831,4830,PerformerOf
4832,4830,PerformerOf
4832,6415,PerformerOf
4833,4830,PerformerOf
4835,4834,PerformerOf
4836,4834,PerformerOf
4840,6367,PerformerOf
4841,4839,PerformerOf
4844,4843,PerformerOf
4844,11525,PerformerOf
4848,4847,PerformerOf
4848,9659,PerformerOf
4848,11712,PerformerOf
4848,15579,PerformerOf
4851,4849,PerformerOf
4852,4849,PerformerOf
4853,4849,PerformerOf
4855,4854,PerformerOf
4857,4856,PerformerOf
4860,4859,PerformerOf
4860,15212,PerformerOf
4863,4862,PerformerOf
4864,4862,PerformerOf
4867,4865,PerformerOf
4871,4870,PerformerOf
4871,9239,PerformerOf
4873,4872,PerformerOf
4874,4872,PerformerOf
4874,5664,PerformerOf
4874,9974,PerformerOf
4875,4872,PerformerOf
4877,4872,PerformerOf
4877,12410,PerformerOf
4881,4880,PerformerOf
4882,4880,PerformerOf
4886,4884,PerformerOf
4887,4884,PerformerOf
4888,4884,PerformerOf
4888,13923,PerformerOf
4889,4884,PerformerOf
4891,4890,PerformerOf
4891,15512,PerformerOf
4893,4892,PerformerOf
4896,4892,PerformerOf
4898,4897,PerformerOf
4898,10513,PerformerOf
4899,4897,PerformerOf
4901,5584,PerformerOf
4902,4900,PerformerOf
4902,15132,PerformerOf
4904,4903,PerformerOf
4905,4903,PerformerOf
4906,4903,PerformerOf
4910,4909,PerformerOf
4910,9412,PerformerOf
4913,4912,PerformerOf
4914,4912,PerformerOf
4915,4912,PerformerOf
4916,4912,PerformerOf
4917,4912,PerformerOf
4918,4912,PerformerOf
4923,4920,PerformerOf
4924,4920,PerformerOf
4928,4926,PerformerOf
4929,4926,PerformerOf
4930,4926,PerformerOf
4930,5469,PerformerOf
4930,10480,PerformerOf
4934,4933,PerformerOf
4936,4935,PerformerOf
4936,7571,PerformerOf
4940,4937,PerformerOf
4940,15135,PerformerOf
4941,4937,PerformerOf
4942,4937,PerformerOf
4943,4937,PerformerOf
4943,15135,PerformerOf
4946,4945,PerformerOf
4947,4945,PerformerOf
4948,4945,PerformerOf
4952,4950,PerformerOf
4953,4950,PerformerOf
4956,4955,PerformerOf
4960,4959,PerformerOf
4962,4961,PerformerOf
4963,4961,PerformerOf
4963,6687,PerformerOf
4963,9412,PerformerOf
4966,4965,PerformerOf
4967,4965,PerformerOf
4967,4996,PerformerOf
4971,7166,PerformerOf
4972,4969,PerformerOf
4974,4973,PerformerOf
4975,4973,PerformerOf
4976,4973,PerformerOf
4977,4973,PerformerOf
4978,4973,PerformerOf
4979,4973,PerformerOf
4979,11608,PerformerOf
4980,4973,PerformerOf
4980,14618,PerformerOf
4980,15793,PerformerOf
4983,4981,PerformerOf
4984,12759,PerformerOf
4986,4985,PerformerOf
4988,4985,PerformerOf
4989,4985,PerformerOf
4990,4985,PerformerOf
4993,6113,PerformerOf
4995,4992,PerformerOf
4997,4996,PerformerOf
4998,4996,PerformerOf
4999,4996,PerformerOf
5002,5001,PerformerOf
5006,5004,PerformerOf
5006,12759,PerformerOf
5007,5004,PerformerOf
5008,5004,PerformerOf
5010,5009,PerformerOf
5011,8846,PerformerOf
5011,12027,PerformerOf
5015,15360,PerformerOf
5016,5013,PerformerOf
5016,14902,PerformerOf
5016,16424,PerformerOf
5019,5018,PerformerOf
5020,5018,PerformerOf
5022,5021,PerformerOf
5022,9300,PerformerOf
5023,5021,PerformerOf
5023,9300,PerformerOf
5024,5021,PerformerOf
5024,9300,PerformerOf
5025,9300,PerformerOf
5026,5021,PerformerOf
5026,6268,PerformerOf
5026,6770,PerformerOf
5026,9300,PerformerOf
5026,9877,PerformerOf
5026,10722,PerformerOf
5026,11910,PerformerOf
5026,14156,PerformerOf
5030,5029,PerformerOf
5031,5029,PerformerOf
5032,5029,PerformerOf
5033,5029,PerformerOf
5033,16392,PerformerOf
5038,5035,PerformerOf
5038,7133,PerformerOf
5038,8118,PerformerOf
5038,11465,PerformerOf
5038,12784,PerformerOf
5038,15210,PerformerOf
5038,15381,PerformerOf
5038,15508,PerformerOf
5041,5040,PerformerOf
5042,5040,PerformerOf
5043,5837,PerformerOf
5048,5046,PerformerOf
5048,8785,PerformerOf
5048,13062,PerformerOf
5049,5046,PerformerOf
5049,8785,PerformerOf
5049,11195,PerformerOf
5049,13062,PerformerOf
5050,5046,PerformerOf
5050,8785,PerformerOf
5054,5053,PerformerOf
5054,13990,PerformerOf
5056,5055,PerformerOf
5060,5059,PerformerOf
5062,5061,PerformerOf
5063,5061,PerformerOf
5065,5061,PerformerOf
5067,5061,PerformerOf
5069,5068,PerformerOf
5072,5068,PerformerOf
5076,5075,PerformerOf
5076,7861,PerformerOf
5076,13582,PerformerOf
5080,5079,PerformerOf
5081,5079,PerformerOf
5082,5079,PerformerOf
5083,5079,PerformerOf
5084,5079,PerformerOf
5085,5079,PerformerOf
5086,5079,PerformerOf
5087,5079,PerformerOf
5087,16429,PerformerOf
5090,5089,PerformerOf
5091,5089,PerformerOf
5092,5089,PerformerOf
5093,5089,PerformerOf
5094,5089,PerformerOf
5094,13366,PerformerOf
5095,5089,PerformerOf
5097,5096,PerformerOf
5098,5096,PerformerOf
5101,5100,PerformerOf
5102,5100,PerformerOf
5104,5100,PerformerOf
5105,5100,PerformerOf
5106,6597,PerformerOf
5106,12705,PerformerOf
5107,8651,PerformerOf
5108,5100,PerformerOf
5112,8209,PerformerOf
5112,8930,PerformerOf
5112,10521,PerformerOf
5112,14262,PerformerOf
5112,14661,PerformerOf
5114,5113,PerformerOf
5114,6106,PerformerOf
5114,12292,PerformerOf
5115,6106,PerformerOf
5116,5113,PerformerOf
5116,6106,PerformerOf
5117,5113,PerformerOf
5117,6106,PerformerOf
5117,12292,PerformerOf
5118,12292,PerformerOf
5120,16719,PerformerOf
5121,5119,PerformerOf
5122,5119,PerformerOf
5122,16719,PerformerOf
5123,5119,PerformerOf
5123,16719,PerformerOf
5124,5119,PerformerOf
5124,16719,PerformerOf
5125,5119,PerformerOf
5127,5126,PerformerOf
5129,5126,PerformerOf
5129,6427,PerformerOf
5130,5126,PerformerOf
5135,5133,PerformerOf
5136,5133,PerformerOf
5138,5133,PerformerOf
5139,5133,PerformerOf
5140,5133,PerformerOf
5144,5142,PerformerOf
5145,5142,PerformerOf
5147,5146,PerformerOf
5148,5146,PerformerOf
5149,5146,PerformerOf
5150,5146,PerformerOf
5151,5146,PerformerOf
5151,16354,PerformerOf
5152,5146,PerformerOf
5155,5154,PerformerOf
5157,5154,PerformerOf
5160,5159,PerformerOf
5161,5159,PerformerOf
5162,5159,PerformerOf
5163,5159,PerformerOf
5164,5159,PerformerOf
5166,5165,PerformerOf
5167,5165,PerformerOf
5168,5165,PerformerOf
5169,5165,PerformerOf
5170,5165,PerformerOf
5171,5165,PerformerOf
5175,5173,PerformerOf
5176,5173,PerformerOf
5177,5173,PerformerOf
5179,5178,PerformerOf
5182,5181,PerformerOf
5183,5181,PerformerOf
5184,5181,PerformerOf
5185,5181,PerformerOf
5186,5181,PerformerOf
5186,7116,PerformerOf
5186,16570,PerformerOf
5187,5181,PerformerOf
5187,6006,PerformerOf
5187,7116,PerformerOf
5189,5188,PerformerOf
5190,5188,PerformerOf
5191,5188,PerformerOf
5192,5188,PerformerOf
5193,5188,PerformerOf
5196,5195,PerformerOf
5197,5195,PerformerOf
5198,5195,PerformerOf
5199,5195,PerformerOf
5201,5195,PerformerOf
5202,5195,PerformerOf
5205,5204,PerformerOf
5206,5204,PerformerOf
5207,5204,PerformerOf
5209,5204,PerformerOf
5209,9693,PerformerOf
5210,5204,PerformerOf
5210,9693,PerformerOf
5213,5212,PerformerOf
5213,7482,PerformerOf
5213,7671,PerformerOf
5213,9848,PerformerOf
5213,11352,PerformerOf
5213,13823,PerformerOf
5213,15578,PerformerOf
5213,16035,PerformerOf
5215,5214,PerformerOf
5217,5216,PerformerOf
5221,5220,PerformerOf
5221,9683,PerformerOf
5222,5220,PerformerOf
5223,5220,PerformerOf
5223,9683,PerformerOf
5225,5224,PerformerOf
5225,14203,PerformerOf
5226,5224,PerformerOf
5226,10815,PerformerOf
5228,5224,PerformerOf
5228,14203,PerformerOf
5229,5224,PerformerOf
5234,5233,PerformerOf
5235,5233,PerformerOf
5236,5233,PerformerOf
5237,5233,PerformerOf
5240,5238,PerformerOf
5241,5238,PerformerOf
5245,5243,PerformerOf
5248,5247,PerformerOf
5249,5247,PerformerOf
5250,5247,PerformerOf
5251,5247,PerformerOf
5253,5247,PerformerOf
5253,7235,PerformerOf
5255,5254,PerformerOf
5256,5254,PerformerOf
5256,14379,PerformerOf
5257,5254,PerformerOf
5257,14379,PerformerOf
5258,5310,PerformerOf
5258,5425,PerformerOf
5258,6253,PerformerOf
5258,10246,PerformerOf
5258,14379,PerformerOf
5258,15383,PerformerOf
5262,5260,PerformerOf
5266,5265,PerformerOf
5266,9503,PerformerOf
5269,5267,PerformerOf
5270,5267,PerformerOf
5271,5267,PerformerOf
5274,5273,PerformerOf
5277,5276,PerformerOf
5280,5279,PerformerOf
5280,16372,PerformerOf
5281,10549,PerformerOf
5281,13874,PerformerOf
5281,13984,PerformerOf
5281,14299,PerformerOf
5286,14074,PerformerOf
5286,16452,PerformerOf
5287,5285,PerformerOf
5291,5288,PerformerOf
5292,5288,PerformerOf
5292,9951,PerformerOf
5293,5288,PerformerOf
5293,9951,PerformerOf
5294,5288,PerformerOf
5294,9951,PerformerOf
5296,5295,PerformerOf
5297,5295,PerformerOf
5297,9105,PerformerOf
5298,5295,PerformerOf
5299,5295,PerformerOf
5301,5300,PerformerOf
5302,5300,PerformerOf
5302,7478,PerformerOf
5304,5300,PerformerOf
5304,7478,PerformerOf
5305,5300,PerformerOf
5305,7478,PerformerOf
5308,5307,PerformerOf
5308,13341,PerformerOf
5309,13341,PerformerOf
5311,5310,PerformerOf
5312,5310,PerformerOf
5313,5310,PerformerOf
5314,5310,PerformerOf
5314,15143,PerformerOf
5315,5310,PerformerOf
5316,15143,PerformerOf
5317,5310,PerformerOf
5319,14203,PerformerOf
5320,10815,PerformerOf
5321,5318,PerformerOf
5321,14203,PerformerOf
5323,5322,PerformerOf
5326,5325,PerformerOf
5328,5325,PerformerOf
5329,5325,PerformerOf
5329,14120,PerformerOf
5330,5325,PerformerOf
5330,5492,PerformerOf
5330,14872,PerformerOf
5332,5331,PerformerOf
5334,5331,PerformerOf
5334,8888,PerformerOf
5336,5335,PerformerOf
5337,5335,PerformerOf
5338,15362,PerformerOf
5340,5339,PerformerOf
5341,5339,PerformerOf
5344,5339,PerformerOf
5345,5339,PerformerOf
5345,7567,PerformerOf
5345,7920,PerformerOf
5345,9337,PerformerOf
5346,5339,PerformerOf
5349,5348,PerformerOf
5352,5351,PerformerOf
5353,5351,PerformerOf
5354,5351,PerformerOf
5355,5351,PerformerOf
5357,5356,PerformerOf
5357,11377,PerformerOf
5358,5356,PerformerOf
5358,11377,PerformerOf
5359,5356,PerformerOf
5359,11377,PerformerOf
5360,5356,PerformerOf
5360,5944,PerformerOf
5360,11377,PerformerOf
5362,5361,PerformerOf
5362,10521,PerformerOf
5362,11878,PerformerOf
5363,9123,PerformerOf
5365,5364,PerformerOf
5366,6456,PerformerOf
5366,6603,PerformerOf
5366,14080,PerformerOf
5366,16287,PerformerOf
5367,5364,PerformerOf
5367,8431,PerformerOf
5367,16287,PerformerOf
5368,5364,PerformerOf
5368,6456,PerformerOf
5368,6603,PerformerOf
5368,8431,PerformerOf
5368,14080,PerformerOf
5368,16287,PerformerOf
5369,5364,PerformerOf
5370,5364,PerformerOf
5370,6456,PerformerOf
5370,6603,PerformerOf
5370,8431,PerformerOf
5370,14080,PerformerOf
5370,16287,PerformerOf
5371,5364,PerformerOf
5371,14080,PerformerOf
5373,5372,PerformerOf
5373,12582,PerformerOf
5377,5376,PerformerOf
5380,5376,PerformerOf
5381,5376,PerformerOf
5381,16259,PerformerOf
5382,5376,PerformerOf
5382,9144,PerformerOf
5382,9454,PerformerOf
5382,11824,PerformerOf
5382,13480,PerformerOf
5382,15462,PerformerOf
5384,5383,PerformerOf
5385,5383,PerformerOf
5387,5386,PerformerOf
5388,5386,PerformerOf
5390,5389,PerformerOf
5393,5392,PerformerOf
5395,5394,PerformerOf
5395,13142,PerformerOf
5397,5396,PerformerOf
5398,5396,PerformerOf
5398,10997,PerformerOf
5398,13243,PerformerOf
5398,14053,PerformerOf
5399,5396,PerformerOf
5399,12027,PerformerOf
5400,12027,PerformerOf
5402,5396,PerformerOf
5402,10997,PerformerOf
5402,12027,PerformerOf
5404,5396,PerformerOf
5404,10997,PerformerOf
5408,5407,PerformerOf
5411,5410,PerformerOf
5412,5410,PerformerOf
5413,16734,PerformerOf
5417,5415,PerformerOf
5418,5415,PerformerOf
5419,5415,PerformerOf
5420,5415,PerformerOf
5421,5415,PerformerOf
5422,5415,PerformerOf
5422,8766,PerformerOf
5423,5415,PerformerOf
5426,5425,PerformerOf
5428,5427,PerformerOf
5429,5427,PerformerOf
5430,5427,PerformerOf
5433,12422,PerformerOf
5435,5432,PerformerOf
5440,5438,PerformerOf
5441,5438,PerformerOf
5442,5438,PerformerOf
5444,5438,PerformerOf
5445,5438,PerformerOf
5446,5438,PerformerOf
5447,5438,PerformerOf
5450,5448,PerformerOf
5453,5452,PerformerOf
5454,14120,PerformerOf
5456,5455,PerformerOf
5458,5457,PerformerOf
5459,6177,PerformerOf
5459,6272,PerformerOf
5459,6818,PerformerOf
5459,7804,PerformerOf
5463,5460,PerformerOf
5464,5460,PerformerOf
5465,5460,PerformerOf
5465,12833,PerformerOf
5465,14410,PerformerOf
5466,5460,PerformerOf
5467,5460,PerformerOf
5470,5469,PerformerOf
5471,5469,PerformerOf
5472,5469,PerformerOf
5474,5473,PerformerOf
5475,5473,PerformerOf
5478,5477,PerformerOf
5478,10673,PerformerOf
5479,5477,PerformerOf
5479,10673,PerformerOf
5479,15160,PerformerOf
5481,5480,PerformerOf
5481,13720,PerformerOf
5481,16371,PerformerOf
5482,5480,PerformerOf
5484,5483,PerformerOf
5484,6873,PerformerOf
5485,5483,PerformerOf
5486,5483,PerformerOf
5487,5483,PerformerOf
5490,5489,PerformerOf
5491,5489,PerformerOf
5493,5492,PerformerOf
5494,5492,PerformerOf
5495,5492,PerformerOf
5495,9483,PerformerOf
5496,5492,PerformerOf
5497,5492,PerformerOf
5497,14872,PerformerOf
5498,5492,PerformerOf
5499,5492,PerformerOf
5500,5492,PerformerOf
5501,5492,PerformerOf
5502,5492,PerformerOf
5502,9657,PerformerOf
5502,14872,PerformerOf
5503,5492,PerformerOf
5504,5492,PerformerOf
5504,14872,PerformerOf
5505,5492,PerformerOf
5508,5507,PerformerOf
5509,5507,PerformerOf
5510,5507,PerformerOf
5511,5507,PerformerOf
5515,5514,PerformerOf
5516,5514,PerformerOf
5521,5519,PerformerOf
5522,5519,PerformerOf
5523,5519,PerformerOf
5528,5527,PerformerOf
5529,5527,PerformerOf
5532,5530,PerformerOf
5533,5530,PerformerOf
5538,5535,PerformerOf
5539,5535,PerformerOf
5539,9770,PerformerOf
5539,9982,PerformerOf
5539,12104,PerformerOf
5541,5540,PerformerOf
5541,8359,PerformerOf
5542,5540,PerformerOf
5542,8653,PerformerOf
5542,13708,PerformerOf
5543,5540,PerformerOf
5543,13708,PerformerOf
5544,5540,PerformerOf
5544,8359,PerformerOf
5544,8653,PerformerOf
5544,13708,PerformerOf
5545,5540,PerformerOf
5548,5547,PerformerOf
5549,5547,PerformerOf
5549,7345,PerformerOf
5550,5547,PerformerOf
5552,5547,PerformerOf
5554,5547,PerformerOf
5554,7563,PerformerOf
5554,11737,PerformerOf
5554,15406,PerformerOf
5555,5547,PerformerOf
5557,5556,PerformerOf
5558,8213,PerformerOf
5562,5559,PerformerOf
5566,5565,PerformerOf
5567,5565,PerformerOf
5572,5571,PerformerOf
5573,5571,PerformerOf
5575,5574,PerformerOf
5578,5577,PerformerOf
5579,5577,PerformerOf
5580,5577,PerformerOf
5581,5577,PerformerOf
5585,5584,PerformerOf
5586,5584,PerformerOf
5587,5584,PerformerOf
5589,5588,PerformerOf
5592,5591,PerformerOf
5593,5591,PerformerOf
5594,5591,PerformerOf
5595,5591,PerformerOf
5596,5591,PerformerOf
5596,12631,PerformerOf
5597,5591,PerformerOf
5600,5599,PerformerOf
5602,5599,PerformerOf
5602,10645,PerformerOf
5602,12313,PerformerOf
5605,5603,PerformerOf
5606,5603,PerformerOf
5606,9059,PerformerOf
5608,15423,PerformerOf
5608,5603,PerformerOf
5608,14410,PerformerOf
5610,5609,PerformerOf
5612,5611,PerformerOf
5612,7325,PerformerOf
5612,7424,PerformerOf
5612,11404,PerformerOf
5612,11514,PerformerOf
5613,5611,PerformerOf
5613,11514,PerformerOf
5615,5614,PerformerOf
5615,6940,PerformerOf
5617,5616,PerformerOf
5619,7752,PerformerOf
5619,8332,PerformerOf
5619,10469,PerformerOf
5619,14875,PerformerOf
5621,5620,PerformerOf
5622,5620,PerformerOf
5623,5620,PerformerOf
5624,5620,PerformerOf
5626,5625,PerformerOf
5627,5625,PerformerOf
5630,5628,PerformerOf
5631,5628,PerformerOf
5634,5633,PerformerOf
5637,5636,PerformerOf
5640,5636,PerformerOf
5644,5643,PerformerOf
5644,10121,PerformerOf
5645,13891,PerformerOf
5645,15570,PerformerOf
5646,5643,PerformerOf
5646,10121,PerformerOf
5646,11939,PerformerOf
5646,13481,PerformerOf
5646,13891,PerformerOf
5646,15570,PerformerOf
5649,5647,PerformerOf
5649,8892,PerformerOf
5651,5647,PerformerOf
5655,5653,PerformerOf
5658,5657,PerformerOf
5659,5657,PerformerOf
5662,5660,PerformerOf
5662,16551,PerformerOf
5665,5664,PerformerOf
5665,16641,PerformerOf
5666,5664,PerformerOf
5667,5664,PerformerOf
5667,9974,PerformerOf
5667,16641,PerformerOf
5668,5664,PerformerOf
5669,5664,PerformerOf
5670,5664,PerformerOf
5671,5664,PerformerOf
5671,9974,PerformerOf
5674,5673,PerformerOf
5674,10835,PerformerOf
5676,10835,PerformerOf
5677,10835,PerformerOf
5683,5681,PerformerOf
5684,5681,PerformerOf
5688,5687,PerformerOf
5690,5689,PerformerOf
5692,5691,PerformerOf
5692,6364,PerformerOf
5695,5694,PerformerOf
5696,5694,PerformerOf
5700,5699,PerformerOf
5705,6245,PerformerOf
5705,16215,PerformerOf
5707,5706,PerformerOf
5708,5706,PerformerOf
5712,5711,PerformerOf
5713,5711,PerformerOf
5714,5711,PerformerOf
5715,5711,PerformerOf
5717,5711,PerformerOf
5719,5718,PerformerOf
5722,5718,PerformerOf
5724,5718,PerformerOf
5727,6210,PerformerOf
5727,6735,PerformerOf
5727,11948,PerformerOf
5727,15645,PerformerOf
5728,5726,PerformerOf
5728,6735,PerformerOf
5731,5730,PerformerOf
5732,5730,PerformerOf
5733,5730,PerformerOf
5734,5730,PerformerOf
5735,5730,PerformerOf
5738,5737,PerformerOf
5739,5737,PerformerOf
5740,5737,PerformerOf
5741,5737,PerformerOf
5747,5746,PerformerOf
5750,5746,PerformerOf
5750,15430,PerformerOf
5752,5751,PerformerOf
5753,5751,PerformerOf
5755,5751,PerformerOf
5756,5751,PerformerOf
5757,5751,PerformerOf
5758,5751,PerformerOf
5759,5751,PerformerOf
5760,5751,PerformerOf
5762,6108,PerformerOf
5763,5761,PerformerOf
5765,5764,PerformerOf
5765,16589,PerformerOf
5768,5767,PerformerOf
5769,5767,PerformerOf
5770,5767,PerformerOf
5772,5767,PerformerOf
5772,14167,PerformerOf
5772,16570,PerformerOf
5774,5773,PerformerOf
5775,5773,PerformerOf
5776,5773,PerformerOf
5778,5777,PerformerOf
5778,15881,PerformerOf
5779,5777,PerformerOf
5781,5777,PerformerOf
5781,7441,PerformerOf
5784,8845,PerformerOf
5785,5782,PerformerOf
5785,8845,PerformerOf
5789,5787,PerformerOf
5792,5790,PerformerOf
5793,5790,PerformerOf
5794,14023,PerformerOf
5795,5790,PerformerOf
5795,15005,PerformerOf
5797,5796,PerformerOf
5797,10681,PerformerOf
5798,5796,PerformerOf
5799,5796,PerformerOf
5799,10681,PerformerOf
5800,5796,PerformerOf
5803,5802,PerformerOf
5803,16440,PerformerOf
5805,5804,PerformerOf
5805,13297,PerformerOf
5805,15004,PerformerOf
5806,5804,PerformerOf
5806,13297,PerformerOf
5807,5804,PerformerOf
5807,13297,PerformerOf
5807,15004,PerformerOf
5809,5808,PerformerOf
5810,5808,PerformerOf
5811,5808,PerformerOf
5811,11586,PerformerOf
5814,5813,PerformerOf
5815,5813,PerformerOf
5816,5813,PerformerOf
5819,5818,PerformerOf
5820,5818,PerformerOf
5821,5818,PerformerOf
5827,5826,PerformerOf
5828,5826,PerformerOf
5829,5826,PerformerOf
5830,5826,PerformerOf
5831,5826,PerformerOf
5831,9780,PerformerOf
5834,5832,PerformerOf
5835,5832,PerformerOf
5836,5832,PerformerOf
5838,5837,PerformerOf
5842,5840,PerformerOf
5845,5844,PerformerOf
5845,8077,PerformerOf
5848,5847,PerformerOf
5851,5847,PerformerOf
5852,5847,PerformerOf
5853,5847,PerformerOf
5853,9735,PerformerOf
5855,5854,PerformerOf
5856,11187,PerformerOf
5857,5854,PerformerOf
5858,16400,PerformerOf
5861,5854,PerformerOf
5861,16400,PerformerOf
5862,5854,PerformerOf
5862,11187,PerformerOf
5863,5854,PerformerOf
5863,16400,PerformerOf
5864,5854,PerformerOf
5865,5854,PerformerOf
5865,11187,PerformerOf
5865,16400,PerformerOf
5867,5866,PerformerOf
5868,5866,PerformerOf
5869,5866,PerformerOf
5869,8750,PerformerOf
5869,15582,PerformerOf
5870,5866,PerformerOf
5874,5873,PerformerOf
5876,5873,PerformerOf
5878,5877,PerformerOf
5880,5877,PerformerOf
5884,5883,PerformerOf
5888,5887,PerformerOf
5890,7700,PerformerOf
5890,10138,PerformerOf
5892,5891,PerformerOf
5894,5893,PerformerOf
5895,5893,PerformerOf
5896,5893,PerformerOf
5897,5893,PerformerOf
5898,5893,PerformerOf
5899,5893,PerformerOf
5900,5893,PerformerOf
5901,5893,PerformerOf
5902,5893,PerformerOf
5902,10173,PerformerOf
5903,5893,PerformerOf
5904,5893,PerformerOf
5908,5907,PerformerOf
5908,6298,PerformerOf
5908,8173,PerformerOf
5908,10114,PerformerOf
5908,10350,PerformerOf
5908,11830,PerformerOf
5908,14670,PerformerOf
5909,5907,PerformerOf
5909,6298,PerformerOf
5909,8173,PerformerOf
5910,6298,PerformerOf
5910,10114,PerformerOf
5910,10616,PerformerOf
5912,5911,PerformerOf
5912,6396,PerformerOf
5914,5913,PerformerOf
5917,5916,PerformerOf
5922,5921,PerformerOf
5922,7033,PerformerOf
5924,5923,PerformerOf
5925,5923,PerformerOf
5926,5923,PerformerOf
5927,5923,PerformerOf
5929,5928,PerformerOf
5931,5930,PerformerOf
5933,12291,PerformerOf
5934,5930,PerformerOf
5935,5930,PerformerOf
5935,12291,PerformerOf
5936,12291,PerformerOf
5939,5938,PerformerOf
5940,5938,PerformerOf
5941,5938,PerformerOf
5942,5938,PerformerOf
5943,5938,PerformerOf
5946,5944,PerformerOf
5947,5944,PerformerOf
5948,5944,PerformerOf
5951,16513,PerformerOf
5951,5949,PerformerOf
5951,7572,PerformerOf
5951,11712,PerformerOf
5953,5952,PerformerOf
5955,12547,PerformerOf
5959,5958,PerformerOf
5959,8936,PerformerOf
5961,5960,PerformerOf
5963,5960,PerformerOf
5964,5960,PerformerOf
5966,5965,PerformerOf
5969,5965,PerformerOf
5970,5965,PerformerOf
5973,5972,PerformerOf
5973,8937,PerformerOf
5973,16727,PerformerOf
5974,5972,PerformerOf
5974,8937,PerformerOf
5974,16727,PerformerOf
5975,5972,PerformerOf
5975,8937,PerformerOf
5976,8937,PerformerOf
5976,16727,PerformerOf
5977,5972,PerformerOf
5977,8937,PerformerOf
5978,5972,PerformerOf
5978,8937,PerformerOf
5982,5981,PerformerOf
5983,5981,PerformerOf
5983,7452,PerformerOf
5984,5981,PerformerOf
5985,5981,PerformerOf
5987,5986,PerformerOf
5987,6191,PerformerOf
5988,15652,PerformerOf
5989,5986,PerformerOf
5990,5986,PerformerOf
5990,6191,PerformerOf
5990,15652,PerformerOf
5995,5994,PerformerOf
5995,9817,PerformerOf
5997,5996,PerformerOf
5998,5996,PerformerOf
6000,5996,PerformerOf
6002,12721,PerformerOf
6005,6004,PerformerOf
6007,6006,PerformerOf
6009,6008,PerformerOf
6010,6008,PerformerOf
6011,6008,PerformerOf
6013,6008,PerformerOf
6014,6008,PerformerOf
6015,6008,PerformerOf
6016,6008,PerformerOf
6017,6008,PerformerOf
6017,11251,PerformerOf
6018,6008,PerformerOf
6023,6022,PerformerOf
6025,6024,PerformerOf
6026,6024,PerformerOf
6029,6028,PerformerOf
6029,6363,PerformerOf
6030,6363,PerformerOf
6031,6028,PerformerOf
6031,6363,PerformerOf
6032,6363,PerformerOf
6032,14840,PerformerOf
6036,6035,PerformerOf
6036,9284,PerformerOf
6036,10600,PerformerOf
6036,10674,PerformerOf
6036,16617,PerformerOf
6037,6035,PerformerOf
6037,13930,PerformerOf
6038,6035,PerformerOf
6039,6035,PerformerOf
6039,10600,PerformerOf
6039,13930,PerformerOf
6039,16617,PerformerOf
6042,6041,PerformerOf
6044,6041,PerformerOf
6046,6041,PerformerOf
6048,6041,PerformerOf
6050,6049,PerformerOf
6050,7137,PerformerOf
6052,6051,PerformerOf
6052,9230,PerformerOf
6052,11736,PerformerOf
6052,14333,PerformerOf
6053,9230,PerformerOf
6053,11736,PerformerOf
6055,6054,PerformerOf
6055,7089,PerformerOf
6055,13158,PerformerOf
6056,6054,PerformerOf
6056,13158,PerformerOf
6057,6054,PerformerOf
6057,7089,PerformerOf
6058,6054,PerformerOf
6059,6054,PerformerOf
6060,6054,PerformerOf
6060,13158,PerformerOf
6062,6061,PerformerOf
6063,11078,PerformerOf
6066,8920,PerformerOf
6067,6065,PerformerOf
6067,8920,PerformerOf
6068,6065,PerformerOf
6069,6065,PerformerOf
6071,6070,PerformerOf
6073,6072,PerformerOf
6075,6074,PerformerOf
6078,6076,PerformerOf
6079,6076,PerformerOf
6081,6080,PerformerOf
6082,6080,PerformerOf
6083,10704,PerformerOf
6083,10782,PerformerOf
6083,13080,PerformerOf
6084,6080,PerformerOf
6085,6080,PerformerOf
6085,9219,PerformerOf
6086,6080,PerformerOf
6088,6087,PerformerOf
6089,6087,PerformerOf
6089,7893,PerformerOf
6089,11457,PerformerOf
6090,6087,PerformerOf
6090,7893,PerformerOf
6091,6087,PerformerOf
6093,15310,PerformerOf
6094,6092,PerformerOf
6095,6092,PerformerOf
6098,6092,PerformerOf
6098,8511,PerformerOf
6098,10601,PerformerOf
6099,6092,PerformerOf
6099,14969,PerformerOf
6104,6103,PerformerOf
6107,6106,PerformerOf
6109,6108,PerformerOf
6114,6113,PerformerOf
6115,6113,PerformerOf
6116,6113,PerformerOf
6117,6113,PerformerOf
6117,15345,PerformerOf
6118,6113,PerformerOf
6121,6120,PerformerOf
6124,6120,PerformerOf
6125,6120,PerformerOf
6127,6126,PerformerOf
6129,6126,PerformerOf
6131,6130,PerformerOf
6131,13436,PerformerOf
6132,6130,PerformerOf
6134,6130,PerformerOf
6134,13436,PerformerOf
6135,6130,PerformerOf
6135,13436,PerformerOf
6136,6130,PerformerOf
6138,12218,PerformerOf
6139,6137,PerformerOf
6140,6137,PerformerOf
6144,6142,PerformerOf
6145,6142,PerformerOf
6146,6142,PerformerOf
6147,6142,PerformerOf
6149,6148,PerformerOf
6150,6148,PerformerOf
6152,6151,PerformerOf
6155,13008,PerformerOf
6159,6864,PerformerOf
6159,15241,PerformerOf
6161,6160,PerformerOf
6164,6163,PerformerOf
6165,6163,PerformerOf
6166,6163,PerformerOf
6167,6163,PerformerOf
6169,6168,PerformerOf
6171,6170,PerformerOf
6172,6170,PerformerOf
6173,6170,PerformerOf
6174,6170,PerformerOf
6175,7854,PerformerOf
6176,6170,PerformerOf
6178,6177,PerformerOf
6179,6177,PerformerOf
6181,6180,PerformerOf
6181,6643,PerformerOf
6182,6180,PerformerOf
6182,6643,PerformerOf
6184,6183,PerformerOf
6186,6183,PerformerOf
6187,6183,PerformerOf
6188,6183,PerformerOf
6192,6191,PerformerOf
6192,15652,PerformerOf
6195,6194,PerformerOf
6196,6194,PerformerOf
6198,6194,PerformerOf
6198,6949,PerformerOf
6198,14890,PerformerOf
6198,16505,PerformerOf
6199,6194,PerformerOf
6202,6201,PerformerOf
6207,6205,PerformerOf
6208,6205,PerformerOf
6212,6211,PerformerOf
6213,6211,PerformerOf
6215,6211,PerformerOf
6219,6218,PerformerOf
6220,6218,PerformerOf
6223,6218,PerformerOf
6223,10241,PerformerOf
6224,6218,PerformerOf
6225,6218,PerformerOf
6225,10241,PerformerOf
6225,10814,PerformerOf
6226,6218,PerformerOf
6228,6227,PerformerOf
6228,8872,PerformerOf
6230,10342,PerformerOf
6234,6233,PerformerOf
6234,8245,PerformerOf
6234,10855,PerformerOf
6236,6235,PerformerOf
6237,6235,PerformerOf
6238,6235,PerformerOf
6239,6235,PerformerOf
6240,6235,PerformerOf
6241,6235,PerformerOf
6242,6235,PerformerOf
6243,6235,PerformerOf
6244,6235,PerformerOf
6247,6246,PerformerOf
6247,13751,PerformerOf
6249,6246,PerformerOf
6254,6253,PerformerOf
6255,6253,PerformerOf
6258,6257,PerformerOf
6259,6257,PerformerOf
6260,6257,PerformerOf
6265,6263,PerformerOf
6266,6263,PerformerOf
6269,6268,PerformerOf
6269,14156,PerformerOf
6270,9657,PerformerOf
6270,15841,PerformerOf
6273,6272,PerformerOf
6274,6272,PerformerOf
6275,6272,PerformerOf
6275,6818,PerformerOf
6277,6276,PerformerOf
6280,6279,PerformerOf
6282,6279,PerformerOf
6287,6286,PerformerOf
6288,6286,PerformerOf
6290,6289,PerformerOf
6291,6289,PerformerOf
6292,6289,PerformerOf
6294,6293,PerformerOf
6296,6293,PerformerOf
6299,6298,PerformerOf
6302,6301,PerformerOf
6303,6301,PerformerOf
6304,6301,PerformerOf
6306,6301,PerformerOf
6308,6307,PerformerOf
6310,6307,PerformerOf
6311,6307,PerformerOf
6312,6307,PerformerOf
6312,14165,PerformerOf
6312,16686,PerformerOf
6314,14628,PerformerOf
6316,6393,PerformerOf
6316,8445,PerformerOf
6316,9040,PerformerOf
6316,14066,PerformerOf
6316,16631,PerformerOf
6316,16652,PerformerOf
6317,6315,PerformerOf
6317,6393,PerformerOf
6317,8445,PerformerOf
6317,14066,PerformerOf
6321,6318,PerformerOf
6323,6322,PerformerOf
6324,6322,PerformerOf
6326,6322,PerformerOf
6326,15032,PerformerOf
6328,6327,PerformerOf
6328,15826,PerformerOf
6331,6329,PerformerOf
6332,6329,PerformerOf
6332,14851,PerformerOf
6334,6333,PerformerOf
6335,6333,PerformerOf
6336,6967,PerformerOf
6340,6339,PerformerOf
6343,6342,PerformerOf
6345,6344,PerformerOf
6346,6344,PerformerOf
6348,6344,PerformerOf
6348,14075,PerformerOf
6348,15616,PerformerOf
6349,6344,PerformerOf
6352,6351,PerformerOf
6354,6351,PerformerOf
6355,6351,PerformerOf
6355,11888,PerformerOf
6359,6358,PerformerOf
6360,6358,PerformerOf
6360,15199,PerformerOf
6361,6358,PerformerOf
6362,6358,PerformerOf
6369,6368,PerformerOf
6369,15032,PerformerOf
6370,6368,PerformerOf
6370,12518,PerformerOf
6371,9420,PerformerOf
6371,14929,PerformerOf
6371,16017,PerformerOf
6373,6372,PerformerOf
6374,6372,PerformerOf
6375,6372,PerformerOf
6375,11249,PerformerOf
6378,6377,PerformerOf
6379,6377,PerformerOf
6380,6377,PerformerOf
6381,6377,PerformerOf
6384,6382,PerformerOf
6387,6386,PerformerOf
6388,6386,PerformerOf
6389,6386,PerformerOf
6391,6390,PerformerOf
6394,6393,PerformerOf
6395,6393,PerformerOf
6399,6398,PerformerOf
6400,6398,PerformerOf
6400,16736,PerformerOf
6401,6398,PerformerOf
6402,16736,PerformerOf
6403,6398,PerformerOf
6403,16736,PerformerOf
6405,6404,PerformerOf
6407,6406,PerformerOf
6408,6406,PerformerOf
6409,6406,PerformerOf
6410,6406,PerformerOf
6411,6406,PerformerOf
6413,6412,PerformerOf
6413,13216,PerformerOf
6414,6412,PerformerOf
6414,13216,PerformerOf
6420,6418,PerformerOf
6421,6418,PerformerOf
6424,15817,PerformerOf
6424,6423,PerformerOf
6424,9232,PerformerOf
6424,13732,PerformerOf
6424,14854,PerformerOf
6426,12582,PerformerOf
6431,6428,PerformerOf
6433,6428,PerformerOf
6433,9919,PerformerOf
6437,6435,PerformerOf
6437,15358,PerformerOf
6438,6435,PerformerOf
6439,6435,PerformerOf
6440,6435,PerformerOf
6441,15358,PerformerOf
6442,15358,PerformerOf
6444,6443,PerformerOf
6445,6443,PerformerOf
6446,6443,PerformerOf
6448,6447,PerformerOf
6449,6447,PerformerOf
6451,6447,PerformerOf
6452,6447,PerformerOf
6453,6447,PerformerOf
6457,6456,PerformerOf
6458,6456,PerformerOf
6458,6603,PerformerOf
6459,6456,PerformerOf
6460,6456,PerformerOf
6462,6461,PerformerOf
6464,6461,PerformerOf
6464,14237,PerformerOf
6465,6461,PerformerOf
6465,14237,PerformerOf
6468,6467,PerformerOf
6469,6467,PerformerOf
6470,6467,PerformerOf
6470,7709,PerformerOf
6470,11889,PerformerOf
6470,13580,PerformerOf
6471,6467,PerformerOf
6475,6474,PerformerOf
6477,6476,PerformerOf
6478,6476,PerformerOf
6479,6476,PerformerOf
6480,6476,PerformerOf
6483,6482,PerformerOf
6483,10844,PerformerOf
6483,12126,PerformerOf
6484,6482,PerformerOf
6484,14887,PerformerOf
6485,6482,PerformerOf
6486,6482,PerformerOf
6486,12395,PerformerOf
6487,6482,PerformerOf
6487,12395,PerformerOf
6488,6482,PerformerOf
6488,12395,PerformerOf
6490,6489,PerformerOf
6492,6489,PerformerOf
6494,6493,PerformerOf
6494,10791,PerformerOf
6498,6497,PerformerOf
6499,6497,PerformerOf
6500,14389,PerformerOf
6501,14389,PerformerOf
6506,6505,PerformerOf
6508,6507,PerformerOf
6509,6507,PerformerOf
6510,6507,PerformerOf
6511,6507,PerformerOf
6514,6513,PerformerOf
6515,6513,PerformerOf
6517,6513,PerformerOf
6518,6513,PerformerOf
6520,6513,PerformerOf
6522,6521,PerformerOf
6525,10741,PerformerOf
6525,12613,PerformerOf
6525,16432,PerformerOf
6526,6524,PerformerOf
6527,6524,PerformerOf
6528,6524,PerformerOf
6528,8766,PerformerOf
6528,10741,PerformerOf
6528,11985,PerformerOf
6528,12613,PerformerOf
6528,16432,PerformerOf
6530,6529,PerformerOf
6531,6529,PerformerOf
6532,6529,PerformerOf
6533,6529,PerformerOf
6534,6529,PerformerOf
6534,7452,PerformerOf
6534,8251,PerformerOf
6534,14746,PerformerOf
6534,15009,PerformerOf
6536,6535,PerformerOf
6539,6535,PerformerOf
6542,6541,PerformerOf
6544,6543,PerformerOf
6546,6543,PerformerOf
6549,6548,PerformerOf
6552,6551,PerformerOf
6553,6551,PerformerOf
6553,15752,PerformerOf
6554,6551,PerformerOf
6554,15752,PerformerOf
6555,10222,PerformerOf
6555,14647,PerformerOf
6555,15752,PerformerOf
6558,13945,PerformerOf
6559,6556,PerformerOf
6561,6560,PerformerOf
6563,6560,PerformerOf
6565,9397,PerformerOf
6565,11526,PerformerOf
6566,6564,PerformerOf
6566,11526,PerformerOf
6567,6564,PerformerOf
6567,11526,PerformerOf
6568,6564,PerformerOf
6568,9397,PerformerOf
6568,10893,PerformerOf
6568,11526,PerformerOf
6570,6569,PerformerOf
6571,6569,PerformerOf
6572,6569,PerformerOf
6572,16111,PerformerOf
6573,6569,PerformerOf
6574,6569,PerformerOf
6576,6575,PerformerOf
6576,14379,PerformerOf
6578,6577,PerformerOf
6579,6577,PerformerOf
6579,12490,PerformerOf
6580,6577,PerformerOf
6584,6581,PerformerOf
6585,6581,PerformerOf
6586,6581,PerformerOf
6589,6588,PerformerOf
6590,6588,PerformerOf
6590,15443,PerformerOf
6593,6592,PerformerOf
6596,6594,PerformerOf
6598,6597,PerformerOf
6599,6597,PerformerOf
6602,6597,PerformerOf
6604,6603,PerformerOf
6605,6603,PerformerOf
6605,14080,PerformerOf
6605,16287,PerformerOf
6607,6606,PerformerOf
6608,6606,PerformerOf
6608,15105,PerformerOf
6610,6606,PerformerOf
6610,9868,PerformerOf
6610,14626,PerformerOf
6610,16510,PerformerOf
6612,6611,PerformerOf
6613,14449,PerformerOf
6614,6611,PerformerOf
6615,6611,PerformerOf
6618,6617,PerformerOf
6619,6617,PerformerOf
6620,7691,PerformerOf
6620,14067,PerformerOf
6621,6617,PerformerOf
6622,6617,PerformerOf
6622,6941,PerformerOf
6622,7691,PerformerOf
6622,14543,PerformerOf
6622,16437,PerformerOf
6623,6617,PerformerOf
6623,16437,PerformerOf
6625,14896,PerformerOf
6626,6624,PerformerOf
6626,14896,PerformerOf
6627,6624,PerformerOf
6627,14896,PerformerOf
6629,6628,PerformerOf
6632,6628,PerformerOf
6634,6633,PerformerOf
6634,9503,PerformerOf
6636,14086,PerformerOf
6637,6635,PerformerOf
6638,6635,PerformerOf
6640,6639,PerformerOf
6641,6639,PerformerOf
6642,7221,PerformerOf
6646,6645,PerformerOf
6649,6645,PerformerOf
6650,6645,PerformerOf
6652,7086,PerformerOf
6652,12961,PerformerOf
6653,6651,PerformerOf
6653,12961,PerformerOf
6656,6655,PerformerOf
6657,6655,PerformerOf
6659,6658,PerformerOf
6659,14907,PerformerOf
6660,6658,PerformerOf
6662,6661,PerformerOf
6663,6661,PerformerOf
6664,6661,PerformerOf
6667,6665,PerformerOf
6667,7080,PerformerOf
6667,12386,PerformerOf
6668,6665,PerformerOf
6668,7080,PerformerOf
6669,12386,PerformerOf
6670,6665,PerformerOf
6671,6665,PerformerOf
6673,6672,PerformerOf
6676,6675,PerformerOf
6676,14285,PerformerOf
6677,14285,PerformerOf
6678,6675,PerformerOf
6681,6680,PerformerOf
6682,6680,PerformerOf
6682,14311,PerformerOf
6686,16295,PerformerOf
6686,6685,PerformerOf
6686,14863,PerformerOf
6689,6688,PerformerOf
6692,6688,PerformerOf
6694,11947,PerformerOf
6695,6693,PerformerOf
6696,11947,PerformerOf
6701,6699,PerformerOf
6703,6702,PerformerOf
6704,6702,PerformerOf
6706,6702,PerformerOf
6707,6702,PerformerOf
6710,6709,PerformerOf
6711,6709,PerformerOf
6712,6709,PerformerOf
6713,6709,PerformerOf
6715,6714,PerformerOf
6716,6714,PerformerOf
6717,6714,PerformerOf
6718,6714,PerformerOf
6719,6714,PerformerOf
6719,16570,PerformerOf
6722,6721,PerformerOf
6723,6721,PerformerOf
6724,6721,PerformerOf
6726,6725,PerformerOf
6726,8487,PerformerOf
6728,6725,PerformerOf
6730,6729,PerformerOf
6731,6729,PerformerOf
6732,6729,PerformerOf
6733,6729,PerformerOf
6734,6729,PerformerOf
6737,6736,PerformerOf
6737,7607,PerformerOf
6738,6736,PerformerOf
6739,6736,PerformerOf
6747,6746,PerformerOf
6748,6746,PerformerOf
6750,6746,PerformerOf
6754,6752,PerformerOf
6754,9158,PerformerOf
6755,6752,PerformerOf
6758,14072,PerformerOf
6759,6757,PerformerOf
6760,6757,PerformerOf
6760,14072,PerformerOf
6761,6757,PerformerOf
6761,14072,PerformerOf
6763,6762,PerformerOf
6764,6762,PerformerOf
6766,6765,PerformerOf
6768,6765,PerformerOf
6769,6765,PerformerOf
6771,6770,PerformerOf
6772,6770,PerformerOf
6776,6773,PerformerOf
6779,12013,PerformerOf
6779,14350,PerformerOf
6779,14992,PerformerOf
6779,15632,PerformerOf
6782,6780,PerformerOf
6782,8498,PerformerOf
6784,6780,PerformerOf
6795,6794,PerformerOf
6799,6798,PerformerOf
6800,6798,PerformerOf
6801,6798,PerformerOf
6802,6798,PerformerOf
6807,6805,PerformerOf
6807,13260,PerformerOf
6808,6805,PerformerOf
6808,8014,PerformerOf
6808,10368,PerformerOf
6811,6809,PerformerOf
6814,6812,PerformerOf
6814,16200,PerformerOf
6815,6812,PerformerOf
6816,6812,PerformerOf
6817,6812,PerformerOf
6819,6818,PerformerOf
6821,6820,PerformerOf
6823,6820,PerformerOf
6824,6820,PerformerOf
6825,6820,PerformerOf
6834,6833,PerformerOf
6836,6833,PerformerOf
6838,6837,PerformerOf
6840,6839,PerformerOf
6840,14421,PerformerOf
6842,6839,PerformerOf
6843,6839,PerformerOf
6843,14421,PerformerOf
6845,6844,PerformerOf
6846,6844,PerformerOf
6847,6844,PerformerOf
6849,6848,PerformerOf
6850,6915,PerformerOf
6852,6851,PerformerOf
6853,6851,PerformerOf
6855,6854,PerformerOf
6856,6854,PerformerOf
6857,6854,PerformerOf
6858,6854,PerformerOf
6861,6860,PerformerOf
6862,7782,PerformerOf
6866,10668,PerformerOf
6866,11729,PerformerOf
6867,6865,PerformerOf
6870,6869,PerformerOf
6874,6873,PerformerOf
6874,15462,PerformerOf
6876,6875,PerformerOf
6877,6875,PerformerOf
6878,6875,PerformerOf
6879,6875,PerformerOf
6883,6881,PerformerOf
6886,6885,PerformerOf
6887,6885,PerformerOf
6888,6885,PerformerOf
6889,14964,PerformerOf
6890,6885,PerformerOf
6890,7955,PerformerOf
6890,14964,PerformerOf
6891,6885,PerformerOf
6891,7955,PerformerOf
6892,6885,PerformerOf
6894,6893,PerformerOf
6897,6896,PerformerOf
6897,7754,PerformerOf
6900,6899,PerformerOf
6902,6901,PerformerOf
6903,6901,PerformerOf
6904,6901,PerformerOf
6905,6901,PerformerOf
6905,7736,PerformerOf
6906,11730,PerformerOf
6906,15217,PerformerOf
6907,6901,PerformerOf
6907,12650,PerformerOf
6911,6909,PerformerOf
6913,6912,PerformerOf
6913,14992,PerformerOf
6914,6912,PerformerOf
6914,8791,PerformerOf
6914,11259,PerformerOf
6917,6915,PerformerOf
6918,6915,PerformerOf
6919,6915,PerformerOf
6921,6920,PerformerOf
6922,6920,PerformerOf
6923,6920,PerformerOf
6924,6920,PerformerOf
6925,6920,PerformerOf
6926,6920,PerformerOf
6927,6920,PerformerOf
6929,6928,PerformerOf
6930,6928,PerformerOf
6931,6928,PerformerOf
6932,6928,PerformerOf
6933,6928,PerformerOf
6937,6935,PerformerOf
6938,6935,PerformerOf
6939,6935,PerformerOf
6939,7839,PerformerOf
6939,8078,PerformerOf
6939,11161,PerformerOf
6939,15841,PerformerOf
6942,6941,PerformerOf
6943,6941,PerformerOf
6947,6946,PerformerOf
6948,13799,PerformerOf
6948,15715,PerformerOf
6948,11363,PerformerOf
6948,13046,PerformerOf
6950,6949,PerformerOf
6950,10645,PerformerOf
6950,14890,PerformerOf
6950,16505,PerformerOf
6951,6949,PerformerOf
6952,6949,PerformerOf
6952,10645,PerformerOf
6953,6949,PerformerOf
6956,6954,PerformerOf
6956,11029,PerformerOf
6957,6954,PerformerOf
6958,6954,PerformerOf
6959,6954,PerformerOf
6959,11528,PerformerOf
6961,6960,PerformerOf
6962,6960,PerformerOf
6962,9905,PerformerOf
6963,6960,PerformerOf
6964,6960,PerformerOf
6965,6960,PerformerOf
6966,6960,PerformerOf
6969,6968,PerformerOf
6970,6968,PerformerOf
6971,6968,PerformerOf
6972,6968,PerformerOf
6973,6968,PerformerOf
6974,6968,PerformerOf
6974,11646,PerformerOf
6975,6968,PerformerOf
6978,6977,PerformerOf
6981,6979,PerformerOf
6982,6979,PerformerOf
6985,6984,PerformerOf
6986,6984,PerformerOf
6987,6984,PerformerOf
6991,6990,PerformerOf
6992,6990,PerformerOf
6993,6990,PerformerOf
6995,6994,PerformerOf
6996,6994,PerformerOf
6997,6994,PerformerOf
6998,6994,PerformerOf
6999,6994,PerformerOf
7002,7001,PerformerOf
7002,9756,PerformerOf
7003,7001,PerformerOf
7004,9803,PerformerOf
7007,7006,PerformerOf
7008,7006,PerformerOf
7009,7006,PerformerOf
7011,13631,PerformerOf
7013,7012,PerformerOf
7015,7014,PerformerOf
7018,7014,PerformerOf
7020,7019,PerformerOf
7021,7019,PerformerOf
7024,7019,PerformerOf
7025,7019,PerformerOf
7027,7026,PerformerOf
7029,7026,PerformerOf
7035,7034,PerformerOf
7035,14908,PerformerOf
7037,7036,PerformerOf
7039,7036,PerformerOf
7042,7041,PerformerOf
7043,7041,PerformerOf
7043,8904,PerformerOf
7044,9007,PerformerOf
7047,7045,PerformerOf
7048,7045,PerformerOf
7049,7045,PerformerOf
7050,7045,PerformerOf
7051,7045,PerformerOf
7053,11744,PerformerOf
7055,7054,PerformerOf
7055,10740,PerformerOf
7055,11438,PerformerOf
7055,14675,PerformerOf
7055,15964,PerformerOf
7057,7056,PerformerOf
7058,7056,PerformerOf
7060,7056,PerformerOf
7061,7056,PerformerOf
7062,7056,PerformerOf
7064,7063,PerformerOf
7065,7063,PerformerOf
7066,7063,PerformerOf
7069,7068,PerformerOf
7069,11423,PerformerOf
7070,7068,PerformerOf
7072,7068,PerformerOf
7072,11423,PerformerOf
7073,11423,PerformerOf
7075,14324,PerformerOf
7076,7074,PerformerOf
7076,12328,PerformerOf
7078,7077,PerformerOf
7081,7080,PerformerOf
7082,7080,PerformerOf
7083,7080,PerformerOf
7084,7080,PerformerOf
7084,12386,PerformerOf
7085,7080,PerformerOf
7085,11429,PerformerOf
7087,7086,PerformerOf
7088,7086,PerformerOf
7090,7089,PerformerOf
7091,7089,PerformerOf
7094,7092,PerformerOf
7095,7092,PerformerOf
7098,7097,PerformerOf
7102,7101,PerformerOf
7103,7101,PerformerOf
7104,7101,PerformerOf
7105,7101,PerformerOf
7108,7107,PerformerOf
7109,7107,PerformerOf
7110,7107,PerformerOf
7111,7107,PerformerOf
7112,7107,PerformerOf
7115,7114,PerformerOf
7117,14483,PerformerOf
7119,7118,PerformerOf
7120,7118,PerformerOf
7121,7118,PerformerOf
7121,15500,PerformerOf
7122,7118,PerformerOf
7124,7123,PerformerOf
7125,7123,PerformerOf
7130,7129,PerformerOf
7131,7129,PerformerOf
7132,7129,PerformerOf
7136,7133,PerformerOf
7139,7138,PerformerOf
7139,11644,PerformerOf
7139,15874,PerformerOf
7139,16421,PerformerOf
7141,7140,PerformerOf
7142,7140,PerformerOf
7143,7140,PerformerOf
7143,8676,PerformerOf
7143,15325,PerformerOf
7144,7140,PerformerOf
7145,7140,PerformerOf
7145,13961,PerformerOf
7146,7140,PerformerOf
7148,7147,PerformerOf
7148,16189,PerformerOf
7149,7147,PerformerOf
7150,7147,PerformerOf
7151,7147,PerformerOf
7154,7153,PerformerOf
7154,13023,PerformerOf
7155,7153,PerformerOf
7155,14435,PerformerOf
7156,7153,PerformerOf
7156,8560,PerformerOf
7156,10837,PerformerOf
7158,7157,PerformerOf
7159,7157,PerformerOf
7160,7157,PerformerOf
7163,7161,PerformerOf
7164,7161,PerformerOf
7168,7166,PerformerOf
7171,7170,PerformerOf
7172,7170,PerformerOf
7173,7170,PerformerOf
7174,7170,PerformerOf
7175,7170,PerformerOf
7178,7177,PerformerOf
7179,7177,PerformerOf
7179,9657,PerformerOf
7179,15841,PerformerOf
7181,7180,PerformerOf
7185,7184,PerformerOf
7186,7184,PerformerOf
7187,7184,PerformerOf
7192,7190,PerformerOf
7198,7197,PerformerOf
7199,7197,PerformerOf
7200,7197,PerformerOf
7202,7197,PerformerOf
7203,7197,PerformerOf
7206,7204,PerformerOf
7212,7209,PerformerOf
7214,7213,PerformerOf
7214,10928,PerformerOf
7214,11583,PerformerOf
7215,7213,PerformerOf
7215,11583,PerformerOf
7216,7213,PerformerOf
7216,10538,PerformerOf
7216,10928,PerformerOf
7217,7213,PerformerOf
7217,11583,PerformerOf
7218,7213,PerformerOf
7218,11583,PerformerOf
7219,7213,PerformerOf
7220,7213,PerformerOf
7223,7222,PerformerOf
7223,14429,PerformerOf
7225,7224,PerformerOf
7228,7226,PerformerOf
7228,15995,PerformerOf
7229,7226,PerformerOf
7230,7226,PerformerOf
7230,15995,PerformerOf
7231,15995,PerformerOf
7232,15995,PerformerOf
7233,7226,PerformerOf
7233,9545,PerformerOf
7233,15995,PerformerOf
7236,7235,PerformerOf
7237,7235,PerformerOf
7238,7235,PerformerOf
7240,7235,PerformerOf
7240,8651,PerformerOf
7240,11533,PerformerOf
7242,7241,PerformerOf
7245,7244,PerformerOf
7246,7244,PerformerOf
7246,9003,PerformerOf
7246,11447,PerformerOf
7247,7244,PerformerOf
7247,11447,PerformerOf
7251,7250,PerformerOf
7252,7250,PerformerOf
7252,11980,PerformerOf
7252,12629,PerformerOf
7252,14593,PerformerOf
7252,14884,PerformerOf
7252,16449,PerformerOf
7255,7254,PerformerOf
7256,7254,PerformerOf
7256,14543,PerformerOf
7257,7254,PerformerOf
7257,14543,PerformerOf
7258,7254,PerformerOf
7258,14543,PerformerOf
7259,7254,PerformerOf
7259,14543,PerformerOf
7260,7254,PerformerOf
7260,14543,PerformerOf
7262,7261,PerformerOf
7262,8494,PerformerOf
7262,12300,PerformerOf
7262,14240,PerformerOf
7265,7263,PerformerOf
7267,7266,PerformerOf
7268,7266,PerformerOf
7269,7266,PerformerOf
7272,7271,PerformerOf
7274,7273,PerformerOf
7275,7273,PerformerOf
7276,7273,PerformerOf
7279,7278,PerformerOf
7279,9564,PerformerOf
7279,11206,PerformerOf
7282,7281,PerformerOf
7283,7281,PerformerOf
7284,7281,PerformerOf
7285,7281,PerformerOf
7287,7286,PerformerOf
7288,7286,PerformerOf
7289,7286,PerformerOf
7290,7286,PerformerOf
7292,7291,PerformerOf
7294,7291,PerformerOf
7297,7296,PerformerOf
7297,16084,PerformerOf
7298,7296,PerformerOf
7300,7299,PerformerOf
7301,8758,PerformerOf
7301,13960,PerformerOf
7302,7299,PerformerOf
7305,7304,PerformerOf
7306,7304,PerformerOf
7306,10520,PerformerOf
7307,7304,PerformerOf
7307,10520,PerformerOf
7308,10520,PerformerOf
7309,7304,PerformerOf
7309,10520,PerformerOf
7312,7311,PerformerOf
7314,7313,PerformerOf
7315,7313,PerformerOf
7316,7313,PerformerOf
7317,7313,PerformerOf
7318,7313,PerformerOf
7321,7320,PerformerOf
7327,7326,PerformerOf
7328,7326,PerformerOf
7329,7326,PerformerOf
7331,7330,PerformerOf
7332,7330,PerformerOf
7333,7330,PerformerOf
7334,7330,PerformerOf
7337,7336,PerformerOf
7338,7336,PerformerOf
7338,9905,PerformerOf
7340,7336,PerformerOf
7342,12949,PerformerOf
7343,7341,PerformerOf
7343,8511,PerformerOf
7347,7345,PerformerOf
7349,7345,PerformerOf
7353,7351,PerformerOf
7357,7354,PerformerOf
7358,7354,PerformerOf
7359,7354,PerformerOf
7363,7361,PerformerOf
7364,7361,PerformerOf
7368,7366,PerformerOf
7372,7371,PerformerOf
7375,7374,PerformerOf
7376,7374,PerformerOf
7377,7374,PerformerOf
7378,7374,PerformerOf
7383,7381,PerformerOf
7384,7381,PerformerOf
7385,7381,PerformerOf
7387,7386,PerformerOf
7387,8331,PerformerOf
7387,9411,PerformerOf
7388,7386,PerformerOf
7388,8331,PerformerOf
7390,7389,PerformerOf
7390,7671,PerformerOf
7392,7389,PerformerOf
7392,13819,PerformerOf
7393,7389,PerformerOf
7396,7395,PerformerOf
7397,7395,PerformerOf
7397,13607,PerformerOf
7398,7395,PerformerOf
7398,8453,PerformerOf
7398,8640,PerformerOf
7398,15181,PerformerOf
7400,7399,PerformerOf
7401,7399,PerformerOf
7404,7403,PerformerOf
7407,7406,PerformerOf
7409,7408,PerformerOf
7410,7408,PerformerOf
7411,7408,PerformerOf
7413,7408,PerformerOf
7415,13543,PerformerOf
7416,12949,PerformerOf
7418,7417,PerformerOf
7420,7417,PerformerOf
7421,7417,PerformerOf
7421,7723,PerformerOf
7426,7425,PerformerOf
7427,7425,PerformerOf
7428,7425,PerformerOf
7429,7425,PerformerOf
7430,7425,PerformerOf
7432,8655,PerformerOf
7433,7431,PerformerOf
7437,7435,PerformerOf
7438,7435,PerformerOf
7439,7435,PerformerOf
7440,7435,PerformerOf
7442,7441,PerformerOf
7443,7441,PerformerOf
7444,7441,PerformerOf
7445,7441,PerformerOf
7446,7441,PerformerOf
7449,7448,PerformerOf
7453,7452,PerformerOf
7453,14746,PerformerOf
7456,7454,PerformerOf
7458,7457,PerformerOf
7459,7457,PerformerOf
7460,7457,PerformerOf
7462,7461,PerformerOf
7462,10071,PerformerOf
7463,7461,PerformerOf
7463,9802,PerformerOf
7463,10071,PerformerOf
7464,7461,PerformerOf
7464,9802,PerformerOf
7464,10071,PerformerOf
7467,7466,PerformerOf
7471,7469,PerformerOf
7475,7474,PerformerOf
7477,7474,PerformerOf
7480,7479,PerformerOf
7483,12161,PerformerOf
7485,7484,PerformerOf
7486,7484,PerformerOf
7489,13969,PerformerOf
7490,8428,PerformerOf
7490,15735,PerformerOf
7491,7488,PerformerOf
7491,15735,PerformerOf
7493,12718,PerformerOf
7494,7492,PerformerOf
7497,7495,PerformerOf
7498,7495,PerformerOf
7499,7495,PerformerOf
7500,7495,PerformerOf
7501,7495,PerformerOf
7503,7502,PerformerOf
7503,7747,PerformerOf
7504,7502,PerformerOf
7505,7502,PerformerOf
7505,7747,PerformerOf
7506,7502,PerformerOf
7506,7747,PerformerOf
7507,7502,PerformerOf
7507,7747,PerformerOf
7508,7502,PerformerOf
7508,7747,PerformerOf
7509,7502,PerformerOf
7509,7747,PerformerOf
7512,7511,PerformerOf
7513,7511,PerformerOf
7513,8630,PerformerOf
7514,7511,PerformerOf
7515,7511,PerformerOf
7515,15978,PerformerOf
7516,7511,PerformerOf
7516,9999,PerformerOf
7516,10444,PerformerOf
7516,11602,PerformerOf
7518,7517,PerformerOf
7519,7517,PerformerOf
7521,7520,PerformerOf
7523,7520,PerformerOf
7528,7525,PerformerOf
7529,7525,PerformerOf
7532,7531,PerformerOf
7532,11022,PerformerOf
7533,7531,PerformerOf
7533,13832,PerformerOf
7535,7534,PerformerOf
7536,7534,PerformerOf
7537,7534,PerformerOf
7538,7534,PerformerOf
7539,7534,PerformerOf
7542,7540,PerformerOf
7544,7543,PerformerOf
7545,7543,PerformerOf
7546,7543,PerformerOf
7548,7543,PerformerOf
7549,7543,PerformerOf
7552,16209,PerformerOf
7552,7551,PerformerOf
7556,7555,PerformerOf
7558,7555,PerformerOf
7560,7555,PerformerOf
7561,7555,PerformerOf
7562,7555,PerformerOf
7564,7563,PerformerOf
7564,11737,PerformerOf
7564,15406,PerformerOf
7565,7563,PerformerOf
7565,15406,PerformerOf
7569,12375,PerformerOf
7569,16404,PerformerOf
7570,7568,PerformerOf
7570,8731,PerformerOf
7570,16404,PerformerOf
7573,9173,PerformerOf
7576,7575,PerformerOf
7577,7575,PerformerOf
7579,7575,PerformerOf
7582,7581,PerformerOf
7583,7581,PerformerOf
7587,7584,PerformerOf
7591,7590,PerformerOf
7592,7590,PerformerOf
7595,7594,PerformerOf
7596,7594,PerformerOf
7598,7594,PerformerOf
7601,7600,PerformerOf
7603,7600,PerformerOf
7605,7604,PerformerOf
7605,10197,PerformerOf
7606,7604,PerformerOf
7606,10197,PerformerOf
7613,7611,PerformerOf
7616,14522,PerformerOf
7617,14522,PerformerOf
7619,7618,PerformerOf
7620,7618,PerformerOf
7621,7618,PerformerOf
7621,10086,PerformerOf
7622,7618,PerformerOf
7622,10086,PerformerOf
7623,7618,PerformerOf
7626,7624,PerformerOf
7627,7624,PerformerOf
7628,7624,PerformerOf
7631,7630,PerformerOf
7633,7632,PerformerOf
7635,7632,PerformerOf
7636,7632,PerformerOf
7637,7632,PerformerOf
7638,7632,PerformerOf
7639,7632,PerformerOf
7641,7640,PerformerOf
7642,7640,PerformerOf
7643,7640,PerformerOf
7645,7640,PerformerOf
7647,7646,PerformerOf
7648,7646,PerformerOf
7653,7652,PerformerOf
7654,7652,PerformerOf
7655,7652,PerformerOf
7656,7652,PerformerOf
7659,7658,PerformerOf
7660,7658,PerformerOf
7664,7663,PerformerOf
7665,7663,PerformerOf
7666,7663,PerformerOf
7670,7669,PerformerOf
7673,7672,PerformerOf
7677,7672,PerformerOf
7678,7672,PerformerOf
7681,7680,PerformerOf
7682,7680,PerformerOf
7683,7680,PerformerOf
7684,7680,PerformerOf
7685,7680,PerformerOf
7686,7680,PerformerOf
7688,7687,PerformerOf
7689,7687,PerformerOf
7690,7687,PerformerOf
7692,7691,PerformerOf
7692,14182,PerformerOf
7694,7693,PerformerOf
7695,7693,PerformerOf
7697,7693,PerformerOf
7698,7693,PerformerOf
7699,15001,PerformerOf
7699,15508,PerformerOf
7701,7700,PerformerOf
7702,7700,PerformerOf
7702,14125,PerformerOf
7703,7700,PerformerOf
7704,7700,PerformerOf
7708,7707,PerformerOf
7710,11889,PerformerOf
7710,13580,PerformerOf
7711,11889,PerformerOf
7715,7714,PerformerOf
7716,7714,PerformerOf
7717,7714,PerformerOf
7718,7714,PerformerOf
7718,15061,PerformerOf
7719,7714,PerformerOf
7725,7723,PerformerOf
7728,7727,PerformerOf
7728,13615,PerformerOf
7730,7729,PerformerOf
7731,7729,PerformerOf
7731,8009,PerformerOf
7732,7729,PerformerOf
7735,7733,PerformerOf
7735,11949,PerformerOf
7737,7736,PerformerOf
7738,7736,PerformerOf
7742,7741,PerformerOf
7743,7741,PerformerOf
7744,7741,PerformerOf
7745,7741,PerformerOf
7746,7741,PerformerOf
7749,7748,PerformerOf
7750,7748,PerformerOf
7751,7748,PerformerOf
7753,7752,PerformerOf
7755,7754,PerformerOf
7756,7754,PerformerOf
7757,7754,PerformerOf
7758,7754,PerformerOf
7762,7761,PerformerOf
7762,14266,PerformerOf
7764,7763,PerformerOf
7770,7769,PerformerOf
7771,7769,PerformerOf
7772,7769,PerformerOf
7774,10142,PerformerOf
7774,7773,PerformerOf
7779,7778,PerformerOf
7779,9085,PerformerOf
7780,7778,PerformerOf
7781,7778,PerformerOf
7783,7782,PerformerOf
7784,7782,PerformerOf
7785,7782,PerformerOf
7789,7787,PerformerOf
7790,7787,PerformerOf
7790,13080,PerformerOf
7791,7787,PerformerOf
7791,14767,PerformerOf
7792,7787,PerformerOf
7794,7793,PerformerOf
7795,7793,PerformerOf
7796,7793,PerformerOf
7800,16182,PerformerOf
7800,7799,PerformerOf
7800,9840,PerformerOf
7802,7799,PerformerOf
7805,7804,PerformerOf
7807,7804,PerformerOf
7808,7804,PerformerOf
7809,7804,PerformerOf
7811,7810,PerformerOf
7812,7810,PerformerOf
7813,7810,PerformerOf
7814,7810,PerformerOf
7815,7810,PerformerOf
7816,7810,PerformerOf
7817,7810,PerformerOf
7818,7810,PerformerOf
7820,7810,PerformerOf
7822,7821,PerformerOf
7825,7821,PerformerOf
7827,7826,PerformerOf
7829,7828,PerformerOf
7829,14505,PerformerOf
7832,7830,PerformerOf
7834,7830,PerformerOf
7835,7830,PerformerOf
7840,7839,PerformerOf
7841,7839,PerformerOf
7843,7842,PerformerOf
7843,13610,PerformerOf
7846,7844,PerformerOf
7848,7844,PerformerOf
7849,7844,PerformerOf
7852,7851,PerformerOf
7852,10552,PerformerOf
7852,10839,PerformerOf
7853,7851,PerformerOf
7853,14024,PerformerOf
7855,7854,PerformerOf
7856,7854,PerformerOf
7857,7854,PerformerOf
7862,7861,PerformerOf
7862,15443,PerformerOf
7864,7863,PerformerOf
7864,12146,PerformerOf
7864,12218,PerformerOf
7864,14880,PerformerOf
7865,12146,PerformerOf
7865,14880,PerformerOf
7867,15642,PerformerOf
7868,7866,PerformerOf
7869,7866,PerformerOf
7874,7873,PerformerOf
7875,7873,PerformerOf
7877,7876,PerformerOf
7878,7876,PerformerOf
7878,15285,PerformerOf
7879,7876,PerformerOf
7879,15285,PerformerOf
7880,9437,PerformerOf
7881,7876,PerformerOf
7883,13519,PerformerOf
7883,15970,PerformerOf
7884,7882,PerformerOf
7887,7886,PerformerOf
7887,11262,PerformerOf
7887,14645,PerformerOf
7888,7886,PerformerOf
7888,11262,PerformerOf
7888,14645,PerformerOf
7892,7891,PerformerOf
7895,7893,PerformerOf
7895,11110,PerformerOf
7895,14750,PerformerOf
7896,7893,PerformerOf
7899,7897,PerformerOf
7900,7897,PerformerOf
7903,7902,PerformerOf
7904,7902,PerformerOf
7905,7902,PerformerOf
7912,7908,PerformerOf
7915,7913,PerformerOf
7915,12661,PerformerOf
7916,7913,PerformerOf
7916,12661,PerformerOf
7916,13504,PerformerOf
7917,7913,PerformerOf
7919,7918,PerformerOf
7921,7920,PerformerOf
7924,7923,PerformerOf
7925,7923,PerformerOf
7927,7923,PerformerOf
7930,7929,PerformerOf
7931,7929,PerformerOf
7932,7929,PerformerOf
7933,7929,PerformerOf
7937,7936,PerformerOf
7937,11249,PerformerOf
7937,12611,PerformerOf
7937,13168,PerformerOf
7937,15063,PerformerOf
7937,15424,PerformerOf
7941,7939,PerformerOf
7941,11819,PerformerOf
7945,7944,PerformerOf
7948,7947,PerformerOf
7950,7949,PerformerOf
7951,7949,PerformerOf
7952,7949,PerformerOf
7953,7949,PerformerOf
7954,7949,PerformerOf
7956,14964,PerformerOf
7957,7955,PerformerOf
7957,14964,PerformerOf
7959,7958,PerformerOf
7960,7958,PerformerOf
7962,7961,PerformerOf
7965,7963,PerformerOf
7965,15804,PerformerOf
7968,7966,PerformerOf
7968,11495,PerformerOf
7970,7969,PerformerOf
7972,7971,PerformerOf
7973,7971,PerformerOf
7975,7971,PerformerOf
7976,7971,PerformerOf
7976,11801,PerformerOf
7978,7977,PerformerOf
7978,15099,PerformerOf
7981,7979,PerformerOf
7984,7982,PerformerOf
7985,7982,PerformerOf
7986,7982,PerformerOf
7988,7987,PerformerOf
7989,12920,PerformerOf
7991,7990,PerformerOf
7992,7990,PerformerOf
7992,16564,PerformerOf
7993,9549,PerformerOf
7995,7994,PerformerOf
7996,7994,PerformerOf
7997,7994,PerformerOf
8001,7999,PerformerOf
8002,7999,PerformerOf
8003,7999,PerformerOf
8007,15188,PerformerOf
8008,8006,PerformerOf
8010,8634,PerformerOf
8011,8009,PerformerOf
8011,8220,PerformerOf
8015,8014,PerformerOf
8016,8014,PerformerOf
8020,8019,PerformerOf
8022,8019,PerformerOf
8025,8024,PerformerOf
8026,8024,PerformerOf
8030,8029,PerformerOf
8030,16471,PerformerOf
8032,8029,PerformerOf
8033,8029,PerformerOf
8036,8035,PerformerOf
8037,8035,PerformerOf
8037,15894,PerformerOf
8039,8038,PerformerOf
8040,8038,PerformerOf
8040,10612,PerformerOf
8040,13841,PerformerOf
8042,8038,PerformerOf
8042,13841,PerformerOf
8043,13841,PerformerOf
8046,8045,PerformerOf
8047,8045,PerformerOf
8048,8045,PerformerOf
8051,8050,PerformerOf
8053,8050,PerformerOf
8054,8050,PerformerOf
8054,13459,PerformerOf
8054,14705,PerformerOf
8057,8055,PerformerOf
8059,8058,PerformerOf
8061,8060,PerformerOf
8062,8060,PerformerOf
8063,8060,PerformerOf
8064,8060,PerformerOf
8064,11966,PerformerOf
8064,16699,PerformerOf
8066,8065,PerformerOf
8066,8344,PerformerOf
8067,8344,PerformerOf
8067,16551,PerformerOf
8069,8068,PerformerOf
8070,8068,PerformerOf
8072,8068,PerformerOf
8073,8068,PerformerOf
8080,8079,PerformerOf
8080,12332,PerformerOf
8082,8081,PerformerOf
8083,8081,PerformerOf
8084,8081,PerformerOf
8085,8081,PerformerOf
8088,8086,PerformerOf
8089,8086,PerformerOf
8090,8086,PerformerOf
8092,8086,PerformerOf
8097,8096,PerformerOf
8100,12072,PerformerOf
8100,8099,PerformerOf
8101,8099,PerformerOf
8101,11525,PerformerOf
8102,8099,PerformerOf
8102,11525,PerformerOf
8105,8103,PerformerOf
8108,8107,PerformerOf
8108,14767,PerformerOf
8109,14767,PerformerOf
8110,8107,PerformerOf
8110,14767,PerformerOf
8111,8107,PerformerOf
8113,8112,PerformerOf
8113,9903,PerformerOf
8116,8115,PerformerOf
8117,8115,PerformerOf
8119,8118,PerformerOf
8120,8118,PerformerOf
8121,8118,PerformerOf
8123,8122,PerformerOf
8124,8122,PerformerOf
8125,8122,PerformerOf
8126,8122,PerformerOf
8127,8122,PerformerOf
8128,8122,PerformerOf
8129,8122,PerformerOf
8129,10883,PerformerOf
8130,8122,PerformerOf
8130,11300,PerformerOf
8130,15584,PerformerOf
8131,8122,PerformerOf
8132,8122,PerformerOf
8133,8122,PerformerOf
8134,8122,PerformerOf
8134,10909,PerformerOf
8134,11300,PerformerOf
8135,8122,PerformerOf
8136,8122,PerformerOf
8136,11300,PerformerOf
8136,15584,PerformerOf
8139,8138,PerformerOf
8140,8138,PerformerOf
8140,10704,PerformerOf
8141,8138,PerformerOf
8142,8138,PerformerOf
8143,8138,PerformerOf
8144,8138,PerformerOf
8145,8138,PerformerOf
8146,8138,PerformerOf
8149,8148,PerformerOf
8151,8148,PerformerOf
8152,8148,PerformerOf
8154,8153,PerformerOf
8155,8153,PerformerOf
8156,8153,PerformerOf
8156,12130,PerformerOf
8156,14799,PerformerOf
8157,8153,PerformerOf
8158,8153,PerformerOf
8158,8316,PerformerOf
8158,12903,PerformerOf
8160,8159,PerformerOf
8164,8163,PerformerOf
8165,8163,PerformerOf
8166,8163,PerformerOf
8167,8163,PerformerOf
8169,8168,PerformerOf
8170,8168,PerformerOf
8175,10931,PerformerOf
8176,8174,PerformerOf
8177,8811,PerformerOf
8180,8179,PerformerOf
8181,11037,PerformerOf
8181,12508,PerformerOf
8185,8182,PerformerOf
8186,8182,PerformerOf
8187,8182,PerformerOf
8188,8182,PerformerOf
8191,8190,PerformerOf
8191,11744,PerformerOf
8191,15890,PerformerOf
8192,8190,PerformerOf
8193,8190,PerformerOf
8194,8190,PerformerOf
8194,11744,PerformerOf
8194,14989,PerformerOf
8195,8190,PerformerOf
8196,8190,PerformerOf
8196,11744,PerformerOf
8196,14989,PerformerOf
8196,15890,PerformerOf
8197,8190,PerformerOf
8198,8190,PerformerOf
8199,8190,PerformerOf
8199,11744,PerformerOf
8199,15890,PerformerOf
8204,8203,PerformerOf
8205,8203,PerformerOf
8206,8203,PerformerOf
8208,8207,PerformerOf
8210,8930,PerformerOf
8210,14661,PerformerOf
8212,8211,PerformerOf
8212,11677,PerformerOf
8212,16309,PerformerOf
8217,8216,PerformerOf
8218,8216,PerformerOf
8221,8220,PerformerOf
8222,8220,PerformerOf
8223,8220,PerformerOf
8224,8220,PerformerOf
8226,8225,PerformerOf
8227,8225,PerformerOf
8228,8225,PerformerOf
8229,8225,PerformerOf
8232,8231,PerformerOf
8234,8233,PerformerOf
8234,15994,PerformerOf
8235,8233,PerformerOf
8237,8236,PerformerOf
8238,8236,PerformerOf
8239,8236,PerformerOf
8240,8236,PerformerOf
8241,8236,PerformerOf
8244,8243,PerformerOf
8246,8245,PerformerOf
8248,8245,PerformerOf
8248,8604,PerformerOf
8248,10342,PerformerOf
8248,10855,PerformerOf
8248,11184,PerformerOf
8248,11225,PerformerOf
8248,12043,PerformerOf
8248,15805,PerformerOf
8249,8245,PerformerOf
8250,8245,PerformerOf
8250,10342,PerformerOf
8250,10855,PerformerOf
8250,12043,PerformerOf
8250,13257,PerformerOf
8250,14057,PerformerOf
8250,14498,PerformerOf
8252,15009,PerformerOf
8253,8251,PerformerOf
8253,14746,PerformerOf
8253,15009,PerformerOf
8254,8251,PerformerOf
8254,12245,PerformerOf
8255,8251,PerformerOf
8255,15009,PerformerOf
8259,8258,PerformerOf
8260,8258,PerformerOf
8262,12081,PerformerOf
8264,8263,PerformerOf
8264,11127,PerformerOf
8264,15422,PerformerOf
8265,8263,PerformerOf
8265,11127,PerformerOf
8265,14454,PerformerOf
8265,15422,PerformerOf
8266,8263,PerformerOf
8266,10953,PerformerOf
8266,11127,PerformerOf
8266,11385,PerformerOf
8266,15422,PerformerOf
8267,8263,PerformerOf
8268,8263,PerformerOf
8269,8263,PerformerOf
8270,8263,PerformerOf
8271,8263,PerformerOf
8271,9360,PerformerOf
8271,10507,PerformerOf
8271,11127,PerformerOf
8271,11385,PerformerOf
8271,14454,PerformerOf
8271,15422,PerformerOf
8272,8263,PerformerOf
8272,10953,PerformerOf
8272,11127,PerformerOf
8272,11385,PerformerOf
8272,14454,PerformerOf
8275,8274,PerformerOf
8276,8274,PerformerOf
8278,8274,PerformerOf
8278,15153,PerformerOf
8284,8283,PerformerOf
8286,8283,PerformerOf
8286,9829,PerformerOf
8286,12547,PerformerOf
8287,8283,PerformerOf
8287,9829,PerformerOf
8287,12547,PerformerOf
8289,8288,PerformerOf
8289,14288,PerformerOf
8289,14754,PerformerOf
8290,11144,PerformerOf
8290,14754,PerformerOf
8293,8292,PerformerOf
8294,8292,PerformerOf
8296,8295,PerformerOf
8297,8295,PerformerOf
8299,8295,PerformerOf
8301,8300,PerformerOf
8302,8300,PerformerOf
8304,8300,PerformerOf
8304,16163,PerformerOf
8305,8300,PerformerOf
8306,8300,PerformerOf
8308,8307,PerformerOf
8310,8307,PerformerOf
8312,16034,PerformerOf
8313,8311,PerformerOf
8313,16034,PerformerOf
8313,16507,PerformerOf
8315,8314,PerformerOf
8317,8316,PerformerOf
8318,8316,PerformerOf
8319,8316,PerformerOf
8319,15760,PerformerOf
8321,8316,PerformerOf
8322,8316,PerformerOf
8322,14129,PerformerOf
8322,15760,PerformerOf
8324,8323,PerformerOf
8325,8323,PerformerOf
8326,8323,PerformerOf
8327,8323,PerformerOf
8329,8328,PerformerOf
8330,8328,PerformerOf
8330,13399,PerformerOf
8333,8332,PerformerOf
8334,8332,PerformerOf
8337,8335,PerformerOf
8338,8335,PerformerOf
8340,8339,PerformerOf
8341,8339,PerformerOf
8342,8339,PerformerOf
8345,8344,PerformerOf
8346,8344,PerformerOf
8347,8344,PerformerOf
8350,8348,PerformerOf
8353,8352,PerformerOf
8354,8352,PerformerOf
8356,8355,PerformerOf
8357,8355,PerformerOf
8361,8653,PerformerOf
8362,8359,PerformerOf
8365,8364,PerformerOf
8367,8366,PerformerOf
8368,8366,PerformerOf
8369,8366,PerformerOf
8370,8366,PerformerOf
8371,8366,PerformerOf
8374,8373,PerformerOf
8375,8373,PerformerOf
8376,8373,PerformerOf
8377,8373,PerformerOf
8378,8373,PerformerOf
8378,11815,PerformerOf
8378,13607,PerformerOf
8379,8373,PerformerOf
8380,8373,PerformerOf
8380,13107,PerformerOf
8381,8373,PerformerOf
8381,8816,PerformerOf
8381,9267,PerformerOf
8381,13107,PerformerOf
8381,13607,PerformerOf
8381,15198,PerformerOf
8384,8382,PerformerOf
8385,8382,PerformerOf
8386,8382,PerformerOf
8387,8382,PerformerOf
8388,8382,PerformerOf
8390,8389,PerformerOf
8391,8389,PerformerOf
8392,8389,PerformerOf
8395,8394,PerformerOf
8395,11142,PerformerOf
8397,10160,PerformerOf
8398,8396,PerformerOf
8399,8396,PerformerOf
8400,8396,PerformerOf
8402,8401,PerformerOf
8403,8401,PerformerOf
8404,8401,PerformerOf
8405,8401,PerformerOf
8406,8401,PerformerOf
8408,8407,PerformerOf
8410,8409,PerformerOf
8411,8409,PerformerOf
8414,8413,PerformerOf
8415,8413,PerformerOf
8417,8413,PerformerOf
8418,8413,PerformerOf
8419,8413,PerformerOf
8424,8423,PerformerOf
8426,8423,PerformerOf
8429,8428,PerformerOf
8430,8428,PerformerOf
8432,8431,PerformerOf
8433,8431,PerformerOf
8435,8434,PerformerOf
8441,8439,PerformerOf
8442,8439,PerformerOf
8443,8439,PerformerOf
8446,11562,PerformerOf
8446,14066,PerformerOf
8446,16631,PerformerOf
8447,8445,PerformerOf
8447,14066,PerformerOf
8447,16631,PerformerOf
8449,8448,PerformerOf
8450,8448,PerformerOf
8451,8448,PerformerOf
8452,8448,PerformerOf
8454,8453,PerformerOf
8455,8453,PerformerOf
8456,8453,PerformerOf
8459,8458,PerformerOf
8462,8458,PerformerOf
8463,8458,PerformerOf
8466,8464,PerformerOf
8466,8732,PerformerOf
8466,10367,PerformerOf
8467,8464,PerformerOf
8467,8732,PerformerOf
8467,10367,PerformerOf
8468,8464,PerformerOf
8468,10367,PerformerOf
8468,11033,PerformerOf
8470,8469,PerformerOf
8470,10141,PerformerOf
8470,14700,PerformerOf
8473,8472,PerformerOf
8479,8477,PerformerOf
8480,8477,PerformerOf
8481,8477,PerformerOf
8484,8483,PerformerOf
8484,14373,PerformerOf
8485,8483,PerformerOf
8486,8483,PerformerOf
8488,8487,PerformerOf
8490,8487,PerformerOf
8491,8487,PerformerOf
8492,8487,PerformerOf
8493,8487,PerformerOf
8496,8495,PerformerOf
8497,8495,PerformerOf
8497,16646,PerformerOf
8499,8498,PerformerOf
8500,8498,PerformerOf
8500,14129,PerformerOf
8500,15760,PerformerOf
8501,8498,PerformerOf
8502,8498,PerformerOf
8503,8498,PerformerOf
8503,11797,PerformerOf
8506,8504,PerformerOf
8508,8504,PerformerOf
8510,8509,PerformerOf
8512,8511,PerformerOf
8513,8511,PerformerOf
8514,8511,PerformerOf
8515,8511,PerformerOf
8515,12727,PerformerOf
8517,8516,PerformerOf
8518,8516,PerformerOf
8519,8516,PerformerOf
8520,8516,PerformerOf
8521,8516,PerformerOf
8521,11659,PerformerOf
8522,8516,PerformerOf
8523,8516,PerformerOf
8524,8516,PerformerOf
8526,8516,PerformerOf
8527,8516,PerformerOf
8529,8516,PerformerOf
8530,8516,PerformerOf
8530,11230,PerformerOf
8531,8516,PerformerOf
8532,8516,PerformerOf
8533,8516,PerformerOf
8534,8516,PerformerOf
8535,8516,PerformerOf
8536,8516,PerformerOf
8537,8516,PerformerOf
8538,8516,PerformerOf
8538,11230,PerformerOf
8539,8516,PerformerOf
8540,8516,PerformerOf
8541,8516,PerformerOf
8542,8516,PerformerOf
8543,8516,PerformerOf
8544,8516,PerformerOf
8548,8547,PerformerOf
8549,8547,PerformerOf
8550,8547,PerformerOf
8552,8551,PerformerOf
8554,8553,PerformerOf
8556,8553,PerformerOf
8558,8557,PerformerOf
8562,8561,PerformerOf
8563,8561,PerformerOf
8564,8561,PerformerOf
8565,8561,PerformerOf
8565,10439,PerformerOf
8566,8561,PerformerOf
8567,10439,PerformerOf
8568,8561,PerformerOf
8569,10439,PerformerOf
8570,8561,PerformerOf
8571,10439,PerformerOf
8572,8561,PerformerOf
8572,10439,PerformerOf
8573,8561,PerformerOf
8573,10439,PerformerOf
8577,8575,PerformerOf
8583,8581,PerformerOf
8584,8581,PerformerOf
8585,8695,PerformerOf
8585,16333,PerformerOf
8588,8587,PerformerOf
8589,8587,PerformerOf
8591,8590,PerformerOf
8594,9488,PerformerOf
8595,8593,PerformerOf
8595,9488,PerformerOf
8598,8597,PerformerOf
8600,8599,PerformerOf
8603,8602,PerformerOf
8605,8604,PerformerOf
8606,8604,PerformerOf
8607,8604,PerformerOf
8608,8604,PerformerOf
8609,11225,PerformerOf
8609,12043,PerformerOf
8610,8604,PerformerOf
8611,8604,PerformerOf
8611,11225,PerformerOf
8611,12043,PerformerOf
8611,15805,PerformerOf
8612,8604,PerformerOf
8613,11184,PerformerOf
8613,11225,PerformerOf
8613,12043,PerformerOf
8613,14498,PerformerOf
8613,15805,PerformerOf
8614,8604,PerformerOf
8616,9792,PerformerOf
8617,8615,PerformerOf
8618,8615,PerformerOf
8619,8615,PerformerOf
8621,8620,PerformerOf
8622,8620,PerformerOf
8623,8620,PerformerOf
8623,9759,PerformerOf
8623,11110,PerformerOf
8625,8624,PerformerOf
8627,8624,PerformerOf
8628,8624,PerformerOf
8631,8630,PerformerOf
8632,8630,PerformerOf
8633,8630,PerformerOf
8638,8636,PerformerOf
8641,8640,PerformerOf
8643,8640,PerformerOf
8644,8640,PerformerOf
8645,8640,PerformerOf
8646,8640,PerformerOf
8649,8648,PerformerOf
8652,8651,PerformerOf
8654,8653,PerformerOf
8656,8655,PerformerOf
8656,13521,PerformerOf
8657,8655,PerformerOf
8659,8658,PerformerOf
8660,15820,PerformerOf
8661,8658,PerformerOf
8665,8663,PerformerOf
8668,8667,PerformerOf
8669,8667,PerformerOf
8670,8667,PerformerOf
8671,8667,PerformerOf
8672,8667,PerformerOf
8679,8678,PerformerOf
8684,8681,PerformerOf
8685,8681,PerformerOf
8685,15886,PerformerOf
8686,8681,PerformerOf
8689,8688,PerformerOf
8693,8688,PerformerOf
8694,8688,PerformerOf
8697,8695,PerformerOf
8699,8698,PerformerOf
8700,8698,PerformerOf
8701,8698,PerformerOf
8701,13481,PerformerOf
8702,8698,PerformerOf
8704,8703,PerformerOf
8705,8703,PerformerOf
8706,8703,PerformerOf
8710,8709,PerformerOf
8711,8709,PerformerOf
8711,9173,PerformerOf
8713,8709,PerformerOf
8715,8714,PerformerOf
8716,8714,PerformerOf
8720,8717,PerformerOf
8721,8717,PerformerOf
8723,8722,PerformerOf
8724,8722,PerformerOf
8724,10585,PerformerOf
8725,8722,PerformerOf
8726,8722,PerformerOf
8726,10406,PerformerOf
8726,10585,PerformerOf
8728,8727,PerformerOf
8729,8727,PerformerOf
8730,8727,PerformerOf
8733,8732,PerformerOf
8735,8734,PerformerOf
8736,8734,PerformerOf
8737,8734,PerformerOf
8738,8734,PerformerOf
8741,8740,PerformerOf
8742,8740,PerformerOf
8743,8740,PerformerOf
8744,8740,PerformerOf
8746,8740,PerformerOf
8747,8740,PerformerOf
8748,8740,PerformerOf
8749,8740,PerformerOf
8752,8751,PerformerOf
8752,11614,PerformerOf
8752,13131,PerformerOf
8752,13223,PerformerOf
8755,8754,PerformerOf
8756,8754,PerformerOf
8757,8754,PerformerOf
8759,8758,PerformerOf
8759,13960,PerformerOf
8760,8758,PerformerOf
8760,13960,PerformerOf
8761,8758,PerformerOf
8762,8758,PerformerOf
8762,13960,PerformerOf
8765,8763,PerformerOf
8767,8766,PerformerOf
8768,8766,PerformerOf
8768,16514,PerformerOf
8769,8766,PerformerOf
8772,8771,PerformerOf
8774,8773,PerformerOf
8775,8773,PerformerOf
8775,14045,PerformerOf
8775,15076,PerformerOf
8777,8776,PerformerOf
8778,8776,PerformerOf
8778,11495,PerformerOf
8778,14091,PerformerOf
8779,8776,PerformerOf
8779,12102,PerformerOf
8780,8776,PerformerOf
8780,10169,PerformerOf
8783,8782,PerformerOf
8784,8782,PerformerOf
8786,8785,PerformerOf
8789,8787,PerformerOf
8789,14699,PerformerOf
8792,8791,PerformerOf
8793,8791,PerformerOf
8794,8791,PerformerOf
8796,8795,PerformerOf
8797,8795,PerformerOf
8799,8795,PerformerOf
8799,13076,PerformerOf
8802,8801,PerformerOf
8802,10698,PerformerOf
8804,8803,PerformerOf
8807,8806,PerformerOf
8808,8806,PerformerOf
8810,8806,PerformerOf
8817,8816,PerformerOf
8818,8816,PerformerOf
8819,8816,PerformerOf
8822,15528,PerformerOf
8824,8823,PerformerOf
8827,8823,PerformerOf
8828,8823,PerformerOf
8829,8823,PerformerOf
8830,8823,PerformerOf
8831,15384,PerformerOf
8833,8832,PerformerOf
8833,11008,PerformerOf
8835,8834,PerformerOf
8839,8837,PerformerOf
8841,8840,PerformerOf
8847,8846,PerformerOf
8848,8846,PerformerOf
8849,8846,PerformerOf
8850,8846,PerformerOf
8851,8846,PerformerOf
8851,12602,PerformerOf
8853,8852,PerformerOf
8860,8858,PerformerOf
8864,8862,PerformerOf
8865,8862,PerformerOf
8866,8862,PerformerOf
8866,11890,PerformerOf
8868,8867,PerformerOf
8869,8867,PerformerOf
8871,8867,PerformerOf
8871,12892,PerformerOf
8875,8874,PerformerOf
8878,8877,PerformerOf
8879,8877,PerformerOf
8880,8877,PerformerOf
8880,11477,PerformerOf
8880,13589,PerformerOf
8880,14497,PerformerOf
8882,8881,PerformerOf
8883,8881,PerformerOf
8883,9096,PerformerOf
8884,8881,PerformerOf
8884,9096,PerformerOf
8885,8881,PerformerOf
8887,8886,PerformerOf
8889,8888,PerformerOf
8890,8888,PerformerOf
8893,8892,PerformerOf
8895,8894,PerformerOf
8896,8894,PerformerOf
8897,8894,PerformerOf
8898,8894,PerformerOf
8902,8900,PerformerOf
8903,8900,PerformerOf
8906,8905,PerformerOf
8907,8905,PerformerOf
8908,15170,PerformerOf
8912,8910,PerformerOf
8913,8910,PerformerOf
8913,14828,PerformerOf
8915,8914,PerformerOf
8915,13642,PerformerOf
8916,8914,PerformerOf
8916,13642,PerformerOf
8917,8914,PerformerOf
8917,13642,PerformerOf
8918,8914,PerformerOf
8918,13642,PerformerOf
8922,8920,PerformerOf
8923,8920,PerformerOf
8926,8924,PerformerOf
8928,8927,PerformerOf
8929,12163,PerformerOf
8929,8927,PerformerOf
8929,10232,PerformerOf
8932,8931,PerformerOf
8934,8931,PerformerOf
8934,16707,PerformerOf
8935,8931,PerformerOf
8939,8938,PerformerOf
8941,8938,PerformerOf
8943,8942,PerformerOf
8946,8945,PerformerOf
8946,9463,PerformerOf
8948,8945,PerformerOf
8950,8949,PerformerOf
8950,13402,PerformerOf
8950,14216,PerformerOf
8955,12858,PerformerOf
8955,16086,PerformerOf
8957,8954,PerformerOf
8959,8958,PerformerOf
8960,8958,PerformerOf
8960,10557,PerformerOf
8961,8958,PerformerOf
8962,8958,PerformerOf
8965,8964,PerformerOf
8966,8964,PerformerOf
8967,8964,PerformerOf
8970,8969,PerformerOf
8971,8969,PerformerOf
8973,8969,PerformerOf
8974,8969,PerformerOf
8976,8969,PerformerOf
8979,8978,PerformerOf
8980,8978,PerformerOf
8982,8978,PerformerOf
8984,8983,PerformerOf
8985,8983,PerformerOf
8986,8983,PerformerOf
8991,8989,PerformerOf
8991,10240,PerformerOf
8993,8992,PerformerOf
8995,8992,PerformerOf
8995,9689,PerformerOf
9001,8999,PerformerOf
9002,8999,PerformerOf
9005,9003,PerformerOf
9006,9003,PerformerOf
9009,9007,PerformerOf
9011,9010,PerformerOf
9011,12891,PerformerOf
9015,9014,PerformerOf
9016,9014,PerformerOf
9017,9014,PerformerOf
9018,9014,PerformerOf
9020,9019,PerformerOf
9022,9019,PerformerOf
9023,9019,PerformerOf
9027,9025,PerformerOf
9031,9030,PerformerOf
9031,9995,PerformerOf
9031,11331,PerformerOf
9031,12204,PerformerOf
9032,9030,PerformerOf
9032,9995,PerformerOf
9032,11331,PerformerOf
9032,12204,PerformerOf
9034,9033,PerformerOf
9034,9854,PerformerOf
9036,9033,PerformerOf
9036,9854,PerformerOf
9037,9033,PerformerOf
9037,14769,PerformerOf
9038,9033,PerformerOf
9038,9854,PerformerOf
9039,9033,PerformerOf
9041,9040,PerformerOf
9042,9040,PerformerOf
9042,16652,PerformerOf
9044,9043,PerformerOf
9045,9043,PerformerOf
9046,9043,PerformerOf
9047,9043,PerformerOf
9047,12505,PerformerOf
9049,9048,PerformerOf
9050,9048,PerformerOf
9050,9535,PerformerOf
9050,9895,PerformerOf
9055,9054,PerformerOf
9056,9054,PerformerOf
9057,9054,PerformerOf
9058,9054,PerformerOf
9063,9062,PerformerOf
9064,9062,PerformerOf
9065,9062,PerformerOf
9066,9062,PerformerOf
9067,9062,PerformerOf
9071,9069,PerformerOf
9074,9073,PerformerOf
9075,9073,PerformerOf
9076,9073,PerformerOf
9078,9077,PerformerOf
9079,9077,PerformerOf
9080,9077,PerformerOf
9082,9081,PerformerOf
9083,9081,PerformerOf
9086,9085,PerformerOf
9086,14346,PerformerOf
9087,9085,PerformerOf
9091,9090,PerformerOf
9093,9090,PerformerOf
9094,9090,PerformerOf
9094,14416,PerformerOf
9097,9096,PerformerOf
9098,9096,PerformerOf
9099,9096,PerformerOf
9101,9100,PerformerOf
9106,9105,PerformerOf
9107,9105,PerformerOf
9108,9105,PerformerOf
9108,11339,PerformerOf
9108,11712,PerformerOf
9108,15605,PerformerOf
9109,9105,PerformerOf
9110,9105,PerformerOf
9112,9105,PerformerOf
9119,9117,PerformerOf
9121,9117,PerformerOf
9126,9124,PerformerOf
9128,9124,PerformerOf
9130,9129,PerformerOf
9131,9129,PerformerOf
9134,9133,PerformerOf
9135,9133,PerformerOf
9136,9133,PerformerOf
9137,9133,PerformerOf
9138,9133,PerformerOf
9142,15522,PerformerOf
9146,9144,PerformerOf
9147,15384,PerformerOf
9148,9144,PerformerOf
9149,9144,PerformerOf
9151,9150,PerformerOf
9152,9150,PerformerOf
9153,9150,PerformerOf
9154,9150,PerformerOf
9156,9150,PerformerOf
9156,16699,PerformerOf
9157,9150,PerformerOf
9160,9158,PerformerOf
9162,9161,PerformerOf
9163,9161,PerformerOf
9166,9165,PerformerOf
9167,9165,PerformerOf
9168,9165,PerformerOf
9169,9165,PerformerOf
9170,9165,PerformerOf
9171,9165,PerformerOf
9174,9173,PerformerOf
9176,9175,PerformerOf
9177,16366,PerformerOf
9178,16366,PerformerOf
9179,9175,PerformerOf
9179,10728,PerformerOf
9179,16366,PerformerOf
9180,9175,PerformerOf
9185,9183,PerformerOf
9187,9186,PerformerOf
9189,9188,PerformerOf
9192,9191,PerformerOf
9193,9191,PerformerOf
9194,9191,PerformerOf
9194,9883,PerformerOf
9194,14627,PerformerOf
9194,16120,PerformerOf
9195,9191,PerformerOf
9196,9191,PerformerOf
9197,9191,PerformerOf
9198,9191,PerformerOf
9199,9191,PerformerOf
9199,9883,PerformerOf
9199,16120,PerformerOf
9201,9200,PerformerOf
9202,9200,PerformerOf
9202,9713,PerformerOf
9202,12823,PerformerOf
9203,9200,PerformerOf
9203,12823,PerformerOf
9203,14537,PerformerOf
9206,9205,PerformerOf
9207,9205,PerformerOf
9208,9205,PerformerOf
9210,9209,PerformerOf
9210,16137,PerformerOf
9210,16715,PerformerOf
9211,16715,PerformerOf
9212,16715,PerformerOf
9213,9209,PerformerOf
9213,16137,PerformerOf
9213,16715,PerformerOf
9215,9214,PerformerOf
9217,9214,PerformerOf
9220,9219,PerformerOf
9221,9219,PerformerOf
9224,9223,PerformerOf
9225,9223,PerformerOf
9226,9223,PerformerOf
9228,9223,PerformerOf
9231,11736,PerformerOf
9231,14333,PerformerOf
9231,15622,PerformerOf
9233,9232,PerformerOf
9234,9232,PerformerOf
9235,9232,PerformerOf
9242,9240,PerformerOf
9243,9240,PerformerOf
9246,9245,PerformerOf
9247,9245,PerformerOf
9248,9245,PerformerOf
9250,9249,PerformerOf
9250,15381,PerformerOf
9251,15381,PerformerOf
9252,15381,PerformerOf
9253,9249,PerformerOf
9253,15381,PerformerOf
9254,9249,PerformerOf
9255,9249,PerformerOf
9255,9489,PerformerOf
9255,10589,PerformerOf
9255,11842,PerformerOf
9257,9256,PerformerOf
9257,10582,PerformerOf
9260,9259,PerformerOf
9263,9262,PerformerOf
9264,9262,PerformerOf
9265,9262,PerformerOf
9266,9262,PerformerOf
9268,9267,PerformerOf
9270,9269,PerformerOf
9271,9269,PerformerOf
9273,9269,PerformerOf
9274,9269,PerformerOf
9275,9269,PerformerOf
9276,9269,PerformerOf
9277,9269,PerformerOf
9278,9269,PerformerOf
9279,9269,PerformerOf
9281,9280,PerformerOf
9281,15818,PerformerOf
9282,15818,PerformerOf
9286,9285,PerformerOf
9286,13903,PerformerOf
9287,13903,PerformerOf
9288,15343,PerformerOf
9293,9290,PerformerOf
9297,9295,PerformerOf
9302,9301,PerformerOf
9304,9301,PerformerOf
9306,9305,PerformerOf
9307,9305,PerformerOf
9307,15984,PerformerOf
9309,9308,PerformerOf
9310,9308,PerformerOf
9310,10641,PerformerOf
9311,9308,PerformerOf
9312,9308,PerformerOf
9313,9308,PerformerOf
9314,9308,PerformerOf
9315,9308,PerformerOf
9316,9308,PerformerOf
9317,9308,PerformerOf
9318,9308,PerformerOf
9320,9308,PerformerOf
9321,9308,PerformerOf
9323,9322,PerformerOf
9325,9322,PerformerOf
9327,9326,PerformerOf
9328,9326,PerformerOf
9329,9326,PerformerOf
9331,9330,PerformerOf
9332,9330,PerformerOf
9333,9330,PerformerOf
9334,9330,PerformerOf
9334,15886,PerformerOf
9336,9995,PerformerOf
9338,9337,PerformerOf
9339,9337,PerformerOf
9339,14241,PerformerOf
9340,9337,PerformerOf
9343,9341,PerformerOf
9343,9630,PerformerOf
9344,9341,PerformerOf
9344,9630,PerformerOf
9346,9345,PerformerOf
9348,9345,PerformerOf
9349,9345,PerformerOf
9350,9345,PerformerOf
9351,9345,PerformerOf
9354,9352,PerformerOf
9355,9352,PerformerOf
9356,9352,PerformerOf
9357,9352,PerformerOf
9358,9352,PerformerOf
9361,9360,PerformerOf
9362,9360,PerformerOf
9363,9360,PerformerOf
9364,9360,PerformerOf
9365,9360,PerformerOf
9366,9360,PerformerOf
9366,11385,PerformerOf
9367,9360,PerformerOf
9367,10507,PerformerOf
9367,11385,PerformerOf
9367,14454,PerformerOf
9368,9360,PerformerOf
9368,11385,PerformerOf
9368,14454,PerformerOf
9369,11385,PerformerOf
9370,9360,PerformerOf
9370,11385,PerformerOf
9374,9372,PerformerOf
9374,16323,PerformerOf
9375,9372,PerformerOf
9376,9372,PerformerOf
9379,9378,PerformerOf
9380,9378,PerformerOf
9380,12617,PerformerOf
9380,13282,PerformerOf
9380,14146,PerformerOf
9380,16620,PerformerOf
9381,9378,PerformerOf
9383,9382,PerformerOf
9383,12345,PerformerOf
9384,9382,PerformerOf
9384,12345,PerformerOf
9384,13236,PerformerOf
9390,9389,PerformerOf
9391,9389,PerformerOf
9393,9389,PerformerOf
9394,9389,PerformerOf
9395,9389,PerformerOf
9396,9389,PerformerOf
9398,9397,PerformerOf
9400,9399,PerformerOf
9401,9399,PerformerOf
9402,9399,PerformerOf
9404,9399,PerformerOf
9405,9399,PerformerOf
9407,9406,PerformerOf
9408,9406,PerformerOf
9409,9406,PerformerOf
9413,9412,PerformerOf
9415,9414,PerformerOf
9415,9966,PerformerOf
9417,9416,PerformerOf
9417,12837,PerformerOf
9418,9416,PerformerOf
9418,12837,PerformerOf
9419,9416,PerformerOf
9421,9420,PerformerOf
9422,9420,PerformerOf
9423,9420,PerformerOf
9424,9420,PerformerOf
9425,9420,PerformerOf
9426,9420,PerformerOf
9426,9655,PerformerOf
9429,9428,PerformerOf
9431,9430,PerformerOf
9432,9430,PerformerOf
9433,9430,PerformerOf
9434,9430,PerformerOf
9435,9430,PerformerOf
9438,9437,PerformerOf
9439,9437,PerformerOf
9442,9441,PerformerOf
9442,10282,PerformerOf
9442,11431,PerformerOf
9443,9441,PerformerOf
9444,11431,PerformerOf
9447,9446,PerformerOf
9448,9446,PerformerOf
9450,9449,PerformerOf
9450,15885,PerformerOf
9453,9451,PerformerOf
9455,9454,PerformerOf
9456,13480,PerformerOf
9457,13480,PerformerOf
9459,9458,PerformerOf
9460,9458,PerformerOf
9461,9458,PerformerOf
9464,9463,PerformerOf
9466,9465,PerformerOf
9467,9465,PerformerOf
9467,9545,PerformerOf
9468,9465,PerformerOf
9468,9545,PerformerOf
9470,9465,PerformerOf
9471,9465,PerformerOf
9471,9545,PerformerOf
9476,9474,PerformerOf
9477,9474,PerformerOf
9478,9474,PerformerOf
9480,9479,PerformerOf
9481,9479,PerformerOf
9484,9483,PerformerOf
9485,9483,PerformerOf
9486,9483,PerformerOf
9487,9483,PerformerOf
9490,9489,PerformerOf
9492,9489,PerformerOf
9494,9493,PerformerOf
9496,9493,PerformerOf
9497,9493,PerformerOf
9498,9493,PerformerOf
9499,9493,PerformerOf
9501,9500,PerformerOf
9504,9503,PerformerOf
9506,9505,PerformerOf
9507,9505,PerformerOf
9507,9681,PerformerOf
9508,9505,PerformerOf
9508,9681,PerformerOf
9508,10461,PerformerOf
9508,15791,PerformerOf
9509,9505,PerformerOf
9509,9681,PerformerOf
9509,10461,PerformerOf
9509,15791,PerformerOf
9510,9505,PerformerOf
9510,9681,PerformerOf
9510,10461,PerformerOf
9510,15791,PerformerOf
9514,9513,PerformerOf
9515,9513,PerformerOf
9515,14025,PerformerOf
9518,9516,PerformerOf
9519,9516,PerformerOf
9520,9516,PerformerOf
9521,9516,PerformerOf
9522,9516,PerformerOf
9523,9516,PerformerOf
9525,9524,PerformerOf
9530,9528,PerformerOf
9531,9528,PerformerOf
9531,14223,PerformerOf
9532,14223,PerformerOf
9537,12039,PerformerOf
9539,9538,PerformerOf
9544,9542,PerformerOf
9544,14047,PerformerOf
9550,9549,PerformerOf
9553,9552,PerformerOf
9554,9552,PerformerOf
9556,9552,PerformerOf
9558,9557,PerformerOf
9558,14567,PerformerOf
9560,9559,PerformerOf
9561,9559,PerformerOf
9562,9559,PerformerOf
9563,9559,PerformerOf
9567,9566,PerformerOf
9572,9571,PerformerOf
9573,9571,PerformerOf
9574,9571,PerformerOf
9577,9576,PerformerOf
9578,9576,PerformerOf
9580,9579,PerformerOf
9581,9579,PerformerOf
9582,9579,PerformerOf
9583,9579,PerformerOf
9589,9587,PerformerOf
9590,9587,PerformerOf
9592,9587,PerformerOf
9593,9587,PerformerOf
9593,12138,PerformerOf
9595,9587,PerformerOf
9595,10258,PerformerOf
9595,12138,PerformerOf
9596,9587,PerformerOf
9598,9597,PerformerOf
9599,9597,PerformerOf
9601,9597,PerformerOf
9601,11712,PerformerOf
9603,9602,PerformerOf
9604,9602,PerformerOf
9605,9602,PerformerOf
9610,9608,PerformerOf
9611,9608,PerformerOf
9612,9608,PerformerOf
9613,9608,PerformerOf
9614,9608,PerformerOf
9615,9608,PerformerOf
9617,9616,PerformerOf
9619,11696,PerformerOf
9620,9618,PerformerOf
9623,9622,PerformerOf
9624,9622,PerformerOf
9625,15298,PerformerOf
9626,9622,PerformerOf
9627,9622,PerformerOf
9629,9628,PerformerOf
9632,9631,PerformerOf
9633,9631,PerformerOf
9633,15071,PerformerOf
9633,15441,PerformerOf
9635,9631,PerformerOf
9635,15441,PerformerOf
9638,9637,PerformerOf
9642,9641,PerformerOf
9642,14201,PerformerOf
9642,15607,PerformerOf
9643,15607,PerformerOf
9645,9644,PerformerOf
9648,16517,PerformerOf
9654,9651,PerformerOf
9656,9655,PerformerOf
9658,9657,PerformerOf
9660,9659,PerformerOf
9661,9659,PerformerOf
9663,9662,PerformerOf
9665,9662,PerformerOf
9667,9666,PerformerOf
9670,9669,PerformerOf
9671,9669,PerformerOf
9673,9672,PerformerOf
9674,9672,PerformerOf
9675,9672,PerformerOf
9678,9677,PerformerOf
9680,9677,PerformerOf
9682,9681,PerformerOf
9684,9683,PerformerOf
9686,9685,PerformerOf
9687,9685,PerformerOf
9688,9685,PerformerOf
9691,15055,PerformerOf
9692,9690,PerformerOf
9694,9693,PerformerOf
9695,9693,PerformerOf
9697,9696,PerformerOf
9698,9696,PerformerOf
9698,16695,PerformerOf
9699,9696,PerformerOf
9700,9696,PerformerOf
9701,9696,PerformerOf
9701,16695,PerformerOf
9703,9702,PerformerOf
9704,9702,PerformerOf
9704,15481,PerformerOf
9707,9706,PerformerOf
9710,9709,PerformerOf
9711,9709,PerformerOf
9712,9709,PerformerOf
9712,10318,PerformerOf
9714,9713,PerformerOf
9715,9713,PerformerOf
9718,9716,PerformerOf
9720,9719,PerformerOf
9721,15532,PerformerOf
9722,9719,PerformerOf
9725,9723,PerformerOf
9726,9723,PerformerOf
9727,9723,PerformerOf
9727,12234,PerformerOf
9728,9723,PerformerOf
9730,9729,PerformerOf
9731,9729,PerformerOf
9732,9729,PerformerOf
9733,9729,PerformerOf
9734,10632,PerformerOf
9738,9737,PerformerOf
9738,14466,PerformerOf
9740,9739,PerformerOf
9742,9739,PerformerOf
9743,9739,PerformerOf
9746,9745,PerformerOf
9747,9745,PerformerOf
9748,9745,PerformerOf
9751,13735,PerformerOf
9752,9749,PerformerOf
9752,13735,PerformerOf
9753,9749,PerformerOf
9753,12347,PerformerOf
9757,9756,PerformerOf
9758,9756,PerformerOf
9760,9759,PerformerOf
9761,9759,PerformerOf
9761,13179,PerformerOf
9762,9759,PerformerOf
9763,9759,PerformerOf
9764,12060,PerformerOf
9764,9759,PerformerOf
9765,9759,PerformerOf
9765,13179,PerformerOf
9767,9766,PerformerOf
9767,11521,PerformerOf
9768,9766,PerformerOf
9768,11521,PerformerOf
9771,12104,PerformerOf
9771,14920,PerformerOf
9776,9774,PerformerOf
9779,9777,PerformerOf
9781,9780,PerformerOf
9782,9780,PerformerOf
9783,9780,PerformerOf
9784,9780,PerformerOf
9785,9780,PerformerOf
9786,9780,PerformerOf
9786,12910,PerformerOf
9789,9788,PerformerOf
9790,9788,PerformerOf
9791,9788,PerformerOf
9793,9792,PerformerOf
9794,9792,PerformerOf
9796,9795,PerformerOf
9799,9798,PerformerOf
9804,9803,PerformerOf
9805,9803,PerformerOf
9806,9803,PerformerOf
9809,9808,PerformerOf
9809,10727,PerformerOf
9809,13196,PerformerOf
9811,9810,PerformerOf
9812,9810,PerformerOf
9813,9810,PerformerOf
9814,9810,PerformerOf
9816,9815,PerformerOf
9819,9818,PerformerOf
9820,9818,PerformerOf
9821,9818,PerformerOf
9822,16279,PerformerOf
9826,9823,PerformerOf
9828,9827,PerformerOf
9830,9829,PerformerOf
9832,9831,PerformerOf
9836,9834,PerformerOf
9837,9834,PerformerOf
9838,9834,PerformerOf
9841,9840,PerformerOf
9845,9844,PerformerOf
9846,9844,PerformerOf
9850,9849,PerformerOf
9851,9849,PerformerOf
9856,9855,PerformerOf
9859,9855,PerformerOf
9860,9855,PerformerOf
9863,9861,PerformerOf
9863,11329,PerformerOf
9864,9861,PerformerOf
9865,9861,PerformerOf
9866,9861,PerformerOf
9866,11329,PerformerOf
9869,9868,PerformerOf
9870,16510,PerformerOf
9874,9873,PerformerOf
9876,9875,PerformerOf
9876,10684,PerformerOf
9876,13643,PerformerOf
9876,15759,PerformerOf
9878,9877,PerformerOf
9879,9877,PerformerOf
9880,9877,PerformerOf
9881,9877,PerformerOf
9885,9884,PerformerOf
9888,9884,PerformerOf
9889,9884,PerformerOf
9891,9890,PerformerOf
9896,9895,PerformerOf
9898,9897,PerformerOf
9900,9899,PerformerOf
9904,9903,PerformerOf
9906,9905,PerformerOf
9907,9905,PerformerOf
9908,9905,PerformerOf
9908,15542,PerformerOf
9910,9909,PerformerOf
9913,9912,PerformerOf
9914,9912,PerformerOf
9915,9912,PerformerOf
9917,9916,PerformerOf
9920,9919,PerformerOf
9921,9919,PerformerOf
9925,9922,PerformerOf
9926,9922,PerformerOf
9929,9928,PerformerOf
9930,9928,PerformerOf
9931,9928,PerformerOf
9936,9933,PerformerOf
9937,9933,PerformerOf
9938,9933,PerformerOf
9941,9940,PerformerOf
9941,12622,PerformerOf
9943,9942,PerformerOf
9944,9942,PerformerOf
9945,9942,PerformerOf
9945,13188,PerformerOf
9949,9948,PerformerOf
9950,9948,PerformerOf
9952,9951,PerformerOf
9953,9951,PerformerOf
9953,10653,PerformerOf
9954,9951,PerformerOf
9955,9951,PerformerOf
9956,9951,PerformerOf
9959,9958,PerformerOf
9963,9962,PerformerOf
9965,9962,PerformerOf
9969,9967,PerformerOf
9970,9967,PerformerOf
9972,9967,PerformerOf
9973,9967,PerformerOf
9975,9974,PerformerOf
9977,9976,PerformerOf
9979,9976,PerformerOf
9980,9976,PerformerOf
9983,9982,PerformerOf
9986,9982,PerformerOf
9987,9982,PerformerOf
9988,9982,PerformerOf
9989,9982,PerformerOf
9990,9982,PerformerOf
9990,15071,PerformerOf
9991,9982,PerformerOf
9991,11195,PerformerOf
9993,9992,PerformerOf
9994,9992,PerformerOf
9994,10443,PerformerOf
9994,11888,PerformerOf
9997,9996,PerformerOf
9998,9996,PerformerOf
10000,9999,PerformerOf
10000,11602,PerformerOf
10001,11602,PerformerOf
10003,10002,PerformerOf
10005,10004,PerformerOf
10006,10004,PerformerOf
10009,10008,PerformerOf
10013,10010,PerformerOf
10014,10010,PerformerOf
10015,10010,PerformerOf
10018,10016,PerformerOf
10019,10016,PerformerOf
10020,10016,PerformerOf
10021,10016,PerformerOf
10022,10016,PerformerOf
10025,10023,PerformerOf
10026,10023,PerformerOf
10027,10023,PerformerOf
10029,10023,PerformerOf
10030,10023,PerformerOf
10031,10023,PerformerOf
10033,10032,PerformerOf
10034,10032,PerformerOf
10036,10035,PerformerOf
10037,10035,PerformerOf
10038,10035,PerformerOf
10039,10035,PerformerOf
10041,10035,PerformerOf
10044,10043,PerformerOf
10048,10046,PerformerOf
10049,10046,PerformerOf
10050,10046,PerformerOf
10051,10046,PerformerOf
10052,10046,PerformerOf
10053,10046,PerformerOf
10054,10046,PerformerOf
10056,10055,PerformerOf
10059,10055,PerformerOf
10060,10055,PerformerOf
10061,10055,PerformerOf
10064,10063,PerformerOf
10066,10063,PerformerOf
10069,10068,PerformerOf
10070,10068,PerformerOf
10072,10071,PerformerOf
10073,10071,PerformerOf
10074,10071,PerformerOf
10076,10075,PerformerOf
10077,10075,PerformerOf
10078,10075,PerformerOf
10079,10075,PerformerOf
10082,10081,PerformerOf
10083,14250,PerformerOf
10087,10086,PerformerOf
10089,13154,PerformerOf
10092,10091,PerformerOf
10096,10094,PerformerOf
10099,10098,PerformerOf
10100,10098,PerformerOf
10101,10098,PerformerOf
10104,10102,PerformerOf
10106,10105,PerformerOf
10107,10105,PerformerOf
10108,10105,PerformerOf
10109,10105,PerformerOf
10112,10111,PerformerOf
10113,10111,PerformerOf
10115,10114,PerformerOf
10117,10608,PerformerOf
10118,10116,PerformerOf
10123,10121,PerformerOf
10125,10124,PerformerOf
10126,10124,PerformerOf
10127,10124,PerformerOf
10129,10128,PerformerOf
10130,10128,PerformerOf
10131,10128,PerformerOf
10137,10135,PerformerOf
10139,11997,PerformerOf
10146,10143,PerformerOf
10147,10143,PerformerOf
10148,10143,PerformerOf
10149,10143,PerformerOf
10149,10504,PerformerOf
10151,10150,PerformerOf
10154,10153,PerformerOf
10161,10160,PerformerOf
10162,10160,PerformerOf
10163,10160,PerformerOf
10164,10160,PerformerOf
10167,10165,PerformerOf
10170,10169,PerformerOf
10171,10169,PerformerOf
10172,10169,PerformerOf
10174,10173,PerformerOf
10177,10175,PerformerOf
10178,10175,PerformerOf
10178,16577,PerformerOf
10180,10179,PerformerOf
10184,10183,PerformerOf
10186,10185,PerformerOf
10187,10185,PerformerOf
10188,10185,PerformerOf
10188,12794,PerformerOf
10189,10185,PerformerOf
10190,10185,PerformerOf
10191,10185,PerformerOf
10193,10192,PerformerOf
10193,12489,PerformerOf
10195,10194,PerformerOf
10196,10194,PerformerOf
10199,10198,PerformerOf
10200,10198,PerformerOf
10202,10201,PerformerOf
10203,10201,PerformerOf
10204,10201,PerformerOf
10205,10201,PerformerOf
10207,10206,PerformerOf
10208,11213,PerformerOf
10209,10206,PerformerOf
10210,10206,PerformerOf
10210,11213,PerformerOf
10212,10211,PerformerOf
10216,10215,PerformerOf
10219,10218,PerformerOf
10223,10222,PerformerOf
10223,15699,PerformerOf
10224,10222,PerformerOf
10224,15699,PerformerOf
10224,16522,PerformerOf
10225,10222,PerformerOf
10227,10226,PerformerOf
10227,11351,PerformerOf
10228,10226,PerformerOf
10230,10229,PerformerOf
10233,10232,PerformerOf
10237,12993,PerformerOf
10237,10236,PerformerOf
10238,10236,PerformerOf
10242,10241,PerformerOf
10243,10241,PerformerOf
10244,10241,PerformerOf
10245,10241,PerformerOf
10250,10249,PerformerOf
10250,12599,PerformerOf
10251,14609,PerformerOf
10251,10249,PerformerOf
10251,12599,PerformerOf
10251,13848,PerformerOf
10253,10252,PerformerOf
10255,10252,PerformerOf
10257,10252,PerformerOf
10260,10259,PerformerOf
10261,10259,PerformerOf
10262,10259,PerformerOf
10263,10259,PerformerOf
10265,10259,PerformerOf
10267,10266,PerformerOf
10271,10270,PerformerOf
10272,10270,PerformerOf
10274,10270,PerformerOf
10276,10275,PerformerOf
10278,10275,PerformerOf
10284,10283,PerformerOf
10286,10283,PerformerOf
10287,10283,PerformerOf
10288,10283,PerformerOf
10293,10290,PerformerOf
10296,10295,PerformerOf
10297,10295,PerformerOf
10297,15903,PerformerOf
10298,10295,PerformerOf
10299,10295,PerformerOf
10302,10301,PerformerOf
10303,10859,PerformerOf
10303,15839,PerformerOf
10304,10301,PerformerOf
10304,10859,PerformerOf
10305,10301,PerformerOf
10306,10859,PerformerOf
10306,12823,PerformerOf
10307,10301,PerformerOf
10307,10859,PerformerOf
10311,10310,PerformerOf
10311,16615,PerformerOf
10315,10313,PerformerOf
10316,10313,PerformerOf
10320,10319,PerformerOf
10322,10319,PerformerOf
10323,10319,PerformerOf
10325,10319,PerformerOf
10326,10319,PerformerOf
10327,10319,PerformerOf
10329,10319,PerformerOf
10330,10319,PerformerOf
10331,10319,PerformerOf
10335,10333,PerformerOf
10339,10338,PerformerOf
10340,10338,PerformerOf
10341,10338,PerformerOf
10343,10342,PerformerOf
10344,10342,PerformerOf
10344,14057,PerformerOf
10345,10342,PerformerOf
10346,10342,PerformerOf
10346,14057,PerformerOf
10347,10342,PerformerOf
10347,10855,PerformerOf
10347,14057,PerformerOf
10348,10342,PerformerOf
10349,10342,PerformerOf
10349,10855,PerformerOf
10351,10350,PerformerOf
10355,10354,PerformerOf
10356,10354,PerformerOf
10357,10354,PerformerOf
10359,10358,PerformerOf
10362,10361,PerformerOf
10363,10361,PerformerOf
10363,10412,PerformerOf
10364,10412,PerformerOf
10364,15422,PerformerOf
10365,10361,PerformerOf
10365,13717,PerformerOf
10369,10368,PerformerOf
10371,10368,PerformerOf
10372,10368,PerformerOf
10373,10368,PerformerOf
10374,10368,PerformerOf
10375,10368,PerformerOf
10377,10376,PerformerOf
10380,10379,PerformerOf
10382,10379,PerformerOf
10386,10385,PerformerOf
10387,10385,PerformerOf
10389,10388,PerformerOf
10393,10392,PerformerOf
10394,10392,PerformerOf
10395,10392,PerformerOf
10396,10392,PerformerOf
10397,10392,PerformerOf
10399,10398,PerformerOf
10400,10398,PerformerOf
10403,10402,PerformerOf
10403,15046,PerformerOf
10405,10404,PerformerOf
10407,10406,PerformerOf
10407,14444,PerformerOf
10408,10406,PerformerOf
10408,14444,PerformerOf
10409,10406,PerformerOf
10410,14444,PerformerOf
10411,10406,PerformerOf
10414,10412,PerformerOf
10416,10415,PerformerOf
10416,13784,PerformerOf
10418,10417,PerformerOf
10420,10419,PerformerOf
10422,10421,PerformerOf
10423,10421,PerformerOf
10424,10421,PerformerOf
10428,10426,PerformerOf
10429,10426,PerformerOf
10430,10426,PerformerOf
10430,11533,PerformerOf
10430,11893,PerformerOf
10430,16471,PerformerOf
10436,10435,PerformerOf
10438,10437,PerformerOf
10440,10439,PerformerOf
10442,12233,PerformerOf
10442,13703,PerformerOf
10445,10444,PerformerOf
10446,10444,PerformerOf
10450,10448,PerformerOf
10451,13423,PerformerOf
10452,10448,PerformerOf
10452,12367,PerformerOf
10452,13104,PerformerOf
10452,15621,PerformerOf
10454,10453,PerformerOf
10455,12042,PerformerOf
10456,10453,PerformerOf
10458,10457,PerformerOf
10460,10457,PerformerOf
10463,10461,PerformerOf
10466,10464,PerformerOf
10470,10469,PerformerOf
10471,10469,PerformerOf
10472,10469,PerformerOf
10473,10469,PerformerOf
10474,10469,PerformerOf
10476,10475,PerformerOf
10477,10475,PerformerOf
10479,10478,PerformerOf
10479,13171,PerformerOf
10479,14980,PerformerOf
10481,10480,PerformerOf
10482,10480,PerformerOf
10482,15728,PerformerOf
10483,10480,PerformerOf
10485,10484,PerformerOf
10487,10484,PerformerOf
10489,10488,PerformerOf
10494,10493,PerformerOf
10495,10493,PerformerOf
10496,10493,PerformerOf
10497,10493,PerformerOf
10500,10499,PerformerOf
10501,10499,PerformerOf
10502,10499,PerformerOf
10509,10507,PerformerOf
10510,10507,PerformerOf
10511,10507,PerformerOf
10512,10507,PerformerOf
10518,10517,PerformerOf
10524,10523,PerformerOf
10525,10523,PerformerOf
10526,10523,PerformerOf
10527,10523,PerformerOf
10528,10523,PerformerOf
10529,10523,PerformerOf
10531,10530,PerformerOf
10533,10532,PerformerOf
10533,13734,PerformerOf
10536,10535,PerformerOf
10536,10728,PerformerOf
10537,10535,PerformerOf
10537,10728,PerformerOf
10540,10538,PerformerOf
10541,10538,PerformerOf
10542,10538,PerformerOf
10546,10544,PerformerOf
10547,10544,PerformerOf
10548,10544,PerformerOf
10551,10550,PerformerOf
10554,10839,PerformerOf
10554,13805,PerformerOf
10554,14024,PerformerOf
10555,10552,PerformerOf
10555,10839,PerformerOf
10556,10552,PerformerOf
10558,10557,PerformerOf
10559,10557,PerformerOf
10560,10557,PerformerOf
10564,10818,PerformerOf
10564,10562,PerformerOf
10568,10567,PerformerOf
10569,10567,PerformerOf
10570,10567,PerformerOf
10571,10567,PerformerOf
10573,10567,PerformerOf
10575,16275,PerformerOf
10575,10574,PerformerOf
10577,10576,PerformerOf
10578,10576,PerformerOf
10578,16038,PerformerOf
10581,10576,PerformerOf
10583,10582,PerformerOf
10586,10585,PerformerOf
10587,10585,PerformerOf
10588,10585,PerformerOf
10590,10589,PerformerOf
10591,10589,PerformerOf
10592,10589,PerformerOf
10594,10593,PerformerOf
10594,16616,PerformerOf
10598,10596,PerformerOf
10602,10601,PerformerOf
10603,10601,PerformerOf
10604,10601,PerformerOf
10605,10601,PerformerOf
10606,10601,PerformerOf
10607,10601,PerformerOf
10609,10608,PerformerOf
10610,10608,PerformerOf
10611,10608,PerformerOf
10613,10612,PerformerOf
10614,10612,PerformerOf
10615,10612,PerformerOf
10617,10616,PerformerOf
10618,10616,PerformerOf
10622,10620,PerformerOf
10623,10620,PerformerOf
10626,10625,PerformerOf
10629,10628,PerformerOf
10633,10632,PerformerOf
10635,10632,PerformerOf
10637,10636,PerformerOf
10637,13538,PerformerOf
10639,10636,PerformerOf
10639,13538,PerformerOf
10643,10642,PerformerOf
10644,10642,PerformerOf
10646,10645,PerformerOf
10647,10645,PerformerOf
10649,10648,PerformerOf
10652,10651,PerformerOf
10654,10653,PerformerOf
10655,10653,PerformerOf
10660,11184,PerformerOf
10660,12043,PerformerOf
10660,15805,PerformerOf
10661,10659,PerformerOf
10661,11184,PerformerOf
10661,12043,PerformerOf
10661,14498,PerformerOf
10663,10662,PerformerOf
10664,10662,PerformerOf
10665,10662,PerformerOf
10669,10668,PerformerOf
10670,10668,PerformerOf
10670,11729,PerformerOf
10671,10668,PerformerOf
10671,11729,PerformerOf
10672,10668,PerformerOf
10677,10676,PerformerOf
10678,10676,PerformerOf
10680,10676,PerformerOf
10682,10681,PerformerOf
10687,10685,PerformerOf
10688,10685,PerformerOf
10690,10685,PerformerOf
10691,10685,PerformerOf
10692,10685,PerformerOf
10696,10694,PerformerOf
10696,12865,PerformerOf
10697,10694,PerformerOf
10697,12865,PerformerOf
10701,10700,PerformerOf
10702,10700,PerformerOf
10703,10700,PerformerOf
10705,10704,PerformerOf
10706,10704,PerformerOf
10707,10704,PerformerOf
10710,10709,PerformerOf
10711,10709,PerformerOf
10712,10709,PerformerOf
10713,10709,PerformerOf
10714,10709,PerformerOf
10717,10716,PerformerOf
10718,10716,PerformerOf
10719,10716,PerformerOf
10721,10716,PerformerOf
10723,10722,PerformerOf
10724,10722,PerformerOf
10725,10722,PerformerOf
10725,11910,PerformerOf
10729,10728,PerformerOf
10729,16366,PerformerOf
10731,10730,PerformerOf
10732,10730,PerformerOf
10733,10730,PerformerOf
10734,10730,PerformerOf
10738,11072,PerformerOf
10739,10736,PerformerOf
10742,10741,PerformerOf
10742,12613,PerformerOf
10742,16432,PerformerOf
10743,10741,PerformerOf
10744,10741,PerformerOf
10744,12613,PerformerOf
10744,16432,PerformerOf
10745,10741,PerformerOf
10745,12613,PerformerOf
10745,16432,PerformerOf
10748,10747,PerformerOf
10749,10747,PerformerOf
10750,10747,PerformerOf
10751,10747,PerformerOf
10752,10747,PerformerOf
10752,14057,PerformerOf
10755,10754,PerformerOf
10756,10754,PerformerOf
10757,10754,PerformerOf
10758,10754,PerformerOf
10760,10759,PerformerOf
10762,10761,PerformerOf
10762,14324,PerformerOf
10764,10761,PerformerOf
10768,10767,PerformerOf
10768,11280,PerformerOf
10770,12429,PerformerOf
10772,10771,PerformerOf
10774,10773,PerformerOf
10776,10773,PerformerOf
10776,12594,PerformerOf
10776,13303,PerformerOf
10778,10777,PerformerOf
10779,10777,PerformerOf
10780,10777,PerformerOf
10781,10777,PerformerOf
10784,10782,PerformerOf
10785,10782,PerformerOf
10788,10787,PerformerOf
10789,10787,PerformerOf
10794,13342,PerformerOf
10794,13591,PerformerOf
10795,10793,PerformerOf
10796,10793,PerformerOf
10797,10793,PerformerOf
10798,10793,PerformerOf
10798,13342,PerformerOf
10798,13591,PerformerOf
10801,10800,PerformerOf
10801,13418,PerformerOf
10802,10800,PerformerOf
10803,10800,PerformerOf
10803,13418,PerformerOf
10804,13418,PerformerOf
10807,10806,PerformerOf
10808,10806,PerformerOf
10809,10806,PerformerOf
10811,10806,PerformerOf
10816,10815,PerformerOf
10817,10815,PerformerOf
10820,10819,PerformerOf
10821,10819,PerformerOf
10823,10819,PerformerOf
10823,11646,PerformerOf
10824,10819,PerformerOf
10827,10826,PerformerOf
10829,10826,PerformerOf
10830,10826,PerformerOf
10831,10826,PerformerOf
10834,10833,PerformerOf
10838,10837,PerformerOf
10841,10840,PerformerOf
10842,10840,PerformerOf
10843,10840,PerformerOf
10846,10844,PerformerOf
10847,10844,PerformerOf
10847,12126,PerformerOf
10849,14535,PerformerOf
10853,10850,PerformerOf
10856,10855,PerformerOf
10857,10855,PerformerOf
10858,10855,PerformerOf
10858,13257,PerformerOf
10860,10859,PerformerOf
10862,10861,PerformerOf
10863,10861,PerformerOf
10864,10861,PerformerOf
10865,10861,PerformerOf
10866,10861,PerformerOf
10868,10861,PerformerOf
10868,11217,PerformerOf
10869,10861,PerformerOf
10870,10861,PerformerOf
10871,10861,PerformerOf
10872,10861,PerformerOf
10873,10861,PerformerOf
10876,10875,PerformerOf
10879,10875,PerformerOf
10881,10880,PerformerOf
10882,10880,PerformerOf
10884,10883,PerformerOf
10885,10883,PerformerOf
10885,14691,PerformerOf
10886,10883,PerformerOf
10887,10883,PerformerOf
10887,14198,PerformerOf
10888,10883,PerformerOf
10889,10883,PerformerOf
10890,10883,PerformerOf
10891,10883,PerformerOf
10894,10893,PerformerOf
10895,10893,PerformerOf
10896,10893,PerformerOf
10898,10893,PerformerOf
10899,10893,PerformerOf
10900,10893,PerformerOf
10901,10893,PerformerOf
10902,10893,PerformerOf
10905,10903,PerformerOf
10906,10903,PerformerOf
10907,10903,PerformerOf
10908,10903,PerformerOf
10910,10909,PerformerOf
10911,10909,PerformerOf
10912,10909,PerformerOf
10912,11300,PerformerOf
10914,10909,PerformerOf
10914,12352,PerformerOf
10914,13260,PerformerOf
10916,10915,PerformerOf
10917,13727,PerformerOf
10918,13727,PerformerOf
10920,10919,PerformerOf
10921,10919,PerformerOf
10922,10919,PerformerOf
10925,10919,PerformerOf
10926,10919,PerformerOf
10927,10919,PerformerOf
10929,10928,PerformerOf
10930,10928,PerformerOf
10932,10931,PerformerOf
10933,14197,PerformerOf
10934,10931,PerformerOf
10936,10935,PerformerOf
10940,10938,PerformerOf
10942,10941,PerformerOf
10945,10944,PerformerOf
10949,10948,PerformerOf
10954,10953,PerformerOf
10955,10953,PerformerOf
10957,10953,PerformerOf
10958,10953,PerformerOf
10959,10953,PerformerOf
10959,15422,PerformerOf
10960,10953,PerformerOf
10961,10953,PerformerOf
10961,15422,PerformerOf
10962,10953,PerformerOf
10964,10963,PerformerOf
10965,10963,PerformerOf
10966,10963,PerformerOf
10967,10963,PerformerOf
10969,10968,PerformerOf
10969,14506,PerformerOf
10970,10968,PerformerOf
10972,10968,PerformerOf
10973,10968,PerformerOf
10973,14506,PerformerOf
10974,10968,PerformerOf
10974,14506,PerformerOf
10976,10975,PerformerOf
10978,10977,PerformerOf
10979,10977,PerformerOf
10980,10977,PerformerOf
10983,10982,PerformerOf
10984,10982,PerformerOf
10985,10982,PerformerOf
10989,10986,PerformerOf
10991,10990,PerformerOf
10992,10990,PerformerOf
10993,10990,PerformerOf
10998,10997,PerformerOf
11000,10997,PerformerOf
11004,11002,PerformerOf
11011,11010,PerformerOf
11015,11014,PerformerOf
11015,15254,PerformerOf
11015,16274,PerformerOf
11016,11014,PerformerOf
11016,15254,PerformerOf
11016,16274,PerformerOf
11017,11014,PerformerOf
11017,15254,PerformerOf
11017,16274,PerformerOf
11019,11018,PerformerOf
11020,11018,PerformerOf
11021,11018,PerformerOf
11026,11024,PerformerOf
11027,11024,PerformerOf
11028,11024,PerformerOf
11030,11029,PerformerOf
11031,11029,PerformerOf
11032,11029,PerformerOf
11034,11033,PerformerOf
11035,11033,PerformerOf
11036,14086,PerformerOf
11038,11037,PerformerOf
11039,11037,PerformerOf
11039,12505,PerformerOf
11040,11037,PerformerOf
11041,11037,PerformerOf
11043,11042,PerformerOf
11043,14460,PerformerOf
11044,11042,PerformerOf
11045,11042,PerformerOf
11046,12759,PerformerOf
11049,11047,PerformerOf
11051,11050,PerformerOf
11052,11050,PerformerOf
11053,11050,PerformerOf
11054,11050,PerformerOf
11054,13315,PerformerOf
11055,13315,PerformerOf
11057,11056,PerformerOf
11059,11056,PerformerOf
11060,11056,PerformerOf
11063,11061,PerformerOf
11064,11061,PerformerOf
11065,11061,PerformerOf
11066,11061,PerformerOf
11067,11061,PerformerOf
11068,11061,PerformerOf
11069,11061,PerformerOf
11071,11061,PerformerOf
11073,11072,PerformerOf
11075,11074,PerformerOf
11077,11074,PerformerOf
11081,11080,PerformerOf
11082,11080,PerformerOf
11083,14800,PerformerOf
11086,11085,PerformerOf
11087,11085,PerformerOf
11089,11085,PerformerOf
11090,11085,PerformerOf
11092,11091,PerformerOf
11094,11093,PerformerOf
11095,11093,PerformerOf
11096,11093,PerformerOf
11099,11097,PerformerOf
11100,11097,PerformerOf
11101,11097,PerformerOf
11102,11097,PerformerOf
11103,11097,PerformerOf
11107,11104,PerformerOf
11113,11111,PerformerOf
11120,11117,PerformerOf
11123,11122,PerformerOf
11126,11125,PerformerOf
11128,11127,PerformerOf
11128,15422,PerformerOf
11129,14454,PerformerOf
11129,15422,PerformerOf
11131,11130,PerformerOf
11132,11130,PerformerOf
11133,11130,PerformerOf
11134,11130,PerformerOf
11135,11130,PerformerOf
11137,11136,PerformerOf
11140,11136,PerformerOf
11145,11144,PerformerOf
11147,11146,PerformerOf
11148,11146,PerformerOf
11149,11146,PerformerOf
11149,14198,PerformerOf
11150,11146,PerformerOf
11153,15843,PerformerOf
11154,11152,PerformerOf
11154,15843,PerformerOf
11158,11156,PerformerOf
11162,11161,PerformerOf
11164,11161,PerformerOf
11165,11161,PerformerOf
11167,11166,PerformerOf
11169,11166,PerformerOf
11170,11166,PerformerOf
11170,12776,PerformerOf
11176,11175,PerformerOf
11177,11175,PerformerOf
11180,11179,PerformerOf
11181,11179,PerformerOf
11182,11179,PerformerOf
11183,11179,PerformerOf
11185,11184,PerformerOf
11185,15805,PerformerOf
11186,11184,PerformerOf
11186,15805,PerformerOf
11188,11187,PerformerOf
11188,12073,PerformerOf
11189,11187,PerformerOf
11190,11187,PerformerOf
11194,11191,PerformerOf
11196,11195,PerformerOf
11197,11195,PerformerOf
11198,11195,PerformerOf
11199,11195,PerformerOf
11201,11200,PerformerOf
11202,11200,PerformerOf
11203,11200,PerformerOf
11207,11206,PerformerOf
11209,11206,PerformerOf
11211,11210,PerformerOf
11212,11210,PerformerOf
11215,11214,PerformerOf
11216,11214,PerformerOf
11216,13468,PerformerOf
11218,11217,PerformerOf
11220,11219,PerformerOf
11221,11219,PerformerOf
11222,11219,PerformerOf
11223,11219,PerformerOf
11226,11225,PerformerOf
11228,11227,PerformerOf
11234,11230,PerformerOf
11235,11230,PerformerOf
11237,11236,PerformerOf
11238,11236,PerformerOf
11239,11236,PerformerOf
11242,11241,PerformerOf
11248,11246,PerformerOf
11250,11249,PerformerOf
11252,11251,PerformerOf
11253,11251,PerformerOf
11255,11254,PerformerOf
11257,11256,PerformerOf
11260,11259,PerformerOf
11261,11259,PerformerOf
11264,11263,PerformerOf
11265,11263,PerformerOf
11266,11263,PerformerOf
11270,11269,PerformerOf
11271,11269,PerformerOf
11272,11269,PerformerOf
11274,11273,PerformerOf
11277,11276,PerformerOf
11278,11276,PerformerOf
11279,11276,PerformerOf
11281,11280,PerformerOf
11282,11280,PerformerOf
11283,11280,PerformerOf
11285,11284,PerformerOf
11286,11284,PerformerOf
11287,11284,PerformerOf
11288,11284,PerformerOf
11295,11294,PerformerOf
11297,11294,PerformerOf
11301,11300,PerformerOf
11302,11300,PerformerOf
11304,11303,PerformerOf
11304,15290,PerformerOf
11305,15290,PerformerOf
11305,15959,PerformerOf
11306,11303,PerformerOf
11306,15290,PerformerOf
11307,11303,PerformerOf
11307,15290,PerformerOf
11310,11309,PerformerOf
11311,11309,PerformerOf
11312,11309,PerformerOf
11313,11309,PerformerOf
11315,11309,PerformerOf
11317,11316,PerformerOf
11318,11316,PerformerOf
11320,11319,PerformerOf
11321,11319,PerformerOf
11323,11322,PerformerOf
11324,11322,PerformerOf
11325,11322,PerformerOf
11326,11322,PerformerOf
11328,11327,PerformerOf
11330,11329,PerformerOf
11332,11331,PerformerOf
11332,13817,PerformerOf
11334,11333,PerformerOf
11335,11333,PerformerOf
11336,11333,PerformerOf
11337,11333,PerformerOf
11338,11333,PerformerOf
11338,12744,PerformerOf
11338,14220,PerformerOf
11341,11339,PerformerOf
11343,11342,PerformerOf
11343,14167,PerformerOf
11344,11342,PerformerOf
11345,11342,PerformerOf
11346,11342,PerformerOf
11346,14167,PerformerOf
11346,15384,PerformerOf
11347,11342,PerformerOf
11349,11342,PerformerOf
11350,11342,PerformerOf
11353,11352,PerformerOf
11355,11354,PerformerOf
11358,11357,PerformerOf
11361,11359,PerformerOf
11364,12100,PerformerOf
11367,11366,PerformerOf
11370,11369,PerformerOf
11372,11371,PerformerOf
11373,11371,PerformerOf
11374,11371,PerformerOf
11375,11371,PerformerOf
11375,15207,PerformerOf
11376,11371,PerformerOf
11380,11378,PerformerOf
11382,11381,PerformerOf
11384,11381,PerformerOf
11386,11385,PerformerOf
11387,11385,PerformerOf
11388,11385,PerformerOf
11389,11385,PerformerOf
11390,11385,PerformerOf
11391,11385,PerformerOf
11392,11385,PerformerOf
11396,11395,PerformerOf
11397,11395,PerformerOf
11398,11395,PerformerOf
11399,11395,PerformerOf
11399,13713,PerformerOf
11401,11400,PerformerOf
11402,11400,PerformerOf
11406,11405,PerformerOf
11407,11405,PerformerOf
11408,11405,PerformerOf
11409,11405,PerformerOf
11411,11405,PerformerOf
11412,11405,PerformerOf
11416,11415,PerformerOf
11418,11415,PerformerOf
11421,11420,PerformerOf
11422,11420,PerformerOf
11425,11424,PerformerOf
11426,16669,PerformerOf
11433,11432,PerformerOf
11433,13804,PerformerOf
11434,11432,PerformerOf
11434,13804,PerformerOf
11435,11432,PerformerOf
11435,13804,PerformerOf
11436,11432,PerformerOf
11436,16096,PerformerOf
11437,11432,PerformerOf
11441,11439,PerformerOf
11444,11442,PerformerOf
11448,11447,PerformerOf
11451,11450,PerformerOf
11460,11459,PerformerOf
11460,14322,PerformerOf
11461,11459,PerformerOf
11462,11459,PerformerOf
11464,11463,PerformerOf
11466,11465,PerformerOf
11469,11468,PerformerOf
11473,11472,PerformerOf
11474,11472,PerformerOf
11475,11472,PerformerOf
11475,12369,PerformerOf
11476,11472,PerformerOf
11480,11479,PerformerOf
11482,11479,PerformerOf
11483,11479,PerformerOf
11484,11479,PerformerOf
11486,11485,PerformerOf
11487,11485,PerformerOf
11488,11485,PerformerOf
11489,11485,PerformerOf
11490,11485,PerformerOf
11492,11491,PerformerOf
11493,11491,PerformerOf
11494,11491,PerformerOf
11496,11495,PerformerOf
11497,11495,PerformerOf
11498,11495,PerformerOf
11501,11499,PerformerOf
11503,11502,PerformerOf
11504,11502,PerformerOf
11505,11502,PerformerOf
11506,11502,PerformerOf
11507,11502,PerformerOf
11510,11509,PerformerOf
11512,11509,PerformerOf
11517,11515,PerformerOf
11523,11522,PerformerOf
11529,11528,PerformerOf
11530,11528,PerformerOf
11534,11533,PerformerOf
11535,11533,PerformerOf
11536,11533,PerformerOf
11540,11538,PerformerOf
11542,11541,PerformerOf
11543,11541,PerformerOf
11545,11541,PerformerOf
11547,11546,PerformerOf
11551,11550,PerformerOf
11552,11550,PerformerOf
11553,11550,PerformerOf
11554,11550,PerformerOf
11556,11550,PerformerOf
11557,11550,PerformerOf
11559,11558,PerformerOf
11561,11558,PerformerOf
11563,11562,PerformerOf
11566,11564,PerformerOf
11570,11569,PerformerOf
11573,11572,PerformerOf
11575,11574,PerformerOf
11576,11574,PerformerOf
11576,12582,PerformerOf
11579,11578,PerformerOf
11579,12169,PerformerOf
11580,11578,PerformerOf
11580,14621,PerformerOf
11581,11578,PerformerOf
11582,11578,PerformerOf
11584,11583,PerformerOf
11585,11583,PerformerOf
11588,11586,PerformerOf
11589,11586,PerformerOf
11591,11590,PerformerOf
11592,11590,PerformerOf
11593,11590,PerformerOf
11595,11590,PerformerOf
11596,11590,PerformerOf
11597,11590,PerformerOf
11599,11598,PerformerOf
11599,16063,PerformerOf
11600,11598,PerformerOf
11601,16063,PerformerOf
11601,16075,PerformerOf
11604,11603,PerformerOf
11605,11603,PerformerOf
11607,11603,PerformerOf
11607,16603,PerformerOf
11611,11608,PerformerOf
11615,11614,PerformerOf
11618,11617,PerformerOf
11619,11617,PerformerOf
11620,11617,PerformerOf
11621,11617,PerformerOf
11622,11617,PerformerOf
11624,11623,PerformerOf
11626,11623,PerformerOf
11627,11623,PerformerOf
11628,11623,PerformerOf
11630,11629,PerformerOf
11631,11629,PerformerOf
11633,11629,PerformerOf
11636,11635,PerformerOf
11639,11637,PerformerOf
11643,11641,PerformerOf
11645,11644,PerformerOf
11647,11646,PerformerOf
11648,11646,PerformerOf
11649,11646,PerformerOf
11650,11646,PerformerOf
11651,11646,PerformerOf
11654,11652,PerformerOf
11657,11655,PerformerOf
11660,11659,PerformerOf
11661,11659,PerformerOf
11662,11659,PerformerOf
11663,11659,PerformerOf
11664,11659,PerformerOf
11665,11659,PerformerOf
11666,11659,PerformerOf
11667,11659,PerformerOf
11668,11659,PerformerOf
11670,11659,PerformerOf
11671,11659,PerformerOf
11675,11672,PerformerOf
11682,11681,PerformerOf
11683,11681,PerformerOf
11684,11681,PerformerOf
11685,11681,PerformerOf
11686,11681,PerformerOf
11687,11681,PerformerOf
11688,11681,PerformerOf
11689,11681,PerformerOf
11690,11681,PerformerOf
11691,11681,PerformerOf
11692,11681,PerformerOf
11693,11681,PerformerOf
11694,11681,PerformerOf
11697,11696,PerformerOf
11698,11696,PerformerOf
11702,11701,PerformerOf
11703,12892,PerformerOf
11704,12892,PerformerOf
11705,11701,PerformerOf
11705,12892,PerformerOf
11707,11706,PerformerOf
11708,11706,PerformerOf
11709,11706,PerformerOf
11710,11706,PerformerOf
11711,11706,PerformerOf
11713,11712,PerformerOf
11714,11712,PerformerOf
11715,11712,PerformerOf
11716,11712,PerformerOf
11716,11928,PerformerOf
11716,12633,PerformerOf
11717,11712,PerformerOf
11721,11719,PerformerOf
11722,11719,PerformerOf
11724,11719,PerformerOf
11727,11726,PerformerOf
11728,11726,PerformerOf
11731,11730,PerformerOf
11732,11730,PerformerOf
11733,11730,PerformerOf
11734,11730,PerformerOf
11735,11730,PerformerOf
11739,11737,PerformerOf
11741,11740,PerformerOf
11742,11740,PerformerOf
11743,11740,PerformerOf
11745,11744,PerformerOf
11747,11746,PerformerOf
11747,13623,PerformerOf
11748,11746,PerformerOf
11750,11749,PerformerOf
11751,12366,PerformerOf
11752,11749,PerformerOf
11754,11753,PerformerOf
11755,11753,PerformerOf
11756,11753,PerformerOf
11757,11753,PerformerOf
11758,11753,PerformerOf
11760,11753,PerformerOf
11761,11753,PerformerOf
11762,11753,PerformerOf
11763,11753,PerformerOf
11764,11753,PerformerOf
11766,11765,PerformerOf
11769,11768,PerformerOf
11770,11768,PerformerOf
11771,11768,PerformerOf
11772,11768,PerformerOf
11773,11768,PerformerOf
11774,11768,PerformerOf
11775,11768,PerformerOf
11776,11768,PerformerOf
11777,11768,PerformerOf
11778,11768,PerformerOf
11779,11768,PerformerOf
11781,11780,PerformerOf
11782,11780,PerformerOf
11783,11780,PerformerOf
11784,11780,PerformerOf
11786,11785,PerformerOf
11786,12490,PerformerOf
11787,11785,PerformerOf
11789,11788,PerformerOf
11791,11788,PerformerOf
11791,11985,PerformerOf
11792,11788,PerformerOf
11794,11793,PerformerOf
11798,11797,PerformerOf
11799,11797,PerformerOf
11800,11797,PerformerOf
11804,11801,PerformerOf
11806,11805,PerformerOf
11807,11885,PerformerOf
11809,11808,PerformerOf
11811,11808,PerformerOf
11812,11808,PerformerOf
11814,11813,PerformerOf
11816,11815,PerformerOf
11817,11815,PerformerOf
11818,11815,PerformerOf
11820,11819,PerformerOf
11821,11819,PerformerOf
11825,11824,PerformerOf
11825,15462,PerformerOf
11827,11826,PerformerOf
11832,14392,PerformerOf
11833,11831,PerformerOf
11834,15851,PerformerOf
11835,11831,PerformerOf
11838,11836,PerformerOf
11841,11839,PerformerOf
11843,11842,PerformerOf
11844,11842,PerformerOf
11845,11842,PerformerOf
11846,11842,PerformerOf
11848,11847,PerformerOf
11848,14498,PerformerOf
11850,11847,PerformerOf
11850,13068,PerformerOf
11853,11851,PerformerOf
11854,11851,PerformerOf
11856,11855,PerformerOf
11857,11855,PerformerOf
11858,11855,PerformerOf
11858,15762,PerformerOf
11860,11859,PerformerOf
11862,11861,PerformerOf
11863,11861,PerformerOf
11864,11861,PerformerOf
11867,11866,PerformerOf
11871,11870,PerformerOf
11872,11870,PerformerOf
11873,11870,PerformerOf
11874,11870,PerformerOf
11877,11875,PerformerOf
11879,11878,PerformerOf
11881,11880,PerformerOf
11882,11880,PerformerOf
11883,14217,PerformerOf
11884,11880,PerformerOf
11886,11885,PerformerOf
11887,15065,PerformerOf
11891,11890,PerformerOf
11892,11890,PerformerOf
11892,15574,PerformerOf
11897,11896,PerformerOf
11898,11896,PerformerOf
11900,11899,PerformerOf
11901,11899,PerformerOf
11902,11899,PerformerOf
11903,11899,PerformerOf
11906,11905,PerformerOf
11906,15734,PerformerOf
11906,16714,PerformerOf
11909,11907,PerformerOf
11913,11911,PerformerOf
11915,11914,PerformerOf
11916,11914,PerformerOf
11917,11914,PerformerOf
11918,11914,PerformerOf
11919,11914,PerformerOf
11920,11914,PerformerOf
11921,11914,PerformerOf
11926,11923,PerformerOf
11927,11923,PerformerOf
11929,11928,PerformerOf
11930,11928,PerformerOf
11931,11928,PerformerOf
11931,12633,PerformerOf
11932,11928,PerformerOf
11932,12633,PerformerOf
11933,11928,PerformerOf
11934,11928,PerformerOf
11935,11928,PerformerOf
11937,11936,PerformerOf
11943,11942,PerformerOf
11946,11945,PerformerOf
11953,11951,PerformerOf
11954,11951,PerformerOf
11955,11951,PerformerOf
11960,11957,PerformerOf
11965,11962,PerformerOf
11968,11967,PerformerOf
11970,11967,PerformerOf
11971,11967,PerformerOf
11973,11972,PerformerOf
11974,11972,PerformerOf
11975,11972,PerformerOf
11976,11972,PerformerOf
11977,11972,PerformerOf
11979,11978,PerformerOf
11981,12629,PerformerOf
11981,14593,PerformerOf
11981,14884,PerformerOf
11982,14593,PerformerOf
11982,14884,PerformerOf
11983,11980,PerformerOf
11983,12629,PerformerOf
11983,14593,PerformerOf
11983,14884,PerformerOf
11983,15506,PerformerOf
11983,16449,PerformerOf
11986,11985,PerformerOf
11987,11985,PerformerOf
11988,11985,PerformerOf
11990,11989,PerformerOf
11992,11989,PerformerOf
11993,11989,PerformerOf
11994,11989,PerformerOf
11996,11995,PerformerOf
12000,11998,PerformerOf
12002,12001,PerformerOf
12005,12004,PerformerOf
12011,12010,PerformerOf
12012,13155,PerformerOf
12012,14351,PerformerOf
12014,12013,PerformerOf
12016,12015,PerformerOf
12017,12015,PerformerOf
12019,12015,PerformerOf
12021,12020,PerformerOf
12022,12020,PerformerOf
12024,12020,PerformerOf
12026,12025,PerformerOf
12026,14045,PerformerOf
12028,12027,PerformerOf
12030,12027,PerformerOf
12032,12031,PerformerOf
12033,12031,PerformerOf
12038,12036,PerformerOf
12040,12039,PerformerOf
12044,12043,PerformerOf
12044,13068,PerformerOf
12044,14057,PerformerOf
12046,12045,PerformerOf
12047,12045,PerformerOf
12050,12049,PerformerOf
12051,12049,PerformerOf
12053,12052,PerformerOf
12053,13711,PerformerOf
12053,16614,PerformerOf
12055,12052,PerformerOf
12055,16614,PerformerOf
12056,12052,PerformerOf
12056,16614,PerformerOf
12059,12058,PerformerOf
12062,12061,PerformerOf
12063,12061,PerformerOf
12070,12067,PerformerOf
12071,12067,PerformerOf
12074,12073,PerformerOf
12075,12073,PerformerOf
12076,12073,PerformerOf
12078,12073,PerformerOf
12082,12081,PerformerOf
12082,12623,PerformerOf
12082,14696,PerformerOf
12082,14864,PerformerOf
12083,12081,PerformerOf
12084,12081,PerformerOf
12085,12081,PerformerOf
12087,12081,PerformerOf
12092,12091,PerformerOf
12093,12091,PerformerOf
12094,12091,PerformerOf
12096,12091,PerformerOf
12097,12091,PerformerOf
12097,15820,PerformerOf
12101,12100,PerformerOf
12108,12106,PerformerOf
12110,12109,PerformerOf
12111,12109,PerformerOf
12113,12109,PerformerOf
12114,12109,PerformerOf
12115,12109,PerformerOf
12116,12109,PerformerOf
12117,12109,PerformerOf
12119,12109,PerformerOf
12121,12120,PerformerOf
12122,12120,PerformerOf
12123,12120,PerformerOf
12124,12120,PerformerOf
12127,12126,PerformerOf
12128,12126,PerformerOf
12128,15364,PerformerOf
12129,12126,PerformerOf
12132,12131,PerformerOf
12134,12131,PerformerOf
12135,12131,PerformerOf
12136,12131,PerformerOf
12139,12138,PerformerOf
12140,12138,PerformerOf
12141,12138,PerformerOf
12143,12142,PerformerOf
12143,15998,PerformerOf
12144,15998,PerformerOf
12145,15998,PerformerOf
12149,12148,PerformerOf
12151,12150,PerformerOf
12152,15017,PerformerOf
12153,12150,PerformerOf
12154,13781,PerformerOf
12155,12150,PerformerOf
12155,13691,PerformerOf
12157,12156,PerformerOf
12158,12156,PerformerOf
12159,12156,PerformerOf
12160,12156,PerformerOf
12165,12164,PerformerOf
12166,12164,PerformerOf
12167,12164,PerformerOf
12168,12164,PerformerOf
12170,12169,PerformerOf
12171,12169,PerformerOf
12172,12169,PerformerOf
12174,12173,PerformerOf
12175,12173,PerformerOf
12176,12173,PerformerOf
12177,12173,PerformerOf
12180,12179,PerformerOf
12181,12179,PerformerOf
12182,12179,PerformerOf
12183,12179,PerformerOf
12184,12179,PerformerOf
12185,12179,PerformerOf
12187,12179,PerformerOf
12188,12179,PerformerOf
12191,12190,PerformerOf
12192,12190,PerformerOf
12193,12190,PerformerOf
12197,12196,PerformerOf
12198,12196,PerformerOf
12201,12200,PerformerOf
12203,12202,PerformerOf
12206,12205,PerformerOf
12207,12205,PerformerOf
12208,12205,PerformerOf
12212,12209,PerformerOf
12214,12213,PerformerOf
12215,12213,PerformerOf
12216,12213,PerformerOf
12219,12218,PerformerOf
12221,12220,PerformerOf
12222,12220,PerformerOf
12224,12220,PerformerOf
12225,12220,PerformerOf
12226,12220,PerformerOf
12227,12220,PerformerOf
12229,12220,PerformerOf
12232,12230,PerformerOf
12236,12234,PerformerOf
12238,12237,PerformerOf
12239,12237,PerformerOf
12240,12237,PerformerOf
12241,12237,PerformerOf
12243,12242,PerformerOf
12246,12245,PerformerOf
12246,14622,PerformerOf
12247,12245,PerformerOf
12247,13279,PerformerOf
12248,12245,PerformerOf
12248,13279,PerformerOf
12251,12250,PerformerOf
12252,12250,PerformerOf
12253,12250,PerformerOf
12255,12250,PerformerOf
12256,12250,PerformerOf
12257,12250,PerformerOf
12258,12250,PerformerOf
12261,12259,PerformerOf
12265,12263,PerformerOf
12267,12266,PerformerOf
12268,12266,PerformerOf
12269,12266,PerformerOf
12271,12270,PerformerOf
12272,12270,PerformerOf
12274,12273,PerformerOf
12277,12276,PerformerOf
12280,12276,PerformerOf
12281,12276,PerformerOf
12283,12282,PerformerOf
12284,12282,PerformerOf
12285,12282,PerformerOf
12285,15391,PerformerOf
12285,15954,PerformerOf
12286,15954,PerformerOf
12287,15954,PerformerOf
12288,15954,PerformerOf
12290,12289,PerformerOf
12295,12294,PerformerOf
12296,12294,PerformerOf
12298,12294,PerformerOf
12299,12294,PerformerOf
12302,12301,PerformerOf
12303,12301,PerformerOf
12304,12301,PerformerOf
12305,12301,PerformerOf
12306,12301,PerformerOf
12307,12301,PerformerOf
12311,12309,PerformerOf
12312,12309,PerformerOf
12312,12313,PerformerOf
12312,15093,PerformerOf
12314,12313,PerformerOf
12315,12313,PerformerOf
12318,12316,PerformerOf
12319,12316,PerformerOf
12323,12322,PerformerOf
12324,12322,PerformerOf
12325,12322,PerformerOf
12326,12322,PerformerOf
12327,12322,PerformerOf
12330,12328,PerformerOf
12331,12328,PerformerOf
12334,12333,PerformerOf
12335,12333,PerformerOf
12336,12333,PerformerOf
12337,12333,PerformerOf
12337,13282,PerformerOf
12337,14146,PerformerOf
12337,16620,PerformerOf
12339,12338,PerformerOf
12340,12338,PerformerOf
12341,12338,PerformerOf
12342,12338,PerformerOf
12343,12338,PerformerOf
12348,12347,PerformerOf
12349,12347,PerformerOf
12351,12350,PerformerOf
12353,12352,PerformerOf
12354,12352,PerformerOf
12355,12352,PerformerOf
12359,12358,PerformerOf
12360,12358,PerformerOf
12361,12358,PerformerOf
12363,12362,PerformerOf
12364,12362,PerformerOf
12368,12367,PerformerOf
12368,13423,PerformerOf
12371,12369,PerformerOf
12372,12369,PerformerOf
12374,12373,PerformerOf
12374,14944,PerformerOf
12377,12376,PerformerOf
12378,12376,PerformerOf
12379,12376,PerformerOf
12381,12376,PerformerOf
12383,12382,PerformerOf
12387,12386,PerformerOf
12388,12386,PerformerOf
12390,12389,PerformerOf
12391,12389,PerformerOf
12392,12389,PerformerOf
12394,12393,PerformerOf
12398,12397,PerformerOf
12399,12397,PerformerOf
12400,12397,PerformerOf
12402,12401,PerformerOf
12403,12401,PerformerOf
12404,12401,PerformerOf
12405,12401,PerformerOf
12406,12401,PerformerOf
12409,12408,PerformerOf
12411,12410,PerformerOf
12412,12410,PerformerOf
12413,12410,PerformerOf
12414,12410,PerformerOf
12414,16641,PerformerOf
12415,12410,PerformerOf
12416,12410,PerformerOf
12416,16641,PerformerOf
12417,12410,PerformerOf
12420,12418,PerformerOf
12421,12418,PerformerOf
12423,12422,PerformerOf
12423,14557,PerformerOf
12424,12422,PerformerOf
12424,14557,PerformerOf
12426,12425,PerformerOf
12427,12425,PerformerOf
12427,14537,PerformerOf
12430,12429,PerformerOf
12431,12429,PerformerOf
12432,12429,PerformerOf
12433,12429,PerformerOf
12437,12434,PerformerOf
12438,12434,PerformerOf
12439,12434,PerformerOf
12440,12434,PerformerOf
12446,12445,PerformerOf
12447,12445,PerformerOf
12448,12445,PerformerOf
12449,12445,PerformerOf
12452,12451,PerformerOf
12453,12451,PerformerOf
12454,12451,PerformerOf
12456,12451,PerformerOf
12457,12451,PerformerOf
12458,12451,PerformerOf
12459,12451,PerformerOf
12461,12451,PerformerOf
12462,12451,PerformerOf
12463,12451,PerformerOf
12464,12451,PerformerOf
12465,12451,PerformerOf
12466,12451,PerformerOf
12467,12451,PerformerOf
12470,12469,PerformerOf
12470,16166,PerformerOf
12471,12469,PerformerOf
12471,16166,PerformerOf
12472,12469,PerformerOf
12472,16166,PerformerOf
12473,12469,PerformerOf
12474,16166,PerformerOf
12476,12475,PerformerOf
12477,12475,PerformerOf
12480,12478,PerformerOf
12480,16710,PerformerOf
12481,12478,PerformerOf
12482,12478,PerformerOf
12483,12478,PerformerOf
12483,16710,PerformerOf
12484,12478,PerformerOf
12484,16710,PerformerOf
12485,12478,PerformerOf
12486,12478,PerformerOf
12487,12478,PerformerOf
12488,12478,PerformerOf
12491,12490,PerformerOf
12492,12490,PerformerOf
12493,12490,PerformerOf
12499,12498,PerformerOf
12500,12498,PerformerOf
12502,12501,PerformerOf
12503,12501,PerformerOf
12506,12505,PerformerOf
12509,12508,PerformerOf
12510,12508,PerformerOf
12510,15222,PerformerOf
12510,15369,PerformerOf
12511,12508,PerformerOf
12513,12512,PerformerOf
12514,12512,PerformerOf
12516,12515,PerformerOf
12520,12518,PerformerOf
12523,12521,PerformerOf
12525,12524,PerformerOf
12526,12625,PerformerOf
12526,15249,PerformerOf
12527,12524,PerformerOf
12527,12625,PerformerOf
12528,12524,PerformerOf
12529,12524,PerformerOf
12532,12531,PerformerOf
12532,16252,PerformerOf
12533,12531,PerformerOf
12536,12535,PerformerOf
12537,12535,PerformerOf
12539,12538,PerformerOf
12541,12540,PerformerOf
12544,12543,PerformerOf
12545,12543,PerformerOf
12548,12547,PerformerOf
12549,12547,PerformerOf
12551,12550,PerformerOf
12552,12550,PerformerOf
12556,12554,PerformerOf
12557,12634,PerformerOf
12557,12554,PerformerOf
12560,12558,PerformerOf
12561,12558,PerformerOf
12562,12558,PerformerOf
12563,12558,PerformerOf
12565,12564,PerformerOf
12566,12564,PerformerOf
12567,12564,PerformerOf
12568,12564,PerformerOf
12572,12571,PerformerOf
12576,12574,PerformerOf
12579,12578,PerformerOf
12580,12578,PerformerOf
12583,12582,PerformerOf
12585,12582,PerformerOf
12586,12582,PerformerOf
12587,12582,PerformerOf
12588,12582,PerformerOf
12589,12582,PerformerOf
12590,12582,PerformerOf
12591,12582,PerformerOf
12592,12582,PerformerOf
12592,12768,PerformerOf
12592,14965,PerformerOf
12598,12596,PerformerOf
12600,12599,PerformerOf
12601,12599,PerformerOf
12603,12602,PerformerOf
12604,12602,PerformerOf
12607,12602,PerformerOf
12610,12608,PerformerOf
12614,16432,PerformerOf
12615,12613,PerformerOf
12615,16432,PerformerOf
12618,12617,PerformerOf
12619,12617,PerformerOf
12621,12617,PerformerOf
12621,13574,PerformerOf
12624,12623,PerformerOf
12624,14696,PerformerOf
12624,14864,PerformerOf
12626,12625,PerformerOf
12627,12625,PerformerOf
12628,12625,PerformerOf
12630,12629,PerformerOf
12632,12631,PerformerOf
12636,12635,PerformerOf
12637,12635,PerformerOf
12638,12635,PerformerOf
12639,12635,PerformerOf
12641,12635,PerformerOf
12642,12635,PerformerOf
12642,15333,PerformerOf
12643,12635,PerformerOf
12644,12635,PerformerOf
12644,15333,PerformerOf
12646,12645,PerformerOf
12647,12645,PerformerOf
12648,12645,PerformerOf
12651,12650,PerformerOf
12653,12652,PerformerOf
12657,12656,PerformerOf
12658,12656,PerformerOf
12659,12656,PerformerOf
12660,12656,PerformerOf
12662,12661,PerformerOf
12663,12661,PerformerOf
12666,12665,PerformerOf
12667,14007,PerformerOf
12669,12668,PerformerOf
12670,12668,PerformerOf
12671,12668,PerformerOf
12672,12668,PerformerOf
12674,12673,PerformerOf
12675,12673,PerformerOf
12676,12673,PerformerOf
12677,12673,PerformerOf
12679,12678,PerformerOf
12680,12678,PerformerOf
12681,12678,PerformerOf
12682,12678,PerformerOf
12683,12678,PerformerOf
12684,12678,PerformerOf
12686,12685,PerformerOf
12687,12685,PerformerOf
12688,12685,PerformerOf
12690,12689,PerformerOf
12693,12692,PerformerOf
12695,12694,PerformerOf
12696,12694,PerformerOf
12698,12694,PerformerOf
12699,12694,PerformerOf
12700,12694,PerformerOf
12704,12703,PerformerOf
12704,16153,PerformerOf
12706,12705,PerformerOf
12707,12705,PerformerOf
12708,12705,PerformerOf
12709,12705,PerformerOf
12711,12710,PerformerOf
12712,12710,PerformerOf
12713,12710,PerformerOf
12714,12710,PerformerOf
12715,12710,PerformerOf
12716,12710,PerformerOf
12717,12710,PerformerOf
12724,12723,PerformerOf
12725,12723,PerformerOf
12730,12729,PerformerOf
12731,12729,PerformerOf
12733,12732,PerformerOf
12735,12732,PerformerOf
12736,12732,PerformerOf
12737,12732,PerformerOf
12740,12739,PerformerOf
12741,12739,PerformerOf
12743,16500,PerformerOf
12743,12742,PerformerOf
12743,14862,PerformerOf
12745,12744,PerformerOf
12746,12744,PerformerOf
12747,12744,PerformerOf
12748,12744,PerformerOf
12749,12744,PerformerOf
12749,15522,PerformerOf
12749,16264,PerformerOf
12753,12751,PerformerOf
12754,12751,PerformerOf
12757,12756,PerformerOf
12758,12756,PerformerOf
12760,12759,PerformerOf
12762,12761,PerformerOf
12764,12761,PerformerOf
12765,12761,PerformerOf
12766,12761,PerformerOf
12767,12761,PerformerOf
12769,12768,PerformerOf
12770,12768,PerformerOf
12770,14965,PerformerOf
12771,12768,PerformerOf
12771,14965,PerformerOf
12772,12768,PerformerOf
12772,14965,PerformerOf
12773,12768,PerformerOf
12773,14965,PerformerOf
12774,12768,PerformerOf
12774,14965,PerformerOf
12777,12776,PerformerOf
12778,12776,PerformerOf
12783,12781,PerformerOf
12785,15713,PerformerOf
12786,12784,PerformerOf
12790,12788,PerformerOf
12791,12788,PerformerOf
12795,12794,PerformerOf
12796,12794,PerformerOf
12797,12794,PerformerOf
12798,12794,PerformerOf
12799,12794,PerformerOf
12800,12794,PerformerOf
12801,12794,PerformerOf
12802,12794,PerformerOf
12803,12794,PerformerOf
12806,12804,PerformerOf
12808,12807,PerformerOf
12809,12807,PerformerOf
12813,12812,PerformerOf
12814,12812,PerformerOf
12814,13374,PerformerOf
12814,15206,PerformerOf
12815,12812,PerformerOf
12815,15206,PerformerOf
12815,16061,PerformerOf
12818,12817,PerformerOf
12824,12823,PerformerOf
12825,12823,PerformerOf
12826,12823,PerformerOf
12827,12823,PerformerOf
12828,12823,PerformerOf
12829,12823,PerformerOf
12830,12823,PerformerOf
12831,12823,PerformerOf
12832,12823,PerformerOf
12834,12833,PerformerOf
12835,12833,PerformerOf
12835,14410,PerformerOf
12838,12837,PerformerOf
12840,15170,PerformerOf
12841,12837,PerformerOf
12843,12842,PerformerOf
12844,12842,PerformerOf
12844,14691,PerformerOf
12845,12842,PerformerOf
12846,12842,PerformerOf
12846,13681,PerformerOf
12848,12847,PerformerOf
12850,12847,PerformerOf
12851,12847,PerformerOf
12853,12852,PerformerOf
12854,12852,PerformerOf
12855,12852,PerformerOf
12856,12852,PerformerOf
12859,12858,PerformerOf
12859,16086,PerformerOf
12860,12858,PerformerOf
12860,16123,PerformerOf
12862,12861,PerformerOf
12863,12861,PerformerOf
12864,12861,PerformerOf
12868,12867,PerformerOf
12869,12867,PerformerOf
12870,12867,PerformerOf
12873,12867,PerformerOf
12874,12867,PerformerOf
12875,12867,PerformerOf
12876,12867,PerformerOf
12878,12877,PerformerOf
12879,12877,PerformerOf
12880,12877,PerformerOf
12880,16466,PerformerOf
12881,12877,PerformerOf
12883,12882,PerformerOf
12887,12886,PerformerOf
12894,12893,PerformerOf
12895,12893,PerformerOf
12895,14984,PerformerOf
12898,12896,PerformerOf
12901,12899,PerformerOf
12902,12899,PerformerOf
12904,12903,PerformerOf
12906,12903,PerformerOf
12907,12903,PerformerOf
12908,12903,PerformerOf
12915,12914,PerformerOf
12917,12916,PerformerOf
12917,15419,PerformerOf
12921,12920,PerformerOf
12925,12923,PerformerOf
12927,12926,PerformerOf
12929,12926,PerformerOf
12930,12926,PerformerOf
12931,12926,PerformerOf
12938,12936,PerformerOf
12940,12936,PerformerOf
12942,12941,PerformerOf
12943,12941,PerformerOf
12945,12941,PerformerOf
12948,12947,PerformerOf
12948,14107,PerformerOf
12950,12949,PerformerOf
12951,12949,PerformerOf
12954,12953,PerformerOf
12957,12956,PerformerOf
12958,12956,PerformerOf
12959,12956,PerformerOf
12960,12956,PerformerOf
12962,12961,PerformerOf
12964,12963,PerformerOf
12966,12963,PerformerOf
12968,12967,PerformerOf
12968,13392,PerformerOf
12969,12967,PerformerOf
12969,13392,PerformerOf
12970,13392,PerformerOf
12972,12971,PerformerOf
12974,12973,PerformerOf
12975,12973,PerformerOf
12977,12976,PerformerOf
12980,12979,PerformerOf
12981,12979,PerformerOf
12984,12983,PerformerOf
12985,12983,PerformerOf
12988,12986,PerformerOf
12989,12986,PerformerOf
12990,12986,PerformerOf
12992,12991,PerformerOf
12992,14141,PerformerOf
12995,12994,PerformerOf
12999,12998,PerformerOf
13000,12998,PerformerOf
13004,13002,PerformerOf
13005,13002,PerformerOf
13006,13002,PerformerOf
13012,13010,PerformerOf
13015,13014,PerformerOf
13016,13014,PerformerOf
13017,13014,PerformerOf
13018,13014,PerformerOf
13020,13019,PerformerOf
13028,13027,PerformerOf
13028,14666,PerformerOf
13029,14666,PerformerOf
13032,13031,PerformerOf
13034,13033,PerformerOf
13036,13035,PerformerOf
13037,13035,PerformerOf
13038,13035,PerformerOf
13038,13627,PerformerOf
13041,13040,PerformerOf
13044,13042,PerformerOf
13048,13047,PerformerOf
13050,13049,PerformerOf
13051,13049,PerformerOf
13052,13049,PerformerOf
13054,15287,PerformerOf
13056,13055,PerformerOf
13057,13055,PerformerOf
13058,13055,PerformerOf
13060,13055,PerformerOf
13061,13055,PerformerOf
13066,13064,PerformerOf
13067,13064,PerformerOf
13067,14835,PerformerOf
13071,13069,PerformerOf
13074,13073,PerformerOf
13077,13076,PerformerOf
13078,13076,PerformerOf
13079,13076,PerformerOf
13081,13080,PerformerOf
13082,13080,PerformerOf
13083,13080,PerformerOf
13084,13080,PerformerOf
13087,13085,PerformerOf
13090,13088,PerformerOf
13090,14762,PerformerOf
13090,15989,PerformerOf
13091,13088,PerformerOf
13091,15989,PerformerOf
13092,13088,PerformerOf
13095,13094,PerformerOf
13096,13094,PerformerOf
13097,13094,PerformerOf
13098,13094,PerformerOf
13100,13094,PerformerOf
13103,13101,PerformerOf
13105,13104,PerformerOf
13108,13107,PerformerOf
13109,13107,PerformerOf
13109,13607,PerformerOf
13110,13107,PerformerOf
13110,13607,PerformerOf
13111,13107,PerformerOf
13113,13112,PerformerOf
13114,13112,PerformerOf
13115,13112,PerformerOf
13116,13112,PerformerOf
13118,13117,PerformerOf
13122,13117,PerformerOf
13125,13123,PerformerOf
13126,13123,PerformerOf
13127,13123,PerformerOf
13130,13129,PerformerOf
13133,13132,PerformerOf
13134,13132,PerformerOf
13134,13143,PerformerOf
13137,13135,PerformerOf
13141,13140,PerformerOf
13141,14446,PerformerOf
13141,15129,PerformerOf
13146,13144,PerformerOf
13148,13147,PerformerOf
13151,13150,PerformerOf
13152,13150,PerformerOf
13153,15699,PerformerOf
13159,13158,PerformerOf
13160,13158,PerformerOf
13162,13161,PerformerOf
13163,13161,PerformerOf
13164,13161,PerformerOf
13165,13161,PerformerOf
13169,13168,PerformerOf
13170,13168,PerformerOf
13174,13173,PerformerOf
13175,13173,PerformerOf
13176,13173,PerformerOf
13177,13173,PerformerOf
13178,13173,PerformerOf
13180,13179,PerformerOf
13181,13179,PerformerOf
13182,13179,PerformerOf
13183,13179,PerformerOf
13184,13179,PerformerOf
13185,13179,PerformerOf
13186,13179,PerformerOf
13187,13179,PerformerOf
13191,13190,PerformerOf
13192,13190,PerformerOf
13193,13190,PerformerOf
13194,13190,PerformerOf
13195,13190,PerformerOf
13198,13197,PerformerOf
13200,13197,PerformerOf
13203,13202,PerformerOf
13204,13202,PerformerOf
13205,13202,PerformerOf
13207,13206,PerformerOf
13210,13209,PerformerOf
13211,13209,PerformerOf
13212,13209,PerformerOf
13215,13214,PerformerOf
13217,13216,PerformerOf
13218,13216,PerformerOf
13225,13224,PerformerOf
13227,13224,PerformerOf
13231,13229,PerformerOf
13233,13232,PerformerOf
13234,13600,PerformerOf
13235,13232,PerformerOf
13238,15025,PerformerOf
13239,13237,PerformerOf
13241,13240,PerformerOf
13242,13240,PerformerOf
13247,13246,PerformerOf
13250,13249,PerformerOf
13251,13249,PerformerOf
13252,13249,PerformerOf
13253,13249,PerformerOf
13261,13260,PerformerOf
13263,13262,PerformerOf
13264,13262,PerformerOf
13265,13262,PerformerOf
13267,13266,PerformerOf
13268,13266,PerformerOf
13270,13266,PerformerOf
13271,13266,PerformerOf
13274,13272,PerformerOf
13277,13276,PerformerOf
13278,13276,PerformerOf
13281,13280,PerformerOf
13283,13282,PerformerOf
13284,13282,PerformerOf
13284,16620,PerformerOf
13285,13282,PerformerOf
13285,14146,PerformerOf
13285,16620,PerformerOf
13289,13287,PerformerOf
13290,13287,PerformerOf
13291,13287,PerformerOf
13292,13287,PerformerOf
13294,13287,PerformerOf
13295,13287,PerformerOf
13299,13298,PerformerOf
13299,13312,PerformerOf
13300,13298,PerformerOf
13301,13298,PerformerOf
13306,13304,PerformerOf
13307,13891,PerformerOf
13308,13304,PerformerOf
13311,13310,PerformerOf
13313,13312,PerformerOf
13314,13312,PerformerOf
13317,13315,PerformerOf
13318,13315,PerformerOf
13319,13315,PerformerOf
13322,13321,PerformerOf
13323,13321,PerformerOf
13326,13324,PerformerOf
13328,13327,PerformerOf
13329,13327,PerformerOf
13330,13528,PerformerOf
13333,13332,PerformerOf
13334,13332,PerformerOf
13337,13336,PerformerOf
13338,13336,PerformerOf
13340,13336,PerformerOf
13344,13342,PerformerOf
13347,13346,PerformerOf
13348,13346,PerformerOf
13349,15634,PerformerOf
13351,13346,PerformerOf
13352,13346,PerformerOf
13352,15634,PerformerOf
13353,13346,PerformerOf
13353,15634,PerformerOf
13354,13346,PerformerOf
13354,15634,PerformerOf
13355,13346,PerformerOf
13355,15634,PerformerOf
13356,13346,PerformerOf
13356,15634,PerformerOf
13360,13358,PerformerOf
13365,13364,PerformerOf
13367,13366,PerformerOf
13368,13366,PerformerOf
13372,13369,PerformerOf
13372,16707,PerformerOf
13375,13374,PerformerOf
13375,15206,PerformerOf
13378,13376,PerformerOf
13382,13381,PerformerOf
13383,13381,PerformerOf
13384,13381,PerformerOf
13385,13381,PerformerOf
13386,13381,PerformerOf
13387,13381,PerformerOf
13388,13381,PerformerOf
13390,13389,PerformerOf
13391,13389,PerformerOf
13393,13392,PerformerOf
13394,13392,PerformerOf
13395,13392,PerformerOf
13397,13396,PerformerOf
13403,14216,PerformerOf
13405,13404,PerformerOf
13406,13404,PerformerOf
13407,13404,PerformerOf
13408,13404,PerformerOf
13409,13404,PerformerOf
13410,13404,PerformerOf
13411,13404,PerformerOf
13414,13413,PerformerOf
13415,13413,PerformerOf
13416,13413,PerformerOf
13420,13419,PerformerOf
13422,13421,PerformerOf
13425,13424,PerformerOf
13427,13424,PerformerOf
13432,13431,PerformerOf
13433,13431,PerformerOf
13434,13431,PerformerOf
13435,13431,PerformerOf
13439,13438,PerformerOf
13440,13438,PerformerOf
13442,16289,PerformerOf
13443,13438,PerformerOf
13444,13438,PerformerOf
13445,13438,PerformerOf
13447,13446,PerformerOf
13448,13446,PerformerOf
13449,13446,PerformerOf
13450,13446,PerformerOf
13451,13446,PerformerOf
13453,13446,PerformerOf
13454,13446,PerformerOf
13455,13446,PerformerOf
13460,13459,PerformerOf
13462,13459,PerformerOf
13463,13459,PerformerOf
13466,13465,PerformerOf
13469,13468,PerformerOf
13471,13470,PerformerOf
13472,13470,PerformerOf
13473,13470,PerformerOf
13474,13470,PerformerOf
13475,13470,PerformerOf
13477,13476,PerformerOf
13478,13476,PerformerOf
13479,13476,PerformerOf
13482,13481,PerformerOf
13483,13481,PerformerOf
13483,15570,PerformerOf
13485,13484,PerformerOf
13488,13487,PerformerOf
13490,13489,PerformerOf
13490,16270,PerformerOf
13491,16270,PerformerOf
13492,13489,PerformerOf
13493,13489,PerformerOf
13493,16270,PerformerOf
13494,13489,PerformerOf
13494,16270,PerformerOf
13495,13489,PerformerOf
13495,16270,PerformerOf
13496,13489,PerformerOf
13496,16270,PerformerOf
13497,13489,PerformerOf
13501,13499,PerformerOf
13505,13504,PerformerOf
13507,13504,PerformerOf
13510,13509,PerformerOf
13513,13511,PerformerOf
13517,13516,PerformerOf
13517,13786,PerformerOf
13518,13516,PerformerOf
13518,14035,PerformerOf
13522,13521,PerformerOf
13524,13523,PerformerOf
13526,13525,PerformerOf
13531,13530,PerformerOf
13532,13530,PerformerOf
13534,13530,PerformerOf
13534,15160,PerformerOf
13536,13535,PerformerOf
13537,13535,PerformerOf
13540,13539,PerformerOf
13541,13539,PerformerOf
13542,13539,PerformerOf
13547,13546,PerformerOf
13548,13546,PerformerOf
13550,14746,PerformerOf
13553,13552,PerformerOf
13554,13552,PerformerOf
13555,13552,PerformerOf
13559,13558,PerformerOf
13560,13558,PerformerOf
13561,13558,PerformerOf
13562,13558,PerformerOf
13566,13564,PerformerOf
13569,13568,PerformerOf
13571,13570,PerformerOf
13572,13570,PerformerOf
13573,13570,PerformerOf
13575,13574,PerformerOf
13577,16290,PerformerOf
13578,13576,PerformerOf
13578,16290,PerformerOf
13579,16290,PerformerOf
13581,13580,PerformerOf
13583,13582,PerformerOf
13585,13584,PerformerOf
13586,13584,PerformerOf
13587,13584,PerformerOf
13588,13584,PerformerOf
13593,13592,PerformerOf
13594,13592,PerformerOf
13595,13592,PerformerOf
13596,13592,PerformerOf
13597,13592,PerformerOf
13598,13592,PerformerOf
13599,13592,PerformerOf
13601,13600,PerformerOf
13604,13603,PerformerOf
13605,16512,PerformerOf
13606,13603,PerformerOf
13608,13607,PerformerOf
13609,13607,PerformerOf
13612,13611,PerformerOf
13612,15844,PerformerOf
13613,13611,PerformerOf
13614,13611,PerformerOf
13614,15844,PerformerOf
13617,13616,PerformerOf
13618,13616,PerformerOf
13621,13620,PerformerOf
13626,13625,PerformerOf
13629,13628,PerformerOf
13630,13628,PerformerOf
13633,13632,PerformerOf
13634,13632,PerformerOf
13635,13632,PerformerOf
13636,13632,PerformerOf
13641,13640,PerformerOf
13646,13644,PerformerOf
13647,13644,PerformerOf
13649,13648,PerformerOf
13650,13648,PerformerOf
13653,13651,PerformerOf
13655,13654,PerformerOf
13656,13654,PerformerOf
13660,13659,PerformerOf
13661,13659,PerformerOf
13662,13659,PerformerOf
13663,13659,PerformerOf
13664,13659,PerformerOf
13665,13659,PerformerOf
13667,13659,PerformerOf
13668,13659,PerformerOf
13669,13659,PerformerOf
13670,13659,PerformerOf
13671,13659,PerformerOf
13672,13659,PerformerOf
13673,13659,PerformerOf
13674,13659,PerformerOf
13675,13659,PerformerOf
13676,13659,PerformerOf
13677,13659,PerformerOf
13678,13659,PerformerOf
13679,13659,PerformerOf
13682,13681,PerformerOf
13683,13681,PerformerOf
13684,13681,PerformerOf
13685,13681,PerformerOf
13686,13681,PerformerOf
13688,13687,PerformerOf
13690,13687,PerformerOf
13692,13691,PerformerOf
13693,13691,PerformerOf
13694,13691,PerformerOf
13695,13691,PerformerOf
13696,13691,PerformerOf
13698,13697,PerformerOf
13699,13697,PerformerOf
13702,13701,PerformerOf
13710,13709,PerformerOf
13710,16381,PerformerOf
13712,13711,PerformerOf
13714,13713,PerformerOf
13715,13713,PerformerOf
13718,13717,PerformerOf
13719,13717,PerformerOf
13723,13721,PerformerOf
13726,13724,PerformerOf
13728,13727,PerformerOf
13730,13729,PerformerOf
13733,13732,PerformerOf
13737,13736,PerformerOf
13738,13736,PerformerOf
13739,13736,PerformerOf
13740,13736,PerformerOf
13742,13741,PerformerOf
13743,13741,PerformerOf
13744,13741,PerformerOf
13746,13741,PerformerOf
13748,13747,PerformerOf
13753,13751,PerformerOf
13754,13751,PerformerOf
13756,13755,PerformerOf
13757,13755,PerformerOf
13759,16491,PerformerOf
13760,13758,PerformerOf
13761,13758,PerformerOf
13764,13763,PerformerOf
13765,13763,PerformerOf
13766,13763,PerformerOf
13767,13763,PerformerOf
13769,13768,PerformerOf
13770,13768,PerformerOf
13771,13768,PerformerOf
13773,13772,PerformerOf
13774,13772,PerformerOf
13776,13772,PerformerOf
13779,13777,PerformerOf
13783,13781,PerformerOf
13787,13786,PerformerOf
13788,13786,PerformerOf
13789,13786,PerformerOf
13790,13786,PerformerOf
13791,13786,PerformerOf
13792,13786,PerformerOf
13793,13786,PerformerOf
13795,13794,PerformerOf
13796,13794,PerformerOf
13797,13794,PerformerOf
13798,13794,PerformerOf
13801,13800,PerformerOf
13802,13800,PerformerOf
13803,13800,PerformerOf
13806,13805,PerformerOf
13806,14024,PerformerOf
13807,13805,PerformerOf
13810,13808,PerformerOf
13810,16317,PerformerOf
13814,13813,PerformerOf
13816,13813,PerformerOf
13818,13817,PerformerOf
13818,16363,PerformerOf
13822,13821,PerformerOf
13825,13824,PerformerOf
13826,13824,PerformerOf
13827,13824,PerformerOf
13828,13824,PerformerOf
13829,13824,PerformerOf
13830,13824,PerformerOf
13835,13834,PerformerOf
13837,13834,PerformerOf
13838,13834,PerformerOf
13843,13842,PerformerOf
13844,13842,PerformerOf
13845,13842,PerformerOf
13846,13842,PerformerOf
13847,13842,PerformerOf
13849,13848,PerformerOf
13851,13850,PerformerOf
13851,14902,PerformerOf
13851,16202,PerformerOf
13855,13852,PerformerOf
13856,13852,PerformerOf
13857,13852,PerformerOf
13858,13852,PerformerOf
13859,13852,PerformerOf
13860,13852,PerformerOf
13862,13861,PerformerOf
13863,13861,PerformerOf
13867,13866,PerformerOf
13868,13866,PerformerOf
13870,13866,PerformerOf
13871,13866,PerformerOf
13876,13875,PerformerOf
13877,13875,PerformerOf
13878,13875,PerformerOf
13879,13875,PerformerOf
13880,13875,PerformerOf
13881,13875,PerformerOf
13882,13875,PerformerOf
13884,13883,PerformerOf
13885,13883,PerformerOf
13886,13883,PerformerOf
13887,13883,PerformerOf
13890,13888,PerformerOf
13892,13891,PerformerOf
13894,13893,PerformerOf
13896,13893,PerformerOf
13897,13893,PerformerOf
13898,13893,PerformerOf
13901,13900,PerformerOf
13902,13900,PerformerOf
13905,13904,PerformerOf
13906,13904,PerformerOf
13907,13904,PerformerOf
13908,13904,PerformerOf
13909,13904,PerformerOf
13911,13904,PerformerOf
13912,13904,PerformerOf
13914,13913,PerformerOf
13917,13916,PerformerOf
13918,13916,PerformerOf
13919,13916,PerformerOf
13920,13916,PerformerOf
13921,13916,PerformerOf
13927,13926,PerformerOf
13928,13926,PerformerOf
13929,13926,PerformerOf
13932,13931,PerformerOf
13935,13934,PerformerOf
13936,13934,PerformerOf
13937,13934,PerformerOf
13938,13934,PerformerOf
13939,13934,PerformerOf
13942,13941,PerformerOf
13943,13941,PerformerOf
13944,13941,PerformerOf
13946,13945,PerformerOf
13947,13945,PerformerOf
13948,13945,PerformerOf
13949,13945,PerformerOf
13950,13945,PerformerOf
13951,13945,PerformerOf
13952,13945,PerformerOf
13953,13945,PerformerOf
13954,13945,PerformerOf
13958,13957,PerformerOf
13959,13957,PerformerOf
13962,13961,PerformerOf
13963,13961,PerformerOf
13967,13965,PerformerOf
13970,13969,PerformerOf
13971,13969,PerformerOf
13972,13969,PerformerOf
13974,13973,PerformerOf
13975,13973,PerformerOf
13977,13976,PerformerOf
13980,13978,PerformerOf
13981,13978,PerformerOf
13982,13978,PerformerOf
13983,13978,PerformerOf
13987,13986,PerformerOf
13988,13986,PerformerOf
13993,13991,PerformerOf
13995,13994,PerformerOf
13998,13997,PerformerOf
13999,13997,PerformerOf
13999,15244,PerformerOf
14000,13997,PerformerOf
14000,15244,PerformerOf
14001,13997,PerformerOf
14002,13997,PerformerOf
14002,15244,PerformerOf
14005,14003,PerformerOf
14008,14007,PerformerOf
14010,14007,PerformerOf
14012,14011,PerformerOf
14015,14014,PerformerOf
14017,14014,PerformerOf
14018,14014,PerformerOf
14019,14014,PerformerOf
14022,14021,PerformerOf
14026,14025,PerformerOf
14029,14025,PerformerOf
14032,14030,PerformerOf
14033,14030,PerformerOf
14036,14035,PerformerOf
14041,14039,PerformerOf
14042,14039,PerformerOf
14043,14039,PerformerOf
14046,14045,PerformerOf
14046,15831,PerformerOf
14049,14048,PerformerOf
14050,14048,PerformerOf
14051,14048,PerformerOf
14052,14048,PerformerOf
14054,14053,PerformerOf
14055,14053,PerformerOf
14056,14053,PerformerOf
14059,14058,PerformerOf
14060,14058,PerformerOf
14061,14058,PerformerOf
14063,14058,PerformerOf
14064,14058,PerformerOf
14068,14067,PerformerOf
14069,14067,PerformerOf
14070,14067,PerformerOf
14071,14067,PerformerOf
14073,14072,PerformerOf
14076,14075,PerformerOf
14077,14075,PerformerOf
14078,14075,PerformerOf
14079,14075,PerformerOf
14081,14080,PerformerOf
14083,14082,PerformerOf
14084,14082,PerformerOf
14087,14086,PerformerOf
14089,14088,PerformerOf
14090,14088,PerformerOf
14092,14091,PerformerOf
14093,14091,PerformerOf
14096,14095,PerformerOf
14098,14097,PerformerOf
14100,14099,PerformerOf
14101,14099,PerformerOf
14103,14102,PerformerOf
14105,14102,PerformerOf
14106,14102,PerformerOf
14108,14107,PerformerOf
14110,14109,PerformerOf
14113,14112,PerformerOf
14113,15673,PerformerOf
14114,15673,PerformerOf
14115,14112,PerformerOf
14119,14118,PerformerOf
14121,14120,PerformerOf
14122,14120,PerformerOf
14122,16522,PerformerOf
14123,14120,PerformerOf
14126,14125,PerformerOf
14127,14125,PerformerOf
14130,14129,PerformerOf
14131,14129,PerformerOf
14131,15760,PerformerOf
14132,14129,PerformerOf
14133,15760,PerformerOf
14135,14134,PerformerOf
14137,14136,PerformerOf
14138,14136,PerformerOf
14139,14136,PerformerOf
14140,14136,PerformerOf
14142,14141,PerformerOf
14145,14143,PerformerOf
14147,14146,PerformerOf
14148,14146,PerformerOf
14149,14146,PerformerOf
14150,14146,PerformerOf
14152,14151,PerformerOf
14158,14157,PerformerOf
14158,15055,PerformerOf
14160,14159,PerformerOf
14161,14159,PerformerOf
14162,14159,PerformerOf
14170,14169,PerformerOf
14171,15279,PerformerOf
14172,15279,PerformerOf
14176,14175,PerformerOf
14178,14177,PerformerOf
14179,14177,PerformerOf
14180,14177,PerformerOf
14181,14177,PerformerOf
14183,14182,PerformerOf
14185,14182,PerformerOf
14186,14182,PerformerOf
14189,14187,PerformerOf
14190,14187,PerformerOf
14192,14191,PerformerOf
14193,14191,PerformerOf
14194,14191,PerformerOf
14195,14191,PerformerOf
14196,14191,PerformerOf
14199,14198,PerformerOf
14200,14198,PerformerOf
14205,14204,PerformerOf
14207,14206,PerformerOf
14208,14206,PerformerOf
14209,14206,PerformerOf
14213,14211,PerformerOf
14214,14211,PerformerOf
14215,14211,PerformerOf
14221,14220,PerformerOf
14222,14220,PerformerOf
14224,14223,PerformerOf
14226,14223,PerformerOf
14227,14223,PerformerOf
14228,14223,PerformerOf
14230,14223,PerformerOf
14231,14223,PerformerOf
14233,14223,PerformerOf
14234,14223,PerformerOf
14235,14223,PerformerOf
14236,14223,PerformerOf
14244,14242,PerformerOf
14245,14242,PerformerOf
14246,14242,PerformerOf
14247,14242,PerformerOf
14248,14242,PerformerOf
14249,14242,PerformerOf
14252,14250,PerformerOf
14254,14250,PerformerOf
14257,14256,PerformerOf
14258,14256,PerformerOf
14259,14256,PerformerOf
14261,14256,PerformerOf
14263,14262,PerformerOf
14265,14264,PerformerOf
14267,14266,PerformerOf
14268,14266,PerformerOf
14270,14269,PerformerOf
14273,14272,PerformerOf
14274,14272,PerformerOf
14275,14272,PerformerOf
14276,14272,PerformerOf
14277,14272,PerformerOf
14280,14279,PerformerOf
14283,14281,PerformerOf
14287,14285,PerformerOf
14290,14289,PerformerOf
14298,14296,PerformerOf
14298,16670,PerformerOf
14301,14300,PerformerOf
14302,14300,PerformerOf
14303,14300,PerformerOf
14305,14304,PerformerOf
14306,14304,PerformerOf
14307,14304,PerformerOf
14310,14309,PerformerOf
14312,14311,PerformerOf
14313,14311,PerformerOf
14315,14314,PerformerOf
14319,14316,PerformerOf
14321,14316,PerformerOf
14325,14324,PerformerOf
14328,14326,PerformerOf
14330,14329,PerformerOf
14334,14333,PerformerOf
14336,14335,PerformerOf
14337,14335,PerformerOf
14338,14335,PerformerOf
14339,14335,PerformerOf
14340,14335,PerformerOf
14341,14335,PerformerOf
14343,14342,PerformerOf
14348,14347,PerformerOf
14349,14347,PerformerOf
14353,14352,PerformerOf
14355,14352,PerformerOf
14356,14352,PerformerOf
14359,14352,PerformerOf
14360,14352,PerformerOf
14361,14352,PerformerOf
14365,14364,PerformerOf
14365,15957,PerformerOf
14365,16082,PerformerOf
14366,14364,PerformerOf
14368,14364,PerformerOf
14370,14369,PerformerOf
14371,14369,PerformerOf
14372,14369,PerformerOf
14375,14373,PerformerOf
14377,14376,PerformerOf
14380,14379,PerformerOf
14381,14379,PerformerOf
14382,14379,PerformerOf
14384,14379,PerformerOf
14385,14379,PerformerOf
14386,14379,PerformerOf
14387,14379,PerformerOf
14388,14379,PerformerOf
14390,14389,PerformerOf
14391,14389,PerformerOf
14394,14392,PerformerOf
14395,14392,PerformerOf
14396,15851,PerformerOf
14399,14397,PerformerOf
14400,14397,PerformerOf
14402,14401,PerformerOf
14403,14401,PerformerOf
14407,14406,PerformerOf
14409,14406,PerformerOf
14412,14411,PerformerOf
14413,14411,PerformerOf
14414,14411,PerformerOf
14415,14411,PerformerOf
14419,14417,PerformerOf
14422,14421,PerformerOf
14423,14421,PerformerOf
14425,14424,PerformerOf
14426,14424,PerformerOf
14427,14424,PerformerOf
14430,14429,PerformerOf
14431,14429,PerformerOf
14433,14432,PerformerOf
14434,14432,PerformerOf
14437,14436,PerformerOf
14445,14444,PerformerOf
14447,14446,PerformerOf
14450,14449,PerformerOf
14451,14449,PerformerOf
14452,14449,PerformerOf
14453,14449,PerformerOf
14455,14454,PerformerOf
14456,14454,PerformerOf
14457,14454,PerformerOf
14458,14454,PerformerOf
14459,14454,PerformerOf
14462,14461,PerformerOf
14463,14461,PerformerOf
14465,14464,PerformerOf
14467,14466,PerformerOf
14468,14466,PerformerOf
14470,14469,PerformerOf
14473,14469,PerformerOf
14475,14474,PerformerOf
14479,14477,PerformerOf
14484,14483,PerformerOf
14487,14485,PerformerOf
14487,16729,PerformerOf
14490,14489,PerformerOf
14492,14491,PerformerOf
14493,14491,PerformerOf
14494,14491,PerformerOf
14496,14495,PerformerOf
14499,14498,PerformerOf
14500,14498,PerformerOf
14501,14498,PerformerOf
14502,14498,PerformerOf
14503,14498,PerformerOf
14504,14498,PerformerOf
14508,14507,PerformerOf
14509,14507,PerformerOf
14517,14514,PerformerOf
14519,14518,PerformerOf
14521,14518,PerformerOf
14523,14522,PerformerOf
14525,14524,PerformerOf
14526,14524,PerformerOf
14529,14528,PerformerOf
14531,14528,PerformerOf
14532,14528,PerformerOf
14533,14528,PerformerOf
14534,14528,PerformerOf
14536,14535,PerformerOf
14539,14538,PerformerOf
14542,14538,PerformerOf
14545,14544,PerformerOf
14546,14544,PerformerOf
14548,14547,PerformerOf
14549,14547,PerformerOf
14550,14547,PerformerOf
14553,14551,PerformerOf
14555,14551,PerformerOf
14558,14557,PerformerOf
14560,14559,PerformerOf
14561,14559,PerformerOf
14564,14562,PerformerOf
14565,14562,PerformerOf
14568,14567,PerformerOf
14570,14569,PerformerOf
14574,14572,PerformerOf
14576,14575,PerformerOf
14577,14575,PerformerOf
14578,14575,PerformerOf
14582,14580,PerformerOf
14583,14580,PerformerOf
14585,14584,PerformerOf
14591,14590,PerformerOf
14596,14594,PerformerOf
14597,14594,PerformerOf
14600,14599,PerformerOf
14601,14599,PerformerOf
14603,14602,PerformerOf
14605,14602,PerformerOf
14607,14606,PerformerOf
14612,14611,PerformerOf
14616,14615,PerformerOf
14617,14615,PerformerOf
14619,14618,PerformerOf
14620,14618,PerformerOf
14624,14622,PerformerOf
14625,14622,PerformerOf
14631,14629,PerformerOf
14632,14629,PerformerOf
14634,14629,PerformerOf
14635,14629,PerformerOf
14636,14629,PerformerOf
14638,14637,PerformerOf
14641,14640,PerformerOf
14642,14640,PerformerOf
14648,14647,PerformerOf
14649,14647,PerformerOf
14650,14647,PerformerOf
14651,14647,PerformerOf
14653,14652,PerformerOf
14654,14652,PerformerOf
14655,14652,PerformerOf
14657,14652,PerformerOf
14660,14659,PerformerOf
14664,14662,PerformerOf
14665,14662,PerformerOf
14667,14666,PerformerOf
14668,14666,PerformerOf
14669,14666,PerformerOf
14673,14672,PerformerOf
14677,14676,PerformerOf
14679,14678,PerformerOf
14680,14678,PerformerOf
14681,14678,PerformerOf
14682,14678,PerformerOf
14685,14683,PerformerOf
14686,14683,PerformerOf
14687,14683,PerformerOf
14689,14683,PerformerOf
14692,14691,PerformerOf
14693,14691,PerformerOf
14694,14691,PerformerOf
14695,14691,PerformerOf
14704,14702,PerformerOf
14706,14705,PerformerOf
14709,14707,PerformerOf
14712,14711,PerformerOf
14716,14715,PerformerOf
14717,14715,PerformerOf
14718,14715,PerformerOf
14719,14715,PerformerOf
14721,14720,PerformerOf
14723,14720,PerformerOf
14725,14720,PerformerOf
14726,14720,PerformerOf
14728,14727,PerformerOf
14729,14727,PerformerOf
14731,14727,PerformerOf
14733,14732,PerformerOf
14734,14732,PerformerOf
14735,14732,PerformerOf
14736,14732,PerformerOf
14737,14732,PerformerOf
14738,14732,PerformerOf
14739,14732,PerformerOf
14741,14740,PerformerOf
14742,14740,PerformerOf
14744,14740,PerformerOf
14747,14746,PerformerOf
14748,14746,PerformerOf
14751,14750,PerformerOf
14752,14750,PerformerOf
14756,14755,PerformerOf
14758,14755,PerformerOf
14759,14755,PerformerOf
14761,14760,PerformerOf
14763,14762,PerformerOf
14764,14762,PerformerOf
14765,14762,PerformerOf
14766,14762,PerformerOf
14770,14769,PerformerOf
14771,14769,PerformerOf
14772,14769,PerformerOf
14773,14769,PerformerOf
14775,14774,PerformerOf
14776,14774,PerformerOf
14779,14778,PerformerOf
14782,14781,PerformerOf
14785,14784,PerformerOf
14787,14784,PerformerOf
14788,14784,PerformerOf
14790,14789,PerformerOf
14791,14789,PerformerOf
14792,14789,PerformerOf
14793,14789,PerformerOf
14794,14789,PerformerOf
14796,14795,PerformerOf
14801,14800,PerformerOf
14803,14802,PerformerOf
14805,14804,PerformerOf
14806,14804,PerformerOf
14807,14804,PerformerOf
14808,14804,PerformerOf
14811,14809,PerformerOf
14815,14814,PerformerOf
14817,14816,PerformerOf
14820,14816,PerformerOf
14821,14816,PerformerOf
14822,14816,PerformerOf
14824,14823,PerformerOf
14826,14823,PerformerOf
14831,14830,PerformerOf
14832,14830,PerformerOf
14832,16101,PerformerOf
14833,14830,PerformerOf
14836,14835,PerformerOf
14837,14835,PerformerOf
14839,14835,PerformerOf
14841,14840,PerformerOf
14844,14843,PerformerOf
14845,14843,PerformerOf
14846,14843,PerformerOf
14848,14843,PerformerOf
14849,14843,PerformerOf
14852,14851,PerformerOf
14853,14851,PerformerOf
14856,14855,PerformerOf
14861,14859,PerformerOf
14866,14864,PerformerOf
14867,14864,PerformerOf
14869,14868,PerformerOf
14871,14868,PerformerOf
14873,14872,PerformerOf
14874,14872,PerformerOf
14876,14875,PerformerOf
14877,14875,PerformerOf
14878,14875,PerformerOf
14881,14880,PerformerOf
14882,14880,PerformerOf
14885,14884,PerformerOf
14891,14890,PerformerOf
14892,14890,PerformerOf
14894,14893,PerformerOf
14895,14893,PerformerOf
14898,14897,PerformerOf
14900,14897,PerformerOf
14901,14897,PerformerOf
14905,14904,PerformerOf
14910,14909,PerformerOf
14911,14909,PerformerOf
14912,14909,PerformerOf
14914,14913,PerformerOf
14915,14913,PerformerOf
14916,14913,PerformerOf
14917,14913,PerformerOf
14917,16570,PerformerOf
14919,14913,PerformerOf
14922,14921,PerformerOf
14923,14921,PerformerOf
14924,14921,PerformerOf
14925,14921,PerformerOf
14926,14921,PerformerOf
14931,14929,PerformerOf
14932,14929,PerformerOf
14934,14933,PerformerOf
14935,14933,PerformerOf
14936,14933,PerformerOf
14937,14933,PerformerOf
14938,14933,PerformerOf
14943,14941,PerformerOf
14946,14945,PerformerOf
14949,14948,PerformerOf
14950,14948,PerformerOf
14952,14951,PerformerOf
14953,14951,PerformerOf
14954,14951,PerformerOf
14954,15114,PerformerOf
14955,14951,PerformerOf
14956,14951,PerformerOf
14957,14951,PerformerOf
14958,14951,PerformerOf
14960,14951,PerformerOf
14960,15114,PerformerOf
14962,14961,PerformerOf
14966,14965,PerformerOf
14967,14965,PerformerOf
14968,14965,PerformerOf
14971,14969,PerformerOf
14973,14969,PerformerOf
14974,14969,PerformerOf
14978,14976,PerformerOf
14981,14980,PerformerOf
14982,14980,PerformerOf
14983,14980,PerformerOf
14985,14984,PerformerOf
14988,14987,PerformerOf
14990,14989,PerformerOf
14990,15890,PerformerOf
14991,14989,PerformerOf
14995,14994,PerformerOf
14996,14994,PerformerOf
14998,14997,PerformerOf
14999,14997,PerformerOf
15000,14997,PerformerOf
15002,15001,PerformerOf
15012,15010,PerformerOf
15013,15010,PerformerOf
15014,15010,PerformerOf
15018,15017,PerformerOf
15019,15017,PerformerOf
15021,15017,PerformerOf
15022,15017,PerformerOf
15023,15017,PerformerOf
15029,15027,PerformerOf
15030,15027,PerformerOf
15031,15027,PerformerOf
15033,15032,PerformerOf
15036,15034,PerformerOf
15037,15034,PerformerOf
15038,15034,PerformerOf
15042,15040,PerformerOf
15043,15040,PerformerOf
15044,15040,PerformerOf
15045,15040,PerformerOf
15049,15048,PerformerOf
15050,15048,PerformerOf
15051,15048,PerformerOf
15052,15048,PerformerOf
15058,15057,PerformerOf
15062,15061,PerformerOf
15066,15065,PerformerOf
15068,15065,PerformerOf
15073,15071,PerformerOf
15074,15071,PerformerOf
15077,15076,PerformerOf
15079,15076,PerformerOf
15081,15080,PerformerOf
15082,15080,PerformerOf
15085,15084,PerformerOf
15086,15084,PerformerOf
15087,15084,PerformerOf
15088,15084,PerformerOf
15090,15089,PerformerOf
15091,15089,PerformerOf
15095,15093,PerformerOf
15096,15093,PerformerOf
15097,15093,PerformerOf
15098,15093,PerformerOf
15102,15101,PerformerOf
15106,15105,PerformerOf
15107,15105,PerformerOf
15111,15108,PerformerOf
15112,15108,PerformerOf
15113,15108,PerformerOf
15115,15114,PerformerOf
15117,15114,PerformerOf
15119,15118,PerformerOf
15123,15121,PerformerOf
15125,15121,PerformerOf
15128,15126,PerformerOf
15130,15129,PerformerOf
15134,15132,PerformerOf
15137,15135,PerformerOf
15139,15138,PerformerOf
15139,15797,PerformerOf
15140,15138,PerformerOf
15141,15138,PerformerOf
15141,15797,PerformerOf
15147,15144,PerformerOf
15148,15144,PerformerOf
15149,15144,PerformerOf
15152,15150,PerformerOf
15154,15153,PerformerOf
15158,15156,PerformerOf
15159,15156,PerformerOf
15161,15160,PerformerOf
15163,15160,PerformerOf
15166,15165,PerformerOf
15167,15165,PerformerOf
15168,15165,PerformerOf
15168,15242,PerformerOf
15169,15242,PerformerOf
15169,15452,PerformerOf
15171,15170,PerformerOf
15172,15170,PerformerOf
15173,15170,PerformerOf
15176,15170,PerformerOf
15177,15170,PerformerOf
15178,15170,PerformerOf
15179,15170,PerformerOf
15180,15170,PerformerOf
15183,15182,PerformerOf
15184,15182,PerformerOf
15187,15185,PerformerOf
15190,15189,PerformerOf
15191,15189,PerformerOf
15193,15192,PerformerOf
15194,15192,PerformerOf
15195,15192,PerformerOf
15196,15192,PerformerOf
15200,15199,PerformerOf
15201,15199,PerformerOf
15203,15202,PerformerOf
15204,15202,PerformerOf
15208,15207,PerformerOf
15209,15207,PerformerOf
15211,15210,PerformerOf
15215,15214,PerformerOf
15216,15214,PerformerOf
15218,15217,PerformerOf
15219,15217,PerformerOf
15221,15217,PerformerOf
15221,15899,PerformerOf
15223,15222,PerformerOf
15224,15222,PerformerOf
15224,15369,PerformerOf
15224,15855,PerformerOf
15225,15222,PerformerOf
15225,15369,PerformerOf
15228,15227,PerformerOf
15232,15230,PerformerOf
15233,15230,PerformerOf
15234,15230,PerformerOf
15236,15235,PerformerOf
15238,15235,PerformerOf
15239,15235,PerformerOf
15240,15235,PerformerOf
15245,15244,PerformerOf
15246,15244,PerformerOf
15247,15244,PerformerOf
15253,15252,PerformerOf
15256,15255,PerformerOf
15257,15255,PerformerOf
15259,15258,PerformerOf
15263,15261,PerformerOf
15264,15261,PerformerOf
15265,15261,PerformerOf
15266,15261,PerformerOf
15272,15271,PerformerOf
15273,16624,PerformerOf
15274,15271,PerformerOf
15274,16624,PerformerOf
15277,15276,PerformerOf
15280,15279,PerformerOf
15281,15279,PerformerOf
15284,15282,PerformerOf
15286,15285,PerformerOf
15288,15287,PerformerOf
15292,15291,PerformerOf
15292,16145,PerformerOf
15296,15295,PerformerOf
15297,15295,PerformerOf
15299,15298,PerformerOf
15300,15298,PerformerOf
15301,15298,PerformerOf
15302,15298,PerformerOf
15303,15298,PerformerOf
15305,15298,PerformerOf
15307,15472,PerformerOf
15308,15306,PerformerOf
15312,15310,PerformerOf
15313,15310,PerformerOf
15313,16259,PerformerOf
15314,15310,PerformerOf
15314,16259,PerformerOf
15317,15316,PerformerOf
15319,15318,PerformerOf
15320,15318,PerformerOf
15321,15318,PerformerOf
15322,15318,PerformerOf
15324,15323,PerformerOf
15326,15325,PerformerOf
15327,15325,PerformerOf
15328,15325,PerformerOf
15330,15325,PerformerOf
15331,15325,PerformerOf
15334,15333,PerformerOf
15335,15333,PerformerOf
15336,15333,PerformerOf
15337,15333,PerformerOf
15338,15333,PerformerOf
15340,15339,PerformerOf
15341,15339,PerformerOf
15346,15345,PerformerOf
15347,15345,PerformerOf
15348,15345,PerformerOf
15353,15350,PerformerOf
15354,15350,PerformerOf
15355,15350,PerformerOf
15356,15350,PerformerOf
15359,15358,PerformerOf
15361,15360,PerformerOf
15365,15364,PerformerOf
15366,15364,PerformerOf
15367,15364,PerformerOf
15368,15364,PerformerOf
15371,15369,PerformerOf
15373,15372,PerformerOf
15375,15374,PerformerOf
15376,15374,PerformerOf
15377,15374,PerformerOf
15378,15374,PerformerOf
15379,15374,PerformerOf
15385,15384,PerformerOf
15386,15384,PerformerOf
15392,15391,PerformerOf
15393,15391,PerformerOf
15397,15396,PerformerOf
15399,15398,PerformerOf
15400,15398,PerformerOf
15401,15398,PerformerOf
15404,15403,PerformerOf
15405,15403,PerformerOf
15407,15406,PerformerOf
15410,15409,PerformerOf
15411,15409,PerformerOf
15411,16057,PerformerOf
15412,15409,PerformerOf
15413,15409,PerformerOf
15416,15415,PerformerOf
15418,15415,PerformerOf
15421,15420,PerformerOf
15426,15425,PerformerOf
15428,15425,PerformerOf
15431,15430,PerformerOf
15433,15430,PerformerOf
15436,15435,PerformerOf
15437,15435,PerformerOf
15438,15435,PerformerOf
15442,15441,PerformerOf
15445,15444,PerformerOf
15446,15444,PerformerOf
15448,15447,PerformerOf
15448,16405,PerformerOf
15449,15447,PerformerOf
15450,15447,PerformerOf
15453,15452,PerformerOf
15454,15452,PerformerOf
15455,15452,PerformerOf
15459,15458,PerformerOf
15461,15458,PerformerOf
15463,15462,PerformerOf
15465,15464,PerformerOf
15467,15464,PerformerOf
15468,15464,PerformerOf
15471,15469,PerformerOf
15477,15475,PerformerOf
15477,16597,PerformerOf
15480,15478,PerformerOf
15484,15482,PerformerOf
15486,15482,PerformerOf
15487,15482,PerformerOf
15490,15489,PerformerOf
15491,15489,PerformerOf
15492,15489,PerformerOf
15498,15496,PerformerOf
15499,15496,PerformerOf
15504,15503,PerformerOf
15507,15506,PerformerOf
15507,16449,PerformerOf
15509,15508,PerformerOf
15511,15508,PerformerOf
15514,15512,PerformerOf
15516,15515,PerformerOf
15519,15518,PerformerOf
15523,15522,PerformerOf
15526,15524,PerformerOf
15531,15529,PerformerOf
15534,15532,PerformerOf
15535,15532,PerformerOf
15537,15536,PerformerOf
15541,15540,PerformerOf
15543,15542,PerformerOf
15544,15542,PerformerOf
15545,15542,PerformerOf
15548,15547,PerformerOf
15550,15547,PerformerOf
15551,15547,PerformerOf
15554,15552,PerformerOf
15556,15555,PerformerOf
15556,15981,PerformerOf
15557,15555,PerformerOf
15558,15555,PerformerOf
15560,15559,PerformerOf
15561,15559,PerformerOf
15562,15559,PerformerOf
15564,15559,PerformerOf
15566,15565,PerformerOf
15567,15565,PerformerOf
15569,15565,PerformerOf
15572,15571,PerformerOf
15573,15571,PerformerOf
15575,15574,PerformerOf
15576,15574,PerformerOf
15580,15579,PerformerOf
15581,15579,PerformerOf
15583,15582,PerformerOf
15585,15584,PerformerOf
15586,15584,PerformerOf
15587,15584,PerformerOf
15588,15584,PerformerOf
15589,15584,PerformerOf
15593,15591,PerformerOf
15596,15594,PerformerOf
15598,15594,PerformerOf
15599,15594,PerformerOf
15601,15600,PerformerOf
15604,15603,PerformerOf
15608,15607,PerformerOf
15615,15612,PerformerOf
15617,15616,PerformerOf
15619,15616,PerformerOf
15620,15616,PerformerOf
15623,15622,PerformerOf
15624,15622,PerformerOf
15625,15622,PerformerOf
15626,15622,PerformerOf
15627,15622,PerformerOf
15628,15622,PerformerOf
15629,15622,PerformerOf
15631,15630,PerformerOf
15635,15634,PerformerOf
15636,15634,PerformerOf
15637,15634,PerformerOf
15638,15634,PerformerOf
15639,15634,PerformerOf
15640,15634,PerformerOf
15641,15634,PerformerOf
15644,15643,PerformerOf
15648,15646,PerformerOf
15650,15649,PerformerOf
15653,15652,PerformerOf
15655,15654,PerformerOf
15657,15656,PerformerOf
15659,15658,PerformerOf
15660,15658,PerformerOf
15661,15658,PerformerOf
15663,15662,PerformerOf
15664,15662,PerformerOf
15665,15662,PerformerOf
15667,15662,PerformerOf
15668,15662,PerformerOf
15670,15669,PerformerOf
15671,15669,PerformerOf
15671,16183,PerformerOf
15672,16183,PerformerOf
15675,15674,PerformerOf
15676,15674,PerformerOf
15677,15674,PerformerOf
15678,15674,PerformerOf
15679,15674,PerformerOf
15681,15674,PerformerOf
15682,15674,PerformerOf
15683,15674,PerformerOf
15684,15674,PerformerOf
15685,15674,PerformerOf
15686,15674,PerformerOf
15689,15688,PerformerOf
15691,15690,PerformerOf
15692,15690,PerformerOf
15693,15690,PerformerOf
15694,15690,PerformerOf
15695,15690,PerformerOf
15696,15690,PerformerOf
15697,15690,PerformerOf
15700,15699,PerformerOf
15701,15699,PerformerOf
15701,16522,PerformerOf
15704,15703,PerformerOf
15706,15705,PerformerOf
15707,15705,PerformerOf
15710,15709,PerformerOf
15717,15716,PerformerOf
15719,15716,PerformerOf
15721,15716,PerformerOf
15726,15723,PerformerOf
15727,15723,PerformerOf
15729,15728,PerformerOf
15730,15728,PerformerOf
15731,15728,PerformerOf
15733,15732,PerformerOf
15736,15735,PerformerOf
15737,15735,PerformerOf
15739,15738,PerformerOf
15740,15738,PerformerOf
15742,15741,PerformerOf
15746,15745,PerformerOf
15746,16589,PerformerOf
15747,15745,PerformerOf
15749,15748,PerformerOf
15753,15752,PerformerOf
15755,15754,PerformerOf
15756,15754,PerformerOf
15757,15754,PerformerOf
15758,15754,PerformerOf
15761,15760,PerformerOf
15765,15762,PerformerOf
15768,15766,PerformerOf
15773,15772,PerformerOf
15773,16396,PerformerOf
15774,15772,PerformerOf
15777,15776,PerformerOf
15778,15776,PerformerOf
15780,15779,PerformerOf
15784,15783,PerformerOf
15785,15783,PerformerOf
15786,15783,PerformerOf
15788,15783,PerformerOf
15790,15789,PerformerOf
15792,15791,PerformerOf
15794,15793,PerformerOf
15794,16354,PerformerOf
15795,15793,PerformerOf
15798,15797,PerformerOf
15801,15799,PerformerOf
15806,15805,PerformerOf
15808,15807,PerformerOf
15809,15807,PerformerOf
15811,15807,PerformerOf
15815,15812,PerformerOf
15822,15820,PerformerOf
15824,15820,PerformerOf
15828,15826,PerformerOf
15829,15826,PerformerOf
15830,15826,PerformerOf
15834,15833,PerformerOf
15835,15833,PerformerOf
15836,15833,PerformerOf
15837,15833,PerformerOf
15840,15839,PerformerOf
15842,15841,PerformerOf
15845,15844,PerformerOf
15846,15844,PerformerOf
15850,15848,PerformerOf
15852,15851,PerformerOf
15853,15851,PerformerOf
15856,15855,PerformerOf
15858,15857,PerformerOf
15859,15857,PerformerOf
15860,15857,PerformerOf
15861,15857,PerformerOf
15862,15857,PerformerOf
15863,15857,PerformerOf
15864,15857,PerformerOf
15865,15857,PerformerOf
15866,15857,PerformerOf
15867,15857,PerformerOf
15868,15857,PerformerOf
15869,15857,PerformerOf
15871,15857,PerformerOf
15872,15857,PerformerOf
15873,15857,PerformerOf
15876,15874,PerformerOf
15878,15877,PerformerOf
15879,15877,PerformerOf
15880,15877,PerformerOf
15882,15881,PerformerOf
15883,15881,PerformerOf
15887,15886,PerformerOf
15888,15886,PerformerOf
15892,15890,PerformerOf
15893,15890,PerformerOf
15897,15896,PerformerOf
15900,15899,PerformerOf
15901,15899,PerformerOf
15902,15899,PerformerOf
15904,15903,PerformerOf
15905,15903,PerformerOf
15906,15903,PerformerOf
15907,15903,PerformerOf
15908,15903,PerformerOf
15910,15909,PerformerOf
15915,15913,PerformerOf
15916,15913,PerformerOf
15918,15913,PerformerOf
15919,15913,PerformerOf
15921,15920,PerformerOf
15922,15920,PerformerOf
15924,15920,PerformerOf
15927,15926,PerformerOf
15929,15928,PerformerOf
15930,15928,PerformerOf
15932,15928,PerformerOf
15933,15928,PerformerOf
15934,15928,PerformerOf
15935,15928,PerformerOf
15938,15937,PerformerOf
15939,15937,PerformerOf
15940,15937,PerformerOf
15942,15937,PerformerOf
15943,15937,PerformerOf
15945,15944,PerformerOf
15947,15944,PerformerOf
15948,15944,PerformerOf
15951,15950,PerformerOf
15952,15950,PerformerOf
15956,15954,PerformerOf
15958,15957,PerformerOf
15961,15959,PerformerOf
15963,15962,PerformerOf
15965,15964,PerformerOf
15968,15966,PerformerOf
15972,15971,PerformerOf
15974,15973,PerformerOf
15975,15973,PerformerOf
15976,15973,PerformerOf
15977,15973,PerformerOf
15979,15978,PerformerOf
15985,15984,PerformerOf
15987,15986,PerformerOf
15988,15986,PerformerOf
15990,15989,PerformerOf
15992,15991,PerformerOf
15996,15995,PerformerOf
15997,15995,PerformerOf
16000,15998,PerformerOf
16002,16001,PerformerOf
16002,16389,PerformerOf
16003,16389,PerformerOf
16005,16004,PerformerOf
16008,16007,PerformerOf
16009,16007,PerformerOf
16012,16007,PerformerOf
16013,16007,PerformerOf
16015,16014,PerformerOf
16018,16017,PerformerOf
16020,16019,PerformerOf
16021,16019,PerformerOf
16022,16019,PerformerOf
16023,16019,PerformerOf
16024,16019,PerformerOf
16025,16019,PerformerOf
16027,16026,PerformerOf
16031,16030,PerformerOf
16031,16312,PerformerOf
16032,16030,PerformerOf
16037,16036,PerformerOf
16040,16038,PerformerOf
16043,16042,PerformerOf
16044,16042,PerformerOf
16045,16042,PerformerOf
16046,16042,PerformerOf
16049,16256,PerformerOf
16050,16048,PerformerOf
16050,16256,PerformerOf
16051,16048,PerformerOf
16052,16256,PerformerOf
16053,16048,PerformerOf
16053,16256,PerformerOf
16055,16054,PerformerOf
16056,16054,PerformerOf
16059,16057,PerformerOf
16062,16061,PerformerOf
16065,16064,PerformerOf
16068,16728,PerformerOf
16068,16067,PerformerOf
16071,16070,PerformerOf
16073,16070,PerformerOf
16074,16070,PerformerOf
16076,16075,PerformerOf
16077,16075,PerformerOf
16080,16078,PerformerOf
16081,16078,PerformerOf
16085,16084,PerformerOf
16087,16086,PerformerOf
16088,16086,PerformerOf
16089,16086,PerformerOf
16091,16090,PerformerOf
16094,16093,PerformerOf
16095,16093,PerformerOf
16102,16101,PerformerOf
16103,16101,PerformerOf
16106,16101,PerformerOf
16108,16107,PerformerOf
16110,16107,PerformerOf
16112,16111,PerformerOf
16113,16111,PerformerOf
16115,16111,PerformerOf
16116,16111,PerformerOf
16118,16117,PerformerOf
16119,16117,PerformerOf
16124,16123,PerformerOf
16125,16123,PerformerOf
16129,16127,PerformerOf
16131,16127,PerformerOf
16132,16127,PerformerOf
16134,16133,PerformerOf
16138,16137,PerformerOf
16142,16141,PerformerOf
16143,16141,PerformerOf
16144,16141,PerformerOf
16147,16146,PerformerOf
16148,16146,PerformerOf
16149,16146,PerformerOf
16151,16146,PerformerOf
16154,16153,PerformerOf
16155,16153,PerformerOf
16157,16153,PerformerOf
16159,16158,PerformerOf
16160,16158,PerformerOf
16168,16166,PerformerOf
16169,16166,PerformerOf
16170,16166,PerformerOf
16172,16171,PerformerOf
16173,16171,PerformerOf
16174,16171,PerformerOf
16176,16175,PerformerOf
16177,16175,PerformerOf
16178,16175,PerformerOf
16181,16180,PerformerOf
16184,16183,PerformerOf
16186,16185,PerformerOf
16187,16185,PerformerOf
16193,16192,PerformerOf
16194,16192,PerformerOf
16195,16192,PerformerOf
16197,16192,PerformerOf
16198,16192,PerformerOf
16199,16192,PerformerOf
16201,16200,PerformerOf
16203,16202,PerformerOf
16204,16424,PerformerOf
16206,16205,PerformerOf
16213,16212,PerformerOf
16216,16215,PerformerOf
16218,16217,PerformerOf
16219,16217,PerformerOf
16220,16217,PerformerOf
16221,16217,PerformerOf
16222,16217,PerformerOf
16224,16223,PerformerOf
16226,16225,PerformerOf
16227,16225,PerformerOf
16229,16225,PerformerOf
16232,16230,PerformerOf
16234,16233,PerformerOf
16235,16233,PerformerOf
16236,16233,PerformerOf
16239,16233,PerformerOf
16241,16240,PerformerOf
16242,16240,PerformerOf
16243,16240,PerformerOf
16245,16244,PerformerOf
16246,16244,PerformerOf
16247,16244,PerformerOf
16250,16249,PerformerOf
16251,16249,PerformerOf
16254,16253,PerformerOf
16258,16256,PerformerOf
16260,16259,PerformerOf
16265,16264,PerformerOf
16266,16264,PerformerOf
16268,16264,PerformerOf
16272,16270,PerformerOf
16273,16270,PerformerOf
16278,16276,PerformerOf
16280,16279,PerformerOf
16281,16279,PerformerOf
16284,16282,PerformerOf
16286,16282,PerformerOf
16291,16290,PerformerOf
16299,16298,PerformerOf
16302,16300,PerformerOf
16306,16305,PerformerOf
16307,16305,PerformerOf
16308,16305,PerformerOf
16311,16309,PerformerOf
16314,16313,PerformerOf
16318,16317,PerformerOf
16320,16319,PerformerOf
16321,16319,PerformerOf
16322,16319,PerformerOf
16324,16323,PerformerOf
16325,16323,PerformerOf
16326,16323,PerformerOf
16330,16328,PerformerOf
16331,16328,PerformerOf
16332,16328,PerformerOf
16334,16333,PerformerOf
16337,16336,PerformerOf
16340,16339,PerformerOf
16342,16339,PerformerOf
16344,16343,PerformerOf
16346,16343,PerformerOf
16350,16349,PerformerOf
16351,16349,PerformerOf
16353,16352,PerformerOf
16357,16356,PerformerOf
16358,16356,PerformerOf
16359,16356,PerformerOf
16361,16360,PerformerOf
16364,16363,PerformerOf
16368,16367,PerformerOf
16369,16367,PerformerOf
16375,16373,PerformerOf
16376,16373,PerformerOf
16377,16373,PerformerOf
16378,16373,PerformerOf
16379,16373,PerformerOf
16382,16381,PerformerOf
16383,16381,PerformerOf
16386,16385,PerformerOf
16390,16389,PerformerOf
16391,16389,PerformerOf
16393,16392,PerformerOf
16398,16397,PerformerOf
16399,16397,PerformerOf
16401,16400,PerformerOf
16403,16402,PerformerOf
16406,16405,PerformerOf
16407,16405,PerformerOf
16408,16405,PerformerOf
16411,16409,PerformerOf
16412,16409,PerformerOf
16414,16413,PerformerOf
16416,16413,PerformerOf
16417,16413,PerformerOf
16419,16418,PerformerOf
16422,16421,PerformerOf
16423,16421,PerformerOf
16425,16424,PerformerOf
16426,16424,PerformerOf
16427,16424,PerformerOf
16428,16424,PerformerOf
16430,16429,PerformerOf
16431,16429,PerformerOf
16434,16433,PerformerOf
16436,16433,PerformerOf
16438,16437,PerformerOf
16439,16437,PerformerOf
16442,16441,PerformerOf
16443,16441,PerformerOf
16444,16441,PerformerOf
16446,16445,PerformerOf
16450,16449,PerformerOf
16451,16449,PerformerOf
16456,16454,PerformerOf
16459,16458,PerformerOf
16460,16458,PerformerOf
16461,16458,PerformerOf
16463,16462,PerformerOf
16465,16462,PerformerOf
16468,16466,PerformerOf
16469,16466,PerformerOf
16472,16471,PerformerOf
16475,16473,PerformerOf
16476,16473,PerformerOf
16477,16473,PerformerOf
16479,16478,PerformerOf
16481,16478,PerformerOf
16482,16478,PerformerOf
16486,16485,PerformerOf
16489,16487,PerformerOf
16498,16496,PerformerOf
16502,16501,PerformerOf
16503,16501,PerformerOf
16504,16501,PerformerOf
16506,16505,PerformerOf
16509,16508,PerformerOf
16511,16510,PerformerOf
16515,16514,PerformerOf
16516,16514,PerformerOf
16520,16519,PerformerOf
16523,16522,PerformerOf
16525,16524,PerformerOf
16527,16524,PerformerOf
16531,16530,PerformerOf
16532,16530,PerformerOf
16533,16530,PerformerOf
16536,16535,PerformerOf
16537,16535,PerformerOf
16538,16535,PerformerOf
16539,16535,PerformerOf
16540,16535,PerformerOf
16542,16541,PerformerOf
16544,16543,PerformerOf
16545,16543,PerformerOf
16546,16543,PerformerOf
16548,16547,PerformerOf
16549,16547,PerformerOf
16553,16552,PerformerOf
16554,16552,PerformerOf
16556,16555,PerformerOf
16557,16555,PerformerOf
16558,16555,PerformerOf
16559,16555,PerformerOf
16561,16560,PerformerOf
16563,16560,PerformerOf
16565,16564,PerformerOf
16566,16564,PerformerOf
16568,16564,PerformerOf
16569,16564,PerformerOf
16571,16570,PerformerOf
16573,16572,PerformerOf
16578,16577,PerformerOf
16579,16577,PerformerOf
16583,16582,PerformerOf
16587,16586,PerformerOf
16593,16590,PerformerOf
16594,16590,PerformerOf
16595,16590,PerformerOf
16596,16590,PerformerOf
16598,16597,PerformerOf
16599,16597,PerformerOf
16600,16597,PerformerOf
16601,16597,PerformerOf
16602,16597,PerformerOf
16606,16605,PerformerOf
16609,16607,PerformerOf
16610,16607,PerformerOf
16611,16607,PerformerOf
16613,16612,PerformerOf
16623,16621,PerformerOf
16627,16626,PerformerOf
16628,16626,PerformerOf
16629,16626,PerformerOf
16630,16626,PerformerOf
16633,16632,PerformerOf
16634,16632,PerformerOf
16637,16635,PerformerOf
16639,16638,PerformerOf
16640,16638,PerformerOf
16643,16641,PerformerOf
16644,16641,PerformerOf
16647,16646,PerformerOf
16648,16646,PerformerOf
16649,16646,PerformerOf
16650,16646,PerformerOf
16651,16646,PerformerOf
16654,16653,PerformerOf
16655,16653,PerformerOf
16656,16653,PerformerOf
16657,16653,PerformerOf
16661,16659,PerformerOf
16662,16659,PerformerOf
16663,16659,PerformerOf
16666,16665,PerformerOf
16673,16672,PerformerOf
16674,16672,PerformerOf
16675,16672,PerformerOf
16676,16672,PerformerOf
16677,16672,PerformerOf
16678,16672,PerformerOf
16682,16679,PerformerOf
16683,16679,PerformerOf
16684,16679,PerformerOf
16685,16679,PerformerOf
16687,16686,PerformerOf
16688,16686,PerformerOf
16689,16686,PerformerOf
16693,16690,PerformerOf
16694,16690,PerformerOf
16700,16699,PerformerOf
16701,16699,PerformerOf
16703,16702,PerformerOf
16706,16705,PerformerOf
16708,16707,PerformerOf
16709,16707,PerformerOf
16711,16710,PerformerOf
16713,16710,PerformerOf
16718,16716,PerformerOf
16721,16720,PerformerOf
16725,16724,PerformerOf
16731,16729,PerformerOf
16732,16729,PerformerOf
16733,16729,PerformerOf
16738,16736,PerformerOf
16742,16741,PerformerOf
16743,16741,PerformerOf
16744,2068,PerformerOf
16744,2595,PerformerOf
16744,4618,PerformerOf
16744,4854,PerformerOf
16744,6745,PerformerOf
16744,7739,PerformerOf
16744,9586,PerformerOf
16744,10090,PerformerOf
16744,11109,PerformerOf
16744,12105,PerformerOf
16744,13001,PerformerOf
16744,13357,PerformerOf
16744,13639,PerformerOf
16744,13984,PerformerOf
16744,15744,PerformerOf
16744,16348,PerformerOf
16745,1715,PerformerOf
16745,1915,PerformerOf
16745,8245,PerformerOf
16745,9030,PerformerOf
16745,9995,PerformerOf
16745,10342,PerformerOf
16745,11225,PerformerOf
16745,11331,PerformerOf
16745,11847,PerformerOf
16745,12204,PerformerOf
16745,13257,PerformerOf
16745,14498,PerformerOf
16746,1857,PerformerOf
16746,2167,PerformerOf
16746,4006,PerformerOf
16746,6616,PerformerOf
16746,8200,PerformerOf
16746,8680,PerformerOf
16746,11527,PerformerOf
16746,13484,PerformerOf
16746,14332,PerformerOf
16747,2279,PerformerOf
16747,3335,PerformerOf
16747,5028,PerformerOf
16747,8214,PerformerOf
16747,9294,PerformerOf
16747,11532,PerformerOf
16747,14438,PerformerOf
16748,2905,PerformerOf
16748,9766,PerformerOf
16748,10068,PerformerOf
16748,11521,PerformerOf
16748,12991,PerformerOf
16748,13364,PerformerOf
16748,14141,PerformerOf
16748,14204,PerformerOf
16748,15925,PerformerOf
16749,5254,PerformerOf
16749,5310,PerformerOf
16749,5425,PerformerOf
16749,6253,PerformerOf
16749,6575,PerformerOf
16749,10246,PerformerOf
16749,14379,PerformerOf
16750,6315,PerformerOf
16750,6393,PerformerOf
16750,8445,PerformerOf
16750,9040,PerformerOf
16750,11562,PerformerOf
16750,16652,PerformerOf
16751,1195,PerformerOf
16751,5680,PerformerOf
16751,9014,PerformerOf
16751,10641,PerformerOf
16751,13768,PerformerOf
16751,16122,PerformerOf
16751,16466,PerformerOf
16752,4283,PerformerOf
16752,6154,PerformerOf
16752,10657,PerformerOf
16752,12971,PerformerOf
16753,1177,PerformerOf
16753,1435,PerformerOf
16753,12816,PerformerOf
16753,12861,PerformerOf
16754,880,PerformerOf
16754,7005,PerformerOf
16754,7325,PerformerOf
16754,7424,PerformerOf
16754,11404,PerformerOf
16754,12793,PerformerOf
16755,2002,PerformerOf
16755,3358,PerformerOf
16755,9709,PerformerOf
16755,11005,PerformerOf
16755,12365,PerformerOf
16755,14392,PerformerOf
16755,16485,PerformerOf
16756,8013,PerformerOf
16756,12346,PerformerOf
16756,13465,PerformerOf
16757,3106,PerformerOf
16757,12375,PerformerOf
16757,16404,PerformerOf
16758,5264,PerformerOf
16758,6505,PerformerOf
16758,11767,PerformerOf
16758,12792,PerformerOf
16759,11980,PerformerOf
16759,12629,PerformerOf
16759,14593,PerformerOf
16759,14884,PerformerOf
16759,16449,PerformerOf
16760,6177,PerformerOf
16760,6272,PerformerOf
16760,7804,PerformerOf
16761,1661,PerformerOf
16761,2696,PerformerOf
16761,11824,PerformerOf
16761,15462,PerformerOf
16762,8373,PerformerOf
16762,8816,PerformerOf
16762,9267,PerformerOf
16762,13107,PerformerOf
16762,13607,PerformerOf
16762,15198,PerformerOf
16763,5364,PerformerOf
16763,6456,PerformerOf
16763,6603,PerformerOf
16763,8431,PerformerOf
16763,16287,PerformerOf
16764,1611,PerformerOf
16764,3536,PerformerOf
16764,5055,PerformerOf
16764,6365,PerformerOf
16764,12631,PerformerOf
16765,8231,PerformerOf
16765,13721,PerformerOf
16765,15515,PerformerOf
16766,9088,PerformerOf
16766,9807,PerformerOf
16766,12750,PerformerOf
16766,15775,PerformerOf
16767,842,PerformerOf
16767,11256,PerformerOf
16767,11339,PerformerOf
16767,15199,PerformerOf
16768,10659,PerformerOf
16768,12043,PerformerOf
16768,15805,PerformerOf
16769,8263,PerformerOf
16769,10953,PerformerOf
16769,11127,PerformerOf
16769,15422,PerformerOf
16770,673,PerformerOf
16770,6051,PerformerOf
16770,9230,PerformerOf
16770,11736,PerformerOf
16770,14333,PerformerOf
16771,9542,PerformerOf
16771,13389,PerformerOf
16771,14047,PerformerOf
16772,2931,PerformerOf
16772,10159,PerformerOf
16773,1269,PerformerOf
16773,5394,PerformerOf
16773,11568,PerformerOf
16773,13142,PerformerOf
16773,13202,PerformerOf
16774,4126,PerformerOf
16774,6507,PerformerOf
16774,8225,PerformerOf
16774,11617,PerformerOf
16775,4607,PerformerOf
16775,6211,PerformerOf
16775,8551,PerformerOf
16775,8892,PerformerOf
16775,13332,PerformerOf
16776,9883,PerformerOf
16776,14627,PerformerOf
16776,16120,PerformerOf
16777,5657,PerformerOf
16777,9547,PerformerOf
16777,14507,PerformerOf
16778,3663,PerformerOf
16778,8942,PerformerOf
16778,11381,PerformerOf
16778,15488,PerformerOf
16779,15323,PerformerOf
16779,15420,PerformerOf
16780,6949,PerformerOf
16780,10645,PerformerOf
16780,16505,PerformerOf
16781,1533,PerformerOf
16781,7034,PerformerOf
16781,15734,PerformerOf
16781,16714,PerformerOf
16782,8263,PerformerOf
16782,11127,PerformerOf
16782,14454,PerformerOf
16782,15422,PerformerOf
16783,9505,PerformerOf
16783,9681,PerformerOf
16783,10461,PerformerOf
16783,15791,PerformerOf
16784,11744,PerformerOf
16784,14989,PerformerOf
16785,4038,PerformerOf
16786,1814,PerformerOf
16787,11980,PerformerOf
16787,12629,PerformerOf
16787,14593,PerformerOf
16787,14884,PerformerOf
16788,13374,PerformerOf
16788,15206,PerformerOf
16788,16061,PerformerOf
16789,8288,PerformerOf
16789,11144,PerformerOf
16790,454,PerformerOf
16790,8282,PerformerOf
16791,6035,PerformerOf
16791,12616,PerformerOf
16791,16617,PerformerOf
16792,2385,PerformerOf
16792,7170,PerformerOf
16793,7452,PerformerOf
16793,12934,PerformerOf
16793,15009,PerformerOf
16794,10741,PerformerOf
16794,12613,PerformerOf
16794,16432,PerformerOf
16795,8604,PerformerOf
16795,11225,PerformerOf
16795,12043,PerformerOf
16795,15805,PerformerOf
16796,9030,PerformerOf
16796,11331,PerformerOf
16796,12204,PerformerOf
16797,1489,PerformerOf
16797,3991,PerformerOf
16797,11679,PerformerOf
16798,2975,PerformerOf
16798,8547,PerformerOf
16798,11749,PerformerOf
16798,12366,PerformerOf
16799,7165,PerformerOf
16799,8687,PerformerOf
16800,81,PerformerOf
16801,1088,PerformerOf
16801,3567,PerformerOf
16801,6983,PerformerOf
16802,4393,PerformerOf
16802,6976,PerformerOf
16802,13280,PerformerOf
16803,1080,PerformerOf
16803,2402,PerformerOf
16803,4650,PerformerOf
16803,8602,PerformerOf
16804,3376,PerformerOf
16804,9305,PerformerOf
16805,3174,PerformerOf
16805,3237,PerformerOf
16805,12120,PerformerOf
16805,12794,PerformerOf
16806,543,PerformerOf
16807,7851,PerformerOf
16807,10552,PerformerOf
16807,10839,PerformerOf
16807,14024,PerformerOf
16808,4123,PerformerOf
16808,5882,PerformerOf
16808,9414,PerformerOf
16808,9966,PerformerOf
16809,4661,PerformerOf
16809,10535,PerformerOf
16809,10728,PerformerOf
16809,13976,PerformerOf
16810,1440,PerformerOf
16810,12821,PerformerOf
16811,6210,PerformerOf
16811,6735,PerformerOf
16811,11948,PerformerOf
16812,1991,PerformerOf
16812,3093,PerformerOf
16812,8596,PerformerOf
16813,1495,PerformerOf
16813,4652,PerformerOf
16813,6168,PerformerOf
16813,14537,PerformerOf
16814,3163,PerformerOf
16814,5546,PerformerOf
16814,11680,PerformerOf
16814,14094,PerformerOf
16815,7826,PerformerOf
16815,10434,PerformerOf
16815,15270,PerformerOf
16816,4818,PerformerOf
16816,8553,PerformerOf
16816,14859,PerformerOf
16817,5854,PerformerOf
16817,11187,PerformerOf
16817,16400,PerformerOf
16818,1440,PerformerOf
16818,12821,PerformerOf
16819,7461,PerformerOf
16819,9802,PerformerOf
16819,10071,PerformerOf
16820,10448,PerformerOf
16820,12367,PerformerOf
16821,4253,PerformerOf
16821,8983,PerformerOf
16822,4253,PerformerOf
16822,7271,PerformerOf
16822,8409,PerformerOf
16823,3759,PerformerOf
16823,3881,PerformerOf
16823,4117,PerformerOf
16824,11614,PerformerOf
16825,7138,PerformerOf
16825,15874,PerformerOf
16826,1880,PerformerOf
16826,14239,PerformerOf
16826,16335,PerformerOf
16827,8464,PerformerOf
16827,8732,PerformerOf
16827,10367,PerformerOf
16829,6054,PerformerOf
16829,7089,PerformerOf
16829,13158,PerformerOf
16831,3154,PerformerOf
16831,6635,PerformerOf
16831,12538,PerformerOf
16832,9770,PerformerOf
16832,12104,PerformerOf
16832,14920,PerformerOf
16833,5866,PerformerOf
16833,8750,PerformerOf
16833,15582,PerformerOf
16834,219,PerformerOf
16834,8750,PerformerOf
16835,611,PerformerOf
16835,7567,PerformerOf
16837,7153,PerformerOf
16837,10837,PerformerOf
16837,13023,PerformerOf
16838,3844,PerformerOf
16838,9616,PerformerOf
16839,766,PerformerOf
16839,13603,PerformerOf
16839,16512,PerformerOf
16840,5021,PerformerOf
16840,6770,PerformerOf
16840,9300,PerformerOf
16841,4071,PerformerOf
16841,11116,PerformerOf
16841,13213,PerformerOf
16842,6106,PerformerOf
16842,12292,PerformerOf
16843,7386,PerformerOf
16843,8331,PerformerOf
16843,9411,PerformerOf
16844,6633,PerformerOf
16844,8094,PerformerOf
16844,9503,PerformerOf
16845,985,PerformerOf
16845,11740,PerformerOf
16845,13523,PerformerOf
16846,966,PerformerOf
16846,14944,PerformerOf
16847,4140,PerformerOf
16847,7399,PerformerOf
16847,13705,PerformerOf
16848,3542,PerformerOf
16848,7492,PerformerOf
16850,11001,PerformerOf
16850,16635,PerformerOf
16851,4352,PerformerOf
16851,13047,PerformerOf
16852,10997,PerformerOf
16852,12027,PerformerOf
16853,11319,PerformerOf
16853,11941,PerformerOf
16853,12611,PerformerOf
16854,14696,PerformerOf
16854,14864,PerformerOf
16855,6074,PerformerOf
16855,10158,PerformerOf
16856,4571,PerformerOf
16856,4613,PerformerOf
16856,11640,PerformerOf
16857,7213,PerformerOf
16857,10928,PerformerOf
16857,11583,PerformerOf
16858,11230,PerformerOf
16858,13615,PerformerOf
16859,7563,PerformerOf
16859,11737,PerformerOf
16859,15406,PerformerOf
16860,11014,PerformerOf
16860,15254,PerformerOf
16860,16274,PerformerOf
16861,5356,PerformerOf
16861,11377,PerformerOf
16862,14746,PerformerOf
16862,15009,PerformerOf
16863,9382,PerformerOf
16863,12345,PerformerOf
16863,13236,PerformerOf
16864,5685,PerformerOf
16864,8018,PerformerOf
16865,7041,PerformerOf
16865,8904,PerformerOf
16865,9007,PerformerOf
16866,9397,PerformerOf
16867,4814,PerformerOf
16867,6521,PerformerOf
16867,9245,PerformerOf
16868,13282,PerformerOf
16868,16620,PerformerOf
16869,9631,PerformerOf
16869,15071,PerformerOf
16870,10342,PerformerOf
16870,10855,PerformerOf
16870,14057,PerformerOf
16871,11945,PerformerOf
16871,13563,PerformerOf
16872,10793,PerformerOf
16872,13591,PerformerOf
16873,3067,PerformerOf
16874,7615,PerformerOf
16874,13255,PerformerOf
16874,14522,PerformerOf
16875,106,PerformerOf
16876,1091,PerformerOf
16876,10505,PerformerOf
16876,14589,PerformerOf
16877,6028,PerformerOf
16877,6363,PerformerOf
16877,14840,PerformerOf
16878,4701,PerformerOf
16878,10088,PerformerOf
16878,13154,PerformerOf
16879,7511,PerformerOf
16879,10444,PerformerOf
16879,15978,PerformerOf
16880,4680,PerformerOf
16880,10140,PerformerOf
16880,10825,PerformerOf
16881,5,PerformerOf
16881,7054,PerformerOf
16882,9641,PerformerOf
16882,14201,PerformerOf
16882,15607,PerformerOf
16883,2779,PerformerOf
16883,4534,PerformerOf
16883,15889,PerformerOf
16884,12531,PerformerOf
16884,16252,PerformerOf
16885,7709,PerformerOf
16885,11889,PerformerOf
16885,13580,PerformerOf
16886,632,PerformerOf
16886,10309,PerformerOf
16887,13297,PerformerOf
16887,15004,PerformerOf
16888,10282,PerformerOf
16888,11431,PerformerOf
16889,1140,PerformerOf
16889,14439,PerformerOf
16889,14883,PerformerOf
16890,6268,PerformerOf
16890,7177,PerformerOf
16890,14156,PerformerOf
16891,5643,PerformerOf
16891,13891,PerformerOf
16891,15570,PerformerOf
16892,3501,PerformerOf
16893,2873,PerformerOf
16893,8816,PerformerOf
16893,15198,PerformerOf
16894,5307,PerformerOf
16894,5687,PerformerOf
16894,13341,PerformerOf
16895,11262,PerformerOf
16896,3013,PerformerOf
16896,7344,PerformerOf
16897,12052,PerformerOf
16897,13711,PerformerOf
16898,5972,PerformerOf
16898,8937,PerformerOf
16899,2424,PerformerOf
16899,3879,PerformerOf
16899,4607,PerformerOf
16900,8653,PerformerOf
16900,13708,PerformerOf
16901,2770,PerformerOf
16901,4517,PerformerOf
16901,9115,PerformerOf
16902,9810,PerformerOf
16902,11785,PerformerOf
16903,5986,PerformerOf
16903,15652,PerformerOf
16904,1259,PerformerOf
16904,5119,PerformerOf
16904,16719,PerformerOf
16905,5046,PerformerOf
16906,16034,PerformerOf
16907,6461,PerformerOf
16908,14902,PerformerOf
16909,7863,PerformerOf
16909,12146,PerformerOf
16909,14880,PerformerOf
16910,1333,PerformerOf
16910,14893,PerformerOf
16911,6793,PerformerOf
16912,4576,PerformerOf
16912,9259,PerformerOf
16913,4348,PerformerOf
16913,8233,PerformerOf
16913,15994,PerformerOf
16914,558,PerformerOf
16914,5526,PerformerOf
16914,6250,PerformerOf
16915,6070,PerformerOf
16915,12689,PerformerOf
16916,2633,PerformerOf
16916,9940,PerformerOf
16916,12622,PerformerOf
16917,10222,PerformerOf
16917,15699,PerformerOf
16917,16522,PerformerOf
16918,9693,PerformerOf
16918,11567,PerformerOf
16920,2534,PerformerOf
16920,7249,PerformerOf
16920,10431,PerformerOf
16921,7177,PerformerOf
16921,9657,PerformerOf
16922,7080,PerformerOf
16922,12386,PerformerOf
16923,4728,PerformerOf
16924,9175,PerformerOf
16924,10728,PerformerOf
16924,16366,PerformerOf
16925,8283,PerformerOf
16925,9829,PerformerOf
16925,12547,PerformerOf
16926,5181,PerformerOf
16926,7116,PerformerOf
16927,563,PerformerOf
16927,3064,PerformerOf
16928,9209,PerformerOf
16928,16137,PerformerOf
16928,16715,PerformerOf
16929,2454,PerformerOf
16929,7604,PerformerOf
16929,10197,PerformerOf
16930,1773,PerformerOf
16930,11395,PerformerOf
16930,13713,PerformerOf
16931,9360,PerformerOf
16931,11385,PerformerOf
16931,14454,PerformerOf
16932,1817,PerformerOf
16932,5958,PerformerOf
16932,8936,PerformerOf
16933,940,PerformerOf
16933,5928,PerformerOf
16934,8122,PerformerOf
16934,15584,PerformerOf
16935,4140,PerformerOf
16935,6412,PerformerOf
16935,13216,PerformerOf
16936,1571,PerformerOf
16936,7517,PerformerOf
16936,8516,PerformerOf
16937,6885,PerformerOf
16937,7955,PerformerOf
16937,14964,PerformerOf
16938,15249,PerformerOf
16939,9587,PerformerOf
16939,10258,PerformerOf
16939,12138,PerformerOf
16943,16944,PerformerOf
16943,16945,PerformerOf
16943,16946,PerformerOf
16943,16947,PerformerOf
16952,16953,PerformerOf
16952,16954,PerformerOf
16952,16955,PerformerOf
16952,16956,PerformerOf
16952,16957,PerformerOf
16960,16961,PerformerOf
16960,16962,PerformerOf
16960,16963,PerformerOf
16960,16964,PerformerOf
16960,16965,PerformerOf
16966,16967,PerformerOf
16966,16968,PerformerOf
16966,16969,PerformerOf
16966,16970,PerformerOf
16971,16972,PerformerOf
16971,16973,PerformerOf
16971,16974,PerformerOf
16971,16975,PerformerOf
16971,16976,PerformerOf
16977,16978,PerformerOf
16977,16979,PerformerOf
16977,16980,PerformerOf
16977,16981,PerformerOf
16977,16982,PerformerOf
16987,16988,PerformerOf
16987,16989,PerformerOf
16987,16990,PerformerOf
16987,16991,PerformerOf
16987,16992,PerformerOf
16996,16997,PerformerOf
16996,16998,PerformerOf
16996,16999,PerformerOf
16996,17000,PerformerOf
16996,17001,PerformerOf
16996,17002,PerformerOf
16996,17003,PerformerOf
17004,17005,PerformerOf
17004,17006,PerformerOf
17004,17007,PerformerOf
17004,17008,PerformerOf
17004,17009,PerformerOf
17004,17010,PerformerOf
17004,17011,PerformerOf
17012,17013,PerformerOf
17012,17014,PerformerOf
17012,17015,PerformerOf
17012,17016,PerformerOf
17012,17017,PerformerOf
17012,17018,PerformerOf
17012,17019,PerformerOf
17022,17023,PerformerOf
17022,17024,PerformerOf
17022,17025,PerformerOf
17022,17026,PerformerOf
17022,17027,PerformerOf
17022,17028,PerformerOf
17022,17029,PerformerOf
17032,17033,PerformerOf
17032,17034,PerformerOf
17032,17035,PerformerOf
17032,17036,PerformerOf
17032,17037,PerformerOf
17032,17038,PerformerOf
17032,17039,PerformerOf
17032,17040,PerformerOf
17046,17047,PerformerOf
17046,17048,PerformerOf
17046,17049,PerformerOf
17046,17050,PerformerOf
17046,17051,PerformerOf
17046,17052,PerformerOf
17046,17053,PerformerOf
17057,17058,PerformerOf
17057,17058,PerformerOf
17057,17059,PerformerOf
17057,17060,PerformerOf
17063,17064,PerformerOf
17063,17065,PerformerOf
17063,17066,PerformerOf
17063,17067,PerformerOf
17063,17068,PerformerOf
17071,17072,PerformerOf
17071,17073,PerformerOf
17071,17074,PerformerOf
17071,17075,PerformerOf
17071,17076,PerformerOf
17077,17078,PerformerOf
17077,17079,PerformerOf
17077,17080,PerformerOf
17077,17081,PerformerOf
17077,17082,PerformerOf
17083,17084,PerformerOf
17083,17085,PerformerOf
17083,17086,PerformerOf
17083,17087,PerformerOf
17083,17088,PerformerOf
17091,17092,PerformerOf
17091,17093,PerformerOf
17091,17094,PerformerOf
17091,17095,PerformerOf
17091,17096,PerformerOf
17100,17101,PerformerOf
17100,17102,PerformerOf
17100,17103,PerformerOf
17100,17104,PerformerOf
17100,17105,PerformerOf
17100,17106,PerformerOf
17110,17111,PerformerOf
17110,17112,PerformerOf
17110,17113,PerformerOf
17110,17114,PerformerOf
17110,17115,PerformerOf
17110,17116,PerformerOf
17110,17117,PerformerOf
17120,17121,PerformerOf
17120,17122,PerformerOf
17120,17123,PerformerOf
17120,17124,PerformerOf
17120,17125,PerformerOf
17126,17127,PerformerOf
17126,17128,PerformerOf
17126,17129,PerformerOf
17126,17130,PerformerOf
17126,17131,PerformerOf
17126,17132,PerformerOf
17126,17133,PerformerOf
17126,17134,PerformerOf
17138,17139,PerformerOf
17138,17140,PerformerOf
17138,17141,PerformerOf
17138,17142,PerformerOf
17138,17143,PerformerOf
17138,17144,PerformerOf
17138,17145,PerformerOf
17146,17147,PerformerOf
17146,17148,PerformerOf
17146,17149,PerformerOf
17146,17150,PerformerOf
17146,17151,PerformerOf
17146,17152,PerformerOf
17146,17153,PerformerOf
17146,17154,PerformerOf
17155,17156,PerformerOf
17155,17157,PerformerOf
17155,17158,PerformerOf
17155,17159,PerformerOf
17155,17160,PerformerOf
17155,17161,PerformerOf
17155,17162,PerformerOf
17155,17163,PerformerOf
17167,17168,PerformerOf
17167,17169,PerformerOf
17167,17170,PerformerOf
17167,17171,PerformerOf
17167,17172,PerformerOf
17167,17173,PerformerOf
17167,17174,PerformerOf
17167,17175,PerformerOf
17167,17176,PerformerOf
17167,17177,PerformerOf
17167,17178,PerformerOf
17167,17179,PerformerOf
17167,17180,PerformerOf
17167,17181,PerformerOf
17167,17182,PerformerOf
17167,17183,PerformerOf
17167,17184,PerformerOf
17167,17185,PerformerOf
17167,17186,PerformerOf
17167,17187,PerformerOf
17167,17188,PerformerOf
17192,17193,PerformerOf
17192,17194,PerformerOf
17192,17195,PerformerOf
17192,17196,PerformerOf
17192,17197,PerformerOf
17192,17198,PerformerOf
17192,17199,PerformerOf
17192,17200,PerformerOf
17192,17201,PerformerOf
17192,17202,PerformerOf
17192,17203,PerformerOf
17192,17204,PerformerOf
17207,17208,PerformerOf
17207,17209,PerformerOf
17207,17210,PerformerOf
17207,17211,PerformerOf
17207,17212,PerformerOf
17207,17213,PerformerOf
17207,17214,PerformerOf
17207,17215,PerformerOf
17207,17216,PerformerOf
17207,17217,PerformerOf
17207,17218,PerformerOf
17207,17219,PerformerOf
17207,17220,PerformerOf
17207,17221,PerformerOf
17207,17222,PerformerOf
17207,17223,PerformerOf
17207,17224,PerformerOf
17207,17225,PerformerOf
17226,17410,PerformerOf
17230,17231,PerformerOf
17230,17232,PerformerOf
17230,17233,PerformerOf
17230,17234,PerformerOf
17235,17236,PerformerOf
17235,17237,PerformerOf
17235,17238,PerformerOf
17235,17239,PerformerOf
17243,17244,PerformerOf
17243,17245,PerformerOf
17243,17246,PerformerOf
17243,17247,PerformerOf
17250,17251,PerformerOf
17250,17252,PerformerOf
17250,17253,PerformerOf
17250,17254,PerformerOf
17255,17272,PerformerOf
17255,17273,PerformerOf
17255,17274,PerformerOf
17255,17275,PerformerOf
17255,17276,PerformerOf
17255,17277,PerformerOf
17255,17278,PerformerOf
17255,17279,PerformerOf
17255,17280,PerformerOf
17255,17281,PerformerOf
17255,17282,PerformerOf
17255,17283,PerformerOf
17255,17284,PerformerOf
17255,17285,PerformerOf
17255,17286,PerformerOf
17255,17287,PerformerOf
17255,17288,PerformerOf
17255,17289,PerformerOf
17255,17290,PerformerOf
17255,17291,PerformerOf
17255,17292,PerformerOf
17255,17293,PerformerOf
17255,17294,PerformerOf
17255,17350,PerformerOf
17255,17356,PerformerOf
17255,17410,PerformerOf
17256,17411,PerformerOf
17260,17261,PerformerOf
17260,17262,PerformerOf
17260,17263,PerformerOf
17260,17264,PerformerOf
17260,17265,PerformerOf
17260,17266,PerformerOf
17260,17267,PerformerOf
17260,17268,PerformerOf
17260,17269,PerformerOf
17260,17270,PerformerOf
17260,17271,PerformerOf
17299,17300,PerformerOf
17299,17301,PerformerOf
17299,17302,PerformerOf
17299,17303,PerformerOf
17299,17304,PerformerOf
17299,17305,PerformerOf
17299,17306,PerformerOf
17299,17307,PerformerOf
17299,17308,PerformerOf
17314,17315,PerformerOf
17314,17316,PerformerOf
17314,17317,PerformerOf
17314,17318,PerformerOf
17314,17319,PerformerOf
17314,17320,PerformerOf
17314,17321,PerformerOf
17314,17322,PerformerOf
17327,17328,PerformerOf
17327,17329,PerformerOf
17327,17330,PerformerOf
17327,17331,PerformerOf
17327,17332,PerformerOf
17327,17333,PerformerOf
17327,17334,PerformerOf
17327,17335,PerformerOf
17327,17336,PerformerOf
17327,17337,PerformerOf
17327,17338,PerformerOf
17327,17339,PerformerOf
17340,17341,PerformerOf
17340,17342,PerformerOf
17340,17343,PerformerOf
17340,17344,PerformerOf
17340,17345,PerformerOf
17340,17346,PerformerOf
17340,17347,PerformerOf
17340,17348,PerformerOf
17349,17350,PerformerOf
17349,17350,PerformerOf
17349,17351,PerformerOf
17349,17352,PerformerOf
17349,17353,PerformerOf
17349,17354,PerformerOf
17349,17362,PerformerOf
17349,17363,PerformerOf
17355,17356,PerformerOf
17355,17356,PerformerOf
17355,17357,PerformerOf
17355,17358,PerformerOf
17355,17359,PerformerOf
17355,17360,PerformerOf
17355,17362,PerformerOf
17355,17363,PerformerOf
17361,17362,PerformerOf
17361,17363,PerformerOf
17361,17364,PerformerOf
17361,17365,PerformerOf
17361,17366,PerformerOf
17361,17367,PerformerOf
17361,17368,PerformerOf
17409,17411,PerformerOf
