artist_id,debut_year,latest_year,total_works,notable_works,first_notoriety,last_notoriety,genre_diversity,notoriety_lag,career_span,is_performer,is_recent_debut,recent_notable_works,outbound_influence,years_since_notoriety,notoriety_recency_score,collab_with_popular_count,recent_collab_count,collab_growth_rate,recent_inbound_influence,genre_alignment_score,prestige_label_count,prestige_group_count,prestige_score,influenced_by_popular_score,role_diversity,of_alignment,id,name,stage_name,display_name
1,2017,2017,1,1,,,1,,0,True,False,0,1,,0.0,0,0,0.0,0,0,1,0,1,0,2,0,1.0,Carlos Duffy,,Carlos Duffy
2,2017,2017,1,1,,,1,,0,True,False,0,1,,0.0,0,0,0.0,0,0,1,0,1,0,1,0,2.0,Min Qin,,Min Qin
3,2017,2017,1,1,,,1,,0,True,False,0,1,,0.0,0,0,0.0,0,0,1,0,1,0,1,0,3.0,Xiuying Xie,,Xiuying Xie
7,2013,2029,7,6,2018,2026,3,5,16,True,False,0,54,14,0.0,2,0,0.313953488372093,0,0,2,1,3,18,2,0,7.0,Xiulan Zeng,,Xiulan Zeng
8,2026,2026,2,1,,,1,,0,True,True,0,24,,0.0,2,0,0.0,0,0,1,1,2,8,2,0,8.0,David Franklin,,David Franklin
13,2020,2026,2,2,,,2,,6,True,False,0,5,,0.0,0,0,0.0,0,0,1,0,1,1,2,0,13.0,Li Yi,,Li Yi
16,2027,2027,1,0,,,1,,0,True,True,0,1,,0.0,0,0,0.0,0,0,1,0,1,0,3,0,16.0,Timothy Shea,,Timothy Shea
17,2027,2027,1,0,,,1,,0,True,True,0,1,,0.0,0,0,0.0,0,0,1,0,1,0,2,0,17.0,Philippine Colin,,Philippine Colin
19,2027,2027,1,0,,,1,,0,True,True,0,1,,0.0,0,0,0.0,0,0,1,0,1,0,2,0,19.0,Jordan Mullins,,Jordan Mullins
20,2020,2027,3,2,,,2,,7,True,False,0,12,,0.0,1,0,0.7142857142857143,0,0,3,0,3,2,1,1,20.0,Xiuying Meng,,Xiuying Meng
27,2022,2022,1,1,,,1,,0,True,False,0,5,,0.0,2,0,0.0,0,0,2,0,2,1,3,0,27.0,Anatol Dietz,The Hollow Lantern,The Hollow Lantern
28,2022,2022,1,1,,,1,,0,True,False,0,5,,0.0,2,0,0.0,0,0,2,0,2,1,1,0,28.0,Tracy Simpson,,Tracy Simpson
29,2005,2022,7,7,2010,2010,1,5,17,True,False,0,25,30,0.0,7,0,0.8184873949579832,0,0,6,0,6,6,1,0,29.0,Lorraine Martinez,,Lorraine Martinez
30,1985,2030,15,15,1995,2010,4,10,45,True,False,1,31,30,0.0,5,0,0.4910473519577175,0,0,4,0,4,6,3,0,30.0,Megan Bennett,,Megan Bennett
37,2007,2007,1,1,,,1,,0,True,False,0,1,,0.0,0,0,0.0,0,0,1,0,1,1,2,0,37.0,Hansh Ramanathan,,Hansh Ramanathan
40,2010,2013,2,2,2013,2013,1,3,3,True,False,0,1,27,0.0,1,0,0.0,0,0,0,0,0,0,3,0,40.0,Na Dong,,Na Dong
43,2020,2029,2,2,,,2,,9,True,False,0,3,,0.0,0,0,0.0,0,0,1,0,1,1,3,0,43.0,James Taylor,,James Taylor
44,2029,2029,1,1,,,1,,0,True,True,0,3,,0.0,0,0,0.0,0,0,1,0,1,1,1,0,44.0,Jennifer Smith,,Jennifer Smith
45,2029,2029,1,1,,,1,,0,True,True,0,3,,0.0,0,0,0.0,0,0,1,0,1,1,2,0,45.0,Kyle Anderson,,Kyle Anderson
50,2017,2017,1,1,,,1,,0,True,False,0,2,,0.0,1,0,0.0,0,0,1,0,1,1,2,0,50.0,Tao Zeng,,Tao Zeng
51,2017,2017,1,1,,,1,,0,True,False,0,2,,0.0,1,0,0.0,0,0,1,0,1,1,1,0,51.0,Guiying Qin,,Guiying Qin
52,2017,2026,3,3,,,3,,9,True,False,0,3,,0.0,1,0,0.904109589041096,0,0,3,0,3,1,2,0,52.0,Na Guo,,Na Guo
55,1996,2003,2,2,,,1,,7,True,False,0,1,,0.0,1,0,0.14285714285714285,0,0,2,0,2,0,1,0,55.0,Miki Hasegawa,,Miki Hasegawa
56,1996,2013,3,3,,,1,,17,True,False,0,2,,0.0,0,0,0.14285714285714285,0,0,2,0,2,0,2,0,56.0,Asuka Takahashi,,Asuka Takahashi
57,1996,1996,1,1,,,1,,0,True,False,0,0,,0.0,1,0,0.0,0,0,1,0,1,0,2,0,57.0,Miki Miura,,Miki Miura
63,2023,2023,1,1,,,1,,0,True,False,0,2,,0.0,2,0,0.0,0,0,0,0,0,0,1,0,63.0,Min Qiao,,Min Qiao
64,2023,2023,1,1,,,1,,0,True,False,0,2,,0.0,2,0,0.0,0,0,0,0,0,0,1,0,64.0,April Morris,,April Morris
65,2020,2023,3,3,2020,2020,2,0,3,True,False,0,3,20,0.0,1,0,2.3333333333333335,0,0,3,0,3,1,1,0,65.0,Sara Parker,,Sara Parker
66,2023,2023,1,1,,,1,,0,True,False,0,2,,0.0,2,0,0.0,0,0,0,0,0,0,1,0,66.0,Gang Su,,Gang Su
67,2013,2023,4,4,,,2,,10,True,False,0,4,,0.0,3,0,0.881578947368421,0,0,3,1,4,0,1,0,67.0,Guiying Pan,,Guiying Pan
72,2017,2017,1,1,,,1,,0,True,False,0,2,,0.0,2,0,0.0,0,0,1,0,1,1,2,0,72.0,Amy Mejia,,Amy Mejia
73,2017,2017,1,1,,,1,,0,True,False,0,2,,0.0,2,0,0.0,0,0,1,0,1,1,1,0,73.0,Yang Pan,,Yang Pan
74,2010,2029,4,4,2010,2025,3,0,19,True,False,0,13,15,0.0,1,0,0.5646100116414435,0,0,6,0,6,3,3,0,74.0,Min Hu,,Min Hu
75,1999,2017,4,2,,,3,,18,True,False,0,6,,0.0,5,0,0.3888888888888889,0,0,2,0,2,2,2,0,75.0,Juan Feng,,Juan Feng
76,2000,2023,5,5,2007,2007,3,7,23,True,False,0,8,33,0.0,3,0,0.5734710087370929,1,0,6,0,6,3,1,0,76.0,Ming Ren,,Ming Ren
82,1996,2025,4,4,,,3,,29,True,False,0,3,,0.0,1,0,0.12274368231046931,0,0,4,1,5,0,2,0,82.0,Min Ye,,Min Ye
83,1996,2025,3,3,,,2,,29,True,False,0,3,,0.0,1,0,0.10380348652931855,0,0,3,1,4,0,2,0,83.0,Loretta Roberts,,Loretta Roberts
87,2013,2017,2,2,2017,2017,2,4,4,True,False,0,2,23,0.0,2,0,1.0,0,0,2,0,2,0,1,0,87.0,Jun Gu,,Jun Gu
89,2013,2013,1,1,,,1,,0,True,False,0,1,,0.0,1,0,0.0,0,0,1,0,1,0,3,0,89.0,Xiuying Dong,,Xiuying Dong
90,2013,2029,3,3,2017,2017,3,4,16,True,False,0,5,23,0.0,1,0,0.46153846153846156,0,0,2,0,2,1,3,0,90.0,Xiulan Li,,Xiulan Li
93,2023,2024,2,2,2023,2023,1,0,1,True,False,0,3,17,0.0,1,0,4.0,0,0,1,0,1,0,2,0,93.0,Jun Fan,,Jun Fan
94,2023,2023,1,1,2023,2023,1,0,0,True,False,0,2,17,0.0,1,0,0.0,0,0,1,0,1,0,1,0,94.0,Yan Yuan,,Yan Yuan
95,2023,2023,1,1,2023,2023,1,0,0,True,False,0,2,17,0.0,1,0,0.0,0,0,1,0,1,0,1,0,95.0,Diana Johnson,,Diana Johnson
97,2023,2023,1,1,2023,2023,1,0,0,True,False,0,2,17,0.0,1,0,0.0,0,0,1,0,1,0,1,0,97.0,Lei Zhou,,Lei Zhou
98,2023,2024,2,2,2023,2023,1,0,1,True,False,0,3,17,0.0,1,0,4.0,0,0,1,0,1,0,2,0,98.0,Yong Yu,,Yong Yu
99,1994,2029,7,7,1994,2023,4,0,35,True,False,0,8,17,0.0,10,0,0.6208092485549133,0,0,5,1,6,0,1,1,99.0,Miki Hayashi,,Miki Hayashi
103,1997,1997,1,1,,,1,,0,True,False,0,0,,0.0,0,0,0.0,0,0,1,0,1,0,2,0,103.0,Cristina Marenzio,,Cristina Marenzio
104,2000,2000,1,1,,,1,,0,True,False,0,1,,0.0,0,0,0.0,0,0,1,0,1,0,1,0,104.0,Enzio Caffarelli,,Enzio Caffarelli
107,2020,2027,3,3,,,2,,7,True,False,0,9,,0.0,2,0,0.5714285714285714,0,0,2,0,2,4,2,0,107.0,Pompeo Turchi,,Pompeo Turchi
108,2006,2027,4,4,2023,2023,3,17,21,True,False,0,10,17,0.0,2,0,1.0,0,0,3,0,3,4,2,0,108.0,Brandon Vasquez,,Brandon Vasquez
109,2017,2027,4,3,2023,2023,3,6,10,True,False,0,8,17,0.0,2,0,0.8214285714285714,0,0,1,0,1,2,2,0,109.0,Audrey-Camille Nicolas,,Audrey-Camille Nicolas
113,2013,2013,1,1,,,1,,0,True,False,0,1,,0.0,1,0,0.0,0,0,1,0,1,0,2,0,113.0,Fang Zhong,,Fang Zhong
114,2027,2027,1,1,,,1,,0,True,True,0,7,,0.0,2,0,0.0,0,0,2,0,2,1,3,0,114.0,Jie Long,,Jie Long
115,2007,2027,8,8,2011,2013,2,4,20,True,False,0,16,27,0.0,3,0,0.5559210526315791,0,0,6,0,6,2,2,0,115.0,Ping Meng,,Ping Meng
116,2007,2007,1,1,,,1,,0,True,False,0,0,,0.0,1,0,0.0,0,0,1,0,1,0,2,0,116.0,Wei Ye,,Wei Ye
122,2025,2025,1,1,,,1,,0,True,True,0,1,,0.0,0,0,0.0,0,0,1,0,1,0,1,0,122.0,Sabina Hrušková,,Sabina Hrušková
123,2025,2025,1,1,,,1,,0,True,True,0,1,,0.0,0,0,0.0,0,0,1,0,1,0,1,0,123.0,Naděžda Pešková,,Naděžda Pešková
124,2025,2025,1,1,,,1,,0,True,True,0,1,,0.0,0,0,0.0,0,0,1,0,1,0,1,0,124.0,Michal Žák,,Michal Žák
125,2025,2025,1,1,,,1,,0,True,True,0,1,,0.0,0,0,0.0,0,0,1,0,1,0,1,0,125.0,Miluše Dušková,,Miluše Dušková
126,2025,2025,2,2,,,2,,0,True,True,0,2,,0.0,0,0,0.0,0,0,1,0,1,0,3,0,126.0,Miloš Pokorný,,Miloš Pokorný
131,2026,2026,1,1,,,1,,0,True,True,0,2,,0.0,0,0,0.0,0,0,1,0,1,0,1,0,131.0,Li Lin,,Li Lin
132,2026,2026,1,1,,,1,,0,True,True,0,2,,0.0,0,0,0.0,0,0,1,0,1,0,1,0,132.0,Jie Yu,,Jie Yu
134,2026,2026,1,1,,,1,,0,True,True,0,2,,0.0,0,0,0.0,0,0,1,0,1,0,1,0,134.0,Steven Cordova,,Steven Cordova
135,2026,2026,1,1,,,1,,0,True,True,0,2,,0.0,0,0,0.0,0,0,1,0,1,0,1,0,135.0,Xia Chang,,Xia Chang
136,2026,2026,1,1,,,1,,0,True,True,0,2,,0.0,0,0,0.0,0,0,1,0,1,0,1,0,136.0,Fang Kong,,Fang Kong
140,2023,2023,1,1,2023,2023,1,0,0,True,False,0,3,17,0.0,1,0,0.0,0,0,2,0,2,0,1,0,140.0,Min Pan,Oblivion Rhapsody,Oblivion Rhapsody
141,2003,2023,6,6,2023,2023,4,20,20,True,False,0,16,17,0.0,0,0,0.0,0,0,2,0,2,0,2,0,141.0,Xia Wu,,Xia Wu
142,2011,2020,3,2,,,3,,9,True,False,0,5,,0.0,0,0,0.14285714285714285,0,0,2,0,2,0,3,0,142.0,Wei Tang,,Wei Tang
145,2013,2029,4,3,,,2,,16,True,False,0,4,,0.0,1,0,0.9248704663212436,0,0,2,0,2,0,2,0,145.0,Adrien Charles,,Adrien Charles
147,2020,2022,3,3,,,2,,2,True,False,0,6,,0.0,2,0,1.5,0,0,2,0,2,0,1,0,147.0,Na Qian,,Na Qian
149,2000,2010,4,4,2002,2002,1,2,10,True,False,0,14,38,0.0,4,0,0.8561872909698997,0,0,3,1,4,4,3,0,149.0,Xia Fu,,Xia Fu
150,1991,2013,7,7,2002,2002,1,11,22,True,False,0,25,38,0.0,4,0,0.9279538904899136,0,0,4,1,5,7,2,0,150.0,Li Luo,,Li Luo
151,1993,2013,9,9,1993,2002,2,0,20,True,False,0,36,38,0.0,5,0,1.0680272108843538,0,0,5,0,5,10,2,0,151.0,Gang Zhao,,Gang Zhao
156,2007,2007,1,1,,,1,,0,True,False,0,1,,0.0,0,0,0.0,0,0,1,0,1,0,2,0,156.0,Andrzej Schottin-Mühle,,Andrzej Schottin-Mühle
157,2010,2010,1,1,2010,2010,1,0,0,True,False,0,2,30,0.0,2,0,0.0,0,0,1,0,1,0,1,0,157.0,Daria Boucsein,,Daria Boucsein
158,2007,2010,2,2,2010,2010,2,3,3,True,False,0,3,30,0.0,2,0,2.0,0,0,2,0,2,0,2,0,158.0,Orhan Krein,,Orhan Krein
159,2010,2010,1,1,2010,2010,1,0,0,True,False,0,2,30,0.0,2,0,0.0,0,0,1,0,1,0,1,0,159.0,Ashley Waters,,Ashley Waters
160,2010,2010,2,2,2010,2010,1,0,0,True,False,0,2,30,0.0,2,0,0.0,0,0,2,0,2,0,2,0,160.0,Hans-Theo Eckbauer-Dehmel,,Hans-Theo Eckbauer-Dehmel
161,2007,2010,2,2,2010,2010,2,3,3,True,False,0,3,30,0.0,2,0,2.0,0,0,2,0,2,0,1,0,161.0,Sophia Baracca-Solimena,,Sophia Baracca-Solimena
162,2004,2013,3,3,2010,2010,2,6,9,True,False,0,5,30,0.0,2,0,0.6666666666666666,0,0,3,1,4,0,3,0,162.0,Mia Carsten,,Mia Carsten
163,2010,2029,11,11,2010,2017,4,0,19,True,False,0,24,23,0.0,14,0,2.177083333333333,0,0,7,0,7,6,2,0,163.0,Regina Hesse,,Regina Hesse
170,2026,2028,2,2,,,2,,2,True,True,0,6,,0.0,1,0,4.5,0,0,2,0,2,1,3,0,170.0,Chao Yu,,Chao Yu
171,2026,2026,1,1,,,1,,0,True,True,0,3,,0.0,1,0,0.0,0,0,1,0,1,0,2,0,171.0,Chao Qiao,,Chao Qiao
172,1997,2026,9,8,2007,2026,3,10,29,True,False,0,32,14,0.0,2,0,0.2942583732057416,0,0,2,0,2,5,2,0,172.0,Lei Liao,,Lei Liao
177,2023,2023,1,1,,,1,,0,True,False,0,1,,0.0,0,0,0.0,0,0,1,0,1,1,1,0,177.0,Jie Yan,,Jie Yan
178,2020,2028,2,1,,,1,,8,True,False,0,6,,0.0,0,0,0.25,0,0,1,0,1,1,2,0,178.0,Li Mo,,Li Mo
179,2023,2023,1,1,,,1,,0,True,False,0,1,,0.0,0,0,0.0,0,0,1,0,1,1,1,0,179.0,Emily Huynh,,Emily Huynh
180,2023,2023,1,1,,,1,,0,True,False,0,1,,0.0,0,0,0.0,0,0,1,0,1,1,1,0,180.0,Gang Yang,,Gang Yang
183,2013,2013,1,1,,,1,,0,True,False,0,1,,0.0,0,0,0.0,0,0,1,0,1,1,1,0,183.0,Guiying Feng,,Guiying Feng
185,2013,2013,1,1,,,1,,0,True,False,0,1,,0.0,0,0,0.0,0,0,1,0,1,1,1,0,185.0,Lei Xue,,Lei Xue
188,2020,2020,1,1,,,1,,0,True,False,0,3,,0.0,1,0,0.0,0,0,1,0,1,1,2,0,188.0,Cecilia Scholz,,Cecilia Scholz
189,2025,2025,1,1,,,1,,0,True,True,0,0,,0.0,4,0,0.0,0,0,1,0,1,0,2,0,189.0,Alma Davids,,Alma Davids
190,2013,2025,7,7,2013,2013,4,0,12,True,False,0,8,27,0.0,6,0,0.8459214501510574,0,0,3,1,4,2,1,0,190.0,Peter Haering,,Peter Haering
193,2013,2013,1,1,,,1,,0,True,False,0,0,,0.0,0,0,0.0,0,0,1,0,1,0,2,0,193.0,Elizabeth Phillips,,Elizabeth Phillips
194,2018,2018,1,1,,,1,,0,True,False,0,0,,0.0,1,0,0.0,0,0,1,0,1,0,1,0,194.0,Ming Xiang,,Ming Xiang
197,2007,2007,1,1,,,1,,0,True,False,0,1,,0.0,4,0,0.0,0,0,1,0,1,0,3,0,197.0,Xia Ren,,Xia Ren
198,2017,2017,1,1,,,1,,0,True,False,0,2,,0.0,0,0,0.0,0,0,1,0,1,0,1,1,198.0,Wei Wu,,Wei Wu
199,2017,2017,1,1,,,1,,0,True,False,0,2,,0.0,0,0,0.0,0,0,1,0,1,0,1,1,199.0,Tao Wei,,Tao Wei
201,2017,2017,1,1,,,1,,0,True,False,0,0,,0.0,0,0,0.0,0,0,2,0,2,0,2,0,201.0,Fang Zou,,Fang Zou
202,2017,2023,2,2,,,1,,6,True,False,0,2,,0.0,1,0,0.5,0,0,3,0,3,0,2,0,202.0,Guiying Pan,,Guiying Pan
203,2017,2017,1,1,,,1,,0,True,False,0,0,,0.0,0,0,0.0,0,0,2,0,2,0,1,0,203.0,Tao Yao,,Tao Yao
204,2017,2017,1,1,,,1,,0,True,False,0,0,,0.0,0,0,0.0,0,0,2,0,2,0,1,0,204.0,Juan Sun,,Juan Sun
205,2017,2017,1,1,,,1,,0,True,False,0,0,,0.0,0,0,0.0,0,0,2,0,2,0,1,0,205.0,Jun Wei,,Jun Wei
206,2017,2017,1,1,,,1,,0,True,False,0,0,,0.0,0,0,0.0,0,0,2,0,2,0,1,0,206.0,Tao Liao,,Tao Liao
207,2014,2029,3,3,,,2,,15,True,False,0,19,,0.0,0,0,0.281767955801105,0,0,3,0,3,3,2,0,207.0,Juan Jia,,Juan Jia
211,2029,2029,1,1,2029,2029,1,0,0,True,True,0,11,11,0.0,0,0,0.0,0,0,1,0,1,4,1,0,211.0,Jing Han,,Jing Han
212,2029,2029,1,1,2029,2029,1,0,0,True,True,0,11,11,0.0,0,0,0.0,0,0,1,0,1,4,2,0,212.0,Jun Yao,,Jun Yao
214,2029,2029,1,1,2029,2029,1,0,0,True,True,0,11,11,0.0,0,0,0.0,0,0,1,0,1,4,2,0,214.0,Qiang Cai,,Qiang Cai
215,2029,2029,1,1,2029,2029,1,0,0,True,True,0,11,11,0.0,0,0,0.0,0,0,1,0,1,4,1,0,215.0,Qiang Huang,,Qiang Huang
217,1993,2029,4,4,,,3,,36,True,False,0,3,,0.0,0,0,0.21052631578947367,1,0,2,0,2,0,2,0,217.0,Honoré Foucher,,Honoré Foucher
220,1997,1997,2,2,1997,1997,2,0,0,True,False,0,0,43,0.0,2,0,0.0,0,0,1,0,1,0,1,0,220.0,Ewa Zwara, Azure Wind, Azure Wind
221,1991,1997,2,2,,,1,,6,True,False,0,0,,0.0,4,0,0.6666666666666666,0,0,1,1,2,0,2,0,221.0,Olaf Szumny,,Olaf Szumny
222,1991,2000,4,4,1997,1997,3,6,9,True,False,0,5,43,0.0,3,0,0.9761904761904762,0,0,1,1,2,2,2,0,222.0,Jakub Dziuda,,Jakub Dziuda
223,1991,2010,8,8,1997,2010,3,6,19,True,False,0,18,30,0.0,3,0,0.9761904761904762,0,0,1,1,2,6,3,0,223.0,Borys Kościk,,Borys Kościk
226,2017,2025,2,2,,,2,,8,True,False,0,3,,0.0,0,0,0.375,0,0,3,0,3,0,1,0,226.0,Ping Mo,,Ping Mo
227,2013,2013,1,1,,,1,,0,True,False,0,1,,0.0,0,0,0.0,0,0,2,0,2,0,1,0,227.0,Chao Bai,,Chao Bai
229,2013,2013,1,1,,,1,,0,True,False,0,1,,0.0,0,0,0.0,0,0,2,0,2,0,1,0,229.0,Willie Phelps,,Willie Phelps
230,2013,2013,1,1,,,1,,0,True,False,0,1,,0.0,0,0,0.0,0,0,2,0,2,0,1,0,230.0,Jing Zhong,,Jing Zhong
234,2007,2013,3,2,2010,2010,1,3,6,True,False,0,2,30,0.0,4,0,1.0,0,0,3,0,3,2,1,0,234.0,Beth Carpenter,,Beth Carpenter
235,1985,2024,7,5,1996,2024,3,11,39,True,False,0,5,16,0.0,4,0,0.36598279285241564,0,0,3,0,3,4,2,0,235.0,Shannon Gordon,,Shannon Gordon
236,2007,2028,9,8,2010,2025,6,3,21,True,False,0,16,15,0.0,5,0,1.6193570451436392,0,0,4,1,5,12,1,0,236.0,Kimberly Castillo,,Kimberly Castillo
240,2015,2015,1,1,,,1,,0,True,False,0,0,,0.0,0,0,0.0,0,0,2,0,2,0,1,0,240.0,Matthieu-Daniel Launay,,Matthieu-Daniel Launay
241,2015,2018,2,2,,,1,,3,True,False,0,1,,0.0,0,0,0.3333333333333333,0,0,2,0,2,0,1,0,241.0,Yan Jia,,Yan Jia
242,2015,2018,2,2,,,1,,3,True,False,0,1,,0.0,0,0,0.3333333333333333,0,0,2,0,2,0,1,0,242.0,Juan Cai,,Juan Cai
250,1984,2023,8,8,1994,1994,4,10,39,True,False,0,13,46,0.0,2,0,0.3519054510371442,0,0,6,0,6,0,2,0,250.0,Mareen Schacht,,Mareen Schacht
251,2007,2007,1,1,,,1,,0,True,False,0,4,,0.0,1,0,0.0,0,0,1,0,1,0,1,0,251.0,Chantal Stadelmann,,Chantal Stadelmann
252,2007,2010,2,2,,,1,,3,True,False,0,9,,0.0,1,0,1.0,0,0,2,0,2,0,2,0,252.0,Stephanie Morales,,Stephanie Morales
253,2007,2010,2,2,,,1,,3,True,False,0,9,,0.0,1,0,1.0,0,0,2,0,2,0,1,0,253.0,Amanda Nelson,,Amanda Nelson
254,2007,2010,2,2,,,1,,3,True,False,0,9,,0.0,1,0,1.0,0,0,2,0,2,0,2,0,254.0,Dörthe Dehmel,,Dörthe Dehmel
261,2029,2029,1,1,,,1,,0,True,True,0,1,,0.0,0,0,0.0,0,0,1,0,1,0,1,0,261.0,Shawn Hart,,Shawn Hart
265,2018,2018,1,1,,,1,,0,True,False,0,0,,0.0,1,0,0.0,0,0,1,0,1,0,1,0,265.0,Wei Zhang,,Wei Zhang
266,2018,2020,2,2,,,2,,2,True,False,0,2,,0.0,1,0,1.5,0,0,1,0,1,1,2,0,266.0,Ping Meng,,Ping Meng
267,2009,2020,4,4,,,3,,11,True,False,0,5,,0.0,1,0,0.7088948787061995,0,0,4,0,4,1,1,0,267.0,Walter White,,Walter White
268,2018,2020,2,2,,,2,,2,True,False,0,2,,0.0,1,0,1.5,0,0,1,0,1,1,1,0,268.0,Na Kang,,Na Kang
269,2014,2018,2,2,2014,2014,1,0,4,True,False,0,0,26,0.0,1,0,1.0,0,0,2,0,2,0,2,0,269.0,Xia Zhong,,Xia Zhong
273,2017,2023,2,2,,,2,,6,True,False,0,3,,0.0,2,0,0.5,0,0,3,0,3,1,2,2,273.0,Tao Zou,,Tao Zou
274,2013,2017,2,2,2013,2013,2,0,4,True,False,0,2,27,0.0,1,0,0.25,0,0,3,0,3,1,2,0,274.0,Li Xie,,Li Xie
276,2013,2013,1,1,2013,2013,1,0,0,True,False,0,1,27,0.0,1,0,0.0,0,0,2,0,2,0,2,0,276.0,Kendra Miller,,Kendra Miller
280,2026,2026,1,1,2026,2026,1,0,0,True,True,0,1,14,0.0,0,0,0.0,0,0,1,0,1,0,2,0,280.0,George Bailey,,George Bailey
281,2026,2026,1,1,2026,2026,1,0,0,True,True,0,1,14,0.0,0,0,0.0,0,0,1,0,1,0,1,0,281.0,William Tran,,William Tran
284,2029,2029,1,1,2029,2029,1,0,0,True,True,0,4,11,0.0,0,0,0.0,0,0,1,0,1,0,1,0,284.0,Liza Rijcken,,Liza Rijcken
287,2029,2029,1,1,2029,2029,1,0,0,True,True,0,4,11,0.0,0,0,0.0,0,0,1,0,1,0,1,0,287.0,Ryan van 't Houteveen-Luboch,,Ryan van 't Houteveen-Luboch
288,2029,2029,1,1,2029,2029,1,0,0,True,True,0,4,11,0.0,0,0,0.0,0,0,1,0,1,0,2,0,288.0,Gerlind Sager-Ortmann,,Gerlind Sager-Ortmann
289,2029,2029,1,1,2029,2029,1,0,0,True,True,0,4,11,0.0,0,0,0.0,0,0,1,0,1,0,1,0,289.0,Liam de Vrome,,Liam de Vrome
293,2016,2016,1,1,,,1,,0,True,False,0,1,,0.0,1,0,0.0,0,0,1,0,1,0,1,0,293.0,Joseph Alvarez,,Joseph Alvarez
294,2016,2016,1,1,,,1,,0,True,False,0,1,,0.0,1,0,0.0,0,0,1,0,1,0,1,0,294.0,Xiulan Huang,,Xiulan Huang
295,2016,2016,1,1,,,1,,0,True,False,0,1,,0.0,1,0,0.0,0,0,1,0,1,0,1,0,295.0,Xia Shen,,Xia Shen
296,2010,2016,3,3,,,2,,6,True,False,0,2,,0.0,1,0,1.3333333333333333,0,0,1,0,1,0,3,0,296.0,Juan Long,,Juan Long
299,2007,2013,2,2,,,2,,6,True,False,0,1,,0.0,7,0,1.0,0,0,2,0,2,0,2,0,299.0,Ingbert Hertrampf,,Ingbert Hertrampf
300,2007,2023,4,4,,,4,,16,True,False,0,5,,0.0,6,0,0.6020408163265306,0,0,2,0,2,1,3,0,300.0,Klaus-Günter Kensy,,Klaus-Günter Kensy
301,2013,2013,1,1,,,1,,0,True,False,0,1,,0.0,5,0,0.0,0,0,1,0,1,0,1,0,301.0,Robert Peters,,Robert Peters
302,2007,2027,6,6,,,4,,20,True,False,0,9,,0.0,13,0,0.8386454183266933,1,0,6,0,6,1,2,0,302.0,Cindy Lübs,,Cindy Lübs
303,2007,2027,8,8,,,5,,20,True,False,0,8,,0.0,8,0,1.25711743772242,2,0,5,1,6,0,2,0,303.0,Corinna Gute,,Corinna Gute
304,2004,2023,9,9,2004,2007,4,0,19,True,False,0,6,33,0.0,9,0,1.318785578747628,0,0,4,0,4,1,3,0,304.0,Belinda Knappe,,Belinda Knappe
305,2007,2023,8,8,2017,2017,3,10,16,True,False,0,11,23,0.0,9,0,1.301282051282051,0,0,6,0,6,1,3,0,305.0,Bekir Bruder,,Bekir Bruder
309,2014,2014,1,1,,,1,,0,True,False,0,0,,0.0,0,0,0.0,0,0,0,0,0,0,1,0,309.0,Jun Ye,,Jun Ye
313,2007,2007,1,1,,,1,,0,True,False,0,0,,0.0,2,0,0.0,0,0,1,0,1,0,1,0,313.0,Li Liao,,Li Liao
314,2007,2027,5,5,2013,2026,3,6,20,True,False,0,11,14,0.0,4,0,0.6187717265353418,0,0,3,0,3,0,2,2,314.0,Cristian Bonilla,,Cristian Bonilla
315,2007,2007,1,1,,,1,,0,True,False,0,0,,0.0,2,0,0.0,0,0,1,0,1,0,3,0,315.0,Xiuying Guo,,Xiuying Guo
316,2007,2027,4,4,2026,2026,4,19,20,True,False,0,11,14,0.0,2,0,0.39097744360902253,0,0,3,0,3,1,2,2,316.0,Lei Xue,,Lei Xue
317,2007,2022,6,6,2013,2013,3,6,15,True,False,0,8,27,0.0,2,0,0.7823343848580442,0,0,4,0,4,2,2,0,317.0,Gang Bai,,Gang Bai
322,2025,2025,1,1,,,1,,0,True,True,0,3,,0.0,0,0,0.0,0,0,1,0,1,1,1,0,322.0,Kelly Long,,Kelly Long
323,2025,2025,1,1,,,1,,0,True,True,0,3,,0.0,0,0,0.0,0,0,1,0,1,1,1,0,323.0,Janice Fuentes,,Janice Fuentes
324,2025,2025,1,1,,,1,,0,True,True,0,3,,0.0,0,0,0.0,0,0,1,0,1,1,1,0,324.0,Samantha Padilla,,Samantha Padilla
325,2025,2025,1,1,,,1,,0,True,True,0,3,,0.0,0,0,0.0,0,0,1,0,1,1,1,0,325.0,Ryan Pollard,,Ryan Pollard
326,2025,2025,1,1,,,1,,0,True,True,0,3,,0.0,0,0,0.0,0,0,1,0,1,1,1,0,326.0,Laura Davis,,Laura Davis
330,2023,2025,2,2,,,2,,2,True,False,0,3,,0.0,2,0,2.0,0,0,3,0,3,0,1,0,330.0,Kerri Weeks,,Kerri Weeks
331,2025,2025,1,1,,,1,,0,True,True,0,2,,0.0,2,0,0.0,0,0,2,0,2,0,1,0,331.0,Louis Armstrong,,Louis Armstrong
332,1986,2025,4,4,,,2,,39,True,False,0,4,,0.0,1,0,0.13383600377002827,0,0,4,0,4,0,2,0,332.0,David Hayes,,David Hayes
333,2025,2025,1,1,,,1,,0,True,True,0,2,,0.0,2,0,0.0,0,0,2,0,2,0,2,0,333.0,Lauren Foster,,Lauren Foster
334,1992,2025,4,4,2012,2012,3,20,33,True,False,0,4,28,0.0,3,0,0.28028503562945367,0,0,5,0,5,0,1,0,334.0,Christopher Lee,,Christopher Lee
341,2016,2027,2,2,2027,2027,1,11,11,True,False,0,4,13,0.0,0,0,0.0,0,0,3,0,3,1,2,0,341.0,Dierk Bohlander,,Dierk Bohlander
345,2013,2013,1,1,,,1,,0,True,False,0,1,,0.0,2,0,0.0,0,0,2,0,2,1,1,0,345.0,Laila Rosenow-Mans,,Laila Rosenow-Mans
346,2013,2013,1,1,,,1,,0,True,False,0,1,,0.0,2,0,0.0,0,0,2,0,2,1,2,0,346.0,Ulrich Klotz,,Ulrich Klotz
347,2013,2025,3,3,,,3,,12,True,False,0,2,,0.0,3,0,0.7201834862385321,0,0,2,0,2,1,1,0,347.0,Frau Marianna Wernecke,,Frau Marianna Wernecke
350,2028,2028,1,1,,,1,,0,True,True,0,2,,0.0,1,0,0.0,0,0,1,0,1,0,1,0,350.0,Michael Williamson,,Michael Williamson
351,2028,2028,1,1,,,1,,0,True,True,0,2,,0.0,1,0,0.0,0,0,1,0,1,0,1,0,351.0,Tao Tan,,Tao Tan
352,2028,2028,1,1,,,1,,0,True,True,0,2,,0.0,1,0,0.0,0,0,1,0,1,0,1,0,352.0,Guiying Fang,,Guiying Fang
353,2028,2028,1,1,,,1,,0,True,True,0,2,,0.0,1,0,0.0,0,0,1,0,1,0,2,0,353.0,Li Zheng,,Li Zheng
355,2013,2029,8,7,,,7,,16,True,False,0,17,,0.0,7,0,1.7547169811320755,0,0,5,1,6,3,2,1,355.0,Juan Yin,,Juan Yin
356,2028,2028,1,1,,,1,,0,True,True,0,2,,0.0,1,0,0.0,0,0,1,0,1,0,1,0,356.0,Ping Bai,,Ping Bai
359,2027,2027,1,1,2027,2027,1,0,0,True,True,0,4,13,0.0,0,0,0.0,0,0,2,0,2,1,1,0,359.0,Wei Mao,,Wei Mao
360,2023,2027,2,2,2027,2027,2,4,4,True,False,0,5,13,0.0,0,0,0.75,0,0,2,0,2,1,2,0,360.0,Wei Xiao,,Wei Xiao
361,2023,2027,2,2,2027,2027,2,4,4,True,False,0,5,13,0.0,0,0,0.75,0,0,2,0,2,1,1,0,361.0,Gang Chen,,Gang Chen
362,2023,2027,2,2,2027,2027,2,4,4,True,False,0,5,13,0.0,0,0,0.75,0,0,2,0,2,1,1,0,362.0,Yong Yao,,Yong Yao
366,2021,2021,1,1,,,1,,0,True,False,0,1,,0.0,0,0,0.0,0,0,1,0,1,1,2,0,366.0,Juan Meng,,Juan Meng
367,2021,2021,1,1,,,1,,0,True,False,0,1,,0.0,0,0,0.0,0,0,1,0,1,1,1,0,367.0,Tao Yan,,Tao Yan
368,2027,2027,1,1,,,1,,0,True,True,0,5,,0.0,0,0,0.0,0,0,1,0,1,1,1,0,368.0,Juan Zhu,,Juan Zhu
369,2021,2027,2,2,,,2,,6,True,False,0,6,,0.0,0,0,0.16666666666666666,0,0,1,0,1,2,1,0,369.0,Ping Liang,,Ping Liang
372,2017,2029,3,3,,,2,,12,True,False,0,6,,0.0,1,0,0.3333333333333333,0,0,1,0,1,0,1,4,372.0,Tao Cui, FL∆ME, FL∆ME
373,2017,2017,1,1,,,1,,0,True,False,0,0,,0.0,1,0,0.0,0,0,1,0,1,0,1,0,373.0,Na Hu,,Na Hu
374,2017,2017,1,1,,,1,,0,True,False,0,0,,0.0,1,0,0.0,0,0,1,0,1,0,1,0,374.0,Tao Qin,,Tao Qin
377,2030,2030,1,1,,,1,,0,True,True,1,1,,0.0,0,0,0.0,0,0,1,0,1,0,2,0,377.0,Hildegund Wilmsen,,Hildegund Wilmsen
378,2013,2030,2,2,,,2,,17,True,False,1,2,,0.0,0,0,0.17647058823529413,0,0,1,0,1,0,1,0,378.0,Rosalie Hettner-Warmer,,Rosalie Hettner-Warmer
379,2030,2030,1,1,,,1,,0,True,True,1,1,,0.0,0,0,0.0,0,0,1,0,1,0,2,0,379.0,Jutta Matthäi,,Jutta Matthäi
380,2013,2030,2,2,,,2,,17,True,False,1,2,,0.0,0,0,0.17647058823529413,0,0,1,0,1,0,1,0,380.0,Hanne-Lore Scholl-Heser,,Hanne-Lore Scholl-Heser
383,2027,2027,1,1,,,1,,0,True,True,0,0,,0.0,0,0,0.0,0,0,1,0,1,0,1,0,383.0,Mackenzie Compton,Arcana,Arcana
384,2027,2027,1,1,,,1,,0,True,True,0,0,,0.0,0,0,0.0,0,0,1,0,1,0,1,0,384.0,Hannah Wilkinson,Leo Sinclair,Leo Sinclair
385,2027,2027,1,1,,,1,,0,True,True,0,0,,0.0,0,0,0.0,0,0,1,0,1,0,1,0,385.0,Cynthia Nash,,Cynthia Nash
386,2027,2027,1,1,,,1,,0,True,True,0,0,,0.0,0,0,0.0,0,0,1,0,1,0,1,0,386.0,Sharon Holland,,Sharon Holland
388,2022,2027,2,2,,,1,,5,True,False,0,4,,0.0,0,0,0.8,0,0,3,0,3,1,1,1,388.0,Jun Song,,Jun Song
392,2030,2030,1,1,,,1,,0,True,True,1,2,,0.0,0,0,0.0,0,0,1,0,1,0,1,0,392.0,Jing Yang,,Jing Yang
396,2022,2022,1,1,,,1,,0,True,False,0,2,,0.0,1,0,0.0,0,0,2,0,2,0,1,0,396.0,Min Chang,,Min Chang
397,2006,2022,3,3,2006,2006,2,0,16,True,False,0,2,34,0.0,0,0,0.37500000000000006,0,0,2,0,2,0,1,0,397.0,Qiang Meng,,Qiang Meng
398,2022,2022,1,1,,,1,,0,True,False,0,2,,0.0,1,0,0.0,0,0,2,0,2,0,1,0,398.0,Xia Chen,,Xia Chen
403,2011,2011,1,1,,,1,,0,True,False,0,2,,0.0,1,0,0.0,0,0,1,0,1,0,3,0,403.0,Dunja Reinhardt,,Dunja Reinhardt
404,2020,2020,1,1,,,1,,0,True,False,0,0,,0.0,4,0,0.0,0,0,1,0,1,0,2,0,404.0,Eckehard Wagner,,Eckehard Wagner
405,2007,2029,16,15,2020,2023,3,13,22,True,False,0,20,17,0.0,4,0,1.6062500000000002,0,0,6,0,6,2,3,0,405.0,Leyla Graf-Gotthard,,Leyla Graf-Gotthard
408,2017,2017,1,1,,,1,,0,True,False,0,1,,0.0,0,0,0.0,0,0,1,0,1,0,2,0,408.0,Barbara Russell,,Barbara Russell
410,2008,2008,1,1,,,1,,0,True,False,0,0,,0.0,0,0,0.0,0,0,1,0,1,0,2,0,410.0,Destiny Norman,,Destiny Norman
414,2013,2013,1,1,,,1,,0,True,False,0,6,,0.0,0,0,0.0,0,0,1,0,1,0,2,0,414.0,Jimmy Brown,,Jimmy Brown
415,1987,2004,2,2,,,1,,17,True,False,0,6,,0.0,2,0,0.058823529411764705,0,0,1,0,1,1,2,0,415.0,Denise Bell,,Denise Bell
421,1994,1994,1,1,,,1,,0,True,False,0,0,,0.0,0,0,0.0,0,0,1,0,1,0,1,0,421.0,Deanna Johnson,,Deanna Johnson
424,1992,2000,2,2,,,2,,8,True,False,0,1,,0.0,1,0,0.0,0,0,3,0,3,0,2,0,424.0,Sherry Russell,,Sherry Russell
425,1987,2003,3,3,,,2,,16,True,False,0,5,,0.0,0,0,0.3333333333333333,0,0,3,0,3,0,3,0,425.0,Hazel Kara,,Hazel Kara
426,2000,2000,1,1,,,1,,0,True,False,0,1,,0.0,1,0,0.0,0,0,1,0,1,0,1,0,426.0,Juan Hu,,Juan Hu
427,2000,2000,1,1,,,1,,0,True,False,0,1,,0.0,1,0,0.0,0,0,1,0,1,0,2,0,427.0,Tammy Mcdonald,,Tammy Mcdonald
432,2000,2000,1,1,,,1,,0,True,False,0,0,,0.0,0,0,0.0,0,0,1,0,1,0,1,0,432.0,Lei Zhou,,Lei Zhou
433,2000,2021,2,2,,,2,,21,True,False,0,1,,0.0,1,0,0.047619047619047616,0,0,1,0,1,0,1,0,433.0,Ping Chen,,Ping Chen
434,2013,2013,1,1,,,1,,0,True,False,0,1,,0.0,1,0,0.0,0,0,1,0,1,0,2,0,434.0,Juan Gao,,Juan Gao
435,2015,2023,2,2,,,2,,8,True,False,0,0,,0.0,3,0,0.625,0,0,2,0,2,0,2,0,435.0,Juan Xu,,Juan Xu
436,2000,2000,1,1,,,1,,0,True,False,0,0,,0.0,0,0,0.0,0,0,1,0,1,0,2,0,436.0,Deborah Rogers,,Deborah Rogers
439,2010,2010,1,1,2010,2010,1,0,0,True,False,0,0,30,0.0,2,0,0.0,0,0,1,0,1,0,1,0,439.0,Fang Zou,,Fang Zou
440,2010,2019,5,5,2010,2010,4,0,9,True,False,0,8,30,0.0,3,0,0.6712328767123289,0,0,1,1,2,4,1,0,440.0,Gang Cui,,Gang Cui
441,2010,2019,4,4,2010,2010,4,0,9,True,False,0,8,30,0.0,3,0,0.6712328767123289,0,0,1,1,2,4,3,0,441.0,Alisha Fuller,,Alisha Fuller
442,2010,2019,2,2,2010,2010,2,0,9,True,False,0,1,30,0.0,3,0,0.3333333333333333,0,0,1,1,2,1,2,0,442.0,John Ferguson,,John Ferguson
443,2010,2019,5,5,2010,2010,4,0,9,True,False,0,8,30,0.0,3,0,0.6712328767123289,0,0,1,1,2,4,2,0,443.0,Guiying Qin,,Guiying Qin
446,2017,2017,1,1,,,1,,0,True,False,0,1,,0.0,0,0,0.0,0,0,1,0,1,0,2,0,446.0,Joseph Vargas,,Joseph Vargas
450,2003,2015,2,2,,,2,,12,True,False,0,1,,0.0,2,0,0.08333333333333333,0,0,1,0,1,0,3,0,450.0,Jun Cao,,Jun Cao
451,2003,2021,3,3,,,3,,18,True,False,0,4,,0.0,1,0,0.1111111111111111,0,0,2,0,2,0,2,0,451.0,Gang Lei,,Gang Lei
455,1998,2003,5,5,2000,2003,3,2,5,True,False,0,8,37,0.0,3,0,1.4230769230769231,0,0,6,1,7,2,2,0,455.0,Yang Peng,,Yang Peng
456,1997,1998,2,2,,,1,,1,True,False,0,0,,0.0,2,0,3.0,0,0,4,1,5,0,2,0,456.0,Yan Tang,,Yan Tang
457,1998,2021,6,6,2000,2003,3,2,23,True,False,0,6,37,0.0,6,0,1.4230769230769231,0,0,7,0,7,1,2,0,457.0,Min Cao,,Min Cao
462,2027,2027,1,1,,,1,,0,True,True,0,2,,0.0,0,0,0.0,0,0,1,0,1,0,2,0,462.0,Marie-Louise Wesack,,Marie-Louise Wesack
465,2027,2027,1,1,,,1,,0,True,True,0,2,,0.0,0,0,0.0,0,0,1,0,1,0,1,0,465.0,Ildiko Wesack,,Ildiko Wesack
468,2020,2020,1,1,,,1,,0,True,False,0,2,,0.0,0,0,0.0,0,0,1,0,1,0,1,0,468.0,Tao Dong, Thunder Child, Thunder Child
469,2020,2020,1,1,,,1,,0,True,False,0,2,,0.0,0,0,0.0,0,0,1,0,1,0,1,0,469.0,Jing Yang,,Jing Yang
471,2020,2020,1,1,,,1,,0,True,False,0,2,,0.0,0,0,0.0,0,0,1,0,1,0,1,0,471.0,Juan Xiong,,Juan Xiong
475,2027,2027,1,1,2027,2027,1,0,0,True,True,0,3,13,0.0,0,0,0.0,0,0,1,0,1,0,1,0,475.0,Qiang Lai,,Qiang Lai
476,2027,2027,1,1,2027,2027,1,0,0,True,True,0,3,13,0.0,0,0,0.0,0,0,1,0,1,0,1,0,476.0,Xiuying Yuan,,Xiuying Yuan
480,2013,2018,2,2,,,1,,5,True,False,0,5,,0.0,0,0,0.0,0,0,1,0,1,0,2,0,480.0,Jun Wan,,Jun Wan
483,2003,2004,2,2,,,1,,1,True,False,0,2,,0.0,0,0,1.0,0,0,1,0,1,2,2,0,483.0,Wei Su,,Wei Su
484,2004,2004,1,1,,,1,,0,True,False,0,1,,0.0,0,0,0.0,0,0,1,0,1,1,1,0,484.0,Min Zhou,,Min Zhou
487,1998,2007,2,2,,,1,,9,True,False,0,1,,0.0,0,0,0.0,0,0,2,0,2,0,3,0,487.0,Andrew Lang,,Andrew Lang
492,2029,2029,1,1,,,1,,0,True,True,0,2,,0.0,0,0,0.0,0,0,1,0,1,0,1,0,492.0,Yang Pan,,Yang Pan
493,2029,2029,1,1,,,1,,0,True,True,0,2,,0.0,0,0,0.0,0,0,1,0,1,0,1,0,493.0,Chao Shen,,Chao Shen
495,2024,2029,2,2,,,1,,5,True,False,0,5,,0.0,0,0,0.4,0,0,1,0,1,1,2,0,495.0,Qiang Wu,,Qiang Wu
498,2000,2000,1,1,,,1,,0,True,False,0,1,,0.0,0,0,0.0,0,0,1,0,1,0,1,0,498.0,Joshua Brewer,,Joshua Brewer
499,2000,2000,1,1,,,1,,0,True,False,0,1,,0.0,0,0,0.0,0,0,1,0,1,0,1,0,499.0,Wei Li,,Wei Li
500,2000,2000,1,1,,,1,,0,True,False,0,1,,0.0,0,0,0.0,0,0,1,0,1,0,1,0,500.0,Chao Jin,,Chao Jin
501,2000,2000,1,1,,,1,,0,True,False,0,1,,0.0,0,0,0.0,0,0,1,0,1,0,1,0,501.0,Wei Meng,,Wei Meng
505,2028,2028,1,1,,,1,,0,True,True,0,2,,0.0,0,0,0.0,0,0,1,0,1,0,1,0,505.0,Juan Shi, Storm, Storm
506,2028,2028,1,1,,,1,,0,True,True,0,2,,0.0,0,0,0.0,0,0,1,0,1,0,2,0,506.0,Erin Mitchell,,Erin Mitchell
508,2028,2028,2,2,2028,2028,1,0,0,True,True,0,6,12,0.0,0,0,0.0,0,0,2,0,2,2,1,0,508.0,Tao He,,Tao He
511,2028,2028,2,2,,,1,,0,True,True,0,2,,0.0,0,0,0.0,0,0,2,0,2,1,2,0,511.0,Mateusz Mikoda,,Mateusz Mikoda
512,2028,2028,1,1,,,1,,0,True,True,0,1,,0.0,0,0,0.0,0,0,2,0,2,1,1,0,512.0,Aniela Wszoła,,Aniela Wszoła
513,2028,2028,1,1,,,1,,0,True,True,0,1,,0.0,0,0,0.0,0,0,2,0,2,1,2,0,513.0,Tobiasz Haponiuk,,Tobiasz Haponiuk
517,2023,2023,1,1,,,1,,0,True,False,0,1,,0.0,0,0,0.0,0,0,1,0,1,0,1,0,517.0,Chiyo Nakajima,,Chiyo Nakajima
521,1991,1991,1,1,,,1,,0,True,False,0,0,,0.0,0,0,0.0,0,0,1,0,1,0,2,0,521.0,Nisa van de Biezenbos,,Nisa van de Biezenbos
522,1991,1991,1,1,,,1,,0,True,False,0,0,,0.0,0,0,0.0,0,0,1,0,1,0,1,0,522.0,Yara Robbrechts Bruijne,,Yara Robbrechts Bruijne
523,1991,1991,1,1,,,1,,0,True,False,0,0,,0.0,0,0,0.0,0,0,1,0,1,0,1,0,523.0,Sophie Broeckx,,Sophie Broeckx
526,2007,2026,2,2,,,2,,19,True,False,0,3,,0.0,1,0,0.05263157894736842,0,0,2,0,2,0,2,0,526.0,Yumiko Ito,,Yumiko Ito
528,2007,2007,1,1,,,1,,0,True,False,0,0,,0.0,1,0,0.0,0,0,2,0,2,0,1,0,528.0,Tomoya Shimizu,,Tomoya Shimizu
529,2007,2029,3,3,2029,2029,2,22,22,True,False,0,4,11,0.0,0,0,0.05263157894736842,0,0,2,0,2,0,2,0,529.0,Mai Sato,,Mai Sato
535,2023,2023,1,1,,,1,,0,True,False,0,1,,0.0,1,0,0.0,0,0,2,0,2,0,2,0,535.0,Guiying Pan,,Guiying Pan
536,2023,2023,1,1,,,1,,0,True,False,0,1,,0.0,1,0,0.0,0,0,2,0,2,0,1,0,536.0,Juan Zeng,,Juan Zeng
537,2023,2023,1,1,,,1,,0,True,False,0,1,,0.0,1,0,0.0,0,0,2,0,2,0,1,0,537.0,Jie Yao,,Jie Yao
540,1990,2026,4,4,2007,2007,2,17,36,True,False,0,5,33,0.0,3,0,0.27316293929712465,0,0,5,0,5,2,2,0,540.0,Rei Ito,,Rei Ito
544,2020,2020,1,1,,,1,,0,True,False,0,0,,0.0,4,0,0.0,0,0,1,0,1,0,1,0,544.0,Gisa Hettner-Adler,,Gisa Hettner-Adler
545,2010,2023,4,3,,,1,,13,True,False,0,3,,0.0,3,0,0.7841726618705035,0,0,3,0,3,1,1,0,545.0,Herr Heinz-Walter Scheuermann,,Herr Heinz-Walter Scheuermann
546,2010,2023,4,3,,,1,,13,True,False,0,3,,0.0,3,0,0.7841726618705035,0,0,3,0,3,1,2,0,546.0,Emmy Bonbach,,Emmy Bonbach
547,2004,2023,3,3,,,2,,19,True,False,0,1,,0.0,5,0,0.4760383386581471,0,0,3,0,3,0,2,0,547.0,Hilmar Hänel,,Hilmar Hänel
551,1987,2027,20,20,2010,2011,4,23,40,True,False,0,47,29,0.0,1,0,0.18706118355065193,0,0,5,0,5,11,3,0,551.0,Szymon Pyć,,Szymon Pyć
555,2013,2013,1,1,,,1,,0,True,False,0,0,,0.0,0,0,0.0,0,0,1,0,1,0,2,0,555.0,Justin Morse,,Justin Morse
559,2023,2027,2,2,,,2,,4,True,False,0,3,,0.0,3,0,0.75,0,0,1,1,2,0,1,0,559.0,Christine Bonnin-Morel,,Christine Bonnin-Morel
560,2017,2017,1,1,,,1,,0,True,False,0,0,,0.0,3,0,0.0,0,0,1,1,2,0,2,0,560.0,Charlotte Lefèvre,,Charlotte Lefèvre
561,2017,2027,3,3,,,2,,10,True,False,0,3,,0.0,2,0,0.5921052631578947,0,0,1,1,2,0,1,0,561.0,Rémy Denis de Duhamel,,Rémy Denis de Duhamel
562,2017,2027,3,3,,,2,,10,True,False,0,3,,0.0,2,0,0.5921052631578947,0,0,1,1,2,0,1,0,562.0,Antoine Perrot-Léger,,Antoine Perrot-Léger
564,2023,2028,3,3,,,2,,5,True,False,0,12,,0.0,2,0,1.1842105263157894,0,0,2,1,3,1,1,0,564.0,Yan Su,,Yan Su
565,2027,2028,2,2,,,2,,1,True,True,0,9,,0.0,3,0,3.0,0,0,2,0,2,2,2,0,565.0,Wei Mo,,Wei Mo
566,2022,2028,5,5,,,4,,6,True,False,0,13,,0.0,2,0,1.8706896551724141,0,0,2,1,3,1,2,0,566.0,Tao Yang,,Tao Yang
567,2023,2028,3,3,,,2,,5,True,False,0,12,,0.0,2,0,1.1842105263157894,0,0,2,1,3,1,2,0,567.0,Juan Yan,,Juan Yan
570,2020,2020,1,1,,,1,,0,True,False,0,1,,0.0,0,0,0.0,0,0,1,0,1,0,2,0,570.0,Lei Ma,,Lei Ma
571,2020,2025,3,3,2024,2024,3,4,5,True,False,0,4,16,0.0,0,0,1.5714285714285716,0,0,2,0,2,0,2,0,571.0,Erin Fox,,Erin Fox
572,2025,2025,1,1,,,1,,0,True,True,0,1,,0.0,1,0,0.0,0,0,1,0,1,0,2,0,572.0,Scott Nichols,,Scott Nichols
573,2020,2025,2,2,,,1,,5,True,False,0,2,,0.0,1,0,0.4,0,0,1,0,1,0,1,0,573.0,Jie Zheng,,Jie Zheng
578,2027,2027,1,1,,,1,,0,True,True,0,5,,0.0,0,0,0.0,0,0,1,0,1,0,1,3,578.0,Wei Gao,,Wei Gao
579,2027,2027,1,1,,,1,,0,True,True,0,5,,0.0,0,0,0.0,0,0,1,0,1,0,1,3,579.0,Lei Fu,,Lei Fu
582,1997,1997,1,1,,,1,,0,True,False,0,1,,0.0,0,0,0.0,0,0,1,0,1,0,2,0,582.0,Sophia Dippel,,Sophia Dippel
583,1997,2004,2,2,,,1,,7,True,False,0,3,,0.0,0,0,0.0,0,0,1,0,1,0,2,0,583.0,Concetta Klotz,,Concetta Klotz
586,2024,2024,1,1,,,1,,0,True,False,0,0,,0.0,0,0,0.0,0,0,1,0,1,0,1,0,586.0,John Barnes,,John Barnes
587,2024,2024,1,1,,,1,,0,True,False,0,0,,0.0,0,0,0.0,0,0,1,0,1,0,1,0,587.0,Kelly Cummings,,Kelly Cummings
588,2024,2024,1,1,,,1,,0,True,False,0,0,,0.0,0,0,0.0,0,0,1,0,1,0,1,0,588.0,Min Yan,,Min Yan
591,2029,2029,1,1,,,1,,0,True,True,0,4,,0.0,1,0,0.0,0,0,1,0,1,1,2,0,591.0,Jun Cui,,Jun Cui
592,2013,2029,5,5,,,3,,16,True,False,0,15,,0.0,3,0,0.8542713567839197,0,0,5,0,5,2,2,0,592.0,Xiulan Shen,,Xiulan Shen
593,2019,2025,3,3,,,2,,6,True,False,0,10,,0.0,3,0,1.5,0,0,5,0,5,2,2,1,593.0,Li Lei,,Li Lei
594,2022,2029,5,5,,,3,,7,True,False,0,11,,0.0,5,0,1.9462365591397843,0,0,2,0,2,2,1,0,594.0,Na Fan,,Na Fan
595,2026,2026,1,1,,,1,,0,True,True,0,3,,0.0,2,0,0.0,0,0,1,0,1,0,2,0,595.0,Chao Zou,,Chao Zou
598,2018,2025,2,2,,,2,,7,True,False,0,0,,0.0,0,0,0.0,0,0,1,0,1,0,2,0,598.0,Kayla Campbell,,Kayla Campbell
602,2028,2028,1,1,,,1,,0,True,True,0,4,,0.0,0,0,0.0,0,0,2,0,2,0,1,0,602.0,Jason Roberts,,Jason Roberts
603,2028,2028,1,1,,,1,,0,True,True,0,4,,0.0,0,0,0.0,0,0,2,0,2,0,1,0,603.0,Gary Wallace,,Gary Wallace
604,2028,2028,1,1,,,1,,0,True,True,0,4,,0.0,0,0,0.0,0,0,2,0,2,0,1,0,604.0,Linda Ward,,Linda Ward
605,2028,2028,1,1,,,1,,0,True,True,0,4,,0.0,0,0,0.0,0,0,2,0,2,0,1,0,605.0,Lindsay Marsh,,Lindsay Marsh
606,2028,2028,1,1,,,1,,0,True,True,0,4,,0.0,0,0,0.0,0,0,2,0,2,0,1,0,606.0,Isabella Cook,,Isabella Cook
607,2028,2028,1,1,,,1,,0,True,True,0,4,,0.0,0,0,0.0,0,0,2,0,2,0,1,0,607.0,Shannon Romero,,Shannon Romero
612,2004,2014,3,3,2013,2013,2,9,10,True,False,0,3,27,0.0,3,0,0.6153846153846155,1,0,2,0,2,1,1,0,612.0,Elizabeth Saunders,,Elizabeth Saunders
613,2014,2014,1,1,,,1,,0,True,False,0,3,,0.0,3,0,0.0,0,0,1,0,1,1,1,0,613.0,Jonathan Snyder,,Jonathan Snyder
614,2010,2014,3,3,2013,2013,2,3,4,True,False,0,4,27,0.0,3,0,1.769230769230769,1,0,3,0,3,1,1,0,614.0,Xiulan He,,Xiulan He
615,2010,2014,2,2,,,1,,4,True,False,0,4,,0.0,3,0,1.25,0,0,3,0,3,1,1,0,615.0,Shawn Wilson,,Shawn Wilson
617,1994,2029,11,10,2016,2029,3,22,35,True,False,0,17,11,0.0,9,0,1.133344348975545,0,0,9,0,9,2,3,0,617.0,Tao Yang,,Tao Yang
622,2020,2026,3,2,,,3,,6,True,False,0,7,,0.0,2,0,0.5,0,0,2,0,2,1,2,0,622.0,Andrew Snyder,,Andrew Snyder
626,2023,2023,1,1,,,1,,0,True,False,0,3,,0.0,1,0,0.0,0,0,2,0,2,1,2,0,626.0,Kornel Troka,,Kornel Troka
627,2010,2028,3,2,,,1,,18,True,False,0,9,,0.0,1,0,0.2972972972972973,0,0,2,0,2,1,3,0,627.0,Liwia Olbrych,,Liwia Olbrych
628,2010,2029,4,3,,,1,,19,True,False,0,16,,0.0,1,0,0.4039301310043668,0,0,3,0,3,2,2,0,628.0,Nicole Sudak,,Nicole Sudak
629,2028,2028,1,1,,,1,,0,True,True,0,5,,0.0,1,0,0.0,0,0,1,0,1,0,2,0,629.0,Marcelina Ogłaza,,Marcelina Ogłaza
633,1985,2029,6,6,,,3,,44,True,False,0,18,,0.0,1,0,0.1210347432024169,0,0,1,1,2,3,2,0,633.0,Guiying Shi,,Guiying Shi
634,2018,2018,1,1,,,1,,0,True,False,0,4,,0.0,1,0,0.0,0,0,1,1,2,1,3,0,634.0,Jie Hu,,Jie Hu
639,1999,2013,2,2,2013,2013,2,14,14,True,False,0,0,27,0.0,0,0,0.0,0,0,2,0,2,0,2,0,639.0,Ming Yan,,Ming Yan
643,2010,2010,1,1,,,1,,0,True,False,0,1,,0.0,3,0,0.0,0,0,1,0,1,0,2,0,643.0,Min Chang,,Min Chang
644,2010,2017,2,2,,,2,,7,True,False,0,1,,0.0,3,0,0.42857142857142855,0,0,2,0,2,0,2,0,644.0,Qiang Shi,,Qiang Shi
646,2010,2010,1,1,,,1,,0,True,False,0,1,,0.0,3,0,0.0,0,0,1,0,1,0,1,0,646.0,Hans-H. Jacobi Jäckel,,Hans-H. Jacobi Jäckel
647,2010,2028,3,3,2023,2028,3,13,18,True,False,0,4,12,0.0,2,0,0.2528957528957529,0,0,3,0,3,0,1,0,647.0,Jie Gu,,Jie Gu
648,2010,2028,3,3,,,3,,18,True,False,0,6,,0.0,3,0,0.1935483870967742,0,0,3,0,3,1,1,0,648.0,Jie Zheng,,Jie Zheng
649,2010,2027,3,3,,,2,,17,True,False,0,6,,0.0,3,0,0.47235023041474666,0,0,4,0,4,1,3,0,649.0,Na Pan,,Na Pan
654,2023,2030,3,3,2023,2023,2,0,7,True,False,1,2,17,0.0,3,0,1.0116279069767442,0,0,2,0,2,1,1,0,654.0,Guiying Zhou,,Guiying Zhou
655,2023,2024,2,2,2023,2023,1,0,1,True,False,0,1,17,0.0,4,0,6.0,0,0,2,0,2,0,1,0,655.0,Lei Fan,,Lei Fan
656,2013,2024,3,3,2013,2023,2,0,11,True,False,0,2,17,0.0,3,0,0.7972972972972973,0,0,4,0,4,0,2,0,656.0,Yang Cui,,Yang Cui
657,2015,2024,3,3,2023,2023,2,8,9,True,False,0,2,17,0.0,4,0,0.9931506849315068,0,0,3,0,3,0,1,0,657.0,Min Liao,,Min Liao
658,2021,2023,2,2,2023,2023,2,2,2,True,False,0,0,17,0.0,3,0,2.5,0,0,4,0,4,0,2,0,658.0,Min Xie,,Min Xie
659,2023,2023,1,1,2023,2023,1,0,0,True,False,0,0,17,0.0,3,0,0.0,0,0,2,0,2,0,1,0,659.0,Li Mo,,Li Mo
660,2030,2030,1,1,,,1,,0,True,True,1,1,,0.0,1,0,0.0,0,0,1,0,1,1,2,0,660.0,Xiuying Mao,,Xiuying Mao
663,2028,2028,1,1,,,1,,0,True,True,0,1,,0.0,0,0,0.0,0,0,2,0,2,0,2,1,663.0,Ping He,,Ping He
664,2028,2028,1,1,,,1,,0,True,True,0,1,,0.0,0,0,0.0,0,0,2,0,2,0,1,1,664.0,Ping Xie,,Ping Xie
665,2028,2028,1,1,,,1,,0,True,True,0,1,,0.0,0,0,0.0,0,0,2,0,2,0,1,1,665.0,Mary Harris,,Mary Harris
666,2028,2028,1,1,,,1,,0,True,True,0,1,,0.0,0,0,0.0,0,0,2,0,2,0,1,1,666.0,Tanya Webb,,Tanya Webb
667,2028,2028,1,1,,,1,,0,True,True,0,1,,0.0,0,0,0.0,0,0,2,0,2,0,2,1,667.0,Ping Wei,,Ping Wei
668,2028,2028,1,1,,,1,,0,True,True,0,1,,0.0,0,0,0.0,0,0,2,0,2,0,1,1,668.0,Xia Ye,,Xia Ye
674,2018,2023,2,2,,,2,,5,True,False,0,5,,0.0,5,0,1.0,0,0,2,0,2,1,1,0,674.0,Anna Shaw,,Anna Shaw
675,2023,2023,1,1,,,1,,0,True,False,0,1,,0.0,2,0,0.0,0,0,1,0,1,0,1,0,675.0,Jake Marchal,,Jake Marchal
676,2013,2024,3,3,,,3,,11,True,False,0,11,,0.0,5,0,1.0824175824175826,0,0,3,1,4,2,2,1,676.0,Brandon Bartlett,,Brandon Bartlett
677,2018,2018,1,1,,,1,,0,True,False,0,4,,0.0,5,0,0.0,0,0,2,0,2,1,2,0,677.0,Kristin Miranda,,Kristin Miranda
678,2011,2018,4,4,,,4,,7,True,False,0,4,,0.0,5,0,1.7692307692307692,0,0,3,1,4,1,1,0,678.0,Nathan Bryant,,Nathan Bryant
679,2017,2023,2,2,,,1,,6,True,False,0,1,,0.0,2,0,0.8333333333333334,0,0,2,0,2,0,2,0,679.0,James Reyes,,James Reyes
680,2012,2023,2,2,,,2,,11,True,False,0,2,,0.0,2,0,0.0,0,0,2,0,2,0,1,0,680.0,Todd Maldonado,,Todd Maldonado
684,2025,2025,1,1,2025,2025,1,0,0,True,True,0,4,15,0.0,0,0,0.0,0,0,1,0,1,0,1,0,684.0,Gang Zhao,,Gang Zhao
685,2024,2025,2,2,2025,2025,2,1,1,True,False,0,5,15,0.0,0,0,2.0,0,0,2,0,2,0,1,0,685.0,Fang Wu,,Fang Wu
686,2018,2018,1,1,,,1,,0,True,False,0,2,,0.0,0,0,0.0,0,0,1,0,1,0,3,0,686.0,Yang Zheng,,Yang Zheng
687,2025,2025,1,1,2025,2025,1,0,0,True,True,0,4,15,0.0,0,0,0.0,0,0,1,0,1,0,2,0,687.0,Gang Chen,,Gang Chen
691,1994,2000,2,2,,,2,,6,True,False,0,1,,0.0,0,0,0.0,0,0,1,0,1,0,2,0,691.0,Blake Rodriguez,,Blake Rodriguez
692,1994,1994,1,1,,,1,,0,True,False,0,0,,0.0,0,0,0.0,0,0,1,0,1,0,2,0,692.0,Carrie Martin,,Carrie Martin
696,2020,2025,2,2,2025,2025,2,5,5,True,False,0,5,15,0.0,2,0,0.4,0,0,2,0,2,0,2,0,696.0,Fang Chen,,Fang Chen
697,2004,2029,12,11,2007,2012,4,3,25,True,False,0,43,28,0.0,5,0,0.2045191193511008,0,0,6,0,6,2,2,0,697.0,Yong Zheng,,Yong Zheng
700,2023,2023,1,1,,,1,,0,True,False,0,0,,0.0,1,0,0.0,0,0,1,0,1,0,1,0,700.0,Michelle Shepard,,Michelle Shepard
702,2023,2026,5,5,,,4,,3,True,False,0,5,,0.0,0,0,1.5714285714285718,0,0,2,0,2,0,3,0,702.0,Noah Overeem,,Noah Overeem
703,2020,2024,3,2,,,2,,4,True,False,0,1,,0.0,1,0,3.0,0,0,2,0,2,0,2,0,703.0,Makayla Stone,,Makayla Stone
706,2020,2020,1,1,,,1,,0,True,False,0,4,,0.0,1,0,0.0,0,0,2,0,2,0,1,0,706.0,Karl-Josef Reinhardt,,Karl-Josef Reinhardt
707,1992,2020,3,3,,,2,,28,True,False,0,4,,0.0,1,0,0.16346153846153846,0,0,3,0,3,0,3,0,707.0,Kelsey Campbell,,Kelsey Campbell
708,2018,2019,2,2,,,2,,1,True,False,0,1,,0.0,0,0,0.0,0,0,2,0,2,0,2,0,708.0,Karin Dippel,,Karin Dippel
709,2019,2020,2,2,,,2,,1,True,False,0,5,,0.0,1,0,2.0,0,0,2,0,2,0,1,0,709.0,Ida Lachmann,,Ida Lachmann
714,2026,2027,2,2,,,1,,1,True,True,0,5,,0.0,0,0,3.0,0,0,1,0,1,0,1,0,714.0,Jie Cai, Lotus Grey, Lotus Grey
715,2026,2026,1,1,,,1,,0,True,True,0,2,,0.0,0,0,0.0,0,0,1,0,1,0,2,0,715.0,Li Wei,,Li Wei
716,2026,2027,2,2,,,1,,1,True,True,0,5,,0.0,0,0,3.0,0,0,1,0,1,0,2,0,716.0,Charlene Lopez,,Charlene Lopez
717,2026,2027,2,2,,,1,,1,True,True,0,5,,0.0,0,0,3.0,0,0,1,0,1,0,1,0,717.0,Ping Lin,,Ping Lin
718,2026,2027,2,2,,,1,,1,True,True,0,5,,0.0,0,0,3.0,0,0,1,0,1,0,1,0,718.0,Lei Gu,,Lei Gu
721,2023,2023,1,1,2023,2023,1,0,0,True,False,0,1,17,0.0,0,0,0.0,0,0,2,0,2,0,1,1,721.0,Ryan Devan,,Ryan Devan
723,2023,2023,1,1,2023,2023,1,0,0,True,False,0,1,17,0.0,0,0,0.0,0,0,2,0,2,0,1,1,723.0,Tiya Sani,,Tiya Sani
724,2023,2023,1,1,2023,2023,1,0,0,True,False,0,1,17,0.0,0,0,0.0,0,0,2,0,2,0,2,1,724.0,Tara Kota,,Tara Kota
726,2023,2023,1,1,2023,2023,1,0,0,True,False,0,1,17,0.0,0,0,0.0,0,0,2,0,2,0,1,1,726.0,Kimaya Srinivasan,,Kimaya Srinivasan
732,1994,1994,1,1,,,1,,0,True,False,0,1,,0.0,0,0,0.0,0,0,2,0,2,0,3,0,732.0,Krista Wallace,,Krista Wallace
733,1997,1997,1,1,1997,1997,1,0,0,True,False,0,1,43,0.0,0,0,0.0,0,0,1,0,1,0,2,0,733.0,Denise Knight,,Denise Knight
738,2026,2026,1,1,,,1,,0,True,True,0,1,,0.0,0,0,0.0,0,0,2,0,2,0,2,0,738.0,Yong Du,,Yong Du
739,2026,2026,1,1,,,1,,0,True,True,0,1,,0.0,0,0,0.0,0,0,2,0,2,0,2,0,739.0,Lei Qiao,,Lei Qiao
740,2026,2026,1,1,,,1,,0,True,True,0,1,,0.0,0,0,0.0,0,0,2,0,2,0,1,0,740.0,Xiulan Ye,,Xiulan Ye
741,2026,2026,1,1,,,1,,0,True,True,0,1,,0.0,0,0,0.0,0,0,2,0,2,0,2,0,741.0,Jun Du,,Jun Du
742,2026,2026,1,1,,,1,,0,True,True,0,1,,0.0,0,0,0.0,0,0,2,0,2,0,1,0,742.0,Erin Kim,,Erin Kim
748,2027,2027,1,1,,,1,,0,True,True,0,2,,0.0,0,0,0.0,0,0,2,0,2,0,1,0,748.0,Xiuying Liang,,Xiuying Liang
752,2028,2029,2,2,,,2,,1,True,True,0,2,,0.0,1,0,2.0,0,0,2,0,2,0,1,0,752.0,Xia Xiong,,Xia Xiong
753,1996,2029,6,6,2029,2029,3,33,33,True,False,0,14,11,0.0,3,0,0.2670031880977683,0,0,5,0,5,2,2,0,753.0,Lei Yan,,Lei Yan
754,2022,2029,3,3,,,3,,7,True,False,0,2,,0.0,1,0,0.33720930232558144,0,0,3,0,3,0,1,0,754.0,Na Shao,,Na Shao
758,2023,2023,1,1,,,1,,0,True,False,0,2,,0.0,0,0,0.0,0,0,0,0,0,0,1,1,758.0,Rhonda Brown,Omnira,Omnira
759,2023,2023,1,1,,,1,,0,True,False,0,2,,0.0,0,0,0.0,0,0,0,0,0,0,1,1,759.0,Mary Medina,,Mary Medina
760,2023,2023,1,1,,,1,,0,True,False,0,2,,0.0,0,0,0.0,0,0,0,0,0,0,1,1,760.0,Laura Gibbs,,Laura Gibbs
761,2023,2023,1,1,,,1,,0,True,False,0,2,,0.0,0,0,0.0,0,0,0,0,0,0,1,1,761.0,Raymond Mccoy,,Raymond Mccoy
762,2023,2023,1,1,,,1,,0,True,False,0,2,,0.0,0,0,0.0,0,0,0,0,0,0,1,1,762.0,Brandy Reyes,,Brandy Reyes
767,2013,2017,2,2,,,1,,4,True,False,0,2,,0.0,3,0,1.25,0,0,2,1,3,0,1,0,767.0,Jie He,,Jie He
768,2013,2013,1,1,,,1,,0,True,False,0,0,,0.0,3,0,0.0,0,0,2,1,3,0,1,0,768.0,Jun Tan,,Jun Tan
769,2013,2026,6,6,,,4,,13,True,False,0,13,,0.0,3,0,1.1911262798634812,0,0,5,1,6,2,2,0,769.0,Florian van Santen-Sanders,,Florian van Santen-Sanders
770,2017,2017,1,1,,,1,,0,True,False,0,2,,0.0,3,0,0.0,0,0,1,0,1,0,1,0,770.0,Na Zheng,,Na Zheng
771,2017,2017,1,1,,,1,,0,True,False,0,2,,0.0,3,0,0.0,0,0,1,0,1,0,1,0,771.0,Juan Wei,,Juan Wei
774,2022,2022,1,1,,,1,,0,True,False,0,6,,0.0,1,0,0.0,0,0,2,0,2,3,1,0,774.0,Tao Liu,,Tao Liu
775,2022,2022,1,1,,,1,,0,True,False,0,6,,0.0,1,0,0.0,0,0,2,0,2,3,1,0,775.0,Virginia Stuart,,Virginia Stuart
776,2022,2022,1,1,,,1,,0,True,False,0,6,,0.0,1,0,0.0,0,0,2,0,2,3,1,0,776.0,David Hebert,,David Hebert
777,2022,2029,2,2,,,2,,7,True,False,0,7,,0.0,1,0,0.0,0,0,3,0,3,3,1,0,777.0,Xiulan Qiao,,Xiulan Qiao
778,2022,2022,1,1,,,1,,0,True,False,0,6,,0.0,1,0,0.0,0,0,2,0,2,3,1,0,778.0,Yong Su,,Yong Su
779,2013,2022,7,7,2013,2018,3,0,9,True,False,0,10,22,0.0,14,0,0.762295081967213,0,0,9,0,9,3,3,0,779.0,Yang Zhao,,Yang Zhao
782,2025,2025,1,1,,,1,,0,True,True,0,1,,0.0,0,0,0.0,0,0,2,0,2,0,1,0,782.0,Sara Seguí Vallés,,Sara Seguí Vallés
783,2025,2025,1,1,,,1,,0,True,True,0,1,,0.0,0,0,0.0,0,0,2,0,2,0,1,0,783.0,Mar Abril Balaguer,,Mar Abril Balaguer
784,2025,2025,1,1,,,1,,0,True,True,0,1,,0.0,0,0,0.0,0,0,2,0,2,0,2,0,784.0,Evangelina Bautista Catalá,,Evangelina Bautista Catalá
789,2028,2028,1,1,,,1,,0,True,True,0,2,,0.0,0,0,0.0,0,0,2,0,2,1,1,0,789.0,Mark Shepard,,Mark Shepard
790,2028,2028,1,1,,,1,,0,True,True,0,2,,0.0,0,0,0.0,0,0,2,0,2,1,1,0,790.0,Walter Sexton,,Walter Sexton
791,2020,2028,2,1,,,2,,8,True,False,0,3,,0.0,0,0,0.375,0,0,3,0,3,1,1,0,791.0,Andrew Jenkins,,Andrew Jenkins
794,2028,2028,1,1,,,1,,0,True,True,0,2,,0.0,0,0,0.0,0,0,2,0,2,1,1,0,794.0,Brandon Cohen,,Brandon Cohen
800,2024,2024,1,1,,,1,,0,True,False,0,4,,0.0,1,0,0.0,0,0,1,0,1,0,2,0,800.0,Qiang Lai,,Qiang Lai
801,2024,2025,3,3,,,3,,1,True,False,0,6,,0.0,2,0,6.0,0,0,2,0,2,0,1,0,801.0,Yan Duan,,Yan Duan
803,2000,2004,2,2,2000,2000,1,0,4,True,False,0,1,40,0.0,0,0,0.0,0,0,1,0,1,1,1,0,803.0,Breanna Wright,,Breanna Wright
807,1997,1997,1,1,,,1,,0,True,False,0,0,,0.0,0,0,0.0,0,0,1,0,1,0,1,0,807.0,Megan Sandoval,,Megan Sandoval
808,1991,2013,3,3,2002,2002,2,11,22,True,False,0,6,38,0.0,1,0,0.0,0,0,4,0,4,1,3,0,808.0,Pavlína Macháčková,,Pavlína Macháčková
811,2028,2028,1,1,2028,2028,1,0,0,True,True,0,2,12,0.0,1,0,0.0,0,0,1,0,1,2,1,0,811.0,Jun Jiang,,Jun Jiang
812,2023,2028,2,2,2028,2028,2,5,5,True,False,0,2,12,0.0,1,0,1.4,0,0,1,0,1,2,2,0,812.0,Xia Lu,,Xia Lu
813,2013,2013,1,1,,,1,,0,True,False,0,1,,0.0,0,0,0.0,0,0,1,0,1,0,2,0,813.0,Xia Du,,Xia Du
815,2023,2028,2,2,2028,2028,2,5,5,True,False,0,2,12,0.0,1,0,1.4,0,0,1,0,1,2,1,0,815.0,Yan Xiong,,Yan Xiong
816,2023,2028,2,2,2028,2028,2,5,5,True,False,0,2,12,0.0,1,0,1.4,0,0,1,0,1,2,2,0,816.0,Ping Ren,,Ping Ren
817,2023,2028,3,3,2028,2028,3,5,5,True,False,0,4,12,0.0,1,0,1.4,0,0,2,0,2,2,1,1,817.0,Jing Tian,,Jing Tian
818,2028,2028,1,1,2028,2028,1,0,0,True,True,0,2,12,0.0,1,0,0.0,0,0,1,0,1,2,1,0,818.0,Lei Fu,,Lei Fu
819,2022,2028,2,2,2028,2028,2,6,6,True,False,0,5,12,0.0,2,0,1.1666666666666667,0,0,2,0,2,2,2,0,819.0,Juan Xiao,,Juan Xiao
820,2023,2028,2,2,2028,2028,2,5,5,True,False,0,2,12,0.0,1,0,1.4,0,0,1,0,1,2,1,0,820.0,Chao Qiu,,Chao Qiu
822,2007,2007,1,1,,,1,,0,True,False,0,0,,0.0,1,0,0.0,0,0,1,0,1,0,1,0,822.0,William Mcbride,,William Mcbride
823,2007,2013,2,2,2013,2013,2,6,6,True,False,0,1,27,0.0,3,0,0.6666666666666666,0,0,1,0,1,0,1,0,823.0,Tao Cheng,,Tao Cheng
825,2007,2022,2,2,,,2,,15,True,False,0,3,,0.0,1,0,0.13333333333333333,0,0,1,0,1,1,1,0,825.0,Xiuying Dong,,Xiuying Dong
828,2006,2011,2,2,,,1,,5,True,False,0,5,,0.0,1,0,0.0,0,0,2,0,2,0,3,0,828.0,Ming Sun,,Ming Sun
829,2014,2023,3,3,,,1,,9,True,False,0,13,,0.0,2,0,0.4344262295081967,0,0,3,0,3,5,2,0,829.0,Xiulan Ren,,Xiulan Ren
831,2024,2024,1,1,,,1,,0,True,False,0,3,,0.0,0,0,0.0,0,0,1,0,1,0,2,0,831.0,Kyle Cook,,Kyle Cook
834,2010,2010,1,1,,,1,,0,True,False,0,1,,0.0,1,0,0.0,0,0,2,0,2,1,1,0,834.0,Jessica Bernard,,Jessica Bernard
835,1999,2020,4,4,1999,2020,3,0,21,True,False,0,4,20,0.0,0,0,0.28398791540785506,0,0,3,0,3,2,3,0,835.0,Franck Prévost de la Bertrand,,Franck Prévost de la Bertrand
836,2010,2010,1,1,,,1,,0,True,False,0,1,,0.0,1,0,0.0,0,0,2,0,2,1,2,0,836.0,Adrien Techer du Voisin,,Adrien Techer du Voisin
840,2024,2024,1,1,,,1,,0,True,False,0,0,,0.0,1,0,0.0,0,0,1,0,1,0,1,0,840.0,Guiying Jiang,,Guiying Jiang
841,2024,2024,1,1,,,1,,0,True,False,0,0,,0.0,1,0,0.0,0,0,1,0,1,0,1,0,841.0,Ping Ding,,Ping Ding
843,2023,2023,1,1,,,1,,0,True,False,0,6,,0.0,2,0,0.0,0,0,1,0,1,1,2,0,843.0,Konstantinos Wende,,Konstantinos Wende
844,2013,2025,5,5,,,3,,12,True,False,0,7,,0.0,7,0,0.9380053908355795,0,0,3,1,4,1,1,0,844.0,Tobias Etzold-Dörr,,Tobias Etzold-Dörr
845,2017,2023,2,2,,,1,,6,True,False,0,7,,0.0,2,0,0.5,0,0,1,0,1,2,3,0,845.0,Kläre Schacht-Mielcarek,,Kläre Schacht-Mielcarek
847,2017,2017,1,1,,,1,,0,True,False,0,1,,0.0,1,0,0.0,0,0,1,0,1,0,1,0,847.0,Robert Harris,,Robert Harris
849,2017,2017,1,1,,,1,,0,True,False,0,1,,0.0,1,0,0.0,0,0,1,0,1,0,1,0,849.0,Anastasios Hölzenbecher-Henschel,,Anastasios Hölzenbecher-Henschel
850,2017,2024,5,4,2017,2017,3,0,7,True,False,0,6,23,0.0,5,0,1.8,0,0,2,0,2,2,2,0,850.0,Leo Eberth,,Leo Eberth
853,2028,2028,1,1,,,1,,0,True,True,0,3,,0.0,0,0,0.0,0,0,1,0,1,0,1,0,853.0,Li Kong,Syntara,Syntara
854,2028,2028,1,1,,,1,,0,True,True,0,3,,0.0,0,0,0.0,0,0,1,0,1,0,1,0,854.0,Jing Ren,,Jing Ren
856,2028,2028,1,1,,,1,,0,True,True,0,3,,0.0,0,0,0.0,0,0,1,0,1,0,1,0,856.0,Fang Hao,,Fang Hao
857,2028,2028,1,1,,,1,,0,True,True,0,3,,0.0,0,0,0.0,0,0,1,0,1,0,2,0,857.0,Juan Qiu,,Juan Qiu
858,2028,2028,1,1,,,1,,0,True,True,0,3,,0.0,0,0,0.0,0,0,1,0,1,0,1,0,858.0,Ping Mo,,Ping Mo
859,2028,2028,1,1,,,1,,0,True,True,0,3,,0.0,0,0,0.0,0,0,1,0,1,0,1,0,859.0,Wei Cao,,Wei Cao
860,2028,2028,1,1,,,1,,0,True,True,0,3,,0.0,0,0,0.0,0,0,1,0,1,0,1,0,860.0,Jie Lai,,Jie Lai
861,2028,2028,1,1,,,1,,0,True,True,0,3,,0.0,0,0,0.0,0,0,1,0,1,0,1,0,861.0,Min Ma,,Min Ma
862,2028,2028,1,1,,,1,,0,True,True,0,3,,0.0,0,0,0.0,0,0,1,0,1,0,2,0,862.0,Jie Shao,,Jie Shao
863,2028,2028,2,2,,,2,,0,True,True,0,5,,0.0,0,0,0.0,0,0,2,0,2,0,2,0,863.0,Jie Cui,,Jie Cui
864,2028,2028,1,1,,,1,,0,True,True,0,3,,0.0,0,0,0.0,0,0,1,0,1,0,1,0,864.0,Na Yin,,Na Yin
867,2024,2024,1,1,,,1,,0,True,False,0,1,,0.0,0,0,0.0,0,0,1,0,1,0,2,0,867.0,Anna Fechner,,Anna Fechner
868,2024,2024,1,1,,,1,,0,True,False,0,1,,0.0,0,0,0.0,0,0,1,0,1,0,1,0,868.0,Beatrice Albers,,Beatrice Albers
869,2013,2013,1,1,,,1,,0,True,False,0,0,,0.0,0,0,0.0,0,0,1,0,1,0,2,0,869.0,Tillmann Klemm,,Tillmann Klemm
870,2023,2024,2,2,,,1,,1,True,False,0,3,,0.0,0,0,2.0,0,0,2,0,2,0,3,0,870.0,Janine Berger,,Janine Berger
872,2018,2024,2,2,,,2,,6,True,False,0,3,,0.0,0,0,0.16666666666666666,0,0,1,0,1,1,2,0,872.0,Marina Acedo Montaña,,Marina Acedo Montaña
873,2020,2023,2,2,2020,2020,2,0,3,True,False,0,6,20,0.0,3,0,3.6666666666666665,0,0,3,0,3,2,3,0,873.0,Angelita Belda Enríquez,,Angelita Belda Enríquez
874,2024,2024,1,1,,,1,,0,True,False,0,2,,0.0,0,0,0.0,0,0,1,0,1,1,1,0,874.0,Paco Yáñez Bravo,,Paco Yáñez Bravo
877,2009,2018,2,2,2018,2018,1,9,9,True,False,0,5,22,0.0,1,0,0.0,0,0,1,0,1,1,2,0,877.0,Qiang Zhou,,Qiang Zhou
878,2007,2029,8,7,2013,2013,2,6,22,True,False,0,25,27,0.0,2,0,0.24877250409165302,1,0,1,1,2,5,3,0,878.0,Jing Kang,,Jing Kang
881,2000,2000,1,0,,,1,,0,True,False,0,1,,0.0,2,0,0.0,0,0,2,0,2,0,1,0,881.0,Juan Xu,,Juan Xu
882,2003,2014,5,5,,,2,,11,True,False,0,9,,0.0,4,0,0.7837837837837838,0,0,4,1,5,1,2,0,882.0,Yan Jin,,Yan Jin
883,2000,2014,7,6,,,2,,14,True,False,0,11,,0.0,4,0,0.8710247349823322,0,0,4,1,5,1,1,0,883.0,Yang Peng,,Yang Peng
887,2023,2023,1,1,,,1,,0,True,False,0,0,,0.0,1,0,0.0,0,0,1,0,1,0,1,0,887.0,Wei Liao, B.D. Wolf, B.D. Wolf
888,2023,2023,1,1,,,1,,0,True,False,0,0,,0.0,1,0,0.0,0,0,1,0,1,0,3,0,888.0,Gang Shao,,Gang Shao
889,2020,2023,2,2,,,2,,3,True,False,0,1,,0.0,1,0,0.0,0,0,1,0,1,0,2,0,889.0,Tao Dai,,Tao Dai
890,2023,2025,2,2,,,2,,2,True,False,0,3,,0.0,1,0,1.5,0,0,2,0,2,0,1,1,890.0,Xiulan Lin,,Xiulan Lin
891,2007,2025,3,3,,,3,,18,True,False,0,5,,0.0,0,0,0.30136986301369867,0,0,2,0,2,1,2,0,891.0,Jie Fan,,Jie Fan
893,2020,2020,1,1,,,1,,0,True,False,0,1,,0.0,1,0,0.0,0,0,0,0,0,0,1,0,893.0,Fang Gong,,Fang Gong
894,2020,2020,1,1,,,1,,0,True,False,0,1,,0.0,1,0,0.0,0,0,0,0,0,0,1,0,894.0,Jing Qin,,Jing Qin
895,2020,2020,1,1,,,1,,0,True,False,0,1,,0.0,1,0,0.0,0,0,0,0,0,0,2,0,895.0,Jennifer Rice,,Jennifer Rice
896,2020,2020,1,1,,,1,,0,True,False,0,1,,0.0,1,0,0.0,0,0,0,0,0,0,1,0,896.0,Yang Zhong,,Yang Zhong
897,2004,2020,5,5,,,3,,16,True,False,0,2,,0.0,2,0,1.095823095823096,0,0,5,0,5,0,2,0,897.0,Brian Johnson,,Brian Johnson
898,2020,2020,1,1,,,1,,0,True,False,0,1,,0.0,1,0,0.0,0,0,0,0,0,0,1,0,898.0,Elizabeth Chase,,Elizabeth Chase
902,2029,2029,1,0,,,1,,0,True,True,0,2,,0.0,1,0,0.0,0,0,1,0,1,1,1,0,902.0,Min Zou,,Min Zou
903,2029,2029,1,0,,,1,,0,True,True,0,2,,0.0,1,0,0.0,0,0,1,0,1,1,1,0,903.0,Xia Wang,,Xia Wang
904,2020,2029,2,1,,,2,,9,True,False,0,6,,0.0,2,0,0.3333333333333333,0,0,1,0,1,2,1,0,904.0,Min Duan,,Min Duan
905,2029,2029,1,1,2029,2029,1,0,0,True,True,0,2,11,0.0,0,0,0.0,0,0,1,0,1,1,2,0,905.0,Daniel Mitchell,,Daniel Mitchell
907,2029,2029,1,1,,,1,,0,True,True,0,4,,0.0,1,0,0.0,0,0,2,0,2,1,2,0,907.0,Jun Jiang,,Jun Jiang
908,2029,2029,1,1,,,1,,0,True,True,0,4,,0.0,1,0,0.0,0,0,2,0,2,1,2,0,908.0,Juan Kang,,Juan Kang
909,2010,2029,3,3,2029,2029,2,19,19,True,False,0,6,11,0.0,2,0,0.3157894736842105,0,0,5,0,5,1,1,0,909.0,Min Tao,,Min Tao
914,2017,2017,1,0,,,1,,0,True,False,0,1,,0.0,0,0,0.0,0,0,0,0,0,0,1,0,914.0,Stephanie Wilson,,Stephanie Wilson
915,2017,2017,1,0,,,1,,0,True,False,0,1,,0.0,0,0,0.0,0,0,0,0,0,0,2,0,915.0,Deborah Hayes,,Deborah Hayes
918,2017,2017,1,1,,,1,,0,True,False,0,12,,0.0,0,0,0.0,1,0,1,0,1,1,1,0,918.0,Mark Thomas,,Mark Thomas
919,2007,2017,2,2,,,1,,10,True,False,0,12,,0.0,0,0,0.1,1,0,1,0,1,1,3,0,919.0,Alexandra Levy,,Alexandra Levy
923,2026,2026,1,1,,,1,,0,True,True,0,2,,0.0,0,0,0.0,0,0,1,0,1,1,3,0,923.0,Hélène Lecomte-Techer,,Hélène Lecomte-Techer
926,2027,2027,1,0,,,1,,0,True,True,0,3,,0.0,0,0,0.0,0,0,0,0,0,0,1,1,926.0,Gang Su,,Gang Su
927,2027,2027,1,0,,,1,,0,True,True,0,3,,0.0,0,0,0.0,0,0,0,0,0,0,1,1,927.0,Na Wu,,Na Wu
928,2027,2027,1,0,,,1,,0,True,True,0,3,,0.0,0,0,0.0,0,0,0,0,0,0,1,1,928.0,Qiang Qian,,Qiang Qian
934,1994,2030,6,5,2004,2004,3,10,36,True,False,0,9,36,0.0,12,0,0.5564742359368078,0,0,7,0,7,0,2,0,934.0,Jun Zhou,,Jun Zhou
935,1998,1998,1,1,,,1,,0,True,False,0,1,,0.0,4,0,0.0,0,0,2,0,2,0,1,0,935.0,Chao Zhu,,Chao Zhu
936,1998,2020,4,3,,,3,,22,True,False,0,6,,0.0,3,0,0.3315334773218143,0,0,5,0,5,0,1,0,936.0,Fang Zhong,,Fang Zhong
937,1998,2009,2,2,,,2,,11,True,False,0,2,,0.0,5,0,0.36363636363636365,0,0,3,0,3,0,1,0,937.0,Ming Yan,,Ming Yan
941,2017,2029,3,3,,,1,,12,True,False,0,12,,0.0,1,0,0.27067669172932335,0,0,2,0,2,0,1,0,941.0,Na Yao,,Na Yao
943,2019,2029,3,3,,,1,,10,True,False,0,18,,0.0,1,0,0.3296703296703297,0,0,1,0,1,3,2,0,943.0,Kevin Carney,,Kevin Carney
946,2017,2017,2,2,,,2,,0,True,False,0,3,,0.0,0,0,0.0,0,0,1,0,1,0,1,0,946.0,Eva-Marie Seidel-Otto,,Eva-Marie Seidel-Otto
947,2017,2017,1,1,,,1,,0,True,False,0,1,,0.0,0,0,0.0,0,0,1,0,1,0,1,0,947.0,Joerg Schleich,,Joerg Schleich
948,2017,2017,2,2,,,2,,0,True,False,0,3,,0.0,0,0,0.0,0,0,1,0,1,0,2,0,948.0,Mirja Jacob,,Mirja Jacob
949,2017,2017,1,1,,,1,,0,True,False,0,1,,0.0,0,0,0.0,0,0,1,0,1,0,2,0,949.0,Hans-Josef Killer,,Hans-Josef Killer
952,2025,2025,1,1,,,1,,0,True,True,0,3,,0.0,1,0,0.0,0,0,1,0,1,2,1,0,952.0,Ming Gu, BLVCK MOON, BLVCK MOON
953,2025,2025,1,1,,,1,,0,True,True,0,3,,0.0,1,0,0.0,0,0,1,0,1,2,1,0,953.0,Xiulan Hu,,Xiulan Hu
954,2025,2025,1,1,,,1,,0,True,True,0,3,,0.0,1,0,0.0,0,0,1,0,1,2,2,0,954.0,Isabella Smith,,Isabella Smith
955,2025,2025,1,1,,,1,,0,True,True,0,3,,0.0,1,0,0.0,0,0,1,0,1,2,2,0,955.0,Na Peng,,Na Peng
956,2025,2025,1,1,,,1,,0,True,True,0,3,,0.0,1,0,0.0,0,0,1,0,1,2,1,0,956.0,Xiulan Lei,,Xiulan Lei
957,2025,2025,1,1,,,1,,0,True,True,0,3,,0.0,1,0,0.0,0,0,1,0,1,2,1,0,957.0,Sean Harrison,,Sean Harrison
958,2025,2025,1,1,,,1,,0,True,True,0,3,,0.0,1,0,0.0,0,0,1,0,1,2,1,0,958.0,Ping Gong,,Ping Gong
959,2007,2030,5,5,2030,2030,3,23,23,True,False,1,11,10,0.0,1,0,0.9911054637865311,0,0,7,0,7,3,3,3,959.0,Qiang Fang,,Qiang Fang
960,2025,2025,1,1,,,1,,0,True,True,0,3,,0.0,1,0,0.0,0,0,1,0,1,2,1,0,960.0,Sabrina Jenkins,,Sabrina Jenkins
964,2013,2013,1,1,,,1,,0,True,False,0,1,,0.0,0,0,0.0,0,0,1,0,1,0,1,0,964.0,Anouk Rivière,,Anouk Rivière
965,2013,2013,1,1,,,1,,0,True,False,0,1,,0.0,0,0,0.0,0,0,1,0,1,0,1,0,965.0,Kayla Grimes,,Kayla Grimes
967,2005,2006,2,2,,,1,,1,True,False,0,4,,0.0,1,0,3.0,0,0,1,0,1,0,2,0,967.0,Chao Yao,,Chao Yao
968,2003,2018,4,4,,,1,,15,True,False,0,4,,0.0,0,0,0.391304347826087,0,0,1,0,1,0,3,0,968.0,Ping Bai,,Ping Bai
972,2022,2025,4,4,2022,2022,2,0,3,True,False,0,12,18,0.0,0,0,0.0,0,0,2,0,2,0,3,0,972.0,Robin Jones,,Robin Jones
975,2023,2023,1,1,,,1,,0,True,False,0,2,,0.0,0,0,0.0,0,0,1,0,1,0,2,0,975.0,Fang Cui,,Fang Cui
977,2023,2024,2,2,2024,2024,1,1,1,True,False,0,2,16,0.0,0,0,5.0,0,0,1,0,1,0,1,0,977.0,Yong Han,,Yong Han
981,2020,2020,1,1,,,1,,0,True,False,0,1,,0.0,0,0,0.0,0,0,1,0,1,0,1,0,981.0,Kelly Marshall,,Kelly Marshall
982,2020,2020,1,1,,,1,,0,True,False,0,1,,0.0,0,0,0.0,0,0,1,0,1,0,1,0,982.0,Tao Cui,,Tao Cui
984,2016,2016,1,1,,,1,,0,True,False,0,0,,0.0,0,0,0.0,0,0,1,0,1,0,3,0,984.0,Jie Zhu,,Jie Zhu
987,2000,2011,2,2,,,2,,11,True,False,0,0,,0.0,2,0,0.36363636363636365,0,0,3,0,3,0,1,0,987.0,Karl-Otto Käster,,Karl-Otto Käster
989,2020,2020,1,1,,,1,,0,True,False,0,0,,0.0,0,0,0.0,0,0,1,0,1,0,2,0,989.0,Matthew Moss,,Matthew Moss
990,2020,2029,2,2,,,1,,9,True,False,0,1,,0.0,0,0,0.1111111111111111,0,0,1,0,1,0,1,0,990.0,Elizabeth Johnson,,Elizabeth Johnson
991,2020,2020,1,1,,,1,,0,True,False,0,0,,0.0,0,0,0.0,0,0,1,0,1,0,2,0,991.0,Dale Stewart,,Dale Stewart
992,2020,2020,1,1,,,1,,0,True,False,0,0,,0.0,0,0,0.0,0,0,1,0,1,0,2,0,992.0,Robert Jennings,,Robert Jennings
996,2024,2024,1,1,2024,2024,1,0,0,True,False,0,0,16,0.0,0,0,0.0,0,0,0,0,0,0,3,0,996.0,Ruth Hernandez,,Ruth Hernandez
1000,2027,2027,1,1,,,1,,0,True,True,0,1,,0.0,0,0,0.0,0,0,1,0,1,0,1,0,1000.0,Juan Peng,,Juan Peng
1001,2027,2027,1,1,,,1,,0,True,True,0,1,,0.0,0,0,0.0,0,0,1,0,1,0,1,0,1001.0,Scott Daniel,,Scott Daniel
1002,2003,2027,2,2,,,2,,24,True,False,0,3,,0.0,0,0,0.16666666666666666,0,0,2,0,2,0,1,0,1002.0,Li Wu,,Li Wu
1004,2027,2027,1,1,,,1,,0,True,True,0,1,,0.0,0,0,0.0,0,0,1,0,1,0,2,0,1004.0,Tao Mo,,Tao Mo
1005,2027,2027,2,2,,,2,,0,True,True,0,2,,0.0,0,0,0.0,0,0,2,0,2,0,2,0,1005.0,Ping Tan,,Ping Tan
1008,2027,2027,1,1,,,1,,0,True,True,0,1,,0.0,0,0,0.0,0,0,0,0,0,0,1,0,1008.0,Valerio Zapata-Rico,,Valerio Zapata-Rico
1010,2027,2027,1,1,,,1,,0,True,True,0,1,,0.0,0,0,0.0,0,0,0,0,0,0,1,0,1010.0,Belén de Trillo,,Belén de Trillo
1013,2016,2016,2,2,,,1,,0,True,False,0,1,,0.0,0,0,0.0,0,0,2,0,2,0,2,0,1013.0,Lei Wei,,Lei Wei
1019,2008,2008,1,1,,,1,,0,True,False,0,0,,0.0,0,0,0.0,0,0,1,0,1,0,1,0,1019.0,William Mcfarland,,William Mcfarland
1020,2008,2008,1,1,,,1,,0,True,False,0,0,,0.0,0,0,0.0,0,0,1,0,1,0,1,0,1020.0,Theresa Pena,,Theresa Pena
1021,1999,2013,3,3,1999,1999,3,0,14,True,False,0,6,41,0.0,1,0,0.07142857142857142,0,0,5,0,5,1,2,0,1021.0,Przemysław Grupa,,Przemysław Grupa
1025,2020,2029,2,1,,,1,,9,True,False,0,4,,0.0,1,0,0.6666666666666666,0,0,1,0,1,0,1,0,1025.0,Julien Collin-Texier,,Julien Collin-Texier
1026,2020,2029,2,1,,,1,,9,True,False,0,4,,0.0,1,0,0.6666666666666666,0,0,1,0,1,0,1,0,1026.0,Sylvie-Chantal Schmitt,,Sylvie-Chantal Schmitt
1027,2020,2029,2,1,,,1,,9,True,False,0,4,,0.0,1,0,0.6666666666666666,0,0,1,0,1,0,1,0,1027.0,Claudine Leleu,,Claudine Leleu
1028,2020,2029,2,1,,,1,,9,True,False,0,4,,0.0,1,0,0.6666666666666666,0,0,1,0,1,0,1,0,1028.0,Augustin Raymond,,Augustin Raymond
1029,2020,2029,2,1,,,1,,9,True,False,0,4,,0.0,1,0,0.6666666666666666,0,0,1,0,1,0,2,0,1029.0,Antoine du Adam,,Antoine du Adam
1030,2020,2029,2,1,,,1,,9,True,False,0,4,,0.0,1,0,0.6666666666666666,0,0,1,0,1,0,1,0,1030.0,Chantal Gérard,,Chantal Gérard
1034,2028,2028,1,0,,,1,,0,True,True,0,1,,0.0,0,0,0.0,0,0,1,0,1,0,2,0,1034.0,John Ray,,John Ray
1035,2028,2028,1,0,,,1,,0,True,True,0,1,,0.0,0,0,0.0,0,0,1,0,1,0,1,0,1035.0,Tonya Andrews,,Tonya Andrews
1036,2024,2028,2,1,,,1,,4,True,False,0,1,,0.0,0,0,3.25,0,0,1,0,1,0,1,0,1036.0,David Johnson,,David Johnson
1037,2028,2028,1,0,,,1,,0,True,True,0,1,,0.0,0,0,0.0,0,0,1,0,1,0,1,0,1037.0,Danielle Peters,,Danielle Peters
1038,2028,2028,1,0,,,1,,0,True,True,0,1,,0.0,0,0,0.0,0,0,1,0,1,0,1,0,1038.0,Amanda Davidson,,Amanda Davidson
1039,2028,2028,1,0,,,1,,0,True,True,0,1,,0.0,0,0,0.0,0,0,1,0,1,0,1,0,1039.0,Kelli Rojas,,Kelli Rojas
1040,2024,2028,2,1,,,1,,4,True,False,0,1,,0.0,0,0,3.25,0,0,1,0,1,0,2,0,1040.0,Jacqueline Young,,Jacqueline Young
1041,2028,2028,1,0,,,1,,0,True,True,0,1,,0.0,0,0,0.0,0,0,1,0,1,0,1,0,1041.0,Cassandra Norris,,Cassandra Norris
1042,2024,2028,2,1,,,1,,4,True,False,0,1,,0.0,0,0,3.25,0,0,1,0,1,0,2,0,1042.0,Kyle Hill,,Kyle Hill
1043,2028,2028,1,0,,,1,,0,True,True,0,1,,0.0,0,0,0.0,0,0,1,0,1,0,1,0,1043.0,Katherine Castillo,,Katherine Castillo
1044,2024,2028,2,1,,,1,,4,True,False,0,1,,0.0,0,0,3.25,0,0,1,0,1,0,1,0,1044.0,Cody Moore,,Cody Moore
1045,2028,2028,1,0,,,1,,0,True,True,0,1,,0.0,0,0,0.0,0,0,1,0,1,0,1,0,1045.0,Mary Gonzalez,,Mary Gonzalez
1046,2028,2028,1,0,,,1,,0,True,True,0,1,,0.0,0,0,0.0,0,0,1,0,1,0,1,0,1046.0,Barbara Hall,,Barbara Hall
1047,2028,2028,1,0,,,1,,0,True,True,0,1,,0.0,0,0,0.0,0,0,1,0,1,0,1,0,1047.0,Rebecca Taylor,,Rebecca Taylor
1052,2007,2017,3,3,,,2,,10,True,False,0,1,,0.0,1,0,0.40506329113924056,0,0,2,0,2,0,2,0,1052.0,Augustin Besnard-Imbert,,Augustin Besnard-Imbert
1053,2007,2017,3,3,,,2,,10,True,False,0,1,,0.0,1,0,0.40506329113924056,0,0,2,0,2,0,1,0,1053.0,Dominique Perret,,Dominique Perret
1058,2019,2019,1,1,,,1,,0,True,False,0,2,,0.0,0,0,0.0,0,0,1,0,1,1,1,0,1058.0,Chao Kong,,Chao Kong
1059,2019,2019,1,1,,,1,,0,True,False,0,2,,0.0,0,0,0.0,0,0,1,0,1,1,1,0,1059.0,Yong Song,,Yong Song
1061,2019,2019,1,1,,,1,,0,True,False,0,2,,0.0,0,0,0.0,0,0,1,0,1,1,1,0,1061.0,Gabriel Olson,,Gabriel Olson
1063,2023,2023,1,1,,,1,,0,True,False,0,1,,0.0,2,0,0.0,0,0,2,0,2,0,1,0,1063.0,Valérie Valette,,Valérie Valette
1064,2020,2027,3,3,,,3,,7,True,False,0,3,,0.0,2,0,0.8513513513513514,0,0,2,0,2,0,1,0,1064.0,Audrey-Suzanne Ribeiro,,Audrey-Suzanne Ribeiro
1065,2023,2023,1,1,,,1,,0,True,False,0,1,,0.0,2,0,0.0,0,0,2,0,2,0,1,0,1065.0,Auguste de la Laroche,,Auguste de la Laroche
1066,2010,2023,4,3,2017,2017,2,7,13,True,False,0,3,23,0.0,6,0,0.920844327176781,0,0,3,1,4,0,3,0,1066.0,Franck Hernandez Le Leclerc,,Franck Hernandez Le Leclerc
1071,2026,2026,1,1,,,1,,0,True,True,0,3,,0.0,0,0,0.0,0,0,0,0,0,0,2,2,1071.0,Gang Zhou,,Gang Zhou
1072,2026,2026,1,1,,,1,,0,True,True,0,3,,0.0,0,0,0.0,0,0,0,0,0,0,2,2,1072.0,Tao Mo,,Tao Mo
1073,2026,2027,2,2,,,2,,1,True,True,0,6,,0.0,2,0,4.0,0,0,1,0,1,0,1,3,1073.0,Xiulan Gong,,Xiulan Gong
1074,2007,2029,9,9,2025,2025,6,18,22,True,False,0,18,15,0.0,14,0,1.5352604828462515,0,0,10,0,10,2,2,0,1074.0,Jing Cui,,Jing Cui
1079,2004,2025,3,3,,,2,,21,True,False,0,4,,0.0,2,0,0.5,0,0,2,1,3,0,3,0,1079.0,Qiang Yuan,,Qiang Yuan
1081,2029,2029,2,2,,,1,,0,True,True,0,9,,0.0,4,0,0.0,0,0,1,0,1,1,1,0,1081.0,Ping He,,Ping He
1082,2029,2029,1,1,,,1,,0,True,True,0,6,,0.0,4,0,0.0,0,0,1,0,1,1,1,0,1082.0,Juan Hu,,Juan Hu
1083,2029,2029,2,2,,,1,,0,True,True,0,9,,0.0,4,0,0.0,0,0,1,0,1,1,1,0,1083.0,Ping Xia,,Ping Xia
1084,2026,2029,4,4,,,3,,3,True,True,0,15,,0.0,3,0,2.4285714285714284,0,0,1,1,2,1,2,0,1084.0,Qiang Bai,,Qiang Bai
1085,1997,2029,7,7,,,4,,32,True,False,0,17,,0.0,4,0,0.6726893676164003,0,0,7,0,7,2,2,0,1085.0,Lupe Miró,,Lupe Miró
1086,2026,2029,5,5,,,3,,3,True,True,0,21,,0.0,4,0,4.857142857142857,0,0,2,1,3,2,2,0,1086.0,Chao Qiu,,Chao Qiu
1089,1991,1997,2,2,,,1,,6,True,False,0,1,,0.0,1,0,0.16666666666666666,1,0,2,0,2,0,1,0,1089.0,Denise Schroeder,,Denise Schroeder
1090,1991,1997,2,2,,,1,,6,True,False,0,1,,0.0,1,0,0.16666666666666666,1,0,2,0,2,0,2,0,1090.0,Sydney Adams,,Sydney Adams
1093,2027,2027,2,2,,,2,,0,True,True,0,7,,0.0,1,0,0.0,0,0,1,0,1,1,2,0,1093.0,Li Gong,,Li Gong
1094,2026,2027,2,2,2026,2026,2,0,1,True,True,0,7,14,0.0,1,0,2.0,0,0,1,0,1,1,2,0,1094.0,Xiulan Tang,,Xiulan Tang
1098,2002,2029,14,13,2027,2027,3,25,27,True,False,0,89,13,0.0,3,0,0.31047829693115847,0,0,8,0,8,1,3,0,1098.0,Guiying Bai,,Guiying Bai
1099,2002,2024,4,3,,,1,,22,True,False,0,25,,0.0,1,0,0.09090909090909091,0,0,3,0,3,0,3,0,1099.0,Wei Ding,,Wei Ding
1102,1984,1995,2,2,,,2,,11,True,False,0,1,,0.0,1,0,0.0,0,0,3,0,3,0,2,0,1102.0,Sylvie Scholz,,Sylvie Scholz
1103,2007,2020,4,4,2023,2023,2,16,13,True,False,0,17,17,0.0,3,0,0.3264367816091954,0,0,3,1,4,0,2,0,1103.0,Ekkehard Förster,,Ekkehard Förster
1107,2004,2004,1,1,,,1,,0,True,False,0,0,,0.0,0,0,0.0,0,0,1,0,1,0,2,0,1107.0,Shari Willis,,Shari Willis
1108,2004,2004,1,1,,,1,,0,True,False,0,0,,0.0,0,0,0.0,0,0,1,0,1,0,1,0,1108.0,Sophie Lebrun,,Sophie Lebrun
1109,2004,2004,1,1,,,1,,0,True,False,0,0,,0.0,0,0,0.0,0,0,1,0,1,0,1,0,1109.0,Eric Shaw,,Eric Shaw
1114,2000,2000,1,1,,,1,,0,True,False,0,1,,0.0,0,0,0.0,0,0,2,0,2,0,2,0,1114.0,Jonathan Wyatt,,Jonathan Wyatt
1115,1991,2000,2,2,,,1,,9,True,False,0,2,,0.0,0,0,0.0,0,0,2,0,2,0,2,0,1115.0,Jacob Brown,,Jacob Brown
1118,1987,2005,3,3,,,1,,18,True,False,0,2,,0.0,0,0,0.0,0,0,1,0,1,0,2,0,1118.0,Ping Liao, Scarlet Thorn, Scarlet Thorn
1123,1997,1997,1,1,1997,1997,1,0,0,True,False,0,0,43,0.0,0,0,0.0,0,0,1,0,1,0,1,0,1123.0,Ronnie Cook,,Ronnie Cook
1126,2013,2013,1,1,,,1,,0,True,False,0,0,,0.0,1,0,0.0,0,0,1,0,1,0,1,0,1126.0,Eugenia Lindner,,Eugenia Lindner
1127,2013,2013,1,1,,,1,,0,True,False,0,0,,0.0,1,0,0.0,0,0,1,0,1,0,1,0,1127.0,Herr Ulrich Gieß,,Herr Ulrich Gieß
1128,2013,2013,2,2,,,2,,0,True,False,0,2,,0.0,1,0,0.0,0,0,2,0,2,1,2,0,1128.0,Sandra Peterson,,Sandra Peterson
1131,2006,2017,2,2,2017,2017,1,11,11,True,False,0,2,23,0.0,0,0,0.09090909090909091,0,0,1,0,1,0,2,0,1131.0,Reinhild Krein,,Reinhild Krein
1132,2017,2017,1,1,2017,2017,1,0,0,True,False,0,1,23,0.0,0,0,0.0,0,0,1,0,1,0,1,0,1132.0,Mehdi Hering,,Mehdi Hering
1137,2023,2023,1,1,,,1,,0,True,False,0,0,,0.0,0,0,0.0,0,0,1,0,1,0,2,0,1137.0,Chao Tian,,Chao Tian
1138,2023,2023,1,1,,,1,,0,True,False,0,0,,0.0,0,0,0.0,0,0,1,0,1,0,2,0,1138.0,Angela Wallace,,Angela Wallace
1139,2027,2028,2,2,,,1,,1,True,True,0,4,,0.0,1,0,0.0,0,0,3,0,3,1,2,0,1139.0,Crystal Cruz,,Crystal Cruz
1141,2018,2029,3,3,,,1,,11,True,False,0,30,,0.0,2,0,0.4174757281553398,0,0,1,1,2,4,2,0,1141.0,Tamara Solis,,Tamara Solis
1142,2029,2029,1,1,,,1,,0,True,True,0,14,,0.0,3,0,0.0,0,0,1,1,2,2,2,0,1142.0,Sandra Green,,Sandra Green
1143,2018,2029,3,3,,,1,,11,True,False,0,30,,0.0,2,0,0.4174757281553398,0,0,1,1,2,4,1,0,1143.0,Michelle Williams,,Michelle Williams
1146,2020,2020,1,0,,,1,,0,True,False,0,1,,0.0,0,0,0.0,0,0,1,0,1,0,1,0,1146.0,Rick House,,Rick House
1147,2020,2020,2,1,2020,2020,2,0,0,True,False,0,2,20,0.0,0,0,0.0,0,0,3,0,3,0,1,0,1147.0,Victoria Williams,,Victoria Williams
1148,2020,2020,1,0,,,1,,0,True,False,0,1,,0.0,0,0,0.0,0,0,1,0,1,0,1,0,1148.0,Patricia Rodriguez,,Patricia Rodriguez
1149,2020,2020,1,0,,,1,,0,True,False,0,1,,0.0,0,0,0.0,0,0,1,0,1,0,1,0,1149.0,Casey Green,,Casey Green
1150,2020,2020,1,0,,,1,,0,True,False,0,1,,0.0,0,0,0.0,0,0,1,0,1,0,1,0,1150.0,Angela Thompson,,Angela Thompson
1151,2020,2020,1,0,,,1,,0,True,False,0,1,,0.0,0,0,0.0,0,0,1,0,1,0,1,0,1151.0,Fritz Schuster,,Fritz Schuster
1152,2020,2025,2,1,,,1,,5,True,False,0,3,,0.0,0,0,0.0,0,0,2,0,2,0,3,0,1152.0,George Jones,,George Jones
1153,2020,2020,1,0,,,1,,0,True,False,0,1,,0.0,0,0,0.0,0,0,1,0,1,0,1,0,1153.0,Susan Rogers,,Susan Rogers
1154,2020,2020,1,0,,,1,,0,True,False,0,1,,0.0,0,0,0.0,0,0,1,0,1,0,1,0,1154.0,Ronald Rice,,Ronald Rice
1157,2022,2022,1,1,,,1,,0,True,False,0,8,,0.0,0,0,0.0,0,0,1,0,1,2,2,0,1157.0,Lei Feng,,Lei Feng
1158,2022,2022,1,1,,,1,,0,True,False,0,8,,0.0,0,0,0.0,0,0,1,0,1,2,2,0,1158.0,Juan Zheng,,Juan Zheng
1159,2022,2022,1,1,,,1,,0,True,False,0,8,,0.0,0,0,0.0,0,0,1,0,1,2,1,0,1159.0,James Simon,,James Simon
1160,2017,2017,1,1,,,1,,0,True,False,0,0,,0.0,0,0,0.0,0,0,1,0,1,0,2,0,1160.0,Jie Wen,,Jie Wen
1163,2013,2013,1,1,,,1,,0,True,False,0,1,,0.0,0,0,0.0,0,0,1,0,1,0,1,0,1163.0,Todd Mcbride,,Todd Mcbride
1164,2013,2013,1,1,,,1,,0,True,False,0,1,,0.0,0,0,0.0,0,0,1,0,1,0,1,0,1164.0,Min Shi,,Min Shi
1165,2013,2013,1,1,,,1,,0,True,False,0,1,,0.0,0,0,0.0,0,0,1,0,1,0,2,0,1165.0,Xia Fang,,Xia Fang
1166,2013,2013,1,1,,,1,,0,True,False,0,1,,0.0,0,0,0.0,0,0,1,0,1,0,1,0,1166.0,Lonnie Estrada,,Lonnie Estrada
1167,2013,2013,1,1,,,1,,0,True,False,0,1,,0.0,0,0,0.0,0,0,1,0,1,0,1,0,1167.0,Kimberly Knight,,Kimberly Knight
1171,2004,2030,2,2,,,2,,26,True,False,1,8,,0.0,0,0,0.07692307692307693,0,0,1,0,1,1,1,0,1171.0,Ivana Vávrová,,Ivana Vávrová
1173,2017,2017,1,1,,,1,,0,True,False,0,1,,0.0,0,0,0.0,0,0,1,0,1,0,2,0,1173.0,Lilian Gieß,,Lilian Gieß
1174,2017,2017,1,1,,,1,,0,True,False,0,1,,0.0,0,0,0.0,0,0,1,0,1,0,1,0,1174.0,Herr Rudolph Schaaf,,Herr Rudolph Schaaf
1175,2013,2017,2,2,,,1,,4,True,False,0,1,,0.0,0,0,0.75,0,0,1,0,1,0,2,0,1175.0,Mario Stumpf,,Mario Stumpf
1176,2013,2017,2,2,,,1,,4,True,False,0,1,,0.0,0,0,0.75,0,0,1,0,1,0,1,0,1176.0,Marvin Holzapfel,,Marvin Holzapfel
1179,2026,2026,1,1,,,1,,0,True,True,0,1,,0.0,3,0,0.0,0,0,2,0,2,0,1,0,1179.0,Wei Fang,,Wei Fang
1180,2023,2029,5,5,,,3,,6,True,False,0,8,,0.0,4,0,2.3333333333333335,1,0,4,1,5,0,3,6,1180.0,Guiying Liao,,Guiying Liao
1181,2026,2026,1,1,,,1,,0,True,True,0,1,,0.0,3,0,0.0,0,0,2,0,2,0,2,0,1181.0,Gang Jia,,Gang Jia
1182,2023,2029,5,5,,,3,,6,True,False,0,8,,0.0,4,0,2.3333333333333335,1,0,4,1,5,0,2,6,1182.0,Yan Zou,,Yan Zou
1188,2026,2026,1,1,,,1,,0,True,True,0,1,,0.0,0,0,0.0,0,0,0,0,0,0,1,0,1188.0,Taylor Poole,,Taylor Poole
1192,2026,2026,1,1,,,1,,0,True,True,0,2,,0.0,0,0,0.0,0,0,2,0,2,0,2,0,1192.0,Brittany Harvey,,Brittany Harvey
1193,2026,2032,2,2,,,2,,6,True,True,1,5,,0.0,0,0,0.0,0,0,2,0,2,0,2,0,1193.0,Elizabeth Parker,,Elizabeth Parker
1196,2024,2026,2,2,,,2,,2,True,False,0,0,,0.0,5,0,3.0,0,0,2,0,2,0,2,0,1196.0,Na Pan,,Na Pan
1197,2024,2029,4,4,,,2,,5,True,False,0,9,,0.0,4,0,2.8846153846153846,0,0,3,1,4,0,2,0,1197.0,Xia Ding,,Xia Ding
1198,2024,2029,6,6,,,2,,5,True,False,0,15,,0.0,5,0,4.076923076923077,0,0,3,1,4,0,3,0,1198.0,Qiang He,,Qiang He
1199,2020,2026,2,2,,,2,,6,True,False,0,0,,0.0,5,0,1.0,0,0,1,0,1,0,1,0,1199.0,Jun Zhang,,Jun Zhang
1200,2024,2029,6,6,,,2,,5,True,False,0,13,,0.0,5,0,3.8076923076923075,0,0,3,1,4,0,2,1,1200.0,Qiang Zhao,,Qiang Zhao
1201,2008,2028,6,6,,,3,,20,True,False,0,10,,0.0,5,0,0.6511292647765498,0,0,6,0,6,4,1,2,1201.0,Xiuying Fan,,Xiuying Fan
1202,2024,2029,6,6,,,1,,5,True,False,0,13,,0.0,5,0,4.1923076923076925,0,0,3,1,4,0,3,1,1202.0,Emily Nelson,,Emily Nelson
1206,2022,2022,1,0,,,1,,0,True,False,0,1,,0.0,0,0,0.0,0,0,1,0,1,0,3,0,1206.0,Jędrzej Przeniosło,,Jędrzej Przeniosło
1210,2028,2028,1,1,,,1,,0,True,True,0,7,,0.0,0,0,0.0,0,0,1,0,1,1,2,0,1210.0,Guiying Duan,,Guiying Duan
1211,2023,2028,2,2,,,2,,5,True,False,0,9,,0.0,0,0,0.2,0,0,1,0,1,1,1,0,1211.0,Fang Wen,,Fang Wen
1214,1991,1991,1,0,,,1,,0,True,False,0,0,,0.0,0,0,0.0,0,0,1,0,1,0,2,0,1214.0,Chad Garcia,,Chad Garcia
1215,1991,1991,1,1,,,1,,0,True,False,0,1,,0.0,0,0,0.0,0,0,1,0,1,0,1,0,1215.0,Shawn Saunders,,Shawn Saunders
1218,2017,2017,1,1,,,1,,0,True,False,0,1,,0.0,1,0,0.0,0,0,1,0,1,0,1,0,1218.0,Li He,,Li He
1219,2007,2025,9,9,2024,2024,4,17,18,True,False,0,22,16,0.0,8,0,2.873786407766991,1,0,2,1,3,3,2,0,1219.0,Yan Cai,,Yan Cai
1220,2013,2025,5,5,2017,2017,3,4,12,True,False,0,3,23,0.0,6,0,1.2405063291139242,1,0,1,1,2,0,2,0,1220.0,Jie Lai,,Jie Lai
1222,2027,2029,2,2,,,2,,2,True,True,0,2,,0.0,3,0,2.0,1,0,3,0,3,0,2,0,1222.0,Jing Qin,,Jing Qin
1223,2013,2029,4,4,2013,2013,2,0,16,True,False,0,8,27,0.0,1,0,0.6666666666666666,1,0,3,0,3,3,2,0,1223.0,Gang Yin,,Gang Yin
1224,2029,2029,1,1,,,1,,0,True,True,0,1,,0.0,2,0,0.0,1,0,2,0,2,0,1,0,1224.0,Richard Smith,,Richard Smith
1225,2029,2029,1,1,,,1,,0,True,True,0,1,,0.0,2,0,0.0,1,0,2,0,2,0,2,0,1225.0,Min Kong,,Min Kong
1227,2004,2029,8,8,2004,2004,4,0,25,True,False,0,10,36,0.0,5,0,0.8267716535433071,1,0,7,0,7,0,2,0,1227.0,Jun Xia,,Jun Xia
1232,2013,2013,1,1,,,1,,0,True,False,0,0,,0.0,0,0,0.0,0,0,2,0,2,0,2,0,1232.0,Li Gao,,Li Gao
1233,2013,2026,2,2,,,2,,13,True,False,0,1,,0.0,2,0,0.38461538461538464,0,0,2,0,2,0,2,0,1233.0,Yang Yu,,Yang Yu
1237,2013,2013,1,1,,,1,,0,True,False,0,2,,0.0,3,0,0.0,0,0,1,0,1,0,1,0,1237.0,Yang Zou,,Yang Zou
1238,2007,2029,9,9,2013,2017,5,6,22,True,False,0,19,23,0.0,8,0,1.501358695652174,0,0,4,0,4,6,3,0,1238.0,Yan Qin,,Yan Qin
1239,2013,2013,1,1,,,1,,0,True,False,0,2,,0.0,3,0,0.0,0,0,1,0,1,0,2,0,1239.0,Li Cui,,Li Cui
1240,2013,2013,1,1,,,1,,0,True,False,0,2,,0.0,3,0,0.0,0,0,1,0,1,0,2,0,1240.0,Tao Gao,,Tao Gao
1241,2010,2028,6,6,2013,2013,2,3,18,True,False,0,13,27,0.0,6,0,0.9533213644524238,0,0,2,0,2,4,2,0,1241.0,Fang Su,,Fang Su
1246,2009,2009,1,1,2009,2009,1,0,0,True,False,0,0,31,0.0,0,0,0.0,0,0,1,0,1,0,1,0,1246.0,Amber Allen,,Amber Allen
1248,2009,2009,1,1,2009,2009,1,0,0,True,False,0,0,31,0.0,0,0,0.0,0,0,1,0,1,0,3,0,1248.0,Gang Cao,,Gang Cao
1250,1991,2018,5,5,,,4,,27,True,False,0,2,,0.0,5,0,0.8157894736842105,0,0,2,0,2,0,2,0,1250.0,Robin Webster,,Robin Webster
1251,2010,2029,9,9,,,5,,19,True,False,0,17,,0.0,12,0,0.9166666666666666,0,0,9,0,9,0,2,0,1251.0,Eugenia Mitschke,,Eugenia Mitschke
1252,2010,2029,6,6,,,3,,19,True,False,0,10,,0.0,5,0,0.5164835164835165,0,0,5,0,5,0,3,0,1252.0,Clayton Reed,,Clayton Reed
1255,2022,2022,2,2,,,2,,0,True,False,0,6,,0.0,0,0,0.0,0,0,1,0,1,0,2,1,1255.0,Xiulan Hao,,Xiulan Hao
1258,2029,2029,1,1,,,1,,0,True,True,0,1,,0.0,0,0,0.0,0,0,0,0,0,0,1,0,1258.0,Cynthia Pierce,,Cynthia Pierce
1260,2018,2018,1,1,2018,2018,1,0,0,True,False,0,1,22,0.0,0,0,0.0,0,0,1,0,1,0,1,0,1260.0,Colleen Sandoval,,Colleen Sandoval
1261,2010,2011,2,1,,,1,,1,True,False,0,1,,0.0,0,0,7.0,0,0,2,0,2,0,2,0,1261.0,Caroline Reilly,,Caroline Reilly
1262,2018,2018,1,1,2018,2018,1,0,0,True,False,0,1,22,0.0,0,0,0.0,0,0,1,0,1,0,1,0,1262.0,Susan Wong,,Susan Wong
1263,2010,2018,3,2,2018,2018,2,8,8,True,False,0,2,22,0.0,0,0,0.9473684210526316,0,0,2,0,2,0,2,0,1263.0,Lori Waters,,Lori Waters
1266,2001,2001,1,1,,,1,,0,True,False,0,1,,0.0,0,0,0.0,0,0,1,0,1,0,1,0,1266.0,Xia Zeng,,Xia Zeng
1267,2001,2001,1,1,,,1,,0,True,False,0,1,,0.0,0,0,0.0,0,0,1,0,1,0,2,0,1267.0,Wei Cao,,Wei Cao
1270,2024,2029,2,2,,,2,,5,True,False,0,5,,0.0,6,0,1.4,0,0,2,1,3,1,2,0,1270.0,Fang Liang,,Fang Liang
1271,2024,2024,1,1,,,1,,0,True,False,0,1,,0.0,4,0,0.0,0,0,1,0,1,0,1,0,1271.0,Yang Jin,,Yang Jin
1272,2020,2024,2,2,,,2,,4,True,False,0,1,,0.0,6,0,1.75,1,0,1,0,1,0,1,0,1272.0,Qiang Zeng,,Qiang Zeng
1273,2024,2029,3,3,,,3,,5,True,False,0,6,,0.0,5,0,2.0,0,0,3,1,4,1,2,0,1273.0,Gang Wen,,Gang Wen
1274,2020,2024,2,2,,,2,,4,True,False,0,1,,0.0,6,0,1.75,1,0,1,0,1,0,1,0,1274.0,Xiulan Kang,,Xiulan Kang
1275,1991,2029,8,8,2024,2024,4,33,38,True,False,0,12,16,0.0,5,0,0.5870895937673901,1,0,8,1,9,2,2,0,1275.0,Gang Shen,,Gang Shen
1276,2010,2029,9,9,2015,2015,5,5,19,True,False,0,7,25,0.0,9,0,2.2578125,2,0,4,1,5,0,3,0,1276.0,Yong Dong,,Yong Dong
1277,2013,2029,9,9,,,4,,16,True,False,0,11,,0.0,10,0,1.7025316455696202,0,0,8,1,9,4,1,0,1277.0,Min Kong,,Min Kong
1280,2023,2023,1,1,,,1,,0,True,False,0,2,,0.0,0,0,0.0,0,0,1,0,1,0,1,0,1280.0,Yan Tan, Atlas II, Atlas II
1281,2023,2023,1,1,,,1,,0,True,False,0,2,,0.0,0,0,0.0,0,0,1,0,1,0,1,0,1281.0,Ming Bai,,Ming Bai
1282,2023,2023,1,1,,,1,,0,True,False,0,2,,0.0,0,0,0.0,0,0,1,0,1,0,2,0,1282.0,Yang Bai,,Yang Bai
1283,2017,2026,2,2,,,2,,9,True,False,0,4,,0.0,0,0,0.2222222222222222,0,0,2,0,2,0,2,2,1283.0,Tao Peng,,Tao Peng
1287,2027,2027,1,1,,,1,,0,True,True,0,4,,0.0,0,0,0.0,0,0,1,0,1,1,1,0,1287.0,Justin Ellison,,Justin Ellison
1288,2027,2027,1,1,,,1,,0,True,True,0,4,,0.0,0,0,0.0,0,0,1,0,1,1,2,0,1288.0,Xiulan Liao,,Xiulan Liao
1289,2027,2027,1,1,,,1,,0,True,True,0,4,,0.0,0,0,0.0,0,0,1,0,1,1,1,0,1289.0,Juan Meng,,Juan Meng
1294,1987,2017,15,15,2004,2017,2,17,30,True,False,0,46,23,0.0,2,0,0.4751942618051405,0,0,3,0,3,8,3,0,1294.0,Urszula Stochmal,,Urszula Stochmal
1295,2009,2013,3,3,2013,2013,1,4,4,True,False,0,16,27,0.0,0,0,0.0,0,0,2,0,2,4,3,0,1295.0,Marek Oleksa,,Marek Oleksa
1296,2009,2009,1,1,,,1,,0,True,False,0,2,,0.0,1,0,0.0,0,0,2,0,2,0,1,0,1296.0,Arkadiusz Ciesielka,,Arkadiusz Ciesielka
1299,2026,2026,1,1,2026,2026,1,0,0,True,True,0,3,14,0.0,1,0,0.0,0,0,1,0,1,0,1,0,1299.0,Gang Ye,,Gang Ye
1303,2020,2026,2,2,2026,2026,2,6,6,True,False,0,3,14,0.0,1,0,0.3333333333333333,0,0,2,0,2,0,2,0,1303.0,Min Duan,,Min Duan
1304,2018,2027,8,8,2026,2026,6,8,9,True,False,0,27,14,0.0,6,0,1.7499999999999998,0,0,8,0,8,3,3,0,1304.0,Rüdiger Graf,,Rüdiger Graf
1308,2020,2020,1,1,,,1,,0,True,False,0,2,,0.0,0,0,0.0,0,0,1,0,1,0,1,0,1308.0,Loretta Börner,,Loretta Börner
1311,2029,2029,1,1,,,1,,0,True,True,0,4,,0.0,2,0,0.0,0,0,1,0,1,1,1,0,1311.0,Juan Zhang,,Juan Zhang
1312,1987,2029,4,4,2029,2029,2,42,42,True,False,0,8,11,0.0,2,0,0.09090909090909091,0,0,5,0,5,1,2,0,1312.0,Barbara Weitzel,,Barbara Weitzel
1314,2029,2029,1,1,,,1,,0,True,True,0,3,,0.0,0,0,0.0,0,0,1,0,1,0,2,2,1314.0,Chao Yang,Neon Moth,Neon Moth
1316,2029,2029,1,1,,,1,,0,True,True,0,3,,0.0,0,0,0.0,0,0,1,0,1,0,1,2,1316.0,Guiying Zheng,,Guiying Zheng
1318,2024,2029,2,2,,,2,,5,True,False,0,4,,0.0,1,0,0.4,0,0,3,0,3,0,1,2,1318.0,Ming Yao,,Ming Yao
1322,1997,2000,2,2,,,2,,3,True,False,0,0,,0.0,0,0,0.3333333333333333,0,0,1,0,1,0,2,0,1322.0,Fedor Bolzmann,,Fedor Bolzmann
1323,2000,2000,1,1,,,1,,0,True,False,0,0,,0.0,0,0,0.0,0,0,1,0,1,0,1,0,1323.0,Jennifer Faust,,Jennifer Faust
1324,1997,1997,1,1,,,1,,0,True,False,0,0,,0.0,0,0,0.0,0,0,1,0,1,0,1,0,1324.0,Cemil Linke,,Cemil Linke
1327,1996,2029,9,9,2028,2029,5,32,33,True,False,0,22,11,0.0,4,0,0.46243555119076846,0,0,4,0,4,3,3,0,1327.0,Fang Zou,,Fang Zou
1329,1996,2007,2,2,,,1,,11,True,False,0,4,,0.0,3,0,0.18181818181818182,0,0,2,0,2,0,1,0,1329.0,Yang Xiang,,Yang Xiang
1330,1996,1996,1,1,,,1,,0,True,False,0,1,,0.0,3,0,0.0,0,0,2,0,2,0,1,0,1330.0,Jie Wen,,Jie Wen
1334,2010,2010,1,1,,,1,,0,True,False,0,3,,0.0,2,0,0.0,0,0,1,0,1,0,1,0,1334.0,Arthur Sparks,,Arthur Sparks
1335,1998,2015,8,8,2007,2013,2,9,17,True,False,0,21,27,0.0,3,0,1.1423487544483986,0,0,2,1,3,2,2,0,1335.0,Ming Long,,Ming Long
1337,2010,2025,3,3,,,3,,15,True,False,0,6,,0.0,2,0,0.6666666666666666,0,0,4,0,4,0,1,1,1337.0,Guiying Ding,,Guiying Ding
1341,2017,2029,3,2,2029,2029,2,12,12,True,False,0,2,11,0.0,0,0,0.0,0,0,1,0,1,0,3,0,1341.0,Jessica Stewart,,Jessica Stewart
1344,2010,2010,1,1,,,1,,0,True,False,0,1,,0.0,2,0,0.0,0,0,1,0,1,0,1,0,1344.0,Jun Wan,,Jun Wan
1345,2010,2010,1,1,,,1,,0,True,False,0,1,,0.0,2,0,0.0,0,0,1,0,1,0,1,0,1345.0,Gang Du,,Gang Du
1346,2010,2029,8,8,,,4,,19,True,False,0,11,,0.0,4,0,0.6962962962962963,0,0,3,1,4,2,2,0,1346.0,Xiuying Huang,,Xiuying Huang
1347,2010,2026,3,3,,,3,,16,True,False,0,2,,0.0,3,0,0.3986175115207374,0,0,1,1,2,0,3,0,1347.0,Guiying Cao,,Guiying Cao
1348,2013,2026,4,4,,,3,,13,True,False,0,5,,0.0,3,0,0.4586466165413535,0,0,3,1,4,0,2,0,1348.0,Jing Kang,,Jing Kang
1353,2007,2007,1,1,,,1,,0,True,False,0,1,,0.0,0,0,0.0,0,0,0,0,0,0,1,0,1353.0,Jun Xia,,Jun Xia
1355,2007,2007,1,1,,,1,,0,True,False,0,1,,0.0,0,0,0.0,0,0,0,0,0,0,1,0,1355.0,Yan Shao,,Yan Shao
1356,2007,2007,1,1,,,1,,0,True,False,0,1,,0.0,0,0,0.0,0,0,0,0,0,0,1,0,1356.0,Xia Peng,,Xia Peng
1359,2023,2027,2,2,,,1,,4,True,False,0,4,,0.0,0,0,0.75,0,0,1,0,1,1,1,0,1359.0,Yong Chen,,Yong Chen
1360,2023,2023,1,1,,,1,,0,True,False,0,1,,0.0,0,0,0.0,0,0,1,0,1,0,2,0,1360.0,Jie Deng,,Jie Deng
1361,2023,2027,2,2,,,1,,4,True,False,0,4,,0.0,0,0,0.75,0,0,1,0,1,1,2,0,1361.0,Elizabeth Mccarthy,,Elizabeth Mccarthy
1362,2023,2027,2,2,,,1,,4,True,False,0,4,,0.0,0,0,0.75,0,0,1,0,1,1,1,0,1362.0,Xia Du,,Xia Du
1363,2023,2027,2,2,,,1,,4,True,False,0,4,,0.0,0,0,0.75,0,0,1,0,1,1,2,0,1363.0,Fang Gao,,Fang Gao
1365,2003,2022,2,2,,,2,,19,True,False,0,2,,0.0,0,0,0.05263157894736842,0,0,2,0,2,0,1,0,1365.0,Valerie Brown,,Valerie Brown
1366,2003,2003,1,1,,,1,,0,True,False,0,2,,0.0,0,0,0.0,0,0,2,0,2,0,1,0,1366.0,Julie Griffin,,Julie Griffin
1367,2003,2003,1,1,,,1,,0,True,False,0,2,,0.0,0,0,0.0,0,0,2,0,2,0,2,0,1367.0,Cheryl Malone,,Cheryl Malone
1371,2013,2013,1,1,,,1,,0,True,False,0,2,,0.0,0,0,0.0,0,0,1,0,1,0,1,0,1371.0,Jiya Raman, Golden Wolfe, Golden Wolfe
1374,2013,2013,1,1,,,1,,0,True,False,0,2,,0.0,0,0,0.0,0,0,1,0,1,0,1,0,1374.0,Nayantara Dugal,,Nayantara Dugal
1376,1987,2025,3,3,,,3,,38,True,False,0,2,,0.0,0,0,0.06982823002240478,0,0,2,0,2,0,2,0,1376.0,Dawn Ramsey,,Dawn Ramsey
1377,1987,1990,2,2,,,2,,3,True,False,0,1,,0.0,1,0,0.3333333333333333,0,0,1,0,1,0,1,0,1377.0,Li Fu,,Li Fu
1380,2028,2028,1,1,,,1,,0,True,True,0,1,,0.0,0,0,0.0,0,0,1,0,1,1,2,0,1380.0,Alex Bridges,,Alex Bridges
1381,2028,2028,1,1,,,1,,0,True,True,0,1,,0.0,0,0,0.0,0,0,1,0,1,1,1,0,1381.0,Adam Carter,,Adam Carter
1382,2028,2028,1,1,,,1,,0,True,True,0,1,,0.0,0,0,0.0,0,0,1,0,1,1,1,0,1382.0,David Richardson,,David Richardson
1385,2028,2028,1,1,,,1,,0,True,True,0,1,,0.0,0,0,0.0,0,0,0,0,0,0,2,0,1385.0,Xiulan Liu,,Xiulan Liu
1389,1989,1989,1,1,,,1,,0,True,False,0,1,,0.0,0,0,0.0,0,0,1,0,1,0,1,0,1389.0,Yvette Cohen,,Yvette Cohen
1390,1989,1989,1,1,,,1,,0,True,False,0,1,,0.0,0,0,0.0,0,0,1,0,1,0,1,0,1390.0,David Choi,,David Choi
1391,1989,1989,1,1,,,1,,0,True,False,0,1,,0.0,0,0,0.0,0,0,1,0,1,0,2,0,1391.0,Scott Schwartz,,Scott Schwartz
1392,1989,1989,1,1,,,1,,0,True,False,0,1,,0.0,0,0,0.0,0,0,1,0,1,0,1,0,1392.0,Bradley Gray,,Bradley Gray
1396,2023,2023,1,1,,,1,,0,True,False,0,2,,0.0,0,0,0.0,0,0,1,0,1,1,1,0,1396.0,Yan Wen,,Yan Wen
1397,2023,2023,1,1,,,1,,0,True,False,0,2,,0.0,0,0,0.0,0,0,1,0,1,1,1,0,1397.0,Yan Xiao,,Yan Xiao
1398,2023,2023,1,1,,,1,,0,True,False,0,2,,0.0,0,0,0.0,0,0,1,0,1,1,3,0,1398.0,Tao Shen,,Tao Shen
1399,2023,2023,2,2,,,2,,0,True,False,0,3,,0.0,0,0,0.0,0,0,1,0,1,1,3,1,1399.0,Jeffrey Watson,,Jeffrey Watson
1403,2022,2022,1,1,,,1,,0,True,False,0,2,,0.0,1,0,0.0,0,0,1,0,1,0,2,0,1403.0,Qiang Zhang,,Qiang Zhang
1404,2022,2029,2,2,,,2,,7,True,False,0,6,,0.0,1,0,0.14285714285714285,1,0,1,0,1,0,1,0,1404.0,Richard Obrien,,Richard Obrien
1405,2022,2029,2,2,,,2,,7,True,False,0,6,,0.0,1,0,0.14285714285714285,1,0,1,0,1,0,1,0,1405.0,Wesley Walker,,Wesley Walker
1406,2022,2022,1,1,,,1,,0,True,False,0,2,,0.0,1,0,0.0,0,0,1,0,1,0,2,0,1406.0,Yang Yu,,Yang Yu
1408,2023,2023,1,1,,,1,,0,True,False,0,1,,0.0,1,0,0.0,0,0,2,0,2,1,1,0,1408.0,Amanda Hunter, Frost Maven, Frost Maven
1409,2023,2023,1,1,,,1,,0,True,False,0,1,,0.0,1,0,0.0,0,0,2,0,2,1,2,0,1409.0,Fang Liang,,Fang Liang
1410,2017,2029,6,5,2025,2032,5,8,12,True,False,0,9,8,0.19999999999999996,2,0,1.08,0,0,6,0,6,2,2,0,1410.0,Guiying Yan,,Guiying Yan
1413,1990,1990,1,0,,,1,,0,True,False,0,1,,0.0,0,0,0.0,0,0,1,0,1,0,2,0,1413.0,Feliciano Noguera-Vallejo, M¥TH, M¥TH
1414,1984,2000,2,2,,,2,,16,True,False,0,2,,0.0,0,0,0.0,0,0,2,0,2,0,2,0,1414.0,Diya Swamy,VYBE LORD,VYBE LORD
1417,2017,2017,1,1,,,1,,0,True,False,0,1,,0.0,0,0,0.0,0,0,1,0,1,0,2,0,1417.0,Mohamed Sastre Godoy,,Mohamed Sastre Godoy
1418,2016,2016,1,1,,,1,,0,True,False,0,1,,0.0,0,0,0.0,0,0,1,0,1,0,2,0,1418.0,Baudelio Anglada-Valenzuela,,Baudelio Anglada-Valenzuela
1419,2017,2017,1,1,,,1,,0,True,False,0,1,,0.0,0,0,0.0,0,0,1,0,1,0,1,0,1419.0,Lauren Powell,,Lauren Powell
1420,2016,2017,2,2,,,1,,1,True,False,0,2,,0.0,0,0,2.0,0,0,1,0,1,0,1,0,1420.0,Prudencio Nilo Arjona Huguet,,Prudencio Nilo Arjona Huguet
1423,1984,1984,1,1,,,1,,0,True,False,0,0,,0.0,0,0,0.0,0,0,1,0,1,0,1,0,1423.0,Halil Neuschäfer,,Halil Neuschäfer
1424,1984,1984,1,1,,,1,,0,True,False,0,0,,0.0,0,0,0.0,0,0,1,0,1,0,1,0,1424.0,Josephine Kabus,,Josephine Kabus
1426,2023,2023,1,1,,,1,,0,True,False,0,1,,0.0,0,0,0.0,0,0,0,0,0,1,2,0,1426.0,Susan Rodriguez,,Susan Rodriguez
1427,2023,2023,1,1,,,1,,0,True,False,0,1,,0.0,0,0,0.0,0,0,0,0,0,1,1,0,1427.0,Miss Cynthia Myers,,Miss Cynthia Myers
1428,2023,2023,1,1,,,1,,0,True,False,0,1,,0.0,0,0,0.0,0,0,0,0,0,1,1,0,1428.0,Fang Pan,,Fang Pan
1429,2020,2026,3,3,2020,2023,3,0,6,True,False,0,2,17,0.0,1,0,1.0,0,0,3,0,3,0,2,0,1429.0,Li Yang,,Li Yang
1432,2017,2017,1,1,,,1,,0,True,False,0,0,,0.0,0,0,0.0,0,0,1,0,1,0,1,0,1432.0,David White,,David White
1433,2017,2022,2,2,,,1,,5,True,False,0,1,,0.0,2,0,0.8,0,0,2,0,2,0,2,0,1433.0,Justin King,,Justin King
1436,2023,2029,2,2,,,2,,6,True,False,0,3,,0.0,5,0,0.8333333333333334,0,0,3,0,3,0,1,3,1436.0,Jun Wen,,Jun Wen
1437,2026,2029,3,3,,,3,,3,True,True,0,4,,0.0,6,0,2.642857142857143,1,0,4,1,5,1,2,3,1437.0,Ping Sun,,Ping Sun
1438,2023,2029,3,3,,,2,,6,True,False,0,4,,0.0,4,0,1.5,1,0,3,1,4,0,1,4,1438.0,Jie Cui,,Jie Cui
1441,1991,2007,3,3,2004,2004,2,13,16,True,False,0,6,36,0.0,4,0,0.37788018433179726,0,0,3,0,3,2,2,0,1441.0,Astrid Lecoq,,Astrid Lecoq
1442,1991,2004,3,3,2004,2004,1,13,13,True,False,0,4,36,0.0,4,0,0.5863309352517985,0,0,2,0,2,0,2,0,1442.0,Élodie Albert,,Élodie Albert
1443,1994,2013,3,3,2004,2004,2,10,19,True,False,0,5,36,0.0,4,0,0.422509225092251,0,0,2,0,2,0,1,0,1443.0,Sayuri Sato,,Sayuri Sato
1444,1991,2013,5,5,,,3,,22,True,False,0,6,,0.0,4,0,0.6152927120669056,0,0,1,1,2,0,2,0,1444.0,Martine Normand,,Martine Normand
1445,1991,2004,3,3,2004,2004,1,13,13,True,False,0,4,36,0.0,4,0,0.5863309352517985,0,0,2,1,3,0,1,0,1445.0,Maggie Faivre,,Maggie Faivre
1448,2020,2020,1,1,,,1,,0,True,False,0,1,,0.0,1,0,0.0,0,0,2,0,2,0,1,0,1448.0,Francisco Campbell,,Francisco Campbell
1449,2017,2020,2,2,,,2,,3,True,False,0,2,,0.0,1,0,2.3333333333333335,0,0,4,0,4,0,2,0,1449.0,Amanda Blake,,Amanda Blake
1450,2016,2020,2,2,,,2,,4,True,False,0,2,,0.0,1,0,1.75,0,0,2,0,2,0,2,0,1450.0,Michelle Byrd,,Michelle Byrd
1451,2020,2020,1,1,,,1,,0,True,False,0,1,,0.0,1,0,0.0,0,0,2,0,2,0,1,0,1451.0,Michael Gordon,,Michael Gordon
1452,2020,2020,1,1,,,1,,0,True,False,0,1,,0.0,1,0,0.0,0,0,2,0,2,0,1,0,1452.0,Valerie Matthews,,Valerie Matthews
1453,2020,2020,1,1,,,1,,0,True,False,0,1,,0.0,1,0,0.0,0,0,2,0,2,0,1,0,1453.0,Maria Merritt,,Maria Merritt
1454,2020,2020,1,1,,,1,,0,True,False,0,1,,0.0,1,0,0.0,0,0,2,0,2,0,1,0,1454.0,William Rodriguez,,William Rodriguez
1456,1994,1994,1,1,,,1,,0,True,False,0,1,,0.0,1,0,0.0,0,0,1,0,1,1,1,0,1456.0,Piotr Wacław, W¥LD, W¥LD
1459,1994,2010,3,3,1996,1996,2,2,16,True,False,0,3,44,0.0,0,0,1.0,0,0,2,0,2,2,2,0,1459.0,Marcel Derek,,Marcel Derek
1462,1991,1991,1,1,1991,1991,1,0,0,True,False,0,0,49,0.0,1,0,0.0,0,0,1,0,1,0,2,0,1462.0,Li Qiu,,Li Qiu
1463,1991,1991,1,1,1991,1991,1,0,0,True,False,0,0,49,0.0,1,0,0.0,0,0,1,0,1,0,1,0,1463.0,Yan Song,,Yan Song
1464,1991,1991,1,1,1991,1991,1,0,0,True,False,0,0,49,0.0,1,0,0.0,0,0,1,0,1,0,1,0,1464.0,Yong Tian,,Yong Tian
1465,1991,2028,8,8,1991,2023,5,0,37,True,False,0,8,17,0.0,6,0,0.7455052696838189,0,0,8,0,8,2,2,0,1465.0,Lei Duan,,Lei Duan
1467,2015,2015,1,1,,,1,,0,True,False,0,6,,0.0,0,0,0.0,0,0,1,0,1,0,2,0,1467.0,Yan Long,,Yan Long
1471,2004,2004,1,1,,,1,,0,True,False,0,1,,0.0,2,0,0.0,0,0,2,0,2,0,2,0,1471.0,Johannes Linke,,Johannes Linke
1472,2004,2020,4,4,,,2,,16,True,False,0,2,,0.0,1,0,0.125,0,0,3,0,3,1,1,0,1472.0,Donald Choi,,Donald Choi
1473,2004,2004,1,1,,,1,,0,True,False,0,1,,0.0,2,0,0.0,0,0,2,0,2,0,1,0,1473.0,Raymond Hornich-Jacob,,Raymond Hornich-Jacob
1474,2004,2023,5,5,,,2,,19,True,False,0,3,,0.0,3,0,0.21033210332103322,0,0,3,1,4,0,1,0,1474.0,Tonya Brown,,Tonya Brown
1477,2013,2025,2,2,,,2,,12,True,False,0,1,,0.0,0,0,0.25,0,0,1,0,1,0,2,0,1477.0,Jivika Mahal,,Jivika Mahal
1478,2013,2025,2,2,,,2,,12,True,False,0,1,,0.0,0,0,0.25,0,0,1,0,1,0,1,0,1478.0,Anaya Barman,,Anaya Barman
1479,2013,2013,1,1,,,1,,0,True,False,0,0,,0.0,0,0,0.0,0,0,1,0,1,0,1,0,1479.0,Zara Anand,,Zara Anand
1480,2013,2025,2,2,,,2,,12,True,False,0,1,,0.0,0,0,0.25,0,0,1,0,1,0,1,0,1480.0,Damini Kata,,Damini Kata
1484,2027,2027,1,1,,,1,,0,True,True,0,3,,0.0,1,0,0.0,0,0,1,0,1,1,1,0,1484.0,Adam Allen, The Dawn, The Dawn
1485,2017,2027,3,3,,,3,,10,True,False,0,4,,0.0,0,0,0.3026315789473684,1,0,1,0,1,1,1,1,1485.0,Janina Kałek,,Janina Kałek
1490,2021,2023,3,2,,,2,,2,True,False,0,6,,0.0,2,0,2.0,0,0,2,1,3,0,2,4,1490.0,Yong Shen,,Yong Shen
1491,2021,2026,3,2,,,2,,5,True,False,0,5,,0.0,2,0,0.8,0,0,2,1,3,0,2,3,1491.0,Yong Lai,,Yong Lai
1492,2021,2026,4,3,,,2,,5,True,False,0,8,,0.0,1,0,1.5789473684210524,0,0,2,1,3,0,1,5,1492.0,Juan Yu,,Juan Yu
1493,2021,2026,4,3,,,2,,5,True,False,0,8,,0.0,1,0,1.5789473684210524,0,0,2,1,3,0,2,5,1493.0,Lei Jin,,Lei Jin
1494,2023,2026,2,2,,,1,,3,True,False,0,5,,0.0,2,0,1.3333333333333333,0,0,2,1,3,0,1,3,1494.0,Qiang Song,,Qiang Song
1496,2004,2004,1,1,2004,2004,1,0,0,True,False,0,0,36,0.0,4,0,0.0,0,0,1,0,1,0,1,0,1496.0,Francesco Lachmann-Ruppert,,Francesco Lachmann-Ruppert
1497,2004,2017,3,3,2004,2007,2,0,13,True,False,0,2,33,0.0,4,0,0.42086330935251803,0,0,3,1,4,0,1,0,1497.0,Horst Barkholz,,Horst Barkholz
1498,2025,2025,1,1,,,1,,0,True,True,0,4,,0.0,0,0,0.0,0,0,1,0,1,0,2,0,1498.0,Silvana Radisch,,Silvana Radisch
1499,2004,2020,3,3,2004,2004,2,0,16,True,False,0,5,36,0.0,3,0,0.125,0,0,3,0,3,1,3,0,1499.0,Bernfried Stolze,,Bernfried Stolze
1504,2018,2018,1,1,,,1,,0,True,False,0,1,,0.0,0,0,0.0,0,0,2,0,2,0,1,0,1504.0,Danielle Wright,,Danielle Wright
1505,2018,2018,1,1,,,1,,0,True,False,0,1,,0.0,0,0,0.0,0,0,2,0,2,0,1,0,1505.0,Tammy Norris,,Tammy Norris
1510,2018,2026,4,4,2023,2023,3,5,8,True,False,0,7,17,0.0,3,0,1.2653061224489792,0,0,1,0,1,3,2,1,1510.0,Tao Dai,,Tao Dai
1511,2018,2018,1,1,,,1,,0,True,False,0,2,,0.0,1,0,0.0,0,0,1,0,1,1,1,0,1511.0,Devin Berger,,Devin Berger
1512,2026,2026,1,1,,,1,,0,True,True,0,2,,0.0,1,0,0.0,0,0,1,0,1,1,1,0,1512.0,Craig Cameron,,Craig Cameron
1513,2018,2027,2,2,,,2,,9,True,False,0,5,,0.0,1,0,0.1111111111111111,0,0,1,0,1,2,2,0,1513.0,Na Zhong,,Na Zhong
1518,2029,2029,1,1,,,1,,0,True,True,0,4,,0.0,1,0,0.0,0,0,1,0,1,0,2,0,1518.0,Juan Feng,,Juan Feng
1519,2017,2029,7,7,,,5,,12,True,False,0,20,,0.0,3,0,1.1438356164383563,0,0,6,0,6,2,2,0,1519.0,Min Lei,,Min Lei
1521,2018,2023,2,2,,,2,,5,True,False,0,3,,0.0,1,0,0.6,0,0,1,0,1,0,1,0,1521.0,Yang Deng,,Yang Deng
1522,2023,2023,1,1,,,1,,0,True,False,0,1,,0.0,1,0,0.0,0,0,1,0,1,0,2,0,1522.0,Xiulan Chang,,Xiulan Chang
1523,2023,2023,1,1,,,1,,0,True,False,0,1,,0.0,1,0,0.0,0,0,1,0,1,0,1,0,1523.0,Chao Qian,,Chao Qian
1525,2009,2009,1,1,,,1,,0,True,False,0,1,,0.0,0,0,0.0,0,0,1,0,1,0,1,0,1525.0,Brian Mclaughlin,,Brian Mclaughlin
1527,2009,2009,1,1,,,1,,0,True,False,0,1,,0.0,0,0,0.0,0,0,1,0,1,0,1,0,1527.0,Carl Jones,,Carl Jones
1530,1984,2029,10,10,,,4,,45,True,False,0,11,,0.0,5,0,0.26873586524214305,0,0,7,0,7,2,3,0,1530.0,Deborah Lucas,,Deborah Lucas
1531,2010,2013,2,2,,,2,,3,True,False,0,2,,0.0,3,0,1.0,0,0,3,0,3,0,3,0,1531.0,Margarita Henschel,,Margarita Henschel
1534,1997,1997,1,1,,,1,,0,True,False,0,0,,0.0,3,0,0.0,0,0,2,0,2,0,2,0,1534.0,Holly Gonzalez,,Holly Gonzalez
1535,1997,2009,5,5,,,1,,12,True,False,0,5,,0.0,2,0,0.43824701195219123,0,0,2,0,2,0,3,0,1535.0,Chad Hampton,,Chad Hampton
1536,1999,1999,1,1,,,1,,0,True,False,0,0,,0.0,2,0,0.0,0,0,1,0,1,0,1,0,1536.0,Ronnie Rodriguez,,Ronnie Rodriguez
1540,2019,2019,1,1,,,1,,0,True,False,0,2,,0.0,1,0,0.0,0,0,2,0,2,0,1,0,1540.0,Greca Matteotti-Jovinelli,,Greca Matteotti-Jovinelli
1541,2018,2029,3,3,2027,2027,3,9,11,True,False,0,5,13,0.0,5,0,0.5436893203883495,0,0,4,0,4,0,2,0,1541.0,Harro Trapp-Caspar,,Harro Trapp-Caspar
1547,2013,2022,3,3,2013,2013,2,0,9,True,False,0,2,27,0.0,3,0,0.8888888888888888,0,0,3,0,3,1,2,0,1547.0,Qiang Lu,,Qiang Lu
1548,2013,2013,1,1,,,1,,0,True,False,0,0,,0.0,1,0,0.0,0,0,0,0,0,0,1,0,1548.0,Brittany Moreno,,Brittany Moreno
1551,2023,2023,1,1,,,1,,0,True,False,0,1,,0.0,0,0,0.0,0,0,1,0,1,1,1,0,1551.0,Fang Xia,,Fang Xia
1552,2023,2023,1,1,,,1,,0,True,False,0,1,,0.0,0,0,0.0,0,0,1,0,1,1,1,0,1552.0,Lei Ye,,Lei Ye
1553,2023,2023,1,1,,,1,,0,True,False,0,1,,0.0,0,0,0.0,0,0,1,0,1,1,1,0,1553.0,Sarah Collins,,Sarah Collins
1555,2023,2023,1,1,,,1,,0,True,False,0,1,,0.0,0,0,0.0,0,0,1,0,1,1,1,0,1555.0,Juan Meng,,Juan Meng
1556,2021,2021,1,1,,,1,,0,True,False,0,1,,0.0,1,0,0.0,0,0,1,0,1,0,2,0,1556.0,Yumiko Ito,,Yumiko Ito
1558,2004,2004,1,0,,,1,,0,True,False,0,0,,0.0,0,0,0.0,0,0,2,0,2,0,1,0,1558.0,Anthony Clark,,Anthony Clark
1559,2004,2004,1,0,,,1,,0,True,False,0,0,,0.0,0,0,0.0,0,0,2,0,2,0,1,0,1559.0,Stilla Seifert,,Stilla Seifert
1561,2004,2004,1,0,,,1,,0,True,False,0,0,,0.0,0,0,0.0,0,0,2,0,2,0,2,0,1561.0,Timothy Simpson,,Timothy Simpson
1562,2004,2004,1,0,,,1,,0,True,False,0,0,,0.0,0,0,0.0,0,0,2,0,2,0,1,0,1562.0,Jonathan Wade,,Jonathan Wade
1563,2004,2023,2,0,,,2,,19,True,False,0,2,,0.0,0,0,0.2631578947368421,0,0,2,0,2,0,1,0,1563.0,Michael Snow,,Michael Snow
1564,2004,2004,1,0,,,1,,0,True,False,0,0,,0.0,0,0,0.0,0,0,2,0,2,0,1,0,1564.0,Rhonda Ward,,Rhonda Ward
1565,2004,2004,1,0,,,1,,0,True,False,0,0,,0.0,0,0,0.0,0,0,2,0,2,0,1,0,1565.0,Tilly Eigenwillig,,Tilly Eigenwillig
1566,2004,2004,1,0,,,1,,0,True,False,0,0,,0.0,0,0,0.0,0,0,2,0,2,0,1,0,1566.0,Douglas Haynes,,Douglas Haynes
1567,2004,2004,1,0,,,1,,0,True,False,0,0,,0.0,0,0,0.0,0,0,2,0,2,0,1,0,1567.0,John Mitchell,,John Mitchell
1568,2004,2004,1,0,,,1,,0,True,False,0,0,,0.0,0,0,0.0,0,0,2,0,2,0,1,0,1568.0,Deborah Matthews,,Deborah Matthews
1572,2023,2026,2,2,,,1,,3,True,False,0,12,,0.0,3,0,3.3333333333333335,0,0,3,0,3,4,1,0,1572.0,Ryan Kala,,Ryan Kala
1573,2023,2026,2,2,,,1,,3,True,False,0,12,,0.0,3,0,3.3333333333333335,0,0,3,0,3,4,1,0,1573.0,Rosalia Bloch,,Rosalia Bloch
1574,2023,2026,2,2,,,1,,3,True,False,0,12,,0.0,3,0,3.3333333333333335,0,0,3,0,3,4,1,0,1574.0,Heinz-Joachim Anders,,Heinz-Joachim Anders
1575,2017,2026,3,3,,,2,,9,True,False,0,12,,0.0,2,0,2.261904761904762,0,0,4,0,4,4,1,0,1575.0,Joseph Dixon,,Joseph Dixon
1576,2026,2026,1,1,,,1,,0,True,True,0,7,,0.0,3,0,0.0,0,0,2,0,2,2,1,0,1576.0,Edward Hamilton,,Edward Hamilton
1577,2026,2026,1,1,,,1,,0,True,True,0,7,,0.0,3,0,0.0,0,0,2,0,2,2,1,0,1577.0,Megan Diaz,,Megan Diaz
1578,2023,2026,2,2,,,1,,3,True,False,0,12,,0.0,3,0,3.3333333333333335,0,0,3,0,3,4,1,0,1578.0,Rita Hänel,,Rita Hänel
1579,2017,2026,3,3,,,2,,9,True,False,0,12,,0.0,2,0,2.261904761904762,0,0,4,0,4,4,2,0,1579.0,Liliana Heidrich,,Liliana Heidrich
1580,2023,2023,1,1,,,1,,0,True,False,0,5,,0.0,3,0,0.0,0,0,1,0,1,2,2,0,1580.0,Sharon Delgado,,Sharon Delgado
1581,2023,2026,2,2,,,1,,3,True,False,0,12,,0.0,3,0,3.3333333333333335,0,0,3,0,3,4,2,0,1581.0,Alexandra Sauer-Ditschlerin,,Alexandra Sauer-Ditschlerin
1582,2026,2026,1,1,,,1,,0,True,True,0,7,,0.0,3,0,0.0,0,0,2,0,2,2,1,0,1582.0,Alex Mathis,,Alex Mathis
1586,2007,2007,1,1,,,1,,0,True,False,0,1,,0.0,0,0,0.0,0,0,2,0,2,0,3,0,1586.0,Christopher Ward,,Christopher Ward
1589,2029,2029,1,1,,,1,,0,True,True,0,2,,0.0,0,0,0.0,0,0,1,0,1,0,1,0,1589.0,Juan Yao,,Juan Yao
1590,2029,2029,1,1,,,1,,0,True,True,0,2,,0.0,0,0,0.0,0,0,1,0,1,0,2,0,1590.0,Fang Du,,Fang Du
1591,2029,2029,1,1,,,1,,0,True,True,0,2,,0.0,0,0,0.0,0,0,1,0,1,0,1,0,1591.0,Fang Xu,,Fang Xu
1592,2029,2029,1,1,,,1,,0,True,True,0,2,,0.0,0,0,0.0,0,0,1,0,1,0,1,0,1592.0,Jie Yin,,Jie Yin
1593,2029,2029,1,1,,,1,,0,True,True,0,2,,0.0,0,0,0.0,0,0,1,0,1,0,1,0,1593.0,Qiang Chang,,Qiang Chang
1597,1997,1997,1,1,,,1,,0,True,False,0,1,,0.0,0,0,0.0,0,0,2,0,2,0,2,0,1597.0,Walentina Ernst-Klingelhöfer,,Walentina Ernst-Klingelhöfer
1598,1997,2005,2,2,,,2,,8,True,False,0,2,,0.0,0,0,0.0,0,0,2,0,2,0,1,0,1598.0,Nikolas Naser,,Nikolas Naser
1601,2025,2025,1,1,,,1,,0,True,True,0,1,,0.0,0,0,0.0,0,0,1,0,1,0,1,0,1601.0,Caleb Long,,Caleb Long
1603,2025,2025,1,1,,,1,,0,True,True,0,1,,0.0,0,0,0.0,0,0,1,0,1,0,2,0,1603.0,Matthew Hall,,Matthew Hall
1606,2000,2029,3,3,2029,2029,2,29,29,True,False,0,3,11,0.0,0,0,0.11992136304062907,0,0,2,0,2,0,1,0,1606.0,Jun Zheng,,Jun Zheng
1607,2000,2000,1,1,,,1,,0,True,False,0,1,,0.0,1,0,0.0,0,0,1,0,1,0,1,0,1607.0,Lei Gu,,Lei Gu
1609,1999,1999,1,1,,,1,,0,True,False,0,1,,0.0,1,0,0.0,0,0,1,0,1,0,2,0,1609.0,Igor Rychcik,,Igor Rychcik
1610,1990,2029,3,3,,,2,,39,True,False,0,8,,0.0,1,0,0.1,0,0,3,0,3,1,2,0,1610.0,Marianna Stefanik,,Marianna Stefanik
1612,2020,2029,3,3,,,2,,9,True,False,0,3,,0.0,3,0,0.7238805970149254,0,0,3,1,4,0,1,0,1612.0,Rita Iannucci,,Rita Iannucci
1613,2015,2015,1,1,,,1,,0,True,False,0,0,,0.0,3,0,0.0,0,0,1,0,1,0,1,0,1613.0,Luciana Iacovelli,,Luciana Iacovelli
1614,2015,2029,4,4,,,2,,14,True,False,0,4,,0.0,3,0,0.7274939172749392,0,0,4,1,5,1,2,0,1614.0,Michelangelo Nolcini,,Michelangelo Nolcini
1615,2015,2029,3,3,,,1,,14,True,False,0,2,,0.0,3,0,0.49337748344370863,0,0,3,1,4,0,2,0,1615.0,Nada Pechel,,Nada Pechel
1619,2017,2017,1,1,,,1,,0,True,False,0,1,,0.0,0,0,0.0,0,0,1,0,1,0,1,0,1619.0,Tao Zou,,Tao Zou
1621,2026,2026,1,1,,,1,,0,True,True,0,1,,0.0,0,0,0.0,0,0,1,0,1,0,2,0,1621.0,Yong Zhang,,Yong Zhang
1622,1997,2026,2,1,,,1,,29,True,False,0,2,,0.0,1,0,0.10344827586206896,0,0,3,0,3,0,1,0,1622.0,Qiang Fan,,Qiang Fan
1623,2026,2026,1,1,,,1,,0,True,True,0,1,,0.0,0,0,0.0,0,0,1,0,1,0,1,0,1623.0,Jie Gong,,Jie Gong
1624,2026,2026,1,1,,,1,,0,True,True,0,1,,0.0,0,0,0.0,0,0,1,0,1,0,2,0,1624.0,Chao Guo,,Chao Guo
1627,2020,2020,1,1,,,1,,0,True,False,0,2,,0.0,1,0,0.0,0,0,1,0,1,0,1,0,1627.0,Xiuying Huang,,Xiuying Huang
1628,2020,2020,2,2,,,2,,0,True,False,0,5,,0.0,1,0,0.0,0,0,2,0,2,0,2,0,1628.0,Yong Fu,,Yong Fu
1630,2023,2023,1,1,,,1,,0,True,False,0,4,,0.0,0,0,0.0,0,0,0,0,0,1,2,2,1630.0,Nath Henry,Revel,Revel
1631,2023,2023,1,1,,,1,,0,True,False,0,4,,0.0,0,0,0.0,0,0,0,0,0,1,1,2,1631.0,Odette Dupuy,,Odette Dupuy
1633,2023,2023,1,1,,,1,,0,True,False,0,4,,0.0,0,0,0.0,0,0,0,0,0,1,1,2,1633.0,Guillaume Petitjean,,Guillaume Petitjean
1636,2026,2026,2,2,,,2,,0,True,True,0,3,,0.0,0,0,0.0,0,0,2,0,2,2,3,0,1636.0,Gabrielle Richardson,,Gabrielle Richardson
1637,2026,2026,1,1,,,1,,0,True,True,0,2,,0.0,0,0,0.0,0,0,1,0,1,2,2,0,1637.0,Juan Hall,,Juan Hall
1638,2026,2026,2,2,,,2,,0,True,True,0,3,,0.0,0,0,0.0,0,0,2,0,2,2,1,0,1638.0,Bryan Smith,,Bryan Smith
1643,2013,2027,3,3,,,2,,14,True,False,0,2,,0.0,5,0,0.49337748344370874,0,0,2,0,2,1,1,0,1643.0,Xia Yao,,Xia Yao
1644,1997,2013,2,2,,,2,,16,True,False,0,0,,0.0,8,0,0.5,0,0,2,0,2,0,2,0,1644.0,Fang Tao,,Fang Tao
1645,2013,2023,2,2,,,2,,10,True,False,0,0,,0.0,6,0,0.4,0,0,1,0,1,0,1,0,1645.0,Yong Yu,,Yong Yu
1646,2013,2013,1,1,,,1,,0,True,False,0,0,,0.0,5,0,0.0,0,0,1,0,1,0,1,0,1646.0,Xiulan Mo,,Xiulan Mo
1647,2013,2013,1,1,,,1,,0,True,False,0,0,,0.0,5,0,0.0,0,0,1,0,1,0,1,0,1647.0,Wei Gao,,Wei Gao
1648,2013,2023,4,4,2014,2014,4,1,10,True,False,0,1,26,0.0,6,0,1.0483870967741935,0,0,1,0,1,1,3,0,1648.0,Ping Tian,,Ping Tian
1649,2013,2028,5,5,,,3,,15,True,False,0,8,,0.0,6,0,0.7253521126760564,0,0,2,0,2,2,1,0,1649.0,Lei He,,Lei He
1650,2013,2029,9,9,2014,2014,7,1,16,True,False,0,12,26,0.0,6,0,0.6989381636477203,0,0,4,0,4,2,3,0,1650.0,Daniel Lyons,,Daniel Lyons
1651,2007,2025,3,3,,,3,,18,True,False,0,2,,0.0,4,0,0.5,0,0,3,0,3,0,3,1,1651.0,Jun Yu,,Jun Yu
1653,2027,2027,1,1,2027,2027,1,0,0,True,True,0,2,13,0.0,0,0,0.0,0,0,1,0,1,0,1,0,1653.0,Charo Cañas Saez,,Charo Cañas Saez
1654,2027,2027,1,1,2027,2027,1,0,0,True,True,0,2,13,0.0,0,0,0.0,0,0,1,0,1,0,2,0,1654.0,Concepción Ripoll,,Concepción Ripoll
1655,2027,2027,1,1,2027,2027,1,0,0,True,True,0,2,13,0.0,0,0,0.0,0,0,1,0,1,0,1,0,1655.0,Cayetana Bernal-Ocaña,,Cayetana Bernal-Ocaña
1656,2027,2027,1,1,2027,2027,1,0,0,True,True,0,2,13,0.0,0,0,0.0,0,0,1,0,1,0,1,0,1656.0,Alfonso Albero Cervera,,Alfonso Albero Cervera
1662,2010,2029,5,5,2029,2029,3,19,19,True,False,0,14,11,0.0,4,0,0.8372827804107426,0,0,2,1,3,3,2,0,1662.0,Yan Wen,,Yan Wen
1663,2013,2013,1,1,,,1,,0,True,False,0,2,,0.0,3,0,0.0,0,0,1,0,1,1,2,0,1663.0,Xiulan Zhao,,Xiulan Zhao
1664,2010,2029,5,5,2029,2029,3,19,19,True,False,0,15,11,0.0,4,0,0.8034188034188033,0,0,2,1,3,3,2,0,1664.0,Min Jia,,Min Jia
1666,2026,2026,1,1,,,1,,0,True,True,0,1,,0.0,0,0,0.0,0,0,1,0,1,0,1,1,1666.0,Gang Pan,,Gang Pan
1668,2026,2026,1,1,,,1,,0,True,True,0,1,,0.0,0,0,0.0,0,0,1,0,1,0,1,1,1668.0,Chao Mo,,Chao Mo
1672,2026,2026,1,1,,,1,,0,True,True,0,1,,0.0,0,0,0.0,0,0,2,0,2,0,1,0,1672.0,Herr Karl-Josef Roskoth,The Phantom Axiom,The Phantom Axiom
1673,2026,2026,1,1,,,1,,0,True,True,0,1,,0.0,0,0,0.0,0,0,2,0,2,0,1,0,1673.0,Élise François-Berthelot,,Élise François-Berthelot
1675,2026,2026,1,1,,,1,,0,True,True,0,1,,0.0,0,0,0.0,0,0,2,0,2,0,1,0,1675.0,Noël Loiseau,,Noël Loiseau
1676,2026,2026,1,1,,,1,,0,True,True,0,1,,0.0,0,0,0.0,0,0,2,0,2,0,1,0,1676.0,Siegmar Heintze,,Siegmar Heintze
1677,2026,2026,1,1,,,1,,0,True,True,0,1,,0.0,0,0,0.0,0,0,2,0,2,0,1,0,1677.0,Henriette Duval,,Henriette Duval
1678,2026,2026,1,1,,,1,,0,True,True,0,1,,0.0,0,0,0.0,0,0,2,0,2,0,1,0,1678.0,Thibault Ollivier,,Thibault Ollivier
1683,2027,2027,1,1,,,1,,0,True,True,0,7,,0.0,0,0,0.0,0,0,1,0,1,1,1,0,1683.0,Jing Zhong,,Jing Zhong
1686,2020,2020,1,1,,,1,,0,True,False,0,1,,0.0,0,0,0.0,0,0,2,0,2,0,2,0,1686.0,Sandra Horton,,Sandra Horton
1690,2010,2010,1,1,,,1,,0,True,False,0,1,,0.0,0,0,0.0,0,0,2,0,2,0,1,0,1690.0,Ping Xiang,,Ping Xiang
1691,2010,2010,1,1,,,1,,0,True,False,0,1,,0.0,0,0,0.0,0,0,2,0,2,0,2,0,1691.0,April Brown,,April Brown
1692,2010,2010,1,1,,,1,,0,True,False,0,1,,0.0,0,0,0.0,0,0,2,0,2,0,2,0,1692.0,Jing Chang,,Jing Chang
1695,2025,2025,1,1,,,1,,0,True,True,0,1,,0.0,0,0,0.0,0,0,1,0,1,0,1,0,1695.0,Wei Xue,,Wei Xue
1696,2025,2025,1,1,,,1,,0,True,True,0,1,,0.0,0,0,0.0,0,0,1,0,1,0,1,0,1696.0,Ming He,,Ming He
1697,2025,2025,1,1,,,1,,0,True,True,0,1,,0.0,0,0,0.0,0,0,1,0,1,0,1,0,1697.0,Xiuying Yuan,,Xiuying Yuan
1698,2025,2025,1,1,,,1,,0,True,True,0,1,,0.0,0,0,0.0,0,0,1,0,1,0,1,0,1698.0,Xiulan Ren,,Xiulan Ren
1701,2016,2016,1,1,,,1,,0,True,False,0,0,,0.0,0,0,0.0,0,0,1,0,1,0,2,0,1701.0,Carsten Heinz,,Carsten Heinz
1703,2010,2022,2,2,,,1,,12,True,False,0,1,,0.0,0,0,0.25,0,0,1,0,1,0,1,0,1703.0,Igor Goliasz,,Igor Goliasz
1705,2022,2022,1,1,,,1,,0,True,False,0,1,,0.0,0,0,0.0,0,0,1,0,1,0,2,0,1705.0,Artur Garbacik,,Artur Garbacik
1706,2022,2022,1,1,,,1,,0,True,False,0,1,,0.0,0,0,0.0,0,0,1,0,1,0,2,0,1706.0,Konrad Klinkosz,,Konrad Klinkosz
1707,2010,2010,1,1,,,1,,0,True,False,0,0,,0.0,0,0,0.0,0,0,1,0,1,0,1,0,1707.0,Bartek Tatarczyk,,Bartek Tatarczyk
1710,2026,2026,1,1,,,1,,0,True,True,0,2,,0.0,0,0,0.0,0,0,1,0,1,1,1,0,1710.0,Ping Bai,,Ping Bai
1711,2026,2026,2,2,,,2,,0,True,True,0,6,,0.0,0,0,0.0,0,0,1,0,1,2,1,0,1711.0,Gang Tan,,Gang Tan
1712,2026,2026,1,1,,,1,,0,True,True,0,2,,0.0,0,0,0.0,0,0,1,0,1,1,2,0,1712.0,Chao Han,,Chao Han
1713,2026,2026,1,1,,,1,,0,True,True,0,4,,0.0,0,0,0.0,0,0,1,0,1,1,1,0,1713.0,Guiying Jiang,,Guiying Jiang
1714,2023,2026,2,2,,,1,,3,True,False,0,7,,0.0,2,0,1.3333333333333333,0,0,3,0,3,1,1,0,1714.0,Fang Song,,Fang Song
1716,2016,2029,22,20,2023,2024,6,7,13,True,False,0,74,16,0.0,19,0,10.134564643799472,1,0,5,1,6,10,3,0,1716.0,Kimberly Snyder, Slate, Slate
1717,2029,2029,1,1,,,1,,0,True,True,0,7,,0.0,3,0,0.0,0,0,1,0,1,2,2,0,1717.0,Michael Washington,,Michael Washington
1718,2018,2029,10,10,2023,2023,5,5,11,True,False,0,55,17,0.0,13,0,4.926070038910508,2,0,3,1,4,10,3,0,1718.0,Joshua Herring,,Joshua Herring
1719,2017,2029,14,12,2023,2024,6,6,12,True,False,0,58,16,0.0,17,0,6.688654353562004,0,0,4,1,5,9,1,0,1719.0,Gerald Mullins,,Gerald Mullins
1720,2026,2029,2,1,,,2,,3,True,True,0,11,,0.0,7,0,1.6666666666666667,0,0,3,0,3,2,2,0,1720.0,Andrew Montgomery,,Andrew Montgomery
1721,2029,2029,1,1,,,1,,0,True,True,0,7,,0.0,3,0,0.0,0,0,1,0,1,2,1,0,1721.0,Casey Wright,,Casey Wright
1725,2020,2020,1,1,2020,2020,1,0,0,True,False,0,0,20,0.0,0,0,0.0,0,0,1,0,1,0,2,0,1725.0,Bethany Thompson,,Bethany Thompson
1728,2020,2026,2,2,2020,2020,1,0,6,True,False,0,1,20,0.0,0,0,0.5,0,0,2,0,2,0,1,0,1728.0,Alois Jäntsch-Hecker,,Alois Jäntsch-Hecker
1733,2013,2013,1,1,,,1,,0,True,False,0,0,,0.0,0,0,0.0,0,0,1,0,1,0,1,0,1733.0,Matthew Hickman,,Matthew Hickman
1734,2013,2013,1,1,,,1,,0,True,False,0,0,,0.0,0,0,0.0,0,0,1,0,1,0,1,0,1734.0,Christina Berry,,Christina Berry
1735,2013,2013,1,1,,,1,,0,True,False,0,0,,0.0,0,0,0.0,0,0,1,0,1,0,1,0,1735.0,Jeffery Koch,,Jeffery Koch
1736,2013,2013,1,1,,,1,,0,True,False,0,0,,0.0,0,0,0.0,0,0,1,0,1,0,1,0,1736.0,Nicole Gray,,Nicole Gray
1739,2017,2017,1,1,2017,2017,1,0,0,True,False,0,1,23,0.0,2,0,0.0,0,0,2,0,2,0,1,0,1739.0,Andrew Peters,,Andrew Peters
1743,2013,2017,3,3,,,2,,4,True,False,0,5,,0.0,6,0,2.5,0,0,2,1,3,3,2,0,1743.0,Xiulan Wei,,Xiulan Wei
1744,2017,2017,1,1,,,1,,0,True,False,0,1,,0.0,3,0,0.0,0,0,1,0,1,0,1,0,1744.0,Xia Lu,,Xia Lu
1745,2017,2029,3,3,,,3,,12,True,False,0,8,,0.0,4,0,0.3333333333333333,0,0,3,0,3,2,2,0,1745.0,Lei Yi,,Lei Yi
1747,2017,2017,1,1,,,1,,0,True,False,0,1,,0.0,3,0,0.0,0,0,1,0,1,0,1,0,1747.0,Teresa Ellis,,Teresa Ellis
1749,2017,2017,1,1,,,1,,0,True,False,0,1,,0.0,1,0,0.0,0,0,0,0,0,1,2,0,1749.0,Jeffrey Herring,,Jeffrey Herring
1750,2023,2023,1,1,,,1,,0,True,False,0,0,,0.0,1,0,0.0,0,0,2,0,2,0,2,0,1750.0,Lori Delgado,,Lori Delgado
1751,2023,2023,1,1,,,1,,0,True,False,0,0,,0.0,1,0,0.0,0,0,2,0,2,0,1,0,1751.0,Levi Stewart,,Levi Stewart
1752,2017,2029,4,4,2029,2029,3,12,12,True,False,0,7,11,0.0,1,0,0.8333333333333334,0,0,5,0,5,1,3,0,1752.0,Tao Cui,,Tao Cui
1753,2023,2023,1,1,,,1,,0,True,False,0,0,,0.0,1,0,0.0,0,0,2,0,2,0,1,0,1753.0,Christopher Andrews,,Christopher Andrews
1754,2017,2023,2,2,,,2,,6,True,False,0,1,,0.0,1,0,0.6666666666666666,0,0,2,0,2,1,1,0,1754.0,Ashley Yang,,Ashley Yang
1758,1995,2027,8,7,2010,2010,5,15,32,True,False,0,13,30,0.0,3,0,0.15934065934065933,0,0,3,0,3,0,2,0,1758.0,Michael Boyd,,Michael Boyd
1760,2024,2024,1,1,,,1,,0,True,False,0,0,,0.0,0,0,0.0,0,0,1,0,1,0,1,0,1760.0,Lei Kong,,Lei Kong
1762,2024,2024,1,1,,,1,,0,True,False,0,0,,0.0,0,0,0.0,0,0,1,0,1,0,1,0,1762.0,Qiang Bai,,Qiang Bai
1764,2022,2022,1,1,2022,2022,1,0,0,True,False,0,0,18,0.0,0,0,0.0,0,0,1,0,1,0,2,0,1764.0,Fang Tao,,Fang Tao
1765,2022,2022,1,1,2022,2022,1,0,0,True,False,0,0,18,0.0,0,0,0.0,0,0,1,0,1,0,1,0,1765.0,Na Meng,,Na Meng
1766,2022,2022,1,1,2022,2022,1,0,0,True,False,0,0,18,0.0,0,0,0.0,0,0,1,0,1,0,1,0,1766.0,Wei Su,,Wei Su
1767,2022,2022,1,1,2022,2022,1,0,0,True,False,0,0,18,0.0,0,0,0.0,0,0,1,0,1,0,1,0,1767.0,Richard White,,Richard White
1768,2022,2022,1,1,2022,2022,1,0,0,True,False,0,0,18,0.0,0,0,0.0,0,0,1,0,1,0,1,0,1768.0,Yan Yan,,Yan Yan
1769,2022,2023,2,2,2022,2023,2,0,1,True,False,0,2,17,0.0,4,0,4.0,0,0,2,0,2,0,1,1,1769.0,Fang Jiang,,Fang Jiang
1770,2022,2022,1,1,2022,2022,1,0,0,True,False,0,0,18,0.0,0,0,0.0,0,0,1,0,1,0,2,0,1770.0,Tao Huang,,Tao Huang
1774,2028,2030,3,3,2029,2029,1,1,2,True,True,1,11,11,0.0,1,0,5.5,0,0,2,1,3,1,2,0,1774.0,Paula Wilson,,Paula Wilson
1775,2028,2028,1,1,,,1,,0,True,True,0,4,,0.0,2,0,0.0,0,0,2,1,3,0,2,0,1775.0,Steven Branch,,Steven Branch
1776,2030,2030,1,1,,,1,,0,True,True,1,6,,0.0,2,0,0.0,0,0,1,0,1,1,1,0,1776.0,Brittany Wright,,Brittany Wright
1777,2029,2030,2,2,2029,2029,1,0,1,True,True,1,7,11,0.0,2,0,4.0,0,0,1,1,2,1,2,0,1777.0,Judith Hunter,,Judith Hunter
1778,2029,2030,2,2,2029,2029,1,0,1,True,True,1,7,11,0.0,2,0,4.0,0,0,1,1,2,1,2,0,1778.0,Rachel Wilson,,Rachel Wilson
1780,2017,2017,1,1,2017,2017,1,0,0,True,False,0,1,23,0.0,2,0,0.0,0,0,2,0,2,0,1,0,1780.0,Nikolaos Jäkel,,Nikolaos Jäkel
1781,2017,2020,2,2,2017,2017,2,0,3,True,False,0,2,23,0.0,2,0,1.0,0,0,2,0,2,0,2,0,1781.0,Peggy Krebs,,Peggy Krebs
1782,2020,2023,2,2,2023,2023,1,3,3,True,False,0,2,17,0.0,1,0,1.0,0,0,2,0,2,1,1,0,1782.0,Alexa Albers-Säuberlich,,Alexa Albers-Säuberlich
1785,2024,2027,6,6,,,4,,3,True,False,0,10,,0.0,5,0,7.285714285714286,0,0,6,0,6,1,3,0,1785.0,Ping Zeng,,Ping Zeng
1788,2026,2026,1,1,,,1,,0,True,True,0,2,,0.0,0,0,0.0,0,0,1,0,1,1,2,0,1788.0,Melissa Harris,,Melissa Harris
1792,1997,2010,2,2,,,1,,13,True,False,0,2,,0.0,1,0,0.0,0,0,2,0,2,0,2,0,1792.0,Danielle Walsh,,Danielle Walsh
1793,2010,2030,2,2,2030,2030,2,20,20,True,False,1,3,10,0.0,2,0,0.15,0,0,4,0,4,0,1,0,1793.0,Yang Hou,,Yang Hou
1798,2028,2028,1,1,,,1,,0,True,True,0,7,,0.0,0,0,0.0,1,0,1,0,1,1,1,0,1798.0,Ping Xia,,Ping Xia
1799,2028,2028,1,1,,,1,,0,True,True,0,7,,0.0,0,0,0.0,1,0,1,0,1,1,1,0,1799.0,Steve Guzman,,Steve Guzman
1800,2028,2028,1,1,,,1,,0,True,True,0,7,,0.0,0,0,0.0,1,0,1,0,1,1,2,0,1800.0,Qiang Chang,,Qiang Chang
1801,2028,2028,1,1,,,1,,0,True,True,0,7,,0.0,0,0,0.0,1,0,1,0,1,1,2,0,1801.0,Fang Shen,,Fang Shen
1802,2020,2028,3,3,,,3,,8,True,False,0,13,,0.0,2,0,0.625,0,0,2,0,2,0,3,0,1802.0,Chao Wan,,Chao Wan
1803,2028,2028,1,1,,,1,,0,True,True,0,7,,0.0,0,0,0.0,1,0,1,0,1,1,1,0,1803.0,Na Duan,,Na Duan
1805,2013,2013,1,1,,,1,,0,True,False,0,8,,0.0,0,0,0.0,0,0,1,0,1,0,2,0,1805.0,Vedika Dar,,Vedika Dar
1808,2006,2006,1,1,,,1,,0,True,False,0,0,,0.0,0,0,0.0,0,0,1,0,1,0,1,0,1808.0,Renato Holsten,,Renato Holsten
1809,2009,2009,1,1,,,1,,0,True,False,0,1,,0.0,0,0,0.0,0,0,1,0,1,0,2,0,1809.0,Ottomar Spieß,,Ottomar Spieß
1811,2028,2028,1,1,,,1,,0,True,True,0,1,,0.0,0,0,0.0,0,0,0,0,0,1,2,0,1811.0,Nanami Sakamoto,,Nanami Sakamoto
1815,2002,2009,4,4,2004,2009,2,2,7,True,False,0,7,31,0.0,1,0,0.5700934579439252,0,0,2,0,2,2,2,0,1815.0,Konrad Goss,,Konrad Goss
1816,2002,2009,2,2,2009,2009,1,7,7,True,False,0,2,31,0.0,2,0,0.2857142857142857,0,0,2,0,2,1,2,0,1816.0,Kornel Preś,,Kornel Preś
1818,1997,2004,3,3,,,1,,7,True,False,0,4,,0.0,1,0,0.42857142857142855,0,0,2,0,2,0,1,0,1818.0,Sarah James,,Sarah James
1819,1997,1997,1,1,,,1,,0,True,False,0,1,,0.0,2,0,0.0,0,0,1,0,1,0,1,0,1819.0,Michele Kim,,Michele Kim
1820,1997,2004,2,2,,,1,,7,True,False,0,3,,0.0,2,0,0.42857142857142855,0,0,2,0,2,0,2,0,1820.0,Susan Mcclain,,Susan Mcclain
1826,2029,2029,1,1,,,1,,0,True,True,0,5,,0.0,0,0,0.0,0,0,1,0,1,0,1,4,1826.0,Ping Feng,,Ping Feng
1827,2029,2029,2,2,,,2,,0,True,True,0,7,,0.0,1,0,0.0,0,0,3,0,3,0,1,4,1827.0,Donna Ryan,,Donna Ryan
1828,2029,2029,1,1,,,1,,0,True,True,0,5,,0.0,0,0,0.0,0,0,1,0,1,0,1,4,1828.0,Li Deng,,Li Deng
1832,2029,2029,1,1,,,1,,0,True,True,0,4,,0.0,1,0,0.0,0,0,0,0,0,0,1,0,1832.0,Jun Yin,,Jun Yin
1833,2029,2029,1,1,,,1,,0,True,True,0,4,,0.0,1,0,0.0,0,0,0,0,0,0,1,0,1833.0,Brian Gross,,Brian Gross
1834,2029,2029,1,1,,,1,,0,True,True,0,4,,0.0,1,0,0.0,0,0,0,0,0,0,1,0,1834.0,Jing Shao,,Jing Shao
1835,2029,2029,1,1,,,1,,0,True,True,0,4,,0.0,1,0,0.0,0,0,0,0,0,0,1,0,1835.0,Yan Lei,,Yan Lei
1838,2013,2024,4,4,2024,2024,3,11,11,True,False,0,13,16,0.0,1,0,0.3333333333333333,0,0,2,0,2,2,2,0,1838.0,Carolyn Schultz,,Carolyn Schultz
1839,1997,2024,4,3,,,4,,27,True,False,0,7,,0.0,1,0,0.0740402193784278,0,0,2,0,2,1,2,0,1839.0,Miguel Johnston,,Miguel Johnston
1842,2010,2010,1,1,,,1,,0,True,False,0,0,,0.0,2,0,0.0,0,0,2,0,2,0,2,0,1842.0,Guiying Lu,,Guiying Lu
1843,2010,2023,5,5,,,2,,13,True,False,0,6,,0.0,1,0,1.2165354330708662,0,0,6,0,6,0,1,3,1843.0,Chao Tan,,Chao Tan
1846,2010,2013,2,2,,,2,,3,True,False,0,2,,0.0,0,0,0.0,0,0,1,0,1,0,3,0,1846.0,Friedrich-Wilhelm Ullmann,,Friedrich-Wilhelm Ullmann
1847,2010,2010,1,1,,,1,,0,True,False,0,0,,0.0,0,0,0.0,0,0,1,0,1,0,1,0,1847.0,Violetta Peukert,,Violetta Peukert
1850,2028,2028,1,1,,,1,,0,True,True,0,7,,0.0,3,0,0.0,0,0,1,0,1,0,1,0,1850.0,Ping Sun,,Ping Sun
1851,2020,2028,3,3,,,2,,8,True,False,0,11,,0.0,3,0,0.625,0,0,1,0,1,1,3,0,1851.0,Gang Pan,,Gang Pan
1854,2011,2011,1,1,,,1,,0,True,False,0,1,,0.0,0,0,0.0,0,0,2,0,2,0,1,0,1854.0,Mary Rodriguez,,Mary Rodriguez
1855,2016,2016,1,1,,,1,,0,True,False,0,1,,0.0,0,0,0.0,0,0,2,0,2,0,3,0,1855.0,Marie James,,Marie James
1858,2006,2020,5,5,,,2,,14,True,False,0,12,,0.0,2,0,0.329938900203666,0,0,1,1,2,1,3,0,1858.0,Li Lu,,Li Lu
1860,2017,2017,1,1,2017,2017,1,0,0,True,False,0,1,23,0.0,0,0,0.0,0,0,1,0,1,1,1,1,1860.0,Xia Yan,,Xia Yan
1866,2013,2017,3,2,2017,2017,3,4,4,True,False,0,5,23,0.0,0,0,0.5,0,0,3,0,3,0,1,0,1866.0,Na Peng,,Na Peng
1867,2013,2024,2,1,,,2,,11,True,False,0,4,,0.0,1,0,0.45454545454545453,0,0,2,0,2,0,2,0,1867.0,Nadia van Dooren-de Jode Vastraedsd,,Nadia van Dooren-de Jode Vastraedsd
1868,2013,2013,1,0,,,1,,0,True,False,0,3,,0.0,0,0,0.0,0,0,1,0,1,0,1,0,1868.0,Lei Tao,,Lei Tao
1871,2013,2029,3,3,2013,2029,3,0,16,True,False,0,4,11,0.0,2,0,0.5961538461538463,0,0,3,0,3,1,1,0,1871.0,Jie Cai,,Jie Cai
1872,2013,2013,1,1,2013,2013,1,0,0,True,False,0,1,27,0.0,1,0,0.0,0,0,1,0,1,1,1,0,1872.0,Yang Gao,,Yang Gao
1873,2010,2027,3,3,,,3,,17,True,False,0,7,,0.0,2,0,0.24725274725274726,0,0,3,0,3,1,2,0,1873.0,Li Ma,,Li Ma
1875,2023,2023,1,1,,,1,,0,True,False,0,2,,0.0,1,0,0.0,0,0,2,0,2,0,2,1,1875.0,Jing Ding,Solara,Solara
1876,2023,2023,1,1,,,1,,0,True,False,0,2,,0.0,2,0,0.0,0,0,2,0,2,0,1,2,1876.0,Ming Dai,,Ming Dai
1877,1994,2023,5,5,,,4,,29,True,False,0,7,,0.0,5,0,0.5561224489795918,0,0,4,0,4,0,1,3,1877.0,Xiulan Yi,,Xiulan Yi
1878,2017,2023,3,3,,,3,,6,True,False,0,3,,0.0,1,0,1.0,0,0,3,0,3,1,2,3,1878.0,Wei Gao,,Wei Gao
1881,2017,2023,3,3,2020,2020,2,3,6,True,False,0,11,20,0.0,2,0,0.6666666666666666,0,0,1,0,1,1,2,0,1881.0,Hridaan Kaur,,Hridaan Kaur
1882,2017,2023,3,3,2020,2020,2,3,6,True,False,0,11,20,0.0,2,0,0.6666666666666666,0,0,1,0,1,1,1,0,1882.0,Rohan Shanker,,Rohan Shanker
1886,2010,2010,1,0,,,1,,0,True,False,0,1,,0.0,0,0,0.0,0,0,1,0,1,0,1,0,1886.0,Adah Barad,,Adah Barad
1889,2017,2017,1,1,,,1,,0,True,False,0,1,,0.0,0,0,0.0,0,0,2,0,2,0,2,0,1889.0,Lawrence Larson,,Lawrence Larson
1891,2007,2017,3,3,2007,2007,3,0,10,True,False,0,3,33,0.0,3,0,0.8,0,0,2,0,2,0,3,0,1891.0,Rachel Hill,,Rachel Hill
1896,2025,2025,1,1,,,1,,0,True,True,0,1,,0.0,0,0,0.0,0,0,1,0,1,1,1,0,1896.0,Na Tao,,Na Tao
1899,2028,2028,1,1,2028,2028,1,0,0,True,True,0,1,12,0.0,0,0,0.0,0,0,1,0,1,0,2,0,1899.0,Juan Xue,Velvet Alibi,Velvet Alibi
1900,2028,2028,1,1,2028,2028,1,0,0,True,True,0,1,12,0.0,0,0,0.0,0,0,1,0,1,0,2,0,1900.0,Jun Guo,,Jun Guo
1903,2017,2017,1,1,,,1,,0,True,False,0,2,,0.0,0,0,0.0,0,0,1,0,1,0,2,0,1903.0,Brandon Horton,,Brandon Horton
1904,2017,2017,1,1,,,1,,0,True,False,0,2,,0.0,0,0,0.0,0,0,1,0,1,0,1,0,1904.0,Cynthia Hoover,,Cynthia Hoover
1908,2021,2021,1,1,2021,2021,1,0,0,True,False,0,4,19,0.0,1,0,0.0,0,0,1,0,1,3,2,0,1908.0,Yong Cao,H3X MOBB,H3X MOBB
1909,2021,2021,1,1,2021,2021,1,0,0,True,False,0,4,19,0.0,1,0,0.0,0,0,1,0,1,3,1,0,1909.0,Ming Lai,,Ming Lai
1910,2021,2021,1,1,2021,2021,1,0,0,True,False,0,4,19,0.0,1,0,0.0,0,0,1,0,1,3,1,0,1910.0,Min Wen,,Min Wen
1911,2021,2021,1,1,2021,2021,1,0,0,True,False,0,4,19,0.0,1,0,0.0,0,0,1,0,1,3,2,0,1911.0,Min Peng,,Min Peng
1912,2021,2024,3,3,2021,2024,2,0,3,True,False,0,8,16,0.0,2,0,2.0,0,0,2,1,3,3,2,0,1912.0,Yan Lin,,Yan Lin
1914,1984,2029,5,5,1984,1993,4,0,45,True,False,0,4,47,0.0,0,0,0.1111111111111111,0,0,3,0,3,0,3,0,1914.0,Ewelina Jeszke,,Ewelina Jeszke
1916,2023,2023,1,1,2023,2023,1,0,0,True,False,0,8,17,0.0,4,0,0.0,1,0,1,0,1,1,1,0,1916.0,Benjamin Lee,Logan Drake,Logan Drake
1917,2023,2023,1,1,2023,2023,1,0,0,True,False,0,8,17,0.0,4,0,0.0,1,0,1,0,1,1,1,0,1917.0,Taylor Reed,,Taylor Reed
1918,2019,2029,8,6,2023,2024,5,4,10,True,False,0,31,16,0.0,19,0,5.343373493975904,1,0,3,1,4,4,1,0,1918.0,Kelly Stewart,,Kelly Stewart
1919,2020,2023,3,3,2023,2023,3,3,3,True,False,0,14,17,0.0,5,0,3.6666666666666665,1,0,3,0,3,1,1,0,1919.0,Tina Hobbs,,Tina Hobbs
1921,2020,2020,1,1,2020,2020,1,0,0,True,False,0,2,20,0.0,1,0,0.0,0,0,1,0,1,0,1,0,1921.0,Jonathan Marquez,,Jonathan Marquez
1922,2020,2020,1,1,2020,2020,1,0,0,True,False,0,2,20,0.0,1,0,0.0,0,0,1,0,1,0,1,0,1922.0,Matthäus Hendriks,,Matthäus Hendriks
1923,2020,2020,1,1,2020,2020,1,0,0,True,False,0,2,20,0.0,1,0,0.0,0,0,1,0,1,0,2,0,1923.0,Giesela Kuhl,,Giesela Kuhl
1924,2004,2020,5,5,2020,2020,2,16,16,True,False,0,3,20,0.0,0,0,0.3125,0,0,4,0,4,0,2,0,1924.0,Ida Hentschel,,Ida Hentschel
1928,2011,2017,3,3,2016,2016,1,5,6,True,False,0,5,24,0.0,2,0,0.8709677419354839,0,0,1,1,2,2,1,0,1928.0,Zara Trivedi,,Zara Trivedi
1929,2011,2026,4,4,2016,2016,2,5,15,True,False,0,6,24,0.0,2,0,0.5170940170940171,0,0,1,1,2,2,1,0,1929.0,Rhea Wali,,Rhea Wali
1930,2011,2011,1,1,,,1,,0,True,False,0,2,,0.0,2,0,0.0,0,0,1,0,1,1,1,0,1930.0,Nitya Dass,,Nitya Dass
1931,2011,2011,1,1,,,1,,0,True,False,0,2,,0.0,2,0,0.0,0,0,1,0,1,1,2,0,1931.0,Anahi Sachdeva,,Anahi Sachdeva
1932,1984,2017,5,5,,,1,,33,True,False,0,9,,0.0,6,0,1.032258064516129,0,0,2,0,2,2,3,0,1932.0,Shaan Sanghvi,,Shaan Sanghvi
1934,2018,2025,4,4,,,3,,7,True,False,0,25,,0.0,0,0,0.0,0,0,2,0,2,9,2,0,1934.0,Aleksander Przybyś,,Aleksander Przybyś
1937,1986,1986,1,1,,,1,,0,True,False,0,0,,0.0,0,0,0.0,0,0,1,0,1,0,2,0,1937.0,Rodney Moss,,Rodney Moss
1940,2026,2026,1,1,,,1,,0,True,True,0,3,,0.0,1,0,0.0,0,0,2,0,2,1,1,0,1940.0,Lei Shen,,Lei Shen
1941,2017,2022,3,3,,,2,,5,True,False,0,6,,0.0,0,0,2.3684210526315788,0,0,3,0,3,0,1,0,1941.0,Yang Tang,,Yang Tang
1942,2020,2028,3,3,,,3,,8,True,False,0,11,,0.0,5,0,0.4230769230769231,0,0,2,0,2,3,3,0,1942.0,Yan Han,,Yan Han
1944,2020,2020,1,1,,,1,,0,True,False,0,7,,0.0,0,0,0.0,0,0,1,0,1,3,1,0,1944.0,Na Zhong, P.K. Steel, P.K. Steel
1945,2020,2020,1,1,,,1,,0,True,False,0,7,,0.0,0,0,0.0,0,0,1,0,1,3,1,0,1945.0,Jie Shi, WXNDER, WXNDER
1946,2020,2020,1,1,,,1,,0,True,False,0,7,,0.0,0,0,0.0,0,0,1,0,1,3,2,0,1946.0,Guiying Tian,,Guiying Tian
1950,2010,2010,1,1,,,1,,0,True,False,0,0,,0.0,1,0,0.0,0,0,2,0,2,0,1,0,1950.0,Xiulan Yao,,Xiulan Yao
1951,2010,2010,1,1,,,1,,0,True,False,0,0,,0.0,1,0,0.0,0,0,2,0,2,0,2,0,1951.0,Baptist Adolph,,Baptist Adolph
1952,1994,2027,16,16,2013,2013,6,19,33,True,False,0,20,27,0.0,11,0,1.5938240624564337,0,0,10,0,10,7,3,0,1952.0,Yang Wan,,Yang Wan
1953,2010,2023,4,4,2013,2022,3,3,13,True,False,0,4,18,0.0,3,0,0.9047619047619048,0,0,4,0,4,2,2,0,1953.0,Xiuying Dai,,Xiuying Dai
1954,2013,2024,4,4,2013,2024,2,0,11,True,False,0,9,16,0.0,10,0,0.8870967741935484,0,0,3,0,3,2,2,0,1954.0,Yong Fu,,Yong Fu
1956,1997,2024,3,2,,,2,,27,True,False,0,11,,0.0,3,0,0.2,0,0,3,0,3,0,2,0,1956.0,Dominic Riehl,,Dominic Riehl
1960,2026,2026,1,1,2026,2026,1,0,0,True,True,0,1,14,0.0,0,0,0.0,0,0,0,0,0,1,1,0,1960.0,Gatik Soni,,Gatik Soni
1961,2026,2026,1,1,2026,2026,1,0,0,True,True,0,1,14,0.0,0,0,0.0,0,0,0,0,0,1,1,0,1961.0,Navya Barad,,Navya Barad
1962,2026,2026,1,1,2026,2026,1,0,0,True,True,0,1,14,0.0,0,0,0.0,0,0,0,0,0,1,1,0,1962.0,Myra Devan,,Myra Devan
1963,2026,2026,1,1,2026,2026,1,0,0,True,True,0,1,14,0.0,0,0,0.0,0,0,0,0,0,1,1,0,1963.0,Sana Sunder,,Sana Sunder
1967,2020,2020,1,1,,,1,,0,True,False,0,2,,0.0,0,0,0.0,0,0,1,0,1,0,1,0,1967.0,Jing Long,,Jing Long
1968,2020,2023,2,2,,,2,,3,True,False,0,7,,0.0,0,0,0.0,0,0,1,0,1,2,3,0,1968.0,Ping Zhou,,Ping Zhou
1971,2027,2027,1,1,2027,2027,1,0,0,True,True,0,1,13,0.0,0,0,0.0,0,0,1,0,1,0,1,0,1971.0,George Russell, August, August
1973,2027,2027,1,1,2027,2027,1,0,0,True,True,0,1,13,0.0,0,0,0.0,0,0,1,0,1,0,1,0,1973.0,Amanda Moore,,Amanda Moore
1974,2027,2027,1,1,2027,2027,1,0,0,True,True,0,1,13,0.0,0,0,0.0,0,0,1,0,1,0,2,0,1974.0,Carlos Anderson,,Carlos Anderson
1976,2023,2027,2,2,2027,2027,2,4,4,True,False,0,3,13,0.0,0,0,0.75,0,0,2,0,2,0,1,1,1976.0,Jun Cui,,Jun Cui
1978,2000,2000,1,1,,,1,,0,True,False,0,1,,0.0,1,0,0.0,0,0,1,0,1,0,1,0,1978.0,Hailey Timmerman-van der Berg,,Hailey Timmerman-van der Berg
1979,2000,2013,2,2,,,2,,13,True,False,0,1,,0.0,1,0,0.23076923076923078,0,0,2,0,2,0,3,0,1979.0,Anouk Schatteleijn,,Anouk Schatteleijn
1981,2000,2000,1,1,,,1,,0,True,False,0,1,,0.0,1,0,0.0,0,0,1,0,1,0,1,0,1981.0,Lily Sprong,,Lily Sprong
1982,2000,2026,4,3,2026,2026,2,26,26,True,False,0,6,14,0.0,0,0,0.2906309751434035,0,0,5,0,5,0,3,0,1982.0,Travis Williams,,Travis Williams
1985,2029,2029,1,1,2029,2029,1,0,0,True,True,0,5,11,0.0,1,0,0.0,0,0,1,0,1,0,1,0,1985.0,Adrian Blevins,,Adrian Blevins
1986,2029,2029,1,1,2029,2029,1,0,0,True,True,0,5,11,0.0,1,0,0.0,0,0,1,0,1,0,2,0,1986.0,Nancy Wright,,Nancy Wright
1987,2029,2029,1,1,2029,2029,1,0,0,True,True,0,5,11,0.0,1,0,0.0,0,0,1,0,1,0,1,0,1987.0,Anthony Silva,,Anthony Silva
1992,2020,2024,4,4,2020,2020,3,0,4,True,False,0,3,20,0.0,3,0,0.75,0,0,1,1,2,2,1,0,1992.0,Derek Smith,,Derek Smith
1993,2020,2024,2,2,,,2,,4,True,False,0,2,,0.0,4,0,0.75,0,0,1,1,2,1,3,0,1993.0,Christina Johnson,,Christina Johnson
1994,2020,2024,3,3,2020,2020,3,0,4,True,False,0,2,20,0.0,3,0,0.75,0,0,1,1,2,1,1,0,1994.0,Julie Davis,,Julie Davis
1995,2020,2020,3,3,2020,2020,2,0,0,True,False,0,2,20,0.0,3,0,0.0,0,0,1,1,2,1,2,0,1995.0,Cynthia Murphy,,Cynthia Murphy
1998,2026,2026,1,1,,,1,,0,True,True,0,1,,0.0,1,0,0.0,0,0,1,0,1,0,1,0,1998.0,Yang Yuan,,Yang Yuan
2000,2026,2026,1,1,,,1,,0,True,True,0,1,,0.0,1,0,0.0,0,0,1,0,1,0,1,0,2000.0,Min Lai,,Min Lai
2001,2022,2028,4,4,2028,2028,3,6,6,True,False,0,7,12,0.0,3,0,1.4999999999999998,0,0,3,0,3,0,2,0,2001.0,Na Deng,,Na Deng
2003,2004,2004,1,1,,,1,,0,True,False,0,0,,0.0,4,0,0.0,0,0,1,0,1,0,1,0,2003.0,Jeremy Alvarez,,Jeremy Alvarez
2004,2010,2017,5,5,,,4,,7,True,False,0,9,,0.0,5,0,1.64,0,0,2,1,3,0,2,3,2004.0,Martino Michelangeli,,Martino Michelangeli
2005,2004,2024,3,3,,,3,,20,True,False,0,1,,0.0,5,0,0.379746835443038,0,0,2,0,2,0,1,0,2005.0,Coriolano Luria-Scialpi,,Coriolano Luria-Scialpi
2006,2004,2024,10,10,,,5,,20,True,False,0,12,,0.0,7,0,1.5044378698224854,0,0,3,1,4,0,2,5,2006.0,Filippo Pelli,,Filippo Pelli
2007,2004,2025,3,3,,,3,,21,True,False,0,2,,0.0,3,0,0.19047619047619047,0,0,2,0,2,0,1,0,2007.0,Luigina Camuccini,,Luigina Camuccini
2012,2016,2028,2,2,,,2,,12,True,False,0,6,,0.0,0,0,0.0,0,0,2,0,2,1,3,0,2012.0,Jing Tan,,Jing Tan
2016,2017,2017,1,1,,,1,,0,True,False,0,1,,0.0,0,0,0.0,0,0,1,0,1,0,2,0,2016.0,Juan Lai,,Juan Lai
2017,2017,2017,1,1,,,1,,0,True,False,0,1,,0.0,0,0,0.0,0,0,1,0,1,0,1,0,2017.0,Yang Kong,,Yang Kong
2020,2029,2029,1,1,2029,2029,1,0,0,True,True,0,1,11,0.0,1,0,0.0,0,0,0,0,0,0,1,0,2020.0,Ping Guo,,Ping Guo
2021,2029,2029,1,1,2029,2029,1,0,0,True,True,0,1,11,0.0,1,0,0.0,0,0,0,0,0,0,1,0,2021.0,Xiuying Xiang,,Xiuying Xiang
2022,2029,2029,1,1,2029,2029,1,0,0,True,True,0,1,11,0.0,1,0,0.0,0,0,0,0,0,0,2,0,2022.0,Wei He,,Wei He
2023,2010,2029,16,15,2010,2029,7,0,19,True,False,0,25,11,0.0,15,0,3.376446387246079,0,0,10,0,10,3,3,1,2023.0,Qiang Tang,,Qiang Tang
2024,2020,2030,4,4,,,3,,10,True,False,1,5,,0.0,0,0,1.5121951219512195,0,0,5,0,5,1,1,0,2024.0,Juan Zou,,Juan Zou
2027,2023,2023,1,1,,,1,,0,True,False,0,2,,0.0,1,0,0.0,0,0,1,0,1,0,1,0,2027.0,Božena Dušková,,Božena Dušková
2033,2028,2028,1,1,,,1,,0,True,True,0,2,,0.0,1,0,0.0,0,0,2,0,2,1,1,0,2033.0,Xiuying Kong,,Xiuying Kong
2035,2010,2010,1,1,,,1,,0,True,False,0,1,,0.0,0,0,0.0,0,0,2,0,2,0,1,0,2035.0,Maryse-Margaux Pinto,,Maryse-Margaux Pinto
2036,2010,2010,1,1,,,1,,0,True,False,0,1,,0.0,0,0,0.0,0,0,2,0,2,0,1,0,2036.0,Guy Arnaud,,Guy Arnaud
2038,2010,2010,1,1,,,1,,0,True,False,0,1,,0.0,0,0,0.0,0,0,2,0,2,0,1,0,2038.0,Todd Lopez,,Todd Lopez
2043,1998,1998,2,2,,,1,,0,True,False,0,2,,0.0,2,0,0.0,0,0,2,0,2,0,2,0,2043.0,Herr Serge Tröst,,Herr Serge Tröst
2044,1998,2004,3,3,,,2,,6,True,False,0,2,,0.0,1,0,0.6666666666666666,0,0,2,0,2,0,1,0,2044.0,Silvia Sölzer-van der Dussen,,Silvia Sölzer-van der Dussen
2045,1998,2010,3,3,,,2,,12,True,False,0,2,,0.0,3,0,0.4862385321100919,0,0,3,1,4,0,2,0,2045.0,Lilo Cichorius,,Lilo Cichorius
2049,1995,1995,1,1,,,1,,0,True,False,0,0,,0.0,1,0,0.0,0,0,1,0,1,0,1,0,2049.0,Mitchell Flowers,,Mitchell Flowers
2050,1995,2024,6,6,,,5,,29,True,False,0,4,,0.0,0,0,0.522344747533372,0,0,6,0,6,0,2,1,2050.0,Na Lai,,Na Lai
2051,1995,1995,1,1,,,1,,0,True,False,0,0,,0.0,1,0,0.0,0,0,1,0,1,0,1,0,2051.0,Na Li,,Na Li
2055,2007,2019,2,2,,,2,,12,True,False,0,1,,0.0,2,0,0.08333333333333333,0,0,3,0,3,0,2,0,2055.0,Lei Gong,,Lei Gong
2056,2019,2019,1,1,,,1,,0,True,False,0,1,,0.0,0,0,0.0,0,0,1,0,1,0,1,0,2056.0,Yan Zou,,Yan Zou
2058,2023,2023,1,1,,,1,,0,True,False,0,1,,0.0,1,0,0.0,0,0,1,0,1,0,2,0,2058.0,Yang Dai,,Yang Dai
2059,2023,2023,1,1,,,1,,0,True,False,0,1,,0.0,1,0,0.0,0,0,1,0,1,0,1,0,2059.0,Yang Gu,,Yang Gu
2062,2028,2028,1,1,,,1,,0,True,True,0,4,,0.0,0,0,0.0,0,0,0,0,0,0,1,0,2062.0,Cynthia Moore,,Cynthia Moore
2063,2028,2028,1,1,,,1,,0,True,True,0,4,,0.0,0,0,0.0,0,0,0,0,0,0,1,0,2063.0,Sarah Hunter,,Sarah Hunter
2064,2028,2028,1,1,,,1,,0,True,True,0,4,,0.0,0,0,0.0,0,0,0,0,0,0,1,0,2064.0,Jill Gardner,,Jill Gardner
2065,2028,2028,1,1,,,1,,0,True,True,0,4,,0.0,0,0,0.0,0,0,0,0,0,0,2,0,2065.0,Ashley Guzman,,Ashley Guzman
2066,2028,2028,1,1,,,1,,0,True,True,0,4,,0.0,0,0,0.0,0,0,0,0,0,0,1,0,2066.0,Joshua Watson,,Joshua Watson
2069,1994,2026,12,12,2017,2017,3,23,32,True,False,0,49,23,0.0,5,0,0.5697896749521988,1,0,5,1,6,10,3,0,2069.0,Andrew Williams,,Andrew Williams
2070,1984,2021,16,16,1992,2017,3,8,37,True,False,0,45,23,0.0,2,0,0.5589547482472913,1,0,3,1,4,8,3,0,2070.0,Jay Walters,,Jay Walters
2074,1994,2020,2,2,,,2,,26,True,False,0,5,,0.0,0,0,0.15384615384615385,0,0,2,0,2,0,1,0,2074.0,Jean Buisson,,Jean Buisson
2075,1994,2029,2,2,,,2,,35,True,False,0,1,,0.0,0,0,0.08571428571428572,0,0,2,0,2,0,2,0,2075.0,Yang Tang,,Yang Tang
2079,2026,2026,1,1,2029,2029,1,3,0,True,True,0,4,11,0.0,1,0,0.0,0,0,1,0,1,0,1,0,2079.0,Jason Mendoza,,Jason Mendoza
2080,2006,2026,4,3,2022,2029,2,16,20,True,False,0,10,11,0.0,0,0,0.07692307692307693,0,0,2,0,2,1,3,0,2080.0,Ellen Ford,,Ellen Ford
2084,1997,1997,1,1,,,1,,0,True,False,0,1,,0.0,0,0,0.0,0,0,1,0,1,0,2,0,2084.0,Ping Yu,,Ping Yu
2085,1997,2029,2,2,,,2,,32,True,False,0,2,,0.0,0,0,0.03125,0,0,2,0,2,0,1,0,2085.0,Jun He,,Jun He
2088,2017,2017,1,1,,,1,,0,True,False,0,0,,0.0,0,0,0.0,0,0,2,0,2,0,1,0,2088.0,Na Mo,,Na Mo
2089,2017,2017,1,1,,,1,,0,True,False,0,0,,0.0,0,0,0.0,0,0,2,0,2,0,3,0,2089.0,Wei Liao,,Wei Liao
2090,2017,2017,1,1,,,1,,0,True,False,0,0,,0.0,0,0,0.0,0,0,2,0,2,0,1,0,2090.0,Min Lin,,Min Lin
2091,2017,2017,1,1,,,1,,0,True,False,0,0,,0.0,0,0,0.0,0,0,2,0,2,0,2,0,2091.0,Juan Ma,,Juan Ma
2096,2020,2020,1,1,,,1,,0,True,False,0,4,,0.0,1,0,0.0,0,0,1,0,1,1,1,0,2096.0,Nicholas Riddle,,Nicholas Riddle
2097,2017,2020,2,2,,,1,,3,True,False,0,6,,0.0,1,0,1.0,0,0,1,0,1,2,1,0,2097.0,Xiulan Zheng,,Xiulan Zheng
2098,2020,2020,1,1,,,1,,0,True,False,0,4,,0.0,1,0,0.0,0,0,1,0,1,1,2,0,2098.0,Ming Zou,,Ming Zou
2100,2023,2023,1,1,,,1,,0,True,False,0,4,,0.0,1,0,0.0,0,0,1,0,1,1,2,0,2100.0,Traude Salz,,Traude Salz
2101,2010,2023,3,3,,,2,,13,True,False,0,5,,0.0,0,0,0.0,0,0,4,0,4,1,2,0,2101.0,Rebekka Lehmann,,Rebekka Lehmann
2103,2025,2025,1,1,,,1,,0,True,True,0,3,,0.0,0,0,0.0,0,0,1,0,1,0,1,1,2103.0,Fang Yu,,Fang Yu
2104,2025,2025,1,1,,,1,,0,True,True,0,3,,0.0,0,0,0.0,0,0,1,0,1,0,1,1,2104.0,Yan Jiang,,Yan Jiang
2105,2025,2025,1,1,,,1,,0,True,True,0,3,,0.0,0,0,0.0,0,0,1,0,1,0,1,1,2105.0,Min Gu,,Min Gu
2108,2006,2020,3,3,2020,2020,1,14,14,True,False,0,5,20,0.0,2,0,0.07142857142857142,0,0,2,0,2,0,2,0,2108.0,Ryan Doyle,,Ryan Doyle
2109,1992,2007,4,3,,,2,,15,True,False,0,6,,0.0,2,0,0.28378378378378377,0,0,1,0,1,0,2,0,2109.0,Marcia Davis,,Marcia Davis
2110,1984,2020,12,11,,,4,,36,True,False,0,17,,0.0,4,0,0.2708333333333333,0,0,6,0,6,1,3,0,2110.0,Catherine Clay,,Catherine Clay
2113,2013,2013,1,1,,,1,,0,True,False,0,1,,0.0,0,0,0.0,0,0,2,0,2,0,2,0,2113.0,Nicholas Morgan,,Nicholas Morgan
2115,2013,2013,1,1,,,1,,0,True,False,0,1,,0.0,0,0,0.0,0,0,2,0,2,0,1,0,2115.0,Henrik Seifert,,Henrik Seifert
2116,2013,2013,1,1,,,1,,0,True,False,0,1,,0.0,0,0,0.0,0,0,2,0,2,0,1,0,2116.0,James Williams,,James Williams
2121,2017,2017,1,1,,,1,,0,True,False,0,1,,0.0,0,0,0.0,0,0,1,0,1,0,2,0,2121.0,Charles Jordan,,Charles Jordan
2123,2019,2019,1,1,2019,2019,1,0,0,True,False,0,0,21,0.0,0,0,0.0,1,0,1,0,1,0,2,0,2123.0,Billy Tyler,,Billy Tyler
2125,2024,2024,1,1,,,1,,0,True,False,0,3,,0.0,0,0,0.0,0,0,2,0,2,0,1,0,2125.0,Kevin Thomas,,Kevin Thomas
2127,2024,2024,1,1,,,1,,0,True,False,0,3,,0.0,0,0,0.0,0,0,2,0,2,0,1,0,2127.0,Emily Werner,,Emily Werner
2131,2029,2029,1,1,,,1,,0,True,True,0,2,,0.0,0,0,0.0,0,0,1,0,1,1,1,0,2131.0,Xiuying Gu, Monroe, Monroe
2132,2029,2029,1,1,,,1,,0,True,True,0,2,,0.0,0,0,0.0,0,0,1,0,1,1,1,0,2132.0,Xiuying Yu, D.C. Rain, D.C. Rain
2133,2029,2029,1,1,,,1,,0,True,True,0,2,,0.0,0,0,0.0,0,0,1,0,1,1,1,0,2133.0,Fang Du,,Fang Du
2134,2029,2029,1,1,,,1,,0,True,True,0,2,,0.0,0,0,0.0,0,0,1,0,1,1,1,0,2134.0,Megan Raymond,,Megan Raymond
2135,2029,2029,1,1,,,1,,0,True,True,0,2,,0.0,0,0,0.0,0,0,1,0,1,1,1,0,2135.0,Xiulan Qin,,Xiulan Qin
2136,2029,2029,1,1,,,1,,0,True,True,0,2,,0.0,0,0,0.0,0,0,1,0,1,1,1,0,2136.0,Xia Lei,,Xia Lei
2137,2029,2029,1,1,,,1,,0,True,True,0,2,,0.0,0,0,0.0,0,0,1,0,1,1,1,0,2137.0,Qiang Shi,,Qiang Shi
2138,2029,2029,1,1,,,1,,0,True,True,0,2,,0.0,0,0,0.0,0,0,1,0,1,1,1,0,2138.0,Juan Yao,,Juan Yao
2139,2029,2029,1,1,,,1,,0,True,True,0,2,,0.0,0,0,0.0,0,0,1,0,1,1,1,0,2139.0,Xia Tan,,Xia Tan
2140,2029,2029,1,1,,,1,,0,True,True,0,2,,0.0,0,0,0.0,0,0,1,0,1,1,1,0,2140.0,Yong Zhang,,Yong Zhang
2141,2029,2029,1,1,,,1,,0,True,True,0,2,,0.0,0,0,0.0,0,0,1,0,1,1,1,0,2141.0,Tao Qiu,,Tao Qiu
2144,2020,2029,2,2,,,2,,9,True,False,0,1,,0.0,0,0,0.1111111111111111,0,0,3,0,3,0,1,0,2144.0,Yong Yi,YNG LUX,YNG LUX
2146,2029,2029,1,1,,,1,,0,True,True,0,1,,0.0,0,0,0.0,0,0,2,0,2,0,1,0,2146.0,Li Liu,,Li Liu
2151,1992,2023,4,4,,,3,,31,True,False,0,4,,0.0,1,0,0.12687585266030013,0,0,6,0,6,0,2,0,2151.0,Vito Stroh,,Vito Stroh
2154,2017,2017,1,1,,,1,,0,True,False,0,0,,0.0,0,0,0.0,1,0,1,0,1,0,2,0,2154.0,Juan Wen, Shadow Fox, Shadow Fox
2155,2017,2017,1,1,,,1,,0,True,False,0,0,,0.0,0,0,0.0,1,0,1,0,1,0,2,0,2155.0,Wei Guo,,Wei Guo
2156,2017,2017,1,1,,,1,,0,True,False,0,0,,0.0,0,0,0.0,1,0,1,0,1,0,1,0,2156.0,Chao Wu,,Chao Wu
2157,2017,2017,1,1,,,1,,0,True,False,0,0,,0.0,0,0,0.0,1,0,1,0,1,0,1,0,2157.0,Min Xue,,Min Xue
2158,2017,2017,1,1,,,1,,0,True,False,0,0,,0.0,0,0,0.0,1,0,1,0,1,0,1,0,2158.0,Min Yu,,Min Yu
2159,2017,2017,1,1,,,1,,0,True,False,0,0,,0.0,0,0,0.0,1,0,1,0,1,0,1,0,2159.0,Jing Xu,,Jing Xu
2162,2017,2017,1,1,,,1,,0,True,False,0,1,,0.0,0,0,0.0,0,0,1,0,1,0,2,0,2162.0,Jing Qian,,Jing Qian
2163,2017,2017,1,1,,,1,,0,True,False,0,1,,0.0,0,0,0.0,0,0,1,0,1,0,1,0,2163.0,Xiulan Gong,,Xiulan Gong
2164,2017,2017,1,1,,,1,,0,True,False,0,1,,0.0,0,0,0.0,0,0,1,0,1,0,1,0,2164.0,Jie Luo,,Jie Luo
2165,2017,2017,1,1,,,1,,0,True,False,0,1,,0.0,0,0,0.0,0,0,1,0,1,0,1,0,2165.0,Jing Tian,,Jing Tian
2168,2007,2007,1,1,,,1,,0,True,False,0,2,,0.0,3,0,0.0,0,0,1,0,1,0,1,0,2168.0,Yang Liu,,Yang Liu
2170,2026,2026,1,1,,,1,,0,True,True,0,2,,0.0,1,0,0.0,0,0,1,0,1,0,1,1,2170.0,Sonia Weeks,,Sonia Weeks
2171,2026,2026,1,1,,,1,,0,True,True,0,2,,0.0,1,0,0.0,0,0,1,0,1,0,2,1,2171.0,Lisa Martin,,Lisa Martin
2172,2017,2026,4,4,,,3,,9,True,False,0,4,,0.0,0,0,0.5,0,0,4,0,4,1,2,1,2172.0,Monica Nelson,,Monica Nelson
2173,2026,2026,1,1,,,1,,0,True,True,0,2,,0.0,1,0,0.0,0,0,1,0,1,0,1,1,2173.0,Richard Frazier,,Richard Frazier
2176,2010,2010,1,1,2010,2010,1,0,0,True,False,0,1,30,0.0,0,0,0.0,0,0,1,0,1,0,1,0,2176.0,Yang Lai,,Yang Lai
2177,2010,2010,1,1,2010,2010,1,0,0,True,False,0,1,30,0.0,0,0,0.0,0,0,1,0,1,0,2,0,2177.0,Ping Qin,,Ping Qin
2179,2010,2010,1,1,2010,2010,1,0,0,True,False,0,1,30,0.0,0,0,0.0,0,0,1,0,1,0,1,0,2179.0,Li Yang,,Li Yang
2180,2010,2010,1,1,2010,2010,1,0,0,True,False,0,1,30,0.0,0,0,0.0,0,0,1,0,1,0,2,0,2180.0,Gang Xiang,,Gang Xiang
2183,1991,1991,1,0,,,1,,0,True,False,0,0,,0.0,0,0,0.0,0,0,1,0,1,0,2,0,2183.0,James Palmer,,James Palmer
2184,1991,1991,1,0,,,1,,0,True,False,0,0,,0.0,0,0,0.0,0,0,1,0,1,0,1,0,2184.0,Robert Hughes,,Robert Hughes
2187,2010,2010,1,1,,,1,,0,True,False,0,2,,0.0,0,0,0.0,0,0,1,0,1,1,1,0,2187.0,Kelly Boyd,,Kelly Boyd
2188,2010,2010,1,1,,,1,,0,True,False,0,2,,0.0,0,0,0.0,0,0,1,0,1,1,1,0,2188.0,Mannat Chad,,Mannat Chad
2189,2010,2010,1,1,,,1,,0,True,False,0,2,,0.0,0,0,0.0,0,0,1,0,1,1,1,0,2189.0,Ojas Ramakrishnan,,Ojas Ramakrishnan
2191,2010,2010,1,1,,,1,,0,True,False,0,2,,0.0,0,0,0.0,0,0,1,0,1,1,2,0,2191.0,Pihu Sunder,,Pihu Sunder
2192,2010,2010,1,1,,,1,,0,True,False,0,2,,0.0,0,0,0.0,0,0,1,0,1,1,1,0,2192.0,Dharmajan Lad,,Dharmajan Lad
2200,2017,2017,1,1,,,1,,0,True,False,0,1,,0.0,0,0,0.0,0,0,0,0,0,0,2,0,2200.0,Naoko Sato,,Naoko Sato
2203,1999,1999,1,1,,,1,,0,True,False,0,0,,0.0,0,0,0.0,0,0,1,0,1,0,2,0,2203.0,Kimberly Dominguez,,Kimberly Dominguez
2207,1987,2030,12,12,1989,2010,4,2,43,True,False,1,24,30,0.0,5,0,0.4874418604651163,0,0,4,0,4,6,3,0,2207.0,Brian Wright,,Brian Wright
2209,2019,2019,1,1,,,1,,0,True,False,0,3,,0.0,0,0,0.0,0,0,2,0,2,1,2,0,2209.0,Charles Delaunay,,Charles Delaunay
2210,2013,2019,3,2,,,3,,6,True,False,0,5,,0.0,0,0,0.2,0,0,2,0,2,1,2,0,2210.0,Lei Tang,,Lei Tang
2213,2012,2016,2,2,,,1,,4,True,False,0,5,,0.0,1,0,0.0,0,0,2,0,2,1,2,0,2213.0,Maria Tyler,,Maria Tyler
2214,2012,2012,1,1,,,1,,0,True,False,0,2,,0.0,1,0,0.0,0,0,1,0,1,1,2,0,2214.0,Vincent Morrison,,Vincent Morrison
2216,2023,2023,1,1,,,1,,0,True,False,0,0,,0.0,0,0,0.0,0,0,1,0,1,0,2,0,2216.0,Yang Ye,,Yang Ye
2217,2023,2023,1,1,,,1,,0,True,False,0,0,,0.0,0,0,0.0,0,0,1,0,1,0,1,0,2217.0,Gang Zheng,,Gang Zheng
2218,2023,2023,1,1,,,1,,0,True,False,0,0,,0.0,0,0,0.0,0,0,1,0,1,0,2,0,2218.0,Jing Chang,,Jing Chang
2219,2023,2023,2,2,,,2,,0,True,False,0,3,,0.0,1,0,0.0,0,0,1,0,1,1,2,0,2219.0,Na Jia,,Na Jia
2222,2009,2013,3,3,,,2,,4,True,False,0,2,,0.0,0,0,0.0,0,0,2,0,2,0,3,0,2222.0,Nela Melcer, The Empress, The Empress
2224,2016,2026,2,2,2016,2016,1,0,10,True,False,0,2,24,0.0,0,0,0.2,0,0,3,0,3,1,1,0,2224.0,Ewa Kucz,,Ewa Kucz
2225,2026,2026,1,1,,,1,,0,True,True,0,2,,0.0,0,0,0.0,0,0,1,0,1,1,1,0,2225.0,Georges Delorme,,Georges Delorme
2226,2026,2026,1,1,,,1,,0,True,True,0,2,,0.0,0,0,0.0,0,0,1,0,1,1,2,0,2226.0,Dariusz Madera,,Dariusz Madera
2228,2022,2026,2,2,2026,2026,2,4,4,True,False,0,1,14,0.0,0,0,0.5,0,0,1,0,1,0,1,0,2228.0,Gang Hou,,Gang Hou
2229,2022,2022,1,1,,,1,,0,True,False,0,0,,0.0,0,0,0.0,0,0,1,0,1,0,1,0,2229.0,Roger Walsh,,Roger Walsh
2230,2022,2026,2,2,2026,2026,2,4,4,True,False,0,1,14,0.0,0,0,0.5,0,0,1,0,1,0,2,0,2230.0,Yong Deng,,Yong Deng
2231,2026,2026,1,1,2026,2026,1,0,0,True,True,0,1,14,0.0,0,0,0.0,0,0,0,0,0,0,2,0,2231.0,Chao Yan,,Chao Yan
2235,2025,2025,1,1,,,1,,0,True,True,0,2,,0.0,1,0,0.0,0,0,1,0,1,2,2,0,2235.0,Gang Han,,Gang Han
2236,2025,2025,1,1,,,1,,0,True,True,0,2,,0.0,1,0,0.0,0,0,1,0,1,2,1,0,2236.0,Fang He,,Fang He
2237,2013,2029,3,3,,,3,,16,True,False,0,3,,0.0,1,0,0.42307692307692313,1,0,3,0,3,2,2,0,2237.0,Guiying Xiao,,Guiying Xiao
2240,2007,2009,2,2,2007,2007,2,0,2,True,False,0,2,33,0.0,0,0,1.0,0,0,1,0,1,1,1,0,2240.0,Jing Yi,,Jing Yi
2241,2009,2009,1,1,,,1,,0,True,False,0,2,,0.0,0,0,0.0,0,0,1,0,1,1,2,0,2241.0,Xiuying Cao,,Xiuying Cao
2242,2007,2009,2,2,2007,2007,2,0,2,True,False,0,2,33,0.0,0,0,1.0,0,0,1,0,1,1,1,0,2242.0,Guiying Zhang,,Guiying Zhang
2244,2013,2013,1,0,,,1,,0,True,False,0,1,,0.0,0,0,0.0,0,0,0,0,0,0,2,0,2244.0,Katelyn Flores, T.J. Swift, T.J. Swift
2245,2013,2013,1,0,,,1,,0,True,False,0,1,,0.0,0,0,0.0,0,0,0,0,0,0,1,0,2245.0,Melissa Smith,,Melissa Smith
2246,2013,2013,1,0,,,1,,0,True,False,0,1,,0.0,0,0,0.0,0,0,0,0,0,0,1,0,2246.0,Melissa Douglas,,Melissa Douglas
2247,2013,2013,1,0,,,1,,0,True,False,0,1,,0.0,0,0,0.0,0,0,0,0,0,0,1,0,2247.0,Nicole Miller,,Nicole Miller
2248,2013,2013,1,0,,,1,,0,True,False,0,1,,0.0,0,0,0.0,0,0,0,0,0,0,1,0,2248.0,Sean Cameron,,Sean Cameron
2251,2023,2023,1,1,,,1,,0,True,False,0,0,,0.0,0,0,0.0,0,0,1,0,1,0,1,0,2251.0,Jing Lin,,Jing Lin
2252,2023,2023,1,1,,,1,,0,True,False,0,0,,0.0,0,0,0.0,0,0,1,0,1,0,1,0,2252.0,Wei Kang,,Wei Kang
2253,2023,2023,1,1,,,1,,0,True,False,0,0,,0.0,0,0,0.0,0,0,1,0,1,0,1,0,2253.0,Juan Wei,,Juan Wei
2254,2023,2023,1,1,,,1,,0,True,False,0,0,,0.0,0,0,0.0,0,0,1,0,1,0,2,0,2254.0,Guiying Peng,,Guiying Peng
2257,2010,2010,1,1,,,1,,0,True,False,0,1,,0.0,0,0,0.0,0,0,0,0,0,0,1,0,2257.0,Elizabeth Montgomery,,Elizabeth Montgomery
2258,2010,2010,1,1,,,1,,0,True,False,0,1,,0.0,0,0,0.0,0,0,0,0,0,0,1,0,2258.0,William Brown,,William Brown
2261,2029,2029,1,1,,,1,,0,True,True,0,5,,0.0,0,0,0.0,0,0,1,0,1,3,1,1,2261.0,Chao Gao,Solar Arcadia,Solar Arcadia
2262,2029,2029,1,1,,,1,,0,True,True,0,5,,0.0,0,0,0.0,0,0,1,0,1,3,1,1,2262.0,Jie Xia,,Jie Xia
2263,2029,2029,1,1,,,1,,0,True,True,0,5,,0.0,0,0,0.0,0,0,1,0,1,3,2,1,2263.0,Fang Lai,,Fang Lai
2265,2029,2029,1,1,,,1,,0,True,True,0,5,,0.0,0,0,0.0,0,0,1,0,1,3,2,1,2265.0,William Ball,,William Ball
2268,2020,2030,2,1,,,2,,10,True,False,0,4,,0.0,1,0,0.3,0,0,4,0,4,1,1,0,2268.0,Xia Hu,,Xia Hu
2269,2019,2030,3,1,,,3,,11,True,False,0,6,,0.0,3,0,0.5103092783505156,0,0,3,0,3,0,2,0,2269.0,Yang Xiong,,Yang Xiong
2270,2030,2030,1,0,,,1,,0,True,True,0,1,,0.0,1,0,0.0,0,0,2,0,2,0,1,0,2270.0,Jing Huang,,Jing Huang
2273,2022,2022,1,1,,,1,,0,True,False,0,3,,0.0,0,0,0.0,0,0,1,0,1,0,1,2,2273.0,James Maldonado,,James Maldonado
2274,2022,2022,1,1,,,1,,0,True,False,0,3,,0.0,0,0,0.0,0,0,1,0,1,0,1,2,2274.0,Ming Yang,,Ming Yang
2275,2013,2022,2,2,,,2,,9,True,False,0,6,,0.0,1,0,0.3333333333333333,0,0,2,0,2,0,2,2,2275.0,Jing Lei,,Jing Lei
2276,2022,2022,1,1,,,1,,0,True,False,0,3,,0.0,0,0,0.0,0,0,1,0,1,0,1,2,2276.0,Xia Jin,,Xia Jin
2278,2002,2004,2,2,,,1,,2,True,False,0,7,,0.0,0,0,0.0,0,0,1,0,1,0,2,0,2278.0,Yong Meng,,Yong Meng
2280,2007,2008,2,2,2008,2008,2,1,1,True,False,0,4,32,0.0,4,0,4.0,0,0,2,1,3,1,1,0,2280.0,Roberto Pausini,,Roberto Pausini
2281,2005,2024,8,8,2008,2010,2,3,19,True,False,0,21,30,0.0,3,0,0.7130620985010707,0,0,2,1,3,6,3,0,2281.0,Michelotto Comisso,,Michelotto Comisso
2282,2004,2024,8,8,2008,2010,2,4,20,True,False,0,20,30,0.0,3,0,0.683206106870229,0,0,2,1,3,5,1,0,2282.0,Angelina Dallapé-Brunelleschi,,Angelina Dallapé-Brunelleschi
2285,2023,2023,1,1,,,1,,0,True,False,0,2,,0.0,0,0,0.0,0,0,1,0,1,0,1,0,2285.0,Brett Mcdonald,,Brett Mcdonald
2286,2023,2023,1,1,,,1,,0,True,False,0,2,,0.0,0,0,0.0,0,0,1,0,1,0,1,0,2286.0,Dylan Rice,,Dylan Rice
2288,2023,2023,1,1,,,1,,0,True,False,0,2,,0.0,0,0,0.0,0,0,1,0,1,0,1,0,2288.0,Alexander Curry Jr.,,Alexander Curry Jr.
2289,2023,2023,1,1,,,1,,0,True,False,0,2,,0.0,0,0,0.0,0,0,1,0,1,0,2,0,2289.0,Brian Pratt,,Brian Pratt
2293,2020,2020,1,1,,,1,,0,True,False,0,2,,0.0,1,0,0.0,0,0,2,0,2,2,2,0,2293.0,Xia Ren,,Xia Ren
2294,2020,2023,2,2,,,1,,3,True,False,0,3,,0.0,1,0,2.0,0,0,3,0,3,2,1,0,2294.0,Xiuying Bai,,Xiuying Bai
2295,2020,2020,1,1,,,1,,0,True,False,0,2,,0.0,1,0,0.0,0,0,2,0,2,2,1,0,2295.0,Min Duan,,Min Duan
2296,2020,2023,3,3,,,2,,3,True,False,0,3,,0.0,0,0,5.285714285714286,0,0,5,0,5,2,2,0,2296.0,Jordan Baxter,,Jordan Baxter
2297,2020,2023,2,2,,,1,,3,True,False,0,3,,0.0,1,0,2.0,0,0,3,0,3,2,1,0,2297.0,Ping Song,,Ping Song
2300,1985,1985,1,1,,,1,,0,True,False,0,0,,0.0,1,0,0.0,0,0,2,0,2,0,2,0,2300.0,Herr Detlef Geißler,,Herr Detlef Geißler
2301,1985,1985,1,1,,,1,,0,True,False,0,0,,0.0,1,0,0.0,0,0,2,0,2,0,1,0,2301.0,Elizabeth Webb,,Elizabeth Webb
2304,2025,2025,1,1,2025,2025,1,0,0,True,True,0,2,15,0.0,1,0,0.0,0,0,1,0,1,0,1,0,2304.0,Juan Yuan,,Juan Yuan
2305,2010,2025,5,4,2021,2025,4,11,15,True,False,0,21,15,0.0,2,0,0.32142857142857145,0,0,3,0,3,0,3,0,2305.0,Li Zheng,,Li Zheng
2308,2026,2026,1,1,,,1,,0,True,True,0,2,,0.0,1,0,0.0,0,0,2,0,2,1,1,0,2308.0,Job Mahieu,,Job Mahieu
2309,2026,2026,1,1,,,1,,0,True,True,0,2,,0.0,1,0,0.0,0,0,2,0,2,1,1,0,2309.0,Joseph Maxwell,,Joseph Maxwell
2310,2026,2026,1,1,,,1,,0,True,True,0,2,,0.0,1,0,0.0,0,0,2,0,2,1,1,0,2310.0,Yong Mao,,Yong Mao
2312,2026,2029,3,3,,,3,,3,True,True,0,6,,0.0,2,0,2.6666666666666665,1,0,4,0,4,2,2,1,2312.0,Chao Wu,,Chao Wu
2314,2026,2026,1,1,,,1,,0,True,True,0,2,,0.0,1,0,0.0,0,0,2,0,2,1,1,0,2314.0,Xia Lin,,Xia Lin
2315,2026,2026,1,1,,,1,,0,True,True,0,2,,0.0,1,0,0.0,0,0,2,0,2,1,1,0,2315.0,Tao Su,,Tao Su
2318,2010,2010,1,1,,,1,,0,True,False,0,0,,0.0,0,0,0.0,0,0,2,0,2,0,2,0,2318.0,Mai Yamada,,Mai Yamada
2319,2010,2010,1,1,,,1,,0,True,False,0,0,,0.0,0,0,0.0,0,0,2,0,2,0,1,0,2319.0,Anaïs Peron,,Anaïs Peron
2324,2027,2027,1,1,,,1,,0,True,True,0,1,,0.0,3,0,0.0,0,0,1,0,1,1,2,0,2324.0,Xia Zeng,,Xia Zeng
2325,2013,2027,6,6,,,5,,14,True,False,0,6,,0.0,2,0,1.0948275862068966,0,0,1,0,1,1,1,2,2325.0,Chao Zeng,,Chao Zeng
2326,2023,2027,3,3,2023,2023,3,0,4,True,False,0,5,17,0.0,2,0,1.5,0,0,2,0,2,1,2,1,2326.0,Dominic Phillips,,Dominic Phillips
2328,2007,2025,3,3,2025,2025,1,18,18,True,False,0,6,15,0.0,1,0,0.2261904761904762,0,0,1,0,1,2,2,0,2328.0,Martino Toninelli,,Martino Toninelli
2329,2019,2025,2,2,2025,2025,1,6,6,True,False,0,5,15,0.0,2,0,0.16666666666666666,0,0,1,0,1,2,2,0,2329.0,Ludovico Mondadori,,Ludovico Mondadori
2334,1997,1997,1,1,,,1,,0,True,False,0,1,,0.0,1,0,0.0,0,0,1,0,1,0,3,0,2334.0,Karol Klęczar,,Karol Klęczar
2336,2020,2020,1,1,,,1,,0,True,False,0,1,,0.0,0,0,0.0,0,0,1,0,1,0,2,0,2336.0,Qiang Han,Infinite Reverberation,Infinite Reverberation
2337,2020,2020,1,1,,,1,,0,True,False,0,1,,0.0,0,0,0.0,0,0,1,0,1,0,1,0,2337.0,Yang Yang,,Yang Yang
2338,2020,2020,1,1,,,1,,0,True,False,0,1,,0.0,0,0,0.0,0,0,1,0,1,0,1,0,2338.0,Jun Gao,,Jun Gao
2339,2020,2020,1,1,,,1,,0,True,False,0,1,,0.0,0,0,0.0,0,0,1,0,1,0,1,0,2339.0,Xiulan Chang,,Xiulan Chang
2340,2020,2020,1,1,,,1,,0,True,False,0,1,,0.0,0,0,0.0,0,0,1,0,1,0,1,0,2340.0,Yan Xiao,,Yan Xiao
2341,2020,2020,1,1,,,1,,0,True,False,0,1,,0.0,0,0,0.0,0,0,1,0,1,0,2,0,2341.0,Bianca Ward,,Bianca Ward
2343,2007,2007,2,2,,,1,,0,True,False,0,0,,0.0,4,0,0.0,0,0,1,0,1,0,1,0,2343.0,Philippe Franke, Luna Pearl, Luna Pearl
2344,2007,2026,10,10,2010,2010,3,3,19,True,False,0,17,30,0.0,3,0,1.2529585798816567,0,0,2,1,3,1,2,0,2344.0,Sandro Gröttner, BLVDE, BLVDE
2345,2007,2023,5,5,,,2,,16,True,False,0,6,,0.0,3,0,0.8235294117647058,0,0,2,1,3,0,3,0,2345.0,Alla Lorch,,Alla Lorch
2346,2007,2026,6,6,2010,2010,3,3,19,True,False,0,12,30,0.0,3,0,0.701280227596017,0,0,2,1,3,0,3,0,2346.0,Silvio Krause,,Silvio Krause
2349,2015,2015,1,1,2015,2015,1,0,0,True,False,0,0,25,0.0,0,0,0.0,0,0,1,0,1,0,2,0,2349.0,Ming Chang,,Ming Chang
2351,2007,2007,1,1,,,1,,0,True,False,0,3,,0.0,1,0,0.0,0,0,1,0,1,0,1,0,2351.0,Li Cheng,,Li Cheng
2352,2007,2007,1,1,,,1,,0,True,False,0,3,,0.0,1,0,0.0,0,0,1,0,1,0,1,0,2352.0,Min Deng,,Min Deng
2353,2007,2007,1,1,,,1,,0,True,False,0,3,,0.0,1,0,0.0,0,0,1,0,1,0,1,0,2353.0,Yong Tang,,Yong Tang
2354,2007,2007,1,1,,,1,,0,True,False,0,3,,0.0,1,0,0.0,0,0,1,0,1,0,1,0,2354.0,Tao Ding,,Tao Ding
2355,2007,2029,4,4,,,4,,22,True,False,0,15,,0.0,0,0,0.4629468177855275,0,0,4,0,4,0,2,6,2355.0,Qiang Cui,,Qiang Cui
2358,1997,2026,2,2,1997,1997,1,0,29,True,False,0,1,43,0.0,0,0,0.0,0,0,1,0,1,1,2,0,2358.0,Denise Bell,,Denise Bell
2361,2013,2017,3,3,,,2,,4,True,False,0,16,,0.0,2,0,0.75,1,0,1,0,1,6,1,0,2361.0,Xiulan Shi,,Xiulan Shi
2362,2023,2030,5,4,2023,2023,2,0,7,True,False,1,34,17,0.0,1,0,0.3333333333333333,0,0,2,0,2,8,2,0,2362.0,Kristi Crane,,Kristi Crane
2363,2013,2029,8,7,2019,2023,2,6,16,True,False,0,53,17,0.0,3,0,0.48653846153846164,0,0,1,1,2,15,2,0,2363.0,Daniël Reijers,,Daniël Reijers
2366,2020,2020,1,1,,,1,,0,True,False,0,2,,0.0,0,0,0.0,0,0,1,0,1,0,1,0,2366.0,Elizabeth Evans,,Elizabeth Evans
2367,2020,2020,1,1,,,1,,0,True,False,0,2,,0.0,0,0,0.0,0,0,1,0,1,0,1,0,2367.0,Jun Xiang,,Jun Xiang
2368,2020,2020,1,1,,,1,,0,True,False,0,2,,0.0,0,0,0.0,0,0,1,0,1,0,2,0,2368.0,Laura Sloan,,Laura Sloan
2370,2023,2023,1,1,,,1,,0,True,False,0,0,,0.0,1,0,0.0,0,0,1,0,1,0,2,0,2370.0,Lei Ma,,Lei Ma
2371,2023,2023,1,1,,,1,,0,True,False,0,0,,0.0,1,0,0.0,0,0,1,0,1,0,1,0,2371.0,Tao Zhou,,Tao Zhou
2372,2023,2023,1,1,,,1,,0,True,False,0,0,,0.0,1,0,0.0,0,0,1,0,1,0,1,0,2372.0,Qiang Song,,Qiang Song
2375,2030,2030,1,1,,,1,,0,True,True,1,2,,0.0,0,0,0.0,0,0,2,0,2,0,1,0,2375.0,Lei Xiong,,Lei Xiong
2376,2030,2030,1,1,,,1,,0,True,True,1,2,,0.0,0,0,0.0,0,0,2,0,2,0,1,0,2376.0,Chao Duan,,Chao Duan
2377,2030,2030,1,1,,,1,,0,True,True,1,2,,0.0,0,0,0.0,0,0,2,0,2,0,1,0,2377.0,Fang Xiong,,Fang Xiong
2378,2030,2030,1,1,,,1,,0,True,True,1,2,,0.0,0,0,0.0,0,0,2,0,2,0,2,0,2378.0,Guiying Su,,Guiying Su
2380,2027,2027,1,1,,,1,,0,True,True,0,1,,0.0,1,0,0.0,0,0,0,0,0,0,1,1,2380.0,Li Ma,,Li Ma
2382,2027,2027,1,1,,,1,,0,True,True,0,1,,0.0,1,0,0.0,0,0,0,0,0,0,1,1,2382.0,Fang Fu,,Fang Fu
2383,2020,2028,4,4,,,3,,8,True,False,0,11,,0.0,0,0,0.6052631578947368,0,0,3,0,3,4,1,1,2383.0,Xavier Leclerc,,Xavier Leclerc
2386,2023,2024,2,2,2024,2024,1,1,1,True,False,0,3,16,0.0,2,0,16.0,0,0,2,0,2,0,1,0,2386.0,Darlene Galloway,,Darlene Galloway
2387,2020,2023,2,2,,,2,,3,True,False,0,2,,0.0,2,0,1.3333333333333333,0,0,1,0,1,0,1,0,2387.0,Elizabeth Wagner,,Elizabeth Wagner
2388,2020,2028,4,4,2024,2024,2,4,8,True,False,0,5,16,0.0,1,0,3.1755725190839694,0,0,2,1,3,0,2,0,2388.0,Joe Taylor,,Joe Taylor
2389,2020,2028,4,4,2024,2024,2,4,8,True,False,0,5,16,0.0,1,0,3.1755725190839694,0,0,2,1,3,0,1,0,2389.0,Monica Brown,,Monica Brown
2393,2023,2023,1,1,2023,2023,1,0,0,True,False,0,1,17,0.0,0,0,0.0,0,0,1,0,1,0,2,0,2393.0,Xia Li,,Xia Li
2394,2020,2023,2,2,2023,2023,2,3,3,True,False,0,2,17,0.0,0,0,1.3333333333333333,0,0,2,0,2,0,1,1,2394.0,Kristi Bowers,,Kristi Bowers
2395,2023,2023,1,1,2023,2023,1,0,0,True,False,0,1,17,0.0,0,0,0.0,0,0,1,0,1,0,1,0,2395.0,Yan Wang,,Yan Wang
2396,2023,2023,1,1,2023,2023,1,0,0,True,False,0,1,17,0.0,0,0,0.0,0,0,1,0,1,0,2,0,2396.0,Jing Sun,,Jing Sun
2397,2023,2023,1,1,2023,2023,1,0,0,True,False,0,1,17,0.0,0,0,0.0,0,0,1,0,1,0,1,0,2397.0,Xiuying Yao,,Xiuying Yao
2399,2023,2023,1,1,,,1,,0,True,False,0,0,,0.0,2,0,0.0,0,0,1,0,1,0,1,0,2399.0,Juan Yin,,Juan Yin
2400,2010,2023,3,3,,,2,,13,True,False,0,0,,0.0,5,0,0.5354330708661418,0,0,4,0,4,0,2,0,2400.0,Yan Tang,,Yan Tang
2401,2023,2023,1,1,,,1,,0,True,False,0,0,,0.0,2,0,0.0,0,0,1,0,1,0,2,0,2401.0,Lori Martin,,Lori Martin
2404,2018,2018,1,1,,,1,,0,True,False,0,3,,0.0,0,0,0.0,0,0,1,0,1,1,2,0,2404.0,Amanda Ochoa,,Amanda Ochoa
2405,2007,2007,1,1,2007,2007,1,0,0,True,False,0,0,33,0.0,0,0,0.0,0,0,1,0,1,0,2,0,2405.0,Jonathan Wade,,Jonathan Wade
2407,2029,2029,1,1,2032,2032,1,3,0,True,True,0,1,8,0.19999999999999996,1,0,0.0,0,0,1,0,1,0,2,0,2407.0,Yuki Saito, Vale, Vale
2408,2029,2029,1,1,2032,2032,1,3,0,True,True,0,1,8,0.19999999999999996,1,0,0.0,0,0,1,0,1,0,1,0,2408.0,Pamela Mitchell,,Pamela Mitchell
2414,2026,2026,1,1,,,1,,0,True,True,0,2,,0.0,0,0,0.0,0,0,1,0,1,0,1,0,2414.0,Min Qin,,Min Qin
2417,2007,2020,3,3,,,2,,13,True,False,0,8,,0.0,1,0,0.0,0,0,2,0,2,0,2,0,2417.0,Xiuying Ding,,Xiuying Ding
2419,2028,2028,1,1,2028,2028,1,0,0,True,True,0,1,12,0.0,0,0,0.0,0,0,0,0,0,0,1,0,2419.0,Kristen Stanley,,Kristen Stanley
2420,2028,2028,1,1,2028,2028,1,0,0,True,True,0,1,12,0.0,0,0,0.0,0,0,0,0,0,0,1,0,2420.0,Richard Moore,,Richard Moore
2422,2028,2028,1,1,2028,2028,1,0,0,True,True,0,1,12,0.0,0,0,0.0,0,0,0,0,0,0,1,0,2422.0,Shannon Jacobson,,Shannon Jacobson
2425,2023,2023,1,1,,,1,,0,True,False,0,0,,0.0,3,0,0.0,0,0,1,0,1,0,2,0,2425.0,Yang Guo,,Yang Guo
2426,2028,2028,1,1,,,1,,0,True,True,0,5,,0.0,5,0,0.0,0,0,1,0,1,0,3,0,2426.0,Guiying Ren,,Guiying Ren
2427,2022,2023,2,2,,,1,,1,True,False,0,1,,0.0,3,0,5.0,0,0,1,0,1,0,2,0,2427.0,Juan Kong,,Juan Kong
2429,1993,1993,1,1,,,1,,0,True,False,0,0,,0.0,0,0,0.0,0,0,0,0,0,0,1,0,2429.0,Nynke Corstiaens,,Nynke Corstiaens
2434,2020,2029,3,3,2020,2020,2,0,9,True,False,0,5,20,0.0,1,0,1.0,0,0,1,0,1,2,2,0,2434.0,Lei Zhou,,Lei Zhou
2437,2020,2020,1,1,,,1,,0,True,False,0,1,,0.0,0,0,0.0,0,0,0,0,0,1,1,0,2437.0,Yasmin Vig,,Yasmin Vig
2442,2019,2019,1,1,,,1,,0,True,False,0,4,,0.0,1,0,0.0,0,0,1,0,1,0,1,0,2442.0,Fang Liao,,Fang Liao
2443,2007,2021,3,3,,,2,,14,True,False,0,6,,0.0,1,0,0.21511627906976746,0,0,3,0,3,0,3,0,2443.0,Lei Pan,,Lei Pan
2447,2024,2024,1,1,,,1,,0,True,False,0,1,,0.0,0,0,0.0,0,0,1,0,1,0,1,0,2447.0,Juan Li,,Juan Li
2448,2024,2024,1,1,,,1,,0,True,False,0,1,,0.0,0,0,0.0,0,0,1,0,1,0,1,0,2448.0,Taylor Miller,,Taylor Miller
2449,2024,2024,1,1,,,1,,0,True,False,0,1,,0.0,0,0,0.0,0,0,1,0,1,0,1,0,2449.0,Qiang Mao,,Qiang Mao
2450,2024,2024,1,1,,,1,,0,True,False,0,1,,0.0,0,0,0.0,0,0,1,0,1,0,1,0,2450.0,Xiulan Lei,,Xiulan Lei
2451,2024,2024,1,1,,,1,,0,True,False,0,1,,0.0,0,0,0.0,0,0,1,0,1,0,2,0,2451.0,Xiulan Ma,,Xiulan Ma
2452,2020,2020,1,1,,,1,,0,True,False,0,0,,0.0,1,0,0.0,0,0,2,0,2,0,2,0,2452.0,Evamaria Geisel,,Evamaria Geisel
2455,2029,2029,1,1,,,1,,0,True,True,0,7,,0.0,2,0,0.0,0,0,1,0,1,2,2,0,2455.0,Jing Yin, Venice, Venice
2456,2029,2030,2,2,2030,2030,2,1,1,True,True,1,12,10,0.0,3,0,4.0,0,0,1,0,1,3,1,0,2456.0,Na Kang,,Na Kang
2457,2029,2030,2,2,2030,2030,2,1,1,True,True,1,12,10,0.0,3,0,4.0,0,0,1,0,1,3,2,0,2457.0,Ming Ding,,Ming Ding
2458,2013,2030,6,5,2030,2030,5,17,17,True,False,1,10,10,0.0,2,0,0.8363636363636363,0,0,5,1,6,1,1,0,2458.0,Xiuying Fang,,Xiuying Fang
2460,2019,2030,3,3,2030,2030,3,11,11,True,False,1,13,10,0.0,2,0,0.7837837837837838,0,0,1,1,2,3,2,0,2460.0,Yang Ye,,Yang Ye
2462,2017,2017,1,1,,,1,,0,True,False,0,1,,0.0,0,0,0.0,0,0,1,0,1,0,1,0,2462.0,David Hughes,,David Hughes
2464,2017,2017,1,1,,,1,,0,True,False,0,1,,0.0,0,0,0.0,0,0,1,0,1,0,2,0,2464.0,David Chandler,,David Chandler
2466,2017,2017,1,1,,,1,,0,True,False,0,1,,0.0,0,0,0.0,0,0,1,0,1,0,1,0,2466.0,Kathleen Duran,,Kathleen Duran
2471,2012,2026,2,2,,,2,,14,True,False,0,2,,0.0,2,0,0.35714285714285715,0,0,2,0,2,0,2,0,2471.0,Antoine Barthelemy,,Antoine Barthelemy
2472,2012,2020,2,2,2020,2020,1,8,8,True,False,0,1,20,0.0,1,0,0.25,0,0,1,0,1,0,1,0,2472.0,Bryan Richardson,,Bryan Richardson
2476,2026,2026,1,1,,,1,,0,True,True,0,2,,0.0,0,0,0.0,0,0,1,0,1,0,2,0,2476.0,Wei Jiang,,Wei Jiang
2481,2026,2026,1,1,,,1,,0,True,True,0,2,,0.0,0,0,0.0,0,0,1,0,1,0,1,0,2481.0,Yong Kang,,Yong Kang
2482,2026,2026,1,1,,,1,,0,True,True,0,2,,0.0,0,0,0.0,0,0,1,0,1,0,1,0,2482.0,Min Tan,,Min Tan
2483,2024,2026,2,2,,,1,,2,True,False,0,5,,0.0,0,0,1.0,0,0,1,0,1,0,1,0,2483.0,Lei Luo,,Lei Luo
2484,2024,2024,1,1,,,1,,0,True,False,0,3,,0.0,0,0,0.0,0,0,1,0,1,0,3,0,2484.0,Gang Chang,,Gang Chang
2487,2023,2023,1,1,,,1,,0,True,False,0,1,,0.0,2,0,0.0,0,0,1,0,1,0,1,0,2487.0,Christoph Hermann,,Christoph Hermann
2488,2023,2023,1,1,,,1,,0,True,False,0,1,,0.0,2,0,0.0,0,0,1,0,1,0,1,0,2488.0,Fatma Henck-Weinhold,,Fatma Henck-Weinhold
2491,2007,2007,1,1,,,1,,0,True,False,0,0,,0.0,0,0,0.0,0,0,1,0,1,0,1,0,2491.0,Franciszek Filusz,,Franciszek Filusz
2494,2012,2012,1,1,,,1,,0,True,False,0,7,,0.0,0,0,0.0,0,0,2,0,2,2,1,0,2494.0,Cezary Siedlarz,,Cezary Siedlarz
2496,2021,2021,1,1,,,1,,0,True,False,0,2,,0.0,0,0,0.0,0,0,0,0,0,0,1,0,2496.0,Abram Kala, Atlas King, Atlas King
2497,2021,2021,1,1,,,1,,0,True,False,0,2,,0.0,0,0,0.0,0,0,0,0,0,0,1,0,2497.0,Sara Sharaf, V.I.C, V.I.C
2498,2021,2021,1,1,,,1,,0,True,False,0,2,,0.0,0,0,0.0,0,0,0,0,0,0,1,0,2498.0,Farhan Seshadri,,Farhan Seshadri
2501,2003,2008,2,2,,,2,,5,True,False,0,3,,0.0,0,0,0.6,0,0,2,0,2,0,1,0,2501.0,Na Yang,,Na Yang
2502,2008,2008,1,1,,,1,,0,True,False,0,1,,0.0,0,0,0.0,0,0,2,0,2,0,2,0,2502.0,Dana Griffin,,Dana Griffin
2503,2003,2008,2,2,,,2,,5,True,False,0,3,,0.0,0,0,0.6,0,0,2,0,2,0,1,0,2503.0,Xiuying Fan,,Xiuying Fan
2504,2003,2008,2,2,,,2,,5,True,False,0,3,,0.0,0,0,0.6,0,0,2,0,2,0,1,0,2504.0,Gang Wen,,Gang Wen
2506,2017,2021,2,2,2021,2021,2,4,4,True,False,0,4,19,0.0,1,0,0.5,0,0,2,1,3,0,2,1,2506.0,Xiuying Zhu,,Xiuying Zhu
2507,2017,2021,2,2,2021,2021,2,4,4,True,False,0,4,19,0.0,1,0,0.5,0,0,2,0,2,0,1,1,2507.0,Na Mao,,Na Mao
2508,2007,2021,3,3,2021,2021,2,14,14,True,False,0,4,19,0.0,0,0,0.4230769230769231,0,0,2,1,3,0,2,1,2508.0,Ping Ding,,Ping Ding
2509,2008,2017,2,2,,,2,,9,True,False,0,3,,0.0,3,0,0.4444444444444444,0,0,2,1,3,0,2,1,2509.0,Qiang Dong,,Qiang Dong
2511,1981,2004,3,3,,,1,,23,True,False,0,4,,0.0,1,0,0.0,0,0,1,0,1,0,1,0,2511.0,Kavya Agrawal,,Kavya Agrawal
2516,2017,2023,4,4,,,3,,6,True,False,0,3,,0.0,2,0,1.3333333333333333,0,0,3,1,4,0,3,0,2516.0,Ottmar Grein Groth-Butte,Vespera,Vespera
2517,2017,2023,3,3,,,3,,6,True,False,0,2,,0.0,2,0,1.1666666666666667,0,0,3,1,4,0,1,0,2517.0,Frau Adelgunde Hermighausen,,Frau Adelgunde Hermighausen
2518,2023,2023,1,1,,,1,,0,True,False,0,1,,0.0,2,0,0.0,0,0,1,0,1,0,2,0,2518.0,Domenico Nette,,Domenico Nette
2520,2023,2023,1,1,,,1,,0,True,False,0,1,,0.0,2,0,0.0,0,0,1,0,1,0,1,0,2520.0,Cemal Dowerg,,Cemal Dowerg
2521,2023,2023,1,1,,,1,,0,True,False,0,1,,0.0,2,0,0.0,0,0,1,0,1,0,1,0,2521.0,Karl-Friedrich Kreusel,,Karl-Friedrich Kreusel
2526,2028,2028,1,1,,,1,,0,True,True,0,2,,0.0,0,0,0.0,0,0,1,0,1,1,1,0,2526.0,Kimberly Thomas,,Kimberly Thomas
2527,2028,2028,1,1,,,1,,0,True,True,0,2,,0.0,0,0,0.0,0,0,1,0,1,1,1,0,2527.0,Joel Foster,,Joel Foster
2528,2023,2028,2,2,,,2,,5,True,False,0,5,,0.0,0,0,0.6,0,0,2,0,2,3,2,0,2528.0,Larry Fields,,Larry Fields
2529,2028,2028,1,1,,,1,,0,True,True,0,2,,0.0,0,0,0.0,0,0,1,0,1,1,2,0,2529.0,Kathy Green,,Kathy Green
2531,2020,2020,1,1,,,1,,0,True,False,0,1,,0.0,0,0,0.0,0,0,1,0,1,0,1,0,2531.0,Fang Yuan,Jordan Miles,Jordan Miles
2532,2020,2020,1,1,,,1,,0,True,False,0,1,,0.0,0,0,0.0,0,0,1,0,1,0,1,0,2532.0,Li Dong,,Li Dong
2535,2020,2023,3,2,,,2,,3,True,False,0,20,,0.0,1,0,1.0000000000000002,0,0,5,0,5,2,2,0,2535.0,John Wilkinson,,John Wilkinson
2536,2007,2025,6,5,2020,2020,2,13,18,True,False,0,27,20,0.0,4,0,0.38582677165354334,0,0,5,0,5,6,2,0,2536.0,Jun Zou,,Jun Zou
2537,2014,2022,3,2,,,2,,8,True,False,0,14,,0.0,1,0,1.0,0,0,5,0,5,2,2,0,2537.0,Gang Mo,,Gang Mo
2538,2007,2025,15,14,2010,2022,4,3,18,True,False,0,47,18,0.0,6,0,0.9678243105209396,0,0,2,0,2,6,3,0,2538.0,Angelika Osojca,,Angelika Osojca
2542,2026,2027,2,2,,,2,,1,True,True,0,5,,0.0,1,0,3.0,0,0,1,0,1,0,1,0,2542.0,Xiuying Zou,,Xiuying Zou
2543,2027,2027,1,1,,,1,,0,True,True,0,2,,0.0,1,0,0.0,0,0,1,0,1,0,1,0,2543.0,Qiang Luo,,Qiang Luo
2544,2026,2027,2,2,,,2,,1,True,True,0,5,,0.0,1,0,3.0,0,0,1,0,1,0,1,0,2544.0,Yan Shi,,Yan Shi
2546,2013,2027,5,5,2013,2013,3,0,14,True,False,0,7,27,0.0,8,0,1.189655172413793,0,0,3,0,3,1,3,0,2546.0,Erdogan Baum,,Erdogan Baum
2550,2016,2017,2,2,,,1,,1,True,False,0,5,,0.0,0,0,0.0,0,0,2,0,2,1,1,0,2550.0,Kashvi Keer,S-KRIPTA,S-KRIPTA
2551,1992,2017,2,2,1992,1992,1,0,25,True,False,0,4,48,0.0,0,0,0.0,0,0,2,0,2,1,2,0,2551.0,Lindsay Nichols,Lindsay Sage,Lindsay Sage
2552,2003,2010,3,3,,,1,,7,True,False,0,3,,0.0,0,0,0.0,0,0,1,0,1,0,3,0,2552.0,Vidur Kapadia,,Vidur Kapadia
2557,2029,2029,1,1,2029,2029,1,0,0,True,True,0,1,11,0.0,2,0,0.0,0,0,2,0,2,0,1,0,2557.0,Fang Peng,,Fang Peng
2558,2029,2029,1,1,2029,2029,1,0,0,True,True,0,1,11,0.0,2,0,0.0,0,0,2,0,2,0,1,0,2558.0,Xiuying Li,,Xiuying Li
2562,2017,2017,1,1,,,1,,0,True,False,0,1,,0.0,2,0,0.0,0,0,1,0,1,0,1,0,2562.0,Jun Xiong,,Jun Xiong
2564,2017,2017,1,1,,,1,,0,True,False,0,1,,0.0,2,0,0.0,0,0,1,0,1,0,1,0,2564.0,Chao Gao,,Chao Gao
2565,2017,2017,1,1,,,1,,0,True,False,0,1,,0.0,2,0,0.0,0,0,1,0,1,0,1,0,2565.0,Xia Yin,,Xia Yin
2566,2017,2029,9,9,2025,2025,6,8,12,True,False,0,10,15,0.0,3,0,0.9969372128637061,1,0,6,0,6,0,2,1,2566.0,Xiuying Yin,,Xiuying Yin
2569,2022,2022,1,1,,,1,,0,True,False,0,6,,0.0,0,0,0.0,0,0,1,0,1,1,1,0,2569.0,Juan Mo,,Juan Mo
2571,2022,2022,1,1,,,1,,0,True,False,0,6,,0.0,0,0,0.0,0,0,1,0,1,1,2,0,2571.0,Chao Tian,,Chao Tian
2573,2004,2004,1,1,,,1,,0,True,False,0,0,,0.0,0,0,0.0,0,0,1,0,1,0,1,0,2573.0,Audrey Picard,,Audrey Picard
2578,2013,2013,1,1,,,1,,0,True,False,0,0,,0.0,0,0,0.0,0,0,2,0,2,0,1,0,2578.0,Hansh Hayer, Johnny West, Johnny West
2579,2013,2013,1,1,,,1,,0,True,False,0,0,,0.0,0,0,0.0,0,0,2,0,2,0,1,0,2579.0,Nitara Biswas,,Nitara Biswas
2580,2013,2013,1,1,,,1,,0,True,False,0,0,,0.0,0,0,0.0,0,0,2,0,2,0,1,0,2580.0,Sahil Tripathi,,Sahil Tripathi
2581,2013,2013,1,1,,,1,,0,True,False,0,0,,0.0,0,0,0.0,0,0,2,0,2,0,2,0,2581.0,Ehsaan Lall,,Ehsaan Lall
2583,2028,2028,1,1,,,1,,0,True,True,0,4,,0.0,0,0,0.0,0,0,1,0,1,0,1,0,2583.0,Jie Liang,,Jie Liang
2584,2024,2028,2,2,,,1,,4,True,False,0,5,,0.0,0,0,0.0,0,0,1,0,1,0,2,0,2584.0,Xiulan Lin,,Xiulan Lin
2585,2028,2028,1,1,,,1,,0,True,True,0,4,,0.0,0,0,0.0,0,0,1,0,1,0,2,0,2585.0,Gregory Hartman,,Gregory Hartman
2587,2025,2025,1,1,,,1,,0,True,True,0,4,,0.0,1,0,0.0,0,0,1,0,1,1,2,0,2587.0,Min Qiu,,Min Qiu
2588,2024,2024,1,1,,,1,,0,True,False,0,1,,0.0,2,0,0.0,0,0,1,0,1,1,2,0,2588.0,Jun Mao,,Jun Mao
2589,2012,2028,11,11,2013,2036,6,1,16,True,False,0,13,4,0.6,8,0,1.775652173913043,0,0,6,0,6,4,3,0,2589.0,Lei Yuan,,Lei Yuan
2590,2020,2025,4,4,,,4,,5,True,False,0,10,,0.0,5,0,1.6470588235294117,0,0,4,0,4,5,3,0,2590.0,Tao Sun,,Tao Sun
2591,2010,2028,6,6,2013,2013,4,3,18,True,False,0,11,27,0.0,5,0,0.9776119402985076,0,0,2,1,3,3,2,0,2591.0,Theresa Rivera,,Theresa Rivera
2592,2012,2024,8,8,2013,2013,4,1,12,True,False,0,8,27,0.0,12,0,3.0783783783783787,0,0,5,1,6,4,2,0,2592.0,Ping Zhong,,Ping Zhong
2597,2026,2026,1,1,,,1,,0,True,True,0,3,,0.0,0,0,0.0,0,0,1,0,1,0,2,0,2597.0,Min Sun,,Min Sun
2598,2026,2026,1,1,,,1,,0,True,True,0,3,,0.0,0,0,0.0,0,0,1,0,1,0,1,0,2598.0,Tao Lai,,Tao Lai
2599,2026,2026,1,1,,,1,,0,True,True,0,3,,0.0,0,0,0.0,0,0,1,0,1,0,1,0,2599.0,Jie Ma,,Jie Ma
2601,2026,2026,1,1,,,1,,0,True,True,0,3,,0.0,0,0,0.0,0,0,1,0,1,0,1,0,2601.0,Xia Lin,,Xia Lin
2602,2026,2026,1,1,,,1,,0,True,True,0,3,,0.0,0,0,0.0,0,0,1,0,1,0,1,0,2602.0,Qiang Yan,,Qiang Yan
2603,2026,2026,1,1,,,1,,0,True,True,0,3,,0.0,0,0,0.0,0,0,1,0,1,0,3,0,2603.0,Gang Zhang,,Gang Zhang
2605,2026,2026,1,1,,,1,,0,True,True,0,1,,0.0,1,0,0.0,0,0,1,0,1,0,1,0,2605.0,Frederick Jackson Jr.,,Frederick Jackson Jr.
2606,2026,2027,2,2,,,2,,1,True,True,0,12,,0.0,1,0,2.0,0,0,1,0,1,2,1,1,2606.0,Xiulan Yu,,Xiulan Yu
2607,2026,2027,3,3,,,2,,1,True,True,0,16,,0.0,0,0,2.0,0,0,2,0,2,3,1,2,2607.0,Lisa Hart,,Lisa Hart
2609,2013,2013,1,1,,,1,,0,True,False,0,1,,0.0,0,0,0.0,0,0,2,0,2,0,1,0,2609.0,Min Guo,,Min Guo
2611,2013,2013,1,1,,,1,,0,True,False,0,1,,0.0,0,0,0.0,0,0,2,0,2,0,2,0,2611.0,Yong Xue,,Yong Xue
2612,2013,2013,1,1,,,1,,0,True,False,0,1,,0.0,0,0,0.0,0,0,2,0,2,0,1,0,2612.0,Jie Dai,,Jie Dai
2613,2013,2022,2,2,2022,2022,2,9,9,True,False,0,1,18,0.0,1,0,0.7777777777777778,0,0,4,0,4,0,2,0,2613.0,Yong Wen,,Yong Wen
2618,2020,2020,1,1,,,1,,0,True,False,0,1,,0.0,0,0,0.0,0,0,0,0,0,1,1,0,2618.0,Aarav Balan,,Aarav Balan
2620,2020,2020,1,1,,,1,,0,True,False,0,1,,0.0,0,0,0.0,0,0,0,0,0,1,1,0,2620.0,Kaira Saxena,,Kaira Saxena
2621,2020,2020,1,1,,,1,,0,True,False,0,1,,0.0,0,0,0.0,0,0,0,0,0,1,2,0,2621.0,Gokul Dhaliwal,,Gokul Dhaliwal
2622,2020,2020,1,1,,,1,,0,True,False,0,1,,0.0,0,0,0.0,0,0,0,0,0,1,2,0,2622.0,Zeeshan Manda,,Zeeshan Manda
2626,2004,2004,1,1,,,1,,0,True,False,0,1,,0.0,0,0,0.0,0,0,2,0,2,0,2,0,2626.0,Julie Flores,,Julie Flores
2630,1991,1991,1,1,,,1,,0,True,False,0,0,,0.0,0,0,0.0,0,0,0,0,0,0,1,0,2630.0,Felicia Gilbert,,Felicia Gilbert
2634,2026,2028,3,3,2028,2028,2,2,2,True,True,0,17,12,0.0,1,0,3.4999999999999996,0,0,1,1,2,3,1,0,2634.0,Chao Li,,Chao Li
2635,2026,2028,2,2,2028,2028,1,2,2,True,True,0,11,12,0.0,2,0,2.0,0,0,1,1,2,2,1,0,2635.0,Wei Mo,,Wei Mo
2636,2027,2028,2,2,2028,2028,2,1,1,True,True,0,11,12,0.0,2,0,4.0,0,0,1,1,2,2,2,0,2636.0,Chao Qin,,Chao Qin
2637,2026,2026,1,1,,,1,,0,True,True,0,6,,0.0,2,0,0.0,0,0,1,1,2,1,2,0,2637.0,Juan Lei,,Juan Lei
2642,2024,2024,1,1,,,1,,0,True,False,0,1,,0.0,0,0,0.0,0,0,1,0,1,0,1,0,2642.0,Gang Deng,,Gang Deng
2643,2024,2024,1,1,,,1,,0,True,False,0,1,,0.0,0,0,0.0,0,0,1,0,1,0,1,0,2643.0,Wei Wan,,Wei Wan
2644,2024,2024,1,1,,,1,,0,True,False,0,1,,0.0,0,0,0.0,0,0,1,0,1,0,2,0,2644.0,Charles White,,Charles White
2648,2023,2023,1,1,,,1,,0,True,False,0,1,,0.0,4,0,0.0,0,0,2,0,2,0,2,0,2648.0,Friedo Dobes,,Friedo Dobes
2650,2013,2025,2,2,,,2,,12,True,False,0,4,,0.0,1,0,0.16666666666666666,0,0,1,0,1,1,2,0,2650.0,Lisa Castillo,,Lisa Castillo
2651,2012,2025,4,4,,,2,,13,True,False,0,11,,0.0,0,0,0.2484076433121019,0,0,1,0,1,2,2,0,2651.0,Renee Williams,,Renee Williams
2652,2013,2013,1,1,,,1,,0,True,False,0,1,,0.0,1,0,0.0,0,0,1,0,1,0,1,0,2652.0,William Rojas,,William Rojas
2656,2000,2006,2,1,,,1,,6,True,False,0,4,,0.0,0,0,0.0,0,0,2,0,2,1,3,0,2656.0,Brandon Santos,,Brandon Santos
2659,1997,2015,13,13,2007,2014,3,10,18,True,False,0,47,26,0.0,2,0,0.5088495575221239,0,0,2,0,2,9,3,0,2659.0,Matthew Hancock,Lunar Tapestry,Lunar Tapestry
2660,2007,2014,3,3,2014,2014,1,7,7,True,False,0,12,26,0.0,1,0,0.5,0,0,1,0,1,1,2,0,2660.0,Christopher Smith,,Christopher Smith
2663,2022,2022,1,1,,,1,,0,True,False,0,1,,0.0,1,0,0.0,0,0,1,0,1,0,1,0,2663.0,Gang Jiang,,Gang Jiang
2664,2022,2023,2,2,,,2,,1,True,False,0,2,,0.0,1,0,2.0,0,0,1,0,1,0,1,1,2664.0,Xia Xiang,,Xia Xiang
2665,2022,2022,1,1,,,1,,0,True,False,0,1,,0.0,1,0,0.0,0,0,1,0,1,0,2,0,2665.0,Jing Zhong,,Jing Zhong
2667,2009,2012,2,2,,,1,,3,True,False,0,12,,0.0,1,0,0.6666666666666666,0,0,1,0,1,2,2,0,2667.0,Fang Xue,,Fang Xue
2668,1997,2025,17,16,2010,2015,6,13,28,True,False,0,50,25,0.0,5,0,0.9035439471117372,0,0,2,0,2,9,3,0,2668.0,Ping Tian,,Ping Tian
2669,2009,2012,2,2,,,1,,3,True,False,0,12,,0.0,1,0,0.6666666666666666,0,0,1,0,1,2,1,0,2669.0,Tao Sun,,Tao Sun
2671,2013,2013,1,1,,,1,,0,True,False,0,0,,0.0,0,0,0.0,0,0,1,0,1,0,2,0,2671.0,Ignacy Henke,,Ignacy Henke
2672,1987,2013,2,2,,,1,,26,True,False,0,0,,0.0,0,0,0.0,0,0,2,0,2,0,3,0,2672.0,Cyprian Ziniewicz,,Cyprian Ziniewicz
2677,2004,2017,2,2,,,2,,13,True,False,0,1,,0.0,1,0,0.0,0,0,2,0,2,0,2,0,2677.0,Christine Lam,,Christine Lam
2678,2020,2029,2,2,2020,2020,2,0,9,True,False,0,4,20,0.0,3,0,0.0,0,0,3,0,3,0,2,0,2678.0,Lisa Shaffer,,Lisa Shaffer
2680,2023,2023,1,1,,,1,,0,True,False,0,2,,0.0,1,0,0.0,0,0,1,0,1,0,1,0,2680.0,Satomi Kobayashi,,Satomi Kobayashi
2681,1997,2023,3,3,,,1,,26,True,False,0,4,,0.0,0,0,0.038461538461538464,0,0,2,0,2,0,2,0,2681.0,Kazuya Aoki,,Kazuya Aoki
2685,2019,2026,2,2,2019,2019,2,0,7,True,False,0,5,21,0.0,0,0,0.0,0,0,2,0,2,1,3,0,2685.0,Na Yi,,Na Yi
2689,2016,2016,1,1,,,1,,0,True,False,0,0,,0.0,0,0,0.0,0,0,0,0,0,0,1,0,2689.0,Nicole Lee,,Nicole Lee
2692,1992,1992,1,1,,,1,,0,True,False,0,0,,0.0,0,0,0.0,0,0,2,0,2,0,1,0,2692.0,Juan Zeng,,Juan Zeng
2693,1992,1992,1,1,,,1,,0,True,False,0,0,,0.0,0,0,0.0,0,0,2,0,2,0,1,0,2693.0,Juan Pan,,Juan Pan
2695,2004,2004,1,1,,,1,,0,True,False,0,0,,0.0,0,0,0.0,0,0,2,0,2,0,2,0,2695.0,Gerold Sontag,,Gerold Sontag
2697,2010,2010,1,1,,,1,,0,True,False,0,3,,0.0,3,0,0.0,0,0,1,0,1,0,1,0,2697.0,Min Chang,,Min Chang
2699,2009,2009,1,1,,,1,,0,True,False,0,0,,0.0,0,0,0.0,0,0,0,0,0,0,3,0,2699.0,Charles Wright,,Charles Wright
2702,2029,2029,1,1,,,1,,0,True,True,0,4,,0.0,3,0,0.0,0,0,2,0,2,0,1,0,2702.0,Jie Shen,,Jie Shen
2705,2023,2026,2,2,2023,2023,2,0,3,True,False,0,2,17,0.0,1,0,0.6666666666666666,0,0,1,0,1,1,1,0,2705.0,Jeremiah Love,,Jeremiah Love
2706,2020,2026,4,4,2023,2024,3,3,6,True,False,0,4,16,0.0,0,0,1.2857142857142858,0,0,1,0,1,1,3,0,2706.0,Zachary Francis,,Zachary Francis
2707,2017,2026,2,2,,,2,,9,True,False,0,3,,0.0,1,0,0.0,0,0,1,0,1,2,3,0,2707.0,Robert Woods,,Robert Woods
2710,2018,2018,1,1,,,1,,0,True,False,0,3,,0.0,1,0,0.0,0,0,1,0,1,1,1,0,2710.0,Guiying Shao,,Guiying Shao
2711,2018,2018,1,1,,,1,,0,True,False,0,3,,0.0,1,0,0.0,0,0,1,0,1,1,2,0,2711.0,Kristina Sanchez,,Kristina Sanchez
2712,2014,2018,2,2,,,2,,4,True,False,0,5,,0.0,1,0,1.0,0,0,2,0,2,1,1,0,2712.0,Yong Gao,,Yong Gao
2713,2014,2018,2,2,,,2,,4,True,False,0,5,,0.0,1,0,1.0,0,0,2,0,2,1,2,0,2713.0,Yan Xue,,Yan Xue
2716,2007,2007,1,1,,,1,,0,True,False,0,0,,0.0,0,0,0.0,0,0,1,0,1,0,2,0,2716.0,Xiulan Liao,,Xiulan Liao
2717,2024,2024,1,1,,,1,,0,True,False,0,2,,0.0,0,0,0.0,0,0,1,0,1,0,2,0,2717.0,Ping Xiong,,Ping Xiong
2718,2007,2024,2,2,,,2,,17,True,False,0,2,,0.0,0,0,0.11764705882352941,0,0,1,0,1,0,1,0,2718.0,Tao Han,,Tao Han
2719,2008,2024,2,2,,,2,,16,True,False,0,3,,0.0,0,0,0.0,0,0,2,0,2,0,2,0,2719.0,Jing Zhao,,Jing Zhao
2721,2009,2009,1,1,,,1,,0,True,False,0,1,,0.0,0,0,0.0,0,0,1,0,1,0,3,0,2721.0,Jing Jin,LIL OMEGA,LIL OMEGA
2722,2011,2011,1,1,,,1,,0,True,False,0,0,,0.0,0,0,0.0,0,0,1,0,1,0,1,0,2722.0,Wei Yi,,Wei Yi
2725,2023,2023,1,1,,,1,,0,True,False,0,1,,0.0,0,0,0.0,0,0,1,0,1,1,1,0,2725.0,Qiang Tan,,Qiang Tan
2726,2023,2023,1,1,,,1,,0,True,False,0,1,,0.0,0,0,0.0,0,0,1,0,1,1,1,0,2726.0,Jing Peng,,Jing Peng
2727,2023,2023,1,1,,,1,,0,True,False,0,1,,0.0,0,0,0.0,0,0,1,0,1,1,1,0,2727.0,Xia Lei,,Xia Lei
2728,2023,2023,1,1,,,1,,0,True,False,0,1,,0.0,0,0,0.0,0,0,1,0,1,1,2,0,2728.0,Xiulan Zhao,,Xiulan Zhao
2731,2000,2000,1,1,,,1,,0,True,False,0,0,,0.0,0,0,0.0,0,0,1,0,1,0,1,0,2731.0,Józef Niewiara,,Józef Niewiara
2732,2000,2000,1,1,,,1,,0,True,False,0,0,,0.0,0,0,0.0,0,0,1,0,1,0,1,0,2732.0,Janina Mazik,,Janina Mazik
2735,2020,2020,1,1,,,1,,0,True,False,0,1,,0.0,1,0,0.0,0,0,2,0,2,1,1,0,2735.0,Na Zhang,,Na Zhang
2736,2020,2023,3,3,,,2,,3,True,False,0,4,,0.0,1,0,1.6666666666666667,0,0,3,0,3,2,2,1,2736.0,Nanami Yoshida,,Nanami Yoshida
2737,2020,2020,1,1,,,1,,0,True,False,0,1,,0.0,1,0,0.0,0,0,2,0,2,1,2,0,2737.0,Jie Kang,,Jie Kang
2739,2023,2023,1,1,,,1,,0,True,False,0,1,,0.0,0,0,0.0,0,0,1,0,1,0,1,0,2739.0,Abigail Scott,,Abigail Scott
2740,2023,2026,2,2,,,2,,3,True,False,0,3,,0.0,0,0,0.3333333333333333,0,0,2,0,2,0,2,0,2740.0,Carolyn Salas,,Carolyn Salas
2741,2023,2023,1,1,,,1,,0,True,False,0,1,,0.0,0,0,0.0,0,0,1,0,1,0,1,0,2741.0,Bhamini Luthra,,Bhamini Luthra
2745,2007,2007,1,1,,,1,,0,True,False,0,1,,0.0,0,0,0.0,0,0,1,0,1,0,2,0,2745.0,Frau Raphaela Bohnbach,,Frau Raphaela Bohnbach
2746,1994,1994,1,1,,,1,,0,True,False,0,0,,0.0,0,0,0.0,0,0,0,0,0,0,2,0,2746.0,Linda Reed,,Linda Reed
2750,2018,2020,2,2,,,2,,2,True,False,0,1,,0.0,5,0,0.0,0,0,3,0,3,0,2,0,2750.0,Na Su,,Na Su
2752,2001,2001,1,1,,,1,,0,True,False,0,3,,0.0,0,0,0.0,0,0,2,0,2,0,2,0,2752.0,Thibault Potier,,Thibault Potier
2753,1984,1995,2,2,,,2,,11,True,False,0,1,,0.0,0,0,0.0,0,0,2,0,2,0,1,0,2753.0,Marcel Camus-Meunier,,Marcel Camus-Meunier
2757,2007,2017,2,2,2007,2007,2,0,10,True,False,0,1,33,0.0,0,0,0.3,0,0,3,0,3,0,1,0,2757.0,Wei Zhu,,Wei Zhu
2758,2007,2007,1,1,2007,2007,1,0,0,True,False,0,0,33,0.0,0,0,0.0,0,0,1,0,1,0,1,0,2758.0,Fang Zhou,,Fang Zhou
2759,2007,2007,1,1,2007,2007,1,0,0,True,False,0,0,33,0.0,0,0,0.0,0,0,1,0,1,0,1,0,2759.0,Yong Ding,,Yong Ding
2762,2007,2007,1,1,2007,2007,1,0,0,True,False,0,1,33,0.0,2,0,0.0,0,0,1,0,1,1,1,0,2762.0,Tao Chen,Dusk Fugue,Dusk Fugue
2763,2007,2014,3,3,2007,2007,1,0,7,True,False,0,2,33,0.0,2,0,0.5714285714285714,1,0,3,0,3,1,1,0,2763.0,Jun Li,,Jun Li
2765,2007,2007,1,1,2007,2007,1,0,0,True,False,0,1,33,0.0,2,0,0.0,0,0,1,0,1,1,1,0,2765.0,Guiying Ren,,Guiying Ren
2766,2007,2007,1,1,,,1,,0,True,False,0,0,,0.0,2,0,0.0,0,0,1,0,1,0,1,0,2766.0,Jun Zhang,,Jun Zhang
2769,2015,2015,1,1,2015,2015,1,0,0,True,False,0,1,25,0.0,1,0,0.0,0,0,1,0,1,0,2,0,2769.0,Akemi Nakajima,,Akemi Nakajima
2771,2013,2013,1,1,,,1,,0,True,False,0,2,,0.0,3,0,0.0,0,0,1,0,1,1,2,0,2771.0,Bethany Jennings,,Bethany Jennings
2772,2007,2013,3,3,2007,2007,3,0,6,True,False,0,3,33,0.0,2,0,0.5,0,0,1,0,1,2,2,0,2772.0,Stephen Bell,,Stephen Bell
2773,2007,2013,3,3,2007,2007,3,0,6,True,False,0,3,33,0.0,2,0,0.5,0,0,1,0,1,2,1,0,2773.0,Christopher Reed,,Christopher Reed
2776,2027,2027,1,1,,,1,,0,True,True,0,1,,0.0,0,0,0.0,0,0,0,0,0,0,2,0,2776.0,Yan Wang,,Yan Wang
2780,2023,2026,2,2,,,2,,3,True,False,0,2,,0.0,3,0,1.0,0,0,2,0,2,0,2,0,2780.0,Melina Tebaldi,,Melina Tebaldi
2781,2010,2026,3,3,,,2,,16,True,False,0,2,,0.0,5,0,0.2649769585253456,1,0,4,0,4,0,2,0,2781.0,Michelangelo Berlusconi,,Michelangelo Berlusconi
2782,2023,2026,4,4,,,3,,3,True,False,0,7,,0.0,2,0,1.3333333333333333,1,0,2,0,2,0,1,0,2782.0,Stephen Meyer,,Stephen Meyer
2785,2028,2028,1,1,,,1,,0,True,True,0,1,,0.0,0,0,0.0,0,0,1,0,1,0,1,0,2785.0,Hannah Newton,,Hannah Newton
2786,2028,2028,1,1,,,1,,0,True,True,0,1,,0.0,0,0,0.0,0,0,1,0,1,0,2,0,2786.0,Frederick Houston,,Frederick Houston
2787,2028,2028,1,1,,,1,,0,True,True,0,1,,0.0,0,0,0.0,0,0,1,0,1,0,1,0,2787.0,Angela Fisher,,Angela Fisher
2789,2028,2028,1,1,,,1,,0,True,True,0,1,,0.0,0,0,0.0,0,0,1,0,1,0,1,0,2789.0,Jivika Dar,,Jivika Dar
2793,1997,2000,2,2,1997,1997,2,0,3,True,False,0,3,43,0.0,0,0,0.0,0,0,1,0,1,0,2,0,2793.0,Adrian Carroll,,Adrian Carroll
2795,2004,2007,2,2,,,1,,3,True,False,0,4,,0.0,1,0,1.3333333333333333,0,0,1,0,1,0,1,0,2795.0,Margaux Mathieu,,Margaux Mathieu
2796,2004,2007,2,2,,,1,,3,True,False,0,4,,0.0,1,0,1.3333333333333333,0,0,1,0,1,0,1,0,2796.0,Céline Guérin,,Céline Guérin
2797,2004,2007,2,2,,,1,,3,True,False,0,4,,0.0,1,0,1.3333333333333333,0,0,1,0,1,0,2,0,2797.0,François Coste-Daniel,,François Coste-Daniel
2798,2004,2007,2,2,,,1,,3,True,False,0,4,,0.0,1,0,1.3333333333333333,0,0,1,0,1,0,2,0,2798.0,Élisabeth Lemoine,,Élisabeth Lemoine
2802,2019,2019,1,1,,,1,,0,True,False,0,0,,0.0,0,0,0.0,0,0,0,0,0,0,1,0,2802.0,Jacqueline Lawson,,Jacqueline Lawson
2803,2019,2019,1,1,,,1,,0,True,False,0,0,,0.0,0,0,0.0,0,0,0,0,0,0,1,0,2803.0,Carl Rush,,Carl Rush
2804,2019,2019,1,1,,,1,,0,True,False,0,0,,0.0,0,0,0.0,0,0,0,0,0,0,2,0,2804.0,Jessica Bradley,,Jessica Bradley
2805,2019,2019,1,1,,,1,,0,True,False,0,0,,0.0,0,0,0.0,0,0,0,0,0,0,1,0,2805.0,Stephanie Grant,,Stephanie Grant
2810,1984,1984,1,1,,,1,,0,True,False,0,0,,0.0,0,0,0.0,0,0,1,0,1,0,1,0,2810.0,Nina Mallien,,Nina Mallien
2811,1984,2012,2,2,,,2,,28,True,False,0,1,,0.0,1,0,0.14285714285714285,0,0,2,0,2,0,2,0,2811.0,Maurits van Bunschoten,,Maurits van Bunschoten
2812,1984,1984,1,1,,,1,,0,True,False,0,0,,0.0,0,0,0.0,0,0,1,0,1,0,1,0,2812.0,Bart Wensen-Kof,,Bart Wensen-Kof
2816,2010,2010,1,1,,,1,,0,True,False,0,0,,0.0,0,0,0.0,0,0,2,0,2,0,1,0,2816.0,Anthony Erickson,,Anthony Erickson
2817,2010,2010,1,1,,,1,,0,True,False,0,0,,0.0,0,0,0.0,0,0,2,0,2,0,1,0,2817.0,Virginia White,,Virginia White
2818,2008,2008,1,1,2008,2008,1,0,0,True,False,0,0,32,0.0,0,0,0.0,0,0,1,0,1,0,2,0,2818.0,Sonia Suda,,Sonia Suda
2819,2010,2010,1,1,,,1,,0,True,False,0,0,,0.0,0,0,0.0,0,0,2,0,2,0,1,0,2819.0,Aaron Martinez,,Aaron Martinez
2823,1999,1999,1,1,,,1,,0,True,False,0,0,,0.0,0,0,0.0,0,0,0,0,0,0,1,0,2823.0,Thomas Miranda,,Thomas Miranda
2824,1999,1999,1,1,,,1,,0,True,False,0,0,,0.0,0,0,0.0,0,0,0,0,0,0,1,0,2824.0,James Dudley,,James Dudley
2825,1999,1999,1,1,,,1,,0,True,False,0,0,,0.0,0,0,0.0,0,0,0,0,0,0,2,0,2825.0,Ann Petersen,,Ann Petersen
2826,1999,2025,2,2,,,2,,26,True,False,0,2,,0.0,0,0,0.0,0,0,1,0,1,0,1,0,2826.0,Dana Ferrell,,Dana Ferrell
2829,2007,2007,1,1,,,1,,0,True,False,0,0,,0.0,0,0,0.0,0,0,1,0,1,0,1,0,2829.0,Wei Pan,,Wei Pan
2830,2020,2020,1,1,,,1,,0,True,False,0,0,,0.0,0,0,0.0,0,0,2,0,2,0,2,0,2830.0,Jun Qiao,,Jun Qiao
2832,2026,2026,1,1,2026,2026,1,0,0,True,True,0,3,14,0.0,0,0,0.0,0,0,1,0,1,1,1,0,2832.0,Ping Gu,,Ping Gu
2833,2026,2026,1,1,2026,2026,1,0,0,True,True,0,3,14,0.0,0,0,0.0,0,0,1,0,1,1,1,0,2833.0,Juan Cai,,Juan Cai
2834,2026,2026,1,1,2026,2026,1,0,0,True,True,0,3,14,0.0,0,0,0.0,0,0,1,0,1,1,1,0,2834.0,Juan Meng,,Juan Meng
2835,2026,2026,1,1,2026,2026,1,0,0,True,True,0,3,14,0.0,0,0,0.0,0,0,1,0,1,1,2,0,2835.0,Tao Huang,,Tao Huang
2839,2012,2012,1,0,,,1,,0,True,False,0,1,,0.0,0,0,0.0,0,0,1,0,1,1,2,0,2839.0,Manuel Roberts,,Manuel Roberts
2840,2012,2012,1,0,,,1,,0,True,False,0,1,,0.0,0,0,0.0,0,0,1,0,1,1,2,0,2840.0,Gang Bai,,Gang Bai
2841,2004,2012,2,1,2004,2004,1,0,8,True,False,0,1,36,0.0,0,0,0.0,0,0,1,0,1,1,2,0,2841.0,Sheryl Massey,,Sheryl Massey
2842,2012,2012,1,0,,,1,,0,True,False,0,1,,0.0,0,0,0.0,0,0,1,0,1,1,1,0,2842.0,Claire Garner,,Claire Garner
2846,1986,2012,2,2,,,2,,26,True,False,0,0,,0.0,0,0,0.0,0,0,3,0,3,0,2,0,2846.0,Yan Song,,Yan Song
2849,2010,2010,1,1,2010,2010,1,0,0,True,False,0,1,30,0.0,2,0,0.0,0,0,1,0,1,0,2,0,2849.0,Yan Qian,,Yan Qian
2850,1997,2029,8,8,2029,2029,5,32,32,True,False,0,15,11,0.0,6,0,0.7037974683544304,0,0,6,0,6,0,2,6,2850.0,Min Fu,,Min Fu
2853,2028,2028,1,0,,,1,,0,True,True,0,1,,0.0,0,0,0.0,0,0,2,0,2,0,1,0,2853.0,Min Ren,,Min Ren
2854,2028,2028,1,0,,,1,,0,True,True,0,1,,0.0,0,0,0.0,0,0,2,0,2,0,1,0,2854.0,Guiying Xie,,Guiying Xie
2855,2028,2028,1,0,,,1,,0,True,True,0,1,,0.0,0,0,0.0,0,0,2,0,2,0,1,0,2855.0,Nicole Smith,,Nicole Smith
2856,2028,2028,1,0,,,1,,0,True,True,0,1,,0.0,0,0,0.0,0,0,2,0,2,0,1,0,2856.0,William Smith,,William Smith
2861,2020,2026,3,3,2026,2026,2,6,6,True,False,0,7,14,0.0,0,0,1.0,0,0,1,0,1,2,1,0,2861.0,Jie Zhang,,Jie Zhang
2864,2010,2022,2,2,,,2,,12,True,False,0,3,,0.0,2,0,0.16666666666666666,0,0,2,0,2,1,1,0,2864.0,Yang Zhao,,Yang Zhao
2866,2026,2026,1,1,,,1,,0,True,True,0,3,,0.0,0,0,0.0,0,0,1,0,1,0,3,0,2866.0,Michelle Davis,,Michelle Davis
2868,2009,2009,1,1,,,1,,0,True,False,0,1,,0.0,1,0,0.0,0,0,2,0,2,0,2,0,2868.0,Ralf Budig,,Ralf Budig
2869,2009,2009,1,1,,,1,,0,True,False,0,1,,0.0,1,0,0.0,0,0,2,0,2,0,2,0,2869.0,Janette Schleich,,Janette Schleich
2871,2009,2009,1,1,,,1,,0,True,False,0,1,,0.0,1,0,0.0,0,0,2,0,2,0,1,0,2871.0,Darryl Curtis,,Darryl Curtis
2872,2004,2013,3,3,,,1,,9,True,False,0,1,,0.0,1,0,0.6639344262295082,0,0,4,1,5,0,2,0,2872.0,Jadwiga Gertz,,Jadwiga Gertz
2874,2023,2023,1,1,,,1,,0,True,False,0,1,,0.0,3,0,0.0,0,0,1,0,1,0,1,0,2874.0,Yang Kong,,Yang Kong
2875,2023,2023,1,1,,,1,,0,True,False,0,1,,0.0,3,0,0.0,0,0,1,0,1,0,1,0,2875.0,Ping Luo,,Ping Luo
2876,2023,2023,1,1,,,1,,0,True,False,0,1,,0.0,3,0,0.0,0,0,1,0,1,0,1,0,2876.0,Min Cai,,Min Cai
2877,2012,2023,5,5,,,4,,11,True,False,0,4,,0.0,6,0,2.123711340206186,0,0,2,1,3,1,2,0,2877.0,Juan Zhong,,Juan Zhong
2878,2012,2013,2,2,2013,2013,1,1,1,True,False,0,0,27,0.0,7,0,6.0,0,0,1,1,2,0,1,0,2878.0,Anaïs Wagner,,Anaïs Wagner
2880,2017,2017,1,0,,,1,,0,True,False,0,1,,0.0,0,0,0.0,0,0,0,0,0,1,1,0,2880.0,Yong Zhang,,Yong Zhang
2881,2017,2017,1,0,,,1,,0,True,False,0,1,,0.0,0,0,0.0,0,0,0,0,0,1,1,0,2881.0,Chao Jiang,,Chao Jiang
2882,2017,2017,1,0,,,1,,0,True,False,0,1,,0.0,0,0,0.0,0,0,0,0,0,1,1,0,2882.0,Ming Jia,,Ming Jia
2883,2017,2017,1,0,,,1,,0,True,False,0,1,,0.0,0,0,0.0,0,0,0,0,0,1,1,0,2883.0,Yang Zhou,,Yang Zhou
2884,2017,2017,1,0,,,1,,0,True,False,0,1,,0.0,0,0,0.0,0,0,0,0,0,1,1,0,2884.0,Yong Fan,,Yong Fan
2891,2029,2029,1,1,,,1,,0,True,True,0,8,,0.0,0,0,0.0,0,0,1,0,1,1,1,0,2891.0,Qiang Duan,,Qiang Duan
2892,2029,2029,1,1,,,1,,0,True,True,0,8,,0.0,0,0,0.0,0,0,1,0,1,1,1,0,2892.0,Fang Kong,,Fang Kong
2894,2019,2019,1,1,,,1,,0,True,False,0,0,,0.0,1,0,0.0,0,0,2,0,2,0,1,0,2894.0,James Gibson,,James Gibson
2896,2017,2026,3,3,,,2,,9,True,False,0,7,,0.0,0,0,0.3208955223880597,0,0,3,0,3,1,1,4,2896.0,Scott Sanders,,Scott Sanders
2900,2007,2007,1,1,,,1,,0,True,False,0,0,,0.0,0,0,0.0,0,0,1,0,1,0,1,0,2900.0,Li Yi, Quinn Atlas, Quinn Atlas
2901,2007,2007,1,1,,,1,,0,True,False,0,0,,0.0,0,0,0.0,0,0,1,0,1,0,1,0,2901.0,Xia Yao,Zephara,Zephara
2902,2007,2007,1,1,,,1,,0,True,False,0,0,,0.0,0,0,0.0,0,0,1,0,1,0,1,0,2902.0,Wei Mo,,Wei Mo
2907,2020,2020,1,1,,,1,,0,True,False,0,2,,0.0,1,0,0.0,0,0,2,0,2,0,1,0,2907.0,Wei Wang,Caleb Stone,Caleb Stone
2908,2020,2020,1,1,,,1,,0,True,False,0,2,,0.0,1,0,0.0,0,0,2,0,2,0,1,0,2908.0,Susan Meadows,,Susan Meadows
2909,2020,2020,1,1,,,1,,0,True,False,0,2,,0.0,1,0,0.0,0,0,2,0,2,0,2,0,2909.0,Bryan Matthews,,Bryan Matthews
2911,2016,2020,2,2,2016,2016,1,0,4,True,False,0,6,24,0.0,2,0,1.25,0,0,3,0,3,0,1,0,2911.0,Xiulan Du,,Xiulan Du
2912,2020,2020,1,1,,,1,,0,True,False,0,2,,0.0,1,0,0.0,0,0,2,0,2,0,1,0,2912.0,Na Dong,,Na Dong
2916,2026,2026,1,1,,,1,,0,True,True,0,2,,0.0,0,0,0.0,0,0,1,0,1,1,2,0,2916.0,Jie Wei,,Jie Wei
2917,2026,2026,1,1,,,1,,0,True,True,0,2,,0.0,0,0,0.0,0,0,1,0,1,1,1,0,2917.0,Jie Zou,,Jie Zou
2918,2026,2026,1,1,,,1,,0,True,True,0,2,,0.0,0,0,0.0,0,0,1,0,1,1,1,0,2918.0,Guiying Xiong,,Guiying Xiong
2919,2026,2026,1,1,,,1,,0,True,True,0,2,,0.0,0,0,0.0,0,0,1,0,1,1,2,0,2919.0,Yong Li,,Yong Li
2922,2023,2023,1,1,,,1,,0,True,False,0,1,,0.0,0,0,0.0,0,0,1,0,1,0,1,0,2922.0,Kristy Olsen,,Kristy Olsen
2923,2023,2023,1,1,,,1,,0,True,False,0,1,,0.0,0,0,0.0,0,0,1,0,1,0,1,0,2923.0,Tina Hart,,Tina Hart
2924,2023,2023,1,1,,,1,,0,True,False,0,1,,0.0,0,0,0.0,0,0,1,0,1,0,2,0,2924.0,Deborah Osborne,,Deborah Osborne
2925,2010,2023,2,2,,,1,,13,True,False,0,1,,0.0,0,0,0.23076923076923078,0,0,3,0,3,0,1,0,2925.0,Samuel Olsen,,Samuel Olsen
2930,2010,2010,1,1,,,1,,0,True,False,0,1,,0.0,0,0,0.0,0,0,1,0,1,0,2,0,2930.0,Na Ding,,Na Ding
2932,2013,2026,3,3,,,3,,13,True,False,0,5,,0.0,3,0,0.4586466165413535,0,0,3,1,4,0,1,0,2932.0,Xia Xia,,Xia Xia
2935,2029,2029,1,1,,,1,,0,True,True,0,1,,0.0,0,0,0.0,1,0,1,0,1,0,1,0,2935.0,Yan Xue,,Yan Xue
2936,2023,2029,2,2,,,2,,6,True,False,0,3,,0.0,0,0,0.16666666666666666,1,0,3,0,3,0,1,1,2936.0,Melissa Wheeler,,Melissa Wheeler
2938,2017,2017,1,1,,,1,,0,True,False,0,1,,0.0,1,0,0.0,0,0,1,0,1,0,1,0,2938.0,Qiang Wei,,Qiang Wei
2939,2017,2017,1,1,,,1,,0,True,False,0,1,,0.0,1,0,0.0,0,0,1,0,1,0,2,0,2939.0,Jie Huang,,Jie Huang
2940,2017,2023,3,3,2021,2021,2,4,6,True,False,0,3,19,0.0,3,0,1.5714285714285716,0,0,4,0,4,0,1,0,2940.0,Xiulan Hou,,Xiulan Hou
2941,2017,2017,1,1,,,1,,0,True,False,0,1,,0.0,1,0,0.0,0,0,1,0,1,0,1,0,2941.0,Chao Fang,,Chao Fang
2943,2010,2010,1,1,,,1,,0,True,False,0,0,,0.0,1,0,0.0,0,0,1,0,1,0,1,0,2943.0,Dawid Golda,,Dawid Golda
2945,2023,2023,1,1,,,1,,0,True,False,0,0,,0.0,0,0,0.0,0,0,1,0,1,0,1,0,2945.0,Amanda Reyes,The Ember Testament,The Ember Testament
2946,2023,2023,1,1,,,1,,0,True,False,0,0,,0.0,0,0,0.0,0,0,1,0,1,0,2,0,2946.0,Erin Hall,,Erin Hall
2947,2023,2023,1,1,,,1,,0,True,False,0,0,,0.0,0,0,0.0,0,0,1,0,1,0,1,0,2947.0,Joseph Nichols,,Joseph Nichols
2948,2023,2023,1,1,,,1,,0,True,False,0,0,,0.0,0,0,0.0,0,0,1,0,1,0,1,0,2948.0,Jessica Smith,,Jessica Smith
2949,2023,2023,1,1,,,1,,0,True,False,0,0,,0.0,0,0,0.0,0,0,1,0,1,0,1,0,2949.0,Stephanie House,,Stephanie House
2950,2023,2023,1,1,,,1,,0,True,False,0,0,,0.0,0,0,0.0,0,0,1,0,1,0,1,0,2950.0,Krista Dunn,,Krista Dunn
2951,2023,2028,2,2,,,2,,5,True,False,0,1,,0.0,0,0,0.6,0,0,2,0,2,0,1,0,2951.0,Brooke Chang,,Brooke Chang
2953,2023,2023,1,1,,,1,,0,True,False,0,0,,0.0,0,0,0.0,0,0,1,0,1,0,2,0,2953.0,Daniel Martin,,Daniel Martin
2954,2023,2023,1,1,,,1,,0,True,False,0,0,,0.0,0,0,0.0,0,0,1,0,1,0,1,0,2954.0,Matthew Walker,,Matthew Walker
2958,2007,2007,1,1,,,1,,0,True,False,0,0,,0.0,1,0,0.0,0,0,1,0,1,0,3,0,2958.0,Greta Löchel-Neureuther,,Greta Löchel-Neureuther
2962,2028,2028,1,1,,,1,,0,True,True,0,5,,0.0,1,0,0.0,0,0,1,0,1,3,1,0,2962.0,Hannah Hopkins,,Hannah Hopkins
2965,2020,2020,1,1,,,1,,0,True,False,0,1,,0.0,1,0,0.0,0,0,1,0,1,0,2,0,2965.0,Leah Burns,,Leah Burns
2966,2020,2020,1,1,,,1,,0,True,False,0,1,,0.0,1,0,0.0,0,0,1,0,1,0,2,0,2966.0,Min Lei,,Min Lei
2967,2020,2020,1,1,,,1,,0,True,False,0,1,,0.0,1,0,0.0,0,0,1,0,1,0,1,0,2967.0,Qiang Hu,,Qiang Hu
2968,2022,2022,1,1,,,1,,0,True,False,0,4,,0.0,0,0,0.0,0,0,1,0,1,0,2,0,2968.0,Gang Qin,,Gang Qin
2969,2020,2026,2,2,,,2,,6,True,False,0,4,,0.0,1,0,0.6666666666666666,0,0,2,0,2,0,1,0,2969.0,Xiuying Bai,,Xiuying Bai
2970,2020,2020,1,1,,,1,,0,True,False,0,1,,0.0,1,0,0.0,0,0,1,0,1,0,1,0,2970.0,Lei Shen,,Lei Shen
2973,2026,2032,2,2,,,2,,6,True,True,1,11,,0.0,2,0,0.16666666666666666,0,0,2,0,2,4,1,0,2973.0,Jun Zhang,,Jun Zhang
2974,1991,2032,3,3,,,2,,41,True,False,1,7,,0.0,1,0,0.17741935483870966,0,0,3,0,3,3,2,0,2974.0,Ming Wen,,Ming Wen
2976,2024,2027,2,2,,,2,,3,True,False,0,4,,0.0,3,0,2.0,0,0,1,0,1,1,1,0,2976.0,Xia Feng,,Xia Feng
2978,2010,2027,8,8,2023,2023,4,13,17,True,False,0,9,17,0.0,3,0,1.4882352941176469,1,0,3,1,4,1,1,1,2978.0,Guiying Gao,,Guiying Gao
2979,2023,2024,2,2,2023,2023,2,0,1,True,False,0,1,17,0.0,3,0,4.0,0,0,1,0,1,1,2,0,2979.0,Ping Shao,,Ping Shao
2980,2023,2029,3,2,2030,2030,3,7,6,True,False,0,6,10,0.0,3,0,1.0967741935483868,0,0,3,0,3,2,3,1,2980.0,Min Li,,Min Li
2981,2023,2027,4,4,2023,2023,2,0,4,True,False,0,6,17,0.0,2,0,2.9615384615384603,0,0,1,1,2,1,2,1,2981.0,Wei Cui,,Wei Cui
2983,2010,2016,2,2,2010,2010,2,0,6,True,False,0,1,30,0.0,0,0,0.6666666666666666,0,0,2,0,2,1,2,0,2983.0,Hiroshi Nakamura,,Hiroshi Nakamura
2984,2010,2016,2,2,2010,2010,2,0,6,True,False,0,1,30,0.0,0,0,0.6666666666666666,0,0,2,0,2,1,1,0,2984.0,Sotaro Sato,,Sotaro Sato
2985,2010,2016,2,2,2010,2010,2,0,6,True,False,0,1,30,0.0,0,0,0.6666666666666666,0,0,2,0,2,1,3,0,2985.0,Yasuhiro Yamamoto,,Yasuhiro Yamamoto
2986,2010,2016,2,2,2010,2010,2,0,6,True,False,0,1,30,0.0,0,0,0.6666666666666666,0,0,2,0,2,1,1,0,2986.0,Yosuke Yamamoto,,Yosuke Yamamoto
2987,2010,2010,1,1,2010,2010,1,0,0,True,False,0,0,30,0.0,0,0,0.0,0,0,2,0,2,0,1,0,2987.0,Akemi Sato,,Akemi Sato
2988,2016,2016,1,1,,,1,,0,True,False,0,1,,0.0,0,0,0.0,0,0,1,0,1,1,1,0,2988.0,Rei Hayashi,,Rei Hayashi
2991,2021,2021,1,1,2021,2021,1,0,0,True,False,0,0,19,0.0,0,0,0.0,0,0,1,0,1,0,1,0,2991.0,Fang Su,,Fang Su
2992,2021,2024,2,2,2021,2021,1,0,3,True,False,0,2,19,0.0,0,0,1.3333333333333333,0,0,1,0,1,1,1,0,2992.0,Wei Wang,,Wei Wang
2993,2021,2024,2,2,2021,2021,1,0,3,True,False,0,2,19,0.0,0,0,1.3333333333333333,0,0,1,0,1,1,2,0,2993.0,Lei Qin,,Lei Qin
2994,2024,2024,1,1,,,1,,0,True,False,0,2,,0.0,0,0,0.0,0,0,1,0,1,1,2,0,2994.0,Yan Jin,,Yan Jin
2995,2024,2024,1,1,,,1,,0,True,False,0,2,,0.0,0,0,0.0,0,0,1,0,1,1,2,0,2995.0,Tao Liao,,Tao Liao
2997,2017,2017,1,1,,,1,,0,True,False,0,2,,0.0,0,0,0.0,0,0,2,0,2,0,1,0,2997.0,Pierre Ruppert,,Pierre Ruppert
2998,2023,2023,1,1,,,1,,0,True,False,0,3,,0.0,0,0,0.0,0,0,2,0,2,0,1,0,2998.0,Karl-Friedrich auch Schlauchin,,Karl-Friedrich auch Schlauchin
2999,2017,2017,1,1,,,1,,0,True,False,0,2,,0.0,0,0,0.0,0,0,2,0,2,0,2,0,2999.0,Ayse Häring,,Ayse Häring
3000,2023,2023,1,1,,,1,,0,True,False,0,3,,0.0,0,0,0.0,0,0,2,0,2,0,2,0,3000.0,Kenan Reichmann,,Kenan Reichmann
3004,2023,2023,1,1,,,1,,0,True,False,0,1,,0.0,0,0,0.0,0,0,0,0,0,0,1,0,3004.0,Briana Harris,SYNTH LORD,SYNTH LORD
3005,2023,2023,1,1,,,1,,0,True,False,0,1,,0.0,0,0,0.0,0,0,0,0,0,0,1,0,3005.0,Edward Randolph,,Edward Randolph
3006,2023,2023,1,1,,,1,,0,True,False,0,1,,0.0,0,0,0.0,0,0,0,0,0,0,1,0,3006.0,Dawn Mcguire,,Dawn Mcguire
3009,2016,2021,2,1,,,2,,5,True,False,0,3,,0.0,0,0,0.0,0,0,2,0,2,0,1,0,3009.0,Mark Garcia,,Mark Garcia
3010,2021,2021,1,1,,,1,,0,True,False,0,2,,0.0,0,0,0.0,0,0,2,0,2,0,2,0,3010.0,Juan Mo,,Juan Mo
3012,2021,2025,2,2,,,1,,4,True,False,0,2,,0.0,0,0,0.5,0,0,3,0,3,0,2,0,3012.0,Jing Zhang,,Jing Zhang
3014,2010,2010,1,1,,,1,,0,True,False,0,1,,0.0,1,0,0.0,0,0,1,0,1,1,3,0,3014.0,Amy White,,Amy White
3015,2004,2017,4,4,2004,2017,1,0,13,True,False,0,4,23,0.0,0,0,0.0,0,0,2,0,2,3,3,0,3015.0,Dariusz Olszowa,,Dariusz Olszowa
3019,2023,2023,1,1,,,1,,0,True,False,0,0,,0.0,0,0,0.0,0,0,1,0,1,0,2,0,3019.0,Raymond Wright,,Raymond Wright
3020,2023,2023,1,1,,,1,,0,True,False,0,0,,0.0,0,0,0.0,0,0,1,0,1,0,1,0,3020.0,Jo Barnes,,Jo Barnes
3021,2023,2026,2,2,,,2,,3,True,False,0,2,,0.0,0,0,1.3333333333333333,0,0,2,0,2,0,1,0,3021.0,Na Shi,,Na Shi
3022,2023,2023,1,1,,,1,,0,True,False,0,0,,0.0,0,0,0.0,0,0,1,0,1,0,2,0,3022.0,Yang Qiao,,Yang Qiao
3023,2023,2023,1,1,,,1,,0,True,False,0,0,,0.0,0,0,0.0,0,0,1,0,1,0,1,0,3023.0,Wei Xu,,Wei Xu
3026,2017,2017,1,0,,,1,,0,True,False,0,2,,0.0,0,0,0.0,0,0,1,0,1,0,1,1,3026.0,Sandra Smith,,Sandra Smith
3027,2017,2017,2,1,,,1,,0,True,False,0,4,,0.0,0,0,0.0,0,0,1,0,1,0,2,2,3027.0,Xiulan Ye,,Xiulan Ye
3028,2017,2017,1,0,,,1,,0,True,False,0,2,,0.0,0,0,0.0,0,0,1,0,1,0,2,1,3028.0,Xia Jia,,Xia Jia
3029,2017,2017,2,1,,,1,,0,True,False,0,4,,0.0,0,0,0.0,0,0,1,0,1,0,1,2,3029.0,Donna Caldwell,,Donna Caldwell
3030,2017,2017,2,1,,,1,,0,True,False,0,4,,0.0,0,0,0.0,0,0,1,0,1,0,1,2,3030.0,Chao Wu,,Chao Wu
3033,2028,2028,1,1,,,1,,0,True,True,0,2,,0.0,0,0,0.0,0,0,2,0,2,0,1,1,3033.0,Jun Guo,,Jun Guo
3034,2028,2028,1,1,,,1,,0,True,True,0,2,,0.0,0,0,0.0,0,0,2,0,2,0,1,1,3034.0,Yang Yi,,Yang Yi
3035,2028,2028,1,1,,,1,,0,True,True,0,2,,0.0,0,0,0.0,0,0,2,0,2,0,2,1,3035.0,Yan Cai,,Yan Cai
3036,2015,2028,2,2,,,2,,13,True,False,0,2,,0.0,0,0,0.23076923076923078,0,0,3,0,3,0,1,1,3036.0,Na Qian,,Na Qian
3038,2020,2020,1,1,,,1,,0,True,False,0,3,,0.0,0,0,0.0,0,0,1,0,1,1,1,1,3038.0,Christopher Smith,,Christopher Smith
3039,2020,2020,1,1,,,1,,0,True,False,0,3,,0.0,0,0,0.0,0,0,1,0,1,1,2,1,3039.0,Timothy Hansen,,Timothy Hansen
3044,2024,2024,1,1,,,1,,0,True,False,0,1,,0.0,0,0,0.0,0,0,1,0,1,0,1,0,3044.0,Gang Tang,,Gang Tang
3045,2024,2024,1,1,,,1,,0,True,False,0,1,,0.0,0,0,0.0,0,0,1,0,1,0,2,0,3045.0,Fang Mao,,Fang Mao
3046,2024,2024,1,1,,,1,,0,True,False,0,1,,0.0,0,0,0.0,0,0,1,0,1,0,1,0,3046.0,Qiang Qiu,,Qiang Qiu
3047,2021,2024,2,2,,,2,,3,True,False,0,1,,0.0,1,0,1.0,0,0,2,0,2,0,1,0,3047.0,Tao Ding,,Tao Ding
3050,1996,1996,1,1,,,1,,0,True,False,0,1,,0.0,0,0,0.0,0,0,1,0,1,1,2,0,3050.0,Lisa Hines,,Lisa Hines
3051,2001,2001,1,1,,,1,,0,True,False,0,1,,0.0,0,0,0.0,0,0,1,0,1,0,2,0,3051.0,Amy Moore,,Amy Moore
3055,2024,2024,1,1,,,1,,0,True,False,0,2,,0.0,0,0,0.0,0,0,1,0,1,0,1,1,3055.0,Andrew Gordon,,Andrew Gordon
3057,2022,2022,1,1,,,1,,0,True,False,0,1,,0.0,2,0,0.0,0,0,1,0,1,0,2,0,3057.0,Jun Zheng,,Jun Zheng
3058,2022,2022,1,1,,,1,,0,True,False,0,1,,0.0,2,0,0.0,0,0,1,0,1,0,1,0,3058.0,Juan Shao,,Juan Shao
3059,2022,2022,1,1,,,1,,0,True,False,0,1,,0.0,2,0,0.0,0,0,1,0,1,0,1,0,3059.0,Na Song,,Na Song
3060,2022,2022,1,1,,,1,,0,True,False,0,1,,0.0,2,0,0.0,0,0,1,0,1,0,2,0,3060.0,John Wheeler,,John Wheeler
3061,2013,2029,7,7,,,5,,16,True,False,0,6,,0.0,4,0,2.4069148936170217,0,0,9,0,9,0,2,0,3061.0,Xiuying Tang,,Xiuying Tang
3062,2022,2023,3,3,,,2,,1,True,False,0,2,,0.0,1,0,5.0,0,0,4,0,4,0,1,0,3062.0,Laurent Breton,,Laurent Breton
3065,2023,2023,1,1,,,1,,0,True,False,0,2,,0.0,3,0,0.0,0,0,2,0,2,0,1,0,3065.0,Qiang Deng,Lucian,Lucian
3068,2023,2029,3,3,,,2,,6,True,False,0,4,,0.0,1,0,0.8214285714285715,0,0,1,0,1,0,2,1,3068.0,Tao Lei,,Tao Lei
3070,2023,2029,3,3,,,2,,6,True,False,0,4,,0.0,1,0,0.8214285714285715,0,0,1,0,1,0,1,1,3070.0,Min Jin,,Min Jin
3073,1988,1997,2,2,1997,1997,1,9,9,True,False,0,1,43,0.0,0,0,0.0,0,0,1,0,1,0,1,0,3073.0,Ingeborg Ullrich,,Ingeborg Ullrich
3077,2023,2023,1,1,,,1,,0,True,False,0,1,,0.0,0,0,0.0,0,0,1,0,1,0,2,1,3077.0,Li Zheng,,Li Zheng
3078,2020,2020,1,1,,,1,,0,True,False,0,2,,0.0,2,0,0.0,0,0,1,0,1,0,2,1,3078.0,Min Gao,,Min Gao
3079,2017,2020,2,2,,,1,,3,True,False,0,3,,0.0,3,0,2.0,0,0,2,0,2,1,3,2,3079.0,Yang Yao,,Yang Yao
3081,2017,2017,1,1,,,1,,0,True,False,0,5,,0.0,1,0,0.0,0,0,2,0,2,0,1,0,3081.0,Amber Rodriguez,,Amber Rodriguez
3082,2017,2020,2,2,,,2,,3,True,False,0,6,,0.0,1,0,0.0,0,0,3,0,3,0,2,0,3082.0,Tiffany Gill,,Tiffany Gill
3083,2017,2017,1,1,,,1,,0,True,False,0,5,,0.0,1,0,0.0,0,0,2,0,2,0,1,0,3083.0,Kamil Sura,,Kamil Sura
3084,2015,2029,6,6,,,3,,14,True,False,0,20,,0.0,2,0,0.2929936305732484,0,0,5,0,5,0,3,0,3084.0,Karen Wright,,Karen Wright
3086,1991,2020,5,4,,,3,,29,True,False,0,7,,0.0,0,0,0.0,0,0,5,0,5,1,2,0,3086.0,Sean Jones,,Sean Jones
3089,2021,2027,3,3,,,3,,6,True,False,0,6,,0.0,0,0,0.6666666666666666,0,0,2,0,2,0,1,4,3089.0,Ping Liao,,Ping Liao
3091,2021,2021,1,1,,,1,,0,True,False,0,1,,0.0,1,0,0.0,0,0,1,0,1,0,2,0,3091.0,Amy Gutierrez,,Amy Gutierrez
3095,2023,2023,1,1,,,1,,0,True,False,0,4,,0.0,2,0,0.0,0,0,1,0,1,0,1,0,3095.0,Wanda Smith,,Wanda Smith
3096,2023,2026,2,2,,,1,,3,True,False,0,9,,0.0,3,0,0.3333333333333333,0,0,1,0,1,0,1,0,3096.0,Wei Huang,,Wei Huang
3097,2010,2023,2,2,,,2,,13,True,False,0,9,,0.0,2,0,0.3076923076923077,0,0,1,0,1,0,2,0,3097.0,Xiulan Jiang,,Xiulan Jiang
3098,2010,2030,7,7,,,6,,20,True,False,1,20,,0.0,2,0,0.6533180778032036,0,0,4,0,4,2,3,0,3098.0,Ping Luo,,Ping Luo
3101,2005,2005,1,1,,,1,,0,True,False,0,1,,0.0,0,0,0.0,0,0,2,0,2,0,1,0,3101.0,Cassandra Washington,,Cassandra Washington
3102,2005,2005,1,1,,,1,,0,True,False,0,1,,0.0,0,0,0.0,0,0,2,0,2,0,1,0,3102.0,Jessica Wright,,Jessica Wright
3103,2005,2005,1,1,,,1,,0,True,False,0,1,,0.0,0,0,0.0,0,0,2,0,2,0,1,0,3103.0,Nicole Yoder,,Nicole Yoder
3104,2005,2005,1,1,,,1,,0,True,False,0,1,,0.0,0,0,0.0,0,0,2,0,2,0,2,0,3104.0,Michael Dickerson,,Michael Dickerson
3107,1992,2022,5,5,2023,2023,2,31,30,True,False,0,24,17,0.0,4,0,0.25928180158247105,0,0,3,1,4,0,2,0,3107.0,Laura Sanchez,,Laura Sanchez
3108,1988,2001,3,3,,,1,,13,True,False,0,4,,0.0,3,0,0.22932330827067676,0,0,5,0,5,0,2,0,3108.0,Stacey Taylor,,Stacey Taylor
3111,2025,2025,1,1,,,1,,0,True,True,0,1,,0.0,0,0,0.0,0,0,1,0,1,0,1,0,3111.0,Jodi Morgan,Wraith Choir,Wraith Choir
3117,2008,2008,1,1,,,1,,0,True,False,0,3,,0.0,1,0,0.0,0,0,1,0,1,0,1,0,3117.0,Christina Martin,,Christina Martin
3120,2025,2025,1,1,,,1,,0,True,True,0,4,,0.0,1,0,0.0,0,0,1,0,1,1,1,0,3120.0,Gang Qian,,Gang Qian
3121,2025,2025,1,1,,,1,,0,True,True,0,4,,0.0,1,0,0.0,0,0,1,0,1,1,1,0,3121.0,Yong Wu,,Yong Wu
3122,2023,2023,2,2,,,2,,0,True,False,0,2,,0.0,2,0,0.0,1,0,2,0,2,0,2,0,3122.0,Jing Zhou,,Jing Zhou
3124,2009,2009,1,1,,,1,,0,True,False,0,3,,0.0,2,0,0.0,0,0,1,0,1,1,2,0,3124.0,Elżbieta Bociek,,Elżbieta Bociek
3125,2005,2019,8,8,,,4,,14,True,False,0,21,,0.0,2,0,0.2974683544303798,0,0,2,0,2,5,2,0,3125.0,Jana Lindner,,Jana Lindner
3126,1984,2020,8,8,1984,1984,3,0,36,True,False,0,11,56,0.0,5,0,0.2544169611307421,0,0,5,0,5,1,3,0,3126.0,Maik Mude,,Maik Mude
3129,2017,2017,1,1,,,1,,0,True,False,0,0,,0.0,1,0,0.0,0,0,0,0,0,0,1,0,3129.0,Juan Zhong,,Juan Zhong
3130,2017,2017,1,1,,,1,,0,True,False,0,0,,0.0,1,0,0.0,0,0,0,0,0,0,1,0,3130.0,Yang Liang,,Yang Liang
3131,2017,2017,1,1,,,1,,0,True,False,0,0,,0.0,1,0,0.0,0,0,0,0,0,0,2,0,3131.0,Peter Goodwin,,Peter Goodwin
3134,2013,2013,1,1,,,1,,0,True,False,0,0,,0.0,1,0,0.0,0,0,1,0,1,0,1,0,3134.0,Jennifer Davis,YVNG PHXNX,YVNG PHXNX
3135,2007,2026,10,10,2007,2007,4,0,19,True,False,0,7,33,0.0,2,0,0.7551020408163266,0,0,2,0,2,0,3,0,3135.0,Chelsea Martinez,,Chelsea Martinez
3140,1987,2007,2,2,,,2,,20,True,False,0,2,,0.0,0,0,0.0,0,0,1,0,1,0,2,0,3140.0,Jie Wei,,Jie Wei
3142,2007,2007,1,1,,,1,,0,True,False,0,2,,0.0,0,0,0.0,0,0,0,0,0,0,1,0,3142.0,Jing Meng,,Jing Meng
3145,2026,2026,1,1,,,1,,0,True,True,0,1,,0.0,0,0,0.0,0,0,1,0,1,0,1,0,3145.0,Piya Mann,,Piya Mann
3146,2026,2026,1,1,,,1,,0,True,True,0,1,,0.0,0,0,0.0,0,0,1,0,1,0,1,0,3146.0,Sana Batta,,Sana Batta
3147,2026,2026,1,1,,,1,,0,True,True,0,1,,0.0,0,0,0.0,0,0,1,0,1,0,2,0,3147.0,Raghav Garde,,Raghav Garde
3148,2026,2026,1,1,,,1,,0,True,True,0,1,,0.0,0,0,0.0,0,0,1,0,1,0,1,0,3148.0,Ranbir Balay,,Ranbir Balay
3152,2014,2015,2,2,2014,2014,2,0,1,True,False,0,14,26,0.0,2,0,1.0,0,0,1,0,1,4,2,0,3152.0,Stacy Hendricks,,Stacy Hendricks
3155,2000,2014,3,3,,,3,,14,True,False,0,1,,0.0,3,0,0.5384615384615384,0,0,3,1,4,0,1,0,3155.0,Lei Bai,,Lei Bai
3157,2000,2020,5,5,2020,2020,3,20,20,True,False,0,2,20,0.0,3,0,0.7832957110609481,0,0,4,1,5,0,3,0,3157.0,Jun Chang,,Jun Chang
3158,2010,2023,5,5,2013,2013,3,3,13,True,False,0,4,27,0.0,3,0,0.4210526315789474,0,0,2,0,2,0,2,0,3158.0,Jing Wang,,Jing Wang
3159,2010,2010,1,1,,,1,,0,True,False,0,0,,0.0,4,0,0.0,0,0,2,0,2,0,1,0,3159.0,Ping Tang,,Ping Tang
3162,2020,2020,1,1,,,1,,0,True,False,0,1,,0.0,0,0,0.0,0,0,1,0,1,1,3,0,3162.0,Xiuying Cai,,Xiuying Cai
3164,2000,2001,2,2,,,1,,1,True,False,0,6,,0.0,3,0,3.0,0,0,2,1,3,3,1,0,3164.0,Jeremy Li,,Jeremy Li
3165,1998,2001,3,3,,,1,,3,True,False,0,8,,0.0,2,0,1.9285714285714288,0,0,2,1,3,4,2,0,3165.0,Jamie Ramos,,Jamie Ramos
3166,2000,2003,3,3,,,1,,3,True,False,0,11,,0.0,2,0,1.2142857142857144,0,0,2,1,3,4,3,0,3166.0,Ricky Silva,,Ricky Silva
3169,2019,2019,1,1,2019,2019,1,0,0,True,False,0,0,21,0.0,0,0,0.0,0,0,1,0,1,0,2,0,3169.0,Sophia Cilea,,Sophia Cilea
3170,2019,2019,1,1,2019,2019,1,0,0,True,False,0,0,21,0.0,0,0,0.0,0,0,1,0,1,0,1,0,3170.0,Fulvio Comisso,,Fulvio Comisso
3171,2019,2019,1,1,2019,2019,1,0,0,True,False,0,0,21,0.0,0,0,0.0,0,0,1,0,1,0,1,0,3171.0,Annunziata Trezzini,,Annunziata Trezzini
3175,2024,2024,1,1,2024,2024,1,0,0,True,False,0,1,16,0.0,3,0,0.0,0,0,1,1,2,0,2,0,3175.0,Joshua Cruz,,Joshua Cruz
3176,2021,2029,5,5,2024,2024,2,3,8,True,False,0,11,16,0.0,2,0,2.0609756097560976,0,0,2,1,3,3,1,0,3176.0,Christine Gonzales,,Christine Gonzales
3177,2021,2029,3,3,2024,2024,1,3,8,True,False,0,6,16,0.0,2,0,1.714285714285714,0,0,2,1,3,1,2,0,3177.0,Michael Holloway,,Michael Holloway
3178,2029,2029,1,1,,,1,,0,True,True,0,4,,0.0,3,0,0.0,0,0,2,0,2,1,1,0,3178.0,Carrie Smith,,Carrie Smith
3179,2029,2029,1,1,,,1,,0,True,True,0,4,,0.0,3,0,0.0,0,0,2,0,2,1,1,0,3179.0,Isaiah Gonzales,,Isaiah Gonzales
3180,2029,2029,1,1,,,1,,0,True,True,0,4,,0.0,3,0,0.0,0,0,2,0,2,1,1,0,3180.0,Raven Bowman,,Raven Bowman
3181,2029,2029,1,1,,,1,,0,True,True,0,4,,0.0,3,0,0.0,0,0,2,0,2,1,2,0,3181.0,Timothy Beck,,Timothy Beck
3182,2029,2029,1,1,,,1,,0,True,True,0,4,,0.0,3,0,0.0,0,0,2,0,2,1,2,0,3182.0,Juan Ding,,Juan Ding
3184,2016,2016,1,1,,,1,,0,True,False,0,5,,0.0,3,0,0.0,0,0,2,0,2,0,2,0,3184.0,Dana Henk-Bachmann,,Dana Henk-Bachmann
3185,2029,2029,1,1,,,1,,0,True,True,0,2,,0.0,1,0,0.0,0,0,2,0,2,0,1,0,3185.0,Tobiasz Kargol,,Tobiasz Kargol
3187,2023,2028,2,2,2028,2028,2,5,5,True,False,0,2,12,0.0,0,0,0.8,0,0,1,0,1,0,1,0,3187.0,Christopher Long, A.M. Silver, A.M. Silver
3188,2028,2028,1,1,2028,2028,1,0,0,True,True,0,2,12,0.0,0,0,0.0,0,0,1,0,1,0,2,0,3188.0,Kayla Smith,,Kayla Smith
3190,2028,2028,1,1,2028,2028,1,0,0,True,True,0,2,12,0.0,0,0,0.0,0,0,1,0,1,0,1,0,3190.0,Kaylee Patrick,,Kaylee Patrick
3191,2023,2028,2,2,2028,2028,2,5,5,True,False,0,2,12,0.0,0,0,0.8,0,0,1,0,1,0,1,0,3191.0,Mary Campbell,,Mary Campbell
3192,2023,2028,2,2,2028,2028,2,5,5,True,False,0,2,12,0.0,0,0,0.8,0,0,1,0,1,0,1,0,3192.0,Brandon Roman,,Brandon Roman
3195,2017,2017,1,0,,,1,,0,True,False,0,1,,0.0,0,0,0.0,0,0,1,0,1,0,1,0,3195.0,Lei Zeng,,Lei Zeng
3196,2017,2017,1,1,,,1,,0,True,False,0,1,,0.0,1,0,0.0,0,0,1,0,1,1,1,1,3196.0,Yong Chen,,Yong Chen
3197,2019,2025,2,2,2025,2025,2,6,6,True,False,0,5,15,0.0,1,0,0.8333333333333334,0,0,2,0,2,0,1,0,3197.0,Guiying Dai,,Guiying Dai
3198,2017,2017,1,1,,,1,,0,True,False,0,1,,0.0,1,0,0.0,0,0,1,0,1,1,2,1,3198.0,Na Ren,,Na Ren
3200,2028,2028,1,1,,,1,,0,True,True,0,0,,0.0,0,0,0.0,0,0,1,0,1,0,1,0,3200.0,James White, B.B. Stone, B.B. Stone
3202,2028,2028,1,1,,,1,,0,True,True,0,0,,0.0,0,0,0.0,0,0,1,0,1,0,1,0,3202.0,Min Long,Resonance,Resonance
3204,2028,2028,1,1,,,1,,0,True,True,0,0,,0.0,0,0,0.0,0,0,1,0,1,0,2,0,3204.0,Qiang Ye,,Qiang Ye
3207,2029,2029,1,1,,,1,,0,True,True,0,4,,0.0,1,0,0.0,0,0,2,0,2,1,1,0,3207.0,Kenneth Jones,,Kenneth Jones
3208,2017,2029,2,2,,,1,,12,True,False,0,6,,0.0,2,0,0.25,0,0,3,0,3,2,2,0,3208.0,Yang Bai,,Yang Bai
3209,2003,2029,2,2,,,2,,26,True,False,0,6,,0.0,1,0,0.11538461538461539,0,0,3,0,3,1,2,0,3209.0,Wei Shen,,Wei Shen
3211,2026,2026,1,1,,,1,,0,True,True,0,1,,0.0,0,0,0.0,0,0,0,0,0,0,1,0,3211.0,Fang Qian,,Fang Qian
3212,2026,2026,1,1,,,1,,0,True,True,0,1,,0.0,0,0,0.0,0,0,0,0,0,0,1,0,3212.0,Fang Zhang,,Fang Zhang
3213,2026,2026,1,1,,,1,,0,True,True,0,1,,0.0,0,0,0.0,0,0,0,0,0,0,1,0,3213.0,Catherine Price,,Catherine Price
3215,2026,2026,1,1,,,1,,0,True,True,0,1,,0.0,0,0,0.0,0,0,0,0,0,0,1,0,3215.0,Yang Fan,,Yang Fan
3218,2020,2020,1,1,,,1,,0,True,False,0,2,,0.0,1,0,0.0,0,0,2,0,2,0,2,0,3218.0,Logan Rogers,,Logan Rogers
3220,2017,2017,1,1,,,1,,0,True,False,0,1,,0.0,0,0,0.0,0,0,1,0,1,1,1,0,3220.0,Madison Rodriguez,Glass Parable,Glass Parable
3221,2017,2017,2,2,2017,2017,1,0,0,True,False,0,2,23,0.0,0,0,0.0,0,0,2,0,2,2,1,0,3221.0,Christiane Langlois,,Christiane Langlois
3222,2017,2017,2,2,2017,2017,1,0,0,True,False,0,2,23,0.0,0,0,0.0,0,0,2,0,2,2,2,0,3222.0,Auguste-Alexandre Delattre,,Auguste-Alexandre Delattre
3223,2017,2017,2,2,2017,2017,1,0,0,True,False,0,2,23,0.0,0,0,0.0,0,0,2,0,2,2,1,0,3223.0,Victoire Morvan,,Victoire Morvan
3226,2010,2010,1,1,,,1,,0,True,False,0,0,,0.0,1,0,0.0,0,0,1,0,1,0,3,0,3226.0,Jie Ding,,Jie Ding
3227,2013,2013,1,1,,,1,,0,True,False,0,1,,0.0,0,0,0.0,0,0,1,0,1,0,1,0,3227.0,Ming Dai,,Ming Dai
3229,2029,2029,1,1,,,1,,0,True,True,0,3,,0.0,0,0,0.0,0,0,2,0,2,0,1,0,3229.0,Yong Liang,,Yong Liang
3230,2029,2029,1,1,,,1,,0,True,True,0,3,,0.0,0,0,0.0,0,0,2,0,2,0,2,0,3230.0,Juan Wu,,Juan Wu
3231,2023,2023,1,1,,,1,,0,True,False,0,1,,0.0,3,0,0.0,0,0,1,0,1,0,2,0,3231.0,Ming Li,,Ming Li
3232,2029,2029,2,2,,,2,,0,True,True,0,6,,0.0,0,0,0.0,0,0,2,0,2,0,2,2,3232.0,Chao Sun,,Chao Sun
3233,2029,2029,1,1,,,1,,0,True,True,0,3,,0.0,0,0,0.0,0,0,2,0,2,0,3,0,3233.0,Gang Yuan,,Gang Yuan
3238,2024,2024,1,1,2024,2024,1,0,0,True,False,0,2,16,0.0,2,0,0.0,0,0,1,0,1,1,1,0,3238.0,Melissa Avila,,Melissa Avila
3241,2003,2003,1,1,,,1,,0,True,False,0,0,,0.0,0,0,0.0,0,0,2,0,2,0,2,0,3241.0,Jérôme Riou,,Jérôme Riou
3245,2024,2024,1,1,,,1,,0,True,False,0,1,,0.0,0,0,0.0,0,0,1,0,1,0,1,0,3245.0,David Morgan,,David Morgan
3246,2024,2024,1,1,,,1,,0,True,False,0,1,,0.0,0,0,0.0,0,0,1,0,1,0,2,0,3246.0,Mary Parsons,,Mary Parsons
3247,2024,2024,1,1,,,1,,0,True,False,0,1,,0.0,0,0,0.0,0,0,1,0,1,0,1,0,3247.0,Gang Lai,,Gang Lai
3248,2024,2024,1,1,,,1,,0,True,False,0,1,,0.0,0,0,0.0,0,0,1,0,1,0,1,0,3248.0,Xiulan Lu,,Xiulan Lu
3250,1996,1996,1,1,,,1,,0,True,False,0,0,,0.0,0,0,0.0,0,0,2,0,2,0,1,0,3250.0,Nicolas Jones,,Nicolas Jones
3253,2015,2015,1,1,2031,2031,1,16,0,True,False,0,0,9,0.09999999999999998,1,0,0.0,0,0,1,0,1,0,1,0,3253.0,Li Xue,,Li Xue
3254,2015,2015,1,1,2031,2031,1,16,0,True,False,0,0,9,0.09999999999999998,1,0,0.0,0,0,1,0,1,0,1,0,3254.0,Aaron Logan,,Aaron Logan
3255,2015,2015,1,1,2031,2031,1,16,0,True,False,0,0,9,0.09999999999999998,1,0,0.0,0,0,1,0,1,0,1,0,3255.0,Megan Dunn,,Megan Dunn
3256,2015,2015,1,1,2031,2031,1,16,0,True,False,0,0,9,0.09999999999999998,1,0,0.0,0,0,1,0,1,0,1,0,3256.0,Yang He,,Yang He
3257,2015,2015,1,1,2031,2031,1,16,0,True,False,0,0,9,0.09999999999999998,1,0,0.0,0,0,1,0,1,0,2,0,3257.0,Kevin Kidd,,Kevin Kidd
3258,2015,2015,1,1,2031,2031,1,16,0,True,False,0,0,9,0.09999999999999998,1,0,0.0,0,0,1,0,1,0,1,0,3258.0,Jie Fang,,Jie Fang
3259,1991,2022,3,3,2022,2031,2,31,31,True,False,0,1,9,0.09999999999999998,1,0,0.5145018915510718,0,0,4,0,4,0,2,0,3259.0,Na Xiao,,Na Xiao
3260,2015,2015,1,1,2031,2031,1,16,0,True,False,0,0,9,0.09999999999999998,1,0,0.0,0,0,1,0,1,0,1,0,3260.0,William Moore,,William Moore
3261,2015,2015,1,1,2031,2031,1,16,0,True,False,0,0,9,0.09999999999999998,1,0,0.0,0,0,1,0,1,0,1,0,3261.0,Carol Hanna,,Carol Hanna
3262,2015,2015,1,1,2031,2031,1,16,0,True,False,0,0,9,0.09999999999999998,1,0,0.0,0,0,1,0,1,0,1,0,3262.0,Fang Tao,,Fang Tao
3263,2015,2015,1,1,2031,2031,1,16,0,True,False,0,0,9,0.09999999999999998,1,0,0.0,0,0,1,0,1,0,1,0,3263.0,Yan Gao,,Yan Gao
3266,2020,2027,2,2,,,2,,7,True,False,0,2,,0.0,0,0,0.0,0,0,2,0,2,0,1,1,3266.0,Xiuying Lin,,Xiuying Lin
3269,1985,2028,2,2,2028,2028,2,43,43,True,False,0,2,12,0.0,1,0,0.046511627906976744,0,0,3,0,3,0,2,0,3269.0,Ming Cheng,,Ming Cheng
3271,2005,2013,2,2,2005,2005,1,0,8,True,False,0,1,35,0.0,0,0,0.125,0,0,2,0,2,1,1,0,3271.0,Caroline King,,Caroline King
3272,2005,2013,2,2,2005,2005,1,0,8,True,False,0,1,35,0.0,0,0,0.125,0,0,2,0,2,1,2,0,3272.0,Christian Mcpherson,,Christian Mcpherson
3276,2023,2023,1,1,,,1,,0,True,False,0,3,,0.0,0,0,0.0,0,0,1,0,1,0,2,2,3276.0,Wei Liao,,Wei Liao
3277,2023,2023,1,1,,,1,,0,True,False,0,3,,0.0,0,0,0.0,0,0,1,0,1,0,1,2,3277.0,Fang Zheng,,Fang Zheng
3278,2023,2023,1,1,,,1,,0,True,False,0,3,,0.0,0,0,0.0,0,0,1,0,1,0,1,2,3278.0,Tao Yuan,,Tao Yuan
3279,2023,2023,1,1,,,1,,0,True,False,0,3,,0.0,0,0,0.0,0,0,1,0,1,0,1,2,3279.0,Ming Lai,,Ming Lai
3280,2023,2023,1,1,,,1,,0,True,False,0,3,,0.0,0,0,0.0,0,0,1,0,1,0,1,2,3280.0,Xiuying Xue,,Xiuying Xue
3283,2023,2023,1,1,,,1,,0,True,False,0,2,,0.0,0,0,0.0,0,0,0,0,0,0,1,0,3283.0,Brittany Simon, Hart, Hart
3287,2001,2011,2,2,2001,2001,1,0,10,True,False,0,1,39,0.0,0,0,0.0,0,0,2,0,2,1,2,0,3287.0,Alexander Jenkins,,Alexander Jenkins
3290,2020,2020,1,1,,,1,,0,True,False,0,5,,0.0,0,0,0.0,0,0,1,0,1,2,3,0,3290.0,Jie Yan,,Jie Yan
3292,2022,2024,2,2,,,1,,2,True,False,0,3,,0.0,0,0,2.5,0,0,0,0,0,0,1,0,3292.0,Wei Lu,,Wei Lu
3293,2024,2024,1,1,,,1,,0,True,False,0,1,,0.0,0,0,0.0,0,0,0,0,0,0,1,0,3293.0,Min Dai,,Min Dai
3294,2024,2024,1,1,,,1,,0,True,False,0,1,,0.0,0,0,0.0,0,0,0,0,0,0,1,0,3294.0,Yong Wei,,Yong Wei
3295,2022,2024,2,2,,,1,,2,True,False,0,3,,0.0,0,0,2.5,0,0,0,0,0,0,1,0,3295.0,Yong Fan,,Yong Fan
3296,2024,2024,1,1,,,1,,0,True,False,0,1,,0.0,0,0,0.0,0,0,0,0,0,0,1,0,3296.0,Xiulan Chang,,Xiulan Chang
3300,2022,2024,2,2,,,1,,2,True,False,0,3,,0.0,0,0,2.5,0,0,0,0,0,0,2,0,3300.0,Anthony King,,Anthony King
3303,2029,2029,1,1,,,1,,0,True,True,0,4,,0.0,1,0,0.0,0,0,1,0,1,1,1,0,3303.0,Kenneth Hall,,Kenneth Hall
3305,2013,2013,1,1,2013,2013,1,0,0,True,False,0,0,27,0.0,1,0,0.0,0,0,1,0,1,0,1,0,3305.0,Rania Banik,,Rania Banik
3306,2013,2022,2,2,2013,2022,2,0,9,True,False,0,0,18,0.0,1,0,0.5555555555555556,0,0,1,0,1,0,1,0,3306.0,Guiying Tian,,Guiying Tian
3307,2013,2013,1,1,2013,2013,1,0,0,True,False,0,0,27,0.0,1,0,0.0,0,0,1,0,1,0,1,0,3307.0,Riya Ahluwalia,,Riya Ahluwalia
3309,2013,2020,2,2,2013,2020,2,0,7,True,False,0,3,20,0.0,1,0,0.8571428571428571,0,0,3,0,3,0,2,0,3309.0,Stacy Watts,,Stacy Watts
3311,1997,2014,3,3,2010,2014,2,13,17,True,False,0,3,26,0.0,1,0,0.3037974683544304,0,0,5,0,5,1,2,0,3311.0,Kendra Rivera,,Kendra Rivera
3312,2014,2014,1,1,2014,2014,1,0,0,True,False,0,2,26,0.0,2,0,0.0,0,0,2,0,2,0,1,0,3312.0,Juan Tao,,Juan Tao
3313,2010,2023,4,4,2010,2014,4,0,13,True,False,0,5,26,0.0,3,0,0.5663157894736842,0,0,4,0,4,3,3,0,3313.0,Lei Yang,,Lei Yang
3314,2014,2023,2,2,2014,2014,2,0,9,True,False,0,3,26,0.0,4,0,0.3333333333333333,0,0,3,0,3,1,2,0,3314.0,Na Qian,,Na Qian
3315,2014,2014,1,1,2014,2014,1,0,0,True,False,0,2,26,0.0,2,0,0.0,0,0,2,0,2,0,1,0,3315.0,Qiang Gao,,Qiang Gao
3318,2022,2022,1,1,2022,2022,1,0,0,True,False,0,2,18,0.0,2,0,0.0,0,0,1,0,1,0,1,0,3318.0,Li Tang,,Li Tang
3319,2023,2023,1,1,,,1,,0,True,False,0,2,,0.0,1,0,0.0,0,0,1,0,1,2,1,0,3319.0,Guiying Gong,,Guiying Gong
3320,2022,2023,2,2,2022,2022,1,0,1,True,False,0,4,18,0.0,2,0,4.0,0,0,2,0,2,2,1,0,3320.0,Xia Fan,,Xia Fan
3321,2023,2023,1,1,,,1,,0,True,False,0,2,,0.0,1,0,0.0,0,0,1,0,1,2,1,0,3321.0,Juan Shi,,Juan Shi
3322,2022,2023,2,2,2022,2022,1,0,1,True,False,0,4,18,0.0,2,0,4.0,0,0,2,0,2,2,2,0,3322.0,Wei Yu,,Wei Yu
3324,2012,2012,1,1,,,1,,0,True,False,0,1,,0.0,1,0,0.0,0,0,1,0,1,0,2,0,3324.0,Hans Georg Eigenwillig-Reising,,Hans Georg Eigenwillig-Reising
3326,1992,2013,4,4,2013,2013,2,21,21,True,False,0,4,27,0.0,0,0,0.0,1,0,4,0,4,0,3,0,3326.0,Laurie Campbell,,Laurie Campbell
3330,2022,2022,1,1,,,1,,0,True,False,0,4,,0.0,0,0,0.0,0,0,1,0,1,0,1,0,3330.0,Na Cao,Jay Carter,Jay Carter
3331,2022,2022,1,1,,,1,,0,True,False,0,4,,0.0,0,0,0.0,0,0,1,0,1,0,1,0,3331.0,Na Yao,,Na Yao
3333,2020,2020,1,1,,,1,,0,True,False,0,3,,0.0,1,0,0.0,0,0,2,0,2,0,2,0,3333.0,Janet Margraf,,Janet Margraf
3334,2007,2020,2,2,2007,2007,2,0,13,True,False,0,5,33,0.0,4,0,0.15384615384615385,0,0,4,0,4,0,2,0,3334.0,Birthe Täsche,,Birthe Täsche
3336,2004,2024,8,8,2008,2013,2,4,20,True,False,0,25,27,0.0,3,0,0.8005681818181819,0,0,2,1,3,6,3,0,3336.0,Lucrezia Zamengo,,Lucrezia Zamengo
3338,2017,2023,2,2,,,2,,6,True,False,0,1,,0.0,1,0,0.3333333333333333,1,0,1,0,1,0,1,1,3338.0,Justin Williams,,Justin Williams
3340,2024,2026,2,2,2026,2026,2,2,2,True,False,0,1,14,0.0,0,0,0.0,0,0,1,0,1,0,2,0,3340.0,Marianna Polaszek,,Marianna Polaszek
3343,2020,2020,1,1,,,1,,0,True,False,0,2,,0.0,0,0,0.0,0,0,0,0,0,1,1,0,3343.0,Joseph Stevens,,Joseph Stevens
3344,2020,2020,1,1,,,1,,0,True,False,0,2,,0.0,0,0,0.0,0,0,0,0,0,1,1,0,3344.0,Roy Tran,,Roy Tran
3345,2020,2020,1,1,,,1,,0,True,False,0,2,,0.0,0,0,0.0,0,0,0,0,0,1,1,0,3345.0,David Cruz,,David Cruz
3351,2020,2020,1,1,2020,2020,1,0,0,True,False,0,1,20,0.0,0,0,0.0,0,0,0,0,0,0,2,0,3351.0,Nicole Robinson,,Nicole Robinson
3352,1985,2026,10,10,1998,2017,3,13,41,True,False,0,5,23,0.0,1,0,0.13417052214144082,0,0,6,0,6,1,3,0,3352.0,Marcus Spence,,Marcus Spence
3356,2015,2015,1,1,,,1,,0,True,False,0,1,,0.0,2,0,0.0,0,0,2,0,2,0,2,0,3356.0,Jacob Yang,,Jacob Yang
3359,2010,2017,3,3,,,2,,7,True,False,0,5,,0.0,5,0,0.8513513513513514,0,0,1,0,1,0,2,3,3359.0,Aneta Pruschke-Sölzer,,Aneta Pruschke-Sölzer
3360,2007,2024,5,4,,,3,,17,True,False,0,4,,0.0,5,0,0.8009153318077803,0,0,1,1,2,0,3,1,3360.0,Isabella Farinelli,,Isabella Farinelli
3363,2019,2026,2,2,,,2,,7,True,False,0,7,,0.0,2,0,0.5714285714285714,0,0,2,0,2,1,1,2,3363.0,Xiuying Xie,,Xiuying Xie
3364,2019,2022,2,2,,,2,,3,True,False,0,38,,0.0,2,0,0.3333333333333333,0,0,3,0,3,7,1,3,3364.0,Jun Lin,,Jun Lin
3365,2022,2022,1,1,,,1,,0,True,False,0,36,,0.0,0,0,0.0,0,0,2,0,2,6,1,2,3365.0,Gang Dong,,Gang Dong
3366,2019,2028,7,6,,,4,,9,True,False,0,22,,0.0,5,0,2.1666666666666665,0,0,6,1,7,1,3,2,3366.0,Xiuying Yao,,Xiuying Yao
3368,2023,2025,2,2,2038,2038,1,15,2,True,False,0,5,2,0.8,0,0,1.0,0,0,2,0,2,2,2,3,3368.0,Madeleine Pineau,M.A.D. FROST (Money And Dreams),M.A.D. FROST (Money And Dreams)
3369,2023,2025,2,2,2038,2038,1,15,2,True,False,0,5,2,0.8,0,0,1.0,0,0,2,0,2,2,2,3,3369.0,Laetitia Petitjean,,Laetitia Petitjean
3371,2023,2025,2,2,2038,2038,1,15,2,True,False,0,5,2,0.8,0,0,1.0,0,0,2,0,2,2,1,3,3371.0,Susan Da Silva,,Susan Da Silva
3375,2022,2022,1,1,2022,2022,1,0,0,True,False,0,1,18,0.0,0,0,0.0,0,0,1,0,1,0,2,0,3375.0,Jennifer Ferguson,,Jennifer Ferguson
3377,2004,2026,4,4,2024,2024,3,20,22,True,False,0,6,16,0.0,1,0,0.4892772041302621,0,0,2,1,3,1,3,0,3377.0,Ming Qiao,,Ming Qiao
3378,2013,2026,2,2,,,2,,13,True,False,0,4,,0.0,2,0,0.3076923076923077,0,0,2,0,2,1,2,0,3378.0,Xiulan Tao,,Xiulan Tao
3379,2004,2026,4,4,2024,2024,3,20,22,True,False,0,6,16,0.0,1,0,0.4892772041302621,0,0,2,1,3,1,1,0,3379.0,Jun Ye,,Jun Ye
3380,2013,2026,2,2,,,2,,13,True,False,0,4,,0.0,2,0,0.3076923076923077,0,0,2,0,2,1,2,0,3380.0,Guiying Chen,,Guiying Chen
3382,2026,2026,1,0,,,1,,0,True,True,0,1,,0.0,0,0,0.0,0,0,1,0,1,0,1,0,3382.0,Reginald Stumpf,,Reginald Stumpf
3384,2017,2026,2,1,,,2,,9,True,False,0,2,,0.0,0,0,0.2222222222222222,0,0,1,0,1,0,1,0,3384.0,Ulf Kusch,,Ulf Kusch
3385,2026,2026,1,0,,,1,,0,True,True,0,1,,0.0,0,0,0.0,0,0,1,0,1,0,1,0,3385.0,Joerg Weiß,,Joerg Weiß
3388,2016,2016,1,0,,,1,,0,True,False,0,3,,0.0,2,0,0.0,0,0,1,0,1,1,1,0,3388.0,Li Fang,,Li Fang
3389,1997,2017,3,2,2017,2017,2,20,20,True,False,0,5,23,0.0,2,0,0.15789473684210525,0,0,2,0,2,1,2,0,3389.0,Min Shen,,Min Shen
3391,2014,2014,1,1,,,1,,0,True,False,0,2,,0.0,0,0,0.0,0,0,0,0,0,0,1,0,3391.0,Diana Lewis,,Diana Lewis
3396,2013,2013,1,1,,,1,,0,True,False,0,0,,0.0,1,0,0.0,0,0,2,0,2,0,1,0,3396.0,Yong Sun,,Yong Sun
3398,2013,2024,2,2,,,1,,11,True,False,0,1,,0.0,1,0,0.36363636363636365,0,0,3,0,3,0,2,0,3398.0,Na Lu,,Na Lu
3399,2013,2016,2,2,2016,2016,2,3,3,True,False,0,4,24,0.0,2,0,1.6666666666666667,0,0,3,0,3,0,2,0,3399.0,Jing Jin,,Jing Jin
3403,2024,2024,1,1,,,1,,0,True,False,0,0,,0.0,0,0,0.0,0,0,1,0,1,0,1,0,3403.0,Franca Wilms,,Franca Wilms
3404,2024,2024,1,1,,,1,,0,True,False,0,0,,0.0,0,0,0.0,0,0,1,0,1,0,1,0,3404.0,Andrew Medina,,Andrew Medina
3405,2024,2024,1,1,,,1,,0,True,False,0,0,,0.0,0,0,0.0,0,0,1,0,1,0,2,0,3405.0,Zachary Stark,,Zachary Stark
3408,1987,1987,1,1,,,1,,0,True,False,0,0,,0.0,1,0,0.0,0,0,1,0,1,0,1,0,3408.0,Qiang Fang,,Qiang Fang
3409,1987,1987,1,1,,,1,,0,True,False,0,0,,0.0,1,0,0.0,0,0,1,0,1,0,3,0,3409.0,Janice Lamb,,Janice Lamb
3410,1987,2022,3,3,2022,2022,2,35,35,True,False,0,3,18,0.0,1,0,0.14285714285714285,0,0,2,0,2,0,1,0,3410.0,Xia Deng,,Xia Deng
3412,2020,2020,1,1,,,1,,0,True,False,0,0,,0.0,4,0,0.0,1,0,1,0,1,0,2,0,3412.0,Xiulan Feng,,Xiulan Feng
3413,2014,2025,5,5,2024,2024,4,10,11,True,False,0,16,16,0.0,10,0,1.508361204013378,1,0,2,1,3,3,2,0,3413.0,Tao Xie,,Tao Xie
3414,2014,2025,3,3,,,2,,11,True,False,0,3,,0.0,5,0,0.5494505494505495,1,0,1,0,1,0,2,0,3414.0,Yang Han,,Yang Han
3416,2026,2026,1,1,2033,2033,1,7,0,True,True,0,1,7,0.30000000000000004,0,0,0.0,0,0,2,0,2,0,2,0,3416.0,Xiulan Zheng,,Xiulan Zheng
3417,2026,2026,1,1,2033,2033,1,7,0,True,True,0,1,7,0.30000000000000004,0,0,0.0,0,0,2,0,2,0,1,0,3417.0,Xiuying Qiu,,Xiuying Qiu
3418,2029,2029,1,1,,,1,,0,True,True,0,1,,0.0,0,0,0.0,0,0,1,0,1,0,1,0,3418.0,Yang Wu,,Yang Wu
3424,2013,2013,1,1,,,1,,0,True,False,0,0,,0.0,0,0,0.0,0,0,1,0,1,0,3,0,3424.0,Stilla Koch,,Stilla Koch
3425,2020,2020,1,1,,,1,,0,True,False,0,1,,0.0,0,0,0.0,0,0,2,0,2,0,1,0,3425.0,Holger Trupp,,Holger Trupp
3427,2024,2024,1,1,,,1,,0,True,False,0,1,,0.0,0,0,0.0,0,0,1,0,1,0,1,0,3427.0,Yan Liang,,Yan Liang
3429,2024,2024,1,1,,,1,,0,True,False,0,1,,0.0,0,0,0.0,0,0,1,0,1,0,1,0,3429.0,Guiying Wu,,Guiying Wu
3430,2024,2028,2,2,,,2,,4,True,False,0,3,,0.0,2,0,1.25,0,0,1,0,1,0,2,0,3430.0,Ming Xiong,,Ming Xiong
3431,2024,2024,1,1,,,1,,0,True,False,0,1,,0.0,0,0,0.0,0,0,1,0,1,0,1,0,3431.0,Tao Cao,,Tao Cao
3435,2013,2013,1,1,,,1,,0,True,False,0,1,,0.0,0,0,0.0,0,0,1,0,1,0,2,0,3435.0,Lei Long,,Lei Long
3437,2013,2027,2,2,,,2,,14,True,False,0,8,,0.0,2,0,0.21428571428571427,0,0,2,0,2,0,1,1,3437.0,Qiang Peng,,Qiang Peng
3439,2029,2029,1,1,,,1,,0,True,True,0,7,,0.0,0,0,0.0,0,0,1,0,1,0,1,0,3439.0,Fang Gu,,Fang Gu
3440,2023,2023,1,1,,,1,,0,True,False,0,2,,0.0,0,0,0.0,0,0,1,0,1,0,2,0,3440.0,Guiying Cui,,Guiying Cui
3441,2023,2023,1,1,,,1,,0,True,False,0,2,,0.0,0,0,0.0,0,0,1,0,1,0,2,0,3441.0,Li Cheng,,Li Cheng
3442,2019,2029,2,2,,,1,,10,True,False,0,8,,0.0,0,0,0.1,0,0,2,0,2,0,1,0,3442.0,Xiuying Tian,,Xiuying Tian
3446,2023,2023,1,1,,,1,,0,True,False,0,1,,0.0,2,0,0.0,0,0,1,0,1,0,1,0,3446.0,Jing Xie,,Jing Xie
3447,2020,2028,6,6,2020,2020,3,0,8,True,False,0,8,20,0.0,1,0,1.5472440944881891,0,0,1,0,1,2,1,0,3447.0,Li Gu,,Li Gu
3448,2023,2028,3,3,,,3,,5,True,False,0,4,,0.0,7,0,1.5263157894736843,0,0,3,0,3,1,1,0,3448.0,Juan Li,,Juan Li
3452,2023,2023,1,1,,,1,,0,True,False,0,0,,0.0,1,0,0.0,0,0,1,0,1,0,1,0,3452.0,Xiulan Yang, $HADE, $HADE
3453,2023,2023,1,1,,,1,,0,True,False,0,0,,0.0,1,0,0.0,0,0,1,0,1,0,1,0,3453.0,Ming Fang,,Ming Fang
3455,2006,2026,2,2,,,2,,20,True,False,0,2,,0.0,1,0,0.15,0,0,3,0,3,0,2,0,3455.0,Maria Carlson,,Maria Carlson
3456,2002,2006,2,2,,,2,,4,True,False,0,0,,0.0,0,0,0.0,0,0,3,0,3,0,1,0,3456.0,Robin Russell,,Robin Russell
3459,2023,2023,2,2,,,1,,0,True,False,0,4,,0.0,1,0,0.0,0,0,3,0,3,2,1,3,3459.0,Holly Valenzuela,,Holly Valenzuela
3460,2023,2023,1,1,,,1,,0,True,False,0,2,,0.0,1,0,0.0,0,0,1,0,1,1,1,2,3460.0,Xia Zhu,,Xia Zhu
3461,2022,2023,2,2,,,2,,1,True,False,0,4,,0.0,1,0,4.0,0,0,1,0,1,1,2,2,3461.0,Yong Tao,,Yong Tao
3462,2023,2023,1,1,,,1,,0,True,False,0,2,,0.0,1,0,0.0,0,0,1,0,1,1,1,2,3462.0,Fang Zhu,,Fang Zhu
3465,2006,2006,1,1,,,1,,0,True,False,0,0,,0.0,0,0,0.0,0,0,1,0,1,0,1,0,3465.0,Evelína Kučerová,,Evelína Kučerová
3466,2006,2006,1,1,,,1,,0,True,False,0,0,,0.0,0,0,0.0,0,0,1,0,1,0,1,0,3466.0,Leslie Flynn,,Leslie Flynn
3468,2016,2016,1,1,2016,2016,1,0,0,True,False,0,1,24,0.0,0,0,0.0,0,0,1,0,1,0,2,0,3468.0,Qiang Feng,,Qiang Feng
3469,2016,2016,1,1,2016,2016,1,0,0,True,False,0,1,24,0.0,0,0,0.0,0,0,1,0,1,0,1,0,3469.0,Juan Qiu,,Juan Qiu
3470,2016,2016,1,1,2016,2016,1,0,0,True,False,0,1,24,0.0,0,0,0.0,0,0,1,0,1,0,1,0,3470.0,Yang Fan,,Yang Fan
3471,2016,2016,1,1,2016,2016,1,0,0,True,False,0,1,24,0.0,0,0,0.0,0,0,1,0,1,0,1,0,3471.0,Li Jiang,,Li Jiang
3472,2016,2016,1,1,2016,2016,1,0,0,True,False,0,1,24,0.0,0,0,0.0,0,0,1,0,1,0,1,0,3472.0,Lei Dai,,Lei Dai
3473,2016,2016,1,1,2016,2016,1,0,0,True,False,0,1,24,0.0,0,0,0.0,0,0,1,0,1,0,1,0,3473.0,Ming Qian,,Ming Qian
3474,2016,2019,2,2,2016,2016,2,0,3,True,False,0,2,24,0.0,8,0,3.3333333333333335,0,0,3,0,3,0,1,0,3474.0,Fang Lin,,Fang Lin
3475,2016,2016,1,1,2016,2016,1,0,0,True,False,0,1,24,0.0,0,0,0.0,0,0,1,0,1,0,2,0,3475.0,Juan Duan,,Juan Duan
3476,2016,2016,1,1,2016,2016,1,0,0,True,False,0,1,24,0.0,0,0,0.0,0,0,1,0,1,0,1,0,3476.0,Yong Qin,,Yong Qin
3477,2016,2016,1,1,2016,2016,1,0,0,True,False,0,1,24,0.0,0,0,0.0,0,0,1,0,1,0,1,0,3477.0,Qiang Mo,,Qiang Mo
3478,2004,2016,2,2,2004,2016,2,0,12,True,False,0,4,24,0.0,0,0,0.8333333333333334,0,0,2,0,2,0,1,0,3478.0,Tao Bai,,Tao Bai
3480,2019,2019,1,1,2019,2019,1,0,0,True,False,0,0,21,0.0,0,0,0.0,0,0,2,0,2,0,1,0,3480.0,Cécile Meyer,,Cécile Meyer
3481,2019,2019,1,1,2019,2019,1,0,0,True,False,0,0,21,0.0,0,0,0.0,0,0,2,0,2,0,1,0,3481.0,Laura Mann,,Laura Mann
3484,2019,2019,1,1,2019,2019,1,0,0,True,False,0,0,21,0.0,0,0,0.0,0,0,2,0,2,0,2,0,3484.0,Adrienne Bouchet,,Adrienne Bouchet
3486,2024,2026,2,2,,,2,,2,True,False,0,5,,0.0,1,0,2.5,0,0,2,0,2,1,1,0,3486.0,Jing Zhu,,Jing Zhu
3487,2024,2024,1,1,,,1,,0,True,False,0,1,,0.0,1,0,0.0,0,0,2,0,2,1,1,0,3487.0,Jing Xiong,,Jing Xiong
3489,2024,2024,1,1,,,1,,0,True,False,0,1,,0.0,1,0,0.0,0,0,2,0,2,1,1,0,3489.0,Wei Xiao,,Wei Xiao
3490,2013,2013,1,1,,,1,,0,True,False,0,1,,0.0,0,0,0.0,0,0,1,0,1,0,1,0,3490.0,Tao Ren,,Tao Ren
3492,2030,2030,1,1,,,1,,0,True,True,1,1,,0.0,0,0,0.0,0,0,1,0,1,0,1,0,3492.0,Na Gao,The Hollow Manuscript,The Hollow Manuscript
3493,2030,2030,1,1,,,1,,0,True,True,1,1,,0.0,0,0,0.0,0,0,1,0,1,0,1,0,3493.0,Qiang Chen,,Qiang Chen
3494,2030,2030,1,1,,,1,,0,True,True,1,1,,0.0,0,0,0.0,0,0,1,0,1,0,1,0,3494.0,Ming Long,,Ming Long
3495,2030,2030,1,1,,,1,,0,True,True,1,1,,0.0,0,0,0.0,0,0,1,0,1,0,1,0,3495.0,Gang Qin,,Gang Qin
3496,2025,2030,2,2,,,2,,5,True,True,1,6,,0.0,0,0,0.8,0,0,3,0,3,2,1,0,3496.0,Xiulan Deng,,Xiulan Deng
3498,1989,1992,2,2,,,2,,3,True,False,0,3,,0.0,2,0,0.3333333333333333,0,0,1,0,1,0,1,0,3498.0,Lina Mendizábal Robledo,,Lina Mendizábal Robledo
3499,2000,2000,1,0,,,1,,0,True,False,0,1,,0.0,2,0,0.0,0,0,1,0,1,0,1,0,3499.0,John Rogers,,John Rogers
3502,2007,2013,3,3,,,1,,6,True,False,0,5,,0.0,1,0,1.1666666666666667,0,0,2,1,3,0,1,5,3502.0,Ignazio Pastine,Valkyris,Valkyris
3503,2010,2013,2,2,,,1,,3,True,False,0,4,,0.0,2,0,1.3333333333333333,0,0,2,1,3,0,2,4,3503.0,Constance Guibert,,Constance Guibert
3504,2007,2027,7,7,,,3,,20,True,False,0,13,,0.0,2,0,1.135135135135135,0,0,3,1,4,0,2,4,3504.0,Zacharie Martins,,Zacharie Martins
3507,2011,2011,1,1,,,1,,0,True,False,0,1,,0.0,0,0,0.0,0,0,2,0,2,0,2,0,3507.0,Alex Steele,,Alex Steele
3509,1994,1994,1,1,,,1,,0,True,False,0,0,,0.0,1,0,0.0,0,0,1,0,1,0,1,0,3509.0,Michael Warner,,Michael Warner
3510,1994,1994,1,1,,,1,,0,True,False,0,0,,0.0,1,0,0.0,0,0,1,0,1,0,1,0,3510.0,Robert Long,,Robert Long
3511,1994,2007,3,3,,,3,,13,True,False,0,2,,0.0,0,0,0.5354330708661418,0,0,3,0,3,0,2,0,3511.0,David Miles,,David Miles
3514,2024,2024,1,1,,,1,,0,True,False,0,1,,0.0,0,0,0.0,0,0,1,0,1,0,2,0,3514.0,Kaitlin Davis,,Kaitlin Davis
3515,2024,2024,1,1,,,1,,0,True,False,0,1,,0.0,0,0,0.0,0,0,1,0,1,0,1,0,3515.0,Jie Zheng,,Jie Zheng
3516,2024,2024,1,1,,,1,,0,True,False,0,1,,0.0,0,0,0.0,0,0,1,0,1,0,1,0,3516.0,Yan Shi,,Yan Shi
3517,2024,2024,1,1,,,1,,0,True,False,0,1,,0.0,0,0,0.0,0,0,1,0,1,0,1,0,3517.0,Qiang Shi,,Qiang Shi
3518,2024,2024,1,1,,,1,,0,True,False,0,1,,0.0,0,0,0.0,0,0,1,0,1,0,1,0,3518.0,Min Liao,,Min Liao
3521,2026,2026,1,1,,,1,,0,True,True,0,1,,0.0,4,0,0.0,1,0,2,0,2,0,1,1,3521.0,Min Jin,,Min Jin
3523,2020,2020,1,1,,,1,,0,True,False,0,0,,0.0,0,0,0.0,0,0,1,0,1,0,2,0,3523.0,Lei Guo,,Lei Guo
3524,2020,2020,1,1,,,1,,0,True,False,0,0,,0.0,0,0,0.0,0,0,1,0,1,0,1,0,3524.0,Marissa Holt,,Marissa Holt
3528,2013,2013,1,1,,,1,,0,True,False,0,0,,0.0,0,0,0.0,0,0,1,0,1,0,2,0,3528.0,Theresa Mason,,Theresa Mason
3529,2013,2013,1,1,,,1,,0,True,False,0,0,,0.0,0,0,0.0,0,0,1,0,1,0,2,0,3529.0,Gang Tan,,Gang Tan
3532,2017,2017,1,1,,,1,,0,True,False,0,1,,0.0,0,0,0.0,0,0,1,0,1,1,1,0,3532.0,Alexandria Spencer,,Alexandria Spencer
3533,2017,2017,1,1,,,1,,0,True,False,0,1,,0.0,0,0,0.0,0,0,1,0,1,1,1,0,3533.0,William Stone,,William Stone
3534,2017,2017,1,1,,,1,,0,True,False,0,1,,0.0,0,0,0.0,0,0,1,0,1,1,1,0,3534.0,Jody Lopez,,Jody Lopez
3537,2023,2023,1,1,,,1,,0,True,False,0,2,,0.0,2,0,0.0,0,0,2,0,2,1,1,0,3537.0,Sophia Zaguri,,Sophia Zaguri
3538,2023,2023,1,1,,,1,,0,True,False,0,2,,0.0,2,0,0.0,0,0,2,0,2,1,1,0,3538.0,Fabienne Klemm-Kade,,Fabienne Klemm-Kade
3541,1990,1990,1,1,,,1,,0,True,False,0,0,,0.0,0,0,0.0,0,0,2,0,2,0,3,0,3541.0,Brandi Rodriguez,,Brandi Rodriguez
3543,2023,2027,2,1,,,2,,4,True,False,0,6,,0.0,0,0,0.5,0,0,1,0,1,0,1,3,3543.0,Chao Song,,Chao Song
3544,2023,2027,3,2,,,3,,4,True,False,0,8,,0.0,0,0,1.25,0,0,1,0,1,0,2,4,3544.0,Ming Zhao,,Ming Zhao
3545,2023,2027,2,2,,,2,,4,True,False,0,4,,0.0,0,0,0.75,0,0,1,0,1,0,2,2,3545.0,Jonathan Diaz,,Jonathan Diaz
3547,2020,2020,1,1,,,1,,0,True,False,0,0,,0.0,0,0,0.0,0,0,0,0,0,0,1,0,3547.0,Lisa Brooks,,Lisa Brooks
3548,2020,2020,1,1,,,1,,0,True,False,0,0,,0.0,0,0,0.0,0,0,0,0,0,0,1,0,3548.0,Kim Preston,,Kim Preston
3549,2020,2020,1,1,,,1,,0,True,False,0,0,,0.0,0,0,0.0,0,0,0,0,0,0,2,0,3549.0,Brandon Barton,,Brandon Barton
3550,2020,2020,1,1,,,1,,0,True,False,0,0,,0.0,0,0,0.0,0,0,0,0,0,0,2,0,3550.0,Michael Aguilar,,Michael Aguilar
3554,2013,2013,1,1,,,1,,0,True,False,0,1,,0.0,0,0,0.0,0,0,1,0,1,0,1,0,3554.0,Renée Bègue-Giraud,,Renée Bègue-Giraud
3555,2013,2020,2,2,,,2,,7,True,False,0,7,,0.0,3,0,2.142857142857143,0,0,3,0,3,1,2,0,3555.0,Nicole Godard,,Nicole Godard
3556,2013,2013,1,1,,,1,,0,True,False,0,1,,0.0,0,0,0.0,0,0,1,0,1,0,1,0,3556.0,Luc Hoarau,,Luc Hoarau
3557,2013,2020,2,2,,,2,,7,True,False,0,7,,0.0,3,0,2.142857142857143,0,0,3,0,3,1,2,0,3557.0,Philippine Laurent,,Philippine Laurent
3560,2027,2027,1,1,2027,2027,1,0,0,True,True,0,2,13,0.0,0,0,0.0,0,0,1,0,1,1,2,0,3560.0,Hans-Joachim Seip,,Hans-Joachim Seip
3563,2010,2022,2,2,,,2,,12,True,False,0,1,,0.0,0,0,0.0,0,0,1,0,1,0,2,0,3563.0,Robert Lynn, RVGE, RVGE
3569,2007,2007,1,1,,,1,,0,True,False,0,0,,0.0,0,0,0.0,0,0,1,0,1,0,2,0,3569.0,Leah Robinson,,Leah Robinson
3570,2007,2007,1,1,,,1,,0,True,False,0,0,,0.0,0,0,0.0,0,0,1,0,1,0,2,0,3570.0,Carrie Lang,,Carrie Lang
3571,2007,2007,1,1,,,1,,0,True,False,0,0,,0.0,0,0,0.0,0,0,1,0,1,0,1,0,3571.0,Sean Aguirre,,Sean Aguirre
3572,2007,2007,1,1,,,1,,0,True,False,0,0,,0.0,0,0,0.0,0,0,1,0,1,0,1,0,3572.0,Matthew Caldwell,,Matthew Caldwell
3575,2017,2024,3,3,2017,2017,3,0,7,True,False,0,5,23,0.0,1,0,0.42857142857142855,0,0,1,0,1,2,1,0,3575.0,Juan Li,,Juan Li
3576,2024,2024,2,2,,,2,,0,True,False,0,3,,0.0,3,0,0.0,0,0,1,0,1,1,1,0,3576.0,Brandon Ramirez,,Brandon Ramirez
3578,2024,2024,1,1,,,1,,0,True,False,0,1,,0.0,2,0,0.0,0,0,0,0,0,0,1,0,3578.0,Yan Shi,,Yan Shi
3581,2027,2027,1,1,,,1,,0,True,True,0,5,,0.0,0,0,0.0,0,0,1,0,1,0,2,3,3581.0,Jun Gu,,Jun Gu
3584,2020,2020,1,1,,,1,,0,True,False,0,1,,0.0,0,0,0.0,0,0,1,0,1,0,1,0,3584.0,Qiang Cheng,,Qiang Cheng
3585,2020,2020,1,1,,,1,,0,True,False,0,1,,0.0,0,0,0.0,0,0,1,0,1,0,2,0,3585.0,Chao Fan,,Chao Fan
3586,2020,2020,1,1,,,1,,0,True,False,0,1,,0.0,0,0,0.0,0,0,1,0,1,0,1,0,3586.0,Michael Jackson,,Michael Jackson
3588,2004,2027,3,3,,,3,,23,True,False,0,2,,0.0,3,0,0.043478260869565216,0,0,3,0,3,0,1,0,3588.0,Antonietta Zaccagnini,,Antonietta Zaccagnini
3589,2006,2030,5,5,2027,2027,3,21,24,True,False,1,6,13,0.0,3,0,0.32456140350877194,0,0,3,0,3,1,1,0,3589.0,Laetitia Bertrand-Becker,,Laetitia Bertrand-Becker
3594,2020,2020,1,1,,,1,,0,True,False,0,1,,0.0,1,0,0.0,0,0,1,0,1,0,1,0,3594.0,Kreszentia Staude,,Kreszentia Staude
3595,2017,2020,2,2,,,1,,3,True,False,0,2,,0.0,1,0,0.6666666666666666,0,0,1,0,1,0,1,0,3595.0,Rouven Ernst,,Rouven Ernst
3597,2015,2015,1,1,,,1,,0,True,False,0,4,,0.0,1,0,0.0,0,0,2,0,2,0,2,0,3597.0,Kaylee Freeman,,Kaylee Freeman
3598,2010,2015,2,1,,,1,,5,True,False,0,6,,0.0,1,0,0.0,0,0,3,0,3,0,1,0,3598.0,Danielle Luna,,Danielle Luna
3599,2015,2015,1,1,,,1,,0,True,False,0,4,,0.0,1,0,0.0,0,0,2,0,2,0,1,0,3599.0,Alicia Robertson,,Alicia Robertson
3600,2015,2016,3,3,,,3,,1,True,False,0,12,,0.0,2,0,3.0,0,0,6,0,6,0,1,0,3600.0,Lisa Smith,,Lisa Smith
3604,2013,2013,1,1,,,1,,0,True,False,0,2,,0.0,0,0,0.0,0,0,1,0,1,0,1,0,3604.0,Susan Romero,,Susan Romero
3605,2013,2026,2,2,,,2,,13,True,False,0,3,,0.0,0,0,0.0,0,0,2,0,2,0,3,0,3605.0,Lei Cao,,Lei Cao
3608,2030,2030,1,1,,,1,,0,True,True,1,2,,0.0,2,0,0.0,0,0,1,0,1,0,2,0,3608.0,Isa Balotelli,,Isa Balotelli
3610,2026,2026,1,1,2029,2029,1,3,0,True,True,0,0,11,0.0,1,0,0.0,0,0,1,0,1,0,1,0,3610.0,Yan Cui,,Yan Cui
3611,2026,2026,1,1,2029,2029,1,3,0,True,True,0,0,11,0.0,1,0,0.0,0,0,1,0,1,0,1,0,3611.0,Na Zou,,Na Zou
3612,2026,2026,1,1,2029,2029,1,3,0,True,True,0,0,11,0.0,1,0,0.0,0,0,1,0,1,0,1,0,3612.0,Min Yuan,,Min Yuan
3613,2024,2026,3,3,2024,2029,3,0,2,True,False,0,11,11,0.0,6,0,5.0,0,0,3,0,3,2,2,0,3613.0,Xiulan Yan,,Xiulan Yan
3614,2026,2026,1,1,2029,2029,1,3,0,True,True,0,0,11,0.0,1,0,0.0,0,0,1,0,1,0,1,0,3614.0,Yang He,,Yang He
3615,2026,2026,1,1,2029,2029,1,3,0,True,True,0,0,11,0.0,1,0,0.0,0,0,1,0,1,0,1,0,3615.0,Jun Deng,,Jun Deng
3617,2017,2017,1,1,,,1,,0,True,False,0,1,,0.0,0,0,0.0,0,0,1,0,1,0,1,0,3617.0,Michael Carroll,,Michael Carroll
3618,2017,2017,1,1,,,1,,0,True,False,0,1,,0.0,0,0,0.0,0,0,1,0,1,0,1,0,3618.0,Steve Yu,,Steve Yu
3619,2017,2017,1,1,,,1,,0,True,False,0,1,,0.0,0,0,0.0,0,0,1,0,1,0,1,0,3619.0,Thomas Beard,,Thomas Beard
3620,2017,2017,1,1,,,1,,0,True,False,0,1,,0.0,0,0,0.0,0,0,1,0,1,0,1,0,3620.0,Tonya Gallegos,,Tonya Gallegos
3621,2017,2017,1,1,,,1,,0,True,False,0,1,,0.0,0,0,0.0,0,0,1,0,1,0,1,0,3621.0,Brianna Wilson,,Brianna Wilson
3623,2017,2017,1,1,,,1,,0,True,False,0,1,,0.0,0,0,0.0,0,0,1,0,1,0,2,0,3623.0,Cheryl Waters,,Cheryl Waters
3624,2017,2017,1,1,,,1,,0,True,False,0,1,,0.0,0,0,0.0,0,0,1,0,1,0,1,0,3624.0,Robert Adams,,Robert Adams
3628,2014,2014,1,0,,,1,,0,True,False,0,2,,0.0,0,0,0.0,0,0,1,0,1,0,2,0,3628.0,Xiulan Zhou,,Xiulan Zhou
3629,2014,2029,3,1,,,3,,15,True,False,0,6,,0.0,0,0,0.26666666666666666,0,0,3,0,3,0,2,0,3629.0,Xiuying Ding,,Xiuying Ding
3631,2017,2022,2,2,2017,2017,2,0,5,True,False,0,2,23,0.0,1,0,0.0,0,0,1,0,1,1,1,0,3631.0,Jasmine Atkins,,Jasmine Atkins
3632,2022,2022,1,1,,,1,,0,True,False,0,1,,0.0,1,0,0.0,0,0,1,0,1,1,2,0,3632.0,David Miller,,David Miller
3637,2023,2023,1,1,,,1,,0,True,False,0,0,,0.0,0,0,0.0,0,0,1,0,1,0,1,0,3637.0,Tao Feng,,Tao Feng
3638,2023,2023,1,1,,,1,,0,True,False,0,0,,0.0,0,0,0.0,0,0,1,0,1,0,1,0,3638.0,Na Mo,,Na Mo
3639,2023,2029,2,2,,,1,,6,True,False,0,3,,0.0,0,0,0.6666666666666666,0,0,1,0,1,0,2,0,3639.0,Wei Yin,,Wei Yin
3640,2023,2023,1,1,,,1,,0,True,False,0,0,,0.0,0,0,0.0,0,0,1,0,1,0,1,0,3640.0,Alexander Whitney,,Alexander Whitney
3642,2023,2023,1,1,,,1,,0,True,False,0,0,,0.0,0,0,0.0,0,0,1,0,1,0,1,0,3642.0,Wei Xiong,,Wei Xiong
3645,2019,2019,1,1,,,1,,0,True,False,0,4,,0.0,1,0,0.0,0,0,1,0,1,1,2,0,3645.0,Li Zeng,,Li Zeng
3647,2029,2029,1,1,,,1,,0,True,True,0,2,,0.0,0,0,0.0,0,0,0,0,0,0,2,1,3647.0,Na Li,,Na Li
3648,2020,2020,1,1,,,1,,0,True,False,0,1,,0.0,0,0,0.0,0,0,1,0,1,0,2,0,3648.0,Joseph Thomas,,Joseph Thomas
3649,2020,2020,1,1,,,1,,0,True,False,0,1,,0.0,0,0,0.0,0,0,1,0,1,0,2,0,3649.0,Cordula Ehlert,,Cordula Ehlert
3650,2013,2020,2,2,,,2,,7,True,False,0,2,,0.0,0,0,0.2857142857142857,0,0,2,0,2,0,1,0,3650.0,Sarah Johnson,,Sarah Johnson
3653,2025,2025,1,1,,,1,,0,True,True,0,3,,0.0,0,0,0.0,0,0,1,0,1,1,1,0,3653.0,Lei Xiao,,Lei Xiao
3654,2025,2025,1,1,,,1,,0,True,True,0,3,,0.0,0,0,0.0,0,0,1,0,1,1,1,0,3654.0,Na Lai,,Na Lai
3655,2025,2028,2,2,,,2,,3,True,True,0,8,,0.0,0,0,0.6666666666666666,0,0,2,0,2,2,1,0,3655.0,Jing Ren,,Jing Ren
3656,2025,2025,1,1,,,1,,0,True,True,0,3,,0.0,0,0,0.0,0,0,1,0,1,1,1,0,3656.0,Ryohei Ito,,Ryohei Ito
3657,2025,2025,1,1,,,1,,0,True,True,0,3,,0.0,0,0,0.0,0,0,1,0,1,1,1,0,3657.0,Ming Tian,,Ming Tian
3658,2025,2025,1,1,,,1,,0,True,True,0,3,,0.0,0,0,0.0,0,0,1,0,1,1,1,0,3658.0,Min Xiang,,Min Xiang
3659,2025,2025,1,1,,,1,,0,True,True,0,3,,0.0,0,0,0.0,0,0,1,0,1,1,1,0,3659.0,Guiying Wang,,Guiying Wang
3661,2022,2022,1,1,,,1,,0,True,False,0,1,,0.0,0,0,0.0,0,0,1,0,1,0,2,0,3661.0,Melissa Wyatt,,Melissa Wyatt
3662,1984,2017,6,5,2010,2010,3,26,33,True,False,0,5,30,0.0,0,0,0.0,0,0,1,0,1,2,2,0,3662.0,David Wilkerson,,David Wilkerson
3664,2000,2000,1,1,,,1,,0,True,False,0,1,,0.0,3,0,0.0,0,0,2,0,2,0,1,0,3664.0,Daniel Nelson,,Daniel Nelson
3665,2000,2020,3,3,,,1,,20,True,False,0,4,,0.0,2,0,0.25,0,0,2,0,2,0,2,0,3665.0,Diana Taylor,,Diana Taylor
3666,2000,2023,3,3,,,1,,23,True,False,0,4,,0.0,2,0,0.23880597014925378,0,0,2,0,2,0,2,0,3666.0,Kayla Gomez,,Kayla Gomez
3669,2004,2004,1,1,,,1,,0,True,False,0,0,,0.0,1,0,0.0,0,0,2,0,2,0,1,0,3669.0,Klaus-Werner Gerlach,,Klaus-Werner Gerlach
3670,2004,2004,1,1,,,1,,0,True,False,0,0,,0.0,1,0,0.0,0,0,2,0,2,0,1,0,3670.0,Heinz-Günter Schmiedecke,,Heinz-Günter Schmiedecke
3671,2004,2004,1,1,,,1,,0,True,False,0,0,,0.0,1,0,0.0,0,0,2,0,2,0,1,0,3671.0,Ming Qian,,Ming Qian
3674,1991,2011,4,4,,,2,,20,True,False,0,5,,0.0,0,0,0.0,0,0,1,0,1,0,1,0,3674.0,Kumiko Miura,,Kumiko Miura
3677,2027,2027,1,1,,,1,,0,True,True,0,3,,0.0,0,0,0.0,0,0,1,0,1,1,1,0,3677.0,Yan Guo,,Yan Guo
3678,2027,2029,2,2,,,2,,2,True,True,0,4,,0.0,0,0,2.5,0,0,2,0,2,1,1,1,3678.0,Jun Shao,,Jun Shao
3679,2027,2029,2,2,,,2,,2,True,True,0,4,,0.0,0,0,2.5,0,0,3,0,3,1,1,0,3679.0,Gang Hao,,Gang Hao
3681,2027,2029,2,2,,,2,,2,True,True,0,4,,0.0,0,0,2.5,0,0,2,0,2,1,1,1,3681.0,Guiying Xia,,Guiying Xia
3684,2029,2029,1,1,,,1,,0,True,True,0,1,,0.0,1,0,0.0,0,0,1,0,1,0,1,0,3684.0,Xiuying Yao,Mirrored Silence,Mirrored Silence
3685,2029,2029,1,1,,,1,,0,True,True,0,1,,0.0,1,0,0.0,0,0,1,0,1,0,1,0,3685.0,Min Yu,,Min Yu
3686,2029,2030,3,3,,,3,,1,True,True,1,6,,0.0,0,0,2.0,0,0,3,0,3,2,2,0,3686.0,Xia Chen,,Xia Chen
3690,2020,2027,3,2,,,2,,7,True,False,0,6,,0.0,3,0,0.9186046511627908,0,0,1,0,1,1,2,0,3690.0,Gang Sun,,Gang Sun
3691,2013,2026,3,3,2013,2017,2,0,13,True,False,0,4,23,0.0,4,0,0.37593984962406013,0,0,2,0,2,1,1,0,3691.0,Gang Zheng,,Gang Zheng
3693,2017,2017,1,1,2017,2017,1,0,0,True,False,0,1,23,0.0,0,0,0.0,0,0,1,0,1,1,1,0,3693.0,Ping Fu,,Ping Fu
3694,2017,2017,1,1,2017,2017,1,0,0,True,False,0,1,23,0.0,0,0,0.0,0,0,1,0,1,1,1,0,3694.0,Ming Cao,,Ming Cao
3696,2017,2017,2,2,2017,2017,2,0,0,True,False,0,2,23,0.0,0,0,0.0,0,0,1,0,1,1,1,0,3696.0,Lei Sun,,Lei Sun
3698,2022,2022,1,1,,,1,,0,True,False,0,2,,0.0,1,0,0.0,0,0,2,0,2,1,1,0,3698.0,Ming Zhao, FVDE, FVDE
3699,2022,2022,1,1,,,1,,0,True,False,0,2,,0.0,1,0,0.0,0,0,2,0,2,1,2,0,3699.0,Lei Duan,Static Hymn,Static Hymn
3700,2022,2022,1,1,,,1,,0,True,False,0,2,,0.0,1,0,0.0,0,0,2,0,2,1,1,0,3700.0,Yan Kong,,Yan Kong
3703,2022,2022,1,1,,,1,,0,True,False,0,2,,0.0,1,0,0.0,0,0,2,0,2,1,1,0,3703.0,Wei Shi,,Wei Shi
3704,2007,2026,4,4,,,4,,19,True,False,0,7,,0.0,2,0,0.3787375415282392,0,0,5,0,5,3,1,0,3704.0,Qiang Xu,,Qiang Xu
3707,2004,2007,2,2,,,2,,3,True,False,0,0,,0.0,0,0,0.0,0,0,3,0,3,0,2,0,3707.0,Stacy Henderson,,Stacy Henderson
3712,2020,2024,3,3,,,3,,4,True,False,0,1,,0.0,2,0,2.0,0,0,2,0,2,0,1,1,3712.0,Fang Duan,,Fang Duan
3713,2024,2024,1,1,,,1,,0,True,False,0,1,,0.0,3,0,0.0,0,0,1,0,1,0,2,1,3713.0,Yong Dai,,Yong Dai
3714,2024,2029,3,3,,,2,,5,True,False,0,4,,0.0,2,0,0.6,0,0,2,0,2,0,1,2,3714.0,Chao Xiao,,Chao Xiao
3715,2024,2024,1,1,,,1,,0,True,False,0,1,,0.0,3,0,0.0,0,0,1,0,1,0,1,1,3715.0,Wei Lai,,Wei Lai
3716,2023,2029,4,4,,,3,,6,True,False,0,12,,0.0,5,0,3.0,0,0,4,0,4,2,3,2,3716.0,Qiang Xie,,Qiang Xie
3717,2020,2024,2,2,,,2,,4,True,False,0,0,,0.0,3,0,1.5,0,0,2,0,2,0,2,0,3717.0,Albert Miller,,Albert Miller
3722,2008,2008,1,1,,,1,,0,True,False,0,0,,0.0,0,0,0.0,0,0,1,0,1,0,1,0,3722.0,Nicole Newman,,Nicole Newman
3723,2008,2008,1,1,,,1,,0,True,False,0,0,,0.0,0,0,0.0,0,0,1,0,1,0,1,0,3723.0,Timothy Randolph,,Timothy Randolph
3725,2020,2026,2,1,,,2,,6,True,False,0,2,,0.0,0,0,0.0,0,0,2,0,2,0,2,0,3725.0,Donato Mocenigo,,Donato Mocenigo
3728,2017,2017,1,1,,,1,,0,True,False,0,0,,0.0,2,0,0.0,0,0,0,0,0,0,1,0,3728.0,Théodore de la Chauvet,,Théodore de la Chauvet
3729,2017,2017,1,1,,,1,,0,True,False,0,0,,0.0,2,0,0.0,0,0,0,0,0,0,2,0,3729.0,Daniel Aubry,,Daniel Aubry
3731,2016,2016,1,1,2019,2019,1,3,0,True,False,0,1,21,0.0,0,0,0.0,0,0,1,0,1,0,1,0,3731.0,Ming Wan,Echo Dominion,Echo Dominion
3732,2016,2016,1,1,2019,2019,1,3,0,True,False,0,1,21,0.0,0,0,0.0,0,0,1,0,1,0,2,0,3732.0,Qiang He,,Qiang He
3733,2016,2016,1,1,2019,2019,1,3,0,True,False,0,1,21,0.0,0,0,0.0,0,0,1,0,1,0,1,0,3733.0,Qiang Lai,,Qiang Lai
3735,2030,2030,1,1,,,1,,0,True,True,1,3,,0.0,0,0,0.0,0,0,2,0,2,0,1,0,3735.0,Qiang Zheng,,Qiang Zheng
3736,2030,2030,1,1,,,1,,0,True,True,1,3,,0.0,0,0,0.0,0,0,2,0,2,0,1,0,3736.0,Fang Han,,Fang Han
3737,2030,2030,1,1,,,1,,0,True,True,1,3,,0.0,0,0,0.0,0,0,2,0,2,0,1,0,3737.0,Mary Boyd,,Mary Boyd
3738,2030,2030,1,1,,,1,,0,True,True,1,3,,0.0,0,0,0.0,0,0,2,0,2,0,1,0,3738.0,Gang Duan,,Gang Duan
3739,2030,2030,1,1,,,1,,0,True,True,1,3,,0.0,0,0,0.0,0,0,2,0,2,0,1,0,3739.0,Wei Long,,Wei Long
3741,1986,1988,2,2,,,1,,2,True,False,0,0,,0.0,4,0,1.0,0,0,3,0,3,0,3,0,3741.0,Andrew Dawson,,Andrew Dawson
3742,1985,2026,7,6,1998,1998,3,13,41,True,False,0,8,42,0.0,1,0,0.0640035312293092,0,0,4,0,4,3,3,0,3742.0,David Wilcox,,David Wilcox
3744,1985,1985,1,1,,,1,,0,True,False,0,0,,0.0,0,0,0.0,0,0,0,0,0,0,1,0,3744.0,Kimberly Weaver,,Kimberly Weaver
3745,1990,1990,1,1,,,1,,0,True,False,0,1,,0.0,0,0,0.0,0,0,1,0,1,0,2,0,3745.0,Elizabeth Shepherd,,Elizabeth Shepherd
3749,2023,2023,1,1,,,1,,0,True,False,0,2,,0.0,0,0,0.0,0,0,1,0,1,0,2,0,3749.0,Paul Contreras,,Paul Contreras
3751,2027,2029,3,2,,,3,,2,True,True,0,14,,0.0,2,0,2.0,0,0,1,1,2,2,1,1,3751.0,Imelda Zaguri,YUNG DUSK,YUNG DUSK
3752,2027,2029,3,2,,,3,,2,True,True,0,14,,0.0,2,0,2.0,0,0,1,1,2,2,2,1,3752.0,Nanni Telesio,,Nanni Telesio
3753,2017,2029,5,5,2027,2027,4,10,12,True,False,0,8,13,0.0,4,0,0.6785714285714286,0,0,2,1,3,1,2,0,3753.0,Graziella Saffi,,Graziella Saffi
3754,2023,2029,4,3,,,4,,6,True,False,0,14,,0.0,1,0,2.0,0,0,1,1,2,2,3,1,3754.0,Annetta Passalacqua,,Annetta Passalacqua
3757,2028,2028,1,1,,,1,,0,True,True,0,1,,0.0,0,0,0.0,1,0,1,0,1,0,1,0,3757.0,Klaus-Werner Gierschner,,Klaus-Werner Gierschner
3760,2000,2020,3,3,2004,2004,3,4,20,True,False,0,1,36,0.0,7,0,0.5357142857142858,0,0,5,0,5,0,2,0,3760.0,Min Long,,Min Long
3761,1997,2004,3,3,2004,2004,2,7,7,True,False,0,1,36,0.0,4,0,1.7027027027027029,0,0,3,0,3,0,2,0,3761.0,Gang Shao,,Gang Shao
3762,2000,2000,1,1,,,1,,0,True,False,0,0,,0.0,4,0,0.0,0,0,2,0,2,0,1,0,3762.0,Xiulan Lin,,Xiulan Lin
3763,2000,2004,2,2,2004,2004,2,4,4,True,False,0,1,36,0.0,5,0,1.5,0,0,3,0,3,0,1,0,3763.0,Qiang Yuan,,Qiang Yuan
3764,1997,2000,2,2,,,2,,3,True,False,0,0,,0.0,4,0,2.0,0,0,2,0,2,0,2,0,3764.0,Wei Zhao,,Wei Zhao
3765,1997,2023,4,4,2020,2020,3,23,26,True,False,0,2,20,0.0,4,0,0.4312267657992565,0,0,4,0,4,0,1,0,3765.0,Wei Xiong,,Wei Xiong
3768,1992,1992,1,1,1992,1992,1,0,0,True,False,0,0,48,0.0,0,0,0.0,0,0,1,0,1,0,2,0,3768.0,Plinio Ribas,,Plinio Ribas
3769,1992,1992,1,1,1992,1992,1,0,0,True,False,0,0,48,0.0,0,0,0.0,0,0,1,0,1,0,1,0,3769.0,Ulises Gomila Morell,,Ulises Gomila Morell
3770,1992,1992,1,1,1992,1992,1,0,0,True,False,0,0,48,0.0,0,0,0.0,0,0,1,0,1,0,1,0,3770.0,Paca Ema Mosquera Cepeda,,Paca Ema Mosquera Cepeda
3774,2026,2030,2,2,2026,2026,2,0,4,True,True,1,2,14,0.0,1,0,0.25,0,0,1,0,1,2,2,0,3774.0,Jun Yin,,Jun Yin
3775,2020,2030,4,4,2020,2026,3,0,10,True,False,1,2,14,0.0,0,0,0.19736842105263155,0,0,1,0,1,2,1,0,3775.0,Yang Cui,,Yang Cui
3777,2010,2012,2,2,2012,2012,2,2,2,True,False,0,1,28,0.0,0,0,0.0,0,0,1,0,1,0,2,0,3777.0,Douglas Lewis,,Douglas Lewis
3780,1987,1987,1,1,,,1,,0,True,False,0,0,,0.0,0,0,0.0,0,0,1,0,1,0,2,0,3780.0,Krzysztof Linda,,Krzysztof Linda
3781,1984,1987,2,2,1984,1984,1,0,3,True,False,0,0,56,0.0,1,0,0.3333333333333333,0,0,2,0,2,0,1,0,3781.0,Janos Zimmer,,Janos Zimmer
3784,2020,2020,1,1,,,1,,0,True,False,0,2,,0.0,0,0,0.0,0,0,1,0,1,0,1,0,3784.0,Yong Tan,,Yong Tan
3785,2020,2020,1,1,,,1,,0,True,False,0,2,,0.0,0,0,0.0,0,0,1,0,1,0,1,0,3785.0,Yan Tao,,Yan Tao
3788,2029,2029,1,0,,,1,,0,True,True,0,2,,0.0,0,0,0.0,0,0,2,0,2,0,1,0,3788.0,Jie Cao,,Jie Cao
3789,2029,2029,1,0,,,1,,0,True,True,0,2,,0.0,0,0,0.0,0,0,2,0,2,0,1,0,3789.0,Xia Yuan,,Xia Yuan
3790,2029,2029,1,0,,,1,,0,True,True,0,2,,0.0,0,0,0.0,0,0,2,0,2,0,1,0,3790.0,Chao Chang,,Chao Chang
3791,2029,2029,1,0,,,1,,0,True,True,0,2,,0.0,0,0,0.0,0,0,2,0,2,0,2,0,3791.0,Lei Hao,,Lei Hao
3792,2029,2029,1,0,,,1,,0,True,True,0,2,,0.0,0,0,0.0,0,0,2,0,2,0,1,0,3792.0,Yong Shao,,Yong Shao
3796,2020,2020,1,1,,,1,,0,True,False,0,2,,0.0,1,0,0.0,0,0,1,0,1,1,1,0,3796.0,Tao Luo,,Tao Luo
3798,2020,2020,1,1,,,1,,0,True,False,0,1,,0.0,0,0,0.0,0,0,1,0,1,0,1,0,3798.0,Guiying Lai,,Guiying Lai
3802,2007,2007,1,1,,,1,,0,True,False,0,2,,0.0,0,0,0.0,0,0,1,0,1,0,2,0,3802.0,Brett Terry,,Brett Terry
3803,2007,2007,1,1,,,1,,0,True,False,0,2,,0.0,0,0,0.0,0,0,1,0,1,0,1,0,3803.0,Regina Beck,,Regina Beck
3804,2007,2007,1,1,,,1,,0,True,False,0,2,,0.0,0,0,0.0,0,0,1,0,1,0,1,0,3804.0,Micheal Welch,,Micheal Welch
3805,2007,2007,1,1,,,1,,0,True,False,0,2,,0.0,0,0,0.0,0,0,1,0,1,0,1,0,3805.0,Michael Mccullough,,Michael Mccullough
3807,2023,2026,2,2,,,1,,3,True,False,0,3,,0.0,1,0,1.3333333333333333,0,0,1,0,1,1,2,0,3807.0,Jing Zhang,,Jing Zhang
3808,2026,2026,1,1,,,1,,0,True,True,0,2,,0.0,0,0,0.0,0,0,1,0,1,1,1,0,3808.0,Tao Zheng,,Tao Zheng
3809,2026,2026,1,1,,,1,,0,True,True,0,2,,0.0,0,0,0.0,0,0,1,0,1,1,1,0,3809.0,Yan Yan,,Yan Yan
3810,2026,2026,1,1,,,1,,0,True,True,0,2,,0.0,0,0,0.0,0,0,1,0,1,1,1,0,3810.0,Ping Meng,,Ping Meng
3811,2026,2026,1,1,,,1,,0,True,True,0,2,,0.0,0,0,0.0,0,0,1,0,1,1,1,0,3811.0,Xiuying Liu,,Xiuying Liu
3812,2020,2023,2,2,,,2,,3,True,False,0,2,,0.0,1,0,1.0,0,0,1,0,1,1,2,0,3812.0,Fang Meng,,Fang Meng
3814,2029,2029,1,1,,,1,,0,True,True,0,1,,0.0,0,0,0.0,0,0,1,0,1,1,1,0,3814.0,Qiang Feng, The Ghost, The Ghost
3815,2029,2029,1,1,,,1,,0,True,True,0,1,,0.0,0,0,0.0,0,0,1,0,1,1,1,0,3815.0,Brittney Rivera,,Brittney Rivera
3816,2029,2029,1,1,,,1,,0,True,True,0,1,,0.0,0,0,0.0,0,0,1,0,1,1,2,0,3816.0,Daniel Kent,,Daniel Kent
3818,2029,2029,1,1,,,1,,0,True,True,0,1,,0.0,0,0,0.0,0,0,1,0,1,1,1,0,3818.0,Qiang Peng,,Qiang Peng
3820,1994,2023,5,5,1997,2004,3,3,29,True,False,0,8,36,0.0,0,0,0.05701179554390564,0,0,1,0,1,1,3,0,3820.0,Melanie Jimenez,,Melanie Jimenez
3821,1997,1997,1,1,,,1,,0,True,False,0,0,,0.0,0,0,0.0,0,0,1,0,1,0,1,0,3821.0,Steven Buchanan,,Steven Buchanan
3824,2023,2023,1,1,,,1,,0,True,False,0,1,,0.0,0,0,0.0,0,0,1,0,1,0,2,0,3824.0,Na Ma,,Na Ma
3825,2023,2023,1,1,,,1,,0,True,False,0,1,,0.0,0,0,0.0,0,0,1,0,1,0,3,0,3825.0,Min Cui,,Min Cui
3827,2018,2019,2,2,2019,2019,1,1,1,True,False,0,5,21,0.0,0,0,0.0,0,0,1,0,1,0,2,0,3827.0,Yong Deng,,Yong Deng
3829,2025,2025,1,1,,,1,,0,True,True,0,1,,0.0,2,0,0.0,0,0,2,0,2,0,1,1,3829.0,Li Zou,,Li Zou
3831,2025,2025,1,1,,,1,,0,True,True,0,1,,0.0,2,0,0.0,0,0,2,0,2,0,2,1,3831.0,Chao Tang,,Chao Tang
3832,2025,2025,1,1,,,1,,0,True,True,0,1,,0.0,2,0,0.0,0,0,2,0,2,0,1,1,3832.0,Gang Yin,,Gang Yin
3833,2020,2025,2,2,,,2,,5,True,False,0,2,,0.0,3,0,1.4,0,0,3,0,3,0,2,1,3833.0,Wei Chang,,Wei Chang
3834,2025,2025,1,1,,,1,,0,True,True,0,1,,0.0,2,0,0.0,0,0,2,0,2,0,1,1,3834.0,Gang Zhang,,Gang Zhang
3835,2025,2029,3,3,,,2,,4,True,True,0,4,,0.0,3,0,1.5769230769230766,0,0,5,0,5,0,1,1,3835.0,Tao Lei,,Tao Lei
3836,2025,2025,1,1,,,1,,0,True,True,0,1,,0.0,2,0,0.0,0,0,2,0,2,0,1,1,3836.0,Na Zou,,Na Zou
3839,2020,2020,1,1,,,1,,0,True,False,0,4,,0.0,3,0,0.0,0,0,1,0,1,2,2,0,3839.0,Tao Gu,,Tao Gu
3840,2027,2027,1,1,,,1,,0,True,True,0,2,,0.0,2,0,0.0,0,0,1,0,1,1,1,0,3840.0,Qiang Feng,,Qiang Feng
3841,2020,2027,2,2,,,2,,7,True,False,0,6,,0.0,3,0,0.5714285714285714,0,0,2,0,2,3,3,0,3841.0,Li Jin,,Li Jin
3842,2027,2027,1,1,,,1,,0,True,True,0,2,,0.0,2,0,0.0,0,0,1,0,1,1,1,0,3842.0,Na Shen,,Na Shen
3843,2020,2027,4,4,,,3,,7,True,False,0,9,,0.0,2,0,1.2521739130434784,0,0,4,0,4,5,1,0,3843.0,Fang Jia,,Fang Jia
3846,2000,2004,3,1,,,1,,4,True,False,0,3,,0.0,0,0,0.5,0,0,1,0,1,0,1,0,3846.0,Sylvia Watson,,Sylvia Watson
3847,2000,2000,2,1,,,1,,0,True,False,0,2,,0.0,0,0,0.0,0,0,1,0,1,0,3,0,3847.0,Joseph Luna,,Joseph Luna
3849,2000,2000,2,1,,,1,,0,True,False,0,2,,0.0,0,0,0.0,0,0,1,0,1,0,3,0,3849.0,Wayne Malone,,Wayne Malone
3852,2024,2024,1,1,,,1,,0,True,False,0,1,,0.0,1,0,0.0,0,0,1,0,1,0,1,0,3852.0,Marissa Evans,,Marissa Evans
3853,2024,2024,1,1,,,1,,0,True,False,0,1,,0.0,1,0,0.0,0,0,1,0,1,0,1,0,3853.0,James Valentine,,James Valentine
3857,2016,2024,2,2,2016,2016,1,0,8,True,False,0,2,24,0.0,0,0,0.0,0,0,1,0,1,1,3,0,3857.0,Pihu Gulati,,Pihu Gulati
3860,2023,2023,1,1,,,1,,0,True,False,0,4,,0.0,0,0,0.0,0,0,1,0,1,0,2,0,3860.0,Folkert Schmidtke,Abyssal Cadence,Abyssal Cadence
3861,1997,1997,1,1,,,1,,0,True,False,0,5,,0.0,0,0,0.0,0,0,1,0,1,1,2,0,3861.0,Matthäus Ladeck,,Matthäus Ladeck
3863,1997,2004,2,2,,,2,,7,True,False,0,1,,0.0,0,0,0.0,0,0,1,0,1,0,2,0,3863.0,Sébastien Delaunay,,Sébastien Delaunay
3864,2004,2004,1,1,,,1,,0,True,False,0,1,,0.0,0,0,0.0,0,0,1,0,1,0,3,0,3864.0,Matthieu Le Roux,,Matthieu Le Roux
3866,2013,2013,1,1,,,1,,0,True,False,0,2,,0.0,0,0,0.0,0,0,1,0,1,1,2,0,3866.0,Yan Liu,,Yan Liu
3867,2013,2015,2,2,,,1,,2,True,False,0,3,,0.0,0,0,0.0,0,0,2,0,2,1,2,0,3867.0,Jun Xue,,Jun Xue
3868,2028,2028,2,2,,,1,,0,True,True,0,7,,0.0,2,0,0.0,0,0,1,0,1,2,2,0,3868.0,Xiulan Lu,,Xiulan Lu
3870,2010,2010,1,1,,,1,,0,True,False,0,0,,0.0,0,0,0.0,0,0,0,0,0,0,1,0,3870.0,Larry Rogers, $PIRIT, $PIRIT
3872,2010,2010,1,1,,,1,,0,True,False,0,0,,0.0,0,0,0.0,0,0,0,0,0,0,1,0,3872.0,James Price,,James Price
3873,2010,2010,1,1,,,1,,0,True,False,0,0,,0.0,0,0,0.0,0,0,0,0,0,0,2,0,3873.0,Bailey Ewing,,Bailey Ewing
3874,2010,2010,1,1,,,1,,0,True,False,0,0,,0.0,0,0,0.0,0,0,0,0,0,0,1,0,3874.0,Billy Green,,Billy Green
3878,2026,2026,1,1,,,1,,0,True,True,0,2,,0.0,0,0,0.0,0,0,1,0,1,0,1,0,3878.0,Li Wang,,Li Wang
3880,2022,2022,1,1,,,1,,0,True,False,0,1,,0.0,2,0,0.0,0,0,1,0,1,0,1,0,3880.0,Gang Huang,,Gang Huang
3882,2004,2004,1,1,2004,2004,1,0,0,True,False,0,1,36,0.0,4,0,0.0,0,0,1,0,1,0,1,0,3882.0,Juan Zhou,,Juan Zhou
3883,2004,2025,2,2,2004,2004,2,0,21,True,False,0,3,36,0.0,5,0,0.14285714285714285,0,0,2,0,2,0,1,0,3883.0,Yang Zhao,,Yang Zhao
3886,2018,2018,1,1,,,1,,0,True,False,0,1,,0.0,0,0,0.0,0,0,1,0,1,0,1,0,3886.0,Lindsey Diaz,Blake Austin,Blake Austin
3887,2018,2018,1,1,,,1,,0,True,False,0,1,,0.0,0,0,0.0,0,0,1,0,1,0,1,0,3887.0,Tao Yin,,Tao Yin
3888,2018,2018,1,1,,,1,,0,True,False,0,1,,0.0,0,0,0.0,0,0,1,0,1,0,1,0,3888.0,Xiuying Lu,,Xiuying Lu
3889,2018,2018,1,1,,,1,,0,True,False,0,1,,0.0,0,0,0.0,0,0,1,0,1,0,2,0,3889.0,Qiang Sun,,Qiang Sun
3890,2018,2018,1,1,,,1,,0,True,False,0,1,,0.0,0,0,0.0,0,0,1,0,1,0,1,0,3890.0,Yan Dai,,Yan Dai
3892,2023,2023,1,1,,,1,,0,True,False,0,2,,0.0,1,0,0.0,0,0,1,0,1,0,2,1,3892.0,Ming Liu,,Ming Liu
3893,2023,2023,2,2,,,2,,0,True,False,0,4,,0.0,1,0,0.0,0,0,2,0,2,0,2,2,3893.0,Tao Du,,Tao Du
3894,2023,2029,3,3,,,3,,6,True,False,0,5,,0.0,0,0,1.0,0,0,4,0,4,0,2,2,3894.0,Yan Yan,,Yan Yan
3895,2023,2029,2,2,,,2,,6,True,False,0,2,,0.0,2,0,1.0,0,0,3,0,3,0,1,0,3895.0,Yoko Fujita,,Yoko Fujita
3897,1981,2010,2,2,,,2,,29,True,False,0,1,,0.0,0,0,0.0,0,0,3,0,3,0,1,0,3897.0,Arkadiusz Flisiak,,Arkadiusz Flisiak
3899,2027,2027,1,1,,,1,,0,True,True,0,1,,0.0,0,0,0.0,0,0,0,0,0,0,2,0,3899.0,Tao Cai,,Tao Cai
3900,2027,2027,1,1,,,1,,0,True,True,0,1,,0.0,0,0,0.0,0,0,0,0,0,0,1,0,3900.0,Yong Fu,,Yong Fu
3902,2027,2027,1,1,,,1,,0,True,True,0,1,,0.0,0,0,0.0,0,0,0,0,0,0,1,0,3902.0,Juan Fu,,Juan Fu
3905,2023,2023,1,1,,,1,,0,True,False,0,1,,0.0,0,0,0.0,0,0,0,0,0,0,1,0,3905.0,Kenneth Ruiz,,Kenneth Ruiz
3910,2020,2020,1,1,,,1,,0,True,False,0,2,,0.0,0,0,0.0,0,0,0,0,0,0,2,2,3910.0,Yui Kondo,,Yui Kondo
3911,2020,2020,1,1,,,1,,0,True,False,0,2,,0.0,0,0,0.0,0,0,0,0,0,0,1,2,3911.0,Kaori Kobayashi,,Kaori Kobayashi
3915,2026,2029,2,2,2029,2029,2,3,3,True,True,0,2,11,0.0,1,0,1.3333333333333333,0,0,2,0,2,0,2,0,3915.0,Xiuying Deng,,Xiuying Deng
3918,2026,2026,1,1,,,1,,0,True,True,0,2,,0.0,0,0,0.0,0,0,1,0,1,1,2,0,3918.0,Jacqueline Bowen, Vapor Saint, Vapor Saint
3919,2026,2026,1,1,,,1,,0,True,True,0,2,,0.0,0,0,0.0,0,0,1,0,1,1,1,0,3919.0,Jason Miller,,Jason Miller
3920,2026,2026,1,1,,,1,,0,True,True,0,2,,0.0,0,0,0.0,0,0,1,0,1,1,1,0,3920.0,William Diaz,,William Diaz
3921,2026,2026,1,1,,,1,,0,True,True,0,2,,0.0,0,0,0.0,0,0,1,0,1,1,1,0,3921.0,Brooke Robinson,,Brooke Robinson
3922,2026,2026,1,1,,,1,,0,True,True,0,2,,0.0,0,0,0.0,0,0,1,0,1,1,2,0,3922.0,Stephen Vazquez,,Stephen Vazquez
3924,2013,2013,1,1,,,1,,0,True,False,0,2,,0.0,0,0,0.0,0,0,1,0,1,0,1,0,3924.0,Xia Tian,,Xia Tian
3925,2013,2013,1,1,,,1,,0,True,False,0,2,,0.0,0,0,0.0,0,0,1,0,1,0,1,0,3925.0,Ping Hou,,Ping Hou
3926,2013,2013,1,1,,,1,,0,True,False,0,2,,0.0,0,0,0.0,0,0,1,0,1,0,1,0,3926.0,Yong Gu,,Yong Gu
3927,2013,2013,1,1,,,1,,0,True,False,0,2,,0.0,0,0,0.0,0,0,1,0,1,0,1,0,3927.0,Xia Hao,,Xia Hao
3928,2013,2013,1,1,,,1,,0,True,False,0,2,,0.0,0,0,0.0,0,0,1,0,1,0,1,0,3928.0,Jun Mo,,Jun Mo
3929,2013,2013,1,1,,,1,,0,True,False,0,2,,0.0,0,0,0.0,0,0,1,0,1,0,1,0,3929.0,Xia Song,,Xia Song
3934,2020,2020,1,1,,,1,,0,True,False,0,0,,0.0,0,0,0.0,0,0,1,0,1,0,1,0,3934.0,Li Tian,,Li Tian
3935,2020,2020,1,1,,,1,,0,True,False,0,0,,0.0,0,0,0.0,0,0,1,0,1,0,2,0,3935.0,Ping Wu,,Ping Wu
3936,2023,2023,1,1,,,1,,0,True,False,0,1,,0.0,0,0,0.0,0,0,1,0,1,0,2,0,3936.0,Tao Li,,Tao Li
3937,2020,2023,2,2,,,2,,3,True,False,0,0,,0.0,0,0,1.0,0,0,2,0,2,0,2,0,3937.0,Lei Zheng,,Lei Zheng
3938,2020,2023,2,2,2023,2023,2,3,3,True,False,0,1,17,0.0,0,0,0.3333333333333333,0,0,1,0,1,0,1,0,3938.0,Min Chen,,Min Chen
3940,2013,2013,1,1,,,1,,0,True,False,0,1,,0.0,1,0,0.0,0,0,1,0,1,0,1,0,3940.0,Chris Meyer,Halogen Rapture,Halogen Rapture
3941,2013,2013,1,1,,,1,,0,True,False,0,1,,0.0,1,0,0.0,0,0,1,0,1,0,1,0,3941.0,Adam Hanna,,Adam Hanna
3942,2013,2013,1,1,,,1,,0,True,False,0,1,,0.0,1,0,0.0,0,0,1,0,1,0,1,0,3942.0,Molly Williams,,Molly Williams
3944,2013,2013,1,1,,,1,,0,True,False,0,1,,0.0,1,0,0.0,0,0,1,0,1,0,1,0,3944.0,Sabrina Mcmahon,,Sabrina Mcmahon
3945,2013,2013,1,1,,,1,,0,True,False,0,1,,0.0,1,0,0.0,0,0,1,0,1,0,1,0,3945.0,Yong Mao,,Yong Mao
3946,2013,2013,1,1,,,1,,0,True,False,0,1,,0.0,1,0,0.0,0,0,1,0,1,0,1,0,3946.0,Marie Flores,,Marie Flores
3947,2013,2013,1,1,,,1,,0,True,False,0,1,,0.0,1,0,0.0,0,0,1,0,1,0,1,0,3947.0,Aaron Conway,,Aaron Conway
3948,2013,2024,2,2,,,2,,11,True,False,0,3,,0.0,1,0,0.36363636363636365,0,0,1,0,1,0,1,0,3948.0,Melanie Fisher,,Melanie Fisher
3952,2026,2026,1,1,,,1,,0,True,True,0,1,,0.0,0,0,0.0,0,0,1,0,1,0,1,0,3952.0,Lei Lai,,Lei Lai
3953,2026,2026,1,1,,,1,,0,True,True,0,1,,0.0,0,0,0.0,0,0,1,0,1,0,1,0,3953.0,Ping Dong,,Ping Dong
3955,2026,2026,1,1,,,1,,0,True,True,0,1,,0.0,0,0,0.0,0,0,1,0,1,0,1,0,3955.0,Monica Blevins,,Monica Blevins
3957,2023,2023,1,1,,,1,,0,True,False,0,2,,0.0,0,0,0.0,0,0,1,0,1,0,1,0,3957.0,Juan Qiao,,Juan Qiao
3958,2021,2023,2,2,,,2,,2,True,False,0,3,,0.0,0,0,2.0,0,0,1,0,1,0,1,0,3958.0,Na Ma,,Na Ma
3959,2023,2023,1,1,,,1,,0,True,False,0,2,,0.0,0,0,0.0,0,0,1,0,1,0,1,0,3959.0,Jun Jin,,Jun Jin
3960,2023,2023,1,1,,,1,,0,True,False,0,2,,0.0,0,0,0.0,0,0,1,0,1,0,2,0,3960.0,Qiang Song,,Qiang Song
3961,2023,2023,1,1,,,1,,0,True,False,0,2,,0.0,0,0,0.0,0,0,1,0,1,0,1,0,3961.0,Xiulan Ren,,Xiulan Ren
3964,1997,2009,2,2,,,1,,12,True,False,0,3,,0.0,0,0,0.0,0,0,1,0,1,0,2,0,3964.0,Brittany Mcguire,,Brittany Mcguire
3967,2018,2023,2,2,,,2,,5,True,False,0,6,,0.0,0,0,0.4,0,0,1,0,1,0,3,0,3967.0,Jessica Stafford, R.O. Santos, R.O. Santos
3968,2018,2023,2,2,,,2,,5,True,False,0,6,,0.0,0,0,0.4,0,0,1,0,1,0,1,0,3968.0,Lisa Jones,,Lisa Jones
3969,2018,2023,2,2,,,2,,5,True,False,0,6,,0.0,0,0,0.4,0,0,1,0,1,0,1,0,3969.0,Daniel Roberts,,Daniel Roberts
3974,2024,2024,1,1,2037,2037,1,13,0,True,False,0,1,3,0.7,0,0,0.0,0,0,1,0,1,0,1,0,3974.0,Guiying Yang,,Guiying Yang
3975,2024,2024,1,1,2037,2037,1,13,0,True,False,0,1,3,0.7,0,0,0.0,0,0,1,0,1,0,2,0,3975.0,Chao Lu,,Chao Lu
3977,2024,2024,1,1,2037,2037,1,13,0,True,False,0,1,3,0.7,0,0,0.0,0,0,1,0,1,0,1,0,3977.0,Ping Chang,,Ping Chang
3979,1991,2006,2,2,,,2,,15,True,False,0,1,,0.0,0,0,0.26666666666666666,0,0,4,0,4,0,1,0,3979.0,Matilda Zarlino,,Matilda Zarlino
3980,1991,2006,2,2,,,2,,15,True,False,0,1,,0.0,0,0,0.26666666666666666,0,0,4,0,4,0,2,0,3980.0,Dina Borroni,,Dina Borroni
3981,1991,1991,1,1,,,1,,0,True,False,0,0,,0.0,0,0,0.0,0,0,2,0,2,0,1,0,3981.0,Travis Tucker,,Travis Tucker
3982,1991,2006,2,2,,,2,,15,True,False,0,1,,0.0,0,0,0.26666666666666666,0,0,4,0,4,0,1,0,3982.0,Pierangelo Papafava,,Pierangelo Papafava
3983,2006,2006,1,1,,,1,,0,True,False,0,1,,0.0,0,0,0.0,0,0,2,0,2,0,2,0,3983.0,Joseph Figueroa,,Joseph Figueroa
3987,2015,2020,2,2,2015,2015,2,0,5,True,False,0,1,25,0.0,4,0,1.2,2,0,1,0,1,0,1,0,3987.0,Xiulan Fang,,Xiulan Fang
3988,2010,2015,2,2,2015,2015,1,5,5,True,False,0,1,25,0.0,6,0,0.8,1,0,2,0,2,0,2,0,3988.0,Qiang Liu,,Qiang Liu
3989,2015,2020,2,2,2015,2015,2,0,5,True,False,0,2,25,0.0,2,0,0.6,1,0,1,0,1,0,1,0,3989.0,Jun Qiao,,Jun Qiao
3990,2015,2029,5,5,2015,2015,5,0,14,True,False,0,8,25,0.0,6,0,1.4139072847682121,2,0,2,0,2,1,1,0,3990.0,Ming Huang,,Ming Huang
3995,2025,2025,1,1,,,1,,0,True,True,0,0,,0.0,0,0,0.0,0,0,1,0,1,0,1,0,3995.0,Wei Yang,,Wei Yang
3996,2025,2025,1,1,,,1,,0,True,True,0,0,,0.0,0,0,0.0,0,0,1,0,1,0,2,0,3996.0,Yang Pan,,Yang Pan
3998,2027,2027,1,1,,,1,,0,True,True,0,1,,0.0,0,0,0.0,0,0,2,0,2,0,2,0,3998.0,Mark Nichols,,Mark Nichols
3999,2025,2025,1,1,,,1,,0,True,True,0,0,,0.0,0,0,0.0,0,0,1,0,1,0,1,0,3999.0,Naoko Miura,,Naoko Miura
4000,2025,2025,1,1,,,1,,0,True,True,0,0,,0.0,0,0,0.0,0,0,1,0,1,0,1,0,4000.0,Gang Shi,,Gang Shi
4005,2020,2020,1,1,,,1,,0,True,False,0,1,,0.0,1,0,0.0,0,0,1,0,1,0,1,0,4005.0,Min Tao,,Min Tao
4007,2007,2017,3,2,,,2,,10,True,False,0,16,,0.0,2,0,0.2,0,0,1,0,1,3,3,0,4007.0,John Ramirez,,John Ramirez
4009,2000,2000,1,1,2000,2000,1,0,0,True,False,0,1,40,0.0,1,0,0.0,0,0,1,0,1,1,1,0,4009.0,Christopher Thomas,,Christopher Thomas
4010,1997,1997,1,1,1997,1997,1,0,0,True,False,0,0,43,0.0,1,0,0.0,0,0,1,0,1,0,2,0,4010.0,Laure du Hebert,,Laure du Hebert
4011,1997,2000,3,3,1997,2000,1,0,3,True,False,0,2,40,0.0,0,0,1.3333333333333333,0,0,3,0,3,2,1,0,4011.0,Nathalie Legrand,,Nathalie Legrand
4015,2024,2024,1,1,2024,2024,1,0,0,True,False,0,3,16,0.0,0,0,0.0,0,0,1,0,1,2,2,0,4015.0,Vitali Rogner,Echoa,Echoa
4016,2024,2024,1,1,2024,2024,1,0,0,True,False,0,3,16,0.0,0,0,0.0,0,0,1,0,1,2,1,0,4016.0,Serafina Vives-Somoza,,Serafina Vives-Somoza
4017,2024,2024,1,1,2024,2024,1,0,0,True,False,0,3,16,0.0,0,0,0.0,0,0,1,0,1,2,1,0,4017.0,Gunhild Oderwald,,Gunhild Oderwald
4018,2024,2024,1,1,2024,2024,1,0,0,True,False,0,3,16,0.0,0,0,0.0,0,0,1,0,1,2,1,0,4018.0,Paolo Gotthard,,Paolo Gotthard
4019,2024,2024,1,1,2024,2024,1,0,0,True,False,0,3,16,0.0,0,0,0.0,0,0,1,0,1,2,1,0,4019.0,Valerij Bonbach,,Valerij Bonbach
4021,2024,2024,1,1,2024,2024,1,0,0,True,False,0,3,16,0.0,0,0,0.0,0,0,1,0,1,2,1,0,4021.0,Eva-Maria Killer,,Eva-Maria Killer
4024,2026,2026,1,1,,,1,,0,True,True,0,2,,0.0,0,0,0.0,0,0,1,0,1,0,1,1,4024.0,Margherita Giammusso,,Margherita Giammusso
4025,2026,2026,1,1,,,1,,0,True,True,0,2,,0.0,0,0,0.0,0,0,1,0,1,0,2,1,4025.0,Ida Vigliotti,,Ida Vigliotti
4027,2026,2026,1,1,,,1,,0,True,True,0,2,,0.0,0,0,0.0,0,0,1,0,1,0,1,1,4027.0,Pina Garrone,,Pina Garrone
4030,2027,2027,1,1,,,1,,0,True,True,0,2,,0.0,1,0,0.0,0,0,1,0,1,0,2,0,4030.0,Li He,,Li He
4031,2027,2027,1,1,,,1,,0,True,True,0,2,,0.0,1,0,0.0,0,0,1,0,1,0,1,0,4031.0,Ping Fu,,Ping Fu
4032,2021,2027,2,2,,,1,,6,True,False,0,2,,0.0,1,0,0.6666666666666666,0,0,1,0,1,0,1,0,4032.0,Guiying Gao,,Guiying Gao
4033,2021,2027,2,2,,,1,,6,True,False,0,2,,0.0,1,0,0.6666666666666666,0,0,1,0,1,0,1,0,4033.0,Xiuying Jin,,Xiuying Jin
4035,2028,2030,2,2,,,1,,2,True,True,1,4,,0.0,1,0,1.0,0,0,1,0,1,0,2,0,4035.0,Fang Ren, Aria Snow, Aria Snow
4037,2028,2030,2,2,,,1,,2,True,True,1,4,,0.0,1,0,1.0,0,0,1,0,1,0,1,0,4037.0,Juan Peng,,Juan Peng
4039,2020,2020,1,1,,,1,,0,True,False,0,4,,0.0,3,0,0.0,0,0,1,0,1,2,1,0,4039.0,Min Xue,,Min Xue
4040,2020,2020,1,1,,,1,,0,True,False,0,4,,0.0,3,0,0.0,0,0,1,0,1,2,1,0,4040.0,Xiulan Qin,,Xiulan Qin
4041,2020,2020,1,1,,,1,,0,True,False,0,4,,0.0,3,0,0.0,0,0,1,0,1,2,1,0,4041.0,Wei He,,Wei He
4042,2020,2020,1,1,,,1,,0,True,False,0,4,,0.0,3,0,0.0,0,0,1,0,1,2,1,0,4042.0,Xiuying Qiu,,Xiuying Qiu
4043,2020,2020,1,1,,,1,,0,True,False,0,4,,0.0,3,0,0.0,0,0,1,0,1,2,1,0,4043.0,Kelly Castro,,Kelly Castro
4044,2020,2020,1,1,,,1,,0,True,False,0,4,,0.0,3,0,0.0,0,0,1,0,1,2,1,0,4044.0,Erika Ruiz,,Erika Ruiz
4045,1999,2020,2,2,,,2,,21,True,False,0,5,,0.0,3,0,0.5714285714285714,0,0,2,0,2,2,1,0,4045.0,Yan Tang,,Yan Tang
4047,2018,2018,1,1,2018,2018,1,0,0,True,False,0,8,22,0.0,0,0,0.0,0,0,1,0,1,0,1,0,4047.0,Qiang Shen,,Qiang Shen
4048,2018,2018,1,1,2018,2018,1,0,0,True,False,0,8,22,0.0,0,0,0.0,0,0,1,0,1,0,1,0,4048.0,Fang Yan,,Fang Yan
4049,2018,2018,1,1,2018,2018,1,0,0,True,False,0,8,22,0.0,0,0,0.0,0,0,1,0,1,0,1,0,4049.0,Dora Säuberlich,,Dora Säuberlich
4050,2018,2018,1,1,2018,2018,1,0,0,True,False,0,8,22,0.0,0,0,0.0,0,0,1,0,1,0,1,0,4050.0,Na Ren,,Na Ren
4052,2029,2029,1,1,,,1,,0,True,True,0,1,,0.0,0,0,0.0,0,0,1,0,1,0,1,0,4052.0,Xiulan Wan,,Xiulan Wan
4054,2029,2029,1,1,,,1,,0,True,True,0,1,,0.0,0,0,0.0,0,0,1,0,1,0,1,0,4054.0,Chao Dai,,Chao Dai
4056,2025,2025,1,1,,,1,,0,True,True,0,1,,0.0,2,0,0.0,0,0,1,0,1,0,1,0,4056.0,Lei Pan,,Lei Pan
4057,2023,2023,1,1,,,1,,0,True,False,0,2,,0.0,3,0,0.0,0,0,1,0,1,0,2,0,4057.0,Qiang Zou,,Qiang Zou
4058,2023,2028,3,3,2028,2028,3,5,5,True,False,0,6,12,0.0,2,0,1.842105263157895,0,0,2,0,2,0,1,0,4058.0,Xiuying Qiu,,Xiuying Qiu
4060,2013,2013,1,1,,,1,,0,True,False,0,0,,0.0,0,0,0.0,1,0,1,0,1,0,1,0,4060.0,Leonard Dudley,YNT BOSS (Young & Timeless),YNT BOSS (Young & Timeless)
4061,2013,2013,1,1,,,1,,0,True,False,0,0,,0.0,0,0,0.0,1,0,1,0,1,0,1,0,4061.0,Patricia Johnson,,Patricia Johnson
4063,2013,2013,1,1,,,1,,0,True,False,0,0,,0.0,0,0,0.0,1,0,1,0,1,0,2,0,4063.0,Brittany Kelly,,Brittany Kelly
4064,2022,2022,1,1,,,1,,0,True,False,0,1,,0.0,0,0,0.0,0,0,1,0,1,0,1,0,4064.0,Christopher Roberts,,Christopher Roberts
4065,2013,2013,1,1,,,1,,0,True,False,0,0,,0.0,0,0,0.0,1,0,1,0,1,0,1,0,4065.0,Gary Torres,,Gary Torres
4066,2013,2013,1,1,,,1,,0,True,False,0,0,,0.0,0,0,0.0,1,0,1,0,1,0,1,0,4066.0,Gregory Porter,,Gregory Porter
4070,1993,1993,1,1,,,1,,0,True,False,0,0,,0.0,1,0,0.0,0,0,1,0,1,0,1,0,4070.0,Michel Pichon,,Michel Pichon
4072,2010,2017,2,2,,,2,,7,True,False,0,3,,0.0,3,0,0.7142857142857143,0,0,1,0,1,0,1,0,4072.0,Juan Xue,,Juan Xue
4073,2010,2017,3,3,,,3,,7,True,False,0,5,,0.0,2,0,1.2837837837837838,0,0,1,1,2,0,2,0,4073.0,Patricia Hardy,,Patricia Hardy
4074,2013,2017,2,2,,,2,,4,True,False,0,4,,0.0,3,0,1.25,0,0,1,0,1,0,2,0,4074.0,Jing Liang,,Jing Liang
4075,2004,2017,4,4,,,4,,13,True,False,0,6,,0.0,2,0,0.9222222222222223,0,0,3,1,4,0,2,0,4075.0,Xia Du,,Xia Du
4076,2013,2017,2,2,,,2,,4,True,False,0,4,,0.0,3,0,1.25,0,0,1,1,2,0,1,0,4076.0,Leslie Mathis,,Leslie Mathis
4078,2023,2023,1,1,,,1,,0,True,False,0,4,,0.0,0,0,0.0,0,0,0,0,0,0,1,2,4078.0,Meagan Hendrix,,Meagan Hendrix
4079,2023,2023,1,1,,,1,,0,True,False,0,4,,0.0,0,0,0.0,0,0,0,0,0,0,2,2,4079.0,Chao Wan,,Chao Wan
4080,2023,2023,1,1,,,1,,0,True,False,0,4,,0.0,0,0,0.0,0,0,0,0,0,0,1,2,4080.0,Yan Lu,,Yan Lu
4082,2023,2023,1,1,,,1,,0,True,False,0,4,,0.0,0,0,0.0,0,0,0,0,0,0,1,2,4082.0,Ming Hu,,Ming Hu
4083,2023,2023,1,1,2023,2023,1,0,0,True,False,0,1,17,0.0,2,0,0.0,0,0,1,0,1,0,2,0,4083.0,Min Yi,,Min Yi
4087,2023,2023,1,1,,,1,,0,True,False,0,3,,0.0,0,0,0.0,0,0,1,0,1,0,1,0,4087.0,Theresa Johnson,,Theresa Johnson
4089,2023,2023,1,1,,,1,,0,True,False,0,3,,0.0,0,0,0.0,0,0,1,0,1,0,2,0,4089.0,Colton Williams,,Colton Williams
4091,2023,2023,1,1,,,1,,0,True,False,0,2,,0.0,1,0,0.0,0,0,1,0,1,0,1,0,4091.0,Joan Brown,,Joan Brown
4092,2020,2030,5,5,,,2,,10,True,False,1,13,,0.0,1,0,0.5443037974683543,0,0,2,1,3,4,1,0,4092.0,Brian Hughes,,Brian Hughes
4093,2020,2023,2,2,,,1,,3,True,False,0,3,,0.0,1,0,0.6666666666666666,0,0,2,0,2,1,1,0,4093.0,Jerry Johnson,,Jerry Johnson
4096,2010,2020,2,2,,,2,,10,True,False,0,2,,0.0,2,0,0.5,0,0,1,0,1,1,3,0,4096.0,Tao Wen,,Tao Wen
4097,2010,2020,2,2,,,2,,10,True,False,0,2,,0.0,2,0,0.5,0,0,1,0,1,1,1,0,4097.0,Courtney Carroll,,Courtney Carroll
4098,2010,2025,5,5,2023,2023,3,13,15,True,False,0,4,17,0.0,1,0,0.5554272517321016,0,0,1,0,1,1,2,0,4098.0,Guiying Liao,,Guiying Liao
4103,2024,2024,1,1,,,1,,0,True,False,0,1,,0.0,0,0,0.0,0,0,0,0,0,0,2,0,4103.0,Nakul Agarwal,,Nakul Agarwal
4106,2007,2007,1,1,,,1,,0,True,False,0,3,,0.0,1,0,0.0,0,0,2,0,2,2,2,0,4106.0,Élise Moreno,,Élise Moreno
4108,2028,2028,1,1,,,1,,0,True,True,0,1,,0.0,0,0,0.0,0,0,1,0,1,0,2,0,4108.0,Tyler Watson,,Tyler Watson
4109,2028,2028,1,1,,,1,,0,True,True,0,1,,0.0,0,0,0.0,0,0,1,0,1,0,1,0,4109.0,Jason Green,,Jason Green
4110,2028,2028,1,1,,,1,,0,True,True,0,1,,0.0,0,0,0.0,0,0,1,0,1,0,1,0,4110.0,Christina Dalton,,Christina Dalton
4113,2029,2029,1,1,,,1,,0,True,True,0,5,,0.0,0,0,0.0,0,0,2,0,2,1,1,0,4113.0,Ping Song,,Ping Song
4114,2029,2029,1,1,,,1,,0,True,True,0,5,,0.0,0,0,0.0,0,0,2,0,2,1,1,0,4114.0,Juan Xia,,Juan Xia
4118,1997,2023,2,2,,,2,,26,True,False,0,1,,0.0,3,0,0.11538461538461539,0,0,2,0,2,0,1,0,4118.0,Timothy Elliott,,Timothy Elliott
4119,1997,1997,1,1,,,1,,0,True,False,0,0,,0.0,3,0,0.0,0,0,1,0,1,0,1,0,4119.0,Jun Luo,,Jun Luo
4121,2021,2021,1,1,,,1,,0,True,False,0,1,,0.0,0,0,0.0,0,0,1,0,1,0,3,0,4121.0,Guiying Bai,,Guiying Bai
4124,2022,2025,2,2,,,2,,3,True,False,0,2,,0.0,4,0,1.0,0,0,1,0,1,0,1,0,4124.0,Yang Zhao,,Yang Zhao
4125,2020,2025,3,3,,,2,,5,True,False,0,10,,0.0,6,0,1.605263157894737,0,0,1,1,2,2,2,0,4125.0,Tao Zhang,,Tao Zhang
4127,2020,2020,1,1,,,1,,0,True,False,0,2,,0.0,3,0,0.0,0,0,1,0,1,0,1,0,4127.0,William Carter, Jade, Jade
4128,2020,2020,1,1,,,1,,0,True,False,0,2,,0.0,3,0,0.0,0,0,1,0,1,0,1,0,4128.0,Michael Pratt,,Michael Pratt
4131,2017,2026,6,6,,,1,,9,True,False,0,24,,0.0,2,0,2.3333333333333335,0,0,2,1,3,0,3,0,4131.0,Kelsey Hernandez,,Kelsey Hernandez
4132,2020,2020,1,1,,,1,,0,True,False,0,2,,0.0,3,0,0.0,0,0,1,0,1,0,1,0,4132.0,Jonathan Avila,,Jonathan Avila
4133,2020,2020,1,1,,,1,,0,True,False,0,2,,0.0,3,0,0.0,0,0,1,0,1,0,1,0,4133.0,Lori Williams,,Lori Williams
4134,2017,2026,5,5,,,1,,9,True,False,0,20,,0.0,2,0,2.3333333333333335,0,0,2,1,3,0,1,0,4134.0,Dwayne Wilson,,Dwayne Wilson
4138,2020,2020,1,1,,,1,,0,True,False,0,1,,0.0,0,0,0.0,0,0,2,0,2,1,1,0,4138.0,Qiang Liu,,Qiang Liu
4139,2020,2020,1,1,,,1,,0,True,False,0,1,,0.0,0,0,0.0,0,0,2,0,2,1,1,0,4139.0,Audrey Gray,,Audrey Gray
4141,2024,2028,3,3,,,3,,4,True,False,0,5,,0.0,2,0,2.25,0,0,1,0,1,1,2,0,4141.0,Ping Zhong,,Ping Zhong
4142,2026,2026,1,1,,,1,,0,True,True,0,3,,0.0,3,0,0.0,0,0,1,0,1,1,2,0,4142.0,Angelica Reid,,Angelica Reid
4143,2026,2026,1,1,,,1,,0,True,True,0,3,,0.0,3,0,0.0,0,0,1,0,1,1,2,0,4143.0,Ping Du,,Ping Du
4144,2022,2026,2,2,,,2,,4,True,False,0,5,,0.0,3,0,2.0,0,0,1,0,1,1,2,0,4144.0,Yang Liao,,Yang Liao
4145,2024,2026,2,2,,,2,,2,True,False,0,3,,0.0,3,0,4.0,0,0,1,0,1,1,1,0,4145.0,Yan Liang,,Yan Liang
4146,2026,2026,1,1,,,1,,0,True,True,0,3,,0.0,3,0,0.0,0,0,1,0,1,1,1,0,4146.0,Yong Zeng,,Yong Zeng
4147,2022,2026,2,2,,,2,,4,True,False,0,5,,0.0,3,0,2.0,0,0,1,0,1,1,1,0,4147.0,Andrew Savage,,Andrew Savage
4149,2017,2020,2,2,,,1,,3,True,False,0,1,,0.0,0,0,0.0,0,0,1,0,1,0,2,0,4149.0,Juan Johnson,,Juan Johnson
4150,2029,2029,1,1,2029,2029,1,0,0,True,True,0,1,11,0.0,0,0,0.0,0,0,1,0,1,0,1,0,4150.0,Laurie Anderson,,Laurie Anderson
4152,2027,2027,1,1,,,1,,0,True,True,0,1,,0.0,1,0,0.0,0,0,1,0,1,0,1,0,4152.0,Jared Snow,,Jared Snow
4153,2027,2027,1,1,,,1,,0,True,True,0,1,,0.0,1,0,0.0,0,0,1,0,1,0,1,0,4153.0,Yang Qiao,,Yang Qiao
4154,2027,2027,2,2,,,2,,0,True,True,0,1,,0.0,1,0,0.0,0,0,2,0,2,0,2,0,4154.0,Xiuying Long,,Xiuying Long
4156,2022,2022,1,1,,,1,,0,True,False,0,1,,0.0,0,0,0.0,0,0,1,0,1,0,2,0,4156.0,Evelyn Banks,Mirrored Prophecy,Mirrored Prophecy
4157,2022,2022,1,1,,,1,,0,True,False,0,1,,0.0,0,0,0.0,0,0,1,0,1,0,1,0,4157.0,Sarah Banks,,Sarah Banks
4158,2022,2022,1,1,,,1,,0,True,False,0,1,,0.0,0,0,0.0,0,0,1,0,1,0,1,0,4158.0,Amanda Byrd,,Amanda Byrd
4159,2022,2022,1,1,,,1,,0,True,False,0,1,,0.0,0,0,0.0,0,0,1,0,1,0,1,0,4159.0,Jennifer Hart,,Jennifer Hart
4160,2007,2007,1,1,2007,2007,1,0,0,True,False,0,0,33,0.0,0,0,0.0,0,0,1,0,1,0,3,0,4160.0,John Pitts,,John Pitts
4161,2022,2022,1,1,,,1,,0,True,False,0,1,,0.0,0,0,0.0,0,0,1,0,1,0,1,0,4161.0,Frederick Hicks,,Frederick Hicks
4162,2022,2022,1,1,,,1,,0,True,False,0,1,,0.0,0,0,0.0,0,0,1,0,1,0,1,0,4162.0,Kari Warren,,Kari Warren
4163,2022,2022,1,1,,,1,,0,True,False,0,1,,0.0,0,0,0.0,0,0,1,0,1,0,1,0,4163.0,Gregory Patton,,Gregory Patton
4164,2022,2022,1,1,,,1,,0,True,False,0,1,,0.0,0,0,0.0,0,0,1,0,1,0,1,0,4164.0,Shelby Contreras,,Shelby Contreras
4170,2030,2030,1,1,,,1,,0,True,True,1,1,,0.0,0,0,0.0,0,0,1,0,1,0,2,0,4170.0,Na Zhu,,Na Zhu
4171,2013,2026,4,4,2026,2026,3,13,13,True,False,0,10,14,0.0,0,0,0.5,0,0,1,0,1,0,1,0,4171.0,Yong Yao,,Yong Yao
4173,2017,2017,1,1,,,1,,0,True,False,0,3,,0.0,0,0,0.0,0,0,0,0,0,1,2,0,4173.0,Fang Chen,,Fang Chen
4174,2017,2017,1,1,,,1,,0,True,False,0,3,,0.0,0,0,0.0,0,0,0,0,0,1,1,0,4174.0,Ming Jia,,Ming Jia
4175,2017,2017,1,1,,,1,,0,True,False,0,3,,0.0,0,0,0.0,0,0,0,0,0,1,1,0,4175.0,Lei Zhu,,Lei Zhu
4176,2017,2024,2,1,,,2,,7,True,False,0,3,,0.0,0,0,0.0,0,0,0,0,0,1,2,0,4176.0,Tao Yin,,Tao Yin
4179,2019,2019,1,1,,,1,,0,True,False,0,0,,0.0,0,0,0.0,0,0,2,0,2,0,2,0,4179.0,Eugene Turner,,Eugene Turner
4181,2020,2023,3,3,,,3,,3,True,False,0,5,,0.0,7,0,3.0,0,0,4,0,4,1,1,0,4181.0,Xiulan Xue,,Xiulan Xue
4182,2019,2019,1,1,,,1,,0,True,False,0,0,,0.0,0,0,0.0,0,0,2,0,2,0,1,0,4182.0,Juan Ding,,Juan Ding
4184,2023,2023,1,1,,,1,,0,True,False,0,3,,0.0,2,0,0.0,0,0,2,0,2,0,1,0,4184.0,Chao Yan,,Chao Yan
4185,2020,2025,5,5,,,4,,5,True,False,0,5,,0.0,4,0,1.1842105263157894,1,0,6,0,6,1,3,1,4185.0,Na Ren,,Na Ren
4189,1991,2020,3,3,,,2,,29,True,False,0,5,,0.0,1,0,0.034482758620689655,0,0,2,0,2,0,2,0,4189.0,Artur Nurkiewicz,,Artur Nurkiewicz
4192,2022,2022,1,1,2022,2022,1,0,0,True,False,0,1,18,0.0,0,0,0.0,0,0,0,0,0,0,2,0,4192.0,Nino Canova-Esposito,,Nino Canova-Esposito
4195,2026,2026,1,1,,,1,,0,True,True,0,3,,0.0,0,0,0.0,0,0,1,0,1,0,2,0,4195.0,Holly Garcia,,Holly Garcia
4196,2010,2026,2,2,,,2,,16,True,False,0,3,,0.0,1,0,0.5,0,0,2,0,2,0,1,0,4196.0,Min Lei,,Min Lei
4197,2026,2026,1,1,,,1,,0,True,True,0,3,,0.0,0,0,0.0,0,0,1,0,1,0,1,0,4197.0,Na Gu,,Na Gu
4198,2026,2026,1,1,,,1,,0,True,True,0,3,,0.0,0,0,0.0,0,0,1,0,1,0,1,0,4198.0,David Moore,,David Moore
4199,2026,2026,1,1,,,1,,0,True,True,0,3,,0.0,0,0,0.0,0,0,1,0,1,0,1,0,4199.0,Jun Shao,,Jun Shao
4200,2026,2026,1,1,,,1,,0,True,True,0,3,,0.0,0,0,0.0,0,0,1,0,1,0,1,0,4200.0,Jeremy Watkins,,Jeremy Watkins
4201,2026,2026,2,2,,,2,,0,True,True,0,6,,0.0,0,0,0.0,0,0,2,0,2,0,1,0,4201.0,Na Hao,,Na Hao
4202,2026,2026,1,1,,,1,,0,True,True,0,3,,0.0,0,0,0.0,0,0,1,0,1,0,1,0,4202.0,Candice Avila,,Candice Avila
4203,2026,2026,1,1,,,1,,0,True,True,0,3,,0.0,0,0,0.0,0,0,1,0,1,0,1,0,4203.0,Tao Yu,,Tao Yu
4205,1991,1991,1,1,,,1,,0,True,False,0,1,,0.0,0,0,0.0,0,0,1,0,1,1,2,0,4205.0,Janna Holt,,Janna Holt
4209,2023,2029,2,2,,,2,,6,True,False,0,1,,0.0,1,0,0.5,0,0,1,0,1,0,1,0,4209.0,Justin Wagner,,Justin Wagner
4210,2023,2029,3,3,,,3,,6,True,False,0,2,,0.0,0,0,0.5,0,0,1,0,1,0,2,0,4210.0,Barbara Mckee,,Barbara Mckee
4211,2023,2023,1,1,,,1,,0,True,False,0,0,,0.0,1,0,0.0,0,0,1,0,1,0,1,0,4211.0,Gang Mao,,Gang Mao
4213,2018,2018,1,1,,,1,,0,True,False,0,0,,0.0,0,0,0.0,0,0,0,0,0,0,2,0,4213.0,Anna Coleman,,Anna Coleman
4215,2018,2018,1,1,,,1,,0,True,False,0,0,,0.0,0,0,0.0,0,0,0,0,0,0,1,0,4215.0,Deborah Odonnell,,Deborah Odonnell
4217,2013,2013,1,1,,,1,,0,True,False,0,1,,0.0,0,0,0.0,0,0,1,0,1,0,1,0,4217.0,Qiang Du,,Qiang Du
4219,2013,2013,2,2,,,2,,0,True,False,0,2,,0.0,0,0,0.0,0,0,1,0,1,0,1,0,4219.0,Lei Fan,,Lei Fan
4220,2013,2014,2,2,2014,2014,2,1,1,True,False,0,1,26,0.0,0,0,5.0,0,0,2,0,2,0,2,0,4220.0,Jing Shi,,Jing Shi
4223,1991,1991,1,1,,,1,,0,True,False,0,0,,0.0,0,0,0.0,0,0,1,0,1,0,1,0,4223.0,Warren Fleming, Cipher, Cipher
4224,1991,1991,1,1,,,1,,0,True,False,0,0,,0.0,0,0,0.0,0,0,1,0,1,0,1,0,4224.0,Mackenzie Greene,,Mackenzie Greene
4230,1995,1995,1,1,,,1,,0,True,False,0,0,,0.0,0,0,0.0,0,0,1,0,1,0,1,0,4230.0,Ivana Bains,,Ivana Bains
4231,1991,2013,4,4,,,2,,22,True,False,0,5,,0.0,0,0,0.0,0,0,2,0,2,1,3,0,4231.0,Jonathan Poole,,Jonathan Poole
4234,2022,2022,1,1,,,1,,0,True,False,0,1,,0.0,0,0,0.0,0,0,1,0,1,0,1,0,4234.0,Chao Yao,The Lunar Manifesto,The Lunar Manifesto
4235,2022,2022,1,1,,,1,,0,True,False,0,1,,0.0,0,0,0.0,0,0,1,0,1,0,1,0,4235.0,Xia Hou,,Xia Hou
4236,2024,2024,1,0,,,1,,0,True,False,0,1,,0.0,0,0,0.0,0,0,1,0,1,0,2,0,4236.0,Jun Yang,,Jun Yang
4237,2022,2024,2,1,,,1,,2,True,False,0,2,,0.0,0,0,1.5,0,0,1,0,1,0,2,0,4237.0,Min Han,,Min Han
4238,2022,2022,1,1,,,1,,0,True,False,0,1,,0.0,0,0,0.0,0,0,1,0,1,0,1,0,4238.0,Jing Tang,,Jing Tang
4240,2026,2026,1,1,2026,2026,1,0,0,True,True,0,2,14,0.0,0,0,0.0,0,0,1,0,1,1,1,0,4240.0,Frau Melissa Neuschäfer, Grace, Grace
4241,2026,2026,2,2,2026,2026,2,0,0,True,True,0,3,14,0.0,0,0,0.0,0,0,1,0,1,2,1,0,4241.0,Margrit Stiffel,,Margrit Stiffel
4242,2026,2026,2,2,2026,2026,2,0,0,True,True,0,3,14,0.0,0,0,0.0,0,0,1,0,1,2,2,0,4242.0,Gerold Mangold,,Gerold Mangold
4244,2025,2027,2,2,,,1,,2,True,True,0,3,,0.0,0,0,1.5,0,0,1,0,1,0,1,0,4244.0,Lei Bai,,Lei Bai
4245,2025,2027,2,2,,,1,,2,True,True,0,3,,0.0,0,0,1.5,0,0,1,0,1,0,1,0,4245.0,Ping Zhou,,Ping Zhou
4246,2025,2027,2,2,,,1,,2,True,True,0,3,,0.0,0,0,1.5,0,0,1,0,1,0,1,0,4246.0,Juan Mo,,Juan Mo
4248,2025,2025,1,1,,,1,,0,True,True,0,1,,0.0,0,0,0.0,0,0,1,0,1,0,2,0,4248.0,Ming Mao,,Ming Mao
4252,2003,2003,1,1,,,1,,0,True,False,0,4,,0.0,1,0,0.0,0,0,1,0,1,0,1,0,4252.0,Saira Bose,,Saira Bose
4255,2024,2029,3,3,,,3,,5,True,False,0,15,,0.0,4,0,1.6,0,0,1,1,2,2,2,0,4255.0,Guiying Zhou,,Guiying Zhou
4256,2024,2029,3,3,,,3,,5,True,False,0,14,,0.0,4,0,1.8,0,0,1,1,2,2,1,1,4256.0,Ming Ding,,Ming Ding
4257,2024,2029,2,2,,,2,,5,True,False,0,12,,0.0,4,0,1.0,0,0,1,1,2,2,2,0,4257.0,Xiulan Zhao,,Xiulan Zhao
4258,2024,2029,2,2,,,2,,5,True,False,0,11,,0.0,4,0,1.0,0,0,1,1,2,2,1,1,4258.0,Lei Fu,,Lei Fu
4259,2023,2029,6,6,,,6,,6,True,False,0,29,,0.0,5,0,2.5824175824175826,0,0,5,1,6,4,2,0,4259.0,Jie Tao,,Jie Tao
4262,2029,2029,1,1,,,1,,0,True,True,0,2,,0.0,0,0,0.0,0,0,0,0,0,1,1,0,4262.0,Jacob Orr, Silver Crane, Silver Crane
4263,2029,2029,1,1,,,1,,0,True,True,0,2,,0.0,0,0,0.0,0,0,0,0,0,1,1,0,4263.0,Amy Conway,,Amy Conway
4264,2029,2029,1,1,,,1,,0,True,True,0,2,,0.0,0,0,0.0,0,0,0,0,0,1,1,0,4264.0,Kelly Jackson,,Kelly Jackson
4265,2029,2029,1,1,,,1,,0,True,True,0,2,,0.0,0,0,0.0,0,0,0,0,0,1,1,0,4265.0,Christopher Jones,,Christopher Jones
4266,2029,2029,1,1,,,1,,0,True,True,0,2,,0.0,0,0,0.0,0,0,0,0,0,1,2,0,4266.0,Daniel Johnson,,Daniel Johnson
4267,2029,2029,1,1,,,1,,0,True,True,0,2,,0.0,0,0,0.0,0,0,0,0,0,1,1,0,4267.0,Mary Lewis,,Mary Lewis
4268,2029,2029,1,1,,,1,,0,True,True,0,2,,0.0,0,0,0.0,0,0,0,0,0,1,1,0,4268.0,Ashley Logan,,Ashley Logan
4272,2020,2020,1,0,,,1,,0,True,False,0,1,,0.0,0,0,0.0,0,0,1,0,1,1,3,0,4272.0,John Hayes,,John Hayes
4274,2026,2026,1,0,,,1,,0,True,True,0,1,,0.0,0,0,0.0,0,0,1,0,1,0,1,0,4274.0,Indrans Vyas,,Indrans Vyas
4275,2026,2026,1,0,,,1,,0,True,True,0,1,,0.0,0,0,0.0,0,0,1,0,1,0,1,0,4275.0,Gokul Kapur,,Gokul Kapur
4276,2026,2026,1,0,,,1,,0,True,True,0,1,,0.0,0,0,0.0,0,0,1,0,1,0,1,0,4276.0,Saira Kala,,Saira Kala
4277,2026,2026,1,0,,,1,,0,True,True,0,1,,0.0,0,0,0.0,0,0,1,0,1,0,1,0,4277.0,Riaan Kalla,,Riaan Kalla
4278,2026,2026,1,0,,,1,,0,True,True,0,1,,0.0,0,0,0.0,0,0,1,0,1,0,2,0,4278.0,Dishani Sundaram,,Dishani Sundaram
4282,2020,2026,2,2,,,2,,6,True,False,0,2,,0.0,0,0,0.0,0,0,1,0,1,0,3,0,4282.0,Becky Walters,,Becky Walters
4284,2012,2020,5,5,2018,2018,2,6,8,True,False,0,17,22,0.0,4,0,1.8043478260869565,1,0,3,1,4,1,2,0,4284.0,Tarini Hans,,Tarini Hans
4285,2006,2022,9,8,2022,2022,3,16,16,True,False,0,27,18,0.0,4,0,1.2867768595041322,1,0,3,1,4,3,2,0,4285.0,Navya Sastry,,Navya Sastry
4287,2006,2018,8,7,2018,2018,1,12,12,True,False,0,20,22,0.0,4,0,1.7534246575342465,1,0,3,0,3,1,2,0,4287.0,Kashvi Dhillon,,Kashvi Dhillon
4290,2017,2020,2,2,,,1,,3,True,False,0,3,,0.0,0,0,1.0,0,0,1,0,1,0,2,0,4290.0,Gang Hu,,Gang Hu
4291,2017,2017,1,1,,,1,,0,True,False,0,2,,0.0,0,0,0.0,0,0,1,0,1,0,2,0,4291.0,Tao Meng,,Tao Meng
4292,2017,2017,1,1,,,1,,0,True,False,0,2,,0.0,0,0,0.0,0,0,1,0,1,0,1,0,4292.0,Jing Qiu,,Jing Qiu
4295,2020,2020,1,1,,,1,,0,True,False,0,0,,0.0,0,0,0.0,0,0,1,0,1,0,1,0,4295.0,Wei Lei,,Wei Lei
4296,2020,2020,1,1,,,1,,0,True,False,0,0,,0.0,0,0,0.0,0,0,1,0,1,0,2,0,4296.0,Yong Ma,,Yong Ma
4297,2020,2020,1,1,,,1,,0,True,False,0,0,,0.0,0,0,0.0,0,0,1,0,1,0,1,0,4297.0,Na Zeng,,Na Zeng
4298,2020,2029,2,2,,,2,,9,True,False,0,11,,0.0,1,0,0.4444444444444444,0,0,3,0,3,0,1,6,4298.0,Qiang Yuan,,Qiang Yuan
4300,1997,1997,1,1,,,1,,0,True,False,0,0,,0.0,2,0,0.0,0,0,2,0,2,0,2,0,4300.0,Pamela Johnson,,Pamela Johnson
4302,2030,2030,1,0,,,1,,0,True,True,0,6,,0.0,0,0,0.0,0,0,1,0,1,0,1,5,4302.0,Guiying Tao,,Guiying Tao
4303,2030,2030,1,0,,,1,,0,True,True,0,6,,0.0,0,0,0.0,0,0,1,0,1,0,1,5,4303.0,Xiuying Cai,,Xiuying Cai
4304,2030,2030,1,0,,,1,,0,True,True,0,6,,0.0,0,0,0.0,0,0,1,0,1,0,2,5,4304.0,Jun Liu,,Jun Liu
4307,2020,2020,1,1,,,1,,0,True,False,0,0,,0.0,1,0,0.0,0,0,2,0,2,0,1,0,4307.0,Juan Hu,,Juan Hu
4309,2020,2020,1,1,,,1,,0,True,False,0,0,,0.0,1,0,0.0,0,0,2,0,2,0,2,0,4309.0,Wei Cao,,Wei Cao
4310,2020,2020,1,1,,,1,,0,True,False,0,0,,0.0,1,0,0.0,0,0,2,0,2,0,1,0,4310.0,Na Qiu,,Na Qiu
4312,2020,2020,1,1,,,1,,0,True,False,0,0,,0.0,1,0,0.0,0,0,2,0,2,0,1,0,4312.0,Jun Shen,,Jun Shen
4315,2013,2013,1,1,2013,2013,1,0,0,True,False,0,1,27,0.0,0,0,0.0,0,0,1,0,1,0,1,0,4315.0,Gaja Powierża,,Gaja Powierża
4317,2011,2011,1,1,,,1,,0,True,False,0,2,,0.0,1,0,0.0,0,0,1,0,1,0,3,0,4317.0,Juan Ding,,Juan Ding
4318,2011,2011,1,1,,,1,,0,True,False,0,2,,0.0,1,0,0.0,0,0,1,0,1,0,2,0,4318.0,Ming Liang,,Ming Liang
4319,2011,2024,3,3,,,1,,13,True,False,0,5,,0.0,0,0,0.33812949640287776,0,0,1,0,1,0,1,0,4319.0,Xiulan Tao,,Xiulan Tao
4320,2011,2014,2,2,,,1,,3,True,False,0,4,,0.0,1,0,1.0,0,0,1,0,1,0,2,0,4320.0,Ming Tian,,Ming Tian
4324,2017,2017,1,1,,,1,,0,True,False,0,1,,0.0,0,0,0.0,0,0,1,0,1,0,1,0,4324.0,Xiulan Dong,,Xiulan Dong
4325,2017,2017,1,1,,,1,,0,True,False,0,1,,0.0,0,0,0.0,0,0,1,0,1,0,1,0,4325.0,Yong Qian,,Yong Qian
4326,2017,2017,1,1,,,1,,0,True,False,0,1,,0.0,0,0,0.0,0,0,1,0,1,0,1,0,4326.0,Chao Wang,,Chao Wang
4327,2004,2024,2,2,2024,2024,1,20,20,True,False,0,2,16,0.0,2,0,0.2,0,0,1,0,1,0,1,0,4327.0,Jing Kang,,Jing Kang
4329,2026,2026,1,1,,,1,,0,True,True,0,1,,0.0,0,0,0.0,0,0,0,0,0,0,1,0,4329.0,Ming Dai,,Ming Dai
4333,2028,2028,1,1,2028,2028,1,0,0,True,True,0,1,12,0.0,0,0,0.0,0,0,1,0,1,0,3,0,4333.0,Klara Bisaga,,Klara Bisaga
4336,1985,1991,2,2,,,1,,6,True,False,0,1,,0.0,1,0,0.0,0,0,3,0,3,0,2,0,4336.0,Julian Biegała,,Julian Biegała
4340,2029,2029,1,1,,,1,,0,True,True,0,2,,0.0,0,0,0.0,0,0,1,0,1,0,1,0,4340.0,Richard Kaiser,,Richard Kaiser
4343,2015,2018,2,2,2015,2015,1,0,3,True,False,0,1,25,0.0,1,0,0.6666666666666666,0,0,1,0,1,1,1,0,4343.0,Ping Yuan,,Ping Yuan
4344,2015,2018,2,2,2015,2015,1,0,3,True,False,0,1,25,0.0,1,0,0.6666666666666666,0,0,1,0,1,1,2,0,4344.0,Jun Mao,,Jun Mao
4346,2015,2015,1,1,2015,2015,1,0,0,True,False,0,0,25,0.0,1,0,0.0,0,0,1,0,1,0,2,0,4346.0,Fang Ding,,Fang Ding
4347,2013,2018,5,5,2013,2015,2,0,5,True,False,0,6,25,0.0,4,0,1.5263157894736843,0,0,4,1,5,1,2,0,4347.0,Tao Ye,,Tao Ye
4349,2004,2010,2,2,,,1,,6,True,False,0,1,,0.0,2,0,0.6666666666666666,0,0,1,0,1,0,2,1,4349.0,Zoé-Agnès Delaunay,,Zoé-Agnès Delaunay
4350,2004,2007,2,2,,,1,,3,True,False,0,1,,0.0,2,0,1.0,0,0,1,0,1,0,1,1,4350.0,Thibault Hardy,,Thibault Hardy
4351,2004,2010,3,3,,,1,,6,True,False,0,2,,0.0,1,0,1.1666666666666667,0,0,1,0,1,0,3,2,4351.0,Alfred Thibault,,Alfred Thibault
4353,2028,2028,1,1,,,1,,0,True,True,0,1,,0.0,0,0,0.0,0,0,2,0,2,0,1,0,4353.0,Yang Mo,,Yang Mo
4354,2028,2029,2,2,,,2,,1,True,True,0,5,,0.0,1,0,4.0,0,0,2,0,2,1,2,2,4354.0,Ping Wu,,Ping Wu
4355,2024,2029,2,2,2040,2040,2,16,5,True,False,0,6,0,1.0,1,0,0.8,0,0,2,1,3,1,2,3,4355.0,Ping Peng,,Ping Peng
4356,2018,2029,5,5,2040,2040,4,22,11,True,False,0,7,0,1.0,1,0,1.5,0,0,4,1,5,1,3,3,4356.0,Xia Jia,,Xia Jia
4358,2004,2004,1,1,,,1,,0,True,False,0,1,,0.0,1,0,0.0,0,0,1,0,1,0,2,0,4358.0,Xia Du,,Xia Du
4359,2004,2004,1,1,,,1,,0,True,False,0,1,,0.0,1,0,0.0,0,0,1,0,1,0,1,0,4359.0,Xia Zheng,,Xia Zheng
4360,2004,2004,1,1,,,1,,0,True,False,0,1,,0.0,1,0,0.0,0,0,1,0,1,0,1,0,4360.0,Guiying Lin,,Guiying Lin
4363,2013,2013,1,1,,,1,,0,True,False,0,0,,0.0,0,0,0.0,0,0,1,0,1,0,1,0,4363.0,Troy Ruiz,,Troy Ruiz
4364,2013,2013,1,1,,,1,,0,True,False,0,0,,0.0,0,0,0.0,0,0,1,0,1,0,1,0,4364.0,Joseph Beltran,,Joseph Beltran
4369,2029,2029,1,1,2029,2029,1,0,0,True,True,0,5,11,0.0,0,0,0.0,0,0,1,0,1,3,1,0,4369.0,Manuel Morrison,,Manuel Morrison
4371,2029,2029,1,1,2029,2029,1,0,0,True,True,0,5,11,0.0,0,0,0.0,0,0,1,0,1,3,2,0,4371.0,Nancy Myers,,Nancy Myers
4373,2022,2022,1,1,,,1,,0,True,False,0,2,,0.0,0,0,0.0,0,0,1,0,1,0,2,0,4373.0,Yashvi Bahri,,Yashvi Bahri
4374,2022,2022,1,1,,,1,,0,True,False,0,2,,0.0,0,0,0.0,0,0,1,0,1,0,1,0,4374.0,Chao Yin,,Chao Yin
4375,2022,2022,1,1,,,1,,0,True,False,0,2,,0.0,0,0,0.0,0,0,1,0,1,0,1,0,4375.0,Matthew Mitchell,,Matthew Mitchell
4376,2022,2022,1,1,2022,2022,1,0,0,True,False,0,1,18,0.0,0,0,0.0,0,0,1,0,1,0,1,0,4376.0,Roger Orozco,,Roger Orozco
4380,2019,2031,2,2,,,2,,12,True,False,1,4,,0.0,0,0,0.0,0,0,4,0,4,0,2,0,4380.0,Carolyn Hall,,Carolyn Hall
4382,2023,2023,1,1,2023,2023,1,0,0,True,False,0,0,17,0.0,0,0,0.0,0,0,1,0,1,0,1,0,4382.0,Joseph Preston, Jack Rivers, Jack Rivers
4383,2023,2023,1,1,2023,2023,1,0,0,True,False,0,0,17,0.0,0,0,0.0,0,0,1,0,1,0,1,0,4383.0,Brittany Mueller, DR3AMER, DR3AMER
4385,2023,2023,1,1,2023,2023,1,0,0,True,False,0,0,17,0.0,0,0,0.0,0,0,1,0,1,0,2,0,4385.0,Tracey Murphy,,Tracey Murphy
4386,2023,2028,2,2,2023,2023,1,0,5,True,False,0,1,17,0.0,0,0,0.6,0,0,2,0,2,0,2,0,4386.0,Bertram Hübel,,Bertram Hübel
4387,2023,2023,1,1,2023,2023,1,0,0,True,False,0,0,17,0.0,0,0,0.0,0,0,1,0,1,0,1,0,4387.0,Sarah Wright,,Sarah Wright
4388,2023,2023,1,1,2023,2023,1,0,0,True,False,0,0,17,0.0,0,0,0.0,0,0,1,0,1,0,1,0,4388.0,Sarah Phillips,,Sarah Phillips
4389,2023,2023,1,1,2023,2023,1,0,0,True,False,0,0,17,0.0,0,0,0.0,0,0,1,0,1,0,1,0,4389.0,Holly Young,,Holly Young
4390,2023,2023,1,1,2023,2023,1,0,0,True,False,0,0,17,0.0,0,0,0.0,0,0,1,0,1,0,1,0,4390.0,Joshua Cobb,,Joshua Cobb
4394,2022,2030,4,4,2029,2029,2,7,8,True,False,1,10,11,0.0,2,0,1.2560975609756098,0,0,2,1,3,0,2,9,4394.0,Xiuying Li,,Xiuying Li
4395,2022,2030,4,4,2029,2029,2,7,8,True,False,1,10,11,0.0,2,0,1.2560975609756098,0,0,2,1,3,0,2,9,4395.0,Xia Cui,,Xia Cui
4396,2029,2029,1,1,2029,2029,1,0,0,True,True,0,2,11,0.0,3,0,0.0,0,0,1,0,1,0,1,2,4396.0,Tao Yin,,Tao Yin
4397,2025,2030,2,2,,,1,,5,True,True,1,7,,0.0,3,0,0.8,0,0,2,1,3,0,1,6,4397.0,Lei Shen,,Lei Shen
4398,2029,2029,1,1,2029,2029,1,0,0,True,True,0,2,11,0.0,3,0,0.0,0,0,1,0,1,0,2,2,4398.0,Na Ren,,Na Ren
4401,2013,2029,3,3,,,3,,16,True,False,0,8,,0.0,2,0,0.9585492227979274,0,0,4,0,4,1,2,0,4401.0,Malwina Penar,,Malwina Penar
4403,2013,2028,4,4,,,3,,15,True,False,0,10,,0.0,3,0,1.4526627218934913,0,0,6,0,6,1,1,0,4403.0,Mariah Ramirez,,Mariah Ramirez
4407,2013,2013,1,1,,,1,,0,True,False,0,1,,0.0,0,0,0.0,1,0,2,0,2,0,1,0,4407.0,Kimberly Fernandez,,Kimberly Fernandez
4412,1991,2026,9,9,,,4,,35,True,False,0,9,,0.0,3,0,0.13440860215053763,0,0,6,0,6,0,3,0,4412.0,Yuta Tanaka,,Yuta Tanaka
4416,2013,2013,1,1,,,1,,0,True,False,0,1,,0.0,4,0,0.0,0,0,2,0,2,0,2,0,4416.0,Jun Pan,,Jun Pan
4417,2013,2013,1,1,,,1,,0,True,False,0,1,,0.0,4,0,0.0,0,0,2,0,2,0,2,0,4417.0,Li Hou,,Li Hou
4418,2007,2027,6,6,,,5,,20,True,False,0,8,,0.0,7,0,0.7039563437926328,0,0,2,0,2,0,2,1,4418.0,Jun Fang,,Jun Fang
4419,2007,2029,4,4,2007,2007,3,0,22,True,False,0,6,33,0.0,6,0,0.7190721649484538,0,0,5,0,5,1,1,0,4419.0,Meike van Boven,,Meike van Boven
4422,2026,2026,1,1,,,1,,0,True,True,0,2,,0.0,0,0,0.0,0,0,1,0,1,0,1,0,4422.0,Lei Cao,,Lei Cao
4423,2026,2029,2,2,,,2,,3,True,True,0,7,,0.0,1,0,1.3333333333333333,0,0,1,0,1,1,1,0,4423.0,Fang Dong,,Fang Dong
4424,2026,2029,2,2,,,2,,3,True,True,0,7,,0.0,1,0,1.3333333333333333,0,0,1,0,1,1,1,0,4424.0,Na Chang,,Na Chang
4426,2000,2000,1,1,,,1,,0,True,False,0,0,,0.0,1,0,0.0,0,0,1,0,1,0,2,0,4426.0,Thierry Labbé,,Thierry Labbé
4428,2010,2010,1,1,,,1,,0,True,False,0,1,,0.0,0,0,0.0,0,0,1,0,1,0,1,0,4428.0,Samuel Graham,,Samuel Graham
4431,2017,2017,1,1,,,1,,0,True,False,0,1,,0.0,0,0,0.0,0,0,1,0,1,0,2,0,4431.0,Janet Parks,,Janet Parks
4433,2005,2017,3,3,2007,2007,2,2,12,True,False,0,3,33,0.0,2,0,0.29032258064516137,0,0,1,0,1,2,2,0,4433.0,Dhanuk Hari, Marble Wolf, Marble Wolf
4434,2007,2026,3,3,2007,2007,2,0,19,True,False,0,6,33,0.0,2,0,0.21033210332103322,0,0,1,0,1,4,2,0,4434.0,Hansh Sidhu,Evoque,Evoque
4435,2005,2005,1,1,,,1,,0,True,False,0,0,,0.0,1,0,0.0,0,0,1,0,1,0,2,0,4435.0,Yakshit Toor,,Yakshit Toor
4437,2020,2020,1,1,,,1,,0,True,False,0,0,,0.0,2,0,0.0,0,0,2,0,2,0,1,0,4437.0,Gabriel Ferreira-Gillet,,Gabriel Ferreira-Gillet
4438,2010,2020,3,1,,,3,,10,True,False,0,1,,0.0,3,0,1.3,0,0,2,0,2,0,1,0,4438.0,William Roux,,William Roux
4439,2020,2020,1,1,,,1,,0,True,False,0,0,,0.0,2,0,0.0,0,0,2,0,2,0,2,0,4439.0,Tiffany Lee,,Tiffany Lee
4440,2020,2020,1,1,,,1,,0,True,False,0,0,,0.0,2,0,0.0,0,0,2,0,2,0,1,0,4440.0,Arthur Ollivier,,Arthur Ollivier
4441,2020,2020,2,1,,,2,,0,True,False,0,0,,0.0,2,0,0.0,0,0,2,0,2,0,1,0,4441.0,Maurice Mathieu,,Maurice Mathieu
4442,2020,2020,1,1,,,1,,0,True,False,0,0,,0.0,2,0,0.0,0,0,2,0,2,0,1,0,4442.0,Lucie Prévost du Rousset,,Lucie Prévost du Rousset
4443,2020,2020,1,1,,,1,,0,True,False,0,0,,0.0,2,0,0.0,0,0,2,0,2,0,1,0,4443.0,Alphonse-Jacques Ledoux,,Alphonse-Jacques Ledoux
4444,2020,2020,1,1,,,1,,0,True,False,0,0,,0.0,2,0,0.0,0,0,2,0,2,0,1,0,4444.0,Milo Badoer,,Milo Badoer
4445,2017,2027,5,4,2017,2024,4,0,10,True,False,0,5,16,0.0,6,0,1.8620689655172413,0,0,3,1,4,1,1,0,4445.0,Arnaude Joseph-Lacombe,,Arnaude Joseph-Lacombe
4446,2020,2020,1,1,,,1,,0,True,False,0,0,,0.0,2,0,0.0,0,0,2,0,2,0,1,0,4446.0,Adrien Boulay,,Adrien Boulay
4449,1975,1994,2,2,,,2,,19,True,False,0,1,,0.0,0,0,0.0,0,0,1,0,1,0,1,0,4449.0,Yang Mo,,Yang Mo
4450,1975,1975,1,1,,,1,,0,True,False,0,0,,0.0,0,0,0.0,0,0,1,0,1,0,2,0,4450.0,Ping Jiang,,Ping Jiang
4454,2013,2013,1,1,,,1,,0,True,False,0,0,,0.0,1,0,0.0,1,0,1,0,1,0,1,0,4454.0,Robert Allen,,Robert Allen
4455,2013,2013,1,1,,,1,,0,True,False,0,0,,0.0,1,0,0.0,1,0,1,0,1,0,1,0,4455.0,Lei Fang,,Lei Fang
4456,2013,2029,2,2,2029,2029,2,16,16,True,False,0,1,11,0.0,2,0,0.25,1,0,2,0,2,0,1,0,4456.0,Yang Chang,,Yang Chang
4460,2013,2013,1,1,,,1,,0,True,False,0,0,,0.0,0,0,0.0,0,0,1,0,1,0,1,0,4460.0,Na Shao,,Na Shao
4461,2013,2022,2,2,,,2,,9,True,False,0,0,,0.0,0,0,0.2222222222222222,0,0,1,0,1,0,1,0,4461.0,Ping Cao,,Ping Cao
4462,2013,2022,2,2,,,2,,9,True,False,0,0,,0.0,0,0,0.2222222222222222,0,0,1,0,1,0,2,0,4462.0,Li Xue,,Li Xue
4463,2013,2022,2,2,,,2,,9,True,False,0,0,,0.0,0,0,0.2222222222222222,0,0,1,0,1,0,1,0,4463.0,Juan Pan,,Juan Pan
4465,2017,2032,5,5,2026,2026,4,9,15,True,False,1,6,14,0.0,0,0,0.8716216216216216,0,0,5,0,5,0,2,1,4465.0,Qiang Song,,Qiang Song
4467,2028,2029,2,2,,,2,,1,True,True,0,3,,0.0,0,0,1.0,0,0,1,0,1,0,1,0,4467.0,Gang Zhao,,Gang Zhao
4468,2028,2028,1,1,,,1,,0,True,True,0,1,,0.0,0,0,0.0,0,0,1,0,1,0,1,0,4468.0,Xiulan Cheng,,Xiulan Cheng
4469,2028,2028,1,1,,,1,,0,True,True,0,1,,0.0,0,0,0.0,0,0,1,0,1,0,2,0,4469.0,Tao Dong,,Tao Dong
4470,2028,2029,2,2,,,2,,1,True,True,0,3,,0.0,0,0,1.0,0,0,1,0,1,0,2,0,4470.0,Min Hou,,Min Hou
4473,2023,2023,1,1,,,1,,0,True,False,0,1,,0.0,0,0,0.0,0,0,1,0,1,0,1,0,4473.0,Lori Montgomery,,Lori Montgomery
4475,2023,2023,1,1,,,1,,0,True,False,0,1,,0.0,0,0,0.0,0,0,1,0,1,0,2,0,4475.0,Chantal Gomes,,Chantal Gomes
4477,2027,2027,1,1,,,1,,0,True,True,0,1,,0.0,0,0,0.0,0,0,1,0,1,0,2,0,4477.0,Marisa Tresoldi,,Marisa Tresoldi
4478,2020,2027,2,2,,,2,,7,True,False,0,1,,0.0,0,0,0.0,1,0,1,0,1,0,2,0,4478.0,Vanessa Trevisani,,Vanessa Trevisani
4479,2027,2027,1,1,,,1,,0,True,True,0,1,,0.0,0,0,0.0,0,0,1,0,1,0,1,0,4479.0,Victoria Carpaccio,,Victoria Carpaccio
4483,1987,2013,4,4,,,2,,26,True,False,0,5,,0.0,0,0,0.0,0,0,3,0,3,0,3,0,4483.0,Catherine Prévost,,Catherine Prévost
4485,2023,2023,1,1,,,1,,0,True,False,0,1,,0.0,0,0,0.0,0,0,0,0,0,0,1,0,4485.0,Gang Deng,,Gang Deng
4486,2023,2023,1,1,,,1,,0,True,False,0,1,,0.0,0,0,0.0,0,0,0,0,0,0,1,0,4486.0,Jing Lei,,Jing Lei
4487,2023,2023,1,1,,,1,,0,True,False,0,1,,0.0,0,0,0.0,0,0,0,0,0,0,2,0,4487.0,Jing Lin,,Jing Lin
4490,2017,2017,1,1,,,1,,0,True,False,0,1,,0.0,0,0,0.0,0,0,1,0,1,0,2,0,4490.0,Kathryn Mcknight,,Kathryn Mcknight
4491,2017,2017,1,1,,,1,,0,True,False,0,1,,0.0,0,0,0.0,0,0,1,0,1,0,1,0,4491.0,Ping Song,,Ping Song
4494,2010,2018,3,3,,,2,,8,True,False,0,5,,0.0,0,0,0.34210526315789475,0,0,2,0,2,0,2,0,4494.0,Thomas Harrison,,Thomas Harrison
4495,2017,2018,2,2,,,1,,1,True,False,0,4,,0.0,1,0,1.0,0,0,2,0,2,0,2,0,4495.0,Michelle Davis,,Michelle Davis
4500,2023,2030,2,2,,,2,,7,True,False,1,9,,0.0,2,0,0.2857142857142857,0,0,1,0,1,2,2,0,4500.0,Emily Raymond,,Emily Raymond
4502,2007,2007,1,1,,,1,,0,True,False,0,1,,0.0,0,0,0.0,0,0,1,0,1,1,2,0,4502.0,Kimberly Alvarez,,Kimberly Alvarez
4503,2023,2026,4,4,2023,2026,3,0,3,True,False,0,11,14,0.0,5,0,2.6666666666666665,0,0,3,1,4,3,1,0,4503.0,Fredo Grossi,,Fredo Grossi
4504,2024,2024,1,1,,,1,,0,True,False,0,3,,0.0,0,0,0.0,0,0,1,0,1,0,2,0,4504.0,Charles Delahaye,,Charles Delahaye
4506,2028,2028,1,1,,,1,,0,True,True,0,1,,0.0,0,0,0.0,0,0,1,0,1,0,2,0,4506.0,Jose Manuel Quintana Borrell,,Jose Manuel Quintana Borrell
4507,2028,2028,1,1,,,1,,0,True,True,0,1,,0.0,0,0,0.0,0,0,1,0,1,0,1,0,4507.0,Alix Chevallier,,Alix Chevallier
4508,2026,2028,2,2,,,1,,2,True,True,0,2,,0.0,0,0,1.5,0,0,1,0,1,1,2,0,4508.0,Edward Siering,,Edward Siering
4514,2027,2027,1,1,2027,2027,1,0,0,True,True,0,1,13,0.0,0,0,0.0,0,0,1,0,1,0,2,0,4514.0,Kelly Clayton,,Kelly Clayton
4519,2007,2007,1,1,,,1,,0,True,False,0,0,,0.0,0,0,0.0,0,0,0,0,0,0,2,0,4519.0,Rodolfo Cutuli, Crimson Vale, Crimson Vale
4521,2007,2007,1,1,,,1,,0,True,False,0,0,,0.0,0,0,0.0,0,0,0,0,0,0,1,0,4521.0,Renata Parpinel,,Renata Parpinel
4522,2007,2007,1,1,,,1,,0,True,False,0,0,,0.0,0,0,0.0,0,0,0,0,0,0,1,0,4522.0,Giuliano Anastasi,,Giuliano Anastasi
4523,2007,2007,1,1,,,1,,0,True,False,0,0,,0.0,0,0,0.0,0,0,0,0,0,0,1,0,4523.0,Arthur Colas,,Arthur Colas
4524,2007,2007,1,1,,,1,,0,True,False,0,0,,0.0,0,0,0.0,0,0,0,0,0,0,1,0,4524.0,Luciano Maderna,,Luciano Maderna
4525,2007,2007,1,1,,,1,,0,True,False,0,0,,0.0,0,0,0.0,0,0,0,0,0,0,1,0,4525.0,Rosario Pujadas Barceló,,Rosario Pujadas Barceló
4526,2007,2007,1,1,,,1,,0,True,False,0,0,,0.0,0,0,0.0,0,0,0,0,0,0,1,0,4526.0,Paola Condoleo,,Paola Condoleo
4527,2007,2007,1,1,,,1,,0,True,False,0,0,,0.0,0,0,0.0,0,0,0,0,0,0,1,0,4527.0,Benvenuto Castiglione-Pulci,,Benvenuto Castiglione-Pulci
4529,2007,2007,1,1,,,1,,0,True,False,0,0,,0.0,0,0,0.0,0,0,0,0,0,0,1,0,4529.0,Bartolomeo Castellitto-Gritti,,Bartolomeo Castellitto-Gritti
4531,2007,2007,1,1,,,1,,0,True,False,0,0,,0.0,0,0,0.0,0,0,0,0,0,0,1,0,4531.0,Terri Thomas,,Terri Thomas
4535,2023,2023,1,1,,,1,,0,True,False,0,1,,0.0,2,0,0.0,0,0,2,0,2,0,1,0,4535.0,Kelsey Martinez,TRU VZN (True Vision),TRU VZN (True Vision)
4536,2023,2023,1,1,,,1,,0,True,False,0,1,,0.0,2,0,0.0,0,0,2,0,2,0,1,0,4536.0,Amy Coleman,,Amy Coleman
4537,2023,2023,1,1,,,1,,0,True,False,0,1,,0.0,2,0,0.0,0,0,2,0,2,0,1,0,4537.0,Elizabeth Newton PhD,,Elizabeth Newton PhD
4539,2018,2018,1,1,,,1,,0,True,False,0,0,,0.0,0,0,0.0,0,0,0,0,0,0,1,0,4539.0,Jorge Ross,,Jorge Ross
4542,2023,2023,1,1,,,1,,0,True,False,0,4,,0.0,0,0,0.0,0,0,2,0,2,1,1,0,4542.0,Anne Miles,DRAE 5000,DRAE 5000
4543,2023,2023,1,1,,,1,,0,True,False,0,4,,0.0,0,0,0.0,0,0,2,0,2,1,2,0,4543.0,Jun Liang,,Jun Liang
4545,2022,2023,2,2,,,1,,1,True,False,0,4,,0.0,0,0,3.0,0,0,2,0,2,1,1,0,4545.0,Gang Wan,,Gang Wan
4546,2023,2023,1,1,,,1,,0,True,False,0,4,,0.0,0,0,0.0,0,0,2,0,2,1,1,0,4546.0,Ping Lai,,Ping Lai
4549,2020,2020,1,1,2020,2020,1,0,0,True,False,0,2,20,0.0,1,0,0.0,0,0,1,0,1,1,1,0,4549.0,Ping Li,,Ping Li
4550,2007,2026,5,5,2007,2020,3,0,19,True,False,0,13,20,0.0,4,0,0.5921696574225122,0,0,4,0,4,4,3,0,4550.0,Aimée van Dijk,,Aimée van Dijk
4551,2007,2007,1,1,2007,2007,1,0,0,True,False,0,0,33,0.0,2,0,0.0,0,0,1,0,1,0,2,0,4551.0,Sander Veenstra,,Sander Veenstra
4553,2020,2020,1,1,2020,2020,1,0,0,True,False,0,2,20,0.0,1,0,0.0,0,0,1,0,1,1,1,0,4553.0,Tao Zeng,,Tao Zeng
4556,2014,2014,1,1,,,1,,0,True,False,0,0,,0.0,1,0,0.0,0,0,2,0,2,0,3,0,4556.0,Danny Craig,,Danny Craig
4558,2015,2015,1,1,,,1,,0,True,False,0,2,,0.0,0,0,0.0,0,0,1,0,1,0,2,0,4558.0,Jun Yin,,Jun Yin
4560,2023,2023,1,0,,,1,,0,True,False,0,1,,0.0,0,0,0.0,0,0,0,0,0,0,2,0,4560.0,Michael Potts,,Michael Potts
4563,2017,2017,1,1,,,1,,0,True,False,0,1,,0.0,0,0,0.0,0,0,1,0,1,1,2,0,4563.0,Laura Cohen,,Laura Cohen
4566,2004,2012,4,4,,,3,,8,True,False,0,3,,0.0,4,0,1.06,0,0,2,1,3,0,1,2,4566.0,Nicola Bernetti,,Nicola Bernetti
4567,2004,2012,6,6,,,4,,8,True,False,0,5,,0.0,4,0,1.4566929133858268,0,0,2,1,3,0,2,3,4567.0,Vincentio Gentili,,Vincentio Gentili
4568,2004,2007,4,4,,,3,,3,True,False,0,2,,0.0,4,0,2.214285714285714,0,0,1,1,2,0,2,1,4568.0,Guglielmo Canetta,,Guglielmo Canetta
4569,2004,2012,6,6,,,4,,8,True,False,0,5,,0.0,4,0,1.4566929133858268,0,0,2,1,3,0,1,3,4569.0,Serena Lettiere,,Serena Lettiere
4572,2007,2025,3,3,,,3,,18,True,False,0,3,,0.0,2,0,0.32142857142857145,0,0,1,1,2,0,1,0,4572.0,Janna Jäkel,,Janna Jäkel
4573,2007,2025,3,3,,,3,,18,True,False,0,3,,0.0,2,0,0.32142857142857145,0,0,1,1,2,0,2,0,4573.0,Edit Hethur,,Edit Hethur
4574,2013,2025,2,2,,,2,,12,True,False,0,3,,0.0,3,0,0.25,0,0,1,1,2,0,2,0,4574.0,Margit Sölzer,,Margit Sölzer
4577,2024,2030,3,3,2024,2025,1,0,6,True,False,1,4,15,0.0,0,0,0.693548387096774,0,0,2,0,2,1,2,0,4577.0,Julie Reynolds, Quantum Drift, Quantum Drift
4578,2024,2024,1,1,2024,2024,1,0,0,True,False,0,0,16,0.0,1,0,0.0,0,0,1,0,1,0,1,0,4578.0,Arhaan Batta,Arhaan,Arhaan
4579,2024,2025,2,2,2024,2025,1,0,1,True,False,0,2,15,0.0,1,0,3.0,0,0,2,0,2,0,2,0,4579.0,Kathryn Ward,,Kathryn Ward
4580,2025,2030,2,2,2025,2025,1,0,5,True,True,1,4,15,0.0,1,0,0.4,0,0,2,0,2,1,1,0,4580.0,Heidi Allen,,Heidi Allen
4585,1983,1983,1,1,,,1,,0,True,False,0,0,,0.0,0,0,0.0,0,0,1,0,1,0,1,0,4585.0,Cindy Smith,,Cindy Smith
4587,2023,2023,1,1,,,1,,0,True,False,0,0,,0.0,0,0,0.0,0,0,2,0,2,0,1,0,4587.0,Ashley Murphy,,Ashley Murphy
4588,2023,2023,1,1,,,1,,0,True,False,0,0,,0.0,0,0,0.0,0,0,2,0,2,0,1,0,4588.0,Kenneth West,,Kenneth West
4590,2023,2023,1,1,,,1,,0,True,False,0,0,,0.0,0,0,0.0,0,0,2,0,2,0,2,0,4590.0,Alex Ramsey,,Alex Ramsey
4591,2023,2023,1,1,,,1,,0,True,False,0,0,,0.0,0,0,0.0,0,0,2,0,2,0,1,0,4591.0,Fang Yang,,Fang Yang
4592,2023,2023,1,1,,,1,,0,True,False,0,0,,0.0,0,0,0.0,0,0,2,0,2,0,1,0,4592.0,Tao Xu,,Tao Xu
4594,2018,2018,1,1,,,1,,0,True,False,0,4,,0.0,1,0,0.0,0,0,1,0,1,0,1,0,4594.0,Austin Adams,,Austin Adams
4595,2018,2018,1,1,,,1,,0,True,False,0,4,,0.0,1,0,0.0,0,0,1,0,1,0,2,0,4595.0,Jeanette Wagner,,Jeanette Wagner
4597,2023,2027,2,1,,,2,,4,True,False,0,2,,0.0,0,0,0.5,0,0,1,0,1,0,2,0,4597.0,Juan Yao,,Juan Yao
4598,2023,2023,1,0,,,1,,0,True,False,0,0,,0.0,0,0,0.0,0,0,1,0,1,0,1,0,4598.0,Stephanie Roberts,,Stephanie Roberts
4599,2023,2023,1,0,,,1,,0,True,False,0,0,,0.0,0,0,0.0,0,0,1,0,1,0,1,0,4599.0,Yang Duan,,Yang Duan
4600,2023,2023,1,0,,,1,,0,True,False,0,0,,0.0,0,0,0.0,0,0,1,0,1,0,2,0,4600.0,Xiuying Meng,,Xiuying Meng
4601,2023,2027,2,1,,,2,,4,True,False,0,2,,0.0,0,0,0.5,0,0,1,0,1,0,2,0,4601.0,Fang Zhou,,Fang Zhou
4603,2010,2010,1,1,,,1,,0,True,False,0,2,,0.0,1,0,0.0,0,0,1,0,1,0,1,0,4603.0,Tammy Fields, Ruby Chase, Ruby Chase
4605,2017,2017,1,1,,,1,,0,True,False,0,0,,0.0,0,0,0.0,0,0,1,0,1,0,3,0,4605.0,Dorothée Rousset,,Dorothée Rousset
4608,2022,2028,5,5,,,3,,6,True,False,0,16,,0.0,5,0,2.6,0,0,5,1,6,1,2,0,4608.0,Wei Yuan,,Wei Yuan
4610,1997,1997,1,1,1997,1997,1,0,0,True,False,0,1,43,0.0,0,0,0.0,1,0,1,0,1,0,1,0,4610.0,Apolonia Chlebda,,Apolonia Chlebda
4611,1997,2010,2,2,1997,1997,2,0,13,True,False,0,2,43,0.0,1,0,0.15384615384615385,1,0,2,0,2,0,2,0,4611.0,Kamila Ornat,,Kamila Ornat
4616,2023,2023,1,1,2023,2023,1,0,0,True,False,0,1,17,0.0,0,0,0.0,0,0,1,0,1,0,1,0,4616.0,Yong Feng,,Yong Feng
4620,2017,2017,1,1,,,1,,0,True,False,0,1,,0.0,0,0,0.0,0,0,1,0,1,0,1,0,4620.0,Sherry Hernandez,,Sherry Hernandez
4621,2013,2013,1,1,,,1,,0,True,False,0,0,,0.0,0,0,0.0,0,0,1,0,1,0,2,0,4621.0,Caitlin Allen,,Caitlin Allen
4625,2010,2026,2,2,,,1,,16,True,False,0,5,,0.0,0,0,0.125,0,0,2,0,2,0,2,0,4625.0,Ming Bai,,Ming Bai
4627,2020,2024,2,2,,,2,,4,True,False,0,8,,0.0,2,0,1.0,0,0,1,0,1,2,1,0,4627.0,Lukas Waltrade Walderade-van Dam,,Lukas Waltrade Walderade-van Dam
4628,2020,2026,2,2,,,2,,6,True,False,0,8,,0.0,2,0,0.6666666666666666,0,0,2,0,2,2,1,0,4628.0,Jurre Kunen,,Jurre Kunen
4629,2020,2026,2,2,,,2,,6,True,False,0,8,,0.0,2,0,0.6666666666666666,0,0,2,0,2,2,1,0,4629.0,Mila Hellevoort-Robbrechts Bruijne,,Mila Hellevoort-Robbrechts Bruijne
4630,2020,2024,2,2,,,2,,4,True,False,0,8,,0.0,2,0,1.0,0,0,1,0,1,2,2,0,4630.0,Duuk Schokman,,Duuk Schokman
4632,2003,2029,5,5,,,3,,26,True,False,0,11,,0.0,3,0,0.14497528830313014,0,0,2,0,2,1,1,0,4632.0,Tao Zeng,,Tao Zeng
4633,2013,2029,5,5,2027,2027,3,14,16,True,False,0,10,13,0.0,3,0,0.35929648241206036,0,0,4,0,4,1,1,0,4633.0,Juan Gong,,Juan Gong
4635,2010,2010,1,1,,,1,,0,True,False,0,0,,0.0,0,0,0.0,0,0,1,0,1,0,2,0,4635.0,Min Zeng,,Min Zeng
4636,2010,2010,1,1,,,1,,0,True,False,0,0,,0.0,0,0,0.0,0,0,1,0,1,0,1,0,4636.0,Jun Zhu,,Jun Zhu
4637,2010,2010,1,1,,,1,,0,True,False,0,0,,0.0,0,0,0.0,0,0,1,0,1,0,1,0,4637.0,Lei He,,Lei He
4640,2026,2026,1,1,,,1,,0,True,True,0,2,,0.0,0,0,0.0,0,0,1,0,1,1,1,1,4640.0,Ashley Huang,,Ashley Huang
4641,2026,2026,1,1,,,1,,0,True,True,0,2,,0.0,0,0,0.0,0,0,1,0,1,1,1,1,4641.0,Alexandra King,,Alexandra King
4642,2026,2026,1,1,,,1,,0,True,True,0,2,,0.0,0,0,0.0,0,0,1,0,1,1,1,1,4642.0,Kirk Kemp,,Kirk Kemp
4643,2026,2026,1,1,,,1,,0,True,True,0,2,,0.0,0,0,0.0,0,0,1,0,1,1,2,1,4643.0,Jacob Romero,,Jacob Romero
4647,2029,2029,1,1,,,1,,0,True,True,0,1,,0.0,0,0,0.0,0,0,1,0,1,0,1,0,4647.0,William Bates,,William Bates
4648,2029,2029,1,1,,,1,,0,True,True,0,1,,0.0,0,0,0.0,0,0,1,0,1,0,1,0,4648.0,Brandy Chung PhD,,Brandy Chung PhD
4654,2014,2014,1,1,,,1,,0,True,False,0,0,,0.0,1,0,0.0,0,0,2,0,2,0,1,0,4654.0,Ming Zhou,,Ming Zhou
4656,2001,2014,2,2,,,1,,13,True,False,0,1,,0.0,1,0,0.0,0,0,4,0,4,0,1,0,4656.0,Tracy Lawson,,Tracy Lawson
4657,2000,2023,3,3,,,2,,23,True,False,0,1,,0.0,3,0,0.2109181141439206,0,0,4,0,4,1,3,0,4657.0,Li Zhao,,Li Zhao
4659,2023,2023,1,1,,,1,,0,True,False,0,2,,0.0,0,0,0.0,0,0,1,0,1,0,2,0,4659.0,Katherine Stevens,,Katherine Stevens
4662,2026,2026,1,1,,,1,,0,True,True,0,1,,0.0,4,0,0.0,0,0,2,0,2,0,2,0,4662.0,Enzio Garibaldi,,Enzio Garibaldi
4663,2026,2026,1,1,,,1,,0,True,True,0,1,,0.0,4,0,0.0,0,0,2,0,2,0,2,0,4663.0,Lori Henderson,,Lori Henderson
4664,2023,2026,4,4,2023,2026,3,0,3,True,False,0,11,14,0.0,5,0,2.6666666666666665,0,0,3,1,4,3,2,0,4664.0,Antonietta Ceravolo-Condoleo,,Antonietta Ceravolo-Condoleo
4665,2006,2026,4,4,2023,2023,2,17,20,True,False,0,8,17,0.0,7,0,0.6217765042979945,0,0,4,1,5,2,2,0,4665.0,Gino Michelangeli,,Gino Michelangeli
4668,2000,2000,1,1,,,1,,0,True,False,0,0,,0.0,1,0,0.0,0,0,1,0,1,0,1,0,4668.0,Edwin Binner,,Edwin Binner
4669,2000,2000,1,1,,,1,,0,True,False,0,0,,0.0,1,0,0.0,0,0,1,0,1,0,1,0,4669.0,Ian Jüttner,,Ian Jüttner
4670,2000,2015,2,2,,,2,,15,True,False,0,2,,0.0,1,0,0.4,0,0,2,0,2,1,1,0,4670.0,Tony Rhodes,,Tony Rhodes
4671,2000,2000,1,1,,,1,,0,True,False,0,0,,0.0,1,0,0.0,0,0,1,0,1,0,1,0,4671.0,Hansjoachim Sager,,Hansjoachim Sager
4672,2000,2000,1,1,,,1,,0,True,False,0,0,,0.0,1,0,0.0,0,0,1,0,1,0,1,0,4672.0,Joseph Parsons,,Joseph Parsons
4676,2020,2025,2,2,,,2,,5,True,False,0,3,,0.0,2,0,0.8,0,0,3,0,3,0,1,0,4676.0,Nicholas Garcia,,Nicholas Garcia
4677,2025,2025,1,1,,,1,,0,True,True,0,1,,0.0,2,0,0.0,0,0,2,0,2,0,2,0,4677.0,Jie Fu,,Jie Fu
4678,2020,2025,3,3,2020,2020,3,0,5,True,False,0,3,20,0.0,1,0,0.8,0,0,3,0,3,0,2,0,4678.0,Jun Han,,Jun Han
4679,2020,2025,2,2,,,2,,5,True,False,0,3,,0.0,2,0,0.8,0,0,3,0,3,0,1,0,4679.0,Kristin Floyd,,Kristin Floyd
4681,2017,2017,1,1,,,1,,0,True,False,0,1,,0.0,2,0,0.0,0,0,1,0,1,0,1,0,4681.0,Erica Padilla,,Erica Padilla
4682,2020,2026,2,2,,,1,,6,True,False,0,5,,0.0,1,0,0.3333333333333333,0,0,2,0,2,0,3,0,4682.0,Amy Tate,,Amy Tate
4683,2020,2026,2,2,,,1,,6,True,False,0,5,,0.0,1,0,0.3333333333333333,0,0,2,0,2,0,2,0,4683.0,Laura Clark,,Laura Clark
4685,1994,1994,1,1,1994,1994,1,0,0,True,False,0,0,46,0.0,0,0,0.0,0,0,1,0,1,0,1,0,4685.0,Ashley Castillo,,Ashley Castillo
4686,1994,1994,1,1,,,1,,0,True,False,0,3,,0.0,0,0,0.0,0,0,1,0,1,1,2,0,4686.0,Kristina Gonzales,,Kristina Gonzales
4688,2020,2020,1,1,,,1,,0,True,False,0,1,,0.0,0,0,0.0,0,0,1,0,1,0,2,0,4688.0,Karen Jackson,,Karen Jackson
4689,2020,2021,2,2,,,2,,1,True,False,0,2,,0.0,0,0,2.0,0,0,1,0,1,0,1,0,4689.0,William Coleman,,William Coleman
4691,2020,2021,2,2,,,2,,1,True,False,0,2,,0.0,0,0,2.0,0,0,1,0,1,0,1,0,4691.0,Kelli Williamson,,Kelli Williamson
4695,2023,2023,1,1,,,1,,0,True,False,0,0,,0.0,0,0,0.0,0,0,1,0,1,0,1,0,4695.0,Xiuying Jin,Feral Psalm,Feral Psalm
4696,2023,2023,1,1,,,1,,0,True,False,0,0,,0.0,0,0,0.0,0,0,1,0,1,0,1,0,4696.0,Qiang Xiang,,Qiang Xiang
4697,2023,2023,1,1,,,1,,0,True,False,0,0,,0.0,0,0,0.0,0,0,1,0,1,0,1,0,4697.0,Lei Yang,,Lei Yang
4699,2023,2023,1,1,,,1,,0,True,False,0,0,,0.0,0,0,0.0,0,0,1,0,1,0,2,0,4699.0,Qiang Yu,,Qiang Yu
4702,1994,2007,3,3,2007,2007,2,13,13,True,False,0,2,33,0.0,2,0,0.15384615384615385,0,0,1,0,1,0,2,0,4702.0,Nehmat Kanda,,Nehmat Kanda
4703,1994,2007,3,3,2007,2007,2,13,13,True,False,0,2,33,0.0,2,0,0.15384615384615385,0,0,1,0,1,0,1,0,4703.0,Inaaya Bhatia,,Inaaya Bhatia
4705,2028,2028,1,1,,,1,,0,True,True,0,2,,0.0,0,0,0.0,0,0,1,0,1,0,1,0,4705.0,Jun Huang,,Jun Huang
4706,2028,2028,1,1,,,1,,0,True,True,0,2,,0.0,0,0,0.0,0,0,1,0,1,0,1,0,4706.0,Fang Zhao,,Fang Zhao
4708,2028,2028,1,1,,,1,,0,True,True,0,2,,0.0,0,0,0.0,0,0,1,0,1,0,1,0,4708.0,Jing Long,,Jing Long
4709,2028,2028,1,1,,,1,,0,True,True,0,2,,0.0,0,0,0.0,0,0,1,0,1,0,1,0,4709.0,Min Long,,Min Long
4710,2026,2026,1,1,,,1,,0,True,True,0,1,,0.0,0,0,0.0,0,0,1,0,1,0,2,0,4710.0,Qiang Tian,,Qiang Tian
4712,2028,2028,1,1,,,1,,0,True,True,0,2,,0.0,0,0,0.0,0,0,1,0,1,0,2,0,4712.0,Ming Luo,,Ming Luo
4714,2000,2000,1,1,,,1,,0,True,False,0,0,,0.0,1,0,0.0,0,0,1,0,1,0,1,0,4714.0,Katie Anderson, Tony Steel, Tony Steel
4715,2000,2000,1,1,,,1,,0,True,False,0,0,,0.0,1,0,0.0,0,0,1,0,1,0,1,0,4715.0,Prerak Majumdar,,Prerak Majumdar
4716,2000,2007,2,2,,,2,,7,True,False,0,2,,0.0,1,0,0.42857142857142855,0,0,3,0,3,0,1,0,4716.0,Mary Maxwell,,Mary Maxwell
4717,2000,2000,1,1,,,1,,0,True,False,0,0,,0.0,1,0,0.0,0,0,1,0,1,0,1,0,4717.0,Yong Xie,,Yong Xie
4719,2023,2023,1,1,,,1,,0,True,False,0,3,,0.0,0,0,0.0,0,0,1,0,1,0,1,0,4719.0,Krystal Reese, Leo III, Leo III
4720,2023,2023,1,1,,,1,,0,True,False,0,3,,0.0,0,0,0.0,0,0,1,0,1,0,1,0,4720.0,Erica Shaffer,,Erica Shaffer
4727,2025,2026,2,2,2025,2025,2,0,1,True,True,0,3,15,0.0,0,0,0.0,0,0,2,0,2,1,2,0,4727.0,Min Wei,,Min Wei
4729,2017,2020,3,3,,,3,,3,True,False,0,2,,0.0,2,0,1.3333333333333333,0,0,2,1,3,0,2,0,4729.0,Ming Jiang,,Ming Jiang
4730,2017,2020,3,3,,,3,,3,True,False,0,2,,0.0,2,0,1.3333333333333333,0,0,2,1,3,0,1,0,4730.0,Gang Peng,,Gang Peng
4731,2017,2020,3,3,,,3,,3,True,False,0,2,,0.0,2,0,1.3333333333333333,0,0,2,1,3,0,2,0,4731.0,Li Duan,,Li Duan
4732,2017,2020,2,2,,,2,,3,True,False,0,1,,0.0,3,0,1.0,0,0,2,1,3,0,2,0,4732.0,Jun Jia,,Jun Jia
4735,2020,2020,1,1,,,1,,0,True,False,0,2,,0.0,0,0,0.0,0,0,0,0,0,0,2,0,4735.0,Michael Snyder,,Michael Snyder
4740,2010,2020,2,2,,,2,,10,True,False,0,6,,0.0,1,0,0.0,0,0,3,0,3,1,2,0,4740.0,Victoria Higgins,,Victoria Higgins
4743,2025,2025,1,1,,,1,,0,True,True,0,1,,0.0,0,0,0.0,0,0,0,0,0,0,1,0,4743.0,Min Jiang,,Min Jiang
4744,2025,2025,1,1,,,1,,0,True,True,0,1,,0.0,0,0,0.0,0,0,0,0,0,0,1,0,4744.0,Xiuying Kong,,Xiuying Kong
4745,2025,2025,1,1,,,1,,0,True,True,0,1,,0.0,0,0,0.0,0,0,0,0,0,0,2,0,4745.0,Juan Fang,,Juan Fang
4746,2025,2025,2,2,,,2,,0,True,True,0,1,,0.0,0,0,0.0,0,0,1,0,1,0,1,0,4746.0,Lei Zhong,,Lei Zhong
4750,1997,1997,1,1,,,1,,0,True,False,0,0,,0.0,1,0,0.0,1,0,1,0,1,0,1,0,4750.0,John Dean,,John Dean
4751,1997,1997,1,1,,,1,,0,True,False,0,0,,0.0,1,0,0.0,1,0,1,0,1,0,1,0,4751.0,Alejandra Gould,,Alejandra Gould
4753,2020,2028,4,4,,,3,,8,True,False,0,9,,0.0,2,0,1.0576923076923075,0,0,3,1,4,0,2,1,4753.0,Bartek Krężołek, Neon Ghost, Neon Ghost
4754,2020,2020,1,1,,,1,,0,True,False,0,1,,0.0,2,0,0.0,0,0,1,0,1,0,1,0,4754.0,Julita Kudełka,Julita,Julita
4755,2022,2028,2,2,,,2,,6,True,False,0,7,,0.0,3,0,0.8333333333333334,0,0,2,1,3,0,1,1,4755.0,Mikołaj Rosłoń,,Mikołaj Rosłoń
4756,2017,2028,4,4,,,3,,11,True,False,0,8,,0.0,2,0,1.0308880308880308,0,0,2,1,3,0,2,1,4756.0,Stefan Berus,,Stefan Berus
4759,2029,2029,1,1,,,1,,0,True,True,0,2,,0.0,0,0,0.0,0,0,2,0,2,0,1,0,4759.0,Fang Tao,,Fang Tao
4760,2029,2029,1,1,,,1,,0,True,True,0,2,,0.0,0,0,0.0,0,0,2,0,2,0,1,0,4760.0,Brent White,,Brent White
4761,2029,2029,1,1,,,1,,0,True,True,0,2,,0.0,0,0,0.0,0,0,2,0,2,0,1,0,4761.0,Qiang Zhou,,Qiang Zhou
4762,2010,2029,2,2,,,2,,19,True,False,0,5,,0.0,0,0,0.21052631578947367,0,0,3,0,3,1,2,0,4762.0,Edwin Hansen,,Edwin Hansen
4765,2024,2024,1,1,,,1,,0,True,False,0,1,,0.0,1,0,0.0,0,0,1,0,1,0,1,0,4765.0,Jun Gong,,Jun Gong
4766,2024,2024,1,1,,,1,,0,True,False,0,1,,0.0,1,0,0.0,0,0,1,0,1,0,1,0,4766.0,Min Dai,,Min Dai
4767,2008,2024,3,3,,,3,,16,True,False,0,1,,0.0,4,0,0.6442307692307693,0,0,4,0,4,0,2,0,4767.0,Min Gao,,Min Gao
4768,2024,2024,1,1,,,1,,0,True,False,0,1,,0.0,1,0,0.0,0,0,1,0,1,0,1,0,4768.0,Min Jiang,,Min Jiang
4769,2024,2024,1,1,,,1,,0,True,False,0,1,,0.0,1,0,0.0,0,0,1,0,1,0,1,0,4769.0,Qiang Yi,,Qiang Yi
4771,2007,2007,1,1,,,1,,0,True,False,0,0,,0.0,2,0,0.0,0,0,2,0,2,0,1,0,4771.0,Beverly Olsen,,Beverly Olsen
4772,2007,2007,1,1,,,1,,0,True,False,0,0,,0.0,2,0,0.0,0,0,2,0,2,0,1,0,4772.0,Rei Aoki,,Rei Aoki
4773,2007,2007,1,1,,,1,,0,True,False,0,0,,0.0,2,0,0.0,0,0,2,0,2,0,1,0,4773.0,Lisa Woods,,Lisa Woods
4775,2029,2029,1,1,,,1,,0,True,True,0,9,,0.0,1,0,0.0,0,0,1,0,1,1,1,0,4775.0,Sven Oude Heer,,Sven Oude Heer
4776,2017,2020,2,2,,,1,,3,True,False,0,15,,0.0,3,0,0.6666666666666666,0,0,1,1,2,4,2,0,4776.0,Michelle Vallenduuk,,Michelle Vallenduuk
4778,2014,2014,1,1,,,1,,0,True,False,0,1,,0.0,1,0,0.0,0,0,1,0,1,0,1,0,4778.0,Xia Duan,,Xia Duan
4780,2014,2014,1,1,,,1,,0,True,False,0,1,,0.0,1,0,0.0,0,0,1,0,1,0,1,0,4780.0,Ping Luo,,Ping Luo
4783,2002,2013,4,4,2002,2002,1,0,11,True,False,0,5,38,0.0,2,0,0.0,0,0,3,0,3,1,2,0,4783.0,Qiang Lei,,Qiang Lei
4785,2023,2023,1,1,,,1,,0,True,False,0,0,,0.0,0,0,0.0,0,0,1,0,1,0,1,0,4785.0,Jing Chen,,Jing Chen
4786,2023,2023,1,1,,,1,,0,True,False,0,0,,0.0,0,0,0.0,0,0,1,0,1,0,1,0,4786.0,Lei Dai,,Lei Dai
4787,2023,2023,1,1,,,1,,0,True,False,0,0,,0.0,0,0,0.0,0,0,1,0,1,0,1,0,4787.0,Gang Peng,,Gang Peng
4790,2019,2019,1,1,,,1,,0,True,False,0,0,,0.0,0,0,0.0,0,0,1,0,1,0,2,0,4790.0,Mary Barnes,,Mary Barnes
4791,2019,2019,1,1,,,1,,0,True,False,0,1,,0.0,0,0,0.0,0,0,1,0,1,0,2,0,4791.0,Diana Elliott,,Diana Elliott
4792,2019,2019,1,1,,,1,,0,True,False,0,1,,0.0,0,0,0.0,0,0,1,0,1,0,1,0,4792.0,Bruce Long,,Bruce Long
4793,2019,2019,2,2,,,1,,0,True,False,0,1,,0.0,0,0,0.0,0,0,2,0,2,0,1,0,4793.0,Noah Frazier Jr.,,Noah Frazier Jr.
4796,2029,2029,1,1,,,1,,0,True,True,0,2,,0.0,0,0,0.0,0,0,1,0,1,0,1,0,4796.0,Gang Jiang,Cosmic Noir,Cosmic Noir
4798,2029,2029,1,1,,,1,,0,True,True,0,2,,0.0,0,0,0.0,0,0,1,0,1,0,1,0,4798.0,Fang Meng,,Fang Meng
4799,2027,2029,2,2,,,2,,2,True,True,0,2,,0.0,0,0,1.0,0,0,2,0,2,0,3,0,4799.0,Na Yin,,Na Yin
4802,2017,2017,1,1,,,1,,0,True,False,0,1,,0.0,0,0,0.0,0,0,1,0,1,0,2,0,4802.0,Chao Xu,,Chao Xu
4803,2017,2017,1,1,,,1,,0,True,False,0,1,,0.0,0,0,0.0,0,0,1,0,1,0,1,0,4803.0,Lei Li,,Lei Li
4806,2026,2026,1,1,,,1,,0,True,True,0,1,,0.0,0,0,0.0,0,0,1,0,1,0,2,0,4806.0,Ming Long,,Ming Long
4807,2026,2026,1,1,,,1,,0,True,True,0,1,,0.0,0,0,0.0,0,0,1,0,1,0,1,0,4807.0,Chao Cui,,Chao Cui
4808,2026,2026,1,1,,,1,,0,True,True,0,1,,0.0,0,0,0.0,0,0,1,0,1,0,1,0,4808.0,Fang Lin,,Fang Lin
4809,2026,2026,1,1,,,1,,0,True,True,0,1,,0.0,0,0,0.0,0,0,1,0,1,0,2,0,4809.0,Edward Gutierrez,,Edward Gutierrez
4810,2026,2026,1,1,,,1,,0,True,True,0,1,,0.0,0,0,0.0,0,0,1,0,1,0,1,0,4810.0,Lei Yi,,Lei Yi
4812,2026,2026,1,1,,,1,,0,True,True,0,1,,0.0,0,0,0.0,0,0,1,0,1,0,1,0,4812.0,Li Xia,,Li Xia
4813,2026,2026,1,1,,,1,,0,True,True,0,1,,0.0,0,0,0.0,0,0,1,0,1,0,1,0,4813.0,Ming Han,,Ming Han
4815,2015,2015,1,1,,,1,,0,True,False,0,1,,0.0,4,0,0.0,0,0,1,0,1,0,1,0,4815.0,Ping Cao,,Ping Cao
4816,2015,2028,3,3,,,1,,13,True,False,0,10,,0.0,3,0,0.6046511627906976,0,0,2,1,3,4,2,0,4816.0,Xia Xue,,Xia Xue
4817,2015,2015,1,1,,,1,,0,True,False,0,1,,0.0,4,0,0.0,0,0,1,0,1,0,1,0,4817.0,Li Qin,,Li Qin
4819,2017,2029,2,2,2017,2017,2,0,12,True,False,0,4,23,0.0,2,0,0.3333333333333333,0,0,2,0,2,1,1,0,4819.0,Eugene Henderson,,Eugene Henderson
4820,2018,2018,1,1,,,1,,0,True,False,0,1,,0.0,1,0,0.0,0,0,2,0,2,0,2,0,4820.0,Juan Wu,,Juan Wu
4822,2028,2028,1,1,,,1,,0,True,True,0,18,,0.0,0,0,0.0,0,0,1,0,1,3,1,0,4822.0,John Rivera,Hollow Reverberation,Hollow Reverberation
4823,2028,2028,1,1,,,1,,0,True,True,0,18,,0.0,0,0,0.0,0,0,1,0,1,3,1,0,4823.0,William Rodriguez,,William Rodriguez
4824,2028,2028,1,1,,,1,,0,True,True,0,18,,0.0,0,0,0.0,0,0,1,0,1,3,1,0,4824.0,Ashley Olsen,,Ashley Olsen
4825,2028,2028,1,1,,,1,,0,True,True,0,18,,0.0,0,0,0.0,0,0,1,0,1,3,1,0,4825.0,Michael Watson,,Michael Watson
4829,2003,2013,2,2,,,2,,10,True,False,0,1,,0.0,0,0,0.0,0,0,2,0,2,0,2,0,4829.0,Sotaro Ito,,Sotaro Ito
4831,1997,1997,1,1,,,1,,0,True,False,0,0,,0.0,0,0,0.0,0,0,2,0,2,0,1,0,4831.0,Alex Parrish,,Alex Parrish
4832,1997,2017,2,2,,,1,,20,True,False,0,1,,0.0,0,0,0.0,0,0,2,0,2,0,2,0,4832.0,Andrea Crawford,,Andrea Crawford
4833,1997,1997,1,1,,,1,,0,True,False,0,0,,0.0,0,0,0.0,0,0,2,0,2,0,1,0,4833.0,Jeffrey Hill,,Jeffrey Hill
4835,2013,2013,1,1,,,1,,0,True,False,0,0,,0.0,0,0,0.0,0,0,1,0,1,0,1,0,4835.0,Kari Miranda,,Kari Miranda
4836,2013,2013,1,1,,,1,,0,True,False,0,0,,0.0,0,0,0.0,0,0,1,0,1,0,1,0,4836.0,Jasmine Lopez,,Jasmine Lopez
4840,2018,2018,1,1,2018,2018,1,0,0,True,False,0,0,22,0.0,0,0,0.0,0,0,1,0,1,0,3,0,4840.0,David Silva,The Radiant Dirge,The Radiant Dirge
4841,2025,2025,1,1,,,1,,0,True,True,0,1,,0.0,0,0,0.0,0,0,1,0,1,1,1,0,4841.0,Anthony Cox,,Anthony Cox
4844,2020,2023,2,2,,,2,,3,True,False,0,3,,0.0,0,0,0.0,0,0,2,0,2,0,2,0,4844.0,Capucine Pasquier,,Capucine Pasquier
4848,2004,2030,4,4,,,4,,26,True,False,1,3,,0.0,7,0,0.5647058823529412,0,0,5,0,5,0,2,0,4848.0,Francesca Maglio,,Francesca Maglio
4851,1990,1990,1,1,,,1,,0,True,False,0,0,,0.0,0,0,0.0,0,0,2,0,2,0,2,0,4851.0,Philip Schneider, B.K. Crown, B.K. Crown
4852,1990,1990,1,1,,,1,,0,True,False,0,0,,0.0,0,0,0.0,0,0,2,0,2,0,1,0,4852.0,Édith Deschamps Le Clément,,Édith Deschamps Le Clément
4853,1990,1990,1,1,,,1,,0,True,False,0,0,,0.0,0,0,0.0,0,0,2,0,2,0,1,0,4853.0,Henriette Gonzalez-Grégoire,,Henriette Gonzalez-Grégoire
4855,2004,2004,1,1,,,1,,0,True,False,0,3,,0.0,3,0,0.0,1,0,2,0,2,1,2,0,4855.0,Andrea Miller,,Andrea Miller
4857,2013,2013,1,1,,,1,,0,True,False,0,1,,0.0,0,0,0.0,0,0,0,0,0,0,3,0,4857.0,Maik Eckbauer,,Maik Eckbauer
4860,2000,2003,2,2,,,1,,3,True,False,0,2,,0.0,0,0,0.0,0,0,1,0,1,2,1,0,4860.0,Tao Yang,,Tao Yang
4863,2026,2026,1,1,,,1,,0,True,True,0,2,,0.0,1,0,0.0,0,0,1,0,1,1,1,0,4863.0,Xiulan Sun,,Xiulan Sun
4864,2026,2026,1,1,,,1,,0,True,True,0,2,,0.0,1,0,0.0,0,0,1,0,1,1,1,0,4864.0,Xiulan Du,,Xiulan Du
4867,2017,2017,1,1,2017,2017,1,0,0,True,False,0,2,23,0.0,0,0,0.0,0,0,0,0,0,0,2,0,4867.0,Alexa Adolph,,Alexa Adolph
4871,2020,2030,2,2,,,2,,10,True,False,1,11,,0.0,1,0,0.0,0,0,3,0,3,1,2,0,4871.0,Sharon Scott,,Sharon Scott
4873,2020,2020,1,1,,,1,,0,True,False,0,1,,0.0,1,0,0.0,0,0,2,0,2,0,2,0,4873.0,Stephen Pope,,Stephen Pope
4874,2020,2026,3,3,,,2,,6,True,False,0,2,,0.0,1,0,0.5,0,0,2,0,2,0,1,0,4874.0,Paul Castro,,Paul Castro
4875,2020,2020,1,1,,,1,,0,True,False,0,1,,0.0,1,0,0.0,0,0,2,0,2,0,2,0,4875.0,Kathy Castro,,Kathy Castro
4877,2020,2029,2,2,,,2,,9,True,False,0,4,,0.0,3,0,1.0,0,0,3,0,3,1,1,0,4877.0,Mark Trujillo,,Mark Trujillo
4881,2016,2016,1,1,2016,2016,1,0,0,True,False,0,0,24,0.0,0,0,0.0,0,0,2,0,2,0,1,0,4881.0,Jaime Arrieta,Aether,Aether
4882,2016,2016,1,1,2016,2016,1,0,0,True,False,0,0,24,0.0,0,0,0.0,0,0,2,0,2,0,1,0,4882.0,Diana Lledó Colomer,,Diana Lledó Colomer
4886,2004,2004,1,1,,,1,,0,True,False,0,0,,0.0,1,0,0.0,0,0,2,0,2,0,2,0,4886.0,Florence Martin,,Florence Martin
4887,2004,2004,1,1,,,1,,0,True,False,0,0,,0.0,1,0,0.0,0,0,2,0,2,0,1,0,4887.0,Ida Loos,,Ida Loos
4888,2004,2017,2,2,2017,2017,1,13,13,True,False,0,1,23,0.0,1,0,0.0,0,0,3,0,3,0,1,0,4888.0,Melissa Miller,,Melissa Miller
4889,2004,2004,1,1,,,1,,0,True,False,0,0,,0.0,1,0,0.0,0,0,2,0,2,0,2,0,4889.0,Kuno Grein Groth,,Kuno Grein Groth
4891,2022,2024,2,2,2022,2022,2,0,2,True,False,0,5,18,0.0,2,0,1.0,0,0,2,0,2,1,2,0,4891.0,Jing Qian,,Jing Qian
4893,2027,2027,1,1,,,1,,0,True,True,0,1,,0.0,0,0,0.0,0,0,1,0,1,0,1,0,4893.0,Jie Mao,,Jie Mao
4896,2027,2027,1,1,,,1,,0,True,True,0,1,,0.0,0,0,0.0,0,0,1,0,1,0,1,0,4896.0,Wei Mo,,Wei Mo
4898,1991,2016,2,2,,,1,,25,True,False,0,3,,0.0,0,0,0.0,0,0,1,0,1,1,1,0,4898.0,Scott Flores,,Scott Flores
4899,2016,2016,1,1,,,1,,0,True,False,0,2,,0.0,0,0,0.0,0,0,1,0,1,1,1,0,4899.0,Mark Singleton,,Mark Singleton
4901,2010,2010,1,1,,,1,,0,True,False,0,0,,0.0,1,0,0.0,0,0,1,0,1,0,2,0,4901.0,Frédérique Peron,,Frédérique Peron
4902,2023,2029,2,2,,,2,,6,True,False,0,4,,0.0,1,0,0.16666666666666666,0,0,3,0,3,0,1,0,4902.0,Megan Baird,,Megan Baird
4904,2014,2014,1,1,2014,2014,1,0,0,True,False,0,1,26,0.0,0,0,0.0,0,0,1,0,1,0,2,0,4904.0,Amélie Peltier,,Amélie Peltier
4905,2014,2014,1,1,2014,2014,1,0,0,True,False,0,1,26,0.0,0,0,0.0,0,0,1,0,1,0,1,0,4905.0,Guillaume Cohen du Leduc,,Guillaume Cohen du Leduc
4906,2014,2014,1,1,2014,2014,1,0,0,True,False,0,1,26,0.0,0,0,0.0,0,0,1,0,1,0,1,0,4906.0,Wendy Nelson,,Wendy Nelson
4910,2026,2026,2,2,,,1,,0,True,True,0,3,,0.0,1,0,0.0,0,0,2,0,2,0,2,0,4910.0,Cengiz Knappe,,Cengiz Knappe
4913,2028,2028,1,1,,,1,,0,True,True,0,1,,0.0,0,0,0.0,0,0,1,0,1,0,1,0,4913.0,Victor Scott,,Victor Scott
4914,2028,2028,1,1,,,1,,0,True,True,0,1,,0.0,0,0,0.0,0,0,1,0,1,0,1,0,4914.0,Mark Mueller,,Mark Mueller
4915,2028,2028,1,1,,,1,,0,True,True,0,1,,0.0,0,0,0.0,0,0,1,0,1,0,1,0,4915.0,Sherry Flores,,Sherry Flores
4916,2028,2028,1,1,,,1,,0,True,True,0,1,,0.0,0,0,0.0,0,0,1,0,1,0,1,0,4916.0,Brandi Price,,Brandi Price
4917,2028,2028,1,1,,,1,,0,True,True,0,1,,0.0,0,0,0.0,0,0,1,0,1,0,1,0,4917.0,Katherine Dodson,,Katherine Dodson
4918,2028,2028,1,1,,,1,,0,True,True,0,1,,0.0,0,0,0.0,0,0,1,0,1,0,1,0,4918.0,Xia Li,,Xia Li
4923,2029,2029,1,1,,,1,,0,True,True,0,5,,0.0,0,0,0.0,0,0,1,0,1,3,1,0,4923.0,Jennifer Allen,,Jennifer Allen
4924,2029,2029,1,1,,,1,,0,True,True,0,5,,0.0,0,0,0.0,0,0,1,0,1,3,2,0,4924.0,Devon White,,Devon White
4928,2015,2015,1,1,,,1,,0,True,False,0,1,,0.0,1,0,0.0,0,0,1,0,1,0,1,0,4928.0,Gloria Lewis,,Gloria Lewis
4929,2015,2015,1,1,,,1,,0,True,False,0,1,,0.0,1,0,0.0,0,0,1,0,1,0,1,0,4929.0,Jerry Ruiz,,Jerry Ruiz
4930,2003,2020,3,3,,,2,,17,True,False,0,2,,0.0,0,0,0.27074235807860264,0,0,3,0,3,0,2,0,4930.0,Bianca Weber,,Bianca Weber
4934,2022,2022,1,1,,,1,,0,True,False,0,1,,0.0,1,0,0.0,0,0,1,0,1,0,1,0,4934.0,Tao Qiao,,Tao Qiao
4936,2020,2030,2,2,,,2,,10,True,False,1,6,,0.0,1,0,0.2,0,0,2,1,3,2,2,0,4936.0,Megan Gilmore,,Megan Gilmore
4940,2000,2004,2,1,2004,2004,2,4,4,True,False,0,5,36,0.0,0,0,0.5,0,0,3,0,3,0,1,0,4940.0,Alicia Heinz,,Alicia Heinz
4941,2000,2000,1,0,,,1,,0,True,False,0,2,,0.0,0,0,0.0,0,0,2,0,2,0,2,0,4941.0,Rose-Marie Schmidtke,,Rose-Marie Schmidtke
4942,2000,2000,1,0,,,1,,0,True,False,0,2,,0.0,0,0,0.0,0,0,2,0,2,0,2,0,4942.0,Ivona Žáková,,Ivona Žáková
4943,2000,2004,2,1,2004,2004,2,4,4,True,False,0,5,36,0.0,0,0,0.5,0,0,3,0,3,0,2,0,4943.0,Ilona Stolze,,Ilona Stolze
4946,2026,2026,1,0,,,1,,0,True,True,0,9,,0.0,0,0,0.0,0,0,0,0,0,2,1,3,4946.0,Christopher Conway,,Christopher Conway
4947,2026,2026,1,0,,,1,,0,True,True,0,9,,0.0,0,0,0.0,0,0,0,0,0,2,1,3,4947.0,Samantha Mcneil,,Samantha Mcneil
4948,2026,2026,1,0,,,1,,0,True,True,0,9,,0.0,0,0,0.0,0,0,0,0,0,2,1,3,4948.0,Isaac Brown,,Isaac Brown
4952,2025,2025,1,1,,,1,,0,True,True,0,1,,0.0,0,0,0.0,0,0,2,0,2,0,2,0,4952.0,Heinz-Gerd Klapp,,Heinz-Gerd Klapp
4953,2025,2025,1,1,,,1,,0,True,True,0,1,,0.0,0,0,0.0,0,0,2,0,2,0,1,0,4953.0,Ivo Ziegert,,Ivo Ziegert
4956,2027,2027,1,1,,,1,,0,True,True,0,1,,0.0,0,0,0.0,0,0,1,0,1,1,1,0,4956.0,Bianca Pugliese, Banks, Banks
4960,2023,2023,1,1,,,1,,0,True,False,0,4,,0.0,0,0,0.0,0,0,2,0,2,1,2,0,4960.0,Michael Perkins,,Michael Perkins
4962,2020,2020,1,1,,,1,,0,True,False,0,2,,0.0,1,0,0.0,0,0,1,0,1,1,1,0,4962.0,Russell Ruiz,,Russell Ruiz
4963,2020,2026,3,3,,,3,,6,True,False,0,5,,0.0,0,0,0.5,0,0,3,0,3,1,1,0,4963.0,Lawrence Cooper,,Lawrence Cooper
4966,2020,2020,1,1,,,1,,0,True,False,0,1,,0.0,0,0,0.0,0,0,1,0,1,0,1,0,4966.0,Larry Bailey,,Larry Bailey
4967,2001,2020,2,2,,,1,,19,True,False,0,1,,0.0,0,0,0.05263157894736842,0,0,2,0,2,0,1,0,4967.0,Kerri Castillo,,Kerri Castillo
4971,2004,2004,1,1,,,1,,0,True,False,0,1,,0.0,0,0,0.0,0,0,0,0,0,0,2,0,4971.0,Juan Jia,,Juan Jia
4972,2017,2017,1,1,,,1,,0,True,False,0,1,,0.0,0,0,0.0,0,0,1,0,1,0,1,0,4972.0,Xiulan Cao,,Xiulan Cao
4974,2024,2024,1,1,,,1,,0,True,False,0,2,,0.0,1,0,0.0,0,0,1,0,1,0,1,0,4974.0,Juan Tao,,Juan Tao
4975,2024,2024,1,1,,,1,,0,True,False,0,2,,0.0,1,0,0.0,0,0,1,0,1,0,2,0,4975.0,Jun Hao,,Jun Hao
4976,2024,2024,1,1,,,1,,0,True,False,0,2,,0.0,1,0,0.0,0,0,1,0,1,0,2,0,4976.0,Xiulan Hao,,Xiulan Hao
4977,2024,2024,1,1,,,1,,0,True,False,0,2,,0.0,1,0,0.0,0,0,1,0,1,0,1,0,4977.0,Xiuying Liao,,Xiuying Liao
4978,2024,2024,1,1,,,1,,0,True,False,0,2,,0.0,1,0,0.0,0,0,1,0,1,0,1,0,4978.0,Aaron Horton,,Aaron Horton
4979,2024,2024,2,2,,,2,,0,True,False,0,4,,0.0,1,0,0.0,0,0,2,0,2,0,1,0,4979.0,Xiuying Ye,,Xiuying Ye
4980,2013,2024,3,3,2017,2017,2,4,11,True,False,0,6,23,0.0,0,0,0.7419354838709677,0,0,2,0,2,0,3,0,4980.0,Guiying Yuan,,Guiying Yuan
4983,2024,2024,1,1,,,1,,0,True,False,0,2,,0.0,0,0,0.0,0,0,1,0,1,1,1,0,4983.0,Lei Cheng,,Lei Cheng
4984,2013,2013,1,1,2013,2013,1,0,0,True,False,0,1,27,0.0,1,0,0.0,0,0,2,0,2,0,1,0,4984.0,Gang Fan,,Gang Fan
4986,2026,2026,1,1,,,1,,0,True,True,0,1,,0.0,0,0,0.0,0,0,1,0,1,0,1,0,4986.0,Xia Tan,,Xia Tan
4988,2026,2026,1,1,,,1,,0,True,True,0,1,,0.0,0,0,0.0,0,0,1,0,1,0,1,0,4988.0,Xiulan Meng,,Xiulan Meng
4989,2026,2026,1,1,,,1,,0,True,True,0,1,,0.0,0,0,0.0,0,0,1,0,1,0,2,0,4989.0,Gang Zeng,,Gang Zeng
4990,2026,2026,1,1,,,1,,0,True,True,0,1,,0.0,0,0,0.0,0,0,1,0,1,0,1,0,4990.0,Chao Hou,,Chao Hou
4993,2020,2020,1,0,,,1,,0,True,False,0,0,,0.0,0,0,0.0,0,0,1,0,1,0,2,0,4993.0,Hans-Eberhard Schleich,,Hans-Eberhard Schleich
4995,1997,1997,1,1,,,1,,0,True,False,0,2,,0.0,0,0,0.0,0,0,1,0,1,0,1,0,4995.0,Carmine Harloff,,Carmine Harloff
4997,2001,2001,1,1,,,1,,0,True,False,0,0,,0.0,0,0,0.0,0,0,1,0,1,0,1,0,4997.0,Tammy Wilcox,Silver Halcyon,Silver Halcyon
4998,2001,2001,1,1,,,1,,0,True,False,0,0,,0.0,0,0,0.0,0,0,1,0,1,0,2,0,4998.0,Christine Olson,,Christine Olson
4999,2001,2001,1,1,,,1,,0,True,False,0,0,,0.0,0,0,0.0,0,0,1,0,1,0,1,0,4999.0,Megan Mcclure,,Megan Mcclure
5002,1994,1994,1,1,,,1,,0,True,False,0,1,,0.0,0,0,0.0,0,0,0,0,0,0,1,0,5002.0,Svetlana Freudenberger,,Svetlana Freudenberger
5006,2013,2021,2,2,2013,2013,2,0,8,True,False,0,3,27,0.0,2,0,0.375,0,0,3,0,3,0,2,0,5006.0,Tao Kang,,Tao Kang
5007,2021,2021,1,1,,,1,,0,True,False,0,2,,0.0,1,0,0.0,0,0,1,0,1,0,1,0,5007.0,Yang Xiao,,Yang Xiao
5008,2021,2021,1,1,,,1,,0,True,False,0,2,,0.0,1,0,0.0,0,0,1,0,1,0,1,0,5008.0,Fang Kong,,Fang Kong
5010,2023,2023,1,1,,,1,,0,True,False,0,1,,0.0,0,0,0.0,1,0,0,0,0,0,1,0,5010.0,William White, J.T. Rose, J.T. Rose
5011,2026,2027,2,2,,,1,,1,True,True,0,2,,0.0,1,0,5.0,0,0,3,0,3,1,2,0,5011.0,Tao Gao,,Tao Gao
5015,2023,2023,1,1,,,1,,0,True,False,0,0,,0.0,0,0,0.0,0,0,1,0,1,0,2,0,5015.0,Candela Pallarès Artigas,,Candela Pallarès Artigas
5016,2020,2026,3,3,,,2,,6,True,False,0,6,,0.0,1,0,0.8333333333333334,0,0,2,0,2,0,2,0,5016.0,Feliciana Figuerola Cruz,,Feliciana Figuerola Cruz
5019,2016,2016,1,1,,,1,,0,True,False,0,1,,0.0,0,0,0.0,0,0,1,0,1,0,1,0,5019.0,Simone Maurice,,Simone Maurice
5020,2016,2016,1,1,,,1,,0,True,False,0,1,,0.0,0,0,0.0,0,0,1,0,1,0,2,0,5020.0,Diana Wilkinson,,Diana Wilkinson
5022,2024,2024,2,2,2024,2024,1,0,0,True,False,0,4,16,0.0,3,0,0.0,0,0,1,0,1,0,2,0,5022.0,Yong Zhu,,Yong Zhu
5023,2024,2024,2,2,2024,2024,1,0,0,True,False,0,4,16,0.0,3,0,0.0,0,0,1,0,1,0,1,0,5023.0,Yan Tan,,Yan Tan
5024,2024,2024,2,2,2024,2024,1,0,0,True,False,0,4,16,0.0,3,0,0.0,0,0,1,1,2,0,2,0,5024.0,Na Xie,,Na Xie
5025,2024,2024,1,1,2024,2024,1,0,0,True,False,0,2,16,0.0,3,0,0.0,0,0,1,0,1,0,2,0,5025.0,Yan Tian,,Yan Tian
5026,2013,2025,8,8,2017,2024,5,4,12,True,False,0,8,16,0.0,4,0,1.6464208242950107,0,0,5,1,6,0,2,0,5026.0,Cynthia Dixon,,Cynthia Dixon
5030,2026,2026,1,1,,,1,,0,True,True,0,4,,0.0,1,0,0.0,0,0,1,0,1,0,1,0,5030.0,Wei Shi,,Wei Shi
5031,2026,2026,1,1,,,1,,0,True,True,0,4,,0.0,1,0,0.0,0,0,1,0,1,0,2,0,5031.0,Jing Wang,,Jing Wang
5032,2026,2026,1,1,,,1,,0,True,True,0,4,,0.0,1,0,0.0,0,0,1,0,1,0,1,0,5032.0,Richard Reyes,,Richard Reyes
5033,2023,2026,2,2,,,2,,3,True,False,0,6,,0.0,1,0,1.6666666666666667,0,0,2,0,2,0,1,0,5033.0,Fang Lin,,Fang Lin
5038,2020,2028,8,8,2023,2027,6,3,8,True,False,0,37,13,0.0,1,0,1.5514018691588785,0,0,6,0,6,3,2,10,5038.0,Min He,,Min He
5041,2026,2026,1,1,,,1,,0,True,True,0,5,,0.0,0,0,0.0,0,0,1,0,1,0,1,0,5041.0,Astrid Weinhold,,Astrid Weinhold
5042,2026,2026,1,1,,,1,,0,True,True,0,5,,0.0,0,0,0.0,0,0,1,0,1,0,2,0,5042.0,Janin Hartmann,,Janin Hartmann
5043,2018,2018,1,1,,,1,,0,True,False,0,0,,0.0,0,0,0.0,0,0,1,0,1,0,3,0,5043.0,Meik Plath,,Meik Plath
5048,1994,2007,3,3,1994,2007,2,0,13,True,False,0,5,33,0.0,3,0,0.6141732283464567,0,0,4,1,5,2,1,0,5048.0,Dennis Bush,,Dennis Bush
5049,1994,2010,4,4,1994,2007,2,0,16,True,False,0,5,33,0.0,3,0,0.8045234248788369,0,0,5,1,6,2,2,0,5049.0,Robert Knight,,Robert Knight
5050,2000,2007,2,2,2007,2007,1,7,7,True,False,0,5,33,0.0,3,0,0.5714285714285714,0,0,3,0,3,2,1,0,5050.0,Xiuying Liang,,Xiuying Liang
5054,2012,2029,2,2,,,2,,17,True,False,0,4,,0.0,1,0,0.0,0,0,2,0,2,1,2,0,5054.0,Ping Pan,,Ping Pan
5056,2029,2029,1,1,,,1,,0,True,True,0,1,,0.0,4,0,0.0,0,0,2,0,2,0,1,0,5056.0,Thomas Carter,,Thomas Carter
5060,2023,2023,1,0,,,1,,0,True,False,0,1,,0.0,3,0,0.0,0,0,2,0,2,0,1,0,5060.0,Doris Klemt-Junck,,Doris Klemt-Junck
5062,2013,2013,1,1,,,1,,0,True,False,0,0,,0.0,0,0,0.0,0,0,2,0,2,0,1,0,5062.0,Osamu Hayashi,,Osamu Hayashi
5063,2013,2013,1,1,,,1,,0,True,False,0,0,,0.0,0,0,0.0,0,0,2,0,2,0,1,0,5063.0,Satomi Aoki,,Satomi Aoki
5065,2013,2013,1,1,,,1,,0,True,False,0,0,,0.0,0,0,0.0,0,0,2,0,2,0,1,0,5065.0,Momoko Yamamoto,,Momoko Yamamoto
5067,2013,2013,1,1,,,1,,0,True,False,0,0,,0.0,0,0,0.0,0,0,2,0,2,0,1,0,5067.0,Yosuke Ito,,Yosuke Ito
5069,2026,2026,1,1,,,1,,0,True,True,0,1,,0.0,0,0,0.0,0,0,1,0,1,0,2,0,5069.0,Yan Cheng,Ivessa,Ivessa
5072,2026,2026,1,1,,,1,,0,True,True,0,1,,0.0,0,0,0.0,0,0,1,0,1,0,1,0,5072.0,Taylor Hayes,,Taylor Hayes
5076,2017,2025,3,2,2021,2021,2,4,8,True,False,0,4,19,0.0,1,0,0.25,0,0,2,0,2,1,1,0,5076.0,Amalia Tartaglia,,Amalia Tartaglia
5080,2020,2020,1,1,2020,2020,1,0,0,True,False,0,0,20,0.0,1,0,0.0,0,0,2,0,2,0,1,0,5080.0,Melody Cuevas,,Melody Cuevas
5081,2020,2020,1,1,2020,2020,1,0,0,True,False,0,0,20,0.0,1,0,0.0,0,0,2,0,2,0,1,0,5081.0,Christy Lewis,,Christy Lewis
5082,2020,2020,1,1,2020,2020,1,0,0,True,False,0,0,20,0.0,1,0,0.0,0,0,2,0,2,0,1,0,5082.0,Karen Schultz,,Karen Schultz
5083,2020,2020,1,1,2020,2020,1,0,0,True,False,0,0,20,0.0,1,0,0.0,0,0,2,0,2,0,1,0,5083.0,Ryan Baxter,,Ryan Baxter
5084,2020,2020,1,1,2020,2020,1,0,0,True,False,0,0,20,0.0,1,0,0.0,0,0,2,0,2,0,1,0,5084.0,Stanley Roberts,,Stanley Roberts
5085,2020,2020,1,1,2020,2020,1,0,0,True,False,0,0,20,0.0,1,0,0.0,0,0,2,0,2,0,1,0,5085.0,Christopher Wilcox,,Christopher Wilcox
5086,2020,2020,1,1,2020,2020,1,0,0,True,False,0,0,20,0.0,1,0,0.0,0,0,2,0,2,0,1,0,5086.0,William Vollbrecht,,William Vollbrecht
5087,2020,2023,2,2,2020,2020,1,0,3,True,False,0,1,20,0.0,1,0,1.0,0,0,3,0,3,1,1,0,5087.0,Debbie Mcgrath,,Debbie Mcgrath
5090,2020,2020,1,1,,,1,,0,True,False,0,3,,0.0,0,0,0.0,0,0,1,0,1,0,1,2,5090.0,Gang Huang,Dante Cruz,Dante Cruz
5091,2020,2020,1,1,,,1,,0,True,False,0,3,,0.0,0,0,0.0,0,0,1,0,1,0,1,2,5091.0,Min Li,,Min Li
5092,2020,2020,1,1,,,1,,0,True,False,0,3,,0.0,0,0,0.0,0,0,1,0,1,0,1,2,5092.0,Na Cui,,Na Cui
5093,2020,2020,1,1,,,1,,0,True,False,0,3,,0.0,0,0,0.0,0,0,1,0,1,0,1,2,5093.0,Yang Lu,,Yang Lu
5094,2020,2029,2,2,,,2,,9,True,False,0,4,,0.0,0,0,0.3333333333333333,0,0,2,0,2,0,1,2,5094.0,Lei Kong,,Lei Kong
5095,2020,2020,1,1,,,1,,0,True,False,0,3,,0.0,0,0,0.0,0,0,1,0,1,0,2,2,5095.0,Xia Cheng,,Xia Cheng
5097,2026,2026,1,1,,,1,,0,True,True,0,3,,0.0,1,0,0.0,0,0,2,0,2,2,1,0,5097.0,Sandra Miller,,Sandra Miller
5098,2026,2026,1,1,,,1,,0,True,True,0,3,,0.0,1,0,0.0,0,0,2,0,2,2,2,0,5098.0,Michelle Johnson,,Michelle Johnson
5101,2010,2010,1,1,,,1,,0,True,False,0,2,,0.0,0,0,0.0,0,0,2,0,2,0,1,2,5101.0,Ethan Sanchez,,Ethan Sanchez
5102,2010,2010,1,1,,,1,,0,True,False,0,2,,0.0,0,0,0.0,0,0,2,0,2,0,1,2,5102.0,Yan Fang,,Yan Fang
5104,2010,2010,1,1,,,1,,0,True,False,0,2,,0.0,0,0,0.0,0,0,2,0,2,0,1,2,5104.0,Fang Gu,,Fang Gu
5105,2010,2010,1,1,,,1,,0,True,False,0,2,,0.0,0,0,0.0,0,0,2,0,2,0,1,2,5105.0,Na Yang,,Na Yang
5106,2017,2029,2,2,2017,2017,2,0,12,True,False,0,3,23,0.0,0,0,0.3333333333333333,0,0,2,0,2,0,1,0,5106.0,Yan Liang,,Yan Liang
5107,2020,2020,1,1,,,1,,0,True,False,0,0,,0.0,1,0,0.0,0,0,1,0,1,0,2,0,5107.0,Tao Yao,,Tao Yao
5108,2010,2010,1,1,,,1,,0,True,False,0,2,,0.0,0,0,0.0,0,0,2,0,2,0,2,2,5108.0,Ping Cui,,Ping Cui
5112,2010,2029,5,5,2020,2020,2,10,19,True,False,0,9,20,0.0,1,0,0.15873015873015872,0,0,3,0,3,3,3,0,5112.0,Lei Wang,,Lei Wang
5114,2020,2026,3,3,,,3,,6,True,False,0,7,,0.0,1,0,1.0,0,0,2,1,3,1,1,0,5114.0,Evelyn Hernandez,,Evelyn Hernandez
5115,2020,2020,1,1,,,1,,0,True,False,0,0,,0.0,2,0,0.0,0,0,2,0,2,0,1,0,5115.0,Adam Nelson,,Adam Nelson
5116,2020,2026,2,2,,,2,,6,True,False,0,6,,0.0,2,0,0.5,0,0,2,0,2,1,1,0,5116.0,James Green,,James Green
5117,2020,2026,3,3,,,3,,6,True,False,0,7,,0.0,1,0,1.0,0,0,2,1,3,1,1,0,5117.0,Kevin Baker,,Kevin Baker
5118,2023,2023,1,1,,,1,,0,True,False,0,1,,0.0,2,0,0.0,0,0,2,1,3,0,2,0,5118.0,Kathryn Sherman,,Kathryn Sherman
5120,2010,2010,1,1,,,1,,0,True,False,0,0,,0.0,0,0,0.0,0,0,2,0,2,0,1,0,5120.0,Olivia Morgan,LIV,LIV
5121,2011,2011,1,0,,,1,,0,True,False,0,1,,0.0,0,0,0.0,0,0,1,0,1,0,1,0,5121.0,Brian Holmes,,Brian Holmes
5122,2010,2011,2,1,,,1,,1,True,False,0,1,,0.0,0,0,7.0,0,0,2,0,2,0,1,0,5122.0,Ricky Evans,,Ricky Evans
5123,2010,2011,2,1,,,1,,1,True,False,0,1,,0.0,0,0,7.0,0,0,2,0,2,0,1,0,5123.0,Janet Wood,,Janet Wood
5124,2010,2011,2,1,,,1,,1,True,False,0,1,,0.0,0,0,7.0,0,0,2,0,2,0,2,0,5124.0,Theresa Bradley,,Theresa Bradley
5125,2011,2011,1,0,,,1,,0,True,False,0,1,,0.0,0,0,0.0,0,0,1,0,1,0,1,0,5125.0,Shari Gomez,,Shari Gomez
5127,2026,2026,1,1,,,1,,0,True,True,0,1,,0.0,0,0,0.0,0,0,1,0,1,0,1,0,5127.0,Justin Morales,,Justin Morales
5129,2021,2026,2,2,,,2,,5,True,False,0,2,,0.0,0,0,0.4,0,0,2,0,2,0,1,0,5129.0,Nicholas Davis,,Nicholas Davis
5130,2026,2026,1,1,,,1,,0,True,True,0,1,,0.0,0,0,0.0,0,0,1,0,1,0,1,0,5130.0,William Francis,,William Francis
5135,2007,2007,1,1,,,1,,0,True,False,0,0,,0.0,0,0,0.0,0,0,1,0,1,0,1,0,5135.0,Liwia Głuszko,,Liwia Głuszko
5136,2007,2007,1,1,,,1,,0,True,False,0,0,,0.0,0,0,0.0,0,0,1,0,1,0,1,0,5136.0,Mieszko Dorna,,Mieszko Dorna
5138,2007,2007,1,1,,,1,,0,True,False,0,0,,0.0,0,0,0.0,0,0,1,0,1,0,1,0,5138.0,Crystal Caldwell,,Crystal Caldwell
5139,2007,2007,1,1,,,1,,0,True,False,0,0,,0.0,0,0,0.0,0,0,1,0,1,0,1,0,5139.0,Kajetan Ryszkiewicz,,Kajetan Ryszkiewicz
5140,2007,2007,1,1,,,1,,0,True,False,0,0,,0.0,0,0,0.0,0,0,1,0,1,0,2,0,5140.0,Sara Hołubowicz,,Sara Hołubowicz
5144,1996,1996,1,1,,,1,,0,True,False,0,0,,0.0,0,0,0.0,0,0,1,0,1,0,2,0,5144.0,Kathy Phillips,Katrix,Katrix
5145,1996,1996,1,1,,,1,,0,True,False,0,0,,0.0,0,0,0.0,0,0,1,0,1,0,1,0,5145.0,Tammy Griffin,,Tammy Griffin
5147,2026,2026,1,1,2026,2026,1,0,0,True,True,0,4,14,0.0,0,0,0.0,0,0,1,0,1,1,1,0,5147.0,Yong Xia,Neon Solstice,Neon Solstice
5148,2026,2026,1,1,2026,2026,1,0,0,True,True,0,4,14,0.0,0,0,0.0,0,0,1,0,1,1,1,0,5148.0,Matthew Williams,,Matthew Williams
5149,2026,2026,1,1,2026,2026,1,0,0,True,True,0,4,14,0.0,0,0,0.0,0,0,1,0,1,1,2,0,5149.0,Lei Jiang,,Lei Jiang
5150,2026,2026,1,1,2026,2026,1,0,0,True,True,0,4,14,0.0,0,0,0.0,0,0,1,0,1,1,2,0,5150.0,Kenneth Moore,,Kenneth Moore
5151,2026,2027,2,2,2026,2026,1,0,1,True,True,0,9,14,0.0,0,0,1.0,0,0,1,0,1,2,1,0,5151.0,Linda Santos,,Linda Santos
5152,2026,2026,1,1,2026,2026,1,0,0,True,True,0,4,14,0.0,0,0,0.0,0,0,1,0,1,1,1,0,5152.0,Jason Garcia,,Jason Garcia
5155,2020,2020,1,1,,,1,,0,True,False,0,0,,0.0,1,0,0.0,0,0,2,0,2,0,1,0,5155.0,David Glenn,,David Glenn
5157,2020,2020,1,1,,,1,,0,True,False,0,0,,0.0,1,0,0.0,0,0,2,0,2,0,1,0,5157.0,Johnny Smith,,Johnny Smith
5160,2029,2029,1,1,,,1,,0,True,True,0,1,,0.0,0,0,0.0,0,0,1,0,1,0,2,0,5160.0,Kimberly Smith,,Kimberly Smith
5161,2029,2029,1,1,,,1,,0,True,True,0,1,,0.0,0,0,0.0,0,0,1,0,1,0,1,0,5161.0,Susan Spencer,,Susan Spencer
5162,2029,2029,1,1,,,1,,0,True,True,0,1,,0.0,0,0,0.0,0,0,1,0,1,0,1,0,5162.0,Duane Richardson,,Duane Richardson
5163,2029,2029,1,1,,,1,,0,True,True,0,1,,0.0,0,0,0.0,0,0,1,0,1,0,1,0,5163.0,Brian Garrett,,Brian Garrett
5164,2029,2029,1,1,,,1,,0,True,True,0,1,,0.0,0,0,0.0,0,0,1,0,1,0,1,0,5164.0,Karen Williams,,Karen Williams
5166,2020,2020,1,1,,,1,,0,True,False,0,2,,0.0,0,0,0.0,0,0,0,0,0,0,2,0,5166.0,Carlos Davis,,Carlos Davis
5167,2020,2020,1,1,,,1,,0,True,False,0,2,,0.0,0,0,0.0,0,0,0,0,0,0,1,0,5167.0,Rebecca Thompson,,Rebecca Thompson
5168,2020,2020,1,1,,,1,,0,True,False,0,2,,0.0,0,0,0.0,0,0,0,0,0,0,1,0,5168.0,Elizabeth Lin,,Elizabeth Lin
5169,2020,2020,1,1,,,1,,0,True,False,0,2,,0.0,0,0,0.0,0,0,0,0,0,0,1,0,5169.0,Adam Reid,,Adam Reid
5170,2020,2020,1,1,,,1,,0,True,False,0,2,,0.0,0,0,0.0,0,0,0,0,0,0,1,0,5170.0,Ashley Moore,,Ashley Moore
5171,2020,2020,1,1,,,1,,0,True,False,0,2,,0.0,0,0,0.0,0,0,0,0,0,0,1,0,5171.0,Nichole Dean,,Nichole Dean
5175,2029,2029,1,1,,,1,,0,True,True,0,3,,0.0,0,0,0.0,0,0,2,0,2,1,1,0,5175.0,Lei Zhou,,Lei Zhou
5176,2029,2029,1,1,,,1,,0,True,True,0,3,,0.0,0,0,0.0,0,0,2,0,2,1,2,0,5176.0,Wei Zheng,,Wei Zheng
5177,2029,2029,1,1,,,1,,0,True,True,0,3,,0.0,0,0,0.0,0,0,2,0,2,1,1,0,5177.0,Jing Zhong,,Jing Zhong
5179,2027,2027,1,1,,,1,,0,True,True,0,2,,0.0,0,0,0.0,0,0,0,0,0,0,1,0,5179.0,Haley Silva,,Haley Silva
5182,2018,2018,1,1,,,1,,0,True,False,0,2,,0.0,3,0,0.0,0,0,1,0,1,0,1,0,5182.0,Rosalie Hörle,,Rosalie Hörle
5183,2018,2018,1,1,,,1,,0,True,False,0,2,,0.0,3,0,0.0,0,0,1,0,1,0,2,0,5183.0,Madeleine Wulf,,Madeleine Wulf
5184,2018,2018,1,1,,,1,,0,True,False,0,2,,0.0,3,0,0.0,0,0,1,0,1,0,1,0,5184.0,Baptist Gierschner,,Baptist Gierschner
5185,2018,2018,1,1,,,1,,0,True,False,0,2,,0.0,3,0,0.0,0,0,1,0,1,0,1,0,5185.0,Min Qiu,,Min Qiu
5186,2007,2020,3,3,,,3,,13,True,False,0,6,,0.0,3,0,0.7755102040816326,0,0,3,1,4,0,3,0,5186.0,Ante Reinhardt-Hande,,Ante Reinhardt-Hande
5187,2004,2018,3,3,,,2,,14,True,False,0,4,,0.0,2,0,0.6411042944785277,0,0,1,1,2,0,1,0,5187.0,Guiying Cai,,Guiying Cai
5189,2012,2012,1,1,,,1,,0,True,False,0,1,,0.0,0,0,0.0,0,0,1,0,1,0,1,0,5189.0,Kimberly Hernandez,,Kimberly Hernandez
5190,2012,2012,1,1,,,1,,0,True,False,0,1,,0.0,0,0,0.0,0,0,1,0,1,0,1,0,5190.0,Matthew Conner PhD,,Matthew Conner PhD
5191,2012,2012,1,1,,,1,,0,True,False,0,1,,0.0,0,0,0.0,0,0,1,0,1,0,1,0,5191.0,Caroline Williams,,Caroline Williams
5192,2012,2012,1,1,,,1,,0,True,False,0,1,,0.0,0,0,0.0,0,0,1,0,1,0,1,0,5192.0,Michelle Ellis,,Michelle Ellis
5193,2012,2012,1,1,,,1,,0,True,False,0,1,,0.0,0,0,0.0,0,0,1,0,1,0,2,0,5193.0,Jacob Rogers,,Jacob Rogers
5196,2027,2027,1,1,,,1,,0,True,True,0,1,,0.0,0,0,0.0,0,0,2,0,2,0,1,0,5196.0,Xiuying Fan, Leo Winter, Leo Winter
5197,2027,2027,1,1,,,1,,0,True,True,0,1,,0.0,0,0,0.0,0,0,2,0,2,0,1,0,5197.0,James Nolan,,James Nolan
5198,2027,2027,1,1,,,1,,0,True,True,0,1,,0.0,0,0,0.0,0,0,2,0,2,0,1,0,5198.0,Ping Zou,,Ping Zou
5199,2027,2027,1,1,,,1,,0,True,True,0,1,,0.0,0,0,0.0,0,0,2,0,2,0,1,0,5199.0,William Sullivan,,William Sullivan
5201,2027,2027,1,1,,,1,,0,True,True,0,1,,0.0,0,0,0.0,0,0,2,0,2,0,1,0,5201.0,Nichole Cruz,,Nichole Cruz
5202,2027,2027,1,1,,,1,,0,True,True,0,1,,0.0,0,0,0.0,0,0,2,0,2,0,1,0,5202.0,Heather Pollard,,Heather Pollard
5205,2028,2028,1,1,,,1,,0,True,True,0,1,,0.0,0,0,0.0,0,0,2,0,2,0,1,0,5205.0,John Howe,,John Howe
5206,2028,2028,1,1,,,1,,0,True,True,0,1,,0.0,0,0,0.0,0,0,2,0,2,0,2,0,5206.0,Xiuying Gong,,Xiuying Gong
5207,2028,2028,1,1,,,1,,0,True,True,0,1,,0.0,0,0,0.0,0,0,2,0,2,0,1,0,5207.0,Min Liang,,Min Liang
5209,2028,2029,2,2,,,1,,1,True,True,0,2,,0.0,1,0,6.0,0,0,3,0,3,0,1,0,5209.0,Na Ye,,Na Ye
5210,2028,2029,2,2,,,1,,1,True,True,0,2,,0.0,1,0,6.0,0,0,3,0,3,0,1,0,5210.0,Chao Ye,,Chao Ye
5213,1983,2030,8,8,,,5,,47,True,False,1,5,,0.0,1,0,0.18181818181818182,0,0,5,0,5,1,3,0,5213.0,Samantha Bullock,,Samantha Bullock
5215,2012,2012,1,1,,,1,,0,True,False,0,2,,0.0,0,0,0.0,0,0,1,0,1,0,2,0,5215.0,Kathleen Davis,,Kathleen Davis
5217,2018,2018,1,1,,,1,,0,True,False,0,2,,0.0,0,0,0.0,0,0,1,0,1,0,1,0,5217.0,Yang Liao,,Yang Liao
5221,2023,2023,2,2,,,2,,0,True,False,0,1,,0.0,0,0,0.0,0,0,2,0,2,0,1,0,5221.0,Ping Qiao,,Ping Qiao
5222,2023,2023,1,1,,,1,,0,True,False,0,0,,0.0,0,0,0.0,0,0,1,0,1,0,1,0,5222.0,Xia Lin,,Xia Lin
5223,2023,2023,2,2,,,2,,0,True,False,0,1,,0.0,0,0,0.0,0,0,2,0,2,0,3,0,5223.0,Jun Xiong,,Jun Xiong
5225,2013,2017,2,2,,,1,,4,True,False,0,0,,0.0,0,0,0.75,0,0,4,0,4,0,2,0,5225.0,Alfredo Ajello,,Alfredo Ajello
5226,2017,2025,2,2,,,2,,8,True,False,0,0,,0.0,1,0,0.5,0,0,3,0,3,0,1,0,5226.0,Puccio Bixio-Gatto,,Puccio Bixio-Gatto
5228,2013,2017,2,2,,,1,,4,True,False,0,0,,0.0,0,0,0.75,0,0,4,0,4,0,1,0,5228.0,Vittorio Tamburello,,Vittorio Tamburello
5229,2017,2017,1,1,,,1,,0,True,False,0,0,,0.0,0,0,0.0,0,0,2,0,2,0,1,0,5229.0,Janet Cunningham,,Janet Cunningham
5234,2004,2004,1,1,,,1,,0,True,False,0,0,,0.0,0,0,0.0,0,0,1,0,1,0,1,0,5234.0,Tao Peng,,Tao Peng
5235,2004,2004,1,1,,,1,,0,True,False,0,0,,0.0,0,0,0.0,0,0,1,0,1,0,2,0,5235.0,Li Liao,,Li Liao
5236,2004,2004,1,1,,,1,,0,True,False,0,0,,0.0,0,0,0.0,0,0,1,0,1,0,1,0,5236.0,Xiuying Cui,,Xiuying Cui
5237,2004,2004,1,1,,,1,,0,True,False,0,0,,0.0,0,0,0.0,0,0,1,0,1,0,1,0,5237.0,Xia Kong,,Xia Kong
5240,2016,2016,1,1,,,1,,0,True,False,0,1,,0.0,0,0,0.0,0,0,1,0,1,0,1,0,5240.0,Gokul Konda,,Gokul Konda
5241,2016,2016,1,1,,,1,,0,True,False,0,1,,0.0,0,0,0.0,0,0,1,0,1,0,2,0,5241.0,Indranil Vala,,Indranil Vala
5245,2027,2027,1,1,,,1,,0,True,True,0,1,,0.0,0,0,0.0,0,0,1,0,1,0,1,0,5245.0,Guiying Hou,,Guiying Hou
5248,2024,2024,1,1,,,1,,0,True,False,0,0,,0.0,0,0,0.0,0,0,1,0,1,0,1,0,5248.0,Yang Cui,,Yang Cui
5249,2024,2024,1,1,,,1,,0,True,False,0,0,,0.0,0,0,0.0,0,0,1,0,1,0,1,0,5249.0,Xiuying Xiang,,Xiuying Xiang
5250,2024,2024,1,1,,,1,,0,True,False,0,0,,0.0,0,0,0.0,0,0,1,0,1,0,2,0,5250.0,Tao Ma,,Tao Ma
5251,2024,2024,1,1,,,1,,0,True,False,0,0,,0.0,0,0,0.0,0,0,1,0,1,0,2,0,5251.0,Tao Huang,,Tao Huang
5253,2023,2024,2,2,,,2,,1,True,False,0,2,,0.0,1,0,4.0,0,0,2,0,2,0,1,1,5253.0,Tao Long,,Tao Long
5255,2028,2028,1,1,,,1,,0,True,True,0,3,,0.0,2,0,0.0,0,0,1,0,1,2,1,0,5255.0,Orazio Curatoli,,Orazio Curatoli
5256,2025,2028,2,2,2025,2025,2,0,3,True,True,0,5,15,0.0,3,0,1.3333333333333333,0,0,2,0,2,4,2,0,5256.0,Dolores Tasso,,Dolores Tasso
5257,2025,2028,2,2,2025,2025,2,0,3,True,True,0,5,15,0.0,3,0,1.3333333333333333,0,0,2,0,2,4,1,0,5257.0,Renzo Dallapé,,Renzo Dallapé
5258,2007,2025,6,6,2010,2025,4,3,18,True,False,0,8,15,0.0,4,0,1.2515923566878981,0,0,3,1,4,6,3,0,5258.0,Gianfranco Falier,,Gianfranco Falier
5262,2010,2010,1,1,,,1,,0,True,False,0,0,,0.0,0,0,0.0,0,0,1,0,1,0,2,0,5262.0,Xia Pan,,Xia Pan
5266,2002,2023,2,2,2002,2023,2,0,21,True,False,0,3,17,0.0,4,0,0.14285714285714285,0,0,4,0,4,1,3,0,5266.0,Guiying Hou,,Guiying Hou
5269,2027,2027,1,1,2027,2027,1,0,0,True,True,0,1,13,0.0,0,0,0.0,0,0,1,0,1,0,1,1,5269.0,Gang Du,,Gang Du
5270,2027,2027,1,1,2027,2027,1,0,0,True,True,0,1,13,0.0,0,0,0.0,0,0,1,0,1,0,1,1,5270.0,Xia Wei,,Xia Wei
5271,2027,2027,1,1,2027,2027,1,0,0,True,True,0,1,13,0.0,0,0,0.0,0,0,1,0,1,0,1,1,5271.0,Yong Meng,,Yong Meng
5274,2025,2025,1,1,,,1,,0,True,True,0,1,,0.0,1,0,0.0,0,0,1,0,1,0,2,0,5274.0,Ming Feng,,Ming Feng
5277,2013,2013,1,1,,,1,,0,True,False,0,2,,0.0,0,0,0.0,0,0,1,0,1,0,1,1,5277.0,Joseph Adams,,Joseph Adams
5280,1989,1998,2,2,,,2,,9,True,False,0,0,,0.0,1,0,0.0,0,0,2,0,2,0,2,0,5280.0,Cameron Faulkner,Horizon,Horizon
5281,1993,2026,4,3,,,2,,33,True,False,0,14,,0.0,2,0,0.0,0,0,2,0,2,3,3,0,5281.0,Ismet Heser,,Ismet Heser
5286,2017,2024,2,2,2024,2024,2,7,7,True,False,0,7,16,0.0,1,0,0.0,0,0,2,0,2,1,3,0,5286.0,Amanda Hill, R.E.D., R.E.D.
5287,2017,2017,1,1,,,1,,0,True,False,0,3,,0.0,0,0,0.0,0,0,1,0,1,0,1,0,5287.0,Darshit Gandhi,,Darshit Gandhi
5291,2010,2010,1,1,,,1,,0,True,False,0,0,,0.0,0,0,0.0,0,0,2,0,2,0,1,0,5291.0,Rene Wulff-Kranz,,Rene Wulff-Kranz
5292,2010,2010,2,2,,,1,,0,True,False,0,0,,0.0,0,0,0.0,0,0,3,0,3,0,1,0,5292.0,Stephanie Silva,,Stephanie Silva
5293,2010,2010,2,2,,,1,,0,True,False,0,0,,0.0,0,0,0.0,0,0,3,0,3,0,1,0,5293.0,Jorge Hood,,Jorge Hood
5294,2010,2010,2,2,,,1,,0,True,False,0,0,,0.0,0,0,0.0,0,0,3,0,3,0,1,0,5294.0,Keith Hernandez,,Keith Hernandez
5296,2004,2004,1,1,,,1,,0,True,False,0,0,,0.0,0,0,0.0,0,0,1,0,1,0,1,0,5296.0,Samuel Morrison,,Samuel Morrison
5297,2004,2028,2,2,,,2,,24,True,False,0,2,,0.0,2,0,0.2916666666666667,0,0,3,0,3,0,2,0,5297.0,Anthony Gutierrez,,Anthony Gutierrez
5298,2004,2004,1,1,,,1,,0,True,False,0,0,,0.0,0,0,0.0,0,0,1,0,1,0,2,0,5298.0,Andrew Miller,,Andrew Miller
5299,2004,2004,1,1,,,1,,0,True,False,0,0,,0.0,0,0,0.0,0,0,1,0,1,0,2,0,5299.0,Robert Martinez,,Robert Martinez
5301,2027,2027,1,1,,,1,,0,True,True,0,2,,0.0,0,0,0.0,0,0,1,0,1,0,2,0,5301.0,Leonard Phillips,TR1P LIT,TR1P LIT
5302,2027,2029,2,2,,,1,,2,True,True,0,3,,0.0,0,0,1.0,0,0,2,0,2,0,1,0,5302.0,Matthew Nichols,,Matthew Nichols
5304,2027,2029,2,2,,,1,,2,True,True,0,3,,0.0,0,0,1.0,0,0,2,0,2,0,1,0,5304.0,Dustin Lopez,,Dustin Lopez
5305,2027,2029,2,2,,,1,,2,True,True,0,3,,0.0,0,0,1.0,0,0,2,0,2,0,1,0,5305.0,Walter Bell,,Walter Bell
5308,2013,2013,2,2,,,1,,0,True,False,0,2,,0.0,3,0,0.0,0,0,2,0,2,0,2,0,5308.0,Berend Suijker-Tirie,,Berend Suijker-Tirie
5309,2013,2013,1,1,,,1,,0,True,False,0,0,,0.0,2,0,0.0,0,0,2,1,3,0,1,0,5309.0,Gundula Löchel,,Gundula Löchel
5311,2024,2024,1,1,,,1,,0,True,False,0,2,,0.0,4,0,0.0,0,0,1,0,1,2,1,0,5311.0,Autumn Johnson,,Autumn Johnson
5312,2024,2024,1,1,,,1,,0,True,False,0,2,,0.0,4,0,0.0,0,0,1,0,1,2,1,0,5312.0,Ramona Mezzetta,,Ramona Mezzetta
5313,2024,2024,1,1,,,1,,0,True,False,0,2,,0.0,4,0,0.0,0,0,1,0,1,2,1,0,5313.0,Sydney James,,Sydney James
5314,2023,2024,2,1,,,2,,1,True,False,0,3,,0.0,5,0,9.0,0,0,1,0,1,2,2,0,5314.0,Veronica Ferguson,,Veronica Ferguson
5315,2024,2024,1,1,,,1,,0,True,False,0,2,,0.0,4,0,0.0,0,0,1,0,1,2,1,0,5315.0,Lauren Rich,,Lauren Rich
5316,2023,2023,1,0,,,1,,0,True,False,0,1,,0.0,2,0,0.0,0,0,1,0,1,0,2,0,5316.0,Cynthia Nunez,,Cynthia Nunez
5317,2024,2024,1,1,,,1,,0,True,False,0,2,,0.0,4,0,0.0,0,0,1,0,1,2,1,0,5317.0,Craig Campbell,,Craig Campbell
5319,2013,2013,1,1,,,1,,0,True,False,0,0,,0.0,0,0,0.0,0,0,2,0,2,0,2,0,5319.0,Gioacchino Gargallo, Cruz, Cruz
5320,2025,2025,1,1,,,1,,0,True,True,0,0,,0.0,1,0,0.0,0,0,1,0,1,0,1,0,5320.0,Bianca Peano,,Bianca Peano
5321,2013,2019,2,1,,,1,,6,True,False,0,2,,0.0,0,0,0.0,0,0,2,0,2,0,1,0,5321.0,Randolf Fiebig,,Randolf Fiebig
5323,2027,2027,1,1,,,1,,0,True,True,0,1,,0.0,0,0,0.0,0,0,1,0,1,1,2,0,5323.0,Leroy Reeves,,Leroy Reeves
5326,2013,2013,1,1,,,1,,0,True,False,0,2,,0.0,1,0,0.0,0,0,1,0,1,0,1,0,5326.0,Elenore Wulff,,Elenore Wulff
5328,2013,2013,1,1,,,1,,0,True,False,0,2,,0.0,1,0,0.0,0,0,1,0,1,0,1,0,5328.0,Irmtraut Benthin,,Irmtraut Benthin
5329,2013,2028,2,2,,,2,,15,True,False,0,3,,0.0,1,0,0.26666666666666666,0,0,2,0,2,0,1,0,5329.0,Yang Gu,,Yang Gu
5330,2013,2023,3,3,,,2,,10,True,False,0,7,,0.0,2,0,1.6898734177215193,0,0,1,0,1,0,2,0,5330.0,Oscar Marshall,,Oscar Marshall
5332,2017,2017,1,1,,,1,,0,True,False,0,0,,0.0,0,0,0.0,0,0,2,0,2,0,2,0,5332.0,Jolanta Schlosser,,Jolanta Schlosser
5334,2010,2017,2,2,2010,2010,2,0,7,True,False,0,1,30,0.0,0,0,0.14285714285714285,0,0,2,0,2,0,1,0,5334.0,Hans Josef Haering,,Hans Josef Haering
5336,2013,2013,1,1,,,1,,0,True,False,0,2,,0.0,0,0,0.0,0,0,1,0,1,0,1,0,5336.0,Karla Moreno,R3K STRIKKA,R3K STRIKKA
5337,2013,2013,1,1,,,1,,0,True,False,0,2,,0.0,0,0,0.0,0,0,1,0,1,0,2,0,5337.0,Patricia Cherry,,Patricia Cherry
5338,1997,1997,1,1,,,1,,0,True,False,0,0,,0.0,0,0,0.0,0,0,1,0,1,0,1,0,5338.0,Colton Dickerson,,Colton Dickerson
5340,2026,2026,1,1,,,1,,0,True,True,0,1,,0.0,1,0,0.0,0,0,2,0,2,0,1,0,5340.0,Alyssa Franklin,,Alyssa Franklin
5341,2026,2026,1,1,,,1,,0,True,True,0,1,,0.0,1,0,0.0,0,0,2,0,2,0,1,0,5341.0,Li Tan,,Li Tan
5344,2026,2026,1,1,,,1,,0,True,True,0,1,,0.0,1,0,0.0,0,0,2,0,2,0,1,0,5344.0,Jie Fan,,Jie Fan
5345,1997,2026,4,3,2013,2013,3,16,29,True,False,0,4,27,0.0,3,0,0.3176470588235294,1,0,6,0,6,0,2,0,5345.0,Xiulan Wang,,Xiulan Wang
5346,2026,2026,1,1,,,1,,0,True,True,0,1,,0.0,1,0,0.0,0,0,2,0,2,0,1,0,5346.0,Juan Qiu,,Juan Qiu
5349,2010,2010,1,0,,,1,,0,True,False,0,0,,0.0,0,0,0.0,0,0,0,0,0,0,2,0,5349.0,Wei Zhong,,Wei Zhong
5352,2014,2014,1,1,2014,2014,1,0,0,True,False,0,0,26,0.0,2,0,0.0,0,0,1,0,1,0,1,0,5352.0,Ping Xiang,,Ping Xiang
5353,2014,2014,1,1,2014,2014,1,0,0,True,False,0,0,26,0.0,2,0,0.0,0,0,1,0,1,0,1,0,5353.0,Chao Cai,,Chao Cai
5354,2014,2014,1,1,2014,2014,1,0,0,True,False,0,0,26,0.0,2,0,0.0,0,0,1,0,1,0,1,0,5354.0,Stephen Ross,,Stephen Ross
5355,2014,2014,1,1,2014,2014,1,0,0,True,False,0,0,26,0.0,2,0,0.0,0,0,1,0,1,0,2,0,5355.0,Jing Tian,,Jing Tian
5357,2010,2016,2,2,,,1,,6,True,False,0,1,,0.0,2,0,0.8333333333333334,0,0,1,0,1,0,1,0,5357.0,Emily Glenn,,Emily Glenn
5358,2010,2016,2,2,,,1,,6,True,False,0,1,,0.0,2,0,0.8333333333333334,0,0,1,0,1,0,1,0,5358.0,Jing Xiang,,Jing Xiang
5359,2010,2016,2,2,,,1,,6,True,False,0,1,,0.0,2,0,0.8333333333333334,0,0,1,0,1,0,1,0,5359.0,Na Luo,,Na Luo
5360,2010,2024,3,3,,,2,,14,True,False,0,3,,0.0,1,0,0.5608108108108109,0,0,1,0,1,0,2,0,5360.0,Ping Xiang,,Ping Xiang
5362,2023,2029,3,3,,,2,,6,True,False,0,15,,0.0,1,0,0.16666666666666666,0,0,2,0,2,3,2,0,5362.0,Yong Su,,Yong Su
5363,2004,2004,1,1,,,1,,0,True,False,0,1,,0.0,0,0,0.0,0,0,1,0,1,0,3,0,5363.0,Jing Yin,,Jing Yin
5365,2027,2027,1,1,,,1,,0,True,True,0,2,,0.0,4,0,0.0,0,0,1,0,1,0,1,0,5365.0,Guiying Zhao, Diamond Dusk, Diamond Dusk
5366,2025,2028,4,4,,,3,,3,True,True,0,7,,0.0,6,0,6.8,0,0,2,1,3,0,3,0,5366.0,Xiuying Song,,Xiuying Song
5367,2025,2027,3,3,,,3,,2,True,True,0,5,,0.0,5,0,4.0,0,0,1,1,2,0,2,0,5367.0,Juan Feng,,Juan Feng
5368,2025,2028,6,6,,,4,,3,True,True,0,9,,0.0,6,0,9.2,0,0,2,1,3,0,1,0,5368.0,Xia Dai,,Xia Dai
5369,2027,2027,1,1,,,1,,0,True,True,0,2,,0.0,4,0,0.0,0,0,1,0,1,0,1,0,5369.0,Lei Xie,,Lei Xie
5370,2025,2028,6,6,,,4,,3,True,True,0,9,,0.0,6,0,9.2,0,0,2,1,3,0,1,0,5370.0,Xiuying Xiang,,Xiuying Xiang
5371,2026,2027,2,2,,,1,,1,True,True,0,3,,0.0,7,0,6.0,0,0,2,0,2,0,1,0,5371.0,Lei Lai,,Lei Lai
5373,2013,2020,2,2,,,2,,7,True,False,0,6,,0.0,3,0,0.0,0,0,3,0,3,1,2,0,5373.0,Victoria Pierce,,Victoria Pierce
5377,2022,2022,1,1,,,1,,0,True,False,0,2,,0.0,1,0,0.0,0,0,1,0,1,0,2,0,5377.0,Juan Lai,,Juan Lai
5380,2022,2022,1,1,,,1,,0,True,False,0,2,,0.0,1,0,0.0,0,0,1,0,1,0,1,0,5380.0,Na Dai,,Na Dai
5381,2022,2023,2,2,,,2,,1,True,False,0,4,,0.0,1,0,4.0,0,0,3,0,3,1,3,1,5381.0,Guiying Jia,,Guiying Jia
5382,1997,2025,6,6,,,5,,28,True,False,0,12,,0.0,4,0,0.6117779444861214,0,0,4,0,4,3,3,0,5382.0,Yong Wang,,Yong Wang
5384,1984,1984,1,1,1984,1984,1,0,0,True,False,0,0,56,0.0,0,0,0.0,0,0,2,0,2,0,1,0,5384.0,Jennifer Henderson,,Jennifer Henderson
5385,1984,1984,1,1,1984,1984,1,0,0,True,False,0,0,56,0.0,0,0,0.0,0,0,2,0,2,0,1,0,5385.0,Elizabeth Flores,,Elizabeth Flores
5387,2013,2013,1,1,,,1,,0,True,False,0,1,,0.0,1,0,0.0,0,0,1,0,1,0,1,0,5387.0,Yang Zhong,,Yang Zhong
5388,2013,2013,1,1,,,1,,0,True,False,0,1,,0.0,1,0,0.0,0,0,1,0,1,0,2,0,5388.0,Jun Yu,,Jun Yu
5390,2020,2020,1,1,,,1,,0,True,False,0,6,,0.0,0,0,0.0,0,0,1,0,1,0,2,0,5390.0,Wei Wan,,Wei Wan
5393,2016,2016,1,1,,,1,,0,True,False,0,0,,0.0,0,0,0.0,0,0,1,0,1,0,1,0,5393.0,Wei Hao,,Wei Hao
5395,2027,2029,2,2,,,1,,2,True,True,0,5,,0.0,5,0,2.5,0,0,2,0,2,0,1,0,5395.0,Yan Kang,,Yan Kang
5397,2026,2026,1,1,,,1,,0,True,True,0,1,,0.0,2,0,0.0,0,0,0,0,0,0,1,0,5397.0,Guiying Fu,,Guiying Fu
5398,2022,2026,4,4,,,1,,4,True,False,0,4,,0.0,1,0,2.307692307692307,0,0,3,0,3,0,2,0,5398.0,Shawn Fox,,Shawn Fox
5399,2026,2026,2,2,,,2,,0,True,True,0,2,,0.0,2,0,0.0,0,0,1,0,1,0,1,0,5399.0,Chao Liao,,Chao Liao
5400,2026,2026,1,1,,,1,,0,True,True,0,1,,0.0,1,0,0.0,0,0,1,0,1,0,1,0,5400.0,Min Lu,,Min Lu
5402,2023,2026,3,3,,,2,,3,True,False,0,2,,0.0,1,0,3.3333333333333335,0,0,3,0,3,0,1,0,5402.0,Jun Yin,,Jun Yin
5404,2023,2026,2,2,,,1,,3,True,False,0,1,,0.0,2,0,1.6666666666666667,0,0,2,0,2,0,2,0,5404.0,Jing Feng,,Jing Feng
5408,2023,2023,1,1,,,1,,0,True,False,0,6,,0.0,1,0,0.0,0,0,1,0,1,1,1,0,5408.0,Yong Mao,,Yong Mao
5411,2023,2023,1,1,,,1,,0,True,False,0,1,,0.0,0,0,0.0,0,0,1,0,1,0,1,0,5411.0,Jie Li,,Jie Li
5412,2023,2023,1,1,,,1,,0,True,False,0,1,,0.0,0,0,0.0,0,0,1,0,1,0,2,0,5412.0,Xiuying Yao,,Xiuying Yao
5413,2013,2013,1,1,,,1,,0,True,False,0,1,,0.0,0,0,0.0,0,0,1,0,1,0,1,0,5413.0,Lei Kong,,Lei Kong
5417,2028,2028,1,1,2028,2028,1,0,0,True,True,0,3,12,0.0,1,0,0.0,0,0,1,0,1,0,1,0,5417.0,Qiang Jiang,,Qiang Jiang
5418,2028,2028,1,1,2028,2028,1,0,0,True,True,0,3,12,0.0,1,0,0.0,0,0,1,0,1,0,1,0,5418.0,Ming Zeng,,Ming Zeng
5419,2028,2028,1,1,2028,2028,1,0,0,True,True,0,3,12,0.0,1,0,0.0,0,0,1,0,1,0,1,0,5419.0,Karen Graham,,Karen Graham
5420,2028,2028,1,1,2028,2028,1,0,0,True,True,0,3,12,0.0,1,0,0.0,0,0,1,0,1,0,2,0,5420.0,Wei Long,,Wei Long
5421,2028,2028,1,1,2028,2028,1,0,0,True,True,0,3,12,0.0,1,0,0.0,0,0,1,0,1,0,1,0,5421.0,Qiang Wen,,Qiang Wen
5422,2020,2028,2,2,2028,2028,2,8,8,True,False,0,5,12,0.0,2,0,0.875,0,0,2,0,2,0,1,0,5422.0,Yan Qiu,,Yan Qiu
5423,2028,2028,1,1,2028,2028,1,0,0,True,True,0,3,12,0.0,1,0,0.0,0,0,1,0,1,0,1,0,5423.0,Chao Fang,,Chao Fang
5426,2013,2013,1,1,2013,2013,1,0,0,True,False,0,1,27,0.0,3,0,0.0,0,0,1,0,1,1,1,0,5426.0,Pier Pavone-Cignaroli,,Pier Pavone-Cignaroli
5428,1997,1997,1,1,,,1,,0,True,False,0,0,,0.0,0,0,0.0,0,0,1,0,1,0,2,0,5428.0,Sebastiano Torlonia,,Sebastiano Torlonia
5429,1997,1997,1,1,,,1,,0,True,False,0,0,,0.0,0,0,0.0,0,0,1,0,1,0,1,0,5429.0,Griselda Renier-Mozart,,Griselda Renier-Mozart
5430,1997,1997,1,1,,,1,,0,True,False,0,0,,0.0,0,0,0.0,0,0,1,0,1,0,1,0,5430.0,Caterina Mercadante-Munari,,Caterina Mercadante-Munari
5433,2014,2014,1,1,,,1,,0,True,False,0,1,,0.0,0,0,0.0,0,0,1,0,1,0,3,0,5433.0,Jennifer Gibson,,Jennifer Gibson
5435,2004,2004,1,1,,,1,,0,True,False,0,0,,0.0,0,0,0.0,0,0,2,0,2,0,1,0,5435.0,Jing Gao,,Jing Gao
5440,2028,2028,1,1,,,1,,0,True,True,0,1,,0.0,0,0,0.0,0,0,1,0,1,0,1,0,5440.0,Guiying Lu,,Guiying Lu
5441,2028,2028,1,1,,,1,,0,True,True,0,1,,0.0,0,0,0.0,0,0,1,0,1,0,1,0,5441.0,Guiying Jin,,Guiying Jin
5442,2028,2028,1,1,,,1,,0,True,True,0,1,,0.0,0,0,0.0,0,0,1,0,1,0,1,0,5442.0,Qiang Jin,,Qiang Jin
5444,2028,2028,1,1,,,1,,0,True,True,0,1,,0.0,0,0,0.0,0,0,1,0,1,0,1,0,5444.0,Xiuying Gao,,Xiuying Gao
5445,2028,2028,1,1,,,1,,0,True,True,0,1,,0.0,0,0,0.0,0,0,1,0,1,0,1,0,5445.0,Xia Zhao,,Xia Zhao
5446,2028,2028,1,1,,,1,,0,True,True,0,1,,0.0,0,0,0.0,0,0,1,0,1,0,1,0,5446.0,Jie Gu,,Jie Gu
5447,2028,2028,1,1,,,1,,0,True,True,0,1,,0.0,0,0,0.0,0,0,1,0,1,0,1,0,5447.0,Yang Lai,,Yang Lai
5450,2002,2002,1,1,,,1,,0,True,False,0,0,,0.0,0,0,0.0,0,0,2,0,2,0,2,0,5450.0,Stephanie Bird,,Stephanie Bird
5453,2007,2007,1,1,,,1,,0,True,False,0,1,,0.0,1,0,0.0,0,0,1,0,1,0,1,0,5453.0,Jonathan May,,Jonathan May
5454,2028,2028,1,1,,,1,,0,True,True,0,1,,0.0,0,0,0.0,0,0,1,0,1,0,2,0,5454.0,Xia Long,,Xia Long
5456,1999,1999,1,1,1999,1999,1,0,0,True,False,0,1,41,0.0,1,0,0.0,0,0,2,0,2,0,1,0,5456.0,Matthew Miller,,Matthew Miller
5458,2017,2017,1,1,,,1,,0,True,False,0,2,,0.0,0,0,0.0,0,0,1,0,1,0,1,1,5458.0,Raymond Martin,,Raymond Martin
5459,2010,2025,4,4,,,3,,15,True,False,0,3,,0.0,5,0,1.0338983050847457,0,0,2,1,3,0,1,0,5459.0,Tao Jin,,Tao Jin
5463,2024,2024,1,1,2024,2024,1,0,0,True,False,0,1,16,0.0,1,0,0.0,0,0,1,0,1,0,2,0,5463.0,Pomponio Pometta,,Pomponio Pometta
5464,2024,2024,1,1,2024,2024,1,0,0,True,False,0,1,16,0.0,1,0,0.0,0,0,1,0,1,0,1,0,5464.0,Ottavio Barcella-Ritacca,,Ottavio Barcella-Ritacca
5465,2017,2024,3,3,2024,2024,2,7,7,True,False,0,3,16,0.0,1,0,0.864864864864865,0,0,2,0,2,0,2,0,5465.0,Ippazio Barcella,,Ippazio Barcella
5466,2024,2024,1,1,2024,2024,1,0,0,True,False,0,1,16,0.0,1,0,0.0,0,0,1,0,1,0,1,0,5466.0,Aurora Alboni,,Aurora Alboni
5467,2024,2024,1,1,2024,2024,1,0,0,True,False,0,1,16,0.0,1,0,0.0,0,0,1,0,1,0,1,0,5467.0,Coriolano Riccati,,Coriolano Riccati
5470,2020,2020,1,1,,,1,,0,True,False,0,1,,0.0,1,0,0.0,0,0,2,0,2,0,2,0,5470.0,Ruben Watkins,,Ruben Watkins
5471,2020,2020,1,1,,,1,,0,True,False,0,1,,0.0,1,0,0.0,0,0,2,0,2,0,1,0,5471.0,Gerald Collins,,Gerald Collins
5472,2020,2020,1,1,,,1,,0,True,False,0,1,,0.0,1,0,0.0,0,0,2,0,2,0,1,0,5472.0,Amanda Davis,,Amanda Davis
5474,2020,2020,1,1,,,1,,0,True,False,0,0,,0.0,0,0,0.0,0,0,1,0,1,0,1,0,5474.0,Na Fu,,Na Fu
5475,2020,2020,1,1,,,1,,0,True,False,0,0,,0.0,0,0,0.0,0,0,1,0,1,0,2,0,5475.0,Sheila Acosta,,Sheila Acosta
5478,2013,2026,2,2,2013,2026,2,0,13,True,False,0,2,14,0.0,1,0,0.07692307692307693,0,0,2,0,2,1,3,0,5478.0,Marilyn Moore,,Marilyn Moore
5479,2013,2029,3,3,2013,2026,3,0,16,True,False,0,4,14,0.0,0,0,0.19815668202764977,0,0,3,0,3,2,1,0,5479.0,Susan Edwards,,Susan Edwards
5481,2018,2023,3,3,2023,2023,1,5,5,True,False,0,14,17,0.0,2,0,0.2,0,0,1,0,1,2,2,0,5481.0,Min Zhao,,Min Zhao
5482,2018,2018,1,1,,,1,,0,True,False,0,4,,0.0,2,0,0.0,0,0,1,0,1,0,1,0,5482.0,Yong Hu,,Yong Hu
5484,2023,2029,2,2,2029,2029,2,6,6,True,False,0,4,11,0.0,2,0,0.5,0,0,1,0,1,0,1,0,5484.0,Tao Hu,,Tao Hu
5485,2023,2023,1,1,,,1,,0,True,False,0,2,,0.0,1,0,0.0,0,0,1,0,1,0,1,0,5485.0,Guiying Ren,,Guiying Ren
5486,2023,2023,1,1,,,1,,0,True,False,0,2,,0.0,1,0,0.0,0,0,1,0,1,0,1,0,5486.0,Ming Qiu,,Ming Qiu
5487,2023,2023,1,1,,,1,,0,True,False,0,2,,0.0,1,0,0.0,0,0,1,0,1,0,1,0,5487.0,Ashley Brady,,Ashley Brady
5490,2025,2025,1,1,2025,2025,1,0,0,True,True,0,1,15,0.0,0,0,0.0,0,0,1,0,1,0,1,0,5490.0,Joseph Contreras,,Joseph Contreras
5491,2025,2025,1,1,2025,2025,1,0,0,True,True,0,1,15,0.0,0,0,0.0,0,0,1,0,1,0,1,0,5491.0,Ana Wilson,,Ana Wilson
5493,2023,2023,1,1,,,1,,0,True,False,0,5,,0.0,3,0,0.0,0,0,1,0,1,0,1,0,5493.0,Gang Jia,,Gang Jia
5494,2023,2023,1,1,,,1,,0,True,False,0,5,,0.0,3,0,0.0,0,0,1,0,1,0,1,0,5494.0,Chao Yu,,Chao Yu
5495,2017,2023,2,2,,,2,,6,True,False,0,7,,0.0,3,0,2.3333333333333335,0,0,2,0,2,0,1,0,5495.0,Ming Chen,,Ming Chen
5496,2023,2023,1,1,,,1,,0,True,False,0,5,,0.0,3,0,0.0,0,0,1,0,1,0,2,0,5496.0,Ping Li,,Ping Li
5497,2020,2023,2,2,,,1,,3,True,False,0,5,,0.0,3,0,4.666666666666667,0,0,1,0,1,0,1,0,5497.0,Jie Sun,,Jie Sun
5498,2023,2023,1,1,,,1,,0,True,False,0,5,,0.0,3,0,0.0,0,0,1,0,1,0,1,0,5498.0,Susan Scott,,Susan Scott
5499,2023,2023,1,1,,,1,,0,True,False,0,5,,0.0,3,0,0.0,0,0,1,0,1,0,1,0,5499.0,Olivia Steinberg,,Olivia Steinberg
5500,2023,2023,1,1,,,1,,0,True,False,0,5,,0.0,3,0,0.0,0,0,1,0,1,0,1,0,5500.0,Min Gao,,Min Gao
5501,2023,2023,1,1,,,1,,0,True,False,0,5,,0.0,3,0,0.0,0,0,1,0,1,0,1,0,5501.0,Yong Zhong,,Yong Zhong
5502,2013,2023,3,3,,,1,,10,True,False,0,6,,0.0,4,0,1.6898734177215193,0,0,2,0,2,0,2,0,5502.0,Fang Lu,,Fang Lu
5503,2023,2023,1,1,,,1,,0,True,False,0,5,,0.0,3,0,0.0,0,0,1,0,1,0,1,0,5503.0,Li Wan,,Li Wan
5504,2020,2023,2,2,,,1,,3,True,False,0,5,,0.0,3,0,4.666666666666667,0,0,1,0,1,0,2,0,5504.0,Yong Lei,,Yong Lei
5505,2023,2023,1,1,,,1,,0,True,False,0,5,,0.0,3,0,0.0,0,0,1,0,1,0,1,0,5505.0,Gang Ren,,Gang Ren
5508,2017,2017,1,1,2017,2017,1,0,0,True,False,0,1,23,0.0,0,0,0.0,0,0,0,0,0,0,1,0,5508.0,Jing Wei,,Jing Wei
5509,2017,2017,1,1,2017,2017,1,0,0,True,False,0,1,23,0.0,0,0,0.0,0,0,0,0,0,0,2,0,5509.0,Yan Xu,,Yan Xu
5510,2017,2017,1,1,2017,2017,1,0,0,True,False,0,1,23,0.0,0,0,0.0,0,0,0,0,0,0,1,0,5510.0,Juan Xiao,,Juan Xiao
5511,2017,2017,1,1,2017,2017,1,0,0,True,False,0,1,23,0.0,0,0,0.0,0,0,0,0,0,0,1,0,5511.0,Min Mo,,Min Mo
5515,2023,2023,1,1,2023,2023,1,0,0,True,False,0,2,17,0.0,0,0,0.0,0,0,2,0,2,1,2,0,5515.0,Herr Folkert Vogt,,Herr Folkert Vogt
5516,2023,2023,1,1,2023,2023,1,0,0,True,False,0,2,17,0.0,0,0,0.0,0,0,2,0,2,1,1,0,5516.0,Gregory Morris,,Gregory Morris
5521,2013,2013,1,1,2013,2013,1,0,0,True,False,0,1,27,0.0,1,0,0.0,0,0,0,0,0,0,1,0,5521.0,Matthew Burton,,Matthew Burton
5522,2013,2013,1,1,2013,2013,1,0,0,True,False,0,1,27,0.0,1,0,0.0,0,0,0,0,0,0,1,0,5522.0,Lindsey Simpson,,Lindsey Simpson
5523,2013,2013,1,1,2013,2013,1,0,0,True,False,0,1,27,0.0,1,0,0.0,0,0,0,0,0,0,1,0,5523.0,Yang Liao,,Yang Liao
5528,2017,2017,1,1,,,1,,0,True,False,0,1,,0.0,2,0,0.0,0,0,1,0,1,0,1,0,5528.0,Jun Gong,,Jun Gong
5529,2017,2017,1,1,,,1,,0,True,False,0,1,,0.0,2,0,0.0,0,0,1,0,1,0,1,0,5529.0,Ming Zheng,,Ming Zheng
5532,2026,2026,1,1,,,1,,0,True,True,0,1,,0.0,0,0,0.0,0,0,1,0,1,1,1,0,5532.0,Yan Yuan,,Yan Yuan
5533,2026,2026,1,1,,,1,,0,True,True,0,1,,0.0,0,0,0.0,0,0,1,0,1,1,1,0,5533.0,Yan Cui,,Yan Cui
5538,2001,2001,1,1,2001,2001,1,0,0,True,False,0,0,39,0.0,1,0,0.0,0,0,1,0,1,0,1,0,5538.0,Donald Oliver,,Donald Oliver
5539,2001,2023,4,4,2001,2001,1,0,22,True,False,0,1,39,0.0,2,0,0.4478021978021977,0,0,2,0,2,0,2,0,5539.0,Sean Rodgers,,Sean Rodgers
5541,2023,2029,2,2,,,1,,6,True,False,0,4,,0.0,5,0,0.5,0,0,3,0,3,0,1,0,5541.0,Yong Lin,,Yong Lin
5542,2023,2027,3,3,,,2,,4,True,False,0,5,,0.0,4,0,1.8461538461538458,0,0,4,1,5,0,2,0,5542.0,Xiulan Cai,,Xiulan Cai
5543,2023,2026,2,2,,,1,,3,True,False,0,3,,0.0,5,0,1.3333333333333333,0,0,3,0,3,0,2,0,5543.0,Mark Sparks,,Mark Sparks
5544,2023,2029,4,4,,,2,,6,True,False,0,7,,0.0,4,0,1.88,0,0,4,1,5,0,1,0,5544.0,Chao Chen,,Chao Chen
5545,2023,2023,1,1,,,1,,0,True,False,0,2,,0.0,4,0,0.0,0,0,2,0,2,0,1,0,5545.0,Xia Lin,,Xia Lin
5548,2023,2023,1,1,,,1,,0,True,False,0,1,,0.0,1,0,0.0,0,0,2,0,2,1,1,0,5548.0,Christopher Romero,,Christopher Romero
5549,2017,2023,2,2,,,2,,6,True,False,0,3,,0.0,1,0,0.8333333333333334,0,0,3,0,3,1,3,1,5549.0,Danielle Gray,,Danielle Gray
5550,2023,2023,1,1,,,1,,0,True,False,0,1,,0.0,1,0,0.0,0,0,2,0,2,1,1,0,5550.0,Bryan Shaw,,Bryan Shaw
5552,2023,2023,1,1,,,1,,0,True,False,0,1,,0.0,1,0,0.0,0,0,2,0,2,1,2,0,5552.0,Raymond Ponce,,Raymond Ponce
5554,2004,2023,4,4,,,3,,19,True,False,0,2,,0.0,2,0,0.4552715654952077,0,0,3,1,4,1,2,0,5554.0,Gordon Cox,,Gordon Cox
5555,2023,2023,1,1,,,1,,0,True,False,0,1,,0.0,1,0,0.0,0,0,2,0,2,1,1,0,5555.0,Laura Ward,,Laura Ward
5557,2029,2029,1,1,,,1,,0,True,True,0,2,,0.0,0,0,0.0,0,0,1,0,1,1,3,0,5557.0,Kendra Green,,Kendra Green
5558,1988,1988,1,1,,,1,,0,True,False,0,0,,0.0,1,0,0.0,0,0,1,0,1,0,2,0,5558.0,William Mcclain,,William Mcclain
5562,2023,2023,1,1,,,1,,0,True,False,0,11,,0.0,0,0,0.0,0,0,2,0,2,3,1,1,5562.0,Mitchell Mcdonald,,Mitchell Mcdonald
5566,2024,2024,1,1,,,1,,0,True,False,0,0,,0.0,0,0,0.0,0,0,1,0,1,0,1,0,5566.0,Ida Burzec,,Ida Burzec
5567,2024,2024,1,1,,,1,,0,True,False,0,0,,0.0,0,0,0.0,0,0,1,0,1,0,1,0,5567.0,Urszula Henke,,Urszula Henke
5572,2007,2007,1,1,,,1,,0,True,False,0,1,,0.0,0,0,0.0,0,0,1,0,1,1,2,0,5572.0,Jun Luo,,Jun Luo
5573,2007,2007,1,1,,,1,,0,True,False,0,1,,0.0,0,0,0.0,0,0,1,0,1,1,1,0,5573.0,Xia Zeng,,Xia Zeng
5575,2017,2017,1,1,,,1,,0,True,False,0,1,,0.0,0,0,0.0,0,0,0,0,0,0,3,0,5575.0,Shannon Harvey,,Shannon Harvey
5578,2029,2029,1,1,,,1,,0,True,True,0,1,,0.0,0,0,0.0,0,0,0,0,0,1,2,0,5578.0,Juan Zhou,,Juan Zhou
5579,2029,2029,1,1,,,1,,0,True,True,0,1,,0.0,0,0,0.0,0,0,0,0,0,1,2,0,5579.0,Jie Wen,,Jie Wen
5580,2029,2029,1,1,,,1,,0,True,True,0,1,,0.0,0,0,0.0,0,0,0,0,0,1,1,0,5580.0,Gang Yu,,Gang Yu
5581,2029,2029,1,1,,,1,,0,True,True,0,1,,0.0,0,0,0.0,0,0,0,0,0,1,1,0,5581.0,Gang He,,Gang He
5585,2010,2010,1,1,,,1,,0,True,False,0,0,,0.0,1,0,0.0,0,0,1,0,1,0,1,0,5585.0,Manon Diaz, Kira Wolf, Kira Wolf
5586,2010,2010,1,1,,,1,,0,True,False,0,0,,0.0,1,0,0.0,0,0,1,0,1,0,1,0,5586.0,Benoît Delmas,,Benoît Delmas
5587,2010,2010,1,1,,,1,,0,True,False,0,0,,0.0,1,0,0.0,0,0,1,0,1,0,1,0,5587.0,Audrey Le Boucher,,Audrey Le Boucher
5589,2026,2026,1,1,,,1,,0,True,True,0,0,,0.0,0,0,0.0,0,0,1,0,1,0,2,0,5589.0,Paul-Robert Bodin,,Paul-Robert Bodin
5592,2025,2025,1,1,2025,2025,1,0,0,True,True,0,1,15,0.0,0,0,0.0,0,0,2,0,2,0,1,0,5592.0,Anja Niemeier,,Anja Niemeier
5593,2025,2025,1,1,2025,2025,1,0,0,True,True,0,1,15,0.0,0,0,0.0,0,0,2,0,2,0,1,0,5593.0,Silvia Baum,,Silvia Baum
5594,2025,2025,1,1,2025,2025,1,0,0,True,True,0,1,15,0.0,0,0,0.0,0,0,2,0,2,0,1,0,5594.0,Marc Arroyo,,Marc Arroyo
5595,2025,2025,1,1,2025,2025,1,0,0,True,True,0,1,15,0.0,0,0,0.0,0,0,2,0,2,0,1,0,5595.0,Marco Kusch,,Marco Kusch
5596,2022,2025,2,2,2025,2025,2,3,3,True,False,0,2,15,0.0,2,0,1.6666666666666667,0,0,3,0,3,0,1,0,5596.0,Hans-Josef Steckel-Harloff,,Hans-Josef Steckel-Harloff
5597,2025,2025,1,1,2025,2025,1,0,0,True,True,0,1,15,0.0,0,0,0.0,0,0,2,0,2,0,2,0,5597.0,Hansjoachim Gieß,,Hansjoachim Gieß
5600,2020,2020,1,1,,,1,,0,True,False,0,1,,0.0,1,0,0.0,0,0,1,0,1,0,1,0,5600.0,Michelle Russo,Michelle,Michelle
5602,2010,2025,3,3,,,2,,15,True,False,0,4,,0.0,4,0,0.3,0,0,5,0,5,1,2,0,5602.0,Qiang Gu,,Qiang Gu
5605,2010,2010,1,1,,,1,,0,True,False,0,0,,0.0,1,0,0.0,0,0,2,0,2,0,1,0,5605.0,Onkar Shankar,,Onkar Shankar
5606,2010,2023,2,2,,,2,,13,True,False,0,1,,0.0,1,0,0.0,0,0,2,0,2,0,2,0,5606.0,Arnav Khosla,,Arnav Khosla
5608,2010,2017,3,3,,,1,,7,True,False,0,1,,0.0,1,0,0.2857142857142857,0,0,3,0,3,0,2,0,5608.0,Bhamini Saini,,Bhamini Saini
5610,2006,2006,1,1,,,1,,0,True,False,0,1,,0.0,0,0,0.0,0,0,2,0,2,0,1,0,5610.0,Michael Pearson,,Michael Pearson
5612,2000,2014,5,5,2002,2002,1,2,14,True,False,0,12,38,0.0,4,0,0.813758389261745,0,0,3,0,3,1,1,0,5612.0,Juan Qiao,,Juan Qiao
5613,2002,2007,2,2,2002,2002,1,0,5,True,False,0,7,38,0.0,3,0,0.6,0,0,1,0,1,1,1,0,5613.0,Wei Liu,,Wei Liu
5615,2026,2029,2,2,2029,2029,2,3,3,True,True,0,5,11,0.0,0,0,0.0,0,0,1,0,1,0,3,0,5615.0,Derek Cline,,Derek Cline
5617,2018,2018,1,0,,,1,,0,True,False,0,3,,0.0,0,0,0.0,0,0,1,0,1,0,2,1,5617.0,Kimberly Walker,,Kimberly Walker
5619,2015,2023,4,4,,,3,,8,True,False,0,4,,0.0,1,0,1.401360544217687,0,0,2,0,2,1,1,0,5619.0,Wei Han,,Wei Han
5621,2028,2028,1,1,,,1,,0,True,True,0,7,,0.0,0,0,0.0,0,0,1,0,1,2,2,1,5621.0,Charles Jacobs,BIGG STACCZ,BIGG STACCZ
5622,2028,2028,1,1,,,1,,0,True,True,0,7,,0.0,0,0,0.0,0,0,1,0,1,2,1,1,5622.0,Ping Mo,,Ping Mo
5623,2028,2028,1,1,,,1,,0,True,True,0,7,,0.0,0,0,0.0,0,0,1,0,1,2,1,1,5623.0,Min Yao,,Min Yao
5624,2028,2028,1,1,,,1,,0,True,True,0,7,,0.0,0,0,0.0,0,0,1,0,1,2,1,1,5624.0,Jing Tao,,Jing Tao
5626,2003,2003,1,1,,,1,,0,True,False,0,2,,0.0,0,0,0.0,0,0,1,0,1,0,2,0,5626.0,Qiang Xiang,,Qiang Xiang
5627,2003,2003,1,1,,,1,,0,True,False,0,2,,0.0,0,0,0.0,0,0,1,0,1,0,1,0,5627.0,Guiying Pan,,Guiying Pan
5630,2027,2027,1,1,,,1,,0,True,True,0,1,,0.0,0,0,0.0,0,0,1,0,1,0,2,0,5630.0,Adrianna Panasiewicz,TY$ON WAVE,TY$ON WAVE
5631,2027,2027,1,1,,,1,,0,True,True,0,1,,0.0,0,0,0.0,0,0,1,0,1,0,1,0,5631.0,Wojciech Ratka,,Wojciech Ratka
5634,2026,2026,1,1,,,1,,0,True,True,0,1,,0.0,0,0,0.0,0,0,1,0,1,0,3,0,5634.0,Radosław Krzyk,,Radosław Krzyk
5637,2026,2026,1,1,2026,2026,1,0,0,True,True,0,1,14,0.0,0,0,0.0,0,0,1,0,1,0,2,0,5637.0,Steven Hobbs,The Hobbs,The Hobbs
5640,2026,2026,1,1,2026,2026,1,0,0,True,True,0,1,14,0.0,0,0,0.0,0,0,1,0,1,0,1,0,5640.0,Alex Smith,,Alex Smith
5644,2007,2011,2,2,,,1,,4,True,False,0,10,,0.0,2,0,0.5,0,0,1,0,1,1,2,0,5644.0,Li Zhang,,Li Zhang
5645,1998,2014,2,2,2014,2014,1,16,16,True,False,0,6,26,0.0,2,0,0.1875,0,0,2,1,3,1,2,0,5645.0,Wei Zhao,,Wei Zhao
5646,1998,2020,6,5,2014,2014,1,16,22,True,False,0,16,26,0.0,1,0,0.607235142118863,0,0,3,1,4,2,2,0,5646.0,Fang Bai,,Fang Bai
5649,2025,2028,2,1,,,2,,3,True,True,0,7,,0.0,4,0,0.6666666666666666,0,0,3,0,3,0,1,0,5649.0,Wei Zeng,,Wei Zeng
5651,2028,2028,1,0,,,1,,0,True,True,0,3,,0.0,1,0,0.0,0,0,2,0,2,0,2,0,5651.0,Lucas Smith,,Lucas Smith
5655,2023,2023,1,1,,,1,,0,True,False,0,2,,0.0,0,0,0.0,0,0,0,0,0,1,2,0,5655.0,Kyle Jackson,,Kyle Jackson
5658,2023,2023,1,1,,,1,,0,True,False,0,1,,0.0,3,0,0.0,0,0,1,0,1,0,1,0,5658.0,Magdalene Rust,,Magdalene Rust
5659,2023,2023,1,1,,,1,,0,True,False,0,1,,0.0,3,0,0.0,0,0,1,0,1,0,1,0,5659.0,Marietta Kraushaar,,Marietta Kraushaar
5662,1997,2013,2,2,,,2,,16,True,False,0,2,,0.0,3,0,0.125,0,0,2,0,2,0,1,0,5662.0,Min Hou,,Min Hou
5665,2010,2020,2,2,,,2,,10,True,False,0,0,,0.0,2,0,0.7,0,0,1,0,1,0,1,0,5665.0,Paul Bailey, Knight, Knight
5666,2020,2020,1,1,,,1,,0,True,False,0,0,,0.0,2,0,0.0,0,0,1,0,1,0,1,0,5666.0,Olivia Clark,Ethereal Epoch,Ethereal Epoch
5667,2010,2026,3,3,,,3,,16,True,False,0,1,,0.0,1,0,0.6326530612244899,0,0,1,0,1,0,1,0,5667.0,Scott Johnson,,Scott Johnson
5668,2020,2020,1,1,,,1,,0,True,False,0,0,,0.0,2,0,0.0,0,0,1,0,1,0,1,0,5668.0,Morgan Collins,,Morgan Collins
5669,2020,2020,1,1,,,1,,0,True,False,0,0,,0.0,2,0,0.0,0,0,1,0,1,0,1,0,5669.0,Danielle Franklin,,Danielle Franklin
5670,2020,2020,1,1,,,1,,0,True,False,0,0,,0.0,2,0,0.0,0,0,1,0,1,0,1,0,5670.0,Rebecca Wheeler,,Rebecca Wheeler
5671,2020,2026,2,2,,,2,,6,True,False,0,1,,0.0,2,0,0.5,0,0,1,0,1,0,1,0,5671.0,Margrit Hiller-Jopich,,Margrit Hiller-Jopich
5674,2030,2030,2,2,2030,2030,2,0,0,True,True,2,1,10,0.0,0,0,0.0,0,0,2,0,2,1,1,0,5674.0,Laura Stanton,,Laura Stanton
5676,2030,2030,1,1,2030,2030,1,0,0,True,True,1,0,10,0.0,0,0,0.0,0,0,2,0,2,0,1,0,5676.0,Xia Liang,,Xia Liang
5677,2030,2030,1,1,2030,2030,1,0,0,True,True,1,0,10,0.0,0,0,0.0,0,0,2,0,2,0,2,0,5677.0,Kenneth Randolph,,Kenneth Randolph
5683,2017,2017,1,1,,,1,,0,True,False,0,0,,0.0,0,0,0.0,0,0,1,0,1,0,2,0,5683.0,Sarah Hayes,,Sarah Hayes
5684,2017,2017,1,1,,,1,,0,True,False,0,0,,0.0,0,0,0.0,0,0,1,0,1,0,1,0,5684.0,Mary Gutierrez,,Mary Gutierrez
5688,2010,2010,1,1,,,1,,0,True,False,0,0,,0.0,2,0,0.0,0,0,2,0,2,0,1,0,5688.0,Tino Ring,,Tino Ring
5690,2006,2006,1,1,,,1,,0,True,False,0,0,,0.0,0,0,0.0,0,0,1,0,1,0,1,0,5690.0,Hannes Cichorius-Seifert,,Hannes Cichorius-Seifert
5692,2008,2012,2,2,,,1,,4,True,False,0,1,,0.0,0,0,0.0,0,0,1,0,1,0,3,0,5692.0,Rigo Becker,,Rigo Becker
5695,2020,2020,1,1,,,1,,0,True,False,0,0,,0.0,0,0,0.0,0,0,1,0,1,0,1,0,5695.0,Ann Schmidt,,Ann Schmidt
5696,2020,2020,1,1,,,1,,0,True,False,0,0,,0.0,0,0,0.0,0,0,1,0,1,0,1,0,5696.0,Zachary Woods,,Zachary Woods
5700,2026,2026,1,1,,,1,,0,True,True,0,4,,0.0,0,0,0.0,0,0,1,0,1,1,2,0,5700.0,Ping Shen,,Ping Shen
5705,1989,2020,2,2,2020,2020,2,31,31,True,False,0,4,20,0.0,0,0,0.0,0,0,3,0,3,0,3,0,5705.0,Adam Davis,,Adam Davis
5707,2004,2004,1,0,,,1,,0,True,False,0,0,,0.0,0,0,0.0,0,0,0,0,0,0,1,0,5707.0,Anastasie Auger,,Anastasie Auger
5708,2004,2004,1,0,,,1,,0,True,False,0,0,,0.0,0,0,0.0,0,0,0,0,0,0,1,0,5708.0,Georges-Grégoire Martin,,Georges-Grégoire Martin
5712,2024,2024,1,1,2024,2024,1,0,0,True,False,0,0,16,0.0,0,0,0.0,0,0,0,0,0,0,1,0,5712.0,Yang Peng,,Yang Peng
5713,2024,2024,1,1,2024,2024,1,0,0,True,False,0,0,16,0.0,0,0,0.0,0,0,0,0,0,0,1,0,5713.0,James Torres,,James Torres
5714,2024,2024,1,1,2024,2024,1,0,0,True,False,0,0,16,0.0,0,0,0.0,0,0,0,0,0,0,1,0,5714.0,Ping Yuan,,Ping Yuan
5715,2024,2024,1,1,2024,2024,1,0,0,True,False,0,0,16,0.0,0,0,0.0,0,0,0,0,0,0,1,0,5715.0,Ming Sun,,Ming Sun
5717,2024,2024,1,1,2024,2024,1,0,0,True,False,0,0,16,0.0,0,0,0.0,0,0,0,0,0,0,2,0,5717.0,Tao Liu,,Tao Liu
5719,2028,2028,1,0,,,1,,0,True,True,0,2,,0.0,0,0,0.0,0,0,0,0,0,0,1,0,5719.0,Anthony Smith,,Anthony Smith
5722,2028,2028,1,0,,,1,,0,True,True,0,2,,0.0,0,0,0.0,0,0,0,0,0,0,1,0,5722.0,Elizabeth Brennan,,Elizabeth Brennan
5724,2028,2028,1,0,,,1,,0,True,True,0,2,,0.0,0,0,0.0,0,0,0,0,0,0,2,0,5724.0,Jason Davis,,Jason Davis
5727,2008,2023,4,4,2012,2022,1,4,15,True,False,0,8,18,0.0,1,0,0.1346153846153846,0,0,2,0,2,2,1,0,5727.0,Yasmin Verschut,,Yasmin Verschut
5728,2008,2010,2,2,,,1,,2,True,False,0,1,,0.0,2,0,0.0,0,0,2,0,2,0,3,0,5728.0,Ryan Ford,,Ryan Ford
5731,2022,2022,1,1,,,1,,0,True,False,0,3,,0.0,0,0,0.0,0,0,1,0,1,0,1,1,5731.0,Min Huang,,Min Huang
5732,2022,2022,1,1,,,1,,0,True,False,0,3,,0.0,0,0,0.0,0,0,1,0,1,0,1,1,5732.0,Jing Xiang,,Jing Xiang
5733,2022,2022,1,1,,,1,,0,True,False,0,3,,0.0,0,0,0.0,0,0,1,0,1,0,1,1,5733.0,Tao Zou,,Tao Zou
5734,2022,2022,1,1,,,1,,0,True,False,0,3,,0.0,0,0,0.0,0,0,1,0,1,0,1,1,5734.0,Yang Shao,,Yang Shao
5735,2022,2022,1,1,,,1,,0,True,False,0,3,,0.0,0,0,0.0,0,0,1,0,1,0,1,1,5735.0,Xiulan Hu,,Xiulan Hu
5738,2020,2020,1,1,,,1,,0,True,False,0,1,,0.0,0,0,0.0,0,0,1,0,1,0,1,0,5738.0,Kenneth Banks,,Kenneth Banks
5739,2020,2020,1,1,,,1,,0,True,False,0,1,,0.0,0,0,0.0,0,0,1,0,1,0,1,0,5739.0,Sean Mendoza,,Sean Mendoza
5740,2020,2020,1,1,,,1,,0,True,False,0,1,,0.0,0,0,0.0,0,0,1,0,1,0,1,0,5740.0,Amber Sanders,,Amber Sanders
5741,2020,2020,1,1,,,1,,0,True,False,0,1,,0.0,0,0,0.0,0,0,1,0,1,0,1,0,5741.0,Anthony Hamilton,,Anthony Hamilton
5747,2000,2000,1,1,,,1,,0,True,False,0,0,,0.0,0,0,0.0,0,0,2,0,2,0,1,0,5747.0,Bryan Sandoval,,Bryan Sandoval
5750,2000,2027,2,2,,,1,,27,True,False,0,2,,0.0,0,0,0.07407407407407407,0,0,3,0,3,1,1,0,5750.0,Dominique Ramos,,Dominique Ramos
5752,2025,2025,1,1,,,1,,0,True,True,0,1,,0.0,0,0,0.0,0,0,1,0,1,0,1,0,5752.0,Lisa Nunez, The Vector, The Vector
5753,2025,2025,1,1,,,1,,0,True,True,0,1,,0.0,0,0,0.0,0,0,1,0,1,0,1,0,5753.0,Denise Fisher,,Denise Fisher
5755,2025,2025,1,1,,,1,,0,True,True,0,1,,0.0,0,0,0.0,0,0,1,0,1,0,1,0,5755.0,Colleen Palmer,,Colleen Palmer
5756,2025,2025,1,1,,,1,,0,True,True,0,1,,0.0,0,0,0.0,0,0,1,0,1,0,1,0,5756.0,Kimberly Collins,,Kimberly Collins
5757,2025,2025,1,1,,,1,,0,True,True,0,1,,0.0,0,0,0.0,0,0,1,0,1,0,1,0,5757.0,Samuel Ryan,,Samuel Ryan
5758,2025,2025,1,1,,,1,,0,True,True,0,1,,0.0,0,0,0.0,0,0,1,0,1,0,1,0,5758.0,Brittany Strickland,,Brittany Strickland
5759,2025,2025,1,1,,,1,,0,True,True,0,1,,0.0,0,0,0.0,0,0,1,0,1,0,1,0,5759.0,Marc Andersen,,Marc Andersen
5760,2025,2025,1,1,,,1,,0,True,True,0,1,,0.0,0,0,0.0,0,0,1,0,1,0,1,0,5760.0,Kimberly Jordan,,Kimberly Jordan
5762,2029,2029,1,1,,,1,,0,True,True,0,1,,0.0,0,0,0.0,0,0,1,0,1,0,2,0,5762.0,William Knapp,,William Knapp
5763,2026,2026,1,1,,,1,,0,True,True,0,2,,0.0,0,0,0.0,0,0,1,0,1,0,1,0,5763.0,Michael Smith,,Michael Smith
5765,2004,2009,2,2,2009,2009,2,5,5,True,False,0,3,31,0.0,0,0,0.0,0,0,2,0,2,1,2,0,5765.0,Amanda Marquez,,Amanda Marquez
5768,2015,2015,1,1,,,1,,0,True,False,0,1,,0.0,1,0,0.0,0,0,1,0,1,0,1,0,5768.0,Xiulan Mo,,Xiulan Mo
5769,2015,2015,1,1,,,1,,0,True,False,0,1,,0.0,1,0,0.0,0,0,1,0,1,0,1,0,5769.0,Guiying Hou,,Guiying Hou
5770,2015,2015,1,1,,,1,,0,True,False,0,1,,0.0,1,0,0.0,0,0,1,0,1,0,1,0,5770.0,Na Su,,Na Su
5772,2015,2026,3,3,,,2,,11,True,False,0,5,,0.0,2,0,0.5384615384615384,0,0,4,0,4,0,2,0,5772.0,Min Qian,,Min Qian
5774,2010,2010,1,1,,,1,,0,True,False,0,3,,0.0,0,0,0.0,0,0,1,0,1,1,2,0,5774.0,Nicholas Rasmussen,,Nicholas Rasmussen
5775,2010,2010,1,1,,,1,,0,True,False,0,3,,0.0,0,0,0.0,0,0,1,0,1,1,1,0,5775.0,Joseph Escobar,,Joseph Escobar
5776,2010,2010,1,1,,,1,,0,True,False,0,3,,0.0,0,0,0.0,0,0,1,0,1,1,1,0,5776.0,Edward Collier,,Edward Collier
5778,2013,2016,2,2,,,2,,3,True,False,0,3,,0.0,1,0,0.6666666666666666,0,0,2,0,2,0,1,0,5778.0,Xiuying Yuan,,Xiuying Yuan
5779,2013,2013,1,1,,,1,,0,True,False,0,1,,0.0,1,0,0.0,0,0,1,0,1,0,1,0,5779.0,Yang Kang,,Yang Kang
5781,2013,2030,2,2,2030,2030,2,17,17,True,False,1,5,10,0.0,2,0,0.35294117647058826,0,0,3,0,3,0,1,3,5781.0,Fang Xiong,,Fang Xiong
5784,2020,2020,1,1,,,1,,0,True,False,0,3,,0.0,0,0,0.0,0,0,1,0,1,1,2,0,5784.0,Mary Brooks,,Mary Brooks
5785,2020,2028,2,2,,,2,,8,True,False,0,6,,0.0,0,0,0.0,0,0,1,0,1,2,2,0,5785.0,Odette-Inès Lelièvre,,Odette-Inès Lelièvre
5789,1991,1991,1,1,,,1,,0,True,False,0,1,,0.0,0,0,0.0,0,0,1,0,1,0,1,0,5789.0,Thilo Sölzer,,Thilo Sölzer
5792,2007,2007,1,1,,,1,,0,True,False,0,1,,0.0,1,0,0.0,0,0,2,0,2,0,1,0,5792.0,Yan Kang,,Yan Kang
5793,2007,2007,1,1,,,1,,0,True,False,0,1,,0.0,1,0,0.0,0,0,2,0,2,0,1,0,5793.0,Xiulan Cao,,Xiulan Cao
5794,2020,2020,1,0,,,1,,0,True,False,0,2,,0.0,0,0,0.0,0,0,1,0,1,0,1,0,5794.0,Frederic Margraf,,Frederic Margraf
5795,2007,2019,2,2,,,2,,12,True,False,0,3,,0.0,1,0,0.0,0,0,4,0,4,0,2,0,5795.0,Li Shi,,Li Shi
5797,2007,2012,2,2,,,1,,5,True,False,0,2,,0.0,0,0,0.6,0,0,3,0,3,0,1,0,5797.0,Esther Schinke,,Esther Schinke
5798,2012,2012,1,1,,,1,,0,True,False,0,1,,0.0,0,0,0.0,0,0,2,0,2,0,1,0,5798.0,Atenulf Nadi-Vergassola,,Atenulf Nadi-Vergassola
5799,2007,2012,2,2,,,1,,5,True,False,0,2,,0.0,0,0,0.6,0,0,3,0,3,0,1,0,5799.0,Gregor Dippel,,Gregor Dippel
5800,2012,2012,1,1,,,1,,0,True,False,0,1,,0.0,0,0,0.0,0,0,2,0,2,0,1,0,5800.0,Fabrizia Gualtieri,,Fabrizia Gualtieri
5803,1984,1992,2,2,,,2,,8,True,False,0,2,,0.0,1,0,0.0,0,0,2,0,2,1,2,0,5803.0,Kathleen Cunningham,,Kathleen Cunningham
5805,2017,2024,3,3,,,1,,7,True,False,0,11,,0.0,1,0,0.5384615384615384,1,0,1,1,2,2,2,0,5805.0,Yan Yin,,Yan Yin
5806,2017,2024,2,2,,,1,,7,True,False,0,6,,0.0,2,0,0.2857142857142857,1,0,1,1,2,1,2,0,5806.0,Xiuying Zhong,,Xiuying Zhong
5807,2017,2024,3,3,,,1,,7,True,False,0,11,,0.0,1,0,0.5384615384615384,1,0,1,1,2,2,2,0,5807.0,Ping Xia,,Ping Xia
5809,2013,2013,1,1,2013,2013,1,0,0,True,False,0,0,27,0.0,3,0,0.0,0,0,1,0,1,0,2,0,5809.0,Chao Yi, PHVNTOM, PHVNTOM
5810,2013,2013,1,1,2013,2013,1,0,0,True,False,0,0,27,0.0,3,0,0.0,0,0,1,0,1,0,1,0,5810.0,Yong Cui,,Yong Cui
5811,2013,2020,2,2,2013,2013,1,0,7,True,False,0,2,27,0.0,3,0,0.2857142857142857,0,0,2,0,2,0,2,0,5811.0,Samantha Mills,,Samantha Mills
5814,2013,2013,1,1,,,1,,0,True,False,0,1,,0.0,0,0,0.0,0,0,1,0,1,0,1,0,5814.0,Navya Kala,Navya,Navya
5815,2013,2013,1,1,,,1,,0,True,False,0,1,,0.0,0,0,0.0,0,0,1,0,1,0,1,0,5815.0,Divit Behl,Velvet Algorithm,Velvet Algorithm
5816,2013,2013,1,1,,,1,,0,True,False,0,1,,0.0,0,0,0.0,0,0,1,0,1,0,1,0,5816.0,Tara Kaul,,Tara Kaul
5819,2024,2024,1,1,,,1,,0,True,False,0,4,,0.0,1,0,0.0,0,0,1,0,1,0,2,0,5819.0,Sara Ramirez,,Sara Ramirez
5820,2024,2024,1,1,,,1,,0,True,False,0,4,,0.0,1,0,0.0,0,0,1,0,1,0,1,0,5820.0,Ping Tang,,Ping Tang
5821,2024,2024,1,1,,,1,,0,True,False,0,4,,0.0,1,0,0.0,0,0,1,0,1,0,2,0,5821.0,Xia Chang,,Xia Chang
5827,2020,2020,1,1,,,1,,0,True,False,0,1,,0.0,0,0,0.0,0,0,1,0,1,1,1,0,5827.0,Lei Yi,,Lei Yi
5828,2020,2020,1,1,,,1,,0,True,False,0,1,,0.0,0,0,0.0,0,0,1,0,1,1,1,0,5828.0,Kari Sutton,,Kari Sutton
5829,2020,2020,1,1,,,1,,0,True,False,0,1,,0.0,0,0,0.0,0,0,1,0,1,1,1,0,5829.0,Yan Tao,,Yan Tao
5830,2020,2020,1,1,,,1,,0,True,False,0,1,,0.0,0,0,0.0,0,0,1,0,1,1,2,0,5830.0,Li Bai,,Li Bai
5831,2020,2029,2,2,2029,2029,2,9,9,True,False,0,2,11,0.0,1,0,0.7777777777777778,0,0,2,0,2,1,2,1,5831.0,Jun Dai,,Jun Dai
5834,2029,2029,1,1,,,1,,0,True,True,0,1,,0.0,0,0,0.0,0,0,1,0,1,0,1,0,5834.0,Wei Ren,,Wei Ren
5835,2029,2029,1,1,,,1,,0,True,True,0,1,,0.0,0,0,0.0,0,0,1,0,1,0,1,0,5835.0,Gregory Hansen,,Gregory Hansen
5836,2029,2029,1,1,,,1,,0,True,True,0,1,,0.0,0,0,0.0,0,0,1,0,1,0,1,0,5836.0,Jing Gu,,Jing Gu
5838,2018,2018,1,1,,,1,,0,True,False,0,0,,0.0,0,0,0.0,0,0,1,0,1,0,1,0,5838.0,Graziella Marenzio-Scialpi,,Graziella Marenzio-Scialpi
5842,2012,2012,1,1,,,1,,0,True,False,0,0,,0.0,0,0,0.0,0,0,1,0,1,0,1,0,5842.0,Khushi Upadhyay,,Khushi Upadhyay
5845,2005,2023,2,2,,,1,,18,True,False,0,1,,0.0,0,0,0.0,0,0,1,0,1,0,3,0,5845.0,Jonathan Lewis,,Jonathan Lewis
5848,2029,2029,1,1,,,1,,0,True,True,0,4,,0.0,0,0,0.0,0,0,1,0,1,0,1,0,5848.0,Gang Yang,MNTL X (Mental X),MNTL X (Mental X)
5851,2029,2029,1,1,,,1,,0,True,True,0,4,,0.0,0,0,0.0,0,0,1,0,1,0,1,0,5851.0,Lei Yi,,Lei Yi
5852,2029,2029,1,1,,,1,,0,True,True,0,4,,0.0,0,0,0.0,0,0,1,0,1,0,1,0,5852.0,Jie Song,,Jie Song
5853,2028,2029,2,2,,,2,,1,True,True,0,6,,0.0,0,0,0.0,0,0,1,0,1,1,1,0,5853.0,Olav Mülichen,,Olav Mülichen
5855,2017,2017,1,1,,,1,,0,True,False,0,1,,0.0,2,0,0.0,0,0,2,0,2,0,1,0,5855.0,Laura Jefferson,,Laura Jefferson
5856,2020,2020,1,1,,,1,,0,True,False,0,2,,0.0,2,0,0.0,0,0,0,0,0,0,2,0,5856.0,Jonathan Young,,Jonathan Young
5857,2017,2017,1,1,,,1,,0,True,False,0,1,,0.0,2,0,0.0,0,0,2,0,2,0,1,0,5857.0,Heather Wood,,Heather Wood
5858,2023,2023,1,1,2023,2023,1,0,0,True,False,0,3,17,0.0,2,0,0.0,0,0,2,0,2,0,2,1,5858.0,Donald Medina,,Donald Medina
5861,2017,2023,2,2,2023,2023,2,6,6,True,False,0,4,17,0.0,2,0,0.8333333333333334,0,0,4,0,4,0,1,1,5861.0,Lisa Hofmann,,Lisa Hofmann
5862,2017,2020,2,2,,,2,,3,True,False,0,3,,0.0,2,0,2.0,0,0,2,0,2,0,1,0,5862.0,Jacqueline Dickson,,Jacqueline Dickson
5863,2017,2023,2,2,2023,2023,2,6,6,True,False,0,4,17,0.0,2,0,0.8333333333333334,0,0,4,0,4,0,2,1,5863.0,Joshua Orozco,,Joshua Orozco
5864,2017,2017,1,1,,,1,,0,True,False,0,1,,0.0,2,0,0.0,0,0,2,0,2,0,1,0,5864.0,Jun Guo,,Jun Guo
5865,2017,2023,3,3,2023,2023,3,6,6,True,False,0,6,17,0.0,1,0,1.8333333333333333,0,0,4,0,4,0,1,1,5865.0,Christine Ward,,Christine Ward
5867,1997,1997,1,1,1997,1997,1,0,0,True,False,0,0,43,0.0,2,0,0.0,0,0,1,0,1,0,1,0,5867.0,Anastazja Brózda,,Anastazja Brózda
5868,1997,1997,1,1,1997,1997,1,0,0,True,False,0,0,43,0.0,2,0,0.0,0,0,1,0,1,0,1,0,5868.0,Marcelina Wochnik,,Marcelina Wochnik
5869,1991,2000,3,3,1997,1997,2,6,9,True,False,0,5,43,0.0,3,0,0.8571428571428571,0,0,1,1,2,2,1,0,5869.0,Alex Halama,,Alex Halama
5870,1997,1997,1,1,1997,1997,1,0,0,True,False,0,0,43,0.0,2,0,0.0,0,0,1,0,1,0,2,0,5870.0,Tymon Miszta,,Tymon Miszta
5874,2026,2026,1,1,,,1,,0,True,True,0,3,,0.0,0,0,0.0,0,0,1,0,1,1,2,0,5874.0,Xiulan Meng,,Xiulan Meng
5876,2026,2026,1,1,,,1,,0,True,True,0,3,,0.0,0,0,0.0,0,0,1,0,1,1,1,0,5876.0,Ping Han,,Ping Han
5878,2023,2023,1,1,,,1,,0,True,False,0,1,,0.0,0,0,0.0,0,0,0,0,0,0,1,0,5878.0,Katherine Tanner,,Katherine Tanner
5880,2023,2023,1,1,,,1,,0,True,False,0,1,,0.0,0,0,0.0,0,0,0,0,0,0,2,0,5880.0,Erika Nguyen,,Erika Nguyen
5884,2020,2020,1,1,,,1,,0,True,False,0,2,,0.0,0,0,0.0,0,0,1,0,1,1,2,0,5884.0,Li Wen,,Li Wen
5888,1997,1997,1,1,,,1,,0,True,False,0,0,,0.0,0,0,0.0,0,0,1,0,1,0,1,0,5888.0,Nicholas Boyd,,Nicholas Boyd
5890,2026,2026,2,2,,,2,,0,True,True,0,3,,0.0,1,0,0.0,0,0,3,0,3,0,2,0,5890.0,Allison Patterson,,Allison Patterson
5892,2008,2008,1,1,2008,2008,1,0,0,True,False,0,2,32,0.0,3,0,0.0,0,0,1,0,1,0,2,0,5892.0,Michelotto Toldo,,Michelotto Toldo
5894,2027,2027,1,1,,,1,,0,True,True,0,2,,0.0,0,0,0.0,0,0,1,0,1,0,1,0,5894.0,Juan Qian,Halcyon,Halcyon
5895,2027,2027,1,1,,,1,,0,True,True,0,2,,0.0,0,0,0.0,0,0,1,0,1,0,1,0,5895.0,Wei Dai,,Wei Dai
5896,2027,2027,1,1,,,1,,0,True,True,0,2,,0.0,0,0,0.0,0,0,1,0,1,0,1,0,5896.0,Joshua Mckenzie,,Joshua Mckenzie
5897,2027,2027,1,1,,,1,,0,True,True,0,2,,0.0,0,0,0.0,0,0,1,0,1,0,1,0,5897.0,Ping Gong,,Ping Gong
5898,2027,2027,1,1,,,1,,0,True,True,0,2,,0.0,0,0,0.0,0,0,1,0,1,0,1,0,5898.0,Yan Zhao,,Yan Zhao
5899,2027,2027,1,1,,,1,,0,True,True,0,2,,0.0,0,0,0.0,0,0,1,0,1,0,1,0,5899.0,Jason Stevens,,Jason Stevens
5900,2027,2027,1,1,,,1,,0,True,True,0,2,,0.0,0,0,0.0,0,0,1,0,1,0,1,0,5900.0,Amy Wood,,Amy Wood
5901,2027,2027,1,1,,,1,,0,True,True,0,2,,0.0,0,0,0.0,0,0,1,0,1,0,1,0,5901.0,Yang Su,,Yang Su
5902,2026,2027,2,2,,,2,,1,True,True,0,7,,0.0,1,0,10.0,0,0,2,0,2,0,1,4,5902.0,Juan Liu,,Juan Liu
5903,2027,2027,1,1,,,1,,0,True,True,0,2,,0.0,0,0,0.0,0,0,1,0,1,0,1,0,5903.0,Li Song,,Li Song
5904,2027,2027,1,1,,,1,,0,True,True,0,2,,0.0,0,0,0.0,0,0,1,0,1,0,1,0,5904.0,Min Qian,,Min Qian
5908,1984,2013,7,7,1997,1997,5,13,29,True,False,0,6,43,0.0,3,0,0.32640232108317213,0,0,4,0,4,2,2,0,5908.0,Georges Besnard,,Georges Besnard
5909,1985,1997,3,3,1997,1997,3,12,12,True,False,0,2,43,0.0,2,0,0.3333333333333333,0,0,3,0,3,0,2,0,5909.0,Kaitlyn Warren,,Kaitlyn Warren
5910,1991,2013,3,3,,,2,,22,True,False,0,4,,0.0,2,0,0.18384074941451992,0,0,2,0,2,0,1,0,5910.0,Jeanne Guillou,,Jeanne Guillou
5912,2017,2024,2,2,,,1,,7,True,False,0,5,,0.0,1,0,0.0,0,0,1,0,1,1,3,0,5912.0,Xia Xue,,Xia Xue
5914,2015,2015,1,1,,,1,,0,True,False,0,0,,0.0,0,0,0.0,0,0,1,0,1,0,1,0,5914.0,Whitney Yates,,Whitney Yates
5917,2018,2018,1,1,,,1,,0,True,False,0,1,,0.0,0,0,0.0,0,0,1,0,1,0,1,0,5917.0,Jeanette Carey,,Jeanette Carey
5922,2002,2003,2,2,,,1,,1,True,False,0,4,,0.0,0,0,0.0,0,0,2,0,2,0,3,0,5922.0,Dwayne Wilson,,Dwayne Wilson
5924,2026,2026,1,1,,,1,,0,True,True,0,2,,0.0,0,0,0.0,0,0,1,0,1,0,1,0,5924.0,Na Gu,,Na Gu
5925,2026,2026,1,1,,,1,,0,True,True,0,2,,0.0,0,0,0.0,0,0,1,0,1,0,1,0,5925.0,Jie Cai,,Jie Cai
5926,2026,2026,1,1,,,1,,0,True,True,0,2,,0.0,0,0,0.0,0,0,1,0,1,0,2,0,5926.0,Lei Ren,,Lei Ren
5927,2026,2026,1,1,,,1,,0,True,True,0,2,,0.0,0,0,0.0,0,0,1,0,1,0,1,0,5927.0,Megan Marsh,,Megan Marsh
5929,2019,2019,1,1,,,1,,0,True,False,0,10,,0.0,1,0,0.0,0,0,0,0,0,3,1,0,5929.0,Xiulan Xiong,,Xiulan Xiong
5931,2024,2024,1,1,,,1,,0,True,False,0,1,,0.0,0,0,0.0,0,0,1,0,1,0,1,0,5931.0,Zaira Peano-Castelli, Eva Black, Eva Black
5933,2025,2025,1,1,,,1,,0,True,True,0,0,,0.0,0,0,0.0,0,0,1,0,1,0,2,0,5933.0,Antonina Zaccardo,,Antonina Zaccardo
5934,2024,2024,1,1,,,1,,0,True,False,0,1,,0.0,0,0,0.0,0,0,1,0,1,0,2,0,5934.0,Lidia Battisti-Righi,,Lidia Battisti-Righi
5935,2024,2025,2,2,,,2,,1,True,False,0,1,,0.0,0,0,2.0,0,0,1,0,1,0,1,0,5935.0,Rita Finzi,,Rita Finzi
5936,2025,2025,1,1,,,1,,0,True,True,0,0,,0.0,0,0,0.0,0,0,1,0,1,0,1,0,5936.0,Romana Iadanza,,Romana Iadanza
5939,2024,2024,1,1,,,1,,0,True,False,0,1,,0.0,0,0,0.0,0,0,1,0,1,0,1,0,5939.0,Andrew Cruz,,Andrew Cruz
5940,2024,2024,1,1,,,1,,0,True,False,0,1,,0.0,0,0,0.0,0,0,1,0,1,0,1,0,5940.0,Wei Gu,,Wei Gu
5941,2024,2024,1,1,,,1,,0,True,False,0,1,,0.0,0,0,0.0,0,0,1,0,1,0,1,0,5941.0,Gang Qian,,Gang Qian
5942,2024,2024,1,1,,,1,,0,True,False,0,1,,0.0,0,0,0.0,0,0,1,0,1,0,1,0,5942.0,Kevin Cooke,,Kevin Cooke
5943,2024,2024,1,1,,,1,,0,True,False,0,1,,0.0,0,0,0.0,0,0,1,0,1,0,1,0,5943.0,Chao Long,,Chao Long
5946,2024,2024,1,1,,,1,,0,True,False,0,2,,0.0,1,0,0.0,0,0,1,0,1,0,1,0,5946.0,Yan Wan,,Yan Wan
5947,2024,2024,1,1,,,1,,0,True,False,0,2,,0.0,1,0,0.0,0,0,1,0,1,0,1,0,5947.0,Fang Kong,,Fang Kong
5948,2024,2024,1,1,,,1,,0,True,False,0,2,,0.0,1,0,0.0,0,0,1,0,1,0,1,0,5948.0,Yang Hou,,Yang Hou
5951,2004,2023,4,4,,,2,,19,True,False,0,2,,0.0,3,0,0.0,0,0,4,0,4,0,3,0,5951.0,Iolanda Prada,,Iolanda Prada
5953,2024,2024,1,1,2024,2024,1,0,0,True,False,0,1,16,0.0,0,0,0.0,0,0,1,0,1,0,2,0,5953.0,Emily Johnson,,Emily Johnson
5955,2023,2023,1,1,,,1,,0,True,False,0,1,,0.0,5,0,0.0,0,0,2,0,2,1,2,0,5955.0,Christopher Rice,,Christopher Rice
5959,1997,2004,2,2,,,1,,7,True,False,0,3,,0.0,2,0,0.42857142857142855,0,0,2,0,2,0,1,0,5959.0,Megan Morrow,,Megan Morrow
5961,2002,2002,1,1,,,1,,0,True,False,0,1,,0.0,0,0,0.0,0,0,1,0,1,0,2,0,5961.0,Terri Preston,,Terri Preston
5963,2002,2002,1,1,,,1,,0,True,False,0,1,,0.0,0,0,0.0,0,0,1,0,1,0,1,0,5963.0,Barry Wilkerson,,Barry Wilkerson
5964,2002,2002,1,1,,,1,,0,True,False,0,1,,0.0,0,0,0.0,0,0,1,0,1,0,1,0,5964.0,Brett Larson,,Brett Larson
5966,2017,2017,1,1,,,1,,0,True,False,0,1,,0.0,0,0,0.0,0,0,2,0,2,0,1,0,5966.0,Tyler Padilla,,Tyler Padilla
5969,2017,2017,1,1,,,1,,0,True,False,0,1,,0.0,0,0,0.0,0,0,2,0,2,0,2,0,5969.0,Kristiane Stadelmann,,Kristiane Stadelmann
5970,2017,2017,1,1,,,1,,0,True,False,0,1,,0.0,0,0,0.0,0,0,2,0,2,0,1,0,5970.0,Robert Fronia,,Robert Fronia
5973,2010,2017,3,3,,,2,,7,True,False,0,2,,0.0,1,0,1.162162162162162,0,0,3,1,4,0,2,0,5973.0,Christine Wall,Orphea,Orphea
5974,2010,2017,3,3,,,2,,7,True,False,0,2,,0.0,1,0,1.162162162162162,0,0,3,1,4,0,1,0,5974.0,Brian Gonzalez,,Brian Gonzalez
5975,2010,2017,2,2,,,1,,7,True,False,0,1,,0.0,2,0,0.8571428571428571,0,0,3,0,3,0,1,0,5975.0,Richard Page,,Richard Page
5976,2013,2017,2,2,,,2,,4,True,False,0,2,,0.0,2,0,1.5,0,0,3,1,4,0,2,0,5976.0,Ping Jia,,Ping Jia
5977,2010,2017,2,2,,,1,,7,True,False,0,1,,0.0,2,0,0.8571428571428571,0,0,3,0,3,0,1,0,5977.0,Herr Oliver Schacht,,Herr Oliver Schacht
5978,2010,2017,2,2,,,1,,7,True,False,0,1,,0.0,2,0,0.8571428571428571,0,0,3,1,4,0,2,0,5978.0,Li Jin,,Li Jin
5982,2023,2023,1,1,,,1,,0,True,False,0,3,,0.0,1,0,0.0,0,0,1,0,1,0,1,0,5982.0,Yan Kang,,Yan Kang
5983,2013,2023,2,2,,,2,,10,True,False,0,4,,0.0,6,0,0.4,0,0,2,0,2,1,1,0,5983.0,Xiulan Tang,,Xiulan Tang
5984,2023,2023,1,1,,,1,,0,True,False,0,3,,0.0,1,0,0.0,0,0,1,0,1,0,2,0,5984.0,Min Qian,,Min Qian
5985,2023,2023,1,1,,,1,,0,True,False,0,3,,0.0,1,0,0.0,0,0,1,0,1,0,1,0,5985.0,Rachel Thompson,,Rachel Thompson
5987,1994,2004,2,2,2004,2004,2,10,10,True,False,0,1,36,0.0,1,0,0.3,0,0,2,0,2,0,2,0,5987.0,Kristi Yu,,Kristi Yu
5988,2000,2000,1,1,,,1,,0,True,False,0,1,,0.0,1,0,0.0,0,0,2,0,2,0,2,0,5988.0,Joseph Burgess,,Joseph Burgess
5989,2004,2004,1,1,2004,2004,1,0,0,True,False,0,1,36,0.0,1,0,0.0,0,0,1,0,1,0,1,0,5989.0,Christopher Davis,,Christopher Davis
5990,1994,2004,3,3,2004,2004,3,10,10,True,False,0,2,36,0.0,0,0,0.6973684210526316,0,0,2,0,2,0,2,0,5990.0,Stephanie Garcia,,Stephanie Garcia
5995,1992,2011,2,2,,,1,,19,True,False,0,2,,0.0,4,0,0.10526315789473684,0,0,3,0,3,0,2,0,5995.0,Francesca Krebs,,Francesca Krebs
5997,2026,2026,1,1,,,1,,0,True,True,0,1,,0.0,0,0,0.0,0,0,1,0,1,0,1,0,5997.0,Andy Eigenwillig,,Andy Eigenwillig
5998,2026,2026,1,1,,,1,,0,True,True,0,1,,0.0,0,0,0.0,0,0,1,0,1,0,1,0,5998.0,Cemal Boucsein,,Cemal Boucsein
6000,2026,2026,1,1,,,1,,0,True,True,0,1,,0.0,0,0,0.0,0,0,1,0,1,0,2,0,6000.0,Cilli Trommler,,Cilli Trommler
6002,2007,2007,1,1,,,1,,0,True,False,0,0,,0.0,0,0,0.0,0,0,2,0,2,0,2,0,6002.0,Charles Chase,,Charles Chase
6005,2022,2022,1,1,,,1,,0,True,False,0,2,,0.0,1,0,0.0,0,0,1,0,1,0,1,0,6005.0,Gang Xia,,Gang Xia
6007,2004,2004,1,1,,,1,,0,True,False,0,1,,0.0,2,0,0.0,0,0,1,0,1,0,1,0,6007.0,Xiuying Han,,Xiuying Han
6009,2017,2017,1,1,,,1,,0,True,False,0,0,,0.0,0,0,0.0,0,0,1,0,1,0,1,0,6009.0,Ping Jia,,Ping Jia
6010,2017,2017,1,1,,,1,,0,True,False,0,0,,0.0,0,0,0.0,0,0,1,0,1,0,1,0,6010.0,Lei Fang,,Lei Fang
6011,2017,2017,1,1,,,1,,0,True,False,0,0,,0.0,0,0,0.0,0,0,1,0,1,0,1,0,6011.0,Ming Fu,,Ming Fu
6013,2017,2017,1,1,,,1,,0,True,False,0,0,,0.0,0,0,0.0,0,0,1,0,1,0,1,0,6013.0,Xia Xiong,,Xia Xiong
6014,2017,2017,1,1,,,1,,0,True,False,0,0,,0.0,0,0,0.0,0,0,1,0,1,0,1,0,6014.0,Chao Xu,,Chao Xu
6015,2017,2017,1,1,,,1,,0,True,False,0,0,,0.0,0,0,0.0,0,0,1,0,1,0,1,0,6015.0,Jun Duan,,Jun Duan
6016,2017,2017,1,1,,,1,,0,True,False,0,0,,0.0,0,0,0.0,0,0,1,0,1,0,1,0,6016.0,Chao Deng,,Chao Deng
6017,2017,2020,2,2,,,2,,3,True,False,0,1,,0.0,0,0,0.6666666666666666,0,0,2,0,2,0,1,0,6017.0,Xiuying Zhang,,Xiuying Zhang
6018,2017,2017,1,1,,,1,,0,True,False,0,0,,0.0,0,0,0.0,0,0,1,0,1,0,1,0,6018.0,Min Deng,,Min Deng
6023,2016,2016,1,1,,,1,,0,True,False,0,1,,0.0,0,0,0.0,0,0,1,0,1,0,1,0,6023.0,Sean Jackson,,Sean Jackson
6025,2026,2026,1,1,,,1,,0,True,True,0,3,,0.0,0,0,0.0,0,0,0,0,0,1,2,0,6025.0,Xia Zeng,,Xia Zeng
6026,2026,2026,1,1,,,1,,0,True,True,0,3,,0.0,0,0,0.0,0,0,0,0,0,1,1,0,6026.0,Gang Jia,,Gang Jia
6029,1984,1990,2,2,,,2,,6,True,False,0,1,,0.0,1,0,0.3333333333333333,0,0,3,0,3,0,1,0,6029.0,Wally Beckmann,,Wally Beckmann
6030,1984,1984,1,1,,,1,,0,True,False,0,0,,0.0,1,0,0.0,0,0,1,0,1,0,3,0,6030.0,Carlo Mazzacurati,,Carlo Mazzacurati
6031,1984,1990,2,2,,,2,,6,True,False,0,1,,0.0,1,0,0.3333333333333333,0,0,3,0,3,0,1,0,6031.0,Benvenuto Lerner,,Benvenuto Lerner
6032,1984,2019,2,2,,,1,,35,True,False,0,2,,0.0,1,0,0.05714285714285714,0,0,2,0,2,0,2,0,6032.0,Rosaria Pedersoli,,Rosaria Pedersoli
6036,2005,2024,5,5,2024,2024,5,19,19,True,False,0,10,16,0.0,2,0,0.5045871559633028,0,0,3,0,3,0,3,0,6036.0,Yan Kang,Vesper Illusion,Vesper Illusion
6037,2009,2017,2,2,,,2,,8,True,False,0,5,,0.0,3,0,0.5,0,0,2,0,2,0,2,0,6037.0,Fang Tan,,Fang Tan
6038,2017,2017,1,1,,,1,,0,True,False,0,1,,0.0,3,0,0.0,0,0,1,0,1,0,2,0,6038.0,Jie Tian,,Jie Tian
6039,2005,2017,4,4,,,4,,12,True,False,0,11,,0.0,2,0,0.6053511705685619,0,0,3,0,3,0,2,0,6039.0,Fang Yin,,Fang Yin
6042,2017,2017,1,1,2017,2017,1,0,0,True,False,0,0,23,0.0,0,0,0.0,0,0,1,0,1,0,1,0,6042.0,Holly Horton,,Holly Horton
6044,2017,2017,1,1,2017,2017,1,0,0,True,False,0,0,23,0.0,0,0,0.0,0,0,1,0,1,0,1,0,6044.0,Christine Jennings,,Christine Jennings
6046,2017,2017,1,1,2017,2017,1,0,0,True,False,0,0,23,0.0,0,0,0.0,0,0,1,0,1,0,1,0,6046.0,Brian Morales,,Brian Morales
6048,2017,2017,1,1,2017,2017,1,0,0,True,False,0,0,23,0.0,0,0,0.0,0,0,1,0,1,0,1,0,6048.0,Ryan Johnston,,Ryan Johnston
6050,1997,2000,2,2,,,1,,3,True,False,0,1,,0.0,0,0,0.0,0,0,1,0,1,0,1,0,6050.0,Bryan Sanchez, Steel, Steel
6052,2013,2024,4,4,,,4,,11,True,False,0,11,,0.0,5,0,1.0824175824175826,0,0,3,1,4,2,1,1,6052.0,Heidi Jones,,Heidi Jones
6053,2013,2018,2,2,,,2,,5,True,False,0,4,,0.0,6,0,1.4,0,0,2,1,3,1,2,0,6053.0,Guiying Huang,,Guiying Huang
6055,2026,2028,3,3,2026,2026,1,0,2,True,True,0,16,14,0.0,2,0,4.5,0,0,2,0,2,4,2,0,6055.0,Yong Fu,,Yong Fu
6056,2026,2028,2,2,2026,2026,1,0,2,True,True,0,12,14,0.0,3,0,3.0,0,0,2,0,2,3,2,0,6056.0,Xiulan Qin,,Xiulan Qin
6057,2026,2028,2,2,2026,2026,1,0,2,True,True,0,13,14,0.0,3,0,2.5,0,0,2,0,2,3,1,0,6057.0,Anthony Hancock,,Anthony Hancock
6058,2026,2026,1,1,2026,2026,1,0,0,True,True,0,9,14,0.0,3,0,0.0,0,0,2,0,2,2,1,0,6058.0,Li Bai,,Li Bai
6059,2026,2026,1,1,2026,2026,1,0,0,True,True,0,9,14,0.0,3,0,0.0,0,0,2,0,2,2,1,0,6059.0,Brandon Kirby,,Brandon Kirby
6060,2026,2028,2,2,2026,2026,1,0,2,True,True,0,12,14,0.0,3,0,3.0,0,0,2,0,2,3,1,0,6060.0,Xiulan Yin,,Xiulan Yin
6062,2010,2010,1,1,,,1,,0,True,False,0,1,,0.0,1,0,0.0,0,0,1,0,1,0,1,0,6062.0,Ping Mao,,Ping Mao
6063,2010,2010,1,1,,,1,,0,True,False,0,4,,0.0,1,0,0.0,0,0,1,0,1,0,2,0,6063.0,Jun Xiong,,Jun Xiong
6066,2026,2026,1,1,,,1,,0,True,True,0,1,,0.0,1,0,0.0,0,0,1,0,1,0,2,0,6066.0,Jun Qiao,,Jun Qiao
6067,2026,2029,2,2,,,2,,3,True,True,0,12,,0.0,1,0,1.3333333333333333,0,0,2,0,2,0,1,6,6067.0,Yong Wen,,Yong Wen
6068,2029,2029,1,1,,,1,,0,True,True,0,11,,0.0,1,0,0.0,0,0,2,0,2,0,1,6,6068.0,Tao Liang,,Tao Liang
6069,2029,2029,1,1,,,1,,0,True,True,0,11,,0.0,1,0,0.0,0,0,2,0,2,0,1,6,6069.0,Jun Yao,,Jun Yao
6071,2014,2014,1,1,,,1,,0,True,False,0,2,,0.0,1,0,0.0,0,0,1,0,1,0,1,0,6071.0,Xiulan Lu,,Xiulan Lu
6073,1998,1998,1,1,,,1,,0,True,False,0,3,,0.0,0,0,0.0,0,0,1,0,1,1,1,0,6073.0,Agnès de Leroy,,Agnès de Leroy
6075,2023,2023,1,1,2023,2023,1,0,0,True,False,0,0,17,0.0,0,0,0.0,0,0,2,0,2,0,2,0,6075.0,Elizabeth Myers,,Elizabeth Myers
6078,2017,2017,1,1,2017,2017,1,0,0,True,False,0,1,23,0.0,0,0,0.0,0,0,1,0,1,0,2,0,6078.0,Osamu Yamashita,,Osamu Yamashita
6079,2017,2017,1,1,2017,2017,1,0,0,True,False,0,1,23,0.0,0,0,0.0,0,0,1,0,1,0,1,0,6079.0,Wei Kang,,Wei Kang
6081,2013,2013,1,1,,,1,,0,True,False,0,2,,0.0,0,0,0.0,0,0,1,0,1,0,1,0,6081.0,Lei Qin,,Lei Qin
6082,2013,2013,1,1,,,1,,0,True,False,0,2,,0.0,0,0,0.0,0,0,1,0,1,0,2,0,6082.0,Chao Cao,,Chao Cao
6083,2010,2028,3,3,2010,2028,3,0,18,True,False,0,2,12,0.0,1,0,0.3219178082191781,0,0,2,0,2,0,2,0,6083.0,Xiulan Lai,,Xiulan Lai
6084,2013,2013,1,1,,,1,,0,True,False,0,2,,0.0,0,0,0.0,0,0,1,0,1,0,1,0,6084.0,Ming Wei,,Ming Wei
6085,2013,2029,2,2,,,2,,16,True,False,0,3,,0.0,0,0,0.125,0,0,1,0,1,0,1,0,6085.0,Na Liao,,Na Liao
6086,2013,2013,1,1,,,1,,0,True,False,0,2,,0.0,0,0,0.0,0,0,1,0,1,0,1,0,6086.0,Fang Duan,,Fang Duan
6088,2025,2025,1,1,2025,2025,1,0,0,True,True,0,5,15,0.0,1,0,0.0,0,0,1,0,1,0,1,0,6088.0,Yang Yang,,Yang Yang
6089,2023,2029,3,2,2025,2025,2,2,6,True,False,0,8,15,0.0,1,0,1.0,0,0,2,0,2,1,1,0,6089.0,Jie Jia,,Jie Jia
6090,2025,2029,2,1,2025,2025,2,0,4,True,True,0,7,15,0.0,1,0,1.0,0,0,2,0,2,1,2,0,6090.0,Chao Duan,,Chao Duan
6091,2025,2025,1,1,2025,2025,1,0,0,True,True,0,5,15,0.0,1,0,0.0,0,0,1,0,1,0,2,0,6091.0,Ming Fan,,Ming Fan
6093,2029,2029,1,1,,,1,,0,True,True,0,6,,0.0,0,0,0.0,0,0,2,0,2,1,2,0,6093.0,Na Cao,,Na Cao
6094,2029,2029,1,1,,,1,,0,True,True,0,1,,0.0,1,0,0.0,0,0,2,0,2,0,1,0,6094.0,Tao Meng,,Tao Meng
6095,2029,2029,1,1,,,1,,0,True,True,0,1,,0.0,1,0,0.0,0,0,2,0,2,0,2,0,6095.0,Wayne Wilson,,Wayne Wilson
6098,2025,2029,3,3,,,2,,4,True,True,0,4,,0.0,1,0,2.25,0,0,4,0,4,1,1,0,6098.0,Antonietta Kreusel-Seip,,Antonietta Kreusel-Seip
6099,2024,2029,2,2,,,2,,5,True,False,0,1,,0.0,1,0,0.6,0,0,2,0,2,0,1,0,6099.0,Yong Gong,,Yong Gong
6104,2022,2022,1,1,,,1,,0,True,False,0,2,,0.0,0,0,0.0,0,0,0,0,0,0,1,0,6104.0,Ming Shen,,Ming Shen
6107,2020,2020,1,1,,,1,,0,True,False,0,0,,0.0,2,0,0.0,0,0,2,0,2,0,1,0,6107.0,Natalie Fields,,Natalie Fields
6109,2029,2029,1,1,,,1,,0,True,True,0,1,,0.0,0,0,0.0,0,0,1,0,1,0,1,0,6109.0,Margaret Mueller,,Margaret Mueller
6114,2020,2020,1,0,,,1,,0,True,False,0,0,,0.0,0,0,0.0,0,0,1,0,1,0,2,0,6114.0,Frau Sybille Becker,,Frau Sybille Becker
6115,2020,2020,1,0,,,1,,0,True,False,0,0,,0.0,0,0,0.0,0,0,1,0,1,0,1,0,6115.0,Radmila Stey-Kambs,,Radmila Stey-Kambs
6116,2020,2020,1,0,,,1,,0,True,False,0,0,,0.0,0,0,0.0,0,0,1,0,1,0,2,0,6116.0,John Goodwin,,John Goodwin
6117,2004,2020,2,0,,,2,,16,True,False,0,0,,0.0,0,0,0.3125,0,0,1,0,1,0,1,0,6117.0,Felix Hornich,,Felix Hornich
6118,2020,2020,1,0,,,1,,0,True,False,0,0,,0.0,0,0,0.0,0,0,1,0,1,0,1,0,6118.0,Miranda Page,,Miranda Page
6121,2026,2026,1,1,2026,2026,1,0,0,True,True,0,0,14,0.0,0,0,0.0,0,0,1,0,1,0,1,0,6121.0,Guiying Zhong,,Guiying Zhong
6124,2026,2026,1,1,2026,2026,1,0,0,True,True,0,0,14,0.0,0,0,0.0,0,0,1,0,1,0,2,0,6124.0,Heidi Richardson,,Heidi Richardson
6125,2026,2026,1,1,2026,2026,1,0,0,True,True,0,0,14,0.0,0,0,0.0,0,0,1,0,1,0,1,0,6125.0,Xia Cui,,Xia Cui
6127,2029,2029,1,0,,,1,,0,True,True,0,1,,0.0,0,0,0.0,0,0,1,0,1,1,2,0,6127.0,Jie Yin,,Jie Yin
6129,2029,2029,1,0,,,1,,0,True,True,0,1,,0.0,0,0,0.0,0,0,1,0,1,1,2,0,6129.0,Elizabeth Gonzalez,,Elizabeth Gonzalez
6131,2017,2026,2,2,,,1,,9,True,False,0,8,,0.0,1,0,0.5555555555555556,0,0,2,0,2,1,1,2,6131.0,Thomas King,,Thomas King
6132,2026,2026,1,1,,,1,,0,True,True,0,4,,0.0,1,0,0.0,0,0,1,0,1,1,1,1,6132.0,Yan Gao,,Yan Gao
6134,2017,2026,2,2,,,1,,9,True,False,0,8,,0.0,1,0,0.5555555555555556,0,0,2,0,2,1,1,2,6134.0,Richard Johnson,,Richard Johnson
6135,2017,2026,2,2,,,1,,9,True,False,0,8,,0.0,1,0,0.5555555555555556,0,0,2,0,2,1,1,2,6135.0,Lei Luo,,Lei Luo
6136,2026,2026,1,1,,,1,,0,True,True,0,4,,0.0,1,0,0.0,0,0,1,0,1,1,1,1,6136.0,Valerio Carullo,,Valerio Carullo
6138,2028,2028,1,1,,,1,,0,True,True,0,1,,0.0,1,0,0.0,0,0,1,0,1,0,3,0,6138.0,Jeffrey Phillips,Echelon,Echelon
6139,2024,2024,1,1,,,1,,0,True,False,0,2,,0.0,0,0,0.0,0,0,1,0,1,0,1,0,6139.0,Russell Barnes,,Russell Barnes
6140,2024,2024,1,1,,,1,,0,True,False,0,2,,0.0,0,0,0.0,0,0,1,0,1,0,2,0,6140.0,Brian Brown,,Brian Brown
6144,2029,2029,1,1,2029,2029,1,0,0,True,True,0,5,11,0.0,0,0,0.0,0,0,1,0,1,0,1,0,6144.0,Terry Harris,,Terry Harris
6145,2029,2029,1,1,2029,2029,1,0,0,True,True,0,5,11,0.0,0,0,0.0,0,0,1,0,1,0,2,0,6145.0,Chelsea Paul,,Chelsea Paul
6146,2029,2029,1,1,2029,2029,1,0,0,True,True,0,5,11,0.0,0,0,0.0,0,0,1,0,1,0,1,0,6146.0,Cody Lopez,,Cody Lopez
6147,2029,2029,1,1,2029,2029,1,0,0,True,True,0,5,11,0.0,0,0,0.0,0,0,1,0,1,0,1,0,6147.0,Kenneth Evans,,Kenneth Evans
6149,2020,2020,1,1,,,1,,0,True,False,0,2,,0.0,0,0,0.0,0,0,1,0,1,1,1,0,6149.0,Tao Peng,,Tao Peng
6150,2020,2020,1,1,,,1,,0,True,False,0,2,,0.0,0,0,0.0,0,0,1,0,1,1,2,0,6150.0,Yong Chen,,Yong Chen
6152,2023,2023,1,1,,,1,,0,True,False,0,1,,0.0,0,0,0.0,0,0,1,0,1,0,2,0,6152.0,Vidur Dasgupta,,Vidur Dasgupta
6155,2022,2022,1,1,2022,2022,1,0,0,True,False,0,5,18,0.0,1,0,0.0,0,0,1,0,1,1,3,0,6155.0,Joann Johnson,,Joann Johnson
6159,2017,2025,2,1,,,1,,8,True,False,0,20,,0.0,2,0,0.0,0,0,2,0,2,2,2,0,6159.0,Debra Martin,,Debra Martin
6161,1997,1997,1,1,1997,1997,1,0,0,True,False,0,1,43,0.0,0,0,0.0,0,0,1,0,1,0,1,0,6161.0,Hellmut Graf,Velora,Velora
6164,2022,2022,1,1,2022,2022,1,0,0,True,False,0,1,18,0.0,0,0,0.0,0,0,1,0,1,0,1,0,6164.0,Stephanie Johnson,,Stephanie Johnson
6165,2022,2022,1,1,2022,2022,1,0,0,True,False,0,1,18,0.0,0,0,0.0,0,0,1,0,1,0,1,0,6165.0,Pamela Crane,,Pamela Crane
6166,2022,2022,1,1,2022,2022,1,0,0,True,False,0,1,18,0.0,0,0,0.0,0,0,1,0,1,0,1,0,6166.0,Kevin Pearson,,Kevin Pearson
6167,2022,2022,1,1,2022,2022,1,0,0,True,False,0,1,18,0.0,0,0,0.0,0,0,1,0,1,0,1,0,6167.0,Adira Bhagat,,Adira Bhagat
6169,2017,2017,1,1,,,1,,0,True,False,0,0,,0.0,3,0,0.0,0,0,2,0,2,0,2,0,6169.0,Rudi Bolander-Zimmer,,Rudi Bolander-Zimmer
6171,2023,2023,1,1,,,1,,0,True,False,0,3,,0.0,0,0,0.0,0,0,1,0,1,0,1,2,6171.0,Li Qiao,,Li Qiao
6172,2023,2023,1,1,,,1,,0,True,False,0,3,,0.0,0,0,0.0,0,0,1,0,1,0,1,2,6172.0,Ping Tao,,Ping Tao
6173,2023,2023,1,1,,,1,,0,True,False,0,3,,0.0,0,0,0.0,0,0,1,0,1,0,2,2,6173.0,Lei Tan,,Lei Tan
6174,2023,2023,1,1,,,1,,0,True,False,0,3,,0.0,0,0,0.0,0,0,1,0,1,0,1,2,6174.0,Na Han,,Na Han
6175,2028,2028,1,1,2028,2028,1,0,0,True,True,0,1,12,0.0,0,0,0.0,0,0,0,0,0,0,2,0,6175.0,Liwia Piejko,,Liwia Piejko
6176,2023,2023,1,1,,,1,,0,True,False,0,3,,0.0,0,0,0.0,0,0,1,0,1,0,1,2,6176.0,Fang Zhong,,Fang Zhong
6178,2010,2010,1,1,,,1,,0,True,False,0,0,,0.0,5,0,0.0,0,0,2,0,2,0,1,0,6178.0,Yang Long,,Yang Long
6179,2010,2010,1,1,,,1,,0,True,False,0,0,,0.0,5,0,0.0,0,0,2,0,2,0,1,0,6179.0,Xiulan Xue,,Xiulan Xue
6181,2010,2013,2,2,2010,2010,2,0,3,True,False,0,2,30,0.0,1,0,0.6666666666666666,0,0,3,0,3,1,1,0,6181.0,Ming Tan,,Ming Tan
6182,2010,2013,2,2,2010,2010,2,0,3,True,False,0,2,30,0.0,1,0,0.6666666666666666,0,0,3,0,3,1,2,0,6182.0,Shirley Riley,,Shirley Riley
6184,2015,2015,1,1,,,1,,0,True,False,0,0,,0.0,0,0,0.0,0,0,1,0,1,0,1,0,6184.0,Wei Shi,,Wei Shi
6186,2015,2015,1,1,,,1,,0,True,False,0,0,,0.0,0,0,0.0,0,0,1,0,1,0,1,0,6186.0,Yang Ma,,Yang Ma
6187,2015,2015,1,1,,,1,,0,True,False,0,0,,0.0,0,0,0.0,0,0,1,0,1,0,2,0,6187.0,Lei Kang,,Lei Kang
6188,2015,2015,1,1,,,1,,0,True,False,0,0,,0.0,0,0,0.0,0,0,1,0,1,0,1,0,6188.0,Min Zhong,,Min Zhong
6192,1994,2000,2,2,,,2,,6,True,False,0,1,,0.0,1,0,0.6666666666666666,0,0,2,0,2,0,1,0,6192.0,Adam Lopez,,Adam Lopez
6195,2019,2019,1,1,,,1,,0,True,False,0,0,,0.0,1,0,0.0,0,0,2,0,2,0,1,0,6195.0,Min Xiong,,Min Xiong
6196,2019,2019,1,1,,,1,,0,True,False,0,0,,0.0,1,0,0.0,0,0,2,0,2,0,1,0,6196.0,Phillip Martinez,,Phillip Martinez
6198,2017,2032,4,4,,,3,,15,True,False,1,4,,0.0,2,0,0.33919597989949757,0,0,4,1,5,0,2,0,6198.0,Xiuying Cheng,,Xiuying Cheng
6199,2019,2019,1,1,,,1,,0,True,False,0,0,,0.0,1,0,0.0,0,0,2,0,2,0,1,0,6199.0,Juan Cai,,Juan Cai
6202,2020,2020,1,1,,,1,,0,True,False,0,0,,0.0,0,0,0.0,0,0,0,0,0,0,1,0,6202.0,Katherine Preston,BIG SHVX,BIG SHVX
6207,2027,2027,1,1,,,1,,0,True,True,0,1,,0.0,0,0,0.0,0,0,1,0,1,0,1,0,6207.0,Chao Fan,,Chao Fan
6208,2027,2027,1,1,,,1,,0,True,True,0,1,,0.0,0,0,0.0,0,0,1,0,1,0,1,0,6208.0,Yang Tang,,Yang Tang
6212,2028,2028,1,1,,,1,,0,True,True,0,2,,0.0,3,0,0.0,0,0,2,0,2,0,1,0,6212.0,Na Yan,,Na Yan
6213,2028,2028,1,1,,,1,,0,True,True,0,2,,0.0,3,0,0.0,0,0,2,0,2,0,1,0,6213.0,Yan Zhou,,Yan Zhou
6215,2028,2028,1,1,,,1,,0,True,True,0,2,,0.0,3,0,0.0,0,0,2,0,2,0,1,0,6215.0,Chao Ma,,Chao Ma
6219,2023,2023,1,1,2023,2023,1,0,0,True,False,0,3,17,0.0,1,0,0.0,0,0,1,0,1,0,1,0,6219.0,Fang Yao,,Fang Yao
6220,2023,2023,1,1,2023,2023,1,0,0,True,False,0,3,17,0.0,1,0,0.0,0,0,1,0,1,0,1,0,6220.0,Tao Lin,,Tao Lin
6223,2023,2023,2,2,2023,2023,2,0,0,True,False,0,4,17,0.0,1,0,0.0,0,0,1,0,1,0,1,0,6223.0,Li Kong,,Li Kong
6224,2023,2023,1,1,2023,2023,1,0,0,True,False,0,3,17,0.0,1,0,0.0,0,0,1,0,1,0,1,0,6224.0,Rebecca Ruiz,,Rebecca Ruiz
6225,2020,2023,3,3,2020,2023,2,0,3,True,False,0,5,17,0.0,0,0,0.0,0,0,1,0,1,0,3,0,6225.0,Jun Fang,,Jun Fang
6226,2023,2023,1,1,2023,2023,1,0,0,True,False,0,3,17,0.0,1,0,0.0,0,0,1,0,1,0,1,0,6226.0,Ming Ren,,Ming Ren
6228,1993,1999,2,2,1993,1993,1,0,6,True,False,0,3,47,0.0,2,0,0.3333333333333333,0,0,2,0,2,1,2,0,6228.0,Ping Yao,,Ping Yao
6230,2017,2017,1,1,,,1,,0,True,False,0,2,,0.0,7,0,0.0,0,0,1,0,1,0,3,0,6230.0,Thomas Weber,,Thomas Weber
6234,2019,2023,3,3,2023,2023,2,4,4,True,False,0,9,17,0.0,9,0,2.25,0,0,3,0,3,1,2,0,6234.0,Mike Robinson,,Mike Robinson
6236,2026,2026,1,1,,,1,,0,True,True,0,1,,0.0,1,0,0.0,0,0,1,0,1,0,1,0,6236.0,Jun Tian, DR3∆M, DR3∆M
6237,2026,2026,1,1,,,1,,0,True,True,0,1,,0.0,1,0,0.0,0,0,1,0,1,0,2,0,6237.0,Juan Zheng,,Juan Zheng
6238,2026,2026,1,1,,,1,,0,True,True,0,1,,0.0,1,0,0.0,0,0,1,0,1,0,1,0,6238.0,Xiulan Zhao,,Xiulan Zhao
6239,2026,2026,1,1,,,1,,0,True,True,0,1,,0.0,1,0,0.0,0,0,1,0,1,0,1,0,6239.0,Min Ren,,Min Ren
6240,2026,2026,1,1,,,1,,0,True,True,0,1,,0.0,1,0,0.0,0,0,1,0,1,0,1,0,6240.0,Frank Shaffer,,Frank Shaffer
6241,2026,2026,1,1,,,1,,0,True,True,0,1,,0.0,1,0,0.0,0,0,1,0,1,0,1,0,6241.0,Lei Deng,,Lei Deng
6242,2026,2026,1,1,,,1,,0,True,True,0,1,,0.0,1,0,0.0,0,0,1,0,1,0,1,0,6242.0,Li Hou,,Li Hou
6243,2026,2026,1,1,,,1,,0,True,True,0,1,,0.0,1,0,0.0,0,0,1,0,1,0,1,0,6243.0,Qiang Qin,,Qiang Qin
6244,2026,2026,1,1,,,1,,0,True,True,0,1,,0.0,1,0,0.0,0,0,1,0,1,0,2,0,6244.0,Jie Xu,,Jie Xu
6247,2020,2026,2,2,,,2,,6,True,False,0,2,,0.0,0,0,0.16666666666666666,0,0,2,0,2,0,1,0,6247.0,Na Zhou,,Na Zhou
6249,2026,2026,1,1,,,1,,0,True,True,0,2,,0.0,0,0,0.0,0,0,1,0,1,0,2,0,6249.0,Fang Mo,,Fang Mo
6254,2023,2023,1,1,,,1,,0,True,False,0,2,,0.0,2,0,0.0,0,0,2,0,2,0,1,0,6254.0,Ramona Camiscione,,Ramona Camiscione
6255,2023,2023,1,1,,,1,,0,True,False,0,2,,0.0,2,0,0.0,0,0,2,0,2,0,1,0,6255.0,Adele Curatoli,,Adele Curatoli
6258,2020,2020,1,1,,,1,,0,True,False,0,1,,0.0,0,0,0.0,0,0,1,0,1,0,1,0,6258.0,Jing Kang,,Jing Kang
6259,2020,2020,1,1,,,1,,0,True,False,0,1,,0.0,0,0,0.0,0,0,1,0,1,0,2,0,6259.0,Jun Song,,Jun Song
6260,2020,2020,1,1,,,1,,0,True,False,0,1,,0.0,0,0,0.0,0,0,1,0,1,0,1,0,6260.0,Yong Jia,,Yong Jia
6265,2028,2028,1,1,,,1,,0,True,True,0,1,,0.0,0,0,0.0,0,0,1,0,1,1,1,0,6265.0,Eshani Deep,,Eshani Deep
6266,2028,2028,1,1,,,1,,0,True,True,0,1,,0.0,0,0,0.0,0,0,1,0,1,1,2,0,6266.0,Reyansh Barad,,Reyansh Barad
6269,2017,2019,2,2,2017,2017,1,0,2,True,False,0,2,23,0.0,3,0,1.5,0,0,1,1,2,0,2,0,6269.0,Ming Zheng,,Ming Zheng
6270,2013,2019,2,2,2029,2029,2,16,6,True,False,0,3,11,0.0,4,0,0.5,0,0,2,0,2,0,2,0,6270.0,Yan Feng,,Yan Feng
6273,2025,2025,1,1,,,1,,0,True,True,0,1,,0.0,3,0,0.0,0,0,1,0,1,0,1,0,6273.0,Nicole Thomas,,Nicole Thomas
6274,2025,2025,1,1,,,1,,0,True,True,0,1,,0.0,3,0,0.0,0,0,1,0,1,0,1,0,6274.0,Gang Fan,,Gang Fan
6275,2017,2025,2,2,,,1,,8,True,False,0,1,,0.0,3,0,0.625,0,0,1,0,1,0,1,0,6275.0,Qiang Qian,,Qiang Qian
6277,1994,1994,1,1,,,1,,0,True,False,0,0,,0.0,0,0,0.0,0,0,1,0,1,0,2,0,6277.0,Chao Song,,Chao Song
6280,2028,2028,1,1,,,1,,0,True,True,0,3,,0.0,0,0,0.0,0,0,1,0,1,1,1,0,6280.0,Lei Tan,,Lei Tan
6282,2028,2028,1,1,,,1,,0,True,True,0,3,,0.0,0,0,0.0,0,0,1,0,1,1,1,0,6282.0,Li Feng,,Li Feng
6287,2028,2028,1,1,,,1,,0,True,True,0,4,,0.0,0,0,0.0,0,0,1,0,1,0,1,0,6287.0,Li Su,,Li Su
6288,2028,2028,1,1,,,1,,0,True,True,0,4,,0.0,0,0,0.0,0,0,1,0,1,0,2,0,6288.0,Gang Zeng,,Gang Zeng
6290,2029,2029,1,1,2029,2029,1,0,0,True,True,0,2,11,0.0,0,0,0.0,0,0,1,0,1,1,1,0,6290.0,Na Wei,Neon Oracle,Neon Oracle
6291,2029,2029,1,1,2029,2029,1,0,0,True,True,0,2,11,0.0,0,0,0.0,0,0,1,0,1,1,2,0,6291.0,Xiulan Hao,,Xiulan Hao
6292,2029,2029,1,1,2029,2029,1,0,0,True,True,0,2,11,0.0,0,0,0.0,0,0,1,0,1,1,1,0,6292.0,Na Jin,,Na Jin
6294,2025,2025,1,1,,,1,,0,True,True,0,2,,0.0,1,0,0.0,0,0,1,0,1,0,2,0,6294.0,Yang Cao,,Yang Cao
6296,2025,2025,1,1,,,1,,0,True,True,0,2,,0.0,1,0,0.0,0,0,1,0,1,0,1,0,6296.0,Lindsey Walker,,Lindsey Walker
6299,1994,1994,1,1,,,1,,0,True,False,0,1,,0.0,3,0,0.0,0,0,1,0,1,0,1,0,6299.0,Caleb Payne,,Caleb Payne
6302,2017,2017,1,1,,,1,,0,True,False,0,0,,0.0,0,0,0.0,0,0,1,0,1,0,1,0,6302.0,Thérèse Guillou,,Thérèse Guillou
6303,2017,2017,1,1,,,1,,0,True,False,0,0,,0.0,0,0,0.0,0,0,1,0,1,0,1,0,6303.0,Stefanie Sullivan,,Stefanie Sullivan
6304,2017,2017,1,1,,,1,,0,True,False,0,0,,0.0,0,0,0.0,0,0,1,0,1,0,1,0,6304.0,Alexandra Moreno,,Alexandra Moreno
6306,2017,2017,1,1,,,1,,0,True,False,0,0,,0.0,0,0,0.0,0,0,1,0,1,0,2,0,6306.0,Katie Oliver,,Katie Oliver
6308,2025,2025,1,1,2025,2025,1,0,0,True,True,0,5,15,0.0,1,0,0.0,0,0,1,0,1,1,1,0,6308.0,Li Liao,,Li Liao
6310,2025,2025,1,1,2025,2025,1,0,0,True,True,0,5,15,0.0,1,0,0.0,0,0,1,0,1,1,1,0,6310.0,Ping Deng,,Ping Deng
6311,2025,2025,1,1,2025,2025,1,0,0,True,True,0,5,15,0.0,1,0,0.0,0,0,1,0,1,1,1,0,6311.0,Juan Lei,,Juan Lei
6312,2025,2028,3,3,2025,2025,3,0,3,True,True,0,12,15,0.0,1,0,2.0714285714285716,0,0,1,0,1,1,2,0,6312.0,Fang Xiang,,Fang Xiang
6314,1997,1997,1,1,,,1,,0,True,False,0,1,,0.0,1,0,0.0,0,0,1,0,1,0,1,0,6314.0,Phillip Hamilton,,Phillip Hamilton
6316,2007,2029,6,6,,,3,,22,True,False,0,5,,0.0,6,0,0.5605053191489361,0,0,3,1,4,0,2,0,6316.0,Dennis Lee,,Dennis Lee
6317,1987,2029,4,4,,,3,,42,True,False,0,4,,0.0,5,0,0.2145015105740181,0,0,3,1,4,0,3,0,6317.0,Bradley Hayes,,Bradley Hayes
6321,2017,2017,1,1,,,1,,0,True,False,0,1,,0.0,0,0,0.0,0,0,1,0,1,0,1,0,6321.0,Daryl Parsons,,Daryl Parsons
6323,2013,2013,1,1,,,1,,0,True,False,0,0,,0.0,0,0,0.0,0,0,1,0,1,0,1,0,6323.0,Ibrahim Heerkens-Everde,,Ibrahim Heerkens-Everde
6324,2013,2013,1,1,,,1,,0,True,False,0,0,,0.0,0,0,0.0,0,0,1,0,1,0,1,0,6324.0,Li Tian,,Li Tian
6326,2009,2013,2,2,,,2,,4,True,False,0,1,,0.0,1,0,0.75,0,0,1,0,1,0,1,0,6326.0,Tao Hu,,Tao Hu
6328,2007,2010,2,2,2010,2010,1,3,3,True,False,0,1,30,0.0,0,0,0.0,0,0,2,0,2,0,3,0,6328.0,Lise Gerrits,,Lise Gerrits
6331,2000,2000,1,1,,,1,,0,True,False,0,1,,0.0,1,0,0.0,0,0,1,0,1,0,2,0,6331.0,Cecilia Cusano-Squarcione,,Cecilia Cusano-Squarcione
6332,1986,2000,2,2,,,1,,14,True,False,0,1,,0.0,1,0,0.14285714285714285,0,0,2,0,2,0,2,0,6332.0,Karl-Heinz Bruder,,Karl-Heinz Bruder
6334,2012,2012,1,1,,,1,,0,True,False,0,4,,0.0,1,0,0.0,0,0,1,0,1,1,1,0,6334.0,Ming Huang, Dom Rivers, Dom Rivers
6335,2012,2012,1,1,,,1,,0,True,False,0,4,,0.0,1,0,0.0,0,0,1,0,1,1,2,0,6335.0,Ming Zhou,,Ming Zhou
6336,2008,2008,1,1,,,1,,0,True,False,0,2,,0.0,1,0,0.0,0,0,1,0,1,0,1,0,6336.0,Fang Hao,,Fang Hao
6340,2017,2017,1,1,,,1,,0,True,False,0,3,,0.0,0,0,0.0,0,0,0,0,0,0,3,0,6340.0,Matthew Sanchez,,Matthew Sanchez
6343,2004,2004,1,1,,,1,,0,True,False,0,2,,0.0,2,0,0.0,0,0,1,0,1,0,1,0,6343.0,Devansh Seshadri,,Devansh Seshadri
6345,2024,2024,1,1,,,1,,0,True,False,0,2,,0.0,2,0,0.0,0,0,0,0,0,0,1,0,6345.0,Wei Sun,,Wei Sun
6346,2024,2024,1,1,,,1,,0,True,False,0,2,,0.0,2,0,0.0,0,0,0,0,0,0,2,0,6346.0,Chao Gu,,Chao Gu
6348,2010,2026,3,3,,,2,,16,True,False,0,3,,0.0,1,0,0.3815789473684211,0,0,2,0,2,0,1,0,6348.0,Tao Guo,,Tao Guo
6349,2024,2024,1,1,,,1,,0,True,False,0,2,,0.0,2,0,0.0,0,0,0,0,0,0,2,0,6349.0,Yan Zhong,,Yan Zhong
6352,2028,2028,1,1,,,1,,0,True,True,0,1,,0.0,0,0,0.0,0,0,1,0,1,0,2,0,6352.0,Wei Wei,Shadow Choir,Shadow Choir
6354,2028,2028,1,1,,,1,,0,True,True,0,1,,0.0,0,0,0.0,0,0,1,0,1,0,1,0,6354.0,Jun Yan,,Jun Yan
6355,2025,2028,2,2,,,1,,3,True,True,0,2,,0.0,1,0,0.6666666666666666,0,0,2,0,2,1,1,0,6355.0,Ping Tao,,Ping Tao
6359,2017,2017,1,1,,,1,,0,True,False,0,1,,0.0,0,0,0.0,0,0,1,0,1,1,1,0,6359.0,Dierk Reichmann,,Dierk Reichmann
6360,2017,2025,2,2,,,2,,8,True,False,0,1,,0.0,4,0,0.875,0,0,1,0,1,1,2,0,6360.0,Leo Schuster,,Leo Schuster
6361,2017,2017,1,1,,,1,,0,True,False,0,1,,0.0,0,0,0.0,0,0,1,0,1,1,2,0,6361.0,Thekla Schuster,,Thekla Schuster
6362,2017,2017,1,1,,,1,,0,True,False,0,1,,0.0,0,0,0.0,0,0,1,0,1,1,1,0,6362.0,Herr Reinald Roht,,Herr Reinald Roht
6369,1994,2009,2,2,,,2,,15,True,False,0,1,,0.0,4,0,0.26666666666666666,0,0,3,0,3,0,2,0,6369.0,Jeffery Bailey,,Jeffery Bailey
6370,1994,2000,2,2,,,1,,6,True,False,0,0,,0.0,4,0,0.5,0,0,2,0,2,0,1,0,6370.0,Jun Shao,,Jun Shao
6371,2013,2030,3,3,2030,2030,3,17,17,True,False,1,5,10,0.0,0,0,0.31868131868131866,0,0,2,0,2,0,2,0,6371.0,Jun Hao,,Jun Hao
6373,2027,2027,1,1,,,1,,0,True,True,0,1,,0.0,0,0,0.0,0,0,1,0,1,0,1,0,6373.0,Qiang Han,,Qiang Han
6374,2027,2027,1,1,,,1,,0,True,True,0,1,,0.0,0,0,0.0,0,0,1,0,1,0,1,0,6374.0,Wei Shao,,Wei Shao
6375,2026,2027,2,2,,,2,,1,True,True,0,5,,0.0,2,0,2.0,0,0,2,0,2,1,1,0,6375.0,Michael Peterson,,Michael Peterson
6378,2015,2015,1,1,,,1,,0,True,False,0,1,,0.0,0,0,0.0,0,0,1,0,1,0,2,0,6378.0,Jun Cui,,Jun Cui
6379,2015,2015,1,1,,,1,,0,True,False,0,1,,0.0,0,0,0.0,0,0,1,0,1,0,1,0,6379.0,Tao Xiao,,Tao Xiao
6380,2015,2015,1,1,,,1,,0,True,False,0,1,,0.0,0,0,0.0,0,0,1,0,1,0,1,0,6380.0,Michael Ramirez,,Michael Ramirez
6381,2015,2015,1,1,,,1,,0,True,False,0,1,,0.0,0,0,0.0,0,0,1,0,1,0,1,0,6381.0,Fang Dong,,Fang Dong
6384,2010,2010,1,1,2010,2010,1,0,0,True,False,0,1,30,0.0,2,0,0.0,0,0,1,0,1,1,1,0,6384.0,Kristina Cowan,,Kristina Cowan
6387,2023,2023,1,1,,,1,,0,True,False,0,1,,0.0,1,0,0.0,0,0,2,0,2,0,1,0,6387.0,William Shields,,William Shields
6388,2023,2023,1,1,,,1,,0,True,False,0,1,,0.0,1,0,0.0,0,0,2,0,2,0,1,0,6388.0,Xia Hu,,Xia Hu
6389,2023,2023,1,1,,,1,,0,True,False,0,1,,0.0,1,0,0.0,0,0,2,0,2,0,1,0,6389.0,Jie Liao,,Jie Liao
6391,2023,2023,1,1,,,1,,0,True,False,0,2,,0.0,0,0,0.0,0,0,1,0,1,0,3,0,6391.0,Elizabeth Rivera,,Elizabeth Rivera
6394,2007,2007,1,1,,,1,,0,True,False,0,0,,0.0,3,0,0.0,0,0,1,0,1,0,1,0,6394.0,Robert Stephens,,Robert Stephens
6395,2007,2007,1,1,,,1,,0,True,False,0,0,,0.0,3,0,0.0,0,0,1,0,1,0,1,0,6395.0,Annegret Nerger,,Annegret Nerger
6399,2008,2008,1,1,,,1,,0,True,False,0,1,,0.0,0,0,0.0,0,0,2,0,2,0,2,0,6399.0,Jie Su,,Jie Su
6400,2006,2008,2,2,,,1,,2,True,False,0,2,,0.0,0,0,1.5,0,0,3,0,3,0,1,0,6400.0,Jason Warner,,Jason Warner
6401,2008,2008,1,1,,,1,,0,True,False,0,1,,0.0,0,0,0.0,0,0,2,0,2,0,1,0,6401.0,Chelsea Liu,,Chelsea Liu
6402,2006,2006,1,1,,,1,,0,True,False,0,1,,0.0,0,0,0.0,0,0,2,0,2,0,1,0,6402.0,Margaret Mccarthy,,Margaret Mccarthy
6403,2006,2008,2,2,,,1,,2,True,False,0,2,,0.0,0,0,1.5,0,0,3,0,3,0,3,0,6403.0,Xia Xiong,,Xia Xiong
6405,2023,2023,1,1,,,1,,0,True,False,0,0,,0.0,0,0,0.0,0,0,2,0,2,0,2,0,6405.0,Amber Ward,,Amber Ward
6407,2023,2023,1,0,,,1,,0,True,False,0,2,,0.0,0,0,0.0,0,0,1,0,1,0,2,0,6407.0,Benjamin Gutierrez,,Benjamin Gutierrez
6408,2023,2023,1,0,,,1,,0,True,False,0,2,,0.0,0,0,0.0,0,0,1,0,1,0,1,0,6408.0,Maria Rubio,,Maria Rubio
6409,2023,2023,1,0,,,1,,0,True,False,0,2,,0.0,0,0,0.0,0,0,1,0,1,0,1,0,6409.0,Timothy Sanchez,,Timothy Sanchez
6410,2023,2023,1,0,,,1,,0,True,False,0,2,,0.0,0,0,0.0,0,0,1,0,1,0,2,0,6410.0,Patrick Wall,,Patrick Wall
6411,2023,2023,1,0,,,1,,0,True,False,0,2,,0.0,0,0,0.0,0,0,1,0,1,0,1,0,6411.0,Bradley Valencia,,Bradley Valencia
6413,2022,2025,2,2,,,1,,3,True,False,0,4,,0.0,1,0,1.3333333333333333,0,0,1,0,1,0,1,0,6413.0,Ming Jiang,,Ming Jiang
6414,2022,2025,2,2,,,1,,3,True,False,0,4,,0.0,1,0,1.3333333333333333,0,0,1,0,1,0,3,0,6414.0,Tao Su,,Tao Su
6420,2028,2028,1,1,,,1,,0,True,True,0,4,,0.0,0,0,0.0,0,0,1,0,1,0,1,0,6420.0,Ping Ding,,Ping Ding
6421,2028,2028,1,1,,,1,,0,True,True,0,4,,0.0,0,0,0.0,0,0,1,0,1,0,2,0,6421.0,Melanie Ballard,,Melanie Ballard
6424,2012,2024,5,5,2024,2024,5,12,12,True,False,0,13,16,0.0,0,0,0.375,0,0,1,0,1,3,3,1,6424.0,Cheryl Carter,,Cheryl Carter
6426,2020,2020,1,1,,,1,,0,True,False,0,6,,0.0,3,0,0.0,0,0,2,0,2,1,1,0,6426.0,Stacie Bennett,,Stacie Bennett
6431,2023,2023,1,1,,,1,,0,True,False,0,1,,0.0,0,0,0.0,0,0,0,0,0,0,1,0,6431.0,Ming Qiao,,Ming Qiao
6433,2023,2023,2,2,,,2,,0,True,False,0,3,,0.0,0,0,0.0,0,0,1,0,1,0,1,0,6433.0,Guiying Tao,,Guiying Tao
6437,2013,2024,2,2,2013,2013,2,0,11,True,False,0,5,27,0.0,0,0,0.2727272727272727,0,0,1,0,1,0,2,0,6437.0,Na Fan,,Na Fan
6438,2024,2024,1,1,,,1,,0,True,False,0,4,,0.0,0,0,0.0,0,0,1,0,1,0,1,0,6438.0,Jun Song,,Jun Song
6439,2024,2024,1,1,,,1,,0,True,False,0,4,,0.0,0,0,0.0,0,0,1,0,1,0,1,0,6439.0,Christine Martin,,Christine Martin
6440,2024,2024,1,1,,,1,,0,True,False,0,4,,0.0,0,0,0.0,0,0,1,0,1,0,2,0,6440.0,Chao Jiang,,Chao Jiang
6441,2013,2013,1,1,2013,2013,1,0,0,True,False,0,1,27,0.0,0,0,0.0,0,0,1,0,1,0,2,0,6441.0,Li Jia,,Li Jia
6442,2013,2013,1,1,2013,2013,1,0,0,True,False,0,1,27,0.0,0,0,0.0,0,0,1,0,1,0,1,0,6442.0,Lei Du,,Lei Du
6444,2026,2026,1,1,,,1,,0,True,True,0,0,,0.0,0,0,0.0,0,0,1,0,1,0,1,0,6444.0,Adira Ramaswamy,,Adira Ramaswamy
6445,2026,2026,1,1,,,1,,0,True,True,0,0,,0.0,0,0,0.0,0,0,1,0,1,0,2,0,6445.0,Drishya Setty,,Drishya Setty
6446,2026,2026,1,1,,,1,,0,True,True,0,0,,0.0,0,0,0.0,0,0,1,0,1,0,1,0,6446.0,Samar Dutta,,Samar Dutta
6448,2025,2025,1,1,,,1,,0,True,True,0,1,,0.0,0,0,0.0,0,0,1,0,1,0,2,0,6448.0,Chao Wu,,Chao Wu
6449,2025,2025,1,1,,,1,,0,True,True,0,1,,0.0,0,0,0.0,0,0,1,0,1,0,1,0,6449.0,Guiying Ye,,Guiying Ye
6451,2025,2025,1,1,,,1,,0,True,True,0,1,,0.0,0,0,0.0,0,0,1,0,1,0,1,0,6451.0,Xiuying Huang,,Xiuying Huang
6452,2025,2025,1,1,,,1,,0,True,True,0,1,,0.0,0,0,0.0,0,0,1,0,1,0,1,0,6452.0,Jun Fu,,Jun Fu
6453,2025,2025,1,1,,,1,,0,True,True,0,1,,0.0,0,0,0.0,0,0,1,0,1,0,1,0,6453.0,Fang Han,,Fang Han
6457,2027,2027,1,1,,,1,,0,True,True,0,2,,0.0,5,0,0.0,0,0,1,0,1,0,1,0,6457.0,Ming Cheng,,Ming Cheng
6458,2027,2028,2,2,,,2,,1,True,True,0,3,,0.0,6,0,6.0,0,0,1,0,1,0,2,0,6458.0,Na Peng,,Na Peng
6459,2027,2027,1,1,,,1,,0,True,True,0,2,,0.0,5,0,0.0,0,0,1,0,1,0,2,0,6459.0,Ming Pan,,Ming Pan
6460,2027,2027,1,1,,,1,,0,True,True,0,2,,0.0,5,0,0.0,0,0,1,0,1,0,1,0,6460.0,Tao Liu,,Tao Liu
6462,1990,1990,1,1,,,1,,0,True,False,0,0,,0.0,0,0,0.0,0,0,1,0,1,0,1,0,6462.0,Christy Hernandez,,Christy Hernandez
6464,1990,1997,2,2,,,2,,7,True,False,0,2,,0.0,0,0,0.14285714285714285,0,0,2,0,2,1,2,0,6464.0,Yong Bai,,Yong Bai
6465,1990,1997,2,2,,,2,,7,True,False,0,2,,0.0,0,0,0.14285714285714285,0,0,2,0,2,1,2,0,6465.0,Jennifer Savage,,Jennifer Savage
6468,2010,2010,1,1,,,1,,0,True,False,0,3,,0.0,1,0,0.0,0,0,0,0,0,0,1,0,6468.0,Ernest Clark,,Ernest Clark
6469,2010,2010,1,1,,,1,,0,True,False,0,3,,0.0,1,0,0.0,0,0,0,0,0,0,1,0,6469.0,Pamela Massey,,Pamela Massey
6470,2000,2010,4,4,,,1,,10,True,False,0,5,,0.0,1,0,0.6842105263157896,0,0,2,0,2,0,2,0,6470.0,Andrej Ruppersberger,,Andrej Ruppersberger
6471,2010,2010,1,1,,,1,,0,True,False,0,3,,0.0,1,0,0.0,0,0,0,0,0,0,1,0,6471.0,Richard Francis,,Richard Francis
6475,2027,2027,1,1,,,1,,0,True,True,0,7,,0.0,2,0,0.0,0,0,1,0,1,0,2,1,6475.0,Guiying Ren,,Guiying Ren
6477,2022,2022,1,1,,,1,,0,True,False,0,2,,0.0,1,0,0.0,0,0,1,0,1,1,2,0,6477.0,Regina Hensley,,Regina Hensley
6478,2022,2022,1,1,,,1,,0,True,False,0,2,,0.0,1,0,0.0,0,0,1,0,1,1,1,0,6478.0,Cheryl Miller,,Cheryl Miller
6479,2022,2022,1,1,,,1,,0,True,False,0,2,,0.0,1,0,0.0,0,0,1,0,1,1,1,0,6479.0,Alex Schwartz,,Alex Schwartz
6480,2022,2022,1,1,,,1,,0,True,False,0,2,,0.0,1,0,0.0,0,0,1,0,1,1,1,0,6480.0,Michael Bennett,,Michael Bennett
6483,2004,2027,3,3,,,2,,23,True,False,0,6,,0.0,0,0,0.29699248120300753,0,0,3,0,3,1,1,0,6483.0,Yan Yan,,Yan Yan
6484,2015,2027,2,2,,,1,,12,True,False,0,4,,0.0,1,0,0.4166666666666667,0,0,2,0,2,1,3,0,6484.0,Wei Dong,,Wei Dong
6485,2027,2027,1,1,,,1,,0,True,True,0,4,,0.0,1,0,0.0,0,0,1,0,1,1,2,0,6485.0,Juan Jin,,Juan Jin
6486,2020,2027,2,2,2020,2020,2,0,7,True,False,0,5,20,0.0,1,0,0.7142857142857143,0,0,2,0,2,1,1,0,6486.0,Stephanie Montoya,,Stephanie Montoya
6487,2020,2027,2,2,2020,2020,2,0,7,True,False,0,5,20,0.0,1,0,0.7142857142857143,0,0,2,0,2,1,2,0,6487.0,Min Sun,,Min Sun
6488,2020,2027,2,2,2020,2020,2,0,7,True,False,0,5,20,0.0,1,0,0.7142857142857143,0,0,2,0,2,1,1,0,6488.0,Ming Lei,,Ming Lei
6490,2027,2027,1,1,,,1,,0,True,True,0,1,,0.0,0,0,0.0,0,0,1,0,1,0,1,1,6490.0,Chao Qiao,,Chao Qiao
6492,2027,2027,1,1,,,1,,0,True,True,0,1,,0.0,0,0,0.0,0,0,1,0,1,0,2,1,6492.0,Chao Peng,,Chao Peng
6494,2012,2024,2,2,2012,2012,1,0,12,True,False,0,1,28,0.0,0,0,0.0,0,0,2,0,2,1,1,0,6494.0,Seth Payne,,Seth Payne
6498,2010,2010,1,1,,,1,,0,True,False,0,1,,0.0,1,0,0.0,0,0,1,0,1,0,2,0,6498.0,Xiulan Qiu,,Xiulan Qiu
6499,2010,2010,1,1,,,1,,0,True,False,0,1,,0.0,1,0,0.0,0,0,1,0,1,0,1,0,6499.0,Anthony Padilla,,Anthony Padilla
6500,2017,2017,1,1,,,1,,0,True,False,0,0,,0.0,1,0,0.0,0,0,2,0,2,0,1,0,6500.0,Wei Tan,,Wei Tan
6501,2017,2017,1,1,,,1,,0,True,False,0,0,,0.0,1,0,0.0,0,0,2,0,2,0,2,0,6501.0,Wei Xie,,Wei Xie
6506,2012,2012,1,1,,,1,,0,True,False,0,3,,0.0,4,0,0.0,0,0,2,0,2,0,1,2,6506.0,Ivo Cannizzaro,,Ivo Cannizzaro
6508,2017,2017,1,1,,,1,,0,True,False,0,4,,0.0,3,0,0.0,0,0,1,0,1,0,1,0,6508.0,Alejandro Barnes,,Alejandro Barnes
6509,2017,2017,1,1,,,1,,0,True,False,0,4,,0.0,3,0,0.0,0,0,1,0,1,0,1,0,6509.0,Eric Wallace,,Eric Wallace
6510,2017,2017,1,1,,,1,,0,True,False,0,4,,0.0,3,0,0.0,0,0,1,0,1,0,1,0,6510.0,Charles Paul,,Charles Paul
6511,2017,2017,1,1,,,1,,0,True,False,0,4,,0.0,3,0,0.0,0,0,1,0,1,0,2,0,6511.0,Justin Allen,,Justin Allen
6514,2022,2022,1,1,,,1,,0,True,False,0,2,,0.0,0,0,0.0,0,0,2,0,2,1,1,0,6514.0,Xiuying Dai,,Xiuying Dai
6515,2022,2022,1,1,,,1,,0,True,False,0,2,,0.0,0,0,0.0,0,0,2,0,2,1,1,0,6515.0,Jing Zeng,,Jing Zeng
6517,2022,2022,1,1,,,1,,0,True,False,0,2,,0.0,0,0,0.0,0,0,2,0,2,1,1,0,6517.0,Li Jia,,Li Jia
6518,2022,2022,1,1,,,1,,0,True,False,0,2,,0.0,0,0,0.0,0,0,2,0,2,1,2,0,6518.0,Andrea Martin,,Andrea Martin
6520,2022,2022,1,1,,,1,,0,True,False,0,2,,0.0,0,0,0.0,0,0,2,0,2,1,1,0,6520.0,Qiang Yao,,Qiang Yao
6522,2028,2028,1,1,,,1,,0,True,True,0,6,,0.0,4,0,0.0,0,0,1,0,1,3,1,0,6522.0,Fang Tang,,Fang Tang
6525,2020,2027,3,3,2025,2025,2,5,7,True,False,0,4,15,0.0,5,0,1.7692307692307692,0,0,2,1,3,3,2,0,6525.0,Kristin Anderson,,Kristin Anderson
6526,2014,2014,1,1,,,1,,0,True,False,0,0,,0.0,1,0,0.0,0,0,2,0,2,0,1,0,6526.0,James Clark,,James Clark
6527,2014,2014,1,1,,,1,,0,True,False,0,0,,0.0,1,0,0.0,0,0,2,0,2,0,1,0,6527.0,Ming Su,,Ming Su
6528,2014,2027,6,6,2025,2025,4,11,13,True,False,0,10,15,0.0,5,0,2.0643564356435644,0,0,6,1,7,4,1,0,6528.0,Vanessa Ramos,,Vanessa Ramos
6530,2029,2029,1,1,,,1,,0,True,True,0,1,,0.0,2,0,0.0,0,0,1,0,1,1,1,0,6530.0,Yang Zhong, M.K. Ultra, M.K. Ultra
6531,2029,2029,1,1,,,1,,0,True,True,0,1,,0.0,2,0,0.0,0,0,1,0,1,1,1,0,6531.0,Guiying Cui,,Guiying Cui
6532,2029,2029,1,1,,,1,,0,True,True,0,1,,0.0,2,0,0.0,0,0,1,0,1,1,2,0,6532.0,Kana Ito,,Kana Ito
6533,2029,2029,1,1,,,1,,0,True,True,0,1,,0.0,2,0,0.0,0,0,1,0,1,1,1,0,6533.0,Qiang Tao,,Qiang Tao
6534,2013,2029,5,5,,,5,,16,True,False,0,8,,0.0,7,0,0.7692307692307693,0,0,3,1,4,5,2,0,6534.0,Tao Yao,,Tao Yao
6536,2023,2023,1,1,,,1,,0,True,False,0,0,,0.0,0,0,0.0,0,0,0,0,0,0,1,0,6536.0,Xiulan Zhang,,Xiulan Zhang
6539,2023,2023,1,1,,,1,,0,True,False,0,0,,0.0,0,0,0.0,0,0,0,0,0,0,1,0,6539.0,Juan Tan,,Juan Tan
6542,2020,2020,1,1,,,1,,0,True,False,0,1,,0.0,1,0,0.0,0,0,1,0,1,0,1,0,6542.0,Klaus-Werner Löchel,,Klaus-Werner Löchel
6544,2029,2029,1,1,2029,2029,1,0,0,True,True,0,1,11,0.0,0,0,0.0,0,0,1,0,1,0,1,0,6544.0,Min Ma,,Min Ma
6546,2029,2029,1,1,2029,2029,1,0,0,True,True,0,1,11,0.0,0,0,0.0,0,0,1,0,1,0,1,0,6546.0,Chao Yao,,Chao Yao
6549,2025,2025,1,1,,,1,,0,True,True,0,1,,0.0,0,0,0.0,0,0,1,0,1,0,1,0,6549.0,Jing Xia,,Jing Xia
6552,2014,2014,1,1,,,1,,0,True,False,0,1,,0.0,0,0,0.0,0,0,1,0,1,0,1,0,6552.0,Na Yan,,Na Yan
6553,2014,2023,2,2,,,1,,9,True,False,0,5,,0.0,1,0,0.3333333333333333,0,0,1,0,1,1,1,0,6553.0,Na Xu,,Na Xu
6554,2014,2023,2,2,,,1,,9,True,False,0,5,,0.0,1,0,0.3333333333333333,0,0,1,0,1,1,2,0,6554.0,Guiying Kang,,Guiying Kang
6555,2020,2023,3,3,2022,2022,2,2,3,True,False,0,6,18,0.0,2,0,2.285714285714286,0,0,3,0,3,1,2,0,6555.0,Jasmine Adams,,Jasmine Adams
6558,2029,2029,1,1,,,1,,0,True,True,0,2,,0.0,1,0,0.0,0,0,2,0,2,0,1,0,6558.0,Lotte Arens,,Lotte Arens
6559,2027,2027,1,1,,,1,,0,True,True,0,1,,0.0,0,0,0.0,0,0,1,0,1,0,1,0,6559.0,Wei Shen,,Wei Shen
6561,2023,2023,1,1,,,1,,0,True,False,0,3,,0.0,0,0,0.0,0,0,2,0,2,0,1,0,6561.0,Urban Budig,,Urban Budig
6563,2023,2023,1,1,,,1,,0,True,False,0,3,,0.0,0,0,0.0,0,0,2,0,2,0,1,0,6563.0,Klaus-Günter Bender,,Klaus-Günter Bender
6565,2017,2019,2,2,,,2,,2,True,False,0,2,,0.0,2,0,2.0,0,0,1,1,2,0,3,0,6565.0,Yong Liao,Mason King,Mason King
6566,2019,2019,2,2,,,2,,0,True,False,0,2,,0.0,2,0,0.0,0,0,1,1,2,1,2,0,6566.0,Lei Tan,,Lei Tan
6567,2019,2019,2,2,,,2,,0,True,False,0,2,,0.0,2,0,0.0,0,0,1,1,2,1,1,0,6567.0,Jing Sun,,Jing Sun
6568,2013,2019,4,4,,,3,,6,True,False,0,4,,0.0,1,0,1.2857142857142856,0,0,2,1,3,1,1,0,6568.0,Qiang Gao,,Qiang Gao
6570,2029,2029,1,1,,,1,,0,True,True,0,4,,0.0,0,0,0.0,0,0,1,0,1,0,1,3,6570.0,Li Li,,Li Li
6571,2029,2029,1,1,,,1,,0,True,True,0,4,,0.0,0,0,0.0,0,0,1,0,1,0,1,3,6571.0,Jie Tao,,Jie Tao
6572,2028,2029,2,1,,,2,,1,True,True,0,5,,0.0,0,0,4.0,0,0,2,0,2,1,2,3,6572.0,Gang Dai,,Gang Dai
6573,2029,2029,1,1,,,1,,0,True,True,0,4,,0.0,0,0,0.0,0,0,1,0,1,0,1,3,6573.0,Lei Sun,,Lei Sun
6574,2029,2029,1,1,,,1,,0,True,True,0,4,,0.0,0,0,0.0,0,0,1,0,1,0,1,3,6574.0,Xia Tang,,Xia Tang
6576,2024,2025,2,2,2024,2025,2,0,1,True,False,0,4,15,0.0,4,0,13.0,0,0,2,0,2,4,2,0,6576.0,Arsenio Saraceno-Mercati,,Arsenio Saraceno-Mercati
6578,2029,2029,1,1,,,1,,0,True,True,0,3,,0.0,1,0,0.0,0,0,2,0,2,0,1,1,6578.0,Xiuying Kong,,Xiuying Kong
6579,2029,2029,2,2,,,2,,0,True,True,0,8,,0.0,1,0,0.0,0,0,2,0,2,0,1,4,6579.0,Lei Qian,,Lei Qian
6580,2029,2029,1,1,,,1,,0,True,True,0,3,,0.0,1,0,0.0,0,0,2,0,2,0,1,1,6580.0,Jun Su,,Jun Su
6584,2020,2020,1,1,,,1,,0,True,False,0,1,,0.0,0,0,0.0,0,0,1,0,1,0,1,0,6584.0,Yong Cao,,Yong Cao
6585,2020,2020,1,1,,,1,,0,True,False,0,1,,0.0,0,0,0.0,0,0,1,0,1,0,2,0,6585.0,Xia Wan,,Xia Wan
6586,2020,2020,1,1,,,1,,0,True,False,0,1,,0.0,0,0,0.0,0,0,1,0,1,0,1,0,6586.0,Qiang Bai,,Qiang Bai
6589,2027,2027,1,1,,,1,,0,True,True,0,4,,0.0,3,0,0.0,0,0,1,0,1,2,1,0,6589.0,Laura Badoglio,,Laura Badoglio
6590,2023,2027,2,2,2023,2023,2,0,4,True,False,0,6,17,0.0,3,0,1.0,0,0,1,0,1,2,1,0,6590.0,Étienne Bruneau,,Étienne Bruneau
6593,2000,2000,1,1,,,1,,0,True,False,0,0,,0.0,0,0,0.0,1,0,1,0,1,0,2,0,6593.0,Lori Massey,,Lori Massey
6596,2017,2017,1,1,,,1,,0,True,False,0,1,,0.0,0,0,0.0,0,0,2,0,2,0,2,0,6596.0,Jodi Salazar,,Jodi Salazar
6598,2029,2029,1,1,,,1,,0,True,True,0,3,,0.0,0,0,0.0,0,0,1,0,1,0,1,0,6598.0,Yan Liu,,Yan Liu
6599,2029,2029,1,1,,,1,,0,True,True,0,3,,0.0,0,0,0.0,0,0,1,0,1,0,1,0,6599.0,Jun Du,,Jun Du
6602,2029,2029,1,1,,,1,,0,True,True,0,3,,0.0,0,0,0.0,0,0,1,0,1,0,1,0,6602.0,Qiang Wu,,Qiang Wu
6604,2028,2028,1,1,,,1,,0,True,True,0,1,,0.0,5,0,0.0,0,0,1,0,1,0,1,0,6604.0,Gang Qiu,,Gang Qiu
6605,2025,2028,3,3,,,3,,3,True,True,0,5,,0.0,6,0,3.8571428571428577,0,0,2,1,3,0,1,0,6605.0,Jun Xie,,Jun Xie
6607,2023,2023,1,1,,,1,,0,True,False,0,2,,0.0,1,0,0.0,0,0,1,0,1,0,1,0,6607.0,Juan Xia,,Juan Xia
6608,2022,2023,2,2,2022,2022,1,0,1,True,False,0,3,18,0.0,1,0,2.0,0,0,1,0,1,0,2,0,6608.0,Jun Cai,,Jun Cai
6610,2023,2026,4,4,2026,2026,4,3,3,True,False,0,7,14,0.0,2,0,2.0,0,0,2,0,2,1,2,1,6610.0,Li Zhong,,Li Zhong
6612,2013,2013,1,1,,,1,,0,True,False,0,0,,0.0,0,0,0.0,0,0,1,0,1,0,1,0,6612.0,Kelli Turner,,Kelli Turner
6613,2025,2025,1,1,,,1,,0,True,True,0,0,,0.0,0,0,0.0,0,0,2,0,2,0,2,0,6613.0,Jennifer Diaz,,Jennifer Diaz
6614,2013,2013,1,1,,,1,,0,True,False,0,0,,0.0,0,0,0.0,0,0,1,0,1,0,1,0,6614.0,Latasha Chavez,,Latasha Chavez
6615,2013,2013,1,1,,,1,,0,True,False,0,0,,0.0,0,0,0.0,0,0,1,0,1,0,2,0,6615.0,Courtney Phillips,,Courtney Phillips
6618,2017,2017,1,1,,,1,,0,True,False,0,0,,0.0,1,0,0.0,0,0,1,0,1,0,1,0,6618.0,Lei Xiong, A.D. Knight, A.D. Knight
6619,2017,2017,1,1,,,1,,0,True,False,0,0,,0.0,1,0,0.0,0,0,1,0,1,0,1,0,6619.0,Li Fan,,Li Fan
6620,2021,2028,2,2,,,2,,7,True,False,0,1,,0.0,3,0,0.8571428571428571,0,0,3,0,3,0,2,0,6620.0,Guiying Zeng,,Guiying Zeng
6621,2017,2017,1,1,,,1,,0,True,False,0,0,,0.0,1,0,0.0,0,0,1,0,1,0,2,0,6621.0,Na Han,,Na Han
6622,2016,2023,5,5,,,4,,7,True,False,0,6,,0.0,0,0,1.1603053435114503,0,0,5,0,5,1,1,2,6622.0,Xia Zeng,,Xia Zeng
6623,2017,2017,2,2,,,2,,0,True,False,0,2,,0.0,1,0,0.0,0,0,2,0,2,1,1,0,6623.0,Billy Thompson,,Billy Thompson
6625,2013,2013,1,1,,,1,,0,True,False,0,1,,0.0,0,0,0.0,0,0,1,0,1,0,1,0,6625.0,Lei Wang,,Lei Wang
6626,2013,2013,2,2,,,1,,0,True,False,0,1,,0.0,0,0,0.0,0,0,1,0,1,0,2,0,6626.0,Xia Cai,,Xia Cai
6627,2013,2013,2,2,,,1,,0,True,False,0,1,,0.0,0,0,0.0,0,0,1,0,1,0,1,0,6627.0,Yong Yan,,Yong Yan
6629,2004,2004,1,1,,,1,,0,True,False,0,1,,0.0,0,0,0.0,0,0,1,0,1,0,1,0,6629.0,Herr Hans Dieter Hentschel,,Herr Hans Dieter Hentschel
6632,2004,2004,1,1,,,1,,0,True,False,0,1,,0.0,0,0,0.0,0,0,1,0,1,0,1,0,6632.0,Hertha Schinke,,Hertha Schinke
6634,2020,2023,2,2,2023,2023,2,3,3,True,False,0,3,17,0.0,1,0,1.0,0,0,2,0,2,0,1,0,6634.0,Timothy Burke,,Timothy Burke
6636,2005,2005,1,1,,,1,,0,True,False,0,0,,0.0,1,0,0.0,0,0,1,0,1,0,2,0,6636.0,Juan Du,,Juan Du
6637,2000,2000,1,1,,,1,,0,True,False,0,0,,0.0,3,0,0.0,0,0,1,0,1,0,1,0,6637.0,Emily Drake,,Emily Drake
6638,2000,2000,1,1,,,1,,0,True,False,0,0,,0.0,3,0,0.0,0,0,1,0,1,0,2,0,6638.0,Lei Feng,,Lei Feng
6640,1994,1994,1,1,,,1,,0,True,False,0,0,,0.0,0,0,0.0,0,0,2,0,2,0,2,0,6640.0,Mandy Murphy,,Mandy Murphy
6641,1994,1994,1,1,,,1,,0,True,False,0,0,,0.0,0,0,0.0,0,0,2,0,2,0,2,0,6641.0,Melissa Thomas,,Melissa Thomas
6642,1997,1997,1,1,,,1,,0,True,False,0,1,,0.0,0,0,0.0,0,0,2,0,2,0,1,0,6642.0,Jason Singleton,,Jason Singleton
6646,2013,2013,1,1,,,1,,0,True,False,0,2,,0.0,1,0,0.0,0,0,1,0,1,1,1,0,6646.0,Tao Su,,Tao Su
6649,2013,2013,1,1,,,1,,0,True,False,0,2,,0.0,1,0,0.0,0,0,1,0,1,1,1,0,6649.0,Jie Cao,,Jie Cao
6650,2013,2013,1,1,,,1,,0,True,False,0,2,,0.0,1,0,0.0,0,0,1,0,1,1,1,0,6650.0,Xia Li,,Xia Li
6652,1994,2025,2,2,,,2,,31,True,False,0,1,,0.0,0,0,0.06451612903225806,0,0,2,0,2,1,3,0,6652.0,Min Su,,Min Su
6653,1994,1996,2,2,,,1,,2,True,False,0,1,,0.0,0,0,0.0,0,0,2,0,2,0,2,0,6653.0,Na Dong,,Na Dong
6656,2025,2025,1,1,,,1,,0,True,True,0,1,,0.0,0,0,0.0,0,0,1,0,1,0,1,0,6656.0,Ronald Barnett, $KY, $KY
6657,2025,2025,1,1,,,1,,0,True,True,0,1,,0.0,0,0,0.0,0,0,1,0,1,0,1,0,6657.0,Kenneth Guerra,,Kenneth Guerra
6659,2010,2020,2,2,2010,2020,1,0,10,True,False,0,7,20,0.0,1,0,0.0,0,0,1,0,1,1,2,0,6659.0,Helen Simon, The Shadow, The Shadow
6660,2010,2010,1,1,2010,2010,1,0,0,True,False,0,5,30,0.0,1,0,0.0,0,0,1,0,1,1,1,0,6660.0,Adrian Miller,,Adrian Miller
6662,2023,2023,1,1,,,1,,0,True,False,0,2,,0.0,0,0,0.0,0,0,1,0,1,0,1,1,6662.0,Gang Yu,,Gang Yu
6663,2023,2023,1,1,,,1,,0,True,False,0,2,,0.0,0,0,0.0,0,0,1,0,1,0,1,1,6663.0,Jun Zhao,,Jun Zhao
6664,2023,2023,1,1,,,1,,0,True,False,0,2,,0.0,0,0,0.0,0,0,1,0,1,0,1,1,6664.0,Jason Mckenzie,,Jason Mckenzie
6667,2020,2029,3,3,,,2,,9,True,False,0,11,,0.0,0,0,0.8333333333333333,0,0,1,0,1,2,1,0,6667.0,Ming Zhu,,Ming Zhu
6668,2020,2026,2,2,,,2,,6,True,False,0,5,,0.0,1,0,0.5,0,0,1,0,1,1,2,0,6668.0,Li Shen,,Li Shen
6669,2029,2029,1,1,,,1,,0,True,True,0,6,,0.0,1,0,0.0,0,0,1,0,1,1,2,0,6669.0,Jie Zhang,,Jie Zhang
6670,2026,2026,1,1,,,1,,0,True,True,0,1,,0.0,1,0,0.0,0,0,1,0,1,0,1,0,6670.0,Jun Xiang,,Jun Xiang
6671,2026,2026,1,1,,,1,,0,True,True,0,1,,0.0,1,0,0.0,0,0,1,0,1,0,2,0,6671.0,Ping Sun,,Ping Sun
6673,2013,2013,1,1,2013,2013,1,0,0,True,False,0,0,27,0.0,0,0,0.0,0,0,1,0,1,0,2,0,6673.0,Ping Lei,,Ping Lei
6676,2027,2028,2,2,2027,2027,2,0,1,True,True,0,8,13,0.0,0,0,1.0,0,0,1,0,1,1,2,0,6676.0,Anthony Salas,,Anthony Salas
6677,2027,2027,1,1,2027,2027,1,0,0,True,True,0,4,13,0.0,0,0,0.0,0,0,1,0,1,0,2,0,6677.0,Nicole Williamson,,Nicole Williamson
6678,2028,2028,1,1,,,1,,0,True,True,0,4,,0.0,0,0,0.0,0,0,1,0,1,1,1,0,6678.0,Katrina Guzman,,Katrina Guzman
6681,2020,2020,1,1,,,1,,0,True,False,0,1,,0.0,0,0,0.0,0,0,1,0,1,0,1,0,6681.0,Mariola Häring,,Mariola Häring
6682,2020,2023,2,2,,,2,,3,True,False,0,3,,0.0,0,0,0.6666666666666666,0,0,1,0,1,0,1,0,6682.0,Vicki Morgan,,Vicki Morgan
6686,2012,2027,3,3,,,2,,15,True,False,0,8,,0.0,0,0,0.0,0,0,2,0,2,2,3,0,6686.0,Tracey Jordan,,Tracey Jordan
6689,2026,2026,1,1,2026,2026,1,0,0,True,True,0,1,14,0.0,0,0,0.0,0,0,2,0,2,0,2,0,6689.0,Susanna Raimondi,,Susanna Raimondi
6692,2026,2026,1,1,2026,2026,1,0,0,True,True,0,1,14,0.0,0,0,0.0,0,0,2,0,2,0,1,0,6692.0,Rodolfo Montecchi-Bonomo,,Rodolfo Montecchi-Bonomo
6694,2026,2026,1,1,,,1,,0,True,True,0,2,,0.0,0,0,0.0,1,0,1,0,1,0,2,0,6694.0,Phillip Hampton,,Phillip Hampton
6695,2029,2029,1,1,,,1,,0,True,True,0,1,,0.0,0,0,0.0,0,0,1,0,1,0,2,0,6695.0,Donald Davis,,Donald Davis
6696,2026,2026,1,1,,,1,,0,True,True,0,2,,0.0,0,0,0.0,1,0,1,0,1,0,2,0,6696.0,Emily Brooks,,Emily Brooks
6701,2021,2021,1,1,,,1,,0,True,False,0,3,,0.0,0,0,0.0,0,0,1,0,1,0,1,0,6701.0,Tiya Desai,,Tiya Desai
6703,2024,2024,1,1,2024,2024,1,0,0,True,False,0,1,16,0.0,0,0,0.0,0,0,1,0,1,0,1,0,6703.0,Olivia Ortega Bermejo,,Olivia Ortega Bermejo
6704,2024,2024,1,1,2024,2024,1,0,0,True,False,0,1,16,0.0,0,0,0.0,0,0,1,0,1,0,1,0,6704.0,Atenulf Pigafetta,,Atenulf Pigafetta
6706,2024,2024,1,1,2024,2024,1,0,0,True,False,0,1,16,0.0,0,0,0.0,0,0,1,0,1,0,1,0,6706.0,Cipriano Navone,,Cipriano Navone
6707,2024,2024,1,1,2024,2024,1,0,0,True,False,0,1,16,0.0,0,0,0.0,0,0,1,0,1,0,2,0,6707.0,Mariana Galeati,,Mariana Galeati
6710,2028,2028,1,1,2028,2028,1,0,0,True,True,0,1,12,0.0,0,0,0.0,0,0,1,0,1,0,1,0,6710.0,Jun Feng,,Jun Feng
6711,2028,2028,1,1,2028,2028,1,0,0,True,True,0,1,12,0.0,0,0,0.0,0,0,1,0,1,0,1,0,6711.0,Xia Li,,Xia Li
6712,2028,2028,1,1,2028,2028,1,0,0,True,True,0,1,12,0.0,0,0,0.0,0,0,1,0,1,0,1,0,6712.0,Li Jin,,Li Jin
6713,2028,2028,1,1,2028,2028,1,0,0,True,True,0,1,12,0.0,0,0,0.0,0,0,1,0,1,0,2,0,6713.0,Lei Fu,,Lei Fu
6715,2017,2017,1,1,,,1,,0,True,False,0,0,,0.0,0,0,0.0,0,0,2,0,2,0,1,0,6715.0,Yan Luo,,Yan Luo
6716,2017,2017,1,1,,,1,,0,True,False,0,0,,0.0,0,0,0.0,0,0,2,0,2,0,1,0,6716.0,Yong Cao,,Yong Cao
6717,2017,2017,1,1,,,1,,0,True,False,0,0,,0.0,0,0,0.0,0,0,2,0,2,0,1,0,6717.0,William Chan,,William Chan
6718,2017,2017,1,1,,,1,,0,True,False,0,0,,0.0,0,0,0.0,0,0,2,0,2,0,1,0,6718.0,Guiying Xu,,Guiying Xu
6719,2017,2020,2,2,,,1,,3,True,False,0,3,,0.0,2,0,1.3333333333333333,0,0,3,0,3,0,1,0,6719.0,Fang Tang,,Fang Tang
6722,2023,2023,1,1,,,1,,0,True,False,0,1,,0.0,0,0,0.0,0,0,1,0,1,0,2,0,6722.0,Jan Zadworny,,Jan Zadworny
6723,2023,2023,1,1,,,1,,0,True,False,0,1,,0.0,0,0,0.0,0,0,1,0,1,0,1,0,6723.0,Julita Łuszczak,,Julita Łuszczak
6724,2023,2023,1,1,,,1,,0,True,False,0,1,,0.0,0,0,0.0,0,0,1,0,1,0,1,0,6724.0,Tadeusz Gemza,,Tadeusz Gemza
6726,2010,2020,2,2,,,2,,10,True,False,0,1,,0.0,0,0,0.1,0,0,2,0,2,0,1,0,6726.0,Nicholas Chen,,Nicholas Chen
6728,2020,2020,1,1,,,1,,0,True,False,0,1,,0.0,0,0,0.0,0,0,1,0,1,0,1,0,6728.0,Alexander Rivera,,Alexander Rivera
6730,2017,2017,1,1,,,1,,0,True,False,0,1,,0.0,0,0,0.0,0,0,1,0,1,0,1,0,6730.0,Michael Mann, Theo Knight, Theo Knight
6731,2017,2017,1,1,,,1,,0,True,False,0,1,,0.0,0,0,0.0,0,0,1,0,1,0,2,0,6731.0,Misty Reyes,,Misty Reyes
6732,2017,2017,1,1,,,1,,0,True,False,0,1,,0.0,0,0,0.0,0,0,1,0,1,0,1,0,6732.0,Jonathan Lawson,,Jonathan Lawson
6733,2017,2017,1,1,,,1,,0,True,False,0,1,,0.0,0,0,0.0,0,0,1,0,1,0,1,0,6733.0,Robert Quinn,,Robert Quinn
6734,2017,2017,1,1,,,1,,0,True,False,0,1,,0.0,0,0,0.0,0,0,1,0,1,0,1,0,6734.0,Michael Flowers,,Michael Flowers
6737,2016,2031,2,2,,,2,,15,True,False,1,5,,0.0,0,0,0.0,0,0,2,0,2,0,1,0,6737.0,Linda Guzman,BLVCK NIMBUS,BLVCK NIMBUS
6738,2031,2031,1,1,,,1,,0,True,True,1,5,,0.0,0,0,0.0,0,0,1,0,1,0,1,0,6738.0,Christine Johnson,,Christine Johnson
6739,2031,2031,1,1,,,1,,0,True,True,1,5,,0.0,0,0,0.0,0,0,1,0,1,0,1,0,6739.0,Gang Xiang,,Gang Xiang
6747,2018,2018,1,1,,,1,,0,True,False,0,1,,0.0,0,0,0.0,0,0,1,0,1,0,1,0,6747.0,Štěpánka Bártová,,Štěpánka Bártová
6748,2018,2018,1,1,,,1,,0,True,False,0,1,,0.0,0,0,0.0,0,0,1,0,1,0,1,0,6748.0,Miloslava Nováková,,Miloslava Nováková
6750,2018,2018,1,1,,,1,,0,True,False,0,1,,0.0,0,0,0.0,0,0,1,0,1,0,1,0,6750.0,Momoko Tanaka,,Momoko Tanaka
6754,2010,2013,2,2,,,1,,3,True,False,0,4,,0.0,2,0,1.3333333333333333,0,0,2,0,2,0,2,4,6754.0,Lauretta Tresoldi,,Lauretta Tresoldi
6755,2010,2010,1,1,,,1,,0,True,False,0,2,,0.0,1,0,0.0,0,0,2,0,2,0,1,2,6755.0,Patrizio Antonello-Salvemini,,Patrizio Antonello-Salvemini
6758,2026,2026,1,1,,,1,,0,True,True,0,0,,0.0,0,0,0.0,0,0,1,0,1,0,2,0,6758.0,Min Shao,Radio Seraph,Radio Seraph
6759,2028,2028,1,1,2028,2028,1,0,0,True,True,0,1,12,0.0,0,0,0.0,0,0,1,0,1,0,1,0,6759.0,Yong Lu,,Yong Lu
6760,2026,2028,2,2,2028,2028,2,2,2,True,True,0,1,12,0.0,0,0,1.0,0,0,1,0,1,0,2,0,6760.0,Yang Tan,,Yang Tan
6761,2026,2028,2,2,2028,2028,2,2,2,True,True,0,1,12,0.0,0,0,1.0,0,0,1,0,1,0,1,0,6761.0,Juan Guo,,Juan Guo
6763,2007,2007,1,1,,,1,,0,True,False,0,0,,0.0,2,0,0.0,0,0,1,0,1,0,1,0,6763.0,Asta Reising,,Asta Reising
6764,2007,2007,1,1,,,1,,0,True,False,0,0,,0.0,2,0,0.0,0,0,1,0,1,0,1,0,6764.0,Karin Metz,,Karin Metz
6766,2029,2029,1,1,,,1,,0,True,True,0,2,,0.0,0,0,0.0,0,0,2,0,2,0,2,0,6766.0,Amy Riley,,Amy Riley
6768,2029,2029,1,1,,,1,,0,True,True,0,2,,0.0,0,0,0.0,0,0,2,0,2,0,1,0,6768.0,Vicenta Castañeda Arroyo,,Vicenta Castañeda Arroyo
6769,2029,2029,1,1,,,1,,0,True,True,0,2,,0.0,0,0,0.0,0,0,2,0,2,0,1,0,6769.0,Ricky Richards,,Ricky Richards
6771,2025,2025,1,1,,,1,,0,True,True,0,0,,0.0,2,0,0.0,0,0,1,0,1,0,1,0,6771.0,Qiang Liao,,Qiang Liao
6772,2025,2025,1,1,,,1,,0,True,True,0,0,,0.0,2,0,0.0,0,0,1,0,1,0,1,0,6772.0,Xiulan Cao,,Xiulan Cao
6776,2010,2010,1,1,,,1,,0,True,False,0,0,,0.0,0,0,0.0,0,0,1,0,1,0,2,0,6776.0,Carlito Martí Jaume,,Carlito Martí Jaume
6779,2016,2029,4,4,,,4,,13,True,False,0,10,,0.0,2,0,0.5789473684210527,0,0,2,0,2,2,3,0,6779.0,Chao Zhong,,Chao Zhong
6782,2024,2025,2,2,,,2,,1,True,False,0,2,,0.0,1,0,1.0,0,0,2,0,2,1,1,0,6782.0,Xiulan Tao,,Xiulan Tao
6784,2025,2025,1,1,,,1,,0,True,True,0,1,,0.0,0,0,0.0,0,0,1,0,1,0,1,0,6784.0,Guiying Deng,,Guiying Deng
6795,2026,2026,1,1,,,1,,0,True,True,0,4,,0.0,1,0,0.0,0,0,1,0,1,1,1,0,6795.0,Na Yi,,Na Yi
6799,2024,2024,1,1,,,1,,0,True,False,0,0,,0.0,0,0,0.0,0,0,0,0,0,0,1,0,6799.0,Dawn Martinez,,Dawn Martinez
6800,2024,2024,1,1,,,1,,0,True,False,0,0,,0.0,0,0,0.0,0,0,0,0,0,0,2,0,6800.0,Gang Yu,,Gang Yu
6801,2024,2024,1,1,,,1,,0,True,False,0,0,,0.0,0,0,0.0,0,0,0,0,0,0,1,0,6801.0,Ping Zhang,,Ping Zhang
6802,2024,2024,1,1,,,1,,0,True,False,0,0,,0.0,0,0,0.0,0,0,0,0,0,0,1,0,6802.0,Lei Tao,,Lei Tao
6807,2027,2027,2,2,,,2,,0,True,True,0,5,,0.0,3,0,0.0,0,0,1,0,1,0,1,1,6807.0,Min Shao,,Min Shao
6808,2026,2028,3,3,,,3,,2,True,True,0,6,,0.0,2,0,3.4999999999999996,0,0,2,0,2,0,2,0,6808.0,Jie Zhu,,Jie Zhu
6811,2022,2022,1,1,,,1,,0,True,False,0,1,,0.0,0,0,0.0,0,0,1,0,1,0,1,0,6811.0,Stephanie Potter,,Stephanie Potter
6814,2013,2023,2,2,,,1,,10,True,False,0,3,,0.0,1,0,0.3,0,0,3,0,3,0,1,0,6814.0,Na Dong,,Na Dong
6815,2013,2013,1,1,,,1,,0,True,False,0,1,,0.0,0,0,0.0,0,0,1,0,1,0,1,0,6815.0,Jing Du,,Jing Du
6816,2013,2013,1,1,,,1,,0,True,False,0,1,,0.0,0,0,0.0,0,0,1,0,1,0,2,0,6816.0,William Donovan,,William Donovan
6817,2013,2013,1,1,,,1,,0,True,False,0,1,,0.0,0,0,0.0,0,0,1,0,1,0,2,0,6817.0,Tao Lin,,Tao Lin
6819,2017,2017,1,1,,,1,,0,True,False,0,0,,0.0,2,0,0.0,0,0,1,0,1,0,1,0,6819.0,Na Qian,,Na Qian
6821,2025,2025,1,1,,,1,,0,True,True,0,4,,0.0,0,0,0.0,0,0,0,0,0,0,2,0,6821.0,Debra Avery,,Debra Avery
6823,2025,2025,1,1,,,1,,0,True,True,0,4,,0.0,0,0,0.0,0,0,0,0,0,0,1,0,6823.0,Xia Zhang,,Xia Zhang
6824,2025,2025,1,1,,,1,,0,True,True,0,4,,0.0,0,0,0.0,0,0,0,0,0,0,2,0,6824.0,Guiying Qin,,Guiying Qin
6825,2025,2025,1,1,,,1,,0,True,True,0,4,,0.0,0,0,0.0,0,0,0,0,0,0,1,0,6825.0,Jie Jia,,Jie Jia
6834,2023,2023,1,1,,,1,,0,True,False,0,2,,0.0,0,0,0.0,0,0,1,0,1,0,1,1,6834.0,Ping Sun,,Ping Sun
6836,2023,2023,1,1,,,1,,0,True,False,0,2,,0.0,0,0,0.0,0,0,1,0,1,0,1,1,6836.0,Stacey Martin,,Stacey Martin
6838,2007,2007,1,1,,,1,,0,True,False,0,2,,0.0,0,0,0.0,0,0,2,0,2,1,2,0,6838.0,Marcel Kutek,,Marcel Kutek
6840,2017,2023,2,2,,,2,,6,True,False,0,4,,0.0,0,0,0.5,0,0,2,0,2,0,2,0,6840.0,Fang Dai,,Fang Dai
6842,2017,2017,1,1,,,1,,0,True,False,0,3,,0.0,0,0,0.0,0,0,1,0,1,0,2,0,6842.0,Wei Zhang,,Wei Zhang
6843,2017,2023,2,2,,,2,,6,True,False,0,4,,0.0,0,0,0.5,0,0,2,0,2,0,1,0,6843.0,Marc Raymond,,Marc Raymond
6845,2027,2027,1,1,,,1,,0,True,True,0,1,,0.0,0,0,0.0,0,0,1,0,1,0,1,0,6845.0,Guiying Zeng,,Guiying Zeng
6846,2027,2027,1,1,,,1,,0,True,True,0,1,,0.0,0,0,0.0,0,0,1,0,1,0,2,0,6846.0,Qiang Dai,,Qiang Dai
6847,2027,2027,1,1,,,1,,0,True,True,0,1,,0.0,0,0,0.0,0,0,1,0,1,0,1,0,6847.0,Na Li,,Na Li
6849,2010,2010,1,1,,,1,,0,True,False,0,0,,0.0,0,0,0.0,0,0,1,0,1,0,2,0,6849.0,Yang Zheng,,Yang Zheng
6850,2014,2014,1,1,,,1,,0,True,False,0,1,,0.0,0,0,0.0,0,0,1,0,1,0,2,0,6850.0,Min Xiang,,Min Xiang
6852,2026,2026,1,1,2026,2026,1,0,0,True,True,0,1,14,0.0,0,0,0.0,0,0,1,0,1,0,1,0,6852.0,Qiang Pan,,Qiang Pan
6853,2026,2026,1,1,2026,2026,1,0,0,True,True,0,1,14,0.0,0,0,0.0,0,0,1,0,1,0,2,0,6853.0,Xiulan Cao,,Xiulan Cao
6855,2026,2026,1,1,,,1,,0,True,True,0,3,,0.0,0,0,0.0,0,0,1,0,1,0,1,0,6855.0,Renee Walker,Valence,Valence
6856,2026,2026,1,1,,,1,,0,True,True,0,3,,0.0,0,0,0.0,0,0,1,0,1,0,1,0,6856.0,Sheila Flores,,Sheila Flores
6857,2026,2026,1,1,,,1,,0,True,True,0,3,,0.0,0,0,0.0,0,0,1,0,1,0,1,0,6857.0,Monica Ramirez,,Monica Ramirez
6858,2026,2026,1,1,,,1,,0,True,True,0,3,,0.0,0,0,0.0,0,0,1,0,1,0,2,0,6858.0,Larry Miller,,Larry Miller
6861,2026,2026,1,1,,,1,,0,True,True,0,1,,0.0,0,0,0.0,0,0,0,0,0,0,2,0,6861.0,Tao Wu,,Tao Wu
6862,2028,2028,1,1,,,1,,0,True,True,0,2,,0.0,0,0,0.0,0,0,2,0,2,0,2,0,6862.0,Xia Qiu,,Xia Qiu
6866,2013,2028,2,2,2013,2013,2,0,15,True,False,0,1,27,0.0,0,0,0.26666666666666666,0,0,3,0,3,1,1,0,6866.0,Kimberly Roberts,,Kimberly Roberts
6867,2020,2020,1,1,,,1,,0,True,False,0,1,,0.0,0,0,0.0,0,0,1,0,1,0,1,0,6867.0,Cheryl Wiley,,Cheryl Wiley
6870,2004,2004,1,1,,,1,,0,True,False,0,0,,0.0,0,0,0.0,0,0,1,0,1,0,1,0,6870.0,Gilles Raymond,,Gilles Raymond
6874,2025,2029,2,2,2029,2029,2,4,4,True,True,0,3,11,0.0,4,0,0.75,0,0,2,0,2,0,1,0,6874.0,Chao Chang,,Chao Chang
6876,2007,2007,1,1,2007,2007,1,0,0,True,False,0,2,33,0.0,0,0,0.0,0,0,1,0,1,0,1,0,6876.0,Na Tan,,Na Tan
6877,2007,2007,1,1,2007,2007,1,0,0,True,False,0,2,33,0.0,0,0,0.0,0,0,1,0,1,0,1,0,6877.0,Min Lei,,Min Lei
6878,2007,2007,1,1,2007,2007,1,0,0,True,False,0,2,33,0.0,0,0,0.0,0,0,1,0,1,0,1,0,6878.0,Ming Hu,,Ming Hu
6879,2007,2007,1,1,2007,2007,1,0,0,True,False,0,2,33,0.0,0,0,0.0,0,0,1,0,1,0,1,0,6879.0,Li Du,,Li Du
6883,2020,2020,1,1,,,1,,0,True,False,0,0,,0.0,0,0,0.0,0,0,1,0,1,0,2,0,6883.0,Samantha Walters,,Samantha Walters
6886,2013,2013,1,1,2013,2013,1,0,0,True,False,0,1,27,0.0,2,0,0.0,0,0,1,0,1,0,1,0,6886.0,Gang Tang,,Gang Tang
6887,2013,2013,1,1,2013,2013,1,0,0,True,False,0,1,27,0.0,2,0,0.0,0,0,1,0,1,0,1,0,6887.0,Casey Price,,Casey Price
6888,2013,2013,1,1,2013,2013,1,0,0,True,False,0,1,27,0.0,2,0,0.0,0,0,1,0,1,0,1,0,6888.0,Yong Kong,,Yong Kong
6889,2026,2026,1,1,,,1,,0,True,True,0,2,,0.0,2,0,0.0,0,0,1,0,1,1,1,0,6889.0,Xia Cui,,Xia Cui
6890,2013,2026,3,3,2013,2013,2,0,13,True,False,0,4,27,0.0,1,0,0.38461538461538464,0,0,1,0,1,1,1,0,6890.0,Nicole Scott,,Nicole Scott
6891,2013,2026,2,2,2013,2013,1,0,13,True,False,0,2,27,0.0,2,0,0.23076923076923078,0,0,1,0,1,0,2,0,6891.0,Xia Zhou,,Xia Zhou
6892,2013,2013,1,1,2013,2013,1,0,0,True,False,0,1,27,0.0,2,0,0.0,0,0,1,0,1,0,2,0,6892.0,Yan Dong,,Yan Dong
6894,2022,2022,1,1,,,1,,0,True,False,0,1,,0.0,0,0,0.0,0,0,1,0,1,0,1,0,6894.0,Leon Hrabia,,Leon Hrabia
6897,2007,2013,2,2,,,2,,6,True,False,0,1,,0.0,0,0,0.0,0,0,3,0,3,0,2,0,6897.0,Crystal Sanders,,Crystal Sanders
6900,2000,2000,1,1,2000,2000,1,0,0,True,False,0,1,40,0.0,2,0,0.0,0,0,1,0,1,0,2,0,6900.0,Jie Du,,Jie Du
6902,2010,2010,1,1,,,1,,0,True,False,0,0,,0.0,0,0,0.0,0,0,1,0,1,0,1,0,6902.0,Jeremy Park,,Jeremy Park
6903,2010,2010,1,1,,,1,,0,True,False,0,0,,0.0,0,0,0.0,0,0,1,0,1,0,1,0,6903.0,April Schmidt,,April Schmidt
6904,2010,2010,1,1,,,1,,0,True,False,0,0,,0.0,0,0,0.0,0,0,1,0,1,0,1,0,6904.0,William Keller,,William Keller
6905,2010,2021,2,2,,,2,,11,True,False,0,4,,0.0,0,0,0.18181818181818182,0,0,2,0,2,1,1,0,6905.0,Ping Shen,,Ping Shen
6906,2017,2020,2,2,2017,2017,1,0,3,True,False,0,3,23,0.0,0,0,1.3333333333333333,0,0,2,0,2,1,3,0,6906.0,Susan Anderson,,Susan Anderson
6907,2010,2017,2,2,,,2,,7,True,False,0,0,,0.0,0,0,0.2857142857142857,0,0,2,0,2,0,2,0,6907.0,Jie Shao,,Jie Shao
6911,2023,2023,1,1,,,1,,0,True,False,0,0,,0.0,0,0,0.0,0,0,1,0,1,0,1,0,6911.0,Farhan Bansal,,Farhan Bansal
6913,2020,2024,2,2,,,2,,4,True,False,0,1,,0.0,3,0,0.25,0,0,2,0,2,0,1,0,6913.0,Qiang Bai,,Qiang Bai
6914,2020,2022,3,3,,,2,,2,True,False,0,2,,0.0,2,0,3.0,0,0,3,0,3,0,1,0,6914.0,Xia Ren,,Xia Ren
6917,2014,2014,1,1,,,1,,0,True,False,0,1,,0.0,0,0,0.0,0,0,1,0,1,0,1,0,6917.0,Guiying Lin,,Guiying Lin
6918,2014,2014,1,1,,,1,,0,True,False,0,1,,0.0,0,0,0.0,0,0,1,0,1,0,2,0,6918.0,Jun Meng,,Jun Meng
6919,2014,2014,1,1,,,1,,0,True,False,0,1,,0.0,0,0,0.0,0,0,1,0,1,0,2,0,6919.0,Ping Xiao,,Ping Xiao
6921,2023,2023,1,1,,,1,,0,True,False,0,0,,0.0,0,0,0.0,0,0,1,0,1,0,1,0,6921.0,Corinna Schweitzer, Sterling, Sterling
6922,2023,2023,1,1,,,1,,0,True,False,0,0,,0.0,0,0,0.0,0,0,1,0,1,0,1,0,6922.0,Eveline Gotthard,,Eveline Gotthard
6923,2023,2023,1,1,,,1,,0,True,False,0,0,,0.0,0,0,0.0,0,0,1,0,1,0,1,0,6923.0,Hermann Josef Matthäi,,Hermann Josef Matthäi
6924,2023,2023,1,1,,,1,,0,True,False,0,0,,0.0,0,0,0.0,0,0,1,0,1,0,1,0,6924.0,Kati Sauer-Rudolph,,Kati Sauer-Rudolph
6925,2023,2023,1,1,,,1,,0,True,False,0,0,,0.0,0,0,0.0,0,0,1,0,1,0,1,0,6925.0,Katherine Olson,,Katherine Olson
6926,2023,2023,1,1,,,1,,0,True,False,0,0,,0.0,0,0,0.0,0,0,1,0,1,0,1,0,6926.0,Melanie Armstrong,,Melanie Armstrong
6927,2023,2023,1,1,,,1,,0,True,False,0,0,,0.0,0,0,0.0,0,0,1,0,1,0,1,0,6927.0,Hans-Karl Schottin,,Hans-Karl Schottin
6929,2013,2013,1,1,,,1,,0,True,False,0,2,,0.0,0,0,0.0,0,0,1,0,1,0,1,0,6929.0,Amanda Hardy,,Amanda Hardy
6930,2013,2013,1,1,,,1,,0,True,False,0,2,,0.0,0,0,0.0,0,0,1,0,1,0,1,0,6930.0,Marilyn Douglas,,Marilyn Douglas
6931,2013,2013,1,1,,,1,,0,True,False,0,2,,0.0,0,0,0.0,0,0,1,0,1,0,1,0,6931.0,Amanda Baker,,Amanda Baker
6932,2013,2013,1,1,,,1,,0,True,False,0,2,,0.0,0,0,0.0,0,0,1,0,1,0,1,0,6932.0,Thilo Schmiedt,,Thilo Schmiedt
6933,2013,2013,1,1,,,1,,0,True,False,0,2,,0.0,0,0,0.0,0,0,1,0,1,0,1,0,6933.0,Matthew Brown,,Matthew Brown
6937,2006,2006,1,1,,,1,,0,True,False,0,0,,0.0,1,0,0.0,0,0,1,0,1,0,1,0,6937.0,Yang Duan,,Yang Duan
6938,2006,2006,1,1,,,1,,0,True,False,0,0,,0.0,1,0,0.0,0,0,1,0,1,0,2,0,6938.0,Yong Yin,,Yong Yin
6939,2000,2020,5,5,2029,2029,5,29,20,True,False,0,6,11,0.0,1,0,0.30782459157351677,0,0,6,0,6,1,2,1,6939.0,Jie Jiang,,Jie Jiang
6942,2023,2023,1,1,,,1,,0,True,False,0,3,,0.0,1,0,0.0,0,0,1,0,1,0,1,2,6942.0,Eric Bartlett,,Eric Bartlett
6943,2023,2023,1,1,,,1,,0,True,False,0,3,,0.0,1,0,0.0,0,0,1,0,1,0,1,2,6943.0,Min Yan,,Min Yan
6947,1992,1992,1,1,,,1,,0,True,False,0,0,,0.0,0,0,0.0,0,0,2,0,2,0,2,0,6947.0,Lisa Thornton,,Lisa Thornton
6948,1993,2026,4,4,1999,2026,2,6,33,True,False,0,10,14,0.0,0,0,0.0,0,0,3,0,3,2,2,0,6948.0,Lori Hall,,Lori Hall
6950,2010,2032,4,4,,,4,,22,True,False,1,4,,0.0,3,0,0.41424802110817943,0,0,4,1,5,0,1,0,6950.0,Gang Qin,,Gang Qin
6951,2017,2017,1,1,,,1,,0,True,False,0,2,,0.0,3,0,0.0,0,0,1,0,1,0,1,0,6951.0,Peter Vega,,Peter Vega
6952,2010,2017,2,2,,,2,,7,True,False,0,2,,0.0,4,0,0.7142857142857143,0,0,3,1,4,0,2,0,6952.0,Ping He,,Ping He
6953,2017,2017,1,1,,,1,,0,True,False,0,2,,0.0,3,0,0.0,0,0,1,0,1,0,1,0,6953.0,Pamela Miller,,Pamela Miller
6956,2025,2029,2,2,2025,2025,2,0,4,True,True,0,10,15,0.0,2,0,1.0,0,0,1,0,1,3,1,0,6956.0,Chao Xu,,Chao Xu
6957,2025,2025,1,1,2025,2025,1,0,0,True,True,0,7,15,0.0,1,0,0.0,0,0,1,0,1,1,1,0,6957.0,Ming Dong,,Ming Dong
6958,2025,2025,1,1,2025,2025,1,0,0,True,True,0,7,15,0.0,1,0,0.0,0,0,1,0,1,1,1,0,6958.0,Lei Hu,,Lei Hu
6959,2007,2025,2,2,2025,2025,2,18,18,True,False,0,7,15,0.0,2,0,0.2222222222222222,0,0,2,0,2,1,1,0,6959.0,Xiulan Huang,,Xiulan Huang
6961,2019,2019,1,1,,,1,,0,True,False,0,0,,0.0,0,0,0.0,0,0,1,0,1,0,2,0,6961.0,Jun Luo,,Jun Luo
6962,2019,2029,2,1,,,1,,10,True,False,0,1,,0.0,0,0,0.4,0,0,1,0,1,1,1,0,6962.0,Wei Dai,,Wei Dai
6963,2019,2019,1,1,,,1,,0,True,False,0,0,,0.0,0,0,0.0,0,0,1,0,1,0,2,0,6963.0,Qiang Ye,,Qiang Ye
6964,2019,2019,1,1,,,1,,0,True,False,0,0,,0.0,0,0,0.0,0,0,1,0,1,0,1,0,6964.0,Li Tian,,Li Tian
6965,2019,2019,1,1,,,1,,0,True,False,0,0,,0.0,0,0,0.0,0,0,1,0,1,0,1,0,6965.0,Steven Green,,Steven Green
6966,2019,2019,1,1,,,1,,0,True,False,0,0,,0.0,0,0,0.0,0,0,1,0,1,0,1,0,6966.0,Qiang Qiao,,Qiang Qiao
6969,2028,2028,1,1,,,1,,0,True,True,0,1,,0.0,0,0,0.0,0,0,1,0,1,0,1,0,6969.0,Guiying Xia,,Guiying Xia
6970,2028,2028,1,1,,,1,,0,True,True,0,1,,0.0,0,0,0.0,0,0,1,0,1,0,1,0,6970.0,Li Kang,,Li Kang
6971,2028,2028,1,1,,,1,,0,True,True,0,1,,0.0,0,0,0.0,0,0,1,0,1,0,1,0,6971.0,Xiuying Ren,,Xiuying Ren
6972,2028,2028,1,1,,,1,,0,True,True,0,1,,0.0,0,0,0.0,0,0,1,0,1,0,1,0,6972.0,Eric Morrison,,Eric Morrison
6973,2028,2028,1,1,,,1,,0,True,True,0,1,,0.0,0,0,0.0,0,0,1,0,1,0,2,0,6973.0,Jie Qin,,Jie Qin
6974,2028,2030,2,2,,,2,,2,True,True,1,4,,0.0,0,0,3.0,0,0,2,0,2,0,2,0,6974.0,Li Wen,,Li Wen
6975,2028,2028,1,1,,,1,,0,True,True,0,1,,0.0,0,0,0.0,0,0,1,0,1,0,1,0,6975.0,Chao Yao,,Chao Yao
6978,2010,2010,1,1,,,1,,0,True,False,0,0,,0.0,0,0,0.0,0,0,1,0,1,0,2,0,6978.0,Janina Worach,,Janina Worach
6981,2020,2020,1,1,,,1,,0,True,False,0,3,,0.0,1,0,0.0,0,0,1,0,1,0,1,0,6981.0,Xia Zou,,Xia Zou
6982,2020,2020,1,1,,,1,,0,True,False,0,3,,0.0,1,0,0.0,0,0,1,0,1,0,2,0,6982.0,Xia Long,,Xia Long
6985,1997,1997,1,1,,,1,,0,True,False,0,1,,0.0,0,0,0.0,0,0,1,0,1,0,1,0,6985.0,Joseph Moore,,Joseph Moore
6986,1997,1997,1,1,,,1,,0,True,False,0,1,,0.0,0,0,0.0,0,0,1,0,1,0,1,0,6986.0,John Harris,,John Harris
6987,1997,1997,1,1,,,1,,0,True,False,0,1,,0.0,0,0,0.0,0,0,1,0,1,0,1,0,6987.0,Tim Morgan,,Tim Morgan
6991,2017,2017,1,1,,,1,,0,True,False,0,0,,0.0,1,0,0.0,0,0,2,0,2,0,2,0,6991.0,Julie Mcgrath,,Julie Mcgrath
6992,2017,2017,1,1,,,1,,0,True,False,0,0,,0.0,1,0,0.0,0,0,2,0,2,0,1,0,6992.0,Lei Bai,,Lei Bai
6993,2017,2017,1,1,,,1,,0,True,False,0,0,,0.0,1,0,0.0,0,0,2,0,2,0,1,0,6993.0,Brian Ramos,,Brian Ramos
6995,2017,2017,1,1,,,1,,0,True,False,0,2,,0.0,1,0,0.0,0,0,2,0,2,0,1,2,6995.0,Lei Tan,,Lei Tan
6996,2017,2017,1,1,,,1,,0,True,False,0,2,,0.0,1,0,0.0,0,0,2,0,2,0,1,2,6996.0,Min He,,Min He
6997,2017,2017,1,1,,,1,,0,True,False,0,2,,0.0,1,0,0.0,0,0,2,0,2,0,1,2,6997.0,Li Qiu,,Li Qiu
6998,2017,2017,1,1,,,1,,0,True,False,0,2,,0.0,1,0,0.0,0,0,2,0,2,0,2,2,6998.0,Wei Ma,,Wei Ma
6999,2017,2017,1,1,,,1,,0,True,False,0,2,,0.0,1,0,0.0,0,0,2,0,2,0,1,2,6999.0,Ping Yan,,Ping Yan
7002,2013,2017,2,2,,,2,,4,True,False,0,3,,0.0,0,0,0.25,0,0,3,0,3,0,2,1,7002.0,Gang Tan,,Gang Tan
7003,2017,2017,1,1,,,1,,0,True,False,0,2,,0.0,0,0,0.0,0,0,2,0,2,0,1,1,7003.0,Jun Peng,,Jun Peng
7004,2007,2007,1,1,,,1,,0,True,False,0,1,,0.0,1,0,0.0,0,0,1,0,1,0,1,0,7004.0,Yang Xiao,,Yang Xiao
7007,2026,2026,1,1,,,1,,0,True,True,0,2,,0.0,0,0,0.0,0,0,1,0,1,1,1,0,7007.0,David Gibson,,David Gibson
7008,2026,2026,1,1,,,1,,0,True,True,0,2,,0.0,0,0,0.0,0,0,1,0,1,1,2,0,7008.0,Sandra Smith,,Sandra Smith
7009,2026,2026,1,1,,,1,,0,True,True,0,2,,0.0,0,0,0.0,0,0,1,0,1,1,1,0,7009.0,Robert Gonzales,,Robert Gonzales
7011,2007,2007,1,1,,,1,,0,True,False,0,0,,0.0,0,0,0.0,0,0,1,0,1,0,2,0,7011.0,Yan Wu,,Yan Wu
7013,2016,2016,1,1,,,1,,0,True,False,0,1,,0.0,0,0,0.0,0,0,2,0,2,0,1,0,7013.0,Kari Barnes,,Kari Barnes
7015,2022,2022,1,1,,,1,,0,True,False,0,2,,0.0,0,0,0.0,0,0,1,0,1,1,1,0,7015.0,Marina Trapani,,Marina Trapani
7018,2022,2022,1,1,,,1,,0,True,False,0,2,,0.0,0,0,0.0,0,0,1,0,1,1,1,0,7018.0,Marcella Belletini,,Marcella Belletini
7020,2023,2023,1,1,,,1,,0,True,False,0,2,,0.0,0,0,0.0,0,0,2,0,2,0,1,1,7020.0,Xia Kang,,Xia Kang
7021,2023,2023,1,1,,,1,,0,True,False,0,2,,0.0,0,0,0.0,0,0,2,0,2,0,1,1,7021.0,Ming Yao,,Ming Yao
7024,2023,2023,1,1,,,1,,0,True,False,0,2,,0.0,0,0,0.0,0,0,2,0,2,0,1,1,7024.0,Xia Xia,,Xia Xia
7025,2023,2023,1,1,,,1,,0,True,False,0,2,,0.0,0,0,0.0,0,0,2,0,2,0,1,1,7025.0,Na Cai,,Na Cai
7027,1983,1983,1,1,,,1,,0,True,False,0,0,,0.0,0,0,0.0,1,0,1,0,1,0,1,0,7027.0,Sheryl Roman,,Sheryl Roman
7029,1983,1983,1,1,,,1,,0,True,False,0,0,,0.0,0,0,0.0,1,0,1,0,1,0,1,0,7029.0,Jason Aguirre,,Jason Aguirre
7035,2010,2021,2,2,2021,2021,1,11,11,True,False,0,7,19,0.0,1,0,0.0,0,0,2,0,2,0,1,0,7035.0,Matthew Carter, The Saint, The Saint
7037,1987,1987,1,1,,,1,,0,True,False,0,1,,0.0,0,0,0.0,0,0,1,0,1,0,2,0,7037.0,Geneviève Duhamel,,Geneviève Duhamel
7039,1987,1987,1,1,,,1,,0,True,False,0,1,,0.0,0,0,0.0,0,0,1,0,1,0,1,0,7039.0,Johan Hermann,,Johan Hermann
7042,2010,2010,1,1,2010,2010,1,0,0,True,False,0,1,30,0.0,1,0,0.0,0,0,1,0,1,0,1,0,7042.0,John Taylor,The Ghost Circuit,The Ghost Circuit
7043,2010,2014,2,2,2010,2010,2,0,4,True,False,0,2,30,0.0,1,0,0.25,0,0,2,0,2,0,2,0,7043.0,John Garcia,,John Garcia
7044,2004,2004,1,1,,,1,,0,True,False,0,1,,0.0,1,0,0.0,0,0,2,0,2,0,2,0,7044.0,Matthew Cowan,,Matthew Cowan
7047,2026,2026,1,1,,,1,,0,True,True,0,1,,0.0,0,0,0.0,0,0,1,0,1,1,1,0,7047.0,Yong Su,,Yong Su
7048,2026,2026,1,1,,,1,,0,True,True,0,1,,0.0,0,0,0.0,0,0,1,0,1,1,1,0,7048.0,Lei Tian,,Lei Tian
7049,2026,2026,1,1,,,1,,0,True,True,0,1,,0.0,0,0,0.0,0,0,1,0,1,1,1,0,7049.0,Chao Wu,,Chao Wu
7050,2026,2026,1,1,,,1,,0,True,True,0,1,,0.0,0,0,0.0,0,0,1,0,1,1,1,0,7050.0,Yong Hou,,Yong Hou
7051,2026,2026,1,1,,,1,,0,True,True,0,1,,0.0,0,0,0.0,0,0,1,0,1,1,1,0,7051.0,Xia Yang,,Xia Yang
7053,2017,2017,1,1,,,1,,0,True,False,0,2,,0.0,4,0,0.0,0,0,1,0,1,1,2,0,7053.0,Carol Reid,,Carol Reid
7055,2017,2026,5,4,2022,2022,3,5,9,True,False,0,19,18,0.0,3,0,0.5714285714285714,0,0,1,0,1,4,1,0,7055.0,Lei Duan,,Lei Duan
7057,2024,2024,1,1,,,1,,0,True,False,0,9,,0.0,0,0,0.0,0,0,1,0,1,2,2,1,7057.0,Min Xie, J.R. Vale, J.R. Vale
7058,2024,2024,1,1,,,1,,0,True,False,0,9,,0.0,0,0,0.0,0,0,1,0,1,2,1,1,7058.0,Fang Gu,,Fang Gu
7060,2024,2024,1,1,,,1,,0,True,False,0,9,,0.0,0,0,0.0,0,0,1,0,1,2,1,1,7060.0,Min Fu,,Min Fu
7061,2024,2024,1,1,,,1,,0,True,False,0,9,,0.0,0,0,0.0,0,0,1,0,1,2,1,1,7061.0,Yang Lu,,Yang Lu
7062,2024,2024,1,1,,,1,,0,True,False,0,9,,0.0,0,0,0.0,0,0,1,0,1,2,1,1,7062.0,Tracy Warren,,Tracy Warren
7064,2013,2013,1,1,,,1,,0,True,False,0,0,,0.0,0,0,0.0,0,0,1,0,1,0,1,0,7064.0,Cynthia Johns,,Cynthia Johns
7065,2013,2013,1,1,,,1,,0,True,False,0,0,,0.0,0,0,0.0,0,0,1,0,1,0,1,0,7065.0,Christopher Gutierrez,,Christopher Gutierrez
7066,2013,2013,1,1,,,1,,0,True,False,0,0,,0.0,0,0,0.0,0,0,1,0,1,0,2,0,7066.0,Holly Stephens,,Holly Stephens
7069,2023,2024,2,2,2024,2024,1,1,1,True,False,0,2,16,0.0,0,0,2.0,0,0,1,0,1,1,1,0,7069.0,Chao Zhu,,Chao Zhu
7070,2024,2024,1,1,2024,2024,1,0,0,True,False,0,1,16,0.0,0,0,0.0,0,0,1,0,1,0,1,0,7070.0,Chao Bai,,Chao Bai
7072,2023,2024,2,2,2024,2024,1,1,1,True,False,0,2,16,0.0,0,0,2.0,0,0,1,0,1,1,2,0,7072.0,Xia Qin,,Xia Qin
7073,2023,2023,1,1,,,1,,0,True,False,0,1,,0.0,0,0,0.0,0,0,1,0,1,1,2,0,7073.0,Yang Guo,,Yang Guo
7075,2028,2028,1,1,2028,2028,1,0,0,True,True,0,0,12,0.0,0,0,0.0,0,0,1,0,1,0,1,0,7075.0,Fang Hou,,Fang Hou
7076,2017,2026,2,2,2036,2036,2,19,9,True,False,0,3,4,0.6,1,0,0.3333333333333333,0,0,1,0,1,1,1,0,7076.0,Benjamin Mercer,,Benjamin Mercer
7078,2017,2017,1,1,,,1,,0,True,False,0,3,,0.0,0,0,0.0,0,0,1,0,1,0,2,0,7078.0,Ping Xu,,Ping Xu
7081,2020,2020,1,1,,,1,,0,True,False,0,4,,0.0,1,0,0.0,0,0,1,0,1,1,1,0,7081.0,Na Yuan,SAVVY G,SAVVY G
7082,2020,2020,1,1,,,1,,0,True,False,0,4,,0.0,1,0,0.0,0,0,1,0,1,1,1,0,7082.0,Jing Fang,,Jing Fang
7083,2020,2020,1,1,,,1,,0,True,False,0,4,,0.0,1,0,0.0,0,0,1,0,1,1,1,0,7083.0,Lei Deng,,Lei Deng
7084,2020,2029,2,2,,,1,,9,True,False,0,10,,0.0,1,0,0.5555555555555556,0,0,1,0,1,2,1,0,7084.0,Yan Deng,,Yan Deng
7085,2020,2027,2,2,,,2,,7,True,False,0,5,,0.0,1,0,0.0,0,0,1,0,1,2,3,0,7085.0,Wendy Brown,,Wendy Brown
7087,2025,2025,1,1,,,1,,0,True,True,0,1,,0.0,0,0,0.0,0,0,2,0,2,1,1,0,7087.0,Yong Fu,,Yong Fu
7088,2025,2025,1,1,,,1,,0,True,True,0,1,,0.0,0,0,0.0,0,0,2,0,2,1,1,0,7088.0,Jie Yi,,Jie Yi
7090,2028,2028,1,1,,,1,,0,True,True,0,4,,0.0,2,0,0.0,0,0,1,0,1,1,2,0,7090.0,Yan Yang,,Yan Yang
7091,2028,2028,1,1,,,1,,0,True,True,0,4,,0.0,2,0,0.0,0,0,1,0,1,1,1,0,7091.0,Jie Zhang,,Jie Zhang
7094,2025,2025,1,1,,,1,,0,True,True,0,2,,0.0,0,0,0.0,0,0,1,0,1,0,1,0,7094.0,Li Xue,,Li Xue
7095,2025,2025,1,1,,,1,,0,True,True,0,2,,0.0,0,0,0.0,0,0,1,0,1,0,1,0,7095.0,Yan Qiao,,Yan Qiao
7098,2023,2023,1,1,,,1,,0,True,False,0,1,,0.0,0,0,0.0,0,0,1,0,1,0,2,0,7098.0,Yang Zeng,,Yang Zeng
7102,2015,2015,1,1,,,1,,0,True,False,0,5,,0.0,0,0,0.0,0,0,1,0,1,0,1,0,7102.0,Mannat Edwin,,Mannat Edwin
7103,2015,2015,1,1,,,1,,0,True,False,0,5,,0.0,0,0,0.0,0,0,1,0,1,0,1,0,7103.0,Mahika Basu,,Mahika Basu
7104,2015,2015,1,1,,,1,,0,True,False,0,5,,0.0,0,0,0.0,0,0,1,0,1,0,1,0,7104.0,Manjari Bobal,,Manjari Bobal
7105,2015,2015,1,1,,,1,,0,True,False,0,5,,0.0,0,0,0.0,0,0,1,0,1,0,2,0,7105.0,Nakul Gole,,Nakul Gole
7108,2020,2020,1,1,2020,2020,1,0,0,True,False,0,0,20,0.0,1,0,0.0,0,0,1,0,1,0,1,0,7108.0,Wei Wang,,Wei Wang
7109,2020,2020,1,1,2020,2020,1,0,0,True,False,0,0,20,0.0,1,0,0.0,0,0,1,0,1,0,1,0,7109.0,Qiang Gu,,Qiang Gu
7110,2020,2020,1,1,2020,2020,1,0,0,True,False,0,0,20,0.0,1,0,0.0,0,0,1,0,1,0,1,0,7110.0,Lei Qiu,,Lei Qiu
7111,2020,2020,1,1,2020,2020,1,0,0,True,False,0,0,20,0.0,1,0,0.0,0,0,1,0,1,0,1,0,7111.0,Yang Wen,,Yang Wen
7112,2020,2020,1,1,2020,2020,1,0,0,True,False,0,0,20,0.0,1,0,0.0,0,0,1,0,1,0,1,0,7112.0,Ping Dong,,Ping Dong
7115,2017,2017,1,1,,,1,,0,True,False,0,0,,0.0,0,0,0.0,0,0,1,0,1,0,3,0,7115.0,Ming Luo,Z-LO THE MYST,Z-LO THE MYST
7117,2029,2029,1,1,,,1,,0,True,True,0,5,,0.0,1,0,0.0,0,0,1,0,1,1,1,0,7117.0,Ming Huang,,Ming Huang
7119,2028,2028,1,1,,,1,,0,True,True,0,1,,0.0,0,0,0.0,0,0,1,0,1,0,1,0,7119.0,Yan Yu, Sasha James, Sasha James
7120,2028,2028,1,1,,,1,,0,True,True,0,1,,0.0,0,0,0.0,0,0,1,0,1,0,1,0,7120.0,Xiulan Ren,,Xiulan Ren
7121,2025,2028,2,2,,,2,,3,True,True,0,3,,0.0,2,0,1.0,0,0,2,0,2,0,2,0,7121.0,Lei Xue,,Lei Xue
7122,2028,2028,1,1,,,1,,0,True,True,0,1,,0.0,0,0,0.0,0,0,1,0,1,0,1,0,7122.0,Yong Ye,,Yong Ye
7124,2029,2029,1,1,,,1,,0,True,True,0,2,,0.0,0,0,0.0,0,0,1,0,1,0,2,0,7124.0,Jeffrey Knight,,Jeffrey Knight
7125,2029,2029,1,1,,,1,,0,True,True,0,2,,0.0,0,0,0.0,0,0,1,0,1,0,1,0,7125.0,Yang Cheng,,Yang Cheng
7130,2017,2017,1,0,,,1,,0,True,False,0,0,,0.0,0,0,0.0,0,0,1,0,1,0,1,0,7130.0,Lei Ma,,Lei Ma
7131,2017,2017,1,0,,,1,,0,True,False,0,0,,0.0,0,0,0.0,0,0,1,0,1,0,1,0,7131.0,Xia Dong,,Xia Dong
7132,2017,2017,1,0,,,1,,0,True,False,0,0,,0.0,0,0,0.0,0,0,1,0,1,0,2,0,7132.0,Xia Ye,,Xia Ye
7136,2026,2026,1,1,,,1,,0,True,True,0,8,,0.0,1,0,0.0,0,0,1,0,1,1,2,0,7136.0,Wei Liu,,Wei Liu
7139,2004,2019,4,4,2010,2010,1,6,15,True,False,0,4,30,0.0,4,0,0.7142857142857143,0,0,3,0,3,1,2,0,7139.0,Maura Jovinelli,,Maura Jovinelli
7141,2029,2029,1,1,,,1,,0,True,True,0,3,,0.0,2,0,0.0,0,0,1,0,1,1,1,0,7141.0,Fang Cheng,Quantum Waltz,Quantum Waltz
7142,2029,2029,1,1,,,1,,0,True,True,0,3,,0.0,2,0,0.0,0,0,1,0,1,1,2,0,7142.0,Ping He,,Ping He
7143,2013,2029,3,3,2023,2023,2,10,16,True,False,0,4,17,0.0,2,0,0.46938775510204084,0,0,2,0,2,1,2,0,7143.0,Ming Xiang,,Ming Xiang
7144,2029,2029,1,1,,,1,,0,True,True,0,3,,0.0,2,0,0.0,0,0,1,0,1,1,1,0,7144.0,Tao Zhang,,Tao Zhang
7145,2020,2029,2,2,,,2,,9,True,False,0,3,,0.0,3,0,0.6666666666666666,0,0,2,0,2,1,1,0,7145.0,Chao Dai,,Chao Dai
7146,2029,2029,1,1,,,1,,0,True,True,0,3,,0.0,2,0,0.0,0,0,1,0,1,1,2,0,7146.0,Ming Sun,,Ming Sun
7148,2019,2029,2,1,,,2,,10,True,False,0,5,,0.0,0,0,0.0,0,0,1,0,1,0,1,3,7148.0,Gang Xiong,,Gang Xiong
7149,2029,2029,1,0,,,1,,0,True,True,0,5,,0.0,0,0,0.0,0,0,0,0,0,0,1,3,7149.0,Li Huang,,Li Huang
7150,2029,2029,1,0,,,1,,0,True,True,0,5,,0.0,0,0,0.0,0,0,0,0,0,0,1,3,7150.0,Qiang Luo,,Qiang Luo
7151,2029,2029,1,0,,,1,,0,True,True,0,5,,0.0,0,0,0.0,0,0,0,0,0,0,1,3,7151.0,Yong Ye,,Yong Ye
7154,2003,2023,2,2,,,2,,20,True,False,0,2,,0.0,0,0,0.15,0,0,2,0,2,0,2,0,7154.0,Gregg Fuentes,,Gregg Fuentes
7155,2010,2023,2,2,,,2,,13,True,False,0,3,,0.0,0,0,0.0,0,0,1,0,1,0,2,0,7155.0,Jacqueline Fields,,Jacqueline Fields
7156,2010,2023,3,2,,,2,,13,True,False,0,4,,0.0,0,0,0.23076923076923078,0,0,1,0,1,0,3,0,7156.0,Michaela Kelley,,Michaela Kelley
7158,1997,1997,1,1,,,1,,0,True,False,0,5,,0.0,0,0,0.0,0,0,1,0,1,1,1,0,7158.0,Bartek Krzysiek,,Bartek Krzysiek
7159,1997,1997,1,1,,,1,,0,True,False,0,5,,0.0,0,0,0.0,0,0,1,0,1,1,1,0,7159.0,Michael Hart,,Michael Hart
7160,1997,1997,1,1,,,1,,0,True,False,0,5,,0.0,0,0,0.0,0,0,1,0,1,1,1,0,7160.0,Franck Gillet,,Franck Gillet
7163,2025,2025,1,1,2025,2025,1,0,0,True,True,0,2,15,0.0,0,0,0.0,0,0,1,0,1,0,1,0,7163.0,Li Yi,,Li Yi
7164,2025,2025,1,1,2025,2025,1,0,0,True,True,0,2,15,0.0,0,0,0.0,0,0,1,0,1,0,2,0,7164.0,Tao Zheng,,Tao Zheng
7168,2004,2004,1,1,,,1,,0,True,False,0,1,,0.0,0,0,0.0,0,0,0,0,0,0,1,0,7168.0,Guiying Xu,,Guiying Xu
7171,2020,2020,1,1,,,1,,0,True,False,0,1,,0.0,2,0,0.0,0,0,1,0,1,0,1,0,7171.0,Jennifer Curtis,,Jennifer Curtis
7172,2020,2020,1,1,,,1,,0,True,False,0,1,,0.0,2,0,0.0,0,0,1,0,1,0,1,0,7172.0,Elizabeth Adams,,Elizabeth Adams
7173,2020,2020,1,1,,,1,,0,True,False,0,1,,0.0,2,0,0.0,0,0,1,0,1,0,1,0,7173.0,Marc Ward,,Marc Ward
7174,2020,2020,1,1,,,1,,0,True,False,0,1,,0.0,2,0,0.0,0,0,1,0,1,0,1,0,7174.0,Melissa Merritt,,Melissa Merritt
7175,2020,2020,1,1,,,1,,0,True,False,0,1,,0.0,2,0,0.0,0,0,1,0,1,0,1,0,7175.0,Kim Washington,,Kim Washington
7178,2013,2013,1,1,2013,2013,1,0,0,True,False,0,0,27,0.0,4,0,0.0,0,0,1,0,1,0,1,0,7178.0,Na Kong,,Na Kong
7179,2013,2019,3,3,2013,2029,2,0,6,True,False,0,3,11,0.0,6,0,0.5,0,0,3,0,3,0,1,0,7179.0,Tina Raymond,,Tina Raymond
7181,2023,2023,1,1,2023,2023,1,0,0,True,False,0,2,17,0.0,0,0,0.0,0,0,0,0,0,0,2,1,7181.0,Min Song,,Min Song
7185,1994,1994,1,1,1994,1994,1,0,0,True,False,0,0,46,0.0,0,0,0.0,0,0,0,0,0,0,1,0,7185.0,Wigbert Scholl,,Wigbert Scholl
7186,1994,1994,1,1,1994,1994,1,0,0,True,False,0,0,46,0.0,0,0,0.0,0,0,0,0,0,0,1,0,7186.0,Stefan Zirme,,Stefan Zirme
7187,1994,1994,1,1,1994,1994,1,0,0,True,False,0,0,46,0.0,0,0,0.0,0,0,0,0,0,0,1,0,7187.0,Alfred Tschentscher,,Alfred Tschentscher
7192,2027,2027,1,1,,,1,,0,True,True,0,3,,0.0,2,0,0.0,0,0,1,0,1,0,2,0,7192.0,Li Yin,,Li Yin
7198,2022,2022,1,1,2022,2022,1,0,0,True,False,0,0,18,0.0,0,0,0.0,0,0,1,0,1,0,1,0,7198.0,Jing Hou,Vortex Cantata,Vortex Cantata
7199,2022,2022,1,1,2022,2022,1,0,0,True,False,0,0,18,0.0,0,0,0.0,0,0,1,0,1,0,2,0,7199.0,Min Xiong,,Min Xiong
7200,2022,2022,1,1,2022,2022,1,0,0,True,False,0,0,18,0.0,0,0,0.0,0,0,1,0,1,0,1,0,7200.0,Gregory Wright,,Gregory Wright
7202,2022,2022,1,1,2022,2022,1,0,0,True,False,0,0,18,0.0,0,0,0.0,0,0,1,0,1,0,1,0,7202.0,Wei Tao,,Wei Tao
7203,2022,2022,1,1,2022,2022,1,0,0,True,False,0,0,18,0.0,0,0,0.0,0,0,1,0,1,0,1,0,7203.0,Ming Su,,Ming Su
7206,2023,2023,1,1,2023,2023,1,0,0,True,False,0,1,17,0.0,0,0,0.0,0,0,0,0,0,0,2,0,7206.0,Kristin Shepard,,Kristin Shepard
7212,2029,2029,1,1,,,1,,0,True,True,0,3,,0.0,0,0,0.0,0,0,1,0,1,1,1,0,7212.0,William Kennedy,,William Kennedy
7214,2022,2030,3,2,2036,2036,3,14,8,True,False,1,15,4,0.6,0,0,1.394736842105263,0,0,2,1,3,2,1,1,7214.0,Fang Cui,,Fang Cui
7215,2029,2030,2,2,2036,2036,2,7,1,True,True,1,6,4,0.6,0,0,6.0,0,0,2,1,3,0,3,1,7215.0,Jing Mao,,Jing Mao
7216,2022,2029,3,2,2036,2036,3,14,7,True,False,0,15,4,0.6,0,0,1.4285714285714286,0,0,1,0,1,3,2,1,7216.0,Lei Qiu,,Lei Qiu
7217,2029,2030,2,2,2036,2036,2,7,1,True,True,1,6,4,0.6,0,0,6.0,0,0,2,1,3,0,2,1,7217.0,Min Kong,,Min Kong
7218,2029,2030,2,2,2036,2036,2,7,1,True,True,1,6,4,0.6,0,0,6.0,0,0,2,1,3,0,1,1,7218.0,Li Song,,Li Song
7219,2029,2029,1,1,2036,2036,1,7,0,True,True,0,4,4,0.6,0,0,0.0,0,0,1,0,1,0,1,1,7219.0,Hannah Richards,,Hannah Richards
7220,2029,2029,1,1,2036,2036,1,7,0,True,True,0,4,4,0.6,0,0,0.0,0,0,1,0,1,0,1,1,7220.0,Li Sun,,Li Sun
7223,2010,2030,2,2,,,2,,20,True,False,1,10,,0.0,1,0,0.15,0,0,1,0,1,0,2,0,7223.0,Robert Norris,,Robert Norris
7225,2022,2022,1,1,,,1,,0,True,False,0,1,,0.0,2,0,0.0,0,0,2,0,2,0,1,1,7225.0,Ming Chen,,Ming Chen
7228,2020,2020,2,2,,,2,,0,True,False,0,1,,0.0,1,0,0.0,0,0,1,0,1,0,1,0,7228.0,Andrew Morrison,,Andrew Morrison
7229,2020,2020,1,1,,,1,,0,True,False,0,1,,0.0,1,0,0.0,0,0,1,0,1,0,1,0,7229.0,Brian Jones,,Brian Jones
7230,2020,2020,2,2,,,2,,0,True,False,0,1,,0.0,1,0,0.0,0,0,1,0,1,0,1,0,7230.0,James Martinez,,James Martinez
7231,2020,2020,1,1,,,1,,0,True,False,0,0,,0.0,1,0,0.0,0,0,1,0,1,0,2,0,7231.0,Jessica Baxter,,Jessica Baxter
7232,2020,2020,1,1,,,1,,0,True,False,0,0,,0.0,1,0,0.0,0,0,1,0,1,0,2,0,7232.0,Hannah Elliott,,Hannah Elliott
7233,2020,2020,3,3,,,2,,0,True,False,0,4,,0.0,0,0,0.0,0,0,2,0,2,2,2,0,7233.0,Kenneth Crosby,,Kenneth Crosby
7236,2023,2023,1,1,,,1,,0,True,False,0,2,,0.0,1,0,0.0,0,0,1,0,1,0,2,1,7236.0,Jun Yuan,,Jun Yuan
7237,2023,2023,1,1,,,1,,0,True,False,0,2,,0.0,1,0,0.0,0,0,1,0,1,0,1,1,7237.0,Li Ding,,Li Ding
7238,2023,2023,1,1,,,1,,0,True,False,0,2,,0.0,1,0,0.0,0,0,1,0,1,0,1,1,7238.0,Qiang Du,,Qiang Du
7240,2020,2023,3,3,,,2,,3,True,False,0,5,,0.0,1,0,1.3333333333333333,0,0,3,0,3,2,2,1,7240.0,Yan Zhou,,Yan Zhou
7242,2028,2028,1,1,,,1,,0,True,True,0,1,,0.0,0,0,0.0,0,0,1,0,1,0,2,0,7242.0,Ahana  Sarin,,Ahana  Sarin
7245,2013,2013,1,1,2013,2013,1,0,0,True,False,0,0,27,0.0,3,0,0.0,0,0,1,0,1,0,1,0,7245.0,Na Cui,,Na Cui
7246,2004,2022,3,3,2013,2013,3,9,18,True,False,0,1,27,0.0,3,0,0.5,0,0,2,0,2,1,1,0,7246.0,Kimberly Stanton,,Kimberly Stanton
7247,2013,2022,2,2,2013,2013,2,0,9,True,False,0,1,27,0.0,4,0,0.5555555555555556,0,0,2,0,2,1,1,0,7247.0,Kelly Munoz,,Kelly Munoz
7251,2013,2013,1,1,,,1,,0,True,False,0,0,,0.0,2,0,0.0,0,0,1,0,1,0,1,0,7251.0,Hartmut Ruppert,,Hartmut Ruppert
7252,2013,2026,6,6,,,4,,13,True,False,0,6,,0.0,5,0,1.2311827956989247,1,0,1,1,2,0,2,0,7252.0,Zachary Harris,,Zachary Harris
7255,2010,2010,1,1,,,1,,0,True,False,0,0,,0.0,0,0,0.0,0,0,2,0,2,0,2,0,7255.0,Patricia Myers,,Patricia Myers
7256,2010,2016,2,2,,,1,,6,True,False,0,1,,0.0,1,0,0.8333333333333334,0,0,2,0,2,0,1,0,7256.0,Yan Wang,,Yan Wang
7257,2010,2016,2,2,,,1,,6,True,False,0,1,,0.0,1,0,0.8333333333333334,0,0,2,0,2,0,1,0,7257.0,Gang Qin,,Gang Qin
7258,2010,2016,2,2,,,1,,6,True,False,0,1,,0.0,1,0,0.8333333333333334,0,0,2,0,2,0,1,0,7258.0,Ann Nielsen,,Ann Nielsen
7259,2010,2016,2,2,,,1,,6,True,False,0,1,,0.0,1,0,0.8333333333333334,0,0,2,0,2,0,1,0,7259.0,Qiang Qiao,,Qiang Qiao
7260,2010,2016,2,2,,,1,,6,True,False,0,1,,0.0,1,0,0.8333333333333334,0,0,2,0,2,0,3,0,7260.0,Min Wu,,Min Wu
7262,2018,2031,4,3,2022,2022,2,4,13,True,False,1,6,18,0.0,0,0,0.0,0,0,2,0,2,1,3,0,7262.0,Xia Lin, Knight IX, Knight IX
7265,1985,1985,1,1,1985,1985,1,0,0,True,False,0,0,55,0.0,0,0,0.0,0,0,1,0,1,0,1,0,7265.0,Rika Yamamoto,,Rika Yamamoto
7267,2026,2026,1,1,,,1,,0,True,True,0,0,,0.0,0,0,0.0,0,0,1,0,1,0,1,0,7267.0,Yan Su,,Yan Su
7268,2026,2026,1,1,,,1,,0,True,True,0,0,,0.0,0,0,0.0,0,0,1,0,1,0,1,0,7268.0,Yang Chang,,Yang Chang
7269,2026,2026,1,1,,,1,,0,True,True,0,0,,0.0,0,0,0.0,0,0,1,0,1,0,2,0,7269.0,Cheryl Brown,,Cheryl Brown
7272,2024,2024,1,1,,,1,,0,True,False,0,8,,0.0,4,0,0.0,0,0,1,0,1,2,1,0,7272.0,Yan Tian,,Yan Tian
7274,2004,2004,1,1,2004,2004,1,0,0,True,False,0,2,36,0.0,0,0,0.0,0,0,1,0,1,0,1,0,7274.0,Fang Gao,,Fang Gao
7275,2004,2004,1,1,2004,2004,1,0,0,True,False,0,2,36,0.0,0,0,0.0,0,0,1,0,1,0,2,0,7275.0,Whitney Schmidt,,Whitney Schmidt
7276,2004,2004,1,1,2004,2004,1,0,0,True,False,0,2,36,0.0,0,0,0.0,0,0,1,0,1,0,1,0,7276.0,Tammy Howell,,Tammy Howell
7279,2022,2029,3,3,2022,2022,3,0,7,True,False,0,31,18,0.0,0,0,0.0,0,0,1,0,1,7,3,1,7279.0,Keith Larsen,,Keith Larsen
7282,2017,2017,1,1,,,1,,0,True,False,0,3,,0.0,0,0,0.0,0,0,1,0,1,1,2,1,7282.0,Zeeshan Kuruvilla,,Zeeshan Kuruvilla
7283,2017,2017,1,1,,,1,,0,True,False,0,3,,0.0,0,0,0.0,0,0,1,0,1,1,1,1,7283.0,Manikya Badal,,Manikya Badal
7284,2017,2017,1,1,,,1,,0,True,False,0,3,,0.0,0,0,0.0,0,0,1,0,1,1,1,1,7284.0,Ela Dara,,Ela Dara
7285,2017,2017,1,1,,,1,,0,True,False,0,3,,0.0,0,0,0.0,0,0,1,0,1,1,2,1,7285.0,Daniel Harrington,,Daniel Harrington
7287,2010,2010,1,1,2010,2010,1,0,0,True,False,0,2,30,0.0,0,0,0.0,0,0,2,0,2,0,1,0,7287.0,Dana Perkins,,Dana Perkins
7288,2010,2010,1,1,2010,2010,1,0,0,True,False,0,2,30,0.0,0,0,0.0,0,0,2,0,2,0,1,0,7288.0,Christopher Young,,Christopher Young
7289,2010,2010,1,1,2010,2010,1,0,0,True,False,0,2,30,0.0,0,0,0.0,0,0,2,0,2,0,1,0,7289.0,Deborah Aguilar,,Deborah Aguilar
7290,2010,2010,1,1,2010,2010,1,0,0,True,False,0,2,30,0.0,0,0,0.0,0,0,2,0,2,0,1,0,7290.0,Christopher Wood,,Christopher Wood
7292,2017,2017,1,1,2017,2017,1,0,0,True,False,0,1,23,0.0,0,0,0.0,0,0,1,0,1,0,2,1,7292.0,Jing Liao,,Jing Liao
7294,2017,2017,1,1,2017,2017,1,0,0,True,False,0,1,23,0.0,0,0,0.0,0,0,1,0,1,0,1,1,7294.0,Guiying Qiao,,Guiying Qiao
7297,2013,2017,2,2,,,2,,4,True,False,0,2,,0.0,1,0,0.5,0,0,1,0,1,0,2,0,7297.0,Holger Hiller,,Holger Hiller
7298,2017,2017,1,1,,,1,,0,True,False,0,1,,0.0,0,0,0.0,0,0,1,0,1,0,2,0,7298.0,Guido Dobes,,Guido Dobes
7300,2010,2010,1,1,,,1,,0,True,False,0,1,,0.0,0,0,0.0,0,0,1,0,1,0,1,0,7300.0,Kayla Jenkins,,Kayla Jenkins
7301,1984,1991,2,2,,,2,,7,True,False,0,1,,0.0,0,0,0.5714285714285714,0,0,2,0,2,0,2,0,7301.0,Michael Moore,,Michael Moore
7302,2010,2010,1,1,,,1,,0,True,False,0,1,,0.0,0,0,0.0,0,0,1,0,1,0,1,0,7302.0,David Orr,,David Orr
7305,2005,2005,1,1,,,1,,0,True,False,0,0,,0.0,0,0,0.0,0,0,2,0,2,0,1,0,7305.0,April Welch,,April Welch
7306,2005,2012,2,2,2012,2012,1,7,7,True,False,0,1,28,0.0,1,0,0.5714285714285714,0,0,2,0,2,0,1,0,7306.0,Vidur D’Alia,,Vidur D’Alia
7307,2005,2012,2,2,2012,2012,1,7,7,True,False,0,1,28,0.0,1,0,0.5714285714285714,0,0,2,0,2,0,1,0,7307.0,Raghav Chawla,,Raghav Chawla
7308,2012,2012,1,1,2012,2012,1,0,0,True,False,0,1,28,0.0,1,0,0.0,0,0,1,0,1,0,2,0,7308.0,Ranbir Sangha,,Ranbir Sangha
7309,2005,2012,2,2,2012,2012,1,7,7,True,False,0,1,28,0.0,1,0,0.5714285714285714,0,0,2,0,2,0,1,0,7309.0,Aarav Chana,,Aarav Chana
7312,2010,2010,1,1,,,1,,0,True,False,0,5,,0.0,2,0,0.0,0,0,1,0,1,0,1,0,7312.0,Nikol Hrubá,,Nikol Hrubá
7314,2023,2023,1,1,2023,2023,1,0,0,True,False,0,4,17,0.0,0,0,0.0,0,0,2,0,2,1,1,0,7314.0,Jacob Ramirez,,Jacob Ramirez
7315,2023,2023,1,1,2023,2023,1,0,0,True,False,0,4,17,0.0,0,0,0.0,0,0,2,0,2,1,1,0,7315.0,Margaret Vargas,,Margaret Vargas
7316,2023,2023,1,1,2023,2023,1,0,0,True,False,0,4,17,0.0,0,0,0.0,0,0,2,0,2,1,2,0,7316.0,Terri Johnson,,Terri Johnson
7317,2023,2023,1,1,2023,2023,1,0,0,True,False,0,4,17,0.0,0,0,0.0,0,0,2,0,2,1,1,0,7317.0,Chris Ward,,Chris Ward
7318,2023,2023,1,1,2023,2023,1,0,0,True,False,0,4,17,0.0,0,0,0.0,0,0,2,0,2,1,1,0,7318.0,Gemma Gentilini,,Gemma Gentilini
7321,1997,1997,1,1,,,1,,0,True,False,0,0,,0.0,0,0,0.0,0,0,0,0,0,0,1,0,7321.0,Divit Khanna,,Divit Khanna
7327,2028,2028,1,1,,,1,,0,True,True,0,0,,0.0,0,0,0.0,0,0,1,0,1,0,1,0,7327.0,Lei Zhang,,Lei Zhang
7328,2028,2028,1,1,,,1,,0,True,True,0,0,,0.0,0,0,0.0,0,0,1,0,1,0,2,0,7328.0,Xia Pan,,Xia Pan
7329,2028,2028,1,1,,,1,,0,True,True,0,0,,0.0,0,0,0.0,0,0,1,0,1,0,1,0,7329.0,Na Cui,,Na Cui
7331,2014,2014,1,1,,,1,,0,True,False,0,1,,0.0,0,0,0.0,0,0,1,0,1,0,1,0,7331.0,Segismundo Hoyos Múgica,,Segismundo Hoyos Múgica
7332,2014,2014,1,1,,,1,,0,True,False,0,1,,0.0,0,0,0.0,0,0,1,0,1,0,1,0,7332.0,Nacio Joel Corral Domingo,,Nacio Joel Corral Domingo
7333,2014,2014,1,1,,,1,,0,True,False,0,1,,0.0,0,0,0.0,0,0,1,0,1,0,2,0,7333.0,Alejandro Montenegro-Palomino,,Alejandro Montenegro-Palomino
7334,2014,2014,1,1,,,1,,0,True,False,0,1,,0.0,0,0,0.0,0,0,1,0,1,0,1,0,7334.0,Alonso del Benítez,,Alonso del Benítez
7337,2020,2020,1,1,,,1,,0,True,False,0,3,,0.0,0,0,0.0,0,0,2,0,2,2,1,0,7337.0,Jun Ye,,Jun Ye
7338,2020,2029,2,1,,,2,,9,True,False,0,4,,0.0,0,0,0.4444444444444444,0,0,2,0,2,3,2,0,7338.0,Chao Li,,Chao Li
7340,2020,2020,1,1,,,1,,0,True,False,0,3,,0.0,0,0,0.0,0,0,2,0,2,2,1,0,7340.0,Tao Pan,,Tao Pan
7342,2013,2013,1,1,2013,2013,1,0,0,True,False,0,0,27,0.0,0,0,0.0,0,0,1,0,1,0,2,0,7342.0,Juan Li,,Juan Li
7343,2020,2025,2,2,,,2,,5,True,False,0,1,,0.0,2,0,0.0,0,0,2,0,2,0,2,0,7343.0,Wei Tian,,Wei Tian
7347,2017,2017,1,1,,,1,,0,True,False,0,2,,0.0,0,0,0.0,0,0,1,0,1,0,1,1,7347.0,Madhup Ganesh,,Madhup Ganesh
7349,2017,2017,1,1,,,1,,0,True,False,0,2,,0.0,0,0,0.0,0,0,1,0,1,0,1,1,7349.0,Diya Goyal,,Diya Goyal
7353,2027,2027,1,1,,,1,,0,True,True,0,2,,0.0,0,0,0.0,0,0,1,0,1,0,2,1,7353.0,Juan Ye,,Juan Ye
7357,2029,2029,1,1,,,1,,0,True,True,0,1,,0.0,0,0,0.0,0,0,1,0,1,0,1,0,7357.0,Ian Dawson,,Ian Dawson
7358,2029,2029,1,1,,,1,,0,True,True,0,1,,0.0,0,0,0.0,0,0,1,0,1,0,1,0,7358.0,Seve Francisco,,Seve Francisco
7359,2029,2029,1,1,,,1,,0,True,True,0,1,,0.0,0,0,0.0,0,0,1,0,1,0,1,0,7359.0,Abril Serna,,Abril Serna
7363,2000,2000,1,1,,,1,,0,True,False,0,2,,0.0,0,0,0.0,0,0,2,0,2,0,1,0,7363.0,Michael Smith,,Michael Smith
7364,2000,2000,1,1,,,1,,0,True,False,0,2,,0.0,0,0,0.0,0,0,2,0,2,0,1,0,7364.0,Mikako Saito,,Mikako Saito
7368,2004,2004,1,1,,,1,,0,True,False,0,0,,0.0,0,0,0.0,0,0,1,0,1,0,2,0,7368.0,Zara Dugar,,Zara Dugar
7372,2017,2017,1,1,,,1,,0,True,False,0,2,,0.0,0,0,0.0,0,0,2,0,2,1,2,0,7372.0,Jenna Casey, FR3$H, FR3$H
7375,2028,2028,1,1,,,1,,0,True,True,0,3,,0.0,1,0,0.0,0,0,2,0,2,1,1,0,7375.0,Maria Morris,,Maria Morris
7376,2028,2028,1,1,,,1,,0,True,True,0,3,,0.0,1,0,0.0,0,0,2,0,2,1,1,0,7376.0,Sharon Crawford,,Sharon Crawford
7377,2028,2028,1,1,,,1,,0,True,True,0,3,,0.0,1,0,0.0,0,0,2,0,2,1,1,0,7377.0,Michelle Anderson,,Michelle Anderson
7378,2028,2028,1,1,,,1,,0,True,True,0,3,,0.0,1,0,0.0,0,0,2,0,2,1,1,0,7378.0,Dylan Williams,,Dylan Williams
7383,2030,2030,1,1,2030,2030,1,0,0,True,True,1,1,10,0.0,0,0,0.0,0,0,1,0,1,0,1,0,7383.0,Jivika Keer,,Jivika Keer
7384,2030,2030,1,1,2030,2030,1,0,0,True,True,1,1,10,0.0,0,0,0.0,0,0,1,0,1,0,1,0,7384.0,Rafael Hoz Pizarro,,Rafael Hoz Pizarro
7385,2030,2030,1,1,2030,2030,1,0,0,True,True,1,1,10,0.0,0,0,0.0,0,0,1,0,1,0,1,0,7385.0,Gina Miller,,Gina Miller
7387,2018,2029,3,3,2027,2027,3,9,11,True,False,0,5,13,0.0,5,0,0.5436893203883495,0,0,4,0,4,0,1,0,7387.0,Regina Bruce,,Regina Bruce
7388,2018,2027,2,2,2027,2027,2,9,9,True,False,0,3,13,0.0,5,0,0.3333333333333333,0,0,2,0,2,0,1,0,7388.0,Amber Huff,,Amber Huff
7390,1983,1989,2,2,,,2,,6,True,False,0,1,,0.0,1,0,0.3333333333333333,0,0,2,0,2,0,2,0,7390.0,Ashley Cabrera,,Ashley Cabrera
7392,1989,1995,2,2,,,2,,6,True,False,0,2,,0.0,0,0,0.0,0,0,1,0,1,0,2,0,7392.0,Paige Adams,,Paige Adams
7393,1989,1989,1,1,,,1,,0,True,False,0,1,,0.0,0,0,0.0,0,0,1,0,1,0,1,0,7393.0,Bonnie Roberts,,Bonnie Roberts
7396,2021,2021,1,1,,,1,,0,True,False,0,1,,0.0,4,0,0.0,0,0,2,0,2,1,1,0,7396.0,Chad Green,,Chad Green
7397,2020,2021,2,2,,,2,,1,True,False,0,3,,0.0,8,0,5.0,0,0,2,0,2,2,1,0,7397.0,Jing Liao,,Jing Liao
7398,2000,2026,4,4,,,4,,26,True,False,0,13,,0.0,3,0,1.6,0,0,4,0,4,2,3,2,7398.0,Charles Vazquez,,Charles Vazquez
7400,2024,2024,1,1,,,1,,0,True,False,0,0,,0.0,2,0,0.0,0,0,1,0,1,0,1,0,7400.0,Chao Chang,,Chao Chang
7401,2024,2024,1,1,,,1,,0,True,False,0,0,,0.0,2,0,0.0,0,0,1,0,1,0,2,0,7401.0,Juan Fu,,Juan Fu
7404,2027,2027,1,1,,,1,,0,True,True,0,1,,0.0,0,0,0.0,0,0,1,0,1,0,1,1,7404.0,Wei Yao,,Wei Yao
7407,2020,2020,1,1,,,1,,0,True,False,0,4,,0.0,0,0,0.0,0,0,1,0,1,1,1,0,7407.0,Deborah Young,,Deborah Young
7409,2023,2023,1,1,,,1,,0,True,False,0,1,,0.0,0,0,0.0,0,0,1,0,1,0,1,0,7409.0,Yang Yan,,Yang Yan
7410,2023,2023,1,1,,,1,,0,True,False,0,1,,0.0,0,0,0.0,0,0,1,0,1,0,1,0,7410.0,Xiulan Duan,,Xiulan Duan
7411,2023,2023,1,1,,,1,,0,True,False,0,1,,0.0,0,0,0.0,0,0,1,0,1,0,2,0,7411.0,Min Jin,,Min Jin
7413,2023,2023,1,1,,,1,,0,True,False,0,1,,0.0,0,0,0.0,0,0,1,0,1,0,1,0,7413.0,Guiying Yu,,Guiying Yu
7415,1991,1991,1,1,,,1,,0,True,False,0,0,,0.0,0,0,0.0,0,0,1,0,1,0,2,0,7415.0,Ping He,,Ping He
7416,2013,2013,1,1,2013,2013,1,0,0,True,False,0,0,27,0.0,0,0,0.0,0,0,1,0,1,0,2,0,7416.0,Stephanie Horton,,Stephanie Horton
7418,2003,2003,1,1,,,1,,0,True,False,0,1,,0.0,0,0,0.0,0,0,0,0,0,1,2,0,7418.0,Nicolas Marsh,,Nicolas Marsh
7420,2003,2003,1,1,,,1,,0,True,False,0,1,,0.0,0,0,0.0,0,0,0,0,0,1,1,0,7420.0,Shannon Oneill,,Shannon Oneill
7421,1997,2003,2,2,1997,1997,1,0,6,True,False,0,1,43,0.0,0,0,0.3333333333333333,0,0,0,0,0,1,1,0,7421.0,Timothy Lewis,,Timothy Lewis
7426,2024,2024,1,1,,,1,,0,True,False,0,0,,0.0,0,0,0.0,0,0,2,0,2,0,1,0,7426.0,Lei Bai,,Lei Bai
7427,2024,2024,1,1,,,1,,0,True,False,0,0,,0.0,0,0,0.0,0,0,2,0,2,0,1,0,7427.0,Chao Yuan,,Chao Yuan
7428,2024,2024,1,1,,,1,,0,True,False,0,0,,0.0,0,0,0.0,0,0,2,0,2,0,1,0,7428.0,Kyle Myers,,Kyle Myers
7429,2024,2024,1,1,,,1,,0,True,False,0,0,,0.0,0,0,0.0,0,0,2,0,2,0,1,0,7429.0,Na Dai,,Na Dai
7430,2024,2024,1,1,,,1,,0,True,False,0,0,,0.0,0,0,0.0,0,0,2,0,2,0,2,0,7430.0,Tao Hou,,Tao Hou
7432,2017,2017,1,1,,,1,,0,True,False,0,1,,0.0,0,0,0.0,0,0,1,0,1,0,1,0,7432.0,Mikayla Cook,,Mikayla Cook
7433,2017,2017,1,1,,,1,,0,True,False,0,1,,0.0,0,0,0.0,0,0,2,0,2,0,2,0,7433.0,Nathaniel Fisher,,Nathaniel Fisher
7437,2010,2010,1,1,,,1,,0,True,False,0,1,,0.0,0,0,0.0,0,0,1,0,1,0,2,0,7437.0,Xiulan Gong,,Xiulan Gong
7438,2010,2010,1,1,,,1,,0,True,False,0,1,,0.0,0,0,0.0,0,0,1,0,1,0,1,0,7438.0,Min Yang,,Min Yang
7439,2010,2010,1,1,,,1,,0,True,False,0,1,,0.0,0,0,0.0,0,0,1,0,1,0,1,0,7439.0,Yan Su,,Yan Su
7440,2010,2010,1,1,,,1,,0,True,False,0,1,,0.0,0,0,0.0,0,0,1,0,1,0,1,0,7440.0,Juan Xiang,,Juan Xiang
7442,2030,2030,1,1,2030,2030,1,0,0,True,True,1,4,10,0.0,1,0,0.0,0,0,2,0,2,0,2,3,7442.0,Yan Liu,,Yan Liu
7443,2030,2030,1,1,2030,2030,1,0,0,True,True,1,4,10,0.0,1,0,0.0,0,0,2,0,2,0,1,3,7443.0,Wei Gu,,Wei Gu
7444,2030,2030,1,1,2030,2030,1,0,0,True,True,1,4,10,0.0,1,0,0.0,0,0,2,0,2,0,1,3,7444.0,Lei Shi,,Lei Shi
7445,2030,2030,1,1,2030,2030,1,0,0,True,True,1,4,10,0.0,1,0,0.0,0,0,2,0,2,0,1,3,7445.0,Xiuying Guo,,Xiuying Guo
7446,2030,2030,1,1,2030,2030,1,0,0,True,True,1,4,10,0.0,1,0,0.0,0,0,2,0,2,0,1,3,7446.0,Jing Guo,,Jing Guo
7449,2023,2023,1,1,,,1,,0,True,False,0,2,,0.0,0,0,0.0,0,0,1,0,1,0,2,0,7449.0,Konrad Koźlak,,Konrad Koźlak
7453,2013,2013,2,2,,,2,,0,True,False,0,2,,0.0,6,0,0.0,0,0,2,0,2,1,1,0,7453.0,Jing Guo,,Jing Guo
7456,1993,1993,1,1,,,1,,0,True,False,0,0,,0.0,0,0,0.0,0,0,2,0,2,0,1,0,7456.0,Michael Wise,,Michael Wise
7458,2023,2023,1,1,,,1,,0,True,False,0,1,,0.0,0,0,0.0,0,0,2,0,2,1,1,0,7458.0,Doris Hatfield,,Doris Hatfield
7459,2023,2023,1,1,,,1,,0,True,False,0,1,,0.0,0,0,0.0,0,0,2,0,2,1,1,0,7459.0,Sherry Mcdaniel,,Sherry Mcdaniel
7460,2023,2023,1,1,,,1,,0,True,False,0,1,,0.0,0,0,0.0,0,0,2,0,2,1,2,0,7460.0,Carolyn Morgan,,Carolyn Morgan
7462,2025,2027,2,2,,,2,,2,True,True,0,5,,0.0,3,0,3.0,0,0,1,1,2,0,2,0,7462.0,Colette-Jeannine Lemaître,,Colette-Jeannine Lemaître
7463,2023,2027,3,3,,,3,,4,True,False,0,6,,0.0,2,0,2.25,0,0,1,1,2,0,2,0,7463.0,Simone Parent,,Simone Parent
7464,2023,2027,3,3,,,3,,4,True,False,0,6,,0.0,2,0,2.25,0,0,1,1,2,0,1,0,7464.0,Raymond Chartier,,Raymond Chartier
7467,2017,2017,1,1,,,1,,0,True,False,0,1,,0.0,0,0,0.0,0,0,1,0,1,0,2,0,7467.0,Xiulan Zou,,Xiulan Zou
7471,2007,2007,1,1,2007,2007,1,0,0,True,False,0,2,33,0.0,0,0,0.0,0,0,1,0,1,1,1,0,7471.0,Lisa Lopez,,Lisa Lopez
7475,2020,2020,1,1,,,1,,0,True,False,0,1,,0.0,0,0,0.0,0,0,1,0,1,0,1,0,7475.0,Naoko Suzuki,,Naoko Suzuki
7477,2020,2020,1,1,,,1,,0,True,False,0,1,,0.0,0,0,0.0,0,0,1,0,1,0,1,0,7477.0,Shohei Yamashita,,Shohei Yamashita
7480,2026,2026,1,1,,,1,,0,True,True,0,2,,0.0,0,0,0.0,0,0,1,0,1,0,1,0,7480.0,Wei Yuan,,Wei Yuan
7483,2021,2021,1,1,,,1,,0,True,False,0,5,,0.0,0,0,0.0,0,0,2,0,2,0,2,0,7483.0,Renee Lynch,,Renee Lynch
7485,2010,2010,1,1,,,1,,0,True,False,0,0,,0.0,2,0,0.0,0,0,1,0,1,0,1,0,7485.0,Jun Chen,,Jun Chen
7486,2010,2010,1,1,,,1,,0,True,False,0,0,,0.0,2,0,0.0,0,0,1,0,1,0,1,0,7486.0,Min Xie,,Min Xie
7489,2022,2022,1,1,,,1,,0,True,False,0,1,,0.0,0,0,0.0,0,0,1,0,1,1,2,0,7489.0,Torquato Fantini,,Torquato Fantini
7490,2017,2023,2,2,,,2,,6,True,False,0,2,,0.0,0,0,0.5,0,0,2,0,2,0,1,1,7490.0,Domenico Gasperi,,Domenico Gasperi
7491,2023,2026,2,2,,,2,,3,True,False,0,1,,0.0,0,0,0.0,0,0,1,0,1,0,2,1,7491.0,Franco Angeli,,Franco Angeli
7493,2027,2027,1,0,,,1,,0,True,True,0,4,,0.0,0,0,0.0,0,0,1,0,1,0,2,2,7493.0,Tao Bai,,Tao Bai
7494,2027,2027,1,1,,,1,,0,True,True,0,2,,0.0,0,0,0.0,0,0,1,0,1,0,1,1,7494.0,Gang Xie,,Gang Xie
7497,2013,2013,1,1,,,1,,0,True,False,0,1,,0.0,0,0,0.0,0,0,2,0,2,0,1,0,7497.0,Michael Mitchell,,Michael Mitchell
7498,2013,2013,1,1,,,1,,0,True,False,0,1,,0.0,0,0,0.0,0,0,2,0,2,0,2,0,7498.0,Nicole Jackson,,Nicole Jackson
7499,2013,2013,1,1,,,1,,0,True,False,0,1,,0.0,0,0,0.0,0,0,2,0,2,0,1,0,7499.0,Lei Xiao,,Lei Xiao
7500,2013,2013,1,1,,,1,,0,True,False,0,1,,0.0,0,0,0.0,0,0,2,0,2,0,1,0,7500.0,Ming Yuan,,Ming Yuan
7501,2013,2013,1,1,,,1,,0,True,False,0,1,,0.0,0,0,0.0,0,0,2,0,2,0,2,0,7501.0,Jack Hawkins,,Jack Hawkins
7503,1997,2003,2,2,,,1,,6,True,False,0,1,,0.0,0,0,0.8333333333333334,0,0,2,0,2,0,2,0,7503.0,Laura Beck,,Laura Beck
7504,1997,1997,1,1,,,1,,0,True,False,0,0,,0.0,0,0,0.0,0,0,1,0,1,0,2,0,7504.0,Ryan Lin,,Ryan Lin
7505,1997,2003,2,2,,,1,,6,True,False,0,1,,0.0,0,0,0.8333333333333334,0,0,2,0,2,0,1,0,7505.0,Nicole Cook,,Nicole Cook
7506,1997,2003,2,2,,,1,,6,True,False,0,1,,0.0,0,0,0.8333333333333334,0,0,2,0,2,0,1,0,7506.0,Michael Pratt,,Michael Pratt
7507,1997,2003,2,2,,,1,,6,True,False,0,1,,0.0,0,0,0.8333333333333334,0,0,2,0,2,0,1,0,7507.0,Michelle Stafford,,Michelle Stafford
7508,1997,2003,2,2,,,1,,6,True,False,0,1,,0.0,0,0,0.8333333333333334,0,0,2,0,2,0,1,0,7508.0,Brian Contreras,,Brian Contreras
7509,1997,2003,2,2,,,1,,6,True,False,0,1,,0.0,0,0,0.8333333333333334,0,0,2,0,2,0,1,0,7509.0,Shelly Kelly,,Shelly Kelly
7512,2017,2017,1,1,,,1,,0,True,False,0,2,,0.0,3,0,0.0,0,0,2,0,2,0,1,0,7512.0,Matthew Good,,Matthew Good
7513,2010,2017,2,2,,,2,,7,True,False,0,2,,0.0,4,0,0.8571428571428571,0,0,3,0,3,0,2,0,7513.0,Matthew Griffin,,Matthew Griffin
7514,2017,2017,1,1,,,1,,0,True,False,0,2,,0.0,3,0,0.0,0,0,2,0,2,0,1,0,7514.0,Katie Hartman,,Katie Hartman
7515,2017,2022,2,2,,,2,,5,True,False,0,3,,0.0,3,0,0.8,0,0,2,0,2,1,2,0,7515.0,Samantha Herring,,Samantha Herring
7516,2017,2021,4,4,,,3,,4,True,False,0,5,,0.0,2,0,0.5,0,0,2,0,2,0,3,0,7516.0,Laura Turner,,Laura Turner
7518,2023,2023,1,1,,,1,,0,True,False,0,5,,0.0,3,0,0.0,0,0,1,0,1,2,1,0,7518.0,Curtis Underwood, Ava Rain, Ava Rain
7519,2023,2023,1,1,,,1,,0,True,False,0,5,,0.0,3,0,0.0,0,0,1,0,1,2,1,0,7519.0,Siegmund Winkler,,Siegmund Winkler
7521,2025,2025,1,1,2025,2025,1,0,0,True,True,0,3,15,0.0,0,0,0.0,0,0,1,0,1,2,1,0,7521.0,Juan Gu,,Juan Gu
7523,2025,2025,1,1,2025,2025,1,0,0,True,True,0,3,15,0.0,0,0,0.0,0,0,1,0,1,2,1,0,7523.0,Jun Gao,,Jun Gao
7528,2021,2021,1,1,,,1,,0,True,False,0,1,,0.0,0,0,0.0,0,0,0,0,0,0,2,1,7528.0,Christine Jones,,Christine Jones
7529,2021,2021,1,1,,,1,,0,True,False,0,1,,0.0,0,0,0.0,0,0,0,0,0,0,1,1,7529.0,Deborah Norton,,Deborah Norton
7532,1992,2002,2,2,,,1,,10,True,False,0,1,,0.0,1,0,0.0,0,0,2,0,2,0,2,0,7532.0,Leif Bolzmann,,Leif Bolzmann
7533,1992,2004,2,2,,,2,,12,True,False,0,2,,0.0,1,0,0.0,0,0,3,0,3,0,2,0,7533.0,Marija Lehmann,,Marija Lehmann
7535,2012,2012,1,1,2012,2012,1,0,0,True,False,0,1,28,0.0,0,0,0.0,0,0,1,0,1,0,2,0,7535.0,Yang Chang,,Yang Chang
7536,2012,2012,1,1,2012,2012,1,0,0,True,False,0,1,28,0.0,0,0,0.0,0,0,1,0,1,0,1,0,7536.0,Jun Ding,,Jun Ding
7537,2012,2012,1,1,2012,2012,1,0,0,True,False,0,1,28,0.0,0,0,0.0,0,0,1,0,1,0,1,0,7537.0,Jing Pan,,Jing Pan
7538,2012,2012,1,1,2012,2012,1,0,0,True,False,0,1,28,0.0,0,0,0.0,0,0,1,0,1,0,2,0,7538.0,Na Liang,,Na Liang
7539,2012,2012,1,1,2012,2012,1,0,0,True,False,0,1,28,0.0,0,0,0.0,0,0,1,0,1,0,1,0,7539.0,Diane Dunn,,Diane Dunn
7542,2012,2012,1,1,,,1,,0,True,False,0,2,,0.0,0,0,0.0,0,0,1,0,1,0,1,0,7542.0,Li Liao,,Li Liao
7544,2024,2024,1,1,,,1,,0,True,False,0,1,,0.0,0,0,0.0,0,0,1,0,1,0,1,0,7544.0,Jason Mayer,GHOSTHUNNIT,GHOSTHUNNIT
7545,2024,2024,1,1,,,1,,0,True,False,0,1,,0.0,0,0,0.0,0,0,1,0,1,0,2,0,7545.0,John Hopkins,,John Hopkins
7546,2024,2024,1,1,,,1,,0,True,False,0,1,,0.0,0,0,0.0,0,0,1,0,1,0,2,0,7546.0,Joseph Navarro,,Joseph Navarro
7548,2024,2024,1,1,,,1,,0,True,False,0,1,,0.0,0,0,0.0,0,0,1,0,1,0,2,0,7548.0,Ryan Roberts,,Ryan Roberts
7549,2024,2024,1,1,,,1,,0,True,False,0,1,,0.0,0,0,0.0,0,0,1,0,1,0,1,0,7549.0,Jacqueline Obrien,,Jacqueline Obrien
7552,2011,2017,2,2,,,2,,6,True,False,0,7,,0.0,0,0,0.0,0,0,1,0,1,0,2,0,7552.0,Elizabeth Willis,Lizzy West,Lizzy West
7556,2024,2024,1,1,,,1,,0,True,False,0,0,,0.0,0,0,0.0,1,0,1,0,1,0,2,0,7556.0,Benjamin Brown,,Benjamin Brown
7558,2024,2024,1,1,,,1,,0,True,False,0,0,,0.0,0,0,0.0,1,0,1,0,1,0,1,0,7558.0,Melissa Dennis,,Melissa Dennis
7560,2024,2024,1,1,,,1,,0,True,False,0,0,,0.0,0,0,0.0,1,0,1,0,1,0,2,0,7560.0,Keith Clark,,Keith Clark
7561,2024,2024,1,1,,,1,,0,True,False,0,0,,0.0,0,0,0.0,1,0,1,0,1,0,1,0,7561.0,Jennifer Brown,,Jennifer Brown
7562,2024,2024,1,1,,,1,,0,True,False,0,0,,0.0,0,0,0.0,1,0,1,0,1,0,1,0,7562.0,Carlos Brown,,Carlos Brown
7564,2004,2007,3,3,,,2,,3,True,False,0,1,,0.0,2,0,1.6666666666666667,0,0,2,1,3,0,2,0,7564.0,Ryan Cohen,JUXX 100,JUXX 100
7565,2004,2007,2,2,,,1,,3,True,False,0,1,,0.0,3,0,1.3333333333333333,0,0,2,0,2,0,2,0,7565.0,Arne Baum,,Arne Baum
7569,2007,2022,2,2,,,2,,15,True,False,0,11,,0.0,4,0,0.2,0,0,1,1,2,0,2,0,7569.0,Raissa Anders,,Raissa Anders
7570,2013,2022,3,3,2023,2023,1,10,9,True,False,0,20,17,0.0,3,0,0.4850746268656716,0,0,2,1,3,0,1,0,7570.0,Jacob Boyd,,Jacob Boyd
7573,2026,2026,1,1,,,1,,0,True,True,0,3,,0.0,0,0,0.0,0,0,2,0,2,1,2,0,7573.0,Margaud Morel,,Margaud Morel
7576,2030,2030,1,0,,,1,,0,True,True,0,2,,0.0,0,0,0.0,0,0,0,0,0,0,1,0,7576.0,Isabella Johnson, Bella Nova, Bella Nova
7577,2030,2030,1,0,,,1,,0,True,True,0,2,,0.0,0,0,0.0,0,0,0,0,0,0,1,0,7577.0,Qiang Mo,,Qiang Mo
7579,2030,2030,1,0,,,1,,0,True,True,0,2,,0.0,0,0,0.0,0,0,0,0,0,0,1,0,7579.0,Darren Pineda,,Darren Pineda
7582,2025,2025,1,1,,,1,,0,True,True,0,4,,0.0,0,0,0.0,0,0,1,0,1,0,2,0,7582.0,Alessandro Zito,,Alessandro Zito
7583,2025,2025,1,1,,,1,,0,True,True,0,4,,0.0,0,0,0.0,0,0,1,0,1,0,1,0,7583.0,Goffredo Cheda,,Goffredo Cheda
7587,2027,2027,1,1,,,1,,0,True,True,0,2,,0.0,0,0,0.0,0,0,2,0,2,0,1,0,7587.0,Xia Qiao,,Xia Qiao
7591,2010,2010,1,1,2010,2010,1,0,0,True,False,0,0,30,0.0,1,0,0.0,0,0,1,0,1,0,1,0,7591.0,Guiying Dong,,Guiying Dong
7592,2010,2010,1,1,2010,2010,1,0,0,True,False,0,0,30,0.0,1,0,0.0,0,0,1,0,1,0,2,0,7592.0,Jing Tang,,Jing Tang
7595,2020,2020,1,1,,,1,,0,True,False,0,1,,0.0,0,0,0.0,0,0,0,0,0,0,1,1,7595.0,Lisa Baker,,Lisa Baker
7596,2020,2020,1,1,,,1,,0,True,False,0,1,,0.0,0,0,0.0,0,0,0,0,0,0,2,1,7596.0,Brian Vincent,,Brian Vincent
7598,2020,2020,1,1,,,1,,0,True,False,0,1,,0.0,0,0,0.0,0,0,0,0,0,0,1,1,7598.0,Kathleen Valentine,,Kathleen Valentine
7601,2010,2010,1,1,,,1,,0,True,False,0,1,,0.0,0,0,0.0,0,0,1,0,1,0,1,0,7601.0,Bryan Hale,,Bryan Hale
7603,2010,2010,1,1,,,1,,0,True,False,0,1,,0.0,0,0,0.0,0,0,1,0,1,0,2,0,7603.0,Frank Johnson,,Frank Johnson
7605,2019,2029,2,2,,,2,,10,True,False,0,8,,0.0,3,0,0.6,0,0,1,0,1,2,1,0,7605.0,Min Hao,,Min Hao
7606,2019,2029,2,2,,,2,,10,True,False,0,8,,0.0,3,0,0.6,0,0,1,0,1,2,1,0,7606.0,Chao Xiao,,Chao Xiao
7613,2029,2029,1,1,,,1,,0,True,True,0,14,,0.0,1,0,0.0,0,0,1,0,1,2,1,0,7613.0,Xiulan Zeng,,Xiulan Zeng
7616,2023,2023,1,1,,,1,,0,True,False,0,1,,0.0,1,0,0.0,0,0,1,0,1,1,1,0,7616.0,Wieslaw Wulf,,Wieslaw Wulf
7617,2023,2023,1,1,,,1,,0,True,False,0,1,,0.0,1,0,0.0,0,0,1,0,1,1,2,0,7617.0,Paula Bonbach,,Paula Bonbach
7619,2013,2013,1,1,2013,2013,1,0,0,True,False,0,3,27,0.0,0,0,0.0,0,0,2,0,2,1,1,0,7619.0,Xiuying Ye,,Xiuying Ye
7620,2013,2013,1,1,2013,2013,1,0,0,True,False,0,3,27,0.0,0,0,0.0,0,0,2,0,2,1,1,0,7620.0,Jing Yi,,Jing Yi
7621,2010,2013,2,2,2013,2013,1,3,3,True,False,0,4,27,0.0,0,0,1.3333333333333333,0,0,3,0,3,1,1,0,7621.0,Yan Fang,,Yan Fang
7622,2010,2013,2,2,2013,2013,1,3,3,True,False,0,4,27,0.0,0,0,1.3333333333333333,0,0,3,0,3,1,1,0,7622.0,Yong Zhu,,Yong Zhu
7623,2013,2013,1,1,2013,2013,1,0,0,True,False,0,3,27,0.0,0,0,0.0,0,0,2,0,2,1,3,0,7623.0,Maria Black,,Maria Black
7626,2020,2020,1,1,,,1,,0,True,False,0,0,,0.0,0,0,0.0,0,0,1,0,1,0,1,0,7626.0,Yan Yan,,Yan Yan
7627,2020,2020,1,1,,,1,,0,True,False,0,0,,0.0,0,0,0.0,0,0,1,0,1,0,1,0,7627.0,Xiuying Gu,,Xiuying Gu
7628,2020,2020,1,1,,,1,,0,True,False,0,0,,0.0,0,0,0.0,0,0,1,0,1,0,1,0,7628.0,Lei Yu,,Lei Yu
7631,2010,2010,1,1,2010,2010,1,0,0,True,False,0,1,30,0.0,0,0,0.0,0,0,1,0,1,1,2,0,7631.0,Marianna Polasik,,Marianna Polasik
7633,2022,2022,1,1,2022,2022,1,0,0,True,False,0,0,18,0.0,1,0,0.0,0,0,2,0,2,0,1,0,7633.0,Lei Yuan,,Lei Yuan
7635,2022,2022,1,1,2022,2022,1,0,0,True,False,0,0,18,0.0,1,0,0.0,0,0,2,0,2,0,1,0,7635.0,Michelle Garrett,,Michelle Garrett
7636,2022,2022,1,1,2022,2022,1,0,0,True,False,0,0,18,0.0,1,0,0.0,0,0,2,0,2,0,2,0,7636.0,Sara Shannon,,Sara Shannon
7637,2022,2022,1,1,2022,2022,1,0,0,True,False,0,0,18,0.0,1,0,0.0,0,0,2,0,2,0,1,0,7637.0,Gang Chen,,Gang Chen
7638,2022,2022,1,1,2022,2022,1,0,0,True,False,0,0,18,0.0,1,0,0.0,0,0,2,0,2,0,1,0,7638.0,Gang Han,,Gang Han
7639,2022,2022,1,1,2022,2022,1,0,0,True,False,0,0,18,0.0,1,0,0.0,0,0,2,0,2,0,1,0,7639.0,Monica Hale,,Monica Hale
7641,2017,2017,1,1,,,1,,0,True,False,0,0,,0.0,0,0,0.0,0,0,2,0,2,0,2,0,7641.0,Robert Lopez,,Robert Lopez
7642,2017,2017,1,1,,,1,,0,True,False,0,0,,0.0,0,0,0.0,0,0,2,0,2,0,1,0,7642.0,Tao Tang,,Tao Tang
7643,2017,2017,1,1,,,1,,0,True,False,0,0,,0.0,0,0,0.0,0,0,2,0,2,0,1,0,7643.0,Matthew Gibson,,Matthew Gibson
7645,2017,2017,1,1,,,1,,0,True,False,0,0,,0.0,0,0,0.0,0,0,2,0,2,0,1,0,7645.0,Lei Cui,,Lei Cui
7647,2017,2017,1,1,,,1,,0,True,False,0,1,,0.0,0,0,0.0,0,0,1,0,1,0,1,0,7647.0,Rebecca Schultz,Zephyr Saint,Zephyr Saint
7648,2017,2017,1,1,,,1,,0,True,False,0,1,,0.0,0,0,0.0,0,0,1,0,1,0,2,0,7648.0,Yan Zhou,,Yan Zhou
7653,2008,2008,1,1,,,1,,0,True,False,0,0,,0.0,0,0,0.0,0,0,1,0,1,0,1,0,7653.0,Justin Powers,,Justin Powers
7654,2008,2008,1,1,,,1,,0,True,False,0,0,,0.0,0,0,0.0,0,0,1,0,1,0,2,0,7654.0,Janice Poole,,Janice Poole
7655,2008,2008,1,1,,,1,,0,True,False,0,0,,0.0,0,0,0.0,0,0,1,0,1,0,1,0,7655.0,Christopher Miller,,Christopher Miller
7656,2008,2008,1,1,,,1,,0,True,False,0,0,,0.0,0,0,0.0,0,0,1,0,1,0,1,0,7656.0,Sylvia Lawrence,,Sylvia Lawrence
7659,2031,2031,1,1,,,1,,0,True,True,1,4,,0.0,0,0,0.0,0,0,2,0,2,0,1,0,7659.0,Morgan Shelton,,Morgan Shelton
7660,2031,2031,1,1,,,1,,0,True,True,1,4,,0.0,0,0,0.0,0,0,2,0,2,0,1,0,7660.0,Ryan Morales,,Ryan Morales
7664,2023,2023,1,1,,,1,,0,True,False,0,0,,0.0,0,0,0.0,0,0,0,0,0,0,1,0,7664.0,Jenny Rodriguez,JAXXON X,JAXXON X
7665,2023,2023,1,1,,,1,,0,True,False,0,0,,0.0,0,0,0.0,0,0,0,0,0,0,1,0,7665.0,Victor Spencer,,Victor Spencer
7666,2023,2023,1,1,,,1,,0,True,False,0,0,,0.0,0,0,0.0,0,0,0,0,0,0,2,0,7666.0,David Johnson,,David Johnson
7670,2017,2017,1,1,2017,2017,1,0,0,True,False,0,6,23,0.0,0,0,0.0,0,0,1,0,1,2,1,0,7670.0,Tadeusz Kieszek,,Tadeusz Kieszek
7673,2025,2025,1,1,,,1,,0,True,True,0,4,,0.0,0,0,0.0,0,0,1,0,1,1,1,0,7673.0,Alicia Rice,,Alicia Rice
7677,2025,2025,1,1,,,1,,0,True,True,0,4,,0.0,0,0,0.0,0,0,1,0,1,1,1,0,7677.0,Katherine Smith,,Katherine Smith
7678,2025,2025,1,1,,,1,,0,True,True,0,4,,0.0,0,0,0.0,0,0,1,0,1,1,1,0,7678.0,Ming Cao,,Ming Cao
7681,2015,2015,1,1,,,1,,0,True,False,0,2,,0.0,0,0,0.0,0,0,2,0,2,1,1,0,7681.0,Allison Johnson,,Allison Johnson
7682,2015,2015,1,1,,,1,,0,True,False,0,2,,0.0,0,0,0.0,0,0,2,0,2,1,1,0,7682.0,Amber Franklin,,Amber Franklin
7683,2015,2015,1,1,,,1,,0,True,False,0,2,,0.0,0,0,0.0,0,0,2,0,2,1,1,0,7683.0,Fang Shao,,Fang Shao
7684,2015,2015,1,1,,,1,,0,True,False,0,2,,0.0,0,0,0.0,0,0,2,0,2,1,1,0,7684.0,Ming Cui,,Ming Cui
7685,2015,2015,1,1,,,1,,0,True,False,0,2,,0.0,0,0,0.0,0,0,2,0,2,1,1,0,7685.0,Leslie Wagner,,Leslie Wagner
7686,2015,2015,1,1,,,1,,0,True,False,0,2,,0.0,0,0,0.0,0,0,2,0,2,1,2,0,7686.0,Ming Peng,,Ming Peng
7688,2026,2026,1,1,,,1,,0,True,True,0,1,,0.0,1,0,0.0,0,0,2,0,2,0,1,0,7688.0,Li Long, Desert Moon, Desert Moon
7689,2026,2026,1,1,,,1,,0,True,True,0,1,,0.0,1,0,0.0,0,0,2,0,2,0,1,0,7689.0,Xiulan Xu,,Xiulan Xu
7690,2026,2026,1,1,,,1,,0,True,True,0,1,,0.0,1,0,0.0,0,0,2,0,2,0,1,0,7690.0,Gang Fu,,Gang Fu
7692,2021,2027,2,1,,,1,,6,True,False,0,3,,0.0,1,0,0.5,0,0,2,0,2,1,1,0,7692.0,Juan Shao,,Juan Shao
7694,2017,2017,1,1,2017,2017,1,0,0,True,False,0,1,23,0.0,0,0,0.0,0,0,1,0,1,0,1,0,7694.0,Anthony Smith,Electric Runaway,Electric Runaway
7695,2017,2017,1,1,2017,2017,1,0,0,True,False,0,1,23,0.0,0,0,0.0,0,0,1,0,1,0,2,0,7695.0,Xiuying Yu,,Xiuying Yu
7697,2017,2017,1,1,2017,2017,1,0,0,True,False,0,1,23,0.0,0,0,0.0,0,0,1,0,1,0,2,0,7697.0,Na Du,,Na Du
7698,2017,2017,1,1,2017,2017,1,0,0,True,False,0,1,23,0.0,0,0,0.0,0,0,1,0,1,0,1,0,7698.0,Yang Wang,,Yang Wang
7699,2004,2023,2,2,,,2,,19,True,False,0,2,,0.0,1,0,0.15789473684210525,0,0,2,0,2,0,2,0,7699.0,Li Ye,,Li Ye
7701,2026,2026,1,1,,,1,,0,True,True,0,2,,0.0,1,0,0.0,0,0,2,0,2,0,2,0,7701.0,Harri Oderwald,,Harri Oderwald
7702,2017,2026,2,2,2026,2026,1,9,9,True,False,0,3,14,0.0,1,0,0.5555555555555556,0,0,3,0,3,0,1,0,7702.0,Cynthia Monroe,,Cynthia Monroe
7703,2026,2026,1,1,,,1,,0,True,True,0,2,,0.0,1,0,0.0,0,0,2,0,2,0,1,0,7703.0,Kick van Geffen,,Kick van Geffen
7704,2026,2026,1,1,,,1,,0,True,True,0,2,,0.0,1,0,0.0,0,0,2,0,2,0,1,0,7704.0,Roy Dominguez,,Roy Dominguez
7708,1997,1997,1,1,,,1,,0,True,False,0,0,,0.0,0,0,0.0,0,0,0,0,0,0,3,0,7708.0,Pamela Graham,,Pamela Graham
7710,2004,2004,2,2,,,1,,0,True,False,0,2,,0.0,2,0,0.0,0,0,1,0,1,0,1,0,7710.0,Gundi Barkholz,,Gundi Barkholz
7711,2004,2004,1,1,,,1,,0,True,False,0,0,,0.0,2,0,0.0,0,0,1,0,1,0,2,0,7711.0,Yesenia Tyler,,Yesenia Tyler
7715,2020,2020,1,1,,,1,,0,True,False,0,1,,0.0,0,0,0.0,0,0,0,0,0,1,1,0,7715.0,Roger Morgan,,Roger Morgan
7716,2020,2020,1,1,,,1,,0,True,False,0,1,,0.0,0,0,0.0,0,0,0,0,0,1,1,0,7716.0,Guiying Ma,,Guiying Ma
7717,2020,2020,1,1,,,1,,0,True,False,0,1,,0.0,0,0,0.0,0,0,0,0,0,1,1,0,7717.0,Ming Yuan,,Ming Yuan
7718,2020,2020,2,2,,,2,,0,True,False,0,2,,0.0,1,0,0.0,0,0,1,0,1,1,2,0,7718.0,Jing Yi,,Jing Yi
7719,2020,2020,1,1,,,1,,0,True,False,0,1,,0.0,0,0,0.0,0,0,0,0,0,1,1,0,7719.0,Fang Xia,,Fang Xia
7725,1997,1997,1,1,1997,1997,1,0,0,True,False,0,0,43,0.0,0,0,0.0,0,0,0,0,0,0,1,0,7725.0,Jon Peters,,Jon Peters
7728,2013,2018,2,2,,,2,,5,True,False,0,1,,0.0,0,0,0.0,0,0,1,0,1,0,1,0,7728.0,Ian Foster,,Ian Foster
7730,2020,2020,1,0,,,1,,0,True,False,0,0,,0.0,1,0,0.0,0,0,1,0,1,0,1,0,7730.0,Emmanuelle Leleu,Sovereign,Sovereign
7731,2001,2020,2,1,,,2,,19,True,False,0,0,,0.0,1,0,0.2631578947368421,0,0,3,0,3,0,2,0,7731.0,Astrid Gomes,,Astrid Gomes
7732,2020,2020,1,0,,,1,,0,True,False,0,0,,0.0,1,0,0.0,0,0,1,0,1,0,1,0,7732.0,Gilles Peltier-Rocher,,Gilles Peltier-Rocher
7735,2012,2022,2,2,,,2,,10,True,False,0,1,,0.0,0,0,0.0,0,0,2,0,2,0,2,0,7735.0,Joseph Jackson,,Joseph Jackson
7737,2021,2021,1,1,,,1,,0,True,False,0,4,,0.0,0,0,0.0,0,0,1,0,1,1,1,0,7737.0,Yan Chang,,Yan Chang
7738,2021,2021,1,1,,,1,,0,True,False,0,4,,0.0,0,0,0.0,0,0,1,0,1,1,3,0,7738.0,Joshua Chase,,Joshua Chase
7742,2029,2029,1,1,,,1,,0,True,True,0,1,,0.0,0,0,0.0,0,0,1,0,1,0,2,0,7742.0,Chao Kong,,Chao Kong
7743,2029,2029,1,1,,,1,,0,True,True,0,1,,0.0,0,0,0.0,0,0,1,0,1,0,1,0,7743.0,Adrien Gaudin,,Adrien Gaudin
7744,2029,2029,1,1,,,1,,0,True,True,0,1,,0.0,0,0,0.0,0,0,1,0,1,0,1,0,7744.0,David Knox,,David Knox
7745,2029,2029,1,1,,,1,,0,True,True,0,1,,0.0,0,0,0.0,0,0,1,0,1,0,1,0,7745.0,Adrienne Godard,,Adrienne Godard
7746,2029,2029,1,1,,,1,,0,True,True,0,1,,0.0,0,0,0.0,0,0,1,0,1,0,1,0,7746.0,Allison Marshall,,Allison Marshall
7749,2028,2028,1,1,,,1,,0,True,True,0,2,,0.0,0,0,0.0,0,0,1,0,1,0,1,0,7749.0,Joseph Roman,Orpheon's Dream,Orpheon's Dream
7750,2028,2028,1,1,,,1,,0,True,True,0,2,,0.0,0,0,0.0,0,0,1,0,1,0,1,0,7750.0,Jennifer Hart,,Jennifer Hart
7751,2028,2028,1,1,,,1,,0,True,True,0,2,,0.0,0,0,0.0,0,0,1,0,1,0,2,0,7751.0,Erik Huang Jr.,,Erik Huang Jr.
7753,2023,2023,1,1,,,1,,0,True,False,0,1,,0.0,1,0,0.0,0,0,1,0,1,0,1,0,7753.0,Xiulan Liao,,Xiulan Liao
7755,2007,2007,1,1,,,1,,0,True,False,0,0,,0.0,0,0,0.0,0,0,1,0,1,0,1,0,7755.0,Michelle Eaton,,Michelle Eaton
7756,2007,2007,1,1,,,1,,0,True,False,0,0,,0.0,0,0,0.0,0,0,1,0,1,0,1,0,7756.0,Jessica Lucas,,Jessica Lucas
7757,2007,2007,1,1,,,1,,0,True,False,0,0,,0.0,0,0,0.0,0,0,1,0,1,0,1,0,7757.0,Christopher Owens,,Christopher Owens
7758,2007,2007,1,1,,,1,,0,True,False,0,0,,0.0,0,0,0.0,0,0,1,0,1,0,1,0,7758.0,Jill Reynolds,,Jill Reynolds
7762,2010,2023,2,2,2023,2023,1,13,13,True,False,0,1,17,0.0,0,0,0.0,0,0,4,0,4,0,3,0,7762.0,Taichi Watanabe,,Taichi Watanabe
7764,2027,2027,1,1,,,1,,0,True,True,0,3,,0.0,0,0,0.0,0,0,0,0,0,1,1,0,7764.0,Jing Qian,,Jing Qian
7770,2021,2021,1,1,,,1,,0,True,False,0,1,,0.0,0,0,0.0,0,0,1,0,1,0,1,0,7770.0,Yan Wu,,Yan Wu
7771,2021,2021,1,1,,,1,,0,True,False,0,1,,0.0,0,0,0.0,0,0,1,0,1,0,1,0,7771.0,Janet Hunter,,Janet Hunter
7772,2021,2021,1,1,,,1,,0,True,False,0,1,,0.0,0,0,0.0,0,0,1,0,1,0,2,0,7772.0,Lei Yi,,Lei Yi
7774,2019,2029,2,2,,,2,,10,True,False,0,11,,0.0,0,0,0.0,0,0,2,0,2,2,3,0,7774.0,Claudia Lee,,Claudia Lee
7779,2004,2004,2,2,,,2,,0,True,False,0,1,,0.0,2,0,0.0,0,0,2,0,2,1,2,0,7779.0,José Berger,,José Berger
7780,2004,2004,1,1,,,1,,0,True,False,0,0,,0.0,2,0,0.0,0,0,2,0,2,0,1,0,7780.0,Justus Hornig,,Justus Hornig
7781,2004,2004,1,1,,,1,,0,True,False,0,0,,0.0,2,0,0.0,0,0,2,0,2,0,1,0,7781.0,Henny Caspar,,Henny Caspar
7783,2028,2028,1,1,,,1,,0,True,True,0,2,,0.0,0,0,0.0,0,0,2,0,2,0,2,0,7783.0,Lei Jiang, BLVE, BLVE
7784,2028,2028,1,1,,,1,,0,True,True,0,2,,0.0,0,0,0.0,0,0,2,0,2,0,1,0,7784.0,Sarah Caldwell,Solenne,Solenne
7785,2028,2028,1,1,,,1,,0,True,True,0,2,,0.0,0,0,0.0,0,0,2,0,2,0,2,0,7785.0,Stephanie Gray,,Stephanie Gray
7789,2026,2026,1,1,,,1,,0,True,True,0,2,,0.0,0,0,0.0,0,0,1,0,1,0,1,0,7789.0,Qiang Mao,,Qiang Mao
7790,2026,2028,2,2,2028,2028,2,2,2,True,True,0,3,12,0.0,2,0,3.0,0,0,1,0,1,0,2,0,7790.0,Horst-Dieter Schleich,,Horst-Dieter Schleich
7791,2023,2026,2,2,,,2,,3,True,False,0,6,,0.0,0,0,1.3333333333333333,0,0,2,0,2,0,1,2,7791.0,Na Jia,,Na Jia
7792,2026,2026,1,1,,,1,,0,True,True,0,2,,0.0,0,0,0.0,0,0,1,0,1,0,1,0,7792.0,Wei Jia,,Wei Jia
7794,2023,2023,1,1,,,1,,0,True,False,0,1,,0.0,0,0,0.0,0,0,0,0,0,0,1,0,7794.0,Jing Zou,,Jing Zou
7795,2023,2023,1,1,,,1,,0,True,False,0,1,,0.0,0,0,0.0,0,0,0,0,0,0,1,0,7795.0,Chao Guo,,Chao Guo
7796,2023,2023,1,1,,,1,,0,True,False,0,1,,0.0,0,0,0.0,0,0,0,0,0,0,1,0,7796.0,Xiulan Han,,Xiulan Han
7800,1992,2007,3,3,,,2,,15,True,False,0,2,,0.0,0,0,0.06666666666666667,0,0,4,0,4,0,3,0,7800.0,Yui Fukuda, Charlie Gray, Charlie Gray
7802,1992,1992,1,1,,,1,,0,True,False,0,0,,0.0,1,0,0.0,0,0,1,0,1,0,1,0,7802.0,Maaya Ishikawa,,Maaya Ishikawa
7805,2020,2020,1,1,,,1,,0,True,False,0,2,,0.0,4,0,0.0,0,0,1,0,1,0,1,0,7805.0,Min Deng,,Min Deng
7807,2020,2020,1,1,,,1,,0,True,False,0,2,,0.0,4,0,0.0,0,0,1,0,1,0,1,0,7807.0,Na Bai,,Na Bai
7808,2020,2020,1,1,,,1,,0,True,False,0,2,,0.0,4,0,0.0,0,0,1,0,1,0,1,0,7808.0,Tara Ortiz,,Tara Ortiz
7809,2020,2020,1,1,,,1,,0,True,False,0,2,,0.0,4,0,0.0,0,0,1,0,1,0,1,0,7809.0,Chao Qian,,Chao Qian
7811,2028,2028,1,1,,,1,,0,True,True,0,3,,0.0,0,0,0.0,0,0,1,0,1,0,1,0,7811.0,Min Wang,,Min Wang
7812,2028,2028,1,1,,,1,,0,True,True,0,3,,0.0,0,0,0.0,0,0,1,0,1,0,1,0,7812.0,Wei Zheng,,Wei Zheng
7813,2028,2028,1,1,,,1,,0,True,True,0,3,,0.0,0,0,0.0,0,0,1,0,1,0,1,0,7813.0,Yan Long,,Yan Long
7814,2028,2028,1,1,,,1,,0,True,True,0,3,,0.0,0,0,0.0,0,0,1,0,1,0,1,0,7814.0,Ming Shao,,Ming Shao
7815,2028,2028,1,1,,,1,,0,True,True,0,3,,0.0,0,0,0.0,0,0,1,0,1,0,1,0,7815.0,Xia Fu,,Xia Fu
7816,2028,2028,1,1,,,1,,0,True,True,0,3,,0.0,0,0,0.0,0,0,1,0,1,0,1,0,7816.0,Xia Ma,,Xia Ma
7817,2028,2028,1,1,,,1,,0,True,True,0,3,,0.0,0,0,0.0,0,0,1,0,1,0,2,0,7817.0,Yan Yu,,Yan Yu
7818,2028,2028,1,1,,,1,,0,True,True,0,3,,0.0,0,0,0.0,0,0,1,0,1,0,1,0,7818.0,Yang Zhang,,Yang Zhang
7820,2028,2028,1,1,,,1,,0,True,True,0,3,,0.0,0,0,0.0,0,0,1,0,1,0,1,0,7820.0,Chao Zhou,,Chao Zhou
7822,2023,2023,1,1,,,1,,0,True,False,0,1,,0.0,0,0,0.0,0,0,1,0,1,1,2,0,7822.0,Kenneth Ross,,Kenneth Ross
7825,2023,2023,1,1,,,1,,0,True,False,0,1,,0.0,0,0,0.0,0,0,1,0,1,1,1,0,7825.0,Naoto Suzuki,,Naoto Suzuki
7827,2026,2026,1,1,,,1,,0,True,True,0,3,,0.0,2,0,0.0,0,0,1,0,1,2,3,0,7827.0,Ritvik Raman,,Ritvik Raman
7829,2023,2024,2,2,,,2,,1,True,False,0,3,,0.0,0,0,0.0,0,0,1,0,1,0,2,0,7829.0,Whitney Taylor,,Whitney Taylor
7832,2016,2016,1,1,2016,2016,1,0,0,True,False,0,0,24,0.0,0,0,0.0,0,0,2,0,2,0,1,0,7832.0,Justin Mcclain,,Justin Mcclain
7834,2016,2016,1,1,2016,2016,1,0,0,True,False,0,0,24,0.0,0,0,0.0,0,0,2,0,2,0,1,0,7834.0,Alan Mcclain,,Alan Mcclain
7835,2016,2016,1,1,2016,2016,1,0,0,True,False,0,0,24,0.0,0,0,0.0,0,0,2,0,2,0,1,0,7835.0,Ashley Williams,,Ashley Williams
7840,2020,2020,1,1,,,1,,0,True,False,0,1,,0.0,1,0,0.0,0,0,1,0,1,0,1,1,7840.0,Chao Ding, Maya Star, Maya Star
7841,2020,2020,1,1,,,1,,0,True,False,0,1,,0.0,1,0,0.0,0,0,1,0,1,0,2,1,7841.0,Fang Wei,,Fang Wei
7843,2026,2029,2,2,2026,2026,1,0,3,True,True,0,10,14,0.0,1,0,0.0,0,0,1,0,1,1,2,0,7843.0,Jun Liang,,Jun Liang
7846,2017,2017,1,1,2030,2030,1,13,0,True,False,0,0,10,0.0,0,0,0.0,0,0,2,0,2,0,1,0,7846.0,Xiuying Yuan,,Xiuying Yuan
7848,2017,2017,1,1,2030,2030,1,13,0,True,False,0,0,10,0.0,0,0,0.0,0,0,2,0,2,0,1,0,7848.0,Wei Huang,,Wei Huang
7849,2017,2017,1,1,2030,2030,1,13,0,True,False,0,0,10,0.0,0,0,0.0,0,0,2,0,2,0,1,0,7849.0,Tao Xie,,Tao Xie
7852,2014,2018,3,3,2017,2018,3,3,4,True,False,0,1,22,0.0,5,0,1.6538461538461535,0,0,1,1,2,0,1,0,7852.0,Li Zeng,,Li Zeng
7853,2013,2014,2,2,,,2,,1,True,False,0,1,,0.0,6,0,5.0,0,0,1,0,1,0,1,0,7853.0,Terrance Parker PhD,,Terrance Parker PhD
7855,2028,2028,1,1,2028,2028,1,0,0,True,True,0,1,12,0.0,0,0,0.0,0,0,0,0,0,0,1,0,7855.0,Mojmír Hruška,,Mojmír Hruška
7856,2028,2028,1,1,2028,2028,1,0,0,True,True,0,1,12,0.0,0,0,0.0,0,0,0,0,0,0,2,0,7856.0,Aleksander Grześków,,Aleksander Grześków
7857,2028,2028,1,1,2028,2028,1,0,0,True,True,0,1,12,0.0,0,0,0.0,0,0,0,0,0,0,1,0,7857.0,Xiuying Mo,,Xiuying Mo
7862,2023,2025,2,1,2023,2023,2,0,2,True,False,0,3,17,0.0,2,0,1.0,0,0,1,0,1,0,1,0,7862.0,Annunziata Bertoli-Ruberto,,Annunziata Bertoli-Ruberto
7864,1997,2028,4,4,,,3,,31,True,False,0,3,,0.0,1,0,0.28013029315960913,0,0,2,0,2,0,1,0,7864.0,Pénélope du Cohen,,Pénélope du Cohen
7865,2013,2026,2,2,,,2,,13,True,False,0,2,,0.0,2,0,0.38461538461538464,0,0,1,0,1,0,2,0,7865.0,Margaret Martin,,Margaret Martin
7867,2013,2013,1,1,,,1,,0,True,False,0,3,,0.0,0,0,0.0,0,0,1,0,1,0,2,0,7867.0,Frank Bonilla,,Frank Bonilla
7868,2023,2023,1,1,,,1,,0,True,False,0,1,,0.0,0,0,0.0,0,0,2,0,2,0,1,0,7868.0,Robert Jefferson,,Robert Jefferson
7869,2023,2023,1,1,,,1,,0,True,False,0,1,,0.0,0,0,0.0,0,0,2,0,2,0,1,0,7869.0,Sabrina Marquez,,Sabrina Marquez
7874,2027,2027,1,1,2027,2027,1,0,0,True,True,0,2,13,0.0,0,0,0.0,0,0,1,0,1,0,1,0,7874.0,Franck du Mercier,,Franck du Mercier
7875,2027,2027,1,1,2027,2027,1,0,0,True,True,0,2,13,0.0,0,0,0.0,0,0,1,0,1,0,2,0,7875.0,William Ruiz,,William Ruiz
7877,2027,2027,1,1,2027,2027,1,0,0,True,True,0,6,13,0.0,0,0,0.0,0,0,2,0,2,0,1,3,7877.0,Ming Du,,Ming Du
7878,2025,2027,2,2,2027,2027,2,2,2,True,True,0,6,13,0.0,1,0,1.5,0,0,3,0,3,0,1,3,7878.0,Morgan Hernandez,,Morgan Hernandez
7879,2025,2027,2,2,2027,2027,2,2,2,True,True,0,6,13,0.0,1,0,1.5,0,0,3,0,3,0,1,3,7879.0,Ping Shao,,Ping Shao
7880,2017,2017,1,1,,,1,,0,True,False,0,1,,0.0,0,0,0.0,0,0,1,0,1,0,2,0,7880.0,Yang Liang,,Yang Liang
7881,2027,2027,1,1,2027,2027,1,0,0,True,True,0,6,13,0.0,0,0,0.0,0,0,2,0,2,0,2,3,7881.0,Patricia Pope,,Patricia Pope
7883,1987,2017,2,2,1987,1987,2,0,30,True,False,0,0,53,0.0,0,0,0.0,0,0,3,0,3,0,1,0,7883.0,Rati Deo,,Rati Deo
7884,2018,2018,1,1,,,1,,0,True,False,0,1,,0.0,0,0,0.0,0,0,2,0,2,0,3,0,7884.0,Zeeshan Dora,,Zeeshan Dora
7887,2017,2022,3,3,2022,2022,2,5,5,True,False,0,5,18,0.0,1,0,0.6052631578947368,0,0,4,0,4,2,2,0,7887.0,Marianne Sanchez-Hebert,,Marianne Sanchez-Hebert
7888,2017,2022,3,3,2022,2022,2,5,5,True,False,0,5,18,0.0,1,0,0.6052631578947368,0,0,4,0,4,2,1,0,7888.0,Corinne du Bazin,,Corinne du Bazin
7892,1995,1995,1,1,,,1,,0,True,False,0,1,,0.0,0,0,0.0,0,0,1,0,1,0,2,0,7892.0,Antoinette Bertin,,Antoinette Bertin
7895,2017,2029,3,2,,,3,,12,True,False,0,4,,0.0,3,0,0.36842105263157904,0,0,4,0,4,1,1,2,7895.0,Gang Yang,,Gang Yang
7896,2029,2029,1,0,,,1,,0,True,True,0,2,,0.0,1,0,0.0,0,0,2,0,2,1,1,0,7896.0,Li Chang,,Li Chang
7899,2014,2014,1,1,,,1,,0,True,False,0,2,,0.0,1,0,0.0,0,0,2,0,2,0,1,0,7899.0,Min Ren,,Min Ren
7900,2014,2014,1,1,,,1,,0,True,False,0,2,,0.0,1,0,0.0,0,0,2,0,2,0,2,0,7900.0,Rachel Stein,,Rachel Stein
7903,2017,2017,1,1,,,1,,0,True,False,0,2,,0.0,0,0,0.0,0,0,1,0,1,1,1,0,7903.0,Jie Su,,Jie Su
7904,2017,2017,1,1,,,1,,0,True,False,0,2,,0.0,0,0,0.0,0,0,1,0,1,1,1,0,7904.0,Yang Xie,,Yang Xie
7905,2017,2017,1,1,,,1,,0,True,False,0,2,,0.0,0,0,0.0,0,0,1,0,1,1,1,0,7905.0,Tao Tao,,Tao Tao
7912,2023,2023,1,1,,,1,,0,True,False,0,2,,0.0,1,0,0.0,0,0,1,0,1,1,1,0,7912.0,Jie Xia,,Jie Xia
7915,2007,2014,2,2,,,1,,7,True,False,0,1,,0.0,2,0,0.5714285714285714,1,0,3,0,3,0,1,0,7915.0,Min He,,Min He
7916,2007,2024,3,3,,,1,,17,True,False,0,2,,0.0,1,0,0.3424657534246575,1,0,3,0,3,1,1,0,7916.0,Yong Qian,,Yong Qian
7917,2007,2007,1,1,,,1,,0,True,False,0,0,,0.0,2,0,0.0,0,0,1,0,1,0,1,0,7917.0,Ming Qiao,,Ming Qiao
7919,2020,2020,1,0,,,1,,0,True,False,0,2,,0.0,0,0,0.0,0,0,1,0,1,1,1,0,7919.0,Qiang Peng,,Qiang Peng
7921,2010,2010,1,1,,,1,,0,True,False,0,2,,0.0,2,0,0.0,0,0,2,0,2,0,1,0,7921.0,Min Zheng,,Min Zheng
7924,2020,2020,1,1,,,1,,0,True,False,0,1,,0.0,2,0,0.0,0,0,1,0,1,0,1,0,7924.0,Lauren Schmitt,,Lauren Schmitt
7925,2020,2020,1,1,,,1,,0,True,False,0,1,,0.0,2,0,0.0,0,0,1,0,1,0,2,0,7925.0,Tracy Wright,,Tracy Wright
7927,2020,2020,1,1,,,1,,0,True,False,0,1,,0.0,2,0,0.0,0,0,1,0,1,0,1,0,7927.0,Edwin Crosby,,Edwin Crosby
7930,2025,2025,1,1,,,1,,0,True,True,0,1,,0.0,1,0,0.0,0,0,0,0,0,0,2,0,7930.0,Fang Ma,,Fang Ma
7931,2025,2025,1,1,,,1,,0,True,True,0,1,,0.0,1,0,0.0,0,0,0,0,0,0,1,0,7931.0,Lei Wan,,Lei Wan
7932,2025,2025,1,1,,,1,,0,True,True,0,1,,0.0,1,0,0.0,0,0,0,0,0,0,1,0,7932.0,Ming Wang,,Ming Wang
7933,2025,2025,1,1,,,1,,0,True,True,0,1,,0.0,1,0,0.0,0,0,0,0,0,0,1,0,7933.0,Xiuying Zhang,,Xiuying Zhang
7937,2021,2028,6,6,2025,2025,2,4,7,True,False,0,21,15,0.0,1,0,1.0,0,0,2,0,2,1,1,0,7937.0,Na Zhou,,Na Zhou
7941,2025,2029,2,2,,,1,,4,True,True,0,2,,0.0,0,0,0.0,0,0,2,0,2,0,1,0,7941.0,Jun Wei,,Jun Wei
7945,2000,2000,1,1,,,1,,0,True,False,0,1,,0.0,0,0,0.0,0,0,1,0,1,0,2,0,7945.0,Samaira Borah,,Samaira Borah
7948,2013,2013,1,1,,,1,,0,True,False,0,0,,0.0,0,0,0.0,0,0,1,0,1,0,1,0,7948.0,Paola Täsche,,Paola Täsche
7950,2029,2029,1,1,,,1,,0,True,True,0,3,,0.0,0,0,0.0,0,0,1,0,1,1,1,0,7950.0,Fernanda Lamborghini,,Fernanda Lamborghini
7951,2029,2029,1,1,,,1,,0,True,True,0,3,,0.0,0,0,0.0,0,0,1,0,1,1,1,0,7951.0,Sonia Innocenti-Gasperi,,Sonia Innocenti-Gasperi
7952,2029,2029,1,1,,,1,,0,True,True,0,3,,0.0,0,0,0.0,0,0,1,0,1,1,1,0,7952.0,Donatello Schiaparelli,,Donatello Schiaparelli
7953,2029,2029,1,1,,,1,,0,True,True,0,3,,0.0,0,0,0.0,0,0,1,0,1,1,1,0,7953.0,Paloma Merisi,,Paloma Merisi
7954,2029,2029,1,1,,,1,,0,True,True,0,3,,0.0,0,0,0.0,0,0,1,0,1,1,2,0,7954.0,Greco Duse-Liverotti,,Greco Duse-Liverotti
7956,2026,2026,1,1,,,1,,0,True,True,0,2,,0.0,2,0,0.0,0,0,1,0,1,1,2,0,7956.0,Jie Ye,,Jie Ye
7957,2026,2026,2,2,,,2,,0,True,True,0,3,,0.0,2,0,0.0,0,0,1,0,1,1,1,0,7957.0,Xia Bai,,Xia Bai
7959,2023,2023,1,1,,,1,,0,True,False,0,3,,0.0,1,0,0.0,0,0,1,0,1,0,2,0,7959.0,Kaja Juroszek,,Kaja Juroszek
7960,2023,2023,1,1,,,1,,0,True,False,0,3,,0.0,1,0,0.0,0,0,1,0,1,0,1,0,7960.0,Dagmara Smorąg,,Dagmara Smorąg
7962,2026,2026,1,1,,,1,,0,True,True,0,3,,0.0,2,0,0.0,0,0,1,0,1,1,1,0,7962.0,Xia Su,,Xia Su
7965,2000,2000,2,2,2007,2007,1,7,0,True,False,0,4,33,0.0,0,0,0.0,0,0,1,0,1,0,2,0,7965.0,Nirvi Chahal,,Nirvi Chahal
7968,2015,2027,2,2,,,2,,12,True,False,0,2,,0.0,3,0,0.08333333333333333,0,0,2,0,2,0,1,0,7968.0,Qiang Fan,,Qiang Fan
7970,2023,2023,1,1,,,1,,0,True,False,0,4,,0.0,1,0,0.0,0,0,2,0,2,2,1,0,7970.0,Jeremy Bryant,,Jeremy Bryant
7972,2017,2017,1,1,,,1,,0,True,False,0,4,,0.0,1,0,0.0,0,0,1,0,1,0,1,0,7972.0,Bradley Small, Brooks, Brooks
7973,2017,2017,1,1,,,1,,0,True,False,0,4,,0.0,1,0,0.0,0,0,1,0,1,0,2,0,7973.0,Na Guo,,Na Guo
7975,2017,2017,1,1,,,1,,0,True,False,0,4,,0.0,1,0,0.0,0,0,1,0,1,0,1,0,7975.0,Miki Kondo,,Miki Kondo
7976,2017,2029,2,1,,,2,,12,True,False,0,6,,0.0,1,0,0.08333333333333333,0,0,2,0,2,0,1,0,7976.0,Wei Wan,,Wei Wan
7978,2003,2014,2,2,,,2,,11,True,False,0,1,,0.0,1,0,0.0,0,0,2,0,2,0,2,0,7978.0,Anto Hornich,,Anto Hornich
7981,2023,2023,1,1,,,1,,0,True,False,0,1,,0.0,0,0,0.0,0,0,2,0,2,0,1,0,7981.0,Vivaan Kala,,Vivaan Kala
7984,2024,2024,1,1,,,1,,0,True,False,0,2,,0.0,0,0,0.0,0,0,2,0,2,0,1,2,7984.0,Jing Long,,Jing Long
7985,2024,2024,1,1,,,1,,0,True,False,0,2,,0.0,0,0,0.0,0,0,2,0,2,0,1,2,7985.0,Xiuying Xiang,,Xiuying Xiang
7986,2024,2024,1,1,,,1,,0,True,False,0,2,,0.0,0,0,0.0,0,0,2,0,2,0,2,2,7986.0,Tao Qin,,Tao Qin
7988,2009,2009,1,1,,,1,,0,True,False,0,1,,0.0,0,0,0.0,0,0,1,0,1,0,2,0,7988.0,Noah Shaw,,Noah Shaw
7989,2025,2025,1,1,,,1,,0,True,True,0,4,,0.0,0,0,0.0,0,0,2,0,2,1,3,0,7989.0,Fabian Dłubak,,Fabian Dłubak
7991,2025,2025,1,1,,,1,,0,True,True,0,1,,0.0,1,0,0.0,0,0,2,0,2,0,1,0,7991.0,Jie Lai,,Jie Lai
7992,2025,2029,2,2,,,2,,4,True,True,0,2,,0.0,1,0,1.0,0,0,3,0,3,0,1,0,7992.0,Na Zeng,,Na Zeng
7993,2023,2023,1,0,,,1,,0,True,False,0,1,,0.0,0,0,0.0,0,0,0,0,0,0,2,0,7993.0,Qiang Cheng,,Qiang Cheng
7995,2017,2017,1,1,,,1,,0,True,False,0,0,,0.0,0,0,0.0,0,0,1,0,1,0,1,0,7995.0,Guiying Qin,,Guiying Qin
7996,2017,2017,1,1,,,1,,0,True,False,0,0,,0.0,0,0,0.0,0,0,1,0,1,0,1,0,7996.0,Gang Yu,,Gang Yu
7997,2017,2017,1,1,,,1,,0,True,False,0,0,,0.0,0,0,0.0,0,0,1,0,1,0,1,0,7997.0,Max Howard,,Max Howard
8001,2025,2025,1,1,,,1,,0,True,True,0,2,,0.0,0,0,0.0,0,0,0,0,0,1,1,0,8001.0,Saksham Borra,,Saksham Borra
8002,2025,2025,1,1,,,1,,0,True,True,0,2,,0.0,0,0,0.0,0,0,0,0,0,1,1,0,8002.0,Amy Bright,,Amy Bright
8003,2025,2025,1,1,,,1,,0,True,True,0,2,,0.0,0,0,0.0,0,0,0,0,0,1,1,0,8003.0,Chelsea Blake,,Chelsea Blake
8007,2023,2023,1,1,,,1,,0,True,False,0,1,,0.0,0,0,0.0,0,0,1,0,1,1,2,0,8007.0,Qiang Kang,,Qiang Kang
8008,2018,2018,1,1,2018,2018,1,0,0,True,False,0,1,22,0.0,0,0,0.0,0,0,1,0,1,0,2,1,8008.0,Shlok Desai,,Shlok Desai
8010,2017,2017,1,1,,,1,,0,True,False,0,1,,0.0,0,0,0.0,0,0,2,0,2,0,2,0,8010.0,Guy Martel,,Guy Martel
8011,2001,2028,2,2,,,2,,27,True,False,0,1,,0.0,0,0,0.14814814814814814,0,0,3,0,3,0,1,0,8011.0,Baccio Muti,,Baccio Muti
8015,2026,2026,1,1,,,1,,0,True,True,0,2,,0.0,3,0,0.0,0,0,1,0,1,0,1,0,8015.0,Kelly Lopez,,Kelly Lopez
8016,2026,2026,1,1,,,1,,0,True,True,0,2,,0.0,3,0,0.0,0,0,1,0,1,0,1,0,8016.0,Gang Xie,,Gang Xie
8020,2020,2020,1,1,,,1,,0,True,False,0,0,,0.0,1,0,0.0,0,0,1,0,1,0,2,0,8020.0,Xiulan Ma,Luca West,Luca West
8022,2020,2020,1,1,,,1,,0,True,False,0,0,,0.0,1,0,0.0,0,0,1,0,1,0,1,0,8022.0,Qiang Chang,,Qiang Chang
8025,2026,2026,1,1,,,1,,0,True,True,0,1,,0.0,0,0,0.0,0,0,1,0,1,0,1,0,8025.0,Luigina Fibonacci-Caruso,,Luigina Fibonacci-Caruso
8026,2026,2026,1,1,,,1,,0,True,True,0,1,,0.0,0,0,0.0,0,0,1,0,1,0,2,0,8026.0,Cipriano Peranda,,Cipriano Peranda
8030,2013,2023,2,2,2013,2013,2,0,10,True,False,0,1,27,0.0,1,0,0.2,0,0,2,0,2,1,1,0,8030.0,Jing Meng,,Jing Meng
8032,2013,2013,1,1,2013,2013,1,0,0,True,False,0,0,27,0.0,0,0,0.0,0,0,2,0,2,0,1,0,8032.0,Jun Kong,,Jun Kong
8033,2013,2013,1,1,2013,2013,1,0,0,True,False,0,0,27,0.0,0,0,0.0,0,0,2,0,2,0,2,0,8033.0,Gang Chen,,Gang Chen
8036,2010,2010,1,1,2010,2010,1,0,0,True,False,0,0,30,0.0,1,0,0.0,0,0,2,0,2,0,2,0,8036.0,Miłosz Staciwa,,Miłosz Staciwa
8037,2010,2014,2,2,2010,2014,1,0,4,True,False,0,2,26,0.0,1,0,0.0,0,0,2,0,2,1,2,0,8037.0,Olga Kosałka,,Olga Kosałka
8039,2010,2010,1,1,,,1,,0,True,False,0,0,,0.0,1,0,0.0,0,0,1,0,1,0,1,0,8039.0,Paola Scheuermann,,Paola Scheuermann
8040,2010,2018,3,3,,,3,,8,True,False,0,2,,0.0,0,0,0.6538461538461536,0,0,2,0,2,0,1,0,8040.0,Gabor Salz,,Gabor Salz
8042,2010,2018,2,2,,,2,,8,True,False,0,1,,0.0,1,0,0.25,0,0,1,0,1,0,2,0,8042.0,Isabell Berger,,Isabell Berger
8043,2018,2018,1,1,,,1,,0,True,False,0,1,,0.0,1,0,0.0,0,0,1,0,1,0,2,0,8043.0,Nikola Nerger,,Nikola Nerger
8046,2026,2026,1,1,,,1,,0,True,True,0,1,,0.0,0,0,0.0,0,0,1,0,1,0,1,0,8046.0,Ming Shen,,Ming Shen
8047,2026,2026,1,1,,,1,,0,True,True,0,1,,0.0,0,0,0.0,0,0,1,0,1,0,1,0,8047.0,Ming Xiao,,Ming Xiao
8048,2026,2026,1,1,,,1,,0,True,True,0,1,,0.0,0,0,0.0,0,0,1,0,1,0,1,0,8048.0,Andrew Nolan,,Andrew Nolan
8051,1984,1984,1,0,,,1,,0,True,False,0,0,,0.0,0,0,0.0,0,0,1,0,1,0,2,0,8051.0,Thomas Lee,,Thomas Lee
8053,1984,1984,1,0,,,1,,0,True,False,0,0,,0.0,0,0,0.0,0,0,1,0,1,0,1,0,8053.0,Melissa Lucero,,Melissa Lucero
8054,1984,2030,3,2,,,3,,46,True,False,1,7,,0.0,0,0,0.09023668639053255,0,0,3,0,3,0,2,0,8054.0,Vasyl Jaroš,,Vasyl Jaroš
8057,2004,2004,1,1,,,1,,0,True,False,0,0,,0.0,0,0,0.0,0,0,1,0,1,0,2,0,8057.0,Ellen Riley,,Ellen Riley
8059,2025,2025,1,1,2025,2025,1,0,0,True,True,0,1,15,0.0,0,0,0.0,0,0,1,0,1,0,3,0,8059.0,Amanda Powell,,Amanda Powell
8061,2023,2023,1,1,,,1,,0,True,False,0,1,,0.0,2,0,0.0,0,0,1,0,1,0,2,0,8061.0,Nicole Bowers,,Nicole Bowers
8062,2023,2023,1,1,,,1,,0,True,False,0,1,,0.0,2,0,0.0,0,0,1,0,1,0,2,0,8062.0,Pam Cunningham,,Pam Cunningham
8063,2023,2023,1,1,,,1,,0,True,False,0,1,,0.0,2,0,0.0,0,0,1,0,1,0,2,0,8063.0,Na Zou,,Na Zou
8064,2023,2025,3,3,,,3,,2,True,False,0,5,,0.0,1,0,1.5,1,0,1,0,1,1,1,0,8064.0,Lei Gao,,Lei Gao
8066,2022,2027,2,1,,,1,,5,True,False,0,3,,0.0,0,0,0.0,0,0,1,0,1,1,1,0,8066.0,Lauren Thomas,,Lauren Thomas
8067,2013,2022,2,2,,,2,,9,True,False,0,4,,0.0,1,0,0.4444444444444444,0,0,2,0,2,1,2,0,8067.0,Gang Du,,Gang Du
8069,2022,2022,1,1,,,1,,0,True,False,0,1,,0.0,0,0,0.0,0,0,0,0,0,0,1,0,8069.0,Carrie Griffin,,Carrie Griffin
8070,2022,2022,1,1,,,1,,0,True,False,0,1,,0.0,0,0,0.0,0,0,0,0,0,0,1,0,8070.0,Yang Yin,,Yang Yin
8072,2022,2022,1,1,,,1,,0,True,False,0,1,,0.0,0,0,0.0,0,0,0,0,0,0,1,0,8072.0,Xia Han,,Xia Han
8073,2022,2022,1,1,,,1,,0,True,False,0,1,,0.0,0,0,0.0,0,0,0,0,0,0,1,0,8073.0,Xiulan Xue,,Xiulan Xue
8080,2010,2013,2,2,,,1,,3,True,False,0,1,,0.0,4,0,1.0,0,0,1,0,1,0,2,1,8080.0,Cesare Cicilia,,Cesare Cicilia
8082,2029,2029,1,1,,,1,,0,True,True,0,1,,0.0,0,0,0.0,0,0,1,0,1,1,1,0,8082.0,Cindy Hernandez,,Cindy Hernandez
8083,2029,2029,1,1,,,1,,0,True,True,0,1,,0.0,0,0,0.0,0,0,1,0,1,1,1,0,8083.0,Xiulan Yang,,Xiulan Yang
8084,2029,2029,1,1,,,1,,0,True,True,0,1,,0.0,0,0,0.0,0,0,1,0,1,1,1,0,8084.0,Kazuya Kobayashi,,Kazuya Kobayashi
8085,2029,2029,1,1,,,1,,0,True,True,0,1,,0.0,0,0,0.0,0,0,1,0,1,1,1,0,8085.0,Yong Zheng,,Yong Zheng
8088,2026,2026,1,1,,,1,,0,True,True,0,1,,0.0,0,0,0.0,0,0,0,0,0,0,1,0,8088.0,Tao Shen,,Tao Shen
8089,2026,2026,1,1,,,1,,0,True,True,0,1,,0.0,0,0,0.0,0,0,0,0,0,0,1,0,8089.0,Ping Xie,,Ping Xie
8090,2026,2026,1,1,,,1,,0,True,True,0,1,,0.0,0,0,0.0,0,0,0,0,0,0,1,0,8090.0,Yang Qiao,,Yang Qiao
8092,2026,2026,1,1,,,1,,0,True,True,0,1,,0.0,0,0,0.0,0,0,0,0,0,0,1,0,8092.0,Chao Bai,,Chao Bai
8097,2017,2017,1,1,,,1,,0,True,False,0,1,,0.0,0,0,0.0,0,0,0,0,0,0,2,0,8097.0,Marit Thies,,Marit Thies
8100,2017,2029,2,2,,,2,,12,True,False,0,2,,0.0,0,0,0.0,0,0,2,0,2,0,3,0,8100.0,Marc-Raymond Durand,,Marc-Raymond Durand
8101,2020,2029,2,2,,,2,,9,True,False,0,3,,0.0,0,0,0.2222222222222222,0,0,2,0,2,0,1,0,8101.0,Eugène Lemaire,,Eugène Lemaire
8102,2020,2029,2,2,,,2,,9,True,False,0,3,,0.0,0,0,0.2222222222222222,0,0,2,0,2,0,1,0,8102.0,Franck-Georges Delattre,,Franck-Georges Delattre
8105,2024,2024,1,1,2024,2024,1,0,0,True,False,0,1,16,0.0,0,0,0.0,0,0,1,0,1,0,1,0,8105.0,Nicolas Rodriguez,,Nicolas Rodriguez
8108,2020,2023,2,2,,,2,,3,True,False,0,4,,0.0,0,0,1.0,0,0,1,0,1,0,1,2,8108.0,Xiulan Dong,,Xiulan Dong
8109,2023,2023,1,1,,,1,,0,True,False,0,4,,0.0,0,0,0.0,0,0,1,0,1,0,2,2,8109.0,Xiuying Fan,,Xiuying Fan
8110,2020,2023,2,2,,,2,,3,True,False,0,4,,0.0,0,0,1.0,0,0,1,0,1,0,1,2,8110.0,Xiuying Zhang,,Xiuying Zhang
8111,2020,2020,1,1,,,1,,0,True,False,0,0,,0.0,0,0,0.0,0,0,1,0,1,0,2,0,8111.0,Xiuying Deng,,Xiuying Deng
8113,2021,2027,2,2,,,1,,6,True,False,0,1,,0.0,0,0,0.0,0,0,1,0,1,0,2,0,8113.0,Edward Henry,,Edward Henry
8116,1999,1999,1,1,,,1,,0,True,False,0,11,,0.0,0,0,0.0,0,0,2,0,2,1,1,0,8116.0,Samar Sarma,,Samar Sarma
8117,1999,1999,1,1,,,1,,0,True,False,0,11,,0.0,0,0,0.0,0,0,2,0,2,1,2,0,8117.0,Chao Peng,,Chao Peng
8119,2023,2023,1,1,,,1,,0,True,False,0,1,,0.0,1,0,0.0,0,0,1,0,1,0,1,0,8119.0,Elizabeth Walters,,Elizabeth Walters
8120,2023,2023,1,1,,,1,,0,True,False,0,1,,0.0,1,0,0.0,0,0,1,0,1,0,1,0,8120.0,Chao Xiong,,Chao Xiong
8121,2023,2023,1,1,,,1,,0,True,False,0,1,,0.0,1,0,0.0,0,0,1,0,1,0,2,0,8121.0,Gang Shao,,Gang Shao
8123,2029,2029,1,1,,,1,,0,True,True,0,3,,0.0,4,0,0.0,0,0,1,0,1,0,1,1,8123.0,Guiying Dong,,Guiying Dong
8124,2029,2029,1,1,,,1,,0,True,True,0,3,,0.0,4,0,0.0,0,0,1,0,1,0,1,1,8124.0,Yong Jia,,Yong Jia
8125,2029,2029,1,1,,,1,,0,True,True,0,3,,0.0,4,0,0.0,0,0,1,0,1,0,1,1,8125.0,Chao Yi,,Chao Yi
8126,2029,2029,1,1,,,1,,0,True,True,0,3,,0.0,4,0,0.0,0,0,1,0,1,0,1,1,8126.0,Li Huang,,Li Huang
8127,2029,2029,1,1,,,1,,0,True,True,0,3,,0.0,4,0,0.0,0,0,1,0,1,0,1,1,8127.0,Ming Yin,,Ming Yin
8128,2029,2029,1,1,,,1,,0,True,True,0,3,,0.0,4,0,0.0,0,0,1,0,1,0,1,1,8128.0,Yang Li,,Yang Li
8129,2026,2029,2,2,,,1,,3,True,True,0,4,,0.0,4,0,5.0,0,0,1,0,1,0,3,1,8129.0,Juan Fu,,Juan Fu
8130,2020,2029,3,3,,,1,,9,True,False,0,7,,0.0,3,0,2.2222222222222223,0,0,1,0,1,2,2,1,8130.0,Samuel Gutierrez,,Samuel Gutierrez
8131,2029,2029,1,1,,,1,,0,True,True,0,3,,0.0,4,0,0.0,0,0,1,0,1,0,1,1,8131.0,Ming Hu,,Ming Hu
8132,2029,2029,1,1,,,1,,0,True,True,0,3,,0.0,4,0,0.0,0,0,1,0,1,0,1,1,8132.0,Robert Rollins,,Robert Rollins
8133,2029,2029,1,1,,,1,,0,True,True,0,3,,0.0,4,0,0.0,0,0,1,0,1,0,2,1,8133.0,Ming Jiang,,Ming Jiang
8134,2017,2029,3,3,,,1,,12,True,False,0,5,,0.0,4,0,1.6666666666666665,0,0,1,0,1,0,1,1,8134.0,Wulf Lübs,,Wulf Lübs
8135,2029,2029,1,1,,,1,,0,True,True,0,3,,0.0,4,0,0.0,0,0,1,0,1,0,1,1,8135.0,Mike Rose,,Mike Rose
8136,2020,2029,3,3,,,1,,9,True,False,0,7,,0.0,3,0,2.2222222222222223,0,0,1,0,1,2,2,1,8136.0,Li Yang,,Li Yang
8139,2006,2006,1,0,,,1,,0,True,False,0,0,,0.0,0,0,0.0,0,0,2,0,2,0,1,0,8139.0,Dennis Hill PhD,,Dennis Hill PhD
8140,2006,2010,2,1,2010,2010,2,4,4,True,False,0,0,30,0.0,1,0,1.0,0,0,3,0,3,0,1,0,8140.0,Min Mo,,Min Mo
8141,2006,2006,1,0,,,1,,0,True,False,0,0,,0.0,0,0,0.0,0,0,2,0,2,0,1,0,8141.0,Yong Qiu,,Yong Qiu
8142,2006,2006,1,0,,,1,,0,True,False,0,0,,0.0,0,0,0.0,0,0,2,0,2,0,1,0,8142.0,Christine Robbins,,Christine Robbins
8143,2006,2006,1,0,,,1,,0,True,False,0,0,,0.0,0,0,0.0,0,0,2,0,2,0,2,0,8143.0,Min Yu,,Min Yu
8144,2006,2006,1,0,,,1,,0,True,False,0,0,,0.0,0,0,0.0,0,0,2,0,2,0,1,0,8144.0,Yong Lin,,Yong Lin
8145,2006,2006,1,0,,,1,,0,True,False,0,0,,0.0,0,0,0.0,0,0,2,0,2,0,1,0,8145.0,Gang Yu,,Gang Yu
8146,2006,2006,1,0,,,1,,0,True,False,0,0,,0.0,0,0,0.0,0,0,2,0,2,0,1,0,8146.0,Ming Hu,,Ming Hu
8149,2009,2009,1,0,,,1,,0,True,False,0,1,,0.0,0,0,0.0,0,0,1,0,1,0,1,1,8149.0,Lori Young,,Lori Young
8151,2009,2009,1,0,,,1,,0,True,False,0,1,,0.0,0,0,0.0,0,0,1,0,1,0,1,1,8151.0,Jennifer Alexander,,Jennifer Alexander
8152,2009,2009,1,0,,,1,,0,True,False,0,1,,0.0,0,0,0.0,0,0,1,0,1,0,1,1,8152.0,Sean Riggs,,Sean Riggs
8154,2020,2020,1,1,,,1,,0,True,False,0,2,,0.0,2,0,0.0,0,0,1,0,1,0,1,1,8154.0,Gang Wang,,Gang Wang
8155,2020,2020,1,1,,,1,,0,True,False,0,2,,0.0,2,0,0.0,0,0,1,0,1,0,1,1,8155.0,Evelyn Gordon,,Evelyn Gordon
8156,2007,2020,3,3,,,2,,13,True,False,0,9,,0.0,2,0,0.46153846153846156,0,0,3,0,3,1,2,1,8156.0,Wei Cheng,,Wei Cheng
8157,2020,2020,1,1,,,1,,0,True,False,0,2,,0.0,2,0,0.0,0,0,1,0,1,0,1,1,8157.0,Yan Hou,,Yan Hou
8158,2020,2029,3,3,2025,2025,3,5,9,True,False,0,4,15,0.0,2,0,1.0,0,0,5,0,5,1,1,1,8158.0,Jie Yan,,Jie Yan
8160,2021,2021,1,1,2021,2021,1,0,0,True,False,0,1,19,0.0,0,0,0.0,0,0,1,0,1,0,1,0,8160.0,Fang Wei,,Fang Wei
8164,2020,2020,1,1,,,1,,0,True,False,0,1,,0.0,0,0,0.0,0,0,1,0,1,0,2,0,8164.0,Lisa Fuentes,Arcane Serenade,Arcane Serenade
8165,2020,2020,1,1,,,1,,0,True,False,0,1,,0.0,0,0,0.0,0,0,1,0,1,0,1,0,8165.0,Juan Tao,Mikey James,Mikey James
8166,2020,2020,1,1,,,1,,0,True,False,0,1,,0.0,0,0,0.0,0,0,1,0,1,0,1,0,8166.0,Juan Su,,Juan Su
8167,2020,2020,1,1,,,1,,0,True,False,0,1,,0.0,0,0,0.0,0,0,1,0,1,0,1,0,8167.0,Juan Dong,,Juan Dong
8169,2000,2000,1,1,2000,2000,1,0,0,True,False,0,1,40,0.0,0,0,0.0,0,0,1,0,1,0,1,0,8169.0,Jacob Arnold,,Jacob Arnold
8170,2000,2000,1,1,2000,2000,1,0,0,True,False,0,1,40,0.0,0,0,0.0,0,0,1,0,1,0,1,0,8170.0,Latasha Watts,,Latasha Watts
8175,2020,2020,1,1,,,1,,0,True,False,0,0,,0.0,0,0,0.0,0,0,1,0,1,0,2,0,8175.0,Dawn Johnson,,Dawn Johnson
8176,2020,2020,1,1,,,1,,0,True,False,0,0,,0.0,0,0,0.0,0,0,1,0,1,0,2,0,8176.0,Melissa Wilson,,Melissa Wilson
8177,2023,2023,1,1,,,1,,0,True,False,0,1,,0.0,0,0,0.0,0,0,1,0,1,0,2,0,8177.0,Francisco Manning,,Francisco Manning
8180,2023,2023,1,1,,,1,,0,True,False,0,1,,0.0,0,0,0.0,0,0,1,0,1,0,1,0,8180.0,Jun Zou,,Jun Zou
8181,2014,2025,2,2,2014,2014,2,0,11,True,False,0,2,26,0.0,1,0,0.2727272727272727,0,0,1,0,1,1,2,0,8181.0,Gang Wan,,Gang Wan
8185,2029,2029,1,1,,,1,,0,True,True,0,4,,0.0,0,0,0.0,0,0,1,0,1,0,1,0,8185.0,Corrado Chinnici-Ferrabosco,,Corrado Chinnici-Ferrabosco
8186,2029,2029,1,1,,,1,,0,True,True,0,4,,0.0,0,0,0.0,0,0,1,0,1,0,1,0,8186.0,Wei Fan,,Wei Fan
8187,2029,2029,1,1,,,1,,0,True,True,0,4,,0.0,0,0,0.0,0,0,1,0,1,0,1,0,8187.0,Xiulan Liao,,Xiulan Liao
8188,2029,2029,1,1,,,1,,0,True,True,0,4,,0.0,0,0,0.0,0,0,1,0,1,0,1,0,8188.0,Jing Lu,,Jing Lu
8191,2013,2026,3,3,,,2,,13,True,False,0,5,,0.0,3,0,0.7969924812030077,0,0,1,1,2,3,1,0,8191.0,David Armstrong,Celestial Anomaly,Celestial Anomaly
8192,2013,2013,1,1,,,1,,0,True,False,0,1,,0.0,4,0,0.0,0,0,1,0,1,1,1,0,8192.0,Ryan Reynolds,Ariax,Ariax
8193,2013,2013,1,1,,,1,,0,True,False,0,1,,0.0,4,0,0.0,0,0,1,0,1,1,1,0,8193.0,Brian Moore,,Brian Moore
8194,2007,2017,3,3,2007,2007,1,0,10,True,False,0,3,33,0.0,3,0,1.3947368421052633,0,0,1,1,2,2,1,0,8194.0,Pamela Chan,,Pamela Chan
8195,2013,2013,1,1,,,1,,0,True,False,0,1,,0.0,4,0,0.0,0,0,1,0,1,1,1,0,8195.0,Kimberly Brown,,Kimberly Brown
8196,2007,2026,4,4,2007,2007,2,0,19,True,False,0,5,33,0.0,3,0,0.9973787680209698,0,0,1,1,2,3,1,0,8196.0,Amy Lee,,Amy Lee
8197,2013,2013,1,1,,,1,,0,True,False,0,1,,0.0,4,0,0.0,0,0,1,0,1,1,1,0,8197.0,Gary Chapman,,Gary Chapman
8198,2013,2013,1,1,,,1,,0,True,False,0,1,,0.0,4,0,0.0,0,0,1,0,1,1,1,0,8198.0,Robert Rodriguez,,Robert Rodriguez
8199,2013,2026,3,3,,,2,,13,True,False,0,5,,0.0,3,0,0.7969924812030077,0,0,1,1,2,3,3,0,8199.0,Samuel Robertson,,Samuel Robertson
8204,2023,2023,1,1,2023,2023,1,0,0,True,False,0,1,17,0.0,1,0,0.0,0,0,1,0,1,0,2,0,8204.0,Jing Lai,,Jing Lai
8205,2023,2023,1,1,2023,2023,1,0,0,True,False,0,1,17,0.0,1,0,0.0,0,0,1,0,1,0,1,0,8205.0,Xiuying Qiu,,Xiuying Qiu
8206,2023,2023,1,1,2023,2023,1,0,0,True,False,0,1,17,0.0,1,0,0.0,0,0,1,0,1,0,1,0,8206.0,Jie Zheng,,Jie Zheng
8208,2004,2004,1,1,,,1,,0,True,False,0,3,,0.0,0,0,0.0,0,0,1,0,1,0,2,0,8208.0,Igor Dyś,,Igor Dyś
8210,2010,2023,2,2,,,1,,13,True,False,0,5,,0.0,1,0,0.07692307692307693,0,0,2,0,2,1,2,0,8210.0,Léon Pasquier,,Léon Pasquier
8212,2009,2024,3,3,2009,2009,2,0,15,True,False,0,6,31,0.0,0,0,0.15384615384615385,0,0,4,0,4,0,2,0,8212.0,Wei Du,,Wei Du
8217,2026,2026,1,1,,,1,,0,True,True,0,2,,0.0,0,0,0.0,0,0,1,0,1,2,1,0,8217.0,Sarah Brown,,Sarah Brown
8218,2026,2026,1,1,,,1,,0,True,True,0,2,,0.0,0,0,0.0,0,0,1,0,1,2,1,0,8218.0,Christopher Clark,,Christopher Clark
8221,2028,2028,1,1,,,1,,0,True,True,0,1,,0.0,0,0,0.0,0,0,1,0,1,0,1,0,8221.0,Liliana Morellato,,Liliana Morellato
8222,2028,2028,1,1,,,1,,0,True,True,0,1,,0.0,0,0,0.0,0,0,1,0,1,0,2,0,8222.0,Miss Jeanette Marshall,,Miss Jeanette Marshall
8223,2028,2028,1,1,,,1,,0,True,True,0,1,,0.0,0,0,0.0,0,0,1,0,1,0,1,0,8223.0,Éric Louis-Lévy,,Éric Louis-Lévy
8224,2028,2028,1,1,,,1,,0,True,True,0,1,,0.0,0,0,0.0,0,0,1,0,1,0,1,0,8224.0,Lina Tirabassi,,Lina Tirabassi
8226,2020,2020,1,1,,,1,,0,True,False,0,4,,0.0,3,0,0.0,0,0,1,0,1,0,2,0,8226.0,Edward Parker,,Edward Parker
8227,2020,2020,1,1,,,1,,0,True,False,0,4,,0.0,3,0,0.0,0,0,1,0,1,0,1,0,8227.0,Christopher Pham,,Christopher Pham
8228,2020,2020,1,1,,,1,,0,True,False,0,4,,0.0,3,0,0.0,0,0,1,0,1,0,1,0,8228.0,John Bates,,John Bates
8229,2020,2020,1,1,,,1,,0,True,False,0,4,,0.0,3,0,0.0,0,0,1,0,1,0,1,0,8229.0,Emily Gonzalez,,Emily Gonzalez
8232,2010,2010,1,1,,,1,,0,True,False,0,1,,0.0,4,0,0.0,0,0,1,0,1,1,1,0,8232.0,Min Ye,,Min Ye
8234,2007,2010,2,2,,,1,,3,True,False,0,2,,0.0,2,0,1.3333333333333333,0,0,1,0,1,0,2,2,8234.0,Adèle Bonneau,,Adèle Bonneau
8235,2010,2010,1,1,,,1,,0,True,False,0,1,,0.0,2,0,0.0,0,0,1,0,1,0,1,1,8235.0,Édouard-Rémy Clerc,,Édouard-Rémy Clerc
8237,2017,2017,1,0,,,1,,0,True,False,0,0,,0.0,0,0,0.0,0,0,1,0,1,0,1,0,8237.0,Heinz-Josef Ritter, Rain, Rain
8238,2017,2017,1,0,,,1,,0,True,False,0,0,,0.0,0,0,0.0,0,0,1,0,1,0,1,0,8238.0,Cornelius Kabus,,Cornelius Kabus
8239,2017,2017,1,0,,,1,,0,True,False,0,0,,0.0,0,0,0.0,0,0,1,0,1,0,1,0,8239.0,Anni Bauer,,Anni Bauer
8240,2017,2017,1,0,,,1,,0,True,False,0,0,,0.0,0,0,0.0,0,0,1,0,1,0,2,0,8240.0,Friedo Eberhardt,,Friedo Eberhardt
8241,2017,2017,1,0,,,1,,0,True,False,0,0,,0.0,0,0,0.0,0,0,1,0,1,0,1,0,8241.0,Sepp Köhler,,Sepp Köhler
8244,2010,2010,1,0,,,1,,0,True,False,0,1,,0.0,1,0,0.0,0,0,2,0,2,0,1,0,8244.0,Dominique Letellier,,Dominique Letellier
8246,2019,2019,1,1,,,1,,0,True,False,0,1,,0.0,8,0,0.0,0,0,2,0,2,0,1,0,8246.0,Sheri Brooks,,Sheri Brooks
8248,2017,2028,8,8,2023,2028,3,6,11,True,False,0,26,12,0.0,16,0,5.251439539347409,1,0,3,1,4,6,1,0,8248.0,Rachel Jackson,,Rachel Jackson
8249,2019,2019,1,1,,,1,,0,True,False,0,1,,0.0,8,0,0.0,0,0,2,0,2,0,1,0,8249.0,David Stewart,,David Stewart
8250,2017,2029,7,6,2023,2023,4,6,12,True,False,0,21,17,0.0,16,0,4.167355371900826,0,0,4,1,5,3,2,0,8250.0,John Anderson,,John Anderson
8252,2017,2017,1,1,,,1,,0,True,False,0,3,,0.0,5,0,0.0,0,0,1,0,1,2,2,0,8252.0,Jie Lei,,Jie Lei
8253,2013,2017,3,3,,,3,,4,True,False,0,6,,0.0,5,0,2.25,0,0,2,1,3,3,1,0,8253.0,Yang Zhao,,Yang Zhao
8254,2017,2017,2,2,,,2,,0,True,False,0,3,,0.0,4,0,0.0,0,0,2,0,2,1,2,0,8254.0,Joseph Alvarado,,Joseph Alvarado
8255,2017,2017,2,2,,,2,,0,True,False,0,5,,0.0,6,0,0.0,0,0,1,0,1,3,1,0,8255.0,Jie Yi,,Jie Yi
8259,2023,2023,1,1,,,1,,0,True,False,0,1,,0.0,0,0,0.0,0,0,1,0,1,0,1,0,8259.0,Roman Doria,,Roman Doria
8260,2023,2023,1,1,,,1,,0,True,False,0,1,,0.0,0,0,0.0,0,0,1,0,1,0,1,0,8260.0,Greca Canali,,Greca Canali
8262,2017,2017,1,0,,,1,,0,True,False,0,0,,0.0,0,0,0.0,0,0,1,0,1,0,2,0,8262.0,Lorenzo Morabito,,Lorenzo Morabito
8264,2016,2022,3,3,,,1,,6,True,False,0,3,,0.0,6,0,3.3333333333333335,0,0,2,1,3,0,1,0,8264.0,Kelli Rodriguez,,Kelli Rodriguez
8265,2016,2022,4,4,,,1,,6,True,False,0,4,,0.0,7,0,5.44,0,0,2,1,3,0,1,0,8265.0,Ashley Cox PhD,,Ashley Cox PhD
8266,2016,2024,5,5,,,2,,8,True,False,0,8,,0.0,7,0,5.380952380952381,0,0,4,1,5,0,1,0,8266.0,Nathan Perez,,Nathan Perez
8267,2022,2022,1,1,,,1,,0,True,False,0,2,,0.0,7,0,0.0,0,0,2,0,2,0,1,0,8267.0,Stephen Ramirez,,Stephen Ramirez
8268,2022,2022,1,1,,,1,,0,True,False,0,2,,0.0,7,0,0.0,0,0,2,0,2,0,1,0,8268.0,Alan Wilson,,Alan Wilson
8269,2022,2022,1,1,,,1,,0,True,False,0,2,,0.0,7,0,0.0,0,0,2,0,2,0,2,0,8269.0,Douglas Turner,,Douglas Turner
8270,2022,2022,1,1,,,1,,0,True,False,0,2,,0.0,7,0,0.0,0,0,2,0,2,0,1,0,8270.0,Bradley Wright,,Bradley Wright
8271,2016,2024,7,6,,,2,,8,True,False,0,9,,0.0,7,0,7.715384615384615,0,0,3,1,4,0,1,0,8271.0,Kathryn Golden,,Kathryn Golden
8272,2016,2024,5,5,,,2,,8,True,False,0,8,,0.0,7,0,5.614285714285714,0,0,4,1,5,0,2,0,8272.0,Samuel Rogers,,Samuel Rogers
8275,2020,2020,1,1,,,1,,0,True,False,0,0,,0.0,0,0,0.0,0,0,0,0,0,0,1,0,8275.0,Brenda Anderson,,Brenda Anderson
8276,2020,2020,1,1,,,1,,0,True,False,0,0,,0.0,0,0,0.0,0,0,0,0,0,0,1,0,8276.0,Tao Chang,,Tao Chang
8278,2020,2028,2,2,2028,2028,2,8,8,True,False,0,2,12,0.0,0,0,0.25,0,0,2,0,2,0,1,0,8278.0,Xiulan Tan,,Xiulan Tan
8284,2020,2020,1,1,,,1,,0,True,False,0,3,,0.0,4,0,0.0,0,0,1,0,1,1,2,0,8284.0,Kevin Burch,,Kevin Burch
8286,2020,2023,3,3,,,1,,3,True,False,0,8,,0.0,4,0,2.3333333333333335,0,0,3,0,3,3,2,0,8286.0,Kevin Wong,,Kevin Wong
8287,2020,2023,3,3,,,1,,3,True,False,0,8,,0.0,4,0,2.3333333333333335,0,0,3,0,3,3,1,0,8287.0,Anneliese Bolnbach,,Anneliese Bolnbach
8289,2023,2026,3,3,2023,2023,3,0,3,True,False,0,14,17,0.0,1,0,0.0,0,0,2,0,2,4,2,0,8289.0,Ming Cai,,Ming Cai
8290,2012,2026,2,2,,,2,,14,True,False,0,6,,0.0,1,0,0.14285714285714285,0,0,3,0,3,2,2,0,8290.0,Yan Shi,,Yan Shi
8293,2029,2029,1,1,,,1,,0,True,True,0,1,,0.0,1,0,0.0,0,0,0,0,0,0,1,1,8293.0,Xiuying Yi,,Xiuying Yi
8294,2029,2029,1,1,,,1,,0,True,True,0,1,,0.0,1,0,0.0,0,0,0,0,0,0,1,1,8294.0,Qiang Han,,Qiang Han
8296,2029,2029,1,1,,,1,,0,True,True,0,3,,0.0,0,0,0.0,0,0,1,0,1,0,1,2,8296.0,Yan Qiu,,Yan Qiu
8297,2029,2029,1,1,,,1,,0,True,True,0,3,,0.0,0,0,0.0,0,0,1,0,1,0,2,2,8297.0,Juan Xiong,,Juan Xiong
8299,2029,2029,1,1,,,1,,0,True,True,0,3,,0.0,0,0,0.0,0,0,1,0,1,0,1,2,8299.0,Qiang Fang,,Qiang Fang
8301,2030,2030,1,1,,,1,,0,True,True,1,1,,0.0,0,0,0.0,0,0,1,0,1,0,1,0,8301.0,Xiuying Liao,,Xiuying Liao
8302,2030,2030,1,1,,,1,,0,True,True,1,1,,0.0,0,0,0.0,0,0,1,0,1,0,2,0,8302.0,Min Cui,,Min Cui
8304,2013,2030,2,2,,,2,,17,True,False,1,1,,0.0,0,0,0.0,0,0,2,0,2,0,2,0,8304.0,Fang Duan,,Fang Duan
8305,2030,2030,1,1,,,1,,0,True,True,1,1,,0.0,0,0,0.0,0,0,1,0,1,0,1,0,8305.0,Jie Tao,,Jie Tao
8306,2030,2030,1,1,,,1,,0,True,True,1,1,,0.0,0,0,0.0,0,0,1,0,1,0,2,0,8306.0,Li Gong,,Li Gong
8308,2023,2023,1,1,,,1,,0,True,False,0,2,,0.0,0,0,0.0,0,0,0,0,0,0,1,0,8308.0,Michael Frederick,,Michael Frederick
8310,2023,2023,1,1,,,1,,0,True,False,0,2,,0.0,0,0,0.0,0,0,0,0,0,0,1,0,8310.0,Egon Wilmsen-Röhrdanz,,Egon Wilmsen-Röhrdanz
8312,2000,2000,1,1,,,1,,0,True,False,0,0,,0.0,1,0,0.0,0,0,1,0,1,0,2,0,8312.0,Eric Lewis,,Eric Lewis
8313,1994,2013,3,3,,,3,,19,True,False,0,2,,0.0,0,0,0.0,0,0,1,0,1,0,2,0,8313.0,William Jones,,William Jones
8315,2024,2024,1,1,,,1,,0,True,False,0,1,,0.0,0,0,0.0,0,0,2,0,2,0,1,0,8315.0,Xiuying Zhao,,Xiuying Zhao
8317,2025,2025,1,1,2025,2025,1,0,0,True,True,0,1,15,0.0,2,0,0.0,0,0,2,0,2,0,1,0,8317.0,Li Zheng,,Li Zheng
8318,2025,2025,1,1,2025,2025,1,0,0,True,True,0,1,15,0.0,2,0,0.0,0,0,2,0,2,0,1,0,8318.0,Ping Xue,,Ping Xue
8319,2025,2026,2,2,2025,2025,2,0,1,True,True,0,6,15,0.0,3,0,5.0,0,0,2,0,2,0,1,0,8319.0,Fang Tian,,Fang Tian
8321,2025,2025,1,1,2025,2025,1,0,0,True,True,0,1,15,0.0,2,0,0.0,0,0,2,0,2,0,1,0,8321.0,Gang Fang,,Gang Fang
8322,2025,2026,3,3,2025,2025,3,0,1,True,True,0,8,15,0.0,2,0,5.0,0,0,2,0,2,0,3,0,8322.0,Ming Wan,,Ming Wan
8324,2024,2024,1,1,,,1,,0,True,False,0,1,,0.0,0,0,0.0,0,0,1,0,1,0,1,0,8324.0,Jie Kang, The Crystal, The Crystal
8325,2024,2024,1,1,,,1,,0,True,False,0,1,,0.0,0,0,0.0,0,0,1,0,1,0,2,0,8325.0,Juan Wan,,Juan Wan
8326,2024,2024,1,1,,,1,,0,True,False,0,1,,0.0,0,0,0.0,0,0,1,0,1,0,1,0,8326.0,Min Yuan,,Min Yuan
8327,2024,2024,1,1,,,1,,0,True,False,0,1,,0.0,0,0,0.0,0,0,1,0,1,0,1,0,8327.0,Wei Qiu,,Wei Qiu
8329,2025,2025,1,1,2025,2025,1,0,0,True,True,0,2,15,0.0,1,0,0.0,0,0,1,0,1,1,1,0,8329.0,Jing Qiu,,Jing Qiu
8330,2013,2025,2,2,2025,2025,2,12,12,True,False,0,2,15,0.0,2,0,0.16666666666666666,0,0,1,0,1,1,1,0,8330.0,Jie Huang,,Jie Huang
8333,2020,2020,1,1,,,1,,0,True,False,0,1,,0.0,1,0,0.0,0,0,1,0,1,1,1,0,8333.0,Jing Liu,,Jing Liu
8334,2020,2020,1,1,,,1,,0,True,False,0,1,,0.0,1,0,0.0,0,0,1,0,1,1,1,0,8334.0,Wei Xia,,Wei Xia
8337,2016,2016,1,1,,,1,,0,True,False,0,0,,0.0,0,0,0.0,0,0,1,0,1,0,1,0,8337.0,Christine Jones,,Christine Jones
8338,2016,2016,1,1,,,1,,0,True,False,0,0,,0.0,0,0,0.0,0,0,1,0,1,0,1,0,8338.0,Matthew Crawford,,Matthew Crawford
8340,2020,2020,1,1,,,1,,0,True,False,0,1,,0.0,0,0,0.0,0,0,1,0,1,1,2,0,8340.0,Kelly Johnson,,Kelly Johnson
8341,2020,2020,1,1,,,1,,0,True,False,0,1,,0.0,0,0,0.0,0,0,1,0,1,1,1,0,8341.0,Julia Jones,,Julia Jones
8342,2020,2020,1,1,,,1,,0,True,False,0,1,,0.0,0,0,0.0,0,0,1,0,1,1,1,0,8342.0,Sabrina Jimenez,,Sabrina Jimenez
8345,2022,2022,1,1,,,1,,0,True,False,0,2,,0.0,0,0,0.0,0,0,1,0,1,1,1,0,8345.0,Patrick Bertin,,Patrick Bertin
8346,2022,2022,1,1,,,1,,0,True,False,0,2,,0.0,0,0,0.0,0,0,1,0,1,1,2,0,8346.0,Lindsey Jackson,,Lindsey Jackson
8347,2022,2022,1,1,,,1,,0,True,False,0,2,,0.0,0,0,0.0,0,0,1,0,1,1,2,0,8347.0,Valeska Heinrich,,Valeska Heinrich
8350,2023,2023,1,1,,,1,,0,True,False,0,2,,0.0,0,0,0.0,0,0,1,0,1,0,1,0,8350.0,Lina Rensi,,Lina Rensi
8353,2019,2019,1,1,,,1,,0,True,False,0,1,,0.0,0,0,0.0,0,0,1,0,1,0,1,0,8353.0,Donna Ryan,,Donna Ryan
8354,2019,2019,1,1,,,1,,0,True,False,0,1,,0.0,0,0,0.0,0,0,1,0,1,0,1,0,8354.0,Zachary Ellis,,Zachary Ellis
8356,1996,1996,1,1,1996,1996,1,0,0,True,False,0,0,44,0.0,1,0,0.0,0,0,1,0,1,0,2,0,8356.0,Julita Koziarz,,Julita Koziarz
8357,1996,1996,1,1,1996,1996,1,0,0,True,False,0,0,44,0.0,1,0,0.0,0,0,1,0,1,0,2,0,8357.0,Hansjürgen Börner,,Hansjürgen Börner
8361,2027,2027,1,1,,,1,,0,True,True,0,2,,0.0,2,0,0.0,0,0,2,0,2,0,1,0,8361.0,Elizabeth Griffin,,Elizabeth Griffin
8362,2029,2029,1,1,,,1,,0,True,True,0,2,,0.0,2,0,0.0,0,0,2,0,2,0,2,0,8362.0,Xiulan Shao,,Xiulan Shao
8365,1994,1994,1,1,1994,1994,1,0,0,True,False,0,0,46,0.0,0,0,0.0,0,0,1,0,1,0,1,0,8365.0,Calvin Kemp,,Calvin Kemp
8367,2013,2013,1,1,,,1,,0,True,False,0,0,,0.0,2,0,0.0,0,0,2,0,2,0,1,0,8367.0,Dana Walters,,Dana Walters
8368,2013,2013,1,1,,,1,,0,True,False,0,0,,0.0,2,0,0.0,0,0,2,0,2,0,1,0,8368.0,Yang Wen,,Yang Wen
8369,2013,2013,1,1,,,1,,0,True,False,0,0,,0.0,2,0,0.0,0,0,2,0,2,0,1,0,8369.0,Min Shao,,Min Shao
8370,2013,2013,1,1,,,1,,0,True,False,0,0,,0.0,2,0,0.0,0,0,2,0,2,0,1,0,8370.0,Min Liao,,Min Liao
8371,2013,2013,1,1,,,1,,0,True,False,0,0,,0.0,2,0,0.0,0,0,2,0,2,0,2,0,8371.0,Daniel Rogers,,Daniel Rogers
8374,2020,2020,1,1,,,1,,0,True,False,0,0,,0.0,5,0,0.0,0,0,2,0,2,0,1,0,8374.0,Min Zhang,,Min Zhang
8375,2020,2020,1,1,,,1,,0,True,False,0,0,,0.0,5,0,0.0,0,0,2,0,2,0,1,0,8375.0,Xiuying Sun,,Xiuying Sun
8376,2020,2020,1,1,,,1,,0,True,False,0,0,,0.0,5,0,0.0,0,0,2,0,2,0,1,0,8376.0,Qiang Yang,,Qiang Yang
8377,2020,2020,1,1,,,1,,0,True,False,0,0,,0.0,5,0,0.0,0,0,2,0,2,0,1,0,8377.0,Tao Song,,Tao Song
8378,2017,2020,3,3,2017,2017,1,0,3,True,False,0,2,23,0.0,4,0,5.333333333333333,0,0,3,0,3,1,2,0,8378.0,Li Yin,,Li Yin
8379,2020,2020,1,1,,,1,,0,True,False,0,0,,0.0,5,0,0.0,0,0,2,0,2,0,1,0,8379.0,Min Huang,,Min Huang
8380,2020,2020,2,2,,,2,,0,True,False,0,1,,0.0,5,0,0.0,0,0,2,0,2,0,1,0,8380.0,Chao Ding,,Chao Ding
8381,2012,2022,6,6,2013,2013,3,1,10,True,False,0,6,27,0.0,9,0,2.849498327759197,0,0,3,1,4,2,2,0,8381.0,Juan Fan,,Juan Fan
8384,2024,2024,1,1,,,1,,0,True,False,0,0,,0.0,1,0,0.0,0,0,2,0,2,0,1,0,8384.0,Gregory Thompson,,Gregory Thompson
8385,2024,2024,1,1,,,1,,0,True,False,0,0,,0.0,1,0,0.0,0,0,2,0,2,0,1,0,8385.0,Hiroshi Shimizu,,Hiroshi Shimizu
8386,2024,2024,1,1,,,1,,0,True,False,0,0,,0.0,1,0,0.0,0,0,2,0,2,0,1,0,8386.0,Na Su,,Na Su
8387,2024,2024,1,1,,,1,,0,True,False,0,0,,0.0,1,0,0.0,0,0,2,0,2,0,1,0,8387.0,Lei Cui,,Lei Cui
8388,2024,2024,1,1,,,1,,0,True,False,0,0,,0.0,1,0,0.0,0,0,2,0,2,0,1,0,8388.0,Ming Mao,,Ming Mao
8390,2020,2020,1,1,,,1,,0,True,False,0,1,,0.0,0,0,0.0,0,0,0,0,0,0,2,0,8390.0,Min Fan,,Min Fan
8391,2020,2020,1,1,,,1,,0,True,False,0,1,,0.0,0,0,0.0,0,0,0,0,0,0,1,0,8391.0,Tao Liao,,Tao Liao
8392,2020,2020,1,1,,,1,,0,True,False,0,1,,0.0,0,0,0.0,0,0,0,0,0,0,1,0,8392.0,Ping Luo,,Ping Luo
8395,1992,2012,2,2,,,2,,20,True,False,0,4,,0.0,1,0,0.0,0,0,2,0,2,1,2,0,8395.0,Olga Labudda,,Olga Labudda
8397,2028,2028,1,1,,,1,,0,True,True,0,3,,0.0,0,0,0.0,0,0,1,0,1,0,2,2,8397.0,Lei Jia,,Lei Jia
8398,2023,2023,1,1,,,1,,0,True,False,0,0,,0.0,0,0,0.0,0,0,1,0,1,0,1,0,8398.0,Li Gu,,Li Gu
8399,2023,2023,1,1,,,1,,0,True,False,0,0,,0.0,0,0,0.0,0,0,1,0,1,0,1,0,8399.0,Jie Chang,,Jie Chang
8400,2023,2023,1,1,,,1,,0,True,False,0,0,,0.0,0,0,0.0,0,0,1,0,1,0,1,0,8400.0,Jie Cui,,Jie Cui
8402,2023,2023,1,1,,,1,,0,True,False,0,1,,0.0,0,0,0.0,0,0,1,0,1,0,1,0,8402.0,Aaron Carter,,Aaron Carter
8403,2023,2023,1,1,,,1,,0,True,False,0,1,,0.0,0,0,0.0,0,0,1,0,1,0,1,0,8403.0,Aneta Mies-Fritsch,,Aneta Mies-Fritsch
8404,2023,2023,1,1,,,1,,0,True,False,0,1,,0.0,0,0,0.0,0,0,1,0,1,0,1,0,8404.0,Gertraud Franke-Trupp,,Gertraud Franke-Trupp
8405,2023,2023,1,1,,,1,,0,True,False,0,1,,0.0,0,0,0.0,0,0,1,0,1,0,1,0,8405.0,Ronald Parks,,Ronald Parks
8406,2023,2023,1,1,,,1,,0,True,False,0,1,,0.0,0,0,0.0,0,0,1,0,1,0,1,0,8406.0,Kayla Barnes,,Kayla Barnes
8408,2012,2012,1,1,,,1,,0,True,False,0,0,,0.0,0,0,0.0,0,0,2,0,2,0,3,0,8408.0,Jocelyn Hall,,Jocelyn Hall
8410,2029,2029,1,1,,,1,,0,True,True,0,4,,0.0,3,0,0.0,0,0,1,0,1,0,1,0,8410.0,Ming Chen,,Ming Chen
8411,2029,2029,1,1,,,1,,0,True,True,0,4,,0.0,3,0,0.0,0,0,1,0,1,0,2,0,8411.0,Xiulan Kang,,Xiulan Kang
8414,2025,2025,1,1,2025,2025,1,0,0,True,True,0,1,15,0.0,0,0,0.0,0,0,0,0,0,1,1,0,8414.0,Jing Dai,,Jing Dai
8415,2025,2025,1,1,2025,2025,1,0,0,True,True,0,1,15,0.0,0,0,0.0,0,0,0,0,0,1,1,0,8415.0,Chao Shen,,Chao Shen
8417,2025,2025,1,1,2025,2025,1,0,0,True,True,0,1,15,0.0,0,0,0.0,0,0,0,0,0,1,1,0,8417.0,Mark Nunez,,Mark Nunez
8418,2025,2025,1,1,2025,2025,1,0,0,True,True,0,1,15,0.0,0,0,0.0,0,0,0,0,0,1,2,0,8418.0,Xia Wen,,Xia Wen
8419,2025,2025,1,1,2025,2025,1,0,0,True,True,0,1,15,0.0,0,0,0.0,0,0,0,0,0,1,2,0,8419.0,Michael Martinez,,Michael Martinez
8424,2024,2024,1,1,,,1,,0,True,False,0,2,,0.0,0,0,0.0,0,0,0,0,0,1,1,0,8424.0,Kevin Baker,,Kevin Baker
8426,2024,2024,1,1,,,1,,0,True,False,0,2,,0.0,0,0,0.0,0,0,0,0,0,1,1,0,8426.0,Rebecca Byrd,,Rebecca Byrd
8429,2017,2017,1,1,,,1,,0,True,False,0,1,,0.0,0,0,0.0,0,0,2,0,2,0,1,0,8429.0,Nicola Strangio,,Nicola Strangio
8430,2017,2017,1,1,,,1,,0,True,False,0,1,,0.0,0,0,0.0,0,0,2,0,2,0,1,0,8430.0,Nathalie Beer-Huhn,,Nathalie Beer-Huhn
8432,2027,2027,1,1,,,1,,0,True,True,0,0,,0.0,4,0,0.0,0,0,1,0,1,0,2,0,8432.0,Ping Gong,,Ping Gong
8433,2027,2027,1,1,,,1,,0,True,True,0,0,,0.0,4,0,0.0,0,0,1,0,1,0,1,0,8433.0,Jing Duan,,Jing Duan
8435,2012,2012,1,1,,,1,,0,True,False,0,0,,0.0,0,0,0.0,0,0,0,0,0,0,2,0,8435.0,Kana Hashimoto,,Kana Hashimoto
8441,2025,2025,1,1,,,1,,0,True,True,0,2,,0.0,0,0,0.0,0,0,1,0,1,0,1,0,8441.0,Heather Miller,,Heather Miller
8442,2025,2025,1,1,,,1,,0,True,True,0,2,,0.0,0,0,0.0,0,0,1,0,1,0,1,0,8442.0,Yong Jia,,Yong Jia
8443,2025,2025,1,1,,,1,,0,True,True,0,2,,0.0,0,0,0.0,0,0,1,0,1,0,1,0,8443.0,Christopher Johnson,,Christopher Johnson
8446,2023,2029,3,3,,,2,,6,True,False,0,4,,0.0,5,0,0.9999999999999999,0,0,2,1,3,0,2,0,8446.0,Stephanie Robinson,,Stephanie Robinson
8447,2023,2029,3,3,,,2,,6,True,False,0,5,,0.0,5,0,0.8333333333333334,0,0,3,1,4,0,2,0,8447.0,Amber Gibson,,Amber Gibson
8449,2029,2029,1,1,,,1,,0,True,True,0,1,,0.0,0,0,0.0,0,0,0,0,0,0,1,0,8449.0,Jing Gong,,Jing Gong
8450,2029,2029,1,1,,,1,,0,True,True,0,1,,0.0,0,0,0.0,0,0,0,0,0,0,2,0,8450.0,Lei Yi,,Lei Yi
8451,2029,2029,1,1,,,1,,0,True,True,0,1,,0.0,0,0,0.0,0,0,0,0,0,0,1,0,8451.0,Wei Xiong,,Wei Xiong
8452,2029,2029,1,1,,,1,,0,True,True,0,1,,0.0,0,0,0.0,0,0,0,0,0,0,1,0,8452.0,Na Tian,,Na Tian
8454,2026,2026,1,1,,,1,,0,True,True,0,3,,0.0,1,0,0.0,0,0,1,0,1,0,2,2,8454.0,Carly Luna,,Carly Luna
8455,2026,2026,1,1,,,1,,0,True,True,0,3,,0.0,1,0,0.0,0,0,1,0,1,0,1,2,8455.0,Gang Tian,,Gang Tian
8456,2026,2026,1,1,,,1,,0,True,True,0,3,,0.0,1,0,0.0,0,0,1,0,1,0,1,2,8456.0,Victoria Vazquez,,Victoria Vazquez
8459,2020,2020,1,1,,,1,,0,True,False,0,1,,0.0,0,0,0.0,0,0,1,0,1,0,1,0,8459.0,Juan Wang,,Juan Wang
8462,2020,2020,1,1,,,1,,0,True,False,0,1,,0.0,0,0,0.0,0,0,1,0,1,0,1,0,8462.0,Jing Zhong,,Jing Zhong
8463,2020,2020,1,1,,,1,,0,True,False,0,1,,0.0,0,0,0.0,0,0,1,0,1,0,1,0,8463.0,Juan Wu,,Juan Wu
8466,2010,2015,3,3,,,2,,5,True,False,0,5,,0.0,3,0,1.1842105263157894,0,0,4,1,5,2,2,0,8466.0,John Rogers,,John Rogers
8467,2010,2015,3,3,,,2,,5,True,False,0,5,,0.0,3,0,1.1842105263157894,0,0,4,1,5,2,2,0,8467.0,Robert Pham,,Robert Pham
8468,2004,2013,3,3,2004,2004,2,0,9,True,False,0,4,36,0.0,3,0,0.6428571428571429,0,0,4,1,5,1,2,0,8468.0,David Lopez,,David Lopez
8470,2008,2026,3,3,2009,2009,2,1,18,True,False,0,3,31,0.0,0,0,0.0,0,0,1,0,1,1,1,0,8470.0,Michael Ross,,Michael Ross
8473,2025,2025,1,1,,,1,,0,True,True,0,0,,0.0,0,0,0.0,0,0,1,0,1,0,2,0,8473.0,Michelle Barnes,,Michelle Barnes
8479,2017,2017,1,1,,,1,,0,True,False,0,2,,0.0,0,0,0.0,0,0,0,0,0,0,1,0,8479.0,Laura Brown,Hunter Miles,Hunter Miles
8480,2017,2017,1,1,,,1,,0,True,False,0,2,,0.0,0,0,0.0,0,0,0,0,0,0,1,0,8480.0,Stephen Santiago,,Stephen Santiago
8481,2017,2017,1,1,,,1,,0,True,False,0,2,,0.0,0,0,0.0,0,0,0,0,0,0,2,0,8481.0,James Calderon,,James Calderon
8484,2020,2026,2,2,,,2,,6,True,False,0,2,,0.0,0,0,0.3333333333333333,0,0,1,0,1,1,1,0,8484.0,Sahil Khalsa,,Sahil Khalsa
8485,2026,2026,1,1,,,1,,0,True,True,0,1,,0.0,0,0,0.0,0,0,1,0,1,1,1,0,8485.0,Devansh Bakshi,,Devansh Bakshi
8486,2026,2026,1,1,,,1,,0,True,True,0,1,,0.0,0,0,0.0,0,0,1,0,1,1,1,0,8486.0,Manjari Varty,,Manjari Varty
8488,2010,2010,1,1,,,1,,0,True,False,0,0,,0.0,0,0,0.0,0,0,1,0,1,0,1,0,8488.0,Peter Banks,,Peter Banks
8490,2010,2010,1,1,,,1,,0,True,False,0,0,,0.0,0,0,0.0,0,0,1,0,1,0,1,0,8490.0,Robert Gonzalez,,Robert Gonzalez
8491,2010,2010,1,1,,,1,,0,True,False,0,0,,0.0,0,0,0.0,0,0,1,0,1,0,1,0,8491.0,Andrew Williamson,,Andrew Williamson
8492,2010,2010,1,1,,,1,,0,True,False,0,0,,0.0,0,0,0.0,0,0,1,0,1,0,2,0,8492.0,Tim Johnson,,Tim Johnson
8493,2010,2010,1,1,,,1,,0,True,False,0,0,,0.0,0,0,0.0,0,0,1,0,1,0,1,0,8493.0,Frank Osborne,,Frank Osborne
8496,2004,2004,1,1,,,1,,0,True,False,0,1,,0.0,0,0,0.0,0,0,2,0,2,0,1,0,8496.0,Cynthia Hayes,,Cynthia Hayes
8497,2004,2024,2,2,2024,2024,2,20,20,True,False,0,1,16,0.0,0,0,0.25,0,0,4,0,4,0,1,0,8497.0,Paul Sanders,,Paul Sanders
8499,2024,2024,1,1,,,1,,0,True,False,0,1,,0.0,1,0,0.0,0,0,1,0,1,1,2,0,8499.0,Min Qin,,Min Qin
8500,2024,2026,3,3,,,3,,2,True,False,0,8,,0.0,1,0,4.5,0,0,1,0,1,1,1,0,8500.0,Li Xia,,Li Xia
8501,2024,2024,1,1,,,1,,0,True,False,0,1,,0.0,1,0,0.0,0,0,1,0,1,1,1,0,8501.0,Gang Dong,,Gang Dong
8502,2024,2024,1,1,,,1,,0,True,False,0,1,,0.0,1,0,0.0,0,0,1,0,1,1,1,0,8502.0,Amanda Sullivan,,Amanda Sullivan
8503,2020,2024,2,2,,,2,,4,True,False,0,2,,0.0,1,0,1.25,0,0,2,0,2,1,1,1,8503.0,Jun Hao,,Jun Hao
8506,2028,2028,1,1,,,1,,0,True,True,0,3,,0.0,0,0,0.0,0,0,1,0,1,0,2,2,8506.0,Brian Olsen,,Brian Olsen
8508,2028,2028,1,1,,,1,,0,True,True,0,3,,0.0,0,0,0.0,0,0,1,0,1,0,1,2,8508.0,Xiuying Han,,Xiuying Han
8510,2019,2019,1,1,,,1,,0,True,False,0,1,,0.0,0,0,0.0,0,0,1,0,1,0,3,0,8510.0,Cilly Säuberlich,,Cilly Säuberlich
8512,2025,2025,1,1,,,1,,0,True,True,0,1,,0.0,2,0,0.0,0,0,1,0,1,0,1,0,8512.0,Eddie Taylor,,Eddie Taylor
8513,2025,2025,1,1,,,1,,0,True,True,0,1,,0.0,2,0,0.0,0,0,1,0,1,0,2,0,8513.0,Jie Yao,,Jie Yao
8514,2025,2025,1,1,,,1,,0,True,True,0,1,,0.0,2,0,0.0,0,0,1,0,1,0,1,0,8514.0,Ming Kong,,Ming Kong
8515,2013,2025,2,2,2017,2017,2,4,12,True,False,0,2,23,0.0,2,0,0.0,0,0,2,0,2,0,2,0,8515.0,Annegrete Röhrdanz,,Annegrete Röhrdanz
8517,2017,2017,1,1,,,1,,0,True,False,0,0,,0.0,3,0,0.0,0,0,1,0,1,0,1,0,8517.0,Richard Mendoza,V12 DA DON,V12 DA DON
8518,2017,2017,1,1,,,1,,0,True,False,0,0,,0.0,3,0,0.0,0,0,1,0,1,0,2,0,8518.0,Angelica Sullivan,SAVAGE RX,SAVAGE RX
8519,2017,2017,1,1,,,1,,0,True,False,0,0,,0.0,3,0,0.0,0,0,1,0,1,0,1,0,8519.0,Candice Santiago,,Candice Santiago
8520,2017,2017,1,1,,,1,,0,True,False,0,0,,0.0,3,0,0.0,0,0,1,0,1,0,1,0,8520.0,Tanya Pittman,,Tanya Pittman
8521,2017,2024,2,2,2024,2024,2,7,7,True,False,0,1,16,0.0,3,0,1.5714285714285714,0,0,2,0,2,0,1,0,8521.0,Kay van Dooren-Bastiaense,,Kay van Dooren-Bastiaense
8522,2017,2017,1,1,,,1,,0,True,False,0,0,,0.0,3,0,0.0,0,0,1,0,1,0,1,0,8522.0,David Bates Jr.,,David Bates Jr.
8523,2017,2017,1,1,,,1,,0,True,False,0,0,,0.0,3,0,0.0,0,0,1,0,1,0,1,0,8523.0,Robert Lee,,Robert Lee
8524,2017,2017,1,1,,,1,,0,True,False,0,0,,0.0,3,0,0.0,0,0,1,0,1,0,1,0,8524.0,Joris Heerschop-Weylant,,Joris Heerschop-Weylant
8526,2017,2017,1,1,,,1,,0,True,False,0,0,,0.0,3,0,0.0,0,0,1,0,1,0,1,0,8526.0,Jared Newman,,Jared Newman
8527,2017,2017,1,1,,,1,,0,True,False,0,0,,0.0,3,0,0.0,0,0,1,0,1,0,1,0,8527.0,Tony Olson,,Tony Olson
8529,2017,2017,1,1,,,1,,0,True,False,0,0,,0.0,3,0,0.0,0,0,1,0,1,0,1,0,8529.0,Robert Washington,,Robert Washington
8530,2017,2020,2,2,2020,2020,1,3,3,True,False,0,1,20,0.0,3,0,2.0,0,0,3,0,3,0,1,0,8530.0,Luis Holt,,Luis Holt
8531,2017,2017,1,1,,,1,,0,True,False,0,0,,0.0,3,0,0.0,0,0,1,0,1,0,1,0,8531.0,Alexis Ruiz,,Alexis Ruiz
8532,2017,2017,1,1,,,1,,0,True,False,0,0,,0.0,3,0,0.0,0,0,1,0,1,0,1,0,8532.0,Christopher Johnson,,Christopher Johnson
8533,2017,2017,1,1,,,1,,0,True,False,0,0,,0.0,3,0,0.0,0,0,1,0,1,0,2,0,8533.0,Jodi Miller,,Jodi Miller
8534,2017,2017,1,1,,,1,,0,True,False,0,0,,0.0,3,0,0.0,0,0,1,0,1,0,1,0,8534.0,Brian Ballard,,Brian Ballard
8535,2017,2017,1,1,,,1,,0,True,False,0,0,,0.0,3,0,0.0,0,0,1,0,1,0,1,0,8535.0,Roger Porter,,Roger Porter
8536,2017,2017,1,1,,,1,,0,True,False,0,0,,0.0,3,0,0.0,0,0,1,0,1,0,1,0,8536.0,Lauren Mccoy,,Lauren Mccoy
8537,2017,2017,1,1,,,1,,0,True,False,0,0,,0.0,3,0,0.0,0,0,1,0,1,0,1,0,8537.0,Virginia Warner,,Virginia Warner
8538,2017,2020,2,2,2020,2020,1,3,3,True,False,0,1,20,0.0,3,0,2.0,0,0,3,0,3,0,1,0,8538.0,Silke Verda,,Silke Verda
8539,2017,2017,1,1,,,1,,0,True,False,0,0,,0.0,3,0,0.0,0,0,1,0,1,0,1,0,8539.0,Jonathan Butler,,Jonathan Butler
8540,2017,2017,1,1,,,1,,0,True,False,0,0,,0.0,3,0,0.0,0,0,1,0,1,0,1,0,8540.0,Xiuying Kong,,Xiuying Kong
8541,2017,2017,1,1,,,1,,0,True,False,0,0,,0.0,3,0,0.0,0,0,1,0,1,0,1,0,8541.0,Paige Case,,Paige Case
8542,2017,2017,1,1,,,1,,0,True,False,0,0,,0.0,3,0,0.0,0,0,1,0,1,0,1,0,8542.0,Shelby Dixon,,Shelby Dixon
8543,2017,2017,1,1,,,1,,0,True,False,0,0,,0.0,3,0,0.0,0,0,1,0,1,0,1,0,8543.0,Eric Shelton,,Eric Shelton
8544,2017,2017,1,1,,,1,,0,True,False,0,0,,0.0,3,0,0.0,0,0,1,0,1,0,1,0,8544.0,Thomas Miller,,Thomas Miller
8548,2027,2027,1,1,,,1,,0,True,True,0,3,,0.0,3,0,0.0,0,0,1,0,1,0,2,0,8548.0,Xiuying Wang,,Xiuying Wang
8549,2027,2027,1,1,,,1,,0,True,True,0,3,,0.0,3,0,0.0,0,0,1,0,1,0,2,0,8549.0,Yang Zhao,,Yang Zhao
8550,2027,2027,1,1,,,1,,0,True,True,0,3,,0.0,3,0,0.0,0,0,1,0,1,0,1,0,8550.0,Gang Zhao,,Gang Zhao
8552,2026,2026,1,1,,,1,,0,True,True,0,1,,0.0,3,0,0.0,0,0,1,0,1,0,1,0,8552.0,Xiulan Wang,,Xiulan Wang
8554,2029,2029,1,1,,,1,,0,True,True,0,3,,0.0,2,0,0.0,0,0,1,0,1,1,1,0,8554.0,Xiuying Xia,,Xiuying Xia
8556,2029,2029,1,1,,,1,,0,True,True,0,3,,0.0,2,0,0.0,0,0,1,0,1,1,1,0,8556.0,Jun Qin,,Jun Qin
8558,2023,2023,1,1,,,1,,0,True,False,0,1,,0.0,0,0,0.0,0,0,1,0,1,0,1,1,8558.0,Jessica Carney,,Jessica Carney
8562,2013,2013,1,1,,,1,,0,True,False,0,0,,0.0,0,0,0.0,0,0,1,0,1,0,1,0,8562.0,Isabelle Rijn-Höning, Atlas, Atlas
8563,2013,2013,1,1,,,1,,0,True,False,0,0,,0.0,0,0,0.0,0,0,1,0,1,0,1,0,8563.0,Laura Guerrero Cañete,,Laura Guerrero Cañete
8564,2013,2013,1,1,,,1,,0,True,False,0,0,,0.0,0,0,0.0,0,0,1,0,1,0,2,0,8564.0,Carmina Esteve Coloma,,Carmina Esteve Coloma
8565,2013,2020,2,2,,,2,,7,True,False,0,1,,0.0,0,0,0.8571428571428571,0,0,1,0,1,0,1,0,8565.0,Salomón Miró Olivé,,Salomón Miró Olivé
8566,2013,2013,1,1,,,1,,0,True,False,0,0,,0.0,0,0,0.0,0,0,1,0,1,0,1,0,8566.0,Daan VI-Cadefau,,Daan VI-Cadefau
8567,2020,2020,1,1,,,1,,0,True,False,0,1,,0.0,0,0,0.0,0,0,1,0,1,0,1,0,8567.0,Joris Lieshout,,Joris Lieshout
8568,2013,2013,1,1,,,1,,0,True,False,0,0,,0.0,0,0,0.0,0,0,1,0,1,0,2,0,8568.0,Charlene Randolph,,Charlene Randolph
8569,2020,2020,1,1,,,1,,0,True,False,0,1,,0.0,0,0,0.0,0,0,1,0,1,0,2,0,8569.0,Dolores Pardo Bárcena,,Dolores Pardo Bárcena
8570,2013,2013,1,1,,,1,,0,True,False,0,0,,0.0,0,0,0.0,0,0,1,0,1,0,1,0,8570.0,Pim de Roo,,Pim de Roo
8571,2020,2020,1,1,,,1,,0,True,False,0,1,,0.0,0,0,0.0,0,0,1,0,1,0,2,0,8571.0,Michael Norman,,Michael Norman
8572,2013,2020,2,2,,,2,,7,True,False,0,1,,0.0,0,0,0.8571428571428571,0,0,1,0,1,0,1,0,8572.0,Aaron Ross,,Aaron Ross
8573,2013,2020,2,2,,,2,,7,True,False,0,1,,0.0,0,0,0.8571428571428571,0,0,1,0,1,0,1,0,8573.0,Sigfrido Manu Morcillo Camino,,Sigfrido Manu Morcillo Camino
8577,2021,2021,1,1,,,1,,0,True,False,0,0,,0.0,1,0,0.0,0,0,1,0,1,0,1,0,8577.0,Min Tan,,Min Tan
8583,2001,2001,1,1,,,1,,0,True,False,0,0,,0.0,0,0,0.0,0,0,1,0,1,0,2,0,8583.0,Zacharie Morin,,Zacharie Morin
8584,2001,2001,1,1,,,1,,0,True,False,0,0,,0.0,0,0,0.0,0,0,1,0,1,0,1,0,8584.0,Aurélie de la Lucas,,Aurélie de la Lucas
8585,2020,2024,2,2,,,2,,4,True,False,0,4,,0.0,1,0,0.25,0,0,4,0,4,1,2,0,8585.0,Michel Meyer,,Michel Meyer
8588,2013,2013,1,1,,,1,,0,True,False,0,2,,0.0,1,0,0.0,0,0,1,0,1,1,1,0,8588.0,Xiulan Feng,,Xiulan Feng
8589,2013,2013,1,1,,,1,,0,True,False,0,2,,0.0,1,0,0.0,0,0,1,0,1,1,2,0,8589.0,Xia Lei,,Xia Lei
8591,2018,2018,1,1,2018,2018,1,0,0,True,False,0,1,22,0.0,0,0,0.0,0,0,1,0,1,0,1,0,8591.0,Eulalia Patiño Ballester,,Eulalia Patiño Ballester
8594,2012,2012,1,1,,,1,,0,True,False,0,2,,0.0,0,0,0.0,0,0,1,0,1,1,1,0,8594.0,Yolanda Barroso Pineda,,Yolanda Barroso Pineda
8595,2007,2012,2,2,2007,2007,2,0,5,True,False,0,2,33,0.0,0,0,0.0,0,0,1,0,1,1,2,0,8595.0,Vera Rivero Palomo,,Vera Rivero Palomo
8598,2007,2007,1,1,,,1,,0,True,False,0,1,,0.0,0,0,0.0,0,0,1,0,1,0,2,0,8598.0,Nino Pometta,,Nino Pometta
8600,2013,2013,1,1,,,1,,0,True,False,0,3,,0.0,1,0,0.0,0,0,1,0,1,0,1,0,8600.0,Na Dai,,Na Dai
8603,2026,2026,1,1,,,1,,0,True,True,0,5,,0.0,3,0,0.0,0,0,1,0,1,0,1,0,8603.0,Lei Long,,Lei Long
8605,2026,2026,1,1,,,1,,0,True,True,0,6,,0.0,5,0,0.0,1,0,2,0,2,2,2,0,8605.0,Laura Lindsey,,Laura Lindsey
8606,2026,2026,1,1,,,1,,0,True,True,0,6,,0.0,5,0,0.0,1,0,2,0,2,2,1,0,8606.0,Sarah Young,,Sarah Young
8607,2026,2026,1,1,,,1,,0,True,True,0,6,,0.0,5,0,0.0,1,0,2,0,2,2,1,0,8607.0,Nancy Gonzalez,,Nancy Gonzalez
8608,2026,2026,1,1,,,1,,0,True,True,0,6,,0.0,5,0,0.0,1,0,2,0,2,2,1,0,8608.0,Valerie Phillips,,Valerie Phillips
8609,2023,2024,2,2,2023,2024,2,0,1,True,False,0,8,16,0.0,13,0,9.0,0,0,3,1,4,1,2,0,8609.0,Jason Jordan,,Jason Jordan
8610,2026,2026,1,1,,,1,,0,True,True,0,6,,0.0,5,0,0.0,1,0,2,0,2,2,1,0,8610.0,John Gallagher,,John Gallagher
8611,2023,2028,4,4,2023,2024,2,0,5,True,False,0,18,16,0.0,13,0,5.47457627118644,1,0,3,1,4,5,1,0,8611.0,Denise White,,Denise White
8612,2026,2026,1,1,,,1,,0,True,True,0,6,,0.0,5,0,0.0,1,0,2,0,2,2,2,0,8612.0,Cody Turner,,Cody Turner
8613,2023,2028,5,5,2023,2028,2,0,5,True,False,0,21,12,0.0,12,0,5.898305084745763,0,0,4,1,5,6,2,0,8613.0,Roy Tschentscher,,Roy Tschentscher
8614,2026,2026,1,1,,,1,,0,True,True,0,6,,0.0,5,0,0.0,1,0,2,0,2,2,1,0,8614.0,Sarah Lee,,Sarah Lee
8616,2021,2021,1,1,,,1,,0,True,False,0,1,,0.0,0,0,0.0,0,0,1,0,1,0,1,0,8616.0,Yong Zhong,,Yong Zhong
8617,2018,2018,1,0,,,1,,0,True,False,0,0,,0.0,0,0,0.0,0,0,1,0,1,0,2,0,8617.0,Jun Lai,,Jun Lai
8618,2018,2018,1,0,,,1,,0,True,False,0,0,,0.0,0,0,0.0,0,0,1,0,1,0,1,0,8618.0,Juan Fan,,Juan Fan
8619,2018,2018,1,0,,,1,,0,True,False,0,0,,0.0,0,0,0.0,0,0,1,0,1,0,1,0,8619.0,Min Duan,,Min Duan
8621,2023,2023,1,1,,,1,,0,True,False,0,1,,0.0,1,0,0.0,0,0,1,0,1,0,1,0,8621.0,Christopher Reilly,,Christopher Reilly
8622,2023,2023,1,1,,,1,,0,True,False,0,1,,0.0,1,0,0.0,0,0,1,0,1,0,1,0,8622.0,Monica Murphy,,Monica Murphy
8623,2017,2029,3,3,,,3,,12,True,False,0,4,,0.0,4,0,1.0,0,0,5,0,5,0,1,0,8623.0,Jun Han,,Jun Han
8625,2024,2024,1,1,,,1,,0,True,False,0,1,,0.0,1,0,0.0,0,0,1,0,1,1,1,0,8625.0,Guiying Chang,,Guiying Chang
8627,2024,2024,1,1,,,1,,0,True,False,0,1,,0.0,1,0,0.0,0,0,1,0,1,1,1,0,8627.0,Gang Jia,,Gang Jia
8628,2024,2024,1,1,,,1,,0,True,False,0,1,,0.0,1,0,0.0,0,0,1,0,1,1,1,0,8628.0,Yang Shen,,Yang Shen
8631,2010,2010,1,1,,,1,,0,True,False,0,0,,0.0,1,0,0.0,0,0,2,0,2,0,1,0,8631.0,Victoria Fletcher,,Victoria Fletcher
8632,2010,2010,1,1,,,1,,0,True,False,0,0,,0.0,1,0,0.0,0,0,2,0,2,0,1,0,8632.0,Ana Gonzales,,Ana Gonzales
8633,2010,2010,1,1,,,1,,0,True,False,0,0,,0.0,1,0,0.0,0,0,2,0,2,0,1,0,8633.0,Mackenzie Brown,,Mackenzie Brown
8638,2023,2023,1,1,2023,2023,1,0,0,True,False,0,4,17,0.0,0,0,0.0,0,0,0,0,0,1,2,0,8638.0,Shelby Grimes,,Shelby Grimes
8641,2026,2026,1,1,,,1,,0,True,True,0,7,,0.0,1,0,0.0,0,0,1,0,1,1,1,0,8641.0,Jun Yu,,Jun Yu
8643,2026,2026,1,1,,,1,,0,True,True,0,7,,0.0,1,0,0.0,0,0,1,0,1,1,1,0,8643.0,Tao Ren,,Tao Ren
8644,2026,2026,1,1,,,1,,0,True,True,0,7,,0.0,1,0,0.0,0,0,1,0,1,1,1,0,8644.0,Yan Zheng,,Yan Zheng
8645,2026,2026,1,1,,,1,,0,True,True,0,7,,0.0,1,0,0.0,0,0,1,0,1,1,1,0,8645.0,Fang Qin,,Fang Qin
8646,2026,2026,1,1,,,1,,0,True,True,0,7,,0.0,1,0,0.0,0,0,1,0,1,1,1,0,8646.0,Xiulan Yuan,,Xiulan Yuan
8649,2018,2018,1,1,,,1,,0,True,False,0,1,,0.0,0,0,0.0,0,0,1,0,1,0,2,0,8649.0,Min Xiao,,Min Xiao
8652,2020,2020,1,1,,,1,,0,True,False,0,0,,0.0,1,0,0.0,0,0,1,0,1,0,1,0,8652.0,Jing Wei,,Jing Wei
8654,2027,2027,1,1,,,1,,0,True,True,0,2,,0.0,2,0,0.0,0,0,2,0,2,0,1,0,8654.0,Ming Sun,,Ming Sun
8656,2017,2017,2,2,2017,2017,1,0,0,True,False,0,2,23,0.0,0,0,0.0,0,0,2,0,2,0,1,0,8656.0,Justin Berry,,Justin Berry
8657,2017,2017,1,1,,,1,,0,True,False,0,1,,0.0,0,0,0.0,0,0,1,0,1,0,2,0,8657.0,Xiulan Zhang,,Xiulan Zhang
8659,2020,2020,1,1,,,1,,0,True,False,0,1,,0.0,0,0,0.0,0,0,1,0,1,0,2,0,8659.0,Ping Hao,,Ping Hao
8660,2004,2004,1,1,,,1,,0,True,False,0,1,,0.0,0,0,0.0,0,0,1,0,1,0,1,0,8660.0,Edward Jacobs,,Edward Jacobs
8661,2020,2020,1,1,,,1,,0,True,False,0,1,,0.0,0,0,0.0,0,0,1,0,1,0,2,0,8661.0,Eric Wright,,Eric Wright
8665,2023,2023,1,1,,,1,,0,True,False,0,1,,0.0,0,0,0.0,0,0,1,0,1,0,1,0,8665.0,Juan Wen,,Juan Wen
8668,2025,2025,1,1,,,1,,0,True,True,0,5,,0.0,0,0,0.0,0,0,2,0,2,2,1,0,8668.0,Guiying Jiang,,Guiying Jiang
8669,2025,2025,1,1,,,1,,0,True,True,0,5,,0.0,0,0,0.0,0,0,2,0,2,2,1,0,8669.0,Qiang Zhou,,Qiang Zhou
8670,2025,2025,1,1,,,1,,0,True,True,0,5,,0.0,0,0,0.0,0,0,2,0,2,2,2,0,8670.0,Na Dong,,Na Dong
8671,2025,2025,1,1,,,1,,0,True,True,0,5,,0.0,0,0,0.0,0,0,2,0,2,2,1,0,8671.0,Guiying Shen,,Guiying Shen
8672,2025,2025,1,1,,,1,,0,True,True,0,5,,0.0,0,0,0.0,0,0,2,0,2,2,1,0,8672.0,Min Li,,Min Li
8679,2023,2023,1,1,,,1,,0,True,False,0,2,,0.0,0,0,0.0,0,0,1,0,1,0,2,0,8679.0,Sandra Reyes,,Sandra Reyes
8684,2023,2023,1,1,,,1,,0,True,False,0,0,,0.0,0,0,0.0,0,0,1,0,1,0,1,0,8684.0,Xiuying Peng,,Xiuying Peng
8685,2023,2025,2,2,,,2,,2,True,False,0,1,,0.0,2,0,2.5,0,0,2,0,2,0,2,1,8685.0,Gang Hao,,Gang Hao
8686,2023,2023,1,1,,,1,,0,True,False,0,0,,0.0,0,0,0.0,0,0,1,0,1,0,1,0,8686.0,Qiang Wu,,Qiang Wu
8689,2024,2024,1,1,,,1,,0,True,False,0,0,,0.0,0,0,0.0,0,0,2,0,2,0,1,0,8689.0,Linda Chase, Neon Rust, Neon Rust
8693,2024,2024,1,1,,,1,,0,True,False,0,0,,0.0,0,0,0.0,0,0,2,0,2,0,1,0,8693.0,Louis Brown,,Louis Brown
8694,2024,2024,1,1,,,1,,0,True,False,0,0,,0.0,0,0,0.0,0,0,2,0,2,0,1,0,8694.0,Ashley Bennett,,Ashley Bennett
8697,2024,2024,1,1,,,1,,0,True,False,0,2,,0.0,0,0,0.0,0,0,2,0,2,0,1,0,8697.0,Michael Grant,,Michael Grant
8699,2016,2016,1,1,,,1,,0,True,False,0,2,,0.0,0,0,0.0,0,0,1,0,1,1,1,0,8699.0,Tao Lei,,Tao Lei
8700,2016,2016,1,1,,,1,,0,True,False,0,2,,0.0,0,0,0.0,0,0,1,0,1,1,1,0,8700.0,Guiying Yao,,Guiying Yao
8701,2004,2016,2,1,,,1,,12,True,False,0,2,,0.0,1,0,0.25,0,0,2,0,2,1,2,0,8701.0,Yang Pan,,Yang Pan
8702,2016,2016,1,1,,,1,,0,True,False,0,2,,0.0,0,0,0.0,0,0,1,0,1,1,2,0,8702.0,Jun Feng,,Jun Feng
8704,2029,2029,1,1,,,1,,0,True,True,0,2,,0.0,0,0,0.0,0,0,0,0,0,0,1,0,8704.0,George Lloyd,,George Lloyd
8705,2029,2029,1,1,,,1,,0,True,True,0,2,,0.0,0,0,0.0,0,0,0,0,0,0,1,0,8705.0,Ryan Hamilton,,Ryan Hamilton
8706,2029,2029,1,1,,,1,,0,True,True,0,2,,0.0,0,0,0.0,0,0,0,0,0,0,2,0,8706.0,David Singleton,,David Singleton
8710,2020,2020,1,1,2020,2020,1,0,0,True,False,0,1,20,0.0,0,0,0.0,0,0,1,0,1,0,1,0,8710.0,Denise Perez,,Denise Perez
8711,2020,2026,2,2,2020,2020,1,0,6,True,False,0,4,20,0.0,0,0,0.3333333333333333,0,0,2,0,2,1,1,0,8711.0,Beth Gray,,Beth Gray
8713,2020,2020,1,1,2020,2020,1,0,0,True,False,0,1,20,0.0,0,0,0.0,0,0,1,0,1,0,1,0,8713.0,Robert Chen,,Robert Chen
8715,2025,2025,1,1,,,1,,0,True,True,0,4,,0.0,0,0,0.0,0,0,1,0,1,0,1,2,8715.0,Ann Anderson,,Ann Anderson
8716,2025,2025,1,1,,,1,,0,True,True,0,4,,0.0,0,0,0.0,0,0,1,0,1,0,1,2,8716.0,Xiuying Mo,,Xiuying Mo
8720,2017,2017,1,1,2017,2017,1,0,0,True,False,0,3,23,0.0,0,0,0.0,0,0,1,0,1,0,1,0,8720.0,Yang Luo,,Yang Luo
8721,2017,2017,1,1,2017,2017,1,0,0,True,False,0,3,23,0.0,0,0,0.0,0,0,1,0,1,0,1,0,8721.0,Perry Lopez,,Perry Lopez
8723,2026,2026,1,1,,,1,,0,True,True,0,1,,0.0,1,0,0.0,0,0,2,0,2,0,1,0,8723.0,Wesley Ford, Treasure, Treasure
8724,2017,2026,2,2,2017,2017,2,0,9,True,False,0,1,23,0.0,1,0,0.3333333333333333,0,0,2,0,2,0,1,0,8724.0,Tao Wei,,Tao Wei
8725,2026,2026,1,1,,,1,,0,True,True,0,1,,0.0,1,0,0.0,0,0,2,0,2,0,2,0,8725.0,Li Hu,,Li Hu
8726,2017,2026,3,3,2017,2017,3,0,9,True,False,0,2,23,0.0,0,0,0.7619047619047619,0,0,3,0,3,0,2,0,8726.0,Xia Zhu,,Xia Zhu
8728,2019,2019,1,1,,,1,,0,True,False,0,0,,0.0,1,0,0.0,0,0,1,0,1,0,1,0,8728.0,Holly Riley,,Holly Riley
8729,2019,2019,1,1,,,1,,0,True,False,0,0,,0.0,1,0,0.0,0,0,1,0,1,0,1,0,8729.0,Julie Rowe,,Julie Rowe
8730,2019,2019,1,1,,,1,,0,True,False,0,0,,0.0,1,0,0.0,0,0,1,0,1,0,1,0,8730.0,Jun Wei,,Jun Wei
8733,2015,2015,1,1,,,1,,0,True,False,0,1,,0.0,3,0,0.0,0,0,2,0,2,1,2,0,8733.0,Timothy Padilla,,Timothy Padilla
8735,2024,2024,1,1,,,1,,0,True,False,0,1,,0.0,0,0,0.0,0,0,1,0,1,0,1,0,8735.0,Jie Ma, Aurora Vale, Aurora Vale
8736,2024,2024,1,1,,,1,,0,True,False,0,1,,0.0,0,0,0.0,0,0,1,0,1,0,1,0,8736.0,Jun Tian,,Jun Tian
8737,2024,2024,1,1,,,1,,0,True,False,0,1,,0.0,0,0,0.0,0,0,1,0,1,0,2,0,8737.0,Juan Shao,,Juan Shao
8738,2024,2024,1,1,,,1,,0,True,False,0,1,,0.0,0,0,0.0,0,0,1,0,1,0,1,0,8738.0,Jing Wang,,Jing Wang
8741,2023,2023,1,1,,,1,,0,True,False,0,1,,0.0,0,0,0.0,0,0,1,0,1,0,1,0,8741.0,Guiying Ding,,Guiying Ding
8742,2023,2023,1,1,,,1,,0,True,False,0,1,,0.0,0,0,0.0,0,0,1,0,1,0,1,0,8742.0,Guiying Shi,,Guiying Shi
8743,2023,2023,1,1,,,1,,0,True,False,0,1,,0.0,0,0,0.0,0,0,1,0,1,0,1,0,8743.0,Juan Yu,,Juan Yu
8744,2023,2023,1,1,,,1,,0,True,False,0,1,,0.0,0,0,0.0,0,0,1,0,1,0,1,0,8744.0,Lola Vermeulen,,Lola Vermeulen
8746,2023,2023,1,1,,,1,,0,True,False,0,1,,0.0,0,0,0.0,0,0,1,0,1,0,1,0,8746.0,Ming Cui,,Ming Cui
8747,2023,2023,1,1,,,1,,0,True,False,0,1,,0.0,0,0,0.0,0,0,1,0,1,0,1,0,8747.0,Yong Xiong,,Yong Xiong
8748,2023,2023,1,1,,,1,,0,True,False,0,1,,0.0,0,0,0.0,0,0,1,0,1,0,1,0,8748.0,Lara Horrocks,,Lara Horrocks
8749,2023,2023,1,1,,,1,,0,True,False,0,1,,0.0,0,0,0.0,0,0,1,0,1,0,1,0,8749.0,Kimberly Young,,Kimberly Young
8752,2009,2024,4,4,2009,2009,1,0,15,True,False,0,3,31,0.0,0,0,0.0,0,0,1,0,1,1,2,0,8752.0,Anita Hamerla,,Anita Hamerla
8755,2004,2004,1,1,,,1,,0,True,False,0,1,,0.0,1,0,0.0,0,0,2,0,2,0,1,0,8755.0,Chris Cook,,Chris Cook
8756,2004,2004,1,1,,,1,,0,True,False,0,1,,0.0,1,0,0.0,0,0,2,0,2,0,2,0,8756.0,Destiny Griffin,,Destiny Griffin
8757,2004,2004,1,1,,,1,,0,True,False,0,1,,0.0,1,0,0.0,0,0,2,0,2,0,1,0,8757.0,Yan Ye,,Yan Ye
8759,1984,1991,2,2,,,2,,7,True,False,0,1,,0.0,0,0,0.5714285714285714,0,0,2,0,2,0,2,0,8759.0,Daniel Collins,,Daniel Collins
8760,1984,1991,2,2,,,2,,7,True,False,0,1,,0.0,0,0,0.5714285714285714,0,0,2,0,2,0,1,0,8760.0,Barbara Moore,,Barbara Moore
8761,1991,1991,1,1,,,1,,0,True,False,0,1,,0.0,0,0,0.0,0,0,1,0,1,0,1,0,8761.0,David Bowen,,David Bowen
8762,1984,1991,2,2,,,2,,7,True,False,0,1,,0.0,0,0,0.5714285714285714,0,0,2,0,2,0,1,0,8762.0,Amanda Morales,,Amanda Morales
8765,2028,2028,1,1,,,1,,0,True,True,0,1,,0.0,0,0,0.0,0,0,1,0,1,0,2,0,8765.0,Ira Gole,,Ira Gole
8767,2020,2020,1,1,,,1,,0,True,False,0,2,,0.0,1,0,0.0,0,0,2,0,2,0,1,0,8767.0,Lei Chen,Stellar Lei,Stellar Lei
8768,2013,2020,2,2,,,2,,7,True,False,0,3,,0.0,2,0,0.5714285714285714,0,0,2,0,2,0,1,0,8768.0,Chao Peng,,Chao Peng
8769,2020,2020,1,1,,,1,,0,True,False,0,2,,0.0,1,0,0.0,0,0,2,0,2,0,1,0,8769.0,Yong Zhou,,Yong Zhou
8772,2013,2013,1,1,,,1,,0,True,False,0,0,,0.0,0,0,0.0,0,0,1,0,1,0,1,0,8772.0,William Tyler,,William Tyler
8774,2027,2027,1,1,,,1,,0,True,True,0,7,,0.0,2,0,0.0,0,0,2,0,2,1,1,0,8774.0,Ming Lai,,Ming Lai
8775,2011,2030,3,3,2011,2030,2,0,19,True,False,1,11,10,0.0,1,0,0.27316293929712465,0,0,4,0,4,2,1,0,8775.0,Jessica Peck,,Jessica Peck
8777,2017,2017,1,1,,,1,,0,True,False,0,1,,0.0,1,0,0.0,0,0,2,0,2,0,1,0,8777.0,Fang Su,,Fang Su
8778,2015,2023,3,3,,,3,,8,True,False,0,4,,0.0,1,0,0.5576923076923076,0,0,4,0,4,1,1,0,8778.0,Xiulan Yao,,Xiulan Yao
8779,2017,2020,2,2,,,2,,3,True,False,0,1,,0.0,1,0,0.0,0,0,2,0,2,0,2,0,8779.0,Min Ding,,Min Ding
8780,2017,2023,2,2,,,2,,6,True,False,0,3,,0.0,1,0,0.5,0,0,3,0,3,0,1,0,8780.0,April Johnson,,April Johnson
8783,2029,2029,1,1,2029,2029,1,0,0,True,True,0,1,11,0.0,1,0,0.0,0,0,1,0,1,0,2,0,8783.0,Chao Tian,,Chao Tian
8784,2029,2029,1,1,2029,2029,1,0,0,True,True,0,1,11,0.0,1,0,0.0,0,0,1,0,1,0,1,0,8784.0,Jun Liang,,Jun Liang
8786,2000,2000,1,1,,,1,,0,True,False,0,2,,0.0,3,0,0.0,0,0,2,0,2,1,1,0,8786.0,Jennifer Cox,,Jennifer Cox
8789,2017,2026,2,2,,,1,,9,True,False,0,1,,0.0,0,0,0.0,0,0,1,0,1,0,1,0,8789.0,Sonia Krochmal,,Sonia Krochmal
8792,2022,2022,1,1,,,1,,0,True,False,0,1,,0.0,1,0,0.0,0,0,1,0,1,0,1,0,8792.0,Xiulan Gu,,Xiulan Gu
8793,2022,2022,1,1,,,1,,0,True,False,0,1,,0.0,1,0,0.0,0,0,1,0,1,0,3,0,8793.0,Kevin Morrow,,Kevin Morrow
8794,2022,2022,1,1,,,1,,0,True,False,0,1,,0.0,1,0,0.0,0,0,1,0,1,0,2,0,8794.0,Michael Montgomery,,Michael Montgomery
8796,2020,2020,1,1,,,1,,0,True,False,0,3,,0.0,0,0,0.0,0,0,1,0,1,1,1,0,8796.0,Ferdinando Nordio,,Ferdinando Nordio
8797,2020,2020,1,1,,,1,,0,True,False,0,3,,0.0,0,0,0.0,0,0,1,0,1,1,2,0,8797.0,Richard Davis,,Richard Davis
8799,2020,2026,2,2,,,2,,6,True,False,0,5,,0.0,0,0,0.5,0,0,1,0,1,1,2,1,8799.0,Eleanora Bersani,,Eleanora Bersani
8802,2014,2020,2,2,,,1,,6,True,False,0,6,,0.0,0,0,0.0,0,0,1,0,1,2,1,0,8802.0,Anya Krishnan,,Anya Krishnan
8804,2020,2020,1,1,,,1,,0,True,False,0,1,,0.0,1,0,0.0,0,0,1,0,1,1,1,0,8804.0,Yan Yi,Verona Static,Verona Static
8807,2010,2010,1,1,,,1,,0,True,False,0,1,,0.0,1,0,0.0,0,0,1,0,1,0,1,0,8807.0,Tao Zhu,,Tao Zhu
8808,2010,2010,1,1,,,1,,0,True,False,0,1,,0.0,1,0,0.0,0,0,1,0,1,0,1,0,8808.0,Min Qian,,Min Qian
8810,2010,2010,1,1,,,1,,0,True,False,0,1,,0.0,1,0,0.0,0,0,1,0,1,0,1,0,8810.0,Jun Hu,,Jun Hu
8817,2012,2012,1,1,,,1,,0,True,False,0,0,,0.0,5,0,0.0,0,0,1,0,1,0,1,0,8817.0,Jun Yu,,Jun Yu
8818,2012,2012,1,1,,,1,,0,True,False,0,0,,0.0,5,0,0.0,0,0,1,0,1,0,1,0,8818.0,Stephanie Wilkerson,,Stephanie Wilkerson
8819,2012,2012,1,1,,,1,,0,True,False,0,0,,0.0,5,0,0.0,0,0,1,0,1,0,1,0,8819.0,Grace Duncan,,Grace Duncan
8822,2010,2010,1,1,2010,2010,1,0,0,True,False,0,6,30,0.0,3,0,0.0,0,0,1,0,1,2,2,0,8822.0,Giacinto Maderna,,Giacinto Maderna
8824,2025,2025,1,1,,,1,,0,True,True,0,1,,0.0,0,0,0.0,0,0,1,0,1,0,1,0,8824.0,Fang Xie,,Fang Xie
8827,2025,2025,1,1,,,1,,0,True,True,0,1,,0.0,0,0,0.0,0,0,1,0,1,0,1,0,8827.0,Fang Qiu,,Fang Qiu
8828,2025,2025,1,1,,,1,,0,True,True,0,1,,0.0,0,0,0.0,0,0,1,0,1,0,2,0,8828.0,Yong Lei,,Yong Lei
8829,2025,2025,1,1,,,1,,0,True,True,0,1,,0.0,0,0,0.0,0,0,1,0,1,0,2,0,8829.0,Juan Pan,,Juan Pan
8830,2025,2025,1,1,,,1,,0,True,True,0,1,,0.0,0,0,0.0,0,0,1,0,1,0,1,0,8830.0,Li Feng,,Li Feng
8831,2025,2025,1,1,,,1,,0,True,True,0,1,,0.0,1,0,0.0,0,0,1,0,1,0,1,0,8831.0,Yong Tao,,Yong Tao
8833,1990,1991,2,2,,,2,,1,True,False,0,1,,0.0,2,0,0.0,0,0,2,0,2,0,2,0,8833.0,Lori Lee,,Lori Lee
8835,2014,2014,1,0,,,1,,0,True,False,0,0,,0.0,0,0,0.0,0,0,1,0,1,0,2,0,8835.0,Michael Hall,,Michael Hall
8839,2028,2028,1,1,,,1,,0,True,True,0,5,,0.0,0,0,0.0,0,0,1,0,1,1,1,1,8839.0,Lori Schmidt,,Lori Schmidt
8841,2004,2004,1,1,,,1,,0,True,False,0,0,,0.0,0,0,0.0,0,0,1,0,1,0,1,0,8841.0,Roman Švec,Roman Svec,Roman Svec
8847,2027,2027,1,1,,,1,,0,True,True,0,1,,0.0,0,0,0.0,0,0,2,0,2,1,1,0,8847.0,Wei Qian,,Wei Qian
8848,2027,2027,1,1,,,1,,0,True,True,0,1,,0.0,0,0,0.0,0,0,2,0,2,1,2,0,8848.0,Yang Zhao,,Yang Zhao
8849,2027,2027,1,1,,,1,,0,True,True,0,1,,0.0,0,0,0.0,0,0,2,0,2,1,1,0,8849.0,Yong Dong,,Yong Dong
8850,2027,2027,1,1,,,1,,0,True,True,0,1,,0.0,0,0,0.0,0,0,2,0,2,1,2,0,8850.0,Xia Dai,,Xia Dai
8851,2021,2027,2,2,,,1,,6,True,False,0,2,,0.0,0,0,0.8333333333333334,0,0,4,0,4,2,1,0,8851.0,Jun Xiang,,Jun Xiang
8853,2023,2023,1,1,,,1,,0,True,False,0,6,,0.0,0,0,0.0,0,0,0,0,0,2,2,0,8853.0,Filippa Piane,,Filippa Piane
8860,2026,2026,1,1,,,1,,0,True,True,0,2,,0.0,0,0,0.0,0,0,2,0,2,0,1,1,8860.0,Stephen Allen,,Stephen Allen
8864,2013,2013,1,1,,,1,,0,True,False,0,1,,0.0,1,0,0.0,0,0,1,0,1,0,1,0,8864.0,Ming Lin,,Ming Lin
8865,2013,2013,1,1,,,1,,0,True,False,0,1,,0.0,1,0,0.0,0,0,1,0,1,0,1,0,8865.0,Yan He,,Yan He
8866,2013,2023,2,2,,,2,,10,True,False,0,2,,0.0,1,0,0.3,0,0,1,0,1,0,1,0,8866.0,Jun Yan,,Jun Yan
8868,2007,2007,1,1,,,1,,0,True,False,0,0,,0.0,0,0,0.0,0,0,1,0,1,0,1,0,8868.0,Valeria Perini,,Valeria Perini
8869,2007,2007,1,1,,,1,,0,True,False,0,0,,0.0,0,0,0.0,0,0,1,0,1,0,1,0,8869.0,Liberto Antonacci,,Liberto Antonacci
8871,2007,2020,2,2,,,2,,13,True,False,0,5,,0.0,0,0,0.3076923076923077,0,0,2,0,2,0,2,0,8871.0,Rossana Colletti,,Rossana Colletti
8875,2022,2022,1,1,,,1,,0,True,False,0,0,,0.0,0,0,0.0,0,0,1,0,1,0,3,0,8875.0,Gregory Jones,,Gregory Jones
8878,2029,2029,1,1,,,1,,0,True,True,0,1,,0.0,1,0,0.0,0,0,1,0,1,0,1,0,8878.0,Lawrence Guzman,,Lawrence Guzman
8879,2029,2029,1,1,,,1,,0,True,True,0,1,,0.0,1,0,0.0,0,0,1,0,1,0,1,0,8879.0,Yang Hou,,Yang Hou
8880,2021,2029,4,4,2023,2023,3,2,8,True,False,0,21,17,0.0,0,0,0.0,0,0,2,0,2,2,2,0,8880.0,Tao Gao,,Tao Gao
8882,2020,2020,1,1,,,1,,0,True,False,0,3,,0.0,0,0,0.0,0,0,1,0,1,0,1,1,8882.0,Xiuying Kang,,Xiuying Kang
8883,2017,2020,2,2,,,1,,3,True,False,0,4,,0.0,0,0,1.0,0,0,1,0,1,0,1,1,8883.0,Jun Xu,,Jun Xu
8884,2017,2020,2,2,,,1,,3,True,False,0,4,,0.0,0,0,1.0,0,0,1,0,1,0,1,1,8884.0,Chao Qiao,,Chao Qiao
8885,2020,2020,1,1,,,1,,0,True,False,0,3,,0.0,0,0,0.0,0,0,1,0,1,0,1,1,8885.0,Karen Robinson,,Karen Robinson
8887,1997,1997,1,1,,,1,,0,True,False,0,0,,0.0,1,0,0.0,0,0,2,0,2,0,1,0,8887.0,Qiang Qiao,,Qiang Qiao
8889,2010,2010,1,1,2010,2010,1,0,0,True,False,0,1,30,0.0,0,0,0.0,0,0,2,0,2,0,2,0,8889.0,Roswita Hande,,Roswita Hande
8890,2010,2010,1,1,2010,2010,1,0,0,True,False,0,1,30,0.0,0,0,0.0,0,0,2,0,2,0,1,0,8890.0,Katrin Steckel,,Katrin Steckel
8893,2025,2025,1,1,,,1,,0,True,True,0,4,,0.0,4,0,0.0,0,0,2,0,2,0,1,0,8893.0,Christopher Evans,Dylan Reed,Dylan Reed
8895,2025,2025,1,1,,,1,,0,True,True,0,2,,0.0,0,0,0.0,0,0,2,0,2,0,1,0,8895.0,Na Wen,,Na Wen
8896,2025,2025,1,1,,,1,,0,True,True,0,2,,0.0,0,0,0.0,0,0,2,0,2,0,1,0,8896.0,Jun Xie,,Jun Xie
8897,2025,2025,1,1,,,1,,0,True,True,0,2,,0.0,0,0,0.0,0,0,2,0,2,0,2,0,8897.0,Xia Meng,,Xia Meng
8898,2025,2025,1,1,,,1,,0,True,True,0,2,,0.0,0,0,0.0,0,0,2,0,2,0,1,0,8898.0,Nadja Gnatz,,Nadja Gnatz
8902,2013,2013,1,1,2013,2013,1,0,0,True,False,0,2,27,0.0,0,0,0.0,0,0,1,0,1,0,2,0,8902.0,Miss Stephanie Middleton,,Miss Stephanie Middleton
8903,2013,2013,1,1,2013,2013,1,0,0,True,False,0,2,27,0.0,0,0,0.0,0,0,1,0,1,0,1,0,8903.0,Nidia Menéndez Mateo,,Nidia Menéndez Mateo
8906,2017,2017,1,1,,,1,,0,True,False,0,1,,0.0,0,0,0.0,0,0,1,0,1,0,1,0,8906.0,Krista Collins,,Krista Collins
8907,2017,2017,1,1,,,1,,0,True,False,0,1,,0.0,0,0,0.0,0,0,1,0,1,0,1,0,8907.0,April Nelson,,April Nelson
8908,2022,2022,1,1,,,1,,0,True,False,0,0,,0.0,1,0,0.0,0,0,2,0,2,0,2,0,8908.0,Guiying Zhou,,Guiying Zhou
8912,2019,2019,1,1,,,1,,0,True,False,0,3,,0.0,0,0,0.0,0,0,1,0,1,0,2,0,8912.0,Garrett Salazar,,Garrett Salazar
8913,2019,2028,2,2,,,2,,9,True,False,0,15,,0.0,0,0,0.0,0,0,2,0,2,2,1,0,8913.0,Richard Goodman,,Richard Goodman
8915,2020,2024,2,2,,,1,,4,True,False,0,2,,0.0,0,0,0.75,0,0,1,0,1,0,1,0,8915.0,Isabelle Baudry de Michel,,Isabelle Baudry de Michel
8916,2020,2024,2,2,,,1,,4,True,False,0,2,,0.0,0,0,0.75,0,0,1,0,1,0,1,0,8916.0,Emmanuel de Blot,,Emmanuel de Blot
8917,2020,2024,2,2,,,1,,4,True,False,0,2,,0.0,0,0,0.75,0,0,1,0,1,0,1,0,8917.0,Bernard-André Rolland,,Bernard-André Rolland
8918,2020,2024,2,2,,,1,,4,True,False,0,2,,0.0,0,0,0.75,0,0,1,0,1,0,1,0,8918.0,Christelle Grégoire,,Christelle Grégoire
8922,2026,2026,1,1,,,1,,0,True,True,0,1,,0.0,1,0,0.0,0,0,1,0,1,0,1,0,8922.0,Sierra Gibson,,Sierra Gibson
8923,2026,2026,1,1,,,1,,0,True,True,0,1,,0.0,1,0,0.0,0,0,1,0,1,0,1,0,8923.0,Qiang Luo,,Qiang Luo
8926,2028,2028,1,1,,,1,,0,True,True,0,2,,0.0,0,0,0.0,0,0,1,0,1,0,2,0,8926.0,Juan Tan,,Juan Tan
8928,2010,2010,1,1,,,1,,0,True,False,0,2,,0.0,1,0,0.0,0,0,1,0,1,0,1,0,8928.0,Anthony Farmer,,Anthony Farmer
8929,1985,2010,3,3,,,1,,25,True,False,0,2,,0.0,0,0,0.04,0,0,3,0,3,0,2,0,8929.0,Timothy Rios,,Timothy Rios
8932,2010,2010,1,1,,,1,,0,True,False,0,1,,0.0,0,0,0.0,0,0,1,0,1,0,1,0,8932.0,Juan Zhu,,Juan Zhu
8934,2010,2021,2,2,,,2,,11,True,False,0,2,,0.0,0,0,0.2727272727272727,0,0,3,0,3,1,2,0,8934.0,Guiying Tan,,Guiying Tan
8935,2010,2010,1,1,,,1,,0,True,False,0,1,,0.0,0,0,0.0,0,0,1,0,1,0,1,0,8935.0,Ping Shi,,Ping Shi
8939,2030,2030,1,1,,,1,,0,True,True,1,1,,0.0,0,0,0.0,0,0,1,0,1,0,1,0,8939.0,Guiying Han,,Guiying Han
8941,2030,2030,1,1,,,1,,0,True,True,1,1,,0.0,0,0,0.0,0,0,1,0,1,0,2,0,8941.0,Samuel Lewis,,Samuel Lewis
8943,2023,2023,1,1,,,1,,0,True,False,0,1,,0.0,2,0,0.0,0,0,1,0,1,0,2,0,8943.0,Steve Bailey,,Steve Bailey
8946,2026,2029,2,2,,,2,,3,True,True,0,6,,0.0,0,0,0.3333333333333333,0,0,2,0,2,1,1,0,8946.0,Yang Yi,,Yang Yi
8948,2029,2029,1,1,,,1,,0,True,True,0,4,,0.0,0,0,0.0,0,0,1,0,1,1,3,0,8948.0,Jing Deng,,Jing Deng
8950,2013,2024,3,3,2014,2024,1,1,11,True,False,0,6,16,0.0,0,0,0.0,0,0,1,0,1,0,3,0,8950.0,Carolyn Donovan,,Carolyn Donovan
8955,2023,2027,2,2,,,1,,4,True,False,0,8,,0.0,1,0,1.0,0,0,2,0,2,1,2,0,8955.0,Stephanie Huhn,,Stephanie Huhn
8957,2020,2020,1,1,,,1,,0,True,False,0,1,,0.0,1,0,0.0,0,0,1,0,1,0,1,0,8957.0,Rainer Mans,,Rainer Mans
8959,2027,2027,1,1,,,1,,0,True,True,0,0,,0.0,0,0,0.0,0,0,1,0,1,0,2,0,8959.0,René Sans,,René Sans
8960,2027,2029,2,2,,,2,,2,True,True,0,1,,0.0,0,0,1.5,0,0,2,0,2,0,1,0,8960.0,Yésica de Oller,,Yésica de Oller
8961,2027,2027,1,1,,,1,,0,True,True,0,0,,0.0,0,0,0.0,0,0,1,0,1,0,1,0,8961.0,Emelina Verdejo Otero,,Emelina Verdejo Otero
8962,2027,2027,1,1,,,1,,0,True,True,0,0,,0.0,0,0,0.0,0,0,1,0,1,0,1,0,8962.0,Inés del Valenciano,,Inés del Valenciano
8965,2017,2017,1,1,,,1,,0,True,False,0,0,,0.0,1,0,0.0,0,0,1,0,1,0,2,0,8965.0,Ping Xue,,Ping Xue
8966,2017,2017,1,1,,,1,,0,True,False,0,0,,0.0,1,0,0.0,0,0,1,0,1,0,1,0,8966.0,Yong Luo,,Yong Luo
8967,2017,2017,1,1,,,1,,0,True,False,0,0,,0.0,1,0,0.0,0,0,1,0,1,0,1,0,8967.0,Tao Bai,,Tao Bai
8970,2026,2026,1,1,,,1,,0,True,True,0,1,,0.0,0,0,0.0,0,0,0,0,0,0,1,0,8970.0,Justin Hensley,,Justin Hensley
8971,2026,2026,1,1,,,1,,0,True,True,0,1,,0.0,0,0,0.0,0,0,0,0,0,0,1,0,8971.0,Amy Marshall,,Amy Marshall
8973,2026,2026,1,1,,,1,,0,True,True,0,1,,0.0,0,0,0.0,0,0,0,0,0,0,1,0,8973.0,Andrea Brooks,,Andrea Brooks
8974,2026,2026,1,1,,,1,,0,True,True,0,1,,0.0,0,0,0.0,0,0,0,0,0,0,1,0,8974.0,Emily Taylor,,Emily Taylor
8976,2026,2026,1,1,,,1,,0,True,True,0,1,,0.0,0,0,0.0,0,0,0,0,0,0,1,0,8976.0,James Bishop,,James Bishop
8979,2020,2020,1,1,,,1,,0,True,False,0,1,,0.0,0,0,0.0,0,0,1,0,1,0,2,0,8979.0,Fang Xiang, THVNDER, THVNDER
8980,2020,2020,1,1,,,1,,0,True,False,0,1,,0.0,0,0,0.0,0,0,1,0,1,0,1,0,8980.0,Li Zhou,,Li Zhou
8982,2020,2020,1,1,,,1,,0,True,False,0,1,,0.0,0,0,0.0,0,0,1,0,1,0,1,0,8982.0,Jun Wang,,Jun Wang
8984,2029,2029,1,1,,,1,,0,True,True,0,3,,0.0,1,0,0.0,0,0,1,0,1,0,1,1,8984.0,Wei Peng, Nebula Prince, Nebula Prince
8985,2029,2029,1,1,,,1,,0,True,True,0,3,,0.0,1,0,0.0,0,0,1,0,1,0,1,1,8985.0,Yan Lin,,Yan Lin
8986,2029,2029,1,1,,,1,,0,True,True,0,3,,0.0,1,0,0.0,0,0,1,0,1,0,1,1,8986.0,Charles Marshall,,Charles Marshall
8991,2013,2013,2,2,2013,2013,1,0,0,True,False,0,1,27,0.0,0,0,0.0,0,0,1,0,1,0,2,0,8991.0,Éric Daniel,,Éric Daniel
8993,2003,2003,1,1,,,1,,0,True,False,0,1,,0.0,0,0,0.0,0,0,1,0,1,0,1,0,8993.0,Cody Rowe,,Cody Rowe
8995,2003,2027,2,2,,,1,,24,True,False,0,2,,0.0,0,0,0.0,0,0,2,0,2,0,1,0,8995.0,Lei Zhu,,Lei Zhu
9001,2029,2029,1,1,,,1,,0,True,True,0,1,,0.0,1,0,0.0,0,0,1,0,1,0,2,0,9001.0,Johnathan Sanchez,,Johnathan Sanchez
9002,2029,2029,1,1,,,1,,0,True,True,0,1,,0.0,1,0,0.0,0,0,1,0,1,0,1,0,9002.0,Li Wei,,Li Wei
9005,2004,2004,1,1,,,1,,0,True,False,0,0,,0.0,1,0,0.0,0,0,1,0,1,0,2,0,9005.0,Michael Anderson,,Michael Anderson
9006,2004,2004,1,1,,,1,,0,True,False,0,0,,0.0,1,0,0.0,0,0,1,0,1,0,1,0,9006.0,Fenna Zwart,,Fenna Zwart
9009,2004,2004,1,1,,,1,,0,True,False,0,1,,0.0,1,0,0.0,0,0,2,0,2,0,1,0,9009.0,Stephanie Fritz,,Stephanie Fritz
9011,2021,2027,2,1,,,2,,6,True,False,0,1,,0.0,0,0,0.0,1,0,0,0,0,0,3,0,9011.0,Jonathan Guerrero,,Jonathan Guerrero
9015,2024,2024,1,1,,,1,,0,True,False,0,2,,0.0,5,0,0.0,0,0,1,0,1,0,2,0,9015.0,Ping Yan,,Ping Yan
9016,2024,2024,1,1,,,1,,0,True,False,0,2,,0.0,5,0,0.0,0,0,1,0,1,0,1,0,9016.0,Jun Meng,,Jun Meng
9017,2024,2024,1,1,,,1,,0,True,False,0,2,,0.0,5,0,0.0,0,0,1,0,1,0,1,0,9017.0,Jie Gao,,Jie Gao
9018,2024,2024,1,1,,,1,,0,True,False,0,2,,0.0,5,0,0.0,0,0,1,0,1,0,2,0,9018.0,Kara Frazier,,Kara Frazier
9020,2020,2020,1,1,,,1,,0,True,False,0,1,,0.0,0,0,0.0,0,0,1,0,1,0,1,0,9020.0,William Duncan,,William Duncan
9022,2020,2020,1,1,,,1,,0,True,False,0,1,,0.0,0,0,0.0,0,0,1,0,1,0,1,0,9022.0,Xiulan Sun,,Xiulan Sun
9023,2020,2020,1,1,,,1,,0,True,False,0,1,,0.0,0,0,0.0,0,0,1,0,1,0,2,0,9023.0,Yasuhiro Sato,,Yasuhiro Sato
9027,2026,2026,1,1,,,1,,0,True,True,0,3,,0.0,0,0,0.0,0,0,1,0,1,0,1,0,9027.0,Chao Xiong,,Chao Xiong
9031,2018,2026,4,3,,,3,,8,True,False,0,15,,0.0,6,0,2.238709677419355,0,0,3,0,3,2,2,0,9031.0,Erica Walton,,Erica Walton
9032,2018,2026,4,3,,,3,,8,True,False,0,15,,0.0,6,0,2.238709677419355,0,0,3,0,3,2,2,0,9032.0,Matthew Yoder,,Matthew Yoder
9034,2010,2021,2,2,,,2,,11,True,False,0,1,,0.0,1,0,0.45454545454545453,0,0,2,0,2,0,1,0,9034.0,Fang Chang,,Fang Chang
9036,2010,2021,2,2,,,2,,11,True,False,0,1,,0.0,1,0,0.45454545454545453,0,0,2,0,2,0,1,0,9036.0,Christine Bartlett,,Christine Bartlett
9037,2020,2021,2,2,,,2,,1,True,False,0,1,,0.0,1,0,5.0,0,0,3,0,3,0,1,0,9037.0,Heather Moss,,Heather Moss
9038,2010,2021,2,2,,,2,,11,True,False,0,1,,0.0,1,0,0.45454545454545453,0,0,2,0,2,0,2,0,9038.0,Elijah Smith,,Elijah Smith
9039,2021,2021,1,1,,,1,,0,True,False,0,1,,0.0,1,0,0.0,0,0,1,0,1,0,1,0,9039.0,Elizabeth Davis,,Elizabeth Davis
9041,2020,2020,1,1,,,1,,0,True,False,0,0,,0.0,2,0,0.0,0,0,1,0,1,0,1,0,9041.0,Kimberly Howe,,Kimberly Howe
9042,2020,2027,2,2,,,2,,7,True,False,0,0,,0.0,3,0,0.42857142857142855,0,0,1,0,1,0,1,0,9042.0,Emilie Rudolph,,Emilie Rudolph
9044,2010,2010,1,1,,,1,,0,True,False,0,2,,0.0,0,0,0.0,0,0,1,0,1,0,1,0,9044.0,Qiang Xiao,,Qiang Xiao
9045,2010,2010,1,1,,,1,,0,True,False,0,2,,0.0,0,0,0.0,0,0,1,0,1,0,1,0,9045.0,Jing Luo,,Jing Luo
9046,2010,2010,1,1,,,1,,0,True,False,0,2,,0.0,0,0,0.0,0,0,1,0,1,0,1,0,9046.0,Fang Zou,,Fang Zou
9047,2010,2010,2,2,,,2,,0,True,False,0,5,,0.0,0,0,0.0,0,0,3,0,3,1,1,0,9047.0,Li Feng,,Li Feng
9049,1984,1984,1,1,,,1,,0,True,False,0,0,,0.0,2,0,0.0,0,0,1,0,1,0,2,0,9049.0,Stephen Obrien,,Stephen Obrien
9050,1984,1996,3,3,,,2,,12,True,False,0,2,,0.0,1,0,0.24311926605504594,0,0,2,0,2,0,1,0,9050.0,Clara Seco-Pelayo,,Clara Seco-Pelayo
9055,2029,2029,1,1,,,1,,0,True,True,0,1,,0.0,0,0,0.0,0,0,2,0,2,0,1,0,9055.0,Margot Becker-Striebitz,Zenith,Zenith
9056,2029,2029,1,1,,,1,,0,True,True,0,1,,0.0,0,0,0.0,0,0,2,0,2,0,1,0,9056.0,Antonia Steinberg-Löffler,,Antonia Steinberg-Löffler
9057,2029,2029,1,1,,,1,,0,True,True,0,1,,0.0,0,0,0.0,0,0,2,0,2,0,2,0,9057.0,Cato Meyer,,Cato Meyer
9058,2029,2029,1,1,,,1,,0,True,True,0,1,,0.0,0,0,0.0,0,0,2,0,2,0,1,0,9058.0,Renske Godfrey van Alemannië,,Renske Godfrey van Alemannië
9063,2023,2023,1,1,,,1,,0,True,False,0,1,,0.0,0,0,0.0,0,0,1,0,1,0,1,0,9063.0,Na Yang,Solar Drift,Solar Drift
9064,2023,2023,1,1,,,1,,0,True,False,0,1,,0.0,0,0,0.0,0,0,1,0,1,0,1,0,9064.0,Ricardo Ward,Jesse Rhodes,Jesse Rhodes
9065,2023,2023,1,1,,,1,,0,True,False,0,1,,0.0,0,0,0.0,0,0,1,0,1,0,1,0,9065.0,Kimberly Moore,,Kimberly Moore
9066,2023,2023,1,1,,,1,,0,True,False,0,1,,0.0,0,0,0.0,0,0,1,0,1,0,1,0,9066.0,Fang Zhou,,Fang Zhou
9067,2023,2023,1,1,,,1,,0,True,False,0,1,,0.0,0,0,0.0,0,0,1,0,1,0,1,0,9067.0,Xiulan Yi,,Xiulan Yi
9071,2023,2023,1,1,2023,2023,1,0,0,True,False,0,1,17,0.0,0,0,0.0,0,0,1,0,1,1,2,0,9071.0,Ashley Brooks,,Ashley Brooks
9074,2020,2020,1,1,,,1,,0,True,False,0,0,,0.0,0,0,0.0,0,0,1,0,1,0,1,0,9074.0,Xiuying Chang,,Xiuying Chang
9075,2020,2020,1,1,,,1,,0,True,False,0,0,,0.0,0,0,0.0,0,0,1,0,1,0,1,0,9075.0,Chao Wu,,Chao Wu
9076,2020,2020,1,1,,,1,,0,True,False,0,0,,0.0,0,0,0.0,0,0,1,0,1,0,1,0,9076.0,Kathleen Martinez,,Kathleen Martinez
9078,2007,2007,1,1,2007,2007,1,0,0,True,False,0,0,33,0.0,0,0,0.0,0,0,2,0,2,0,2,0,9078.0,Michael Gomez,,Michael Gomez
9079,2007,2007,1,1,2007,2007,1,0,0,True,False,0,0,33,0.0,0,0,0.0,0,0,2,0,2,0,1,0,9079.0,Chad Livingston,,Chad Livingston
9080,2007,2007,1,1,2007,2007,1,0,0,True,False,0,0,33,0.0,0,0,0.0,0,0,2,0,2,0,1,0,9080.0,Deanna Haney,,Deanna Haney
9082,2017,2017,1,1,,,1,,0,True,False,0,2,,0.0,0,0,0.0,0,0,2,0,2,1,1,0,9082.0,Lidia Dörschner-Käster,,Lidia Dörschner-Käster
9083,2017,2017,1,1,,,1,,0,True,False,0,2,,0.0,0,0,0.0,0,0,2,0,2,1,1,0,9083.0,Melanie Heß,,Melanie Heß
9086,2004,2004,2,2,,,1,,0,True,False,0,2,,0.0,0,0,0.0,0,0,2,0,2,1,2,0,9086.0,Karl-Ludwig Kensy,,Karl-Ludwig Kensy
9087,2004,2004,1,1,,,1,,0,True,False,0,1,,0.0,0,0,0.0,0,0,2,0,2,1,2,0,9087.0,John Bradley,,John Bradley
9091,2028,2028,1,1,,,1,,0,True,True,0,7,,0.0,0,0,0.0,0,0,1,0,1,1,2,3,9091.0,Xiulan Zhou,,Xiulan Zhou
9093,2028,2028,1,1,,,1,,0,True,True,0,7,,0.0,0,0,0.0,0,0,1,0,1,1,1,3,9093.0,Chao Fang,,Chao Fang
9094,2027,2028,2,2,,,2,,1,True,True,0,8,,0.0,0,0,0.0,0,0,1,0,1,1,2,4,9094.0,Yang Zhang,,Yang Zhang
9097,2017,2017,1,1,,,1,,0,True,False,0,1,,0.0,0,0,0.0,0,0,1,0,1,0,1,0,9097.0,Tao Ye,,Tao Ye
9098,2017,2017,1,1,,,1,,0,True,False,0,1,,0.0,0,0,0.0,0,0,1,0,1,0,1,0,9098.0,Yong Guo,,Yong Guo
9099,2017,2017,1,1,,,1,,0,True,False,0,1,,0.0,0,0,0.0,0,0,1,0,1,0,2,0,9099.0,Juan Duan,,Juan Duan
9101,1981,1981,1,1,,,1,,0,True,False,0,0,,0.0,0,0,0.0,0,0,0,0,0,0,1,0,9101.0,Jun Han,,Jun Han
9106,2028,2028,1,1,,,1,,0,True,True,0,2,,0.0,2,0,0.0,0,0,2,0,2,0,1,0,9106.0,Peter Garcia,,Peter Garcia
9107,2028,2028,1,1,,,1,,0,True,True,0,2,,0.0,2,0,0.0,0,0,2,0,2,0,1,0,9107.0,John Guzman II,,John Guzman II
9108,2010,2028,4,4,2010,2010,2,0,18,True,False,0,3,30,0.0,6,0,1.9285714285714288,0,0,7,0,7,0,2,0,9108.0,Karina Hess,,Karina Hess
9109,2028,2028,1,1,,,1,,0,True,True,0,2,,0.0,2,0,0.0,0,0,2,0,2,0,1,0,9109.0,Sosimo Vila Bayona,,Sosimo Vila Bayona
9110,2028,2028,1,1,,,1,,0,True,True,0,2,,0.0,2,0,0.0,0,0,2,0,2,0,1,0,9110.0,Travis Thompson,,Travis Thompson
9112,2028,2028,1,1,,,1,,0,True,True,0,2,,0.0,2,0,0.0,0,0,2,0,2,0,1,0,9112.0,Elizabeth Stone,,Elizabeth Stone
9119,2023,2023,1,1,,,1,,0,True,False,0,1,,0.0,0,0,0.0,0,0,1,0,1,0,1,0,9119.0,Ping Lai,,Ping Lai
9121,2023,2023,1,1,,,1,,0,True,False,0,1,,0.0,0,0,0.0,0,0,1,0,1,0,1,0,9121.0,Li Gong,,Li Gong
9126,2025,2025,1,1,,,1,,0,True,True,0,1,,0.0,1,0,0.0,0,0,1,0,1,0,1,0,9126.0,Michael Glenn,,Michael Glenn
9128,2025,2025,1,1,,,1,,0,True,True,0,1,,0.0,1,0,0.0,0,0,1,0,1,0,1,0,9128.0,Jie Liang,,Jie Liang
9130,1986,1986,1,1,,,1,,0,True,False,0,0,,0.0,0,0,0.0,0,0,1,0,1,0,1,0,9130.0,Charvi Bains,,Charvi Bains
9131,1986,1986,1,1,,,1,,0,True,False,0,0,,0.0,0,0,0.0,0,0,1,0,1,0,1,0,9131.0,Hrishita Sura,,Hrishita Sura
9134,2029,2029,1,1,,,1,,0,True,True,0,1,,0.0,0,0,0.0,0,0,2,0,2,0,1,0,9134.0,Yang Duan,RAWK ST4R,RAWK ST4R
9135,2029,2029,1,1,,,1,,0,True,True,0,1,,0.0,0,0,0.0,0,0,2,0,2,0,1,0,9135.0,Tao Wan,,Tao Wan
9136,2029,2029,1,1,,,1,,0,True,True,0,1,,0.0,0,0,0.0,0,0,2,0,2,0,1,0,9136.0,Juan Lai,,Juan Lai
9137,2029,2029,1,1,,,1,,0,True,True,0,1,,0.0,0,0,0.0,0,0,2,0,2,0,1,0,9137.0,Jun Dai,,Jun Dai
9138,2029,2029,1,1,,,1,,0,True,True,0,1,,0.0,0,0,0.0,0,0,2,0,2,0,2,0,9138.0,Yong Tang,,Yong Tang
9142,2026,2026,1,1,,,1,,0,True,True,0,3,,0.0,1,0,0.0,0,0,1,0,1,0,2,0,9142.0,Jun Meng,,Jun Meng
9146,2020,2020,1,1,,,1,,0,True,False,0,1,,0.0,1,0,0.0,0,0,1,0,1,0,1,0,9146.0,Jing Cui,,Jing Cui
9147,2025,2025,1,1,,,1,,0,True,True,0,1,,0.0,1,0,0.0,0,0,1,0,1,0,3,0,9147.0,Yang Ma,,Yang Ma
9148,2020,2020,1,1,,,1,,0,True,False,0,1,,0.0,1,0,0.0,0,0,1,0,1,0,1,0,9148.0,Lisa Pennington,,Lisa Pennington
9149,2020,2020,1,1,,,1,,0,True,False,0,1,,0.0,1,0,0.0,0,0,1,0,1,0,1,0,9149.0,Xiuying Shao,,Xiuying Shao
9151,2024,2024,1,1,,,1,,0,True,False,0,2,,0.0,0,0,0.0,0,0,1,0,1,1,1,0,9151.0,Yvonne Powell,Yvonne,Yvonne
9152,2024,2024,1,1,,,1,,0,True,False,0,2,,0.0,0,0,0.0,0,0,1,0,1,1,1,0,9152.0,Gang Qiao,,Gang Qiao
9153,2024,2024,1,1,,,1,,0,True,False,0,2,,0.0,0,0,0.0,0,0,1,0,1,1,1,0,9153.0,Alexa Brown,,Alexa Brown
9154,2024,2024,1,1,,,1,,0,True,False,0,2,,0.0,0,0,0.0,0,0,1,0,1,1,1,0,9154.0,Fang Wei,,Fang Wei
9156,2024,2025,2,2,,,2,,1,True,False,0,5,,0.0,1,0,3.0,0,0,1,0,1,2,1,0,9156.0,Qiang Zhang,,Qiang Zhang
9157,2024,2024,1,1,,,1,,0,True,False,0,2,,0.0,0,0,0.0,0,0,1,0,1,1,1,0,9157.0,Ping Liao,,Ping Liao
9160,2013,2013,1,1,,,1,,0,True,False,0,2,,0.0,2,0,0.0,0,0,1,0,1,0,1,2,9160.0,Daria Ceravolo,,Daria Ceravolo
9162,2007,2007,1,1,,,1,,0,True,False,0,0,,0.0,0,0,0.0,0,0,1,0,1,0,1,0,9162.0,Gioele Monte,,Gioele Monte
9163,2007,2007,1,1,,,1,,0,True,False,0,0,,0.0,0,0,0.0,0,0,1,0,1,0,1,0,9163.0,Ciro Campano,,Ciro Campano
9166,2028,2028,1,1,,,1,,0,True,True,0,9,,0.0,0,0,0.0,0,0,1,0,1,0,1,0,9166.0,Xia Zhou,,Xia Zhou
9167,2028,2028,1,1,,,1,,0,True,True,0,9,,0.0,0,0,0.0,0,0,1,0,1,0,1,0,9167.0,Chao Yan,,Chao Yan
9168,2028,2028,1,1,,,1,,0,True,True,0,9,,0.0,0,0,0.0,0,0,1,0,1,0,1,0,9168.0,Xiulan Dong,,Xiulan Dong
9169,2028,2028,1,1,,,1,,0,True,True,0,9,,0.0,0,0,0.0,0,0,1,0,1,0,1,0,9169.0,Wei Xue,,Wei Xue
9170,2028,2028,1,1,,,1,,0,True,True,0,9,,0.0,0,0,0.0,0,0,1,0,1,0,1,0,9170.0,Ming Li,,Ming Li
9171,2028,2028,1,1,,,1,,0,True,True,0,9,,0.0,0,0,0.0,0,0,1,0,1,0,1,0,9171.0,Xiuying Song,,Xiuying Song
9174,2026,2026,1,1,,,1,,0,True,True,0,3,,0.0,0,0,0.0,0,0,2,0,2,1,1,0,9174.0,Edward Kirby,,Edward Kirby
9176,2028,2028,1,1,,,1,,0,True,True,0,2,,0.0,2,0,0.0,0,0,2,0,2,0,2,0,9176.0,Pamela Roberts,,Pamela Roberts
9177,2013,2013,1,1,,,1,,0,True,False,0,1,,0.0,2,0,0.0,0,0,1,0,1,0,2,0,9177.0,Rubén Medina-Casas,,Rubén Medina-Casas
9178,2013,2013,1,1,,,1,,0,True,False,0,1,,0.0,2,0,0.0,0,0,1,0,1,0,2,0,9178.0,Bianca Sagnelli-Onio,,Bianca Sagnelli-Onio
9179,2013,2028,3,3,,,3,,15,True,False,0,8,,0.0,5,0,0.7428571428571429,0,0,3,0,3,2,1,0,9179.0,Fernanda Guarneri,,Fernanda Guarneri
9180,2028,2028,1,1,,,1,,0,True,True,0,2,,0.0,2,0,0.0,0,0,2,0,2,0,1,0,9180.0,Jun Okada,,Jun Okada
9185,2010,2010,1,1,,,1,,0,True,False,0,1,,0.0,0,0,0.0,0,0,1,0,1,0,2,0,9185.0,Robert Stevenson,,Robert Stevenson
9187,2011,2011,1,1,,,1,,0,True,False,0,0,,0.0,3,0,0.0,0,0,1,0,1,0,1,0,9187.0,Luciano Chindamo,,Luciano Chindamo
9189,2026,2026,1,1,,,1,,0,True,True,0,1,,0.0,0,0,0.0,0,0,1,0,1,0,2,0,9189.0,Giulietta Parini,,Giulietta Parini
9192,2017,2017,1,1,,,1,,0,True,False,0,1,,0.0,3,0,0.0,0,0,1,0,1,0,1,0,9192.0,Alfio Greggio, Bliss, Bliss
9193,2017,2017,1,1,,,1,,0,True,False,0,1,,0.0,3,0,0.0,0,0,1,0,1,0,1,0,9193.0,Bruno Silvestri,,Bruno Silvestri
9194,2017,2027,4,4,2027,2027,3,10,10,True,False,0,2,13,0.0,3,0,0.5,0,0,2,1,3,0,1,0,9194.0,Giuliana Costanzi,,Giuliana Costanzi
9195,2017,2017,1,1,,,1,,0,True,False,0,1,,0.0,3,0,0.0,0,0,1,0,1,0,1,0,9195.0,Gilberto Cainero,,Gilberto Cainero
9196,2017,2017,1,1,,,1,,0,True,False,0,1,,0.0,3,0,0.0,0,0,1,0,1,0,1,0,9196.0,Raffaello Tarchetti,,Raffaello Tarchetti
9197,2017,2017,1,1,,,1,,0,True,False,0,1,,0.0,3,0,0.0,0,0,1,0,1,0,3,0,9197.0,Vincentio Galiazzo,,Vincentio Galiazzo
9198,2017,2017,1,1,,,1,,0,True,False,0,1,,0.0,3,0,0.0,0,0,1,0,1,0,1,0,9198.0,Eva Squarcione,,Eva Squarcione
9199,2017,2023,3,3,,,2,,6,True,False,0,1,,0.0,3,0,0.5,0,0,2,1,3,0,2,0,9199.0,Maura Chiappetta,,Maura Chiappetta
9201,2027,2027,1,1,,,1,,0,True,True,0,4,,0.0,4,0,0.0,1,0,1,0,1,0,2,0,9201.0,Nadine Eberhardt,,Nadine Eberhardt
9202,2020,2027,3,3,,,3,,7,True,False,0,7,,0.0,3,0,2.0,1,0,2,0,2,0,2,0,9202.0,Selma Flantz,,Selma Flantz
9203,2007,2027,3,3,,,3,,20,True,False,0,7,,0.0,6,0,0.7,1,0,3,0,3,0,1,0,9203.0,Bogdan Gehringer,,Bogdan Gehringer
9206,2013,2013,1,1,2013,2013,1,0,0,True,False,0,0,27,0.0,0,0,0.0,0,0,1,0,1,0,1,0,9206.0,Chao Huang,,Chao Huang
9207,2013,2013,1,1,2013,2013,1,0,0,True,False,0,0,27,0.0,0,0,0.0,0,0,1,0,1,0,1,0,9207.0,Lei Duan,,Lei Duan
9208,2013,2013,1,1,2013,2013,1,0,0,True,False,0,0,27,0.0,0,0,0.0,0,0,1,0,1,0,1,0,9208.0,Li Tang,,Li Tang
9210,2013,2017,3,1,,,3,,4,True,False,0,2,,0.0,1,0,1.0,0,0,1,0,1,0,1,0,9210.0,Jing Jin,,Jing Jin
9211,2013,2013,1,0,,,1,,0,True,False,0,0,,0.0,0,0,0.0,0,0,1,0,1,0,1,0,9211.0,Jie Cheng,,Jie Cheng
9212,2013,2013,1,0,,,1,,0,True,False,0,0,,0.0,0,0,0.0,0,0,1,0,1,0,2,0,9212.0,Li Deng,,Li Deng
9213,2013,2017,3,1,,,3,,4,True,False,0,2,,0.0,1,0,1.0,0,0,1,0,1,0,2,0,9213.0,Ming Jia,,Ming Jia
9215,2028,2028,1,1,,,1,,0,True,True,0,3,,0.0,2,0,0.0,0,0,1,0,1,0,1,2,9215.0,Fang Zheng,,Fang Zheng
9217,2028,2028,1,1,,,1,,0,True,True,0,3,,0.0,2,0,0.0,0,0,1,0,1,0,1,2,9217.0,Jun Yang,,Jun Yang
9220,2029,2029,1,1,,,1,,0,True,True,0,1,,0.0,0,0,0.0,0,0,1,0,1,0,2,0,9220.0,Qiang Huang,,Qiang Huang
9221,2029,2029,1,1,,,1,,0,True,True,0,1,,0.0,0,0,0.0,0,0,1,0,1,0,1,0,9221.0,Ming Guo,,Ming Guo
9224,2017,2017,1,1,,,1,,0,True,False,0,0,,0.0,0,0,0.0,0,0,1,0,1,0,1,0,9224.0,Joseph Ponce, THA PROPHET, THA PROPHET
9225,2017,2017,1,1,,,1,,0,True,False,0,0,,0.0,0,0,0.0,0,0,1,0,1,0,1,0,9225.0,Herbert Mcfarland,,Herbert Mcfarland
9226,2017,2017,1,1,,,1,,0,True,False,0,0,,0.0,0,0,0.0,0,0,1,0,1,0,1,0,9226.0,Rachel Montes,,Rachel Montes
9228,2017,2017,1,1,,,1,,0,True,False,0,0,,0.0,0,0,0.0,0,0,1,0,1,0,1,0,9228.0,Rebecca Wise,,Rebecca Wise
9231,1997,2024,3,3,,,3,,27,True,False,0,8,,0.0,6,0,0.40506329113924056,0,0,3,0,3,1,2,1,9231.0,Brett Brown,,Brett Brown
9233,2020,2020,1,1,,,1,,0,True,False,0,1,,0.0,1,0,0.0,0,0,1,0,1,0,1,0,9233.0,Pamela Elliott,,Pamela Elliott
9234,2020,2020,1,1,,,1,,0,True,False,0,1,,0.0,1,0,0.0,0,0,1,0,1,0,1,0,9234.0,Kelli Mckinney,,Kelli Mckinney
9235,2020,2020,1,1,,,1,,0,True,False,0,1,,0.0,1,0,0.0,0,0,1,0,1,0,1,0,9235.0,Bryan Garcia,,Bryan Garcia
9242,2026,2026,1,1,,,1,,0,True,True,0,1,,0.0,0,0,0.0,0,0,1,0,1,0,2,0,9242.0,Reyansh Bir,,Reyansh Bir
9243,2026,2026,1,1,,,1,,0,True,True,0,1,,0.0,0,0,0.0,0,0,1,0,1,0,1,0,9243.0,Zain Datta,,Zain Datta
9246,2023,2023,1,1,,,1,,0,True,False,0,3,,0.0,2,0,0.0,0,0,2,0,2,1,1,0,9246.0,Matthew Chapman,,Matthew Chapman
9247,2023,2023,1,1,,,1,,0,True,False,0,3,,0.0,2,0,0.0,0,0,2,0,2,1,1,0,9247.0,Vicki Morgan,,Vicki Morgan
9248,2023,2023,1,1,,,1,,0,True,False,0,3,,0.0,2,0,0.0,0,0,2,0,2,1,1,0,9248.0,Juan Hou,,Juan Hou
9250,2013,2023,2,2,2023,2023,2,10,10,True,False,0,2,17,0.0,2,0,0.4,0,0,2,0,2,0,2,0,9250.0,Xiulan Zheng,,Xiulan Zheng
9251,2023,2023,1,1,2023,2023,1,0,0,True,False,0,1,17,0.0,1,0,0.0,0,0,1,0,1,0,2,0,9251.0,Yan Duan,,Yan Duan
9252,2023,2023,1,1,2023,2023,1,0,0,True,False,0,1,17,0.0,1,0,0.0,0,0,1,0,1,0,1,0,9252.0,Jie Yin,,Jie Yin
9253,2013,2023,2,2,2023,2023,2,10,10,True,False,0,2,17,0.0,2,0,0.4,0,0,2,0,2,0,2,0,9253.0,Anthony Frost,,Anthony Frost
9254,2013,2013,1,1,,,1,,0,True,False,0,1,,0.0,1,0,0.0,0,0,1,0,1,0,1,0,9254.0,Jing Lin,,Jing Lin
9255,2013,2029,4,4,2020,2020,2,7,16,True,False,0,4,20,0.0,2,0,0.6882882882882883,1,0,1,0,1,0,1,1,9255.0,Lei Hu,,Lei Hu
9257,2027,2029,2,1,2029,2029,1,2,2,True,True,0,1,11,0.0,0,0,0.0,0,0,2,0,2,0,1,0,9257.0,Chao Ye,,Chao Ye
9260,2024,2024,1,1,2024,2024,1,0,0,True,False,0,0,16,0.0,1,0,0.0,0,0,1,0,1,0,2,0,9260.0,Courtney Bennett,,Courtney Bennett
9263,2017,2017,1,1,,,1,,0,True,False,0,1,,0.0,0,0,0.0,0,0,1,0,1,0,2,0,9263.0,Gabriel Seip,,Gabriel Seip
9264,2017,2017,1,1,,,1,,0,True,False,0,1,,0.0,0,0,0.0,0,0,1,0,1,0,1,0,9264.0,Mattias Pohl,,Mattias Pohl
9265,2017,2017,1,1,,,1,,0,True,False,0,1,,0.0,0,0,0.0,0,0,1,0,1,0,1,0,9265.0,Florence Hermighausen,,Florence Hermighausen
9266,2017,2017,1,1,,,1,,0,True,False,0,1,,0.0,0,0,0.0,0,0,1,0,1,0,1,0,9266.0,Paul Baum,,Paul Baum
9268,2022,2022,1,1,,,1,,0,True,False,0,3,,0.0,6,0,0.0,0,0,2,0,2,1,1,0,9268.0,Jie Dong,,Jie Dong
9270,2011,2011,1,1,,,1,,0,True,False,0,0,,0.0,0,0,0.0,0,0,1,0,1,0,1,0,9270.0,Carol Simpson,,Carol Simpson
9271,2011,2011,1,1,,,1,,0,True,False,0,0,,0.0,0,0,0.0,0,0,1,0,1,0,1,0,9271.0,Terri Reynolds,,Terri Reynolds
9273,2011,2011,1,1,,,1,,0,True,False,0,0,,0.0,0,0,0.0,0,0,1,0,1,0,1,0,9273.0,Laura Gordon,,Laura Gordon
9274,2011,2011,1,1,,,1,,0,True,False,0,0,,0.0,0,0,0.0,0,0,1,0,1,0,1,0,9274.0,Cassidy Hubbard,,Cassidy Hubbard
9275,2011,2011,1,1,,,1,,0,True,False,0,0,,0.0,0,0,0.0,0,0,1,0,1,0,1,0,9275.0,Donna Hanson,,Donna Hanson
9276,2011,2011,1,1,,,1,,0,True,False,0,0,,0.0,0,0,0.0,0,0,1,0,1,0,1,0,9276.0,James Aguilar,,James Aguilar
9277,2011,2011,1,1,,,1,,0,True,False,0,0,,0.0,0,0,0.0,0,0,1,0,1,0,1,0,9277.0,Heather Cabrera,,Heather Cabrera
9278,2011,2011,1,1,,,1,,0,True,False,0,0,,0.0,0,0,0.0,0,0,1,0,1,0,1,0,9278.0,Angela Villa,,Angela Villa
9279,2011,2011,1,1,,,1,,0,True,False,0,0,,0.0,0,0,0.0,0,0,1,0,1,0,1,0,9279.0,Katherine Johnston,,Katherine Johnston
9281,1981,2017,2,2,,,1,,36,True,False,0,1,,0.0,0,0,0.0,0,0,2,0,2,0,2,0,9281.0,Heino Ladeck,,Heino Ladeck
9282,1981,1981,1,1,,,1,,0,True,False,0,0,,0.0,0,0,0.0,0,0,1,0,1,0,1,0,9282.0,Asuka Fukuda,,Asuka Fukuda
9286,2012,2017,2,2,,,2,,5,True,False,0,1,,0.0,0,0,0.0,1,0,1,0,1,0,2,0,9286.0,Amber Watson,,Amber Watson
9287,2012,2012,1,1,,,1,,0,True,False,0,0,,0.0,0,0,0.0,0,0,1,0,1,0,1,0,9287.0,Alex Thomas,,Alex Thomas
9288,1987,1987,1,1,,,1,,0,True,False,0,0,,0.0,0,0,0.0,0,0,0,0,0,0,2,0,9288.0,Anthony Ortega,,Anthony Ortega
9293,2018,2018,1,1,,,1,,0,True,False,0,0,,0.0,0,0,0.0,1,0,1,0,1,0,2,0,9293.0,Ming Du,,Ming Du
9297,2019,2019,1,1,,,1,,0,True,False,0,1,,0.0,0,0,0.0,0,0,1,0,1,1,2,0,9297.0,Hans-Jörg Lehmann,,Hans-Jörg Lehmann
9302,2025,2025,1,1,,,1,,0,True,True,0,4,,0.0,1,0,0.0,0,0,1,0,1,1,2,0,9302.0,Xia Li,,Xia Li
9304,2025,2025,1,1,,,1,,0,True,True,0,4,,0.0,1,0,0.0,0,0,1,0,1,1,1,0,9304.0,Yan Xiang,,Yan Xiang
9306,2004,2004,1,1,,,1,,0,True,False,0,0,,0.0,2,0,0.0,0,0,1,0,1,0,2,0,9306.0,Theodore Shaw,,Theodore Shaw
9307,2004,2024,2,2,2024,2024,1,20,20,True,False,0,2,16,0.0,2,0,0.2,0,0,1,0,1,0,1,0,9307.0,Cristina Williams,,Cristina Williams
9309,2022,2022,1,1,,,1,,0,True,False,0,4,,0.0,0,0,0.0,0,0,2,0,2,1,1,1,9309.0,Guiying Hao,,Guiying Hao
9310,2022,2027,2,2,,,1,,5,True,False,0,7,,0.0,5,0,1.0,0,0,3,0,3,1,2,1,9310.0,Xia Guo,,Xia Guo
9311,2022,2022,1,1,,,1,,0,True,False,0,4,,0.0,0,0,0.0,0,0,2,0,2,1,1,1,9311.0,Ping Hou,,Ping Hou
9312,2022,2022,1,1,,,1,,0,True,False,0,4,,0.0,0,0,0.0,0,0,2,0,2,1,1,1,9312.0,Jie Ma,,Jie Ma
9313,2022,2022,1,1,,,1,,0,True,False,0,4,,0.0,0,0,0.0,0,0,2,0,2,1,1,1,9313.0,Gang Gao,,Gang Gao
9314,2022,2022,1,1,,,1,,0,True,False,0,4,,0.0,0,0,0.0,0,0,2,0,2,1,1,1,9314.0,Kelly Johnson,,Kelly Johnson
9315,2022,2022,1,1,,,1,,0,True,False,0,4,,0.0,0,0,0.0,0,0,2,0,2,1,1,1,9315.0,Gang Cui,,Gang Cui
9316,2022,2022,1,1,,,1,,0,True,False,0,4,,0.0,0,0,0.0,0,0,2,0,2,1,1,1,9316.0,Na Gu,,Na Gu
9317,2022,2022,1,1,,,1,,0,True,False,0,4,,0.0,0,0,0.0,0,0,2,0,2,1,1,1,9317.0,Qiang Chang,,Qiang Chang
9318,2022,2022,1,1,,,1,,0,True,False,0,4,,0.0,0,0,0.0,0,0,2,0,2,1,1,1,9318.0,Fang Qiao,,Fang Qiao
9320,2022,2022,1,1,,,1,,0,True,False,0,4,,0.0,0,0,0.0,0,0,2,0,2,1,1,1,9320.0,Yong Meng,,Yong Meng
9321,2022,2022,1,1,,,1,,0,True,False,0,4,,0.0,0,0,0.0,0,0,2,0,2,1,1,1,9321.0,Jie Xu,,Jie Xu
9323,2013,2013,1,1,,,1,,0,True,False,0,1,,0.0,0,0,0.0,0,0,1,0,1,0,1,0,9323.0,Min Liao,,Min Liao
9325,2013,2013,1,1,,,1,,0,True,False,0,1,,0.0,0,0,0.0,0,0,1,0,1,0,2,0,9325.0,Tao Qian,,Tao Qian
9327,1997,1997,1,1,1997,1997,1,0,0,True,False,0,1,43,0.0,0,0,0.0,0,0,1,0,1,0,1,0,9327.0,Herr Heinz-Gerd Schleich,,Herr Heinz-Gerd Schleich
9328,1997,1997,1,1,1997,1997,1,0,0,True,False,0,1,43,0.0,0,0,0.0,0,0,1,0,1,0,1,0,9328.0,Gundel Klapp,,Gundel Klapp
9329,1997,1997,1,1,1997,1997,1,0,0,True,False,0,1,43,0.0,0,0,0.0,0,0,1,0,1,0,1,0,9329.0,Edward Kraushaar,,Edward Kraushaar
9331,2007,2007,1,1,,,1,,0,True,False,0,1,,0.0,0,0,0.0,0,0,1,0,1,1,1,0,9331.0,Jun Mo,,Jun Mo
9332,2007,2007,1,1,,,1,,0,True,False,0,1,,0.0,0,0,0.0,0,0,1,0,1,1,1,0,9332.0,Stacy Moore,,Stacy Moore
9333,2007,2007,1,1,,,1,,0,True,False,0,1,,0.0,0,0,0.0,0,0,1,0,1,1,1,0,9333.0,Jing Lai,,Jing Lai
9334,2007,2025,2,2,,,2,,18,True,False,0,2,,0.0,2,0,0.2777777777777778,0,0,2,0,2,1,1,1,9334.0,Ping Su,,Ping Su
9336,2018,2018,1,1,,,1,,0,True,False,0,1,,0.0,6,0,0.0,0,0,2,0,2,0,2,0,9336.0,Nichole Martinez,,Nichole Martinez
9338,1997,1997,1,0,,,1,,0,True,False,0,1,,0.0,1,0,0.0,0,0,2,0,2,0,1,0,9338.0,Michael Price,,Michael Price
9339,1991,1997,2,1,,,2,,6,True,False,0,1,,0.0,1,0,0.0,0,0,3,0,3,0,1,0,9339.0,Mathew Chapman III,,Mathew Chapman III
9340,1997,1997,1,0,,,1,,0,True,False,0,1,,0.0,1,0,0.0,0,0,2,0,2,0,1,0,9340.0,Margaret Brun,,Margaret Brun
9343,2017,2017,2,2,2017,2017,2,0,0,True,False,0,2,23,0.0,0,0,0.0,0,0,3,0,3,0,2,0,9343.0,Ming Yang,,Ming Yang
9344,2017,2017,2,2,2017,2017,2,0,0,True,False,0,2,23,0.0,0,0,0.0,0,0,3,0,3,0,1,0,9344.0,Lei Gong,,Lei Gong
9346,2023,2023,1,1,,,1,,0,True,False,0,2,,0.0,0,0,0.0,0,0,2,0,2,0,1,0,9346.0,Larry Patel,,Larry Patel
9348,2023,2023,1,1,,,1,,0,True,False,0,2,,0.0,0,0,0.0,0,0,2,0,2,0,1,0,9348.0,Arnav Saran,,Arnav Saran
9349,2023,2023,1,1,,,1,,0,True,False,0,2,,0.0,0,0,0.0,0,0,2,0,2,0,1,0,9349.0,Donna Christensen,,Donna Christensen
9350,2023,2023,1,1,,,1,,0,True,False,0,2,,0.0,0,0,0.0,0,0,2,0,2,0,2,0,9350.0,Madhup Banerjee,,Madhup Banerjee
9351,2023,2023,1,1,,,1,,0,True,False,0,2,,0.0,0,0,0.0,0,0,2,0,2,0,1,0,9351.0,Anthony Bailey,,Anthony Bailey
9354,2023,2023,1,1,,,1,,0,True,False,0,1,,0.0,0,0,0.0,0,0,1,0,1,0,1,0,9354.0,Concetta Davids,,Concetta Davids
9355,2023,2023,1,1,,,1,,0,True,False,0,1,,0.0,0,0,0.0,0,0,1,0,1,0,1,0,9355.0,Patrick Simon,,Patrick Simon
9356,2023,2023,1,1,,,1,,0,True,False,0,1,,0.0,0,0,0.0,0,0,1,0,1,0,1,0,9356.0,Diana White,,Diana White
9357,2023,2023,1,1,,,1,,0,True,False,0,1,,0.0,0,0,0.0,0,0,1,0,1,0,1,0,9357.0,Gregory Rhodes,,Gregory Rhodes
9358,2023,2023,1,1,,,1,,0,True,False,0,1,,0.0,0,0,0.0,0,0,1,0,1,0,1,0,9358.0,Diane Segebahn,,Diane Segebahn
9361,2023,2023,1,0,,,1,,0,True,False,0,1,,0.0,2,0,0.0,0,0,2,0,2,0,1,0,9361.0,Sara Johnson, Electric Eden, Electric Eden
9362,2023,2023,1,0,,,1,,0,True,False,0,1,,0.0,2,0,0.0,0,0,2,0,2,0,2,0,9362.0,Daisy Rose,,Daisy Rose
9363,2023,2023,1,0,,,1,,0,True,False,0,1,,0.0,2,0,0.0,0,0,2,0,2,0,1,0,9363.0,Stephanie Andersen,,Stephanie Andersen
9364,2023,2023,1,0,,,1,,0,True,False,0,1,,0.0,2,0,0.0,0,0,2,0,2,0,1,0,9364.0,Tiffany Simmons,,Tiffany Simmons
9365,2023,2023,1,0,,,1,,0,True,False,0,1,,0.0,2,0,0.0,0,0,2,0,2,0,1,0,9365.0,Mark West,,Mark West
9366,2023,2024,2,1,,,1,,1,True,False,0,4,,0.0,4,0,15.0,0,0,2,0,2,0,1,0,9366.0,Joann Cunningham,,Joann Cunningham
9367,2020,2024,4,3,,,2,,4,True,False,0,6,,0.0,5,0,7.142857142857143,0,0,2,0,2,0,1,0,9367.0,Karen Anderson,,Karen Anderson
9368,2020,2024,3,2,,,2,,4,True,False,0,5,,0.0,6,0,5.576923076923075,0,0,2,0,2,0,1,0,9368.0,Tammy Chen,,Tammy Chen
9369,2024,2024,1,1,,,1,,0,True,False,0,3,,0.0,4,0,0.0,0,0,2,0,2,0,2,0,9369.0,Amy Mack,,Amy Mack
9370,2023,2024,2,1,,,1,,1,True,False,0,4,,0.0,4,0,15.0,0,0,2,0,2,0,1,0,9370.0,James Jackson,,James Jackson
9374,2027,2029,2,2,2029,2029,2,2,2,True,True,0,2,11,0.0,0,0,1.0,0,0,1,0,1,0,2,0,9374.0,Keya Kota,,Keya Kota
9375,2029,2029,1,1,2029,2029,1,0,0,True,True,0,1,11,0.0,0,0,0.0,0,0,1,0,1,0,2,0,9375.0,Biju Swamy,,Biju Swamy
9376,2029,2029,1,1,2029,2029,1,0,0,True,True,0,1,11,0.0,0,0,0.0,0,0,1,0,1,0,2,0,9376.0,Elakshi Venkataraman,,Elakshi Venkataraman
9379,2024,2024,1,1,,,1,,0,True,False,0,1,,0.0,4,0,0.0,0,0,1,0,1,0,1,0,9379.0,Tao He,,Tao He
9380,2020,2028,5,5,2025,2025,3,5,8,True,False,0,6,15,0.0,9,0,2.7371134020618557,0,0,5,1,6,1,1,0,9380.0,Jun Dai,,Jun Dai
9381,2024,2024,1,1,,,1,,0,True,False,0,1,,0.0,4,0,0.0,0,0,1,0,1,0,1,0,9381.0,Min Wu,,Min Wu
9383,1984,1993,2,2,,,2,,9,True,False,0,1,,0.0,2,0,0.2222222222222222,0,0,1,0,1,0,2,0,9383.0,Scott Richmond,,Scott Richmond
9384,1984,1993,3,3,1987,1987,2,3,9,True,False,0,2,53,0.0,1,0,0.3333333333333333,0,0,1,0,1,0,1,0,9384.0,Paula Mercado,,Paula Mercado
9390,2027,2027,1,1,,,1,,0,True,True,0,1,,0.0,0,0,0.0,0,0,2,0,2,0,1,0,9390.0,Xiuying Jiang,FROZT G,FROZT G
9391,2027,2027,1,1,,,1,,0,True,True,0,1,,0.0,0,0,0.0,0,0,2,0,2,0,1,0,9391.0,Li Ren,,Li Ren
9393,2027,2027,1,1,,,1,,0,True,True,0,1,,0.0,0,0,0.0,0,0,2,0,2,0,1,0,9393.0,Qiang Mao,,Qiang Mao
9394,2027,2027,1,1,,,1,,0,True,True,0,1,,0.0,0,0,0.0,0,0,2,0,2,0,1,0,9394.0,Juan Song,,Juan Song
9395,2027,2027,1,1,,,1,,0,True,True,0,1,,0.0,0,0,0.0,0,0,2,0,2,0,1,0,9395.0,Chao Cai,,Chao Cai
9396,2027,2027,1,1,,,1,,0,True,True,0,1,,0.0,0,0,0.0,0,0,2,0,2,0,2,0,9396.0,Monica Dean,,Monica Dean
9398,2017,2017,1,1,,,1,,0,True,False,0,1,,0.0,2,0,0.0,0,0,1,0,1,0,1,0,9398.0,Xiuying Yuan,,Xiuying Yuan
9400,2010,2010,1,1,,,1,,0,True,False,0,1,,0.0,0,0,0.0,0,0,1,0,1,0,2,0,9400.0,Evan Solis,,Evan Solis
9401,2010,2010,1,1,,,1,,0,True,False,0,1,,0.0,0,0,0.0,0,0,1,0,1,0,1,0,9401.0,Katelyn Chavez,,Katelyn Chavez
9402,2010,2010,1,1,,,1,,0,True,False,0,1,,0.0,0,0,0.0,0,0,1,0,1,0,2,0,9402.0,Robert Williams,,Robert Williams
9404,2010,2010,1,1,,,1,,0,True,False,0,1,,0.0,0,0,0.0,0,0,1,0,1,0,1,0,9404.0,Ana Collins,,Ana Collins
9405,2010,2010,1,1,,,1,,0,True,False,0,1,,0.0,0,0,0.0,0,0,1,0,1,0,1,0,9405.0,Richard Rodriguez,,Richard Rodriguez
9407,2018,2018,1,1,,,1,,0,True,False,0,0,,0.0,1,0,0.0,0,0,1,0,1,0,1,0,9407.0,Jing Zou,,Jing Zou
9408,2018,2018,1,1,,,1,,0,True,False,0,0,,0.0,1,0,0.0,0,0,1,0,1,0,1,0,9408.0,Gang Zhang,,Gang Zhang
9409,2018,2018,1,1,,,1,,0,True,False,0,0,,0.0,1,0,0.0,0,0,1,0,1,0,1,0,9409.0,Juan Shen,,Juan Shen
9413,2026,2026,1,1,,,1,,0,True,True,0,2,,0.0,1,0,0.0,0,0,1,0,1,0,1,0,9413.0,Joseph Smith,,Joseph Smith
9415,2020,2024,2,2,2024,2024,2,4,4,True,False,0,9,16,0.0,6,0,1.25,0,0,2,0,2,2,1,0,9415.0,Jie Zou,,Jie Zou
9417,2020,2027,2,1,,,1,,7,True,False,0,3,,0.0,1,0,0.7142857142857143,0,0,1,0,1,0,1,0,9417.0,Fang Ding,,Fang Ding
9418,2020,2027,2,1,,,1,,7,True,False,0,3,,0.0,1,0,0.7142857142857143,0,0,1,0,1,0,2,0,9418.0,Qiang Ding,,Qiang Ding
9419,2020,2020,1,1,,,1,,0,True,False,0,0,,0.0,1,0,0.0,0,0,1,0,1,0,1,0,9419.0,Stacey Christensen,,Stacey Christensen
9421,2030,2030,1,1,2030,2030,1,0,0,True,True,1,1,10,0.0,1,0,0.0,0,0,2,0,2,0,1,0,9421.0,Kari Harvey,,Kari Harvey
9422,2030,2030,1,1,2030,2030,1,0,0,True,True,1,1,10,0.0,1,0,0.0,0,0,2,0,2,0,1,0,9422.0,Dennis Bass,,Dennis Bass
9423,2030,2030,1,1,2030,2030,1,0,0,True,True,1,1,10,0.0,1,0,0.0,0,0,2,0,2,0,1,0,9423.0,Xia Tan,,Xia Tan
9424,2030,2030,1,1,2030,2030,1,0,0,True,True,1,1,10,0.0,1,0,0.0,0,0,2,0,2,0,1,0,9424.0,Yan Jin,,Yan Jin
9425,2030,2030,1,1,2030,2030,1,0,0,True,True,1,1,10,0.0,1,0,0.0,0,0,2,0,2,0,2,0,9425.0,Juan Yu,,Juan Yu
9426,2029,2030,2,2,2030,2030,2,1,1,True,True,1,4,10,0.0,1,0,6.0,0,0,3,0,3,0,1,2,9426.0,Ping Xu,,Ping Xu
9429,2021,2021,1,0,,,1,,0,True,False,0,1,,0.0,0,0,0.0,0,0,1,0,1,0,1,0,9429.0,Qiang Meng,,Qiang Meng
9431,2026,2026,1,1,,,1,,0,True,True,0,1,,0.0,0,0,0.0,0,0,1,0,1,0,1,0,9431.0,Katherine Gutierrez,,Katherine Gutierrez
9432,2026,2026,1,1,,,1,,0,True,True,0,1,,0.0,0,0,0.0,0,0,1,0,1,0,1,0,9432.0,Andrew Montes,,Andrew Montes
9433,2026,2026,1,1,,,1,,0,True,True,0,1,,0.0,0,0,0.0,0,0,1,0,1,0,1,0,9433.0,Susan Briggs,,Susan Briggs
9434,2026,2026,1,1,,,1,,0,True,True,0,1,,0.0,0,0,0.0,0,0,1,0,1,0,1,0,9434.0,Anthony Wheeler,,Anthony Wheeler
9435,2026,2026,1,1,,,1,,0,True,True,0,1,,0.0,0,0,0.0,0,0,1,0,1,0,2,0,9435.0,Arthur Lewis,,Arthur Lewis
9438,2017,2017,1,1,,,1,,0,True,False,0,1,,0.0,0,0,0.0,0,0,1,0,1,0,1,0,9438.0,Gang Xiang,,Gang Xiang
9439,2017,2017,1,1,,,1,,0,True,False,0,1,,0.0,0,0,0.0,0,0,1,0,1,0,1,0,9439.0,Na Duan,,Na Duan
9442,2004,2030,3,2,,,3,,26,True,False,0,3,,0.0,0,0,0.07692307692307693,0,0,2,0,2,0,1,0,9442.0,Michel Fournier-Robert,,Michel Fournier-Robert
9443,2030,2030,1,0,,,1,,0,True,True,0,2,,0.0,0,0,0.0,0,0,1,0,1,0,1,0,9443.0,Anne Lefebvre,,Anne Lefebvre
9444,2004,2004,1,1,,,1,,0,True,False,0,0,,0.0,0,0,0.0,0,0,1,0,1,0,2,0,9444.0,Adrien Gérard,,Adrien Gérard
9447,2027,2027,1,1,,,1,,0,True,True,0,6,,0.0,0,0,0.0,0,0,1,0,1,0,1,6,9447.0,Jie Fang,,Jie Fang
9448,2027,2027,1,1,,,1,,0,True,True,0,6,,0.0,0,0,0.0,0,0,1,0,1,0,1,6,9448.0,Yan Qin,,Yan Qin
9450,1995,1997,2,1,,,2,,2,True,False,0,3,,0.0,0,0,0.0,1,0,2,0,2,0,2,0,9450.0,Maciej Siejak,,Maciej Siejak
9453,2013,2013,1,1,,,1,,0,True,False,0,2,,0.0,0,0,0.0,0,0,1,0,1,0,2,0,9453.0,Xia Deng,,Xia Deng
9455,1997,1997,1,1,,,1,,0,True,False,0,0,,0.0,1,0,0.0,0,0,2,0,2,0,2,0,9455.0,Kylie Clarke,,Kylie Clarke
9456,2009,2009,1,1,,,1,,0,True,False,0,2,,0.0,1,0,0.0,0,0,2,0,2,1,1,0,9456.0,Ashley Patton,,Ashley Patton
9457,2009,2009,1,1,,,1,,0,True,False,0,2,,0.0,1,0,0.0,0,0,2,0,2,1,2,0,9457.0,Jessica Holmes,,Jessica Holmes
9459,2027,2027,1,1,,,1,,0,True,True,0,3,,0.0,0,0,0.0,0,0,1,0,1,0,1,0,9459.0,Chirag Bahri,,Chirag Bahri
9460,2027,2027,1,1,,,1,,0,True,True,0,3,,0.0,0,0,0.0,0,0,1,0,1,0,1,0,9460.0,Raunak Rana,,Raunak Rana
9461,2027,2027,1,1,,,1,,0,True,True,0,3,,0.0,0,0,0.0,0,0,1,0,1,0,2,0,9461.0,Dhanush Baria,,Dhanush Baria
9464,2026,2026,1,1,,,1,,0,True,True,0,2,,0.0,0,0,0.0,0,0,1,0,1,0,2,0,9464.0,Xia Gu,,Xia Gu
9466,2020,2020,1,1,2033,2033,1,13,0,True,False,0,1,7,0.30000000000000004,0,0,0.0,0,0,2,0,2,1,1,0,9466.0,Heidi Bradley,,Heidi Bradley
9467,2020,2020,2,2,2033,2033,2,13,0,True,False,0,4,7,0.30000000000000004,1,0,0.0,0,0,2,0,2,3,1,0,9467.0,Chad Booker,,Chad Booker
9468,2020,2020,2,2,2033,2033,2,13,0,True,False,0,4,7,0.30000000000000004,1,0,0.0,0,0,2,0,2,3,2,0,9468.0,Erin Welch,,Erin Welch
9470,2020,2020,1,1,2033,2033,1,13,0,True,False,0,1,7,0.30000000000000004,0,0,0.0,0,0,2,0,2,1,1,0,9470.0,Kari Dillon,,Kari Dillon
9471,2020,2020,2,2,2033,2033,2,13,0,True,False,0,4,7,0.30000000000000004,1,0,0.0,0,0,2,0,2,3,2,0,9471.0,Gabriel Nash,,Gabriel Nash
9476,2026,2026,1,1,2026,2026,1,0,0,True,True,0,5,14,0.0,0,0,0.0,0,0,1,0,1,0,1,0,9476.0,Jing Zou,,Jing Zou
9477,2026,2026,1,1,2026,2026,1,0,0,True,True,0,5,14,0.0,0,0,0.0,0,0,1,0,1,0,1,0,9477.0,Jing Dong,,Jing Dong
9478,2026,2026,1,1,2026,2026,1,0,0,True,True,0,5,14,0.0,0,0,0.0,0,0,1,0,1,0,1,0,9478.0,Min Lei,,Min Lei
9480,2017,2017,1,1,,,1,,0,True,False,0,5,,0.0,4,0,0.0,0,0,1,0,1,1,1,0,9480.0,Shalv Sarin,,Shalv Sarin
9481,2017,2017,1,1,,,1,,0,True,False,0,5,,0.0,4,0,0.0,0,0,1,0,1,1,1,0,9481.0,Shray Ranganathan,,Shray Ranganathan
9484,2017,2017,1,1,,,1,,0,True,False,0,2,,0.0,0,0,0.0,0,0,1,0,1,0,1,0,9484.0,Chao Han,,Chao Han
9485,2017,2017,1,1,,,1,,0,True,False,0,2,,0.0,0,0,0.0,0,0,1,0,1,0,2,0,9485.0,Jie Lai,,Jie Lai
9486,2017,2017,1,1,,,1,,0,True,False,0,2,,0.0,0,0,0.0,0,0,1,0,1,0,1,0,9486.0,Ping Jia,,Ping Jia
9487,2017,2017,1,1,,,1,,0,True,False,0,2,,0.0,0,0,0.0,0,0,1,0,1,0,2,0,9487.0,Ming Hao,,Ming Hao
9490,2029,2029,1,1,,,1,,0,True,True,0,3,,0.0,2,0,0.0,1,0,1,0,1,0,2,1,9490.0,Guiying Zhang,,Guiying Zhang
9492,2029,2029,1,1,,,1,,0,True,True,0,3,,0.0,2,0,0.0,1,0,1,0,1,0,1,1,9492.0,Jeremy Hahn,,Jeremy Hahn
9494,2029,2029,1,1,,,1,,0,True,True,0,5,,0.0,0,0,0.0,0,0,2,0,2,0,1,3,9494.0,Jie Bai,O.G. SPECTA,O.G. SPECTA
9496,2029,2029,1,1,,,1,,0,True,True,0,5,,0.0,0,0,0.0,0,0,2,0,2,0,1,3,9496.0,Yan Huang,,Yan Huang
9497,2029,2029,1,1,,,1,,0,True,True,0,5,,0.0,0,0,0.0,0,0,2,0,2,0,2,3,9497.0,Chao Kang,,Chao Kang
9498,2029,2029,1,1,,,1,,0,True,True,0,5,,0.0,0,0,0.0,0,0,2,0,2,0,1,3,9498.0,Joseph Cole,,Joseph Cole
9499,2029,2029,1,1,,,1,,0,True,True,0,5,,0.0,0,0,0.0,0,0,2,0,2,0,1,3,9499.0,Rachel Ford,,Rachel Ford
9501,2022,2022,1,1,,,1,,0,True,False,0,0,,0.0,0,0,0.0,0,0,1,0,1,0,2,0,9501.0,Stephen Thompson,Eclipse Etude,Eclipse Etude
9504,2023,2023,1,1,2023,2023,1,0,0,True,False,0,1,17,0.0,1,0,0.0,0,0,2,0,2,0,1,0,9504.0,Antonio Morse,,Antonio Morse
9506,2025,2025,1,1,,,1,,0,True,True,0,1,,0.0,5,0,0.0,0,0,1,0,1,0,1,0,9506.0,Xiuying Shi,,Xiuying Shi
9507,2017,2025,2,2,,,2,,8,True,False,0,2,,0.0,5,0,0.75,0,0,1,0,1,0,1,0,9507.0,Fang Zhu,,Fang Zhu
9508,2013,2025,4,4,,,2,,12,True,False,0,2,,0.0,4,0,1.2408026755852843,0,0,1,1,2,0,2,0,9508.0,Ping Qin,,Ping Qin
9509,2013,2025,4,4,,,2,,12,True,False,0,2,,0.0,4,0,1.2408026755852843,0,0,1,1,2,0,1,0,9509.0,Ping Hao,,Ping Hao
9510,2013,2025,4,4,,,2,,12,True,False,0,2,,0.0,4,0,1.2408026755852843,0,0,1,1,2,0,1,0,9510.0,Fang Yin,,Fang Yin
9514,2004,2004,1,1,,,1,,0,True,False,0,1,,0.0,1,0,0.0,0,0,1,0,1,1,1,0,9514.0,Yang Long,,Yang Long
9515,2004,2007,2,2,,,1,,3,True,False,0,2,,0.0,2,0,1.0,0,0,2,0,2,2,1,0,9515.0,Yang Cheng,,Yang Cheng
9518,2019,2019,1,1,,,1,,0,True,False,0,1,,0.0,0,0,0.0,0,0,1,0,1,0,1,0,9518.0,Ping Liu,,Ping Liu
9519,2019,2019,1,1,,,1,,0,True,False,0,1,,0.0,0,0,0.0,0,0,1,0,1,0,1,0,9519.0,Lei Luo,,Lei Luo
9520,2019,2019,1,1,,,1,,0,True,False,0,1,,0.0,0,0,0.0,0,0,1,0,1,0,1,0,9520.0,Li Ren,,Li Ren
9521,2019,2019,1,1,,,1,,0,True,False,0,1,,0.0,0,0,0.0,0,0,1,0,1,0,1,0,9521.0,Qiang Tan,,Qiang Tan
9522,2019,2019,1,1,,,1,,0,True,False,0,1,,0.0,0,0,0.0,0,0,1,0,1,0,1,0,9522.0,Jun Zhou,,Jun Zhou
9523,2019,2019,1,1,,,1,,0,True,False,0,1,,0.0,0,0,0.0,0,0,1,0,1,0,2,0,9523.0,Guiying Meng,,Guiying Meng
9525,2006,2006,1,1,,,1,,0,True,False,0,0,,0.0,3,0,0.0,0,0,1,0,1,0,1,0,9525.0,Onkar Chacko,,Onkar Chacko
9530,2020,2020,1,1,,,1,,0,True,False,0,0,,0.0,0,0,0.0,0,0,1,0,1,0,1,0,9530.0,Brianna Logan,,Brianna Logan
9531,2020,2024,2,2,2024,2024,1,4,4,True,False,0,1,16,0.0,0,0,2.75,0,0,1,0,1,0,1,0,9531.0,John Gray,,John Gray
9532,2024,2024,1,1,2024,2024,1,0,0,True,False,0,1,16,0.0,0,0,0.0,0,0,1,0,1,0,2,0,9532.0,Dawn Gross,,Dawn Gross
9537,1991,1991,1,1,,,1,,0,True,False,0,1,,0.0,0,0,0.0,0,0,2,0,2,0,2,0,9537.0,Flora Karz,,Flora Karz
9539,2029,2029,1,1,,,1,,0,True,True,0,1,,0.0,0,0,0.0,1,0,1,0,1,0,2,0,9539.0,Neelofar Balan,,Neelofar Balan
9544,2022,2022,2,2,,,2,,0,True,False,0,3,,0.0,3,0,0.0,0,0,2,0,2,0,1,1,9544.0,Radosław Duszkiewicz,,Radosław Duszkiewicz
9550,2023,2023,1,0,,,1,,0,True,False,0,1,,0.0,0,0,0.0,0,0,0,0,0,0,1,0,9550.0,Kristen Lucero,,Kristen Lucero
9553,2022,2022,1,1,,,1,,0,True,False,0,1,,0.0,0,0,0.0,0,0,1,0,1,0,1,0,9553.0,Miranda Robinson, Danny Rhodes, Danny Rhodes
9554,2022,2022,1,1,,,1,,0,True,False,0,1,,0.0,0,0,0.0,0,0,1,0,1,0,1,0,9554.0,Jose Martin,,Jose Martin
9556,2022,2022,1,1,,,1,,0,True,False,0,1,,0.0,0,0,0.0,0,0,1,0,1,0,1,0,9556.0,Jennifer Diaz,,Jennifer Diaz
9558,2020,2026,2,2,2020,2020,1,0,6,True,False,0,7,20,0.0,1,0,0.16666666666666666,0,0,2,0,2,1,1,0,9558.0,Larry Walters,,Larry Walters
9560,2004,2004,1,1,,,1,,0,True,False,0,0,,0.0,1,0,0.0,0,0,0,0,0,0,1,0,9560.0,Valerie Levine,,Valerie Levine
9561,2004,2004,1,1,,,1,,0,True,False,0,0,,0.0,1,0,0.0,0,0,0,0,0,0,2,0,9561.0,Birger Gutknecht,,Birger Gutknecht
9562,2004,2004,1,1,,,1,,0,True,False,0,0,,0.0,1,0,0.0,0,0,0,0,0,0,1,0,9562.0,Holm Segebahn,,Holm Segebahn
9563,2004,2004,1,1,,,1,,0,True,False,0,0,,0.0,1,0,0.0,0,0,0,0,0,0,1,0,9563.0,Robby Schmiedecke,,Robby Schmiedecke
9567,2004,2004,1,1,,,1,,0,True,False,0,0,,0.0,0,0,0.0,0,0,2,0,2,0,2,0,9567.0,Annette Collins,,Annette Collins
9572,2023,2023,1,1,,,1,,0,True,False,0,2,,0.0,0,0,0.0,0,0,1,0,1,0,1,1,9572.0,Yang Qian, FVTAL, FVTAL
9573,2023,2023,1,1,,,1,,0,True,False,0,2,,0.0,0,0,0.0,0,0,1,0,1,0,1,1,9573.0,Juan Deng,,Juan Deng
9574,2023,2023,1,1,,,1,,0,True,False,0,2,,0.0,0,0,0.0,0,0,1,0,1,0,2,1,9574.0,Jun Ye,,Jun Ye
9577,2023,2023,1,1,,,1,,0,True,False,0,0,,0.0,0,0,0.0,0,0,2,0,2,0,1,0,9577.0,Birger Klemt,,Birger Klemt
9578,2023,2023,1,1,,,1,,0,True,False,0,0,,0.0,0,0,0.0,0,0,2,0,2,0,1,0,9578.0,Sheri Calhoun,,Sheri Calhoun
9580,2017,2017,1,1,2017,2017,1,0,0,True,False,0,2,23,0.0,0,0,0.0,0,0,1,0,1,0,1,0,9580.0,Ana Sager,Chromatic Drift,Chromatic Drift
9581,2017,2017,1,1,2017,2017,1,0,0,True,False,0,2,23,0.0,0,0,0.0,0,0,1,0,1,0,1,0,9581.0,Godofredo Franch Sanabria,,Godofredo Franch Sanabria
9582,2017,2017,1,1,2017,2017,1,0,0,True,False,0,2,23,0.0,0,0,0.0,0,0,1,0,1,0,1,0,9582.0,Alicia Koch,,Alicia Koch
9583,2017,2017,1,1,2017,2017,1,0,0,True,False,0,2,23,0.0,0,0,0.0,0,0,1,0,1,0,1,0,9583.0,Roswita Weinhold,,Roswita Weinhold
9589,2028,2028,1,1,,,1,,0,True,True,0,4,,0.0,2,0,0.0,0,0,1,0,1,0,1,0,9589.0,Fang Chang,,Fang Chang
9590,2028,2028,1,1,,,1,,0,True,True,0,4,,0.0,2,0,0.0,0,0,1,0,1,0,2,0,9590.0,Li Jiang,,Li Jiang
9592,2028,2028,1,1,,,1,,0,True,True,0,4,,0.0,2,0,0.0,0,0,1,0,1,0,1,0,9592.0,Tao Jiang,,Tao Jiang
9593,2028,2030,2,2,,,2,,2,True,True,1,9,,0.0,2,0,2.5,0,0,1,0,1,0,2,2,9593.0,Chao Zheng,,Chao Zheng
9595,2023,2030,3,3,2023,2023,3,0,7,True,False,1,11,17,0.0,3,0,1.5,0,0,2,0,2,0,2,3,9595.0,Jie Su,,Jie Su
9596,2028,2028,1,1,,,1,,0,True,True,0,4,,0.0,2,0,0.0,0,0,1,0,1,0,1,0,9596.0,Yang Hou,,Yang Hou
9598,2020,2020,1,1,,,1,,0,True,False,0,0,,0.0,0,0,0.0,0,0,1,0,1,0,1,0,9598.0,Adriana Trobbiani,,Adriana Trobbiani
9599,2020,2020,1,1,,,1,,0,True,False,0,0,,0.0,0,0,0.0,0,0,1,0,1,0,1,0,9599.0,Scott Villa,,Scott Villa
9601,2020,2023,2,2,,,2,,3,True,False,0,1,,0.0,4,0,2.6666666666666665,0,0,3,0,3,0,1,0,9601.0,Melissa Garcia,,Melissa Garcia
9603,2013,2013,1,1,,,1,,0,True,False,0,0,,0.0,0,0,0.0,0,0,2,0,2,0,1,0,9603.0,Chiyo Suzuki,,Chiyo Suzuki
9604,2013,2013,1,1,,,1,,0,True,False,0,0,,0.0,0,0,0.0,0,0,2,0,2,0,1,0,9604.0,Tomoya Nakamura,,Tomoya Nakamura
9605,2013,2013,1,1,,,1,,0,True,False,0,0,,0.0,0,0,0.0,0,0,2,0,2,0,1,0,9605.0,Kaori Watanabe,,Kaori Watanabe
9610,2030,2030,1,1,,,1,,0,True,True,1,1,,0.0,0,0,0.0,0,0,2,0,2,0,1,0,9610.0,Jie Yan,,Jie Yan
9611,2030,2030,1,1,,,1,,0,True,True,1,1,,0.0,0,0,0.0,0,0,2,0,2,0,1,0,9611.0,Robert Santiago,,Robert Santiago
9612,2030,2030,1,1,,,1,,0,True,True,1,1,,0.0,0,0,0.0,0,0,2,0,2,0,1,0,9612.0,Na Fang,,Na Fang
9613,2030,2030,1,1,,,1,,0,True,True,1,1,,0.0,0,0,0.0,0,0,2,0,2,0,1,0,9613.0,Cristian Gross,,Cristian Gross
9614,2030,2030,1,1,,,1,,0,True,True,1,1,,0.0,0,0,0.0,0,0,2,0,2,0,1,0,9614.0,Ping Wan,,Ping Wan
9615,2030,2030,1,1,,,1,,0,True,True,1,1,,0.0,0,0,0.0,0,0,2,0,2,0,2,0,9615.0,Yan Gao,,Yan Gao
9617,2004,2004,1,0,,,1,,0,True,False,0,1,,0.0,0,0,0.0,0,0,1,0,1,0,2,0,9617.0,Molly Whitaker, Static Dream, Static Dream
9619,2017,2017,1,1,,,1,,0,True,False,0,1,,0.0,0,0,0.0,0,0,0,0,0,1,1,0,9619.0,Shelby Kelly,,Shelby Kelly
9620,1997,1997,1,1,1997,1997,1,0,0,True,False,0,0,43,0.0,0,0,0.0,0,0,1,0,1,0,2,0,9620.0,John Sanchez,,John Sanchez
9623,2022,2022,1,1,,,1,,0,True,False,0,1,,0.0,0,0,0.0,0,0,1,0,1,0,1,0,9623.0,Eileen Wiley,,Eileen Wiley
9624,2022,2022,1,1,,,1,,0,True,False,0,1,,0.0,0,0,0.0,0,0,1,0,1,0,1,0,9624.0,Jordan Lawrence,,Jordan Lawrence
9625,2010,2010,1,1,,,1,,0,True,False,0,0,,0.0,0,0,0.0,0,0,2,0,2,0,2,0,9625.0,Candice Torres,,Candice Torres
9626,2022,2022,1,1,,,1,,0,True,False,0,1,,0.0,0,0,0.0,0,0,1,0,1,0,1,0,9626.0,Judy Elliott,,Judy Elliott
9627,2022,2022,1,1,,,1,,0,True,False,0,1,,0.0,0,0,0.0,0,0,1,0,1,0,1,0,9627.0,Kimberly Lopez,,Kimberly Lopez
9629,2029,2029,1,1,,,1,,0,True,True,0,2,,0.0,0,0,0.0,0,0,1,0,1,0,2,1,9629.0,Min Meng,,Min Meng
9632,2029,2029,1,1,,,1,,0,True,True,0,7,,0.0,1,0,0.0,0,0,0,0,0,0,1,3,9632.0,Allison Curtis,,Allison Curtis
9633,2013,2029,3,3,,,3,,16,True,False,0,10,,0.0,0,0,0.29807692307692313,0,0,2,0,2,0,2,3,9633.0,Bryan Smith,,Bryan Smith
9635,2017,2029,2,2,,,2,,12,True,False,0,9,,0.0,1,0,0.25,0,0,1,0,1,0,2,3,9635.0,Ronald Kennedy,,Ronald Kennedy
9638,2019,2019,1,1,,,1,,0,True,False,0,1,,0.0,0,0,0.0,0,0,0,0,0,0,1,0,9638.0,Lei Peng,,Lei Peng
9642,2005,2012,3,3,,,1,,7,True,False,0,2,,0.0,2,0,0.7307692307692308,0,0,2,1,3,0,1,0,9642.0,Jessica Harvey,,Jessica Harvey
9643,2010,2010,1,1,,,1,,0,True,False,0,1,,0.0,3,0,0.0,0,0,2,1,3,0,2,0,9643.0,Timothy Bray,,Timothy Bray
9645,2023,2023,1,1,,,1,,0,True,False,0,2,,0.0,0,0,0.0,0,0,0,0,0,0,2,0,9645.0,Christopher Glover,,Christopher Glover
9648,1986,1986,1,1,,,1,,0,True,False,0,0,,0.0,0,0,0.0,0,0,1,0,1,0,1,0,9648.0,Gunther Hendriks,,Gunther Hendriks
9654,2007,2007,1,1,2007,2007,1,0,0,True,False,0,0,33,0.0,0,0,0.0,1,0,1,0,1,0,1,0,9654.0,Shannon White,,Shannon White
9656,2029,2029,1,1,,,1,,0,True,True,0,3,,0.0,0,0,0.0,0,0,1,0,1,0,1,2,9656.0,Jennifer Harris,,Jennifer Harris
9658,2013,2013,1,1,,,1,,0,True,False,0,1,,0.0,3,0,0.0,0,0,1,0,1,0,1,0,9658.0,Katherine Francis,,Katherine Francis
9660,2006,2006,1,1,,,1,,0,True,False,0,0,,0.0,3,0,0.0,0,0,1,0,1,0,1,0,9660.0,Federico Offredi,,Federico Offredi
9661,2006,2006,1,1,,,1,,0,True,False,0,0,,0.0,3,0,0.0,0,0,1,0,1,0,1,0,9661.0,Lorenzo Orengo,,Lorenzo Orengo
9663,2028,2028,1,1,2028,2028,1,0,0,True,True,0,4,12,0.0,0,0,0.0,0,0,1,0,1,2,1,0,9663.0,Sara Roman,Zenara,Zenara
9665,2028,2028,1,1,2028,2028,1,0,0,True,True,0,4,12,0.0,0,0,0.0,0,0,1,0,1,2,2,0,9665.0,Jeremy Martinez,,Jeremy Martinez
9667,2017,2017,1,1,,,1,,0,True,False,0,0,,0.0,0,0,0.0,0,0,1,0,1,0,2,0,9667.0,Yong Huang,,Yong Huang
9670,2026,2026,1,1,2026,2026,1,0,0,True,True,0,1,14,0.0,0,0,0.0,0,0,1,0,1,0,1,0,9670.0,Jie Lin,,Jie Lin
9671,2026,2026,1,1,2026,2026,1,0,0,True,True,0,1,14,0.0,0,0,0.0,0,0,1,0,1,0,1,0,9671.0,Guiying Mao,,Guiying Mao
9673,2032,2032,1,1,,,1,,0,True,True,1,1,,0.0,1,0,0.0,0,0,1,0,1,0,1,0,9673.0,Min Shen,,Min Shen
9674,2032,2032,1,1,,,1,,0,True,True,1,1,,0.0,1,0,0.0,0,0,1,0,1,0,1,0,9674.0,Li Jiang,,Li Jiang
9675,2032,2032,1,1,,,1,,0,True,True,1,1,,0.0,1,0,0.0,0,0,1,0,1,0,2,0,9675.0,Xia Tang,,Xia Tang
9678,1993,1993,1,1,,,1,,0,True,False,0,1,,0.0,1,0,0.0,0,0,1,0,1,0,2,0,9678.0,Taro Sakamoto,Owen Hart,Owen Hart
9680,1993,1993,1,1,,,1,,0,True,False,0,1,,0.0,1,0,0.0,0,0,1,0,1,0,1,0,9680.0,Robert Ryan,,Robert Ryan
9682,2017,2017,1,1,,,1,,0,True,False,0,1,,0.0,4,0,0.0,0,0,1,0,1,0,1,0,9682.0,Min Shi,,Min Shi
9684,2023,2023,1,1,,,1,,0,True,False,0,1,,0.0,0,0,0.0,0,0,1,0,1,0,1,0,9684.0,Tao Jia,,Tao Jia
9686,2013,2013,1,1,,,1,,0,True,False,0,1,,0.0,1,0,0.0,0,0,1,0,1,0,1,1,9686.0,Pauline Guyot de la Maillet,,Pauline Guyot de la Maillet
9687,2013,2013,1,1,,,1,,0,True,False,0,1,,0.0,1,0,0.0,0,0,1,0,1,0,2,1,9687.0,Charles du Perez,,Charles du Perez
9688,2013,2013,1,1,,,1,,0,True,False,0,1,,0.0,1,0,0.0,0,0,1,0,1,0,1,1,9688.0,Adrien Weiss,,Adrien Weiss
9691,2014,2014,1,1,,,1,,0,True,False,0,0,,0.0,0,0,0.0,0,0,1,0,1,0,1,0,9691.0,Brenda Dunn,,Brenda Dunn
9692,2019,2019,1,1,,,1,,0,True,False,0,0,,0.0,0,0,0.0,0,0,1,0,1,0,2,0,9692.0,Ivana Din,,Ivana Din
9694,2029,2029,1,1,,,1,,0,True,True,0,1,,0.0,1,0,0.0,0,0,2,0,2,0,1,0,9694.0,Minoru Ikeda,,Minoru Ikeda
9695,2029,2029,1,1,,,1,,0,True,True,0,1,,0.0,1,0,0.0,0,0,2,0,2,0,1,0,9695.0,Hanako Suzuki,,Hanako Suzuki
9697,2020,2020,1,1,2020,2020,1,0,0,True,False,0,5,20,0.0,0,0,0.0,0,0,1,0,1,1,1,0,9697.0,Na Zhang,,Na Zhang
9698,2020,2023,2,2,2020,2020,2,0,3,True,False,0,7,20,0.0,0,0,0.3333333333333333,0,0,1,0,1,2,1,0,9698.0,Jie Cui,,Jie Cui
9699,2020,2020,1,1,2020,2020,1,0,0,True,False,0,5,20,0.0,0,0,0.0,0,0,1,0,1,1,3,0,9699.0,Ming Chen,,Ming Chen
9700,2020,2020,1,1,2020,2020,1,0,0,True,False,0,5,20,0.0,0,0,0.0,0,0,1,0,1,1,1,0,9700.0,Jaime Watkins,,Jaime Watkins
9701,2020,2023,2,2,2020,2020,2,0,3,True,False,0,7,20,0.0,0,0,0.3333333333333333,0,0,1,0,1,2,1,0,9701.0,Maria Shea,,Maria Shea
9703,2013,2013,1,1,,,1,,0,True,False,0,0,,0.0,1,0,0.0,0,0,1,0,1,0,2,0,9703.0,Na Wen,,Na Wen
9704,2013,2013,2,2,,,2,,0,True,False,0,2,,0.0,1,0,0.0,0,0,1,0,1,0,2,1,9704.0,Xiulan Liang,,Xiulan Liang
9707,2020,2020,1,1,,,1,,0,True,False,0,1,,0.0,1,0,0.0,0,0,1,0,1,0,2,0,9707.0,Jason Underwood,,Jason Underwood
9710,2014,2014,1,1,,,1,,0,True,False,0,0,,0.0,3,0,0.0,0,0,1,0,1,0,2,0,9710.0,Feliciano Pizarro Moll,,Feliciano Pizarro Moll
9711,2014,2014,1,1,,,1,,0,True,False,0,0,,0.0,3,0,0.0,0,0,1,0,1,0,2,0,9711.0,Alphons Donati-Pederiva,,Alphons Donati-Pederiva
9712,2010,2014,2,2,,,1,,4,True,False,0,1,,0.0,3,0,1.25,0,0,1,0,1,0,1,1,9712.0,Augusto Villaverde Armengol,,Augusto Villaverde Armengol
9714,2020,2020,1,1,,,1,,0,True,False,0,0,,0.0,2,0,0.0,0,0,1,0,1,0,1,0,9714.0,Milica Textor-Sorgatz,,Milica Textor-Sorgatz
9715,2020,2020,1,1,,,1,,0,True,False,0,0,,0.0,2,0,0.0,0,0,1,0,1,0,2,0,9715.0,Oliver Henschel,,Oliver Henschel
9718,1991,1991,1,1,,,1,,0,True,False,0,0,,0.0,0,0,0.0,0,0,1,0,1,0,2,0,9718.0,Nancy Pierce,,Nancy Pierce
9720,2017,2017,1,1,,,1,,0,True,False,0,4,,0.0,1,0,0.0,0,0,1,0,1,0,2,0,9720.0,Brianna Hopkins,,Brianna Hopkins
9721,2026,2026,1,1,,,1,,0,True,True,0,7,,0.0,2,0,0.0,0,0,1,0,1,0,1,0,9721.0,Hector Davis,,Hector Davis
9722,2017,2017,1,1,,,1,,0,True,False,0,4,,0.0,1,0,0.0,0,0,1,0,1,0,1,0,9722.0,Amy Alexander,,Amy Alexander
9725,2000,2000,1,1,,,1,,0,True,False,0,1,,0.0,0,0,0.0,0,0,1,0,1,0,1,0,9725.0,Gang Yuan,,Gang Yuan
9726,2000,2000,1,1,,,1,,0,True,False,0,1,,0.0,0,0,0.0,0,0,1,0,1,0,1,0,9726.0,Wei Lin,,Wei Lin
9727,2000,2004,2,2,,,2,,4,True,False,0,2,,0.0,0,0,0.25,0,0,1,0,1,0,1,0,9727.0,Lei Long,,Lei Long
9728,2000,2000,1,1,,,1,,0,True,False,0,1,,0.0,0,0,0.0,0,0,1,0,1,0,1,0,9728.0,Christina Smith,,Christina Smith
9730,2010,2010,1,1,,,1,,0,True,False,0,1,,0.0,1,0,0.0,0,0,1,0,1,0,1,0,9730.0,Min Zheng,,Min Zheng
9731,2010,2010,1,1,,,1,,0,True,False,0,1,,0.0,1,0,0.0,0,0,1,0,1,0,1,0,9731.0,Tao Tang,,Tao Tang
9732,2010,2010,1,1,,,1,,0,True,False,0,1,,0.0,1,0,0.0,0,0,1,0,1,0,1,0,9732.0,Guiying Yuan,,Guiying Yuan
9733,2010,2010,1,1,,,1,,0,True,False,0,1,,0.0,1,0,0.0,0,0,1,0,1,0,1,0,9733.0,Ping Meng,,Ping Meng
9734,2013,2013,1,1,,,1,,0,True,False,0,3,,0.0,1,0,0.0,0,0,1,0,1,0,2,0,9734.0,Wei Huang,,Wei Huang
9738,2020,2028,2,2,,,2,,8,True,False,0,2,,0.0,1,0,0.0,0,0,2,0,2,1,2,0,9738.0,Jing Pan,,Jing Pan
9740,2025,2025,1,1,,,1,,0,True,True,0,1,,0.0,0,0,0.0,0,0,0,0,0,0,2,0,9740.0,Jun Zou,,Jun Zou
9742,2025,2025,1,1,,,1,,0,True,True,0,1,,0.0,0,0,0.0,0,0,0,0,0,0,1,0,9742.0,Qiang Mo,,Qiang Mo
9743,2025,2025,1,1,,,1,,0,True,True,0,1,,0.0,0,0,0.0,0,0,0,0,0,0,1,0,9743.0,Yan Wang,,Yan Wang
9746,2023,2023,1,1,,,1,,0,True,False,0,1,,0.0,0,0,0.0,0,0,1,0,1,0,1,0,9746.0,Loredana Bertolucci,,Loredana Bertolucci
9747,2023,2023,1,1,,,1,,0,True,False,0,1,,0.0,0,0,0.0,0,0,1,0,1,0,2,0,9747.0,Annetta Fanucci,,Annetta Fanucci
9748,2023,2023,1,1,,,1,,0,True,False,0,1,,0.0,0,0,0.0,0,0,1,0,1,0,1,0,9748.0,Rolando Paruta,,Rolando Paruta
9751,2024,2024,1,1,,,1,,0,True,False,0,6,,0.0,0,0,0.0,0,0,1,0,1,1,2,0,9751.0,Xiulan Yuan,,Xiulan Yuan
9752,2021,2024,2,2,,,2,,3,True,False,0,10,,0.0,0,0,0.3333333333333333,0,0,1,0,1,2,1,0,9752.0,Chao Wei,,Chao Wei
9753,2021,2026,2,2,2026,2026,2,5,5,True,False,0,9,14,0.0,1,0,0.6,0,0,2,0,2,2,2,0,9753.0,Yan Gong,,Yan Gong
9757,2013,2013,1,1,,,1,,0,True,False,0,1,,0.0,0,0,0.0,0,0,1,0,1,0,1,0,9757.0,Wei Ye,,Wei Ye
9758,2013,2013,1,1,,,1,,0,True,False,0,1,,0.0,0,0,0.0,0,0,1,0,1,0,1,0,9758.0,Ming Meng,,Ming Meng
9760,2029,2029,1,1,,,1,,0,True,True,0,3,,0.0,3,0,0.0,0,0,2,0,2,0,1,0,9760.0,Jie Qiao,,Jie Qiao
9761,2016,2029,2,2,,,2,,13,True,False,0,3,,0.0,3,0,0.6923076923076923,0,0,3,0,3,0,1,0,9761.0,Dawn Nelson,,Dawn Nelson
9762,2029,2029,1,1,,,1,,0,True,True,0,3,,0.0,3,0,0.0,0,0,2,0,2,0,1,0,9762.0,Yang Zou,,Yang Zou
9763,2029,2029,1,1,,,1,,0,True,True,0,3,,0.0,3,0,0.0,0,0,2,0,2,0,1,0,9763.0,Christopher Nelson,,Christopher Nelson
9764,2004,2029,2,2,,,2,,25,True,False,0,3,,0.0,3,0,0.0,0,0,2,0,2,0,3,0,9764.0,Juan Xiong,,Juan Xiong
9765,2016,2029,2,2,,,2,,13,True,False,0,3,,0.0,3,0,0.6923076923076923,0,0,3,0,3,0,1,0,9765.0,Wei Liao,,Wei Liao
9767,2013,2017,2,2,,,1,,4,True,False,0,2,,0.0,3,0,1.0,0,0,2,0,2,0,1,0,9767.0,Giovanni Sauer,,Giovanni Sauer
9768,2013,2017,2,2,,,1,,4,True,False,0,2,,0.0,3,0,1.0,0,0,2,0,2,0,1,0,9768.0,Adalbert Adolph,,Adalbert Adolph
9771,2013,2023,2,2,,,1,,10,True,False,0,2,,0.0,3,0,0.2,0,0,1,1,2,0,2,0,9771.0,Kristen Parks,,Kristen Parks
9776,1994,1994,1,1,,,1,,0,True,False,0,0,,0.0,0,0,0.0,0,0,1,0,1,0,1,0,9776.0,Leslie Page,,Leslie Page
9779,2002,2002,1,1,,,1,,0,True,False,0,1,,0.0,0,0,0.0,0,0,1,0,1,0,2,0,9779.0,Katie Johnston,,Katie Johnston
9781,2029,2029,1,1,2029,2029,1,0,0,True,True,0,1,11,0.0,1,0,0.0,0,0,1,0,1,0,1,1,9781.0,Ryan Rodriguez,,Ryan Rodriguez
9782,2029,2029,1,1,2029,2029,1,0,0,True,True,0,1,11,0.0,1,0,0.0,0,0,1,0,1,0,1,1,9782.0,Karen Munoz,,Karen Munoz
9783,2029,2029,1,1,2029,2029,1,0,0,True,True,0,1,11,0.0,1,0,0.0,0,0,1,0,1,0,1,1,9783.0,Ping Ma,,Ping Ma
9784,2029,2029,1,1,2029,2029,1,0,0,True,True,0,1,11,0.0,1,0,0.0,0,0,1,0,1,0,1,1,9784.0,Guiying Wu,,Guiying Wu
9785,2029,2029,1,1,2029,2029,1,0,0,True,True,0,1,11,0.0,1,0,0.0,0,0,1,0,1,0,1,1,9785.0,Qiang Pan,,Qiang Pan
9786,2010,2029,2,2,2029,2029,2,19,19,True,False,0,1,11,0.0,1,0,0.0,0,0,2,0,2,0,1,1,9786.0,Ping Cai,,Ping Cai
9789,2027,2027,1,1,,,1,,0,True,True,0,2,,0.0,0,0,0.0,0,0,1,0,1,0,1,0,9789.0,Pierre David,,Pierre David
9790,2027,2027,1,1,,,1,,0,True,True,0,2,,0.0,0,0,0.0,0,0,1,0,1,0,1,0,9790.0,Philippine du Pottier,,Philippine du Pottier
9791,2027,2027,1,1,,,1,,0,True,True,0,2,,0.0,0,0,0.0,0,0,1,0,1,0,2,0,9791.0,Charlotte Marchand,,Charlotte Marchand
9793,2021,2021,1,1,,,1,,0,True,False,0,1,,0.0,0,0,0.0,0,0,1,0,1,0,1,0,9793.0,Jie Long,,Jie Long
9794,2021,2021,1,1,,,1,,0,True,False,0,1,,0.0,0,0,0.0,0,0,1,0,1,0,2,0,9794.0,Min Fu,,Min Fu
9796,2027,2027,1,1,,,1,,0,True,True,0,3,,0.0,0,0,0.0,0,0,1,0,1,1,1,0,9796.0,Jing Wei,,Jing Wei
9799,2017,2017,1,1,2017,2017,1,0,0,True,False,0,1,23,0.0,0,0,0.0,0,0,0,0,0,0,1,0,9799.0,Robert Bass,,Robert Bass
9804,2007,2007,1,1,,,1,,0,True,False,0,1,,0.0,1,0,0.0,0,0,1,0,1,0,1,0,9804.0,Tao Hu,,Tao Hu
9805,2007,2007,1,1,,,1,,0,True,False,0,1,,0.0,1,0,0.0,0,0,1,0,1,0,1,0,9805.0,Bradley Mendez,,Bradley Mendez
9806,2007,2007,1,1,,,1,,0,True,False,0,1,,0.0,1,0,0.0,0,0,1,0,1,0,1,0,9806.0,Li Xiong,,Li Xiong
9809,2018,2030,3,3,2018,2018,3,0,12,True,False,1,9,22,0.0,2,0,0.16666666666666666,0,0,1,0,1,2,1,0,9809.0,Guiying Kang,,Guiying Kang
9811,2020,2020,1,1,,,1,,0,True,False,0,0,,0.0,1,0,0.0,0,0,2,0,2,0,1,0,9811.0,Micheal Mcguire,,Micheal Mcguire
9812,2020,2020,1,1,,,1,,0,True,False,0,0,,0.0,1,0,0.0,0,0,2,0,2,0,1,0,9812.0,Yong Shen,,Yong Shen
9813,2020,2020,1,1,,,1,,0,True,False,0,0,,0.0,1,0,0.0,0,0,2,0,2,0,1,0,9813.0,Ming Mao,,Ming Mao
9814,2020,2020,1,1,,,1,,0,True,False,0,0,,0.0,1,0,0.0,0,0,2,0,2,0,1,0,9814.0,Tao Shen,,Tao Shen
9816,1997,1997,1,1,1997,1997,1,0,0,True,False,0,0,43,0.0,2,0,0.0,0,0,1,0,1,0,1,0,9816.0,Klara Kuźnia,,Klara Kuźnia
9819,2023,2023,1,1,,,1,,0,True,False,0,1,,0.0,1,0,0.0,0,0,1,0,1,1,2,0,9819.0,Min Shi,,Min Shi
9820,2023,2023,1,1,,,1,,0,True,False,0,1,,0.0,1,0,0.0,0,0,1,0,1,1,1,0,9820.0,Jessica Schroeder,,Jessica Schroeder
9821,2023,2023,1,1,,,1,,0,True,False,0,1,,0.0,1,0,0.0,0,0,1,0,1,1,1,0,9821.0,Na Jia,,Na Jia
9822,2020,2020,1,1,,,1,,0,True,False,0,1,,0.0,0,0,0.0,0,0,1,0,1,0,2,0,9822.0,Qiang Han,,Qiang Han
9826,2010,2010,1,1,,,1,,0,True,False,0,1,,0.0,0,0,0.0,0,0,1,0,1,0,1,0,9826.0,Friedrich Eberhardt,,Friedrich Eberhardt
9828,2022,2022,1,1,,,1,,0,True,False,0,0,,0.0,0,0,0.0,0,0,1,0,1,0,1,0,9828.0,Allison Harris,,Allison Harris
9830,2020,2020,1,1,,,1,,0,True,False,0,4,,0.0,5,0,0.0,0,0,2,0,2,1,1,0,9830.0,Micheal Collins,,Micheal Collins
9832,2025,2025,1,1,,,1,,0,True,True,0,2,,0.0,0,0,0.0,0,0,1,0,1,0,2,0,9832.0,Herminia Vazquez-Sainz,,Herminia Vazquez-Sainz
9836,2029,2029,1,1,,,1,,0,True,True,0,5,,0.0,0,0,0.0,0,0,0,0,0,0,2,0,9836.0,Yan Lai,,Yan Lai
9837,2029,2029,1,1,,,1,,0,True,True,0,5,,0.0,0,0,0.0,0,0,0,0,0,0,2,0,9837.0,Guiying Wei,,Guiying Wei
9838,2029,2029,1,1,,,1,,0,True,True,0,5,,0.0,0,0,0.0,0,0,0,0,0,0,1,0,9838.0,Juan Ye,,Juan Ye
9841,2007,2007,1,1,,,1,,0,True,False,0,1,,0.0,1,0,0.0,0,0,2,0,2,0,1,0,9841.0,Kazuya Maeda,,Kazuya Maeda
9845,2014,2014,1,1,,,1,,0,True,False,0,1,,0.0,0,0,0.0,0,0,1,0,1,0,1,0,9845.0,Ming Dai,,Ming Dai
9846,2014,2014,1,1,,,1,,0,True,False,0,1,,0.0,0,0,0.0,0,0,1,0,1,0,2,0,9846.0,Gang Mao,,Gang Mao
9850,2029,2029,1,1,,,1,,0,True,True,0,1,,0.0,0,0,0.0,0,0,0,0,0,0,2,0,9850.0,Umang Bala,,Umang Bala
9851,2029,2029,1,1,,,1,,0,True,True,0,1,,0.0,0,0,0.0,0,0,0,0,0,0,1,0,9851.0,Samarth Saraf,,Samarth Saraf
9856,2017,2017,1,1,,,1,,0,True,False,0,1,,0.0,0,0,0.0,0,0,1,0,1,0,2,0,9856.0,Kunigunda Losekann,,Kunigunda Losekann
9859,2017,2017,1,1,,,1,,0,True,False,0,1,,0.0,0,0,0.0,0,0,1,0,1,0,1,0,9859.0,Darko Kambs,,Darko Kambs
9860,2017,2017,1,1,,,1,,0,True,False,0,1,,0.0,0,0,0.0,0,0,1,0,1,0,1,0,9860.0,Rolf Pölitz,,Rolf Pölitz
9863,2025,2026,2,2,,,2,,1,True,True,0,5,,0.0,1,0,3.0,1,0,2,0,2,0,1,4,9863.0,Qiang Gao,,Qiang Gao
9864,2026,2026,1,1,,,1,,0,True,True,0,4,,0.0,0,0,0.0,0,0,2,0,2,0,1,3,9864.0,Ping Qian,,Ping Qian
9865,2026,2026,1,1,,,1,,0,True,True,0,4,,0.0,0,0,0.0,0,0,2,0,2,0,1,3,9865.0,Ping Guo,,Ping Guo
9866,2025,2026,2,2,,,2,,1,True,True,0,5,,0.0,1,0,3.0,1,0,2,0,2,0,2,4,9866.0,Ping Wan,,Ping Wan
9869,2024,2024,1,1,,,1,,0,True,False,0,0,,0.0,1,0,0.0,0,0,1,0,1,0,1,0,9869.0,Sharon Mcclain,,Sharon Mcclain
9870,2026,2026,1,1,2026,2026,1,0,0,True,True,0,3,14,0.0,3,0,0.0,0,0,1,0,1,0,2,1,9870.0,William Alexander,,William Alexander
9874,2020,2020,1,1,,,1,,0,True,False,0,2,,0.0,0,0,0.0,0,0,1,0,1,0,2,0,9874.0,Scott Kemp,,Scott Kemp
9876,2007,2007,4,4,,,2,,0,True,False,0,3,,0.0,0,0,0.0,0,0,1,0,1,0,3,0,9876.0,Kristýna Horváthová,,Kristýna Horváthová
9878,2015,2015,1,1,,,1,,0,True,False,0,0,,0.0,1,0,0.0,0,0,1,0,1,0,1,0,9878.0,Mariusz Burzec,Evan Royce,Evan Royce
9879,2015,2015,1,1,,,1,,0,True,False,0,0,,0.0,1,0,0.0,0,0,1,0,1,0,1,0,9879.0,Wei He,,Wei He
9880,2015,2015,1,1,,,1,,0,True,False,0,0,,0.0,1,0,0.0,0,0,1,0,1,0,1,0,9880.0,Chao Jia,,Chao Jia
9881,2015,2015,1,1,,,1,,0,True,False,0,0,,0.0,1,0,0.0,0,0,1,0,1,0,2,0,9881.0,Fang Yi,,Fang Yi
9885,2009,2009,1,1,,,1,,0,True,False,0,0,,0.0,0,0,0.0,0,0,2,0,2,0,1,0,9885.0,Gabriela Campos,,Gabriela Campos
9888,2009,2009,1,1,,,1,,0,True,False,0,0,,0.0,0,0,0.0,0,0,2,0,2,0,2,0,9888.0,Tyler Brown,,Tyler Brown
9889,2009,2009,1,1,,,1,,0,True,False,0,0,,0.0,0,0,0.0,0,0,2,0,2,0,1,0,9889.0,Adam Sanders,,Adam Sanders
9891,2008,2008,1,1,2008,2008,1,0,0,True,False,0,0,32,0.0,0,0,0.0,0,0,1,0,1,0,1,0,9891.0,Jeffrey Ward,,Jeffrey Ward
9896,1989,1989,1,1,,,1,,0,True,False,0,1,,0.0,1,0,0.0,0,0,1,0,1,0,1,0,9896.0,Rika Shimizu,,Rika Shimizu
9898,2020,2020,1,0,,,1,,0,True,False,0,0,,0.0,0,0,0.0,0,0,1,0,1,0,3,0,9898.0,Ming Wang,,Ming Wang
9900,2013,2013,1,1,,,1,,0,True,False,0,1,,0.0,0,0,0.0,0,0,1,0,1,0,2,0,9900.0,Xiuying Mo,Veritas,Veritas
9904,2021,2021,1,1,,,1,,0,True,False,0,0,,0.0,0,0,0.0,0,0,1,0,1,0,1,0,9904.0,Aurora Calarco,,Aurora Calarco
9906,2029,2029,1,0,,,1,,0,True,True,0,1,,0.0,0,0,0.0,0,0,0,0,0,1,1,0,9906.0,Xiuying Du,The Phantom Manifest,The Phantom Manifest
9907,2029,2029,1,0,,,1,,0,True,True,0,1,,0.0,0,0,0.0,0,0,0,0,0,1,1,0,9907.0,Xiuying Lin,,Xiuying Lin
9908,2020,2029,2,1,,,2,,9,True,False,0,2,,0.0,0,0,0.4444444444444444,0,0,1,0,1,1,1,1,9908.0,Matthew Salazar,,Matthew Salazar
9910,2013,2013,1,1,,,1,,0,True,False,0,1,,0.0,1,0,0.0,0,0,1,0,1,0,1,0,9910.0,Xiulan Zou,,Xiulan Zou
9913,2026,2026,1,1,,,1,,0,True,True,0,1,,0.0,0,0,0.0,0,0,1,0,1,0,1,0,9913.0,Regina Davis,Q. DYNAMIK,Q. DYNAMIK
9914,2026,2026,1,1,,,1,,0,True,True,0,1,,0.0,0,0,0.0,0,0,1,0,1,0,1,0,9914.0,Jie Wan,,Jie Wan
9915,2026,2026,1,1,,,1,,0,True,True,0,1,,0.0,0,0,0.0,0,0,1,0,1,0,2,0,9915.0,Na Wen,,Na Wen
9917,2018,2018,1,1,,,1,,0,True,False,0,2,,0.0,0,0,0.0,0,0,1,0,1,0,1,0,9917.0,Kimberly Keller,,Kimberly Keller
9920,2023,2023,1,1,,,1,,0,True,False,0,2,,0.0,0,0,0.0,0,0,1,0,1,0,1,0,9920.0,Jie Cao,,Jie Cao
9921,2023,2023,1,1,,,1,,0,True,False,0,2,,0.0,0,0,0.0,0,0,1,0,1,0,1,0,9921.0,Jun He,,Jun He
9925,1994,1994,1,1,,,1,,0,True,False,0,0,,0.0,0,0,0.0,0,0,1,0,1,0,1,0,9925.0,Deborah Davis,,Deborah Davis
9926,1994,1994,1,1,,,1,,0,True,False,0,0,,0.0,0,0,0.0,0,0,1,0,1,0,1,0,9926.0,Amanda Ramos,,Amanda Ramos
9929,2017,2017,1,1,,,1,,0,True,False,0,0,,0.0,0,0,0.0,0,0,1,0,1,0,1,0,9929.0,Umang Uppal,,Umang Uppal
9930,2017,2017,1,1,,,1,,0,True,False,0,0,,0.0,0,0,0.0,0,0,1,0,1,0,2,0,9930.0,Zara Choudhury,,Zara Choudhury
9931,2017,2017,1,1,,,1,,0,True,False,0,0,,0.0,0,0,0.0,0,0,1,0,1,0,1,0,9931.0,Shayak Chakraborty,,Shayak Chakraborty
9936,2023,2023,1,1,,,1,,0,True,False,0,1,,0.0,0,0,0.0,0,0,1,0,1,0,2,0,9936.0,Jennifer Norris,,Jennifer Norris
9937,2023,2023,1,1,,,1,,0,True,False,0,1,,0.0,0,0,0.0,0,0,1,0,1,0,1,0,9937.0,Kimberly Buchanan,,Kimberly Buchanan
9938,2023,2023,1,1,,,1,,0,True,False,0,1,,0.0,0,0,0.0,0,0,1,0,1,0,1,0,9938.0,Carmen Higgins,,Carmen Higgins
9941,2027,2028,2,2,2028,2028,2,1,1,True,True,0,11,12,0.0,2,0,4.0,0,0,1,0,1,2,1,0,9941.0,Juan Wen,,Juan Wen
9943,2017,2017,1,1,2017,2017,1,0,0,True,False,0,1,23,0.0,0,0,0.0,0,0,1,0,1,0,1,0,9943.0,Kimberly Ross,,Kimberly Ross
9944,2017,2017,1,1,2017,2017,1,0,0,True,False,0,1,23,0.0,0,0,0.0,0,0,1,0,1,0,1,0,9944.0,Yan Xiong,,Yan Xiong
9945,2007,2017,2,2,2017,2017,2,10,10,True,False,0,1,23,0.0,0,0,0.0,0,0,1,0,1,0,2,0,9945.0,John Hernandez,,John Hernandez
9949,2020,2020,1,1,,,1,,0,True,False,0,0,,0.0,2,0,0.0,0,0,1,0,1,0,1,0,9949.0,Na Deng,,Na Deng
9950,2020,2020,1,1,,,1,,0,True,False,0,0,,0.0,2,0,0.0,0,0,1,0,1,0,1,0,9950.0,Jun Feng,,Jun Feng
9952,2010,2010,1,1,,,1,,0,True,False,0,0,,0.0,0,0,0.0,0,0,1,0,1,0,1,0,9952.0,Craig Ortega,,Craig Ortega
9953,2010,2022,2,1,,,1,,12,True,False,0,1,,0.0,0,0,0.16666666666666666,0,0,1,0,1,0,1,0,9953.0,Cheryl Suarez,,Cheryl Suarez
9954,2010,2010,1,1,,,1,,0,True,False,0,0,,0.0,0,0,0.0,0,0,1,0,1,0,1,0,9954.0,Sandy Ray,,Sandy Ray
9955,2010,2010,1,1,,,1,,0,True,False,0,0,,0.0,0,0,0.0,0,0,1,0,1,0,1,0,9955.0,Sharon Sanchez,,Sharon Sanchez
9956,2010,2010,1,1,,,1,,0,True,False,0,0,,0.0,0,0,0.0,0,0,1,0,1,0,1,0,9956.0,Jing Cui,,Jing Cui
9959,2004,2004,1,1,2004,2004,1,0,0,True,False,0,2,36,0.0,0,0,0.0,0,0,1,0,1,0,1,0,9959.0,Wei Ma,,Wei Ma
9963,2010,2010,1,1,,,1,,0,True,False,0,0,,0.0,0,0,0.0,0,0,1,0,1,0,1,0,9963.0,Alyssa Thompson,,Alyssa Thompson
9965,2010,2010,1,1,,,1,,0,True,False,0,0,,0.0,0,0,0.0,0,0,1,0,1,0,2,0,9965.0,Juan Qiu,,Juan Qiu
9969,2028,2028,1,1,,,1,,0,True,True,0,4,,0.0,0,0,0.0,0,0,1,0,1,0,1,0,9969.0,Jun Jia,,Jun Jia
9970,2028,2028,1,1,,,1,,0,True,True,0,4,,0.0,0,0,0.0,0,0,1,0,1,0,1,0,9970.0,Juan Liu,,Juan Liu
9972,2028,2028,1,1,,,1,,0,True,True,0,4,,0.0,0,0,0.0,0,0,1,0,1,0,2,0,9972.0,Mark Martinez,,Mark Martinez
9973,2028,2028,1,1,,,1,,0,True,True,0,4,,0.0,0,0,0.0,0,0,1,0,1,0,1,0,9973.0,Cathrin Bruder,,Cathrin Bruder
9975,2026,2026,1,1,,,1,,0,True,True,0,1,,0.0,2,0,0.0,0,0,1,0,1,0,2,0,9975.0,Silva Speer,,Silva Speer
9977,2023,2023,1,1,,,1,,0,True,False,0,1,,0.0,0,0,0.0,0,0,0,0,0,0,2,0,9977.0,Tonya May, Nova Black, Nova Black
9979,2023,2023,1,1,,,1,,0,True,False,0,1,,0.0,0,0,0.0,0,0,0,0,0,0,2,0,9979.0,Steven Weaver,,Steven Weaver
9980,2023,2023,1,1,,,1,,0,True,False,0,1,,0.0,0,0,0.0,0,0,0,0,0,0,1,0,9980.0,Michael Barry,,Michael Barry
9983,2023,2023,1,1,,,1,,0,True,False,0,1,,0.0,1,0,0.0,0,0,1,0,1,0,1,0,9983.0,Pamela Rollins,,Pamela Rollins
9986,2023,2023,1,1,,,1,,0,True,False,0,1,,0.0,1,0,0.0,0,0,1,0,1,0,1,0,9986.0,Sean Peck,,Sean Peck
9987,2023,2023,1,1,,,1,,0,True,False,0,1,,0.0,1,0,0.0,0,0,1,0,1,0,2,0,9987.0,Rose Dean,,Rose Dean
9988,2023,2023,1,1,,,1,,0,True,False,0,1,,0.0,1,0,0.0,0,0,1,0,1,0,1,0,9988.0,Mathew Schultz,,Mathew Schultz
9989,2023,2023,1,1,,,1,,0,True,False,0,1,,0.0,1,0,0.0,0,0,1,0,1,0,1,0,9989.0,James Jackson,,James Jackson
9990,2013,2023,2,2,,,2,,10,True,False,0,2,,0.0,2,0,0.7,0,0,2,0,2,0,2,0,9990.0,Gregory Williams,,Gregory Williams
9991,2010,2023,2,2,,,2,,13,True,False,0,1,,0.0,2,0,0.5384615384615384,0,0,3,0,3,0,2,0,9991.0,Timothy Schmidt,,Timothy Schmidt
9993,2029,2029,1,1,,,1,,0,True,True,0,2,,0.0,2,0,0.0,0,0,1,0,1,0,1,0,9993.0,Wei Shi,,Wei Shi
9994,2025,2029,3,3,,,2,,4,True,True,0,4,,0.0,2,0,0.5,0,0,2,0,2,1,2,0,9994.0,Juan Song,,Juan Song
9997,2007,2007,1,1,,,1,,0,True,False,0,0,,0.0,0,0,0.0,0,0,1,0,1,0,1,0,9997.0,Yan Su,,Yan Su
9998,2007,2007,1,1,,,1,,0,True,False,0,0,,0.0,0,0,0.0,0,0,1,0,1,0,1,0,9998.0,Guiying Zheng,,Guiying Zheng
10000,2017,2021,2,2,,,2,,4,True,False,0,3,,0.0,1,0,0.5,0,0,1,0,1,0,1,0,10000.0,Julie Thompson,,Julie Thompson
10001,2021,2021,1,1,,,1,,0,True,False,0,2,,0.0,1,0,0.0,0,0,1,0,1,0,3,0,10001.0,Laura Lee,,Laura Lee
10003,2013,2013,1,1,2013,2013,1,0,0,True,False,0,2,27,0.0,1,0,0.0,0,0,1,0,1,0,1,0,10003.0,Tao Qian,,Tao Qian
10005,2026,2026,1,1,,,1,,0,True,True,0,1,,0.0,0,0,0.0,0,0,1,0,1,0,2,0,10005.0,Chao Zhao,,Chao Zhao
10006,2026,2026,1,1,,,1,,0,True,True,0,1,,0.0,0,0,0.0,0,0,1,0,1,0,1,0,10006.0,Yang Cai,,Yang Cai
10009,2027,2027,1,1,2027,2027,1,0,0,True,True,0,4,13,0.0,1,0,0.0,0,0,1,0,1,0,2,0,10009.0,Xiulan Shen,,Xiulan Shen
10013,2010,2010,1,1,,,1,,0,True,False,0,0,,0.0,0,0,0.0,0,0,1,0,1,0,1,0,10013.0,Juan Bai,,Juan Bai
10014,2010,2010,1,1,,,1,,0,True,False,0,0,,0.0,0,0,0.0,0,0,1,0,1,0,1,0,10014.0,Alexandra Obrien,,Alexandra Obrien
10015,2010,2010,1,1,,,1,,0,True,False,0,0,,0.0,0,0,0.0,0,0,1,0,1,0,1,0,10015.0,Wei Yu,,Wei Yu
10018,2023,2023,1,1,,,1,,0,True,False,0,0,,0.0,0,0,0.0,0,0,1,0,1,0,1,0,10018.0,Trevor Bass,,Trevor Bass
10019,2023,2023,1,1,,,1,,0,True,False,0,0,,0.0,0,0,0.0,0,0,1,0,1,0,1,0,10019.0,Xiuying Du,,Xiuying Du
10020,2023,2023,1,1,,,1,,0,True,False,0,0,,0.0,0,0,0.0,0,0,1,0,1,0,1,0,10020.0,Xia Yuan,,Xia Yuan
10021,2023,2023,1,1,,,1,,0,True,False,0,0,,0.0,0,0,0.0,0,0,1,0,1,0,1,0,10021.0,Sandra Burke,,Sandra Burke
10022,2023,2023,1,1,,,1,,0,True,False,0,0,,0.0,0,0,0.0,0,0,1,0,1,0,2,0,10022.0,Yan Li,,Yan Li
10025,2026,2026,1,1,,,1,,0,True,True,0,3,,0.0,0,0,0.0,0,0,1,0,1,1,1,0,10025.0,Juan Xue,,Juan Xue
10026,2026,2026,1,1,,,1,,0,True,True,0,3,,0.0,0,0,0.0,0,0,1,0,1,1,1,0,10026.0,Jing Qian,,Jing Qian
10027,2026,2026,1,1,,,1,,0,True,True,0,3,,0.0,0,0,0.0,0,0,1,0,1,1,1,0,10027.0,Wei Tang,,Wei Tang
10029,2026,2026,1,1,,,1,,0,True,True,0,3,,0.0,0,0,0.0,0,0,1,0,1,1,1,0,10029.0,Tao Pan,,Tao Pan
10030,2026,2026,1,1,,,1,,0,True,True,0,3,,0.0,0,0,0.0,0,0,1,0,1,1,2,0,10030.0,Tao Xia,,Tao Xia
10031,2026,2026,1,1,,,1,,0,True,True,0,3,,0.0,0,0,0.0,0,0,1,0,1,1,2,0,10031.0,Li Luo,,Li Luo
10033,2019,2019,1,0,,,1,,0,True,False,0,1,,0.0,0,0,0.0,0,0,1,0,1,0,1,0,10033.0,Yan Zhou,,Yan Zhou
10034,2019,2019,1,0,,,1,,0,True,False,0,1,,0.0,0,0,0.0,0,0,1,0,1,0,1,0,10034.0,Min Jia,,Min Jia
10036,2026,2026,1,1,,,1,,0,True,True,0,4,,0.0,1,0,0.0,0,0,1,0,1,0,1,0,10036.0,Xiulan Gong,,Xiulan Gong
10037,2026,2026,1,1,,,1,,0,True,True,0,4,,0.0,1,0,0.0,0,0,1,0,1,0,1,0,10037.0,Ping Liao,,Ping Liao
10038,2026,2026,1,1,,,1,,0,True,True,0,4,,0.0,1,0,0.0,0,0,1,0,1,0,1,0,10038.0,Chao Wang,,Chao Wang
10039,2026,2026,1,1,,,1,,0,True,True,0,4,,0.0,1,0,0.0,0,0,1,0,1,0,1,0,10039.0,Jun Fu,,Jun Fu
10041,2026,2026,1,1,,,1,,0,True,True,0,4,,0.0,1,0,0.0,0,0,1,0,1,0,1,0,10041.0,Ming Cao,,Ming Cao
10044,2026,2026,1,1,2026,2026,1,0,0,True,True,0,1,14,0.0,0,0,0.0,0,0,1,0,1,0,2,0,10044.0,James Goodwin,,James Goodwin
10048,2030,2030,1,1,,,1,,0,True,True,1,2,,0.0,0,0,0.0,0,0,1,0,1,0,1,0,10048.0,Min Peng,,Min Peng
10049,2030,2030,1,1,,,1,,0,True,True,1,2,,0.0,0,0,0.0,0,0,1,0,1,0,1,0,10049.0,Jun Duan,,Jun Duan
10050,2030,2030,1,1,,,1,,0,True,True,1,2,,0.0,0,0,0.0,0,0,1,0,1,0,1,0,10050.0,Xiulan Gu,,Xiulan Gu
10051,2030,2030,1,1,,,1,,0,True,True,1,2,,0.0,0,0,0.0,0,0,1,0,1,0,2,0,10051.0,Ping Hao,,Ping Hao
10052,2030,2030,1,1,,,1,,0,True,True,1,2,,0.0,0,0,0.0,0,0,1,0,1,0,1,0,10052.0,Yong Lai,,Yong Lai
10053,2030,2030,1,1,,,1,,0,True,True,1,2,,0.0,0,0,0.0,0,0,1,0,1,0,2,0,10053.0,Qiang Shen,,Qiang Shen
10054,2030,2030,1,1,,,1,,0,True,True,1,2,,0.0,0,0,0.0,0,0,1,0,1,0,1,0,10054.0,Juan Xie,,Juan Xie
10056,2023,2023,1,1,,,1,,0,True,False,0,1,,0.0,0,0,0.0,0,0,0,0,0,0,2,1,10056.0,Tiziano Bianchi, Mona Rey, Mona Rey
10059,2023,2023,1,1,,,1,,0,True,False,0,1,,0.0,0,0,0.0,0,0,0,0,0,0,2,1,10059.0,Luigina Lattuada-Carfagna,,Luigina Lattuada-Carfagna
10060,2023,2023,1,1,,,1,,0,True,False,0,1,,0.0,0,0,0.0,0,0,0,0,0,0,1,1,10060.0,Marina Giradello-Pellegrini,,Marina Giradello-Pellegrini
10061,2023,2023,1,1,,,1,,0,True,False,0,1,,0.0,0,0,0.0,0,0,0,0,0,0,1,1,10061.0,Matilda Gottardi,,Matilda Gottardi
10064,2024,2024,1,1,,,1,,0,True,False,0,1,,0.0,0,0,0.0,0,0,2,0,2,0,1,0,10064.0,Nicole Mccormick,,Nicole Mccormick
10066,2024,2024,1,1,,,1,,0,True,False,0,1,,0.0,0,0,0.0,0,0,2,0,2,0,2,0,10066.0,Craig Gonzalez,,Craig Gonzalez
10069,2010,2010,1,1,2010,2010,1,0,0,True,False,0,1,30,0.0,3,0,0.0,0,0,1,0,1,0,1,0,10069.0,Rosmarie Losekann,,Rosmarie Losekann
10070,2010,2010,1,1,2010,2010,1,0,0,True,False,0,1,30,0.0,3,0,0.0,0,0,1,0,1,0,1,0,10070.0,Karla Säuberlich-Reichmann,,Karla Säuberlich-Reichmann
10072,2027,2027,1,1,,,1,,0,True,True,0,2,,0.0,3,0,0.0,0,0,1,0,1,0,1,0,10072.0,Jérôme Blanchet,,Jérôme Blanchet
10073,2027,2027,1,1,,,1,,0,True,True,0,2,,0.0,3,0,0.0,0,0,1,0,1,0,1,0,10073.0,Maurice Lacroix,,Maurice Lacroix
10074,2027,2027,1,1,,,1,,0,True,True,0,2,,0.0,3,0,0.0,0,0,1,0,1,0,1,0,10074.0,Renée Tanguy-Henry,,Renée Tanguy-Henry
10076,2026,2026,1,1,2026,2026,1,0,0,True,True,0,0,14,0.0,1,0,0.0,0,0,1,0,1,0,2,0,10076.0,Ming He,,Ming He
10077,2026,2026,1,1,2026,2026,1,0,0,True,True,0,0,14,0.0,1,0,0.0,0,0,1,0,1,0,1,0,10077.0,Jun Ma,,Jun Ma
10078,2026,2026,1,1,2026,2026,1,0,0,True,True,0,0,14,0.0,1,0,0.0,0,0,1,0,1,0,2,0,10078.0,Tao Yu,,Tao Yu
10079,2026,2026,1,1,2026,2026,1,0,0,True,True,0,0,14,0.0,1,0,0.0,0,0,1,0,1,0,1,0,10079.0,Tao Xiang,,Tao Xiang
10082,2013,2013,1,1,2030,2030,1,17,0,True,False,0,2,10,0.0,0,0,0.0,0,0,1,0,1,1,2,0,10082.0,Hortense Peron,,Hortense Peron
10083,2028,2028,1,1,,,1,,0,True,True,0,3,,0.0,0,0,0.0,0,0,1,0,1,0,1,0,10083.0,Brandi Riley,,Brandi Riley
10087,2010,2010,1,1,,,1,,0,True,False,0,1,,0.0,0,0,0.0,0,0,1,0,1,0,2,0,10087.0,Na Wen,,Na Wen
10089,1994,1994,1,1,,,1,,0,True,False,0,0,,0.0,3,0,0.0,0,0,1,0,1,0,2,0,10089.0,Kimaya Jaggi,,Kimaya Jaggi
10092,2000,2000,1,1,,,1,,0,True,False,0,0,,0.0,0,0,0.0,0,0,1,0,1,0,2,0,10092.0,Xavier Pierre,Xavier,Xavier
10096,1994,1994,1,1,,,1,,0,True,False,0,1,,0.0,0,0,0.0,0,0,1,0,1,0,2,0,10096.0,Qiang Gu,,Qiang Gu
10099,2029,2029,1,1,,,1,,0,True,True,0,5,,0.0,0,0,0.0,0,0,1,0,1,3,1,0,10099.0,Catalina Borja Barbero,Davin Tate,Davin Tate
10100,2029,2029,1,1,,,1,,0,True,True,0,5,,0.0,0,0,0.0,0,0,1,0,1,3,2,0,10100.0,Graciana Sacristán Saura,,Graciana Sacristán Saura
10101,2029,2029,1,1,,,1,,0,True,True,0,5,,0.0,0,0,0.0,0,0,1,0,1,3,1,0,10101.0,Rosenda Reyes Salazar,,Rosenda Reyes Salazar
10104,2026,2026,1,1,,,1,,0,True,True,0,0,,0.0,0,0,0.0,0,0,1,0,1,0,1,0,10104.0,Gang Xia,,Gang Xia
10106,2020,2020,1,1,,,1,,0,True,False,0,0,,0.0,0,0,0.0,0,0,0,0,0,0,1,0,10106.0,Leif Bien,,Leif Bien
10107,2020,2020,1,1,,,1,,0,True,False,0,0,,0.0,0,0,0.0,0,0,0,0,0,0,2,0,10107.0,Margaretha Sager,,Margaretha Sager
10108,2020,2020,1,1,,,1,,0,True,False,0,0,,0.0,0,0,0.0,0,0,0,0,0,0,1,0,10108.0,Elsbeth Löwer,,Elsbeth Löwer
10109,2020,2020,1,1,,,1,,0,True,False,0,0,,0.0,0,0,0.0,0,0,0,0,0,0,1,0,10109.0,Alexej Klotz,,Alexej Klotz
10112,2019,2019,1,1,,,1,,0,True,False,0,2,,0.0,2,0,0.0,0,0,2,0,2,1,1,1,10112.0,Lei Cheng,,Lei Cheng
10113,2019,2019,1,1,,,1,,0,True,False,0,2,,0.0,2,0,0.0,0,0,2,0,2,1,1,1,10113.0,Jing Lai,,Jing Lai
10115,1991,1991,1,1,,,1,,0,True,False,0,1,,0.0,2,0,0.0,0,0,1,0,1,0,1,0,10115.0,Léon Lemaire,,Léon Lemaire
10117,2017,2017,1,1,2017,2017,1,0,0,True,False,0,0,23,0.0,0,0,0.0,0,0,1,0,1,0,2,0,10117.0,David Hernandez,,David Hernandez
10118,2020,2020,1,1,,,1,,0,True,False,0,1,,0.0,0,0,0.0,0,0,0,0,0,1,1,0,10118.0,Miss Kathleen Price,,Miss Kathleen Price
10123,2007,2007,1,1,,,1,,0,True,False,0,2,,0.0,1,0,0.0,0,0,1,0,1,0,1,0,10123.0,Larry Mendez,,Larry Mendez
10125,2010,2010,1,1,,,1,,0,True,False,0,2,,0.0,0,0,0.0,0,0,1,0,1,0,2,0,10125.0,Maaya Suzuki,,Maaya Suzuki
10126,2010,2010,1,1,,,1,,0,True,False,0,2,,0.0,0,0,0.0,0,0,1,0,1,0,1,0,10126.0,Hiroshi Yamamoto,,Hiroshi Yamamoto
10127,2010,2010,1,1,,,1,,0,True,False,0,2,,0.0,0,0,0.0,0,0,1,0,1,0,1,0,10127.0,Chiyo Ota,,Chiyo Ota
10129,2023,2023,1,1,,,1,,0,True,False,0,1,,0.0,0,0,0.0,0,0,0,0,0,0,1,0,10129.0,Catherine Mcdonald,,Catherine Mcdonald
10130,2023,2023,1,1,,,1,,0,True,False,0,1,,0.0,0,0,0.0,0,0,0,0,0,0,1,0,10130.0,Linda Bailey,,Linda Bailey
10131,2023,2023,1,1,,,1,,0,True,False,0,1,,0.0,0,0,0.0,0,0,0,0,0,0,1,0,10131.0,Rhonda Guerrero,,Rhonda Guerrero
10137,2023,2023,1,1,,,1,,0,True,False,0,2,,0.0,0,0,0.0,0,0,1,0,1,1,1,0,10137.0,Olaf Dymarczyk,,Olaf Dymarczyk
10139,2023,2023,1,1,,,1,,0,True,False,0,1,,0.0,0,0,0.0,0,0,1,0,1,0,1,0,10139.0,Melissa Warren,,Melissa Warren
10146,2012,2012,1,1,,,1,,0,True,False,0,0,,0.0,0,0,0.0,0,0,1,0,1,0,2,0,10146.0,Yong Zhu,,Yong Zhu
10147,2012,2012,1,1,,,1,,0,True,False,0,0,,0.0,0,0,0.0,0,0,1,0,1,0,1,0,10147.0,Yan Li,,Yan Li
10148,2012,2012,1,1,,,1,,0,True,False,0,0,,0.0,0,0,0.0,0,0,1,0,1,0,1,0,10148.0,Yan Cao,,Yan Cao
10149,2012,2013,2,2,,,1,,1,True,False,0,0,,0.0,0,0,0.0,0,0,1,0,1,0,2,0,10149.0,Gang Li,,Gang Li
10151,1997,1997,1,1,,,1,,0,True,False,0,0,,0.0,0,0,0.0,0,0,1,0,1,0,2,0,10151.0,Emily Campos,,Emily Campos
10154,2027,2027,1,1,,,1,,0,True,True,0,2,,0.0,0,0,0.0,0,0,1,0,1,0,1,0,10154.0,Lei Jiang,,Lei Jiang
10161,2028,2028,1,1,,,1,,0,True,True,0,3,,0.0,0,0,0.0,0,0,1,0,1,0,1,2,10161.0,Guiying Dai,,Guiying Dai
10162,2028,2028,1,1,,,1,,0,True,True,0,3,,0.0,0,0,0.0,0,0,1,0,1,0,1,2,10162.0,Tao Xu,,Tao Xu
10163,2028,2028,1,1,,,1,,0,True,True,0,3,,0.0,0,0,0.0,0,0,1,0,1,0,2,2,10163.0,Qiang Gong,,Qiang Gong
10164,2028,2028,1,1,,,1,,0,True,True,0,3,,0.0,0,0,0.0,0,0,1,0,1,0,1,2,10164.0,Jing Gong,,Jing Gong
10167,2029,2029,1,1,,,1,,0,True,True,0,1,,0.0,0,0,0.0,0,0,1,0,1,1,2,0,10167.0,Min Kang,,Min Kang
10170,2023,2023,1,1,,,1,,0,True,False,0,2,,0.0,0,0,0.0,0,0,1,0,1,0,2,0,10170.0,Tao Cai,,Tao Cai
10171,2023,2023,1,1,,,1,,0,True,False,0,2,,0.0,0,0,0.0,0,0,1,0,1,0,1,0,10171.0,Qiang Pan,,Qiang Pan
10172,2023,2023,1,1,,,1,,0,True,False,0,2,,0.0,0,0,0.0,0,0,1,0,1,0,1,0,10172.0,Tao Shao,,Tao Shao
10174,2026,2026,1,1,,,1,,0,True,True,0,5,,0.0,1,0,0.0,0,0,1,0,1,0,1,4,10174.0,Yan Shi,,Yan Shi
10177,2028,2028,1,1,,,1,,0,True,True,0,1,,0.0,1,0,0.0,0,0,1,0,1,0,1,0,10177.0,Min Fan,,Min Fan
10178,2023,2028,2,2,,,1,,5,True,False,0,3,,0.0,1,0,0.4,0,0,1,0,1,1,1,0,10178.0,Ming Kang,,Ming Kang
10180,2029,2029,1,1,,,1,,0,True,True,0,2,,0.0,0,0,0.0,0,0,0,0,0,0,1,0,10180.0,Yang Yang,,Yang Yang
10184,2020,2020,1,1,,,1,,0,True,False,0,1,,0.0,2,0,0.0,0,0,1,0,1,0,2,0,10184.0,Curt Wieloch,,Curt Wieloch
10186,2026,2026,1,1,,,1,,0,True,True,0,3,,0.0,0,0,0.0,0,0,2,0,2,2,2,0,10186.0,Amanda Peterson,,Amanda Peterson
10187,2026,2026,1,1,,,1,,0,True,True,0,3,,0.0,0,0,0.0,0,0,2,0,2,2,1,0,10187.0,Alexander Carr,,Alexander Carr
10188,2021,2026,2,2,,,1,,5,True,False,0,4,,0.0,3,0,1.0,0,0,3,0,3,2,1,0,10188.0,Lisa Miller,,Lisa Miller
10189,2026,2026,1,1,,,1,,0,True,True,0,3,,0.0,0,0,0.0,0,0,2,0,2,2,1,0,10189.0,Joseph Ho,,Joseph Ho
10190,2026,2026,1,1,,,1,,0,True,True,0,3,,0.0,0,0,0.0,0,0,2,0,2,2,1,0,10190.0,Colleen Richards,,Colleen Richards
10191,2026,2026,1,1,,,1,,0,True,True,0,3,,0.0,0,0,0.0,0,0,2,0,2,2,1,0,10191.0,Jie Lei,,Jie Lei
10193,2019,2023,2,2,,,1,,4,True,False,0,10,,0.0,3,0,0.75,0,0,2,0,2,4,1,0,10193.0,Min Mo,,Min Mo
10195,2023,2023,1,1,,,1,,0,True,False,0,1,,0.0,1,0,0.0,0,0,1,0,1,0,1,0,10195.0,Natan Molka,,Natan Molka
10196,2023,2023,1,1,,,1,,0,True,False,0,1,,0.0,1,0,0.0,0,0,1,0,1,0,1,0,10196.0,Grzegorz Pacocha,,Grzegorz Pacocha
10199,2020,2020,1,1,,,1,,0,True,False,0,1,,0.0,1,0,0.0,0,0,1,0,1,1,2,0,10199.0,Patrick Herrera,,Patrick Herrera
10200,2020,2020,1,1,,,1,,0,True,False,0,1,,0.0,1,0,0.0,0,0,1,0,1,1,1,0,10200.0,Fenne Ferran,,Fenne Ferran
10202,2023,2023,1,1,,,1,,0,True,False,0,1,,0.0,1,0,0.0,0,0,1,0,1,0,1,0,10202.0,Xiuying Xu, Onyx Rose, Onyx Rose
10203,2023,2023,1,1,,,1,,0,True,False,0,1,,0.0,1,0,0.0,0,0,1,0,1,0,1,0,10203.0,Yang Dong,,Yang Dong
10204,2023,2023,1,1,,,1,,0,True,False,0,1,,0.0,1,0,0.0,0,0,1,0,1,0,1,0,10204.0,Na Xiong,,Na Xiong
10205,2023,2023,1,1,,,1,,0,True,False,0,1,,0.0,1,0,0.0,0,0,1,0,1,0,2,0,10205.0,Juan Cui,,Juan Cui
10207,2016,2016,1,1,,,1,,0,True,False,0,1,,0.0,0,0,0.0,0,0,2,0,2,0,2,0,10207.0,Leoncio de Moliner, C.R. Frost, C.R. Frost
10208,2010,2010,1,1,,,1,,0,True,False,0,1,,0.0,0,0,0.0,0,0,1,0,1,1,2,0,10208.0,Gabriel Barr,,Gabriel Barr
10209,2016,2016,1,1,,,1,,0,True,False,0,1,,0.0,0,0,0.0,0,0,2,0,2,0,2,0,10209.0,Matthew Gallagher,,Matthew Gallagher
10210,2010,2016,2,2,,,1,,6,True,False,0,2,,0.0,0,0,0.5,0,0,2,0,2,1,1,0,10210.0,Michelle Smith,,Michelle Smith
10212,2021,2021,1,1,,,1,,0,True,False,0,1,,0.0,0,0,0.0,0,0,2,0,2,0,1,0,10212.0,Robert Jenkins,,Robert Jenkins
10216,2026,2026,1,1,,,1,,0,True,True,0,7,,0.0,0,0,0.0,0,0,0,0,0,1,1,0,10216.0,Gang Sun,,Gang Sun
10219,2013,2013,1,1,,,1,,0,True,False,0,0,,0.0,0,0,0.0,0,0,1,0,1,0,1,0,10219.0,Chao Zhong, Dawn, Dawn
10223,2020,2026,2,2,2026,2026,2,6,6,True,False,0,3,14,0.0,3,0,0.8333333333333334,0,0,2,0,2,0,2,0,10223.0,Lei Lu,,Lei Lu
10224,2020,2029,3,3,2026,2026,3,6,9,True,False,0,8,14,0.0,2,0,0.9761904761904762,0,0,4,0,4,1,2,0,10224.0,Xia Song,,Xia Song
10225,2020,2020,1,1,,,1,,0,True,False,0,2,,0.0,3,0,0.0,0,0,1,0,1,0,1,0,10225.0,Jie Wang,,Jie Wang
10227,1991,1997,2,2,,,1,,6,True,False,0,3,,0.0,0,0,0.0,0,0,2,0,2,0,2,0,10227.0,Inès-Adèle Valette,,Inès-Adèle Valette
10228,1991,1991,1,1,,,1,,0,True,False,0,2,,0.0,0,0,0.0,0,0,1,0,1,0,2,0,10228.0,Robert Renault,,Robert Renault
10230,2017,2017,1,1,,,1,,0,True,False,0,2,,0.0,0,0,0.0,0,0,1,0,1,0,2,0,10230.0,Charles Shaw,,Charles Shaw
10233,1985,1985,1,1,,,1,,0,True,False,0,0,,0.0,1,0,0.0,0,0,2,0,2,0,1,0,10233.0,Natasha Duncan,,Natasha Duncan
10237,2012,2022,2,2,2035,2035,2,23,10,True,False,0,2,5,0.5,0,0,0.0,0,0,1,0,1,0,2,0,10237.0,Heather Lutz,,Heather Lutz
10238,2012,2012,1,1,,,1,,0,True,False,0,1,,0.0,0,0,0.0,0,0,1,0,1,0,1,0,10238.0,Erika Austin,,Erika Austin
10242,2023,2023,1,1,,,1,,0,True,False,0,1,,0.0,1,0,0.0,0,0,1,0,1,0,1,0,10242.0,Xiuying Kang,,Xiuying Kang
10243,2023,2023,1,1,,,1,,0,True,False,0,1,,0.0,1,0,0.0,0,0,1,0,1,0,1,0,10243.0,Ming Long,,Ming Long
10244,2023,2023,1,1,,,1,,0,True,False,0,1,,0.0,1,0,0.0,0,0,1,0,1,0,2,0,10244.0,Gang Yi,,Gang Yi
10245,2023,2023,1,1,,,1,,0,True,False,0,1,,0.0,1,0,0.0,0,0,1,0,1,0,1,0,10245.0,Sue May,,Sue May
10250,2004,2011,2,2,2004,2004,2,0,7,True,False,0,1,36,0.0,1,0,0.42857142857142855,0,0,2,0,2,1,2,0,10250.0,Li Wu,,Li Wu
10251,2004,2016,4,4,2004,2004,4,0,12,True,False,0,4,36,0.0,0,0,0.4736842105263158,0,0,3,0,3,3,3,0,10251.0,Fang Mao,,Fang Mao
10253,2020,2020,1,1,,,1,,0,True,False,0,0,,0.0,0,0,0.0,0,0,1,0,1,0,1,0,10253.0,Na Gu,,Na Gu
10255,2020,2020,1,1,,,1,,0,True,False,0,0,,0.0,0,0,0.0,0,0,1,0,1,0,1,0,10255.0,Na Bai,,Na Bai
10257,2020,2020,1,1,,,1,,0,True,False,0,0,,0.0,0,0,0.0,0,0,1,0,1,0,1,0,10257.0,Guiying Pan,,Guiying Pan
10260,2028,2028,1,1,,,1,,0,True,True,0,3,,0.0,0,0,0.0,0,0,1,0,1,1,1,0,10260.0,Brent Larsen,,Brent Larsen
10261,2028,2028,1,1,,,1,,0,True,True,0,3,,0.0,0,0,0.0,0,0,1,0,1,1,1,0,10261.0,Min Cui,,Min Cui
10262,2028,2028,1,1,,,1,,0,True,True,0,3,,0.0,0,0,0.0,0,0,1,0,1,1,1,0,10262.0,Mark Heath,,Mark Heath
10263,2028,2028,1,1,,,1,,0,True,True,0,3,,0.0,0,0,0.0,0,0,1,0,1,1,2,0,10263.0,Fang Pan,,Fang Pan
10265,2028,2028,1,1,,,1,,0,True,True,0,3,,0.0,0,0,0.0,0,0,1,0,1,1,1,0,10265.0,Wei Pan,,Wei Pan
10267,2020,2020,1,1,,,1,,0,True,False,0,2,,0.0,0,0,0.0,0,0,0,0,0,1,1,0,10267.0,Mary Mies,,Mary Mies
10271,2026,2026,1,1,,,1,,0,True,True,0,5,,0.0,1,0,0.0,0,0,1,0,1,0,1,1,10271.0,Tao Xu,,Tao Xu
10272,2026,2026,1,1,,,1,,0,True,True,0,5,,0.0,1,0,0.0,0,0,1,0,1,0,1,1,10272.0,Xiulan Duan,,Xiulan Duan
10274,2026,2026,1,1,,,1,,0,True,True,0,5,,0.0,1,0,0.0,0,0,1,0,1,0,1,1,10274.0,Qiang Gu,,Qiang Gu
10276,2017,2017,1,1,,,1,,0,True,False,0,1,,0.0,0,0,0.0,0,0,1,0,1,1,1,0,10276.0,Yan Hou,,Yan Hou
10278,2017,2017,1,1,,,1,,0,True,False,0,1,,0.0,0,0,0.0,0,0,1,0,1,1,1,0,10278.0,Chao Yan,,Chao Yan
10284,2023,2023,1,1,,,1,,0,True,False,0,2,,0.0,0,0,0.0,0,0,1,0,1,0,1,0,10284.0,Terry Nelson,,Terry Nelson
10286,2023,2023,1,1,,,1,,0,True,False,0,2,,0.0,0,0,0.0,0,0,1,0,1,0,1,0,10286.0,Michael Perez,,Michael Perez
10287,2023,2023,1,1,,,1,,0,True,False,0,2,,0.0,0,0,0.0,0,0,1,0,1,0,1,0,10287.0,Benjamin Chen,,Benjamin Chen
10288,2023,2023,1,1,,,1,,0,True,False,0,2,,0.0,0,0,0.0,0,0,1,0,1,0,2,0,10288.0,Jeffrey Butler,,Jeffrey Butler
10293,1997,1997,1,1,,,1,,0,True,False,0,1,,0.0,0,0,0.0,0,0,2,0,2,0,2,0,10293.0,Jun Kong,,Jun Kong
10296,2007,2007,1,1,,,1,,0,True,False,0,0,,0.0,0,0,0.0,0,0,1,0,1,0,1,0,10296.0,Xiuying Xia,,Xiuying Xia
10297,2007,2008,2,2,,,2,,1,True,False,0,1,,0.0,0,0,5.0,0,0,2,0,2,0,1,0,10297.0,Guiying Lei,,Guiying Lei
10298,2007,2007,1,1,,,1,,0,True,False,0,0,,0.0,0,0,0.0,0,0,1,0,1,0,1,0,10298.0,Jing Kong,,Jing Kong
10299,2007,2007,1,1,,,1,,0,True,False,0,0,,0.0,0,0,0.0,0,0,1,0,1,0,1,0,10299.0,Xia Cai,,Xia Cai
10302,2010,2010,1,1,,,1,,0,True,False,0,0,,0.0,0,0,0.0,0,0,1,0,1,0,1,0,10302.0,Fabian Durys,,Fabian Durys
10303,2013,2017,2,2,,,1,,4,True,False,0,0,,0.0,1,0,0.5,0,0,2,0,2,0,2,0,10303.0,Konrad Meissner,,Konrad Meissner
10304,2010,2013,2,2,,,2,,3,True,False,0,0,,0.0,0,0,1.3333333333333333,0,0,1,0,1,0,2,0,10304.0,Ida Ryfa,,Ida Ryfa
10305,2010,2010,1,1,,,1,,0,True,False,0,0,,0.0,0,0,0.0,0,0,1,0,1,0,1,0,10305.0,Magdalene Fliegner,,Magdalene Fliegner
10306,2013,2027,2,2,,,1,,14,True,False,0,3,,0.0,3,0,0.8571428571428571,0,0,3,0,3,0,1,0,10306.0,Natasza Dydo,,Natasza Dydo
10307,2010,2013,2,2,,,2,,3,True,False,0,0,,0.0,0,0,1.3333333333333333,0,0,1,0,1,0,1,0,10307.0,Klara Parkitna,,Klara Parkitna
10311,2020,2022,2,2,,,1,,2,True,False,0,4,,0.0,0,0,0.0,0,0,1,0,1,1,2,0,10311.0,Siya Sahni,,Siya Sahni
10315,2022,2022,1,1,,,1,,0,True,False,0,2,,0.0,0,0,0.0,0,0,1,0,1,0,1,2,10315.0,Theres Roht,,Theres Roht
10316,2022,2022,1,1,,,1,,0,True,False,0,2,,0.0,0,0,0.0,0,0,1,0,1,0,1,2,10316.0,Tülay Tlustek,,Tülay Tlustek
10320,2014,2014,1,1,2014,2014,1,0,0,True,False,0,0,26,0.0,0,0,0.0,0,0,1,0,1,0,1,0,10320.0,Mark Hellevoort-Verbruggen,,Mark Hellevoort-Verbruggen
10322,2014,2014,1,1,2014,2014,1,0,0,True,False,0,0,26,0.0,0,0,0.0,0,0,1,0,1,0,1,0,10322.0,Femke Mulder,,Femke Mulder
10323,2014,2014,1,1,2014,2014,1,0,0,True,False,0,0,26,0.0,0,0,0.0,0,0,1,0,1,0,1,0,10323.0,Julie van der Noot,,Julie van der Noot
10325,2014,2014,1,1,2014,2014,1,0,0,True,False,0,0,26,0.0,0,0,0.0,0,0,1,0,1,0,2,0,10325.0,Julie Schatteleijn-Haack,,Julie Schatteleijn-Haack
10326,2014,2014,1,1,2014,2014,1,0,0,True,False,0,0,26,0.0,0,0,0.0,0,0,1,0,1,0,1,0,10326.0,Sofie van der Hoeven,,Sofie van der Hoeven
10327,2014,2014,1,1,2014,2014,1,0,0,True,False,0,0,26,0.0,0,0,0.0,0,0,1,0,1,0,1,0,10327.0,Jesper Heijmans,,Jesper Heijmans
10329,2014,2014,1,1,2014,2014,1,0,0,True,False,0,0,26,0.0,0,0,0.0,0,0,1,0,1,0,1,0,10329.0,Bibi Vos,,Bibi Vos
10330,2014,2014,1,1,2014,2014,1,0,0,True,False,0,0,26,0.0,0,0,0.0,0,0,1,0,1,0,1,0,10330.0,Cato van Holland,,Cato van Holland
10331,2014,2014,1,1,2014,2014,1,0,0,True,False,0,0,26,0.0,0,0,0.0,0,0,1,0,1,0,1,0,10331.0,Piotr Smoter,,Piotr Smoter
10335,2030,2030,1,1,,,1,,0,True,True,1,2,,0.0,0,0,0.0,0,0,0,0,0,0,1,0,10335.0,Na Qin,,Na Qin
10339,2023,2023,1,1,2023,2023,1,0,0,True,False,0,1,17,0.0,0,0,0.0,0,0,1,0,1,1,1,0,10339.0,Xia Xiao,,Xia Xiao
10340,2023,2023,1,1,2023,2023,1,0,0,True,False,0,1,17,0.0,0,0,0.0,0,0,1,0,1,1,1,0,10340.0,Li Lu,,Li Lu
10341,2023,2023,1,1,2023,2023,1,0,0,True,False,0,1,17,0.0,0,0,0.0,0,0,1,0,1,1,1,0,10341.0,Jun Yu,,Jun Yu
10343,2017,2017,1,1,,,1,,0,True,False,0,2,,0.0,7,0,0.0,0,0,1,0,1,0,1,0,10343.0,Colleen Velazquez, The Raven, The Raven
10344,2017,2023,2,2,2023,2023,2,6,6,True,False,0,5,17,0.0,9,0,1.3333333333333333,0,0,3,0,3,0,1,0,10344.0,Jeffrey Munoz PhD,,Jeffrey Munoz PhD
10345,2017,2017,1,1,,,1,,0,True,False,0,2,,0.0,7,0,0.0,0,0,1,0,1,0,1,0,10345.0,Amber Bates,,Amber Bates
10346,2017,2023,2,2,2023,2023,2,6,6,True,False,0,5,17,0.0,9,0,1.3333333333333333,0,0,3,0,3,0,1,0,10346.0,Thomas Salinas,,Thomas Salinas
10347,2017,2023,3,3,2023,2023,2,6,6,True,False,0,8,17,0.0,9,0,2.3333333333333335,0,0,3,1,4,0,1,0,10347.0,Robert Garcia,,Robert Garcia
10348,2017,2017,1,1,,,1,,0,True,False,0,2,,0.0,7,0,0.0,0,0,1,0,1,0,1,0,10348.0,Cody Patterson,,Cody Patterson
10349,2017,2023,2,2,2023,2023,1,6,6,True,False,0,5,17,0.0,8,0,1.5,0,0,2,0,2,0,1,0,10349.0,Ryan Austin,,Ryan Austin
10351,2013,2013,1,1,,,1,,0,True,False,0,3,,0.0,1,0,0.0,0,0,1,0,1,2,1,0,10351.0,Rémy Jourdan,,Rémy Jourdan
10355,2018,2018,1,1,2018,2018,1,0,0,True,False,0,5,22,0.0,2,0,0.0,0,0,1,0,1,0,1,0,10355.0,Ishaan Mahal,,Ishaan Mahal
10356,2018,2018,1,1,2018,2018,1,0,0,True,False,0,5,22,0.0,2,0,0.0,0,0,1,0,1,0,2,0,10356.0,Yuvaan Chopra,,Yuvaan Chopra
10357,2018,2018,1,1,2018,2018,1,0,0,True,False,0,5,22,0.0,2,0,0.0,0,0,1,0,1,0,1,0,10357.0,Heer Balan,,Heer Balan
10359,2004,2004,1,1,,,1,,0,True,False,0,0,,0.0,2,0,0.0,0,0,1,0,1,0,2,0,10359.0,Nicole Gonzalez,Electric Nocturne,Electric Nocturne
10362,2011,2011,1,1,,,1,,0,True,False,0,0,,0.0,0,0,0.0,0,0,1,0,1,0,1,0,10362.0,Ming Shi,,Ming Shi
10363,2011,2013,2,2,,,1,,2,True,False,0,0,,0.0,0,0,1.0,0,0,1,0,1,0,2,0,10363.0,Guiying Song,,Guiying Song
10364,2013,2019,2,2,,,2,,6,True,False,0,1,,0.0,6,0,1.6666666666666667,0,0,2,0,2,0,2,0,10364.0,Jing Tian,,Jing Tian
10365,2011,2029,2,2,,,2,,18,True,False,0,1,,0.0,0,0,0.1111111111111111,0,0,2,0,2,0,1,0,10365.0,Tao Hou,,Tao Hou
10369,2028,2028,1,1,,,1,,0,True,True,0,2,,0.0,1,0,0.0,0,0,1,0,1,0,1,0,10369.0,Jesus Rivas,,Jesus Rivas
10371,2028,2028,1,1,,,1,,0,True,True,0,2,,0.0,1,0,0.0,0,0,1,0,1,0,1,0,10371.0,Marc Drake,,Marc Drake
10372,2028,2028,1,1,,,1,,0,True,True,0,2,,0.0,1,0,0.0,0,0,1,0,1,0,1,0,10372.0,Phillip Jones,,Phillip Jones
10373,2028,2028,1,1,,,1,,0,True,True,0,2,,0.0,1,0,0.0,0,0,1,0,1,0,1,0,10373.0,Sharon Grant,,Sharon Grant
10374,2028,2028,1,1,,,1,,0,True,True,0,2,,0.0,1,0,0.0,0,0,1,0,1,0,1,0,10374.0,Hannah Payne,,Hannah Payne
10375,2028,2028,1,1,,,1,,0,True,True,0,2,,0.0,1,0,0.0,0,0,1,0,1,0,1,0,10375.0,Yong Hu,,Yong Hu
10377,2029,2029,1,1,,,1,,0,True,True,0,1,,0.0,1,0,0.0,0,0,1,0,1,0,1,0,10377.0,Przemysław Szałkiewicz,,Przemysław Szałkiewicz
10380,2005,2005,1,1,,,1,,0,True,False,0,0,,0.0,0,0,0.0,0,0,1,0,1,0,1,0,10380.0,Elizabeth Hill,,Elizabeth Hill
10382,2005,2005,1,1,,,1,,0,True,False,0,0,,0.0,0,0,0.0,0,0,1,0,1,0,1,0,10382.0,Jennifer Reese,,Jennifer Reese
10386,2028,2028,1,1,,,1,,0,True,True,0,5,,0.0,0,0,0.0,0,0,1,0,1,1,1,0,10386.0,Ping Mao,,Ping Mao
10387,2028,2028,1,1,,,1,,0,True,True,0,5,,0.0,0,0,0.0,0,0,1,0,1,1,2,0,10387.0,Tao Yan,,Tao Yan
10389,1991,1991,1,1,,,1,,0,True,False,0,3,,0.0,0,0,0.0,0,0,1,0,1,0,2,0,10389.0,Na Feng,,Na Feng
10393,2029,2029,1,1,2029,2029,1,0,0,True,True,0,1,11,0.0,0,0,0.0,0,0,1,0,1,0,1,0,10393.0,Caleb Hunter,,Caleb Hunter
10394,2029,2029,1,1,2029,2029,1,0,0,True,True,0,1,11,0.0,0,0,0.0,0,0,1,0,1,0,1,0,10394.0,Debbie Edwards,,Debbie Edwards
10395,2029,2029,1,1,2029,2029,1,0,0,True,True,0,1,11,0.0,0,0,0.0,0,0,1,0,1,0,1,0,10395.0,Tiffany Martinez,,Tiffany Martinez
10396,2029,2029,1,1,2029,2029,1,0,0,True,True,0,1,11,0.0,0,0,0.0,0,0,1,0,1,0,1,0,10396.0,Thomas Palmer,,Thomas Palmer
10397,2029,2029,1,1,2029,2029,1,0,0,True,True,0,1,11,0.0,0,0,0.0,0,0,1,0,1,0,1,0,10397.0,Eric King,,Eric King
10399,2013,2013,1,1,,,1,,0,True,False,0,1,,0.0,0,0,0.0,0,0,1,0,1,0,1,0,10399.0,Ping Du,,Ping Du
10400,2013,2013,1,1,,,1,,0,True,False,0,1,,0.0,0,0,0.0,0,0,1,0,1,0,1,0,10400.0,Fang Zeng,,Fang Zeng
10403,2010,2010,2,2,2010,2010,2,0,0,True,False,0,6,30,0.0,1,0,0.0,0,0,1,0,1,2,1,0,10403.0,Elizabeth Nguyen,,Elizabeth Nguyen
10405,2017,2017,1,1,,,1,,0,True,False,0,2,,0.0,0,0,0.0,0,0,1,0,1,0,1,0,10405.0,Moritz Keudel,,Moritz Keudel
10407,2023,2030,2,2,,,2,,7,True,False,1,4,,0.0,1,0,0.42857142857142855,0,0,2,0,2,0,1,2,10407.0,Guiying Pan,,Guiying Pan
10408,2023,2030,2,2,,,2,,7,True,False,1,4,,0.0,1,0,0.42857142857142855,0,0,2,0,2,0,1,2,10408.0,Xiuying Duan,,Xiuying Duan
10409,2023,2023,1,1,,,1,,0,True,False,0,1,,0.0,1,0,0.0,0,0,2,0,2,0,1,0,10409.0,Ping Zheng,,Ping Zheng
10410,2030,2030,1,1,,,1,,0,True,True,1,3,,0.0,0,0,0.0,0,0,1,0,1,0,1,2,10410.0,Na Zhong,,Na Zhong
10411,2023,2023,1,1,,,1,,0,True,False,0,1,,0.0,1,0,0.0,0,0,2,0,2,0,1,0,10411.0,Gang Meng,,Gang Meng
10414,2013,2013,1,1,,,1,,0,True,False,0,0,,0.0,0,0,0.0,0,0,1,0,1,0,1,0,10414.0,Ping Wen,,Ping Wen
10416,2017,2023,2,2,2017,2017,2,0,6,True,False,0,2,23,0.0,0,0,0.0,0,0,1,0,1,1,2,0,10416.0,Chao Yi,,Chao Yi
10418,2010,2010,1,1,2010,2010,1,0,0,True,False,0,4,30,0.0,0,0,0.0,0,0,1,0,1,1,2,0,10418.0,Juan Li,,Juan Li
10420,1997,1997,1,1,,,1,,0,True,False,0,1,,0.0,1,0,0.0,0,0,2,0,2,0,1,0,10420.0,Yang Tian,,Yang Tian
10422,2023,2023,1,1,,,1,,0,True,False,0,0,,0.0,0,0,0.0,0,0,1,0,1,0,1,0,10422.0,Chao Yi,,Chao Yi
10423,2023,2023,1,1,,,1,,0,True,False,0,0,,0.0,0,0,0.0,0,0,1,0,1,0,1,0,10423.0,Tao Fang,,Tao Fang
10424,2023,2023,1,1,,,1,,0,True,False,0,0,,0.0,0,0,0.0,0,0,1,0,1,0,1,0,10424.0,Karen Garcia,,Karen Garcia
10428,2026,2026,1,1,,,1,,0,True,True,0,3,,0.0,2,0,0.0,0,0,1,0,1,0,1,2,10428.0,Lei Xue,,Lei Xue
10429,2026,2026,1,1,,,1,,0,True,True,0,3,,0.0,2,0,0.0,0,0,1,0,1,0,2,2,10429.0,Min Xia,,Min Xia
10430,2020,2026,4,4,,,4,,6,True,False,0,8,,0.0,2,0,0.8333333333333334,0,0,4,0,4,3,1,2,10430.0,Jörg Niemeier,,Jörg Niemeier
10436,2027,2027,1,1,,,1,,0,True,True,0,1,,0.0,0,0,0.0,0,0,1,0,1,0,2,0,10436.0,Julie Larson,,Julie Larson
10438,2007,2007,1,1,2007,2007,1,0,0,True,False,0,0,33,0.0,0,0,0.0,0,0,1,0,1,0,2,0,10438.0,Blake Melton,,Blake Melton
10440,2020,2020,1,1,,,1,,0,True,False,0,1,,0.0,0,0,0.0,0,0,1,0,1,0,2,0,10440.0,Juanito Jimenez Hernández,,Juanito Jimenez Hernández
10442,2012,2027,2,2,,,2,,15,True,False,0,1,,0.0,0,0,0.0,0,0,2,0,2,0,3,0,10442.0,Kelly Jones,,Kelly Jones
10445,2017,2017,1,1,,,1,,0,True,False,0,0,,0.0,3,0,0.0,0,0,2,0,2,0,1,0,10445.0,Emily Taylor,,Emily Taylor
10446,2017,2017,1,1,,,1,,0,True,False,0,0,,0.0,3,0,0.0,0,0,2,0,2,0,1,0,10446.0,Christopher Gonzalez,,Christopher Gonzalez
10450,2015,2015,1,1,,,1,,0,True,False,0,1,,0.0,1,0,0.0,0,0,2,0,2,1,1,0,10450.0,Urte Bachmann,,Urte Bachmann
10451,2010,2010,1,1,2010,2010,1,0,0,True,False,0,0,30,0.0,0,0,0.0,0,0,1,0,1,0,2,0,10451.0,Erdmute Hermann-Karge,,Erdmute Hermann-Karge
10452,1997,2015,4,3,,,3,,18,True,False,0,4,,0.0,0,0,0.2213114754098361,0,0,5,0,5,1,2,0,10452.0,Erkan Barkholz,,Erkan Barkholz
10454,2026,2026,1,1,,,1,,0,True,True,0,6,,0.0,0,0,0.0,0,0,1,0,1,3,1,0,10454.0,Jamie Smith, Nova, Nova
10455,2014,2014,1,0,,,1,,0,True,False,0,5,,0.0,0,0,0.0,0,0,1,0,1,2,2,0,10455.0,Nathaniel Craig,,Nathaniel Craig
10456,2026,2026,1,1,,,1,,0,True,True,0,6,,0.0,0,0,0.0,0,0,1,0,1,3,2,0,10456.0,Kayla Roberson,,Kayla Roberson
10458,2018,2018,1,1,2018,2018,1,0,0,True,False,0,0,22,0.0,1,0,0.0,0,0,2,0,2,0,1,0,10458.0,Daniel Johnson,,Daniel Johnson
10460,2018,2018,1,1,2018,2018,1,0,0,True,False,0,0,22,0.0,1,0,0.0,0,0,2,0,2,0,1,0,10460.0,Joyce Jackson,,Joyce Jackson
10463,2013,2013,1,1,,,1,,0,True,False,0,0,,0.0,4,0,0.0,0,0,1,0,1,0,1,0,10463.0,Fang Lei,,Fang Lei
10466,2007,2007,1,1,,,1,,0,True,False,0,0,,0.0,0,0,0.0,0,0,1,0,1,0,2,0,10466.0,Fang Ma,,Fang Ma
10470,2015,2015,1,1,,,1,,0,True,False,0,1,,0.0,2,0,0.0,0,0,1,0,1,0,1,0,10470.0,Min Gong,,Min Gong
10471,2015,2015,1,1,,,1,,0,True,False,0,1,,0.0,2,0,0.0,0,0,1,0,1,0,1,0,10471.0,Ping Zhang,,Ping Zhang
10472,2015,2015,1,1,,,1,,0,True,False,0,1,,0.0,2,0,0.0,0,0,1,0,1,0,1,0,10472.0,Lei Yan,,Lei Yan
10473,2015,2015,1,1,,,1,,0,True,False,0,1,,0.0,2,0,0.0,0,0,1,0,1,0,2,0,10473.0,Fang Meng,,Fang Meng
10474,2015,2015,1,1,,,1,,0,True,False,0,1,,0.0,2,0,0.0,0,0,1,0,1,0,1,0,10474.0,Xiulan Tan,,Xiulan Tan
10476,2020,2020,1,1,,,1,,0,True,False,0,1,,0.0,1,0,0.0,0,0,1,0,1,0,3,0,10476.0,Norbert Flisek,,Norbert Flisek
10477,2020,2020,1,1,,,1,,0,True,False,0,1,,0.0,1,0,0.0,0,0,1,0,1,0,1,0,10477.0,Monika Przewłoka,,Monika Przewłoka
10479,2010,2032,3,3,,,3,,22,True,False,1,13,,0.0,1,0,0.0,0,0,3,0,3,3,2,0,10479.0,Xiuying Yan,,Xiuying Yan
10481,2003,2003,1,1,,,1,,0,True,False,0,0,,0.0,1,0,0.0,0,0,1,0,1,0,1,0,10481.0,Charles Brown, Mercury Stone, Mercury Stone
10482,2003,2003,2,2,,,2,,0,True,False,0,1,,0.0,1,0,0.0,0,0,2,0,2,0,2,0,10482.0,Antonio Johnson,,Antonio Johnson
10483,2003,2003,1,1,,,1,,0,True,False,0,0,,0.0,1,0,0.0,0,0,1,0,1,0,1,0,10483.0,Michelle Moore,,Michelle Moore
10485,2013,2013,1,1,,,1,,0,True,False,0,2,,0.0,0,0,0.0,0,0,1,0,1,1,1,0,10485.0,Chao Zhu,,Chao Zhu
10487,2013,2013,1,1,,,1,,0,True,False,0,2,,0.0,0,0,0.0,0,0,1,0,1,1,1,0,10487.0,Guiying Qiao,,Guiying Qiao
10489,1994,1994,1,1,,,1,,0,True,False,0,0,,0.0,0,0,0.0,0,0,0,0,0,0,2,0,10489.0,Rick Franklin,,Rick Franklin
10494,2026,2026,1,1,,,1,,0,True,True,0,0,,0.0,0,0,0.0,0,0,0,0,0,0,1,0,10494.0,Yan Pan,Corey Knight,Corey Knight
10495,2026,2026,1,1,,,1,,0,True,True,0,0,,0.0,0,0,0.0,0,0,0,0,0,0,1,0,10495.0,Jing Shen,,Jing Shen
10496,2026,2026,1,1,,,1,,0,True,True,0,0,,0.0,0,0,0.0,0,0,0,0,0,0,1,0,10496.0,Fang Ren,,Fang Ren
10497,2026,2026,1,1,,,1,,0,True,True,0,0,,0.0,0,0,0.0,0,0,0,0,0,0,2,0,10497.0,Xia Yuan,,Xia Yuan
10500,2017,2017,1,1,,,1,,0,True,False,0,0,,0.0,0,0,0.0,0,0,1,0,1,0,1,0,10500.0,Dominik Preiß,,Dominik Preiß
10501,2017,2017,1,1,,,1,,0,True,False,0,0,,0.0,0,0,0.0,0,0,1,0,1,0,1,0,10501.0,Juan Pan,,Juan Pan
10502,2017,2017,1,1,,,1,,0,True,False,0,0,,0.0,0,0,0.0,0,0,1,0,1,0,2,0,10502.0,Xiuying Ye,,Xiuying Ye
10509,2022,2022,1,1,,,1,,0,True,False,0,1,,0.0,2,0,0.0,0,0,1,0,1,0,1,0,10509.0,Kristina Jackson,,Kristina Jackson
10510,2022,2022,1,1,,,1,,0,True,False,0,1,,0.0,2,0,0.0,0,0,1,0,1,0,1,0,10510.0,Martin Ramirez,,Martin Ramirez
10511,2022,2022,1,1,,,1,,0,True,False,0,1,,0.0,2,0,0.0,0,0,1,0,1,0,1,0,10511.0,Devin Wallace,,Devin Wallace
10512,2022,2022,1,1,,,1,,0,True,False,0,1,,0.0,2,0,0.0,0,0,1,0,1,0,1,0,10512.0,Jacob Garcia,,Jacob Garcia
10518,2027,2027,1,1,,,1,,0,True,True,0,1,,0.0,0,0,0.0,0,0,0,0,0,0,3,0,10518.0,Jessica Russell,,Jessica Russell
10524,2022,2022,1,1,,,1,,0,True,False,0,1,,0.0,1,0,0.0,0,0,1,0,1,0,1,0,10524.0,Gang Bai,,Gang Bai
10525,2022,2022,1,1,,,1,,0,True,False,0,1,,0.0,1,0,0.0,0,0,1,0,1,0,1,0,10525.0,Jing Fu,,Jing Fu
10526,2022,2022,1,1,,,1,,0,True,False,0,1,,0.0,1,0,0.0,0,0,1,0,1,0,1,0,10526.0,Jun Jiang,,Jun Jiang
10527,2022,2022,1,1,,,1,,0,True,False,0,1,,0.0,1,0,0.0,0,0,1,0,1,0,1,0,10527.0,Ming Huang,,Ming Huang
10528,2022,2022,1,1,,,1,,0,True,False,0,1,,0.0,1,0,0.0,0,0,1,0,1,0,1,0,10528.0,Jing Ding,,Jing Ding
10529,2022,2022,1,1,,,1,,0,True,False,0,1,,0.0,1,0,0.0,0,0,1,0,1,0,2,0,10529.0,Omar Lewis,,Omar Lewis
10531,2013,2013,1,1,,,1,,0,True,False,0,0,,0.0,3,0,0.0,0,0,1,0,1,0,1,0,10531.0,Li Zheng,,Li Zheng
10533,2024,2026,2,2,,,2,,2,True,False,0,8,,0.0,2,0,2.0,0,0,2,0,2,2,1,0,10533.0,Noor van Hoevel en van Zwindrecht,,Noor van Hoevel en van Zwindrecht
10536,2023,2026,2,2,2026,2026,2,3,3,True,False,0,8,14,0.0,6,0,1.3333333333333333,0,0,2,0,2,3,1,0,10536.0,Kunigunde Pechel,,Kunigunde Pechel
10537,2023,2026,2,2,2026,2026,2,3,3,True,False,0,8,14,0.0,6,0,1.3333333333333333,0,0,2,0,2,3,1,0,10537.0,Hortense du Dijoux,,Hortense du Dijoux
10540,2029,2029,1,1,,,1,,0,True,True,0,2,,0.0,0,0,0.0,0,0,0,0,0,1,1,0,10540.0,Sean Lewis,,Sean Lewis
10541,2029,2029,1,1,,,1,,0,True,True,0,2,,0.0,0,0,0.0,0,0,0,0,0,1,1,0,10541.0,Cheryl Peterson,,Cheryl Peterson
10542,2029,2029,1,1,,,1,,0,True,True,0,2,,0.0,0,0,0.0,0,0,0,0,0,1,1,0,10542.0,Perry Thompson,,Perry Thompson
10546,2027,2027,1,1,,,1,,0,True,True,0,3,,0.0,0,0,0.0,0,0,1,0,1,0,1,0,10546.0,Juan Zhong,,Juan Zhong
10547,2027,2027,1,1,,,1,,0,True,True,0,3,,0.0,0,0,0.0,0,0,1,0,1,0,1,0,10547.0,Na Shao,,Na Shao
10548,2027,2027,1,1,,,1,,0,True,True,0,3,,0.0,0,0,0.0,0,0,1,0,1,0,1,0,10548.0,Alisha Hartman,,Alisha Hartman
10551,2017,2017,1,1,2017,2017,1,0,0,True,False,0,0,23,0.0,2,0,0.0,0,0,1,0,1,0,1,0,10551.0,Lei Tang,,Lei Tang
10554,2013,2017,3,3,2017,2017,2,4,4,True,False,0,1,23,0.0,3,0,1.5,0,0,1,1,2,0,2,0,10554.0,Ping Fan,,Ping Fan
10555,2017,2018,2,2,2017,2018,2,0,1,True,False,0,0,22,0.0,4,0,3.0,0,0,1,1,2,0,1,0,10555.0,Leandro Artigas Benítez,,Leandro Artigas Benítez
10556,2018,2018,1,1,2018,2018,1,0,0,True,False,0,0,22,0.0,2,0,0.0,0,0,1,0,1,0,1,0,10556.0,Juan Cao,,Juan Cao
10558,2029,2029,1,1,,,1,,0,True,True,0,1,,0.0,0,0,0.0,0,0,1,0,1,0,1,0,10558.0,Chuy Calderon Chaves,,Chuy Calderon Chaves
10559,2029,2029,1,1,,,1,,0,True,True,0,1,,0.0,0,0,0.0,0,0,1,0,1,0,1,0,10559.0,Lupe Neira,,Lupe Neira
10560,2029,2029,1,1,,,1,,0,True,True,0,1,,0.0,0,0,0.0,0,0,1,0,1,0,1,0,10560.0,Guiying Hao,,Guiying Hao
10564,2026,2028,2,2,2028,2028,1,2,2,True,True,0,2,12,0.0,0,0,0.0,0,0,2,0,2,0,3,0,10564.0,Daniel Aubert-Brunet,,Daniel Aubert-Brunet
10568,2025,2025,1,1,,,1,,0,True,True,0,0,,0.0,0,0,0.0,0,0,2,0,2,0,2,0,10568.0,Jing Ren,,Jing Ren
10569,2025,2025,1,1,,,1,,0,True,True,0,0,,0.0,0,0,0.0,0,0,2,0,2,0,1,0,10569.0,Yang Gao,,Yang Gao
10570,2025,2025,1,1,,,1,,0,True,True,0,0,,0.0,0,0,0.0,0,0,2,0,2,0,1,0,10570.0,Jie Fang,,Jie Fang
10571,2025,2025,1,1,,,1,,0,True,True,0,0,,0.0,0,0,0.0,0,0,2,0,2,0,1,0,10571.0,Francisco Kerr,,Francisco Kerr
10573,2025,2025,1,1,,,1,,0,True,True,0,0,,0.0,0,0,0.0,0,0,2,0,2,0,1,0,10573.0,Xiuying Qin,,Xiuying Qin
10575,2007,2018,2,2,2007,2018,1,0,11,True,False,0,3,22,0.0,1,0,0.0,0,0,3,0,3,0,2,0,10575.0,Scott Snyder,,Scott Snyder
10577,2011,2011,1,1,,,1,,0,True,False,0,1,,0.0,0,0,0.0,0,0,1,0,1,0,1,0,10577.0,Gang Zheng,,Gang Zheng
10578,2011,2028,2,2,,,2,,17,True,False,0,2,,0.0,0,0,0.058823529411764705,0,0,2,0,2,0,1,0,10578.0,Yang Mo,,Yang Mo
10581,2011,2011,1,1,,,1,,0,True,False,0,1,,0.0,0,0,0.0,0,0,1,0,1,0,2,0,10581.0,Juan Mao,,Juan Mao
10583,2029,2029,1,1,2029,2029,1,0,0,True,True,0,1,11,0.0,0,0,0.0,0,0,1,0,1,0,2,0,10583.0,Lei Shao,,Lei Shao
10586,2017,2017,1,1,2017,2017,1,0,0,True,False,0,0,23,0.0,1,0,0.0,0,0,1,0,1,0,1,0,10586.0,Amanda Lee,Y$O FLAME (Young & Stacked Only),Y$O FLAME (Young & Stacked Only)
10587,2017,2017,1,1,2017,2017,1,0,0,True,False,0,0,23,0.0,1,0,0.0,0,0,1,0,1,0,1,0,10587.0,Xiulan Zou,,Xiulan Zou
10588,2017,2017,1,1,2017,2017,1,0,0,True,False,0,0,23,0.0,1,0,0.0,0,0,1,0,1,0,2,0,10588.0,Gang Chen,,Gang Chen
10590,2017,2017,1,1,,,1,,0,True,False,0,0,,0.0,1,0,0.0,0,0,1,0,1,0,1,0,10590.0,Qiang Dong,,Qiang Dong
10591,2017,2017,1,1,,,1,,0,True,False,0,0,,0.0,1,0,0.0,0,0,1,0,1,0,2,0,10591.0,Jun Hao,,Jun Hao
10592,2017,2017,1,1,,,1,,0,True,False,0,0,,0.0,1,0,0.0,0,0,1,0,1,0,1,0,10592.0,Yan Xiao,,Yan Xiao
10594,2008,2020,2,1,,,2,,12,True,False,0,3,,0.0,0,0,0.0,0,0,0,0,0,1,3,0,10594.0,Edward Morgan,,Edward Morgan
10598,2013,2013,1,1,,,1,,0,True,False,0,0,,0.0,0,0,0.0,0,0,1,0,1,0,2,0,10598.0,Mark Martin,,Mark Martin
10602,2027,2027,1,1,,,1,,0,True,True,0,2,,0.0,1,0,0.0,0,0,1,0,1,1,1,0,10602.0,Vinnie Cole,Vinnie,Vinnie
10603,2027,2027,1,1,,,1,,0,True,True,0,2,,0.0,1,0,0.0,0,0,1,0,1,1,1,0,10603.0,Yong Xue,,Yong Xue
10604,2027,2027,1,1,,,1,,0,True,True,0,2,,0.0,1,0,0.0,0,0,1,0,1,1,1,0,10604.0,Chao Yi,,Chao Yi
10605,2027,2027,1,1,,,1,,0,True,True,0,2,,0.0,1,0,0.0,0,0,1,0,1,1,1,0,10605.0,Wei Yao,,Wei Yao
10606,2027,2027,1,1,,,1,,0,True,True,0,2,,0.0,1,0,0.0,0,0,1,0,1,1,1,0,10606.0,Xiuying Peng,,Xiuying Peng
10607,2027,2027,1,1,,,1,,0,True,True,0,2,,0.0,1,0,0.0,0,0,1,0,1,1,1,0,10607.0,Tao Zhu,,Tao Zhu
10609,2017,2017,1,1,2017,2017,1,0,0,True,False,0,0,23,0.0,0,0,0.0,0,0,1,0,1,0,1,0,10609.0,Kathleen Carroll,,Kathleen Carroll
10610,2017,2017,1,1,2017,2017,1,0,0,True,False,0,0,23,0.0,0,0,0.0,0,0,1,0,1,0,2,0,10610.0,Kenneth Knight,,Kenneth Knight
10611,2017,2017,1,1,2017,2017,1,0,0,True,False,0,0,23,0.0,0,0,0.0,0,0,1,0,1,0,1,0,10611.0,Tiffany Lutz,,Tiffany Lutz
10613,2012,2012,1,1,,,1,,0,True,False,0,1,,0.0,1,0,0.0,0,0,1,0,1,0,2,0,10613.0,Tim Slingerland,,Tim Slingerland
10614,2012,2012,1,1,,,1,,0,True,False,0,1,,0.0,1,0,0.0,0,0,1,0,1,0,1,0,10614.0,Femke de Koning-Hendriks,,Femke de Koning-Hendriks
10615,2012,2012,1,1,,,1,,0,True,False,0,1,,0.0,1,0,0.0,0,0,1,0,1,0,1,0,10615.0,Victor Miller,,Victor Miller
10617,2013,2013,1,1,,,1,,0,True,False,0,2,,0.0,1,0,0.0,0,0,0,0,0,0,1,0,10617.0,Alexa Thomas,,Alexa Thomas
10618,2013,2013,1,1,,,1,,0,True,False,0,2,,0.0,1,0,0.0,0,0,0,0,0,0,2,0,10618.0,George Snyder,,George Snyder
10622,2028,2028,1,1,,,1,,0,True,True,0,1,,0.0,1,0,0.0,0,0,1,0,1,0,1,0,10622.0,Dale Suarez,,Dale Suarez
10623,2028,2028,1,1,,,1,,0,True,True,0,1,,0.0,1,0,0.0,0,0,1,0,1,0,1,0,10623.0,Jie Wang,,Jie Wang
10626,2030,2030,1,0,,,1,,0,True,True,0,1,,0.0,0,0,0.0,0,0,1,0,1,0,1,0,10626.0,Helmtrud Mälzer-Paffrath,,Helmtrud Mälzer-Paffrath
10629,2020,2020,1,1,,,1,,0,True,False,0,1,,0.0,0,0,0.0,0,0,0,0,0,0,1,0,10629.0,Debra Jones,,Debra Jones
10633,2013,2013,1,1,,,1,,0,True,False,0,3,,0.0,1,0,0.0,0,0,1,0,1,0,1,0,10633.0,Jennifer Boyer,,Jennifer Boyer
10635,2013,2013,1,1,,,1,,0,True,False,0,3,,0.0,1,0,0.0,0,0,1,0,1,0,2,0,10635.0,Sarah Clark,,Sarah Clark
10637,2024,2027,2,2,,,2,,3,True,False,0,5,,0.0,1,0,0.6666666666666666,0,0,1,0,1,0,1,4,10637.0,Ming Zhong,,Ming Zhong
10639,2024,2027,2,2,,,2,,3,True,False,0,5,,0.0,1,0,0.6666666666666666,0,0,1,0,1,0,1,4,10639.0,Min Mo,,Min Mo
10643,2023,2023,1,1,,,1,,0,True,False,0,1,,0.0,1,0,0.0,0,0,1,0,1,0,1,0,10643.0,Tara Becker,,Tara Becker
10644,2023,2023,1,1,,,1,,0,True,False,0,1,,0.0,1,0,0.0,0,0,1,0,1,0,1,0,10644.0,Julia Berry,,Julia Berry
10646,2010,2010,1,1,,,1,,0,True,False,0,0,,0.0,3,0,0.0,0,0,2,0,2,0,1,0,10646.0,Xia Qiao,,Xia Qiao
10647,2010,2010,1,1,,,1,,0,True,False,0,0,,0.0,3,0,0.0,0,0,2,0,2,0,2,0,10647.0,Xiuying Hou,,Xiuying Hou
10649,1999,1999,1,1,,,1,,0,True,False,0,1,,0.0,0,0,0.0,0,0,1,0,1,0,1,0,10649.0,Wei Liu,,Wei Liu
10652,2006,2006,1,1,,,1,,0,True,False,0,7,,0.0,2,0,0.0,0,0,1,0,1,2,2,0,10652.0,Guiying Lei,,Guiying Lei
10654,2022,2022,1,0,,,1,,0,True,False,0,1,,0.0,0,0,0.0,0,0,0,0,0,0,2,0,10654.0,Patricia Jackson,,Patricia Jackson
10655,2022,2022,1,0,,,1,,0,True,False,0,1,,0.0,0,0,0.0,0,0,0,0,0,0,1,0,10655.0,Gregory Kane,,Gregory Kane
10660,2023,2028,3,3,2023,2028,1,0,5,True,False,0,10,12,0.0,10,0,1.8,0,0,3,1,4,3,2,0,10660.0,Karl-August Beyer,,Karl-August Beyer
10661,2023,2028,4,4,2023,2028,1,0,5,True,False,0,19,12,0.0,12,0,4.115384615384615,0,0,5,1,6,3,1,0,10661.0,Angelina Sölzer,,Angelina Sölzer
10663,2029,2029,1,1,2029,2029,1,0,0,True,True,0,2,11,0.0,2,0,0.0,0,0,1,0,1,0,1,0,10663.0,Min Feng,,Min Feng
10664,2029,2029,1,1,2029,2029,1,0,0,True,True,0,2,11,0.0,2,0,0.0,0,0,1,0,1,0,2,0,10664.0,Elizabeth Garcia,,Elizabeth Garcia
10665,2029,2029,1,1,2029,2029,1,0,0,True,True,0,2,11,0.0,2,0,0.0,0,0,1,0,1,0,1,0,10665.0,Ming Dai,,Ming Dai
10669,2028,2028,1,1,,,1,,0,True,True,0,1,,0.0,0,0,0.0,0,0,2,0,2,1,2,0,10669.0,Yan Kang,,Yan Kang
10670,2013,2028,2,2,2013,2013,2,0,15,True,False,0,1,27,0.0,0,0,0.26666666666666666,0,0,3,0,3,1,1,0,10670.0,Tao Yin,,Tao Yin
10671,2013,2028,2,2,2013,2013,2,0,15,True,False,0,1,27,0.0,0,0,0.26666666666666666,0,0,3,0,3,1,2,0,10671.0,Yan Guo,,Yan Guo
10672,2028,2028,1,1,,,1,,0,True,True,0,1,,0.0,0,0,0.0,0,0,2,0,2,1,2,0,10672.0,Jun Shao,,Jun Shao
10677,2026,2026,1,1,,,1,,0,True,True,0,1,,0.0,0,0,0.0,0,0,1,0,1,0,1,0,10677.0,Jason Chavez, Echo Phoenix, Echo Phoenix
10678,2026,2026,1,1,,,1,,0,True,True,0,1,,0.0,0,0,0.0,0,0,1,0,1,0,1,0,10678.0,Derek Robinson,Feral Aria,Feral Aria
10680,2026,2026,1,1,,,1,,0,True,True,0,1,,0.0,0,0,0.0,0,0,1,0,1,0,1,0,10680.0,Timothy Sanders,,Timothy Sanders
10682,2007,2007,1,1,,,1,,0,True,False,0,1,,0.0,0,0,0.0,0,0,2,0,2,0,1,0,10682.0,Bianka Herrmann,,Bianka Herrmann
10687,2020,2020,1,1,,,1,,0,True,False,0,1,,0.0,0,0,0.0,0,0,1,0,1,1,1,0,10687.0,David Duncan,,David Duncan
10688,2020,2020,1,1,,,1,,0,True,False,0,1,,0.0,0,0,0.0,0,0,1,0,1,1,2,0,10688.0,Monique Jefferson,,Monique Jefferson
10690,2020,2020,1,1,,,1,,0,True,False,0,1,,0.0,0,0,0.0,0,0,1,0,1,1,1,0,10690.0,Robert Cowan,,Robert Cowan
10691,2020,2020,1,1,,,1,,0,True,False,0,1,,0.0,0,0,0.0,0,0,1,0,1,1,1,0,10691.0,Cassandra Carroll,,Cassandra Carroll
10692,2020,2020,1,1,,,1,,0,True,False,0,1,,0.0,0,0,0.0,0,0,1,0,1,1,1,0,10692.0,Kimberly Martin,,Kimberly Martin
10696,2004,2004,2,2,2004,2004,1,0,0,True,False,0,1,36,0.0,1,0,0.0,0,0,1,0,1,0,1,0,10696.0,David Moore,,David Moore
10697,2004,2004,2,2,2004,2004,1,0,0,True,False,0,1,36,0.0,1,0,0.0,0,0,1,0,1,0,2,0,10697.0,Amanda Brock,,Amanda Brock
10701,2029,2029,1,1,,,1,,0,True,True,0,1,,0.0,0,0,0.0,0,0,1,0,1,0,2,0,10701.0,Adam Gill,,Adam Gill
10702,2029,2029,1,1,,,1,,0,True,True,0,1,,0.0,0,0,0.0,0,0,1,0,1,0,1,0,10702.0,Xiulan Zou,,Xiulan Zou
10703,2029,2029,1,1,,,1,,0,True,True,0,1,,0.0,0,0,0.0,0,0,1,0,1,0,1,0,10703.0,Xiuying Shi,,Xiuying Shi
10705,2010,2010,1,1,2010,2010,1,0,0,True,False,0,0,30,0.0,1,0,0.0,0,0,1,0,1,0,1,0,10705.0,Ming Duan,Nova Apparition,Nova Apparition
10706,2010,2010,1,1,2010,2010,1,0,0,True,False,0,0,30,0.0,1,0,0.0,0,0,1,0,1,0,1,0,10706.0,Xiuying Ding,,Xiuying Ding
10707,2010,2010,1,1,2010,2010,1,0,0,True,False,0,0,30,0.0,1,0,0.0,0,0,1,0,1,0,2,0,10707.0,Glenn Lewis,,Glenn Lewis
10710,2004,2004,1,1,,,1,,0,True,False,0,0,,0.0,0,0,0.0,0,0,0,0,0,0,1,0,10710.0,Ryan Woodard,,Ryan Woodard
10711,2004,2004,1,1,,,1,,0,True,False,0,0,,0.0,0,0,0.0,0,0,0,0,0,0,1,0,10711.0,Kyle Smith,,Kyle Smith
10712,2004,2004,1,1,,,1,,0,True,False,0,0,,0.0,0,0,0.0,0,0,0,0,0,0,1,0,10712.0,Eric Holland,,Eric Holland
10713,2004,2004,1,1,,,1,,0,True,False,0,0,,0.0,0,0,0.0,0,0,0,0,0,0,2,0,10713.0,John Reed,,John Reed
10714,2004,2004,1,1,,,1,,0,True,False,0,0,,0.0,0,0,0.0,0,0,0,0,0,0,1,0,10714.0,Randy Gonzalez,,Randy Gonzalez
10717,2027,2027,1,1,,,1,,0,True,True,0,1,,0.0,0,0,0.0,0,0,1,0,1,0,1,1,10717.0,Tao Gao,,Tao Gao
10718,2027,2027,1,1,,,1,,0,True,True,0,1,,0.0,0,0,0.0,0,0,1,0,1,0,1,1,10718.0,Brian Hall,,Brian Hall
10719,2027,2027,1,1,,,1,,0,True,True,0,1,,0.0,0,0,0.0,0,0,1,0,1,0,1,1,10719.0,Chao Bai,,Chao Bai
10721,2027,2027,1,1,,,1,,0,True,True,0,1,,0.0,0,0,0.0,0,0,1,0,1,0,2,1,10721.0,Xiulan Shao,,Xiulan Shao
10723,2023,2023,1,1,,,1,,0,True,False,0,2,,0.0,1,0,0.0,0,0,1,0,1,0,2,0,10723.0,Qiang Lai,,Qiang Lai
10724,2023,2023,1,1,,,1,,0,True,False,0,2,,0.0,1,0,0.0,0,0,1,0,1,0,1,0,10724.0,Juan Kang,,Juan Kang
10725,2013,2023,2,2,,,1,,10,True,False,0,2,,0.0,1,0,0.3,0,0,2,0,2,0,1,0,10725.0,Guiying Mo,,Guiying Mo
10729,2013,2023,2,2,,,2,,10,True,False,0,6,,0.0,6,0,0.8,0,0,2,0,2,2,2,0,10729.0,Pierluigi Telesio,,Pierluigi Telesio
10731,2013,2013,1,1,,,1,,0,True,False,0,1,,0.0,0,0,0.0,0,0,1,0,1,0,1,0,10731.0,Xiuying Lin,,Xiuying Lin
10732,2013,2013,1,1,,,1,,0,True,False,0,1,,0.0,0,0,0.0,0,0,1,0,1,0,1,0,10732.0,Melissa Moore,,Melissa Moore
10733,2013,2013,1,1,,,1,,0,True,False,0,1,,0.0,0,0,0.0,0,0,1,0,1,0,1,0,10733.0,Jeffrey Miller,,Jeffrey Miller
10734,2013,2013,1,1,,,1,,0,True,False,0,1,,0.0,0,0,0.0,0,0,1,0,1,0,2,0,10734.0,Juan Cao,,Juan Cao
10738,2024,2024,1,1,,,1,,0,True,False,0,1,,0.0,1,0,0.0,0,0,1,0,1,1,1,0,10738.0,Jun Ding,,Jun Ding
10739,2023,2023,1,1,2023,2023,1,0,0,True,False,0,0,17,0.0,1,0,0.0,0,0,1,0,1,0,1,0,10739.0,Na Yu,,Na Yu
10742,2020,2027,3,3,2025,2025,2,5,7,True,False,0,4,15,0.0,5,0,1.7692307692307692,0,0,2,1,3,3,1,0,10742.0,Scott Mckinney,,Scott Mckinney
10743,2027,2027,1,1,,,1,,0,True,True,0,2,,0.0,6,0,0.0,0,0,1,0,1,2,1,0,10743.0,Brandon Morales,,Brandon Morales
10744,2020,2027,3,3,2025,2025,2,5,7,True,False,0,4,15,0.0,5,0,1.7692307692307692,0,0,2,1,3,3,2,0,10744.0,Terry Gonzalez,,Terry Gonzalez
10745,2020,2027,3,3,2025,2025,2,5,7,True,False,0,4,15,0.0,5,0,1.7692307692307692,0,0,2,1,3,3,1,0,10745.0,Peter Jacobi Jäckel,,Peter Jacobi Jäckel
10748,2019,2019,1,1,,,1,,0,True,False,0,0,,0.0,0,0,0.0,0,0,2,0,2,0,1,0,10748.0,Clinton Fischer, Obsidian Soul, Obsidian Soul
10749,2019,2019,1,1,,,1,,0,True,False,0,0,,0.0,0,0,0.0,0,0,2,0,2,0,1,0,10749.0,Franck Joly,,Franck Joly
10750,2019,2019,1,1,,,1,,0,True,False,0,0,,0.0,0,0,0.0,0,0,2,0,2,0,1,0,10750.0,Melissa Rivas,,Melissa Rivas
10751,2019,2019,1,1,,,1,,0,True,False,0,0,,0.0,0,0,0.0,0,0,2,0,2,0,1,0,10751.0,Erica Lopez,,Erica Lopez
10752,2019,2023,2,2,2023,2023,2,4,4,True,False,0,3,17,0.0,6,0,2.0,0,0,3,0,3,0,1,0,10752.0,Jillian Salazar,,Jillian Salazar
10755,2023,2023,1,1,,,1,,0,True,False,0,2,,0.0,2,0,0.0,0,0,1,0,1,0,1,1,10755.0,Qiang Sun,,Qiang Sun
10756,2023,2023,1,1,,,1,,0,True,False,0,2,,0.0,2,0,0.0,0,0,1,0,1,0,1,1,10756.0,Xia Kang,,Xia Kang
10757,2023,2023,1,1,,,1,,0,True,False,0,2,,0.0,2,0,0.0,0,0,1,0,1,0,1,1,10757.0,Ming Hao,,Ming Hao
10758,2023,2023,1,1,,,1,,0,True,False,0,2,,0.0,2,0,0.0,0,0,1,0,1,0,1,1,10758.0,Yong Yao,,Yong Yao
10760,2017,2017,1,1,,,1,,0,True,False,0,11,,0.0,0,0,0.0,0,0,1,0,1,3,2,0,10760.0,Cyprian Goss,,Cyprian Goss
10762,2028,2028,2,2,2028,2028,1,0,0,True,True,0,2,12,0.0,2,0,0.0,0,0,1,0,1,0,1,0,10762.0,Chao Shi,,Chao Shi
10764,2028,2028,1,1,,,1,,0,True,True,0,2,,0.0,2,0,0.0,0,0,1,0,1,0,1,0,10764.0,Michael Buchanan,,Michael Buchanan
10768,2023,2027,2,2,,,2,,4,True,False,0,7,,0.0,0,0,0.0,0,0,1,0,1,2,2,0,10768.0,Dean Stevens,,Dean Stevens
10770,2028,2028,1,1,,,1,,0,True,True,0,4,,0.0,2,0,0.0,0,0,1,0,1,0,2,0,10770.0,Brian Gonzalez,,Brian Gonzalez
10772,2017,2017,1,1,2017,2017,1,0,0,True,False,0,1,23,0.0,0,0,0.0,0,0,1,0,1,1,1,0,10772.0,Yang Cao,,Yang Cao
10774,2017,2017,1,1,,,1,,0,True,False,0,1,,0.0,1,0,0.0,0,0,1,0,1,0,1,0,10774.0,Marvin Heuser,,Marvin Heuser
10776,1997,2017,3,3,,,2,,20,True,False,0,7,,0.0,0,0,0.0,0,0,2,0,2,0,3,0,10776.0,Chloë de Gruil,,Chloë de Gruil
10778,2029,2029,1,1,,,1,,0,True,True,0,2,,0.0,0,0,0.0,0,0,1,0,1,0,1,0,10778.0,Juan Ren,Nate Bishop,Nate Bishop
10779,2029,2029,1,1,,,1,,0,True,True,0,2,,0.0,0,0,0.0,0,0,1,0,1,0,1,0,10779.0,Jing Tan,,Jing Tan
10780,2029,2029,1,1,,,1,,0,True,True,0,2,,0.0,0,0,0.0,0,0,1,0,1,0,1,0,10780.0,Gang He,,Gang He
10781,2029,2029,1,1,,,1,,0,True,True,0,2,,0.0,0,0,0.0,0,0,1,0,1,0,1,0,10781.0,Lei Zhong,,Lei Zhong
10784,2026,2026,1,1,,,1,,0,True,True,0,1,,0.0,1,0,0.0,0,0,1,0,1,0,1,0,10784.0,Tao Shao,,Tao Shao
10785,2026,2026,1,1,,,1,,0,True,True,0,1,,0.0,1,0,0.0,0,0,1,0,1,0,1,0,10785.0,Terry Castillo,,Terry Castillo
10788,2024,2024,1,1,,,1,,0,True,False,0,2,,0.0,0,0,0.0,0,0,1,0,1,1,2,0,10788.0,Vidur Khatri, Rex VIII, Rex VIII
10789,2024,2024,1,1,,,1,,0,True,False,0,2,,0.0,0,0,0.0,0,0,1,0,1,1,1,0,10789.0,Veer Raju,,Veer Raju
10794,2010,2021,2,2,2010,2010,2,0,11,True,False,0,2,30,0.0,0,0,0.18181818181818182,0,0,2,0,2,1,2,0,10794.0,Frédéric de la Coulon,,Frédéric de la Coulon
10795,2013,2013,1,0,,,1,,0,True,False,0,1,,0.0,0,0,0.0,0,0,2,0,2,1,1,0,10795.0,Kristina Lang,,Kristina Lang
10796,2013,2013,1,0,,,1,,0,True,False,0,1,,0.0,0,0,0.0,0,0,2,0,2,1,2,0,10796.0,Tiffany Cain,,Tiffany Cain
10797,2013,2013,1,0,,,1,,0,True,False,0,1,,0.0,0,0,0.0,0,0,2,0,2,1,1,0,10797.0,Aarav Chada,,Aarav Chada
10798,2010,2021,3,2,2010,2010,3,0,11,True,False,0,3,30,0.0,0,0,0.4845360824742269,0,0,3,0,3,2,1,0,10798.0,Valérie Mathieu,,Valérie Mathieu
10801,2026,2029,2,2,2029,2029,2,3,3,True,True,0,3,11,0.0,0,0,0.6666666666666666,0,0,1,0,1,1,1,0,10801.0,Devansh Divan,,Devansh Divan
10802,2029,2029,1,1,2029,2029,1,0,0,True,True,0,1,11,0.0,0,0,0.0,0,0,1,0,1,0,2,0,10802.0,Misha Batta,,Misha Batta
10803,2026,2029,2,2,2029,2029,2,3,3,True,True,0,3,11,0.0,0,0,0.6666666666666666,0,0,1,0,1,1,1,0,10803.0,Fateh Dube,,Fateh Dube
10804,2026,2026,1,1,,,1,,0,True,True,0,2,,0.0,0,0,0.0,0,0,1,0,1,1,3,0,10804.0,Sumer Kakar,,Sumer Kakar
10807,2027,2027,1,1,,,1,,0,True,True,0,1,,0.0,0,0,0.0,0,0,1,0,1,0,2,0,10807.0,Ping Cheng,,Ping Cheng
10808,2027,2027,1,1,,,1,,0,True,True,0,1,,0.0,0,0,0.0,0,0,1,0,1,0,1,0,10808.0,Xia Liao,,Xia Liao
10809,2027,2027,1,1,,,1,,0,True,True,0,1,,0.0,0,0,0.0,0,0,1,0,1,0,1,0,10809.0,Yan Gu,,Yan Gu
10811,2027,2027,1,1,,,1,,0,True,True,0,1,,0.0,0,0,0.0,0,0,1,0,1,0,1,0,10811.0,Jing Wang,,Jing Wang
10816,2025,2025,1,1,,,1,,0,True,True,0,0,,0.0,1,0,0.0,0,0,1,0,1,0,1,0,10816.0,Livio Brenna,Velvet Anachronism,Velvet Anachronism
10817,2025,2025,1,1,,,1,,0,True,True,0,0,,0.0,1,0,0.0,0,0,1,0,1,0,2,0,10817.0,Nino Pasolini,,Nino Pasolini
10820,2029,2029,1,1,,,1,,0,True,True,0,3,,0.0,0,0,0.0,0,0,2,0,2,0,1,0,10820.0,Nout Zijlmans,,Nout Zijlmans
10821,2029,2029,1,1,,,1,,0,True,True,0,3,,0.0,0,0,0.0,0,0,2,0,2,0,1,0,10821.0,Xiuying Hou,,Xiuying Hou
10823,2029,2030,2,2,,,2,,1,True,True,1,6,,0.0,0,0,6.0,0,0,2,0,2,0,2,0,10823.0,Xia Wang,,Xia Wang
10824,2029,2029,1,1,,,1,,0,True,True,0,3,,0.0,0,0,0.0,0,0,2,0,2,0,1,0,10824.0,Fang Shen,,Fang Shen
10827,2032,2032,1,1,,,1,,0,True,True,1,2,,0.0,0,0,0.0,0,0,1,0,1,0,1,0,10827.0,Juan Dai, Marco Sun, Marco Sun
10829,2032,2032,1,1,,,1,,0,True,True,1,2,,0.0,0,0,0.0,0,0,1,0,1,0,1,0,10829.0,Gang He,,Gang He
10830,2032,2032,1,1,,,1,,0,True,True,1,2,,0.0,0,0,0.0,0,0,1,0,1,0,1,0,10830.0,Jie Tang,,Jie Tang
10831,2032,2032,1,1,,,1,,0,True,True,1,2,,0.0,0,0,0.0,0,0,1,0,1,0,2,0,10831.0,Ronald Santos,,Ronald Santos
10834,2023,2023,1,1,,,1,,0,True,False,0,1,,0.0,0,0,0.0,0,0,0,0,0,0,2,0,10834.0,Heidi Berry,,Heidi Berry
10838,2010,2010,1,0,,,1,,0,True,False,0,1,,0.0,0,0,0.0,0,0,1,0,1,0,1,0,10838.0,Shane Davis,,Shane Davis
10841,2026,2026,1,1,2026,2026,1,0,0,True,True,0,3,14,0.0,0,0,0.0,0,0,1,0,1,0,2,0,10841.0,Leslie Moore,,Leslie Moore
10842,2026,2026,1,1,2026,2026,1,0,0,True,True,0,3,14,0.0,0,0,0.0,0,0,1,0,1,0,1,0,10842.0,Julie Thomas,,Julie Thomas
10843,2026,2026,1,1,2026,2026,1,0,0,True,True,0,3,14,0.0,0,0,0.0,0,0,1,0,1,0,1,0,10843.0,Daniel Watson,,Daniel Watson
10846,2017,2017,1,1,,,1,,0,True,False,0,1,,0.0,1,0,0.0,0,0,1,0,1,0,1,0,10846.0,Gang Fan,,Gang Fan
10847,2004,2017,2,2,,,1,,13,True,False,0,2,,0.0,1,0,0.15384615384615385,0,0,2,0,2,0,1,0,10847.0,Jun Yin,,Jun Yin
10849,2025,2025,1,1,,,1,,0,True,True,0,1,,0.0,0,0,0.0,1,0,1,0,1,0,2,0,10849.0,Lisa Crawford,,Lisa Crawford
10853,2027,2027,1,1,,,1,,0,True,True,0,1,,0.0,0,0,0.0,0,0,1,0,1,0,2,0,10853.0,Imelda Reising-Franke,,Imelda Reising-Franke
10856,2023,2023,1,1,2023,2023,1,0,0,True,False,0,3,17,0.0,6,0,0.0,0,0,1,0,1,0,1,0,10856.0,Adam Arnold,,Adam Arnold
10857,2023,2023,1,1,2023,2023,1,0,0,True,False,0,3,17,0.0,6,0,0.0,0,0,1,0,1,0,1,0,10857.0,Carlos Townsend,,Carlos Townsend
10858,2023,2029,2,1,2023,2023,2,0,6,True,False,0,4,17,0.0,9,0,0.8333333333333334,0,0,1,0,1,1,1,0,10858.0,Norma Huff,,Norma Huff
10860,2013,2013,1,1,,,1,,0,True,False,0,0,,0.0,0,0,0.0,0,0,1,0,1,0,1,0,10860.0,Roksana Kurzyna,,Roksana Kurzyna
10862,2029,2029,1,1,,,1,,0,True,True,0,2,,0.0,1,0,0.0,0,0,1,0,1,0,1,0,10862.0,Rebecca Bennett, Cobalt Sky, Cobalt Sky
10863,2029,2029,1,1,,,1,,0,True,True,0,2,,0.0,1,0,0.0,0,0,1,0,1,0,1,0,10863.0,Craig Villanueva,Sepia Reverie,Sepia Reverie
10864,2029,2029,1,1,,,1,,0,True,True,0,2,,0.0,1,0,0.0,0,0,1,0,1,0,2,0,10864.0,Alexander Rose,,Alexander Rose
10865,2029,2029,1,1,,,1,,0,True,True,0,2,,0.0,1,0,0.0,0,0,1,0,1,0,2,0,10865.0,Michael Richard,,Michael Richard
10866,2029,2029,1,1,,,1,,0,True,True,0,2,,0.0,1,0,0.0,0,0,1,0,1,0,1,0,10866.0,Rhonda Mendez,,Rhonda Mendez
10868,2008,2029,2,2,2008,2008,1,0,21,True,False,0,2,32,0.0,1,0,0.5238095238095238,0,0,1,0,1,0,1,0,10868.0,Ryan Palmer,,Ryan Palmer
10869,2029,2029,1,1,,,1,,0,True,True,0,2,,0.0,1,0,0.0,0,0,1,0,1,0,1,0,10869.0,Adam Smith,,Adam Smith
10870,2029,2029,1,1,,,1,,0,True,True,0,2,,0.0,1,0,0.0,0,0,1,0,1,0,1,0,10870.0,Thomas Robinson,,Thomas Robinson
10871,2029,2029,1,1,,,1,,0,True,True,0,2,,0.0,1,0,0.0,0,0,1,0,1,0,1,0,10871.0,Dylan Miller,,Dylan Miller
10872,2029,2029,1,1,,,1,,0,True,True,0,2,,0.0,1,0,0.0,0,0,1,0,1,0,2,0,10872.0,Audrey Fritz,,Audrey Fritz
10873,2029,2029,1,1,,,1,,0,True,True,0,2,,0.0,1,0,0.0,0,0,1,0,1,0,1,0,10873.0,Mackenzie Garza,,Mackenzie Garza
10876,2029,2029,1,1,,,1,,0,True,True,0,2,,0.0,0,0,0.0,0,0,1,0,1,0,1,0,10876.0,Cory Garrett,,Cory Garrett
10879,2029,2029,1,1,,,1,,0,True,True,0,2,,0.0,0,0,0.0,0,0,1,0,1,0,1,0,10879.0,Shane Alexander,,Shane Alexander
10881,2015,2015,1,1,,,1,,0,True,False,0,0,,0.0,0,0,0.0,0,0,1,0,1,0,2,0,10881.0,Xiulan Xie,,Xiulan Xie
10882,2015,2015,1,1,,,1,,0,True,False,0,0,,0.0,0,0,0.0,0,0,1,0,1,0,1,0,10882.0,Traci Thomas,,Traci Thomas
10884,2026,2026,1,1,,,1,,0,True,True,0,1,,0.0,0,0,0.0,0,0,1,0,1,0,2,0,10884.0,Yang Lei,,Yang Lei
10885,2026,2026,2,2,,,1,,0,True,True,0,2,,0.0,0,0,0.0,0,0,1,0,1,0,2,0,10885.0,Ping Du,,Ping Du
10886,2026,2026,1,1,,,1,,0,True,True,0,1,,0.0,0,0,0.0,0,0,1,0,1,0,2,0,10886.0,Xiulan Jia,,Xiulan Jia
10887,2022,2026,2,2,,,2,,4,True,False,0,2,,0.0,0,0,2.0,0,0,2,0,2,0,2,0,10887.0,Jing Li,,Jing Li
10888,2026,2026,1,1,,,1,,0,True,True,0,1,,0.0,0,0,0.0,0,0,1,0,1,0,1,0,10888.0,Wei Wu,,Wei Wu
10889,2026,2026,1,1,,,1,,0,True,True,0,1,,0.0,0,0,0.0,0,0,1,0,1,0,1,0,10889.0,Guiying Zeng,,Guiying Zeng
10890,2026,2026,1,1,,,1,,0,True,True,0,1,,0.0,0,0,0.0,0,0,1,0,1,0,1,0,10890.0,Jun Fu,,Jun Fu
10891,2026,2026,1,1,,,1,,0,True,True,0,1,,0.0,0,0,0.0,0,0,1,0,1,0,1,0,10891.0,Wei Fan,,Wei Fan
10894,2013,2013,1,1,,,1,,0,True,False,0,1,,0.0,1,0,0.0,0,0,1,0,1,0,1,0,10894.0,Jackson Monroe,Jax Monroe,Jax Monroe
10895,2013,2013,1,1,,,1,,0,True,False,0,1,,0.0,1,0,0.0,0,0,1,0,1,0,2,0,10895.0,Tao Zhao,,Tao Zhao
10896,2013,2013,1,1,,,1,,0,True,False,0,1,,0.0,1,0,0.0,0,0,1,0,1,0,1,0,10896.0,Gang Chen,,Gang Chen
10898,2013,2013,1,1,,,1,,0,True,False,0,1,,0.0,1,0,0.0,0,0,1,0,1,0,1,0,10898.0,Casey Farrell,,Casey Farrell
10899,2013,2013,1,1,,,1,,0,True,False,0,1,,0.0,1,0,0.0,0,0,1,0,1,0,1,0,10899.0,Xiuying Li,,Xiuying Li
10900,2013,2013,1,1,,,1,,0,True,False,0,1,,0.0,1,0,0.0,0,0,1,0,1,0,1,0,10900.0,Yan Luo,,Yan Luo
10901,2013,2013,1,1,,,1,,0,True,False,0,1,,0.0,1,0,0.0,0,0,1,0,1,0,1,0,10901.0,Ming Xia,,Ming Xia
10902,2013,2013,1,1,,,1,,0,True,False,0,1,,0.0,1,0,0.0,0,0,1,0,1,0,2,0,10902.0,Wei Meng,,Wei Meng
10905,2028,2028,1,1,,,1,,0,True,True,0,5,,0.0,0,0,0.0,0,0,1,0,1,1,1,2,10905.0,Tao Wen,,Tao Wen
10906,2028,2028,1,1,,,1,,0,True,True,0,5,,0.0,0,0,0.0,0,0,1,0,1,1,1,2,10906.0,Guiying Ren,,Guiying Ren
10907,2028,2028,1,1,,,1,,0,True,True,0,5,,0.0,0,0,0.0,0,0,1,0,1,1,1,2,10907.0,Lei Shi,,Lei Shi
10908,2028,2028,1,1,,,1,,0,True,True,0,5,,0.0,0,0,0.0,0,0,1,0,1,1,2,2,10908.0,Wei Liang,,Wei Liang
10910,2017,2017,1,1,,,1,,0,True,False,0,0,,0.0,2,0,0.0,0,0,1,0,1,0,1,0,10910.0,Guiying Hou,,Guiying Hou
10911,2017,2017,1,1,,,1,,0,True,False,0,0,,0.0,2,0,0.0,0,0,1,0,1,0,1,0,10911.0,Yong Yi,,Yong Yi
10912,2017,2020,2,2,,,1,,3,True,False,0,2,,0.0,4,0,1.6666666666666667,0,0,1,0,1,0,1,0,10912.0,Guiying Dai,,Guiying Dai
10914,2017,2027,3,3,,,2,,10,True,False,0,4,,0.0,2,0,0.554945054945055,0,0,2,0,2,1,2,1,10914.0,Min Wen,,Min Wen
10916,2013,2013,1,1,,,1,,0,True,False,0,0,,0.0,0,0,0.0,0,0,1,0,1,0,1,0,10916.0,Tammy Craig,,Tammy Craig
10917,2021,2021,1,1,,,1,,0,True,False,0,2,,0.0,0,0,0.0,0,0,1,0,1,0,2,0,10917.0,Bryan Garcia,,Bryan Garcia
10918,2021,2021,1,1,,,1,,0,True,False,0,2,,0.0,0,0,0.0,0,0,1,0,1,0,2,0,10918.0,Brad Martinez,,Brad Martinez
10920,2029,2029,1,1,,,1,,0,True,True,0,1,,0.0,0,0,0.0,0,0,1,0,1,0,1,0,10920.0,Guiying Liao,,Guiying Liao
10921,2029,2029,1,1,,,1,,0,True,True,0,1,,0.0,0,0,0.0,0,0,1,0,1,0,1,0,10921.0,Carlos Cannon,,Carlos Cannon
10922,2029,2029,1,1,,,1,,0,True,True,0,1,,0.0,0,0,0.0,0,0,1,0,1,0,2,0,10922.0,Jun Mao,,Jun Mao
10925,2029,2029,1,1,,,1,,0,True,True,0,1,,0.0,0,0,0.0,0,0,1,0,1,0,1,0,10925.0,Xia Fang,,Xia Fang
10926,2029,2029,1,1,,,1,,0,True,True,0,1,,0.0,0,0,0.0,0,0,1,0,1,0,1,0,10926.0,Yan Kong,,Yan Kong
10927,2029,2029,1,1,,,1,,0,True,True,0,1,,0.0,0,0,0.0,0,0,1,0,1,0,1,0,10927.0,Ping Jin,,Ping Jin
10929,2022,2022,1,0,,,1,,0,True,False,0,9,,0.0,0,0,0.0,0,0,1,0,1,2,1,0,10929.0,Na Wan,,Na Wan
10930,2022,2022,1,0,,,1,,0,True,False,0,9,,0.0,0,0,0.0,0,0,1,0,1,2,1,0,10930.0,Na Cui,,Na Cui
10932,2020,2020,1,1,,,1,,0,True,False,0,0,,0.0,0,0,0.0,0,0,1,0,1,0,1,0,10932.0,Brandon Hoffman,Infinite Monsoon,Infinite Monsoon
10933,2027,2027,1,1,,,1,,0,True,True,0,2,,0.0,0,0,0.0,0,0,1,0,1,0,2,0,10933.0,Joseph Chen,EAZY 9INE,EAZY 9INE
10934,2020,2020,1,1,,,1,,0,True,False,0,0,,0.0,0,0,0.0,0,0,1,0,1,0,1,0,10934.0,Shelby Hunt,,Shelby Hunt
10936,1991,1991,1,1,,,1,,0,True,False,0,1,,0.0,2,0,0.0,0,0,1,0,1,0,1,0,10936.0,Julia Davis,,Julia Davis
10940,2010,2010,1,1,,,1,,0,True,False,0,1,,0.0,0,0,0.0,0,0,1,0,1,0,1,0,10940.0,Josep Nicanor Salcedo Arroyo,,Josep Nicanor Salcedo Arroyo
10942,2025,2025,1,1,,,1,,0,True,True,0,2,,0.0,0,0,0.0,0,0,0,0,0,1,2,0,10942.0,Gang Cai,,Gang Cai
10945,2026,2026,1,1,,,1,,0,True,True,0,6,,0.0,0,0,0.0,0,0,0,0,0,1,1,0,10945.0,Pamela Moran,Seraphine,Seraphine
10949,2013,2013,1,1,,,1,,0,True,False,0,0,,0.0,0,0,0.0,0,0,1,0,1,0,2,0,10949.0,Daniel Bluszcz,,Daniel Bluszcz
10954,2022,2022,1,1,,,1,,0,True,False,0,2,,0.0,3,0,0.0,0,0,2,0,2,0,1,0,10954.0,Edward Dixon,,Edward Dixon
10955,2022,2022,1,1,,,1,,0,True,False,0,2,,0.0,3,0,0.0,0,0,2,0,2,0,1,0,10955.0,Stephen Davis,,Stephen Davis
10957,2022,2022,1,1,,,1,,0,True,False,0,2,,0.0,3,0,0.0,0,0,2,0,2,0,1,0,10957.0,Ellen Bradley,,Ellen Bradley
10958,2022,2022,1,1,,,1,,0,True,False,0,2,,0.0,3,0,0.0,0,0,2,0,2,0,1,0,10958.0,Leah Thomas,,Leah Thomas
10959,2019,2022,2,2,,,1,,3,True,False,0,3,,0.0,7,0,3.3333333333333335,0,0,2,0,2,0,1,0,10959.0,Jason Evans,,Jason Evans
10960,2022,2022,1,1,,,1,,0,True,False,0,2,,0.0,3,0,0.0,0,0,2,0,2,0,1,0,10960.0,Nicole Hodges,,Nicole Hodges
10961,2019,2022,2,2,,,1,,3,True,False,0,3,,0.0,7,0,3.3333333333333335,0,0,2,1,3,0,2,0,10961.0,Leslie Barnes,,Leslie Barnes
10962,2022,2022,1,1,,,1,,0,True,False,0,2,,0.0,3,0,0.0,0,0,2,0,2,0,1,0,10962.0,Lisa Wright,,Lisa Wright
10964,2029,2029,1,1,,,1,,0,True,True,0,1,,0.0,0,0,0.0,0,0,1,0,1,0,1,0,10964.0,Chao Dai,,Chao Dai
10965,2029,2029,1,1,,,1,,0,True,True,0,1,,0.0,0,0,0.0,0,0,1,0,1,0,2,0,10965.0,Guiying Yi,,Guiying Yi
10966,2029,2029,1,1,,,1,,0,True,True,0,1,,0.0,0,0,0.0,0,0,1,0,1,0,1,0,10966.0,Gang Zhao,,Gang Zhao
10967,2029,2029,1,1,,,1,,0,True,True,0,1,,0.0,0,0,0.0,0,0,1,0,1,0,1,0,10967.0,Juan Yin,,Juan Yin
10969,2013,2019,2,2,,,1,,6,True,False,0,1,,0.0,0,0,0.6666666666666666,0,0,2,0,2,0,1,0,10969.0,Alexander Parsons,,Alexander Parsons
10970,2019,2019,1,1,,,1,,0,True,False,0,1,,0.0,0,0,0.0,0,0,2,0,2,0,2,0,10970.0,Andrea Smith,,Andrea Smith
10972,2019,2019,1,1,,,1,,0,True,False,0,1,,0.0,0,0,0.0,0,0,2,0,2,0,1,0,10972.0,Nicholas Bond,,Nicholas Bond
10973,2013,2019,2,2,,,1,,6,True,False,0,1,,0.0,0,0,0.6666666666666666,0,0,2,0,2,0,1,0,10973.0,Michael Craig,,Michael Craig
10974,2013,2019,2,2,,,1,,6,True,False,0,1,,0.0,0,0,0.6666666666666666,0,0,2,0,2,0,2,0,10974.0,Martin Johnson,,Martin Johnson
10976,2018,2018,1,1,,,1,,0,True,False,0,0,,0.0,0,0,0.0,0,0,1,0,1,0,1,0,10976.0,Jie Wu,,Jie Wu
10978,2023,2023,1,1,,,1,,0,True,False,0,1,,0.0,0,0,0.0,0,0,0,0,0,0,1,0,10978.0,Joseph Whitaker,,Joseph Whitaker
10979,2023,2023,1,1,,,1,,0,True,False,0,1,,0.0,0,0,0.0,0,0,0,0,0,0,1,0,10979.0,Brian Price,,Brian Price
10980,2023,2023,1,1,,,1,,0,True,False,0,1,,0.0,0,0,0.0,0,0,0,0,0,0,1,0,10980.0,Charles Norman,,Charles Norman
10983,2017,2017,1,1,,,1,,0,True,False,0,2,,0.0,1,0,0.0,0,0,1,0,1,1,1,0,10983.0,Lei Dai,,Lei Dai
10984,2017,2017,1,1,,,1,,0,True,False,0,2,,0.0,1,0,0.0,0,0,1,0,1,1,1,0,10984.0,Ming Song,,Ming Song
10985,2017,2017,1,1,,,1,,0,True,False,0,2,,0.0,1,0,0.0,0,0,1,0,1,1,1,0,10985.0,Li Wan,,Li Wan
10989,2023,2023,1,1,,,1,,0,True,False,0,2,,0.0,0,0,0.0,0,0,1,0,1,1,2,0,10989.0,Yang Qiu,,Yang Qiu
10991,2029,2029,1,1,,,1,,0,True,True,0,1,,0.0,0,0,0.0,0,0,1,0,1,0,1,0,10991.0,Michael Aguilar,,Michael Aguilar
10992,2029,2029,1,1,,,1,,0,True,True,0,1,,0.0,0,0,0.0,0,0,1,0,1,0,2,0,10992.0,Travis Schmitt,,Travis Schmitt
10993,2029,2029,1,1,,,1,,0,True,True,0,1,,0.0,0,0,0.0,0,0,1,0,1,0,1,0,10993.0,Tammy Crane,,Tammy Crane
10998,2023,2023,1,1,,,1,,0,True,False,0,0,,0.0,2,0,0.0,0,0,2,0,2,0,1,0,10998.0,Xiuying Chang,,Xiuying Chang
11000,2023,2023,1,1,,,1,,0,True,False,0,0,,0.0,2,0,0.0,0,0,2,0,2,0,1,0,11000.0,Ping Wu,,Ping Wu
11004,2010,2010,1,1,,,1,,0,True,False,0,0,,0.0,0,0,0.0,1,0,1,0,1,0,2,0,11004.0,Franciszek Wieja,,Franciszek Wieja
11011,2017,2017,1,1,,,1,,0,True,False,0,3,,0.0,0,0,0.0,0,0,1,0,1,1,2,0,11011.0,Honoré Leduc,,Honoré Leduc
11015,2013,2024,3,3,2017,2024,2,4,11,True,False,0,3,16,0.0,5,0,0.7903225806451614,0,0,2,1,3,1,2,0,11015.0,Margaud Chevallier,,Margaud Chevallier
11016,2013,2024,3,3,2017,2024,2,4,11,True,False,0,3,16,0.0,5,0,0.7903225806451614,0,0,2,1,3,1,1,0,11016.0,Nathalie Jacquot,,Nathalie Jacquot
11017,2013,2024,3,3,2017,2024,2,4,11,True,False,0,3,16,0.0,5,0,0.7903225806451614,0,0,2,1,3,1,2,0,11017.0,Benoît-Zacharie Gilbert,,Benoît-Zacharie Gilbert
11019,2020,2020,1,1,,,1,,0,True,False,0,1,,0.0,0,0,0.0,0,0,2,0,2,0,1,0,11019.0,James Ellis,,James Ellis
11020,2020,2020,1,1,,,1,,0,True,False,0,1,,0.0,0,0,0.0,0,0,2,0,2,0,1,0,11020.0,Raymond Blackburn,,Raymond Blackburn
11021,2020,2020,1,1,,,1,,0,True,False,0,1,,0.0,0,0,0.0,0,0,2,0,2,0,2,0,11021.0,Samantha Taylor,,Samantha Taylor
11026,2017,2017,1,1,,,1,,0,True,False,0,0,,0.0,1,0,0.0,0,0,1,0,1,0,1,0,11026.0,Yan Mao,,Yan Mao
11027,2017,2017,1,1,,,1,,0,True,False,0,0,,0.0,1,0,0.0,0,0,1,0,1,0,1,0,11027.0,Ming Xiong,,Ming Xiong
11028,2017,2017,1,1,,,1,,0,True,False,0,0,,0.0,1,0,0.0,0,0,1,0,1,0,1,0,11028.0,Mark Stokes,,Mark Stokes
11030,2029,2029,1,1,,,1,,0,True,True,0,3,,0.0,1,0,0.0,0,0,1,0,1,2,2,0,11030.0,Jing Pan,,Jing Pan
11031,2029,2029,1,1,,,1,,0,True,True,0,3,,0.0,1,0,0.0,0,0,1,0,1,2,1,0,11031.0,Jie Meng,,Jie Meng
11032,2029,2029,1,1,,,1,,0,True,True,0,3,,0.0,1,0,0.0,0,0,1,0,1,2,2,0,11032.0,Ping Dong,,Ping Dong
11034,2004,2004,1,1,2004,2004,1,0,0,True,False,0,0,36,0.0,1,0,0.0,0,0,1,0,1,0,1,0,11034.0,Michael Sexton,,Michael Sexton
11035,2004,2004,1,1,2004,2004,1,0,0,True,False,0,0,36,0.0,1,0,0.0,0,0,1,0,1,0,1,0,11035.0,Cynthia Reed,,Cynthia Reed
11036,2005,2005,1,1,,,1,,0,True,False,0,0,,0.0,1,0,0.0,0,0,1,0,1,0,2,0,11036.0,Kayla Scott,,Kayla Scott
11038,2014,2014,1,1,2014,2014,1,0,0,True,False,0,1,26,0.0,0,0,0.0,0,0,1,0,1,0,1,0,11038.0,Wei Shao,,Wei Shao
11039,2010,2014,2,2,2014,2014,2,4,4,True,False,0,4,26,0.0,0,0,1.0,0,0,2,0,2,1,1,0,11039.0,Wei Shi,,Wei Shi
11040,2014,2014,1,1,2014,2014,1,0,0,True,False,0,1,26,0.0,0,0,0.0,0,0,1,0,1,0,2,0,11040.0,Chao Lai,,Chao Lai
11041,2014,2014,1,1,2014,2014,1,0,0,True,False,0,1,26,0.0,0,0,0.0,0,0,1,0,1,0,1,0,11041.0,Lei Gong,,Lei Gong
11043,2017,2019,2,2,,,1,,2,True,False,0,0,,0.0,0,0,0.0,0,0,1,0,1,0,1,0,11043.0,Xiulan Yao,,Xiulan Yao
11044,2017,2017,1,1,,,1,,0,True,False,0,0,,0.0,0,0,0.0,0,0,1,0,1,0,2,0,11044.0,Sarah Fernandez,,Sarah Fernandez
11045,2017,2017,1,1,,,1,,0,True,False,0,0,,0.0,0,0,0.0,0,0,1,0,1,0,1,0,11045.0,Jie Feng,,Jie Feng
11046,2013,2013,1,1,2013,2013,1,0,0,True,False,0,1,27,0.0,1,0,0.0,0,0,2,0,2,0,3,0,11046.0,Gang Kang,,Gang Kang
11049,1986,1986,1,0,,,1,,0,True,False,0,0,,0.0,0,0,0.0,0,0,1,0,1,0,2,0,11049.0,Claudia Cunningham,,Claudia Cunningham
11051,2010,2010,1,1,,,1,,0,True,False,0,1,,0.0,0,0,0.0,0,0,1,0,1,0,1,0,11051.0,Anthony Burns,,Anthony Burns
11052,2010,2010,1,1,,,1,,0,True,False,0,1,,0.0,0,0,0.0,0,0,1,0,1,0,1,0,11052.0,Jennifer Spencer,,Jennifer Spencer
11053,2010,2010,1,1,,,1,,0,True,False,0,1,,0.0,0,0,0.0,0,0,1,0,1,0,2,0,11053.0,Tamara Douglas,,Tamara Douglas
11054,2010,2028,2,2,,,2,,18,True,False,0,3,,0.0,0,0,0.2222222222222222,0,0,3,0,3,0,1,0,11054.0,Guiying Liu,,Guiying Liu
11055,2028,2028,1,1,,,1,,0,True,True,0,2,,0.0,0,0,0.0,0,0,2,0,2,0,1,0,11055.0,Min Shi,,Min Shi
11057,2023,2023,1,1,,,1,,0,True,False,0,2,,0.0,0,0,0.0,0,0,1,0,1,0,1,0,11057.0,Chao Gong,,Chao Gong
11059,2023,2023,1,1,,,1,,0,True,False,0,2,,0.0,0,0,0.0,0,0,1,0,1,0,1,0,11059.0,Fang Zheng,,Fang Zheng
11060,2023,2023,1,1,,,1,,0,True,False,0,2,,0.0,0,0,0.0,0,0,1,0,1,0,2,0,11060.0,Xiuying Luo,,Xiuying Luo
11063,2020,2020,1,1,,,1,,0,True,False,0,1,,0.0,0,0,0.0,0,0,2,0,2,0,1,0,11063.0,Kristy Nelson,,Kristy Nelson
11064,2020,2020,1,1,,,1,,0,True,False,0,1,,0.0,0,0,0.0,0,0,2,0,2,0,1,0,11064.0,Larry Jones,,Larry Jones
11065,2020,2020,1,1,,,1,,0,True,False,0,1,,0.0,0,0,0.0,0,0,2,0,2,0,1,0,11065.0,Laura Rodriguez,,Laura Rodriguez
11066,2020,2020,1,1,,,1,,0,True,False,0,1,,0.0,0,0,0.0,0,0,2,0,2,0,1,0,11066.0,Patricia Fisher,,Patricia Fisher
11067,2020,2020,1,1,,,1,,0,True,False,0,1,,0.0,0,0,0.0,0,0,2,0,2,0,1,0,11067.0,Paul Lopez,,Paul Lopez
11068,2020,2020,1,1,,,1,,0,True,False,0,1,,0.0,0,0,0.0,0,0,2,0,2,0,1,0,11068.0,Kevin Rush,,Kevin Rush
11069,2020,2020,1,1,,,1,,0,True,False,0,1,,0.0,0,0,0.0,0,0,2,0,2,0,1,0,11069.0,Michael Price,,Michael Price
11071,2020,2020,1,1,,,1,,0,True,False,0,1,,0.0,0,0,0.0,0,0,2,0,2,0,1,0,11071.0,Joy Fletcher,,Joy Fletcher
11073,2024,2024,1,1,,,1,,0,True,False,0,1,,0.0,1,0,0.0,0,0,1,0,1,1,1,0,11073.0,Jing Yang,,Jing Yang
11075,2017,2017,1,1,2017,2017,1,0,0,True,False,0,1,23,0.0,0,0,0.0,0,0,1,0,1,0,1,0,11075.0,Thomas Duncan,,Thomas Duncan
11077,2017,2017,1,1,2017,2017,1,0,0,True,False,0,1,23,0.0,0,0,0.0,0,0,1,0,1,0,1,0,11077.0,Brett Bond,,Brett Bond
11081,2023,2023,1,1,,,1,,0,True,False,0,1,,0.0,0,0,0.0,0,0,1,0,1,0,2,0,11081.0,Macaria de Landa,,Macaria de Landa
11082,2023,2023,1,1,,,1,,0,True,False,0,1,,0.0,0,0,0.0,0,0,1,0,1,0,1,0,11082.0,Onofre Chacón Jordá,,Onofre Chacón Jordá
11083,1996,1996,1,1,,,1,,0,True,False,0,0,,0.0,0,0,0.0,0,0,1,0,1,0,2,0,11083.0,Serafina Céspedes Sales,,Serafina Céspedes Sales
11086,2026,2026,1,1,,,1,,0,True,True,0,1,,0.0,0,0,0.0,0,0,1,0,1,0,1,0,11086.0,Fang Pan,,Fang Pan
11087,2026,2026,1,1,,,1,,0,True,True,0,1,,0.0,0,0,0.0,0,0,1,0,1,0,1,0,11087.0,Xia Tang,,Xia Tang
11089,2026,2026,1,1,,,1,,0,True,True,0,1,,0.0,0,0,0.0,0,0,1,0,1,0,1,0,11089.0,Ping Guo,,Ping Guo
11090,2026,2026,1,1,,,1,,0,True,True,0,1,,0.0,0,0,0.0,0,0,1,0,1,0,2,0,11090.0,Li Xia,,Li Xia
11092,1993,1993,1,1,,,1,,0,True,False,0,1,,0.0,0,0,0.0,0,0,1,0,1,0,2,0,11092.0,Patrick Lindsey,,Patrick Lindsey
11094,2012,2012,1,1,,,1,,0,True,False,0,1,,0.0,0,0,0.0,0,0,1,0,1,0,1,0,11094.0,Michelle Herrera,,Michelle Herrera
11095,2012,2012,1,1,,,1,,0,True,False,0,1,,0.0,0,0,0.0,0,0,1,0,1,0,1,0,11095.0,Suzanne Ramos,,Suzanne Ramos
11096,2012,2012,1,1,,,1,,0,True,False,0,1,,0.0,0,0,0.0,0,0,1,0,1,0,2,0,11096.0,Michelle Shields,,Michelle Shields
11099,2019,2019,1,1,,,1,,0,True,False,0,0,,0.0,0,0,0.0,0,0,2,0,2,0,3,0,11099.0,Kenneth Fox,,Kenneth Fox
11100,2019,2019,1,1,,,1,,0,True,False,0,0,,0.0,0,0,0.0,0,0,2,0,2,0,1,0,11100.0,Thomas Massey,,Thomas Massey
11101,2019,2019,1,1,,,1,,0,True,False,0,0,,0.0,0,0,0.0,0,0,2,0,2,0,2,0,11101.0,Li Han,,Li Han
11102,2019,2019,1,1,,,1,,0,True,False,0,0,,0.0,0,0,0.0,0,0,2,0,2,0,1,0,11102.0,Guiying Kang,,Guiying Kang
11103,2019,2019,1,1,,,1,,0,True,False,0,0,,0.0,0,0,0.0,0,0,2,0,2,0,1,0,11103.0,Marcus Douglas,,Marcus Douglas
11107,2027,2027,1,1,,,1,,0,True,True,0,4,,0.0,0,0,0.0,0,0,0,0,0,0,2,0,11107.0,Li Cao,,Li Cao
11113,2023,2023,1,1,,,1,,0,True,False,0,1,,0.0,0,0,0.0,0,0,1,0,1,0,2,0,11113.0,Nicholas Pope,,Nicholas Pope
11120,2017,2017,1,1,,,1,,0,True,False,0,1,,0.0,0,0,0.0,0,0,1,0,1,0,2,0,11120.0,Jun Jin,,Jun Jin
11123,2019,2019,1,1,,,1,,0,True,False,0,0,,0.0,0,0,0.0,0,0,1,0,1,0,1,0,11123.0,Matthew Smith,,Matthew Smith
11126,1997,1997,1,1,,,1,,0,True,False,0,1,,0.0,1,0,0.0,0,0,1,0,1,0,1,0,11126.0,Zaina Zacharia,,Zaina Zacharia
11128,2016,2019,2,2,,,1,,3,True,False,0,1,,0.0,7,0,3.3333333333333335,0,0,1,0,1,0,1,0,11128.0,Philip Conley,,Philip Conley
11129,2019,2020,2,2,,,1,,1,True,False,0,2,,0.0,8,0,12.0,0,0,1,1,2,0,1,0,11129.0,Teresa Williams,,Teresa Williams
11131,2027,2027,1,1,,,1,,0,True,True,0,13,,0.0,0,0,0.0,0,0,1,0,1,1,1,3,11131.0,Li Yang,,Li Yang
11132,2027,2027,1,1,,,1,,0,True,True,0,13,,0.0,0,0,0.0,0,0,1,0,1,1,1,3,11132.0,Xia Shao,,Xia Shao
11133,2027,2027,1,1,,,1,,0,True,True,0,13,,0.0,0,0,0.0,0,0,1,0,1,1,1,3,11133.0,Tao Sun,,Tao Sun
11134,2027,2027,1,1,,,1,,0,True,True,0,13,,0.0,0,0,0.0,0,0,1,0,1,1,1,3,11134.0,Fang Tang,,Fang Tang
11135,2027,2027,1,1,,,1,,0,True,True,0,13,,0.0,0,0,0.0,0,0,1,0,1,1,1,3,11135.0,Xiulan Yi,,Xiulan Yi
11137,2026,2026,1,1,,,1,,0,True,True,0,2,,0.0,0,0,0.0,0,0,1,0,1,0,1,0,11137.0,Seth Duncan,,Seth Duncan
11140,2026,2026,1,1,,,1,,0,True,True,0,2,,0.0,0,0,0.0,0,0,1,0,1,0,1,0,11140.0,Brandon Williams,,Brandon Williams
11145,2012,2012,1,1,,,1,,0,True,False,0,0,,0.0,0,0,0.0,0,0,2,0,2,0,1,0,11145.0,Tao Zhou,,Tao Zhou
11147,2020,2020,1,1,,,1,,0,True,False,0,1,,0.0,0,0,0.0,0,0,1,0,1,0,1,0,11147.0,Jie Deng,,Jie Deng
11148,2020,2020,1,1,,,1,,0,True,False,0,1,,0.0,0,0,0.0,0,0,1,0,1,0,1,0,11148.0,Yang Yang,,Yang Yang
11149,2020,2022,2,2,,,2,,2,True,False,0,2,,0.0,0,0,1.5,0,0,2,0,2,0,1,0,11149.0,Jie Wu,,Jie Wu
11150,2020,2020,1,1,,,1,,0,True,False,0,1,,0.0,0,0,0.0,0,0,1,0,1,0,2,0,11150.0,Ming Sun,,Ming Sun
11153,2023,2023,1,1,,,1,,0,True,False,0,1,,0.0,0,0,0.0,0,0,1,0,1,0,2,0,11153.0,Yoichi Sato,,Yoichi Sato
11154,2017,2023,2,2,,,2,,6,True,False,0,1,,0.0,0,0,0.0,0,0,1,0,1,0,2,0,11154.0,Nanami Watanabe,,Nanami Watanabe
11158,2023,2023,1,1,,,1,,0,True,False,0,1,,0.0,0,0,0.0,0,0,1,0,1,0,2,0,11158.0,Marion Hellwig-Berger,,Marion Hellwig-Berger
11162,2000,2000,1,1,,,1,,0,True,False,0,1,,0.0,1,0,0.0,0,0,1,0,1,0,1,0,11162.0,Ping Gu,,Ping Gu
11164,2000,2000,1,1,,,1,,0,True,False,0,1,,0.0,1,0,0.0,0,0,1,0,1,0,1,0,11164.0,Qiang Lu,,Qiang Lu
11165,2000,2000,1,1,,,1,,0,True,False,0,1,,0.0,1,0,0.0,0,0,1,0,1,0,1,0,11165.0,Xia Jia,,Xia Jia
11167,2028,2028,1,1,,,1,,0,True,True,0,3,,0.0,0,0,0.0,0,0,1,0,1,0,2,0,11167.0,Min Hou,,Min Hou
11169,2028,2028,1,1,,,1,,0,True,True,0,3,,0.0,0,0,0.0,0,0,1,0,1,0,1,0,11169.0,Maria Fletcher,,Maria Fletcher
11170,2020,2028,2,2,,,2,,8,True,False,0,4,,0.0,0,0,0.25,0,0,1,0,1,0,1,0,11170.0,Yong Sun,,Yong Sun
11176,2024,2024,1,1,,,1,,0,True,False,0,1,,0.0,0,0,0.0,0,0,1,0,1,0,1,0,11176.0,Juan Antonio Ferrando-Chico,,Juan Antonio Ferrando-Chico
11177,2024,2024,1,1,,,1,,0,True,False,0,1,,0.0,0,0,0.0,0,0,1,0,1,0,2,0,11177.0,Moisés del Tirado,,Moisés del Tirado
11180,2012,2012,1,1,,,1,,0,True,False,0,0,,0.0,1,0,0.0,0,0,1,0,1,0,1,0,11180.0,Jennifer Alvarez,,Jennifer Alvarez
11181,2012,2012,1,1,,,1,,0,True,False,0,0,,0.0,1,0,0.0,0,0,1,0,1,0,1,0,11181.0,Laurent-Léon Morvan,,Laurent-Léon Morvan
11182,2012,2012,1,1,,,1,,0,True,False,0,0,,0.0,1,0,0.0,0,0,1,0,1,0,1,0,11182.0,Ronald Ramirez,,Ronald Ramirez
11183,2012,2012,1,1,,,1,,0,True,False,0,0,,0.0,1,0,0.0,0,0,1,0,1,0,1,0,11183.0,Philippe Carre de la Humbert,,Philippe Carre de la Humbert
11185,2028,2028,2,2,2028,2028,1,0,0,True,True,0,6,12,0.0,7,0,0.0,0,0,2,0,2,3,1,0,11185.0,Kristina Romero,,Kristina Romero
11186,2028,2028,2,2,2028,2028,1,0,0,True,True,0,6,12,0.0,7,0,0.0,0,0,2,0,2,3,1,0,11186.0,Amanda Tucker,,Amanda Tucker
11188,2020,2020,2,2,,,1,,0,True,False,0,3,,0.0,3,0,0.0,0,0,2,0,2,1,1,0,11188.0,Sean Mcconnell,,Sean Mcconnell
11189,2020,2020,1,1,,,1,,0,True,False,0,2,,0.0,2,0,0.0,0,0,0,0,0,0,1,0,11189.0,Gregory Morgan,,Gregory Morgan
11190,2020,2020,1,1,,,1,,0,True,False,0,2,,0.0,2,0,0.0,0,0,0,0,0,0,1,0,11190.0,Kimberly Foster,,Kimberly Foster
11194,2022,2022,1,1,,,1,,0,True,False,0,1,,0.0,1,0,0.0,0,0,1,0,1,0,1,0,11194.0,Xiulan Kang,,Xiulan Kang
11196,2010,2010,1,1,,,1,,0,True,False,0,0,,0.0,1,0,0.0,0,0,2,0,2,0,1,0,11196.0,Joshua Anderson,,Joshua Anderson
11197,2010,2010,1,1,,,1,,0,True,False,0,0,,0.0,1,0,0.0,0,0,2,0,2,0,1,0,11197.0,Mary Cisneros,,Mary Cisneros
11198,2010,2010,1,1,,,1,,0,True,False,0,0,,0.0,1,0,0.0,0,0,2,0,2,0,1,0,11198.0,Gregory White,,Gregory White
11199,2010,2010,1,1,,,1,,0,True,False,0,0,,0.0,1,0,0.0,0,0,2,0,2,0,1,0,11199.0,Vanessa Clark,,Vanessa Clark
11201,2029,2029,1,1,,,1,,0,True,True,0,4,,0.0,0,0,0.0,0,0,1,0,1,1,1,0,11201.0,Gang Xiao,,Gang Xiao
11202,2029,2029,1,1,,,1,,0,True,True,0,4,,0.0,0,0,0.0,0,0,1,0,1,1,1,0,11202.0,Joseph Allen,,Joseph Allen
11203,2029,2029,1,1,,,1,,0,True,True,0,4,,0.0,0,0,0.0,0,0,1,0,1,1,2,0,11203.0,Lei Liao,,Lei Liao
11207,2026,2026,1,1,,,1,,0,True,True,0,4,,0.0,1,0,0.0,0,0,1,0,1,2,1,0,11207.0,Jeremy Russell,Theo Vance,Theo Vance
11209,2026,2026,1,1,,,1,,0,True,True,0,4,,0.0,1,0,0.0,0,0,1,0,1,2,1,0,11209.0,Yolanda Lee,,Yolanda Lee
11211,1987,1987,1,1,,,1,,0,True,False,0,0,,0.0,0,0,0.0,0,0,1,0,1,0,1,0,11211.0,Jessica Parsons,,Jessica Parsons
11212,1987,1987,1,1,,,1,,0,True,False,0,0,,0.0,0,0,0.0,0,0,1,0,1,0,2,0,11212.0,Kathleen Russo,,Kathleen Russo
11215,1997,1997,1,1,,,1,,0,True,False,0,0,,0.0,0,0,0.0,0,0,1,0,1,0,2,0,11215.0,Tadeusz Langern,,Tadeusz Langern
11216,1997,2000,2,2,,,1,,3,True,False,0,1,,0.0,0,0,0.3333333333333333,0,0,1,0,1,0,2,0,11216.0,Imelda Staude-Trupp,,Imelda Staude-Trupp
11218,2008,2008,1,1,2008,2008,1,0,0,True,False,0,0,32,0.0,0,0,0.0,0,0,1,0,1,0,1,0,11218.0,Monica Thompson,,Monica Thompson
11220,2013,2013,1,1,,,1,,0,True,False,0,0,,0.0,0,0,0.0,0,0,1,0,1,0,2,0,11220.0,Guenter Stumpf,,Guenter Stumpf
11221,2013,2013,1,1,,,1,,0,True,False,0,0,,0.0,0,0,0.0,0,0,1,0,1,0,2,0,11221.0,Mehmet Junk,,Mehmet Junk
11222,2013,2013,1,1,,,1,,0,True,False,0,0,,0.0,0,0,0.0,0,0,1,0,1,0,1,0,11222.0,Wiltrud Hübel,,Wiltrud Hübel
11223,2013,2013,1,1,,,1,,0,True,False,0,0,,0.0,0,0,0.0,0,0,1,0,1,0,1,0,11223.0,Sami Bohnbach,,Sami Bohnbach
11226,2024,2024,1,1,2024,2024,1,0,0,True,False,0,4,16,0.0,8,0,0.0,0,0,2,0,2,1,1,0,11226.0,Brandon Griffith,,Brandon Griffith
11228,2013,2013,1,1,,,1,,0,True,False,0,2,,0.0,0,0,0.0,0,0,1,0,1,0,2,0,11228.0,Patrizia Drewes,,Patrizia Drewes
11234,2020,2020,1,1,2020,2020,1,0,0,True,False,0,1,20,0.0,0,0,0.0,0,0,2,0,2,0,2,0,11234.0,Maud van de Pol,,Maud van de Pol
11235,2020,2020,1,1,2020,2020,1,0,0,True,False,0,1,20,0.0,0,0,0.0,0,0,2,0,2,0,1,0,11235.0,Hailey Hak,,Hailey Hak
11237,2028,2028,1,1,,,1,,0,True,True,0,6,,0.0,1,0,0.0,0,0,2,0,2,1,2,0,11237.0,Dawn Massey,,Dawn Massey
11238,2028,2028,1,1,,,1,,0,True,True,0,6,,0.0,1,0,0.0,0,0,2,0,2,1,1,0,11238.0,Rachel Garcia,,Rachel Garcia
11239,2028,2028,1,1,,,1,,0,True,True,0,6,,0.0,1,0,0.0,0,0,2,0,2,1,1,0,11239.0,Ralph Bell,,Ralph Bell
11242,2018,2018,1,1,,,1,,0,True,False,0,0,,0.0,1,0,0.0,0,0,1,0,1,0,2,0,11242.0,Mannat Johal,,Mannat Johal
11248,2007,2007,1,1,2007,2007,1,0,0,True,False,0,1,33,0.0,0,0,0.0,0,0,2,0,2,0,2,0,11248.0,Deborah Cruz,,Deborah Cruz
11250,2026,2026,1,1,,,1,,0,True,True,0,4,,0.0,2,0,0.0,0,0,1,0,1,1,1,0,11250.0,Min Gu,The Glitch Monarch,The Glitch Monarch
11252,2020,2020,1,1,,,1,,0,True,False,0,1,,0.0,0,0,0.0,0,0,1,0,1,0,1,0,11252.0,Yan Tian,,Yan Tian
11253,2020,2020,1,1,,,1,,0,True,False,0,1,,0.0,0,0,0.0,0,0,1,0,1,0,2,0,11253.0,Juan Lu,,Juan Lu
11255,2017,2017,1,1,2017,2017,1,0,0,True,False,0,1,23,0.0,0,0,0.0,0,0,1,0,1,0,3,0,11255.0,Joshua Taylor,,Joshua Taylor
11257,2013,2013,1,1,,,1,,0,True,False,0,0,,0.0,6,0,0.0,0,0,2,0,2,0,1,0,11257.0,Roderich Mohaupt,,Roderich Mohaupt
11260,2021,2021,1,1,,,1,,0,True,False,0,1,,0.0,2,0,0.0,0,0,2,0,2,0,1,0,11260.0,Wei Cui,,Wei Cui
11261,2021,2021,1,1,,,1,,0,True,False,0,1,,0.0,2,0,0.0,0,0,2,0,2,0,1,0,11261.0,Jie Dong,,Jie Dong
11264,2025,2025,1,1,,,1,,0,True,True,0,5,,0.0,0,0,0.0,0,0,2,0,2,3,2,0,11264.0,Lindsay Williams, The Storm, The Storm
11265,2025,2025,1,1,,,1,,0,True,True,0,5,,0.0,0,0,0.0,0,0,2,0,2,3,1,0,11265.0,Vanessa King,Sepia Rhapsody,Sepia Rhapsody
11266,2025,2025,1,1,,,1,,0,True,True,0,5,,0.0,0,0,0.0,0,0,2,0,2,3,1,0,11266.0,Emily Nash,,Emily Nash
11270,2016,2016,1,1,,,1,,0,True,False,0,1,,0.0,0,0,0.0,0,0,1,0,1,0,1,1,11270.0,Sole Gagliano-Conte,Cresta,Cresta
11271,2016,2016,1,1,,,1,,0,True,False,0,1,,0.0,0,0,0.0,0,0,1,0,1,0,1,1,11271.0,Elena Germano,,Elena Germano
11272,2016,2016,1,1,,,1,,0,True,False,0,1,,0.0,0,0,0.0,0,0,1,0,1,0,2,1,11272.0,Antonia Farinelli,,Antonia Farinelli
11274,2004,2004,1,1,,,1,,0,True,False,0,0,,0.0,1,0,0.0,0,0,1,0,1,0,1,0,11274.0,Yong Zou,,Yong Zou
11277,2024,2024,1,1,,,1,,0,True,False,0,0,,0.0,0,0,0.0,0,0,1,0,1,0,1,0,11277.0,Xia Yu,,Xia Yu
11278,2024,2024,1,1,,,1,,0,True,False,0,0,,0.0,0,0,0.0,0,0,1,0,1,0,1,0,11278.0,James Cain,,James Cain
11279,2024,2024,1,1,,,1,,0,True,False,0,0,,0.0,0,0,0.0,0,0,1,0,1,0,2,0,11279.0,Xiuying Wen,,Xiuying Wen
11281,2023,2023,1,1,,,1,,0,True,False,0,2,,0.0,0,0,0.0,0,0,1,0,1,1,1,0,11281.0,Kevin Davidson,,Kevin Davidson
11282,2023,2023,1,1,,,1,,0,True,False,0,2,,0.0,0,0,0.0,0,0,1,0,1,1,1,0,11282.0,Na Yang,,Na Yang
11283,2023,2023,1,1,,,1,,0,True,False,0,2,,0.0,0,0,0.0,0,0,1,0,1,1,1,0,11283.0,Nicole Clark,,Nicole Clark
11285,2021,2021,1,1,,,1,,0,True,False,0,0,,0.0,0,0,0.0,0,0,2,0,2,0,1,0,11285.0,Rachael Stafford,,Rachael Stafford
11286,2021,2021,1,1,,,1,,0,True,False,0,0,,0.0,0,0,0.0,0,0,2,0,2,0,2,0,11286.0,Nicole Simmons,,Nicole Simmons
11287,2021,2021,1,1,,,1,,0,True,False,0,0,,0.0,0,0,0.0,0,0,2,0,2,0,1,0,11287.0,Guiying Yuan,,Guiying Yuan
11288,2021,2021,1,1,,,1,,0,True,False,0,0,,0.0,0,0,0.0,0,0,2,0,2,0,1,0,11288.0,Qiang Cui,,Qiang Cui
11295,2027,2027,1,1,2027,2027,1,0,0,True,True,0,2,13,0.0,0,0,0.0,0,0,1,0,1,0,1,0,11295.0,James Li,,James Li
11297,2027,2027,1,1,2027,2027,1,0,0,True,True,0,2,13,0.0,0,0,0.0,0,0,1,0,1,0,2,0,11297.0,Jason Weeks,,Jason Weeks
11301,2020,2020,1,1,,,1,,0,True,False,0,2,,0.0,3,0,0.0,0,0,1,0,1,0,1,0,11301.0,Jared Mercer,,Jared Mercer
11302,2020,2020,1,1,,,1,,0,True,False,0,2,,0.0,3,0,0.0,0,0,1,0,1,0,1,0,11302.0,Kim Knight,,Kim Knight
11304,1991,1991,2,2,1991,1991,1,0,0,True,False,0,1,49,0.0,0,0,0.0,0,0,1,0,1,1,1,0,11304.0,Elwira Heuser,,Elwira Heuser
11305,1991,2007,2,2,1991,1991,2,0,16,True,False,0,0,49,0.0,0,0,0.0625,0,0,2,0,2,0,2,0,11305.0,Nirvaan Barman,,Nirvaan Barman
11306,1991,1991,2,2,1991,1991,1,0,0,True,False,0,1,49,0.0,0,0,0.0,0,0,1,0,1,1,1,0,11306.0,Joseph Ramirez,,Joseph Ramirez
11307,1991,1991,2,2,1991,1991,1,0,0,True,False,0,1,49,0.0,0,0,0.0,0,0,1,0,1,1,2,0,11307.0,Timothy Riley,,Timothy Riley
11310,2020,2020,1,1,,,1,,0,True,False,0,1,,0.0,0,0,0.0,0,0,1,0,1,0,1,0,11310.0,Eric Sanchez,,Eric Sanchez
11311,2020,2020,1,1,,,1,,0,True,False,0,1,,0.0,0,0,0.0,0,0,1,0,1,0,2,0,11311.0,Amanda Black,,Amanda Black
11312,2020,2020,1,1,,,1,,0,True,False,0,1,,0.0,0,0,0.0,0,0,1,0,1,0,2,0,11312.0,Briana Johnson,,Briana Johnson
11313,2020,2020,1,1,,,1,,0,True,False,0,1,,0.0,0,0,0.0,0,0,1,0,1,0,1,0,11313.0,Angela Rios,,Angela Rios
11315,2020,2020,1,1,,,1,,0,True,False,0,1,,0.0,0,0,0.0,0,0,1,0,1,0,1,0,11315.0,Douglas Nguyen,,Douglas Nguyen
11317,1987,1987,1,1,,,1,,0,True,False,0,0,,0.0,0,0,0.0,0,0,1,0,1,0,1,0,11317.0,Michelle Caldwell,Nightshade Hymnal,Nightshade Hymnal
11318,1987,1987,1,1,,,1,,0,True,False,0,0,,0.0,0,0,0.0,0,0,1,0,1,0,1,0,11318.0,David Smith,,David Smith
11320,2017,2017,1,0,,,1,,0,True,False,0,2,,0.0,0,0,0.0,0,0,1,0,1,1,2,0,11320.0,Tao Tang,,Tao Tang
11321,2017,2017,1,0,,,1,,0,True,False,0,2,,0.0,0,0,0.0,0,0,1,0,1,1,2,0,11321.0,Lucas Potter,,Lucas Potter
11323,2027,2027,1,1,,,1,,0,True,True,0,4,,0.0,0,0,0.0,0,0,1,0,1,1,1,0,11323.0,Jing Guo,,Jing Guo
11324,2027,2027,1,1,,,1,,0,True,True,0,4,,0.0,0,0,0.0,0,0,1,0,1,1,1,0,11324.0,Chao Tang,,Chao Tang
11325,2027,2027,1,1,,,1,,0,True,True,0,4,,0.0,0,0,0.0,0,0,1,0,1,1,1,0,11325.0,Li Tan,,Li Tan
11326,2027,2027,1,1,,,1,,0,True,True,0,4,,0.0,0,0,0.0,0,0,1,0,1,1,2,0,11326.0,Jun Guo,,Jun Guo
11328,1998,1998,1,1,,,1,,0,True,False,0,1,,0.0,0,0,0.0,0,0,1,0,1,0,2,0,11328.0,Qiang Lai,,Qiang Lai
11330,2025,2025,1,1,,,1,,0,True,True,0,1,,0.0,1,0,0.0,1,0,2,0,2,0,1,1,11330.0,Ping Li,,Ping Li
11332,2025,2027,2,2,,,2,,2,True,True,0,15,,0.0,7,0,1.5,0,0,3,0,3,2,1,0,11332.0,Colleen Frank PhD,,Colleen Frank PhD
11334,2024,2024,1,1,,,1,,0,True,False,0,0,,0.0,0,0,0.0,0,0,1,0,1,0,1,0,11334.0,Jie Jia,,Jie Jia
11335,2024,2024,1,1,,,1,,0,True,False,0,0,,0.0,0,0,0.0,0,0,1,0,1,0,1,0,11335.0,Mary Gomez,,Mary Gomez
11336,2024,2024,1,1,,,1,,0,True,False,0,0,,0.0,0,0,0.0,0,0,1,0,1,0,1,0,11336.0,Jun Su,,Jun Su
11337,2024,2024,1,1,,,1,,0,True,False,0,0,,0.0,0,0,0.0,0,0,1,0,1,0,1,0,11337.0,Tao Kang,,Tao Kang
11338,2024,2030,3,2,,,3,,6,True,False,1,8,,0.0,1,0,1.1785714285714286,0,0,2,0,2,1,3,6,11338.0,Ming Xiao,,Ming Xiao
11341,2024,2024,1,1,,,1,,0,True,False,0,0,,0.0,3,0,0.0,0,0,2,0,2,0,2,0,11341.0,Xiuying Shen,,Xiuying Shen
11343,2026,2027,2,2,,,2,,1,True,True,0,2,,0.0,2,0,6.0,0,0,2,0,2,0,1,0,11343.0,Min Yao,,Min Yao
11344,2027,2027,1,1,,,1,,0,True,True,0,1,,0.0,1,0,0.0,0,0,1,0,1,0,1,0,11344.0,Xia Gu,,Xia Gu
11345,2027,2027,1,1,,,1,,0,True,True,0,1,,0.0,1,0,0.0,0,0,1,0,1,0,2,0,11345.0,Lei Huang,,Lei Huang
11346,2025,2027,3,3,,,3,,2,True,True,0,3,,0.0,1,0,4.0,0,0,3,0,3,0,1,0,11346.0,Jie Zhong,,Jie Zhong
11347,2027,2027,1,1,,,1,,0,True,True,0,1,,0.0,1,0,0.0,0,0,1,0,1,0,1,0,11347.0,Angela Kelly,,Angela Kelly
11349,2027,2027,1,1,,,1,,0,True,True,0,1,,0.0,1,0,0.0,0,0,1,0,1,0,1,0,11349.0,Xiuying Han,,Xiuying Han
11350,2027,2027,1,1,,,1,,0,True,True,0,1,,0.0,1,0,0.0,0,0,1,0,1,0,1,0,11350.0,Chao Tao,,Chao Tao
11353,1994,1994,1,1,,,1,,0,True,False,0,1,,0.0,2,0,0.0,0,0,2,0,2,0,1,0,11353.0,Debra Anderson,,Debra Anderson
11355,2013,2013,1,1,,,1,,0,True,False,0,2,,0.0,0,0,0.0,0,0,1,0,1,0,1,0,11355.0,Erin Smith,,Erin Smith
11358,2026,2026,1,1,2026,2026,1,0,0,True,True,0,4,14,0.0,0,0,0.0,0,0,1,0,1,0,2,0,11358.0,Ronald Warner,,Ronald Warner
11361,2014,2014,1,1,,,1,,0,True,False,0,1,,0.0,0,0,0.0,0,0,0,0,0,0,1,0,11361.0,Ryan King,,Ryan King
11364,2013,2013,1,0,,,1,,0,True,False,0,2,,0.0,1,0,0.0,0,0,1,0,1,0,2,0,11364.0,Gwendolyn Fitzgerald,,Gwendolyn Fitzgerald
11367,2011,2011,1,1,,,1,,0,True,False,0,0,,0.0,0,0,0.0,0,0,1,0,1,0,1,0,11367.0,Min Zeng,,Min Zeng
11370,2022,2022,1,1,,,1,,0,True,False,0,1,,0.0,0,0,0.0,0,0,1,0,1,0,2,0,11370.0,Jessica Garcia,,Jessica Garcia
11372,2027,2027,1,1,,,1,,0,True,True,0,3,,0.0,1,0,0.0,0,0,2,0,2,0,1,0,11372.0,Ming Zhou,,Ming Zhou
11373,2027,2027,1,1,,,1,,0,True,True,0,3,,0.0,1,0,0.0,0,0,2,0,2,0,1,0,11373.0,Wei Tian,,Wei Tian
11374,2027,2027,1,1,,,1,,0,True,True,0,3,,0.0,1,0,0.0,0,0,2,0,2,0,2,0,11374.0,Guiying Zheng,,Guiying Zheng
11375,2027,2029,2,2,,,1,,2,True,True,0,6,,0.0,1,0,1.0,0,0,3,0,3,1,2,0,11375.0,Jie Liu,,Jie Liu
11376,2027,2027,1,1,,,1,,0,True,True,0,3,,0.0,1,0,0.0,0,0,2,0,2,0,1,0,11376.0,Na Lin,,Na Lin
11380,2004,2004,1,1,,,1,,0,True,False,0,0,,0.0,0,0,0.0,0,0,2,0,2,0,1,0,11380.0,Stacey Armstrong,,Stacey Armstrong
11382,2020,2020,1,1,,,1,,0,True,False,0,2,,0.0,3,0,0.0,0,0,1,0,1,0,1,0,11382.0,Jeffery Mitchell,,Jeffery Mitchell
11384,2020,2020,1,1,,,1,,0,True,False,0,2,,0.0,3,0,0.0,0,0,1,0,1,0,1,0,11384.0,Alexis Vincent,,Alexis Vincent
11386,2024,2024,1,1,,,1,,0,True,False,0,3,,0.0,4,0,0.0,0,0,2,0,2,0,1,0,11386.0,Haley Joseph,,Haley Joseph
11387,2024,2024,1,1,,,1,,0,True,False,0,3,,0.0,4,0,0.0,0,0,2,0,2,0,1,0,11387.0,Connor Lopez,,Connor Lopez
11388,2024,2024,1,1,,,1,,0,True,False,0,3,,0.0,4,0,0.0,0,0,2,0,2,0,1,0,11388.0,Hannah Roberson,,Hannah Roberson
11389,2024,2024,1,1,,,1,,0,True,False,0,3,,0.0,4,0,0.0,0,0,2,0,2,0,1,0,11389.0,Benjamin Moore,,Benjamin Moore
11390,2024,2024,1,1,,,1,,0,True,False,0,3,,0.0,4,0,0.0,0,0,2,0,2,0,1,0,11390.0,Aaron Young,,Aaron Young
11391,2024,2024,1,1,,,1,,0,True,False,0,3,,0.0,4,0,0.0,0,0,2,0,2,0,1,0,11391.0,Robin Noble,,Robin Noble
11392,2024,2024,1,1,,,1,,0,True,False,0,3,,0.0,4,0,0.0,0,0,2,0,2,0,1,0,11392.0,Sarah Johnson,,Sarah Johnson
11396,2029,2029,1,1,2029,2029,1,0,0,True,True,0,1,11,0.0,2,0,0.0,0,0,1,0,1,0,1,0,11396.0,William Peck,Dusk Static,Dusk Static
11397,2029,2029,1,1,2029,2029,1,0,0,True,True,0,1,11,0.0,2,0,0.0,0,0,1,0,1,0,1,0,11397.0,Lucas Jose Manuel Arnaiz Pinedo,,Lucas Jose Manuel Arnaiz Pinedo
11398,2029,2029,1,1,2029,2029,1,0,0,True,True,0,1,11,0.0,2,0,0.0,0,0,1,0,1,0,1,0,11398.0,Sara Estefanía Acedo Caro,,Sara Estefanía Acedo Caro
11399,2028,2029,2,2,2029,2029,1,1,1,True,True,0,5,11,0.0,2,0,7.0,0,0,2,0,2,0,1,0,11399.0,Jennifer Mccoy,,Jennifer Mccoy
11401,1985,1985,1,1,,,1,,0,True,False,0,0,,0.0,0,0,0.0,0,0,1,0,1,0,1,0,11401.0,Patrick Carney,,Patrick Carney
11402,1985,1985,1,1,,,1,,0,True,False,0,0,,0.0,0,0,0.0,0,0,1,0,1,0,2,0,11402.0,Jason Lopez,,Jason Lopez
11406,2020,2020,1,1,,,1,,0,True,False,0,1,,0.0,1,0,0.0,0,0,1,0,1,1,1,0,11406.0,Billy Martinez, Rico Love, Rico Love
11407,2020,2020,1,1,,,1,,0,True,False,0,1,,0.0,1,0,0.0,0,0,1,0,1,1,1,0,11407.0,Katie Smith,,Katie Smith
11408,2020,2020,1,1,,,1,,0,True,False,0,1,,0.0,1,0,0.0,0,0,1,0,1,1,1,0,11408.0,Aaron Medina,,Aaron Medina
11409,2020,2020,1,1,,,1,,0,True,False,0,1,,0.0,1,0,0.0,0,0,1,0,1,1,1,0,11409.0,Carl Brown,,Carl Brown
11411,2020,2020,1,1,,,1,,0,True,False,0,1,,0.0,1,0,0.0,0,0,1,0,1,1,1,0,11411.0,Laura Howard,,Laura Howard
11412,2020,2020,1,1,,,1,,0,True,False,0,1,,0.0,1,0,0.0,0,0,1,0,1,1,1,0,11412.0,Laura Johnson,,Laura Johnson
11416,2026,2026,1,1,,,1,,0,True,True,0,2,,0.0,0,0,0.0,0,0,1,0,1,0,1,0,11416.0,Gang Liao,,Gang Liao
11418,2026,2026,1,1,,,1,,0,True,True,0,2,,0.0,0,0,0.0,0,0,1,0,1,0,2,0,11418.0,Qiang Mo,,Qiang Mo
11421,2030,2030,1,1,,,1,,0,True,True,1,1,,0.0,1,0,0.0,0,0,1,0,1,1,1,0,11421.0,Xiulan Cheng,,Xiulan Cheng
11422,2030,2030,1,1,,,1,,0,True,True,1,1,,0.0,1,0,0.0,0,0,1,0,1,1,1,0,11422.0,Ping Luo,,Ping Luo
11425,2010,2010,1,1,,,1,,0,True,False,0,1,,0.0,0,0,0.0,0,0,1,0,1,0,1,0,11425.0,Jamie Schmidt,,Jamie Schmidt
11426,1997,1997,1,1,,,1,,0,True,False,0,0,,0.0,0,0,0.0,0,0,1,0,1,0,2,0,11426.0,Holly Love,,Holly Love
11433,2006,2010,2,2,2006,2006,1,0,4,True,False,0,0,34,0.0,1,0,1.25,0,0,1,0,1,0,1,0,11433.0,Guiying Shen,,Guiying Shen
11434,2006,2010,2,2,2006,2006,1,0,4,True,False,0,0,34,0.0,1,0,1.25,0,0,1,0,1,0,1,0,11434.0,Jun Meng,,Jun Meng
11435,2006,2010,2,2,2006,2006,1,0,4,True,False,0,0,34,0.0,1,0,1.25,0,0,1,0,1,0,1,0,11435.0,Jie Zhou,,Jie Zhou
11436,2010,2025,2,2,,,2,,15,True,False,0,1,,0.0,1,0,0.0,0,0,2,0,2,0,1,0,11436.0,Seth Smith,,Seth Smith
11437,2010,2010,1,1,,,1,,0,True,False,0,0,,0.0,1,0,0.0,0,0,1,0,1,0,1,0,11437.0,Jie Tan,,Jie Tan
11441,2025,2025,1,1,,,1,,0,True,True,0,2,,0.0,0,0,0.0,0,0,1,0,1,0,2,0,11441.0,Hannah Richard,,Hannah Richard
11444,2026,2026,1,1,,,1,,0,True,True,0,4,,0.0,0,0,0.0,0,0,0,0,0,2,1,0,11444.0,Robert Strickland,,Robert Strickland
11448,2022,2022,1,1,,,1,,0,True,False,0,1,,0.0,4,0,0.0,0,0,2,0,2,1,1,0,11448.0,Emily Merritt,,Emily Merritt
11451,2019,2019,1,1,2019,2019,1,0,0,True,False,0,1,21,0.0,0,0,0.0,0,0,1,0,1,0,2,0,11451.0,Jason Owens,,Jason Owens
11460,2013,2026,2,2,,,1,,13,True,False,0,4,,0.0,0,0,0.0,0,0,1,0,1,1,2,0,11460.0,Chao Zhu,,Chao Zhu
11461,2026,2026,1,1,,,1,,0,True,True,0,4,,0.0,0,0,0.0,0,0,1,0,1,1,2,0,11461.0,Juan Song,,Juan Song
11462,2026,2026,1,1,,,1,,0,True,True,0,4,,0.0,0,0,0.0,0,0,1,0,1,1,1,0,11462.0,Juan Su,,Juan Su
11464,2017,2017,1,1,,,1,,0,True,False,0,1,,0.0,0,0,0.0,0,0,1,0,1,0,3,0,11464.0,Katherine Davis,,Katherine Davis
11466,2028,2028,1,1,,,1,,0,True,True,0,3,,0.0,2,0,0.0,0,0,1,0,1,0,1,0,11466.0,Jun Wang,,Jun Wang
11469,1987,1987,1,1,,,1,,0,True,False,0,0,,0.0,0,0,0.0,0,0,1,0,1,0,2,0,11469.0,Cheryl White,,Cheryl White
11473,2019,2019,1,1,2019,2019,1,0,0,True,False,0,0,21,0.0,0,0,0.0,1,0,1,0,1,0,1,0,11473.0,Courtney Castillo,,Courtney Castillo
11474,2019,2019,1,1,2019,2019,1,0,0,True,False,0,0,21,0.0,0,0,0.0,1,0,1,0,1,0,1,0,11474.0,Tristan Chauveau,,Tristan Chauveau
11475,2019,2025,2,2,2019,2019,1,0,6,True,False,0,2,21,0.0,0,0,0.3333333333333333,1,0,3,0,3,2,2,0,11475.0,Juan Kang,,Juan Kang
11476,2019,2019,1,1,2019,2019,1,0,0,True,False,0,0,21,0.0,0,0,0.0,1,0,1,0,1,0,1,0,11476.0,Min Cheng,,Min Cheng
11480,2023,2023,1,1,2023,2023,1,0,0,True,False,0,1,17,0.0,3,0,0.0,0,0,2,0,2,0,1,0,11480.0,Hubert Oderwald,,Hubert Oderwald
11482,2023,2023,1,1,2023,2023,1,0,0,True,False,0,1,17,0.0,3,0,0.0,0,0,2,0,2,0,1,0,11482.0,Annelise Berger,,Annelise Berger
11483,2023,2023,1,1,2023,2023,1,0,0,True,False,0,1,17,0.0,3,0,0.0,0,0,2,0,2,0,1,0,11483.0,Alfonso Bähr,,Alfonso Bähr
11484,2023,2023,1,1,2023,2023,1,0,0,True,False,0,1,17,0.0,3,0,0.0,0,0,2,0,2,0,1,0,11484.0,Lilo Christoph,,Lilo Christoph
11486,2010,2010,1,1,,,1,,0,True,False,0,0,,0.0,1,0,0.0,0,0,2,0,2,0,1,0,11486.0,Wei Qian,,Wei Qian
11487,2010,2010,1,1,,,1,,0,True,False,0,0,,0.0,1,0,0.0,0,0,2,0,2,0,1,0,11487.0,Nicholas Porter,,Nicholas Porter
11488,2010,2010,1,1,,,1,,0,True,False,0,0,,0.0,1,0,0.0,0,0,2,0,2,0,1,0,11488.0,Xiuying Jia,,Xiuying Jia
11489,2010,2010,1,1,,,1,,0,True,False,0,0,,0.0,1,0,0.0,0,0,2,0,2,0,1,0,11489.0,Christine Turner,,Christine Turner
11490,2010,2010,1,1,,,1,,0,True,False,0,0,,0.0,1,0,0.0,0,0,2,0,2,0,1,0,11490.0,Li Dai,,Li Dai
11492,2012,2012,1,1,,,1,,0,True,False,0,0,,0.0,0,0,0.0,0,0,1,0,1,0,1,0,11492.0,Hector Porcel Gomis,,Hector Porcel Gomis
11493,2012,2012,1,1,,,1,,0,True,False,0,0,,0.0,0,0,0.0,0,0,1,0,1,0,1,0,11493.0,Francisco Lyons,,Francisco Lyons
11494,2012,2012,1,1,,,1,,0,True,False,0,0,,0.0,0,0,0.0,0,0,1,0,1,0,2,0,11494.0,Nicolasa Zaragoza Asenjo,,Nicolasa Zaragoza Asenjo
11496,2015,2015,1,1,,,1,,0,True,False,0,1,,0.0,2,0,0.0,0,0,1,0,1,0,1,0,11496.0,Wei Tao,,Wei Tao
11497,2015,2015,1,1,,,1,,0,True,False,0,1,,0.0,2,0,0.0,0,0,1,0,1,0,1,0,11497.0,Tao Mao,,Tao Mao
11498,2015,2015,1,1,,,1,,0,True,False,0,1,,0.0,2,0,0.0,0,0,1,0,1,0,2,0,11498.0,Min Duan,,Min Duan
11501,2029,2029,1,1,,,1,,0,True,True,0,3,,0.0,0,0,0.0,0,0,1,0,1,1,1,0,11501.0,Nancy Arnold,,Nancy Arnold
11503,2026,2026,1,1,,,1,,0,True,True,0,1,,0.0,0,0,0.0,0,0,1,0,1,0,1,0,11503.0,Katherine Ortega,,Katherine Ortega
11504,2026,2026,1,1,,,1,,0,True,True,0,1,,0.0,0,0,0.0,0,0,1,0,1,0,2,0,11504.0,Denise Price,,Denise Price
11505,2026,2026,1,1,,,1,,0,True,True,0,1,,0.0,0,0,0.0,0,0,1,0,1,0,1,0,11505.0,Chao Fan,,Chao Fan
11506,2026,2026,1,1,,,1,,0,True,True,0,1,,0.0,0,0,0.0,0,0,1,0,1,0,1,0,11506.0,Emma Venditti-Brugnaro,,Emma Venditti-Brugnaro
11507,2026,2026,1,1,,,1,,0,True,True,0,1,,0.0,0,0,0.0,0,0,1,0,1,0,1,0,11507.0,Wei Pan,,Wei Pan
11510,2029,2029,1,1,,,1,,0,True,True,0,2,,0.0,0,0,0.0,0,0,0,0,0,0,1,0,11510.0,Todd Thompson,,Todd Thompson
11512,2029,2029,1,1,,,1,,0,True,True,0,2,,0.0,0,0,0.0,0,0,0,0,0,0,1,0,11512.0,Jody Jones,,Jody Jones
11517,2025,2025,1,1,,,1,,0,True,True,0,2,,0.0,0,0,0.0,0,0,0,0,0,1,1,1,11517.0,Isaiah Morales,,Isaiah Morales
11523,2015,2015,1,1,,,1,,0,True,False,0,0,,0.0,0,0,0.0,0,0,1,0,1,0,1,0,11523.0,Kenneth Miller,,Kenneth Miller
11529,2007,2007,1,1,,,1,,0,True,False,0,0,,0.0,1,0,0.0,0,0,1,0,1,0,1,0,11529.0,Qiang Lu,,Qiang Lu
11530,2007,2007,1,1,,,1,,0,True,False,0,0,,0.0,1,0,0.0,0,0,1,0,1,0,1,0,11530.0,Xiuying Yao,,Xiuying Yao
11534,2020,2020,1,1,,,1,,0,True,False,0,3,,0.0,2,0,0.0,0,0,1,0,1,2,1,0,11534.0,Brian Hamilton, Cyber Swan, Cyber Swan
11535,2020,2020,1,1,,,1,,0,True,False,0,3,,0.0,2,0,0.0,0,0,1,0,1,2,1,0,11535.0,Alexandra Montes, D.R. Stone, D.R. Stone
11536,2020,2020,1,1,,,1,,0,True,False,0,3,,0.0,2,0,0.0,0,0,1,0,1,2,1,0,11536.0,Scott Garcia,,Scott Garcia
11540,2020,2020,1,1,,,1,,0,True,False,0,1,,0.0,2,0,0.0,0,0,1,0,1,0,1,0,11540.0,Gang Zou,,Gang Zou
11542,2013,2013,1,1,,,1,,0,True,False,0,0,,0.0,0,0,0.0,0,0,1,0,1,0,1,0,11542.0,John Shaw,,John Shaw
11543,2013,2013,1,1,,,1,,0,True,False,0,0,,0.0,0,0,0.0,0,0,1,0,1,0,2,0,11543.0,Isaac Lamb,,Isaac Lamb
11545,2013,2013,1,1,,,1,,0,True,False,0,0,,0.0,0,0,0.0,0,0,1,0,1,0,1,0,11545.0,James Rodriguez,,James Rodriguez
11547,1992,1992,1,1,,,1,,0,True,False,0,0,,0.0,0,0,0.0,0,0,1,0,1,0,2,0,11547.0,Sean Blackburn,,Sean Blackburn
11551,2020,2020,1,1,2020,2020,1,0,0,True,False,0,3,20,0.0,0,0,0.0,0,0,2,0,2,0,1,0,11551.0,Matthew Gardner,,Matthew Gardner
11552,2020,2020,1,1,2020,2020,1,0,0,True,False,0,3,20,0.0,0,0,0.0,0,0,2,0,2,0,2,0,11552.0,Steven Keller,,Steven Keller
11553,2020,2020,1,1,2020,2020,1,0,0,True,False,0,3,20,0.0,0,0,0.0,0,0,2,0,2,0,1,0,11553.0,Lei Zhao,,Lei Zhao
11554,2020,2020,1,1,2020,2020,1,0,0,True,False,0,3,20,0.0,0,0,0.0,0,0,2,0,2,0,1,0,11554.0,Carrie Perry,,Carrie Perry
11556,2020,2020,1,1,2020,2020,1,0,0,True,False,0,3,20,0.0,0,0,0.0,0,0,2,0,2,0,1,0,11556.0,Gina Cooper,,Gina Cooper
11557,2020,2020,1,1,2020,2020,1,0,0,True,False,0,3,20,0.0,0,0,0.0,0,0,2,0,2,0,1,0,11557.0,Amy Gonzalez,,Amy Gonzalez
11559,2015,2015,1,1,,,1,,0,True,False,0,0,,0.0,0,0,0.0,0,0,2,0,2,0,1,0,11559.0,Xia Dai,,Xia Dai
11561,2015,2015,1,1,,,1,,0,True,False,0,0,,0.0,0,0,0.0,0,0,2,0,2,0,1,0,11561.0,Lei Lin,,Lei Lin
11563,2025,2025,1,1,,,1,,0,True,True,0,1,,0.0,2,0,0.0,0,0,1,0,1,0,1,0,11563.0,Michelle Atkins,,Michelle Atkins
11566,2004,2004,1,1,,,1,,0,True,False,0,0,,0.0,1,0,0.0,0,0,1,0,1,0,1,0,11566.0,Krista Rogge,,Krista Rogge
11570,2008,2008,1,1,2008,2008,1,0,0,True,False,0,0,32,0.0,0,0,0.0,0,0,1,0,1,0,1,0,11570.0,Gang Yao,,Gang Yao
11573,1995,1995,1,1,1995,1995,1,0,0,True,False,0,0,45,0.0,1,0,0.0,0,0,1,0,1,0,1,0,11573.0,Sarah Patrick,,Sarah Patrick
11575,2013,2013,1,1,,,1,,0,True,False,0,0,,0.0,0,0,0.0,0,0,0,0,0,0,1,0,11575.0,Jolanta Zirme,,Jolanta Zirme
11576,2013,2020,2,2,,,2,,7,True,False,0,6,,0.0,3,0,2.142857142857143,0,0,2,0,2,1,2,0,11576.0,Angelina Ortmann,,Angelina Ortmann
11579,2020,2026,2,2,,,2,,6,True,False,0,0,,0.0,1,0,0.6666666666666666,0,0,2,0,2,0,2,0,11579.0,Jie Wang,,Jie Wang
11580,2021,2026,2,2,,,2,,5,True,False,0,1,,0.0,2,0,0.8,0,0,2,0,2,0,1,0,11580.0,Xia Du,,Xia Du
11581,2026,2026,1,1,,,1,,0,True,True,0,0,,0.0,1,0,0.0,0,0,1,0,1,0,1,0,11581.0,Yong Tang,,Yong Tang
11582,2026,2026,1,1,,,1,,0,True,True,0,0,,0.0,1,0,0.0,0,0,1,0,1,0,1,0,11582.0,Tao Su,,Tao Su
11584,2030,2030,1,1,,,1,,0,True,True,1,2,,0.0,0,0,0.0,0,0,2,0,2,0,1,0,11584.0,Guiying Bai,Echo Reverie,Echo Reverie
11585,2030,2030,1,1,,,1,,0,True,True,1,2,,0.0,0,0,0.0,0,0,2,0,2,0,1,0,11585.0,Li Cheng,,Li Cheng
11588,2020,2020,1,1,,,1,,0,True,False,0,2,,0.0,0,0,0.0,0,0,1,0,1,0,1,0,11588.0,Ping Deng,,Ping Deng
11589,2020,2020,1,1,,,1,,0,True,False,0,2,,0.0,0,0,0.0,0,0,1,0,1,0,2,0,11589.0,Li Lu,,Li Lu
11591,2026,2026,1,1,,,1,,0,True,True,0,3,,0.0,0,0,0.0,0,0,1,0,1,0,1,0,11591.0,Lei Fan,,Lei Fan
11592,2026,2026,1,1,,,1,,0,True,True,0,3,,0.0,0,0,0.0,0,0,1,0,1,0,1,0,11592.0,Yang Ye,,Yang Ye
11593,2026,2026,1,1,,,1,,0,True,True,0,3,,0.0,0,0,0.0,0,0,1,0,1,0,1,0,11593.0,Wei Li,,Wei Li
11595,2026,2026,1,1,,,1,,0,True,True,0,3,,0.0,0,0,0.0,0,0,1,0,1,0,2,0,11595.0,Chao Du,,Chao Du
11596,2026,2026,1,1,,,1,,0,True,True,0,3,,0.0,0,0,0.0,0,0,1,0,1,0,2,0,11596.0,Jun Dai,,Jun Dai
11597,2026,2026,1,1,,,1,,0,True,True,0,3,,0.0,0,0,0.0,0,0,1,0,1,0,1,0,11597.0,Guiying Liang,,Guiying Liang
11599,2010,2018,2,2,2018,2018,1,8,8,True,False,0,2,22,0.0,0,0,0.125,0,0,1,0,1,0,1,0,11599.0,Lei Cai,,Lei Cai
11600,2018,2018,1,1,2018,2018,1,0,0,True,False,0,1,22,0.0,0,0,0.0,0,0,1,0,1,0,2,0,11600.0,Gang Kong,,Gang Kong
11601,2010,2028,2,2,,,1,,18,True,False,0,2,,0.0,0,0,0.1111111111111111,0,0,2,0,2,0,2,0,11601.0,Guiying Mo,,Guiying Mo
11604,2028,2028,1,1,2028,2028,1,0,0,True,True,0,0,12,0.0,0,0,0.0,0,0,1,0,1,0,1,0,11604.0,Kristin Barber,,Kristin Barber
11605,2028,2028,1,1,2028,2028,1,0,0,True,True,0,0,12,0.0,0,0,0.0,0,0,1,0,1,0,1,0,11605.0,Chris Tate,,Chris Tate
11607,2028,2029,2,2,2028,2028,1,0,1,True,True,0,2,12,0.0,0,0,0.0,0,0,1,0,1,1,1,0,11607.0,Jason Roberts,,Jason Roberts
11611,2024,2024,1,1,,,1,,0,True,False,0,2,,0.0,0,0,0.0,0,0,1,0,1,0,1,0,11611.0,Annette Mckee,,Annette Mckee
11615,2009,2009,1,1,2009,2009,1,0,0,True,False,0,0,31,0.0,1,0,0.0,0,0,1,0,1,0,2,0,11615.0,Gabriel Malon,,Gabriel Malon
11618,2023,2023,1,1,,,1,,0,True,False,0,3,,0.0,3,0,0.0,0,0,1,0,1,0,1,0,11618.0,Lisa Ramos,,Lisa Ramos
11619,2023,2023,1,1,,,1,,0,True,False,0,3,,0.0,3,0,0.0,0,0,1,0,1,0,1,0,11619.0,Zachary Estes,,Zachary Estes
11620,2023,2023,1,1,,,1,,0,True,False,0,3,,0.0,3,0,0.0,0,0,1,0,1,0,1,0,11620.0,Jose Harmon,,Jose Harmon
11621,2023,2023,1,1,,,1,,0,True,False,0,3,,0.0,3,0,0.0,0,0,1,0,1,0,1,0,11621.0,Lindsey Terry,,Lindsey Terry
11622,2023,2023,1,1,,,1,,0,True,False,0,3,,0.0,3,0,0.0,0,0,1,0,1,0,1,0,11622.0,Alexis Dixon,,Alexis Dixon
11624,2026,2026,1,1,,,1,,0,True,True,0,1,,0.0,0,0,0.0,1,0,1,0,1,1,1,0,11624.0,Gianfranco Trentini,Trentini,Trentini
11626,2026,2026,1,1,,,1,,0,True,True,0,1,,0.0,0,0,0.0,1,0,1,0,1,1,1,0,11626.0,Cassandra Zito,,Cassandra Zito
11627,2026,2026,1,1,,,1,,0,True,True,0,1,,0.0,0,0,0.0,1,0,1,0,1,1,1,0,11627.0,Nina Pareto,,Nina Pareto
11628,2026,2026,1,1,,,1,,0,True,True,0,1,,0.0,0,0,0.0,1,0,1,0,1,1,1,0,11628.0,Antonietta Chittolini,,Antonietta Chittolini
11630,2012,2012,1,1,,,1,,0,True,False,0,2,,0.0,0,0,0.0,0,0,1,0,1,0,1,0,11630.0,Océane Bouchet,,Océane Bouchet
11631,2012,2012,1,1,,,1,,0,True,False,0,2,,0.0,0,0,0.0,0,0,1,0,1,0,1,0,11631.0,Célina Collin de la Chauveau,,Célina Collin de la Chauveau
11633,2012,2012,1,1,,,1,,0,True,False,0,2,,0.0,0,0,0.0,0,0,1,0,1,0,1,0,11633.0,Yves Gaudin,,Yves Gaudin
11636,1999,1999,1,1,1999,1999,1,0,0,True,False,0,0,41,0.0,1,0,0.0,0,0,1,0,1,0,1,0,11636.0,Lucie Tanguy,,Lucie Tanguy
11639,2019,2019,1,1,,,1,,0,True,False,0,1,,0.0,0,0,0.0,0,0,1,0,1,1,1,0,11639.0,Qiang Zhang,,Qiang Zhang
11643,2008,2008,1,1,,,1,,0,True,False,0,0,,0.0,0,0,0.0,0,0,1,0,1,0,1,0,11643.0,John Holt,,John Holt
11645,2004,2004,1,1,,,1,,0,True,False,0,0,,0.0,1,0,0.0,0,0,1,0,1,0,1,0,11645.0,Milena Anichini-Barracco,,Milena Anichini-Barracco
11647,2030,2030,1,1,,,1,,0,True,True,1,3,,0.0,0,0,0.0,0,0,1,0,1,0,1,0,11647.0,Min Chen,,Min Chen
11648,2030,2030,1,1,,,1,,0,True,True,1,3,,0.0,0,0,0.0,0,0,1,0,1,0,1,0,11648.0,Wei Gao,,Wei Gao
11649,2030,2030,1,1,,,1,,0,True,True,1,3,,0.0,0,0,0.0,0,0,1,0,1,0,1,0,11649.0,Yang Kong,,Yang Kong
11650,2030,2030,1,1,,,1,,0,True,True,1,3,,0.0,0,0,0.0,0,0,1,0,1,0,1,0,11650.0,Jun Jiang,,Jun Jiang
11651,2030,2030,1,1,,,1,,0,True,True,1,3,,0.0,0,0,0.0,0,0,1,0,1,0,2,0,11651.0,Imran van Maasgouw-Schroeff,,Imran van Maasgouw-Schroeff
11654,1985,1985,1,1,,,1,,0,True,False,0,0,,0.0,0,0,0.0,0,0,1,0,1,0,2,0,11654.0,Justin Sullivan,,Justin Sullivan
11657,2026,2026,1,1,,,1,,0,True,True,0,4,,0.0,0,0,0.0,0,0,1,0,1,0,1,1,11657.0,Jun Yuan,,Jun Yuan
11660,2024,2024,1,1,2024,2024,1,0,0,True,False,0,1,16,0.0,0,0,0.0,0,0,1,0,1,0,1,0,11660.0,Patrick Howard, N.V. Blake, N.V. Blake
11661,2024,2024,1,1,2024,2024,1,0,0,True,False,0,1,16,0.0,0,0,0.0,0,0,1,0,1,0,1,0,11661.0,Joe Humphrey,,Joe Humphrey
11662,2024,2024,1,1,2024,2024,1,0,0,True,False,0,1,16,0.0,0,0,0.0,0,0,1,0,1,0,1,0,11662.0,Austin Robinson,,Austin Robinson
11663,2024,2024,1,1,2024,2024,1,0,0,True,False,0,1,16,0.0,0,0,0.0,0,0,1,0,1,0,1,0,11663.0,Kayla Gonzales,,Kayla Gonzales
11664,2024,2024,1,1,2024,2024,1,0,0,True,False,0,1,16,0.0,0,0,0.0,0,0,1,0,1,0,1,0,11664.0,Jaroslav Putz,,Jaroslav Putz
11665,2024,2024,1,1,2024,2024,1,0,0,True,False,0,1,16,0.0,0,0,0.0,0,0,1,0,1,0,1,0,11665.0,Dariusz Trupp,,Dariusz Trupp
11666,2024,2024,1,1,2024,2024,1,0,0,True,False,0,1,16,0.0,0,0,0.0,0,0,1,0,1,0,2,0,11666.0,Terri Chapman,,Terri Chapman
11667,2024,2024,1,1,2024,2024,1,0,0,True,False,0,1,16,0.0,0,0,0.0,0,0,1,0,1,0,1,0,11667.0,Felicia Walton,,Felicia Walton
11668,2024,2024,1,1,2024,2024,1,0,0,True,False,0,1,16,0.0,0,0,0.0,0,0,1,0,1,0,1,0,11668.0,Ludmila Wesack,,Ludmila Wesack
11670,2024,2024,1,1,2024,2024,1,0,0,True,False,0,1,16,0.0,0,0,0.0,0,0,1,0,1,0,1,0,11670.0,Kathleen Sutton,,Kathleen Sutton
11671,2024,2024,1,1,2024,2024,1,0,0,True,False,0,1,16,0.0,0,0,0.0,0,0,1,0,1,0,1,0,11671.0,Nicholas Swanson,,Nicholas Swanson
11675,2020,2020,1,1,,,1,,0,True,False,0,1,,0.0,0,0,0.0,0,0,0,0,0,0,1,0,11675.0,Haley Campbell,,Haley Campbell
11682,2019,2019,1,1,,,1,,0,True,False,0,1,,0.0,0,0,0.0,0,0,1,0,1,0,1,0,11682.0,Elaine Miller,,Elaine Miller
11683,2019,2019,1,1,,,1,,0,True,False,0,1,,0.0,0,0,0.0,0,0,1,0,1,0,1,0,11683.0,Li Sun,,Li Sun
11684,2019,2019,1,1,,,1,,0,True,False,0,1,,0.0,0,0,0.0,0,0,1,0,1,0,1,0,11684.0,Yang Xiang,,Yang Xiang
11685,2019,2019,1,1,,,1,,0,True,False,0,1,,0.0,0,0,0.0,0,0,1,0,1,0,1,0,11685.0,Dominique Newton,,Dominique Newton
11686,2019,2019,1,1,,,1,,0,True,False,0,1,,0.0,0,0,0.0,0,0,1,0,1,0,1,0,11686.0,Guiying Fang,,Guiying Fang
11687,2019,2019,1,1,,,1,,0,True,False,0,1,,0.0,0,0,0.0,0,0,1,0,1,0,1,0,11687.0,Jing Lin,,Jing Lin
11688,2019,2019,1,1,,,1,,0,True,False,0,1,,0.0,0,0,0.0,0,0,1,0,1,0,1,0,11688.0,Xiulan Qian,,Xiulan Qian
11689,2019,2019,1,1,,,1,,0,True,False,0,1,,0.0,0,0,0.0,0,0,1,0,1,0,1,0,11689.0,Lei Hu,,Lei Hu
11690,2019,2019,1,1,,,1,,0,True,False,0,1,,0.0,0,0,0.0,0,0,1,0,1,0,1,0,11690.0,Ming Cui,,Ming Cui
11691,2019,2019,1,1,,,1,,0,True,False,0,1,,0.0,0,0,0.0,0,0,1,0,1,0,1,0,11691.0,Guiying Shao,,Guiying Shao
11692,2019,2019,1,1,,,1,,0,True,False,0,1,,0.0,0,0,0.0,0,0,1,0,1,0,1,0,11692.0,Yang Zhu,,Yang Zhu
11693,2019,2019,1,1,,,1,,0,True,False,0,1,,0.0,0,0,0.0,0,0,1,0,1,0,1,0,11693.0,Patricia Maynard,,Patricia Maynard
11694,2019,2019,1,1,,,1,,0,True,False,0,1,,0.0,0,0,0.0,0,0,1,0,1,0,1,0,11694.0,Lei Cai,,Lei Cai
11697,2017,2017,1,1,,,1,,0,True,False,0,1,,0.0,0,0,0.0,0,0,0,0,0,1,2,0,11697.0,Jamie Castro,,Jamie Castro
11698,2017,2017,1,1,,,1,,0,True,False,0,1,,0.0,0,0,0.0,0,0,0,0,0,1,1,0,11698.0,Bradley Reeves Jr.,,Bradley Reeves Jr.
11702,2010,2010,1,1,,,1,,0,True,False,0,0,,0.0,0,0,0.0,0,0,1,0,1,0,2,0,11702.0,Hans-Gerhard Kuhl,Sable,Sable
11703,2020,2020,1,1,,,1,,0,True,False,0,5,,0.0,0,0,0.0,0,0,1,0,1,0,2,0,11703.0,Annaliese Bolnbach,,Annaliese Bolnbach
11704,2020,2020,1,1,,,1,,0,True,False,0,5,,0.0,0,0,0.0,0,0,1,0,1,0,1,0,11704.0,Jens-Peter Mosemann,,Jens-Peter Mosemann
11705,2010,2020,2,2,,,2,,10,True,False,0,5,,0.0,0,0,0.4,0,0,2,0,2,0,1,0,11705.0,Hinrich Dörschner,,Hinrich Dörschner
11707,2029,2029,1,0,,,1,,0,True,True,0,3,,0.0,0,0,0.0,0,0,0,0,0,1,1,0,11707.0,Lei Ma,,Lei Ma
11708,2029,2029,1,0,,,1,,0,True,True,0,3,,0.0,0,0,0.0,0,0,0,0,0,1,1,0,11708.0,Yan Cheng,,Yan Cheng
11709,2029,2029,1,0,,,1,,0,True,True,0,3,,0.0,0,0,0.0,0,0,0,0,0,1,1,0,11709.0,Gang Wen,,Gang Wen
11710,2029,2029,1,0,,,1,,0,True,True,0,3,,0.0,0,0,0.0,0,0,0,0,0,1,1,0,11710.0,Jie Hao,,Jie Hao
11711,2029,2029,1,0,,,1,,0,True,True,0,3,,0.0,0,0,0.0,0,0,0,0,0,1,1,0,11711.0,Shota Suzuki,,Shota Suzuki
11713,2023,2023,1,1,,,1,,0,True,False,0,1,,0.0,4,0,0.0,0,0,2,0,2,0,2,0,11713.0,Ramona Petruzzi,,Ramona Petruzzi
11714,2023,2023,1,1,,,1,,0,True,False,0,1,,0.0,4,0,0.0,0,0,2,0,2,0,1,0,11714.0,Andrew Ellison,,Andrew Ellison
11715,2023,2023,1,1,,,1,,0,True,False,0,1,,0.0,4,0,0.0,0,0,2,0,2,0,1,0,11715.0,Sean Walters,,Sean Walters
11716,2023,2027,3,3,,,2,,4,True,False,0,7,,0.0,4,0,0.75,0,0,4,0,4,0,1,0,11716.0,Inès Collet,,Inès Collet
11717,2023,2023,1,1,,,1,,0,True,False,0,1,,0.0,4,0,0.0,0,0,2,0,2,0,1,0,11717.0,Olivier Munoz,,Olivier Munoz
11721,2024,2024,1,1,,,1,,0,True,False,0,1,,0.0,0,0,0.0,0,0,1,0,1,0,1,0,11721.0,Mathilde Ribeiro,,Mathilde Ribeiro
11722,2024,2024,1,1,,,1,,0,True,False,0,1,,0.0,0,0,0.0,0,0,1,0,1,0,1,0,11722.0,Robert White,,Robert White
11724,2024,2024,1,1,,,1,,0,True,False,0,1,,0.0,0,0,0.0,0,0,1,0,1,0,1,0,11724.0,Benjamin Leon,,Benjamin Leon
11727,2017,2017,1,1,,,1,,0,True,False,0,2,,0.0,0,0,0.0,0,0,1,0,1,1,1,0,11727.0,Na Hou,,Na Hou
11728,2017,2017,1,1,,,1,,0,True,False,0,2,,0.0,0,0,0.0,0,0,1,0,1,1,2,0,11728.0,Yan Hu,,Yan Hu
11731,2017,2017,1,1,2017,2017,1,0,0,True,False,0,0,23,0.0,0,0,0.0,0,0,1,0,1,0,1,0,11731.0,David Jenkins,,David Jenkins
11732,2017,2017,1,1,2017,2017,1,0,0,True,False,0,0,23,0.0,0,0,0.0,0,0,1,0,1,0,1,0,11732.0,James Smith,,James Smith
11733,2017,2017,1,1,2017,2017,1,0,0,True,False,0,0,23,0.0,0,0,0.0,0,0,1,0,1,0,1,0,11733.0,Edward Clark,,Edward Clark
11734,2017,2017,1,1,2017,2017,1,0,0,True,False,0,0,23,0.0,0,0,0.0,0,0,1,0,1,0,1,0,11734.0,Robert Boone,,Robert Boone
11735,2017,2017,1,1,2017,2017,1,0,0,True,False,0,0,23,0.0,0,0,0.0,0,0,1,0,1,0,1,0,11735.0,William Miller,,William Miller
11739,2007,2007,1,1,,,1,,0,True,False,0,0,,0.0,3,0,0.0,0,0,1,0,1,0,1,0,11739.0,Marilyn Austin,,Marilyn Austin
11741,2011,2011,1,1,,,1,,0,True,False,0,0,,0.0,1,0,0.0,0,0,2,0,2,0,2,0,11741.0,Lori Gregory,,Lori Gregory
11742,2011,2011,1,1,,,1,,0,True,False,0,0,,0.0,1,0,0.0,0,0,2,0,2,0,1,0,11742.0,Rodney Clark,,Rodney Clark
11743,2011,2011,1,1,,,1,,0,True,False,0,0,,0.0,1,0,0.0,0,0,2,0,2,0,1,0,11743.0,Gernot Karz,,Gernot Karz
11745,2017,2017,1,1,,,1,,0,True,False,0,2,,0.0,4,0,0.0,0,0,1,0,1,1,1,0,11745.0,Travis Hill,,Travis Hill
11747,2024,2029,2,2,2029,2029,2,5,5,True,False,0,4,11,0.0,2,0,0.4,0,0,2,0,2,0,2,0,11747.0,Lei Xue,,Lei Xue
11748,2024,2024,1,1,,,1,,0,True,False,0,1,,0.0,0,0,0.0,0,0,1,0,1,0,1,0,11748.0,Yong Lu,,Yong Lu
11750,2024,2024,1,1,,,1,,0,True,False,0,2,,0.0,3,0,0.0,0,0,1,0,1,0,1,1,11750.0,Ming Chang,,Ming Chang
11751,2023,2023,1,1,2023,2023,1,0,0,True,False,0,0,17,0.0,3,0,0.0,0,0,1,0,1,0,2,0,11751.0,Yong Lei,,Yong Lei
11752,2024,2024,1,1,,,1,,0,True,False,0,2,,0.0,3,0,0.0,0,0,1,0,1,0,1,1,11752.0,Ming Ding,,Ming Ding
11754,2007,2007,1,1,,,1,,0,True,False,0,0,,0.0,1,0,0.0,0,0,1,0,1,0,1,0,11754.0,Fang Qian, Solar Fang, Solar Fang
11755,2007,2007,1,1,,,1,,0,True,False,0,0,,0.0,1,0,0.0,0,0,1,0,1,0,1,0,11755.0,Xiuying Gu,,Xiuying Gu
11756,2007,2007,1,1,,,1,,0,True,False,0,0,,0.0,1,0,0.0,0,0,1,0,1,0,1,0,11756.0,Yang Qiu,,Yang Qiu
11757,2007,2007,1,1,,,1,,0,True,False,0,0,,0.0,1,0,0.0,0,0,1,0,1,0,1,0,11757.0,Guiying Huang,,Guiying Huang
11758,2007,2007,1,1,,,1,,0,True,False,0,0,,0.0,1,0,0.0,0,0,1,0,1,0,1,0,11758.0,Qiang Dong,,Qiang Dong
11760,2007,2007,1,1,,,1,,0,True,False,0,0,,0.0,1,0,0.0,0,0,1,0,1,0,1,0,11760.0,Jing Shen,,Jing Shen
11761,2007,2007,1,1,,,1,,0,True,False,0,0,,0.0,1,0,0.0,0,0,1,0,1,0,1,0,11761.0,Jun Wen,,Jun Wen
11762,2007,2007,1,1,,,1,,0,True,False,0,0,,0.0,1,0,0.0,0,0,1,0,1,0,2,0,11762.0,Tao Chang,,Tao Chang
11763,2007,2007,1,1,,,1,,0,True,False,0,0,,0.0,1,0,0.0,0,0,1,0,1,0,2,0,11763.0,Xiulan Guo,,Xiulan Guo
11764,2007,2007,1,1,,,1,,0,True,False,0,0,,0.0,1,0,0.0,0,0,1,0,1,0,1,0,11764.0,Ming Cui,,Ming Cui
11766,2018,2018,1,1,,,1,,0,True,False,0,1,,0.0,0,0,0.0,0,0,1,0,1,0,3,0,11766.0,Anna Reyes,,Anna Reyes
11769,2024,2024,1,1,,,1,,0,True,False,0,0,,0.0,0,0,0.0,0,0,1,0,1,0,1,0,11769.0,Keith Navarro,Echeva,Echeva
11770,2024,2024,1,1,,,1,,0,True,False,0,0,,0.0,0,0,0.0,0,0,1,0,1,0,1,0,11770.0,David Clements,Davey Clements,Davey Clements
11771,2024,2024,1,1,,,1,,0,True,False,0,0,,0.0,0,0,0.0,0,0,1,0,1,0,1,0,11771.0,Birgid Junck-Sauer,,Birgid Junck-Sauer
11772,2024,2024,1,1,,,1,,0,True,False,0,0,,0.0,0,0,0.0,0,0,1,0,1,0,1,0,11772.0,Brandi Tran,,Brandi Tran
11773,2024,2024,1,1,,,1,,0,True,False,0,0,,0.0,0,0,0.0,0,0,1,0,1,0,2,0,11773.0,Barbara Haas,,Barbara Haas
11774,2024,2024,1,1,,,1,,0,True,False,0,0,,0.0,0,0,0.0,0,0,1,0,1,0,1,0,11774.0,Gabriel Ruppert,,Gabriel Ruppert
11775,2024,2024,1,1,,,1,,0,True,False,0,0,,0.0,0,0,0.0,0,0,1,0,1,0,1,0,11775.0,Brenda Hammond,,Brenda Hammond
11776,2024,2024,1,1,,,1,,0,True,False,0,0,,0.0,0,0,0.0,0,0,1,0,1,0,1,0,11776.0,Abdullah Bauer,,Abdullah Bauer
11777,2024,2024,1,1,,,1,,0,True,False,0,0,,0.0,0,0,0.0,0,0,1,0,1,0,1,0,11777.0,David Patel,,David Patel
11778,2024,2024,1,1,,,1,,0,True,False,0,0,,0.0,0,0,0.0,0,0,1,0,1,0,1,0,11778.0,Susan Haney,,Susan Haney
11779,2024,2024,1,1,,,1,,0,True,False,0,0,,0.0,0,0,0.0,0,0,1,0,1,0,2,0,11779.0,Hans-Christian Drub,,Hans-Christian Drub
11781,2027,2027,1,1,,,1,,0,True,True,0,5,,0.0,2,0,0.0,0,0,2,0,2,1,1,0,11781.0,Tao Xu,,Tao Xu
11782,2027,2027,1,1,,,1,,0,True,True,0,5,,0.0,2,0,0.0,0,0,2,0,2,1,1,0,11782.0,Tao Su,,Tao Su
11783,2027,2027,1,1,,,1,,0,True,True,0,5,,0.0,2,0,0.0,0,0,2,0,2,1,1,0,11783.0,Guiying Zhong,,Guiying Zhong
11784,2027,2027,1,1,,,1,,0,True,True,0,5,,0.0,2,0,0.0,0,0,2,0,2,1,1,0,11784.0,Chao Tian,,Chao Tian
11786,2024,2029,2,2,,,2,,5,True,False,0,5,,0.0,3,0,0.8,0,0,2,0,2,0,1,3,11786.0,Guiying Tang,,Guiying Tang
11787,2024,2024,1,1,,,1,,0,True,False,0,0,,0.0,3,0,0.0,0,0,1,0,1,0,1,0,11787.0,Xiuying Gu,,Xiuying Gu
11789,2022,2022,1,1,,,1,,0,True,False,0,1,,0.0,2,0,0.0,0,0,2,0,2,0,1,0,11789.0,Tracy Warner,,Tracy Warner
11791,2020,2022,2,2,,,1,,2,True,False,0,5,,0.0,3,0,2.0,0,0,2,0,2,1,2,0,11791.0,Bradley Brooks,,Bradley Brooks
11792,2022,2022,1,1,,,1,,0,True,False,0,1,,0.0,2,0,0.0,0,0,2,0,2,0,1,0,11792.0,Ping Han,,Ping Han
11794,1991,1991,1,0,,,1,,0,True,False,0,0,,0.0,0,0,0.0,0,0,1,0,1,0,2,0,11794.0,Kimberly Stevens,,Kimberly Stevens
11798,2020,2020,1,1,,,1,,0,True,False,0,1,,0.0,0,0,0.0,0,0,1,0,1,0,1,1,11798.0,Xiulan Lai,,Xiulan Lai
11799,2020,2020,1,1,,,1,,0,True,False,0,1,,0.0,0,0,0.0,0,0,1,0,1,0,1,1,11799.0,Lei Su,,Lei Su
11800,2020,2020,1,1,,,1,,0,True,False,0,1,,0.0,0,0,0.0,0,0,1,0,1,0,2,1,11800.0,Gang Shen,,Gang Shen
11804,2029,2029,1,0,,,1,,0,True,True,0,2,,0.0,0,0,0.0,0,0,1,0,1,0,1,0,11804.0,Li Liao,,Li Liao
11806,1990,1990,1,1,,,1,,0,True,False,0,0,,0.0,0,0,0.0,0,0,1,0,1,0,1,0,11806.0,Maite Cuevas Caballero,,Maite Cuevas Caballero
11807,2004,2004,1,1,,,1,,0,True,False,0,2,,0.0,0,0,0.0,0,0,1,0,1,0,2,0,11807.0,Charo Perez Castillo,,Charo Perez Castillo
11809,2029,2029,1,1,,,1,,0,True,True,0,1,,0.0,0,0,0.0,0,0,1,0,1,0,1,1,11809.0,April Mills,THE MVRK,THE MVRK
11811,2029,2029,1,1,,,1,,0,True,True,0,1,,0.0,0,0,0.0,0,0,1,0,1,0,2,1,11811.0,Stephanie Fowler,,Stephanie Fowler
11812,2029,2029,1,1,,,1,,0,True,True,0,1,,0.0,0,0,0.0,0,0,1,0,1,0,1,1,11812.0,David Maddox,,David Maddox
11814,2006,2006,1,1,,,1,,0,True,False,0,1,,0.0,0,0,0.0,0,0,1,0,1,0,2,0,11814.0,Torsten Etzold,Ardent,Ardent
11816,2017,2017,1,1,2017,2017,1,0,0,True,False,0,0,23,0.0,1,0,0.0,0,0,1,0,1,0,1,0,11816.0,Darlene Chase,,Darlene Chase
11817,2017,2017,1,1,2017,2017,1,0,0,True,False,0,0,23,0.0,1,0,0.0,0,0,1,0,1,0,1,0,11817.0,William Hawkins,,William Hawkins
11818,2017,2017,1,1,2017,2017,1,0,0,True,False,0,0,23,0.0,1,0,0.0,0,0,1,0,1,0,1,0,11818.0,Na Wei,,Na Wei
11820,2025,2025,1,1,,,1,,0,True,True,0,1,,0.0,0,0,0.0,0,0,2,0,2,0,1,0,11820.0,Jing Mao,,Jing Mao
11821,2025,2025,1,1,,,1,,0,True,True,0,1,,0.0,0,0,0.0,0,0,2,0,2,0,2,0,11821.0,Guiying Lin,,Guiying Lin
11825,2020,2025,2,2,,,2,,5,True,False,0,7,,0.0,5,0,1.0,0,0,2,0,2,2,1,0,11825.0,Ming Ye,,Ming Ye
11827,2025,2025,1,1,,,1,,0,True,True,0,4,,0.0,0,0,0.0,0,0,0,0,0,2,1,0,11827.0,David Campbell,,David Campbell
11832,2010,2010,1,1,,,1,,0,True,False,0,0,,0.0,4,0,0.0,0,0,2,0,2,0,1,0,11832.0,Beppe Agazzi-Muratori, Foster, Foster
11833,2016,2016,1,1,,,1,,0,True,False,0,0,,0.0,0,0,0.0,0,0,1,0,1,0,2,0,11833.0,Renata Manolesso,,Renata Manolesso
11834,2026,2026,1,1,,,1,,0,True,True,0,3,,0.0,0,0,0.0,0,0,1,0,1,0,3,2,11834.0,Zaira Balotelli-Peano,,Zaira Balotelli-Peano
11835,2016,2016,1,1,,,1,,0,True,False,0,0,,0.0,0,0,0.0,0,0,1,0,1,0,1,0,11835.0,Elena Nibali,,Elena Nibali
11838,2010,2010,1,1,2010,2010,1,0,0,True,False,0,0,30,0.0,0,0,0.0,0,0,1,0,1,0,1,0,11838.0,Russell Bates,,Russell Bates
11841,2010,2010,1,1,,,1,,0,True,False,0,2,,0.0,0,0,0.0,0,0,1,0,1,0,1,0,11841.0,Hanna Aelftrud van Wessex,,Hanna Aelftrud van Wessex
11843,2020,2020,1,1,2020,2020,1,0,0,True,False,0,0,20,0.0,2,0,0.0,0,0,1,0,1,0,1,0,11843.0,Tao Lu,,Tao Lu
11844,2020,2020,1,1,2020,2020,1,0,0,True,False,0,0,20,0.0,2,0,0.0,0,0,1,0,1,0,1,0,11844.0,Tao Gao,,Tao Gao
11845,2020,2020,1,1,2020,2020,1,0,0,True,False,0,0,20,0.0,2,0,0.0,0,0,1,0,1,0,2,0,11845.0,Min Zhao,,Min Zhao
11846,2020,2020,1,1,2020,2020,1,0,0,True,False,0,0,20,0.0,2,0,0.0,0,0,1,0,1,0,2,0,11846.0,Chao Shen,,Chao Shen
11848,2023,2026,2,2,,,1,,3,True,False,0,12,,0.0,6,0,4.0,0,0,4,0,4,2,1,0,11848.0,Gregory Reeves,,Gregory Reeves
11850,2023,2023,2,2,,,2,,0,True,False,0,13,,0.0,5,0,0.0,0,0,2,0,2,2,1,0,11850.0,Cory Wall,,Cory Wall
11853,2032,2032,1,1,,,1,,0,True,True,1,3,,0.0,0,0,0.0,0,0,1,0,1,0,2,0,11853.0,Xia Tang,,Xia Tang
11854,2032,2032,1,1,,,1,,0,True,True,1,3,,0.0,0,0,0.0,0,0,1,0,1,0,1,0,11854.0,Li Wen,,Li Wen
11856,2007,2007,1,1,2007,2007,1,0,0,True,False,0,0,33,0.0,0,0,0.0,0,0,2,0,2,0,2,0,11856.0,Xiulan Fu,,Xiulan Fu
11857,2007,2007,1,1,2007,2007,1,0,0,True,False,0,0,33,0.0,0,0,0.0,0,0,2,0,2,0,1,0,11857.0,Gregory Frost,,Gregory Frost
11858,2007,2023,2,2,2007,2023,1,0,16,True,False,0,1,17,0.0,0,0,0.0625,0,0,2,0,2,0,1,0,11858.0,Melinda Gregory,,Melinda Gregory
11860,2014,2014,1,1,,,1,,0,True,False,0,3,,0.0,1,0,0.0,0,0,1,0,1,1,1,0,11860.0,Paul Dunn,,Paul Dunn
11862,2026,2026,1,1,,,1,,0,True,True,0,1,,0.0,0,0,0.0,0,0,1,0,1,0,1,0,11862.0,Shannon Castro,,Shannon Castro
11863,2026,2026,1,1,,,1,,0,True,True,0,1,,0.0,0,0,0.0,0,0,1,0,1,0,1,0,11863.0,Christopher Hardy,,Christopher Hardy
11864,2026,2026,1,1,,,1,,0,True,True,0,1,,0.0,0,0,0.0,0,0,1,0,1,0,2,0,11864.0,Sarah Wheeler,,Sarah Wheeler
11867,2015,2015,1,1,2025,2025,1,10,0,True,False,0,1,15,0.0,0,0,0.0,0,0,1,0,1,0,2,0,11867.0,Catherine Bolton,,Catherine Bolton
11871,2028,2028,1,1,,,1,,0,True,True,0,2,,0.0,0,0,0.0,0,0,1,0,1,0,1,1,11871.0,Chao Yuan,,Chao Yuan
11872,2028,2028,1,1,,,1,,0,True,True,0,2,,0.0,0,0,0.0,0,0,1,0,1,0,1,1,11872.0,Jie Hu,,Jie Hu
11873,2028,2028,1,1,,,1,,0,True,True,0,2,,0.0,0,0,0.0,0,0,1,0,1,0,1,1,11873.0,Mariola Heser,,Mariola Heser
11874,2028,2028,1,1,,,1,,0,True,True,0,2,,0.0,0,0,0.0,0,0,1,0,1,0,1,1,11874.0,Xiulan Dong,,Xiulan Dong
11877,1994,1994,1,1,,,1,,0,True,False,0,0,,0.0,1,0,0.0,0,0,1,0,1,0,1,0,11877.0,Bianca Singleton,,Bianca Singleton
11879,2023,2023,1,1,,,1,,0,True,False,0,6,,0.0,1,0,0.0,0,0,1,0,1,1,1,0,11879.0,Jing Lu,,Jing Lu
11881,2006,2006,1,1,,,1,,0,True,False,0,1,,0.0,0,0,0.0,0,0,1,0,1,0,2,0,11881.0,Aitor Alcántara Diez,,Aitor Alcántara Diez
11882,2006,2006,1,1,,,1,,0,True,False,0,1,,0.0,0,0,0.0,0,0,1,0,1,0,2,0,11882.0,Jose Cerdán Paniagua,,Jose Cerdán Paniagua
11883,2003,2003,1,1,,,1,,0,True,False,0,1,,0.0,0,0,0.0,0,0,2,0,2,0,1,0,11883.0,Marianela Vila Zaragoza,,Marianela Vila Zaragoza
11884,2006,2006,1,1,,,1,,0,True,False,0,1,,0.0,0,0,0.0,0,0,1,0,1,0,1,0,11884.0,Flavio del Galán,,Flavio del Galán
11886,2004,2004,1,1,,,1,,0,True,False,0,2,,0.0,0,0,0.0,0,0,1,0,1,0,1,0,11886.0,Ildefonso Aragón Guerra,,Ildefonso Aragón Guerra
11887,2023,2023,1,1,2039,2039,1,16,0,True,False,0,1,1,0.9,0,0,0.0,0,0,1,0,1,0,2,0,11887.0,Sosimo Donaire Marí,,Sosimo Donaire Marí
11891,2023,2023,1,1,,,1,,0,True,False,0,1,,0.0,1,0,0.0,0,0,1,0,1,0,1,0,11891.0,Xia Bai,,Xia Bai
11892,2013,2023,2,2,,,2,,10,True,False,0,2,,0.0,1,0,0.3,0,0,2,0,2,0,1,0,11892.0,Tao Yuan,,Tao Yuan
11897,2013,2013,1,1,,,1,,0,True,False,0,1,,0.0,2,0,0.0,0,0,1,0,1,0,1,0,11897.0,Nino Veneziano,,Nino Veneziano
11898,2013,2013,1,1,,,1,,0,True,False,0,1,,0.0,2,0,0.0,0,0,1,0,1,0,1,0,11898.0,Lando Parri,,Lando Parri
11900,2020,2020,1,1,,,1,,0,True,False,0,2,,0.0,0,0,0.0,0,0,2,0,2,0,2,0,11900.0,Jordan Lutz,,Jordan Lutz
11901,2020,2020,1,1,,,1,,0,True,False,0,2,,0.0,0,0,0.0,0,0,2,0,2,0,1,0,11901.0,Jackie Johnston,,Jackie Johnston
11902,2020,2020,1,1,,,1,,0,True,False,0,2,,0.0,0,0,0.0,0,0,2,0,2,0,1,0,11902.0,Amber Nguyen,,Amber Nguyen
11903,2020,2020,1,1,,,1,,0,True,False,0,2,,0.0,0,0,0.0,0,0,2,0,2,0,1,0,11903.0,Angela Lopez,,Angela Lopez
11906,1997,2007,3,3,,,1,,10,True,False,0,3,,0.0,2,0,0.2721518987341772,0,0,2,0,2,0,1,0,11906.0,Katrina Hendricks,,Katrina Hendricks
11909,2023,2023,1,1,,,1,,0,True,False,0,0,,0.0,0,0,0.0,0,0,1,0,1,0,2,0,11909.0,Joyce Norris,,Joyce Norris
11913,2026,2026,1,1,2026,2026,1,0,0,True,True,0,1,14,0.0,0,0,0.0,0,0,0,0,0,0,2,0,11913.0,Guiying Peng,,Guiying Peng
11915,2027,2027,1,1,,,1,,0,True,True,0,2,,0.0,0,0,0.0,0,0,1,0,1,1,1,1,11915.0,Jun Qiu,BLAKK RAYN,BLAKK RAYN
11916,2027,2027,1,1,,,1,,0,True,True,0,2,,0.0,0,0,0.0,0,0,1,0,1,1,1,1,11916.0,Thomas Le,,Thomas Le
11917,2027,2027,1,1,,,1,,0,True,True,0,2,,0.0,0,0,0.0,0,0,1,0,1,1,1,1,11917.0,Calvin Cooper,,Calvin Cooper
11918,2027,2027,1,1,,,1,,0,True,True,0,2,,0.0,0,0,0.0,0,0,1,0,1,1,2,1,11918.0,Guiying Gong,,Guiying Gong
11919,2027,2027,1,1,,,1,,0,True,True,0,2,,0.0,0,0,0.0,0,0,1,0,1,1,1,1,11919.0,Xiuying Xu,,Xiuying Xu
11920,2027,2027,1,1,,,1,,0,True,True,0,2,,0.0,0,0,0.0,0,0,1,0,1,1,2,1,11920.0,Wei Liang,,Wei Liang
11921,2027,2027,1,1,,,1,,0,True,True,0,2,,0.0,0,0,0.0,0,0,1,0,1,1,1,1,11921.0,Lei Jin,,Lei Jin
11926,2023,2023,1,1,,,1,,0,True,False,0,1,,0.0,0,0,0.0,0,0,1,0,1,1,1,0,11926.0,Angela Collins,,Angela Collins
11927,2023,2023,1,1,,,1,,0,True,False,0,1,,0.0,0,0,0.0,0,0,1,0,1,1,2,0,11927.0,Mary White,,Mary White
11929,2023,2023,1,1,,,1,,0,True,False,0,1,,0.0,2,0,0.0,0,0,1,0,1,0,2,0,11929.0,Maggie-Margot Vallée,KXNG ECHO,KXNG ECHO
11930,2023,2023,1,1,,,1,,0,True,False,0,1,,0.0,2,0,0.0,0,0,1,0,1,0,2,0,11930.0,Stéphane Hernandez,,Stéphane Hernandez
11931,2023,2027,2,2,,,2,,4,True,False,0,6,,0.0,2,0,0.75,0,0,2,0,2,0,1,0,11931.0,Zoé Roux,,Zoé Roux
11932,2023,2027,2,2,,,2,,4,True,False,0,6,,0.0,2,0,0.75,0,0,2,0,2,0,1,0,11932.0,Nicolas Blanc,,Nicolas Blanc
11933,2023,2023,1,1,,,1,,0,True,False,0,1,,0.0,2,0,0.0,0,0,1,0,1,0,1,0,11933.0,Aurélie Traore de Grondin,,Aurélie Traore de Grondin
11934,2023,2023,1,1,,,1,,0,True,False,0,1,,0.0,2,0,0.0,0,0,1,0,1,0,2,0,11934.0,Élisabeth Vasseur,,Élisabeth Vasseur
11935,2023,2023,1,1,,,1,,0,True,False,0,1,,0.0,2,0,0.0,0,0,1,0,1,0,1,0,11935.0,Hélène Lévêque,,Hélène Lévêque
11937,2029,2029,1,1,,,1,,0,True,True,0,13,,0.0,1,0,0.0,0,0,1,0,1,1,1,0,11937.0,Ashley Mahoney,,Ashley Mahoney
11943,2020,2020,1,1,,,1,,0,True,False,0,1,,0.0,0,0,0.0,0,0,1,0,1,1,1,0,11943.0,Min Yin,,Min Yin
11946,2007,2007,1,1,,,1,,0,True,False,0,0,,0.0,1,0,0.0,0,0,1,0,1,0,1,0,11946.0,Ping Kong,,Ping Kong
11953,2024,2024,1,1,,,1,,0,True,False,0,1,,0.0,0,0,0.0,0,0,1,0,1,0,1,0,11953.0,Fang Qian,,Fang Qian
11954,2024,2024,1,1,,,1,,0,True,False,0,1,,0.0,0,0,0.0,0,0,1,0,1,0,2,0,11954.0,Gang Mao,,Gang Mao
11955,2024,2024,1,1,,,1,,0,True,False,0,1,,0.0,0,0,0.0,0,0,1,0,1,0,1,0,11955.0,Jie Fang,,Jie Fang
11960,2030,2030,1,1,,,1,,0,True,True,1,4,,0.0,0,0,0.0,0,0,0,0,0,1,1,0,11960.0,Stephanie Hanson,,Stephanie Hanson
11965,2013,2013,1,1,,,1,,0,True,False,0,0,,0.0,0,0,0.0,0,0,2,0,2,0,2,0,11965.0,Jun Qin,,Jun Qin
11968,2006,2006,1,1,,,1,,0,True,False,0,0,,0.0,0,0,0.0,0,0,2,0,2,0,1,0,11968.0,Jenny Dunn,,Jenny Dunn
11970,2006,2006,1,1,,,1,,0,True,False,0,0,,0.0,0,0,0.0,0,0,2,0,2,0,2,0,11970.0,Allison Duran,,Allison Duran
11971,2006,2006,1,1,,,1,,0,True,False,0,0,,0.0,0,0,0.0,0,0,2,0,2,0,1,0,11971.0,Brandon Payne,,Brandon Payne
11973,2026,2026,1,1,,,1,,0,True,True,0,2,,0.0,0,0,0.0,0,0,1,0,1,0,2,0,11973.0,Guiying Bai,,Guiying Bai
11974,2026,2026,1,1,,,1,,0,True,True,0,2,,0.0,0,0,0.0,0,0,1,0,1,0,1,0,11974.0,Jun Xie,,Jun Xie
11975,2026,2026,1,1,,,1,,0,True,True,0,2,,0.0,0,0,0.0,0,0,1,0,1,0,1,0,11975.0,Donald Nelson,,Donald Nelson
11976,2026,2026,1,1,,,1,,0,True,True,0,2,,0.0,0,0,0.0,0,0,1,0,1,0,2,0,11976.0,Na Meng,,Na Meng
11977,2026,2026,1,1,,,1,,0,True,True,0,2,,0.0,0,0,0.0,0,0,1,0,1,0,1,0,11977.0,Xiulan Lu,,Xiulan Lu
11979,2023,2023,1,1,,,1,,0,True,False,0,2,,0.0,2,0,0.0,0,0,1,0,1,0,1,1,11979.0,Jose Garrett,,Jose Garrett
11981,2023,2026,3,3,,,2,,3,True,False,0,5,,0.0,4,0,1.6666666666666667,1,0,1,0,1,0,3,0,11981.0,Maria Freeman,,Maria Freeman
11982,2023,2023,2,2,,,1,,0,True,False,0,3,,0.0,5,0,0.0,0,0,1,0,1,0,2,0,11982.0,Min Deng,,Min Deng
11983,2020,2026,6,5,,,4,,6,True,False,0,6,,0.0,4,0,2.3333333333333335,1,0,1,1,2,0,2,0,11983.0,Linda Reed,,Linda Reed
11986,2020,2020,1,1,,,1,,0,True,False,0,4,,0.0,1,0,0.0,0,0,1,0,1,1,1,0,11986.0,Xiulan Xie,,Xiulan Xie
11987,2020,2020,1,1,,,1,,0,True,False,0,4,,0.0,1,0,0.0,0,0,1,0,1,1,1,0,11987.0,Yang Jia,,Yang Jia
11988,2020,2020,1,1,,,1,,0,True,False,0,4,,0.0,1,0,0.0,0,0,1,0,1,1,1,0,11988.0,Ming Yao,,Ming Yao
11990,2007,2007,1,1,,,1,,0,True,False,0,1,,0.0,0,0,0.0,0,0,1,0,1,0,1,0,11990.0,Nina Flaiano,,Nina Flaiano
11992,2007,2007,1,1,,,1,,0,True,False,0,1,,0.0,0,0,0.0,0,0,1,0,1,0,1,0,11992.0,Venancio Belletini,,Venancio Belletini
11993,2007,2007,1,1,,,1,,0,True,False,0,1,,0.0,0,0,0.0,0,0,1,0,1,0,1,0,11993.0,Antonia Balotelli,,Antonia Balotelli
11994,2007,2007,1,1,,,1,,0,True,False,0,1,,0.0,0,0,0.0,0,0,1,0,1,0,1,0,11994.0,Piermaria Modugno,,Piermaria Modugno
11996,2026,2026,1,1,,,1,,0,True,True,0,2,,0.0,0,0,0.0,0,0,2,0,2,0,2,0,11996.0,Joshua Morrison,,Joshua Morrison
12000,2019,2019,1,1,,,1,,0,True,False,0,2,,0.0,0,0,0.0,0,0,1,0,1,1,2,0,12000.0,Angelica Ruiz,,Angelica Ruiz
12002,2026,2026,1,1,,,1,,0,True,True,0,5,,0.0,0,0,0.0,0,0,1,0,1,2,3,0,12002.0,Caroline Lloyd,,Caroline Lloyd
12005,2013,2013,1,1,,,1,,0,True,False,0,0,,0.0,0,0,0.0,0,0,0,0,0,0,2,0,12005.0,Advik Singh,,Advik Singh
12011,2003,2003,1,1,,,1,,0,True,False,0,0,,0.0,1,0,0.0,0,0,1,0,1,0,1,0,12011.0,Shray Agarwal,,Shray Agarwal
12012,2015,2025,2,2,,,1,,10,True,False,0,7,,0.0,0,0,0.0,0,0,1,0,1,0,2,0,12012.0,Jivika Tank,,Jivika Tank
12014,2026,2026,1,1,,,1,,0,True,True,0,4,,0.0,2,0,0.0,0,0,1,0,1,1,1,0,12014.0,Yang Shi,,Yang Shi
12016,2017,2017,1,1,2017,2017,1,0,0,True,False,0,0,23,0.0,0,0,0.0,0,0,1,0,1,0,2,0,12016.0,Jose Brown,,Jose Brown
12017,2017,2017,1,1,2017,2017,1,0,0,True,False,0,0,23,0.0,0,0,0.0,0,0,1,0,1,0,1,0,12017.0,Anthony Garcia,,Anthony Garcia
12019,2017,2017,1,1,2017,2017,1,0,0,True,False,0,0,23,0.0,0,0,0.0,0,0,1,0,1,0,1,0,12019.0,Erika Martin,,Erika Martin
12021,2004,2004,1,1,,,1,,0,True,False,0,1,,0.0,0,0,0.0,0,0,1,0,1,0,1,0,12021.0,Kimberly Murphy,,Kimberly Murphy
12022,2004,2004,1,1,,,1,,0,True,False,0,1,,0.0,0,0,0.0,0,0,1,0,1,0,2,0,12022.0,Donna Nelson,,Donna Nelson
12024,2004,2004,1,1,,,1,,0,True,False,0,1,,0.0,0,0,0.0,0,0,1,0,1,0,1,0,12024.0,Joseph Dillon,,Joseph Dillon
12026,2011,2013,2,2,2011,2013,1,0,2,True,False,0,5,27,0.0,2,0,0.5,0,0,3,0,3,1,1,0,12026.0,Na Ma,,Na Ma
12028,2026,2026,1,1,,,1,,0,True,True,0,1,,0.0,1,0,0.0,0,0,1,0,1,0,1,0,12028.0,Xiulan Kong,L1L SPECTR,L1L SPECTR
12030,2026,2026,1,1,,,1,,0,True,True,0,1,,0.0,1,0,0.0,0,0,1,0,1,0,1,0,12030.0,Jie Ren,,Jie Ren
12032,2029,2029,1,1,2029,2029,1,0,0,True,True,0,1,11,0.0,0,0,0.0,0,0,1,0,1,0,2,0,12032.0,Kayla Martinez,,Kayla Martinez
12033,2029,2029,1,1,2029,2029,1,0,0,True,True,0,1,11,0.0,0,0,0.0,0,0,1,0,1,0,1,0,12033.0,Thomas Mccoy,,Thomas Mccoy
12038,2027,2027,1,1,,,1,,0,True,True,0,1,,0.0,0,0,0.0,0,0,1,0,1,0,2,0,12038.0,Xiuying Tan,,Xiuying Tan
12040,1991,1991,1,1,,,1,,0,True,False,0,1,,0.0,0,0,0.0,0,0,2,0,2,0,2,0,12040.0,Robert Johnson,,Robert Johnson
12044,2023,2023,3,3,2023,2023,2,0,0,True,False,0,15,17,0.0,14,0,0.0,0,0,3,0,3,2,1,0,12044.0,Hinrich Weimer,,Hinrich Weimer
12046,2024,2024,1,1,2024,2024,1,0,0,True,False,0,1,16,0.0,1,0,0.0,0,0,1,0,1,0,1,0,12046.0,David Higgins,,David Higgins
12047,2024,2024,1,1,2024,2024,1,0,0,True,False,0,1,16,0.0,1,0,0.0,0,0,1,0,1,0,2,0,12047.0,Thomas Stephens,,Thomas Stephens
12050,2020,2020,1,0,,,1,,0,True,False,0,1,,0.0,0,0,0.0,0,0,1,0,1,0,1,0,12050.0,Jing Song,,Jing Song
12051,2020,2020,1,0,,,1,,0,True,False,0,1,,0.0,0,0,0.0,0,0,1,0,1,0,1,0,12051.0,Ping Duan,,Ping Duan
12053,2010,2013,3,3,,,2,,3,True,False,0,2,,0.0,0,0,1.3333333333333333,0,0,2,0,2,0,1,0,12053.0,Sarah Gardner, Bishop, Bishop
12055,2010,2013,2,2,,,2,,3,True,False,0,1,,0.0,1,0,0.6666666666666666,0,0,1,0,1,0,2,0,12055.0,Francisco Krein-Möchlichen,,Francisco Krein-Möchlichen
12056,2010,2013,2,2,,,2,,3,True,False,0,1,,0.0,1,0,0.6666666666666666,0,0,1,0,1,0,2,0,12056.0,Michael Maddox,,Michael Maddox
12059,1990,1990,1,1,,,1,,0,True,False,0,0,,0.0,0,0,0.0,0,0,1,0,1,0,1,0,12059.0,Juliusz Kominiak,,Juliusz Kominiak
12062,2029,2029,1,1,,,1,,0,True,True,0,2,,0.0,0,0,0.0,0,0,1,0,1,0,2,0,12062.0,Ming Yao,,Ming Yao
12063,2029,2029,1,1,,,1,,0,True,True,0,2,,0.0,0,0,0.0,0,0,1,0,1,0,1,0,12063.0,Ping Lu,,Ping Lu
12070,2024,2024,1,1,,,1,,0,True,False,0,3,,0.0,0,0,0.0,0,0,1,0,1,1,2,2,12070.0,Gang Yang,,Gang Yang
12071,2024,2024,1,1,,,1,,0,True,False,0,3,,0.0,0,0,0.0,0,0,1,0,1,1,1,2,12071.0,David Nash,,David Nash
12074,2020,2020,1,1,,,1,,0,True,False,0,1,,0.0,1,0,0.0,0,0,2,0,2,1,1,0,12074.0,Tracy Jones,,Tracy Jones
12075,2020,2020,1,1,,,1,,0,True,False,0,1,,0.0,1,0,0.0,0,0,2,0,2,1,1,0,12075.0,Michele Johnson,,Michele Johnson
12076,2020,2020,1,1,,,1,,0,True,False,0,1,,0.0,1,0,0.0,0,0,2,0,2,1,1,0,12076.0,Tina Cook,,Tina Cook
12078,2020,2020,1,1,,,1,,0,True,False,0,1,,0.0,1,0,0.0,0,0,2,0,2,1,1,0,12078.0,Matthew Mclean,,Matthew Mclean
12082,2017,2028,4,2,,,3,,11,True,False,0,5,,0.0,0,0,0.7162162162162162,0,0,3,0,3,0,1,0,12082.0,Rolando Gagliardi,,Rolando Gagliardi
12083,2017,2017,1,0,,,1,,0,True,False,0,0,,0.0,0,0,0.0,0,0,1,0,1,0,2,0,12083.0,Vanessa Leon,,Vanessa Leon
12084,2017,2017,1,0,,,1,,0,True,False,0,0,,0.0,0,0,0.0,0,0,1,0,1,0,1,0,12084.0,Annalisa Saragat-Pininfarina,,Annalisa Saragat-Pininfarina
12085,2017,2017,1,0,,,1,,0,True,False,0,0,,0.0,0,0,0.0,0,0,1,0,1,0,1,0,12085.0,Lolita Speri,,Lolita Speri
12087,2017,2017,1,0,,,1,,0,True,False,0,0,,0.0,0,0,0.0,0,0,1,0,1,0,1,0,12087.0,Adrian Bridges,,Adrian Bridges
12092,1997,1997,1,1,,,1,,0,True,False,0,0,,0.0,0,0,0.0,0,0,1,0,1,0,1,0,12092.0,Katherine Sullivan,,Katherine Sullivan
12093,1997,1997,1,1,,,1,,0,True,False,0,0,,0.0,0,0,0.0,0,0,1,0,1,0,1,0,12093.0,Rachel Jones,,Rachel Jones
12094,1997,1997,1,1,,,1,,0,True,False,0,0,,0.0,0,0,0.0,0,0,1,0,1,0,1,0,12094.0,Nicole Flynn,,Nicole Flynn
12096,1997,1997,1,1,,,1,,0,True,False,0,0,,0.0,0,0,0.0,0,0,1,0,1,0,1,0,12096.0,Jennifer Hunt,,Jennifer Hunt
12097,1997,2004,2,2,,,2,,7,True,False,0,1,,0.0,0,0,0.42857142857142855,0,0,2,0,2,0,1,0,12097.0,Laura Braun,,Laura Braun
12101,2013,2013,1,0,,,1,,0,True,False,0,2,,0.0,1,0,0.0,0,0,1,0,1,0,1,0,12101.0,Phillip Barnes,Radiant,Radiant
12108,2025,2025,1,1,,,1,,0,True,True,0,0,,0.0,0,0,0.0,0,0,1,0,1,0,2,0,12108.0,Chao Dong,,Chao Dong
12110,2013,2013,1,1,,,1,,0,True,False,0,1,,0.0,0,0,0.0,0,0,1,0,1,1,2,0,12110.0,Mayte Salvà Durán,,Mayte Salvà Durán
12111,2013,2013,1,1,,,1,,0,True,False,0,1,,0.0,0,0,0.0,0,0,1,0,1,1,1,0,12111.0,Fabiana Narváez Vazquez,,Fabiana Narváez Vazquez
12113,2013,2013,1,1,,,1,,0,True,False,0,1,,0.0,0,0,0.0,0,0,1,0,1,1,1,0,12113.0,Ariel Falcó Narváez,,Ariel Falcó Narváez
12114,2013,2013,1,1,,,1,,0,True,False,0,1,,0.0,0,0,0.0,0,0,1,0,1,1,1,0,12114.0,Borja Santamaria-Adán,,Borja Santamaria-Adán
12115,2013,2013,1,1,,,1,,0,True,False,0,1,,0.0,0,0,0.0,0,0,1,0,1,1,1,0,12115.0,Nico Castellanos García,,Nico Castellanos García
12116,2013,2013,1,1,,,1,,0,True,False,0,1,,0.0,0,0,0.0,0,0,1,0,1,1,1,0,12116.0,Mohamed Cazorla,,Mohamed Cazorla
12117,2013,2013,1,1,,,1,,0,True,False,0,1,,0.0,0,0,0.0,0,0,1,0,1,1,1,0,12117.0,Amancio Delgado Morata,,Amancio Delgado Morata
12119,2013,2013,1,1,,,1,,0,True,False,0,1,,0.0,0,0,0.0,0,0,1,0,1,1,1,0,12119.0,Paula Mendizábal Alegria,,Paula Mendizábal Alegria
12121,2024,2024,1,1,2024,2024,1,0,0,True,False,0,1,16,0.0,3,0,0.0,0,0,1,0,1,0,1,0,12121.0,Anna Glass,,Anna Glass
12122,2024,2024,1,1,2024,2024,1,0,0,True,False,0,1,16,0.0,3,0,0.0,0,0,1,0,1,0,1,0,12122.0,Rebecca Robinson,,Rebecca Robinson
12123,2024,2024,1,1,2024,2024,1,0,0,True,False,0,1,16,0.0,3,0,0.0,0,0,1,0,1,0,1,0,12123.0,Jamie Terry,,Jamie Terry
12124,2024,2024,1,1,2024,2024,1,0,0,True,False,0,1,16,0.0,3,0,0.0,0,0,1,0,1,0,1,0,12124.0,Samuel Thompson,,Samuel Thompson
12127,2004,2004,1,1,,,1,,0,True,False,0,1,,0.0,1,0,0.0,0,0,1,0,1,0,2,0,12127.0,Michael Frank,,Michael Frank
12128,2004,2026,2,2,2026,2026,2,22,22,True,False,0,3,14,0.0,1,0,0.18181818181818182,0,0,2,0,2,1,1,0,12128.0,Xia Kang,,Xia Kang
12129,2004,2004,1,1,,,1,,0,True,False,0,1,,0.0,1,0,0.0,0,0,1,0,1,0,1,0,12129.0,Na Liao,,Na Liao
12132,2023,2023,1,1,2023,2023,1,0,0,True,False,0,5,17,0.0,0,0,0.0,0,0,1,0,1,1,1,0,12132.0,Ashley Hernandez,,Ashley Hernandez
12134,2023,2023,1,1,2023,2023,1,0,0,True,False,0,5,17,0.0,0,0,0.0,0,0,1,0,1,1,2,0,12134.0,Joseph Walton,,Joseph Walton
12135,2023,2023,1,1,2023,2023,1,0,0,True,False,0,5,17,0.0,0,0,0.0,0,0,1,0,1,1,1,0,12135.0,Cory Carr,,Cory Carr
12136,2023,2023,1,1,2023,2023,1,0,0,True,False,0,5,17,0.0,0,0,0.0,0,0,1,0,1,1,1,0,12136.0,Christine Anderson,,Christine Anderson
12139,2030,2030,1,1,,,1,,0,True,True,1,5,,0.0,2,0,0.0,0,0,1,0,1,0,1,2,12139.0,Amber Smith,,Amber Smith
12140,2030,2030,1,1,,,1,,0,True,True,1,5,,0.0,2,0,0.0,0,0,1,0,1,0,1,2,12140.0,Gang Zhu,,Gang Zhu
12141,2030,2030,1,1,,,1,,0,True,True,1,5,,0.0,2,0,0.0,0,0,1,0,1,0,1,2,12141.0,Min Tian,,Min Tian
12143,2028,2028,2,2,,,2,,0,True,True,0,1,,0.0,0,0,0.0,0,0,1,0,1,0,2,0,12143.0,Robert Nunez,LO KEYZ,LO KEYZ
12144,2028,2028,1,1,,,1,,0,True,True,0,0,,0.0,0,0,0.0,0,0,1,0,1,0,1,0,12144.0,Ming Duan,,Ming Duan
12145,2028,2028,1,1,,,1,,0,True,True,0,0,,0.0,0,0,0.0,0,0,1,0,1,0,2,0,12145.0,Guiying Xiang,,Guiying Xiang
12149,2022,2022,1,1,,,1,,0,True,False,0,0,,0.0,0,0,0.0,0,0,0,0,0,0,2,0,12149.0,Yan Hou,,Yan Hou
12151,2007,2007,1,1,2007,2007,1,0,0,True,False,0,1,33,0.0,0,0,0.0,0,0,1,0,1,0,1,0,12151.0,Chao Zeng,,Chao Zeng
12152,2023,2023,1,1,,,1,,0,True,False,0,3,,0.0,1,0,0.0,0,0,2,0,2,0,2,1,12152.0,Tao Xu,,Tao Xu
12153,2007,2007,1,1,2007,2007,1,0,0,True,False,0,1,33,0.0,0,0,0.0,0,0,1,0,1,0,1,0,12153.0,Xiulan Liu,,Xiulan Liu
12154,2027,2027,1,1,,,1,,0,True,True,0,0,,0.0,0,0,0.0,0,0,1,0,1,0,1,0,12154.0,Yan Zou,,Yan Zou
12155,2007,2026,2,2,2007,2007,1,0,19,True,False,0,7,33,0.0,1,0,0.3157894736842105,0,0,2,0,2,0,2,5,12155.0,Yang Pan,,Yang Pan
12157,2013,2013,1,1,,,1,,0,True,False,0,1,,0.0,0,0,0.0,0,0,1,0,1,0,1,0,12157.0,Ping Qiao,,Ping Qiao
12158,2013,2013,1,1,,,1,,0,True,False,0,1,,0.0,0,0,0.0,0,0,1,0,1,0,1,0,12158.0,Jie Meng,,Jie Meng
12159,2013,2013,1,1,,,1,,0,True,False,0,1,,0.0,0,0,0.0,0,0,1,0,1,0,2,0,12159.0,Ping Su,,Ping Su
12160,2013,2013,1,1,,,1,,0,True,False,0,1,,0.0,0,0,0.0,0,0,1,0,1,0,1,0,12160.0,Guiying Tian,,Guiying Tian
12165,2030,2030,1,1,,,1,,0,True,True,1,3,,0.0,0,0,0.0,0,0,1,0,1,2,1,0,12165.0,Jie Cheng,,Jie Cheng
12166,2030,2030,1,1,,,1,,0,True,True,1,3,,0.0,0,0,0.0,0,0,1,0,1,2,2,0,12166.0,Li Pan,,Li Pan
12167,2030,2030,1,1,,,1,,0,True,True,1,3,,0.0,0,0,0.0,0,0,1,0,1,2,1,0,12167.0,Yan Li,,Yan Li
12168,2030,2030,1,1,,,1,,0,True,True,1,3,,0.0,0,0,0.0,0,0,1,0,1,2,1,0,12168.0,Yang Song,,Yang Song
12170,2020,2020,1,1,,,1,,0,True,False,0,0,,0.0,0,0,0.0,0,0,1,0,1,0,1,0,12170.0,Gregory Huffman,,Gregory Huffman
12171,2020,2020,1,1,,,1,,0,True,False,0,0,,0.0,0,0,0.0,0,0,1,0,1,0,1,0,12171.0,Terry Clark,,Terry Clark
12172,2020,2020,1,1,,,1,,0,True,False,0,0,,0.0,0,0,0.0,0,0,1,0,1,0,1,0,12172.0,Timothy Lopez,,Timothy Lopez
12174,2023,2023,1,1,,,1,,0,True,False,0,1,,0.0,1,0,0.0,0,0,1,0,1,0,1,0,12174.0,Betty Faulkner,,Betty Faulkner
12175,2023,2023,1,1,,,1,,0,True,False,0,1,,0.0,1,0,0.0,0,0,1,0,1,0,1,0,12175.0,James Cruz,,James Cruz
12176,2023,2023,1,1,,,1,,0,True,False,0,1,,0.0,1,0,0.0,0,0,1,0,1,0,1,0,12176.0,Daniel Cross,,Daniel Cross
12177,2023,2023,1,1,,,1,,0,True,False,0,1,,0.0,1,0,0.0,0,0,1,0,1,0,1,0,12177.0,Sarah Benson,,Sarah Benson
12180,2029,2029,1,0,,,1,,0,True,True,0,1,,0.0,0,0,0.0,0,0,0,0,0,0,2,0,12180.0,Tabitha Jones,,Tabitha Jones
12181,2029,2029,1,0,,,1,,0,True,True,0,1,,0.0,0,0,0.0,0,0,0,0,0,0,1,0,12181.0,Tyler Austin,,Tyler Austin
12182,2029,2029,1,0,,,1,,0,True,True,0,1,,0.0,0,0,0.0,0,0,0,0,0,0,1,0,12182.0,Nina Anders,,Nina Anders
12183,2029,2029,1,0,,,1,,0,True,True,0,1,,0.0,0,0,0.0,0,0,0,0,0,0,1,0,12183.0,Jennifer Ruiz,,Jennifer Ruiz
12184,2029,2029,1,0,,,1,,0,True,True,0,1,,0.0,0,0,0.0,0,0,0,0,0,0,1,0,12184.0,Beth Walters,,Beth Walters
12185,2029,2029,1,0,,,1,,0,True,True,0,1,,0.0,0,0,0.0,0,0,0,0,0,0,1,0,12185.0,Rachel Luna,,Rachel Luna
12187,2029,2029,1,0,,,1,,0,True,True,0,1,,0.0,0,0,0.0,0,0,0,0,0,0,1,0,12187.0,Sharon Sanchez,,Sharon Sanchez
12188,2029,2029,1,0,,,1,,0,True,True,0,1,,0.0,0,0,0.0,0,0,0,0,0,0,1,0,12188.0,Andrew Oneill,,Andrew Oneill
12191,2023,2023,1,1,2023,2023,1,0,0,True,False,0,3,17,0.0,0,0,0.0,0,0,2,0,2,1,1,0,12191.0,Michael Baker,,Michael Baker
12192,2023,2023,1,1,2023,2023,1,0,0,True,False,0,3,17,0.0,0,0,0.0,0,0,2,0,2,1,1,0,12192.0,Fang Ma,,Fang Ma
12193,2023,2023,1,1,2023,2023,1,0,0,True,False,0,3,17,0.0,0,0,0.0,0,0,2,0,2,1,2,0,12193.0,Yang Cheng,,Yang Cheng
12197,2024,2024,1,1,,,1,,0,True,False,0,3,,0.0,0,0,0.0,0,0,0,0,0,0,1,0,12197.0,Michelle Davis,,Michelle Davis
12198,2024,2024,1,1,,,1,,0,True,False,0,3,,0.0,0,0,0.0,0,0,0,0,0,0,2,0,12198.0,Ryan Howard,,Ryan Howard
12201,2023,2023,1,1,,,1,,0,True,False,0,1,,0.0,0,0,0.0,0,0,1,0,1,0,2,0,12201.0,Piya Ravel,,Piya Ravel
12203,2018,2018,1,1,,,1,,0,True,False,0,3,,0.0,0,0,0.0,0,0,1,0,1,0,2,0,12203.0,Joe Mccarthy,,Joe Mccarthy
12206,2015,2015,1,1,,,1,,0,True,False,0,0,,0.0,0,0,0.0,0,0,1,0,1,0,1,0,12206.0,Xiulan He,,Xiulan He
12207,2015,2015,1,1,,,1,,0,True,False,0,0,,0.0,0,0,0.0,0,0,1,0,1,0,1,0,12207.0,Jing Mao,,Jing Mao
12208,2015,2015,1,1,,,1,,0,True,False,0,0,,0.0,0,0,0.0,0,0,1,0,1,0,2,0,12208.0,Jing Long,,Jing Long
12212,2000,2000,1,1,,,1,,0,True,False,0,0,,0.0,0,0,0.0,0,0,1,0,1,0,1,0,12212.0,Rosita Vollbrecht,,Rosita Vollbrecht
12214,2023,2023,1,1,,,1,,0,True,False,0,3,,0.0,0,0,0.0,0,0,1,0,1,0,2,1,12214.0,Heather Kennedy,,Heather Kennedy
12215,2023,2023,1,1,,,1,,0,True,False,0,3,,0.0,0,0,0.0,0,0,1,0,1,0,1,1,12215.0,Eric Armstrong,,Eric Armstrong
12216,2023,2023,1,1,,,1,,0,True,False,0,3,,0.0,0,0,0.0,0,0,1,0,1,0,2,1,12216.0,Tina Spencer,,Tina Spencer
12219,2028,2028,1,1,,,1,,0,True,True,0,1,,0.0,1,0,0.0,0,0,1,0,1,0,2,0,12219.0,Matthew Phillips, Max Power, Max Power
12221,2030,2030,1,1,,,1,,0,True,True,1,1,,0.0,0,0,0.0,0,0,2,0,2,0,1,0,12221.0,Deanna Green,Orpheon Drive,Orpheon Drive
12222,2030,2030,1,1,,,1,,0,True,True,1,1,,0.0,0,0,0.0,0,0,2,0,2,0,2,0,12222.0,Tracy Camacho,,Tracy Camacho
12224,2030,2030,1,1,,,1,,0,True,True,1,1,,0.0,0,0,0.0,0,0,2,0,2,0,1,0,12224.0,Robert Stephens,,Robert Stephens
12225,2030,2030,1,1,,,1,,0,True,True,1,1,,0.0,0,0,0.0,0,0,2,0,2,0,1,0,12225.0,Kristin Thomas,,Kristin Thomas
12226,2030,2030,1,1,,,1,,0,True,True,1,1,,0.0,0,0,0.0,0,0,2,0,2,0,1,0,12226.0,Miguel Shelton,,Miguel Shelton
12227,2030,2030,1,1,,,1,,0,True,True,1,1,,0.0,0,0,0.0,0,0,2,0,2,0,1,0,12227.0,Rebecca Ramirez,,Rebecca Ramirez
12229,2030,2030,1,1,,,1,,0,True,True,1,1,,0.0,0,0,0.0,0,0,2,0,2,0,1,0,12229.0,Henry Ortega,,Henry Ortega
12232,2017,2017,1,1,,,1,,0,True,False,0,1,,0.0,0,0,0.0,0,0,1,0,1,0,2,0,12232.0,Yan Lei,,Yan Lei
12236,2004,2004,1,1,,,1,,0,True,False,0,1,,0.0,0,0,0.0,0,0,1,0,1,0,1,0,12236.0,Qiang Gao,,Qiang Gao
12238,2023,2023,1,1,,,1,,0,True,False,0,0,,0.0,1,0,0.0,1,0,1,0,1,0,1,0,12238.0,Lei Fu,,Lei Fu
12239,2023,2023,1,1,,,1,,0,True,False,0,0,,0.0,1,0,0.0,1,0,1,0,1,0,2,0,12239.0,Yan Dai,,Yan Dai
12240,2023,2023,1,1,,,1,,0,True,False,0,0,,0.0,1,0,0.0,1,0,1,0,1,0,1,0,12240.0,Daniel Mccormick,,Daniel Mccormick
12241,2023,2023,1,1,,,1,,0,True,False,0,0,,0.0,1,0,0.0,1,0,1,0,1,0,1,0,12241.0,Lei Jin,,Lei Jin
12243,2000,2000,1,1,,,1,,0,True,False,0,0,,0.0,0,0,0.0,0,0,1,0,1,0,1,0,12243.0,Beverly Powell,,Beverly Powell
12246,2007,2017,2,2,,,2,,10,True,False,0,1,,0.0,0,0,0.3,0,0,2,0,2,0,1,0,12246.0,Juan Yang,,Juan Yang
12247,2017,2023,2,2,,,1,,6,True,False,0,3,,0.0,0,0,0.16666666666666666,0,0,1,0,1,0,2,0,12247.0,Min Lei,,Min Lei
12248,2017,2023,2,2,,,1,,6,True,False,0,3,,0.0,0,0,0.16666666666666666,0,0,1,0,1,0,1,0,12248.0,Thomas Walsh,,Thomas Walsh
12251,2025,2025,1,1,,,1,,0,True,True,0,7,,0.0,0,0,0.0,0,0,2,0,2,1,1,0,12251.0,Min Xu,,Min Xu
12252,2025,2025,1,1,,,1,,0,True,True,0,7,,0.0,0,0,0.0,0,0,2,0,2,1,1,0,12252.0,Juan Song,,Juan Song
12253,2025,2025,1,1,,,1,,0,True,True,0,7,,0.0,0,0,0.0,0,0,2,0,2,1,1,0,12253.0,Chao Ren,,Chao Ren
12255,2025,2025,1,1,,,1,,0,True,True,0,7,,0.0,0,0,0.0,0,0,2,0,2,1,1,0,12255.0,Fang Yi,,Fang Yi
12256,2025,2025,1,1,,,1,,0,True,True,0,7,,0.0,0,0,0.0,0,0,2,0,2,1,1,0,12256.0,Xia Chang,,Xia Chang
12257,2025,2025,1,1,,,1,,0,True,True,0,7,,0.0,0,0,0.0,0,0,2,0,2,1,1,0,12257.0,Xiuying Ye,,Xiuying Ye
12258,2025,2025,1,1,,,1,,0,True,True,0,7,,0.0,0,0,0.0,0,0,2,0,2,1,1,0,12258.0,Lei Qiu,,Lei Qiu
12261,2026,2026,1,1,2026,2026,1,0,0,True,True,0,1,14,0.0,0,0,0.0,0,0,0,0,0,1,1,0,12261.0,Shlok Cherian,,Shlok Cherian
12265,2025,2025,1,1,,,1,,0,True,True,0,1,,0.0,0,0,0.0,0,0,2,0,2,0,1,0,12265.0,Matthew Davidson,,Matthew Davidson
12267,2017,2017,1,1,,,1,,0,True,False,0,1,,0.0,0,0,0.0,0,0,2,0,2,0,1,0,12267.0,Kimberly Moore,,Kimberly Moore
12268,2017,2017,1,1,,,1,,0,True,False,0,1,,0.0,0,0,0.0,0,0,2,0,2,0,1,0,12268.0,Kristy Miller,,Kristy Miller
12269,2017,2017,1,1,,,1,,0,True,False,0,1,,0.0,0,0,0.0,0,0,2,0,2,0,1,0,12269.0,Min Cai,,Min Cai
12271,2013,2013,1,1,,,1,,0,True,False,0,1,,0.0,0,0,0.0,0,0,1,0,1,0,1,0,12271.0,Jun Yi,,Jun Yi
12272,2013,2013,1,1,,,1,,0,True,False,0,1,,0.0,0,0,0.0,0,0,1,0,1,0,1,0,12272.0,Xia Yu,,Xia Yu
12274,2000,2000,1,1,,,1,,0,True,False,0,0,,0.0,0,0,0.0,0,0,1,0,1,0,1,0,12274.0,Gina Cox, Kenna, Kenna
12277,2027,2027,1,1,,,1,,0,True,True,0,2,,0.0,0,0,0.0,0,0,2,0,2,1,2,0,12277.0,Lei Shao, Beck, Beck
12280,2027,2027,1,1,,,1,,0,True,True,0,2,,0.0,0,0,0.0,0,0,2,0,2,1,1,0,12280.0,Jing Ding,,Jing Ding
12281,2027,2027,1,1,,,1,,0,True,True,0,2,,0.0,0,0,0.0,0,0,2,0,2,1,1,0,12281.0,Todd Molina,,Todd Molina
12283,2027,2027,1,1,2027,2027,1,0,0,True,True,0,6,13,0.0,1,0,0.0,0,0,1,0,1,0,1,0,12283.0,Yong Tan,,Yong Tan
12284,2027,2027,1,1,2027,2027,1,0,0,True,True,0,6,13,0.0,1,0,0.0,0,0,1,0,1,0,1,0,12284.0,Li Jin,,Li Jin
12285,2023,2027,3,3,2023,2027,3,0,4,True,False,0,10,13,0.0,0,0,0.9230769230769229,0,0,2,0,2,0,1,1,12285.0,Li Li,,Li Li
12286,2023,2023,1,1,2023,2023,1,0,0,True,False,0,3,17,0.0,1,0,0.0,0,0,1,0,1,0,2,1,12286.0,Ping Meng,,Ping Meng
12287,2023,2023,1,1,2023,2023,1,0,0,True,False,0,3,17,0.0,1,0,0.0,0,0,1,0,1,0,3,1,12287.0,Ryan Adams,,Ryan Adams
12288,2023,2023,1,1,2023,2023,1,0,0,True,False,0,3,17,0.0,1,0,0.0,0,0,1,0,1,0,2,1,12288.0,Min Huang,,Min Huang
12290,2029,2029,1,1,,,1,,0,True,True,0,1,,0.0,0,0,0.0,0,0,1,0,1,0,2,0,12290.0,Andrea Green,,Andrea Green
12295,2019,2019,1,1,,,1,,0,True,False,0,1,,0.0,0,0,0.0,0,0,1,0,1,0,1,0,12295.0,Li Ma,Myriad,Myriad
12296,2019,2019,1,1,,,1,,0,True,False,0,1,,0.0,0,0,0.0,0,0,1,0,1,0,2,0,12296.0,Gang Fu,,Gang Fu
12298,2019,2019,1,1,,,1,,0,True,False,0,1,,0.0,0,0,0.0,0,0,1,0,1,0,1,0,12298.0,Xia Duan,,Xia Duan
12299,2019,2019,1,1,,,1,,0,True,False,0,1,,0.0,0,0,0.0,0,0,1,0,1,0,1,0,12299.0,Gang Fu,,Gang Fu
12302,2026,2026,1,1,,,1,,0,True,True,0,2,,0.0,0,0,0.0,0,0,1,0,1,1,1,0,12302.0,Ming Yao, Indigo Storm, Indigo Storm
12303,2026,2026,1,1,,,1,,0,True,True,0,2,,0.0,0,0,0.0,0,0,1,0,1,1,2,0,12303.0,Fang Xiao,,Fang Xiao
12304,2026,2026,1,1,,,1,,0,True,True,0,2,,0.0,0,0,0.0,0,0,1,0,1,1,1,0,12304.0,Chao Xiong,,Chao Xiong
12305,2026,2026,1,1,,,1,,0,True,True,0,2,,0.0,0,0,0.0,0,0,1,0,1,1,2,0,12305.0,Yang He,,Yang He
12306,2026,2026,1,1,,,1,,0,True,True,0,2,,0.0,0,0,0.0,0,0,1,0,1,1,1,0,12306.0,Yan Cheng,,Yan Cheng
12307,2026,2026,1,1,,,1,,0,True,True,0,2,,0.0,0,0,0.0,0,0,1,0,1,1,1,0,12307.0,Yan Long,,Yan Long
12311,2020,2020,1,1,,,1,,0,True,False,0,0,,0.0,1,0,0.0,0,0,1,0,1,0,2,0,12311.0,Richard Gonzales,,Richard Gonzales
12312,2016,2025,3,3,,,3,,9,True,False,0,3,,0.0,2,0,0.5655737704918031,0,0,4,0,4,1,2,0,12312.0,Wei Hu,,Wei Hu
12314,2025,2025,1,1,,,1,,0,True,True,0,3,,0.0,3,0,0.0,0,0,2,0,2,1,1,0,12314.0,Xia Han,,Xia Han
12315,2025,2025,1,1,,,1,,0,True,True,0,3,,0.0,3,0,0.0,0,0,2,0,2,1,1,0,12315.0,Yan Ren,,Yan Ren
12318,2021,2021,1,1,,,1,,0,True,False,0,1,,0.0,0,0,0.0,0,0,1,0,1,0,1,0,12318.0,Alicia Smith,,Alicia Smith
12319,2021,2021,1,1,,,1,,0,True,False,0,1,,0.0,0,0,0.0,0,0,1,0,1,0,1,0,12319.0,Mary Freeman,,Mary Freeman
12323,2029,2029,1,1,,,1,,0,True,True,0,1,,0.0,2,0,0.0,0,0,1,0,1,0,1,0,12323.0,Matthew Lopez,,Matthew Lopez
12324,2029,2029,1,1,,,1,,0,True,True,0,1,,0.0,2,0,0.0,0,0,1,0,1,0,1,0,12324.0,Linda Garza,,Linda Garza
12325,2029,2029,1,1,,,1,,0,True,True,0,1,,0.0,2,0,0.0,0,0,1,0,1,0,1,0,12325.0,Jie Du,,Jie Du
12326,2029,2029,1,1,,,1,,0,True,True,0,1,,0.0,2,0,0.0,0,0,1,0,1,0,1,0,12326.0,Ming Ma,,Ming Ma
12327,2029,2029,1,1,,,1,,0,True,True,0,1,,0.0,2,0,0.0,0,0,1,0,1,0,1,0,12327.0,Fang Feng,,Fang Feng
12330,2026,2026,1,1,2036,2036,1,10,0,True,True,0,1,4,0.6,1,0,0.0,0,0,1,0,1,0,2,0,12330.0,Yong Hu,,Yong Hu
12331,2026,2026,1,1,2036,2036,1,10,0,True,True,0,1,4,0.6,1,0,0.0,0,0,1,0,1,0,1,0,12331.0,Lei Qiao,,Lei Qiao
12334,2013,2013,1,1,,,1,,0,True,False,0,1,,0.0,1,0,0.0,0,0,1,0,1,1,2,0,12334.0,Xiulan Jiang,,Xiulan Jiang
12335,2013,2013,1,1,,,1,,0,True,False,0,1,,0.0,1,0,0.0,0,0,1,0,1,1,1,0,12335.0,Fang Shen,,Fang Shen
12336,2013,2013,1,1,,,1,,0,True,False,0,1,,0.0,1,0,0.0,0,0,1,0,1,1,1,0,12336.0,Yang Ma,,Yang Ma
12337,2013,2028,4,4,2025,2025,2,12,15,True,False,0,6,15,0.0,3,0,0.8773747841105354,0,0,3,1,4,2,2,0,12337.0,Li Lin,,Li Lin
12339,2020,2020,1,1,,,1,,0,True,False,0,1,,0.0,1,0,0.0,0,0,1,0,1,0,1,0,12339.0,Juan Yin,,Juan Yin
12340,2020,2020,1,1,,,1,,0,True,False,0,1,,0.0,1,0,0.0,0,0,1,0,1,0,1,0,12340.0,Jose White,,Jose White
12341,2020,2020,1,1,,,1,,0,True,False,0,1,,0.0,1,0,0.0,0,0,1,0,1,0,1,0,12341.0,Xiuying Lei,,Xiuying Lei
12342,2020,2020,1,1,,,1,,0,True,False,0,1,,0.0,1,0,0.0,0,0,1,0,1,0,2,0,12342.0,Erin Moses,,Erin Moses
12343,2020,2020,1,1,,,1,,0,True,False,0,1,,0.0,1,0,0.0,0,0,1,0,1,0,1,0,12343.0,Jing Cao,,Jing Cao
12348,2026,2026,1,1,2026,2026,1,0,0,True,True,0,5,14,0.0,1,0,0.0,0,0,1,0,1,1,1,0,12348.0,Ming Lu,,Ming Lu
12349,2026,2026,1,1,2026,2026,1,0,0,True,True,0,5,14,0.0,1,0,0.0,0,0,1,0,1,1,1,0,12349.0,Jing Duan,,Jing Duan
12351,2023,2023,1,1,,,1,,0,True,False,0,2,,0.0,0,0,0.0,0,0,1,0,1,0,2,0,12351.0,Yang Xiao,,Yang Xiao
12353,2026,2026,1,1,,,1,,0,True,True,0,1,,0.0,1,0,0.0,0,0,0,0,0,1,1,0,12353.0,Sherry Bell,Echo Epoch,Echo Epoch
12354,2026,2026,1,1,,,1,,0,True,True,0,1,,0.0,1,0,0.0,0,0,0,0,0,1,1,0,12354.0,James Middleton,,James Middleton
12355,2026,2026,1,1,,,1,,0,True,True,0,1,,0.0,1,0,0.0,0,0,0,0,0,1,1,0,12355.0,Jacob Gomez,,Jacob Gomez
12359,2029,2029,1,1,2029,2029,1,0,0,True,True,0,3,11,0.0,0,0,0.0,0,0,1,0,1,0,2,0,12359.0,Samiha Hayre,,Samiha Hayre
12360,2029,2029,1,1,2029,2029,1,0,0,True,True,0,3,11,0.0,0,0,0.0,0,0,1,0,1,0,1,0,12360.0,Anahi Buch,,Anahi Buch
12361,2029,2029,1,1,2029,2029,1,0,0,True,True,0,3,11,0.0,0,0,0.0,0,0,1,0,1,0,1,0,12361.0,Jhanvi Krishnamurthy,,Jhanvi Krishnamurthy
12363,2024,2024,1,1,2040,2040,1,16,0,True,False,0,2,0,1.0,1,0,0.0,0,0,1,0,1,0,1,1,12363.0,Xiulan Xu,,Xiulan Xu
12364,2024,2024,1,1,2040,2040,1,16,0,True,False,0,2,0,1.0,1,0,0.0,0,0,1,0,1,0,1,1,12364.0,Xiulan Gu,,Xiulan Gu
12368,2007,2010,2,2,2010,2010,1,3,3,True,False,0,1,30,0.0,1,0,0.6666666666666666,0,0,2,0,2,0,2,0,12368.0,Jolanda Salz,,Jolanda Salz
12371,2025,2025,1,1,,,1,,0,True,True,0,2,,0.0,0,0,0.0,0,0,2,0,2,2,1,0,12371.0,Yang Zheng,,Yang Zheng
12372,2025,2025,1,1,,,1,,0,True,True,0,2,,0.0,0,0,0.0,0,0,2,0,2,2,1,0,12372.0,Jing Wu,,Jing Wu
12374,2005,2006,2,2,,,1,,1,True,False,0,4,,0.0,1,0,3.0,0,0,1,0,1,0,1,0,12374.0,Li Long,,Li Long
12377,2019,2019,1,1,,,1,,0,True,False,0,1,,0.0,0,0,0.0,0,0,1,0,1,0,1,0,12377.0,Fang Lu,,Fang Lu
12378,2019,2019,1,1,,,1,,0,True,False,0,1,,0.0,0,0,0.0,0,0,1,0,1,0,1,0,12378.0,Yong Jia,,Yong Jia
12379,2019,2019,1,1,,,1,,0,True,False,0,1,,0.0,0,0,0.0,0,0,1,0,1,0,2,0,12379.0,Jessica Fry,,Jessica Fry
12381,2019,2019,1,1,,,1,,0,True,False,0,1,,0.0,0,0,0.0,0,0,1,0,1,0,1,0,12381.0,Yang Song,,Yang Song
12383,2011,2011,1,1,,,1,,0,True,False,0,0,,0.0,2,0,0.0,0,0,1,0,1,0,1,0,12383.0,Mark Crawford,,Mark Crawford
12387,2029,2029,1,1,,,1,,0,True,True,0,6,,0.0,1,0,0.0,0,0,1,0,1,1,1,0,12387.0,Fang He,Requiem,Requiem
12388,2029,2029,1,1,,,1,,0,True,True,0,6,,0.0,1,0,0.0,0,0,1,0,1,1,1,0,12388.0,Chao Song,,Chao Song
12390,2017,2017,1,1,,,1,,0,True,False,0,1,,0.0,0,0,0.0,0,0,1,0,1,0,2,0,12390.0,Xiuying Song,Vinny Carter,Vinny Carter
12391,2017,2017,1,1,,,1,,0,True,False,0,1,,0.0,0,0,0.0,0,0,1,0,1,0,1,0,12391.0,Justin Kirk,,Justin Kirk
12392,2017,2017,1,1,,,1,,0,True,False,0,1,,0.0,0,0,0.0,0,0,1,0,1,0,1,0,12392.0,Dennis Wood,,Dennis Wood
12394,2026,2026,1,1,,,1,,0,True,True,0,3,,0.0,2,0,0.0,0,0,1,0,1,0,1,0,12394.0,Ming Yang,,Ming Yang
12398,2007,2007,1,1,,,1,,0,True,False,0,0,,0.0,0,0,0.0,0,0,1,0,1,0,1,0,12398.0,Ming Lei,,Ming Lei
12399,2007,2007,1,1,,,1,,0,True,False,0,0,,0.0,0,0,0.0,0,0,1,0,1,0,1,0,12399.0,Li Xie,,Li Xie
12400,2007,2007,1,1,,,1,,0,True,False,0,0,,0.0,0,0,0.0,0,0,1,0,1,0,2,0,12400.0,Wei Liao,,Wei Liao
12402,2027,2027,1,1,,,1,,0,True,True,0,5,,0.0,0,0,0.0,0,0,1,0,1,0,2,0,12402.0,Li Fan,,Li Fan
12403,2027,2027,1,1,,,1,,0,True,True,0,5,,0.0,0,0,0.0,0,0,1,0,1,0,2,0,12403.0,Kathryn Garcia,,Kathryn Garcia
12404,2027,2027,1,1,,,1,,0,True,True,0,5,,0.0,0,0,0.0,0,0,1,0,1,0,1,0,12404.0,Yong Wei,,Yong Wei
12405,2027,2027,1,1,,,1,,0,True,True,0,5,,0.0,0,0,0.0,0,0,1,0,1,0,1,0,12405.0,Susan Holmes,,Susan Holmes
12406,2027,2027,1,1,,,1,,0,True,True,0,5,,0.0,0,0,0.0,0,0,1,0,1,0,1,0,12406.0,Xiulan Meng,,Xiulan Meng
12409,2010,2010,1,1,,,1,,0,True,False,0,0,,0.0,0,0,0.0,0,0,1,0,1,0,1,0,12409.0,Angela Wolfe,,Angela Wolfe
12411,2029,2029,1,1,,,1,,0,True,True,0,3,,0.0,2,0,0.0,0,0,2,0,2,1,1,0,12411.0,Loïs Knoers,,Loïs Knoers
12412,2029,2029,1,1,,,1,,0,True,True,0,3,,0.0,2,0,0.0,0,0,2,0,2,1,1,0,12412.0,Brian Brewer,,Brian Brewer
12413,2029,2029,1,1,,,1,,0,True,True,0,3,,0.0,2,0,0.0,0,0,2,0,2,1,1,0,12413.0,Randall Johnson,,Randall Johnson
12414,2010,2029,2,2,,,2,,19,True,False,0,3,,0.0,3,0,0.47368421052631576,0,0,2,0,2,1,1,0,12414.0,Justin Campbell,,Justin Campbell
12415,2029,2029,1,1,,,1,,0,True,True,0,3,,0.0,2,0,0.0,0,0,2,0,2,1,1,0,12415.0,Michael Bradford,,Michael Bradford
12416,2010,2029,2,2,,,2,,19,True,False,0,3,,0.0,3,0,0.47368421052631576,0,0,2,0,2,1,1,0,12416.0,Crystal Norman,,Crystal Norman
12417,2029,2029,1,1,,,1,,0,True,True,0,3,,0.0,2,0,0.0,0,0,2,0,2,1,1,0,12417.0,Isabell Wulff,,Isabell Wulff
12420,2028,2028,1,1,,,1,,0,True,True,0,4,,0.0,0,0,0.0,0,0,1,0,1,2,1,0,12420.0,Martha Patrick,,Martha Patrick
12421,2028,2028,1,1,,,1,,0,True,True,0,4,,0.0,0,0,0.0,0,0,1,0,1,2,1,0,12421.0,Wei Liu,,Wei Liu
12423,2014,2016,2,2,2016,2016,2,2,2,True,False,0,5,24,0.0,1,0,2.5,0,0,2,0,2,0,1,0,12423.0,Qiang Qian,,Qiang Qian
12424,2014,2016,2,2,2016,2016,2,2,2,True,False,0,5,24,0.0,1,0,2.5,0,0,2,0,2,0,2,0,12424.0,Qiang Liang,,Qiang Liang
12426,2012,2012,1,1,,,1,,0,True,False,0,1,,0.0,1,0,0.0,0,0,1,0,1,0,1,0,12426.0,Heinz-Günter Kallert,,Heinz-Günter Kallert
12427,2007,2012,2,2,,,2,,5,True,False,0,1,,0.0,6,0,0.6,0,0,2,0,2,0,1,0,12427.0,Fredy Lange,,Fredy Lange
12430,2028,2028,1,1,,,1,,0,True,True,0,4,,0.0,2,0,0.0,0,0,1,0,1,0,1,0,12430.0,Xia Mao,,Xia Mao
12431,2028,2028,1,1,,,1,,0,True,True,0,4,,0.0,2,0,0.0,0,0,1,0,1,0,1,0,12431.0,Juan Zhong,,Juan Zhong
12432,2028,2028,1,1,,,1,,0,True,True,0,4,,0.0,2,0,0.0,0,0,1,0,1,0,1,0,12432.0,Guiying Qian,,Guiying Qian
12433,2028,2028,1,1,,,1,,0,True,True,0,4,,0.0,2,0,0.0,0,0,1,0,1,0,1,0,12433.0,Jun Qin,,Jun Qin
12437,2023,2023,1,1,,,1,,0,True,False,0,2,,0.0,0,0,0.0,0,0,1,0,1,0,1,0,12437.0,Liesbeth Köhler,,Liesbeth Köhler
12438,2023,2023,1,1,,,1,,0,True,False,0,2,,0.0,0,0,0.0,0,0,1,0,1,0,1,0,12438.0,Gerold Boucsein-Oestrovsky,,Gerold Boucsein-Oestrovsky
12439,2023,2023,1,1,,,1,,0,True,False,0,2,,0.0,0,0,0.0,0,0,1,0,1,0,1,0,12439.0,Heinz-Dieter Pruschke,,Heinz-Dieter Pruschke
12440,2023,2023,1,1,,,1,,0,True,False,0,2,,0.0,0,0,0.0,0,0,1,0,1,0,1,0,12440.0,Jasmin Rogner,,Jasmin Rogner
12446,2020,2020,1,1,,,1,,0,True,False,0,0,,0.0,0,0,0.0,0,0,1,0,1,0,2,0,12446.0,Nicholas Harris,,Nicholas Harris
12447,2020,2020,1,1,,,1,,0,True,False,0,0,,0.0,0,0,0.0,0,0,1,0,1,0,1,0,12447.0,Adam Christian,,Adam Christian
12448,2020,2020,1,1,,,1,,0,True,False,0,0,,0.0,0,0,0.0,0,0,1,0,1,0,1,0,12448.0,Matthew Lara,,Matthew Lara
12449,2020,2020,1,1,,,1,,0,True,False,0,0,,0.0,0,0,0.0,0,0,1,0,1,0,1,0,12449.0,Yan Feng,,Yan Feng
12452,2024,2024,1,1,2024,2024,1,0,0,True,False,0,2,16,0.0,2,0,0.0,0,0,2,0,2,0,1,0,12452.0,Anthony Davis,Astral Concord,Astral Concord
12453,2024,2024,1,1,2024,2024,1,0,0,True,False,0,2,16,0.0,2,0,0.0,0,0,2,0,2,0,1,0,12453.0,Robert Holland,,Robert Holland
12454,2024,2024,1,1,2024,2024,1,0,0,True,False,0,2,16,0.0,2,0,0.0,0,0,2,0,2,0,1,0,12454.0,Julie Graves,,Julie Graves
12456,2024,2024,1,1,2024,2024,1,0,0,True,False,0,2,16,0.0,2,0,0.0,0,0,2,0,2,0,1,0,12456.0,Xavier Kane,,Xavier Kane
12457,2024,2024,1,1,2024,2024,1,0,0,True,False,0,2,16,0.0,2,0,0.0,0,0,2,0,2,0,2,0,12457.0,Carl Osborne,,Carl Osborne
12458,2024,2024,1,1,2024,2024,1,0,0,True,False,0,2,16,0.0,2,0,0.0,0,0,2,0,2,0,1,0,12458.0,Patrick Thompson,,Patrick Thompson
12459,2024,2024,1,1,2024,2024,1,0,0,True,False,0,2,16,0.0,2,0,0.0,0,0,2,0,2,0,1,0,12459.0,Michael Moore,,Michael Moore
12461,2024,2024,1,1,2024,2024,1,0,0,True,False,0,2,16,0.0,2,0,0.0,0,0,2,0,2,0,1,0,12461.0,Nicole Williams,,Nicole Williams
12462,2024,2024,1,1,2024,2024,1,0,0,True,False,0,2,16,0.0,2,0,0.0,0,0,2,0,2,0,1,0,12462.0,Joseph Buchanan,,Joseph Buchanan
12463,2024,2024,1,1,2024,2024,1,0,0,True,False,0,2,16,0.0,2,0,0.0,0,0,2,0,2,0,2,0,12463.0,Nicholas Ortiz,,Nicholas Ortiz
12464,2024,2024,1,1,2024,2024,1,0,0,True,False,0,2,16,0.0,2,0,0.0,0,0,2,0,2,0,1,0,12464.0,Gary White,,Gary White
12465,2024,2024,1,1,2024,2024,1,0,0,True,False,0,2,16,0.0,2,0,0.0,0,0,2,0,2,0,1,0,12465.0,Joel Valentine,,Joel Valentine
12466,2024,2024,1,1,2024,2024,1,0,0,True,False,0,2,16,0.0,2,0,0.0,0,0,2,0,2,0,1,0,12466.0,Shawn Soto,,Shawn Soto
12467,2024,2024,1,1,2024,2024,1,0,0,True,False,0,2,16,0.0,2,0,0.0,0,0,2,0,2,0,1,0,12467.0,Mary Ross,,Mary Ross
12470,2023,2026,2,2,,,2,,3,True,False,0,3,,0.0,1,0,2.0,0,0,2,0,2,0,3,0,12470.0,Tao Zhu,,Tao Zhu
12471,2023,2026,2,2,,,2,,3,True,False,0,3,,0.0,1,0,2.0,0,0,2,0,2,0,1,0,12471.0,Xiulan Sun,,Xiulan Sun
12472,2023,2026,2,2,,,2,,3,True,False,0,3,,0.0,1,0,2.0,0,0,2,0,2,0,1,0,12472.0,Jie Kang,,Jie Kang
12473,2023,2023,1,1,,,1,,0,True,False,0,1,,0.0,1,0,0.0,0,0,1,0,1,0,1,0,12473.0,Wei Yuan,,Wei Yuan
12474,2026,2026,1,1,,,1,,0,True,True,0,2,,0.0,0,0,0.0,0,0,1,0,1,0,1,0,12474.0,Chao Wei,,Chao Wei
12476,1997,1997,1,1,,,1,,0,True,False,0,1,,0.0,1,0,0.0,0,0,1,0,1,0,1,0,12476.0,Tadeusz Majorek,,Tadeusz Majorek
12477,1997,1997,1,1,,,1,,0,True,False,0,1,,0.0,1,0,0.0,0,0,1,0,1,0,1,0,12477.0,Jacek Gorol,,Jacek Gorol
12480,2027,2028,2,2,,,1,,1,True,True,0,7,,0.0,0,0,9.0,0,0,2,0,2,2,2,0,12480.0,Fang Xiao,,Fang Xiao
12481,2028,2028,1,1,,,1,,0,True,True,0,3,,0.0,0,0,0.0,0,0,1,0,1,1,1,0,12481.0,Steven Smith,,Steven Smith
12482,2028,2028,1,1,,,1,,0,True,True,0,3,,0.0,0,0,0.0,0,0,1,0,1,1,1,0,12482.0,Wei Luo,,Wei Luo
12483,2027,2028,2,2,,,1,,1,True,True,0,7,,0.0,0,0,9.0,0,0,2,0,2,2,3,0,12483.0,Yan Yang,,Yan Yang
12484,2027,2028,2,2,,,1,,1,True,True,0,7,,0.0,0,0,9.0,0,0,2,0,2,2,1,0,12484.0,Jie Xie,,Jie Xie
12485,2028,2028,1,1,,,1,,0,True,True,0,3,,0.0,0,0,0.0,0,0,1,0,1,1,1,0,12485.0,Lei Bai,,Lei Bai
12486,2028,2028,1,1,,,1,,0,True,True,0,3,,0.0,0,0,0.0,0,0,1,0,1,1,1,0,12486.0,Brittany Holmes,,Brittany Holmes
12487,2028,2028,1,1,,,1,,0,True,True,0,3,,0.0,0,0,0.0,0,0,1,0,1,1,1,0,12487.0,Yan Fu,,Yan Fu
12488,2028,2028,1,1,,,1,,0,True,True,0,3,,0.0,0,0,0.0,0,0,1,0,1,1,1,0,12488.0,Xia Liang,,Xia Liang
12491,2029,2029,1,1,,,1,,0,True,True,0,5,,0.0,0,0,0.0,0,0,1,0,1,0,2,3,12491.0,Guiying Zhong,,Guiying Zhong
12492,2029,2029,1,1,,,1,,0,True,True,0,5,,0.0,0,0,0.0,0,0,1,0,1,0,2,3,12492.0,Qiang Yang,,Qiang Yang
12493,2029,2029,1,1,,,1,,0,True,True,0,5,,0.0,0,0,0.0,0,0,1,0,1,0,1,3,12493.0,Lei Liao,,Lei Liao
12499,2004,2004,1,1,,,1,,0,True,False,0,0,,0.0,0,0,0.0,0,0,1,0,1,0,1,0,12499.0,Steven Schultz,,Steven Schultz
12500,2004,2004,1,1,,,1,,0,True,False,0,0,,0.0,0,0,0.0,0,0,1,0,1,0,1,0,12500.0,Steven Smith,,Steven Smith
12502,2029,2029,1,1,,,1,,0,True,True,0,1,,0.0,0,0,0.0,0,0,2,0,2,0,2,0,12502.0,Alisha Fernandez,,Alisha Fernandez
12503,2029,2029,1,1,,,1,,0,True,True,0,1,,0.0,0,0,0.0,0,0,2,0,2,0,1,0,12503.0,Betty Vega,,Betty Vega
12506,2010,2010,1,1,,,1,,0,True,False,0,3,,0.0,0,0,0.0,0,0,2,0,2,1,1,0,12506.0,Xiuying Tang,,Xiuying Tang
12509,2025,2025,1,1,,,1,,0,True,True,0,1,,0.0,1,0,0.0,0,0,1,0,1,1,1,0,12509.0,Yang Li,,Yang Li
12510,2025,2026,3,3,2026,2026,3,1,1,True,True,0,3,14,0.0,2,0,5.0,0,0,2,0,2,1,1,0,12510.0,Min Yin,,Min Yin
12511,2025,2025,1,1,,,1,,0,True,True,0,1,,0.0,1,0,0.0,0,0,1,0,1,1,2,0,12511.0,Juan Bai,,Juan Bai
12513,2029,2029,1,1,,,1,,0,True,True,0,2,,0.0,0,0,0.0,0,0,1,0,1,0,2,0,12513.0,Indrajit Chana,,Indrajit Chana
12514,2029,2029,1,1,,,1,,0,True,True,0,2,,0.0,0,0,0.0,0,0,1,0,1,0,1,0,12514.0,Fateh Bhatt,,Fateh Bhatt
12516,2017,2017,1,1,,,1,,0,True,False,0,2,,0.0,1,0,0.0,0,0,1,0,1,1,1,0,12516.0,Ashley Hanson,,Ashley Hanson
12520,2000,2000,1,1,,,1,,0,True,False,0,0,,0.0,2,0,0.0,0,0,1,0,1,0,1,0,12520.0,Jing Gu,,Jing Gu
12523,2010,2010,1,1,,,1,,0,True,False,0,1,,0.0,0,0,0.0,0,0,1,0,1,0,2,0,12523.0,Jun Long,,Jun Long
12525,2030,2030,1,1,,,1,,0,True,True,1,2,,0.0,0,0,0.0,0,0,0,0,0,0,1,1,12525.0,Jie Li,Harmonic Paradox,Harmonic Paradox
12526,2025,2027,2,1,,,2,,2,True,True,0,2,,0.0,0,0,2.0,0,0,3,0,3,0,2,1,12526.0,Na Dai,,Na Dai
12527,2027,2030,2,2,,,1,,3,True,True,1,3,,0.0,0,0,1.0,0,0,1,0,1,0,2,2,12527.0,Xia Wu,,Xia Wu
12528,2030,2030,1,1,,,1,,0,True,True,1,2,,0.0,0,0,0.0,0,0,0,0,0,0,1,1,12528.0,Mary King,,Mary King
12529,2030,2030,1,1,,,1,,0,True,True,1,2,,0.0,0,0,0.0,0,0,0,0,0,0,2,1,12529.0,Xia Zhao,,Xia Zhao
12532,2000,2000,2,2,2000,2000,1,0,0,True,False,0,2,40,0.0,1,0,0.0,0,0,3,0,3,2,2,0,12532.0,Xavier Gaillard,,Xavier Gaillard
12533,2000,2000,1,1,2000,2000,1,0,0,True,False,0,1,40,0.0,1,0,0.0,0,0,1,0,1,1,1,0,12533.0,Tyler Martinez,,Tyler Martinez
12536,2027,2027,1,1,,,1,,0,True,True,0,8,,0.0,0,0,0.0,0,0,0,0,0,2,2,0,12536.0,Monica Coleman,,Monica Coleman
12537,2027,2027,1,1,,,1,,0,True,True,0,8,,0.0,0,0,0.0,0,0,0,0,0,2,2,0,12537.0,Guiying Yao,,Guiying Yao
12539,2014,2014,1,1,,,1,,0,True,False,0,1,,0.0,4,0,0.0,0,0,1,0,1,0,1,0,12539.0,Gang Cheng,,Gang Cheng
12541,2026,2026,1,1,,,1,,0,True,True,0,1,,0.0,1,0,0.0,0,0,1,0,1,0,1,0,12541.0,Wei Qiu,,Wei Qiu
12544,2017,2017,1,1,,,1,,0,True,False,0,1,,0.0,0,0,0.0,0,0,1,0,1,0,2,0,12544.0,Yang Jin,,Yang Jin
12545,2017,2017,1,1,,,1,,0,True,False,0,1,,0.0,0,0,0.0,0,0,1,0,1,0,1,0,12545.0,Yan Lu,,Yan Lu
12548,2023,2023,1,1,,,1,,0,True,False,0,1,,0.0,5,0,0.0,0,0,2,0,2,1,1,0,12548.0,Gang Lei,,Gang Lei
12549,2023,2023,1,1,,,1,,0,True,False,0,1,,0.0,5,0,0.0,0,0,2,0,2,1,1,0,12549.0,Maria-Luise Klemm,,Maria-Luise Klemm
12551,2029,2029,1,1,,,1,,0,True,True,0,0,,0.0,0,0,0.0,0,0,1,0,1,0,1,0,12551.0,Lei Su,,Lei Su
12552,2029,2029,1,1,,,1,,0,True,True,0,0,,0.0,0,0,0.0,0,0,1,0,1,0,1,0,12552.0,Jie Tao,,Jie Tao
12556,2027,2027,1,1,2027,2027,1,0,0,True,True,0,1,13,0.0,0,0,0.0,0,0,1,0,1,0,1,0,12556.0,Lei Lai,,Lei Lai
12557,2017,2027,2,2,2027,2027,2,10,10,True,False,0,1,13,0.0,0,0,0.0,0,0,2,0,2,0,2,0,12557.0,Jing Zhang,,Jing Zhang
12560,2026,2026,1,1,,,1,,0,True,True,0,2,,0.0,0,0,0.0,0,0,1,0,1,1,1,0,12560.0,Juan Chen,,Juan Chen
12561,2026,2026,1,1,,,1,,0,True,True,0,2,,0.0,0,0,0.0,0,0,1,0,1,1,1,0,12561.0,Tao Lai,,Tao Lai
12562,2026,2026,1,1,,,1,,0,True,True,0,2,,0.0,0,0,0.0,0,0,1,0,1,1,1,0,12562.0,Yang Cui,,Yang Cui
12563,2026,2026,1,1,,,1,,0,True,True,0,2,,0.0,0,0,0.0,0,0,1,0,1,1,1,0,12563.0,Qiang Li,,Qiang Li
12565,2029,2029,1,1,,,1,,0,True,True,0,3,,0.0,0,0,0.0,0,0,1,0,1,0,1,0,12565.0,Brianna Williams,,Brianna Williams
12566,2029,2029,1,1,,,1,,0,True,True,0,3,,0.0,0,0,0.0,0,0,1,0,1,0,1,0,12566.0,Whitney Williams,,Whitney Williams
12567,2029,2029,1,1,,,1,,0,True,True,0,3,,0.0,0,0,0.0,0,0,1,0,1,0,1,0,12567.0,Krystyna Szklarek,,Krystyna Szklarek
12568,2029,2029,1,1,,,1,,0,True,True,0,3,,0.0,0,0,0.0,0,0,1,0,1,0,1,0,12568.0,Trevor Freeman,,Trevor Freeman
12572,2022,2022,1,1,,,1,,0,True,False,0,0,,0.0,0,0,0.0,0,0,1,0,1,0,1,0,12572.0,Summer Friedman,,Summer Friedman
12576,2023,2023,1,1,,,1,,0,True,False,0,1,,0.0,1,0,0.0,1,0,1,0,1,0,1,1,12576.0,Jun Wang,,Jun Wang
12579,2029,2029,1,1,,,1,,0,True,True,0,2,,0.0,1,0,0.0,0,0,1,0,1,2,2,0,12579.0,Tao Yan,,Tao Yan
12580,2029,2029,1,1,,,1,,0,True,True,0,2,,0.0,1,0,0.0,0,0,1,0,1,2,1,0,12580.0,Jing Kong,,Jing Kong
12583,2020,2020,1,1,,,1,,0,True,False,0,6,,0.0,3,0,0.0,0,0,2,0,2,1,1,0,12583.0,Kristopher Roberts,,Kristopher Roberts
12585,2020,2020,1,1,,,1,,0,True,False,0,6,,0.0,3,0,0.0,0,0,2,0,2,1,1,0,12585.0,Denise Barthelemy de Brunet,,Denise Barthelemy de Brunet
12586,2020,2020,1,1,,,1,,0,True,False,0,6,,0.0,3,0,0.0,0,0,2,0,2,1,1,0,12586.0,Stephanie Murray,,Stephanie Murray
12587,2020,2020,1,1,,,1,,0,True,False,0,6,,0.0,3,0,0.0,0,0,2,0,2,1,1,0,12587.0,Dina Scholten,,Dina Scholten
12588,2020,2020,1,1,,,1,,0,True,False,0,6,,0.0,3,0,0.0,0,0,2,0,2,1,1,0,12588.0,Sherry Salinas,,Sherry Salinas
12589,2020,2020,1,1,,,1,,0,True,False,0,6,,0.0,3,0,0.0,0,0,2,0,2,1,1,0,12589.0,Kornelia Michnik,,Kornelia Michnik
12590,2020,2020,1,1,,,1,,0,True,False,0,6,,0.0,3,0,0.0,0,0,2,0,2,1,1,0,12590.0,Nicole Murphy,,Nicole Murphy
12591,2020,2020,1,1,,,1,,0,True,False,0,6,,0.0,3,0,0.0,0,0,2,0,2,1,1,0,12591.0,Roberto Govoni,,Roberto Govoni
12592,2010,2020,3,3,,,2,,10,True,False,0,8,,0.0,2,0,2.1,0,0,3,0,3,1,1,0,12592.0,Clémence Vincent,,Clémence Vincent
12598,1989,1989,1,1,,,1,,0,True,False,0,0,,0.0,0,0,0.0,0,0,0,0,0,0,2,0,12598.0,James Stevens,,James Stevens
12600,2011,2011,1,1,,,1,,0,True,False,0,1,,0.0,1,0,0.0,0,0,2,0,2,1,1,0,12600.0,Tao Kong,,Tao Kong
12601,2011,2011,1,1,,,1,,0,True,False,0,1,,0.0,1,0,0.0,0,0,2,0,2,1,1,0,12601.0,Andrew Barnes,,Andrew Barnes
12603,2021,2021,1,1,,,1,,0,True,False,0,1,,0.0,0,0,0.0,0,0,2,0,2,1,2,0,12603.0,Li Lei,,Li Lei
12604,2021,2021,1,1,,,1,,0,True,False,0,1,,0.0,0,0,0.0,0,0,2,0,2,1,1,0,12604.0,Yan Tian,,Yan Tian
12607,2021,2021,1,1,,,1,,0,True,False,0,1,,0.0,0,0,0.0,0,0,2,0,2,1,1,0,12607.0,Jun Cao,,Jun Cao
12610,2020,2020,1,1,2020,2020,1,0,0,True,False,0,2,20,0.0,1,0,0.0,0,0,1,0,1,1,2,0,12610.0,Shota Mori,,Shota Mori
12614,2025,2025,1,1,2025,2025,1,0,0,True,True,0,1,15,0.0,6,0,0.0,0,0,1,0,1,0,2,0,12614.0,Jun Liu,,Jun Liu
12615,2020,2025,2,2,2025,2025,1,5,5,True,False,0,2,15,0.0,6,0,1.4,0,0,1,0,1,1,2,0,12615.0,Joseph Trujillo,,Joseph Trujillo
12618,2020,2020,1,1,,,1,,0,True,False,0,0,,0.0,4,0,0.0,0,0,2,0,2,0,1,0,12618.0,Min Zou,,Min Zou
12619,2020,2020,1,1,,,1,,0,True,False,0,0,,0.0,4,0,0.0,0,0,2,0,2,0,1,0,12619.0,Yong Cao,,Yong Cao
12621,2008,2020,2,2,,,2,,12,True,False,0,0,,0.0,5,0,0.5,0,0,4,0,4,0,1,0,12621.0,Wei Cai,,Wei Cai
12624,2021,2028,3,2,,,2,,7,True,False,0,5,,0.0,0,0,0.576923076923077,0,0,2,0,2,0,1,0,12624.0,Jacob Harris,,Jacob Harris
12626,2027,2027,1,1,,,1,,0,True,True,0,1,,0.0,0,0,0.0,0,0,1,0,1,0,2,1,12626.0,Qiang Jiang,,Qiang Jiang
12627,2027,2027,1,1,,,1,,0,True,True,0,1,,0.0,0,0,0.0,0,0,1,0,1,0,1,1,12627.0,Jie Xu,,Jie Xu
12628,2027,2027,1,1,,,1,,0,True,True,0,1,,0.0,0,0,0.0,0,0,1,0,1,0,1,1,12628.0,Yan Chang,,Yan Chang
12630,2026,2026,1,1,,,1,,0,True,True,0,2,,0.0,5,0,0.0,1,0,1,0,1,0,1,0,12630.0,Debra Lam,,Debra Lam
12632,2022,2022,1,1,,,1,,0,True,False,0,1,,0.0,2,0,0.0,0,0,1,0,1,0,1,0,12632.0,Zaira Verga-Cannizzaro,,Zaira Verga-Cannizzaro
12636,2024,2024,1,1,,,1,,0,True,False,0,0,,0.0,0,0,0.0,0,0,2,0,2,0,1,0,12636.0,Kimberly Miles,,Kimberly Miles
12637,2024,2024,1,1,,,1,,0,True,False,0,0,,0.0,0,0,0.0,0,0,2,0,2,0,1,0,12637.0,Virginia Ford,,Virginia Ford
12638,2024,2024,1,1,,,1,,0,True,False,0,0,,0.0,0,0,0.0,0,0,2,0,2,0,1,0,12638.0,Christopher Aguilar,,Christopher Aguilar
12639,2024,2024,1,1,,,1,,0,True,False,0,0,,0.0,0,0,0.0,0,0,2,0,2,0,1,0,12639.0,Karen Williams,,Karen Williams
12641,2024,2024,1,1,,,1,,0,True,False,0,0,,0.0,0,0,0.0,0,0,2,0,2,0,1,0,12641.0,Mary Anthony,,Mary Anthony
12642,2011,2024,2,2,,,2,,13,True,False,0,0,,0.0,1,0,0.5384615384615384,0,0,4,0,4,0,1,0,12642.0,Shannon Davis,,Shannon Davis
12643,2024,2024,1,1,,,1,,0,True,False,0,0,,0.0,0,0,0.0,0,0,2,0,2,0,1,0,12643.0,Christopher Hill,,Christopher Hill
12644,2011,2024,2,2,,,2,,13,True,False,0,0,,0.0,1,0,0.5384615384615384,0,0,4,0,4,0,1,0,12644.0,Joe Perry,,Joe Perry
12646,2010,2010,1,1,,,1,,0,True,False,0,1,,0.0,0,0,0.0,0,0,2,0,2,0,1,0,12646.0,Fang Jiang,Fang,Fang
12647,2010,2010,1,1,,,1,,0,True,False,0,1,,0.0,0,0,0.0,0,0,2,0,2,0,1,0,12647.0,Sarah Riley,,Sarah Riley
12648,2010,2010,1,1,,,1,,0,True,False,0,1,,0.0,0,0,0.0,0,0,2,0,2,0,1,0,12648.0,Xia Qin,,Xia Qin
12651,2017,2017,1,1,,,1,,0,True,False,0,0,,0.0,0,0,0.0,0,0,1,0,1,0,1,0,12651.0,Melissa Rush,,Melissa Rush
12653,2019,2019,1,1,2019,2019,1,0,0,True,False,0,0,21,0.0,0,0,0.0,0,0,1,0,1,0,1,0,12653.0,Lei Li,,Lei Li
12657,2016,2016,1,1,,,1,,0,True,False,0,0,,0.0,0,0,0.0,0,0,1,0,1,0,1,0,12657.0,Fang Fan,,Fang Fan
12658,2016,2016,1,1,,,1,,0,True,False,0,0,,0.0,0,0,0.0,0,0,1,0,1,0,2,0,12658.0,Lei Zhao,,Lei Zhao
12659,2016,2016,1,1,,,1,,0,True,False,0,0,,0.0,0,0,0.0,0,0,1,0,1,0,1,0,12659.0,Qiang Hao,,Qiang Hao
12660,2016,2016,1,1,,,1,,0,True,False,0,0,,0.0,0,0,0.0,0,0,1,0,1,0,1,0,12660.0,Min Sun,,Min Sun
12662,2014,2014,1,1,,,1,,0,True,False,0,1,,0.0,2,0,0.0,1,0,2,0,2,0,1,0,12662.0,Noah Braun,,Noah Braun
12663,2014,2014,1,1,,,1,,0,True,False,0,1,,0.0,2,0,0.0,1,0,2,0,2,0,1,0,12663.0,Wei Wan,,Wei Wan
12666,2012,2012,1,1,,,1,,0,True,False,0,0,,0.0,0,0,0.0,0,0,1,0,1,0,1,0,12666.0,Christine Hauffer,,Christine Hauffer
12667,2021,2021,1,1,,,1,,0,True,False,0,3,,0.0,0,0,0.0,0,0,2,0,2,0,3,0,12667.0,Carsten Fritsch,,Carsten Fritsch
12669,2020,2020,1,1,,,1,,0,True,False,0,0,,0.0,1,0,0.0,0,0,1,0,1,0,1,0,12669.0,Jing Tian,,Jing Tian
12670,2020,2020,1,1,,,1,,0,True,False,0,0,,0.0,1,0,0.0,0,0,1,0,1,0,2,0,12670.0,Jing Fang,,Jing Fang
12671,2020,2020,1,1,,,1,,0,True,False,0,0,,0.0,1,0,0.0,0,0,1,0,1,0,1,0,12671.0,Jing Tian,,Jing Tian
12672,2020,2020,1,1,,,1,,0,True,False,0,0,,0.0,1,0,0.0,0,0,1,0,1,0,1,0,12672.0,Jun Deng,,Jun Deng
12674,2013,2013,1,1,,,1,,0,True,False,0,1,,0.0,0,0,0.0,0,0,1,0,1,0,1,0,12674.0,Meredith Walker,,Meredith Walker
12675,2013,2013,1,1,,,1,,0,True,False,0,1,,0.0,0,0,0.0,0,0,1,0,1,0,2,0,12675.0,James Rubio,,James Rubio
12676,2013,2013,1,1,,,1,,0,True,False,0,1,,0.0,0,0,0.0,0,0,1,0,1,0,1,0,12676.0,Christopher Murray,,Christopher Murray
12677,2013,2013,1,1,,,1,,0,True,False,0,1,,0.0,0,0,0.0,0,0,1,0,1,0,1,0,12677.0,Rebecca Gonzales,,Rebecca Gonzales
12679,2013,2013,1,1,,,1,,0,True,False,0,4,,0.0,0,0,0.0,0,0,1,0,1,1,1,0,12679.0,Qiang Tan,,Qiang Tan
12680,2013,2013,1,1,,,1,,0,True,False,0,4,,0.0,0,0,0.0,0,0,1,0,1,1,1,0,12680.0,Yang Xu,,Yang Xu
12681,2013,2013,1,1,,,1,,0,True,False,0,4,,0.0,0,0,0.0,0,0,1,0,1,1,1,0,12681.0,Denise Johnson,,Denise Johnson
12682,2013,2013,1,1,,,1,,0,True,False,0,4,,0.0,0,0,0.0,0,0,1,0,1,1,1,0,12682.0,Yan Liu,,Yan Liu
12683,2013,2013,1,1,,,1,,0,True,False,0,4,,0.0,0,0,0.0,0,0,1,0,1,1,1,0,12683.0,Min Yu,,Min Yu
12684,2013,2013,1,1,,,1,,0,True,False,0,4,,0.0,0,0,0.0,0,0,1,0,1,1,1,0,12684.0,Donna Malone,,Donna Malone
12686,2031,2031,1,1,,,1,,0,True,True,1,1,,0.0,0,0,0.0,1,0,1,0,1,0,1,0,12686.0,James Medina,,James Medina
12687,2031,2031,1,1,,,1,,0,True,True,1,1,,0.0,0,0,0.0,1,0,1,0,1,0,2,0,12687.0,Matthew Best,,Matthew Best
12688,2031,2031,1,1,,,1,,0,True,True,1,1,,0.0,0,0,0.0,1,0,1,0,1,0,1,0,12688.0,Linda Burns,,Linda Burns
12690,2024,2024,1,1,,,1,,0,True,False,0,1,,0.0,1,0,0.0,0,0,1,0,1,0,1,0,12690.0,Yan Lin,,Yan Lin
12693,2016,2016,1,0,,,1,,0,True,False,0,2,,0.0,0,0,0.0,0,0,0,0,0,2,3,0,12693.0,Jennifer Moore,,Jennifer Moore
12695,2029,2029,1,1,,,1,,0,True,True,0,4,,0.0,0,0,0.0,0,0,0,0,0,0,2,0,12695.0,Xiulan Du,,Xiulan Du
12696,2029,2029,1,1,,,1,,0,True,True,0,4,,0.0,0,0,0.0,0,0,0,0,0,0,1,0,12696.0,Tao Hou,,Tao Hou
12698,2029,2029,1,1,,,1,,0,True,True,0,4,,0.0,0,0,0.0,0,0,0,0,0,0,1,0,12698.0,Xiuying Bai,,Xiuying Bai
12699,2029,2029,1,1,,,1,,0,True,True,0,4,,0.0,0,0,0.0,0,0,0,0,0,0,1,0,12699.0,Gang Cai,,Gang Cai
12700,2029,2029,1,1,,,1,,0,True,True,0,4,,0.0,0,0,0.0,0,0,0,0,0,0,1,0,12700.0,Fang Tao,,Fang Tao
12704,2017,2020,2,1,,,2,,3,True,False,0,1,,0.0,0,0,0.0,0,0,1,0,1,0,3,0,12704.0,Audrey Huff,,Audrey Huff
12706,2017,2017,1,1,2017,2017,1,0,0,True,False,0,0,23,0.0,0,0,0.0,0,0,1,0,1,0,1,0,12706.0,Brooke Ortiz,,Brooke Ortiz
12707,2017,2017,1,1,2017,2017,1,0,0,True,False,0,0,23,0.0,0,0,0.0,0,0,1,0,1,0,1,0,12707.0,Yang Lai,,Yang Lai
12708,2017,2017,1,1,2017,2017,1,0,0,True,False,0,0,23,0.0,0,0,0.0,0,0,1,0,1,0,2,0,12708.0,Joshua Shelton,,Joshua Shelton
12709,2017,2017,1,1,2017,2017,1,0,0,True,False,0,0,23,0.0,0,0,0.0,0,0,1,0,1,0,1,0,12709.0,Thomas Lopez,,Thomas Lopez
12711,2009,2009,1,1,,,1,,0,True,False,0,1,,0.0,1,0,0.0,0,0,1,0,1,0,1,0,12711.0,Wei Du,,Wei Du
12712,2009,2009,1,1,,,1,,0,True,False,0,1,,0.0,1,0,0.0,0,0,1,0,1,0,1,0,12712.0,Jun Yi,,Jun Yi
12713,2009,2009,1,1,,,1,,0,True,False,0,1,,0.0,1,0,0.0,0,0,1,0,1,0,1,0,12713.0,Jing Tang,,Jing Tang
12714,2009,2009,1,1,,,1,,0,True,False,0,1,,0.0,1,0,0.0,0,0,1,0,1,0,1,0,12714.0,Yang Lin,,Yang Lin
12715,2009,2009,1,1,,,1,,0,True,False,0,1,,0.0,1,0,0.0,0,0,1,0,1,0,2,0,12715.0,Lei Zhang,,Lei Zhang
12716,2009,2009,1,1,,,1,,0,True,False,0,1,,0.0,1,0,0.0,0,0,1,0,1,0,1,0,12716.0,Li Liao,,Li Liao
12717,2009,2009,1,1,,,1,,0,True,False,0,1,,0.0,1,0,0.0,0,0,1,0,1,0,1,0,12717.0,Jing Song,,Jing Song
12724,2020,2020,1,1,,,1,,0,True,False,0,1,,0.0,0,0,0.0,0,0,1,0,1,1,1,0,12724.0,Gang Sun, Ivory Hawk, Ivory Hawk
12725,2020,2020,1,1,,,1,,0,True,False,0,1,,0.0,0,0,0.0,0,0,1,0,1,1,1,0,12725.0,Chao Ren,,Chao Ren
12730,2026,2026,1,1,,,1,,0,True,True,0,4,,0.0,0,0,0.0,0,0,1,0,1,1,1,0,12730.0,Chao Zhong,,Chao Zhong
12731,2026,2026,1,1,,,1,,0,True,True,0,4,,0.0,0,0,0.0,0,0,1,0,1,1,1,0,12731.0,Guiying Jia,,Guiying Jia
12733,2023,2023,1,1,,,1,,0,True,False,0,0,,0.0,0,0,0.0,0,0,2,0,2,0,1,0,12733.0,Ping Yao,,Ping Yao
12735,2023,2023,1,1,,,1,,0,True,False,0,0,,0.0,0,0,0.0,0,0,2,0,2,0,1,0,12735.0,Gang Xie,,Gang Xie
12736,2023,2023,1,1,,,1,,0,True,False,0,0,,0.0,0,0,0.0,0,0,2,0,2,0,1,0,12736.0,Min Yao,,Min Yao
12737,2023,2023,1,1,,,1,,0,True,False,0,0,,0.0,0,0,0.0,0,0,2,0,2,0,1,0,12737.0,Chao Xiang,,Chao Xiang
12740,2020,2020,1,1,,,1,,0,True,False,0,2,,0.0,0,0,0.0,0,0,1,0,1,0,2,0,12740.0,Xiuying Deng,,Xiuying Deng
12741,2020,2020,1,1,,,1,,0,True,False,0,2,,0.0,0,0,0.0,0,0,1,0,1,0,1,0,12741.0,Wei Ding,,Wei Ding
12743,1997,2004,3,3,,,3,,7,True,False,0,4,,0.0,0,0,0.0,0,0,2,0,2,0,2,0,12743.0,Karol Jereczek,,Karol Jereczek
12745,2030,2030,1,1,,,1,,0,True,True,1,2,,0.0,1,0,0.0,0,0,1,0,1,0,2,2,12745.0,Juan Lu, DA STORM, DA STORM
12746,2030,2030,1,1,,,1,,0,True,True,1,2,,0.0,1,0,0.0,0,0,1,0,1,0,1,2,12746.0,Ming Shi,,Ming Shi
12747,2030,2030,1,1,,,1,,0,True,True,1,2,,0.0,1,0,0.0,0,0,1,0,1,0,1,2,12747.0,Gang Chen,,Gang Chen
12748,2030,2030,1,1,,,1,,0,True,True,1,2,,0.0,1,0,0.0,0,0,1,0,1,0,1,2,12748.0,Na Han,,Na Han
12749,2026,2030,3,3,,,3,,4,True,True,1,9,,0.0,0,0,1.25,0,0,3,0,3,0,2,4,12749.0,Yan Luo,,Yan Luo
12753,2027,2027,1,1,2027,2027,1,0,0,True,True,0,4,13,0.0,0,0,0.0,0,0,0,0,0,1,1,0,12753.0,Jason Robles,,Jason Robles
12754,2027,2027,1,1,2027,2027,1,0,0,True,True,0,4,13,0.0,0,0,0.0,0,0,0,0,0,1,2,0,12754.0,Sharon Roberts,,Sharon Roberts
12757,2010,2010,1,1,2017,2017,1,7,0,True,False,0,0,23,0.0,0,0,0.0,0,0,1,0,1,0,1,0,12757.0,Pari Chand,,Pari Chand
12758,2010,2010,1,1,2017,2017,1,7,0,True,False,0,0,23,0.0,0,0,0.0,0,0,1,0,1,0,1,0,12758.0,Damini Datta,,Damini Datta
12760,2013,2013,1,1,2013,2013,1,0,0,True,False,0,1,27,0.0,1,0,0.0,0,0,2,0,2,0,1,0,12760.0,Guiying Han,,Guiying Han
12762,2020,2020,1,1,,,1,,0,True,False,0,0,,0.0,0,0,0.0,0,0,1,0,1,0,1,0,12762.0,Yan Fu,,Yan Fu
12764,2020,2020,1,1,,,1,,0,True,False,0,0,,0.0,0,0,0.0,0,0,1,0,1,0,1,0,12764.0,Jing Cheng,,Jing Cheng
12765,2020,2020,1,1,,,1,,0,True,False,0,0,,0.0,0,0,0.0,0,0,1,0,1,0,1,0,12765.0,Xia Guo,,Xia Guo
12766,2020,2020,1,1,,,1,,0,True,False,0,0,,0.0,0,0,0.0,0,0,1,0,1,0,1,0,12766.0,Jie Lin,,Jie Lin
12767,2020,2020,1,1,,,1,,0,True,False,0,0,,0.0,0,0,0.0,0,0,1,0,1,0,1,0,12767.0,Xiuying Qin,,Xiuying Qin
12769,2015,2015,1,1,,,1,,0,True,False,0,1,,0.0,1,0,0.0,0,0,1,0,1,0,1,0,12769.0,Jessica Lindsey,,Jessica Lindsey
12770,2010,2015,2,2,,,1,,5,True,False,0,2,,0.0,1,0,1.2,0,0,1,0,1,0,1,0,12770.0,Daniel Lee,,Daniel Lee
12771,2010,2015,2,2,,,1,,5,True,False,0,2,,0.0,1,0,1.2,0,0,1,0,1,0,1,0,12771.0,Christopher Reese,,Christopher Reese
12772,2010,2015,2,2,,,1,,5,True,False,0,2,,0.0,1,0,1.2,0,0,1,0,1,0,1,0,12772.0,Leon Hutchinson,,Leon Hutchinson
12773,2010,2015,2,2,,,1,,5,True,False,0,2,,0.0,1,0,1.2,0,0,1,0,1,0,2,0,12773.0,Bobby Tucker,,Bobby Tucker
12774,2010,2015,2,2,,,1,,5,True,False,0,2,,0.0,1,0,1.2,0,0,1,0,1,0,1,0,12774.0,Melanie Bautista,,Melanie Bautista
12777,2020,2020,1,1,,,1,,0,True,False,0,1,,0.0,0,0,0.0,0,0,0,0,0,0,1,0,12777.0,Ashley Larson,,Ashley Larson
12778,2020,2020,1,1,,,1,,0,True,False,0,1,,0.0,0,0,0.0,0,0,0,0,0,0,1,0,12778.0,Tao Xiong,,Tao Xiong
12783,2000,2000,1,1,,,1,,0,True,False,0,1,,0.0,0,0,0.0,0,0,1,0,1,0,2,0,12783.0,Darshit Ratta,,Darshit Ratta
12785,2023,2023,1,1,,,1,,0,True,False,0,2,,0.0,0,0,0.0,0,0,1,0,1,0,2,0,12785.0,Chao Wei,,Chao Wei
12786,2020,2020,1,1,,,1,,0,True,False,0,1,,0.0,1,0,0.0,0,0,1,0,1,0,1,0,12786.0,Xiuying Shen,,Xiuying Shen
12790,2020,2020,1,1,,,1,,0,True,False,0,1,,0.0,0,0,0.0,0,0,1,0,1,0,1,0,12790.0,Jamie Roberts,,Jamie Roberts
12791,2020,2020,1,1,,,1,,0,True,False,0,1,,0.0,0,0,0.0,0,0,1,0,1,0,1,0,12791.0,Madeline Gentry,,Madeline Gentry
12795,2021,2021,1,1,,,1,,0,True,False,0,1,,0.0,3,0,0.0,0,0,1,0,1,0,1,0,12795.0,Melissa Brown,,Melissa Brown
12796,2021,2021,1,1,,,1,,0,True,False,0,1,,0.0,3,0,0.0,0,0,1,0,1,0,1,0,12796.0,Amber Murray,,Amber Murray
12797,2021,2021,1,1,,,1,,0,True,False,0,1,,0.0,3,0,0.0,0,0,1,0,1,0,1,0,12797.0,Kimberly Zimmerman,,Kimberly Zimmerman
12798,2021,2021,1,1,,,1,,0,True,False,0,1,,0.0,3,0,0.0,0,0,1,0,1,0,1,0,12798.0,Lisa Martin,,Lisa Martin
12799,2021,2021,1,1,,,1,,0,True,False,0,1,,0.0,3,0,0.0,0,0,1,0,1,0,1,0,12799.0,Stacy Kennedy,,Stacy Kennedy
12800,2021,2021,1,1,,,1,,0,True,False,0,1,,0.0,3,0,0.0,0,0,1,0,1,0,1,0,12800.0,Michelle Williams,,Michelle Williams
12801,2021,2021,1,1,,,1,,0,True,False,0,1,,0.0,3,0,0.0,0,0,1,0,1,0,1,0,12801.0,Gabrielle Wright,,Gabrielle Wright
12802,2021,2021,1,1,,,1,,0,True,False,0,1,,0.0,3,0,0.0,0,0,1,0,1,0,1,0,12802.0,Autumn Moore,,Autumn Moore
12803,2021,2021,1,1,,,1,,0,True,False,0,1,,0.0,3,0,0.0,0,0,1,0,1,0,1,0,12803.0,Tina Jackson,,Tina Jackson
12806,2020,2020,1,1,,,1,,0,True,False,0,1,,0.0,0,0,0.0,0,0,0,0,0,0,2,0,12806.0,Tanya Garrett,,Tanya Garrett
12808,2000,2000,1,1,,,1,,0,True,False,0,0,,0.0,0,0,0.0,0,0,0,0,0,0,2,0,12808.0,Pihu Ahuja,,Pihu Ahuja
12809,2000,2000,1,1,,,1,,0,True,False,0,0,,0.0,0,0,0.0,0,0,0,0,0,0,1,0,12809.0,Kashvi Dutt,,Kashvi Dutt
12813,2015,2015,1,1,,,1,,0,True,False,0,2,,0.0,3,0,0.0,0,0,2,0,2,0,1,0,12813.0,Tao Song,,Tao Song
12814,2007,2015,3,3,,,2,,8,True,False,0,5,,0.0,4,0,0.826923076923077,0,0,3,1,4,0,2,0,12814.0,Jun Yi,,Jun Yi
12815,2007,2015,3,3,2013,2013,2,6,8,True,False,0,4,27,0.0,4,0,0.6923076923076922,0,0,2,1,3,0,2,0,12815.0,Qiang Zhao,,Qiang Zhao
12818,2000,2000,1,1,,,1,,0,True,False,0,0,,0.0,0,0,0.0,0,0,0,0,0,0,1,0,12818.0,Adam Wallace,,Adam Wallace
12824,2027,2027,1,1,,,1,,0,True,True,0,3,,0.0,3,0,0.0,0,0,2,0,2,0,1,0,12824.0,Christopher Fischer,,Christopher Fischer
12825,2027,2027,1,1,,,1,,0,True,True,0,3,,0.0,3,0,0.0,0,0,2,0,2,0,1,0,12825.0,Bartek Heleniak,,Bartek Heleniak
12826,2027,2027,1,1,,,1,,0,True,True,0,3,,0.0,3,0,0.0,0,0,2,0,2,0,1,0,12826.0,Sara Chung,,Sara Chung
12827,2027,2027,1,1,,,1,,0,True,True,0,3,,0.0,3,0,0.0,0,0,2,0,2,0,2,0,12827.0,Jerzy Majczyna,,Jerzy Majczyna
12828,2027,2027,1,1,,,1,,0,True,True,0,3,,0.0,3,0,0.0,0,0,2,0,2,0,1,0,12828.0,Denny Scholl-Vogt,,Denny Scholl-Vogt
12829,2027,2027,1,1,,,1,,0,True,True,0,3,,0.0,3,0,0.0,0,0,2,0,2,0,1,0,12829.0,Sonia Trochimiuk,,Sonia Trochimiuk
12830,2027,2027,1,1,,,1,,0,True,True,0,3,,0.0,3,0,0.0,0,0,2,0,2,0,1,0,12830.0,Adrian Ross,,Adrian Ross
12831,2027,2027,1,1,,,1,,0,True,True,0,3,,0.0,3,0,0.0,0,0,2,0,2,0,1,0,12831.0,Magret Staude,,Magret Staude
12832,2027,2027,1,1,,,1,,0,True,True,0,3,,0.0,3,0,0.0,0,0,2,0,2,0,2,0,12832.0,Felizitas Hermann,,Felizitas Hermann
12834,2020,2020,1,1,,,1,,0,True,False,0,2,,0.0,1,0,0.0,0,0,1,0,1,0,1,0,12834.0,Mitchell Larson,,Mitchell Larson
12835,2017,2020,2,2,,,1,,3,True,False,0,2,,0.0,2,0,0.6666666666666666,0,0,2,0,2,0,2,0,12835.0,Lauretta Pasolini,,Lauretta Pasolini
12838,2027,2027,1,0,,,1,,0,True,True,0,3,,0.0,1,0,0.0,0,0,1,0,1,0,1,0,12838.0,Kristina Jones, Star XV, Star XV
12840,2022,2022,1,1,,,1,,0,True,False,0,0,,0.0,1,0,0.0,0,0,2,0,2,0,2,0,12840.0,Xia Jiang,,Xia Jiang
12841,2027,2027,1,0,,,1,,0,True,True,0,3,,0.0,1,0,0.0,0,0,1,0,1,0,1,0,12841.0,Yan Qiu,,Yan Qiu
12843,2025,2025,1,0,,,1,,0,True,True,0,1,,0.0,0,0,0.0,0,0,2,0,2,0,2,0,12843.0,Yan Gao, HE∆VEN, HE∆VEN
12844,2025,2026,2,1,,,2,,1,True,True,0,2,,0.0,0,0,5.0,0,0,3,0,3,0,1,0,12844.0,Xiulan Jin,,Xiulan Jin
12845,2025,2025,1,0,,,1,,0,True,True,0,1,,0.0,0,0,0.0,0,0,2,0,2,0,1,0,12845.0,Gang Dong,,Gang Dong
12846,2010,2025,2,1,,,1,,15,True,False,0,2,,0.0,0,0,0.2,0,0,4,0,4,0,1,0,12846.0,Patricia Humphrey,,Patricia Humphrey
12848,2026,2026,1,1,,,1,,0,True,True,0,0,,0.0,0,0,0.0,0,0,2,0,2,0,1,0,12848.0,Madison Lopez, M.C. Frost, M.C. Frost
12850,2026,2026,1,1,,,1,,0,True,True,0,0,,0.0,0,0,0.0,0,0,2,0,2,0,1,0,12850.0,Na Chen,,Na Chen
12851,2026,2026,1,1,,,1,,0,True,True,0,0,,0.0,0,0,0.0,0,0,2,0,2,0,2,0,12851.0,Chao Zhang,,Chao Zhang
12853,2023,2023,1,1,,,1,,0,True,False,0,0,,0.0,0,0,0.0,0,0,1,0,1,0,1,0,12853.0,Jun Mao,,Jun Mao
12854,2023,2023,1,1,,,1,,0,True,False,0,0,,0.0,0,0,0.0,0,0,1,0,1,0,1,0,12854.0,Tao Peng,,Tao Peng
12855,2023,2023,1,1,,,1,,0,True,False,0,0,,0.0,0,0,0.0,0,0,1,0,1,0,1,0,12855.0,Gang Song,,Gang Song
12856,2023,2023,1,1,,,1,,0,True,False,0,0,,0.0,0,0,0.0,0,0,1,0,1,0,1,0,12856.0,Ping Deng,,Ping Deng
12859,2023,2027,2,2,,,1,,4,True,False,0,8,,0.0,1,0,1.0,0,0,2,0,2,1,2,0,12859.0,Min Qin,,Min Qin
12860,2023,2023,2,2,2023,2023,1,0,0,True,False,0,6,17,0.0,1,0,0.0,0,0,2,0,2,2,1,0,12860.0,Vincent Seifert,,Vincent Seifert
12862,2017,2017,1,1,,,1,,0,True,False,0,0,,0.0,1,0,0.0,0,0,2,0,2,0,1,0,12862.0,Qiang Zhong,,Qiang Zhong
12863,2017,2017,1,1,,,1,,0,True,False,0,0,,0.0,1,0,0.0,0,0,2,0,2,0,2,0,12863.0,Guiying Hao,,Guiying Hao
12864,2017,2017,1,1,,,1,,0,True,False,0,0,,0.0,1,0,0.0,0,0,2,0,2,0,1,0,12864.0,Min Cui,,Min Cui
12868,2017,2017,1,1,,,1,,0,True,False,0,2,,0.0,0,0,0.0,0,0,1,0,1,1,2,0,12868.0,Ninetta Spinelli,,Ninetta Spinelli
12869,2017,2017,1,1,,,1,,0,True,False,0,2,,0.0,0,0,0.0,0,0,1,0,1,1,1,0,12869.0,Gerhild Patberg,,Gerhild Patberg
12870,2017,2017,1,1,,,1,,0,True,False,0,2,,0.0,0,0,0.0,0,0,1,0,1,1,1,0,12870.0,Cosima Mülichen,,Cosima Mülichen
12873,2017,2017,1,1,,,1,,0,True,False,0,2,,0.0,0,0,0.0,0,0,1,0,1,1,1,0,12873.0,Ludger Ladeck,,Ludger Ladeck
12874,2017,2017,1,1,,,1,,0,True,False,0,2,,0.0,0,0,0.0,0,0,1,0,1,1,1,0,12874.0,Anneliese Döhn,,Anneliese Döhn
12875,2017,2017,1,1,,,1,,0,True,False,0,2,,0.0,0,0,0.0,0,0,1,0,1,1,2,0,12875.0,Paloma Tomaselli,,Paloma Tomaselli
12876,2017,2017,1,1,,,1,,0,True,False,0,2,,0.0,0,0,0.0,0,0,1,0,1,1,1,0,12876.0,Eva Seidel,,Eva Seidel
12878,2025,2025,1,1,,,1,,0,True,True,0,4,,0.0,0,0,0.0,0,0,1,0,1,1,2,0,12878.0,Juan He,,Juan He
12879,2025,2025,1,1,,,1,,0,True,True,0,4,,0.0,0,0,0.0,0,0,1,0,1,1,1,0,12879.0,Tao Yu,,Tao Yu
12880,2025,2029,2,2,,,2,,4,True,True,0,8,,0.0,3,0,1.25,0,0,1,0,1,1,2,0,12880.0,Wei Luo,,Wei Luo
12881,2025,2025,1,1,,,1,,0,True,True,0,4,,0.0,0,0,0.0,0,0,1,0,1,1,1,0,12881.0,Frieda Mitschke,,Frieda Mitschke
12883,2026,2026,1,1,,,1,,0,True,True,0,2,,0.0,0,0,0.0,0,0,1,0,1,0,2,2,12883.0,John Maldonado,,John Maldonado
12887,2028,2028,1,1,,,1,,0,True,True,0,0,,0.0,0,0,0.0,0,0,1,0,1,0,1,0,12887.0,Li Xiang,,Li Xiang
12894,2013,2013,1,1,,,1,,0,True,False,0,1,,0.0,0,0,0.0,0,0,1,0,1,0,2,0,12894.0,Elizabeth Mccann,,Elizabeth Mccann
12895,2013,2017,2,2,,,2,,4,True,False,0,1,,0.0,0,0,0.25,0,0,2,0,2,0,1,0,12895.0,Roger Simmons,,Roger Simmons
12898,2011,2011,1,1,,,1,,0,True,False,0,2,,0.0,0,0,0.0,0,0,1,0,1,0,2,0,12898.0,Miluše Malá,,Miluše Malá
12901,2025,2025,1,1,,,1,,0,True,True,0,0,,0.0,0,0,0.0,0,0,1,0,1,0,1,0,12901.0,Xia Dai,,Xia Dai
12902,2025,2025,1,1,,,1,,0,True,True,0,0,,0.0,0,0,0.0,0,0,1,0,1,0,1,0,12902.0,Bianca Mentzel,,Bianca Mentzel
12904,2029,2029,1,1,,,1,,0,True,True,0,1,,0.0,1,0,0.0,0,0,2,0,2,1,1,0,12904.0,Chao Cheng,XPLICIT KAI,XPLICIT KAI
12906,2029,2029,1,1,,,1,,0,True,True,0,1,,0.0,1,0,0.0,0,0,2,0,2,1,1,0,12906.0,Nathan Carrillo,,Nathan Carrillo
12907,2029,2029,1,1,,,1,,0,True,True,0,1,,0.0,1,0,0.0,0,0,2,0,2,1,1,0,12907.0,Tammy Williams,,Tammy Williams
12908,2029,2029,1,1,,,1,,0,True,True,0,1,,0.0,1,0,0.0,0,0,2,0,2,1,1,0,12908.0,Jennifer Parker,,Jennifer Parker
12915,2017,2017,1,1,,,1,,0,True,False,0,1,,0.0,0,0,0.0,0,0,1,0,1,0,2,0,12915.0,Francisco Säuberlich,,Francisco Säuberlich
12917,2013,2022,2,2,,,1,,9,True,False,0,1,,0.0,0,0,0.0,0,0,1,0,1,0,1,0,12917.0,Christopher Rosales,Chris Rosales,Chris Rosales
12921,2025,2025,1,1,,,1,,0,True,True,0,4,,0.0,0,0,0.0,0,0,2,0,2,1,1,0,12921.0,Adam Kroker,,Adam Kroker
12925,2002,2002,1,0,,,1,,0,True,False,0,1,,0.0,0,0,0.0,0,0,0,0,0,1,2,0,12925.0,Alex Hernandez,,Alex Hernandez
12927,2023,2023,1,1,,,1,,0,True,False,0,1,,0.0,0,0,0.0,0,0,1,0,1,1,1,0,12927.0,Chao Cheng,,Chao Cheng
12929,2023,2023,1,1,,,1,,0,True,False,0,1,,0.0,0,0,0.0,0,0,1,0,1,1,1,0,12929.0,Na Ren,,Na Ren
12930,2023,2023,1,1,,,1,,0,True,False,0,1,,0.0,0,0,0.0,0,0,1,0,1,1,1,0,12930.0,Qiang Xie,,Qiang Xie
12931,2023,2023,1,1,,,1,,0,True,False,0,1,,0.0,0,0,0.0,0,0,1,0,1,1,1,0,12931.0,Mitchell Bryan,,Mitchell Bryan
12938,2020,2020,1,0,,,1,,0,True,False,0,1,,0.0,0,0,0.0,0,0,0,0,0,0,1,0,12938.0,William Ashley,,William Ashley
12940,2020,2020,1,0,,,1,,0,True,False,0,1,,0.0,0,0,0.0,0,0,0,0,0,0,2,0,12940.0,Jie Yao,,Jie Yao
12942,2026,2026,1,1,,,1,,0,True,True,0,1,,0.0,0,0,0.0,0,0,1,0,1,0,2,0,12942.0,Taylor Martin,,Taylor Martin
12943,2026,2026,1,1,,,1,,0,True,True,0,1,,0.0,0,0,0.0,0,0,1,0,1,0,1,0,12943.0,Bradley Anderson,,Bradley Anderson
12945,2026,2026,1,1,,,1,,0,True,True,0,1,,0.0,0,0,0.0,0,0,1,0,1,0,1,0,12945.0,Jesus Hatfield,,Jesus Hatfield
12948,2010,2020,2,2,2033,2033,1,23,10,True,False,0,4,7,0.30000000000000004,0,0,0.1,1,0,2,0,2,0,1,0,12948.0,Brooke Olson,,Brooke Olson
12950,2013,2013,1,1,2013,2013,1,0,0,True,False,0,0,27,0.0,0,0,0.0,0,0,1,0,1,0,2,0,12950.0,Na Qin,,Na Qin
12951,2013,2013,1,1,2013,2013,1,0,0,True,False,0,0,27,0.0,0,0,0.0,0,0,1,0,1,0,1,0,12951.0,Jamie Roberts,,Jamie Roberts
12954,1993,1993,1,1,,,1,,0,True,False,0,1,,0.0,0,0,0.0,0,0,1,0,1,0,2,0,12954.0,Rachel Lewis,,Rachel Lewis
12957,2015,2015,1,1,,,1,,0,True,False,0,1,,0.0,0,0,0.0,0,0,1,0,1,0,1,0,12957.0,Guiying Zhao,,Guiying Zhao
12958,2015,2015,1,1,,,1,,0,True,False,0,1,,0.0,0,0,0.0,0,0,1,0,1,0,1,0,12958.0,Tao Zhong,,Tao Zhong
12959,2015,2015,1,1,,,1,,0,True,False,0,1,,0.0,0,0,0.0,0,0,1,0,1,0,1,0,12959.0,Guiying Song,,Guiying Song
12960,2015,2015,1,1,,,1,,0,True,False,0,1,,0.0,0,0,0.0,0,0,1,0,1,0,1,0,12960.0,Li Long,,Li Long
12962,1994,1994,1,1,,,1,,0,True,False,0,0,,0.0,0,0,0.0,0,0,1,0,1,0,1,0,12962.0,Chao Xiang,,Chao Xiang
12964,2028,2028,1,1,,,1,,0,True,True,0,6,,0.0,0,0,0.0,0,0,1,0,1,0,1,0,12964.0,Li Xie,,Li Xie
12966,2028,2028,1,1,,,1,,0,True,True,0,6,,0.0,0,0,0.0,0,0,1,0,1,0,1,0,12966.0,Tao Luo,,Tao Luo
12968,2010,2014,2,1,,,2,,4,True,False,0,1,,0.0,0,0,1.25,0,0,1,0,1,0,1,0,12968.0,Qiang Xiao,,Qiang Xiao
12969,2010,2014,2,1,,,2,,4,True,False,0,1,,0.0,0,0,1.25,0,0,1,0,1,0,2,0,12969.0,Guiying Fu,,Guiying Fu
12970,2014,2014,1,1,,,1,,0,True,False,0,1,,0.0,0,0,0.0,0,0,1,0,1,0,2,0,12970.0,Jun Fang,,Jun Fang
12972,2016,2016,1,0,,,1,,0,True,False,0,3,,0.0,3,0,0.0,0,0,1,0,1,0,1,0,12972.0,Pihu Chowdhury,,Pihu Chowdhury
12974,2023,2023,1,1,,,1,,0,True,False,0,5,,0.0,0,0,0.0,0,0,1,0,1,1,2,0,12974.0,Jonathan Thompson,,Jonathan Thompson
12975,2023,2023,1,1,,,1,,0,True,False,0,5,,0.0,0,0,0.0,0,0,1,0,1,1,1,0,12975.0,Giovanna Bongiorno,,Giovanna Bongiorno
12977,2015,2015,1,1,,,1,,0,True,False,0,2,,0.0,0,0,0.0,0,0,1,0,1,0,1,0,12977.0,Sara Levy,,Sara Levy
12980,1996,1996,1,1,,,1,,0,True,False,0,1,,0.0,2,0,0.0,0,0,2,0,2,0,2,0,12980.0,Justin Doyle,,Justin Doyle
12981,1996,1996,1,1,,,1,,0,True,False,0,1,,0.0,2,0,0.0,0,0,2,0,2,0,1,0,12981.0,Eva Sani,,Eva Sani
12984,2023,2023,1,1,,,1,,0,True,False,0,2,,0.0,0,0,0.0,0,0,1,0,1,2,2,0,12984.0,Juan Ye,,Juan Ye
12985,2023,2023,1,1,,,1,,0,True,False,0,2,,0.0,0,0,0.0,0,0,1,0,1,2,1,0,12985.0,Megan Humphrey,,Megan Humphrey
12988,2023,2023,1,1,,,1,,0,True,False,0,2,,0.0,0,0,0.0,0,0,1,0,1,0,1,0,12988.0,Robert Roberts,,Robert Roberts
12989,2023,2023,1,1,,,1,,0,True,False,0,2,,0.0,0,0,0.0,0,0,1,0,1,0,1,0,12989.0,Sarah Galloway,,Sarah Galloway
12990,2023,2023,1,1,,,1,,0,True,False,0,2,,0.0,0,0,0.0,0,0,1,0,1,0,1,0,12990.0,Ian Dorsey,,Ian Dorsey
12992,2023,2026,2,2,,,1,,3,True,False,0,7,,0.0,4,0,1.0,0,0,1,1,2,0,2,0,12992.0,Antonius Faust,,Antonius Faust
12995,2013,2013,1,1,,,1,,0,True,False,0,1,,0.0,0,0,0.0,0,0,1,0,1,0,2,0,12995.0,Yong Yang,,Yong Yang
12999,1994,1994,1,1,,,1,,0,True,False,0,3,,0.0,0,0,0.0,0,0,1,0,1,1,2,0,12999.0,Leah Anderson,,Leah Anderson
13000,1994,1994,1,1,,,1,,0,True,False,0,3,,0.0,0,0,0.0,0,0,1,0,1,1,1,0,13000.0,Steven Ray,,Steven Ray
13004,2023,2023,1,1,2023,2023,1,0,0,True,False,0,1,17,0.0,0,0,0.0,0,0,1,0,1,0,2,0,13004.0,Ise Scardino,,Ise Scardino
13005,2023,2023,1,1,2023,2023,1,0,0,True,False,0,1,17,0.0,0,0,0.0,0,0,1,0,1,0,1,0,13005.0,Anne Verwoert-Slagmolen,,Anne Verwoert-Slagmolen
13006,2023,2023,1,1,2023,2023,1,0,0,True,False,0,1,17,0.0,0,0,0.0,0,0,1,0,1,0,1,0,13006.0,Isabelle Godfrey van Alemannië,,Isabelle Godfrey van Alemannië
13012,2009,2009,1,1,,,1,,0,True,False,0,1,,0.0,0,0,0.0,0,0,1,0,1,0,3,0,13012.0,Mary Smith,,Mary Smith
13015,2020,2020,1,1,2020,2020,1,0,0,True,False,0,0,20,0.0,0,0,0.0,1,0,2,0,2,0,1,0,13015.0,David Reese,,David Reese
13016,2020,2020,1,1,2020,2020,1,0,0,True,False,0,0,20,0.0,0,0,0.0,1,0,2,0,2,0,1,0,13016.0,Ryan Dunlap,,Ryan Dunlap
13017,2020,2020,1,1,2020,2020,1,0,0,True,False,0,0,20,0.0,0,0,0.0,1,0,2,0,2,0,1,0,13017.0,Elmo Calbo,,Elmo Calbo
13018,2020,2020,1,1,2020,2020,1,0,0,True,False,0,0,20,0.0,0,0,0.0,1,0,2,0,2,0,1,0,13018.0,Amico Luciani,,Amico Luciani
13020,2027,2027,1,1,,,1,,0,True,True,0,0,,0.0,0,0,0.0,0,0,2,0,2,0,1,0,13020.0,Xia Tian,,Xia Tian
13028,2026,2029,2,2,,,1,,3,True,True,0,7,,0.0,0,0,0.0,0,0,1,0,1,2,1,3,13028.0,Michael Rivera,,Michael Rivera
13029,2029,2029,1,1,,,1,,0,True,True,0,4,,0.0,0,0,0.0,0,0,1,0,1,1,2,2,13029.0,Michael Reyes,,Michael Reyes
13032,2028,2028,1,1,,,1,,0,True,True,0,5,,0.0,0,0,0.0,0,0,1,0,1,1,2,0,13032.0,Christopher Brown,,Christopher Brown
13034,2027,2027,1,1,2027,2027,1,0,0,True,True,0,2,13,0.0,0,0,0.0,0,0,1,0,1,0,2,1,13034.0,Lei Liao,,Lei Liao
13036,2010,2010,1,1,,,1,,0,True,False,0,2,,0.0,0,0,0.0,0,0,1,0,1,0,1,0,13036.0,Julia Smith,,Julia Smith
13037,2010,2010,1,1,,,1,,0,True,False,0,2,,0.0,0,0,0.0,0,0,1,0,1,0,2,0,13037.0,Janet Lewis,,Janet Lewis
13038,2010,2010,2,2,,,1,,0,True,False,0,5,,0.0,0,0,0.0,0,0,1,0,1,0,1,0,13038.0,Lisa Wolfe,,Lisa Wolfe
13041,2017,2017,1,1,,,1,,0,True,False,0,2,,0.0,2,0,0.0,0,0,1,0,1,1,2,0,13041.0,Xiulan Chen,,Xiulan Chen
13044,2027,2027,1,1,,,1,,0,True,True,0,1,,0.0,0,0,0.0,0,0,1,0,1,0,1,0,13044.0,Maurycy Seidel,,Maurycy Seidel
13048,2029,2029,1,1,,,1,,0,True,True,0,4,,0.0,1,0,0.0,0,0,1,0,1,1,2,2,13048.0,Gang Tan,,Gang Tan
13050,2025,2025,1,1,,,1,,0,True,True,0,1,,0.0,1,0,0.0,0,0,1,0,1,0,1,0,13050.0,Yang Gao,ZENO THA PROPHET,ZENO THA PROPHET
13051,2025,2025,1,1,,,1,,0,True,True,0,1,,0.0,1,0,0.0,0,0,1,0,1,0,2,0,13051.0,Li Tan,,Li Tan
13052,2025,2025,1,1,,,1,,0,True,True,0,1,,0.0,1,0,0.0,0,0,1,0,1,0,1,0,13052.0,Chao Cheng,,Chao Cheng
13054,2015,2015,1,1,,,1,,0,True,False,0,0,,0.0,0,0,0.0,0,0,2,0,2,0,2,0,13054.0,Karina Gunpf,,Karina Gunpf
13056,2027,2027,1,0,,,1,,0,True,True,0,0,,0.0,0,0,0.0,0,0,1,0,1,0,2,0,13056.0,Yong Su,,Yong Su
13057,2027,2027,1,0,,,1,,0,True,True,0,0,,0.0,0,0,0.0,0,0,1,0,1,0,1,0,13057.0,Jie Tan,,Jie Tan
13058,2027,2027,1,0,,,1,,0,True,True,0,0,,0.0,0,0,0.0,0,0,1,0,1,0,1,0,13058.0,Jing Pan,,Jing Pan
13060,2027,2027,1,0,,,1,,0,True,True,0,0,,0.0,0,0,0.0,0,0,1,0,1,0,2,0,13060.0,Qiang Long,,Qiang Long
13061,2027,2027,1,0,,,1,,0,True,True,0,0,,0.0,0,0,0.0,0,0,1,0,1,0,1,0,13061.0,Xia Jin,,Xia Jin
13066,2023,2023,1,1,2023,2023,1,0,0,True,False,0,1,17,0.0,0,0,0.0,0,0,1,0,1,0,2,0,13066.0,Shane Clark,,Shane Clark
13067,2023,2030,2,2,2023,2023,2,0,7,True,False,1,2,17,0.0,0,0,0.5714285714285714,0,0,2,0,2,0,2,0,13067.0,Qiang Kang,,Qiang Kang
13071,2023,2023,1,1,,,1,,0,True,False,0,5,,0.0,0,0,0.0,0,0,0,0,0,1,2,0,13071.0,Devansh De,,Devansh De
13074,2025,2025,1,1,,,1,,0,True,True,0,1,,0.0,0,0,0.0,0,0,1,0,1,0,2,0,13074.0,Jennifer Coleman,,Jennifer Coleman
13077,2026,2026,1,1,,,1,,0,True,True,0,2,,0.0,0,0,0.0,0,0,1,0,1,0,1,1,13077.0,Annetta Molesini,,Annetta Molesini
13078,2026,2026,1,1,,,1,,0,True,True,0,2,,0.0,0,0,0.0,0,0,1,0,1,0,1,1,13078.0,Aurora Vendetti,,Aurora Vendetti
13079,2026,2026,1,1,,,1,,0,True,True,0,2,,0.0,0,0,0.0,0,0,1,0,1,0,1,1,13079.0,Augusto Franzese,,Augusto Franzese
13081,2028,2028,1,1,2028,2028,1,0,0,True,True,0,1,12,0.0,2,0,0.0,0,0,0,0,0,0,1,0,13081.0,Guiying Cheng,Omen,Omen
13082,2028,2028,1,1,2028,2028,1,0,0,True,True,0,1,12,0.0,2,0,0.0,0,0,0,0,0,0,1,0,13082.0,Yan Cao,,Yan Cao
13083,2028,2028,1,1,2028,2028,1,0,0,True,True,0,1,12,0.0,2,0,0.0,0,0,0,0,0,0,1,0,13083.0,Lei Jia,,Lei Jia
13084,2028,2028,1,1,2028,2028,1,0,0,True,True,0,1,12,0.0,2,0,0.0,0,0,0,0,0,0,1,0,13084.0,Fang Pan,,Fang Pan
13087,2015,2015,1,1,,,1,,0,True,False,0,0,,0.0,0,0,0.0,0,0,2,0,2,0,2,0,13087.0,Stephanie Allen,,Stephanie Allen
13090,2017,2028,3,3,,,2,,11,True,False,0,6,,0.0,0,0,0.32038834951456313,0,0,2,0,2,3,1,1,13090.0,Fang Wu,,Fang Wu
13091,2026,2028,2,2,,,1,,2,True,True,0,6,,0.0,1,0,1.0,0,0,2,0,2,3,2,1,13091.0,Sherry Powell,,Sherry Powell
13092,2026,2026,1,1,,,1,,0,True,True,0,5,,0.0,1,0,0.0,0,0,2,0,2,2,1,0,13092.0,Joseph Brooks,,Joseph Brooks
13095,2008,2008,1,1,,,1,,0,True,False,0,0,,0.0,0,0,0.0,0,0,1,0,1,0,1,0,13095.0,John Price,,John Price
13096,2008,2008,1,1,,,1,,0,True,False,0,0,,0.0,0,0,0.0,0,0,1,0,1,0,1,0,13096.0,Qiang Ma,,Qiang Ma
13097,2008,2008,1,1,,,1,,0,True,False,0,0,,0.0,0,0,0.0,0,0,1,0,1,0,1,0,13097.0,Jeffrey Tate,,Jeffrey Tate
13098,2008,2008,1,1,,,1,,0,True,False,0,0,,0.0,0,0,0.0,0,0,1,0,1,0,2,0,13098.0,Wayne Perkins,,Wayne Perkins
13100,2008,2008,1,1,,,1,,0,True,False,0,0,,0.0,0,0,0.0,0,0,1,0,1,0,1,0,13100.0,Larry Thomas,,Larry Thomas
13103,2003,2003,1,1,2013,2013,1,10,0,True,False,0,1,27,0.0,0,0,0.0,0,0,0,0,0,0,2,0,13103.0,Qiang Long,,Qiang Long
13105,1997,1997,1,0,,,1,,0,True,False,0,1,,0.0,1,0,0.0,0,0,1,0,1,0,1,0,13105.0,Brigitte Gotthard,,Brigitte Gotthard
13108,2020,2020,1,1,,,1,,0,True,False,0,1,,0.0,4,0,0.0,0,0,1,0,1,0,1,0,13108.0,Andre Scott, THA CROWN, THA CROWN
13109,2020,2020,2,2,,,2,,0,True,False,0,3,,0.0,5,0,0.0,0,0,1,0,1,1,1,0,13109.0,Juan Wei,,Juan Wei
13110,2020,2020,2,2,,,2,,0,True,False,0,3,,0.0,5,0,0.0,0,0,1,0,1,1,1,0,13110.0,Lei Yao,,Lei Yao
13111,2020,2020,1,1,,,1,,0,True,False,0,1,,0.0,4,0,0.0,0,0,1,0,1,0,1,0,13111.0,Gang Zhou,,Gang Zhou
13113,2027,2027,1,1,2027,2027,1,0,0,True,True,0,2,13,0.0,1,0,0.0,0,0,1,0,1,1,1,0,13113.0,Clara Weitzel,,Clara Weitzel
13114,2027,2027,1,1,2027,2027,1,0,0,True,True,0,2,13,0.0,1,0,0.0,0,0,1,0,1,1,1,0,13114.0,Gianfrancesco Merisi,,Gianfrancesco Merisi
13115,2027,2027,1,1,2027,2027,1,0,0,True,True,0,2,13,0.0,1,0,0.0,0,0,1,0,1,1,1,0,13115.0,Mercedes Salata,,Mercedes Salata
13116,2027,2027,1,1,2027,2027,1,0,0,True,True,0,2,13,0.0,1,0,0.0,0,0,1,0,1,1,1,0,13116.0,Bryan Laffray-Recers,,Bryan Laffray-Recers
13118,2027,2027,1,1,,,1,,0,True,True,0,0,,0.0,1,0,0.0,0,0,1,0,1,0,1,0,13118.0,Li Yan, Vince Shadow, Vince Shadow
13122,2027,2027,1,1,,,1,,0,True,True,0,0,,0.0,1,0,0.0,0,0,1,0,1,0,1,0,13122.0,Yang Meng,,Yang Meng
13125,2015,2015,1,1,2015,2015,1,0,0,True,False,0,1,25,0.0,0,0,0.0,0,0,1,0,1,0,1,0,13125.0,John Mcdonald,,John Mcdonald
13126,2015,2015,1,1,2015,2015,1,0,0,True,False,0,1,25,0.0,0,0,0.0,0,0,1,0,1,0,2,0,13126.0,Antonio Schroeder,,Antonio Schroeder
13127,2015,2015,1,1,2015,2015,1,0,0,True,False,0,1,25,0.0,0,0,0.0,0,0,1,0,1,0,1,0,13127.0,Erica Herrera,,Erica Herrera
13130,2013,2013,1,1,,,1,,0,True,False,0,1,,0.0,0,0,0.0,0,0,1,0,1,0,1,0,13130.0,Qiang Shi,,Qiang Shi
13133,2007,2007,1,1,,,1,,0,True,False,0,1,,0.0,0,0,0.0,0,0,1,0,1,0,2,0,13133.0,Elizabeth Cochran PhD,,Elizabeth Cochran PhD
13134,2004,2007,2,2,,,1,,3,True,False,0,1,,0.0,0,0,0.0,0,0,1,0,1,0,2,0,13134.0,Susan Willis,,Susan Willis
13137,2029,2029,1,1,,,1,,0,True,True,0,1,,0.0,0,0,0.0,0,0,1,0,1,0,2,1,13137.0,Jun Yu,,Jun Yu
13141,2004,2021,3,3,,,3,,17,True,False,0,3,,0.0,0,0,0.17741935483870966,0,0,1,0,1,1,1,0,13141.0,Wei Luo,,Wei Luo
13146,2029,2029,1,1,,,1,,0,True,True,0,1,,0.0,0,0,0.0,0,0,2,0,2,0,1,0,13146.0,Yang Fu,,Yang Fu
13148,2017,2017,1,1,,,1,,0,True,False,0,0,,0.0,0,0,0.0,0,0,1,0,1,0,1,0,13148.0,Kalina Fidor,,Kalina Fidor
13151,2027,2027,1,1,2027,2027,1,0,0,True,True,0,4,13,0.0,0,0,0.0,0,0,1,0,1,2,1,0,13151.0,Ping Fang,,Ping Fang
13152,2027,2027,1,1,2027,2027,1,0,0,True,True,0,4,13,0.0,0,0,0.0,0,0,1,0,1,2,1,0,13152.0,Qiang Lu,,Qiang Lu
13153,2026,2026,1,1,2026,2026,1,0,0,True,True,0,1,14,0.0,2,0,0.0,0,0,1,0,1,0,2,0,13153.0,Min Qin,,Min Qin
13159,2028,2028,1,1,,,1,,0,True,True,0,3,,0.0,2,0,0.0,0,0,1,0,1,1,1,0,13159.0,Ming Pan,,Ming Pan
13160,2028,2028,1,1,,,1,,0,True,True,0,3,,0.0,2,0,0.0,0,0,1,0,1,1,1,0,13160.0,Fang Wan,,Fang Wan
13162,2024,2024,1,1,,,1,,0,True,False,0,2,,0.0,0,0,0.0,0,0,1,0,1,0,1,1,13162.0,Xiuying Yin,Ivory Skyline,Ivory Skyline
13163,2024,2024,1,1,,,1,,0,True,False,0,2,,0.0,0,0,0.0,0,0,1,0,1,0,2,1,13163.0,Xia Wen,,Xia Wen
13164,2024,2024,1,1,,,1,,0,True,False,0,2,,0.0,0,0,0.0,0,0,1,0,1,0,1,1,13164.0,Xiuying Qian,,Xiuying Qian
13165,2024,2024,1,1,,,1,,0,True,False,0,2,,0.0,0,0,0.0,0,0,1,0,1,0,1,1,13165.0,Gang Peng,,Gang Peng
13169,2023,2023,1,1,,,1,,0,True,False,0,2,,0.0,1,0,0.0,0,0,1,0,1,0,2,0,13169.0,Xiulan Sun,,Xiulan Sun
13170,2023,2023,1,1,,,1,,0,True,False,0,2,,0.0,1,0,0.0,0,0,1,0,1,0,2,0,13170.0,Gang He,,Gang He
13174,2023,2023,1,1,,,1,,0,True,False,0,1,,0.0,1,0,0.0,0,0,1,0,1,0,1,0,13174.0,Ming Qiu,,Ming Qiu
13175,2023,2023,1,1,,,1,,0,True,False,0,1,,0.0,1,0,0.0,0,0,1,0,1,0,1,0,13175.0,Yang Lei,,Yang Lei
13176,2023,2023,1,1,,,1,,0,True,False,0,1,,0.0,1,0,0.0,0,0,1,0,1,0,1,0,13176.0,Fang Qiao,,Fang Qiao
13177,2023,2023,1,1,,,1,,0,True,False,0,1,,0.0,1,0,0.0,0,0,1,0,1,0,1,0,13177.0,Ming Yu,,Ming Yu
13178,2023,2023,1,1,,,1,,0,True,False,0,1,,0.0,1,0,0.0,0,0,1,0,1,0,1,0,13178.0,Guiying Qiu,,Guiying Qiu
13180,2016,2016,1,1,,,1,,0,True,False,0,0,,0.0,0,0,0.0,0,0,1,0,1,0,1,0,13180.0,Victoria Butler,,Victoria Butler
13181,2016,2016,1,1,,,1,,0,True,False,0,0,,0.0,0,0,0.0,0,0,1,0,1,0,2,0,13181.0,Derek Cook,,Derek Cook
13182,2016,2016,1,1,,,1,,0,True,False,0,0,,0.0,0,0,0.0,0,0,1,0,1,0,1,0,13182.0,Jared Arnold,,Jared Arnold
13183,2016,2016,1,1,,,1,,0,True,False,0,0,,0.0,0,0,0.0,0,0,1,0,1,0,1,0,13183.0,Todd Jones,,Todd Jones
13184,2016,2016,1,1,,,1,,0,True,False,0,0,,0.0,0,0,0.0,0,0,1,0,1,0,1,0,13184.0,Elizabeth West,,Elizabeth West
13185,2016,2016,1,1,,,1,,0,True,False,0,0,,0.0,0,0,0.0,0,0,1,0,1,0,1,0,13185.0,April Anderson,,April Anderson
13186,2016,2016,1,1,,,1,,0,True,False,0,0,,0.0,0,0,0.0,0,0,1,0,1,0,1,0,13186.0,Jonathan Garcia,,Jonathan Garcia
13187,2016,2016,1,1,,,1,,0,True,False,0,0,,0.0,0,0,0.0,0,0,1,0,1,0,1,0,13187.0,Jun Fu,,Jun Fu
13191,2015,2015,1,1,,,1,,0,True,False,0,2,,0.0,1,0,0.0,0,0,2,0,2,0,1,0,13191.0,Guiying He,,Guiying He
13192,2015,2015,1,1,,,1,,0,True,False,0,2,,0.0,1,0,0.0,0,0,2,0,2,0,1,0,13192.0,Fang Hu,,Fang Hu
13193,2015,2015,1,1,,,1,,0,True,False,0,2,,0.0,1,0,0.0,0,0,2,0,2,0,1,0,13193.0,Wei Ye,,Wei Ye
13194,2015,2015,1,1,,,1,,0,True,False,0,2,,0.0,1,0,0.0,0,0,2,0,2,0,1,0,13194.0,Min Ren,,Min Ren
13195,2015,2015,1,1,,,1,,0,True,False,0,2,,0.0,1,0,0.0,0,0,2,0,2,0,1,0,13195.0,Juan Dong,,Juan Dong
13198,1997,1997,1,1,,,1,,0,True,False,0,0,,0.0,1,0,0.0,0,0,1,0,1,0,1,0,13198.0,Kumiko Fujita,,Kumiko Fujita
13200,1997,1997,1,1,,,1,,0,True,False,0,0,,0.0,1,0,0.0,0,0,1,0,1,0,1,0,13200.0,Maaya Tanaka,,Maaya Tanaka
13203,2029,2029,1,1,,,1,,0,True,True,0,4,,0.0,4,0,0.0,0,0,2,0,2,1,1,0,13203.0,Gang Wu,,Gang Wu
13204,2029,2029,1,1,,,1,,0,True,True,0,4,,0.0,4,0,0.0,0,0,2,0,2,1,1,0,13204.0,Qiang Cao,,Qiang Cao
13205,2029,2029,1,1,,,1,,0,True,True,0,4,,0.0,4,0,0.0,0,0,2,0,2,1,1,0,13205.0,Xiulan Xia,,Xiulan Xia
13207,2028,2028,1,1,,,1,,0,True,True,0,2,,0.0,0,0,0.0,0,0,1,0,1,1,1,0,13207.0,Xia Huang,,Xia Huang
13210,2025,2025,1,1,,,1,,0,True,True,0,0,,0.0,0,0,0.0,0,0,1,0,1,0,2,0,13210.0,Chao Zhong,,Chao Zhong
13211,2025,2025,1,1,,,1,,0,True,True,0,0,,0.0,0,0,0.0,0,0,1,0,1,0,2,0,13211.0,Li Lin,,Li Lin
13212,2025,2025,1,1,,,1,,0,True,True,0,0,,0.0,0,0,0.0,0,0,1,0,1,0,1,0,13212.0,Xiuying Hou,,Xiuying Hou
13215,2026,2026,1,1,,,1,,0,True,True,0,1,,0.0,0,0,0.0,0,0,1,0,1,1,1,0,13215.0,Kai-Uwe Döring,,Kai-Uwe Döring
13217,2025,2025,1,1,,,1,,0,True,True,0,2,,0.0,1,0,0.0,0,0,1,0,1,0,1,0,13217.0,Guiying Gu,,Guiying Gu
13218,2025,2025,1,1,,,1,,0,True,True,0,2,,0.0,1,0,0.0,0,0,1,0,1,0,1,0,13218.0,Steven Smith,,Steven Smith
13225,2024,2024,1,1,,,1,,0,True,False,0,1,,0.0,0,0,0.0,0,0,1,0,1,0,2,0,13225.0,Ryan Smith,,Ryan Smith
13227,2024,2024,1,1,,,1,,0,True,False,0,1,,0.0,0,0,0.0,0,0,1,0,1,0,1,0,13227.0,Lei Tao,,Lei Tao
13231,2013,2013,1,1,,,1,,0,True,False,0,1,,0.0,2,0,0.0,0,0,2,0,2,0,1,0,13231.0,Melissa Soto,,Melissa Soto
13233,2027,2027,1,1,,,1,,0,True,True,0,6,,0.0,0,0,0.0,0,0,1,0,1,0,1,4,13233.0,Jason Vaughn,,Jason Vaughn
13234,2025,2025,1,1,,,1,,0,True,True,0,2,,0.0,1,0,0.0,0,0,1,0,1,0,2,1,13234.0,Gang Lin,,Gang Lin
13235,2027,2027,1,1,,,1,,0,True,True,0,6,,0.0,0,0,0.0,0,0,1,0,1,0,1,4,13235.0,Summer Bender,,Summer Bender
13238,1999,1999,1,1,1999,1999,1,0,0,True,False,0,0,41,0.0,0,0,0.0,0,0,1,0,1,0,3,0,13238.0,Elisabet Manola Aguirre Solís,,Elisabet Manola Aguirre Solís
13239,2006,2006,1,1,,,1,,0,True,False,0,1,,0.0,0,0,0.0,0,0,1,0,1,1,2,0,13239.0,Rosario Alsina Saez,,Rosario Alsina Saez
13241,2024,2024,1,0,,,1,,0,True,False,0,1,,0.0,0,0,0.0,0,0,1,0,1,0,1,0,13241.0,Ming Zhao,,Ming Zhao
13242,2024,2024,1,0,,,1,,0,True,False,0,1,,0.0,0,0,0.0,0,0,1,0,1,0,1,0,13242.0,Min Xia,,Min Xia
13247,2022,2022,1,1,,,1,,0,True,False,0,0,,0.0,0,0,0.0,0,0,1,0,1,0,2,0,13247.0,Jie Duan,,Jie Duan
13250,2023,2023,1,1,,,1,,0,True,False,0,1,,0.0,1,0,0.0,0,0,2,0,2,0,1,0,13250.0,Beth Thompson,,Beth Thompson
13251,2023,2023,1,1,,,1,,0,True,False,0,1,,0.0,1,0,0.0,0,0,2,0,2,0,1,0,13251.0,Li Lai,,Li Lai
13252,2023,2023,1,1,,,1,,0,True,False,0,1,,0.0,1,0,0.0,0,0,2,0,2,0,2,0,13252.0,Ming Feng,,Ming Feng
13253,2023,2023,1,1,,,1,,0,True,False,0,1,,0.0,1,0,0.0,0,0,2,0,2,0,2,0,13253.0,Na Song,,Na Song
13261,2027,2027,1,1,,,1,,0,True,True,0,3,,0.0,2,0,0.0,0,0,1,0,1,0,1,1,13261.0,Chao Shao,,Chao Shao
13263,2026,2026,1,1,,,1,,0,True,True,0,1,,0.0,0,0,0.0,0,0,1,0,1,0,1,0,13263.0,Lei Lin,,Lei Lin
13264,2026,2026,1,1,,,1,,0,True,True,0,1,,0.0,0,0,0.0,0,0,1,0,1,0,2,0,13264.0,Tao Fan,,Tao Fan
13265,2026,2026,1,1,,,1,,0,True,True,0,1,,0.0,0,0,0.0,0,0,1,0,1,0,1,0,13265.0,Yong Zhao,,Yong Zhao
13267,2027,2027,1,1,,,1,,0,True,True,0,2,,0.0,0,0,0.0,0,0,1,0,1,0,1,0,13267.0,Carol Wallace,,Carol Wallace
13268,2027,2027,1,1,,,1,,0,True,True,0,2,,0.0,0,0,0.0,0,0,1,0,1,0,1,0,13268.0,Haley Adams,,Haley Adams
13270,2027,2027,1,1,,,1,,0,True,True,0,2,,0.0,0,0,0.0,0,0,1,0,1,0,2,0,13270.0,David Castaneda,,David Castaneda
13271,2027,2027,1,1,,,1,,0,True,True,0,2,,0.0,0,0,0.0,0,0,1,0,1,0,1,0,13271.0,Eric Boyd,,Eric Boyd
13274,2026,2026,1,1,,,1,,0,True,True,0,1,,0.0,0,0,0.0,0,0,2,0,2,0,2,0,13274.0,Nicole Valenzuela,,Nicole Valenzuela
13277,2023,2023,1,1,2023,2023,1,0,0,True,False,0,1,17,0.0,1,0,0.0,0,0,1,0,1,0,1,0,13277.0,Min Chang,,Min Chang
13278,2023,2023,1,1,2023,2023,1,0,0,True,False,0,1,17,0.0,1,0,0.0,0,0,1,0,1,0,1,0,13278.0,Jing Su,,Jing Su
13281,2030,2030,1,1,,,1,,0,True,True,1,4,,0.0,3,0,0.0,0,0,1,0,1,0,1,3,13281.0,Lei Zeng,,Lei Zeng
13283,2027,2027,1,1,,,1,,0,True,True,0,1,,0.0,3,0,0.0,0,0,2,0,2,0,1,0,13283.0,Yang Xue,,Yang Xue
13284,2025,2027,2,2,2025,2025,1,0,2,True,True,0,2,15,0.0,4,0,2.5,0,0,2,0,2,0,1,0,13284.0,Juan Jin,,Juan Jin
13285,2025,2028,3,3,2025,2025,1,0,3,True,True,0,5,15,0.0,3,0,3.785714285714285,0,0,2,1,3,1,2,0,13285.0,Tao Fang,,Tao Fang
13289,2024,2024,1,1,2024,2024,1,0,0,True,False,0,2,16,0.0,1,0,0.0,0,0,0,0,0,0,2,0,13289.0,Wei Wan,,Wei Wan
13290,2024,2024,1,1,2024,2024,1,0,0,True,False,0,2,16,0.0,1,0,0.0,0,0,0,0,0,0,1,0,13290.0,Min Gao,,Min Gao
13291,2024,2024,1,1,2024,2024,1,0,0,True,False,0,2,16,0.0,1,0,0.0,0,0,0,0,0,0,1,0,13291.0,Richard Sweeney,,Richard Sweeney
13292,2024,2024,1,1,2024,2024,1,0,0,True,False,0,2,16,0.0,1,0,0.0,0,0,0,0,0,0,1,0,13292.0,Fang Chen,,Fang Chen
13294,2024,2024,1,1,2024,2024,1,0,0,True,False,0,2,16,0.0,1,0,0.0,0,0,0,0,0,0,1,0,13294.0,Juan Zhang,,Juan Zhang
13295,2024,2024,1,1,2024,2024,1,0,0,True,False,0,2,16,0.0,1,0,0.0,0,0,0,0,0,0,1,0,13295.0,Brandi Noble,,Brandi Noble
13299,2024,2026,2,2,2026,2026,2,2,2,True,False,0,2,14,0.0,0,0,1.0,0,0,3,0,3,0,1,0,13299.0,Shohei Ito,,Shohei Ito
13300,2024,2024,1,1,,,1,,0,True,False,0,1,,0.0,0,0,0.0,0,0,2,0,2,0,1,0,13300.0,Rika Tanaka,,Rika Tanaka
13301,2024,2024,1,1,,,1,,0,True,False,0,1,,0.0,0,0,0.0,0,0,2,0,2,0,1,0,13301.0,Haruka Nishimura,,Haruka Nishimura
13306,2021,2021,1,1,,,1,,0,True,False,0,2,,0.0,1,0,0.0,0,0,1,0,1,0,2,0,13306.0,Jie Duan,,Jie Duan
13307,1998,1998,1,1,,,1,,0,True,False,0,1,,0.0,2,0,0.0,0,0,2,0,2,0,1,0,13307.0,Yong Ren,,Yong Ren
13308,2021,2021,1,1,,,1,,0,True,False,0,2,,0.0,1,0,0.0,0,0,1,0,1,0,1,0,13308.0,Xia Hu,,Xia Hu
13311,2017,2017,1,1,,,1,,0,True,False,0,4,,0.0,1,0,0.0,0,0,2,0,2,0,1,0,13311.0,Na Shao,,Na Shao
13313,2026,2026,1,1,2026,2026,1,0,0,True,True,0,1,14,0.0,0,0,0.0,0,0,1,0,1,0,2,0,13313.0,Rika Maeda,,Rika Maeda
13314,2026,2026,1,1,2026,2026,1,0,0,True,True,0,1,14,0.0,0,0,0.0,0,0,1,0,1,0,1,0,13314.0,Hanako Yamaguchi,,Hanako Yamaguchi
13317,2028,2028,1,1,,,1,,0,True,True,0,2,,0.0,0,0,0.0,0,0,2,0,2,0,1,0,13317.0,Xia Zhou,,Xia Zhou
13318,2028,2028,1,1,,,1,,0,True,True,0,2,,0.0,0,0,0.0,0,0,2,0,2,0,1,0,13318.0,Sarah Wilson,,Sarah Wilson
13319,2028,2028,1,1,,,1,,0,True,True,0,2,,0.0,0,0,0.0,0,0,2,0,2,0,1,0,13319.0,Yan Yuan,,Yan Yuan
13322,2025,2025,1,1,2025,2025,1,0,0,True,True,0,5,15,0.0,0,0,0.0,0,0,1,0,1,2,1,0,13322.0,Danielle Martin,,Danielle Martin
13323,2025,2025,1,1,2025,2025,1,0,0,True,True,0,5,15,0.0,0,0,0.0,0,0,1,0,1,2,2,0,13323.0,Jonathan Vasquez,,Jonathan Vasquez
13326,2004,2004,1,1,,,1,,0,True,False,0,0,,0.0,0,0,0.0,0,0,1,0,1,0,1,0,13326.0,Ann Holland,,Ann Holland
13328,2017,2017,1,1,,,1,,0,True,False,0,1,,0.0,1,0,0.0,0,0,1,0,1,0,2,0,13328.0,Guiying Qin,,Guiying Qin
13329,2017,2017,1,1,,,1,,0,True,False,0,1,,0.0,1,0,0.0,0,0,1,0,1,0,1,0,13329.0,Na Jin,,Na Jin
13330,2010,2010,1,1,,,1,,0,True,False,0,1,,0.0,2,0,0.0,0,0,1,0,1,0,2,0,13330.0,Li He,,Li He
13333,2022,2022,1,1,,,1,,0,True,False,0,4,,0.0,3,0,0.0,0,0,2,0,2,1,1,0,13333.0,Rita Morrison, Sage, Sage
13334,2022,2022,1,1,,,1,,0,True,False,0,4,,0.0,3,0,0.0,0,0,2,0,2,1,1,0,13334.0,David Rodriguez,,David Rodriguez
13337,2026,2026,1,0,,,1,,0,True,True,0,2,,0.0,0,0,0.0,0,0,1,0,1,0,1,0,13337.0,Elizabeth Leon,,Elizabeth Leon
13338,2026,2026,1,0,,,1,,0,True,True,0,2,,0.0,0,0,0.0,0,0,1,0,1,0,1,0,13338.0,Peter Byrd,,Peter Byrd
13340,2026,2026,1,0,,,1,,0,True,True,0,2,,0.0,0,0,0.0,0,0,1,0,1,0,1,0,13340.0,Megan Stephenson,,Megan Stephenson
13344,2021,2021,1,1,,,1,,0,True,False,0,2,,0.0,0,0,0.0,0,0,2,0,2,1,1,0,13344.0,Paul-Louis Benard,,Paul-Louis Benard
13347,2023,2023,1,1,,,1,,0,True,False,0,1,,0.0,0,0,0.0,0,0,2,0,2,0,1,0,13347.0,Matthew Hill, T.R. Black, T.R. Black
13348,2023,2023,1,1,,,1,,0,True,False,0,1,,0.0,0,0,0.0,0,0,2,0,2,0,1,0,13348.0,Alicia Kelly,,Alicia Kelly
13349,2022,2022,1,1,,,1,,0,True,False,0,1,,0.0,0,0,0.0,0,0,1,0,1,0,1,0,13349.0,Brian Palmer,,Brian Palmer
13351,2023,2023,1,1,,,1,,0,True,False,0,1,,0.0,0,0,0.0,0,0,2,0,2,0,1,0,13351.0,Connie Estrada,,Connie Estrada
13352,2022,2023,2,2,,,1,,1,True,False,0,2,,0.0,0,0,7.0,0,0,2,0,2,0,2,0,13352.0,Ryan Rodriguez,,Ryan Rodriguez
13353,2022,2023,2,2,,,1,,1,True,False,0,2,,0.0,0,0,7.0,0,0,2,0,2,0,1,0,13353.0,Brittany Bush,,Brittany Bush
13354,2022,2023,2,2,,,1,,1,True,False,0,2,,0.0,0,0,7.0,0,0,2,0,2,0,2,0,13354.0,Sarah Wheeler,,Sarah Wheeler
13355,2022,2023,2,2,,,1,,1,True,False,0,2,,0.0,0,0,7.0,0,0,2,0,2,0,1,0,13355.0,Katelyn Johnson,,Katelyn Johnson
13356,2022,2023,2,2,,,1,,1,True,False,0,2,,0.0,0,0,7.0,0,0,2,0,2,0,1,0,13356.0,William Fuentes,,William Fuentes
13360,2001,2001,1,1,2001,2001,1,0,0,True,False,0,1,39,0.0,0,0,0.0,0,0,1,0,1,0,2,0,13360.0,Sylwia Hołota,,Sylwia Hołota
13365,2012,2012,1,1,,,1,,0,True,False,0,2,,0.0,3,0,0.0,0,0,1,0,1,0,1,0,13365.0,Lia Wähner-Weimer,,Lia Wähner-Weimer
13367,2029,2029,1,1,,,1,,0,True,True,0,1,,0.0,0,0,0.0,0,0,1,0,1,0,2,0,13367.0,Wei Yan,,Wei Yan
13368,2029,2029,1,1,,,1,,0,True,True,0,1,,0.0,0,0,0.0,0,0,1,0,1,0,1,0,13368.0,Taro Mori,,Taro Mori
13372,2021,2025,2,2,2025,2025,1,4,4,True,False,0,2,15,0.0,1,0,0.25,0,0,3,0,3,1,2,1,13372.0,Yang Zeng,,Yang Zeng
13375,2007,2013,2,2,,,1,,6,True,False,0,3,,0.0,5,0,0.6666666666666666,0,0,2,0,2,0,1,0,13375.0,Xiuying Cui,,Xiuying Cui
13378,2030,2030,1,1,,,1,,0,True,True,1,2,,0.0,0,0,0.0,0,0,1,0,1,0,1,0,13378.0,Yan Zhang,,Yan Zhang
13382,2017,2017,1,1,,,1,,0,True,False,0,0,,0.0,0,0,0.0,0,0,1,0,1,0,1,0,13382.0,Peggy West,,Peggy West
13383,2017,2017,1,1,,,1,,0,True,False,0,0,,0.0,0,0,0.0,0,0,1,0,1,0,1,0,13383.0,Sydney Gonzalez,,Sydney Gonzalez
13384,2017,2017,1,1,,,1,,0,True,False,0,0,,0.0,0,0,0.0,0,0,1,0,1,0,2,0,13384.0,Arthur Miller,,Arthur Miller
13385,2017,2017,1,1,,,1,,0,True,False,0,0,,0.0,0,0,0.0,0,0,1,0,1,0,2,0,13385.0,Luis King,,Luis King
13386,2017,2017,1,1,,,1,,0,True,False,0,0,,0.0,0,0,0.0,0,0,1,0,1,0,1,0,13386.0,Joshua Thomas,,Joshua Thomas
13387,2017,2017,1,1,,,1,,0,True,False,0,0,,0.0,0,0,0.0,0,0,1,0,1,0,1,0,13387.0,Kathleen Bean,,Kathleen Bean
13388,2017,2017,1,1,,,1,,0,True,False,0,0,,0.0,0,0,0.0,0,0,1,0,1,0,1,0,13388.0,Wei Tan,,Wei Tan
13390,2028,2028,1,1,,,1,,0,True,True,0,5,,0.0,3,0,0.0,0,0,2,0,2,0,1,0,13390.0,Yan Fang,,Yan Fang
13391,2028,2028,1,1,,,1,,0,True,True,0,5,,0.0,3,0,0.0,0,0,2,0,2,0,1,0,13391.0,Anita Szałata,,Anita Szałata
13393,2014,2014,1,1,,,1,,0,True,False,0,1,,0.0,0,0,0.0,0,0,1,0,1,0,1,0,13393.0,Lei Cao,,Lei Cao
13394,2014,2014,1,1,,,1,,0,True,False,0,1,,0.0,0,0,0.0,0,0,1,0,1,0,1,0,13394.0,Lei Ding,,Lei Ding
13395,2014,2014,1,1,,,1,,0,True,False,0,1,,0.0,0,0,0.0,0,0,1,0,1,0,1,0,13395.0,Xiulan Xue,,Xiulan Xue
13397,2029,2029,1,1,,,1,,0,True,True,0,3,,0.0,1,0,0.0,0,0,1,0,1,0,1,2,13397.0,Yan Zhu,,Yan Zhu
13403,2014,2014,1,1,2014,2014,1,0,0,True,False,0,2,26,0.0,1,0,0.0,0,0,1,0,1,0,2,0,13403.0,Charles Wallace,,Charles Wallace
13405,2028,2028,1,1,,,1,,0,True,True,0,6,,0.0,0,0,0.0,0,0,0,0,0,3,1,1,13405.0,Li Mo, $PECTRUM, $PECTRUM
13406,2028,2028,1,1,,,1,,0,True,True,0,6,,0.0,0,0,0.0,0,0,0,0,0,3,1,1,13406.0,Jing Han,,Jing Han
13407,2028,2028,1,1,,,1,,0,True,True,0,6,,0.0,0,0,0.0,0,0,0,0,0,3,1,1,13407.0,Wei Xiong,,Wei Xiong
13408,2028,2028,1,1,,,1,,0,True,True,0,6,,0.0,0,0,0.0,0,0,0,0,0,3,1,1,13408.0,Yang Sun,,Yang Sun
13409,2028,2028,1,1,,,1,,0,True,True,0,6,,0.0,0,0,0.0,0,0,0,0,0,3,1,1,13409.0,Xia Fang,,Xia Fang
13410,2028,2028,1,1,,,1,,0,True,True,0,6,,0.0,0,0,0.0,0,0,0,0,0,3,2,1,13410.0,Jun Meng,,Jun Meng
13411,2028,2028,1,1,,,1,,0,True,True,0,6,,0.0,0,0,0.0,0,0,0,0,0,3,1,1,13411.0,Yong Liang,,Yong Liang
13414,2022,2022,1,1,2022,2022,1,0,0,True,False,0,7,18,0.0,0,0,0.0,0,0,1,0,1,2,1,0,13414.0,Dhruv Mall,,Dhruv Mall
13415,2022,2022,1,1,2022,2022,1,0,0,True,False,0,7,18,0.0,0,0,0.0,0,0,1,0,1,2,2,0,13415.0,Audrey Johnson,,Audrey Johnson
13416,2022,2022,1,1,2022,2022,1,0,0,True,False,0,7,18,0.0,0,0,0.0,0,0,1,0,1,2,1,0,13416.0,Áurea Escobar-Jara,,Áurea Escobar-Jara
13420,2030,2030,1,1,2030,2030,1,0,0,True,True,1,1,10,0.0,0,0,0.0,0,0,1,0,1,1,2,0,13420.0,Fang Feng,,Fang Feng
13422,1994,1994,1,1,,,1,,0,True,False,0,1,,0.0,0,0,0.0,0,0,1,0,1,0,2,0,13422.0,Rozalia Ciepluch,,Rozalia Ciepluch
13425,2007,2007,1,1,,,1,,0,True,False,0,2,,0.0,0,0,0.0,0,0,1,0,1,0,1,0,13425.0,Lei Zhao,,Lei Zhao
13427,2007,2007,1,1,,,1,,0,True,False,0,2,,0.0,0,0,0.0,0,0,1,0,1,0,1,0,13427.0,Guiying Zeng,,Guiying Zeng
13432,2013,2013,1,1,,,1,,0,True,False,0,1,,0.0,0,0,0.0,0,0,1,0,1,0,1,1,13432.0,Chao Xiao,FLEX ALPHA,FLEX ALPHA
13433,2013,2013,1,1,,,1,,0,True,False,0,1,,0.0,0,0,0.0,0,0,1,0,1,0,1,1,13433.0,Ping Song,,Ping Song
13434,2013,2013,1,1,,,1,,0,True,False,0,1,,0.0,0,0,0.0,0,0,1,0,1,0,2,1,13434.0,Lei Zheng,,Lei Zheng
13435,2013,2013,1,1,,,1,,0,True,False,0,1,,0.0,0,0,0.0,0,0,1,0,1,0,1,1,13435.0,Xiulan Mo,,Xiulan Mo
13439,2019,2019,1,1,,,1,,0,True,False,0,4,,0.0,0,0,0.0,0,0,1,0,1,0,1,2,13439.0,Min Liang,,Min Liang
13440,2019,2019,1,1,,,1,,0,True,False,0,4,,0.0,0,0,0.0,0,0,1,0,1,0,1,2,13440.0,Na Li,,Na Li
13442,2007,2007,1,1,,,1,,0,True,False,0,0,,0.0,0,0,0.0,0,0,1,0,1,0,3,0,13442.0,Jun Pan,,Jun Pan
13443,2019,2019,1,1,,,1,,0,True,False,0,4,,0.0,0,0,0.0,0,0,1,0,1,0,2,2,13443.0,Xia Wang,,Xia Wang
13444,2019,2019,1,1,,,1,,0,True,False,0,4,,0.0,0,0,0.0,0,0,1,0,1,0,1,2,13444.0,Na Yi,,Na Yi
13445,2019,2019,1,1,,,1,,0,True,False,0,4,,0.0,0,0,0.0,0,0,1,0,1,0,1,2,13445.0,Xia Shao,,Xia Shao
13447,2023,2023,1,1,,,1,,0,True,False,0,2,,0.0,0,0,0.0,0,0,1,0,1,0,1,0,13447.0,Phillip Stone,,Phillip Stone
13448,2023,2023,1,1,,,1,,0,True,False,0,2,,0.0,0,0,0.0,0,0,1,0,1,0,1,0,13448.0,Angela Thompson,,Angela Thompson
13449,2023,2023,1,1,,,1,,0,True,False,0,2,,0.0,0,0,0.0,0,0,1,0,1,0,1,0,13449.0,Douglas Gray,,Douglas Gray
13450,2023,2023,1,1,,,1,,0,True,False,0,2,,0.0,0,0,0.0,0,0,1,0,1,0,1,0,13450.0,Steven Harris,,Steven Harris
13451,2023,2023,1,1,,,1,,0,True,False,0,2,,0.0,0,0,0.0,0,0,1,0,1,0,1,0,13451.0,Charles Thomas,,Charles Thomas
13453,2023,2023,1,1,,,1,,0,True,False,0,2,,0.0,0,0,0.0,0,0,1,0,1,0,2,0,13453.0,Brian Mathis,,Brian Mathis
13454,2023,2023,1,1,,,1,,0,True,False,0,2,,0.0,0,0,0.0,0,0,1,0,1,0,1,0,13454.0,Kimberly Brown,,Kimberly Brown
13455,2023,2023,1,1,,,1,,0,True,False,0,2,,0.0,0,0,0.0,0,0,1,0,1,0,1,0,13455.0,Brian Richard,,Brian Richard
13460,2028,2028,1,1,,,1,,0,True,True,0,4,,0.0,0,0,0.0,0,0,2,0,2,0,1,0,13460.0,Richard Kovář,,Richard Kovář
13462,2028,2028,1,1,,,1,,0,True,True,0,4,,0.0,0,0,0.0,0,0,2,0,2,0,1,0,13462.0,Karsten Löwer,,Karsten Löwer
13463,2028,2028,1,1,,,1,,0,True,True,0,4,,0.0,0,0,0.0,0,0,2,0,2,0,1,0,13463.0,Henri Drubin,,Henri Drubin
13466,2000,2000,1,1,,,1,,0,True,False,0,1,,0.0,3,0,0.0,0,0,1,0,1,0,1,0,13466.0,Na Xu,,Na Xu
13469,2000,2000,1,1,,,1,,0,True,False,0,1,,0.0,0,0,0.0,0,0,1,0,1,0,1,0,13469.0,Helene van der Dussen,,Helene van der Dussen
13471,2024,2024,1,1,,,1,,0,True,False,0,1,,0.0,0,0,0.0,0,0,1,0,1,0,2,0,13471.0,Guiying Shi,,Guiying Shi
13472,2024,2024,1,1,,,1,,0,True,False,0,1,,0.0,0,0,0.0,0,0,1,0,1,0,1,0,13472.0,Kathryn Spencer,,Kathryn Spencer
13473,2024,2024,1,1,,,1,,0,True,False,0,1,,0.0,0,0,0.0,0,0,1,0,1,0,1,0,13473.0,Qiang Song,,Qiang Song
13474,2024,2024,1,1,,,1,,0,True,False,0,1,,0.0,0,0,0.0,0,0,1,0,1,0,1,0,13474.0,Jun Gao,,Jun Gao
13475,2024,2024,1,1,,,1,,0,True,False,0,1,,0.0,0,0,0.0,0,0,1,0,1,0,1,0,13475.0,Xiuying Su,,Xiuying Su
13477,2013,2013,1,1,,,1,,0,True,False,0,1,,0.0,0,0,0.0,0,0,1,0,1,0,1,0,13477.0,Rebecca Austin,,Rebecca Austin
13478,2013,2013,1,1,,,1,,0,True,False,0,1,,0.0,0,0,0.0,0,0,1,0,1,0,1,0,13478.0,Martin Frederick,,Martin Frederick
13479,2013,2013,1,1,,,1,,0,True,False,0,1,,0.0,0,0,0.0,0,0,1,0,1,0,1,0,13479.0,Laura Clark,,Laura Clark
13482,2004,2004,1,0,,,1,,0,True,False,0,0,,0.0,1,0,0.0,0,0,2,0,2,0,1,0,13482.0,Chao Kong,,Chao Kong
13483,2004,2014,2,1,2014,2014,1,10,10,True,False,0,5,26,0.0,2,0,0.3,0,0,3,0,3,1,1,0,13483.0,Guiying Yin,,Guiying Yin
13485,2010,2010,1,1,,,1,,0,True,False,0,1,,0.0,2,0,0.0,0,0,1,0,1,0,1,0,13485.0,Qiang Yuan,,Qiang Yuan
13488,2019,2019,1,1,,,1,,0,True,False,0,0,,0.0,1,0,0.0,0,0,2,0,2,0,2,0,13488.0,Donna Anderson,,Donna Anderson
13490,2026,2029,2,2,2029,2029,2,3,3,True,True,0,3,11,0.0,0,0,2.3333333333333335,0,0,1,0,1,0,1,0,13490.0,Theresa Lopez,,Theresa Lopez
13491,2029,2029,1,1,2029,2029,1,0,0,True,True,0,1,11,0.0,0,0,0.0,0,0,0,0,0,0,2,0,13491.0,Curtis Doyle,,Curtis Doyle
13492,2026,2026,1,1,,,1,,0,True,True,0,2,,0.0,0,0,0.0,0,0,1,0,1,0,1,0,13492.0,Daniel Miller,,Daniel Miller
13493,2026,2029,2,2,2029,2029,2,3,3,True,True,0,3,11,0.0,0,0,2.3333333333333335,0,0,1,0,1,0,1,0,13493.0,Jeffrey Medina,,Jeffrey Medina
13494,2026,2029,2,2,2029,2029,2,3,3,True,True,0,3,11,0.0,0,0,2.3333333333333335,0,0,1,0,1,0,1,0,13494.0,Joy Blanchard,,Joy Blanchard
13495,2026,2029,2,2,2029,2029,2,3,3,True,True,0,3,11,0.0,0,0,2.3333333333333335,0,0,1,0,1,0,1,0,13495.0,Melissa Williams,,Melissa Williams
13496,2026,2029,2,2,2029,2029,2,3,3,True,True,0,3,11,0.0,0,0,2.3333333333333335,0,0,1,0,1,0,2,0,13496.0,Gail Nguyen,,Gail Nguyen
13497,2026,2026,1,1,,,1,,0,True,True,0,2,,0.0,0,0,0.0,0,0,1,0,1,0,1,0,13497.0,James Vaughn,,James Vaughn
13501,2030,2030,1,1,,,1,,0,True,True,1,2,,0.0,0,0,0.0,0,0,0,0,0,0,1,0,13501.0,Juan Yi,,Juan Yi
13505,2024,2024,1,1,,,1,,0,True,False,0,1,,0.0,1,0,0.0,0,0,1,0,1,1,1,0,13505.0,Yong Gao,,Yong Gao
13507,2024,2024,1,1,,,1,,0,True,False,0,1,,0.0,1,0,0.0,0,0,1,0,1,1,1,0,13507.0,Jing Duan,,Jing Duan
13510,2023,2023,1,1,,,1,,0,True,False,0,1,,0.0,1,0,0.0,0,0,1,0,1,0,1,1,13510.0,Chao Liu,,Chao Liu
13513,2007,2007,1,1,,,1,,0,True,False,0,0,,0.0,0,0,0.0,0,0,0,0,0,0,1,0,13513.0,Fang Du,,Fang Du
13517,2024,2024,2,2,,,2,,0,True,False,0,3,,0.0,1,0,0.0,0,0,2,0,2,0,1,0,13517.0,Qiang Zhu,,Qiang Zhu
13518,2020,2024,2,2,,,2,,4,True,False,0,3,,0.0,2,0,0.5,0,0,2,0,2,0,1,0,13518.0,Paulo Oestrovsky,,Paulo Oestrovsky
13522,2017,2017,1,1,2017,2017,1,0,0,True,False,0,1,23,0.0,0,0,0.0,0,0,2,0,2,0,1,0,13522.0,Kyle Lawrence,,Kyle Lawrence
13524,2000,2000,1,1,,,1,,0,True,False,0,0,,0.0,2,0,0.0,0,0,2,0,2,0,1,0,13524.0,Lorenz Förster-Barth,,Lorenz Förster-Barth
13526,1987,1987,1,1,1987,1987,1,0,0,True,False,0,0,53,0.0,0,0,0.0,0,0,2,0,2,0,1,0,13526.0,Daniel Smith,,Daniel Smith
13531,2017,2017,1,1,,,1,,0,True,False,0,2,,0.0,0,0,0.0,0,0,2,0,2,0,1,2,13531.0,Amber Ramsey,,Amber Ramsey
13532,2017,2017,1,1,,,1,,0,True,False,0,2,,0.0,0,0,0.0,0,0,2,0,2,0,1,2,13532.0,Edward Little,,Edward Little
13534,2017,2029,2,2,,,2,,12,True,False,0,4,,0.0,1,0,0.25,0,0,3,0,3,1,3,2,13534.0,Chad Marks,,Chad Marks
13536,2023,2023,1,1,,,1,,0,True,False,0,2,,0.0,2,0,0.0,0,0,1,0,1,2,1,0,13536.0,Xiulan Shen,,Xiulan Shen
13537,2023,2023,1,1,,,1,,0,True,False,0,2,,0.0,2,0,0.0,0,0,1,0,1,2,1,0,13537.0,Lisa Payne,,Lisa Payne
13540,2020,2020,1,1,2020,2020,1,0,0,True,False,0,1,20,0.0,0,0,0.0,0,0,1,0,1,0,1,0,13540.0,Martin Guilbert,,Martin Guilbert
13541,2020,2020,1,1,2020,2020,1,0,0,True,False,0,1,20,0.0,0,0,0.0,0,0,1,0,1,0,1,0,13541.0,Benjamin Dupuis-Lévy,,Benjamin Dupuis-Lévy
13542,2020,2020,1,1,2020,2020,1,0,0,True,False,0,1,20,0.0,0,0,0.0,0,0,1,0,1,0,1,0,13542.0,Alain Delannoy,,Alain Delannoy
13547,2019,2019,1,1,,,1,,0,True,False,0,1,,0.0,0,0,0.0,0,0,1,0,1,0,1,0,13547.0,Jun Shi, Mars, Mars
13548,2019,2019,1,1,,,1,,0,True,False,0,1,,0.0,0,0,0.0,0,0,1,0,1,0,2,0,13548.0,Nicole Bass,,Nicole Bass
13550,2013,2013,1,1,,,1,,0,True,False,0,1,,0.0,3,0,0.0,0,0,1,0,1,0,1,0,13550.0,Li Wan,,Li Wan
13553,2021,2021,1,1,,,1,,0,True,False,0,0,,0.0,0,0,0.0,0,0,1,0,1,0,1,0,13553.0,Aylin Sire,,Aylin Sire
13554,2021,2021,1,1,,,1,,0,True,False,0,0,,0.0,0,0,0.0,0,0,1,0,1,0,1,0,13554.0,Calogero Mezzetta,,Calogero Mezzetta
13555,2021,2021,1,1,,,1,,0,True,False,0,0,,0.0,0,0,0.0,0,0,1,0,1,0,1,0,13555.0,Luca Hazenveld,,Luca Hazenveld
13559,2020,2020,1,1,,,1,,0,True,False,0,0,,0.0,1,0,0.0,0,0,1,0,1,0,1,0,13559.0,Maria-Luise Flantz,,Maria-Luise Flantz
13560,2020,2020,1,1,,,1,,0,True,False,0,0,,0.0,1,0,0.0,0,0,1,0,1,0,1,0,13560.0,Vitus Heinz,,Vitus Heinz
13561,2020,2020,1,1,,,1,,0,True,False,0,0,,0.0,1,0,0.0,0,0,1,0,1,0,1,0,13561.0,Pedro Scholtz,,Pedro Scholtz
13562,2020,2020,1,1,,,1,,0,True,False,0,0,,0.0,1,0,0.0,0,0,1,0,1,0,1,0,13562.0,Johanne Salz,,Johanne Salz
13566,2015,2015,1,1,,,1,,0,True,False,0,0,,0.0,0,0,0.0,0,0,1,0,1,0,1,0,13566.0,Fang Deng,,Fang Deng
13569,2024,2024,1,1,,,1,,0,True,False,0,3,,0.0,0,0,0.0,0,0,1,0,1,0,1,0,13569.0,Amanda Frazier,,Amanda Frazier
13571,2029,2029,1,0,,,1,,0,True,True,0,1,,0.0,0,0,0.0,0,0,1,0,1,0,1,0,13571.0,Chao Tao,,Chao Tao
13572,2029,2029,1,0,,,1,,0,True,True,0,1,,0.0,0,0,0.0,0,0,1,0,1,0,1,0,13572.0,Jun Gong,,Jun Gong
13573,2029,2029,1,0,,,1,,0,True,True,0,1,,0.0,0,0,0.0,0,0,1,0,1,0,2,0,13573.0,Yang Zheng,,Yang Zheng
13575,2008,2008,1,1,,,1,,0,True,False,0,0,,0.0,2,0,0.0,0,0,2,0,2,0,1,0,13575.0,Li Song,,Li Song
13577,2014,2014,1,1,,,1,,0,True,False,0,1,,0.0,0,0,0.0,0,0,1,0,1,0,1,0,13577.0,Fiamma Baracca,,Fiamma Baracca
13578,2004,2014,2,2,,,2,,10,True,False,0,1,,0.0,0,0,0.0,0,0,1,0,1,0,2,0,13578.0,Lodovico Interminei,,Lodovico Interminei
13579,2014,2014,1,1,,,1,,0,True,False,0,1,,0.0,0,0,0.0,0,0,1,0,1,0,2,0,13579.0,Adriano Tomei,,Adriano Tomei
13581,2004,2004,1,1,,,1,,0,True,False,0,2,,0.0,2,0,0.0,0,0,1,0,1,0,2,0,13581.0,Gerhart Wieloch,,Gerhart Wieloch
13583,2017,2017,1,1,,,1,,0,True,False,0,1,,0.0,1,0,0.0,0,0,0,0,0,0,1,0,13583.0,Enzo Morlacchi-Grassi,,Enzo Morlacchi-Grassi
13585,2007,2007,1,1,,,1,,0,True,False,0,0,,0.0,0,0,0.0,0,0,1,0,1,0,1,0,13585.0,Nanami Takahashi,,Nanami Takahashi
13586,2007,2007,1,1,,,1,,0,True,False,0,0,,0.0,0,0,0.0,0,0,1,0,1,0,2,0,13586.0,Gang Wan,,Gang Wan
13587,2007,2007,1,1,,,1,,0,True,False,0,0,,0.0,0,0,0.0,0,0,1,0,1,0,1,0,13587.0,Yui Watanabe,,Yui Watanabe
13588,2007,2007,1,1,,,1,,0,True,False,0,0,,0.0,0,0,0.0,0,0,1,0,1,0,1,0,13588.0,Asuka Takahashi,,Asuka Takahashi
13593,2026,2026,1,1,,,1,,0,True,True,0,0,,0.0,0,0,0.0,0,0,1,0,1,0,2,0,13593.0,Gang Dai,,Gang Dai
13594,2026,2026,1,1,,,1,,0,True,True,0,0,,0.0,0,0,0.0,0,0,1,0,1,0,1,0,13594.0,Ming Song,,Ming Song
13595,2026,2026,1,1,,,1,,0,True,True,0,0,,0.0,0,0,0.0,0,0,1,0,1,0,1,0,13595.0,Xiuying Du,,Xiuying Du
13596,2026,2026,1,1,,,1,,0,True,True,0,0,,0.0,0,0,0.0,0,0,1,0,1,0,1,0,13596.0,Li Yuan,,Li Yuan
13597,2026,2026,1,1,,,1,,0,True,True,0,0,,0.0,0,0,0.0,0,0,1,0,1,0,1,0,13597.0,Xiulan Song,,Xiulan Song
13598,2026,2026,1,1,,,1,,0,True,True,0,0,,0.0,0,0,0.0,0,0,1,0,1,0,1,0,13598.0,Jun Long,,Jun Long
13599,2026,2026,1,1,,,1,,0,True,True,0,0,,0.0,0,0,0.0,0,0,1,0,1,0,1,0,13599.0,Chao Zhao,,Chao Zhao
13601,2025,2025,1,1,,,1,,0,True,True,0,2,,0.0,1,0,0.0,0,0,1,0,1,0,1,1,13601.0,Brittany Horn,,Brittany Horn
13604,2013,2013,1,1,,,1,,0,True,False,0,0,,0.0,3,0,0.0,0,0,1,0,1,0,2,0,13604.0,Ming Cheng,,Ming Cheng
13605,2013,2013,1,1,,,1,,0,True,False,0,0,,0.0,3,0,0.0,0,0,2,0,2,0,2,0,13605.0,Michael Harris,,Michael Harris
13606,2013,2013,1,1,,,1,,0,True,False,0,0,,0.0,3,0,0.0,0,0,1,0,1,0,2,0,13606.0,James Moore,,James Moore
13608,2020,2020,1,1,,,1,,0,True,False,0,2,,0.0,5,0,0.0,0,0,1,0,1,1,1,0,13608.0,Li Deng,,Li Deng
13609,2020,2020,1,1,,,1,,0,True,False,0,2,,0.0,5,0,0.0,0,0,1,0,1,1,1,0,13609.0,Qiang Shi,,Qiang Shi
13612,2017,2018,2,2,,,2,,1,True,False,0,1,,0.0,1,0,3.0,0,0,2,0,2,0,1,0,13612.0,Gang Zhou,,Gang Zhou
13613,2018,2018,1,1,,,1,,0,True,False,0,0,,0.0,1,0,0.0,0,0,1,0,1,0,1,0,13613.0,Ping Yu,,Ping Yu
13614,2017,2018,2,2,,,2,,1,True,False,0,1,,0.0,1,0,3.0,0,0,2,0,2,0,3,0,13614.0,Yan He,,Yan He
13617,2013,2013,1,1,,,1,,0,True,False,0,1,,0.0,0,0,0.0,0,0,1,0,1,0,1,0,13617.0,Jie Cao,,Jie Cao
13618,2013,2013,1,1,,,1,,0,True,False,0,1,,0.0,0,0,0.0,0,0,1,0,1,0,1,0,13618.0,Randy Vasquez,,Randy Vasquez
13621,2029,2029,1,1,,,1,,0,True,True,0,1,,0.0,0,0,0.0,0,0,0,0,0,0,1,0,13621.0,Stephanie Brown,,Stephanie Brown
13626,2028,2028,1,1,,,1,,0,True,True,0,1,,0.0,0,0,0.0,0,0,1,0,1,0,1,0,13626.0,Sara Laszuk,,Sara Laszuk
13629,2020,2020,1,1,,,1,,0,True,False,0,2,,0.0,0,0,0.0,0,0,1,0,1,0,1,0,13629.0,Gertrude Dietz-Drub,,Gertrude Dietz-Drub
13630,2020,2020,1,1,,,1,,0,True,False,0,2,,0.0,0,0,0.0,0,0,1,0,1,0,1,0,13630.0,Krista Fritsch,,Krista Fritsch
13633,2016,2016,1,1,2016,2016,1,0,0,True,False,0,1,24,0.0,0,0,0.0,0,0,1,0,1,0,2,0,13633.0,Erica Hernandez, Pete Castle, Pete Castle
13634,2016,2016,1,1,2016,2016,1,0,0,True,False,0,1,24,0.0,0,0,0.0,0,0,1,0,1,0,1,0,13634.0,Kathy Johnson,,Kathy Johnson
13635,2016,2016,1,1,2016,2016,1,0,0,True,False,0,1,24,0.0,0,0,0.0,0,0,1,0,1,0,1,0,13635.0,Lee Butler,,Lee Butler
13636,2016,2016,1,1,2016,2016,1,0,0,True,False,0,1,24,0.0,0,0,0.0,0,0,1,0,1,0,1,0,13636.0,Jules Paris,,Jules Paris
13641,2017,2017,1,1,2017,2017,1,0,0,True,False,0,2,23,0.0,2,0,0.0,0,0,2,0,2,0,1,0,13641.0,Sibylla Beyer,,Sibylla Beyer
13646,2023,2023,1,1,2023,2023,1,0,0,True,False,0,1,17,0.0,0,0,0.0,0,0,1,0,1,0,1,0,13646.0,Zachary Wells,,Zachary Wells
13647,2023,2023,1,1,2023,2023,1,0,0,True,False,0,1,17,0.0,0,0,0.0,0,0,1,0,1,0,1,0,13647.0,Suzanne Martinez,,Suzanne Martinez
13649,2027,2027,1,1,,,1,,0,True,True,0,2,,0.0,2,0,0.0,0,0,1,0,1,0,1,0,13649.0,Guy Voisin,,Guy Voisin
13650,2027,2027,1,1,,,1,,0,True,True,0,2,,0.0,2,0,0.0,0,0,1,0,1,0,1,0,13650.0,Alain du Vaillant,,Alain du Vaillant
13653,2010,2010,1,1,,,1,,0,True,False,0,0,,0.0,0,0,0.0,0,0,1,0,1,0,2,0,13653.0,Orlando Garzoni,,Orlando Garzoni
13655,2000,2000,1,1,,,1,,0,True,False,0,1,,0.0,1,0,0.0,0,0,1,0,1,0,1,0,13655.0,Leon Misiurek, Stellar Crow, Stellar Crow
13656,2000,2000,1,1,,,1,,0,True,False,0,1,,0.0,1,0,0.0,0,0,1,0,1,0,1,0,13656.0,Gustaw Reich,,Gustaw Reich
13660,2022,2022,1,1,,,1,,0,True,False,0,0,,0.0,0,0,0.0,0,0,2,0,2,0,1,0,13660.0,Juan Brown, Nova VI, Nova VI
13661,2022,2022,1,1,,,1,,0,True,False,0,0,,0.0,0,0,0.0,0,0,2,0,2,0,1,0,13661.0,Thomas Brown, DA VINCI, DA VINCI
13662,2022,2022,1,1,,,1,,0,True,False,0,0,,0.0,0,0,0.0,0,0,2,0,2,0,1,0,13662.0,Ivonne Austermühle,,Ivonne Austermühle
13663,2022,2022,1,1,,,1,,0,True,False,0,0,,0.0,0,0,0.0,0,0,2,0,2,0,1,0,13663.0,Ernst-August Hamann-Junck,,Ernst-August Hamann-Junck
13664,2022,2022,1,1,,,1,,0,True,False,0,0,,0.0,0,0,0.0,0,0,2,0,2,0,1,0,13664.0,Eckehard Kabus-Barth,,Eckehard Kabus-Barth
13665,2022,2022,1,1,,,1,,0,True,False,0,0,,0.0,0,0,0.0,0,0,2,0,2,0,1,0,13665.0,Irmtrud Jessel,,Irmtrud Jessel
13667,2022,2022,1,1,,,1,,0,True,False,0,0,,0.0,0,0,0.0,0,0,2,0,2,0,1,0,13667.0,Isabelle Bloch,,Isabelle Bloch
13668,2022,2022,1,1,,,1,,0,True,False,0,0,,0.0,0,0,0.0,0,0,2,0,2,0,1,0,13668.0,Denis Pechel,,Denis Pechel
13669,2022,2022,1,1,,,1,,0,True,False,0,0,,0.0,0,0,0.0,0,0,2,0,2,0,1,0,13669.0,Franco Dietz,,Franco Dietz
13670,2022,2022,1,1,,,1,,0,True,False,0,0,,0.0,0,0,0.0,0,0,2,0,2,0,1,0,13670.0,Astrid Jockel-Hecker,,Astrid Jockel-Hecker
13671,2022,2022,1,1,,,1,,0,True,False,0,0,,0.0,0,0,0.0,0,0,2,0,2,0,1,0,13671.0,Sevim Holt,,Sevim Holt
13672,2022,2022,1,1,,,1,,0,True,False,0,0,,0.0,0,0,0.0,0,0,2,0,2,0,2,0,13672.0,Gerfried Schaaf,,Gerfried Schaaf
13673,2022,2022,1,1,,,1,,0,True,False,0,0,,0.0,0,0,0.0,0,0,2,0,2,0,1,0,13673.0,Sieghard Jäntsch-Kensy,,Sieghard Jäntsch-Kensy
13674,2022,2022,1,1,,,1,,0,True,False,0,0,,0.0,0,0,0.0,0,0,2,0,2,0,1,0,13674.0,Inna Wagner,,Inna Wagner
13675,2022,2022,1,1,,,1,,0,True,False,0,0,,0.0,0,0,0.0,0,0,2,0,2,0,1,0,13675.0,Margarete Löchel,,Margarete Löchel
13676,2022,2022,1,1,,,1,,0,True,False,0,0,,0.0,0,0,0.0,0,0,2,0,2,0,1,0,13676.0,Mirja Heintze,,Mirja Heintze
13677,2022,2022,1,1,,,1,,0,True,False,0,0,,0.0,0,0,0.0,0,0,2,0,2,0,1,0,13677.0,Erhard Blümel,,Erhard Blümel
13678,2022,2022,1,1,,,1,,0,True,False,0,0,,0.0,0,0,0.0,0,0,2,0,2,0,1,0,13678.0,Elias Beyer,,Elias Beyer
13679,2022,2022,1,1,,,1,,0,True,False,0,0,,0.0,0,0,0.0,0,0,2,0,2,0,1,0,13679.0,Sarah Miles,,Sarah Miles
13682,2010,2010,1,1,,,1,,0,True,False,0,1,,0.0,0,0,0.0,0,0,2,0,2,0,1,0,13682.0,Wei Feng,,Wei Feng
13683,2010,2010,1,1,,,1,,0,True,False,0,1,,0.0,0,0,0.0,0,0,2,0,2,0,2,0,13683.0,Yong Wei,,Yong Wei
13684,2010,2010,1,1,,,1,,0,True,False,0,1,,0.0,0,0,0.0,0,0,2,0,2,0,1,0,13684.0,Jun Mao,,Jun Mao
13685,2010,2010,1,1,,,1,,0,True,False,0,1,,0.0,0,0,0.0,0,0,2,0,2,0,1,0,13685.0,Ping Fu,,Ping Fu
13686,2010,2010,1,1,,,1,,0,True,False,0,1,,0.0,0,0,0.0,0,0,2,0,2,0,2,0,13686.0,Ming Xia,,Ming Xia
13688,2027,2027,1,1,,,1,,0,True,True,0,2,,0.0,0,0,0.0,0,0,1,0,1,1,1,0,13688.0,Morgan Carlson,,Morgan Carlson
13690,2027,2027,1,1,,,1,,0,True,True,0,2,,0.0,0,0,0.0,0,0,1,0,1,1,2,0,13690.0,Pamela Ayala,,Pamela Ayala
13692,2026,2026,1,1,,,1,,0,True,True,0,6,,0.0,1,0,0.0,0,0,1,0,1,0,1,5,13692.0,Craig Lewis,,Craig Lewis
13693,2026,2026,1,1,,,1,,0,True,True,0,6,,0.0,1,0,0.0,0,0,1,0,1,0,1,5,13693.0,Xiuying Huang,,Xiuying Huang
13694,2026,2026,1,1,,,1,,0,True,True,0,6,,0.0,1,0,0.0,0,0,1,0,1,0,1,5,13694.0,Ming Mao,,Ming Mao
13695,2026,2026,1,1,,,1,,0,True,True,0,6,,0.0,1,0,0.0,0,0,1,0,1,0,1,5,13695.0,Xia Mao,,Xia Mao
13696,2026,2026,1,1,,,1,,0,True,True,0,6,,0.0,1,0,0.0,0,0,1,0,1,0,1,5,13696.0,Jing Gao,,Jing Gao
13698,2015,2015,1,1,,,1,,0,True,False,0,0,,0.0,0,0,0.0,0,0,2,0,2,0,1,0,13698.0,Mituru Matsumoto,,Mituru Matsumoto
13699,2015,2015,1,1,,,1,,0,True,False,0,0,,0.0,0,0,0.0,0,0,2,0,2,0,2,0,13699.0,Satomi Inoue,,Satomi Inoue
13702,1995,1995,1,1,1995,1995,1,0,0,True,False,0,0,45,0.0,0,0,0.0,0,0,1,0,1,0,2,0,13702.0,Sheri Hernandez,Lyric,Lyric
13710,2013,2020,2,2,,,1,,7,True,False,0,3,,0.0,0,0,0.0,0,0,2,0,2,0,2,0,13710.0,Colin Wood,,Colin Wood
13712,2013,2013,1,1,,,1,,0,True,False,0,1,,0.0,1,0,0.0,0,0,2,0,2,0,1,0,13712.0,Ferenc Mälzer,The Paper Empires,The Paper Empires
13714,2028,2028,1,1,,,1,,0,True,True,0,4,,0.0,2,0,0.0,0,0,2,0,2,0,1,0,13714.0,Christopher Wilson,,Christopher Wilson
13715,2028,2028,1,1,,,1,,0,True,True,0,4,,0.0,2,0,0.0,0,0,2,0,2,0,2,0,13715.0,Nicholas Lawrence,,Nicholas Lawrence
13718,2029,2029,1,1,,,1,,0,True,True,0,1,,0.0,0,0,0.0,0,0,1,0,1,0,1,0,13718.0,Jeremy Jones,,Jeremy Jones
13719,2029,2029,1,1,,,1,,0,True,True,0,1,,0.0,0,0,0.0,0,0,1,0,1,0,1,0,13719.0,Yang Dai,,Yang Dai
13723,2018,2018,1,1,,,1,,0,True,False,0,6,,0.0,4,0,0.0,0,0,1,0,1,2,1,0,13723.0,Guiying Song,,Guiying Song
13726,2013,2013,1,1,2013,2013,1,0,0,True,False,0,1,27,0.0,3,0,0.0,0,0,1,0,1,0,1,0,13726.0,Juan Hao,,Juan Hao
13728,2021,2021,1,1,,,1,,0,True,False,0,2,,0.0,0,0,0.0,0,0,1,0,1,0,1,0,13728.0,Ian Santos,,Ian Santos
13730,2028,2028,1,0,,,1,,0,True,True,0,2,,0.0,0,0,0.0,0,0,1,0,1,0,1,0,13730.0,Xiuying Tan,,Xiuying Tan
13733,2012,2012,1,1,,,1,,0,True,False,0,0,,0.0,1,0,0.0,0,0,1,0,1,0,1,0,13733.0,Garrett Montoya,,Garrett Montoya
13737,2028,2028,1,1,2028,2028,1,0,0,True,True,0,1,12,0.0,0,0,0.0,0,0,1,0,1,0,1,0,13737.0,Guiying He,,Guiying He
13738,2028,2028,1,1,2028,2028,1,0,0,True,True,0,1,12,0.0,0,0,0.0,0,0,1,0,1,0,1,0,13738.0,Lei Cao,,Lei Cao
13739,2028,2028,1,1,2028,2028,1,0,0,True,True,0,1,12,0.0,0,0,0.0,0,0,1,0,1,0,2,0,13739.0,Fang Gao,,Fang Gao
13740,2028,2028,1,1,2028,2028,1,0,0,True,True,0,1,12,0.0,0,0,0.0,0,0,1,0,1,0,1,0,13740.0,Xiulan Hu,,Xiulan Hu
13742,2019,2019,1,1,2019,2019,1,0,0,True,False,0,1,21,0.0,0,0,0.0,0,0,1,0,1,0,2,0,13742.0,Yan Ma,,Yan Ma
13743,2019,2019,1,1,2019,2019,1,0,0,True,False,0,1,21,0.0,0,0,0.0,0,0,1,0,1,0,1,0,13743.0,Xia Jin,,Xia Jin
13744,2019,2019,1,1,2019,2019,1,0,0,True,False,0,1,21,0.0,0,0,0.0,0,0,1,0,1,0,1,0,13744.0,Fang Yu,,Fang Yu
13746,2019,2019,1,1,2019,2019,1,0,0,True,False,0,1,21,0.0,0,0,0.0,0,0,1,0,1,0,1,0,13746.0,Lei Cai,,Lei Cai
13748,2010,2010,1,1,,,1,,0,True,False,0,1,,0.0,0,0,0.0,0,0,0,0,0,0,1,0,13748.0,Kerry Henry,,Kerry Henry
13753,2020,2020,1,1,,,1,,0,True,False,0,0,,0.0,0,0,0.0,0,0,1,0,1,0,1,0,13753.0,Yang Xie,,Yang Xie
13754,2020,2020,1,1,,,1,,0,True,False,0,0,,0.0,0,0,0.0,0,0,1,0,1,0,1,0,13754.0,Yan Guo,,Yan Guo
13756,2026,2026,1,1,,,1,,0,True,True,0,1,,0.0,0,0,0.0,0,0,1,0,1,0,1,0,13756.0,Li He,,Li He
13757,2026,2026,1,1,,,1,,0,True,True,0,1,,0.0,0,0,0.0,0,0,1,0,1,0,1,0,13757.0,Yang Liu,,Yang Liu
13759,2010,2010,1,0,,,1,,0,True,False,0,0,,0.0,0,0,0.0,1,0,1,0,1,0,2,0,13759.0,Shelby Fletcher,,Shelby Fletcher
13760,2013,2013,1,1,,,1,,0,True,False,0,1,,0.0,0,0,0.0,0,0,0,0,0,0,2,0,13760.0,James Hall,,James Hall
13761,2013,2013,1,1,,,1,,0,True,False,0,1,,0.0,0,0,0.0,0,0,0,0,0,0,1,0,13761.0,Diana Mitchell,,Diana Mitchell
13764,2020,2020,1,0,,,1,,0,True,False,0,3,,0.0,0,0,0.0,0,0,1,0,1,1,1,0,13764.0,Konrad Szpyt, Luna Rey, Luna Rey
13765,2020,2020,1,0,,,1,,0,True,False,0,3,,0.0,0,0,0.0,0,0,1,0,1,1,1,0,13765.0,Jan Jaśko,,Jan Jaśko
13766,2020,2020,1,0,,,1,,0,True,False,0,3,,0.0,0,0,0.0,0,0,1,0,1,1,1,0,13766.0,Bobby Hester,,Bobby Hester
13767,2020,2020,1,0,,,1,,0,True,False,0,3,,0.0,0,0,0.0,0,0,1,0,1,1,2,0,13767.0,Matthew Smith,,Matthew Smith
13769,2027,2027,1,1,,,1,,0,True,True,0,2,,0.0,3,0,0.0,0,0,2,0,2,0,2,1,13769.0,Ming Hou,,Ming Hou
13770,2027,2027,1,1,,,1,,0,True,True,0,2,,0.0,3,0,0.0,0,0,2,0,2,0,1,1,13770.0,Chao Lin,,Chao Lin
13771,2027,2027,1,1,,,1,,0,True,True,0,2,,0.0,3,0,0.0,0,0,2,0,2,0,1,1,13771.0,Lei Yi,,Lei Yi
13773,1996,1996,1,1,,,1,,0,True,False,0,0,,0.0,0,0,0.0,0,0,1,0,1,0,1,0,13773.0,Xia Fang,,Xia Fang
13774,1996,1996,1,1,,,1,,0,True,False,0,0,,0.0,0,0,0.0,0,0,1,0,1,0,1,0,13774.0,Xiulan Xie,,Xiulan Xie
13776,1996,1996,1,1,,,1,,0,True,False,0,0,,0.0,0,0,0.0,0,0,1,0,1,0,1,0,13776.0,Li Lin,,Li Lin
13779,2004,2004,1,1,,,1,,0,True,False,0,0,,0.0,0,0,0.0,0,0,0,0,0,0,2,0,13779.0,Lagan Bhalla,,Lagan Bhalla
13783,2027,2027,1,1,,,1,,0,True,True,0,0,,0.0,0,0,0.0,0,0,1,0,1,0,1,0,13783.0,Xiuying Cao,,Xiuying Cao
13787,2024,2024,1,1,,,1,,0,True,False,0,1,,0.0,0,0,0.0,0,0,1,0,1,0,1,0,13787.0,Rachel Hogan,,Rachel Hogan
13788,2024,2024,1,1,,,1,,0,True,False,0,1,,0.0,0,0,0.0,0,0,1,0,1,0,1,0,13788.0,Brandon Wilson,,Brandon Wilson
13789,2024,2024,1,1,,,1,,0,True,False,0,1,,0.0,0,0,0.0,0,0,1,0,1,0,1,0,13789.0,John Brooks,,John Brooks
13790,2024,2024,1,1,,,1,,0,True,False,0,1,,0.0,0,0,0.0,0,0,1,0,1,0,1,0,13790.0,Kimberly Kim,,Kimberly Kim
13791,2024,2024,1,1,,,1,,0,True,False,0,1,,0.0,0,0,0.0,0,0,1,0,1,0,1,0,13791.0,Jason Lewis,,Jason Lewis
13792,2024,2024,1,1,,,1,,0,True,False,0,1,,0.0,0,0,0.0,0,0,1,0,1,0,1,0,13792.0,Li Jin,,Li Jin
13793,2024,2024,1,1,,,1,,0,True,False,0,1,,0.0,0,0,0.0,0,0,1,0,1,0,1,0,13793.0,Min Jia,,Min Jia
13795,2020,2020,1,1,,,1,,0,True,False,0,0,,0.0,0,0,0.0,0,0,2,0,2,0,1,0,13795.0,Dean Mullins, Frankie Vale, Frankie Vale
13796,2020,2020,1,1,,,1,,0,True,False,0,0,,0.0,0,0,0.0,0,0,2,0,2,0,1,0,13796.0,Valerie Stafford,,Valerie Stafford
13797,2020,2020,1,1,,,1,,0,True,False,0,0,,0.0,0,0,0.0,0,0,2,0,2,0,2,0,13797.0,Ruy Villa Coloma,,Ruy Villa Coloma
13798,2020,2020,1,1,,,1,,0,True,False,0,0,,0.0,0,0,0.0,0,0,2,0,2,0,1,0,13798.0,Kristen Rice,,Kristen Rice
13801,2019,2019,1,1,,,1,,0,True,False,0,4,,0.0,0,0,0.0,0,0,1,0,1,0,1,0,13801.0,Na Dong,,Na Dong
13802,2019,2019,1,1,,,1,,0,True,False,0,4,,0.0,0,0,0.0,0,0,1,0,1,0,2,0,13802.0,Jim Miller,,Jim Miller
13803,2019,2019,1,1,,,1,,0,True,False,0,4,,0.0,0,0,0.0,0,0,1,0,1,0,1,0,13803.0,Yong Wei,,Yong Wei
13806,2013,2017,2,2,,,1,,4,True,False,0,1,,0.0,3,0,0.5,0,0,1,0,1,0,1,0,13806.0,Tao Jiang,,Tao Jiang
13807,2017,2017,1,1,,,1,,0,True,False,0,1,,0.0,1,0,0.0,0,0,1,0,1,0,2,0,13807.0,Tao Feng,,Tao Feng
13810,2000,2028,2,2,,,2,,28,True,False,0,1,,0.0,0,0,0.0,0,0,1,0,1,0,1,0,13810.0,Eric Briggs,,Eric Briggs
13814,2024,2024,1,1,,,1,,0,True,False,0,3,,0.0,0,0,0.0,0,0,2,0,2,0,1,0,13814.0,Jing Cui,,Jing Cui
13816,2024,2024,1,1,,,1,,0,True,False,0,3,,0.0,0,0,0.0,0,0,2,0,2,0,1,0,13816.0,Jie Fu,,Jie Fu
13818,2027,2027,2,2,,,2,,0,True,True,0,11,,0.0,3,0,0.0,0,0,2,0,2,1,1,0,13818.0,Dennis Mcdowell,,Dennis Mcdowell
13822,2023,2023,1,1,,,1,,0,True,False,0,1,,0.0,2,0,0.0,0,0,1,0,1,0,1,0,13822.0,Ignatz Thanel-Hornich,,Ignatz Thanel-Hornich
13825,2020,2020,1,1,,,1,,0,True,False,0,2,,0.0,0,0,0.0,0,0,1,0,1,0,1,0,13825.0,James Cooper,,James Cooper
13826,2020,2020,1,1,,,1,,0,True,False,0,2,,0.0,0,0,0.0,0,0,1,0,1,0,2,0,13826.0,Xiuying He,,Xiuying He
13827,2020,2020,1,1,,,1,,0,True,False,0,2,,0.0,0,0,0.0,0,0,1,0,1,0,1,0,13827.0,Ming Xie,,Ming Xie
13828,2020,2020,1,1,,,1,,0,True,False,0,2,,0.0,0,0,0.0,0,0,1,0,1,0,1,0,13828.0,Jing Kang,,Jing Kang
13829,2020,2020,1,1,,,1,,0,True,False,0,2,,0.0,0,0,0.0,0,0,1,0,1,0,1,0,13829.0,Guiying Chang,,Guiying Chang
13830,2020,2020,1,1,,,1,,0,True,False,0,2,,0.0,0,0,0.0,0,0,1,0,1,0,1,0,13830.0,Wei Mo,,Wei Mo
13835,2023,2023,1,1,,,1,,0,True,False,0,2,,0.0,0,0,0.0,0,0,1,0,1,0,1,0,13835.0,Dawn Hopkins,,Dawn Hopkins
13837,2023,2023,1,1,,,1,,0,True,False,0,2,,0.0,0,0,0.0,0,0,1,0,1,0,1,0,13837.0,Sara Berger,,Sara Berger
13838,2023,2023,1,1,,,1,,0,True,False,0,2,,0.0,0,0,0.0,0,0,1,0,1,0,1,0,13838.0,Kenneth Douglas,,Kenneth Douglas
13843,2030,2030,1,1,,,1,,0,True,True,1,5,,0.0,0,0,0.0,0,0,1,0,1,2,2,0,13843.0,Theresa Jones,,Theresa Jones
13844,2030,2030,1,1,,,1,,0,True,True,1,5,,0.0,0,0,0.0,0,0,1,0,1,2,1,0,13844.0,Sean Phillips,,Sean Phillips
13845,2030,2030,1,1,,,1,,0,True,True,1,5,,0.0,0,0,0.0,0,0,1,0,1,2,1,0,13845.0,Ping Gu,,Ping Gu
13846,2030,2030,1,1,,,1,,0,True,True,1,5,,0.0,0,0,0.0,0,0,1,0,1,2,2,0,13846.0,Li Ren,,Li Ren
13847,2030,2030,1,1,,,1,,0,True,True,1,5,,0.0,0,0,0.0,0,0,1,0,1,2,1,0,13847.0,Jun Jia,,Jun Jia
13849,2012,2012,1,1,,,1,,0,True,False,0,1,,0.0,1,0,0.0,0,0,1,0,1,1,1,0,13849.0,Lei Song,,Lei Song
13851,2018,2024,3,3,,,2,,6,True,False,0,5,,0.0,1,0,1.0,0,0,1,0,1,0,2,0,13851.0,Rómulo Huertas,,Rómulo Huertas
13855,2029,2029,1,1,,,1,,0,True,True,0,1,,0.0,0,0,0.0,0,0,1,0,1,0,1,0,13855.0,Jacopo Vianello,,Jacopo Vianello
13856,2029,2029,1,1,,,1,,0,True,True,0,1,,0.0,0,0,0.0,0,0,1,0,1,0,1,0,13856.0,Giustino Carocci,,Giustino Carocci
13857,2029,2029,1,1,,,1,,0,True,True,0,1,,0.0,0,0,0.0,0,0,1,0,1,0,1,0,13857.0,Lara Scaramucci-Santi,,Lara Scaramucci-Santi
13858,2029,2029,1,1,,,1,,0,True,True,0,1,,0.0,0,0,0.0,0,0,1,0,1,0,2,0,13858.0,Camilla Zaccagnini-Bertoni,,Camilla Zaccagnini-Bertoni
13859,2029,2029,1,1,,,1,,0,True,True,0,1,,0.0,0,0,0.0,0,0,1,0,1,0,2,0,13859.0,Fortunata Zeffirelli,,Fortunata Zeffirelli
13860,2029,2029,1,1,,,1,,0,True,True,0,1,,0.0,0,0,0.0,0,0,1,0,1,0,1,0,13860.0,Emilio Farnese,,Emilio Farnese
13862,2023,2023,1,1,,,1,,0,True,False,0,1,,0.0,0,0,0.0,0,0,1,0,1,0,1,0,13862.0,Jessica Ward,,Jessica Ward
13863,2023,2023,1,1,,,1,,0,True,False,0,1,,0.0,0,0,0.0,0,0,1,0,1,0,1,0,13863.0,Meike Döhn,,Meike Döhn
13867,2023,2023,1,1,2023,2023,1,0,0,True,False,0,1,17,0.0,0,0,0.0,0,0,0,0,0,0,1,0,13867.0,Jo Stewart, $PARK, $PARK
13868,2023,2023,1,1,2023,2023,1,0,0,True,False,0,1,17,0.0,0,0,0.0,0,0,0,0,0,0,1,0,13868.0,Jake Bailey,,Jake Bailey
13870,2023,2023,1,1,2023,2023,1,0,0,True,False,0,1,17,0.0,0,0,0.0,0,0,0,0,0,0,1,0,13870.0,Alicia Jordan,,Alicia Jordan
13871,2023,2023,1,1,2023,2023,1,0,0,True,False,0,1,17,0.0,0,0,0.0,0,0,0,0,0,0,2,0,13871.0,Ronald Yates,,Ronald Yates
13876,2023,2023,1,1,,,1,,0,True,False,0,2,,0.0,0,0,0.0,0,0,1,0,1,0,1,0,13876.0,Li Hu,,Li Hu
13877,2023,2023,1,1,,,1,,0,True,False,0,2,,0.0,0,0,0.0,0,0,1,0,1,0,2,0,13877.0,Jun Wan,,Jun Wan
13878,2023,2023,1,1,,,1,,0,True,False,0,2,,0.0,0,0,0.0,0,0,1,0,1,0,1,0,13878.0,Jing Duan,,Jing Duan
13879,2023,2023,1,1,,,1,,0,True,False,0,2,,0.0,0,0,0.0,0,0,1,0,1,0,1,0,13879.0,Na Kong,,Na Kong
13880,2023,2023,1,1,,,1,,0,True,False,0,2,,0.0,0,0,0.0,0,0,1,0,1,0,1,0,13880.0,Tao Dai,,Tao Dai
13881,2023,2023,1,1,,,1,,0,True,False,0,2,,0.0,0,0,0.0,0,0,1,0,1,0,1,0,13881.0,Xiuying Ma,,Xiuying Ma
13882,2023,2023,1,1,,,1,,0,True,False,0,2,,0.0,0,0,0.0,0,0,1,0,1,0,2,0,13882.0,Chao Lai,,Chao Lai
13884,2007,2007,1,1,,,1,,0,True,False,0,0,,0.0,0,0,0.0,1,0,1,0,1,0,2,0,13884.0,Viktor Kreusel,,Viktor Kreusel
13885,2007,2007,1,1,,,1,,0,True,False,0,0,,0.0,0,0,0.0,1,0,1,0,1,0,1,0,13885.0,Clemens Henck,,Clemens Henck
13886,2007,2007,1,1,,,1,,0,True,False,0,0,,0.0,0,0,0.0,1,0,1,0,1,0,1,0,13886.0,Diether Lachmann,,Diether Lachmann
13887,2007,2007,1,1,,,1,,0,True,False,0,0,,0.0,0,0,0.0,1,0,1,0,1,0,2,0,13887.0,Marlene Juncken,,Marlene Juncken
13890,2020,2020,1,1,,,1,,0,True,False,0,3,,0.0,0,0,0.0,0,0,1,0,1,0,1,0,13890.0,Yong Lin,,Yong Lin
13892,1998,1998,1,1,,,1,,0,True,False,0,1,,0.0,2,0,0.0,0,0,2,0,2,0,1,0,13892.0,Na Qin,,Na Qin
13894,2024,2024,1,1,,,1,,0,True,False,0,1,,0.0,0,0,0.0,0,0,1,0,1,0,1,0,13894.0,Jun Luo,,Jun Luo
13896,2024,2024,1,1,,,1,,0,True,False,0,1,,0.0,0,0,0.0,0,0,1,0,1,0,1,0,13896.0,Wei Kong,,Wei Kong
13897,2024,2024,1,1,,,1,,0,True,False,0,1,,0.0,0,0,0.0,0,0,1,0,1,0,1,0,13897.0,Fang Han,,Fang Han
13898,2024,2024,1,1,,,1,,0,True,False,0,1,,0.0,0,0,0.0,0,0,1,0,1,0,1,0,13898.0,Katie Bryant,,Katie Bryant
13901,2017,2017,1,1,,,1,,0,True,False,0,1,,0.0,0,0,0.0,0,0,1,0,1,0,1,0,13901.0,Ryan Richards,,Ryan Richards
13902,2017,2017,1,1,,,1,,0,True,False,0,1,,0.0,0,0,0.0,0,0,1,0,1,0,1,0,13902.0,Tracy Vazquez,,Tracy Vazquez
13905,2020,2020,1,1,,,1,,0,True,False,0,1,,0.0,0,0,0.0,0,0,1,0,1,0,1,0,13905.0,Diana Trujillo,,Diana Trujillo
13906,2020,2020,1,1,,,1,,0,True,False,0,1,,0.0,0,0,0.0,0,0,1,0,1,0,2,0,13906.0,Christina Robinson,,Christina Robinson
13907,2020,2020,1,1,,,1,,0,True,False,0,1,,0.0,0,0,0.0,0,0,1,0,1,0,1,0,13907.0,Sharon Parrish,,Sharon Parrish
13908,2020,2020,1,1,,,1,,0,True,False,0,1,,0.0,0,0,0.0,0,0,1,0,1,0,1,0,13908.0,Brian Nguyen,,Brian Nguyen
13909,2020,2020,1,1,,,1,,0,True,False,0,1,,0.0,0,0,0.0,0,0,1,0,1,0,1,0,13909.0,Robert Anderson,,Robert Anderson
13911,2020,2020,1,1,,,1,,0,True,False,0,1,,0.0,0,0,0.0,0,0,1,0,1,0,1,0,13911.0,Samantha Snow,,Samantha Snow
13912,2020,2020,1,1,,,1,,0,True,False,0,1,,0.0,0,0,0.0,0,0,1,0,1,0,1,0,13912.0,Morgan Brown,,Morgan Brown
13914,2017,2017,1,1,,,1,,0,True,False,0,1,,0.0,0,0,0.0,0,0,1,0,1,0,2,0,13914.0,Heinz-Georg Bolzmann,,Heinz-Georg Bolzmann
13917,2029,2029,1,1,,,1,,0,True,True,0,2,,0.0,0,0,0.0,0,0,1,0,1,0,1,0,13917.0,Jie Feng,,Jie Feng
13918,2029,2029,1,1,,,1,,0,True,True,0,2,,0.0,0,0,0.0,0,0,1,0,1,0,2,0,13918.0,Yang Su,,Yang Su
13919,2029,2029,1,1,,,1,,0,True,True,0,2,,0.0,0,0,0.0,0,0,1,0,1,0,2,0,13919.0,Xiulan Liang,,Xiulan Liang
13920,2029,2029,1,1,,,1,,0,True,True,0,2,,0.0,0,0,0.0,0,0,1,0,1,0,1,0,13920.0,Li Lei,,Li Lei
13921,2029,2029,1,1,,,1,,0,True,True,0,2,,0.0,0,0,0.0,0,0,1,0,1,0,1,0,13921.0,Alexander Ramirez,,Alexander Ramirez
13927,2020,2020,1,1,,,1,,0,True,False,0,0,,0.0,0,0,0.0,0,0,2,0,2,0,2,0,13927.0,Nataniel Nazarewicz,,Nataniel Nazarewicz
13928,2020,2020,1,1,,,1,,0,True,False,0,0,,0.0,0,0,0.0,0,0,2,0,2,0,2,0,13928.0,Róża Bełz,,Róża Bełz
13929,2020,2020,1,1,,,1,,0,True,False,0,0,,0.0,0,0,0.0,0,0,2,0,2,0,1,0,13929.0,Jeremi Pronobis,,Jeremi Pronobis
13932,2016,2016,1,1,,,1,,0,True,False,0,2,,0.0,0,0,0.0,0,0,1,0,1,0,1,0,13932.0,Mary Williams,,Mary Williams
13935,2026,2026,1,1,,,1,,0,True,True,0,3,,0.0,0,0,0.0,0,0,0,0,0,2,1,0,13935.0,Jun Chen,,Jun Chen
13936,2026,2026,1,1,,,1,,0,True,True,0,3,,0.0,0,0,0.0,0,0,0,0,0,2,1,0,13936.0,Qiang Yan,,Qiang Yan
13937,2026,2026,1,1,,,1,,0,True,True,0,3,,0.0,0,0,0.0,0,0,0,0,0,2,2,0,13937.0,Juan Zou,,Juan Zou
13938,2026,2026,1,1,,,1,,0,True,True,0,3,,0.0,0,0,0.0,0,0,0,0,0,2,1,0,13938.0,Yang Xie,,Yang Xie
13939,2026,2026,1,1,,,1,,0,True,True,0,3,,0.0,0,0,0.0,0,0,0,0,0,2,2,0,13939.0,Hüseyin Paffrath,,Hüseyin Paffrath
13942,2010,2010,1,1,,,1,,0,True,False,0,0,,0.0,1,0,0.0,0,0,1,0,1,0,1,0,13942.0,Juan Zhao,,Juan Zhao
13943,2010,2010,1,1,,,1,,0,True,False,0,0,,0.0,1,0,0.0,0,0,1,0,1,0,1,0,13943.0,Ping Jiang,,Ping Jiang
13944,2010,2010,1,1,,,1,,0,True,False,0,0,,0.0,1,0,0.0,0,0,1,0,1,0,1,0,13944.0,Gang Fan,,Gang Fan
13946,2029,2029,1,1,,,1,,0,True,True,0,2,,0.0,1,0,0.0,0,0,2,0,2,0,1,0,13946.0,Xia Fan,,Xia Fan
13947,2029,2029,1,1,,,1,,0,True,True,0,2,,0.0,1,0,0.0,0,0,2,0,2,0,1,0,13947.0,Brenda Day,,Brenda Day
13948,2029,2029,1,1,,,1,,0,True,True,0,2,,0.0,1,0,0.0,0,0,2,0,2,0,1,0,13948.0,Kelly Kim,,Kelly Kim
13949,2029,2029,1,1,,,1,,0,True,True,0,2,,0.0,1,0,0.0,0,0,2,0,2,0,1,0,13949.0,Yong Fang,,Yong Fang
13950,2029,2029,1,1,,,1,,0,True,True,0,2,,0.0,1,0,0.0,0,0,2,0,2,0,1,0,13950.0,Ming Zhong,,Ming Zhong
13951,2029,2029,1,1,,,1,,0,True,True,0,2,,0.0,1,0,0.0,0,0,2,0,2,0,1,0,13951.0,Juan Liu,,Juan Liu
13952,2029,2029,1,1,,,1,,0,True,True,0,2,,0.0,1,0,0.0,0,0,2,0,2,0,2,0,13952.0,Ping Wen,,Ping Wen
13953,2029,2029,1,1,,,1,,0,True,True,0,2,,0.0,1,0,0.0,0,0,2,0,2,0,1,0,13953.0,Willie Johnson,,Willie Johnson
13954,2029,2029,1,1,,,1,,0,True,True,0,2,,0.0,1,0,0.0,0,0,2,0,2,0,1,0,13954.0,Luis Green,,Luis Green
13958,2026,2026,1,1,,,1,,0,True,True,0,2,,0.0,1,0,0.0,0,0,1,0,1,0,1,0,13958.0,Mees Oude Heer,Midnight Herald,Midnight Herald
13959,2026,2026,1,1,,,1,,0,True,True,0,2,,0.0,1,0,0.0,0,0,1,0,1,0,1,0,13959.0,Jennifer Vang,,Jennifer Vang
13962,2020,2020,1,1,,,1,,0,True,False,0,0,,0.0,1,0,0.0,0,0,1,0,1,0,2,0,13962.0,Na Ren,,Na Ren
13963,2020,2020,1,1,,,1,,0,True,False,0,0,,0.0,1,0,0.0,0,0,1,0,1,0,1,0,13963.0,Yan Ye,,Yan Ye
13967,2007,2007,1,0,,,1,,0,True,False,0,0,,0.0,1,0,0.0,0,0,1,0,1,0,2,0,13967.0,Georgina Piñol-Guerra,,Georgina Piñol-Guerra
13970,2022,2022,1,1,,,1,,0,True,False,0,1,,0.0,0,0,0.0,0,0,1,0,1,1,2,0,13970.0,Jerzy Ksel,,Jerzy Ksel
13971,2022,2022,1,1,,,1,,0,True,False,0,1,,0.0,0,0,0.0,0,0,1,0,1,1,1,0,13971.0,Lilla Giammusso,,Lilla Giammusso
13972,2022,2022,1,1,,,1,,0,True,False,0,1,,0.0,0,0,0.0,0,0,1,0,1,1,1,0,13972.0,Salvi Giorgetti,,Salvi Giorgetti
13974,2023,2023,1,1,,,1,,0,True,False,0,2,,0.0,0,0,0.0,0,0,1,0,1,0,1,0,13974.0,Agata Bähr-Metz,,Agata Bähr-Metz
13975,2023,2023,1,1,,,1,,0,True,False,0,2,,0.0,0,0,0.0,0,0,1,0,1,0,1,0,13975.0,Gudrun Atzler,,Gudrun Atzler
13977,2026,2026,1,1,,,1,,0,True,True,0,1,,0.0,4,0,0.0,0,0,2,0,2,0,1,0,13977.0,Agnolo Zaccardo-Leonetti,Midnight Apparatus,Midnight Apparatus
13980,2017,2017,1,1,,,1,,0,True,False,0,0,,0.0,0,0,0.0,0,0,2,0,2,0,1,0,13980.0,Wei Xu,,Wei Xu
13981,2017,2017,1,1,,,1,,0,True,False,0,0,,0.0,0,0,0.0,0,0,2,0,2,0,1,0,13981.0,Guiying Deng,,Guiying Deng
13982,2017,2017,1,1,,,1,,0,True,False,0,0,,0.0,0,0,0.0,0,0,2,0,2,0,2,0,13982.0,Thomas Leon,,Thomas Leon
13983,2017,2017,1,1,,,1,,0,True,False,0,0,,0.0,0,0,0.0,0,0,2,0,2,0,1,0,13983.0,Chao Yuan,,Chao Yuan
13987,2010,2010,1,1,,,1,,0,True,False,0,0,,0.0,0,0,0.0,0,0,1,0,1,0,2,0,13987.0,Xiuying Cai, PRVYER, PRVYER
13988,2010,2010,1,1,,,1,,0,True,False,0,0,,0.0,0,0,0.0,0,0,1,0,1,0,1,0,13988.0,Tao Yuan,,Tao Yuan
13993,2013,2013,1,1,,,1,,0,True,False,0,0,,0.0,0,0,0.0,0,0,1,0,1,0,1,0,13993.0,Jeffery Williams,,Jeffery Williams
13995,2020,2020,1,1,2020,2020,1,0,0,True,False,0,1,20,0.0,1,0,0.0,0,0,1,0,1,0,1,0,13995.0,Martin Anderson,,Martin Anderson
13998,2010,2010,1,1,,,1,,0,True,False,0,0,,0.0,0,0,0.0,0,0,1,0,1,0,2,0,13998.0,Claudius Geißler,,Claudius Geißler
13999,2010,2020,2,2,,,1,,10,True,False,0,1,,0.0,0,0,0.5,0,0,1,0,1,0,1,0,13999.0,Gerard Hornig,,Gerard Hornig
14000,2010,2020,2,2,,,1,,10,True,False,0,1,,0.0,0,0,0.5,0,0,1,0,1,0,1,0,14000.0,Ildiko Carsten-Thies,,Ildiko Carsten-Thies
14001,2010,2010,1,1,,,1,,0,True,False,0,0,,0.0,0,0,0.0,0,0,1,0,1,0,1,0,14001.0,Antonia Mülichen,,Antonia Mülichen
14002,2010,2020,2,2,,,1,,10,True,False,0,1,,0.0,0,0,0.5,0,0,1,0,1,0,1,0,14002.0,Krystyna Lübs,,Krystyna Lübs
14005,2028,2028,1,1,,,1,,0,True,True,0,1,,0.0,0,0,0.0,0,0,1,0,1,0,1,0,14005.0,Ming Wan,,Ming Wan
14008,2021,2021,1,1,,,1,,0,True,False,0,3,,0.0,0,0,0.0,0,0,2,0,2,0,1,0,14008.0,Eckard Werner,,Eckard Werner
14010,2021,2021,1,1,,,1,,0,True,False,0,3,,0.0,0,0,0.0,0,0,2,0,2,0,1,0,14010.0,Milo Hendriks,,Milo Hendriks
14012,2017,2017,1,1,,,1,,0,True,False,0,7,,0.0,0,0,0.0,0,0,1,0,1,2,2,0,14012.0,James George,,James George
14015,2024,2024,1,1,,,1,,0,True,False,0,2,,0.0,0,0,0.0,0,0,1,0,1,0,2,0,14015.0,Ralph Johnston,,Ralph Johnston
14017,2024,2024,1,1,,,1,,0,True,False,0,2,,0.0,0,0,0.0,0,0,1,0,1,0,1,0,14017.0,Daniel Edwards,,Daniel Edwards
14018,2024,2024,1,1,,,1,,0,True,False,0,2,,0.0,0,0,0.0,0,0,1,0,1,0,1,0,14018.0,Deborah Brown,,Deborah Brown
14019,2024,2024,1,1,,,1,,0,True,False,0,2,,0.0,0,0,0.0,0,0,1,0,1,0,1,0,14019.0,Stacy Bryant,,Stacy Bryant
14022,2020,2020,1,1,2020,2020,1,0,0,True,False,0,0,20,0.0,1,0,0.0,0,0,1,0,1,0,1,0,14022.0,Fang Yi,,Fang Yi
14026,2007,2007,1,1,,,1,,0,True,False,0,1,,0.0,1,0,0.0,0,0,2,0,2,1,1,0,14026.0,Derek Baxter, DR3AM, DR3AM
14029,2007,2007,1,1,,,1,,0,True,False,0,1,,0.0,1,0,0.0,0,0,2,0,2,1,2,0,14029.0,Tao Fang,,Tao Fang
14032,2023,2023,1,1,,,1,,0,True,False,0,2,,0.0,0,0,0.0,0,0,2,0,2,1,1,0,14032.0,Lindsey Broeshart,,Lindsey Broeshart
14033,2023,2023,1,1,,,1,,0,True,False,0,2,,0.0,0,0,0.0,0,0,2,0,2,1,2,0,14033.0,Fernanda Carocci,,Fernanda Carocci
14036,2020,2020,1,1,,,1,,0,True,False,0,1,,0.0,1,0,0.0,0,0,1,0,1,0,1,0,14036.0,Alexander Budig,,Alexander Budig
14041,2017,2017,1,1,,,1,,0,True,False,0,1,,0.0,0,0,0.0,0,0,0,0,0,0,1,0,14041.0,Yong Cheng,,Yong Cheng
14042,2017,2017,1,1,,,1,,0,True,False,0,1,,0.0,0,0,0.0,0,0,0,0,0,0,1,0,14042.0,Jing Guo,,Jing Guo
14043,2017,2017,1,1,,,1,,0,True,False,0,1,,0.0,0,0,0.0,0,0,0,0,0,0,1,0,14043.0,Chao Yuan,,Chao Yuan
14046,2011,2028,2,2,2011,2011,1,0,17,True,False,0,5,29,0.0,2,0,0.0,0,0,3,0,3,1,1,0,14046.0,Yan Zhu,,Yan Zhu
14049,2017,2017,1,1,,,1,,0,True,False,0,1,,0.0,0,0,0.0,0,0,2,0,2,0,1,0,14049.0,Raymond Robinson,,Raymond Robinson
14050,2017,2017,1,1,,,1,,0,True,False,0,1,,0.0,0,0,0.0,0,0,2,0,2,0,1,0,14050.0,David Flores,,David Flores
14051,2017,2017,1,1,,,1,,0,True,False,0,1,,0.0,0,0,0.0,0,0,2,0,2,0,1,0,14051.0,Lance Garcia,,Lance Garcia
14052,2017,2017,1,1,,,1,,0,True,False,0,1,,0.0,0,0,0.0,0,0,2,0,2,0,2,0,14052.0,Valerie Pena,,Valerie Pena
14054,2022,2022,1,1,,,1,,0,True,False,0,1,,0.0,1,0,0.0,0,0,1,0,1,0,1,0,14054.0,Jie Cao,,Jie Cao
14055,2022,2022,1,1,,,1,,0,True,False,0,1,,0.0,1,0,0.0,0,0,1,0,1,0,1,0,14055.0,Ming Lei,,Ming Lei
14056,2022,2022,1,1,,,1,,0,True,False,0,1,,0.0,1,0,0.0,0,0,1,0,1,0,2,0,14056.0,Miss Allison King,,Miss Allison King
14059,2027,2027,1,1,,,1,,0,True,True,0,1,,0.0,0,0,0.0,0,0,0,0,0,1,1,0,14059.0,Richard Cook,,Richard Cook
14060,2027,2027,1,1,,,1,,0,True,True,0,1,,0.0,0,0,0.0,0,0,0,0,0,1,1,0,14060.0,Gary Edwards,,Gary Edwards
14061,2027,2027,1,1,,,1,,0,True,True,0,1,,0.0,0,0,0.0,0,0,0,0,0,1,1,0,14061.0,James Perry,,James Perry
14063,2027,2027,1,1,,,1,,0,True,True,0,1,,0.0,0,0,0.0,0,0,0,0,0,1,2,0,14063.0,Erica Poole,,Erica Poole
14064,2027,2027,1,1,,,1,,0,True,True,0,1,,0.0,0,0,0.0,0,0,0,0,0,1,1,0,14064.0,Cassandra Hernandez,,Cassandra Hernandez
14068,2028,2028,1,1,,,1,,0,True,True,0,1,,0.0,2,0,0.0,0,0,1,0,1,0,1,0,14068.0,Isis van Tours-Kathagen, Eden, Eden
14069,2028,2028,1,1,,,1,,0,True,True,0,1,,0.0,2,0,0.0,0,0,1,0,1,0,1,0,14069.0,Yong Hou,,Yong Hou
14070,2028,2028,1,1,,,1,,0,True,True,0,1,,0.0,2,0,0.0,0,0,1,0,1,0,1,0,14070.0,Li Zhou,,Li Zhou
14071,2028,2028,1,1,,,1,,0,True,True,0,1,,0.0,2,0,0.0,0,0,1,0,1,0,1,0,14071.0,Chao Qiu,,Chao Qiu
14073,2026,2026,1,1,,,1,,0,True,True,0,0,,0.0,0,0,0.0,0,0,1,0,1,0,1,0,14073.0,Li Kang,,Li Kang
14076,2010,2010,1,1,,,1,,0,True,False,0,0,,0.0,1,0,0.0,0,0,1,0,1,0,1,0,14076.0,Katrina Valentine, Vector Blue, Vector Blue
14077,2010,2010,1,1,,,1,,0,True,False,0,0,,0.0,1,0,0.0,0,0,1,0,1,0,1,0,14077.0,Laura Roberts,,Laura Roberts
14078,2010,2010,1,1,,,1,,0,True,False,0,0,,0.0,1,0,0.0,0,0,1,0,1,0,1,0,14078.0,Matthew Li,,Matthew Li
14079,2010,2010,1,1,,,1,,0,True,False,0,0,,0.0,1,0,0.0,0,0,1,0,1,0,1,0,14079.0,Kyle Daniel,,Kyle Daniel
14081,2026,2026,1,1,,,1,,0,True,True,0,1,,0.0,5,0,0.0,0,0,1,0,1,0,1,0,14081.0,Xia Xiong,,Xia Xiong
14083,2013,2013,1,1,2013,2013,1,0,0,True,False,0,1,27,0.0,1,0,0.0,0,0,1,0,1,1,1,0,14083.0,Richard Kennedy,,Richard Kennedy
14084,2013,2013,1,1,2013,2013,1,0,0,True,False,0,1,27,0.0,1,0,0.0,0,0,1,0,1,1,1,0,14084.0,Lei Liu,,Lei Liu
14087,2005,2005,1,1,,,1,,0,True,False,0,0,,0.0,1,0,0.0,0,0,1,0,1,0,1,0,14087.0,Yong Shen,,Yong Shen
14089,2029,2029,1,1,2029,2029,1,0,0,True,True,0,2,11,0.0,1,0,0.0,0,0,1,0,1,0,1,0,14089.0,Ping Xiang,,Ping Xiang
14090,2029,2029,1,1,2029,2029,1,0,0,True,True,0,2,11,0.0,1,0,0.0,0,0,1,0,1,0,1,0,14090.0,Na Zou,,Na Zou
14092,2023,2023,1,1,,,1,,0,True,False,0,2,,0.0,1,0,0.0,0,0,1,0,1,1,1,0,14092.0,Wei Lu,,Wei Lu
14093,2023,2023,1,1,,,1,,0,True,False,0,2,,0.0,1,0,0.0,0,0,1,0,1,1,1,0,14093.0,Juan Yang,,Juan Yang
14096,2027,2027,1,1,,,1,,0,True,True,0,3,,0.0,0,0,0.0,0,0,1,0,1,0,2,0,14096.0,Hridaan Rout,,Hridaan Rout
14098,2007,2007,1,1,,,1,,0,True,False,0,0,,0.0,0,0,0.0,0,0,1,0,1,0,1,0,14098.0,Rebecca Webb,,Rebecca Webb
14100,2023,2023,1,1,,,1,,0,True,False,0,1,,0.0,0,0,0.0,0,0,1,0,1,0,2,0,14100.0,Martino Federico,,Martino Federico
14101,2023,2023,1,1,,,1,,0,True,False,0,1,,0.0,0,0,0.0,0,0,1,0,1,0,1,0,14101.0,Kimberly Porter,,Kimberly Porter
14103,2028,2028,1,1,,,1,,0,True,True,0,1,,0.0,0,0,0.0,0,0,1,0,1,0,1,0,14103.0,Michael Benson,,Michael Benson
14105,2028,2028,1,1,,,1,,0,True,True,0,1,,0.0,0,0,0.0,0,0,1,0,1,0,2,0,14105.0,Wanda Ray,,Wanda Ray
14106,2028,2028,1,1,,,1,,0,True,True,0,1,,0.0,0,0,0.0,0,0,1,0,1,0,1,0,14106.0,Amy Carroll,,Amy Carroll
14108,2020,2020,1,1,2033,2033,1,13,0,True,False,0,1,7,0.30000000000000004,0,0,0.0,1,0,2,0,2,0,2,0,14108.0,Tao Hu,,Tao Hu
14110,1993,1993,1,1,,,1,,0,True,False,0,1,,0.0,0,0,0.0,0,0,1,0,1,0,1,0,14110.0,Abraham Becker,,Abraham Becker
14113,2017,2021,2,2,2021,2021,2,4,4,True,False,0,8,19,0.0,0,0,0.25,0,0,1,0,1,1,1,0,14113.0,Cheryl Delgado,,Cheryl Delgado
14114,2017,2017,1,1,,,1,,0,True,False,0,0,,0.0,0,0,0.0,0,0,1,0,1,0,3,0,14114.0,Vittoria Mazzanti,,Vittoria Mazzanti
14115,2021,2021,1,1,2021,2021,1,0,0,True,False,0,8,19,0.0,0,0,0.0,0,0,1,0,1,1,2,0,14115.0,Barbara Smith,,Barbara Smith
14119,2017,2017,1,1,,,1,,0,True,False,0,0,,0.0,3,0,0.0,0,0,2,0,2,0,1,0,14119.0,Jie Huang,,Jie Huang
14121,2028,2028,1,1,,,1,,0,True,True,0,1,,0.0,0,0,0.0,0,0,1,0,1,0,1,0,14121.0,Chao Chen,,Chao Chen
14122,2028,2029,2,2,,,2,,1,True,True,0,6,,0.0,2,0,4.0,0,0,2,0,2,1,1,0,14122.0,Ming Xiang,,Ming Xiang
14123,2028,2028,1,1,,,1,,0,True,True,0,1,,0.0,0,0,0.0,0,0,1,0,1,0,1,0,14123.0,Jing Zhu,,Jing Zhu
14126,2017,2017,1,1,2026,2026,1,9,0,True,False,0,1,14,0.0,1,0,0.0,0,0,1,0,1,0,1,0,14126.0,Cheryl Walker,,Cheryl Walker
14127,2017,2017,1,1,2026,2026,1,9,0,True,False,0,1,14,0.0,1,0,0.0,0,0,1,0,1,0,1,0,14127.0,Kelly Gilbert,,Kelly Gilbert
14130,2025,2025,1,1,,,1,,0,True,True,0,2,,0.0,2,0,0.0,0,0,1,0,1,0,1,0,14130.0,Jing Du,,Jing Du
14131,2025,2026,2,2,,,2,,1,True,True,0,7,,0.0,2,0,5.0,0,0,1,0,1,0,1,0,14131.0,Dustin Newman,,Dustin Newman
14132,2025,2025,1,1,,,1,,0,True,True,0,2,,0.0,2,0,0.0,0,0,1,0,1,0,1,0,14132.0,Qiang Lu,,Qiang Lu
14133,2026,2026,1,1,,,1,,0,True,True,0,5,,0.0,2,0,0.0,0,0,1,0,1,0,1,0,14133.0,Jun Han,,Jun Han
14135,2029,2029,1,1,,,1,,0,True,True,0,3,,0.0,2,0,0.0,0,0,1,0,1,0,2,0,14135.0,Gang Zou,Lunar Confetti,Lunar Confetti
14137,2013,2013,1,1,,,1,,0,True,False,0,0,,0.0,0,0,0.0,0,0,1,0,1,0,1,0,14137.0,Ashley Andrade,,Ashley Andrade
14138,2013,2013,1,1,,,1,,0,True,False,0,0,,0.0,0,0,0.0,0,0,1,0,1,0,1,0,14138.0,Timothy Lin,,Timothy Lin
14139,2013,2013,1,1,,,1,,0,True,False,0,0,,0.0,0,0,0.0,0,0,1,0,1,0,2,0,14139.0,Darrell Wilson,,Darrell Wilson
14140,2013,2013,1,1,,,1,,0,True,False,0,0,,0.0,0,0,0.0,0,0,1,0,1,0,2,0,14140.0,Laura Moore,,Laura Moore
14142,2023,2023,1,1,,,1,,0,True,False,0,2,,0.0,4,0,0.0,0,0,1,0,1,0,2,0,14142.0,Mechthilde Kühnert,,Mechthilde Kühnert
14145,2017,2017,1,1,,,1,,0,True,False,0,1,,0.0,0,0,0.0,0,0,0,0,0,0,2,0,14145.0,Maike Trubin,,Maike Trubin
14147,2028,2028,1,1,,,1,,0,True,True,0,3,,0.0,4,0,0.0,0,0,2,0,2,1,1,0,14147.0,Yan Chen,,Yan Chen
14148,2028,2028,1,1,,,1,,0,True,True,0,3,,0.0,4,0,0.0,0,0,2,0,2,1,1,0,14148.0,Min Qiao,,Min Qiao
14149,2028,2028,1,1,,,1,,0,True,True,0,3,,0.0,4,0,0.0,0,0,2,0,2,1,1,0,14149.0,Guiying Su,,Guiying Su
14150,2028,2028,1,1,,,1,,0,True,True,0,3,,0.0,4,0,0.0,0,0,2,0,2,1,1,0,14150.0,Tao Huang,,Tao Huang
14152,2014,2014,1,1,,,1,,0,True,False,0,0,,0.0,1,0,0.0,0,0,1,0,1,0,1,0,14152.0,James Copeland,,James Copeland
14158,1987,2014,2,2,,,1,,27,True,False,0,0,,0.0,0,0,0.0,0,0,2,0,2,0,2,0,14158.0,Dusan Ullmann,,Dusan Ullmann
14160,2018,2018,1,1,2018,2018,1,0,0,True,False,0,1,22,0.0,0,0,0.0,0,0,0,0,0,0,1,0,14160.0,Paweł Gęca,,Paweł Gęca
14161,2018,2018,1,1,2018,2018,1,0,0,True,False,0,1,22,0.0,0,0,0.0,0,0,0,0,0,0,1,0,14161.0,Liwia Cygal,,Liwia Cygal
14162,2018,2018,1,1,2018,2018,1,0,0,True,False,0,1,22,0.0,0,0,0.0,0,0,0,0,0,0,2,0,14162.0,Adrian Jeszka,,Adrian Jeszka
14170,2022,2022,1,1,,,1,,0,True,False,0,0,,0.0,0,0,0.0,0,0,2,0,2,0,3,0,14170.0,Michael French,,Michael French
14171,2024,2024,1,1,,,1,,0,True,False,0,2,,0.0,0,0,0.0,0,0,2,0,2,0,2,0,14171.0,Matthew Robertson,,Matthew Robertson
14172,2024,2024,1,1,,,1,,0,True,False,0,2,,0.0,0,0,0.0,0,0,2,0,2,0,1,0,14172.0,Kathleen Harvey,,Kathleen Harvey
14176,2031,2031,1,1,,,1,,0,True,True,1,8,,0.0,0,0,0.0,0,0,1,0,1,3,2,0,14176.0,Fang Ren,,Fang Ren
14178,2020,2020,1,1,,,1,,0,True,False,0,1,,0.0,1,0,0.0,0,0,2,0,2,1,1,0,14178.0,Wei Sun,,Wei Sun
14179,2020,2020,1,1,,,1,,0,True,False,0,1,,0.0,1,0,0.0,0,0,2,0,2,1,1,0,14179.0,Lei Ma,,Lei Ma
14180,2020,2020,1,1,,,1,,0,True,False,0,1,,0.0,1,0,0.0,0,0,2,0,2,1,1,0,14180.0,Jie Xu,,Jie Xu
14181,2020,2020,1,1,,,1,,0,True,False,0,1,,0.0,1,0,0.0,0,0,2,0,2,1,2,0,14181.0,Guiying Ye,,Guiying Ye
14183,2027,2027,1,0,,,1,,0,True,True,0,3,,0.0,0,0,0.0,0,0,1,0,1,1,1,0,14183.0,Yong Zhong,,Yong Zhong
14185,2027,2027,1,0,,,1,,0,True,True,0,3,,0.0,0,0,0.0,0,0,1,0,1,1,1,0,14185.0,James Weber,,James Weber
14186,2027,2027,1,0,,,1,,0,True,True,0,3,,0.0,0,0,0.0,0,0,1,0,1,1,2,0,14186.0,Guiying Qian,,Guiying Qian
14189,2023,2023,1,1,2030,2030,1,7,0,True,False,0,3,10,0.0,0,0,0.0,0,0,1,0,1,2,2,0,14189.0,Wei Shen,,Wei Shen
14190,2023,2023,1,1,2030,2030,1,7,0,True,False,0,3,10,0.0,0,0,0.0,0,0,1,0,1,2,1,0,14190.0,Yan Lin,,Yan Lin
14192,2026,2026,1,1,2026,2026,1,0,0,True,True,0,2,14,0.0,0,0,0.0,1,0,1,0,1,0,1,0,14192.0,Ping Pan,,Ping Pan
14193,2026,2026,1,1,2026,2026,1,0,0,True,True,0,2,14,0.0,0,0,0.0,1,0,1,0,1,0,2,0,14193.0,Guiying Gao,,Guiying Gao
14194,2026,2026,1,1,2026,2026,1,0,0,True,True,0,2,14,0.0,0,0,0.0,1,0,1,0,1,0,1,0,14194.0,Ping Yao,,Ping Yao
14195,2026,2026,1,1,2026,2026,1,0,0,True,True,0,2,14,0.0,0,0,0.0,1,0,1,0,1,0,2,0,14195.0,Min Guo,,Min Guo
14196,2026,2026,1,1,2026,2026,1,0,0,True,True,0,2,14,0.0,0,0,0.0,1,0,1,0,1,0,1,0,14196.0,Guiying Chen,,Guiying Chen
14199,2022,2022,1,1,,,1,,0,True,False,0,1,,0.0,0,0,0.0,0,0,1,0,1,0,1,0,14199.0,Juan Dong,,Juan Dong
14200,2022,2022,1,1,,,1,,0,True,False,0,1,,0.0,0,0,0.0,0,0,1,0,1,0,1,0,14200.0,Guiying Ma,,Guiying Ma
14205,2013,2013,1,1,,,1,,0,True,False,0,3,,0.0,2,0,0.0,0,0,1,0,1,1,1,0,14205.0,Rosalinde Kreusel-Mühle,,Rosalinde Kreusel-Mühle
14207,2013,2013,1,1,,,1,,0,True,False,0,0,,0.0,0,0,0.0,0,0,1,0,1,0,1,0,14207.0,Melinda Austin,Marcus Lane,Marcus Lane
14208,2013,2013,1,1,,,1,,0,True,False,0,0,,0.0,0,0,0.0,0,0,1,0,1,0,1,0,14208.0,Juan Li,,Juan Li
14209,2013,2013,1,1,,,1,,0,True,False,0,0,,0.0,0,0,0.0,0,0,1,0,1,0,1,0,14209.0,Guiying Fu,,Guiying Fu
14213,2021,2021,1,1,,,1,,0,True,False,0,1,,0.0,0,0,0.0,0,0,1,0,1,0,2,0,14213.0,Kelly Smith,,Kelly Smith
14214,2021,2021,1,1,,,1,,0,True,False,0,1,,0.0,0,0,0.0,0,0,1,0,1,0,1,0,14214.0,Juan Xiao,,Juan Xiao
14215,2021,2021,1,1,,,1,,0,True,False,0,1,,0.0,0,0,0.0,0,0,1,0,1,0,1,0,14215.0,Yang He,,Yang He
14221,2026,2026,1,0,,,1,,0,True,True,0,6,,0.0,0,0,0.0,0,0,1,0,1,1,1,4,14221.0,Jonathan Morris,,Jonathan Morris
14222,2026,2026,1,0,,,1,,0,True,True,0,6,,0.0,0,0,0.0,0,0,1,0,1,1,1,4,14222.0,Xiuying Wei,,Xiuying Wei
14224,2024,2024,1,1,2024,2024,1,0,0,True,False,0,1,16,0.0,0,0,0.0,0,0,1,0,1,0,1,0,14224.0,Tiffany Acevedo, The Maven, The Maven
14226,2024,2024,1,1,2024,2024,1,0,0,True,False,0,1,16,0.0,0,0,0.0,0,0,1,0,1,0,1,0,14226.0,David Mueller,,David Mueller
14227,2024,2024,1,1,2024,2024,1,0,0,True,False,0,1,16,0.0,0,0,0.0,0,0,1,0,1,0,1,0,14227.0,Joseph Choi,,Joseph Choi
14228,2024,2024,1,1,2024,2024,1,0,0,True,False,0,1,16,0.0,0,0,0.0,0,0,1,0,1,0,1,0,14228.0,Donna Davidson,,Donna Davidson
14230,2024,2024,1,1,2024,2024,1,0,0,True,False,0,1,16,0.0,0,0,0.0,0,0,1,0,1,0,1,0,14230.0,Jennifer Thomas,,Jennifer Thomas
14231,2024,2024,1,1,2024,2024,1,0,0,True,False,0,1,16,0.0,0,0,0.0,0,0,1,0,1,0,1,0,14231.0,Peter Johnson,,Peter Johnson
14233,2024,2024,1,1,2024,2024,1,0,0,True,False,0,1,16,0.0,0,0,0.0,0,0,1,0,1,0,1,0,14233.0,Brandi Daugherty,,Brandi Daugherty
14234,2024,2024,1,1,2024,2024,1,0,0,True,False,0,1,16,0.0,0,0,0.0,0,0,1,0,1,0,1,0,14234.0,Lisa Lopez,,Lisa Lopez
14235,2024,2024,1,1,2024,2024,1,0,0,True,False,0,1,16,0.0,0,0,0.0,0,0,1,0,1,0,1,0,14235.0,Raymond Marshall,,Raymond Marshall
14236,2024,2024,1,1,2024,2024,1,0,0,True,False,0,1,16,0.0,0,0,0.0,0,0,1,0,1,0,2,0,14236.0,Joseph Huang,,Joseph Huang
14244,2026,2026,1,1,,,1,,0,True,True,0,1,,0.0,0,0,0.0,0,0,2,0,2,0,1,0,14244.0,Rebecca Marshall,,Rebecca Marshall
14245,2026,2026,1,1,,,1,,0,True,True,0,1,,0.0,0,0,0.0,0,0,2,0,2,0,2,0,14245.0,Charles Snyder,,Charles Snyder
14246,2026,2026,1,1,,,1,,0,True,True,0,1,,0.0,0,0,0.0,0,0,2,0,2,0,1,0,14246.0,Joseph Rey,,Joseph Rey
14247,2026,2026,1,1,,,1,,0,True,True,0,1,,0.0,0,0,0.0,0,0,2,0,2,0,2,0,14247.0,Ashley Osborne,,Ashley Osborne
14248,2026,2026,1,1,,,1,,0,True,True,0,1,,0.0,0,0,0.0,0,0,2,0,2,0,1,0,14248.0,Melissa Matthews,,Melissa Matthews
14249,2026,2026,1,1,,,1,,0,True,True,0,1,,0.0,0,0,0.0,0,0,2,0,2,0,1,0,14249.0,Danny Brooks,,Danny Brooks
14252,2028,2028,1,1,,,1,,0,True,True,0,3,,0.0,0,0,0.0,0,0,1,0,1,0,1,0,14252.0,Elakshi Shukla,,Elakshi Shukla
14254,2028,2028,1,1,,,1,,0,True,True,0,3,,0.0,0,0,0.0,0,0,1,0,1,0,1,0,14254.0,Romil Sibal,,Romil Sibal
14257,2026,2026,1,1,,,1,,0,True,True,0,2,,0.0,0,0,0.0,0,0,1,0,1,0,1,0,14257.0,Christopher Hill,,Christopher Hill
14258,2026,2026,1,1,,,1,,0,True,True,0,2,,0.0,0,0,0.0,0,0,1,0,1,0,1,0,14258.0,Carl Serrano,,Carl Serrano
14259,2026,2026,1,1,,,1,,0,True,True,0,2,,0.0,0,0,0.0,0,0,1,0,1,0,1,0,14259.0,Ryan Conley,,Ryan Conley
14261,2026,2026,1,1,,,1,,0,True,True,0,2,,0.0,0,0,0.0,0,0,1,0,1,0,1,0,14261.0,Nicole Smith,,Nicole Smith
14263,2020,2020,1,1,2020,2020,1,0,0,True,False,0,0,20,0.0,1,0,0.0,0,0,2,0,2,0,1,0,14263.0,Ping Zhu,,Ping Zhu
14265,2000,2000,1,1,,,1,,0,True,False,0,1,,0.0,0,0,0.0,0,0,2,0,2,0,1,0,14265.0,Michael Jones,,Michael Jones
14267,2010,2010,1,1,,,1,,0,True,False,0,0,,0.0,0,0,0.0,0,0,2,0,2,0,1,0,14267.0,Ryohei Sato,,Ryohei Sato
14268,2010,2010,1,1,,,1,,0,True,False,0,0,,0.0,0,0,0.0,0,0,2,0,2,0,1,0,14268.0,Steve Washington,,Steve Washington
14270,2031,2031,1,1,2031,2031,1,0,0,True,True,1,4,9,0.09999999999999998,0,0,0.0,0,0,1,0,1,1,3,0,14270.0,Evelien Becht-Versluijs,,Evelien Becht-Versluijs
14273,2022,2022,1,1,,,1,,0,True,False,0,0,,0.0,2,0,0.0,0,0,1,0,1,0,1,0,14273.0,Yan Liu,,Yan Liu
14274,2022,2022,1,1,,,1,,0,True,False,0,0,,0.0,2,0,0.0,0,0,1,0,1,0,2,0,14274.0,Chao Su,,Chao Su
14275,2022,2022,1,1,,,1,,0,True,False,0,0,,0.0,2,0,0.0,0,0,1,0,1,0,1,0,14275.0,Tao Hao,,Tao Hao
14276,2022,2022,1,1,,,1,,0,True,False,0,0,,0.0,2,0,0.0,0,0,1,0,1,0,1,0,14276.0,Li Cheng,,Li Cheng
14277,2022,2022,1,1,,,1,,0,True,False,0,0,,0.0,2,0,0.0,0,0,1,0,1,0,1,0,14277.0,Christopher Leonard,,Christopher Leonard
14280,2024,2024,1,1,,,1,,0,True,False,0,5,,0.0,1,0,0.0,0,0,1,0,1,0,1,0,14280.0,Chao Liao,,Chao Liao
14283,2017,2017,1,1,2017,2017,1,0,0,True,False,0,0,23,0.0,0,0,0.0,0,0,1,0,1,0,1,0,14283.0,Grant Coleman,,Grant Coleman
14287,2027,2027,1,1,2027,2027,1,0,0,True,True,0,4,13,0.0,0,0,0.0,0,0,1,0,1,0,1,0,14287.0,Angela Greene,,Angela Greene
14290,2023,2023,1,1,2023,2023,1,0,0,True,False,0,2,17,0.0,0,0,0.0,0,0,1,0,1,0,1,0,14290.0,Evie Feenstra,,Evie Feenstra
14298,2018,2023,2,2,,,2,,5,True,False,0,3,,0.0,1,0,0.0,0,0,2,0,2,0,1,0,14298.0,Na Ye,,Na Ye
14301,2009,2009,1,1,2009,2009,1,0,0,True,False,0,0,31,0.0,0,0,0.0,0,0,1,0,1,0,1,0,14301.0,Hans-J. Hendriks,,Hans-J. Hendriks
14302,2009,2009,1,1,2009,2009,1,0,0,True,False,0,0,31,0.0,0,0,0.0,0,0,1,0,1,0,1,0,14302.0,Alfons Rudolph-Holzapfel,,Alfons Rudolph-Holzapfel
14303,2009,2009,1,1,2009,2009,1,0,0,True,False,0,0,31,0.0,0,0,0.0,0,0,1,0,1,0,2,0,14303.0,Hansjürgen Pechel,,Hansjürgen Pechel
14305,2020,2020,1,1,,,1,,0,True,False,0,1,,0.0,0,0,0.0,0,0,1,0,1,0,1,0,14305.0,Calcedonio Abbagnale,,Calcedonio Abbagnale
14306,2020,2020,1,1,,,1,,0,True,False,0,1,,0.0,0,0,0.0,0,0,1,0,1,0,2,0,14306.0,Amanda Boitani,,Amanda Boitani
14307,2020,2020,1,1,,,1,,0,True,False,0,1,,0.0,0,0,0.0,0,0,1,0,1,0,2,0,14307.0,Nino Carfagna-Totino,,Nino Carfagna-Totino
14310,2026,2026,1,1,,,1,,0,True,True,0,3,,0.0,0,0,0.0,0,0,1,0,1,1,2,0,14310.0,Valentina Geraci,Synthetic Serenade,Synthetic Serenade
14312,2023,2023,1,1,,,1,,0,True,False,0,2,,0.0,0,0,0.0,0,0,1,0,1,0,1,0,14312.0,Beverly Lloyd,,Beverly Lloyd
14313,2023,2023,1,1,,,1,,0,True,False,0,2,,0.0,0,0,0.0,0,0,1,0,1,0,1,0,14313.0,Richard Davis,,Richard Davis
14315,2020,2020,1,1,,,1,,0,True,False,0,2,,0.0,0,0,0.0,0,0,1,0,1,1,2,0,14315.0,Ernestine Franke-Kade,,Ernestine Franke-Kade
14319,2027,2027,1,1,,,1,,0,True,True,0,1,,0.0,1,0,0.0,0,0,1,0,1,0,1,0,14319.0,Yang Hu,,Yang Hu
14321,2027,2027,1,1,,,1,,0,True,True,0,1,,0.0,1,0,0.0,0,0,1,0,1,0,2,0,14321.0,Yan Zhao,,Yan Zhao
14325,2028,2028,1,1,2028,2028,1,0,0,True,True,0,0,12,0.0,0,0,0.0,0,0,1,0,1,0,1,0,14325.0,Jie Kong,,Jie Kong
14328,2029,2029,1,1,,,1,,0,True,True,0,3,,0.0,0,0,0.0,0,0,1,0,1,0,1,0,14328.0,Xiuying Han,,Xiuying Han
14330,2026,2026,1,1,,,1,,0,True,True,0,2,,0.0,0,0,0.0,0,0,1,0,1,0,1,0,14330.0,Shota Ito,,Shota Ito
14334,2024,2024,1,1,,,1,,0,True,False,0,7,,0.0,5,0,0.0,0,0,1,0,1,1,1,1,14334.0,Wei Qiu,,Wei Qiu
14336,2004,2004,1,1,,,1,,0,True,False,0,0,,0.0,0,0,0.0,0,0,1,0,1,0,1,0,14336.0,Maria Powell,,Maria Powell
14337,2004,2004,1,1,,,1,,0,True,False,0,0,,0.0,0,0,0.0,0,0,1,0,1,0,1,0,14337.0,Kevin Pruitt,,Kevin Pruitt
14338,2004,2004,1,1,,,1,,0,True,False,0,0,,0.0,0,0,0.0,0,0,1,0,1,0,1,0,14338.0,Darlene Watson,,Darlene Watson
14339,2004,2004,1,1,,,1,,0,True,False,0,0,,0.0,0,0,0.0,0,0,1,0,1,0,1,0,14339.0,Mikayla Russell,,Mikayla Russell
14340,2004,2004,1,1,,,1,,0,True,False,0,0,,0.0,0,0,0.0,0,0,1,0,1,0,1,0,14340.0,Joseph Reyes,,Joseph Reyes
14341,2004,2004,1,1,,,1,,0,True,False,0,0,,0.0,0,0,0.0,0,0,1,0,1,0,1,0,14341.0,Xiulan Duan,,Xiulan Duan
14343,2010,2010,1,1,,,1,,0,True,False,0,1,,0.0,0,0,0.0,0,0,1,0,1,0,2,0,14343.0,Frederik Hartung,,Frederik Hartung
14348,2017,2017,1,1,,,1,,0,True,False,0,2,,0.0,0,0,0.0,0,0,1,0,1,0,1,0,14348.0,Kabir Dutta,,Kabir Dutta
14349,2017,2017,1,1,,,1,,0,True,False,0,2,,0.0,0,0,0.0,0,0,1,0,1,0,2,0,14349.0,Jayan Barman,,Jayan Barman
14353,2023,2023,1,1,,,1,,0,True,False,0,1,,0.0,0,0,0.0,0,0,0,0,0,0,2,0,14353.0,Debra Graham,,Debra Graham
14355,2023,2023,1,1,,,1,,0,True,False,0,1,,0.0,0,0,0.0,0,0,0,0,0,0,1,0,14355.0,Dylan Schwartz,,Dylan Schwartz
14356,2023,2023,1,1,,,1,,0,True,False,0,1,,0.0,0,0,0.0,0,0,0,0,0,0,1,0,14356.0,James Henderson,,James Henderson
14359,2023,2023,1,1,,,1,,0,True,False,0,1,,0.0,0,0,0.0,0,0,0,0,0,0,1,0,14359.0,Joel Long,,Joel Long
14360,2023,2023,1,1,,,1,,0,True,False,0,1,,0.0,0,0,0.0,0,0,0,0,0,0,2,0,14360.0,Michael Nixon,,Michael Nixon
14361,2023,2023,1,1,,,1,,0,True,False,0,1,,0.0,0,0,0.0,0,0,0,0,0,0,1,0,14361.0,Nathan Jones,,Nathan Jones
14365,2004,2017,3,3,2017,2017,1,13,13,True,False,0,2,23,0.0,0,0,0.3333333333333333,0,0,3,0,3,0,1,0,14365.0,Karina Bąbel,,Karina Bąbel
14366,2004,2004,1,1,,,1,,0,True,False,0,0,,0.0,1,0,0.0,0,0,2,0,2,0,1,0,14366.0,Marcelina Kosno,,Marcelina Kosno
14368,2004,2004,1,1,,,1,,0,True,False,0,0,,0.0,1,0,0.0,0,0,2,0,2,0,1,0,14368.0,Anastazja Łuczyk,,Anastazja Łuczyk
14370,2021,2021,1,1,,,1,,0,True,False,0,0,,0.0,0,0,0.0,0,0,1,0,1,0,2,0,14370.0,Eliana Marini,,Eliana Marini
14371,2021,2021,1,1,,,1,,0,True,False,0,0,,0.0,0,0,0.0,0,0,1,0,1,0,1,0,14371.0,Casey Scott,,Casey Scott
14372,2021,2021,1,1,,,1,,0,True,False,0,0,,0.0,0,0,0.0,0,0,1,0,1,0,1,0,14372.0,Michael Thompson,,Michael Thompson
14375,2020,2020,1,1,,,1,,0,True,False,0,1,,0.0,0,0,0.0,0,0,1,0,1,0,1,0,14375.0,Himmat Shroff,,Himmat Shroff
14377,2005,2005,1,1,,,1,,0,True,False,0,1,,0.0,1,0,0.0,0,0,1,0,1,0,1,0,14377.0,Ping Fan,,Ping Fan
14380,2025,2025,1,1,2025,2025,1,0,0,True,True,0,2,15,0.0,3,0,0.0,0,0,1,0,1,2,1,0,14380.0,Hugo Visconti, Arctic Flame, Arctic Flame
14381,2025,2025,1,1,2025,2025,1,0,0,True,True,0,2,15,0.0,3,0,0.0,0,0,1,0,1,2,1,0,14381.0,Maria Zola,,Maria Zola
14382,2025,2025,1,1,2025,2025,1,0,0,True,True,0,2,15,0.0,3,0,0.0,0,0,1,0,1,2,1,0,14382.0,Giovanna Tirabassi,,Giovanna Tirabassi
14384,2025,2025,1,1,2025,2025,1,0,0,True,True,0,2,15,0.0,3,0,0.0,0,0,1,0,1,2,1,0,14384.0,Vanessa Villadicani,,Vanessa Villadicani
14385,2025,2025,1,1,2025,2025,1,0,0,True,True,0,2,15,0.0,3,0,0.0,0,0,1,0,1,2,1,0,14385.0,Federigo Satta,,Federigo Satta
14386,2025,2025,1,1,2025,2025,1,0,0,True,True,0,2,15,0.0,3,0,0.0,0,0,1,0,1,2,1,0,14386.0,Carlo Altera,,Carlo Altera
14387,2025,2025,1,1,2025,2025,1,0,0,True,True,0,2,15,0.0,3,0,0.0,0,0,1,0,1,2,1,0,14387.0,Andrew Coleman,,Andrew Coleman
14388,2025,2025,1,1,2025,2025,1,0,0,True,True,0,2,15,0.0,3,0,0.0,0,0,1,0,1,2,1,0,14388.0,Emilio Missoni,,Emilio Missoni
14390,2017,2017,1,1,,,1,,0,True,False,0,0,,0.0,1,0,0.0,0,0,2,0,2,0,1,0,14390.0,Wei Li,,Wei Li
14391,2017,2017,1,1,,,1,,0,True,False,0,0,,0.0,1,0,0.0,0,0,2,0,2,0,1,0,14391.0,Chao Qian,,Chao Qian
14394,2010,2010,1,1,,,1,,0,True,False,0,0,,0.0,4,0,0.0,0,0,2,0,2,0,1,0,14394.0,Todd Reed,,Todd Reed
14395,2010,2010,1,1,,,1,,0,True,False,0,0,,0.0,4,0,0.0,0,0,2,0,2,0,1,0,14395.0,Rosaria Ferrara,,Rosaria Ferrara
14396,2026,2026,1,1,,,1,,0,True,True,0,3,,0.0,0,0,0.0,0,0,1,0,1,0,2,2,14396.0,Valentina Ungaretti-Pucci,,Valentina Ungaretti-Pucci
14399,2028,2028,1,1,,,1,,0,True,True,0,1,,0.0,0,0,0.0,0,0,1,0,1,0,1,0,14399.0,Brian Moody,,Brian Moody
14400,2028,2028,1,1,,,1,,0,True,True,0,1,,0.0,0,0,0.0,0,0,1,0,1,0,1,0,14400.0,Monica Mason,,Monica Mason
14402,2019,2019,1,1,,,1,,0,True,False,0,0,,0.0,0,0,0.0,0,0,1,0,1,0,1,0,14402.0,Nicolas Gosselin du Robert,,Nicolas Gosselin du Robert
14403,2019,2019,1,1,,,1,,0,True,False,0,0,,0.0,0,0,0.0,0,0,1,0,1,0,2,0,14403.0,Tracy Bennett,,Tracy Bennett
14407,2026,2026,1,1,,,1,,0,True,True,0,1,,0.0,0,0,0.0,0,0,1,0,1,1,2,0,14407.0,Jennifer Tate,,Jennifer Tate
14409,2026,2026,1,1,,,1,,0,True,True,0,1,,0.0,0,0,0.0,0,0,1,0,1,1,1,0,14409.0,James Taylor,,James Taylor
14412,2028,2028,1,1,2028,2028,1,0,0,True,True,0,4,12,0.0,0,0,0.0,0,0,1,0,1,1,1,0,14412.0,Min Lin,,Min Lin
14413,2028,2028,1,1,2028,2028,1,0,0,True,True,0,4,12,0.0,0,0,0.0,0,0,1,0,1,1,1,0,14413.0,Ming Zeng,,Ming Zeng
14414,2028,2028,1,1,2028,2028,1,0,0,True,True,0,4,12,0.0,0,0,0.0,0,0,1,0,1,1,2,0,14414.0,Carla Holden,,Carla Holden
14415,2028,2028,1,1,2028,2028,1,0,0,True,True,0,4,12,0.0,0,0,0.0,0,0,1,0,1,1,1,0,14415.0,Ming Xiang,,Ming Xiang
14419,1996,1996,1,1,,,1,,0,True,False,0,0,,0.0,0,0,0.0,0,0,1,0,1,0,1,0,14419.0,Yoko Nishimura,,Yoko Nishimura
14422,2023,2023,1,1,,,1,,0,True,False,0,1,,0.0,0,0,0.0,0,0,2,0,2,0,1,0,14422.0,Li Cui,,Li Cui
14423,2023,2023,1,1,,,1,,0,True,False,0,1,,0.0,0,0,0.0,0,0,2,0,2,0,1,0,14423.0,Fang Dai,,Fang Dai
14425,2025,2025,1,1,,,1,,0,True,True,0,3,,0.0,0,0,0.0,0,0,0,0,0,1,1,0,14425.0,Min Du,,Min Du
14426,2025,2025,1,1,,,1,,0,True,True,0,3,,0.0,0,0,0.0,0,0,0,0,0,1,1,0,14426.0,Na Yuan,,Na Yuan
14427,2025,2025,1,1,,,1,,0,True,True,0,3,,0.0,0,0,0.0,0,0,0,0,0,1,2,0,14427.0,Ping Cai,,Ping Cai
14430,2030,2030,1,1,,,1,,0,True,True,1,5,,0.0,1,0,0.0,0,0,1,0,1,0,1,0,14430.0,Xia Wei,,Xia Wei
14431,2030,2030,1,1,,,1,,0,True,True,1,5,,0.0,1,0,0.0,0,0,1,0,1,0,1,0,14431.0,Ethan Moore,,Ethan Moore
14433,2023,2023,1,1,,,1,,0,True,False,0,2,,0.0,0,0,0.0,0,0,1,0,1,0,1,0,14433.0,Juan Xue,,Juan Xue
14434,2023,2023,1,1,,,1,,0,True,False,0,2,,0.0,0,0,0.0,0,0,1,0,1,0,1,0,14434.0,Min Wu,,Min Wu
14437,2017,2017,1,1,,,1,,0,True,False,0,5,,0.0,0,0,0.0,0,0,1,0,1,0,2,0,14437.0,Danielle Moore,,Danielle Moore
14445,2030,2030,1,1,,,1,,0,True,True,1,3,,0.0,0,0,0.0,0,0,1,0,1,0,2,2,14445.0,Guiying Fan,,Guiying Fan
14447,2013,2013,1,1,,,1,,0,True,False,0,1,,0.0,1,0,0.0,0,0,1,0,1,0,2,0,14447.0,Paul Powell,,Paul Powell
14450,2025,2025,1,1,,,1,,0,True,True,0,0,,0.0,0,0,0.0,0,0,2,0,2,0,1,0,14450.0,Teresa White,,Teresa White
14451,2025,2025,1,1,,,1,,0,True,True,0,0,,0.0,0,0,0.0,0,0,2,0,2,0,1,0,14451.0,Anna Mendez,,Anna Mendez
14452,2025,2025,1,1,,,1,,0,True,True,0,0,,0.0,0,0,0.0,0,0,2,0,2,0,1,0,14452.0,Susan Oneal,,Susan Oneal
14453,2025,2025,1,1,,,1,,0,True,True,0,0,,0.0,0,0,0.0,0,0,2,0,2,0,1,0,14453.0,Leah Farrell,,Leah Farrell
14455,2020,2020,1,1,,,1,,0,True,False,0,1,,0.0,5,0,0.0,0,0,1,0,1,0,1,0,14455.0,Karen Rodriguez,,Karen Rodriguez
14456,2020,2020,1,1,,,1,,0,True,False,0,1,,0.0,5,0,0.0,0,0,1,0,1,0,1,0,14456.0,Summer Diaz,,Summer Diaz
14457,2020,2020,1,1,,,1,,0,True,False,0,1,,0.0,5,0,0.0,0,0,1,0,1,0,1,0,14457.0,Paul Hale,,Paul Hale
14458,2020,2020,1,1,,,1,,0,True,False,0,1,,0.0,5,0,0.0,0,0,1,0,1,0,1,0,14458.0,Regina Yang,,Regina Yang
14459,2020,2020,1,1,,,1,,0,True,False,0,1,,0.0,5,0,0.0,0,0,1,0,1,0,1,0,14459.0,David Robinson,,David Robinson
14462,2023,2023,1,1,,,1,,0,True,False,0,1,,0.0,0,0,0.0,0,0,1,0,1,0,1,0,14462.0,Harriet Wilms-Segebahn,,Harriet Wilms-Segebahn
14463,2023,2023,1,1,,,1,,0,True,False,0,1,,0.0,0,0,0.0,0,0,1,0,1,0,1,0,14463.0,Eugenie Scheel,,Eugenie Scheel
14465,1991,1991,1,1,,,1,,0,True,False,0,0,,0.0,0,0,0.0,0,0,2,0,2,0,2,0,14465.0,John Campbell,,John Campbell
14467,2028,2028,1,1,,,1,,0,True,True,0,1,,0.0,1,0,0.0,0,0,1,0,1,0,1,0,14467.0,Jun Lin,,Jun Lin
14468,2028,2028,1,1,,,1,,0,True,True,0,1,,0.0,1,0,0.0,0,0,1,0,1,0,1,0,14468.0,Ping Tan,,Ping Tan
14470,2026,2026,1,1,,,1,,0,True,True,0,5,,0.0,0,0,0.0,0,0,1,0,1,1,1,2,14470.0,Min Qin, Crystal Dove, Crystal Dove
14473,2026,2026,1,1,,,1,,0,True,True,0,5,,0.0,0,0,0.0,0,0,1,0,1,1,1,2,14473.0,Ping Bai,,Ping Bai
14475,2020,2020,1,1,,,1,,0,True,False,0,1,,0.0,0,0,0.0,0,0,1,0,1,0,1,0,14475.0,Janet Powers,,Janet Powers
14479,2024,2024,1,1,,,1,,0,True,False,0,1,,0.0,0,0,0.0,0,0,0,0,0,0,1,0,14479.0,Timothy Moore,,Timothy Moore
14484,2029,2029,1,1,,,1,,0,True,True,0,5,,0.0,1,0,0.0,0,0,1,0,1,1,1,0,14484.0,Guiying Liao,,Guiying Liao
14487,2004,2029,2,2,,,2,,25,True,False,0,2,,0.0,0,0,0.0,0,0,3,0,3,0,2,1,14487.0,Thomas Ball,,Thomas Ball
14490,2023,2023,1,1,,,1,,0,True,False,0,1,,0.0,0,0,0.0,0,0,1,0,1,0,1,0,14490.0,Cesar Nixon,,Cesar Nixon
14492,2002,2002,1,1,,,1,,0,True,False,0,0,,0.0,0,0,0.0,0,0,1,0,1,0,1,0,14492.0,Rodney Hurst,,Rodney Hurst
14493,2002,2002,1,1,,,1,,0,True,False,0,0,,0.0,0,0,0.0,0,0,1,0,1,0,1,0,14493.0,Richard Richards,,Richard Richards
14494,2002,2002,1,1,,,1,,0,True,False,0,0,,0.0,0,0,0.0,0,0,1,0,1,0,1,0,14494.0,Jake Casey,,Jake Casey
14496,2013,2013,1,1,,,1,,0,True,False,0,1,,0.0,0,0,0.0,0,0,1,0,1,0,1,0,14496.0,John Baxter,,John Baxter
14499,2026,2026,1,1,,,1,,0,True,True,0,7,,0.0,6,0,0.0,0,0,2,0,2,2,1,0,14499.0,Emily Perkins,Ghost Waltz,Ghost Waltz
14500,2026,2026,1,1,,,1,,0,True,True,0,7,,0.0,6,0,0.0,0,0,2,0,2,2,1,0,14500.0,Kimberly Lee,,Kimberly Lee
14501,2026,2026,1,1,,,1,,0,True,True,0,7,,0.0,6,0,0.0,0,0,2,0,2,2,1,0,14501.0,Kristina Serrano,,Kristina Serrano
14502,2026,2026,1,1,,,1,,0,True,True,0,7,,0.0,6,0,0.0,0,0,2,0,2,2,1,0,14502.0,Melissa Johnson,,Melissa Johnson
14503,2026,2026,1,1,,,1,,0,True,True,0,7,,0.0,6,0,0.0,0,0,2,0,2,2,1,0,14503.0,Joseph Rodriguez,,Joseph Rodriguez
14504,2026,2026,1,1,,,1,,0,True,True,0,7,,0.0,6,0,0.0,0,0,2,0,2,2,1,0,14504.0,John Johnston,,John Johnston
14508,2017,2017,1,1,,,1,,0,True,False,0,0,,0.0,3,0,0.0,0,0,1,0,1,0,1,0,14508.0,Susanne Pierre,,Susanne Pierre
14509,2017,2017,1,1,,,1,,0,True,False,0,0,,0.0,3,0,0.0,0,0,1,0,1,0,1,0,14509.0,Antonella Moschino,,Antonella Moschino
14517,2017,2017,1,1,,,1,,0,True,False,0,0,,0.0,0,0,0.0,0,0,1,0,1,0,2,0,14517.0,Kanav Sachar,,Kanav Sachar
14519,1991,1991,1,1,1991,1991,1,0,0,True,False,0,0,49,0.0,0,0,0.0,0,0,1,0,1,0,1,0,14519.0,William Burton, PRVISE, PRVISE
14521,1991,1991,1,1,1991,1991,1,0,0,True,False,0,0,49,0.0,0,0,0.0,0,0,1,0,1,0,1,0,14521.0,Théophile de Carlier,,Théophile de Carlier
14523,2023,2023,1,1,,,1,,0,True,False,0,1,,0.0,1,0,0.0,0,0,1,0,1,1,1,0,14523.0,Pia Schleich,,Pia Schleich
14525,2027,2027,1,1,,,1,,0,True,True,0,2,,0.0,1,0,0.0,0,0,1,0,1,1,1,0,14525.0,Rodney Hayes,,Rodney Hayes
14526,2027,2027,1,1,,,1,,0,True,True,0,2,,0.0,1,0,0.0,0,0,1,0,1,1,1,0,14526.0,Janet Aguilar,,Janet Aguilar
14529,2024,2024,1,1,,,1,,0,True,False,0,1,,0.0,0,0,0.0,0,0,1,0,1,0,1,1,14529.0,William Porter,DA WRAITH,DA WRAITH
14531,2024,2024,1,1,,,1,,0,True,False,0,1,,0.0,0,0,0.0,0,0,1,0,1,0,1,1,14531.0,Derek Carpenter,,Derek Carpenter
14532,2024,2024,1,1,,,1,,0,True,False,0,1,,0.0,0,0,0.0,0,0,1,0,1,0,1,1,14532.0,Mark Stein,,Mark Stein
14533,2024,2024,1,1,,,1,,0,True,False,0,1,,0.0,0,0,0.0,0,0,1,0,1,0,2,1,14533.0,Patricia Massey,,Patricia Massey
14534,2024,2024,1,1,,,1,,0,True,False,0,1,,0.0,0,0,0.0,0,0,1,0,1,0,1,1,14534.0,Robert Stewart,,Robert Stewart
14536,2025,2025,1,1,,,1,,0,True,True,0,1,,0.0,0,0,0.0,1,0,1,0,1,0,1,0,14536.0,Samantha Campbell,,Samantha Campbell
14539,2026,2026,1,1,,,1,,0,True,True,0,1,,0.0,0,0,0.0,0,0,1,0,1,0,1,0,14539.0,Fang Ren,,Fang Ren
14542,2026,2026,1,1,,,1,,0,True,True,0,1,,0.0,0,0,0.0,0,0,1,0,1,0,2,0,14542.0,Robin Cline,,Robin Cline
14545,2030,2030,1,1,,,1,,0,True,True,1,1,,0.0,0,0,0.0,0,0,1,0,1,0,1,0,14545.0,Jason Ali,,Jason Ali
14546,2030,2030,1,1,,,1,,0,True,True,1,1,,0.0,0,0,0.0,0,0,1,0,1,0,1,0,14546.0,Corinne Leleu,,Corinne Leleu
14548,2026,2026,1,1,,,1,,0,True,True,0,1,,0.0,0,0,0.0,0,0,1,0,1,1,1,0,14548.0,Wei Zhu,,Wei Zhu
14549,2026,2026,1,1,,,1,,0,True,True,0,1,,0.0,0,0,0.0,0,0,1,0,1,1,2,0,14549.0,Juan Hao,,Juan Hao
14550,2026,2026,1,1,,,1,,0,True,True,0,1,,0.0,0,0,0.0,0,0,1,0,1,1,1,0,14550.0,Na Huang,,Na Huang
14553,2010,2010,1,1,,,1,,0,True,False,0,0,,0.0,0,0,0.0,0,0,1,0,1,0,2,0,14553.0,Carrie Lee,,Carrie Lee
14555,2010,2010,1,1,,,1,,0,True,False,0,0,,0.0,0,0,0.0,0,0,1,0,1,0,1,0,14555.0,Amanda Kennedy,,Amanda Kennedy
14558,2016,2016,1,1,2016,2016,1,0,0,True,False,0,4,24,0.0,1,0,0.0,0,0,1,0,1,0,1,0,14558.0,Jing Shen,,Jing Shen
14560,2030,2030,1,1,,,1,,0,True,True,1,1,,0.0,1,0,0.0,0,0,1,0,1,1,1,0,14560.0,Guiying Peng,,Guiying Peng
14561,2030,2030,1,1,,,1,,0,True,True,1,1,,0.0,1,0,0.0,0,0,1,0,1,1,1,0,14561.0,Xiulan Du,,Xiulan Du
14564,2026,2026,1,1,,,1,,0,True,True,0,1,,0.0,0,0,0.0,0,0,1,0,1,0,1,0,14564.0,Alexis Moore,,Alexis Moore
14565,2026,2026,1,1,,,1,,0,True,True,0,1,,0.0,0,0,0.0,0,0,1,0,1,0,1,0,14565.0,Yong Yan,,Yong Yan
14568,2026,2026,1,1,,,1,,0,True,True,0,4,,0.0,0,0,0.0,0,0,1,0,1,1,2,0,14568.0,Dawn Kelly,,Dawn Kelly
14570,2017,2017,1,1,,,1,,0,True,False,0,0,,0.0,0,0,0.0,0,0,1,0,1,0,1,0,14570.0,Richard Hill,,Richard Hill
14574,2024,2024,1,1,,,1,,0,True,False,0,0,,0.0,0,0,0.0,0,0,1,0,1,0,2,0,14574.0,Gesine Gehringer-Rogner,,Gesine Gehringer-Rogner
14576,2013,2013,1,1,,,1,,0,True,False,0,1,,0.0,0,0,0.0,0,0,1,0,1,0,1,0,14576.0,Kamil Bílek, Tommy Steele, Tommy Steele
14577,2013,2013,1,1,,,1,,0,True,False,0,1,,0.0,0,0,0.0,0,0,1,0,1,0,2,0,14577.0,Oto Macháček,,Oto Macháček
14578,2013,2013,1,1,,,1,,0,True,False,0,1,,0.0,0,0,0.0,0,0,1,0,1,0,1,0,14578.0,Stanislav Prokop,,Stanislav Prokop
14582,2023,2023,1,1,,,1,,0,True,False,0,3,,0.0,0,0,0.0,0,0,1,0,1,0,1,0,14582.0,Sharon Bray,,Sharon Bray
14583,2023,2023,1,1,,,1,,0,True,False,0,3,,0.0,0,0,0.0,0,0,1,0,1,0,2,0,14583.0,James Bauer,,James Bauer
14585,2029,2029,1,1,,,1,,0,True,True,0,1,,0.0,0,0,0.0,0,0,1,0,1,0,1,0,14585.0,Valentine Jourdan du Schneider,,Valentine Jourdan du Schneider
14591,1994,1994,1,1,1994,1994,1,0,0,True,False,0,0,46,0.0,0,0,0.0,0,0,1,0,1,0,1,0,14591.0,Wei Zhang,,Wei Zhang
14596,2020,2020,1,1,,,1,,0,True,False,0,1,,0.0,0,0,0.0,0,0,0,0,0,0,2,0,14596.0,Julie Nielsen,,Julie Nielsen
14597,2020,2020,1,1,,,1,,0,True,False,0,1,,0.0,0,0,0.0,0,0,0,0,0,0,1,0,14597.0,Chao Liang,,Chao Liang
14600,2019,2019,1,1,,,1,,0,True,False,0,2,,0.0,0,0,0.0,0,0,1,0,1,0,1,0,14600.0,Ping Wu,,Ping Wu
14601,2019,2019,1,1,,,1,,0,True,False,0,2,,0.0,0,0,0.0,0,0,1,0,1,0,1,0,14601.0,Yang Chang,,Yang Chang
14603,2027,2027,1,1,2027,2027,1,0,0,True,True,0,4,13,0.0,0,0,0.0,0,0,1,0,1,0,1,0,14603.0,Regina Vance,,Regina Vance
14605,2027,2027,1,1,2027,2027,1,0,0,True,True,0,4,13,0.0,0,0,0.0,0,0,1,0,1,0,2,0,14605.0,Cas Everde,,Cas Everde
14607,2025,2025,1,1,,,1,,0,True,True,0,2,,0.0,2,0,0.0,0,0,1,0,1,0,1,0,14607.0,Karen Thomas,,Karen Thomas
14612,2027,2027,1,1,,,1,,0,True,True,0,1,,0.0,0,0,0.0,0,0,1,0,1,0,2,0,14612.0,Claude Jean,,Claude Jean
14616,2029,2029,1,1,,,1,,0,True,True,0,1,,0.0,1,0,0.0,0,0,1,0,1,0,1,0,14616.0,Heather Velasquez,,Heather Velasquez
14617,2029,2029,1,1,,,1,,0,True,True,0,1,,0.0,1,0,0.0,0,0,1,0,1,0,1,0,14617.0,Danny Lindsey,,Danny Lindsey
14619,2013,2013,1,1,,,1,,0,True,False,0,1,,0.0,1,0,0.0,0,0,1,0,1,0,1,0,14619.0,Carol Moyer, VISIONS, VISIONS
14620,2013,2013,1,1,,,1,,0,True,False,0,1,,0.0,1,0,0.0,0,0,1,0,1,0,1,0,14620.0,Xia Qian,,Xia Qian
14624,2007,2007,1,1,,,1,,0,True,False,0,0,,0.0,0,0,0.0,0,0,1,0,1,0,1,0,14624.0,Guiying Kang,,Guiying Kang
14625,2007,2007,1,1,,,1,,0,True,False,0,0,,0.0,0,0,0.0,0,0,1,0,1,0,1,0,14625.0,Yan Zhu,,Yan Zhu
14631,2022,2022,1,1,,,1,,0,True,False,0,1,,0.0,0,0,0.0,0,0,1,0,1,0,2,0,14631.0,Miraan Ramachandran,,Miraan Ramachandran
14632,2022,2022,1,1,,,1,,0,True,False,0,1,,0.0,0,0,0.0,0,0,1,0,1,0,1,0,14632.0,Aradhya Maharaj,,Aradhya Maharaj
14634,2022,2022,1,1,,,1,,0,True,False,0,1,,0.0,0,0,0.0,0,0,1,0,1,0,1,0,14634.0,Rania Deol,,Rania Deol
14635,2022,2022,1,1,,,1,,0,True,False,0,1,,0.0,0,0,0.0,0,0,1,0,1,0,1,0,14635.0,Aarush Shukla,,Aarush Shukla
14636,2022,2022,1,1,,,1,,0,True,False,0,1,,0.0,0,0,0.0,0,0,1,0,1,0,1,0,14636.0,Pranay Sarin,,Pranay Sarin
14638,2026,2026,1,1,,,1,,0,True,True,0,1,,0.0,0,0,0.0,0,0,1,0,1,0,1,0,14638.0,Alan Yang,,Alan Yang
14641,2017,2017,1,1,,,1,,0,True,False,0,3,,0.0,0,0,0.0,0,0,0,0,0,0,1,2,14641.0,Li Liao,,Li Liao
14642,2017,2017,1,1,,,1,,0,True,False,0,3,,0.0,0,0,0.0,0,0,0,0,0,0,1,2,14642.0,Yong Tan,,Yong Tan
14648,2022,2022,1,1,2022,2022,1,0,0,True,False,0,0,18,0.0,1,0,0.0,0,0,2,0,2,0,1,0,14648.0,Gang Yang,,Gang Yang
14649,2022,2022,1,1,2022,2022,1,0,0,True,False,0,0,18,0.0,1,0,0.0,0,0,2,0,2,0,1,0,14649.0,Jing Du,,Jing Du
14650,2022,2022,1,1,2022,2022,1,0,0,True,False,0,0,18,0.0,1,0,0.0,0,0,2,0,2,0,1,0,14650.0,Jing Kang,,Jing Kang
14651,2022,2022,1,1,2022,2022,1,0,0,True,False,0,0,18,0.0,1,0,0.0,0,0,2,0,2,0,2,0,14651.0,Catherine Brooks,,Catherine Brooks
14653,2020,2020,1,1,,,1,,0,True,False,0,2,,0.0,0,0,0.0,0,0,1,0,1,0,1,2,14653.0,Michael Jefferson,,Michael Jefferson
14654,2020,2020,1,1,,,1,,0,True,False,0,2,,0.0,0,0,0.0,0,0,1,0,1,0,1,2,14654.0,Andrew Lee,,Andrew Lee
14655,2020,2020,1,1,,,1,,0,True,False,0,2,,0.0,0,0,0.0,0,0,1,0,1,0,2,2,14655.0,Jenna York,,Jenna York
14657,2020,2020,1,1,,,1,,0,True,False,0,2,,0.0,0,0,0.0,0,0,1,0,1,0,1,2,14657.0,Michael Gregory,,Michael Gregory
14660,2009,2009,1,1,,,1,,0,True,False,0,0,,0.0,0,0,0.0,0,0,1,0,1,0,2,0,14660.0,Yong Ding,,Yong Ding
14664,2024,2024,1,1,2024,2024,1,0,0,True,False,0,3,16,0.0,0,0,0.0,0,0,2,0,2,1,1,0,14664.0,Yong Dai,,Yong Dai
14665,2024,2024,1,1,2024,2024,1,0,0,True,False,0,3,16,0.0,0,0,0.0,0,0,2,0,2,1,1,0,14665.0,Debra Sims,,Debra Sims
14667,2029,2029,1,1,,,1,,0,True,True,0,4,,0.0,0,0,0.0,0,0,1,0,1,1,1,2,14667.0,Maurice Harrison,,Maurice Harrison
14668,2029,2029,1,1,,,1,,0,True,True,0,4,,0.0,0,0,0.0,0,0,1,0,1,1,1,2,14668.0,Scott Burke,,Scott Burke
14669,2029,2029,1,1,,,1,,0,True,True,0,4,,0.0,0,0,0.0,0,0,1,0,1,1,1,2,14669.0,Devin Chan,,Devin Chan
14673,2010,2010,1,1,,,1,,0,True,False,0,3,,0.0,0,0,0.0,0,0,1,0,1,0,1,0,14673.0,Calogero Zamorani,,Calogero Zamorani
14677,2031,2031,1,1,,,1,,0,True,True,1,1,,0.0,0,0,0.0,0,0,1,0,1,0,1,0,14677.0,Beata Budig,,Beata Budig
14679,1993,1993,1,0,,,1,,0,True,False,0,0,,0.0,0,0,0.0,0,0,2,0,2,0,1,0,14679.0,Gina Lehmann-Nohlmans,,Gina Lehmann-Nohlmans
14680,1993,1993,1,0,,,1,,0,True,False,0,0,,0.0,0,0,0.0,0,0,2,0,2,0,1,0,14680.0,Freddy Dörr,,Freddy Dörr
14681,1993,1993,1,0,,,1,,0,True,False,0,0,,0.0,0,0,0.0,0,0,2,0,2,0,2,0,14681.0,Hans-Ludwig Käster,,Hans-Ludwig Käster
14682,1993,1993,1,0,,,1,,0,True,False,0,0,,0.0,0,0,0.0,0,0,2,0,2,0,1,0,14682.0,Niels Hering,,Niels Hering
14685,2029,2029,1,1,2029,2029,1,0,0,True,True,0,1,11,0.0,0,0,0.0,0,0,1,0,1,0,1,1,14685.0,Michael Gomez,,Michael Gomez
14686,2029,2029,1,1,2029,2029,1,0,0,True,True,0,1,11,0.0,0,0,0.0,0,0,1,0,1,0,1,1,14686.0,Wanda Fuller,,Wanda Fuller
14687,2029,2029,1,1,2029,2029,1,0,0,True,True,0,1,11,0.0,0,0,0.0,0,0,1,0,1,0,1,1,14687.0,Christopher Richards,,Christopher Richards
14689,2029,2029,1,1,2029,2029,1,0,0,True,True,0,1,11,0.0,0,0,0.0,0,0,1,0,1,0,1,1,14689.0,Mitchell Ross,,Mitchell Ross
14692,2026,2026,1,1,,,1,,0,True,True,0,1,,0.0,0,0,0.0,0,0,1,0,1,0,1,0,14692.0,Susan Christian, TEMP£E, TEMP£E
14693,2026,2026,1,1,,,1,,0,True,True,0,1,,0.0,0,0,0.0,0,0,1,0,1,0,1,0,14693.0,Yan Fu,,Yan Fu
14694,2026,2026,1,1,,,1,,0,True,True,0,1,,0.0,0,0,0.0,0,0,1,0,1,0,2,0,14694.0,Fang Yan,,Fang Yan
14695,2026,2026,1,1,,,1,,0,True,True,0,1,,0.0,0,0,0.0,0,0,1,0,1,0,2,0,14695.0,Na Zhu,,Na Zhu
14704,2029,2029,1,1,,,1,,0,True,True,0,2,,0.0,0,0,0.0,0,0,1,0,1,0,2,0,14704.0,Min Zhou,,Min Zhou
14706,2030,2030,1,1,,,1,,0,True,True,1,3,,0.0,0,0,0.0,0,0,0,0,0,0,1,0,14706.0,Gaetano Hartmann,,Gaetano Hartmann
14709,2023,2023,1,1,,,1,,0,True,False,0,2,,0.0,1,0,0.0,0,0,1,0,1,0,1,0,14709.0,Ernestine Killer,,Ernestine Killer
14712,2030,2030,1,1,,,1,,0,True,True,1,1,,0.0,0,0,0.0,0,0,1,0,1,0,1,0,14712.0,Ming Ding,,Ming Ding
14716,2026,2026,1,1,,,1,,0,True,True,0,2,,0.0,0,0,0.0,0,0,1,0,1,0,1,0,14716.0,Tyler Case, Raven Cross, Raven Cross
14717,2026,2026,1,1,,,1,,0,True,True,0,2,,0.0,0,0,0.0,0,0,1,0,1,0,2,0,14717.0,Jonathan Oestrovsky,,Jonathan Oestrovsky
14718,2026,2026,1,1,,,1,,0,True,True,0,2,,0.0,0,0,0.0,0,0,1,0,1,0,1,0,14718.0,Juan Mao,,Juan Mao
14719,2026,2026,1,1,,,1,,0,True,True,0,2,,0.0,0,0,0.0,0,0,1,0,1,0,1,0,14719.0,Wei Long,,Wei Long
14721,2023,2023,1,1,,,1,,0,True,False,0,2,,0.0,0,0,0.0,0,0,1,0,1,0,1,1,14721.0,Juan Gu, Sage XII, Sage XII
14723,2023,2023,1,1,,,1,,0,True,False,0,2,,0.0,0,0,0.0,0,0,1,0,1,0,1,1,14723.0,Qiang Dai,,Qiang Dai
14725,2023,2023,1,1,,,1,,0,True,False,0,2,,0.0,0,0,0.0,0,0,1,0,1,0,1,1,14725.0,Xiulan He,,Xiulan He
14726,2023,2023,1,1,,,1,,0,True,False,0,2,,0.0,0,0,0.0,0,0,1,0,1,0,1,1,14726.0,Tao Chang,,Tao Chang
14728,2020,2020,1,1,,,1,,0,True,False,0,1,,0.0,0,0,0.0,0,0,2,0,2,0,1,0,14728.0,Samiha Chander, Raven, Raven
14729,2020,2020,1,1,,,1,,0,True,False,0,1,,0.0,0,0,0.0,0,0,2,0,2,0,1,0,14729.0,Karen Valdez,Jovian,Jovian
14731,2020,2020,1,1,,,1,,0,True,False,0,1,,0.0,0,0,0.0,0,0,2,0,2,0,1,0,14731.0,Nichole Benton,,Nichole Benton
14733,2026,2026,1,1,,,1,,0,True,True,0,1,,0.0,0,0,0.0,0,0,1,0,1,0,1,0,14733.0,Nicole Lamb,,Nicole Lamb
14734,2026,2026,1,1,,,1,,0,True,True,0,1,,0.0,0,0,0.0,0,0,1,0,1,0,2,0,14734.0,Stephen Decker,,Stephen Decker
14735,2026,2026,1,1,,,1,,0,True,True,0,1,,0.0,0,0,0.0,0,0,1,0,1,0,1,0,14735.0,Briana Miller,,Briana Miller
14736,2026,2026,1,1,,,1,,0,True,True,0,1,,0.0,0,0,0.0,0,0,1,0,1,0,1,0,14736.0,Karen White,,Karen White
14737,2026,2026,1,1,,,1,,0,True,True,0,1,,0.0,0,0,0.0,0,0,1,0,1,0,1,0,14737.0,Na Tian,,Na Tian
14738,2026,2026,1,1,,,1,,0,True,True,0,1,,0.0,0,0,0.0,0,0,1,0,1,0,1,0,14738.0,Thomas Alvarez,,Thomas Alvarez
14739,2026,2026,1,1,,,1,,0,True,True,0,1,,0.0,0,0,0.0,0,0,1,0,1,0,1,0,14739.0,Amy Thomas,,Amy Thomas
14741,2013,2013,1,1,2013,2013,1,0,0,True,False,0,0,27,0.0,0,0,0.0,0,0,1,0,1,0,1,0,14741.0,Andrew Martin,,Andrew Martin
14742,2013,2013,1,1,2013,2013,1,0,0,True,False,0,0,27,0.0,0,0,0.0,0,0,1,0,1,0,1,0,14742.0,Alan Clark,,Alan Clark
14744,2013,2013,1,1,2013,2013,1,0,0,True,False,0,0,27,0.0,0,0,0.0,0,0,1,0,1,0,1,0,14744.0,Tamara Miller,,Tamara Miller
14747,2013,2013,1,1,,,1,,0,True,False,0,1,,0.0,3,0,0.0,0,0,1,0,1,0,1,0,14747.0,Mandy Hood,,Mandy Hood
14748,2013,2013,1,1,,,1,,0,True,False,0,1,,0.0,3,0,0.0,0,0,1,0,1,0,1,0,14748.0,Robert Villanueva,,Robert Villanueva
14751,2028,2028,1,1,,,1,,0,True,True,0,2,,0.0,0,0,0.0,0,0,1,0,1,0,1,2,14751.0,Min Kong,,Min Kong
14752,2028,2028,1,1,,,1,,0,True,True,0,2,,0.0,0,0,0.0,0,0,1,0,1,0,1,2,14752.0,Yong Deng,,Yong Deng
14756,2013,2013,1,1,,,1,,0,True,False,0,0,,0.0,0,0,0.0,0,0,1,0,1,0,2,0,14756.0,Kelli Jackson,,Kelli Jackson
14758,2013,2013,1,1,,,1,,0,True,False,0,0,,0.0,0,0,0.0,0,0,1,0,1,0,1,0,14758.0,Jun Yan,,Jun Yan
14759,2013,2013,1,1,,,1,,0,True,False,0,0,,0.0,0,0,0.0,0,0,1,0,1,0,2,0,14759.0,Keith Stone,,Keith Stone
14761,2026,2026,1,1,,,1,,0,True,True,0,4,,0.0,1,0,0.0,0,0,1,0,1,0,1,0,14761.0,Kendra Spears,,Kendra Spears
14763,2017,2017,1,1,,,1,,0,True,False,0,0,,0.0,1,0,0.0,0,0,2,0,2,0,1,0,14763.0,Thomas Dudley,,Thomas Dudley
14764,2017,2017,1,1,,,1,,0,True,False,0,0,,0.0,1,0,0.0,0,0,2,0,2,0,1,0,14764.0,Charles Hall,,Charles Hall
14765,2017,2017,1,1,,,1,,0,True,False,0,0,,0.0,1,0,0.0,0,0,2,0,2,0,1,0,14765.0,James Mosley,,James Mosley
14766,2017,2017,1,1,,,1,,0,True,False,0,0,,0.0,1,0,0.0,0,0,2,0,2,0,1,0,14766.0,Adriana Figueroa,,Adriana Figueroa
14770,2020,2020,1,1,,,1,,0,True,False,0,0,,0.0,0,0,0.0,0,0,2,0,2,0,1,0,14770.0,Yong Sun,,Yong Sun
14771,2020,2020,1,1,,,1,,0,True,False,0,0,,0.0,0,0,0.0,0,0,2,0,2,0,1,0,14771.0,Diane Robbins,,Diane Robbins
14772,2020,2020,1,1,,,1,,0,True,False,0,0,,0.0,0,0,0.0,0,0,2,0,2,0,1,0,14772.0,Fang Yao,,Fang Yao
14773,2020,2020,1,1,,,1,,0,True,False,0,0,,0.0,0,0,0.0,0,0,2,0,2,0,1,0,14773.0,Wei Peng,,Wei Peng
14775,2027,2027,1,1,,,1,,0,True,True,0,0,,0.0,0,0,0.0,0,0,1,0,1,0,1,0,14775.0,Ming Kong, L.A. Rose, L.A. Rose
14776,2027,2027,1,1,,,1,,0,True,True,0,0,,0.0,0,0,0.0,0,0,1,0,1,0,1,0,14776.0,Juan Wu,,Juan Wu
14779,2026,2026,1,1,,,1,,0,True,True,0,2,,0.0,0,0,0.0,0,0,1,0,1,0,2,0,14779.0,Li Deng,,Li Deng
14782,2013,2013,1,1,,,1,,0,True,False,0,0,,0.0,0,0,0.0,0,0,1,0,1,0,1,0,14782.0,Herr Stephan Tschentscher,,Herr Stephan Tschentscher
14785,1999,1999,1,1,,,1,,0,True,False,0,1,,0.0,0,0,0.0,0,0,2,0,2,0,1,0,14785.0,Rosalinde Tintzmann, Cleo Rose, Cleo Rose
14787,1999,1999,1,1,,,1,,0,True,False,0,1,,0.0,0,0,0.0,0,0,2,0,2,0,2,0,14787.0,Megan Harris,,Megan Harris
14788,1999,1999,1,1,,,1,,0,True,False,0,1,,0.0,0,0,0.0,0,0,2,0,2,0,1,0,14788.0,Christopher Robbins,,Christopher Robbins
14790,2022,2022,1,1,,,1,,0,True,False,0,0,,0.0,0,0,0.0,0,0,1,0,1,0,1,0,14790.0,Min Deng,,Min Deng
14791,2022,2022,1,1,,,1,,0,True,False,0,0,,0.0,0,0,0.0,0,0,1,0,1,0,1,0,14791.0,Wei Wu,,Wei Wu
14792,2022,2022,1,1,,,1,,0,True,False,0,0,,0.0,0,0,0.0,0,0,1,0,1,0,1,0,14792.0,Yang Fan,,Yang Fan
14793,2022,2022,1,1,,,1,,0,True,False,0,0,,0.0,0,0,0.0,0,0,1,0,1,0,1,0,14793.0,Guiying Bai,,Guiying Bai
14794,2022,2022,1,1,,,1,,0,True,False,0,0,,0.0,0,0,0.0,0,0,1,0,1,0,1,0,14794.0,Lei Xia,,Lei Xia
14796,2026,2026,1,1,,,1,,0,True,True,0,2,,0.0,0,0,0.0,0,0,1,0,1,0,1,0,14796.0,Bobby Guzman,,Bobby Guzman
14801,1996,1996,1,1,,,1,,0,True,False,0,0,,0.0,0,0,0.0,0,0,1,0,1,0,1,0,14801.0,Elvira Puente Alba,,Elvira Puente Alba
14803,2020,2020,1,1,,,1,,0,True,False,0,1,,0.0,0,0,0.0,0,0,1,0,1,0,1,0,14803.0,Joan Taylor,,Joan Taylor
14805,2027,2027,1,1,,,1,,0,True,True,0,1,,0.0,0,0,0.0,1,0,1,0,1,0,1,1,14805.0,Lei Wan,,Lei Wan
14806,2027,2027,1,1,,,1,,0,True,True,0,1,,0.0,0,0,0.0,1,0,1,0,1,0,1,1,14806.0,Tao Ma,,Tao Ma
14807,2027,2027,1,1,,,1,,0,True,True,0,1,,0.0,0,0,0.0,1,0,1,0,1,0,1,1,14807.0,Wei Xiao,,Wei Xiao
14808,2027,2027,1,1,,,1,,0,True,True,0,1,,0.0,0,0,0.0,1,0,1,0,1,0,2,1,14808.0,Qiang Shi,,Qiang Shi
14811,2023,2023,1,1,,,1,,0,True,False,0,1,,0.0,0,0,0.0,0,0,0,0,0,0,2,0,14811.0,Lei Tang,,Lei Tang
14815,2025,2025,1,1,,,1,,0,True,True,0,3,,0.0,1,0,0.0,0,0,1,0,1,1,1,0,14815.0,Thomas Boyle,,Thomas Boyle
14817,2010,2010,1,1,,,1,,0,True,False,0,0,,0.0,0,0,0.0,0,0,1,0,1,0,1,0,14817.0,Beatrix Schmidt,,Beatrix Schmidt
14820,2010,2010,1,1,,,1,,0,True,False,0,0,,0.0,0,0,0.0,0,0,1,0,1,0,1,0,14820.0,Marina Stiebitz,,Marina Stiebitz
14821,2010,2010,1,1,,,1,,0,True,False,0,0,,0.0,0,0,0.0,0,0,1,0,1,0,1,0,14821.0,Hans-Karl Hövel,,Hans-Karl Hövel
14822,2010,2010,1,1,,,1,,0,True,False,0,0,,0.0,0,0,0.0,0,0,1,0,1,0,1,0,14822.0,Olaf Schmiedt,,Olaf Schmiedt
14824,1987,1987,1,1,1987,1987,1,0,0,True,False,0,0,53,0.0,0,0,0.0,0,0,2,0,2,0,1,0,14824.0,Naoki Sato,,Naoki Sato
14826,1987,1987,1,1,1987,1987,1,0,0,True,False,0,0,53,0.0,0,0,0.0,0,0,2,0,2,0,2,0,14826.0,Xiuying Zhou,,Xiuying Zhou
14831,2029,2029,1,1,,,1,,0,True,True,0,0,,0.0,0,0,0.0,0,0,1,0,1,0,1,0,14831.0,Gang Ye,,Gang Ye
14832,2017,2029,2,2,2017,2017,2,0,12,True,False,0,0,23,0.0,0,0,0.16666666666666666,0,0,2,0,2,0,2,0,14832.0,Guiying Tao,,Guiying Tao
14833,2029,2029,1,1,,,1,,0,True,True,0,0,,0.0,0,0,0.0,0,0,1,0,1,0,1,0,14833.0,Wei Lin,,Wei Lin
14836,2030,2030,1,1,,,1,,0,True,True,1,1,,0.0,0,0,0.0,0,0,1,0,1,0,2,0,14836.0,Min Guo, PH∆SE, PH∆SE
14837,2030,2030,1,1,,,1,,0,True,True,1,1,,0.0,0,0,0.0,0,0,1,0,1,0,1,0,14837.0,Jason Hendricks,,Jason Hendricks
14839,2030,2030,1,1,,,1,,0,True,True,1,1,,0.0,0,0,0.0,0,0,1,0,1,0,1,0,14839.0,Fang Qian,,Fang Qian
14841,2019,2019,1,1,,,1,,0,True,False,0,2,,0.0,1,0,0.0,0,0,2,0,2,0,1,0,14841.0,Melania Filangieri,,Melania Filangieri
14844,2025,2025,1,1,,,1,,0,True,True,0,1,,0.0,0,0,0.0,0,0,1,0,1,0,1,0,14844.0,Juan Mao,,Juan Mao
14845,2025,2025,1,1,,,1,,0,True,True,0,1,,0.0,0,0,0.0,0,0,1,0,1,0,1,0,14845.0,Jing Li,,Jing Li
14846,2025,2025,1,1,,,1,,0,True,True,0,1,,0.0,0,0,0.0,0,0,1,0,1,0,1,0,14846.0,Min Zhao,,Min Zhao
14848,2025,2025,1,1,,,1,,0,True,True,0,1,,0.0,0,0,0.0,0,0,1,0,1,0,1,0,14848.0,Jun Deng,,Jun Deng
14849,2025,2025,1,1,,,1,,0,True,True,0,1,,0.0,0,0,0.0,0,0,1,0,1,0,3,0,14849.0,Xiuying Peng,,Xiuying Peng
14852,1986,1986,1,1,,,1,,0,True,False,0,0,,0.0,1,0,0.0,0,0,1,0,1,0,1,0,14852.0,Donald Bradley,,Donald Bradley
14853,1986,1986,1,1,,,1,,0,True,False,0,0,,0.0,1,0,0.0,0,0,1,0,1,0,2,0,14853.0,Caleb Williamson,,Caleb Williamson
14856,2025,2025,1,1,,,1,,0,True,True,0,2,,0.0,0,0,0.0,0,0,0,0,0,1,1,0,14856.0,Yong Wan,,Yong Wan
14861,2017,2017,1,1,2017,2017,1,0,0,True,False,0,1,23,0.0,2,0,0.0,0,0,2,0,2,0,1,0,14861.0,Savannah Shaw,,Savannah Shaw
14866,2021,2021,1,1,,,1,,0,True,False,0,0,,0.0,0,0,0.0,0,0,1,0,1,0,2,0,14866.0,Marcus Stewart,,Marcus Stewart
14867,2021,2021,1,1,,,1,,0,True,False,0,0,,0.0,0,0,0.0,0,0,1,0,1,0,1,0,14867.0,Henry Gross,,Henry Gross
14869,2026,2026,1,1,2026,2026,1,0,0,True,True,0,1,14,0.0,0,0,0.0,0,0,2,0,2,1,1,0,14869.0,Wei Lei,,Wei Lei
14871,2026,2026,1,1,2026,2026,1,0,0,True,True,0,1,14,0.0,0,0,0.0,0,0,2,0,2,1,1,0,14871.0,Ping Yang,,Ping Yang
14873,2020,2020,1,1,,,1,,0,True,False,0,0,,0.0,2,0,0.0,0,0,1,0,1,0,1,0,14873.0,Li Peng,,Li Peng
14874,2020,2020,1,1,,,1,,0,True,False,0,0,,0.0,2,0,0.0,0,0,1,0,1,0,1,0,14874.0,Li Bai,,Li Bai
14876,2017,2017,1,1,,,1,,0,True,False,0,1,,0.0,1,0,0.0,0,0,1,0,1,0,1,0,14876.0,Joseph Wheeler,,Joseph Wheeler
14877,2017,2017,1,1,,,1,,0,True,False,0,1,,0.0,1,0,0.0,0,0,1,0,1,0,2,0,14877.0,Jie Mao,,Jie Mao
14878,2017,2017,1,1,,,1,,0,True,False,0,1,,0.0,1,0,0.0,0,0,1,0,1,0,1,0,14878.0,Jose Sanders,,Jose Sanders
14881,2026,2026,1,1,,,1,,0,True,True,0,2,,0.0,2,0,0.0,0,0,1,0,1,0,1,0,14881.0,Auguste Perrin,,Auguste Perrin
14882,2026,2026,1,1,,,1,,0,True,True,0,2,,0.0,2,0,0.0,0,0,1,0,1,0,1,0,14882.0,Victoire Roger-Noël,,Victoire Roger-Noël
14885,2023,2023,1,1,,,1,,0,True,False,0,2,,0.0,5,0,0.0,0,0,1,0,1,0,1,0,14885.0,Elisa Zoppetti-Venturi,,Elisa Zoppetti-Venturi
14891,2017,2017,1,1,,,1,,0,True,False,0,1,,0.0,2,0,0.0,0,0,2,0,2,0,1,0,14891.0,Tracy Burton,,Tracy Burton
14892,2017,2017,1,1,,,1,,0,True,False,0,1,,0.0,2,0,0.0,0,0,2,0,2,0,1,0,14892.0,Qiang Han,,Qiang Han
14894,2007,2007,1,1,2007,2007,1,0,0,True,False,0,2,33,0.0,1,0,0.0,0,0,1,0,1,0,1,0,14894.0,Kimberly Estrada,,Kimberly Estrada
14895,2007,2007,1,1,2007,2007,1,0,0,True,False,0,2,33,0.0,1,0,0.0,0,0,1,0,1,0,1,0,14895.0,Fang Ding,,Fang Ding
14898,2029,2029,1,1,,,1,,0,True,True,0,2,,0.0,0,0,0.0,0,0,1,0,1,0,2,0,14898.0,Darshit Mannan,,Darshit Mannan
14900,2029,2029,1,1,,,1,,0,True,True,0,2,,0.0,0,0,0.0,0,0,1,0,1,0,1,0,14900.0,Tammy Campos,,Tammy Campos
14901,2029,2029,1,1,,,1,,0,True,True,0,2,,0.0,0,0,0.0,0,0,1,0,1,0,1,0,14901.0,Parinaaz Deshmukh,,Parinaaz Deshmukh
14905,2023,2023,1,1,,,1,,0,True,False,0,3,,0.0,0,0,0.0,0,0,1,0,1,1,1,0,14905.0,Ming Ding,,Ming Ding
14910,2013,2013,1,1,,,1,,0,True,False,0,3,,0.0,1,0,0.0,0,0,2,0,2,0,1,0,14910.0,Aradhya Dara,,Aradhya Dara
14911,2013,2013,1,1,,,1,,0,True,False,0,3,,0.0,1,0,0.0,0,0,2,0,2,0,1,0,14911.0,Armaan Dalal,,Armaan Dalal
14912,2013,2013,1,1,,,1,,0,True,False,0,3,,0.0,1,0,0.0,0,0,2,0,2,0,1,0,14912.0,Drishya Srinivasan,,Drishya Srinivasan
14914,2025,2025,1,1,,,1,,0,True,True,0,1,,0.0,0,0,0.0,0,0,1,0,1,0,1,0,14914.0,Xiulan Sun,,Xiulan Sun
14915,2025,2025,1,1,,,1,,0,True,True,0,1,,0.0,0,0,0.0,0,0,1,0,1,0,2,0,14915.0,Gang Qiao,,Gang Qiao
14916,2025,2025,1,1,,,1,,0,True,True,0,1,,0.0,0,0,0.0,0,0,1,0,1,0,1,0,14916.0,Christopher Fox,,Christopher Fox
14917,2020,2025,2,2,,,2,,5,True,False,0,4,,0.0,2,0,0.8,0,0,3,0,3,0,2,0,14917.0,Ping Jiang,,Ping Jiang
14919,2025,2025,1,1,,,1,,0,True,True,0,1,,0.0,0,0,0.0,0,0,1,0,1,0,2,0,14919.0,Jing Jiang,,Jing Jiang
14922,2025,2025,1,1,,,1,,0,True,True,0,0,,0.0,2,0,0.0,0,0,1,0,1,0,1,0,14922.0,Jie Du,,Jie Du
14923,2025,2025,1,1,,,1,,0,True,True,0,0,,0.0,2,0,0.0,0,0,1,0,1,0,1,0,14923.0,Yang Xu,,Yang Xu
14924,2025,2025,1,1,,,1,,0,True,True,0,0,,0.0,2,0,0.0,0,0,1,0,1,0,1,0,14924.0,Guiying Feng,,Guiying Feng
14925,2025,2025,1,1,,,1,,0,True,True,0,0,,0.0,2,0,0.0,0,0,1,0,1,0,1,0,14925.0,Xia Xu,,Xia Xu
14926,2025,2025,1,1,,,1,,0,True,True,0,0,,0.0,2,0,0.0,0,0,1,0,1,0,2,0,14926.0,Jun Chang,,Jun Chang
14931,2029,2029,1,1,,,1,,0,True,True,0,4,,0.0,1,0,0.0,0,0,1,0,1,0,1,0,14931.0,Ming Yuan,,Ming Yuan
14932,2029,2029,1,1,,,1,,0,True,True,0,4,,0.0,1,0,0.0,0,0,1,0,1,0,1,0,14932.0,Lei Sun,,Lei Sun
14934,2022,2022,1,1,,,1,,0,True,False,0,1,,0.0,0,0,0.0,0,0,0,0,0,0,1,0,14934.0,Miss Jennifer Williams,,Miss Jennifer Williams
14935,2022,2022,1,1,,,1,,0,True,False,0,1,,0.0,0,0,0.0,0,0,0,0,0,0,1,0,14935.0,William Robinson,,William Robinson
14936,2022,2022,1,1,,,1,,0,True,False,0,1,,0.0,0,0,0.0,0,0,0,0,0,0,1,0,14936.0,Judy Yang,,Judy Yang
14937,2022,2022,1,1,,,1,,0,True,False,0,1,,0.0,0,0,0.0,0,0,0,0,0,0,1,0,14937.0,Joanna Avery,,Joanna Avery
14938,2022,2022,1,1,,,1,,0,True,False,0,1,,0.0,0,0,0.0,0,0,0,0,0,0,1,0,14938.0,Molly Gonzalez,,Molly Gonzalez
14943,2029,2029,1,1,,,1,,0,True,True,0,1,,0.0,0,0,0.0,0,0,1,0,1,1,2,0,14943.0,Jonathan Bishop,,Jonathan Bishop
14946,2013,2013,1,1,,,1,,0,True,False,0,0,,0.0,0,0,0.0,0,0,1,0,1,0,1,0,14946.0,Yuvaan Tripathi,,Yuvaan Tripathi
14949,2023,2023,1,1,,,1,,0,True,False,0,1,,0.0,1,0,0.0,0,0,1,0,1,0,1,0,14949.0,Jun Cai,,Jun Cai
14950,2023,2023,1,1,,,1,,0,True,False,0,1,,0.0,1,0,0.0,0,0,1,0,1,0,2,0,14950.0,Jun Bai,,Jun Bai
14952,2017,2017,1,0,,,1,,0,True,False,0,1,,0.0,0,0,0.0,0,0,1,0,1,1,1,0,14952.0,Qiang Duan, Bronze Tiger, Bronze Tiger
14953,2017,2017,1,0,,,1,,0,True,False,0,1,,0.0,0,0,0.0,0,0,1,0,1,1,1,0,14953.0,Yong Qiu,,Yong Qiu
14954,2017,2028,2,1,2028,2028,2,11,11,True,False,0,2,12,0.0,0,0,0.2727272727272727,0,0,1,0,1,1,1,0,14954.0,Jun Liao,,Jun Liao
14955,2017,2017,1,0,,,1,,0,True,False,0,1,,0.0,0,0,0.0,0,0,1,0,1,1,1,0,14955.0,Ming Kong,,Ming Kong
14956,2017,2017,1,0,,,1,,0,True,False,0,1,,0.0,0,0,0.0,0,0,1,0,1,1,1,0,14956.0,Sandra Holden,,Sandra Holden
14957,2017,2017,1,0,,,1,,0,True,False,0,1,,0.0,0,0,0.0,0,0,1,0,1,1,1,0,14957.0,Yang Wu,,Yang Wu
14958,2017,2017,1,0,,,1,,0,True,False,0,1,,0.0,0,0,0.0,0,0,1,0,1,1,1,0,14958.0,Regina Watkins,,Regina Watkins
14960,2017,2028,2,1,2028,2028,2,11,11,True,False,0,2,12,0.0,0,0,0.2727272727272727,0,0,1,0,1,1,1,0,14960.0,Jie Yan,,Jie Yan
14962,1987,1987,1,1,,,1,,0,True,False,0,0,,0.0,0,0,0.0,0,0,1,0,1,0,2,0,14962.0,Anthony Beck,,Anthony Beck
14966,2010,2010,1,1,,,1,,0,True,False,0,1,,0.0,1,0,0.0,0,0,1,0,1,0,1,0,14966.0,Eric Bailey,,Eric Bailey
14967,2010,2010,1,1,,,1,,0,True,False,0,1,,0.0,1,0,0.0,0,0,1,0,1,0,1,0,14967.0,Inès Lebreton,,Inès Lebreton
14968,2010,2010,1,1,,,1,,0,True,False,0,1,,0.0,1,0,0.0,0,0,1,0,1,0,1,0,14968.0,Andrew Green,,Andrew Green
14971,2024,2024,1,1,,,1,,0,True,False,0,0,,0.0,0,0,0.0,0,0,0,0,0,0,1,0,14971.0,Juan Sun,,Juan Sun
14973,2024,2024,1,1,,,1,,0,True,False,0,0,,0.0,0,0,0.0,0,0,0,0,0,0,1,0,14973.0,Ming Kang,,Ming Kang
14974,2024,2024,1,1,,,1,,0,True,False,0,0,,0.0,0,0,0.0,0,0,0,0,0,0,1,0,14974.0,Ming Lei,,Ming Lei
14978,2010,2010,1,1,,,1,,0,True,False,0,4,,0.0,0,0,0.0,0,0,0,0,0,0,1,0,14978.0,Michelle Ellis,,Michelle Ellis
14981,2010,2010,1,1,,,1,,0,True,False,0,1,,0.0,2,0,0.0,0,0,1,0,1,0,2,0,14981.0,Na Chen,,Na Chen
14982,2010,2010,1,1,,,1,,0,True,False,0,1,,0.0,2,0,0.0,0,0,1,0,1,0,1,0,14982.0,Xiuying Tian,,Xiuying Tian
14983,2010,2010,1,1,,,1,,0,True,False,0,1,,0.0,2,0,0.0,0,0,1,0,1,0,1,0,14983.0,Xiulan Bai,,Xiulan Bai
14985,2017,2017,1,1,,,1,,0,True,False,0,0,,0.0,0,0,0.0,0,0,2,0,2,0,1,0,14985.0,Suzanne Davis,,Suzanne Davis
14988,2017,2017,1,1,,,1,,0,True,False,0,6,,0.0,0,0,0.0,0,0,1,0,1,1,2,0,14988.0,Ming Duan,,Ming Duan
14990,2007,2026,2,2,2007,2007,2,0,19,True,False,0,2,33,0.0,4,0,0.2631578947368421,0,0,1,0,1,1,1,0,14990.0,Joshua Oneill,,Joshua Oneill
14991,2007,2007,1,1,2007,2007,1,0,0,True,False,0,0,33,0.0,2,0,0.0,0,0,1,0,1,0,2,0,14991.0,Tamara Brown,,Tamara Brown
14995,1997,1997,1,1,,,1,,0,True,False,0,0,,0.0,0,0,0.0,0,0,1,0,1,0,2,0,14995.0,Gerhild Mälzer-Albers,,Gerhild Mälzer-Albers
14996,1997,1997,1,1,,,1,,0,True,False,0,0,,0.0,0,0,0.0,0,0,1,0,1,0,2,0,14996.0,Hannelore Rosemann,,Hannelore Rosemann
14998,1987,1987,1,1,,,1,,0,True,False,0,0,,0.0,0,0,0.0,0,0,1,0,1,0,1,0,14998.0,Lei Zhao,Elysian,Elysian
14999,1987,1987,1,1,,,1,,0,True,False,0,0,,0.0,0,0,0.0,0,0,1,0,1,0,1,0,14999.0,Xiuying Lu,,Xiuying Lu
15000,1987,1987,1,1,,,1,,0,True,False,0,0,,0.0,0,0,0.0,0,0,1,0,1,0,1,0,15000.0,Yan Xiong,,Yan Xiong
15002,2004,2004,1,1,,,1,,0,True,False,0,0,,0.0,0,0,0.0,0,0,1,0,1,0,1,0,15002.0,Qiang Pan,,Qiang Pan
15012,2026,2026,1,1,,,1,,0,True,True,0,1,,0.0,0,0,0.0,0,0,1,0,1,0,1,0,15012.0,Li Chang,,Li Chang
15013,2026,2026,1,1,,,1,,0,True,True,0,1,,0.0,0,0,0.0,0,0,1,0,1,0,1,0,15013.0,Ming Chang,,Ming Chang
15014,2026,2026,1,1,,,1,,0,True,True,0,1,,0.0,0,0,0.0,0,0,1,0,1,0,2,0,15014.0,Nathan Nelson,,Nathan Nelson
15018,2023,2023,1,1,,,1,,0,True,False,0,3,,0.0,1,0,0.0,0,0,2,0,2,0,1,1,15018.0,Qiang Gao,,Qiang Gao
15019,2023,2023,1,1,,,1,,0,True,False,0,3,,0.0,1,0,0.0,0,0,2,0,2,0,1,1,15019.0,Fang Yan,,Fang Yan
15021,2023,2023,1,1,,,1,,0,True,False,0,3,,0.0,1,0,0.0,0,0,2,0,2,0,1,1,15021.0,Jing Chang,,Jing Chang
15022,2023,2023,1,1,,,1,,0,True,False,0,3,,0.0,1,0,0.0,0,0,2,0,2,0,1,1,15022.0,Li Dong,,Li Dong
15023,2023,2023,1,1,,,1,,0,True,False,0,3,,0.0,1,0,0.0,0,0,2,0,2,0,1,1,15023.0,Qiang Sun,,Qiang Sun
15029,2023,2023,1,1,,,1,,0,True,False,0,2,,0.0,0,0,0.0,0,0,1,0,1,0,1,2,15029.0,Tomoya Takahashi,,Tomoya Takahashi
15030,2023,2023,1,1,,,1,,0,True,False,0,2,,0.0,0,0,0.0,0,0,1,0,1,0,2,2,15030.0,Yuki Hashimoto,,Yuki Hashimoto
15031,2023,2023,1,1,,,1,,0,True,False,0,2,,0.0,0,0,0.0,0,0,1,0,1,0,1,2,15031.0,Taichi Sasaki,,Taichi Sasaki
15033,2009,2009,1,1,,,1,,0,True,False,0,1,,0.0,1,0,0.0,0,0,1,0,1,0,1,0,15033.0,Na Deng,,Na Deng
15036,1997,1997,1,1,1997,1997,1,0,0,True,False,0,0,43,0.0,0,0,0.0,0,0,1,0,1,0,1,0,15036.0,Sarah Ward,,Sarah Ward
15037,1997,1997,1,1,1997,1997,1,0,0,True,False,0,0,43,0.0,0,0,0.0,0,0,1,0,1,0,1,0,15037.0,Sheila Cox,,Sheila Cox
15038,1997,1997,1,1,1997,1997,1,0,0,True,False,0,0,43,0.0,0,0,0.0,0,0,1,0,1,0,1,0,15038.0,Isaac Joubert,,Isaac Joubert
15042,2010,2010,1,1,,,1,,0,True,False,0,0,,0.0,0,0,0.0,0,0,2,0,2,0,1,0,15042.0,Brian Carter,,Brian Carter
15043,2010,2010,1,1,,,1,,0,True,False,0,0,,0.0,0,0,0.0,0,0,2,0,2,0,1,0,15043.0,Anthony Allen,,Anthony Allen
15044,2010,2010,1,1,,,1,,0,True,False,0,0,,0.0,0,0,0.0,0,0,2,0,2,0,1,0,15044.0,Steve Young,,Steve Young
15045,2010,2010,1,1,,,1,,0,True,False,0,0,,0.0,0,0,0.0,0,0,2,0,2,0,1,0,15045.0,Kristin Sullivan,,Kristin Sullivan
15049,2023,2023,1,1,,,1,,0,True,False,0,6,,0.0,0,0,0.0,0,0,0,0,0,1,2,1,15049.0,Ping Lei,,Ping Lei
15050,2023,2023,1,1,,,1,,0,True,False,0,6,,0.0,0,0,0.0,0,0,0,0,0,1,1,1,15050.0,Li Liu,,Li Liu
15051,2023,2023,1,1,,,1,,0,True,False,0,6,,0.0,0,0,0.0,0,0,0,0,0,1,1,1,15051.0,Ming Zhou,,Ming Zhou
15052,2023,2023,1,1,,,1,,0,True,False,0,6,,0.0,0,0,0.0,0,0,0,0,0,1,1,1,15052.0,Sean James,,Sean James
15058,2029,2029,1,1,,,1,,0,True,True,0,3,,0.0,0,0,0.0,0,0,0,0,0,1,1,0,15058.0,Jun Wan,,Jun Wan
15062,2020,2020,1,1,,,1,,0,True,False,0,1,,0.0,1,0,0.0,0,0,1,0,1,0,1,0,15062.0,Guiying Luo,,Guiying Luo
15066,2023,2023,1,1,2039,2039,1,16,0,True,False,0,1,1,0.9,0,0,0.0,0,0,1,0,1,0,1,0,15066.0,Abigaíl del Franch,Obsidian Lament,Obsidian Lament
15068,2023,2023,1,1,2039,2039,1,16,0,True,False,0,1,1,0.9,0,0,0.0,0,0,1,0,1,0,1,0,15068.0,Elena Olivera Agudo,,Elena Olivera Agudo
15073,2013,2013,1,1,,,1,,0,True,False,0,1,,0.0,1,0,0.0,0,0,1,0,1,0,1,0,15073.0,Sean King,,Sean King
15074,2013,2013,1,1,,,1,,0,True,False,0,1,,0.0,1,0,0.0,0,0,1,0,1,0,2,0,15074.0,Wei Dai,,Wei Dai
15077,2030,2030,1,1,2030,2030,1,0,0,True,True,1,1,10,0.0,1,0,0.0,0,0,2,0,2,0,2,0,15077.0,Heather Dalton,,Heather Dalton
15079,2030,2030,1,1,2030,2030,1,0,0,True,True,1,1,10,0.0,1,0,0.0,0,0,2,0,2,0,1,0,15079.0,Wei Kang,,Wei Kang
15081,2017,2017,1,1,,,1,,0,True,False,0,2,,0.0,0,0,0.0,0,0,1,0,1,0,1,0,15081.0,Honoré-Alexandre Vidal,,Honoré-Alexandre Vidal
15082,2017,2017,1,1,,,1,,0,True,False,0,2,,0.0,0,0,0.0,0,0,1,0,1,0,2,0,15082.0,Haruka Kobayashi,,Haruka Kobayashi
15085,2014,2014,1,1,2014,2014,1,0,0,True,False,0,0,26,0.0,0,0,0.0,0,0,1,0,1,0,1,0,15085.0,Stephen Lawrence,,Stephen Lawrence
15086,2014,2014,1,1,2014,2014,1,0,0,True,False,0,0,26,0.0,0,0,0.0,0,0,1,0,1,0,1,0,15086.0,Jun Yin,,Jun Yin
15087,2014,2014,1,1,2014,2014,1,0,0,True,False,0,0,26,0.0,0,0,0.0,0,0,1,0,1,0,1,0,15087.0,Ping Xu,,Ping Xu
15088,2014,2014,1,1,2014,2014,1,0,0,True,False,0,0,26,0.0,0,0,0.0,0,0,1,0,1,0,1,0,15088.0,Jörg-Peter Hecker,,Jörg-Peter Hecker
15090,1999,1999,1,0,,,1,,0,True,False,0,2,,0.0,2,0,0.0,0,0,2,0,2,0,1,0,15090.0,Jie Fan,,Jie Fan
15091,1999,1999,1,0,,,1,,0,True,False,0,2,,0.0,2,0,0.0,0,0,2,0,2,0,1,0,15091.0,Chao Li,,Chao Li
15095,2016,2016,1,1,,,1,,0,True,False,0,0,,0.0,1,0,0.0,0,0,2,0,2,0,1,0,15095.0,Lori Bass,,Lori Bass
15096,2016,2016,1,1,,,1,,0,True,False,0,0,,0.0,1,0,0.0,0,0,2,0,2,0,1,0,15096.0,Na Chang,,Na Chang
15097,2016,2016,1,1,,,1,,0,True,False,0,0,,0.0,1,0,0.0,0,0,2,0,2,0,1,0,15097.0,Ming Hou,,Ming Hou
15098,2016,2016,1,1,,,1,,0,True,False,0,0,,0.0,1,0,0.0,0,0,2,0,2,0,1,0,15098.0,Yang Xue,,Yang Xue
15102,2023,2023,1,1,2023,2023,1,0,0,True,False,0,3,17,0.0,0,0,0.0,0,0,1,0,1,0,3,0,15102.0,Jeffrey Middleton,,Jeffrey Middleton
15106,2022,2022,1,1,2022,2022,1,0,0,True,False,0,1,18,0.0,0,0,0.0,0,0,1,0,1,0,1,0,15106.0,Xiuying Feng,,Xiuying Feng
15107,2022,2022,1,1,2022,2022,1,0,0,True,False,0,1,18,0.0,0,0,0.0,0,0,1,0,1,0,2,0,15107.0,Na Cui,,Na Cui
15111,1991,1991,1,1,,,1,,0,True,False,0,1,,0.0,1,0,0.0,0,0,1,0,1,0,1,0,15111.0,Lei Mo,,Lei Mo
15112,1991,1991,1,1,,,1,,0,True,False,0,1,,0.0,1,0,0.0,0,0,1,0,1,0,1,0,15112.0,Yang Lin,,Yang Lin
15113,1991,1991,1,1,,,1,,0,True,False,0,1,,0.0,1,0,0.0,0,0,1,0,1,0,2,0,15113.0,Ping He,,Ping He
15115,2028,2028,1,1,2028,2028,1,0,0,True,True,0,1,12,0.0,0,0,0.0,0,0,1,0,1,0,1,0,15115.0,Juan Dong,,Juan Dong
15117,2028,2028,1,1,2028,2028,1,0,0,True,True,0,1,12,0.0,0,0,0.0,0,0,1,0,1,0,1,0,15117.0,Yan Gu,,Yan Gu
15119,2023,2023,1,1,,,1,,0,True,False,0,1,,0.0,0,0,0.0,0,0,1,0,1,0,2,0,15119.0,Alphonse Berthelot,,Alphonse Berthelot
15123,2026,2026,1,1,,,1,,0,True,True,0,5,,0.0,0,0,0.0,0,0,1,0,1,1,1,0,15123.0,Tao Hou,,Tao Hou
15125,2026,2026,1,1,,,1,,0,True,True,0,5,,0.0,0,0,0.0,0,0,1,0,1,1,1,0,15125.0,Xia Yang,,Xia Yang
15128,2013,2013,1,1,,,1,,0,True,False,0,1,,0.0,0,0,0.0,0,0,1,0,1,0,1,0,15128.0,Xia Su,,Xia Su
15130,2004,2004,1,1,,,1,,0,True,False,0,1,,0.0,1,0,0.0,0,0,1,0,1,1,1,0,15130.0,Yan Shao,,Yan Shao
15134,2029,2029,1,1,,,1,,0,True,True,0,1,,0.0,0,0,0.0,0,0,2,0,2,0,1,0,15134.0,Elizabeth Gonzalez,,Elizabeth Gonzalez
15137,2004,2004,1,1,2004,2004,1,0,0,True,False,0,3,36,0.0,0,0,0.0,0,0,1,0,1,0,1,0,15137.0,Enno Reinhardt,,Enno Reinhardt
15139,2023,2028,2,2,,,1,,5,True,False,0,2,,0.0,0,0,0.4,0,0,1,0,1,0,1,0,15139.0,Tao Gao,,Tao Gao
15140,2028,2028,1,1,,,1,,0,True,True,0,1,,0.0,0,0,0.0,0,0,1,0,1,0,1,0,15140.0,Xiuying Cheng,,Xiuying Cheng
15141,2023,2028,2,2,,,1,,5,True,False,0,2,,0.0,0,0,0.4,0,0,1,0,1,0,1,0,15141.0,Lei Cui,,Lei Cui
15147,2019,2019,1,1,2019,2019,1,0,0,True,False,0,2,21,0.0,0,0,0.0,0,0,1,0,1,1,1,0,15147.0,Tao Zhang,,Tao Zhang
15148,2019,2019,1,1,2019,2019,1,0,0,True,False,0,2,21,0.0,0,0,0.0,0,0,1,0,1,1,1,0,15148.0,Wei Liao,,Wei Liao
15149,2019,2019,1,1,2019,2019,1,0,0,True,False,0,2,21,0.0,0,0,0.0,0,0,1,0,1,1,1,0,15149.0,Xiulan Lu,,Xiulan Lu
15152,2017,2017,1,1,,,1,,0,True,False,0,3,,0.0,1,0,0.0,0,0,1,0,1,0,1,0,15152.0,Wei Cai,,Wei Cai
15154,2028,2028,1,1,2028,2028,1,0,0,True,True,0,2,12,0.0,0,0,0.0,0,0,2,0,2,0,1,0,15154.0,Min Jin,,Min Jin
15158,2020,2020,1,1,,,1,,0,True,False,0,1,,0.0,0,0,0.0,0,0,1,0,1,0,1,0,15158.0,Amleto Fittipaldi,,Amleto Fittipaldi
15159,2020,2020,1,1,,,1,,0,True,False,0,1,,0.0,0,0,0.0,0,0,1,0,1,0,1,0,15159.0,Gianluca Barberini,,Gianluca Barberini
15161,2029,2029,1,1,,,1,,0,True,True,0,2,,0.0,1,0,0.0,0,0,1,0,1,1,1,0,15161.0,Brian Le,,Brian Le
15163,2029,2029,1,1,,,1,,0,True,True,0,2,,0.0,1,0,0.0,0,0,1,0,1,1,1,0,15163.0,Amy Rodriguez,,Amy Rodriguez
15166,2004,2004,1,1,,,1,,0,True,False,0,1,,0.0,0,0,0.0,0,0,2,0,2,0,2,0,15166.0,Ming Cui, Bishop VII, Bishop VII
15167,2004,2004,1,1,,,1,,0,True,False,0,1,,0.0,0,0,0.0,0,0,2,0,2,0,1,0,15167.0,Guiying Yin,,Guiying Yin
15168,1998,2004,2,2,,,1,,6,True,False,0,4,,0.0,1,0,0.3333333333333333,0,0,2,0,2,1,1,0,15168.0,Yan Tan,,Yan Tan
15169,1998,2028,2,2,,,2,,30,True,False,0,4,,0.0,1,0,0.1,0,0,2,0,2,1,2,0,15169.0,Gang Liu,,Gang Liu
15171,2022,2022,1,1,,,1,,0,True,False,0,0,,0.0,1,0,0.0,0,0,2,0,2,0,1,0,15171.0,Na Shao, Merit, Merit
15172,2022,2022,1,1,,,1,,0,True,False,0,0,,0.0,1,0,0.0,0,0,2,0,2,0,1,0,15172.0,Li Long,,Li Long
15173,2022,2022,1,1,,,1,,0,True,False,0,0,,0.0,1,0,0.0,0,0,2,0,2,0,1,0,15173.0,Ping Wan,,Ping Wan
15176,2022,2022,1,1,,,1,,0,True,False,0,0,,0.0,1,0,0.0,0,0,2,0,2,0,1,0,15176.0,Gang Cao,,Gang Cao
15177,2022,2022,1,1,,,1,,0,True,False,0,0,,0.0,1,0,0.0,0,0,2,0,2,0,2,0,15177.0,Fang Yin,,Fang Yin
15178,2022,2022,1,1,,,1,,0,True,False,0,0,,0.0,1,0,0.0,0,0,2,0,2,0,1,0,15178.0,Yang Qin,,Yang Qin
15179,2022,2022,1,1,,,1,,0,True,False,0,0,,0.0,1,0,0.0,0,0,2,0,2,0,2,0,15179.0,Lisa Harris,,Lisa Harris
15180,2022,2022,1,1,,,1,,0,True,False,0,0,,0.0,1,0,0.0,0,0,2,0,2,0,1,0,15180.0,Yong Yan,,Yong Yan
15183,2023,2023,1,1,,,1,,0,True,False,0,1,,0.0,0,0,0.0,0,0,2,0,2,1,2,0,15183.0,Ryan Osborn, Josie Blue, Josie Blue
15184,2023,2023,1,1,,,1,,0,True,False,0,1,,0.0,0,0,0.0,0,0,2,0,2,1,1,0,15184.0,Terry Adams,,Terry Adams
15187,2017,2017,1,1,,,1,,0,True,False,0,1,,0.0,0,0,0.0,0,0,1,0,1,1,2,0,15187.0,Juan Du,,Juan Du
15190,2003,2003,1,1,,,1,,0,True,False,0,0,,0.0,0,0,0.0,0,0,2,0,2,0,1,0,15190.0,Miki Maeda,,Miki Maeda
15191,2003,2003,1,1,,,1,,0,True,False,0,0,,0.0,0,0,0.0,0,0,2,0,2,0,1,0,15191.0,Akira Kobayashi,,Akira Kobayashi
15193,2028,2028,1,1,2028,2028,1,0,0,True,True,0,4,12,0.0,0,0,0.0,0,0,1,0,1,2,2,0,15193.0,Qiang Hao,,Qiang Hao
15194,2028,2028,1,1,2028,2028,1,0,0,True,True,0,4,12,0.0,0,0,0.0,0,0,1,0,1,2,1,0,15194.0,Ping Meng,,Ping Meng
15195,2028,2028,1,1,2028,2028,1,0,0,True,True,0,4,12,0.0,0,0,0.0,0,0,1,0,1,2,1,0,15195.0,Jun Huang,,Jun Huang
15196,2028,2028,1,1,2028,2028,1,0,0,True,True,0,4,12,0.0,0,0,0.0,0,0,1,0,1,2,1,0,15196.0,Tyler Lee,,Tyler Lee
15200,2025,2025,1,1,,,1,,0,True,True,0,0,,0.0,4,0,0.0,0,0,1,0,1,0,1,0,15200.0,Linus Bonbach,,Linus Bonbach
15201,2025,2025,1,1,,,1,,0,True,True,0,0,,0.0,4,0,0.0,0,0,1,0,1,0,1,0,15201.0,Raimund Wernecke,,Raimund Wernecke
15203,2023,2023,1,1,,,1,,0,True,False,0,1,,0.0,0,0,0.0,0,0,1,0,1,0,1,0,15203.0,Chao Han,,Chao Han
15204,2023,2023,1,1,,,1,,0,True,False,0,1,,0.0,0,0,0.0,0,0,1,0,1,0,1,0,15204.0,Jing Cao,,Jing Cao
15208,2029,2029,1,1,,,1,,0,True,True,0,3,,0.0,0,0,0.0,0,0,1,0,1,1,1,0,15208.0,Na Chang,,Na Chang
15209,2029,2029,1,1,,,1,,0,True,True,0,3,,0.0,0,0,0.0,0,0,1,0,1,1,1,0,15209.0,James Beard,,James Beard
15211,2027,2027,1,1,2027,2027,1,0,0,True,True,0,3,13,0.0,1,0,0.0,0,0,1,0,1,0,1,0,15211.0,Yong Xue,,Yong Xue
15215,2023,2023,1,1,,,1,,0,True,False,0,1,,0.0,1,0,0.0,0,0,1,0,1,0,1,0,15215.0,Fanny Dörschner,,Fanny Dörschner
15216,2023,2023,1,1,,,1,,0,True,False,0,1,,0.0,1,0,0.0,0,0,1,0,1,0,1,0,15216.0,Pascal Pärtzelt-Jockel,,Pascal Pärtzelt-Jockel
15218,2020,2020,1,1,,,1,,0,True,False,0,3,,0.0,0,0,0.0,0,0,2,0,2,1,1,0,15218.0,Carrie Webb,,Carrie Webb
15219,2020,2020,1,1,,,1,,0,True,False,0,3,,0.0,0,0,0.0,0,0,2,0,2,1,1,0,15219.0,Whitney Tucker,,Whitney Tucker
15221,2010,2020,2,2,2010,2010,1,0,10,True,False,0,3,30,0.0,1,0,0.4,0,0,4,0,4,1,1,0,15221.0,Miss Amy Harmon,,Miss Amy Harmon
15223,2026,2026,1,1,2026,2026,1,0,0,True,True,0,1,14,0.0,3,0,0.0,0,0,1,0,1,0,1,0,15223.0,Tao Xie,,Tao Xie
15224,2003,2026,3,3,2003,2026,3,0,23,True,False,0,2,14,0.0,4,0,0.21739130434782608,0,0,2,0,2,0,1,0,15224.0,Juan Shi,,Juan Shi
15225,2026,2026,2,2,2026,2026,2,0,0,True,True,0,2,14,0.0,3,0,0.0,0,0,1,0,1,0,1,0,15225.0,Guiying Shi,,Guiying Shi
15228,2026,2026,1,1,,,1,,0,True,True,0,1,,0.0,0,0,0.0,0,0,1,0,1,0,2,0,15228.0,Jason Mcpherson,,Jason Mcpherson
15232,2025,2025,1,1,,,1,,0,True,True,0,0,,0.0,0,0,0.0,0,0,1,0,1,0,1,0,15232.0,Jun Zhou,,Jun Zhou
15233,2025,2025,1,1,,,1,,0,True,True,0,0,,0.0,0,0,0.0,0,0,1,0,1,0,1,0,15233.0,Qiang Yang,,Qiang Yang
15234,2025,2025,1,1,,,1,,0,True,True,0,0,,0.0,0,0,0.0,0,0,1,0,1,0,1,0,15234.0,Gang Long,,Gang Long
15236,2029,2029,1,1,,,1,,0,True,True,0,2,,0.0,1,0,0.0,1,0,1,0,1,0,1,0,15236.0,Yang Meng,,Yang Meng
15238,2029,2029,1,1,,,1,,0,True,True,0,2,,0.0,1,0,0.0,1,0,1,0,1,0,1,0,15238.0,Juan Cheng,,Juan Cheng
15239,2029,2029,1,1,,,1,,0,True,True,0,2,,0.0,1,0,0.0,1,0,1,0,1,0,1,0,15239.0,Kelly Williams,,Kelly Williams
15240,2029,2029,1,1,,,1,,0,True,True,0,2,,0.0,1,0,0.0,1,0,1,0,1,0,1,0,15240.0,Yan Liang,,Yan Liang
15245,2020,2020,1,1,,,1,,0,True,False,0,1,,0.0,0,0,0.0,0,0,1,0,1,0,1,0,15245.0,Nermin Förster,,Nermin Förster
15246,2020,2020,1,1,,,1,,0,True,False,0,1,,0.0,0,0,0.0,0,0,1,0,1,0,1,0,15246.0,Frau Evelyn Schmiedt,,Frau Evelyn Schmiedt
15247,2020,2020,1,1,,,1,,0,True,False,0,1,,0.0,0,0,0.0,0,0,1,0,1,0,2,0,15247.0,Gerhardt Jäkel,,Gerhardt Jäkel
15253,2023,2023,1,1,,,1,,0,True,False,0,2,,0.0,0,0,0.0,0,0,1,0,1,0,2,0,15253.0,Jeffrey Morgan,,Jeffrey Morgan
15256,2028,2028,1,1,,,1,,0,True,True,0,1,,0.0,0,0,0.0,0,0,2,0,2,0,1,0,15256.0,Jun Duan,,Jun Duan
15257,2028,2028,1,1,,,1,,0,True,True,0,1,,0.0,0,0,0.0,0,0,2,0,2,0,1,0,15257.0,Chao Ding,,Chao Ding
15259,2030,2030,1,1,,,1,,0,True,True,1,3,,0.0,0,0,0.0,0,0,1,0,1,0,2,0,15259.0,Jacqueline Monroe,,Jacqueline Monroe
15263,2022,2022,1,1,,,1,,0,True,False,0,0,,0.0,0,0,0.0,0,0,1,0,1,0,2,0,15263.0,Xia Xia,,Xia Xia
15264,2022,2022,1,1,,,1,,0,True,False,0,0,,0.0,0,0,0.0,0,0,1,0,1,0,1,0,15264.0,Jing Hu,,Jing Hu
15265,2022,2022,1,1,,,1,,0,True,False,0,0,,0.0,0,0,0.0,0,0,1,0,1,0,1,0,15265.0,Xia Wu,,Xia Wu
15266,2022,2022,1,1,,,1,,0,True,False,0,0,,0.0,0,0,0.0,0,0,1,0,1,0,2,0,15266.0,Na Chen,,Na Chen
15272,2024,2024,1,1,,,1,,0,True,False,0,0,,0.0,0,0,0.0,0,0,1,0,1,0,2,0,15272.0,Matthew Murphy,,Matthew Murphy
15273,2029,2029,1,1,,,1,,0,True,True,0,6,,0.0,0,0,0.0,0,0,1,0,1,2,2,0,15273.0,Jing Luo,,Jing Luo
15274,2024,2029,2,2,,,2,,5,True,False,0,6,,0.0,0,0,0.2,0,0,1,0,1,2,1,0,15274.0,Xiulan Zhong,,Xiulan Zhong
15277,2022,2022,1,1,,,1,,0,True,False,0,0,,0.0,0,0,0.0,0,0,1,0,1,0,1,0,15277.0,Heidi Smith,,Heidi Smith
15280,2024,2024,1,1,,,1,,0,True,False,0,2,,0.0,0,0,0.0,0,0,2,0,2,0,1,0,15280.0,Roy Miller,,Roy Miller
15281,2024,2024,1,1,,,1,,0,True,False,0,2,,0.0,0,0,0.0,0,0,2,0,2,0,1,0,15281.0,Cindy Moore,,Cindy Moore
15284,2022,2022,1,1,,,1,,0,True,False,0,1,,0.0,0,0,0.0,0,0,1,0,1,0,1,0,15284.0,Fang Wei,,Fang Wei
15286,2025,2025,1,1,,,1,,0,True,True,0,0,,0.0,1,0,0.0,0,0,1,0,1,0,1,0,15286.0,Li Dong,,Li Dong
15288,2015,2015,1,1,,,1,,0,True,False,0,0,,0.0,0,0,0.0,0,0,2,0,2,0,2,0,15288.0,Travis Gonzales,,Travis Gonzales
15292,2007,2018,2,2,,,1,,11,True,False,0,1,,0.0,0,0,0.0,0,0,1,0,1,0,2,0,15292.0,Ronald Brooks,,Ronald Brooks
15296,2027,2027,1,1,,,1,,0,True,True,0,1,,0.0,2,0,0.0,0,0,1,0,1,0,1,0,15296.0,Yang Hou,,Yang Hou
15297,2027,2027,1,1,,,1,,0,True,True,0,1,,0.0,2,0,0.0,0,0,1,0,1,0,1,0,15297.0,Gang Ren,,Gang Ren
15299,2010,2010,1,1,,,1,,0,True,False,0,0,,0.0,0,0,0.0,0,0,2,0,2,0,1,0,15299.0,Mathilde Hesse,,Mathilde Hesse
15300,2010,2010,1,1,,,1,,0,True,False,0,0,,0.0,0,0,0.0,0,0,2,0,2,0,1,0,15300.0,Joy Wood,,Joy Wood
15301,2010,2010,1,1,,,1,,0,True,False,0,0,,0.0,0,0,0.0,0,0,2,0,2,0,1,0,15301.0,Tina Watson,,Tina Watson
15302,2010,2010,1,1,,,1,,0,True,False,0,0,,0.0,0,0,0.0,0,0,2,0,2,0,1,0,15302.0,Hasso Kreusel,,Hasso Kreusel
15303,2010,2010,1,1,,,1,,0,True,False,0,0,,0.0,0,0,0.0,0,0,2,0,2,0,1,0,15303.0,Gerhild Schweitzer,,Gerhild Schweitzer
15305,2010,2010,1,1,,,1,,0,True,False,0,0,,0.0,0,0,0.0,0,0,2,0,2,0,1,0,15305.0,Jasmine Moore,,Jasmine Moore
15307,1997,1997,1,1,,,1,,0,True,False,0,0,,0.0,0,0,0.0,0,0,1,0,1,0,2,0,15307.0,Jessica Macdonald,,Jessica Macdonald
15308,2004,2004,1,1,,,1,,0,True,False,0,1,,0.0,0,0,0.0,0,0,1,0,1,0,2,0,15308.0,Brandon Mays,,Brandon Mays
15312,2029,2029,1,1,,,1,,0,True,True,0,6,,0.0,0,0,0.0,0,0,2,0,2,1,2,0,15312.0,Xiuying Zhou,,Xiuying Zhou
15313,2023,2029,2,2,,,2,,6,True,False,0,8,,0.0,0,0,0.5,0,0,3,0,3,2,1,1,15313.0,Erin Shah,,Erin Shah
15314,2023,2029,2,2,,,2,,6,True,False,0,8,,0.0,0,0,0.5,0,0,3,0,3,2,2,1,15314.0,Yan Lu,,Yan Lu
15317,2026,2026,1,1,,,1,,0,True,True,0,4,,0.0,1,0,0.0,0,0,1,0,1,0,2,0,15317.0,Douglas Roberts,,Douglas Roberts
15319,2004,2004,1,1,,,1,,0,True,False,0,0,,0.0,1,0,0.0,0,0,1,0,1,0,1,0,15319.0,Kimberly Smith,,Kimberly Smith
15320,2004,2004,1,1,,,1,,0,True,False,0,0,,0.0,1,0,0.0,0,0,1,0,1,0,1,0,15320.0,Scott Johnson,,Scott Johnson
15321,2004,2004,1,1,,,1,,0,True,False,0,0,,0.0,1,0,0.0,0,0,1,0,1,0,1,0,15321.0,Danny Fitzgerald,,Danny Fitzgerald
15322,2004,2004,1,1,,,1,,0,True,False,0,0,,0.0,1,0,0.0,0,0,1,0,1,0,2,0,15322.0,Mary Jacobs,,Mary Jacobs
15324,2029,2029,1,1,,,1,,0,True,True,0,7,,0.0,2,0,0.0,0,0,1,0,1,1,1,0,15324.0,Kacper Panasewicz,,Kacper Panasewicz
15326,2013,2013,1,1,,,1,,0,True,False,0,0,,0.0,1,0,0.0,0,0,1,0,1,0,1,0,15326.0,Lisa Steele,,Lisa Steele
15327,2013,2013,1,1,,,1,,0,True,False,0,0,,0.0,1,0,0.0,0,0,1,0,1,0,1,0,15327.0,Yang Ye,,Yang Ye
15328,2013,2013,1,1,,,1,,0,True,False,0,0,,0.0,1,0,0.0,0,0,1,0,1,0,1,0,15328.0,Xiulan Xiang,,Xiulan Xiang
15330,2013,2013,1,1,,,1,,0,True,False,0,0,,0.0,1,0,0.0,0,0,1,0,1,0,1,0,15330.0,Jun Duan,,Jun Duan
15331,2013,2013,1,1,,,1,,0,True,False,0,0,,0.0,1,0,0.0,0,0,1,0,1,0,2,0,15331.0,Xia Wan,,Xia Wan
15334,2011,2011,1,1,,,1,,0,True,False,0,0,,0.0,1,0,0.0,0,0,2,0,2,0,2,0,15334.0,Ryan Leblanc, M.P. Cross, M.P. Cross
15335,2011,2011,1,1,,,1,,0,True,False,0,0,,0.0,1,0,0.0,0,0,2,0,2,0,1,0,15335.0,Patrick Cook,,Patrick Cook
15336,2011,2011,1,1,,,1,,0,True,False,0,0,,0.0,1,0,0.0,0,0,2,0,2,0,1,0,15336.0,Melissa Arias,,Melissa Arias
15337,2011,2011,1,1,,,1,,0,True,False,0,0,,0.0,1,0,0.0,0,0,2,0,2,0,2,0,15337.0,Ping Tian,,Ping Tian
15338,2011,2011,1,1,,,1,,0,True,False,0,0,,0.0,1,0,0.0,0,0,2,0,2,0,2,0,15338.0,Stanley Hamilton,,Stanley Hamilton
15340,2023,2023,1,1,,,1,,0,True,False,0,1,,0.0,2,0,0.0,0,0,1,0,1,0,1,0,15340.0,Yong Xu,,Yong Xu
15341,2023,2023,1,1,,,1,,0,True,False,0,1,,0.0,2,0,0.0,0,0,1,0,1,0,1,0,15341.0,Ping Wan,,Ping Wan
15346,2004,2004,1,0,,,1,,0,True,False,0,0,,0.0,0,0,0.0,0,0,0,0,0,0,1,0,15346.0,Camilla Sontag,,Camilla Sontag
15347,2004,2004,1,0,,,1,,0,True,False,0,0,,0.0,0,0,0.0,0,0,0,0,0,0,1,0,15347.0,Irmtrud Schmiedecke,,Irmtrud Schmiedecke
15348,2004,2004,1,0,,,1,,0,True,False,0,0,,0.0,0,0,0.0,0,0,0,0,0,0,1,0,15348.0,Rosalie Bonbach,,Rosalie Bonbach
15353,2030,2030,1,1,2030,2030,1,0,0,True,True,1,1,10,0.0,0,0,0.0,0,0,0,0,0,1,1,0,15353.0,Na Wei,,Na Wei
15354,2030,2030,1,1,2030,2030,1,0,0,True,True,1,1,10,0.0,0,0,0.0,0,0,0,0,0,1,1,0,15354.0,Gang Fan,,Gang Fan
15355,2030,2030,1,1,2030,2030,1,0,0,True,True,1,1,10,0.0,0,0,0.0,0,0,0,0,0,1,2,0,15355.0,Gang Qian,,Gang Qian
15356,2030,2030,1,1,2030,2030,1,0,0,True,True,1,1,10,0.0,0,0,0.0,0,0,0,0,0,1,1,0,15356.0,Xia Tian,,Xia Tian
15359,2013,2013,1,1,2013,2013,1,0,0,True,False,0,1,27,0.0,0,0,0.0,0,0,1,0,1,0,1,0,15359.0,Jorge Brown,,Jorge Brown
15361,2023,2023,1,1,,,1,,0,True,False,0,0,,0.0,0,0,0.0,0,0,1,0,1,0,1,0,15361.0,Audrey King,,Audrey King
15365,2026,2026,1,1,2026,2026,1,0,0,True,True,0,2,14,0.0,0,0,0.0,0,0,1,0,1,1,2,0,15365.0,Matthew Dominguez,,Matthew Dominguez
15366,2026,2026,1,1,2026,2026,1,0,0,True,True,0,2,14,0.0,0,0,0.0,0,0,1,0,1,1,1,0,15366.0,Kaira Dutt,,Kaira Dutt
15367,2026,2026,1,1,2026,2026,1,0,0,True,True,0,2,14,0.0,0,0,0.0,0,0,1,0,1,1,1,0,15367.0,Anay Boase,,Anay Boase
15368,2026,2026,1,1,2026,2026,1,0,0,True,True,0,2,14,0.0,0,0,0.0,0,0,1,0,1,1,2,0,15368.0,Divit Srinivas,,Divit Srinivas
15371,2026,2026,1,1,2026,2026,1,0,0,True,True,0,1,14,0.0,3,0,0.0,0,0,1,0,1,0,1,0,15371.0,Yong Qiao,,Yong Qiao
15373,2015,2015,1,1,,,1,,0,True,False,0,1,,0.0,0,0,0.0,0,0,1,0,1,0,1,0,15373.0,Lisa Maxwell,,Lisa Maxwell
15375,2013,2013,1,1,,,1,,0,True,False,0,0,,0.0,0,0,0.0,0,0,1,0,1,0,2,0,15375.0,Luke Murray, THA KING, THA KING
15376,2013,2013,1,1,,,1,,0,True,False,0,0,,0.0,0,0,0.0,0,0,1,0,1,0,1,0,15376.0,Manfred Schmiedecke,,Manfred Schmiedecke
15377,2013,2013,1,1,,,1,,0,True,False,0,0,,0.0,0,0,0.0,0,0,1,0,1,0,1,0,15377.0,Angel Henderson,,Angel Henderson
15378,2013,2013,1,1,,,1,,0,True,False,0,0,,0.0,0,0,0.0,0,0,1,0,1,0,1,0,15378.0,Hannah Garrett,,Hannah Garrett
15379,2013,2013,1,1,,,1,,0,True,False,0,0,,0.0,0,0,0.0,0,0,1,0,1,0,1,0,15379.0,Devin Mccoy,,Devin Mccoy
15385,2025,2025,1,1,,,1,,0,True,True,0,1,,0.0,1,0,0.0,0,0,1,0,1,0,1,0,15385.0,Xia Ye,,Xia Ye
15386,2025,2025,1,1,,,1,,0,True,True,0,1,,0.0,1,0,0.0,0,0,1,0,1,0,1,0,15386.0,Chelsea Harris,,Chelsea Harris
15392,2026,2026,1,1,,,1,,0,True,True,0,1,,0.0,1,0,0.0,0,0,1,0,1,0,1,0,15392.0,Li Tan,,Li Tan
15393,2026,2026,1,1,,,1,,0,True,True,0,1,,0.0,1,0,0.0,0,0,1,0,1,0,1,0,15393.0,Fang Liang,,Fang Liang
15397,2023,2023,1,1,,,1,,0,True,False,0,3,,0.0,0,0,0.0,0,0,1,0,1,2,1,0,15397.0,Sherri Mclaughlin,,Sherri Mclaughlin
15399,2013,2013,1,1,,,1,,0,True,False,0,0,,0.0,0,0,0.0,0,0,1,0,1,0,1,0,15399.0,Theda Rosemann,,Theda Rosemann
15400,2013,2013,1,1,,,1,,0,True,False,0,0,,0.0,0,0,0.0,0,0,1,0,1,0,2,0,15400.0,Hannes Ziegert,,Hannes Ziegert
15401,2013,2013,1,1,,,1,,0,True,False,0,0,,0.0,0,0,0.0,0,0,1,0,1,0,1,0,15401.0,Dana Martin,,Dana Martin
15404,2007,2007,1,1,,,1,,0,True,False,0,2,,0.0,1,0,0.0,0,0,2,0,2,0,1,0,15404.0,Bryan Smith,,Bryan Smith
15405,2007,2007,1,1,,,1,,0,True,False,0,2,,0.0,1,0,0.0,0,0,2,0,2,0,2,0,15405.0,Selena Gonzalez,,Selena Gonzalez
15407,2007,2007,1,1,,,1,,0,True,False,0,1,,0.0,3,0,0.0,0,0,1,0,1,0,1,0,15407.0,Beverly Pham,,Beverly Pham
15410,2019,2019,1,1,,,1,,0,True,False,0,0,,0.0,0,0,0.0,0,0,2,0,2,0,1,0,15410.0,Ping Qin,,Ping Qin
15411,2002,2019,2,2,2002,2002,2,0,17,True,False,0,1,38,0.0,0,0,0.17647058823529413,0,0,3,0,3,0,2,0,15411.0,Ming Liang,,Ming Liang
15412,2019,2019,1,1,,,1,,0,True,False,0,0,,0.0,0,0,0.0,0,0,2,0,2,0,1,0,15412.0,Ming Xu,,Ming Xu
15413,2019,2019,1,1,,,1,,0,True,False,0,0,,0.0,0,0,0.0,0,0,2,0,2,0,2,0,15413.0,Juan Cao,,Juan Cao
15416,2023,2023,1,1,,,1,,0,True,False,0,2,,0.0,0,0,0.0,0,0,1,0,1,0,2,1,15416.0,Ming Zhou,,Ming Zhou
15418,2023,2023,1,1,,,1,,0,True,False,0,2,,0.0,0,0,0.0,0,0,1,0,1,0,1,1,15418.0,Chao Qiu,,Chao Qiu
15421,2028,2028,1,1,,,1,,0,True,True,0,5,,0.0,1,0,0.0,0,0,1,0,1,0,1,0,15421.0,Sylwia Skowyra,,Sylwia Skowyra
15426,2019,2019,1,1,2019,2019,1,0,0,True,False,0,2,21,0.0,0,0,0.0,0,0,1,0,1,0,2,0,15426.0,Savannah Leblanc, Nina Sky, Nina Sky
15428,2019,2019,1,1,2019,2019,1,0,0,True,False,0,2,21,0.0,0,0,0.0,0,0,1,0,1,0,1,0,15428.0,Tao Gu,,Tao Gu
15431,2027,2027,1,1,,,1,,0,True,True,0,2,,0.0,0,0,0.0,0,0,1,0,1,1,1,0,15431.0,Pamela Kent,,Pamela Kent
15433,2027,2027,1,1,,,1,,0,True,True,0,2,,0.0,0,0,0.0,0,0,1,0,1,1,1,0,15433.0,Jodi Gilbert,,Jodi Gilbert
15436,2007,2007,1,1,,,1,,0,True,False,0,1,,0.0,0,0,0.0,0,0,2,0,2,0,1,0,15436.0,Claudine Martin,The Phantom Tapes,The Phantom Tapes
15437,2007,2007,1,1,,,1,,0,True,False,0,1,,0.0,0,0,0.0,0,0,2,0,2,0,1,0,15437.0,Nicholas Pineda,,Nicholas Pineda
15438,2007,2007,1,1,,,1,,0,True,False,0,1,,0.0,0,0,0.0,0,0,2,0,2,0,1,0,15438.0,Caroline Lewis,,Caroline Lewis
15442,2017,2017,1,1,,,1,,0,True,False,0,2,,0.0,1,0,0.0,0,0,1,0,1,0,1,0,15442.0,Emily Jackson, R.J. West, R.J. West
15445,2020,2020,1,1,,,1,,0,True,False,0,2,,0.0,0,0,0.0,0,0,1,0,1,0,1,0,15445.0,Yong Hao,,Yong Hao
15446,2020,2020,1,1,,,1,,0,True,False,0,2,,0.0,0,0,0.0,0,0,1,0,1,0,2,0,15446.0,Li Kong,,Li Kong
15448,2013,2026,2,2,,,2,,13,True,False,0,1,,0.0,0,0,0.15384615384615385,0,0,1,0,1,0,1,0,15448.0,Alfredo Cases Gaya,,Alfredo Cases Gaya
15449,2026,2026,1,1,,,1,,0,True,True,0,1,,0.0,0,0,0.0,0,0,1,0,1,0,1,0,15449.0,Anna Woodard,,Anna Woodard
15450,2026,2026,1,1,,,1,,0,True,True,0,1,,0.0,0,0,0.0,0,0,1,0,1,0,2,0,15450.0,Kaitlyn Castaneda PhD,,Kaitlyn Castaneda PhD
15453,2028,2028,1,1,,,1,,0,True,True,0,1,,0.0,0,0,0.0,0,0,1,0,1,0,1,0,15453.0,Xiulan He,,Xiulan He
15454,2028,2028,1,1,,,1,,0,True,True,0,1,,0.0,0,0,0.0,0,0,1,0,1,0,2,0,15454.0,Yong Lei,,Yong Lei
15455,2028,2028,1,1,,,1,,0,True,True,0,1,,0.0,0,0,0.0,0,0,1,0,1,0,1,0,15455.0,Alexander Lawrence,,Alexander Lawrence
15459,2030,2030,1,1,,,1,,0,True,True,1,2,,0.0,0,0,0.0,0,0,1,0,1,0,2,0,15459.0,Guiying Zhou,,Guiying Zhou
15461,2030,2030,1,1,,,1,,0,True,True,1,2,,0.0,0,0,0.0,0,0,1,0,1,0,1,0,15461.0,Lei Hou,,Lei Hou
15463,2025,2025,1,1,,,1,,0,True,True,0,1,,0.0,3,0,0.0,0,0,2,0,2,0,1,0,15463.0,Qiang Fan,,Qiang Fan
15465,2023,2023,1,1,,,1,,0,True,False,0,3,,0.0,1,0,0.0,0,0,1,0,1,1,1,0,15465.0,Xia Xiao,,Xia Xiao
15467,2023,2023,1,1,,,1,,0,True,False,0,3,,0.0,1,0,0.0,0,0,1,0,1,1,1,0,15467.0,Elizabeth Johnson,,Elizabeth Johnson
15468,2023,2023,1,1,,,1,,0,True,False,0,3,,0.0,1,0,0.0,0,0,1,0,1,1,1,0,15468.0,Tao Yu,,Tao Yu
15471,2017,2017,1,0,,,1,,0,True,False,0,0,,0.0,0,0,0.0,0,0,1,0,1,0,2,0,15471.0,Wei Peng,,Wei Peng
15477,2027,2032,2,2,,,2,,5,True,True,1,2,,0.0,0,0,0.0,0,0,2,0,2,1,2,0,15477.0,Ping Zeng,,Ping Zeng
15480,2017,2017,1,1,,,1,,0,True,False,0,1,,0.0,0,0,0.0,0,0,1,0,1,0,1,0,15480.0,Jayan Chandran,,Jayan Chandran
15484,2016,2016,1,1,2016,2016,1,0,0,True,False,0,1,24,0.0,0,0,0.0,0,0,1,0,1,0,1,0,15484.0,Jing Ma,,Jing Ma
15486,2016,2016,1,1,2016,2016,1,0,0,True,False,0,1,24,0.0,0,0,0.0,0,0,1,0,1,0,1,0,15486.0,Qiang Du,,Qiang Du
15487,2016,2016,1,1,2016,2016,1,0,0,True,False,0,1,24,0.0,0,0,0.0,0,0,1,0,1,0,1,0,15487.0,Li Gao,,Li Gao
15490,2015,2015,1,1,2015,2015,1,0,0,True,False,0,1,25,0.0,0,0,0.0,0,0,1,0,1,0,1,0,15490.0,Robert Stephens,,Robert Stephens
15491,2015,2015,1,1,2015,2015,1,0,0,True,False,0,1,25,0.0,0,0,0.0,0,0,1,0,1,0,1,0,15491.0,Elizabeth Brown,,Elizabeth Brown
15492,2015,2015,1,1,2015,2015,1,0,0,True,False,0,1,25,0.0,0,0,0.0,0,0,1,0,1,0,2,0,15492.0,Angela Hernandez,,Angela Hernandez
15498,2027,2027,1,1,2027,2027,1,0,0,True,True,0,8,13,0.0,1,0,0.0,0,0,1,0,1,0,2,0,15498.0,Bertrand-Robert Duval,,Bertrand-Robert Duval
15499,2027,2027,1,1,2027,2027,1,0,0,True,True,0,8,13,0.0,1,0,0.0,0,0,1,0,1,0,1,0,15499.0,Yan Ren,,Yan Ren
15504,2028,2028,1,1,,,1,,0,True,True,0,0,,0.0,1,0,0.0,0,0,1,0,1,0,1,0,15504.0,Chao Xue,,Chao Xue
15507,2020,2026,2,1,,,2,,6,True,False,0,1,,0.0,3,0,0.8333333333333334,0,0,1,0,1,0,1,0,15507.0,Carla Gross,,Carla Gross
15509,2023,2023,1,1,,,1,,0,True,False,0,2,,0.0,1,0,0.0,0,0,1,0,1,0,1,0,15509.0,Na Xie,,Na Xie
15511,2023,2023,1,1,,,1,,0,True,False,0,2,,0.0,1,0,0.0,0,0,1,0,1,0,1,0,15511.0,Na Hou,,Na Hou
15514,2024,2024,1,1,,,1,,0,True,False,0,3,,0.0,0,0,0.0,0,0,1,0,1,1,1,0,15514.0,Xiulan Fu,,Xiulan Fu
15516,2010,2010,1,1,2010,2010,1,0,0,True,False,0,0,30,0.0,4,0,0.0,0,0,1,0,1,0,1,0,15516.0,Lei Jia, DVRK, DVRK
15519,2028,2028,1,1,,,1,,0,True,True,0,1,,0.0,0,0,0.0,0,0,1,0,1,0,2,0,15519.0,Chao Zhao,,Chao Zhao
15523,2026,2026,1,1,,,1,,0,True,True,0,3,,0.0,1,0,0.0,0,0,1,0,1,0,1,0,15523.0,Li Gong,,Li Gong
15526,1984,1984,1,1,1984,1984,1,0,0,True,False,0,0,56,0.0,0,0,0.0,0,0,1,0,1,0,2,0,15526.0,Katherine Wang,,Katherine Wang
15531,2026,2026,1,1,2026,2026,1,0,0,True,True,0,0,14,0.0,0,0,0.0,0,0,1,0,1,0,1,0,15531.0,Kristi Henry,,Kristi Henry
15534,2026,2026,1,1,,,1,,0,True,True,0,7,,0.0,2,0,0.0,0,0,1,0,1,0,1,0,15534.0,Daniel Campbell,,Daniel Campbell
15535,2026,2026,1,1,,,1,,0,True,True,0,7,,0.0,2,0,0.0,0,0,1,0,1,0,1,0,15535.0,Hector Jones,,Hector Jones
15537,2020,2020,1,1,,,1,,0,True,False,0,1,,0.0,0,0,0.0,0,0,1,0,1,0,1,0,15537.0,Mary Frazier,,Mary Frazier
15541,2020,2020,1,1,,,1,,0,True,False,0,1,,0.0,0,0,0.0,0,0,1,0,1,0,3,0,15541.0,Lei Gong,,Lei Gong
15543,2020,2020,1,1,,,1,,0,True,False,0,1,,0.0,0,0,0.0,0,0,1,0,1,0,1,1,15543.0,Guiying Liang,,Guiying Liang
15544,2020,2020,1,1,,,1,,0,True,False,0,1,,0.0,0,0,0.0,0,0,1,0,1,0,1,1,15544.0,Qiang Zeng,,Qiang Zeng
15545,2020,2020,1,1,,,1,,0,True,False,0,1,,0.0,0,0,0.0,0,0,1,0,1,0,1,1,15545.0,Jun Shi,,Jun Shi
15548,2018,2018,1,1,,,1,,0,True,False,0,0,,0.0,1,0,0.0,0,0,1,0,1,0,1,0,15548.0,Xiulan Cai,Nocturne,Nocturne
15550,2018,2018,1,1,,,1,,0,True,False,0,0,,0.0,1,0,0.0,0,0,1,0,1,0,1,0,15550.0,Xiulan Lin,,Xiulan Lin
15551,2018,2018,1,1,,,1,,0,True,False,0,0,,0.0,1,0,0.0,0,0,1,0,1,0,1,0,15551.0,Qiang Fang,,Qiang Fang
15554,2026,2026,1,1,,,1,,0,True,True,0,1,,0.0,0,0,0.0,0,0,2,0,2,1,1,0,15554.0,Tao Dai,,Tao Dai
15556,2028,2029,2,2,2028,2028,1,0,1,True,True,0,6,12,0.0,1,0,0.0,0,0,2,0,2,2,2,0,15556.0,Yong Liu,,Yong Liu
15557,2028,2028,1,1,2028,2028,1,0,0,True,True,0,2,12,0.0,1,0,0.0,0,0,1,0,1,0,1,0,15557.0,Laura Anderson,,Laura Anderson
15558,2028,2028,1,1,2028,2028,1,0,0,True,True,0,2,12,0.0,1,0,0.0,0,0,1,0,1,0,2,0,15558.0,Min Zhou,,Min Zhou
15560,2020,2020,1,1,,,1,,0,True,False,0,1,,0.0,0,0,0.0,0,0,2,0,2,0,1,0,15560.0,Guiying Shao,,Guiying Shao
15561,2020,2020,1,1,,,1,,0,True,False,0,1,,0.0,0,0,0.0,0,0,2,0,2,0,2,0,15561.0,Anica Baum,,Anica Baum
15562,2020,2020,1,1,,,1,,0,True,False,0,1,,0.0,0,0,0.0,0,0,2,0,2,0,1,0,15562.0,Wei Zou,,Wei Zou
15564,2020,2020,1,1,,,1,,0,True,False,0,1,,0.0,0,0,0.0,0,0,2,0,2,0,1,0,15564.0,Lei Jiang,,Lei Jiang
15566,2026,2026,1,1,,,1,,0,True,True,0,2,,0.0,0,0,0.0,0,0,1,0,1,0,1,0,15566.0,Yan Zhou,,Yan Zhou
15567,2026,2026,1,1,,,1,,0,True,True,0,2,,0.0,0,0,0.0,0,0,1,0,1,0,2,0,15567.0,Ping Long,,Ping Long
15569,2026,2026,1,1,,,1,,0,True,True,0,2,,0.0,0,0,0.0,0,0,1,0,1,0,1,0,15569.0,Wei Cheng,,Wei Cheng
15572,2023,2023,1,1,,,1,,0,True,False,0,1,,0.0,0,0,0.0,0,0,1,0,1,0,1,1,15572.0,Jie Cheng,,Jie Cheng
15573,2023,2023,1,1,,,1,,0,True,False,0,1,,0.0,0,0,0.0,0,0,1,0,1,0,1,1,15573.0,Juan Kang,,Juan Kang
15575,2013,2013,1,1,,,1,,0,True,False,0,1,,0.0,0,0,0.0,0,0,1,0,1,0,1,0,15575.0,Tao Mo,Halogen Visions,Halogen Visions
15576,2013,2013,1,1,,,1,,0,True,False,0,1,,0.0,0,0,0.0,0,0,1,0,1,0,1,0,15576.0,Xiuying Li,,Xiuying Li
15580,2030,2030,1,1,,,1,,0,True,True,1,2,,0.0,2,0,0.0,0,0,1,0,1,0,1,0,15580.0,Hugo Pareto,,Hugo Pareto
15581,2030,2030,1,1,,,1,,0,True,True,1,2,,0.0,2,0,0.0,0,0,1,0,1,0,1,0,15581.0,Ludovica Tamborini-Paolucci,,Ludovica Tamborini-Paolucci
15583,2000,2000,1,1,,,1,,0,True,False,0,5,,0.0,4,0,0.0,0,0,1,0,1,2,1,0,15583.0,Monika Bochnia,,Monika Bochnia
15585,2029,2029,1,1,,,1,,0,True,True,0,2,,0.0,2,0,0.0,0,0,1,0,1,2,1,0,15585.0,Xiulan Du,,Xiulan Du
15586,2029,2029,1,1,,,1,,0,True,True,0,2,,0.0,2,0,0.0,0,0,1,0,1,2,1,0,15586.0,Li Zhu,,Li Zhu
15587,2029,2029,1,1,,,1,,0,True,True,0,2,,0.0,2,0,0.0,0,0,1,0,1,2,1,0,15587.0,Na Xue,,Na Xue
15588,2029,2029,1,1,,,1,,0,True,True,0,2,,0.0,2,0,0.0,0,0,1,0,1,2,1,0,15588.0,Chao Jia,,Chao Jia
15589,2029,2029,1,1,,,1,,0,True,True,0,2,,0.0,2,0,0.0,0,0,1,0,1,2,1,0,15589.0,Li Gong,,Li Gong
15593,2027,2027,1,1,2027,2027,1,0,0,True,True,0,1,13,0.0,0,0,0.0,0,0,2,0,2,0,2,0,15593.0,Lara Filippelli,,Lara Filippelli
15596,2017,2017,1,1,,,1,,0,True,False,0,0,,0.0,0,0,0.0,0,0,1,0,1,0,1,0,15596.0,Miss Brandi Torres,,Miss Brandi Torres
15598,2017,2017,1,1,,,1,,0,True,False,0,0,,0.0,0,0,0.0,0,0,1,0,1,0,1,0,15598.0,Amanda Brown,,Amanda Brown
15599,2017,2017,1,1,,,1,,0,True,False,0,0,,0.0,0,0,0.0,0,0,1,0,1,0,1,0,15599.0,Xiuying Xie,,Xiuying Xie
15601,2023,2023,1,1,,,1,,0,True,False,0,1,,0.0,0,0,0.0,0,0,1,0,1,1,1,0,15601.0,Jacob Gallagher,,Jacob Gallagher
15604,2020,2020,1,1,,,1,,0,True,False,0,1,,0.0,0,0,0.0,0,0,1,0,1,0,3,0,15604.0,Terry Olson,,Terry Olson
15608,2010,2010,1,1,,,1,,0,True,False,0,1,,0.0,3,0,0.0,0,0,2,0,2,0,1,0,15608.0,Paul Johnson,,Paul Johnson
15615,2025,2025,1,1,,,1,,0,True,True,0,1,,0.0,0,0,0.0,0,0,1,0,1,0,1,0,15615.0,Xiulan Ma,,Xiulan Ma
15617,2026,2026,1,1,,,1,,0,True,True,0,1,,0.0,1,0,0.0,0,0,1,0,1,0,1,0,15617.0,Yong Jia,,Yong Jia
15619,2026,2026,1,1,,,1,,0,True,True,0,1,,0.0,1,0,0.0,0,0,1,0,1,0,2,0,15619.0,Juan Shi,,Juan Shi
15620,2026,2026,1,1,,,1,,0,True,True,0,1,,0.0,1,0,0.0,0,0,1,0,1,0,1,0,15620.0,Fang Fu,,Fang Fu
15623,1997,1997,1,1,,,1,,0,True,False,0,1,,0.0,2,0,0.0,0,0,0,0,0,0,1,0,15623.0,Lisa Evans,,Lisa Evans
15624,1997,1997,1,1,,,1,,0,True,False,0,1,,0.0,2,0,0.0,0,0,0,0,0,0,1,0,15624.0,Brittany Meyers,,Brittany Meyers
15625,1997,1997,1,1,,,1,,0,True,False,0,1,,0.0,2,0,0.0,0,0,0,0,0,0,1,0,15625.0,Kristina Willis,,Kristina Willis
15626,1997,1997,1,1,,,1,,0,True,False,0,1,,0.0,2,0,0.0,0,0,0,0,0,0,1,0,15626.0,Corey Moody,,Corey Moody
15627,1997,1997,1,1,,,1,,0,True,False,0,1,,0.0,2,0,0.0,0,0,0,0,0,0,2,0,15627.0,Peter Huff,,Peter Huff
15628,1997,1997,1,1,,,1,,0,True,False,0,1,,0.0,2,0,0.0,0,0,0,0,0,0,1,0,15628.0,Thomas Kelly,,Thomas Kelly
15629,1997,1997,1,1,,,1,,0,True,False,0,1,,0.0,2,0,0.0,0,0,0,0,0,0,1,0,15629.0,Susan Richardson,,Susan Richardson
15631,2023,2023,1,1,,,1,,0,True,False,0,1,,0.0,0,0,0.0,0,0,1,0,1,0,1,0,15631.0,Susan Jones,,Susan Jones
15635,2022,2022,1,1,,,1,,0,True,False,0,1,,0.0,0,0,0.0,0,0,1,0,1,0,1,0,15635.0,Ashley Myers,,Ashley Myers
15636,2022,2022,1,1,,,1,,0,True,False,0,1,,0.0,0,0,0.0,0,0,1,0,1,0,1,0,15636.0,Robert Gray,,Robert Gray
15637,2022,2022,1,1,,,1,,0,True,False,0,1,,0.0,0,0,0.0,0,0,1,0,1,0,1,0,15637.0,Joshua Rodriguez,,Joshua Rodriguez
15638,2022,2022,1,1,,,1,,0,True,False,0,1,,0.0,0,0,0.0,0,0,1,0,1,0,1,0,15638.0,Aaron Anderson,,Aaron Anderson
15639,2022,2022,1,1,,,1,,0,True,False,0,1,,0.0,0,0,0.0,0,0,1,0,1,0,2,0,15639.0,David Benson,,David Benson
15640,2022,2022,1,1,,,1,,0,True,False,0,1,,0.0,0,0,0.0,0,0,1,0,1,0,1,0,15640.0,Curtis Jones,,Curtis Jones
15641,2022,2022,1,1,,,1,,0,True,False,0,1,,0.0,0,0,0.0,0,0,1,0,1,0,1,0,15641.0,William Dominguez,,William Dominguez
15644,2016,2016,1,1,,,1,,0,True,False,0,0,,0.0,0,0,0.0,0,0,2,0,2,0,2,0,15644.0,Natasza Sygut,,Natasza Sygut
15648,2010,2010,1,1,,,1,,0,True,False,0,0,,0.0,0,0,0.0,0,0,1,0,1,0,1,0,15648.0,Min Ding,,Min Ding
15650,2026,2026,1,1,,,1,,0,True,True,0,1,,0.0,0,0,0.0,0,0,1,0,1,0,2,0,15650.0,Richard Mathieu de Perrin,,Richard Mathieu de Perrin
15653,2000,2000,1,1,,,1,,0,True,False,0,1,,0.0,1,0,0.0,0,0,2,0,2,0,1,0,15653.0,Bruce Young,,Bruce Young
15655,2020,2020,1,1,,,1,,0,True,False,0,1,,0.0,0,0,0.0,0,0,0,0,0,0,3,0,15655.0,Jing Feng,,Jing Feng
15657,2024,2024,1,1,,,1,,0,True,False,0,0,,0.0,0,0,0.0,0,0,1,0,1,0,1,0,15657.0,Anna Maria Michel,,Anna Maria Michel
15659,2016,2016,1,1,,,1,,0,True,False,0,0,,0.0,0,0,0.0,0,0,1,0,1,0,1,0,15659.0,Deanna Williams,,Deanna Williams
15660,2016,2016,1,1,,,1,,0,True,False,0,0,,0.0,0,0,0.0,0,0,1,0,1,0,1,0,15660.0,Gabriel Silva,,Gabriel Silva
15661,2016,2016,1,1,,,1,,0,True,False,0,0,,0.0,0,0,0.0,0,0,1,0,1,0,1,0,15661.0,Joel Miller,,Joel Miller
15663,2026,2026,1,1,,,1,,0,True,True,0,1,,0.0,2,0,0.0,0,0,1,0,1,0,1,0,15663.0,Jie Feng,,Jie Feng
15664,2026,2026,1,1,,,1,,0,True,True,0,1,,0.0,2,0,0.0,0,0,1,0,1,0,1,0,15664.0,Gang He,,Gang He
15665,2026,2026,1,1,,,1,,0,True,True,0,1,,0.0,2,0,0.0,0,0,1,0,1,0,2,0,15665.0,Juan Lai,,Juan Lai
15667,2026,2026,1,1,,,1,,0,True,True,0,1,,0.0,2,0,0.0,0,0,1,0,1,0,1,0,15667.0,Jie Yao,,Jie Yao
15668,2026,2026,1,1,,,1,,0,True,True,0,1,,0.0,2,0,0.0,0,0,1,0,1,0,1,0,15668.0,Juan Zhou,,Juan Zhou
15670,2017,2017,1,1,,,1,,0,True,False,0,0,,0.0,0,0,0.0,0,0,1,0,1,0,1,0,15670.0,Valerie Miller,,Valerie Miller
15671,2017,2024,2,2,,,1,,7,True,False,0,1,,0.0,0,0,0.2857142857142857,0,0,1,0,1,0,2,0,15671.0,Xiulan Liang,,Xiulan Liang
15672,2024,2024,1,1,,,1,,0,True,False,0,1,,0.0,0,0,0.0,0,0,1,0,1,0,1,0,15672.0,Deanna Hines,,Deanna Hines
15675,2027,2027,1,1,2027,2027,1,0,0,True,True,0,1,13,0.0,0,0,0.0,0,0,1,0,1,0,1,0,15675.0,Ryan Carter,,Ryan Carter
15676,2027,2027,1,1,2027,2027,1,0,0,True,True,0,1,13,0.0,0,0,0.0,0,0,1,0,1,0,1,0,15676.0,Melissa Smith,,Melissa Smith
15677,2027,2027,1,1,2027,2027,1,0,0,True,True,0,1,13,0.0,0,0,0.0,0,0,1,0,1,0,1,0,15677.0,Kristen Carlson,,Kristen Carlson
15678,2027,2027,1,1,2027,2027,1,0,0,True,True,0,1,13,0.0,0,0,0.0,0,0,1,0,1,0,1,0,15678.0,Timothy Watson,,Timothy Watson
15679,2027,2027,1,1,2027,2027,1,0,0,True,True,0,1,13,0.0,0,0,0.0,0,0,1,0,1,0,1,0,15679.0,Jessica Brown,,Jessica Brown
15681,2027,2027,1,1,2027,2027,1,0,0,True,True,0,1,13,0.0,0,0,0.0,0,0,1,0,1,0,1,0,15681.0,Chelsea Young,,Chelsea Young
15682,2027,2027,1,1,2027,2027,1,0,0,True,True,0,1,13,0.0,0,0,0.0,0,0,1,0,1,0,1,0,15682.0,Dana Patterson,,Dana Patterson
15683,2027,2027,1,1,2027,2027,1,0,0,True,True,0,1,13,0.0,0,0,0.0,0,0,1,0,1,0,1,0,15683.0,Amy Ramos,,Amy Ramos
15684,2027,2027,1,1,2027,2027,1,0,0,True,True,0,1,13,0.0,0,0,0.0,0,0,1,0,1,0,1,0,15684.0,Allen Smith,,Allen Smith
15685,2027,2027,1,1,2027,2027,1,0,0,True,True,0,1,13,0.0,0,0,0.0,0,0,1,0,1,0,1,0,15685.0,Jasmine Nichols,,Jasmine Nichols
15686,2027,2027,1,1,2027,2027,1,0,0,True,True,0,1,13,0.0,0,0,0.0,0,0,1,0,1,0,1,0,15686.0,Garrett Dixon,,Garrett Dixon
15689,2014,2014,1,1,,,1,,0,True,False,0,3,,0.0,0,0,0.0,0,0,1,0,1,0,2,0,15689.0,Jeffery Reese,,Jeffery Reese
15691,2029,2029,1,1,,,1,,0,True,True,0,2,,0.0,0,0,0.0,0,0,1,0,1,0,1,0,15691.0,Shannon Bennett, Demi Lane, Demi Lane
15692,2029,2029,1,1,,,1,,0,True,True,0,2,,0.0,0,0,0.0,0,0,1,0,1,0,1,0,15692.0,Juan Zhong,,Juan Zhong
15693,2029,2029,1,1,,,1,,0,True,True,0,2,,0.0,0,0,0.0,0,0,1,0,1,0,1,0,15693.0,Wei Tian,,Wei Tian
15694,2029,2029,1,1,,,1,,0,True,True,0,2,,0.0,0,0,0.0,0,0,1,0,1,0,1,0,15694.0,Min Bai,,Min Bai
15695,2029,2029,1,1,,,1,,0,True,True,0,2,,0.0,0,0,0.0,0,0,1,0,1,0,1,0,15695.0,Juan Cheng,,Juan Cheng
15696,2029,2029,1,1,,,1,,0,True,True,0,2,,0.0,0,0,0.0,0,0,1,0,1,0,1,0,15696.0,Tao Fu,,Tao Fu
15697,2029,2029,1,1,,,1,,0,True,True,0,2,,0.0,0,0,0.0,0,0,1,0,1,0,2,0,15697.0,Yong Zheng,,Yong Zheng
15700,2026,2026,1,1,2026,2026,1,0,0,True,True,0,1,14,0.0,2,0,0.0,0,0,1,0,1,0,1,0,15700.0,Ping Qiu,,Ping Qiu
15701,2026,2029,2,2,2026,2026,2,0,3,True,True,0,6,14,0.0,2,0,1.3333333333333333,0,0,3,0,3,1,1,0,15701.0,Juan Duan,,Juan Duan
15704,2010,2010,1,0,,,1,,0,True,False,0,1,,0.0,1,0,0.0,0,0,1,0,1,0,1,0,15704.0,Olga Kalinka,,Olga Kalinka
15706,2010,2010,1,1,,,1,,0,True,False,0,1,,0.0,0,0,0.0,0,0,1,0,1,0,1,0,15706.0,Joseph Wright,,Joseph Wright
15707,2010,2010,1,1,,,1,,0,True,False,0,1,,0.0,0,0,0.0,0,0,1,0,1,0,2,0,15707.0,Min Long,,Min Long
15710,2023,2023,1,1,,,1,,0,True,False,0,1,,0.0,0,0,0.0,0,0,0,0,0,0,1,0,15710.0,Akemi Suzuki,,Akemi Suzuki
15717,2027,2027,1,1,2027,2027,1,0,0,True,True,0,2,13,0.0,0,0,0.0,0,0,1,0,1,0,1,0,15717.0,Xiuying Jin, $ERPENT, $ERPENT
15719,2027,2027,1,1,2027,2027,1,0,0,True,True,0,2,13,0.0,0,0,0.0,0,0,1,0,1,0,1,0,15719.0,Wei Gu,,Wei Gu
15721,2027,2027,1,1,2027,2027,1,0,0,True,True,0,2,13,0.0,0,0,0.0,0,0,1,0,1,0,2,0,15721.0,Xiuying Qian,,Xiuying Qian
15726,2023,2023,1,1,,,1,,0,True,False,0,1,,0.0,0,0,0.0,0,0,1,0,1,0,1,0,15726.0,Qiang Cao,,Qiang Cao
15727,2023,2023,1,1,,,1,,0,True,False,0,1,,0.0,0,0,0.0,0,0,1,0,1,0,1,0,15727.0,Joshua Harris,,Joshua Harris
15729,2003,2003,1,1,,,1,,0,True,False,0,1,,0.0,0,0,0.0,0,0,1,0,1,0,1,0,15729.0,Joseph Villa,,Joseph Villa
15730,2003,2003,1,1,,,1,,0,True,False,0,1,,0.0,0,0,0.0,0,0,1,0,1,0,1,0,15730.0,Leah Moore,,Leah Moore
15731,2003,2003,1,1,,,1,,0,True,False,0,1,,0.0,0,0,0.0,0,0,1,0,1,0,1,0,15731.0,Diane Anderson,,Diane Anderson
15733,2029,2029,1,1,,,1,,0,True,True,0,1,,0.0,1,0,0.0,0,0,1,0,1,0,1,0,15733.0,Fang Qiu,,Fang Qiu
15736,2023,2023,1,1,,,1,,0,True,False,0,1,,0.0,0,0,0.0,0,0,1,0,1,0,1,1,15736.0,Nadia Mazzanti,,Nadia Mazzanti
15737,2023,2023,1,1,,,1,,0,True,False,0,1,,0.0,0,0,0.0,0,0,1,0,1,0,1,1,15737.0,Gioffre Garobbio,,Gioffre Garobbio
15739,2013,2013,1,1,,,1,,0,True,False,0,0,,0.0,0,0,0.0,0,0,1,0,1,0,1,0,15739.0,Chao Qin,,Chao Qin
15740,2013,2013,1,1,,,1,,0,True,False,0,0,,0.0,0,0,0.0,0,0,1,0,1,0,1,0,15740.0,Ping Hu,,Ping Hu
15742,2025,2025,1,1,2025,2025,1,0,0,True,True,0,2,15,0.0,1,0,0.0,0,0,1,0,1,0,1,0,15742.0,Brittany Oliver,,Brittany Oliver
15746,2004,2018,2,2,,,2,,14,True,False,0,6,,0.0,0,0,0.07142857142857142,0,0,2,0,2,1,2,0,15746.0,Natasha Mcdaniel,,Natasha Mcdaniel
15747,2018,2018,1,1,,,1,,0,True,False,0,3,,0.0,0,0,0.0,0,0,1,0,1,0,2,0,15747.0,Henry Scott,,Henry Scott
15749,2013,2013,1,1,,,1,,0,True,False,0,1,,0.0,0,0,0.0,0,0,1,0,1,0,2,0,15749.0,Ping Zhong,,Ping Zhong
15753,2023,2023,1,1,,,1,,0,True,False,0,4,,0.0,1,0,0.0,0,0,1,0,1,1,1,0,15753.0,Wei Qiao,,Wei Qiao
15755,2021,2021,1,1,2021,2021,1,0,0,True,False,0,0,19,0.0,1,0,0.0,0,0,1,0,1,0,1,0,15755.0,Clayton Harper,Astral Liturgy,Astral Liturgy
15756,2021,2021,1,1,2021,2021,1,0,0,True,False,0,0,19,0.0,1,0,0.0,0,0,1,0,1,0,2,0,15756.0,Emily Black,,Emily Black
15757,2021,2021,1,1,2021,2021,1,0,0,True,False,0,0,19,0.0,1,0,0.0,0,0,1,0,1,0,1,0,15757.0,Xiuying Yuan,,Xiuying Yuan
15758,2021,2021,1,1,2021,2021,1,0,0,True,False,0,0,19,0.0,1,0,0.0,0,0,1,0,1,0,1,0,15758.0,Li Luo,,Li Luo
15761,2026,2026,1,1,,,1,,0,True,True,0,5,,0.0,2,0,0.0,0,0,1,0,1,0,1,0,15761.0,Wei Fu,,Wei Fu
15765,2023,2023,1,1,2023,2023,1,0,0,True,False,0,1,17,0.0,0,0,0.0,0,0,2,0,2,0,1,0,15765.0,Laurie Rodriguez,,Laurie Rodriguez
15768,2004,2004,1,1,2004,2004,1,0,0,True,False,0,0,36,0.0,0,0,0.0,0,0,1,0,1,0,1,0,15768.0,Christopher Davis,,Christopher Davis
15773,2013,2017,2,2,2013,2013,2,0,4,True,False,0,5,27,0.0,4,0,0.5,0,0,2,0,2,3,1,0,15773.0,Guiying Lai,,Guiying Lai
15774,2013,2013,1,1,2013,2013,1,0,0,True,False,0,3,27,0.0,3,0,0.0,0,0,2,0,2,1,1,0,15774.0,Yan Bai,,Yan Bai
15777,2024,2024,1,1,2024,2024,1,0,0,True,False,0,1,16,0.0,1,0,0.0,0,0,1,0,1,1,1,0,15777.0,Juan Du,,Juan Du
15778,2024,2024,1,1,2024,2024,1,0,0,True,False,0,1,16,0.0,1,0,0.0,0,0,1,0,1,1,2,0,15778.0,Guiying Tang,,Guiying Tang
15780,2027,2027,1,1,,,1,,0,True,True,0,2,,0.0,0,0,0.0,0,0,1,0,1,0,1,1,15780.0,Ming Wei,,Ming Wei
15784,2029,2029,1,1,,,1,,0,True,True,0,4,,0.0,0,0,0.0,0,0,1,0,1,0,1,0,15784.0,Carolyn Ramos,,Carolyn Ramos
15785,2029,2029,1,1,,,1,,0,True,True,0,4,,0.0,0,0,0.0,0,0,1,0,1,0,1,0,15785.0,Robert Mathis,,Robert Mathis
15786,2029,2029,1,1,,,1,,0,True,True,0,4,,0.0,0,0,0.0,0,0,1,0,1,0,1,0,15786.0,Geraldo Moreno-Bravo,,Geraldo Moreno-Bravo
15788,2029,2029,1,1,,,1,,0,True,True,0,4,,0.0,0,0,0.0,0,0,1,0,1,0,1,0,15788.0,Marcia Florencia Carmona Cuéllar,,Marcia Florencia Carmona Cuéllar
15790,2025,2025,1,1,,,1,,0,True,True,0,2,,0.0,2,0,0.0,0,0,1,0,1,0,1,0,15790.0,Ronald Esparza,,Ronald Esparza
15792,2018,2018,1,1,,,1,,0,True,False,0,0,,0.0,4,0,0.0,0,0,1,0,1,0,1,0,15792.0,Yang Long,,Yang Long
15794,2017,2027,2,2,2017,2017,2,0,10,True,False,0,8,23,0.0,1,0,0.1,0,0,1,0,1,1,2,0,15794.0,Ming Shen,,Ming Shen
15795,2017,2017,1,1,2017,2017,1,0,0,True,False,0,3,23,0.0,1,0,0.0,0,0,1,0,1,0,1,0,15795.0,Na Mao,,Na Mao
15798,2023,2023,1,1,,,1,,0,True,False,0,1,,0.0,0,0,0.0,0,0,1,0,1,0,1,0,15798.0,Chao Liu,,Chao Liu
15801,2026,2026,1,1,,,1,,0,True,True,0,2,,0.0,0,0,0.0,0,0,0,0,0,0,1,0,15801.0,Juan Sun,,Juan Sun
15806,2028,2028,1,1,,,1,,0,True,True,0,4,,0.0,6,0,0.0,0,0,2,0,2,2,2,0,15806.0,Aleksandar Kohl,,Aleksandar Kohl
15808,2020,2020,1,1,,,1,,0,True,False,0,2,,0.0,0,0,0.0,0,0,1,0,1,0,1,0,15808.0,Cathy Oconnor,,Cathy Oconnor
15809,2020,2020,1,1,,,1,,0,True,False,0,2,,0.0,0,0,0.0,0,0,1,0,1,0,1,0,15809.0,Timothy Robinson,,Timothy Robinson
15811,2020,2020,1,1,,,1,,0,True,False,0,2,,0.0,0,0,0.0,0,0,1,0,1,0,1,0,15811.0,Magnus Speer,,Magnus Speer
15815,2023,2023,1,1,,,1,,0,True,False,0,3,,0.0,0,0,0.0,0,0,0,0,0,0,1,2,15815.0,Michaela Brooks,,Michaela Brooks
15822,2004,2004,1,1,,,1,,0,True,False,0,1,,0.0,0,0,0.0,0,0,1,0,1,0,1,0,15822.0,Rachel Carroll,,Rachel Carroll
15824,2004,2004,1,1,,,1,,0,True,False,0,1,,0.0,0,0,0.0,0,0,1,0,1,0,2,0,15824.0,Timothy Moore,,Timothy Moore
15828,2010,2010,1,1,2010,2010,1,0,0,True,False,0,1,30,0.0,0,0,0.0,0,0,2,0,2,0,1,0,15828.0,Jacob Richards,,Jacob Richards
15829,2010,2010,1,1,2010,2010,1,0,0,True,False,0,1,30,0.0,0,0,0.0,0,0,2,0,2,0,1,0,15829.0,Giorgia Norbiato,,Giorgia Norbiato
15830,2010,2010,1,1,2010,2010,1,0,0,True,False,0,1,30,0.0,0,0,0.0,0,0,2,0,2,0,1,0,15830.0,Tara Timmermans,,Tara Timmermans
15834,1991,1991,1,1,,,1,,0,True,False,0,1,,0.0,0,0,0.0,0,0,1,0,1,0,1,0,15834.0,Erica Chandler,,Erica Chandler
15835,1991,1991,1,1,,,1,,0,True,False,0,1,,0.0,0,0,0.0,0,0,1,0,1,0,1,0,15835.0,Summer Mahoney,,Summer Mahoney
15836,1991,1991,1,1,,,1,,0,True,False,0,1,,0.0,0,0,0.0,0,0,1,0,1,0,1,0,15836.0,Sheena Lane,,Sheena Lane
15837,1991,1991,1,1,,,1,,0,True,False,0,1,,0.0,0,0,0.0,0,0,1,0,1,0,1,0,15837.0,Jonathan Barker,,Jonathan Barker
15840,2017,2017,1,1,,,1,,0,True,False,0,0,,0.0,1,0,0.0,0,0,1,0,1,0,1,0,15840.0,Adrianna Kurc,,Adrianna Kurc
15842,2019,2019,1,1,2029,2029,1,10,0,True,False,0,2,11,0.0,2,0,0.0,0,0,2,0,2,0,1,0,15842.0,Jacob Grimes,,Jacob Grimes
15845,2017,2017,1,1,,,1,,0,True,False,0,1,,0.0,0,0,0.0,0,0,1,0,1,0,1,0,15845.0,Qiang Chang,,Qiang Chang
15846,2017,2017,1,1,,,1,,0,True,False,0,1,,0.0,0,0,0.0,0,0,1,0,1,0,1,0,15846.0,Jessica Lewis,,Jessica Lewis
15850,2015,2015,1,1,2015,2015,1,0,0,True,False,0,1,25,0.0,0,0,0.0,0,0,1,0,1,0,1,0,15850.0,William Navarro,,William Navarro
15852,2026,2026,1,1,,,1,,0,True,True,0,3,,0.0,0,0,0.0,0,0,1,0,1,0,1,2,15852.0,Puccio Farnese,,Puccio Farnese
15853,2026,2026,1,1,,,1,,0,True,True,0,3,,0.0,0,0,0.0,0,0,1,0,1,0,1,2,15853.0,Nico Casalodi,,Nico Casalodi
15856,2003,2003,1,1,2003,2003,1,0,0,True,False,0,0,37,0.0,3,0,0.0,0,0,1,0,1,0,1,0,15856.0,Ming Zhou,,Ming Zhou
15858,2028,2028,1,1,,,1,,0,True,True,0,1,,0.0,0,0,0.0,0,0,1,0,1,0,1,0,15858.0,Yang Tang, Shadow, Shadow
15859,2028,2028,1,1,,,1,,0,True,True,0,1,,0.0,0,0,0.0,0,0,1,0,1,0,1,0,15859.0,Xia Qian,,Xia Qian
15860,2028,2028,1,1,,,1,,0,True,True,0,1,,0.0,0,0,0.0,0,0,1,0,1,0,1,0,15860.0,Tao Liao,,Tao Liao
15861,2028,2028,1,1,,,1,,0,True,True,0,1,,0.0,0,0,0.0,0,0,1,0,1,0,1,0,15861.0,Fang Kang,,Fang Kang
15862,2028,2028,1,1,,,1,,0,True,True,0,1,,0.0,0,0,0.0,0,0,1,0,1,0,1,0,15862.0,Juan Ren,,Juan Ren
15863,2028,2028,1,1,,,1,,0,True,True,0,1,,0.0,0,0,0.0,0,0,1,0,1,0,1,0,15863.0,Jun Wen,,Jun Wen
15864,2028,2028,1,1,,,1,,0,True,True,0,1,,0.0,0,0,0.0,0,0,1,0,1,0,1,0,15864.0,Yong Zou,,Yong Zou
15865,2028,2028,1,1,,,1,,0,True,True,0,1,,0.0,0,0,0.0,0,0,1,0,1,0,1,0,15865.0,Jie Qiao,,Jie Qiao
15866,2028,2028,1,1,,,1,,0,True,True,0,1,,0.0,0,0,0.0,0,0,1,0,1,0,1,0,15866.0,Guiying Zhong,,Guiying Zhong
15867,2028,2028,1,1,,,1,,0,True,True,0,1,,0.0,0,0,0.0,0,0,1,0,1,0,1,0,15867.0,Timothy Scott,,Timothy Scott
15868,2028,2028,1,1,,,1,,0,True,True,0,1,,0.0,0,0,0.0,0,0,1,0,1,0,1,0,15868.0,Min Jiang,,Min Jiang
15869,2028,2028,1,1,,,1,,0,True,True,0,1,,0.0,0,0,0.0,0,0,1,0,1,0,1,0,15869.0,Xia Yin,,Xia Yin
15871,2028,2028,1,1,,,1,,0,True,True,0,1,,0.0,0,0,0.0,0,0,1,0,1,0,1,0,15871.0,Jing He,,Jing He
15872,2028,2028,1,1,,,1,,0,True,True,0,1,,0.0,0,0,0.0,0,0,1,0,1,0,1,0,15872.0,Na Feng,,Na Feng
15873,2028,2028,1,1,,,1,,0,True,True,0,1,,0.0,0,0,0.0,0,0,1,0,1,0,1,0,15873.0,Jing Tan,,Jing Tan
15876,2007,2007,1,1,,,1,,0,True,False,0,1,,0.0,2,0,0.0,0,0,1,0,1,0,1,0,15876.0,Lando Bulzoni,,Lando Bulzoni
15878,1975,1975,1,1,,,1,,0,True,False,0,0,,0.0,0,0,0.0,0,0,1,0,1,0,1,0,15878.0,Ming Xie,,Ming Xie
15879,1975,1975,1,1,,,1,,0,True,False,0,0,,0.0,0,0,0.0,0,0,1,0,1,0,1,0,15879.0,Wei Su,,Wei Su
15880,1975,1975,1,1,,,1,,0,True,False,0,0,,0.0,0,0,0.0,0,0,1,0,1,0,1,0,15880.0,Jun Peng,,Jun Peng
15882,2016,2016,1,1,,,1,,0,True,False,0,2,,0.0,0,0,0.0,0,0,1,0,1,0,2,0,15882.0,Tao Du,,Tao Du
15883,2016,2016,1,1,,,1,,0,True,False,0,2,,0.0,0,0,0.0,0,0,1,0,1,0,1,0,15883.0,Debra Curry,,Debra Curry
15887,2025,2025,1,1,,,1,,0,True,True,0,1,,0.0,2,0,0.0,0,0,1,0,1,0,2,1,15887.0,Chao Yao,,Chao Yao
15888,2025,2025,1,1,,,1,,0,True,True,0,1,,0.0,2,0,0.0,0,0,1,0,1,0,1,1,15888.0,Fang Shen,,Fang Shen
15892,2026,2026,1,1,,,1,,0,True,True,0,2,,0.0,3,0,0.0,0,0,1,0,1,1,1,0,15892.0,Melissa Keller,,Melissa Keller
15893,2026,2026,1,1,,,1,,0,True,True,0,2,,0.0,3,0,0.0,0,0,1,0,1,1,1,0,15893.0,Christopher Flores,,Christopher Flores
15897,1994,1994,1,1,1994,1994,1,0,0,True,False,0,1,46,0.0,0,0,0.0,0,0,2,0,2,0,2,0,15897.0,Ryan Murphy,,Ryan Murphy
15900,2010,2010,1,1,2010,2010,1,0,0,True,False,0,0,30,0.0,1,0,0.0,0,0,2,0,2,0,1,0,15900.0,Chad Gonzales,,Chad Gonzales
15901,2010,2010,1,1,2010,2010,1,0,0,True,False,0,0,30,0.0,1,0,0.0,0,0,2,0,2,0,1,0,15901.0,Monica Brown,,Monica Brown
15902,2010,2010,1,1,2010,2010,1,0,0,True,False,0,0,30,0.0,1,0,0.0,0,0,2,0,2,0,1,0,15902.0,Austin Perez,,Austin Perez
15904,2008,2008,1,1,,,1,,0,True,False,0,1,,0.0,0,0,0.0,0,0,1,0,1,0,1,0,15904.0,Wei Zeng,,Wei Zeng
15905,2008,2008,1,1,,,1,,0,True,False,0,1,,0.0,0,0,0.0,0,0,1,0,1,0,2,0,15905.0,Xiuying Meng,,Xiuying Meng
15906,2008,2008,1,1,,,1,,0,True,False,0,1,,0.0,0,0,0.0,0,0,1,0,1,0,1,0,15906.0,Guiying Ding,,Guiying Ding
15907,2008,2008,1,1,,,1,,0,True,False,0,1,,0.0,0,0,0.0,0,0,1,0,1,0,1,0,15907.0,Yang Yi,,Yang Yi
15908,2008,2008,1,1,,,1,,0,True,False,0,1,,0.0,0,0,0.0,0,0,1,0,1,0,1,0,15908.0,Yang Zhong,,Yang Zhong
15910,2015,2015,1,1,,,1,,0,True,False,0,1,,0.0,0,0,0.0,0,0,1,0,1,0,2,0,15910.0,Maks Grębowiec,,Maks Grębowiec
15915,2025,2025,1,1,2025,2025,1,0,0,True,True,0,2,15,0.0,0,0,0.0,0,0,1,0,1,0,2,0,15915.0,Chao Zhong,,Chao Zhong
15916,2025,2025,1,1,2025,2025,1,0,0,True,True,0,2,15,0.0,0,0,0.0,0,0,1,0,1,0,1,0,15916.0,Gang Jia,,Gang Jia
15918,2025,2025,1,1,2025,2025,1,0,0,True,True,0,2,15,0.0,0,0,0.0,0,0,1,0,1,0,1,0,15918.0,Chao Zhang,,Chao Zhang
15919,2025,2025,1,1,2025,2025,1,0,0,True,True,0,2,15,0.0,0,0,0.0,0,0,1,0,1,0,2,0,15919.0,Na Cai,,Na Cai
15921,1997,1997,1,1,,,1,,0,True,False,0,1,,0.0,0,0,0.0,0,0,1,0,1,0,1,0,15921.0,Fang Mao,,Fang Mao
15922,1997,1997,1,1,,,1,,0,True,False,0,1,,0.0,0,0,0.0,0,0,1,0,1,0,1,0,15922.0,Amy Barnes,,Amy Barnes
15924,1997,1997,1,1,,,1,,0,True,False,0,1,,0.0,0,0,0.0,0,0,1,0,1,0,1,0,15924.0,Xia Jin,,Xia Jin
15927,2027,2027,1,1,,,1,,0,True,True,0,1,,0.0,0,0,0.0,0,0,1,0,1,0,1,0,15927.0,Nicholas Johnson,,Nicholas Johnson
15929,2001,2001,1,1,,,1,,0,True,False,0,0,,0.0,0,0,0.0,0,0,2,0,2,0,1,0,15929.0,Stefani Magrassi,Hollow Skyline,Hollow Skyline
15930,2001,2001,1,1,,,1,,0,True,False,0,0,,0.0,0,0,0.0,0,0,2,0,2,0,2,0,15930.0,Andrea Meyer,Neon Reverberation,Neon Reverberation
15932,2001,2001,1,1,,,1,,0,True,False,0,0,,0.0,0,0,0.0,0,0,2,0,2,0,1,0,15932.0,Raymond de la Lebrun,,Raymond de la Lebrun
15933,2001,2001,1,1,,,1,,0,True,False,0,0,,0.0,0,0,0.0,0,0,2,0,2,0,1,0,15933.0,Herr Henry Grein Groth,,Herr Henry Grein Groth
15934,2001,2001,1,1,,,1,,0,True,False,0,0,,0.0,0,0,0.0,0,0,2,0,2,0,1,0,15934.0,Raffaele Cantimori-Nicolini,,Raffaele Cantimori-Nicolini
15935,2001,2001,1,1,,,1,,0,True,False,0,0,,0.0,0,0,0.0,0,0,2,0,2,0,1,0,15935.0,Constance Meyer,,Constance Meyer
15938,2027,2027,1,1,,,1,,0,True,True,0,3,,0.0,0,0,0.0,0,0,2,0,2,0,1,2,15938.0,Yang Zou, Lola Fox, Lola Fox
15939,2027,2027,1,1,,,1,,0,True,True,0,3,,0.0,0,0,0.0,0,0,2,0,2,0,1,2,15939.0,Gang Kong, FVRE, FVRE
15940,2027,2027,1,1,,,1,,0,True,True,0,3,,0.0,0,0,0.0,0,0,2,0,2,0,1,2,15940.0,Gang Lin,,Gang Lin
15942,2027,2027,1,1,,,1,,0,True,True,0,3,,0.0,0,0,0.0,0,0,2,0,2,0,1,2,15942.0,Na Peng,,Na Peng
15943,2027,2027,1,1,,,1,,0,True,True,0,3,,0.0,0,0,0.0,0,0,2,0,2,0,2,2,15943.0,Min Yu,,Min Yu
15945,2027,2027,1,1,,,1,,0,True,True,0,2,,0.0,1,0,0.0,0,0,2,0,2,0,1,0,15945.0,Tao Kang,,Tao Kang
15947,2027,2027,1,1,,,1,,0,True,True,0,2,,0.0,1,0,0.0,0,0,2,0,2,0,1,0,15947.0,Wei Xiang,,Wei Xiang
15948,2027,2027,1,1,,,1,,0,True,True,0,2,,0.0,1,0,0.0,0,0,2,0,2,0,1,0,15948.0,Ping Chang,,Ping Chang
15951,2023,2023,1,1,,,1,,0,True,False,0,0,,0.0,0,0,0.0,0,0,1,0,1,0,1,0,15951.0,Min Qiu,,Min Qiu
15952,2023,2023,1,1,,,1,,0,True,False,0,0,,0.0,0,0,0.0,0,0,1,0,1,0,1,0,15952.0,Qiang Cui,,Qiang Cui
15956,2023,2023,1,1,2023,2023,1,0,0,True,False,0,3,17,0.0,1,0,0.0,0,0,1,0,1,0,1,1,15956.0,Min Xiong,,Min Xiong
15958,2010,2010,1,1,,,1,,0,True,False,0,1,,0.0,1,0,0.0,0,0,2,0,2,0,2,0,15958.0,Grzegorz Rorat,Grzegorz,Grzegorz
15961,2007,2007,1,1,,,1,,0,True,False,0,0,,0.0,0,0,0.0,0,0,1,0,1,0,1,0,15961.0,Mannat Chopra,,Mannat Chopra
15963,2023,2023,1,1,2023,2023,1,0,0,True,False,0,1,17,0.0,0,0,0.0,0,0,1,0,1,1,2,0,15963.0,Matthew Tran,,Matthew Tran
15965,2017,2017,1,1,,,1,,0,True,False,0,0,,0.0,2,0,0.0,0,0,1,0,1,0,2,0,15965.0,Qiang Wang,,Qiang Wang
15968,2016,2016,1,1,,,1,,0,True,False,0,0,,0.0,0,0,0.0,0,0,1,0,1,0,2,0,15968.0,Patrick Geisler,,Patrick Geisler
15972,2013,2013,1,1,,,1,,0,True,False,0,1,,0.0,0,0,0.0,0,0,1,0,1,0,1,0,15972.0,Herr Ilhan Mülichen,,Herr Ilhan Mülichen
15974,2023,2023,1,1,,,1,,0,True,False,0,1,,0.0,1,0,0.0,0,0,2,0,2,0,1,0,15974.0,Rachel Rios,,Rachel Rios
15975,2023,2023,1,1,,,1,,0,True,False,0,1,,0.0,1,0,0.0,0,0,2,0,2,0,1,0,15975.0,Tammie Johnson,,Tammie Johnson
15976,2023,2023,1,1,,,1,,0,True,False,0,1,,0.0,1,0,0.0,0,0,2,0,2,0,1,0,15976.0,Xia Shen,,Xia Shen
15977,2023,2023,1,1,,,1,,0,True,False,0,1,,0.0,1,0,0.0,0,0,2,0,2,0,1,0,15977.0,Gang Ding,,Gang Ding
15979,2022,2022,1,1,,,1,,0,True,False,0,1,,0.0,1,0,0.0,0,0,1,0,1,1,2,0,15979.0,Jill Conley,,Jill Conley
15985,2024,2024,1,1,2024,2024,1,0,0,True,False,0,2,16,0.0,2,0,0.0,0,0,1,0,1,0,1,0,15985.0,Yan Yuan,,Yan Yuan
15987,2004,2004,1,1,,,1,,0,True,False,0,3,,0.0,1,0,0.0,0,0,2,0,2,0,1,0,15987.0,Kaitlyn Brown,,Kaitlyn Brown
15988,2004,2004,1,1,,,1,,0,True,False,0,3,,0.0,1,0,0.0,0,0,2,0,2,0,2,0,15988.0,Dustin Smith,,Dustin Smith
15990,2028,2028,1,1,,,1,,0,True,True,0,1,,0.0,1,0,0.0,0,0,2,0,2,1,1,1,15990.0,Debra Wolfe,,Debra Wolfe
15992,2000,2000,1,1,,,1,,0,True,False,0,1,,0.0,0,0,0.0,0,0,1,0,1,0,2,0,15992.0,Ethan Wiley,,Ethan Wiley
15996,2020,2020,1,1,,,1,,0,True,False,0,0,,0.0,1,0,0.0,0,0,1,0,1,0,1,0,15996.0,Cesar Mcpherson,,Cesar Mcpherson
15997,2020,2020,1,1,,,1,,0,True,False,0,0,,0.0,1,0,0.0,0,0,1,0,1,0,1,0,15997.0,Amy Frazier,,Amy Frazier
16000,2028,2028,1,1,,,1,,0,True,True,0,0,,0.0,0,0,0.0,0,0,1,0,1,0,1,0,16000.0,Xiulan Li,,Xiulan Li
16002,1992,1996,2,2,1992,1992,2,0,4,True,False,0,1,48,0.0,0,0,0.0,0,0,2,0,2,1,2,0,16002.0,Michael Hartman,,Michael Hartman
16003,1992,1992,1,1,1992,1992,1,0,0,True,False,0,0,48,0.0,0,0,0.0,0,0,2,0,2,0,1,0,16003.0,Steven Fox,,Steven Fox
16005,2012,2012,1,1,,,1,,0,True,False,0,0,,0.0,1,0,0.0,0,0,1,0,1,0,1,0,16005.0,Ben le Gallen,,Ben le Gallen
16008,2029,2029,1,1,2029,2029,1,0,0,True,True,0,1,11,0.0,0,0,0.0,0,0,1,0,1,0,1,0,16008.0,Yong Cai,Veridian,Veridian
16009,2029,2029,1,1,2029,2029,1,0,0,True,True,0,1,11,0.0,0,0,0.0,0,0,1,0,1,0,1,0,16009.0,Chao Xia,,Chao Xia
16012,2029,2029,1,1,2029,2029,1,0,0,True,True,0,1,11,0.0,0,0,0.0,0,0,1,0,1,0,1,0,16012.0,Jun Sun,,Jun Sun
16013,2029,2029,1,1,2029,2029,1,0,0,True,True,0,1,11,0.0,0,0,0.0,0,0,1,0,1,0,1,0,16013.0,Jing Guo,,Jing Guo
16015,2007,2007,1,1,2007,2007,1,0,0,True,False,0,1,33,0.0,2,0,0.0,0,0,1,0,1,0,1,0,16015.0,Jacob Mcmahon,,Jacob Mcmahon
16018,2013,2013,1,1,,,1,,0,True,False,0,0,,0.0,1,0,0.0,0,0,1,0,1,0,1,0,16018.0,Xiulan Zhong,,Xiulan Zhong
16020,1997,1997,1,1,,,1,,0,True,False,0,0,,0.0,1,0,0.0,0,0,1,0,1,0,1,0,16020.0,Gang Liang,Orionis,Orionis
16021,1997,1997,1,1,,,1,,0,True,False,0,0,,0.0,1,0,0.0,0,0,1,0,1,0,1,0,16021.0,Ming Liao,,Ming Liao
16022,1997,1997,1,1,,,1,,0,True,False,0,0,,0.0,1,0,0.0,0,0,1,0,1,0,1,0,16022.0,Fang Wan,,Fang Wan
16023,1997,1997,1,1,,,1,,0,True,False,0,0,,0.0,1,0,0.0,0,0,1,0,1,0,1,0,16023.0,Jie Tan,,Jie Tan
16024,1997,1997,1,1,,,1,,0,True,False,0,0,,0.0,1,0,0.0,0,0,1,0,1,0,1,0,16024.0,Yan Ding,,Yan Ding
16025,1997,1997,1,1,,,1,,0,True,False,0,0,,0.0,1,0,0.0,0,0,1,0,1,0,1,0,16025.0,Jun Su,,Jun Su
16027,2013,2013,1,1,2013,2013,1,0,0,True,False,0,0,27,0.0,0,0,0.0,0,0,1,0,1,0,1,0,16027.0,Jocelyn Davis,,Jocelyn Davis
16031,2004,2010,2,2,,,2,,6,True,False,0,1,,0.0,0,0,0.0,0,0,3,0,3,0,2,0,16031.0,Simone Säuberlich,,Simone Säuberlich
16032,2004,2004,1,1,,,1,,0,True,False,0,0,,0.0,0,0,0.0,0,0,1,0,1,0,1,0,16032.0,Gary Stephens,,Gary Stephens
16037,2005,2005,1,1,,,1,,0,True,False,0,0,,0.0,0,0,0.0,1,0,1,0,1,0,2,0,16037.0,Antonia Malaparte-Leonardi,,Antonia Malaparte-Leonardi
16040,2028,2028,1,1,,,1,,0,True,True,0,1,,0.0,0,0,0.0,0,0,1,0,1,0,2,0,16040.0,Tao Gao,,Tao Gao
16043,2023,2023,1,1,2026,2026,1,3,0,True,False,0,3,14,0.0,0,0,0.0,0,0,1,0,1,0,1,0,16043.0,Robin Mayer,,Robin Mayer
16044,2023,2023,1,1,2026,2026,1,3,0,True,False,0,3,14,0.0,0,0,0.0,0,0,1,0,1,0,1,0,16044.0,Kazuya Matsumoto,,Kazuya Matsumoto
16045,2023,2023,1,1,2026,2026,1,3,0,True,False,0,3,14,0.0,0,0,0.0,0,0,1,0,1,0,2,0,16045.0,Anne Frederick,,Anne Frederick
16046,2023,2023,1,1,2026,2026,1,3,0,True,False,0,3,14,0.0,0,0,0.0,0,0,1,0,1,0,1,0,16046.0,Jessica Wyatt,,Jessica Wyatt
16049,2019,2019,1,1,,,1,,0,True,False,0,2,,0.0,0,0,0.0,0,0,1,0,1,0,1,0,16049.0,Min Zhao,,Min Zhao
16050,2017,2019,2,2,,,1,,2,True,False,0,6,,0.0,0,0,2.0,0,0,1,0,1,1,1,0,16050.0,Min Xia,,Min Xia
16051,2017,2017,1,1,,,1,,0,True,False,0,4,,0.0,0,0,0.0,0,0,1,0,1,1,1,0,16051.0,Fang Lai,,Fang Lai
16052,2019,2019,1,1,,,1,,0,True,False,0,2,,0.0,0,0,0.0,0,0,1,0,1,0,2,0,16052.0,Ming Jiang,,Ming Jiang
16053,2017,2019,2,2,,,1,,2,True,False,0,6,,0.0,0,0,2.0,0,0,1,0,1,1,2,0,16053.0,Qiang Ren,,Qiang Ren
16055,2004,2004,1,1,2004,2004,1,0,0,True,False,0,3,36,0.0,0,0,0.0,0,0,1,0,1,0,1,0,16055.0,Yolanda Mendoza,,Yolanda Mendoza
16056,2004,2004,1,1,2004,2004,1,0,0,True,False,0,3,36,0.0,0,0,0.0,0,0,1,0,1,0,1,0,16056.0,Jie Peng,,Jie Peng
16059,2002,2002,1,1,2002,2002,1,0,0,True,False,0,1,38,0.0,0,0,0.0,0,0,1,0,1,0,1,0,16059.0,Chao Tian,,Chao Tian
16062,2013,2013,1,1,2013,2013,1,0,0,True,False,0,1,27,0.0,3,0,0.0,0,0,1,0,1,0,1,0,16062.0,Juan Wan,,Juan Wan
16065,2027,2027,1,1,,,1,,0,True,True,0,2,,0.0,0,0,0.0,0,0,1,0,1,0,1,0,16065.0,Juan Xiao,,Juan Xiao
16068,2017,2027,2,2,,,2,,10,True,False,0,1,,0.0,0,0,0.0,0,0,2,0,2,0,3,0,16068.0,Christopher Powell,,Christopher Powell
16071,2029,2029,1,1,,,1,,0,True,True,0,1,,0.0,0,0,0.0,0,0,1,0,1,0,1,0,16071.0,Jing Yao,,Jing Yao
16073,2029,2029,1,1,,,1,,0,True,True,0,1,,0.0,0,0,0.0,0,0,1,0,1,0,2,0,16073.0,Catherine Perez,,Catherine Perez
16074,2029,2029,1,1,,,1,,0,True,True,0,1,,0.0,0,0,0.0,0,0,1,0,1,0,1,0,16074.0,Wei Xiong,,Wei Xiong
16076,2028,2028,1,1,,,1,,0,True,True,0,1,,0.0,0,0,0.0,0,0,1,0,1,0,1,0,16076.0,Yang Lei,,Yang Lei
16077,2028,2028,1,1,,,1,,0,True,True,0,1,,0.0,0,0,0.0,0,0,1,0,1,0,1,0,16077.0,Na Xiang,,Na Xiang
16080,2029,2029,1,1,,,1,,0,True,True,0,2,,0.0,0,0,0.0,0,0,2,0,2,1,1,0,16080.0,Na Bai,,Na Bai
16081,2029,2029,1,1,,,1,,0,True,True,0,2,,0.0,0,0,0.0,0,0,2,0,2,1,1,0,16081.0,Wei Wu,,Wei Wu
16085,2013,2013,1,1,,,1,,0,True,False,0,1,,0.0,1,0,0.0,0,0,1,0,1,0,1,0,16085.0,Micha Weinhage,,Micha Weinhage
16087,2027,2027,1,1,,,1,,0,True,True,0,3,,0.0,0,0,0.0,0,0,1,0,1,0,2,0,16087.0,Juan Chen,,Juan Chen
16088,2027,2027,1,1,,,1,,0,True,True,0,3,,0.0,0,0,0.0,0,0,1,0,1,0,1,0,16088.0,Li Fu,,Li Fu
16089,2027,2027,1,1,,,1,,0,True,True,0,3,,0.0,0,0,0.0,0,0,1,0,1,0,1,0,16089.0,Tao Yao,,Tao Yao
16091,2017,2017,1,1,,,1,,0,True,False,0,0,,0.0,0,0,0.0,0,0,1,0,1,0,2,0,16091.0,Juan Liu,,Juan Liu
16094,2017,2017,1,1,,,1,,0,True,False,0,0,,0.0,0,0,0.0,0,0,1,0,1,0,2,0,16094.0,Nelly Austermühle,,Nelly Austermühle
16095,2017,2017,1,1,,,1,,0,True,False,0,0,,0.0,0,0,0.0,0,0,1,0,1,0,1,0,16095.0,Franziska Lindau,,Franziska Lindau
16102,2017,2017,1,1,2017,2017,1,0,0,True,False,0,0,23,0.0,0,0,0.0,0,0,1,0,1,0,2,0,16102.0,Guiying Qiu,,Guiying Qiu
16103,2017,2017,1,1,2017,2017,1,0,0,True,False,0,0,23,0.0,0,0,0.0,0,0,1,0,1,0,1,0,16103.0,Gang Shen,,Gang Shen
16106,2017,2017,1,1,2017,2017,1,0,0,True,False,0,0,23,0.0,0,0,0.0,0,0,1,0,1,0,1,0,16106.0,Jun Jiang,,Jun Jiang
16108,2017,2017,1,1,,,1,,0,True,False,0,2,,0.0,0,0,0.0,0,0,1,0,1,0,2,0,16108.0,Alan Bray,,Alan Bray
16110,2017,2017,1,1,,,1,,0,True,False,0,2,,0.0,0,0,0.0,0,0,1,0,1,0,1,0,16110.0,Theodore Simmons,,Theodore Simmons
16112,2028,2028,1,0,,,1,,0,True,True,0,1,,0.0,0,0,0.0,0,0,1,0,1,1,1,0,16112.0,Chao Peng,,Chao Peng
16113,2028,2028,1,0,,,1,,0,True,True,0,1,,0.0,0,0,0.0,0,0,1,0,1,1,1,0,16113.0,Yan Xia,,Yan Xia
16115,2028,2028,1,0,,,1,,0,True,True,0,1,,0.0,0,0,0.0,0,0,1,0,1,1,2,0,16115.0,Jie Xie,,Jie Xie
16116,2028,2028,1,0,,,1,,0,True,True,0,1,,0.0,0,0,0.0,0,0,1,0,1,1,1,0,16116.0,Yang Wan,,Yang Wan
16118,2026,2026,1,1,,,1,,0,True,True,0,1,,0.0,1,0,0.0,0,0,1,0,1,0,1,0,16118.0,Damini Wable,,Damini Wable
16119,2026,2026,1,1,,,1,,0,True,True,0,1,,0.0,1,0,0.0,0,0,1,0,1,0,2,0,16119.0,Advika Tailor,,Advika Tailor
16124,2023,2023,1,1,2023,2023,1,0,0,True,False,0,1,17,0.0,0,0,0.0,0,0,1,0,1,1,1,0,16124.0,Ignatz Jüttner,,Ignatz Jüttner
16125,2023,2023,1,1,2023,2023,1,0,0,True,False,0,1,17,0.0,0,0,0.0,0,0,1,0,1,1,2,0,16125.0,Herr Wolf-Rüdiger Werner,,Herr Wolf-Rüdiger Werner
16129,2018,2018,1,1,,,1,,0,True,False,0,4,,0.0,0,0,0.0,0,0,1,0,1,1,1,2,16129.0,Manuel Wu,,Manuel Wu
16131,2018,2018,1,1,,,1,,0,True,False,0,4,,0.0,0,0,0.0,0,0,1,0,1,1,2,2,16131.0,Yan Chen,,Yan Chen
16132,2018,2018,1,1,,,1,,0,True,False,0,4,,0.0,0,0,0.0,0,0,1,0,1,1,1,2,16132.0,Wei Peng,,Wei Peng
16134,2004,2004,1,1,,,1,,0,True,False,0,1,,0.0,0,0,0.0,0,0,0,0,0,0,2,1,16134.0,Tara Deshmukh,,Tara Deshmukh
16138,2017,2017,1,0,,,1,,0,True,False,0,1,,0.0,1,0,0.0,0,0,1,0,1,0,1,0,16138.0,Ming Deng,,Ming Deng
16142,2026,2026,1,1,,,1,,0,True,True,0,2,,0.0,0,0,0.0,0,0,1,0,1,1,1,0,16142.0,Gang Yao,,Gang Yao
16143,2026,2026,1,1,,,1,,0,True,True,0,2,,0.0,0,0,0.0,0,0,1,0,1,1,1,0,16143.0,Jie Qiu,,Jie Qiu
16144,2026,2026,1,1,,,1,,0,True,True,0,2,,0.0,0,0,0.0,0,0,1,0,1,1,1,0,16144.0,Tao Feng,,Tao Feng
16147,2020,2020,1,1,,,1,,0,True,False,0,1,,0.0,0,0,0.0,0,0,0,0,0,0,1,0,16147.0,Miki Sato,,Miki Sato
16148,2020,2020,1,1,,,1,,0,True,False,0,1,,0.0,0,0,0.0,0,0,0,0,0,0,1,0,16148.0,Momoko Ito,,Momoko Ito
16149,2020,2020,1,1,,,1,,0,True,False,0,1,,0.0,0,0,0.0,0,0,0,0,0,0,2,0,16149.0,Kumiko Saito,,Kumiko Saito
16151,2020,2020,1,1,,,1,,0,True,False,0,1,,0.0,0,0,0.0,0,0,0,0,0,0,1,0,16151.0,Naoko Yamada,,Naoko Yamada
16154,2017,2017,1,0,,,1,,0,True,False,0,0,,0.0,0,0,0.0,0,0,1,0,1,0,1,0,16154.0,Cesar Nguyen,,Cesar Nguyen
16155,2017,2017,1,0,,,1,,0,True,False,0,0,,0.0,0,0,0.0,0,0,1,0,1,0,1,0,16155.0,Kevin Russell,,Kevin Russell
16157,2017,2017,1,0,,,1,,0,True,False,0,0,,0.0,0,0,0.0,0,0,1,0,1,0,1,0,16157.0,Elizabeth Donaldson,,Elizabeth Donaldson
16159,2007,2007,1,1,2007,2007,1,0,0,True,False,0,0,33,0.0,0,0,0.0,0,0,1,0,1,0,1,0,16159.0,James Thomas,,James Thomas
16160,2007,2007,1,1,2007,2007,1,0,0,True,False,0,0,33,0.0,0,0,0.0,0,0,1,0,1,0,1,0,16160.0,Thomas Bradley,,Thomas Bradley
16168,2026,2026,1,1,,,1,,0,True,True,0,2,,0.0,0,0,0.0,0,0,1,0,1,0,1,0,16168.0,Jing Liao,,Jing Liao
16169,2026,2026,1,1,,,1,,0,True,True,0,2,,0.0,0,0,0.0,0,0,1,0,1,0,1,0,16169.0,Thomas Gray,,Thomas Gray
16170,2026,2026,1,1,,,1,,0,True,True,0,2,,0.0,0,0,0.0,0,0,1,0,1,0,1,0,16170.0,Gang Chen,,Gang Chen
16172,2029,2029,1,1,,,1,,0,True,True,0,3,,0.0,0,0,0.0,0,0,1,0,1,1,1,0,16172.0,Michael Pineda,,Michael Pineda
16173,2029,2029,1,1,,,1,,0,True,True,0,3,,0.0,0,0,0.0,0,0,1,0,1,1,1,0,16173.0,Gregory Romero,,Gregory Romero
16174,2029,2029,1,1,,,1,,0,True,True,0,3,,0.0,0,0,0.0,0,0,1,0,1,1,1,0,16174.0,James Rice,,James Rice
16176,2023,2023,1,1,,,1,,0,True,False,0,3,,0.0,1,0,0.0,0,0,1,0,1,1,1,0,16176.0,Charles Horton,,Charles Horton
16177,2023,2023,1,1,,,1,,0,True,False,0,3,,0.0,1,0,0.0,0,0,1,0,1,1,1,0,16177.0,Min Hou,,Min Hou
16178,2023,2023,1,1,,,1,,0,True,False,0,3,,0.0,1,0,0.0,0,0,1,0,1,1,1,0,16178.0,Wendy Ayala,,Wendy Ayala
16181,2023,2023,1,1,,,1,,0,True,False,0,1,,0.0,0,0,0.0,0,0,1,0,1,0,2,0,16181.0,Yong Ding,,Yong Ding
16184,2024,2024,1,1,,,1,,0,True,False,0,1,,0.0,0,0,0.0,0,0,1,0,1,0,2,0,16184.0,Xia Tao,,Xia Tao
16186,2022,2022,1,1,,,1,,0,True,False,0,1,,0.0,1,0,0.0,0,0,1,0,1,1,2,0,16186.0,Fang Jin, Lennox, Lennox
16187,2022,2022,1,1,,,1,,0,True,False,0,1,,0.0,1,0,0.0,0,0,1,0,1,1,1,0,16187.0,Li Hu,,Li Hu
16193,2026,2026,1,1,,,1,,0,True,True,0,4,,0.0,0,0,0.0,0,0,1,0,1,0,1,3,16193.0,Wei Yao,XANOVA,XANOVA
16194,2026,2026,1,1,,,1,,0,True,True,0,4,,0.0,0,0,0.0,0,0,1,0,1,0,1,3,16194.0,Jie Long,,Jie Long
16195,2026,2026,1,1,,,1,,0,True,True,0,4,,0.0,0,0,0.0,0,0,1,0,1,0,1,3,16195.0,Min Guo,,Min Guo
16197,2026,2026,1,1,,,1,,0,True,True,0,4,,0.0,0,0,0.0,0,0,1,0,1,0,1,3,16197.0,Juan Xiang,,Juan Xiang
16198,2026,2026,1,1,,,1,,0,True,True,0,4,,0.0,0,0,0.0,0,0,1,0,1,0,1,3,16198.0,Juan Cao,,Juan Cao
16199,2026,2026,1,1,,,1,,0,True,True,0,4,,0.0,0,0,0.0,0,0,1,0,1,0,1,3,16199.0,Yong Qiao,,Yong Qiao
16201,2023,2023,1,1,,,1,,0,True,False,0,2,,0.0,1,0,0.0,0,0,2,0,2,0,1,0,16201.0,Jun Zeng,,Jun Zeng
16203,2018,2018,1,1,,,1,,0,True,False,0,0,,0.0,1,0,0.0,0,0,1,0,1,0,1,0,16203.0,Sebastian Vega Saldaña,,Sebastian Vega Saldaña
16204,2026,2026,1,1,,,1,,0,True,True,0,4,,0.0,1,0,0.0,0,0,1,0,1,0,2,0,16204.0,Ricarda Nélida Palmer Serra,,Ricarda Nélida Palmer Serra
16206,2025,2025,1,1,2025,2025,1,0,0,True,True,0,3,15,0.0,0,0,0.0,0,0,1,0,1,1,1,0,16206.0,Pedro Mitschke,,Pedro Mitschke
16213,2017,2017,1,1,2017,2017,1,0,0,True,False,0,0,23,0.0,0,0,0.0,0,0,1,0,1,0,1,0,16213.0,Kevin Parker,,Kevin Parker
16216,2020,2020,1,1,2020,2020,1,0,0,True,False,0,1,20,0.0,0,0,0.0,0,0,2,0,2,0,1,0,16216.0,William Garner,,William Garner
16218,2020,2020,1,1,2020,2020,1,0,0,True,False,0,1,20,0.0,1,0,0.0,0,0,1,0,1,0,1,0,16218.0,Tao Qiao,,Tao Qiao
16219,2020,2020,1,1,2020,2020,1,0,0,True,False,0,1,20,0.0,1,0,0.0,0,0,1,0,1,0,1,0,16219.0,Xiulan Liu,,Xiulan Liu
16220,2020,2020,1,1,2020,2020,1,0,0,True,False,0,1,20,0.0,1,0,0.0,0,0,1,0,1,0,1,0,16220.0,Juan Kang,,Juan Kang
16221,2020,2020,1,1,2020,2020,1,0,0,True,False,0,1,20,0.0,1,0,0.0,0,0,1,0,1,0,1,0,16221.0,Xiulan Wei,,Xiulan Wei
16222,2020,2020,1,1,2020,2020,1,0,0,True,False,0,1,20,0.0,1,0,0.0,0,0,1,0,1,0,1,0,16222.0,Min Pan,,Min Pan
16224,2023,2023,1,1,,,1,,0,True,False,0,1,,0.0,0,0,0.0,0,0,1,0,1,0,2,0,16224.0,Thomas Carson,,Thomas Carson
16226,2017,2017,1,1,2017,2017,1,0,0,True,False,0,0,23,0.0,0,0,0.0,0,0,1,0,1,0,1,0,16226.0,Luce Loiseau,,Luce Loiseau
16227,2017,2017,1,1,2017,2017,1,0,0,True,False,0,0,23,0.0,0,0,0.0,0,0,1,0,1,0,1,0,16227.0,Christophe-Émile Grégoire,,Christophe-Émile Grégoire
16229,2017,2017,1,1,2017,2017,1,0,0,True,False,0,0,23,0.0,0,0,0.0,0,0,1,0,1,0,1,0,16229.0,Georges Chrétien,,Georges Chrétien
16232,2023,2023,1,1,,,1,,0,True,False,0,1,,0.0,1,0,0.0,0,0,1,0,1,1,1,0,16232.0,Raymond Gates,,Raymond Gates
16234,2004,2004,1,1,,,1,,0,True,False,0,0,,0.0,0,0,0.0,0,0,1,0,1,0,1,0,16234.0,Patrick Grein Groth,,Patrick Grein Groth
16235,2004,2004,1,1,,,1,,0,True,False,0,0,,0.0,0,0,0.0,0,0,1,0,1,0,2,0,16235.0,Jeffrey Roman,,Jeffrey Roman
16236,2004,2004,1,1,,,1,,0,True,False,0,0,,0.0,0,0,0.0,0,0,1,0,1,0,1,0,16236.0,Herr Arno Ebert,,Herr Arno Ebert
16239,2004,2004,1,1,,,1,,0,True,False,0,0,,0.0,0,0,0.0,0,0,1,0,1,0,1,0,16239.0,Willibert Ebert,,Willibert Ebert
16241,2028,2028,1,1,,,1,,0,True,True,0,1,,0.0,2,0,0.0,0,0,1,0,1,0,1,0,16241.0,Natalie Wood,,Natalie Wood
16242,2028,2028,1,1,,,1,,0,True,True,0,1,,0.0,2,0,0.0,0,0,1,0,1,0,1,0,16242.0,Natalie Hernandez,,Natalie Hernandez
16243,2028,2028,1,1,,,1,,0,True,True,0,1,,0.0,2,0,0.0,0,0,1,0,1,0,2,0,16243.0,Angela Black,,Angela Black
16245,2020,2020,1,1,,,1,,0,True,False,0,2,,0.0,0,0,0.0,0,0,1,0,1,0,1,0,16245.0,Kenneth Robinson,,Kenneth Robinson
16246,2020,2020,1,1,,,1,,0,True,False,0,2,,0.0,0,0,0.0,0,0,1,0,1,0,1,0,16246.0,Katie Richards,,Katie Richards
16247,2020,2020,1,1,,,1,,0,True,False,0,2,,0.0,0,0,0.0,0,0,1,0,1,0,2,0,16247.0,Daniel Williams,,Daniel Williams
16250,2026,2026,1,1,,,1,,0,True,True,0,2,,0.0,1,0,0.0,0,0,1,0,1,0,1,0,16250.0,Juan Wen,,Juan Wen
16251,2026,2026,1,1,,,1,,0,True,True,0,2,,0.0,1,0,0.0,0,0,1,0,1,0,1,0,16251.0,Lisa Mccoy,,Lisa Mccoy
16254,2026,2026,1,1,,,1,,0,True,True,0,1,,0.0,0,0,0.0,0,0,0,0,0,0,2,0,16254.0,Michał Flasza,,Michał Flasza
16258,2019,2019,1,1,,,1,,0,True,False,0,2,,0.0,0,0,0.0,0,0,1,0,1,0,1,0,16258.0,Yong Zhang,,Yong Zhang
16260,2023,2023,1,1,,,1,,0,True,False,0,2,,0.0,0,0,0.0,0,0,2,0,2,1,1,1,16260.0,Xia Feng,,Xia Feng
16265,2026,2026,1,1,,,1,,0,True,True,0,4,,0.0,1,0,0.0,0,0,1,0,1,0,2,2,16265.0,Ming Wang, Sky, Sky
16266,2026,2026,1,1,,,1,,0,True,True,0,4,,0.0,1,0,0.0,0,0,1,0,1,0,1,2,16266.0,Ming Xiang,,Ming Xiang
16268,2026,2026,1,1,,,1,,0,True,True,0,4,,0.0,1,0,0.0,0,0,1,0,1,0,1,2,16268.0,Wei Chen,,Wei Chen
16272,2029,2029,1,1,2029,2029,1,0,0,True,True,0,1,11,0.0,0,0,0.0,0,0,0,0,0,0,1,0,16272.0,Drew Green,,Drew Green
16273,2029,2029,1,1,2029,2029,1,0,0,True,True,0,1,11,0.0,0,0,0.0,0,0,0,0,0,0,1,0,16273.0,Curtis Cooper,,Curtis Cooper
16278,2020,2020,1,1,,,1,,0,True,False,0,2,,0.0,0,0,0.0,0,0,1,0,1,0,2,2,16278.0,Chao Zhou,,Chao Zhou
16280,2020,2020,1,1,,,1,,0,True,False,0,1,,0.0,0,0,0.0,0,0,1,0,1,0,1,0,16280.0,Yong Tang,,Yong Tang
16281,2020,2020,1,1,,,1,,0,True,False,0,1,,0.0,0,0,0.0,0,0,1,0,1,0,1,0,16281.0,Jie Xu,,Jie Xu
16284,2029,2029,1,1,,,1,,0,True,True,0,2,,0.0,0,0,0.0,0,0,2,0,2,0,1,0,16284.0,Joséphine Rodrigues,,Joséphine Rodrigues
16286,2029,2029,1,1,,,1,,0,True,True,0,2,,0.0,0,0,0.0,0,0,2,0,2,0,1,0,16286.0,Divij Dora,,Divij Dora
16291,2014,2014,1,1,,,1,,0,True,False,0,1,,0.0,0,0,0.0,0,0,1,0,1,0,1,0,16291.0,Paloma Fogazzaro,,Paloma Fogazzaro
16299,1985,1985,1,1,,,1,,0,True,False,0,0,,0.0,0,0,0.0,0,0,2,0,2,0,3,0,16299.0,Phillip Brooks,,Phillip Brooks
16302,2020,2020,1,1,,,1,,0,True,False,0,1,,0.0,0,0,0.0,0,0,1,0,1,0,2,0,16302.0,Jeremi Głuszko,,Jeremi Głuszko
16306,2025,2025,1,1,,,1,,0,True,True,0,1,,0.0,0,0,0.0,0,0,1,0,1,1,1,0,16306.0,Jun Shao,,Jun Shao
16307,2025,2025,1,1,,,1,,0,True,True,0,1,,0.0,0,0,0.0,0,0,1,0,1,1,1,0,16307.0,Xiulan Hou,,Xiulan Hou
16308,2025,2025,1,1,,,1,,0,True,True,0,1,,0.0,0,0,0.0,0,0,1,0,1,1,2,0,16308.0,Ping Hou,,Ping Hou
16311,2024,2024,1,1,,,1,,0,True,False,0,1,,0.0,1,0,0.0,0,0,2,0,2,0,1,0,16311.0,Fang Wang,,Fang Wang
16314,2004,2004,1,1,,,1,,0,True,False,0,0,,0.0,1,0,0.0,0,0,1,0,1,0,1,0,16314.0,Gang Tang,,Gang Tang
16318,2000,2000,1,1,,,1,,0,True,False,0,0,,0.0,0,0,0.0,0,0,1,0,1,0,1,0,16318.0,Matthew Price,,Matthew Price
16320,2026,2026,1,0,,,1,,0,True,True,0,2,,0.0,0,0,0.0,0,0,0,0,0,1,2,0,16320.0,Debra Richards,,Debra Richards
16321,2026,2026,1,0,,,1,,0,True,True,0,2,,0.0,0,0,0.0,0,0,0,0,0,1,1,0,16321.0,Lisa Frost,,Lisa Frost
16322,2026,2026,1,0,,,1,,0,True,True,0,2,,0.0,0,0,0.0,0,0,0,0,0,1,1,0,16322.0,Bryce Webb,,Bryce Webb
16324,2027,2027,1,1,,,1,,0,True,True,0,1,,0.0,0,0,0.0,0,0,1,0,1,0,1,0,16324.0,Farhan Bava,,Farhan Bava
16325,2027,2027,1,1,,,1,,0,True,True,0,1,,0.0,0,0,0.0,0,0,1,0,1,0,1,0,16325.0,Alberto Durante-Depero,,Alberto Durante-Depero
16326,2027,2027,1,1,,,1,,0,True,True,0,1,,0.0,0,0,0.0,0,0,1,0,1,0,1,0,16326.0,Eva Morosini-Procacci,,Eva Morosini-Procacci
16330,2026,2026,1,1,2026,2026,1,0,0,True,True,0,1,14,0.0,0,0,0.0,0,0,2,0,2,0,1,0,16330.0,Jing Hao,,Jing Hao
16331,2026,2026,1,1,2026,2026,1,0,0,True,True,0,1,14,0.0,0,0,0.0,0,0,2,0,2,0,1,0,16331.0,Chao Yang,,Chao Yang
16332,2026,2026,1,1,2026,2026,1,0,0,True,True,0,1,14,0.0,0,0,0.0,0,0,2,0,2,0,1,0,16332.0,Li Jia,,Li Jia
16334,2020,2020,1,1,,,1,,0,True,False,0,2,,0.0,1,0,0.0,0,0,2,0,2,1,1,0,16334.0,Robert Nelson,,Robert Nelson
16337,2028,2028,1,1,2028,2028,1,0,0,True,True,0,5,12,0.0,1,0,0.0,0,0,1,0,1,2,1,0,16337.0,Xia Zhang,,Xia Zhang
16340,2029,2029,1,1,,,1,,0,True,True,0,1,,0.0,0,0,0.0,0,0,1,0,1,1,1,0,16340.0,Brian Mitchell,,Brian Mitchell
16342,2029,2029,1,1,,,1,,0,True,True,0,1,,0.0,0,0,0.0,0,0,1,0,1,1,1,0,16342.0,Jessica Lewis,,Jessica Lewis
16344,2029,2029,1,1,,,1,,0,True,True,0,3,,0.0,0,0,0.0,0,0,0,0,0,0,2,0,16344.0,Michael Smith,,Michael Smith
16346,2029,2029,1,1,,,1,,0,True,True,0,3,,0.0,0,0,0.0,0,0,0,0,0,0,1,0,16346.0,Tiffany Wong,,Tiffany Wong
16350,2027,2027,1,1,,,1,,0,True,True,0,1,,0.0,0,0,0.0,0,0,1,0,1,0,1,0,16350.0,Jun Shen,,Jun Shen
16351,2027,2027,1,1,,,1,,0,True,True,0,1,,0.0,0,0,0.0,0,0,1,0,1,0,2,0,16351.0,Xiuying Zhu,,Xiuying Zhu
16353,2012,2012,1,1,2012,2012,1,0,0,True,False,0,1,28,0.0,0,0,0.0,0,0,1,0,1,0,1,0,16353.0,Amanda Mcdonald,,Amanda Mcdonald
16357,2029,2029,1,1,,,1,,0,True,True,0,2,,0.0,0,0,0.0,0,0,1,0,1,1,1,0,16357.0,Li Bai,,Li Bai
16358,2029,2029,1,1,,,1,,0,True,True,0,2,,0.0,0,0,0.0,0,0,1,0,1,1,2,0,16358.0,Fang Luo,,Fang Luo
16359,2029,2029,1,1,,,1,,0,True,True,0,2,,0.0,0,0,0.0,0,0,1,0,1,1,2,0,16359.0,Richard Rodriguez,,Richard Rodriguez
16361,2024,2024,1,1,,,1,,0,True,False,0,2,,0.0,0,0,0.0,0,0,1,0,1,0,2,0,16361.0,Juan Hou,,Juan Hou
16364,2027,2027,1,1,,,1,,0,True,True,0,2,,0.0,1,0,0.0,0,0,2,0,2,0,1,0,16364.0,Brandi Sutton,,Brandi Sutton
16368,2020,2020,1,1,,,1,,0,True,False,0,0,,0.0,0,0,0.0,0,0,1,0,1,0,1,0,16368.0,Lisa Henderson,,Lisa Henderson
16369,2020,2020,1,1,,,1,,0,True,False,0,0,,0.0,0,0,0.0,0,0,1,0,1,0,1,0,16369.0,Jonathan Hunter,,Jonathan Hunter
16375,2029,2029,1,1,,,1,,0,True,True,0,3,,0.0,0,0,0.0,0,0,0,0,0,1,1,0,16375.0,Tarini Bora,Xylo,Xylo
16376,2029,2029,1,1,,,1,,0,True,True,0,3,,0.0,0,0,0.0,0,0,0,0,0,1,1,0,16376.0,Gatik Thaker,,Gatik Thaker
16377,2029,2029,1,1,,,1,,0,True,True,0,3,,0.0,0,0,0.0,0,0,0,0,0,1,1,0,16377.0,Gatik Gandhi,,Gatik Gandhi
16378,2029,2029,1,1,,,1,,0,True,True,0,3,,0.0,0,0,0.0,0,0,0,0,0,1,1,0,16378.0,Indrajit Halder,,Indrajit Halder
16379,2029,2029,1,1,,,1,,0,True,True,0,3,,0.0,0,0,0.0,0,0,0,0,0,1,1,0,16379.0,Jayan Chawla,,Jayan Chawla
16382,2013,2013,1,1,,,1,,0,True,False,0,2,,0.0,0,0,0.0,0,0,1,0,1,0,2,0,16382.0,Amber Park,,Amber Park
16383,2013,2013,1,1,,,1,,0,True,False,0,2,,0.0,0,0,0.0,0,0,1,0,1,0,1,0,16383.0,Sarah Sims,,Sarah Sims
16386,2029,2029,1,1,,,1,,0,True,True,0,7,,0.0,0,0,0.0,0,0,1,0,1,0,1,0,16386.0,Ping Gong,,Ping Gong
16390,1992,1992,1,1,1992,1992,1,0,0,True,False,0,0,48,0.0,0,0,0.0,0,0,2,0,2,0,1,0,16390.0,Joseph Long,,Joseph Long
16391,1992,1992,1,1,1992,1992,1,0,0,True,False,0,0,48,0.0,0,0,0.0,0,0,2,0,2,0,2,0,16391.0,Anaya Butala,,Anaya Butala
16393,2023,2023,1,1,,,1,,0,True,False,0,2,,0.0,0,0,0.0,0,0,1,0,1,0,1,0,16393.0,Patrick Williams,,Patrick Williams
16398,2013,2013,1,1,,,1,,0,True,False,0,2,,0.0,0,0,0.0,0,0,1,0,1,1,1,0,16398.0,Karl Bruder,,Karl Bruder
16399,2013,2013,1,1,,,1,,0,True,False,0,2,,0.0,0,0,0.0,0,0,1,0,1,1,2,0,16399.0,Hilmar Budig-Seip,,Hilmar Budig-Seip
16401,2023,2023,1,1,2023,2023,1,0,0,True,False,0,3,17,0.0,2,0,0.0,0,0,2,0,2,0,1,1,16401.0,Steven Goodman,,Steven Goodman
16403,2029,2029,1,1,,,1,,0,True,True,0,1,,0.0,0,0,0.0,0,0,1,0,1,0,2,1,16403.0,Juan Fang,,Juan Fang
16406,2013,2013,1,1,,,1,,0,True,False,0,0,,0.0,0,0,0.0,0,0,1,0,1,0,1,0,16406.0,Elba Zaragoza-Doménech,,Elba Zaragoza-Doménech
16407,2013,2013,1,1,,,1,,0,True,False,0,0,,0.0,0,0,0.0,0,0,1,0,1,0,1,0,16407.0,Kristina Taylor,,Kristina Taylor
16408,2013,2013,1,1,,,1,,0,True,False,0,0,,0.0,0,0,0.0,0,0,1,0,1,0,1,0,16408.0,Octavia Gilabert León,,Octavia Gilabert León
16411,2024,2024,1,1,,,1,,0,True,False,0,2,,0.0,0,0,0.0,0,0,1,0,1,1,2,0,16411.0,Nicholas Patel,,Nicholas Patel
16412,2024,2024,1,1,,,1,,0,True,False,0,2,,0.0,0,0,0.0,0,0,1,0,1,1,1,0,16412.0,Kendra Walsh,,Kendra Walsh
16414,2015,2015,1,1,,,1,,0,True,False,0,0,,0.0,0,0,0.0,0,0,1,0,1,0,2,0,16414.0,Min Liang,,Min Liang
16416,2015,2015,1,1,,,1,,0,True,False,0,0,,0.0,0,0,0.0,0,0,1,0,1,0,1,0,16416.0,Joel Collins,,Joel Collins
16417,2015,2015,1,1,,,1,,0,True,False,0,0,,0.0,0,0,0.0,0,0,1,0,1,0,1,0,16417.0,Jing Su,,Jing Su
16419,2004,2004,1,1,2004,2004,1,0,0,True,False,0,1,36,0.0,0,0,0.0,0,0,1,0,1,0,1,0,16419.0,Pari Sharaf,,Pari Sharaf
16422,2010,2010,1,1,2010,2010,1,0,0,True,False,0,0,30,0.0,4,0,0.0,0,0,2,0,2,0,1,0,16422.0,Alfredo Roth,,Alfredo Roth
16423,2010,2010,1,1,2010,2010,1,0,0,True,False,0,0,30,0.0,4,0,0.0,0,0,2,0,2,0,1,0,16423.0,Dionigi Granatelli,,Dionigi Granatelli
16425,2026,2026,1,1,,,1,,0,True,True,0,4,,0.0,1,0,0.0,0,0,1,0,1,0,1,0,16425.0,Ibán Salazar,,Ibán Salazar
16426,2026,2026,1,1,,,1,,0,True,True,0,4,,0.0,1,0,0.0,0,0,1,0,1,0,1,0,16426.0,Aroa Coca,,Aroa Coca
16427,2026,2026,1,1,,,1,,0,True,True,0,4,,0.0,1,0,0.0,0,0,1,0,1,0,2,0,16427.0,Fito Pacheco León,,Fito Pacheco León
16428,2026,2026,1,1,,,1,,0,True,True,0,4,,0.0,1,0,0.0,0,0,1,0,1,0,1,0,16428.0,Severo Gimenez Ródenas,,Severo Gimenez Ródenas
16430,2023,2023,1,1,,,1,,0,True,False,0,1,,0.0,1,0,0.0,0,0,2,0,2,1,1,0,16430.0,Michael Hayes,,Michael Hayes
16431,2023,2023,1,1,,,1,,0,True,False,0,1,,0.0,1,0,0.0,0,0,2,0,2,1,2,0,16431.0,Teresa Nelson,,Teresa Nelson
16434,2013,2013,1,1,,,1,,0,True,False,0,0,,0.0,0,0,0.0,0,0,1,0,1,0,1,0,16434.0,Iwo Olbrych,,Iwo Olbrych
16436,2013,2013,1,1,,,1,,0,True,False,0,0,,0.0,0,0,0.0,0,0,1,0,1,0,1,0,16436.0,Jeremi Kwarciak,,Jeremi Kwarciak
16438,2017,2017,1,1,,,1,,0,True,False,0,2,,0.0,1,0,0.0,0,0,1,0,1,1,2,0,16438.0,Jun Peng,,Jun Peng
16439,2017,2017,1,1,,,1,,0,True,False,0,2,,0.0,1,0,0.0,0,0,1,0,1,1,1,0,16439.0,Na Kong,,Na Kong
16442,1999,1999,1,1,,,1,,0,True,False,0,1,,0.0,0,0,0.0,0,0,1,0,1,0,2,0,16442.0,Jonathan Hayes, K!NG, K!NG
16443,1999,1999,1,1,,,1,,0,True,False,0,1,,0.0,0,0,0.0,0,0,1,0,1,0,1,0,16443.0,Terri Cortez,,Terri Cortez
16444,1999,1999,1,1,,,1,,0,True,False,0,1,,0.0,0,0,0.0,0,0,1,0,1,0,1,0,16444.0,Amanda Smith,,Amanda Smith
16446,2014,2014,1,1,,,1,,0,True,False,0,0,,0.0,0,0,0.0,0,0,1,0,1,0,2,0,16446.0,Gang Bai,,Gang Bai
16450,2026,2026,1,1,,,1,,0,True,True,0,1,,0.0,3,0,0.0,0,0,1,0,1,0,1,0,16450.0,Andrea Duncan,,Andrea Duncan
16451,2026,2026,1,1,,,1,,0,True,True,0,1,,0.0,3,0,0.0,0,0,1,0,1,0,2,0,16451.0,Suzanne Bonilla,,Suzanne Bonilla
16456,1998,1998,1,1,,,1,,0,True,False,0,0,,0.0,0,0,0.0,0,0,1,0,1,0,2,0,16456.0,Chloe Little,,Chloe Little
16459,2023,2023,1,1,,,1,,0,True,False,0,1,,0.0,0,0,0.0,0,0,1,0,1,0,1,0,16459.0,Alexis Hart, Lexi Hart, Lexi Hart
16460,2023,2023,1,1,,,1,,0,True,False,0,1,,0.0,0,0,0.0,0,0,1,0,1,0,1,0,16460.0,Yan Xiong,,Yan Xiong
16461,2023,2023,1,1,,,1,,0,True,False,0,1,,0.0,0,0,0.0,0,0,1,0,1,0,1,0,16461.0,Yong Xia,,Yong Xia
16463,2028,2028,1,1,2028,2028,1,0,0,True,True,0,1,12,0.0,0,0,0.0,0,0,1,0,1,0,2,0,16463.0,Chao Wan,The Lost Vanguard,The Lost Vanguard
16465,2028,2028,1,1,2028,2028,1,0,0,True,True,0,1,12,0.0,0,0,0.0,0,0,1,0,1,0,1,0,16465.0,Yan Kong,,Yan Kong
16468,2029,2029,1,1,,,1,,0,True,True,0,4,,0.0,3,0,0.0,0,0,0,0,0,0,1,0,16468.0,Na Fu,,Na Fu
16469,2029,2029,1,1,,,1,,0,True,True,0,4,,0.0,3,0,0.0,0,0,0,0,0,0,1,0,16469.0,Chao Wang,,Chao Wang
16472,2023,2023,1,1,,,1,,0,True,False,0,1,,0.0,1,0,0.0,0,0,1,0,1,1,1,0,16472.0,Gang Ye,,Gang Ye
16475,2020,2020,1,1,2020,2020,1,0,0,True,False,0,1,20,0.0,0,0,0.0,0,0,2,0,2,0,1,0,16475.0,Lei Qin,,Lei Qin
16476,2020,2020,1,1,2020,2020,1,0,0,True,False,0,1,20,0.0,0,0,0.0,0,0,2,0,2,0,1,0,16476.0,Li Lai,,Li Lai
16477,2020,2020,1,1,2020,2020,1,0,0,True,False,0,1,20,0.0,0,0,0.0,0,0,2,0,2,0,1,0,16477.0,Ping Zhou,,Ping Zhou
16479,2012,2012,1,1,,,1,,0,True,False,0,0,,0.0,0,0,0.0,0,0,0,0,0,0,2,0,16479.0,Monica Franco,,Monica Franco
16481,2012,2012,1,1,,,1,,0,True,False,0,0,,0.0,0,0,0.0,0,0,0,0,0,0,1,0,16481.0,Eric Reyes,,Eric Reyes
16482,2012,2012,1,1,,,1,,0,True,False,0,0,,0.0,0,0,0.0,0,0,0,0,0,0,1,0,16482.0,Sharon Gallegos,,Sharon Gallegos
16486,2024,2024,1,1,,,1,,0,True,False,0,1,,0.0,4,0,0.0,0,0,1,0,1,0,2,0,16486.0,Temistocle Vivaldi-Amato,,Temistocle Vivaldi-Amato
16489,2020,2020,1,1,2020,2020,1,0,0,True,False,0,1,20,0.0,0,0,0.0,0,0,0,0,0,0,1,0,16489.0,Jacqueline Hörle,,Jacqueline Hörle
16498,2023,2023,1,1,,,1,,0,True,False,0,2,,0.0,0,0,0.0,0,0,1,0,1,0,1,0,16498.0,Rhea Dhar,,Rhea Dhar
16502,2000,2000,1,1,,,1,,0,True,False,0,1,,0.0,0,0,0.0,0,0,1,0,1,0,1,0,16502.0,Guiying Kong,Blue Ashes,Blue Ashes
16503,2000,2000,1,1,,,1,,0,True,False,0,1,,0.0,0,0,0.0,0,0,1,0,1,0,1,0,16503.0,Jing Zhang,,Jing Zhang
16504,2000,2000,1,1,,,1,,0,True,False,0,1,,0.0,0,0,0.0,0,0,1,0,1,0,1,0,16504.0,Xiuying Guo,,Xiuying Guo
16506,2032,2032,1,1,,,1,,0,True,True,1,1,,0.0,3,0,0.0,0,0,1,0,1,0,1,0,16506.0,Fang Xu,,Fang Xu
16509,2010,2010,1,1,,,1,,0,True,False,0,2,,0.0,0,0,0.0,1,0,1,0,1,1,2,1,16509.0,Randy Stewart,,Randy Stewart
16511,2026,2026,1,1,2026,2026,1,0,0,True,True,0,3,14,0.0,3,0,0.0,0,0,1,0,1,0,1,1,16511.0,Wei Zhong,,Wei Zhong
16515,2013,2013,1,1,,,1,,0,True,False,0,1,,0.0,1,0,0.0,0,0,1,0,1,0,1,0,16515.0,Jun Yin,,Jun Yin
16516,2013,2013,1,1,,,1,,0,True,False,0,1,,0.0,1,0,0.0,0,0,1,0,1,0,1,0,16516.0,Ryan Rodriguez,,Ryan Rodriguez
16520,2026,2026,1,1,,,1,,0,True,True,0,5,,0.0,0,0,0.0,0,0,1,0,1,2,2,0,16520.0,Emily Hudson,,Emily Hudson
16523,2029,2029,1,1,,,1,,0,True,True,0,5,,0.0,2,0,0.0,0,0,2,0,2,1,1,0,16523.0,Jing He,,Jing He
16525,2013,2013,1,1,,,1,,0,True,False,0,1,,0.0,0,0,0.0,0,0,1,0,1,0,1,0,16525.0,Lei Wan,,Lei Wan
16527,2013,2013,1,1,,,1,,0,True,False,0,1,,0.0,0,0,0.0,0,0,1,0,1,0,1,0,16527.0,Yesenia Miller,,Yesenia Miller
16531,2029,2029,1,1,,,1,,0,True,True,0,2,,0.0,0,0,0.0,0,0,0,0,0,0,1,1,16531.0,Qiang Xia,,Qiang Xia
16532,2029,2029,1,1,,,1,,0,True,True,0,2,,0.0,0,0,0.0,0,0,0,0,0,0,1,1,16532.0,Fang Qiao,,Fang Qiao
16533,2029,2029,1,1,,,1,,0,True,True,0,2,,0.0,0,0,0.0,0,0,0,0,0,0,1,1,16533.0,Alexandra Mcdaniel,,Alexandra Mcdaniel
16536,2010,2010,1,0,,,1,,0,True,False,0,2,,0.0,0,0,0.0,0,0,1,0,1,0,1,0,16536.0,Jie Xu,,Jie Xu
16537,2010,2010,1,0,,,1,,0,True,False,0,2,,0.0,0,0,0.0,0,0,1,0,1,0,1,0,16537.0,Xia Pan,,Xia Pan
16538,2010,2010,1,0,,,1,,0,True,False,0,2,,0.0,0,0,0.0,0,0,1,0,1,0,2,0,16538.0,Ming Cheng,,Ming Cheng
16539,2010,2010,1,0,,,1,,0,True,False,0,2,,0.0,0,0,0.0,0,0,1,0,1,0,1,0,16539.0,Yang Yan,,Yang Yan
16540,2010,2010,1,0,,,1,,0,True,False,0,2,,0.0,0,0,0.0,0,0,1,0,1,0,1,0,16540.0,Jing Bai,,Jing Bai
16542,2020,2020,1,1,,,1,,0,True,False,0,0,,0.0,0,0,0.0,0,0,1,0,1,0,1,0,16542.0,Michael Moreno,,Michael Moreno
16544,1995,1995,1,1,,,1,,0,True,False,0,1,,0.0,0,0,0.0,0,0,1,0,1,0,2,0,16544.0,Henri Da Costa, Carbon Grace, Carbon Grace
16545,1995,1995,1,1,,,1,,0,True,False,0,1,,0.0,0,0,0.0,0,0,1,0,1,0,1,0,16545.0,Chantal-Geneviève Fournier,,Chantal-Geneviève Fournier
16546,1995,1995,1,1,,,1,,0,True,False,0,1,,0.0,0,0,0.0,0,0,1,0,1,0,1,0,16546.0,Capucine Martin,,Capucine Martin
16548,2021,2021,1,1,,,1,,0,True,False,0,1,,0.0,0,0,0.0,0,0,1,0,1,0,2,0,16548.0,Min Zhang,,Min Zhang
16549,2021,2021,1,1,,,1,,0,True,False,0,1,,0.0,0,0,0.0,0,0,1,0,1,0,1,0,16549.0,Fang Liang,,Fang Liang
16553,2028,2028,1,1,,,1,,0,True,True,0,1,,0.0,0,0,0.0,0,0,1,0,1,0,1,0,16553.0,Juliusz Cierpisz,,Juliusz Cierpisz
16554,2028,2028,1,1,,,1,,0,True,True,0,1,,0.0,0,0,0.0,0,0,1,0,1,0,1,0,16554.0,Jacek Kazimierczuk,,Jacek Kazimierczuk
16556,2023,2023,1,1,,,1,,0,True,False,0,1,,0.0,0,0,0.0,0,0,2,0,2,0,1,0,16556.0,Brian Oneal,C4$H LEGION,C4$H LEGION
16557,2023,2023,1,1,,,1,,0,True,False,0,1,,0.0,0,0,0.0,0,0,2,0,2,0,1,0,16557.0,Catherine Roberts,,Catherine Roberts
16558,2023,2023,1,1,,,1,,0,True,False,0,1,,0.0,0,0,0.0,0,0,2,0,2,0,1,0,16558.0,Michael Martin,,Michael Martin
16559,2023,2023,1,1,,,1,,0,True,False,0,1,,0.0,0,0,0.0,0,0,2,0,2,0,2,0,16559.0,Jacqueline Miller,,Jacqueline Miller
16561,1999,1999,1,1,1999,1999,1,0,0,True,False,0,0,41,0.0,0,0,0.0,0,0,1,0,1,0,1,0,16561.0,Christopher Humphrey,,Christopher Humphrey
16563,1999,1999,1,1,1999,1999,1,0,0,True,False,0,0,41,0.0,0,0,0.0,0,0,1,0,1,0,1,0,16563.0,Kenneth Maldonado,,Kenneth Maldonado
16565,2029,2029,1,1,,,1,,0,True,True,0,1,,0.0,0,0,0.0,0,0,2,0,2,0,1,0,16565.0,Kimberly House,,Kimberly House
16566,2029,2029,1,1,,,1,,0,True,True,0,1,,0.0,0,0,0.0,0,0,2,0,2,0,1,0,16566.0,Li He,,Li He
16568,2029,2029,1,1,,,1,,0,True,True,0,1,,0.0,0,0,0.0,0,0,2,0,2,0,1,0,16568.0,Jing Gao,,Jing Gao
16569,2029,2029,1,1,,,1,,0,True,True,0,1,,0.0,0,0,0.0,0,0,2,0,2,0,1,0,16569.0,Yan Li,,Yan Li
16571,2020,2020,1,1,,,1,,0,True,False,0,3,,0.0,2,0,0.0,0,0,2,0,2,0,1,0,16571.0,Rhonda Miller,,Rhonda Miller
16573,2021,2021,1,1,,,1,,0,True,False,0,1,,0.0,0,0,0.0,0,0,0,0,0,0,2,0,16573.0,Fang Zhou,,Fang Zhou
16578,2023,2023,1,1,,,1,,0,True,False,0,2,,0.0,1,0,0.0,0,0,1,0,1,1,2,0,16578.0,Gang Bai,,Gang Bai
16579,2023,2023,1,1,,,1,,0,True,False,0,2,,0.0,1,0,0.0,0,0,1,0,1,1,1,0,16579.0,John May,,John May
16583,2023,2023,1,1,,,1,,0,True,False,0,2,,0.0,1,0,0.0,0,0,2,0,2,0,1,1,16583.0,Li Zeng,,Li Zeng
16587,2026,2026,1,1,2026,2026,1,0,0,True,True,0,3,14,0.0,0,0,0.0,0,0,1,0,1,1,1,1,16587.0,Yang Luo,,Yang Luo
16593,2026,2026,1,1,,,1,,0,True,True,0,2,,0.0,0,0,0.0,0,0,1,0,1,0,1,0,16593.0,Xiuying Xia,,Xiuying Xia
16594,2026,2026,1,1,,,1,,0,True,True,0,2,,0.0,0,0,0.0,0,0,1,0,1,0,1,0,16594.0,Tao Ren,,Tao Ren
16595,2026,2026,1,1,,,1,,0,True,True,0,2,,0.0,0,0,0.0,0,0,1,0,1,0,2,0,16595.0,Chao Zhao,,Chao Zhao
16596,2026,2026,1,1,,,1,,0,True,True,0,2,,0.0,0,0,0.0,0,0,1,0,1,0,1,0,16596.0,Xiuying Zeng,,Xiuying Zeng
16598,2032,2032,1,1,,,1,,0,True,True,1,1,,0.0,0,0,0.0,0,0,1,0,1,1,1,0,16598.0,Guiying Meng, Mia Stone, Mia Stone
16599,2032,2032,1,1,,,1,,0,True,True,1,1,,0.0,0,0,0.0,0,0,1,0,1,1,1,0,16599.0,Juan Fang,Atlas & The Echoes,Atlas & The Echoes
16600,2032,2032,1,1,,,1,,0,True,True,1,1,,0.0,0,0,0.0,0,0,1,0,1,1,1,0,16600.0,Yan Su,,Yan Su
16601,2032,2032,1,1,,,1,,0,True,True,1,1,,0.0,0,0,0.0,0,0,1,0,1,1,1,0,16601.0,Ebony Acevedo,,Ebony Acevedo
16602,2032,2032,1,1,,,1,,0,True,True,1,1,,0.0,0,0,0.0,0,0,1,0,1,1,1,0,16602.0,Elizabeth Spence,,Elizabeth Spence
16606,2004,2004,1,1,,,1,,0,True,False,0,0,,0.0,0,0,0.0,0,0,1,0,1,0,2,0,16606.0,Matthew James,,Matthew James
16609,2010,2010,1,1,2010,2010,1,0,0,True,False,0,0,30,0.0,0,0,0.0,0,0,1,0,1,0,1,0,16609.0,Yang Chang,,Yang Chang
16610,2010,2010,1,1,2010,2010,1,0,0,True,False,0,0,30,0.0,0,0,0.0,0,0,1,0,1,0,1,0,16610.0,Yang Hao,,Yang Hao
16611,2010,2010,1,1,2010,2010,1,0,0,True,False,0,0,30,0.0,0,0,0.0,0,0,1,0,1,0,1,0,16611.0,Juan Shi,,Juan Shi
16613,1996,1996,1,1,,,1,,0,True,False,0,0,,0.0,0,0,0.0,0,0,1,0,1,0,2,0,16613.0,Brianna Norris,,Brianna Norris
16623,2001,2001,1,1,,,1,,0,True,False,0,0,,0.0,0,0,0.0,0,0,1,0,1,0,1,0,16623.0,Patrick Walsh,,Patrick Walsh
16627,2021,2021,1,1,,,1,,0,True,False,0,1,,0.0,0,0,0.0,0,0,0,0,0,0,1,1,16627.0,Xiuying Duan,,Xiuying Duan
16628,2021,2021,1,1,,,1,,0,True,False,0,1,,0.0,0,0,0.0,0,0,0,0,0,0,1,1,16628.0,Qiang Ding,,Qiang Ding
16629,2021,2021,1,1,,,1,,0,True,False,0,1,,0.0,0,0,0.0,0,0,0,0,0,0,1,1,16629.0,Qiang Ye,,Qiang Ye
16630,2021,2021,1,1,,,1,,0,True,False,0,1,,0.0,0,0,0.0,0,0,0,0,0,0,1,1,16630.0,Lei Zou,,Lei Zou
16633,2028,2028,1,1,,,1,,0,True,True,0,7,,0.0,3,0,0.0,0,0,1,0,1,0,1,0,16633.0,Guiying Jin,,Guiying Jin
16634,2028,2028,1,1,,,1,,0,True,True,0,7,,0.0,3,0,0.0,0,0,1,0,1,0,1,0,16634.0,Ming Xu,,Ming Xu
16637,2016,2016,1,1,2016,2016,1,0,0,True,False,0,1,24,0.0,2,0,0.0,0,0,1,0,1,0,1,0,16637.0,Nishith Sachar,,Nishith Sachar
16639,2010,2010,1,1,,,1,,0,True,False,0,1,,0.0,0,0,0.0,0,0,1,0,1,0,1,0,16639.0,Recep Schüler,,Recep Schüler
16640,2010,2010,1,1,,,1,,0,True,False,0,1,,0.0,0,0,0.0,0,0,1,0,1,0,1,0,16640.0,Rosa-Maria Beyer,,Rosa-Maria Beyer
16643,2010,2010,1,1,,,1,,0,True,False,0,0,,0.0,1,0,0.0,0,0,1,0,1,0,1,0,16643.0,Katrina Maynard,,Katrina Maynard
16644,2010,2010,1,1,,,1,,0,True,False,0,0,,0.0,1,0,0.0,0,0,1,0,1,0,1,0,16644.0,Samantha Andrews,,Samantha Andrews
16647,2024,2024,1,1,2024,2024,1,0,0,True,False,0,0,16,0.0,0,0,0.0,0,0,2,0,2,0,2,0,16647.0,Breanna Neal,,Breanna Neal
16648,2024,2024,1,1,2024,2024,1,0,0,True,False,0,0,16,0.0,0,0,0.0,0,0,2,0,2,0,1,0,16648.0,Haley Williams,,Haley Williams
16649,2024,2024,1,1,2024,2024,1,0,0,True,False,0,0,16,0.0,0,0,0.0,0,0,2,0,2,0,1,0,16649.0,Jamie Davis,,Jamie Davis
16650,2024,2024,1,1,2024,2024,1,0,0,True,False,0,0,16,0.0,0,0,0.0,0,0,2,0,2,0,1,0,16650.0,Wei Zhang,,Wei Zhang
16651,2024,2024,1,1,2024,2024,1,0,0,True,False,0,0,16,0.0,0,0,0.0,0,0,2,0,2,0,2,0,16651.0,Min Zhong,,Min Zhong
16654,2023,2023,1,1,,,1,,0,True,False,0,0,,0.0,2,0,0.0,0,0,2,0,2,0,1,0,16654.0,Guiying Lu,,Guiying Lu
16655,2023,2023,1,1,,,1,,0,True,False,0,0,,0.0,2,0,0.0,0,0,2,0,2,0,1,0,16655.0,Nicole Anderson,,Nicole Anderson
16656,2023,2023,1,1,,,1,,0,True,False,0,0,,0.0,2,0,0.0,0,0,2,0,2,0,2,0,16656.0,Joshua Holmes,,Joshua Holmes
16657,2023,2023,1,1,,,1,,0,True,False,0,0,,0.0,2,0,0.0,0,0,2,0,2,0,1,0,16657.0,Ping Cai,,Ping Cai
16661,1997,1997,1,1,1997,1997,1,0,0,True,False,0,1,43,0.0,0,0,0.0,0,0,0,0,0,1,1,0,16661.0,Anouk Carre,,Anouk Carre
16662,1997,1997,1,1,1997,1997,1,0,0,True,False,0,1,43,0.0,0,0,0.0,0,0,0,0,0,1,1,0,16662.0,Alex Leblanc,,Alex Leblanc
16663,1997,1997,1,1,1997,1997,1,0,0,True,False,0,1,43,0.0,0,0,0.0,0,0,0,0,0,1,1,0,16663.0,Madeleine Raymond,,Madeleine Raymond
16666,2017,2017,1,1,,,1,,0,True,False,0,2,,0.0,0,0,0.0,0,0,1,0,1,0,2,0,16666.0,Megan Bridges,,Megan Bridges
16673,2023,2023,1,1,,,1,,0,True,False,0,2,,0.0,0,0,0.0,0,0,1,0,1,1,1,0,16673.0,Radomír Hruška,,Radomír Hruška
16674,2023,2023,1,1,,,1,,0,True,False,0,2,,0.0,0,0,0.0,0,0,1,0,1,1,1,0,16674.0,Miloš Horváth,,Miloš Horváth
16675,2023,2023,1,1,,,1,,0,True,False,0,2,,0.0,0,0,0.0,0,0,1,0,1,1,1,0,16675.0,Leonard Schwital,,Leonard Schwital
16676,2023,2023,1,1,,,1,,0,True,False,0,2,,0.0,0,0,0.0,0,0,1,0,1,1,1,0,16676.0,Vlastimil Pokorný,,Vlastimil Pokorný
16677,2023,2023,1,1,,,1,,0,True,False,0,2,,0.0,0,0,0.0,0,0,1,0,1,1,1,0,16677.0,Jaroslava Hrubá,,Jaroslava Hrubá
16678,2023,2023,1,1,,,1,,0,True,False,0,2,,0.0,0,0,0.0,0,0,1,0,1,1,2,0,16678.0,Jindřich Zeman,,Jindřich Zeman
16682,2028,2028,1,1,,,1,,0,True,True,0,1,,0.0,0,0,0.0,0,0,1,0,1,0,2,0,16682.0,Na Lei,,Na Lei
16683,2028,2028,1,1,,,1,,0,True,True,0,1,,0.0,0,0,0.0,0,0,1,0,1,0,1,0,16683.0,Xiuying Wu,,Xiuying Wu
16684,2028,2028,1,1,,,1,,0,True,True,0,1,,0.0,0,0,0.0,0,0,1,0,1,0,1,0,16684.0,Juan Lei,,Juan Lei
16685,2028,2028,1,1,,,1,,0,True,True,0,1,,0.0,0,0,0.0,0,0,1,0,1,0,1,0,16685.0,Fang Mao,,Fang Mao
16687,2028,2028,1,1,,,1,,0,True,True,0,2,,0.0,2,0,0.0,0,0,1,0,1,0,1,0,16687.0,Ping Mo,,Ping Mo
16688,2028,2028,1,1,,,1,,0,True,True,0,2,,0.0,2,0,0.0,0,0,1,0,1,0,1,0,16688.0,Robin Miller,,Robin Miller
16689,2028,2028,1,1,,,1,,0,True,True,0,2,,0.0,2,0,0.0,0,0,1,0,1,0,1,0,16689.0,Lei Zhu,,Lei Zhu
16693,2026,2026,1,1,,,1,,0,True,True,0,1,,0.0,0,0,0.0,0,0,2,0,2,0,1,0,16693.0,Yan Zhu,,Yan Zhu
16694,2026,2026,1,1,,,1,,0,True,True,0,1,,0.0,0,0,0.0,0,0,2,0,2,0,1,0,16694.0,Yong Cao,,Yong Cao
16700,2025,2025,1,1,,,1,,0,True,True,0,3,,0.0,1,0,0.0,0,0,1,0,1,1,1,0,16700.0,Jing Wu,,Jing Wu
16701,2025,2025,1,1,,,1,,0,True,True,0,3,,0.0,1,0,0.0,0,0,1,0,1,1,1,0,16701.0,Gang Duan,,Gang Duan
16703,1997,1997,1,1,,,1,,0,True,False,0,1,,0.0,0,0,0.0,0,0,2,0,2,0,1,0,16703.0,Stacy Hudson,,Stacy Hudson
16706,2017,2017,1,1,2017,2017,1,0,0,True,False,0,2,23,0.0,1,0,0.0,0,0,1,0,1,1,2,0,16706.0,Carlos Franco,,Carlos Franco
16708,2021,2021,1,1,,,1,,0,True,False,0,1,,0.0,0,0,0.0,0,0,2,0,2,1,1,0,16708.0,Marcus Berry,,Marcus Berry
16709,2021,2021,1,1,,,1,,0,True,False,0,1,,0.0,0,0,0.0,0,0,2,0,2,1,1,0,16709.0,Li Gu,,Li Gu
16711,2027,2027,1,1,,,1,,0,True,True,0,4,,0.0,0,0,0.0,0,0,1,0,1,1,1,0,16711.0,Xiuying Ren,,Xiuying Ren
16713,2027,2027,1,1,,,1,,0,True,True,0,4,,0.0,0,0,0.0,0,0,1,0,1,1,1,0,16713.0,Yang Mao,,Yang Mao
16718,2018,2018,1,1,,,1,,0,True,False,0,1,,0.0,0,0,0.0,0,0,1,0,1,0,1,0,16718.0,Kim Craig,,Kim Craig
16721,2000,2000,1,1,,,1,,0,True,False,0,2,,0.0,0,0,0.0,0,0,1,0,1,1,2,0,16721.0,Andrea Hamilton,,Andrea Hamilton
16725,2000,2000,1,1,,,1,,0,True,False,0,3,,0.0,0,0,0.0,0,0,1,0,1,0,1,0,16725.0,Russell Blake,,Russell Blake
16731,2029,2029,1,1,,,1,,0,True,True,0,1,,0.0,0,0,0.0,0,0,2,0,2,0,1,1,16731.0,Guiying Dong,,Guiying Dong
16732,2029,2029,1,1,,,1,,0,True,True,0,1,,0.0,0,0,0.0,0,0,2,0,2,0,1,1,16732.0,Na Peng,,Na Peng
16733,2029,2029,1,1,,,1,,0,True,True,0,1,,0.0,0,0,0.0,0,0,2,0,2,0,1,1,16733.0,Na Jiang,,Na Jiang
16738,2006,2006,1,1,,,1,,0,True,False,0,1,,0.0,0,0,0.0,0,0,2,0,2,0,1,0,16738.0,Robin Harris,,Robin Harris
16742,1994,1994,1,1,,,1,,0,True,False,0,0,,0.0,0,0,0.0,0,0,0,0,0,0,1,0,16742.0,Edward Ellis,,Edward Ellis
16743,1994,1994,1,1,,,1,,0,True,False,0,0,,0.0,0,0,0.0,0,0,0,0,0,0,1,0,16743.0,Holly Lucero,,Holly Lucero
16744,1984,2030,16,16,2009,2017,4,25,46,True,False,1,69,23,0.0,5,0,0.5287991771663667,1,0,5,0,5,16,3,0,,,,
16745,2017,2029,12,10,2023,2024,6,6,12,True,False,0,50,16,0.0,16,0,6.011916583912612,1,0,4,0,4,9,3,0,,,,
16746,2006,2020,9,8,2024,2024,2,18,14,True,False,0,18,16,0.0,2,0,0.6722027972027972,1,0,1,0,1,1,2,0,,,,
16747,2004,2024,7,7,2009,2013,2,5,20,True,False,0,17,27,0.0,3,0,0.5447941888619855,0,0,2,0,2,4,2,0,,,,
16748,2007,2026,9,9,2010,2010,3,3,19,True,False,0,17,30,0.0,3,0,1.2529585798816567,0,0,2,0,2,1,2,0,,,,
16749,2010,2028,7,7,2013,2025,6,3,18,True,False,0,13,15,0.0,4,0,1.690248565965583,0,0,4,0,4,10,2,0,,,,
16750,1987,2029,6,6,,,4,,42,True,False,0,4,,0.0,6,0,0.32166051190627776,0,0,3,0,3,0,3,0,,,,
16751,2020,2029,7,7,,,2,,9,True,False,0,13,,0.0,5,0,3.192307692307692,0,0,3,0,3,0,2,1,,,,
16752,2013,2020,4,3,,,2,,7,True,False,0,12,,0.0,4,0,0.86,0,0,3,0,3,1,2,0,,,,
16753,2017,2029,4,4,,,4,,12,True,False,0,4,,0.0,4,0,1.0571428571428572,0,0,3,0,3,0,3,3,,,,
16754,2000,2014,6,5,,,2,,14,True,False,0,6,,0.0,4,0,0.6027088036117382,0,0,4,0,4,0,2,0,,,,
16755,2004,2024,7,7,,,5,,20,True,False,0,10,,0.0,7,0,1.1124260355029587,0,0,3,0,3,0,1,3,,,,
16756,2000,2009,3,3,,,1,,9,True,False,0,9,,0.0,4,0,0.5655737704918031,0,0,2,0,2,2,3,0,,,,
16757,2001,2022,3,3,,,2,,21,True,False,0,14,,0.0,4,0,0.23076923076923078,0,0,2,0,2,0,2,0,,,,
16758,2004,2012,4,4,,,4,,8,True,False,0,5,,0.0,4,0,1.236842105263158,0,0,2,0,2,0,2,3,,,,
16759,2020,2026,5,5,,,3,,6,True,False,0,6,,0.0,4,0,2.3333333333333335,1,0,1,0,1,0,1,0,,,,
16760,2010,2025,3,3,,,3,,15,True,False,0,3,,0.0,5,0,0.7857142857142858,0,0,2,0,2,0,3,0,,,,
16761,2010,2025,4,4,,,3,,15,True,False,0,12,,0.0,4,0,0.8405797101449275,0,0,2,0,2,3,2,0,,,,
16762,2012,2022,6,6,2013,2013,3,1,10,True,False,0,6,27,0.0,9,0,2.849498327759197,0,0,3,0,3,2,2,0,,,,
16763,2025,2028,5,5,,,4,,3,True,True,0,8,,0.0,6,0,6.714285714285714,0,0,1,0,1,0,2,0,,,,
16764,2015,2029,5,5,,,2,,14,True,False,0,5,,0.0,3,0,0.9747081712062257,0,0,4,0,4,1,1,0,,,,
16765,2010,2018,3,3,2010,2010,3,0,8,True,False,0,7,30,0.0,3,0,0.5,0,0,1,0,1,3,2,0,,,,
16766,2013,2020,4,4,,,1,,7,True,False,0,29,,0.0,2,0,0.7162162162162163,0,0,1,0,1,7,2,0,,,,
16767,2013,2025,4,4,,,3,,12,True,False,0,6,,0.0,7,0,0.7601078167115903,0,0,3,0,3,1,2,0,,,,
16768,2023,2028,3,3,2023,2023,1,0,5,True,False,0,14,17,0.0,10,0,2.052631578947368,0,0,4,0,4,2,3,0,,,,
16769,2016,2022,4,4,,,1,,6,True,False,0,5,,0.0,6,0,4.666666666666667,0,0,3,0,3,0,3,0,,,,
16770,2013,2024,5,5,,,5,,11,True,False,0,12,,0.0,5,0,1.4025974025974026,0,0,3,0,3,2,2,1,,,,
16771,2022,2028,3,3,,,2,,6,True,False,0,8,,0.0,2,0,0.8333333333333334,0,0,3,0,3,0,2,1,,,,
16772,2013,2026,2,2,,,2,,13,True,False,0,3,,0.0,4,0,0.3076923076923077,0,0,2,0,2,0,2,0,,,,
16773,2020,2029,5,5,,,4,,9,True,False,0,10,,0.0,5,0,1.891304347826087,1,0,3,0,3,1,3,0,,,,
16774,2017,2023,4,4,,,1,,6,True,False,0,13,,0.0,2,0,2.8333333333333335,0,0,2,0,2,0,3,0,,,,
16775,2022,2028,5,5,,,3,,6,True,False,0,16,,0.0,5,0,2.6,0,0,5,0,5,1,2,0,,,,
16776,2017,2027,3,3,2027,2027,2,10,10,True,False,0,1,13,0.0,3,0,0.5,0,0,2,0,2,0,3,0,,,,
16777,2017,2023,3,3,,,3,,6,True,False,0,2,,0.0,2,0,0.8333333333333334,0,0,2,0,2,0,1,0,,,,
16778,2000,2023,4,4,,,1,,23,True,False,0,5,,0.0,2,0,0.28580521960534694,0,0,2,0,2,0,1,0,,,,
16779,2028,2029,2,2,,,1,,1,True,True,0,12,,0.0,2,0,3.0,0,0,2,0,2,1,1,0,,,,
16780,2010,2032,3,3,,,3,,22,True,False,1,3,,0.0,3,0,0.33773087071240104,0,0,4,0,4,0,2,0,,,,
16781,1997,2010,4,4,,,1,,13,True,False,0,3,,0.0,2,0,0.34475374732334046,0,0,2,0,2,0,2,0,,,,
16782,2016,2022,4,4,,,1,,6,True,False,0,4,,0.0,7,0,5.44,0,0,2,0,2,0,1,0,,,,
16783,2013,2025,4,4,,,2,,12,True,False,0,2,,0.0,4,0,1.2408026755852843,0,0,1,0,1,0,2,0,,,,
16784,2007,2017,2,2,2007,2007,1,0,10,True,False,0,2,33,0.0,4,0,0.6,0,0,1,0,1,1,2,0,,,,
16785,2020,2020,1,1,,,1,,0,True,False,0,4,,0.0,3,0,0.0,0,0,1,0,1,2,2,0,,,,
16786,2006,2006,1,1,,,1,,0,True,False,0,4,,0.0,1,0,0.0,0,0,1,0,1,1,2,0,,,,
16787,2020,2026,4,4,,,3,,6,True,False,0,5,,0.0,4,0,1.8333333333333333,1,0,1,0,1,0,2,0,,,,
16788,2007,2013,3,3,2013,2013,1,6,6,True,False,0,4,27,0.0,4,0,1.0,0,0,2,0,2,0,2,0,,,,
16789,2012,2026,2,2,,,2,,14,True,False,0,2,,0.0,2,0,0.14285714285714285,0,0,3,0,3,0,3,0,,,,
16790,1997,1998,2,2,,,1,,1,True,False,0,0,,0.0,2,0,3.0,0,0,4,0,4,0,1,0,,,,
16791,2007,2017,3,3,,,3,,10,True,False,0,7,,0.0,2,0,0.5714285714285714,0,0,3,0,3,0,2,0,,,,
16792,2020,2023,2,2,,,2,,3,True,False,0,2,,0.0,2,0,1.3333333333333333,0,0,1,0,1,0,1,0,,,,
16793,2013,2020,3,3,,,2,,7,True,False,0,4,,0.0,5,0,1.1756756756756757,0,0,2,0,2,3,2,0,,,,
16794,2020,2027,3,3,2025,2025,2,5,7,True,False,0,4,15,0.0,5,0,1.7692307692307692,0,0,2,0,2,3,2,0,,,,
16795,2023,2028,4,4,2023,2024,2,0,5,True,False,0,18,16,0.0,13,0,5.47457627118644,1,0,3,0,3,5,2,0,,,,
16796,2024,2026,3,2,,,3,,2,True,False,0,14,,0.0,7,0,7.5,0,0,3,0,3,2,2,0,,,,
16797,2021,2026,3,2,,,2,,5,True,False,0,6,,0.0,2,0,1.5789473684210524,0,0,2,0,2,0,2,4,,,,
16798,2023,2027,4,4,2023,2023,2,0,4,True,False,0,6,17,0.0,2,0,2.9615384615384603,0,0,1,0,1,1,1,1,,,,
16799,1997,2003,2,2,,,1,,6,True,False,0,1,,0.0,1,0,0.0,0,0,1,0,1,0,2,0,,,,
16800,1997,1997,1,1,,,1,,0,True,False,0,0,,0.0,1,0,0.0,0,0,2,0,2,0,2,0,,,,
16801,1991,1994,3,3,,,1,,3,True,False,0,2,,0.0,0,0,0.0,1,0,2,0,2,0,2,0,,,,
16802,2025,2030,3,3,2029,2029,2,4,5,True,True,1,9,11,0.0,2,0,1.4285714285714286,0,0,2,0,2,0,2,8,,,,
16803,2026,2029,4,4,,,3,,3,True,True,0,15,,0.0,3,0,2.4285714285714284,0,0,1,0,1,1,1,0,,,,
16804,2004,2013,2,2,,,2,,9,True,False,0,1,,0.0,2,0,0.4444444444444444,0,0,2,0,2,0,2,0,,,,
16805,2021,2029,4,4,2024,2024,2,3,8,True,False,0,8,16,0.0,2,0,1.8265306122448979,0,0,2,0,2,2,1,0,,,,
16806,2020,2020,1,1,,,1,,0,True,False,0,0,,0.0,4,0,0.0,0,0,1,0,1,0,3,0,,,,
16807,2013,2018,4,4,2017,2018,4,4,5,True,False,0,1,22,0.0,5,0,2.1176470588235294,0,0,1,0,1,0,2,0,,,,
16808,2020,2025,4,4,2024,2024,3,4,5,True,False,0,15,16,0.0,6,0,2.5084745762711864,0,0,2,0,2,3,1,0,,,,
16809,2023,2026,4,4,2023,2026,3,0,3,True,False,0,11,14,0.0,5,0,2.6666666666666665,0,0,3,0,3,3,1,0,,,,
16810,1991,2004,2,2,2004,2004,1,13,13,True,False,0,3,36,0.0,5,0,0.38461538461538464,0,0,2,0,2,0,1,0,,,,
16811,2008,2022,3,3,2012,2022,1,4,14,True,False,0,5,18,0.0,1,0,0.1346153846153846,0,0,2,0,2,1,2,0,,,,
16812,2020,2024,3,3,2020,2020,3,0,4,True,False,0,2,20,0.0,3,0,0.75,0,0,1,0,1,2,2,0,,,,
16813,2004,2017,4,4,2004,2007,3,0,13,True,False,0,2,33,0.0,7,0,0.7661870503597122,0,0,4,0,4,0,3,0,,,,
16814,1998,2003,4,4,,,1,,5,True,False,0,13,,0.0,2,0,1.4615384615384615,0,0,2,0,2,5,1,0,,,,
16815,2007,2026,3,3,2007,2007,2,0,19,True,False,0,6,33,0.0,2,0,0.21033210332103322,0,0,1,0,1,4,2,0,,,,
16816,2017,2029,3,3,2017,2017,3,0,12,True,False,0,5,23,0.0,1,0,0.3947368421052632,0,0,2,0,2,1,1,0,,,,
16817,2017,2023,3,3,2023,2023,3,6,6,True,False,0,6,17,0.0,1,0,1.8333333333333333,0,0,4,0,4,0,1,1,,,,
16818,1991,2004,2,2,2004,2004,1,13,13,True,False,0,3,36,0.0,5,0,0.38461538461538464,0,0,2,0,2,0,3,0,,,,
16819,2023,2027,3,3,,,3,,4,True,False,0,6,,0.0,2,0,2.25,0,0,1,0,1,0,1,0,,,,
16820,2007,2015,2,2,,,2,,8,True,False,0,2,,0.0,1,0,0.25,0,0,4,0,4,1,2,0,,,,
16821,2029,2029,2,2,,,2,,0,True,True,0,6,,0.0,5,0,0.0,0,0,1,0,1,0,2,1,,,,
16822,2024,2029,3,3,,,3,,5,True,False,0,15,,0.0,4,0,1.6,0,0,1,0,1,2,2,0,,,,
16823,1997,2004,3,3,2004,2004,2,7,7,True,False,0,1,36,0.0,4,0,1.7027027027027029,0,0,3,0,3,0,1,0,,,,
16824,2009,2009,1,1,2009,2009,1,0,0,True,False,0,0,31,0.0,1,0,0.0,0,0,1,0,1,0,1,0,,,,
16825,2007,2019,2,2,,,1,,12,True,False,0,4,,0.0,2,0,0.25,0,0,1,0,1,1,2,0,,,,
16826,2017,2023,3,3,2020,2020,2,3,6,True,False,0,11,20,0.0,2,0,0.6666666666666666,0,0,1,0,1,1,2,0,,,,
16827,2010,2015,3,3,,,2,,5,True,False,0,5,,0.0,3,0,1.1842105263157894,0,0,4,0,4,2,2,0,,,,
16829,2026,2028,3,3,2026,2026,1,0,2,True,True,0,16,14,0.0,2,0,4.5,0,0,2,0,2,4,1,0,,,,
16831,2000,2014,3,3,,,3,,14,True,False,0,1,,0.0,3,0,0.5384615384615384,0,0,3,0,3,0,2,0,,,,
16832,2013,2023,3,3,,,1,,10,True,False,0,2,,0.0,2,0,0.2,0,0,1,0,1,0,2,0,,,,
16833,1991,2000,3,3,1997,1997,2,6,9,True,False,0,5,43,0.0,3,0,0.8571428571428571,0,0,1,0,1,2,1,0,,,,
16834,1991,1997,2,2,,,1,,6,True,False,0,0,,0.0,4,0,0.6666666666666666,0,0,1,0,1,0,1,0,,,,
16835,2013,2014,2,2,2013,2013,2,0,1,True,False,0,3,27,0.0,4,0,5.0,1,0,1,0,1,1,2,0,,,,
16837,2003,2023,3,2,,,2,,20,True,False,0,3,,0.0,0,0,0.2475728155339806,0,0,2,0,2,0,1,0,,,,
16838,2000,2004,2,1,,,1,,4,True,False,0,2,,0.0,0,0,0.5,0,0,1,0,1,0,1,0,,,,
16839,2013,2017,3,3,,,2,,4,True,False,0,2,,0.0,2,0,1.25,0,0,3,0,3,0,2,0,,,,
16840,2024,2025,3,3,2024,2024,2,0,1,True,False,0,4,16,0.0,2,0,3.0,0,0,1,0,1,0,1,0,,,,
16841,2010,2017,3,3,,,3,,7,True,False,0,5,,0.0,2,0,1.2837837837837838,0,0,1,0,1,0,3,0,,,,
16842,2020,2023,2,2,,,2,,3,True,False,0,1,,0.0,2,0,1.0,0,0,2,0,2,0,3,0,,,,
16843,2018,2029,3,3,2027,2027,3,9,11,True,False,0,5,13,0.0,5,0,0.5436893203883495,0,0,4,0,4,0,1,0,,,,
16844,2017,2023,3,3,2023,2023,2,6,6,True,False,0,4,17,0.0,0,0,1.0,0,0,2,0,2,0,3,0,,,,
16845,2000,2025,3,3,,,3,,25,True,False,0,3,,0.0,1,0,0.36363636363636365,0,0,4,0,4,0,1,0,,,,
16846,2003,2006,2,2,,,1,,3,True,False,0,2,,0.0,1,0,1.0,0,0,1,0,1,0,2,0,,,,
16847,2024,2028,3,3,,,3,,4,True,False,0,5,,0.0,2,0,2.25,0,0,1,0,1,1,2,0,,,,
16848,2023,2027,2,2,,,2,,4,True,False,0,4,,0.0,0,0,0.75,0,0,1,0,1,0,2,2,,,,
16850,2016,2017,2,2,2016,2016,1,0,1,True,False,0,3,24,0.0,3,0,3.0,0,0,1,0,1,1,2,0,,,,
16851,2028,2029,2,2,,,2,,1,True,True,0,5,,0.0,1,0,4.0,0,0,2,0,2,1,1,2,,,,
16852,2023,2026,2,2,,,2,,3,True,False,0,1,,0.0,2,0,2.0,0,0,3,0,3,0,2,0,,,,
16853,2017,2024,3,2,,,1,,7,True,False,0,3,,0.0,1,0,0.25,0,0,1,0,1,1,2,0,,,,
16854,2021,2026,2,1,,,2,,5,True,False,0,2,,0.0,0,0,0.6,0,0,2,0,2,0,3,0,,,,
16855,2023,2028,2,2,2023,2023,1,0,5,True,False,0,1,17,0.0,0,0,0.0,0,0,3,0,3,1,2,0,,,,
16856,2007,2025,3,3,,,3,,18,True,False,0,3,,0.0,2,0,0.32142857142857145,0,0,1,0,1,0,1,0,,,,
16857,2022,2030,3,2,2036,2036,3,14,8,True,False,1,15,4,0.6,0,0,1.394736842105263,0,0,2,0,2,2,2,1,,,,
16858,2018,2020,2,2,2020,2020,2,2,2,True,False,0,2,20,0.0,0,0,3.0,0,0,2,0,2,0,2,0,,,,
16859,2004,2007,3,3,,,2,,3,True,False,0,1,,0.0,2,0,1.6666666666666667,0,0,2,0,2,0,1,0,,,,
16860,2013,2024,3,3,2017,2024,2,4,11,True,False,0,3,16,0.0,5,0,0.7903225806451614,0,0,2,0,2,1,1,0,,,,
16861,2010,2016,2,2,,,1,,6,True,False,0,1,,0.0,2,0,0.8333333333333334,0,0,1,0,1,0,2,0,,,,
16862,2013,2017,2,2,,,2,,4,True,False,0,4,,0.0,5,0,1.75,0,0,2,0,2,2,2,0,,,,
16863,1984,1993,3,3,1987,1987,2,3,9,True,False,0,2,53,0.0,1,0,0.3333333333333333,0,0,1,0,1,0,2,0,,,,
16864,2010,2017,2,2,,,2,,7,True,False,0,2,,0.0,1,0,0.2857142857142857,0,0,1,0,1,0,2,0,,,,
16865,2004,2014,3,3,2010,2010,2,6,10,True,False,0,3,30,0.0,0,0,0.3026315789473684,0,0,3,0,3,0,2,0,,,,
16866,2017,2017,1,1,,,1,,0,True,False,0,1,,0.0,2,0,0.0,0,0,1,0,1,0,3,0,,,,
16867,2015,2028,3,3,,,1,,13,True,False,0,10,,0.0,3,0,0.6046511627906976,0,0,2,0,2,4,2,0,,,,
16868,2025,2027,2,2,2025,2025,1,0,2,True,True,0,2,15,0.0,4,0,2.5,0,0,2,0,2,0,1,0,,,,
16869,2013,2029,2,2,,,2,,16,True,False,0,8,,0.0,1,0,0.1875,0,0,1,0,1,0,1,3,,,,
16870,2017,2023,3,3,2023,2023,2,6,6,True,False,0,8,17,0.0,9,0,2.3333333333333335,0,0,3,0,3,0,2,0,,,,
16871,2007,2017,2,2,,,2,,10,True,False,0,3,,0.0,1,0,0.4,0,0,2,0,2,0,1,1,,,,
16872,2010,2013,2,1,2010,2010,2,0,3,True,False,0,1,30,0.0,0,0,1.3333333333333333,0,0,2,0,2,1,1,0,,,,
16873,2029,2029,1,1,,,1,,0,True,True,0,1,,0.0,2,0,0.0,0,0,1,0,1,0,2,0,,,,
16874,2010,2023,3,3,2017,2017,1,7,13,True,False,0,3,23,0.0,0,0,0.0,0,0,2,0,2,1,2,0,,,,
16875,2020,2020,1,1,,,1,,0,True,False,0,4,,0.0,2,0,0.0,0,0,1,0,1,2,1,0,,,,
16876,2026,2027,3,3,2026,2026,3,0,1,True,True,0,8,14,0.0,0,0,2.0,0,0,1,0,1,1,2,0,,,,
16877,1984,2019,3,3,,,2,,35,True,False,0,3,,0.0,0,0,0.09990485252140817,0,0,4,0,4,0,1,0,,,,
16878,1994,2007,3,3,2007,2007,2,13,13,True,False,0,2,33,0.0,2,0,0.15384615384615385,0,0,1,0,1,0,2,0,,,,
16879,2017,2022,3,3,,,3,,5,True,False,0,3,,0.0,2,0,0.8,0,0,2,0,2,1,1,0,,,,
16880,2017,2026,3,3,,,1,,9,True,False,0,6,,0.0,1,0,0.42857142857142855,0,0,2,0,2,0,1,0,,,,
16881,2026,2026,2,1,,,1,,0,True,True,0,24,,0.0,2,0,0.0,0,0,1,0,1,8,2,0,,,,
16882,2005,2012,3,3,,,1,,7,True,False,0,2,,0.0,2,0,0.7307692307692308,0,0,2,0,2,0,2,0,,,,
16883,2023,2026,3,3,,,2,,3,True,False,0,3,,0.0,2,0,1.0,1,0,2,0,2,0,1,0,,,,
16884,2000,2000,2,2,2000,2000,1,0,0,True,False,0,2,40,0.0,1,0,0.0,0,0,3,0,3,2,3,0,,,,
16885,2000,2004,3,3,,,1,,4,True,False,0,2,,0.0,1,0,1.0,0,0,2,0,2,0,2,0,,,,
16886,2012,2022,2,2,,,1,,10,True,False,0,5,,0.0,1,0,0.2,0,0,1,0,1,0,1,0,,,,
16887,2017,2022,2,2,,,1,,5,True,False,0,8,,0.0,2,0,0.4,0,0,1,0,1,2,1,0,,,,
16888,2004,2017,2,2,,,2,,13,True,False,0,1,,0.0,0,0,0.07692307692307693,0,0,2,0,2,0,2,0,,,,
16889,2018,2029,3,3,,,1,,11,True,False,0,30,,0.0,2,0,0.4174757281553398,0,0,1,0,1,4,2,0,,,,
16890,2013,2019,3,3,2013,2017,1,0,6,True,False,0,2,23,0.0,4,0,0.9642857142857143,0,0,1,0,1,0,2,0,,,,
16891,1998,2014,3,3,2014,2014,1,16,16,True,False,0,14,26,0.0,1,0,0.2649769585253457,0,0,2,0,2,2,2,0,,,,
16892,2007,2007,1,1,,,1,,0,True,False,0,1,,0.0,2,0,0.0,0,0,2,0,2,0,2,1,,,,
16893,2012,2023,3,3,2013,2013,2,1,11,True,False,0,1,27,0.0,6,0,0.7972972972972973,0,0,1,0,1,0,1,0,,,,
16894,2010,2013,3,3,,,2,,3,True,False,0,2,,0.0,3,0,1.3333333333333333,0,0,3,0,3,0,1,0,,,,
16895,2022,2022,1,1,2022,2022,1,0,0,True,False,0,3,18,0.0,2,0,0.0,0,0,2,0,2,1,1,0,,,,
16896,2010,2010,2,2,,,1,,0,True,False,0,2,,0.0,1,0,0.0,0,0,1,0,1,2,3,0,,,,
16897,2010,2013,2,2,,,1,,3,True,False,0,1,,0.0,1,0,0.6666666666666666,0,0,2,0,2,0,2,0,,,,
16898,2010,2017,2,2,,,1,,7,True,False,0,1,,0.0,2,0,0.8571428571428571,0,0,3,0,3,0,2,0,,,,
16899,2022,2028,3,3,,,2,,6,True,False,0,6,,0.0,5,0,1.4516129032258063,0,0,2,0,2,0,1,0,,,,
16900,2026,2027,2,2,,,2,,1,True,True,0,3,,0.0,3,0,4.0,0,0,3,0,3,0,2,0,,,,
16901,2007,2013,3,3,2007,2007,3,0,6,True,False,0,3,33,0.0,2,0,0.5,0,0,1,0,1,2,2,0,,,,
16902,2020,2024,2,2,,,2,,4,True,False,0,0,,0.0,3,0,1.5,0,0,2,0,2,0,2,0,,,,
16903,2000,2004,2,2,2004,2004,2,4,4,True,False,0,2,36,0.0,1,0,0.75,0,0,2,0,2,0,2,0,,,,
16904,2010,2018,3,2,2018,2018,2,8,8,True,False,0,2,22,0.0,0,0,0.9473684210526316,0,0,2,0,2,0,1,0,,,,
16905,2007,2007,1,1,2007,2007,1,0,0,True,False,0,3,33,0.0,3,0,0.0,0,0,2,0,2,1,2,0,,,,
16906,2000,2000,1,1,,,1,,0,True,False,0,0,,0.0,1,0,0.0,0,0,1,0,1,0,2,0,,,,
16907,1990,1990,1,1,,,1,,0,True,False,0,0,,0.0,0,0,0.0,0,0,1,0,1,0,2,0,,,,
16908,2020,2020,1,1,,,1,,0,True,False,0,2,,0.0,2,0,0.0,0,0,1,0,1,0,3,0,,,,
16909,1997,2026,3,3,,,3,,29,True,False,0,2,,0.0,1,0,0.23696682464454974,0,0,2,0,2,0,2,0,,,,
16910,2007,2010,2,2,2007,2007,2,0,3,True,False,0,5,33,0.0,2,0,1.0,0,0,1,0,1,0,2,0,,,,
16911,2029,2029,1,1,,,1,,0,True,True,0,2,,0.0,2,0,0.0,0,0,1,0,1,1,2,0,,,,
16912,2024,2030,2,2,2024,2024,1,0,6,True,False,1,2,16,0.0,1,0,0.3333333333333333,0,0,1,0,1,1,3,0,,,,
16913,2004,2010,3,3,,,1,,6,True,False,0,2,,0.0,1,0,1.1666666666666667,0,0,1,0,1,0,1,2,,,,
16914,2017,2027,3,3,,,2,,10,True,False,0,3,,0.0,2,0,0.5921052631578947,0,0,1,0,1,0,1,0,,,,
16915,2014,2024,2,2,,,1,,10,True,False,0,3,,0.0,1,0,0.2,0,0,1,0,1,0,2,0,,,,
16916,2026,2028,3,3,2028,2028,2,2,2,True,True,0,17,12,0.0,1,0,3.4999999999999996,0,0,1,0,1,3,2,0,,,,
16917,2020,2029,3,3,2026,2026,3,6,9,True,False,0,8,14,0.0,2,0,0.9761904761904762,0,0,4,0,4,1,1,0,,,,
16918,2023,2029,2,2,,,2,,6,True,False,0,3,,0.0,1,0,1.0,0,0,4,0,4,0,1,1,,,,
16920,2020,2023,3,2,,,2,,3,True,False,0,20,,0.0,1,0,1.0000000000000002,0,0,5,0,5,2,1,0,,,,
16921,2013,2013,2,2,2013,2013,1,0,0,True,False,0,1,27,0.0,6,0,0.0,0,0,2,0,2,0,2,0,,,,
16922,2020,2029,2,2,,,1,,9,True,False,0,10,,0.0,1,0,0.5555555555555556,0,0,1,0,1,2,1,0,,,,
16923,2020,2020,1,1,,,1,,0,True,False,0,1,,0.0,3,0,0.0,0,0,2,0,2,0,1,0,,,,
16924,2013,2028,3,3,,,3,,15,True,False,0,8,,0.0,5,0,0.7428571428571429,0,0,3,0,3,2,1,0,,,,
16925,2020,2023,3,3,,,1,,3,True,False,0,8,,0.0,4,0,2.3333333333333335,0,0,3,0,3,3,2,0,,,,
16926,2007,2018,2,2,,,2,,11,True,False,0,3,,0.0,3,0,0.6363636363636364,0,0,1,0,1,0,1,0,,,,
16927,2023,2026,2,2,,,2,,3,True,False,0,5,,0.0,3,0,1.0,0,0,2,0,2,0,2,0,,,,
16928,2013,2017,3,1,,,3,,4,True,False,0,2,,0.0,1,0,1.0,0,0,1,0,1,0,1,0,,,,
16929,2019,2030,3,3,2030,2030,3,11,11,True,False,1,13,10,0.0,2,0,0.7837837837837838,0,0,1,0,1,3,1,0,,,,
16930,2028,2030,3,3,2029,2029,1,1,2,True,True,1,11,11,0.0,1,0,5.5,0,0,2,0,2,1,1,0,,,,
16931,2020,2024,3,2,,,2,,4,True,False,0,5,,0.0,6,0,5.576923076923075,0,0,2,0,2,0,2,0,,,,
16932,1997,2004,3,3,,,1,,7,True,False,0,4,,0.0,1,0,0.42857142857142855,0,0,2,0,2,0,1,0,,,,
16933,2019,2028,2,2,,,1,,9,True,False,0,15,,0.0,2,0,0.2222222222222222,0,0,1,0,1,3,1,0,,,,
16934,2029,2029,2,2,,,1,,0,True,True,0,5,,0.0,4,0,0.0,0,0,1,0,1,2,2,1,,,,
16935,2022,2026,3,3,,,2,,4,True,False,0,7,,0.0,2,0,2.6153846153846145,0,0,1,0,1,1,2,0,,,,
16936,2017,2026,3,3,,,2,,9,True,False,0,12,,0.0,2,0,2.261904761904762,0,0,4,0,4,4,1,0,,,,
16937,2013,2026,3,3,2013,2013,2,0,13,True,False,0,4,27,0.0,1,0,0.38461538461538464,0,0,1,0,1,1,1,0,,,,
16938,2025,2025,1,0,,,1,,0,True,True,0,1,,0.0,0,0,0.0,0,0,2,0,2,0,3,0,,,,
16939,2023,2030,3,3,2023,2023,3,0,7,True,False,1,11,17,0.0,3,0,1.5,0,0,2,0,2,0,1,3,,,,
16943,2033,2035,4,1,,,1,,2,True,True,1,2,,0.0,0,0,0.0,0,2,0,0,0,0,1,0,,,,
16952,2032,2037,5,2,,,1,,5,True,True,2,4,,0.0,0,0,0.0,0,0,0,0,0,0,1,0,,,,
16960,2031,2035,5,2,,,1,,4,True,True,2,2,,0.0,0,0,0.0,0,0,0,0,0,0,1,0,,,,
16966,2036,2036,4,2,,,1,,0,True,True,2,2,,0.0,0,0,0.0,0,0,0,0,0,0,2,0,16966.0,Solace Vesper,River Vale,River Vale
16971,2037,2039,5,1,,,1,,2,True,True,1,2,,0.0,0,0,0.0,0,5,0,0,0,1,2,0,16971.0,Jasper Quinn,,Jasper Quinn
16977,2031,2033,5,3,,,1,,2,True,True,3,4,,0.0,0,0,0.0,0,0,0,0,0,1,2,0,16977.0,Mira Everly,Ivy Lux,Ivy Lux
16987,2033,2035,5,2,,,1,,2,True,True,2,1,,0.0,0,0,0.0,0,3,0,0,0,0,1,0,,,,
16996,2030,2035,7,2,,,1,,5,True,True,2,5,,0.0,0,0,0.0,0,3,0,0,0,3,1,0,,,,
17004,2031,2033,7,5,,,1,,2,True,True,5,6,,0.0,0,0,0.0,0,0,0,0,0,1,2,0,17004.0,Willow Sage,Horizon Fable,Horizon Fable
17012,2035,2038,7,5,,,1,,3,True,True,5,7,,0.0,0,0,0.0,0,0,0,0,0,0,2,1,17012.0,Sienna Fox,,Sienna Fox
17022,2032,2034,7,4,,,1,,2,True,True,4,4,,0.0,0,0,0.0,0,0,0,0,0,1,1,0,,,,
17032,2031,2035,8,3,,,1,,4,True,True,3,5,,0.0,0,0,0.0,0,0,0,0,0,2,1,0,,,,
17046,2034,2038,7,4,,,1,,4,True,True,4,4,,0.0,0,0,0.0,0,4,0,0,0,2,2,0,,,,
17057,2031,2033,4,3,,,1,,2,True,True,3,4,,0.0,1,0,0.0,1,0,0,0,0,0,1,0,,,,
17063,2034,2036,5,3,,,1,,2,True,True,3,8,,0.0,0,0,0.0,0,0,0,0,0,0,1,0,,,,
17071,2030,2033,5,1,,,1,,3,True,True,1,4,,0.0,0,0,0.0,0,0,0,0,0,0,1,0,,,,
17077,2033,2035,5,0,,,1,,2,True,True,0,2,,0.0,0,0,0.0,0,0,0,0,0,0,2,0,17077.0,Ashen Valor,Lena Nightingale,Lena Nightingale
17083,2036,2036,5,4,,,1,,0,True,True,4,5,,0.0,0,0,0.0,0,0,0,0,0,0,2,0,17083.0,Sylas Dune,,Sylas Dune
17091,2034,2036,5,2,,,1,,2,True,True,2,4,,0.0,0,0,0.0,0,0,0,0,0,0,1,1,,,,
17100,2033,2034,6,3,,,1,,1,True,True,3,6,,0.0,0,0,0.0,0,0,0,0,0,2,1,1,,,,
17110,2031,2035,7,5,,,1,,4,True,True,5,10,,0.0,0,0,0.0,0,0,0,0,0,1,1,1,,,,
17120,2037,2037,5,2,,,1,,0,True,True,2,4,,0.0,0,0,0.0,0,5,0,0,0,1,1,1,,,,
17126,2033,2039,8,4,,,1,,6,True,True,4,7,,0.0,0,0,0.0,1,0,0,0,0,0,2,0,17126.0,Cassian Storm,Seraphina Vale,Seraphina Vale
17138,2032,2036,7,1,,,1,,4,True,True,1,7,,0.0,0,0,0.0,0,0,0,0,0,3,1,0,,,,
17146,2034,2038,8,6,,,1,,4,True,True,6,13,,0.0,0,0,0.0,0,0,0,0,0,2,2,1,17146.0,Julia Carter,Jude Rivers,Jude Rivers
17155,2031,2033,8,5,,,1,,2,True,True,5,9,,0.0,0,0,0.0,0,0,0,0,0,1,2,1,17155.0,Claire Holmes,Jaye Finch,Jaye Finch
17167,1975,1981,21,4,,,1,,6,True,False,0,0,,0.0,0,0,0.0,0,0,0,0,0,0,1,0,,,,
17192,1980,1982,12,3,,,1,,2,True,False,0,0,,0.0,0,0,0.0,0,0,0,0,0,0,1,0,,,,
17207,1984,1991,18,7,,,1,,7,True,False,0,0,,0.0,0,0,0.0,0,0,0,0,0,0,1,0,,,,
17226,2030,2030,1,1,2030,2030,1,0,0,True,True,1,0,10,0.0,1,0,0.0,0,0,0,0,0,0,2,0,17226.0,Kai Reynolds,,Kai Reynolds
17230,2029,2032,4,2,,,1,,3,True,True,1,5,,0.0,0,0,0.0,0,0,0,0,0,0,1,0,,,,
17235,2027,2031,4,2,,,1,,4,True,True,1,3,,0.0,0,0,0.0,0,0,0,0,0,1,2,0,17235.0,Genevieve Bell,Lux Ravenna,Lux Ravenna
17243,2028,2030,4,1,,,1,,2,True,True,1,4,,0.0,0,0,0.0,1,0,0,0,0,1,1,0,,,,
17250,2028,2031,4,2,,,1,,3,True,True,1,2,,0.0,0,0,0.0,0,0,0,0,0,1,1,0,,,,
17255,2028,2040,26,14,2030,2030,1,2,12,True,True,12,19,10,0.0,2,0,2.0,0,8,0,1,1,6,2,0,17255.0,Sailor Shift,,Sailor Shift
17256,2033,2033,1,1,2033,2033,1,0,0,True,True,1,1,7,0.30000000000000004,0,0,0.0,0,0,0,1,1,0,2,0,17256.0,Maya Jensen,,Maya Jensen
17260,2024,2026,11,4,,,1,,2,True,False,0,4,,0.0,0,0,0.0,0,0,0,0,0,0,1,0,,,,
17299,1995,2001,9,4,,,1,,6,True,False,0,3,,0.0,0,0,0.0,0,0,0,0,0,0,1,0,,,,
17314,1993,1995,8,4,,,1,,2,True,False,0,0,,0.0,0,0,0.0,0,0,0,0,0,0,1,0,,,,
17327,2005,2013,12,5,,,1,,8,True,False,0,6,,0.0,0,0,0.0,0,0,0,0,0,0,1,0,,,,
17340,2029,2029,8,8,2029,2029,1,0,0,True,True,0,7,11,0.0,0,0,0.0,0,0,0,0,0,1,2,0,17340.0,Orla Seabloom,,Orla Seabloom
17349,2031,2035,8,8,2031,2031,1,0,4,True,True,8,11,9,0.09999999999999998,4,2,0.9230769230769229,0,1,0,1,1,3,2,2,17349.0,Beatrice Albright,Bea Azure,Bea Azure
17355,2031,2035,8,8,2031,2031,1,0,4,True,True,8,4,9,0.09999999999999998,4,2,0.9230769230769229,0,1,0,1,1,2,2,0,17355.0,Daniel O'Connell,Kael Storm,Kael Storm
17361,2034,2035,7,7,2034,2035,1,0,1,True,True,7,7,5,0.5,2,2,2.0,0,3,0,0,0,3,1,1,,,,
17409,2033,2033,1,1,2033,2033,1,0,0,True,True,1,1,7,0.30000000000000004,0,0,0.0,0,0,0,0,0,0,1,0,17409.0,Isla Quinn,,Isla Quinn
