Edge Type,source,target,key,source_genre,source_year,target_genre
InStyleOf,5,14332,0,Lo-Fi Electronica,2026.0,Lo-Fi Electronica
InStyleOf,5,10417,0,Lo-Fi Electronica,2026.0,Lo-Fi Electronica
InStyleOf,5,14768,0,Lo-Fi Electronica,2026.0,Lo-Fi Electronica
InStyleOf,5,9122,0,Lo-Fi Electronica,2026.0,Lo-Fi Electronica
InStyleOf,5,5928,0,Lo-Fi Electronica,2026.0,Lo-Fi Electronica
InStyleOf,26,7574,0,Speed Metal,2022.0,Speed Metal
InStyleOf,35,8364,0,Blues Rock,2007.0,Blues Rock
InStyleOf,60,13758,0,Americana,2023.0,Indie Folk
InStyleOf,106,5075,0,Blues Rock,2020.0,Blues Rock
InStyleOf,106,12091,0,Blues Rock,2020.0,Southern Gothic Rock
InStyleOf,148,13430,0,Speed Metal,2010.0,Speed Metal
InStyleOf,148,8050,0,Speed Metal,2010.0,Speed Metal
InStyleOf,169,13361,0,Avant-Garde Folk,2026.0,Blues Rock
InStyleOf,187,543,0,Indie Folk,2020.0,Doom Metal
InStyleOf,196,13324,0,Indie Folk,2017.0,Oceanus Folk
InStyleOf,210,7534,0,Darkwave,2029.0,Darkwave
InStyleOf,216,11179,0,Alternative Rock,2029.0,Southern Gothic Rock
InStyleOf,216,12494,0,Alternative Rock,2029.0,Indie Pop
InStyleOf,249,5051,0,Emo/Pop Punk,2010.0,Emo/Pop Punk
InStyleOf,258,6773,0,Dream Pop,2029.0,Indie Pop
InStyleOf,279,11446,0,Alternative Rock,2026.0,Alternative Rock
InStyleOf,283,14449,0,Dream Pop,2029.0,Psychedelic Rock
InStyleOf,321,15817,0,Space Rock,2025.0,Americana
InStyleOf,358,16445,0,Post-Apocalyptic Folk,2027.0,Dream Pop
InStyleOf,391,365,0,Dream Pop,2030.0,Indie Rock
InStyleOf,395,2440,0,Post-Apocalyptic Folk,2022.0,Dream Pop
InStyleOf,402,15622,0,Synthwave,2011.0,Doom Metal
InStyleOf,413,5051,0,Indie Pop,2013.0,Emo/Pop Punk
InStyleOf,413,11520,0,Indie Pop,2013.0,Emo/Pop Punk
InStyleOf,423,6262,0,Southern Gothic Rock,2000.0,Dream Pop
InStyleOf,445,11701,0,Psychedelic Rock,2017.0,Doom Metal
InStyleOf,461,13088,0,Americana,2027.0,Symphonic Metal
InStyleOf,467,8816,0,Post-Apocalyptic Folk,2020.0,Dream Pop
InStyleOf,467,7897,0,Post-Apocalyptic Folk,2020.0,Post-Apocalyptic Folk
InStyleOf,504,2567,0,Dream Pop,2028.0,Post-Apocalyptic Folk
InStyleOf,504,13658,0,Dream Pop,2028.0,Synthwave
InStyleOf,516,13990,0,Doom Metal,2023.0,Post-Apocalyptic Folk
InStyleOf,577,4077,0,Space Rock,2027.0,Jazz Surf Rock
InStyleOf,590,8640,0,Dream Pop,2029.0,Post-Apocalyptic Folk
InStyleOf,590,14767,0,Dream Pop,2029.0,Space Rock
InStyleOf,590,11415,0,Dream Pop,2029.0,Darkwave
InStyleOf,600,15306,0,Dream Pop,2028.0,Psychedelic Rock
InStyleOf,600,15199,0,Dream Pop,2028.0,Post-Apocalyptic Folk
InStyleOf,611,7567,0,Indie Folk,2014.0,Dream Pop
InStyleOf,611,6368,0,Indie Folk,2014.0,Synthwave
InStyleOf,625,1608,0,Indie Folk,2023.0,Indie Folk
InStyleOf,625,2614,0,Indie Folk,2023.0,Dream Pop
InStyleOf,625,11298,0,Indie Folk,2023.0,Indie Pop
InStyleOf,632,16162,0,Alternative Rock,2012.0,Emo/Pop Punk
InStyleOf,683,10055,0,Jazz Surf Rock,2025.0,Dream Pop
InStyleOf,683,5216,0,Jazz Surf Rock,2025.0,Jazz Surf Rock
InStyleOf,705,13523,0,Alternative Rock,2020.0,Alternative Rock
InStyleOf,720,9709,0,Oceanus Folk,2023.0,Oceanus Folk
InStyleOf,757,6994,0,Oceanus Folk,2023.0,Oceanus Folk
InStyleOf,766,16512,0,Psychedelic Rock,2017.0,Americana
InStyleOf,773,4415,0,Indie Folk,2022.0,Doom Metal
InStyleOf,773,15766,0,Indie Folk,2022.0,Indie Folk
InStyleOf,773,11256,0,Indie Folk,2022.0,Doom Metal
InStyleOf,799,10909,0,Space Rock,2024.0,Dream Pop
InStyleOf,810,13321,0,Space Rock,2028.0,Psychedelic Rock
InStyleOf,810,14223,0,Space Rock,2028.0,Psychedelic Rock
InStyleOf,827,11327,0,Lo-Fi Electronica,2006.0,Lo-Fi Electronica
InStyleOf,842,5307,0,Doom Metal,2023.0,Doom Metal
InStyleOf,842,13341,0,Doom Metal,2023.0,Doom Metal
InStyleOf,846,10361,0,Doom Metal,2017.0,Post-Apocalyptic Folk
InStyleOf,852,10530,0,Space Rock,2028.0,Indie Folk
InStyleOf,876,1857,0,Indie Rock,2010.0,Indie Rock
InStyleOf,892,6006,0,Desert Rock,2020.0,Doom Metal
InStyleOf,901,10016,0,Space Rock,2029.0,Symphonic Metal
InStyleOf,906,4136,0,Dream Pop,2029.0,Darkwave
InStyleOf,917,15298,0,Psychedelic Rock,2017.0,Dream Pop
InStyleOf,917,9962,0,Psychedelic Rock,2017.0,Doom Metal
InStyleOf,917,7435,0,Psychedelic Rock,2017.0,Psychedelic Rock
InStyleOf,922,9641,0,Jazz Surf Rock,2026.0,Alternative Rock
InStyleOf,925,16485,0,Indie Folk,2027.0,Dream Pop
InStyleOf,940,4781,0,Lo-Fi Electronica,2028.0,Lo-Fi Electronica
InStyleOf,940,2277,0,Lo-Fi Electronica,2028.0,Lo-Fi Electronica
InStyleOf,940,966,0,Lo-Fi Electronica,2028.0,Lo-Fi Electronica
InStyleOf,945,15622,0,Doom Metal,2017.0,Doom Metal
InStyleOf,962,6006,0,Indie Folk,2013.0,Doom Metal
InStyleOf,970,15040,0,Alternative Rock,2022.0,Indie Pop
InStyleOf,970,14961,0,Alternative Rock,2022.0,Synthwave
InStyleOf,974,9884,0,Psychedelic Rock,2023.0,Psychedelic Rock
InStyleOf,974,12515,0,Psychedelic Rock,2023.0,Psychedelic Rock
InStyleOf,985,15966,0,Dream Pop,2025.0,Southern Gothic Rock
InStyleOf,1051,6587,0,Dream Pop,2010.0,Indie Rock
InStyleOf,1057,7116,0,Indie Folk,2019.0,Doom Metal
InStyleOf,1057,10673,0,Indie Folk,2019.0,Doom Metal
InStyleOf,1069,3025,0,Synthwave,2026.0,Oceanus Folk
InStyleOf,1080,11608,0,Post-Apocalyptic Folk,2029.0,Americana
InStyleOf,1080,8823,0,Post-Apocalyptic Folk,2029.0,Space Rock
InStyleOf,1080,3993,0,Post-Apocalyptic Folk,2029.0,Dream Pop
InStyleOf,1091,6006,0,Space Rock,2026.0,Doom Metal
InStyleOf,1096,5232,0,Emo/Pop Punk,2019.0,Emo/Pop Punk
InStyleOf,1096,11240,0,Emo/Pop Punk,2019.0,Emo/Pop Punk
InStyleOf,1101,2615,0,Avant-Garde Folk,1995.0,Southern Gothic Rock
InStyleOf,1140,12517,0,Lo-Fi Electronica,2018.0,Lo-Fi Electronica
InStyleOf,1140,14768,0,Lo-Fi Electronica,2018.0,Lo-Fi Electronica
InStyleOf,1140,14512,0,Lo-Fi Electronica,2018.0,Lo-Fi Electronica
InStyleOf,1140,966,0,Lo-Fi Electronica,2018.0,Lo-Fi Electronica
InStyleOf,1140,13335,0,Lo-Fi Electronica,2018.0,Lo-Fi Electronica
InStyleOf,1156,3692,0,Synthwave,2022.0,Synthwave
InStyleOf,1156,6177,0,Synthwave,2022.0,Americana
InStyleOf,1190,12947,0,Alternative Rock,2032.0,Blues Rock
InStyleOf,1208,14136,0,Space Rock,2028.0,Doom Metal
InStyleOf,1208,10550,0,Space Rock,2028.0,Doom Metal
InStyleOf,1208,13019,0,Space Rock,2028.0,Synthwave
InStyleOf,1208,13574,0,Space Rock,2028.0,Synthwave
InStyleOf,1221,7266,0,Dream Pop,2029.0,Dream Pop
InStyleOf,1236,15206,0,Doom Metal,2013.0,Doom Metal
InStyleOf,1253,3025,0,Oceanus Folk,2022.0,Oceanus Folk
InStyleOf,1286,3310,0,Dream Pop,2027.0,Dream Pop
InStyleOf,1293,12475,0,Southern Gothic Rock,2009.0,Southern Gothic Rock
InStyleOf,1298,12389,0,Dream Pop,2026.0,Space Rock
InStyleOf,1307,1884,0,Psychedelic Rock,2020.0,Doom Metal
InStyleOf,1310,15998,0,Jazz Surf Rock,2029.0,Alternative Rock
InStyleOf,1310,9143,0,Jazz Surf Rock,2029.0,Indie Folk
InStyleOf,1313,1841,0,Synthwave,2029.0,Indie Folk
InStyleOf,1313,6417,0,Synthwave,2029.0,Oceanus Folk
InStyleOf,1333,9754,0,Jazz Surf Rock,2010.0,Jazz Surf Rock
InStyleOf,1350,933,0,Dream Pop,2007.0,Dream Pop
InStyleOf,1358,7278,0,Dream Pop,2027.0,Synthwave
InStyleOf,1358,11526,0,Dream Pop,2027.0,Psychedelic Rock
InStyleOf,1364,4583,0,Speed Metal,2003.0,Speed Metal
InStyleOf,1370,9007,0,Doom Metal,2013.0,Doom Metal
InStyleOf,1370,10358,0,Doom Metal,2013.0,Doom Metal
InStyleOf,1375,9388,0,Synthwave,1990.0,Doom Metal
InStyleOf,1388,7026,0,Indie Folk,1989.0,Americana
InStyleOf,1402,6006,0,Indie Folk,2029.0,Doom Metal
InStyleOf,1402,15622,0,Indie Folk,2029.0,Doom Metal
InStyleOf,1407,15198,0,Desert Rock,2023.0,Dream Pop
InStyleOf,1411,11298,0,Southern Gothic Rock,2013.0,Indie Pop
InStyleOf,1411,12475,0,Southern Gothic Rock,2013.0,Southern Gothic Rock
InStyleOf,1411,3349,0,Southern Gothic Rock,2013.0,Indie Pop
InStyleOf,1411,11368,0,Southern Gothic Rock,2013.0,Southern Gothic Rock
InStyleOf,1411,1772,0,Southern Gothic Rock,2013.0,Southern Gothic Rock
InStyleOf,1466,12517,0,Lo-Fi Electronica,2015.0,Lo-Fi Electronica
InStyleOf,1483,11141,0,Psychedelic Rock,2027.0,Psychedelic Rock
InStyleOf,1483,13480,0,Psychedelic Rock,2027.0,Synthwave
InStyleOf,1489,16457,0,Oceanus Folk,2023.0,Oceanus Folk
InStyleOf,1515,7395,0,Doom Metal,2029.0,Synthwave
InStyleOf,1539,3596,0,Indie Pop,2019.0,Avant-Garde Folk
InStyleOf,1544,485,0,Southern Gothic Rock,2007.0,Southern Gothic Rock
InStyleOf,1571,16719,0,Indie Rock,2026.0,Psychedelic Rock
InStyleOf,1571,11230,0,Indie Rock,2026.0,Psychedelic Rock
InStyleOf,1571,7517,0,Indie Rock,2026.0,Indie Rock
InStyleOf,1571,8516,0,Indie Rock,2026.0,Psychedelic Rock
InStyleOf,1571,7450,0,Indie Rock,2026.0,Doom Metal
InStyleOf,1596,3743,0,Indie Pop,2005.0,Southern Gothic Rock
InStyleOf,1605,12089,0,Synthwave,2000.0,Jazz Surf Rock
InStyleOf,1629,15754,0,Desert Rock,2023.0,Indie Folk
InStyleOf,1635,7947,0,Synthpop,2026.0,Indie Folk
InStyleOf,1652,3323,0,Synthwave,2027.0,Doom Metal
InStyleOf,1652,16048,0,Synthwave,2027.0,Dream Pop
InStyleOf,1680,13568,0,Space Rock,2027.0,Indie Rock
InStyleOf,1680,14830,0,Space Rock,2027.0,Dream Pop
InStyleOf,1693,10252,0,Psychedelic Rock,2025.0,Indie Folk
InStyleOf,1709,10673,0,Synthwave,2026.0,Doom Metal
InStyleOf,1715,10281,0,Dream Pop,2029.0,Synthwave
InStyleOf,1715,14057,0,Dream Pop,2029.0,Synthwave
InStyleOf,1715,12204,0,Dream Pop,2029.0,Symphonic Metal
InStyleOf,1772,1293,0,Southern Gothic Rock,2010.0,Southern Gothic Rock
InStyleOf,1772,11368,0,Southern Gothic Rock,2010.0,Southern Gothic Rock
InStyleOf,1773,13713,0,Darkwave,2030.0,Darkwave
InStyleOf,1773,14987,0,Darkwave,2030.0,Doom Metal
InStyleOf,1797,9378,0,Americana,2028.0,Psychedelic Rock
InStyleOf,1804,13421,0,Indie Folk,2013.0,Dream Pop
InStyleOf,1804,10402,0,Indie Folk,2013.0,Alternative Rock
InStyleOf,1804,15734,0,Indie Folk,2013.0,Alternative Rock
InStyleOf,1807,5689,0,Emo/Pop Punk,2009.0,Emo/Pop Punk
InStyleOf,1813,16030,0,Indie Rock,2023.0,Doom Metal
InStyleOf,1814,3349,0,Southern Gothic Rock,2006.0,Indie Pop
InStyleOf,1823,1841,0,Oceanus Folk,2029.0,Indie Folk
InStyleOf,1823,15441,0,Oceanus Folk,2029.0,Oceanus Folk
InStyleOf,1823,8153,0,Oceanus Folk,2029.0,Oceanus Folk
InStyleOf,1849,9116,0,Indie Folk,2027.0,Doom Metal
InStyleOf,1853,1018,0,Avant-Garde Folk,2011.0,Alternative Rock
InStyleOf,1859,3730,0,Oceanus Folk,2017.0,Oceanus Folk
InStyleOf,1863,9702,0,Oceanus Folk,2013.0,Synthwave
InStyleOf,1863,1841,0,Oceanus Folk,2013.0,Indie Folk
InStyleOf,1880,16335,0,Alternative Rock,2023.0,Speed Metal
InStyleOf,1902,10398,0,Americana,2017.0,Indie Folk
InStyleOf,1907,9579,0,Synthwave,2021.0,Space Rock
InStyleOf,1907,13413,0,Synthwave,2021.0,Indie Folk
InStyleOf,1915,9995,0,Synthwave,2023.0,Dream Pop
InStyleOf,1920,8236,0,Doom Metal,2020.0,Indie Folk
InStyleOf,1927,16635,0,Dream Pop,2011.0,Dream Pop
InStyleOf,1933,4167,0,Avant-Garde Folk,2025.0,Southern Gothic Rock
InStyleOf,1933,14510,0,Avant-Garde Folk,2025.0,Southern Gothic Rock
InStyleOf,1939,13990,0,Space Rock,2026.0,Post-Apocalyptic Folk
InStyleOf,1939,10673,0,Space Rock,2026.0,Doom Metal
InStyleOf,1943,14768,0,Lo-Fi Electronica,2020.0,Lo-Fi Electronica
InStyleOf,1984,11251,0,Desert Rock,2029.0,Indie Folk
InStyleOf,1996,11768,0,Dream Pop,2026.0,Dream Pop
InStyleOf,2009,6635,0,Space Rock,2028.0,Doom Metal
InStyleOf,2078,9647,0,Indie Pop,2026.0,Southern Gothic Rock
InStyleOf,2078,11363,0,Indie Pop,2026.0,Blues Rock
InStyleOf,2093,12538,0,Darkwave,2020.0,Symphonic Metal
InStyleOf,2093,6551,0,Darkwave,2020.0,Indie Folk
InStyleOf,2099,5331,0,Doom Metal,2023.0,Synthwave
InStyleOf,2102,9335,0,Americana,2025.0,Indie Rock
InStyleOf,2107,16210,0,Dream Pop,2007.0,Dream Pop
InStyleOf,2120,6901,0,Indie Folk,2017.0,Indie Folk
InStyleOf,2124,15622,0,Synthwave,2024.0,Doom Metal
InStyleOf,2124,525,0,Synthwave,2024.0,Doom Metal
InStyleOf,2124,2956,0,Synthwave,2024.0,Indie Folk
InStyleOf,2130,10657,0,Dream Pop,2029.0,Dream Pop
InStyleOf,2167,4781,0,Lo-Fi Electronica,2007.0,Lo-Fi Electronica
InStyleOf,2169,1841,0,Oceanus Folk,2026.0,Indie Folk
InStyleOf,2197,12817,0,Doom Metal,2017.0,Synthwave
InStyleOf,2208,12382,0,Emo/Pop Punk,2019.0,Alternative Rock
InStyleOf,2212,5887,0,Doom Metal,2016.0,Doom Metal
InStyleOf,2234,14045,0,Lo-Fi Electronica,2025.0,Lo-Fi Electronica
InStyleOf,2238,10437,0,Synthwave,2009.0,Dream Pop
InStyleOf,2260,3730,0,Symphonic Metal,2029.0,Oceanus Folk
InStyleOf,2260,12079,0,Symphonic Metal,2029.0,Synthwave
InStyleOf,2260,12886,0,Symphonic Metal,2029.0,Dream Pop
InStyleOf,2277,6072,0,Lo-Fi Electronica,2004.0,Synthwave
InStyleOf,2277,14512,0,Lo-Fi Electronica,2004.0,Lo-Fi Electronica
InStyleOf,2292,11033,0,Indie Folk,2020.0,Doom Metal
InStyleOf,2292,9115,0,Indie Folk,2020.0,Indie Rock
InStyleOf,2303,7012,0,Alternative Rock,2025.0,Southern Gothic Rock
InStyleOf,2323,12395,0,Blues Rock,2027.0,Indie Folk
InStyleOf,2327,16421,0,Speed Metal,2025.0,Speed Metal
InStyleOf,2331,5802,0,Blues Rock,2011.0,Indie Pop
InStyleOf,2350,2807,0,Blues Rock,2007.0,Blues Rock
InStyleOf,2357,15034,0,Alternative Rock,2026.0,Alternative Rock
InStyleOf,2379,6994,0,Synthpop,2027.0,Oceanus Folk
InStyleOf,2391,2899,0,Synthwave,2023.0,Space Rock
InStyleOf,2433,6180,0,Dream Pop,2020.0,Desert Rock
InStyleOf,2433,6643,0,Dream Pop,2020.0,Indie Folk
InStyleOf,2440,5233,0,Dream Pop,2019.0,Dream Pop
InStyleOf,2454,14389,0,Synthwave,2030.0,Synthwave
InStyleOf,2461,1611,0,Doom Metal,2017.0,Indie Rock
InStyleOf,2475,15622,0,Alternative Rock,2026.0,Doom Metal
InStyleOf,2479,1857,0,Indie Rock,2009.0,Indie Rock
InStyleOf,2480,9488,0,Synthwave,2026.0,Synthwave
InStyleOf,2480,4814,0,Synthwave,2026.0,Doom Metal
InStyleOf,2486,12104,0,Doom Metal,2023.0,Doom Metal
InStyleOf,2493,1293,0,Southern Gothic Rock,2012.0,Southern Gothic Rock
InStyleOf,2493,14658,0,Southern Gothic Rock,2012.0,Southern Gothic Rock
InStyleOf,2495,2510,0,Dream Pop,2021.0,Dream Pop
InStyleOf,2495,9871,0,Dream Pop,2021.0,Dream Pop
InStyleOf,2534,13820,0,Indie Pop,2020.0,Lo-Fi Electronica
InStyleOf,2541,445,0,Dream Pop,2027.0,Psychedelic Rock
InStyleOf,2582,5680,0,Dream Pop,2024.0,Americana
InStyleOf,2596,14291,0,Dream Pop,2026.0,Americana
InStyleOf,2596,13246,0,Dream Pop,2026.0,Space Rock
InStyleOf,2604,11251,0,Dream Pop,2026.0,Indie Folk
InStyleOf,2616,8888,0,Americana,2020.0,Indie Rock
InStyleOf,2633,14322,0,Space Rock,2026.0,Post-Apocalyptic Folk
InStyleOf,2639,7574,0,Speed Metal,2003.0,Speed Metal
InStyleOf,2641,7250,0,Indie Rock,2024.0,Doom Metal
InStyleOf,2655,9650,0,Speed Metal,2006.0,Speed Metal
InStyleOf,2666,5110,0,Southern Gothic Rock,2012.0,Indie Pop
InStyleOf,2666,6868,0,Southern Gothic Rock,2012.0,Indie Pop
InStyleOf,2666,8997,0,Southern Gothic Rock,2012.0,Southern Gothic Rock
InStyleOf,2666,10549,0,Southern Gothic Rock,2012.0,Indie Pop
InStyleOf,2666,16495,0,Southern Gothic Rock,2012.0,Southern Gothic Rock
InStyleOf,2683,6616,0,Indie Rock,2023.0,Indie Rock
InStyleOf,2684,8832,0,Emo/Pop Punk,2026.0,Indie Pop
InStyleOf,2696,14086,0,Doom Metal,2010.0,Doom Metal
InStyleOf,2709,7435,0,Dream Pop,2018.0,Psychedelic Rock
InStyleOf,2709,16607,0,Dream Pop,2018.0,Synthwave
InStyleOf,2709,14322,0,Dream Pop,2018.0,Post-Apocalyptic Folk
InStyleOf,2743,16741,0,Southern Gothic Rock,2007.0,Southern Gothic Rock
InStyleOf,2768,8055,0,Alternative Rock,2015.0,Alternative Rock
InStyleOf,2779,6322,0,Psychedelic Rock,2026.0,Desert Rock
InStyleOf,2838,16262,0,Dream Pop,2012.0,Dream Pop
InStyleOf,2851,2628,0,Southern Gothic Rock,2027.0,Indie Pop
InStyleOf,2863,13724,0,Indie Rock,2022.0,Synthwave
InStyleOf,2889,5687,0,Desert Rock,2029.0,Indie Folk
InStyleOf,2889,7074,0,Desert Rock,2029.0,Indie Folk
InStyleOf,2931,15306,0,Symphonic Metal,2013.0,Psychedelic Rock
InStyleOf,2931,6901,0,Symphonic Metal,2013.0,Indie Folk
InStyleOf,2959,10412,0,Dream Pop,2028.0,Post-Apocalyptic Folk
InStyleOf,2963,13990,0,Post-Apocalyptic Folk,2020.0,Post-Apocalyptic Folk
InStyleOf,2972,13357,0,Dream Pop,2032.0,Southern Gothic Rock
InStyleOf,2972,12042,0,Dream Pop,2032.0,Southern Gothic Rock
InStyleOf,3002,6762,0,Synthwave,2023.0,Symphonic Metal
InStyleOf,3008,13873,0,Dream Pop,2021.0,Synthwave
InStyleOf,3043,14969,0,Americana,2024.0,Dream Pop
InStyleOf,3056,16653,0,Dream Pop,2022.0,Dream Pop
InStyleOf,3064,13104,0,Desert Rock,2023.0,Synthwave
InStyleOf,3064,14136,0,Desert Rock,2023.0,Doom Metal
InStyleOf,3094,632,0,Jazz Surf Rock,2023.0,Alternative Rock
InStyleOf,3094,7222,0,Jazz Surf Rock,2023.0,Alternative Rock
InStyleOf,3100,16441,0,Post-Apocalyptic Folk,2005.0,Psychedelic Rock
InStyleOf,3115,4618,0,Indie Pop,2008.0,Southern Gothic Rock
InStyleOf,3115,2068,0,Indie Pop,2008.0,Southern Gothic Rock
InStyleOf,3123,16702,0,Indie Pop,2005.0,Avant-Garde Folk
InStyleOf,3139,15343,0,Synthpop,2007.0,Speed Metal
InStyleOf,3144,9962,0,Indie Rock,2026.0,Doom Metal
InStyleOf,3151,2510,0,Alternative Rock,2015.0,Dream Pop
InStyleOf,3151,2279,0,Alternative Rock,2015.0,Dream Pop
InStyleOf,3160,2577,0,Symphonic Metal,2017.0,Synthwave
InStyleOf,3160,9716,0,Symphonic Metal,2017.0,Americana
InStyleOf,3174,7374,0,Dream Pop,2029.0,Dream Pop
InStyleOf,3183,15390,0,Southern Gothic Rock,2029.0,Indie Pop
InStyleOf,3205,15048,0,Psychedelic Rock,2029.0,Desert Rock
InStyleOf,3205,5711,0,Psychedelic Rock,2029.0,Psychedelic Rock
InStyleOf,3210,10530,0,Indie Folk,2026.0,Indie Folk
InStyleOf,3275,3194,0,Desert Rock,2023.0,Oceanus Folk
InStyleOf,3275,11978,0,Desert Rock,2023.0,Oceanus Folk
InStyleOf,3289,827,0,Lo-Fi Electronica,2019.0,Lo-Fi Electronica
InStyleOf,3289,10417,0,Lo-Fi Electronica,2019.0,Lo-Fi Electronica
InStyleOf,3302,6100,0,Avant-Garde Folk,2029.0,Southern Gothic Rock
InStyleOf,3302,1757,0,Avant-Garde Folk,2029.0,Avant-Garde Folk
InStyleOf,3310,933,0,Dream Pop,2014.0,Dream Pop
InStyleOf,3316,14281,0,Desert Rock,2023.0,Synthwave
InStyleOf,3325,4749,0,Emo/Pop Punk,2013.0,Emo/Pop Punk
InStyleOf,3325,5203,0,Emo/Pop Punk,2013.0,Emo/Pop Punk
InStyleOf,3329,2963,0,Post-Apocalyptic Folk,2022.0,Post-Apocalyptic Folk
InStyleOf,3329,2641,0,Post-Apocalyptic Folk,2022.0,Indie Rock
InStyleOf,3342,5808,0,Jazz Surf Rock,2020.0,Indie Folk
InStyleOf,3358,2002,0,Dream Pop,2017.0,Doom Metal
InStyleOf,3358,12365,0,Dream Pop,2017.0,Americana
InStyleOf,3358,9709,0,Dream Pop,2017.0,Oceanus Folk
InStyleOf,3362,3168,0,Synthwave,2022.0,Indie Folk
InStyleOf,3362,12656,0,Synthwave,2022.0,Doom Metal
InStyleOf,3362,15594,0,Synthwave,2022.0,Dream Pop
InStyleOf,3362,14300,0,Synthwave,2022.0,Doom Metal
InStyleOf,3362,2982,0,Synthwave,2022.0,Psychedelic Rock
InStyleOf,3362,15482,0,Synthwave,2022.0,Symphonic Metal
InStyleOf,3362,13147,0,Synthwave,2022.0,Synthpop
InStyleOf,3362,10975,0,Synthwave,2022.0,Synthwave
InStyleOf,3362,9406,0,Synthwave,2022.0,Darkwave
InStyleOf,3362,14460,0,Synthwave,2022.0,Americana
InStyleOf,3362,9579,0,Synthwave,2022.0,Space Rock
InStyleOf,3367,8888,0,Oceanus Folk,2023.0,Indie Rock
InStyleOf,3386,15894,0,Southern Gothic Rock,2019.0,Indie Pop
InStyleOf,3386,10503,0,Southern Gothic Rock,2019.0,Southern Gothic Rock
InStyleOf,3386,14038,0,Southern Gothic Rock,2019.0,Indie Pop
InStyleOf,3387,10549,0,Lo-Fi Electronica,2016.0,Indie Pop
InStyleOf,3426,6643,0,Desert Rock,2024.0,Indie Folk
InStyleOf,3433,1841,0,Indie Folk,2013.0,Indie Folk
InStyleOf,3438,14626,0,Synthwave,2029.0,Synthwave
InStyleOf,3444,4596,0,Indie Rock,2023.0,Synthwave
InStyleOf,3449,8899,0,Southern Gothic Rock,2027.0,Southern Gothic Rock
InStyleOf,3501,13324,0,Oceanus Folk,2007.0,Oceanus Folk
InStyleOf,3512,1018,0,Indie Pop,2013.0,Alternative Rock
InStyleOf,3512,7325,0,Indie Pop,2013.0,Emo/Pop Punk
InStyleOf,3519,15622,0,Doom Metal,2018.0,Doom Metal
InStyleOf,3536,10673,0,Doom Metal,2023.0,Doom Metal
InStyleOf,3567,1088,0,Synthpop,1994.0,Synthpop
InStyleOf,3580,1874,0,Dream Pop,2027.0,Dream Pop
InStyleOf,3606,4847,0,Dream Pop,2023.0,Indie Rock
InStyleOf,3626,5109,0,Emo/Pop Punk,2021.0,Emo/Pop Punk
InStyleOf,3626,5232,0,Emo/Pop Punk,2021.0,Emo/Pop Punk
InStyleOf,3626,3779,0,Emo/Pop Punk,2021.0,Blues Rock
InStyleOf,3627,6592,0,Southern Gothic Rock,2014.0,Emo/Pop Punk
InStyleOf,3633,8593,0,Doom Metal,2012.0,Doom Metal
InStyleOf,3633,5887,0,Doom Metal,2012.0,Doom Metal
InStyleOf,3652,7278,0,Dream Pop,2025.0,Synthwave
InStyleOf,3652,9308,0,Dream Pop,2025.0,Dream Pop
InStyleOf,3672,15501,0,Synthwave,2004.0,Indie Folk
InStyleOf,3683,2323,0,Dream Pop,2029.0,Blues Rock
InStyleOf,3688,13574,0,Doom Metal,2026.0,Synthwave
InStyleOf,3688,14136,0,Doom Metal,2026.0,Doom Metal
InStyleOf,3711,15973,0,Oceanus Folk,2024.0,Oceanus Folk
InStyleOf,3730,1841,0,Oceanus Folk,2016.0,Indie Folk
InStyleOf,3748,1533,0,Alternative Rock,2023.0,Alternative Rock
InStyleOf,3750,9883,0,Space Rock,2029.0,Doom Metal
InStyleOf,3793,6245,0,Emo/Pop Punk,2005.0,Emo/Pop Punk
InStyleOf,3793,4749,0,Emo/Pop Punk,2005.0,Emo/Pop Punk
InStyleOf,3795,15855,0,Synthwave,2020.0,Synthwave
InStyleOf,3801,423,0,Southern Gothic Rock,2007.0,Southern Gothic Rock
InStyleOf,3837,15198,0,Dream Pop,2027.0,Dream Pop
InStyleOf,3850,15708,0,Indie Rock,2024.0,Indie Rock
InStyleOf,3856,14440,0,Alternative Rock,2024.0,Alternative Rock
InStyleOf,3859,11363,0,Blues Rock,2023.0,Blues Rock
InStyleOf,3859,15715,0,Blues Rock,2023.0,Southern Gothic Rock
InStyleOf,3865,438,0,Synthwave,2013.0,Dream Pop
InStyleOf,3879,3531,0,Darkwave,2022.0,Doom Metal
InStyleOf,3885,13681,0,Americana,2018.0,Indie Folk
InStyleOf,3896,15818,0,Dream Pop,2010.0,Alternative Rock
InStyleOf,3923,14994,0,Indie Folk,2013.0,Indie Folk
InStyleOf,3956,6006,0,Oceanus Folk,2023.0,Doom Metal
InStyleOf,3991,5100,0,Synthwave,2021.0,Oceanus Folk
InStyleOf,4006,1857,0,Indie Rock,2007.0,Indie Rock
InStyleOf,4029,3688,0,Synthwave,2027.0,Doom Metal
InStyleOf,4038,16719,0,Psychedelic Rock,2020.0,Psychedelic Rock
InStyleOf,4046,3759,0,Jazz Surf Rock,2018.0,Doom Metal
InStyleOf,4046,13574,0,Jazz Surf Rock,2018.0,Synthwave
InStyleOf,4055,16491,0,Synthwave,2025.0,Indie Folk
InStyleOf,4071,11116,0,Doom Metal,2017.0,Indie Folk
InStyleOf,4077,16457,0,Jazz Surf Rock,2023.0,Oceanus Folk
InStyleOf,4085,5264,0,Indie Folk,2023.0,Doom Metal
InStyleOf,4090,7571,0,Indie Folk,2023.0,Indie Folk
InStyleOf,4105,3071,0,Dream Pop,2007.0,Alternative Rock
InStyleOf,4105,6160,0,Dream Pop,2007.0,Alternative Rock
InStyleOf,4112,14324,0,Symphonic Metal,2029.0,Symphonic Metal
InStyleOf,4112,11342,0,Symphonic Metal,2029.0,Symphonic Metal
InStyleOf,4140,6006,0,Synthwave,2026.0,Doom Metal
InStyleOf,4151,5154,0,Desert Rock,2027.0,Indie Folk
InStyleOf,4167,1814,0,Southern Gothic Rock,2017.0,Southern Gothic Rock
InStyleOf,4167,2927,0,Southern Gothic Rock,2017.0,Southern Gothic Rock
InStyleOf,4167,550,0,Southern Gothic Rock,2017.0,Southern Gothic Rock
InStyleOf,4167,15643,0,Southern Gothic Rock,2017.0,Southern Gothic Rock
InStyleOf,4169,3267,0,Southern Gothic Rock,2013.0,Indie Pop
InStyleOf,4172,8867,0,Alternative Rock,2017.0,Symphonic Metal
InStyleOf,4188,4335,0,Indie Pop,1995.0,Southern Gothic Rock
InStyleOf,4188,3740,0,Indie Pop,1995.0,Indie Pop
InStyleOf,4194,2956,0,Doom Metal,2026.0,Indie Folk
InStyleOf,4194,5318,0,Doom Metal,2026.0,Doom Metal
InStyleOf,4216,431,0,Dream Pop,2013.0,Americana
InStyleOf,4228,5260,0,Synthwave,2021.0,Doom Metal
InStyleOf,4228,2649,0,Synthwave,2021.0,Doom Metal
InStyleOf,4233,1545,0,Dream Pop,2022.0,Dream Pop
InStyleOf,4250,423,0,Blues Rock,2003.0,Southern Gothic Rock
InStyleOf,4250,8476,0,Blues Rock,2003.0,Southern Gothic Rock
InStyleOf,4253,7271,0,Desert Rock,2029.0,Alternative Rock
InStyleOf,4261,15494,0,Dream Pop,2029.0,Psychedelic Rock
InStyleOf,4271,8888,0,Dream Pop,2020.0,Indie Rock
InStyleOf,4283,9524,0,Dream Pop,2013.0,Dream Pop
InStyleOf,4299,8153,0,Desert Rock,2030.0,Oceanus Folk
InStyleOf,4299,15441,0,Desert Rock,2030.0,Oceanus Folk
InStyleOf,4313,16004,0,Alternative Rock,2013.0,Alternative Rock
InStyleOf,4316,10121,0,Lo-Fi Electronica,2011.0,Lo-Fi Electronica
InStyleOf,4316,14512,0,Lo-Fi Electronica,2011.0,Lo-Fi Electronica
InStyleOf,4335,14927,0,Southern Gothic Rock,1991.0,Southern Gothic Rock
InStyleOf,4337,14994,0,Dream Pop,2029.0,Indie Folk
InStyleOf,4357,11404,0,Avant-Garde Folk,2004.0,Emo/Pop Punk
InStyleOf,4361,14670,0,Dream Pop,2013.0,Alternative Rock
InStyleOf,4361,13303,0,Dream Pop,2013.0,Dream Pop
InStyleOf,4368,5214,0,Lo-Fi Electronica,2029.0,Lo-Fi Electronica
InStyleOf,4368,11859,0,Lo-Fi Electronica,2029.0,Lo-Fi Electronica
InStyleOf,4368,2848,0,Lo-Fi Electronica,2029.0,Lo-Fi Electronica
InStyleOf,4372,6901,0,Dream Pop,2022.0,Indie Folk
InStyleOf,4393,7224,0,Oceanus Folk,2029.0,Oceanus Folk
InStyleOf,4415,6762,0,Doom Metal,2013.0,Symphonic Metal
InStyleOf,4421,16514,0,Jazz Surf Rock,2026.0,Americana
InStyleOf,4425,11830,0,Indie Folk,2010.0,Synthwave
InStyleOf,4466,14994,0,Indie Folk,2028.0,Indie Folk
InStyleOf,4481,5663,0,Alternative Rock,2001.0,Indie Folk
InStyleOf,4489,6006,0,Indie Folk,2017.0,Doom Metal
InStyleOf,4492,15622,0,Space Rock,2018.0,Doom Metal
InStyleOf,4498,14987,0,Indie Folk,2023.0,Doom Metal
InStyleOf,4501,8593,0,Doom Metal,2007.0,Doom Metal
InStyleOf,4505,13214,0,Darkwave,2028.0,Darkwave
InStyleOf,4509,13361,0,Avant-Garde Folk,2026.0,Blues Rock
InStyleOf,4509,7969,0,Avant-Garde Folk,2026.0,Indie Pop
InStyleOf,4509,3540,0,Avant-Garde Folk,2026.0,Indie Pop
InStyleOf,4557,7707,0,Avant-Garde Folk,2015.0,Avant-Garde Folk
InStyleOf,4559,9637,0,Americana,2023.0,Dream Pop
InStyleOf,4562,5383,0,Synthwave,2017.0,Indie Folk
InStyleOf,4576,7278,0,Dream Pop,2030.0,Synthwave
InStyleOf,4593,1837,0,Alternative Rock,2018.0,Alternative Rock
InStyleOf,4593,3270,0,Alternative Rock,2018.0,Speed Metal
InStyleOf,4602,14210,0,Alternative Rock,2010.0,Jazz Surf Rock
InStyleOf,4606,2815,0,Southern Gothic Rock,2013.0,Southern Gothic Rock
InStyleOf,4606,16560,0,Southern Gothic Rock,2013.0,Speed Metal
InStyleOf,4607,8892,0,Dream Pop,2028.0,Desert Rock
InStyleOf,4607,13332,0,Dream Pop,2028.0,Darkwave
InStyleOf,4607,8551,0,Dream Pop,2028.0,Desert Rock
InStyleOf,4607,3879,0,Dream Pop,2028.0,Darkwave
InStyleOf,4609,5110,0,Avant-Garde Folk,1997.0,Indie Pop
InStyleOf,4618,2068,0,Southern Gothic Rock,2003.0,Southern Gothic Rock
InStyleOf,4624,12947,0,Blues Rock,2026.0,Blues Rock
InStyleOf,4626,11141,0,Dream Pop,2020.0,Psychedelic Rock
InStyleOf,4631,1121,0,Southern Gothic Rock,2026.0,Southern Gothic Rock
InStyleOf,4639,12759,0,Indie Folk,2026.0,Dream Pop
InStyleOf,4639,13324,0,Indie Folk,2026.0,Oceanus Folk
InStyleOf,4650,3688,0,Jazz Surf Rock,2028.0,Doom Metal
InStyleOf,4652,16030,0,Doom Metal,2007.0,Doom Metal
InStyleOf,4652,15622,0,Doom Metal,2007.0,Doom Metal
InStyleOf,4658,10211,0,Indie Rock,2023.0,Space Rock
InStyleOf,4658,14202,0,Indie Rock,2023.0,Psychedelic Rock
InStyleOf,4661,6168,0,Indie Rock,2023.0,Psychedelic Rock
InStyleOf,4718,7517,0,Doom Metal,2023.0,Indie Rock
InStyleOf,4733,15622,0,Oceanus Folk,2020.0,Doom Metal
InStyleOf,4733,1841,0,Oceanus Folk,2020.0,Indie Folk
InStyleOf,4752,15839,0,Doom Metal,2020.0,Doom Metal
InStyleOf,4764,8138,0,Space Rock,2024.0,Dream Pop
InStyleOf,4774,9807,0,Lo-Fi Electronica,2029.0,Lo-Fi Electronica
InStyleOf,4774,14497,0,Lo-Fi Electronica,2029.0,Lo-Fi Electronica
InStyleOf,4781,966,0,Lo-Fi Electronica,2003.0,Lo-Fi Electronica
InStyleOf,4795,13681,0,Dream Pop,2029.0,Indie Folk
InStyleOf,4805,8274,0,Dream Pop,2026.0,Dream Pop
InStyleOf,4821,10211,0,Dream Pop,2028.0,Space Rock
InStyleOf,4821,10075,0,Dream Pop,2028.0,Darkwave
InStyleOf,4821,4100,0,Dream Pop,2028.0,Psychedelic Rock
InStyleOf,4821,8516,0,Dream Pop,2028.0,Psychedelic Rock
InStyleOf,4843,12072,0,Indie Folk,2023.0,Psychedelic Rock
InStyleOf,4861,15702,0,Speed Metal,1996.0,Speed Metal
InStyleOf,4865,4604,0,Psychedelic Rock,2017.0,Indie Folk
InStyleOf,4865,11522,0,Psychedelic Rock,2017.0,Psychedelic Rock
InStyleOf,4890,4818,0,Desert Rock,2022.0,Doom Metal
InStyleOf,4897,1913,0,Blues Rock,2016.0,Indie Pop
InStyleOf,4900,8561,0,Doom Metal,2023.0,Indie Rock
InStyleOf,4909,4961,0,Alternative Rock,2026.0,Indie Pop
InStyleOf,4920,4381,0,Darkwave,2029.0,Darkwave
InStyleOf,4920,8894,0,Darkwave,2029.0,Darkwave
InStyleOf,4926,10480,0,Southern Gothic Rock,2015.0,Indie Pop
InStyleOf,4932,15047,0,Speed Metal,1987.0,Southern Gothic Rock
InStyleOf,4933,12079,0,Symphonic Metal,2022.0,Synthwave
InStyleOf,4945,3828,0,Desert Rock,2026.0,Oceanus Folk
InStyleOf,4945,7876,0,Desert Rock,2026.0,Oceanus Folk
InStyleOf,4945,2567,0,Desert Rock,2026.0,Post-Apocalyptic Folk
InStyleOf,4950,13681,0,Americana,2025.0,Indie Folk
InStyleOf,4959,1244,0,Indie Rock,2023.0,Indie Rock
InStyleOf,4959,4006,0,Indie Rock,2023.0,Indie Rock
InStyleOf,4961,15847,0,Indie Pop,2020.0,Avant-Garde Folk
InStyleOf,5004,8771,0,Synthwave,2021.0,Doom Metal
InStyleOf,5035,10159,0,Space Rock,2028.0,Oceanus Folk
InStyleOf,5035,13438,0,Space Rock,2028.0,Oceanus Folk
InStyleOf,5035,1841,0,Space Rock,2028.0,Indie Folk
InStyleOf,5035,14767,0,Space Rock,2028.0,Space Rock
InStyleOf,5035,16471,0,Space Rock,2028.0,Indie Folk
InStyleOf,5040,12008,0,Lo-Fi Electronica,2026.0,Lo-Fi Electronica
InStyleOf,5040,2167,0,Lo-Fi Electronica,2026.0,Lo-Fi Electronica
InStyleOf,5051,6315,0,Emo/Pop Punk,1997.0,Emo/Pop Punk
InStyleOf,5053,8823,0,Jazz Surf Rock,2029.0,Space Rock
InStyleOf,5055,1611,0,Indie Rock,2029.0,Indie Rock
InStyleOf,5058,11859,0,Lo-Fi Electronica,2021.0,Lo-Fi Electronica
InStyleOf,5068,6770,0,Americana,2026.0,Americana
InStyleOf,5088,15024,0,Lo-Fi Electronica,2026.0,Lo-Fi Electronica
InStyleOf,5088,2479,0,Lo-Fi Electronica,2026.0,Indie Rock
InStyleOf,5088,11677,0,Lo-Fi Electronica,2026.0,Lo-Fi Electronica
InStyleOf,5088,966,0,Lo-Fi Electronica,2026.0,Lo-Fi Electronica
InStyleOf,5089,13563,0,Indie Folk,2020.0,Synthpop
InStyleOf,5089,14762,0,Indie Folk,2020.0,Oceanus Folk
InStyleOf,5096,11945,0,Synthwave,2026.0,Doom Metal
InStyleOf,5109,11240,0,Emo/Pop Punk,2004.0,Emo/Pop Punk
InStyleOf,5111,6245,0,Emo/Pop Punk,2008.0,Emo/Pop Punk
InStyleOf,5131,8888,0,Doom Metal,2010.0,Indie Rock
InStyleOf,5146,3869,0,Darkwave,2026.0,Darkwave
InStyleOf,5159,15325,0,Desert Rock,2029.0,Indie Folk
InStyleOf,5165,1611,0,Doom Metal,2020.0,Indie Rock
InStyleOf,5178,15241,0,Lo-Fi Electronica,2027.0,Avant-Garde Folk
InStyleOf,5178,6443,0,Lo-Fi Electronica,2027.0,Indie Rock
InStyleOf,5188,12719,0,Synthwave,2012.0,Dream Pop
InStyleOf,5216,1333,0,Jazz Surf Rock,2018.0,Jazz Surf Rock
InStyleOf,5232,5704,0,Emo/Pop Punk,2009.0,Emo/Pop Punk
InStyleOf,5232,6245,0,Emo/Pop Punk,2009.0,Emo/Pop Punk
InStyleOf,5254,5425,0,Blues Rock,2028.0,Doom Metal
InStyleOf,5267,14762,0,Space Rock,2027.0,Oceanus Folk
InStyleOf,5276,9186,0,Indie Folk,2013.0,Oceanus Folk
InStyleOf,5283,3407,0,Indie Pop,2003.0,Southern Gothic Rock
InStyleOf,5285,13421,0,Dream Pop,2017.0,Dream Pop
InStyleOf,5285,2510,0,Dream Pop,2017.0,Dream Pop
InStyleOf,5307,5687,0,Doom Metal,2013.0,Indie Folk
InStyleOf,5307,13341,0,Doom Metal,2013.0,Doom Metal
InStyleOf,5318,9007,0,Doom Metal,2019.0,Doom Metal
InStyleOf,5361,11142,0,Emo/Pop Punk,2026.0,Indie Pop
InStyleOf,5361,14834,0,Emo/Pop Punk,2026.0,Indie Pop
InStyleOf,5364,4541,0,Dream Pop,2027.0,Psychedelic Rock
InStyleOf,5376,6006,0,Desert Rock,2022.0,Doom Metal
InStyleOf,5389,16163,0,Post-Apocalyptic Folk,2020.0,Post-Apocalyptic Folk
InStyleOf,5389,14322,0,Post-Apocalyptic Folk,2020.0,Post-Apocalyptic Folk
InStyleOf,5394,14599,0,Americana,2027.0,Americana
InStyleOf,5407,1018,0,Avant-Garde Folk,2023.0,Alternative Rock
InStyleOf,5407,7012,0,Avant-Garde Folk,2023.0,Southern Gothic Rock
InStyleOf,5415,14118,0,Darkwave,2028.0,Indie Folk
InStyleOf,5452,7572,0,Doom Metal,2007.0,Doom Metal
InStyleOf,5455,4510,0,Southern Gothic Rock,1999.0,Emo/Pop Punk
InStyleOf,5469,4926,0,Indie Pop,2020.0,Southern Gothic Rock
InStyleOf,5480,11327,0,Lo-Fi Electronica,2018.0,Lo-Fi Electronica
InStyleOf,5480,12373,0,Lo-Fi Electronica,2018.0,Lo-Fi Electronica
InStyleOf,5480,966,0,Lo-Fi Electronica,2018.0,Lo-Fi Electronica
InStyleOf,5492,7116,0,Indie Folk,2023.0,Doom Metal
InStyleOf,5492,12245,0,Indie Folk,2023.0,Indie Folk
InStyleOf,5507,5295,0,Americana,2017.0,Doom Metal
InStyleOf,5514,8888,0,Doom Metal,2023.0,Indie Rock
InStyleOf,5519,4501,0,Indie Folk,2013.0,Doom Metal
InStyleOf,5527,1642,0,Psychedelic Rock,2017.0,Desert Rock
InStyleOf,5546,15702,0,Speed Metal,2000.0,Speed Metal
InStyleOf,5546,14094,0,Speed Metal,2000.0,Speed Metal
InStyleOf,5547,10673,0,Synthwave,2023.0,Doom Metal
InStyleOf,5556,6074,0,Southern Gothic Rock,2029.0,Southern Gothic Rock
InStyleOf,5559,15622,0,Synthpop,2023.0,Doom Metal
InStyleOf,5559,10105,0,Synthpop,2023.0,Oceanus Folk
InStyleOf,5559,4046,0,Synthpop,2023.0,Jazz Surf Rock
InStyleOf,5559,14335,0,Synthpop,2023.0,Synthpop
InStyleOf,5559,7278,0,Synthpop,2023.0,Synthwave
InStyleOf,5571,10249,0,Jazz Surf Rock,2007.0,Synthwave
InStyleOf,5577,6376,0,Indie Folk,2029.0,Dream Pop
InStyleOf,5583,14128,0,Southern Gothic Rock,2007.0,Blues Rock
InStyleOf,5614,5113,0,Synthwave,2026.0,Indie Rock
InStyleOf,5620,12949,0,Synthwave,2028.0,Synthwave
InStyleOf,5620,16026,0,Synthwave,2028.0,Doom Metal
InStyleOf,5620,8954,0,Synthwave,2028.0,Doom Metal
InStyleOf,5628,3362,0,Indie Rock,2027.0,Synthwave
InStyleOf,5643,13481,0,Lo-Fi Electronica,2011.0,Lo-Fi Electronica
InStyleOf,5643,12373,0,Lo-Fi Electronica,2011.0,Lo-Fi Electronica
InStyleOf,5643,966,0,Lo-Fi Electronica,2011.0,Lo-Fi Electronica
InStyleOf,5643,10574,0,Lo-Fi Electronica,2011.0,Lo-Fi Electronica
InStyleOf,5647,8892,0,Darkwave,2028.0,Desert Rock
InStyleOf,5653,13379,0,Alternative Rock,2023.0,Alternative Rock
InStyleOf,5718,4541,0,Psychedelic Rock,2028.0,Psychedelic Rock
InStyleOf,5773,13421,0,Dream Pop,2010.0,Dream Pop
InStyleOf,5782,7723,0,Southern Gothic Rock,2028.0,Southern Gothic Rock
InStyleOf,5782,12041,0,Southern Gothic Rock,2028.0,Southern Gothic Rock
InStyleOf,5787,4849,0,Synthwave,1991.0,Synthwave
InStyleOf,5796,15622,0,Doom Metal,2012.0,Doom Metal
InStyleOf,5813,15622,0,Indie Rock,2013.0,Doom Metal
InStyleOf,5818,5685,0,Synthwave,2024.0,Space Rock
InStyleOf,5832,7271,0,Desert Rock,2029.0,Alternative Rock
InStyleOf,5839,6868,0,Southern Gothic Rock,2006.0,Indie Pop
InStyleOf,5847,6564,0,Americana,2029.0,Space Rock
InStyleOf,5854,1841,0,Indie Folk,2017.0,Indie Folk
InStyleOf,5873,11122,0,Americana,2026.0,Americana
InStyleOf,5882,9966,0,Synthwave,2025.0,Indie Folk
InStyleOf,5882,7116,0,Synthwave,2025.0,Doom Metal
InStyleOf,5883,12150,0,Oceanus Folk,2020.0,Indie Folk
InStyleOf,5891,2279,0,Dream Pop,2008.0,Dream Pop
InStyleOf,5893,3451,0,Psychedelic Rock,2027.0,Psychedelic Rock
InStyleOf,5907,14670,0,Indie Folk,1997.0,Alternative Rock
InStyleOf,5921,15343,0,Speed Metal,2002.0,Speed Metal
InStyleOf,5921,4583,0,Speed Metal,2002.0,Speed Metal
InStyleOf,5928,9122,0,Lo-Fi Electronica,2019.0,Lo-Fi Electronica
InStyleOf,5928,827,0,Lo-Fi Electronica,2019.0,Lo-Fi Electronica
InStyleOf,5930,12291,0,Desert Rock,2024.0,Synthwave
InStyleOf,5944,5356,0,Dream Pop,2024.0,Psychedelic Rock
InStyleOf,5952,5584,0,Indie Rock,2024.0,Doom Metal
InStyleOf,5980,2683,0,Indie Rock,2025.0,Indie Rock
InStyleOf,5980,6616,0,Indie Rock,2025.0,Indie Rock
InStyleOf,5980,8200,0,Indie Rock,2025.0,Indie Rock
InStyleOf,5981,15622,0,Dream Pop,2023.0,Doom Metal
InStyleOf,5994,3085,0,Southern Gothic Rock,2011.0,Indie Pop
InStyleOf,5994,15609,0,Southern Gothic Rock,2011.0,Southern Gothic Rock
InStyleOf,6004,5181,0,Synthwave,2022.0,Dream Pop
InStyleOf,6004,6006,0,Synthwave,2022.0,Doom Metal
InStyleOf,6020,525,0,Indie Folk,2026.0,Doom Metal
InStyleOf,6020,10928,0,Indie Folk,2026.0,Dream Pop
InStyleOf,6024,7380,0,Space Rock,2026.0,Space Rock
InStyleOf,6049,7137,0,Doom Metal,2000.0,Doom Metal
InStyleOf,6054,11276,0,Dream Pop,2026.0,Dream Pop
InStyleOf,6054,15669,0,Dream Pop,2026.0,Americana
InStyleOf,6054,467,0,Dream Pop,2026.0,Post-Apocalyptic Folk
InStyleOf,6061,8273,0,Southern Gothic Rock,2010.0,Southern Gothic Rock
InStyleOf,6064,8516,0,Dream Pop,2025.0,Psychedelic Rock
InStyleOf,6065,3828,0,Dream Pop,2029.0,Oceanus Folk
InStyleOf,6065,16259,0,Dream Pop,2029.0,Indie Folk
InStyleOf,6065,12067,0,Dream Pop,2029.0,Oceanus Folk
InStyleOf,6065,9096,0,Dream Pop,2029.0,Oceanus Folk
InStyleOf,6065,6976,0,Dream Pop,2029.0,Indie Folk
InStyleOf,6072,11652,0,Synthwave,1998.0,Synthwave
InStyleOf,6076,10111,0,Dream Pop,2017.0,Darkwave
InStyleOf,6080,6006,0,Doom Metal,2013.0,Doom Metal
InStyleOf,6087,7116,0,Doom Metal,2025.0,Doom Metal
InStyleOf,6087,5777,0,Doom Metal,2025.0,Indie Folk
InStyleOf,6092,15230,0,Desert Rock,2029.0,Dream Pop
InStyleOf,6103,6564,0,Dream Pop,2022.0,Space Rock
InStyleOf,6142,13552,0,Symphonic Metal,2029.0,Psychedelic Rock
InStyleOf,6148,2347,0,Synthpop,2020.0,Post-Apocalyptic Folk
InStyleOf,6151,9223,0,Indie Folk,2023.0,Alternative Rock
InStyleOf,6154,6743,0,Desert Rock,2020.0,Dream Pop
InStyleOf,6158,4557,0,Avant-Garde Folk,2018.0,Avant-Garde Folk
InStyleOf,6158,1018,0,Avant-Garde Folk,2018.0,Alternative Rock
InStyleOf,6160,3071,0,Alternative Rock,1997.0,Alternative Rock
InStyleOf,6170,3025,0,Oceanus Folk,2023.0,Oceanus Folk
InStyleOf,6193,11984,0,Southern Gothic Rock,2008.0,Blues Rock
InStyleOf,6205,7733,0,Alternative Rock,2027.0,Southern Gothic Rock
InStyleOf,6218,15574,0,Doom Metal,2023.0,Indie Folk
InStyleOf,6218,9884,0,Doom Metal,2023.0,Psychedelic Rock
InStyleOf,6227,13430,0,Speed Metal,1999.0,Speed Metal
InStyleOf,6229,9335,0,Synthwave,2018.0,Indie Rock
InStyleOf,6233,10281,0,Dream Pop,2023.0,Synthwave
InStyleOf,6245,6315,0,Emo/Pop Punk,1989.0,Emo/Pop Punk
InStyleOf,6252,7977,0,Indie Pop,2022.0,Indie Pop
InStyleOf,6253,233,0,Synthwave,2023.0,Doom Metal
InStyleOf,6268,6901,0,Indie Folk,2017.0,Indie Folk
InStyleOf,6286,7918,0,Darkwave,2028.0,Darkwave
InStyleOf,6307,7278,0,Dream Pop,2025.0,Synthwave
InStyleOf,6315,1955,0,Emo/Pop Punk,1987.0,Emo/Pop Punk
InStyleOf,6318,13758,0,Americana,2017.0,Indie Folk
InStyleOf,6333,6967,0,Jazz Surf Rock,2012.0,Jazz Surf Rock
InStyleOf,6333,1326,0,Jazz Surf Rock,2012.0,Jazz Surf Rock
InStyleOf,6337,876,0,Indie Rock,2029.0,Indie Rock
InStyleOf,6337,1857,0,Indie Rock,2029.0,Indie Rock
InStyleOf,6337,13484,0,Indie Rock,2029.0,Indie Rock
InStyleOf,6337,15771,0,Indie Rock,2029.0,Indie Rock
InStyleOf,6337,2683,0,Indie Rock,2029.0,Indie Rock
InStyleOf,6342,2510,0,Dream Pop,2004.0,Dream Pop
InStyleOf,6358,13220,0,Doom Metal,2017.0,Doom Metal
InStyleOf,6365,1611,0,Indie Rock,2020.0,Indie Rock
InStyleOf,6390,13564,0,Indie Rock,2023.0,Psychedelic Rock
InStyleOf,6396,4006,0,Indie Rock,2017.0,Indie Rock
InStyleOf,6397,6245,0,Emo/Pop Punk,2011.0,Emo/Pop Punk
InStyleOf,6418,2582,0,Dream Pop,2028.0,Dream Pop
InStyleOf,6418,5680,0,Dream Pop,2028.0,Americana
InStyleOf,6418,9014,0,Dream Pop,2028.0,Dream Pop
InStyleOf,6435,5685,0,Space Rock,2024.0,Space Rock
InStyleOf,6456,14080,0,Dream Pop,2027.0,Dream Pop
InStyleOf,6467,13580,0,Blues Rock,2010.0,Blues Rock
InStyleOf,6473,8815,0,Dream Pop,2014.0,Dream Pop
InStyleOf,6474,312,0,Dream Pop,2027.0,Synthwave
InStyleOf,6474,1841,0,Dream Pop,2027.0,Indie Folk
InStyleOf,6474,11117,0,Dream Pop,2027.0,Synthwave
InStyleOf,6474,5887,0,Dream Pop,2027.0,Doom Metal
InStyleOf,6474,16641,0,Dream Pop,2027.0,Indie Folk
InStyleOf,6482,12395,0,Dream Pop,2027.0,Indie Folk
InStyleOf,6482,11839,0,Dream Pop,2027.0,Indie Folk
InStyleOf,6503,2927,0,Emo/Pop Punk,2018.0,Southern Gothic Rock
InStyleOf,6503,6674,0,Emo/Pop Punk,2018.0,Blues Rock
InStyleOf,6503,4167,0,Emo/Pop Punk,2018.0,Southern Gothic Rock
InStyleOf,6505,11767,0,Americana,2012.0,Oceanus Folk
InStyleOf,6513,9884,0,Psychedelic Rock,2022.0,Psychedelic Rock
InStyleOf,6513,12150,0,Psychedelic Rock,2022.0,Indie Folk
InStyleOf,6521,10673,0,Doom Metal,2028.0,Doom Metal
InStyleOf,6521,14118,0,Doom Metal,2028.0,Indie Folk
InStyleOf,6521,7116,0,Doom Metal,2028.0,Doom Metal
InStyleOf,6521,9696,0,Doom Metal,2028.0,Synthwave
InStyleOf,6521,16432,0,Doom Metal,2028.0,Desert Rock
InStyleOf,6541,1106,0,Doom Metal,2020.0,Doom Metal
InStyleOf,6548,5212,0,Dream Pop,2025.0,Southern Gothic Rock
InStyleOf,6569,3025,0,Desert Rock,2029.0,Oceanus Folk
InStyleOf,6569,3367,0,Desert Rock,2029.0,Oceanus Folk
InStyleOf,6575,15383,0,Symphonic Metal,2024.0,Doom Metal
InStyleOf,6577,7982,0,Jazz Surf Rock,2029.0,Oceanus Folk
InStyleOf,6606,14626,0,Doom Metal,2023.0,Synthwave
InStyleOf,6628,15622,0,Indie Rock,2004.0,Doom Metal
InStyleOf,6633,2679,0,Lo-Fi Electronica,2020.0,Blues Rock
InStyleOf,6658,2510,0,Dream Pop,2010.0,Dream Pop
InStyleOf,6658,6342,0,Dream Pop,2010.0,Dream Pop
InStyleOf,6658,13421,0,Dream Pop,2010.0,Dream Pop
InStyleOf,6675,14285,0,Jazz Surf Rock,2028.0,Post-Apocalyptic Folk
InStyleOf,6685,11938,0,Indie Pop,2012.0,Indie Pop
InStyleOf,6688,6137,0,Synthwave,2026.0,Synthwave
InStyleOf,6693,11947,0,Dream Pop,2029.0,Americana
InStyleOf,6697,1841,0,Synthwave,2020.0,Indie Folk
InStyleOf,6702,3869,0,Darkwave,2024.0,Darkwave
InStyleOf,6725,14987,0,Indie Rock,2020.0,Doom Metal
InStyleOf,6736,3966,0,Indie Folk,2031.0,Synthwave
InStyleOf,6736,8776,0,Indie Folk,2031.0,Indie Folk
InStyleOf,6736,1236,0,Indie Folk,2031.0,Doom Metal
InStyleOf,6743,11241,0,Dream Pop,2020.0,Dream Pop
InStyleOf,6746,12498,0,Southern Gothic Rock,2018.0,Southern Gothic Rock
InStyleOf,6757,14072,0,Indie Folk,2028.0,Desert Rock
InStyleOf,6765,1689,0,Alternative Rock,2029.0,Synthwave
InStyleOf,6778,8055,0,Indie Rock,2029.0,Alternative Rock
InStyleOf,6778,10045,0,Indie Rock,2029.0,Alternative Rock
InStyleOf,6778,16162,0,Indie Rock,2029.0,Emo/Pop Punk
InStyleOf,6780,12732,0,Synthwave,2025.0,Synthwave
InStyleOf,6791,2238,0,Synthwave,2015.0,Synthwave
InStyleOf,6794,9890,0,Alternative Rock,2026.0,Blues Rock
InStyleOf,6794,8209,0,Alternative Rock,2026.0,Southern Gothic Rock
InStyleOf,6794,11537,0,Alternative Rock,2026.0,Alternative Rock
InStyleOf,6797,3540,0,Alternative Rock,2026.0,Indie Pop
InStyleOf,6797,14644,0,Alternative Rock,2026.0,Avant-Garde Folk
InStyleOf,6805,16512,0,Space Rock,2027.0,Americana
InStyleOf,6809,16541,0,Darkwave,2022.0,Darkwave
InStyleOf,6812,1841,0,Indie Folk,2013.0,Indie Folk
InStyleOf,6820,9749,0,Space Rock,2025.0,Synthwave
InStyleOf,6827,14118,0,Doom Metal,2027.0,Indie Folk
InStyleOf,6827,7116,0,Doom Metal,2027.0,Doom Metal
InStyleOf,6833,11366,0,Dream Pop,2023.0,Synthwave
InStyleOf,6837,6674,0,Avant-Garde Folk,2007.0,Blues Rock
InStyleOf,6844,15469,0,Alternative Rock,2027.0,Synthwave
InStyleOf,6860,1841,0,Space Rock,2026.0,Indie Folk
InStyleOf,6864,1853,0,Avant-Garde Folk,2017.0,Avant-Garde Folk
InStyleOf,6864,3512,0,Avant-Garde Folk,2017.0,Indie Pop
InStyleOf,6864,1018,0,Avant-Garde Folk,2017.0,Alternative Rock
InStyleOf,6873,5483,0,Dream Pop,2029.0,Synthwave
InStyleOf,6875,3407,0,Blues Rock,2007.0,Southern Gothic Rock
InStyleOf,6896,5133,0,Doom Metal,2013.0,Speed Metal
InStyleOf,6899,8282,0,Synthwave,2000.0,Synthwave
InStyleOf,6928,5787,0,Dream Pop,2013.0,Synthwave
InStyleOf,6928,4849,0,Dream Pop,2013.0,Synthwave
InStyleOf,6940,11339,0,Darkwave,2029.0,Indie Rock
InStyleOf,6940,12547,0,Darkwave,2029.0,Indie Folk
InStyleOf,6941,6524,0,Oceanus Folk,2023.0,Oceanus Folk
InStyleOf,6976,6994,0,Indie Folk,2025.0,Oceanus Folk
InStyleOf,6979,15318,0,Indie Folk,2020.0,Synthwave
InStyleOf,6979,4770,0,Indie Folk,2020.0,Synthwave
InStyleOf,6989,14671,0,Emo/Pop Punk,2023.0,Emo/Pop Punk
InStyleOf,6989,15609,0,Emo/Pop Punk,2023.0,Southern Gothic Rock
InStyleOf,6994,13324,0,Oceanus Folk,2017.0,Oceanus Folk
InStyleOf,7001,9884,0,Americana,2017.0,Psychedelic Rock
InStyleOf,7006,8888,0,Darkwave,2026.0,Indie Rock
InStyleOf,7019,1841,0,Oceanus Folk,2023.0,Indie Folk
InStyleOf,7054,10417,0,Lo-Fi Electronica,2026.0,Lo-Fi Electronica
InStyleOf,7054,1466,0,Lo-Fi Electronica,2026.0,Lo-Fi Electronica
InStyleOf,7054,827,0,Lo-Fi Electronica,2026.0,Lo-Fi Electronica
InStyleOf,7054,11467,0,Lo-Fi Electronica,2026.0,Lo-Fi Electronica
InStyleOf,7054,15838,0,Lo-Fi Electronica,2026.0,Avant-Garde Folk
InStyleOf,7056,1763,0,Synthwave,2024.0,Dream Pop
InStyleOf,7056,9483,0,Synthwave,2024.0,Doom Metal
InStyleOf,7056,9073,0,Synthwave,2024.0,Desert Rock
InStyleOf,7056,10855,0,Synthwave,2024.0,Dream Pop
InStyleOf,7068,12515,0,Psychedelic Rock,2024.0,Psychedelic Rock
InStyleOf,7074,5687,0,Indie Folk,2017.0,Indie Folk
InStyleOf,7077,9884,0,Psychedelic Rock,2017.0,Psychedelic Rock
InStyleOf,7086,7844,0,Synthwave,2025.0,Synthwave
InStyleOf,7089,11276,0,Dream Pop,2028.0,Dream Pop
InStyleOf,7089,6054,0,Dream Pop,2028.0,Dream Pop
InStyleOf,7092,16163,0,Synthwave,2025.0,Post-Apocalyptic Folk
InStyleOf,7100,2658,0,Alternative Rock,2012.0,Dream Pop
InStyleOf,7100,5074,0,Alternative Rock,2012.0,Dream Pop
InStyleOf,7101,5436,0,Alternative Rock,2015.0,Dream Pop
InStyleOf,7123,4856,0,Indie Rock,2029.0,Synthwave
InStyleOf,7123,839,0,Indie Rock,2029.0,Indie Rock
InStyleOf,7138,11644,0,Speed Metal,2019.0,Speed Metal
InStyleOf,7138,2927,0,Speed Metal,2019.0,Southern Gothic Rock
InStyleOf,7138,8095,0,Speed Metal,2019.0,Southern Gothic Rock
InStyleOf,7147,14720,0,Oceanus Folk,2029.0,Oceanus Folk
InStyleOf,7147,13516,0,Oceanus Folk,2029.0,Oceanus Folk
InStyleOf,7147,7224,0,Oceanus Folk,2029.0,Oceanus Folk
InStyleOf,7157,13046,0,Southern Gothic Rock,1997.0,Southern Gothic Rock
InStyleOf,7157,15715,0,Southern Gothic Rock,1997.0,Southern Gothic Rock
InStyleOf,7161,467,0,Synthwave,2025.0,Post-Apocalyptic Folk
InStyleOf,7165,6787,0,Synthwave,2003.0,Americana
InStyleOf,7170,445,0,Psychedelic Rock,2020.0,Psychedelic Rock
InStyleOf,7180,1841,0,Oceanus Folk,2023.0,Indie Folk
InStyleOf,7194,5704,0,Emo/Pop Punk,2002.0,Emo/Pop Punk
InStyleOf,7194,4749,0,Emo/Pop Punk,2002.0,Emo/Pop Punk
InStyleOf,7209,14987,0,Symphonic Metal,2029.0,Doom Metal
InStyleOf,7209,5425,0,Symphonic Metal,2029.0,Doom Metal
InStyleOf,7213,11583,0,Indie Folk,2029.0,Synthwave
InStyleOf,7222,12089,0,Alternative Rock,2010.0,Jazz Surf Rock
InStyleOf,7222,3508,0,Alternative Rock,2010.0,Synthwave
InStyleOf,7224,3501,0,Oceanus Folk,2022.0,Oceanus Folk
InStyleOf,7249,10431,0,Indie Pop,2023.0,Emo/Pop Punk
InStyleOf,7249,6252,0,Indie Pop,2023.0,Indie Pop
InStyleOf,7249,3217,0,Indie Pop,2023.0,Avant-Garde Folk
InStyleOf,7249,12382,0,Indie Pop,2023.0,Alternative Rock
InStyleOf,7261,11939,0,Alternative Rock,2030.0,Lo-Fi Electronica
InStyleOf,7261,16670,0,Alternative Rock,2030.0,Lo-Fi Electronica
InStyleOf,7271,11290,0,Alternative Rock,2024.0,Synthwave
InStyleOf,7271,14799,0,Alternative Rock,2024.0,Dream Pop
InStyleOf,7271,16275,0,Alternative Rock,2024.0,Lo-Fi Electronica
InStyleOf,7273,9754,0,Dream Pop,2004.0,Jazz Surf Rock
InStyleOf,7278,14291,0,Synthwave,2022.0,Americana
InStyleOf,7278,11141,0,Synthwave,2022.0,Psychedelic Rock
InStyleOf,7278,10361,0,Synthwave,2022.0,Post-Apocalyptic Folk
InStyleOf,7278,10608,0,Synthwave,2022.0,Space Rock
InStyleOf,7281,13324,0,Doom Metal,2017.0,Oceanus Folk
InStyleOf,7286,11967,0,Dream Pop,2010.0,Dream Pop
InStyleOf,7296,16084,0,Symphonic Metal,2017.0,Doom Metal
InStyleOf,7311,7194,0,Blues Rock,2010.0,Emo/Pop Punk
InStyleOf,7311,13557,0,Blues Rock,2010.0,Emo/Pop Punk
InStyleOf,7311,5704,0,Blues Rock,2010.0,Emo/Pop Punk
InStyleOf,7313,6367,0,Dream Pop,2023.0,Americana
InStyleOf,7336,12060,0,Synthwave,2020.0,Indie Rock
InStyleOf,7361,10232,0,Alternative Rock,2000.0,Indie Pop
InStyleOf,7371,12817,0,Synthwave,2017.0,Synthwave
InStyleOf,7374,12794,0,Dream Pop,2028.0,Dream Pop
InStyleOf,7381,15622,0,Americana,2030.0,Doom Metal
InStyleOf,7403,3501,0,Dream Pop,2027.0,Oceanus Folk
InStyleOf,7441,6941,0,Desert Rock,2030.0,Oceanus Folk
InStyleOf,7450,8888,0,Doom Metal,2013.0,Indie Rock
InStyleOf,7457,12150,0,Symphonic Metal,2023.0,Indie Folk
InStyleOf,7469,6160,0,Dream Pop,2007.0,Alternative Rock
InStyleOf,7474,15325,0,Desert Rock,2020.0,Indie Folk
InStyleOf,7482,5212,0,Avant-Garde Folk,2020.0,Southern Gothic Rock
InStyleOf,7492,1841,0,Desert Rock,2027.0,Indie Folk
InStyleOf,7511,8630,0,Synthwave,2017.0,Indie Folk
InStyleOf,7517,11230,0,Indie Rock,2023.0,Psychedelic Rock
InStyleOf,7520,13546,0,Dream Pop,2025.0,Doom Metal
InStyleOf,7520,438,0,Dream Pop,2025.0,Dream Pop
InStyleOf,7534,5295,0,Darkwave,2012.0,Doom Metal
InStyleOf,7551,2510,0,Indie Folk,2011.0,Dream Pop
InStyleOf,7571,5425,0,Indie Folk,2020.0,Doom Metal
InStyleOf,7574,15047,0,Speed Metal,1989.0,Southern Gothic Rock
InStyleOf,7575,467,0,Dream Pop,2030.0,Post-Apocalyptic Folk
InStyleOf,7581,3362,0,Americana,2025.0,Synthwave
InStyleOf,7581,10928,0,Americana,2025.0,Dream Pop
InStyleOf,7584,10035,0,Dream Pop,2027.0,Post-Apocalyptic Folk
InStyleOf,7600,15622,0,Doom Metal,2010.0,Doom Metal
InStyleOf,7604,9269,0,Dream Pop,2019.0,Psychedelic Rock
InStyleOf,7611,11333,0,Dream Pop,2029.0,Dream Pop
InStyleOf,7611,9899,0,Dream Pop,2029.0,Desert Rock
InStyleOf,7611,14291,0,Dream Pop,2029.0,Americana
InStyleOf,7611,10361,0,Dream Pop,2029.0,Post-Apocalyptic Folk
InStyleOf,7611,7897,0,Dream Pop,2029.0,Post-Apocalyptic Folk
InStyleOf,7611,467,0,Dream Pop,2029.0,Post-Apocalyptic Folk
InStyleOf,7611,16719,0,Dream Pop,2029.0,Psychedelic Rock
InStyleOf,7611,11737,0,Dream Pop,2029.0,Indie Folk
InStyleOf,7618,10002,0,Synthwave,2013.0,Jazz Surf Rock
InStyleOf,7630,10434,0,Speed Metal,2010.0,Speed Metal
InStyleOf,7658,16440,0,Alternative Rock,2031.0,Blues Rock
InStyleOf,7662,12475,0,Southern Gothic Rock,2013.0,Southern Gothic Rock
InStyleOf,7662,3349,0,Southern Gothic Rock,2013.0,Indie Pop
InStyleOf,7669,13654,0,Southern Gothic Rock,2017.0,Southern Gothic Rock
InStyleOf,7669,11368,0,Southern Gothic Rock,2017.0,Southern Gothic Rock
InStyleOf,7669,3349,0,Southern Gothic Rock,2017.0,Indie Pop
InStyleOf,7672,11432,0,Dream Pop,2025.0,Dream Pop
InStyleOf,7672,2440,0,Dream Pop,2025.0,Dream Pop
InStyleOf,7714,15198,0,Indie Folk,2020.0,Dream Pop
InStyleOf,7736,6551,0,Jazz Surf Rock,2021.0,Indie Folk
InStyleOf,7736,10608,0,Jazz Surf Rock,2021.0,Space Rock
InStyleOf,7736,4492,0,Jazz Surf Rock,2021.0,Space Rock
InStyleOf,7739,2595,0,Southern Gothic Rock,2023.0,Indie Pop
InStyleOf,7739,10090,0,Southern Gothic Rock,2023.0,Southern Gothic Rock
InStyleOf,7740,14038,0,Southern Gothic Rock,2023.0,Indie Pop
InStyleOf,7747,7502,0,Indie Folk,2003.0,Indie Folk
InStyleOf,7748,5887,0,Synthwave,2028.0,Doom Metal
InStyleOf,7752,1841,0,Space Rock,2023.0,Indie Folk
InStyleOf,7761,3616,0,Indie Folk,2023.0,Indie Folk
InStyleOf,7763,12678,0,Jazz Surf Rock,2027.0,Synthwave
InStyleOf,7763,467,0,Jazz Surf Rock,2027.0,Post-Apocalyptic Folk
InStyleOf,7782,6257,0,Alternative Rock,2028.0,Doom Metal
InStyleOf,7804,6177,0,Indie Folk,2020.0,Americana
InStyleOf,7826,10434,0,Speed Metal,2026.0,Speed Metal
InStyleOf,7828,3239,0,Alternative Rock,2023.0,Southern Gothic Rock
InStyleOf,7838,13724,0,Synthwave,2020.0,Synthwave
InStyleOf,7842,15745,0,Avant-Garde Folk,2029.0,Southern Gothic Rock
InStyleOf,7842,7325,0,Avant-Garde Folk,2029.0,Emo/Pop Punk
InStyleOf,7842,7707,0,Avant-Garde Folk,2029.0,Avant-Garde Folk
InStyleOf,7842,1018,0,Avant-Garde Folk,2029.0,Alternative Rock
InStyleOf,7842,10120,0,Avant-Garde Folk,2029.0,Avant-Garde Folk
InStyleOf,7860,4188,0,Indie Pop,2020.0,Indie Pop
InStyleOf,7866,14670,0,Alternative Rock,2023.0,Alternative Rock
InStyleOf,7873,3018,0,Dream Pop,2027.0,Dream Pop
InStyleOf,7876,3025,0,Oceanus Folk,2027.0,Oceanus Folk
InStyleOf,7876,13327,0,Oceanus Folk,2027.0,Oceanus Folk
InStyleOf,7893,6087,0,Symphonic Metal,2029.0,Doom Metal
InStyleOf,7920,11290,0,Oceanus Folk,2010.0,Synthwave
InStyleOf,7929,12397,0,Americana,2025.0,Dream Pop
InStyleOf,7936,5911,0,Indie Rock,2028.0,Indie Rock
InStyleOf,7939,8498,0,Dream Pop,2029.0,Space Rock
InStyleOf,7949,7691,0,Dream Pop,2029.0,Dream Pop
InStyleOf,7955,5181,0,Synthwave,2026.0,Dream Pop
InStyleOf,7958,14510,0,Southern Gothic Rock,2023.0,Southern Gothic Rock
InStyleOf,7963,933,0,Dream Pop,2000.0,Dream Pop
InStyleOf,7963,6368,0,Dream Pop,2000.0,Synthwave
InStyleOf,7969,5455,0,Indie Pop,2023.0,Southern Gothic Rock
InStyleOf,7969,14151,0,Indie Pop,2023.0,Southern Gothic Rock
InStyleOf,7971,445,0,Dream Pop,2017.0,Psychedelic Rock
InStyleOf,7982,3501,0,Oceanus Folk,2024.0,Oceanus Folk
InStyleOf,8045,5680,0,Dream Pop,2026.0,Americana
InStyleOf,8058,7987,0,Southern Gothic Rock,2025.0,Southern Gothic Rock
InStyleOf,8060,14622,0,Desert Rock,2023.0,Post-Apocalyptic Folk
InStyleOf,8065,8344,0,Dream Pop,2027.0,Dream Pop
InStyleOf,8077,5844,0,Southern Gothic Rock,2023.0,Southern Gothic Rock
InStyleOf,8079,12332,0,Oceanus Folk,2013.0,Oceanus Folk
InStyleOf,8115,6245,0,Emo/Pop Punk,1999.0,Emo/Pop Punk
InStyleOf,8115,2042,0,Emo/Pop Punk,1999.0,Blues Rock
InStyleOf,8115,13823,0,Emo/Pop Punk,1999.0,Blues Rock
InStyleOf,8122,11300,0,Dream Pop,2029.0,Dream Pop
InStyleOf,8148,2691,0,Oceanus Folk,2009.0,Oceanus Folk
InStyleOf,8163,15325,0,Desert Rock,2020.0,Indie Folk
InStyleOf,8168,5887,0,Oceanus Folk,2000.0,Doom Metal
InStyleOf,8179,2937,0,Dream Pop,2023.0,Dream Pop
InStyleOf,8182,8964,0,Dream Pop,2029.0,Doom Metal
InStyleOf,8201,9659,0,Symphonic Metal,2023.0,Synthwave
InStyleOf,8207,2927,0,Alternative Rock,2004.0,Southern Gothic Rock
InStyleOf,8207,550,0,Alternative Rock,2004.0,Southern Gothic Rock
InStyleOf,8214,8821,0,Alternative Rock,2024.0,Alternative Rock
InStyleOf,8215,2445,0,Doom Metal,2017.0,Doom Metal
InStyleOf,8215,402,0,Doom Metal,2017.0,Synthwave
InStyleOf,8215,13149,0,Doom Metal,2017.0,Synthwave
InStyleOf,8225,15343,0,Speed Metal,2020.0,Speed Metal
InStyleOf,8225,16724,0,Speed Metal,2020.0,Speed Metal
InStyleOf,8225,4583,0,Speed Metal,2020.0,Speed Metal
InStyleOf,8233,15994,0,Oceanus Folk,2010.0,Oceanus Folk
InStyleOf,8245,10281,0,Space Rock,2019.0,Synthwave
InStyleOf,8251,7116,0,Doom Metal,2017.0,Doom Metal
InStyleOf,8258,12081,0,Synthwave,2023.0,Doom Metal
InStyleOf,8263,11127,0,Psychedelic Rock,2022.0,Psychedelic Rock
InStyleOf,8283,13332,0,Indie Folk,2020.0,Darkwave
InStyleOf,8295,886,0,Alternative Rock,2029.0,Oceanus Folk
InStyleOf,8295,6994,0,Alternative Rock,2029.0,Oceanus Folk
InStyleOf,8307,14987,0,Jazz Surf Rock,2023.0,Doom Metal
InStyleOf,8311,16507,0,Alternative Rock,2013.0,Blues Rock
InStyleOf,8311,16034,0,Alternative Rock,2013.0,Southern Gothic Rock
InStyleOf,8314,2087,0,Dream Pop,2024.0,Dream Pop
InStyleOf,8323,9899,0,Synthwave,2024.0,Desert Rock
InStyleOf,8332,8593,0,Americana,2020.0,Doom Metal
InStyleOf,8339,7244,0,Indie Folk,2020.0,Synthwave
InStyleOf,8344,14984,0,Dream Pop,2022.0,Synthwave
InStyleOf,8348,7281,0,Synthwave,2023.0,Doom Metal
InStyleOf,8352,14816,0,Psychedelic Rock,2019.0,Synthwave
InStyleOf,8359,5540,0,Dream Pop,2029.0,Dream Pop
InStyleOf,8372,3123,0,Avant-Garde Folk,2007.0,Indie Pop
InStyleOf,8394,8372,0,Southern Gothic Rock,2012.0,Avant-Garde Folk
InStyleOf,8409,11453,0,Jazz Surf Rock,2029.0,Dream Pop
InStyleOf,8409,7271,0,Jazz Surf Rock,2029.0,Alternative Rock
InStyleOf,8409,9526,0,Jazz Surf Rock,2029.0,Synthwave
InStyleOf,8413,1495,0,Indie Rock,2025.0,Doom Metal
InStyleOf,8477,6006,0,Synthwave,2017.0,Doom Metal
InStyleOf,8504,16524,0,Space Rock,2028.0,Oceanus Folk
InStyleOf,8547,6006,0,Synthwave,2027.0,Doom Metal
InStyleOf,8551,8892,0,Desert Rock,2026.0,Desert Rock
InStyleOf,8553,10673,0,Indie Folk,2029.0,Doom Metal
InStyleOf,8557,6524,0,Oceanus Folk,2023.0,Oceanus Folk
InStyleOf,8587,6006,0,Synthwave,2013.0,Doom Metal
InStyleOf,8587,9077,0,Synthwave,2013.0,Doom Metal
InStyleOf,8597,6329,0,Indie Pop,2007.0,Blues Rock
InStyleOf,8599,5887,0,Post-Apocalyptic Folk,2013.0,Doom Metal
InStyleOf,8599,5295,0,Post-Apocalyptic Folk,2013.0,Doom Metal
InStyleOf,8602,15622,0,Dream Pop,2026.0,Doom Metal
InStyleOf,8604,10342,0,Synthwave,2026.0,Dream Pop
InStyleOf,8620,5826,0,Oceanus Folk,2023.0,Desert Rock
InStyleOf,8636,6762,0,Dream Pop,2023.0,Symphonic Metal
InStyleOf,8636,8006,0,Dream Pop,2023.0,Americana
InStyleOf,8636,15306,0,Dream Pop,2023.0,Psychedelic Rock
InStyleOf,8640,3362,0,Post-Apocalyptic Folk,2026.0,Synthwave
InStyleOf,8640,4981,0,Post-Apocalyptic Folk,2026.0,Space Rock
InStyleOf,8648,6245,0,Alternative Rock,2018.0,Emo/Pop Punk
InStyleOf,8650,112,0,Alternative Rock,2013.0,Lo-Fi Electronica
InStyleOf,8667,951,0,Psychedelic Rock,2025.0,Dream Pop
InStyleOf,8675,15622,0,Darkwave,2007.0,Doom Metal
InStyleOf,8678,7778,0,Doom Metal,2023.0,Indie Folk
InStyleOf,8678,1508,0,Doom Metal,2023.0,Doom Metal
InStyleOf,8680,2167,0,Lo-Fi Electronica,2017.0,Lo-Fi Electronica
InStyleOf,8680,5643,0,Lo-Fi Electronica,2017.0,Lo-Fi Electronica
InStyleOf,8680,11327,0,Lo-Fi Electronica,2017.0,Lo-Fi Electronica
InStyleOf,8698,12025,0,Lo-Fi Electronica,2016.0,Lo-Fi Electronica
InStyleOf,8708,5279,0,Emo/Pop Punk,2023.0,Indie Pop
InStyleOf,8714,1841,0,Oceanus Folk,2025.0,Indie Folk
InStyleOf,8717,13990,0,Doom Metal,2017.0,Post-Apocalyptic Folk
InStyleOf,8731,2615,0,Avant-Garde Folk,2020.0,Southern Gothic Rock
InStyleOf,8731,1853,0,Avant-Garde Folk,2020.0,Avant-Garde Folk
InStyleOf,8731,1700,0,Avant-Garde Folk,2020.0,Southern Gothic Rock
InStyleOf,8731,1101,0,Avant-Garde Folk,2020.0,Avant-Garde Folk
InStyleOf,8734,14994,0,Synthwave,2024.0,Indie Folk
InStyleOf,8739,3962,0,Speed Metal,2005.0,Speed Metal
InStyleOf,8754,15622,0,Indie Rock,2004.0,Doom Metal
InStyleOf,8758,13960,0,Dream Pop,1991.0,Alternative Rock
InStyleOf,8766,1841,0,Desert Rock,2020.0,Indie Folk
InStyleOf,8766,7773,0,Desert Rock,2020.0,Indie Rock
InStyleOf,8770,2467,0,Lo-Fi Electronica,2018.0,Lo-Fi Electronica
InStyleOf,8773,14768,0,Lo-Fi Electronica,2027.0,Lo-Fi Electronica
InStyleOf,8773,2467,0,Lo-Fi Electronica,2027.0,Lo-Fi Electronica
InStyleOf,8773,1265,0,Lo-Fi Electronica,2027.0,Lo-Fi Electronica
InStyleOf,8785,15622,0,Americana,2000.0,Doom Metal
InStyleOf,8795,13794,0,Doom Metal,2020.0,Indie Rock
InStyleOf,8801,12010,0,Alternative Rock,2020.0,Alternative Rock
InStyleOf,8815,13421,0,Dream Pop,1996.0,Dream Pop
InStyleOf,8820,12089,0,Jazz Surf Rock,2007.0,Jazz Surf Rock
InStyleOf,8820,9754,0,Jazz Surf Rock,2007.0,Jazz Surf Rock
InStyleOf,8821,9817,0,Alternative Rock,2008.0,Southern Gothic Rock
InStyleOf,8823,6293,0,Space Rock,2025.0,Dream Pop
InStyleOf,8837,9899,0,Darkwave,2028.0,Desert Rock
InStyleOf,8837,4348,0,Darkwave,2028.0,Oceanus Folk
InStyleOf,8852,13049,0,Desert Rock,2023.0,Psychedelic Rock
InStyleOf,8858,16524,0,Oceanus Folk,2026.0,Oceanus Folk
InStyleOf,8876,14994,0,Desert Rock,2029.0,Indie Folk
InStyleOf,8881,1841,0,Oceanus Folk,2020.0,Indie Folk
InStyleOf,8881,10596,0,Oceanus Folk,2020.0,Indie Folk
InStyleOf,8891,2595,0,Southern Gothic Rock,2009.0,Indie Pop
InStyleOf,8891,16495,0,Southern Gothic Rock,2009.0,Southern Gothic Rock
InStyleOf,8891,5110,0,Southern Gothic Rock,2009.0,Indie Pop
InStyleOf,8892,8624,0,Desert Rock,2025.0,Darkwave
InStyleOf,8899,2942,0,Southern Gothic Rock,2024.0,Southern Gothic Rock
InStyleOf,8900,15622,0,Synthwave,2013.0,Doom Metal
InStyleOf,8924,13681,0,Americana,2028.0,Indie Folk
InStyleOf,8927,16179,0,Indie Pop,2010.0,Southern Gothic Rock
InStyleOf,8930,9890,0,Emo/Pop Punk,2023.0,Blues Rock
InStyleOf,8930,11142,0,Emo/Pop Punk,2023.0,Indie Pop
InStyleOf,8937,5972,0,Dream Pop,2017.0,Dream Pop
InStyleOf,8942,14291,0,Americana,2023.0,Americana
InStyleOf,8949,15104,0,Alternative Rock,2024.0,Southern Gothic Rock
InStyleOf,8983,5410,0,Jazz Surf Rock,2029.0,Indie Folk
InStyleOf,8992,2428,0,Dream Pop,2003.0,Dream Pop
InStyleOf,8997,5110,0,Southern Gothic Rock,2009.0,Indie Pop
InStyleOf,9025,4541,0,Psychedelic Rock,2026.0,Psychedelic Rock
InStyleOf,9030,10281,0,Indie Rock,2026.0,Synthwave
InStyleOf,9043,9337,0,Indie Folk,2010.0,Indie Folk
InStyleOf,9043,12719,0,Indie Folk,2010.0,Dream Pop
InStyleOf,9051,11214,0,Indie Folk,2004.0,Doom Metal
InStyleOf,9059,5603,0,Indie Folk,2023.0,Doom Metal
InStyleOf,9061,10503,0,Southern Gothic Rock,2019.0,Southern Gothic Rock
InStyleOf,9068,2042,0,Blues Rock,1998.0,Blues Rock
InStyleOf,9085,8355,0,Doom Metal,2004.0,Synthwave
InStyleOf,9088,4781,0,Lo-Fi Electronica,2013.0,Lo-Fi Electronica
InStyleOf,9088,827,0,Lo-Fi Electronica,2013.0,Lo-Fi Electronica
InStyleOf,9088,10574,0,Lo-Fi Electronica,2013.0,Lo-Fi Electronica
InStyleOf,9089,3350,0,Indie Pop,2007.0,Southern Gothic Rock
InStyleOf,9090,12362,0,Oceanus Folk,2028.0,Oceanus Folk
InStyleOf,9090,1069,0,Oceanus Folk,2028.0,Synthwave
InStyleOf,9090,5826,0,Oceanus Folk,2028.0,Desert Rock
InStyleOf,9090,886,0,Oceanus Folk,2028.0,Oceanus Folk
InStyleOf,9090,1841,0,Oceanus Folk,2028.0,Indie Folk
InStyleOf,9104,11244,0,Indie Pop,2014.0,Alternative Rock
InStyleOf,9104,12793,0,Indie Pop,2014.0,Avant-Garde Folk
InStyleOf,9105,14965,0,Indie Rock,2028.0,Doom Metal
InStyleOf,9114,7325,0,Southern Gothic Rock,2010.0,Emo/Pop Punk
InStyleOf,9114,880,0,Southern Gothic Rock,2010.0,Emo/Pop Punk
InStyleOf,9116,14118,0,Doom Metal,2020.0,Indie Folk
InStyleOf,9122,10417,0,Lo-Fi Electronica,2017.0,Lo-Fi Electronica
InStyleOf,9122,11677,0,Lo-Fi Electronica,2017.0,Lo-Fi Electronica
InStyleOf,9122,8680,0,Lo-Fi Electronica,2017.0,Lo-Fi Electronica
InStyleOf,9122,4781,0,Lo-Fi Electronica,2017.0,Lo-Fi Electronica
InStyleOf,9150,3513,0,Alternative Rock,2024.0,Alternative Rock
InStyleOf,9165,8874,0,Synthwave,2028.0,Alternative Rock
InStyleOf,9165,10685,0,Synthwave,2028.0,Doom Metal
InStyleOf,9173,8888,0,Indie Rock,2026.0,Indie Rock
InStyleOf,9173,13926,0,Indie Rock,2026.0,Synthwave
InStyleOf,9200,5325,0,Indie Folk,2027.0,Doom Metal
InStyleOf,9200,14537,0,Indie Folk,2027.0,Symphonic Metal
InStyleOf,9204,13216,0,Desert Rock,2028.0,Desert Rock
InStyleOf,9204,15512,0,Desert Rock,2028.0,Dream Pop
InStyleOf,9230,11736,0,Dream Pop,2018.0,Symphonic Metal
InStyleOf,9237,8815,0,Jazz Surf Rock,2005.0,Dream Pop
InStyleOf,9237,1326,0,Jazz Surf Rock,2005.0,Jazz Surf Rock
InStyleOf,9237,13421,0,Jazz Surf Rock,2005.0,Dream Pop
InStyleOf,9239,11617,0,Alternative Rock,2030.0,Speed Metal
InStyleOf,9239,15343,0,Alternative Rock,2030.0,Speed Metal
InStyleOf,9239,14976,0,Alternative Rock,2030.0,Speed Metal
InStyleOf,9245,14118,0,Doom Metal,2023.0,Indie Folk
InStyleOf,9245,10673,0,Doom Metal,2023.0,Doom Metal
InStyleOf,9249,431,0,Indie Folk,2013.0,Americana
InStyleOf,9262,14965,0,Doom Metal,2017.0,Doom Metal
InStyleOf,9267,8816,0,Dream Pop,2022.0,Dream Pop
InStyleOf,9285,13903,0,Dream Pop,2017.0,Alternative Rock
InStyleOf,9294,8821,0,Alternative Rock,2009.0,Alternative Rock
InStyleOf,9295,15524,0,Jazz Surf Rock,2019.0,Jazz Surf Rock
InStyleOf,9301,7736,0,Symphonic Metal,2025.0,Jazz Surf Rock
InStyleOf,9301,7632,0,Symphonic Metal,2025.0,Dream Pop
InStyleOf,9308,13965,0,Dream Pop,2022.0,Oceanus Folk
InStyleOf,9308,9077,0,Dream Pop,2022.0,Doom Metal
InStyleOf,9326,8173,0,Indie Rock,1997.0,Dream Pop
InStyleOf,9371,6454,0,Avant-Garde Folk,2018.0,Indie Pop
InStyleOf,9371,3596,0,Avant-Garde Folk,2018.0,Avant-Garde Folk
InStyleOf,9414,15009,0,Doom Metal,2024.0,Indie Folk
InStyleOf,9420,6714,0,Americana,2030.0,Indie Folk
InStyleOf,9441,11431,0,Indie Rock,2030.0,Indie Folk
InStyleOf,9449,15885,0,Darkwave,1997.0,Dream Pop
InStyleOf,9458,13681,0,Post-Apocalyptic Folk,2027.0,Indie Folk
InStyleOf,9458,8776,0,Post-Apocalyptic Folk,2027.0,Indie Folk
InStyleOf,9479,10354,0,Dream Pop,2017.0,Dream Pop
InStyleOf,9479,12971,0,Dream Pop,2017.0,Dream Pop
InStyleOf,9483,6006,0,Doom Metal,2017.0,Doom Metal
InStyleOf,9503,6633,0,Southern Gothic Rock,2023.0,Lo-Fi Electronica
InStyleOf,9505,9681,0,Dream Pop,2025.0,Indie Folk
InStyleOf,9534,14768,0,Lo-Fi Electronica,2018.0,Lo-Fi Electronica
InStyleOf,9534,827,0,Lo-Fi Electronica,2018.0,Lo-Fi Electronica
InStyleOf,9545,9465,0,Dream Pop,2020.0,Synthwave
InStyleOf,9557,8495,0,Dream Pop,2020.0,Synthwave
InStyleOf,9568,966,0,Lo-Fi Electronica,2013.0,Lo-Fi Electronica
InStyleOf,9568,13891,0,Lo-Fi Electronica,2013.0,Lo-Fi Electronica
InStyleOf,9571,9096,0,Oceanus Folk,2023.0,Oceanus Folk
InStyleOf,9579,10091,0,Space Rock,2017.0,Indie Rock
InStyleOf,9579,15298,0,Space Rock,2017.0,Dream Pop
InStyleOf,9586,15456,0,Indie Pop,2013.0,Southern Gothic Rock
InStyleOf,9616,1113,0,Americana,2004.0,Americana
InStyleOf,9631,3210,0,Desert Rock,2029.0,Indie Folk
InStyleOf,9631,13563,0,Desert Rock,2029.0,Synthpop
InStyleOf,9644,4123,0,Symphonic Metal,2023.0,Indie Folk
InStyleOf,9644,6762,0,Symphonic Metal,2023.0,Symphonic Metal
InStyleOf,9649,4604,0,Synthwave,2020.0,Indie Folk
InStyleOf,9655,1841,0,Oceanus Folk,2029.0,Indie Folk
InStyleOf,9657,6901,0,Indie Folk,2013.0,Indie Folk
InStyleOf,9662,14987,0,Synthwave,2028.0,Doom Metal
InStyleOf,9683,9897,0,Jazz Surf Rock,2023.0,Dream Pop
InStyleOf,9693,1841,0,Indie Folk,2029.0,Indie Folk
InStyleOf,9705,14513,0,Indie Pop,2017.0,Blues Rock
InStyleOf,9735,6041,0,Space Rock,2028.0,Synthwave
InStyleOf,9739,1841,0,Oceanus Folk,2025.0,Indie Folk
InStyleOf,9749,11097,0,Synthwave,2021.0,Darkwave
InStyleOf,9749,6643,0,Synthwave,2021.0,Indie Folk
InStyleOf,9749,13632,0,Synthwave,2021.0,Darkwave
InStyleOf,9754,12089,0,Jazz Surf Rock,1998.0,Jazz Surf Rock
InStyleOf,9756,12397,0,Indie Folk,2013.0,Dream Pop
InStyleOf,9780,13324,0,Dream Pop,2029.0,Oceanus Folk
InStyleOf,9792,6183,0,Desert Rock,2021.0,Psychedelic Rock
InStyleOf,9795,8593,0,Indie Folk,2027.0,Doom Metal
InStyleOf,9807,5643,0,Lo-Fi Electronica,2017.0,Lo-Fi Electronica
InStyleOf,9807,12517,0,Lo-Fi Electronica,2017.0,Lo-Fi Electronica
InStyleOf,9807,10574,0,Lo-Fi Electronica,2017.0,Lo-Fi Electronica
InStyleOf,9807,15024,0,Lo-Fi Electronica,2017.0,Lo-Fi Electronica
InStyleOf,9834,4704,0,Indie Rock,2029.0,Jazz Surf Rock
InStyleOf,9834,10259,0,Indie Rock,2029.0,Jazz Surf Rock
InStyleOf,9840,16182,0,Blues Rock,2007.0,Southern Gothic Rock
InStyleOf,9844,11813,0,Alternative Rock,2014.0,Alternative Rock
InStyleOf,9848,11352,0,Indie Pop,2030.0,Indie Pop
InStyleOf,9848,8445,0,Indie Pop,2030.0,Southern Gothic Rock
InStyleOf,9861,11329,0,Desert Rock,2026.0,Space Rock
InStyleOf,9871,2658,0,Dream Pop,2012.0,Dream Pop
InStyleOf,9871,2510,0,Dream Pop,2012.0,Dream Pop
InStyleOf,9873,13341,0,Indie Folk,2020.0,Doom Metal
InStyleOf,9893,5777,0,Indie Folk,2027.0,Indie Folk
InStyleOf,9940,1907,0,Space Rock,2028.0,Synthwave
InStyleOf,9966,10673,0,Indie Folk,2020.0,Doom Metal
InStyleOf,9966,7116,0,Indie Folk,2020.0,Doom Metal
InStyleOf,9966,15009,0,Indie Folk,2020.0,Indie Folk
InStyleOf,9967,467,0,Jazz Surf Rock,2028.0,Post-Apocalyptic Folk
InStyleOf,9967,10941,0,Jazz Surf Rock,2028.0,Indie Rock
InStyleOf,9976,14980,0,Dream Pop,2023.0,Darkwave
InStyleOf,10002,14442,0,Jazz Surf Rock,2013.0,Jazz Surf Rock
InStyleOf,10008,6979,0,Americana,2027.0,Indie Folk
InStyleOf,10035,10499,0,Post-Apocalyptic Folk,2026.0,Synthwave
InStyleOf,10035,11097,0,Post-Apocalyptic Folk,2026.0,Darkwave
InStyleOf,10035,9500,0,Post-Apocalyptic Folk,2026.0,Dream Pop
InStyleOf,10043,6404,0,Emo/Pop Punk,2026.0,Emo/Pop Punk
InStyleOf,10071,6427,0,Dream Pop,2027.0,Synthwave
InStyleOf,10085,4609,0,Southern Gothic Rock,2021.0,Avant-Garde Folk
InStyleOf,10085,13357,0,Southern Gothic Rock,2021.0,Southern Gothic Rock
InStyleOf,10086,9237,0,Synthwave,2010.0,Jazz Surf Rock
InStyleOf,10090,10549,0,Southern Gothic Rock,1998.0,Indie Pop
InStyleOf,10090,16495,0,Southern Gothic Rock,1998.0,Southern Gothic Rock
InStyleOf,10094,12039,0,Dream Pop,1994.0,Alternative Rock
InStyleOf,10116,10608,0,Synthwave,2020.0,Space Rock
InStyleOf,10120,1853,0,Avant-Garde Folk,2020.0,Avant-Garde Folk
InStyleOf,10120,3512,0,Avant-Garde Folk,2020.0,Indie Pop
InStyleOf,10124,15622,0,Indie Folk,2010.0,Doom Metal
InStyleOf,10135,11866,0,Jazz Surf Rock,2023.0,Jazz Surf Rock
InStyleOf,10135,16612,0,Jazz Surf Rock,2023.0,Jazz Surf Rock
InStyleOf,10138,5887,0,Doom Metal,2026.0,Doom Metal
InStyleOf,10140,10825,0,Dream Pop,2026.0,Dream Pop
InStyleOf,10140,4680,0,Dream Pop,2026.0,Dream Pop
InStyleOf,10142,438,0,Doom Metal,2029.0,Dream Pop
InStyleOf,10142,7773,0,Doom Metal,2029.0,Indie Rock
InStyleOf,10142,10444,0,Doom Metal,2029.0,Indie Folk
InStyleOf,10153,4243,0,Psychedelic Rock,2027.0,Psychedelic Rock
InStyleOf,10155,13421,0,Dream Pop,2007.0,Dream Pop
InStyleOf,10155,6342,0,Dream Pop,2007.0,Dream Pop
InStyleOf,10155,2510,0,Dream Pop,2007.0,Dream Pop
InStyleOf,10156,11214,0,Indie Folk,2023.0,Doom Metal
InStyleOf,10158,6074,0,Southern Gothic Rock,2028.0,Southern Gothic Rock
InStyleOf,10160,8904,0,Indie Folk,2028.0,Doom Metal
InStyleOf,10160,7982,0,Indie Folk,2028.0,Oceanus Folk
InStyleOf,10173,757,0,Desert Rock,2026.0,Oceanus Folk
InStyleOf,10179,11290,0,Jazz Surf Rock,2029.0,Synthwave
InStyleOf,10185,3237,0,Dream Pop,2026.0,Psychedelic Rock
InStyleOf,10185,12794,0,Dream Pop,2026.0,Dream Pop
InStyleOf,10192,14768,0,Lo-Fi Electronica,2019.0,Lo-Fi Electronica
InStyleOf,10197,10673,0,Doom Metal,2029.0,Doom Metal
InStyleOf,10198,3692,0,Indie Folk,2020.0,Synthwave
InStyleOf,10201,2292,0,Indie Folk,2023.0,Indie Folk
InStyleOf,10206,11213,0,Indie Rock,2016.0,Indie Rock
InStyleOf,10215,16101,0,Dream Pop,2026.0,Indie Rock
InStyleOf,10226,8173,0,Indie Folk,1991.0,Dream Pop
InStyleOf,10229,8739,0,Speed Metal,2017.0,Speed Metal
InStyleOf,10247,15104,0,Southern Gothic Rock,2013.0,Southern Gothic Rock
InStyleOf,10247,4411,0,Southern Gothic Rock,2013.0,Southern Gothic Rock
InStyleOf,10259,14859,0,Jazz Surf Rock,2028.0,Desert Rock
InStyleOf,10270,10111,0,Post-Apocalyptic Folk,2026.0,Darkwave
InStyleOf,10270,14039,0,Post-Apocalyptic Folk,2026.0,Americana
InStyleOf,10275,9077,0,Doom Metal,2017.0,Doom Metal
InStyleOf,10279,10503,0,Southern Gothic Rock,2027.0,Southern Gothic Rock
InStyleOf,10290,6368,0,Synthwave,1997.0,Synthwave
InStyleOf,10294,6245,0,Emo/Pop Punk,2002.0,Emo/Pop Punk
InStyleOf,10294,4749,0,Emo/Pop Punk,2002.0,Emo/Pop Punk
InStyleOf,10313,3501,0,Dream Pop,2022.0,Oceanus Folk
InStyleOf,10313,13324,0,Dream Pop,2022.0,Oceanus Folk
InStyleOf,10342,10747,0,Dream Pop,2017.0,Dream Pop
InStyleOf,10350,5218,0,Blues Rock,2013.0,Blues Rock
InStyleOf,10350,7184,0,Blues Rock,2013.0,Indie Pop
InStyleOf,10354,12971,0,Dream Pop,2018.0,Dream Pop
InStyleOf,10366,6397,0,Emo/Pop Punk,2015.0,Emo/Pop Punk
InStyleOf,10367,15306,0,Synthwave,2013.0,Psychedelic Rock
InStyleOf,10368,8263,0,Post-Apocalyptic Folk,2028.0,Psychedelic Rock
InStyleOf,10385,12538,0,Space Rock,2028.0,Symphonic Metal
InStyleOf,10385,11824,0,Space Rock,2028.0,Dream Pop
InStyleOf,10402,9387,0,Alternative Rock,2010.0,Dream Pop
InStyleOf,10402,13208,0,Alternative Rock,2010.0,Dream Pop
InStyleOf,10404,15622,0,Indie Folk,2017.0,Doom Metal
InStyleOf,10417,4781,0,Lo-Fi Electronica,2010.0,Lo-Fi Electronica
InStyleOf,10417,14768,0,Lo-Fi Electronica,2010.0,Lo-Fi Electronica
InStyleOf,10426,1841,0,Oceanus Folk,2026.0,Indie Folk
InStyleOf,10426,3025,0,Oceanus Folk,2026.0,Oceanus Folk
InStyleOf,10431,8230,0,Emo/Pop Punk,2022.0,Emo/Pop Punk
InStyleOf,10431,6454,0,Emo/Pop Punk,2022.0,Indie Pop
InStyleOf,10431,6315,0,Emo/Pop Punk,2022.0,Emo/Pop Punk
InStyleOf,10431,6245,0,Emo/Pop Punk,2022.0,Emo/Pop Punk
InStyleOf,10448,13423,0,Jazz Surf Rock,2015.0,Indie Folk
InStyleOf,10453,12042,0,Southern Gothic Rock,2026.0,Southern Gothic Rock
InStyleOf,10453,4854,0,Southern Gothic Rock,2026.0,Southern Gothic Rock
InStyleOf,10453,13001,0,Southern Gothic Rock,2026.0,Southern Gothic Rock
InStyleOf,10468,5425,0,Indie Folk,2020.0,Doom Metal
InStyleOf,10478,9122,0,Lo-Fi Electronica,2032.0,Lo-Fi Electronica
InStyleOf,10478,827,0,Lo-Fi Electronica,2032.0,Lo-Fi Electronica
InStyleOf,10478,14512,0,Lo-Fi Electronica,2032.0,Lo-Fi Electronica
InStyleOf,10478,10417,0,Lo-Fi Electronica,2032.0,Lo-Fi Electronica
InStyleOf,10478,14710,0,Lo-Fi Electronica,2032.0,Lo-Fi Electronica
InStyleOf,10503,14038,0,Southern Gothic Rock,2013.0,Indie Pop
InStyleOf,10505,9116,0,Jazz Surf Rock,2027.0,Doom Metal
InStyleOf,10505,16432,0,Jazz Surf Rock,2027.0,Desert Rock
InStyleOf,10520,7304,0,Southern Gothic Rock,2012.0,Southern Gothic Rock
InStyleOf,10523,15093,0,Dream Pop,2022.0,Psychedelic Rock
InStyleOf,10535,16514,0,Indie Folk,2026.0,Americana
InStyleOf,10544,14864,0,Jazz Surf Rock,2027.0,Dream Pop
InStyleOf,10544,4541,0,Jazz Surf Rock,2027.0,Psychedelic Rock
InStyleOf,10557,8958,0,Jazz Surf Rock,2029.0,Alternative Rock
InStyleOf,10561,6901,0,Indie Folk,2017.0,Indie Folk
InStyleOf,10562,3100,0,Dream Pop,2026.0,Post-Apocalyptic Folk
InStyleOf,10582,9256,0,Symphonic Metal,2029.0,Symphonic Metal
InStyleOf,10601,6268,0,Desert Rock,2027.0,Indie Folk
InStyleOf,10620,7326,0,Alternative Rock,2028.0,Dream Pop
InStyleOf,10625,13302,0,Dream Pop,2030.0,Indie Rock
InStyleOf,10636,3891,0,Jazz Surf Rock,2027.0,Desert Rock
InStyleOf,10636,13538,0,Jazz Surf Rock,2027.0,Oceanus Folk
InStyleOf,10641,5680,0,Dream Pop,2027.0,Americana
InStyleOf,10648,12961,0,Dream Pop,1999.0,Dream Pop
InStyleOf,10651,6227,0,Speed Metal,2006.0,Speed Metal
InStyleOf,10668,11729,0,Synthwave,2028.0,Americana
InStyleOf,10676,12721,0,Alternative Rock,2026.0,Dream Pop
InStyleOf,10694,12865,0,Psychedelic Rock,2004.0,Psychedelic Rock
InStyleOf,10698,13379,0,Alternative Rock,2014.0,Alternative Rock
InStyleOf,10699,8888,0,Indie Folk,2017.0,Indie Rock
InStyleOf,10700,11678,0,Dream Pop,2029.0,Indie Folk
InStyleOf,10722,11910,0,Synthwave,2023.0,Synthwave
InStyleOf,10727,11365,0,Avant-Garde Folk,2030.0,Southern Gothic Rock
InStyleOf,10728,1779,0,Synthwave,2023.0,Indie Folk
InStyleOf,10728,16366,0,Synthwave,2023.0,Doom Metal
InStyleOf,10728,15360,0,Synthwave,2023.0,Synthwave
InStyleOf,10754,12634,0,Dream Pop,2023.0,Oceanus Folk
InStyleOf,10754,12389,0,Dream Pop,2023.0,Space Rock
InStyleOf,10759,13654,0,Avant-Garde Folk,2017.0,Southern Gothic Rock
InStyleOf,10759,1411,0,Avant-Garde Folk,2017.0,Southern Gothic Rock
InStyleOf,10759,13933,0,Avant-Garde Folk,2017.0,Southern Gothic Rock
InStyleOf,10759,7662,0,Avant-Garde Folk,2017.0,Southern Gothic Rock
InStyleOf,10761,7010,0,Symphonic Metal,2028.0,Indie Folk
InStyleOf,10765,3454,0,Southern Gothic Rock,2020.0,Avant-Garde Folk
InStyleOf,10767,10111,0,Dream Pop,2027.0,Darkwave
InStyleOf,10767,3362,0,Dream Pop,2027.0,Synthwave
InStyleOf,10767,11280,0,Dream Pop,2027.0,Darkwave
InStyleOf,10773,16210,0,Indie Folk,2017.0,Dream Pop
InStyleOf,10782,11945,0,Synthwave,2026.0,Doom Metal
InStyleOf,10791,6493,0,Speed Metal,2024.0,Speed Metal
InStyleOf,10793,13591,0,Synthwave,2013.0,Doom Metal
InStyleOf,10819,12237,0,Space Rock,2029.0,Indie Rock
InStyleOf,10825,4680,0,Dream Pop,2020.0,Dream Pop
InStyleOf,10826,736,0,Space Rock,2032.0,Doom Metal
InStyleOf,10840,4583,0,Speed Metal,2026.0,Speed Metal
InStyleOf,10848,12242,0,Indie Pop,2017.0,Indie Pop
InStyleOf,10855,10747,0,Dream Pop,2023.0,Dream Pop
InStyleOf,10875,1320,0,Dream Pop,2029.0,Synthwave
InStyleOf,10883,14691,0,Dream Pop,2026.0,Dream Pop
InStyleOf,10903,16400,0,Dream Pop,2028.0,Oceanus Folk
InStyleOf,10928,8867,0,Dream Pop,2022.0,Symphonic Metal
InStyleOf,10928,8888,0,Dream Pop,2022.0,Indie Rock
InStyleOf,10928,10673,0,Dream Pop,2022.0,Doom Metal
InStyleOf,10928,16048,0,Dream Pop,2022.0,Dream Pop
InStyleOf,10928,9996,0,Dream Pop,2022.0,Jazz Surf Rock
InStyleOf,10937,8230,0,Indie Pop,2009.0,Emo/Pop Punk
InStyleOf,10937,6315,0,Indie Pop,2009.0,Emo/Pop Punk
InStyleOf,10944,445,0,Dream Pop,2026.0,Psychedelic Rock
InStyleOf,10944,11525,0,Dream Pop,2026.0,Psychedelic Rock
InStyleOf,10944,11730,0,Dream Pop,2026.0,Indie Folk
InStyleOf,10944,4604,0,Dream Pop,2026.0,Indie Folk
InStyleOf,10977,11541,0,Indie Folk,2023.0,Indie Rock
InStyleOf,10986,8593,0,Dream Pop,2023.0,Doom Metal
InStyleOf,10990,14514,0,Dream Pop,2029.0,Indie Folk
InStyleOf,10996,5787,0,Alternative Rock,2004.0,Synthwave
InStyleOf,10996,6368,0,Alternative Rock,2004.0,Synthwave
InStyleOf,11001,5436,0,Dream Pop,2017.0,Dream Pop
InStyleOf,11010,15605,0,Doom Metal,2017.0,Doom Metal
InStyleOf,11010,5687,0,Doom Metal,2017.0,Indie Folk
InStyleOf,11029,8888,0,Synthwave,2029.0,Indie Rock
InStyleOf,11061,13179,0,Indie Rock,2020.0,Dream Pop
InStyleOf,11074,15959,0,Blues Rock,2017.0,Blues Rock
InStyleOf,11078,6061,0,Southern Gothic Rock,2010.0,Southern Gothic Rock
InStyleOf,11078,3350,0,Southern Gothic Rock,2010.0,Southern Gothic Rock
InStyleOf,11080,14800,0,Synthpop,2023.0,Dream Pop
InStyleOf,11091,12058,0,Darkwave,1993.0,Darkwave
InStyleOf,11093,15928,0,Dream Pop,2012.0,Alternative Rock
InStyleOf,11104,10464,0,Indie Folk,2027.0,Synthwave
InStyleOf,11109,4618,0,Emo/Pop Punk,2012.0,Southern Gothic Rock
InStyleOf,11109,10090,0,Emo/Pop Punk,2012.0,Southern Gothic Rock
InStyleOf,11109,8891,0,Emo/Pop Punk,2012.0,Southern Gothic Rock
InStyleOf,11116,6006,0,Indie Folk,2010.0,Doom Metal
InStyleOf,11159,15894,0,Emo/Pop Punk,2023.0,Indie Pop
InStyleOf,11161,5887,0,Indie Folk,2000.0,Doom Metal
InStyleOf,11187,4604,0,Doom Metal,2020.0,Indie Folk
InStyleOf,11200,7691,0,Dream Pop,2029.0,Dream Pop
InStyleOf,11200,11097,0,Dream Pop,2029.0,Darkwave
InStyleOf,11206,10815,0,Indie Rock,2026.0,Indie Rock
InStyleOf,11225,12043,0,Synthwave,2024.0,Dream Pop
InStyleOf,11240,10515,0,Emo/Pop Punk,2004.0,Indie Pop
InStyleOf,11244,4357,0,Alternative Rock,2007.0,Avant-Garde Folk
InStyleOf,11249,9808,0,Indie Rock,2026.0,Indie Rock
InStyleOf,11259,15089,0,Post-Apocalyptic Folk,2021.0,Synthwave
InStyleOf,11262,10673,0,Doom Metal,2022.0,Doom Metal
InStyleOf,11262,7886,0,Doom Metal,2022.0,Indie Rock
InStyleOf,11280,16367,0,Darkwave,2023.0,Darkwave
InStyleOf,11292,3286,0,Alternative Rock,2011.0,Alternative Rock
InStyleOf,11294,12273,0,Blues Rock,2027.0,Blues Rock
InStyleOf,11299,12793,0,Avant-Garde Folk,2009.0,Avant-Garde Folk
InStyleOf,11300,1841,0,Dream Pop,2020.0,Indie Folk
InStyleOf,11319,4006,0,Indie Rock,2017.0,Indie Rock
InStyleOf,11322,15622,0,Alternative Rock,2027.0,Doom Metal
InStyleOf,11322,13107,0,Alternative Rock,2027.0,Americana
InStyleOf,11322,15198,0,Alternative Rock,2027.0,Dream Pop
InStyleOf,11327,6315,0,Lo-Fi Electronica,1998.0,Emo/Pop Punk
InStyleOf,11329,3025,0,Space Rock,2025.0,Oceanus Folk
InStyleOf,11331,11522,0,Dream Pop,2025.0,Psychedelic Rock
InStyleOf,11331,9995,0,Dream Pop,2025.0,Dream Pop
InStyleOf,11331,11569,0,Dream Pop,2025.0,Indie Rock
InStyleOf,11331,6229,0,Dream Pop,2025.0,Synthwave
InStyleOf,11351,8173,0,Indie Folk,1997.0,Dream Pop
InStyleOf,11357,7100,0,Alternative Rock,2026.0,Alternative Rock
InStyleOf,11359,11813,0,Alternative Rock,2014.0,Alternative Rock
InStyleOf,11363,6946,0,Blues Rock,2010.0,Blues Rock
InStyleOf,11363,7157,0,Blues Rock,2010.0,Southern Gothic Rock
InStyleOf,11365,12382,0,Southern Gothic Rock,2016.0,Alternative Rock
InStyleOf,11368,9772,0,Southern Gothic Rock,2004.0,Indie Pop
InStyleOf,11371,15735,0,Space Rock,2027.0,Dream Pop
InStyleOf,11381,3663,0,Americana,2020.0,Americana
InStyleOf,11385,445,0,Dream Pop,2024.0,Psychedelic Rock
InStyleOf,11393,1723,0,Americana,2025.0,Dream Pop
InStyleOf,11395,10499,0,Darkwave,2029.0,Synthwave
InStyleOf,11404,7005,0,Emo/Pop Punk,2000.0,Emo/Pop Punk
InStyleOf,11420,15198,0,Synthwave,2030.0,Dream Pop
InStyleOf,11423,10694,0,Psychedelic Rock,2023.0,Psychedelic Rock
InStyleOf,11429,438,0,Dream Pop,2027.0,Dream Pop
InStyleOf,11439,9827,0,Southern Gothic Rock,2025.0,Southern Gothic Rock
InStyleOf,11442,10111,0,Dream Pop,2026.0,Darkwave
InStyleOf,11442,7278,0,Dream Pop,2026.0,Synthwave
InStyleOf,11449,14671,0,Emo/Pop Punk,2010.0,Emo/Pop Punk
InStyleOf,11449,5704,0,Emo/Pop Punk,2010.0,Emo/Pop Punk
InStyleOf,11453,632,0,Dream Pop,2023.0,Alternative Rock
InStyleOf,11459,14322,0,Post-Apocalyptic Folk,2026.0,Post-Apocalyptic Folk
InStyleOf,11459,15622,0,Post-Apocalyptic Folk,2026.0,Doom Metal
InStyleOf,11467,827,0,Lo-Fi Electronica,2013.0,Lo-Fi Electronica
InStyleOf,11467,14768,0,Lo-Fi Electronica,2013.0,Lo-Fi Electronica
InStyleOf,11467,4781,0,Lo-Fi Electronica,2013.0,Lo-Fi Electronica
InStyleOf,11477,9122,0,Lo-Fi Electronica,2021.0,Lo-Fi Electronica
InStyleOf,11477,15024,0,Lo-Fi Electronica,2021.0,Lo-Fi Electronica
InStyleOf,11479,10281,0,Dream Pop,2023.0,Synthwave
InStyleOf,11499,12148,0,Dream Pop,2029.0,Dream Pop
InStyleOf,11509,14322,0,Post-Apocalyptic Folk,2029.0,Post-Apocalyptic Folk
InStyleOf,11520,1955,0,Emo/Pop Punk,2007.0,Emo/Pop Punk
InStyleOf,11526,7077,0,Psychedelic Rock,2019.0,Psychedelic Rock
InStyleOf,11532,9294,0,Alternative Rock,2013.0,Alternative Rock
InStyleOf,11533,9884,0,Doom Metal,2020.0,Psychedelic Rock
InStyleOf,11533,12756,0,Doom Metal,2020.0,Indie Folk
InStyleOf,11550,2709,0,Dream Pop,2020.0,Dream Pop
InStyleOf,11583,10928,0,Synthwave,2030.0,Dream Pop
InStyleOf,11583,5307,0,Synthwave,2030.0,Doom Metal
InStyleOf,11586,1949,0,Indie Folk,2020.0,Symphonic Metal
InStyleOf,11590,6051,0,Dream Pop,2026.0,Desert Rock
InStyleOf,11590,14707,0,Dream Pop,2026.0,Symphonic Metal
InStyleOf,11590,6006,0,Dream Pop,2026.0,Doom Metal
InStyleOf,11602,8630,0,Dream Pop,2021.0,Indie Folk
InStyleOf,11629,4992,0,Indie Pop,2012.0,Indie Pop
InStyleOf,11655,9702,0,Oceanus Folk,2026.0,Synthwave
InStyleOf,11655,16457,0,Oceanus Folk,2026.0,Oceanus Folk
InStyleOf,11659,8516,0,Dream Pop,2024.0,Psychedelic Rock
InStyleOf,11678,298,0,Indie Folk,2023.0,Indie Folk
InStyleOf,11678,16491,0,Indie Folk,2023.0,Indie Folk
InStyleOf,11680,14094,0,Speed Metal,2003.0,Speed Metal
InStyleOf,11680,5546,0,Speed Metal,2003.0,Speed Metal
InStyleOf,11680,3163,0,Speed Metal,2003.0,Speed Metal
InStyleOf,11749,1841,0,Space Rock,2024.0,Indie Folk
InStyleOf,11788,14086,0,Indie Folk,2022.0,Doom Metal
InStyleOf,11813,7454,0,Alternative Rock,2006.0,Alternative Rock
InStyleOf,11826,11047,0,Speed Metal,2025.0,Speed Metal
InStyleOf,11826,12692,0,Speed Metal,2025.0,Speed Metal
InStyleOf,11839,9337,0,Indie Folk,2010.0,Indie Folk
InStyleOf,11847,10342,0,Dream Pop,2023.0,Dream Pop
InStyleOf,11847,10281,0,Dream Pop,2023.0,Synthwave
InStyleOf,11878,11142,0,Alternative Rock,2023.0,Indie Pop
InStyleOf,11885,1113,0,Americana,2004.0,Americana
InStyleOf,11893,8332,0,Indie Rock,2023.0,Americana
InStyleOf,11923,438,0,Indie Folk,2023.0,Dream Pop
InStyleOf,11936,11520,0,Emo/Pop Punk,2029.0,Emo/Pop Punk
InStyleOf,11936,5051,0,Emo/Pop Punk,2029.0,Emo/Pop Punk
InStyleOf,11947,200,0,Americana,2026.0,Indie Folk
InStyleOf,11957,15984,0,Dream Pop,2030.0,Doom Metal
InStyleOf,11966,8060,0,Synthwave,2023.0,Desert Rock
InStyleOf,11985,2608,0,Indie Folk,2020.0,Doom Metal
InStyleOf,11985,10726,0,Indie Folk,2020.0,Indie Folk
InStyleOf,11989,5264,0,Indie Folk,2007.0,Doom Metal
InStyleOf,11997,5887,0,Doom Metal,2023.0,Doom Metal
InStyleOf,12001,11672,0,Post-Apocalyptic Folk,2026.0,Post-Apocalyptic Folk
InStyleOf,12001,4046,0,Post-Apocalyptic Folk,2026.0,Jazz Surf Rock
InStyleOf,12001,1779,0,Post-Apocalyptic Folk,2026.0,Indie Folk
InStyleOf,12013,10045,0,Alternative Rock,2026.0,Alternative Rock
InStyleOf,12025,4781,0,Lo-Fi Electronica,2013.0,Lo-Fi Electronica
InStyleOf,12027,5396,0,Dream Pop,2026.0,Psychedelic Rock
InStyleOf,12034,2433,0,Indie Folk,2029.0,Dream Pop
InStyleOf,12034,15503,0,Indie Folk,2029.0,Indie Folk
InStyleOf,12036,14969,0,Space Rock,2027.0,Dream Pop
InStyleOf,12039,14670,0,Alternative Rock,1991.0,Alternative Rock
InStyleOf,12041,6868,0,Southern Gothic Rock,2004.0,Indie Pop
InStyleOf,12041,6745,0,Southern Gothic Rock,2004.0,Indie Pop
InStyleOf,12042,4609,0,Southern Gothic Rock,2014.0,Avant-Garde Folk
InStyleOf,12043,10747,0,Dream Pop,2023.0,Dream Pop
InStyleOf,12049,3966,0,Synthwave,2020.0,Synthwave
InStyleOf,12061,13140,0,Dream Pop,2029.0,Dream Pop
InStyleOf,12066,1088,0,Synthpop,1997.0,Synthpop
InStyleOf,12073,9077,0,Doom Metal,2020.0,Doom Metal
InStyleOf,12099,9122,0,Lo-Fi Electronica,2022.0,Lo-Fi Electronica
InStyleOf,12105,10090,0,Southern Gothic Rock,2017.0,Southern Gothic Rock
InStyleOf,12120,12794,0,Dream Pop,2024.0,Dream Pop
InStyleOf,12126,11652,0,Indie Folk,2004.0,Synthwave
InStyleOf,12131,11339,0,Psychedelic Rock,2023.0,Indie Rock
InStyleOf,12138,11749,0,Oceanus Folk,2030.0,Space Rock
InStyleOf,12138,8858,0,Oceanus Folk,2030.0,Oceanus Folk
InStyleOf,12138,11329,0,Oceanus Folk,2030.0,Space Rock
InStyleOf,12142,15998,0,Jazz Surf Rock,2028.0,Alternative Rock
InStyleOf,12161,6454,0,Indie Pop,2021.0,Indie Pop
InStyleOf,12164,7080,0,Dream Pop,2030.0,Indie Folk
InStyleOf,12173,14143,0,Darkwave,2023.0,Darkwave
InStyleOf,12200,15633,0,Alternative Rock,2023.0,Alternative Rock
InStyleOf,12204,12043,0,Symphonic Metal,2024.0,Dream Pop
InStyleOf,12204,10747,0,Symphonic Metal,2024.0,Dream Pop
InStyleOf,12204,10281,0,Symphonic Metal,2024.0,Synthwave
InStyleOf,12213,1841,0,Synthwave,2023.0,Indie Folk
InStyleOf,12218,7863,0,Synthwave,2028.0,Synthwave
InStyleOf,12230,15622,0,Doom Metal,2017.0,Doom Metal
InStyleOf,12250,5004,0,Americana,2025.0,Synthwave
InStyleOf,12250,14024,0,Americana,2025.0,Americana
InStyleOf,12250,5680,0,Americana,2025.0,Americana
InStyleOf,12250,9308,0,Americana,2025.0,Dream Pop
InStyleOf,12276,4046,0,Post-Apocalyptic Folk,2027.0,Jazz Surf Rock
InStyleOf,12276,14987,0,Post-Apocalyptic Folk,2027.0,Doom Metal
InStyleOf,12282,7116,0,Americana,2027.0,Doom Metal
InStyleOf,12282,5777,0,Americana,2027.0,Indie Folk
InStyleOf,12282,15752,0,Americana,2027.0,Indie Folk
InStyleOf,12294,16445,0,Alternative Rock,2019.0,Dream Pop
InStyleOf,12313,445,0,Dream Pop,2025.0,Psychedelic Rock
InStyleOf,12322,13256,0,Dream Pop,2029.0,Psychedelic Rock
InStyleOf,12344,1853,0,Alternative Rock,2021.0,Avant-Garde Folk
InStyleOf,12345,9382,0,Blues Rock,1993.0,Southern Gothic Rock
InStyleOf,12346,15702,0,Speed Metal,2009.0,Speed Metal
InStyleOf,12346,6227,0,Speed Metal,2009.0,Speed Metal
InStyleOf,12346,8050,0,Speed Metal,2009.0,Speed Metal
InStyleOf,12347,7908,0,Darkwave,2026.0,Indie Rock
InStyleOf,12350,3350,0,Southern Gothic Rock,2023.0,Southern Gothic Rock
InStyleOf,12358,6762,0,Symphonic Metal,2029.0,Symphonic Metal
InStyleOf,12362,12332,0,Oceanus Folk,2024.0,Oceanus Folk
InStyleOf,12362,1841,0,Oceanus Folk,2024.0,Indie Folk
InStyleOf,12365,14392,0,Americana,2013.0,Americana
InStyleOf,12365,2002,0,Americana,2013.0,Doom Metal
InStyleOf,12373,9123,0,Lo-Fi Electronica,2005.0,Southern Gothic Rock
InStyleOf,12375,2615,0,Southern Gothic Rock,2007.0,Southern Gothic Rock
InStyleOf,12375,1101,0,Southern Gothic Rock,2007.0,Avant-Garde Folk
InStyleOf,12376,5432,0,Synthwave,2019.0,Synthwave
InStyleOf,12386,438,0,Indie Folk,2029.0,Dream Pop
InStyleOf,12386,7080,0,Indie Folk,2029.0,Indie Folk
InStyleOf,12386,7511,0,Indie Folk,2029.0,Synthwave
InStyleOf,12386,892,0,Indie Folk,2029.0,Desert Rock
InStyleOf,12393,13873,0,Dream Pop,2026.0,Synthwave
InStyleOf,12396,5110,0,Lo-Fi Electronica,2007.0,Indie Pop
InStyleOf,12401,10010,0,Americana,2027.0,Synthwave
InStyleOf,12401,10928,0,Americana,2027.0,Dream Pop
InStyleOf,12401,6051,0,Americana,2027.0,Desert Rock
InStyleOf,12410,9657,0,Doom Metal,2029.0,Indie Folk
InStyleOf,12429,11175,0,Jazz Surf Rock,2028.0,Post-Apocalyptic Folk
InStyleOf,12429,14322,0,Jazz Surf Rock,2028.0,Post-Apocalyptic Folk
InStyleOf,12451,2385,0,Dream Pop,2024.0,Dream Pop
InStyleOf,12475,9772,0,Southern Gothic Rock,1997.0,Indie Pop
InStyleOf,12478,10855,0,Dream Pop,2028.0,Dream Pop
InStyleOf,12489,14768,0,Lo-Fi Electronica,2023.0,Lo-Fi Electronica
InStyleOf,12489,827,0,Lo-Fi Electronica,2023.0,Lo-Fi Electronica
InStyleOf,12489,10192,0,Lo-Fi Electronica,2023.0,Lo-Fi Electronica
InStyleOf,12490,1841,0,Oceanus Folk,2029.0,Indie Folk
InStyleOf,12490,9073,0,Oceanus Folk,2029.0,Desert Rock
InStyleOf,12490,3909,0,Oceanus Folk,2029.0,Oceanus Folk
InStyleOf,12494,11179,0,Indie Pop,2022.0,Southern Gothic Rock
InStyleOf,12497,11400,0,Dream Pop,2004.0,Dream Pop
InStyleOf,12505,454,0,Dream Pop,2010.0,Synthwave
InStyleOf,12505,15402,0,Dream Pop,2010.0,Indie Folk
InStyleOf,12512,11839,0,Indie Rock,2029.0,Indie Folk
InStyleOf,12524,3025,0,Oceanus Folk,2030.0,Oceanus Folk
InStyleOf,12534,11115,0,Alternative Rock,2025.0,Avant-Garde Folk
InStyleOf,12535,9749,0,Darkwave,2027.0,Synthwave
InStyleOf,12535,12347,0,Darkwave,2027.0,Darkwave
InStyleOf,12535,12899,0,Darkwave,2027.0,Darkwave
InStyleOf,12535,11097,0,Darkwave,2027.0,Darkwave
InStyleOf,12543,13681,0,Indie Folk,2017.0,Indie Folk
InStyleOf,12558,7278,0,Dream Pop,2026.0,Synthwave
InStyleOf,12577,14566,0,Lo-Fi Electronica,2020.0,Lo-Fi Electronica
InStyleOf,12577,827,0,Lo-Fi Electronica,2020.0,Lo-Fi Electronica
InStyleOf,12582,6848,0,Synthwave,2020.0,Synthwave
InStyleOf,12594,12039,0,Dream Pop,2003.0,Alternative Rock
InStyleOf,12608,7116,0,Synthwave,2020.0,Doom Metal
InStyleOf,12616,14610,0,Blues Rock,2007.0,Southern Gothic Rock
InStyleOf,12616,3407,0,Blues Rock,2007.0,Southern Gothic Rock
InStyleOf,12622,2633,0,Darkwave,2027.0,Space Rock
InStyleOf,12622,7425,0,Darkwave,2027.0,Dream Pop
InStyleOf,12623,12081,0,Dream Pop,2028.0,Doom Metal
InStyleOf,12625,14762,0,Oceanus Folk,2027.0,Oceanus Folk
InStyleOf,12629,14884,0,Dream Pop,2026.0,Indie Rock
InStyleOf,12691,16524,0,Oceanus Folk,2017.0,Oceanus Folk
InStyleOf,12692,7630,0,Speed Metal,2016.0,Speed Metal
InStyleOf,12703,16153,0,Psychedelic Rock,2020.0,Indie Folk
InStyleOf,12710,5663,0,Dream Pop,2009.0,Indie Folk
InStyleOf,12718,13563,0,Space Rock,2027.0,Synthpop
InStyleOf,12718,1841,0,Space Rock,2027.0,Indie Folk
InStyleOf,12723,7278,0,Dream Pop,2020.0,Synthwave
InStyleOf,12729,1841,0,Doom Metal,2026.0,Indie Folk
InStyleOf,12729,10673,0,Doom Metal,2026.0,Doom Metal
InStyleOf,12729,7116,0,Doom Metal,2026.0,Doom Metal
InStyleOf,12742,15885,0,Darkwave,1997.0,Dream Pop
InStyleOf,12744,3956,0,Synthwave,2030.0,Oceanus Folk
InStyleOf,12750,9088,0,Lo-Fi Electronica,2019.0,Lo-Fi Electronica
InStyleOf,12750,5643,0,Lo-Fi Electronica,2019.0,Lo-Fi Electronica
InStyleOf,12751,13615,0,Dream Pop,2027.0,Post-Apocalyptic Folk
InStyleOf,12751,10358,0,Dream Pop,2027.0,Doom Metal
InStyleOf,12781,6461,0,Indie Folk,2000.0,Synthwave
InStyleOf,12812,13374,0,Indie Folk,2015.0,Doom Metal
InStyleOf,12822,9772,0,Southern Gothic Rock,1999.0,Indie Pop
InStyleOf,12823,9200,0,Doom Metal,2027.0,Indie Folk
InStyleOf,12837,9416,0,Indie Folk,2027.0,Indie Folk
InStyleOf,12858,7116,0,Doom Metal,2023.0,Doom Metal
InStyleOf,12858,14118,0,Doom Metal,2023.0,Indie Folk
InStyleOf,12866,9089,0,Indie Pop,2007.0,Indie Pop
InStyleOf,12877,10950,0,Space Rock,2025.0,Synthwave
InStyleOf,12882,12332,0,Oceanus Folk,2026.0,Oceanus Folk
InStyleOf,12882,2662,0,Oceanus Folk,2026.0,Oceanus Folk
InStyleOf,12892,8366,0,Indie Folk,2020.0,Dream Pop
InStyleOf,12892,6006,0,Indie Folk,2020.0,Doom Metal
InStyleOf,12903,11603,0,Jazz Surf Rock,2029.0,Jazz Surf Rock
InStyleOf,12920,1757,0,Avant-Garde Folk,2025.0,Avant-Garde Folk
InStyleOf,12923,16389,0,Southern Gothic Rock,2002.0,Southern Gothic Rock
InStyleOf,12933,5455,0,Southern Gothic Rock,2013.0,Southern Gothic Rock
InStyleOf,12947,12273,0,Blues Rock,2010.0,Blues Rock
InStyleOf,12955,3217,0,Indie Pop,2020.0,Avant-Garde Folk
InStyleOf,12956,14335,0,Synthpop,2015.0,Synthpop
InStyleOf,12963,14969,0,Post-Apocalyptic Folk,2028.0,Dream Pop
InStyleOf,12963,2709,0,Post-Apocalyptic Folk,2028.0,Dream Pop
InStyleOf,12973,14659,0,Lo-Fi Electronica,2023.0,Lo-Fi Electronica
InStyleOf,12976,11875,0,Doom Metal,2015.0,Dream Pop
InStyleOf,12979,5110,0,Southern Gothic Rock,1996.0,Indie Pop
InStyleOf,12991,13364,0,Doom Metal,2026.0,Indie Rock
InStyleOf,12991,14141,0,Doom Metal,2026.0,Doom Metal
InStyleOf,13001,5110,0,Southern Gothic Rock,2009.0,Indie Pop
InStyleOf,13001,13874,0,Southern Gothic Rock,2009.0,Southern Gothic Rock
InStyleOf,13001,14678,0,Southern Gothic Rock,2009.0,Southern Gothic Rock
InStyleOf,13008,6154,0,Indie Folk,2022.0,Desert Rock
InStyleOf,13027,8263,0,Oceanus Folk,2026.0,Psychedelic Rock
InStyleOf,13031,1431,0,Darkwave,2028.0,Darkwave
InStyleOf,13031,3362,0,Darkwave,2028.0,Synthwave
InStyleOf,13042,11127,0,Psychedelic Rock,2027.0,Psychedelic Rock
InStyleOf,13068,10342,0,Synthwave,2023.0,Dream Pop
InStyleOf,13069,16607,0,Synthwave,2023.0,Synthwave
InStyleOf,13073,9884,0,Space Rock,2025.0,Psychedelic Rock
InStyleOf,13076,5854,0,Indie Folk,2026.0,Indie Folk
InStyleOf,13088,14965,0,Symphonic Metal,2026.0,Doom Metal
InStyleOf,13112,7488,0,Synthwave,2027.0,Doom Metal
InStyleOf,13123,15206,0,Americana,2015.0,Doom Metal
InStyleOf,13142,11495,0,Americana,2029.0,Americana
InStyleOf,13155,14351,0,Alternative Rock,2025.0,Alternative Rock
InStyleOf,13158,7897,0,Dream Pop,2028.0,Post-Apocalyptic Folk
InStyleOf,13171,11526,0,Synthwave,2026.0,Psychedelic Rock
InStyleOf,13196,15104,0,Southern Gothic Rock,2024.0,Southern Gothic Rock
InStyleOf,13206,827,0,Lo-Fi Electronica,2028.0,Lo-Fi Electronica
InStyleOf,13208,13421,0,Dream Pop,2007.0,Dream Pop
InStyleOf,13216,4770,0,Desert Rock,2025.0,Synthwave
InStyleOf,13222,4555,0,Indie Folk,2020.0,Indie Rock
InStyleOf,13232,6417,0,Oceanus Folk,2027.0,Oceanus Folk
InStyleOf,13236,9382,0,Blues Rock,1987.0,Southern Gothic Rock
InStyleOf,13243,15261,0,Psychedelic Rock,2025.0,Psychedelic Rock
InStyleOf,13254,10859,0,Indie Rock,2025.0,Doom Metal
InStyleOf,13255,4059,0,Indie Folk,2017.0,Doom Metal
InStyleOf,13257,10855,0,Post-Apocalyptic Folk,2029.0,Dream Pop
InStyleOf,13260,298,0,Indie Folk,2027.0,Indie Folk
InStyleOf,13260,6428,0,Indie Folk,2027.0,Oceanus Folk
InStyleOf,13276,11945,0,Synthwave,2023.0,Doom Metal
InStyleOf,13297,827,0,Lo-Fi Electronica,2017.0,Lo-Fi Electronica
InStyleOf,13297,14768,0,Lo-Fi Electronica,2017.0,Lo-Fi Electronica
InStyleOf,13302,10342,0,Indie Rock,2020.0,Dream Pop
InStyleOf,13302,10747,0,Indie Rock,2020.0,Dream Pop
InStyleOf,13310,2277,0,Lo-Fi Electronica,2017.0,Lo-Fi Electronica
InStyleOf,13315,14965,0,Space Rock,2028.0,Doom Metal
InStyleOf,13315,10358,0,Space Rock,2028.0,Doom Metal
InStyleOf,13321,1502,0,Psychedelic Rock,2025.0,Psychedelic Rock
InStyleOf,13321,12515,0,Psychedelic Rock,2025.0,Psychedelic Rock
InStyleOf,13332,7534,0,Darkwave,2022.0,Darkwave
InStyleOf,13342,13591,0,Oceanus Folk,2021.0,Doom Metal
InStyleOf,13346,15634,0,Psychedelic Rock,2023.0,Psychedelic Rock
InStyleOf,13361,6454,0,Blues Rock,2011.0,Indie Pop
InStyleOf,13369,14762,0,Space Rock,2025.0,Oceanus Folk
InStyleOf,13374,15206,0,Doom Metal,2013.0,Doom Metal
InStyleOf,13374,15622,0,Doom Metal,2013.0,Doom Metal
InStyleOf,13404,7876,0,Dream Pop,2028.0,Oceanus Folk
InStyleOf,13404,4547,0,Dream Pop,2028.0,Psychedelic Rock
InStyleOf,13413,8888,0,Indie Folk,2022.0,Indie Rock
InStyleOf,13413,13990,0,Indie Folk,2022.0,Post-Apocalyptic Folk
InStyleOf,13424,1320,0,Alternative Rock,2007.0,Synthwave
InStyleOf,13424,14994,0,Alternative Rock,2007.0,Indie Folk
InStyleOf,13429,4342,0,Indie Folk,2018.0,Indie Folk
InStyleOf,13438,13324,0,Oceanus Folk,2019.0,Oceanus Folk
InStyleOf,13438,3501,0,Oceanus Folk,2019.0,Oceanus Folk
InStyleOf,13438,6006,0,Oceanus Folk,2019.0,Doom Metal
InStyleOf,13446,445,0,Dream Pop,2023.0,Psychedelic Rock
InStyleOf,13457,11097,0,Dream Pop,2025.0,Darkwave
InStyleOf,13459,15847,0,Avant-Garde Folk,2028.0,Avant-Garde Folk
InStyleOf,13459,8230,0,Avant-Garde Folk,2028.0,Emo/Pop Punk
InStyleOf,13465,13430,0,Speed Metal,2000.0,Speed Metal
InStyleOf,13489,16719,0,Post-Apocalyptic Folk,2026.0,Psychedelic Rock
InStyleOf,13499,2792,0,Alternative Rock,2030.0,Indie Pop
InStyleOf,13509,2662,0,Americana,2023.0,Oceanus Folk
InStyleOf,13528,9085,0,Synthwave,2010.0,Doom Metal
InStyleOf,13530,6524,0,Oceanus Folk,2017.0,Oceanus Folk
InStyleOf,13546,6006,0,Doom Metal,2019.0,Doom Metal
InStyleOf,13557,7194,0,Emo/Pop Punk,2009.0,Emo/Pop Punk
InStyleOf,13557,5704,0,Emo/Pop Punk,2009.0,Emo/Pop Punk
InStyleOf,13563,1841,0,Synthpop,2017.0,Indie Folk
InStyleOf,13567,5088,0,Lo-Fi Electronica,2025.0,Lo-Fi Electronica
InStyleOf,13567,13985,0,Lo-Fi Electronica,2025.0,Lo-Fi Electronica
InStyleOf,13567,15024,0,Lo-Fi Electronica,2025.0,Lo-Fi Electronica
InStyleOf,13568,9007,0,Indie Rock,2024.0,Doom Metal
InStyleOf,13582,12091,0,Blues Rock,2017.0,Southern Gothic Rock
InStyleOf,13589,16702,0,Avant-Garde Folk,2023.0,Avant-Garde Folk
InStyleOf,13600,12691,0,Dream Pop,2025.0,Oceanus Folk
InStyleOf,13607,13107,0,Indie Folk,2020.0,Americana
InStyleOf,13616,8867,0,Doom Metal,2013.0,Symphonic Metal
InStyleOf,13623,14442,0,Dream Pop,2029.0,Jazz Surf Rock
InStyleOf,13625,510,0,Alternative Rock,2028.0,Alternative Rock
InStyleOf,13627,13035,0,Indie Rock,2010.0,Indie Rock
InStyleOf,13627,13819,0,Indie Rock,2010.0,Indie Rock
InStyleOf,13639,16495,0,Southern Gothic Rock,2000.0,Southern Gothic Rock
InStyleOf,13639,2595,0,Southern Gothic Rock,2000.0,Indie Pop
InStyleOf,13640,5295,0,Dream Pop,2017.0,Doom Metal
InStyleOf,13648,7652,0,Doom Metal,2027.0,Doom Metal
InStyleOf,13680,6454,0,Indie Pop,2016.0,Indie Pop
InStyleOf,13680,15388,0,Indie Pop,2016.0,Avant-Garde Folk
InStyleOf,13687,11141,0,Dream Pop,2027.0,Psychedelic Rock
InStyleOf,13687,16478,0,Dream Pop,2027.0,Psychedelic Rock
InStyleOf,13691,3194,0,Indie Folk,2026.0,Oceanus Folk
InStyleOf,13691,757,0,Indie Folk,2026.0,Oceanus Folk
InStyleOf,13691,5854,0,Indie Folk,2026.0,Indie Folk
InStyleOf,13708,5540,0,Dream Pop,2026.0,Dream Pop
InStyleOf,13711,12052,0,Dream Pop,2013.0,Dream Pop
InStyleOf,13713,13302,0,Darkwave,2028.0,Indie Rock
InStyleOf,13713,13332,0,Darkwave,2028.0,Darkwave
InStyleOf,13720,3540,0,Lo-Fi Electronica,2023.0,Indie Pop
InStyleOf,13720,16035,0,Lo-Fi Electronica,2023.0,Avant-Garde Folk
InStyleOf,13720,15388,0,Lo-Fi Electronica,2023.0,Avant-Garde Folk
InStyleOf,13721,11855,0,Doom Metal,2018.0,Americana
InStyleOf,13724,7484,0,Synthwave,2013.0,Synthwave
InStyleOf,13729,4029,0,Dream Pop,2028.0,Synthwave
InStyleOf,13735,2316,0,Darkwave,2024.0,Indie Folk
InStyleOf,13735,13632,0,Darkwave,2024.0,Darkwave
InStyleOf,13736,15093,0,Psychedelic Rock,2028.0,Psychedelic Rock
InStyleOf,13755,14969,0,Synthwave,2026.0,Dream Pop
InStyleOf,13763,12515,0,Desert Rock,2020.0,Psychedelic Rock
InStyleOf,13763,16158,0,Desert Rock,2020.0,Psychedelic Rock
InStyleOf,13786,12397,0,Dream Pop,2024.0,Dream Pop
InStyleOf,13805,15622,0,Americana,2017.0,Doom Metal
InStyleOf,13813,16665,0,Dream Pop,2024.0,Doom Metal
InStyleOf,13820,11677,0,Lo-Fi Electronica,2025.0,Lo-Fi Electronica
InStyleOf,13821,11339,0,Doom Metal,2023.0,Indie Rock
InStyleOf,13832,7891,0,Blues Rock,2004.0,Blues Rock
InStyleOf,13841,8038,0,Dream Pop,2018.0,Synthwave
InStyleOf,13842,9360,0,Dream Pop,2030.0,Dream Pop
InStyleOf,13842,11217,0,Dream Pop,2030.0,Dream Pop
InStyleOf,13848,10249,0,Jazz Surf Rock,2012.0,Synthwave
InStyleOf,13850,6628,0,Doom Metal,2024.0,Indie Rock
InStyleOf,13852,445,0,Dream Pop,2029.0,Psychedelic Rock
InStyleOf,13873,12817,0,Synthwave,2016.0,Synthwave
InStyleOf,13875,13758,0,Desert Rock,2023.0,Indie Folk
InStyleOf,13891,14512,0,Lo-Fi Electronica,1998.0,Lo-Fi Electronica
InStyleOf,13900,10155,0,Dream Pop,2017.0,Dream Pop
InStyleOf,13922,8997,0,Lo-Fi Electronica,2022.0,Southern Gothic Rock
InStyleOf,13922,5110,0,Lo-Fi Electronica,2022.0,Indie Pop
InStyleOf,13930,449,0,Southern Gothic Rock,2009.0,Southern Gothic Rock
InStyleOf,13931,13010,0,Southern Gothic Rock,2016.0,Southern Gothic Rock
InStyleOf,13933,14658,0,Southern Gothic Rock,2011.0,Southern Gothic Rock
InStyleOf,13933,1411,0,Southern Gothic Rock,2011.0,Southern Gothic Rock
InStyleOf,13945,1502,0,Dream Pop,2029.0,Psychedelic Rock
InStyleOf,13957,3850,0,Indie Rock,2026.0,Indie Rock
InStyleOf,13976,4413,0,Indie Rock,2026.0,Symphonic Metal
InStyleOf,13984,4854,0,Indie Pop,2026.0,Southern Gothic Rock
InStyleOf,13984,15456,0,Indie Pop,2026.0,Southern Gothic Rock
InStyleOf,13984,5279,0,Indie Pop,2026.0,Indie Pop
InStyleOf,13985,2167,0,Lo-Fi Electronica,2013.0,Lo-Fi Electronica
InStyleOf,13985,827,0,Lo-Fi Electronica,2013.0,Lo-Fi Electronica
InStyleOf,13985,11677,0,Lo-Fi Electronica,2013.0,Lo-Fi Electronica
InStyleOf,13990,15622,0,Post-Apocalyptic Folk,2012.0,Doom Metal
InStyleOf,13994,2470,0,Dream Pop,2020.0,Dream Pop
InStyleOf,14007,12665,0,Southern Gothic Rock,2021.0,Southern Gothic Rock
InStyleOf,14011,6745,0,Southern Gothic Rock,2017.0,Indie Pop
InStyleOf,14011,5110,0,Southern Gothic Rock,2017.0,Indie Pop
InStyleOf,14011,16495,0,Southern Gothic Rock,2017.0,Southern Gothic Rock
InStyleOf,14011,8997,0,Southern Gothic Rock,2017.0,Southern Gothic Rock
InStyleOf,14035,3376,0,Doom Metal,2020.0,Desert Rock
InStyleOf,14039,16019,0,Americana,2017.0,Doom Metal
InStyleOf,14045,14512,0,Lo-Fi Electronica,2011.0,Lo-Fi Electronica
InStyleOf,14045,13335,0,Lo-Fi Electronica,2011.0,Lo-Fi Electronica
InStyleOf,14045,827,0,Lo-Fi Electronica,2011.0,Lo-Fi Electronica
InStyleOf,14057,9335,0,Synthwave,2023.0,Indie Rock
InStyleOf,14066,16652,0,Southern Gothic Rock,2029.0,Alternative Rock
InStyleOf,14082,438,0,Darkwave,2013.0,Dream Pop
InStyleOf,14091,13332,0,Synthwave,2023.0,Darkwave
InStyleOf,14091,7534,0,Synthwave,2023.0,Darkwave
InStyleOf,14095,16616,0,Synthwave,2027.0,Post-Apocalyptic Folk
InStyleOf,14102,2944,0,Psychedelic Rock,2028.0,Dream Pop
InStyleOf,14112,13374,0,Synthwave,2021.0,Doom Metal
InStyleOf,14112,438,0,Synthwave,2021.0,Dream Pop
InStyleOf,14146,12089,0,Jazz Surf Rock,2028.0,Jazz Surf Rock
InStyleOf,14146,597,0,Jazz Surf Rock,2028.0,Jazz Surf Rock
InStyleOf,14154,7128,0,Dream Pop,1998.0,Dream Pop
InStyleOf,14156,6901,0,Indie Folk,2019.0,Indie Folk
InStyleOf,14165,14442,0,Jazz Surf Rock,2026.0,Jazz Surf Rock
InStyleOf,14165,1326,0,Jazz Surf Rock,2026.0,Jazz Surf Rock
InStyleOf,14167,3160,0,Indie Folk,2026.0,Symphonic Metal
InStyleOf,14175,11467,0,Emo/Pop Punk,2031.0,Lo-Fi Electronica
InStyleOf,14177,9205,0,Americana,2020.0,Desert Rock
InStyleOf,14182,7278,0,Dream Pop,2027.0,Synthwave
InStyleOf,14191,12673,0,Dream Pop,2026.0,Americana
InStyleOf,14202,11141,0,Psychedelic Rock,2017.0,Psychedelic Rock
InStyleOf,14220,15441,0,Oceanus Folk,2026.0,Oceanus Folk
InStyleOf,14237,6461,0,Doom Metal,1997.0,Synthwave
InStyleOf,14239,16724,0,Speed Metal,2020.0,Speed Metal
InStyleOf,14239,14976,0,Speed Metal,2020.0,Speed Metal
InStyleOf,14264,7026,0,Americana,2000.0,Americana
InStyleOf,14279,14768,0,Lo-Fi Electronica,2024.0,Lo-Fi Electronica
InStyleOf,14279,827,0,Lo-Fi Electronica,2024.0,Lo-Fi Electronica
InStyleOf,14285,12294,0,Post-Apocalyptic Folk,2027.0,Alternative Rock
InStyleOf,14285,6008,0,Post-Apocalyptic Folk,2027.0,Indie Rock
InStyleOf,14288,6868,0,Blues Rock,2023.0,Indie Pop
InStyleOf,14289,10616,0,Dream Pop,2023.0,Indie Folk
InStyleOf,14295,13956,0,Jazz Surf Rock,2000.0,Dream Pop
InStyleOf,14295,8750,0,Jazz Surf Rock,2000.0,Dream Pop
InStyleOf,14295,5866,0,Jazz Surf Rock,2000.0,Dream Pop
InStyleOf,14296,9085,0,Dream Pop,2023.0,Doom Metal
InStyleOf,14299,10549,0,Southern Gothic Rock,2005.0,Indie Pop
InStyleOf,14304,1611,0,Indie Rock,2020.0,Indie Rock
InStyleOf,14309,12091,0,Alternative Rock,2026.0,Southern Gothic Rock
InStyleOf,14309,13582,0,Alternative Rock,2026.0,Blues Rock
InStyleOf,14311,6680,0,Indie Rock,2023.0,Symphonic Metal
InStyleOf,14314,4413,0,Indie Folk,2020.0,Symphonic Metal
InStyleOf,14316,3451,0,Psychedelic Rock,2027.0,Psychedelic Rock
InStyleOf,14326,13574,0,Synthwave,2029.0,Synthwave
InStyleOf,14326,5021,0,Synthwave,2029.0,Jazz Surf Rock
InStyleOf,14333,15622,0,Post-Apocalyptic Folk,2024.0,Doom Metal
InStyleOf,14333,15333,0,Post-Apocalyptic Folk,2024.0,Indie Rock
InStyleOf,14342,11546,0,Dream Pop,2010.0,Synthwave
InStyleOf,14344,7713,0,Alternative Rock,2013.0,Alternative Rock
InStyleOf,14347,6329,0,Blues Rock,2017.0,Blues Rock
InStyleOf,14351,14749,0,Alternative Rock,2015.0,Alternative Rock
InStyleOf,14352,14086,0,Doom Metal,2023.0,Doom Metal
InStyleOf,14378,2679,0,Blues Rock,2023.0,Blues Rock
InStyleOf,14379,5425,0,Dream Pop,2025.0,Doom Metal
InStyleOf,14406,13413,0,Dream Pop,2026.0,Indie Folk
InStyleOf,14411,10968,0,Post-Apocalyptic Folk,2028.0,Synthwave
InStyleOf,14411,5356,0,Post-Apocalyptic Folk,2028.0,Psychedelic Rock
InStyleOf,14429,16551,0,Jazz Surf Rock,2030.0,Southern Gothic Rock
InStyleOf,14429,3094,0,Jazz Surf Rock,2030.0,Jazz Surf Rock
InStyleOf,14432,3376,0,Doom Metal,2023.0,Desert Rock
InStyleOf,14439,11327,0,Lo-Fi Electronica,2029.0,Lo-Fi Electronica
InStyleOf,14439,2277,0,Lo-Fi Electronica,2029.0,Lo-Fi Electronica
InStyleOf,14439,14768,0,Lo-Fi Electronica,2029.0,Lo-Fi Electronica
InStyleOf,14439,2467,0,Lo-Fi Electronica,2029.0,Lo-Fi Electronica
InStyleOf,14442,1326,0,Jazz Surf Rock,2000.0,Jazz Surf Rock
InStyleOf,14442,9754,0,Jazz Surf Rock,2000.0,Jazz Surf Rock
InStyleOf,14443,6271,0,Alternative Rock,2010.0,Alternative Rock
InStyleOf,14444,10406,0,Indie Folk,2030.0,Oceanus Folk
InStyleOf,14466,13361,0,Dream Pop,2028.0,Blues Rock
InStyleOf,14469,13965,0,Space Rock,2026.0,Oceanus Folk
InStyleOf,14469,4492,0,Space Rock,2026.0,Space Rock
InStyleOf,14481,15894,0,Southern Gothic Rock,2020.0,Indie Pop
InStyleOf,14482,5455,0,Indie Pop,2009.0,Southern Gothic Rock
InStyleOf,14483,4421,0,Synthwave,2029.0,Jazz Surf Rock
InStyleOf,14483,13209,0,Synthwave,2029.0,Post-Apocalyptic Folk
InStyleOf,14483,13552,0,Synthwave,2029.0,Psychedelic Rock
InStyleOf,14483,6142,0,Synthwave,2029.0,Symphonic Metal
InStyleOf,14495,16233,0,Psychedelic Rock,2013.0,Psychedelic Rock
InStyleOf,14497,12008,0,Lo-Fi Electronica,2023.0,Lo-Fi Electronica
InStyleOf,14497,10574,0,Lo-Fi Electronica,2023.0,Lo-Fi Electronica
InStyleOf,14498,10659,0,Dream Pop,2026.0,Dream Pop
InStyleOf,14498,10342,0,Dream Pop,2026.0,Dream Pop
InStyleOf,14498,12043,0,Dream Pop,2026.0,Dream Pop
InStyleOf,14505,3239,0,Southern Gothic Rock,2024.0,Southern Gothic Rock
InStyleOf,14510,2942,0,Southern Gothic Rock,2018.0,Southern Gothic Rock
InStyleOf,14513,15408,0,Blues Rock,2002.0,Indie Pop
InStyleOf,14524,10659,0,Dream Pop,2027.0,Dream Pop
InStyleOf,14528,13324,0,Space Rock,2024.0,Oceanus Folk
InStyleOf,14535,10848,0,Indie Pop,2025.0,Indie Pop
InStyleOf,14543,7254,0,Indie Folk,2016.0,Indie Folk
InStyleOf,14557,6072,0,Dream Pop,2016.0,Synthwave
InStyleOf,14562,4784,0,Jazz Surf Rock,2026.0,Dream Pop
InStyleOf,14567,15642,0,Dream Pop,2026.0,Dream Pop
InStyleOf,14589,14569,0,Americana,2027.0,Synthpop
InStyleOf,14599,6006,0,Americana,2019.0,Doom Metal
InStyleOf,14602,4453,0,Dream Pop,2027.0,Indie Folk
InStyleOf,14606,1884,0,Synthwave,2025.0,Doom Metal
InStyleOf,14606,3376,0,Synthwave,2025.0,Desert Rock
InStyleOf,14609,10249,0,Dream Pop,2016.0,Synthwave
InStyleOf,14611,11574,0,Alternative Rock,2027.0,Indie Rock
InStyleOf,14626,10673,0,Synthwave,2024.0,Doom Metal
InStyleOf,14640,3501,0,Dream Pop,2017.0,Oceanus Folk
InStyleOf,14644,6454,0,Avant-Garde Folk,2010.0,Indie Pop
InStyleOf,14658,13654,0,Southern Gothic Rock,2004.0,Southern Gothic Rock
InStyleOf,14666,14223,0,Oceanus Folk,2029.0,Psychedelic Rock
InStyleOf,14672,15622,0,Doom Metal,2010.0,Doom Metal
InStyleOf,14672,3668,0,Doom Metal,2010.0,Doom Metal
InStyleOf,14675,15388,0,Avant-Garde Folk,2025.0,Avant-Garde Folk
InStyleOf,14675,15964,0,Avant-Garde Folk,2025.0,Avant-Garde Folk
InStyleOf,14691,11300,0,Dream Pop,2026.0,Dream Pop
InStyleOf,14696,14864,0,Synthpop,2026.0,Dream Pop
InStyleOf,14697,12041,0,Alternative Rock,2030.0,Southern Gothic Rock
InStyleOf,14699,8787,0,Dream Pop,2026.0,Dream Pop
InStyleOf,14700,10141,0,Southern Gothic Rock,2009.0,Speed Metal
InStyleOf,14701,15687,0,Lo-Fi Electronica,2020.0,Lo-Fi Electronica
InStyleOf,14702,192,0,Dream Pop,2029.0,Americana
InStyleOf,14705,1529,0,Alternative Rock,2030.0,Southern Gothic Rock
InStyleOf,14707,2867,0,Symphonic Metal,2023.0,Doom Metal
InStyleOf,14710,13297,0,Lo-Fi Electronica,2024.0,Lo-Fi Electronica
InStyleOf,14710,15024,0,Lo-Fi Electronica,2024.0,Lo-Fi Electronica
InStyleOf,14710,11677,0,Lo-Fi Electronica,2024.0,Lo-Fi Electronica
InStyleOf,14711,6909,0,Indie Folk,2030.0,Dream Pop
InStyleOf,14732,11280,0,Darkwave,2026.0,Darkwave
InStyleOf,14749,15633,0,Alternative Rock,2010.0,Alternative Rock
InStyleOf,14754,16495,0,Indie Pop,2026.0,Southern Gothic Rock
InStyleOf,14760,5965,0,Indie Pop,2026.0,Indie Pop
InStyleOf,14760,8273,0,Indie Pop,2026.0,Southern Gothic Rock
InStyleOf,14767,5826,0,Space Rock,2023.0,Desert Rock
InStyleOf,14767,3909,0,Space Rock,2023.0,Oceanus Folk
InStyleOf,14768,966,0,Lo-Fi Electronica,2005.0,Lo-Fi Electronica
InStyleOf,14768,13335,0,Lo-Fi Electronica,2005.0,Lo-Fi Electronica
InStyleOf,14778,14769,0,Dream Pop,2026.0,Synthpop
InStyleOf,14780,5643,0,Lo-Fi Electronica,2015.0,Lo-Fi Electronica
InStyleOf,14795,16441,0,Psychedelic Rock,2026.0,Psychedelic Rock
InStyleOf,14799,8821,0,Dream Pop,2011.0,Alternative Rock
InStyleOf,14828,6443,0,Indie Rock,2028.0,Indie Rock
InStyleOf,14828,6390,0,Indie Rock,2028.0,Indie Rock
InStyleOf,14828,2360,0,Indie Rock,2028.0,Indie Rock
InStyleOf,14862,16585,0,Indie Folk,2000.0,Darkwave
InStyleOf,14863,8273,0,Southern Gothic Rock,2014.0,Southern Gothic Rock
InStyleOf,14868,7197,0,Indie Folk,2026.0,Symphonic Metal
InStyleOf,14893,13421,0,Synthwave,2007.0,Dream Pop
InStyleOf,14902,9007,0,Doom Metal,2020.0,Doom Metal
InStyleOf,14904,5214,0,Lo-Fi Electronica,2023.0,Lo-Fi Electronica
InStyleOf,14907,13208,0,Dream Pop,2020.0,Dream Pop
InStyleOf,14909,9524,0,Dream Pop,2013.0,Dream Pop
InStyleOf,14920,12104,0,Doom Metal,2023.0,Doom Metal
InStyleOf,14920,14203,0,Doom Metal,2023.0,Doom Metal
InStyleOf,14929,11251,0,Indie Folk,2029.0,Indie Folk
InStyleOf,14933,14965,0,Indie Rock,2022.0,Doom Metal
InStyleOf,14940,8233,0,Oceanus Folk,2025.0,Oceanus Folk
InStyleOf,14944,12373,0,Lo-Fi Electronica,2006.0,Lo-Fi Electronica
InStyleOf,14951,10673,0,Indie Folk,2017.0,Doom Metal
InStyleOf,14976,15343,0,Speed Metal,2010.0,Speed Metal
InStyleOf,14987,9884,0,Doom Metal,2017.0,Psychedelic Rock
InStyleOf,14992,14350,0,Blues Rock,2024.0,Southern Gothic Rock
InStyleOf,15004,11677,0,Lo-Fi Electronica,2022.0,Lo-Fi Electronica
InStyleOf,15005,5212,0,Indie Pop,2019.0,Southern Gothic Rock
InStyleOf,15007,9526,0,Synthwave,2003.0,Synthwave
InStyleOf,15017,1841,0,Oceanus Folk,2023.0,Indie Folk
InStyleOf,15024,966,0,Lo-Fi Electronica,2013.0,Lo-Fi Electronica
InStyleOf,15027,15646,0,Oceanus Folk,2023.0,Oceanus Folk
InStyleOf,15046,2658,0,Dream Pop,2010.0,Dream Pop
InStyleOf,15046,6342,0,Dream Pop,2010.0,Dream Pop
InStyleOf,15048,7129,0,Desert Rock,2023.0,Americana
InStyleOf,15048,10673,0,Desert Rock,2023.0,Doom Metal
InStyleOf,15057,7116,0,Indie Folk,2029.0,Doom Metal
InStyleOf,15063,14780,0,Lo-Fi Electronica,2025.0,Lo-Fi Electronica
InStyleOf,15063,12517,0,Lo-Fi Electronica,2025.0,Lo-Fi Electronica
InStyleOf,15065,9884,0,Psychedelic Rock,2023.0,Psychedelic Rock
InStyleOf,15071,6006,0,Synthwave,2013.0,Doom Metal
InStyleOf,15076,1791,0,Alternative Rock,2030.0,Lo-Fi Electronica
InStyleOf,15080,9716,0,Synthwave,2017.0,Americana
InStyleOf,15089,933,0,Synthwave,1999.0,Dream Pop
InStyleOf,15099,16440,0,Southern Gothic Rock,2003.0,Blues Rock
InStyleOf,15101,14933,0,Blues Rock,2023.0,Indie Rock
InStyleOf,15104,1121,0,Southern Gothic Rock,2016.0,Southern Gothic Rock
InStyleOf,15105,16017,0,Doom Metal,2022.0,Indie Rock
InStyleOf,15132,10439,0,Post-Apocalyptic Folk,2029.0,Dream Pop
InStyleOf,15135,7036,0,Blues Rock,2004.0,Indie Pop
InStyleOf,15138,5432,0,Synthwave,2028.0,Synthwave
InStyleOf,15143,5310,0,Doom Metal,2023.0,Indie Rock
InStyleOf,15150,4169,0,Southern Gothic Rock,2017.0,Southern Gothic Rock
InStyleOf,15153,11423,0,Psychedelic Rock,2028.0,Psychedelic Rock
InStyleOf,15160,10673,0,Indie Folk,2029.0,Doom Metal
InStyleOf,15182,10673,0,Indie Folk,2023.0,Doom Metal
InStyleOf,15192,4728,0,Dream Pop,2028.0,Desert Rock
InStyleOf,15192,4046,0,Dream Pop,2028.0,Jazz Surf Rock
InStyleOf,15210,10596,0,Jazz Surf Rock,2027.0,Indie Folk
InStyleOf,15212,3766,0,Dream Pop,2003.0,Dream Pop
InStyleOf,15217,9657,0,Indie Folk,2020.0,Indie Folk
InStyleOf,15241,7325,0,Avant-Garde Folk,2025.0,Emo/Pop Punk
InStyleOf,15241,3512,0,Avant-Garde Folk,2025.0,Indie Pop
InStyleOf,15241,4357,0,Avant-Garde Folk,2025.0,Avant-Garde Folk
InStyleOf,15241,10120,0,Avant-Garde Folk,2025.0,Avant-Garde Folk
InStyleOf,15241,4557,0,Avant-Garde Folk,2025.0,Avant-Garde Folk
InStyleOf,15241,12344,0,Avant-Garde Folk,2025.0,Alternative Rock
InStyleOf,15241,6864,0,Avant-Garde Folk,2025.0,Avant-Garde Folk
InStyleOf,15244,13997,0,Doom Metal,2020.0,Doom Metal
InStyleOf,15252,12428,0,Alternative Rock,2023.0,Speed Metal
InStyleOf,15258,13459,0,Southern Gothic Rock,2030.0,Avant-Garde Folk
InStyleOf,15258,7707,0,Southern Gothic Rock,2030.0,Avant-Garde Folk
InStyleOf,15279,14169,0,Dream Pop,2024.0,Psychedelic Rock
InStyleOf,15295,60,0,Americana,2027.0,Americana
InStyleOf,15310,12515,0,Desert Rock,2029.0,Psychedelic Rock
InStyleOf,15315,10289,0,Avant-Garde Folk,2002.0,Alternative Rock
InStyleOf,15316,6322,0,Oceanus Folk,2026.0,Desert Rock
InStyleOf,15323,15703,0,Indie Folk,2029.0,Indie Folk
InStyleOf,15323,2614,0,Indie Folk,2029.0,Dream Pop
InStyleOf,15364,4046,0,Americana,2026.0,Jazz Surf Rock
InStyleOf,15390,4188,0,Indie Pop,2006.0,Indie Pop
InStyleOf,15394,9483,0,Synthwave,2022.0,Doom Metal
InStyleOf,15394,6006,0,Synthwave,2022.0,Doom Metal
InStyleOf,15396,9890,0,Avant-Garde Folk,2023.0,Blues Rock
InStyleOf,15396,16035,0,Avant-Garde Folk,2023.0,Avant-Garde Folk
InStyleOf,15402,6899,0,Indie Folk,2001.0,Synthwave
InStyleOf,15422,11127,0,Psychedelic Rock,2019.0,Psychedelic Rock
InStyleOf,15424,12750,0,Lo-Fi Electronica,2024.0,Lo-Fi Electronica
InStyleOf,15430,14989,0,Indie Rock,2027.0,Indie Rock
InStyleOf,15444,2316,0,Desert Rock,2020.0,Indie Folk
InStyleOf,15447,16405,0,Dream Pop,2026.0,Synthwave
InStyleOf,15456,13357,0,Southern Gothic Rock,1999.0,Southern Gothic Rock
InStyleOf,15481,1841,0,Oceanus Folk,2013.0,Indie Folk
InStyleOf,15481,13324,0,Oceanus Folk,2013.0,Oceanus Folk
InStyleOf,15488,3663,0,Americana,2004.0,Americana
InStyleOf,15496,15847,0,Emo/Pop Punk,2027.0,Avant-Garde Folk
InStyleOf,15496,6315,0,Emo/Pop Punk,2027.0,Emo/Pop Punk
InStyleOf,15496,1529,0,Emo/Pop Punk,2027.0,Southern Gothic Rock
InStyleOf,15496,3793,0,Emo/Pop Punk,2027.0,Emo/Pop Punk
InStyleOf,15496,1544,0,Emo/Pop Punk,2027.0,Southern Gothic Rock
InStyleOf,15508,9019,0,Synthwave,2023.0,Dream Pop
InStyleOf,15512,12673,0,Dream Pop,2024.0,Americana
InStyleOf,15528,14438,0,Alternative Rock,2010.0,Alternative Rock
InStyleOf,15528,3335,0,Alternative Rock,2010.0,Dream Pop
InStyleOf,15532,15343,0,Speed Metal,2026.0,Speed Metal
InStyleOf,15536,12861,0,Doom Metal,2020.0,Indie Folk
InStyleOf,15539,9524,0,Dream Pop,2012.0,Dream Pop
InStyleOf,15542,3501,0,Americana,2020.0,Oceanus Folk
InStyleOf,15555,14572,0,Jazz Surf Rock,2028.0,Jazz Surf Rock
InStyleOf,15555,16441,0,Jazz Surf Rock,2028.0,Psychedelic Rock
InStyleOf,15570,10121,0,Lo-Fi Electronica,2014.0,Lo-Fi Electronica
InStyleOf,15582,5866,0,Jazz Surf Rock,2000.0,Dream Pop
InStyleOf,15590,12397,0,Indie Rock,2027.0,Dream Pop
InStyleOf,15590,15622,0,Indie Rock,2027.0,Doom Metal
InStyleOf,15591,4847,0,Americana,2027.0,Indie Rock
InStyleOf,15616,15622,0,Desert Rock,2026.0,Doom Metal
InStyleOf,15621,15622,0,Indie Folk,2004.0,Doom Metal
InStyleOf,15622,9716,0,Doom Metal,1997.0,Americana
InStyleOf,15632,10045,0,Dream Pop,2029.0,Alternative Rock
InStyleOf,15633,12010,0,Alternative Rock,2007.0,Alternative Rock
InStyleOf,15645,6210,0,Alternative Rock,2023.0,Alternative Rock
InStyleOf,15645,5726,0,Alternative Rock,2023.0,Alternative Rock
InStyleOf,15649,5681,0,Doom Metal,2026.0,Americana
InStyleOf,15654,1841,0,Oceanus Folk,2020.0,Indie Folk
InStyleOf,15674,14014,0,Indie Rock,2027.0,Dream Pop
InStyleOf,15688,14482,0,Avant-Garde Folk,2014.0,Indie Pop
InStyleOf,15699,15881,0,Indie Folk,2026.0,Synthwave
InStyleOf,15705,2467,0,Lo-Fi Electronica,2010.0,Lo-Fi Electronica
InStyleOf,15713,5260,0,Americana,2023.0,Doom Metal
InStyleOf,15723,8727,0,Desert Rock,2023.0,Indie Rock
InStyleOf,15735,9922,0,Dream Pop,2023.0,Oceanus Folk
InStyleOf,15741,6949,0,Dream Pop,2025.0,Indie Rock
InStyleOf,15744,13357,0,Indie Pop,2014.0,Southern Gothic Rock
InStyleOf,15745,7325,0,Southern Gothic Rock,2018.0,Emo/Pop Punk
InStyleOf,15748,4770,0,Synthwave,2013.0,Synthwave
InStyleOf,15752,12538,0,Indie Folk,2023.0,Symphonic Metal
InStyleOf,15752,6551,0,Indie Folk,2023.0,Indie Folk
InStyleOf,15759,10684,0,Blues Rock,2007.0,Dream Pop
InStyleOf,15760,6190,0,Synthwave,2026.0,Synthwave
InStyleOf,15760,10596,0,Synthwave,2026.0,Indie Folk
InStyleOf,15760,13574,0,Synthwave,2026.0,Synthwave
InStyleOf,15769,10799,0,Indie Pop,2000.0,Blues Rock
InStyleOf,15771,6616,0,Indie Rock,2018.0,Indie Rock
InStyleOf,15771,876,0,Indie Rock,2018.0,Indie Rock
InStyleOf,15772,155,0,Synthwave,2013.0,Indie Folk
InStyleOf,15775,3289,0,Lo-Fi Electronica,2020.0,Lo-Fi Electronica
InStyleOf,15775,9807,0,Lo-Fi Electronica,2020.0,Lo-Fi Electronica
InStyleOf,15775,12517,0,Lo-Fi Electronica,2020.0,Lo-Fi Electronica
InStyleOf,15779,8823,0,Dream Pop,2027.0,Space Rock
InStyleOf,15793,14618,0,Indie Folk,2017.0,Indie Folk
InStyleOf,15807,10432,0,Indie Pop,2020.0,Southern Gothic Rock
InStyleOf,15817,13651,0,Americana,2024.0,Doom Metal
InStyleOf,15817,4046,0,Americana,2024.0,Jazz Surf Rock
InStyleOf,15817,13990,0,Americana,2024.0,Post-Apocalyptic Folk
InStyleOf,15817,12582,0,Americana,2024.0,Synthwave
InStyleOf,15825,2174,0,Alternative Rock,2000.0,Indie Pop
InStyleOf,15826,6327,0,Alternative Rock,2010.0,Alternative Rock
InStyleOf,15838,6454,0,Avant-Garde Folk,2014.0,Indie Pop
InStyleOf,15843,11152,0,Alternative Rock,2023.0,Indie Folk
InStyleOf,15844,9488,0,Americana,2017.0,Synthwave
InStyleOf,15847,1529,0,Avant-Garde Folk,2010.0,Southern Gothic Rock
InStyleOf,15886,14762,0,Desert Rock,2025.0,Oceanus Folk
InStyleOf,15894,14038,0,Indie Pop,2014.0,Indie Pop
InStyleOf,15896,14670,0,Alternative Rock,1994.0,Alternative Rock
InStyleOf,15920,4849,0,Dream Pop,1997.0,Synthwave
InStyleOf,15925,9766,0,Americana,2023.0,Doom Metal
InStyleOf,15937,15027,0,Dream Pop,2027.0,Oceanus Folk
InStyleOf,15937,16457,0,Dream Pop,2027.0,Oceanus Folk
InStyleOf,15957,14364,0,Southern Gothic Rock,2010.0,Southern Gothic Rock
InStyleOf,15973,1841,0,Oceanus Folk,2023.0,Indie Folk
InStyleOf,15978,3630,0,Dream Pop,2022.0,Indie Rock
InStyleOf,15981,13282,0,Jazz Surf Rock,2029.0,Jazz Surf Rock
InStyleOf,15986,8230,0,Indie Pop,2004.0,Emo/Pop Punk
InStyleOf,15986,6315,0,Indie Pop,2004.0,Emo/Pop Punk
InStyleOf,15989,16400,0,Symphonic Metal,2028.0,Oceanus Folk
InStyleOf,15991,15622,0,Americana,2000.0,Doom Metal
InStyleOf,15994,4348,0,Oceanus Folk,2007.0,Oceanus Folk
InStyleOf,16001,16389,0,Dream Pop,1996.0,Southern Gothic Rock
InStyleOf,16014,15622,0,Doom Metal,2007.0,Doom Metal
InStyleOf,16016,1991,0,Indie Folk,2020.0,Americana
InStyleOf,16038,5247,0,Space Rock,2028.0,Indie Folk
InStyleOf,16048,15855,0,Dream Pop,2017.0,Synthwave
InStyleOf,16054,15089,0,Dream Pop,2004.0,Synthwave
InStyleOf,16070,14569,0,Space Rock,2029.0,Synthpop
InStyleOf,16084,6762,0,Doom Metal,2013.0,Symphonic Metal
InStyleOf,16086,7116,0,Doom Metal,2027.0,Doom Metal
InStyleOf,16096,11432,0,Post-Apocalyptic Folk,2025.0,Dream Pop
InStyleOf,16100,14799,0,Dream Pop,2020.0,Dream Pop
InStyleOf,16107,15622,0,Synthwave,2017.0,Doom Metal
InStyleOf,16122,5680,0,Dream Pop,2027.0,Americana
InStyleOf,16123,14740,0,Doom Metal,2023.0,Indie Folk
InStyleOf,16127,9077,0,Indie Folk,2018.0,Doom Metal
InStyleOf,16133,13324,0,Oceanus Folk,2004.0,Oceanus Folk
InStyleOf,16141,6912,0,Dream Pop,2026.0,Dream Pop
InStyleOf,16146,6006,0,Dream Pop,2020.0,Doom Metal
InStyleOf,16161,15702,0,Southern Gothic Rock,1996.0,Speed Metal
InStyleOf,16166,13763,0,Synthwave,2026.0,Desert Rock
InStyleOf,16171,42,0,Dream Pop,2029.0,Synthwave
InStyleOf,16175,6006,0,Doom Metal,2023.0,Doom Metal
InStyleOf,16175,12727,0,Doom Metal,2023.0,Synthwave
InStyleOf,16179,9902,0,Southern Gothic Rock,2009.0,Indie Pop
InStyleOf,16183,10252,0,Americana,2024.0,Indie Folk
InStyleOf,16185,3310,0,Alternative Rock,2022.0,Dream Pop
InStyleOf,16192,3501,0,Oceanus Folk,2026.0,Oceanus Folk
InStyleOf,16205,14401,0,Darkwave,2025.0,Darkwave
InStyleOf,16205,14965,0,Darkwave,2025.0,Doom Metal
InStyleOf,16211,5790,0,Dream Pop,2023.0,Dream Pop
InStyleOf,16215,15983,0,Avant-Garde Folk,2020.0,Avant-Garde Folk
InStyleOf,16223,42,0,Indie Folk,2023.0,Synthwave
InStyleOf,16240,2385,0,Dream Pop,2028.0,Dream Pop
InStyleOf,16244,16233,0,Darkwave,2020.0,Psychedelic Rock
InStyleOf,16248,7891,0,Alternative Rock,2008.0,Blues Rock
InStyleOf,16248,13421,0,Alternative Rock,2008.0,Dream Pop
InStyleOf,16249,12678,0,Synthwave,2026.0,Synthwave
InStyleOf,16256,12538,0,Dream Pop,2019.0,Symphonic Metal
InStyleOf,16269,15047,0,Speed Metal,2013.0,Southern Gothic Rock
InStyleOf,16269,8872,0,Speed Metal,2013.0,Speed Metal
InStyleOf,16276,11485,0,Oceanus Folk,2020.0,Oceanus Folk
InStyleOf,16279,1841,0,Oceanus Folk,2020.0,Indie Folk
InStyleOf,16282,15261,0,Psychedelic Rock,2029.0,Psychedelic Rock
InStyleOf,16287,1748,0,Synthwave,2025.0,Dream Pop
InStyleOf,16290,13576,0,Americana,2014.0,Doom Metal
InStyleOf,16295,14760,0,Indie Pop,2027.0,Indie Pop
InStyleOf,16297,5051,0,Emo/Pop Punk,2024.0,Emo/Pop Punk
InStyleOf,16297,11520,0,Emo/Pop Punk,2024.0,Emo/Pop Punk
InStyleOf,16305,10839,0,Indie Folk,2025.0,Indie Folk
InStyleOf,16312,7778,0,Psychedelic Rock,2010.0,Indie Folk
InStyleOf,16319,1244,0,Dream Pop,2026.0,Indie Rock
InStyleOf,16319,4006,0,Dream Pop,2026.0,Indie Rock
InStyleOf,16327,10294,0,Emo/Pop Punk,2026.0,Emo/Pop Punk
InStyleOf,16327,8230,0,Emo/Pop Punk,2026.0,Emo/Pop Punk
InStyleOf,16335,14976,0,Speed Metal,2017.0,Speed Metal
InStyleOf,16336,15241,0,Dream Pop,2028.0,Avant-Garde Folk
InStyleOf,16336,5178,0,Dream Pop,2028.0,Lo-Fi Electronica
InStyleOf,16343,1502,0,Post-Apocalyptic Folk,2029.0,Psychedelic Rock
InStyleOf,16343,15634,0,Post-Apocalyptic Folk,2029.0,Psychedelic Rock
InStyleOf,16349,9385,0,Jazz Surf Rock,2027.0,Americana
InStyleOf,16352,3776,0,Jazz Surf Rock,2012.0,Space Rock
InStyleOf,16354,6869,0,Darkwave,2027.0,Darkwave
InStyleOf,16354,5146,0,Darkwave,2027.0,Darkwave
InStyleOf,16354,9777,0,Darkwave,2027.0,Darkwave
InStyleOf,16363,6229,0,Dream Pop,2027.0,Synthwave
InStyleOf,16366,9716,0,Doom Metal,2013.0,Americana
InStyleOf,16371,827,0,Lo-Fi Electronica,2018.0,Lo-Fi Electronica
InStyleOf,16371,14768,0,Lo-Fi Electronica,2018.0,Lo-Fi Electronica
InStyleOf,16371,13335,0,Lo-Fi Electronica,2018.0,Lo-Fi Electronica
InStyleOf,16373,4046,0,Dream Pop,2029.0,Jazz Surf Rock
InStyleOf,16373,5310,0,Dream Pop,2029.0,Indie Rock
InStyleOf,16392,1320,0,Indie Folk,2023.0,Synthwave
InStyleOf,16392,14994,0,Indie Folk,2023.0,Indie Folk
InStyleOf,16397,11378,0,Indie Folk,2013.0,Indie Folk
InStyleOf,16400,5854,0,Oceanus Folk,2023.0,Indie Folk
InStyleOf,16404,9236,0,Avant-Garde Folk,2022.0,Southern Gothic Rock
InStyleOf,16404,2615,0,Avant-Garde Folk,2022.0,Southern Gothic Rock
InStyleOf,16404,1018,0,Avant-Garde Folk,2022.0,Alternative Rock
InStyleOf,16437,1869,0,Indie Rock,2017.0,Indie Rock
InStyleOf,16440,5802,0,Blues Rock,1992.0,Indie Pop
InStyleOf,16452,10055,0,Lo-Fi Electronica,2024.0,Dream Pop
InStyleOf,16452,14907,0,Lo-Fi Electronica,2024.0,Dream Pop
InStyleOf,16452,3270,0,Lo-Fi Electronica,2024.0,Speed Metal
InStyleOf,16452,11718,0,Lo-Fi Electronica,2024.0,Southern Gothic Rock
InStyleOf,16457,9685,0,Oceanus Folk,2021.0,Oceanus Folk
InStyleOf,16466,5680,0,Dream Pop,2029.0,Americana
InStyleOf,16466,1195,0,Dream Pop,2029.0,Dream Pop
InStyleOf,16466,10641,0,Dream Pop,2029.0,Dream Pop
InStyleOf,16484,1857,0,Indie Rock,2023.0,Indie Rock
InStyleOf,16485,2002,0,Dream Pop,2024.0,Doom Metal
InStyleOf,16494,1244,0,Indie Rock,2026.0,Indie Rock
InStyleOf,16494,6616,0,Indie Rock,2026.0,Indie Rock
InStyleOf,16494,2683,0,Indie Rock,2026.0,Indie Rock
InStyleOf,16496,11446,0,Alternative Rock,2023.0,Alternative Rock
InStyleOf,16501,9526,0,Synthwave,2000.0,Synthwave
InStyleOf,16508,12150,0,Indie Folk,2010.0,Indie Folk
InStyleOf,16522,6006,0,Doom Metal,2029.0,Doom Metal
InStyleOf,16522,1172,0,Doom Metal,2029.0,Doom Metal
InStyleOf,16528,550,0,Emo/Pop Punk,2003.0,Southern Gothic Rock
InStyleOf,16547,11290,0,Synthwave,2021.0,Synthwave
InStyleOf,16551,16162,0,Southern Gothic Rock,2013.0,Emo/Pop Punk
InStyleOf,16582,3194,0,Oceanus Folk,2023.0,Oceanus Folk
InStyleOf,16584,1333,0,Jazz Surf Rock,2015.0,Jazz Surf Rock
InStyleOf,16584,14893,0,Jazz Surf Rock,2015.0,Synthwave
InStyleOf,16586,16225,0,Synthwave,2026.0,Oceanus Folk
InStyleOf,16586,1841,0,Synthwave,2026.0,Indie Folk
InStyleOf,16589,16001,0,Emo/Pop Punk,2004.0,Dream Pop
InStyleOf,16614,12052,0,Indie Folk,2013.0,Dream Pop
InStyleOf,16615,6367,0,Dream Pop,2022.0,Americana
InStyleOf,16615,13374,0,Dream Pop,2022.0,Doom Metal
InStyleOf,16616,15605,0,Post-Apocalyptic Folk,2020.0,Doom Metal
InStyleOf,16617,5283,0,Emo/Pop Punk,2010.0,Indie Pop
InStyleOf,16624,1841,0,Desert Rock,2029.0,Indie Folk
InStyleOf,16626,9003,0,Dream Pop,2021.0,Oceanus Folk
InStyleOf,16631,5913,0,Blues Rock,2023.0,Blues Rock
InStyleOf,16632,3931,0,Dream Pop,2028.0,Indie Folk
InStyleOf,16632,1849,0,Dream Pop,2028.0,Indie Folk
InStyleOf,16635,9129,0,Dream Pop,2016.0,Dream Pop
InStyleOf,16658,15189,0,Synthwave,2018.0,Doom Metal
InStyleOf,16658,2403,0,Synthwave,2018.0,Indie Folk
InStyleOf,16665,962,0,Doom Metal,2017.0,Indie Folk
InStyleOf,16665,14136,0,Doom Metal,2017.0,Doom Metal
InStyleOf,16686,14769,0,Indie Folk,2028.0,Synthpop
InStyleOf,16695,14118,0,Indie Folk,2023.0,Indie Folk
InStyleOf,16697,15150,0,Alternative Rock,2026.0,Southern Gothic Rock
InStyleOf,16699,14987,0,Doom Metal,2025.0,Doom Metal
InStyleOf,16702,11984,0,Avant-Garde Folk,1997.0,Blues Rock
InStyleOf,16710,4541,0,Dream Pop,2027.0,Psychedelic Rock
InStyleOf,16720,13519,0,Blues Rock,2000.0,Blues Rock
InStyleOf,16724,4583,0,Speed Metal,2000.0,Speed Metal
InStyleOf,16727,15622,0,Indie Folk,2013.0,Doom Metal
InStyleOf,16729,7982,0,Oceanus Folk,2029.0,Oceanus Folk
InStyleOf,16734,1841,0,Oceanus Folk,2013.0,Indie Folk
InStyleOf,16943,17327,0,,,
InStyleOf,16944,13883,0,Dream Pop,2035.0,Indie Folk
InStyleOf,16945,13916,0,Dream Pop,2033.0,Dream Pop
InStyleOf,16954,880,0,Indie Folk,2033.0,Emo/Pop Punk
InStyleOf,16955,6008,0,Indie Folk,2032.0,Indie Rock
InStyleOf,16960,17260,0,,,
InStyleOf,16964,13732,0,Synthwave,2031.0,Doom Metal
InStyleOf,16971,17260,0,,,
InStyleOf,16977,17314,0,,,
InStyleOf,16978,9999,0,Southern Gothic Rock,2031.0,Indie Folk
InStyleOf,16979,16063,0,Southern Gothic Rock,2033.0,Lo-Fi Electronica
InStyleOf,16987,17314,0,,,
InStyleOf,16990,9538,0,Oceanus Folk,2035.0,Indie Rock
InStyleOf,16996,17299,0,,,
InStyleOf,17000,16205,0,Americana,2030.0,Darkwave
InStyleOf,17004,17327,0,,,
InStyleOf,17010,15591,0,Psychedelic Rock,2033.0,Americana
InStyleOf,17012,17299,0,,,
InStyleOf,17017,9489,0,Indie Rock,2038.0,Indie Folk
InStyleOf,17018,11623,0,Indie Rock,2035.0,Jazz Surf Rock
InStyleOf,17019,11966,0,Indie Rock,2035.0,Synthwave
InStyleOf,17022,17255,0,,,
InStyleOf,17036,13220,0,Indie Pop,2031.0,Doom Metal
InStyleOf,17038,7555,0,Indie Pop,2035.0,Space Rock
InStyleOf,17049,14107,0,Oceanus Folk,2038.0,Blues Rock
InStyleOf,17057,17299,0,,,
InStyleOf,17063,17299,0,,,
InStyleOf,17064,3133,0,Jazz Surf Rock,2034.0,Indie Folk
InStyleOf,17064,14945,0,Jazz Surf Rock,2034.0,Indie Folk
InStyleOf,17066,4738,0,Jazz Surf Rock,2034.0,Alternative Rock
InStyleOf,17068,2360,0,Jazz Surf Rock,2036.0,Indie Rock
InStyleOf,17071,17299,0,,,
InStyleOf,17073,2541,0,Space Rock,2033.0,Dream Pop
InStyleOf,17081,6860,0,Blues Rock,2033.0,Space Rock
InStyleOf,17085,14535,0,Darkwave,2036.0,Indie Pop
InStyleOf,17088,917,0,Darkwave,2036.0,Psychedelic Rock
InStyleOf,17094,17320,0,Speed Metal,2034.0,Oceanus Folk
InStyleOf,17104,13436,0,Emo/Pop Punk,2033.0,Doom Metal
InStyleOf,17110,17255,0,,,
InStyleOf,17115,11945,0,Post-Apocalyptic Folk,2031.0,Doom Metal
InStyleOf,17117,9285,0,Post-Apocalyptic Folk,2035.0,Dream Pop
InStyleOf,17120,17314,0,,,
InStyleOf,17123,6251,0,Oceanus Folk,2037.0,Indie Folk
InStyleOf,17125,17245,0,Oceanus Folk,2037.0,Oceanus Folk
InStyleOf,17129,6989,0,Avant-Garde Folk,2033.0,Emo/Pop Punk
InStyleOf,17133,1088,0,Avant-Garde Folk,2039.0,Synthpop
InStyleOf,17140,7484,0,Symphonic Metal,2032.0,Synthwave
InStyleOf,17141,9200,0,Symphonic Metal,2036.0,Indie Folk
InStyleOf,17142,16036,0,Symphonic Metal,2036.0,Alternative Rock
InStyleOf,17146,17260,0,,,
InStyleOf,17147,17131,0,Indie Rock,2035.0,Avant-Garde Folk
InStyleOf,17148,14804,0,Indie Rock,2038.0,Americana
InStyleOf,17149,16715,0,Indie Rock,2034.0,Indie Folk
InStyleOf,17150,1915,0,Indie Rock,2035.0,Synthwave
InStyleOf,17153,8634,0,Indie Rock,2034.0,Americana
InStyleOf,17153,11767,0,Indie Rock,2034.0,Oceanus Folk
InStyleOf,17156,14091,0,Synthpop,2031.0,Synthwave
InStyleOf,17156,7687,0,Synthpop,2031.0,Oceanus Folk
InStyleOf,17157,6193,0,Synthpop,2032.0,Southern Gothic Rock
InStyleOf,17158,2784,0,Synthpop,2033.0,Desert Rock
InStyleOf,17231,14296,0,Oceanus Folk,2029.0,Dream Pop
InStyleOf,17232,4985,0,Oceanus Folk,2032.0,Indie Folk
InStyleOf,17233,4425,0,Oceanus Folk,2029.0,Indie Folk
InStyleOf,17235,17260,0,,,
InStyleOf,17244,7488,0,Oceanus Folk,2028.0,Doom Metal
InStyleOf,17247,13179,0,Oceanus Folk,2030.0,Dream Pop
InStyleOf,17250,17314,0,,,
InStyleOf,17255,17299,0,,,
InStyleOf,17255,17192,0,,,
InStyleOf,17260,17167,0,,,
InStyleOf,17260,17314,0,,,
InStyleOf,17270,16209,0,Oceanus Folk,2026.0,Dream Pop
InStyleOf,17273,3881,0,Oceanus Folk,2030.0,Synthwave
InStyleOf,17275,15855,0,Oceanus Folk,2034.0,Synthwave
InStyleOf,17280,10534,0,Oceanus Folk,2028.0,Psychedelic Rock
InStyleOf,17285,8207,0,Oceanus Folk,2030.0,Alternative Rock
InStyleOf,17286,10903,0,Oceanus Folk,2032.0,Dream Pop
InStyleOf,17289,5574,0,Oceanus Folk,2034.0,Indie Folk
InStyleOf,17290,12237,0,Oceanus Folk,2036.0,Indie Rock
InStyleOf,17292,6592,0,Oceanus Folk,2038.0,Emo/Pop Punk
InStyleOf,17333,4222,0,Oceanus Folk,2005.0,Dream Pop
InStyleOf,17340,17192,0,,,
InStyleOf,17343,15911,0,Oceanus Folk,2029.0,Symphonic Metal
InStyleOf,17344,4613,0,Oceanus Folk,2029.0,Alternative Rock
InStyleOf,17347,10819,0,Oceanus Folk,2029.0,Space Rock
InStyleOf,17349,17260,0,,,
InStyleOf,17352,11485,0,Oceanus Folk,2031.0,Oceanus Folk
InStyleOf,17355,17207,0,,,
InStyleOf,17361,17260,0,,,
InStyleOf,17362,12858,0,Oceanus Folk,2034.0,Doom Metal
InterpolatesFrom,0,1841,0,Oceanus Folk,2017.0,Indie Folk
InterpolatesFrom,5,5088,0,Lo-Fi Electronica,2026.0,Lo-Fi Electronica
InterpolatesFrom,5,11677,0,Lo-Fi Electronica,2026.0,Lo-Fi Electronica
InterpolatesFrom,5,13985,0,Lo-Fi Electronica,2026.0,Lo-Fi Electronica
InterpolatesFrom,5,13297,0,Lo-Fi Electronica,2026.0,Lo-Fi Electronica
InterpolatesFrom,5,3387,0,Lo-Fi Electronica,2026.0,Lo-Fi Electronica
InterpolatesFrom,10,14322,0,Indie Folk,2020.0,Post-Apocalyptic Folk
InterpolatesFrom,15,16367,0,Darkwave,2027.0,Darkwave
InterpolatesFrom,60,13681,0,Americana,2023.0,Indie Folk
InterpolatesFrom,71,12515,0,Indie Folk,2017.0,Psychedelic Rock
InterpolatesFrom,92,12673,0,Americana,2023.0,Americana
InterpolatesFrom,106,15275,0,Blues Rock,2020.0,Alternative Rock
InterpolatesFrom,121,5288,0,Indie Folk,2025.0,Doom Metal
InterpolatesFrom,139,14023,0,Speed Metal,2023.0,Speed Metal
InterpolatesFrom,148,15702,0,Speed Metal,2010.0,Speed Metal
InterpolatesFrom,148,4861,0,Speed Metal,2010.0,Speed Metal
InterpolatesFrom,148,6227,0,Speed Metal,2010.0,Speed Metal
InterpolatesFrom,187,2956,0,Indie Folk,2020.0,Indie Folk
InterpolatesFrom,210,7278,0,Darkwave,2029.0,Synthwave
InterpolatesFrom,210,13287,0,Darkwave,2029.0,Synthwave
InterpolatesFrom,249,1955,0,Emo/Pop Punk,2010.0,Emo/Pop Punk
InterpolatesFrom,292,5432,0,Dream Pop,2016.0,Synthwave
InterpolatesFrom,321,8307,0,Space Rock,2025.0,Jazz Surf Rock
InterpolatesFrom,321,14987,0,Space Rock,2025.0,Doom Metal
InterpolatesFrom,329,4378,0,Blues Rock,2025.0,Southern Gothic Rock
InterpolatesFrom,349,16048,0,Americana,2028.0,Dream Pop
InterpolatesFrom,376,15971,0,Dream Pop,2030.0,Indie Rock
InterpolatesFrom,391,6301,0,Dream Pop,2030.0,Post-Apocalyptic Folk
InterpolatesFrom,461,3337,0,Americana,2027.0,Indie Folk
InterpolatesFrom,473,13216,0,Synthwave,2027.0,Desert Rock
InterpolatesFrom,478,16724,0,Speed Metal,2018.0,Speed Metal
InterpolatesFrom,482,3766,0,Dream Pop,2004.0,Dream Pop
InterpolatesFrom,558,5526,0,Alternative Rock,2027.0,Southern Gothic Rock
InterpolatesFrom,563,14136,0,Synthwave,2026.0,Doom Metal
InterpolatesFrom,611,10726,0,Indie Folk,2014.0,Indie Folk
InterpolatesFrom,642,6762,0,Darkwave,2010.0,Symphonic Metal
InterpolatesFrom,683,1326,0,Jazz Surf Rock,2025.0,Jazz Surf Rock
InterpolatesFrom,695,11299,0,Avant-Garde Folk,2012.0,Avant-Garde Folk
InterpolatesFrom,713,2413,0,Dream Pop,2027.0,Dream Pop
InterpolatesFrom,713,11432,0,Dream Pop,2027.0,Dream Pop
InterpolatesFrom,713,5233,0,Dream Pop,2027.0,Dream Pop
InterpolatesFrom,736,1407,0,Doom Metal,2026.0,Desert Rock
InterpolatesFrom,773,10457,0,Indie Folk,2022.0,Dream Pop
InterpolatesFrom,787,4155,0,Psychedelic Rock,2028.0,Psychedelic Rock
InterpolatesFrom,799,11300,0,Space Rock,2024.0,Dream Pop
InterpolatesFrom,830,1524,0,Psychedelic Rock,2024.0,Psychedelic Rock
InterpolatesFrom,830,12596,0,Psychedelic Rock,2024.0,Psychedelic Rock
InterpolatesFrom,852,11146,0,Space Rock,2028.0,Synthpop
InterpolatesFrom,871,13615,0,Synthwave,2024.0,Post-Apocalyptic Folk
InterpolatesFrom,876,13484,0,Indie Rock,2010.0,Indie Rock
InterpolatesFrom,906,9300,0,Dream Pop,2029.0,Jazz Surf Rock
InterpolatesFrom,912,3939,0,Indie Folk,2017.0,Space Rock
InterpolatesFrom,917,14816,0,Psychedelic Rock,2017.0,Synthwave
InterpolatesFrom,917,6915,0,Psychedelic Rock,2017.0,Symphonic Metal
InterpolatesFrom,917,16512,0,Psychedelic Rock,2017.0,Americana
InterpolatesFrom,917,3252,0,Psychedelic Rock,2017.0,Psychedelic Rock
InterpolatesFrom,925,6344,0,Indie Folk,2027.0,Desert Rock
InterpolatesFrom,925,14762,0,Indie Folk,2027.0,Oceanus Folk
InterpolatesFrom,970,9123,0,Alternative Rock,2022.0,Southern Gothic Rock
InterpolatesFrom,970,13188,0,Alternative Rock,2022.0,Indie Rock
InterpolatesFrom,980,15622,0,Indie Folk,2020.0,Doom Metal
InterpolatesFrom,999,9884,0,Americana,2027.0,Psychedelic Rock
InterpolatesFrom,1024,13214,0,Dream Pop,2029.0,Darkwave
InterpolatesFrom,1024,6920,0,Dream Pop,2029.0,Darkwave
InterpolatesFrom,1024,1431,0,Dream Pop,2029.0,Darkwave
InterpolatesFrom,1080,9749,0,Post-Apocalyptic Folk,2029.0,Synthwave
InterpolatesFrom,1096,14661,0,Emo/Pop Punk,2019.0,Emo/Pop Punk
InterpolatesFrom,1096,5109,0,Emo/Pop Punk,2019.0,Emo/Pop Punk
InterpolatesFrom,1113,7026,0,Americana,1991.0,Americana
InterpolatesFrom,1136,16090,0,Dream Pop,2027.0,Synthpop
InterpolatesFrom,1140,827,0,Lo-Fi Electronica,2018.0,Lo-Fi Electronica
InterpolatesFrom,1140,10574,0,Lo-Fi Electronica,2018.0,Lo-Fi Electronica
InterpolatesFrom,1156,3168,0,Synthwave,2022.0,Indie Folk
InterpolatesFrom,1170,1955,0,Emo/Pop Punk,2004.0,Emo/Pop Punk
InterpolatesFrom,1208,6860,0,Space Rock,2028.0,Space Rock
InterpolatesFrom,1208,1600,0,Space Rock,2028.0,Space Rock
InterpolatesFrom,1213,2182,0,Dream Pop,1991.0,Dream Pop
InterpolatesFrom,1236,15015,0,Doom Metal,2013.0,Doom Metal
InterpolatesFrom,1265,2467,0,Lo-Fi Electronica,2001.0,Lo-Fi Electronica
InterpolatesFrom,1279,15622,0,Synthwave,2023.0,Doom Metal
InterpolatesFrom,1279,6051,0,Synthwave,2023.0,Desert Rock
InterpolatesFrom,1286,4666,0,Dream Pop,2027.0,Indie Folk
InterpolatesFrom,1298,10754,0,Dream Pop,2026.0,Dream Pop
InterpolatesFrom,1326,12089,0,Jazz Surf Rock,1996.0,Jazz Surf Rock
InterpolatesFrom,1358,9014,0,Dream Pop,2027.0,Dream Pop
InterpolatesFrom,1378,3252,0,Psychedelic Rock,2028.0,Psychedelic Rock
InterpolatesFrom,1425,4046,0,Doom Metal,2023.0,Jazz Surf Rock
InterpolatesFrom,1466,966,0,Lo-Fi Electronica,2015.0,Lo-Fi Electronica
InterpolatesFrom,1466,14512,0,Lo-Fi Electronica,2015.0,Lo-Fi Electronica
InterpolatesFrom,1466,14768,0,Lo-Fi Electronica,2015.0,Lo-Fi Electronica
InterpolatesFrom,1470,15622,0,Doom Metal,2004.0,Doom Metal
InterpolatesFrom,1483,12397,0,Psychedelic Rock,2027.0,Dream Pop
InterpolatesFrom,1508,9488,0,Doom Metal,2018.0,Synthwave
InterpolatesFrom,1508,8593,0,Doom Metal,2018.0,Doom Metal
InterpolatesFrom,1515,6556,0,Doom Metal,2029.0,Symphonic Metal
InterpolatesFrom,1515,3633,0,Doom Metal,2029.0,Doom Metal
InterpolatesFrom,1571,8215,0,Indie Rock,2026.0,Doom Metal
InterpolatesFrom,1585,9716,0,Dream Pop,2007.0,Americana
InterpolatesFrom,1588,11780,0,Americana,2029.0,Dream Pop
InterpolatesFrom,1600,11339,0,Space Rock,2025.0,Indie Rock
InterpolatesFrom,1629,2662,0,Desert Rock,2023.0,Oceanus Folk
InterpolatesFrom,1629,7640,0,Desert Rock,2023.0,Desert Rock
InterpolatesFrom,1661,11033,0,Doom Metal,2013.0,Doom Metal
InterpolatesFrom,1661,14086,0,Doom Metal,2013.0,Doom Metal
InterpolatesFrom,1671,14987,0,Darkwave,2026.0,Doom Metal
InterpolatesFrom,1680,10035,0,Space Rock,2027.0,Post-Apocalyptic Folk
InterpolatesFrom,1715,11331,0,Dream Pop,2029.0,Dream Pop
InterpolatesFrom,1757,15983,0,Avant-Garde Folk,2010.0,Avant-Garde Folk
InterpolatesFrom,1772,3349,0,Southern Gothic Rock,2010.0,Indie Pop
InterpolatesFrom,1772,13811,0,Southern Gothic Rock,2010.0,Southern Gothic Rock
InterpolatesFrom,1773,467,0,Darkwave,2030.0,Post-Apocalyptic Folk
InterpolatesFrom,1779,11945,0,Indie Folk,2017.0,Doom Metal
InterpolatesFrom,1787,12673,0,Indie Folk,2026.0,Americana
InterpolatesFrom,1797,4675,0,Americana,2028.0,Desert Rock
InterpolatesFrom,1797,14621,0,Americana,2028.0,Psychedelic Rock
InterpolatesFrom,1804,13208,0,Indie Folk,2013.0,Dream Pop
InterpolatesFrom,1814,2333,0,Southern Gothic Rock,2006.0,Indie Pop
InterpolatesFrom,1814,12475,0,Southern Gothic Rock,2006.0,Southern Gothic Rock
InterpolatesFrom,1817,3497,0,Indie Rock,1997.0,Synthwave
InterpolatesFrom,1830,3329,0,Post-Apocalyptic Folk,2029.0,Post-Apocalyptic Folk
InterpolatesFrom,1830,5389,0,Post-Apocalyptic Folk,2029.0,Post-Apocalyptic Folk
InterpolatesFrom,1884,15622,0,Doom Metal,2010.0,Doom Metal
InterpolatesFrom,1898,15622,0,Dream Pop,2028.0,Doom Metal
InterpolatesFrom,1915,13302,0,Synthwave,2023.0,Indie Rock
InterpolatesFrom,1915,10747,0,Synthwave,2023.0,Dream Pop
InterpolatesFrom,1915,11847,0,Synthwave,2023.0,Dream Pop
InterpolatesFrom,1933,2331,0,Avant-Garde Folk,2025.0,Blues Rock
InterpolatesFrom,1933,6503,0,Avant-Garde Folk,2025.0,Emo/Pop Punk
InterpolatesFrom,1933,2927,0,Avant-Garde Folk,2025.0,Southern Gothic Rock
InterpolatesFrom,1939,7116,0,Space Rock,2026.0,Doom Metal
InterpolatesFrom,2009,7278,0,Space Rock,2028.0,Synthwave
InterpolatesFrom,2013,5887,0,Synthwave,2017.0,Doom Metal
InterpolatesFrom,2061,16409,0,Dream Pop,2028.0,Dream Pop
InterpolatesFrom,2061,445,0,Dream Pop,2028.0,Psychedelic Rock
InterpolatesFrom,2068,3267,0,Southern Gothic Rock,1996.0,Indie Pop
InterpolatesFrom,2078,15715,0,Indie Pop,2026.0,Southern Gothic Rock
InterpolatesFrom,2099,298,0,Doom Metal,2023.0,Indie Folk
InterpolatesFrom,2130,7830,0,Dream Pop,2029.0,Space Rock
InterpolatesFrom,2169,6417,0,Oceanus Folk,2026.0,Oceanus Folk
InterpolatesFrom,2223,4880,0,Alternative Rock,2026.0,Alternative Rock
InterpolatesFrom,2223,11558,0,Alternative Rock,2026.0,Alternative Rock
InterpolatesFrom,2234,13335,0,Lo-Fi Electronica,2025.0,Lo-Fi Electronica
InterpolatesFrom,2277,2467,0,Lo-Fi Electronica,2004.0,Lo-Fi Electronica
InterpolatesFrom,2303,3512,0,Alternative Rock,2025.0,Indie Pop
InterpolatesFrom,2333,12822,0,Indie Pop,2000.0,Southern Gothic Rock
InterpolatesFrom,2335,15409,0,Darkwave,2020.0,Dream Pop
InterpolatesFrom,2360,1244,0,Indie Rock,2017.0,Indie Rock
InterpolatesFrom,2364,9488,0,Doom Metal,2020.0,Synthwave
InterpolatesFrom,2440,15089,0,Dream Pop,2019.0,Synthwave
InterpolatesFrom,2446,5826,0,Indie Folk,2024.0,Desert Rock
InterpolatesFrom,2493,12822,0,Southern Gothic Rock,2012.0,Southern Gothic Rock
InterpolatesFrom,2493,11298,0,Southern Gothic Rock,2012.0,Indie Pop
InterpolatesFrom,2534,15745,0,Indie Pop,2020.0,Southern Gothic Rock
InterpolatesFrom,2541,13049,0,Dream Pop,2027.0,Psychedelic Rock
InterpolatesFrom,2549,12010,0,Alternative Rock,2017.0,Alternative Rock
InterpolatesFrom,2549,14749,0,Alternative Rock,2017.0,Alternative Rock
InterpolatesFrom,2555,4653,0,Dream Pop,2029.0,Synthwave
InterpolatesFrom,2567,9716,0,Post-Apocalyptic Folk,2022.0,Americana
InterpolatesFrom,2633,2687,0,Space Rock,2026.0,Space Rock
InterpolatesFrom,2633,1907,0,Space Rock,2026.0,Synthwave
InterpolatesFrom,2658,8815,0,Dream Pop,2007.0,Dream Pop
InterpolatesFrom,2679,13197,0,Blues Rock,2007.0,Blues Rock
InterpolatesFrom,2683,13985,0,Indie Rock,2023.0,Lo-Fi Electronica
InterpolatesFrom,2696,13480,0,Doom Metal,2010.0,Synthwave
InterpolatesFrom,2724,4652,0,Dream Pop,2023.0,Doom Metal
InterpolatesFrom,2738,12162,0,Dream Pop,2023.0,Alternative Rock
InterpolatesFrom,2761,14590,0,Dream Pop,2007.0,Synthwave
InterpolatesFrom,2794,12821,0,Southern Gothic Rock,2004.0,Blues Rock
InterpolatesFrom,2831,13658,0,Synthpop,2026.0,Synthwave
InterpolatesFrom,2848,827,0,Lo-Fi Electronica,2010.0,Lo-Fi Electronica
InterpolatesFrom,2858,9483,0,Dream Pop,2023.0,Doom Metal
InterpolatesFrom,2863,4777,0,Indie Rock,2022.0,Synthwave
InterpolatesFrom,2887,1841,0,Synthwave,2029.0,Indie Folk
InterpolatesFrom,2906,7680,0,Dream Pop,2020.0,Dream Pop
InterpolatesFrom,2927,6674,0,Southern Gothic Rock,1987.0,Blues Rock
InterpolatesFrom,2933,15791,0,Dream Pop,2029.0,Dream Pop
InterpolatesFrom,2959,7278,0,Dream Pop,2028.0,Synthwave
InterpolatesFrom,2959,438,0,Dream Pop,2028.0,Dream Pop
InterpolatesFrom,2975,12366,0,Space Rock,2024.0,Synthwave
InterpolatesFrom,3008,13941,0,Dream Pop,2021.0,Synthwave
InterpolatesFrom,3025,16524,0,Oceanus Folk,2017.0,Oceanus Folk
InterpolatesFrom,3031,8858,0,Desert Rock,2028.0,Oceanus Folk
InterpolatesFrom,3049,13525,0,Alternative Rock,1996.0,Alternative Rock
InterpolatesFrom,3053,6611,0,Desert Rock,2024.0,Oceanus Folk
InterpolatesFrom,3080,11365,0,Avant-Garde Folk,2017.0,Southern Gothic Rock
InterpolatesFrom,3080,13680,0,Avant-Garde Folk,2017.0,Indie Pop
InterpolatesFrom,3080,16035,0,Avant-Garde Folk,2017.0,Avant-Garde Folk
InterpolatesFrom,3087,438,0,Jazz Surf Rock,2019.0,Dream Pop
InterpolatesFrom,3088,6006,0,Psychedelic Rock,2021.0,Doom Metal
InterpolatesFrom,3094,16162,0,Jazz Surf Rock,2023.0,Emo/Pop Punk
InterpolatesFrom,3136,15358,0,Desert Rock,2027.0,Doom Metal
InterpolatesFrom,3136,6006,0,Desert Rock,2027.0,Doom Metal
InterpolatesFrom,3151,14799,0,Alternative Rock,2015.0,Dream Pop
InterpolatesFrom,3163,6674,0,Speed Metal,2001.0,Blues Rock
InterpolatesFrom,3174,12120,0,Dream Pop,2029.0,Dream Pop
InterpolatesFrom,3183,4335,0,Southern Gothic Rock,2029.0,Southern Gothic Rock
InterpolatesFrom,3205,13659,0,Psychedelic Rock,2029.0,Psychedelic Rock
InterpolatesFrom,3224,13941,0,Synthwave,2013.0,Synthwave
InterpolatesFrom,3237,12794,0,Psychedelic Rock,2024.0,Dream Pop
InterpolatesFrom,3289,12008,0,Lo-Fi Electronica,2019.0,Lo-Fi Electronica
InterpolatesFrom,3362,13611,0,Synthwave,2022.0,Doom Metal
InterpolatesFrom,3362,11962,0,Synthwave,2022.0,Indie Folk
InterpolatesFrom,3362,13732,0,Synthwave,2022.0,Doom Metal
InterpolatesFrom,3362,13094,0,Synthwave,2022.0,Dream Pop
InterpolatesFrom,3362,8019,0,Synthwave,2022.0,Jazz Surf Rock
InterpolatesFrom,3362,8245,0,Synthwave,2022.0,Space Rock
InterpolatesFrom,3362,16202,0,Synthwave,2022.0,Synthwave
InterpolatesFrom,3362,3966,0,Synthwave,2022.0,Synthwave
InterpolatesFrom,3362,12650,0,Synthwave,2022.0,Synthwave
InterpolatesFrom,3373,14965,0,Dream Pop,2022.0,Doom Metal
InterpolatesFrom,3390,6735,0,Dream Pop,2014.0,Alternative Rock
InterpolatesFrom,3422,16099,0,Dream Pop,2020.0,Dream Pop
InterpolatesFrom,3457,3194,0,Indie Folk,2023.0,Oceanus Folk
InterpolatesFrom,3467,10367,0,Doom Metal,2016.0,Synthwave
InterpolatesFrom,3491,3128,0,Indie Folk,2030.0,Dream Pop
InterpolatesFrom,3497,7128,0,Synthwave,2000.0,Dream Pop
InterpolatesFrom,3506,7707,0,Indie Pop,2011.0,Avant-Garde Folk
InterpolatesFrom,3520,3025,0,Oceanus Folk,2026.0,Oceanus Folk
InterpolatesFrom,3531,16158,0,Doom Metal,2017.0,Psychedelic Rock
InterpolatesFrom,3559,10135,0,Jazz Surf Rock,2027.0,Jazz Surf Rock
InterpolatesFrom,3580,13324,0,Dream Pop,2027.0,Oceanus Folk
InterpolatesFrom,3587,4847,0,Doom Metal,2027.0,Indie Rock
InterpolatesFrom,3593,7296,0,Symphonic Metal,2020.0,Symphonic Metal
InterpolatesFrom,3596,12382,0,Avant-Garde Folk,2015.0,Alternative Rock
InterpolatesFrom,3596,15838,0,Avant-Garde Folk,2015.0,Avant-Garde Folk
InterpolatesFrom,3616,14266,0,Indie Folk,2017.0,Indie Folk
InterpolatesFrom,3627,11984,0,Southern Gothic Rock,2014.0,Blues Rock
InterpolatesFrom,3644,13335,0,Lo-Fi Electronica,2019.0,Lo-Fi Electronica
InterpolatesFrom,3676,14987,0,Jazz Surf Rock,2027.0,Doom Metal
InterpolatesFrom,3688,10550,0,Doom Metal,2026.0,Doom Metal
InterpolatesFrom,3719,4294,0,Space Rock,2026.0,Americana
InterpolatesFrom,3734,8892,0,Synthwave,2030.0,Desert Rock
InterpolatesFrom,3734,15779,0,Synthwave,2030.0,Dream Pop
InterpolatesFrom,3750,8257,0,Space Rock,2029.0,Jazz Surf Rock
InterpolatesFrom,3773,14021,0,Synthwave,2030.0,Dream Pop
InterpolatesFrom,3782,14206,0,Oceanus Folk,2020.0,Synthpop
InterpolatesFrom,3787,14143,0,Darkwave,2029.0,Darkwave
InterpolatesFrom,3795,8282,0,Synthwave,2020.0,Synthwave
InterpolatesFrom,3797,14291,0,Dream Pop,2020.0,Americana
InterpolatesFrom,3801,16589,0,Southern Gothic Rock,2007.0,Emo/Pop Punk
InterpolatesFrom,3806,14223,0,Space Rock,2026.0,Psychedelic Rock
InterpolatesFrom,3823,6368,0,Americana,2000.0,Synthwave
InterpolatesFrom,3826,12373,0,Lo-Fi Electronica,2019.0,Lo-Fi Electronica
InterpolatesFrom,3826,2467,0,Lo-Fi Electronica,2019.0,Lo-Fi Electronica
InterpolatesFrom,3826,11327,0,Lo-Fi Electronica,2019.0,Lo-Fi Electronica
InterpolatesFrom,3859,7157,0,Blues Rock,2023.0,Southern Gothic Rock
InterpolatesFrom,3881,636,0,Synthwave,2004.0,Synthwave
InterpolatesFrom,3891,1841,0,Desert Rock,2023.0,Indie Folk
InterpolatesFrom,3917,438,0,Synthwave,2026.0,Dream Pop
InterpolatesFrom,3931,14118,0,Indie Folk,2023.0,Indie Folk
InterpolatesFrom,3931,12245,0,Indie Folk,2023.0,Indie Folk
InterpolatesFrom,3939,8434,0,Space Rock,2013.0,Americana
InterpolatesFrom,3962,8050,0,Speed Metal,1997.0,Speed Metal
InterpolatesFrom,3962,16298,0,Speed Metal,1997.0,Lo-Fi Electronica
InterpolatesFrom,3966,6635,0,Synthwave,2018.0,Doom Metal
InterpolatesFrom,3972,13563,0,Oceanus Folk,2024.0,Synthpop
InterpolatesFrom,4003,11122,0,Synthwave,2020.0,Americana
InterpolatesFrom,4023,5854,0,Oceanus Folk,2026.0,Indie Folk
InterpolatesFrom,4023,6994,0,Oceanus Folk,2026.0,Oceanus Folk
InterpolatesFrom,4029,12079,0,Synthwave,2027.0,Synthwave
InterpolatesFrom,4034,3923,0,Desert Rock,2030.0,Indie Folk
InterpolatesFrom,4038,10319,0,Psychedelic Rock,2020.0,Psychedelic Rock
InterpolatesFrom,4046,11753,0,Jazz Surf Rock,2018.0,Symphonic Metal
InterpolatesFrom,4046,6006,0,Jazz Surf Rock,2018.0,Doom Metal
InterpolatesFrom,4046,4222,0,Jazz Surf Rock,2018.0,Dream Pop
InterpolatesFrom,4046,8138,0,Jazz Surf Rock,2018.0,Dream Pop
InterpolatesFrom,4077,5826,0,Jazz Surf Rock,2023.0,Desert Rock
InterpolatesFrom,4085,3249,0,Indie Folk,2023.0,Alternative Rock
InterpolatesFrom,4085,13969,0,Indie Folk,2023.0,Jazz Surf Rock
InterpolatesFrom,4105,7469,0,Dream Pop,2007.0,Dream Pop
InterpolatesFrom,4107,14369,0,Indie Folk,2028.0,Jazz Surf Rock
InterpolatesFrom,4112,10004,0,Symphonic Metal,2029.0,Symphonic Metal
InterpolatesFrom,4120,11319,0,Indie Rock,2021.0,Indie Rock
InterpolatesFrom,4126,15343,0,Speed Metal,2020.0,Speed Metal
InterpolatesFrom,4140,5796,0,Synthwave,2026.0,Doom Metal
InterpolatesFrom,4148,4377,0,Indie Rock,2029.0,Doom Metal
InterpolatesFrom,4167,6674,0,Southern Gothic Rock,2017.0,Blues Rock
InterpolatesFrom,4167,8207,0,Southern Gothic Rock,2017.0,Alternative Rock
InterpolatesFrom,4167,10513,0,Southern Gothic Rock,2017.0,Blues Rock
InterpolatesFrom,4167,16528,0,Southern Gothic Rock,2017.0,Emo/Pop Punk
InterpolatesFrom,4167,3721,0,Southern Gothic Rock,2017.0,Southern Gothic Rock
InterpolatesFrom,4169,2068,0,Southern Gothic Rock,2013.0,Southern Gothic Rock
InterpolatesFrom,4172,11855,0,Alternative Rock,2017.0,Americana
InterpolatesFrom,4190,5787,0,Indie Folk,2022.0,Synthwave
InterpolatesFrom,4194,6628,0,Doom Metal,2026.0,Indie Rock
InterpolatesFrom,4250,6262,0,Blues Rock,2003.0,Dream Pop
InterpolatesFrom,4253,16626,0,Desert Rock,2029.0,Dream Pop
InterpolatesFrom,4288,12109,0,Desert Rock,2017.0,Doom Metal
InterpolatesFrom,4299,14746,0,Desert Rock,2030.0,Oceanus Folk
InterpolatesFrom,4352,1841,0,Oceanus Folk,2028.0,Indie Folk
InterpolatesFrom,4393,3194,0,Oceanus Folk,2029.0,Oceanus Folk
InterpolatesFrom,4406,10432,0,Southern Gothic Rock,2013.0,Southern Gothic Rock
InterpolatesFrom,4481,4849,0,Alternative Rock,2001.0,Synthwave
InterpolatesFrom,4492,8587,0,Space Rock,2018.0,Synthwave
InterpolatesFrom,4534,6322,0,Dream Pop,2023.0,Desert Rock
InterpolatesFrom,4541,445,0,Psychedelic Rock,2023.0,Psychedelic Rock
InterpolatesFrom,4541,12515,0,Psychedelic Rock,2023.0,Psychedelic Rock
InterpolatesFrom,4547,14202,0,Psychedelic Rock,2020.0,Psychedelic Rock
InterpolatesFrom,4557,3512,0,Avant-Garde Folk,2015.0,Indie Pop
InterpolatesFrom,4607,13302,0,Dream Pop,2028.0,Indie Rock
InterpolatesFrom,4613,11640,0,Alternative Rock,2025.0,Dream Pop
InterpolatesFrom,4624,12273,0,Blues Rock,2026.0,Blues Rock
InterpolatesFrom,4626,14202,0,Dream Pop,2020.0,Psychedelic Rock
InterpolatesFrom,4626,12397,0,Dream Pop,2020.0,Dream Pop
InterpolatesFrom,4645,15622,0,Desert Rock,2029.0,Doom Metal
InterpolatesFrom,4680,9511,0,Dream Pop,2017.0,Dream Pop
InterpolatesFrom,4687,10246,0,Indie Folk,2020.0,Doom Metal
InterpolatesFrom,4704,6535,0,Jazz Surf Rock,2028.0,Symphonic Metal
InterpolatesFrom,4725,15025,0,Southern Gothic Rock,2025.0,Southern Gothic Rock
InterpolatesFrom,4728,14118,0,Desert Rock,2020.0,Indie Folk
InterpolatesFrom,4758,5432,0,Jazz Surf Rock,2029.0,Synthwave
InterpolatesFrom,4774,16670,0,Lo-Fi Electronica,2029.0,Lo-Fi Electronica
InterpolatesFrom,4814,6006,0,Doom Metal,2015.0,Doom Metal
InterpolatesFrom,4818,6006,0,Doom Metal,2018.0,Doom Metal
InterpolatesFrom,4821,15198,0,Dream Pop,2028.0,Dream Pop
InterpolatesFrom,4821,9831,0,Dream Pop,2028.0,Space Rock
InterpolatesFrom,4821,445,0,Dream Pop,2028.0,Psychedelic Rock
InterpolatesFrom,4821,467,0,Dream Pop,2028.0,Post-Apocalyptic Folk
InterpolatesFrom,4821,4742,0,Dream Pop,2028.0,Psychedelic Rock
InterpolatesFrom,4821,1759,0,Dream Pop,2028.0,Space Rock
InterpolatesFrom,4821,585,0,Dream Pop,2028.0,Post-Apocalyptic Folk
InterpolatesFrom,4839,6367,0,Americana,2025.0,Americana
InterpolatesFrom,4854,13357,0,Southern Gothic Rock,2004.0,Southern Gothic Rock
InterpolatesFrom,4854,4609,0,Southern Gothic Rock,2004.0,Avant-Garde Folk
InterpolatesFrom,4862,1508,0,Americana,2026.0,Doom Metal
InterpolatesFrom,4892,7116,0,Jazz Surf Rock,2027.0,Doom Metal
InterpolatesFrom,4897,10513,0,Blues Rock,2016.0,Blues Rock
InterpolatesFrom,4900,5584,0,Doom Metal,2023.0,Doom Metal
InterpolatesFrom,4903,12397,0,Indie Rock,2014.0,Dream Pop
InterpolatesFrom,4912,13681,0,Space Rock,2028.0,Indie Folk
InterpolatesFrom,4920,13413,0,Darkwave,2029.0,Indie Folk
InterpolatesFrom,4935,4498,0,Synthwave,2030.0,Indie Folk
InterpolatesFrom,4945,5952,0,Desert Rock,2026.0,Indie Rock
InterpolatesFrom,4945,4541,0,Desert Rock,2026.0,Psychedelic Rock
InterpolatesFrom,4945,13965,0,Desert Rock,2026.0,Oceanus Folk
InterpolatesFrom,4945,1007,0,Desert Rock,2026.0,Indie Rock
InterpolatesFrom,4945,5826,0,Desert Rock,2026.0,Desert Rock
InterpolatesFrom,4959,2360,0,Indie Rock,2023.0,Indie Rock
InterpolatesFrom,4965,4996,0,Synthwave,2020.0,Synthwave
InterpolatesFrom,4973,11608,0,Dream Pop,2024.0,Americana
InterpolatesFrom,4973,14969,0,Dream Pop,2024.0,Dream Pop
InterpolatesFrom,4992,7036,0,Indie Pop,1997.0,Indie Pop
InterpolatesFrom,4992,2807,0,Indie Pop,1997.0,Blues Rock
InterpolatesFrom,5021,16707,0,Jazz Surf Rock,2024.0,Space Rock
InterpolatesFrom,5028,2279,0,Alternative Rock,2007.0,Dream Pop
InterpolatesFrom,5029,1748,0,Desert Rock,2026.0,Dream Pop
InterpolatesFrom,5029,3697,0,Desert Rock,2026.0,Darkwave
InterpolatesFrom,5029,5527,0,Desert Rock,2026.0,Psychedelic Rock
InterpolatesFrom,5035,3898,0,Space Rock,2028.0,Desert Rock
InterpolatesFrom,5035,15271,0,Space Rock,2028.0,Oceanus Folk
InterpolatesFrom,5035,13033,0,Space Rock,2028.0,Indie Folk
InterpolatesFrom,5035,4393,0,Space Rock,2028.0,Oceanus Folk
InterpolatesFrom,5035,6428,0,Space Rock,2028.0,Oceanus Folk
InterpolatesFrom,5040,4849,0,Lo-Fi Electronica,2026.0,Synthwave
InterpolatesFrom,5040,12517,0,Lo-Fi Electronica,2026.0,Lo-Fi Electronica
InterpolatesFrom,5046,15622,0,Americana,2007.0,Doom Metal
InterpolatesFrom,5053,8431,0,Jazz Surf Rock,2029.0,Post-Apocalyptic Folk
InterpolatesFrom,5059,543,0,Doom Metal,2023.0,Doom Metal
InterpolatesFrom,5074,2510,0,Dream Pop,2010.0,Dream Pop
InterpolatesFrom,5088,827,0,Lo-Fi Electronica,2026.0,Lo-Fi Electronica
InterpolatesFrom,5100,3501,0,Oceanus Folk,2010.0,Oceanus Folk
InterpolatesFrom,5109,3779,0,Emo/Pop Punk,2004.0,Blues Rock
InterpolatesFrom,5113,12104,0,Indie Rock,2026.0,Doom Metal
InterpolatesFrom,5113,1611,0,Indie Rock,2026.0,Indie Rock
InterpolatesFrom,5146,16233,0,Darkwave,2026.0,Psychedelic Rock
InterpolatesFrom,5173,13287,0,Dream Pop,2029.0,Synthwave
InterpolatesFrom,5203,4749,0,Emo/Pop Punk,2007.0,Emo/Pop Punk
InterpolatesFrom,5254,6575,0,Blues Rock,2028.0,Symphonic Metal
InterpolatesFrom,5254,233,0,Blues Rock,2028.0,Doom Metal
InterpolatesFrom,5264,12792,0,Doom Metal,2007.0,Dream Pop
InterpolatesFrom,5265,13430,0,Speed Metal,2002.0,Speed Metal
InterpolatesFrom,5285,14210,0,Dream Pop,2017.0,Jazz Surf Rock
InterpolatesFrom,5300,3991,0,Psychedelic Rock,2027.0,Synthwave
InterpolatesFrom,5322,438,0,Dream Pop,2027.0,Dream Pop
InterpolatesFrom,5335,12273,0,Blues Rock,2013.0,Blues Rock
InterpolatesFrom,5335,16720,0,Blues Rock,2013.0,Blues Rock
InterpolatesFrom,5356,11377,0,Psychedelic Rock,2016.0,Psychedelic Rock
InterpolatesFrom,5361,13196,0,Emo/Pop Punk,2026.0,Southern Gothic Rock
InterpolatesFrom,5361,4411,0,Emo/Pop Punk,2026.0,Southern Gothic Rock
InterpolatesFrom,5376,1841,0,Desert Rock,2022.0,Indie Folk
InterpolatesFrom,5389,9884,0,Post-Apocalyptic Folk,2020.0,Psychedelic Rock
InterpolatesFrom,5394,3464,0,Americana,2027.0,Doom Metal
InterpolatesFrom,5407,12344,0,Avant-Garde Folk,2023.0,Alternative Rock
InterpolatesFrom,5407,6864,0,Avant-Garde Folk,2023.0,Avant-Garde Folk
InterpolatesFrom,5425,8888,0,Doom Metal,2013.0,Indie Rock
InterpolatesFrom,5438,13800,0,Dream Pop,2028.0,Psychedelic Rock
InterpolatesFrom,5457,3501,0,Oceanus Folk,2017.0,Oceanus Folk
InterpolatesFrom,5477,10673,0,Americana,2026.0,Doom Metal
InterpolatesFrom,5483,12538,0,Synthwave,2023.0,Symphonic Metal
InterpolatesFrom,5489,11097,0,Dream Pop,2025.0,Darkwave
InterpolatesFrom,5546,4861,0,Speed Metal,2000.0,Speed Metal
InterpolatesFrom,5559,10361,0,Synthpop,2023.0,Post-Apocalyptic Folk
InterpolatesFrom,5574,4413,0,Indie Folk,2017.0,Symphonic Metal
InterpolatesFrom,5591,6762,0,Symphonic Metal,2025.0,Symphonic Metal
InterpolatesFrom,5611,11404,0,Emo/Pop Punk,2002.0,Emo/Pop Punk
InterpolatesFrom,5616,5100,0,Space Rock,2018.0,Oceanus Folk
InterpolatesFrom,5620,9576,0,Synthwave,2028.0,Doom Metal
InterpolatesFrom,5625,454,0,Synthwave,2003.0,Synthwave
InterpolatesFrom,5643,827,0,Lo-Fi Electronica,2011.0,Lo-Fi Electronica
InterpolatesFrom,5643,2167,0,Lo-Fi Electronica,2011.0,Lo-Fi Electronica
InterpolatesFrom,5685,2238,0,Space Rock,2017.0,Synthwave
InterpolatesFrom,5699,4006,0,Indie Rock,2026.0,Indie Rock
InterpolatesFrom,5718,14965,0,Psychedelic Rock,2028.0,Doom Metal
InterpolatesFrom,5726,6735,0,Alternative Rock,2010.0,Alternative Rock
InterpolatesFrom,5730,9685,0,Oceanus Folk,2022.0,Oceanus Folk
InterpolatesFrom,5761,1977,0,Oceanus Folk,2026.0,Indie Folk
InterpolatesFrom,5773,2510,0,Dream Pop,2010.0,Dream Pop
InterpolatesFrom,5802,6674,0,Indie Pop,1984.0,Blues Rock
InterpolatesFrom,5818,4492,0,Synthwave,2024.0,Space Rock
InterpolatesFrom,5818,4212,0,Synthwave,2024.0,Space Rock
InterpolatesFrom,5839,13357,0,Southern Gothic Rock,2006.0,Southern Gothic Rock
InterpolatesFrom,5871,13331,0,Indie Pop,2013.0,Emo/Pop Punk
InterpolatesFrom,5877,6901,0,Indie Folk,2023.0,Indie Folk
InterpolatesFrom,5882,10673,0,Synthwave,2025.0,Doom Metal
InterpolatesFrom,5883,1841,0,Oceanus Folk,2020.0,Indie Folk
InterpolatesFrom,5911,6616,0,Indie Rock,2024.0,Indie Rock
InterpolatesFrom,5911,4006,0,Indie Rock,2024.0,Indie Rock
InterpolatesFrom,5928,12091,0,Lo-Fi Electronica,2019.0,Southern Gothic Rock
InterpolatesFrom,5938,14965,0,Dream Pop,2024.0,Doom Metal
InterpolatesFrom,5944,8282,0,Dream Pop,2024.0,Synthwave
InterpolatesFrom,5958,8936,0,Indie Rock,2004.0,Indie Rock
InterpolatesFrom,5965,8273,0,Indie Pop,2017.0,Southern Gothic Rock
InterpolatesFrom,5980,13484,0,Indie Rock,2025.0,Indie Rock
InterpolatesFrom,5980,876,0,Indie Rock,2025.0,Indie Rock
InterpolatesFrom,5980,11319,0,Indie Rock,2025.0,Indie Rock
InterpolatesFrom,5980,11527,0,Indie Rock,2025.0,Indie Rock
InterpolatesFrom,5981,12673,0,Dream Pop,2023.0,Americana
InterpolatesFrom,6001,8364,0,Indie Pop,2003.0,Blues Rock
InterpolatesFrom,6006,15622,0,Doom Metal,2004.0,Doom Metal
InterpolatesFrom,6054,12199,0,Dream Pop,2026.0,Doom Metal
InterpolatesFrom,6054,7278,0,Dream Pop,2026.0,Synthwave
InterpolatesFrom,6054,6008,0,Dream Pop,2026.0,Indie Rock
InterpolatesFrom,6065,6611,0,Dream Pop,2029.0,Oceanus Folk
InterpolatesFrom,6070,4781,0,Lo-Fi Electronica,2014.0,Lo-Fi Electronica
InterpolatesFrom,6072,14518,0,Synthwave,1998.0,Synthwave
InterpolatesFrom,6087,1057,0,Doom Metal,2025.0,Indie Folk
InterpolatesFrom,6108,11907,0,Dream Pop,2029.0,Indie Rock
InterpolatesFrom,6130,9085,0,Doom Metal,2026.0,Doom Metal
InterpolatesFrom,6137,12617,0,Synthwave,2024.0,Americana
InterpolatesFrom,6142,10928,0,Symphonic Metal,2029.0,Dream Pop
InterpolatesFrom,6154,14909,0,Desert Rock,2020.0,Dream Pop
InterpolatesFrom,6158,6864,0,Avant-Garde Folk,2018.0,Avant-Garde Folk
InterpolatesFrom,6189,8812,0,Indie Folk,2007.0,Synthwave
InterpolatesFrom,6190,6051,0,Synthwave,2024.0,Desert Rock
InterpolatesFrom,6190,10596,0,Synthwave,2024.0,Indie Folk
InterpolatesFrom,6190,13026,0,Synthwave,2024.0,Desert Rock
InterpolatesFrom,6218,13758,0,Doom Metal,2023.0,Indie Folk
InterpolatesFrom,6229,9995,0,Synthwave,2018.0,Dream Pop
InterpolatesFrom,6231,5088,0,Lo-Fi Electronica,2029.0,Lo-Fi Electronica
InterpolatesFrom,6263,13379,0,Alternative Rock,2028.0,Alternative Rock
InterpolatesFrom,6272,1841,0,Oceanus Folk,2025.0,Indie Folk
InterpolatesFrom,6279,14417,0,Alternative Rock,2028.0,Southern Gothic Rock
InterpolatesFrom,6293,10469,0,Dream Pop,2025.0,Space Rock
InterpolatesFrom,6300,3743,0,Blues Rock,1997.0,Southern Gothic Rock
InterpolatesFrom,6307,11737,0,Dream Pop,2025.0,Indie Folk
InterpolatesFrom,6307,8816,0,Dream Pop,2025.0,Dream Pop
InterpolatesFrom,6333,9754,0,Jazz Surf Rock,2012.0,Jazz Surf Rock
InterpolatesFrom,6333,14893,0,Jazz Surf Rock,2012.0,Synthwave
InterpolatesFrom,6337,6616,0,Indie Rock,2029.0,Indie Rock
InterpolatesFrom,6339,3743,0,Blues Rock,2017.0,Southern Gothic Rock
InterpolatesFrom,6344,1841,0,Desert Rock,2024.0,Indie Folk
InterpolatesFrom,6376,14021,0,Dream Pop,2026.0,Dream Pop
InterpolatesFrom,6377,15089,0,Dream Pop,2015.0,Synthwave
InterpolatesFrom,6406,14311,0,Dream Pop,2023.0,Indie Rock
InterpolatesFrom,6406,5949,0,Dream Pop,2023.0,Synthpop
InterpolatesFrom,6412,15622,0,Desert Rock,2022.0,Doom Metal
InterpolatesFrom,6417,1841,0,Oceanus Folk,2017.0,Indie Folk
InterpolatesFrom,6435,2272,0,Space Rock,2024.0,Space Rock
InterpolatesFrom,6467,7709,0,Blues Rock,2010.0,Blues Rock
InterpolatesFrom,6473,5074,0,Dream Pop,2014.0,Dream Pop
InterpolatesFrom,6473,14799,0,Dream Pop,2014.0,Dream Pop
InterpolatesFrom,6474,5100,0,Dream Pop,2027.0,Oceanus Folk
InterpolatesFrom,6489,886,0,Space Rock,2027.0,Oceanus Folk
InterpolatesFrom,6497,12817,0,Synthwave,2010.0,Synthwave
InterpolatesFrom,6503,10503,0,Emo/Pop Punk,2018.0,Southern Gothic Rock
InterpolatesFrom,6504,2221,0,Indie Pop,2010.0,Southern Gothic Rock
InterpolatesFrom,6507,15343,0,Speed Metal,2017.0,Speed Metal
InterpolatesFrom,6560,2996,0,Darkwave,2023.0,Dream Pop
InterpolatesFrom,6560,14143,0,Darkwave,2023.0,Darkwave
InterpolatesFrom,6560,10211,0,Darkwave,2023.0,Space Rock
InterpolatesFrom,6581,6762,0,Americana,2020.0,Symphonic Metal
InterpolatesFrom,6588,15443,0,Alternative Rock,2027.0,Southern Gothic Rock
InterpolatesFrom,6588,12091,0,Alternative Rock,2027.0,Southern Gothic Rock
InterpolatesFrom,6603,6456,0,Jazz Surf Rock,2028.0,Dream Pop
InterpolatesFrom,6633,3962,0,Lo-Fi Electronica,2020.0,Speed Metal
InterpolatesFrom,6643,6180,0,Indie Folk,2013.0,Desert Rock
InterpolatesFrom,6655,12867,0,Dream Pop,2025.0,Indie Rock
InterpolatesFrom,6658,8815,0,Dream Pop,2010.0,Dream Pop
InterpolatesFrom,6675,11042,0,Jazz Surf Rock,2028.0,Americana
InterpolatesFrom,6675,14987,0,Jazz Surf Rock,2028.0,Doom Metal
InterpolatesFrom,6680,6762,0,Symphonic Metal,2020.0,Symphonic Metal
InterpolatesFrom,6699,7671,0,Indie Rock,2021.0,Alternative Rock
InterpolatesFrom,6729,1557,0,Darkwave,2017.0,Doom Metal
InterpolatesFrom,6752,3501,0,Oceanus Folk,2010.0,Oceanus Folk
InterpolatesFrom,6765,8472,0,Alternative Rock,2029.0,Alternative Rock
InterpolatesFrom,6778,2768,0,Indie Rock,2029.0,Alternative Rock
InterpolatesFrom,6788,6006,0,Indie Folk,2013.0,Doom Metal
InterpolatesFrom,6790,4604,0,Dream Pop,2022.0,Indie Folk
InterpolatesFrom,6794,15396,0,Alternative Rock,2026.0,Avant-Garde Folk
InterpolatesFrom,6805,6721,0,Space Rock,2027.0,Indie Folk
InterpolatesFrom,6820,14322,0,Space Rock,2025.0,Post-Apocalyptic Folk
InterpolatesFrom,6827,6006,0,Doom Metal,2027.0,Doom Metal
InterpolatesFrom,6827,13574,0,Doom Metal,2027.0,Synthwave
InterpolatesFrom,6827,16225,0,Doom Metal,2027.0,Oceanus Folk
InterpolatesFrom,6827,13563,0,Doom Metal,2027.0,Synthpop
InterpolatesFrom,6833,16524,0,Dream Pop,2023.0,Oceanus Folk
InterpolatesFrom,6839,16017,0,Doom Metal,2017.0,Indie Rock
InterpolatesFrom,6839,12425,0,Doom Metal,2017.0,Synthwave
InterpolatesFrom,6864,10120,0,Avant-Garde Folk,2017.0,Avant-Garde Folk
InterpolatesFrom,6864,7325,0,Avant-Garde Folk,2017.0,Emo/Pop Punk
InterpolatesFrom,6873,14086,0,Dream Pop,2029.0,Doom Metal
InterpolatesFrom,6885,13341,0,Synthwave,2013.0,Doom Metal
InterpolatesFrom,6915,15306,0,Symphonic Metal,2014.0,Psychedelic Rock
InterpolatesFrom,6954,8630,0,Jazz Surf Rock,2025.0,Indie Folk
InterpolatesFrom,6994,3501,0,Oceanus Folk,2017.0,Oceanus Folk
InterpolatesFrom,7010,13631,0,Indie Folk,2010.0,Indie Folk
InterpolatesFrom,7014,1779,0,Synthwave,2022.0,Indie Folk
InterpolatesFrom,7014,13552,0,Synthwave,2022.0,Psychedelic Rock
InterpolatesFrom,7033,15343,0,Speed Metal,2003.0,Speed Metal
InterpolatesFrom,7041,9007,0,Indie Folk,2010.0,Doom Metal
InterpolatesFrom,7045,14647,0,Dream Pop,2026.0,Dream Pop
InterpolatesFrom,7054,13985,0,Lo-Fi Electronica,2026.0,Lo-Fi Electronica
InterpolatesFrom,7056,9019,0,Synthwave,2024.0,Dream Pop
InterpolatesFrom,7056,6551,0,Synthwave,2024.0,Indie Folk
InterpolatesFrom,7077,14551,0,Psychedelic Rock,2017.0,Psychedelic Rock
InterpolatesFrom,7080,10444,0,Indie Folk,2020.0,Indie Folk
InterpolatesFrom,7080,14569,0,Indie Folk,2020.0,Synthpop
InterpolatesFrom,7089,15126,0,Dream Pop,2028.0,Synthwave
InterpolatesFrom,7101,5663,0,Alternative Rock,2015.0,Indie Folk
InterpolatesFrom,7118,3526,0,Dream Pop,2028.0,Indie Folk
InterpolatesFrom,7133,4694,0,Space Rock,2026.0,Dream Pop
InterpolatesFrom,7133,892,0,Space Rock,2026.0,Desert Rock
InterpolatesFrom,7133,16707,0,Space Rock,2026.0,Space Rock
InterpolatesFrom,7140,8355,0,Desert Rock,2029.0,Synthwave
InterpolatesFrom,7147,4586,0,Oceanus Folk,2029.0,Indie Folk
InterpolatesFrom,7157,16517,0,Southern Gothic Rock,1997.0,Southern Gothic Rock
InterpolatesFrom,7157,6946,0,Southern Gothic Rock,1997.0,Blues Rock
InterpolatesFrom,7180,3025,0,Oceanus Folk,2023.0,Oceanus Folk
InterpolatesFrom,7213,4501,0,Indie Folk,2029.0,Doom Metal
InterpolatesFrom,7213,2169,0,Indie Folk,2029.0,Oceanus Folk
InterpolatesFrom,7235,6994,0,Oceanus Folk,2023.0,Oceanus Folk
InterpolatesFrom,7241,16494,0,Indie Rock,2028.0,Indie Rock
InterpolatesFrom,7249,6454,0,Indie Pop,2023.0,Indie Pop
InterpolatesFrom,7271,14557,0,Alternative Rock,2024.0,Dream Pop
InterpolatesFrom,7271,11453,0,Alternative Rock,2024.0,Dream Pop
InterpolatesFrom,7278,5392,0,Synthwave,2022.0,Synthpop
InterpolatesFrom,7278,9995,0,Synthwave,2022.0,Dream Pop
InterpolatesFrom,7278,7511,0,Synthwave,2022.0,Synthwave
InterpolatesFrom,7278,9335,0,Synthwave,2022.0,Indie Rock
InterpolatesFrom,7281,5425,0,Doom Metal,2017.0,Doom Metal
InterpolatesFrom,7286,8992,0,Dream Pop,2010.0,Dream Pop
InterpolatesFrom,7291,8233,0,Dream Pop,2017.0,Oceanus Folk
InterpolatesFrom,7313,8335,0,Dream Pop,2023.0,Americana
InterpolatesFrom,7325,11404,0,Emo/Pop Punk,2004.0,Emo/Pop Punk
InterpolatesFrom,7351,1841,0,Desert Rock,2027.0,Indie Folk
InterpolatesFrom,7354,13552,0,Indie Rock,2029.0,Psychedelic Rock
InterpolatesFrom,7374,12120,0,Dream Pop,2028.0,Dream Pop
InterpolatesFrom,7380,2227,0,Space Rock,2026.0,Dream Pop
InterpolatesFrom,7406,4884,0,Doom Metal,2020.0,Doom Metal
InterpolatesFrom,7414,9290,0,Dream Pop,2026.0,Alternative Rock
InterpolatesFrom,7441,6524,0,Desert Rock,2030.0,Oceanus Folk
InterpolatesFrom,7448,6977,0,Darkwave,2023.0,Dream Pop
InterpolatesFrom,7450,12408,0,Doom Metal,2013.0,Doom Metal
InterpolatesFrom,7452,8593,0,Americana,2013.0,Doom Metal
InterpolatesFrom,7461,15622,0,Indie Folk,2025.0,Doom Metal
InterpolatesFrom,7461,5687,0,Indie Folk,2025.0,Indie Folk
InterpolatesFrom,7461,6427,0,Indie Folk,2025.0,Synthwave
InterpolatesFrom,7465,6745,0,Southern Gothic Rock,2007.0,Indie Pop
InterpolatesFrom,7478,5300,0,Psychedelic Rock,2029.0,Psychedelic Rock
InterpolatesFrom,7479,15622,0,Doom Metal,2026.0,Doom Metal
InterpolatesFrom,7525,13324,0,Oceanus Folk,2021.0,Oceanus Folk
InterpolatesFrom,7540,12518,0,Synthwave,2012.0,Synthwave
InterpolatesFrom,7551,2279,0,Indie Folk,2011.0,Dream Pop
InterpolatesFrom,7584,15512,0,Dream Pop,2027.0,Dream Pop
InterpolatesFrom,7594,9003,0,Dream Pop,2020.0,Oceanus Folk
InterpolatesFrom,7611,9884,0,Dream Pop,2029.0,Psychedelic Rock
InterpolatesFrom,7618,14442,0,Synthwave,2013.0,Jazz Surf Rock
InterpolatesFrom,7658,5283,0,Alternative Rock,2031.0,Indie Pop
InterpolatesFrom,7662,1293,0,Southern Gothic Rock,2013.0,Southern Gothic Rock
InterpolatesFrom,7700,12833,0,Indie Folk,2026.0,Doom Metal
InterpolatesFrom,7740,14510,0,Southern Gothic Rock,2023.0,Southern Gothic Rock
InterpolatesFrom,7740,14481,0,Southern Gothic Rock,2023.0,Southern Gothic Rock
InterpolatesFrom,7748,2212,0,Synthwave,2028.0,Doom Metal
InterpolatesFrom,7797,9040,0,Southern Gothic Rock,2030.0,Southern Gothic Rock
InterpolatesFrom,7797,3350,0,Southern Gothic Rock,2030.0,Southern Gothic Rock
InterpolatesFrom,7810,15622,0,Indie Rock,2028.0,Doom Metal
InterpolatesFrom,7821,8888,0,Doom Metal,2023.0,Indie Rock
InterpolatesFrom,7826,4432,0,Speed Metal,2026.0,Speed Metal
InterpolatesFrom,7828,14505,0,Alternative Rock,2023.0,Southern Gothic Rock
InterpolatesFrom,7838,7484,0,Synthwave,2020.0,Synthwave
InterpolatesFrom,7842,7012,0,Avant-Garde Folk,2029.0,Southern Gothic Rock
InterpolatesFrom,7842,3512,0,Avant-Garde Folk,2029.0,Indie Pop
InterpolatesFrom,7870,1057,0,Desert Rock,2020.0,Indie Folk
InterpolatesFrom,7876,1841,0,Oceanus Folk,2027.0,Indie Folk
InterpolatesFrom,7908,11097,0,Indie Rock,2023.0,Darkwave
InterpolatesFrom,7923,14965,0,Americana,2020.0,Doom Metal
InterpolatesFrom,7936,11491,0,Indie Rock,2028.0,Psychedelic Rock
InterpolatesFrom,7958,10503,0,Southern Gothic Rock,2023.0,Southern Gothic Rock
InterpolatesFrom,7961,2505,0,Synthwave,2026.0,Doom Metal
InterpolatesFrom,7961,15622,0,Synthwave,2026.0,Doom Metal
InterpolatesFrom,7971,7897,0,Dream Pop,2017.0,Post-Apocalyptic Folk
InterpolatesFrom,7971,16719,0,Dream Pop,2017.0,Psychedelic Rock
InterpolatesFrom,8013,6227,0,Speed Metal,2004.0,Speed Metal
InterpolatesFrom,8014,8382,0,Synthwave,2026.0,Dream Pop
InterpolatesFrom,8014,15622,0,Synthwave,2026.0,Doom Metal
InterpolatesFrom,8018,15622,0,Synthwave,2010.0,Doom Metal
InterpolatesFrom,8068,14206,0,Synthpop,2022.0,Synthpop
InterpolatesFrom,8086,7010,0,Americana,2026.0,Indie Folk
InterpolatesFrom,8099,10928,0,Dream Pop,2029.0,Dream Pop
InterpolatesFrom,8112,9903,0,Dream Pop,2027.0,Dream Pop
InterpolatesFrom,8115,11142,0,Emo/Pop Punk,1999.0,Indie Pop
InterpolatesFrom,8115,2628,0,Emo/Pop Punk,1999.0,Indie Pop
InterpolatesFrom,8115,8814,0,Emo/Pop Punk,1999.0,Alternative Rock
InterpolatesFrom,8153,1841,0,Oceanus Folk,2020.0,Indie Folk
InterpolatesFrom,8182,13216,0,Dream Pop,2029.0,Desert Rock
InterpolatesFrom,8200,1857,0,Indie Rock,2013.0,Indie Rock
InterpolatesFrom,8201,6635,0,Symphonic Metal,2023.0,Doom Metal
InterpolatesFrom,8201,3966,0,Symphonic Metal,2023.0,Synthwave
InterpolatesFrom,8209,14262,0,Southern Gothic Rock,2027.0,Emo/Pop Punk
InterpolatesFrom,8214,5028,0,Alternative Rock,2024.0,Alternative Rock
InterpolatesFrom,8215,8888,0,Doom Metal,2017.0,Indie Rock
InterpolatesFrom,8216,8888,0,Doom Metal,2026.0,Indie Rock
InterpolatesFrom,8220,9161,0,Synthwave,2028.0,Americana
InterpolatesFrom,8288,4229,0,Alternative Rock,2026.0,Southern Gothic Rock
InterpolatesFrom,8288,11144,0,Alternative Rock,2026.0,Blues Rock
InterpolatesFrom,8292,11578,0,Desert Rock,2029.0,Oceanus Folk
InterpolatesFrom,8300,12126,0,Indie Folk,2030.0,Indie Folk
InterpolatesFrom,8316,11290,0,Dream Pop,2025.0,Synthwave
InterpolatesFrom,8328,7244,0,Synthwave,2025.0,Synthwave
InterpolatesFrom,8328,13399,0,Synthwave,2025.0,Indie Folk
InterpolatesFrom,8331,15388,0,Blues Rock,2018.0,Avant-Garde Folk
InterpolatesFrom,8344,15899,0,Dream Pop,2022.0,Indie Folk
InterpolatesFrom,8372,3350,0,Avant-Garde Folk,2007.0,Southern Gothic Rock
InterpolatesFrom,8372,9089,0,Avant-Garde Folk,2007.0,Indie Pop
InterpolatesFrom,8394,5455,0,Southern Gothic Rock,2012.0,Southern Gothic Rock
InterpolatesFrom,8428,16366,0,Indie Folk,2017.0,Doom Metal
InterpolatesFrom,8439,9884,0,Dream Pop,2025.0,Psychedelic Rock
InterpolatesFrom,8445,16631,0,Southern Gothic Rock,2029.0,Blues Rock
InterpolatesFrom,8453,9214,0,Oceanus Folk,2026.0,Desert Rock
InterpolatesFrom,8458,1841,0,Oceanus Folk,2020.0,Indie Folk
InterpolatesFrom,8494,16275,0,Lo-Fi Electronica,2022.0,Lo-Fi Electronica
InterpolatesFrom,8498,14859,0,Space Rock,2024.0,Desert Rock
InterpolatesFrom,8504,3025,0,Space Rock,2028.0,Oceanus Folk
InterpolatesFrom,8504,1841,0,Space Rock,2028.0,Indie Folk
InterpolatesFrom,8590,11793,0,Dream Pop,2018.0,Dream Pop
InterpolatesFrom,8602,11175,0,Dream Pop,2026.0,Post-Apocalyptic Folk
InterpolatesFrom,8602,14291,0,Dream Pop,2026.0,Americana
InterpolatesFrom,8602,13721,0,Dream Pop,2026.0,Doom Metal
InterpolatesFrom,8604,11225,0,Synthwave,2026.0,Synthwave
InterpolatesFrom,8634,8009,0,Americana,2017.0,Americana
InterpolatesFrom,8640,13332,0,Post-Apocalyptic Folk,2026.0,Darkwave
InterpolatesFrom,8667,4547,0,Psychedelic Rock,2025.0,Psychedelic Rock
InterpolatesFrom,8667,9516,0,Psychedelic Rock,2025.0,Psychedelic Rock
InterpolatesFrom,8676,8373,0,Indie Folk,2023.0,Indie Folk
InterpolatesFrom,8695,5960,0,Synthwave,2024.0,Doom Metal
InterpolatesFrom,8698,11327,0,Lo-Fi Electronica,2016.0,Lo-Fi Electronica
InterpolatesFrom,8703,15478,0,Jazz Surf Rock,2029.0,Jazz Surf Rock
InterpolatesFrom,8714,6611,0,Oceanus Folk,2025.0,Oceanus Folk
InterpolatesFrom,8731,15287,0,Avant-Garde Folk,2020.0,Southern Gothic Rock
InterpolatesFrom,8731,7012,0,Avant-Garde Folk,2020.0,Southern Gothic Rock
InterpolatesFrom,8731,16529,0,Avant-Garde Folk,2020.0,Southern Gothic Rock
InterpolatesFrom,8751,13223,0,Alternative Rock,2024.0,Alternative Rock
InterpolatesFrom,8770,11327,0,Lo-Fi Electronica,2018.0,Lo-Fi Electronica
InterpolatesFrom,8773,827,0,Lo-Fi Electronica,2027.0,Lo-Fi Electronica
InterpolatesFrom,8776,13681,0,Indie Folk,2017.0,Indie Folk
InterpolatesFrom,8791,5233,0,Dream Pop,2022.0,Dream Pop
InterpolatesFrom,8795,2828,0,Doom Metal,2020.0,Doom Metal
InterpolatesFrom,8806,9488,0,Synthwave,2010.0,Synthwave
InterpolatesFrom,8813,3013,0,Alternative Rock,2017.0,Alternative Rock
InterpolatesFrom,8845,7417,0,Blues Rock,2020.0,Southern Gothic Rock
InterpolatesFrom,8852,6762,0,Desert Rock,2023.0,Symphonic Metal
InterpolatesFrom,8852,15622,0,Desert Rock,2023.0,Doom Metal
InterpolatesFrom,8862,3154,0,Symphonic Metal,2013.0,Americana
InterpolatesFrom,8876,4466,0,Desert Rock,2029.0,Indie Folk
InterpolatesFrom,8891,15456,0,Southern Gothic Rock,2009.0,Southern Gothic Rock
InterpolatesFrom,8891,10090,0,Southern Gothic Rock,2009.0,Southern Gothic Rock
InterpolatesFrom,8894,3879,0,Darkwave,2025.0,Darkwave
InterpolatesFrom,8894,13214,0,Darkwave,2025.0,Darkwave
InterpolatesFrom,8905,15928,0,Dream Pop,2017.0,Alternative Rock
InterpolatesFrom,8910,2206,0,Southern Gothic Rock,2019.0,Southern Gothic Rock
InterpolatesFrom,8910,12041,0,Southern Gothic Rock,2019.0,Southern Gothic Rock
InterpolatesFrom,8914,13642,0,Indie Rock,2024.0,Indie Rock
InterpolatesFrom,8920,1841,0,Desert Rock,2026.0,Indie Folk
InterpolatesFrom,8938,1626,0,Indie Folk,2030.0,Indie Folk
InterpolatesFrom,8945,139,0,Speed Metal,2029.0,Speed Metal
InterpolatesFrom,8945,14023,0,Speed Metal,2029.0,Speed Metal
InterpolatesFrom,8945,15343,0,Speed Metal,2029.0,Speed Metal
InterpolatesFrom,8969,10211,0,Darkwave,2026.0,Space Rock
InterpolatesFrom,8997,9902,0,Southern Gothic Rock,2009.0,Indie Pop
InterpolatesFrom,8997,12979,0,Southern Gothic Rock,2009.0,Southern Gothic Rock
InterpolatesFrom,9014,5680,0,Dream Pop,2024.0,Americana
InterpolatesFrom,9025,11768,0,Psychedelic Rock,2026.0,Dream Pop
InterpolatesFrom,9030,9995,0,Indie Rock,2026.0,Dream Pop
InterpolatesFrom,9054,8407,0,Alternative Rock,2029.0,Indie Pop
InterpolatesFrom,9061,8035,0,Southern Gothic Rock,2019.0,Indie Pop
InterpolatesFrom,9069,7278,0,Indie Folk,2023.0,Synthwave
InterpolatesFrom,9088,5643,0,Lo-Fi Electronica,2013.0,Lo-Fi Electronica
InterpolatesFrom,9090,6941,0,Oceanus Folk,2028.0,Oceanus Folk
InterpolatesFrom,9090,13161,0,Oceanus Folk,2028.0,Desert Rock
InterpolatesFrom,9122,11327,0,Lo-Fi Electronica,2017.0,Lo-Fi Electronica
InterpolatesFrom,9122,1466,0,Lo-Fi Electronica,2017.0,Lo-Fi Electronica
InterpolatesFrom,9122,15024,0,Lo-Fi Electronica,2017.0,Lo-Fi Electronica
InterpolatesFrom,9122,14768,0,Lo-Fi Electronica,2017.0,Lo-Fi Electronica
InterpolatesFrom,9150,4046,0,Alternative Rock,2024.0,Jazz Surf Rock
InterpolatesFrom,9158,3501,0,Oceanus Folk,2013.0,Oceanus Folk
InterpolatesFrom,9165,10211,0,Synthwave,2028.0,Space Rock
InterpolatesFrom,9165,14969,0,Synthwave,2028.0,Dream Pop
InterpolatesFrom,9173,15622,0,Indie Rock,2026.0,Doom Metal
InterpolatesFrom,9175,10728,0,Indie Folk,2028.0,Synthwave
InterpolatesFrom,9191,9883,0,Indie Folk,2017.0,Doom Metal
InterpolatesFrom,9204,9305,0,Desert Rock,2028.0,Doom Metal
InterpolatesFrom,9204,4890,0,Desert Rock,2028.0,Desert Rock
InterpolatesFrom,9204,6412,0,Desert Rock,2028.0,Desert Rock
InterpolatesFrom,9204,4818,0,Desert Rock,2028.0,Doom Metal
InterpolatesFrom,9214,3520,0,Desert Rock,2028.0,Oceanus Folk
InterpolatesFrom,9230,10673,0,Dream Pop,2018.0,Doom Metal
InterpolatesFrom,9239,4126,0,Alternative Rock,2030.0,Speed Metal
InterpolatesFrom,9284,14610,0,Blues Rock,2010.0,Southern Gothic Rock
InterpolatesFrom,9284,10600,0,Blues Rock,2010.0,Alternative Rock
InterpolatesFrom,9301,2586,0,Symphonic Metal,2025.0,Americana
InterpolatesFrom,9308,15622,0,Dream Pop,2022.0,Doom Metal
InterpolatesFrom,9308,14491,0,Dream Pop,2022.0,Dream Pop
InterpolatesFrom,9345,239,0,Dream Pop,2023.0,Dream Pop
InterpolatesFrom,9345,1120,0,Dream Pop,2023.0,Dream Pop
InterpolatesFrom,9352,4059,0,Dream Pop,2023.0,Doom Metal
InterpolatesFrom,9371,15838,0,Avant-Garde Folk,2018.0,Avant-Garde Folk
InterpolatesFrom,9378,2867,0,Psychedelic Rock,2024.0,Doom Metal
InterpolatesFrom,9387,2510,0,Dream Pop,2007.0,Dream Pop
InterpolatesFrom,9399,14086,0,Desert Rock,2010.0,Doom Metal
InterpolatesFrom,9411,15838,0,Indie Pop,2029.0,Avant-Garde Folk
InterpolatesFrom,9412,2148,0,Alternative Rock,2026.0,Southern Gothic Rock
InterpolatesFrom,9430,14965,0,Indie Rock,2026.0,Doom Metal
InterpolatesFrom,9437,14202,0,Doom Metal,2017.0,Psychedelic Rock
InterpolatesFrom,9446,8714,0,Desert Rock,2027.0,Oceanus Folk
InterpolatesFrom,9446,7687,0,Desert Rock,2027.0,Oceanus Folk
InterpolatesFrom,9451,11641,0,Synthwave,2013.0,Indie Folk
InterpolatesFrom,9463,13196,0,Southern Gothic Rock,2026.0,Southern Gothic Rock
InterpolatesFrom,9473,6245,0,Emo/Pop Punk,2010.0,Emo/Pop Punk
InterpolatesFrom,9474,2107,0,Dream Pop,2026.0,Dream Pop
InterpolatesFrom,9479,15539,0,Dream Pop,2017.0,Dream Pop
InterpolatesFrom,9483,16048,0,Doom Metal,2017.0,Dream Pop
InterpolatesFrom,9488,8593,0,Synthwave,2012.0,Doom Metal
InterpolatesFrom,9488,16289,0,Synthwave,2012.0,Synthwave
InterpolatesFrom,9545,15276,0,Dream Pop,2020.0,Synthwave
InterpolatesFrom,9552,12793,0,Dream Pop,2022.0,Avant-Garde Folk
InterpolatesFrom,9557,15642,0,Dream Pop,2020.0,Dream Pop
InterpolatesFrom,9570,3672,0,Synthwave,2011.0,Synthwave
InterpolatesFrom,9571,13563,0,Oceanus Folk,2023.0,Synthpop
InterpolatesFrom,9586,13357,0,Indie Pop,2013.0,Southern Gothic Rock
InterpolatesFrom,9586,5110,0,Indie Pop,2013.0,Indie Pop
InterpolatesFrom,9587,3522,0,Space Rock,2028.0,Dream Pop
InterpolatesFrom,9608,2212,0,Dream Pop,2030.0,Doom Metal
InterpolatesFrom,9631,757,0,Desert Rock,2029.0,Oceanus Folk
InterpolatesFrom,9647,6946,0,Southern Gothic Rock,2006.0,Blues Rock
InterpolatesFrom,9662,16707,0,Synthwave,2028.0,Space Rock
InterpolatesFrom,9662,4046,0,Synthwave,2028.0,Jazz Surf Rock
InterpolatesFrom,9662,12727,0,Synthwave,2028.0,Synthwave
InterpolatesFrom,9696,12245,0,Synthwave,2020.0,Indie Folk
InterpolatesFrom,9706,13256,0,Psychedelic Rock,2020.0,Psychedelic Rock
InterpolatesFrom,9719,14976,0,Speed Metal,2017.0,Speed Metal
InterpolatesFrom,9729,15089,0,Synthwave,2010.0,Synthwave
InterpolatesFrom,9735,15185,0,Space Rock,2028.0,Synthwave
InterpolatesFrom,9745,9951,0,Indie Rock,2023.0,Doom Metal
InterpolatesFrom,9749,12817,0,Synthwave,2021.0,Synthwave
InterpolatesFrom,9759,12245,0,Synthwave,2029.0,Indie Folk
InterpolatesFrom,9777,11091,0,Darkwave,2002.0,Darkwave
InterpolatesFrom,9788,10596,0,Synthwave,2027.0,Indie Folk
InterpolatesFrom,9808,4006,0,Indie Rock,2018.0,Indie Rock
InterpolatesFrom,9808,1244,0,Indie Rock,2018.0,Indie Rock
InterpolatesFrom,9829,14987,0,Indie Folk,2020.0,Doom Metal
InterpolatesFrom,9829,1738,0,Indie Folk,2020.0,Doom Metal
InterpolatesFrom,9831,10928,0,Space Rock,2025.0,Dream Pop
InterpolatesFrom,9855,1611,0,Indie Folk,2017.0,Indie Rock
InterpolatesFrom,9875,10684,0,Dream Pop,2007.0,Dream Pop
InterpolatesFrom,9875,13643,0,Dream Pop,2007.0,Blues Rock
InterpolatesFrom,9893,48,0,Indie Folk,2027.0,Indie Folk
InterpolatesFrom,9893,7116,0,Indie Folk,2027.0,Doom Metal
InterpolatesFrom,9905,6899,0,Dream Pop,2029.0,Synthwave
InterpolatesFrom,9912,1841,0,Oceanus Folk,2026.0,Indie Folk
InterpolatesFrom,9919,13721,0,Synthwave,2023.0,Doom Metal
InterpolatesFrom,9940,12622,0,Space Rock,2028.0,Darkwave
InterpolatesFrom,9940,2633,0,Space Rock,2028.0,Space Rock
InterpolatesFrom,9942,12273,0,Synthwave,2017.0,Blues Rock
InterpolatesFrom,9958,9723,0,Indie Rock,2004.0,Psychedelic Rock
InterpolatesFrom,9966,14118,0,Indie Folk,2020.0,Indie Folk
InterpolatesFrom,9967,6968,0,Jazz Surf Rock,2028.0,Dream Pop
InterpolatesFrom,9974,5664,0,Darkwave,2026.0,Dream Pop
InterpolatesFrom,9999,8630,0,Indie Folk,2017.0,Indie Folk
InterpolatesFrom,10002,1326,0,Jazz Surf Rock,2013.0,Jazz Surf Rock
InterpolatesFrom,10008,15318,0,Americana,2027.0,Synthwave
InterpolatesFrom,10008,6551,0,Americana,2027.0,Indie Folk
InterpolatesFrom,10023,9884,0,Dream Pop,2026.0,Psychedelic Rock
InterpolatesFrom,10032,10504,0,Synthwave,2019.0,Synthwave
InterpolatesFrom,10045,632,0,Alternative Rock,2018.0,Alternative Rock
InterpolatesFrom,10046,2238,0,Dream Pop,2030.0,Synthwave
InterpolatesFrom,10067,11365,0,Avant-Garde Folk,2023.0,Southern Gothic Rock
InterpolatesFrom,10071,7461,0,Dream Pop,2027.0,Indie Folk
InterpolatesFrom,10085,10090,0,Southern Gothic Rock,2021.0,Southern Gothic Rock
InterpolatesFrom,10088,13154,0,Dream Pop,2007.0,Synthwave
InterpolatesFrom,10098,13302,0,Darkwave,2029.0,Indie Rock
InterpolatesFrom,10098,12043,0,Darkwave,2029.0,Dream Pop
InterpolatesFrom,10133,13956,0,Dream Pop,2010.0,Dream Pop
InterpolatesFrom,10142,15971,0,Doom Metal,2029.0,Indie Rock
InterpolatesFrom,10142,13934,0,Doom Metal,2029.0,Indie Folk
InterpolatesFrom,10142,7511,0,Doom Metal,2029.0,Synthwave
InterpolatesFrom,10142,8630,0,Doom Metal,2029.0,Indie Folk
InterpolatesFrom,10153,15261,0,Psychedelic Rock,2027.0,Psychedelic Rock
InterpolatesFrom,10165,4046,0,Synthwave,2029.0,Jazz Surf Rock
InterpolatesFrom,10169,7116,0,Doom Metal,2023.0,Doom Metal
InterpolatesFrom,10173,10159,0,Desert Rock,2026.0,Oceanus Folk
InterpolatesFrom,10173,3025,0,Desert Rock,2026.0,Oceanus Folk
InterpolatesFrom,10173,13563,0,Desert Rock,2026.0,Synthpop
InterpolatesFrom,10183,9085,0,Indie Folk,2020.0,Doom Metal
InterpolatesFrom,10192,966,0,Lo-Fi Electronica,2019.0,Lo-Fi Electronica
InterpolatesFrom,10197,4728,0,Doom Metal,2029.0,Desert Rock
InterpolatesFrom,10197,9893,0,Doom Metal,2029.0,Indie Folk
InterpolatesFrom,10197,7604,0,Doom Metal,2029.0,Dream Pop
InterpolatesFrom,10211,14143,0,Space Rock,2021.0,Darkwave
InterpolatesFrom,10215,3932,0,Dream Pop,2026.0,Dream Pop
InterpolatesFrom,10215,7395,0,Dream Pop,2026.0,Synthwave
InterpolatesFrom,10215,6798,0,Dream Pop,2026.0,Dream Pop
InterpolatesFrom,10215,14987,0,Dream Pop,2026.0,Doom Metal
InterpolatesFrom,10222,8776,0,Dream Pop,2020.0,Indie Folk
InterpolatesFrom,10236,2202,0,Alternative Rock,2012.0,Speed Metal
InterpolatesFrom,10241,14136,0,Indie Folk,2023.0,Doom Metal
InterpolatesFrom,10246,15383,0,Doom Metal,2010.0,Doom Metal
InterpolatesFrom,10259,9759,0,Jazz Surf Rock,2028.0,Synthwave
InterpolatesFrom,10279,2221,0,Southern Gothic Rock,2027.0,Southern Gothic Rock
InterpolatesFrom,10279,14510,0,Southern Gothic Rock,2027.0,Southern Gothic Rock
InterpolatesFrom,10279,6504,0,Southern Gothic Rock,2027.0,Indie Pop
InterpolatesFrom,10337,5887,0,Doom Metal,2007.0,Doom Metal
InterpolatesFrom,10354,9524,0,Dream Pop,2018.0,Dream Pop
InterpolatesFrom,10354,4283,0,Dream Pop,2018.0,Dream Pop
InterpolatesFrom,10354,15539,0,Dream Pop,2018.0,Dream Pop
InterpolatesFrom,10366,10937,0,Emo/Pop Punk,2015.0,Indie Pop
InterpolatesFrom,10366,11240,0,Emo/Pop Punk,2015.0,Emo/Pop Punk
InterpolatesFrom,10367,15622,0,Synthwave,2013.0,Doom Metal
InterpolatesFrom,10368,11768,0,Post-Apocalyptic Folk,2028.0,Dream Pop
InterpolatesFrom,10390,5844,0,Southern Gothic Rock,2009.0,Southern Gothic Rock
InterpolatesFrom,10406,13563,0,Oceanus Folk,2023.0,Synthpop
InterpolatesFrom,10417,827,0,Lo-Fi Electronica,2010.0,Lo-Fi Electronica
InterpolatesFrom,10419,11125,0,Dream Pop,1997.0,Dream Pop
InterpolatesFrom,10431,12382,0,Emo/Pop Punk,2022.0,Alternative Rock
InterpolatesFrom,10434,4432,0,Speed Metal,2007.0,Speed Metal
InterpolatesFrom,10435,10432,0,Southern Gothic Rock,2027.0,Southern Gothic Rock
InterpolatesFrom,10439,8561,0,Dream Pop,2020.0,Indie Rock
InterpolatesFrom,10443,4675,0,Psychedelic Rock,2025.0,Desert Rock
InterpolatesFrom,10453,16495,0,Southern Gothic Rock,2026.0,Southern Gothic Rock
InterpolatesFrom,10475,13545,0,Speed Metal,2020.0,Speed Metal
InterpolatesFrom,10484,10361,0,Doom Metal,2013.0,Post-Apocalyptic Folk
InterpolatesFrom,10513,15578,0,Blues Rock,1991.0,Indie Pop
InterpolatesFrom,10517,6665,0,Indie Folk,2027.0,Desert Rock
InterpolatesFrom,10532,10319,0,Synthwave,2024.0,Psychedelic Rock
InterpolatesFrom,10532,16719,0,Synthwave,2024.0,Psychedelic Rock
InterpolatesFrom,10534,16312,0,Psychedelic Rock,2026.0,Psychedelic Rock
InterpolatesFrom,10534,2704,0,Psychedelic Rock,2026.0,Americana
InterpolatesFrom,10535,16512,0,Indie Folk,2026.0,Americana
InterpolatesFrom,10538,5777,0,Synthwave,2029.0,Indie Folk
InterpolatesFrom,10561,2931,0,Indie Folk,2017.0,Symphonic Metal
InterpolatesFrom,10593,12817,0,Indie Rock,2008.0,Synthwave
InterpolatesFrom,10601,6901,0,Desert Rock,2027.0,Indie Folk
InterpolatesFrom,10642,3966,0,Symphonic Metal,2023.0,Synthwave
InterpolatesFrom,10651,8872,0,Speed Metal,2006.0,Speed Metal
InterpolatesFrom,10651,13430,0,Speed Metal,2006.0,Speed Metal
InterpolatesFrom,10653,5288,0,Doom Metal,2022.0,Doom Metal
InterpolatesFrom,10657,15539,0,Dream Pop,2017.0,Dream Pop
InterpolatesFrom,10659,10342,0,Dream Pop,2025.0,Dream Pop
InterpolatesFrom,10659,8816,0,Dream Pop,2025.0,Dream Pop
InterpolatesFrom,10662,467,0,Dream Pop,2029.0,Post-Apocalyptic Folk
InterpolatesFrom,10698,15633,0,Alternative Rock,2014.0,Alternative Rock
InterpolatesFrom,10698,14749,0,Alternative Rock,2014.0,Alternative Rock
InterpolatesFrom,10722,312,0,Synthwave,2023.0,Synthwave
InterpolatesFrom,10727,1539,0,Avant-Garde Folk,2030.0,Indie Pop
InterpolatesFrom,10727,15964,0,Avant-Garde Folk,2030.0,Avant-Garde Folk
InterpolatesFrom,10727,14675,0,Avant-Garde Folk,2030.0,Avant-Garde Folk
InterpolatesFrom,10728,4046,0,Synthwave,2023.0,Jazz Surf Rock
InterpolatesFrom,10759,11368,0,Avant-Garde Folk,2017.0,Southern Gothic Rock
InterpolatesFrom,10759,11298,0,Avant-Garde Folk,2017.0,Indie Pop
InterpolatesFrom,10759,2493,0,Avant-Garde Folk,2017.0,Southern Gothic Rock
InterpolatesFrom,10771,12150,0,Synthwave,2017.0,Indie Folk
InterpolatesFrom,10777,10782,0,Space Rock,2029.0,Synthwave
InterpolatesFrom,10787,9884,0,Desert Rock,2024.0,Psychedelic Rock
InterpolatesFrom,10812,15643,0,Emo/Pop Punk,2017.0,Southern Gothic Rock
InterpolatesFrom,10812,15894,0,Emo/Pop Punk,2017.0,Indie Pop
InterpolatesFrom,10814,7607,0,Indie Folk,2020.0,Dream Pop
InterpolatesFrom,10819,12776,0,Space Rock,2029.0,Desert Rock
InterpolatesFrom,10819,6790,0,Space Rock,2029.0,Dream Pop
InterpolatesFrom,10825,9511,0,Dream Pop,2020.0,Dream Pop
InterpolatesFrom,10837,13023,0,Indie Pop,2010.0,Indie Pop
InterpolatesFrom,10844,3568,0,Indie Folk,2017.0,Doom Metal
InterpolatesFrom,10848,13701,0,Indie Pop,2017.0,Indie Pop
InterpolatesFrom,10850,14994,0,Dream Pop,2027.0,Indie Folk
InterpolatesFrom,10861,15634,0,Dream Pop,2029.0,Psychedelic Rock
InterpolatesFrom,10903,12865,0,Dream Pop,2028.0,Psychedelic Rock
InterpolatesFrom,10903,1841,0,Dream Pop,2028.0,Indie Folk
InterpolatesFrom,10919,974,0,Psychedelic Rock,2029.0,Psychedelic Rock
InterpolatesFrom,10937,10294,0,Indie Pop,2009.0,Emo/Pop Punk
InterpolatesFrom,10941,13062,0,Indie Rock,2025.0,Doom Metal
InterpolatesFrom,10944,4038,0,Dream Pop,2026.0,Psychedelic Rock
InterpolatesFrom,10963,13055,0,Space Rock,2029.0,Jazz Surf Rock
InterpolatesFrom,10982,14082,0,Darkwave,2017.0,Darkwave
InterpolatesFrom,10982,6624,0,Darkwave,2017.0,Indie Folk
InterpolatesFrom,10986,13480,0,Dream Pop,2023.0,Synthwave
InterpolatesFrom,10996,8687,0,Alternative Rock,2004.0,Synthwave
InterpolatesFrom,10996,11875,0,Alternative Rock,2004.0,Dream Pop
InterpolatesFrom,11005,1841,0,Indie Folk,2017.0,Indie Folk
InterpolatesFrom,11029,6896,0,Synthwave,2029.0,Doom Metal
InterpolatesFrom,11078,12163,0,Southern Gothic Rock,2010.0,Indie Pop
InterpolatesFrom,11078,8273,0,Southern Gothic Rock,2010.0,Southern Gothic Rock
InterpolatesFrom,11085,382,0,Dream Pop,2026.0,Dream Pop
InterpolatesFrom,11104,2859,0,Indie Folk,2027.0,Darkwave
InterpolatesFrom,11130,15469,0,Space Rock,2027.0,Synthwave
InterpolatesFrom,11130,2153,0,Space Rock,2027.0,Oceanus Folk
InterpolatesFrom,11130,2899,0,Space Rock,2027.0,Space Rock
InterpolatesFrom,11130,14969,0,Space Rock,2027.0,Dream Pop
InterpolatesFrom,11130,15048,0,Space Rock,2027.0,Desert Rock
InterpolatesFrom,11136,9871,0,Darkwave,2026.0,Dream Pop
InterpolatesFrom,11159,14510,0,Emo/Pop Punk,2023.0,Southern Gothic Rock
InterpolatesFrom,11166,4306,0,Dream Pop,2028.0,Dream Pop
InterpolatesFrom,11166,13055,0,Dream Pop,2028.0,Jazz Surf Rock
InterpolatesFrom,11187,5854,0,Doom Metal,2020.0,Indie Folk
InterpolatesFrom,11206,7278,0,Indie Rock,2026.0,Synthwave
InterpolatesFrom,11213,802,0,Indie Rock,2010.0,Indie Rock
InterpolatesFrom,11236,26,0,Alternative Rock,2028.0,Speed Metal
InterpolatesFrom,11236,15047,0,Alternative Rock,2028.0,Southern Gothic Rock
InterpolatesFrom,11236,4870,0,Alternative Rock,2028.0,Speed Metal
InterpolatesFrom,11240,6245,0,Emo/Pop Punk,2004.0,Emo/Pop Punk
InterpolatesFrom,11244,12793,0,Alternative Rock,2007.0,Avant-Garde Folk
InterpolatesFrom,11244,880,0,Alternative Rock,2007.0,Emo/Pop Punk
InterpolatesFrom,11263,7897,0,Post-Apocalyptic Folk,2025.0,Post-Apocalyptic Folk
InterpolatesFrom,11275,9716,0,Dream Pop,2013.0,Americana
InterpolatesFrom,11294,16182,0,Blues Rock,2027.0,Southern Gothic Rock
InterpolatesFrom,11299,11273,0,Avant-Garde Folk,2009.0,Blues Rock
InterpolatesFrom,11303,15290,0,Dream Pop,1991.0,Dream Pop
InterpolatesFrom,11309,14965,0,Indie Folk,2020.0,Doom Metal
InterpolatesFrom,11322,8373,0,Alternative Rock,2027.0,Indie Folk
InterpolatesFrom,11342,1748,0,Symphonic Metal,2027.0,Dream Pop
InterpolatesFrom,11354,9559,0,Jazz Surf Rock,2013.0,Jazz Surf Rock
InterpolatesFrom,11363,15715,0,Blues Rock,2010.0,Southern Gothic Rock
InterpolatesFrom,11365,15388,0,Southern Gothic Rock,2016.0,Avant-Garde Folk
InterpolatesFrom,11365,3596,0,Southern Gothic Rock,2016.0,Avant-Garde Folk
InterpolatesFrom,11393,6915,0,Americana,2025.0,Symphonic Metal
InterpolatesFrom,11415,9702,0,Darkwave,2026.0,Synthwave
InterpolatesFrom,11442,9884,0,Dream Pop,2026.0,Psychedelic Rock
InterpolatesFrom,11446,12010,0,Alternative Rock,2016.0,Alternative Rock
InterpolatesFrom,11449,11240,0,Emo/Pop Punk,2010.0,Emo/Pop Punk
InterpolatesFrom,11449,4749,0,Emo/Pop Punk,2010.0,Emo/Pop Punk
InterpolatesFrom,11449,5109,0,Emo/Pop Punk,2010.0,Emo/Pop Punk
InterpolatesFrom,11449,7194,0,Emo/Pop Punk,2010.0,Emo/Pop Punk
InterpolatesFrom,11449,7311,0,Emo/Pop Punk,2010.0,Blues Rock
InterpolatesFrom,11465,13574,0,Space Rock,2028.0,Synthwave
InterpolatesFrom,11465,9483,0,Space Rock,2028.0,Doom Metal
InterpolatesFrom,11467,2848,0,Lo-Fi Electronica,2013.0,Lo-Fi Electronica
InterpolatesFrom,11477,8680,0,Lo-Fi Electronica,2021.0,Lo-Fi Electronica
InterpolatesFrom,11502,15622,0,Americana,2026.0,Doom Metal
InterpolatesFrom,11514,12793,0,Emo/Pop Punk,2007.0,Avant-Garde Folk
InterpolatesFrom,11514,4357,0,Emo/Pop Punk,2007.0,Avant-Garde Folk
InterpolatesFrom,11514,11404,0,Emo/Pop Punk,2007.0,Emo/Pop Punk
InterpolatesFrom,11525,12072,0,Psychedelic Rock,2020.0,Psychedelic Rock
InterpolatesFrom,11527,1857,0,Indie Rock,2009.0,Indie Rock
InterpolatesFrom,11586,14086,0,Indie Folk,2020.0,Doom Metal
InterpolatesFrom,11598,2467,0,Lo-Fi Electronica,2018.0,Lo-Fi Electronica
InterpolatesFrom,11602,9999,0,Dream Pop,2021.0,Indie Folk
InterpolatesFrom,11617,15343,0,Speed Metal,2023.0,Speed Metal
InterpolatesFrom,11629,4937,0,Indie Pop,2012.0,Southern Gothic Rock
InterpolatesFrom,11637,3310,0,Synthwave,2019.0,Dream Pop
InterpolatesFrom,11646,12776,0,Alternative Rock,2030.0,Desert Rock
InterpolatesFrom,11655,8952,0,Oceanus Folk,2026.0,Synthwave
InterpolatesFrom,11672,9884,0,Post-Apocalyptic Folk,2020.0,Psychedelic Rock
InterpolatesFrom,11677,14768,0,Lo-Fi Electronica,2009.0,Lo-Fi Electronica
InterpolatesFrom,11681,16719,0,Psychedelic Rock,2019.0,Psychedelic Rock
InterpolatesFrom,11712,7729,0,Doom Metal,2023.0,Indie Folk
InterpolatesFrom,11726,7116,0,Indie Folk,2017.0,Doom Metal
InterpolatesFrom,11746,13681,0,Americana,2024.0,Indie Folk
InterpolatesFrom,11780,15855,0,Dream Pop,2027.0,Synthwave
InterpolatesFrom,11824,9454,0,Dream Pop,2020.0,Indie Rock
InterpolatesFrom,11824,8593,0,Dream Pop,2020.0,Doom Metal
InterpolatesFrom,11824,14086,0,Dream Pop,2020.0,Doom Metal
InterpolatesFrom,11824,8867,0,Dream Pop,2020.0,Symphonic Metal
InterpolatesFrom,11824,13480,0,Dream Pop,2020.0,Synthwave
InterpolatesFrom,11826,10434,0,Speed Metal,2025.0,Speed Metal
InterpolatesFrom,11847,13302,0,Dream Pop,2023.0,Indie Rock
InterpolatesFrom,11851,6624,0,Dream Pop,2032.0,Indie Folk
InterpolatesFrom,11878,3626,0,Alternative Rock,2023.0,Emo/Pop Punk
InterpolatesFrom,11888,7107,0,Psychedelic Rock,2025.0,Dream Pop
InterpolatesFrom,11890,5826,0,Americana,2023.0,Desert Rock
InterpolatesFrom,11904,15643,0,Alternative Rock,2020.0,Southern Gothic Rock
InterpolatesFrom,11905,13421,0,Alternative Rock,2004.0,Dream Pop
InterpolatesFrom,11905,15734,0,Alternative Rock,2004.0,Alternative Rock
InterpolatesFrom,11911,2360,0,Blues Rock,2026.0,Indie Rock
InterpolatesFrom,11914,10835,0,Indie Folk,2027.0,Americana
InterpolatesFrom,11914,3956,0,Indie Folk,2027.0,Oceanus Folk
InterpolatesFrom,11936,13955,0,Emo/Pop Punk,2029.0,Emo/Pop Punk
InterpolatesFrom,11936,7194,0,Emo/Pop Punk,2029.0,Emo/Pop Punk
InterpolatesFrom,11941,12611,0,Indie Rock,2024.0,Indie Rock
InterpolatesFrom,11948,6735,0,Alternative Rock,2012.0,Alternative Rock
InterpolatesFrom,11951,14789,0,Synthwave,2024.0,Dream Pop
InterpolatesFrom,11957,12386,0,Dream Pop,2030.0,Indie Folk
InterpolatesFrom,11957,11429,0,Dream Pop,2030.0,Dream Pop
InterpolatesFrom,11972,4459,0,Desert Rock,2026.0,Synthwave
InterpolatesFrom,11978,16524,0,Oceanus Folk,2023.0,Oceanus Folk
InterpolatesFrom,11985,15374,0,Indie Folk,2020.0,Doom Metal
InterpolatesFrom,11995,3508,0,Dream Pop,2026.0,Synthwave
InterpolatesFrom,11998,13632,0,Darkwave,2019.0,Darkwave
InterpolatesFrom,12001,11263,0,Post-Apocalyptic Folk,2026.0,Post-Apocalyptic Folk
InterpolatesFrom,12008,15722,0,Lo-Fi Electronica,2014.0,Lo-Fi Electronica
InterpolatesFrom,12008,4781,0,Lo-Fi Electronica,2014.0,Lo-Fi Electronica
InterpolatesFrom,12009,6762,0,Americana,2022.0,Symphonic Metal
InterpolatesFrom,12009,3411,0,Americana,2022.0,Americana
InterpolatesFrom,12025,2277,0,Lo-Fi Electronica,2013.0,Lo-Fi Electronica
InterpolatesFrom,12041,4609,0,Southern Gothic Rock,2004.0,Avant-Garde Folk
InterpolatesFrom,12041,5110,0,Southern Gothic Rock,2004.0,Indie Pop
InterpolatesFrom,12042,16495,0,Southern Gothic Rock,2014.0,Southern Gothic Rock
InterpolatesFrom,12043,10342,0,Dream Pop,2023.0,Dream Pop
InterpolatesFrom,12067,13324,0,Oceanus Folk,2024.0,Oceanus Folk
InterpolatesFrom,12099,5643,0,Lo-Fi Electronica,2022.0,Lo-Fi Electronica
InterpolatesFrom,12100,6946,0,Indie Pop,2013.0,Blues Rock
InterpolatesFrom,12105,5110,0,Southern Gothic Rock,2017.0,Indie Pop
InterpolatesFrom,12105,2595,0,Southern Gothic Rock,2017.0,Indie Pop
InterpolatesFrom,12109,8900,0,Doom Metal,2013.0,Synthwave
InterpolatesFrom,12161,15388,0,Indie Pop,2021.0,Avant-Garde Folk
InterpolatesFrom,12190,13188,0,Indie Folk,2023.0,Indie Rock
InterpolatesFrom,12190,12395,0,Indie Folk,2023.0,Indie Folk
InterpolatesFrom,12196,1611,0,Dream Pop,2024.0,Indie Rock
InterpolatesFrom,12213,3956,0,Synthwave,2023.0,Oceanus Folk
InterpolatesFrom,12213,5694,0,Synthwave,2023.0,Dream Pop
InterpolatesFrom,12220,445,0,Dream Pop,2030.0,Psychedelic Rock
InterpolatesFrom,12234,9723,0,Indie Rock,2004.0,Psychedelic Rock
InterpolatesFrom,12245,7116,0,Indie Folk,2017.0,Doom Metal
InterpolatesFrom,12250,8587,0,Americana,2025.0,Synthwave
InterpolatesFrom,12263,3270,0,Speed Metal,2025.0,Speed Metal
InterpolatesFrom,12266,4117,0,Synthwave,2017.0,Synthwave
InterpolatesFrom,12289,4933,0,Symphonic Metal,2029.0,Symphonic Metal
InterpolatesFrom,12301,12150,0,Synthwave,2026.0,Indie Folk
InterpolatesFrom,12301,2480,0,Synthwave,2026.0,Synthwave
InterpolatesFrom,12344,4557,0,Alternative Rock,2021.0,Avant-Garde Folk
InterpolatesFrom,12346,13430,0,Speed Metal,2009.0,Speed Metal
InterpolatesFrom,12350,13361,0,Southern Gothic Rock,2023.0,Blues Rock
InterpolatesFrom,12358,3966,0,Symphonic Metal,2029.0,Synthwave
InterpolatesFrom,12384,9884,0,Indie Folk,2017.0,Psychedelic Rock
InterpolatesFrom,12386,14569,0,Indie Folk,2029.0,Synthpop
InterpolatesFrom,12396,8997,0,Lo-Fi Electronica,2007.0,Southern Gothic Rock
InterpolatesFrom,12396,10549,0,Lo-Fi Electronica,2007.0,Indie Pop
InterpolatesFrom,12418,5808,0,Post-Apocalyptic Folk,2028.0,Indie Folk
InterpolatesFrom,12418,7278,0,Post-Apocalyptic Folk,2028.0,Synthwave
InterpolatesFrom,12425,7113,0,Synthwave,2012.0,Doom Metal
InterpolatesFrom,12469,6960,0,Indie Folk,2023.0,Dream Pop
InterpolatesFrom,12478,4981,0,Dream Pop,2028.0,Space Rock
InterpolatesFrom,12501,9204,0,Doom Metal,2029.0,Desert Rock
InterpolatesFrom,12508,11037,0,Dream Pop,2025.0,Psychedelic Rock
InterpolatesFrom,12515,16158,0,Psychedelic Rock,2017.0,Psychedelic Rock
InterpolatesFrom,12521,6006,0,Indie Folk,2010.0,Doom Metal
InterpolatesFrom,12535,7994,0,Darkwave,2027.0,Darkwave
InterpolatesFrom,12535,3291,0,Darkwave,2027.0,Dream Pop
InterpolatesFrom,12546,14670,0,Alternative Rock,2010.0,Alternative Rock
InterpolatesFrom,12564,11175,0,Indie Rock,2029.0,Post-Apocalyptic Folk
InterpolatesFrom,12577,2698,0,Lo-Fi Electronica,2020.0,Lo-Fi Electronica
InterpolatesFrom,12577,12373,0,Lo-Fi Electronica,2020.0,Lo-Fi Electronica
InterpolatesFrom,12582,4377,0,Synthwave,2020.0,Doom Metal
InterpolatesFrom,12594,6298,0,Dream Pop,2003.0,Alternative Rock
InterpolatesFrom,12602,15841,0,Dream Pop,2021.0,Dream Pop
InterpolatesFrom,12623,14864,0,Dream Pop,2028.0,Dream Pop
InterpolatesFrom,12633,5318,0,Indie Folk,2027.0,Doom Metal
InterpolatesFrom,12678,5808,0,Synthwave,2013.0,Indie Folk
InterpolatesFrom,12694,7080,0,Dream Pop,2029.0,Indie Folk
InterpolatesFrom,12729,5777,0,Doom Metal,2026.0,Indie Folk
InterpolatesFrom,12739,9754,0,Jazz Surf Rock,2020.0,Jazz Surf Rock
InterpolatesFrom,12750,10574,0,Lo-Fi Electronica,2019.0,Lo-Fi Electronica
InterpolatesFrom,12750,4781,0,Lo-Fi Electronica,2019.0,Lo-Fi Electronica
InterpolatesFrom,12751,4362,0,Dream Pop,2027.0,Synthwave
InterpolatesFrom,12759,9884,0,Dream Pop,2013.0,Psychedelic Rock
InterpolatesFrom,12784,16491,0,Indie Folk,2020.0,Indie Folk
InterpolatesFrom,12794,445,0,Dream Pop,2021.0,Psychedelic Rock
InterpolatesFrom,12823,9713,0,Doom Metal,2027.0,Synthwave
InterpolatesFrom,12837,12397,0,Indie Folk,2027.0,Dream Pop
InterpolatesFrom,12842,4653,0,Indie Folk,2025.0,Synthwave
InterpolatesFrom,12858,9116,0,Doom Metal,2023.0,Doom Metal
InterpolatesFrom,12858,10673,0,Doom Metal,2023.0,Doom Metal
InterpolatesFrom,12867,11569,0,Indie Rock,2017.0,Indie Rock
InterpolatesFrom,12891,9010,0,Southern Gothic Rock,2027.0,Jazz Surf Rock
InterpolatesFrom,12933,8394,0,Southern Gothic Rock,2013.0,Southern Gothic Rock
InterpolatesFrom,12941,6412,0,Synthwave,2026.0,Desert Rock
InterpolatesFrom,12947,16720,0,Blues Rock,2010.0,Blues Rock
InterpolatesFrom,12955,8331,0,Indie Pop,2020.0,Blues Rock
InterpolatesFrom,12971,9524,0,Dream Pop,2016.0,Dream Pop
InterpolatesFrom,12973,5643,0,Lo-Fi Electronica,2023.0,Lo-Fi Electronica
InterpolatesFrom,12991,10358,0,Doom Metal,2026.0,Doom Metal
InterpolatesFrom,13008,14909,0,Indie Folk,2022.0,Dream Pop
InterpolatesFrom,13010,10480,0,Southern Gothic Rock,2009.0,Indie Pop
InterpolatesFrom,13027,14223,0,Oceanus Folk,2026.0,Psychedelic Rock
InterpolatesFrom,13031,13332,0,Darkwave,2028.0,Darkwave
InterpolatesFrom,13031,7534,0,Darkwave,2028.0,Darkwave
InterpolatesFrom,13035,7671,0,Indie Rock,2010.0,Alternative Rock
InterpolatesFrom,13040,9085,0,Dream Pop,2017.0,Doom Metal
InterpolatesFrom,13047,12362,0,Desert Rock,2029.0,Oceanus Folk
InterpolatesFrom,13049,15622,0,Psychedelic Rock,2025.0,Doom Metal
InterpolatesFrom,13053,15983,0,Indie Pop,2011.0,Avant-Garde Folk
InterpolatesFrom,13064,7116,0,Indie Folk,2023.0,Doom Metal
InterpolatesFrom,13068,12043,0,Synthwave,2023.0,Dream Pop
InterpolatesFrom,13068,14057,0,Synthwave,2023.0,Synthwave
InterpolatesFrom,13076,13324,0,Indie Folk,2026.0,Oceanus Folk
InterpolatesFrom,13080,6293,0,Dream Pop,2028.0,Dream Pop
InterpolatesFrom,13088,7278,0,Symphonic Metal,2026.0,Synthwave
InterpolatesFrom,13112,8888,0,Synthwave,2027.0,Indie Rock
InterpolatesFrom,13129,6006,0,Indie Folk,2013.0,Doom Metal
InterpolatesFrom,13131,13223,0,Alternative Rock,2023.0,Alternative Rock
InterpolatesFrom,13132,13143,0,Indie Folk,2007.0,Indie Folk
InterpolatesFrom,13150,9259,0,Space Rock,2027.0,Dream Pop
InterpolatesFrom,13155,15633,0,Alternative Rock,2025.0,Alternative Rock
InterpolatesFrom,13158,6054,0,Dream Pop,2028.0,Dream Pop
InterpolatesFrom,13158,13592,0,Dream Pop,2028.0,Synthwave
InterpolatesFrom,13161,14762,0,Desert Rock,2024.0,Oceanus Folk
InterpolatesFrom,13168,827,0,Lo-Fi Electronica,2023.0,Lo-Fi Electronica
InterpolatesFrom,13173,1841,0,Oceanus Folk,2023.0,Indie Folk
InterpolatesFrom,13190,6006,0,Space Rock,2015.0,Doom Metal
InterpolatesFrom,13202,8201,0,Synthwave,2029.0,Symphonic Metal
InterpolatesFrom,13206,11677,0,Lo-Fi Electronica,2028.0,Lo-Fi Electronica
InterpolatesFrom,13213,6006,0,Desert Rock,2013.0,Doom Metal
InterpolatesFrom,13229,11002,0,Doom Metal,2013.0,Indie Rock
InterpolatesFrom,13232,1841,0,Oceanus Folk,2027.0,Indie Folk
InterpolatesFrom,13260,6201,0,Indie Folk,2027.0,Indie Folk
InterpolatesFrom,13266,9884,0,Dream Pop,2027.0,Psychedelic Rock
InterpolatesFrom,13279,12245,0,Indie Folk,2023.0,Indie Folk
InterpolatesFrom,13280,6976,0,Indie Folk,2030.0,Indie Folk
InterpolatesFrom,13280,3194,0,Indie Folk,2030.0,Oceanus Folk
InterpolatesFrom,13287,5295,0,Synthwave,2024.0,Doom Metal
InterpolatesFrom,13303,6298,0,Dream Pop,1997.0,Alternative Rock
InterpolatesFrom,13303,14670,0,Dream Pop,1997.0,Alternative Rock
InterpolatesFrom,13304,3376,0,Doom Metal,2021.0,Desert Rock
InterpolatesFrom,13304,13758,0,Doom Metal,2021.0,Indie Folk
InterpolatesFrom,13310,966,0,Lo-Fi Electronica,2017.0,Lo-Fi Electronica
InterpolatesFrom,13310,6072,0,Lo-Fi Electronica,2017.0,Synthwave
InterpolatesFrom,13321,7278,0,Psychedelic Rock,2025.0,Synthwave
InterpolatesFrom,13331,6315,0,Emo/Pop Punk,1997.0,Emo/Pop Punk
InterpolatesFrom,13332,9488,0,Darkwave,2022.0,Synthwave
InterpolatesFrom,13342,10793,0,Oceanus Folk,2021.0,Synthwave
InterpolatesFrom,13361,5455,0,Blues Rock,2011.0,Southern Gothic Rock
InterpolatesFrom,13366,2413,0,Dream Pop,2029.0,Dream Pop
InterpolatesFrom,13376,7793,0,Desert Rock,2030.0,Synthwave
InterpolatesFrom,13389,13926,0,Synthwave,2028.0,Synthwave
InterpolatesFrom,13389,3519,0,Synthwave,2028.0,Doom Metal
InterpolatesFrom,13392,12967,0,Post-Apocalyptic Folk,2014.0,Dream Pop
InterpolatesFrom,13396,12067,0,Oceanus Folk,2029.0,Oceanus Folk
InterpolatesFrom,13404,11768,0,Dream Pop,2028.0,Dream Pop
InterpolatesFrom,13404,15084,0,Dream Pop,2028.0,Dream Pop
InterpolatesFrom,13413,14987,0,Indie Folk,2022.0,Doom Metal
InterpolatesFrom,13417,9412,0,Avant-Garde Folk,2026.0,Alternative Rock
InterpolatesFrom,13418,6575,0,Dream Pop,2026.0,Symphonic Metal
InterpolatesFrom,13418,14014,0,Dream Pop,2026.0,Dream Pop
InterpolatesFrom,13446,917,0,Dream Pop,2023.0,Psychedelic Rock
InterpolatesFrom,13468,11214,0,Doom Metal,2000.0,Doom Metal
InterpolatesFrom,13486,14740,0,Psychedelic Rock,2028.0,Indie Folk
InterpolatesFrom,13504,14590,0,Dream Pop,2024.0,Synthwave
InterpolatesFrom,13538,3025,0,Oceanus Folk,2024.0,Oceanus Folk
InterpolatesFrom,13538,6818,0,Oceanus Folk,2024.0,Oceanus Folk
InterpolatesFrom,13557,1955,0,Emo/Pop Punk,2009.0,Emo/Pop Punk
InterpolatesFrom,13563,11945,0,Synthpop,2017.0,Doom Metal
InterpolatesFrom,13567,11677,0,Lo-Fi Electronica,2025.0,Lo-Fi Electronica
InterpolatesFrom,13567,14768,0,Lo-Fi Electronica,2025.0,Lo-Fi Electronica
InterpolatesFrom,13568,4884,0,Indie Rock,2024.0,Doom Metal
InterpolatesFrom,13570,14416,0,Darkwave,2029.0,Dream Pop
InterpolatesFrom,13600,15325,0,Dream Pop,2025.0,Indie Folk
InterpolatesFrom,13607,15198,0,Indie Folk,2020.0,Dream Pop
InterpolatesFrom,13623,15998,0,Dream Pop,2029.0,Alternative Rock
InterpolatesFrom,13628,4932,0,Speed Metal,2020.0,Speed Metal
InterpolatesFrom,13639,6745,0,Southern Gothic Rock,2000.0,Indie Pop
InterpolatesFrom,13639,10549,0,Southern Gothic Rock,2000.0,Indie Pop
InterpolatesFrom,13680,11115,0,Indie Pop,2016.0,Avant-Garde Folk
InterpolatesFrom,13691,9602,0,Indie Folk,2026.0,Oceanus Folk
InterpolatesFrom,13713,1841,0,Darkwave,2028.0,Indie Folk
InterpolatesFrom,13729,13049,0,Dream Pop,2028.0,Psychedelic Rock
InterpolatesFrom,13734,16719,0,Psychedelic Rock,2026.0,Psychedelic Rock
InterpolatesFrom,13734,10319,0,Psychedelic Rock,2026.0,Psychedelic Rock
InterpolatesFrom,13735,7994,0,Darkwave,2024.0,Darkwave
InterpolatesFrom,13800,9884,0,Psychedelic Rock,2019.0,Psychedelic Rock
InterpolatesFrom,13817,14223,0,Space Rock,2027.0,Psychedelic Rock
InterpolatesFrom,13817,13302,0,Space Rock,2027.0,Indie Rock
InterpolatesFrom,13817,12204,0,Space Rock,2027.0,Symphonic Metal
InterpolatesFrom,13819,7671,0,Indie Rock,1995.0,Alternative Rock
InterpolatesFrom,13842,14223,0,Dream Pop,2030.0,Psychedelic Rock
InterpolatesFrom,13850,10358,0,Doom Metal,2024.0,Doom Metal
InterpolatesFrom,13866,12673,0,Indie Folk,2023.0,Americana
InterpolatesFrom,13888,1884,0,Doom Metal,2020.0,Doom Metal
InterpolatesFrom,13904,8937,0,Indie Folk,2020.0,Dream Pop
InterpolatesFrom,13922,10549,0,Lo-Fi Electronica,2022.0,Indie Pop
InterpolatesFrom,13930,10600,0,Southern Gothic Rock,2009.0,Alternative Rock
InterpolatesFrom,13933,9772,0,Southern Gothic Rock,2011.0,Indie Pop
InterpolatesFrom,13945,445,0,Dream Pop,2029.0,Psychedelic Rock
InterpolatesFrom,13973,6777,0,Doom Metal,2023.0,Psychedelic Rock
InterpolatesFrom,14011,12979,0,Southern Gothic Rock,2017.0,Southern Gothic Rock
InterpolatesFrom,14025,1461,0,Dream Pop,2007.0,Dream Pop
InterpolatesFrom,14047,12617,0,Space Rock,2022.0,Americana
InterpolatesFrom,14053,292,0,Psychedelic Rock,2022.0,Dream Pop
InterpolatesFrom,14058,3310,0,Space Rock,2027.0,Dream Pop
InterpolatesFrom,14088,1326,0,Desert Rock,2029.0,Jazz Surf Rock
InterpolatesFrom,14094,11572,0,Speed Metal,1998.0,Speed Metal
InterpolatesFrom,14095,10111,0,Synthwave,2027.0,Darkwave
InterpolatesFrom,14095,3362,0,Synthwave,2027.0,Synthwave
InterpolatesFrom,14107,7799,0,Blues Rock,2020.0,Blues Rock
InterpolatesFrom,14109,9817,0,Indie Pop,1993.0,Southern Gothic Rock
InterpolatesFrom,14112,10010,0,Synthwave,2021.0,Synthwave
InterpolatesFrom,14112,7435,0,Synthwave,2021.0,Psychedelic Rock
InterpolatesFrom,14112,5119,0,Synthwave,2021.0,Psychedelic Rock
InterpolatesFrom,14112,15673,0,Synthwave,2021.0,Darkwave
InterpolatesFrom,14117,6762,0,Symphonic Metal,2020.0,Symphonic Metal
InterpolatesFrom,14120,14485,0,Dream Pop,2028.0,Dream Pop
InterpolatesFrom,14128,12821,0,Blues Rock,1994.0,Blues Rock
InterpolatesFrom,14129,10596,0,Desert Rock,2025.0,Indie Folk
InterpolatesFrom,14134,4781,0,Lo-Fi Electronica,2029.0,Lo-Fi Electronica
InterpolatesFrom,14141,10358,0,Doom Metal,2023.0,Doom Metal
InterpolatesFrom,14146,16620,0,Jazz Surf Rock,2028.0,Jazz Surf Rock
InterpolatesFrom,14153,15501,0,Indie Folk,2007.0,Indie Folk
InterpolatesFrom,14159,15703,0,Dream Pop,2018.0,Indie Folk
InterpolatesFrom,14175,13985,0,Emo/Pop Punk,2031.0,Lo-Fi Electronica
InterpolatesFrom,14182,3362,0,Dream Pop,2027.0,Synthwave
InterpolatesFrom,14182,11097,0,Dream Pop,2027.0,Darkwave
InterpolatesFrom,14187,5808,0,Synthwave,2023.0,Indie Folk
InterpolatesFrom,14204,10358,0,Doom Metal,2013.0,Doom Metal
InterpolatesFrom,14211,1545,0,Dream Pop,2021.0,Dream Pop
InterpolatesFrom,14216,13654,0,Alternative Rock,2014.0,Southern Gothic Rock
InterpolatesFrom,14217,4830,0,Southern Gothic Rock,2003.0,Alternative Rock
InterpolatesFrom,14220,16400,0,Oceanus Folk,2026.0,Oceanus Folk
InterpolatesFrom,14223,9528,0,Psychedelic Rock,2024.0,Psychedelic Rock
InterpolatesFrom,14237,14823,0,Doom Metal,1997.0,Dream Pop
InterpolatesFrom,14250,9884,0,Indie Rock,2028.0,Psychedelic Rock
InterpolatesFrom,14285,7555,0,Post-Apocalyptic Folk,2027.0,Space Rock
InterpolatesFrom,14285,14987,0,Post-Apocalyptic Folk,2027.0,Doom Metal
InterpolatesFrom,14288,16495,0,Blues Rock,2023.0,Southern Gothic Rock
InterpolatesFrom,14288,11144,0,Blues Rock,2023.0,Blues Rock
InterpolatesFrom,14295,219,0,Jazz Surf Rock,2000.0,Dream Pop
InterpolatesFrom,14296,12169,0,Dream Pop,2023.0,Indie Folk
InterpolatesFrom,14299,5110,0,Southern Gothic Rock,2005.0,Indie Pop
InterpolatesFrom,14314,13220,0,Indie Folk,2020.0,Doom Metal
InterpolatesFrom,14329,7116,0,Synthwave,2026.0,Doom Metal
InterpolatesFrom,14332,2167,0,Lo-Fi Electronica,2020.0,Lo-Fi Electronica
InterpolatesFrom,14333,9230,0,Post-Apocalyptic Folk,2024.0,Dream Pop
InterpolatesFrom,14346,9085,0,Doom Metal,2004.0,Doom Metal
InterpolatesFrom,14347,12807,0,Blues Rock,2017.0,Blues Rock
InterpolatesFrom,14351,15633,0,Alternative Rock,2015.0,Alternative Rock
InterpolatesFrom,14379,15383,0,Dream Pop,2025.0,Doom Metal
InterpolatesFrom,14397,12723,0,Synthpop,2028.0,Dream Pop
InterpolatesFrom,14411,12710,0,Post-Apocalyptic Folk,2028.0,Dream Pop
InterpolatesFrom,14424,14112,0,Dream Pop,2025.0,Synthwave
InterpolatesFrom,14429,1333,0,Jazz Surf Rock,2030.0,Jazz Surf Rock
InterpolatesFrom,14432,144,0,Doom Metal,2023.0,Indie Folk
InterpolatesFrom,14436,15622,0,Indie Rock,2017.0,Doom Metal
InterpolatesFrom,14438,2279,0,Alternative Rock,2004.0,Dream Pop
InterpolatesFrom,14439,4781,0,Lo-Fi Electronica,2029.0,Lo-Fi Electronica
InterpolatesFrom,14439,12373,0,Lo-Fi Electronica,2029.0,Lo-Fi Electronica
InterpolatesFrom,14439,1265,0,Lo-Fi Electronica,2029.0,Lo-Fi Electronica
InterpolatesFrom,14439,10574,0,Lo-Fi Electronica,2029.0,Lo-Fi Electronica
InterpolatesFrom,14439,966,0,Lo-Fi Electronica,2029.0,Lo-Fi Electronica
InterpolatesFrom,14446,15622,0,Alternative Rock,2013.0,Doom Metal
InterpolatesFrom,14461,6777,0,Indie Folk,2023.0,Psychedelic Rock
InterpolatesFrom,14469,16524,0,Space Rock,2026.0,Oceanus Folk
InterpolatesFrom,14469,4046,0,Space Rock,2026.0,Jazz Surf Rock
InterpolatesFrom,14481,14038,0,Southern Gothic Rock,2020.0,Indie Pop
InterpolatesFrom,14485,15242,0,Dream Pop,2004.0,Dream Pop
InterpolatesFrom,14497,2942,0,Lo-Fi Electronica,2023.0,Southern Gothic Rock
InterpolatesFrom,14498,13302,0,Dream Pop,2026.0,Indie Rock
InterpolatesFrom,14498,8245,0,Dream Pop,2026.0,Space Rock
InterpolatesFrom,14498,10281,0,Dream Pop,2026.0,Synthwave
InterpolatesFrom,14513,7723,0,Blues Rock,2002.0,Southern Gothic Rock
InterpolatesFrom,14527,11240,0,Emo/Pop Punk,2013.0,Emo/Pop Punk
InterpolatesFrom,14527,6397,0,Emo/Pop Punk,2013.0,Emo/Pop Punk
InterpolatesFrom,14557,15089,0,Dream Pop,2016.0,Synthwave
InterpolatesFrom,14566,966,0,Lo-Fi Electronica,2013.0,Lo-Fi Electronica
InterpolatesFrom,14567,11830,0,Dream Pop,2026.0,Synthwave
InterpolatesFrom,14584,10815,0,Dream Pop,2029.0,Indie Rock
InterpolatesFrom,14594,6006,0,Americana,2020.0,Doom Metal
InterpolatesFrom,14618,14994,0,Indie Folk,2013.0,Indie Folk
InterpolatesFrom,14628,14670,0,Alternative Rock,1997.0,Alternative Rock
InterpolatesFrom,14637,6869,0,Darkwave,2026.0,Darkwave
InterpolatesFrom,14640,13324,0,Dream Pop,2017.0,Oceanus Folk
InterpolatesFrom,14662,11558,0,Alternative Rock,2024.0,Alternative Rock
InterpolatesFrom,14675,1539,0,Avant-Garde Folk,2025.0,Indie Pop
InterpolatesFrom,14697,8910,0,Alternative Rock,2030.0,Southern Gothic Rock
InterpolatesFrom,14701,15024,0,Lo-Fi Electronica,2020.0,Lo-Fi Electronica
InterpolatesFrom,14702,6293,0,Dream Pop,2029.0,Dream Pop
InterpolatesFrom,14705,13459,0,Alternative Rock,2030.0,Avant-Garde Folk
InterpolatesFrom,14710,827,0,Lo-Fi Electronica,2024.0,Lo-Fi Electronica
InterpolatesFrom,14710,10417,0,Lo-Fi Electronica,2024.0,Lo-Fi Electronica
InterpolatesFrom,14715,4541,0,Psychedelic Rock,2026.0,Psychedelic Rock
InterpolatesFrom,14715,12794,0,Psychedelic Rock,2026.0,Dream Pop
InterpolatesFrom,14720,16524,0,Oceanus Folk,2023.0,Oceanus Folk
InterpolatesFrom,14727,11241,0,Dream Pop,2020.0,Dream Pop
InterpolatesFrom,14750,7224,0,Jazz Surf Rock,2028.0,Oceanus Folk
InterpolatesFrom,14750,3025,0,Jazz Surf Rock,2028.0,Oceanus Folk
InterpolatesFrom,14754,8814,0,Indie Pop,2026.0,Alternative Rock
InterpolatesFrom,14767,3025,0,Space Rock,2023.0,Oceanus Folk
InterpolatesFrom,14778,8681,0,Dream Pop,2026.0,Psychedelic Rock
InterpolatesFrom,14780,14045,0,Lo-Fi Electronica,2015.0,Lo-Fi Electronica
InterpolatesFrom,14802,8927,0,Southern Gothic Rock,2020.0,Indie Pop
InterpolatesFrom,14804,16524,0,Americana,2027.0,Oceanus Folk
InterpolatesFrom,14814,4228,0,Synthwave,2025.0,Synthwave
InterpolatesFrom,14828,16319,0,Indie Rock,2028.0,Dream Pop
InterpolatesFrom,14828,5911,0,Indie Rock,2028.0,Indie Rock
InterpolatesFrom,14828,13832,0,Indie Rock,2028.0,Blues Rock
InterpolatesFrom,14834,4411,0,Indie Pop,2017.0,Southern Gothic Rock
InterpolatesFrom,14834,15104,0,Indie Pop,2017.0,Southern Gothic Rock
InterpolatesFrom,14859,15622,0,Desert Rock,2017.0,Doom Metal
InterpolatesFrom,14880,2470,0,Indie Folk,2026.0,Dream Pop
InterpolatesFrom,14890,6949,0,Desert Rock,2017.0,Indie Rock
InterpolatesFrom,14897,16441,0,Jazz Surf Rock,2029.0,Psychedelic Rock
InterpolatesFrom,14907,9871,0,Dream Pop,2020.0,Dream Pop
InterpolatesFrom,14908,7034,0,Alternative Rock,2021.0,Alternative Rock
InterpolatesFrom,14929,14118,0,Indie Folk,2029.0,Indie Folk
InterpolatesFrom,14940,8888,0,Oceanus Folk,2025.0,Indie Rock
InterpolatesFrom,14944,966,0,Lo-Fi Electronica,2006.0,Lo-Fi Electronica
InterpolatesFrom,14948,6006,0,Indie Folk,2023.0,Doom Metal
InterpolatesFrom,14964,6885,0,Dream Pop,2026.0,Synthwave
InterpolatesFrom,14976,2202,0,Speed Metal,2010.0,Speed Metal
InterpolatesFrom,14980,6762,0,Darkwave,2010.0,Symphonic Metal
InterpolatesFrom,14987,8231,0,Doom Metal,2017.0,Synthwave
InterpolatesFrom,14987,1841,0,Doom Metal,2017.0,Indie Folk
InterpolatesFrom,14987,12397,0,Doom Metal,2017.0,Dream Pop
InterpolatesFrom,15004,966,0,Lo-Fi Electronica,2022.0,Lo-Fi Electronica
InterpolatesFrom,15015,1455,0,Doom Metal,2010.0,Synthwave
InterpolatesFrom,15015,8355,0,Doom Metal,2010.0,Synthwave
InterpolatesFrom,15024,10417,0,Lo-Fi Electronica,2013.0,Lo-Fi Electronica
InterpolatesFrom,15046,13208,0,Dream Pop,2010.0,Dream Pop
InterpolatesFrom,15048,14272,0,Desert Rock,2023.0,Dream Pop
InterpolatesFrom,15075,12209,0,Alternative Rock,2020.0,Blues Rock
InterpolatesFrom,15092,3049,0,Alternative Rock,2001.0,Alternative Rock
InterpolatesFrom,15104,3085,0,Southern Gothic Rock,2016.0,Indie Pop
InterpolatesFrom,15108,14997,0,Dream Pop,1991.0,Dream Pop
InterpolatesFrom,15118,14994,0,Synthwave,2023.0,Indie Folk
InterpolatesFrom,15121,14322,0,Post-Apocalyptic Folk,2026.0,Post-Apocalyptic Folk
InterpolatesFrom,15121,7897,0,Post-Apocalyptic Folk,2026.0,Post-Apocalyptic Folk
InterpolatesFrom,15129,8355,0,Doom Metal,2004.0,Synthwave
InterpolatesFrom,15131,2927,0,Southern Gothic Rock,2003.0,Southern Gothic Rock
InterpolatesFrom,15131,6674,0,Southern Gothic Rock,2003.0,Blues Rock
InterpolatesFrom,15150,3267,0,Southern Gothic Rock,2017.0,Indie Pop
InterpolatesFrom,15185,9618,0,Synthwave,2017.0,Doom Metal
InterpolatesFrom,15192,12245,0,Dream Pop,2028.0,Indie Folk
InterpolatesFrom,15206,15622,0,Doom Metal,2007.0,Doom Metal
InterpolatesFrom,15210,10004,0,Jazz Surf Rock,2027.0,Symphonic Metal
InterpolatesFrom,15235,8575,0,Dream Pop,2029.0,Psychedelic Rock
InterpolatesFrom,15242,6899,0,Dream Pop,1998.0,Synthwave
InterpolatesFrom,15242,8282,0,Dream Pop,1998.0,Synthwave
InterpolatesFrom,15249,1841,0,Desert Rock,2025.0,Indie Folk
InterpolatesFrom,15252,12010,0,Alternative Rock,2023.0,Alternative Rock
InterpolatesFrom,15254,11014,0,Dream Pop,2024.0,Indie Folk
InterpolatesFrom,15270,10434,0,Alternative Rock,2017.0,Speed Metal
InterpolatesFrom,15279,7170,0,Dream Pop,2024.0,Psychedelic Rock
InterpolatesFrom,15310,445,0,Desert Rock,2029.0,Psychedelic Rock
InterpolatesFrom,15323,625,0,Indie Folk,2029.0,Indie Folk
InterpolatesFrom,15323,2942,0,Indie Folk,2029.0,Southern Gothic Rock
InterpolatesFrom,15358,6006,0,Doom Metal,2013.0,Doom Metal
InterpolatesFrom,15369,3118,0,Space Rock,2026.0,Space Rock
InterpolatesFrom,15372,5448,0,Alternative Rock,2015.0,Alternative Rock
InterpolatesFrom,15388,6454,0,Avant-Garde Folk,2015.0,Indie Pop
InterpolatesFrom,15388,12382,0,Avant-Garde Folk,2015.0,Alternative Rock
InterpolatesFrom,15391,15622,0,Synthwave,2026.0,Doom Metal
InterpolatesFrom,15396,5455,0,Avant-Garde Folk,2023.0,Southern Gothic Rock
InterpolatesFrom,15402,8282,0,Indie Folk,2001.0,Synthwave
InterpolatesFrom,15403,3508,0,Doom Metal,2007.0,Synthwave
InterpolatesFrom,15406,7563,0,Doom Metal,2007.0,Doom Metal
InterpolatesFrom,15419,12916,0,Psychedelic Rock,2022.0,Psychedelic Rock
InterpolatesFrom,15423,15622,0,Doom Metal,2010.0,Doom Metal
InterpolatesFrom,15424,966,0,Lo-Fi Electronica,2024.0,Lo-Fi Electronica
InterpolatesFrom,15441,1841,0,Oceanus Folk,2017.0,Indie Folk
InterpolatesFrom,15444,6643,0,Desert Rock,2020.0,Indie Folk
InterpolatesFrom,15458,8274,0,Post-Apocalyptic Folk,2030.0,Dream Pop
InterpolatesFrom,15464,13681,0,Dream Pop,2023.0,Indie Folk
InterpolatesFrom,15496,5232,0,Emo/Pop Punk,2027.0,Emo/Pop Punk
InterpolatesFrom,15500,14136,0,Synthwave,2025.0,Doom Metal
InterpolatesFrom,15512,4890,0,Dream Pop,2024.0,Desert Rock
InterpolatesFrom,15528,2279,0,Alternative Rock,2010.0,Dream Pop
InterpolatesFrom,15532,14976,0,Speed Metal,2026.0,Speed Metal
InterpolatesFrom,15532,4583,0,Speed Metal,2026.0,Speed Metal
InterpolatesFrom,15539,9129,0,Dream Pop,2012.0,Dream Pop
InterpolatesFrom,15559,5432,0,Dream Pop,2020.0,Synthwave
InterpolatesFrom,15570,12373,0,Lo-Fi Electronica,2014.0,Lo-Fi Electronica
InterpolatesFrom,15570,827,0,Lo-Fi Electronica,2014.0,Lo-Fi Electronica
InterpolatesFrom,15571,16457,0,Oceanus Folk,2023.0,Oceanus Folk
InterpolatesFrom,15579,3606,0,Dream Pop,2030.0,Dream Pop
InterpolatesFrom,15582,219,0,Jazz Surf Rock,2000.0,Dream Pop
InterpolatesFrom,15582,8750,0,Jazz Surf Rock,2000.0,Dream Pop
InterpolatesFrom,15590,8245,0,Indie Rock,2027.0,Space Rock
InterpolatesFrom,15590,16433,0,Indie Rock,2027.0,Indie Rock
InterpolatesFrom,15590,13027,0,Indie Rock,2027.0,Oceanus Folk
InterpolatesFrom,15600,8593,0,Americana,2023.0,Doom Metal
InterpolatesFrom,15603,10379,0,Alternative Rock,2020.0,Alternative Rock
InterpolatesFrom,15607,14201,0,Alternative Rock,2010.0,Alternative Rock
InterpolatesFrom,15632,632,0,Dream Pop,2029.0,Alternative Rock
InterpolatesFrom,15642,11830,0,Dream Pop,2013.0,Synthwave
InterpolatesFrom,15645,6735,0,Alternative Rock,2023.0,Alternative Rock
InterpolatesFrom,15687,966,0,Lo-Fi Electronica,2009.0,Lo-Fi Electronica
InterpolatesFrom,15703,2927,0,Indie Folk,2010.0,Southern Gothic Rock
InterpolatesFrom,15722,8211,0,Lo-Fi Electronica,2011.0,Lo-Fi Electronica
InterpolatesFrom,15722,14659,0,Lo-Fi Electronica,2011.0,Lo-Fi Electronica
InterpolatesFrom,15741,10645,0,Dream Pop,2025.0,Synthwave
InterpolatesFrom,15744,9586,0,Indie Pop,2014.0,Indie Pop
InterpolatesFrom,15744,2595,0,Indie Pop,2014.0,Indie Pop
InterpolatesFrom,15752,10673,0,Indie Folk,2023.0,Doom Metal
InterpolatesFrom,15760,13026,0,Synthwave,2026.0,Desert Rock
InterpolatesFrom,15762,13758,0,Americana,2023.0,Indie Folk
InterpolatesFrom,15771,1857,0,Indie Rock,2018.0,Indie Rock
InterpolatesFrom,15772,4884,0,Synthwave,2013.0,Doom Metal
InterpolatesFrom,15775,6785,0,Lo-Fi Electronica,2020.0,Lo-Fi Electronica
InterpolatesFrom,15776,16101,0,Synthwave,2024.0,Indie Rock
InterpolatesFrom,15779,2153,0,Dream Pop,2027.0,Oceanus Folk
InterpolatesFrom,15783,445,0,Space Rock,2029.0,Psychedelic Rock
InterpolatesFrom,15789,6746,0,Southern Gothic Rock,2025.0,Southern Gothic Rock
InterpolatesFrom,15793,14994,0,Indie Folk,2017.0,Indie Folk
InterpolatesFrom,15799,2863,0,Dream Pop,2026.0,Indie Rock
InterpolatesFrom,15804,933,0,Dream Pop,2000.0,Dream Pop
InterpolatesFrom,15805,10659,0,Dream Pop,2028.0,Dream Pop
InterpolatesFrom,15812,6752,0,Oceanus Folk,2023.0,Oceanus Folk
InterpolatesFrom,15812,3501,0,Oceanus Folk,2023.0,Oceanus Folk
InterpolatesFrom,15817,1611,0,Americana,2024.0,Indie Rock
InterpolatesFrom,15817,14965,0,Americana,2024.0,Doom Metal
InterpolatesFrom,15825,1412,0,Alternative Rock,2000.0,Indie Pop
InterpolatesFrom,15831,2467,0,Lo-Fi Electronica,2028.0,Lo-Fi Electronica
InterpolatesFrom,15848,16440,0,Indie Pop,2015.0,Blues Rock
InterpolatesFrom,15881,6006,0,Synthwave,2016.0,Doom Metal
InterpolatesFrom,15889,6322,0,Psychedelic Rock,2023.0,Desert Rock
InterpolatesFrom,15913,6762,0,Americana,2025.0,Symphonic Metal
InterpolatesFrom,15926,764,0,Synthwave,2027.0,Dream Pop
InterpolatesFrom,15937,1841,0,Dream Pop,2027.0,Indie Folk
InterpolatesFrom,15944,15261,0,Psychedelic Rock,2027.0,Psychedelic Rock
InterpolatesFrom,15954,13563,0,Oceanus Folk,2023.0,Synthpop
InterpolatesFrom,15981,16620,0,Jazz Surf Rock,2029.0,Jazz Surf Rock
InterpolatesFrom,15984,3759,0,Doom Metal,2024.0,Doom Metal
InterpolatesFrom,16048,15402,0,Dream Pop,2017.0,Indie Folk
InterpolatesFrom,16048,454,0,Dream Pop,2017.0,Synthwave
InterpolatesFrom,16054,933,0,Dream Pop,2004.0,Dream Pop
InterpolatesFrom,16057,6368,0,Synthwave,2002.0,Synthwave
InterpolatesFrom,16063,2467,0,Lo-Fi Electronica,2010.0,Lo-Fi Electronica
InterpolatesFrom,16064,12079,0,Desert Rock,2027.0,Synthwave
InterpolatesFrom,16067,16728,0,Dream Pop,2027.0,Indie Rock
InterpolatesFrom,16075,8886,0,Lo-Fi Electronica,2028.0,Synthwave
InterpolatesFrom,16078,10694,0,Psychedelic Rock,2029.0,Psychedelic Rock
InterpolatesFrom,16078,9884,0,Psychedelic Rock,2029.0,Psychedelic Rock
InterpolatesFrom,16166,10593,0,Synthwave,2026.0,Indie Rock
InterpolatesFrom,16192,6818,0,Oceanus Folk,2026.0,Oceanus Folk
InterpolatesFrom,16192,12270,0,Oceanus Folk,2026.0,Oceanus Folk
InterpolatesFrom,16200,4415,0,Indie Folk,2023.0,Doom Metal
InterpolatesFrom,16205,13632,0,Darkwave,2025.0,Darkwave
InterpolatesFrom,16211,11432,0,Dream Pop,2023.0,Dream Pop
InterpolatesFrom,16217,14136,0,Americana,2020.0,Doom Metal
InterpolatesFrom,16248,7531,0,Alternative Rock,2008.0,Southern Gothic Rock
InterpolatesFrom,16249,13747,0,Synthwave,2026.0,Doom Metal
InterpolatesFrom,16259,3025,0,Indie Folk,2023.0,Oceanus Folk
InterpolatesFrom,16264,9685,0,Oceanus Folk,2026.0,Oceanus Folk
InterpolatesFrom,16269,8013,0,Speed Metal,2013.0,Speed Metal
InterpolatesFrom,16269,5546,0,Speed Metal,2013.0,Speed Metal
InterpolatesFrom,16270,13489,0,Dream Pop,2029.0,Post-Apocalyptic Folk
InterpolatesFrom,16275,13891,0,Lo-Fi Electronica,2018.0,Lo-Fi Electronica
InterpolatesFrom,16292,3879,0,Darkwave,2025.0,Darkwave
InterpolatesFrom,16295,6061,0,Indie Pop,2027.0,Southern Gothic Rock
InterpolatesFrom,16295,14863,0,Indie Pop,2027.0,Southern Gothic Rock
InterpolatesFrom,16297,249,0,Emo/Pop Punk,2024.0,Emo/Pop Punk
InterpolatesFrom,16297,6245,0,Emo/Pop Punk,2024.0,Emo/Pop Punk
InterpolatesFrom,16309,8834,0,Psychedelic Rock,2024.0,Dream Pop
InterpolatesFrom,16327,11520,0,Emo/Pop Punk,2026.0,Emo/Pop Punk
InterpolatesFrom,16327,249,0,Emo/Pop Punk,2026.0,Emo/Pop Punk
InterpolatesFrom,16327,6315,0,Emo/Pop Punk,2026.0,Emo/Pop Punk
InterpolatesFrom,16328,14438,0,Dream Pop,2026.0,Alternative Rock
InterpolatesFrom,16339,16646,0,Psychedelic Rock,2029.0,Dream Pop
InterpolatesFrom,16348,15456,0,Alternative Rock,2030.0,Southern Gothic Rock
InterpolatesFrom,16348,4609,0,Alternative Rock,2030.0,Avant-Garde Folk
InterpolatesFrom,16356,8888,0,Dream Pop,2029.0,Indie Rock
InterpolatesFrom,16381,15622,0,Doom Metal,2013.0,Doom Metal
InterpolatesFrom,16385,6194,0,Space Rock,2029.0,Dream Pop
InterpolatesFrom,16385,9165,0,Space Rock,2029.0,Synthwave
InterpolatesFrom,16385,12294,0,Space Rock,2029.0,Alternative Rock
InterpolatesFrom,16396,15772,0,Doom Metal,2017.0,Synthwave
InterpolatesFrom,16397,8593,0,Indie Folk,2013.0,Doom Metal
InterpolatesFrom,16400,12673,0,Oceanus Folk,2023.0,Americana
InterpolatesFrom,16400,6994,0,Oceanus Folk,2023.0,Oceanus Folk
InterpolatesFrom,16424,673,0,Doom Metal,2026.0,Doom Metal
InterpolatesFrom,16424,5013,0,Doom Metal,2026.0,Indie Folk
InterpolatesFrom,16441,12596,0,Psychedelic Rock,1999.0,Psychedelic Rock
InterpolatesFrom,16457,1841,0,Oceanus Folk,2021.0,Indie Folk
InterpolatesFrom,16466,9014,0,Dream Pop,2029.0,Dream Pop
InterpolatesFrom,16484,6616,0,Indie Rock,2023.0,Indie Rock
InterpolatesFrom,16484,13484,0,Indie Rock,2023.0,Indie Rock
InterpolatesFrom,16487,12673,0,Indie Folk,2020.0,Americana
InterpolatesFrom,16494,13484,0,Indie Rock,2026.0,Indie Rock
InterpolatesFrom,16496,14351,0,Alternative Rock,2023.0,Alternative Rock
InterpolatesFrom,16510,14987,0,Space Rock,2026.0,Doom Metal
InterpolatesFrom,16510,3025,0,Space Rock,2026.0,Oceanus Folk
InterpolatesFrom,16519,445,0,Psychedelic Rock,2026.0,Psychedelic Rock
InterpolatesFrom,16519,8717,0,Psychedelic Rock,2026.0,Doom Metal
InterpolatesFrom,16519,16478,0,Psychedelic Rock,2026.0,Psychedelic Rock
InterpolatesFrom,16522,1884,0,Doom Metal,2029.0,Doom Metal
InterpolatesFrom,16522,13574,0,Doom Metal,2029.0,Synthwave
InterpolatesFrom,16524,1841,0,Oceanus Folk,2013.0,Indie Folk
InterpolatesFrom,16530,9096,0,Desert Rock,2029.0,Oceanus Folk
InterpolatesFrom,16530,1841,0,Desert Rock,2029.0,Indie Folk
InterpolatesFrom,16551,8055,0,Southern Gothic Rock,2013.0,Alternative Rock
InterpolatesFrom,16552,16036,0,Alternative Rock,2028.0,Alternative Rock
InterpolatesFrom,16555,11672,0,Indie Folk,2023.0,Post-Apocalyptic Folk
InterpolatesFrom,16572,10367,0,Alternative Rock,2021.0,Synthwave
InterpolatesFrom,16577,11097,0,Doom Metal,2023.0,Darkwave
InterpolatesFrom,16584,9754,0,Jazz Surf Rock,2015.0,Jazz Surf Rock
InterpolatesFrom,16586,3457,0,Synthwave,2026.0,Indie Folk
InterpolatesFrom,16597,13413,0,Dream Pop,2032.0,Indie Folk
InterpolatesFrom,16603,11603,0,Jazz Surf Rock,2029.0,Jazz Surf Rock
InterpolatesFrom,16615,912,0,Dream Pop,2022.0,Indie Folk
InterpolatesFrom,16616,12817,0,Post-Apocalyptic Folk,2020.0,Synthwave
InterpolatesFrom,16617,14610,0,Emo/Pop Punk,2010.0,Southern Gothic Rock
InterpolatesFrom,16632,3688,0,Dream Pop,2028.0,Doom Metal
InterpolatesFrom,16632,9116,0,Dream Pop,2028.0,Doom Metal
InterpolatesFrom,16672,12015,0,Dream Pop,2023.0,Indie Folk
InterpolatesFrom,16679,12558,0,Dream Pop,2028.0,Dream Pop
InterpolatesFrom,16686,11290,0,Indie Folk,2028.0,Synthwave
InterpolatesFrom,16697,4169,0,Alternative Rock,2026.0,Southern Gothic Rock
InterpolatesFrom,16697,8891,0,Alternative Rock,2026.0,Southern Gothic Rock
InterpolatesFrom,16699,9150,0,Doom Metal,2025.0,Alternative Rock
InterpolatesFrom,16707,3304,0,Space Rock,2021.0,Americana
InterpolatesFrom,16710,13332,0,Dream Pop,2027.0,Darkwave
InterpolatesFrom,16716,15287,0,Indie Pop,2018.0,Southern Gothic Rock
InterpolatesFrom,16720,15362,0,Blues Rock,2000.0,Blues Rock
InterpolatesFrom,16724,13543,0,Speed Metal,2000.0,Speed Metal
InterpolatesFrom,16724,15343,0,Speed Metal,2000.0,Speed Metal
InterpolatesFrom,16943,17314,0,,,
InterpolatesFrom,16952,17299,0,,,
InterpolatesFrom,16960,17314,0,,,
InterpolatesFrom,16966,17192,0,,,
InterpolatesFrom,16970,3411,0,Doom Metal,2036.0,Americana
InterpolatesFrom,16971,17314,0,,,
InterpolatesFrom,16975,7567,0,Alternative Rock,2039.0,Dream Pop
InterpolatesFrom,16977,17299,0,,,
InterpolatesFrom,17006,14512,0,Psychedelic Rock,2032.0,Lo-Fi Electronica
InterpolatesFrom,17010,12316,0,Psychedelic Rock,2033.0,Dream Pop
InterpolatesFrom,17011,15818,0,Psychedelic Rock,2033.0,Alternative Rock
InterpolatesFrom,17015,11568,0,Indie Rock,2038.0,Synthpop
InterpolatesFrom,17019,1797,0,Indie Rock,2035.0,Americana
InterpolatesFrom,17032,17327,0,,,
InterpolatesFrom,17035,6616,0,Indie Pop,2035.0,Indie Rock
InterpolatesFrom,17049,7026,0,Oceanus Folk,2038.0,Americana
InterpolatesFrom,17050,13131,0,Oceanus Folk,2034.0,Alternative Rock
InterpolatesFrom,17059,6318,0,Desert Rock,2031.0,Americana
InterpolatesFrom,17063,17255,0,,,
InterpolatesFrom,17068,12494,0,Jazz Surf Rock,2036.0,Indie Pop
InterpolatesFrom,17072,5009,0,Space Rock,2030.0,Dream Pop
InterpolatesFrom,17083,17327,0,,,
InterpolatesFrom,17091,17327,0,,,
InterpolatesFrom,17092,16670,0,Speed Metal,2034.0,Lo-Fi Electronica
InterpolatesFrom,17096,12661,0,Speed Metal,2036.0,Dream Pop
InterpolatesFrom,17100,17327,0,,,
InterpolatesFrom,17103,16158,0,Emo/Pop Punk,2033.0,Psychedelic Rock
InterpolatesFrom,17106,12623,0,Emo/Pop Punk,2034.0,Dream Pop
InterpolatesFrom,17110,17260,0,,,
InterpolatesFrom,17111,10309,0,Post-Apocalyptic Folk,2034.0,Alternative Rock
InterpolatesFrom,17113,11947,0,Post-Apocalyptic Folk,2035.0,Americana
InterpolatesFrom,17116,10814,0,Post-Apocalyptic Folk,2034.0,Indie Folk
InterpolatesFrom,17126,17314,0,,,
InterpolatesFrom,17129,673,0,Avant-Garde Folk,2033.0,Doom Metal
InterpolatesFrom,17133,9010,0,Avant-Garde Folk,2039.0,Jazz Surf Rock
InterpolatesFrom,17134,9290,0,Avant-Garde Folk,2035.0,Alternative Rock
InterpolatesFrom,17154,1652,0,Indie Rock,2034.0,Synthwave
InterpolatesFrom,17155,17327,0,,,
InterpolatesFrom,17155,17255,0,,,
InterpolatesFrom,17158,14699,0,Synthpop,2033.0,Dream Pop
InterpolatesFrom,17230,17327,0,,,
InterpolatesFrom,17231,14352,0,Oceanus Folk,2029.0,Doom Metal
InterpolatesFrom,17237,12623,0,Oceanus Folk,2031.0,Dream Pop
InterpolatesFrom,17243,17260,0,,,
InterpolatesFrom,17244,7097,0,Oceanus Folk,2028.0,Americana
InterpolatesFrom,17260,17192,0,,,
InterpolatesFrom,17270,11859,0,Oceanus Folk,2026.0,Lo-Fi Electronica
InterpolatesFrom,17279,14658,0,Oceanus Folk,2028.0,Southern Gothic Rock
InterpolatesFrom,17287,11254,0,Oceanus Folk,2034.0,Indie Folk
InterpolatesFrom,17290,12685,0,Oceanus Folk,2036.0,Alternative Rock
InterpolatesFrom,17303,1088,0,Oceanus Folk,2001.0,Synthpop
InterpolatesFrom,17331,14784,0,Oceanus Folk,2013.0,Synthwave
InterpolatesFrom,17342,12867,0,Oceanus Folk,2029.0,Indie Rock
InterpolatesFrom,17362,11429,0,Oceanus Folk,2034.0,Dream Pop
InterpolatesFrom,17367,3520,0,Oceanus Folk,2035.0,Oceanus Folk
InterpolatesFrom,17411,9068,0,Oceanus Folk,2033.0,Blues Rock
CoverOf,5,827,0,Lo-Fi Electronica,2026.0,Lo-Fi Electronica
CoverOf,5,8680,0,Lo-Fi Electronica,2026.0,Lo-Fi Electronica
CoverOf,86,6006,0,Americana,2013.0,Doom Metal
CoverOf,102,5427,0,Doom Metal,2000.0,Dream Pop
CoverOf,148,8872,0,Speed Metal,2010.0,Speed Metal
CoverOf,155,15622,0,Indie Folk,2010.0,Doom Metal
CoverOf,155,6006,0,Indie Folk,2010.0,Doom Metal
CoverOf,187,4046,0,Indie Folk,2020.0,Jazz Surf Rock
CoverOf,196,6901,0,Indie Folk,2017.0,Indie Folk
CoverOf,210,15529,0,Darkwave,2029.0,Dream Pop
CoverOf,210,10928,0,Darkwave,2029.0,Dream Pop
CoverOf,210,9256,0,Darkwave,2029.0,Symphonic Metal
CoverOf,225,1841,0,Doom Metal,2013.0,Indie Folk
CoverOf,249,10294,0,Emo/Pop Punk,2010.0,Emo/Pop Punk
CoverOf,249,11520,0,Emo/Pop Punk,2010.0,Emo/Pop Punk
CoverOf,283,6006,0,Dream Pop,2029.0,Doom Metal
CoverOf,298,14537,0,Indie Folk,2013.0,Symphonic Metal
CoverOf,329,9690,0,Blues Rock,2025.0,Blues Rock
CoverOf,339,4411,0,Southern Gothic Rock,2027.0,Southern Gothic Rock
CoverOf,339,15396,0,Southern Gothic Rock,2027.0,Avant-Garde Folk
CoverOf,358,14965,0,Post-Apocalyptic Folk,2027.0,Doom Metal
CoverOf,358,13658,0,Post-Apocalyptic Folk,2027.0,Synthwave
CoverOf,358,13413,0,Post-Apocalyptic Folk,2027.0,Indie Folk
CoverOf,395,11259,0,Post-Apocalyptic Folk,2022.0,Post-Apocalyptic Folk
CoverOf,402,2445,0,Synthwave,2011.0,Doom Metal
CoverOf,407,15622,0,Doom Metal,2017.0,Doom Metal
CoverOf,413,6315,0,Indie Pop,2013.0,Emo/Pop Punk
CoverOf,413,10294,0,Indie Pop,2013.0,Emo/Pop Punk
CoverOf,473,7663,0,Synthwave,2027.0,Dream Pop
CoverOf,533,12389,0,Dream Pop,2023.0,Space Rock
CoverOf,558,6250,0,Alternative Rock,2027.0,Southern Gothic Rock
CoverOf,563,13574,0,Synthwave,2026.0,Synthwave
CoverOf,569,16100,0,Dream Pop,2025.0,Dream Pop
CoverOf,577,14720,0,Space Rock,2027.0,Oceanus Folk
CoverOf,590,7534,0,Dream Pop,2029.0,Darkwave
CoverOf,600,1502,0,Dream Pop,2028.0,Psychedelic Rock
CoverOf,600,6915,0,Dream Pop,2028.0,Symphonic Metal
CoverOf,673,6051,0,Doom Metal,2023.0,Desert Rock
CoverOf,683,1333,0,Jazz Surf Rock,2025.0,Jazz Surf Rock
CoverOf,705,11740,0,Alternative Rock,2020.0,Indie Rock
CoverOf,705,8509,0,Alternative Rock,2020.0,Dream Pop
CoverOf,746,15071,0,Oceanus Folk,2027.0,Synthwave
CoverOf,757,13563,0,Oceanus Folk,2023.0,Synthpop
CoverOf,766,13603,0,Psychedelic Rock,2017.0,Psychedelic Rock
CoverOf,773,1841,0,Indie Folk,2022.0,Indie Folk
CoverOf,799,1841,0,Space Rock,2024.0,Indie Folk
CoverOf,806,8832,0,Southern Gothic Rock,2002.0,Indie Pop
CoverOf,827,13891,0,Lo-Fi Electronica,2006.0,Lo-Fi Electronica
CoverOf,830,16441,0,Psychedelic Rock,2024.0,Psychedelic Rock
CoverOf,842,15622,0,Doom Metal,2023.0,Doom Metal
CoverOf,842,4046,0,Doom Metal,2023.0,Jazz Surf Rock
CoverOf,842,14314,0,Doom Metal,2023.0,Indie Folk
CoverOf,866,6777,0,Doom Metal,2024.0,Psychedelic Rock
CoverOf,871,11230,0,Synthwave,2024.0,Psychedelic Rock
CoverOf,901,7278,0,Space Rock,2029.0,Synthwave
CoverOf,906,4208,0,Dream Pop,2029.0,Darkwave
CoverOf,917,10218,0,Psychedelic Rock,2017.0,Americana
CoverOf,933,6368,0,Dream Pop,1998.0,Synthwave
CoverOf,940,8680,0,Lo-Fi Electronica,2028.0,Lo-Fi Electronica
CoverOf,951,9884,0,Dream Pop,2025.0,Psychedelic Rock
CoverOf,951,10319,0,Dream Pop,2025.0,Psychedelic Rock
CoverOf,1007,10063,0,Indie Rock,2027.0,Post-Apocalyptic Folk
CoverOf,1024,1242,0,Dream Pop,2029.0,Dream Pop
CoverOf,1062,9884,0,Indie Folk,2023.0,Psychedelic Rock
CoverOf,1069,16524,0,Synthwave,2026.0,Oceanus Folk
CoverOf,1076,3991,0,Dream Pop,2025.0,Synthwave
CoverOf,1080,2215,0,Post-Apocalyptic Folk,2029.0,Americana
CoverOf,1096,14671,0,Emo/Pop Punk,2019.0,Emo/Pop Punk
CoverOf,1120,239,0,Dream Pop,2018.0,Dream Pop
CoverOf,1135,690,0,Dream Pop,2000.0,Alternative Rock
CoverOf,1140,1265,0,Lo-Fi Electronica,2018.0,Lo-Fi Electronica
CoverOf,1140,2277,0,Lo-Fi Electronica,2018.0,Lo-Fi Electronica
CoverOf,1145,8516,0,Dream Pop,2020.0,Psychedelic Rock
CoverOf,1156,7604,0,Synthwave,2022.0,Dream Pop
CoverOf,1156,431,0,Synthwave,2022.0,Americana
CoverOf,1156,5887,0,Synthwave,2022.0,Doom Metal
CoverOf,1170,6315,0,Emo/Pop Punk,2004.0,Emo/Pop Punk
CoverOf,1170,8230,0,Emo/Pop Punk,2004.0,Emo/Pop Punk
CoverOf,1170,10294,0,Emo/Pop Punk,2004.0,Emo/Pop Punk
CoverOf,1172,1884,0,Doom Metal,2017.0,Doom Metal
CoverOf,1259,16719,0,Dream Pop,2018.0,Psychedelic Rock
CoverOf,1286,6377,0,Dream Pop,2027.0,Dream Pop
CoverOf,1310,12089,0,Jazz Surf Rock,2029.0,Jazz Surf Rock
CoverOf,1333,14442,0,Jazz Surf Rock,2010.0,Jazz Surf Rock
CoverOf,1333,3508,0,Jazz Surf Rock,2010.0,Synthwave
CoverOf,1343,6006,0,Doom Metal,2010.0,Doom Metal
CoverOf,1384,13568,0,Alternative Rock,2028.0,Indie Rock
CoverOf,1395,10258,0,Dream Pop,2023.0,Indie Folk
CoverOf,1402,6004,0,Indie Folk,2029.0,Synthwave
CoverOf,1411,14658,0,Southern Gothic Rock,2013.0,Southern Gothic Rock
CoverOf,1416,11805,0,Americana,2017.0,Americana
CoverOf,1435,3520,0,Oceanus Folk,2023.0,Oceanus Folk
CoverOf,1440,2794,0,Blues Rock,2004.0,Southern Gothic Rock
CoverOf,1447,8428,0,Doom Metal,2020.0,Indie Folk
CoverOf,1455,8355,0,Synthwave,1994.0,Synthwave
CoverOf,1466,4781,0,Lo-Fi Electronica,2015.0,Lo-Fi Electronica
CoverOf,1489,1841,0,Oceanus Folk,2023.0,Indie Folk
CoverOf,1539,6454,0,Indie Pop,2019.0,Indie Pop
CoverOf,1608,2614,0,Indie Folk,1999.0,Dream Pop
CoverOf,1617,1841,0,Americana,2017.0,Indie Folk
CoverOf,1626,3376,0,Indie Folk,2020.0,Desert Rock
CoverOf,1680,11097,0,Space Rock,2027.0,Darkwave
CoverOf,1709,7116,0,Synthwave,2026.0,Doom Metal
CoverOf,1715,14223,0,Dream Pop,2029.0,Psychedelic Rock
CoverOf,1738,5295,0,Doom Metal,2017.0,Doom Metal
CoverOf,1772,2333,0,Southern Gothic Rock,2010.0,Indie Pop
CoverOf,1773,12043,0,Darkwave,2030.0,Dream Pop
CoverOf,1773,14401,0,Darkwave,2030.0,Darkwave
CoverOf,1791,4849,0,Lo-Fi Electronica,2010.0,Synthwave
CoverOf,1797,653,0,Americana,2028.0,Psychedelic Rock
CoverOf,1797,60,0,Americana,2028.0,Americana
CoverOf,1804,11905,0,Indie Folk,2013.0,Alternative Rock
CoverOf,1813,16158,0,Indie Rock,2023.0,Psychedelic Rock
CoverOf,1813,298,0,Indie Rock,2023.0,Indie Folk
CoverOf,1823,6417,0,Oceanus Folk,2029.0,Oceanus Folk
CoverOf,1823,9912,0,Oceanus Folk,2029.0,Oceanus Folk
CoverOf,1849,14118,0,Indie Folk,2027.0,Indie Folk
CoverOf,1849,5777,0,Indie Folk,2027.0,Indie Folk
CoverOf,1869,13062,0,Indie Rock,2013.0,Doom Metal
CoverOf,1880,2202,0,Alternative Rock,2023.0,Speed Metal
CoverOf,1895,12652,0,Desert Rock,2025.0,Indie Folk
CoverOf,1907,4046,0,Synthwave,2021.0,Jazz Surf Rock
CoverOf,1915,10281,0,Synthwave,2023.0,Synthwave
CoverOf,1915,10342,0,Synthwave,2023.0,Dream Pop
CoverOf,1927,9129,0,Dream Pop,2011.0,Dream Pop
CoverOf,1933,6674,0,Avant-Garde Folk,2025.0,Blues Rock
CoverOf,1958,16620,0,Jazz Surf Rock,2026.0,Jazz Surf Rock
CoverOf,1966,10975,0,Synthwave,2023.0,Synthwave
CoverOf,1966,1057,0,Synthwave,2023.0,Indie Folk
CoverOf,1966,10673,0,Synthwave,2023.0,Doom Metal
CoverOf,1970,10111,0,Darkwave,2027.0,Darkwave
CoverOf,1991,8596,0,Americana,2024.0,Dream Pop
CoverOf,2009,6762,0,Space Rock,2028.0,Symphonic Metal
CoverOf,2030,10736,0,Dream Pop,2028.0,Space Rock
CoverOf,2030,4981,0,Dream Pop,2028.0,Space Rock
CoverOf,2042,9068,0,Blues Rock,1998.0,Blues Rock
CoverOf,2061,16719,0,Dream Pop,2028.0,Psychedelic Rock
CoverOf,2061,2385,0,Dream Pop,2028.0,Dream Pop
CoverOf,2078,6946,0,Indie Pop,2026.0,Blues Rock
CoverOf,2093,14082,0,Darkwave,2020.0,Darkwave
CoverOf,2102,12678,0,Americana,2025.0,Synthwave
CoverOf,2102,1863,0,Americana,2025.0,Oceanus Folk
CoverOf,2161,14945,0,Desert Rock,2017.0,Indie Folk
CoverOf,2167,14512,0,Lo-Fi Electronica,2007.0,Lo-Fi Electronica
CoverOf,2186,4770,0,Doom Metal,2010.0,Synthwave
CoverOf,2206,12041,0,Southern Gothic Rock,2011.0,Southern Gothic Rock
CoverOf,2256,2073,0,Jazz Surf Rock,2010.0,Doom Metal
CoverOf,2260,12045,0,Symphonic Metal,2029.0,Psychedelic Rock
CoverOf,2277,11327,0,Lo-Fi Electronica,2004.0,Lo-Fi Electronica
CoverOf,2284,4362,0,Synthwave,2023.0,Synthwave
CoverOf,2307,438,0,Synthwave,2026.0,Dream Pop
CoverOf,2327,7138,0,Speed Metal,2025.0,Speed Metal
CoverOf,2364,7851,0,Doom Metal,2020.0,Synthwave
CoverOf,2402,6293,0,Post-Apocalyptic Folk,2029.0,Dream Pop
CoverOf,2402,5389,0,Post-Apocalyptic Folk,2029.0,Post-Apocalyptic Folk
CoverOf,2402,11819,0,Post-Apocalyptic Folk,2029.0,Dream Pop
CoverOf,2413,5233,0,Dream Pop,2026.0,Dream Pop
CoverOf,2413,11432,0,Dream Pop,2026.0,Dream Pop
CoverOf,2440,11432,0,Dream Pop,2019.0,Dream Pop
CoverOf,2440,933,0,Dream Pop,2019.0,Dream Pop
CoverOf,2454,3451,0,Synthwave,2030.0,Psychedelic Rock
CoverOf,2493,11368,0,Southern Gothic Rock,2012.0,Southern Gothic Rock
CoverOf,2493,9772,0,Southern Gothic Rock,2012.0,Indie Pop
CoverOf,2500,15007,0,Dream Pop,2008.0,Synthwave
CoverOf,2515,9547,0,Dream Pop,2023.0,Dream Pop
CoverOf,2530,15622,0,Synthwave,2020.0,Doom Metal
CoverOf,2534,14045,0,Indie Pop,2020.0,Lo-Fi Electronica
CoverOf,2549,15633,0,Alternative Rock,2017.0,Alternative Rock
CoverOf,2561,12678,0,Synthwave,2017.0,Synthwave
CoverOf,2567,14322,0,Post-Apocalyptic Folk,2022.0,Post-Apocalyptic Folk
CoverOf,2586,7632,0,Americana,2024.0,Dream Pop
CoverOf,2633,10412,0,Space Rock,2026.0,Post-Apocalyptic Folk
CoverOf,2666,16296,0,Southern Gothic Rock,2012.0,Southern Gothic Rock
CoverOf,2666,6745,0,Southern Gothic Rock,2012.0,Indie Pop
CoverOf,2666,9902,0,Southern Gothic Rock,2012.0,Indie Pop
CoverOf,2701,10641,0,Americana,2029.0,Dream Pop
CoverOf,2701,1195,0,Americana,2029.0,Dream Pop
CoverOf,2770,9115,0,Synthwave,2013.0,Indie Rock
CoverOf,2865,15396,0,Blues Rock,2026.0,Avant-Garde Folk
CoverOf,2865,4510,0,Blues Rock,2026.0,Emo/Pop Punk
CoverOf,2867,13094,0,Doom Metal,2009.0,Dream Pop
CoverOf,2879,11569,0,Dream Pop,2017.0,Indie Rock
CoverOf,2889,14281,0,Desert Rock,2029.0,Synthwave
CoverOf,2889,13681,0,Desert Rock,2029.0,Indie Folk
CoverOf,2889,8931,0,Desert Rock,2029.0,Indie Folk
CoverOf,2889,6427,0,Desert Rock,2029.0,Synthwave
CoverOf,2889,9200,0,Desert Rock,2029.0,Indie Folk
CoverOf,2889,3316,0,Desert Rock,2029.0,Desert Rock
CoverOf,2906,6368,0,Dream Pop,2020.0,Synthwave
CoverOf,2921,11195,0,Dream Pop,2023.0,Americana
CoverOf,2927,11172,0,Southern Gothic Rock,1987.0,Southern Gothic Rock
CoverOf,2937,5432,0,Dream Pop,2017.0,Synthwave
CoverOf,2959,13413,0,Dream Pop,2028.0,Indie Folk
CoverOf,2959,308,0,Dream Pop,2028.0,Dream Pop
CoverOf,2996,6624,0,Dream Pop,2017.0,Indie Folk
CoverOf,3037,3025,0,Oceanus Folk,2020.0,Oceanus Folk
CoverOf,3037,1841,0,Oceanus Folk,2020.0,Indie Folk
CoverOf,3037,12150,0,Oceanus Folk,2020.0,Indie Folk
CoverOf,3080,15388,0,Avant-Garde Folk,2017.0,Avant-Garde Folk
CoverOf,3106,2615,0,Southern Gothic Rock,2001.0,Southern Gothic Rock
CoverOf,3106,9236,0,Southern Gothic Rock,2001.0,Southern Gothic Rock
CoverOf,3110,1476,0,Dream Pop,2025.0,Americana
CoverOf,3115,16372,0,Indie Pop,2008.0,Southern Gothic Rock
CoverOf,3118,6006,0,Space Rock,2025.0,Doom Metal
CoverOf,3118,10608,0,Space Rock,2025.0,Space Rock
CoverOf,3139,4583,0,Synthpop,2007.0,Speed Metal
CoverOf,3151,5074,0,Alternative Rock,2015.0,Dream Pop
CoverOf,3151,6473,0,Alternative Rock,2015.0,Dream Pop
CoverOf,3174,10185,0,Dream Pop,2029.0,Dream Pop
CoverOf,3205,12515,0,Psychedelic Rock,2029.0,Psychedelic Rock
CoverOf,3243,1841,0,Oceanus Folk,2024.0,Indie Folk
CoverOf,3264,10295,0,Dream Pop,2020.0,Synthwave
CoverOf,3289,966,0,Lo-Fi Electronica,2019.0,Lo-Fi Electronica
CoverOf,3289,11677,0,Lo-Fi Electronica,2019.0,Lo-Fi Electronica
CoverOf,3302,15983,0,Avant-Garde Folk,2029.0,Avant-Garde Folk
CoverOf,3316,4890,0,Desert Rock,2023.0,Desert Rock
CoverOf,3325,7194,0,Emo/Pop Punk,2013.0,Emo/Pop Punk
CoverOf,3329,13990,0,Post-Apocalyptic Folk,2022.0,Post-Apocalyptic Folk
CoverOf,3332,6006,0,Indie Folk,2020.0,Doom Metal
CoverOf,3339,15656,0,Darkwave,2026.0,Dream Pop
CoverOf,3349,9772,0,Indie Pop,2002.0,Indie Pop
CoverOf,3355,9566,0,Dream Pop,2015.0,Synthwave
CoverOf,3358,8079,0,Dream Pop,2017.0,Oceanus Folk
CoverOf,3362,13085,0,Synthwave,2022.0,Dream Pop
CoverOf,3362,13800,0,Synthwave,2022.0,Psychedelic Rock
CoverOf,3362,9488,0,Synthwave,2022.0,Synthwave
CoverOf,3362,16017,0,Synthwave,2022.0,Indie Rock
CoverOf,3362,4071,0,Synthwave,2022.0,Doom Metal
CoverOf,3362,13438,0,Synthwave,2022.0,Oceanus Folk
CoverOf,3362,13304,0,Synthwave,2022.0,Doom Metal
CoverOf,3362,4046,0,Synthwave,2022.0,Jazz Surf Rock
CoverOf,3390,5726,0,Dream Pop,2014.0,Alternative Rock
CoverOf,3449,9061,0,Southern Gothic Rock,2027.0,Southern Gothic Rock
CoverOf,3457,16225,0,Indie Folk,2023.0,Oceanus Folk
CoverOf,3512,1853,0,Indie Pop,2013.0,Avant-Garde Folk
CoverOf,3519,402,0,Doom Metal,2018.0,Synthwave
CoverOf,3542,3025,0,Indie Folk,2023.0,Oceanus Folk
CoverOf,3559,11866,0,Jazz Surf Rock,2027.0,Jazz Surf Rock
CoverOf,3574,2364,0,Indie Folk,2024.0,Doom Metal
CoverOf,3580,3501,0,Dream Pop,2027.0,Oceanus Folk
CoverOf,3580,3025,0,Dream Pop,2027.0,Oceanus Folk
CoverOf,3596,16035,0,Avant-Garde Folk,2015.0,Avant-Garde Folk
CoverOf,3626,10515,0,Emo/Pop Punk,2021.0,Indie Pop
CoverOf,3626,7311,0,Emo/Pop Punk,2021.0,Blues Rock
CoverOf,3630,14034,0,Indie Rock,2017.0,Indie Rock
CoverOf,3644,14780,0,Lo-Fi Electronica,2019.0,Lo-Fi Electronica
CoverOf,3644,10236,0,Lo-Fi Electronica,2019.0,Alternative Rock
CoverOf,3646,12673,0,Indie Folk,2020.0,Americana
CoverOf,3660,12233,0,Blues Rock,2022.0,Indie Pop
CoverOf,3663,7320,0,Americana,2000.0,Americana
CoverOf,3692,8355,0,Synthwave,2017.0,Synthwave
CoverOf,3734,15409,0,Synthwave,2030.0,Dream Pop
CoverOf,3750,9191,0,Space Rock,2029.0,Indie Folk
CoverOf,3756,12635,0,Dream Pop,2028.0,Doom Metal
CoverOf,3787,13658,0,Darkwave,2029.0,Synthwave
CoverOf,3793,14671,0,Emo/Pop Punk,2005.0,Emo/Pop Punk
CoverOf,3828,16524,0,Oceanus Folk,2025.0,Oceanus Folk
CoverOf,3865,10709,0,Synthwave,2013.0,Dream Pop
CoverOf,3876,10361,0,Space Rock,2026.0,Post-Apocalyptic Folk
CoverOf,3908,3519,0,Synthwave,2023.0,Doom Metal
CoverOf,3909,3025,0,Oceanus Folk,2020.0,Oceanus Folk
CoverOf,3923,1320,0,Indie Folk,2013.0,Synthwave
CoverOf,3931,5777,0,Indie Folk,2023.0,Indie Folk
CoverOf,3931,10673,0,Indie Folk,2023.0,Doom Metal
CoverOf,4014,5351,0,Psychedelic Rock,2024.0,Dream Pop
CoverOf,4038,12759,0,Psychedelic Rock,2020.0,Dream Pop
CoverOf,4051,15703,0,Dream Pop,2029.0,Indie Folk
CoverOf,4071,6006,0,Doom Metal,2017.0,Doom Metal
CoverOf,4095,11366,0,Indie Rock,2010.0,Synthwave
CoverOf,4112,6556,0,Symphonic Metal,2029.0,Symphonic Metal
CoverOf,4126,4583,0,Speed Metal,2020.0,Speed Metal
CoverOf,4136,7534,0,Darkwave,2020.0,Darkwave
CoverOf,4167,5802,0,Southern Gothic Rock,2017.0,Indie Pop
CoverOf,4183,144,0,Doom Metal,2023.0,Indie Folk
CoverOf,4183,3376,0,Doom Metal,2023.0,Desert Rock
CoverOf,4183,1626,0,Doom Metal,2023.0,Indie Folk
CoverOf,4204,13236,0,Blues Rock,1991.0,Blues Rock
CoverOf,4228,5887,0,Synthwave,2021.0,Doom Metal
CoverOf,4250,8115,0,Blues Rock,2003.0,Emo/Pop Punk
CoverOf,4253,9524,0,Desert Rock,2029.0,Dream Pop
CoverOf,4261,445,0,Dream Pop,2029.0,Psychedelic Rock
CoverOf,4281,12209,0,Blues Rock,2026.0,Blues Rock
CoverOf,4288,4459,0,Desert Rock,2017.0,Synthwave
CoverOf,4299,6417,0,Desert Rock,2030.0,Oceanus Folk
CoverOf,4299,2169,0,Desert Rock,2030.0,Oceanus Folk
CoverOf,4332,15805,0,Americana,2028.0,Dream Pop
CoverOf,4361,12998,0,Dream Pop,2013.0,Dream Pop
CoverOf,4361,16210,0,Dream Pop,2013.0,Dream Pop
CoverOf,4368,14045,0,Lo-Fi Electronica,2029.0,Lo-Fi Electronica
CoverOf,4372,9657,0,Dream Pop,2022.0,Indie Folk
CoverOf,4400,13229,0,Indie Rock,2017.0,Doom Metal
CoverOf,4430,4430,0,Jazz Surf Rock,2017.0,Jazz Surf Rock
CoverOf,4484,9716,0,Doom Metal,2023.0,Americana
CoverOf,4492,11945,0,Space Rock,2018.0,Doom Metal
CoverOf,4498,5425,0,Indie Folk,2023.0,Doom Metal
CoverOf,4498,10468,0,Indie Folk,2023.0,Indie Folk
CoverOf,4511,14994,0,Synthpop,2027.0,Indie Folk
CoverOf,4517,9115,0,Doom Metal,2013.0,Indie Rock
CoverOf,4541,4046,0,Psychedelic Rock,2023.0,Jazz Surf Rock
CoverOf,4541,6257,0,Psychedelic Rock,2023.0,Doom Metal
CoverOf,4571,11640,0,Indie Folk,2013.0,Dream Pop
CoverOf,4576,10645,0,Dream Pop,2030.0,Synthwave
CoverOf,4593,2510,0,Alternative Rock,2018.0,Dream Pop
CoverOf,4606,15980,0,Southern Gothic Rock,2013.0,Indie Pop
CoverOf,4606,12665,0,Southern Gothic Rock,2013.0,Southern Gothic Rock
CoverOf,4631,15104,0,Southern Gothic Rock,2026.0,Southern Gothic Rock
CoverOf,4649,4239,0,Doom Metal,2026.0,Alternative Rock
CoverOf,4675,9884,0,Desert Rock,2020.0,Psychedelic Rock
CoverOf,4725,13237,0,Southern Gothic Rock,2025.0,Southern Gothic Rock
CoverOf,4738,9808,0,Alternative Rock,2020.0,Indie Rock
CoverOf,4738,16584,0,Alternative Rock,2020.0,Jazz Surf Rock
CoverOf,4742,3451,0,Psychedelic Rock,2025.0,Psychedelic Rock
CoverOf,4774,12750,0,Lo-Fi Electronica,2029.0,Lo-Fi Electronica
CoverOf,4774,8211,0,Lo-Fi Electronica,2029.0,Lo-Fi Electronica
CoverOf,4774,11939,0,Lo-Fi Electronica,2029.0,Lo-Fi Electronica
CoverOf,4788,5295,0,Synthwave,2007.0,Doom Metal
CoverOf,4795,14755,0,Dream Pop,2029.0,Americana
CoverOf,4821,2996,0,Dream Pop,2028.0,Dream Pop
CoverOf,4821,12678,0,Dream Pop,2028.0,Synthwave
CoverOf,4821,4541,0,Dream Pop,2028.0,Psychedelic Rock
CoverOf,4821,3362,0,Dream Pop,2028.0,Synthwave
CoverOf,4827,6393,0,Blues Rock,2013.0,Blues Rock
CoverOf,4854,2792,0,Southern Gothic Rock,2004.0,Indie Pop
CoverOf,4859,3766,0,Dream Pop,2000.0,Dream Pop
CoverOf,4870,3139,0,Speed Metal,2020.0,Synthpop
CoverOf,4870,4583,0,Speed Metal,2020.0,Speed Metal
CoverOf,4870,15343,0,Speed Metal,2020.0,Speed Metal
CoverOf,4890,7074,0,Desert Rock,2022.0,Indie Folk
CoverOf,4935,7571,0,Synthwave,2030.0,Indie Folk
CoverOf,4935,10468,0,Synthwave,2030.0,Indie Folk
CoverOf,4937,4992,0,Southern Gothic Rock,2000.0,Indie Pop
CoverOf,4955,4046,0,Indie Rock,2027.0,Jazz Surf Rock
CoverOf,4959,9916,0,Indie Rock,2023.0,Indie Rock
CoverOf,4961,14588,0,Indie Pop,2020.0,Avant-Garde Folk
CoverOf,4981,2990,0,Space Rock,2024.0,Space Rock
CoverOf,5018,15818,0,Blues Rock,2016.0,Alternative Rock
CoverOf,5021,7736,0,Jazz Surf Rock,2024.0,Jazz Surf Rock
CoverOf,5029,13511,0,Desert Rock,2026.0,Doom Metal
CoverOf,5035,3031,0,Space Rock,2028.0,Desert Rock
CoverOf,5035,3520,0,Space Rock,2028.0,Oceanus Folk
CoverOf,5046,13062,0,Americana,2007.0,Doom Metal
CoverOf,5075,12091,0,Blues Rock,2021.0,Southern Gothic Rock
CoverOf,5088,12489,0,Lo-Fi Electronica,2026.0,Lo-Fi Electronica
CoverOf,5088,14768,0,Lo-Fi Electronica,2026.0,Lo-Fi Electronica
CoverOf,5089,3025,0,Indie Folk,2020.0,Oceanus Folk
CoverOf,5096,16432,0,Synthwave,2026.0,Desert Rock
CoverOf,5096,10673,0,Synthwave,2026.0,Doom Metal
CoverOf,5100,13324,0,Oceanus Folk,2010.0,Oceanus Folk
CoverOf,5113,5952,0,Indie Rock,2026.0,Indie Rock
CoverOf,5113,16202,0,Indie Rock,2026.0,Synthwave
CoverOf,5165,3362,0,Doom Metal,2020.0,Synthwave
CoverOf,5173,10421,0,Dream Pop,2029.0,Dream Pop
CoverOf,5181,13574,0,Dream Pop,2018.0,Synthwave
CoverOf,5195,8886,0,Dream Pop,2027.0,Synthwave
CoverOf,5214,827,0,Lo-Fi Electronica,2012.0,Lo-Fi Electronica
CoverOf,5216,6967,0,Jazz Surf Rock,2018.0,Jazz Surf Rock
CoverOf,5232,10515,0,Emo/Pop Punk,2009.0,Indie Pop
CoverOf,5232,3779,0,Emo/Pop Punk,2009.0,Blues Rock
CoverOf,5264,11767,0,Doom Metal,2007.0,Oceanus Folk
CoverOf,5273,4095,0,Dream Pop,2025.0,Indie Rock
CoverOf,5276,1350,0,Indie Folk,2013.0,Dream Pop
CoverOf,5300,4541,0,Psychedelic Rock,2027.0,Psychedelic Rock
CoverOf,5310,5425,0,Indie Rock,2024.0,Doom Metal
CoverOf,5339,13758,0,Indie Folk,2026.0,Indie Folk
CoverOf,5361,15104,0,Emo/Pop Punk,2026.0,Southern Gothic Rock
CoverOf,5361,11878,0,Emo/Pop Punk,2026.0,Alternative Rock
CoverOf,5361,1121,0,Emo/Pop Punk,2026.0,Southern Gothic Rock
CoverOf,5364,14080,0,Dream Pop,2027.0,Dream Pop
CoverOf,5386,12910,0,Oceanus Folk,2013.0,Synthwave
CoverOf,5389,15622,0,Post-Apocalyptic Folk,2020.0,Doom Metal
CoverOf,5457,1841,0,Oceanus Folk,2017.0,Indie Folk
CoverOf,5483,14086,0,Synthwave,2023.0,Doom Metal
CoverOf,5514,6006,0,Doom Metal,2023.0,Doom Metal
CoverOf,5540,5432,0,Dream Pop,2023.0,Synthwave
CoverOf,5546,11572,0,Speed Metal,2000.0,Speed Metal
CoverOf,5559,9249,0,Synthpop,2023.0,Indie Folk
CoverOf,5583,12821,0,Southern Gothic Rock,2007.0,Blues Rock
CoverOf,5598,1841,0,Oceanus Folk,2017.0,Indie Folk
CoverOf,5611,7005,0,Emo/Pop Punk,2002.0,Emo/Pop Punk
CoverOf,5620,15345,0,Synthwave,2028.0,Indie Folk
CoverOf,5620,3037,0,Synthwave,2028.0,Oceanus Folk
CoverOf,5625,6368,0,Synthwave,2003.0,Synthwave
CoverOf,5633,9597,0,Dream Pop,2026.0,Indie Folk
CoverOf,5647,2424,0,Darkwave,2028.0,Darkwave
CoverOf,5699,1244,0,Indie Rock,2026.0,Indie Rock
CoverOf,5699,5911,0,Indie Rock,2026.0,Indie Rock
CoverOf,5777,15622,0,Indie Folk,2013.0,Doom Metal
CoverOf,5790,933,0,Dream Pop,2007.0,Dream Pop
CoverOf,5804,3387,0,Lo-Fi Electronica,2024.0,Lo-Fi Electronica
CoverOf,5826,4046,0,Desert Rock,2020.0,Jazz Surf Rock
CoverOf,5839,5110,0,Southern Gothic Rock,2006.0,Indie Pop
CoverOf,5847,2272,0,Americana,2029.0,Space Rock
CoverOf,5847,4541,0,Americana,2029.0,Psychedelic Rock
CoverOf,5873,9884,0,Americana,2026.0,Psychedelic Rock
CoverOf,5882,1841,0,Synthwave,2025.0,Indie Folk
CoverOf,5891,14438,0,Dream Pop,2008.0,Alternative Rock
CoverOf,5893,4541,0,Psychedelic Rock,2027.0,Psychedelic Rock
CoverOf,5911,6396,0,Indie Rock,2024.0,Indie Rock
CoverOf,5911,11491,0,Indie Rock,2024.0,Psychedelic Rock
CoverOf,5923,9777,0,Darkwave,2026.0,Darkwave
CoverOf,5928,966,0,Lo-Fi Electronica,2019.0,Lo-Fi Electronica
CoverOf,5928,8680,0,Lo-Fi Electronica,2019.0,Lo-Fi Electronica
CoverOf,5980,1857,0,Indie Rock,2025.0,Indie Rock
CoverOf,5981,13681,0,Dream Pop,2023.0,Indie Folk
CoverOf,5986,6191,0,Americana,2004.0,Synthwave
CoverOf,6024,15565,0,Space Rock,2026.0,Space Rock
CoverOf,6054,15126,0,Dream Pop,2026.0,Synthwave
CoverOf,6054,13287,0,Dream Pop,2026.0,Synthwave
CoverOf,6054,7897,0,Dream Pop,2026.0,Post-Apocalyptic Folk
CoverOf,6064,1145,0,Dream Pop,2025.0,Dream Pop
CoverOf,6065,13563,0,Dream Pop,2029.0,Synthpop
CoverOf,6065,3688,0,Dream Pop,2029.0,Doom Metal
CoverOf,6065,3501,0,Dream Pop,2029.0,Oceanus Folk
CoverOf,6070,966,0,Lo-Fi Electronica,2014.0,Lo-Fi Electronica
CoverOf,6072,16454,0,Synthwave,1998.0,Blues Rock
CoverOf,6087,12245,0,Doom Metal,2025.0,Indie Folk
CoverOf,6130,4348,0,Doom Metal,2026.0,Oceanus Folk
CoverOf,6142,7517,0,Symphonic Metal,2029.0,Indie Rock
CoverOf,6142,9683,0,Symphonic Metal,2029.0,Jazz Surf Rock
CoverOf,6158,1853,0,Avant-Garde Folk,2018.0,Avant-Garde Folk
CoverOf,6158,7325,0,Avant-Garde Folk,2018.0,Emo/Pop Punk
CoverOf,6163,16478,0,Psychedelic Rock,2022.0,Psychedelic Rock
CoverOf,6170,9685,0,Oceanus Folk,2023.0,Oceanus Folk
CoverOf,6180,15622,0,Desert Rock,2010.0,Doom Metal
CoverOf,6189,4481,0,Indie Folk,2007.0,Alternative Rock
CoverOf,6210,3390,0,Alternative Rock,2022.0,Dream Pop
CoverOf,6210,6735,0,Alternative Rock,2022.0,Alternative Rock
CoverOf,6210,11948,0,Alternative Rock,2022.0,Alternative Rock
CoverOf,6227,8872,0,Speed Metal,1999.0,Speed Metal
CoverOf,6231,2848,0,Lo-Fi Electronica,2029.0,Lo-Fi Electronica
CoverOf,6231,11240,0,Lo-Fi Electronica,2029.0,Emo/Pop Punk
CoverOf,6233,9335,0,Dream Pop,2023.0,Indie Rock
CoverOf,6233,12043,0,Dream Pop,2023.0,Dream Pop
CoverOf,6245,1955,0,Emo/Pop Punk,1989.0,Emo/Pop Punk
CoverOf,6246,4849,0,Alternative Rock,2026.0,Synthwave
CoverOf,6253,10246,0,Synthwave,2023.0,Doom Metal
CoverOf,6286,2238,0,Darkwave,2028.0,Synthwave
CoverOf,6286,10111,0,Darkwave,2028.0,Darkwave
CoverOf,6293,16719,0,Dream Pop,2025.0,Psychedelic Rock
CoverOf,6307,9899,0,Dream Pop,2025.0,Desert Rock
CoverOf,6339,1596,0,Blues Rock,2017.0,Indie Pop
CoverOf,6364,5691,0,Speed Metal,2012.0,Speed Metal
CoverOf,6382,15855,0,Synthwave,2010.0,Synthwave
CoverOf,6386,14961,0,Alternative Rock,2023.0,Synthwave
CoverOf,6418,4228,0,Dream Pop,2028.0,Synthwave
CoverOf,6435,10596,0,Space Rock,2024.0,Indie Folk
CoverOf,6447,1841,0,Oceanus Folk,2025.0,Indie Folk
CoverOf,6456,4541,0,Dream Pop,2027.0,Psychedelic Rock
CoverOf,6467,11889,0,Blues Rock,2010.0,Blues Rock
CoverOf,6473,10402,0,Dream Pop,2014.0,Alternative Rock
CoverOf,6473,9387,0,Dream Pop,2014.0,Dream Pop
CoverOf,6474,4453,0,Dream Pop,2027.0,Indie Folk
CoverOf,6476,12397,0,Doom Metal,2022.0,Dream Pop
CoverOf,6482,15040,0,Dream Pop,2027.0,Indie Pop
CoverOf,6482,13188,0,Dream Pop,2027.0,Indie Rock
CoverOf,6503,2331,0,Emo/Pop Punk,2018.0,Blues Rock
CoverOf,6503,14510,0,Emo/Pop Punk,2018.0,Southern Gothic Rock
CoverOf,6507,4583,0,Speed Metal,2017.0,Speed Metal
CoverOf,6507,16724,0,Speed Metal,2017.0,Speed Metal
CoverOf,6569,1841,0,Desert Rock,2029.0,Indie Folk
CoverOf,6588,5075,0,Alternative Rock,2027.0,Blues Rock
CoverOf,6594,5212,0,Alternative Rock,2017.0,Southern Gothic Rock
CoverOf,6597,3636,0,Dream Pop,2029.0,Dream Pop
CoverOf,6597,11284,0,Dream Pop,2029.0,Dream Pop
CoverOf,6606,13721,0,Doom Metal,2023.0,Doom Metal
CoverOf,6645,7590,0,Doom Metal,2013.0,Doom Metal
CoverOf,6651,12961,0,Dream Pop,1996.0,Dream Pop
CoverOf,6665,3923,0,Desert Rock,2026.0,Indie Folk
CoverOf,6675,6535,0,Jazz Surf Rock,2028.0,Symphonic Metal
CoverOf,6699,13035,0,Indie Rock,2021.0,Indie Rock
CoverOf,6709,5220,0,Dream Pop,2028.0,Americana
CoverOf,6721,3668,0,Indie Folk,2023.0,Doom Metal
CoverOf,6743,14909,0,Dream Pop,2020.0,Dream Pop
CoverOf,6743,10657,0,Dream Pop,2020.0,Dream Pop
CoverOf,6745,2595,0,Indie Pop,1994.0,Indie Pop
CoverOf,6752,13324,0,Oceanus Folk,2010.0,Oceanus Folk
CoverOf,6785,14512,0,Lo-Fi Electronica,2002.0,Lo-Fi Electronica
CoverOf,6793,8257,0,Doom Metal,2029.0,Jazz Surf Rock
CoverOf,6797,13361,0,Alternative Rock,2026.0,Blues Rock
CoverOf,6797,15388,0,Alternative Rock,2026.0,Avant-Garde Folk
CoverOf,6797,13720,0,Alternative Rock,2026.0,Lo-Fi Electronica
CoverOf,6797,15838,0,Alternative Rock,2026.0,Avant-Garde Folk
CoverOf,6820,15398,0,Space Rock,2025.0,Darkwave
CoverOf,6827,11251,0,Doom Metal,2027.0,Indie Folk
CoverOf,6827,12445,0,Doom Metal,2027.0,Synthpop
CoverOf,6854,3536,0,Indie Rock,2026.0,Doom Metal
CoverOf,6854,1611,0,Indie Rock,2026.0,Indie Rock
CoverOf,6864,4557,0,Avant-Garde Folk,2017.0,Avant-Garde Folk
CoverOf,6875,5283,0,Blues Rock,2007.0,Indie Pop
CoverOf,6940,1611,0,Darkwave,2029.0,Indie Rock
CoverOf,6954,7080,0,Jazz Surf Rock,2025.0,Indie Folk
CoverOf,6954,3087,0,Jazz Surf Rock,2025.0,Jazz Surf Rock
CoverOf,6967,14442,0,Jazz Surf Rock,2008.0,Jazz Surf Rock
CoverOf,6967,9754,0,Jazz Surf Rock,2008.0,Jazz Surf Rock
CoverOf,6976,7224,0,Indie Folk,2025.0,Oceanus Folk
CoverOf,6979,8771,0,Indie Folk,2020.0,Doom Metal
CoverOf,6983,1088,0,Synthpop,1994.0,Synthpop
CoverOf,6984,11468,0,Southern Gothic Rock,1997.0,Southern Gothic Rock
CoverOf,7001,3501,0,Americana,2017.0,Oceanus Folk
CoverOf,7012,1018,0,Southern Gothic Rock,2016.0,Alternative Rock
CoverOf,7019,3025,0,Oceanus Folk,2023.0,Oceanus Folk
CoverOf,7052,9511,0,Dream Pop,2013.0,Dream Pop
CoverOf,7054,15024,0,Lo-Fi Electronica,2026.0,Lo-Fi Electronica
CoverOf,7056,8382,0,Synthwave,2024.0,Dream Pop
CoverOf,7077,12397,0,Psychedelic Rock,2017.0,Dream Pop
CoverOf,7080,438,0,Indie Folk,2020.0,Dream Pop
CoverOf,7101,8812,0,Alternative Rock,2015.0,Synthwave
CoverOf,7101,2510,0,Alternative Rock,2015.0,Dream Pop
CoverOf,7113,1495,0,Doom Metal,2007.0,Doom Metal
CoverOf,7113,15622,0,Doom Metal,2007.0,Doom Metal
CoverOf,7128,14124,0,Dream Pop,1992.0,Indie Rock
CoverOf,7128,9048,0,Dream Pop,1992.0,Indie Rock
CoverOf,7133,6435,0,Space Rock,2026.0,Space Rock
CoverOf,7133,14569,0,Space Rock,2026.0,Synthpop
CoverOf,7153,14435,0,Alternative Rock,2023.0,Indie Pop
CoverOf,7190,1841,0,Psychedelic Rock,2027.0,Indie Folk
CoverOf,7204,2800,0,Dream Pop,2023.0,Dream Pop
CoverOf,7213,10928,0,Indie Folk,2029.0,Dream Pop
CoverOf,7221,6639,0,Alternative Rock,1997.0,Alternative Rock
CoverOf,7249,7977,0,Indie Pop,2023.0,Indie Pop
CoverOf,7249,1539,0,Indie Pop,2023.0,Indie Pop
CoverOf,7273,12089,0,Dream Pop,2004.0,Jazz Surf Rock
CoverOf,7278,3467,0,Synthwave,2022.0,Doom Metal
CoverOf,7278,4464,0,Synthwave,2022.0,Dream Pop
CoverOf,7278,13324,0,Synthwave,2022.0,Oceanus Folk
CoverOf,7278,10412,0,Synthwave,2022.0,Post-Apocalyptic Folk
CoverOf,7278,2709,0,Synthwave,2022.0,Dream Pop
CoverOf,7278,4518,0,Synthwave,2022.0,Indie Folk
CoverOf,7299,8758,0,Jazz Surf Rock,2010.0,Dream Pop
CoverOf,7311,14671,0,Blues Rock,2010.0,Emo/Pop Punk
CoverOf,7313,13697,0,Dream Pop,2023.0,Dream Pop
CoverOf,7313,10282,0,Dream Pop,2023.0,Alternative Rock
CoverOf,7336,8888,0,Synthwave,2020.0,Indie Rock
CoverOf,7395,12150,0,Synthwave,2021.0,Indie Folk
CoverOf,7406,8355,0,Doom Metal,2020.0,Synthwave
CoverOf,7408,1841,0,Desert Rock,2023.0,Indie Folk
CoverOf,7417,7723,0,Southern Gothic Rock,2003.0,Southern Gothic Rock
CoverOf,7424,7325,0,Emo/Pop Punk,2014.0,Emo/Pop Punk
CoverOf,7466,13681,0,Indie Folk,2017.0,Indie Folk
CoverOf,7495,15622,0,Desert Rock,2013.0,Doom Metal
CoverOf,7517,8888,0,Indie Rock,2023.0,Indie Rock
CoverOf,7543,5694,0,Doom Metal,2024.0,Dream Pop
CoverOf,7568,1853,0,Avant-Garde Folk,2013.0,Avant-Garde Folk
CoverOf,7568,16035,0,Avant-Garde Folk,2013.0,Avant-Garde Folk
CoverOf,7575,8688,0,Dream Pop,2030.0,Synthwave
CoverOf,7581,10211,0,Americana,2025.0,Space Rock
CoverOf,7611,2567,0,Dream Pop,2029.0,Post-Apocalyptic Folk
CoverOf,7611,6307,0,Dream Pop,2029.0,Dream Pop
CoverOf,7611,438,0,Dream Pop,2029.0,Dream Pop
CoverOf,7611,10593,0,Dream Pop,2029.0,Indie Rock
CoverOf,7611,12397,0,Dream Pop,2029.0,Dream Pop
CoverOf,7618,10086,0,Synthwave,2013.0,Synthwave
CoverOf,7658,11008,0,Alternative Rock,2031.0,Jazz Surf Rock
CoverOf,7662,1411,0,Southern Gothic Rock,2013.0,Southern Gothic Rock
CoverOf,7662,11368,0,Southern Gothic Rock,2013.0,Southern Gothic Rock
CoverOf,7662,14658,0,Southern Gothic Rock,2013.0,Southern Gothic Rock
CoverOf,7662,13933,0,Southern Gothic Rock,2013.0,Southern Gothic Rock
CoverOf,7669,11298,0,Southern Gothic Rock,2017.0,Indie Pop
CoverOf,7700,5887,0,Indie Folk,2026.0,Doom Metal
CoverOf,7736,15622,0,Jazz Surf Rock,2021.0,Doom Metal
CoverOf,7739,5764,0,Southern Gothic Rock,2023.0,Avant-Garde Folk
CoverOf,7739,13001,0,Southern Gothic Rock,2023.0,Southern Gothic Rock
CoverOf,7741,1407,0,Dream Pop,2029.0,Desert Rock
CoverOf,7769,9877,0,Post-Apocalyptic Folk,2021.0,Dream Pop
CoverOf,7782,10301,0,Alternative Rock,2028.0,Symphonic Metal
CoverOf,7787,4586,0,Desert Rock,2026.0,Indie Folk
CoverOf,7797,8394,0,Southern Gothic Rock,2030.0,Southern Gothic Rock
CoverOf,7810,8904,0,Indie Rock,2028.0,Doom Metal
CoverOf,7839,3025,0,Desert Rock,2020.0,Oceanus Folk
CoverOf,7842,12344,0,Avant-Garde Folk,2029.0,Alternative Rock
CoverOf,7842,6864,0,Avant-Garde Folk,2029.0,Avant-Garde Folk
CoverOf,7854,15622,0,Jazz Surf Rock,2028.0,Doom Metal
CoverOf,7870,7116,0,Desert Rock,2020.0,Doom Metal
CoverOf,7876,6833,0,Oceanus Folk,2027.0,Dream Pop
CoverOf,7876,15285,0,Oceanus Folk,2027.0,Dream Pop
CoverOf,7876,9096,0,Oceanus Folk,2027.0,Oceanus Folk
CoverOf,7893,11110,0,Symphonic Metal,2029.0,Indie Folk
CoverOf,7908,13632,0,Indie Rock,2023.0,Darkwave
CoverOf,7918,14989,0,Darkwave,2020.0,Indie Rock
CoverOf,7918,1611,0,Darkwave,2020.0,Indie Rock
CoverOf,7920,2572,0,Oceanus Folk,2010.0,Synthwave
CoverOf,7944,14464,0,Doom Metal,2000.0,Doom Metal
CoverOf,7949,3362,0,Dream Pop,2029.0,Synthwave
CoverOf,7969,13361,0,Indie Pop,2023.0,Blues Rock
CoverOf,7979,10150,0,Alternative Rock,2023.0,Alternative Rock
CoverOf,7999,6658,0,Alternative Rock,2025.0,Dream Pop
CoverOf,8006,8233,0,Americana,2018.0,Oceanus Folk
CoverOf,8013,8872,0,Speed Metal,2004.0,Speed Metal
CoverOf,8024,5687,0,Indie Rock,2026.0,Indie Folk
CoverOf,8078,5455,0,Avant-Garde Folk,2011.0,Southern Gothic Rock
CoverOf,8081,14191,0,Desert Rock,2029.0,Dream Pop
CoverOf,8095,2927,0,Southern Gothic Rock,2006.0,Southern Gothic Rock
CoverOf,8103,15075,0,Doom Metal,2024.0,Alternative Rock
CoverOf,8115,10488,0,Emo/Pop Punk,1999.0,Blues Rock
CoverOf,8115,12091,0,Emo/Pop Punk,1999.0,Southern Gothic Rock
CoverOf,8115,6262,0,Emo/Pop Punk,1999.0,Dream Pop
CoverOf,8159,4464,0,Americana,2021.0,Dream Pop
CoverOf,8190,14989,0,Indie Rock,2013.0,Indie Rock
CoverOf,8209,11142,0,Southern Gothic Rock,2027.0,Indie Pop
CoverOf,8214,2279,0,Alternative Rock,2024.0,Dream Pop
CoverOf,8214,5891,0,Alternative Rock,2024.0,Dream Pop
CoverOf,8215,7310,0,Doom Metal,2017.0,Doom Metal
CoverOf,8225,14976,0,Speed Metal,2020.0,Speed Metal
CoverOf,8230,1955,0,Emo/Pop Punk,1989.0,Emo/Pop Punk
CoverOf,8231,438,0,Synthwave,2010.0,Dream Pop
CoverOf,8243,7563,0,Doom Metal,2010.0,Doom Metal
CoverOf,8263,445,0,Psychedelic Rock,2022.0,Psychedelic Rock
CoverOf,8283,5295,0,Indie Folk,2020.0,Doom Metal
CoverOf,8283,1738,0,Indie Folk,2020.0,Doom Metal
CoverOf,8389,7116,0,Indie Folk,2020.0,Doom Metal
CoverOf,8394,9089,0,Southern Gothic Rock,2012.0,Indie Pop
CoverOf,8409,3616,0,Jazz Surf Rock,2029.0,Indie Folk
CoverOf,8423,15957,0,Southern Gothic Rock,2024.0,Southern Gothic Rock
CoverOf,8423,16082,0,Southern Gothic Rock,2024.0,Southern Gothic Rock
CoverOf,8494,12300,0,Lo-Fi Electronica,2022.0,Lo-Fi Electronica
CoverOf,8509,12162,0,Dream Pop,2019.0,Alternative Rock
CoverOf,8553,6521,0,Indie Folk,2029.0,Doom Metal
CoverOf,8604,6233,0,Synthwave,2026.0,Dream Pop
CoverOf,8640,10111,0,Post-Apocalyptic Folk,2026.0,Darkwave
CoverOf,8653,13708,0,Psychedelic Rock,2027.0,Dream Pop
CoverOf,8663,10530,0,Dream Pop,2023.0,Indie Folk
CoverOf,8667,11768,0,Psychedelic Rock,2025.0,Dream Pop
CoverOf,8667,11217,0,Psychedelic Rock,2025.0,Dream Pop
CoverOf,8695,8581,0,Synthwave,2024.0,Indie Rock
CoverOf,8708,4854,0,Emo/Pop Punk,2023.0,Southern Gothic Rock
CoverOf,8714,2398,0,Oceanus Folk,2025.0,Indie Folk
CoverOf,8717,13574,0,Doom Metal,2017.0,Synthwave
CoverOf,8722,16090,0,Dream Pop,2026.0,Synthpop
CoverOf,8739,13430,0,Speed Metal,2005.0,Speed Metal
CoverOf,8740,445,0,Dream Pop,2023.0,Psychedelic Rock
CoverOf,8763,12517,0,Lo-Fi Electronica,2028.0,Lo-Fi Electronica
CoverOf,8773,11327,0,Lo-Fi Electronica,2027.0,Lo-Fi Electronica
CoverOf,8773,10574,0,Lo-Fi Electronica,2027.0,Lo-Fi Electronica
CoverOf,8782,9290,0,Dream Pop,2029.0,Alternative Rock
CoverOf,8803,2347,0,Post-Apocalyptic Folk,2020.0,Post-Apocalyptic Folk
CoverOf,8811,8174,0,Dream Pop,2023.0,Indie Folk
CoverOf,8832,3740,0,Indie Pop,1991.0,Indie Pop
CoverOf,8837,11097,0,Darkwave,2028.0,Darkwave
CoverOf,8852,5711,0,Desert Rock,2023.0,Psychedelic Rock
CoverOf,8852,14987,0,Desert Rock,2023.0,Doom Metal
CoverOf,8852,4046,0,Desert Rock,2023.0,Jazz Surf Rock
CoverOf,8881,9096,0,Oceanus Folk,2020.0,Oceanus Folk
CoverOf,8892,13978,0,Desert Rock,2025.0,Space Rock
CoverOf,8899,14510,0,Southern Gothic Rock,2024.0,Southern Gothic Rock
CoverOf,8930,9817,0,Emo/Pop Punk,2023.0,Southern Gothic Rock
CoverOf,8931,15622,0,Indie Folk,2010.0,Doom Metal
CoverOf,8954,11945,0,Doom Metal,2020.0,Doom Metal
CoverOf,8978,15325,0,Oceanus Folk,2020.0,Indie Folk
CoverOf,8987,4619,0,Synthwave,2017.0,Doom Metal
CoverOf,8998,10815,0,Synthwave,2026.0,Indie Rock
CoverOf,9007,6628,0,Doom Metal,2004.0,Indie Rock
CoverOf,9030,9335,0,Indie Rock,2026.0,Indie Rock
CoverOf,9033,9854,0,Synthwave,2021.0,Indie Folk
CoverOf,9061,9559,0,Southern Gothic Rock,2019.0,Jazz Surf Rock
CoverOf,9088,15024,0,Lo-Fi Electronica,2013.0,Lo-Fi Electronica
CoverOf,9105,11339,0,Indie Rock,2028.0,Indie Rock
CoverOf,9117,13681,0,Indie Folk,2023.0,Indie Folk
CoverOf,9122,13985,0,Lo-Fi Electronica,2017.0,Lo-Fi Electronica
CoverOf,9123,3350,0,Southern Gothic Rock,2004.0,Southern Gothic Rock
CoverOf,9124,8382,0,Desert Rock,2025.0,Dream Pop
CoverOf,9133,4136,0,Darkwave,2029.0,Darkwave
CoverOf,9143,4481,0,Indie Folk,2013.0,Alternative Rock
CoverOf,9143,8812,0,Indie Folk,2013.0,Synthwave
CoverOf,9144,1841,0,Oceanus Folk,2020.0,Indie Folk
CoverOf,9158,6752,0,Oceanus Folk,2013.0,Oceanus Folk
CoverOf,9165,10493,0,Synthwave,2028.0,Dream Pop
CoverOf,9175,16366,0,Indie Folk,2028.0,Doom Metal
CoverOf,9183,14994,0,Dream Pop,2010.0,Indie Folk
CoverOf,9214,3025,0,Desert Rock,2028.0,Oceanus Folk
CoverOf,9232,13732,0,Synthpop,2020.0,Doom Metal
CoverOf,9239,4583,0,Alternative Rock,2030.0,Speed Metal
CoverOf,9240,14580,0,Alternative Rock,2026.0,Alternative Rock
CoverOf,9245,7116,0,Doom Metal,2023.0,Doom Metal
CoverOf,9267,15198,0,Dream Pop,2022.0,Dream Pop
CoverOf,9280,15055,0,Alternative Rock,2017.0,Blues Rock
CoverOf,9294,3335,0,Alternative Rock,2009.0,Dream Pop
CoverOf,9299,6674,0,Emo/Pop Punk,2003.0,Blues Rock
CoverOf,9300,16707,0,Jazz Surf Rock,2024.0,Space Rock
CoverOf,9341,9630,0,Indie Folk,2017.0,Synthwave
CoverOf,9372,13721,0,Jazz Surf Rock,2029.0,Doom Metal
CoverOf,9387,13421,0,Dream Pop,2007.0,Dream Pop
CoverOf,9389,12678,0,Dream Pop,2027.0,Synthwave
CoverOf,9414,10673,0,Doom Metal,2024.0,Doom Metal
CoverOf,9441,10282,0,Indie Rock,2030.0,Alternative Rock
CoverOf,9446,14720,0,Desert Rock,2027.0,Oceanus Folk
CoverOf,9446,11978,0,Desert Rock,2027.0,Oceanus Folk
CoverOf,9451,9183,0,Synthwave,2013.0,Dream Pop
CoverOf,9463,6216,0,Southern Gothic Rock,2026.0,Southern Gothic Rock
CoverOf,9472,16297,0,Emo/Pop Punk,2026.0,Emo/Pop Punk
CoverOf,9474,12998,0,Dream Pop,2026.0,Dream Pop
CoverOf,9474,12546,0,Dream Pop,2026.0,Alternative Rock
CoverOf,9479,9524,0,Dream Pop,2017.0,Dream Pop
CoverOf,9479,4283,0,Dream Pop,2017.0,Dream Pop
CoverOf,9493,3194,0,Oceanus Folk,2029.0,Oceanus Folk
CoverOf,9493,7224,0,Oceanus Folk,2029.0,Oceanus Folk
CoverOf,9493,15512,0,Oceanus Folk,2029.0,Dream Pop
CoverOf,9538,6935,0,Indie Rock,2029.0,Indie Rock
CoverOf,9545,4046,0,Dream Pop,2020.0,Jazz Surf Rock
CoverOf,9547,14507,0,Dream Pop,2020.0,Indie Folk
CoverOf,9549,6113,0,Dream Pop,2023.0,Alternative Rock
CoverOf,9564,14528,0,Dream Pop,2029.0,Space Rock
CoverOf,9564,7278,0,Dream Pop,2029.0,Synthwave
CoverOf,9586,4609,0,Indie Pop,2013.0,Avant-Garde Folk
CoverOf,9587,15752,0,Space Rock,2028.0,Indie Folk
CoverOf,9630,6006,0,Synthwave,2017.0,Doom Metal
CoverOf,9631,5089,0,Desert Rock,2029.0,Indie Folk
CoverOf,9631,5826,0,Desert Rock,2029.0,Desert Rock
CoverOf,9655,7224,0,Oceanus Folk,2029.0,Oceanus Folk
CoverOf,9655,3956,0,Oceanus Folk,2029.0,Oceanus Folk
CoverOf,9672,10596,0,Indie Folk,2032.0,Indie Folk
CoverOf,9719,15343,0,Speed Metal,2017.0,Speed Metal
CoverOf,9754,1326,0,Jazz Surf Rock,1998.0,Jazz Surf Rock
CoverOf,9759,13381,0,Synthwave,2029.0,Doom Metal
CoverOf,9766,11521,0,Doom Metal,2017.0,Doom Metal
CoverOf,9798,3966,0,Doom Metal,2017.0,Synthwave
CoverOf,9802,15622,0,Alternative Rock,2023.0,Doom Metal
CoverOf,9807,827,0,Lo-Fi Electronica,2017.0,Lo-Fi Electronica
CoverOf,9807,11677,0,Lo-Fi Electronica,2017.0,Lo-Fi Electronica
CoverOf,9818,10673,0,Doom Metal,2023.0,Doom Metal
CoverOf,9831,16189,0,Space Rock,2025.0,Americana
CoverOf,9834,11166,0,Indie Rock,2029.0,Dream Pop
CoverOf,9834,852,0,Indie Rock,2029.0,Space Rock
CoverOf,9861,14198,0,Desert Rock,2026.0,Oceanus Folk
CoverOf,9871,13421,0,Dream Pop,2012.0,Dream Pop
CoverOf,9893,15009,0,Indie Folk,2027.0,Indie Folk
CoverOf,9893,10673,0,Indie Folk,2027.0,Doom Metal
CoverOf,9933,13758,0,Indie Folk,2023.0,Indie Folk
CoverOf,9940,10412,0,Space Rock,2028.0,Post-Apocalyptic Folk
CoverOf,9940,2567,0,Space Rock,2028.0,Post-Apocalyptic Folk
CoverOf,9957,14037,0,Southern Gothic Rock,2019.0,Southern Gothic Rock
CoverOf,9992,4626,0,Dream Pop,2029.0,Dream Pop
CoverOf,9995,10281,0,Dream Pop,2018.0,Synthwave
CoverOf,10008,4770,0,Americana,2027.0,Synthwave
CoverOf,10045,8055,0,Alternative Rock,2018.0,Alternative Rock
CoverOf,10045,16162,0,Alternative Rock,2018.0,Emo/Pop Punk
CoverOf,10046,15419,0,Dream Pop,2030.0,Psychedelic Rock
CoverOf,10068,2342,0,Doom Metal,2010.0,Doom Metal
CoverOf,10081,4501,0,Doom Metal,2013.0,Doom Metal
CoverOf,10085,16495,0,Southern Gothic Rock,2021.0,Southern Gothic Rock
CoverOf,10085,15456,0,Southern Gothic Rock,2021.0,Southern Gothic Rock
CoverOf,10090,6868,0,Southern Gothic Rock,1998.0,Indie Pop
CoverOf,10111,553,0,Darkwave,2019.0,Oceanus Folk
CoverOf,10133,219,0,Dream Pop,2010.0,Dream Pop
CoverOf,10140,9511,0,Dream Pop,2026.0,Dream Pop
CoverOf,10142,1888,0,Doom Metal,2029.0,Indie Folk
CoverOf,10159,14136,0,Oceanus Folk,2026.0,Doom Metal
CoverOf,10173,14762,0,Desert Rock,2026.0,Oceanus Folk
CoverOf,10175,14599,0,Doom Metal,2028.0,Americana
CoverOf,10192,10417,0,Lo-Fi Electronica,2019.0,Lo-Fi Electronica
CoverOf,10192,827,0,Lo-Fi Electronica,2019.0,Lo-Fi Electronica
CoverOf,10197,9696,0,Doom Metal,2029.0,Synthwave
CoverOf,10197,14118,0,Doom Metal,2029.0,Indie Folk
CoverOf,10215,13552,0,Dream Pop,2026.0,Psychedelic Rock
CoverOf,10270,3362,0,Post-Apocalyptic Folk,2026.0,Synthwave
CoverOf,10282,11431,0,Alternative Rock,2017.0,Indie Folk
CoverOf,10283,866,0,Indie Folk,2023.0,Doom Metal
CoverOf,10294,6315,0,Emo/Pop Punk,2002.0,Emo/Pop Punk
CoverOf,10294,5051,0,Emo/Pop Punk,2002.0,Emo/Pop Punk
CoverOf,10309,4069,0,Alternative Rock,2022.0,Indie Pop
CoverOf,10309,16162,0,Alternative Rock,2022.0,Emo/Pop Punk
CoverOf,10309,8055,0,Alternative Rock,2022.0,Alternative Rock
CoverOf,10318,13965,0,Oceanus Folk,2010.0,Oceanus Folk
CoverOf,10333,4006,0,Indie Rock,2030.0,Indie Rock
CoverOf,10338,7278,0,Dream Pop,2023.0,Synthwave
CoverOf,10350,11830,0,Blues Rock,2013.0,Synthwave
CoverOf,10367,8593,0,Synthwave,2013.0,Doom Metal
CoverOf,10385,10281,0,Space Rock,2028.0,Synthwave
CoverOf,10385,7278,0,Space Rock,2028.0,Synthwave
CoverOf,10385,3966,0,Space Rock,2028.0,Synthwave
CoverOf,10404,1884,0,Indie Folk,2017.0,Doom Metal
CoverOf,10431,10294,0,Emo/Pop Punk,2022.0,Emo/Pop Punk
CoverOf,10431,3217,0,Emo/Pop Punk,2022.0,Avant-Garde Folk
CoverOf,10441,15408,0,Southern Gothic Rock,2007.0,Indie Pop
CoverOf,10453,6745,0,Southern Gothic Rock,2026.0,Indie Pop
CoverOf,10478,13297,0,Lo-Fi Electronica,2032.0,Lo-Fi Electronica
CoverOf,10478,11677,0,Lo-Fi Electronica,2032.0,Lo-Fi Electronica
CoverOf,10478,8680,0,Lo-Fi Electronica,2032.0,Lo-Fi Electronica
CoverOf,10478,14566,0,Lo-Fi Electronica,2032.0,Lo-Fi Electronica
CoverOf,10484,8593,0,Doom Metal,2013.0,Doom Metal
CoverOf,10505,14626,0,Jazz Surf Rock,2027.0,Synthwave
CoverOf,10521,14262,0,Emo/Pop Punk,2029.0,Emo/Pop Punk
CoverOf,10532,9884,0,Synthwave,2024.0,Psychedelic Rock
CoverOf,10535,7278,0,Indie Folk,2026.0,Synthwave
CoverOf,10538,10673,0,Synthwave,2029.0,Doom Metal
CoverOf,10549,5110,0,Indie Pop,1993.0,Indie Pop
CoverOf,10576,4117,0,Synthwave,2011.0,Synthwave
CoverOf,10600,3407,0,Alternative Rock,2005.0,Southern Gothic Rock
CoverOf,10616,13303,0,Indie Folk,2013.0,Dream Pop
CoverOf,10632,16313,0,Indie Folk,2013.0,Indie Folk
CoverOf,10636,16264,0,Jazz Surf Rock,2027.0,Oceanus Folk
CoverOf,10641,1195,0,Dream Pop,2027.0,Dream Pop
CoverOf,10651,15047,0,Speed Metal,2006.0,Southern Gothic Rock
CoverOf,10651,15702,0,Speed Metal,2006.0,Speed Metal
CoverOf,10651,8050,0,Speed Metal,2006.0,Speed Metal
CoverOf,10651,4861,0,Speed Metal,2006.0,Speed Metal
CoverOf,10657,12971,0,Dream Pop,2017.0,Dream Pop
CoverOf,10657,10354,0,Dream Pop,2017.0,Dream Pop
CoverOf,10659,9230,0,Dream Pop,2025.0,Dream Pop
CoverOf,10666,10694,0,Indie Folk,2020.0,Psychedelic Rock
CoverOf,10681,15622,0,Doom Metal,2007.0,Doom Metal
CoverOf,10698,12010,0,Alternative Rock,2014.0,Alternative Rock
CoverOf,10716,13777,0,Americana,2027.0,Oceanus Folk
CoverOf,10740,6454,0,Avant-Garde Folk,2022.0,Indie Pop
CoverOf,10759,14658,0,Avant-Garde Folk,2017.0,Southern Gothic Rock
CoverOf,10767,7278,0,Dream Pop,2027.0,Synthwave
CoverOf,10800,13418,0,Darkwave,2029.0,Dream Pop
CoverOf,10806,10102,0,Jazz Surf Rock,2027.0,Americana
CoverOf,10826,1407,0,Space Rock,2032.0,Desert Rock
CoverOf,10855,10281,0,Dream Pop,2023.0,Synthwave
CoverOf,10861,11768,0,Dream Pop,2029.0,Dream Pop
CoverOf,10903,9096,0,Dream Pop,2028.0,Oceanus Folk
CoverOf,10928,13721,0,Dream Pop,2022.0,Doom Metal
CoverOf,10928,12910,0,Dream Pop,2022.0,Synthwave
CoverOf,10937,1955,0,Indie Pop,2009.0,Emo/Pop Punk
CoverOf,10938,2956,0,Doom Metal,2010.0,Indie Folk
CoverOf,10953,11127,0,Psychedelic Rock,2022.0,Psychedelic Rock
CoverOf,10968,14506,0,Synthwave,2019.0,Synthwave
CoverOf,11014,16274,0,Indie Folk,2017.0,Indie Folk
CoverOf,11029,7278,0,Synthwave,2029.0,Synthwave
CoverOf,11111,5473,0,Southern Gothic Rock,2023.0,Alternative Rock
CoverOf,11117,12367,0,Synthwave,2017.0,Indie Folk
CoverOf,11130,4288,0,Space Rock,2027.0,Desert Rock
CoverOf,11130,13721,0,Space Rock,2027.0,Doom Metal
CoverOf,11130,533,0,Space Rock,2027.0,Dream Pop
CoverOf,11130,8593,0,Space Rock,2027.0,Doom Metal
CoverOf,11136,3508,0,Darkwave,2026.0,Synthwave
CoverOf,11159,9061,0,Emo/Pop Punk,2023.0,Southern Gothic Rock
CoverOf,11159,10503,0,Emo/Pop Punk,2023.0,Southern Gothic Rock
CoverOf,11174,6193,0,Southern Gothic Rock,2016.0,Southern Gothic Rock
CoverOf,11175,6301,0,Post-Apocalyptic Folk,2024.0,Post-Apocalyptic Folk
CoverOf,11184,10342,0,Dream Pop,2028.0,Dream Pop
CoverOf,11200,438,0,Dream Pop,2029.0,Dream Pop
CoverOf,11200,912,0,Dream Pop,2029.0,Indie Folk
CoverOf,11206,15674,0,Indie Rock,2026.0,Indie Rock
CoverOf,11225,10342,0,Synthwave,2024.0,Dream Pop
CoverOf,11225,8245,0,Synthwave,2024.0,Space Rock
CoverOf,11227,1544,0,Indie Pop,2013.0,Southern Gothic Rock
CoverOf,11236,7574,0,Alternative Rock,2028.0,Speed Metal
CoverOf,11249,5660,0,Indie Rock,2026.0,Indie Rock
CoverOf,11249,11941,0,Indie Rock,2026.0,Indie Rock
CoverOf,11251,14118,0,Indie Folk,2020.0,Indie Folk
CoverOf,11262,7116,0,Doom Metal,2022.0,Doom Metal
CoverOf,11263,13302,0,Post-Apocalyptic Folk,2025.0,Indie Rock
CoverOf,11263,4046,0,Post-Apocalyptic Folk,2025.0,Jazz Surf Rock
CoverOf,11298,11368,0,Indie Pop,2009.0,Southern Gothic Rock
CoverOf,11319,1244,0,Indie Rock,2017.0,Indie Rock
CoverOf,11357,4602,0,Alternative Rock,2026.0,Alternative Rock
CoverOf,11413,1533,0,Alternative Rock,2009.0,Alternative Rock
CoverOf,11447,7244,0,Indie Folk,2022.0,Synthwave
CoverOf,11449,6245,0,Emo/Pop Punk,2010.0,Emo/Pop Punk
CoverOf,11453,16275,0,Dream Pop,2023.0,Lo-Fi Electronica
CoverOf,11453,14510,0,Dream Pop,2023.0,Southern Gothic Rock
CoverOf,11453,14907,0,Dream Pop,2023.0,Dream Pop
CoverOf,11477,15609,0,Lo-Fi Electronica,2021.0,Southern Gothic Rock
CoverOf,11477,13891,0,Lo-Fi Electronica,2021.0,Lo-Fi Electronica
CoverOf,11499,7278,0,Dream Pop,2029.0,Synthwave
CoverOf,11509,8516,0,Post-Apocalyptic Folk,2029.0,Psychedelic Rock
CoverOf,11515,12270,0,Oceanus Folk,2025.0,Oceanus Folk
CoverOf,11532,8821,0,Alternative Rock,2013.0,Alternative Rock
CoverOf,11538,15622,0,Dream Pop,2020.0,Doom Metal
CoverOf,11562,9040,0,Southern Gothic Rock,2025.0,Southern Gothic Rock
CoverOf,11567,1841,0,Oceanus Folk,2023.0,Indie Folk
CoverOf,11608,14969,0,Americana,2024.0,Dream Pop
CoverOf,11617,4583,0,Speed Metal,2023.0,Speed Metal
CoverOf,11677,827,0,Lo-Fi Electronica,2009.0,Lo-Fi Electronica
CoverOf,11679,16524,0,Oceanus Folk,2026.0,Oceanus Folk
CoverOf,11680,4861,0,Speed Metal,2003.0,Speed Metal
CoverOf,11696,9618,0,Synthwave,2017.0,Doom Metal
CoverOf,11706,2369,0,Space Rock,2029.0,Synthwave
CoverOf,11706,15222,0,Space Rock,2029.0,Jazz Surf Rock
CoverOf,11780,2215,0,Dream Pop,2027.0,Americana
CoverOf,11797,13324,0,Oceanus Folk,2020.0,Oceanus Folk
CoverOf,11801,9657,0,Synthwave,2029.0,Indie Folk
CoverOf,11839,520,0,Indie Folk,2010.0,Synthwave
CoverOf,11859,13335,0,Lo-Fi Electronica,2014.0,Lo-Fi Electronica
CoverOf,11859,2698,0,Lo-Fi Electronica,2014.0,Lo-Fi Electronica
CoverOf,11866,16612,0,Jazz Surf Rock,2015.0,Jazz Surf Rock
CoverOf,11878,4411,0,Alternative Rock,2023.0,Southern Gothic Rock
CoverOf,11878,14262,0,Alternative Rock,2023.0,Emo/Pop Punk
CoverOf,11885,7026,0,Americana,2004.0,Americana
CoverOf,11899,6587,0,Indie Rock,2020.0,Indie Rock
CoverOf,11899,14965,0,Indie Rock,2020.0,Doom Metal
CoverOf,11905,10419,0,Alternative Rock,2004.0,Dream Pop
CoverOf,11928,14203,0,Doom Metal,2023.0,Doom Metal
CoverOf,11936,8230,0,Emo/Pop Punk,2029.0,Emo/Pop Punk
CoverOf,11936,339,0,Emo/Pop Punk,2029.0,Southern Gothic Rock
CoverOf,11942,15766,0,Indie Folk,2020.0,Indie Folk
CoverOf,11947,6762,0,Americana,2026.0,Symphonic Metal
CoverOf,11949,7733,0,Alternative Rock,2022.0,Southern Gothic Rock
CoverOf,11957,7080,0,Dream Pop,2030.0,Indie Folk
CoverOf,11984,6245,0,Blues Rock,1991.0,Emo/Pop Punk
CoverOf,11995,11136,0,Dream Pop,2026.0,Darkwave
CoverOf,12008,5214,0,Lo-Fi Electronica,2014.0,Lo-Fi Electronica
CoverOf,12008,6785,0,Lo-Fi Electronica,2014.0,Lo-Fi Electronica
CoverOf,12009,12060,0,Americana,2022.0,Indie Rock
CoverOf,12013,8055,0,Alternative Rock,2026.0,Alternative Rock
CoverOf,12013,632,0,Alternative Rock,2026.0,Alternative Rock
CoverOf,12034,13681,0,Indie Folk,2029.0,Indie Folk
CoverOf,12041,13357,0,Southern Gothic Rock,2004.0,Southern Gothic Rock
CoverOf,12041,10090,0,Southern Gothic Rock,2004.0,Southern Gothic Rock
CoverOf,12041,15456,0,Southern Gothic Rock,2004.0,Southern Gothic Rock
CoverOf,12042,13357,0,Southern Gothic Rock,2014.0,Southern Gothic Rock
CoverOf,12043,10281,0,Dream Pop,2023.0,Synthwave
CoverOf,12067,3025,0,Oceanus Folk,2024.0,Oceanus Folk
CoverOf,12099,14780,0,Lo-Fi Electronica,2022.0,Lo-Fi Electronica
CoverOf,12099,12517,0,Lo-Fi Electronica,2022.0,Lo-Fi Electronica
CoverOf,12105,4609,0,Southern Gothic Rock,2017.0,Avant-Garde Folk
CoverOf,12130,13421,0,Dream Pop,2007.0,Dream Pop
CoverOf,12130,7891,0,Dream Pop,2007.0,Blues Rock
CoverOf,12131,14621,0,Psychedelic Rock,2023.0,Psychedelic Rock
CoverOf,12131,13049,0,Psychedelic Rock,2023.0,Psychedelic Rock
CoverOf,12138,14767,0,Oceanus Folk,2030.0,Space Rock
CoverOf,12150,15622,0,Indie Folk,2007.0,Doom Metal
CoverOf,12164,438,0,Dream Pop,2030.0,Dream Pop
CoverOf,12196,912,0,Dream Pop,2024.0,Indie Folk
CoverOf,12202,9559,0,Jazz Surf Rock,2018.0,Jazz Surf Rock
CoverOf,12204,9995,0,Symphonic Metal,2024.0,Dream Pop
CoverOf,12250,8888,0,Americana,2025.0,Indie Rock
CoverOf,12259,15754,0,Oceanus Folk,2026.0,Indie Folk
CoverOf,12270,1841,0,Oceanus Folk,2013.0,Indie Folk
CoverOf,12282,9966,0,Americana,2027.0,Indie Folk
CoverOf,12344,7012,0,Alternative Rock,2021.0,Southern Gothic Rock
CoverOf,12347,11097,0,Darkwave,2026.0,Darkwave
CoverOf,12365,9709,0,Americana,2013.0,Oceanus Folk
CoverOf,12367,15622,0,Indie Folk,2007.0,Doom Metal
CoverOf,12389,16413,0,Space Rock,2017.0,Dream Pop
CoverOf,12393,13332,0,Dream Pop,2026.0,Darkwave
CoverOf,12393,3362,0,Dream Pop,2026.0,Synthwave
CoverOf,12401,12673,0,Americana,2027.0,Americana
CoverOf,12401,6006,0,Americana,2027.0,Doom Metal
CoverOf,12418,11175,0,Post-Apocalyptic Folk,2028.0,Post-Apocalyptic Folk
CoverOf,12434,9516,0,Psychedelic Rock,2023.0,Psychedelic Rock
CoverOf,12441,3923,0,Desert Rock,2028.0,Indie Folk
CoverOf,12505,6899,0,Dream Pop,2010.0,Synthwave
CoverOf,12512,11652,0,Indie Rock,2029.0,Synthwave
CoverOf,12515,15622,0,Psychedelic Rock,2017.0,Doom Metal
CoverOf,12517,14768,0,Lo-Fi Electronica,2007.0,Lo-Fi Electronica
CoverOf,12534,11327,0,Alternative Rock,2025.0,Lo-Fi Electronica
CoverOf,12534,14961,0,Alternative Rock,2025.0,Synthwave
CoverOf,12546,12998,0,Alternative Rock,2010.0,Dream Pop
CoverOf,12574,12332,0,Doom Metal,2023.0,Oceanus Folk
CoverOf,12577,5214,0,Lo-Fi Electronica,2020.0,Lo-Fi Electronica
CoverOf,12578,7534,0,Symphonic Metal,2029.0,Darkwave
CoverOf,12582,12768,0,Synthwave,2020.0,Doom Metal
CoverOf,12599,10249,0,Alternative Rock,2011.0,Synthwave
CoverOf,12608,10673,0,Synthwave,2020.0,Doom Metal
CoverOf,12622,3479,0,Darkwave,2027.0,Space Rock
CoverOf,12622,2687,0,Darkwave,2027.0,Space Rock
CoverOf,12622,2567,0,Darkwave,2027.0,Post-Apocalyptic Folk
CoverOf,12629,11980,0,Dream Pop,2026.0,Synthwave
CoverOf,12631,1611,0,Doom Metal,2022.0,Indie Rock
CoverOf,12633,13850,0,Indie Folk,2027.0,Doom Metal
CoverOf,12645,4849,0,Indie Folk,2010.0,Synthwave
CoverOf,12678,13747,0,Synthwave,2013.0,Doom Metal
CoverOf,12685,11352,0,Alternative Rock,2031.0,Indie Pop
CoverOf,12694,6770,0,Dream Pop,2029.0,Americana
CoverOf,12718,6611,0,Space Rock,2027.0,Oceanus Folk
CoverOf,12739,1326,0,Jazz Surf Rock,2020.0,Jazz Surf Rock
CoverOf,12742,16585,0,Darkwave,1997.0,Darkwave
CoverOf,12750,8680,0,Lo-Fi Electronica,2019.0,Lo-Fi Electronica
CoverOf,12751,438,0,Dream Pop,2027.0,Dream Pop
CoverOf,12768,14965,0,Doom Metal,2015.0,Doom Metal
CoverOf,12804,1841,0,Oceanus Folk,2020.0,Indie Folk
CoverOf,12823,12410,0,Doom Metal,2027.0,Doom Metal
CoverOf,12833,5887,0,Doom Metal,2020.0,Doom Metal
CoverOf,12858,11251,0,Doom Metal,2023.0,Indie Folk
CoverOf,12866,3350,0,Indie Pop,2007.0,Southern Gothic Rock
CoverOf,12877,16445,0,Space Rock,2025.0,Dream Pop
CoverOf,12877,3869,0,Space Rock,2025.0,Darkwave
CoverOf,12892,15622,0,Indie Folk,2020.0,Doom Metal
CoverOf,12892,5687,0,Indie Folk,2020.0,Indie Folk
CoverOf,12893,1689,0,Indie Folk,2013.0,Synthwave
CoverOf,12896,4411,0,Southern Gothic Rock,2011.0,Southern Gothic Rock
CoverOf,12920,1529,0,Avant-Garde Folk,2025.0,Southern Gothic Rock
CoverOf,12933,9089,0,Southern Gothic Rock,2013.0,Indie Pop
CoverOf,12947,16182,0,Blues Rock,2010.0,Southern Gothic Rock
CoverOf,12953,15578,0,Alternative Rock,1993.0,Indie Pop
CoverOf,12973,14780,0,Lo-Fi Electronica,2023.0,Lo-Fi Electronica
CoverOf,12973,15570,0,Lo-Fi Electronica,2023.0,Lo-Fi Electronica
CoverOf,12973,12517,0,Lo-Fi Electronica,2023.0,Lo-Fi Electronica
CoverOf,12983,14045,0,Lo-Fi Electronica,2023.0,Lo-Fi Electronica
CoverOf,12991,9770,0,Doom Metal,2026.0,Doom Metal
CoverOf,12993,14037,0,Blues Rock,2022.0,Southern Gothic Rock
CoverOf,12998,9895,0,Dream Pop,1994.0,Synthwave
CoverOf,13001,15456,0,Southern Gothic Rock,2009.0,Southern Gothic Rock
CoverOf,13008,10354,0,Indie Folk,2022.0,Dream Pop
CoverOf,13008,6743,0,Indie Folk,2022.0,Dream Pop
CoverOf,13033,14720,0,Indie Folk,2027.0,Oceanus Folk
CoverOf,13033,1841,0,Indie Folk,2027.0,Indie Folk
CoverOf,13035,13819,0,Indie Rock,2010.0,Indie Rock
CoverOf,13046,15715,0,Southern Gothic Rock,1999.0,Southern Gothic Rock
CoverOf,13047,14767,0,Desert Rock,2029.0,Space Rock
CoverOf,13047,3025,0,Desert Rock,2029.0,Oceanus Folk
CoverOf,13068,10747,0,Synthwave,2023.0,Dream Pop
CoverOf,13068,13302,0,Synthwave,2023.0,Indie Rock
CoverOf,13068,10659,0,Synthwave,2023.0,Dream Pop
CoverOf,13069,16669,0,Synthwave,2023.0,Synthwave
CoverOf,13069,12397,0,Synthwave,2023.0,Dream Pop
CoverOf,13069,1057,0,Synthwave,2023.0,Indie Folk
CoverOf,13088,10361,0,Symphonic Metal,2026.0,Post-Apocalyptic Folk
CoverOf,13088,10469,0,Symphonic Metal,2026.0,Space Rock
CoverOf,13101,12979,0,Indie Pop,2003.0,Southern Gothic Rock
CoverOf,13104,15622,0,Synthwave,1997.0,Doom Metal
CoverOf,13107,8373,0,Americana,2020.0,Indie Folk
CoverOf,13150,8969,0,Space Rock,2027.0,Darkwave
CoverOf,13150,10535,0,Space Rock,2027.0,Indie Folk
CoverOf,13150,445,0,Space Rock,2027.0,Psychedelic Rock
CoverOf,13155,11446,0,Alternative Rock,2025.0,Alternative Rock
CoverOf,13190,13990,0,Space Rock,2015.0,Post-Apocalyptic Folk
CoverOf,13202,7366,0,Synthwave,2029.0,Americana
CoverOf,13213,2238,0,Desert Rock,2013.0,Synthwave
CoverOf,13214,16014,0,Darkwave,2026.0,Doom Metal
CoverOf,13220,10367,0,Doom Metal,2013.0,Synthwave
CoverOf,13224,12072,0,Dream Pop,2024.0,Psychedelic Rock
CoverOf,13232,3501,0,Oceanus Folk,2027.0,Oceanus Folk
CoverOf,13232,6344,0,Oceanus Folk,2027.0,Desert Rock
CoverOf,13243,4541,0,Psychedelic Rock,2025.0,Psychedelic Rock
CoverOf,13262,6051,0,Jazz Surf Rock,2026.0,Desert Rock
CoverOf,13282,9237,0,Jazz Surf Rock,2027.0,Jazz Surf Rock
CoverOf,13287,9884,0,Synthwave,2024.0,Psychedelic Rock
CoverOf,13302,10281,0,Indie Rock,2020.0,Synthwave
CoverOf,13302,9995,0,Indie Rock,2020.0,Dream Pop
CoverOf,13310,4781,0,Lo-Fi Electronica,2017.0,Lo-Fi Electronica
CoverOf,13312,13298,0,Indie Folk,2026.0,Alternative Rock
CoverOf,13321,8888,0,Psychedelic Rock,2025.0,Indie Rock
CoverOf,13321,14551,0,Psychedelic Rock,2025.0,Psychedelic Rock
CoverOf,13327,1841,0,Oceanus Folk,2017.0,Indie Folk
CoverOf,13331,1955,0,Emo/Pop Punk,1997.0,Emo/Pop Punk
CoverOf,13332,3362,0,Darkwave,2022.0,Synthwave
CoverOf,13364,2342,0,Indie Rock,2012.0,Doom Metal
CoverOf,13376,15612,0,Desert Rock,2030.0,Desert Rock
CoverOf,13389,10681,0,Synthwave,2028.0,Doom Metal
CoverOf,13396,1841,0,Oceanus Folk,2029.0,Indie Folk
CoverOf,13413,15622,0,Indie Folk,2022.0,Doom Metal
CoverOf,13413,438,0,Indie Folk,2022.0,Dream Pop
CoverOf,13413,445,0,Indie Folk,2022.0,Psychedelic Rock
CoverOf,13419,8888,0,Dream Pop,2030.0,Indie Rock
CoverOf,13436,6524,0,Doom Metal,2017.0,Oceanus Folk
CoverOf,13436,7250,0,Doom Metal,2017.0,Doom Metal
CoverOf,13438,1841,0,Oceanus Folk,2019.0,Indie Folk
CoverOf,13457,9749,0,Dream Pop,2025.0,Synthwave
CoverOf,13459,1529,0,Avant-Garde Folk,2028.0,Southern Gothic Rock
CoverOf,13470,15622,0,Doom Metal,2024.0,Doom Metal
CoverOf,13476,6006,0,Doom Metal,2013.0,Doom Metal
CoverOf,13480,11033,0,Synthwave,2009.0,Doom Metal
CoverOf,13486,3088,0,Psychedelic Rock,2028.0,Psychedelic Rock
CoverOf,13516,1841,0,Oceanus Folk,2024.0,Indie Folk
CoverOf,13516,6762,0,Oceanus Folk,2024.0,Symphonic Metal
CoverOf,13530,3501,0,Oceanus Folk,2017.0,Oceanus Folk
CoverOf,13539,5288,0,Doom Metal,2020.0,Doom Metal
CoverOf,13557,10515,0,Emo/Pop Punk,2009.0,Indie Pop
CoverOf,13557,5203,0,Emo/Pop Punk,2009.0,Emo/Pop Punk
CoverOf,13567,11467,0,Lo-Fi Electronica,2025.0,Lo-Fi Electronica
CoverOf,13567,12091,0,Lo-Fi Electronica,2025.0,Southern Gothic Rock
CoverOf,13567,14566,0,Lo-Fi Electronica,2025.0,Lo-Fi Electronica
CoverOf,13568,3519,0,Indie Rock,2024.0,Doom Metal
CoverOf,13589,16035,0,Avant-Garde Folk,2023.0,Avant-Garde Folk
CoverOf,13610,7707,0,Avant-Garde Folk,2026.0,Avant-Garde Folk
CoverOf,13627,7671,0,Indie Rock,2010.0,Alternative Rock
CoverOf,13632,6869,0,Darkwave,2016.0,Darkwave
CoverOf,13639,5110,0,Southern Gothic Rock,2000.0,Indie Pop
CoverOf,13639,6868,0,Southern Gothic Rock,2000.0,Indie Pop
CoverOf,13680,3596,0,Indie Pop,2016.0,Avant-Garde Folk
CoverOf,13681,9716,0,Indie Folk,2010.0,Americana
CoverOf,13703,10441,0,Dream Pop,2027.0,Southern Gothic Rock
CoverOf,13705,6423,0,Jazz Surf Rock,2028.0,Indie Folk
CoverOf,13705,7399,0,Jazz Surf Rock,2028.0,Space Rock
CoverOf,13707,11327,0,Emo/Pop Punk,2022.0,Lo-Fi Electronica
CoverOf,13713,5887,0,Darkwave,2028.0,Doom Metal
CoverOf,13717,12582,0,Indie Rock,2029.0,Synthwave
CoverOf,13720,13361,0,Lo-Fi Electronica,2023.0,Blues Rock
CoverOf,13721,10673,0,Doom Metal,2018.0,Doom Metal
CoverOf,13721,13574,0,Doom Metal,2018.0,Synthwave
CoverOf,13721,15622,0,Doom Metal,2018.0,Doom Metal
CoverOf,13741,9385,0,Space Rock,2019.0,Americana
CoverOf,13763,14945,0,Desert Rock,2020.0,Indie Folk
CoverOf,13799,2078,0,Blues Rock,2026.0,Indie Pop
CoverOf,13800,16719,0,Psychedelic Rock,2019.0,Psychedelic Rock
CoverOf,13800,1229,0,Psychedelic Rock,2019.0,Dream Pop
CoverOf,13808,16317,0,Dream Pop,2028.0,Indie Folk
CoverOf,13811,9772,0,Southern Gothic Rock,2002.0,Indie Pop
CoverOf,13813,11097,0,Dream Pop,2024.0,Darkwave
CoverOf,13817,10342,0,Space Rock,2027.0,Dream Pop
CoverOf,13817,9335,0,Space Rock,2027.0,Indie Rock
CoverOf,13817,10281,0,Space Rock,2027.0,Synthwave
CoverOf,13817,9995,0,Space Rock,2027.0,Dream Pop
CoverOf,13820,827,0,Lo-Fi Electronica,2025.0,Lo-Fi Electronica
CoverOf,13824,5887,0,Indie Folk,2020.0,Doom Metal
CoverOf,13824,15622,0,Indie Folk,2020.0,Doom Metal
CoverOf,13832,7531,0,Blues Rock,2004.0,Southern Gothic Rock
CoverOf,13834,14987,0,Synthwave,2023.0,Doom Metal
CoverOf,13842,3451,0,Dream Pop,2030.0,Psychedelic Rock
CoverOf,13842,11276,0,Dream Pop,2030.0,Dream Pop
CoverOf,13874,15456,0,Southern Gothic Rock,2006.0,Southern Gothic Rock
CoverOf,13913,14994,0,Indie Folk,2017.0,Indie Folk
CoverOf,13923,16508,0,Doom Metal,2017.0,Indie Folk
CoverOf,13933,2333,0,Southern Gothic Rock,2011.0,Indie Pop
CoverOf,13934,10709,0,Indie Folk,2026.0,Dream Pop
CoverOf,13934,11815,0,Indie Folk,2026.0,Indie Folk
CoverOf,13955,8230,0,Emo/Pop Punk,2019.0,Emo/Pop Punk
CoverOf,13956,8750,0,Dream Pop,1997.0,Dream Pop
CoverOf,13957,699,0,Indie Rock,2026.0,Dream Pop
CoverOf,13969,10002,0,Jazz Surf Rock,2022.0,Jazz Surf Rock
CoverOf,13973,10342,0,Doom Metal,2023.0,Dream Pop
CoverOf,13984,4609,0,Indie Pop,2026.0,Avant-Garde Folk
CoverOf,13985,14768,0,Lo-Fi Electronica,2013.0,Lo-Fi Electronica
CoverOf,14007,8927,0,Southern Gothic Rock,2021.0,Indie Pop
CoverOf,14014,12237,0,Dream Pop,2024.0,Indie Rock
CoverOf,14014,3939,0,Dream Pop,2024.0,Space Rock
CoverOf,14023,15343,0,Speed Metal,2020.0,Speed Metal
CoverOf,14047,16276,0,Space Rock,2022.0,Oceanus Folk
CoverOf,14057,10747,0,Synthwave,2023.0,Dream Pop
CoverOf,14080,16292,0,Dream Pop,2026.0,Darkwave
CoverOf,14088,14514,0,Desert Rock,2029.0,Indie Folk
CoverOf,14099,14266,0,Indie Folk,2023.0,Indie Folk
CoverOf,14124,9048,0,Indie Rock,1986.0,Indie Rock
CoverOf,14141,9770,0,Doom Metal,2023.0,Doom Metal
CoverOf,14165,8820,0,Jazz Surf Rock,2026.0,Jazz Surf Rock
CoverOf,14165,12089,0,Jazz Surf Rock,2026.0,Jazz Surf Rock
CoverOf,14165,9754,0,Jazz Surf Rock,2026.0,Jazz Surf Rock
CoverOf,14175,13567,0,Emo/Pop Punk,2031.0,Lo-Fi Electronica
CoverOf,14187,16019,0,Synthwave,2023.0,Doom Metal
CoverOf,14197,5372,0,Indie Rock,2027.0,Indie Folk
CoverOf,14198,1841,0,Oceanus Folk,2022.0,Indie Folk
CoverOf,14210,2510,0,Jazz Surf Rock,2000.0,Dream Pop
CoverOf,14216,5994,0,Alternative Rock,2014.0,Southern Gothic Rock
CoverOf,14220,3367,0,Oceanus Folk,2026.0,Oceanus Folk
CoverOf,14220,16259,0,Oceanus Folk,2026.0,Indie Folk
CoverOf,14220,3688,0,Oceanus Folk,2026.0,Doom Metal
CoverOf,14239,2202,0,Speed Metal,2020.0,Speed Metal
CoverOf,14240,16670,0,Alternative Rock,2031.0,Lo-Fi Electronica
CoverOf,14242,4604,0,Post-Apocalyptic Folk,2026.0,Indie Folk
CoverOf,14250,6725,0,Indie Rock,2028.0,Indie Rock
CoverOf,14256,6901,0,Dream Pop,2026.0,Indie Folk
CoverOf,14269,6210,0,Alternative Rock,2031.0,Alternative Rock
CoverOf,14279,4781,0,Lo-Fi Electronica,2024.0,Lo-Fi Electronica
CoverOf,14288,6745,0,Blues Rock,2023.0,Indie Pop
CoverOf,14288,13357,0,Blues Rock,2023.0,Southern Gothic Rock
CoverOf,14295,9815,0,Jazz Surf Rock,2000.0,Indie Folk
CoverOf,14299,15456,0,Southern Gothic Rock,2005.0,Southern Gothic Rock
CoverOf,14326,13681,0,Synthwave,2029.0,Indie Folk
CoverOf,14329,6006,0,Synthwave,2026.0,Doom Metal
CoverOf,14332,5643,0,Lo-Fi Electronica,2020.0,Lo-Fi Electronica
CoverOf,14332,9122,0,Lo-Fi Electronica,2020.0,Lo-Fi Electronica
CoverOf,14332,827,0,Lo-Fi Electronica,2020.0,Lo-Fi Electronica
CoverOf,14332,15570,0,Lo-Fi Electronica,2020.0,Lo-Fi Electronica
CoverOf,14333,4348,0,Post-Apocalyptic Folk,2024.0,Oceanus Folk
CoverOf,14373,14994,0,Synthwave,2020.0,Indie Folk
CoverOf,14416,4352,0,Dream Pop,2027.0,Oceanus Folk
CoverOf,14424,764,0,Dream Pop,2025.0,Dream Pop
CoverOf,14429,12089,0,Jazz Surf Rock,2030.0,Jazz Surf Rock
CoverOf,14436,4884,0,Indie Rock,2017.0,Doom Metal
CoverOf,14442,12089,0,Jazz Surf Rock,2000.0,Jazz Surf Rock
CoverOf,14477,10010,0,Indie Folk,2024.0,Synthwave
CoverOf,14489,8339,0,Indie Folk,2023.0,Indie Folk
CoverOf,14497,14659,0,Lo-Fi Electronica,2023.0,Lo-Fi Electronica
CoverOf,14497,8211,0,Lo-Fi Electronica,2023.0,Lo-Fi Electronica
CoverOf,14497,3387,0,Lo-Fi Electronica,2023.0,Lo-Fi Electronica
CoverOf,14497,15722,0,Lo-Fi Electronica,2023.0,Lo-Fi Electronica
CoverOf,14510,15894,0,Southern Gothic Rock,2018.0,Indie Pop
CoverOf,14527,10937,0,Emo/Pop Punk,2013.0,Indie Pop
CoverOf,14527,6245,0,Emo/Pop Punk,2013.0,Emo/Pop Punk
CoverOf,14527,9473,0,Emo/Pop Punk,2013.0,Emo/Pop Punk
CoverOf,14557,14784,0,Dream Pop,2016.0,Synthwave
CoverOf,14557,454,0,Dream Pop,2016.0,Synthwave
CoverOf,14626,7116,0,Synthwave,2024.0,Doom Metal
CoverOf,14629,16233,0,Dream Pop,2022.0,Psychedelic Rock
CoverOf,14645,7886,0,Doom Metal,2017.0,Indie Rock
CoverOf,14652,8148,0,Oceanus Folk,2020.0,Oceanus Folk
CoverOf,14658,12475,0,Southern Gothic Rock,2004.0,Southern Gothic Rock
CoverOf,14658,11368,0,Southern Gothic Rock,2004.0,Southern Gothic Rock
CoverOf,14658,2333,0,Southern Gothic Rock,2004.0,Indie Pop
CoverOf,14666,13027,0,Oceanus Folk,2029.0,Oceanus Folk
CoverOf,14666,8233,0,Oceanus Folk,2029.0,Oceanus Folk
CoverOf,14671,4749,0,Emo/Pop Punk,2002.0,Emo/Pop Punk
CoverOf,14672,6628,0,Doom Metal,2010.0,Indie Rock
CoverOf,14675,11365,0,Avant-Garde Folk,2025.0,Southern Gothic Rock
CoverOf,14676,11558,0,Alternative Rock,2031.0,Alternative Rock
CoverOf,14701,3289,0,Lo-Fi Electronica,2020.0,Lo-Fi Electronica
CoverOf,14707,298,0,Symphonic Metal,2023.0,Indie Folk
CoverOf,14710,966,0,Lo-Fi Electronica,2024.0,Lo-Fi Electronica
CoverOf,14710,12489,0,Lo-Fi Electronica,2024.0,Lo-Fi Electronica
CoverOf,14710,14566,0,Lo-Fi Electronica,2024.0,Lo-Fi Electronica
CoverOf,14710,9122,0,Lo-Fi Electronica,2024.0,Lo-Fi Electronica
CoverOf,14754,13357,0,Indie Pop,2026.0,Southern Gothic Rock
CoverOf,14760,14863,0,Indie Pop,2026.0,Southern Gothic Rock
CoverOf,14780,12517,0,Lo-Fi Electronica,2015.0,Lo-Fi Electronica
CoverOf,14784,11652,0,Synthwave,1999.0,Synthwave
CoverOf,14799,5891,0,Dream Pop,2011.0,Dream Pop
CoverOf,14814,2649,0,Synthwave,2025.0,Doom Metal
CoverOf,14828,1244,0,Indie Rock,2028.0,Indie Rock
CoverOf,14828,11319,0,Indie Rock,2028.0,Indie Rock
CoverOf,14828,4959,0,Indie Rock,2028.0,Indie Rock
CoverOf,14828,9916,0,Indie Rock,2028.0,Indie Rock
CoverOf,14840,6028,0,Dream Pop,2019.0,Alternative Rock
CoverOf,14855,6672,0,Indie Folk,2025.0,Dream Pop
CoverOf,14884,13558,0,Indie Rock,2023.0,Doom Metal
CoverOf,14893,1326,0,Synthwave,2007.0,Jazz Surf Rock
CoverOf,14908,15734,0,Alternative Rock,2021.0,Alternative Rock
CoverOf,14913,15622,0,Jazz Surf Rock,2025.0,Doom Metal
CoverOf,14929,9116,0,Indie Folk,2029.0,Doom Metal
CoverOf,14976,16724,0,Speed Metal,2010.0,Speed Metal
CoverOf,14976,4583,0,Speed Metal,2010.0,Speed Metal
CoverOf,14987,438,0,Doom Metal,2017.0,Dream Pop
CoverOf,15004,13297,0,Lo-Fi Electronica,2022.0,Lo-Fi Electronica
CoverOf,15005,15388,0,Indie Pop,2019.0,Avant-Garde Folk
CoverOf,15009,8029,0,Indie Folk,2017.0,Desert Rock
CoverOf,15010,15261,0,Psychedelic Rock,2026.0,Psychedelic Rock
CoverOf,15017,6994,0,Oceanus Folk,2023.0,Oceanus Folk
CoverOf,15024,11677,0,Lo-Fi Electronica,2013.0,Lo-Fi Electronica
CoverOf,15048,12102,0,Desert Rock,2023.0,Synthwave
CoverOf,15057,10673,0,Indie Folk,2029.0,Doom Metal
CoverOf,15061,15622,0,Desert Rock,2020.0,Doom Metal
CoverOf,15063,827,0,Lo-Fi Electronica,2025.0,Lo-Fi Electronica
CoverOf,15070,3962,0,Speed Metal,2009.0,Speed Metal
CoverOf,15080,8952,0,Synthwave,2017.0,Synthwave
CoverOf,15089,6368,0,Synthwave,1999.0,Synthwave
CoverOf,15101,12768,0,Blues Rock,2023.0,Doom Metal
CoverOf,15121,13413,0,Post-Apocalyptic Folk,2026.0,Indie Folk
CoverOf,15121,2567,0,Post-Apocalyptic Folk,2026.0,Post-Apocalyptic Folk
CoverOf,15121,5873,0,Post-Apocalyptic Folk,2026.0,Americana
CoverOf,15126,12817,0,Synthwave,2013.0,Synthwave
CoverOf,15135,4992,0,Blues Rock,2004.0,Indie Pop
CoverOf,15150,2068,0,Southern Gothic Rock,2017.0,Southern Gothic Rock
CoverOf,15160,7116,0,Indie Folk,2029.0,Doom Metal
CoverOf,15165,15242,0,Dream Pop,2004.0,Dream Pop
CoverOf,15181,11327,0,Lo-Fi Electronica,2000.0,Lo-Fi Electronica
CoverOf,15202,11195,0,Dream Pop,2023.0,Americana
CoverOf,15207,15776,0,Space Rock,2029.0,Synthwave
CoverOf,15207,9735,0,Space Rock,2029.0,Space Rock
CoverOf,15210,6435,0,Jazz Surf Rock,2027.0,Space Rock
CoverOf,15217,7177,0,Indie Folk,2020.0,Indie Folk
CoverOf,15217,6901,0,Indie Folk,2020.0,Indie Folk
CoverOf,15241,2303,0,Avant-Garde Folk,2025.0,Alternative Rock
CoverOf,15241,10431,0,Avant-Garde Folk,2025.0,Emo/Pop Punk
CoverOf,15241,1853,0,Avant-Garde Folk,2025.0,Avant-Garde Folk
CoverOf,15241,1018,0,Avant-Garde Folk,2025.0,Alternative Rock
CoverOf,15254,16274,0,Dream Pop,2024.0,Indie Folk
CoverOf,15258,15847,0,Southern Gothic Rock,2030.0,Avant-Garde Folk
CoverOf,15267,11824,0,Jazz Surf Rock,2027.0,Dream Pop
CoverOf,15267,8339,0,Jazz Surf Rock,2027.0,Indie Folk
CoverOf,15270,7630,0,Alternative Rock,2017.0,Speed Metal
CoverOf,15282,13476,0,Indie Folk,2022.0,Doom Metal
CoverOf,15310,4046,0,Desert Rock,2029.0,Jazz Surf Rock
CoverOf,15310,974,0,Desert Rock,2029.0,Psychedelic Rock
CoverOf,15310,15419,0,Desert Rock,2029.0,Psychedelic Rock
CoverOf,15310,16259,0,Desert Rock,2029.0,Indie Folk
CoverOf,15316,15889,0,Oceanus Folk,2026.0,Psychedelic Rock
CoverOf,15323,11159,0,Indie Folk,2029.0,Emo/Pop Punk
CoverOf,15323,1608,0,Indie Folk,2029.0,Indie Folk
CoverOf,15323,4167,0,Indie Folk,2029.0,Southern Gothic Rock
CoverOf,15339,13990,0,Synthwave,2023.0,Post-Apocalyptic Folk
CoverOf,15350,15198,0,Dream Pop,2030.0,Dream Pop
CoverOf,15364,14987,0,Americana,2026.0,Doom Metal
CoverOf,15381,9249,0,Americana,2023.0,Indie Folk
CoverOf,15388,11115,0,Avant-Garde Folk,2015.0,Avant-Garde Folk
CoverOf,15394,16189,0,Synthwave,2022.0,Americana
CoverOf,15402,6368,0,Indie Folk,2001.0,Synthwave
CoverOf,15415,1841,0,Oceanus Folk,2023.0,Indie Folk
CoverOf,15420,2614,0,Indie Folk,2028.0,Dream Pop
CoverOf,15420,10279,0,Indie Folk,2028.0,Southern Gothic Rock
CoverOf,15420,1608,0,Indie Folk,2028.0,Indie Folk
CoverOf,15424,14332,0,Lo-Fi Electronica,2024.0,Lo-Fi Electronica
CoverOf,15424,5928,0,Lo-Fi Electronica,2024.0,Lo-Fi Electronica
CoverOf,15425,15055,0,Blues Rock,2019.0,Blues Rock
CoverOf,15430,14965,0,Indie Rock,2027.0,Doom Metal
CoverOf,15443,15275,0,Southern Gothic Rock,2023.0,Alternative Rock
CoverOf,15464,8776,0,Dream Pop,2023.0,Indie Folk
CoverOf,15464,10550,0,Dream Pop,2023.0,Doom Metal
CoverOf,15496,14671,0,Emo/Pop Punk,2027.0,Emo/Pop Punk
CoverOf,15500,6006,0,Synthwave,2025.0,Doom Metal
CoverOf,15508,16017,0,Synthwave,2023.0,Indie Rock
CoverOf,15522,10880,0,Space Rock,2026.0,Indie Folk
CoverOf,15552,11842,0,Dream Pop,2026.0,Americana
CoverOf,15570,4781,0,Lo-Fi Electronica,2014.0,Lo-Fi Electronica
CoverOf,15570,10574,0,Lo-Fi Electronica,2014.0,Lo-Fi Electronica
CoverOf,15574,13941,0,Indie Folk,2013.0,Synthwave
CoverOf,15582,9815,0,Jazz Surf Rock,2000.0,Indie Folk
CoverOf,15584,13413,0,Dream Pop,2029.0,Indie Folk
CoverOf,15590,14965,0,Indie Rock,2027.0,Doom Metal
CoverOf,15612,6006,0,Desert Rock,2025.0,Doom Metal
CoverOf,15632,6778,0,Dream Pop,2029.0,Indie Rock
CoverOf,15632,2768,0,Dream Pop,2029.0,Alternative Rock
CoverOf,15634,8516,0,Psychedelic Rock,2022.0,Psychedelic Rock
CoverOf,15642,14670,0,Dream Pop,2013.0,Alternative Rock
CoverOf,15690,6006,0,Psychedelic Rock,2029.0,Doom Metal
CoverOf,15713,16491,0,Americana,2023.0,Indie Folk
CoverOf,15760,14136,0,Synthwave,2026.0,Doom Metal
CoverOf,15775,2167,0,Lo-Fi Electronica,2020.0,Lo-Fi Electronica
CoverOf,15775,12750,0,Lo-Fi Electronica,2020.0,Lo-Fi Electronica
CoverOf,15783,2385,0,Space Rock,2029.0,Dream Pop
CoverOf,15783,11768,0,Space Rock,2029.0,Dream Pop
CoverOf,15789,81,0,Southern Gothic Rock,2025.0,Indie Pop
CoverOf,15797,5432,0,Synthwave,2023.0,Synthwave
CoverOf,15799,4604,0,Dream Pop,2026.0,Indie Folk
CoverOf,15804,15089,0,Dream Pop,2000.0,Synthwave
CoverOf,15805,11184,0,Dream Pop,2028.0,Dream Pop
CoverOf,15817,7773,0,Americana,2024.0,Indie Rock
CoverOf,15817,1779,0,Americana,2024.0,Indie Folk
CoverOf,15817,7278,0,Americana,2024.0,Synthwave
CoverOf,15831,12983,0,Lo-Fi Electronica,2028.0,Lo-Fi Electronica
CoverOf,15841,6901,0,Dream Pop,2019.0,Indie Folk
CoverOf,15841,9657,0,Dream Pop,2019.0,Indie Folk
CoverOf,15874,11644,0,Speed Metal,2007.0,Speed Metal
CoverOf,15890,8190,0,Space Rock,2026.0,Indie Rock
CoverOf,15894,2331,0,Indie Pop,2014.0,Blues Rock
CoverOf,15909,8207,0,Southern Gothic Rock,2015.0,Alternative Rock
CoverOf,15913,13681,0,Americana,2025.0,Indie Folk
CoverOf,15936,11142,0,Southern Gothic Rock,2029.0,Indie Pop
CoverOf,15944,11423,0,Psychedelic Rock,2027.0,Psychedelic Rock
CoverOf,15954,1841,0,Oceanus Folk,2023.0,Indie Folk
CoverOf,15981,3508,0,Jazz Surf Rock,2029.0,Synthwave
CoverOf,15984,9305,0,Doom Metal,2024.0,Doom Metal
CoverOf,15986,6245,0,Indie Pop,2004.0,Emo/Pop Punk
CoverOf,16007,5216,0,Alternative Rock,2029.0,Jazz Surf Rock
CoverOf,16042,4834,0,Doom Metal,2023.0,Doom Metal
CoverOf,16042,6006,0,Doom Metal,2023.0,Doom Metal
CoverOf,16048,12538,0,Dream Pop,2017.0,Symphonic Metal
CoverOf,16082,15957,0,Southern Gothic Rock,2017.0,Southern Gothic Rock
CoverOf,16127,13965,0,Indie Folk,2018.0,Oceanus Folk
CoverOf,16161,4861,0,Southern Gothic Rock,1996.0,Speed Metal
CoverOf,16182,7799,0,Southern Gothic Rock,1997.0,Blues Rock
CoverOf,16200,2445,0,Indie Folk,2023.0,Doom Metal
CoverOf,16209,7551,0,Dream Pop,2017.0,Indie Folk
CoverOf,16209,13421,0,Dream Pop,2017.0,Dream Pop
CoverOf,16209,14210,0,Dream Pop,2017.0,Jazz Surf Rock
CoverOf,16230,10996,0,Synthwave,2023.0,Alternative Rock
CoverOf,16253,5004,0,Dream Pop,2026.0,Synthwave
CoverOf,16256,13574,0,Dream Pop,2019.0,Synthwave
CoverOf,16259,12150,0,Indie Folk,2023.0,Indie Folk
CoverOf,16264,13563,0,Oceanus Folk,2026.0,Synthpop
CoverOf,16264,16524,0,Oceanus Folk,2026.0,Oceanus Folk
CoverOf,16269,13430,0,Speed Metal,2013.0,Speed Metal
CoverOf,16269,6227,0,Speed Metal,2013.0,Speed Metal
CoverOf,16269,14094,0,Speed Metal,2013.0,Speed Metal
CoverOf,16287,8382,0,Synthwave,2025.0,Dream Pop
CoverOf,16295,11938,0,Indie Pop,2027.0,Indie Pop
CoverOf,16297,8230,0,Emo/Pop Punk,2024.0,Emo/Pop Punk
CoverOf,16297,10294,0,Emo/Pop Punk,2024.0,Emo/Pop Punk
CoverOf,16297,1955,0,Emo/Pop Punk,2024.0,Emo/Pop Punk
CoverOf,16333,11635,0,Indie Rock,2020.0,Synthwave
CoverOf,16336,15703,0,Dream Pop,2028.0,Indie Folk
CoverOf,16343,445,0,Post-Apocalyptic Folk,2029.0,Psychedelic Rock
CoverOf,16348,5110,0,Alternative Rock,2030.0,Indie Pop
CoverOf,16354,7908,0,Darkwave,2027.0,Indie Rock
CoverOf,16360,6276,0,Dream Pop,2024.0,Indie Folk
CoverOf,16365,3862,0,Dream Pop,2004.0,Alternative Rock
CoverOf,16381,2956,0,Doom Metal,2013.0,Indie Folk
CoverOf,16385,14080,0,Space Rock,2029.0,Dream Pop
CoverOf,16396,13640,0,Doom Metal,2017.0,Dream Pop
CoverOf,16404,16035,0,Avant-Garde Folk,2022.0,Avant-Garde Folk
CoverOf,16409,15494,0,Dream Pop,2024.0,Psychedelic Rock
CoverOf,16418,454,0,Synthwave,2004.0,Synthwave
CoverOf,16424,11219,0,Doom Metal,2026.0,Doom Metal
CoverOf,16424,1611,0,Doom Metal,2026.0,Indie Rock
CoverOf,16452,5058,0,Lo-Fi Electronica,2024.0,Lo-Fi Electronica
CoverOf,16462,12668,0,Dream Pop,2028.0,Indie Folk
CoverOf,16473,8937,0,Dream Pop,2020.0,Dream Pop
CoverOf,16494,2360,0,Indie Rock,2026.0,Indie Rock
CoverOf,16494,11319,0,Indie Rock,2026.0,Indie Rock
CoverOf,16494,9916,0,Indie Rock,2026.0,Indie Rock
CoverOf,16494,15771,0,Indie Rock,2026.0,Indie Rock
CoverOf,16500,16585,0,Post-Apocalyptic Folk,2004.0,Darkwave
CoverOf,16519,4541,0,Psychedelic Rock,2026.0,Psychedelic Rock
CoverOf,16522,15699,0,Doom Metal,2029.0,Indie Folk
CoverOf,16535,933,0,Post-Apocalyptic Folk,2010.0,Dream Pop
CoverOf,16543,2843,0,Dream Pop,1995.0,Southern Gothic Rock
CoverOf,16564,1162,0,Dream Pop,2029.0,Indie Folk
CoverOf,16570,5767,0,Indie Folk,2020.0,Desert Rock
CoverOf,16570,15622,0,Indie Folk,2020.0,Doom Metal
CoverOf,16590,14569,0,Americana,2026.0,Synthpop
CoverOf,16590,10444,0,Americana,2026.0,Indie Folk
CoverOf,16603,922,0,Jazz Surf Rock,2029.0,Jazz Surf Rock
CoverOf,16617,10600,0,Emo/Pop Punk,2010.0,Alternative Rock
CoverOf,16620,9237,0,Jazz Surf Rock,2025.0,Jazz Surf Rock
CoverOf,16631,2489,0,Blues Rock,2023.0,Indie Pop
CoverOf,16659,7263,0,Darkwave,1997.0,Alternative Rock
CoverOf,16690,8373,0,Space Rock,2026.0,Indie Folk
CoverOf,16695,9696,0,Indie Folk,2023.0,Synthwave
CoverOf,16699,4046,0,Doom Metal,2025.0,Jazz Surf Rock
CoverOf,16705,10673,0,Synthwave,2017.0,Doom Metal
CoverOf,16955,2572,0,Indie Folk,2032.0,Synthwave
CoverOf,16963,10659,0,Synthwave,2031.0,Dream Pop
CoverOf,16970,2933,0,Doom Metal,2036.0,Dream Pop
CoverOf,16972,11002,0,Alternative Rock,2039.0,Indie Rock
CoverOf,16979,1927,0,Southern Gothic Rock,2033.0,Dream Pop
CoverOf,16987,17299,0,,,
CoverOf,16999,14893,0,Americana,2033.0,Synthwave
CoverOf,17003,8604,0,Americana,2033.0,Synthwave
CoverOf,17011,12100,0,Psychedelic Rock,2033.0,Indie Pop
CoverOf,17017,2153,0,Indie Rock,2038.0,Oceanus Folk
CoverOf,17026,13552,0,Lo-Fi Electronica,2034.0,Psychedelic Rock
CoverOf,17027,13628,0,Lo-Fi Electronica,2034.0,Speed Metal
CoverOf,17058,13823,0,Desert Rock,2033.0,Blues Rock
CoverOf,17060,15925,0,Desert Rock,2031.0,Americana
CoverOf,17067,15235,0,Jazz Surf Rock,2036.0,Dream Pop
CoverOf,17074,15669,0,Space Rock,2030.0,Americana
CoverOf,17082,17060,0,Blues Rock,2035.0,Desert Rock
CoverOf,17084,16491,0,Darkwave,2036.0,Indie Folk
CoverOf,17088,4749,0,Darkwave,2036.0,Emo/Pop Punk
CoverOf,17101,1869,0,Emo/Pop Punk,2033.0,Indie Rock
CoverOf,17103,16313,0,Emo/Pop Punk,2033.0,Indie Folk
CoverOf,17104,11767,0,Emo/Pop Punk,2033.0,Oceanus Folk
CoverOf,17112,3454,0,Post-Apocalyptic Folk,2031.0,Avant-Garde Folk
CoverOf,17115,9236,0,Post-Apocalyptic Folk,2031.0,Southern Gothic Rock
CoverOf,17123,11472,0,Oceanus Folk,2037.0,Dream Pop
CoverOf,17142,1402,0,Symphonic Metal,2036.0,Indie Folk
CoverOf,17145,1779,0,Symphonic Metal,2032.0,Indie Folk
CoverOf,17148,11329,0,Indie Rock,2038.0,Space Rock
CoverOf,17161,2019,0,Synthpop,2032.0,Dream Pop
CoverOf,17161,16100,0,Synthpop,2032.0,Dream Pop
CoverOf,17162,12742,0,Synthpop,2033.0,Darkwave
CoverOf,17163,9335,0,Synthpop,2033.0,Indie Rock
CoverOf,17238,7107,0,Oceanus Folk,2027.0,Dream Pop
CoverOf,17238,9068,0,Oceanus Folk,2027.0,Blues Rock
CoverOf,17251,2082,0,Oceanus Folk,2028.0,Synthwave
CoverOf,17261,9223,0,Oceanus Folk,2024.0,Alternative Rock
CoverOf,17273,9848,0,Oceanus Folk,2030.0,Indie Pop
CoverOf,17275,16312,0,Oceanus Folk,2034.0,Psychedelic Rock
CoverOf,17280,14933,0,Oceanus Folk,2028.0,Indie Rock
CoverOf,17330,2500,0,Oceanus Folk,2010.0,Dream Pop
CoverOf,17342,9662,0,Oceanus Folk,2029.0,Synthwave
CoverOf,17345,11191,0,Oceanus Folk,2029.0,Americana
CoverOf,17350,10016,0,Oceanus Folk,2031.0,Symphonic Metal
CoverOf,17352,2963,0,Oceanus Folk,2031.0,Post-Apocalyptic Folk
CoverOf,17353,14890,0,Oceanus Folk,2031.0,Desert Rock
CoverOf,17354,1830,0,Oceanus Folk,2031.0,Post-Apocalyptic Folk
CoverOf,17354,7180,0,Oceanus Folk,2031.0,Oceanus Folk
CoverOf,17363,4609,0,Oceanus Folk,2035.0,Avant-Garde Folk
LyricalReferenceTo,5,2479,0,Lo-Fi Electronica,2026.0,Indie Rock
LyricalReferenceTo,26,4932,0,Speed Metal,2022.0,Speed Metal
LyricalReferenceTo,26,10836,0,Speed Metal,2022.0,Speed Metal
LyricalReferenceTo,26,15047,0,Speed Metal,2022.0,Southern Gothic Rock
LyricalReferenceTo,48,10673,0,Indie Folk,2017.0,Doom Metal
LyricalReferenceTo,71,15899,0,Indie Folk,2017.0,Indie Folk
LyricalReferenceTo,92,13681,0,Americana,2023.0,Indie Folk
LyricalReferenceTo,106,15443,0,Blues Rock,2020.0,Southern Gothic Rock
LyricalReferenceTo,128,5348,0,Indie Rock,2026.0,Americana
LyricalReferenceTo,139,4583,0,Speed Metal,2023.0,Speed Metal
LyricalReferenceTo,139,15343,0,Speed Metal,2023.0,Speed Metal
LyricalReferenceTo,169,16035,0,Avant-Garde Folk,2026.0,Avant-Garde Folk
LyricalReferenceTo,169,15838,0,Avant-Garde Folk,2026.0,Avant-Garde Folk
LyricalReferenceTo,182,438,0,Synthpop,2013.0,Dream Pop
LyricalReferenceTo,210,12309,0,Darkwave,2029.0,Darkwave
LyricalReferenceTo,233,15383,0,Doom Metal,2013.0,Doom Metal
LyricalReferenceTo,249,6315,0,Emo/Pop Punk,2010.0,Emo/Pop Punk
LyricalReferenceTo,283,8516,0,Dream Pop,2029.0,Psychedelic Rock
LyricalReferenceTo,283,15419,0,Dream Pop,2029.0,Psychedelic Rock
LyricalReferenceTo,344,8888,0,Indie Rock,2013.0,Indie Rock
LyricalReferenceTo,349,13751,0,Americana,2028.0,Indie Folk
LyricalReferenceTo,365,14300,0,Indie Rock,2021.0,Doom Metal
LyricalReferenceTo,413,1955,0,Indie Pop,2013.0,Emo/Pop Punk
LyricalReferenceTo,413,8230,0,Indie Pop,2013.0,Emo/Pop Punk
LyricalReferenceTo,449,3407,0,Southern Gothic Rock,2004.0,Southern Gothic Rock
LyricalReferenceTo,473,6006,0,Synthwave,2027.0,Doom Metal
LyricalReferenceTo,478,13543,0,Speed Metal,2018.0,Speed Metal
LyricalReferenceTo,491,6770,0,Dream Pop,2029.0,Americana
LyricalReferenceTo,497,14994,0,Indie Folk,2000.0,Indie Folk
LyricalReferenceTo,577,1841,0,Space Rock,2027.0,Indie Folk
LyricalReferenceTo,581,11400,0,Dream Pop,1997.0,Dream Pop
LyricalReferenceTo,632,8055,0,Alternative Rock,2012.0,Alternative Rock
LyricalReferenceTo,662,16524,0,Indie Folk,2028.0,Oceanus Folk
LyricalReferenceTo,695,12793,0,Avant-Garde Folk,2012.0,Avant-Garde Folk
LyricalReferenceTo,705,12162,0,Alternative Rock,2020.0,Alternative Rock
LyricalReferenceTo,731,16298,0,Lo-Fi Electronica,1997.0,Lo-Fi Electronica
LyricalReferenceTo,746,1841,0,Oceanus Folk,2027.0,Indie Folk
LyricalReferenceTo,750,1326,0,Alternative Rock,2028.0,Jazz Surf Rock
LyricalReferenceTo,773,15198,0,Indie Folk,2022.0,Dream Pop
LyricalReferenceTo,787,14223,0,Psychedelic Rock,2028.0,Psychedelic Rock
LyricalReferenceTo,842,4413,0,Doom Metal,2023.0,Symphonic Metal
LyricalReferenceTo,852,1841,0,Space Rock,2028.0,Indie Folk
LyricalReferenceTo,880,11404,0,Emo/Pop Punk,2000.0,Emo/Pop Punk
LyricalReferenceTo,906,11768,0,Dream Pop,2029.0,Dream Pop
LyricalReferenceTo,917,14097,0,Psychedelic Rock,2017.0,Psychedelic Rock
LyricalReferenceTo,917,14075,0,Psychedelic Rock,2017.0,Psychedelic Rock
LyricalReferenceTo,917,13941,0,Psychedelic Rock,2017.0,Synthwave
LyricalReferenceTo,922,14893,0,Jazz Surf Rock,2026.0,Synthwave
LyricalReferenceTo,940,6072,0,Lo-Fi Electronica,2028.0,Synthwave
LyricalReferenceTo,951,9077,0,Dream Pop,2025.0,Doom Metal
LyricalReferenceTo,970,9526,0,Alternative Rock,2022.0,Synthwave
LyricalReferenceTo,985,12596,0,Dream Pop,2025.0,Psychedelic Rock
LyricalReferenceTo,985,7531,0,Dream Pop,2025.0,Southern Gothic Rock
LyricalReferenceTo,1069,1841,0,Synthwave,2026.0,Indie Folk
LyricalReferenceTo,1080,3609,0,Post-Apocalyptic Folk,2029.0,Dream Pop
LyricalReferenceTo,1096,6245,0,Emo/Pop Punk,2019.0,Emo/Pop Punk
LyricalReferenceTo,1096,10515,0,Emo/Pop Punk,2019.0,Indie Pop
LyricalReferenceTo,1117,12997,0,Alternative Rock,1989.0,Alternative Rock
LyricalReferenceTo,1130,11813,0,Alternative Rock,2017.0,Alternative Rock
LyricalReferenceTo,1136,11023,0,Dream Pop,2027.0,Dream Pop
LyricalReferenceTo,1140,12373,0,Lo-Fi Electronica,2018.0,Lo-Fi Electronica
LyricalReferenceTo,1140,6785,0,Lo-Fi Electronica,2018.0,Lo-Fi Electronica
LyricalReferenceTo,1140,1466,0,Lo-Fi Electronica,2018.0,Lo-Fi Electronica
LyricalReferenceTo,1156,12650,0,Synthwave,2022.0,Synthwave
LyricalReferenceTo,1156,15622,0,Synthwave,2022.0,Doom Metal
LyricalReferenceTo,1162,2316,0,Indie Folk,2013.0,Indie Folk
LyricalReferenceTo,1170,5284,0,Emo/Pop Punk,2004.0,Blues Rock
LyricalReferenceTo,1177,4634,0,Desert Rock,2026.0,Synthwave
LyricalReferenceTo,1185,12004,0,Dream Pop,2026.0,Indie Folk
LyricalReferenceTo,1190,16182,0,Alternative Rock,2032.0,Southern Gothic Rock
LyricalReferenceTo,1205,9902,0,Southern Gothic Rock,2022.0,Indie Pop
LyricalReferenceTo,1208,3688,0,Space Rock,2028.0,Doom Metal
LyricalReferenceTo,1217,15622,0,Indie Folk,2017.0,Doom Metal
LyricalReferenceTo,1256,16478,0,Dream Pop,2029.0,Psychedelic Rock
LyricalReferenceTo,1269,11495,0,Indie Folk,2024.0,Americana
LyricalReferenceTo,1286,14266,0,Dream Pop,2027.0,Indie Folk
LyricalReferenceTo,1293,2333,0,Southern Gothic Rock,2009.0,Indie Pop
LyricalReferenceTo,1307,14291,0,Psychedelic Rock,2020.0,Americana
LyricalReferenceTo,1310,14893,0,Jazz Surf Rock,2029.0,Synthwave
LyricalReferenceTo,1313,15441,0,Synthwave,2029.0,Oceanus Folk
LyricalReferenceTo,1364,15343,0,Speed Metal,2003.0,Speed Metal
LyricalReferenceTo,1395,11251,0,Dream Pop,2023.0,Indie Folk
LyricalReferenceTo,1402,6551,0,Indie Folk,2029.0,Indie Folk
LyricalReferenceTo,1440,14128,0,Blues Rock,2004.0,Blues Rock
LyricalReferenceTo,1440,12821,0,Blues Rock,2004.0,Blues Rock
LyricalReferenceTo,1466,10121,0,Lo-Fi Electronica,2015.0,Lo-Fi Electronica
LyricalReferenceTo,1502,16478,0,Psychedelic Rock,2018.0,Psychedelic Rock
LyricalReferenceTo,1515,11342,0,Doom Metal,2029.0,Symphonic Metal
LyricalReferenceTo,1520,827,0,Lo-Fi Electronica,2023.0,Lo-Fi Electronica
LyricalReferenceTo,1524,16441,0,Psychedelic Rock,2009.0,Psychedelic Rock
LyricalReferenceTo,1550,3304,0,Americana,2023.0,Americana
LyricalReferenceTo,1571,8888,0,Indie Rock,2026.0,Indie Rock
LyricalReferenceTo,1620,13249,0,Indie Folk,2026.0,Indie Folk
LyricalReferenceTo,1629,12067,0,Desert Rock,2023.0,Oceanus Folk
LyricalReferenceTo,1665,3194,0,Oceanus Folk,2026.0,Oceanus Folk
LyricalReferenceTo,1680,10593,0,Space Rock,2027.0,Indie Rock
LyricalReferenceTo,1680,9259,0,Space Rock,2027.0,Dream Pop
LyricalReferenceTo,1684,6072,0,Dream Pop,2020.0,Synthwave
LyricalReferenceTo,1689,4849,0,Synthwave,2010.0,Synthwave
LyricalReferenceTo,1715,9030,0,Dream Pop,2029.0,Indie Rock
LyricalReferenceTo,1783,10593,0,Doom Metal,2024.0,Indie Rock
LyricalReferenceTo,1787,92,0,Indie Folk,2026.0,Americana
LyricalReferenceTo,1797,9948,0,Americana,2028.0,Desert Rock
LyricalReferenceTo,1797,15230,0,Americana,2028.0,Dream Pop
LyricalReferenceTo,1804,10419,0,Indie Folk,2013.0,Dream Pop
LyricalReferenceTo,1804,7100,0,Indie Folk,2013.0,Alternative Rock
LyricalReferenceTo,1804,2510,0,Indie Folk,2013.0,Dream Pop
LyricalReferenceTo,1810,6210,0,Lo-Fi Electronica,2028.0,Alternative Rock
LyricalReferenceTo,1814,11368,0,Southern Gothic Rock,2006.0,Southern Gothic Rock
LyricalReferenceTo,1830,7897,0,Post-Apocalyptic Folk,2029.0,Post-Apocalyptic Folk
LyricalReferenceTo,1849,12245,0,Indie Folk,2027.0,Indie Folk
LyricalReferenceTo,1849,3931,0,Indie Folk,2027.0,Indie Folk
LyricalReferenceTo,1863,12678,0,Oceanus Folk,2013.0,Synthwave
LyricalReferenceTo,1874,16582,0,Dream Pop,2023.0,Oceanus Folk
LyricalReferenceTo,1880,14976,0,Alternative Rock,2023.0,Speed Metal
LyricalReferenceTo,1880,16724,0,Alternative Rock,2023.0,Speed Metal
LyricalReferenceTo,1880,14239,0,Alternative Rock,2023.0,Speed Metal
LyricalReferenceTo,1888,14569,0,Indie Folk,2017.0,Synthpop
LyricalReferenceTo,1907,14969,0,Synthwave,2021.0,Dream Pop
LyricalReferenceTo,1915,12043,0,Synthwave,2023.0,Dream Pop
LyricalReferenceTo,1933,8095,0,Avant-Garde Folk,2025.0,Southern Gothic Rock
LyricalReferenceTo,1933,15643,0,Avant-Garde Folk,2025.0,Southern Gothic Rock
LyricalReferenceTo,1943,827,0,Lo-Fi Electronica,2020.0,Lo-Fi Electronica
LyricalReferenceTo,1943,966,0,Lo-Fi Electronica,2020.0,Lo-Fi Electronica
LyricalReferenceTo,1943,13985,0,Lo-Fi Electronica,2020.0,Lo-Fi Electronica
LyricalReferenceTo,1943,13335,0,Lo-Fi Electronica,2020.0,Lo-Fi Electronica
LyricalReferenceTo,1966,5808,0,Synthwave,2023.0,Indie Folk
LyricalReferenceTo,1966,5777,0,Synthwave,2023.0,Indie Folk
LyricalReferenceTo,1984,14118,0,Desert Rock,2029.0,Indie Folk
LyricalReferenceTo,1984,6521,0,Desert Rock,2029.0,Doom Metal
LyricalReferenceTo,2009,10761,0,Space Rock,2028.0,Symphonic Metal
LyricalReferenceTo,2019,16256,0,Dream Pop,2029.0,Dream Pop
LyricalReferenceTo,2026,1544,0,Indie Pop,2023.0,Southern Gothic Rock
LyricalReferenceTo,2026,5051,0,Indie Pop,2023.0,Emo/Pop Punk
LyricalReferenceTo,2034,9559,0,Jazz Surf Rock,2010.0,Jazz Surf Rock
LyricalReferenceTo,2053,8055,0,Emo/Pop Punk,2019.0,Alternative Rock
LyricalReferenceTo,2057,12673,0,Indie Folk,2023.0,Americana
LyricalReferenceTo,2082,6368,0,Synthwave,1997.0,Synthwave
LyricalReferenceTo,2099,10596,0,Doom Metal,2023.0,Indie Folk
LyricalReferenceTo,2107,12998,0,Dream Pop,2007.0,Dream Pop
LyricalReferenceTo,2112,16605,0,Blues Rock,2013.0,Indie Rock
LyricalReferenceTo,2174,1412,0,Indie Pop,1990.0,Indie Pop
LyricalReferenceTo,2175,15622,0,Synthwave,2010.0,Doom Metal
LyricalReferenceTo,2208,5455,0,Emo/Pop Punk,2019.0,Southern Gothic Rock
LyricalReferenceTo,2212,3633,0,Doom Metal,2016.0,Doom Metal
LyricalReferenceTo,2238,6006,0,Synthwave,2009.0,Doom Metal
LyricalReferenceTo,2243,14335,0,Synthpop,2013.0,Synthpop
LyricalReferenceTo,2267,12009,0,Dream Pop,2030.0,Americana
LyricalReferenceTo,2272,14965,0,Space Rock,2022.0,Doom Metal
LyricalReferenceTo,2277,6785,0,Lo-Fi Electronica,2004.0,Lo-Fi Electronica
LyricalReferenceTo,2284,15622,0,Synthwave,2023.0,Doom Metal
LyricalReferenceTo,2331,6674,0,Blues Rock,2011.0,Blues Rock
LyricalReferenceTo,2333,12475,0,Indie Pop,2000.0,Southern Gothic Rock
LyricalReferenceTo,2350,9100,0,Blues Rock,2007.0,Indie Folk
LyricalReferenceTo,2360,4006,0,Indie Rock,2017.0,Indie Rock
LyricalReferenceTo,2373,12934,0,Dream Pop,2030.0,Indie Folk
LyricalReferenceTo,2373,13249,0,Dream Pop,2030.0,Indie Folk
LyricalReferenceTo,2415,14799,0,Dream Pop,2020.0,Dream Pop
LyricalReferenceTo,2445,15622,0,Doom Metal,2007.0,Doom Metal
LyricalReferenceTo,2454,15754,0,Synthwave,2030.0,Indie Folk
LyricalReferenceTo,2454,14272,0,Synthwave,2030.0,Dream Pop
LyricalReferenceTo,2454,16048,0,Synthwave,2030.0,Dream Pop
LyricalReferenceTo,2493,1772,0,Southern Gothic Rock,2012.0,Southern Gothic Rock
LyricalReferenceTo,2505,11945,0,Doom Metal,2021.0,Doom Metal
LyricalReferenceTo,2525,5455,0,Alternative Rock,2028.0,Southern Gothic Rock
LyricalReferenceTo,2525,15396,0,Alternative Rock,2028.0,Avant-Garde Folk
LyricalReferenceTo,2534,827,0,Indie Pop,2020.0,Lo-Fi Electronica
LyricalReferenceTo,2549,13379,0,Alternative Rock,2017.0,Alternative Rock
LyricalReferenceTo,2567,9884,0,Post-Apocalyptic Folk,2022.0,Psychedelic Rock
LyricalReferenceTo,2567,7897,0,Post-Apocalyptic Folk,2022.0,Post-Apocalyptic Folk
LyricalReferenceTo,2567,8159,0,Post-Apocalyptic Folk,2022.0,Americana
LyricalReferenceTo,2608,15622,0,Doom Metal,2013.0,Doom Metal
LyricalReferenceTo,2625,16621,0,Alternative Rock,2004.0,Jazz Surf Rock
LyricalReferenceTo,2633,2567,0,Space Rock,2026.0,Post-Apocalyptic Folk
LyricalReferenceTo,2649,3633,0,Doom Metal,2013.0,Doom Metal
LyricalReferenceTo,2658,6342,0,Dream Pop,2007.0,Dream Pop
LyricalReferenceTo,2666,12979,0,Southern Gothic Rock,2012.0,Southern Gothic Rock
LyricalReferenceTo,2676,6762,0,Indie Folk,2020.0,Symphonic Metal
LyricalReferenceTo,2683,1857,0,Indie Rock,2023.0,Indie Rock
LyricalReferenceTo,2683,876,0,Indie Rock,2023.0,Indie Rock
LyricalReferenceTo,2684,806,0,Emo/Pop Punk,2026.0,Southern Gothic Rock
LyricalReferenceTo,2701,5680,0,Americana,2029.0,Americana
LyricalReferenceTo,2714,11528,0,Americana,2024.0,Desert Rock
LyricalReferenceTo,2714,12397,0,Americana,2024.0,Dream Pop
LyricalReferenceTo,2720,9947,0,Alternative Rock,2009.0,Alternative Rock
LyricalReferenceTo,2734,2347,0,Post-Apocalyptic Folk,2020.0,Post-Apocalyptic Folk
LyricalReferenceTo,2748,13986,0,Alternative Rock,2018.0,Dream Pop
LyricalReferenceTo,2775,11097,0,Dream Pop,2027.0,Darkwave
LyricalReferenceTo,2784,1841,0,Desert Rock,2028.0,Indie Folk
LyricalReferenceTo,2831,8201,0,Synthpop,2026.0,Symphonic Metal
LyricalReferenceTo,2831,5952,0,Synthpop,2026.0,Indie Rock
LyricalReferenceTo,2863,821,0,Indie Rock,2022.0,Indie Folk
LyricalReferenceTo,2873,3160,0,Symphonic Metal,2023.0,Symphonic Metal
LyricalReferenceTo,2915,3986,0,Dream Pop,2026.0,Americana
LyricalReferenceTo,2915,6293,0,Dream Pop,2026.0,Dream Pop
LyricalReferenceTo,2972,10085,0,Dream Pop,2032.0,Southern Gothic Rock
LyricalReferenceTo,2972,16495,0,Dream Pop,2032.0,Southern Gothic Rock
LyricalReferenceTo,2972,6868,0,Dream Pop,2032.0,Indie Pop
LyricalReferenceTo,2996,12817,0,Dream Pop,2017.0,Synthwave
LyricalReferenceTo,3013,6271,0,Alternative Rock,2010.0,Alternative Rock
LyricalReferenceTo,3031,12205,0,Desert Rock,2028.0,Dream Pop
LyricalReferenceTo,3053,1841,0,Desert Rock,2024.0,Indie Folk
LyricalReferenceTo,3067,1502,0,Americana,2029.0,Psychedelic Rock
LyricalReferenceTo,3076,3194,0,Indie Folk,2023.0,Oceanus Folk
LyricalReferenceTo,3080,14644,0,Avant-Garde Folk,2017.0,Avant-Garde Folk
LyricalReferenceTo,3093,8596,0,Indie Folk,2020.0,Dream Pop
LyricalReferenceTo,3094,8055,0,Jazz Surf Rock,2023.0,Alternative Rock
LyricalReferenceTo,3118,6564,0,Space Rock,2025.0,Space Rock
LyricalReferenceTo,3118,13246,0,Space Rock,2025.0,Space Rock
LyricalReferenceTo,3123,5455,0,Indie Pop,2005.0,Southern Gothic Rock
LyricalReferenceTo,3136,3332,0,Desert Rock,2027.0,Indie Folk
LyricalReferenceTo,3136,2238,0,Desert Rock,2027.0,Synthwave
LyricalReferenceTo,3151,5891,0,Alternative Rock,2015.0,Dream Pop
LyricalReferenceTo,3151,13421,0,Alternative Rock,2015.0,Dream Pop
LyricalReferenceTo,3174,12794,0,Dream Pop,2029.0,Dream Pop
LyricalReferenceTo,3186,9797,0,Dream Pop,2028.0,Doom Metal
LyricalReferenceTo,3194,11836,0,Oceanus Folk,2017.0,Oceanus Folk
LyricalReferenceTo,3219,8888,0,Indie Folk,2017.0,Indie Rock
LyricalReferenceTo,3228,15318,0,Dream Pop,2029.0,Synthwave
LyricalReferenceTo,3228,6979,0,Dream Pop,2029.0,Indie Folk
LyricalReferenceTo,3237,12120,0,Psychedelic Rock,2024.0,Dream Pop
LyricalReferenceTo,3282,10010,0,Synthwave,2023.0,Synthwave
LyricalReferenceTo,3310,454,0,Dream Pop,2014.0,Synthwave
LyricalReferenceTo,3329,16728,0,Post-Apocalyptic Folk,2022.0,Indie Rock
LyricalReferenceTo,3332,6051,0,Indie Folk,2020.0,Desert Rock
LyricalReferenceTo,3332,4834,0,Indie Folk,2020.0,Doom Metal
LyricalReferenceTo,3335,2279,0,Dream Pop,2009.0,Dream Pop
LyricalReferenceTo,3342,445,0,Jazz Surf Rock,2020.0,Psychedelic Rock
LyricalReferenceTo,3362,2893,0,Synthwave,2022.0,Psychedelic Rock
LyricalReferenceTo,3362,5808,0,Synthwave,2022.0,Indie Folk
LyricalReferenceTo,3362,13374,0,Synthwave,2022.0,Doom Metal
LyricalReferenceTo,3362,10281,0,Synthwave,2022.0,Synthwave
LyricalReferenceTo,3362,4789,0,Synthwave,2022.0,Psychedelic Rock
LyricalReferenceTo,3367,6752,0,Oceanus Folk,2023.0,Oceanus Folk
LyricalReferenceTo,3376,15622,0,Desert Rock,2013.0,Doom Metal
LyricalReferenceTo,3387,15722,0,Lo-Fi Electronica,2016.0,Lo-Fi Electronica
LyricalReferenceTo,3415,5432,0,Indie Folk,2026.0,Synthwave
LyricalReferenceTo,3438,3931,0,Synthwave,2029.0,Indie Folk
LyricalReferenceTo,3438,9116,0,Synthwave,2029.0,Doom Metal
LyricalReferenceTo,3438,5777,0,Synthwave,2029.0,Indie Folk
LyricalReferenceTo,3438,7116,0,Synthwave,2029.0,Doom Metal
LyricalReferenceTo,3438,14118,0,Synthwave,2029.0,Indie Folk
LyricalReferenceTo,3438,9245,0,Synthwave,2029.0,Doom Metal
LyricalReferenceTo,3449,14510,0,Southern Gothic Rock,2027.0,Southern Gothic Rock
LyricalReferenceTo,3449,7740,0,Southern Gothic Rock,2027.0,Southern Gothic Rock
LyricalReferenceTo,3485,4890,0,Dream Pop,2024.0,Desert Rock
LyricalReferenceTo,3513,16127,0,Alternative Rock,2024.0,Indie Folk
LyricalReferenceTo,3536,1611,0,Doom Metal,2023.0,Indie Rock
LyricalReferenceTo,3542,1841,0,Indie Folk,2023.0,Indie Folk
LyricalReferenceTo,3580,5089,0,Dream Pop,2027.0,Indie Folk
LyricalReferenceTo,3583,6423,0,Dream Pop,2020.0,Indie Folk
LyricalReferenceTo,3603,15315,0,Indie Rock,2013.0,Avant-Garde Folk
LyricalReferenceTo,3626,14671,0,Emo/Pop Punk,2021.0,Emo/Pop Punk
LyricalReferenceTo,3626,6245,0,Emo/Pop Punk,2021.0,Emo/Pop Punk
LyricalReferenceTo,3634,6313,0,Dream Pop,2020.0,Dream Pop
LyricalReferenceTo,3652,3636,0,Dream Pop,2025.0,Dream Pop
LyricalReferenceTo,3676,12338,0,Jazz Surf Rock,2027.0,Doom Metal
LyricalReferenceTo,3676,4046,0,Jazz Surf Rock,2027.0,Jazz Surf Rock
LyricalReferenceTo,3697,12397,0,Darkwave,2022.0,Dream Pop
LyricalReferenceTo,3748,15734,0,Alternative Rock,2023.0,Alternative Rock
LyricalReferenceTo,3806,1841,0,Space Rock,2026.0,Indie Folk
LyricalReferenceTo,3813,13413,0,Darkwave,2029.0,Indie Folk
LyricalReferenceTo,3819,11875,0,Synthwave,1997.0,Dream Pop
LyricalReferenceTo,3837,9884,0,Dream Pop,2027.0,Psychedelic Rock
LyricalReferenceTo,3844,1113,0,Americana,2000.0,Americana
LyricalReferenceTo,3856,13903,0,Alternative Rock,2024.0,Alternative Rock
LyricalReferenceTo,3859,9647,0,Blues Rock,2023.0,Southern Gothic Rock
LyricalReferenceTo,3876,14206,0,Space Rock,2026.0,Synthpop
LyricalReferenceTo,3898,1841,0,Desert Rock,2027.0,Indie Folk
LyricalReferenceTo,3904,6762,0,Doom Metal,2023.0,Symphonic Metal
LyricalReferenceTo,3908,11564,0,Synthwave,2023.0,Doom Metal
LyricalReferenceTo,3909,9096,0,Oceanus Folk,2020.0,Oceanus Folk
LyricalReferenceTo,3951,3395,0,Americana,2026.0,Americana
LyricalReferenceTo,3956,1841,0,Oceanus Folk,2023.0,Indie Folk
LyricalReferenceTo,3966,12538,0,Synthwave,2018.0,Symphonic Metal
LyricalReferenceTo,4014,1502,0,Psychedelic Rock,2024.0,Psychedelic Rock
LyricalReferenceTo,4038,9884,0,Psychedelic Rock,2020.0,Psychedelic Rock
LyricalReferenceTo,4046,15622,0,Jazz Surf Rock,2018.0,Doom Metal
LyricalReferenceTo,4046,9803,0,Jazz Surf Rock,2018.0,Doom Metal
LyricalReferenceTo,4090,10468,0,Indie Folk,2023.0,Indie Folk
LyricalReferenceTo,4100,445,0,Psychedelic Rock,2024.0,Psychedelic Rock
LyricalReferenceTo,4112,14965,0,Symphonic Metal,2029.0,Doom Metal
LyricalReferenceTo,4140,5808,0,Synthwave,2026.0,Indie Folk
LyricalReferenceTo,4155,12678,0,Psychedelic Rock,2022.0,Synthwave
LyricalReferenceTo,4167,8213,0,Southern Gothic Rock,2017.0,Southern Gothic Rock
LyricalReferenceTo,4167,2331,0,Southern Gothic Rock,2017.0,Blues Rock
LyricalReferenceTo,4167,6837,0,Southern Gothic Rock,2017.0,Avant-Garde Folk
LyricalReferenceTo,4172,8727,0,Alternative Rock,2017.0,Indie Rock
LyricalReferenceTo,4186,10837,0,Southern Gothic Rock,2023.0,Indie Pop
LyricalReferenceTo,4188,14927,0,Indie Pop,1995.0,Southern Gothic Rock
LyricalReferenceTo,4228,3633,0,Synthwave,2021.0,Doom Metal
LyricalReferenceTo,4243,15261,0,Psychedelic Rock,2025.0,Psychedelic Rock
LyricalReferenceTo,4273,4100,0,Synthwave,2026.0,Psychedelic Rock
LyricalReferenceTo,4283,15539,0,Dream Pop,2013.0,Dream Pop
LyricalReferenceTo,4322,6006,0,Doom Metal,2017.0,Doom Metal
LyricalReferenceTo,4337,1320,0,Dream Pop,2029.0,Synthwave
LyricalReferenceTo,4361,12546,0,Dream Pop,2013.0,Alternative Rock
LyricalReferenceTo,4447,15877,0,Dream Pop,1994.0,Synthwave
LyricalReferenceTo,4472,3239,0,Alternative Rock,2023.0,Southern Gothic Rock
LyricalReferenceTo,4476,6251,0,Dream Pop,2027.0,Indie Folk
LyricalReferenceTo,4481,8812,0,Alternative Rock,2001.0,Synthwave
LyricalReferenceTo,4517,16618,0,Doom Metal,2013.0,Indie Folk
LyricalReferenceTo,4547,11141,0,Psychedelic Rock,2020.0,Psychedelic Rock
LyricalReferenceTo,4602,13421,0,Alternative Rock,2010.0,Dream Pop
LyricalReferenceTo,4614,13681,0,Indie Folk,2023.0,Indie Folk
LyricalReferenceTo,4649,14740,0,Doom Metal,2026.0,Indie Folk
LyricalReferenceTo,4661,6881,0,Indie Rock,2023.0,Synthwave
LyricalReferenceTo,4701,13154,0,Synthwave,2007.0,Synthwave
LyricalReferenceTo,4718,11672,0,Doom Metal,2023.0,Post-Apocalyptic Folk
LyricalReferenceTo,4718,15170,0,Doom Metal,2023.0,Dream Pop
LyricalReferenceTo,4738,6967,0,Alternative Rock,2020.0,Jazz Surf Rock
LyricalReferenceTo,4738,9237,0,Alternative Rock,2020.0,Jazz Surf Rock
LyricalReferenceTo,4738,5216,0,Alternative Rock,2020.0,Jazz Surf Rock
LyricalReferenceTo,4758,2937,0,Jazz Surf Rock,2029.0,Dream Pop
LyricalReferenceTo,4774,13720,0,Lo-Fi Electronica,2029.0,Lo-Fi Electronica
LyricalReferenceTo,4774,15964,0,Lo-Fi Electronica,2029.0,Avant-Garde Folk
LyricalReferenceTo,4801,16719,0,Psychedelic Rock,2017.0,Psychedelic Rock
LyricalReferenceTo,4821,2915,0,Dream Pop,2028.0,Dream Pop
LyricalReferenceTo,4821,7278,0,Dream Pop,2028.0,Synthwave
LyricalReferenceTo,4856,14965,0,Synthwave,2013.0,Doom Metal
LyricalReferenceTo,4872,1611,0,Dream Pop,2020.0,Indie Rock
LyricalReferenceTo,4900,4436,0,Doom Metal,2023.0,Indie Rock
LyricalReferenceTo,4935,4090,0,Synthwave,2030.0,Indie Folk
LyricalReferenceTo,4935,5425,0,Synthwave,2030.0,Doom Metal
LyricalReferenceTo,4937,7036,0,Southern Gothic Rock,2000.0,Indie Pop
LyricalReferenceTo,4969,2863,0,Dream Pop,2017.0,Indie Rock
LyricalReferenceTo,4985,14994,0,Indie Folk,2026.0,Indie Folk
LyricalReferenceTo,5009,16233,0,Dream Pop,2023.0,Psychedelic Rock
LyricalReferenceTo,5028,5891,0,Alternative Rock,2007.0,Dream Pop
LyricalReferenceTo,5035,6065,0,Space Rock,2028.0,Dream Pop
LyricalReferenceTo,5035,3828,0,Space Rock,2028.0,Oceanus Folk
LyricalReferenceTo,5035,12138,0,Space Rock,2028.0,Oceanus Folk
LyricalReferenceTo,5035,11655,0,Space Rock,2028.0,Oceanus Folk
LyricalReferenceTo,5035,7492,0,Space Rock,2028.0,Desert Rock
LyricalReferenceTo,5035,3025,0,Space Rock,2028.0,Oceanus Folk
LyricalReferenceTo,5046,8785,0,Americana,2007.0,Americana
LyricalReferenceTo,5051,1955,0,Emo/Pop Punk,1997.0,Emo/Pop Punk
LyricalReferenceTo,5053,4046,0,Jazz Surf Rock,2029.0,Jazz Surf Rock
LyricalReferenceTo,5058,1837,0,Lo-Fi Electronica,2021.0,Alternative Rock
LyricalReferenceTo,5075,15443,0,Blues Rock,2021.0,Southern Gothic Rock
LyricalReferenceTo,5088,10417,0,Lo-Fi Electronica,2026.0,Lo-Fi Electronica
LyricalReferenceTo,5088,1466,0,Lo-Fi Electronica,2026.0,Lo-Fi Electronica
LyricalReferenceTo,5088,11467,0,Lo-Fi Electronica,2026.0,Lo-Fi Electronica
LyricalReferenceTo,5088,2848,0,Lo-Fi Electronica,2026.0,Lo-Fi Electronica
LyricalReferenceTo,5109,6245,0,Emo/Pop Punk,2004.0,Emo/Pop Punk
LyricalReferenceTo,5109,14671,0,Emo/Pop Punk,2004.0,Emo/Pop Punk
LyricalReferenceTo,5113,2486,0,Indie Rock,2026.0,Doom Metal
LyricalReferenceTo,5126,6427,0,Indie Folk,2026.0,Synthwave
LyricalReferenceTo,5146,6702,0,Darkwave,2026.0,Darkwave
LyricalReferenceTo,5146,9777,0,Darkwave,2026.0,Darkwave
LyricalReferenceTo,5173,8498,0,Dream Pop,2029.0,Space Rock
LyricalReferenceTo,5181,6006,0,Dream Pop,2018.0,Doom Metal
LyricalReferenceTo,5204,9884,0,Indie Folk,2028.0,Psychedelic Rock
LyricalReferenceTo,5214,12517,0,Lo-Fi Electronica,2012.0,Lo-Fi Electronica
LyricalReferenceTo,5232,14671,0,Emo/Pop Punk,2009.0,Emo/Pop Punk
LyricalReferenceTo,5238,2048,0,Jazz Surf Rock,2016.0,Jazz Surf Rock
LyricalReferenceTo,5243,14514,0,Jazz Surf Rock,2027.0,Indie Folk
LyricalReferenceTo,5265,8872,0,Speed Metal,2002.0,Speed Metal
LyricalReferenceTo,5310,15383,0,Indie Rock,2024.0,Doom Metal
LyricalReferenceTo,5318,10358,0,Doom Metal,2019.0,Doom Metal
LyricalReferenceTo,5325,15622,0,Doom Metal,2013.0,Doom Metal
LyricalReferenceTo,5325,6006,0,Doom Metal,2013.0,Doom Metal
LyricalReferenceTo,5361,11984,0,Emo/Pop Punk,2026.0,Blues Rock
LyricalReferenceTo,5389,16367,0,Post-Apocalyptic Folk,2020.0,Darkwave
LyricalReferenceTo,5389,11300,0,Post-Apocalyptic Folk,2020.0,Dream Pop
LyricalReferenceTo,5394,431,0,Americana,2027.0,Americana
LyricalReferenceTo,5394,11568,0,Americana,2027.0,Synthpop
LyricalReferenceTo,5396,6368,0,Psychedelic Rock,2026.0,Synthwave
LyricalReferenceTo,5407,3512,0,Avant-Garde Folk,2023.0,Indie Pop
LyricalReferenceTo,5415,7116,0,Darkwave,2028.0,Doom Metal
LyricalReferenceTo,5492,14872,0,Indie Folk,2023.0,Indie Folk
LyricalReferenceTo,5526,6250,0,Southern Gothic Rock,2023.0,Southern Gothic Rock
LyricalReferenceTo,5530,4046,0,Desert Rock,2026.0,Jazz Surf Rock
LyricalReferenceTo,5540,1057,0,Dream Pop,2023.0,Indie Folk
LyricalReferenceTo,5556,10158,0,Southern Gothic Rock,2029.0,Southern Gothic Rock
LyricalReferenceTo,5559,10484,0,Synthpop,2023.0,Doom Metal
LyricalReferenceTo,5559,3467,0,Synthpop,2023.0,Doom Metal
LyricalReferenceTo,5559,14987,0,Synthpop,2023.0,Doom Metal
LyricalReferenceTo,5559,9928,0,Synthpop,2023.0,Americana
LyricalReferenceTo,5599,13584,0,Synthwave,2020.0,Synthwave
LyricalReferenceTo,5616,1841,0,Space Rock,2018.0,Indie Folk
LyricalReferenceTo,5616,11495,0,Space Rock,2018.0,Americana
LyricalReferenceTo,5620,8201,0,Synthwave,2028.0,Symphonic Metal
LyricalReferenceTo,5636,13302,0,Darkwave,2026.0,Indie Rock
LyricalReferenceTo,5643,4781,0,Lo-Fi Electronica,2011.0,Lo-Fi Electronica
LyricalReferenceTo,5647,13332,0,Darkwave,2028.0,Darkwave
LyricalReferenceTo,5653,14749,0,Alternative Rock,2023.0,Alternative Rock
LyricalReferenceTo,5699,2360,0,Indie Rock,2026.0,Indie Rock
LyricalReferenceTo,5730,11269,0,Oceanus Folk,2022.0,Indie Folk
LyricalReferenceTo,5730,1841,0,Oceanus Folk,2022.0,Indie Folk
LyricalReferenceTo,5751,1729,0,Dream Pop,2025.0,Dream Pop
LyricalReferenceTo,5761,14086,0,Oceanus Folk,2026.0,Doom Metal
LyricalReferenceTo,5773,9387,0,Dream Pop,2010.0,Dream Pop
LyricalReferenceTo,5782,7417,0,Southern Gothic Rock,2028.0,Southern Gothic Rock
LyricalReferenceTo,5804,13297,0,Lo-Fi Electronica,2024.0,Lo-Fi Electronica
LyricalReferenceTo,5804,15004,0,Lo-Fi Electronica,2024.0,Lo-Fi Electronica
LyricalReferenceTo,5818,10211,0,Synthwave,2024.0,Space Rock
LyricalReferenceTo,5839,2595,0,Southern Gothic Rock,2006.0,Indie Pop
LyricalReferenceTo,5839,6745,0,Southern Gothic Rock,2006.0,Indie Pop
LyricalReferenceTo,5847,11768,0,Americana,2029.0,Dream Pop
LyricalReferenceTo,5882,8251,0,Synthwave,2025.0,Doom Metal
LyricalReferenceTo,5882,14118,0,Synthwave,2025.0,Indie Folk
LyricalReferenceTo,5923,2670,0,Darkwave,2026.0,Darkwave
LyricalReferenceTo,5928,13985,0,Lo-Fi Electronica,2019.0,Lo-Fi Electronica
LyricalReferenceTo,5928,14768,0,Lo-Fi Electronica,2019.0,Lo-Fi Electronica
LyricalReferenceTo,5928,11677,0,Lo-Fi Electronica,2019.0,Lo-Fi Electronica
LyricalReferenceTo,5928,15024,0,Lo-Fi Electronica,2019.0,Lo-Fi Electronica
LyricalReferenceTo,5958,5746,0,Indie Rock,2004.0,Indie Rock
LyricalReferenceTo,5958,3497,0,Indie Rock,2004.0,Synthwave
LyricalReferenceTo,5960,3071,0,Doom Metal,2002.0,Alternative Rock
LyricalReferenceTo,5980,15771,0,Indie Rock,2025.0,Indie Rock
LyricalReferenceTo,5992,9511,0,Dream Pop,2026.0,Dream Pop
LyricalReferenceTo,5996,14965,0,Dream Pop,2026.0,Doom Metal
LyricalReferenceTo,6020,14948,0,Indie Folk,2026.0,Indie Folk
LyricalReferenceTo,6022,11805,0,Americana,2016.0,Americana
LyricalReferenceTo,6024,5588,0,Space Rock,2026.0,Space Rock
LyricalReferenceTo,6065,6833,0,Dream Pop,2029.0,Dream Pop
LyricalReferenceTo,6080,15622,0,Doom Metal,2013.0,Doom Metal
LyricalReferenceTo,6087,12910,0,Doom Metal,2025.0,Synthwave
LyricalReferenceTo,6100,13823,0,Southern Gothic Rock,2012.0,Blues Rock
LyricalReferenceTo,6130,8355,0,Doom Metal,2026.0,Synthwave
LyricalReferenceTo,6142,4541,0,Symphonic Metal,2029.0,Psychedelic Rock
LyricalReferenceTo,6148,12678,0,Synthpop,2020.0,Synthwave
LyricalReferenceTo,6154,10657,0,Desert Rock,2020.0,Dream Pop
LyricalReferenceTo,6158,10120,0,Avant-Garde Folk,2018.0,Avant-Garde Folk
LyricalReferenceTo,6170,1841,0,Oceanus Folk,2023.0,Indie Folk
LyricalReferenceTo,6211,8551,0,Dream Pop,2028.0,Desert Rock
LyricalReferenceTo,6211,13332,0,Dream Pop,2028.0,Darkwave
LyricalReferenceTo,6233,8245,0,Dream Pop,2023.0,Space Rock
LyricalReferenceTo,6233,10747,0,Dream Pop,2023.0,Dream Pop
LyricalReferenceTo,6235,585,0,Dream Pop,2026.0,Post-Apocalyptic Folk
LyricalReferenceTo,6245,3779,0,Emo/Pop Punk,1989.0,Blues Rock
LyricalReferenceTo,6246,14961,0,Alternative Rock,2026.0,Synthwave
LyricalReferenceTo,6257,6762,0,Doom Metal,2020.0,Symphonic Metal
LyricalReferenceTo,6279,11558,0,Alternative Rock,2028.0,Alternative Rock
LyricalReferenceTo,6286,16367,0,Darkwave,2028.0,Darkwave
LyricalReferenceTo,6289,13312,0,Jazz Surf Rock,2029.0,Indie Folk
LyricalReferenceTo,6289,13298,0,Jazz Surf Rock,2029.0,Alternative Rock
LyricalReferenceTo,6307,9884,0,Dream Pop,2025.0,Psychedelic Rock
LyricalReferenceTo,6329,14851,0,Blues Rock,2000.0,Blues Rock
LyricalReferenceTo,6339,2068,0,Blues Rock,2017.0,Southern Gothic Rock
LyricalReferenceTo,6342,13421,0,Dream Pop,2004.0,Dream Pop
LyricalReferenceTo,6344,13399,0,Desert Rock,2024.0,Indie Folk
LyricalReferenceTo,6372,7408,0,Dream Pop,2027.0,Desert Rock
LyricalReferenceTo,6397,11240,0,Emo/Pop Punk,2011.0,Emo/Pop Punk
LyricalReferenceTo,6398,14241,0,Dream Pop,2008.0,Synthwave
LyricalReferenceTo,6412,4770,0,Desert Rock,2022.0,Synthwave
LyricalReferenceTo,6427,5687,0,Synthwave,2021.0,Indie Folk
LyricalReferenceTo,6428,1841,0,Oceanus Folk,2023.0,Indie Folk
LyricalReferenceTo,6435,4492,0,Space Rock,2024.0,Space Rock
LyricalReferenceTo,6473,13208,0,Dream Pop,2014.0,Dream Pop
LyricalReferenceTo,6476,8888,0,Doom Metal,2022.0,Indie Rock
LyricalReferenceTo,6503,15643,0,Emo/Pop Punk,2018.0,Southern Gothic Rock
LyricalReferenceTo,6505,5609,0,Americana,2012.0,Synthwave
LyricalReferenceTo,6505,4565,0,Americana,2012.0,Oceanus Folk
LyricalReferenceTo,6521,9966,0,Doom Metal,2028.0,Indie Folk
LyricalReferenceTo,6529,3609,0,Dream Pop,2029.0,Dream Pop
LyricalReferenceTo,6543,4541,0,Jazz Surf Rock,2029.0,Psychedelic Rock
LyricalReferenceTo,6551,15622,0,Indie Folk,2014.0,Doom Metal
LyricalReferenceTo,6569,14720,0,Desert Rock,2029.0,Oceanus Folk
LyricalReferenceTo,6575,5425,0,Symphonic Metal,2024.0,Doom Metal
LyricalReferenceTo,6577,11785,0,Jazz Surf Rock,2029.0,Jazz Surf Rock
LyricalReferenceTo,6577,2250,0,Jazz Surf Rock,2029.0,Americana
LyricalReferenceTo,6597,5680,0,Dream Pop,2029.0,Americana
LyricalReferenceTo,6616,1857,0,Indie Rock,2011.0,Indie Rock
LyricalReferenceTo,6645,11541,0,Doom Metal,2013.0,Indie Rock
LyricalReferenceTo,6658,9387,0,Dream Pop,2010.0,Dream Pop
LyricalReferenceTo,6661,3376,0,Doom Metal,2023.0,Desert Rock
LyricalReferenceTo,6699,13819,0,Indie Rock,2021.0,Indie Rock
LyricalReferenceTo,6736,8867,0,Indie Folk,2031.0,Symphonic Metal
LyricalReferenceTo,6736,11824,0,Indie Folk,2031.0,Dream Pop
LyricalReferenceTo,6778,632,0,Indie Rock,2029.0,Alternative Rock
LyricalReferenceTo,6785,2467,0,Lo-Fi Electronica,2002.0,Lo-Fi Electronica
LyricalReferenceTo,6793,14627,0,Doom Metal,2029.0,Synthwave
LyricalReferenceTo,6797,16035,0,Alternative Rock,2026.0,Avant-Garde Folk
LyricalReferenceTo,6827,10673,0,Doom Metal,2027.0,Doom Metal
LyricalReferenceTo,6827,13721,0,Doom Metal,2027.0,Doom Metal
LyricalReferenceTo,6827,6051,0,Doom Metal,2027.0,Desert Rock
LyricalReferenceTo,6851,9754,0,Space Rock,2026.0,Jazz Surf Rock
LyricalReferenceTo,6854,7250,0,Indie Rock,2026.0,Doom Metal
LyricalReferenceTo,6941,4818,0,Oceanus Folk,2023.0,Doom Metal
LyricalReferenceTo,6941,15032,0,Oceanus Folk,2023.0,Oceanus Folk
LyricalReferenceTo,6949,10645,0,Indie Rock,2017.0,Synthwave
LyricalReferenceTo,6949,4770,0,Indie Rock,2017.0,Synthwave
LyricalReferenceTo,6954,15971,0,Jazz Surf Rock,2025.0,Indie Rock
LyricalReferenceTo,6954,8231,0,Jazz Surf Rock,2025.0,Synthwave
LyricalReferenceTo,6954,15515,0,Jazz Surf Rock,2025.0,Dream Pop
LyricalReferenceTo,6968,15622,0,Dream Pop,2028.0,Doom Metal
LyricalReferenceTo,6976,3194,0,Indie Folk,2025.0,Oceanus Folk
LyricalReferenceTo,6989,5994,0,Emo/Pop Punk,2023.0,Southern Gothic Rock
LyricalReferenceTo,7033,4583,0,Speed Metal,2003.0,Speed Metal
LyricalReferenceTo,7034,15734,0,Alternative Rock,2010.0,Alternative Rock
LyricalReferenceTo,7034,1533,0,Alternative Rock,2010.0,Alternative Rock
LyricalReferenceTo,7036,2807,0,Indie Pop,1987.0,Blues Rock
LyricalReferenceTo,7054,14768,0,Lo-Fi Electronica,2026.0,Lo-Fi Electronica
LyricalReferenceTo,7054,14566,0,Lo-Fi Electronica,2026.0,Lo-Fi Electronica
LyricalReferenceTo,7054,5088,0,Lo-Fi Electronica,2026.0,Lo-Fi Electronica
LyricalReferenceTo,7054,11677,0,Lo-Fi Electronica,2026.0,Lo-Fi Electronica
LyricalReferenceTo,7056,13990,0,Synthwave,2024.0,Post-Apocalyptic Folk
LyricalReferenceTo,7074,8888,0,Indie Folk,2017.0,Indie Rock
LyricalReferenceTo,7080,7511,0,Indie Folk,2020.0,Synthwave
LyricalReferenceTo,7089,13990,0,Dream Pop,2028.0,Post-Apocalyptic Folk
LyricalReferenceTo,7097,14987,0,Americana,2023.0,Doom Metal
LyricalReferenceTo,7099,11115,0,Avant-Garde Folk,2021.0,Avant-Garde Folk
LyricalReferenceTo,7100,6342,0,Alternative Rock,2012.0,Dream Pop
LyricalReferenceTo,7100,9387,0,Alternative Rock,2012.0,Dream Pop
LyricalReferenceTo,7100,10155,0,Alternative Rock,2012.0,Dream Pop
LyricalReferenceTo,7101,13421,0,Alternative Rock,2015.0,Dream Pop
LyricalReferenceTo,7133,467,0,Space Rock,2026.0,Post-Apocalyptic Folk
LyricalReferenceTo,7133,6954,0,Space Rock,2026.0,Jazz Surf Rock
LyricalReferenceTo,7140,1841,0,Desert Rock,2029.0,Indie Folk
LyricalReferenceTo,7140,15622,0,Desert Rock,2029.0,Doom Metal
LyricalReferenceTo,7153,2822,0,Alternative Rock,2023.0,Alternative Rock
LyricalReferenceTo,7157,14851,0,Southern Gothic Rock,1997.0,Blues Rock
LyricalReferenceTo,7161,11672,0,Synthwave,2025.0,Post-Apocalyptic Folk
LyricalReferenceTo,7166,15622,0,Synthpop,2004.0,Doom Metal
LyricalReferenceTo,7190,12847,0,Psychedelic Rock,2027.0,Indie Folk
LyricalReferenceTo,7190,9397,0,Psychedelic Rock,2027.0,Synthwave
LyricalReferenceTo,7194,10515,0,Emo/Pop Punk,2002.0,Indie Pop
LyricalReferenceTo,7195,14781,0,Indie Folk,2029.0,Doom Metal
LyricalReferenceTo,7222,8055,0,Alternative Rock,2010.0,Alternative Rock
LyricalReferenceTo,7222,16162,0,Alternative Rock,2010.0,Emo/Pop Punk
LyricalReferenceTo,7222,632,0,Alternative Rock,2010.0,Alternative Rock
LyricalReferenceTo,7235,1841,0,Oceanus Folk,2023.0,Indie Folk
LyricalReferenceTo,7249,3596,0,Indie Pop,2023.0,Avant-Garde Folk
LyricalReferenceTo,7271,14510,0,Alternative Rock,2024.0,Southern Gothic Rock
LyricalReferenceTo,7271,11413,0,Alternative Rock,2024.0,Alternative Rock
LyricalReferenceTo,7278,71,0,Synthwave,2022.0,Indie Folk
LyricalReferenceTo,7278,13085,0,Synthwave,2022.0,Dream Pop
LyricalReferenceTo,7278,6960,0,Synthwave,2022.0,Dream Pop
LyricalReferenceTo,7278,438,0,Synthwave,2022.0,Dream Pop
LyricalReferenceTo,7278,8245,0,Synthwave,2022.0,Space Rock
LyricalReferenceTo,7278,12916,0,Synthwave,2022.0,Psychedelic Rock
LyricalReferenceTo,7278,15622,0,Synthwave,2022.0,Doom Metal
LyricalReferenceTo,7281,12678,0,Doom Metal,2017.0,Synthwave
LyricalReferenceTo,7311,4749,0,Blues Rock,2010.0,Emo/Pop Punk
LyricalReferenceTo,7325,7005,0,Emo/Pop Punk,2004.0,Emo/Pop Punk
LyricalReferenceTo,7336,438,0,Synthwave,2020.0,Dream Pop
LyricalReferenceTo,7344,6271,0,Alternative Rock,2010.0,Alternative Rock
LyricalReferenceTo,7345,7920,0,Alternative Rock,2017.0,Oceanus Folk
LyricalReferenceTo,7345,14266,0,Alternative Rock,2017.0,Indie Folk
LyricalReferenceTo,7351,14762,0,Desert Rock,2027.0,Oceanus Folk
LyricalReferenceTo,7361,11316,0,Alternative Rock,2000.0,Blues Rock
LyricalReferenceTo,7374,10185,0,Dream Pop,2028.0,Dream Pop
LyricalReferenceTo,7386,12382,0,Alternative Rock,2027.0,Alternative Rock
LyricalReferenceTo,7406,9085,0,Doom Metal,2020.0,Doom Metal
LyricalReferenceTo,7406,15129,0,Doom Metal,2020.0,Doom Metal
LyricalReferenceTo,7424,7005,0,Emo/Pop Punk,2014.0,Emo/Pop Punk
LyricalReferenceTo,7431,15622,0,Indie Folk,2017.0,Doom Metal
LyricalReferenceTo,7441,13563,0,Desert Rock,2030.0,Synthpop
LyricalReferenceTo,7441,7982,0,Desert Rock,2030.0,Oceanus Folk
LyricalReferenceTo,7469,3071,0,Dream Pop,2007.0,Alternative Rock
LyricalReferenceTo,7492,16457,0,Desert Rock,2027.0,Oceanus Folk
LyricalReferenceTo,7511,4501,0,Synthwave,2017.0,Doom Metal
LyricalReferenceTo,7517,8516,0,Indie Rock,2023.0,Psychedelic Rock
LyricalReferenceTo,7517,9884,0,Indie Rock,2023.0,Psychedelic Rock
LyricalReferenceTo,7540,11290,0,Synthwave,2012.0,Synthwave
LyricalReferenceTo,7568,1018,0,Avant-Garde Folk,2013.0,Alternative Rock
LyricalReferenceTo,7574,4932,0,Speed Metal,1989.0,Speed Metal
LyricalReferenceTo,7646,6643,0,Indie Folk,2017.0,Indie Folk
LyricalReferenceTo,7658,10600,0,Alternative Rock,2031.0,Alternative Rock
LyricalReferenceTo,7669,1293,0,Southern Gothic Rock,2017.0,Southern Gothic Rock
LyricalReferenceTo,7669,14658,0,Southern Gothic Rock,2017.0,Southern Gothic Rock
LyricalReferenceTo,7672,16211,0,Dream Pop,2025.0,Dream Pop
LyricalReferenceTo,7680,4666,0,Dream Pop,2015.0,Indie Folk
LyricalReferenceTo,7680,6899,0,Dream Pop,2015.0,Synthwave
LyricalReferenceTo,7687,13758,0,Oceanus Folk,2026.0,Indie Folk
LyricalReferenceTo,7693,15001,0,Dream Pop,2017.0,Indie Rock
LyricalReferenceTo,7739,16495,0,Southern Gothic Rock,2023.0,Southern Gothic Rock
LyricalReferenceTo,7739,13357,0,Southern Gothic Rock,2023.0,Southern Gothic Rock
LyricalReferenceTo,7739,5110,0,Southern Gothic Rock,2023.0,Indie Pop
LyricalReferenceTo,7740,15894,0,Southern Gothic Rock,2023.0,Indie Pop
LyricalReferenceTo,7740,9061,0,Southern Gothic Rock,2023.0,Southern Gothic Rock
LyricalReferenceTo,7740,10503,0,Southern Gothic Rock,2023.0,Southern Gothic Rock
LyricalReferenceTo,7763,5808,0,Jazz Surf Rock,2027.0,Indie Folk
LyricalReferenceTo,7793,6006,0,Synthwave,2023.0,Doom Metal
LyricalReferenceTo,7797,9089,0,Southern Gothic Rock,2030.0,Indie Pop
LyricalReferenceTo,7797,12866,0,Southern Gothic Rock,2030.0,Indie Pop
LyricalReferenceTo,7797,8372,0,Southern Gothic Rock,2030.0,Avant-Garde Folk
LyricalReferenceTo,7804,6949,0,Indie Folk,2020.0,Indie Rock
LyricalReferenceTo,7810,5680,0,Indie Rock,2028.0,Americana
LyricalReferenceTo,7826,7630,0,Speed Metal,2026.0,Speed Metal
LyricalReferenceTo,7838,4777,0,Synthwave,2020.0,Synthwave
LyricalReferenceTo,7861,12091,0,Alternative Rock,2025.0,Southern Gothic Rock
LyricalReferenceTo,7891,2751,0,Blues Rock,1995.0,Indie Pop
LyricalReferenceTo,7897,9884,0,Post-Apocalyptic Folk,2014.0,Psychedelic Rock
LyricalReferenceTo,7897,14322,0,Post-Apocalyptic Folk,2014.0,Post-Apocalyptic Folk
LyricalReferenceTo,7902,15622,0,Indie Folk,2017.0,Doom Metal
LyricalReferenceTo,7902,438,0,Indie Folk,2017.0,Dream Pop
LyricalReferenceTo,7958,9061,0,Southern Gothic Rock,2023.0,Southern Gothic Rock
LyricalReferenceTo,7961,13574,0,Synthwave,2026.0,Synthwave
LyricalReferenceTo,7966,14272,0,Dream Pop,2027.0,Dream Pop
LyricalReferenceTo,7969,3540,0,Indie Pop,2023.0,Indie Pop
LyricalReferenceTo,7971,3008,0,Dream Pop,2017.0,Dream Pop
LyricalReferenceTo,7999,13421,0,Alternative Rock,2025.0,Dream Pop
LyricalReferenceTo,8013,13430,0,Speed Metal,2004.0,Speed Metal
LyricalReferenceTo,8075,3743,0,Blues Rock,1990.0,Southern Gothic Rock
LyricalReferenceTo,8078,16702,0,Avant-Garde Folk,2011.0,Avant-Garde Folk
LyricalReferenceTo,8094,3962,0,Lo-Fi Electronica,2017.0,Speed Metal
LyricalReferenceTo,8099,12072,0,Dream Pop,2029.0,Psychedelic Rock
LyricalReferenceTo,8115,1121,0,Emo/Pop Punk,1999.0,Southern Gothic Rock
LyricalReferenceTo,8118,7116,0,Desert Rock,2023.0,Doom Metal
LyricalReferenceTo,8122,10909,0,Dream Pop,2029.0,Dream Pop
LyricalReferenceTo,8122,1863,0,Dream Pop,2029.0,Oceanus Folk
LyricalReferenceTo,8182,12794,0,Dream Pop,2029.0,Dream Pop
LyricalReferenceTo,8201,8862,0,Symphonic Metal,2023.0,Symphonic Metal
LyricalReferenceTo,8203,14994,0,Indie Folk,2023.0,Indie Folk
LyricalReferenceTo,8211,14944,0,Lo-Fi Electronica,2011.0,Lo-Fi Electronica
LyricalReferenceTo,8214,14438,0,Alternative Rock,2024.0,Alternative Rock
LyricalReferenceTo,8230,6315,0,Emo/Pop Punk,1989.0,Emo/Pop Punk
LyricalReferenceTo,8295,5854,0,Alternative Rock,2029.0,Indie Folk
LyricalReferenceTo,8307,9884,0,Jazz Surf Rock,2023.0,Psychedelic Rock
LyricalReferenceTo,8331,12382,0,Blues Rock,2018.0,Alternative Rock
LyricalReferenceTo,8348,14707,0,Synthwave,2023.0,Symphonic Metal
LyricalReferenceTo,8372,5455,0,Avant-Garde Folk,2007.0,Southern Gothic Rock
LyricalReferenceTo,8394,3350,0,Southern Gothic Rock,2012.0,Southern Gothic Rock
LyricalReferenceTo,8401,11097,0,Lo-Fi Electronica,2023.0,Darkwave
LyricalReferenceTo,8439,4178,0,Dream Pop,2025.0,Dream Pop
LyricalReferenceTo,8453,12691,0,Oceanus Folk,2026.0,Oceanus Folk
LyricalReferenceTo,8464,15622,0,Doom Metal,2010.0,Doom Metal
LyricalReferenceTo,8469,14700,0,Southern Gothic Rock,2026.0,Southern Gothic Rock
LyricalReferenceTo,8469,10141,0,Southern Gothic Rock,2026.0,Speed Metal
LyricalReferenceTo,8495,14670,0,Synthwave,2004.0,Alternative Rock
LyricalReferenceTo,8547,12079,0,Synthwave,2027.0,Synthwave
LyricalReferenceTo,8547,14035,0,Synthwave,2027.0,Doom Metal
LyricalReferenceTo,8553,7116,0,Indie Folk,2029.0,Doom Metal
LyricalReferenceTo,8560,14435,0,Indie Pop,2013.0,Indie Pop
LyricalReferenceTo,8599,15622,0,Post-Apocalyptic Folk,2013.0,Doom Metal
LyricalReferenceTo,8602,14322,0,Dream Pop,2026.0,Post-Apocalyptic Folk
LyricalReferenceTo,8604,12043,0,Synthwave,2026.0,Dream Pop
LyricalReferenceTo,8604,10659,0,Synthwave,2026.0,Dream Pop
LyricalReferenceTo,8624,7534,0,Darkwave,2024.0,Darkwave
LyricalReferenceTo,8636,7330,0,Dream Pop,2023.0,Synthwave
LyricalReferenceTo,8640,7534,0,Post-Apocalyptic Folk,2026.0,Darkwave
LyricalReferenceTo,8640,10567,0,Post-Apocalyptic Folk,2026.0,Space Rock
LyricalReferenceTo,8653,5540,0,Psychedelic Rock,2027.0,Dream Pop
LyricalReferenceTo,8655,9884,0,Oceanus Folk,2017.0,Psychedelic Rock
LyricalReferenceTo,8658,12242,0,Indie Pop,2020.0,Indie Pop
LyricalReferenceTo,8703,5238,0,Jazz Surf Rock,2029.0,Jazz Surf Rock
LyricalReferenceTo,8714,16524,0,Oceanus Folk,2025.0,Oceanus Folk
LyricalReferenceTo,8717,13681,0,Doom Metal,2017.0,Indie Folk
LyricalReferenceTo,8731,12375,0,Avant-Garde Folk,2020.0,Southern Gothic Rock
LyricalReferenceTo,8731,1018,0,Avant-Garde Folk,2020.0,Alternative Rock
LyricalReferenceTo,8731,9236,0,Avant-Garde Folk,2020.0,Southern Gothic Rock
LyricalReferenceTo,8732,8593,0,Synthwave,2015.0,Doom Metal
LyricalReferenceTo,8795,15383,0,Doom Metal,2020.0,Doom Metal
LyricalReferenceTo,8801,13379,0,Alternative Rock,2020.0,Alternative Rock
LyricalReferenceTo,8812,5663,0,Synthwave,1995.0,Indie Folk
LyricalReferenceTo,8820,14442,0,Jazz Surf Rock,2007.0,Jazz Surf Rock
LyricalReferenceTo,8845,7723,0,Blues Rock,2020.0,Southern Gothic Rock
LyricalReferenceTo,8845,12041,0,Blues Rock,2020.0,Southern Gothic Rock
LyricalReferenceTo,8877,10596,0,Indie Folk,2029.0,Indie Folk
LyricalReferenceTo,8888,15622,0,Indie Rock,2010.0,Doom Metal
LyricalReferenceTo,8910,3115,0,Southern Gothic Rock,2019.0,Indie Pop
LyricalReferenceTo,8914,14933,0,Indie Rock,2024.0,Indie Rock
LyricalReferenceTo,8927,9902,0,Indie Pop,2010.0,Indie Pop
LyricalReferenceTo,8930,15396,0,Emo/Pop Punk,2023.0,Avant-Garde Folk
LyricalReferenceTo,8930,3626,0,Emo/Pop Punk,2023.0,Emo/Pop Punk
LyricalReferenceTo,8945,4583,0,Speed Metal,2029.0,Speed Metal
LyricalReferenceTo,8949,3085,0,Alternative Rock,2024.0,Indie Pop
LyricalReferenceTo,8983,9096,0,Jazz Surf Rock,2029.0,Oceanus Folk
LyricalReferenceTo,8983,3053,0,Jazz Surf Rock,2029.0,Desert Rock
LyricalReferenceTo,8999,11365,0,Indie Pop,2029.0,Southern Gothic Rock
LyricalReferenceTo,9025,3451,0,Psychedelic Rock,2026.0,Psychedelic Rock
LyricalReferenceTo,9030,13302,0,Indie Rock,2026.0,Indie Rock
LyricalReferenceTo,9061,11354,0,Southern Gothic Rock,2019.0,Jazz Surf Rock
LyricalReferenceTo,9061,14510,0,Southern Gothic Rock,2019.0,Southern Gothic Rock
LyricalReferenceTo,9061,15894,0,Southern Gothic Rock,2019.0,Indie Pop
LyricalReferenceTo,9081,5887,0,Doom Metal,2017.0,Doom Metal
LyricalReferenceTo,9088,10417,0,Lo-Fi Electronica,2013.0,Lo-Fi Electronica
LyricalReferenceTo,9089,5455,0,Indie Pop,2007.0,Southern Gothic Rock
LyricalReferenceTo,9122,5643,0,Lo-Fi Electronica,2017.0,Lo-Fi Electronica
LyricalReferenceTo,9122,827,0,Lo-Fi Electronica,2017.0,Lo-Fi Electronica
LyricalReferenceTo,9165,533,0,Synthwave,2028.0,Dream Pop
LyricalReferenceTo,9165,8382,0,Synthwave,2028.0,Dream Pop
LyricalReferenceTo,9165,13117,0,Synthwave,2028.0,Space Rock
LyricalReferenceTo,9200,11256,0,Indie Folk,2027.0,Doom Metal
LyricalReferenceTo,9200,298,0,Indie Folk,2027.0,Indie Folk
LyricalReferenceTo,9204,10596,0,Desert Rock,2028.0,Indie Folk
LyricalReferenceTo,9209,16715,0,Synthwave,2013.0,Indie Folk
LyricalReferenceTo,9214,1841,0,Desert Rock,2028.0,Indie Folk
LyricalReferenceTo,9230,6051,0,Dream Pop,2018.0,Desert Rock
LyricalReferenceTo,9230,15622,0,Dream Pop,2018.0,Doom Metal
LyricalReferenceTo,9236,2615,0,Southern Gothic Rock,1992.0,Southern Gothic Rock
LyricalReferenceTo,9239,10236,0,Alternative Rock,2030.0,Alternative Rock
LyricalReferenceTo,9239,4870,0,Alternative Rock,2030.0,Speed Metal
LyricalReferenceTo,9284,3407,0,Blues Rock,2010.0,Southern Gothic Rock
LyricalReferenceTo,9300,7736,0,Jazz Surf Rock,2024.0,Jazz Surf Rock
LyricalReferenceTo,9330,13804,0,Dream Pop,2007.0,Dream Pop
LyricalReferenceTo,9337,12719,0,Indie Folk,1997.0,Dream Pop
LyricalReferenceTo,9360,11127,0,Dream Pop,2023.0,Psychedelic Rock
LyricalReferenceTo,9387,10419,0,Dream Pop,2007.0,Dream Pop
LyricalReferenceTo,9397,14291,0,Synthwave,2017.0,Americana
LyricalReferenceTo,9414,14118,0,Doom Metal,2024.0,Indie Folk
LyricalReferenceTo,9414,9966,0,Doom Metal,2024.0,Indie Folk
LyricalReferenceTo,9428,16580,0,Lo-Fi Electronica,2021.0,Lo-Fi Electronica
LyricalReferenceTo,9446,16524,0,Desert Rock,2027.0,Oceanus Folk
LyricalReferenceTo,9449,16585,0,Darkwave,1997.0,Darkwave
LyricalReferenceTo,9465,4046,0,Synthwave,2020.0,Jazz Surf Rock
LyricalReferenceTo,9474,4361,0,Dream Pop,2026.0,Dream Pop
LyricalReferenceTo,9474,14670,0,Dream Pop,2026.0,Alternative Rock
LyricalReferenceTo,9489,1841,0,Indie Folk,2029.0,Indie Folk
LyricalReferenceTo,9493,9090,0,Oceanus Folk,2029.0,Oceanus Folk
LyricalReferenceTo,9513,1461,0,Dream Pop,2004.0,Dream Pop
LyricalReferenceTo,9516,9884,0,Psychedelic Rock,2019.0,Psychedelic Rock
LyricalReferenceTo,9542,445,0,Synthwave,2022.0,Psychedelic Rock
LyricalReferenceTo,9564,6675,0,Dream Pop,2029.0,Jazz Surf Rock
LyricalReferenceTo,9570,15501,0,Synthwave,2011.0,Indie Folk
LyricalReferenceTo,9586,10090,0,Indie Pop,2013.0,Southern Gothic Rock
LyricalReferenceTo,9587,12729,0,Space Rock,2028.0,Doom Metal
LyricalReferenceTo,9587,11056,0,Space Rock,2028.0,Doom Metal
LyricalReferenceTo,9622,15298,0,Dream Pop,2022.0,Dream Pop
LyricalReferenceTo,9628,1841,0,Desert Rock,2029.0,Indie Folk
LyricalReferenceTo,9628,6611,0,Desert Rock,2029.0,Oceanus Folk
LyricalReferenceTo,9631,14198,0,Desert Rock,2029.0,Oceanus Folk
LyricalReferenceTo,9637,15622,0,Dream Pop,2019.0,Doom Metal
LyricalReferenceTo,9641,9068,0,Alternative Rock,2012.0,Blues Rock
LyricalReferenceTo,9647,13046,0,Southern Gothic Rock,2006.0,Southern Gothic Rock
LyricalReferenceTo,9669,12961,0,Synthwave,2026.0,Dream Pop
LyricalReferenceTo,9677,3747,0,Indie Pop,1993.0,Southern Gothic Rock
LyricalReferenceTo,9681,10461,0,Indie Folk,2017.0,Dream Pop
LyricalReferenceTo,9696,14118,0,Synthwave,2020.0,Indie Folk
LyricalReferenceTo,9696,5777,0,Synthwave,2020.0,Indie Folk
LyricalReferenceTo,9696,10673,0,Synthwave,2020.0,Doom Metal
LyricalReferenceTo,9696,7116,0,Synthwave,2020.0,Doom Metal
LyricalReferenceTo,9705,15408,0,Indie Pop,2017.0,Indie Pop
LyricalReferenceTo,9719,16724,0,Speed Metal,2017.0,Speed Metal
LyricalReferenceTo,9723,5142,0,Psychedelic Rock,2000.0,Psychedelic Rock
LyricalReferenceTo,9759,7116,0,Synthwave,2029.0,Doom Metal
LyricalReferenceTo,9788,15156,0,Synthwave,2027.0,Doom Metal
LyricalReferenceTo,9795,1508,0,Indie Folk,2027.0,Doom Metal
LyricalReferenceTo,9803,6006,0,Doom Metal,2007.0,Doom Metal
LyricalReferenceTo,9807,14768,0,Lo-Fi Electronica,2017.0,Lo-Fi Electronica
LyricalReferenceTo,9807,10417,0,Lo-Fi Electronica,2017.0,Lo-Fi Electronica
LyricalReferenceTo,9823,5295,0,Dream Pop,2010.0,Doom Metal
LyricalReferenceTo,9834,9165,0,Indie Rock,2029.0,Synthwave
LyricalReferenceTo,9849,16093,0,Indie Folk,2029.0,Indie Folk
LyricalReferenceTo,9861,3025,0,Desert Rock,2026.0,Oceanus Folk
LyricalReferenceTo,9871,10402,0,Dream Pop,2012.0,Alternative Rock
LyricalReferenceTo,9871,5074,0,Dream Pop,2012.0,Dream Pop
LyricalReferenceTo,9873,13681,0,Indie Folk,2020.0,Indie Folk
LyricalReferenceTo,9895,14670,0,Synthwave,1989.0,Alternative Rock
LyricalReferenceTo,9899,8816,0,Desert Rock,2013.0,Dream Pop
LyricalReferenceTo,9909,13772,0,Doom Metal,2013.0,Doom Metal
LyricalReferenceTo,9916,4006,0,Indie Rock,2018.0,Indie Rock
LyricalReferenceTo,9916,1857,0,Indie Rock,2018.0,Indie Rock
LyricalReferenceTo,9918,5351,0,Psychedelic Rock,2018.0,Dream Pop
LyricalReferenceTo,9919,15738,0,Synthwave,2023.0,Synthwave
LyricalReferenceTo,9958,81,0,Indie Rock,2004.0,Indie Pop
LyricalReferenceTo,9967,5004,0,Jazz Surf Rock,2028.0,Synthwave
LyricalReferenceTo,10004,14987,0,Symphonic Metal,2026.0,Doom Metal
LyricalReferenceTo,10023,995,0,Dream Pop,2026.0,Psychedelic Rock
LyricalReferenceTo,10023,11768,0,Dream Pop,2026.0,Dream Pop
LyricalReferenceTo,10035,445,0,Post-Apocalyptic Folk,2026.0,Psychedelic Rock
LyricalReferenceTo,10045,2768,0,Alternative Rock,2018.0,Alternative Rock
LyricalReferenceTo,10055,9186,0,Dream Pop,2023.0,Oceanus Folk
LyricalReferenceTo,10063,6869,0,Post-Apocalyptic Folk,2024.0,Darkwave
LyricalReferenceTo,10081,8888,0,Doom Metal,2013.0,Indie Rock
LyricalReferenceTo,10085,9586,0,Southern Gothic Rock,2021.0,Indie Pop
LyricalReferenceTo,10085,5110,0,Southern Gothic Rock,2021.0,Indie Pop
LyricalReferenceTo,10085,15744,0,Southern Gothic Rock,2021.0,Indie Pop
LyricalReferenceTo,10085,2595,0,Southern Gothic Rock,2021.0,Indie Pop
LyricalReferenceTo,10090,2595,0,Southern Gothic Rock,1998.0,Indie Pop
LyricalReferenceTo,10090,6745,0,Southern Gothic Rock,1998.0,Indie Pop
LyricalReferenceTo,10090,5110,0,Southern Gothic Rock,1998.0,Indie Pop
LyricalReferenceTo,10098,1915,0,Darkwave,2029.0,Synthwave
LyricalReferenceTo,10098,11225,0,Darkwave,2029.0,Synthwave
LyricalReferenceTo,10098,16354,0,Darkwave,2029.0,Darkwave
LyricalReferenceTo,10111,438,0,Darkwave,2019.0,Dream Pop
LyricalReferenceTo,10114,14670,0,Indie Folk,1991.0,Alternative Rock
LyricalReferenceTo,10121,13481,0,Lo-Fi Electronica,2007.0,Lo-Fi Electronica
LyricalReferenceTo,10124,2299,0,Indie Folk,2010.0,Blues Rock
LyricalReferenceTo,10128,10709,0,Desert Rock,2023.0,Dream Pop
LyricalReferenceTo,10142,10704,0,Doom Metal,2029.0,Indie Rock
LyricalReferenceTo,10142,9999,0,Doom Metal,2029.0,Indie Folk
LyricalReferenceTo,10142,14875,0,Doom Metal,2029.0,Indie Folk
LyricalReferenceTo,10160,8396,0,Indie Folk,2028.0,Oceanus Folk
LyricalReferenceTo,10169,11251,0,Doom Metal,2023.0,Indie Folk
LyricalReferenceTo,10179,6368,0,Jazz Surf Rock,2029.0,Synthwave
LyricalReferenceTo,10192,2848,0,Lo-Fi Electronica,2019.0,Lo-Fi Electronica
LyricalReferenceTo,10194,2942,0,Southern Gothic Rock,2023.0,Southern Gothic Rock
LyricalReferenceTo,10197,9116,0,Doom Metal,2029.0,Doom Metal
LyricalReferenceTo,10215,13721,0,Dream Pop,2026.0,Doom Metal
LyricalReferenceTo,10222,13681,0,Dream Pop,2020.0,Indie Folk
LyricalReferenceTo,10226,14670,0,Indie Folk,1991.0,Alternative Rock
LyricalReferenceTo,10229,13430,0,Speed Metal,2017.0,Speed Metal
LyricalReferenceTo,10247,11984,0,Southern Gothic Rock,2013.0,Blues Rock
LyricalReferenceTo,10258,16524,0,Indie Folk,2023.0,Oceanus Folk
LyricalReferenceTo,10259,13260,0,Jazz Surf Rock,2028.0,Indie Folk
LyricalReferenceTo,10266,4046,0,Indie Folk,2020.0,Jazz Surf Rock
LyricalReferenceTo,10270,11024,0,Post-Apocalyptic Folk,2026.0,Americana
LyricalReferenceTo,10270,14720,0,Post-Apocalyptic Folk,2026.0,Oceanus Folk
LyricalReferenceTo,10283,12397,0,Indie Folk,2023.0,Dream Pop
LyricalReferenceTo,10294,1955,0,Emo/Pop Punk,2002.0,Emo/Pop Punk
LyricalReferenceTo,10310,10282,0,Dream Pop,2020.0,Alternative Rock
LyricalReferenceTo,10337,1977,0,Doom Metal,2007.0,Indie Folk
LyricalReferenceTo,10342,10281,0,Dream Pop,2017.0,Synthwave
LyricalReferenceTo,10366,14527,0,Emo/Pop Punk,2015.0,Emo/Pop Punk
LyricalReferenceTo,10366,9473,0,Emo/Pop Punk,2015.0,Emo/Pop Punk
LyricalReferenceTo,10366,6245,0,Emo/Pop Punk,2015.0,Emo/Pop Punk
LyricalReferenceTo,10388,11210,0,Doom Metal,1991.0,Doom Metal
LyricalReferenceTo,10388,14961,0,Doom Metal,1991.0,Synthwave
LyricalReferenceTo,10398,15622,0,Indie Folk,2013.0,Doom Metal
LyricalReferenceTo,10402,2510,0,Alternative Rock,2010.0,Dream Pop
LyricalReferenceTo,10415,13399,0,Indie Folk,2017.0,Indie Folk
LyricalReferenceTo,10417,11677,0,Lo-Fi Electronica,2010.0,Lo-Fi Electronica
LyricalReferenceTo,10426,16524,0,Oceanus Folk,2026.0,Oceanus Folk
LyricalReferenceTo,10453,4609,0,Southern Gothic Rock,2026.0,Avant-Garde Folk
LyricalReferenceTo,10478,13985,0,Lo-Fi Electronica,2032.0,Lo-Fi Electronica
LyricalReferenceTo,10505,11251,0,Jazz Surf Rock,2027.0,Indie Folk
LyricalReferenceTo,10505,2486,0,Jazz Surf Rock,2027.0,Doom Metal
LyricalReferenceTo,10532,12397,0,Synthwave,2024.0,Dream Pop
LyricalReferenceTo,10544,13055,0,Jazz Surf Rock,2027.0,Jazz Surf Rock
LyricalReferenceTo,10600,14610,0,Alternative Rock,2005.0,Southern Gothic Rock
LyricalReferenceTo,10612,16517,0,Southern Gothic Rock,2012.0,Southern Gothic Rock
LyricalReferenceTo,10616,12594,0,Indie Folk,2013.0,Dream Pop
LyricalReferenceTo,10628,8018,0,Synthpop,2020.0,Synthwave
LyricalReferenceTo,10632,611,0,Indie Folk,2013.0,Indie Folk
LyricalReferenceTo,10641,2215,0,Dream Pop,2027.0,Americana
LyricalReferenceTo,10657,4283,0,Dream Pop,2017.0,Dream Pop
LyricalReferenceTo,10659,8245,0,Dream Pop,2025.0,Space Rock
LyricalReferenceTo,10662,11276,0,Dream Pop,2029.0,Dream Pop
LyricalReferenceTo,10673,6006,0,Doom Metal,2013.0,Doom Metal
LyricalReferenceTo,10685,8888,0,Doom Metal,2020.0,Indie Rock
LyricalReferenceTo,10726,6368,0,Indie Folk,2010.0,Synthwave
LyricalReferenceTo,10728,2608,0,Synthwave,2023.0,Doom Metal
LyricalReferenceTo,10730,9884,0,Psychedelic Rock,2013.0,Psychedelic Rock
LyricalReferenceTo,10759,1293,0,Avant-Garde Folk,2017.0,Southern Gothic Rock
LyricalReferenceTo,10759,3349,0,Avant-Garde Folk,2017.0,Indie Pop
LyricalReferenceTo,10759,1772,0,Avant-Garde Folk,2017.0,Southern Gothic Rock
LyricalReferenceTo,10767,16367,0,Dream Pop,2027.0,Darkwave
LyricalReferenceTo,10777,14987,0,Space Rock,2029.0,Doom Metal
LyricalReferenceTo,10812,2331,0,Emo/Pop Punk,2017.0,Blues Rock
LyricalReferenceTo,10812,6837,0,Emo/Pop Punk,2017.0,Avant-Garde Folk
LyricalReferenceTo,10840,2720,0,Speed Metal,2026.0,Alternative Rock
LyricalReferenceTo,10840,15343,0,Speed Metal,2026.0,Speed Metal
LyricalReferenceTo,10855,10342,0,Dream Pop,2023.0,Dream Pop
LyricalReferenceTo,10893,4849,0,Psychedelic Rock,2013.0,Synthwave
LyricalReferenceTo,10903,3433,0,Dream Pop,2028.0,Indie Folk
LyricalReferenceTo,10928,4604,0,Dream Pop,2022.0,Indie Folk
LyricalReferenceTo,10941,8615,0,Indie Rock,2025.0,Indie Folk
LyricalReferenceTo,10944,4541,0,Dream Pop,2026.0,Psychedelic Rock
LyricalReferenceTo,10994,12233,0,Southern Gothic Rock,2017.0,Indie Pop
LyricalReferenceTo,11001,16635,0,Dream Pop,2017.0,Dream Pop
LyricalReferenceTo,11005,12365,0,Indie Folk,2017.0,Americana
LyricalReferenceTo,11010,15622,0,Doom Metal,2017.0,Doom Metal
LyricalReferenceTo,11022,7531,0,Southern Gothic Rock,2002.0,Southern Gothic Rock
LyricalReferenceTo,11037,4849,0,Psychedelic Rock,2014.0,Synthwave
LyricalReferenceTo,11050,10358,0,Doom Metal,2010.0,Doom Metal
LyricalReferenceTo,11104,10593,0,Indie Folk,2027.0,Indie Rock
LyricalReferenceTo,11104,6008,0,Indie Folk,2027.0,Indie Rock
LyricalReferenceTo,11109,2068,0,Emo/Pop Punk,2012.0,Southern Gothic Rock
LyricalReferenceTo,11109,5110,0,Emo/Pop Punk,2012.0,Indie Pop
LyricalReferenceTo,11130,16276,0,Space Rock,2027.0,Oceanus Folk
LyricalReferenceTo,11130,9810,0,Space Rock,2027.0,Americana
LyricalReferenceTo,11156,1884,0,Doom Metal,2023.0,Doom Metal
LyricalReferenceTo,11159,11354,0,Emo/Pop Punk,2023.0,Jazz Surf Rock
LyricalReferenceTo,11166,7763,0,Dream Pop,2028.0,Jazz Surf Rock
LyricalReferenceTo,11174,11984,0,Southern Gothic Rock,2016.0,Blues Rock
LyricalReferenceTo,11184,12043,0,Dream Pop,2028.0,Dream Pop
LyricalReferenceTo,11206,13781,0,Indie Rock,2026.0,Synthwave
LyricalReferenceTo,11236,13628,0,Alternative Rock,2028.0,Speed Metal
LyricalReferenceTo,11244,7325,0,Alternative Rock,2007.0,Emo/Pop Punk
LyricalReferenceTo,11246,14157,0,Southern Gothic Rock,2007.0,Blues Rock
LyricalReferenceTo,11249,12611,0,Indie Rock,2026.0,Indie Rock
LyricalReferenceTo,11254,15622,0,Indie Folk,2017.0,Doom Metal
LyricalReferenceTo,11275,1845,0,Dream Pop,2013.0,Synthpop
LyricalReferenceTo,11299,4357,0,Avant-Garde Folk,2009.0,Avant-Garde Folk
LyricalReferenceTo,11331,10281,0,Dream Pop,2025.0,Synthwave
LyricalReferenceTo,11331,9335,0,Dream Pop,2025.0,Indie Rock
LyricalReferenceTo,11352,7671,0,Indie Pop,1994.0,Alternative Rock
LyricalReferenceTo,11354,2034,0,Jazz Surf Rock,2013.0,Jazz Surf Rock
LyricalReferenceTo,11357,13421,0,Alternative Rock,2026.0,Dream Pop
LyricalReferenceTo,11363,16517,0,Blues Rock,2010.0,Southern Gothic Rock
LyricalReferenceTo,11363,13046,0,Blues Rock,2010.0,Southern Gothic Rock
LyricalReferenceTo,11369,3562,0,Jazz Surf Rock,2022.0,Dream Pop
LyricalReferenceTo,11371,16445,0,Space Rock,2027.0,Dream Pop
LyricalReferenceTo,11371,6423,0,Space Rock,2027.0,Indie Folk
LyricalReferenceTo,11381,15488,0,Americana,2020.0,Americana
LyricalReferenceTo,11405,3252,0,Psychedelic Rock,2020.0,Psychedelic Rock
LyricalReferenceTo,11415,8640,0,Darkwave,2026.0,Post-Apocalyptic Folk
LyricalReferenceTo,11424,6006,0,Doom Metal,2010.0,Doom Metal
LyricalReferenceTo,11438,15332,0,Indie Pop,2022.0,Indie Pop
LyricalReferenceTo,11439,14037,0,Southern Gothic Rock,2025.0,Southern Gothic Rock
LyricalReferenceTo,11442,3479,0,Dream Pop,2026.0,Space Rock
LyricalReferenceTo,11449,5232,0,Emo/Pop Punk,2010.0,Emo/Pop Punk
LyricalReferenceTo,11449,13557,0,Emo/Pop Punk,2010.0,Emo/Pop Punk
LyricalReferenceTo,11450,5238,0,Jazz Surf Rock,2019.0,Jazz Surf Rock
LyricalReferenceTo,11453,8055,0,Dream Pop,2023.0,Alternative Rock
LyricalReferenceTo,11453,16297,0,Dream Pop,2023.0,Emo/Pop Punk
LyricalReferenceTo,11457,9385,0,Symphonic Metal,2023.0,Americana
LyricalReferenceTo,11459,10673,0,Post-Apocalyptic Folk,2026.0,Doom Metal
LyricalReferenceTo,11463,5802,0,Alternative Rock,2017.0,Indie Pop
LyricalReferenceTo,11467,2167,0,Lo-Fi Electronica,2013.0,Lo-Fi Electronica
LyricalReferenceTo,11477,11327,0,Lo-Fi Electronica,2021.0,Lo-Fi Electronica
LyricalReferenceTo,11477,827,0,Lo-Fi Electronica,2021.0,Lo-Fi Electronica
LyricalReferenceTo,11477,5994,0,Lo-Fi Electronica,2021.0,Southern Gothic Rock
LyricalReferenceTo,11477,5214,0,Lo-Fi Electronica,2021.0,Lo-Fi Electronica
LyricalReferenceTo,11495,9716,0,Americana,2015.0,Americana
LyricalReferenceTo,11499,14291,0,Dream Pop,2029.0,Americana
LyricalReferenceTo,11515,4046,0,Oceanus Folk,2025.0,Jazz Surf Rock
LyricalReferenceTo,11520,5051,0,Emo/Pop Punk,2007.0,Emo/Pop Punk
LyricalReferenceTo,11520,10294,0,Emo/Pop Punk,2007.0,Emo/Pop Punk
LyricalReferenceTo,11520,6315,0,Emo/Pop Punk,2007.0,Emo/Pop Punk
LyricalReferenceTo,11532,5028,0,Alternative Rock,2013.0,Alternative Rock
LyricalReferenceTo,11532,14438,0,Alternative Rock,2013.0,Alternative Rock
LyricalReferenceTo,11533,11730,0,Doom Metal,2020.0,Indie Folk
LyricalReferenceTo,11550,7897,0,Dream Pop,2020.0,Post-Apocalyptic Folk
LyricalReferenceTo,11550,9884,0,Dream Pop,2020.0,Psychedelic Rock
LyricalReferenceTo,11608,16048,0,Americana,2024.0,Dream Pop
LyricalReferenceTo,11617,4126,0,Speed Metal,2023.0,Speed Metal
LyricalReferenceTo,11623,4046,0,Jazz Surf Rock,2026.0,Jazz Surf Rock
LyricalReferenceTo,11646,12237,0,Alternative Rock,2030.0,Indie Rock
LyricalReferenceTo,11679,3991,0,Oceanus Folk,2026.0,Synthwave
LyricalReferenceTo,11680,15702,0,Speed Metal,2003.0,Speed Metal
LyricalReferenceTo,11706,6513,0,Space Rock,2029.0,Psychedelic Rock
LyricalReferenceTo,11719,5565,0,Doom Metal,2024.0,Dream Pop
LyricalReferenceTo,11726,10673,0,Indie Folk,2017.0,Doom Metal
LyricalReferenceTo,11744,14989,0,Indie Rock,2017.0,Indie Rock
LyricalReferenceTo,11744,8190,0,Indie Rock,2017.0,Indie Rock
LyricalReferenceTo,11749,3025,0,Space Rock,2024.0,Oceanus Folk
LyricalReferenceTo,11780,11678,0,Dream Pop,2027.0,Indie Folk
LyricalReferenceTo,11780,16491,0,Dream Pop,2027.0,Indie Folk
LyricalReferenceTo,11801,14024,0,Synthwave,2029.0,Americana
LyricalReferenceTo,11819,4770,0,Dream Pop,2025.0,Synthwave
LyricalReferenceTo,11826,7630,0,Speed Metal,2025.0,Speed Metal
LyricalReferenceTo,11847,10747,0,Dream Pop,2023.0,Dream Pop
LyricalReferenceTo,11847,8245,0,Dream Pop,2023.0,Space Rock
LyricalReferenceTo,11851,5029,0,Dream Pop,2032.0,Desert Rock
LyricalReferenceTo,11870,3025,0,Indie Folk,2028.0,Oceanus Folk
LyricalReferenceTo,11878,15104,0,Alternative Rock,2023.0,Southern Gothic Rock
LyricalReferenceTo,11896,14851,0,Alternative Rock,2013.0,Blues Rock
LyricalReferenceTo,11936,6245,0,Emo/Pop Punk,2029.0,Emo/Pop Punk
LyricalReferenceTo,11936,16297,0,Emo/Pop Punk,2029.0,Emo/Pop Punk
LyricalReferenceTo,11936,1955,0,Emo/Pop Punk,2029.0,Emo/Pop Punk
LyricalReferenceTo,11936,4411,0,Emo/Pop Punk,2029.0,Southern Gothic Rock
LyricalReferenceTo,11936,11984,0,Emo/Pop Punk,2029.0,Blues Rock
LyricalReferenceTo,11972,6427,0,Desert Rock,2026.0,Synthwave
LyricalReferenceTo,11978,1841,0,Oceanus Folk,2023.0,Indie Folk
LyricalReferenceTo,11985,12727,0,Indie Folk,2020.0,Synthwave
LyricalReferenceTo,11998,11097,0,Darkwave,2019.0,Darkwave
LyricalReferenceTo,12001,3282,0,Post-Apocalyptic Folk,2026.0,Synthwave
LyricalReferenceTo,12008,5643,0,Lo-Fi Electronica,2014.0,Lo-Fi Electronica
LyricalReferenceTo,12008,966,0,Lo-Fi Electronica,2014.0,Lo-Fi Electronica
LyricalReferenceTo,12008,2167,0,Lo-Fi Electronica,2014.0,Lo-Fi Electronica
LyricalReferenceTo,12009,15622,0,Americana,2022.0,Doom Metal
LyricalReferenceTo,12013,2768,0,Alternative Rock,2026.0,Alternative Rock
LyricalReferenceTo,12020,6368,0,Synthwave,2004.0,Synthwave
LyricalReferenceTo,12031,13258,0,Dream Pop,2029.0,Americana
LyricalReferenceTo,12042,4854,0,Southern Gothic Rock,2014.0,Southern Gothic Rock
LyricalReferenceTo,12042,6745,0,Southern Gothic Rock,2014.0,Indie Pop
LyricalReferenceTo,12045,4604,0,Psychedelic Rock,2024.0,Indie Folk
LyricalReferenceTo,12061,5029,0,Dream Pop,2029.0,Desert Rock
LyricalReferenceTo,12067,9651,0,Oceanus Folk,2024.0,Indie Folk
LyricalReferenceTo,12099,3387,0,Lo-Fi Electronica,2022.0,Lo-Fi Electronica
LyricalReferenceTo,12100,11363,0,Indie Pop,2013.0,Blues Rock
LyricalReferenceTo,12105,15456,0,Southern Gothic Rock,2017.0,Southern Gothic Rock
LyricalReferenceTo,12105,15744,0,Southern Gothic Rock,2017.0,Indie Pop
LyricalReferenceTo,12130,16248,0,Dream Pop,2007.0,Alternative Rock
LyricalReferenceTo,12130,7531,0,Dream Pop,2007.0,Southern Gothic Rock
LyricalReferenceTo,12131,445,0,Psychedelic Rock,2023.0,Psychedelic Rock
LyricalReferenceTo,12138,3025,0,Oceanus Folk,2030.0,Oceanus Folk
LyricalReferenceTo,12156,15622,0,Indie Folk,2013.0,Doom Metal
LyricalReferenceTo,12161,1539,0,Indie Pop,2021.0,Indie Pop
LyricalReferenceTo,12161,1249,0,Indie Pop,2021.0,Indie Pop
LyricalReferenceTo,12161,7099,0,Indie Pop,2021.0,Avant-Garde Folk
LyricalReferenceTo,12179,14795,0,Post-Apocalyptic Folk,2029.0,Psychedelic Rock
LyricalReferenceTo,12196,9637,0,Dream Pop,2024.0,Dream Pop
LyricalReferenceTo,12199,15622,0,Doom Metal,2007.0,Doom Metal
LyricalReferenceTo,12199,6006,0,Doom Metal,2007.0,Doom Metal
LyricalReferenceTo,12202,11354,0,Jazz Surf Rock,2018.0,Jazz Surf Rock
LyricalReferenceTo,12202,2034,0,Jazz Surf Rock,2018.0,Jazz Surf Rock
LyricalReferenceTo,12250,15622,0,Americana,2025.0,Doom Metal
LyricalReferenceTo,12282,11251,0,Americana,2027.0,Indie Folk
LyricalReferenceTo,12282,12650,0,Americana,2027.0,Synthwave
LyricalReferenceTo,12292,14304,0,Doom Metal,2023.0,Indie Rock
LyricalReferenceTo,12313,16478,0,Dream Pop,2025.0,Psychedelic Rock
LyricalReferenceTo,12313,4547,0,Dream Pop,2025.0,Psychedelic Rock
LyricalReferenceTo,12316,9884,0,Dream Pop,2021.0,Psychedelic Rock
LyricalReferenceTo,12328,39,0,Space Rock,2026.0,Indie Folk
LyricalReferenceTo,12333,8593,0,Doom Metal,2013.0,Doom Metal
LyricalReferenceTo,12344,6158,0,Alternative Rock,2021.0,Avant-Garde Folk
LyricalReferenceTo,12344,6864,0,Alternative Rock,2021.0,Avant-Garde Folk
LyricalReferenceTo,12344,1018,0,Alternative Rock,2021.0,Alternative Rock
LyricalReferenceTo,12346,8872,0,Speed Metal,2009.0,Speed Metal
LyricalReferenceTo,12347,13632,0,Darkwave,2026.0,Darkwave
LyricalReferenceTo,12347,9749,0,Darkwave,2026.0,Synthwave
LyricalReferenceTo,12358,298,0,Symphonic Metal,2029.0,Indie Folk
LyricalReferenceTo,12369,11472,0,Dream Pop,2025.0,Dream Pop
LyricalReferenceTo,12369,2755,0,Dream Pop,2025.0,Indie Folk
LyricalReferenceTo,12373,966,0,Lo-Fi Electronica,2005.0,Lo-Fi Electronica
LyricalReferenceTo,12375,3106,0,Southern Gothic Rock,2007.0,Southern Gothic Rock
LyricalReferenceTo,12375,9236,0,Southern Gothic Rock,2007.0,Southern Gothic Rock
LyricalReferenceTo,12386,10444,0,Indie Folk,2029.0,Indie Folk
LyricalReferenceTo,12395,11839,0,Indie Folk,2020.0,Indie Folk
LyricalReferenceTo,12410,7197,0,Doom Metal,2029.0,Symphonic Metal
LyricalReferenceTo,12410,8428,0,Doom Metal,2029.0,Indie Folk
LyricalReferenceTo,12418,7763,0,Post-Apocalyptic Folk,2028.0,Jazz Surf Rock
LyricalReferenceTo,12422,11290,0,Synthwave,2014.0,Synthwave
LyricalReferenceTo,12429,14964,0,Jazz Surf Rock,2028.0,Dream Pop
LyricalReferenceTo,12434,917,0,Psychedelic Rock,2023.0,Psychedelic Rock
LyricalReferenceTo,12451,13991,0,Dream Pop,2024.0,Doom Metal
LyricalReferenceTo,12478,16710,0,Dream Pop,2028.0,Dream Pop
LyricalReferenceTo,12489,10417,0,Lo-Fi Electronica,2023.0,Lo-Fi Electronica
LyricalReferenceTo,12489,2848,0,Lo-Fi Electronica,2023.0,Lo-Fi Electronica
LyricalReferenceTo,12497,581,0,Dream Pop,2004.0,Dream Pop
LyricalReferenceTo,12524,1841,0,Oceanus Folk,2030.0,Indie Folk
LyricalReferenceTo,12531,4008,0,Dream Pop,2000.0,Dream Pop
LyricalReferenceTo,12535,12550,0,Darkwave,2027.0,Dream Pop
LyricalReferenceTo,12538,6635,0,Symphonic Metal,2014.0,Doom Metal
LyricalReferenceTo,12558,3008,0,Dream Pop,2026.0,Dream Pop
LyricalReferenceTo,12564,4596,0,Indie Rock,2029.0,Synthwave
LyricalReferenceTo,12564,5318,0,Indie Rock,2029.0,Doom Metal
LyricalReferenceTo,12577,2277,0,Lo-Fi Electronica,2020.0,Lo-Fi Electronica
LyricalReferenceTo,12582,11574,0,Synthwave,2020.0,Indie Rock
LyricalReferenceTo,12582,14965,0,Synthwave,2020.0,Doom Metal
LyricalReferenceTo,12582,16212,0,Synthwave,2020.0,Doom Metal
LyricalReferenceTo,12593,1113,0,Americana,2000.0,Americana
LyricalReferenceTo,12613,5425,0,Desert Rock,2020.0,Doom Metal
LyricalReferenceTo,12622,10412,0,Darkwave,2027.0,Post-Apocalyptic Folk
LyricalReferenceTo,12633,12678,0,Indie Folk,2027.0,Synthwave
LyricalReferenceTo,12661,7913,0,Dream Pop,2014.0,Dream Pop
LyricalReferenceTo,12678,5295,0,Synthwave,2013.0,Doom Metal
LyricalReferenceTo,12678,9488,0,Synthwave,2013.0,Synthwave
LyricalReferenceTo,12689,14512,0,Lo-Fi Electronica,2024.0,Lo-Fi Electronica
LyricalReferenceTo,12692,10434,0,Speed Metal,2016.0,Speed Metal
LyricalReferenceTo,12694,13158,0,Dream Pop,2029.0,Dream Pop
LyricalReferenceTo,12694,14177,0,Dream Pop,2029.0,Americana
LyricalReferenceTo,12744,8881,0,Synthwave,2030.0,Oceanus Folk
LyricalReferenceTo,12750,2167,0,Lo-Fi Electronica,2019.0,Lo-Fi Electronica
LyricalReferenceTo,12750,9122,0,Lo-Fi Electronica,2019.0,Lo-Fi Electronica
LyricalReferenceTo,12750,12008,0,Lo-Fi Electronica,2019.0,Lo-Fi Electronica
LyricalReferenceTo,12776,13681,0,Desert Rock,2020.0,Indie Folk
LyricalReferenceTo,12788,4430,0,Dream Pop,2020.0,Jazz Surf Rock
LyricalReferenceTo,12812,15206,0,Indie Folk,2015.0,Doom Metal
LyricalReferenceTo,12837,9884,0,Indie Folk,2027.0,Psychedelic Rock
LyricalReferenceTo,12866,3123,0,Indie Pop,2007.0,Indie Pop
LyricalReferenceTo,12867,11740,0,Indie Rock,2017.0,Indie Rock
LyricalReferenceTo,12877,995,0,Space Rock,2025.0,Psychedelic Rock
LyricalReferenceTo,12892,11701,0,Indie Folk,2020.0,Doom Metal
LyricalReferenceTo,12896,11984,0,Southern Gothic Rock,2011.0,Blues Rock
LyricalReferenceTo,12914,5887,0,Doom Metal,2017.0,Doom Metal
LyricalReferenceTo,12920,15983,0,Avant-Garde Folk,2025.0,Avant-Garde Folk
LyricalReferenceTo,12920,9774,0,Avant-Garde Folk,2025.0,Avant-Garde Folk
LyricalReferenceTo,12963,14921,0,Post-Apocalyptic Folk,2028.0,Dream Pop
LyricalReferenceTo,12971,15539,0,Dream Pop,2016.0,Dream Pop
LyricalReferenceTo,12976,14464,0,Doom Metal,2015.0,Doom Metal
LyricalReferenceTo,12983,12025,0,Lo-Fi Electronica,2023.0,Lo-Fi Electronica
LyricalReferenceTo,12986,2567,0,Post-Apocalyptic Folk,2023.0,Post-Apocalyptic Folk
LyricalReferenceTo,12986,445,0,Post-Apocalyptic Folk,2023.0,Psychedelic Rock
LyricalReferenceTo,12991,14920,0,Doom Metal,2026.0,Doom Metal
LyricalReferenceTo,12994,4849,0,Dream Pop,2013.0,Synthwave
LyricalReferenceTo,12998,14670,0,Dream Pop,1994.0,Alternative Rock
LyricalReferenceTo,13001,16495,0,Southern Gothic Rock,2009.0,Southern Gothic Rock
LyricalReferenceTo,13002,9884,0,Synthwave,2023.0,Psychedelic Rock
LyricalReferenceTo,13008,11241,0,Indie Folk,2022.0,Dream Pop
LyricalReferenceTo,13027,8233,0,Oceanus Folk,2026.0,Oceanus Folk
LyricalReferenceTo,13031,8675,0,Darkwave,2028.0,Darkwave
LyricalReferenceTo,13046,6946,0,Southern Gothic Rock,1999.0,Blues Rock
LyricalReferenceTo,13047,1841,0,Desert Rock,2029.0,Indie Folk
LyricalReferenceTo,13068,10281,0,Synthwave,2023.0,Synthwave
LyricalReferenceTo,13135,8858,0,Dream Pop,2029.0,Oceanus Folk
LyricalReferenceTo,13140,9716,0,Dream Pop,2021.0,Americana
LyricalReferenceTo,13144,12934,0,Indie Folk,2029.0,Indie Folk
LyricalReferenceTo,13155,14749,0,Alternative Rock,2025.0,Alternative Rock
LyricalReferenceTo,13168,4781,0,Lo-Fi Electronica,2023.0,Lo-Fi Electronica
LyricalReferenceTo,13171,6423,0,Synthwave,2026.0,Indie Folk
LyricalReferenceTo,13202,8366,0,Synthwave,2029.0,Dream Pop
LyricalReferenceTo,13202,15913,0,Synthwave,2029.0,Americana
LyricalReferenceTo,13216,15622,0,Desert Rock,2025.0,Doom Metal
LyricalReferenceTo,13220,4413,0,Doom Metal,2013.0,Symphonic Metal
LyricalReferenceTo,13222,3133,0,Indie Folk,2020.0,Indie Folk
LyricalReferenceTo,13228,4583,0,Speed Metal,2013.0,Speed Metal
LyricalReferenceTo,13228,7033,0,Speed Metal,2013.0,Speed Metal
LyricalReferenceTo,13237,15025,0,Southern Gothic Rock,2006.0,Southern Gothic Rock
LyricalReferenceTo,13249,12934,0,Indie Folk,2023.0,Indie Folk
LyricalReferenceTo,13255,7615,0,Indie Folk,2017.0,Indie Folk
LyricalReferenceTo,13258,1340,0,Americana,2023.0,Dream Pop
LyricalReferenceTo,13272,10342,0,Dream Pop,2026.0,Dream Pop
LyricalReferenceTo,13279,7116,0,Indie Folk,2023.0,Doom Metal
LyricalReferenceTo,13280,7224,0,Indie Folk,2030.0,Oceanus Folk
LyricalReferenceTo,13297,13985,0,Lo-Fi Electronica,2017.0,Lo-Fi Electronica
LyricalReferenceTo,13302,8245,0,Indie Rock,2020.0,Space Rock
LyricalReferenceTo,13331,8230,0,Emo/Pop Punk,1997.0,Emo/Pop Punk
LyricalReferenceTo,13332,10111,0,Darkwave,2022.0,Darkwave
LyricalReferenceTo,13336,14961,0,Dream Pop,2026.0,Synthwave
LyricalReferenceTo,13389,6427,0,Synthwave,2028.0,Synthwave
LyricalReferenceTo,13389,9542,0,Synthwave,2028.0,Synthwave
LyricalReferenceTo,13396,15441,0,Oceanus Folk,2029.0,Oceanus Folk
LyricalReferenceTo,13404,12571,0,Dream Pop,2028.0,Psychedelic Rock
LyricalReferenceTo,13404,8439,0,Dream Pop,2028.0,Dream Pop
LyricalReferenceTo,13413,10469,0,Indie Folk,2022.0,Space Rock
LyricalReferenceTo,13431,15646,0,Oceanus Folk,2013.0,Oceanus Folk
LyricalReferenceTo,13436,9085,0,Doom Metal,2017.0,Doom Metal
LyricalReferenceTo,13436,6762,0,Doom Metal,2017.0,Symphonic Metal
LyricalReferenceTo,13459,5212,0,Avant-Garde Folk,2028.0,Southern Gothic Rock
LyricalReferenceTo,13484,1857,0,Indie Rock,2010.0,Indie Rock
LyricalReferenceTo,13521,9884,0,Oceanus Folk,2017.0,Psychedelic Rock
LyricalReferenceTo,13535,15198,0,Indie Folk,2023.0,Dream Pop
LyricalReferenceTo,13535,7177,0,Indie Folk,2023.0,Indie Folk
LyricalReferenceTo,13557,4749,0,Emo/Pop Punk,2009.0,Emo/Pop Punk
LyricalReferenceTo,13557,14671,0,Emo/Pop Punk,2009.0,Emo/Pop Punk
LyricalReferenceTo,13563,13324,0,Synthpop,2017.0,Oceanus Folk
LyricalReferenceTo,13567,827,0,Lo-Fi Electronica,2025.0,Lo-Fi Electronica
LyricalReferenceTo,13580,11889,0,Blues Rock,2004.0,Blues Rock
LyricalReferenceTo,13580,7709,0,Blues Rock,2004.0,Blues Rock
LyricalReferenceTo,13615,7727,0,Post-Apocalyptic Folk,2018.0,Indie Rock
LyricalReferenceTo,13620,988,0,Space Rock,2029.0,Space Rock
LyricalReferenceTo,13623,16584,0,Dream Pop,2029.0,Jazz Surf Rock
LyricalReferenceTo,13628,15047,0,Speed Metal,2020.0,Southern Gothic Rock
LyricalReferenceTo,13639,10090,0,Southern Gothic Rock,2000.0,Southern Gothic Rock
LyricalReferenceTo,13640,4788,0,Dream Pop,2017.0,Synthwave
LyricalReferenceTo,13644,14994,0,Indie Folk,2023.0,Indie Folk
LyricalReferenceTo,13648,4436,0,Doom Metal,2027.0,Indie Rock
LyricalReferenceTo,13654,9772,0,Southern Gothic Rock,2000.0,Indie Pop
LyricalReferenceTo,13680,11365,0,Indie Pop,2016.0,Southern Gothic Rock
LyricalReferenceTo,13691,6994,0,Indie Folk,2026.0,Oceanus Folk
LyricalReferenceTo,13707,14961,0,Emo/Pop Punk,2022.0,Synthwave
LyricalReferenceTo,13707,11115,0,Emo/Pop Punk,2022.0,Avant-Garde Folk
LyricalReferenceTo,13709,8904,0,Doom Metal,2020.0,Doom Metal
LyricalReferenceTo,13720,15838,0,Lo-Fi Electronica,2023.0,Avant-Garde Folk
LyricalReferenceTo,13721,12910,0,Doom Metal,2018.0,Synthwave
LyricalReferenceTo,13721,6006,0,Doom Metal,2018.0,Doom Metal
LyricalReferenceTo,13727,4992,0,Indie Pop,2021.0,Indie Pop
LyricalReferenceTo,13727,10915,0,Indie Pop,2021.0,Indie Pop
LyricalReferenceTo,13734,4626,0,Psychedelic Rock,2026.0,Dream Pop
LyricalReferenceTo,13735,9749,0,Darkwave,2024.0,Synthwave
LyricalReferenceTo,13735,3362,0,Darkwave,2024.0,Synthwave
LyricalReferenceTo,13747,3668,0,Doom Metal,2010.0,Doom Metal
LyricalReferenceTo,13768,371,0,Dream Pop,2027.0,Synthwave
LyricalReferenceTo,13768,13965,0,Dream Pop,2027.0,Oceanus Folk
LyricalReferenceTo,13784,10415,0,Americana,2023.0,Indie Folk
LyricalReferenceTo,13800,9488,0,Psychedelic Rock,2019.0,Synthwave
LyricalReferenceTo,13817,8245,0,Space Rock,2027.0,Space Rock
LyricalReferenceTo,13817,11331,0,Space Rock,2027.0,Dream Pop
LyricalReferenceTo,13820,10417,0,Lo-Fi Electronica,2025.0,Lo-Fi Electronica
LyricalReferenceTo,13820,14566,0,Lo-Fi Electronica,2025.0,Lo-Fi Electronica
LyricalReferenceTo,13820,14045,0,Lo-Fi Electronica,2025.0,Lo-Fi Electronica
LyricalReferenceTo,13850,9007,0,Doom Metal,2024.0,Doom Metal
LyricalReferenceTo,13874,14678,0,Southern Gothic Rock,2006.0,Southern Gothic Rock
LyricalReferenceTo,13875,13681,0,Desert Rock,2023.0,Indie Folk
LyricalReferenceTo,13888,298,0,Doom Metal,2020.0,Indie Folk
LyricalReferenceTo,13888,2867,0,Doom Metal,2020.0,Doom Metal
LyricalReferenceTo,13916,699,0,Dream Pop,2029.0,Dream Pop
LyricalReferenceTo,13916,3451,0,Dream Pop,2029.0,Psychedelic Rock
LyricalReferenceTo,13930,12616,0,Southern Gothic Rock,2009.0,Blues Rock
LyricalReferenceTo,13930,3407,0,Southern Gothic Rock,2009.0,Southern Gothic Rock
LyricalReferenceTo,13931,10480,0,Southern Gothic Rock,2016.0,Indie Pop
LyricalReferenceTo,13933,3349,0,Southern Gothic Rock,2011.0,Indie Pop
LyricalReferenceTo,13933,11368,0,Southern Gothic Rock,2011.0,Southern Gothic Rock
LyricalReferenceTo,13933,12475,0,Southern Gothic Rock,2011.0,Southern Gothic Rock
LyricalReferenceTo,13933,1772,0,Southern Gothic Rock,2011.0,Southern Gothic Rock
LyricalReferenceTo,13934,15515,0,Indie Folk,2026.0,Dream Pop
LyricalReferenceTo,13956,219,0,Dream Pop,1997.0,Dream Pop
LyricalReferenceTo,13984,13357,0,Indie Pop,2026.0,Southern Gothic Rock
LyricalReferenceTo,13984,5110,0,Indie Pop,2026.0,Indie Pop
LyricalReferenceTo,13984,5839,0,Indie Pop,2026.0,Southern Gothic Rock
LyricalReferenceTo,13985,10417,0,Lo-Fi Electronica,2013.0,Lo-Fi Electronica
LyricalReferenceTo,13985,4781,0,Lo-Fi Electronica,2013.0,Lo-Fi Electronica
LyricalReferenceTo,14011,6868,0,Southern Gothic Rock,2017.0,Indie Pop
LyricalReferenceTo,14011,10549,0,Southern Gothic Rock,2017.0,Indie Pop
LyricalReferenceTo,14030,438,0,Indie Folk,2023.0,Dream Pop
LyricalReferenceTo,14048,6901,0,Indie Folk,2017.0,Indie Folk
LyricalReferenceTo,14067,4059,0,Indie Rock,2028.0,Doom Metal
LyricalReferenceTo,14112,8018,0,Synthwave,2021.0,Synthwave
LyricalReferenceTo,14112,13747,0,Synthwave,2021.0,Doom Metal
LyricalReferenceTo,14134,9122,0,Lo-Fi Electronica,2029.0,Lo-Fi Electronica
LyricalReferenceTo,14143,1611,0,Darkwave,2017.0,Indie Rock
LyricalReferenceTo,14153,3672,0,Indie Folk,2007.0,Synthwave
LyricalReferenceTo,14175,11677,0,Emo/Pop Punk,2031.0,Lo-Fi Electronica
LyricalReferenceTo,14175,5088,0,Emo/Pop Punk,2031.0,Lo-Fi Electronica
LyricalReferenceTo,14175,15004,0,Emo/Pop Punk,2031.0,Lo-Fi Electronica
LyricalReferenceTo,14191,11122,0,Dream Pop,2026.0,Americana
LyricalReferenceTo,14197,10931,0,Indie Rock,2027.0,Indie Rock
LyricalReferenceTo,14220,6994,0,Oceanus Folk,2026.0,Oceanus Folk
LyricalReferenceTo,14240,11939,0,Alternative Rock,2031.0,Lo-Fi Electronica
LyricalReferenceTo,14256,9657,0,Dream Pop,2026.0,Indie Folk
LyricalReferenceTo,14269,5726,0,Alternative Rock,2031.0,Alternative Rock
LyricalReferenceTo,14269,6735,0,Alternative Rock,2031.0,Alternative Rock
LyricalReferenceTo,14269,15645,0,Alternative Rock,2031.0,Alternative Rock
LyricalReferenceTo,14279,2167,0,Lo-Fi Electronica,2024.0,Lo-Fi Electronica
LyricalReferenceTo,14279,11467,0,Lo-Fi Electronica,2024.0,Lo-Fi Electronica
LyricalReferenceTo,14288,8814,0,Blues Rock,2023.0,Alternative Rock
LyricalReferenceTo,14296,14086,0,Dream Pop,2023.0,Doom Metal
LyricalReferenceTo,14309,5075,0,Alternative Rock,2026.0,Blues Rock
LyricalReferenceTo,14311,5295,0,Indie Rock,2023.0,Doom Metal
LyricalReferenceTo,14332,15024,0,Lo-Fi Electronica,2020.0,Lo-Fi Electronica
LyricalReferenceTo,14332,11327,0,Lo-Fi Electronica,2020.0,Lo-Fi Electronica
LyricalReferenceTo,14332,8680,0,Lo-Fi Electronica,2020.0,Lo-Fi Electronica
LyricalReferenceTo,14333,6051,0,Post-Apocalyptic Folk,2024.0,Desert Rock
LyricalReferenceTo,14378,13197,0,Blues Rock,2023.0,Blues Rock
LyricalReferenceTo,14411,3310,0,Post-Apocalyptic Folk,2028.0,Dream Pop
LyricalReferenceTo,14421,15622,0,Dream Pop,2023.0,Doom Metal
LyricalReferenceTo,14424,9308,0,Dream Pop,2025.0,Dream Pop
LyricalReferenceTo,14429,16162,0,Jazz Surf Rock,2030.0,Emo/Pop Punk
LyricalReferenceTo,14435,13023,0,Indie Pop,2010.0,Indie Pop
LyricalReferenceTo,14436,4770,0,Indie Rock,2017.0,Synthwave
LyricalReferenceTo,14436,5452,0,Indie Rock,2017.0,Doom Metal
LyricalReferenceTo,14436,1977,0,Indie Rock,2017.0,Indie Folk
LyricalReferenceTo,14439,13335,0,Lo-Fi Electronica,2029.0,Lo-Fi Electronica
LyricalReferenceTo,14439,14512,0,Lo-Fi Electronica,2029.0,Lo-Fi Electronica
LyricalReferenceTo,14439,827,0,Lo-Fi Electronica,2029.0,Lo-Fi Electronica
LyricalReferenceTo,14439,6072,0,Lo-Fi Electronica,2029.0,Synthwave
LyricalReferenceTo,14444,13563,0,Indie Folk,2030.0,Synthpop
LyricalReferenceTo,14444,11679,0,Indie Folk,2030.0,Oceanus Folk
LyricalReferenceTo,14454,11127,0,Psychedelic Rock,2020.0,Psychedelic Rock
LyricalReferenceTo,14469,1841,0,Space Rock,2026.0,Indie Folk
LyricalReferenceTo,14482,3350,0,Indie Pop,2009.0,Southern Gothic Rock
LyricalReferenceTo,14483,13721,0,Synthwave,2029.0,Doom Metal
LyricalReferenceTo,14497,8680,0,Lo-Fi Electronica,2023.0,Lo-Fi Electronica
LyricalReferenceTo,14510,6504,0,Southern Gothic Rock,2018.0,Indie Pop
LyricalReferenceTo,14510,14038,0,Southern Gothic Rock,2018.0,Indie Pop
LyricalReferenceTo,14522,13255,0,Indie Folk,2023.0,Indie Folk
LyricalReferenceTo,14524,14647,0,Dream Pop,2027.0,Dream Pop
LyricalReferenceTo,14538,3879,0,Post-Apocalyptic Folk,2026.0,Darkwave
LyricalReferenceTo,14544,15818,0,Alternative Rock,2030.0,Alternative Rock
LyricalReferenceTo,14559,10585,0,Synthwave,2030.0,Synthwave
LyricalReferenceTo,14567,8495,0,Dream Pop,2026.0,Synthwave
LyricalReferenceTo,14575,8840,0,Dream Pop,2013.0,Indie Rock
LyricalReferenceTo,14580,11793,0,Alternative Rock,2023.0,Dream Pop
LyricalReferenceTo,14580,16441,0,Alternative Rock,2023.0,Psychedelic Rock
LyricalReferenceTo,14593,11980,0,Indie Rock,2023.0,Synthwave
LyricalReferenceTo,14599,13364,0,Americana,2019.0,Indie Rock
LyricalReferenceTo,14602,14987,0,Dream Pop,2027.0,Doom Metal
LyricalReferenceTo,14602,312,0,Dream Pop,2027.0,Synthwave
LyricalReferenceTo,14609,12599,0,Dream Pop,2016.0,Alternative Rock
LyricalReferenceTo,14610,3407,0,Southern Gothic Rock,1991.0,Southern Gothic Rock
LyricalReferenceTo,14615,1611,0,Space Rock,2029.0,Indie Rock
LyricalReferenceTo,14621,9884,0,Psychedelic Rock,2021.0,Psychedelic Rock
LyricalReferenceTo,14627,9883,0,Synthwave,2027.0,Doom Metal
LyricalReferenceTo,14640,9884,0,Dream Pop,2017.0,Psychedelic Rock
LyricalReferenceTo,14645,10673,0,Doom Metal,2017.0,Doom Metal
LyricalReferenceTo,14658,9772,0,Southern Gothic Rock,2004.0,Indie Pop
LyricalReferenceTo,14662,3249,0,Alternative Rock,2024.0,Alternative Rock
LyricalReferenceTo,14666,8263,0,Oceanus Folk,2029.0,Psychedelic Rock
LyricalReferenceTo,14683,11831,0,Dream Pop,2029.0,Oceanus Folk
LyricalReferenceTo,14696,3724,0,Synthpop,2026.0,Synthwave
LyricalReferenceTo,14701,10417,0,Lo-Fi Electronica,2020.0,Lo-Fi Electronica
LyricalReferenceTo,14710,14768,0,Lo-Fi Electronica,2024.0,Lo-Fi Electronica
LyricalReferenceTo,14720,1841,0,Oceanus Folk,2023.0,Indie Folk
LyricalReferenceTo,14749,12010,0,Alternative Rock,2010.0,Alternative Rock
LyricalReferenceTo,14754,11144,0,Indie Pop,2026.0,Blues Rock
LyricalReferenceTo,14754,6868,0,Indie Pop,2026.0,Indie Pop
LyricalReferenceTo,14760,15521,0,Indie Pop,2026.0,Indie Pop
LyricalReferenceTo,14795,11491,0,Psychedelic Rock,2026.0,Psychedelic Rock
LyricalReferenceTo,14798,10996,0,Indie Folk,2024.0,Alternative Rock
LyricalReferenceTo,14799,2279,0,Dream Pop,2011.0,Dream Pop
LyricalReferenceTo,14809,6008,0,Americana,2023.0,Indie Rock
LyricalReferenceTo,14828,6616,0,Indie Rock,2028.0,Indie Rock
LyricalReferenceTo,14828,6396,0,Indie Rock,2028.0,Indie Rock
LyricalReferenceTo,14835,15185,0,Dream Pop,2030.0,Synthwave
LyricalReferenceTo,14840,6363,0,Dream Pop,2019.0,Dream Pop
LyricalReferenceTo,14843,14887,0,Psychedelic Rock,2025.0,Dream Pop
LyricalReferenceTo,14880,12146,0,Indie Folk,2026.0,Indie Rock
LyricalReferenceTo,14883,11327,0,Lo-Fi Electronica,2020.0,Lo-Fi Electronica
LyricalReferenceTo,14896,6624,0,Indie Folk,2013.0,Indie Folk
LyricalReferenceTo,14904,7531,0,Lo-Fi Electronica,2023.0,Southern Gothic Rock
LyricalReferenceTo,14904,2848,0,Lo-Fi Electronica,2023.0,Lo-Fi Electronica
LyricalReferenceTo,14908,16714,0,Alternative Rock,2021.0,Alternative Rock
LyricalReferenceTo,14908,11413,0,Alternative Rock,2021.0,Alternative Rock
LyricalReferenceTo,14909,15539,0,Dream Pop,2013.0,Dream Pop
LyricalReferenceTo,14909,4283,0,Dream Pop,2013.0,Dream Pop
LyricalReferenceTo,14929,4728,0,Indie Folk,2029.0,Desert Rock
LyricalReferenceTo,14940,3367,0,Oceanus Folk,2025.0,Oceanus Folk
LyricalReferenceTo,14941,16620,0,Indie Folk,2029.0,Jazz Surf Rock
LyricalReferenceTo,14964,8681,0,Dream Pop,2026.0,Psychedelic Rock
LyricalReferenceTo,14965,16233,0,Doom Metal,2010.0,Psychedelic Rock
LyricalReferenceTo,14987,5887,0,Doom Metal,2017.0,Doom Metal
LyricalReferenceTo,15004,827,0,Lo-Fi Electronica,2022.0,Lo-Fi Electronica
LyricalReferenceTo,15007,454,0,Synthwave,2003.0,Synthwave
LyricalReferenceTo,15009,7116,0,Indie Folk,2017.0,Doom Metal
LyricalReferenceTo,15009,10673,0,Indie Folk,2017.0,Doom Metal
LyricalReferenceTo,15017,11378,0,Oceanus Folk,2023.0,Indie Folk
LyricalReferenceTo,15027,6994,0,Oceanus Folk,2023.0,Oceanus Folk
LyricalReferenceTo,15032,6368,0,Oceanus Folk,2009.0,Synthwave
LyricalReferenceTo,15048,2608,0,Desert Rock,2023.0,Doom Metal
LyricalReferenceTo,15048,9322,0,Desert Rock,2023.0,Oceanus Folk
LyricalReferenceTo,15057,1939,0,Indie Folk,2029.0,Space Rock
LyricalReferenceTo,15101,14965,0,Blues Rock,2023.0,Doom Metal
LyricalReferenceTo,15135,4937,0,Blues Rock,2004.0,Southern Gothic Rock
LyricalReferenceTo,15144,15212,0,Space Rock,2019.0,Dream Pop
LyricalReferenceTo,15153,15261,0,Psychedelic Rock,2028.0,Psychedelic Rock
LyricalReferenceTo,15181,15242,0,Lo-Fi Electronica,2000.0,Dream Pop
LyricalReferenceTo,15188,8006,0,Symphonic Metal,2023.0,Americana
LyricalReferenceTo,15192,16432,0,Dream Pop,2028.0,Desert Rock
LyricalReferenceTo,15214,4411,0,Avant-Garde Folk,2023.0,Southern Gothic Rock
LyricalReferenceTo,15222,14965,0,Jazz Surf Rock,2026.0,Doom Metal
LyricalReferenceTo,15227,6989,0,Southern Gothic Rock,2026.0,Emo/Pop Punk
LyricalReferenceTo,15241,7012,0,Avant-Garde Folk,2025.0,Southern Gothic Rock
LyricalReferenceTo,15241,6158,0,Avant-Garde Folk,2025.0,Avant-Garde Folk
LyricalReferenceTo,15242,454,0,Dream Pop,1998.0,Synthwave
LyricalReferenceTo,15248,219,0,Jazz Surf Rock,2004.0,Dream Pop
LyricalReferenceTo,15248,9815,0,Jazz Surf Rock,2004.0,Indie Folk
LyricalReferenceTo,15248,13956,0,Jazz Surf Rock,2004.0,Dream Pop
LyricalReferenceTo,15255,1853,0,Avant-Garde Folk,2028.0,Avant-Garde Folk
LyricalReferenceTo,15309,106,0,Alternative Rock,2026.0,Blues Rock
LyricalReferenceTo,15316,2779,0,Oceanus Folk,2026.0,Psychedelic Rock
LyricalReferenceTo,15384,1841,0,Oceanus Folk,2025.0,Indie Folk
LyricalReferenceTo,15388,16035,0,Avant-Garde Folk,2015.0,Avant-Garde Folk
LyricalReferenceTo,15389,81,0,Southern Gothic Rock,2010.0,Indie Pop
LyricalReferenceTo,15394,10116,0,Synthwave,2022.0,Synthwave
LyricalReferenceTo,15402,454,0,Indie Folk,2001.0,Synthwave
LyricalReferenceTo,15403,4713,0,Doom Metal,2007.0,Dream Pop
LyricalReferenceTo,15415,13438,0,Oceanus Folk,2023.0,Oceanus Folk
LyricalReferenceTo,15420,2942,0,Indie Folk,2028.0,Southern Gothic Rock
LyricalReferenceTo,15424,827,0,Lo-Fi Electronica,2024.0,Lo-Fi Electronica
LyricalReferenceTo,15424,12373,0,Lo-Fi Electronica,2024.0,Lo-Fi Electronica
LyricalReferenceTo,15424,9122,0,Lo-Fi Electronica,2024.0,Lo-Fi Electronica
LyricalReferenceTo,15424,5480,0,Lo-Fi Electronica,2024.0,Lo-Fi Electronica
LyricalReferenceTo,15424,8680,0,Lo-Fi Electronica,2024.0,Lo-Fi Electronica
LyricalReferenceTo,15441,15071,0,Oceanus Folk,2017.0,Synthwave
LyricalReferenceTo,15443,12091,0,Southern Gothic Rock,2023.0,Southern Gothic Rock
LyricalReferenceTo,15457,10294,0,Indie Pop,2017.0,Emo/Pop Punk
LyricalReferenceTo,15458,3018,0,Post-Apocalyptic Folk,2030.0,Dream Pop
LyricalReferenceTo,15462,14086,0,Synthwave,2025.0,Doom Metal
LyricalReferenceTo,15478,5238,0,Jazz Surf Rock,2017.0,Jazz Surf Rock
LyricalReferenceTo,15489,5887,0,Dream Pop,2015.0,Doom Metal
LyricalReferenceTo,15518,15622,0,Desert Rock,2028.0,Doom Metal
LyricalReferenceTo,15522,6990,0,Space Rock,2026.0,Synthpop
LyricalReferenceTo,15522,9140,0,Space Rock,2026.0,Americana
LyricalReferenceTo,15528,5891,0,Alternative Rock,2010.0,Dream Pop
LyricalReferenceTo,15528,8821,0,Alternative Rock,2010.0,Alternative Rock
LyricalReferenceTo,15528,5028,0,Alternative Rock,2010.0,Alternative Rock
LyricalReferenceTo,15532,16724,0,Speed Metal,2026.0,Speed Metal
LyricalReferenceTo,15532,6507,0,Speed Metal,2026.0,Speed Metal
LyricalReferenceTo,15532,11617,0,Speed Metal,2026.0,Speed Metal
LyricalReferenceTo,15540,16612,0,Jazz Surf Rock,2020.0,Jazz Surf Rock
LyricalReferenceTo,15565,7116,0,Space Rock,2026.0,Doom Metal
LyricalReferenceTo,15590,7278,0,Indie Rock,2027.0,Synthwave
LyricalReferenceTo,15590,4400,0,Indie Rock,2027.0,Indie Rock
LyricalReferenceTo,15632,8055,0,Dream Pop,2029.0,Alternative Rock
LyricalReferenceTo,15642,8495,0,Dream Pop,2013.0,Synthwave
LyricalReferenceTo,15652,6191,0,Indie Folk,2000.0,Synthwave
LyricalReferenceTo,15662,7341,0,Dream Pop,2026.0,Indie Folk
LyricalReferenceTo,15687,827,0,Lo-Fi Electronica,2009.0,Lo-Fi Electronica
LyricalReferenceTo,15716,14512,0,Jazz Surf Rock,2027.0,Lo-Fi Electronica
LyricalReferenceTo,15728,16441,0,Psychedelic Rock,2003.0,Psychedelic Rock
LyricalReferenceTo,15744,4609,0,Indie Pop,2014.0,Avant-Garde Folk
LyricalReferenceTo,15744,5110,0,Indie Pop,2014.0,Indie Pop
LyricalReferenceTo,15744,15456,0,Indie Pop,2014.0,Southern Gothic Rock
LyricalReferenceTo,15745,7012,0,Southern Gothic Rock,2018.0,Southern Gothic Rock
LyricalReferenceTo,15745,1018,0,Southern Gothic Rock,2018.0,Alternative Rock
LyricalReferenceTo,15771,13484,0,Indie Rock,2018.0,Indie Rock
LyricalReferenceTo,15772,5295,0,Synthwave,2013.0,Doom Metal
LyricalReferenceTo,15775,9088,0,Lo-Fi Electronica,2020.0,Lo-Fi Electronica
LyricalReferenceTo,15783,16233,0,Space Rock,2029.0,Psychedelic Rock
LyricalReferenceTo,15793,14965,0,Indie Folk,2017.0,Doom Metal
LyricalReferenceTo,15805,9230,0,Dream Pop,2028.0,Dream Pop
LyricalReferenceTo,15812,1841,0,Oceanus Folk,2023.0,Indie Folk
LyricalReferenceTo,15817,14291,0,Americana,2024.0,Americana
LyricalReferenceTo,15820,12596,0,Indie Pop,2004.0,Psychedelic Rock
LyricalReferenceTo,15838,13361,0,Avant-Garde Folk,2014.0,Blues Rock
LyricalReferenceTo,15851,6752,0,Indie Folk,2026.0,Oceanus Folk
LyricalReferenceTo,15851,8079,0,Indie Folk,2026.0,Oceanus Folk
LyricalReferenceTo,15851,1841,0,Indie Folk,2026.0,Indie Folk
LyricalReferenceTo,15857,16409,0,Dream Pop,2028.0,Dream Pop
LyricalReferenceTo,15885,16585,0,Dream Pop,1995.0,Darkwave
LyricalReferenceTo,15890,14989,0,Space Rock,2026.0,Indie Rock
LyricalReferenceTo,15911,1125,0,Symphonic Metal,2023.0,Symphonic Metal
LyricalReferenceTo,15925,10358,0,Americana,2023.0,Doom Metal
LyricalReferenceTo,15936,11984,0,Southern Gothic Rock,2029.0,Blues Rock
LyricalReferenceTo,15962,7197,0,Symphonic Metal,2023.0,Symphonic Metal
LyricalReferenceTo,15981,15555,0,Jazz Surf Rock,2029.0,Jazz Surf Rock
LyricalReferenceTo,16035,5455,0,Avant-Garde Folk,2004.0,Southern Gothic Rock
LyricalReferenceTo,16054,6368,0,Dream Pop,2004.0,Synthwave
LyricalReferenceTo,16061,15622,0,Doom Metal,2013.0,Doom Metal
LyricalReferenceTo,16064,6051,0,Desert Rock,2027.0,Desert Rock
LyricalReferenceTo,16086,9116,0,Doom Metal,2027.0,Doom Metal
LyricalReferenceTo,16086,14118,0,Doom Metal,2027.0,Indie Folk
LyricalReferenceTo,16111,15913,0,Jazz Surf Rock,2028.0,Americana
LyricalReferenceTo,16122,1195,0,Dream Pop,2027.0,Dream Pop
LyricalReferenceTo,16137,9249,0,Oceanus Folk,2017.0,Indie Folk
LyricalReferenceTo,16141,10673,0,Dream Pop,2026.0,Doom Metal
LyricalReferenceTo,16145,15291,0,Alternative Rock,2018.0,Alternative Rock
LyricalReferenceTo,16171,14449,0,Dream Pop,2029.0,Psychedelic Rock
LyricalReferenceTo,16171,4046,0,Dream Pop,2029.0,Jazz Surf Rock
LyricalReferenceTo,16175,2215,0,Doom Metal,2023.0,Americana
LyricalReferenceTo,16180,1841,0,Oceanus Folk,2023.0,Indie Folk
LyricalReferenceTo,16209,14799,0,Dream Pop,2017.0,Dream Pop
LyricalReferenceTo,16209,2510,0,Dream Pop,2017.0,Dream Pop
LyricalReferenceTo,16210,6298,0,Dream Pop,2006.0,Alternative Rock
LyricalReferenceTo,16211,5233,0,Dream Pop,2023.0,Dream Pop
LyricalReferenceTo,16244,10111,0,Darkwave,2020.0,Darkwave
LyricalReferenceTo,16252,4008,0,Dream Pop,2000.0,Dream Pop
LyricalReferenceTo,16269,3163,0,Speed Metal,2013.0,Speed Metal
LyricalReferenceTo,16275,14512,0,Lo-Fi Electronica,2018.0,Lo-Fi Electronica
LyricalReferenceTo,16275,11327,0,Lo-Fi Electronica,2018.0,Lo-Fi Electronica
LyricalReferenceTo,16276,3501,0,Oceanus Folk,2020.0,Oceanus Folk
LyricalReferenceTo,16282,11423,0,Psychedelic Rock,2029.0,Psychedelic Rock
LyricalReferenceTo,16287,15409,0,Synthwave,2025.0,Dream Pop
LyricalReferenceTo,16292,2424,0,Darkwave,2025.0,Darkwave
LyricalReferenceTo,16295,15521,0,Indie Pop,2027.0,Indie Pop
LyricalReferenceTo,16295,6685,0,Indie Pop,2027.0,Indie Pop
LyricalReferenceTo,16300,5318,0,Synthwave,2020.0,Doom Metal
LyricalReferenceTo,16323,3531,0,Synthwave,2027.0,Doom Metal
LyricalReferenceTo,16327,5051,0,Emo/Pop Punk,2026.0,Emo/Pop Punk
LyricalReferenceTo,16327,13557,0,Emo/Pop Punk,2026.0,Emo/Pop Punk
LyricalReferenceTo,16327,5232,0,Emo/Pop Punk,2026.0,Emo/Pop Punk
LyricalReferenceTo,16335,16724,0,Speed Metal,2017.0,Speed Metal
LyricalReferenceTo,16335,2202,0,Speed Metal,2017.0,Speed Metal
LyricalReferenceTo,16336,10674,0,Dream Pop,2028.0,Speed Metal
LyricalReferenceTo,16348,13984,0,Alternative Rock,2030.0,Indie Pop
LyricalReferenceTo,16354,3869,0,Darkwave,2027.0,Darkwave
LyricalReferenceTo,16356,7341,0,Dream Pop,2029.0,Indie Folk
LyricalReferenceTo,16360,7680,0,Dream Pop,2024.0,Dream Pop
LyricalReferenceTo,16371,12517,0,Lo-Fi Electronica,2018.0,Lo-Fi Electronica
LyricalReferenceTo,16373,11280,0,Dream Pop,2029.0,Darkwave
LyricalReferenceTo,16385,4576,0,Space Rock,2029.0,Dream Pop
LyricalReferenceTo,16385,12106,0,Space Rock,2029.0,Dream Pop
LyricalReferenceTo,16385,3697,0,Space Rock,2029.0,Darkwave
LyricalReferenceTo,16402,3025,0,Dream Pop,2029.0,Oceanus Folk
LyricalReferenceTo,16404,7568,0,Avant-Garde Folk,2022.0,Avant-Garde Folk
LyricalReferenceTo,16404,1853,0,Avant-Garde Folk,2022.0,Avant-Garde Folk
LyricalReferenceTo,16404,1101,0,Avant-Garde Folk,2022.0,Avant-Garde Folk
LyricalReferenceTo,16432,7116,0,Desert Rock,2025.0,Doom Metal
LyricalReferenceTo,16449,15506,0,Indie Rock,2026.0,Indie Folk
LyricalReferenceTo,16452,10997,0,Lo-Fi Electronica,2024.0,Psychedelic Rock
LyricalReferenceTo,16452,14074,0,Lo-Fi Electronica,2024.0,Dream Pop
LyricalReferenceTo,16458,13961,0,Americana,2023.0,Indie Folk
LyricalReferenceTo,16471,8029,0,Indie Folk,2023.0,Desert Rock
LyricalReferenceTo,16494,1857,0,Indie Rock,2026.0,Indie Rock
LyricalReferenceTo,16494,876,0,Indie Rock,2026.0,Indie Rock
LyricalReferenceTo,16495,6745,0,Southern Gothic Rock,1997.0,Indie Pop
LyricalReferenceTo,16495,13357,0,Southern Gothic Rock,1997.0,Southern Gothic Rock
LyricalReferenceTo,16505,6949,0,Dream Pop,2032.0,Indie Rock
LyricalReferenceTo,16510,9868,0,Space Rock,2026.0,Dream Pop
LyricalReferenceTo,16513,5949,0,Doom Metal,2023.0,Synthpop
LyricalReferenceTo,16514,15622,0,Americana,2013.0,Doom Metal
LyricalReferenceTo,16519,11217,0,Psychedelic Rock,2026.0,Dream Pop
LyricalReferenceTo,16577,10699,0,Doom Metal,2023.0,Indie Folk
LyricalReferenceTo,16582,13563,0,Oceanus Folk,2023.0,Synthpop
LyricalReferenceTo,16617,3407,0,Emo/Pop Punk,2010.0,Southern Gothic Rock
LyricalReferenceTo,16624,7114,0,Desert Rock,2029.0,Dream Pop
LyricalReferenceTo,16624,11300,0,Desert Rock,2029.0,Dream Pop
LyricalReferenceTo,16632,12245,0,Dream Pop,2028.0,Indie Folk
LyricalReferenceTo,16632,12858,0,Dream Pop,2028.0,Doom Metal
LyricalReferenceTo,16632,14118,0,Dream Pop,2028.0,Indie Folk
LyricalReferenceTo,16638,6072,0,Indie Folk,2010.0,Synthwave
LyricalReferenceTo,16658,1524,0,Synthwave,2018.0,Psychedelic Rock
LyricalReferenceTo,16672,10361,0,Dream Pop,2023.0,Post-Apocalyptic Folk
LyricalReferenceTo,16697,2068,0,Alternative Rock,2026.0,Southern Gothic Rock
LyricalReferenceTo,16705,7116,0,Synthwave,2017.0,Doom Metal
LyricalReferenceTo,16710,14223,0,Dream Pop,2027.0,Psychedelic Rock
LyricalReferenceTo,16736,14241,0,Dream Pop,2006.0,Synthwave
LyricalReferenceTo,16739,7395,0,Doom Metal,2023.0,Synthwave
LyricalReferenceTo,16957,5009,0,Indie Folk,2037.0,Dream Pop
LyricalReferenceTo,16966,17327,0,,,
LyricalReferenceTo,16978,15254,0,Southern Gothic Rock,2031.0,Dream Pop
LyricalReferenceTo,16996,17260,0,,,
LyricalReferenceTo,17002,9651,0,Americana,2035.0,Indie Folk
LyricalReferenceTo,17002,5804,0,Americana,2035.0,Lo-Fi Electronica
LyricalReferenceTo,17004,17299,0,,,
LyricalReferenceTo,17006,13800,0,Psychedelic Rock,2032.0,Psychedelic Rock
LyricalReferenceTo,17015,3756,0,Indie Rock,2038.0,Dream Pop
LyricalReferenceTo,17022,17260,0,,,
LyricalReferenceTo,17026,2784,0,Lo-Fi Electronica,2034.0,Desert Rock
LyricalReferenceTo,17027,11357,0,Lo-Fi Electronica,2034.0,Alternative Rock
LyricalReferenceTo,17032,17255,0,,,
LyricalReferenceTo,17038,3323,0,Indie Pop,2035.0,Doom Metal
LyricalReferenceTo,17050,11911,0,Oceanus Folk,2034.0,Blues Rock
LyricalReferenceTo,17059,16063,0,Desert Rock,2031.0,Lo-Fi Electronica
LyricalReferenceTo,17067,12574,0,Jazz Surf Rock,2036.0,Doom Metal
LyricalReferenceTo,17072,11824,0,Space Rock,2030.0,Dream Pop
LyricalReferenceTo,17077,17314,0,,,
LyricalReferenceTo,17085,4059,0,Darkwave,2036.0,Doom Metal
LyricalReferenceTo,17091,17299,0,,,
LyricalReferenceTo,17100,17260,0,,,
LyricalReferenceTo,17117,8604,0,Post-Apocalyptic Folk,2035.0,Synthwave
LyricalReferenceTo,17120,17260,0,,,
LyricalReferenceTo,17126,17255,0,,,
LyricalReferenceTo,17131,7128,0,Avant-Garde Folk,2033.0,Dream Pop
LyricalReferenceTo,17134,15885,0,Avant-Garde Folk,2035.0,Dream Pop
LyricalReferenceTo,17138,17299,0,,,
LyricalReferenceTo,17140,3339,0,Symphonic Metal,2032.0,Darkwave
LyricalReferenceTo,17144,653,0,Symphonic Metal,2033.0,Psychedelic Rock
LyricalReferenceTo,17147,16508,0,Indie Rock,2035.0,Indie Folk
LyricalReferenceTo,17150,4406,0,Indie Rock,2035.0,Southern Gothic Rock
LyricalReferenceTo,17151,1221,0,Indie Rock,2035.0,Dream Pop
LyricalReferenceTo,17151,12629,0,Indie Rock,2035.0,Dream Pop
LyricalReferenceTo,17232,6279,0,Oceanus Folk,2032.0,Alternative Rock
LyricalReferenceTo,17243,17299,0,,,
LyricalReferenceTo,17247,14125,0,Oceanus Folk,2030.0,Indie Folk
LyricalReferenceTo,17253,10319,0,Oceanus Folk,2028.0,Psychedelic Rock
LyricalReferenceTo,17255,17327,0,,,
LyricalReferenceTo,17260,17299,0,,,
LyricalReferenceTo,17277,876,0,Oceanus Folk,2038.0,Indie Rock
LyricalReferenceTo,17277,3986,0,Oceanus Folk,2038.0,Americana
LyricalReferenceTo,17287,13589,0,Oceanus Folk,2034.0,Avant-Garde Folk
LyricalReferenceTo,17307,17200,0,Oceanus Folk,2001.0,Celtic Folk
LyricalReferenceTo,17331,632,0,Oceanus Folk,2013.0,Alternative Rock
LyricalReferenceTo,17338,3862,0,Oceanus Folk,2013.0,Alternative Rock
LyricalReferenceTo,17339,5840,0,Oceanus Folk,2013.0,Southern Gothic Rock
LyricalReferenceTo,17340,17299,0,,,
LyricalReferenceTo,17349,17327,0,,,
LyricalReferenceTo,17355,17314,0,,,
LyricalReferenceTo,17364,7441,0,Oceanus Folk,2034.0,Desert Rock
DirectlySamples,26,13628,0,Speed Metal,2022.0,Speed Metal
DirectlySamples,48,7116,0,Indie Folk,2017.0,Doom Metal
DirectlySamples,54,7713,0,Alternative Rock,2003.0,Alternative Rock
DirectlySamples,128,12237,0,Indie Rock,2026.0,Indie Rock
DirectlySamples,176,14989,0,Darkwave,2023.0,Indie Rock
DirectlySamples,210,8640,0,Darkwave,2029.0,Post-Apocalyptic Folk
DirectlySamples,210,12173,0,Darkwave,2029.0,Darkwave
DirectlySamples,210,6293,0,Darkwave,2029.0,Dream Pop
DirectlySamples,210,11785,0,Darkwave,2029.0,Jazz Surf Rock
DirectlySamples,272,3252,0,Desert Rock,2017.0,Psychedelic Rock
DirectlySamples,491,349,0,Dream Pop,2029.0,Americana
DirectlySamples,510,8888,0,Alternative Rock,2028.0,Indie Rock
DirectlySamples,563,13104,0,Synthwave,2026.0,Synthwave
DirectlySamples,577,3711,0,Space Rock,2027.0,Oceanus Folk
DirectlySamples,577,3025,0,Space Rock,2027.0,Oceanus Folk
DirectlySamples,621,6106,0,Doom Metal,2023.0,Indie Folk
DirectlySamples,781,2729,0,Alternative Rock,2025.0,Darkwave
DirectlySamples,799,4362,0,Space Rock,2024.0,Synthwave
DirectlySamples,827,14512,0,Lo-Fi Electronica,2006.0,Lo-Fi Electronica
DirectlySamples,833,11635,0,Indie Rock,2010.0,Synthwave
DirectlySamples,917,16478,0,Psychedelic Rock,2017.0,Psychedelic Rock
DirectlySamples,1012,10361,0,Synthpop,2016.0,Post-Apocalyptic Folk
DirectlySamples,1033,3402,0,Dream Pop,2028.0,Dream Pop
DirectlySamples,1140,11327,0,Lo-Fi Electronica,2018.0,Lo-Fi Electronica
DirectlySamples,1140,4781,0,Lo-Fi Electronica,2018.0,Lo-Fi Electronica
DirectlySamples,1140,2467,0,Lo-Fi Electronica,2018.0,Lo-Fi Electronica
DirectlySamples,1190,7799,0,Alternative Rock,2032.0,Blues Rock
DirectlySamples,1298,533,0,Dream Pop,2026.0,Dream Pop
DirectlySamples,1489,6611,0,Oceanus Folk,2023.0,Oceanus Folk
DirectlySamples,1588,3199,0,Americana,2029.0,Synthpop
DirectlySamples,1626,6762,0,Indie Folk,2020.0,Symphonic Metal
DirectlySamples,1680,467,0,Space Rock,2027.0,Post-Apocalyptic Folk
DirectlySamples,1715,10747,0,Dream Pop,2029.0,Dream Pop
DirectlySamples,1742,15622,0,Indie Folk,2017.0,Doom Metal
DirectlySamples,1773,8892,0,Darkwave,2030.0,Desert Rock
DirectlySamples,1791,2467,0,Lo-Fi Electronica,2010.0,Lo-Fi Electronica
DirectlySamples,1830,467,0,Post-Apocalyptic Folk,2029.0,Post-Apocalyptic Folk
DirectlySamples,1874,6994,0,Dream Pop,2023.0,Oceanus Folk
DirectlySamples,1902,15622,0,Americana,2017.0,Doom Metal
DirectlySamples,1915,8245,0,Synthwave,2023.0,Space Rock
DirectlySamples,1920,7450,0,Doom Metal,2020.0,Doom Metal
DirectlySamples,1933,10503,0,Avant-Garde Folk,2025.0,Southern Gothic Rock
DirectlySamples,1943,11677,0,Lo-Fi Electronica,2020.0,Lo-Fi Electronica
DirectlySamples,1943,2167,0,Lo-Fi Electronica,2020.0,Lo-Fi Electronica
DirectlySamples,1977,15622,0,Indie Folk,2000.0,Doom Metal
DirectlySamples,1984,11056,0,Desert Rock,2029.0,Doom Metal
DirectlySamples,1984,7116,0,Desert Rock,2029.0,Doom Metal
DirectlySamples,2093,4818,0,Darkwave,2020.0,Doom Metal
DirectlySamples,2099,8888,0,Doom Metal,2023.0,Indie Rock
DirectlySamples,2143,7624,0,Indie Folk,2029.0,Synthpop
DirectlySamples,2186,5535,0,Doom Metal,2010.0,Doom Metal
DirectlySamples,2208,16702,0,Emo/Pop Punk,2019.0,Avant-Garde Folk
DirectlySamples,2212,3668,0,Doom Metal,2016.0,Doom Metal
DirectlySamples,2260,3168,0,Symphonic Metal,2029.0,Indie Folk
DirectlySamples,2272,3501,0,Space Rock,2022.0,Oceanus Folk
DirectlySamples,2272,13324,0,Space Rock,2022.0,Oceanus Folk
DirectlySamples,2307,892,0,Synthwave,2026.0,Desert Rock
DirectlySamples,2333,9772,0,Indie Pop,2000.0,Indie Pop
DirectlySamples,2350,7036,0,Blues Rock,2007.0,Indie Pop
DirectlySamples,2385,445,0,Dream Pop,2023.0,Psychedelic Rock
DirectlySamples,2406,9256,0,Symphonic Metal,2029.0,Symphonic Metal
DirectlySamples,2418,5706,0,Dream Pop,2028.0,Americana
DirectlySamples,2436,16487,0,Indie Folk,2020.0,Indie Folk
DirectlySamples,2475,13758,0,Alternative Rock,2026.0,Indie Folk
DirectlySamples,2534,7977,0,Indie Pop,2020.0,Indie Pop
DirectlySamples,2567,5389,0,Post-Apocalyptic Folk,2022.0,Post-Apocalyptic Folk
DirectlySamples,2576,15622,0,Indie Folk,2020.0,Doom Metal
DirectlySamples,2596,10709,0,Dream Pop,2026.0,Dream Pop
DirectlySamples,2633,14469,0,Space Rock,2026.0,Space Rock
DirectlySamples,2647,16665,0,Doom Metal,2023.0,Doom Metal
DirectlySamples,2662,1841,0,Oceanus Folk,2022.0,Indie Folk
DirectlySamples,2679,15578,0,Blues Rock,2007.0,Indie Pop
DirectlySamples,2696,9454,0,Doom Metal,2010.0,Indie Rock
DirectlySamples,2701,15622,0,Americana,2029.0,Doom Metal
DirectlySamples,2794,14128,0,Southern Gothic Rock,2004.0,Blues Rock
DirectlySamples,2852,3154,0,Dream Pop,2028.0,Americana
DirectlySamples,2865,3085,0,Blues Rock,2026.0,Indie Pop
DirectlySamples,2928,12367,0,Synthwave,2010.0,Indie Folk
DirectlySamples,2982,11612,0,Psychedelic Rock,2016.0,Indie Folk
DirectlySamples,3025,1841,0,Oceanus Folk,2017.0,Indie Folk
DirectlySamples,3106,1101,0,Southern Gothic Rock,2001.0,Avant-Garde Folk
DirectlySamples,3151,2658,0,Alternative Rock,2015.0,Dream Pop
DirectlySamples,3163,14094,0,Speed Metal,2001.0,Speed Metal
DirectlySamples,3186,5887,0,Dream Pop,2028.0,Doom Metal
DirectlySamples,3228,4770,0,Dream Pop,2029.0,Synthwave
DirectlySamples,3270,9650,0,Speed Metal,2013.0,Speed Metal
DirectlySamples,3275,13563,0,Desert Rock,2023.0,Synthpop
DirectlySamples,3282,445,0,Synthwave,2023.0,Psychedelic Rock
DirectlySamples,3291,6103,0,Dream Pop,2024.0,Dream Pop
DirectlySamples,3302,13487,0,Avant-Garde Folk,2029.0,Southern Gothic Rock
DirectlySamples,3362,5061,0,Synthwave,2022.0,Synthwave
DirectlySamples,3362,11526,0,Synthwave,2022.0,Psychedelic Rock
DirectlySamples,3362,9709,0,Synthwave,2022.0,Oceanus Folk
DirectlySamples,3381,9262,0,Indie Rock,2026.0,Doom Metal
DirectlySamples,3387,5110,0,Lo-Fi Electronica,2016.0,Indie Pop
DirectlySamples,3449,7958,0,Southern Gothic Rock,2027.0,Southern Gothic Rock
DirectlySamples,3553,11574,0,Doom Metal,2013.0,Indie Rock
DirectlySamples,3596,14644,0,Avant-Garde Folk,2015.0,Avant-Garde Folk
DirectlySamples,3603,5212,0,Indie Rock,2013.0,Southern Gothic Rock
DirectlySamples,3634,14628,0,Dream Pop,2020.0,Alternative Rock
DirectlySamples,3644,827,0,Lo-Fi Electronica,2019.0,Lo-Fi Electronica
DirectlySamples,3697,13062,0,Darkwave,2022.0,Doom Metal
DirectlySamples,3750,16120,0,Space Rock,2029.0,Doom Metal
DirectlySamples,3782,1841,0,Oceanus Folk,2020.0,Indie Folk
DirectlySamples,3793,5704,0,Emo/Pop Punk,2005.0,Emo/Pop Punk
DirectlySamples,3891,3025,0,Desert Rock,2023.0,Oceanus Folk
DirectlySamples,3913,10143,0,Synthwave,2026.0,Synthwave
DirectlySamples,3917,16367,0,Synthwave,2026.0,Darkwave
DirectlySamples,3986,6177,0,Americana,2015.0,Americana
DirectlySamples,4014,3252,0,Psychedelic Rock,2024.0,Psychedelic Rock
DirectlySamples,4034,14994,0,Desert Rock,2030.0,Indie Folk
DirectlySamples,4077,16524,0,Jazz Surf Rock,2023.0,Oceanus Folk
DirectlySamples,4077,1841,0,Jazz Surf Rock,2023.0,Indie Folk
DirectlySamples,4167,5840,0,Southern Gothic Rock,2017.0,Southern Gothic Rock
DirectlySamples,4228,2212,0,Synthwave,2021.0,Doom Metal
DirectlySamples,4239,14740,0,Alternative Rock,2026.0,Indie Folk
DirectlySamples,4299,1841,0,Desert Rock,2030.0,Indie Folk
DirectlySamples,4328,12309,0,Americana,2026.0,Darkwave
DirectlySamples,4368,13335,0,Lo-Fi Electronica,2029.0,Lo-Fi Electronica
DirectlySamples,4421,14987,0,Jazz Surf Rock,2026.0,Doom Metal
DirectlySamples,4464,4348,0,Dream Pop,2017.0,Oceanus Folk
DirectlySamples,4498,7571,0,Indie Folk,2023.0,Indie Folk
DirectlySamples,4593,11718,0,Alternative Rock,2018.0,Southern Gothic Rock
DirectlySamples,4613,4571,0,Alternative Rock,2025.0,Indie Folk
DirectlySamples,4626,14086,0,Dream Pop,2020.0,Doom Metal
DirectlySamples,4675,14569,0,Desert Rock,2020.0,Synthpop
DirectlySamples,4704,10941,0,Jazz Surf Rock,2028.0,Indie Rock
DirectlySamples,4738,12089,0,Alternative Rock,2020.0,Jazz Surf Rock
DirectlySamples,4774,15775,0,Lo-Fi Electronica,2029.0,Lo-Fi Electronica
DirectlySamples,4777,7484,0,Synthwave,2014.0,Synthwave
DirectlySamples,4821,4140,0,Dream Pop,2028.0,Synthwave
DirectlySamples,4843,11525,0,Indie Folk,2023.0,Psychedelic Rock
DirectlySamples,4862,8593,0,Americana,2026.0,Doom Metal
DirectlySamples,4920,13632,0,Darkwave,2029.0,Darkwave
DirectlySamples,4920,13214,0,Darkwave,2029.0,Darkwave
DirectlySamples,4945,3587,0,Desert Rock,2026.0,Doom Metal
DirectlySamples,4981,16719,0,Space Rock,2024.0,Psychedelic Rock
DirectlySamples,5001,1422,0,Indie Rock,1994.0,Indie Rock
DirectlySamples,5004,12389,0,Synthwave,2021.0,Space Rock
DirectlySamples,5040,5837,0,Lo-Fi Electronica,2026.0,Dream Pop
DirectlySamples,5074,8815,0,Dream Pop,2010.0,Dream Pop
DirectlySamples,5074,13421,0,Dream Pop,2010.0,Dream Pop
DirectlySamples,5088,13985,0,Lo-Fi Electronica,2026.0,Lo-Fi Electronica
DirectlySamples,5113,6106,0,Indie Rock,2026.0,Indie Folk
DirectlySamples,5119,16719,0,Psychedelic Rock,2011.0,Psychedelic Rock
DirectlySamples,5407,1853,0,Avant-Garde Folk,2023.0,Avant-Garde Folk
DirectlySamples,5410,1841,0,Indie Folk,2023.0,Indie Folk
DirectlySamples,5415,5288,0,Darkwave,2028.0,Doom Metal
DirectlySamples,5460,11768,0,Psychedelic Rock,2024.0,Dream Pop
DirectlySamples,5480,8680,0,Lo-Fi Electronica,2018.0,Lo-Fi Electronica
DirectlySamples,5492,4728,0,Indie Folk,2023.0,Desert Rock
DirectlySamples,5492,14118,0,Indie Folk,2023.0,Indie Folk
DirectlySamples,5609,3978,0,Synthwave,2006.0,Doom Metal
DirectlySamples,5614,1611,0,Synthwave,2026.0,Indie Rock
DirectlySamples,5643,10121,0,Lo-Fi Electronica,2011.0,Lo-Fi Electronica
DirectlySamples,5657,9547,0,Indie Rock,2023.0,Dream Pop
DirectlySamples,5673,10835,0,Indie Folk,2030.0,Americana
DirectlySamples,5737,3706,0,Dream Pop,2020.0,Synthwave
DirectlySamples,5767,1977,0,Desert Rock,2015.0,Indie Folk
DirectlySamples,5873,438,0,Americana,2026.0,Dream Pop
DirectlySamples,5916,1884,0,Americana,2018.0,Doom Metal
DirectlySamples,5928,10417,0,Lo-Fi Electronica,2019.0,Lo-Fi Electronica
DirectlySamples,5992,15978,0,Dream Pop,2026.0,Dream Pop
DirectlySamples,6028,6363,0,Alternative Rock,1990.0,Dream Pop
DirectlySamples,6035,16617,0,Indie Pop,2017.0,Emo/Pop Punk
DirectlySamples,6065,757,0,Dream Pop,2029.0,Oceanus Folk
DirectlySamples,6103,11526,0,Dream Pop,2022.0,Psychedelic Rock
DirectlySamples,6126,6120,0,Darkwave,2029.0,Darkwave
DirectlySamples,6130,7250,0,Doom Metal,2026.0,Doom Metal
DirectlySamples,6137,7063,0,Synthwave,2024.0,Americana
DirectlySamples,6158,3512,0,Avant-Garde Folk,2018.0,Indie Pop
DirectlySamples,6210,5726,0,Alternative Rock,2022.0,Alternative Rock
DirectlySamples,6279,4880,0,Alternative Rock,2028.0,Alternative Rock
DirectlySamples,6298,14670,0,Alternative Rock,1994.0,Alternative Rock
DirectlySamples,6313,14628,0,Dream Pop,2009.0,Alternative Rock
DirectlySamples,6351,11491,0,Psychedelic Rock,2028.0,Psychedelic Rock
DirectlySamples,6390,12089,0,Indie Rock,2023.0,Jazz Surf Rock
DirectlySamples,6415,4830,0,Alternative Rock,2017.0,Alternative Rock
DirectlySamples,6507,14976,0,Speed Metal,2017.0,Speed Metal
DirectlySamples,6556,12673,0,Symphonic Metal,2027.0,Americana
DirectlySamples,6564,10552,0,Space Rock,2019.0,Space Rock
DirectlySamples,6588,106,0,Alternative Rock,2027.0,Blues Rock
DirectlySamples,6661,8107,0,Doom Metal,2023.0,Oceanus Folk
DirectlySamples,6687,2148,0,Southern Gothic Rock,2022.0,Southern Gothic Rock
DirectlySamples,6820,7897,0,Space Rock,2025.0,Post-Apocalyptic Folk
DirectlySamples,6830,14672,0,Indie Folk,2017.0,Doom Metal
DirectlySamples,6837,2927,0,Avant-Garde Folk,2007.0,Southern Gothic Rock
DirectlySamples,6839,15622,0,Doom Metal,2017.0,Doom Metal
DirectlySamples,6865,4377,0,Doom Metal,2020.0,Doom Metal
DirectlySamples,6893,1702,0,Dream Pop,2022.0,Dream Pop
DirectlySamples,6954,10709,0,Jazz Surf Rock,2025.0,Dream Pop
DirectlySamples,6989,15983,0,Emo/Pop Punk,2023.0,Avant-Garde Folk
DirectlySamples,7006,11280,0,Darkwave,2026.0,Darkwave
DirectlySamples,7034,11413,0,Alternative Rock,2010.0,Alternative Rock
DirectlySamples,7056,3711,0,Synthwave,2024.0,Oceanus Folk
DirectlySamples,7092,6006,0,Synthwave,2025.0,Doom Metal
DirectlySamples,7116,15622,0,Doom Metal,2007.0,Doom Metal
DirectlySamples,7133,8823,0,Space Rock,2026.0,Space Rock
DirectlySamples,7147,2398,0,Oceanus Folk,2029.0,Indie Folk
DirectlySamples,7189,802,0,Indie Rock,2004.0,Indie Rock
DirectlySamples,7194,6315,0,Emo/Pop Punk,2002.0,Emo/Pop Punk
DirectlySamples,7209,445,0,Symphonic Metal,2029.0,Psychedelic Rock
DirectlySamples,7226,15995,0,Indie Rock,2020.0,Dream Pop
DirectlySamples,7271,9524,0,Alternative Rock,2024.0,Dream Pop
DirectlySamples,7278,1841,0,Synthwave,2022.0,Indie Folk
DirectlySamples,7278,9884,0,Synthwave,2022.0,Psychedelic Rock
DirectlySamples,7278,14987,0,Synthwave,2022.0,Doom Metal
DirectlySamples,7295,3310,0,Indie Folk,2023.0,Dream Pop
DirectlySamples,7330,10645,0,Synthwave,2014.0,Synthwave
DirectlySamples,7371,8593,0,Synthwave,2017.0,Doom Metal
DirectlySamples,7389,7671,0,Blues Rock,1989.0,Alternative Rock
DirectlySamples,7435,9884,0,Psychedelic Rock,2010.0,Psychedelic Rock
DirectlySamples,7448,10948,0,Darkwave,2023.0,Darkwave
DirectlySamples,7479,6006,0,Doom Metal,2026.0,Doom Metal
DirectlySamples,7517,16233,0,Indie Rock,2023.0,Psychedelic Rock
DirectlySamples,7520,12705,0,Dream Pop,2025.0,Indie Folk
DirectlySamples,7581,14143,0,Americana,2025.0,Darkwave
DirectlySamples,7662,1772,0,Southern Gothic Rock,2013.0,Southern Gothic Rock
DirectlySamples,7672,5432,0,Dream Pop,2025.0,Synthwave
DirectlySamples,7739,4609,0,Southern Gothic Rock,2023.0,Avant-Garde Folk
DirectlySamples,7787,264,0,Desert Rock,2026.0,Dream Pop
DirectlySamples,7797,14482,0,Southern Gothic Rock,2030.0,Indie Pop
DirectlySamples,7851,12199,0,Synthwave,2014.0,Doom Metal
DirectlySamples,7873,8274,0,Dream Pop,2027.0,Dream Pop
DirectlySamples,7882,15970,0,Southern Gothic Rock,2018.0,Southern Gothic Rock
DirectlySamples,7949,7278,0,Dream Pop,2029.0,Synthwave
DirectlySamples,7982,6524,0,Oceanus Folk,2024.0,Oceanus Folk
DirectlySamples,7987,2694,0,Southern Gothic Rock,2009.0,Blues Rock
DirectlySamples,7990,2073,0,Indie Rock,2025.0,Doom Metal
DirectlySamples,8096,14291,0,Indie Folk,2017.0,Americana
DirectlySamples,8115,5279,0,Emo/Pop Punk,1999.0,Indie Pop
DirectlySamples,8153,15441,0,Oceanus Folk,2020.0,Oceanus Folk
DirectlySamples,8182,12678,0,Dream Pop,2029.0,Synthwave
DirectlySamples,8207,16528,0,Alternative Rock,2004.0,Emo/Pop Punk
DirectlySamples,8209,9817,0,Southern Gothic Rock,2027.0,Southern Gothic Rock
DirectlySamples,8211,966,0,Lo-Fi Electronica,2011.0,Lo-Fi Electronica
DirectlySamples,8216,11014,0,Doom Metal,2026.0,Indie Folk
DirectlySamples,8251,10673,0,Doom Metal,2017.0,Doom Metal
DirectlySamples,8273,15521,0,Southern Gothic Rock,2000.0,Indie Pop
DirectlySamples,8359,8653,0,Dream Pop,2029.0,Psychedelic Rock
DirectlySamples,8445,5913,0,Southern Gothic Rock,2029.0,Blues Rock
DirectlySamples,8448,4459,0,Jazz Surf Rock,2029.0,Synthwave
DirectlySamples,8453,3520,0,Oceanus Folk,2026.0,Oceanus Folk
DirectlySamples,8477,6080,0,Synthwave,2017.0,Doom Metal
DirectlySamples,8483,7278,0,Indie Folk,2026.0,Synthwave
DirectlySamples,8511,14965,0,Jazz Surf Rock,2025.0,Doom Metal
DirectlySamples,8604,10747,0,Synthwave,2026.0,Dream Pop
DirectlySamples,8640,14401,0,Post-Apocalyptic Folk,2026.0,Darkwave
DirectlySamples,8708,2792,0,Emo/Pop Punk,2023.0,Indie Pop
DirectlySamples,8709,3727,0,Indie Rock,2020.0,Dream Pop
DirectlySamples,8773,966,0,Lo-Fi Electronica,2027.0,Lo-Fi Electronica
DirectlySamples,8785,13062,0,Americana,2000.0,Doom Metal
DirectlySamples,8813,6271,0,Alternative Rock,2017.0,Alternative Rock
DirectlySamples,8815,2510,0,Dream Pop,1996.0,Dream Pop
DirectlySamples,8837,7278,0,Darkwave,2028.0,Synthwave
DirectlySamples,8837,6960,0,Darkwave,2028.0,Dream Pop
DirectlySamples,8846,2433,0,Dream Pop,2027.0,Dream Pop
DirectlySamples,8855,14435,0,Southern Gothic Rock,2020.0,Indie Pop
DirectlySamples,8858,12445,0,Oceanus Folk,2026.0,Synthpop
DirectlySamples,8872,13430,0,Speed Metal,1993.0,Speed Metal
DirectlySamples,8891,12041,0,Southern Gothic Rock,2009.0,Southern Gothic Rock
DirectlySamples,8891,13357,0,Southern Gothic Rock,2009.0,Southern Gothic Rock
DirectlySamples,8892,3697,0,Desert Rock,2025.0,Darkwave
DirectlySamples,8892,13332,0,Desert Rock,2025.0,Darkwave
DirectlySamples,8899,9061,0,Southern Gothic Rock,2024.0,Southern Gothic Rock
DirectlySamples,8900,8487,0,Synthwave,2013.0,Dream Pop
DirectlySamples,8904,9007,0,Doom Metal,2014.0,Doom Metal
DirectlySamples,8924,13758,0,Americana,2028.0,Indie Folk
DirectlySamples,8949,13402,0,Alternative Rock,2024.0,Alternative Rock
DirectlySamples,8949,11142,0,Alternative Rock,2024.0,Indie Pop
DirectlySamples,9013,8593,0,Indie Folk,2017.0,Doom Metal
DirectlySamples,9014,9308,0,Dream Pop,2024.0,Dream Pop
DirectlySamples,9019,12817,0,Dream Pop,2020.0,Synthwave
DirectlySamples,9062,1841,0,Oceanus Folk,2023.0,Indie Folk
DirectlySamples,9081,15489,0,Doom Metal,2017.0,Dream Pop
DirectlySamples,9089,3123,0,Indie Pop,2007.0,Indie Pop
DirectlySamples,9096,1841,0,Oceanus Folk,2017.0,Indie Folk
DirectlySamples,9122,2167,0,Lo-Fi Electronica,2017.0,Lo-Fi Electronica
DirectlySamples,9165,9200,0,Synthwave,2028.0,Indie Folk
DirectlySamples,9188,14755,0,Space Rock,2026.0,Americana
DirectlySamples,9219,1195,0,Americana,2029.0,Dream Pop
DirectlySamples,9239,14239,0,Alternative Rock,2030.0,Speed Metal
DirectlySamples,9267,14136,0,Dream Pop,2022.0,Doom Metal
DirectlySamples,9294,2279,0,Alternative Rock,2009.0,Dream Pop
DirectlySamples,9294,5891,0,Alternative Rock,2009.0,Dream Pop
DirectlySamples,9299,2927,0,Emo/Pop Punk,2003.0,Southern Gothic Rock
DirectlySamples,9301,12761,0,Symphonic Metal,2025.0,Symphonic Metal
DirectlySamples,9322,1841,0,Oceanus Folk,2013.0,Indie Folk
DirectlySamples,9411,9371,0,Indie Pop,2029.0,Avant-Garde Folk
DirectlySamples,9412,4538,0,Alternative Rock,2026.0,Southern Gothic Rock
DirectlySamples,9414,7116,0,Doom Metal,2024.0,Doom Metal
DirectlySamples,9446,13516,0,Desert Rock,2027.0,Oceanus Folk
DirectlySamples,9458,15950,0,Post-Apocalyptic Folk,2027.0,Psychedelic Rock
DirectlySamples,9489,3025,0,Indie Folk,2029.0,Oceanus Folk
DirectlySamples,9489,16259,0,Indie Folk,2029.0,Indie Folk
DirectlySamples,9493,15325,0,Oceanus Folk,2029.0,Indie Folk
DirectlySamples,9526,4849,0,Synthwave,2001.0,Synthwave
DirectlySamples,9534,14512,0,Lo-Fi Electronica,2018.0,Lo-Fi Electronica
DirectlySamples,9535,7128,0,Indie Rock,1996.0,Dream Pop
DirectlySamples,9557,14670,0,Dream Pop,2020.0,Alternative Rock
DirectlySamples,9631,3025,0,Desert Rock,2029.0,Oceanus Folk
DirectlySamples,9647,7157,0,Southern Gothic Rock,2006.0,Southern Gothic Rock
DirectlySamples,9685,3501,0,Oceanus Folk,2013.0,Oceanus Folk
DirectlySamples,9689,8992,0,Dream Pop,2027.0,Dream Pop
DirectlySamples,9719,4583,0,Speed Metal,2017.0,Speed Metal
DirectlySamples,9737,1757,0,Avant-Garde Folk,2020.0,Avant-Garde Folk
DirectlySamples,9766,13364,0,Doom Metal,2017.0,Indie Rock
DirectlySamples,9795,9666,0,Indie Folk,2027.0,Americana
DirectlySamples,9808,5660,0,Indie Rock,2018.0,Indie Rock
DirectlySamples,9829,5295,0,Indie Folk,2020.0,Doom Metal
DirectlySamples,9829,13332,0,Indie Folk,2020.0,Darkwave
DirectlySamples,9861,8651,0,Desert Rock,2026.0,Oceanus Folk
DirectlySamples,9982,6006,0,Doom Metal,2023.0,Doom Metal
DirectlySamples,9992,445,0,Dream Pop,2029.0,Psychedelic Rock
DirectlySamples,10120,1018,0,Avant-Garde Folk,2020.0,Alternative Rock
DirectlySamples,10121,4781,0,Lo-Fi Electronica,2007.0,Lo-Fi Electronica
DirectlySamples,10133,9815,0,Dream Pop,2010.0,Indie Folk
DirectlySamples,10185,12120,0,Dream Pop,2026.0,Dream Pop
DirectlySamples,10240,8989,0,Southern Gothic Rock,2013.0,Southern Gothic Rock
DirectlySamples,10258,1841,0,Indie Folk,2023.0,Indie Folk
DirectlySamples,10266,6006,0,Indie Folk,2020.0,Doom Metal
DirectlySamples,10294,8230,0,Emo/Pop Punk,2002.0,Emo/Pop Punk
DirectlySamples,10333,5911,0,Indie Rock,2030.0,Indie Rock
DirectlySamples,10354,5436,0,Dream Pop,2018.0,Dream Pop
DirectlySamples,10376,14965,0,Dream Pop,2029.0,Doom Metal
DirectlySamples,10388,6461,0,Doom Metal,1991.0,Synthwave
DirectlySamples,10392,13564,0,Psychedelic Rock,2029.0,Psychedelic Rock
DirectlySamples,10447,9895,0,Dream Pop,2018.0,Synthwave
DirectlySamples,10469,4095,0,Space Rock,2015.0,Indie Rock
DirectlySamples,10505,14118,0,Jazz Surf Rock,2027.0,Indie Folk
DirectlySamples,10507,11127,0,Psychedelic Rock,2022.0,Psychedelic Rock
DirectlySamples,10632,6368,0,Indie Folk,2013.0,Synthwave
DirectlySamples,10659,10281,0,Dream Pop,2025.0,Synthwave
DirectlySamples,10659,3869,0,Dream Pop,2025.0,Darkwave
DirectlySamples,10740,1539,0,Avant-Garde Folk,2022.0,Indie Pop
DirectlySamples,10740,3596,0,Avant-Garde Folk,2022.0,Avant-Garde Folk
DirectlySamples,10741,9942,0,Dream Pop,2027.0,Synthwave
DirectlySamples,10741,16432,0,Dream Pop,2027.0,Desert Rock
DirectlySamples,10761,8201,0,Symphonic Metal,2028.0,Symphonic Metal
DirectlySamples,10787,6268,0,Desert Rock,2024.0,Indie Folk
DirectlySamples,10818,10562,0,Dream Pop,2028.0,Dream Pop
DirectlySamples,10833,4847,0,Americana,2023.0,Indie Rock
DirectlySamples,10875,14994,0,Dream Pop,2029.0,Indie Folk
DirectlySamples,10928,15622,0,Dream Pop,2022.0,Doom Metal
DirectlySamples,10935,1935,0,Psychedelic Rock,1991.0,Psychedelic Rock
DirectlySamples,10953,445,0,Psychedelic Rock,2022.0,Psychedelic Rock
DirectlySamples,10994,7872,0,Southern Gothic Rock,2017.0,Indie Pop
DirectlySamples,10996,3508,0,Alternative Rock,2004.0,Synthwave
DirectlySamples,10996,4849,0,Alternative Rock,2004.0,Synthwave
DirectlySamples,11018,15658,0,Indie Folk,2020.0,Synthwave
DirectlySamples,11056,4728,0,Doom Metal,2023.0,Desert Rock
DirectlySamples,11056,7116,0,Doom Metal,2023.0,Doom Metal
DirectlySamples,11072,10736,0,Dream Pop,2024.0,Space Rock
DirectlySamples,11125,2510,0,Dream Pop,1997.0,Dream Pop
DirectlySamples,11130,15542,0,Space Rock,2027.0,Americana
DirectlySamples,11130,3501,0,Space Rock,2027.0,Oceanus Folk
DirectlySamples,11146,1841,0,Synthpop,2020.0,Indie Folk
DirectlySamples,11191,12678,0,Americana,2022.0,Synthwave
DirectlySamples,11225,10747,0,Synthwave,2024.0,Dream Pop
DirectlySamples,11227,5051,0,Indie Pop,2013.0,Emo/Pop Punk
DirectlySamples,11230,8516,0,Psychedelic Rock,2020.0,Psychedelic Rock
DirectlySamples,11236,4932,0,Alternative Rock,2028.0,Speed Metal
DirectlySamples,11263,16432,0,Post-Apocalyptic Folk,2025.0,Desert Rock
DirectlySamples,11263,10673,0,Post-Apocalyptic Folk,2025.0,Doom Metal
DirectlySamples,11269,13965,0,Indie Folk,2016.0,Oceanus Folk
DirectlySamples,11280,7278,0,Darkwave,2023.0,Synthwave
DirectlySamples,11300,4362,0,Dream Pop,2020.0,Synthwave
DirectlySamples,11357,2510,0,Alternative Rock,2026.0,Dream Pop
DirectlySamples,11363,9647,0,Blues Rock,2010.0,Southern Gothic Rock
DirectlySamples,11385,11127,0,Dream Pop,2024.0,Psychedelic Rock
DirectlySamples,11385,9360,0,Dream Pop,2024.0,Dream Pop
DirectlySamples,11413,15734,0,Alternative Rock,2009.0,Alternative Rock
DirectlySamples,11453,1943,0,Dream Pop,2023.0,Lo-Fi Electronica
DirectlySamples,11453,14799,0,Dream Pop,2023.0,Dream Pop
DirectlySamples,11459,11175,0,Post-Apocalyptic Folk,2026.0,Post-Apocalyptic Folk
DirectlySamples,11465,6006,0,Space Rock,2028.0,Doom Metal
DirectlySamples,11477,4781,0,Lo-Fi Electronica,2021.0,Lo-Fi Electronica
DirectlySamples,11514,7005,0,Emo/Pop Punk,2007.0,Emo/Pop Punk
DirectlySamples,11514,5611,0,Emo/Pop Punk,2007.0,Emo/Pop Punk
DirectlySamples,11567,3025,0,Oceanus Folk,2023.0,Oceanus Folk
DirectlySamples,11646,10111,0,Alternative Rock,2030.0,Darkwave
DirectlySamples,11655,6080,0,Oceanus Folk,2026.0,Doom Metal
DirectlySamples,11677,2167,0,Lo-Fi Electronica,2009.0,Lo-Fi Electronica
DirectlySamples,11765,9129,0,Dream Pop,2018.0,Dream Pop
DirectlySamples,11780,10530,0,Dream Pop,2027.0,Indie Folk
DirectlySamples,11808,6428,0,Indie Folk,2029.0,Oceanus Folk
DirectlySamples,11824,11033,0,Dream Pop,2020.0,Doom Metal
DirectlySamples,11851,12852,0,Dream Pop,2032.0,Indie Folk
DirectlySamples,11859,13891,0,Lo-Fi Electronica,2014.0,Lo-Fi Electronica
DirectlySamples,11861,3546,0,Dream Pop,2026.0,Dream Pop
DirectlySamples,11870,1841,0,Indie Folk,2028.0,Indie Folk
DirectlySamples,11878,11984,0,Alternative Rock,2023.0,Blues Rock
DirectlySamples,11880,11984,0,Southern Gothic Rock,2006.0,Blues Rock
DirectlySamples,11936,6315,0,Emo/Pop Punk,2029.0,Emo/Pop Punk
DirectlySamples,11936,10294,0,Emo/Pop Punk,2029.0,Emo/Pop Punk
DirectlySamples,12041,16495,0,Southern Gothic Rock,2004.0,Southern Gothic Rock
DirectlySamples,12043,8245,0,Dream Pop,2023.0,Space Rock
DirectlySamples,12105,13357,0,Southern Gothic Rock,2017.0,Southern Gothic Rock
DirectlySamples,12105,9586,0,Southern Gothic Rock,2017.0,Indie Pop
DirectlySamples,12131,16646,0,Psychedelic Rock,2023.0,Dream Pop
DirectlySamples,12164,15754,0,Dream Pop,2030.0,Indie Folk
DirectlySamples,12190,9526,0,Indie Folk,2023.0,Synthwave
DirectlySamples,12338,15622,0,Doom Metal,2020.0,Doom Metal
DirectlySamples,12344,10120,0,Alternative Rock,2021.0,Avant-Garde Folk
DirectlySamples,12344,3512,0,Alternative Rock,2021.0,Indie Pop
DirectlySamples,12347,13735,0,Darkwave,2026.0,Darkwave
DirectlySamples,12352,2347,0,Dream Pop,2026.0,Post-Apocalyptic Folk
DirectlySamples,12384,12397,0,Indie Folk,2017.0,Dream Pop
DirectlySamples,12429,8602,0,Jazz Surf Rock,2028.0,Dream Pop
DirectlySamples,12441,14994,0,Desert Rock,2028.0,Indie Folk
DirectlySamples,12490,9096,0,Oceanus Folk,2029.0,Oceanus Folk
DirectlySamples,12490,6611,0,Oceanus Folk,2029.0,Oceanus Folk
DirectlySamples,12535,13632,0,Darkwave,2027.0,Darkwave
DirectlySamples,12540,6643,0,Indie Folk,2026.0,Indie Folk
DirectlySamples,12546,5907,0,Alternative Rock,2010.0,Indie Folk
DirectlySamples,12547,5952,0,Indie Folk,2023.0,Indie Rock
DirectlySamples,12554,15594,0,Desert Rock,2027.0,Dream Pop
DirectlySamples,12578,8636,0,Symphonic Metal,2029.0,Dream Pop
DirectlySamples,12594,14670,0,Dream Pop,2003.0,Alternative Rock
DirectlySamples,12594,12998,0,Dream Pop,2003.0,Dream Pop
DirectlySamples,12623,4541,0,Dream Pop,2028.0,Psychedelic Rock
DirectlySamples,12633,5224,0,Indie Folk,2027.0,Doom Metal
DirectlySamples,12633,9007,0,Indie Folk,2027.0,Doom Metal
DirectlySamples,12673,15622,0,Americana,2013.0,Doom Metal
DirectlySamples,12691,1841,0,Oceanus Folk,2017.0,Indie Folk
DirectlySamples,12718,3025,0,Space Rock,2027.0,Oceanus Folk
DirectlySamples,12727,15622,0,Synthwave,2013.0,Doom Metal
DirectlySamples,12816,12625,0,Synthwave,2029.0,Oceanus Folk
DirectlySamples,12816,3520,0,Synthwave,2029.0,Oceanus Folk
DirectlySamples,12833,14410,0,Doom Metal,2020.0,Doom Metal
DirectlySamples,12926,15754,0,Oceanus Folk,2023.0,Indie Folk
DirectlySamples,12933,8372,0,Southern Gothic Rock,2013.0,Avant-Garde Folk
DirectlySamples,12936,6006,0,Synthwave,2020.0,Doom Metal
DirectlySamples,12963,445,0,Post-Apocalyptic Folk,2028.0,Psychedelic Rock
DirectlySamples,12963,2567,0,Post-Apocalyptic Folk,2028.0,Post-Apocalyptic Folk
DirectlySamples,12963,12986,0,Post-Apocalyptic Folk,2028.0,Post-Apocalyptic Folk
DirectlySamples,12971,4283,0,Dream Pop,2016.0,Dream Pop
DirectlySamples,12998,4684,0,Dream Pop,1994.0,Indie Folk
DirectlySamples,13040,8355,0,Dream Pop,2017.0,Synthwave
DirectlySamples,13068,9995,0,Synthwave,2023.0,Dream Pop
DirectlySamples,13069,13721,0,Synthwave,2023.0,Doom Metal
DirectlySamples,13088,438,0,Symphonic Metal,2026.0,Dream Pop
DirectlySamples,13161,6368,0,Desert Rock,2024.0,Synthwave
DirectlySamples,13196,1121,0,Southern Gothic Rock,2024.0,Southern Gothic Rock
DirectlySamples,13208,2510,0,Dream Pop,2007.0,Dream Pop
DirectlySamples,13223,11614,0,Alternative Rock,2017.0,Alternative Rock
DirectlySamples,13228,15343,0,Speed Metal,2013.0,Speed Metal
DirectlySamples,13232,13324,0,Oceanus Folk,2027.0,Oceanus Folk
DirectlySamples,13232,14762,0,Oceanus Folk,2027.0,Oceanus Folk
DirectlySamples,13240,4233,0,Dream Pop,2024.0,Dream Pop
DirectlySamples,13266,11768,0,Dream Pop,2027.0,Dream Pop
DirectlySamples,13280,6994,0,Indie Folk,2030.0,Oceanus Folk
DirectlySamples,13298,12596,0,Alternative Rock,2024.0,Psychedelic Rock
DirectlySamples,13336,4849,0,Dream Pop,2026.0,Synthwave
DirectlySamples,13358,1326,0,Jazz Surf Rock,2001.0,Jazz Surf Rock
DirectlySamples,13364,2905,0,Indie Rock,2012.0,Doom Metal
DirectlySamples,13421,2510,0,Dream Pop,1994.0,Dream Pop
DirectlySamples,13480,419,0,Synthwave,2009.0,Doom Metal
DirectlySamples,13489,14965,0,Post-Apocalyptic Folk,2026.0,Doom Metal
DirectlySamples,13499,8708,0,Alternative Rock,2030.0,Emo/Pop Punk
DirectlySamples,13503,16298,0,Lo-Fi Electronica,1994.0,Lo-Fi Electronica
DirectlySamples,13567,5928,0,Lo-Fi Electronica,2025.0,Lo-Fi Electronica
DirectlySamples,13567,15838,0,Lo-Fi Electronica,2025.0,Avant-Garde Folk
DirectlySamples,13658,3362,0,Synthwave,2023.0,Synthwave
DirectlySamples,13691,7224,0,Indie Folk,2026.0,Oceanus Folk
DirectlySamples,13734,10532,0,Psychedelic Rock,2026.0,Synthwave
DirectlySamples,13735,11097,0,Darkwave,2024.0,Darkwave
DirectlySamples,13758,16491,0,Indie Folk,2013.0,Indie Folk
DirectlySamples,13813,15881,0,Dream Pop,2024.0,Synthwave
DirectlySamples,13820,2848,0,Lo-Fi Electronica,2025.0,Lo-Fi Electronica
DirectlySamples,13820,5214,0,Lo-Fi Electronica,2025.0,Lo-Fi Electronica
DirectlySamples,13834,8630,0,Synthwave,2023.0,Indie Folk
DirectlySamples,13861,892,0,Doom Metal,2023.0,Desert Rock
DirectlySamples,13893,15547,0,Dream Pop,2024.0,Dream Pop
DirectlySamples,14003,15473,0,Synthwave,2028.0,Synthwave
DirectlySamples,14007,16179,0,Southern Gothic Rock,2021.0,Southern Gothic Rock
DirectlySamples,14023,4583,0,Speed Metal,2020.0,Speed Metal
DirectlySamples,14030,10709,0,Indie Folk,2023.0,Dream Pop
DirectlySamples,14057,10281,0,Synthwave,2023.0,Synthwave
DirectlySamples,14094,8050,0,Speed Metal,1998.0,Speed Metal
DirectlySamples,14125,5887,0,Indie Folk,2017.0,Doom Metal
DirectlySamples,14129,3376,0,Desert Rock,2025.0,Desert Rock
DirectlySamples,14134,966,0,Lo-Fi Electronica,2029.0,Lo-Fi Electronica
DirectlySamples,14175,827,0,Emo/Pop Punk,2031.0,Lo-Fi Electronica
DirectlySamples,14175,14566,0,Emo/Pop Punk,2031.0,Lo-Fi Electronica
DirectlySamples,14187,13014,0,Synthwave,2023.0,Indie Rock
DirectlySamples,14204,13364,0,Doom Metal,2013.0,Indie Rock
DirectlySamples,14204,4652,0,Doom Metal,2013.0,Doom Metal
DirectlySamples,14210,13421,0,Jazz Surf Rock,2000.0,Dream Pop
DirectlySamples,14250,11768,0,Indie Rock,2028.0,Dream Pop
DirectlySamples,14289,12594,0,Dream Pop,2023.0,Dream Pop
DirectlySamples,14293,4770,0,Americana,2023.0,Synthwave
DirectlySamples,14299,6868,0,Southern Gothic Rock,2005.0,Indie Pop
DirectlySamples,14333,11736,0,Post-Apocalyptic Folk,2024.0,Symphonic Metal
DirectlySamples,14333,10673,0,Post-Apocalyptic Folk,2024.0,Doom Metal
DirectlySamples,14351,12010,0,Alternative Rock,2015.0,Alternative Rock
DirectlySamples,14376,12997,0,Alternative Rock,2005.0,Alternative Rock
DirectlySamples,14439,6785,0,Lo-Fi Electronica,2029.0,Lo-Fi Electronica
DirectlySamples,14474,12721,0,Alternative Rock,2020.0,Dream Pop
DirectlySamples,14482,3123,0,Indie Pop,2009.0,Indie Pop
DirectlySamples,14498,11184,0,Dream Pop,2026.0,Dream Pop
DirectlySamples,14547,7278,0,Synthwave,2026.0,Synthwave
DirectlySamples,14567,9557,0,Dream Pop,2026.0,Dream Pop
DirectlySamples,14580,1524,0,Alternative Rock,2023.0,Psychedelic Rock
DirectlySamples,14602,4770,0,Dream Pop,2027.0,Synthwave
DirectlySamples,14644,11115,0,Avant-Garde Folk,2010.0,Avant-Garde Folk
DirectlySamples,14652,2691,0,Oceanus Folk,2020.0,Oceanus Folk
DirectlySamples,14658,3349,0,Southern Gothic Rock,2004.0,Indie Pop
DirectlySamples,14662,4880,0,Alternative Rock,2024.0,Alternative Rock
DirectlySamples,14671,5704,0,Emo/Pop Punk,2002.0,Emo/Pop Punk
DirectlySamples,14701,827,0,Lo-Fi Electronica,2020.0,Lo-Fi Electronica
DirectlySamples,14705,15847,0,Alternative Rock,2030.0,Avant-Garde Folk
DirectlySamples,14710,10192,0,Lo-Fi Electronica,2024.0,Lo-Fi Electronica
DirectlySamples,14746,1841,0,Oceanus Folk,2013.0,Indie Folk
DirectlySamples,14754,6745,0,Indie Pop,2026.0,Indie Pop
DirectlySamples,14767,1841,0,Space Rock,2023.0,Indie Folk
DirectlySamples,14780,7005,0,Lo-Fi Electronica,2015.0,Emo/Pop Punk
DirectlySamples,14798,1837,0,Indie Folk,2024.0,Alternative Rock
DirectlySamples,14814,11842,0,Synthwave,2025.0,Americana
DirectlySamples,14854,7754,0,Indie Rock,2014.0,Synthwave
DirectlySamples,14855,5061,0,Indie Folk,2025.0,Synthwave
DirectlySamples,14875,10709,0,Indie Folk,2017.0,Dream Pop
DirectlySamples,14884,11980,0,Indie Rock,2023.0,Synthwave
DirectlySamples,14897,11491,0,Jazz Surf Rock,2029.0,Psychedelic Rock
DirectlySamples,14902,10358,0,Doom Metal,2020.0,Doom Metal
DirectlySamples,15004,14768,0,Lo-Fi Electronica,2022.0,Lo-Fi Electronica
DirectlySamples,15024,827,0,Lo-Fi Electronica,2013.0,Lo-Fi Electronica
DirectlySamples,15114,6556,0,Symphonic Metal,2028.0,Symphonic Metal
DirectlySamples,15144,3766,0,Space Rock,2019.0,Dream Pop
DirectlySamples,15156,15622,0,Doom Metal,2020.0,Doom Metal
DirectlySamples,15207,11371,0,Space Rock,2029.0,Space Rock
DirectlySamples,15235,974,0,Dream Pop,2029.0,Psychedelic Rock
DirectlySamples,15241,15745,0,Avant-Garde Folk,2025.0,Southern Gothic Rock
DirectlySamples,15306,15472,0,Psychedelic Rock,2004.0,Psychedelic Rock
DirectlySamples,15316,4534,0,Oceanus Folk,2026.0,Dream Pop
DirectlySamples,15388,15838,0,Avant-Garde Folk,2015.0,Avant-Garde Folk
DirectlySamples,15394,13546,0,Synthwave,2022.0,Doom Metal
DirectlySamples,15420,11159,0,Indie Folk,2028.0,Emo/Pop Punk
DirectlySamples,15424,14944,0,Lo-Fi Electronica,2024.0,Lo-Fi Electronica
DirectlySamples,15425,7709,0,Blues Rock,2019.0,Blues Rock
DirectlySamples,15435,6072,0,Indie Folk,2007.0,Synthwave
DirectlySamples,15452,14994,0,Space Rock,2028.0,Indie Folk
DirectlySamples,15457,4749,0,Indie Pop,2017.0,Emo/Pop Punk
DirectlySamples,15475,14774,0,Post-Apocalyptic Folk,2027.0,Post-Apocalyptic Folk
DirectlySamples,15482,6762,0,Symphonic Metal,2016.0,Symphonic Metal
DirectlySamples,15496,11449,0,Emo/Pop Punk,2027.0,Emo/Pop Punk
DirectlySamples,15512,4818,0,Dream Pop,2024.0,Doom Metal
DirectlySamples,15532,4126,0,Speed Metal,2026.0,Speed Metal
DirectlySamples,15565,4728,0,Space Rock,2026.0,Desert Rock
DirectlySamples,15579,4847,0,Dream Pop,2030.0,Indie Rock
DirectlySamples,15582,13956,0,Jazz Surf Rock,2000.0,Dream Pop
DirectlySamples,15584,5952,0,Dream Pop,2029.0,Indie Rock
DirectlySamples,15630,10589,0,Desert Rock,2023.0,Americana
DirectlySamples,15688,8372,0,Avant-Garde Folk,2014.0,Avant-Garde Folk
DirectlySamples,15688,9089,0,Avant-Garde Folk,2014.0,Indie Pop
DirectlySamples,15690,1748,0,Psychedelic Rock,2029.0,Dream Pop
DirectlySamples,15709,14965,0,Americana,2023.0,Doom Metal
DirectlySamples,15715,16517,0,Southern Gothic Rock,1993.0,Southern Gothic Rock
DirectlySamples,15716,2277,0,Jazz Surf Rock,2027.0,Lo-Fi Electronica
DirectlySamples,15732,9526,0,Space Rock,2029.0,Synthwave
DirectlySamples,15744,10090,0,Indie Pop,2014.0,Southern Gothic Rock
DirectlySamples,15752,7604,0,Indie Folk,2023.0,Dream Pop
DirectlySamples,15805,12043,0,Dream Pop,2028.0,Dream Pop
DirectlySamples,15807,8281,0,Indie Pop,2020.0,Southern Gothic Rock
DirectlySamples,15817,3501,0,Americana,2024.0,Oceanus Folk
DirectlySamples,15833,14464,0,Indie Rock,1991.0,Doom Metal
DirectlySamples,15881,15622,0,Synthwave,2016.0,Doom Metal
DirectlySamples,15903,5432,0,Dream Pop,2008.0,Synthwave
DirectlySamples,15954,16524,0,Oceanus Folk,2023.0,Oceanus Folk
DirectlySamples,15971,13883,0,Indie Rock,2013.0,Indie Folk
DirectlySamples,16042,6551,0,Doom Metal,2023.0,Indie Folk
DirectlySamples,16107,13747,0,Synthwave,2017.0,Doom Metal
DirectlySamples,16117,3508,0,Alternative Rock,2026.0,Synthwave
DirectlySamples,16127,1841,0,Indie Folk,2018.0,Indie Folk
DirectlySamples,16127,3501,0,Indie Folk,2018.0,Oceanus Folk
DirectlySamples,16192,1841,0,Oceanus Folk,2026.0,Indie Folk
DirectlySamples,16264,1841,0,Oceanus Folk,2026.0,Indie Folk
DirectlySamples,16269,4861,0,Speed Metal,2013.0,Speed Metal
DirectlySamples,16297,6315,0,Emo/Pop Punk,2024.0,Emo/Pop Punk
DirectlySamples,16333,833,0,Indie Rock,2020.0,Indie Rock
DirectlySamples,16336,11911,0,Dream Pop,2028.0,Blues Rock
DirectlySamples,16348,13357,0,Alternative Rock,2030.0,Southern Gothic Rock
DirectlySamples,16363,9995,0,Dream Pop,2027.0,Dream Pop
DirectlySamples,16371,966,0,Lo-Fi Electronica,2018.0,Lo-Fi Electronica
DirectlySamples,16409,15622,0,Dream Pop,2024.0,Doom Metal
DirectlySamples,16429,5079,0,Indie Folk,2023.0,Indie Folk
DirectlySamples,16437,6617,0,Indie Rock,2017.0,Dream Pop
DirectlySamples,16494,4006,0,Indie Rock,2026.0,Indie Rock
DirectlySamples,16495,8814,0,Southern Gothic Rock,1997.0,Alternative Rock
DirectlySamples,16508,3501,0,Indie Folk,2010.0,Oceanus Folk
DirectlySamples,16528,2927,0,Emo/Pop Punk,2003.0,Southern Gothic Rock
DirectlySamples,16535,5432,0,Post-Apocalyptic Folk,2010.0,Synthwave
DirectlySamples,16570,6896,0,Indie Folk,2020.0,Doom Metal
DirectlySamples,16589,16389,0,Emo/Pop Punk,2004.0,Southern Gothic Rock
DirectlySamples,16589,12923,0,Emo/Pop Punk,2004.0,Southern Gothic Rock
DirectlySamples,16624,15422,0,Desert Rock,2029.0,Psychedelic Rock
DirectlySamples,16624,5425,0,Desert Rock,2029.0,Doom Metal
DirectlySamples,16624,10673,0,Desert Rock,2029.0,Doom Metal
DirectlySamples,16710,14965,0,Dream Pop,2027.0,Doom Metal
DirectlySamples,17036,3978,0,Indie Pop,2031.0,Doom Metal
DirectlySamples,17046,17327,0,,,
DirectlySamples,17066,4749,0,Jazz Surf Rock,2034.0,Emo/Pop Punk
DirectlySamples,17093,4453,0,Speed Metal,2036.0,Indie Folk
DirectlySamples,17112,17268,0,Post-Apocalyptic Folk,2031.0,Oceanus Folk
DirectlySamples,17113,15539,0,Post-Apocalyptic Folk,2035.0,Dream Pop
DirectlySamples,17122,15889,0,Oceanus Folk,2037.0,Psychedelic Rock
DirectlySamples,17149,15275,0,Indie Rock,2034.0,Alternative Rock
DirectlySamples,17235,17314,0,,,
DirectlySamples,17250,17327,0,,,
DirectlySamples,17255,17260,1,,,
DirectlySamples,17261,2197,0,Oceanus Folk,2024.0,Doom Metal
DirectlySamples,17292,13014,0,Oceanus Folk,2038.0,Indie Rock
DirectlySamples,17308,8812,0,Oceanus Folk,2001.0,Synthwave
DirectlySamples,17340,17207,0,,,
DirectlySamples,17344,14030,0,Oceanus Folk,2029.0,Indie Folk
DirectlySamples,17351,14505,0,Oceanus Folk,2031.0,Southern Gothic Rock
DirectlySamples,17361,17255,0,,,
DirectlySamples,17363,14191,0,Oceanus Folk,2035.0,Dream Pop
DirectlySamples,17368,4854,0,Oceanus Folk,2035.0,Southern Gothic Rock
