artist_id,display_name,rank,rising_star_score,debut_year,latest_year,career_span,primary_genre,group_name,recent_notable_works,notable_works,total_works,notoriety_recency_score,outbound_influence,collab_with_popular_count,collab_score,genre_alignment_score,genre_diversity,prestige_score,prestige_label_count,prestige_group_count,influenced_by_popular_score,role_diversity,of_alignment_score,of_genre_prop,of_inf_prop,of_genre_works,of_influence_edges,recent_notable_works_norm,outbound_influence_norm,collab_with_popular_count_norm,notoriety_recency_score_norm,collab_score,genre_alignment_score_norm,genre_diversity_norm,prestige_score_norm,influenced_by_popular_score_norm,role_diversity_norm
17255,Sailor Shift,1,0.5208,2028.0,2040.0,12.0,Oceanus Folk,Ivy Echos,5,14,26,0.0,19,3,0.06999999999999999,21,1,1,0,1,19,2,0.5,1.0,0.0,26,0,1.0,0.7916666666666666,0.13043478260869565,0.0,0.06999999999999999,1.0,0.0,0.25,0.8260869565217391,0.5
1086,Chao Qiu,2,0.3663,2026.0,2029.0,3.0,Jazz Surf Rock,Coastal Horizon,0,5,5,0.0,21,13,0.11500000000000003,0,3,2,1,1,21,2,0.0,0.0,0.0,0,0,0.0,0.875,0.5652173913043478,0.0,0.11500000000000003,0.0,0.6666666666666667,0.5,0.9130434782608695,0.5
17146,Jude Rivers,3,0.3298,2034.0,2038.0,4.0,Indie Rock,Solo,4,6,8,0.0,13,0,0.0,8,1,0,0,0,12,2,0.0385,0.0,0.07692307692307693,0,1,0.8,0.5416666666666666,0.0,0.0,0.0,0.38095238095238093,0.0,0.0,0.5217391304347826,0.5
5368,Xia Dai,4,0.317,2025.0,2028.0,3.0,Dream Pop,Martial Harmonies,0,6,6,0.0,9,17,0.154,0,4,3,2,1,9,1,0.0,0.0,0.0,0,0,0.0,0.375,0.7391304347826086,0.0,0.154,0.0,1.0,0.75,0.3913043478260869,0.0
5370,Xiuying Xiang,4,0.317,2025.0,2028.0,3.0,Dream Pop,Martial Harmonies,0,6,6,0.0,9,17,0.154,0,4,3,2,1,9,1,0.0,0.0,0.0,0,0,0.0,0.375,0.7391304347826086,0.0,0.154,0.0,1.0,0.75,0.3913043478260869,0.0
17012,Sienna Fox,6,0.3163,2035.0,2038.0,3.0,Indie Rock,Solo,5,5,7,0.0,7,0,0.0,7,1,0,0,0,7,2,0.0714,0.0,0.14285714285714285,0,1,1.0,0.29166666666666663,0.0,0.0,0.0,0.3333333333333333,0.0,0.0,0.30434782608695654,0.5
17349,Bea Azure,7,0.2973,2031.0,2035.0,4.0,Oceanus Folk,Copper Canyon Ghosts,1,8,8,0.09999999999999998,11,4,0.6688461538461539,8,1,1,0,1,11,2,0.5909,1.0,0.18181818181818182,8,2,0.2,0.4583333333333333,0.17391304347826086,0.09999999999999998,0.6688461538461539,0.38095238095238093,0.0,0.25,0.4782608695652174,0.5
8,David Franklin,8,0.2733,2026.0,2026.0,0.0,Lo-Fi Electronica,Green Haze Collective,0,1,2,0.0,24,3,0.0,0,1,2,1,1,23,2,0.0,0.0,0.0,0,0,0.0,1.0,0.13043478260869565,0.0,0.0,0.0,0.0,0.5,1.0,0.5
1084,Qiang Bai,9,0.2669,2026.0,2029.0,3.0,Post-Apocalyptic Folk,Coastal Horizon,0,4,4,0.0,15,7,0.04,0,3,2,1,1,15,2,0.0,0.0,0.0,0,0,0.0,0.625,0.30434782608695654,0.0,0.04,0.0,0.6666666666666667,0.5,0.6521739130434783,0.5
5366,Xiuying Song,10,0.2553,2025.0,2028.0,3.0,Dream Pop,Martial Harmonies,0,4,4,0.0,7,13,0.09800000000000002,0,3,3,2,1,7,3,0.0,0.0,0.0,0,0,0.0,0.29166666666666663,0.5652173913043478,0.0,0.09800000000000002,0.0,0.6666666666666667,0.75,0.30434782608695654,1.0
2607,Lisa Hart,11,0.2534,2026.0,2027.0,1.0,Doom Metal,Solo,0,3,3,0.0,16,8,0.034999999999999996,0,2,2,2,0,16,1,0.0625,0.0,0.125,0,2,0.0,0.6666666666666666,0.34782608695652173,0.0,0.034999999999999996,0.0,0.3333333333333333,0.5,0.6956521739130435,0.0
6055,Yong Fu,12,0.2496,2026.0,2028.0,2.0,Dream Pop,Lunar Pulse,0,3,3,0.0,16,12,0.0875,0,1,1,1,0,16,2,0.0,0.0,0.0,0,0,0.0,0.6666666666666666,0.5217391304347826,0.0,0.0875,0.0,0.0,0.25,0.6956521739130435,0.5
11332,Colleen Frank PhD,13,0.2485,2025.0,2027.0,2.0,Dream Pop,Solo,0,2,2,0.0,15,9,0.017499999999999998,0,2,2,2,0,15,1,0.0,0.0,0.0,0,0,0.0,0.625,0.3913043478260869,0.0,0.017499999999999998,0.0,0.3333333333333333,0.5,0.6521739130434783,0.0
2634,Chao Li,14,0.2443,2026.0,2028.0,2.0,Space Rock,Radiant Siblings,0,3,3,0.0,17,5,0.034999999999999996,0,2,2,1,1,17,1,0.0,0.0,0.0,0,0,0.0,0.7083333333333333,0.21739130434782608,0.0,0.034999999999999996,0.0,0.3333333333333333,0.5,0.7391304347826086,0.0
6312,Fang Xiang,15,0.2396,2025.0,2028.0,3.0,Dream Pop,Solo,0,3,3,0.0,12,9,0.07250000000000002,0,3,1,1,0,12,2,0.0,0.0,0.0,0,0,0.0,0.5,0.3913043478260869,0.0,0.07250000000000002,0.0,0.6666666666666667,0.25,0.5217391304347826,0.5
3752,Nanni Telesio,16,0.2389,2027.0,2029.0,2.0,Doom Metal,Sawyer and the Frontiers,0,2,3,0.0,14,4,0.034999999999999996,0,3,2,1,1,14,2,0.0357,0.0,0.07142857142857142,0,1,0.0,0.5833333333333333,0.17391304347826086,0.0,0.034999999999999996,0.0,0.6666666666666667,0.5,0.6086956521739131,0.5
2312,Chao Wu,17,0.2388,2026.0,2029.0,3.0,Dream Pop,Solo,0,3,3,0.0,6,13,0.09333333333333335,0,3,3,3,0,5,2,0.0833,0.0,0.16666666666666666,0,1,0.0,0.25,0.5652173913043478,0.0,0.09333333333333335,0.0,0.6666666666666667,0.75,0.21739130434782608,0.5
7215,Jing Mao,18,0.2371,2029.0,2030.0,1.0,Indie Folk,Lunar Drift,0,2,2,0.6,6,9,0.06999999999999999,0,2,2,1,1,4,3,0.0833,0.0,0.16666666666666666,0,1,0.0,0.25,0.3913043478260869,0.6,0.06999999999999999,0.0,0.3333333333333333,0.5,0.17391304347826086,1.0
3751,YUNG DUSK,19,0.2339,2027.0,2029.0,2.0,Doom Metal,Sawyer and the Frontiers,0,2,3,0.0,14,4,0.034999999999999996,0,3,2,1,1,14,1,0.0357,0.0,0.07142857142857142,0,1,0.0,0.5833333333333333,0.17391304347826086,0.0,0.034999999999999996,0.0,0.6666666666666667,0.5,0.6086956521739131,0.0
17355,Kael Storm,20,0.2327,2031.0,2035.0,4.0,Oceanus Folk,Copper Canyon Ghosts,1,8,8,0.09999999999999998,4,4,0.6688461538461539,8,1,1,0,1,4,2,0.5,1.0,0.0,8,0,0.2,0.16666666666666666,0.17391304347826086,0.09999999999999998,0.6688461538461539,0.38095238095238093,0.0,0.25,0.17391304347826086,0.5
7217,Min Kong,21,0.2321,2029.0,2030.0,1.0,Indie Folk,Lunar Drift,0,2,2,0.6,6,9,0.06999999999999999,0,2,2,1,1,4,2,0.0833,0.0,0.16666666666666666,0,1,0.0,0.25,0.3913043478260869,0.6,0.06999999999999999,0.0,0.3333333333333333,0.5,0.17391304347826086,0.5
7218,Li Song,22,0.2271,2029.0,2030.0,1.0,Indie Folk,Lunar Drift,0,2,2,0.6,6,9,0.06999999999999999,0,2,2,1,1,4,1,0.0833,0.0,0.16666666666666666,0,1,0.0,0.25,0.3913043478260869,0.6,0.06999999999999999,0.0,0.3333333333333333,0.5,0.17391304347826086,0.0
17083,Sylas Dune,23,0.2255,2036.0,2036.0,0.0,Darkwave,Solo,4,4,5,0.0,5,0,0.0,0,1,0,0,0,4,2,0.0,0.0,0.0,0,0,0.8,0.20833333333333331,0.0,0.0,0.0,0.0,0.0,0.0,0.17391304347826086,0.5
5902,Juan Liu,24,0.2243,2026.0,2027.0,1.0,Desert Rock,Solo,0,2,2,0.0,7,12,0.35,0,2,2,2,0,6,1,0.2857,0.0,0.5714285714285714,0,4,0.0,0.29166666666666663,0.5217391304347826,0.0,0.35,0.0,0.3333333333333333,0.5,0.2608695652173913,0.0
1720,Andrew Montgomery,25,0.2226,2026.0,2029.0,3.0,Dream Pop,Solo,0,1,2,0.0,11,10,0.03500000000000001,0,2,2,2,0,10,2,0.0,0.0,0.0,0,0,0.0,0.4583333333333333,0.43478260869565216,0.0,0.03500000000000001,0.0,0.3333333333333333,0.5,0.43478260869565216,0.5
8322,Ming Wan,26,0.2195,2025.0,2026.0,1.0,Desert Rock,Solo,0,3,3,0.0,8,11,0.06999999999999999,0,3,1,1,0,8,3,0.0,0.0,0.0,0,0,0.0,0.3333333333333333,0.4782608695652174,0.0,0.06999999999999999,0.0,0.6666666666666667,0.25,0.34782608695652173,1.0
8129,Juan Fu,27,0.2177,2026.0,2029.0,3.0,Dream Pop,Solo,0,2,2,0.0,4,23,0.17500000000000002,0,1,1,1,0,3,3,0.125,0.0,0.25,0,1,0.0,0.16666666666666666,1.0,0.0,0.17500000000000002,0.0,0.0,0.25,0.13043478260869565,1.0
6808,Jie Zhu,28,0.2163,2026.0,2028.0,2.0,Post-Apocalyptic Folk,Solo,0,3,3,0.0,6,11,0.1225,0,3,2,2,0,6,2,0.0,0.0,0.0,0,0,0.0,0.25,0.4782608695652174,0.0,0.1225,0.0,0.6666666666666667,0.5,0.2608695652173913,0.5
12749,Yan Luo,29,0.2151,2026.0,2030.0,4.0,Oceanus Folk,Solo,0,3,3,0.0,9,10,0.04375,0,3,1,1,0,9,2,0.3889,0.3333333333333333,0.4444444444444444,1,4,0.0,0.375,0.43478260869565216,0.0,0.04375,0.0,0.6666666666666667,0.25,0.3913043478260869,0.5
1774,Paula Wilson,30,0.2141,2028.0,2030.0,2.0,Darkwave,Phantom Resonance,0,3,3,0.0,11,11,0.10500000000000001,0,1,2,1,1,11,2,0.0,0.0,0.0,0,0,0.0,0.4583333333333333,0.4782608695652174,0.0,0.10500000000000001,0.0,0.0,0.5,0.4782608695652174,0.5
6067,Yong Wen,31,0.2103,2026.0,2029.0,3.0,Desert Rock,Solo,0,2,2,0.0,12,7,0.03500000000000001,0,2,2,2,0,12,1,0.25,0.0,0.5,0,6,0.0,0.5,0.30434782608695654,0.0,0.03500000000000001,0.0,0.3333333333333333,0.5,0.5217391304347826,0.0
1437,Ping Sun,32,0.2072,2026.0,2029.0,3.0,Blues Rock,Crimson Theorem,0,3,3,0.0,4,9,0.055000000000000035,0,3,4,3,1,3,2,0.5417,0.3333333333333333,0.75,1,3,0.0,0.16666666666666666,0.3913043478260869,0.0,0.055000000000000035,0.0,0.6666666666666667,1.0,0.13043478260869565,0.5
6098,Antonietta Kreusel-Seip,33,0.2045,2025.0,2029.0,4.0,Desert Rock,Solo,0,3,3,0.0,4,15,0.07874999999999999,0,2,3,3,0,4,1,0.0,0.0,0.0,0,0,0.0,0.16666666666666666,0.6521739130434783,0.0,0.07874999999999999,0.0,0.3333333333333333,0.75,0.17391304347826086,0.0
6605,Jun Xie,34,0.2042,2025.0,2028.0,3.0,Dream Pop,Martial Harmonies,0,3,3,0.0,5,10,0.055000000000000035,0,3,3,2,1,5,1,0.0,0.0,0.0,0,0,0.0,0.20833333333333331,0.43478260869565216,0.0,0.055000000000000035,0.0,0.6666666666666667,0.75,0.21739130434782608,0.0
170,Chao Yu,35,0.2015,2026.0,2028.0,2.0,Avant-Garde Folk,Solo,0,2,2,0.0,6,11,0.15749999999999997,0,2,2,2,0,6,3,0.0,0.0,0.0,0,0,0.0,0.25,0.4782608695652174,0.0,0.15749999999999997,0.0,0.3333333333333333,0.5,0.2608695652173913,1.0
6057,Anthony Hancock,36,0.2012,2026.0,2028.0,2.0,Dream Pop,Solo,0,2,2,0.0,13,10,0.052500000000000005,0,1,1,1,0,13,1,0.0,0.0,0.0,0,0,0.0,0.5416666666666666,0.43478260869565216,0.0,0.052500000000000005,0.0,0.0,0.25,0.5652173913043478,0.0
2457,Ming Ding,37,0.2003,2029.0,2030.0,1.0,Doom Metal,Solo,0,2,2,0.0,12,7,0.034999999999999996,0,2,1,1,0,12,2,0.0,0.0,0.0,0,0,0.0,0.5,0.30434782608695654,0.0,0.034999999999999996,0.0,0.3333333333333333,0.25,0.5217391304347826,0.5
17126,Seraphina Vale,38,0.1999,2033.0,2039.0,6.0,Avant-Garde Folk,Solo,3,4,8,0.0,7,0,0.0,0,1,0,0,0,6,2,0.0,0.0,0.0,0,0,0.6000000000000001,0.29166666666666663,0.0,0.0,0.0,0.0,0.0,0.0,0.2608695652173913,0.5
4823,William Rodriguez,39,0.1996,2028.0,2028.0,0.0,Dream Pop,Solo,0,1,1,0.0,18,3,0.0,0,1,1,1,0,18,1,0.0,0.0,0.0,0,0,0.0,0.75,0.13043478260869565,0.0,0.0,0.0,0.0,0.25,0.7826086956521738,0.0
4824,Ashley Olsen,39,0.1996,2028.0,2028.0,0.0,Dream Pop,Solo,0,1,1,0.0,18,3,0.0,0,1,1,1,0,18,1,0.0,0.0,0.0,0,0,0.0,0.75,0.13043478260869565,0.0,0.0,0.0,0.0,0.25,0.7826086956521738,0.0
4822,Hollow Reverberation,39,0.1996,2028.0,2028.0,0.0,Dream Pop,Solo,0,1,1,0.0,18,3,0.0,0,1,1,1,0,18,1,0.0,0.0,0.0,0,0,0.0,0.75,0.13043478260869565,0.0,0.0,0.0,0.0,0.25,0.7826086956521738,0.0
4825,Michael Watson,39,0.1996,2028.0,2028.0,0.0,Dream Pop,Solo,0,1,1,0.0,18,3,0.0,0,1,1,1,0,18,1,0.0,0.0,0.0,0,0,0.0,0.75,0.13043478260869565,0.0,0.0,0.0,0.0,0.25,0.7826086956521738,0.0
11346,Jie Zhong,43,0.1986,2025.0,2027.0,2.0,Indie Folk,Solo,0,3,3,0.0,3,11,0.1225,0,3,3,3,0,3,1,0.1667,0.3333333333333333,0.0,1,0,0.0,0.125,0.4782608695652174,0.0,0.1225,0.0,0.6666666666666667,0.75,0.13043478260869565,0.0
6056,Xiulan Qin,44,0.197,2026.0,2028.0,2.0,Dream Pop,Lunar Pulse,0,2,2,0.0,12,10,0.052500000000000005,0,1,1,1,0,12,2,0.0,0.0,0.0,0,0,0.0,0.5,0.43478260869565216,0.0,0.052500000000000005,0.0,0.0,0.25,0.5217391304347826,0.5
12483,Yan Yang,45,0.1961,2027.0,2028.0,1.0,Dream Pop,Solo,0,2,2,0.0,7,11,0.245,0,1,2,2,0,7,3,0.0,0.0,0.0,0,0,0.0,0.29166666666666663,0.4782608695652174,0.0,0.245,0.0,0.0,0.5,0.30434782608695654,1.0
2456,Na Kang,46,0.1953,2029.0,2030.0,1.0,Synthwave,Solo,0,2,2,0.0,12,7,0.034999999999999996,0,2,1,1,0,12,1,0.0,0.0,0.0,0,0,0.0,0.5,0.30434782608695654,0.0,0.034999999999999996,0.0,0.3333333333333333,0.25,0.5217391304347826,0.0
3686,Xia Chen,47,0.1928,2029.0,2030.0,1.0,Desert Rock,Solo,0,3,3,0.0,6,8,0.06999999999999999,0,3,2,2,0,6,2,0.0,0.0,0.0,0,0,0.0,0.25,0.34782608695652173,0.0,0.06999999999999999,0.0,0.6666666666666667,0.5,0.2608695652173913,0.5
6060,Xiulan Yin,48,0.192,2026.0,2028.0,2.0,Dream Pop,Solo,0,2,2,0.0,12,10,0.052500000000000005,0,1,1,1,0,12,1,0.0,0.0,0.0,0,0,0.0,0.5,0.43478260869565216,0.0,0.052500000000000005,0.0,0.0,0.25,0.5217391304347826,0.0
12480,Fang Xiao,49,0.1911,2027.0,2028.0,1.0,Dream Pop,Solo,0,2,2,0.0,7,11,0.245,0,1,2,2,0,7,2,0.0,0.0,0.0,0,0,0.0,0.29166666666666663,0.4782608695652174,0.0,0.245,0.0,0.0,0.5,0.30434782608695654,0.5
5256,Dolores Tasso,50,0.1892,2025.0,2028.0,3.0,Blues Rock,Solo,0,2,2,0.0,5,14,0.011666666666666669,0,2,2,2,0,4,2,0.0,0.0,0.0,0,0,0.0,0.20833333333333331,0.6086956521739131,0.0,0.011666666666666669,0.0,0.3333333333333333,0.5,0.17391304347826086,0.5
3835,Tao Lei,51,0.189,2025.0,2029.0,4.0,Dream Pop,Solo,0,3,3,0.0,4,13,0.0457692307692308,0,2,3,3,0,4,1,0.2917,0.3333333333333333,0.25,1,1,0.0,0.16666666666666666,0.5652173913043478,0.0,0.0457692307692308,0.0,0.3333333333333333,0.75,0.17391304347826086,0.0
9593,Chao Zheng,52,0.1886,2028.0,2030.0,2.0,Oceanus Folk,Cardboard Twenty-Five,0,2,2,0.0,9,9,0.052500000000000005,1,2,1,1,0,8,2,0.3611,0.5,0.2222222222222222,1,2,0.0,0.375,0.3913043478260869,0.0,0.052500000000000005,0.047619047619047616,0.3333333333333333,0.25,0.34782608695652173,0.5
12484,Jie Xie,53,0.1861,2027.0,2028.0,1.0,Dream Pop,Solo,0,2,2,0.0,7,11,0.245,0,1,2,2,0,7,1,0.0,0.0,0.0,0,0,0.0,0.29166666666666663,0.4782608695652174,0.0,0.245,0.0,0.0,0.5,0.30434782608695654,0.0
5257,Renzo Dallapé,54,0.1842,2025.0,2028.0,3.0,Blues Rock,Solo,0,2,2,0.0,5,14,0.011666666666666669,0,2,2,2,0,4,1,0.0,0.0,0.0,0,0,0.0,0.20833333333333331,0.6086956521739131,0.0,0.011666666666666669,0.0,0.3333333333333333,0.5,0.17391304347826086,0.0
863,Jie Cui,55,0.1837,2028.0,2028.0,0.0,Space Rock,Solo,0,2,2,0.0,5,13,0.0,0,2,2,2,0,5,2,0.0,0.0,0.0,0,0,0.0,0.20833333333333331,0.5652173913043478,0.0,0.0,0.0,0.3333333333333333,0.5,0.21739130434782608,0.5
6956,Chao Xu,56,0.1829,2025.0,2029.0,4.0,Jazz Surf Rock,Solo,0,2,2,0.0,10,8,0.034999999999999996,0,2,1,1,0,10,1,0.0,0.0,0.0,0,0,0.0,0.41666666666666663,0.34782608695652173,0.0,0.034999999999999996,0.0,0.3333333333333333,0.25,0.43478260869565216,0.0
6974,Li Wen,57,0.1826,2028.0,2030.0,2.0,Alternative Rock,Solo,0,2,2,0.0,4,12,0.10500000000000001,1,2,2,2,0,4,2,0.0,0.0,0.0,0,0,0.0,0.16666666666666666,0.5217391304347826,0.0,0.10500000000000001,0.047619047619047616,0.3333333333333333,0.5,0.17391304347826086,0.5
5367,Juan Feng,58,0.1825,2025.0,2027.0,2.0,Synthwave,Martial Harmonies,0,3,3,0.0,5,10,0.0875,0,3,1,0,1,5,2,0.0,0.0,0.0,0,0,0.0,0.20833333333333331,0.43478260869565216,0.0,0.0875,0.0,0.6666666666666667,0.25,0.21739130434782608,0.5
1827,Donna Ryan,59,0.1821,2029.0,2029.0,0.0,Oceanus Folk,Solo,0,2,2,0.0,7,13,0.0,0,2,1,1,0,7,1,0.5357,0.5,0.5714285714285714,1,4,0.0,0.29166666666666663,0.5652173913043478,0.0,0.0,0.0,0.3333333333333333,0.25,0.30434782608695654,0.0
10823,Xia Wang,60,0.1784,2029.0,2030.0,1.0,Alternative Rock,Solo,0,2,2,0.0,6,9,0.21000000000000002,1,2,1,1,0,6,2,0.0,0.0,0.0,0,0,0.0,0.25,0.3913043478260869,0.0,0.21000000000000002,0.047619047619047616,0.3333333333333333,0.25,0.2608695652173913,0.5
3655,Jing Ren,61,0.1783,2025.0,2028.0,3.0,Dream Pop,Solo,0,2,2,0.0,8,8,0.023333333333333338,0,2,2,2,0,8,1,0.0,0.0,0.0,0,0,0.0,0.3333333333333333,0.34782608695652173,0.0,0.023333333333333338,0.0,0.3333333333333333,0.5,0.34782608695652173,0.0
2973,Jun Zhang,62,0.1759,2026.0,2032.0,6.0,Dream Pop,Solo,0,2,2,0.0,11,3,0.0058333333333333345,1,2,2,2,0,10,1,0.0,0.0,0.0,0,0,0.0,0.4583333333333333,0.13043478260869565,0.0,0.0058333333333333345,0.047619047619047616,0.3333333333333333,0.5,0.43478260869565216,0.0
2636,Chao Qin,63,0.1728,2027.0,2028.0,1.0,Darkwave,Radiant Siblings,0,2,2,0.0,11,4,0.034999999999999996,0,2,1,0,1,11,2,0.0,0.0,0.0,0,0,0.0,0.4583333333333333,0.17391304347826086,0.0,0.034999999999999996,0.0,0.3333333333333333,0.25,0.4782608695652174,0.5
2606,Xiulan Yu,64,0.171,2026.0,2027.0,1.0,Doom Metal,Solo,0,2,2,0.0,12,3,0.034999999999999996,0,2,1,1,0,12,1,0.0417,0.0,0.08333333333333333,0,1,0.0,0.5,0.13043478260869565,0.0,0.034999999999999996,0.0,0.3333333333333333,0.25,0.5217391304347826,0.0
12510,Min Yin,65,0.1706,2025.0,2026.0,1.0,Space Rock,Solo,0,3,3,0.0,3,8,0.175,0,3,2,2,0,3,1,0.0,0.0,0.0,0,0,0.0,0.125,0.34782608695652173,0.0,0.175,0.0,0.6666666666666667,0.5,0.13043478260869565,0.0
13818,Dennis Mcdowell,66,0.1704,2027.0,2027.0,0.0,Space Rock,Solo,0,2,2,0.0,11,5,0.0,0,2,1,1,0,11,1,0.0,0.0,0.0,0,0,0.0,0.4583333333333333,0.21739130434782608,0.0,0.0,0.0,0.3333333333333333,0.25,0.4782608695652174,0.0
12880,Wei Luo,67,0.1686,2025.0,2029.0,4.0,Dream Pop,Solo,0,2,2,0.0,8,8,0.04375,0,2,1,1,0,7,2,0.0,0.0,0.0,0,0,0.0,0.3333333333333333,0.34782608695652173,0.0,0.04375,0.0,0.3333333333333333,0.25,0.30434782608695654,0.5
1142,Sandra Green,68,0.1676,2029.0,2029.0,0.0,Lo-Fi Electronica,Echoes of Eternity,0,1,1,0.0,14,3,0.0,0,1,1,0,1,14,2,0.0,0.0,0.0,0,0,0.0,0.5833333333333333,0.13043478260869565,0.0,0.0,0.0,0.0,0.25,0.6086956521739131,0.5
565,Wei Mo,69,0.1674,2027.0,2028.0,1.0,Dream Pop,Solo,0,2,2,0.0,9,5,0.10500000000000001,0,2,1,1,0,9,2,0.0,0.0,0.0,0,0,0.0,0.375,0.21739130434782608,0.0,0.10500000000000001,0.0,0.3333333333333333,0.25,0.3913043478260869,0.5
2635,Wei Mo,70,0.1656,2026.0,2028.0,2.0,Space Rock,Radiant Siblings,0,2,2,0.0,11,5,0.034999999999999996,0,1,2,1,1,11,1,0.0,0.0,0.0,0,0,0.0,0.4583333333333333,0.21739130434782608,0.0,0.034999999999999996,0.0,0.0,0.5,0.4782608695652174,0.0
4201,Na Hao,71,0.1651,2026.0,2026.0,0.0,Psychedelic Rock,Solo,0,2,2,0.0,6,12,0.0,0,2,1,1,0,5,1,0.0,0.0,0.0,0,0,0.0,0.25,0.5217391304347826,0.0,0.0,0.0,0.3333333333333333,0.25,0.21739130434782608,0.0
8319,Fang Tian,72,0.1626,2025.0,2026.0,1.0,Dream Pop,Solo,0,2,2,0.0,6,9,0.13999999999999999,0,2,1,1,0,6,1,0.0,0.0,0.0,0,0,0.0,0.25,0.3913043478260869,0.0,0.13999999999999999,0.0,0.3333333333333333,0.25,0.2608695652173913,0.0
13285,Tao Fang,73,0.1623,2025.0,2028.0,3.0,Jazz Surf Rock,Stormheart,0,3,3,0.0,5,10,0.05250000000000001,0,1,3,2,1,5,2,0.0,0.0,0.0,0,0,0.0,0.20833333333333331,0.43478260869565216,0.0,0.05250000000000001,0.0,0.0,0.75,0.21739130434782608,0.5
6090,Chao Duan,74,0.1613,2025.0,2029.0,4.0,Doom Metal,Solo,0,1,2,0.0,7,6,0.017499999999999998,0,2,2,2,0,7,2,0.0,0.0,0.0,0,0,0.0,0.29166666666666663,0.2608695652173913,0.0,0.017499999999999998,0.0,0.3333333333333333,0.5,0.30434782608695654,0.5
9426,Ping Xu,75,0.16,2029.0,2030.0,1.0,Americana,Solo,0,2,2,0.0,4,8,0.21000000000000002,0,2,2,2,0,4,1,0.5,0.5,0.5,1,2,0.0,0.16666666666666666,0.34782608695652173,0.0,0.21000000000000002,0.0,0.3333333333333333,0.5,0.17391304347826086,0.0
7790,Horst-Dieter Schleich,76,0.1574,2026.0,2028.0,2.0,Dream Pop,Solo,0,2,2,0.0,3,10,0.10500000000000001,0,2,2,2,0,3,2,0.0,0.0,0.0,0,0,0.0,0.125,0.43478260869565216,0.0,0.10500000000000001,0.0,0.3333333333333333,0.5,0.13043478260869565,0.5
14131,Dustin Newman,77,0.1561,2025.0,2026.0,1.0,Desert Rock,Solo,0,2,2,0.0,7,7,0.10500000000000001,0,2,1,1,0,7,1,0.0,0.0,0.0,0,0,0.0,0.29166666666666663,0.30434782608695654,0.0,0.10500000000000001,0.0,0.3333333333333333,0.25,0.30434782608695654,0.0
3496,Xiulan Deng,78,0.1552,2025.0,2030.0,5.0,Indie Folk,Solo,0,2,2,0.0,6,9,0.028000000000000004,1,2,1,1,0,6,1,0.0,0.0,0.0,0,0,0.0,0.25,0.3913043478260869,0.0,0.028000000000000004,0.047619047619047616,0.3333333333333333,0.25,0.2608695652173913,0.0
6579,Lei Qian,79,0.1549,2029.0,2029.0,0.0,Oceanus Folk,Solo,0,2,2,0.0,8,7,0.0,0,2,1,1,0,8,1,0.5,0.5,0.5,1,4,0.0,0.3333333333333333,0.30434782608695654,0.0,0.0,0.0,0.3333333333333333,0.25,0.34782608695652173,0.0
14122,Ming Xiang,80,0.1547,2028.0,2029.0,1.0,Dream Pop,Solo,0,2,2,0.0,6,8,0.13999999999999999,0,2,1,1,0,5,1,0.0,0.0,0.0,0,0,0.0,0.25,0.34782608695652173,0.0,0.13999999999999999,0.0,0.3333333333333333,0.25,0.21739130434782608,0.0
7219,Hannah Richards,81,0.1528,2029.0,2029.0,0.0,Indie Folk,Solo,0,1,1,0.6,4,7,0.0,0,1,1,1,0,3,1,0.125,0.0,0.25,0,1,0.0,0.16666666666666666,0.30434782608695654,0.6,0.0,0.0,0.0,0.25,0.13043478260869565,0.0
7220,Li Sun,81,0.1528,2029.0,2029.0,0.0,Indie Folk,Solo,0,1,1,0.6,4,7,0.0,0,1,1,1,0,3,1,0.125,0.0,0.25,0,1,0.0,0.16666666666666666,0.30434782608695654,0.6,0.0,0.0,0.0,0.25,0.13043478260869565,0.0
9941,Juan Wen,81,0.1528,2027.0,2028.0,1.0,Space Rock,Solo,0,2,2,0.0,11,4,0.034999999999999996,0,2,0,0,0,11,1,0.0,0.0,0.0,0,0,0.0,0.4583333333333333,0.17391304347826086,0.0,0.034999999999999996,0.0,0.3333333333333333,0.0,0.4782608695652174,0.0
14502,Melissa Johnson,84,0.1527,2026.0,2026.0,0.0,Dream Pop,Solo,0,1,1,0.0,7,12,0.0,0,1,1,1,0,7,1,0.0,0.0,0.0,0,0,0.0,0.29166666666666663,0.5217391304347826,0.0,0.0,0.0,0.0,0.25,0.30434782608695654,0.0
14504,John Johnston,84,0.1527,2026.0,2026.0,0.0,Dream Pop,Solo,0,1,1,0.0,7,12,0.0,0,1,1,1,0,7,1,0.0,0.0,0.0,0,0,0.0,0.29166666666666663,0.5217391304347826,0.0,0.0,0.0,0.0,0.25,0.30434782608695654,0.0
14501,Kristina Serrano,84,0.1527,2026.0,2026.0,0.0,Dream Pop,Solo,0,1,1,0.0,7,12,0.0,0,1,1,1,0,7,1,0.0,0.0,0.0,0,0,0.0,0.29166666666666663,0.5217391304347826,0.0,0.0,0.0,0.0,0.25,0.30434782608695654,0.0
14499,Ghost Waltz,84,0.1527,2026.0,2026.0,0.0,Dream Pop,Solo,0,1,1,0.0,7,12,0.0,0,1,1,1,0,7,1,0.0,0.0,0.0,0,0,0.0,0.29166666666666663,0.5217391304347826,0.0,0.0,0.0,0.0,0.25,0.30434782608695654,0.0
14503,Joseph Rodriguez,84,0.1527,2026.0,2026.0,0.0,Dream Pop,Solo,0,1,1,0.0,7,12,0.0,0,1,1,1,0,7,1,0.0,0.0,0.0,0,0,0.0,0.29166666666666663,0.5217391304347826,0.0,0.0,0.0,0.0,0.25,0.30434782608695654,0.0
14500,Kimberly Lee,84,0.1527,2026.0,2026.0,0.0,Dream Pop,Solo,0,1,1,0.0,7,12,0.0,0,1,1,1,0,7,1,0.0,0.0,0.0,0,0,0.0,0.29166666666666663,0.5217391304347826,0.0,0.0,0.0,0.0,0.25,0.30434782608695654,0.0
15701,Juan Duan,90,0.152,2026.0,2029.0,3.0,Doom Metal,Solo,0,2,2,0.0,6,7,0.023333333333333338,0,2,2,2,0,5,1,0.0,0.0,0.0,0,0,0.0,0.25,0.30434782608695654,0.0,0.023333333333333338,0.0,0.3333333333333333,0.5,0.21739130434782608,0.0
1778,Rachel Wilson,91,0.1519,2029.0,2030.0,1.0,Darkwave,Phantom Resonance,0,2,2,0.0,7,8,0.034999999999999996,0,1,2,1,1,7,2,0.0,0.0,0.0,0,0,0.0,0.29166666666666663,0.34782608695652173,0.0,0.034999999999999996,0.0,0.0,0.5,0.30434782608695654,0.5
1777,Judith Hunter,91,0.1519,2029.0,2030.0,1.0,Darkwave,Phantom Resonance,0,2,2,0.0,7,8,0.034999999999999996,0,1,2,1,1,7,2,0.0,0.0,0.0,0,0,0.0,0.29166666666666663,0.34782608695652173,0.0,0.034999999999999996,0.0,0.0,0.5,0.30434782608695654,0.5
7613,Xiulan Zeng,93,0.1504,2029.0,2029.0,0.0,Dream Pop,Solo,0,1,1,0.0,14,1,0.0,0,1,1,1,0,14,1,0.0,0.0,0.0,0,0,0.0,0.5833333333333333,0.043478260869565216,0.0,0.0,0.0,0.0,0.25,0.6086956521739131,0.0
5649,Wei Zeng,94,0.1496,2025.0,2028.0,3.0,Darkwave,Solo,0,1,2,0.0,7,5,0.011666666666666669,0,2,2,2,0,7,1,0.0,0.0,0.0,0,0,0.0,0.29166666666666663,0.21739130434782608,0.0,0.011666666666666669,0.0,0.3333333333333333,0.5,0.30434782608695654,0.0
3679,Gang Hao,95,0.1477,2027.0,2029.0,2.0,Darkwave,Solo,0,2,2,0.0,4,8,0.0875,0,2,2,2,0,4,1,0.0,0.0,0.0,0,0,0.0,0.16666666666666666,0.34782608695652173,0.0,0.0875,0.0,0.3333333333333333,0.5,0.17391304347826086,0.0
7462,Colette-Jeannine Lemaître,96,0.1463,2025.0,2027.0,2.0,Dream Pop,Electric Novella,0,2,2,0.0,5,6,0.052500000000000005,0,2,2,1,1,5,2,0.0,0.0,0.0,0,0,0.0,0.20833333333333331,0.2608695652173913,0.0,0.052500000000000005,0.0,0.3333333333333333,0.5,0.21739130434782608,0.5
13496,Gail Nguyen,97,0.1443,2026.0,2029.0,3.0,Dream Pop,Solo,0,2,2,0.0,3,9,0.03500000000000001,0,2,2,2,0,3,2,0.0,0.0,0.0,0,0,0.0,0.125,0.3913043478260869,0.0,0.03500000000000001,0.0,0.3333333333333333,0.5,0.13043478260869565,0.5
11134,Fang Tang,98,0.1427,2027.0,2027.0,0.0,Space Rock,Solo,0,1,1,0.0,13,4,0.0,0,1,0,0,0,12,1,0.1154,0.0,0.23076923076923078,0,3,0.0,0.5416666666666666,0.17391304347826086,0.0,0.0,0.0,0.0,0.0,0.5217391304347826,0.0
11135,Xiulan Yi,98,0.1427,2027.0,2027.0,0.0,Space Rock,Solo,0,1,1,0.0,13,4,0.0,0,1,0,0,0,12,1,0.1154,0.0,0.23076923076923078,0,3,0.0,0.5416666666666666,0.17391304347826086,0.0,0.0,0.0,0.0,0.0,0.5217391304347826,0.0
11132,Xia Shao,98,0.1427,2027.0,2027.0,0.0,Space Rock,Solo,0,1,1,0.0,13,4,0.0,0,1,0,0,0,12,1,0.1154,0.0,0.23076923076923078,0,3,0.0,0.5416666666666666,0.17391304347826086,0.0,0.0,0.0,0.0,0.0,0.5217391304347826,0.0
11131,Li Yang,98,0.1427,2027.0,2027.0,0.0,Space Rock,Solo,0,1,1,0.0,13,4,0.0,0,1,0,0,0,12,1,0.1154,0.0,0.23076923076923078,0,3,0.0,0.5416666666666666,0.17391304347826086,0.0,0.0,0.0,0.0,0.0,0.5217391304347826,0.0
11133,Tao Sun,98,0.1427,2027.0,2027.0,0.0,Space Rock,Solo,0,1,1,0.0,13,4,0.0,0,1,0,0,0,12,1,0.1154,0.0,0.23076923076923078,0,3,0.0,0.5416666666666666,0.17391304347826086,0.0,0.0,0.0,0.0,0.0,0.5217391304347826,0.0
1073,Xiulan Gong,103,0.1426,2026.0,2027.0,1.0,Indie Folk,Solo,0,2,2,0.0,6,6,0.13999999999999999,0,2,1,1,0,5,1,0.25,0.0,0.5,0,3,0.0,0.25,0.2608695652173913,0.0,0.13999999999999999,0.0,0.3333333333333333,0.25,0.21739130434782608,0.0
8612,Cody Turner,104,0.1424,2026.0,2026.0,0.0,Synthwave,Solo,0,1,1,0.0,6,11,0.0,0,1,1,1,0,6,2,0.0,0.0,0.0,0,0,0.0,0.25,0.4782608695652174,0.0,0.0,0.0,0.0,0.25,0.2608695652173913,0.5
8605,Laura Lindsey,104,0.1424,2026.0,2026.0,0.0,Synthwave,Solo,0,1,1,0.0,6,11,0.0,0,1,1,1,0,6,2,0.0,0.0,0.0,0,0,0.0,0.25,0.4782608695652174,0.0,0.0,0.0,0.0,0.25,0.2608695652173913,0.5
6572,Gang Dai,106,0.1411,2028.0,2029.0,1.0,Desert Rock,Solo,0,1,2,0.0,5,4,0.13999999999999999,0,2,2,2,0,4,2,0.3,0.0,0.6,0,3,0.0,0.20833333333333331,0.17391304347826086,0.0,0.13999999999999999,0.0,0.3333333333333333,0.5,0.17391304347826086,0.5
6069,Jun Yao,107,0.141,2029.0,2029.0,0.0,Dream Pop,Solo,0,1,1,0.0,11,4,0.0,0,1,1,1,0,11,1,0.2727,0.0,0.5454545454545454,0,6,0.0,0.4583333333333333,0.17391304347826086,0.0,0.0,0.0,0.0,0.25,0.4782608695652174,0.0
7878,Morgan Hernandez,107,0.141,2025.0,2027.0,2.0,Dream Pop,Solo,0,2,2,0.0,6,5,0.034999999999999996,0,2,2,2,0,5,1,0.5,0.5,0.5,1,3,0.0,0.25,0.21739130434782608,0.0,0.034999999999999996,0.0,0.3333333333333333,0.5,0.21739130434782608,0.0
7879,Ping Shao,107,0.141,2025.0,2027.0,2.0,Dream Pop,Solo,0,2,2,0.0,6,5,0.034999999999999996,0,2,2,2,0,5,1,0.5,0.5,0.5,1,3,0.0,0.25,0.21739130434782608,0.0,0.034999999999999996,0.0,0.3333333333333333,0.5,0.21739130434782608,0.0
6068,Tao Liang,107,0.141,2029.0,2029.0,0.0,Dream Pop,Solo,0,1,1,0.0,11,4,0.0,0,1,1,1,0,11,1,0.2727,0.0,0.5454545454545454,0,6,0.0,0.4583333333333333,0.17391304347826086,0.0,0.0,0.0,0.0,0.25,0.4782608695652174,0.0
6059,Brandon Kirby,111,0.1408,2026.0,2026.0,0.0,Dream Pop,Solo,0,1,1,0.0,9,7,0.0,0,1,1,1,0,9,1,0.0,0.0,0.0,0,0,0.0,0.375,0.30434782608695654,0.0,0.0,0.0,0.0,0.25,0.3913043478260869,0.0
6058,Li Bai,111,0.1408,2026.0,2026.0,0.0,Dream Pop,Solo,0,1,1,0.0,9,7,0.0,0,1,1,1,0,9,1,0.0,0.0,0.0,0,0,0.0,0.375,0.30434782608695654,0.0,0.0,0.0,0.0,0.25,0.3913043478260869,0.0
1576,Edward Hamilton,113,0.1405,2026.0,2026.0,0.0,Indie Rock,Solo,0,1,1,0.0,7,10,0.0,0,1,1,1,0,7,1,0.0,0.0,0.0,0,0,0.0,0.29166666666666663,0.43478260869565216,0.0,0.0,0.0,0.0,0.25,0.30434782608695654,0.0
1577,Megan Diaz,113,0.1405,2026.0,2026.0,0.0,Indie Rock,Solo,0,1,1,0.0,7,10,0.0,0,1,1,1,0,7,1,0.0,0.0,0.0,0,0,0.0,0.29166666666666663,0.43478260869565216,0.0,0.0,0.0,0.0,0.25,0.30434782608695654,0.0
1582,Alex Mathis,113,0.1405,2026.0,2026.0,0.0,Indie Rock,Solo,0,1,1,0.0,7,10,0.0,0,1,1,1,0,7,1,0.0,0.0,0.0,0,0,0.0,0.29166666666666663,0.43478260869565216,0.0,0.0,0.0,0.0,0.25,0.30434782608695654,0.0
11186,Amanda Tucker,116,0.1402,2028.0,2028.0,0.0,Dream Pop,Solo,0,2,2,0.0,6,9,0.0,0,1,2,2,0,6,1,0.0,0.0,0.0,0,0,0.0,0.25,0.3913043478260869,0.0,0.0,0.0,0.0,0.5,0.2608695652173913,0.0
11185,Kristina Romero,116,0.1402,2028.0,2028.0,0.0,Dream Pop,Solo,0,2,2,0.0,6,9,0.0,0,1,2,2,0,6,1,0.0,0.0,0.0,0,0,0.0,0.25,0.3913043478260869,0.0,0.0,0.0,0.0,0.5,0.2608695652173913,0.0
11399,Jennifer Mccoy,118,0.1396,2028.0,2029.0,1.0,Darkwave,Solo,0,2,2,0.0,5,10,0.175,0,1,1,1,0,5,1,0.0,0.0,0.0,0,0,0.0,0.20833333333333331,0.43478260869565216,0.0,0.175,0.0,0.0,0.25,0.21739130434782608,0.0
3868,Xiulan Lu,119,0.1395,2028.0,2028.0,0.0,Dream Pop,Solo,0,2,2,0.0,7,9,0.0,0,1,1,1,0,7,2,0.0,0.0,0.0,0,0,0.0,0.29166666666666663,0.3913043478260869,0.0,0.0,0.0,0.0,0.25,0.30434782608695654,0.5
11937,Ashley Mahoney,119,0.1395,2029.0,2029.0,0.0,Emo/Pop Punk,Solo,0,1,1,0.0,13,1,0.0,0,1,1,1,0,12,1,0.0,0.0,0.0,0,0,0.0,0.5416666666666666,0.043478260869565216,0.0,0.0,0.0,0.0,0.25,0.5217391304347826,0.0
13493,Jeffrey Medina,121,0.1393,2026.0,2029.0,3.0,Post-Apocalyptic Folk,Solo,0,2,2,0.0,3,9,0.03500000000000001,0,2,2,2,0,3,1,0.0,0.0,0.0,0,0,0.0,0.125,0.3913043478260869,0.0,0.03500000000000001,0.0,0.3333333333333333,0.5,0.13043478260869565,0.0
13494,Joy Blanchard,121,0.1393,2026.0,2029.0,3.0,Post-Apocalyptic Folk,Solo,0,2,2,0.0,3,9,0.03500000000000001,0,2,2,2,0,3,1,0.0,0.0,0.0,0,0,0.0,0.125,0.3913043478260869,0.0,0.03500000000000001,0.0,0.3333333333333333,0.5,0.13043478260869565,0.0
13490,Theresa Lopez,121,0.1393,2026.0,2029.0,3.0,Dream Pop,Solo,0,2,2,0.0,3,9,0.03500000000000001,0,2,2,2,0,3,1,0.0,0.0,0.0,0,0,0.0,0.125,0.3913043478260869,0.0,0.03500000000000001,0.0,0.3333333333333333,0.5,0.13043478260869565,0.0
13495,Melissa Williams,121,0.1393,2026.0,2029.0,3.0,Dream Pop,Solo,0,2,2,0.0,3,9,0.03500000000000001,0,2,2,2,0,3,1,0.0,0.0,0.0,0,0,0.0,0.125,0.3913043478260869,0.0,0.03500000000000001,0.0,0.3333333333333333,0.5,0.13043478260869565,0.0
6458,Na Peng,125,0.1389,2027.0,2028.0,1.0,Dream Pop,Solo,0,2,2,0.0,3,10,0.06999999999999999,0,2,1,1,0,3,2,0.0,0.0,0.0,0,0,0.0,0.125,0.43478260869565216,0.0,0.06999999999999999,0.0,0.3333333333333333,0.25,0.13043478260869565,0.5
4397,Lei Shen,126,0.1385,2025.0,2030.0,5.0,Indie Folk,Cosmic Drift,0,2,2,0.0,7,4,0.007000000000000001,1,1,3,2,1,7,1,0.4286,0.0,0.8571428571428571,0,6,0.0,0.29166666666666663,0.17391304347826086,0.0,0.007000000000000001,0.047619047619047616,0.0,0.75,0.30434782608695654,0.0
5151,Linda Santos,127,0.1382,2026.0,2027.0,1.0,Darkwave,Solo,0,2,2,0.0,9,6,0.034999999999999996,0,1,1,1,0,9,1,0.0,0.0,0.0,0,0,0.0,0.375,0.2608695652173913,0.0,0.034999999999999996,0.0,0.0,0.25,0.3913043478260869,0.0
5011,Tao Gao,128,0.1379,2026.0,2027.0,1.0,Dream Pop,Solo,0,2,2,0.0,2,11,0.175,0,1,2,2,0,2,2,0.0,0.0,0.0,0,0,0.0,0.08333333333333333,0.4782608695652174,0.0,0.175,0.0,0.0,0.5,0.08695652173913043,0.5
8610,John Gallagher,129,0.1374,2026.0,2026.0,0.0,Synthwave,Solo,0,1,1,0.0,6,11,0.0,0,1,1,1,0,6,1,0.0,0.0,0.0,0,0,0.0,0.25,0.4782608695652174,0.0,0.0,0.0,0.0,0.25,0.2608695652173913,0.0
8608,Valerie Phillips,129,0.1374,2026.0,2026.0,0.0,Synthwave,Solo,0,1,1,0.0,6,11,0.0,0,1,1,1,0,6,1,0.0,0.0,0.0,0,0,0.0,0.25,0.4782608695652174,0.0,0.0,0.0,0.0,0.25,0.2608695652173913,0.0
8607,Nancy Gonzalez,129,0.1374,2026.0,2026.0,0.0,Synthwave,Solo,0,1,1,0.0,6,11,0.0,0,1,1,1,0,6,1,0.0,0.0,0.0,0,0,0.0,0.25,0.4782608695652174,0.0,0.0,0.0,0.0,0.25,0.2608695652173913,0.0
8614,Sarah Lee,129,0.1374,2026.0,2026.0,0.0,Synthwave,Solo,0,1,1,0.0,6,11,0.0,0,1,1,1,0,6,1,0.0,0.0,0.0,0,0,0.0,0.25,0.4782608695652174,0.0,0.0,0.0,0.0,0.25,0.2608695652173913,0.0
8606,Sarah Young,129,0.1374,2026.0,2026.0,0.0,Synthwave,Solo,0,1,1,0.0,6,11,0.0,0,1,1,1,0,6,1,0.0,0.0,0.0,0,0,0.0,0.25,0.4782608695652174,0.0,0.0,0.0,0.0,0.25,0.2608695652173913,0.0
8133,Ming Jiang,134,0.1373,2029.0,2029.0,0.0,Dream Pop,Solo,0,1,1,0.0,3,15,0.0,0,1,1,1,0,2,2,0.1667,0.0,0.3333333333333333,0,1,0.0,0.125,0.6521739130434783,0.0,0.0,0.0,0.0,0.25,0.08695652173913043,0.5
6375,Michael Peterson,135,0.137,2026.0,2027.0,1.0,Dream Pop,Solo,0,2,2,0.0,5,5,0.06999999999999999,0,2,2,2,0,5,1,0.0,0.0,0.0,0,0,0.0,0.20833333333333331,0.21739130434782608,0.0,0.06999999999999999,0.0,0.3333333333333333,0.5,0.21739130434782608,0.0
4423,Fang Dong,136,0.1369,2026.0,2029.0,3.0,Jazz Surf Rock,Solo,0,2,2,0.0,7,5,0.03500000000000001,0,2,1,1,0,7,1,0.0,0.0,0.0,0,0,0.0,0.29166666666666663,0.21739130434782608,0.0,0.03500000000000001,0.0,0.3333333333333333,0.25,0.30434782608695654,0.0
4424,Na Chang,136,0.1369,2026.0,2029.0,3.0,Jazz Surf Rock,Solo,0,2,2,0.0,7,5,0.03500000000000001,0,2,1,1,0,7,1,0.0,0.0,0.0,0,0,0.0,0.29166666666666663,0.21739130434782608,0.0,0.03500000000000001,0.0,0.3333333333333333,0.25,0.30434782608695654,0.0
11375,Jie Liu,138,0.1365,2027.0,2029.0,2.0,Space Rock,Solo,0,2,2,0.0,6,7,0.034999999999999996,0,1,2,2,0,6,2,0.0,0.0,0.0,0,0,0.0,0.25,0.30434782608695654,0.0,0.034999999999999996,0.0,0.0,0.5,0.2608695652173913,0.5
214,Qiang Cai,139,0.1364,2029.0,2029.0,0.0,Darkwave,Solo,0,1,1,0.0,11,3,0.0,0,1,1,1,0,9,2,0.0,0.0,0.0,0,0,0.0,0.4583333333333333,0.13043478260869565,0.0,0.0,0.0,0.0,0.25,0.3913043478260869,0.5
212,Jun Yao,139,0.1364,2029.0,2029.0,0.0,Darkwave,Solo,0,1,1,0.0,11,3,0.0,0,1,1,1,0,9,2,0.0,0.0,0.0,0,0,0.0,0.4583333333333333,0.13043478260869565,0.0,0.0,0.0,0.0,0.25,0.3913043478260869,0.5
1083,Ping Xia,141,0.1347,2029.0,2029.0,0.0,Post-Apocalyptic Folk,Solo,0,2,2,0.0,9,6,0.0,0,1,1,1,0,9,1,0.0,0.0,0.0,0,0,0.0,0.375,0.2608695652173913,0.0,0.0,0.0,0.0,0.25,0.3913043478260869,0.0
1081,Ping He,141,0.1347,2029.0,2029.0,0.0,Post-Apocalyptic Folk,Solo,0,2,2,0.0,9,6,0.0,0,1,1,1,0,9,1,0.0,0.0,0.0,0,0,0.0,0.375,0.2608695652173913,0.0,0.0,0.0,0.0,0.25,0.3913043478260869,0.0
5399,Chao Liao,143,0.1327,2026.0,2026.0,0.0,Dream Pop,Solo,0,2,2,0.0,2,10,0.0,0,2,2,2,0,2,1,0.0,0.0,0.0,0,0,0.0,0.08333333333333333,0.43478260869565216,0.0,0.0,0.0,0.3333333333333333,0.5,0.08695652173913043,0.0
1222,Jing Qin,144,0.1325,2027.0,2029.0,2.0,Desert Rock,Solo,0,2,2,0.0,2,8,0.06999999999999999,0,2,2,2,0,2,2,0.0,0.0,0.0,0,0,0.0,0.08333333333333333,0.34782608695652173,0.0,0.06999999999999999,0.0,0.3333333333333333,0.5,0.08695652173913043,0.5
8135,Mike Rose,145,0.1323,2029.0,2029.0,0.0,Dream Pop,Solo,0,1,1,0.0,3,15,0.0,0,1,1,1,0,2,1,0.1667,0.0,0.3333333333333333,0,1,0.0,0.125,0.6521739130434783,0.0,0.0,0.0,0.0,0.25,0.08695652173913043,0.0
8125,Chao Yi,145,0.1323,2029.0,2029.0,0.0,Dream Pop,Solo,0,1,1,0.0,3,15,0.0,0,1,1,1,0,2,1,0.1667,0.0,0.3333333333333333,0,1,0.0,0.125,0.6521739130434783,0.0,0.0,0.0,0.0,0.25,0.08695652173913043,0.0
8128,Yang Li,145,0.1323,2029.0,2029.0,0.0,Dream Pop,Solo,0,1,1,0.0,3,15,0.0,0,1,1,1,0,2,1,0.1667,0.0,0.3333333333333333,0,1,0.0,0.125,0.6521739130434783,0.0,0.0,0.0,0.0,0.25,0.08695652173913043,0.0
8131,Ming Hu,145,0.1323,2029.0,2029.0,0.0,Dream Pop,Solo,0,1,1,0.0,3,15,0.0,0,1,1,1,0,2,1,0.1667,0.0,0.3333333333333333,0,1,0.0,0.125,0.6521739130434783,0.0,0.0,0.0,0.0,0.25,0.08695652173913043,0.0
8126,Li Huang,145,0.1323,2029.0,2029.0,0.0,Dream Pop,Solo,0,1,1,0.0,3,15,0.0,0,1,1,1,0,2,1,0.1667,0.0,0.3333333333333333,0,1,0.0,0.125,0.6521739130434783,0.0,0.0,0.0,0.0,0.25,0.08695652173913043,0.0
8132,Robert Rollins,145,0.1323,2029.0,2029.0,0.0,Dream Pop,Solo,0,1,1,0.0,3,15,0.0,0,1,1,1,0,2,1,0.1667,0.0,0.3333333333333333,0,1,0.0,0.125,0.6521739130434783,0.0,0.0,0.0,0.0,0.25,0.08695652173913043,0.0
8124,Yong Jia,145,0.1323,2029.0,2029.0,0.0,Dream Pop,Solo,0,1,1,0.0,3,15,0.0,0,1,1,1,0,2,1,0.1667,0.0,0.3333333333333333,0,1,0.0,0.125,0.6521739130434783,0.0,0.0,0.0,0.0,0.25,0.08695652173913043,0.0
8123,Guiying Dong,145,0.1323,2029.0,2029.0,0.0,Dream Pop,Solo,0,1,1,0.0,3,15,0.0,0,1,1,1,0,2,1,0.1667,0.0,0.3333333333333333,0,1,0.0,0.125,0.6521739130434783,0.0,0.0,0.0,0.0,0.25,0.08695652173913043,0.0
8127,Ming Yin,145,0.1323,2029.0,2029.0,0.0,Dream Pop,Solo,0,1,1,0.0,3,15,0.0,0,1,1,1,0,2,1,0.1667,0.0,0.3333333333333333,0,1,0.0,0.125,0.6521739130434783,0.0,0.0,0.0,0.0,0.25,0.08695652173913043,0.0
11343,Min Yao,154,0.1319,2026.0,2027.0,1.0,Indie Folk,Solo,0,2,2,0.0,2,7,0.175,0,2,2,2,0,2,1,0.0,0.0,0.0,0,0,0.0,0.08333333333333333,0.30434782608695654,0.0,0.175,0.0,0.3333333333333333,0.5,0.08695652173913043,0.0
211,Jing Han,155,0.1314,2029.0,2029.0,0.0,Darkwave,Solo,0,1,1,0.0,11,3,0.0,0,1,1,1,0,9,1,0.0,0.0,0.0,0,0,0.0,0.4583333333333333,0.13043478260869565,0.0,0.0,0.0,0.0,0.25,0.3913043478260869,0.0
215,Qiang Huang,155,0.1314,2029.0,2029.0,0.0,Darkwave,Solo,0,1,1,0.0,11,3,0.0,0,1,1,1,0,9,1,0.0,0.0,0.0,0,0,0.0,0.4583333333333333,0.13043478260869565,0.0,0.0,0.0,0.0,0.25,0.3913043478260869,0.0
1711,Gang Tan,157,0.1303,2026.0,2026.0,0.0,Doom Metal,Solo,0,2,2,0.0,6,6,0.0,0,2,1,1,0,6,1,0.0,0.0,0.0,0,0,0.0,0.25,0.2608695652173913,0.0,0.0,0.0,0.3333333333333333,0.25,0.2608695652173913,0.0
9094,Yang Zhang,158,0.1294,2027.0,2028.0,1.0,Dream Pop,Solo,0,2,2,0.0,8,2,0.0,0,2,1,1,0,8,2,0.5,0.5,0.5,1,4,0.0,0.3333333333333333,0.08695652173913043,0.0,0.0,0.0,0.3333333333333333,0.25,0.34782608695652173,0.5
3232,Chao Sun,159,0.1292,2029.0,2029.0,0.0,Dream Pop,Solo,0,2,2,0.0,6,5,0.0,0,2,1,1,0,6,2,0.4167,0.5,0.3333333333333333,1,2,0.0,0.25,0.21739130434782608,0.0,0.0,0.0,0.3333333333333333,0.25,0.2608695652173913,0.5
4354,Ping Wu,160,0.1287,2028.0,2029.0,1.0,Oceanus Folk,Solo,0,2,2,0.0,5,5,0.10500000000000001,0,2,1,1,0,4,2,0.45,0.5,0.4,1,2,0.0,0.20833333333333331,0.21739130434782608,0.0,0.10500000000000001,0.0,0.3333333333333333,0.25,0.17391304347826086,0.5
9169,Wei Xue,161,0.1286,2028.0,2028.0,0.0,Synthwave,Solo,0,1,1,0.0,9,5,0.0,0,1,1,1,0,9,1,0.0,0.0,0.0,0,0,0.0,0.375,0.21739130434782608,0.0,0.0,0.0,0.0,0.25,0.3913043478260869,0.0
9167,Chao Yan,161,0.1286,2028.0,2028.0,0.0,Synthwave,Solo,0,1,1,0.0,9,5,0.0,0,1,1,1,0,9,1,0.0,0.0,0.0,0,0,0.0,0.375,0.21739130434782608,0.0,0.0,0.0,0.0,0.25,0.3913043478260869,0.0
9171,Xiuying Song,161,0.1286,2028.0,2028.0,0.0,Synthwave,Solo,0,1,1,0.0,9,5,0.0,0,1,1,1,0,9,1,0.0,0.0,0.0,0,0,0.0,0.375,0.21739130434782608,0.0,0.0,0.0,0.0,0.25,0.3913043478260869,0.0
9168,Xiulan Dong,161,0.1286,2028.0,2028.0,0.0,Synthwave,Solo,0,1,1,0.0,9,5,0.0,0,1,1,1,0,9,1,0.0,0.0,0.0,0,0,0.0,0.375,0.21739130434782608,0.0,0.0,0.0,0.0,0.25,0.3913043478260869,0.0
9170,Ming Li,161,0.1286,2028.0,2028.0,0.0,Synthwave,Solo,0,1,1,0.0,9,5,0.0,0,1,1,1,0,9,1,0.0,0.0,0.0,0,0,0.0,0.375,0.21739130434782608,0.0,0.0,0.0,0.0,0.25,0.3913043478260869,0.0
9166,Xia Zhou,161,0.1286,2028.0,2028.0,0.0,Synthwave,Solo,0,1,1,0.0,9,5,0.0,0,1,1,1,0,9,1,0.0,0.0,0.0,0,0,0.0,0.375,0.21739130434782608,0.0,0.0,0.0,0.0,0.25,0.3913043478260869,0.0
2544,Yan Shi,167,0.1281,2026.0,2027.0,1.0,Dream Pop,Solo,0,2,2,0.0,5,6,0.06999999999999999,0,2,1,1,0,5,1,0.0,0.0,0.0,0,0,0.0,0.20833333333333331,0.2608695652173913,0.0,0.06999999999999999,0.0,0.3333333333333333,0.25,0.21739130434782608,0.0
2542,Xiuying Zou,167,0.1281,2026.0,2027.0,1.0,Psychedelic Rock,Solo,0,2,2,0.0,5,6,0.06999999999999999,0,2,1,1,0,5,1,0.0,0.0,0.0,0,0,0.0,0.20833333333333331,0.2608695652173913,0.0,0.06999999999999999,0.0,0.3333333333333333,0.25,0.21739130434782608,0.0
12844,Xiulan Jin,169,0.1258,2025.0,2026.0,1.0,Dream Pop,Solo,0,1,2,0.0,2,6,0.175,0,2,2,2,0,2,1,0.0,0.0,0.0,0,0,0.0,0.08333333333333333,0.2608695652173913,0.0,0.175,0.0,0.3333333333333333,0.5,0.08695652173913043,0.0
3678,Jun Shao,170,0.1249,2027.0,2029.0,2.0,Jazz Surf Rock,Solo,0,2,2,0.0,4,7,0.06999999999999999,0,2,1,1,0,4,1,0.375,0.5,0.25,1,1,0.0,0.16666666666666666,0.30434782608695654,0.0,0.06999999999999999,0.0,0.3333333333333333,0.25,0.17391304347826086,0.0
3681,Guiying Xia,170,0.1249,2027.0,2029.0,2.0,Jazz Surf Rock,Solo,0,2,2,0.0,4,7,0.06999999999999999,0,2,1,1,0,4,1,0.375,0.5,0.25,1,1,0.0,0.16666666666666666,0.30434782608695654,0.0,0.06999999999999999,0.0,0.3333333333333333,0.25,0.17391304347826086,0.0
9994,Juan Song,172,0.1246,2025.0,2029.0,4.0,Psychedelic Rock,Solo,0,3,3,0.0,4,7,0.017499999999999998,0,2,1,1,0,4,2,0.0,0.0,0.0,0,0,0.0,0.16666666666666666,0.30434782608695654,0.0,0.017499999999999998,0.0,0.3333333333333333,0.25,0.17391304347826086,0.5
6676,Anthony Salas,173,0.124,2027.0,2028.0,1.0,Jazz Surf Rock,Solo,0,2,2,0.0,8,3,0.034999999999999996,0,2,0,0,0,8,2,0.0,0.0,0.0,0,0,0.0,0.3333333333333333,0.13043478260869565,0.0,0.034999999999999996,0.0,0.3333333333333333,0.0,0.34782608695652173,0.5
1094,Xiulan Tang,174,0.1237,2026.0,2027.0,1.0,Jazz Surf Rock,Moral Friction,0,2,2,0.0,7,2,0.034999999999999996,0,2,1,1,0,7,2,0.0,0.0,0.0,0,0,0.0,0.29166666666666663,0.08695652173913043,0.0,0.034999999999999996,0.0,0.3333333333333333,0.25,0.30434782608695654,0.5
9866,Ping Wan,175,0.1235,2025.0,2026.0,1.0,Desert Rock,Solo,0,2,2,0.0,5,5,0.06999999999999999,0,2,1,1,0,3,2,0.4,0.0,0.8,0,4,0.0,0.20833333333333331,0.21739130434782608,0.0,0.06999999999999999,0.0,0.3333333333333333,0.25,0.13043478260869565,0.5
2455, Venice,176,0.1212,2029.0,2029.0,0.0,Doom Metal,Solo,0,1,1,0.0,7,6,0.0,0,1,1,1,0,7,2,0.0,0.0,0.0,0,0,0.0,0.29166666666666663,0.2608695652173913,0.0,0.0,0.0,0.0,0.25,0.30434782608695654,0.5
5210,Chao Ye,177,0.1208,2028.0,2029.0,1.0,Indie Folk,Solo,0,2,2,0.0,2,9,0.175,0,1,2,2,0,2,1,0.0,0.0,0.0,0,0,0.0,0.08333333333333333,0.3913043478260869,0.0,0.175,0.0,0.0,0.5,0.08695652173913043,0.0
12832,Felizitas Hermann,177,0.1208,2027.0,2027.0,0.0,Doom Metal,Solo,0,1,1,0.0,3,12,0.0,0,1,1,1,0,3,2,0.0,0.0,0.0,0,0,0.0,0.125,0.5217391304347826,0.0,0.0,0.0,0.0,0.25,0.13043478260869565,0.5
5209,Na Ye,177,0.1208,2028.0,2029.0,1.0,Indie Folk,Solo,0,2,2,0.0,2,9,0.175,0,1,2,2,0,2,1,0.0,0.0,0.0,0,0,0.0,0.08333333333333333,0.3913043478260869,0.0,0.175,0.0,0.0,0.5,0.08695652173913043,0.0
12827,Jerzy Majczyna,177,0.1208,2027.0,2027.0,0.0,Doom Metal,Solo,0,1,1,0.0,3,12,0.0,0,1,1,1,0,3,2,0.0,0.0,0.0,0,0,0.0,0.125,0.5217391304347826,0.0,0.0,0.0,0.0,0.25,0.13043478260869565,0.5
1193,Elizabeth Parker,181,0.1205,2026.0,2032.0,6.0,Alternative Rock,Solo,0,2,2,0.0,5,2,0.0,1,2,2,2,0,5,2,0.0,0.0,0.0,0,0,0.0,0.20833333333333331,0.08695652173913043,0.0,0.0,0.047619047619047616,0.3333333333333333,0.5,0.21739130434782608,0.5
8946,Yang Yi,182,0.1204,2026.0,2029.0,3.0,Southern Gothic Rock,Solo,0,2,2,0.0,6,2,0.011666666666666669,0,2,2,2,0,5,1,0.0,0.0,0.0,0,0,0.0,0.25,0.08695652173913043,0.0,0.011666666666666669,0.0,0.3333333333333333,0.5,0.21739130434782608,0.0
1093,Li Gong,183,0.1202,2027.0,2027.0,0.0,Americana,Moral Friction,0,2,2,0.0,7,2,0.0,0,2,1,1,0,7,2,0.0,0.0,0.0,0,0,0.0,0.29166666666666663,0.08695652173913043,0.0,0.0,0.0,0.3333333333333333,0.25,0.30434782608695654,0.5
7121,Lei Xue,184,0.12,2025.0,2028.0,3.0,Dream Pop,Solo,0,2,2,0.0,3,5,0.03500000000000001,0,2,2,2,0,3,2,0.0,0.0,0.0,0,0,0.0,0.125,0.21739130434782608,0.0,0.03500000000000001,0.0,0.3333333333333333,0.5,0.13043478260869565,0.5
9863,Qiang Gao,185,0.1185,2025.0,2026.0,1.0,Desert Rock,Solo,0,2,2,0.0,5,5,0.06999999999999999,0,2,1,1,0,3,1,0.4,0.0,0.8,0,4,0.0,0.20833333333333331,0.21739130434782608,0.0,0.06999999999999999,0.0,0.3333333333333333,0.25,0.13043478260869565,0.0
5371,Lei Lai,186,0.1176,2026.0,2027.0,1.0,Dream Pop,Solo,0,2,2,0.0,3,10,0.13999999999999999,0,1,1,1,0,3,1,0.0,0.0,0.0,0,0,0.0,0.125,0.43478260869565216,0.0,0.13999999999999999,0.0,0.0,0.25,0.13043478260869565,0.0
10885,Ping Du,186,0.1176,2026.0,2026.0,0.0,Dream Pop,Solo,0,2,2,0.0,2,13,0.0,0,1,1,1,0,2,2,0.0,0.0,0.0,0,0,0.0,0.08333333333333333,0.5652173913043478,0.0,0.0,0.0,0.0,0.25,0.08695652173913043,0.5
7843,Jun Liang,188,0.1167,2026.0,2029.0,3.0,Avant-Garde Folk,Solo,0,2,2,0.0,10,1,0.0,0,1,1,1,0,9,2,0.0,0.0,0.0,0,0,0.0,0.41666666666666663,0.043478260869565216,0.0,0.0,0.0,0.0,0.25,0.3913043478260869,0.5
2426,Guiying Ren,189,0.1166,2028.0,2028.0,0.0,Dream Pop,Arco Luminoso,0,1,1,0.0,5,5,0.0,0,1,2,1,1,5,3,0.0,0.0,0.0,0,0,0.0,0.20833333333333331,0.21739130434782608,0.0,0.0,0.0,0.0,0.5,0.21739130434782608,1.0
12256,Xia Chang,190,0.1162,2025.0,2025.0,0.0,Americana,Solo,0,1,1,0.0,7,6,0.0,0,1,1,1,0,7,1,0.0,0.0,0.0,0,0,0.0,0.29166666666666663,0.2608695652173913,0.0,0.0,0.0,0.0,0.25,0.30434782608695654,0.0
12258,Lei Qiu,190,0.1162,2025.0,2025.0,0.0,Americana,Solo,0,1,1,0.0,7,6,0.0,0,1,1,1,0,7,1,0.0,0.0,0.0,0,0,0.0,0.29166666666666663,0.2608695652173913,0.0,0.0,0.0,0.0,0.25,0.30434782608695654,0.0
12251,Min Xu,190,0.1162,2025.0,2025.0,0.0,Americana,Solo,0,1,1,0.0,7,6,0.0,0,1,1,1,0,7,1,0.0,0.0,0.0,0,0,0.0,0.29166666666666663,0.2608695652173913,0.0,0.0,0.0,0.0,0.25,0.30434782608695654,0.0
12257,Xiuying Ye,190,0.1162,2025.0,2025.0,0.0,Americana,Solo,0,1,1,0.0,7,6,0.0,0,1,1,1,0,7,1,0.0,0.0,0.0,0,0,0.0,0.29166666666666663,0.2608695652173913,0.0,0.0,0.0,0.0,0.25,0.30434782608695654,0.0
12252,Juan Song,190,0.1162,2025.0,2025.0,0.0,Americana,Solo,0,1,1,0.0,7,6,0.0,0,1,1,1,0,7,1,0.0,0.0,0.0,0,0,0.0,0.29166666666666663,0.2608695652173913,0.0,0.0,0.0,0.0,0.25,0.30434782608695654,0.0
12253,Chao Ren,190,0.1162,2025.0,2025.0,0.0,Americana,Solo,0,1,1,0.0,7,6,0.0,0,1,1,1,0,7,1,0.0,0.0,0.0,0,0,0.0,0.29166666666666663,0.2608695652173913,0.0,0.0,0.0,0.0,0.25,0.30434782608695654,0.0
12255,Fang Yi,190,0.1162,2025.0,2025.0,0.0,Americana,Solo,0,1,1,0.0,7,6,0.0,0,1,1,1,0,7,1,0.0,0.0,0.0,0,0,0.0,0.29166666666666663,0.2608695652173913,0.0,0.0,0.0,0.0,0.25,0.30434782608695654,0.0
12829,Sonia Trochimiuk,197,0.1158,2027.0,2027.0,0.0,Doom Metal,Solo,0,1,1,0.0,3,12,0.0,0,1,1,1,0,3,1,0.0,0.0,0.0,0,0,0.0,0.125,0.5217391304347826,0.0,0.0,0.0,0.0,0.25,0.13043478260869565,0.0
12826,Sara Chung,197,0.1158,2027.0,2027.0,0.0,Doom Metal,Solo,0,1,1,0.0,3,12,0.0,0,1,1,1,0,3,1,0.0,0.0,0.0,0,0,0.0,0.125,0.5217391304347826,0.0,0.0,0.0,0.0,0.25,0.13043478260869565,0.0
12828,Denny Scholl-Vogt,197,0.1158,2027.0,2027.0,0.0,Doom Metal,Solo,0,1,1,0.0,3,12,0.0,0,1,1,1,0,3,1,0.0,0.0,0.0,0,0,0.0,0.125,0.5217391304347826,0.0,0.0,0.0,0.0,0.25,0.13043478260869565,0.0
12831,Magret Staude,197,0.1158,2027.0,2027.0,0.0,Doom Metal,Solo,0,1,1,0.0,3,12,0.0,0,1,1,1,0,3,1,0.0,0.0,0.0,0,0,0.0,0.125,0.5217391304347826,0.0,0.0,0.0,0.0,0.25,0.13043478260869565,0.0
12830,Adrian Ross,197,0.1158,2027.0,2027.0,0.0,Doom Metal,Solo,0,1,1,0.0,3,12,0.0,0,1,1,1,0,3,1,0.0,0.0,0.0,0,0,0.0,0.125,0.5217391304347826,0.0,0.0,0.0,0.0,0.25,0.13043478260869565,0.0
12824,Christopher Fischer,197,0.1158,2027.0,2027.0,0.0,Doom Metal,Solo,0,1,1,0.0,3,12,0.0,0,1,1,1,0,3,1,0.0,0.0,0.0,0,0,0.0,0.125,0.5217391304347826,0.0,0.0,0.0,0.0,0.25,0.13043478260869565,0.0
12825,Bartek Heleniak,197,0.1158,2027.0,2027.0,0.0,Doom Metal,Solo,0,1,1,0.0,3,12,0.0,0,1,1,1,0,3,1,0.0,0.0,0.0,0,0,0.0,0.125,0.5217391304347826,0.0,0.0,0.0,0.0,0.25,0.13043478260869565,0.0
6807,Min Shao,204,0.115,2027.0,2027.0,0.0,Indie Folk,Solo,0,2,2,0.0,5,5,0.0,0,2,1,1,0,5,1,0.1,0.0,0.2,0,1,0.0,0.20833333333333331,0.21739130434782608,0.0,0.0,0.0,0.3333333333333333,0.25,0.21739130434782608,0.0
1717,Michael Washington,205,0.1134,2029.0,2029.0,0.0,Dream Pop,Solo,0,1,1,0.0,7,5,0.0,0,1,1,1,0,6,2,0.0,0.0,0.0,0,0,0.0,0.29166666666666663,0.21739130434782608,0.0,0.0,0.0,0.0,0.25,0.2608695652173913,0.5
14382,Giovanna Tirabassi,206,0.1126,2025.0,2025.0,0.0,Dream Pop,Solo,0,1,1,0.0,2,13,0.0,0,1,1,1,0,2,1,0.0,0.0,0.0,0,0,0.0,0.08333333333333333,0.5652173913043478,0.0,0.0,0.0,0.0,0.25,0.08695652173913043,0.0
14381,Maria Zola,206,0.1126,2025.0,2025.0,0.0,Dream Pop,Solo,0,1,1,0.0,2,13,0.0,0,1,1,1,0,2,1,0.0,0.0,0.0,0,0,0.0,0.08333333333333333,0.5652173913043478,0.0,0.0,0.0,0.0,0.25,0.08695652173913043,0.0
14380, Arctic Flame,206,0.1126,2025.0,2025.0,0.0,Dream Pop,Solo,0,1,1,0.0,2,13,0.0,0,1,1,1,0,2,1,0.0,0.0,0.0,0,0,0.0,0.08333333333333333,0.5652173913043478,0.0,0.0,0.0,0.0,0.25,0.08695652173913043,0.0
14386,Carlo Altera,206,0.1126,2025.0,2025.0,0.0,Dream Pop,Solo,0,1,1,0.0,2,13,0.0,0,1,1,1,0,2,1,0.0,0.0,0.0,0,0,0.0,0.08333333333333333,0.5652173913043478,0.0,0.0,0.0,0.0,0.25,0.08695652173913043,0.0
14385,Federigo Satta,206,0.1126,2025.0,2025.0,0.0,Dream Pop,Solo,0,1,1,0.0,2,13,0.0,0,1,1,1,0,2,1,0.0,0.0,0.0,0,0,0.0,0.08333333333333333,0.5652173913043478,0.0,0.0,0.0,0.0,0.25,0.08695652173913043,0.0
14387,Andrew Coleman,206,0.1126,2025.0,2025.0,0.0,Dream Pop,Solo,0,1,1,0.0,2,13,0.0,0,1,1,1,0,2,1,0.0,0.0,0.0,0,0,0.0,0.08333333333333333,0.5652173913043478,0.0,0.0,0.0,0.0,0.25,0.08695652173913043,0.0
14388,Emilio Missoni,206,0.1126,2025.0,2025.0,0.0,Dream Pop,Solo,0,1,1,0.0,2,13,0.0,0,1,1,1,0,2,1,0.0,0.0,0.0,0,0,0.0,0.08333333333333333,0.5652173913043478,0.0,0.0,0.0,0.0,0.25,0.08695652173913043,0.0
14384,Vanessa Villadicani,206,0.1126,2025.0,2025.0,0.0,Dream Pop,Solo,0,1,1,0.0,2,13,0.0,0,1,1,1,0,2,1,0.0,0.0,0.0,0,0,0.0,0.08333333333333333,0.5652173913043478,0.0,0.0,0.0,0.0,0.25,0.08695652173913043,0.0
5853,Olav Mülichen,214,0.112,2028.0,2029.0,1.0,Americana,Solo,0,2,2,0.0,6,3,0.0,0,2,1,1,0,6,1,0.0,0.0,0.0,0,0,0.0,0.25,0.13043478260869565,0.0,0.0,0.0,0.3333333333333333,0.25,0.2608695652173913,0.0
13410,Jun Meng,214,0.112,2028.0,2028.0,0.0,Dream Pop,Solo,0,1,1,0.0,6,6,0.0,0,1,1,1,0,6,2,0.0833,0.0,0.16666666666666666,0,1,0.0,0.25,0.2608695652173913,0.0,0.0,0.0,0.0,0.25,0.2608695652173913,0.5
16966,River Vale,216,0.1115,2036.0,2036.0,0.0,Doom Metal,Solo,2,2,4,0.0,2,0,0.0,0,1,0,0,0,2,2,0.0,0.0,0.0,0,0,0.4,0.08333333333333333,0.0,0.0,0.0,0.0,0.0,0.0,0.08695652173913043,0.5
12527,Xia Wu,217,0.1109,2027.0,2030.0,3.0,Oceanus Folk,Andean Horizon,0,2,2,0.0,3,7,0.03500000000000001,1,1,2,2,0,2,2,0.8333,1.0,0.6666666666666666,2,2,0.0,0.125,0.30434782608695654,0.0,0.03500000000000001,0.047619047619047616,0.0,0.5,0.08695652173913043,0.5
6874,Chao Chang,218,0.1104,2025.0,2029.0,4.0,Dream Pop,Solo,0,2,2,0.0,3,7,0.017499999999999998,0,2,1,1,0,3,1,0.0,0.0,0.0,0,0,0.0,0.125,0.30434782608695654,0.0,0.017499999999999998,0.0,0.3333333333333333,0.25,0.13043478260869565,0.0
4727,Min Wei,218,0.1104,2025.0,2026.0,1.0,Indie Folk,Solo,0,2,2,0.0,3,4,0.0,0,2,2,2,0,3,2,0.0,0.0,0.0,0,0,0.0,0.125,0.17391304347826086,0.0,0.0,0.0,0.3333333333333333,0.5,0.13043478260869565,0.5
8643,Tao Ren,220,0.1101,2026.0,2026.0,0.0,Post-Apocalyptic Folk,Solo,0,1,1,0.0,7,5,0.0,0,1,1,1,0,7,1,0.0,0.0,0.0,0,0,0.0,0.29166666666666663,0.21739130434782608,0.0,0.0,0.0,0.0,0.25,0.30434782608695654,0.0
8641,Jun Yu,220,0.1101,2026.0,2026.0,0.0,Post-Apocalyptic Folk,Solo,0,1,1,0.0,7,5,0.0,0,1,1,1,0,7,1,0.0,0.0,0.0,0,0,0.0,0.29166666666666663,0.21739130434782608,0.0,0.0,0.0,0.0,0.25,0.30434782608695654,0.0
8644,Yan Zheng,220,0.1101,2026.0,2026.0,0.0,Post-Apocalyptic Folk,Solo,0,1,1,0.0,7,5,0.0,0,1,1,1,0,7,1,0.0,0.0,0.0,0,0,0.0,0.29166666666666663,0.21739130434782608,0.0,0.0,0.0,0.0,0.25,0.30434782608695654,0.0
8645,Fang Qin,220,0.1101,2026.0,2026.0,0.0,Post-Apocalyptic Folk,Solo,0,1,1,0.0,7,5,0.0,0,1,1,1,0,7,1,0.0,0.0,0.0,0,0,0.0,0.29166666666666663,0.21739130434782608,0.0,0.0,0.0,0.0,0.25,0.30434782608695654,0.0
8646,Xiulan Yuan,220,0.1101,2026.0,2026.0,0.0,Post-Apocalyptic Folk,Solo,0,1,1,0.0,7,5,0.0,0,1,1,1,0,7,1,0.0,0.0,0.0,0,0,0.0,0.29166666666666663,0.21739130434782608,0.0,0.0,0.0,0.0,0.25,0.30434782608695654,0.0
15858, Shadow,225,0.1095,2028.0,2028.0,0.0,Dream Pop,Solo,0,1,1,0.0,1,14,0.0,0,1,1,1,0,1,1,0.0,0.0,0.0,0,0,0.0,0.041666666666666664,0.6086956521739131,0.0,0.0,0.0,0.0,0.25,0.043478260869565216,0.0
15859,Xia Qian,225,0.1095,2028.0,2028.0,0.0,Dream Pop,Solo,0,1,1,0.0,1,14,0.0,0,1,1,1,0,1,1,0.0,0.0,0.0,0,0,0.0,0.041666666666666664,0.6086956521739131,0.0,0.0,0.0,0.0,0.25,0.043478260869565216,0.0
15860,Tao Liao,225,0.1095,2028.0,2028.0,0.0,Dream Pop,Solo,0,1,1,0.0,1,14,0.0,0,1,1,1,0,1,1,0.0,0.0,0.0,0,0,0.0,0.041666666666666664,0.6086956521739131,0.0,0.0,0.0,0.0,0.25,0.043478260869565216,0.0
15861,Fang Kang,225,0.1095,2028.0,2028.0,0.0,Dream Pop,Solo,0,1,1,0.0,1,14,0.0,0,1,1,1,0,1,1,0.0,0.0,0.0,0,0,0.0,0.041666666666666664,0.6086956521739131,0.0,0.0,0.0,0.0,0.25,0.043478260869565216,0.0
15862,Juan Ren,225,0.1095,2028.0,2028.0,0.0,Dream Pop,Solo,0,1,1,0.0,1,14,0.0,0,1,1,1,0,1,1,0.0,0.0,0.0,0,0,0.0,0.041666666666666664,0.6086956521739131,0.0,0.0,0.0,0.0,0.25,0.043478260869565216,0.0
15863,Jun Wen,225,0.1095,2028.0,2028.0,0.0,Dream Pop,Solo,0,1,1,0.0,1,14,0.0,0,1,1,1,0,1,1,0.0,0.0,0.0,0,0,0.0,0.041666666666666664,0.6086956521739131,0.0,0.0,0.0,0.0,0.25,0.043478260869565216,0.0
15872,Na Feng,225,0.1095,2028.0,2028.0,0.0,Dream Pop,Solo,0,1,1,0.0,1,14,0.0,0,1,1,1,0,1,1,0.0,0.0,0.0,0,0,0.0,0.041666666666666664,0.6086956521739131,0.0,0.0,0.0,0.0,0.25,0.043478260869565216,0.0
15864,Yong Zou,225,0.1095,2028.0,2028.0,0.0,Dream Pop,Solo,0,1,1,0.0,1,14,0.0,0,1,1,1,0,1,1,0.0,0.0,0.0,0,0,0.0,0.041666666666666664,0.6086956521739131,0.0,0.0,0.0,0.0,0.25,0.043478260869565216,0.0
15865,Jie Qiao,225,0.1095,2028.0,2028.0,0.0,Dream Pop,Solo,0,1,1,0.0,1,14,0.0,0,1,1,1,0,1,1,0.0,0.0,0.0,0,0,0.0,0.041666666666666664,0.6086956521739131,0.0,0.0,0.0,0.0,0.25,0.043478260869565216,0.0
15866,Guiying Zhong,225,0.1095,2028.0,2028.0,0.0,Dream Pop,Solo,0,1,1,0.0,1,14,0.0,0,1,1,1,0,1,1,0.0,0.0,0.0,0,0,0.0,0.041666666666666664,0.6086956521739131,0.0,0.0,0.0,0.0,0.25,0.043478260869565216,0.0
15867,Timothy Scott,225,0.1095,2028.0,2028.0,0.0,Dream Pop,Solo,0,1,1,0.0,1,14,0.0,0,1,1,1,0,1,1,0.0,0.0,0.0,0,0,0.0,0.041666666666666664,0.6086956521739131,0.0,0.0,0.0,0.0,0.25,0.043478260869565216,0.0
15868,Min Jiang,225,0.1095,2028.0,2028.0,0.0,Dream Pop,Solo,0,1,1,0.0,1,14,0.0,0,1,1,1,0,1,1,0.0,0.0,0.0,0,0,0.0,0.041666666666666664,0.6086956521739131,0.0,0.0,0.0,0.0,0.25,0.043478260869565216,0.0
15869,Xia Yin,225,0.1095,2028.0,2028.0,0.0,Dream Pop,Solo,0,1,1,0.0,1,14,0.0,0,1,1,1,0,1,1,0.0,0.0,0.0,0,0,0.0,0.041666666666666664,0.6086956521739131,0.0,0.0,0.0,0.0,0.25,0.043478260869565216,0.0
15871,Jing He,225,0.1095,2028.0,2028.0,0.0,Dream Pop,Solo,0,1,1,0.0,1,14,0.0,0,1,1,1,0,1,1,0.0,0.0,0.0,0,0,0.0,0.041666666666666664,0.6086956521739131,0.0,0.0,0.0,0.0,0.25,0.043478260869565216,0.0
15873,Jing Tan,225,0.1095,2028.0,2028.0,0.0,Dream Pop,Solo,0,1,1,0.0,1,14,0.0,0,1,1,1,0,1,1,0.0,0.0,0.0,0,0,0.0,0.041666666666666664,0.6086956521739131,0.0,0.0,0.0,0.0,0.25,0.043478260869565216,0.0
1800,Qiang Chang,240,0.109,2028.0,2028.0,0.0,Americana,Solo,0,1,1,0.0,7,4,0.0,0,1,1,1,0,7,2,0.0,0.0,0.0,0,0,0.0,0.29166666666666663,0.17391304347826086,0.0,0.0,0.0,0.0,0.25,0.30434782608695654,0.5
1801,Fang Shen,240,0.109,2028.0,2028.0,0.0,Americana,Solo,0,1,1,0.0,7,4,0.0,0,1,1,1,0,7,2,0.0,0.0,0.0,0,0,0.0,0.29166666666666663,0.17391304347826086,0.0,0.0,0.0,0.0,0.25,0.30434782608695654,0.5
2637,Juan Lei,242,0.1087,2026.0,2026.0,0.0,Space Rock,Radiant Siblings,0,1,1,0.0,6,3,0.0,0,1,2,1,1,6,2,0.0,0.0,0.0,0,0,0.0,0.25,0.13043478260869565,0.0,0.0,0.0,0.0,0.5,0.2608695652173913,0.5
862,Jie Shao,243,0.1086,2028.0,2028.0,0.0,Space Rock,Solo,0,1,1,0.0,3,10,0.0,0,1,1,1,0,3,2,0.0,0.0,0.0,0,0,0.0,0.125,0.43478260869565216,0.0,0.0,0.0,0.0,0.25,0.13043478260869565,0.5
857,Juan Qiu,243,0.1086,2028.0,2028.0,0.0,Space Rock,Solo,0,1,1,0.0,3,10,0.0,0,1,1,1,0,3,2,0.0,0.0,0.0,0,0,0.0,0.125,0.43478260869565216,0.0,0.0,0.0,0.0,0.25,0.13043478260869565,0.5
1721,Casey Wright,245,0.1084,2029.0,2029.0,0.0,Dream Pop,Solo,0,1,1,0.0,7,5,0.0,0,1,1,1,0,6,1,0.0,0.0,0.0,0,0,0.0,0.29166666666666663,0.21739130434782608,0.0,0.0,0.0,0.0,0.25,0.2608695652173913,0.0
12526,Na Dai,246,0.1082,2025.0,2027.0,2.0,Desert Rock,Andean Horizon,0,1,2,0.0,2,4,0.06999999999999999,0,2,2,2,0,2,2,0.5,0.5,0.5,1,1,0.0,0.08333333333333333,0.17391304347826086,0.0,0.06999999999999999,0.0,0.3333333333333333,0.5,0.08695652173913043,0.5
114,Jie Long,247,0.1079,2027.0,2027.0,0.0,Lo-Fi Electronica,Solo,0,1,1,0.0,7,3,0.0,0,1,1,1,0,7,3,0.0,0.0,0.0,0,0,0.0,0.29166666666666663,0.13043478260869565,0.0,0.0,0.0,0.0,0.25,0.30434782608695654,1.0
12330,Yong Hu,248,0.1075,2026.0,2026.0,0.0,Space Rock,Solo,0,1,1,0.6,1,3,0.0,0,1,1,1,0,1,2,0.0,0.0,0.0,0,0,0.0,0.041666666666666664,0.13043478260869565,0.6,0.0,0.0,0.0,0.25,0.043478260869565216,0.5
1005,Ping Tan,249,0.1072,2027.0,2027.0,0.0,Americana,Solo,0,2,2,0.0,2,5,0.0,0,2,2,2,0,2,2,0.0,0.0,0.0,0,0,0.0,0.08333333333333333,0.21739130434782608,0.0,0.0,0.0,0.3333333333333333,0.5,0.08695652173913043,0.5
13407,Wei Xiong,250,0.107,2028.0,2028.0,0.0,Dream Pop,Solo,0,1,1,0.0,6,6,0.0,0,1,1,1,0,6,1,0.0833,0.0,0.16666666666666666,0,1,0.0,0.25,0.2608695652173913,0.0,0.0,0.0,0.0,0.25,0.2608695652173913,0.0
13408,Yang Sun,250,0.107,2028.0,2028.0,0.0,Dream Pop,Solo,0,1,1,0.0,6,6,0.0,0,1,1,1,0,6,1,0.0833,0.0,0.16666666666666666,0,1,0.0,0.25,0.2608695652173913,0.0,0.0,0.0,0.0,0.25,0.2608695652173913,0.0
13409,Xia Fang,250,0.107,2028.0,2028.0,0.0,Dream Pop,Solo,0,1,1,0.0,6,6,0.0,0,1,1,1,0,6,1,0.0833,0.0,0.16666666666666666,0,1,0.0,0.25,0.2608695652173913,0.0,0.0,0.0,0.0,0.25,0.2608695652173913,0.0
13411,Yong Liang,250,0.107,2028.0,2028.0,0.0,Dream Pop,Solo,0,1,1,0.0,6,6,0.0,0,1,1,1,0,6,1,0.0833,0.0,0.16666666666666666,0,1,0.0,0.25,0.2608695652173913,0.0,0.0,0.0,0.0,0.25,0.2608695652173913,0.0
1082,Juan Hu,250,0.107,2029.0,2029.0,0.0,Post-Apocalyptic Folk,Solo,0,1,1,0.0,6,6,0.0,0,1,1,1,0,6,1,0.0,0.0,0.0,0,0,0.0,0.25,0.2608695652173913,0.0,0.0,0.0,0.0,0.25,0.2608695652173913,0.0
13406,Jing Han,250,0.107,2028.0,2028.0,0.0,Dream Pop,Solo,0,1,1,0.0,6,6,0.0,0,1,1,1,0,6,1,0.0833,0.0,0.16666666666666666,0,1,0.0,0.25,0.2608695652173913,0.0,0.0,0.0,0.0,0.25,0.2608695652173913,0.0
13405, $PECTRUM,250,0.107,2028.0,2028.0,0.0,Dream Pop,Solo,0,1,1,0.0,6,6,0.0,0,1,1,1,0,6,1,0.0833,0.0,0.16666666666666666,0,1,0.0,0.25,0.2608695652173913,0.0,0.0,0.0,0.0,0.25,0.2608695652173913,0.0
13692,Craig Lewis,250,0.107,2026.0,2026.0,0.0,Indie Folk,Solo,0,1,1,0.0,6,6,0.0,0,1,1,1,0,6,1,0.4167,0.0,0.8333333333333334,0,5,0.0,0.25,0.2608695652173913,0.0,0.0,0.0,0.0,0.25,0.2608695652173913,0.0
13693,Xiuying Huang,250,0.107,2026.0,2026.0,0.0,Indie Folk,Solo,0,1,1,0.0,6,6,0.0,0,1,1,1,0,6,1,0.4167,0.0,0.8333333333333334,0,5,0.0,0.25,0.2608695652173913,0.0,0.0,0.0,0.0,0.25,0.2608695652173913,0.0
13694,Ming Mao,250,0.107,2026.0,2026.0,0.0,Indie Folk,Solo,0,1,1,0.0,6,6,0.0,0,1,1,1,0,6,1,0.4167,0.0,0.8333333333333334,0,5,0.0,0.25,0.2608695652173913,0.0,0.0,0.0,0.0,0.25,0.2608695652173913,0.0
508,Tao He,250,0.107,2028.0,2028.0,0.0,Dream Pop,Solo,0,2,2,0.0,6,6,0.0,0,1,1,1,0,6,1,0.0,0.0,0.0,0,0,0.0,0.25,0.2608695652173913,0.0,0.0,0.0,0.0,0.25,0.2608695652173913,0.0
13695,Xia Mao,250,0.107,2026.0,2026.0,0.0,Indie Folk,Solo,0,1,1,0.0,6,6,0.0,0,1,1,1,0,6,1,0.4167,0.0,0.8333333333333334,0,5,0.0,0.25,0.2608695652173913,0.0,0.0,0.0,0.0,0.25,0.2608695652173913,0.0
13696,Jing Gao,250,0.107,2026.0,2026.0,0.0,Indie Folk,Solo,0,1,1,0.0,6,6,0.0,0,1,1,1,0,6,1,0.4167,0.0,0.8333333333333334,0,5,0.0,0.25,0.2608695652173913,0.0,0.0,0.0,0.0,0.25,0.2608695652173913,0.0
15498,Bertrand-Robert Duval,263,0.1061,2027.0,2027.0,0.0,Emo/Pop Punk,Solo,0,1,1,0.0,8,2,0.0,0,1,1,1,0,8,2,0.0,0.0,0.0,0,0,0.0,0.3333333333333333,0.08695652173913043,0.0,0.0,0.0,0.0,0.25,0.34782608695652173,0.5
6669,Jie Zhang,264,0.1059,2029.0,2029.0,0.0,Indie Folk,Solo,0,1,1,0.0,6,5,0.0,0,1,1,1,0,6,2,0.0,0.0,0.0,0,0,0.0,0.25,0.21739130434782608,0.0,0.0,0.0,0.0,0.25,0.2608695652173913,0.5
15806,Aleksandar Kohl,265,0.1057,2028.0,2028.0,0.0,Dream Pop,Solo,0,1,1,0.0,4,8,0.0,0,1,1,1,0,4,2,0.0,0.0,0.0,0,0,0.0,0.16666666666666666,0.34782608695652173,0.0,0.0,0.0,0.0,0.25,0.17391304347826086,0.5
10865,Michael Richard,266,0.1054,2029.0,2029.0,0.0,Dream Pop,Solo,0,1,1,0.0,2,11,0.0,0,1,1,1,0,2,2,0.0,0.0,0.0,0,0,0.0,0.08333333333333333,0.4782608695652174,0.0,0.0,0.0,0.0,0.25,0.08695652173913043,0.5
10872,Audrey Fritz,266,0.1054,2029.0,2029.0,0.0,Dream Pop,Solo,0,1,1,0.0,2,11,0.0,0,1,1,1,0,2,2,0.0,0.0,0.0,0,0,0.0,0.08333333333333333,0.4782608695652174,0.0,0.0,0.0,0.0,0.25,0.08695652173913043,0.5
10864,Alexander Rose,266,0.1054,2029.0,2029.0,0.0,Dream Pop,Solo,0,1,1,0.0,2,11,0.0,0,1,1,1,0,2,2,0.0,0.0,0.0,0,0,0.0,0.08333333333333333,0.4782608695652174,0.0,0.0,0.0,0.0,0.25,0.08695652173913043,0.5
13952,Ping Wen,266,0.1054,2029.0,2029.0,0.0,Dream Pop,Solo,0,1,1,0.0,2,11,0.0,0,1,1,1,0,2,2,0.0,0.0,0.0,0,0,0.0,0.08333333333333333,0.4782608695652174,0.0,0.0,0.0,0.0,0.25,0.08695652173913043,0.5
3915,Xiuying Deng,270,0.1047,2026.0,2029.0,3.0,Dream Pop,Solo,0,2,2,0.0,2,4,0.03500000000000001,0,2,2,2,0,2,2,0.0,0.0,0.0,0,0,0.0,0.08333333333333333,0.17391304347826086,0.0,0.03500000000000001,0.0,0.3333333333333333,0.5,0.08695652173913043,0.5
4775,Sven Oude Heer,271,0.1042,2029.0,2029.0,0.0,Lo-Fi Electronica,Solo,0,1,1,0.0,9,1,0.0,0,1,1,1,0,9,1,0.0,0.0,0.0,0,0,0.0,0.375,0.043478260869565216,0.0,0.0,0.0,0.0,0.25,0.3913043478260869,0.0
6957,Ming Dong,272,0.104,2025.0,2025.0,0.0,Jazz Surf Rock,Solo,0,1,1,0.0,7,4,0.0,0,1,1,1,0,7,1,0.0,0.0,0.0,0,0,0.0,0.29166666666666663,0.17391304347826086,0.0,0.0,0.0,0.0,0.25,0.30434782608695654,0.0
6958,Lei Hu,272,0.104,2025.0,2025.0,0.0,Jazz Surf Rock,Solo,0,1,1,0.0,7,4,0.0,0,1,1,1,0,7,1,0.0,0.0,0.0,0,0,0.0,0.29166666666666663,0.17391304347826086,0.0,0.0,0.0,0.0,0.25,0.30434782608695654,0.0
9721,Hector Davis,272,0.104,2026.0,2026.0,0.0,Speed Metal,Solo,0,1,1,0.0,7,4,0.0,0,1,1,1,0,7,1,0.0,0.0,0.0,0,0,0.0,0.29166666666666663,0.17391304347826086,0.0,0.0,0.0,0.0,0.25,0.30434782608695654,0.0
15534,Daniel Campbell,272,0.104,2026.0,2026.0,0.0,Speed Metal,Solo,0,1,1,0.0,7,4,0.0,0,1,1,1,0,7,1,0.0,0.0,0.0,0,0,0.0,0.29166666666666663,0.17391304347826086,0.0,0.0,0.0,0.0,0.25,0.30434782608695654,0.0
13028,Michael Rivera,272,0.104,2026.0,2029.0,3.0,Oceanus Folk,Solo,0,2,2,0.0,7,4,0.0,0,1,1,1,0,7,1,0.7143,1.0,0.42857142857142855,2,3,0.0,0.29166666666666663,0.17391304347826086,0.0,0.0,0.0,0.0,0.25,0.30434782608695654,0.0
15535,Hector Jones,272,0.104,2026.0,2026.0,0.0,Speed Metal,Solo,0,1,1,0.0,7,4,0.0,0,1,1,1,0,7,1,0.0,0.0,0.0,0,0,0.0,0.29166666666666663,0.17391304347826086,0.0,0.0,0.0,0.0,0.25,0.30434782608695654,0.0
1798,Ping Xia,272,0.104,2028.0,2028.0,0.0,Americana,Solo,0,1,1,0.0,7,4,0.0,0,1,1,1,0,7,1,0.0,0.0,0.0,0,0,0.0,0.29166666666666663,0.17391304347826086,0.0,0.0,0.0,0.0,0.25,0.30434782608695654,0.0
1799,Steve Guzman,272,0.104,2028.0,2028.0,0.0,Americana,Solo,0,1,1,0.0,7,4,0.0,0,1,1,1,0,7,1,0.0,0.0,0.0,0,0,0.0,0.29166666666666663,0.17391304347826086,0.0,0.0,0.0,0.0,0.25,0.30434782608695654,0.0
1803,Na Duan,272,0.104,2028.0,2028.0,0.0,Americana,Solo,0,1,1,0.0,7,4,0.0,0,1,1,1,0,7,1,0.0,0.0,0.0,0,0,0.0,0.29166666666666663,0.17391304347826086,0.0,0.0,0.0,0.0,0.25,0.30434782608695654,0.0
860,Jie Lai,281,0.1036,2028.0,2028.0,0.0,Space Rock,Solo,0,1,1,0.0,3,10,0.0,0,1,1,1,0,3,1,0.0,0.0,0.0,0,0,0.0,0.125,0.43478260869565216,0.0,0.0,0.0,0.0,0.25,0.13043478260869565,0.0
853,Syntara,281,0.1036,2028.0,2028.0,0.0,Space Rock,Solo,0,1,1,0.0,3,10,0.0,0,1,1,1,0,3,1,0.0,0.0,0.0,0,0,0.0,0.125,0.43478260869565216,0.0,0.0,0.0,0.0,0.25,0.13043478260869565,0.0
854,Jing Ren,281,0.1036,2028.0,2028.0,0.0,Space Rock,Solo,0,1,1,0.0,3,10,0.0,0,1,1,1,0,3,1,0.0,0.0,0.0,0,0,0.0,0.125,0.43478260869565216,0.0,0.0,0.0,0.0,0.25,0.13043478260869565,0.0
856,Fang Hao,281,0.1036,2028.0,2028.0,0.0,Space Rock,Solo,0,1,1,0.0,3,10,0.0,0,1,1,1,0,3,1,0.0,0.0,0.0,0,0,0.0,0.125,0.43478260869565216,0.0,0.0,0.0,0.0,0.25,0.13043478260869565,0.0
859,Wei Cao,281,0.1036,2028.0,2028.0,0.0,Space Rock,Solo,0,1,1,0.0,3,10,0.0,0,1,1,1,0,3,1,0.0,0.0,0.0,0,0,0.0,0.125,0.43478260869565216,0.0,0.0,0.0,0.0,0.25,0.13043478260869565,0.0
864,Na Yin,281,0.1036,2028.0,2028.0,0.0,Space Rock,Solo,0,1,1,0.0,3,10,0.0,0,1,1,1,0,3,1,0.0,0.0,0.0,0,0,0.0,0.125,0.43478260869565216,0.0,0.0,0.0,0.0,0.25,0.13043478260869565,0.0
858,Ping Mo,281,0.1036,2028.0,2028.0,0.0,Space Rock,Solo,0,1,1,0.0,3,10,0.0,0,1,1,1,0,3,1,0.0,0.0,0.0,0,0,0.0,0.125,0.43478260869565216,0.0,0.0,0.0,0.0,0.25,0.13043478260869565,0.0
861,Min Ma,281,0.1036,2028.0,2028.0,0.0,Space Rock,Solo,0,1,1,0.0,3,10,0.0,0,1,1,1,0,3,1,0.0,0.0,0.0,0,0,0.0,0.125,0.43478260869565216,0.0,0.0,0.0,0.0,0.25,0.13043478260869565,0.0
6475,Guiying Ren,289,0.1029,2027.0,2027.0,0.0,Dream Pop,Solo,0,1,1,0.0,7,3,0.0,0,1,1,1,0,7,2,0.0714,0.0,0.14285714285714285,0,1,0.0,0.29166666666666663,0.13043478260869565,0.0,0.0,0.0,0.0,0.25,0.30434782608695654,0.5
12331,Lei Qiao,290,0.1025,2026.0,2026.0,0.0,Space Rock,Solo,0,1,1,0.6,1,3,0.0,0,1,1,1,0,1,1,0.0,0.0,0.0,0,0,0.0,0.041666666666666664,0.13043478260869565,0.6,0.0,0.0,0.0,0.25,0.043478260869565216,0.0
1775,Steven Branch,291,0.1024,2028.0,2028.0,0.0,Darkwave,Phantom Resonance,0,1,1,0.0,4,5,0.0,0,1,2,1,1,4,2,0.0,0.0,0.0,0,0,0.0,0.16666666666666666,0.21739130434782608,0.0,0.0,0.0,0.0,0.5,0.17391304347826086,0.5
5890,Allison Patterson,292,0.1015,2026.0,2026.0,0.0,Doom Metal,Solo,0,2,2,0.0,3,5,0.0,0,2,1,1,0,3,2,0.0,0.0,0.0,0,0,0.0,0.125,0.21739130434782608,0.0,0.0,0.0,0.3333333333333333,0.25,0.13043478260869565,0.5
5621,BIGG STACCZ,293,0.1012,2028.0,2028.0,0.0,Synthwave,Solo,0,1,1,0.0,7,3,0.0,0,1,1,1,0,6,2,0.0714,0.0,0.14285714285714285,0,1,0.0,0.29166666666666663,0.13043478260869565,0.0,0.0,0.0,0.0,0.25,0.2608695652173913,0.5
15499,Yan Ren,294,0.1011,2027.0,2027.0,0.0,Emo/Pop Punk,Solo,0,1,1,0.0,8,2,0.0,0,1,1,1,0,8,1,0.0,0.0,0.0,0,0,0.0,0.3333333333333333,0.08695652173913043,0.0,0.0,0.0,0.0,0.25,0.34782608695652173,0.0
12387,Requiem,295,0.1009,2029.0,2029.0,0.0,Indie Folk,Solo,0,1,1,0.0,6,5,0.0,0,1,1,1,0,6,1,0.0,0.0,0.0,0,0,0.0,0.25,0.21739130434782608,0.0,0.0,0.0,0.0,0.25,0.2608695652173913,0.0
12388,Chao Song,295,0.1009,2029.0,2029.0,0.0,Indie Folk,Solo,0,1,1,0.0,6,5,0.0,0,1,1,1,0,6,1,0.0,0.0,0.0,0,0,0.0,0.25,0.21739130434782608,0.0,0.0,0.0,0.0,0.25,0.2608695652173913,0.0
13951,Juan Liu,297,0.1004,2029.0,2029.0,0.0,Dream Pop,Solo,0,1,1,0.0,2,11,0.0,0,1,1,1,0,2,1,0.0,0.0,0.0,0,0,0.0,0.08333333333333333,0.4782608695652174,0.0,0.0,0.0,0.0,0.25,0.08695652173913043,0.0
13950,Ming Zhong,297,0.1004,2029.0,2029.0,0.0,Dream Pop,Solo,0,1,1,0.0,2,11,0.0,0,1,1,1,0,2,1,0.0,0.0,0.0,0,0,0.0,0.08333333333333333,0.4782608695652174,0.0,0.0,0.0,0.0,0.25,0.08695652173913043,0.0
10866,Rhonda Mendez,297,0.1004,2029.0,2029.0,0.0,Dream Pop,Solo,0,1,1,0.0,2,11,0.0,0,1,1,1,0,2,1,0.0,0.0,0.0,0,0,0.0,0.08333333333333333,0.4782608695652174,0.0,0.0,0.0,0.0,0.25,0.08695652173913043,0.0
10871,Dylan Miller,297,0.1004,2029.0,2029.0,0.0,Dream Pop,Solo,0,1,1,0.0,2,11,0.0,0,1,1,1,0,2,1,0.0,0.0,0.0,0,0,0.0,0.08333333333333333,0.4782608695652174,0.0,0.0,0.0,0.0,0.25,0.08695652173913043,0.0
13949,Yong Fang,297,0.1004,2029.0,2029.0,0.0,Dream Pop,Solo,0,1,1,0.0,2,11,0.0,0,1,1,1,0,2,1,0.0,0.0,0.0,0,0,0.0,0.08333333333333333,0.4782608695652174,0.0,0.0,0.0,0.0,0.25,0.08695652173913043,0.0
1636,Gabrielle Richardson,297,0.1004,2026.0,2026.0,0.0,Doom Metal,Solo,0,2,2,0.0,3,4,0.0,0,2,1,1,0,3,3,0.0,0.0,0.0,0,0,0.0,0.125,0.17391304347826086,0.0,0.0,0.0,0.3333333333333333,0.25,0.13043478260869565,1.0
10870,Thomas Robinson,297,0.1004,2029.0,2029.0,0.0,Dream Pop,Solo,0,1,1,0.0,2,11,0.0,0,1,1,1,0,2,1,0.0,0.0,0.0,0,0,0.0,0.08333333333333333,0.4782608695652174,0.0,0.0,0.0,0.0,0.25,0.08695652173913043,0.0
10862, Cobalt Sky,297,0.1004,2029.0,2029.0,0.0,Dream Pop,Solo,0,1,1,0.0,2,11,0.0,0,1,1,1,0,2,1,0.0,0.0,0.0,0,0,0.0,0.08333333333333333,0.4782608695652174,0.0,0.0,0.0,0.0,0.25,0.08695652173913043,0.0
13947,Brenda Day,297,0.1004,2029.0,2029.0,0.0,Dream Pop,Solo,0,1,1,0.0,2,11,0.0,0,1,1,1,0,2,1,0.0,0.0,0.0,0,0,0.0,0.08333333333333333,0.4782608695652174,0.0,0.0,0.0,0.0,0.25,0.08695652173913043,0.0
13948,Kelly Kim,297,0.1004,2029.0,2029.0,0.0,Dream Pop,Solo,0,1,1,0.0,2,11,0.0,0,1,1,1,0,2,1,0.0,0.0,0.0,0,0,0.0,0.08333333333333333,0.4782608695652174,0.0,0.0,0.0,0.0,0.25,0.08695652173913043,0.0
13954,Luis Green,297,0.1004,2029.0,2029.0,0.0,Dream Pop,Solo,0,1,1,0.0,2,11,0.0,0,1,1,1,0,2,1,0.0,0.0,0.0,0,0,0.0,0.08333333333333333,0.4782608695652174,0.0,0.0,0.0,0.0,0.25,0.08695652173913043,0.0
6558,Lotte Arens,297,0.1004,2029.0,2029.0,0.0,Dream Pop,Solo,0,1,1,0.0,2,11,0.0,0,1,1,1,0,2,1,0.0,0.0,0.0,0,0,0.0,0.08333333333333333,0.4782608695652174,0.0,0.0,0.0,0.0,0.25,0.08695652173913043,0.0
13953,Willie Johnson,297,0.1004,2029.0,2029.0,0.0,Dream Pop,Solo,0,1,1,0.0,2,11,0.0,0,1,1,1,0,2,1,0.0,0.0,0.0,0,0,0.0,0.08333333333333333,0.4782608695652174,0.0,0.0,0.0,0.0,0.25,0.08695652173913043,0.0
10873,Mackenzie Garza,297,0.1004,2029.0,2029.0,0.0,Dream Pop,Solo,0,1,1,0.0,2,11,0.0,0,1,1,1,0,2,1,0.0,0.0,0.0,0,0,0.0,0.08333333333333333,0.4782608695652174,0.0,0.0,0.0,0.0,0.25,0.08695652173913043,0.0
10863,Sepia Reverie,297,0.1004,2029.0,2029.0,0.0,Dream Pop,Solo,0,1,1,0.0,2,11,0.0,0,1,1,1,0,2,1,0.0,0.0,0.0,0,0,0.0,0.08333333333333333,0.4782608695652174,0.0,0.0,0.0,0.0,0.25,0.08695652173913043,0.0
13946,Xia Fan,297,0.1004,2029.0,2029.0,0.0,Dream Pop,Solo,0,1,1,0.0,2,11,0.0,0,1,1,1,0,2,1,0.0,0.0,0.0,0,0,0.0,0.08333333333333333,0.4782608695652174,0.0,0.0,0.0,0.0,0.25,0.08695652173913043,0.0
10869,Adam Smith,297,0.1004,2029.0,2029.0,0.0,Dream Pop,Solo,0,1,1,0.0,2,11,0.0,0,1,1,1,0,2,1,0.0,0.0,0.0,0,0,0.0,0.08333333333333333,0.4782608695652174,0.0,0.0,0.0,0.0,0.25,0.08695652173913043,0.0
3182,Juan Ding,314,0.0996,2029.0,2029.0,0.0,Dream Pop,Solo,0,1,1,0.0,4,7,0.0,0,1,1,1,0,4,2,0.0,0.0,0.0,0,0,0.0,0.16666666666666666,0.30434782608695654,0.0,0.0,0.0,0.0,0.25,0.17391304347826086,0.5
3181,Timothy Beck,314,0.0996,2029.0,2029.0,0.0,Dream Pop,Solo,0,1,1,0.0,4,7,0.0,0,1,1,1,0,4,2,0.0,0.0,0.0,0,0,0.0,0.16666666666666666,0.30434782608695654,0.0,0.0,0.0,0.0,0.25,0.17391304347826086,0.5
8774,Ming Lai,316,0.0979,2027.0,2027.0,0.0,Lo-Fi Electronica,Solo,0,1,1,0.0,7,3,0.0,0,1,1,1,0,7,1,0.0,0.0,0.0,0,0,0.0,0.29166666666666663,0.13043478260869565,0.0,0.0,0.0,0.0,0.25,0.30434782608695654,0.0
12412,Brian Brewer,317,0.0975,2029.0,2029.0,0.0,Doom Metal,Solo,0,1,1,0.0,3,9,0.0,0,1,1,1,0,3,1,0.0,0.0,0.0,0,0,0.0,0.125,0.3913043478260869,0.0,0.0,0.0,0.0,0.25,0.13043478260869565,0.0
12415,Michael Bradford,317,0.0975,2029.0,2029.0,0.0,Doom Metal,Solo,0,1,1,0.0,3,9,0.0,0,1,1,1,0,3,1,0.0,0.0,0.0,0,0,0.0,0.125,0.3913043478260869,0.0,0.0,0.0,0.0,0.25,0.13043478260869565,0.0
12488,Xia Liang,317,0.0975,2028.0,2028.0,0.0,Dream Pop,Solo,0,1,1,0.0,3,9,0.0,0,1,1,1,0,3,1,0.0,0.0,0.0,0,0,0.0,0.125,0.3913043478260869,0.0,0.0,0.0,0.0,0.25,0.13043478260869565,0.0
12487,Yan Fu,317,0.0975,2028.0,2028.0,0.0,Dream Pop,Solo,0,1,1,0.0,3,9,0.0,0,1,1,1,0,3,1,0.0,0.0,0.0,0,0,0.0,0.125,0.3913043478260869,0.0,0.0,0.0,0.0,0.25,0.13043478260869565,0.0
12486,Brittany Holmes,317,0.0975,2028.0,2028.0,0.0,Dream Pop,Solo,0,1,1,0.0,3,9,0.0,0,1,1,1,0,3,1,0.0,0.0,0.0,0,0,0.0,0.125,0.3913043478260869,0.0,0.0,0.0,0.0,0.25,0.13043478260869565,0.0
12417,Isabell Wulff,317,0.0975,2029.0,2029.0,0.0,Doom Metal,Solo,0,1,1,0.0,3,9,0.0,0,1,1,1,0,3,1,0.0,0.0,0.0,0,0,0.0,0.125,0.3913043478260869,0.0,0.0,0.0,0.0,0.25,0.13043478260869565,0.0
12411,Loïs Knoers,317,0.0975,2029.0,2029.0,0.0,Doom Metal,Solo,0,1,1,0.0,3,9,0.0,0,1,1,1,0,3,1,0.0,0.0,0.0,0,0,0.0,0.125,0.3913043478260869,0.0,0.0,0.0,0.0,0.25,0.13043478260869565,0.0
12413,Randall Johnson,317,0.0975,2029.0,2029.0,0.0,Doom Metal,Solo,0,1,1,0.0,3,9,0.0,0,1,1,1,0,3,1,0.0,0.0,0.0,0,0,0.0,0.125,0.3913043478260869,0.0,0.0,0.0,0.0,0.25,0.13043478260869565,0.0
12481,Steven Smith,317,0.0975,2028.0,2028.0,0.0,Dream Pop,Solo,0,1,1,0.0,3,9,0.0,0,1,1,1,0,3,1,0.0,0.0,0.0,0,0,0.0,0.125,0.3913043478260869,0.0,0.0,0.0,0.0,0.25,0.13043478260869565,0.0
9760,Jie Qiao,317,0.0975,2029.0,2029.0,0.0,Synthwave,Solo,0,1,1,0.0,3,9,0.0,0,1,1,1,0,3,1,0.0,0.0,0.0,0,0,0.0,0.125,0.3913043478260869,0.0,0.0,0.0,0.0,0.25,0.13043478260869565,0.0
12485,Lei Bai,317,0.0975,2028.0,2028.0,0.0,Dream Pop,Solo,0,1,1,0.0,3,9,0.0,0,1,1,1,0,3,1,0.0,0.0,0.0,0,0,0.0,0.125,0.3913043478260869,0.0,0.0,0.0,0.0,0.25,0.13043478260869565,0.0
9763,Christopher Nelson,317,0.0975,2029.0,2029.0,0.0,Synthwave,Solo,0,1,1,0.0,3,9,0.0,0,1,1,1,0,3,1,0.0,0.0,0.0,0,0,0.0,0.125,0.3913043478260869,0.0,0.0,0.0,0.0,0.25,0.13043478260869565,0.0
9762,Yang Zou,317,0.0975,2029.0,2029.0,0.0,Synthwave,Solo,0,1,1,0.0,3,9,0.0,0,1,1,1,0,3,1,0.0,0.0,0.0,0,0,0.0,0.125,0.3913043478260869,0.0,0.0,0.0,0.0,0.25,0.13043478260869565,0.0
12482,Wei Luo,317,0.0975,2028.0,2028.0,0.0,Dream Pop,Solo,0,1,1,0.0,3,9,0.0,0,1,1,1,0,3,1,0.0,0.0,0.0,0,0,0.0,0.125,0.3913043478260869,0.0,0.0,0.0,0.0,0.25,0.13043478260869565,0.0
5395,Yan Kang,331,0.0969,2027.0,2029.0,2.0,Americana,Solo,0,2,2,0.0,5,5,0.052500000000000005,0,1,1,1,0,5,1,0.0,0.0,0.0,0,0,0.0,0.20833333333333331,0.21739130434782608,0.0,0.052500000000000005,0.0,0.0,0.25,0.21739130434782608,0.0
7992,Na Zeng,332,0.0968,2025.0,2029.0,4.0,Dream Pop,Solo,0,2,2,0.0,2,6,0.034999999999999996,0,2,1,1,0,2,1,0.0,0.0,0.0,0,0,0.0,0.08333333333333333,0.2608695652173913,0.0,0.034999999999999996,0.0,0.3333333333333333,0.25,0.08695652173913043,0.0
9091,Xiulan Zhou,332,0.0968,2028.0,2028.0,0.0,Oceanus Folk,Solo,0,1,1,0.0,7,2,0.0,0,1,1,1,0,7,2,0.7143,1.0,0.42857142857142855,1,3,0.0,0.29166666666666663,0.08695652173913043,0.0,0.0,0.0,0.0,0.25,0.30434782608695654,0.5
6091,Ming Fan,334,0.0966,2025.0,2025.0,0.0,Doom Metal,Solo,0,1,1,0.0,5,5,0.0,0,1,1,1,0,5,2,0.0,0.0,0.0,0,0,0.0,0.20833333333333331,0.21739130434782608,0.0,0.0,0.0,0.0,0.25,0.21739130434782608,0.5
716,Charlene Lopez,334,0.0966,2026.0,2027.0,1.0,Dream Pop,Solo,0,2,2,0.0,5,5,0.0,0,1,1,1,0,5,2,0.0,0.0,0.0,0,0,0.0,0.20833333333333331,0.21739130434782608,0.0,0.0,0.0,0.0,0.25,0.21739130434782608,0.5
8670,Na Dong,334,0.0966,2025.0,2025.0,0.0,Psychedelic Rock,Solo,0,1,1,0.0,5,5,0.0,0,1,1,1,0,5,2,0.0,0.0,0.0,0,0,0.0,0.20833333333333331,0.21739130434782608,0.0,0.0,0.0,0.0,0.25,0.21739130434782608,0.5
7957,Xia Bai,337,0.0965,2026.0,2026.0,0.0,Dream Pop,Solo,0,2,2,0.0,3,5,0.0,0,2,1,1,0,3,1,0.0,0.0,0.0,0,0,0.0,0.125,0.21739130434782608,0.0,0.0,0.0,0.3333333333333333,0.25,0.13043478260869565,0.0
955,Na Peng,338,0.0964,2025.0,2025.0,0.0,Dream Pop,Solo,0,1,1,0.0,3,8,0.0,0,1,1,1,0,3,2,0.0,0.0,0.0,0,0,0.0,0.125,0.34782608695652173,0.0,0.0,0.0,0.0,0.25,0.13043478260869565,0.5
4142,Angelica Reid,338,0.0964,2026.0,2026.0,0.0,Synthwave,Solo,0,1,1,0.0,3,8,0.0,0,1,1,1,0,3,2,0.0,0.0,0.0,0,0,0.0,0.125,0.34782608695652173,0.0,0.0,0.0,0.0,0.25,0.13043478260869565,0.5
4143,Ping Du,338,0.0964,2026.0,2026.0,0.0,Synthwave,Solo,0,1,1,0.0,3,8,0.0,0,1,1,1,0,3,2,0.0,0.0,0.0,0,0,0.0,0.125,0.34782608695652173,0.0,0.0,0.0,0.0,0.25,0.13043478260869565,0.5
954,Isabella Smith,338,0.0964,2025.0,2025.0,0.0,Dream Pop,Solo,0,1,1,0.0,3,8,0.0,0,1,1,1,0,3,2,0.0,0.0,0.0,0,0,0.0,0.125,0.34782608695652173,0.0,0.0,0.0,0.0,0.25,0.13043478260869565,0.5
7817,Yan Yu,338,0.0964,2028.0,2028.0,0.0,Indie Rock,Solo,0,1,1,0.0,3,8,0.0,0,1,1,1,0,3,2,0.0,0.0,0.0,0,0,0.0,0.125,0.34782608695652173,0.0,0.0,0.0,0.0,0.25,0.13043478260869565,0.5
15324,Kacper Panasewicz,343,0.0962,2029.0,2029.0,0.0,Indie Folk,Solo,0,1,1,0.0,7,3,0.0,0,1,1,1,0,6,1,0.0,0.0,0.0,0,0,0.0,0.29166666666666663,0.13043478260869565,0.0,0.0,0.0,0.0,0.25,0.2608695652173913,0.0
5624,Jing Tao,343,0.0962,2028.0,2028.0,0.0,Synthwave,Solo,0,1,1,0.0,7,3,0.0,0,1,1,1,0,6,1,0.0714,0.0,0.14285714285714285,0,1,0.0,0.29166666666666663,0.13043478260869565,0.0,0.0,0.0,0.0,0.25,0.2608695652173913,0.0
9632,Allison Curtis,343,0.0962,2029.0,2029.0,0.0,Desert Rock,Solo,0,1,1,0.0,7,3,0.0,0,1,1,1,0,6,1,0.2143,0.0,0.42857142857142855,0,3,0.0,0.29166666666666663,0.13043478260869565,0.0,0.0,0.0,0.0,0.25,0.2608695652173913,0.0
5623,Min Yao,343,0.0962,2028.0,2028.0,0.0,Synthwave,Solo,0,1,1,0.0,7,3,0.0,0,1,1,1,0,6,1,0.0714,0.0,0.14285714285714285,0,1,0.0,0.29166666666666663,0.13043478260869565,0.0,0.0,0.0,0.0,0.25,0.2608695652173913,0.0
5622,Ping Mo,343,0.0962,2028.0,2028.0,0.0,Synthwave,Solo,0,1,1,0.0,7,3,0.0,0,1,1,1,0,6,1,0.0714,0.0,0.14285714285714285,0,1,0.0,0.29166666666666663,0.13043478260869565,0.0,0.0,0.0,0.0,0.25,0.2608695652173913,0.0
15477,Ping Zeng,348,0.0961,2027.0,2032.0,5.0,Dream Pop,Solo,0,2,2,0.0,2,5,0.0,1,2,1,1,0,2,2,0.0,0.0,0.0,0,0,0.0,0.08333333333333333,0.21739130434782608,0.0,0.0,0.047619047619047616,0.3333333333333333,0.25,0.08695652173913043,0.5
9374,Keya Kota,349,0.0957,2027.0,2029.0,2.0,Jazz Surf Rock,Solo,0,2,2,0.0,2,5,0.034999999999999996,0,2,1,1,0,2,2,0.0,0.0,0.0,0,0,0.0,0.08333333333333333,0.21739130434782608,0.0,0.034999999999999996,0.0,0.3333333333333333,0.25,0.08695652173913043,0.5
13091,Sherry Powell,350,0.0954,2026.0,2028.0,2.0,Symphonic Metal,Solo,0,2,2,0.0,6,3,0.017499999999999998,0,1,1,1,0,6,2,0.0833,0.0,0.16666666666666666,0,1,0.0,0.25,0.13043478260869565,0.0,0.017499999999999998,0.0,0.0,0.25,0.2608695652173913,0.5
4154,Xiuying Long,351,0.0952,2027.0,2027.0,0.0,Desert Rock,Solo,0,2,2,0.0,1,7,0.0,0,2,1,1,0,1,2,0.0,0.0,0.0,0,0,0.0,0.041666666666666664,0.30434782608695654,0.0,0.0,0.0,0.3333333333333333,0.25,0.043478260869565216,0.5
16634,Ming Xu,352,0.0951,2028.0,2028.0,0.0,Dream Pop,Solo,0,1,1,0.0,7,5,0.0,0,1,0,0,0,7,1,0.0,0.0,0.0,0,0,0.0,0.29166666666666663,0.21739130434782608,0.0,0.0,0.0,0.0,0.0,0.30434782608695654,0.0
1850,Ping Sun,352,0.0951,2028.0,2028.0,0.0,Dream Pop,Solo,0,1,1,0.0,7,5,0.0,0,1,0,0,0,7,1,0.0,0.0,0.0,0,0,0.0,0.29166666666666663,0.21739130434782608,0.0,0.0,0.0,0.0,0.0,0.30434782608695654,0.0
16633,Guiying Jin,352,0.0951,2028.0,2028.0,0.0,Dream Pop,Solo,0,1,1,0.0,7,5,0.0,0,1,0,0,0,7,1,0.0,0.0,0.0,0,0,0.0,0.29166666666666663,0.21739130434782608,0.0,0.0,0.0,0.0,0.0,0.30434782608695654,0.0
2892,Fang Kong,355,0.095,2029.0,2029.0,0.0,Desert Rock,Solo,0,1,1,0.0,8,1,0.0,0,1,1,1,0,8,1,0.0,0.0,0.0,0,0,0.0,0.3333333333333333,0.043478260869565216,0.0,0.0,0.0,0.0,0.25,0.34782608695652173,0.0
2891,Qiang Duan,355,0.095,2029.0,2029.0,0.0,Desert Rock,Solo,0,1,1,0.0,8,1,0.0,0,1,1,1,0,8,1,0.0,0.0,0.0,0,0,0.0,0.3333333333333333,0.043478260869565216,0.0,0.0,0.0,0.0,0.25,0.34782608695652173,0.0
6522,Fang Tang,357,0.0948,2028.0,2028.0,0.0,Doom Metal,Solo,0,1,1,0.0,6,4,0.0,0,1,1,1,0,6,1,0.0,0.0,0.0,0,0,0.0,0.25,0.17391304347826086,0.0,0.0,0.0,0.0,0.25,0.2608695652173913,0.0
4195,Holly Garcia,358,0.0947,2026.0,2026.0,0.0,Doom Metal,Solo,0,1,1,0.0,3,8,0.0,0,1,1,1,0,2,2,0.0,0.0,0.0,0,0,0.0,0.125,0.34782608695652173,0.0,0.0,0.0,0.0,0.25,0.08695652173913043,0.5
13205,Xiulan Xia,359,0.0946,2029.0,2029.0,0.0,Synthwave,Solo,0,1,1,0.0,4,7,0.0,0,1,1,1,0,4,1,0.0,0.0,0.0,0,0,0.0,0.16666666666666666,0.30434782608695654,0.0,0.0,0.0,0.0,0.25,0.17391304347826086,0.0
3178,Carrie Smith,359,0.0946,2029.0,2029.0,0.0,Dream Pop,Solo,0,1,1,0.0,4,7,0.0,0,1,1,1,0,4,1,0.0,0.0,0.0,0,0,0.0,0.16666666666666666,0.30434782608695654,0.0,0.0,0.0,0.0,0.25,0.17391304347826086,0.0
3179,Isaiah Gonzales,359,0.0946,2029.0,2029.0,0.0,Dream Pop,Solo,0,1,1,0.0,4,7,0.0,0,1,1,1,0,4,1,0.0,0.0,0.0,0,0,0.0,0.16666666666666666,0.30434782608695654,0.0,0.0,0.0,0.0,0.25,0.17391304347826086,0.0
3180,Raven Bowman,359,0.0946,2029.0,2029.0,0.0,Dream Pop,Solo,0,1,1,0.0,4,7,0.0,0,1,1,1,0,4,1,0.0,0.0,0.0,0,0,0.0,0.16666666666666666,0.30434782608695654,0.0,0.0,0.0,0.0,0.25,0.17391304347826086,0.0
13203,Gang Wu,359,0.0946,2029.0,2029.0,0.0,Synthwave,Solo,0,1,1,0.0,4,7,0.0,0,1,1,1,0,4,1,0.0,0.0,0.0,0,0,0.0,0.16666666666666666,0.30434782608695654,0.0,0.0,0.0,0.0,0.25,0.17391304347826086,0.0
13204,Qiang Cao,359,0.0946,2029.0,2029.0,0.0,Synthwave,Solo,0,1,1,0.0,4,7,0.0,0,1,1,1,0,4,1,0.0,0.0,0.0,0,0,0.0,0.16666666666666666,0.30434782608695654,0.0,0.0,0.0,0.0,0.25,0.17391304347826086,0.0
5615,Derek Cline,365,0.0945,2026.0,2029.0,3.0,Darkwave,Solo,0,2,2,0.0,5,0,0.0,0,2,1,1,0,5,3,0.0,0.0,0.0,0,0,0.0,0.20833333333333331,0.0,0.0,0.0,0.0,0.3333333333333333,0.25,0.21739130434782608,1.0
5904,Min Qian,366,0.0943,2027.0,2027.0,0.0,Psychedelic Rock,Solo,0,1,1,0.0,2,10,0.0,0,1,1,1,0,2,1,0.0,0.0,0.0,0,0,0.0,0.08333333333333333,0.43478260869565216,0.0,0.0,0.0,0.0,0.25,0.08695652173913043,0.0
2134,Megan Raymond,366,0.0943,2029.0,2029.0,0.0,Dream Pop,Solo,0,1,1,0.0,2,10,0.0,0,1,1,1,0,2,1,0.0,0.0,0.0,0,0,0.0,0.08333333333333333,0.43478260869565216,0.0,0.0,0.0,0.0,0.25,0.08695652173913043,0.0
2131, Monroe,366,0.0943,2029.0,2029.0,0.0,Dream Pop,Solo,0,1,1,0.0,2,10,0.0,0,1,1,1,0,2,1,0.0,0.0,0.0,0,0,0.0,0.08333333333333333,0.43478260869565216,0.0,0.0,0.0,0.0,0.25,0.08695652173913043,0.0
2135,Xiulan Qin,366,0.0943,2029.0,2029.0,0.0,Dream Pop,Solo,0,1,1,0.0,2,10,0.0,0,1,1,1,0,2,1,0.0,0.0,0.0,0,0,0.0,0.08333333333333333,0.43478260869565216,0.0,0.0,0.0,0.0,0.25,0.08695652173913043,0.0
2136,Xia Lei,366,0.0943,2029.0,2029.0,0.0,Dream Pop,Solo,0,1,1,0.0,2,10,0.0,0,1,1,1,0,2,1,0.0,0.0,0.0,0,0,0.0,0.08333333333333333,0.43478260869565216,0.0,0.0,0.0,0.0,0.25,0.08695652173913043,0.0
2137,Qiang Shi,366,0.0943,2029.0,2029.0,0.0,Dream Pop,Solo,0,1,1,0.0,2,10,0.0,0,1,1,1,0,2,1,0.0,0.0,0.0,0,0,0.0,0.08333333333333333,0.43478260869565216,0.0,0.0,0.0,0.0,0.25,0.08695652173913043,0.0
2138,Juan Yao,366,0.0943,2029.0,2029.0,0.0,Dream Pop,Solo,0,1,1,0.0,2,10,0.0,0,1,1,1,0,2,1,0.0,0.0,0.0,0,0,0.0,0.08333333333333333,0.43478260869565216,0.0,0.0,0.0,0.0,0.25,0.08695652173913043,0.0
2139,Xia Tan,366,0.0943,2029.0,2029.0,0.0,Dream Pop,Solo,0,1,1,0.0,2,10,0.0,0,1,1,1,0,2,1,0.0,0.0,0.0,0,0,0.0,0.08333333333333333,0.43478260869565216,0.0,0.0,0.0,0.0,0.25,0.08695652173913043,0.0
2140,Yong Zhang,366,0.0943,2029.0,2029.0,0.0,Dream Pop,Solo,0,1,1,0.0,2,10,0.0,0,1,1,1,0,2,1,0.0,0.0,0.0,0,0,0.0,0.08333333333333333,0.43478260869565216,0.0,0.0,0.0,0.0,0.25,0.08695652173913043,0.0
2133,Fang Du,366,0.0943,2029.0,2029.0,0.0,Dream Pop,Solo,0,1,1,0.0,2,10,0.0,0,1,1,1,0,2,1,0.0,0.0,0.0,0,0,0.0,0.08333333333333333,0.43478260869565216,0.0,0.0,0.0,0.0,0.25,0.08695652173913043,0.0
2141,Tao Qiu,366,0.0943,2029.0,2029.0,0.0,Dream Pop,Solo,0,1,1,0.0,2,10,0.0,0,1,1,1,0,2,1,0.0,0.0,0.0,0,0,0.0,0.08333333333333333,0.43478260869565216,0.0,0.0,0.0,0.0,0.25,0.08695652173913043,0.0
5901,Yang Su,366,0.0943,2027.0,2027.0,0.0,Psychedelic Rock,Solo,0,1,1,0.0,2,10,0.0,0,1,1,1,0,2,1,0.0,0.0,0.0,0,0,0.0,0.08333333333333333,0.43478260869565216,0.0,0.0,0.0,0.0,0.25,0.08695652173913043,0.0
5900,Amy Wood,366,0.0943,2027.0,2027.0,0.0,Psychedelic Rock,Solo,0,1,1,0.0,2,10,0.0,0,1,1,1,0,2,1,0.0,0.0,0.0,0,0,0.0,0.08333333333333333,0.43478260869565216,0.0,0.0,0.0,0.0,0.25,0.08695652173913043,0.0
5899,Jason Stevens,366,0.0943,2027.0,2027.0,0.0,Psychedelic Rock,Solo,0,1,1,0.0,2,10,0.0,0,1,1,1,0,2,1,0.0,0.0,0.0,0,0,0.0,0.08333333333333333,0.43478260869565216,0.0,0.0,0.0,0.0,0.25,0.08695652173913043,0.0
5898,Yan Zhao,366,0.0943,2027.0,2027.0,0.0,Psychedelic Rock,Solo,0,1,1,0.0,2,10,0.0,0,1,1,1,0,2,1,0.0,0.0,0.0,0,0,0.0,0.08333333333333333,0.43478260869565216,0.0,0.0,0.0,0.0,0.25,0.08695652173913043,0.0
5897,Ping Gong,366,0.0943,2027.0,2027.0,0.0,Psychedelic Rock,Solo,0,1,1,0.0,2,10,0.0,0,1,1,1,0,2,1,0.0,0.0,0.0,0,0,0.0,0.08333333333333333,0.43478260869565216,0.0,0.0,0.0,0.0,0.25,0.08695652173913043,0.0
5896,Joshua Mckenzie,366,0.0943,2027.0,2027.0,0.0,Psychedelic Rock,Solo,0,1,1,0.0,2,10,0.0,0,1,1,1,0,2,1,0.0,0.0,0.0,0,0,0.0,0.08333333333333333,0.43478260869565216,0.0,0.0,0.0,0.0,0.25,0.08695652173913043,0.0
5895,Wei Dai,366,0.0943,2027.0,2027.0,0.0,Psychedelic Rock,Solo,0,1,1,0.0,2,10,0.0,0,1,1,1,0,2,1,0.0,0.0,0.0,0,0,0.0,0.08333333333333333,0.43478260869565216,0.0,0.0,0.0,0.0,0.25,0.08695652173913043,0.0
5894,Halcyon,366,0.0943,2027.0,2027.0,0.0,Psychedelic Rock,Solo,0,1,1,0.0,2,10,0.0,0,1,1,1,0,2,1,0.0,0.0,0.0,0,0,0.0,0.08333333333333333,0.43478260869565216,0.0,0.0,0.0,0.0,0.25,0.08695652173913043,0.0
5903,Li Song,366,0.0943,2027.0,2027.0,0.0,Psychedelic Rock,Solo,0,1,1,0.0,2,10,0.0,0,1,1,1,0,2,1,0.0,0.0,0.0,0,0,0.0,0.08333333333333333,0.43478260869565216,0.0,0.0,0.0,0.0,0.25,0.08695652173913043,0.0
2132, D.C. Rain,366,0.0943,2029.0,2029.0,0.0,Dream Pop,Solo,0,1,1,0.0,2,10,0.0,0,1,1,1,0,2,1,0.0,0.0,0.0,0,0,0.0,0.08333333333333333,0.43478260869565216,0.0,0.0,0.0,0.0,0.25,0.08695652173913043,0.0
14176,Fang Ren,387,0.0939,2031.0,2031.0,0.0,Emo/Pop Punk,Solo,0,1,1,0.0,8,0,0.0,0,1,1,1,0,8,2,0.0,0.0,0.0,0,0,0.0,0.3333333333333333,0.0,0.0,0.0,0.0,0.0,0.25,0.34782608695652173,0.5
12139,Amber Smith,388,0.0937,2030.0,2030.0,0.0,Oceanus Folk,Solo,0,1,1,0.0,5,5,0.0,1,1,1,1,0,4,1,0.7,1.0,0.4,1,2,0.0,0.20833333333333331,0.21739130434782608,0.0,0.0,0.047619047619047616,0.0,0.25,0.17391304347826086,0.0
15312,Xiuying Zhou,388,0.0937,2029.0,2029.0,0.0,Desert Rock,Solo,0,1,1,0.0,6,3,0.0,0,1,1,1,0,6,2,0.0,0.0,0.0,0,0,0.0,0.25,0.13043478260869565,0.0,0.0,0.0,0.0,0.25,0.2608695652173913,0.5
15556,Yong Liu,388,0.0937,2028.0,2029.0,1.0,Jazz Surf Rock,Solo,0,2,2,0.0,6,3,0.0,0,1,1,1,0,6,2,0.0,0.0,0.0,0,0,0.0,0.25,0.13043478260869565,0.0,0.0,0.0,0.0,0.25,0.2608695652173913,0.5
6093,Na Cao,388,0.0937,2029.0,2029.0,0.0,Desert Rock,Solo,0,1,1,0.0,6,3,0.0,0,1,1,1,0,6,2,0.0,0.0,0.0,0,0,0.0,0.25,0.13043478260869565,0.0,0.0,0.0,0.0,0.25,0.2608695652173913,0.5
12140,Gang Zhu,388,0.0937,2030.0,2030.0,0.0,Oceanus Folk,Solo,0,1,1,0.0,5,5,0.0,1,1,1,1,0,4,1,0.7,1.0,0.4,1,2,0.0,0.20833333333333331,0.21739130434782608,0.0,0.0,0.047619047619047616,0.0,0.25,0.17391304347826086,0.0
11237,Dawn Massey,388,0.0937,2028.0,2028.0,0.0,Alternative Rock,Solo,0,1,1,0.0,6,3,0.0,0,1,1,1,0,6,2,0.0,0.0,0.0,0,0,0.0,0.25,0.13043478260869565,0.0,0.0,0.0,0.0,0.25,0.2608695652173913,0.5
12141,Min Tian,388,0.0937,2030.0,2030.0,0.0,Oceanus Folk,Solo,0,1,1,0.0,5,5,0.0,1,1,1,1,0,4,1,0.7,1.0,0.4,1,2,0.0,0.20833333333333331,0.21739130434782608,0.0,0.0,0.047619047619047616,0.0,0.25,0.17391304347826086,0.0
10770,Brian Gonzalez,395,0.0935,2028.0,2028.0,0.0,Jazz Surf Rock,Solo,0,1,1,0.0,4,6,0.0,0,1,1,1,0,4,2,0.0,0.0,0.0,0,0,0.0,0.16666666666666666,0.2608695652173913,0.0,0.0,0.0,0.0,0.25,0.17391304347826086,0.5
7442,Yan Liu,395,0.0935,2030.0,2030.0,0.0,Desert Rock,Solo,0,1,1,0.0,4,6,0.0,0,1,1,1,0,4,2,0.375,0.0,0.75,0,3,0.0,0.16666666666666666,0.2608695652173913,0.0,0.0,0.0,0.0,0.25,0.17391304347826086,0.5
9590,Li Jiang,395,0.0935,2028.0,2028.0,0.0,Space Rock,Solo,0,1,1,0.0,4,6,0.0,0,1,1,1,0,4,2,0.0,0.0,0.0,0,0,0.0,0.16666666666666666,0.2608695652173913,0.0,0.0,0.0,0.0,0.25,0.17391304347826086,0.5
13843,Theresa Jones,398,0.0926,2030.0,2030.0,0.0,Dream Pop,Solo,0,1,1,0.0,5,4,0.0,1,1,1,1,0,4,2,0.0,0.0,0.0,0,0,0.0,0.20833333333333331,0.17391304347826086,0.0,0.0,0.047619047619047616,0.0,0.25,0.17391304347826086,0.5
13846,Li Ren,398,0.0926,2030.0,2030.0,0.0,Dream Pop,Solo,0,1,1,0.0,5,4,0.0,1,1,1,1,0,4,2,0.0,0.0,0.0,0,0,0.0,0.20833333333333331,0.17391304347826086,0.0,0.0,0.047619047619047616,0.0,0.25,0.17391304347826086,0.5
7881,Patricia Pope,400,0.092,2027.0,2027.0,0.0,Oceanus Folk,Solo,0,1,1,0.0,6,3,0.0,0,1,1,1,0,5,2,0.75,1.0,0.5,1,3,0.0,0.25,0.13043478260869565,0.0,0.0,0.0,0.0,0.25,0.21739130434782608,0.5
9093,Chao Fang,401,0.0918,2028.0,2028.0,0.0,Oceanus Folk,Solo,0,1,1,0.0,7,2,0.0,0,1,1,1,0,7,1,0.7143,1.0,0.42857142857142855,1,3,0.0,0.29166666666666663,0.08695652173913043,0.0,0.0,0.0,0.0,0.25,0.30434782608695654,0.0
13391,Anita Szałata,402,0.0916,2028.0,2028.0,0.0,Synthwave,Solo,0,1,1,0.0,5,5,0.0,0,1,1,1,0,5,1,0.0,0.0,0.0,0,0,0.0,0.20833333333333331,0.21739130434782608,0.0,0.0,0.0,0.0,0.25,0.21739130434782608,0.0
8668,Guiying Jiang,402,0.0916,2025.0,2025.0,0.0,Psychedelic Rock,Solo,0,1,1,0.0,5,5,0.0,0,1,1,1,0,5,1,0.0,0.0,0.0,0,0,0.0,0.20833333333333331,0.21739130434782608,0.0,0.0,0.0,0.0,0.25,0.21739130434782608,0.0
14133,Jun Han,402,0.0916,2026.0,2026.0,0.0,Synthwave,Solo,0,1,1,0.0,5,5,0.0,0,1,1,1,0,5,1,0.0,0.0,0.0,0,0,0.0,0.20833333333333331,0.21739130434782608,0.0,0.0,0.0,0.0,0.25,0.21739130434782608,0.0
6088,Yang Yang,402,0.0916,2025.0,2025.0,0.0,Doom Metal,Solo,0,1,1,0.0,5,5,0.0,0,1,1,1,0,5,1,0.0,0.0,0.0,0,0,0.0,0.20833333333333331,0.21739130434782608,0.0,0.0,0.0,0.0,0.25,0.21739130434782608,0.0
714, Lotus Grey,402,0.0916,2026.0,2027.0,1.0,Dream Pop,Solo,0,2,2,0.0,5,5,0.0,0,1,1,1,0,5,1,0.0,0.0,0.0,0,0,0.0,0.20833333333333331,0.21739130434782608,0.0,0.0,0.0,0.0,0.25,0.21739130434782608,0.0
717,Ping Lin,402,0.0916,2026.0,2027.0,1.0,Dream Pop,Solo,0,2,2,0.0,5,5,0.0,0,1,1,1,0,5,1,0.0,0.0,0.0,0,0,0.0,0.20833333333333331,0.21739130434782608,0.0,0.0,0.0,0.0,0.25,0.21739130434782608,0.0
718,Lei Gu,402,0.0916,2026.0,2027.0,1.0,Dream Pop,Solo,0,2,2,0.0,5,5,0.0,0,1,1,1,0,5,1,0.0,0.0,0.0,0,0,0.0,0.20833333333333331,0.21739130434782608,0.0,0.0,0.0,0.0,0.25,0.21739130434782608,0.0
13390,Yan Fang,402,0.0916,2028.0,2028.0,0.0,Synthwave,Solo,0,1,1,0.0,5,5,0.0,0,1,1,1,0,5,1,0.0,0.0,0.0,0,0,0.0,0.20833333333333331,0.21739130434782608,0.0,0.0,0.0,0.0,0.25,0.21739130434782608,0.0
8671,Guiying Shen,402,0.0916,2025.0,2025.0,0.0,Psychedelic Rock,Solo,0,1,1,0.0,5,5,0.0,0,1,1,1,0,5,1,0.0,0.0,0.0,0,0,0.0,0.20833333333333331,0.21739130434782608,0.0,0.0,0.0,0.0,0.25,0.21739130434782608,0.0
8672,Min Li,402,0.0916,2025.0,2025.0,0.0,Psychedelic Rock,Solo,0,1,1,0.0,5,5,0.0,0,1,1,1,0,5,1,0.0,0.0,0.0,0,0,0.0,0.20833333333333331,0.21739130434782608,0.0,0.0,0.0,0.0,0.25,0.21739130434782608,0.0
15761,Wei Fu,402,0.0916,2026.0,2026.0,0.0,Synthwave,Solo,0,1,1,0.0,5,5,0.0,0,1,1,1,0,5,1,0.0,0.0,0.0,0,0,0.0,0.20833333333333331,0.21739130434782608,0.0,0.0,0.0,0.0,0.25,0.21739130434782608,0.0
8669,Qiang Zhou,402,0.0916,2025.0,2025.0,0.0,Psychedelic Rock,Solo,0,1,1,0.0,5,5,0.0,0,1,1,1,0,5,1,0.0,0.0,0.0,0,0,0.0,0.20833333333333331,0.21739130434782608,0.0,0.0,0.0,0.0,0.25,0.21739130434782608,0.0
7814,Ming Shao,414,0.0914,2028.0,2028.0,0.0,Indie Rock,Solo,0,1,1,0.0,3,8,0.0,0,1,1,1,0,3,1,0.0,0.0,0.0,0,0,0.0,0.125,0.34782608695652173,0.0,0.0,0.0,0.0,0.25,0.13043478260869565,0.0
952, BLVCK MOON,414,0.0914,2025.0,2025.0,0.0,Dream Pop,Solo,0,1,1,0.0,3,8,0.0,0,1,1,1,0,3,1,0.0,0.0,0.0,0,0,0.0,0.125,0.34782608695652173,0.0,0.0,0.0,0.0,0.25,0.13043478260869565,0.0
7815,Xia Fu,414,0.0914,2028.0,2028.0,0.0,Indie Rock,Solo,0,1,1,0.0,3,8,0.0,0,1,1,1,0,3,1,0.0,0.0,0.0,0,0,0.0,0.125,0.34782608695652173,0.0,0.0,0.0,0.0,0.25,0.13043478260869565,0.0
7812,Wei Zheng,414,0.0914,2028.0,2028.0,0.0,Indie Rock,Solo,0,1,1,0.0,3,8,0.0,0,1,1,1,0,3,1,0.0,0.0,0.0,0,0,0.0,0.125,0.34782608695652173,0.0,0.0,0.0,0.0,0.25,0.13043478260869565,0.0
7813,Yan Long,414,0.0914,2028.0,2028.0,0.0,Indie Rock,Solo,0,1,1,0.0,3,8,0.0,0,1,1,1,0,3,1,0.0,0.0,0.0,0,0,0.0,0.125,0.34782608695652173,0.0,0.0,0.0,0.0,0.25,0.13043478260869565,0.0
953,Xiulan Hu,414,0.0914,2025.0,2025.0,0.0,Dream Pop,Solo,0,1,1,0.0,3,8,0.0,0,1,1,1,0,3,1,0.0,0.0,0.0,0,0,0.0,0.125,0.34782608695652173,0.0,0.0,0.0,0.0,0.25,0.13043478260869565,0.0
7816,Xia Ma,414,0.0914,2028.0,2028.0,0.0,Indie Rock,Solo,0,1,1,0.0,3,8,0.0,0,1,1,1,0,3,1,0.0,0.0,0.0,0,0,0.0,0.125,0.34782608695652173,0.0,0.0,0.0,0.0,0.25,0.13043478260869565,0.0
7818,Yang Zhang,414,0.0914,2028.0,2028.0,0.0,Indie Rock,Solo,0,1,1,0.0,3,8,0.0,0,1,1,1,0,3,1,0.0,0.0,0.0,0,0,0.0,0.125,0.34782608695652173,0.0,0.0,0.0,0.0,0.25,0.13043478260869565,0.0
7820,Chao Zhou,414,0.0914,2028.0,2028.0,0.0,Indie Rock,Solo,0,1,1,0.0,3,8,0.0,0,1,1,1,0,3,1,0.0,0.0,0.0,0,0,0.0,0.125,0.34782608695652173,0.0,0.0,0.0,0.0,0.25,0.13043478260869565,0.0
7811,Min Wang,414,0.0914,2028.0,2028.0,0.0,Indie Rock,Solo,0,1,1,0.0,3,8,0.0,0,1,1,1,0,3,1,0.0,0.0,0.0,0,0,0.0,0.125,0.34782608695652173,0.0,0.0,0.0,0.0,0.25,0.13043478260869565,0.0
956,Xiulan Lei,414,0.0914,2025.0,2025.0,0.0,Dream Pop,Solo,0,1,1,0.0,3,8,0.0,0,1,1,1,0,3,1,0.0,0.0,0.0,0,0,0.0,0.125,0.34782608695652173,0.0,0.0,0.0,0.0,0.25,0.13043478260869565,0.0
960,Sabrina Jenkins,414,0.0914,2025.0,2025.0,0.0,Dream Pop,Solo,0,1,1,0.0,3,8,0.0,0,1,1,1,0,3,1,0.0,0.0,0.0,0,0,0.0,0.125,0.34782608695652173,0.0,0.0,0.0,0.0,0.25,0.13043478260869565,0.0
958,Ping Gong,414,0.0914,2025.0,2025.0,0.0,Dream Pop,Solo,0,1,1,0.0,3,8,0.0,0,1,1,1,0,3,1,0.0,0.0,0.0,0,0,0.0,0.125,0.34782608695652173,0.0,0.0,0.0,0.0,0.25,0.13043478260869565,0.0
4146,Yong Zeng,414,0.0914,2026.0,2026.0,0.0,Synthwave,Fallen Cherubs,0,1,1,0.0,3,8,0.0,0,1,1,1,0,3,1,0.0,0.0,0.0,0,0,0.0,0.125,0.34782608695652173,0.0,0.0,0.0,0.0,0.25,0.13043478260869565,0.0
957,Sean Harrison,414,0.0914,2025.0,2025.0,0.0,Dream Pop,Solo,0,1,1,0.0,3,8,0.0,0,1,1,1,0,3,1,0.0,0.0,0.0,0,0,0.0,0.125,0.34782608695652173,0.0,0.0,0.0,0.0,0.25,0.13043478260869565,0.0
126,Miloš Pokorný,429,0.0912,2025.0,2025.0,0.0,Indie Folk,Solo,0,2,2,0.0,2,4,0.0,0,2,1,1,0,2,3,0.0,0.0,0.0,0,0,0.0,0.08333333333333333,0.17391304347826086,0.0,0.0,0.0,0.3333333333333333,0.25,0.08695652173913043,1.0
629,Marcelina Ogłaza,430,0.0905,2028.0,2028.0,0.0,Indie Folk,Solo,0,1,1,0.0,5,4,0.0,0,1,1,1,0,5,2,0.0,0.0,0.0,0,0,0.0,0.20833333333333331,0.17391304347826086,0.0,0.0,0.0,0.0,0.25,0.21739130434782608,0.5
9497,Chao Kang,430,0.0905,2029.0,2029.0,0.0,Oceanus Folk,Solo,0,1,1,0.0,5,4,0.0,0,1,1,1,0,5,2,0.8,1.0,0.6,1,3,0.0,0.20833333333333331,0.17391304347826086,0.0,0.0,0.0,0.0,0.25,0.21739130434782608,0.5
1638,Bryan Smith,432,0.0904,2026.0,2026.0,0.0,Synthpop,Solo,0,2,2,0.0,3,4,0.0,0,2,1,1,0,3,1,0.0,0.0,0.0,0,0,0.0,0.125,0.17391304347826086,0.0,0.0,0.0,0.3333333333333333,0.25,0.13043478260869565,0.0
5420,Wei Long,433,0.0903,2028.0,2028.0,0.0,Darkwave,Solo,0,1,1,0.0,3,7,0.0,0,1,1,1,0,3,2,0.0,0.0,0.0,0,0,0.0,0.125,0.30434782608695654,0.0,0.0,0.0,0.0,0.25,0.13043478260869565,0.5
11784,Chao Tian,434,0.0899,2027.0,2027.0,0.0,Dream Pop,Solo,0,1,1,0.0,5,5,0.0,0,1,1,1,0,4,1,0.0,0.0,0.0,0,0,0.0,0.20833333333333331,0.21739130434782608,0.0,0.0,0.0,0.0,0.25,0.17391304347826086,0.0
11782,Tao Su,434,0.0899,2027.0,2027.0,0.0,Dream Pop,Solo,0,1,1,0.0,5,5,0.0,0,1,1,1,0,4,1,0.0,0.0,0.0,0,0,0.0,0.20833333333333331,0.21739130434782608,0.0,0.0,0.0,0.0,0.25,0.17391304347826086,0.0
11781,Tao Xu,434,0.0899,2027.0,2027.0,0.0,Dream Pop,Solo,0,1,1,0.0,5,5,0.0,0,1,1,1,0,4,1,0.0,0.0,0.0,0,0,0.0,0.20833333333333331,0.21739130434782608,0.0,0.0,0.0,0.0,0.25,0.17391304347826086,0.0
11783,Guiying Zhong,434,0.0899,2027.0,2027.0,0.0,Dream Pop,Solo,0,1,1,0.0,5,5,0.0,0,1,1,1,0,4,1,0.0,0.0,0.0,0,0,0.0,0.20833333333333331,0.21739130434782608,0.0,0.0,0.0,0.0,0.25,0.17391304347826086,0.0
4199,Jun Shao,438,0.0897,2026.0,2026.0,0.0,Doom Metal,Solo,0,1,1,0.0,3,8,0.0,0,1,1,1,0,2,1,0.0,0.0,0.0,0,0,0.0,0.125,0.34782608695652173,0.0,0.0,0.0,0.0,0.25,0.08695652173913043,0.0
4203,Tao Yu,438,0.0897,2026.0,2026.0,0.0,Doom Metal,Solo,0,1,1,0.0,3,8,0.0,0,1,1,1,0,2,1,0.0,0.0,0.0,0,0,0.0,0.125,0.34782608695652173,0.0,0.0,0.0,0.0,0.25,0.08695652173913043,0.0
4198,David Moore,438,0.0897,2026.0,2026.0,0.0,Doom Metal,Solo,0,1,1,0.0,3,8,0.0,0,1,1,1,0,2,1,0.0,0.0,0.0,0,0,0.0,0.125,0.34782608695652173,0.0,0.0,0.0,0.0,0.25,0.08695652173913043,0.0
4197,Na Gu,438,0.0897,2026.0,2026.0,0.0,Doom Metal,Solo,0,1,1,0.0,3,8,0.0,0,1,1,1,0,2,1,0.0,0.0,0.0,0,0,0.0,0.125,0.34782608695652173,0.0,0.0,0.0,0.0,0.25,0.08695652173913043,0.0
4202,Candice Avila,438,0.0897,2026.0,2026.0,0.0,Doom Metal,Solo,0,1,1,0.0,3,8,0.0,0,1,1,1,0,2,1,0.0,0.0,0.0,0,0,0.0,0.125,0.34782608695652173,0.0,0.0,0.0,0.0,0.25,0.08695652173913043,0.0
4200,Jeremy Watkins,438,0.0897,2026.0,2026.0,0.0,Doom Metal,Solo,0,1,1,0.0,3,8,0.0,0,1,1,1,0,2,1,0.0,0.0,0.0,0,0,0.0,0.125,0.34782608695652173,0.0,0.0,0.0,0.0,0.25,0.08695652173913043,0.0
4470,Min Hou,444,0.0893,2028.0,2029.0,1.0,Desert Rock,Solo,0,2,2,0.0,3,3,0.0,0,2,1,1,0,3,2,0.0,0.0,0.0,0,0,0.0,0.125,0.13043478260869565,0.0,0.0,0.0,0.3333333333333333,0.25,0.13043478260869565,0.5
8960,Yésica de Oller,444,0.0893,2027.0,2029.0,2.0,Alternative Rock,Solo,0,2,2,0.0,1,6,0.052500000000000005,0,2,1,1,0,1,1,0.0,0.0,0.0,0,0,0.0,0.041666666666666664,0.2608695652173913,0.0,0.052500000000000005,0.0,0.3333333333333333,0.25,0.043478260869565216,0.0
12402,Li Fan,446,0.0888,2027.0,2027.0,0.0,Americana,Solo,0,1,1,0.0,5,4,0.0,0,1,1,1,0,4,2,0.0,0.0,0.0,0,0,0.0,0.20833333333333331,0.17391304347826086,0.0,0.0,0.0,0.0,0.25,0.17391304347826086,0.5
12403,Kathryn Garcia,446,0.0888,2027.0,2027.0,0.0,Americana,Solo,0,1,1,0.0,5,4,0.0,0,1,1,1,0,4,2,0.0,0.0,0.0,0,0,0.0,0.20833333333333331,0.17391304347826086,0.0,0.0,0.0,0.0,0.25,0.17391304347826086,0.5
11239,Ralph Bell,448,0.0887,2028.0,2028.0,0.0,Alternative Rock,Solo,0,1,1,0.0,6,3,0.0,0,1,1,1,0,6,1,0.0,0.0,0.0,0,0,0.0,0.25,0.13043478260869565,0.0,0.0,0.0,0.0,0.25,0.2608695652173913,0.0
11238,Rachel Garcia,448,0.0887,2028.0,2028.0,0.0,Alternative Rock,Solo,0,1,1,0.0,6,3,0.0,0,1,1,1,0,6,1,0.0,0.0,0.0,0,0,0.0,0.25,0.13043478260869565,0.0,0.0,0.0,0.0,0.25,0.2608695652173913,0.0
7444,Lei Shi,450,0.0885,2030.0,2030.0,0.0,Desert Rock,Solo,0,1,1,0.0,4,6,0.0,0,1,1,1,0,4,1,0.375,0.0,0.75,0,3,0.0,0.16666666666666666,0.2608695652173913,0.0,0.0,0.0,0.0,0.25,0.17391304347826086,0.0
9592,Tao Jiang,450,0.0885,2028.0,2028.0,0.0,Space Rock,Solo,0,1,1,0.0,4,6,0.0,0,1,1,1,0,4,1,0.0,0.0,0.0,0,0,0.0,0.16666666666666666,0.2608695652173913,0.0,0.0,0.0,0.0,0.25,0.17391304347826086,0.0
9589,Fang Chang,450,0.0885,2028.0,2028.0,0.0,Space Rock,Solo,0,1,1,0.0,4,6,0.0,0,1,1,1,0,4,1,0.0,0.0,0.0,0,0,0.0,0.16666666666666666,0.2608695652173913,0.0,0.0,0.0,0.0,0.25,0.17391304347826086,0.0
7443,Wei Gu,450,0.0885,2030.0,2030.0,0.0,Desert Rock,Solo,0,1,1,0.0,4,6,0.0,0,1,1,1,0,4,1,0.375,0.0,0.75,0,3,0.0,0.16666666666666666,0.2608695652173913,0.0,0.0,0.0,0.0,0.25,0.17391304347826086,0.0
9596,Yang Hou,450,0.0885,2028.0,2028.0,0.0,Space Rock,Solo,0,1,1,0.0,4,6,0.0,0,1,1,1,0,4,1,0.0,0.0,0.0,0,0,0.0,0.16666666666666666,0.2608695652173913,0.0,0.0,0.0,0.0,0.25,0.17391304347826086,0.0
12432,Guiying Qian,450,0.0885,2028.0,2028.0,0.0,Jazz Surf Rock,Solo,0,1,1,0.0,4,6,0.0,0,1,1,1,0,4,1,0.0,0.0,0.0,0,0,0.0,0.16666666666666666,0.2608695652173913,0.0,0.0,0.0,0.0,0.25,0.17391304347826086,0.0
7445,Xiuying Guo,450,0.0885,2030.0,2030.0,0.0,Desert Rock,Solo,0,1,1,0.0,4,6,0.0,0,1,1,1,0,4,1,0.375,0.0,0.75,0,3,0.0,0.16666666666666666,0.2608695652173913,0.0,0.0,0.0,0.0,0.25,0.17391304347826086,0.0
12431,Juan Zhong,450,0.0885,2028.0,2028.0,0.0,Jazz Surf Rock,Solo,0,1,1,0.0,4,6,0.0,0,1,1,1,0,4,1,0.0,0.0,0.0,0,0,0.0,0.16666666666666666,0.2608695652173913,0.0,0.0,0.0,0.0,0.25,0.17391304347826086,0.0
12430,Xia Mao,450,0.0885,2028.0,2028.0,0.0,Jazz Surf Rock,Solo,0,1,1,0.0,4,6,0.0,0,1,1,1,0,4,1,0.0,0.0,0.0,0,0,0.0,0.16666666666666666,0.2608695652173913,0.0,0.0,0.0,0.0,0.25,0.17391304347826086,0.0
12433,Jun Qin,450,0.0885,2028.0,2028.0,0.0,Jazz Surf Rock,Solo,0,1,1,0.0,4,6,0.0,0,1,1,1,0,4,1,0.0,0.0,0.0,0,0,0.0,0.16666666666666666,0.2608695652173913,0.0,0.0,0.0,0.0,0.25,0.17391304347826086,0.0
7446,Jing Guo,450,0.0885,2030.0,2030.0,0.0,Desert Rock,Solo,0,1,1,0.0,4,6,0.0,0,1,1,1,0,4,1,0.375,0.0,0.75,0,3,0.0,0.16666666666666666,0.2608695652173913,0.0,0.0,0.0,0.0,0.25,0.17391304347826086,0.0
17155,Jaye Finch,461,0.0882,2031.0,2033.0,2.0,Synthpop,Solo,0,5,8,0.0,9,0,0.0,0,1,0,0,0,9,2,0.0556,0.0,0.1111111111111111,0,1,0.0,0.375,0.0,0.0,0.0,0.0,0.0,0.0,0.3913043478260869,0.5
11651,Imran van Maasgouw-Schroeff,462,0.088,2030.0,2030.0,0.0,Alternative Rock,Solo,0,1,1,0.0,3,6,0.0,1,1,1,1,0,3,2,0.0,0.0,0.0,0,0,0.0,0.125,0.2608695652173913,0.0,0.0,0.047619047619047616,0.0,0.25,0.13043478260869565,0.5
13844,Sean Phillips,463,0.0876,2030.0,2030.0,0.0,Dream Pop,Solo,0,1,1,0.0,5,4,0.0,1,1,1,1,0,4,1,0.0,0.0,0.0,0,0,0.0,0.20833333333333331,0.17391304347826086,0.0,0.0,0.047619047619047616,0.0,0.25,0.17391304347826086,0.0
13845,Ping Gu,463,0.0876,2030.0,2030.0,0.0,Dream Pop,Solo,0,1,1,0.0,5,4,0.0,1,1,1,1,0,4,1,0.0,0.0,0.0,0,0,0.0,0.20833333333333331,0.17391304347826086,0.0,0.0,0.047619047619047616,0.0,0.25,0.17391304347826086,0.0
13847,Jun Jia,463,0.0876,2030.0,2030.0,0.0,Dream Pop,Solo,0,1,1,0.0,5,4,0.0,1,1,1,1,0,4,1,0.0,0.0,0.0,0,0,0.0,0.20833333333333331,0.17391304347826086,0.0,0.0,0.047619047619047616,0.0,0.25,0.17391304347826086,0.0
5031,Jing Wang,466,0.0874,2026.0,2026.0,0.0,Desert Rock,Solo,0,1,1,0.0,4,5,0.0,0,1,1,1,0,4,2,0.0,0.0,0.0,0,0,0.0,0.16666666666666666,0.21739130434782608,0.0,0.0,0.0,0.0,0.25,0.17391304347826086,0.5
8411,Xiulan Kang,466,0.0874,2029.0,2029.0,0.0,Jazz Surf Rock,Solo,0,1,1,0.0,4,5,0.0,0,1,1,1,0,4,2,0.0,0.0,0.0,0,0,0.0,0.16666666666666666,0.21739130434782608,0.0,0.0,0.0,0.0,0.25,0.17391304347826086,0.5
5149,Lei Jiang,466,0.0874,2026.0,2026.0,0.0,Darkwave,Solo,0,1,1,0.0,4,5,0.0,0,1,1,1,0,4,2,0.0,0.0,0.0,0,0,0.0,0.16666666666666666,0.21739130434782608,0.0,0.0,0.0,0.0,0.25,0.17391304347826086,0.5
5150,Kenneth Moore,466,0.0874,2026.0,2026.0,0.0,Darkwave,Solo,0,1,1,0.0,4,5,0.0,0,1,1,1,0,4,2,0.0,0.0,0.0,0,0,0.0,0.16666666666666666,0.21739130434782608,0.0,0.0,0.0,0.0,0.25,0.17391304347826086,0.5
13715,Nicholas Lawrence,466,0.0874,2028.0,2028.0,0.0,Darkwave,Solo,0,1,1,0.0,4,5,0.0,0,1,1,1,0,4,2,0.0,0.0,0.0,0,0,0.0,0.16666666666666666,0.21739130434782608,0.0,0.0,0.0,0.0,0.25,0.17391304347826086,0.5
6485,Juan Jin,466,0.0874,2027.0,2027.0,0.0,Dream Pop,Solo,0,1,1,0.0,4,5,0.0,0,1,1,1,0,4,2,0.0,0.0,0.0,0,0,0.0,0.16666666666666666,0.21739130434782608,0.0,0.0,0.0,0.0,0.25,0.17391304347826086,0.5
15225,Guiying Shi,472,0.0872,2026.0,2026.0,0.0,Jazz Surf Rock,Solo,0,2,2,0.0,2,5,0.0,0,2,1,1,0,2,1,0.0,0.0,0.0,0,0,0.0,0.08333333333333333,0.21739130434782608,0.0,0.0,0.0,0.3333333333333333,0.25,0.08695652173913043,0.0
7877,Ming Du,473,0.087,2027.0,2027.0,0.0,Oceanus Folk,Solo,0,1,1,0.0,6,3,0.0,0,1,1,1,0,5,1,0.75,1.0,0.5,1,3,0.0,0.25,0.13043478260869565,0.0,0.0,0.0,0.0,0.25,0.21739130434782608,0.0
16971,Jasper Quinn,474,0.0865,2037.0,2039.0,2.0,Alternative Rock,Solo,1,1,5,0.0,2,0,0.0,5,1,0,0,0,2,2,0.0,0.0,0.0,0,0,0.2,0.08333333333333333,0.0,0.0,0.0,0.23809523809523808,0.0,0.0,0.08695652173913043,0.5
3439,Fang Gu,475,0.0858,2029.0,2029.0,0.0,Synthwave,Solo,0,1,1,0.0,7,1,0.0,0,1,1,1,0,7,1,0.0,0.0,0.0,0,0,0.0,0.29166666666666663,0.043478260869565216,0.0,0.0,0.0,0.0,0.25,0.30434782608695654,0.0
4799,Na Yin,476,0.0857,2027.0,2029.0,2.0,Dream Pop,Solo,0,2,2,0.0,2,5,0.034999999999999996,0,2,0,0,0,2,3,0.0,0.0,0.0,0,0,0.0,0.08333333333333333,0.21739130434782608,0.0,0.034999999999999996,0.0,0.3333333333333333,0.0,0.08695652173913043,1.0
9494,O.G. SPECTA,477,0.0855,2029.0,2029.0,0.0,Oceanus Folk,Solo,0,1,1,0.0,5,4,0.0,0,1,1,1,0,5,1,0.8,1.0,0.6,1,3,0.0,0.20833333333333331,0.17391304347826086,0.0,0.0,0.0,0.0,0.25,0.21739130434782608,0.0
15421,Sylwia Skowyra,477,0.0855,2028.0,2028.0,0.0,Indie Folk,Solo,0,1,1,0.0,5,4,0.0,0,1,1,1,0,5,1,0.0,0.0,0.0,0,0,0.0,0.20833333333333331,0.17391304347826086,0.0,0.0,0.0,0.0,0.25,0.21739130434782608,0.0
14484,Guiying Liao,477,0.0855,2029.0,2029.0,0.0,Synthwave,Solo,0,1,1,0.0,5,4,0.0,0,1,1,1,0,5,1,0.0,0.0,0.0,0,0,0.0,0.20833333333333331,0.17391304347826086,0.0,0.0,0.0,0.0,0.25,0.21739130434782608,0.0
9498,Joseph Cole,477,0.0855,2029.0,2029.0,0.0,Oceanus Folk,Solo,0,1,1,0.0,5,4,0.0,0,1,1,1,0,5,1,0.8,1.0,0.6,1,3,0.0,0.20833333333333331,0.17391304347826086,0.0,0.0,0.0,0.0,0.25,0.21739130434782608,0.0
10271,Tao Xu,477,0.0855,2026.0,2026.0,0.0,Post-Apocalyptic Folk,Solo,0,1,1,0.0,5,4,0.0,0,1,1,1,0,5,1,0.1,0.0,0.2,0,1,0.0,0.20833333333333331,0.17391304347826086,0.0,0.0,0.0,0.0,0.25,0.21739130434782608,0.0
10272,Xiulan Duan,477,0.0855,2026.0,2026.0,0.0,Post-Apocalyptic Folk,Solo,0,1,1,0.0,5,4,0.0,0,1,1,1,0,5,1,0.1,0.0,0.2,0,1,0.0,0.20833333333333331,0.17391304347826086,0.0,0.0,0.0,0.0,0.25,0.21739130434782608,0.0
10274,Qiang Gu,477,0.0855,2026.0,2026.0,0.0,Post-Apocalyptic Folk,Solo,0,1,1,0.0,5,4,0.0,0,1,1,1,0,5,1,0.1,0.0,0.2,0,1,0.0,0.20833333333333331,0.17391304347826086,0.0,0.0,0.0,0.0,0.25,0.21739130434782608,0.0
7117,Ming Huang,477,0.0855,2029.0,2029.0,0.0,Synthwave,Solo,0,1,1,0.0,5,4,0.0,0,1,1,1,0,5,1,0.0,0.0,0.0,0,0,0.0,0.20833333333333331,0.17391304347826086,0.0,0.0,0.0,0.0,0.25,0.21739130434782608,0.0
9496,Yan Huang,477,0.0855,2029.0,2029.0,0.0,Oceanus Folk,Solo,0,1,1,0.0,5,4,0.0,0,1,1,1,0,5,1,0.8,1.0,0.6,1,3,0.0,0.20833333333333331,0.17391304347826086,0.0,0.0,0.0,0.0,0.25,0.21739130434782608,0.0
9499,Rachel Ford,477,0.0855,2029.0,2029.0,0.0,Oceanus Folk,Solo,0,1,1,0.0,5,4,0.0,0,1,1,1,0,5,1,0.8,1.0,0.6,1,3,0.0,0.20833333333333331,0.17391304347826086,0.0,0.0,0.0,0.0,0.25,0.21739130434782608,0.0
5417,Qiang Jiang,487,0.0853,2028.0,2028.0,0.0,Darkwave,Solo,0,1,1,0.0,3,7,0.0,0,1,1,1,0,3,1,0.0,0.0,0.0,0,0,0.0,0.125,0.30434782608695654,0.0,0.0,0.0,0.0,0.25,0.13043478260869565,0.0
5421,Qiang Wen,487,0.0853,2028.0,2028.0,0.0,Darkwave,Solo,0,1,1,0.0,3,7,0.0,0,1,1,1,0,3,1,0.0,0.0,0.0,0,0,0.0,0.125,0.30434782608695654,0.0,0.0,0.0,0.0,0.25,0.13043478260869565,0.0
5423,Chao Fang,487,0.0853,2028.0,2028.0,0.0,Darkwave,Solo,0,1,1,0.0,3,7,0.0,0,1,1,1,0,3,1,0.0,0.0,0.0,0,0,0.0,0.125,0.30434782608695654,0.0,0.0,0.0,0.0,0.25,0.13043478260869565,0.0
14150,Tao Huang,487,0.0853,2028.0,2028.0,0.0,Jazz Surf Rock,Solo,0,1,1,0.0,3,7,0.0,0,1,1,1,0,3,1,0.0,0.0,0.0,0,0,0.0,0.125,0.30434782608695654,0.0,0.0,0.0,0.0,0.25,0.13043478260869565,0.0
5419,Karen Graham,487,0.0853,2028.0,2028.0,0.0,Darkwave,Solo,0,1,1,0.0,3,7,0.0,0,1,1,1,0,3,1,0.0,0.0,0.0,0,0,0.0,0.125,0.30434782608695654,0.0,0.0,0.0,0.0,0.25,0.13043478260869565,0.0
5418,Ming Zeng,487,0.0853,2028.0,2028.0,0.0,Darkwave,Solo,0,1,1,0.0,3,7,0.0,0,1,1,1,0,3,1,0.0,0.0,0.0,0,0,0.0,0.125,0.30434782608695654,0.0,0.0,0.0,0.0,0.25,0.13043478260869565,0.0
14148,Min Qiao,487,0.0853,2028.0,2028.0,0.0,Jazz Surf Rock,Solo,0,1,1,0.0,3,7,0.0,0,1,1,1,0,3,1,0.0,0.0,0.0,0,0,0.0,0.125,0.30434782608695654,0.0,0.0,0.0,0.0,0.25,0.13043478260869565,0.0
14147,Yan Chen,487,0.0853,2028.0,2028.0,0.0,Jazz Surf Rock,Solo,0,1,1,0.0,3,7,0.0,0,1,1,1,0,3,1,0.0,0.0,0.0,0,0,0.0,0.125,0.30434782608695654,0.0,0.0,0.0,0.0,0.25,0.13043478260869565,0.0
14149,Guiying Su,487,0.0853,2028.0,2028.0,0.0,Jazz Surf Rock,Solo,0,1,1,0.0,3,7,0.0,0,1,1,1,0,3,1,0.0,0.0,0.0,0,0,0.0,0.125,0.30434782608695654,0.0,0.0,0.0,0.0,0.25,0.13043478260869565,0.0
15679,Jessica Brown,496,0.0851,2027.0,2027.0,0.0,Indie Rock,Solo,0,1,1,0.0,1,10,0.0,0,1,1,1,0,1,1,0.0,0.0,0.0,0,0,0.0,0.041666666666666664,0.43478260869565216,0.0,0.0,0.0,0.0,0.25,0.043478260869565216,0.0
15681,Chelsea Young,496,0.0851,2027.0,2027.0,0.0,Indie Rock,Solo,0,1,1,0.0,1,10,0.0,0,1,1,1,0,1,1,0.0,0.0,0.0,0,0,0.0,0.041666666666666664,0.43478260869565216,0.0,0.0,0.0,0.0,0.25,0.043478260869565216,0.0
15678,Timothy Watson,496,0.0851,2027.0,2027.0,0.0,Indie Rock,Solo,0,1,1,0.0,1,10,0.0,0,1,1,1,0,1,1,0.0,0.0,0.0,0,0,0.0,0.041666666666666664,0.43478260869565216,0.0,0.0,0.0,0.0,0.25,0.043478260869565216,0.0
15683,Amy Ramos,496,0.0851,2027.0,2027.0,0.0,Indie Rock,Solo,0,1,1,0.0,1,10,0.0,0,1,1,1,0,1,1,0.0,0.0,0.0,0,0,0.0,0.041666666666666664,0.43478260869565216,0.0,0.0,0.0,0.0,0.25,0.043478260869565216,0.0
15684,Allen Smith,496,0.0851,2027.0,2027.0,0.0,Indie Rock,Solo,0,1,1,0.0,1,10,0.0,0,1,1,1,0,1,1,0.0,0.0,0.0,0,0,0.0,0.041666666666666664,0.43478260869565216,0.0,0.0,0.0,0.0,0.25,0.043478260869565216,0.0
15685,Jasmine Nichols,496,0.0851,2027.0,2027.0,0.0,Indie Rock,Solo,0,1,1,0.0,1,10,0.0,0,1,1,1,0,1,1,0.0,0.0,0.0,0,0,0.0,0.041666666666666664,0.43478260869565216,0.0,0.0,0.0,0.0,0.25,0.043478260869565216,0.0
15686,Garrett Dixon,496,0.0851,2027.0,2027.0,0.0,Indie Rock,Solo,0,1,1,0.0,1,10,0.0,0,1,1,1,0,1,1,0.0,0.0,0.0,0,0,0.0,0.041666666666666664,0.43478260869565216,0.0,0.0,0.0,0.0,0.25,0.043478260869565216,0.0
15677,Kristen Carlson,496,0.0851,2027.0,2027.0,0.0,Indie Rock,Solo,0,1,1,0.0,1,10,0.0,0,1,1,1,0,1,1,0.0,0.0,0.0,0,0,0.0,0.041666666666666664,0.43478260869565216,0.0,0.0,0.0,0.0,0.25,0.043478260869565216,0.0
15682,Dana Patterson,496,0.0851,2027.0,2027.0,0.0,Indie Rock,Solo,0,1,1,0.0,1,10,0.0,0,1,1,1,0,1,1,0.0,0.0,0.0,0,0,0.0,0.041666666666666664,0.43478260869565216,0.0,0.0,0.0,0.0,0.25,0.043478260869565216,0.0
15675,Ryan Carter,496,0.0851,2027.0,2027.0,0.0,Indie Rock,Solo,0,1,1,0.0,1,10,0.0,0,1,1,1,0,1,1,0.0,0.0,0.0,0,0,0.0,0.041666666666666664,0.43478260869565216,0.0,0.0,0.0,0.0,0.25,0.043478260869565216,0.0
15676,Melissa Smith,496,0.0851,2027.0,2027.0,0.0,Indie Rock,Solo,0,1,1,0.0,1,10,0.0,0,1,1,1,0,1,1,0.0,0.0,0.0,0,0,0.0,0.041666666666666664,0.43478260869565216,0.0,0.0,0.0,0.0,0.25,0.043478260869565216,0.0
7136,Wei Liu,507,0.085,2026.0,2026.0,0.0,Space Rock,Solo,0,1,1,0.0,8,1,0.0,0,1,0,0,0,8,2,0.0,0.0,0.0,0,0,0.0,0.3333333333333333,0.043478260869565216,0.0,0.0,0.0,0.0,0.0,0.34782608695652173,0.5
12536,Monica Coleman,507,0.085,2027.0,2027.0,0.0,Darkwave,Solo,0,1,1,0.0,8,1,0.0,0,1,0,0,0,8,2,0.0,0.0,0.0,0,0,0.0,0.3333333333333333,0.043478260869565216,0.0,0.0,0.0,0.0,0.0,0.34782608695652173,0.5
12537,Guiying Yao,507,0.085,2027.0,2027.0,0.0,Darkwave,Solo,0,1,1,0.0,8,1,0.0,0,1,0,0,0,8,2,0.0,0.0,0.0,0,0,0.0,0.3333333333333333,0.043478260869565216,0.0,0.0,0.0,0.0,0.0,0.34782608695652173,0.5
2265,William Ball,510,0.0845,2029.0,2029.0,0.0,Symphonic Metal,Solo,0,1,1,0.0,5,3,0.0,0,1,1,1,0,5,2,0.1,0.0,0.2,0,1,0.0,0.20833333333333331,0.13043478260869565,0.0,0.0,0.0,0.0,0.25,0.21739130434782608,0.5
2263,Fang Lai,510,0.0845,2029.0,2029.0,0.0,Symphonic Metal,Solo,0,1,1,0.0,5,3,0.0,0,1,1,1,0,5,2,0.1,0.0,0.2,0,1,0.0,0.20833333333333331,0.13043478260869565,0.0,0.0,0.0,0.0,0.25,0.21739130434782608,0.5
1986,Nancy Wright,510,0.0845,2029.0,2029.0,0.0,Desert Rock,Solo,0,1,1,0.0,5,3,0.0,0,1,1,1,0,5,2,0.0,0.0,0.0,0,0,0.0,0.20833333333333331,0.13043478260869565,0.0,0.0,0.0,0.0,0.25,0.21739130434782608,0.5
4467,Gang Zhao,513,0.0843,2028.0,2029.0,1.0,Desert Rock,Solo,0,2,2,0.0,3,3,0.0,0,2,1,1,0,3,1,0.0,0.0,0.0,0,0,0.0,0.125,0.13043478260869565,0.0,0.0,0.0,0.3333333333333333,0.25,0.13043478260869565,0.0
7142,Ping He,514,0.0842,2029.0,2029.0,0.0,Desert Rock,Solo,0,1,1,0.0,3,6,0.0,0,1,1,1,0,3,2,0.0,0.0,0.0,0,0,0.0,0.125,0.2608695652173913,0.0,0.0,0.0,0.0,0.25,0.13043478260869565,0.5
7146,Ming Sun,514,0.0842,2029.0,2029.0,0.0,Desert Rock,Solo,0,1,1,0.0,3,6,0.0,0,1,1,1,0,3,2,0.0,0.0,0.0,0,0,0.0,0.125,0.2608695652173913,0.0,0.0,0.0,0.0,0.25,0.13043478260869565,0.5
1139,Crystal Cruz,516,0.0841,2027.0,2028.0,1.0,Dream Pop,Solo,0,2,2,0.0,4,2,0.0,0,1,2,2,0,4,2,0.0,0.0,0.0,0,0,0.0,0.16666666666666666,0.08695652173913043,0.0,0.0,0.0,0.0,0.5,0.17391304347826086,0.5
6244,Jie Xu,517,0.084,2026.0,2026.0,0.0,Dream Pop,Solo,0,1,1,0.0,1,9,0.0,0,1,1,1,0,1,2,0.0,0.0,0.0,0,0,0.0,0.041666666666666664,0.3913043478260869,0.0,0.0,0.0,0.0,0.25,0.043478260869565216,0.5
6237,Juan Zheng,517,0.084,2026.0,2026.0,0.0,Dream Pop,Solo,0,1,1,0.0,1,9,0.0,0,1,1,1,0,1,2,0.0,0.0,0.0,0,0,0.0,0.041666666666666664,0.3913043478260869,0.0,0.0,0.0,0.0,0.25,0.043478260869565216,0.5
12406,Xiulan Meng,519,0.0838,2027.0,2027.0,0.0,Americana,Solo,0,1,1,0.0,5,4,0.0,0,1,1,1,0,4,1,0.0,0.0,0.0,0,0,0.0,0.20833333333333331,0.17391304347826086,0.0,0.0,0.0,0.0,0.25,0.17391304347826086,0.0
12404,Yong Wei,519,0.0838,2027.0,2027.0,0.0,Americana,Solo,0,1,1,0.0,5,4,0.0,0,1,1,1,0,4,1,0.0,0.0,0.0,0,0,0.0,0.20833333333333331,0.17391304347826086,0.0,0.0,0.0,0.0,0.25,0.17391304347826086,0.0
16523,Jing He,519,0.0838,2029.0,2029.0,0.0,Doom Metal,Solo,0,1,1,0.0,5,4,0.0,0,1,1,1,0,4,1,0.0,0.0,0.0,0,0,0.0,0.20833333333333331,0.17391304347826086,0.0,0.0,0.0,0.0,0.25,0.17391304347826086,0.0
12405,Susan Holmes,519,0.0838,2027.0,2027.0,0.0,Americana,Solo,0,1,1,0.0,5,4,0.0,0,1,1,1,0,4,1,0.0,0.0,0.0,0,0,0.0,0.20833333333333331,0.17391304347826086,0.0,0.0,0.0,0.0,0.25,0.17391304347826086,0.0
2603,Gang Zhang,523,0.0832,2026.0,2026.0,0.0,Dream Pop,Solo,0,1,1,0.0,3,5,0.0,0,1,1,1,0,3,3,0.0,0.0,0.0,0,0,0.0,0.125,0.21739130434782608,0.0,0.0,0.0,0.0,0.25,0.13043478260869565,1.0
4242,Gerold Mangold,523,0.0832,2026.0,2026.0,0.0,Alternative Rock,Solo,0,2,2,0.0,3,2,0.0,0,2,1,1,0,3,2,0.0,0.0,0.0,0,0,0.0,0.125,0.08695652173913043,0.0,0.0,0.0,0.3333333333333333,0.25,0.13043478260869565,0.5
11649,Yang Kong,525,0.083,2030.0,2030.0,0.0,Alternative Rock,Solo,0,1,1,0.0,3,6,0.0,1,1,1,1,0,3,1,0.0,0.0,0.0,0,0,0.0,0.125,0.2608695652173913,0.0,0.0,0.047619047619047616,0.0,0.25,0.13043478260869565,0.0
11647,Min Chen,525,0.083,2030.0,2030.0,0.0,Alternative Rock,Solo,0,1,1,0.0,3,6,0.0,1,1,1,1,0,3,1,0.0,0.0,0.0,0,0,0.0,0.125,0.2608695652173913,0.0,0.0,0.047619047619047616,0.0,0.25,0.13043478260869565,0.0
11650,Jun Jiang,525,0.083,2030.0,2030.0,0.0,Alternative Rock,Solo,0,1,1,0.0,3,6,0.0,1,1,1,1,0,3,1,0.0,0.0,0.0,0,0,0.0,0.125,0.2608695652173913,0.0,0.0,0.047619047619047616,0.0,0.25,0.13043478260869565,0.0
11648,Wei Gao,525,0.083,2030.0,2030.0,0.0,Alternative Rock,Solo,0,1,1,0.0,3,6,0.0,1,1,1,1,0,3,1,0.0,0.0,0.0,0,0,0.0,0.125,0.2608695652173913,0.0,0.0,0.047619047619047616,0.0,0.25,0.13043478260869565,0.0
3774,Jun Yin,529,0.0829,2026.0,2030.0,4.0,Dream Pop,Spirit & Rhythm,0,2,2,0.0,2,1,0.0,0,2,2,1,1,2,2,0.0,0.0,0.0,0,0,0.0,0.08333333333333333,0.043478260869565216,0.0,0.0,0.0,0.3333333333333333,0.5,0.08695652173913043,0.5
6145,Chelsea Paul,530,0.0827,2029.0,2029.0,0.0,Symphonic Metal,Solo,0,1,1,0.0,5,3,0.0,0,1,1,1,0,4,2,0.0,0.0,0.0,0,0,0.0,0.20833333333333331,0.13043478260869565,0.0,0.0,0.0,0.0,0.25,0.17391304347826086,0.5
12284,Li Jin,531,0.0826,2027.0,2027.0,0.0,Americana,Solo,0,1,1,0.0,6,2,0.0,0,1,1,1,0,6,1,0.0,0.0,0.0,0,0,0.0,0.25,0.08695652173913043,0.0,0.0,0.0,0.0,0.25,0.2608695652173913,0.0
12283,Yong Tan,531,0.0826,2027.0,2027.0,0.0,Americana,Solo,0,1,1,0.0,6,2,0.0,0,1,1,1,0,6,1,0.0,0.0,0.0,0,0,0.0,0.25,0.08695652173913043,0.0,0.0,0.0,0.0,0.25,0.2608695652173913,0.0
604,Linda Ward,533,0.0824,2028.0,2028.0,0.0,Dream Pop,Solo,0,1,1,0.0,4,5,0.0,0,1,1,1,0,4,1,0.0,0.0,0.0,0,0,0.0,0.16666666666666666,0.21739130434782608,0.0,0.0,0.0,0.0,0.25,0.17391304347826086,0.0
8893,Dylan Reed,533,0.0824,2025.0,2025.0,0.0,Desert Rock,Solo,0,1,1,0.0,4,5,0.0,0,1,1,1,0,4,1,0.0,0.0,0.0,0,0,0.0,0.16666666666666666,0.21739130434782608,0.0,0.0,0.0,0.0,0.25,0.17391304347826086,0.0
16193,XANOVA,533,0.0824,2026.0,2026.0,0.0,Oceanus Folk,Solo,0,1,1,0.0,4,5,0.0,0,1,1,1,0,4,1,0.875,1.0,0.75,1,3,0.0,0.16666666666666666,0.21739130434782608,0.0,0.0,0.0,0.0,0.25,0.17391304347826086,0.0
16194,Jie Long,533,0.0824,2026.0,2026.0,0.0,Oceanus Folk,Solo,0,1,1,0.0,4,5,0.0,0,1,1,1,0,4,1,0.875,1.0,0.75,1,3,0.0,0.16666666666666666,0.21739130434782608,0.0,0.0,0.0,0.0,0.25,0.17391304347826086,0.0
5032,Richard Reyes,533,0.0824,2026.0,2026.0,0.0,Desert Rock,Solo,0,1,1,0.0,4,5,0.0,0,1,1,1,0,4,1,0.0,0.0,0.0,0,0,0.0,0.16666666666666666,0.21739130434782608,0.0,0.0,0.0,0.0,0.25,0.17391304347826086,0.0
16195,Min Guo,533,0.0824,2026.0,2026.0,0.0,Oceanus Folk,Solo,0,1,1,0.0,4,5,0.0,0,1,1,1,0,4,1,0.875,1.0,0.75,1,3,0.0,0.16666666666666666,0.21739130434782608,0.0,0.0,0.0,0.0,0.25,0.17391304347826086,0.0
5030,Wei Shi,533,0.0824,2026.0,2026.0,0.0,Desert Rock,Solo,0,1,1,0.0,4,5,0.0,0,1,1,1,0,4,1,0.0,0.0,0.0,0,0,0.0,0.16666666666666666,0.21739130434782608,0.0,0.0,0.0,0.0,0.25,0.17391304347826086,0.0
603,Gary Wallace,533,0.0824,2028.0,2028.0,0.0,Dream Pop,Solo,0,1,1,0.0,4,5,0.0,0,1,1,1,0,4,1,0.0,0.0,0.0,0,0,0.0,0.16666666666666666,0.21739130434782608,0.0,0.0,0.0,0.0,0.25,0.17391304347826086,0.0
16197,Juan Xiang,533,0.0824,2026.0,2026.0,0.0,Oceanus Folk,Solo,0,1,1,0.0,4,5,0.0,0,1,1,1,0,4,1,0.875,1.0,0.75,1,3,0.0,0.16666666666666666,0.21739130434782608,0.0,0.0,0.0,0.0,0.25,0.17391304347826086,0.0
607,Shannon Romero,533,0.0824,2028.0,2028.0,0.0,Dream Pop,Solo,0,1,1,0.0,4,5,0.0,0,1,1,1,0,4,1,0.0,0.0,0.0,0,0,0.0,0.16666666666666666,0.21739130434782608,0.0,0.0,0.0,0.0,0.25,0.17391304347826086,0.0
606,Isabella Cook,533,0.0824,2028.0,2028.0,0.0,Dream Pop,Solo,0,1,1,0.0,4,5,0.0,0,1,1,1,0,4,1,0.0,0.0,0.0,0,0,0.0,0.16666666666666666,0.21739130434782608,0.0,0.0,0.0,0.0,0.25,0.17391304347826086,0.0
8410,Ming Chen,533,0.0824,2029.0,2029.0,0.0,Jazz Surf Rock,Solo,0,1,1,0.0,4,5,0.0,0,1,1,1,0,4,1,0.0,0.0,0.0,0,0,0.0,0.16666666666666666,0.21739130434782608,0.0,0.0,0.0,0.0,0.25,0.17391304347826086,0.0
6136,Valerio Carullo,533,0.0824,2026.0,2026.0,0.0,Doom Metal,Solo,0,1,1,0.0,4,5,0.0,0,1,1,1,0,4,1,0.125,0.0,0.25,0,1,0.0,0.16666666666666666,0.21739130434782608,0.0,0.0,0.0,0.0,0.25,0.17391304347826086,0.0
6132,Yan Gao,533,0.0824,2026.0,2026.0,0.0,Doom Metal,Solo,0,1,1,0.0,4,5,0.0,0,1,1,1,0,4,1,0.125,0.0,0.25,0,1,0.0,0.16666666666666666,0.21739130434782608,0.0,0.0,0.0,0.0,0.25,0.17391304347826086,0.0
5147,Neon Solstice,533,0.0824,2026.0,2026.0,0.0,Darkwave,Solo,0,1,1,0.0,4,5,0.0,0,1,1,1,0,4,1,0.0,0.0,0.0,0,0,0.0,0.16666666666666666,0.21739130434782608,0.0,0.0,0.0,0.0,0.25,0.17391304347826086,0.0
16199,Yong Qiao,533,0.0824,2026.0,2026.0,0.0,Oceanus Folk,Solo,0,1,1,0.0,4,5,0.0,0,1,1,1,0,4,1,0.875,1.0,0.75,1,3,0.0,0.16666666666666666,0.21739130434782608,0.0,0.0,0.0,0.0,0.25,0.17391304347826086,0.0
13714,Christopher Wilson,533,0.0824,2028.0,2028.0,0.0,Darkwave,Solo,0,1,1,0.0,4,5,0.0,0,1,1,1,0,4,1,0.0,0.0,0.0,0,0,0.0,0.16666666666666666,0.21739130434782608,0.0,0.0,0.0,0.0,0.25,0.17391304347826086,0.0
10041,Ming Cao,533,0.0824,2026.0,2026.0,0.0,Post-Apocalyptic Folk,Solo,0,1,1,0.0,4,5,0.0,0,1,1,1,0,4,1,0.0,0.0,0.0,0,0,0.0,0.16666666666666666,0.21739130434782608,0.0,0.0,0.0,0.0,0.25,0.17391304347826086,0.0
16198,Juan Cao,533,0.0824,2026.0,2026.0,0.0,Oceanus Folk,Solo,0,1,1,0.0,4,5,0.0,0,1,1,1,0,4,1,0.875,1.0,0.75,1,3,0.0,0.16666666666666666,0.21739130434782608,0.0,0.0,0.0,0.0,0.25,0.17391304347826086,0.0
602,Jason Roberts,533,0.0824,2028.0,2028.0,0.0,Dream Pop,Solo,0,1,1,0.0,4,5,0.0,0,1,1,1,0,4,1,0.0,0.0,0.0,0,0,0.0,0.16666666666666666,0.21739130434782608,0.0,0.0,0.0,0.0,0.25,0.17391304347826086,0.0
10038,Chao Wang,533,0.0824,2026.0,2026.0,0.0,Post-Apocalyptic Folk,Solo,0,1,1,0.0,4,5,0.0,0,1,1,1,0,4,1,0.0,0.0,0.0,0,0,0.0,0.16666666666666666,0.21739130434782608,0.0,0.0,0.0,0.0,0.25,0.17391304347826086,0.0
10039,Jun Fu,533,0.0824,2026.0,2026.0,0.0,Post-Apocalyptic Folk,Solo,0,1,1,0.0,4,5,0.0,0,1,1,1,0,4,1,0.0,0.0,0.0,0,0,0.0,0.16666666666666666,0.21739130434782608,0.0,0.0,0.0,0.0,0.25,0.17391304347826086,0.0
10037,Ping Liao,533,0.0824,2026.0,2026.0,0.0,Post-Apocalyptic Folk,Solo,0,1,1,0.0,4,5,0.0,0,1,1,1,0,4,1,0.0,0.0,0.0,0,0,0.0,0.16666666666666666,0.21739130434782608,0.0,0.0,0.0,0.0,0.25,0.17391304347826086,0.0
16469,Chao Wang,533,0.0824,2029.0,2029.0,0.0,Dream Pop,Solo,0,1,1,0.0,4,5,0.0,0,1,1,1,0,4,1,0.0,0.0,0.0,0,0,0.0,0.16666666666666666,0.21739130434782608,0.0,0.0,0.0,0.0,0.25,0.17391304347826086,0.0
5152,Jason Garcia,533,0.0824,2026.0,2026.0,0.0,Darkwave,Solo,0,1,1,0.0,4,5,0.0,0,1,1,1,0,4,1,0.0,0.0,0.0,0,0,0.0,0.16666666666666666,0.21739130434782608,0.0,0.0,0.0,0.0,0.25,0.17391304347826086,0.0
10036,Xiulan Gong,533,0.0824,2026.0,2026.0,0.0,Post-Apocalyptic Folk,Solo,0,1,1,0.0,4,5,0.0,0,1,1,1,0,4,1,0.0,0.0,0.0,0,0,0.0,0.16666666666666666,0.21739130434782608,0.0,0.0,0.0,0.0,0.25,0.17391304347826086,0.0
5148,Matthew Williams,533,0.0824,2026.0,2026.0,0.0,Darkwave,Solo,0,1,1,0.0,4,5,0.0,0,1,1,1,0,4,1,0.0,0.0,0.0,0,0,0.0,0.16666666666666666,0.21739130434782608,0.0,0.0,0.0,0.0,0.25,0.17391304347826086,0.0
16468,Na Fu,533,0.0824,2029.0,2029.0,0.0,Dream Pop,Solo,0,1,1,0.0,4,5,0.0,0,1,1,1,0,4,1,0.0,0.0,0.0,0,0,0.0,0.16666666666666666,0.21739130434782608,0.0,0.0,0.0,0.0,0.25,0.17391304347826086,0.0
605,Lindsay Marsh,533,0.0824,2028.0,2028.0,0.0,Dream Pop,Solo,0,1,1,0.0,4,5,0.0,0,1,1,1,0,4,1,0.0,0.0,0.0,0,0,0.0,0.16666666666666666,0.21739130434782608,0.0,0.0,0.0,0.0,0.25,0.17391304347826086,0.0
15273,Jing Luo,562,0.0815,2029.0,2029.0,0.0,Desert Rock,Solo,0,1,1,0.0,6,1,0.0,0,1,1,1,0,6,2,0.0,0.0,0.0,0,0,0.0,0.25,0.043478260869565216,0.0,0.0,0.0,0.0,0.25,0.2608695652173913,0.5
4948,Isaac Brown,563,0.0814,2026.0,2026.0,0.0,Desert Rock,Solo,0,0,1,0.0,9,0,0.0,0,1,0,0,0,8,1,0.1667,0.0,0.3333333333333333,0,3,0.0,0.375,0.0,0.0,0.0,0.0,0.0,0.0,0.34782608695652173,0.0
4947,Samantha Mcneil,563,0.0814,2026.0,2026.0,0.0,Desert Rock,Solo,0,0,1,0.0,9,0,0.0,0,1,0,0,0,8,1,0.1667,0.0,0.3333333333333333,0,3,0.0,0.375,0.0,0.0,0.0,0.0,0.0,0.0,0.34782608695652173,0.0
4946,Christopher Conway,563,0.0814,2026.0,2026.0,0.0,Desert Rock,Solo,0,0,1,0.0,9,0,0.0,0,1,0,0,0,8,1,0.1667,0.0,0.3333333333333333,0,3,0.0,0.375,0.0,0.0,0.0,0.0,0.0,0.0,0.34782608695652173,0.0
15193,Qiang Hao,566,0.0813,2028.0,2028.0,0.0,Dream Pop,Solo,0,1,1,0.0,4,4,0.0,0,1,1,1,0,4,2,0.0,0.0,0.0,0,0,0.0,0.16666666666666666,0.17391304347826086,0.0,0.0,0.0,0.0,0.25,0.17391304347826086,0.5
13029,Michael Reyes,566,0.0813,2029.0,2029.0,0.0,Oceanus Folk,Solo,0,1,1,0.0,4,4,0.0,0,1,1,1,0,4,2,0.75,1.0,0.5,1,2,0.0,0.16666666666666666,0.17391304347826086,0.0,0.0,0.0,0.0,0.25,0.17391304347826086,0.5
2585,Gregory Hartman,566,0.0813,2028.0,2028.0,0.0,Dream Pop,Solo,0,1,1,0.0,4,4,0.0,0,1,1,1,0,4,2,0.0,0.0,0.0,0,0,0.0,0.16666666666666666,0.17391304347826086,0.0,0.0,0.0,0.0,0.25,0.17391304347826086,0.5
2065,Ashley Guzman,566,0.0813,2028.0,2028.0,0.0,Dream Pop,Solo,0,1,1,0.0,4,4,0.0,0,1,1,1,0,4,2,0.0,0.0,0.0,0,0,0.0,0.16666666666666666,0.17391304347826086,0.0,0.0,0.0,0.0,0.25,0.17391304347826086,0.5
6421,Melanie Ballard,566,0.0813,2028.0,2028.0,0.0,Dream Pop,Solo,0,1,1,0.0,4,4,0.0,0,1,1,1,0,4,2,0.0,0.0,0.0,0,0,0.0,0.16666666666666666,0.17391304347826086,0.0,0.0,0.0,0.0,0.25,0.17391304347826086,0.5
9201,Nadine Eberhardt,566,0.0813,2027.0,2027.0,0.0,Indie Folk,Solo,0,1,1,0.0,4,4,0.0,0,1,1,1,0,4,2,0.0,0.0,0.0,0,0,0.0,0.16666666666666666,0.17391304347826086,0.0,0.0,0.0,0.0,0.25,0.17391304347826086,0.5
4910,Cengiz Knappe,572,0.081,2026.0,2026.0,0.0,Alternative Rock,Solo,0,2,2,0.0,3,3,0.0,0,1,2,2,0,3,2,0.0,0.0,0.0,0,0,0.0,0.125,0.13043478260869565,0.0,0.0,0.0,0.0,0.5,0.13043478260869565,0.5
4580,Heidi Allen,573,0.0808,2025.0,2030.0,5.0,Dream Pop,Solo,0,2,2,0.0,4,4,0.007000000000000001,1,1,1,1,0,4,1,0.0,0.0,0.0,0,0,0.0,0.16666666666666666,0.17391304347826086,0.0,0.007000000000000001,0.047619047619047616,0.0,0.25,0.17391304347826086,0.0
13281,Lei Zeng,574,0.0801,2030.0,2030.0,0.0,Indie Folk,Solo,0,1,1,0.0,4,4,0.0,1,1,1,1,0,4,1,0.375,0.0,0.75,0,3,0.0,0.16666666666666666,0.17391304347826086,0.0,0.0,0.047619047619047616,0.0,0.25,0.17391304347826086,0.0
1776,Brittany Wright,575,0.0798,2030.0,2030.0,0.0,Darkwave,Solo,0,1,1,0.0,6,4,0.0,0,1,0,0,0,6,1,0.0,0.0,0.0,0,0,0.0,0.25,0.17391304347826086,0.0,0.0,0.0,0.0,0.0,0.2608695652173913,0.0
10456,Kayla Roberson,575,0.0798,2026.0,2026.0,0.0,Southern Gothic Rock,Solo,0,1,1,0.0,6,1,0.0,0,1,1,1,0,5,2,0.0,0.0,0.0,0,0,0.0,0.25,0.043478260869565216,0.0,0.0,0.0,0.0,0.25,0.21739130434782608,0.5
16386,Ping Gong,577,0.0797,2029.0,2029.0,0.0,Space Rock,Solo,0,1,1,0.0,7,0,0.0,0,1,1,1,0,7,1,0.0,0.0,0.0,0,0,0.0,0.29166666666666663,0.0,0.0,0.0,0.0,0.0,0.25,0.30434782608695654,0.0
1683,Jing Zhong,577,0.0797,2027.0,2027.0,0.0,Space Rock,Solo,0,1,1,0.0,7,0,0.0,0,1,1,1,0,7,1,0.0,0.0,0.0,0,0,0.0,0.29166666666666663,0.0,0.0,0.0,0.0,0.0,0.25,0.30434782608695654,0.0
13048,Gang Tan,579,0.0796,2029.0,2029.0,0.0,Desert Rock,Solo,0,1,1,0.0,4,4,0.0,0,1,1,1,0,3,2,0.25,0.0,0.5,0,2,0.0,0.16666666666666666,0.17391304347826086,0.0,0.0,0.0,0.0,0.25,0.13043478260869565,0.5
12348,Ming Lu,580,0.0795,2026.0,2026.0,0.0,Darkwave,Solo,0,1,1,0.0,5,3,0.0,0,1,1,1,0,5,1,0.0,0.0,0.0,0,0,0.0,0.20833333333333331,0.13043478260869565,0.0,0.0,0.0,0.0,0.25,0.21739130434782608,0.0
14430,Xia Wei,580,0.0795,2030.0,2030.0,0.0,Jazz Surf Rock,Solo,0,1,1,0.0,5,3,0.0,0,1,1,1,0,5,1,0.0,0.0,0.0,0,0,0.0,0.20833333333333331,0.13043478260869565,0.0,0.0,0.0,0.0,0.25,0.21739130434782608,0.0
6308,Li Liao,580,0.0795,2025.0,2025.0,0.0,Dream Pop,Solo,0,1,1,0.0,5,3,0.0,0,1,1,1,0,5,1,0.0,0.0,0.0,0,0,0.0,0.20833333333333331,0.13043478260869565,0.0,0.0,0.0,0.0,0.25,0.21739130434782608,0.0
6310,Ping Deng,580,0.0795,2025.0,2025.0,0.0,Dream Pop,Solo,0,1,1,0.0,5,3,0.0,0,1,1,1,0,5,1,0.0,0.0,0.0,0,0,0.0,0.20833333333333331,0.13043478260869565,0.0,0.0,0.0,0.0,0.25,0.21739130434782608,0.0
14431,Ethan Moore,580,0.0795,2030.0,2030.0,0.0,Jazz Surf Rock,Solo,0,1,1,0.0,5,3,0.0,0,1,1,1,0,5,1,0.0,0.0,0.0,0,0,0.0,0.20833333333333331,0.13043478260869565,0.0,0.0,0.0,0.0,0.25,0.21739130434782608,0.0
1985,Adrian Blevins,580,0.0795,2029.0,2029.0,0.0,Desert Rock,Solo,0,1,1,0.0,5,3,0.0,0,1,1,1,0,5,1,0.0,0.0,0.0,0,0,0.0,0.20833333333333331,0.13043478260869565,0.0,0.0,0.0,0.0,0.25,0.21739130434782608,0.0
2262,Jie Xia,580,0.0795,2029.0,2029.0,0.0,Symphonic Metal,Solo,0,1,1,0.0,5,3,0.0,0,1,1,1,0,5,1,0.1,0.0,0.2,0,1,0.0,0.20833333333333331,0.13043478260869565,0.0,0.0,0.0,0.0,0.25,0.21739130434782608,0.0
2261,Solar Arcadia,580,0.0795,2029.0,2029.0,0.0,Symphonic Metal,Solo,0,1,1,0.0,5,3,0.0,0,1,1,1,0,5,1,0.1,0.0,0.2,0,1,0.0,0.20833333333333331,0.13043478260869565,0.0,0.0,0.0,0.0,0.25,0.21739130434782608,0.0
1987,Anthony Silva,580,0.0795,2029.0,2029.0,0.0,Desert Rock,Solo,0,1,1,0.0,5,3,0.0,0,1,1,1,0,5,1,0.0,0.0,0.0,0,0,0.0,0.20833333333333331,0.13043478260869565,0.0,0.0,0.0,0.0,0.25,0.21739130434782608,0.0
12349,Jing Duan,580,0.0795,2026.0,2026.0,0.0,Darkwave,Solo,0,1,1,0.0,5,3,0.0,0,1,1,1,0,5,1,0.0,0.0,0.0,0,0,0.0,0.20833333333333331,0.13043478260869565,0.0,0.0,0.0,0.0,0.25,0.21739130434782608,0.0
6311,Juan Lei,580,0.0795,2025.0,2025.0,0.0,Dream Pop,Solo,0,1,1,0.0,5,3,0.0,0,1,1,1,0,5,1,0.0,0.0,0.0,0,0,0.0,0.20833333333333331,0.13043478260869565,0.0,0.0,0.0,0.0,0.25,0.21739130434782608,0.0
7144,Tao Zhang,591,0.0792,2029.0,2029.0,0.0,Desert Rock,Solo,0,1,1,0.0,3,6,0.0,0,1,1,1,0,3,1,0.0,0.0,0.0,0,0,0.0,0.125,0.2608695652173913,0.0,0.0,0.0,0.0,0.25,0.13043478260869565,0.0
13160,Fang Wan,591,0.0792,2028.0,2028.0,0.0,Dream Pop,Solo,0,1,1,0.0,3,6,0.0,0,1,1,1,0,3,1,0.0,0.0,0.0,0,0,0.0,0.125,0.2608695652173913,0.0,0.0,0.0,0.0,0.25,0.13043478260869565,0.0
3657,Ming Tian,591,0.0792,2025.0,2025.0,0.0,Dream Pop,Solo,0,1,1,0.0,3,6,0.0,0,1,1,1,0,3,1,0.0,0.0,0.0,0,0,0.0,0.125,0.2608695652173913,0.0,0.0,0.0,0.0,0.25,0.13043478260869565,0.0
3658,Min Xiang,591,0.0792,2025.0,2025.0,0.0,Dream Pop,Solo,0,1,1,0.0,3,6,0.0,0,1,1,1,0,3,1,0.0,0.0,0.0,0,0,0.0,0.125,0.2608695652173913,0.0,0.0,0.0,0.0,0.25,0.13043478260869565,0.0
3656,Ryohei Ito,591,0.0792,2025.0,2025.0,0.0,Dream Pop,Solo,0,1,1,0.0,3,6,0.0,0,1,1,1,0,3,1,0.0,0.0,0.0,0,0,0.0,0.125,0.2608695652173913,0.0,0.0,0.0,0.0,0.25,0.13043478260869565,0.0
3654,Na Lai,591,0.0792,2025.0,2025.0,0.0,Dream Pop,Solo,0,1,1,0.0,3,6,0.0,0,1,1,1,0,3,1,0.0,0.0,0.0,0,0,0.0,0.125,0.2608695652173913,0.0,0.0,0.0,0.0,0.25,0.13043478260869565,0.0
7141,Quantum Waltz,591,0.0792,2029.0,2029.0,0.0,Desert Rock,Solo,0,1,1,0.0,3,6,0.0,0,1,1,1,0,3,1,0.0,0.0,0.0,0,0,0.0,0.125,0.2608695652173913,0.0,0.0,0.0,0.0,0.25,0.13043478260869565,0.0
3653,Lei Xiao,591,0.0792,2025.0,2025.0,0.0,Dream Pop,Solo,0,1,1,0.0,3,6,0.0,0,1,1,1,0,3,1,0.0,0.0,0.0,0,0,0.0,0.125,0.2608695652173913,0.0,0.0,0.0,0.0,0.25,0.13043478260869565,0.0
3659,Guiying Wang,591,0.0792,2025.0,2025.0,0.0,Dream Pop,Solo,0,1,1,0.0,3,6,0.0,0,1,1,1,0,3,1,0.0,0.0,0.0,0,0,0.0,0.125,0.2608695652173913,0.0,0.0,0.0,0.0,0.25,0.13043478260869565,0.0
13159,Ming Pan,591,0.0792,2028.0,2028.0,0.0,Dream Pop,Solo,0,1,1,0.0,3,6,0.0,0,1,1,1,0,3,1,0.0,0.0,0.0,0,0,0.0,0.125,0.2608695652173913,0.0,0.0,0.0,0.0,0.25,0.13043478260869565,0.0
6240,Frank Shaffer,601,0.079,2026.0,2026.0,0.0,Dream Pop,Solo,0,1,1,0.0,1,9,0.0,0,1,1,1,0,1,1,0.0,0.0,0.0,0,0,0.0,0.041666666666666664,0.3913043478260869,0.0,0.0,0.0,0.0,0.25,0.043478260869565216,0.0
6241,Lei Deng,601,0.079,2026.0,2026.0,0.0,Dream Pop,Solo,0,1,1,0.0,1,9,0.0,0,1,1,1,0,1,1,0.0,0.0,0.0,0,0,0.0,0.041666666666666664,0.3913043478260869,0.0,0.0,0.0,0.0,0.25,0.043478260869565216,0.0
6238,Xiulan Zhao,601,0.079,2026.0,2026.0,0.0,Dream Pop,Solo,0,1,1,0.0,1,9,0.0,0,1,1,1,0,1,1,0.0,0.0,0.0,0,0,0.0,0.041666666666666664,0.3913043478260869,0.0,0.0,0.0,0.0,0.25,0.043478260869565216,0.0
6242,Li Hou,601,0.079,2026.0,2026.0,0.0,Dream Pop,Solo,0,1,1,0.0,1,9,0.0,0,1,1,1,0,1,1,0.0,0.0,0.0,0,0,0.0,0.041666666666666664,0.3913043478260869,0.0,0.0,0.0,0.0,0.25,0.043478260869565216,0.0
6236, DR3∆M,601,0.079,2026.0,2026.0,0.0,Dream Pop,Solo,0,1,1,0.0,1,9,0.0,0,1,1,1,0,1,1,0.0,0.0,0.0,0,0,0.0,0.041666666666666664,0.3913043478260869,0.0,0.0,0.0,0.0,0.25,0.043478260869565216,0.0
6239,Min Ren,601,0.079,2026.0,2026.0,0.0,Dream Pop,Solo,0,1,1,0.0,1,9,0.0,0,1,1,1,0,1,1,0.0,0.0,0.0,0,0,0.0,0.041666666666666664,0.3913043478260869,0.0,0.0,0.0,0.0,0.25,0.043478260869565216,0.0
6243,Qiang Qin,601,0.079,2026.0,2026.0,0.0,Dream Pop,Solo,0,1,1,0.0,1,9,0.0,0,1,1,1,0,1,1,0.0,0.0,0.0,0,0,0.0,0.041666666666666664,0.3913043478260869,0.0,0.0,0.0,0.0,0.25,0.043478260869565216,0.0
6760,Yang Tan,608,0.0787,2026.0,2028.0,2.0,Desert Rock,Solo,0,2,2,0.0,1,4,0.017499999999999998,0,2,1,1,0,1,2,0.0,0.0,0.0,0,0,0.0,0.041666666666666664,0.17391304347826086,0.0,0.017499999999999998,0.0,0.3333333333333333,0.25,0.043478260869565216,0.5
10387,Tao Yan,609,0.0784,2028.0,2028.0,0.0,Space Rock,Solo,0,1,1,0.0,5,2,0.0,0,1,1,1,0,5,2,0.0,0.0,0.0,0,0,0.0,0.20833333333333331,0.08695652173913043,0.0,0.0,0.0,0.0,0.25,0.21739130434782608,0.5
11264, The Storm,609,0.0784,2025.0,2025.0,0.0,Post-Apocalyptic Folk,Solo,0,1,1,0.0,5,2,0.0,0,1,1,1,0,5,2,0.0,0.0,0.0,0,0,0.0,0.20833333333333331,0.08695652173913043,0.0,0.0,0.0,0.0,0.25,0.21739130434782608,0.5
4241,Margrit Stiffel,611,0.0782,2026.0,2026.0,0.0,Alternative Rock,Solo,0,2,2,0.0,3,2,0.0,0,2,1,1,0,3,1,0.0,0.0,0.0,0,0,0.0,0.125,0.08695652173913043,0.0,0.0,0.0,0.3333333333333333,0.25,0.13043478260869565,0.0
10031,Li Luo,611,0.0782,2026.0,2026.0,0.0,Dream Pop,Solo,0,1,1,0.0,3,5,0.0,0,1,1,1,0,3,2,0.0,0.0,0.0,0,0,0.0,0.125,0.21739130434782608,0.0,0.0,0.0,0.0,0.25,0.13043478260869565,0.5
10030,Tao Xia,611,0.0782,2026.0,2026.0,0.0,Dream Pop,Solo,0,1,1,0.0,3,5,0.0,0,1,1,1,0,3,2,0.0,0.0,0.0,0,0,0.0,0.125,0.21739130434782608,0.0,0.0,0.0,0.0,0.25,0.13043478260869565,0.5
2597,Min Sun,611,0.0782,2026.0,2026.0,0.0,Dream Pop,Solo,0,1,1,0.0,3,5,0.0,0,1,1,1,0,3,2,0.0,0.0,0.0,0,0,0.0,0.125,0.21739130434782608,0.0,0.0,0.0,0.0,0.25,0.13043478260869565,0.5
10186,Amanda Peterson,611,0.0782,2026.0,2026.0,0.0,Dream Pop,Solo,0,1,1,0.0,3,5,0.0,0,1,1,1,0,3,2,0.0,0.0,0.0,0,0,0.0,0.125,0.21739130434782608,0.0,0.0,0.0,0.0,0.25,0.13043478260869565,0.5
45,Kyle Anderson,611,0.0782,2029.0,2029.0,0.0,Dream Pop,Solo,0,1,1,0.0,3,5,0.0,0,1,1,1,0,3,2,0.0,0.0,0.0,0,0,0.0,0.125,0.21739130434782608,0.0,0.0,0.0,0.0,0.25,0.13043478260869565,0.5
11595,Chao Du,611,0.0782,2026.0,2026.0,0.0,Dream Pop,Solo,0,1,1,0.0,3,5,0.0,0,1,1,1,0,3,2,0.0,0.0,0.0,0,0,0.0,0.125,0.21739130434782608,0.0,0.0,0.0,0.0,0.25,0.13043478260869565,0.5
11596,Jun Dai,611,0.0782,2026.0,2026.0,0.0,Dream Pop,Solo,0,1,1,0.0,3,5,0.0,0,1,1,1,0,3,2,0.0,0.0,0.0,0,0,0.0,0.125,0.21739130434782608,0.0,0.0,0.0,0.0,0.25,0.13043478260869565,0.5
11374,Guiying Zheng,611,0.0782,2027.0,2027.0,0.0,Space Rock,Solo,0,1,1,0.0,3,5,0.0,0,1,1,1,0,3,2,0.0,0.0,0.0,0,0,0.0,0.125,0.21739130434782608,0.0,0.0,0.0,0.0,0.25,0.13043478260869565,0.5
4746,Lei Zhong,620,0.078,2025.0,2025.0,0.0,Dream Pop,Solo,0,2,2,0.0,1,5,0.0,0,2,1,1,0,1,1,0.0,0.0,0.0,0,0,0.0,0.041666666666666664,0.21739130434782608,0.0,0.0,0.0,0.3333333333333333,0.25,0.043478260869565216,0.0
10886,Xiulan Jia,621,0.0779,2026.0,2026.0,0.0,Dream Pop,Solo,0,1,1,0.0,1,8,0.0,0,1,1,1,0,1,2,0.0,0.0,0.0,0,0,0.0,0.041666666666666664,0.34782608695652173,0.0,0.0,0.0,0.0,0.25,0.043478260869565216,0.5
10884,Yang Lei,621,0.0779,2026.0,2026.0,0.0,Dream Pop,Solo,0,1,1,0.0,1,8,0.0,0,1,1,1,0,1,2,0.0,0.0,0.0,0,0,0.0,0.041666666666666664,0.34782608695652173,0.0,0.0,0.0,0.0,0.25,0.043478260869565216,0.5
6146,Cody Lopez,623,0.0777,2029.0,2029.0,0.0,Symphonic Metal,Solo,0,1,1,0.0,5,3,0.0,0,1,1,1,0,4,1,0.0,0.0,0.0,0,0,0.0,0.20833333333333331,0.13043478260869565,0.0,0.0,0.0,0.0,0.25,0.17391304347826086,0.0
6144,Terry Harris,623,0.0777,2029.0,2029.0,0.0,Symphonic Metal,Solo,0,1,1,0.0,5,3,0.0,0,1,1,1,0,4,1,0.0,0.0,0.0,0,0,0.0,0.20833333333333331,0.13043478260869565,0.0,0.0,0.0,0.0,0.25,0.17391304347826086,0.0
6147,Kenneth Evans,623,0.0777,2029.0,2029.0,0.0,Symphonic Metal,Solo,0,1,1,0.0,5,3,0.0,0,1,1,1,0,4,1,0.0,0.0,0.0,0,0,0.0,0.20833333333333331,0.13043478260869565,0.0,0.0,0.0,0.0,0.25,0.17391304347826086,0.0
6739,Gang Xiang,626,0.0772,2031.0,2031.0,0.0,Indie Folk,Solo,0,1,1,0.0,5,2,0.0,1,1,1,1,0,5,1,0.0,0.0,0.0,0,0,0.0,0.20833333333333331,0.08695652173913043,0.0,0.0,0.047619047619047616,0.0,0.25,0.21739130434782608,0.0
6738,Christine Johnson,626,0.0772,2031.0,2031.0,0.0,Indie Folk,Solo,0,1,1,0.0,5,2,0.0,1,1,1,1,0,5,1,0.0,0.0,0.0,0,0,0.0,0.20833333333333331,0.08695652173913043,0.0,0.0,0.047619047619047616,0.0,0.25,0.21739130434782608,0.0
12964,Li Xie,628,0.0765,2028.0,2028.0,0.0,Post-Apocalyptic Folk,Solo,0,1,1,0.0,6,1,0.0,0,1,1,1,0,6,1,0.0,0.0,0.0,0,0,0.0,0.25,0.043478260869565216,0.0,0.0,0.0,0.0,0.25,0.2608695652173913,0.0
9447,Jie Fang,628,0.0765,2027.0,2027.0,0.0,Desert Rock,Solo,0,1,1,0.0,6,1,0.0,0,1,1,1,0,6,1,0.5,0.0,1.0,0,6,0.0,0.25,0.043478260869565216,0.0,0.0,0.0,0.0,0.25,0.2608695652173913,0.0
9448,Yan Qin,628,0.0765,2027.0,2027.0,0.0,Desert Rock,Solo,0,1,1,0.0,6,1,0.0,0,1,1,1,0,6,1,0.5,0.0,1.0,0,6,0.0,0.25,0.043478260869565216,0.0,0.0,0.0,0.0,0.25,0.2608695652173913,0.0
12966,Tao Luo,628,0.0765,2028.0,2028.0,0.0,Post-Apocalyptic Folk,Solo,0,1,1,0.0,6,1,0.0,0,1,1,1,0,6,1,0.0,0.0,0.0,0,0,0.0,0.25,0.043478260869565216,0.0,0.0,0.0,0.0,0.25,0.2608695652173913,0.0
13235,Summer Bender,628,0.0765,2027.0,2027.0,0.0,Oceanus Folk,Solo,0,1,1,0.0,6,1,0.0,0,1,1,1,0,6,1,0.8333,1.0,0.6666666666666666,1,4,0.0,0.25,0.043478260869565216,0.0,0.0,0.0,0.0,0.25,0.2608695652173913,0.0
14221,Jonathan Morris,628,0.0765,2026.0,2026.0,0.0,Oceanus Folk,Solo,0,0,1,0.0,6,1,0.0,0,1,1,1,0,6,1,0.8333,1.0,0.6666666666666666,1,4,0.0,0.25,0.043478260869565216,0.0,0.0,0.0,0.0,0.25,0.2608695652173913,0.0
13233,Jason Vaughn,628,0.0765,2027.0,2027.0,0.0,Oceanus Folk,Solo,0,1,1,0.0,6,1,0.0,0,1,1,1,0,6,1,0.8333,1.0,0.6666666666666666,1,4,0.0,0.25,0.043478260869565216,0.0,0.0,0.0,0.0,0.25,0.2608695652173913,0.0
14222,Xiuying Wei,628,0.0765,2026.0,2026.0,0.0,Oceanus Folk,Solo,0,0,1,0.0,6,1,0.0,0,1,1,1,0,6,1,0.8333,1.0,0.6666666666666666,1,4,0.0,0.25,0.043478260869565216,0.0,0.0,0.0,0.0,0.25,0.2608695652173913,0.0
16713,Yang Mao,636,0.0763,2027.0,2027.0,0.0,Dream Pop,Solo,0,1,1,0.0,4,4,0.0,0,1,1,1,0,4,1,0.0,0.0,0.0,0,0,0.0,0.16666666666666666,0.17391304347826086,0.0,0.0,0.0,0.0,0.25,0.17391304347826086,0.0
12731,Guiying Jia,636,0.0763,2026.0,2026.0,0.0,Doom Metal,Solo,0,1,1,0.0,4,4,0.0,0,1,1,1,0,4,1,0.0,0.0,0.0,0,0,0.0,0.16666666666666666,0.17391304347826086,0.0,0.0,0.0,0.0,0.25,0.17391304347826086,0.0
15196,Tyler Lee,636,0.0763,2028.0,2028.0,0.0,Dream Pop,Solo,0,1,1,0.0,4,4,0.0,0,1,1,1,0,4,1,0.0,0.0,0.0,0,0,0.0,0.16666666666666666,0.17391304347826086,0.0,0.0,0.0,0.0,0.25,0.17391304347826086,0.0
2066,Joshua Watson,636,0.0763,2028.0,2028.0,0.0,Dream Pop,Solo,0,1,1,0.0,4,4,0.0,0,1,1,1,0,4,1,0.0,0.0,0.0,0,0,0.0,0.16666666666666666,0.17391304347826086,0.0,0.0,0.0,0.0,0.25,0.17391304347826086,0.0
15195,Jun Huang,636,0.0763,2028.0,2028.0,0.0,Dream Pop,Solo,0,1,1,0.0,4,4,0.0,0,1,1,1,0,4,1,0.0,0.0,0.0,0,0,0.0,0.16666666666666666,0.17391304347826086,0.0,0.0,0.0,0.0,0.25,0.17391304347826086,0.0
15194,Ping Meng,636,0.0763,2028.0,2028.0,0.0,Dream Pop,Solo,0,1,1,0.0,4,4,0.0,0,1,1,1,0,4,1,0.0,0.0,0.0,0,0,0.0,0.16666666666666666,0.17391304347826086,0.0,0.0,0.0,0.0,0.25,0.17391304347826086,0.0
2583,Jie Liang,636,0.0763,2028.0,2028.0,0.0,Dream Pop,Solo,0,1,1,0.0,4,4,0.0,0,1,1,1,0,4,1,0.0,0.0,0.0,0,0,0.0,0.16666666666666666,0.17391304347826086,0.0,0.0,0.0,0.0,0.25,0.17391304347826086,0.0
1713,Guiying Jiang,636,0.0763,2026.0,2026.0,0.0,Doom Metal,Solo,0,1,1,0.0,4,4,0.0,0,1,1,1,0,4,1,0.0,0.0,0.0,0,0,0.0,0.16666666666666666,0.17391304347826086,0.0,0.0,0.0,0.0,0.25,0.17391304347826086,0.0
1832,Jun Yin,636,0.0763,2029.0,2029.0,0.0,Post-Apocalyptic Folk,Solo,0,1,1,0.0,4,4,0.0,0,1,1,1,0,4,1,0.0,0.0,0.0,0,0,0.0,0.16666666666666666,0.17391304347826086,0.0,0.0,0.0,0.0,0.25,0.17391304347826086,0.0
1833,Brian Gross,636,0.0763,2029.0,2029.0,0.0,Post-Apocalyptic Folk,Solo,0,1,1,0.0,4,4,0.0,0,1,1,1,0,4,1,0.0,0.0,0.0,0,0,0.0,0.16666666666666666,0.17391304347826086,0.0,0.0,0.0,0.0,0.25,0.17391304347826086,0.0
6420,Ping Ding,636,0.0763,2028.0,2028.0,0.0,Dream Pop,Solo,0,1,1,0.0,4,4,0.0,0,1,1,1,0,4,1,0.0,0.0,0.0,0,0,0.0,0.16666666666666666,0.17391304347826086,0.0,0.0,0.0,0.0,0.25,0.17391304347826086,0.0
1834,Jing Shao,636,0.0763,2029.0,2029.0,0.0,Post-Apocalyptic Folk,Solo,0,1,1,0.0,4,4,0.0,0,1,1,1,0,4,1,0.0,0.0,0.0,0,0,0.0,0.16666666666666666,0.17391304347826086,0.0,0.0,0.0,0.0,0.25,0.17391304347826086,0.0
2063,Sarah Hunter,636,0.0763,2028.0,2028.0,0.0,Dream Pop,Solo,0,1,1,0.0,4,4,0.0,0,1,1,1,0,4,1,0.0,0.0,0.0,0,0,0.0,0.16666666666666666,0.17391304347826086,0.0,0.0,0.0,0.0,0.25,0.17391304347826086,0.0
16711,Xiuying Ren,636,0.0763,2027.0,2027.0,0.0,Dream Pop,Solo,0,1,1,0.0,4,4,0.0,0,1,1,1,0,4,1,0.0,0.0,0.0,0,0,0.0,0.16666666666666666,0.17391304347826086,0.0,0.0,0.0,0.0,0.25,0.17391304347826086,0.0
6589,Laura Badoglio,636,0.0763,2027.0,2027.0,0.0,Alternative Rock,Solo,0,1,1,0.0,4,4,0.0,0,1,1,1,0,4,1,0.0,0.0,0.0,0,0,0.0,0.16666666666666666,0.17391304347826086,0.0,0.0,0.0,0.0,0.25,0.17391304347826086,0.0
14667,Maurice Harrison,636,0.0763,2029.0,2029.0,0.0,Oceanus Folk,Solo,0,1,1,0.0,4,4,0.0,0,1,1,1,0,4,1,0.75,1.0,0.5,1,2,0.0,0.16666666666666666,0.17391304347826086,0.0,0.0,0.0,0.0,0.25,0.17391304347826086,0.0
14668,Scott Burke,636,0.0763,2029.0,2029.0,0.0,Oceanus Folk,Solo,0,1,1,0.0,4,4,0.0,0,1,1,1,0,4,1,0.75,1.0,0.5,1,2,0.0,0.16666666666666666,0.17391304347826086,0.0,0.0,0.0,0.0,0.25,0.17391304347826086,0.0
2062,Cynthia Moore,636,0.0763,2028.0,2028.0,0.0,Dream Pop,Solo,0,1,1,0.0,4,4,0.0,0,1,1,1,0,4,1,0.0,0.0,0.0,0,0,0.0,0.16666666666666666,0.17391304347826086,0.0,0.0,0.0,0.0,0.25,0.17391304347826086,0.0
12730,Chao Zhong,636,0.0763,2026.0,2026.0,0.0,Doom Metal,Solo,0,1,1,0.0,4,4,0.0,0,1,1,1,0,4,1,0.0,0.0,0.0,0,0,0.0,0.16666666666666666,0.17391304347826086,0.0,0.0,0.0,0.0,0.25,0.17391304347826086,0.0
14669,Devin Chan,636,0.0763,2029.0,2029.0,0.0,Oceanus Folk,Solo,0,1,1,0.0,4,4,0.0,0,1,1,1,0,4,1,0.75,1.0,0.5,1,2,0.0,0.16666666666666666,0.17391304347826086,0.0,0.0,0.0,0.0,0.25,0.17391304347826086,0.0
2064,Jill Gardner,636,0.0763,2028.0,2028.0,0.0,Dream Pop,Solo,0,1,1,0.0,4,4,0.0,0,1,1,1,0,4,1,0.0,0.0,0.0,0,0,0.0,0.16666666666666666,0.17391304347826086,0.0,0.0,0.0,0.0,0.25,0.17391304347826086,0.0
1835,Yan Lei,636,0.0763,2029.0,2029.0,0.0,Post-Apocalyptic Folk,Solo,0,1,1,0.0,4,4,0.0,0,1,1,1,0,4,1,0.0,0.0,0.0,0,0,0.0,0.16666666666666666,0.17391304347826086,0.0,0.0,0.0,0.0,0.25,0.17391304347826086,0.0
9106,Peter Garcia,658,0.0761,2028.0,2028.0,0.0,Indie Rock,Solo,0,1,1,0.0,2,7,0.0,0,1,1,1,0,2,1,0.0,0.0,0.0,0,0,0.0,0.08333333333333333,0.30434782608695654,0.0,0.0,0.0,0.0,0.25,0.08695652173913043,0.0
9112,Elizabeth Stone,658,0.0761,2028.0,2028.0,0.0,Indie Rock,Solo,0,1,1,0.0,2,7,0.0,0,1,1,1,0,2,1,0.0,0.0,0.0,0,0,0.0,0.08333333333333333,0.30434782608695654,0.0,0.0,0.0,0.0,0.25,0.08695652173913043,0.0
9109,Sosimo Vila Bayona,658,0.0761,2028.0,2028.0,0.0,Indie Rock,Solo,0,1,1,0.0,2,7,0.0,0,1,1,1,0,2,1,0.0,0.0,0.0,0,0,0.0,0.08333333333333333,0.30434782608695654,0.0,0.0,0.0,0.0,0.25,0.08695652173913043,0.0
811,Jun Jiang,658,0.0761,2028.0,2028.0,0.0,Space Rock,Solo,0,1,1,0.0,2,7,0.0,0,1,1,1,0,2,1,0.0,0.0,0.0,0,0,0.0,0.08333333333333333,0.30434782608695654,0.0,0.0,0.0,0.0,0.25,0.08695652173913043,0.0
818,Lei Fu,658,0.0761,2028.0,2028.0,0.0,Space Rock,Solo,0,1,1,0.0,2,7,0.0,0,1,1,1,0,2,1,0.0,0.0,0.0,0,0,0.0,0.08333333333333333,0.30434782608695654,0.0,0.0,0.0,0.0,0.25,0.08695652173913043,0.0
9110,Travis Thompson,658,0.0761,2028.0,2028.0,0.0,Indie Rock,Solo,0,1,1,0.0,2,7,0.0,0,1,1,1,0,2,1,0.0,0.0,0.0,0,0,0.0,0.08333333333333333,0.30434782608695654,0.0,0.0,0.0,0.0,0.25,0.08695652173913043,0.0
9107,John Guzman II,658,0.0761,2028.0,2028.0,0.0,Indie Rock,Solo,0,1,1,0.0,2,7,0.0,0,1,1,1,0,2,1,0.0,0.0,0.0,0,0,0.0,0.08333333333333333,0.30434782608695654,0.0,0.0,0.0,0.0,0.25,0.08695652173913043,0.0
1210,Guiying Duan,665,0.0758,2028.0,2028.0,0.0,Space Rock,Solo,0,1,1,0.0,7,1,0.0,0,1,0,0,0,7,2,0.0,0.0,0.0,0,0,0.0,0.29166666666666663,0.043478260869565216,0.0,0.0,0.0,0.0,0.0,0.30434782608695654,0.5
12491,Guiying Zhong,666,0.0755,2029.0,2029.0,0.0,Oceanus Folk,Solo,0,1,1,0.0,5,4,0.0,0,1,0,0,0,5,2,0.8,1.0,0.6,1,3,0.0,0.20833333333333331,0.17391304347826086,0.0,0.0,0.0,0.0,0.0,0.21739130434782608,0.5
12492,Qiang Yang,666,0.0755,2029.0,2029.0,0.0,Oceanus Folk,Solo,0,1,1,0.0,5,4,0.0,0,1,0,0,0,5,2,0.8,1.0,0.6,1,3,0.0,0.20833333333333331,0.17391304347826086,0.0,0.0,0.0,0.0,0.0,0.21739130434782608,0.5
4304,Jun Liu,668,0.0754,2030.0,2030.0,0.0,Desert Rock,Solo,0,0,1,0.0,6,0,0.0,0,1,1,1,0,6,2,0.4167,0.0,0.8333333333333334,0,5,0.0,0.25,0.0,0.0,0.0,0.0,0.0,0.25,0.2608695652173913,0.5
9302,Xia Li,669,0.0752,2025.0,2025.0,0.0,Symphonic Metal,Solo,0,1,1,0.0,4,3,0.0,0,1,1,1,0,4,2,0.0,0.0,0.0,0,0,0.0,0.16666666666666666,0.13043478260869565,0.0,0.0,0.0,0.0,0.25,0.17391304347826086,0.5
14414,Carla Holden,669,0.0752,2028.0,2028.0,0.0,Post-Apocalyptic Folk,Solo,0,1,1,0.0,4,3,0.0,0,1,1,1,0,4,2,0.0,0.0,0.0,0,0,0.0,0.16666666666666666,0.13043478260869565,0.0,0.0,0.0,0.0,0.25,0.17391304347826086,0.5
9972,Mark Martinez,669,0.0752,2028.0,2028.0,0.0,Jazz Surf Rock,Solo,0,1,1,0.0,4,3,0.0,0,1,1,1,0,4,2,0.0,0.0,0.0,0,0,0.0,0.16666666666666666,0.13043478260869565,0.0,0.0,0.0,0.0,0.25,0.17391304347826086,0.5
6821,Debra Avery,669,0.0752,2025.0,2025.0,0.0,Space Rock,Solo,0,1,1,0.0,4,3,0.0,0,1,1,1,0,4,2,0.0,0.0,0.0,0,0,0.0,0.16666666666666666,0.13043478260869565,0.0,0.0,0.0,0.0,0.25,0.17391304347826086,0.5
288,Gerlind Sager-Ortmann,669,0.0752,2029.0,2029.0,0.0,Dream Pop,Solo,0,1,1,0.0,4,3,0.0,0,1,1,1,0,4,2,0.0,0.0,0.0,0,0,0.0,0.16666666666666666,0.13043478260869565,0.0,0.0,0.0,0.0,0.25,0.17391304347826086,0.5
2587,Min Qiu,669,0.0752,2025.0,2025.0,0.0,Symphonic Metal,Solo,0,1,1,0.0,4,3,0.0,0,1,1,1,0,4,2,0.0,0.0,0.0,0,0,0.0,0.16666666666666666,0.13043478260869565,0.0,0.0,0.0,0.0,0.25,0.17391304347826086,0.5
6824,Guiying Qin,669,0.0752,2025.0,2025.0,0.0,Space Rock,Solo,0,1,1,0.0,4,3,0.0,0,1,1,1,0,4,2,0.0,0.0,0.0,0,0,0.0,0.16666666666666666,0.13043478260869565,0.0,0.0,0.0,0.0,0.25,0.17391304347826086,0.5
11326,Jun Guo,669,0.0752,2027.0,2027.0,0.0,Alternative Rock,Solo,0,1,1,0.0,4,3,0.0,0,1,1,1,0,4,2,0.0,0.0,0.0,0,0,0.0,0.16666666666666666,0.13043478260869565,0.0,0.0,0.0,0.0,0.25,0.17391304347826086,0.5
11920,Wei Liang,677,0.075,2027.0,2027.0,0.0,Indie Folk,Solo,0,1,1,0.0,2,6,0.0,0,1,1,1,0,2,2,0.25,0.0,0.5,0,1,0.0,0.08333333333333333,0.2608695652173913,0.0,0.0,0.0,0.0,0.25,0.08695652173913043,0.5
4266,Daniel Johnson,677,0.075,2029.0,2029.0,0.0,Dream Pop,Solo,0,1,1,0.0,2,6,0.0,0,1,1,1,0,2,2,0.0,0.0,0.0,0,0,0.0,0.08333333333333333,0.2608695652173913,0.0,0.0,0.0,0.0,0.25,0.08695652173913043,0.5
15697,Yong Zheng,677,0.075,2029.0,2029.0,0.0,Psychedelic Rock,Solo,0,1,1,0.0,2,6,0.0,0,1,1,1,0,2,2,0.0,0.0,0.0,0,0,0.0,0.08333333333333333,0.2608695652173913,0.0,0.0,0.0,0.0,0.25,0.08695652173913043,0.5
11918,Guiying Gong,677,0.075,2027.0,2027.0,0.0,Indie Folk,Solo,0,1,1,0.0,2,6,0.0,0,1,1,1,0,2,2,0.25,0.0,0.5,0,1,0.0,0.08333333333333333,0.2608695652173913,0.0,0.0,0.0,0.0,0.25,0.08695652173913043,0.5
10454, Nova,681,0.0748,2026.0,2026.0,0.0,Southern Gothic Rock,Solo,0,1,1,0.0,6,1,0.0,0,1,1,1,0,5,1,0.0,0.0,0.0,0,0,0.0,0.25,0.043478260869565216,0.0,0.0,0.0,0.0,0.25,0.21739130434782608,0.0
6570,Li Li,682,0.0746,2029.0,2029.0,0.0,Desert Rock,Solo,0,1,1,0.0,4,4,0.0,0,1,1,1,0,3,1,0.375,0.0,0.75,0,3,0.0,0.16666666666666666,0.17391304347826086,0.0,0.0,0.0,0.0,0.25,0.13043478260869565,0.0
6571,Jie Tao,682,0.0746,2029.0,2029.0,0.0,Desert Rock,Solo,0,1,1,0.0,4,4,0.0,0,1,1,1,0,3,1,0.375,0.0,0.75,0,3,0.0,0.16666666666666666,0.17391304347826086,0.0,0.0,0.0,0.0,0.25,0.13043478260869565,0.0
6573,Lei Sun,682,0.0746,2029.0,2029.0,0.0,Desert Rock,Solo,0,1,1,0.0,4,4,0.0,0,1,1,1,0,3,1,0.375,0.0,0.75,0,3,0.0,0.16666666666666666,0.17391304347826086,0.0,0.0,0.0,0.0,0.25,0.13043478260869565,0.0
6574,Xia Tang,682,0.0746,2029.0,2029.0,0.0,Desert Rock,Solo,0,1,1,0.0,4,4,0.0,0,1,1,1,0,3,1,0.375,0.0,0.75,0,3,0.0,0.16666666666666666,0.17391304347826086,0.0,0.0,0.0,0.0,0.25,0.13043478260869565,0.0
6761,Juan Guo,686,0.0737,2026.0,2028.0,2.0,Desert Rock,Solo,0,2,2,0.0,1,4,0.017499999999999998,0,2,1,1,0,1,1,0.0,0.0,0.0,0,0,0.0,0.041666666666666664,0.17391304347826086,0.0,0.017499999999999998,0.0,0.3333333333333333,0.25,0.043478260869565216,0.0
11266,Emily Nash,687,0.0734,2025.0,2025.0,0.0,Post-Apocalyptic Folk,Solo,0,1,1,0.0,5,2,0.0,0,1,1,1,0,5,1,0.0,0.0,0.0,0,0,0.0,0.20833333333333331,0.08695652173913043,0.0,0.0,0.0,0.0,0.25,0.21739130434782608,0.0
13092,Joseph Brooks,687,0.0734,2026.0,2026.0,0.0,Symphonic Metal,Solo,0,1,1,0.0,5,2,0.0,0,1,1,1,0,5,1,0.0,0.0,0.0,0,0,0.0,0.20833333333333331,0.08695652173913043,0.0,0.0,0.0,0.0,0.25,0.21739130434782608,0.0
11265,Sepia Rhapsody,687,0.0734,2025.0,2025.0,0.0,Post-Apocalyptic Folk,Solo,0,1,1,0.0,5,2,0.0,0,1,1,1,0,5,1,0.0,0.0,0.0,0,0,0.0,0.20833333333333331,0.08695652173913043,0.0,0.0,0.0,0.0,0.25,0.21739130434782608,0.0
9476,Jing Zou,687,0.0734,2026.0,2026.0,0.0,Dream Pop,Solo,0,1,1,0.0,5,2,0.0,0,1,1,1,0,5,1,0.0,0.0,0.0,0,0,0.0,0.20833333333333331,0.08695652173913043,0.0,0.0,0.0,0.0,0.25,0.21739130434782608,0.0
10386,Ping Mao,687,0.0734,2028.0,2028.0,0.0,Space Rock,Solo,0,1,1,0.0,5,2,0.0,0,1,1,1,0,5,1,0.0,0.0,0.0,0,0,0.0,0.20833333333333331,0.08695652173913043,0.0,0.0,0.0,0.0,0.25,0.21739130434782608,0.0
9477,Jing Dong,687,0.0734,2026.0,2026.0,0.0,Dream Pop,Solo,0,1,1,0.0,5,2,0.0,0,1,1,1,0,5,1,0.0,0.0,0.0,0,0,0.0,0.20833333333333331,0.08695652173913043,0.0,0.0,0.0,0.0,0.25,0.21739130434782608,0.0
9478,Min Lei,687,0.0734,2026.0,2026.0,0.0,Dream Pop,Solo,0,1,1,0.0,5,2,0.0,0,1,1,1,0,5,1,0.0,0.0,0.0,0,0,0.0,0.20833333333333331,0.08695652173913043,0.0,0.0,0.0,0.0,0.25,0.21739130434782608,0.0
2601,Xia Lin,694,0.0732,2026.0,2026.0,0.0,Dream Pop,Solo,0,1,1,0.0,3,5,0.0,0,1,1,1,0,3,1,0.0,0.0,0.0,0,0,0.0,0.125,0.21739130434782608,0.0,0.0,0.0,0.0,0.25,0.13043478260869565,0.0
16173,Gregory Romero,694,0.0732,2029.0,2029.0,0.0,Dream Pop,Solo,0,1,1,0.0,3,5,0.0,0,1,1,1,0,3,1,0.0,0.0,0.0,0,0,0.0,0.125,0.21739130434782608,0.0,0.0,0.0,0.0,0.25,0.13043478260869565,0.0
16172,Michael Pineda,694,0.0732,2029.0,2029.0,0.0,Dream Pop,Solo,0,1,1,0.0,3,5,0.0,0,1,1,1,0,3,1,0.0,0.0,0.0,0,0,0.0,0.125,0.21739130434782608,0.0,0.0,0.0,0.0,0.25,0.13043478260869565,0.0
10027,Wei Tang,694,0.0732,2026.0,2026.0,0.0,Dream Pop,Solo,0,1,1,0.0,3,5,0.0,0,1,1,1,0,3,1,0.0,0.0,0.0,0,0,0.0,0.125,0.21739130434782608,0.0,0.0,0.0,0.0,0.25,0.13043478260869565,0.0
11372,Ming Zhou,694,0.0732,2027.0,2027.0,0.0,Space Rock,Solo,0,1,1,0.0,3,5,0.0,0,1,1,1,0,3,1,0.0,0.0,0.0,0,0,0.0,0.125,0.21739130434782608,0.0,0.0,0.0,0.0,0.25,0.13043478260869565,0.0
11373,Wei Tian,694,0.0732,2027.0,2027.0,0.0,Space Rock,Solo,0,1,1,0.0,3,5,0.0,0,1,1,1,0,3,1,0.0,0.0,0.0,0,0,0.0,0.125,0.21739130434782608,0.0,0.0,0.0,0.0,0.25,0.13043478260869565,0.0
10189,Joseph Ho,694,0.0732,2026.0,2026.0,0.0,Dream Pop,Solo,0,1,1,0.0,3,5,0.0,0,1,1,1,0,3,1,0.0,0.0,0.0,0,0,0.0,0.125,0.21739130434782608,0.0,0.0,0.0,0.0,0.25,0.13043478260869565,0.0
10026,Jing Qian,694,0.0732,2026.0,2026.0,0.0,Dream Pop,Solo,0,1,1,0.0,3,5,0.0,0,1,1,1,0,3,1,0.0,0.0,0.0,0,0,0.0,0.125,0.21739130434782608,0.0,0.0,0.0,0.0,0.25,0.13043478260869565,0.0
11376,Na Lin,694,0.0732,2027.0,2027.0,0.0,Space Rock,Solo,0,1,1,0.0,3,5,0.0,0,1,1,1,0,3,1,0.0,0.0,0.0,0,0,0.0,0.125,0.21739130434782608,0.0,0.0,0.0,0.0,0.25,0.13043478260869565,0.0
10025,Juan Xue,694,0.0732,2026.0,2026.0,0.0,Dream Pop,Solo,0,1,1,0.0,3,5,0.0,0,1,1,1,0,3,1,0.0,0.0,0.0,0,0,0.0,0.125,0.21739130434782608,0.0,0.0,0.0,0.0,0.25,0.13043478260869565,0.0
2598,Tao Lai,694,0.0732,2026.0,2026.0,0.0,Dream Pop,Solo,0,1,1,0.0,3,5,0.0,0,1,1,1,0,3,1,0.0,0.0,0.0,0,0,0.0,0.125,0.21739130434782608,0.0,0.0,0.0,0.0,0.25,0.13043478260869565,0.0
10029,Tao Pan,694,0.0732,2026.0,2026.0,0.0,Dream Pop,Solo,0,1,1,0.0,3,5,0.0,0,1,1,1,0,3,1,0.0,0.0,0.0,0,0,0.0,0.125,0.21739130434782608,0.0,0.0,0.0,0.0,0.25,0.13043478260869565,0.0
10191,Jie Lei,694,0.0732,2026.0,2026.0,0.0,Dream Pop,Solo,0,1,1,0.0,3,5,0.0,0,1,1,1,0,3,1,0.0,0.0,0.0,0,0,0.0,0.125,0.21739130434782608,0.0,0.0,0.0,0.0,0.25,0.13043478260869565,0.0
10187,Alexander Carr,694,0.0732,2026.0,2026.0,0.0,Dream Pop,Solo,0,1,1,0.0,3,5,0.0,0,1,1,1,0,3,1,0.0,0.0,0.0,0,0,0.0,0.125,0.21739130434782608,0.0,0.0,0.0,0.0,0.25,0.13043478260869565,0.0
11597,Guiying Liang,694,0.0732,2026.0,2026.0,0.0,Dream Pop,Solo,0,1,1,0.0,3,5,0.0,0,1,1,1,0,3,1,0.0,0.0,0.0,0,0,0.0,0.125,0.21739130434782608,0.0,0.0,0.0,0.0,0.25,0.13043478260869565,0.0
11593,Wei Li,694,0.0732,2026.0,2026.0,0.0,Dream Pop,Solo,0,1,1,0.0,3,5,0.0,0,1,1,1,0,3,1,0.0,0.0,0.0,0,0,0.0,0.125,0.21739130434782608,0.0,0.0,0.0,0.0,0.25,0.13043478260869565,0.0
44,Jennifer Smith,694,0.0732,2029.0,2029.0,0.0,Dream Pop,Solo,0,1,1,0.0,3,5,0.0,0,1,1,1,0,3,1,0.0,0.0,0.0,0,0,0.0,0.125,0.21739130434782608,0.0,0.0,0.0,0.0,0.25,0.13043478260869565,0.0
8984, Nebula Prince,694,0.0732,2029.0,2029.0,0.0,Jazz Surf Rock,Solo,0,1,1,0.0,3,5,0.0,0,1,1,1,0,3,1,0.1667,0.0,0.3333333333333333,0,1,0.0,0.125,0.21739130434782608,0.0,0.0,0.0,0.0,0.25,0.13043478260869565,0.0
8985,Yan Lin,694,0.0732,2029.0,2029.0,0.0,Jazz Surf Rock,Solo,0,1,1,0.0,3,5,0.0,0,1,1,1,0,3,1,0.1667,0.0,0.3333333333333333,0,1,0.0,0.125,0.21739130434782608,0.0,0.0,0.0,0.0,0.25,0.13043478260869565,0.0
8986,Charles Marshall,694,0.0732,2029.0,2029.0,0.0,Jazz Surf Rock,Solo,0,1,1,0.0,3,5,0.0,0,1,1,1,0,3,1,0.1667,0.0,0.3333333333333333,0,1,0.0,0.125,0.21739130434782608,0.0,0.0,0.0,0.0,0.25,0.13043478260869565,0.0
11592,Yang Ye,694,0.0732,2026.0,2026.0,0.0,Dream Pop,Solo,0,1,1,0.0,3,5,0.0,0,1,1,1,0,3,1,0.0,0.0,0.0,0,0,0.0,0.125,0.21739130434782608,0.0,0.0,0.0,0.0,0.25,0.13043478260869565,0.0
2602,Qiang Yan,694,0.0732,2026.0,2026.0,0.0,Dream Pop,Solo,0,1,1,0.0,3,5,0.0,0,1,1,1,0,3,1,0.0,0.0,0.0,0,0,0.0,0.125,0.21739130434782608,0.0,0.0,0.0,0.0,0.25,0.13043478260869565,0.0
11591,Lei Fan,694,0.0732,2026.0,2026.0,0.0,Dream Pop,Solo,0,1,1,0.0,3,5,0.0,0,1,1,1,0,3,1,0.0,0.0,0.0,0,0,0.0,0.125,0.21739130434782608,0.0,0.0,0.0,0.0,0.25,0.13043478260869565,0.0
2599,Jie Ma,694,0.0732,2026.0,2026.0,0.0,Dream Pop,Solo,0,1,1,0.0,3,5,0.0,0,1,1,1,0,3,1,0.0,0.0,0.0,0,0,0.0,0.125,0.21739130434782608,0.0,0.0,0.0,0.0,0.25,0.13043478260869565,0.0
16174,James Rice,694,0.0732,2029.0,2029.0,0.0,Dream Pop,Solo,0,1,1,0.0,3,5,0.0,0,1,1,1,0,3,1,0.0,0.0,0.0,0,0,0.0,0.125,0.21739130434782608,0.0,0.0,0.0,0.0,0.25,0.13043478260869565,0.0
10190,Colleen Richards,694,0.0732,2026.0,2026.0,0.0,Dream Pop,Solo,0,1,1,0.0,3,5,0.0,0,1,1,1,0,3,1,0.0,0.0,0.0,0,0,0.0,0.125,0.21739130434782608,0.0,0.0,0.0,0.0,0.25,0.13043478260869565,0.0
10889,Guiying Zeng,720,0.0729,2026.0,2026.0,0.0,Dream Pop,Solo,0,1,1,0.0,1,8,0.0,0,1,1,1,0,1,1,0.0,0.0,0.0,0,0,0.0,0.041666666666666664,0.34782608695652173,0.0,0.0,0.0,0.0,0.25,0.043478260869565216,0.0
10888,Wei Wu,720,0.0729,2026.0,2026.0,0.0,Dream Pop,Solo,0,1,1,0.0,1,8,0.0,0,1,1,1,0,1,1,0.0,0.0,0.0,0,0,0.0,0.041666666666666664,0.34782608695652173,0.0,0.0,0.0,0.0,0.25,0.043478260869565216,0.0
10890,Jun Fu,720,0.0729,2026.0,2026.0,0.0,Dream Pop,Solo,0,1,1,0.0,1,8,0.0,0,1,1,1,0,1,1,0.0,0.0,0.0,0,0,0.0,0.041666666666666664,0.34782608695652173,0.0,0.0,0.0,0.0,0.25,0.043478260869565216,0.0
10891,Wei Fan,720,0.0729,2026.0,2026.0,0.0,Dream Pop,Solo,0,1,1,0.0,1,8,0.0,0,1,1,1,0,1,1,0.0,0.0,0.0,0,0,0.0,0.041666666666666664,0.34782608695652173,0.0,0.0,0.0,0.0,0.25,0.043478260869565216,0.0
6889,Xia Cui,724,0.0728,2026.0,2026.0,0.0,Dream Pop,Echo Syntax,0,1,1,0.0,2,4,0.0,0,1,2,1,1,2,1,0.0,0.0,0.0,0,0,0.0,0.08333333333333333,0.17391304347826086,0.0,0.0,0.0,0.0,0.5,0.08695652173913043,0.0
752,Xia Xiong,725,0.0725,2028.0,2029.0,1.0,Alternative Rock,Solo,0,2,2,0.0,2,2,0.034999999999999996,0,2,1,1,0,2,1,0.0,0.0,0.0,0,0,0.0,0.08333333333333333,0.08695652173913043,0.0,0.034999999999999996,0.0,0.3333333333333333,0.25,0.08695652173913043,0.0
16427,Fito Pacheco León,726,0.0724,2026.0,2026.0,0.0,Doom Metal,Solo,0,1,1,0.0,4,5,0.0,0,1,0,0,0,4,2,0.0,0.0,0.0,0,0,0.0,0.16666666666666666,0.21739130434782608,0.0,0.0,0.0,0.0,0.0,0.17391304347826086,0.5
16204,Ricarda Nélida Palmer Serra,726,0.0724,2026.0,2026.0,0.0,Doom Metal,Solo,0,1,1,0.0,4,5,0.0,0,1,0,0,0,4,2,0.0,0.0,0.0,0,0,0.0,0.16666666666666666,0.21739130434782608,0.0,0.0,0.0,0.0,0.0,0.17391304347826086,0.5
7090,Yan Yang,726,0.0724,2028.0,2028.0,0.0,Dream Pop,Solo,0,1,1,0.0,4,5,0.0,0,1,0,0,0,4,2,0.0,0.0,0.0,0,0,0.0,0.16666666666666666,0.21739130434782608,0.0,0.0,0.0,0.0,0.0,0.17391304347826086,0.5
4371,Nancy Myers,729,0.0723,2029.0,2029.0,0.0,Lo-Fi Electronica,Solo,0,1,1,0.0,5,1,0.0,0,1,1,1,0,5,2,0.0,0.0,0.0,0,0,0.0,0.20833333333333331,0.043478260869565216,0.0,0.0,0.0,0.0,0.25,0.21739130434782608,0.5
13323,Jonathan Vasquez,729,0.0723,2025.0,2025.0,0.0,Psychedelic Rock,Solo,0,1,1,0.0,5,1,0.0,0,1,1,1,0,5,2,0.0,0.0,0.0,0,0,0.0,0.20833333333333331,0.043478260869565216,0.0,0.0,0.0,0.0,0.25,0.21739130434782608,0.5
6459,Ming Pan,731,0.0722,2027.0,2027.0,0.0,Dream Pop,Solo,0,1,1,0.0,2,8,0.0,0,1,0,0,0,2,2,0.0,0.0,0.0,0,0,0.0,0.08333333333333333,0.34782608695652173,0.0,0.0,0.0,0.0,0.0,0.08695652173913043,0.5
13939,Hüseyin Paffrath,732,0.0721,2026.0,2026.0,0.0,Indie Folk,Solo,0,1,1,0.0,3,4,0.0,0,1,1,1,0,3,2,0.0,0.0,0.0,0,0,0.0,0.125,0.17391304347826086,0.0,0.0,0.0,0.0,0.25,0.13043478260869565,0.5
13937,Juan Zou,732,0.0721,2026.0,2026.0,0.0,Indie Folk,Solo,0,1,1,0.0,3,4,0.0,0,1,1,1,0,3,2,0.0,0.0,0.0,0,0,0.0,0.125,0.17391304347826086,0.0,0.0,0.0,0.0,0.25,0.13043478260869565,0.5
15943,Min Yu,732,0.0721,2027.0,2027.0,0.0,Dream Pop,Solo,0,1,1,0.0,3,4,0.0,0,1,1,1,0,3,2,0.3333,0.0,0.6666666666666666,0,2,0.0,0.125,0.17391304347826086,0.0,0.0,0.0,0.0,0.25,0.13043478260869565,0.5
8397,Lei Jia,732,0.0721,2028.0,2028.0,0.0,Indie Folk,Solo,0,1,1,0.0,3,4,0.0,0,1,1,1,0,3,2,0.3333,0.0,0.6666666666666666,0,2,0.0,0.125,0.17391304347826086,0.0,0.0,0.0,0.0,0.25,0.13043478260869565,0.5
10163,Qiang Gong,732,0.0721,2028.0,2028.0,0.0,Indie Folk,Solo,0,1,1,0.0,3,4,0.0,0,1,1,1,0,3,2,0.3333,0.0,0.6666666666666666,0,2,0.0,0.125,0.17391304347826086,0.0,0.0,0.0,0.0,0.25,0.13043478260869565,0.5
7954,Greco Duse-Liverotti,732,0.0721,2029.0,2029.0,0.0,Dream Pop,Solo,0,1,1,0.0,3,4,0.0,0,1,1,1,0,3,2,0.0,0.0,0.0,0,0,0.0,0.125,0.17391304347826086,0.0,0.0,0.0,0.0,0.25,0.13043478260869565,0.5
16087,Juan Chen,732,0.0721,2027.0,2027.0,0.0,Doom Metal,Solo,0,1,1,0.0,3,4,0.0,0,1,1,1,0,3,2,0.0,0.0,0.0,0,0,0.0,0.125,0.17391304347826086,0.0,0.0,0.0,0.0,0.25,0.13043478260869565,0.5
3831,Chao Tang,739,0.0718,2025.0,2025.0,0.0,Oceanus Folk,Solo,0,1,1,0.0,1,7,0.0,0,1,1,1,0,1,2,1.0,1.0,1.0,1,1,0.0,0.041666666666666664,0.30434782608695654,0.0,0.0,0.0,0.0,0.25,0.043478260869565216,0.5
13284,Juan Jin,739,0.0718,2025.0,2027.0,2.0,Jazz Surf Rock,Solo,0,2,2,0.0,2,6,0.017499999999999998,0,1,1,1,0,2,1,0.0,0.0,0.0,0,0,0.0,0.08333333333333333,0.2608695652173913,0.0,0.017499999999999998,0.0,0.0,0.25,0.08695652173913043,0.0
13491,Curtis Doyle,739,0.0718,2029.0,2029.0,0.0,Dream Pop,Solo,0,1,1,0.0,1,7,0.0,0,1,1,1,0,1,2,0.0,0.0,0.0,0,0,0.0,0.041666666666666664,0.30434782608695654,0.0,0.0,0.0,0.0,0.25,0.043478260869565216,0.5
12614,Jun Liu,739,0.0718,2025.0,2025.0,0.0,Desert Rock,Solo,0,1,1,0.0,1,7,0.0,0,1,1,1,0,1,2,0.0,0.0,0.0,0,0,0.0,0.041666666666666664,0.30434782608695654,0.0,0.0,0.0,0.0,0.25,0.043478260869565216,0.5
10174,Yan Shi,743,0.0716,2026.0,2026.0,0.0,Desert Rock,Solo,0,1,1,0.0,5,2,0.0,0,1,1,1,0,4,1,0.4,0.0,0.8,0,4,0.0,0.20833333333333331,0.08695652173913043,0.0,0.0,0.0,0.0,0.25,0.17391304347826086,0.0
3233,Gang Yuan,744,0.071,2029.0,2029.0,0.0,Dream Pop,Solo,0,1,1,0.0,3,3,0.0,0,1,1,1,0,3,3,0.0,0.0,0.0,0,0,0.0,0.125,0.13043478260869565,0.0,0.0,0.0,0.0,0.25,0.13043478260869565,1.0
4035, Aria Snow,745,0.0709,2028.0,2030.0,2.0,Desert Rock,Solo,0,2,2,0.0,4,2,0.017499999999999998,0,1,1,1,0,4,2,0.0,0.0,0.0,0,0,0.0,0.16666666666666666,0.08695652173913043,0.0,0.017499999999999998,0.0,0.0,0.25,0.17391304347826086,0.5
12143,LO KEYZ,746,0.0708,2028.0,2028.0,0.0,Alternative Rock,Solo,0,2,2,0.0,1,3,0.0,0,2,1,1,0,1,2,0.0,0.0,0.0,0,0,0.0,0.041666666666666664,0.13043478260869565,0.0,0.0,0.0,0.3333333333333333,0.25,0.043478260869565216,0.5
10803,Fateh Dube,747,0.0705,2026.0,2029.0,3.0,Darkwave,Solo,0,2,2,0.0,3,3,0.011666666666666669,0,2,0,0,0,3,1,0.0,0.0,0.0,0,0,0.0,0.125,0.13043478260869565,0.0,0.011666666666666669,0.0,0.3333333333333333,0.0,0.13043478260869565,0.0
12493,Lei Liao,747,0.0705,2029.0,2029.0,0.0,Oceanus Folk,Solo,0,1,1,0.0,5,4,0.0,0,1,0,0,0,5,1,0.8,1.0,0.6,1,3,0.0,0.20833333333333331,0.17391304347826086,0.0,0.0,0.0,0.0,0.0,0.21739130434782608,0.0
10801,Devansh Divan,747,0.0705,2026.0,2029.0,3.0,Dream Pop,Solo,0,2,2,0.0,3,3,0.011666666666666669,0,2,0,0,0,3,1,0.0,0.0,0.0,0,0,0.0,0.125,0.13043478260869565,0.0,0.011666666666666669,0.0,0.3333333333333333,0.0,0.13043478260869565,0.0
4303,Xiuying Cai,750,0.0704,2030.0,2030.0,0.0,Desert Rock,Solo,0,0,1,0.0,6,0,0.0,0,1,1,1,0,6,1,0.4167,0.0,0.8333333333333334,0,5,0.0,0.25,0.0,0.0,0.0,0.0,0.0,0.25,0.2608695652173913,0.0
4302,Guiying Tao,750,0.0704,2030.0,2030.0,0.0,Desert Rock,Solo,0,0,1,0.0,6,0,0.0,0,1,1,1,0,6,1,0.4167,0.0,0.8333333333333334,0,5,0.0,0.25,0.0,0.0,0.0,0.0,0.0,0.25,0.2608695652173913,0.0
9870,William Alexander,752,0.0703,2026.0,2026.0,0.0,Space Rock,Solo,0,1,1,0.0,3,4,0.0,0,1,1,1,0,2,2,0.1667,0.0,0.3333333333333333,0,1,0.0,0.125,0.17391304347826086,0.0,0.0,0.0,0.0,0.25,0.08695652173913043,0.5
9969,Jun Jia,753,0.0702,2028.0,2028.0,0.0,Jazz Surf Rock,Solo,0,1,1,0.0,4,3,0.0,0,1,1,1,0,4,1,0.0,0.0,0.0,0,0,0.0,0.16666666666666666,0.13043478260869565,0.0,0.0,0.0,0.0,0.25,0.17391304347826086,0.0
8185,Corrado Chinnici-Ferrabosco,753,0.0702,2029.0,2029.0,0.0,Dream Pop,Solo,0,1,1,0.0,4,3,0.0,0,1,1,1,0,4,1,0.0,0.0,0.0,0,0,0.0,0.16666666666666666,0.13043478260869565,0.0,0.0,0.0,0.0,0.25,0.17391304347826086,0.0
9970,Juan Liu,753,0.0702,2028.0,2028.0,0.0,Jazz Surf Rock,Solo,0,1,1,0.0,4,3,0.0,0,1,1,1,0,4,1,0.0,0.0,0.0,0,0,0.0,0.16666666666666666,0.13043478260869565,0.0,0.0,0.0,0.0,0.25,0.17391304347826086,0.0
8188,Jing Lu,753,0.0702,2029.0,2029.0,0.0,Dream Pop,Solo,0,1,1,0.0,4,3,0.0,0,1,1,1,0,4,1,0.0,0.0,0.0,0,0,0.0,0.16666666666666666,0.13043478260869565,0.0,0.0,0.0,0.0,0.25,0.17391304347826086,0.0
6825,Jie Jia,753,0.0702,2025.0,2025.0,0.0,Space Rock,Solo,0,1,1,0.0,4,3,0.0,0,1,1,1,0,4,1,0.0,0.0,0.0,0,0,0.0,0.16666666666666666,0.13043478260869565,0.0,0.0,0.0,0.0,0.25,0.17391304347826086,0.0
9973,Cathrin Bruder,753,0.0702,2028.0,2028.0,0.0,Jazz Surf Rock,Solo,0,1,1,0.0,4,3,0.0,0,1,1,1,0,4,1,0.0,0.0,0.0,0,0,0.0,0.16666666666666666,0.13043478260869565,0.0,0.0,0.0,0.0,0.25,0.17391304347826086,0.0
9304,Yan Xiang,753,0.0702,2025.0,2025.0,0.0,Symphonic Metal,Solo,0,1,1,0.0,4,3,0.0,0,1,1,1,0,4,1,0.0,0.0,0.0,0,0,0.0,0.16666666666666666,0.13043478260869565,0.0,0.0,0.0,0.0,0.25,0.17391304347826086,0.0
6823,Xia Zhang,753,0.0702,2025.0,2025.0,0.0,Space Rock,Solo,0,1,1,0.0,4,3,0.0,0,1,1,1,0,4,1,0.0,0.0,0.0,0,0,0.0,0.16666666666666666,0.13043478260869565,0.0,0.0,0.0,0.0,0.25,0.17391304347826086,0.0
5852,Jie Song,753,0.0702,2029.0,2029.0,0.0,Americana,Solo,0,1,1,0.0,4,3,0.0,0,1,1,1,0,4,1,0.0,0.0,0.0,0,0,0.0,0.16666666666666666,0.13043478260869565,0.0,0.0,0.0,0.0,0.25,0.17391304347826086,0.0
8187,Xiulan Liao,753,0.0702,2029.0,2029.0,0.0,Dream Pop,Solo,0,1,1,0.0,4,3,0.0,0,1,1,1,0,4,1,0.0,0.0,0.0,0,0,0.0,0.16666666666666666,0.13043478260869565,0.0,0.0,0.0,0.0,0.25,0.17391304347826086,0.0
5848,MNTL X (Mental X),753,0.0702,2029.0,2029.0,0.0,Americana,Solo,0,1,1,0.0,4,3,0.0,0,1,1,1,0,4,1,0.0,0.0,0.0,0,0,0.0,0.16666666666666666,0.13043478260869565,0.0,0.0,0.0,0.0,0.25,0.17391304347826086,0.0
11325,Li Tan,753,0.0702,2027.0,2027.0,0.0,Alternative Rock,Solo,0,1,1,0.0,4,3,0.0,0,1,1,1,0,4,1,0.0,0.0,0.0,0,0,0.0,0.16666666666666666,0.13043478260869565,0.0,0.0,0.0,0.0,0.25,0.17391304347826086,0.0
15788,Marcia Florencia Carmona Cuéllar,753,0.0702,2029.0,2029.0,0.0,Space Rock,Solo,0,1,1,0.0,4,3,0.0,0,1,1,1,0,4,1,0.0,0.0,0.0,0,0,0.0,0.16666666666666666,0.13043478260869565,0.0,0.0,0.0,0.0,0.25,0.17391304347826086,0.0
15786,Geraldo Moreno-Bravo,753,0.0702,2029.0,2029.0,0.0,Space Rock,Solo,0,1,1,0.0,4,3,0.0,0,1,1,1,0,4,1,0.0,0.0,0.0,0,0,0.0,0.16666666666666666,0.13043478260869565,0.0,0.0,0.0,0.0,0.25,0.17391304347826086,0.0
15785,Robert Mathis,753,0.0702,2029.0,2029.0,0.0,Space Rock,Solo,0,1,1,0.0,4,3,0.0,0,1,1,1,0,4,1,0.0,0.0,0.0,0,0,0.0,0.16666666666666666,0.13043478260869565,0.0,0.0,0.0,0.0,0.25,0.17391304347826086,0.0
15784,Carolyn Ramos,753,0.0702,2029.0,2029.0,0.0,Space Rock,Solo,0,1,1,0.0,4,3,0.0,0,1,1,1,0,4,1,0.0,0.0,0.0,0,0,0.0,0.16666666666666666,0.13043478260869565,0.0,0.0,0.0,0.0,0.25,0.17391304347826086,0.0
14415,Ming Xiang,753,0.0702,2028.0,2028.0,0.0,Post-Apocalyptic Folk,Solo,0,1,1,0.0,4,3,0.0,0,1,1,1,0,4,1,0.0,0.0,0.0,0,0,0.0,0.16666666666666666,0.13043478260869565,0.0,0.0,0.0,0.0,0.25,0.17391304347826086,0.0
11324,Chao Tang,753,0.0702,2027.0,2027.0,0.0,Alternative Rock,Solo,0,1,1,0.0,4,3,0.0,0,1,1,1,0,4,1,0.0,0.0,0.0,0,0,0.0,0.16666666666666666,0.13043478260869565,0.0,0.0,0.0,0.0,0.25,0.17391304347826086,0.0
8186,Wei Fan,753,0.0702,2029.0,2029.0,0.0,Dream Pop,Solo,0,1,1,0.0,4,3,0.0,0,1,1,1,0,4,1,0.0,0.0,0.0,0,0,0.0,0.16666666666666666,0.13043478260869565,0.0,0.0,0.0,0.0,0.25,0.17391304347826086,0.0
2702,Jie Shen,753,0.0702,2029.0,2029.0,0.0,Americana,Solo,0,1,1,0.0,4,3,0.0,0,1,1,1,0,4,1,0.0,0.0,0.0,0,0,0.0,0.16666666666666666,0.13043478260869565,0.0,0.0,0.0,0.0,0.25,0.17391304347826086,0.0
5851,Lei Yi,753,0.0702,2029.0,2029.0,0.0,Americana,Solo,0,1,1,0.0,4,3,0.0,0,1,1,1,0,4,1,0.0,0.0,0.0,0,0,0.0,0.16666666666666666,0.13043478260869565,0.0,0.0,0.0,0.0,0.25,0.17391304347826086,0.0
3207,Kenneth Jones,753,0.0702,2029.0,2029.0,0.0,Psychedelic Rock,Solo,0,1,1,0.0,4,3,0.0,0,1,1,1,0,4,1,0.0,0.0,0.0,0,0,0.0,0.16666666666666666,0.13043478260869565,0.0,0.0,0.0,0.0,0.25,0.17391304347826086,0.0
13463,Henri Drubin,753,0.0702,2028.0,2028.0,0.0,Avant-Garde Folk,Solo,0,1,1,0.0,4,3,0.0,0,1,1,1,0,4,1,0.0,0.0,0.0,0,0,0.0,0.16666666666666666,0.13043478260869565,0.0,0.0,0.0,0.0,0.25,0.17391304347826086,0.0
13462,Karsten Löwer,753,0.0702,2028.0,2028.0,0.0,Avant-Garde Folk,Solo,0,1,1,0.0,4,3,0.0,0,1,1,1,0,4,1,0.0,0.0,0.0,0,0,0.0,0.16666666666666666,0.13043478260869565,0.0,0.0,0.0,0.0,0.25,0.17391304347826086,0.0
13460,Richard Kovář,753,0.0702,2028.0,2028.0,0.0,Avant-Garde Folk,Solo,0,1,1,0.0,4,3,0.0,0,1,1,1,0,4,1,0.0,0.0,0.0,0,0,0.0,0.16666666666666666,0.13043478260869565,0.0,0.0,0.0,0.0,0.25,0.17391304347826086,0.0
14412,Min Lin,753,0.0702,2028.0,2028.0,0.0,Post-Apocalyptic Folk,Solo,0,1,1,0.0,4,3,0.0,0,1,1,1,0,4,1,0.0,0.0,0.0,0,0,0.0,0.16666666666666666,0.13043478260869565,0.0,0.0,0.0,0.0,0.25,0.17391304347826086,0.0
11323,Jing Guo,753,0.0702,2027.0,2027.0,0.0,Alternative Rock,Solo,0,1,1,0.0,4,3,0.0,0,1,1,1,0,4,1,0.0,0.0,0.0,0,0,0.0,0.16666666666666666,0.13043478260869565,0.0,0.0,0.0,0.0,0.25,0.17391304347826086,0.0
14413,Ming Zeng,753,0.0702,2028.0,2028.0,0.0,Post-Apocalyptic Folk,Solo,0,1,1,0.0,4,3,0.0,0,1,1,1,0,4,1,0.0,0.0,0.0,0,0,0.0,0.16666666666666666,0.13043478260869565,0.0,0.0,0.0,0.0,0.25,0.17391304347826086,0.0
289,Liam de Vrome,753,0.0702,2029.0,2029.0,0.0,Dream Pop,Solo,0,1,1,0.0,4,3,0.0,0,1,1,1,0,4,1,0.0,0.0,0.0,0,0,0.0,0.16666666666666666,0.13043478260869565,0.0,0.0,0.0,0.0,0.25,0.17391304347826086,0.0
287,Ryan van 't Houteveen-Luboch,753,0.0702,2029.0,2029.0,0.0,Dream Pop,Solo,0,1,1,0.0,4,3,0.0,0,1,1,1,0,4,1,0.0,0.0,0.0,0,0,0.0,0.16666666666666666,0.13043478260869565,0.0,0.0,0.0,0.0,0.25,0.17391304347826086,0.0
359,Wei Mao,753,0.0702,2027.0,2027.0,0.0,Post-Apocalyptic Folk,Solo,0,1,1,0.0,4,3,0.0,0,1,1,1,0,4,1,0.0,0.0,0.0,0,0,0.0,0.16666666666666666,0.13043478260869565,0.0,0.0,0.0,0.0,0.25,0.17391304347826086,0.0
11250,The Glitch Monarch,753,0.0702,2026.0,2026.0,0.0,Indie Rock,Solo,0,1,1,0.0,4,3,0.0,0,1,1,1,0,4,1,0.0,0.0,0.0,0,0,0.0,0.16666666666666666,0.13043478260869565,0.0,0.0,0.0,0.0,0.25,0.17391304347826086,0.0
284,Liza Rijcken,753,0.0702,2029.0,2029.0,0.0,Dream Pop,Solo,0,1,1,0.0,4,3,0.0,0,1,1,1,0,4,1,0.0,0.0,0.0,0,0,0.0,0.16666666666666666,0.13043478260869565,0.0,0.0,0.0,0.0,0.25,0.17391304347826086,0.0
13492,Daniel Miller,786,0.07,2026.0,2026.0,0.0,Post-Apocalyptic Folk,Solo,0,1,1,0.0,2,6,0.0,0,1,1,1,0,2,1,0.0,0.0,0.0,0,0,0.0,0.08333333333333333,0.2608695652173913,0.0,0.0,0.0,0.0,0.25,0.08695652173913043,0.0
10372,Phillip Jones,786,0.07,2028.0,2028.0,0.0,Post-Apocalyptic Folk,Solo,0,1,1,0.0,2,6,0.0,0,1,1,1,0,2,1,0.0,0.0,0.0,0,0,0.0,0.08333333333333333,0.2608695652173913,0.0,0.0,0.0,0.0,0.25,0.08695652173913043,0.0
13497,James Vaughn,786,0.07,2026.0,2026.0,0.0,Post-Apocalyptic Folk,Solo,0,1,1,0.0,2,6,0.0,0,1,1,1,0,2,1,0.0,0.0,0.0,0,0,0.0,0.08333333333333333,0.2608695652173913,0.0,0.0,0.0,0.0,0.25,0.08695652173913043,0.0
10743,Brandon Morales,786,0.07,2027.0,2027.0,0.0,Dream Pop,Solo,0,1,1,0.0,2,6,0.0,0,1,1,1,0,2,1,0.0,0.0,0.0,0,0,0.0,0.08333333333333333,0.2608695652173913,0.0,0.0,0.0,0.0,0.25,0.08695652173913043,0.0
10371,Marc Drake,786,0.07,2028.0,2028.0,0.0,Post-Apocalyptic Folk,Solo,0,1,1,0.0,2,6,0.0,0,1,1,1,0,2,1,0.0,0.0,0.0,0,0,0.0,0.08333333333333333,0.2608695652173913,0.0,0.0,0.0,0.0,0.25,0.08695652173913043,0.0
10369,Jesus Rivas,786,0.07,2028.0,2028.0,0.0,Post-Apocalyptic Folk,Solo,0,1,1,0.0,2,6,0.0,0,1,1,1,0,2,1,0.0,0.0,0.0,0,0,0.0,0.08333333333333333,0.2608695652173913,0.0,0.0,0.0,0.0,0.25,0.08695652173913043,0.0
4268,Ashley Logan,786,0.07,2029.0,2029.0,0.0,Dream Pop,Solo,0,1,1,0.0,2,6,0.0,0,1,1,1,0,2,1,0.0,0.0,0.0,0,0,0.0,0.08333333333333333,0.2608695652173913,0.0,0.0,0.0,0.0,0.25,0.08695652173913043,0.0
10072,Jérôme Blanchet,786,0.07,2027.0,2027.0,0.0,Dream Pop,Solo,0,1,1,0.0,2,6,0.0,0,1,1,1,0,2,1,0.0,0.0,0.0,0,0,0.0,0.08333333333333333,0.2608695652173913,0.0,0.0,0.0,0.0,0.25,0.08695652173913043,0.0
10073,Maurice Lacroix,786,0.07,2027.0,2027.0,0.0,Dream Pop,Solo,0,1,1,0.0,2,6,0.0,0,1,1,1,0,2,1,0.0,0.0,0.0,0,0,0.0,0.08333333333333333,0.2608695652173913,0.0,0.0,0.0,0.0,0.25,0.08695652173913043,0.0
10074,Renée Tanguy-Henry,786,0.07,2027.0,2027.0,0.0,Dream Pop,Solo,0,1,1,0.0,2,6,0.0,0,1,1,1,0,2,1,0.0,0.0,0.0,0,0,0.0,0.08333333333333333,0.2608695652173913,0.0,0.0,0.0,0.0,0.25,0.08695652173913043,0.0
4267,Mary Lewis,786,0.07,2029.0,2029.0,0.0,Dream Pop,Solo,0,1,1,0.0,2,6,0.0,0,1,1,1,0,2,1,0.0,0.0,0.0,0,0,0.0,0.08333333333333333,0.2608695652173913,0.0,0.0,0.0,0.0,0.25,0.08695652173913043,0.0
4265,Christopher Jones,786,0.07,2029.0,2029.0,0.0,Dream Pop,Solo,0,1,1,0.0,2,6,0.0,0,1,1,1,0,2,1,0.0,0.0,0.0,0,0,0.0,0.08333333333333333,0.2608695652173913,0.0,0.0,0.0,0.0,0.25,0.08695652173913043,0.0
4264,Kelly Jackson,786,0.07,2029.0,2029.0,0.0,Dream Pop,Solo,0,1,1,0.0,2,6,0.0,0,1,1,1,0,2,1,0.0,0.0,0.0,0,0,0.0,0.08333333333333333,0.2608695652173913,0.0,0.0,0.0,0.0,0.25,0.08695652173913043,0.0
4263,Amy Conway,786,0.07,2029.0,2029.0,0.0,Dream Pop,Solo,0,1,1,0.0,2,6,0.0,0,1,1,1,0,2,1,0.0,0.0,0.0,0,0,0.0,0.08333333333333333,0.2608695652173913,0.0,0.0,0.0,0.0,0.25,0.08695652173913043,0.0
10606,Xiuying Peng,786,0.07,2027.0,2027.0,0.0,Desert Rock,Solo,0,1,1,0.0,2,6,0.0,0,1,1,1,0,2,1,0.0,0.0,0.0,0,0,0.0,0.08333333333333333,0.2608695652173913,0.0,0.0,0.0,0.0,0.25,0.08695652173913043,0.0
10607,Tao Zhu,786,0.07,2027.0,2027.0,0.0,Desert Rock,Solo,0,1,1,0.0,2,6,0.0,0,1,1,1,0,2,1,0.0,0.0,0.0,0,0,0.0,0.08333333333333333,0.2608695652173913,0.0,0.0,0.0,0.0,0.25,0.08695652173913043,0.0
11915,BLAKK RAYN,786,0.07,2027.0,2027.0,0.0,Indie Folk,Solo,0,1,1,0.0,2,6,0.0,0,1,1,1,0,2,1,0.25,0.0,0.5,0,1,0.0,0.08333333333333333,0.2608695652173913,0.0,0.0,0.0,0.0,0.25,0.08695652173913043,0.0
10375,Yong Hu,786,0.07,2028.0,2028.0,0.0,Post-Apocalyptic Folk,Solo,0,1,1,0.0,2,6,0.0,0,1,1,1,0,2,1,0.0,0.0,0.0,0,0,0.0,0.08333333333333333,0.2608695652173913,0.0,0.0,0.0,0.0,0.25,0.08695652173913043,0.0
10602,Vinnie,786,0.07,2027.0,2027.0,0.0,Desert Rock,Solo,0,1,1,0.0,2,6,0.0,0,1,1,1,0,2,1,0.0,0.0,0.0,0,0,0.0,0.08333333333333333,0.2608695652173913,0.0,0.0,0.0,0.0,0.25,0.08695652173913043,0.0
10374,Hannah Payne,786,0.07,2028.0,2028.0,0.0,Post-Apocalyptic Folk,Solo,0,1,1,0.0,2,6,0.0,0,1,1,1,0,2,1,0.0,0.0,0.0,0,0,0.0,0.08333333333333333,0.2608695652173913,0.0,0.0,0.0,0.0,0.25,0.08695652173913043,0.0
10373,Sharon Grant,786,0.07,2028.0,2028.0,0.0,Post-Apocalyptic Folk,Solo,0,1,1,0.0,2,6,0.0,0,1,1,1,0,2,1,0.0,0.0,0.0,0,0,0.0,0.08333333333333333,0.2608695652173913,0.0,0.0,0.0,0.0,0.25,0.08695652173913043,0.0
10603,Yong Xue,786,0.07,2027.0,2027.0,0.0,Desert Rock,Solo,0,1,1,0.0,2,6,0.0,0,1,1,1,0,2,1,0.0,0.0,0.0,0,0,0.0,0.08333333333333333,0.2608695652173913,0.0,0.0,0.0,0.0,0.25,0.08695652173913043,0.0
15696,Tao Fu,786,0.07,2029.0,2029.0,0.0,Psychedelic Rock,Solo,0,1,1,0.0,2,6,0.0,0,1,1,1,0,2,1,0.0,0.0,0.0,0,0,0.0,0.08333333333333333,0.2608695652173913,0.0,0.0,0.0,0.0,0.25,0.08695652173913043,0.0
15695,Juan Cheng,786,0.07,2029.0,2029.0,0.0,Psychedelic Rock,Solo,0,1,1,0.0,2,6,0.0,0,1,1,1,0,2,1,0.0,0.0,0.0,0,0,0.0,0.08333333333333333,0.2608695652173913,0.0,0.0,0.0,0.0,0.25,0.08695652173913043,0.0
15694,Min Bai,786,0.07,2029.0,2029.0,0.0,Psychedelic Rock,Solo,0,1,1,0.0,2,6,0.0,0,1,1,1,0,2,1,0.0,0.0,0.0,0,0,0.0,0.08333333333333333,0.2608695652173913,0.0,0.0,0.0,0.0,0.25,0.08695652173913043,0.0
10604,Chao Yi,786,0.07,2027.0,2027.0,0.0,Desert Rock,Solo,0,1,1,0.0,2,6,0.0,0,1,1,1,0,2,1,0.0,0.0,0.0,0,0,0.0,0.08333333333333333,0.2608695652173913,0.0,0.0,0.0,0.0,0.25,0.08695652173913043,0.0
10605,Wei Yao,786,0.07,2027.0,2027.0,0.0,Desert Rock,Solo,0,1,1,0.0,2,6,0.0,0,1,1,1,0,2,1,0.0,0.0,0.0,0,0,0.0,0.08333333333333333,0.2608695652173913,0.0,0.0,0.0,0.0,0.25,0.08695652173913043,0.0
15691, Demi Lane,786,0.07,2029.0,2029.0,0.0,Psychedelic Rock,Solo,0,1,1,0.0,2,6,0.0,0,1,1,1,0,2,1,0.0,0.0,0.0,0,0,0.0,0.08333333333333333,0.2608695652173913,0.0,0.0,0.0,0.0,0.25,0.08695652173913043,0.0
4262, Silver Crane,786,0.07,2029.0,2029.0,0.0,Dream Pop,Solo,0,1,1,0.0,2,6,0.0,0,1,1,1,0,2,1,0.0,0.0,0.0,0,0,0.0,0.08333333333333333,0.2608695652173913,0.0,0.0,0.0,0.0,0.25,0.08695652173913043,0.0
11916,Thomas Le,786,0.07,2027.0,2027.0,0.0,Indie Folk,Solo,0,1,1,0.0,2,6,0.0,0,1,1,1,0,2,1,0.25,0.0,0.5,0,1,0.0,0.08333333333333333,0.2608695652173913,0.0,0.0,0.0,0.0,0.25,0.08695652173913043,0.0
11917,Calvin Cooper,786,0.07,2027.0,2027.0,0.0,Indie Folk,Solo,0,1,1,0.0,2,6,0.0,0,1,1,1,0,2,1,0.25,0.0,0.5,0,1,0.0,0.08333333333333333,0.2608695652173913,0.0,0.0,0.0,0.0,0.25,0.08695652173913043,0.0
11919,Xiuying Xu,786,0.07,2027.0,2027.0,0.0,Indie Folk,Solo,0,1,1,0.0,2,6,0.0,0,1,1,1,0,2,1,0.25,0.0,0.5,0,1,0.0,0.08333333333333333,0.2608695652173913,0.0,0.0,0.0,0.0,0.25,0.08695652173913043,0.0
11921,Lei Jin,786,0.07,2027.0,2027.0,0.0,Indie Folk,Solo,0,1,1,0.0,2,6,0.0,0,1,1,1,0,2,1,0.25,0.0,0.5,0,1,0.0,0.08333333333333333,0.2608695652173913,0.0,0.0,0.0,0.0,0.25,0.08695652173913043,0.0
15692,Juan Zhong,786,0.07,2029.0,2029.0,0.0,Psychedelic Rock,Solo,0,1,1,0.0,2,6,0.0,0,1,1,1,0,2,1,0.0,0.0,0.0,0,0,0.0,0.08333333333333333,0.2608695652173913,0.0,0.0,0.0,0.0,0.25,0.08695652173913043,0.0
15693,Wei Tian,786,0.07,2029.0,2029.0,0.0,Psychedelic Rock,Solo,0,1,1,0.0,2,6,0.0,0,1,1,1,0,2,1,0.0,0.0,0.0,0,0,0.0,0.08333333333333333,0.2608695652173913,0.0,0.0,0.0,0.0,0.25,0.08695652173913043,0.0
12166,Li Pan,821,0.0698,2030.0,2030.0,0.0,Dream Pop,Solo,0,1,1,0.0,3,3,0.0,1,1,1,1,0,3,2,0.0,0.0,0.0,0,0,0.0,0.125,0.13043478260869565,0.0,0.0,0.047619047619047616,0.0,0.25,0.13043478260869565,0.5
14445,Guiying Fan,821,0.0698,2030.0,2030.0,0.0,Indie Folk,Solo,0,1,1,0.0,3,3,0.0,1,1,1,1,0,3,2,0.3333,0.0,0.6666666666666666,0,2,0.0,0.125,0.13043478260869565,0.0,0.0,0.047619047619047616,0.0,0.25,0.13043478260869565,0.5
17340,Orla Seabloom,823,0.0697,2029.0,2029.0,0.0,Oceanus Folk,Solo,0,8,8,0.0,7,0,0.0,0,1,0,0,0,7,2,0.5,1.0,0.0,8,0,0.0,0.29166666666666663,0.0,0.0,0.0,0.0,0.0,0.0,0.30434782608695654,0.5
12222,Tracy Camacho,824,0.0696,2030.0,2030.0,0.0,Dream Pop,Solo,0,1,1,0.0,1,6,0.0,1,1,1,1,0,1,2,0.0,0.0,0.0,0,0,0.0,0.041666666666666664,0.2608695652173913,0.0,0.0,0.047619047619047616,0.0,0.25,0.043478260869565216,0.5
10908,Wei Liang,825,0.0695,2028.0,2028.0,0.0,Dream Pop,Solo,0,1,1,0.0,5,3,0.0,0,1,0,0,0,5,2,0.2,0.0,0.4,0,2,0.0,0.20833333333333331,0.13043478260869565,0.0,0.0,0.0,0.0,0.0,0.21739130434782608,0.5
8548,Xiuying Wang,826,0.0692,2027.0,2027.0,0.0,Synthwave,Solo,0,1,1,0.0,3,6,0.0,0,1,0,0,0,3,2,0.0,0.0,0.0,0,0,0.0,0.125,0.2608695652173913,0.0,0.0,0.0,0.0,0.0,0.13043478260869565,0.5
8549,Yang Zhao,826,0.0692,2027.0,2027.0,0.0,Synthwave,Solo,0,1,1,0.0,3,6,0.0,0,1,0,0,0,3,2,0.0,0.0,0.0,0,0,0.0,0.125,0.2608695652173913,0.0,0.0,0.0,0.0,0.0,0.13043478260869565,0.5
907,Jun Jiang,828,0.0691,2029.0,2029.0,0.0,Dream Pop,Solo,0,1,1,0.0,4,2,0.0,0,1,1,1,0,4,2,0.0,0.0,0.0,0,0,0.0,0.16666666666666666,0.08695652173913043,0.0,0.0,0.0,0.0,0.25,0.17391304347826086,0.5
908,Juan Kang,828,0.0691,2029.0,2029.0,0.0,Dream Pop,Solo,0,1,1,0.0,4,2,0.0,0,1,1,1,0,4,2,0.0,0.0,0.0,0,0,0.0,0.16666666666666666,0.08695652173913043,0.0,0.0,0.0,0.0,0.25,0.17391304347826086,0.5
17256,Maya Jensen,828,0.0691,2033.0,2033.0,0.0,Oceanus Folk,Ivy Echos,0,1,1,0.30000000000000004,1,1,0.0,1,1,1,0,1,1,2,0.5,1.0,0.0,1,0,0.0,0.041666666666666664,0.043478260869565216,0.30000000000000004,0.0,0.047619047619047616,0.0,0.25,0.043478260869565216,0.5
687,Gang Chen,828,0.0691,2025.0,2025.0,0.0,Jazz Surf Rock,Solo,0,1,1,0.0,4,2,0.0,0,1,1,1,0,4,2,0.0,0.0,0.0,0,0,0.0,0.16666666666666666,0.08695652173913043,0.0,0.0,0.0,0.0,0.25,0.17391304347826086,0.5
7701,Harri Oderwald,832,0.0689,2026.0,2026.0,0.0,Indie Folk,Solo,0,1,1,0.0,2,5,0.0,0,1,1,1,0,2,2,0.0,0.0,0.0,0,0,0.0,0.08333333333333333,0.21739130434782608,0.0,0.0,0.0,0.0,0.25,0.08695652173913043,0.5
12745, DA STORM,832,0.0689,2030.0,2030.0,0.0,Synthwave,Solo,0,1,1,0.0,2,5,0.0,0,1,1,1,0,2,2,0.5,0.0,1.0,0,2,0.0,0.08333333333333333,0.21739130434782608,0.0,0.0,0.0,0.0,0.25,0.08695652173913043,0.5
12305,Yang He,832,0.0689,2026.0,2026.0,0.0,Synthwave,Solo,0,1,1,0.0,2,5,0.0,0,1,1,1,0,2,2,0.0,0.0,0.0,0,0,0.0,0.08333333333333333,0.21739130434782608,0.0,0.0,0.0,0.0,0.25,0.08695652173913043,0.5
12303,Fang Xiao,832,0.0689,2026.0,2026.0,0.0,Synthwave,Solo,0,1,1,0.0,2,5,0.0,0,1,1,1,0,2,2,0.0,0.0,0.0,0,0,0.0,0.08333333333333333,0.21739130434782608,0.0,0.0,0.0,0.0,0.25,0.08695652173913043,0.5
353,Li Zheng,832,0.0689,2028.0,2028.0,0.0,Americana,Solo,0,1,1,0.0,2,5,0.0,0,1,1,1,0,2,2,0.0,0.0,0.0,0,0,0.0,0.08333333333333333,0.21739130434782608,0.0,0.0,0.0,0.0,0.25,0.08695652173913043,0.5
4246,Juan Mo,837,0.0688,2025.0,2027.0,2.0,Psychedelic Rock,Solo,0,2,2,0.0,3,4,0.017499999999999998,0,1,1,1,0,3,1,0.0,0.0,0.0,0,0,0.0,0.125,0.17391304347826086,0.0,0.017499999999999998,0.0,0.0,0.25,0.13043478260869565,0.0
4245,Ping Zhou,837,0.0688,2025.0,2027.0,2.0,Psychedelic Rock,Solo,0,2,2,0.0,3,4,0.017499999999999998,0,1,1,1,0,3,1,0.0,0.0,0.0,0,0,0.0,0.125,0.17391304347826086,0.0,0.017499999999999998,0.0,0.0,0.25,0.13043478260869565,0.0
4244,Lei Bai,837,0.0688,2025.0,2027.0,2.0,Psychedelic Rock,Solo,0,2,2,0.0,3,4,0.017499999999999998,0,1,1,1,0,3,1,0.0,0.0,0.0,0,0,0.0,0.125,0.17391304347826086,0.0,0.017499999999999998,0.0,0.0,0.25,0.13043478260869565,0.0
9865,Ping Guo,840,0.0685,2026.0,2026.0,0.0,Desert Rock,Solo,0,1,1,0.0,4,3,0.0,0,1,1,1,0,3,1,0.375,0.0,0.75,0,3,0.0,0.16666666666666666,0.13043478260869565,0.0,0.0,0.0,0.0,0.25,0.13043478260869565,0.0
9864,Ping Qian,840,0.0685,2026.0,2026.0,0.0,Desert Rock,Solo,0,1,1,0.0,4,3,0.0,0,1,1,1,0,3,1,0.375,0.0,0.75,0,3,0.0,0.16666666666666666,0.13043478260869565,0.0,0.0,0.0,0.0,0.25,0.13043478260869565,0.0
11585,Li Cheng,842,0.0683,2030.0,2030.0,0.0,Synthwave,Solo,0,1,1,0.0,2,6,0.0,0,1,1,1,0,1,1,0.0,0.0,0.0,0,0,0.0,0.08333333333333333,0.2608695652173913,0.0,0.0,0.0,0.0,0.25,0.043478260869565216,0.0
11584,Echo Reverie,842,0.0683,2030.0,2030.0,0.0,Synthwave,Solo,0,1,1,0.0,2,6,0.0,0,1,1,1,0,1,1,0.0,0.0,0.0,0,0,0.0,0.08333333333333333,0.2608695652173913,0.0,0.0,0.0,0.0,0.25,0.043478260869565216,0.0
16170,Gang Chen,842,0.0683,2026.0,2026.0,0.0,Synthwave,Solo,0,1,1,0.0,2,6,0.0,0,1,1,1,0,1,1,0.0,0.0,0.0,0,0,0.0,0.08333333333333333,0.2608695652173913,0.0,0.0,0.0,0.0,0.25,0.043478260869565216,0.0
16169,Thomas Gray,842,0.0683,2026.0,2026.0,0.0,Synthwave,Solo,0,1,1,0.0,2,6,0.0,0,1,1,1,0,1,1,0.0,0.0,0.0,0,0,0.0,0.08333333333333333,0.2608695652173913,0.0,0.0,0.0,0.0,0.25,0.043478260869565216,0.0
16168,Jing Liao,842,0.0683,2026.0,2026.0,0.0,Synthwave,Solo,0,1,1,0.0,2,6,0.0,0,1,1,1,0,1,1,0.0,0.0,0.0,0,0,0.0,0.08333333333333333,0.2608695652173913,0.0,0.0,0.0,0.0,0.25,0.043478260869565216,0.0
12474,Chao Wei,842,0.0683,2026.0,2026.0,0.0,Synthwave,Solo,0,1,1,0.0,2,6,0.0,0,1,1,1,0,1,1,0.0,0.0,0.0,0,0,0.0,0.08333333333333333,0.2608695652173913,0.0,0.0,0.0,0.0,0.25,0.043478260869565216,0.0
4508,Edward Siering,848,0.0681,2026.0,2028.0,2.0,Darkwave,Solo,0,2,2,0.0,2,4,0.052500000000000005,0,1,1,1,0,2,2,0.0,0.0,0.0,0,0,0.0,0.08333333333333333,0.17391304347826086,0.0,0.052500000000000005,0.0,0.0,0.25,0.08695652173913043,0.5
7989,Fabian Dłubak,849,0.068,2025.0,2025.0,0.0,Avant-Garde Folk,Solo,0,1,1,0.0,4,1,0.0,0,1,1,1,0,4,3,0.0,0.0,0.0,0,0,0.0,0.16666666666666666,0.043478260869565216,0.0,0.0,0.0,0.0,0.25,0.17391304347826086,1.0
7659,Morgan Shelton,850,0.0679,2031.0,2031.0,0.0,Alternative Rock,Solo,0,1,1,0.0,4,2,0.0,1,1,1,1,0,4,1,0.0,0.0,0.0,0,0,0.0,0.16666666666666666,0.08695652173913043,0.0,0.0,0.047619047619047616,0.0,0.25,0.17391304347826086,0.0
7660,Ryan Morales,850,0.0679,2031.0,2031.0,0.0,Alternative Rock,Solo,0,1,1,0.0,4,2,0.0,1,1,1,1,0,4,1,0.0,0.0,0.0,0,0,0.0,0.16666666666666666,0.08695652173913043,0.0,0.0,0.047619047619047616,0.0,0.25,0.17391304347826086,0.0
16428,Severo Gimenez Ródenas,852,0.0674,2026.0,2026.0,0.0,Doom Metal,Solo,0,1,1,0.0,4,5,0.0,0,1,0,0,0,4,1,0.0,0.0,0.0,0,0,0.0,0.16666666666666666,0.21739130434782608,0.0,0.0,0.0,0.0,0.0,0.17391304347826086,0.0
16426,Aroa Coca,852,0.0674,2026.0,2026.0,0.0,Doom Metal,Solo,0,1,1,0.0,4,5,0.0,0,1,0,0,0,4,1,0.0,0.0,0.0,0,0,0.0,0.16666666666666666,0.21739130434782608,0.0,0.0,0.0,0.0,0.0,0.17391304347826086,0.0
7091,Jie Zhang,852,0.0674,2028.0,2028.0,0.0,Dream Pop,Solo,0,1,1,0.0,4,5,0.0,0,1,0,0,0,4,1,0.0,0.0,0.0,0,0,0.0,0.16666666666666666,0.21739130434782608,0.0,0.0,0.0,0.0,0.0,0.17391304347826086,0.0
6288,Gang Zeng,852,0.0674,2028.0,2028.0,0.0,Darkwave,Solo,0,1,1,0.0,4,2,0.0,0,1,1,1,0,3,2,0.0,0.0,0.0,0,0,0.0,0.16666666666666666,0.08695652173913043,0.0,0.0,0.0,0.0,0.25,0.13043478260869565,0.5
16425,Ibán Salazar,852,0.0674,2026.0,2026.0,0.0,Doom Metal,Solo,0,1,1,0.0,4,5,0.0,0,1,0,0,0,4,1,0.0,0.0,0.0,0,0,0.0,0.16666666666666666,0.21739130434782608,0.0,0.0,0.0,0.0,0.0,0.17391304347826086,0.0
7493,Tao Bai,852,0.0674,2027.0,2027.0,0.0,Space Rock,Solo,0,0,1,0.0,4,2,0.0,0,1,1,1,0,3,2,0.25,0.0,0.5,0,2,0.0,0.16666666666666666,0.08695652173913043,0.0,0.0,0.0,0.0,0.25,0.13043478260869565,0.5
15123,Tao Hou,858,0.0673,2026.0,2026.0,0.0,Post-Apocalyptic Folk,Solo,0,1,1,0.0,5,1,0.0,0,1,1,1,0,5,1,0.0,0.0,0.0,0,0,0.0,0.20833333333333331,0.043478260869565216,0.0,0.0,0.0,0.0,0.25,0.21739130434782608,0.0
7149,Li Huang,858,0.0673,2029.0,2029.0,0.0,Oceanus Folk,Solo,0,0,1,0.0,5,1,0.0,0,1,1,1,0,5,1,0.8,1.0,0.6,1,3,0.0,0.20833333333333331,0.043478260869565216,0.0,0.0,0.0,0.0,0.25,0.21739130434782608,0.0
15125,Xia Yang,858,0.0673,2026.0,2026.0,0.0,Post-Apocalyptic Folk,Solo,0,1,1,0.0,5,1,0.0,0,1,1,1,0,5,1,0.0,0.0,0.0,0,0,0.0,0.20833333333333331,0.043478260869565216,0.0,0.0,0.0,0.0,0.25,0.21739130434782608,0.0
4113,Ping Song,858,0.0673,2029.0,2029.0,0.0,Symphonic Metal,Solo,0,1,1,0.0,5,1,0.0,0,1,1,1,0,5,1,0.0,0.0,0.0,0,0,0.0,0.20833333333333331,0.043478260869565216,0.0,0.0,0.0,0.0,0.25,0.21739130434782608,0.0
13322,Danielle Martin,858,0.0673,2025.0,2025.0,0.0,Psychedelic Rock,Solo,0,1,1,0.0,5,1,0.0,0,1,1,1,0,5,1,0.0,0.0,0.0,0,0,0.0,0.20833333333333331,0.043478260869565216,0.0,0.0,0.0,0.0,0.25,0.21739130434782608,0.0
4114,Juan Xia,858,0.0673,2029.0,2029.0,0.0,Symphonic Metal,Solo,0,1,1,0.0,5,1,0.0,0,1,1,1,0,5,1,0.0,0.0,0.0,0,0,0.0,0.20833333333333331,0.043478260869565216,0.0,0.0,0.0,0.0,0.25,0.21739130434782608,0.0
4369,Manuel Morrison,858,0.0673,2029.0,2029.0,0.0,Lo-Fi Electronica,Solo,0,1,1,0.0,5,1,0.0,0,1,1,1,0,5,1,0.0,0.0,0.0,0,0,0.0,0.20833333333333331,0.043478260869565216,0.0,0.0,0.0,0.0,0.25,0.21739130434782608,0.0
2962,Hannah Hopkins,858,0.0673,2028.0,2028.0,0.0,Dream Pop,Solo,0,1,1,0.0,5,1,0.0,0,1,1,1,0,5,1,0.0,0.0,0.0,0,0,0.0,0.20833333333333331,0.043478260869565216,0.0,0.0,0.0,0.0,0.25,0.21739130434782608,0.0
7151,Yong Ye,858,0.0673,2029.0,2029.0,0.0,Oceanus Folk,Solo,0,0,1,0.0,5,1,0.0,0,1,1,1,0,5,1,0.8,1.0,0.6,1,3,0.0,0.20833333333333331,0.043478260869565216,0.0,0.0,0.0,0.0,0.25,0.21739130434782608,0.0
7150,Qiang Luo,858,0.0673,2029.0,2029.0,0.0,Oceanus Folk,Solo,0,0,1,0.0,5,1,0.0,0,1,1,1,0,5,1,0.8,1.0,0.6,1,3,0.0,0.20833333333333331,0.043478260869565216,0.0,0.0,0.0,0.0,0.25,0.21739130434782608,0.0
13769,Ming Hou,868,0.0672,2027.0,2027.0,0.0,Dream Pop,Solo,0,1,1,0.0,2,5,0.0,0,1,1,1,0,1,2,0.25,0.0,0.5,0,1,0.0,0.08333333333333333,0.21739130434782608,0.0,0.0,0.0,0.0,0.25,0.043478260869565216,0.5
6460,Tao Liu,868,0.0672,2027.0,2027.0,0.0,Dream Pop,Solo,0,1,1,0.0,2,8,0.0,0,1,0,0,0,2,1,0.0,0.0,0.0,0,0,0.0,0.08333333333333333,0.34782608695652173,0.0,0.0,0.0,0.0,0.0,0.08695652173913043,0.0
6457,Ming Cheng,868,0.0672,2027.0,2027.0,0.0,Dream Pop,Solo,0,1,1,0.0,2,8,0.0,0,1,0,0,0,2,1,0.0,0.0,0.0,0,0,0.0,0.08333333333333333,0.34782608695652173,0.0,0.0,0.0,0.0,0.0,0.08695652173913043,0.0
15942,Na Peng,871,0.0671,2027.0,2027.0,0.0,Dream Pop,Solo,0,1,1,0.0,3,4,0.0,0,1,1,1,0,3,1,0.3333,0.0,0.6666666666666666,0,2,0.0,0.125,0.17391304347826086,0.0,0.0,0.0,0.0,0.25,0.13043478260869565,0.0
3737,Mary Boyd,871,0.0671,2030.0,2030.0,0.0,Synthwave,Solo,0,1,1,0.0,3,4,0.0,0,1,1,1,0,3,1,0.0,0.0,0.0,0,0,0.0,0.125,0.17391304347826086,0.0,0.0,0.0,0.0,0.25,0.13043478260869565,0.0
12841,Yan Qiu,871,0.0671,2027.0,2027.0,0.0,Indie Folk,Solo,0,0,1,0.0,3,4,0.0,0,1,1,1,0,3,1,0.0,0.0,0.0,0,0,0.0,0.125,0.17391304347826086,0.0,0.0,0.0,0.0,0.25,0.13043478260869565,0.0
3738,Gang Duan,871,0.0671,2030.0,2030.0,0.0,Synthwave,Solo,0,1,1,0.0,3,4,0.0,0,1,1,1,0,3,1,0.0,0.0,0.0,0,0,0.0,0.125,0.17391304347826086,0.0,0.0,0.0,0.0,0.25,0.13043478260869565,0.0
7375,Maria Morris,871,0.0671,2028.0,2028.0,0.0,Dream Pop,Solo,0,1,1,0.0,3,4,0.0,0,1,1,1,0,3,1,0.0,0.0,0.0,0,0,0.0,0.125,0.17391304347826086,0.0,0.0,0.0,0.0,0.25,0.13043478260869565,0.0
6598,Yan Liu,871,0.0671,2029.0,2029.0,0.0,Dream Pop,Solo,0,1,1,0.0,3,4,0.0,0,1,1,1,0,3,1,0.0,0.0,0.0,0,0,0.0,0.125,0.17391304347826086,0.0,0.0,0.0,0.0,0.25,0.13043478260869565,0.0
6599,Jun Du,871,0.0671,2029.0,2029.0,0.0,Dream Pop,Solo,0,1,1,0.0,3,4,0.0,0,1,1,1,0,3,1,0.0,0.0,0.0,0,0,0.0,0.125,0.17391304347826086,0.0,0.0,0.0,0.0,0.25,0.13043478260869565,0.0
3739,Wei Long,871,0.0671,2030.0,2030.0,0.0,Synthwave,Solo,0,1,1,0.0,3,4,0.0,0,1,1,1,0,3,1,0.0,0.0,0.0,0,0,0.0,0.125,0.17391304347826086,0.0,0.0,0.0,0.0,0.25,0.13043478260869565,0.0
6602,Qiang Wu,871,0.0671,2029.0,2029.0,0.0,Dream Pop,Solo,0,1,1,0.0,3,4,0.0,0,1,1,1,0,3,1,0.0,0.0,0.0,0,0,0.0,0.125,0.17391304347826086,0.0,0.0,0.0,0.0,0.25,0.13043478260869565,0.0
13261,Chao Shao,871,0.0671,2027.0,2027.0,0.0,Indie Folk,Solo,0,1,1,0.0,3,4,0.0,0,1,1,1,0,3,1,0.1667,0.0,0.3333333333333333,0,1,0.0,0.125,0.17391304347826086,0.0,0.0,0.0,0.0,0.25,0.13043478260869565,0.0
15938, Lola Fox,871,0.0671,2027.0,2027.0,0.0,Dream Pop,Solo,0,1,1,0.0,3,4,0.0,0,1,1,1,0,3,1,0.3333,0.0,0.6666666666666666,0,2,0.0,0.125,0.17391304347826086,0.0,0.0,0.0,0.0,0.25,0.13043478260869565,0.0
15939, FVRE,871,0.0671,2027.0,2027.0,0.0,Dream Pop,Solo,0,1,1,0.0,3,4,0.0,0,1,1,1,0,3,1,0.3333,0.0,0.6666666666666666,0,2,0.0,0.125,0.17391304347826086,0.0,0.0,0.0,0.0,0.25,0.13043478260869565,0.0
7376,Sharon Crawford,871,0.0671,2028.0,2028.0,0.0,Dream Pop,Solo,0,1,1,0.0,3,4,0.0,0,1,1,1,0,3,1,0.0,0.0,0.0,0,0,0.0,0.125,0.17391304347826086,0.0,0.0,0.0,0.0,0.25,0.13043478260869565,0.0
7377,Michelle Anderson,871,0.0671,2028.0,2028.0,0.0,Dream Pop,Solo,0,1,1,0.0,3,4,0.0,0,1,1,1,0,3,1,0.0,0.0,0.0,0,0,0.0,0.125,0.17391304347826086,0.0,0.0,0.0,0.0,0.25,0.13043478260869565,0.0
7378,Dylan Williams,871,0.0671,2028.0,2028.0,0.0,Dream Pop,Solo,0,1,1,0.0,3,4,0.0,0,1,1,1,0,3,1,0.0,0.0,0.0,0,0,0.0,0.125,0.17391304347826086,0.0,0.0,0.0,0.0,0.25,0.13043478260869565,0.0
16089,Tao Yao,871,0.0671,2027.0,2027.0,0.0,Doom Metal,Solo,0,1,1,0.0,3,4,0.0,0,1,1,1,0,3,1,0.0,0.0,0.0,0,0,0.0,0.125,0.17391304347826086,0.0,0.0,0.0,0.0,0.25,0.13043478260869565,0.0
16088,Li Fu,871,0.0671,2027.0,2027.0,0.0,Doom Metal,Solo,0,1,1,0.0,3,4,0.0,0,1,1,1,0,3,1,0.0,0.0,0.0,0,0,0.0,0.125,0.17391304347826086,0.0,0.0,0.0,0.0,0.25,0.13043478260869565,0.0
15940,Gang Lin,871,0.0671,2027.0,2027.0,0.0,Dream Pop,Solo,0,1,1,0.0,3,4,0.0,0,1,1,1,0,3,1,0.3333,0.0,0.6666666666666666,0,2,0.0,0.125,0.17391304347826086,0.0,0.0,0.0,0.0,0.25,0.13043478260869565,0.0
16375,Xylo,871,0.0671,2029.0,2029.0,0.0,Dream Pop,Solo,0,1,1,0.0,3,4,0.0,0,1,1,1,0,3,1,0.0,0.0,0.0,0,0,0.0,0.125,0.17391304347826086,0.0,0.0,0.0,0.0,0.25,0.13043478260869565,0.0
16376,Gatik Thaker,871,0.0671,2029.0,2029.0,0.0,Dream Pop,Solo,0,1,1,0.0,3,4,0.0,0,1,1,1,0,3,1,0.0,0.0,0.0,0,0,0.0,0.125,0.17391304347826086,0.0,0.0,0.0,0.0,0.25,0.13043478260869565,0.0
3735,Qiang Zheng,871,0.0671,2030.0,2030.0,0.0,Synthwave,Solo,0,1,1,0.0,3,4,0.0,0,1,1,1,0,3,1,0.0,0.0,0.0,0,0,0.0,0.125,0.17391304347826086,0.0,0.0,0.0,0.0,0.25,0.13043478260869565,0.0
16377,Gatik Gandhi,871,0.0671,2029.0,2029.0,0.0,Dream Pop,Solo,0,1,1,0.0,3,4,0.0,0,1,1,1,0,3,1,0.0,0.0,0.0,0,0,0.0,0.125,0.17391304347826086,0.0,0.0,0.0,0.0,0.25,0.13043478260869565,0.0
324,Samantha Padilla,871,0.0671,2025.0,2025.0,0.0,Space Rock,Solo,0,1,1,0.0,3,4,0.0,0,1,1,1,0,3,1,0.0,0.0,0.0,0,0,0.0,0.125,0.17391304347826086,0.0,0.0,0.0,0.0,0.25,0.13043478260869565,0.0
325,Ryan Pollard,871,0.0671,2025.0,2025.0,0.0,Space Rock,Solo,0,1,1,0.0,3,4,0.0,0,1,1,1,0,3,1,0.0,0.0,0.0,0,0,0.0,0.125,0.17391304347826086,0.0,0.0,0.0,0.0,0.25,0.13043478260869565,0.0
13936,Qiang Yan,871,0.0671,2026.0,2026.0,0.0,Indie Folk,Solo,0,1,1,0.0,3,4,0.0,0,1,1,1,0,3,1,0.0,0.0,0.0,0,0,0.0,0.125,0.17391304347826086,0.0,0.0,0.0,0.0,0.25,0.13043478260869565,0.0
326,Laura Davis,871,0.0671,2025.0,2025.0,0.0,Space Rock,Solo,0,1,1,0.0,3,4,0.0,0,1,1,1,0,3,1,0.0,0.0,0.0,0,0,0.0,0.125,0.17391304347826086,0.0,0.0,0.0,0.0,0.25,0.13043478260869565,0.0
13938,Yang Xie,871,0.0671,2026.0,2026.0,0.0,Indie Folk,Solo,0,1,1,0.0,3,4,0.0,0,1,1,1,0,3,1,0.0,0.0,0.0,0,0,0.0,0.125,0.17391304347826086,0.0,0.0,0.0,0.0,0.25,0.13043478260869565,0.0
13935,Jun Chen,871,0.0671,2026.0,2026.0,0.0,Indie Folk,Solo,0,1,1,0.0,3,4,0.0,0,1,1,1,0,3,1,0.0,0.0,0.0,0,0,0.0,0.125,0.17391304347826086,0.0,0.0,0.0,0.0,0.25,0.13043478260869565,0.0
8554,Xiuying Xia,871,0.0671,2029.0,2029.0,0.0,Indie Folk,Solo,0,1,1,0.0,3,4,0.0,0,1,1,1,0,3,1,0.0,0.0,0.0,0,0,0.0,0.125,0.17391304347826086,0.0,0.0,0.0,0.0,0.25,0.13043478260869565,0.0
8556,Jun Qin,871,0.0671,2029.0,2029.0,0.0,Indie Folk,Solo,0,1,1,0.0,3,4,0.0,0,1,1,1,0,3,1,0.0,0.0,0.0,0,0,0.0,0.125,0.17391304347826086,0.0,0.0,0.0,0.0,0.25,0.13043478260869565,0.0
12838, Star XV,871,0.0671,2027.0,2027.0,0.0,Indie Folk,Solo,0,0,1,0.0,3,4,0.0,0,1,1,1,0,3,1,0.0,0.0,0.0,0,0,0.0,0.125,0.17391304347826086,0.0,0.0,0.0,0.0,0.25,0.13043478260869565,0.0
7962,Xia Su,871,0.0671,2026.0,2026.0,0.0,Synthwave,Solo,0,1,1,0.0,3,4,0.0,0,1,1,1,0,3,1,0.0,0.0,0.0,0,0,0.0,0.125,0.17391304347826086,0.0,0.0,0.0,0.0,0.25,0.13043478260869565,0.0
323,Janice Fuentes,871,0.0671,2025.0,2025.0,0.0,Space Rock,Solo,0,1,1,0.0,3,4,0.0,0,1,1,1,0,3,1,0.0,0.0,0.0,0,0,0.0,0.125,0.17391304347826086,0.0,0.0,0.0,0.0,0.25,0.13043478260869565,0.0
7953,Paloma Merisi,871,0.0671,2029.0,2029.0,0.0,Dream Pop,Solo,0,1,1,0.0,3,4,0.0,0,1,1,1,0,3,1,0.0,0.0,0.0,0,0,0.0,0.125,0.17391304347826086,0.0,0.0,0.0,0.0,0.25,0.13043478260869565,0.0
7952,Donatello Schiaparelli,871,0.0671,2029.0,2029.0,0.0,Dream Pop,Solo,0,1,1,0.0,3,4,0.0,0,1,1,1,0,3,1,0.0,0.0,0.0,0,0,0.0,0.125,0.17391304347826086,0.0,0.0,0.0,0.0,0.25,0.13043478260869565,0.0
12314,Xia Han,871,0.0671,2025.0,2025.0,0.0,Dream Pop,Solo,0,1,1,0.0,3,4,0.0,0,1,1,1,0,3,1,0.0,0.0,0.0,0,0,0.0,0.125,0.17391304347826086,0.0,0.0,0.0,0.0,0.25,0.13043478260869565,0.0
7951,Sonia Innocenti-Gasperi,871,0.0671,2029.0,2029.0,0.0,Dream Pop,Solo,0,1,1,0.0,3,4,0.0,0,1,1,1,0,3,1,0.0,0.0,0.0,0,0,0.0,0.125,0.17391304347826086,0.0,0.0,0.0,0.0,0.25,0.13043478260869565,0.0
7950,Fernanda Lamborghini,871,0.0671,2029.0,2029.0,0.0,Dream Pop,Solo,0,1,1,0.0,3,4,0.0,0,1,1,1,0,3,1,0.0,0.0,0.0,0,0,0.0,0.125,0.17391304347826086,0.0,0.0,0.0,0.0,0.25,0.13043478260869565,0.0
10164,Jing Gong,871,0.0671,2028.0,2028.0,0.0,Indie Folk,Solo,0,1,1,0.0,3,4,0.0,0,1,1,1,0,3,1,0.3333,0.0,0.6666666666666666,0,2,0.0,0.125,0.17391304347826086,0.0,0.0,0.0,0.0,0.25,0.13043478260869565,0.0
10162,Tao Xu,871,0.0671,2028.0,2028.0,0.0,Indie Folk,Solo,0,1,1,0.0,3,4,0.0,0,1,1,1,0,3,1,0.3333,0.0,0.6666666666666666,0,2,0.0,0.125,0.17391304347826086,0.0,0.0,0.0,0.0,0.25,0.13043478260869565,0.0
10161,Guiying Dai,871,0.0671,2028.0,2028.0,0.0,Indie Folk,Solo,0,1,1,0.0,3,4,0.0,0,1,1,1,0,3,1,0.3333,0.0,0.6666666666666666,0,2,0.0,0.125,0.17391304347826086,0.0,0.0,0.0,0.0,0.25,0.13043478260869565,0.0
3736,Fang Han,871,0.0671,2030.0,2030.0,0.0,Synthwave,Solo,0,1,1,0.0,3,4,0.0,0,1,1,1,0,3,1,0.0,0.0,0.0,0,0,0.0,0.125,0.17391304347826086,0.0,0.0,0.0,0.0,0.25,0.13043478260869565,0.0
16379,Jayan Chawla,871,0.0671,2029.0,2029.0,0.0,Dream Pop,Solo,0,1,1,0.0,3,4,0.0,0,1,1,1,0,3,1,0.0,0.0,0.0,0,0,0.0,0.125,0.17391304347826086,0.0,0.0,0.0,0.0,0.25,0.13043478260869565,0.0
16378,Indrajit Halder,871,0.0671,2029.0,2029.0,0.0,Dream Pop,Solo,0,1,1,0.0,3,4,0.0,0,1,1,1,0,3,1,0.0,0.0,0.0,0,0,0.0,0.125,0.17391304347826086,0.0,0.0,0.0,0.0,0.25,0.13043478260869565,0.0
12315,Yan Ren,871,0.0671,2025.0,2025.0,0.0,Dream Pop,Solo,0,1,1,0.0,3,4,0.0,0,1,1,1,0,3,1,0.0,0.0,0.0,0,0,0.0,0.125,0.17391304347826086,0.0,0.0,0.0,0.0,0.25,0.13043478260869565,0.0
322,Kelly Long,871,0.0671,2025.0,2025.0,0.0,Space Rock,Solo,0,1,1,0.0,3,4,0.0,0,1,1,1,0,3,1,0.0,0.0,0.0,0,0,0.0,0.125,0.17391304347826086,0.0,0.0,0.0,0.0,0.25,0.13043478260869565,0.0
11397,Lucas Jose Manuel Arnaiz Pinedo,917,0.0668,2029.0,2029.0,0.0,Darkwave,Solo,0,1,1,0.0,1,7,0.0,0,1,1,1,0,1,1,0.0,0.0,0.0,0,0,0.0,0.041666666666666664,0.30434782608695654,0.0,0.0,0.0,0.0,0.25,0.043478260869565216,0.0
9785,Qiang Pan,917,0.0668,2029.0,2029.0,0.0,Dream Pop,Solo,0,1,1,0.0,1,7,0.0,0,1,1,1,0,1,1,0.5,0.0,1.0,0,1,0.0,0.041666666666666664,0.30434782608695654,0.0,0.0,0.0,0.0,0.25,0.043478260869565216,0.0
9784,Guiying Wu,917,0.0668,2029.0,2029.0,0.0,Dream Pop,Solo,0,1,1,0.0,1,7,0.0,0,1,1,1,0,1,1,0.5,0.0,1.0,0,1,0.0,0.041666666666666664,0.30434782608695654,0.0,0.0,0.0,0.0,0.25,0.043478260869565216,0.0
11398,Sara Estefanía Acedo Caro,917,0.0668,2029.0,2029.0,0.0,Darkwave,Solo,0,1,1,0.0,1,7,0.0,0,1,1,1,0,1,1,0.0,0.0,0.0,0,0,0.0,0.041666666666666664,0.30434782608695654,0.0,0.0,0.0,0.0,0.25,0.043478260869565216,0.0
9783,Ping Ma,917,0.0668,2029.0,2029.0,0.0,Dream Pop,Solo,0,1,1,0.0,1,7,0.0,0,1,1,1,0,1,1,0.5,0.0,1.0,0,1,0.0,0.041666666666666664,0.30434782608695654,0.0,0.0,0.0,0.0,0.25,0.043478260869565216,0.0
5752, The Vector,917,0.0668,2025.0,2025.0,0.0,Dream Pop,Solo,0,1,1,0.0,1,7,0.0,0,1,1,1,0,1,1,0.0,0.0,0.0,0,0,0.0,0.041666666666666664,0.30434782608695654,0.0,0.0,0.0,0.0,0.25,0.043478260869565216,0.0
9782,Karen Munoz,917,0.0668,2029.0,2029.0,0.0,Dream Pop,Solo,0,1,1,0.0,1,7,0.0,0,1,1,1,0,1,1,0.5,0.0,1.0,0,1,0.0,0.041666666666666664,0.30434782608695654,0.0,0.0,0.0,0.0,0.25,0.043478260869565216,0.0
3829,Li Zou,917,0.0668,2025.0,2025.0,0.0,Oceanus Folk,Solo,0,1,1,0.0,1,7,0.0,0,1,1,1,0,1,1,1.0,1.0,1.0,1,1,0.0,0.041666666666666664,0.30434782608695654,0.0,0.0,0.0,0.0,0.25,0.043478260869565216,0.0
5760,Kimberly Jordan,917,0.0668,2025.0,2025.0,0.0,Dream Pop,Solo,0,1,1,0.0,1,7,0.0,0,1,1,1,0,1,1,0.0,0.0,0.0,0,0,0.0,0.041666666666666664,0.30434782608695654,0.0,0.0,0.0,0.0,0.25,0.043478260869565216,0.0
3832,Gang Yin,917,0.0668,2025.0,2025.0,0.0,Oceanus Folk,Solo,0,1,1,0.0,1,7,0.0,0,1,1,1,0,1,1,1.0,1.0,1.0,1,1,0.0,0.041666666666666664,0.30434782608695654,0.0,0.0,0.0,0.0,0.25,0.043478260869565216,0.0
3834,Gang Zhang,917,0.0668,2025.0,2025.0,0.0,Oceanus Folk,Solo,0,1,1,0.0,1,7,0.0,0,1,1,1,0,1,1,1.0,1.0,1.0,1,1,0.0,0.041666666666666664,0.30434782608695654,0.0,0.0,0.0,0.0,0.25,0.043478260869565216,0.0
3836,Na Zou,917,0.0668,2025.0,2025.0,0.0,Oceanus Folk,Solo,0,1,1,0.0,1,7,0.0,0,1,1,1,0,1,1,1.0,1.0,1.0,1,1,0.0,0.041666666666666664,0.30434782608695654,0.0,0.0,0.0,0.0,0.25,0.043478260869565216,0.0
11396,Dusk Static,917,0.0668,2029.0,2029.0,0.0,Darkwave,Solo,0,1,1,0.0,1,7,0.0,0,1,1,1,0,1,1,0.0,0.0,0.0,0,0,0.0,0.041666666666666664,0.30434782608695654,0.0,0.0,0.0,0.0,0.25,0.043478260869565216,0.0
5759,Marc Andersen,917,0.0668,2025.0,2025.0,0.0,Dream Pop,Solo,0,1,1,0.0,1,7,0.0,0,1,1,1,0,1,1,0.0,0.0,0.0,0,0,0.0,0.041666666666666664,0.30434782608695654,0.0,0.0,0.0,0.0,0.25,0.043478260869565216,0.0
5758,Brittany Strickland,917,0.0668,2025.0,2025.0,0.0,Dream Pop,Solo,0,1,1,0.0,1,7,0.0,0,1,1,1,0,1,1,0.0,0.0,0.0,0,0,0.0,0.041666666666666664,0.30434782608695654,0.0,0.0,0.0,0.0,0.25,0.043478260869565216,0.0
9781,Ryan Rodriguez,917,0.0668,2029.0,2029.0,0.0,Dream Pop,Solo,0,1,1,0.0,1,7,0.0,0,1,1,1,0,1,1,0.5,0.0,1.0,0,1,0.0,0.041666666666666664,0.30434782608695654,0.0,0.0,0.0,0.0,0.25,0.043478260869565216,0.0
5757,Samuel Ryan,917,0.0668,2025.0,2025.0,0.0,Dream Pop,Solo,0,1,1,0.0,1,7,0.0,0,1,1,1,0,1,1,0.0,0.0,0.0,0,0,0.0,0.041666666666666664,0.30434782608695654,0.0,0.0,0.0,0.0,0.25,0.043478260869565216,0.0
5753,Denise Fisher,917,0.0668,2025.0,2025.0,0.0,Dream Pop,Solo,0,1,1,0.0,1,7,0.0,0,1,1,1,0,1,1,0.0,0.0,0.0,0,0,0.0,0.041666666666666664,0.30434782608695654,0.0,0.0,0.0,0.0,0.25,0.043478260869565216,0.0
16272,Drew Green,917,0.0668,2029.0,2029.0,0.0,Dream Pop,Solo,0,1,1,0.0,1,7,0.0,0,1,1,1,0,1,1,0.0,0.0,0.0,0,0,0.0,0.041666666666666664,0.30434782608695654,0.0,0.0,0.0,0.0,0.25,0.043478260869565216,0.0
16273,Curtis Cooper,917,0.0668,2029.0,2029.0,0.0,Dream Pop,Solo,0,1,1,0.0,1,7,0.0,0,1,1,1,0,1,1,0.0,0.0,0.0,0,0,0.0,0.041666666666666664,0.30434782608695654,0.0,0.0,0.0,0.0,0.25,0.043478260869565216,0.0
5756,Kimberly Collins,917,0.0668,2025.0,2025.0,0.0,Dream Pop,Solo,0,1,1,0.0,1,7,0.0,0,1,1,1,0,1,1,0.0,0.0,0.0,0,0,0.0,0.041666666666666664,0.30434782608695654,0.0,0.0,0.0,0.0,0.25,0.043478260869565216,0.0
5755,Colleen Palmer,917,0.0668,2025.0,2025.0,0.0,Dream Pop,Solo,0,1,1,0.0,1,7,0.0,0,1,1,1,0,1,1,0.0,0.0,0.0,0,0,0.0,0.041666666666666664,0.30434782608695654,0.0,0.0,0.0,0.0,0.25,0.043478260869565216,0.0
3608,Isa Balotelli,939,0.0666,2030.0,2030.0,0.0,Dream Pop,Solo,0,1,1,0.0,2,4,0.0,1,1,1,1,0,2,2,0.0,0.0,0.0,0,0,0.0,0.08333333333333333,0.17391304347826086,0.0,0.0,0.047619047619047616,0.0,0.25,0.08695652173913043,0.5
8948,Jing Deng,940,0.0663,2029.0,2029.0,0.0,Speed Metal,Solo,0,1,1,0.0,4,1,0.0,0,1,1,1,0,3,3,0.0,0.0,0.0,0,0,0.0,0.16666666666666666,0.043478260869565216,0.0,0.0,0.0,0.0,0.25,0.13043478260869565,1.0
12695,Xiulan Du,940,0.0663,2029.0,2029.0,0.0,Dream Pop,Solo,0,1,1,0.0,4,4,0.0,0,1,0,0,0,4,2,0.0,0.0,0.0,0,0,0.0,0.16666666666666666,0.17391304347826086,0.0,0.0,0.0,0.0,0.0,0.17391304347826086,0.5
13032,Christopher Brown,942,0.0662,2028.0,2028.0,0.0,Darkwave,Solo,0,1,1,0.0,5,0,0.0,0,1,1,1,0,5,2,0.0,0.0,0.0,0,0,0.0,0.20833333333333331,0.0,0.0,0.0,0.0,0.0,0.25,0.21739130434782608,0.5
2835,Tao Huang,943,0.066,2026.0,2026.0,0.0,Synthpop,Solo,0,1,1,0.0,3,3,0.0,0,1,1,1,0,3,2,0.0,0.0,0.0,0,0,0.0,0.125,0.13043478260869565,0.0,0.0,0.0,0.0,0.25,0.13043478260869565,0.5
6858,Larry Miller,943,0.066,2026.0,2026.0,0.0,Indie Rock,Solo,0,1,1,0.0,3,3,0.0,0,1,1,1,0,3,2,0.0,0.0,0.0,0,0,0.0,0.125,0.13043478260869565,0.0,0.0,0.0,0.0,0.25,0.13043478260869565,0.5
8454,Carly Luna,943,0.066,2026.0,2026.0,0.0,Oceanus Folk,Solo,0,1,1,0.0,3,3,0.0,0,1,1,1,0,3,2,0.8333,1.0,0.6666666666666666,1,2,0.0,0.125,0.13043478260869565,0.0,0.0,0.0,0.0,0.25,0.13043478260869565,0.5
3230,Juan Wu,943,0.066,2029.0,2029.0,0.0,Dream Pop,Solo,0,1,1,0.0,3,3,0.0,0,1,1,1,0,3,2,0.0,0.0,0.0,0,0,0.0,0.125,0.13043478260869565,0.0,0.0,0.0,0.0,0.25,0.13043478260869565,0.5
4037,Juan Peng,947,0.0659,2028.0,2030.0,2.0,Desert Rock,Solo,0,2,2,0.0,4,2,0.017499999999999998,0,1,1,1,0,4,1,0.0,0.0,0.0,0,0,0.0,0.16666666666666666,0.08695652173913043,0.0,0.017499999999999998,0.0,0.0,0.25,0.17391304347826086,0.0
9396,Monica Dean,948,0.0658,2027.0,2027.0,0.0,Dream Pop,Solo,0,1,1,0.0,1,6,0.0,0,1,1,1,0,1,2,0.0,0.0,0.0,0,0,0.0,0.041666666666666664,0.2608695652173913,0.0,0.0,0.0,0.0,0.25,0.043478260869565216,0.5
11345,Lei Huang,948,0.0658,2027.0,2027.0,0.0,Symphonic Metal,Solo,0,1,1,0.0,1,6,0.0,0,1,1,1,0,1,2,0.0,0.0,0.0,0,0,0.0,0.041666666666666664,0.2608695652173913,0.0,0.0,0.0,0.0,0.25,0.043478260869565216,0.5
8513,Jie Yao,948,0.0658,2025.0,2025.0,0.0,Jazz Surf Rock,Solo,0,1,1,0.0,1,6,0.0,0,1,1,1,0,1,2,0.0,0.0,0.0,0,0,0.0,0.041666666666666664,0.2608695652173913,0.0,0.0,0.0,0.0,0.25,0.043478260869565216,0.5
6973,Jie Qin,948,0.0658,2028.0,2028.0,0.0,Dream Pop,Solo,0,1,1,0.0,1,6,0.0,0,1,1,1,0,1,2,0.0,0.0,0.0,0,0,0.0,0.041666666666666664,0.2608695652173913,0.0,0.0,0.0,0.0,0.25,0.043478260869565216,0.5
15665,Juan Lai,948,0.0658,2026.0,2026.0,0.0,Dream Pop,Solo,0,1,1,0.0,1,6,0.0,0,1,1,1,0,1,2,0.0,0.0,0.0,0,0,0.0,0.041666666666666664,0.2608695652173913,0.0,0.0,0.0,0.0,0.25,0.043478260869565216,0.5
14734,Stephen Decker,948,0.0658,2026.0,2026.0,0.0,Darkwave,Solo,0,1,1,0.0,1,6,0.0,0,1,1,1,0,1,2,0.0,0.0,0.0,0,0,0.0,0.041666666666666664,0.2608695652173913,0.0,0.0,0.0,0.0,0.25,0.043478260869565216,0.5
9425,Juan Yu,948,0.0658,2030.0,2030.0,0.0,Americana,Solo,0,1,1,0.0,1,6,0.0,0,1,1,1,0,1,2,0.0,0.0,0.0,0,0,0.0,0.041666666666666664,0.2608695652173913,0.0,0.0,0.0,0.0,0.25,0.043478260869565216,0.5
4662,Enzio Garibaldi,948,0.0658,2026.0,2026.0,0.0,Indie Rock,Solo,0,1,1,0.0,1,6,0.0,0,1,1,1,0,1,2,0.0,0.0,0.0,0,0,0.0,0.041666666666666664,0.2608695652173913,0.0,0.0,0.0,0.0,0.25,0.043478260869565216,0.5
4806,Ming Long,948,0.0658,2026.0,2026.0,0.0,Dream Pop,Solo,0,1,1,0.0,1,6,0.0,0,1,1,1,0,1,2,0.0,0.0,0.0,0,0,0.0,0.041666666666666664,0.2608695652173913,0.0,0.0,0.0,0.0,0.25,0.043478260869565216,0.5
4663,Lori Henderson,948,0.0658,2026.0,2026.0,0.0,Indie Rock,Solo,0,1,1,0.0,1,6,0.0,0,1,1,1,0,1,2,0.0,0.0,0.0,0,0,0.0,0.041666666666666664,0.2608695652173913,0.0,0.0,0.0,0.0,0.25,0.043478260869565216,0.5
4809,Edward Gutierrez,948,0.0658,2026.0,2026.0,0.0,Dream Pop,Solo,0,1,1,0.0,1,6,0.0,0,1,1,1,0,1,2,0.0,0.0,0.0,0,0,0.0,0.041666666666666664,0.2608695652173913,0.0,0.0,0.0,0.0,0.25,0.043478260869565216,0.5
3998,Mark Nichols,948,0.0658,2027.0,2027.0,0.0,Dream Pop,Solo,0,1,1,0.0,1,6,0.0,0,1,1,1,0,1,2,0.0,0.0,0.0,0,0,0.0,0.041666666666666664,0.2608695652173913,0.0,0.0,0.0,0.0,0.25,0.043478260869565216,0.5
14470, Crystal Dove,960,0.0655,2026.0,2026.0,0.0,Space Rock,Solo,0,1,1,0.0,5,1,0.0,0,1,1,1,0,4,1,0.2,0.0,0.4,0,2,0.0,0.20833333333333331,0.043478260869565216,0.0,0.0,0.0,0.0,0.25,0.17391304347826086,0.0
14473,Ping Bai,960,0.0655,2026.0,2026.0,0.0,Space Rock,Solo,0,1,1,0.0,5,1,0.0,0,1,1,1,0,4,1,0.2,0.0,0.4,0,2,0.0,0.20833333333333331,0.043478260869565216,0.0,0.0,0.0,0.0,0.25,0.17391304347826086,0.0
16337,Xia Zhang,960,0.0655,2028.0,2028.0,0.0,Dream Pop,Solo,0,1,1,0.0,5,1,0.0,0,1,1,1,0,4,1,0.0,0.0,0.0,0,0,0.0,0.20833333333333331,0.043478260869565216,0.0,0.0,0.0,0.0,0.25,0.17391304347826086,0.0
16511,Wei Zhong,963,0.0653,2026.0,2026.0,0.0,Space Rock,Solo,0,1,1,0.0,3,4,0.0,0,1,1,1,0,2,1,0.1667,0.0,0.3333333333333333,0,1,0.0,0.125,0.17391304347826086,0.0,0.0,0.0,0.0,0.25,0.08695652173913043,0.0
3416,Xiulan Zheng,963,0.0653,2026.0,2026.0,0.0,Indie Folk,Solo,0,1,1,0.30000000000000004,1,1,0.0,0,1,1,1,0,1,2,0.0,0.0,0.0,0,0,0.0,0.041666666666666664,0.043478260869565216,0.30000000000000004,0.0,0.0,0.0,0.25,0.043478260869565216,0.5
5255,Orazio Curatoli,963,0.0653,2028.0,2028.0,0.0,Blues Rock,Solo,0,1,1,0.0,3,4,0.0,0,1,1,1,0,2,1,0.0,0.0,0.0,0,0,0.0,0.125,0.17391304347826086,0.0,0.0,0.0,0.0,0.25,0.08695652173913043,0.0
7827,Ritvik Raman,966,0.0649,2026.0,2026.0,0.0,Speed Metal,Solo,0,1,1,0.0,3,2,0.0,0,1,1,1,0,3,3,0.0,0.0,0.0,0,0,0.0,0.125,0.08695652173913043,0.0,0.0,0.0,0.0,0.25,0.13043478260869565,1.0
12165,Jie Cheng,967,0.0648,2030.0,2030.0,0.0,Dream Pop,Solo,0,1,1,0.0,3,3,0.0,1,1,1,1,0,3,1,0.0,0.0,0.0,0,0,0.0,0.125,0.13043478260869565,0.0,0.0,0.047619047619047616,0.0,0.25,0.13043478260869565,0.0
10410,Na Zhong,967,0.0648,2030.0,2030.0,0.0,Indie Folk,Solo,0,1,1,0.0,3,3,0.0,1,1,1,1,0,3,1,0.3333,0.0,0.6666666666666666,0,2,0.0,0.125,0.13043478260869565,0.0,0.0,0.047619047619047616,0.0,0.25,0.13043478260869565,0.0
12168,Yang Song,967,0.0648,2030.0,2030.0,0.0,Dream Pop,Solo,0,1,1,0.0,3,3,0.0,1,1,1,1,0,3,1,0.0,0.0,0.0,0,0,0.0,0.125,0.13043478260869565,0.0,0.0,0.047619047619047616,0.0,0.25,0.13043478260869565,0.0
12167,Yan Li,967,0.0648,2030.0,2030.0,0.0,Dream Pop,Solo,0,1,1,0.0,3,3,0.0,1,1,1,1,0,3,1,0.0,0.0,0.0,0,0,0.0,0.125,0.13043478260869565,0.0,0.0,0.047619047619047616,0.0,0.25,0.13043478260869565,0.0
10216,Gang Sun,971,0.0647,2026.0,2026.0,0.0,Dream Pop,Solo,0,1,1,0.0,7,0,0.0,0,1,0,0,0,7,1,0.0,0.0,0.0,0,0,0.0,0.29166666666666663,0.0,0.0,0.0,0.0,0.0,0.0,0.30434782608695654,0.0
12227,Rebecca Ramirez,972,0.0646,2030.0,2030.0,0.0,Dream Pop,Solo,0,1,1,0.0,1,6,0.0,1,1,1,1,0,1,1,0.0,0.0,0.0,0,0,0.0,0.041666666666666664,0.2608695652173913,0.0,0.0,0.047619047619047616,0.0,0.25,0.043478260869565216,0.0
12229,Henry Ortega,972,0.0646,2030.0,2030.0,0.0,Dream Pop,Solo,0,1,1,0.0,1,6,0.0,1,1,1,1,0,1,1,0.0,0.0,0.0,0,0,0.0,0.041666666666666664,0.2608695652173913,0.0,0.0,0.047619047619047616,0.0,0.25,0.043478260869565216,0.0
12221,Orpheon Drive,972,0.0646,2030.0,2030.0,0.0,Dream Pop,Solo,0,1,1,0.0,1,6,0.0,1,1,1,1,0,1,1,0.0,0.0,0.0,0,0,0.0,0.041666666666666664,0.2608695652173913,0.0,0.0,0.047619047619047616,0.0,0.25,0.043478260869565216,0.0
12226,Miguel Shelton,972,0.0646,2030.0,2030.0,0.0,Dream Pop,Solo,0,1,1,0.0,1,6,0.0,1,1,1,1,0,1,1,0.0,0.0,0.0,0,0,0.0,0.041666666666666664,0.2608695652173913,0.0,0.0,0.047619047619047616,0.0,0.25,0.043478260869565216,0.0
12225,Kristin Thomas,972,0.0646,2030.0,2030.0,0.0,Dream Pop,Solo,0,1,1,0.0,1,6,0.0,1,1,1,1,0,1,1,0.0,0.0,0.0,0,0,0.0,0.041666666666666664,0.2608695652173913,0.0,0.0,0.047619047619047616,0.0,0.25,0.043478260869565216,0.0
12224,Robert Stephens,972,0.0646,2030.0,2030.0,0.0,Dream Pop,Solo,0,1,1,0.0,1,6,0.0,1,1,1,1,0,1,1,0.0,0.0,0.0,0,0,0.0,0.041666666666666664,0.2608695652173913,0.0,0.0,0.047619047619047616,0.0,0.25,0.043478260869565216,0.0
10907,Lei Shi,978,0.0645,2028.0,2028.0,0.0,Dream Pop,Solo,0,1,1,0.0,5,3,0.0,0,1,0,0,0,5,1,0.2,0.0,0.4,0,2,0.0,0.20833333333333331,0.13043478260869565,0.0,0.0,0.0,0.0,0.0,0.21739130434782608,0.0
10905,Tao Wen,978,0.0645,2028.0,2028.0,0.0,Dream Pop,Solo,0,1,1,0.0,5,3,0.0,0,1,0,0,0,5,1,0.2,0.0,0.4,0,2,0.0,0.20833333333333331,0.13043478260869565,0.0,0.0,0.0,0.0,0.0,0.21739130434782608,0.0
10906,Guiying Ren,978,0.0645,2028.0,2028.0,0.0,Dream Pop,Solo,0,1,1,0.0,5,3,0.0,0,1,0,0,0,5,1,0.2,0.0,0.4,0,2,0.0,0.20833333333333331,0.13043478260869565,0.0,0.0,0.0,0.0,0.0,0.21739130434782608,0.0
3581,Jun Gu,978,0.0645,2027.0,2027.0,0.0,Dream Pop,Solo,0,1,1,0.0,5,0,0.0,0,1,1,1,0,4,2,0.3,0.0,0.6,0,3,0.0,0.20833333333333331,0.0,0.0,0.0,0.0,0.0,0.25,0.17391304347826086,0.5
8603,Lei Long,978,0.0645,2026.0,2026.0,0.0,Dream Pop,Solo,0,1,1,0.0,5,3,0.0,0,1,0,0,0,5,1,0.0,0.0,0.0,0,0,0.0,0.20833333333333331,0.13043478260869565,0.0,0.0,0.0,0.0,0.0,0.21739130434782608,0.0
10429,Min Xia,983,0.0642,2026.0,2026.0,0.0,Oceanus Folk,Solo,0,1,1,0.0,3,3,0.0,0,1,1,1,0,2,2,0.8333,1.0,0.6666666666666666,1,2,0.0,0.125,0.13043478260869565,0.0,0.0,0.0,0.0,0.25,0.08695652173913043,0.5
595,Chao Zou,983,0.0642,2026.0,2026.0,0.0,Dream Pop,Solo,0,1,1,0.0,3,3,0.0,0,1,1,1,0,2,2,0.0,0.0,0.0,0,0,0.0,0.125,0.13043478260869565,0.0,0.0,0.0,0.0,0.25,0.08695652173913043,0.5
8550,Gang Zhao,983,0.0642,2027.0,2027.0,0.0,Synthwave,Solo,0,1,1,0.0,3,6,0.0,0,1,0,0,0,3,1,0.0,0.0,0.0,0,0,0.0,0.125,0.2608695652173913,0.0,0.0,0.0,0.0,0.0,0.13043478260869565,0.0
9490,Guiying Zhang,983,0.0642,2029.0,2029.0,0.0,Indie Folk,Solo,0,1,1,0.0,3,3,0.0,0,1,1,1,0,2,2,0.1667,0.0,0.3333333333333333,0,1,0.0,0.125,0.13043478260869565,0.0,0.0,0.0,0.0,0.25,0.08695652173913043,0.5
7677,Katherine Smith,987,0.0641,2025.0,2025.0,0.0,Dream Pop,Solo,0,1,1,0.0,4,2,0.0,0,1,1,1,0,4,1,0.0,0.0,0.0,0,0,0.0,0.16666666666666666,0.08695652173913043,0.0,0.0,0.0,0.0,0.25,0.17391304347826086,0.0
14931,Ming Yuan,987,0.0641,2029.0,2029.0,0.0,Indie Folk,Solo,0,1,1,0.0,4,2,0.0,0,1,1,1,0,4,1,0.0,0.0,0.0,0,0,0.0,0.16666666666666666,0.08695652173913043,0.0,0.0,0.0,0.0,0.25,0.17391304347826086,0.0
14932,Lei Sun,987,0.0641,2029.0,2029.0,0.0,Indie Folk,Solo,0,1,1,0.0,4,2,0.0,0,1,1,1,0,4,1,0.0,0.0,0.0,0,0,0.0,0.16666666666666666,0.08695652173913043,0.0,0.0,0.0,0.0,0.25,0.17391304347826086,0.0
1311,Juan Zhang,987,0.0641,2029.0,2029.0,0.0,Jazz Surf Rock,Solo,0,1,1,0.0,4,2,0.0,0,1,1,1,0,4,1,0.0,0.0,0.0,0,0,0.0,0.16666666666666666,0.08695652173913043,0.0,0.0,0.0,0.0,0.25,0.17391304347826086,0.0
7678,Ming Cao,987,0.0641,2025.0,2025.0,0.0,Dream Pop,Solo,0,1,1,0.0,4,2,0.0,0,1,1,1,0,4,1,0.0,0.0,0.0,0,0,0.0,0.16666666666666666,0.08695652173913043,0.0,0.0,0.0,0.0,0.25,0.17391304347826086,0.0
11207,Theo Vance,987,0.0641,2026.0,2026.0,0.0,Indie Rock,Solo,0,1,1,0.0,4,2,0.0,0,1,1,1,0,4,1,0.0,0.0,0.0,0,0,0.0,0.16666666666666666,0.08695652173913043,0.0,0.0,0.0,0.0,0.25,0.17391304347826086,0.0
3120,Gang Qian,987,0.0641,2025.0,2025.0,0.0,Space Rock,Solo,0,1,1,0.0,4,2,0.0,0,1,1,1,0,4,1,0.0,0.0,0.0,0,0,0.0,0.16666666666666666,0.08695652173913043,0.0,0.0,0.0,0.0,0.25,0.17391304347826086,0.0
12014,Yang Shi,987,0.0641,2026.0,2026.0,0.0,Alternative Rock,Solo,0,1,1,0.0,4,2,0.0,0,1,1,1,0,4,1,0.0,0.0,0.0,0,0,0.0,0.16666666666666666,0.08695652173913043,0.0,0.0,0.0,0.0,0.25,0.17391304347826086,0.0
11209,Yolanda Lee,987,0.0641,2026.0,2026.0,0.0,Indie Rock,Solo,0,1,1,0.0,4,2,0.0,0,1,1,1,0,4,1,0.0,0.0,0.0,0,0,0.0,0.16666666666666666,0.08695652173913043,0.0,0.0,0.0,0.0,0.25,0.17391304347826086,0.0
3121,Yong Wu,987,0.0641,2025.0,2025.0,0.0,Space Rock,Solo,0,1,1,0.0,4,2,0.0,0,1,1,1,0,4,1,0.0,0.0,0.0,0,0,0.0,0.16666666666666666,0.08695652173913043,0.0,0.0,0.0,0.0,0.25,0.17391304347826086,0.0
7673,Alicia Rice,987,0.0641,2025.0,2025.0,0.0,Dream Pop,Solo,0,1,1,0.0,4,2,0.0,0,1,1,1,0,4,1,0.0,0.0,0.0,0,0,0.0,0.16666666666666666,0.08695652173913043,0.0,0.0,0.0,0.0,0.25,0.17391304347826086,0.0
684,Gang Zhao,987,0.0641,2025.0,2025.0,0.0,Jazz Surf Rock,Solo,0,1,1,0.0,4,2,0.0,0,1,1,1,0,4,1,0.0,0.0,0.0,0,0,0.0,0.16666666666666666,0.08695652173913043,0.0,0.0,0.0,0.0,0.25,0.17391304347826086,0.0
12306,Yan Cheng,999,0.0639,2026.0,2026.0,0.0,Synthwave,Solo,0,1,1,0.0,2,5,0.0,0,1,1,1,0,2,1,0.0,0.0,0.0,0,0,0.0,0.08333333333333333,0.21739130434782608,0.0,0.0,0.0,0.0,0.25,0.08695652173913043,0.0
15892,Melissa Keller,999,0.0639,2026.0,2026.0,0.0,Space Rock,Solo,0,1,1,0.0,2,5,0.0,0,1,1,1,0,2,1,0.0,0.0,0.0,0,0,0.0,0.08333333333333333,0.21739130434782608,0.0,0.0,0.0,0.0,0.25,0.08695652173913043,0.0
12307,Yan Long,999,0.0639,2026.0,2026.0,0.0,Synthwave,Solo,0,1,1,0.0,2,5,0.0,0,1,1,1,0,2,1,0.0,0.0,0.0,0,0,0.0,0.08333333333333333,0.21739130434782608,0.0,0.0,0.0,0.0,0.25,0.08695652173913043,0.0
16689,Lei Zhu,999,0.0639,2028.0,2028.0,0.0,Indie Folk,Solo,0,1,1,0.0,2,5,0.0,0,1,1,1,0,2,1,0.0,0.0,0.0,0,0,0.0,0.08333333333333333,0.21739130434782608,0.0,0.0,0.0,0.0,0.25,0.08695652173913043,0.0
12304,Chao Xiong,999,0.0639,2026.0,2026.0,0.0,Synthwave,Solo,0,1,1,0.0,2,5,0.0,0,1,1,1,0,2,1,0.0,0.0,0.0,0,0,0.0,0.08333333333333333,0.21739130434782608,0.0,0.0,0.0,0.0,0.25,0.08695652173913043,0.0
16688,Robin Miller,999,0.0639,2028.0,2028.0,0.0,Indie Folk,Solo,0,1,1,0.0,2,5,0.0,0,1,1,1,0,2,1,0.0,0.0,0.0,0,0,0.0,0.08333333333333333,0.21739130434782608,0.0,0.0,0.0,0.0,0.25,0.08695652173913043,0.0
12302, Indigo Storm,999,0.0639,2026.0,2026.0,0.0,Synthwave,Solo,0,1,1,0.0,2,5,0.0,0,1,1,1,0,2,1,0.0,0.0,0.0,0,0,0.0,0.08333333333333333,0.21739130434782608,0.0,0.0,0.0,0.0,0.25,0.08695652173913043,0.0
14882,Victoire Roger-Noël,999,0.0639,2026.0,2026.0,0.0,Indie Folk,Solo,0,1,1,0.0,2,5,0.0,0,1,1,1,0,2,1,0.0,0.0,0.0,0,0,0.0,0.08333333333333333,0.21739130434782608,0.0,0.0,0.0,0.0,0.25,0.08695652173913043,0.0
14881,Auguste Perrin,999,0.0639,2026.0,2026.0,0.0,Indie Folk,Solo,0,1,1,0.0,2,5,0.0,0,1,1,1,0,2,1,0.0,0.0,0.0,0,0,0.0,0.08333333333333333,0.21739130434782608,0.0,0.0,0.0,0.0,0.25,0.08695652173913043,0.0
10762,Chao Shi,999,0.0639,2028.0,2028.0,0.0,Symphonic Metal,Solo,0,2,2,0.0,2,5,0.0,0,1,1,1,0,2,1,0.0,0.0,0.0,0,0,0.0,0.08333333333333333,0.21739130434782608,0.0,0.0,0.0,0.0,0.25,0.08695652173913043,0.0
15893,Christopher Flores,999,0.0639,2026.0,2026.0,0.0,Space Rock,Solo,0,1,1,0.0,2,5,0.0,0,1,1,1,0,2,1,0.0,0.0,0.0,0,0,0.0,0.08333333333333333,0.21739130434782608,0.0,0.0,0.0,0.0,0.25,0.08695652173913043,0.0
351,Tao Tan,999,0.0639,2028.0,2028.0,0.0,Americana,Solo,0,1,1,0.0,2,5,0.0,0,1,1,1,0,2,1,0.0,0.0,0.0,0,0,0.0,0.08333333333333333,0.21739130434782608,0.0,0.0,0.0,0.0,0.25,0.08695652173913043,0.0
7704,Roy Dominguez,999,0.0639,2026.0,2026.0,0.0,Indie Folk,Solo,0,1,1,0.0,2,5,0.0,0,1,1,1,0,2,1,0.0,0.0,0.0,0,0,0.0,0.08333333333333333,0.21739130434782608,0.0,0.0,0.0,0.0,0.25,0.08695652173913043,0.0
16687,Ping Mo,999,0.0639,2028.0,2028.0,0.0,Indie Folk,Solo,0,1,1,0.0,2,5,0.0,0,1,1,1,0,2,1,0.0,0.0,0.0,0,0,0.0,0.08333333333333333,0.21739130434782608,0.0,0.0,0.0,0.0,0.25,0.08695652173913043,0.0
2308,Job Mahieu,999,0.0639,2026.0,2026.0,0.0,Synthwave,Solo,0,1,1,0.0,2,5,0.0,0,1,1,1,0,2,1,0.0,0.0,0.0,0,0,0.0,0.08333333333333333,0.21739130434782608,0.0,0.0,0.0,0.0,0.25,0.08695652173913043,0.0
2309,Joseph Maxwell,999,0.0639,2026.0,2026.0,0.0,Synthwave,Solo,0,1,1,0.0,2,5,0.0,0,1,1,1,0,2,1,0.0,0.0,0.0,0,0,0.0,0.08333333333333333,0.21739130434782608,0.0,0.0,0.0,0.0,0.25,0.08695652173913043,0.0
352,Guiying Fang,999,0.0639,2028.0,2028.0,0.0,Americana,Solo,0,1,1,0.0,2,5,0.0,0,1,1,1,0,2,1,0.0,0.0,0.0,0,0,0.0,0.08333333333333333,0.21739130434782608,0.0,0.0,0.0,0.0,0.25,0.08695652173913043,0.0
356,Ping Bai,999,0.0639,2028.0,2028.0,0.0,Americana,Solo,0,1,1,0.0,2,5,0.0,0,1,1,1,0,2,1,0.0,0.0,0.0,0,0,0.0,0.08333333333333333,0.21739130434782608,0.0,0.0,0.0,0.0,0.25,0.08695652173913043,0.0
12630,Debra Lam,999,0.0639,2026.0,2026.0,0.0,Dream Pop,Solo,0,1,1,0.0,2,5,0.0,0,1,1,1,0,2,1,0.0,0.0,0.0,0,0,0.0,0.08333333333333333,0.21739130434782608,0.0,0.0,0.0,0.0,0.25,0.08695652173913043,0.0
7703,Kick van Geffen,999,0.0639,2026.0,2026.0,0.0,Indie Folk,Solo,0,1,1,0.0,2,5,0.0,0,1,1,1,0,2,1,0.0,0.0,0.0,0,0,0.0,0.08333333333333333,0.21739130434782608,0.0,0.0,0.0,0.0,0.25,0.08695652173913043,0.0
6215,Chao Ma,999,0.0639,2028.0,2028.0,0.0,Dream Pop,Solo,0,1,1,0.0,2,5,0.0,0,1,1,1,0,2,1,0.0,0.0,0.0,0,0,0.0,0.08333333333333333,0.21739130434782608,0.0,0.0,0.0,0.0,0.25,0.08695652173913043,0.0
2310,Yong Mao,999,0.0639,2026.0,2026.0,0.0,Synthwave,Solo,0,1,1,0.0,2,5,0.0,0,1,1,1,0,2,1,0.0,0.0,0.0,0,0,0.0,0.08333333333333333,0.21739130434782608,0.0,0.0,0.0,0.0,0.25,0.08695652173913043,0.0
6212,Na Yan,999,0.0639,2028.0,2028.0,0.0,Dream Pop,Solo,0,1,1,0.0,2,5,0.0,0,1,1,1,0,2,1,0.0,0.0,0.0,0,0,0.0,0.08333333333333333,0.21739130434782608,0.0,0.0,0.0,0.0,0.25,0.08695652173913043,0.0
12746,Ming Shi,999,0.0639,2030.0,2030.0,0.0,Synthwave,Solo,0,1,1,0.0,2,5,0.0,0,1,1,1,0,2,1,0.5,0.0,1.0,0,2,0.0,0.08333333333333333,0.21739130434782608,0.0,0.0,0.0,0.0,0.25,0.08695652173913043,0.0
12747,Gang Chen,999,0.0639,2030.0,2030.0,0.0,Synthwave,Solo,0,1,1,0.0,2,5,0.0,0,1,1,1,0,2,1,0.5,0.0,1.0,0,2,0.0,0.08333333333333333,0.21739130434782608,0.0,0.0,0.0,0.0,0.25,0.08695652173913043,0.0
12748,Na Han,999,0.0639,2030.0,2030.0,0.0,Synthwave,Solo,0,1,1,0.0,2,5,0.0,0,1,1,1,0,2,1,0.5,0.0,1.0,0,2,0.0,0.08333333333333333,0.21739130434782608,0.0,0.0,0.0,0.0,0.25,0.08695652173913043,0.0
2314,Xia Lin,999,0.0639,2026.0,2026.0,0.0,Synthwave,Solo,0,1,1,0.0,2,5,0.0,0,1,1,1,0,2,1,0.0,0.0,0.0,0,0,0.0,0.08333333333333333,0.21739130434782608,0.0,0.0,0.0,0.0,0.25,0.08695652173913043,0.0
2315,Tao Su,999,0.0639,2026.0,2026.0,0.0,Synthwave,Solo,0,1,1,0.0,2,5,0.0,0,1,1,1,0,2,1,0.0,0.0,0.0,0,0,0.0,0.08333333333333333,0.21739130434782608,0.0,0.0,0.0,0.0,0.25,0.08695652173913043,0.0
350,Michael Williamson,999,0.0639,2028.0,2028.0,0.0,Americana,Solo,0,1,1,0.0,2,5,0.0,0,1,1,1,0,2,1,0.0,0.0,0.0,0,0,0.0,0.08333333333333333,0.21739130434782608,0.0,0.0,0.0,0.0,0.25,0.08695652173913043,0.0
6213,Yan Zhou,999,0.0639,2028.0,2028.0,0.0,Dream Pop,Solo,0,1,1,0.0,2,5,0.0,0,1,1,1,0,2,1,0.0,0.0,0.0,0,0,0.0,0.08333333333333333,0.21739130434782608,0.0,0.0,0.0,0.0,0.25,0.08695652173913043,0.0
10053,Qiang Shen,1029,0.0638,2030.0,2030.0,0.0,Dream Pop,Solo,0,1,1,0.0,2,6,0.0,1,1,0,0,0,2,2,0.0,0.0,0.0,0,0,0.0,0.08333333333333333,0.2608695652173913,0.0,0.0,0.047619047619047616,0.0,0.0,0.08695652173913043,0.5
10051,Ping Hao,1029,0.0638,2030.0,2030.0,0.0,Dream Pop,Solo,0,1,1,0.0,2,6,0.0,1,1,0,0,0,2,2,0.0,0.0,0.0,0,0,0.0,0.08333333333333333,0.2608695652173913,0.0,0.0,0.047619047619047616,0.0,0.0,0.08695652173913043,0.5
5674,Laura Stanton,1031,0.0636,2030.0,2030.0,0.0,Americana,Solo,0,2,2,0.0,1,2,0.0,1,2,1,1,0,1,1,0.0,0.0,0.0,0,0,0.0,0.041666666666666664,0.08695652173913043,0.0,0.0,0.047619047619047616,0.3333333333333333,0.25,0.043478260869565216,0.0
9615,Yan Gao,1032,0.0635,2030.0,2030.0,0.0,Dream Pop,Solo,0,1,1,0.0,1,5,0.0,1,1,1,1,0,1,2,0.0,0.0,0.0,0,0,0.0,0.041666666666666664,0.21739130434782608,0.0,0.0,0.047619047619047616,0.0,0.25,0.043478260869565216,0.5
10100,Graciana Sacristán Saura,1033,0.0634,2029.0,2029.0,0.0,Darkwave,Solo,0,1,1,0.0,5,2,0.0,0,1,0,0,0,5,2,0.0,0.0,0.0,0,0,0.0,0.20833333333333331,0.08695652173913043,0.0,0.0,0.0,0.0,0.0,0.21739130434782608,0.5
9836,Yan Lai,1033,0.0634,2029.0,2029.0,0.0,Indie Rock,Solo,0,1,1,0.0,5,2,0.0,0,1,0,0,0,5,2,0.0,0.0,0.0,0,0,0.0,0.20833333333333331,0.08695652173913043,0.0,0.0,0.0,0.0,0.0,0.21739130434782608,0.5
9837,Guiying Wei,1033,0.0634,2029.0,2029.0,0.0,Indie Rock,Solo,0,1,1,0.0,5,2,0.0,0,1,0,0,0,5,2,0.0,0.0,0.0,0,0,0.0,0.20833333333333331,0.08695652173913043,0.0,0.0,0.0,0.0,0.0,0.21739130434782608,0.5
9665,Jeremy Martinez,1036,0.063,2028.0,2028.0,0.0,Synthwave,Solo,0,1,1,0.0,4,1,0.0,0,1,1,1,0,4,2,0.0,0.0,0.0,0,0,0.0,0.16666666666666666,0.043478260869565216,0.0,0.0,0.0,0.0,0.25,0.17391304347826086,0.5
14605,Cas Everde,1036,0.063,2027.0,2027.0,0.0,Dream Pop,Solo,0,1,1,0.0,4,1,0.0,0,1,1,1,0,4,2,0.0,0.0,0.0,0,0,0.0,0.16666666666666666,0.043478260869565216,0.0,0.0,0.0,0.0,0.25,0.17391304347826086,0.5
591,Jun Cui,1036,0.063,2029.0,2029.0,0.0,Dream Pop,Solo,0,1,1,0.0,4,1,0.0,0,1,1,1,0,4,2,0.0,0.0,0.0,0,0,0.0,0.16666666666666666,0.043478260869565216,0.0,0.0,0.0,0.0,0.25,0.17391304347826086,0.5
10009,Xiulan Shen,1036,0.063,2027.0,2027.0,0.0,Americana,Solo,0,1,1,0.0,4,1,0.0,0,1,1,1,0,4,2,0.0,0.0,0.0,0,0,0.0,0.16666666666666666,0.043478260869565216,0.0,0.0,0.0,0.0,0.25,0.17391304347826086,0.5
14568,Dawn Kelly,1036,0.063,2026.0,2026.0,0.0,Dream Pop,Solo,0,1,1,0.0,4,1,0.0,0,1,1,1,0,4,2,0.0,0.0,0.0,0,0,0.0,0.16666666666666666,0.043478260869565216,0.0,0.0,0.0,0.0,0.25,0.17391304347826086,0.5
4712,Ming Luo,1041,0.0628,2028.0,2028.0,0.0,Jazz Surf Rock,Solo,0,1,1,0.0,2,4,0.0,0,1,1,1,0,2,2,0.0,0.0,0.0,0,0,0.0,0.08333333333333333,0.17391304347826086,0.0,0.0,0.0,0.0,0.25,0.08695652173913043,0.5
4398,Na Ren,1041,0.0628,2029.0,2029.0,0.0,Oceanus Folk,Solo,0,1,1,0.0,2,4,0.0,0,1,1,1,0,2,2,1.0,1.0,1.0,1,2,0.0,0.08333333333333333,0.17391304347826086,0.0,0.0,0.0,0.0,0.25,0.08695652173913043,0.5
3918, Vapor Saint,1041,0.0628,2026.0,2026.0,0.0,Synthwave,Solo,0,1,1,0.0,2,4,0.0,0,1,1,1,0,2,2,0.0,0.0,0.0,0,0,0.0,0.08333333333333333,0.17391304347826086,0.0,0.0,0.0,0.0,0.25,0.08695652173913043,0.5
333,Lauren Foster,1041,0.0628,2025.0,2025.0,0.0,Blues Rock,Solo,0,1,1,0.0,2,4,0.0,0,1,1,1,0,2,2,0.0,0.0,0.0,0,0,0.0,0.08333333333333333,0.17391304347826086,0.0,0.0,0.0,0.0,0.25,0.08695652173913043,0.5
4030,Li He,1041,0.0628,2027.0,2027.0,0.0,Synthwave,Solo,0,1,1,0.0,2,4,0.0,0,1,1,1,0,2,2,0.0,0.0,0.0,0,0,0.0,0.08333333333333333,0.17391304347826086,0.0,0.0,0.0,0.0,0.25,0.08695652173913043,0.5
7956,Jie Ye,1041,0.0628,2026.0,2026.0,0.0,Dream Pop,Solo,0,1,1,0.0,2,4,0.0,0,1,1,1,0,2,2,0.0,0.0,0.0,0,0,0.0,0.08333333333333333,0.17391304347826086,0.0,0.0,0.0,0.0,0.25,0.08695652173913043,0.5
3922,Stephen Vazquez,1041,0.0628,2026.0,2026.0,0.0,Synthwave,Solo,0,1,1,0.0,2,4,0.0,0,1,1,1,0,2,2,0.0,0.0,0.0,0,0,0.0,0.08333333333333333,0.17391304347826086,0.0,0.0,0.0,0.0,0.25,0.08695652173913043,0.5
10664,Elizabeth Garcia,1041,0.0628,2029.0,2029.0,0.0,Dream Pop,Solo,0,1,1,0.0,2,4,0.0,0,1,1,1,0,2,2,0.0,0.0,0.0,0,0,0.0,0.08333333333333333,0.17391304347826086,0.0,0.0,0.0,0.0,0.25,0.08695652173913043,0.5
13918,Yang Su,1041,0.0628,2029.0,2029.0,0.0,Dream Pop,Solo,0,1,1,0.0,2,4,0.0,0,1,1,1,0,2,2,0.0,0.0,0.0,0,0,0.0,0.08333333333333333,0.17391304347826086,0.0,0.0,0.0,0.0,0.25,0.08695652173913043,0.5
15368,Divit Srinivas,1041,0.0628,2026.0,2026.0,0.0,Americana,Solo,0,1,1,0.0,2,4,0.0,0,1,1,1,0,2,2,0.0,0.0,0.0,0,0,0.0,0.08333333333333333,0.17391304347826086,0.0,0.0,0.0,0.0,0.25,0.08695652173913043,0.5
3188,Kayla Smith,1041,0.0628,2028.0,2028.0,0.0,Dream Pop,Solo,0,1,1,0.0,2,4,0.0,0,1,1,1,0,2,2,0.0,0.0,0.0,0,0,0.0,0.08333333333333333,0.17391304347826086,0.0,0.0,0.0,0.0,0.25,0.08695652173913043,0.5
13919,Xiulan Liang,1041,0.0628,2029.0,2029.0,0.0,Dream Pop,Solo,0,1,1,0.0,2,4,0.0,0,1,1,1,0,2,2,0.0,0.0,0.0,0,0,0.0,0.08333333333333333,0.17391304347826086,0.0,0.0,0.0,0.0,0.25,0.08695652173913043,0.5
1590,Fang Du,1041,0.0628,2029.0,2029.0,0.0,Americana,Solo,0,1,1,0.0,2,4,0.0,0,1,1,1,0,2,2,0.0,0.0,0.0,0,0,0.0,0.08333333333333333,0.17391304347826086,0.0,0.0,0.0,0.0,0.25,0.08695652173913043,0.5
14195,Min Guo,1041,0.0628,2026.0,2026.0,0.0,Dream Pop,Solo,0,1,1,0.0,2,4,0.0,0,1,1,1,0,2,2,0.0,0.0,0.0,0,0,0.0,0.08333333333333333,0.17391304347826086,0.0,0.0,0.0,0.0,0.25,0.08695652173913043,0.5
14193,Guiying Gao,1041,0.0628,2026.0,2026.0,0.0,Dream Pop,Solo,0,1,1,0.0,2,4,0.0,0,1,1,1,0,2,2,0.0,0.0,0.0,0,0,0.0,0.08333333333333333,0.17391304347826086,0.0,0.0,0.0,0.0,0.25,0.08695652173913043,0.5
1637,Juan Hall,1041,0.0628,2026.0,2026.0,0.0,Doom Metal,Solo,0,1,1,0.0,2,4,0.0,0,1,1,1,0,2,2,0.0,0.0,0.0,0,0,0.0,0.08333333333333333,0.17391304347826086,0.0,0.0,0.0,0.0,0.25,0.08695652173913043,0.5
15365,Matthew Dominguez,1041,0.0628,2026.0,2026.0,0.0,Americana,Solo,0,1,1,0.0,2,4,0.0,0,1,1,1,0,2,2,0.0,0.0,0.0,0,0,0.0,0.08333333333333333,0.17391304347826086,0.0,0.0,0.0,0.0,0.25,0.08695652173913043,0.5
6287,Li Su,1058,0.0624,2028.0,2028.0,0.0,Darkwave,Solo,0,1,1,0.0,4,2,0.0,0,1,1,1,0,3,1,0.0,0.0,0.0,0,0,0.0,0.16666666666666666,0.08695652173913043,0.0,0.0,0.0,0.0,0.25,0.13043478260869565,0.0
13770,Chao Lin,1059,0.0622,2027.0,2027.0,0.0,Dream Pop,Solo,0,1,1,0.0,2,5,0.0,0,1,1,1,0,1,1,0.25,0.0,0.5,0,1,0.0,0.08333333333333333,0.21739130434782608,0.0,0.0,0.0,0.0,0.25,0.043478260869565216,0.0
13771,Lei Yi,1059,0.0622,2027.0,2027.0,0.0,Dream Pop,Solo,0,1,1,0.0,2,5,0.0,0,1,1,1,0,1,1,0.25,0.0,0.5,0,1,0.0,0.08333333333333333,0.21739130434782608,0.0,0.0,0.0,0.0,0.25,0.043478260869565216,0.0
15580,Hugo Pareto,1061,0.0616,2030.0,2030.0,0.0,Dream Pop,Solo,0,1,1,0.0,2,4,0.0,1,1,1,1,0,2,1,0.0,0.0,0.0,0,0,0.0,0.08333333333333333,0.17391304347826086,0.0,0.0,0.047619047619047616,0.0,0.25,0.08695652173913043,0.0
15581,Ludovica Tamborini-Paolucci,1061,0.0616,2030.0,2030.0,0.0,Dream Pop,Solo,0,1,1,0.0,2,4,0.0,1,1,1,1,0,2,1,0.0,0.0,0.0,0,0,0.0,0.08333333333333333,0.17391304347826086,0.0,0.0,0.047619047619047616,0.0,0.25,0.08695652173913043,0.0
12698,Xiuying Bai,1063,0.0613,2029.0,2029.0,0.0,Dream Pop,Solo,0,1,1,0.0,4,4,0.0,0,1,0,0,0,4,1,0.0,0.0,0.0,0,0,0.0,0.16666666666666666,0.17391304347826086,0.0,0.0,0.0,0.0,0.0,0.17391304347826086,0.0
12700,Fang Tao,1063,0.0613,2029.0,2029.0,0.0,Dream Pop,Solo,0,1,1,0.0,4,4,0.0,0,1,0,0,0,4,1,0.0,0.0,0.0,0,0,0.0,0.16666666666666666,0.17391304347826086,0.0,0.0,0.0,0.0,0.0,0.17391304347826086,0.0
12696,Tao Hou,1063,0.0613,2029.0,2029.0,0.0,Dream Pop,Solo,0,1,1,0.0,4,4,0.0,0,1,0,0,0,4,1,0.0,0.0,0.0,0,0,0.0,0.16666666666666666,0.17391304347826086,0.0,0.0,0.0,0.0,0.0,0.17391304347826086,0.0
12699,Gang Cai,1063,0.0613,2029.0,2029.0,0.0,Dream Pop,Solo,0,1,1,0.0,4,4,0.0,0,1,0,0,0,4,1,0.0,0.0,0.0,0,0,0.0,0.16666666666666666,0.17391304347826086,0.0,0.0,0.0,0.0,0.0,0.17391304347826086,0.0
15585,Xiulan Du,1067,0.0611,2029.0,2029.0,0.0,Dream Pop,Solo,0,1,1,0.0,2,7,0.0,0,1,0,0,0,2,1,0.0,0.0,0.0,0,0,0.0,0.08333333333333333,0.30434782608695654,0.0,0.0,0.0,0.0,0.0,0.08695652173913043,0.0
15588,Chao Jia,1067,0.0611,2029.0,2029.0,0.0,Dream Pop,Solo,0,1,1,0.0,2,7,0.0,0,1,0,0,0,2,1,0.0,0.0,0.0,0,0,0.0,0.08333333333333333,0.30434782608695654,0.0,0.0,0.0,0.0,0.0,0.08695652173913043,0.0
15587,Na Xue,1067,0.0611,2029.0,2029.0,0.0,Dream Pop,Solo,0,1,1,0.0,2,7,0.0,0,1,0,0,0,2,1,0.0,0.0,0.0,0,0,0.0,0.08333333333333333,0.30434782608695654,0.0,0.0,0.0,0.0,0.0,0.08695652173913043,0.0
15589,Li Gong,1067,0.0611,2029.0,2029.0,0.0,Dream Pop,Solo,0,1,1,0.0,2,7,0.0,0,1,0,0,0,2,1,0.0,0.0,0.0,0,0,0.0,0.08333333333333333,0.30434782608695654,0.0,0.0,0.0,0.0,0.0,0.08695652173913043,0.0
15586,Li Zhu,1067,0.0611,2029.0,2029.0,0.0,Dream Pop,Solo,0,1,1,0.0,2,7,0.0,0,1,0,0,0,2,1,0.0,0.0,0.0,0,0,0.0,0.08333333333333333,0.30434782608695654,0.0,0.0,0.0,0.0,0.0,0.08695652173913043,0.0
6578,Xiuying Kong,1072,0.061,2029.0,2029.0,0.0,Jazz Surf Rock,Solo,0,1,1,0.0,3,3,0.0,0,1,1,1,0,3,1,0.1667,0.0,0.3333333333333333,0,1,0.0,0.125,0.13043478260869565,0.0,0.0,0.0,0.0,0.25,0.13043478260869565,0.0
6856,Sheila Flores,1072,0.061,2026.0,2026.0,0.0,Indie Rock,Solo,0,1,1,0.0,3,3,0.0,0,1,1,1,0,3,1,0.0,0.0,0.0,0,0,0.0,0.125,0.13043478260869565,0.0,0.0,0.0,0.0,0.25,0.13043478260869565,0.0
8455,Gang Tian,1072,0.061,2026.0,2026.0,0.0,Oceanus Folk,Solo,0,1,1,0.0,3,3,0.0,0,1,1,1,0,3,1,0.8333,1.0,0.6666666666666666,1,2,0.0,0.125,0.13043478260869565,0.0,0.0,0.0,0.0,0.25,0.13043478260869565,0.0
8456,Victoria Vazquez,1072,0.061,2026.0,2026.0,0.0,Oceanus Folk,Solo,0,1,1,0.0,3,3,0.0,0,1,1,1,0,3,1,0.8333,1.0,0.6666666666666666,1,2,0.0,0.125,0.13043478260869565,0.0,0.0,0.0,0.0,0.25,0.13043478260869565,0.0
10821,Xiuying Hou,1072,0.061,2029.0,2029.0,0.0,Space Rock,Solo,0,1,1,0.0,3,3,0.0,0,1,1,1,0,3,1,0.0,0.0,0.0,0,0,0.0,0.125,0.13043478260869565,0.0,0.0,0.0,0.0,0.25,0.13043478260869565,0.0
6580,Jun Su,1072,0.061,2029.0,2029.0,0.0,Jazz Surf Rock,Solo,0,1,1,0.0,3,3,0.0,0,1,1,1,0,3,1,0.1667,0.0,0.3333333333333333,0,1,0.0,0.125,0.13043478260869565,0.0,0.0,0.0,0.0,0.25,0.13043478260869565,0.0
10820,Nout Zijlmans,1072,0.061,2029.0,2029.0,0.0,Space Rock,Solo,0,1,1,0.0,3,3,0.0,0,1,1,1,0,3,1,0.0,0.0,0.0,0,0,0.0,0.125,0.13043478260869565,0.0,0.0,0.0,0.0,0.25,0.13043478260869565,0.0
6855,Valence,1072,0.061,2026.0,2026.0,0.0,Indie Rock,Solo,0,1,1,0.0,3,3,0.0,0,1,1,1,0,3,1,0.0,0.0,0.0,0,0,0.0,0.125,0.13043478260869565,0.0,0.0,0.0,0.0,0.25,0.13043478260869565,0.0
2834,Juan Meng,1072,0.061,2026.0,2026.0,0.0,Synthpop,Solo,0,1,1,0.0,3,3,0.0,0,1,1,1,0,3,1,0.0,0.0,0.0,0,0,0.0,0.125,0.13043478260869565,0.0,0.0,0.0,0.0,0.25,0.13043478260869565,0.0
10824,Fang Shen,1072,0.061,2029.0,2029.0,0.0,Space Rock,Solo,0,1,1,0.0,3,3,0.0,0,1,1,1,0,3,1,0.0,0.0,0.0,0,0,0.0,0.125,0.13043478260869565,0.0,0.0,0.0,0.0,0.25,0.13043478260869565,0.0
6857,Monica Ramirez,1072,0.061,2026.0,2026.0,0.0,Indie Rock,Solo,0,1,1,0.0,3,3,0.0,0,1,1,1,0,3,1,0.0,0.0,0.0,0,0,0.0,0.125,0.13043478260869565,0.0,0.0,0.0,0.0,0.25,0.13043478260869565,0.0
3677,Yan Guo,1072,0.061,2027.0,2027.0,0.0,Jazz Surf Rock,Solo,0,1,1,0.0,3,3,0.0,0,1,1,1,0,3,1,0.0,0.0,0.0,0,0,0.0,0.125,0.13043478260869565,0.0,0.0,0.0,0.0,0.25,0.13043478260869565,0.0
2832,Ping Gu,1072,0.061,2026.0,2026.0,0.0,Synthpop,Solo,0,1,1,0.0,3,3,0.0,0,1,1,1,0,3,1,0.0,0.0,0.0,0,0,0.0,0.125,0.13043478260869565,0.0,0.0,0.0,0.0,0.25,0.13043478260869565,0.0
16701,Gang Duan,1072,0.061,2025.0,2025.0,0.0,Doom Metal,Solo,0,1,1,0.0,3,3,0.0,0,1,1,1,0,3,1,0.0,0.0,0.0,0,0,0.0,0.125,0.13043478260869565,0.0,0.0,0.0,0.0,0.25,0.13043478260869565,0.0
2833,Juan Cai,1072,0.061,2026.0,2026.0,0.0,Synthpop,Solo,0,1,1,0.0,3,3,0.0,0,1,1,1,0,3,1,0.0,0.0,0.0,0,0,0.0,0.125,0.13043478260869565,0.0,0.0,0.0,0.0,0.25,0.13043478260869565,0.0
3229,Yong Liang,1072,0.061,2029.0,2029.0,0.0,Dream Pop,Solo,0,1,1,0.0,3,3,0.0,0,1,1,1,0,3,1,0.0,0.0,0.0,0,0,0.0,0.125,0.13043478260869565,0.0,0.0,0.0,0.0,0.25,0.13043478260869565,0.0
16700,Jing Wu,1072,0.061,2025.0,2025.0,0.0,Doom Metal,Solo,0,1,1,0.0,3,3,0.0,0,1,1,1,0,3,1,0.0,0.0,0.0,0,0,0.0,0.125,0.13043478260869565,0.0,0.0,0.0,0.0,0.25,0.13043478260869565,0.0
14270,Evelien Becht-Versluijs,1089,0.0608,2031.0,2031.0,0.0,Alternative Rock,Solo,0,1,1,0.09999999999999998,4,0,0.0,1,1,0,0,0,4,3,0.0,0.0,0.0,0,0,0.0,0.16666666666666666,0.0,0.09999999999999998,0.0,0.047619047619047616,0.0,0.0,0.17391304347826086,1.0
8514,Ming Kong,1089,0.0608,2025.0,2025.0,0.0,Jazz Surf Rock,Solo,0,1,1,0.0,1,6,0.0,0,1,1,1,0,1,1,0.0,0.0,0.0,0,0,0.0,0.041666666666666664,0.2608695652173913,0.0,0.0,0.0,0.0,0.25,0.043478260869565216,0.0
14081,Xia Xiong,1089,0.0608,2026.0,2026.0,0.0,Dream Pop,Solo,0,1,1,0.0,1,6,0.0,0,1,1,1,0,1,1,0.0,0.0,0.0,0,0,0.0,0.041666666666666664,0.2608695652173913,0.0,0.0,0.0,0.0,0.25,0.043478260869565216,0.0
8512,Eddie Taylor,1089,0.0608,2025.0,2025.0,0.0,Jazz Surf Rock,Solo,0,1,1,0.0,1,6,0.0,0,1,1,1,0,1,1,0.0,0.0,0.0,0,0,0.0,0.041666666666666664,0.2608695652173913,0.0,0.0,0.0,0.0,0.25,0.043478260869565216,0.0
12327,Fang Feng,1089,0.0608,2029.0,2029.0,0.0,Dream Pop,Solo,0,1,1,0.0,1,6,0.0,0,1,1,1,0,1,1,0.0,0.0,0.0,0,0,0.0,0.041666666666666664,0.2608695652173913,0.0,0.0,0.0,0.0,0.25,0.043478260869565216,0.0
9694,Minoru Ikeda,1089,0.0608,2029.0,2029.0,0.0,Indie Folk,Solo,0,1,1,0.0,1,6,0.0,0,1,1,1,0,1,1,0.0,0.0,0.0,0,0,0.0,0.041666666666666664,0.2608695652173913,0.0,0.0,0.0,0.0,0.25,0.043478260869565216,0.0
14071,Chao Qiu,1089,0.0608,2028.0,2028.0,0.0,Indie Rock,Solo,0,1,1,0.0,1,6,0.0,0,1,1,1,0,1,1,0.0,0.0,0.0,0,0,0.0,0.041666666666666664,0.2608695652173913,0.0,0.0,0.0,0.0,0.25,0.043478260869565216,0.0
9506,Xiuying Shi,1089,0.0608,2025.0,2025.0,0.0,Dream Pop,Solo,0,1,1,0.0,1,6,0.0,0,1,1,1,0,1,1,0.0,0.0,0.0,0,0,0.0,0.041666666666666664,0.2608695652173913,0.0,0.0,0.0,0.0,0.25,0.043478260869565216,0.0
14070,Li Zhou,1089,0.0608,2028.0,2028.0,0.0,Indie Rock,Solo,0,1,1,0.0,1,6,0.0,0,1,1,1,0,1,1,0.0,0.0,0.0,0,0,0.0,0.041666666666666664,0.2608695652173913,0.0,0.0,0.0,0.0,0.25,0.043478260869565216,0.0
13977,Midnight Apparatus,1089,0.0608,2026.0,2026.0,0.0,Indie Rock,Solo,0,1,1,0.0,1,6,0.0,0,1,1,1,0,1,1,0.0,0.0,0.0,0,0,0.0,0.041666666666666664,0.2608695652173913,0.0,0.0,0.0,0.0,0.25,0.043478260869565216,0.0
14068, Eden,1089,0.0608,2028.0,2028.0,0.0,Indie Rock,Solo,0,1,1,0.0,1,6,0.0,0,1,1,1,0,1,1,0.0,0.0,0.0,0,0,0.0,0.041666666666666664,0.2608695652173913,0.0,0.0,0.0,0.0,0.25,0.043478260869565216,0.0
14069,Yong Hou,1089,0.0608,2028.0,2028.0,0.0,Indie Rock,Solo,0,1,1,0.0,1,6,0.0,0,1,1,1,0,1,1,0.0,0.0,0.0,0,0,0.0,0.041666666666666664,0.2608695652173913,0.0,0.0,0.0,0.0,0.25,0.043478260869565216,0.0
9695,Hanako Suzuki,1089,0.0608,2029.0,2029.0,0.0,Indie Folk,Solo,0,1,1,0.0,1,6,0.0,0,1,1,1,0,1,1,0.0,0.0,0.0,0,0,0.0,0.041666666666666664,0.2608695652173913,0.0,0.0,0.0,0.0,0.25,0.043478260869565216,0.0
12028,L1L SPECTR,1089,0.0608,2026.0,2026.0,0.0,Dream Pop,Solo,0,1,1,0.0,1,6,0.0,0,1,1,1,0,1,1,0.0,0.0,0.0,0,0,0.0,0.041666666666666664,0.2608695652173913,0.0,0.0,0.0,0.0,0.25,0.043478260869565216,0.0
9424,Yan Jin,1089,0.0608,2030.0,2030.0,0.0,Americana,Solo,0,1,1,0.0,1,6,0.0,0,1,1,1,0,1,1,0.0,0.0,0.0,0,0,0.0,0.041666666666666664,0.2608695652173913,0.0,0.0,0.0,0.0,0.25,0.043478260869565216,0.0
12326,Ming Ma,1089,0.0608,2029.0,2029.0,0.0,Dream Pop,Solo,0,1,1,0.0,1,6,0.0,0,1,1,1,0,1,1,0.0,0.0,0.0,0,0,0.0,0.041666666666666664,0.2608695652173913,0.0,0.0,0.0,0.0,0.25,0.043478260869565216,0.0
15668,Juan Zhou,1089,0.0608,2026.0,2026.0,0.0,Dream Pop,Solo,0,1,1,0.0,1,6,0.0,0,1,1,1,0,1,1,0.0,0.0,0.0,0,0,0.0,0.041666666666666664,0.2608695652173913,0.0,0.0,0.0,0.0,0.25,0.043478260869565216,0.0
15664,Gang He,1089,0.0608,2026.0,2026.0,0.0,Dream Pop,Solo,0,1,1,0.0,1,6,0.0,0,1,1,1,0,1,1,0.0,0.0,0.0,0,0,0.0,0.041666666666666664,0.2608695652173913,0.0,0.0,0.0,0.0,0.25,0.043478260869565216,0.0
15663,Jie Feng,1089,0.0608,2026.0,2026.0,0.0,Dream Pop,Solo,0,1,1,0.0,1,6,0.0,0,1,1,1,0,1,1,0.0,0.0,0.0,0,0,0.0,0.041666666666666664,0.2608695652173913,0.0,0.0,0.0,0.0,0.25,0.043478260869565216,0.0
13084,Fang Pan,1089,0.0608,2028.0,2028.0,0.0,Dream Pop,Solo,0,1,1,0.0,1,6,0.0,0,1,1,1,0,1,1,0.0,0.0,0.0,0,0,0.0,0.041666666666666664,0.2608695652173913,0.0,0.0,0.0,0.0,0.25,0.043478260869565216,0.0
11350,Chao Tao,1089,0.0608,2027.0,2027.0,0.0,Symphonic Metal,Solo,0,1,1,0.0,1,6,0.0,0,1,1,1,0,1,1,0.0,0.0,0.0,0,0,0.0,0.041666666666666664,0.2608695652173913,0.0,0.0,0.0,0.0,0.25,0.043478260869565216,0.0
11349,Xiuying Han,1089,0.0608,2027.0,2027.0,0.0,Symphonic Metal,Solo,0,1,1,0.0,1,6,0.0,0,1,1,1,0,1,1,0.0,0.0,0.0,0,0,0.0,0.041666666666666664,0.2608695652173913,0.0,0.0,0.0,0.0,0.25,0.043478260869565216,0.0
11347,Angela Kelly,1089,0.0608,2027.0,2027.0,0.0,Symphonic Metal,Solo,0,1,1,0.0,1,6,0.0,0,1,1,1,0,1,1,0.0,0.0,0.0,0,0,0.0,0.041666666666666664,0.2608695652173913,0.0,0.0,0.0,0.0,0.25,0.043478260869565216,0.0
13083,Lei Jia,1089,0.0608,2028.0,2028.0,0.0,Dream Pop,Solo,0,1,1,0.0,1,6,0.0,0,1,1,1,0,1,1,0.0,0.0,0.0,0,0,0.0,0.041666666666666664,0.2608695652173913,0.0,0.0,0.0,0.0,0.25,0.043478260869565216,0.0
11344,Xia Gu,1089,0.0608,2027.0,2027.0,0.0,Symphonic Metal,Solo,0,1,1,0.0,1,6,0.0,0,1,1,1,0,1,1,0.0,0.0,0.0,0,0,0.0,0.041666666666666664,0.2608695652173913,0.0,0.0,0.0,0.0,0.25,0.043478260869565216,0.0
13082,Yan Cao,1089,0.0608,2028.0,2028.0,0.0,Dream Pop,Solo,0,1,1,0.0,1,6,0.0,0,1,1,1,0,1,1,0.0,0.0,0.0,0,0,0.0,0.041666666666666664,0.2608695652173913,0.0,0.0,0.0,0.0,0.25,0.043478260869565216,0.0
13081,Omen,1089,0.0608,2028.0,2028.0,0.0,Dream Pop,Solo,0,1,1,0.0,1,6,0.0,0,1,1,1,0,1,1,0.0,0.0,0.0,0,0,0.0,0.041666666666666664,0.2608695652173913,0.0,0.0,0.0,0.0,0.25,0.043478260869565216,0.0
14739,Amy Thomas,1089,0.0608,2026.0,2026.0,0.0,Darkwave,Solo,0,1,1,0.0,1,6,0.0,0,1,1,1,0,1,1,0.0,0.0,0.0,0,0,0.0,0.041666666666666664,0.2608695652173913,0.0,0.0,0.0,0.0,0.25,0.043478260869565216,0.0
9390,FROZT G,1089,0.0608,2027.0,2027.0,0.0,Dream Pop,Solo,0,1,1,0.0,1,6,0.0,0,1,1,1,0,1,1,0.0,0.0,0.0,0,0,0.0,0.041666666666666664,0.2608695652173913,0.0,0.0,0.0,0.0,0.25,0.043478260869565216,0.0
9391,Li Ren,1089,0.0608,2027.0,2027.0,0.0,Dream Pop,Solo,0,1,1,0.0,1,6,0.0,0,1,1,1,0,1,1,0.0,0.0,0.0,0,0,0.0,0.041666666666666664,0.2608695652173913,0.0,0.0,0.0,0.0,0.25,0.043478260869565216,0.0
9393,Qiang Mao,1089,0.0608,2027.0,2027.0,0.0,Dream Pop,Solo,0,1,1,0.0,1,6,0.0,0,1,1,1,0,1,1,0.0,0.0,0.0,0,0,0.0,0.041666666666666664,0.2608695652173913,0.0,0.0,0.0,0.0,0.25,0.043478260869565216,0.0
14738,Thomas Alvarez,1089,0.0608,2026.0,2026.0,0.0,Darkwave,Solo,0,1,1,0.0,1,6,0.0,0,1,1,1,0,1,1,0.0,0.0,0.0,0,0,0.0,0.041666666666666664,0.2608695652173913,0.0,0.0,0.0,0.0,0.25,0.043478260869565216,0.0
9395,Chao Cai,1089,0.0608,2027.0,2027.0,0.0,Dream Pop,Solo,0,1,1,0.0,1,6,0.0,0,1,1,1,0,1,1,0.0,0.0,0.0,0,0,0.0,0.041666666666666664,0.2608695652173913,0.0,0.0,0.0,0.0,0.25,0.043478260869565216,0.0
9421,Kari Harvey,1089,0.0608,2030.0,2030.0,0.0,Americana,Solo,0,1,1,0.0,1,6,0.0,0,1,1,1,0,1,1,0.0,0.0,0.0,0,0,0.0,0.041666666666666664,0.2608695652173913,0.0,0.0,0.0,0.0,0.25,0.043478260869565216,0.0
9422,Dennis Bass,1089,0.0608,2030.0,2030.0,0.0,Americana,Solo,0,1,1,0.0,1,6,0.0,0,1,1,1,0,1,1,0.0,0.0,0.0,0,0,0.0,0.041666666666666664,0.2608695652173913,0.0,0.0,0.0,0.0,0.25,0.043478260869565216,0.0
9423,Xia Tan,1089,0.0608,2030.0,2030.0,0.0,Americana,Solo,0,1,1,0.0,1,6,0.0,0,1,1,1,0,1,1,0.0,0.0,0.0,0,0,0.0,0.041666666666666664,0.2608695652173913,0.0,0.0,0.0,0.0,0.25,0.043478260869565216,0.0
12030,Jie Ren,1089,0.0608,2026.0,2026.0,0.0,Dream Pop,Solo,0,1,1,0.0,1,6,0.0,0,1,1,1,0,1,1,0.0,0.0,0.0,0,0,0.0,0.041666666666666664,0.2608695652173913,0.0,0.0,0.0,0.0,0.25,0.043478260869565216,0.0
12323,Matthew Lopez,1089,0.0608,2029.0,2029.0,0.0,Dream Pop,Solo,0,1,1,0.0,1,6,0.0,0,1,1,1,0,1,1,0.0,0.0,0.0,0,0,0.0,0.041666666666666664,0.2608695652173913,0.0,0.0,0.0,0.0,0.25,0.043478260869565216,0.0
14737,Na Tian,1089,0.0608,2026.0,2026.0,0.0,Darkwave,Solo,0,1,1,0.0,1,6,0.0,0,1,1,1,0,1,1,0.0,0.0,0.0,0,0,0.0,0.041666666666666664,0.2608695652173913,0.0,0.0,0.0,0.0,0.25,0.043478260869565216,0.0
14736,Karen White,1089,0.0608,2026.0,2026.0,0.0,Darkwave,Solo,0,1,1,0.0,1,6,0.0,0,1,1,1,0,1,1,0.0,0.0,0.0,0,0,0.0,0.041666666666666664,0.2608695652173913,0.0,0.0,0.0,0.0,0.25,0.043478260869565216,0.0
12324,Linda Garza,1089,0.0608,2029.0,2029.0,0.0,Dream Pop,Solo,0,1,1,0.0,1,6,0.0,0,1,1,1,0,1,1,0.0,0.0,0.0,0,0,0.0,0.041666666666666664,0.2608695652173913,0.0,0.0,0.0,0.0,0.25,0.043478260869565216,0.0
12325,Jie Du,1089,0.0608,2029.0,2029.0,0.0,Dream Pop,Solo,0,1,1,0.0,1,6,0.0,0,1,1,1,0,1,1,0.0,0.0,0.0,0,0,0.0,0.041666666666666664,0.2608695652173913,0.0,0.0,0.0,0.0,0.25,0.043478260869565216,0.0
14735,Briana Miller,1089,0.0608,2026.0,2026.0,0.0,Darkwave,Solo,0,1,1,0.0,1,6,0.0,0,1,1,1,0,1,1,0.0,0.0,0.0,0,0,0.0,0.041666666666666664,0.2608695652173913,0.0,0.0,0.0,0.0,0.25,0.043478260869565216,0.0
14733,Nicole Lamb,1089,0.0608,2026.0,2026.0,0.0,Darkwave,Solo,0,1,1,0.0,1,6,0.0,0,1,1,1,0,1,1,0.0,0.0,0.0,0,0,0.0,0.041666666666666664,0.2608695652173913,0.0,0.0,0.0,0.0,0.25,0.043478260869565216,0.0
15667,Jie Yao,1089,0.0608,2026.0,2026.0,0.0,Dream Pop,Solo,0,1,1,0.0,1,6,0.0,0,1,1,1,0,1,1,0.0,0.0,0.0,0,0,0.0,0.041666666666666664,0.2608695652173913,0.0,0.0,0.0,0.0,0.25,0.043478260869565216,0.0
9394,Juan Song,1089,0.0608,2027.0,2027.0,0.0,Dream Pop,Solo,0,1,1,0.0,1,6,0.0,0,1,1,1,0,1,1,0.0,0.0,0.0,0,0,0.0,0.041666666666666664,0.2608695652173913,0.0,0.0,0.0,0.0,0.25,0.043478260869565216,0.0
5441,Guiying Jin,1089,0.0608,2028.0,2028.0,0.0,Dream Pop,Solo,0,1,1,0.0,1,6,0.0,0,1,1,1,0,1,1,0.0,0.0,0.0,0,0,0.0,0.041666666666666664,0.2608695652173913,0.0,0.0,0.0,0.0,0.25,0.043478260869565216,0.0
6969,Guiying Xia,1089,0.0608,2028.0,2028.0,0.0,Dream Pop,Solo,0,1,1,0.0,1,6,0.0,0,1,1,1,0,1,1,0.0,0.0,0.0,0,0,0.0,0.041666666666666664,0.2608695652173913,0.0,0.0,0.0,0.0,0.25,0.043478260869565216,0.0
6970,Li Kang,1089,0.0608,2028.0,2028.0,0.0,Dream Pop,Solo,0,1,1,0.0,1,6,0.0,0,1,1,1,0,1,1,0.0,0.0,0.0,0,0,0.0,0.041666666666666664,0.2608695652173913,0.0,0.0,0.0,0.0,0.25,0.043478260869565216,0.0
6971,Xiuying Ren,1089,0.0608,2028.0,2028.0,0.0,Dream Pop,Solo,0,1,1,0.0,1,6,0.0,0,1,1,1,0,1,1,0.0,0.0,0.0,0,0,0.0,0.041666666666666664,0.2608695652173913,0.0,0.0,0.0,0.0,0.25,0.043478260869565216,0.0
6972,Eric Morrison,1089,0.0608,2028.0,2028.0,0.0,Dream Pop,Solo,0,1,1,0.0,1,6,0.0,0,1,1,1,0,1,1,0.0,0.0,0.0,0,0,0.0,0.041666666666666664,0.2608695652173913,0.0,0.0,0.0,0.0,0.25,0.043478260869565216,0.0
6975,Chao Yao,1089,0.0608,2028.0,2028.0,0.0,Dream Pop,Solo,0,1,1,0.0,1,6,0.0,0,1,1,1,0,1,1,0.0,0.0,0.0,0,0,0.0,0.041666666666666664,0.2608695652173913,0.0,0.0,0.0,0.0,0.25,0.043478260869565216,0.0
5447,Yang Lai,1089,0.0608,2028.0,2028.0,0.0,Dream Pop,Solo,0,1,1,0.0,1,6,0.0,0,1,1,1,0,1,1,0.0,0.0,0.0,0,0,0.0,0.041666666666666664,0.2608695652173913,0.0,0.0,0.0,0.0,0.25,0.043478260869565216,0.0
5446,Jie Gu,1089,0.0608,2028.0,2028.0,0.0,Dream Pop,Solo,0,1,1,0.0,1,6,0.0,0,1,1,1,0,1,1,0.0,0.0,0.0,0,0,0.0,0.041666666666666664,0.2608695652173913,0.0,0.0,0.0,0.0,0.25,0.043478260869565216,0.0
5445,Xia Zhao,1089,0.0608,2028.0,2028.0,0.0,Dream Pop,Solo,0,1,1,0.0,1,6,0.0,0,1,1,1,0,1,1,0.0,0.0,0.0,0,0,0.0,0.041666666666666664,0.2608695652173913,0.0,0.0,0.0,0.0,0.25,0.043478260869565216,0.0
5444,Xiuying Gao,1089,0.0608,2028.0,2028.0,0.0,Dream Pop,Solo,0,1,1,0.0,1,6,0.0,0,1,1,1,0,1,1,0.0,0.0,0.0,0,0,0.0,0.041666666666666664,0.2608695652173913,0.0,0.0,0.0,0.0,0.25,0.043478260869565216,0.0
5442,Qiang Jin,1089,0.0608,2028.0,2028.0,0.0,Dream Pop,Solo,0,1,1,0.0,1,6,0.0,0,1,1,1,0,1,1,0.0,0.0,0.0,0,0,0.0,0.041666666666666664,0.2608695652173913,0.0,0.0,0.0,0.0,0.25,0.043478260869565216,0.0
5440,Guiying Lu,1089,0.0608,2028.0,2028.0,0.0,Dream Pop,Solo,0,1,1,0.0,1,6,0.0,0,1,1,1,0,1,1,0.0,0.0,0.0,0,0,0.0,0.041666666666666664,0.2608695652173913,0.0,0.0,0.0,0.0,0.25,0.043478260869565216,0.0
5400,Min Lu,1089,0.0608,2026.0,2026.0,0.0,Dream Pop,Solo,0,1,1,0.0,1,6,0.0,0,1,1,1,0,1,1,0.0,0.0,0.0,0,0,0.0,0.041666666666666664,0.2608695652173913,0.0,0.0,0.0,0.0,0.25,0.043478260869565216,0.0
6604,Gang Qiu,1089,0.0608,2028.0,2028.0,0.0,Jazz Surf Rock,Solo,0,1,1,0.0,1,6,0.0,0,1,1,1,0,1,1,0.0,0.0,0.0,0,0,0.0,0.041666666666666664,0.2608695652173913,0.0,0.0,0.0,0.0,0.25,0.043478260869565216,0.0
4813,Ming Han,1089,0.0608,2026.0,2026.0,0.0,Dream Pop,Solo,0,1,1,0.0,1,6,0.0,0,1,1,1,0,1,1,0.0,0.0,0.0,0,0,0.0,0.041666666666666664,0.2608695652173913,0.0,0.0,0.0,0.0,0.25,0.043478260869565216,0.0
4812,Li Xia,1089,0.0608,2026.0,2026.0,0.0,Dream Pop,Solo,0,1,1,0.0,1,6,0.0,0,1,1,1,0,1,1,0.0,0.0,0.0,0,0,0.0,0.041666666666666664,0.2608695652173913,0.0,0.0,0.0,0.0,0.25,0.043478260869565216,0.0
4810,Lei Yi,1089,0.0608,2026.0,2026.0,0.0,Dream Pop,Solo,0,1,1,0.0,1,6,0.0,0,1,1,1,0,1,1,0.0,0.0,0.0,0,0,0.0,0.041666666666666664,0.2608695652173913,0.0,0.0,0.0,0.0,0.25,0.043478260869565216,0.0
4807,Chao Cui,1089,0.0608,2026.0,2026.0,0.0,Dream Pop,Solo,0,1,1,0.0,1,6,0.0,0,1,1,1,0,1,1,0.0,0.0,0.0,0,0,0.0,0.041666666666666664,0.2608695652173913,0.0,0.0,0.0,0.0,0.25,0.043478260869565216,0.0
4808,Fang Lin,1089,0.0608,2026.0,2026.0,0.0,Dream Pop,Solo,0,1,1,0.0,1,6,0.0,0,1,1,1,0,1,1,0.0,0.0,0.0,0,0,0.0,0.041666666666666664,0.2608695652173913,0.0,0.0,0.0,0.0,0.25,0.043478260869565216,0.0
2378,Guiying Su,1154,0.0605,2030.0,2030.0,0.0,Dream Pop,Solo,0,1,1,0.0,2,3,0.0,1,1,1,1,0,2,2,0.0,0.0,0.0,0,0,0.0,0.08333333333333333,0.13043478260869565,0.0,0.0,0.047619047619047616,0.0,0.25,0.08695652173913043,0.5
3417,Xiuying Qiu,1155,0.0603,2026.0,2026.0,0.0,Indie Folk,Solo,0,1,1,0.30000000000000004,1,1,0.0,0,1,1,1,0,1,1,0.0,0.0,0.0,0,0,0.0,0.041666666666666664,0.043478260869565216,0.30000000000000004,0.0,0.0,0.0,0.25,0.043478260869565216,0.0
11461,Juan Song,1156,0.0602,2026.0,2026.0,0.0,Post-Apocalyptic Folk,Solo,0,1,1,0.0,4,3,0.0,0,1,0,0,0,4,2,0.0,0.0,0.0,0,0,0.0,0.16666666666666666,0.13043478260869565,0.0,0.0,0.0,0.0,0.0,0.17391304347826086,0.5
16265, Sky,1156,0.0602,2026.0,2026.0,0.0,Oceanus Folk,Solo,0,1,1,0.0,4,3,0.0,0,1,0,0,0,4,2,0.75,1.0,0.5,1,2,0.0,0.16666666666666666,0.13043478260869565,0.0,0.0,0.0,0.0,0.0,0.17391304347826086,0.5
5176,Wei Zheng,1158,0.0599,2029.0,2029.0,0.0,Dream Pop,Solo,0,1,1,0.0,3,2,0.0,0,1,1,1,0,3,2,0.0,0.0,0.0,0,0,0.0,0.125,0.08695652173913043,0.0,0.0,0.0,0.0,0.25,0.13043478260869565,0.5
10841,Leslie Moore,1158,0.0599,2026.0,2026.0,0.0,Speed Metal,Solo,0,1,1,0.0,3,2,0.0,0,1,1,1,0,3,2,0.0,0.0,0.0,0,0,0.0,0.125,0.08695652173913043,0.0,0.0,0.0,0.0,0.25,0.13043478260869565,0.5
5651,Lucas Smith,1158,0.0599,2028.0,2028.0,0.0,Darkwave,Solo,0,0,1,0.0,3,2,0.0,0,1,1,1,0,3,2,0.0,0.0,0.0,0,0,0.0,0.125,0.08695652173913043,0.0,0.0,0.0,0.0,0.25,0.13043478260869565,0.5
5098,Michelle Johnson,1158,0.0599,2026.0,2026.0,0.0,Synthwave,Solo,0,1,1,0.0,3,2,0.0,0,1,1,1,0,3,2,0.0,0.0,0.0,0,0,0.0,0.125,0.08695652173913043,0.0,0.0,0.0,0.0,0.25,0.13043478260869565,0.5
171,Chao Qiao,1158,0.0599,2026.0,2026.0,0.0,Avant-Garde Folk,Solo,0,1,1,0.0,3,2,0.0,0,1,1,1,0,3,2,0.0,0.0,0.0,0,0,0.0,0.125,0.08695652173913043,0.0,0.0,0.0,0.0,0.25,0.13043478260869565,0.5
14135,Lunar Confetti,1158,0.0599,2029.0,2029.0,0.0,Lo-Fi Electronica,Solo,0,1,1,0.0,3,2,0.0,0,1,1,1,0,3,2,0.0,0.0,0.0,0,0,0.0,0.125,0.08695652173913043,0.0,0.0,0.0,0.0,0.25,0.13043478260869565,0.5
12359,Samiha Hayre,1158,0.0599,2029.0,2029.0,0.0,Symphonic Metal,Solo,0,1,1,0.0,3,2,0.0,0,1,1,1,0,3,2,0.0,0.0,0.0,0,0,0.0,0.125,0.08695652173913043,0.0,0.0,0.0,0.0,0.25,0.13043478260869565,0.5
7573,Margaud Morel,1158,0.0599,2026.0,2026.0,0.0,Indie Rock,Solo,0,1,1,0.0,3,2,0.0,0,1,1,1,0,3,2,0.0,0.0,0.0,0,0,0.0,0.125,0.08695652173913043,0.0,0.0,0.0,0.0,0.25,0.13043478260869565,0.5
1314,Neon Moth,1158,0.0599,2029.0,2029.0,0.0,Synthwave,Solo,0,1,1,0.0,3,2,0.0,0,1,1,1,0,3,2,0.3333,0.0,0.6666666666666666,0,2,0.0,0.125,0.08695652173913043,0.0,0.0,0.0,0.0,0.25,0.13043478260869565,0.5
9461,Dhanush Baria,1158,0.0599,2027.0,2027.0,0.0,Post-Apocalyptic Folk,Solo,0,1,1,0.0,3,2,0.0,0,1,1,1,0,3,2,0.0,0.0,0.0,0,0,0.0,0.125,0.08695652173913043,0.0,0.0,0.0,0.0,0.25,0.13043478260869565,0.5
7192,Li Yin,1158,0.0599,2027.0,2027.0,0.0,Psychedelic Rock,Solo,0,1,1,0.0,3,2,0.0,0,1,1,1,0,3,2,0.0,0.0,0.0,0,0,0.0,0.125,0.08695652173913043,0.0,0.0,0.0,0.0,0.25,0.13043478260869565,0.5
6532,Kana Ito,1169,0.0597,2029.0,2029.0,0.0,Dream Pop,Solo,0,1,1,0.0,1,5,0.0,0,1,1,1,0,1,2,0.0,0.0,0.0,0,0,0.0,0.041666666666666664,0.21739130434782608,0.0,0.0,0.0,0.0,0.25,0.043478260869565216,0.5
13153,Min Qin,1169,0.0597,2026.0,2026.0,0.0,Indie Folk,Solo,0,1,1,0.0,1,5,0.0,0,1,1,1,0,1,2,0.0,0.0,0.0,0,0,0.0,0.041666666666666664,0.21739130434782608,0.0,0.0,0.0,0.0,0.25,0.043478260869565216,0.5
9138,Yong Tang,1169,0.0597,2029.0,2029.0,0.0,Darkwave,Solo,0,1,1,0.0,1,5,0.0,0,1,1,1,0,1,2,0.0,0.0,0.0,0,0,0.0,0.041666666666666664,0.21739130434782608,0.0,0.0,0.0,0.0,0.25,0.043478260869565216,0.5
10922,Jun Mao,1169,0.0597,2029.0,2029.0,0.0,Psychedelic Rock,Solo,0,1,1,0.0,1,5,0.0,0,1,1,1,0,1,2,0.0,0.0,0.0,0,0,0.0,0.041666666666666664,0.21739130434782608,0.0,0.0,0.0,0.0,0.25,0.043478260869565216,0.5
13858,Camilla Zaccagnini-Bertoni,1169,0.0597,2029.0,2029.0,0.0,Dream Pop,Solo,0,1,1,0.0,1,5,0.0,0,1,1,1,0,1,2,0.0,0.0,0.0,0,0,0.0,0.041666666666666664,0.21739130434782608,0.0,0.0,0.0,0.0,0.25,0.043478260869565216,0.5
13859,Fortunata Zeffirelli,1169,0.0597,2029.0,2029.0,0.0,Dream Pop,Solo,0,1,1,0.0,1,5,0.0,0,1,1,1,0,1,2,0.0,0.0,0.0,0,0,0.0,0.041666666666666664,0.21739130434782608,0.0,0.0,0.0,0.0,0.25,0.043478260869565216,0.5
8850,Xia Dai,1169,0.0597,2027.0,2027.0,0.0,Dream Pop,Solo,0,1,1,0.0,1,5,0.0,0,1,1,1,0,1,2,0.0,0.0,0.0,0,0,0.0,0.041666666666666664,0.21739130434782608,0.0,0.0,0.0,0.0,0.25,0.043478260869565216,0.5
8848,Yang Zhao,1169,0.0597,2027.0,2027.0,0.0,Dream Pop,Solo,0,1,1,0.0,1,5,0.0,0,1,1,1,0,1,2,0.0,0.0,0.0,0,0,0.0,0.041666666666666664,0.21739130434782608,0.0,0.0,0.0,0.0,0.25,0.043478260869565216,0.5
663,Ping He,1169,0.0597,2028.0,2028.0,0.0,Indie Folk,Solo,0,1,1,0.0,1,5,0.0,0,1,1,1,0,1,2,0.5,0.0,1.0,0,1,0.0,0.041666666666666664,0.21739130434782608,0.0,0.0,0.0,0.0,0.25,0.043478260869565216,0.5
5597,Hansjoachim Gieß,1169,0.0597,2025.0,2025.0,0.0,Symphonic Metal,Solo,0,1,1,0.0,1,5,0.0,0,1,1,1,0,1,2,0.0,0.0,0.0,0,0,0.0,0.041666666666666664,0.21739130434782608,0.0,0.0,0.0,0.0,0.25,0.043478260869565216,0.5
14695,Na Zhu,1169,0.0597,2026.0,2026.0,0.0,Dream Pop,Solo,0,1,1,0.0,1,5,0.0,0,1,1,1,0,1,2,0.0,0.0,0.0,0,0,0.0,0.041666666666666664,0.21739130434782608,0.0,0.0,0.0,0.0,0.25,0.043478260869565216,0.5
14694,Fang Yan,1169,0.0597,2026.0,2026.0,0.0,Dream Pop,Solo,0,1,1,0.0,1,5,0.0,0,1,1,1,0,1,2,0.0,0.0,0.0,0,0,0.0,0.041666666666666664,0.21739130434782608,0.0,0.0,0.0,0.0,0.25,0.043478260869565216,0.5
667,Ping Wei,1169,0.0597,2028.0,2028.0,0.0,Indie Folk,Solo,0,1,1,0.0,1,5,0.0,0,1,1,1,0,1,2,0.5,0.0,1.0,0,1,0.0,0.041666666666666664,0.21739130434782608,0.0,0.0,0.0,0.0,0.25,0.043478260869565216,0.5
14245,Charles Snyder,1169,0.0597,2026.0,2026.0,0.0,Post-Apocalyptic Folk,Solo,0,1,1,0.0,1,5,0.0,0,1,1,1,0,1,2,0.0,0.0,0.0,0,0,0.0,0.041666666666666664,0.21739130434782608,0.0,0.0,0.0,0.0,0.25,0.043478260869565216,0.5
14247,Ashley Osborne,1169,0.0597,2026.0,2026.0,0.0,Post-Apocalyptic Folk,Solo,0,1,1,0.0,1,5,0.0,0,1,1,1,0,1,2,0.0,0.0,0.0,0,0,0.0,0.041666666666666664,0.21739130434782608,0.0,0.0,0.0,0.0,0.25,0.043478260869565216,0.5
15887,Chao Yao,1169,0.0597,2025.0,2025.0,0.0,Desert Rock,Solo,0,1,1,0.0,1,5,0.0,0,1,1,1,0,1,2,0.5,0.0,1.0,0,1,0.0,0.041666666666666664,0.21739130434782608,0.0,0.0,0.0,0.0,0.25,0.043478260869565216,0.5
5304,Dustin Lopez,1185,0.0592,2027.0,2029.0,2.0,Psychedelic Rock,Solo,0,2,2,0.0,3,3,0.0,0,1,1,1,0,2,1,0.0,0.0,0.0,0,0,0.0,0.125,0.13043478260869565,0.0,0.0,0.0,0.0,0.25,0.08695652173913043,0.0
9215,Fang Zheng,1185,0.0592,2028.0,2028.0,0.0,Desert Rock,Solo,0,1,1,0.0,3,3,0.0,0,1,1,1,0,2,1,0.3333,0.0,0.6666666666666666,0,2,0.0,0.125,0.13043478260869565,0.0,0.0,0.0,0.0,0.25,0.08695652173913043,0.0
12394,Ming Yang,1185,0.0592,2026.0,2026.0,0.0,Dream Pop,Solo,0,1,1,0.0,3,3,0.0,0,1,1,1,0,2,1,0.0,0.0,0.0,0,0,0.0,0.125,0.13043478260869565,0.0,0.0,0.0,0.0,0.25,0.08695652173913043,0.0
10428,Lei Xue,1185,0.0592,2026.0,2026.0,0.0,Oceanus Folk,Solo,0,1,1,0.0,3,3,0.0,0,1,1,1,0,2,1,0.8333,1.0,0.6666666666666666,1,2,0.0,0.125,0.13043478260869565,0.0,0.0,0.0,0.0,0.25,0.08695652173913043,0.0
5305,Walter Bell,1185,0.0592,2027.0,2029.0,2.0,Psychedelic Rock,Solo,0,2,2,0.0,3,3,0.0,0,1,1,1,0,2,1,0.0,0.0,0.0,0,0,0.0,0.125,0.13043478260869565,0.0,0.0,0.0,0.0,0.25,0.08695652173913043,0.0
5302,Matthew Nichols,1185,0.0592,2027.0,2029.0,2.0,Psychedelic Rock,Solo,0,2,2,0.0,3,3,0.0,0,1,1,1,0,2,1,0.0,0.0,0.0,0,0,0.0,0.125,0.13043478260869565,0.0,0.0,0.0,0.0,0.25,0.08695652173913043,0.0
9217,Jun Yang,1185,0.0592,2028.0,2028.0,0.0,Desert Rock,Solo,0,1,1,0.0,3,3,0.0,0,1,1,1,0,2,1,0.3333,0.0,0.6666666666666666,0,2,0.0,0.125,0.13043478260869565,0.0,0.0,0.0,0.0,0.25,0.08695652173913043,0.0
2103,Fang Yu,1185,0.0592,2025.0,2025.0,0.0,Americana,Solo,0,1,1,0.0,3,3,0.0,0,1,1,1,0,2,1,0.1667,0.0,0.3333333333333333,0,1,0.0,0.125,0.13043478260869565,0.0,0.0,0.0,0.0,0.25,0.08695652173913043,0.0
2104,Yan Jiang,1185,0.0592,2025.0,2025.0,0.0,Americana,Solo,0,1,1,0.0,3,3,0.0,0,1,1,1,0,2,1,0.1667,0.0,0.3333333333333333,0,1,0.0,0.125,0.13043478260869565,0.0,0.0,0.0,0.0,0.25,0.08695652173913043,0.0
2105,Min Gu,1185,0.0592,2025.0,2025.0,0.0,Americana,Solo,0,1,1,0.0,3,3,0.0,0,1,1,1,0,2,1,0.1667,0.0,0.3333333333333333,0,1,0.0,0.125,0.13043478260869565,0.0,0.0,0.0,0.0,0.25,0.08695652173913043,0.0
9492,Jeremy Hahn,1185,0.0592,2029.0,2029.0,0.0,Indie Folk,Solo,0,1,1,0.0,3,3,0.0,0,1,1,1,0,2,1,0.1667,0.0,0.3333333333333333,0,1,0.0,0.125,0.13043478260869565,0.0,0.0,0.0,0.0,0.25,0.08695652173913043,0.0
10048,Min Peng,1196,0.0588,2030.0,2030.0,0.0,Dream Pop,Solo,0,1,1,0.0,2,6,0.0,1,1,0,0,0,2,1,0.0,0.0,0.0,0,0,0.0,0.08333333333333333,0.2608695652173913,0.0,0.0,0.047619047619047616,0.0,0.0,0.08695652173913043,0.0
10052,Yong Lai,1196,0.0588,2030.0,2030.0,0.0,Dream Pop,Solo,0,1,1,0.0,2,6,0.0,1,1,0,0,0,2,1,0.0,0.0,0.0,0,0,0.0,0.08333333333333333,0.2608695652173913,0.0,0.0,0.047619047619047616,0.0,0.0,0.08695652173913043,0.0
10050,Xiulan Gu,1196,0.0588,2030.0,2030.0,0.0,Dream Pop,Solo,0,1,1,0.0,2,6,0.0,1,1,0,0,0,2,1,0.0,0.0,0.0,0,0,0.0,0.08333333333333333,0.2608695652173913,0.0,0.0,0.047619047619047616,0.0,0.0,0.08695652173913043,0.0
10049,Jun Duan,1196,0.0588,2030.0,2030.0,0.0,Dream Pop,Solo,0,1,1,0.0,2,6,0.0,1,1,0,0,0,2,1,0.0,0.0,0.0,0,0,0.0,0.08333333333333333,0.2608695652173913,0.0,0.0,0.047619047619047616,0.0,0.0,0.08695652173913043,0.0
10054,Juan Xie,1196,0.0588,2030.0,2030.0,0.0,Dream Pop,Solo,0,1,1,0.0,2,6,0.0,1,1,0,0,0,2,1,0.0,0.0,0.0,0,0,0.0,0.08333333333333333,0.2608695652173913,0.0,0.0,0.047619047619047616,0.0,0.0,0.08695652173913043,0.0
12529,Xia Zhao,1196,0.0588,2030.0,2030.0,0.0,Oceanus Folk,Solo,0,1,1,0.0,2,3,0.0,1,1,1,1,0,1,2,0.75,1.0,0.5,1,1,0.0,0.08333333333333333,0.13043478260869565,0.0,0.0,0.047619047619047616,0.0,0.25,0.043478260869565216,0.5
17004,Horizon Fable,1202,0.0587,2031.0,2033.0,2.0,Psychedelic Rock,Solo,0,5,7,0.0,6,0,0.0,0,1,0,0,0,5,2,0.0,0.0,0.0,0,0,0.0,0.25,0.0,0.0,0.0,0.0,0.0,0.0,0.21739130434782608,0.5
9147,Yang Ma,1203,0.0586,2025.0,2025.0,0.0,Oceanus Folk,Solo,0,1,1,0.0,1,4,0.0,0,1,1,1,0,1,3,0.5,1.0,0.0,1,0,0.0,0.041666666666666664,0.17391304347826086,0.0,0.0,0.0,0.0,0.25,0.043478260869565216,1.0
9611,Robert Santiago,1204,0.0585,2030.0,2030.0,0.0,Dream Pop,Solo,0,1,1,0.0,1,5,0.0,1,1,1,1,0,1,1,0.0,0.0,0.0,0,0,0.0,0.041666666666666664,0.21739130434782608,0.0,0.0,0.047619047619047616,0.0,0.25,0.043478260869565216,0.0
9613,Cristian Gross,1204,0.0585,2030.0,2030.0,0.0,Dream Pop,Solo,0,1,1,0.0,1,5,0.0,1,1,1,1,0,1,1,0.0,0.0,0.0,0,0,0.0,0.041666666666666664,0.21739130434782608,0.0,0.0,0.047619047619047616,0.0,0.25,0.043478260869565216,0.0
9614,Ping Wan,1204,0.0585,2030.0,2030.0,0.0,Dream Pop,Solo,0,1,1,0.0,1,5,0.0,1,1,1,1,0,1,1,0.0,0.0,0.0,0,0,0.0,0.041666666666666664,0.21739130434782608,0.0,0.0,0.047619047619047616,0.0,0.25,0.043478260869565216,0.0
12878,Juan He,1204,0.0585,2025.0,2025.0,0.0,Space Rock,Solo,0,1,1,0.0,4,3,0.0,0,1,0,0,0,3,2,0.0,0.0,0.0,0,0,0.0,0.16666666666666666,0.13043478260869565,0.0,0.0,0.0,0.0,0.0,0.13043478260869565,0.5
16598, Mia Stone,1204,0.0585,2032.0,2032.0,0.0,Dream Pop,Solo,0,1,1,0.0,1,5,0.0,1,1,1,1,0,1,1,0.0,0.0,0.0,0,0,0.0,0.041666666666666664,0.21739130434782608,0.0,0.0,0.047619047619047616,0.0,0.25,0.043478260869565216,0.0
9612,Na Fang,1204,0.0585,2030.0,2030.0,0.0,Dream Pop,Solo,0,1,1,0.0,1,5,0.0,1,1,1,1,0,1,1,0.0,0.0,0.0,0,0,0.0,0.041666666666666664,0.21739130434782608,0.0,0.0,0.047619047619047616,0.0,0.25,0.043478260869565216,0.0
16599,Atlas & The Echoes,1204,0.0585,2032.0,2032.0,0.0,Dream Pop,Solo,0,1,1,0.0,1,5,0.0,1,1,1,1,0,1,1,0.0,0.0,0.0,0,0,0.0,0.041666666666666664,0.21739130434782608,0.0,0.0,0.047619047619047616,0.0,0.25,0.043478260869565216,0.0
16600,Yan Su,1204,0.0585,2032.0,2032.0,0.0,Dream Pop,Solo,0,1,1,0.0,1,5,0.0,1,1,1,1,0,1,1,0.0,0.0,0.0,0,0,0.0,0.041666666666666664,0.21739130434782608,0.0,0.0,0.047619047619047616,0.0,0.25,0.043478260869565216,0.0
16601,Ebony Acevedo,1204,0.0585,2032.0,2032.0,0.0,Dream Pop,Solo,0,1,1,0.0,1,5,0.0,1,1,1,1,0,1,1,0.0,0.0,0.0,0,0,0.0,0.041666666666666664,0.21739130434782608,0.0,0.0,0.047619047619047616,0.0,0.25,0.043478260869565216,0.0
16602,Elizabeth Spence,1204,0.0585,2032.0,2032.0,0.0,Dream Pop,Solo,0,1,1,0.0,1,5,0.0,1,1,1,1,0,1,1,0.0,0.0,0.0,0,0,0.0,0.041666666666666664,0.21739130434782608,0.0,0.0,0.047619047619047616,0.0,0.25,0.043478260869565216,0.0
10564,Daniel Aubert-Brunet,1204,0.0585,2026.0,2028.0,2.0,Dream Pop,Solo,0,2,2,0.0,2,0,0.0,0,1,2,2,0,2,3,0.0,0.0,0.0,0,0,0.0,0.08333333333333333,0.0,0.0,0.0,0.0,0.0,0.5,0.08695652173913043,1.0
9610,Jie Yan,1204,0.0585,2030.0,2030.0,0.0,Dream Pop,Solo,0,1,1,0.0,1,5,0.0,1,1,1,1,0,1,1,0.0,0.0,0.0,0,0,0.0,0.041666666666666664,0.21739130434782608,0.0,0.0,0.047619047619047616,0.0,0.25,0.043478260869565216,0.0
1826,Ping Feng,1216,0.0584,2029.0,2029.0,0.0,Oceanus Folk,Solo,0,1,1,0.0,5,2,0.0,0,1,0,0,0,5,1,0.9,1.0,0.8,1,4,0.0,0.20833333333333331,0.08695652173913043,0.0,0.0,0.0,0.0,0.0,0.21739130434782608,0.0
10099,Davin Tate,1216,0.0584,2029.0,2029.0,0.0,Darkwave,Solo,0,1,1,0.0,5,2,0.0,0,1,0,0,0,5,1,0.0,0.0,0.0,0,0,0.0,0.20833333333333331,0.08695652173913043,0.0,0.0,0.0,0.0,0.0,0.21739130434782608,0.0
10101,Rosenda Reyes Salazar,1216,0.0584,2029.0,2029.0,0.0,Darkwave,Solo,0,1,1,0.0,5,2,0.0,0,1,0,0,0,5,1,0.0,0.0,0.0,0,0,0.0,0.20833333333333331,0.08695652173913043,0.0,0.0,0.0,0.0,0.0,0.21739130434782608,0.0
1828,Li Deng,1216,0.0584,2029.0,2029.0,0.0,Oceanus Folk,Solo,0,1,1,0.0,5,2,0.0,0,1,0,0,0,5,1,0.9,1.0,0.8,1,4,0.0,0.20833333333333331,0.08695652173913043,0.0,0.0,0.0,0.0,0.0,0.21739130434782608,0.0
9838,Juan Ye,1216,0.0584,2029.0,2029.0,0.0,Indie Rock,Solo,0,1,1,0.0,5,2,0.0,0,1,0,0,0,5,1,0.0,0.0,0.0,0,0,0.0,0.20833333333333331,0.08695652173913043,0.0,0.0,0.0,0.0,0.0,0.21739130434782608,0.0
11167,Min Hou,1221,0.0582,2028.0,2028.0,0.0,Dream Pop,Solo,0,1,1,0.0,3,2,0.0,0,1,1,1,0,2,2,0.0,0.0,0.0,0,0,0.0,0.125,0.08695652173913043,0.0,0.0,0.0,0.0,0.25,0.08695652173913043,0.5
6795,Na Yi,1222,0.058,2026.0,2026.0,0.0,Alternative Rock,Solo,0,1,1,0.0,4,1,0.0,0,1,1,1,0,4,1,0.0,0.0,0.0,0,0,0.0,0.16666666666666666,0.043478260869565216,0.0,0.0,0.0,0.0,0.25,0.17391304347826086,0.0
3303,Kenneth Hall,1222,0.058,2029.0,2029.0,0.0,Avant-Garde Folk,Solo,0,1,1,0.0,4,1,0.0,0,1,1,1,0,4,1,0.0,0.0,0.0,0,0,0.0,0.16666666666666666,0.043478260869565216,0.0,0.0,0.0,0.0,0.25,0.17391304347826086,0.0
12921,Adam Kroker,1222,0.058,2025.0,2025.0,0.0,Avant-Garde Folk,Solo,0,1,1,0.0,4,1,0.0,0,1,1,1,0,4,1,0.0,0.0,0.0,0,0,0.0,0.16666666666666666,0.043478260869565216,0.0,0.0,0.0,0.0,0.25,0.17391304347826086,0.0
12421,Wei Liu,1222,0.058,2028.0,2028.0,0.0,Post-Apocalyptic Folk,Solo,0,1,1,0.0,4,1,0.0,0,1,1,1,0,4,1,0.0,0.0,0.0,0,0,0.0,0.16666666666666666,0.043478260869565216,0.0,0.0,0.0,0.0,0.25,0.17391304347826086,0.0
9663,Zenara,1222,0.058,2028.0,2028.0,0.0,Synthwave,Solo,0,1,1,0.0,4,1,0.0,0,1,1,1,0,4,1,0.0,0.0,0.0,0,0,0.0,0.16666666666666666,0.043478260869565216,0.0,0.0,0.0,0.0,0.25,0.17391304347826086,0.0
8715,Ann Anderson,1222,0.058,2025.0,2025.0,0.0,Oceanus Folk,Solo,0,1,1,0.0,4,1,0.0,0,1,1,1,0,4,1,0.75,1.0,0.5,1,2,0.0,0.16666666666666666,0.043478260869565216,0.0,0.0,0.0,0.0,0.25,0.17391304347826086,0.0
8716,Xiuying Mo,1222,0.058,2025.0,2025.0,0.0,Oceanus Folk,Solo,0,1,1,0.0,4,1,0.0,0,1,1,1,0,4,1,0.75,1.0,0.5,1,2,0.0,0.16666666666666666,0.043478260869565216,0.0,0.0,0.0,0.0,0.25,0.17391304347826086,0.0
14603,Regina Vance,1222,0.058,2027.0,2027.0,0.0,Dream Pop,Solo,0,1,1,0.0,4,1,0.0,0,1,1,1,0,4,1,0.0,0.0,0.0,0,0,0.0,0.16666666666666666,0.043478260869565216,0.0,0.0,0.0,0.0,0.25,0.17391304347826086,0.0
12420,Martha Patrick,1222,0.058,2028.0,2028.0,0.0,Post-Apocalyptic Folk,Solo,0,1,1,0.0,4,1,0.0,0,1,1,1,0,4,1,0.0,0.0,0.0,0,0,0.0,0.16666666666666666,0.043478260869565216,0.0,0.0,0.0,0.0,0.25,0.17391304347826086,0.0
2079,Jason Mendoza,1222,0.058,2026.0,2026.0,0.0,Indie Pop,Solo,0,1,1,0.0,4,1,0.0,0,1,1,1,0,4,1,0.0,0.0,0.0,0,0,0.0,0.16666666666666666,0.043478260869565216,0.0,0.0,0.0,0.0,0.25,0.17391304347826086,0.0
16451,Suzanne Bonilla,1232,0.0579,2026.0,2026.0,0.0,Indie Rock,Solo,0,1,1,0.0,1,5,0.0,0,1,1,1,0,0,2,0.0,0.0,0.0,0,0,0.0,0.041666666666666664,0.21739130434782608,0.0,0.0,0.0,0.0,0.25,0.0,0.5
11055,Min Shi,1233,0.0578,2028.0,2028.0,0.0,Space Rock,Solo,0,1,1,0.0,2,4,0.0,0,1,1,1,0,2,1,0.0,0.0,0.0,0,0,0.0,0.08333333333333333,0.17391304347826086,0.0,0.0,0.0,0.0,0.25,0.08695652173913043,0.0
10665,Ming Dai,1233,0.0578,2029.0,2029.0,0.0,Dream Pop,Solo,0,1,1,0.0,2,4,0.0,0,1,1,1,0,2,1,0.0,0.0,0.0,0,0,0.0,0.08333333333333333,0.17391304347826086,0.0,0.0,0.0,0.0,0.25,0.08695652173913043,0.0
10663,Min Feng,1233,0.0578,2029.0,2029.0,0.0,Dream Pop,Solo,0,1,1,0.0,2,4,0.0,0,1,1,1,0,2,1,0.0,0.0,0.0,0,0,0.0,0.08333333333333333,0.17391304347826086,0.0,0.0,0.0,0.0,0.25,0.08695652173913043,0.0
8217,Sarah Brown,1233,0.0578,2026.0,2026.0,0.0,Doom Metal,Solo,0,1,1,0.0,2,4,0.0,0,1,1,1,0,2,1,0.0,0.0,0.0,0,0,0.0,0.08333333333333333,0.17391304347826086,0.0,0.0,0.0,0.0,0.25,0.08695652173913043,0.0
4760,Brent White,1233,0.0578,2029.0,2029.0,0.0,Jazz Surf Rock,Solo,0,1,1,0.0,2,4,0.0,0,1,1,1,0,2,1,0.0,0.0,0.0,0,0,0.0,0.08333333333333333,0.17391304347826086,0.0,0.0,0.0,0.0,0.25,0.08695652173913043,0.0
13317,Xia Zhou,1233,0.0578,2028.0,2028.0,0.0,Space Rock,Solo,0,1,1,0.0,2,4,0.0,0,1,1,1,0,2,1,0.0,0.0,0.0,0,0,0.0,0.08333333333333333,0.17391304347826086,0.0,0.0,0.0,0.0,0.25,0.08695652173913043,0.0
13318,Sarah Wilson,1233,0.0578,2028.0,2028.0,0.0,Space Rock,Solo,0,1,1,0.0,2,4,0.0,0,1,1,1,0,2,1,0.0,0.0,0.0,0,0,0.0,0.08333333333333333,0.17391304347826086,0.0,0.0,0.0,0.0,0.25,0.08695652173913043,0.0
13319,Yan Yuan,1233,0.0578,2028.0,2028.0,0.0,Space Rock,Solo,0,1,1,0.0,2,4,0.0,0,1,1,1,0,2,1,0.0,0.0,0.0,0,0,0.0,0.08333333333333333,0.17391304347826086,0.0,0.0,0.0,0.0,0.25,0.08695652173913043,0.0
3190,Kaylee Patrick,1233,0.0578,2028.0,2028.0,0.0,Dream Pop,Solo,0,1,1,0.0,2,4,0.0,0,1,1,1,0,2,1,0.0,0.0,0.0,0,0,0.0,0.08333333333333333,0.17391304347826086,0.0,0.0,0.0,0.0,0.25,0.08695652173913043,0.0
13917,Jie Feng,1233,0.0578,2029.0,2029.0,0.0,Dream Pop,Solo,0,1,1,0.0,2,4,0.0,0,1,1,1,0,2,1,0.0,0.0,0.0,0,0,0.0,0.08333333333333333,0.17391304347826086,0.0,0.0,0.0,0.0,0.25,0.08695652173913043,0.0
13920,Li Lei,1233,0.0578,2029.0,2029.0,0.0,Dream Pop,Solo,0,1,1,0.0,2,4,0.0,0,1,1,1,0,2,1,0.0,0.0,0.0,0,0,0.0,0.08333333333333333,0.17391304347826086,0.0,0.0,0.0,0.0,0.25,0.08695652173913043,0.0
13921,Alexander Ramirez,1233,0.0578,2029.0,2029.0,0.0,Dream Pop,Solo,0,1,1,0.0,2,4,0.0,0,1,1,1,0,2,1,0.0,0.0,0.0,0,0,0.0,0.08333333333333333,0.17391304347826086,0.0,0.0,0.0,0.0,0.25,0.08695652173913043,0.0
14130,Jing Du,1233,0.0578,2025.0,2025.0,0.0,Desert Rock,Solo,0,1,1,0.0,2,4,0.0,0,1,1,1,0,2,1,0.0,0.0,0.0,0,0,0.0,0.08333333333333333,0.17391304347826086,0.0,0.0,0.0,0.0,0.25,0.08695652173913043,0.0
14132,Qiang Lu,1233,0.0578,2025.0,2025.0,0.0,Desert Rock,Solo,0,1,1,0.0,2,4,0.0,0,1,1,1,0,2,1,0.0,0.0,0.0,0,0,0.0,0.08333333333333333,0.17391304347826086,0.0,0.0,0.0,0.0,0.25,0.08695652173913043,0.0
14192,Ping Pan,1233,0.0578,2026.0,2026.0,0.0,Dream Pop,Solo,0,1,1,0.0,2,4,0.0,0,1,1,1,0,2,1,0.0,0.0,0.0,0,0,0.0,0.08333333333333333,0.17391304347826086,0.0,0.0,0.0,0.0,0.25,0.08695652173913043,0.0
14194,Ping Yao,1233,0.0578,2026.0,2026.0,0.0,Dream Pop,Solo,0,1,1,0.0,2,4,0.0,0,1,1,1,0,2,1,0.0,0.0,0.0,0,0,0.0,0.08333333333333333,0.17391304347826086,0.0,0.0,0.0,0.0,0.25,0.08695652173913043,0.0
14196,Guiying Chen,1233,0.0578,2026.0,2026.0,0.0,Dream Pop,Solo,0,1,1,0.0,2,4,0.0,0,1,1,1,0,2,1,0.0,0.0,0.0,0,0,0.0,0.08333333333333333,0.17391304347826086,0.0,0.0,0.0,0.0,0.25,0.08695652173913043,0.0
15366,Kaira Dutt,1233,0.0578,2026.0,2026.0,0.0,Americana,Solo,0,1,1,0.0,2,4,0.0,0,1,1,1,0,2,1,0.0,0.0,0.0,0,0,0.0,0.08333333333333333,0.17391304347826086,0.0,0.0,0.0,0.0,0.25,0.08695652173913043,0.0
8361,Elizabeth Griffin,1233,0.0578,2027.0,2027.0,0.0,Psychedelic Rock,Solo,0,1,1,0.0,2,4,0.0,0,1,1,1,0,2,1,0.0,0.0,0.0,0,0,0.0,0.08333333333333333,0.17391304347826086,0.0,0.0,0.0,0.0,0.25,0.08695652173913043,0.0
15367,Anay Boase,1233,0.0578,2026.0,2026.0,0.0,Americana,Solo,0,1,1,0.0,2,4,0.0,0,1,1,1,0,2,1,0.0,0.0,0.0,0,0,0.0,0.08333333333333333,0.17391304347826086,0.0,0.0,0.0,0.0,0.25,0.08695652173913043,0.0
1593,Qiang Chang,1233,0.0578,2029.0,2029.0,0.0,Americana,Solo,0,1,1,0.0,2,4,0.0,0,1,1,1,0,2,1,0.0,0.0,0.0,0,0,0.0,0.08333333333333333,0.17391304347826086,0.0,0.0,0.0,0.0,0.25,0.08695652173913043,0.0
1592,Jie Yin,1233,0.0578,2029.0,2029.0,0.0,Americana,Solo,0,1,1,0.0,2,4,0.0,0,1,1,1,0,2,1,0.0,0.0,0.0,0,0,0.0,0.08333333333333333,0.17391304347826086,0.0,0.0,0.0,0.0,0.25,0.08695652173913043,0.0
1591,Fang Xu,1233,0.0578,2029.0,2029.0,0.0,Americana,Solo,0,1,1,0.0,2,4,0.0,0,1,1,1,0,2,1,0.0,0.0,0.0,0,0,0.0,0.08333333333333333,0.17391304347826086,0.0,0.0,0.0,0.0,0.25,0.08695652173913043,0.0
1589,Juan Yao,1233,0.0578,2029.0,2029.0,0.0,Americana,Solo,0,1,1,0.0,2,4,0.0,0,1,1,1,0,2,1,0.0,0.0,0.0,0,0,0.0,0.08333333333333333,0.17391304347826086,0.0,0.0,0.0,0.0,0.25,0.08695652173913043,0.0
331,Louis Armstrong,1233,0.0578,2025.0,2025.0,0.0,Blues Rock,Solo,0,1,1,0.0,2,4,0.0,0,1,1,1,0,2,1,0.0,0.0,0.0,0,0,0.0,0.08333333333333333,0.17391304347826086,0.0,0.0,0.0,0.0,0.25,0.08695652173913043,0.0
8218,Christopher Clark,1233,0.0578,2026.0,2026.0,0.0,Doom Metal,Solo,0,1,1,0.0,2,4,0.0,0,1,1,1,0,2,1,0.0,0.0,0.0,0,0,0.0,0.08333333333333333,0.17391304347826086,0.0,0.0,0.0,0.0,0.25,0.08695652173913043,0.0
3808,Tao Zheng,1233,0.0578,2026.0,2026.0,0.0,Space Rock,Solo,0,1,1,0.0,2,4,0.0,0,1,1,1,0,2,1,0.0,0.0,0.0,0,0,0.0,0.08333333333333333,0.17391304347826086,0.0,0.0,0.0,0.0,0.25,0.08695652173913043,0.0
8016,Gang Xie,1233,0.0578,2026.0,2026.0,0.0,Synthwave,Solo,0,1,1,0.0,2,4,0.0,0,1,1,1,0,2,1,0.0,0.0,0.0,0,0,0.0,0.08333333333333333,0.17391304347826086,0.0,0.0,0.0,0.0,0.25,0.08695652173913043,0.0
3809,Yan Yan,1233,0.0578,2026.0,2026.0,0.0,Space Rock,Solo,0,1,1,0.0,2,4,0.0,0,1,1,1,0,2,1,0.0,0.0,0.0,0,0,0.0,0.08333333333333333,0.17391304347826086,0.0,0.0,0.0,0.0,0.25,0.08695652173913043,0.0
8015,Kelly Lopez,1233,0.0578,2026.0,2026.0,0.0,Synthwave,Solo,0,1,1,0.0,2,4,0.0,0,1,1,1,0,2,1,0.0,0.0,0.0,0,0,0.0,0.08333333333333333,0.17391304347826086,0.0,0.0,0.0,0.0,0.25,0.08695652173913043,0.0
4759,Fang Tao,1233,0.0578,2029.0,2029.0,0.0,Jazz Surf Rock,Solo,0,1,1,0.0,2,4,0.0,0,1,1,1,0,2,1,0.0,0.0,0.0,0,0,0.0,0.08333333333333333,0.17391304347826086,0.0,0.0,0.0,0.0,0.25,0.08695652173913043,0.0
4709,Min Long,1233,0.0578,2028.0,2028.0,0.0,Jazz Surf Rock,Solo,0,1,1,0.0,2,4,0.0,0,1,1,1,0,2,1,0.0,0.0,0.0,0,0,0.0,0.08333333333333333,0.17391304347826086,0.0,0.0,0.0,0.0,0.25,0.08695652173913043,0.0
4708,Jing Long,1233,0.0578,2028.0,2028.0,0.0,Jazz Surf Rock,Solo,0,1,1,0.0,2,4,0.0,0,1,1,1,0,2,1,0.0,0.0,0.0,0,0,0.0,0.08333333333333333,0.17391304347826086,0.0,0.0,0.0,0.0,0.25,0.08695652173913043,0.0
4706,Fang Zhao,1233,0.0578,2028.0,2028.0,0.0,Jazz Surf Rock,Solo,0,1,1,0.0,2,4,0.0,0,1,1,1,0,2,1,0.0,0.0,0.0,0,0,0.0,0.08333333333333333,0.17391304347826086,0.0,0.0,0.0,0.0,0.25,0.08695652173913043,0.0
4705,Jun Huang,1233,0.0578,2028.0,2028.0,0.0,Jazz Surf Rock,Solo,0,1,1,0.0,2,4,0.0,0,1,1,1,0,2,1,0.0,0.0,0.0,0,0,0.0,0.08333333333333333,0.17391304347826086,0.0,0.0,0.0,0.0,0.25,0.08695652173913043,0.0
4396,Tao Yin,1233,0.0578,2029.0,2029.0,0.0,Oceanus Folk,Solo,0,1,1,0.0,2,4,0.0,0,1,1,1,0,2,1,1.0,1.0,1.0,1,2,0.0,0.08333333333333333,0.17391304347826086,0.0,0.0,0.0,0.0,0.25,0.08695652173913043,0.0
7789,Qiang Mao,1233,0.0578,2026.0,2026.0,0.0,Desert Rock,Solo,0,1,1,0.0,2,4,0.0,0,1,1,1,0,2,1,0.0,0.0,0.0,0,0,0.0,0.08333333333333333,0.17391304347826086,0.0,0.0,0.0,0.0,0.25,0.08695652173913043,0.0
7792,Wei Jia,1233,0.0578,2026.0,2026.0,0.0,Desert Rock,Solo,0,1,1,0.0,2,4,0.0,0,1,1,1,0,2,1,0.0,0.0,0.0,0,0,0.0,0.08333333333333333,0.17391304347826086,0.0,0.0,0.0,0.0,0.25,0.08695652173913043,0.0
4761,Qiang Zhou,1233,0.0578,2029.0,2029.0,0.0,Jazz Surf Rock,Solo,0,1,1,0.0,2,4,0.0,0,1,1,1,0,2,1,0.0,0.0,0.0,0,0,0.0,0.08333333333333333,0.17391304347826086,0.0,0.0,0.0,0.0,0.25,0.08695652173913043,0.0
4031,Ping Fu,1233,0.0578,2027.0,2027.0,0.0,Synthwave,Solo,0,1,1,0.0,2,4,0.0,0,1,1,1,0,2,1,0.0,0.0,0.0,0,0,0.0,0.08333333333333333,0.17391304347826086,0.0,0.0,0.0,0.0,0.25,0.08695652173913043,0.0
8654,Ming Sun,1233,0.0578,2027.0,2027.0,0.0,Psychedelic Rock,Solo,0,1,1,0.0,2,4,0.0,0,1,1,1,0,2,1,0.0,0.0,0.0,0,0,0.0,0.08333333333333333,0.17391304347826086,0.0,0.0,0.0,0.0,0.25,0.08695652173913043,0.0
7896,Li Chang,1233,0.0578,2029.0,2029.0,0.0,Symphonic Metal,Solo,0,0,1,0.0,2,4,0.0,0,1,1,1,0,2,1,0.0,0.0,0.0,0,0,0.0,0.08333333333333333,0.17391304347826086,0.0,0.0,0.0,0.0,0.25,0.08695652173913043,0.0
3920,William Diaz,1233,0.0578,2026.0,2026.0,0.0,Synthwave,Solo,0,1,1,0.0,2,4,0.0,0,1,1,1,0,2,1,0.0,0.0,0.0,0,0,0.0,0.08333333333333333,0.17391304347826086,0.0,0.0,0.0,0.0,0.25,0.08695652173913043,0.0
3919,Jason Miller,1233,0.0578,2026.0,2026.0,0.0,Synthwave,Solo,0,1,1,0.0,2,4,0.0,0,1,1,1,0,2,1,0.0,0.0,0.0,0,0,0.0,0.08333333333333333,0.17391304347826086,0.0,0.0,0.0,0.0,0.25,0.08695652173913043,0.0
3842,Na Shen,1233,0.0578,2027.0,2027.0,0.0,Dream Pop,Solo,0,1,1,0.0,2,4,0.0,0,1,1,1,0,2,1,0.0,0.0,0.0,0,0,0.0,0.08333333333333333,0.17391304347826086,0.0,0.0,0.0,0.0,0.25,0.08695652173913043,0.0
3840,Qiang Feng,1233,0.0578,2027.0,2027.0,0.0,Dream Pop,Solo,0,1,1,0.0,2,4,0.0,0,1,1,1,0,2,1,0.0,0.0,0.0,0,0,0.0,0.08333333333333333,0.17391304347826086,0.0,0.0,0.0,0.0,0.25,0.08695652173913043,0.0
3811,Xiuying Liu,1233,0.0578,2026.0,2026.0,0.0,Space Rock,Solo,0,1,1,0.0,2,4,0.0,0,1,1,1,0,2,1,0.0,0.0,0.0,0,0,0.0,0.08333333333333333,0.17391304347826086,0.0,0.0,0.0,0.0,0.25,0.08695652173913043,0.0
3810,Ping Meng,1233,0.0578,2026.0,2026.0,0.0,Space Rock,Solo,0,1,1,0.0,2,4,0.0,0,1,1,1,0,2,1,0.0,0.0,0.0,0,0,0.0,0.08333333333333333,0.17391304347826086,0.0,0.0,0.0,0.0,0.25,0.08695652173913043,0.0
13217,Guiying Gu,1233,0.0578,2025.0,2025.0,0.0,Desert Rock,Solo,0,1,1,0.0,2,4,0.0,0,1,1,1,0,2,1,0.0,0.0,0.0,0,0,0.0,0.08333333333333333,0.17391304347826086,0.0,0.0,0.0,0.0,0.25,0.08695652173913043,0.0
13218,Steven Smith,1233,0.0578,2025.0,2025.0,0.0,Desert Rock,Solo,0,1,1,0.0,2,4,0.0,0,1,1,1,0,2,1,0.0,0.0,0.0,0,0,0.0,0.08333333333333333,0.17391304347826086,0.0,0.0,0.0,0.0,0.25,0.08695652173913043,0.0
3921,Brooke Robinson,1233,0.0578,2026.0,2026.0,0.0,Synthwave,Solo,0,1,1,0.0,2,4,0.0,0,1,1,1,0,2,1,0.0,0.0,0.0,0,0,0.0,0.08333333333333333,0.17391304347826086,0.0,0.0,0.0,0.0,0.25,0.08695652173913043,0.0
12567,Krystyna Szklarek,1284,0.0575,2029.0,2029.0,0.0,Indie Rock,Solo,0,1,1,0.0,3,3,0.0,0,1,1,1,0,1,1,0.0,0.0,0.0,0,0,0.0,0.125,0.13043478260869565,0.0,0.0,0.0,0.0,0.25,0.043478260869565216,0.0
12566,Whitney Williams,1284,0.0575,2029.0,2029.0,0.0,Indie Rock,Solo,0,1,1,0.0,3,3,0.0,0,1,1,1,0,1,1,0.0,0.0,0.0,0,0,0.0,0.125,0.13043478260869565,0.0,0.0,0.0,0.0,0.25,0.043478260869565216,0.0
12565,Brianna Williams,1284,0.0575,2029.0,2029.0,0.0,Indie Rock,Solo,0,1,1,0.0,3,3,0.0,0,1,1,1,0,1,1,0.0,0.0,0.0,0,0,0.0,0.125,0.13043478260869565,0.0,0.0,0.0,0.0,0.25,0.043478260869565216,0.0
12568,Trevor Freeman,1284,0.0575,2029.0,2029.0,0.0,Indie Rock,Solo,0,1,1,0.0,3,3,0.0,0,1,1,1,0,1,1,0.0,0.0,0.0,0,0,0.0,0.125,0.13043478260869565,0.0,0.0,0.0,0.0,0.25,0.043478260869565216,0.0
8302,Min Cui,1288,0.0574,2030.0,2030.0,0.0,Indie Folk,Solo,0,1,1,0.0,1,4,0.0,1,1,1,1,0,1,2,0.0,0.0,0.0,0,0,0.0,0.041666666666666664,0.17391304347826086,0.0,0.0,0.047619047619047616,0.0,0.25,0.043478260869565216,0.5
8306,Li Gong,1288,0.0574,2030.0,2030.0,0.0,Indie Folk,Solo,0,1,1,0.0,1,4,0.0,1,1,1,1,0,1,2,0.0,0.0,0.0,0,0,0.0,0.041666666666666664,0.17391304347826086,0.0,0.0,0.047619047619047616,0.0,0.25,0.043478260869565216,0.5
5042,Janin Hartmann,1290,0.0573,2026.0,2026.0,0.0,Lo-Fi Electronica,Solo,0,1,1,0.0,5,1,0.0,0,1,0,0,0,5,2,0.0,0.0,0.0,0,0,0.0,0.20833333333333331,0.043478260869565216,0.0,0.0,0.0,0.0,0.0,0.21739130434782608,0.5
4924,Devon White,1290,0.0573,2029.0,2029.0,0.0,Darkwave,Solo,0,1,1,0.0,5,1,0.0,0,1,0,0,0,5,2,0.0,0.0,0.0,0,0,0.0,0.20833333333333331,0.043478260869565216,0.0,0.0,0.0,0.0,0.0,0.21739130434782608,0.5
11032,Ping Dong,1292,0.0571,2029.0,2029.0,0.0,Synthwave,Solo,0,1,1,0.0,3,4,0.0,0,1,0,0,0,3,2,0.0,0.0,0.0,0,0,0.0,0.125,0.17391304347826086,0.0,0.0,0.0,0.0,0.0,0.13043478260869565,0.5
11030,Jing Pan,1292,0.0571,2029.0,2029.0,0.0,Synthwave,Solo,0,1,1,0.0,3,4,0.0,0,1,0,0,0,3,2,0.0,0.0,0.0,0,0,0.0,0.125,0.17391304347826086,0.0,0.0,0.0,0.0,0.0,0.13043478260869565,0.5
10263,Fang Pan,1292,0.0571,2028.0,2028.0,0.0,Jazz Surf Rock,Solo,0,1,1,0.0,3,4,0.0,0,1,0,0,0,3,2,0.0,0.0,0.0,0,0,0.0,0.125,0.17391304347826086,0.0,0.0,0.0,0.0,0.0,0.13043478260869565,0.5
11358,Ronald Warner,1295,0.057,2026.0,2026.0,0.0,Alternative Rock,Solo,0,1,1,0.0,4,0,0.0,0,1,1,1,0,4,2,0.0,0.0,0.0,0,0,0.0,0.16666666666666666,0.0,0.0,0.0,0.0,0.0,0.25,0.17391304347826086,0.5
1654,Concepción Ripoll,1296,0.0567,2027.0,2027.0,0.0,Synthwave,Solo,0,1,1,0.0,2,3,0.0,0,1,1,1,0,2,2,0.0,0.0,0.0,0,0,0.0,0.08333333333333333,0.13043478260869565,0.0,0.0,0.0,0.0,0.25,0.08695652173913043,0.5
7751,Erik Huang Jr.,1296,0.0567,2028.0,2028.0,0.0,Synthwave,Solo,0,1,1,0.0,2,3,0.0,0,1,1,1,0,2,2,0.0,0.0,0.0,0,0,0.0,0.08333333333333333,0.13043478260869565,0.0,0.0,0.0,0.0,0.25,0.08695652173913043,0.5
13270,David Castaneda,1296,0.0567,2027.0,2027.0,0.0,Dream Pop,Solo,0,1,1,0.0,2,3,0.0,0,1,1,1,0,2,2,0.0,0.0,0.0,0,0,0.0,0.08333333333333333,0.13043478260869565,0.0,0.0,0.0,0.0,0.25,0.08695652173913043,0.5
905,Daniel Mitchell,1296,0.0567,2029.0,2029.0,0.0,Jazz Surf Rock,Solo,0,1,1,0.0,2,3,0.0,0,1,1,1,0,2,2,0.0,0.0,0.0,0,0,0.0,0.08333333333333333,0.13043478260869565,0.0,0.0,0.0,0.0,0.25,0.08695652173913043,0.5
15558,Min Zhou,1296,0.0567,2028.0,2028.0,0.0,Jazz Surf Rock,Solo,0,1,1,0.0,2,3,0.0,0,1,1,1,0,2,2,0.0,0.0,0.0,0,0,0.0,0.08333333333333333,0.13043478260869565,0.0,0.0,0.0,0.0,0.25,0.08695652173913043,0.5
7785,Stephanie Gray,1296,0.0567,2028.0,2028.0,0.0,Alternative Rock,Solo,0,1,1,0.0,2,3,0.0,0,1,1,1,0,2,2,0.0,0.0,0.0,0,0,0.0,0.08333333333333333,0.13043478260869565,0.0,0.0,0.0,0.0,0.25,0.08695652173913043,0.5
15915,Chao Zhong,1296,0.0567,2025.0,2025.0,0.0,Americana,Solo,0,1,1,0.0,2,3,0.0,0,1,1,1,0,2,2,0.0,0.0,0.0,0,0,0.0,0.08333333333333333,0.13043478260869565,0.0,0.0,0.0,0.0,0.25,0.08695652173913043,0.5
6294,Yang Cao,1296,0.0567,2025.0,2025.0,0.0,Dream Pop,Solo,0,1,1,0.0,2,3,0.0,0,1,1,1,0,2,2,0.0,0.0,0.0,0,0,0.0,0.08333333333333333,0.13043478260869565,0.0,0.0,0.0,0.0,0.25,0.08695652173913043,0.5
6291,Xiulan Hao,1296,0.0567,2029.0,2029.0,0.0,Jazz Surf Rock,Solo,0,1,1,0.0,2,3,0.0,0,1,1,1,0,2,2,0.0,0.0,0.0,0,0,0.0,0.08333333333333333,0.13043478260869565,0.0,0.0,0.0,0.0,0.25,0.08695652173913043,0.5
4643,Jacob Romero,1296,0.0567,2026.0,2026.0,0.0,Indie Folk,Solo,0,1,1,0.0,2,3,0.0,0,1,1,1,0,2,2,0.25,0.0,0.5,0,1,0.0,0.08333333333333333,0.13043478260869565,0.0,0.0,0.0,0.0,0.25,0.08695652173913043,0.5
3647,Na Li,1296,0.0567,2029.0,2029.0,0.0,Desert Rock,Solo,0,1,1,0.0,2,3,0.0,0,1,1,1,0,2,2,0.25,0.0,0.5,0,1,0.0,0.08333333333333333,0.13043478260869565,0.0,0.0,0.0,0.0,0.25,0.08695652173913043,0.5
8362,Xiulan Shao,1296,0.0567,2029.0,2029.0,0.0,Dream Pop,Solo,0,1,1,0.0,2,3,0.0,0,1,1,1,0,2,2,0.0,0.0,0.0,0,0,0.0,0.08333333333333333,0.13043478260869565,0.0,0.0,0.0,0.0,0.25,0.08695652173913043,0.5
6862,Xia Qiu,1296,0.0567,2028.0,2028.0,0.0,Alternative Rock,Solo,0,1,1,0.0,2,3,0.0,0,1,1,1,0,2,2,0.0,0.0,0.0,0,0,0.0,0.08333333333333333,0.13043478260869565,0.0,0.0,0.0,0.0,0.25,0.08695652173913043,0.5
15919,Na Cai,1296,0.0567,2025.0,2025.0,0.0,Americana,Solo,0,1,1,0.0,2,3,0.0,0,1,1,1,0,2,2,0.0,0.0,0.0,0,0,0.0,0.08333333333333333,0.13043478260869565,0.0,0.0,0.0,0.0,0.25,0.08695652173913043,0.5
8897,Xia Meng,1296,0.0567,2025.0,2025.0,0.0,Darkwave,Solo,0,1,1,0.0,2,3,0.0,0,1,1,1,0,2,2,0.0,0.0,0.0,0,0,0.0,0.08333333333333333,0.13043478260869565,0.0,0.0,0.0,0.0,0.25,0.08695652173913043,0.5
7783, BLVE,1296,0.0567,2028.0,2028.0,0.0,Alternative Rock,Solo,0,1,1,0.0,2,3,0.0,0,1,1,1,0,2,2,0.0,0.0,0.0,0,0,0.0,0.08333333333333333,0.13043478260869565,0.0,0.0,0.0,0.0,0.25,0.08695652173913043,0.5
2919,Yong Li,1296,0.0567,2026.0,2026.0,0.0,Dream Pop,Solo,0,1,1,0.0,2,3,0.0,0,1,1,1,0,2,2,0.0,0.0,0.0,0,0,0.0,0.08333333333333333,0.13043478260869565,0.0,0.0,0.0,0.0,0.25,0.08695652173913043,0.5
2916,Jie Wei,1296,0.0567,2026.0,2026.0,0.0,Dream Pop,Solo,0,1,1,0.0,2,3,0.0,0,1,1,1,0,2,2,0.0,0.0,0.0,0,0,0.0,0.08333333333333333,0.13043478260869565,0.0,0.0,0.0,0.0,0.25,0.08695652173913043,0.5
2171,Lisa Martin,1296,0.0567,2026.0,2026.0,0.0,Oceanus Folk,Solo,0,1,1,0.0,2,3,0.0,0,1,1,1,0,2,2,0.75,1.0,0.5,1,1,0.0,0.08333333333333333,0.13043478260869565,0.0,0.0,0.0,0.0,0.25,0.08695652173913043,0.5
3035,Yan Cai,1296,0.0567,2028.0,2028.0,0.0,Desert Rock,Solo,0,1,1,0.0,2,3,0.0,0,1,1,1,0,2,2,0.25,0.0,0.5,0,1,0.0,0.08333333333333333,0.13043478260869565,0.0,0.0,0.0,0.0,0.25,0.08695652173913043,0.5
9176,Pamela Roberts,1296,0.0567,2028.0,2028.0,0.0,Indie Folk,Solo,0,1,1,0.0,2,3,0.0,0,1,1,1,0,2,2,0.0,0.0,0.0,0,0,0.0,0.08333333333333333,0.13043478260869565,0.0,0.0,0.0,0.0,0.25,0.08695652173913043,0.5
5926,Lei Ren,1296,0.0567,2026.0,2026.0,0.0,Darkwave,Solo,0,1,1,0.0,2,3,0.0,0,1,1,1,0,2,2,0.0,0.0,0.0,0,0,0.0,0.08333333333333333,0.13043478260869565,0.0,0.0,0.0,0.0,0.25,0.08695652173913043,0.5
511,Mateusz Mikoda,1296,0.0567,2028.0,2028.0,0.0,Alternative Rock,Solo,0,2,2,0.0,2,3,0.0,0,1,1,1,0,2,2,0.0,0.0,0.0,0,0,0.0,0.08333333333333333,0.13043478260869565,0.0,0.0,0.0,0.0,0.25,0.08695652173913043,0.5
14717,Jonathan Oestrovsky,1296,0.0567,2026.0,2026.0,0.0,Psychedelic Rock,Solo,0,1,1,0.0,2,3,0.0,0,1,1,1,0,2,2,0.0,0.0,0.0,0,0,0.0,0.08333333333333333,0.13043478260869565,0.0,0.0,0.0,0.0,0.25,0.08695652173913043,0.5
13593,Gang Dai,1320,0.0565,2026.0,2026.0,0.0,Synthwave,Solo,0,1,1,0.0,0,6,0.0,0,1,1,1,0,0,2,0.0,0.0,0.0,0,0,0.0,0.0,0.2608695652173913,0.0,0.0,0.0,0.0,0.25,0.0,0.5
14926,Jun Chang,1320,0.0565,2025.0,2025.0,0.0,Dream Pop,Solo,0,1,1,0.0,0,6,0.0,0,1,1,1,0,0,2,0.0,0.0,0.0,0,0,0.0,0.0,0.2608695652173913,0.0,0.0,0.0,0.0,0.25,0.0,0.5
12002,Caroline Lloyd,1322,0.0562,2026.0,2026.0,0.0,Post-Apocalyptic Folk,Solo,0,1,1,0.0,5,0,0.0,0,1,0,0,0,5,3,0.0,0.0,0.0,0,0,0.0,0.20833333333333331,0.0,0.0,0.0,0.0,0.0,0.0,0.21739130434782608,1.0
131,Li Lin,1323,0.0561,2026.0,2026.0,0.0,Indie Rock,Solo,0,1,1,0.0,2,4,0.0,0,1,1,1,0,1,1,0.0,0.0,0.0,0,0,0.0,0.08333333333333333,0.17391304347826086,0.0,0.0,0.0,0.0,0.25,0.043478260869565216,0.0
136,Fang Kong,1323,0.0561,2026.0,2026.0,0.0,Indie Rock,Solo,0,1,1,0.0,2,4,0.0,0,1,1,1,0,1,1,0.0,0.0,0.0,0,0,0.0,0.08333333333333333,0.17391304347826086,0.0,0.0,0.0,0.0,0.25,0.043478260869565216,0.0
132,Jie Yu,1323,0.0561,2026.0,2026.0,0.0,Indie Rock,Solo,0,1,1,0.0,2,4,0.0,0,1,1,1,0,1,1,0.0,0.0,0.0,0,0,0.0,0.08333333333333333,0.17391304347826086,0.0,0.0,0.0,0.0,0.25,0.043478260869565216,0.0
134,Steven Cordova,1323,0.0561,2026.0,2026.0,0.0,Indie Rock,Solo,0,1,1,0.0,2,4,0.0,0,1,1,1,0,1,1,0.0,0.0,0.0,0,0,0.0,0.08333333333333333,0.17391304347826086,0.0,0.0,0.0,0.0,0.25,0.043478260869565216,0.0
135,Xia Chang,1323,0.0561,2026.0,2026.0,0.0,Indie Rock,Solo,0,1,1,0.0,2,4,0.0,0,1,1,1,0,1,1,0.0,0.0,0.0,0,0,0.0,0.08333333333333333,0.17391304347826086,0.0,0.0,0.0,0.0,0.25,0.043478260869565216,0.0
11834,Zaira Balotelli-Peano,1328,0.056,2026.0,2026.0,0.0,Indie Folk,Solo,0,1,1,0.0,3,3,0.0,0,1,0,0,0,3,3,0.3333,0.0,0.6666666666666666,0,2,0.0,0.125,0.13043478260869565,0.0,0.0,0.0,0.0,0.0,0.13043478260869565,1.0
2377,Fang Xiong,1329,0.0555,2030.0,2030.0,0.0,Dream Pop,Solo,0,1,1,0.0,2,3,0.0,1,1,1,1,0,2,1,0.0,0.0,0.0,0,0,0.0,0.08333333333333333,0.13043478260869565,0.0,0.0,0.047619047619047616,0.0,0.25,0.08695652173913043,0.0
2375,Lei Xiong,1329,0.0555,2030.0,2030.0,0.0,Dream Pop,Solo,0,1,1,0.0,2,3,0.0,1,1,1,1,0,2,1,0.0,0.0,0.0,0,0,0.0,0.08333333333333333,0.13043478260869565,0.0,0.0,0.047619047619047616,0.0,0.25,0.08695652173913043,0.0
2376,Chao Duan,1329,0.0555,2030.0,2030.0,0.0,Dream Pop,Solo,0,1,1,0.0,2,3,0.0,1,1,1,1,0,2,1,0.0,0.0,0.0,0,0,0.0,0.08333333333333333,0.13043478260869565,0.0,0.0,0.047619047619047616,0.0,0.25,0.08695652173913043,0.0
10945,Seraphine,1332,0.0554,2026.0,2026.0,0.0,Dream Pop,Solo,0,1,1,0.0,6,0,0.0,0,1,0,0,0,6,1,0.0,0.0,0.0,0,0,0.0,0.25,0.0,0.0,0.0,0.0,0.0,0.0,0.2608695652173913,0.0
16268,Wei Chen,1333,0.0552,2026.0,2026.0,0.0,Oceanus Folk,Solo,0,1,1,0.0,4,3,0.0,0,1,0,0,0,4,1,0.75,1.0,0.5,1,2,0.0,0.16666666666666666,0.13043478260869565,0.0,0.0,0.0,0.0,0.0,0.17391304347826086,0.0
16266,Ming Xiang,1333,0.0552,2026.0,2026.0,0.0,Oceanus Folk,Solo,0,1,1,0.0,4,3,0.0,0,1,0,0,0,4,1,0.75,1.0,0.5,1,2,0.0,0.16666666666666666,0.13043478260869565,0.0,0.0,0.0,0.0,0.0,0.17391304347826086,0.0
11462,Juan Su,1333,0.0552,2026.0,2026.0,0.0,Post-Apocalyptic Folk,Solo,0,1,1,0.0,4,3,0.0,0,1,0,0,0,4,1,0.0,0.0,0.0,0,0,0.0,0.16666666666666666,0.13043478260869565,0.0,0.0,0.0,0.0,0.0,0.17391304347826086,0.0
5365, Diamond Dusk,1336,0.055,2027.0,2027.0,0.0,Dream Pop,Solo,0,1,1,0.0,2,6,0.0,0,1,0,0,0,2,1,0.0,0.0,0.0,0,0,0.0,0.08333333333333333,0.2608695652173913,0.0,0.0,0.0,0.0,0.0,0.08695652173913043,0.0
5369,Lei Xie,1336,0.055,2027.0,2027.0,0.0,Dream Pop,Solo,0,1,1,0.0,2,6,0.0,0,1,0,0,0,2,1,0.0,0.0,0.0,0,0,0.0,0.08333333333333333,0.2608695652173913,0.0,0.0,0.0,0.0,0.0,0.08695652173913043,0.0
5301,TR1P LIT,1336,0.055,2027.0,2027.0,0.0,Psychedelic Rock,Solo,0,1,1,0.0,2,3,0.0,0,1,1,1,0,1,2,0.0,0.0,0.0,0,0,0.0,0.08333333333333333,0.13043478260869565,0.0,0.0,0.0,0.0,0.25,0.043478260869565216,0.5
12361,Jhanvi Krishnamurthy,1339,0.0549,2029.0,2029.0,0.0,Symphonic Metal,Solo,0,1,1,0.0,3,2,0.0,0,1,1,1,0,3,1,0.0,0.0,0.0,0,0,0.0,0.125,0.08695652173913043,0.0,0.0,0.0,0.0,0.25,0.13043478260869565,0.0
12360,Anahi Buch,1339,0.0549,2029.0,2029.0,0.0,Symphonic Metal,Solo,0,1,1,0.0,3,2,0.0,0,1,1,1,0,3,1,0.0,0.0,0.0,0,0,0.0,0.125,0.08695652173913043,0.0,0.0,0.0,0.0,0.25,0.13043478260869565,0.0
14254,Romil Sibal,1339,0.0549,2028.0,2028.0,0.0,Indie Rock,Solo,0,1,1,0.0,3,2,0.0,0,1,1,1,0,3,1,0.0,0.0,0.0,0,0,0.0,0.125,0.08695652173913043,0.0,0.0,0.0,0.0,0.25,0.13043478260869565,0.0
15209,James Beard,1339,0.0549,2029.0,2029.0,0.0,Space Rock,Solo,0,1,1,0.0,3,2,0.0,0,1,1,1,0,3,1,0.0,0.0,0.0,0,0,0.0,0.125,0.08695652173913043,0.0,0.0,0.0,0.0,0.25,0.13043478260869565,0.0
15208,Na Chang,1339,0.0549,2029.0,2029.0,0.0,Space Rock,Solo,0,1,1,0.0,3,2,0.0,0,1,1,1,0,3,1,0.0,0.0,0.0,0,0,0.0,0.125,0.08695652173913043,0.0,0.0,0.0,0.0,0.25,0.13043478260869565,0.0
1316,Guiying Zheng,1339,0.0549,2029.0,2029.0,0.0,Synthwave,Solo,0,1,1,0.0,3,2,0.0,0,1,1,1,0,3,1,0.3333,0.0,0.6666666666666666,0,2,0.0,0.125,0.08695652173913043,0.0,0.0,0.0,0.0,0.25,0.13043478260869565,0.0
10083,Brandi Riley,1339,0.0549,2028.0,2028.0,0.0,Indie Rock,Solo,0,1,1,0.0,3,2,0.0,0,1,1,1,0,3,1,0.0,0.0,0.0,0,0,0.0,0.125,0.08695652173913043,0.0,0.0,0.0,0.0,0.25,0.13043478260869565,0.0
5097,Sandra Miller,1339,0.0549,2026.0,2026.0,0.0,Synthwave,Solo,0,1,1,0.0,3,2,0.0,0,1,1,1,0,3,1,0.0,0.0,0.0,0,0,0.0,0.125,0.08695652173913043,0.0,0.0,0.0,0.0,0.25,0.13043478260869565,0.0
14252,Elakshi Shukla,1339,0.0549,2028.0,2028.0,0.0,Indie Rock,Solo,0,1,1,0.0,3,2,0.0,0,1,1,1,0,3,1,0.0,0.0,0.0,0,0,0.0,0.125,0.08695652173913043,0.0,0.0,0.0,0.0,0.25,0.13043478260869565,0.0
14815,Thomas Boyle,1339,0.0549,2025.0,2025.0,0.0,Synthwave,Solo,0,1,1,0.0,3,2,0.0,0,1,1,1,0,3,1,0.0,0.0,0.0,0,0,0.0,0.125,0.08695652173913043,0.0,0.0,0.0,0.0,0.25,0.13043478260869565,0.0
5175,Lei Zhou,1339,0.0549,2029.0,2029.0,0.0,Dream Pop,Solo,0,1,1,0.0,3,2,0.0,0,1,1,1,0,3,1,0.0,0.0,0.0,0,0,0.0,0.125,0.08695652173913043,0.0,0.0,0.0,0.0,0.25,0.13043478260869565,0.0
9656,Jennifer Harris,1339,0.0549,2029.0,2029.0,0.0,Oceanus Folk,Solo,0,1,1,0.0,3,2,0.0,0,1,1,1,0,3,1,0.8333,1.0,0.6666666666666666,1,2,0.0,0.125,0.08695652173913043,0.0,0.0,0.0,0.0,0.25,0.13043478260869565,0.0
11466,Jun Wang,1339,0.0549,2028.0,2028.0,0.0,Space Rock,Solo,0,1,1,0.0,3,2,0.0,0,1,1,1,0,3,1,0.0,0.0,0.0,0,0,0.0,0.125,0.08695652173913043,0.0,0.0,0.0,0.0,0.25,0.13043478260869565,0.0
5177,Jing Zhong,1339,0.0549,2029.0,2029.0,0.0,Dream Pop,Solo,0,1,1,0.0,3,2,0.0,0,1,1,1,0,3,1,0.0,0.0,0.0,0,0,0.0,0.125,0.08695652173913043,0.0,0.0,0.0,0.0,0.25,0.13043478260869565,0.0
9459,Chirag Bahri,1339,0.0549,2027.0,2027.0,0.0,Post-Apocalyptic Folk,Solo,0,1,1,0.0,3,2,0.0,0,1,1,1,0,3,1,0.0,0.0,0.0,0,0,0.0,0.125,0.08695652173913043,0.0,0.0,0.0,0.0,0.25,0.13043478260869565,0.0
9174,Edward Kirby,1339,0.0549,2026.0,2026.0,0.0,Indie Rock,Solo,0,1,1,0.0,3,2,0.0,0,1,1,1,0,3,1,0.0,0.0,0.0,0,0,0.0,0.125,0.08695652173913043,0.0,0.0,0.0,0.0,0.25,0.13043478260869565,0.0
9460,Raunak Rana,1339,0.0549,2027.0,2027.0,0.0,Post-Apocalyptic Folk,Solo,0,1,1,0.0,3,2,0.0,0,1,1,1,0,3,1,0.0,0.0,0.0,0,0,0.0,0.125,0.08695652173913043,0.0,0.0,0.0,0.0,0.25,0.13043478260869565,0.0
10843,Daniel Watson,1339,0.0549,2026.0,2026.0,0.0,Speed Metal,Solo,0,1,1,0.0,3,2,0.0,0,1,1,1,0,3,1,0.0,0.0,0.0,0,0,0.0,0.125,0.08695652173913043,0.0,0.0,0.0,0.0,0.25,0.13043478260869565,0.0
10842,Julie Thomas,1339,0.0549,2026.0,2026.0,0.0,Speed Metal,Solo,0,1,1,0.0,3,2,0.0,0,1,1,1,0,3,1,0.0,0.0,0.0,0,0,0.0,0.125,0.08695652173913043,0.0,0.0,0.0,0.0,0.25,0.13043478260869565,0.0
6531,Guiying Cui,1358,0.0547,2029.0,2029.0,0.0,Dream Pop,Solo,0,1,1,0.0,1,5,0.0,0,1,1,1,0,1,1,0.0,0.0,0.0,0,0,0.0,0.041666666666666664,0.21739130434782608,0.0,0.0,0.0,0.0,0.25,0.043478260869565216,0.0
5594,Marc Arroyo,1358,0.0547,2025.0,2025.0,0.0,Symphonic Metal,Solo,0,1,1,0.0,1,5,0.0,0,1,1,1,0,1,1,0.0,0.0,0.0,0,0,0.0,0.041666666666666664,0.21739130434782608,0.0,0.0,0.0,0.0,0.25,0.043478260869565216,0.0
6530, M.K. Ultra,1358,0.0547,2029.0,2029.0,0.0,Dream Pop,Solo,0,1,1,0.0,1,5,0.0,0,1,1,1,0,1,1,0.0,0.0,0.0,0,0,0.0,0.041666666666666664,0.21739130434782608,0.0,0.0,0.0,0.0,0.25,0.043478260869565216,0.0
5593,Silvia Baum,1358,0.0547,2025.0,2025.0,0.0,Symphonic Metal,Solo,0,1,1,0.0,1,5,0.0,0,1,1,1,0,1,1,0.0,0.0,0.0,0,0,0.0,0.041666666666666664,0.21739130434782608,0.0,0.0,0.0,0.0,0.25,0.043478260869565216,0.0
13283,Yang Xue,1358,0.0547,2027.0,2027.0,0.0,Jazz Surf Rock,Solo,0,1,1,0.0,1,5,0.0,0,1,1,1,0,1,1,0.0,0.0,0.0,0,0,0.0,0.041666666666666664,0.21739130434782608,0.0,0.0,0.0,0.0,0.25,0.043478260869565216,0.0
14693,Yan Fu,1358,0.0547,2026.0,2026.0,0.0,Dream Pop,Solo,0,1,1,0.0,1,5,0.0,0,1,1,1,0,1,1,0.0,0.0,0.0,0,0,0.0,0.041666666666666664,0.21739130434782608,0.0,0.0,0.0,0.0,0.25,0.043478260869565216,0.0
664,Ping Xie,1358,0.0547,2028.0,2028.0,0.0,Indie Folk,Solo,0,1,1,0.0,1,5,0.0,0,1,1,1,0,1,1,0.5,0.0,1.0,0,1,0.0,0.041666666666666664,0.21739130434782608,0.0,0.0,0.0,0.0,0.25,0.043478260869565216,0.0
665,Mary Harris,1358,0.0547,2028.0,2028.0,0.0,Indie Folk,Solo,0,1,1,0.0,1,5,0.0,0,1,1,1,0,1,1,0.5,0.0,1.0,0,1,0.0,0.041666666666666664,0.21739130434782608,0.0,0.0,0.0,0.0,0.25,0.043478260869565216,0.0
666,Tanya Webb,1358,0.0547,2028.0,2028.0,0.0,Indie Folk,Solo,0,1,1,0.0,1,5,0.0,0,1,1,1,0,1,1,0.5,0.0,1.0,0,1,0.0,0.041666666666666664,0.21739130434782608,0.0,0.0,0.0,0.0,0.25,0.043478260869565216,0.0
668,Xia Ye,1358,0.0547,2028.0,2028.0,0.0,Indie Folk,Solo,0,1,1,0.0,1,5,0.0,0,1,1,1,0,1,1,0.5,0.0,1.0,0,1,0.0,0.041666666666666664,0.21739130434782608,0.0,0.0,0.0,0.0,0.25,0.043478260869565216,0.0
5592,Anja Niemeier,1358,0.0547,2025.0,2025.0,0.0,Symphonic Metal,Solo,0,1,1,0.0,1,5,0.0,0,1,1,1,0,1,1,0.0,0.0,0.0,0,0,0.0,0.041666666666666664,0.21739130434782608,0.0,0.0,0.0,0.0,0.25,0.043478260869565216,0.0
14692, TEMP£E,1358,0.0547,2026.0,2026.0,0.0,Dream Pop,Solo,0,1,1,0.0,1,5,0.0,0,1,1,1,0,1,1,0.0,0.0,0.0,0,0,0.0,0.041666666666666664,0.21739130434782608,0.0,0.0,0.0,0.0,0.25,0.043478260869565216,0.0
15700,Ping Qiu,1358,0.0547,2026.0,2026.0,0.0,Indie Folk,Solo,0,1,1,0.0,1,5,0.0,0,1,1,1,0,1,1,0.0,0.0,0.0,0,0,0.0,0.041666666666666664,0.21739130434782608,0.0,0.0,0.0,0.0,0.25,0.043478260869565216,0.0
9134,RAWK ST4R,1358,0.0547,2029.0,2029.0,0.0,Darkwave,Solo,0,1,1,0.0,1,5,0.0,0,1,1,1,0,1,1,0.0,0.0,0.0,0,0,0.0,0.041666666666666664,0.21739130434782608,0.0,0.0,0.0,0.0,0.25,0.043478260869565216,0.0
14246,Joseph Rey,1358,0.0547,2026.0,2026.0,0.0,Post-Apocalyptic Folk,Solo,0,1,1,0.0,1,5,0.0,0,1,1,1,0,1,1,0.0,0.0,0.0,0,0,0.0,0.041666666666666664,0.21739130434782608,0.0,0.0,0.0,0.0,0.25,0.043478260869565216,0.0
14248,Melissa Matthews,1358,0.0547,2026.0,2026.0,0.0,Post-Apocalyptic Folk,Solo,0,1,1,0.0,1,5,0.0,0,1,1,1,0,1,1,0.0,0.0,0.0,0,0,0.0,0.041666666666666664,0.21739130434782608,0.0,0.0,0.0,0.0,0.25,0.043478260869565216,0.0
14249,Danny Brooks,1358,0.0547,2026.0,2026.0,0.0,Post-Apocalyptic Folk,Solo,0,1,1,0.0,1,5,0.0,0,1,1,1,0,1,1,0.0,0.0,0.0,0,0,0.0,0.041666666666666664,0.21739130434782608,0.0,0.0,0.0,0.0,0.25,0.043478260869565216,0.0
10921,Carlos Cannon,1358,0.0547,2029.0,2029.0,0.0,Psychedelic Rock,Solo,0,1,1,0.0,1,5,0.0,0,1,1,1,0,1,1,0.0,0.0,0.0,0,0,0.0,0.041666666666666664,0.21739130434782608,0.0,0.0,0.0,0.0,0.25,0.043478260869565216,0.0
16733,Na Jiang,1358,0.0547,2029.0,2029.0,0.0,Oceanus Folk,Solo,0,1,1,0.0,1,5,0.0,0,1,1,1,0,1,1,1.0,1.0,1.0,1,1,0.0,0.041666666666666664,0.21739130434782608,0.0,0.0,0.0,0.0,0.25,0.043478260869565216,0.0
16732,Na Peng,1358,0.0547,2029.0,2029.0,0.0,Oceanus Folk,Solo,0,1,1,0.0,1,5,0.0,0,1,1,1,0,1,1,1.0,1.0,1.0,1,1,0.0,0.041666666666666664,0.21739130434782608,0.0,0.0,0.0,0.0,0.25,0.043478260869565216,0.0
16731,Guiying Dong,1358,0.0547,2029.0,2029.0,0.0,Oceanus Folk,Solo,0,1,1,0.0,1,5,0.0,0,1,1,1,0,1,1,1.0,1.0,1.0,1,1,0.0,0.041666666666666664,0.21739130434782608,0.0,0.0,0.0,0.0,0.25,0.043478260869565216,0.0
10925,Xia Fang,1358,0.0547,2029.0,2029.0,0.0,Psychedelic Rock,Solo,0,1,1,0.0,1,5,0.0,0,1,1,1,0,1,1,0.0,0.0,0.0,0,0,0.0,0.041666666666666664,0.21739130434782608,0.0,0.0,0.0,0.0,0.25,0.043478260869565216,0.0
10920,Guiying Liao,1358,0.0547,2029.0,2029.0,0.0,Psychedelic Rock,Solo,0,1,1,0.0,1,5,0.0,0,1,1,1,0,1,1,0.0,0.0,0.0,0,0,0.0,0.041666666666666664,0.21739130434782608,0.0,0.0,0.0,0.0,0.25,0.043478260869565216,0.0
10926,Yan Kong,1358,0.0547,2029.0,2029.0,0.0,Psychedelic Rock,Solo,0,1,1,0.0,1,5,0.0,0,1,1,1,0,1,1,0.0,0.0,0.0,0,0,0.0,0.041666666666666664,0.21739130434782608,0.0,0.0,0.0,0.0,0.25,0.043478260869565216,0.0
13860,Emilio Farnese,1358,0.0547,2029.0,2029.0,0.0,Dream Pop,Solo,0,1,1,0.0,1,5,0.0,0,1,1,1,0,1,1,0.0,0.0,0.0,0,0,0.0,0.041666666666666664,0.21739130434782608,0.0,0.0,0.0,0.0,0.25,0.043478260869565216,0.0
13857,Lara Scaramucci-Santi,1358,0.0547,2029.0,2029.0,0.0,Dream Pop,Solo,0,1,1,0.0,1,5,0.0,0,1,1,1,0,1,1,0.0,0.0,0.0,0,0,0.0,0.041666666666666664,0.21739130434782608,0.0,0.0,0.0,0.0,0.25,0.043478260869565216,0.0
10927,Ping Jin,1358,0.0547,2029.0,2029.0,0.0,Psychedelic Rock,Solo,0,1,1,0.0,1,5,0.0,0,1,1,1,0,1,1,0.0,0.0,0.0,0,0,0.0,0.041666666666666664,0.21739130434782608,0.0,0.0,0.0,0.0,0.25,0.043478260869565216,0.0
13856,Giustino Carocci,1358,0.0547,2029.0,2029.0,0.0,Dream Pop,Solo,0,1,1,0.0,1,5,0.0,0,1,1,1,0,1,1,0.0,0.0,0.0,0,0,0.0,0.041666666666666664,0.21739130434782608,0.0,0.0,0.0,0.0,0.25,0.043478260869565216,0.0
13855,Jacopo Vianello,1358,0.0547,2029.0,2029.0,0.0,Dream Pop,Solo,0,1,1,0.0,1,5,0.0,0,1,1,1,0,1,1,0.0,0.0,0.0,0,0,0.0,0.041666666666666664,0.21739130434782608,0.0,0.0,0.0,0.0,0.25,0.043478260869565216,0.0
6533,Qiang Tao,1358,0.0547,2029.0,2029.0,0.0,Dream Pop,Solo,0,1,1,0.0,1,5,0.0,0,1,1,1,0,1,1,0.0,0.0,0.0,0,0,0.0,0.041666666666666664,0.21739130434782608,0.0,0.0,0.0,0.0,0.25,0.043478260869565216,0.0
5595,Marco Kusch,1358,0.0547,2025.0,2025.0,0.0,Symphonic Metal,Solo,0,1,1,0.0,1,5,0.0,0,1,1,1,0,1,1,0.0,0.0,0.0,0,0,0.0,0.041666666666666664,0.21739130434782608,0.0,0.0,0.0,0.0,0.25,0.043478260869565216,0.0
14244,Rebecca Marshall,1358,0.0547,2026.0,2026.0,0.0,Post-Apocalyptic Folk,Solo,0,1,1,0.0,1,5,0.0,0,1,1,1,0,1,1,0.0,0.0,0.0,0,0,0.0,0.041666666666666664,0.21739130434782608,0.0,0.0,0.0,0.0,0.25,0.043478260869565216,0.0
4914,Mark Mueller,1358,0.0547,2028.0,2028.0,0.0,Space Rock,Solo,0,1,1,0.0,1,5,0.0,0,1,1,1,0,1,1,0.0,0.0,0.0,0,0,0.0,0.041666666666666664,0.21739130434782608,0.0,0.0,0.0,0.0,0.25,0.043478260869565216,0.0
5196, Leo Winter,1358,0.0547,2027.0,2027.0,0.0,Dream Pop,Solo,0,1,1,0.0,1,5,0.0,0,1,1,1,0,1,1,0.0,0.0,0.0,0,0,0.0,0.041666666666666664,0.21739130434782608,0.0,0.0,0.0,0.0,0.25,0.043478260869565216,0.0
4917,Katherine Dodson,1358,0.0547,2028.0,2028.0,0.0,Space Rock,Solo,0,1,1,0.0,1,5,0.0,0,1,1,1,0,1,1,0.0,0.0,0.0,0,0,0.0,0.041666666666666664,0.21739130434782608,0.0,0.0,0.0,0.0,0.25,0.043478260869565216,0.0
8317,Li Zheng,1358,0.0547,2025.0,2025.0,0.0,Dream Pop,Solo,0,1,1,0.0,1,5,0.0,0,1,1,1,0,1,1,0.0,0.0,0.0,0,0,0.0,0.041666666666666664,0.21739130434782608,0.0,0.0,0.0,0.0,0.25,0.043478260869565216,0.0
15888,Fang Shen,1358,0.0547,2025.0,2025.0,0.0,Desert Rock,Solo,0,1,1,0.0,1,5,0.0,0,1,1,1,0,1,1,0.5,0.0,1.0,0,1,0.0,0.041666666666666664,0.21739130434782608,0.0,0.0,0.0,0.0,0.25,0.043478260869565216,0.0
4916,Brandi Price,1358,0.0547,2028.0,2028.0,0.0,Space Rock,Solo,0,1,1,0.0,1,5,0.0,0,1,1,1,0,1,1,0.0,0.0,0.0,0,0,0.0,0.041666666666666664,0.21739130434782608,0.0,0.0,0.0,0.0,0.25,0.043478260869565216,0.0
4915,Sherry Flores,1358,0.0547,2028.0,2028.0,0.0,Space Rock,Solo,0,1,1,0.0,1,5,0.0,0,1,1,1,0,1,1,0.0,0.0,0.0,0,0,0.0,0.041666666666666664,0.21739130434782608,0.0,0.0,0.0,0.0,0.25,0.043478260869565216,0.0
6273,Nicole Thomas,1358,0.0547,2025.0,2025.0,0.0,Oceanus Folk,Solo,0,1,1,0.0,1,5,0.0,0,1,1,1,0,1,1,0.5,1.0,0.0,1,0,0.0,0.041666666666666664,0.21739130434782608,0.0,0.0,0.0,0.0,0.25,0.043478260869565216,0.0
8318,Ping Xue,1358,0.0547,2025.0,2025.0,0.0,Dream Pop,Solo,0,1,1,0.0,1,5,0.0,0,1,1,1,0,1,1,0.0,0.0,0.0,0,0,0.0,0.041666666666666664,0.21739130434782608,0.0,0.0,0.0,0.0,0.25,0.043478260869565216,0.0
8321,Gang Fang,1358,0.0547,2025.0,2025.0,0.0,Dream Pop,Solo,0,1,1,0.0,1,5,0.0,0,1,1,1,0,1,1,0.0,0.0,0.0,0,0,0.0,0.041666666666666664,0.21739130434782608,0.0,0.0,0.0,0.0,0.25,0.043478260869565216,0.0
6274,Gang Fan,1358,0.0547,2025.0,2025.0,0.0,Oceanus Folk,Solo,0,1,1,0.0,1,5,0.0,0,1,1,1,0,1,1,0.5,1.0,0.0,1,0,0.0,0.041666666666666664,0.21739130434782608,0.0,0.0,0.0,0.0,0.25,0.043478260869565216,0.0
5198,Ping Zou,1358,0.0547,2027.0,2027.0,0.0,Dream Pop,Solo,0,1,1,0.0,1,5,0.0,0,1,1,1,0,1,1,0.0,0.0,0.0,0,0,0.0,0.041666666666666664,0.21739130434782608,0.0,0.0,0.0,0.0,0.25,0.043478260869565216,0.0
1678,Thibault Ollivier,1358,0.0547,2026.0,2026.0,0.0,Darkwave,Solo,0,1,1,0.0,1,5,0.0,0,1,1,1,0,1,1,0.0,0.0,0.0,0,0,0.0,0.041666666666666664,0.21739130434782608,0.0,0.0,0.0,0.0,0.25,0.043478260869565216,0.0
4913,Victor Scott,1358,0.0547,2028.0,2028.0,0.0,Space Rock,Solo,0,1,1,0.0,1,5,0.0,0,1,1,1,0,1,1,0.0,0.0,0.0,0,0,0.0,0.041666666666666664,0.21739130434782608,0.0,0.0,0.0,0.0,0.25,0.043478260869565216,0.0
4918,Xia Li,1358,0.0547,2028.0,2028.0,0.0,Space Rock,Solo,0,1,1,0.0,1,5,0.0,0,1,1,1,0,1,1,0.0,0.0,0.0,0,0,0.0,0.041666666666666664,0.21739130434782608,0.0,0.0,0.0,0.0,0.25,0.043478260869565216,0.0
5199,William Sullivan,1358,0.0547,2027.0,2027.0,0.0,Dream Pop,Solo,0,1,1,0.0,1,5,0.0,0,1,1,1,0,1,1,0.0,0.0,0.0,0,0,0.0,0.041666666666666664,0.21739130434782608,0.0,0.0,0.0,0.0,0.25,0.043478260869565216,0.0
8847,Wei Qian,1358,0.0547,2027.0,2027.0,0.0,Dream Pop,Solo,0,1,1,0.0,1,5,0.0,0,1,1,1,0,1,1,0.0,0.0,0.0,0,0,0.0,0.041666666666666664,0.21739130434782608,0.0,0.0,0.0,0.0,0.25,0.043478260869565216,0.0
5397,Guiying Fu,1358,0.0547,2026.0,2026.0,0.0,Psychedelic Rock,Solo,0,1,1,0.0,1,5,0.0,0,1,1,1,0,1,1,0.0,0.0,0.0,0,0,0.0,0.041666666666666664,0.21739130434782608,0.0,0.0,0.0,0.0,0.25,0.043478260869565216,0.0
1677,Henriette Duval,1358,0.0547,2026.0,2026.0,0.0,Darkwave,Solo,0,1,1,0.0,1,5,0.0,0,1,1,1,0,1,1,0.0,0.0,0.0,0,0,0.0,0.041666666666666664,0.21739130434782608,0.0,0.0,0.0,0.0,0.25,0.043478260869565216,0.0
9135,Tao Wan,1358,0.0547,2029.0,2029.0,0.0,Darkwave,Solo,0,1,1,0.0,1,5,0.0,0,1,1,1,0,1,1,0.0,0.0,0.0,0,0,0.0,0.041666666666666664,0.21739130434782608,0.0,0.0,0.0,0.0,0.25,0.043478260869565216,0.0
1676,Siegmar Heintze,1358,0.0547,2026.0,2026.0,0.0,Darkwave,Solo,0,1,1,0.0,1,5,0.0,0,1,1,1,0,1,1,0.0,0.0,0.0,0,0,0.0,0.041666666666666664,0.21739130434782608,0.0,0.0,0.0,0.0,0.25,0.043478260869565216,0.0
8849,Yong Dong,1358,0.0547,2027.0,2027.0,0.0,Dream Pop,Solo,0,1,1,0.0,1,5,0.0,0,1,1,1,0,1,1,0.0,0.0,0.0,0,0,0.0,0.041666666666666664,0.21739130434782608,0.0,0.0,0.0,0.0,0.25,0.043478260869565216,0.0
1673,Élise François-Berthelot,1358,0.0547,2026.0,2026.0,0.0,Darkwave,Solo,0,1,1,0.0,1,5,0.0,0,1,1,1,0,1,1,0.0,0.0,0.0,0,0,0.0,0.041666666666666664,0.21739130434782608,0.0,0.0,0.0,0.0,0.25,0.043478260869565216,0.0
1675,Noël Loiseau,1358,0.0547,2026.0,2026.0,0.0,Darkwave,Solo,0,1,1,0.0,1,5,0.0,0,1,1,1,0,1,1,0.0,0.0,0.0,0,0,0.0,0.041666666666666664,0.21739130434782608,0.0,0.0,0.0,0.0,0.25,0.043478260869565216,0.0
1672,The Phantom Axiom,1358,0.0547,2026.0,2026.0,0.0,Darkwave,Solo,0,1,1,0.0,1,5,0.0,0,1,1,1,0,1,1,0.0,0.0,0.0,0,0,0.0,0.041666666666666664,0.21739130434782608,0.0,0.0,0.0,0.0,0.25,0.043478260869565216,0.0
5202,Heather Pollard,1358,0.0547,2027.0,2027.0,0.0,Dream Pop,Solo,0,1,1,0.0,1,5,0.0,0,1,1,1,0,1,1,0.0,0.0,0.0,0,0,0.0,0.041666666666666664,0.21739130434782608,0.0,0.0,0.0,0.0,0.25,0.043478260869565216,0.0
9136,Juan Lai,1358,0.0547,2029.0,2029.0,0.0,Darkwave,Solo,0,1,1,0.0,1,5,0.0,0,1,1,1,0,1,1,0.0,0.0,0.0,0,0,0.0,0.041666666666666664,0.21739130434782608,0.0,0.0,0.0,0.0,0.25,0.043478260869565216,0.0
5201,Nichole Cruz,1358,0.0547,2027.0,2027.0,0.0,Dream Pop,Solo,0,1,1,0.0,1,5,0.0,0,1,1,1,0,1,1,0.0,0.0,0.0,0,0,0.0,0.041666666666666664,0.21739130434782608,0.0,0.0,0.0,0.0,0.25,0.043478260869565216,0.0
15463,Qiang Fan,1358,0.0547,2025.0,2025.0,0.0,Synthwave,Solo,0,1,1,0.0,1,5,0.0,0,1,1,1,0,1,1,0.0,0.0,0.0,0,0,0.0,0.041666666666666664,0.21739130434782608,0.0,0.0,0.0,0.0,0.25,0.043478260869565216,0.0
9137,Jun Dai,1358,0.0547,2029.0,2029.0,0.0,Darkwave,Solo,0,1,1,0.0,1,5,0.0,0,1,1,1,0,1,1,0.0,0.0,0.0,0,0,0.0,0.041666666666666664,0.21739130434782608,0.0,0.0,0.0,0.0,0.25,0.043478260869565216,0.0
5197,James Nolan,1358,0.0547,2027.0,2027.0,0.0,Dream Pop,Solo,0,1,1,0.0,1,5,0.0,0,1,1,1,0,1,1,0.0,0.0,0.0,0,0,0.0,0.041666666666666664,0.21739130434782608,0.0,0.0,0.0,0.0,0.25,0.043478260869565216,0.0
6355,Ping Tao,1421,0.0541,2025.0,2028.0,3.0,Psychedelic Rock,Solo,0,2,2,0.0,2,3,0.023333333333333338,0,1,1,1,0,2,1,0.0,0.0,0.0,0,0,0.0,0.08333333333333333,0.13043478260869565,0.0,0.023333333333333338,0.0,0.0,0.25,0.08695652173913043,0.0
6677,Nicole Williamson,1421,0.0541,2027.0,2027.0,0.0,Post-Apocalyptic Folk,Solo,0,1,1,0.0,4,2,0.0,0,1,0,0,0,4,2,0.0,0.0,0.0,0,0,0.0,0.16666666666666666,0.08695652173913043,0.0,0.0,0.0,0.0,0.0,0.17391304347826086,0.5
1288,Xiulan Liao,1421,0.0541,2027.0,2027.0,0.0,Dream Pop,Solo,0,1,1,0.0,4,2,0.0,0,1,0,0,0,4,2,0.0,0.0,0.0,0,0,0.0,0.16666666666666666,0.08695652173913043,0.0,0.0,0.0,0.0,0.0,0.17391304347826086,0.5
715,Li Wei,1424,0.0539,2026.0,2026.0,0.0,Dream Pop,Solo,0,1,1,0.0,2,5,0.0,0,1,0,0,0,2,2,0.0,0.0,0.0,0,0,0.0,0.08333333333333333,0.21739130434782608,0.0,0.0,0.0,0.0,0.0,0.08695652173913043,0.5
12528,Mary King,1425,0.0538,2030.0,2030.0,0.0,Oceanus Folk,Solo,0,1,1,0.0,2,3,0.0,1,1,1,1,0,1,1,0.75,1.0,0.5,1,1,0.0,0.08333333333333333,0.13043478260869565,0.0,0.0,0.047619047619047616,0.0,0.25,0.043478260869565216,0.0
14186,Guiying Qian,1425,0.0538,2027.0,2027.0,0.0,Dream Pop,Solo,0,0,1,0.0,3,1,0.0,0,1,1,1,0,3,2,0.0,0.0,0.0,0,0,0.0,0.125,0.043478260869565216,0.0,0.0,0.0,0.0,0.25,0.13043478260869565,0.5
12525,Harmonic Paradox,1425,0.0538,2030.0,2030.0,0.0,Oceanus Folk,Solo,0,1,1,0.0,2,3,0.0,1,1,1,1,0,1,1,0.75,1.0,0.5,1,1,0.0,0.08333333333333333,0.13043478260869565,0.0,0.0,0.047619047619047616,0.0,0.25,0.043478260869565216,0.0
5874,Xiulan Meng,1425,0.0538,2026.0,2026.0,0.0,Americana,Solo,0,1,1,0.0,3,1,0.0,0,1,1,1,0,3,2,0.0,0.0,0.0,0,0,0.0,0.125,0.043478260869565216,0.0,0.0,0.0,0.0,0.25,0.13043478260869565,0.5
5454,Xia Long,1429,0.0536,2028.0,2028.0,0.0,Dream Pop,Solo,0,1,1,0.0,1,4,0.0,0,1,1,1,0,1,2,0.0,0.0,0.0,0,0,0.0,0.041666666666666664,0.17391304347826086,0.0,0.0,0.0,0.0,0.25,0.043478260869565216,0.5
16243,Angela Black,1429,0.0536,2028.0,2028.0,0.0,Dream Pop,Solo,0,1,1,0.0,1,4,0.0,0,1,1,1,0,1,2,0.0,0.0,0.0,0,0,0.0,0.041666666666666664,0.17391304347826086,0.0,0.0,0.0,0.0,0.25,0.043478260869565216,0.5
1034,John Ray,1429,0.0536,2028.0,2028.0,0.0,Dream Pop,Solo,0,0,1,0.0,1,4,0.0,0,1,1,1,0,1,2,0.0,0.0,0.0,0,0,0.0,0.041666666666666664,0.17391304347826086,0.0,0.0,0.0,0.0,0.25,0.043478260869565216,0.5
1004,Tao Mo,1429,0.0536,2027.0,2027.0,0.0,Americana,Solo,0,1,1,0.0,1,4,0.0,0,1,1,1,0,1,2,0.0,0.0,0.0,0,0,0.0,0.041666666666666664,0.17391304347826086,0.0,0.0,0.0,0.0,0.25,0.043478260869565216,0.5
9435,Arthur Lewis,1429,0.0536,2026.0,2026.0,0.0,Indie Rock,Solo,0,1,1,0.0,1,4,0.0,0,1,1,1,0,1,2,0.0,0.0,0.0,0,0,0.0,0.041666666666666664,0.17391304347826086,0.0,0.0,0.0,0.0,0.25,0.043478260869565216,0.5
14915,Gang Qiao,1429,0.0536,2025.0,2025.0,0.0,Jazz Surf Rock,Solo,0,1,1,0.0,1,4,0.0,0,1,1,1,0,1,2,0.0,0.0,0.0,0,0,0.0,0.041666666666666664,0.17391304347826086,0.0,0.0,0.0,0.0,0.25,0.043478260869565216,0.5
738,Yong Du,1429,0.0536,2026.0,2026.0,0.0,Doom Metal,Solo,0,1,1,0.0,1,4,0.0,0,1,1,1,0,1,2,0.0,0.0,0.0,0,0,0.0,0.041666666666666664,0.17391304347826086,0.0,0.0,0.0,0.0,0.25,0.043478260869565216,0.5
14919,Jing Jiang,1429,0.0536,2025.0,2025.0,0.0,Jazz Surf Rock,Solo,0,1,1,0.0,1,4,0.0,0,1,1,1,0,1,2,0.0,0.0,0.0,0,0,0.0,0.041666666666666664,0.17391304347826086,0.0,0.0,0.0,0.0,0.25,0.043478260869565216,0.5
11504,Denise Price,1429,0.0536,2026.0,2026.0,0.0,Americana,Solo,0,1,1,0.0,1,4,0.0,0,1,1,1,0,1,2,0.0,0.0,0.0,0,0,0.0,0.041666666666666664,0.17391304347826086,0.0,0.0,0.0,0.0,0.25,0.043478260869565216,0.5
739,Lei Qiao,1429,0.0536,2026.0,2026.0,0.0,Doom Metal,Solo,0,1,1,0.0,1,4,0.0,0,1,1,1,0,1,2,0.0,0.0,0.0,0,0,0.0,0.041666666666666664,0.17391304347826086,0.0,0.0,0.0,0.0,0.25,0.043478260869565216,0.5
741,Jun Du,1429,0.0536,2026.0,2026.0,0.0,Doom Metal,Solo,0,1,1,0.0,1,4,0.0,0,1,1,1,0,1,2,0.0,0.0,0.0,0,0,0.0,0.041666666666666664,0.17391304347826086,0.0,0.0,0.0,0.0,0.25,0.043478260869565216,0.5
7930,Fang Ma,1429,0.0536,2025.0,2025.0,0.0,Americana,Solo,0,1,1,0.0,1,4,0.0,0,1,1,1,0,1,2,0.0,0.0,0.0,0,0,0.0,0.041666666666666664,0.17391304347826086,0.0,0.0,0.0,0.0,0.25,0.043478260869565216,0.5
12626,Qiang Jiang,1429,0.0536,2027.0,2027.0,0.0,Oceanus Folk,Solo,0,1,1,0.0,1,4,0.0,0,1,1,1,0,1,2,1.0,1.0,1.0,1,1,0.0,0.041666666666666664,0.17391304347826086,0.0,0.0,0.0,0.0,0.25,0.043478260869565216,0.5
5160,Kimberly Smith,1429,0.0536,2029.0,2029.0,0.0,Desert Rock,Solo,0,1,1,0.0,1,4,0.0,0,1,1,1,0,1,2,0.0,0.0,0.0,0,0,0.0,0.041666666666666664,0.17391304347826086,0.0,0.0,0.0,0.0,0.25,0.043478260869565216,0.5
5206,Xiuying Gong,1429,0.0536,2028.0,2028.0,0.0,Indie Folk,Solo,0,1,1,0.0,1,4,0.0,0,1,1,1,0,1,2,0.0,0.0,0.0,0,0,0.0,0.041666666666666664,0.17391304347826086,0.0,0.0,0.0,0.0,0.25,0.043478260869565216,0.5
1181,Gang Jia,1429,0.0536,2026.0,2026.0,0.0,Desert Rock,Solo,0,1,1,0.0,1,4,0.0,0,1,1,1,0,1,2,0.0,0.0,0.0,0,0,0.0,0.041666666666666664,0.17391304347826086,0.0,0.0,0.0,0.0,0.25,0.043478260869565216,0.5
8783,Chao Tian,1429,0.0536,2029.0,2029.0,0.0,Dream Pop,Solo,0,1,1,0.0,1,4,0.0,0,1,1,1,0,1,2,0.0,0.0,0.0,0,0,0.0,0.041666666666666664,0.17391304347826086,0.0,0.0,0.0,0.0,0.25,0.043478260869565216,0.5
8828,Yong Lei,1429,0.0536,2025.0,2025.0,0.0,Space Rock,Solo,0,1,1,0.0,1,4,0.0,0,1,1,1,0,1,2,0.0,0.0,0.0,0,0,0.0,0.041666666666666664,0.17391304347826086,0.0,0.0,0.0,0.0,0.25,0.043478260869565216,0.5
4677,Jie Fu,1429,0.0536,2025.0,2025.0,0.0,Psychedelic Rock,Solo,0,1,1,0.0,1,4,0.0,0,1,1,1,0,1,2,0.0,0.0,0.0,0,0,0.0,0.041666666666666664,0.17391304347826086,0.0,0.0,0.0,0.0,0.25,0.043478260869565216,0.5
6066,Jun Qiao,1429,0.0536,2026.0,2026.0,0.0,Desert Rock,Solo,0,1,1,0.0,1,4,0.0,0,1,1,1,0,1,2,0.0,0.0,0.0,0,0,0.0,0.041666666666666664,0.17391304347826086,0.0,0.0,0.0,0.0,0.25,0.043478260869565216,0.5
8829,Juan Pan,1429,0.0536,2025.0,2025.0,0.0,Space Rock,Solo,0,1,1,0.0,1,4,0.0,0,1,1,1,0,1,2,0.0,0.0,0.0,0,0,0.0,0.041666666666666664,0.17391304347826086,0.0,0.0,0.0,0.0,0.25,0.043478260869565216,0.5
10669,Yan Kang,1429,0.0536,2028.0,2028.0,0.0,Synthwave,Solo,0,1,1,0.0,1,4,0.0,0,1,1,1,0,1,2,0.0,0.0,0.0,0,0,0.0,0.041666666666666664,0.17391304347826086,0.0,0.0,0.0,0.0,0.25,0.043478260869565216,0.5
14063,Erica Poole,1429,0.0536,2027.0,2027.0,0.0,Space Rock,Solo,0,1,1,0.0,1,4,0.0,0,1,1,1,0,1,2,0.0,0.0,0.0,0,0,0.0,0.041666666666666664,0.17391304347826086,0.0,0.0,0.0,0.0,0.25,0.043478260869565216,0.5
8418,Xia Wen,1429,0.0536,2025.0,2025.0,0.0,Indie Rock,Solo,0,1,1,0.0,1,4,0.0,0,1,1,1,0,1,2,0.0,0.0,0.0,0,0,0.0,0.041666666666666664,0.17391304347826086,0.0,0.0,0.0,0.0,0.25,0.043478260869565216,0.5
10672,Jun Shao,1429,0.0536,2028.0,2028.0,0.0,Synthwave,Solo,0,1,1,0.0,1,4,0.0,0,1,1,1,0,1,2,0.0,0.0,0.0,0,0,0.0,0.041666666666666664,0.17391304347826086,0.0,0.0,0.0,0.0,0.25,0.043478260869565216,0.5
8222,Miss Jeanette Marshall,1429,0.0536,2028.0,2028.0,0.0,Synthwave,Solo,0,1,1,0.0,1,4,0.0,0,1,1,1,0,1,2,0.0,0.0,0.0,0,0,0.0,0.041666666666666664,0.17391304347826086,0.0,0.0,0.0,0.0,0.25,0.043478260869565216,0.5
1225,Min Kong,1429,0.0536,2029.0,2029.0,0.0,Dream Pop,Solo,0,1,1,0.0,1,4,0.0,0,1,1,1,0,1,2,0.0,0.0,0.0,0,0,0.0,0.041666666666666664,0.17391304347826086,0.0,0.0,0.0,0.0,0.25,0.043478260869565216,0.5
7742,Chao Kong,1429,0.0536,2029.0,2029.0,0.0,Dream Pop,Solo,0,1,1,0.0,1,4,0.0,0,1,1,1,0,1,2,0.0,0.0,0.0,0,0,0.0,0.041666666666666664,0.17391304347826086,0.0,0.0,0.0,0.0,0.25,0.043478260869565216,0.5
8419,Michael Martinez,1429,0.0536,2025.0,2025.0,0.0,Indie Rock,Solo,0,1,1,0.0,1,4,0.0,0,1,1,1,0,1,2,0.0,0.0,0.0,0,0,0.0,0.041666666666666664,0.17391304347826086,0.0,0.0,0.0,0.0,0.25,0.043478260869565216,0.5
4989,Gang Zeng,1429,0.0536,2026.0,2026.0,0.0,Indie Folk,Solo,0,1,1,0.0,1,4,0.0,0,1,1,1,0,1,2,0.0,0.0,0.0,0,0,0.0,0.041666666666666664,0.17391304347826086,0.0,0.0,0.0,0.0,0.25,0.043478260869565216,0.5
12881,Frieda Mitschke,1459,0.0535,2025.0,2025.0,0.0,Space Rock,Solo,0,1,1,0.0,4,3,0.0,0,1,0,0,0,3,1,0.0,0.0,0.0,0,0,0.0,0.16666666666666666,0.13043478260869565,0.0,0.0,0.0,0.0,0.0,0.13043478260869565,0.0
12879,Tao Yu,1459,0.0535,2025.0,2025.0,0.0,Space Rock,Solo,0,1,1,0.0,4,3,0.0,0,1,0,0,0,3,1,0.0,0.0,0.0,0,0,0.0,0.16666666666666666,0.13043478260869565,0.0,0.0,0.0,0.0,0.0,0.13043478260869565,0.0
10547,Na Shao,1461,0.0532,2027.0,2027.0,0.0,Jazz Surf Rock,Solo,0,1,1,0.0,3,2,0.0,0,1,1,1,0,2,1,0.0,0.0,0.0,0,0,0.0,0.125,0.08695652173913043,0.0,0.0,0.0,0.0,0.25,0.08695652173913043,0.0
10548,Alisha Hartman,1461,0.0532,2027.0,2027.0,0.0,Jazz Surf Rock,Solo,0,1,1,0.0,3,2,0.0,0,1,1,1,0,2,1,0.0,0.0,0.0,0,0,0.0,0.125,0.08695652173913043,0.0,0.0,0.0,0.0,0.25,0.08695652173913043,0.0
11169,Maria Fletcher,1461,0.0532,2028.0,2028.0,0.0,Dream Pop,Solo,0,1,1,0.0,3,2,0.0,0,1,1,1,0,2,1,0.0,0.0,0.0,0,0,0.0,0.125,0.08695652173913043,0.0,0.0,0.0,0.0,0.25,0.08695652173913043,0.0
10546,Juan Zhong,1461,0.0532,2027.0,2027.0,0.0,Jazz Surf Rock,Solo,0,1,1,0.0,3,2,0.0,0,1,1,1,0,2,1,0.0,0.0,0.0,0,0,0.0,0.125,0.08695652173913043,0.0,0.0,0.0,0.0,0.25,0.08695652173913043,0.0
16450,Andrea Duncan,1465,0.0529,2026.0,2026.0,0.0,Indie Rock,Solo,0,1,1,0.0,1,5,0.0,0,1,1,1,0,0,1,0.0,0.0,0.0,0,0,0.0,0.041666666666666664,0.21739130434782608,0.0,0.0,0.0,0.0,0.25,0.0,0.0
2866,Michelle Davis,1466,0.0527,2026.0,2026.0,0.0,Blues Rock,Solo,0,1,1,0.0,3,0,0.0,0,1,1,1,0,3,3,0.0,0.0,0.0,0,0,0.0,0.125,0.0,0.0,0.0,0.0,0.0,0.25,0.13043478260869565,1.0
7582,Alessandro Zito,1467,0.0524,2025.0,2025.0,0.0,Americana,Solo,0,1,1,0.0,4,2,0.0,0,1,0,0,0,3,2,0.0,0.0,0.0,0,0,0.0,0.16666666666666666,0.08695652173913043,0.0,0.0,0.0,0.0,0.0,0.13043478260869565,0.5
8301,Xiuying Liao,1467,0.0524,2030.0,2030.0,0.0,Indie Folk,Solo,0,1,1,0.0,1,4,0.0,1,1,1,1,0,1,1,0.0,0.0,0.0,0,0,0.0,0.041666666666666664,0.17391304347826086,0.0,0.0,0.047619047619047616,0.0,0.25,0.043478260869565216,0.0
1498,Silvana Radisch,1467,0.0524,2025.0,2025.0,0.0,Americana,Solo,0,1,1,0.0,4,2,0.0,0,1,0,0,0,3,2,0.0,0.0,0.0,0,0,0.0,0.16666666666666666,0.08695652173913043,0.0,0.0,0.0,0.0,0.0,0.13043478260869565,0.5
8305,Jie Tao,1467,0.0524,2030.0,2030.0,0.0,Indie Folk,Solo,0,1,1,0.0,1,4,0.0,1,1,1,1,0,1,1,0.0,0.0,0.0,0,0,0.0,0.041666666666666664,0.17391304347826086,0.0,0.0,0.047619047619047616,0.0,0.25,0.043478260869565216,0.0
11203,Lei Liao,1467,0.0524,2029.0,2029.0,0.0,Dream Pop,Solo,0,1,1,0.0,4,2,0.0,0,1,0,0,0,3,2,0.0,0.0,0.0,0,0,0.0,0.16666666666666666,0.08695652173913043,0.0,0.0,0.0,0.0,0.0,0.13043478260869565,0.5
4923,Jennifer Allen,1472,0.0523,2029.0,2029.0,0.0,Darkwave,Solo,0,1,1,0.0,5,1,0.0,0,1,0,0,0,5,1,0.0,0.0,0.0,0,0,0.0,0.20833333333333331,0.043478260869565216,0.0,0.0,0.0,0.0,0.0,0.21739130434782608,0.0
368,Juan Zhu,1472,0.0523,2027.0,2027.0,0.0,Indie Folk,Solo,0,1,1,0.0,5,1,0.0,0,1,0,0,0,5,1,0.0,0.0,0.0,0,0,0.0,0.20833333333333331,0.043478260869565216,0.0,0.0,0.0,0.0,0.0,0.21739130434782608,0.0
5041,Astrid Weinhold,1472,0.0523,2026.0,2026.0,0.0,Lo-Fi Electronica,Solo,0,1,1,0.0,5,1,0.0,0,1,0,0,0,5,1,0.0,0.0,0.0,0,0,0.0,0.20833333333333331,0.043478260869565216,0.0,0.0,0.0,0.0,0.0,0.21739130434782608,0.0
10265,Wei Pan,1475,0.0521,2028.0,2028.0,0.0,Jazz Surf Rock,Solo,0,1,1,0.0,3,4,0.0,0,1,0,0,0,3,1,0.0,0.0,0.0,0,0,0.0,0.125,0.17391304347826086,0.0,0.0,0.0,0.0,0.0,0.13043478260869565,0.0
10262,Mark Heath,1475,0.0521,2028.0,2028.0,0.0,Jazz Surf Rock,Solo,0,1,1,0.0,3,4,0.0,0,1,0,0,0,3,1,0.0,0.0,0.0,0,0,0.0,0.125,0.17391304347826086,0.0,0.0,0.0,0.0,0.0,0.13043478260869565,0.0
10261,Min Cui,1475,0.0521,2028.0,2028.0,0.0,Jazz Surf Rock,Solo,0,1,1,0.0,3,4,0.0,0,1,0,0,0,3,1,0.0,0.0,0.0,0,0,0.0,0.125,0.17391304347826086,0.0,0.0,0.0,0.0,0.0,0.13043478260869565,0.0
11031,Jie Meng,1475,0.0521,2029.0,2029.0,0.0,Synthwave,Solo,0,1,1,0.0,3,4,0.0,0,1,0,0,0,3,1,0.0,0.0,0.0,0,0,0.0,0.125,0.17391304347826086,0.0,0.0,0.0,0.0,0.0,0.13043478260869565,0.0
9027,Chao Xiong,1475,0.0521,2026.0,2026.0,0.0,Psychedelic Rock,Solo,0,1,1,0.0,3,4,0.0,0,1,0,0,0,3,1,0.0,0.0,0.0,0,0,0.0,0.125,0.17391304347826086,0.0,0.0,0.0,0.0,0.0,0.13043478260869565,0.0
10260,Brent Larsen,1475,0.0521,2028.0,2028.0,0.0,Jazz Surf Rock,Solo,0,1,1,0.0,3,4,0.0,0,1,0,0,0,3,1,0.0,0.0,0.0,0,0,0.0,0.125,0.17391304347826086,0.0,0.0,0.0,0.0,0.0,0.13043478260869565,0.0
2543,Qiang Luo,1481,0.0517,2027.0,2027.0,0.0,Dream Pop,Solo,0,1,1,0.0,2,3,0.0,0,1,1,1,0,2,1,0.0,0.0,0.0,0,0,0.0,0.08333333333333333,0.13043478260869565,0.0,0.0,0.0,0.0,0.25,0.08695652173913043,0.0
794,Brandon Cohen,1481,0.0517,2028.0,2028.0,0.0,Psychedelic Rock,Solo,0,1,1,0.0,2,3,0.0,0,1,1,1,0,2,1,0.0,0.0,0.0,0,0,0.0,0.08333333333333333,0.13043478260869565,0.0,0.0,0.0,0.0,0.25,0.08695652173913043,0.0
15742,Brittany Oliver,1481,0.0517,2025.0,2025.0,0.0,Dream Pop,Solo,0,1,1,0.0,2,3,0.0,0,1,1,1,0,2,1,0.0,0.0,0.0,0,0,0.0,0.08333333333333333,0.13043478260869565,0.0,0.0,0.0,0.0,0.25,0.08695652173913043,0.0
790,Walter Sexton,1481,0.0517,2028.0,2028.0,0.0,Psychedelic Rock,Solo,0,1,1,0.0,2,3,0.0,0,1,1,1,0,2,1,0.0,0.0,0.0,0,0,0.0,0.08333333333333333,0.13043478260869565,0.0,0.0,0.0,0.0,0.25,0.08695652173913043,0.0
15948,Ping Chang,1481,0.0517,2027.0,2027.0,0.0,Psychedelic Rock,Solo,0,1,1,0.0,2,3,0.0,0,1,1,1,0,2,1,0.0,0.0,0.0,0,0,0.0,0.08333333333333333,0.13043478260869565,0.0,0.0,0.0,0.0,0.25,0.08695652173913043,0.0
15918,Chao Zhang,1481,0.0517,2025.0,2025.0,0.0,Americana,Solo,0,1,1,0.0,2,3,0.0,0,1,1,1,0,2,1,0.0,0.0,0.0,0,0,0.0,0.08333333333333333,0.13043478260869565,0.0,0.0,0.0,0.0,0.25,0.08695652173913043,0.0
5924,Na Gu,1481,0.0517,2026.0,2026.0,0.0,Darkwave,Solo,0,1,1,0.0,2,3,0.0,0,1,1,1,0,2,1,0.0,0.0,0.0,0,0,0.0,0.08333333333333333,0.13043478260869565,0.0,0.0,0.0,0.0,0.25,0.08695652173913043,0.0
5925,Jie Cai,1481,0.0517,2026.0,2026.0,0.0,Darkwave,Solo,0,1,1,0.0,2,3,0.0,0,1,1,1,0,2,1,0.0,0.0,0.0,0,0,0.0,0.08333333333333333,0.13043478260869565,0.0,0.0,0.0,0.0,0.25,0.08695652173913043,0.0
9180,Jun Okada,1481,0.0517,2028.0,2028.0,0.0,Indie Folk,Solo,0,1,1,0.0,2,3,0.0,0,1,1,1,0,2,1,0.0,0.0,0.0,0,0,0.0,0.08333333333333333,0.13043478260869565,0.0,0.0,0.0,0.0,0.25,0.08695652173913043,0.0
5927,Megan Marsh,1481,0.0517,2026.0,2026.0,0.0,Darkwave,Solo,0,1,1,0.0,2,3,0.0,0,1,1,1,0,2,1,0.0,0.0,0.0,0,0,0.0,0.08333333333333333,0.13043478260869565,0.0,0.0,0.0,0.0,0.25,0.08695652173913043,0.0
7494,Gang Xie,1481,0.0517,2027.0,2027.0,0.0,Desert Rock,Solo,0,1,1,0.0,2,3,0.0,0,1,1,1,0,2,1,0.25,0.0,0.5,0,1,0.0,0.08333333333333333,0.13043478260869565,0.0,0.0,0.0,0.0,0.25,0.08695652173913043,0.0
16533,Alexandra Mcdaniel,1481,0.0517,2029.0,2029.0,0.0,Desert Rock,Solo,0,1,1,0.0,2,3,0.0,0,1,1,1,0,2,1,0.25,0.0,0.5,0,1,0.0,0.08333333333333333,0.13043478260869565,0.0,0.0,0.0,0.0,0.25,0.08695652173913043,0.0
16532,Fang Qiao,1481,0.0517,2029.0,2029.0,0.0,Desert Rock,Solo,0,1,1,0.0,2,3,0.0,0,1,1,1,0,2,1,0.25,0.0,0.5,0,1,0.0,0.08333333333333333,0.13043478260869565,0.0,0.0,0.0,0.0,0.25,0.08695652173913043,0.0
16531,Qiang Xia,1481,0.0517,2029.0,2029.0,0.0,Desert Rock,Solo,0,1,1,0.0,2,3,0.0,0,1,1,1,0,2,1,0.25,0.0,0.5,0,1,0.0,0.08333333333333333,0.13043478260869565,0.0,0.0,0.0,0.0,0.25,0.08695652173913043,0.0
7749,Orpheon's Dream,1481,0.0517,2028.0,2028.0,0.0,Synthwave,Solo,0,1,1,0.0,2,3,0.0,0,1,1,1,0,2,1,0.0,0.0,0.0,0,0,0.0,0.08333333333333333,0.13043478260869565,0.0,0.0,0.0,0.0,0.25,0.08695652173913043,0.0
7750,Jennifer Hart,1481,0.0517,2028.0,2028.0,0.0,Synthwave,Solo,0,1,1,0.0,2,3,0.0,0,1,1,1,0,2,1,0.0,0.0,0.0,0,0,0.0,0.08333333333333333,0.13043478260869565,0.0,0.0,0.0,0.0,0.25,0.08695652173913043,0.0
9413,Joseph Smith,1481,0.0517,2026.0,2026.0,0.0,Alternative Rock,Solo,0,1,1,0.0,2,3,0.0,0,1,1,1,0,2,1,0.0,0.0,0.0,0,0,0.0,0.08333333333333333,0.13043478260869565,0.0,0.0,0.0,0.0,0.25,0.08695652173913043,0.0
8898,Nadja Gnatz,1481,0.0517,2025.0,2025.0,0.0,Darkwave,Solo,0,1,1,0.0,2,3,0.0,0,1,1,1,0,2,1,0.0,0.0,0.0,0,0,0.0,0.08333333333333333,0.13043478260869565,0.0,0.0,0.0,0.0,0.25,0.08695652173913043,0.0
8896,Jun Xie,1481,0.0517,2025.0,2025.0,0.0,Darkwave,Solo,0,1,1,0.0,2,3,0.0,0,1,1,1,0,2,1,0.0,0.0,0.0,0,0,0.0,0.08333333333333333,0.13043478260869565,0.0,0.0,0.0,0.0,0.25,0.08695652173913043,0.0
8895,Na Wen,1481,0.0517,2025.0,2025.0,0.0,Darkwave,Solo,0,1,1,0.0,2,3,0.0,0,1,1,1,0,2,1,0.0,0.0,0.0,0,0,0.0,0.08333333333333333,0.13043478260869565,0.0,0.0,0.0,0.0,0.25,0.08695652173913043,0.0
15947,Wei Xiang,1481,0.0517,2027.0,2027.0,0.0,Psychedelic Rock,Solo,0,1,1,0.0,2,3,0.0,0,1,1,1,0,2,1,0.0,0.0,0.0,0,0,0.0,0.08333333333333333,0.13043478260869565,0.0,0.0,0.0,0.0,0.25,0.08695652173913043,0.0
15945,Tao Kang,1481,0.0517,2027.0,2027.0,0.0,Psychedelic Rock,Solo,0,1,1,0.0,2,3,0.0,0,1,1,1,0,2,1,0.0,0.0,0.0,0,0,0.0,0.08333333333333333,0.13043478260869565,0.0,0.0,0.0,0.0,0.25,0.08695652173913043,0.0
10781,Lei Zhong,1481,0.0517,2029.0,2029.0,0.0,Space Rock,Solo,0,1,1,0.0,2,3,0.0,0,1,1,1,0,2,1,0.0,0.0,0.0,0,0,0.0,0.08333333333333333,0.13043478260869565,0.0,0.0,0.0,0.0,0.25,0.08695652173913043,0.0
10780,Gang He,1481,0.0517,2029.0,2029.0,0.0,Space Rock,Solo,0,1,1,0.0,2,3,0.0,0,1,1,1,0,2,1,0.0,0.0,0.0,0,0,0.0,0.08333333333333333,0.13043478260869565,0.0,0.0,0.0,0.0,0.25,0.08695652173913043,0.0
10779,Jing Tan,1481,0.0517,2029.0,2029.0,0.0,Space Rock,Solo,0,1,1,0.0,2,3,0.0,0,1,1,1,0,2,1,0.0,0.0,0.0,0,0,0.0,0.08333333333333333,0.13043478260869565,0.0,0.0,0.0,0.0,0.25,0.08695652173913043,0.0
10778,Nate Bishop,1481,0.0517,2029.0,2029.0,0.0,Space Rock,Solo,0,1,1,0.0,2,3,0.0,0,1,1,1,0,2,1,0.0,0.0,0.0,0,0,0.0,0.08333333333333333,0.13043478260869565,0.0,0.0,0.0,0.0,0.25,0.08695652173913043,0.0
789,Mark Shepard,1481,0.0517,2028.0,2028.0,0.0,Psychedelic Rock,Solo,0,1,1,0.0,2,3,0.0,0,1,1,1,0,2,1,0.0,0.0,0.0,0,0,0.0,0.08333333333333333,0.13043478260869565,0.0,0.0,0.0,0.0,0.25,0.08695652173913043,0.0
15916,Gang Jia,1481,0.0517,2025.0,2025.0,0.0,Americana,Solo,0,1,1,0.0,2,3,0.0,0,1,1,1,0,2,1,0.0,0.0,0.0,0,0,0.0,0.08333333333333333,0.13043478260869565,0.0,0.0,0.0,0.0,0.25,0.08695652173913043,0.0
1512,Craig Cameron,1481,0.0517,2026.0,2026.0,0.0,Americana,Solo,0,1,1,0.0,2,3,0.0,0,1,1,1,0,2,1,0.0,0.0,0.0,0,0,0.0,0.08333333333333333,0.13043478260869565,0.0,0.0,0.0,0.0,0.25,0.08695652173913043,0.0
4864,Xiulan Du,1481,0.0517,2026.0,2026.0,0.0,Americana,Solo,0,1,1,0.0,2,3,0.0,0,1,1,1,0,2,1,0.0,0.0,0.0,0,0,0.0,0.08333333333333333,0.13043478260869565,0.0,0.0,0.0,0.0,0.25,0.08695652173913043,0.0
13077,Annetta Molesini,1481,0.0517,2026.0,2026.0,0.0,Indie Folk,Solo,0,1,1,0.0,2,3,0.0,0,1,1,1,0,2,1,0.25,0.0,0.5,0,1,0.0,0.08333333333333333,0.13043478260869565,0.0,0.0,0.0,0.0,0.25,0.08695652173913043,0.0
7784,Solenne,1481,0.0517,2028.0,2028.0,0.0,Alternative Rock,Solo,0,1,1,0.0,2,3,0.0,0,1,1,1,0,2,1,0.0,0.0,0.0,0,0,0.0,0.08333333333333333,0.13043478260869565,0.0,0.0,0.0,0.0,0.25,0.08695652173913043,0.0
13079,Augusto Franzese,1481,0.0517,2026.0,2026.0,0.0,Indie Folk,Solo,0,1,1,0.0,2,3,0.0,0,1,1,1,0,2,1,0.25,0.0,0.5,0,1,0.0,0.08333333333333333,0.13043478260869565,0.0,0.0,0.0,0.0,0.25,0.08695652173913043,0.0
7941,Jun Wei,1481,0.0517,2025.0,2029.0,4.0,Dream Pop,Solo,0,2,2,0.0,2,3,0.0,0,1,1,1,0,2,1,0.0,0.0,0.0,0,0,0.0,0.08333333333333333,0.13043478260869565,0.0,0.0,0.0,0.0,0.25,0.08695652173913043,0.0
13267,Carol Wallace,1481,0.0517,2027.0,2027.0,0.0,Dream Pop,Solo,0,1,1,0.0,2,3,0.0,0,1,1,1,0,2,1,0.0,0.0,0.0,0,0,0.0,0.08333333333333333,0.13043478260869565,0.0,0.0,0.0,0.0,0.25,0.08695652173913043,0.0
13268,Haley Adams,1481,0.0517,2027.0,2027.0,0.0,Dream Pop,Solo,0,1,1,0.0,2,3,0.0,0,1,1,1,0,2,1,0.0,0.0,0.0,0,0,0.0,0.08333333333333333,0.13043478260869565,0.0,0.0,0.0,0.0,0.25,0.08695652173913043,0.0
13271,Eric Boyd,1481,0.0517,2027.0,2027.0,0.0,Dream Pop,Solo,0,1,1,0.0,2,3,0.0,0,1,1,1,0,2,1,0.0,0.0,0.0,0,0,0.0,0.08333333333333333,0.13043478260869565,0.0,0.0,0.0,0.0,0.25,0.08695652173913043,0.0
14719,Wei Long,1481,0.0517,2026.0,2026.0,0.0,Psychedelic Rock,Solo,0,1,1,0.0,2,3,0.0,0,1,1,1,0,2,1,0.0,0.0,0.0,0,0,0.0,0.08333333333333333,0.13043478260869565,0.0,0.0,0.0,0.0,0.25,0.08695652173913043,0.0
14718,Juan Mao,1481,0.0517,2026.0,2026.0,0.0,Psychedelic Rock,Solo,0,1,1,0.0,2,3,0.0,0,1,1,1,0,2,1,0.0,0.0,0.0,0,0,0.0,0.08333333333333333,0.13043478260869565,0.0,0.0,0.0,0.0,0.25,0.08695652173913043,0.0
14716, Raven Cross,1481,0.0517,2026.0,2026.0,0.0,Psychedelic Rock,Solo,0,1,1,0.0,2,3,0.0,0,1,1,1,0,2,1,0.0,0.0,0.0,0,0,0.0,0.08333333333333333,0.13043478260869565,0.0,0.0,0.0,0.0,0.25,0.08695652173913043,0.0
13649,Guy Voisin,1481,0.0517,2027.0,2027.0,0.0,Doom Metal,Solo,0,1,1,0.0,2,3,0.0,0,1,1,1,0,2,1,0.0,0.0,0.0,0,0,0.0,0.08333333333333333,0.13043478260869565,0.0,0.0,0.0,0.0,0.25,0.08695652173913043,0.0
13650,Alain du Vaillant,1481,0.0517,2027.0,2027.0,0.0,Doom Metal,Solo,0,1,1,0.0,2,3,0.0,0,1,1,1,0,2,1,0.0,0.0,0.0,0,0,0.0,0.08333333333333333,0.13043478260869565,0.0,0.0,0.0,0.0,0.25,0.08695652173913043,0.0
3034,Yang Yi,1481,0.0517,2028.0,2028.0,0.0,Desert Rock,Solo,0,1,1,0.0,2,3,0.0,0,1,1,1,0,2,1,0.25,0.0,0.5,0,1,0.0,0.08333333333333333,0.13043478260869565,0.0,0.0,0.0,0.0,0.25,0.08695652173913043,0.0
3033,Jun Guo,1481,0.0517,2028.0,2028.0,0.0,Desert Rock,Solo,0,1,1,0.0,2,3,0.0,0,1,1,1,0,2,1,0.25,0.0,0.5,0,1,0.0,0.08333333333333333,0.13043478260869565,0.0,0.0,0.0,0.0,0.25,0.08695652173913043,0.0
2170,Sonia Weeks,1481,0.0517,2026.0,2026.0,0.0,Oceanus Folk,Solo,0,1,1,0.0,2,3,0.0,0,1,1,1,0,2,1,0.75,1.0,0.5,1,1,0.0,0.08333333333333333,0.13043478260869565,0.0,0.0,0.0,0.0,0.25,0.08695652173913043,0.0
2173,Richard Frazier,1481,0.0517,2026.0,2026.0,0.0,Oceanus Folk,Solo,0,1,1,0.0,2,3,0.0,0,1,1,1,0,2,1,0.75,1.0,0.5,1,1,0.0,0.08333333333333333,0.13043478260869565,0.0,0.0,0.0,0.0,0.25,0.08695652173913043,0.0
2918,Guiying Xiong,1481,0.0517,2026.0,2026.0,0.0,Dream Pop,Solo,0,1,1,0.0,2,3,0.0,0,1,1,1,0,2,1,0.0,0.0,0.0,0,0,0.0,0.08333333333333333,0.13043478260869565,0.0,0.0,0.0,0.0,0.25,0.08695652173913043,0.0
2917,Jie Zou,1481,0.0517,2026.0,2026.0,0.0,Dream Pop,Solo,0,1,1,0.0,2,3,0.0,0,1,1,1,0,2,1,0.0,0.0,0.0,0,0,0.0,0.08333333333333333,0.13043478260869565,0.0,0.0,0.0,0.0,0.25,0.08695652173913043,0.0
6296,Lindsey Walker,1481,0.0517,2025.0,2025.0,0.0,Dream Pop,Solo,0,1,1,0.0,2,3,0.0,0,1,1,1,0,2,1,0.0,0.0,0.0,0,0,0.0,0.08333333333333333,0.13043478260869565,0.0,0.0,0.0,0.0,0.25,0.08695652173913043,0.0
6292,Na Jin,1481,0.0517,2029.0,2029.0,0.0,Jazz Surf Rock,Solo,0,1,1,0.0,2,3,0.0,0,1,1,1,0,2,1,0.0,0.0,0.0,0,0,0.0,0.08333333333333333,0.13043478260869565,0.0,0.0,0.0,0.0,0.25,0.08695652173913043,0.0
13078,Aurora Vendetti,1481,0.0517,2026.0,2026.0,0.0,Indie Folk,Solo,0,1,1,0.0,2,3,0.0,0,1,1,1,0,2,1,0.25,0.0,0.5,0,1,0.0,0.08333333333333333,0.13043478260869565,0.0,0.0,0.0,0.0,0.25,0.08695652173913043,0.0
4640,Ashley Huang,1481,0.0517,2026.0,2026.0,0.0,Indie Folk,Solo,0,1,1,0.0,2,3,0.0,0,1,1,1,0,2,1,0.25,0.0,0.5,0,1,0.0,0.08333333333333333,0.13043478260869565,0.0,0.0,0.0,0.0,0.25,0.08695652173913043,0.0
1656,Alfonso Albero Cervera,1481,0.0517,2027.0,2027.0,0.0,Synthwave,Solo,0,1,1,0.0,2,3,0.0,0,1,1,1,0,2,1,0.0,0.0,0.0,0,0,0.0,0.08333333333333333,0.13043478260869565,0.0,0.0,0.0,0.0,0.25,0.08695652173913043,0.0
15161,Brian Le,1481,0.0517,2029.0,2029.0,0.0,Indie Folk,Solo,0,1,1,0.0,2,3,0.0,0,1,1,1,0,2,1,0.0,0.0,0.0,0,0,0.0,0.08333333333333333,0.13043478260869565,0.0,0.0,0.0,0.0,0.25,0.08695652173913043,0.0
1655,Cayetana Bernal-Ocaña,1481,0.0517,2027.0,2027.0,0.0,Synthwave,Solo,0,1,1,0.0,2,3,0.0,0,1,1,1,0,2,1,0.0,0.0,0.0,0,0,0.0,0.08333333333333333,0.13043478260869565,0.0,0.0,0.0,0.0,0.25,0.08695652173913043,0.0
4863,Xiulan Sun,1481,0.0517,2026.0,2026.0,0.0,Americana,Solo,0,1,1,0.0,2,3,0.0,0,1,1,1,0,2,1,0.0,0.0,0.0,0,0,0.0,0.08333333333333333,0.13043478260869565,0.0,0.0,0.0,0.0,0.25,0.08695652173913043,0.0
6290,Neon Oracle,1481,0.0517,2029.0,2029.0,0.0,Jazz Surf Rock,Solo,0,1,1,0.0,2,3,0.0,0,1,1,1,0,2,1,0.0,0.0,0.0,0,0,0.0,0.08333333333333333,0.13043478260869565,0.0,0.0,0.0,0.0,0.25,0.08695652173913043,0.0
10542,Perry Thompson,1481,0.0517,2029.0,2029.0,0.0,Synthwave,Solo,0,1,1,0.0,2,3,0.0,0,1,1,1,0,2,1,0.0,0.0,0.0,0,0,0.0,0.08333333333333333,0.13043478260869565,0.0,0.0,0.0,0.0,0.25,0.08695652173913043,0.0
10541,Cheryl Peterson,1481,0.0517,2029.0,2029.0,0.0,Synthwave,Solo,0,1,1,0.0,2,3,0.0,0,1,1,1,0,2,1,0.0,0.0,0.0,0,0,0.0,0.08333333333333333,0.13043478260869565,0.0,0.0,0.0,0.0,0.25,0.08695652173913043,0.0
15163,Amy Rodriguez,1481,0.0517,2029.0,2029.0,0.0,Indie Folk,Solo,0,1,1,0.0,2,3,0.0,0,1,1,1,0,2,1,0.0,0.0,0.0,0,0,0.0,0.08333333333333333,0.13043478260869565,0.0,0.0,0.0,0.0,0.25,0.08695652173913043,0.0
1653,Charo Cañas Saez,1481,0.0517,2027.0,2027.0,0.0,Synthwave,Solo,0,1,1,0.0,2,3,0.0,0,1,1,1,0,2,1,0.0,0.0,0.0,0,0,0.0,0.08333333333333333,0.13043478260869565,0.0,0.0,0.0,0.0,0.25,0.08695652173913043,0.0
10540,Sean Lewis,1481,0.0517,2029.0,2029.0,0.0,Synthwave,Solo,0,1,1,0.0,2,3,0.0,0,1,1,1,0,2,1,0.0,0.0,0.0,0,0,0.0,0.08333333333333333,0.13043478260869565,0.0,0.0,0.0,0.0,0.25,0.08695652173913043,0.0
15557,Laura Anderson,1481,0.0517,2028.0,2028.0,0.0,Jazz Surf Rock,Solo,0,1,1,0.0,2,3,0.0,0,1,1,1,0,2,1,0.0,0.0,0.0,0,0,0.0,0.08333333333333333,0.13043478260869565,0.0,0.0,0.0,0.0,0.25,0.08695652173913043,0.0
4642,Kirk Kemp,1481,0.0517,2026.0,2026.0,0.0,Indie Folk,Solo,0,1,1,0.0,2,3,0.0,0,1,1,1,0,2,1,0.25,0.0,0.5,0,1,0.0,0.08333333333333333,0.13043478260869565,0.0,0.0,0.0,0.0,0.25,0.08695652173913043,0.0
4641,Alexandra King,1481,0.0517,2026.0,2026.0,0.0,Indie Folk,Solo,0,1,1,0.0,2,3,0.0,0,1,1,1,0,2,1,0.25,0.0,0.5,0,1,0.0,0.08333333333333333,0.13043478260869565,0.0,0.0,0.0,0.0,0.25,0.08695652173913043,0.0
13598,Jun Long,1546,0.0515,2026.0,2026.0,0.0,Synthwave,Solo,0,1,1,0.0,0,6,0.0,0,1,1,1,0,0,1,0.0,0.0,0.0,0,0,0.0,0.0,0.2608695652173913,0.0,0.0,0.0,0.0,0.25,0.0,0.0
14922,Jie Du,1546,0.0515,2025.0,2025.0,0.0,Dream Pop,Solo,0,1,1,0.0,0,6,0.0,0,1,1,1,0,0,1,0.0,0.0,0.0,0,0,0.0,0.0,0.2608695652173913,0.0,0.0,0.0,0.0,0.25,0.0,0.0
13599,Chao Zhao,1546,0.0515,2026.0,2026.0,0.0,Synthwave,Solo,0,1,1,0.0,0,6,0.0,0,1,1,1,0,0,1,0.0,0.0,0.0,0,0,0.0,0.0,0.2608695652173913,0.0,0.0,0.0,0.0,0.25,0.0,0.0
13597,Xiulan Song,1546,0.0515,2026.0,2026.0,0.0,Synthwave,Solo,0,1,1,0.0,0,6,0.0,0,1,1,1,0,0,1,0.0,0.0,0.0,0,0,0.0,0.0,0.2608695652173913,0.0,0.0,0.0,0.0,0.25,0.0,0.0
14923,Yang Xu,1546,0.0515,2025.0,2025.0,0.0,Dream Pop,Solo,0,1,1,0.0,0,6,0.0,0,1,1,1,0,0,1,0.0,0.0,0.0,0,0,0.0,0.0,0.2608695652173913,0.0,0.0,0.0,0.0,0.25,0.0,0.0
13596,Li Yuan,1546,0.0515,2026.0,2026.0,0.0,Synthwave,Solo,0,1,1,0.0,0,6,0.0,0,1,1,1,0,0,1,0.0,0.0,0.0,0,0,0.0,0.0,0.2608695652173913,0.0,0.0,0.0,0.0,0.25,0.0,0.0
13595,Xiuying Du,1546,0.0515,2026.0,2026.0,0.0,Synthwave,Solo,0,1,1,0.0,0,6,0.0,0,1,1,1,0,0,1,0.0,0.0,0.0,0,0,0.0,0.0,0.2608695652173913,0.0,0.0,0.0,0.0,0.25,0.0,0.0
14924,Guiying Feng,1546,0.0515,2025.0,2025.0,0.0,Dream Pop,Solo,0,1,1,0.0,0,6,0.0,0,1,1,1,0,0,1,0.0,0.0,0.0,0,0,0.0,0.0,0.2608695652173913,0.0,0.0,0.0,0.0,0.25,0.0,0.0
13594,Ming Song,1546,0.0515,2026.0,2026.0,0.0,Synthwave,Solo,0,1,1,0.0,0,6,0.0,0,1,1,1,0,0,1,0.0,0.0,0.0,0,0,0.0,0.0,0.2608695652173913,0.0,0.0,0.0,0.0,0.25,0.0,0.0
14925,Xia Xu,1546,0.0515,2025.0,2025.0,0.0,Dream Pop,Solo,0,1,1,0.0,0,6,0.0,0,1,1,1,0,0,1,0.0,0.0,0.0,0,0,0.0,0.0,0.2608695652173913,0.0,0.0,0.0,0.0,0.25,0.0,0.0
379,Jutta Matthäi,1556,0.0513,2030.0,2030.0,0.0,Dream Pop,Solo,0,1,1,0.0,1,3,0.0,1,1,1,1,0,1,2,0.0,0.0,0.0,0,0,0.0,0.041666666666666664,0.13043478260869565,0.0,0.0,0.047619047619047616,0.0,0.25,0.043478260869565216,0.5
15077,Heather Dalton,1556,0.0513,2030.0,2030.0,0.0,Alternative Rock,Solo,0,1,1,0.0,1,3,0.0,1,1,1,1,0,1,2,0.0,0.0,0.0,0,0,0.0,0.041666666666666664,0.13043478260869565,0.0,0.0,0.047619047619047616,0.0,0.25,0.043478260869565216,0.5
377,Hildegund Wilmsen,1556,0.0513,2030.0,2030.0,0.0,Dream Pop,Solo,0,1,1,0.0,1,3,0.0,1,1,1,1,0,1,2,0.0,0.0,0.0,0,0,0.0,0.041666666666666664,0.13043478260869565,0.0,0.0,0.047619047619047616,0.0,0.25,0.043478260869565216,0.5
9675,Xia Tang,1556,0.0513,2032.0,2032.0,0.0,Indie Folk,Solo,0,1,1,0.0,1,3,0.0,1,1,1,1,0,1,2,0.0,0.0,0.0,0,0,0.0,0.041666666666666664,0.13043478260869565,0.0,0.0,0.047619047619047616,0.0,0.25,0.043478260869565216,0.5
15355,Gang Qian,1556,0.0513,2030.0,2030.0,0.0,Dream Pop,Solo,0,1,1,0.0,1,3,0.0,1,1,1,1,0,1,2,0.0,0.0,0.0,0,0,0.0,0.041666666666666664,0.13043478260869565,0.0,0.0,0.047619047619047616,0.0,0.25,0.043478260869565216,0.5
16520,Emily Hudson,1561,0.0512,2026.0,2026.0,0.0,Psychedelic Rock,Solo,0,1,1,0.0,5,0,0.0,0,1,0,0,0,5,2,0.0,0.0,0.0,0,0,0.0,0.20833333333333331,0.0,0.0,0.0,0.0,0.0,0.0,0.21739130434782608,0.5
14396,Valentina Ungaretti-Pucci,1562,0.051,2026.0,2026.0,0.0,Indie Folk,Solo,0,1,1,0.0,3,3,0.0,0,1,0,0,0,3,2,0.3333,0.0,0.6666666666666666,0,2,0.0,0.125,0.13043478260869565,0.0,0.0,0.0,0.0,0.0,0.13043478260869565,0.5
12277, Beck,1563,0.0507,2027.0,2027.0,0.0,Post-Apocalyptic Folk,Solo,0,1,1,0.0,2,2,0.0,0,1,1,1,0,2,2,0.0,0.0,0.0,0,0,0.0,0.08333333333333333,0.08695652173913043,0.0,0.0,0.0,0.0,0.25,0.08695652173913043,0.5
2235,Gang Han,1563,0.0507,2025.0,2025.0,0.0,Lo-Fi Electronica,Solo,0,1,1,0.0,2,2,0.0,0,1,1,1,0,2,2,0.0,0.0,0.0,0,0,0.0,0.08333333333333333,0.08695652173913043,0.0,0.0,0.0,0.0,0.25,0.08695652173913043,0.5
2226,Dariusz Madera,1563,0.0507,2026.0,2026.0,0.0,Alternative Rock,Solo,0,1,1,0.0,2,2,0.0,0,1,1,1,0,2,2,0.0,0.0,0.0,0,0,0.0,0.08333333333333333,0.08695652173913043,0.0,0.0,0.0,0.0,0.25,0.08695652173913043,0.5
15567,Ping Long,1563,0.0507,2026.0,2026.0,0.0,Space Rock,Solo,0,1,1,0.0,2,2,0.0,0,1,1,1,0,2,2,0.0,0.0,0.0,0,0,0.0,0.08333333333333333,0.08695652173913043,0.0,0.0,0.0,0.0,0.25,0.08695652173913043,0.5
1192,Brittany Harvey,1563,0.0507,2026.0,2026.0,0.0,Blues Rock,Solo,0,1,1,0.0,2,2,0.0,0,1,1,1,0,2,2,0.0,0.0,0.0,0,0,0.0,0.08333333333333333,0.08695652173913043,0.0,0.0,0.0,0.0,0.25,0.08695652173913043,0.5
14898,Darshit Mannan,1563,0.0507,2029.0,2029.0,0.0,Jazz Surf Rock,Solo,0,1,1,0.0,2,2,0.0,0,1,1,1,0,2,2,0.0,0.0,0.0,0,0,0.0,0.08333333333333333,0.08695652173913043,0.0,0.0,0.0,0.0,0.25,0.08695652173913043,0.5
9791,Charlotte Marchand,1563,0.0507,2027.0,2027.0,0.0,Synthwave,Solo,0,1,1,0.0,2,2,0.0,0,1,1,1,0,2,2,0.0,0.0,0.0,0,0,0.0,0.08333333333333333,0.08695652173913043,0.0,0.0,0.0,0.0,0.25,0.08695652173913043,0.5
4025,Ida Vigliotti,1563,0.0507,2026.0,2026.0,0.0,Oceanus Folk,Solo,0,1,1,0.0,2,2,0.0,0,1,1,1,0,2,2,0.75,1.0,0.5,1,1,0.0,0.08333333333333333,0.08695652173913043,0.0,0.0,0.0,0.0,0.25,0.08695652173913043,0.5
12579,Tao Yan,1563,0.0507,2029.0,2029.0,0.0,Symphonic Metal,Solo,0,1,1,0.0,2,2,0.0,0,1,1,1,0,2,2,0.0,0.0,0.0,0,0,0.0,0.08333333333333333,0.08695652173913043,0.0,0.0,0.0,0.0,0.25,0.08695652173913043,0.5
6766,Amy Riley,1563,0.0507,2029.0,2029.0,0.0,Alternative Rock,Solo,0,1,1,0.0,2,2,0.0,0,1,1,1,0,2,2,0.0,0.0,0.0,0,0,0.0,0.08333333333333333,0.08695652173913043,0.0,0.0,0.0,0.0,0.25,0.08695652173913043,0.5
579,Lei Fu,1573,0.0505,2027.0,2027.0,0.0,Space Rock,Solo,0,1,1,0.0,5,1,0.0,0,1,0,0,0,4,1,0.3,0.0,0.6,0,3,0.0,0.20833333333333331,0.043478260869565216,0.0,0.0,0.0,0.0,0.0,0.17391304347826086,0.0
578,Wei Gao,1573,0.0505,2027.0,2027.0,0.0,Space Rock,Solo,0,1,1,0.0,5,1,0.0,0,1,0,0,0,4,1,0.3,0.0,0.6,0,3,0.0,0.20833333333333331,0.043478260869565216,0.0,0.0,0.0,0.0,0.0,0.17391304347826086,0.0
14607,Karen Thomas,1575,0.05,2025.0,2025.0,0.0,Synthwave,Solo,0,1,1,0.0,2,3,0.0,0,1,1,1,0,1,1,0.0,0.0,0.0,0,0,0.0,0.08333333333333333,0.13043478260869565,0.0,0.0,0.0,0.0,0.25,0.043478260869565216,0.0
11871,Chao Yuan,1575,0.05,2028.0,2028.0,0.0,Indie Folk,Solo,0,1,1,0.0,2,3,0.0,0,1,1,1,0,1,1,0.25,0.0,0.5,0,1,0.0,0.08333333333333333,0.13043478260869565,0.0,0.0,0.0,0.0,0.25,0.043478260869565216,0.0
11872,Jie Hu,1575,0.05,2028.0,2028.0,0.0,Indie Folk,Solo,0,1,1,0.0,2,3,0.0,0,1,1,1,0,1,1,0.25,0.0,0.5,0,1,0.0,0.08333333333333333,0.13043478260869565,0.0,0.0,0.0,0.0,0.25,0.043478260869565216,0.0
11873,Mariola Heser,1575,0.05,2028.0,2028.0,0.0,Indie Folk,Solo,0,1,1,0.0,2,3,0.0,0,1,1,1,0,1,1,0.25,0.0,0.5,0,1,0.0,0.08333333333333333,0.13043478260869565,0.0,0.0,0.0,0.0,0.25,0.043478260869565216,0.0
11874,Xiulan Dong,1575,0.05,2028.0,2028.0,0.0,Indie Folk,Solo,0,1,1,0.0,2,3,0.0,0,1,1,1,0,1,1,0.25,0.0,0.5,0,1,0.0,0.08333333333333333,0.13043478260869565,0.0,0.0,0.0,0.0,0.25,0.043478260869565216,0.0
1287,Justin Ellison,1580,0.0491,2027.0,2027.0,0.0,Dream Pop,Solo,0,1,1,0.0,4,2,0.0,0,1,0,0,0,4,1,0.0,0.0,0.0,0,0,0.0,0.16666666666666666,0.08695652173913043,0.0,0.0,0.0,0.0,0.0,0.17391304347826086,0.0
1289,Juan Meng,1580,0.0491,2027.0,2027.0,0.0,Dream Pop,Solo,0,1,1,0.0,4,2,0.0,0,1,0,0,0,4,1,0.0,0.0,0.0,0,0,0.0,0.16666666666666666,0.08695652173913043,0.0,0.0,0.0,0.0,0.0,0.17391304347826086,0.0
14287,Angela Greene,1580,0.0491,2027.0,2027.0,0.0,Post-Apocalyptic Folk,Solo,0,1,1,0.0,4,2,0.0,0,1,0,0,0,4,1,0.0,0.0,0.0,0,0,0.0,0.16666666666666666,0.08695652173913043,0.0,0.0,0.0,0.0,0.0,0.17391304347826086,0.0
17409,Isla Quinn,1580,0.0491,2033.0,2033.0,0.0,Oceanus Folk,Solo,0,1,1,0.30000000000000004,1,1,0.0,1,1,0,0,0,1,1,0.5,1.0,0.0,1,0,0.0,0.041666666666666664,0.043478260869565216,0.30000000000000004,0.0,0.047619047619047616,0.0,0.0,0.043478260869565216,0.0
2414,Min Qin,1584,0.0489,2026.0,2026.0,0.0,Dream Pop,Solo,0,1,1,0.0,2,5,0.0,0,1,0,0,0,2,1,0.0,0.0,0.0,0,0,0.0,0.08333333333333333,0.21739130434782608,0.0,0.0,0.0,0.0,0.0,0.08695652173913043,0.0
7523,Jun Gao,1585,0.0488,2025.0,2025.0,0.0,Dream Pop,Solo,0,1,1,0.0,3,1,0.0,0,1,1,1,0,3,1,0.0,0.0,0.0,0,0,0.0,0.125,0.043478260869565216,0.0,0.0,0.0,0.0,0.25,0.13043478260869565,0.0
1940,Lei Shen,1585,0.0488,2026.0,2026.0,0.0,Space Rock,Solo,0,1,1,0.0,3,1,0.0,0,1,1,1,0,3,1,0.0,0.0,0.0,0,0,0.0,0.125,0.043478260869565216,0.0,0.0,0.0,0.0,0.25,0.13043478260869565,0.0
15211,Yong Xue,1585,0.0488,2027.0,2027.0,0.0,Jazz Surf Rock,Solo,0,1,1,0.0,3,1,0.0,0,1,1,1,0,3,1,0.0,0.0,0.0,0,0,0.0,0.125,0.043478260869565216,0.0,0.0,0.0,0.0,0.25,0.13043478260869565,0.0
9796,Jing Wei,1585,0.0488,2027.0,2027.0,0.0,Indie Folk,Solo,0,1,1,0.0,3,1,0.0,0,1,1,1,0,3,1,0.0,0.0,0.0,0,0,0.0,0.125,0.043478260869565216,0.0,0.0,0.0,0.0,0.25,0.13043478260869565,0.0
13397,Yan Zhu,1585,0.0488,2029.0,2029.0,0.0,Oceanus Folk,Solo,0,1,1,0.0,3,1,0.0,0,1,1,1,0,3,1,0.8333,1.0,0.6666666666666666,1,2,0.0,0.125,0.043478260869565216,0.0,0.0,0.0,0.0,0.25,0.13043478260869565,0.0
476,Xiuying Yuan,1585,0.0488,2027.0,2027.0,0.0,Synthwave,Solo,0,1,1,0.0,3,1,0.0,0,1,1,1,0,3,1,0.0,0.0,0.0,0,0,0.0,0.125,0.043478260869565216,0.0,0.0,0.0,0.0,0.25,0.13043478260869565,0.0
14185,James Weber,1585,0.0488,2027.0,2027.0,0.0,Dream Pop,Solo,0,0,1,0.0,3,1,0.0,0,1,1,1,0,3,1,0.0,0.0,0.0,0,0,0.0,0.125,0.043478260869565216,0.0,0.0,0.0,0.0,0.25,0.13043478260869565,0.0
14183,Yong Zhong,1585,0.0488,2027.0,2027.0,0.0,Dream Pop,Solo,0,0,1,0.0,3,1,0.0,0,1,1,1,0,3,1,0.0,0.0,0.0,0,0,0.0,0.125,0.043478260869565216,0.0,0.0,0.0,0.0,0.25,0.13043478260869565,0.0
475,Qiang Lai,1585,0.0488,2027.0,2027.0,0.0,Synthwave,Solo,0,1,1,0.0,3,1,0.0,0,1,1,1,0,3,1,0.0,0.0,0.0,0,0,0.0,0.125,0.043478260869565216,0.0,0.0,0.0,0.0,0.25,0.13043478260869565,0.0
5876,Ping Han,1585,0.0488,2026.0,2026.0,0.0,Americana,Solo,0,1,1,0.0,3,1,0.0,0,1,1,1,0,3,1,0.0,0.0,0.0,0,0,0.0,0.125,0.043478260869565216,0.0,0.0,0.0,0.0,0.25,0.13043478260869565,0.0
7521,Juan Gu,1585,0.0488,2025.0,2025.0,0.0,Dream Pop,Solo,0,1,1,0.0,3,1,0.0,0,1,1,1,0,3,1,0.0,0.0,0.0,0,0,0.0,0.125,0.043478260869565216,0.0,0.0,0.0,0.0,0.25,0.13043478260869565,0.0
11505,Chao Fan,1596,0.0486,2026.0,2026.0,0.0,Americana,Solo,0,1,1,0.0,1,4,0.0,0,1,1,1,0,1,1,0.0,0.0,0.0,0,0,0.0,0.041666666666666664,0.17391304347826086,0.0,0.0,0.0,0.0,0.25,0.043478260869565216,0.0
1045,Mary Gonzalez,1596,0.0486,2028.0,2028.0,0.0,Dream Pop,Solo,0,0,1,0.0,1,4,0.0,0,1,1,1,0,1,1,0.0,0.0,0.0,0,0,0.0,0.041666666666666664,0.17391304347826086,0.0,0.0,0.0,0.0,0.25,0.043478260869565216,0.0
7743,Adrien Gaudin,1596,0.0486,2029.0,2029.0,0.0,Dream Pop,Solo,0,1,1,0.0,1,4,0.0,0,1,1,1,0,1,1,0.0,0.0,0.0,0,0,0.0,0.041666666666666664,0.17391304347826086,0.0,0.0,0.0,0.0,0.25,0.043478260869565216,0.0
15223,Tao Xie,1596,0.0486,2026.0,2026.0,0.0,Jazz Surf Rock,Solo,0,1,1,0.0,1,4,0.0,0,1,1,1,0,1,1,0.0,0.0,0.0,0,0,0.0,0.041666666666666664,0.17391304347826086,0.0,0.0,0.0,0.0,0.25,0.043478260869565216,0.0
7745,Adrienne Godard,1596,0.0486,2029.0,2029.0,0.0,Dream Pop,Solo,0,1,1,0.0,1,4,0.0,0,1,1,1,0,1,1,0.0,0.0,0.0,0,0,0.0,0.041666666666666664,0.17391304347826086,0.0,0.0,0.0,0.0,0.25,0.043478260869565216,0.0
1046,Barbara Hall,1596,0.0486,2028.0,2028.0,0.0,Dream Pop,Solo,0,0,1,0.0,1,4,0.0,0,1,1,1,0,1,1,0.0,0.0,0.0,0,0,0.0,0.041666666666666664,0.17391304347826086,0.0,0.0,0.0,0.0,0.25,0.043478260869565216,0.0
15371,Yong Qiao,1596,0.0486,2026.0,2026.0,0.0,Space Rock,Solo,0,1,1,0.0,1,4,0.0,0,1,1,1,0,1,1,0.0,0.0,0.0,0,0,0.0,0.041666666666666664,0.17391304347826086,0.0,0.0,0.0,0.0,0.25,0.043478260869565216,0.0
15385,Xia Ye,1596,0.0486,2025.0,2025.0,0.0,Oceanus Folk,Solo,0,1,1,0.0,1,4,0.0,0,1,1,1,0,1,1,0.5,1.0,0.0,1,0,0.0,0.041666666666666664,0.17391304347826086,0.0,0.0,0.0,0.0,0.25,0.043478260869565216,0.0
15386,Chelsea Harris,1596,0.0486,2025.0,2025.0,0.0,Oceanus Folk,Solo,0,1,1,0.0,1,4,0.0,0,1,1,1,0,1,1,0.5,1.0,0.0,1,0,0.0,0.041666666666666664,0.17391304347826086,0.0,0.0,0.0,0.0,0.25,0.043478260869565216,0.0
4153,Yang Qiao,1596,0.0486,2027.0,2027.0,0.0,Desert Rock,Solo,0,1,1,0.0,1,4,0.0,0,1,1,1,0,1,1,0.0,0.0,0.0,0,0,0.0,0.041666666666666664,0.17391304347826086,0.0,0.0,0.0,0.0,0.25,0.043478260869565216,0.0
4152,Jared Snow,1596,0.0486,2027.0,2027.0,0.0,Desert Rock,Solo,0,1,1,0.0,1,4,0.0,0,1,1,1,0,1,1,0.0,0.0,0.0,0,0,0.0,0.041666666666666664,0.17391304347826086,0.0,0.0,0.0,0.0,0.25,0.043478260869565216,0.0
7933,Xiuying Zhang,1596,0.0486,2025.0,2025.0,0.0,Americana,Solo,0,1,1,0.0,1,4,0.0,0,1,1,1,0,1,1,0.0,0.0,0.0,0,0,0.0,0.041666666666666664,0.17391304347826086,0.0,0.0,0.0,0.0,0.25,0.043478260869565216,0.0
5340,Alyssa Franklin,1596,0.0486,2026.0,2026.0,0.0,Indie Folk,Solo,0,1,1,0.0,1,4,0.0,0,1,1,1,0,1,1,0.0,0.0,0.0,0,0,0.0,0.041666666666666664,0.17391304347826086,0.0,0.0,0.0,0.0,0.25,0.043478260869565216,0.0
7050,Yong Hou,1596,0.0486,2026.0,2026.0,0.0,Dream Pop,Solo,0,1,1,0.0,1,4,0.0,0,1,1,1,0,1,1,0.0,0.0,0.0,0,0,0.0,0.041666666666666664,0.17391304347826086,0.0,0.0,0.0,0.0,0.25,0.043478260869565216,0.0
5341,Li Tan,1596,0.0486,2026.0,2026.0,0.0,Indie Folk,Solo,0,1,1,0.0,1,4,0.0,0,1,1,1,0,1,1,0.0,0.0,0.0,0,0,0.0,0.041666666666666664,0.17391304347826086,0.0,0.0,0.0,0.0,0.25,0.043478260869565216,0.0
5344,Jie Fan,1596,0.0486,2026.0,2026.0,0.0,Indie Folk,Solo,0,1,1,0.0,1,4,0.0,0,1,1,1,0,1,1,0.0,0.0,0.0,0,0,0.0,0.041666666666666664,0.17391304347826086,0.0,0.0,0.0,0.0,0.25,0.043478260869565216,0.0
5346,Juan Qiu,1596,0.0486,2026.0,2026.0,0.0,Indie Folk,Solo,0,1,1,0.0,1,4,0.0,0,1,1,1,0,1,1,0.0,0.0,0.0,0,0,0.0,0.041666666666666664,0.17391304347826086,0.0,0.0,0.0,0.0,0.25,0.043478260869565216,0.0
1047,Rebecca Taylor,1596,0.0486,2028.0,2028.0,0.0,Dream Pop,Solo,0,0,1,0.0,1,4,0.0,0,1,1,1,0,1,1,0.0,0.0,0.0,0,0,0.0,0.041666666666666664,0.17391304347826086,0.0,0.0,0.0,0.0,0.25,0.043478260869565216,0.0
5207,Min Liang,1596,0.0486,2028.0,2028.0,0.0,Indie Folk,Solo,0,1,1,0.0,1,4,0.0,0,1,1,1,0,1,1,0.0,0.0,0.0,0,0,0.0,0.041666666666666664,0.17391304347826086,0.0,0.0,0.0,0.0,0.25,0.043478260869565216,0.0
7932,Ming Wang,1596,0.0486,2025.0,2025.0,0.0,Americana,Solo,0,1,1,0.0,1,4,0.0,0,1,1,1,0,1,1,0.0,0.0,0.0,0,0,0.0,0.041666666666666664,0.17391304347826086,0.0,0.0,0.0,0.0,0.25,0.043478260869565216,0.0
7047,Yong Su,1596,0.0486,2026.0,2026.0,0.0,Dream Pop,Solo,0,1,1,0.0,1,4,0.0,0,1,1,1,0,1,1,0.0,0.0,0.0,0,0,0.0,0.041666666666666664,0.17391304347826086,0.0,0.0,0.0,0.0,0.25,0.043478260869565216,0.0
7048,Lei Tian,1596,0.0486,2026.0,2026.0,0.0,Dream Pop,Solo,0,1,1,0.0,1,4,0.0,0,1,1,1,0,1,1,0.0,0.0,0.0,0,0,0.0,0.041666666666666664,0.17391304347826086,0.0,0.0,0.0,0.0,0.25,0.043478260869565216,0.0
1224,Richard Smith,1596,0.0486,2029.0,2029.0,0.0,Dream Pop,Solo,0,1,1,0.0,1,4,0.0,0,1,1,1,0,1,1,0.0,0.0,0.0,0,0,0.0,0.041666666666666664,0.17391304347826086,0.0,0.0,0.0,0.0,0.25,0.043478260869565216,0.0
11507,Wei Pan,1596,0.0486,2026.0,2026.0,0.0,Americana,Solo,0,1,1,0.0,1,4,0.0,0,1,1,1,0,1,1,0.0,0.0,0.0,0,0,0.0,0.041666666666666664,0.17391304347826086,0.0,0.0,0.0,0.0,0.25,0.043478260869565216,0.0
1179,Wei Fang,1596,0.0486,2026.0,2026.0,0.0,Desert Rock,Solo,0,1,1,0.0,1,4,0.0,0,1,1,1,0,1,1,0.0,0.0,0.0,0,0,0.0,0.041666666666666664,0.17391304347826086,0.0,0.0,0.0,0.0,0.25,0.043478260869565216,0.0
11503,Katherine Ortega,1596,0.0486,2026.0,2026.0,0.0,Americana,Solo,0,1,1,0.0,1,4,0.0,0,1,1,1,0,1,1,0.0,0.0,0.0,0,0,0.0,0.041666666666666664,0.17391304347826086,0.0,0.0,0.0,0.0,0.25,0.043478260869565216,0.0
11506,Emma Venditti-Brugnaro,1596,0.0486,2026.0,2026.0,0.0,Americana,Solo,0,1,1,0.0,1,4,0.0,0,1,1,1,0,1,1,0.0,0.0,0.0,0,0,0.0,0.041666666666666664,0.17391304347826086,0.0,0.0,0.0,0.0,0.25,0.043478260869565216,0.0
7049,Chao Wu,1596,0.0486,2026.0,2026.0,0.0,Dream Pop,Solo,0,1,1,0.0,1,4,0.0,0,1,1,1,0,1,1,0.0,0.0,0.0,0,0,0.0,0.041666666666666664,0.17391304347826086,0.0,0.0,0.0,0.0,0.25,0.043478260869565216,0.0
5205,John Howe,1596,0.0486,2028.0,2028.0,0.0,Indie Folk,Solo,0,1,1,0.0,1,4,0.0,0,1,1,1,0,1,1,0.0,0.0,0.0,0,0,0.0,0.041666666666666664,0.17391304347826086,0.0,0.0,0.0,0.0,0.25,0.043478260869565216,0.0
5164,Karen Williams,1596,0.0486,2029.0,2029.0,0.0,Desert Rock,Solo,0,1,1,0.0,1,4,0.0,0,1,1,1,0,1,1,0.0,0.0,0.0,0,0,0.0,0.041666666666666664,0.17391304347826086,0.0,0.0,0.0,0.0,0.25,0.043478260869565216,0.0
14914,Xiulan Sun,1596,0.0486,2025.0,2025.0,0.0,Jazz Surf Rock,Solo,0,1,1,0.0,1,4,0.0,0,1,1,1,0,1,1,0.0,0.0,0.0,0,0,0.0,0.041666666666666664,0.17391304347826086,0.0,0.0,0.0,0.0,0.25,0.043478260869565216,0.0
14059,Richard Cook,1596,0.0486,2027.0,2027.0,0.0,Space Rock,Solo,0,1,1,0.0,1,4,0.0,0,1,1,1,0,1,1,0.0,0.0,0.0,0,0,0.0,0.041666666666666664,0.17391304347826086,0.0,0.0,0.0,0.0,0.25,0.043478260869565216,0.0
14060,Gary Edwards,1596,0.0486,2027.0,2027.0,0.0,Space Rock,Solo,0,1,1,0.0,1,4,0.0,0,1,1,1,0,1,1,0.0,0.0,0.0,0,0,0.0,0.041666666666666664,0.17391304347826086,0.0,0.0,0.0,0.0,0.25,0.043478260869565216,0.0
14061,James Perry,1596,0.0486,2027.0,2027.0,0.0,Space Rock,Solo,0,1,1,0.0,1,4,0.0,0,1,1,1,0,1,1,0.0,0.0,0.0,0,0,0.0,0.041666666666666664,0.17391304347826086,0.0,0.0,0.0,0.0,0.25,0.043478260869565216,0.0
14064,Cassandra Hernandez,1596,0.0486,2027.0,2027.0,0.0,Space Rock,Solo,0,1,1,0.0,1,4,0.0,0,1,1,1,0,1,1,0.0,0.0,0.0,0,0,0.0,0.041666666666666664,0.17391304347826086,0.0,0.0,0.0,0.0,0.25,0.043478260869565216,0.0
14121,Chao Chen,1596,0.0486,2028.0,2028.0,0.0,Dream Pop,Solo,0,1,1,0.0,1,4,0.0,0,1,1,1,0,1,1,0.0,0.0,0.0,0,0,0.0,0.041666666666666664,0.17391304347826086,0.0,0.0,0.0,0.0,0.25,0.043478260869565216,0.0
14123,Jing Zhu,1596,0.0486,2028.0,2028.0,0.0,Dream Pop,Solo,0,1,1,0.0,1,4,0.0,0,1,1,1,0,1,1,0.0,0.0,0.0,0,0,0.0,0.041666666666666664,0.17391304347826086,0.0,0.0,0.0,0.0,0.25,0.043478260869565216,0.0
8784,Jun Liang,1596,0.0486,2029.0,2029.0,0.0,Dream Pop,Solo,0,1,1,0.0,1,4,0.0,0,1,1,1,0,1,1,0.0,0.0,0.0,0,0,0.0,0.041666666666666664,0.17391304347826086,0.0,0.0,0.0,0.0,0.25,0.043478260869565216,0.0
8824,Fang Xie,1596,0.0486,2025.0,2025.0,0.0,Space Rock,Solo,0,1,1,0.0,1,4,0.0,0,1,1,1,0,1,1,0.0,0.0,0.0,0,0,0.0,0.041666666666666664,0.17391304347826086,0.0,0.0,0.0,0.0,0.25,0.043478260869565216,0.0
8827,Fang Qiu,1596,0.0486,2025.0,2025.0,0.0,Space Rock,Solo,0,1,1,0.0,1,4,0.0,0,1,1,1,0,1,1,0.0,0.0,0.0,0,0,0.0,0.041666666666666664,0.17391304347826086,0.0,0.0,0.0,0.0,0.25,0.043478260869565216,0.0
8830,Li Feng,1596,0.0486,2025.0,2025.0,0.0,Space Rock,Solo,0,1,1,0.0,1,4,0.0,0,1,1,1,0,1,1,0.0,0.0,0.0,0,0,0.0,0.041666666666666664,0.17391304347826086,0.0,0.0,0.0,0.0,0.25,0.043478260869565216,0.0
8831,Yong Tao,1596,0.0486,2025.0,2025.0,0.0,Oceanus Folk,Solo,0,1,1,0.0,1,4,0.0,0,1,1,1,0,1,1,0.5,1.0,0.0,1,0,0.0,0.041666666666666664,0.17391304347826086,0.0,0.0,0.0,0.0,0.25,0.043478260869565216,0.0
7746,Allison Marshall,1596,0.0486,2029.0,2029.0,0.0,Dream Pop,Solo,0,1,1,0.0,1,4,0.0,0,1,1,1,0,1,1,0.0,0.0,0.0,0,0,0.0,0.041666666666666664,0.17391304347826086,0.0,0.0,0.0,0.0,0.25,0.043478260869565216,0.0
8417,Mark Nunez,1596,0.0486,2025.0,2025.0,0.0,Indie Rock,Solo,0,1,1,0.0,1,4,0.0,0,1,1,1,0,1,1,0.0,0.0,0.0,0,0,0.0,0.041666666666666664,0.17391304347826086,0.0,0.0,0.0,0.0,0.25,0.043478260869565216,0.0
4986,Xia Tan,1596,0.0486,2026.0,2026.0,0.0,Indie Folk,Solo,0,1,1,0.0,1,4,0.0,0,1,1,1,0,1,1,0.0,0.0,0.0,0,0,0.0,0.041666666666666664,0.17391304347826086,0.0,0.0,0.0,0.0,0.25,0.043478260869565216,0.0
14916,Christopher Fox,1596,0.0486,2025.0,2025.0,0.0,Jazz Surf Rock,Solo,0,1,1,0.0,1,4,0.0,0,1,1,1,0,1,1,0.0,0.0,0.0,0,0,0.0,0.041666666666666664,0.17391304347826086,0.0,0.0,0.0,0.0,0.25,0.043478260869565216,0.0
4988,Xiulan Meng,1596,0.0486,2026.0,2026.0,0.0,Indie Folk,Solo,0,1,1,0.0,1,4,0.0,0,1,1,1,0,1,1,0.0,0.0,0.0,0,0,0.0,0.041666666666666664,0.17391304347826086,0.0,0.0,0.0,0.0,0.25,0.043478260869565216,0.0
8415,Chao Shen,1596,0.0486,2025.0,2025.0,0.0,Indie Rock,Solo,0,1,1,0.0,1,4,0.0,0,1,1,1,0,1,1,0.0,0.0,0.0,0,0,0.0,0.041666666666666664,0.17391304347826086,0.0,0.0,0.0,0.0,0.25,0.043478260869565216,0.0
5056,Thomas Carter,1596,0.0486,2029.0,2029.0,0.0,Indie Rock,Solo,0,1,1,0.0,1,4,0.0,0,1,1,1,0,1,1,0.0,0.0,0.0,0,0,0.0,0.041666666666666664,0.17391304347826086,0.0,0.0,0.0,0.0,0.25,0.043478260869565216,0.0
10397,Eric King,1596,0.0486,2029.0,2029.0,0.0,Psychedelic Rock,Solo,0,1,1,0.0,1,4,0.0,0,1,1,1,0,1,1,0.0,0.0,0.0,0,0,0.0,0.041666666666666664,0.17391304347826086,0.0,0.0,0.0,0.0,0.25,0.043478260869565216,0.0
10396,Thomas Palmer,1596,0.0486,2029.0,2029.0,0.0,Psychedelic Rock,Solo,0,1,1,0.0,1,4,0.0,0,1,1,1,0,1,1,0.0,0.0,0.0,0,0,0.0,0.041666666666666664,0.17391304347826086,0.0,0.0,0.0,0.0,0.25,0.043478260869565216,0.0
10395,Tiffany Martinez,1596,0.0486,2029.0,2029.0,0.0,Psychedelic Rock,Solo,0,1,1,0.0,1,4,0.0,0,1,1,1,0,1,1,0.0,0.0,0.0,0,0,0.0,0.041666666666666664,0.17391304347826086,0.0,0.0,0.0,0.0,0.25,0.043478260869565216,0.0
10394,Debbie Edwards,1596,0.0486,2029.0,2029.0,0.0,Psychedelic Rock,Solo,0,1,1,0.0,1,4,0.0,0,1,1,1,0,1,1,0.0,0.0,0.0,0,0,0.0,0.041666666666666664,0.17391304347826086,0.0,0.0,0.0,0.0,0.25,0.043478260869565216,0.0
12627,Jie Xu,1596,0.0486,2027.0,2027.0,0.0,Oceanus Folk,Solo,0,1,1,0.0,1,4,0.0,0,1,1,1,0,1,1,1.0,1.0,1.0,1,1,0.0,0.041666666666666664,0.17391304347826086,0.0,0.0,0.0,0.0,0.25,0.043478260869565216,0.0
8414,Jing Dai,1596,0.0486,2025.0,2025.0,0.0,Indie Rock,Solo,0,1,1,0.0,1,4,0.0,0,1,1,1,0,1,1,0.0,0.0,0.0,0,0,0.0,0.041666666666666664,0.17391304347826086,0.0,0.0,0.0,0.0,0.25,0.043478260869565216,0.0
12628,Yan Chang,1596,0.0486,2027.0,2027.0,0.0,Oceanus Folk,Solo,0,1,1,0.0,1,4,0.0,0,1,1,1,0,1,1,1.0,1.0,1.0,1,1,0.0,0.041666666666666664,0.17391304347826086,0.0,0.0,0.0,0.0,0.25,0.043478260869565216,0.0
5161,Susan Spencer,1596,0.0486,2029.0,2029.0,0.0,Desert Rock,Solo,0,1,1,0.0,1,4,0.0,0,1,1,1,0,1,1,0.0,0.0,0.0,0,0,0.0,0.041666666666666664,0.17391304347826086,0.0,0.0,0.0,0.0,0.25,0.043478260869565216,0.0
5162,Duane Richardson,1596,0.0486,2029.0,2029.0,0.0,Desert Rock,Solo,0,1,1,0.0,1,4,0.0,0,1,1,1,0,1,1,0.0,0.0,0.0,0,0,0.0,0.041666666666666664,0.17391304347826086,0.0,0.0,0.0,0.0,0.25,0.043478260869565216,0.0
5163,Brian Garrett,1596,0.0486,2029.0,2029.0,0.0,Desert Rock,Solo,0,1,1,0.0,1,4,0.0,0,1,1,1,0,1,1,0.0,0.0,0.0,0,0,0.0,0.041666666666666664,0.17391304347826086,0.0,0.0,0.0,0.0,0.25,0.043478260869565216,0.0
1043,Katherine Castillo,1596,0.0486,2028.0,2028.0,0.0,Dream Pop,Solo,0,0,1,0.0,1,4,0.0,0,1,1,1,0,1,1,0.0,0.0,0.0,0,0,0.0,0.041666666666666664,0.17391304347826086,0.0,0.0,0.0,0.0,0.25,0.043478260869565216,0.0
12904,XPLICIT KAI,1596,0.0486,2029.0,2029.0,0.0,Jazz Surf Rock,Solo,0,1,1,0.0,1,4,0.0,0,1,1,1,0,1,1,0.0,0.0,0.0,0,0,0.0,0.041666666666666664,0.17391304347826086,0.0,0.0,0.0,0.0,0.25,0.043478260869565216,0.0
4990,Chao Hou,1596,0.0486,2026.0,2026.0,0.0,Indie Folk,Solo,0,1,1,0.0,1,4,0.0,0,1,1,1,0,1,1,0.0,0.0,0.0,0,0,0.0,0.041666666666666664,0.17391304347826086,0.0,0.0,0.0,0.0,0.25,0.043478260869565216,0.0
1041,Cassandra Norris,1596,0.0486,2028.0,2028.0,0.0,Dream Pop,Solo,0,0,1,0.0,1,4,0.0,0,1,1,1,0,1,1,0.0,0.0,0.0,0,0,0.0,0.041666666666666664,0.17391304347826086,0.0,0.0,0.0,0.0,0.25,0.043478260869565216,0.0
7744,David Knox,1596,0.0486,2029.0,2029.0,0.0,Dream Pop,Solo,0,1,1,0.0,1,4,0.0,0,1,1,1,0,1,1,0.0,0.0,0.0,0,0,0.0,0.041666666666666664,0.17391304347826086,0.0,0.0,0.0,0.0,0.25,0.043478260869565216,0.0
742,Erin Kim,1596,0.0486,2026.0,2026.0,0.0,Doom Metal,Solo,0,1,1,0.0,1,4,0.0,0,1,1,1,0,1,1,0.0,0.0,0.0,0,0,0.0,0.041666666666666664,0.17391304347826086,0.0,0.0,0.0,0.0,0.25,0.043478260869565216,0.0
9432,Andrew Montes,1596,0.0486,2026.0,2026.0,0.0,Indie Rock,Solo,0,1,1,0.0,1,4,0.0,0,1,1,1,0,1,1,0.0,0.0,0.0,0,0,0.0,0.041666666666666664,0.17391304347826086,0.0,0.0,0.0,0.0,0.25,0.043478260869565216,0.0
9431,Katherine Gutierrez,1596,0.0486,2026.0,2026.0,0.0,Indie Rock,Solo,0,1,1,0.0,1,4,0.0,0,1,1,1,0,1,1,0.0,0.0,0.0,0,0,0.0,0.041666666666666664,0.17391304347826086,0.0,0.0,0.0,0.0,0.25,0.043478260869565216,0.0
8223,Éric Louis-Lévy,1596,0.0486,2028.0,2028.0,0.0,Synthwave,Solo,0,1,1,0.0,1,4,0.0,0,1,1,1,0,1,1,0.0,0.0,0.0,0,0,0.0,0.041666666666666664,0.17391304347826086,0.0,0.0,0.0,0.0,0.25,0.043478260869565216,0.0
8224,Lina Tirabassi,1596,0.0486,2028.0,2028.0,0.0,Synthwave,Solo,0,1,1,0.0,1,4,0.0,0,1,1,1,0,1,1,0.0,0.0,0.0,0,0,0.0,0.041666666666666664,0.17391304347826086,0.0,0.0,0.0,0.0,0.25,0.043478260869565216,0.0
7931,Lei Wan,1596,0.0486,2025.0,2025.0,0.0,Americana,Solo,0,1,1,0.0,1,4,0.0,0,1,1,1,0,1,1,0.0,0.0,0.0,0,0,0.0,0.041666666666666664,0.17391304347826086,0.0,0.0,0.0,0.0,0.25,0.043478260869565216,0.0
16569,Yan Li,1596,0.0486,2029.0,2029.0,0.0,Dream Pop,Solo,0,1,1,0.0,1,4,0.0,0,1,1,1,0,1,1,0.0,0.0,0.0,0,0,0.0,0.041666666666666664,0.17391304347826086,0.0,0.0,0.0,0.0,0.25,0.043478260869565216,0.0
12908,Jennifer Parker,1596,0.0486,2029.0,2029.0,0.0,Jazz Surf Rock,Solo,0,1,1,0.0,1,4,0.0,0,1,1,1,0,1,1,0.0,0.0,0.0,0,0,0.0,0.041666666666666664,0.17391304347826086,0.0,0.0,0.0,0.0,0.25,0.043478260869565216,0.0
16568,Jing Gao,1596,0.0486,2029.0,2029.0,0.0,Dream Pop,Solo,0,1,1,0.0,1,4,0.0,0,1,1,1,0,1,1,0.0,0.0,0.0,0,0,0.0,0.041666666666666664,0.17391304347826086,0.0,0.0,0.0,0.0,0.25,0.043478260869565216,0.0
16241,Natalie Wood,1596,0.0486,2028.0,2028.0,0.0,Dream Pop,Solo,0,1,1,0.0,1,4,0.0,0,1,1,1,0,1,1,0.0,0.0,0.0,0,0,0.0,0.041666666666666664,0.17391304347826086,0.0,0.0,0.0,0.0,0.25,0.043478260869565216,0.0
16565,Kimberly House,1596,0.0486,2029.0,2029.0,0.0,Dream Pop,Solo,0,1,1,0.0,1,4,0.0,0,1,1,1,0,1,1,0.0,0.0,0.0,0,0,0.0,0.041666666666666664,0.17391304347826086,0.0,0.0,0.0,0.0,0.25,0.043478260869565216,0.0
740,Xiulan Ye,1596,0.0486,2026.0,2026.0,0.0,Doom Metal,Solo,0,1,1,0.0,1,4,0.0,0,1,1,1,0,1,1,0.0,0.0,0.0,0,0,0.0,0.041666666666666664,0.17391304347826086,0.0,0.0,0.0,0.0,0.25,0.043478260869565216,0.0
16242,Natalie Hernandez,1596,0.0486,2028.0,2028.0,0.0,Dream Pop,Solo,0,1,1,0.0,1,4,0.0,0,1,1,1,0,1,1,0.0,0.0,0.0,0,0,0.0,0.041666666666666664,0.17391304347826086,0.0,0.0,0.0,0.0,0.25,0.043478260869565216,0.0
10393,Caleb Hunter,1596,0.0486,2029.0,2029.0,0.0,Psychedelic Rock,Solo,0,1,1,0.0,1,4,0.0,0,1,1,1,0,1,1,0.0,0.0,0.0,0,0,0.0,0.041666666666666664,0.17391304347826086,0.0,0.0,0.0,0.0,0.25,0.043478260869565216,0.0
12907,Tammy Williams,1596,0.0486,2029.0,2029.0,0.0,Jazz Surf Rock,Solo,0,1,1,0.0,1,4,0.0,0,1,1,1,0,1,1,0.0,0.0,0.0,0,0,0.0,0.041666666666666664,0.17391304347826086,0.0,0.0,0.0,0.0,0.25,0.043478260869565216,0.0
16566,Li He,1596,0.0486,2029.0,2029.0,0.0,Dream Pop,Solo,0,1,1,0.0,1,4,0.0,0,1,1,1,0,1,1,0.0,0.0,0.0,0,0,0.0,0.041666666666666664,0.17391304347826086,0.0,0.0,0.0,0.0,0.25,0.043478260869565216,0.0
9433,Susan Briggs,1596,0.0486,2026.0,2026.0,0.0,Indie Rock,Solo,0,1,1,0.0,1,4,0.0,0,1,1,1,0,1,1,0.0,0.0,0.0,0,0,0.0,0.041666666666666664,0.17391304347826086,0.0,0.0,0.0,0.0,0.25,0.043478260869565216,0.0
8221,Liliana Morellato,1596,0.0486,2028.0,2028.0,0.0,Synthwave,Solo,0,1,1,0.0,1,4,0.0,0,1,1,1,0,1,1,0.0,0.0,0.0,0,0,0.0,0.041666666666666664,0.17391304347826086,0.0,0.0,0.0,0.0,0.25,0.043478260869565216,0.0
1037,Danielle Peters,1596,0.0486,2028.0,2028.0,0.0,Dream Pop,Solo,0,0,1,0.0,1,4,0.0,0,1,1,1,0,1,1,0.0,0.0,0.0,0,0,0.0,0.041666666666666664,0.17391304347826086,0.0,0.0,0.0,0.0,0.25,0.043478260869565216,0.0
8922,Sierra Gibson,1596,0.0486,2026.0,2026.0,0.0,Desert Rock,Solo,0,1,1,0.0,1,4,0.0,0,1,1,1,0,1,1,0.0,0.0,0.0,0,0,0.0,0.041666666666666664,0.17391304347826086,0.0,0.0,0.0,0.0,0.25,0.043478260869565216,0.0
8923,Qiang Luo,1596,0.0486,2026.0,2026.0,0.0,Desert Rock,Solo,0,1,1,0.0,1,4,0.0,0,1,1,1,0,1,1,0.0,0.0,0.0,0,0,0.0,0.041666666666666664,0.17391304347826086,0.0,0.0,0.0,0.0,0.25,0.043478260869565216,0.0
9434,Anthony Wheeler,1596,0.0486,2026.0,2026.0,0.0,Indie Rock,Solo,0,1,1,0.0,1,4,0.0,0,1,1,1,0,1,1,0.0,0.0,0.0,0,0,0.0,0.041666666666666664,0.17391304347826086,0.0,0.0,0.0,0.0,0.25,0.043478260869565216,0.0
1038,Amanda Davidson,1596,0.0486,2028.0,2028.0,0.0,Dream Pop,Solo,0,0,1,0.0,1,4,0.0,0,1,1,1,0,1,1,0.0,0.0,0.0,0,0,0.0,0.041666666666666664,0.17391304347826086,0.0,0.0,0.0,0.0,0.25,0.043478260869565216,0.0
122,Sabina Hrušková,1596,0.0486,2025.0,2025.0,0.0,Indie Folk,Solo,0,1,1,0.0,1,4,0.0,0,1,1,1,0,1,1,0.0,0.0,0.0,0,0,0.0,0.041666666666666664,0.17391304347826086,0.0,0.0,0.0,0.0,0.25,0.043478260869565216,0.0
123,Naděžda Pešková,1596,0.0486,2025.0,2025.0,0.0,Indie Folk,Solo,0,1,1,0.0,1,4,0.0,0,1,1,1,0,1,1,0.0,0.0,0.0,0,0,0.0,0.041666666666666664,0.17391304347826086,0.0,0.0,0.0,0.0,0.25,0.043478260869565216,0.0
124,Michal Žák,1596,0.0486,2025.0,2025.0,0.0,Indie Folk,Solo,0,1,1,0.0,1,4,0.0,0,1,1,1,0,1,1,0.0,0.0,0.0,0,0,0.0,0.041666666666666664,0.17391304347826086,0.0,0.0,0.0,0.0,0.25,0.043478260869565216,0.0
1039,Kelli Rojas,1596,0.0486,2028.0,2028.0,0.0,Dream Pop,Solo,0,0,1,0.0,1,4,0.0,0,1,1,1,0,1,1,0.0,0.0,0.0,0,0,0.0,0.041666666666666664,0.17391304347826086,0.0,0.0,0.0,0.0,0.25,0.043478260869565216,0.0
12906,Nathan Carrillo,1596,0.0486,2029.0,2029.0,0.0,Jazz Surf Rock,Solo,0,1,1,0.0,1,4,0.0,0,1,1,1,0,1,1,0.0,0.0,0.0,0,0,0.0,0.041666666666666664,0.17391304347826086,0.0,0.0,0.0,0.0,0.25,0.043478260869565216,0.0
7051,Xia Yang,1596,0.0486,2026.0,2026.0,0.0,Dream Pop,Solo,0,1,1,0.0,1,4,0.0,0,1,1,1,0,1,1,0.0,0.0,0.0,0,0,0.0,0.041666666666666664,0.17391304347826086,0.0,0.0,0.0,0.0,0.25,0.043478260869565216,0.0
1001,Scott Daniel,1596,0.0486,2027.0,2027.0,0.0,Americana,Solo,0,1,1,0.0,1,4,0.0,0,1,1,1,0,1,1,0.0,0.0,0.0,0,0,0.0,0.041666666666666664,0.17391304347826086,0.0,0.0,0.0,0.0,0.25,0.043478260869565216,0.0
1000,Juan Peng,1596,0.0486,2027.0,2027.0,0.0,Americana,Solo,0,1,1,0.0,1,4,0.0,0,1,1,1,0,1,1,0.0,0.0,0.0,0,0,0.0,0.041666666666666664,0.17391304347826086,0.0,0.0,0.0,0.0,0.25,0.043478260869565216,0.0
125,Miluše Dušková,1596,0.0486,2025.0,2025.0,0.0,Indie Folk,Solo,0,1,1,0.0,1,4,0.0,0,1,1,1,0,1,1,0.0,0.0,0.0,0,0,0.0,0.041666666666666664,0.17391304347826086,0.0,0.0,0.0,0.0,0.25,0.043478260869565216,0.0
1035,Tonya Andrews,1596,0.0486,2028.0,2028.0,0.0,Dream Pop,Solo,0,0,1,0.0,1,4,0.0,0,1,1,1,0,1,1,0.0,0.0,0.0,0,0,0.0,0.041666666666666664,0.17391304347826086,0.0,0.0,0.0,0.0,0.25,0.043478260869565216,0.0
12754,Sharon Roberts,1693,0.048,2027.0,2027.0,0.0,Dream Pop,Solo,0,1,1,0.0,4,1,0.0,0,1,0,0,0,4,2,0.0,0.0,0.0,0,0,0.0,0.16666666666666666,0.043478260869565216,0.0,0.0,0.0,0.0,0.0,0.17391304347826086,0.5
15317,Douglas Roberts,1693,0.048,2026.0,2026.0,0.0,Oceanus Folk,Solo,0,1,1,0.0,4,1,0.0,0,1,0,0,0,4,2,0.5,1.0,0.0,1,0,0.0,0.16666666666666666,0.043478260869565216,0.0,0.0,0.0,0.0,0.0,0.17391304347826086,0.5
1518,Juan Feng,1693,0.048,2029.0,2029.0,0.0,Doom Metal,Solo,0,1,1,0.0,4,1,0.0,0,1,0,0,0,4,2,0.0,0.0,0.0,0,0,0.0,0.16666666666666666,0.043478260869565216,0.0,0.0,0.0,0.0,0.0,0.17391304347826086,0.5
11973,Guiying Bai,1696,0.0478,2026.0,2026.0,0.0,Desert Rock,Solo,0,1,1,0.0,2,4,0.0,0,1,0,0,0,2,2,0.0,0.0,0.0,0,0,0.0,0.08333333333333333,0.17391304347826086,0.0,0.0,0.0,0.0,0.0,0.08695652173913043,0.5
11976,Na Meng,1696,0.0478,2026.0,2026.0,0.0,Desert Rock,Solo,0,1,1,0.0,2,4,0.0,0,1,0,0,0,2,2,0.0,0.0,0.0,0,0,0.0,0.08333333333333333,0.17391304347826086,0.0,0.0,0.0,0.0,0.0,0.08695652173913043,0.5
15259,Jacqueline Monroe,1698,0.0477,2030.0,2030.0,0.0,Southern Gothic Rock,Solo,0,1,1,0.0,3,0,0.0,0,1,1,1,0,3,2,0.0,0.0,0.0,0,0,0.0,0.125,0.0,0.0,0.0,0.0,0.0,0.25,0.13043478260869565,0.5
14310,Synthetic Serenade,1698,0.0477,2026.0,2026.0,0.0,Alternative Rock,Solo,0,1,1,0.0,3,0,0.0,0,1,1,1,0,3,2,0.0,0.0,0.0,0,0,0.0,0.125,0.0,0.0,0.0,0.0,0.0,0.25,0.13043478260869565,0.5
189,Alma Davids,1700,0.0476,2025.0,2025.0,0.0,Post-Apocalyptic Folk,Solo,0,1,1,0.0,0,7,0.0,0,1,0,0,0,0,2,0.0,0.0,0.0,0,0,0.0,0.0,0.30434782608695654,0.0,0.0,0.0,0.0,0.0,0.0,0.5
6000,Cilli Trommler,1701,0.0475,2026.0,2026.0,0.0,Dream Pop,Solo,0,1,1,0.0,1,3,0.0,0,1,1,1,0,1,2,0.0,0.0,0.0,0,0,0.0,0.041666666666666664,0.13043478260869565,0.0,0.0,0.0,0.0,0.25,0.043478260869565216,0.5
2786,Frederick Houston,1701,0.0475,2028.0,2028.0,0.0,Desert Rock,Solo,0,1,1,0.0,1,3,0.0,0,1,1,1,0,1,2,0.0,0.0,0.0,0,0,0.0,0.041666666666666664,0.13043478260869565,0.0,0.0,0.0,0.0,0.25,0.043478260869565216,0.5
6095,Wayne Wilson,1701,0.0475,2029.0,2029.0,0.0,Desert Rock,Solo,0,1,1,0.0,1,3,0.0,0,1,1,1,0,1,2,0.0,0.0,0.0,0,0,0.0,0.041666666666666664,0.13043478260869565,0.0,0.0,0.0,0.0,0.25,0.043478260869565216,0.5
4506,Jose Manuel Quintana Borrell,1701,0.0475,2028.0,2028.0,0.0,Darkwave,Solo,0,1,1,0.0,1,3,0.0,0,1,1,1,0,1,2,0.0,0.0,0.0,0,0,0.0,0.041666666666666664,0.13043478260869565,0.0,0.0,0.0,0.0,0.25,0.043478260869565216,0.5
12511,Juan Bai,1701,0.0475,2025.0,2025.0,0.0,Dream Pop,Solo,0,1,1,0.0,1,3,0.0,0,1,1,1,0,1,2,0.0,0.0,0.0,0,0,0.0,0.041666666666666664,0.13043478260869565,0.0,0.0,0.0,0.0,0.25,0.043478260869565216,0.5
10721,Xiulan Shao,1701,0.0475,2027.0,2027.0,0.0,Americana,Solo,0,1,1,0.0,1,3,0.0,0,1,1,1,0,1,2,0.5,0.0,1.0,0,1,0.0,0.041666666666666664,0.13043478260869565,0.0,0.0,0.0,0.0,0.25,0.043478260869565216,0.5
14808,Qiang Shi,1701,0.0475,2027.0,2027.0,0.0,Americana,Solo,0,1,1,0.0,1,3,0.0,0,1,1,1,0,1,2,0.5,0.0,1.0,0,1,0.0,0.041666666666666664,0.13043478260869565,0.0,0.0,0.0,0.0,0.25,0.043478260869565216,0.5
8725,Li Hu,1701,0.0475,2026.0,2026.0,0.0,Dream Pop,Solo,0,1,1,0.0,1,3,0.0,0,1,1,1,0,1,2,0.0,0.0,0.0,0,0,0.0,0.041666666666666664,0.13043478260869565,0.0,0.0,0.0,0.0,0.25,0.043478260869565216,0.5
14105,Wanda Ray,1701,0.0475,2028.0,2028.0,0.0,Psychedelic Rock,Solo,0,1,1,0.0,1,3,0.0,0,1,1,1,0,1,2,0.0,0.0,0.0,0,0,0.0,0.041666666666666664,0.13043478260869565,0.0,0.0,0.0,0.0,0.25,0.043478260869565216,0.5
3147,Raghav Garde,1701,0.0475,2026.0,2026.0,0.0,Indie Rock,Solo,0,1,1,0.0,1,3,0.0,0,1,1,1,0,1,2,0.0,0.0,0.0,0,0,0.0,0.041666666666666664,0.13043478260869565,0.0,0.0,0.0,0.0,0.25,0.043478260869565216,0.5
4745,Juan Fang,1701,0.0475,2025.0,2025.0,0.0,Psychedelic Rock,Solo,0,1,1,0.0,1,3,0.0,0,1,1,1,0,1,2,0.0,0.0,0.0,0,0,0.0,0.041666666666666664,0.13043478260869565,0.0,0.0,0.0,0.0,0.25,0.043478260869565216,0.5
660,Xiuying Mao,1701,0.0475,2030.0,2030.0,0.0,Synthwave,Solo,0,1,1,0.0,1,3,0.0,0,1,1,1,0,1,2,0.0,0.0,0.0,0,0,0.0,0.041666666666666664,0.13043478260869565,0.0,0.0,0.0,0.0,0.25,0.043478260869565216,0.5
9975,Silva Speer,1701,0.0475,2026.0,2026.0,0.0,Darkwave,Solo,0,1,1,0.0,1,3,0.0,0,1,1,1,0,1,2,0.0,0.0,0.0,0,0,0.0,0.041666666666666664,0.13043478260869565,0.0,0.0,0.0,0.0,0.25,0.043478260869565216,0.5
8450,Lei Yi,1701,0.0475,2029.0,2029.0,0.0,Jazz Surf Rock,Solo,0,1,1,0.0,1,3,0.0,0,1,1,1,0,1,2,0.0,0.0,0.0,0,0,0.0,0.041666666666666664,0.13043478260869565,0.0,0.0,0.0,0.0,0.25,0.043478260869565216,0.5
9057,Cato Meyer,1701,0.0475,2029.0,2029.0,0.0,Alternative Rock,Solo,0,1,1,0.0,1,3,0.0,0,1,1,1,0,1,2,0.0,0.0,0.0,0,0,0.0,0.041666666666666664,0.13043478260869565,0.0,0.0,0.0,0.0,0.25,0.043478260869565216,0.5
13367,Wei Yan,1701,0.0475,2029.0,2029.0,0.0,Dream Pop,Solo,0,1,1,0.0,1,3,0.0,0,1,1,1,0,1,2,0.0,0.0,0.0,0,0,0.0,0.041666666666666664,0.13043478260869565,0.0,0.0,0.0,0.0,0.25,0.043478260869565216,0.5
10701,Adam Gill,1701,0.0475,2029.0,2029.0,0.0,Dream Pop,Solo,0,1,1,0.0,1,3,0.0,0,1,1,1,0,1,2,0.0,0.0,0.0,0,0,0.0,0.041666666666666664,0.13043478260869565,0.0,0.0,0.0,0.0,0.25,0.043478260869565216,0.5
6671,Ping Sun,1701,0.0475,2026.0,2026.0,0.0,Desert Rock,Solo,0,1,1,0.0,1,3,0.0,0,1,1,1,0,1,2,0.0,0.0,0.0,0,0,0.0,0.041666666666666664,0.13043478260869565,0.0,0.0,0.0,0.0,0.25,0.043478260869565216,0.5
2324,Xia Zeng,1701,0.0475,2027.0,2027.0,0.0,Blues Rock,Solo,0,1,1,0.0,1,3,0.0,0,1,1,1,0,1,2,0.0,0.0,0.0,0,0,0.0,0.041666666666666664,0.13043478260869565,0.0,0.0,0.0,0.0,0.25,0.043478260869565216,0.5
6713,Lei Fu,1701,0.0475,2028.0,2028.0,0.0,Dream Pop,Solo,0,1,1,0.0,1,3,0.0,0,1,1,1,0,1,2,0.0,0.0,0.0,0,0,0.0,0.041666666666666664,0.13043478260869565,0.0,0.0,0.0,0.0,0.25,0.043478260869565216,0.5
11090,Li Xia,1701,0.0475,2026.0,2026.0,0.0,Dream Pop,Solo,0,1,1,0.0,1,3,0.0,0,1,1,1,0,1,2,0.0,0.0,0.0,0,0,0.0,0.041666666666666664,0.13043478260869565,0.0,0.0,0.0,0.0,0.25,0.043478260869565216,0.5
1974,Carlos Anderson,1701,0.0475,2027.0,2027.0,0.0,Darkwave,Solo,0,1,1,0.0,1,3,0.0,0,1,1,1,0,1,2,0.0,0.0,0.0,0,0,0.0,0.041666666666666664,0.13043478260869565,0.0,0.0,0.0,0.0,0.25,0.043478260869565216,0.5
2022,Wei He,1701,0.0475,2029.0,2029.0,0.0,Dream Pop,Solo,0,1,1,0.0,1,3,0.0,0,1,1,1,0,1,2,0.0,0.0,0.0,0,0,0.0,0.041666666666666664,0.13043478260869565,0.0,0.0,0.0,0.0,0.25,0.043478260869565216,0.5
13739,Fang Gao,1701,0.0475,2028.0,2028.0,0.0,Psychedelic Rock,Solo,0,1,1,0.0,1,3,0.0,0,1,1,1,0,1,2,0.0,0.0,0.0,0,0,0.0,0.041666666666666664,0.13043478260869565,0.0,0.0,0.0,0.0,0.25,0.043478260869565216,0.5
3816,Daniel Kent,1701,0.0475,2029.0,2029.0,0.0,Darkwave,Solo,0,1,1,0.0,1,3,0.0,0,1,1,1,0,1,2,0.0,0.0,0.0,0,0,0.0,0.041666666666666664,0.13043478260869565,0.0,0.0,0.0,0.0,0.25,0.043478260869565216,0.5
4248,Ming Mao,1701,0.0475,2025.0,2025.0,0.0,Psychedelic Rock,Solo,0,1,1,0.0,1,3,0.0,0,1,1,1,0,1,2,0.0,0.0,0.0,0,0,0.0,0.041666666666666664,0.13043478260869565,0.0,0.0,0.0,0.0,0.25,0.043478260869565216,0.5
1624,Chao Guo,1701,0.0475,2026.0,2026.0,0.0,Indie Folk,Solo,0,1,1,0.0,1,3,0.0,0,1,1,1,0,1,2,0.0,0.0,0.0,0,0,0.0,0.041666666666666664,0.13043478260869565,0.0,0.0,0.0,0.0,0.25,0.043478260869565216,0.5
10807,Ping Cheng,1701,0.0475,2027.0,2027.0,0.0,Jazz Surf Rock,Solo,0,1,1,0.0,1,3,0.0,0,1,1,1,0,1,2,0.0,0.0,0.0,0,0,0.0,0.041666666666666664,0.13043478260869565,0.0,0.0,0.0,0.0,0.25,0.043478260869565216,0.5
7856,Aleksander Grześków,1701,0.0475,2028.0,2028.0,0.0,Jazz Surf Rock,Solo,0,1,1,0.0,1,3,0.0,0,1,1,1,0,1,2,0.0,0.0,0.0,0,0,0.0,0.041666666666666664,0.13043478260869565,0.0,0.0,0.0,0.0,0.25,0.043478260869565216,0.5
11821,Guiying Lin,1701,0.0475,2025.0,2025.0,0.0,Dream Pop,Solo,0,1,1,0.0,1,3,0.0,0,1,1,1,0,1,2,0.0,0.0,0.0,0,0,0.0,0.041666666666666664,0.13043478260869565,0.0,0.0,0.0,0.0,0.25,0.043478260869565216,0.5
5579,Jie Wen,1701,0.0475,2029.0,2029.0,0.0,Indie Folk,Solo,0,1,1,0.0,1,3,0.0,0,1,1,1,0,1,2,0.0,0.0,0.0,0,0,0.0,0.041666666666666664,0.13043478260869565,0.0,0.0,0.0,0.0,0.25,0.043478260869565216,0.5
15619,Juan Shi,1701,0.0475,2026.0,2026.0,0.0,Desert Rock,Solo,0,1,1,0.0,1,3,0.0,0,1,1,1,0,1,2,0.0,0.0,0.0,0,0,0.0,0.041666666666666664,0.13043478260869565,0.0,0.0,0.0,0.0,0.25,0.043478260869565216,0.5
5578,Juan Zhou,1701,0.0475,2029.0,2029.0,0.0,Indie Folk,Solo,0,1,1,0.0,1,3,0.0,0,1,1,1,0,1,2,0.0,0.0,0.0,0,0,0.0,0.041666666666666664,0.13043478260869565,0.0,0.0,0.0,0.0,0.25,0.043478260869565216,0.5
1621,Yong Zhang,1701,0.0475,2026.0,2026.0,0.0,Indie Folk,Solo,0,1,1,0.0,1,3,0.0,0,1,1,1,0,1,2,0.0,0.0,0.0,0,0,0.0,0.041666666666666664,0.13043478260869565,0.0,0.0,0.0,0.0,0.25,0.043478260869565216,0.5
6175,Liwia Piejko,1701,0.0475,2028.0,2028.0,0.0,Jazz Surf Rock,Solo,0,1,1,0.0,1,3,0.0,0,1,1,1,0,1,2,0.0,0.0,0.0,0,0,0.0,0.041666666666666664,0.13043478260869565,0.0,0.0,0.0,0.0,0.25,0.043478260869565216,0.5
7583,Goffredo Cheda,1736,0.0474,2025.0,2025.0,0.0,Americana,Solo,0,1,1,0.0,4,2,0.0,0,1,0,0,0,3,1,0.0,0.0,0.0,0,0,0.0,0.16666666666666666,0.08695652173913043,0.0,0.0,0.0,0.0,0.0,0.13043478260869565,0.0
11201,Gang Xiao,1736,0.0474,2029.0,2029.0,0.0,Dream Pop,Solo,0,1,1,0.0,4,2,0.0,0,1,0,0,0,3,1,0.0,0.0,0.0,0,0,0.0,0.16666666666666666,0.08695652173913043,0.0,0.0,0.0,0.0,0.0,0.13043478260869565,0.0
11202,Joseph Allen,1736,0.0474,2029.0,2029.0,0.0,Dream Pop,Solo,0,1,1,0.0,4,2,0.0,0,1,0,0,0,3,1,0.0,0.0,0.0,0,0,0.0,0.16666666666666666,0.08695652173913043,0.0,0.0,0.0,0.0,0.0,0.13043478260869565,0.0
3521,Min Jin,1739,0.0468,2026.0,2026.0,0.0,Oceanus Folk,Solo,0,1,1,0.0,1,4,0.0,0,1,1,1,0,0,1,1.0,1.0,1.0,1,1,0.0,0.041666666666666664,0.17391304347826086,0.0,0.0,0.0,0.0,0.25,0.0,0.0
15356,Xia Tian,1740,0.0463,2030.0,2030.0,0.0,Dream Pop,Solo,0,1,1,0.0,1,3,0.0,1,1,1,1,0,1,1,0.0,0.0,0.0,0,0,0.0,0.041666666666666664,0.13043478260869565,0.0,0.0,0.047619047619047616,0.0,0.25,0.043478260869565216,0.0
15354,Gang Fan,1740,0.0463,2030.0,2030.0,0.0,Dream Pop,Solo,0,1,1,0.0,1,3,0.0,1,1,1,1,0,1,1,0.0,0.0,0.0,0,0,0.0,0.041666666666666664,0.13043478260869565,0.0,0.0,0.047619047619047616,0.0,0.25,0.043478260869565216,0.0
15353,Na Wei,1740,0.0463,2030.0,2030.0,0.0,Dream Pop,Solo,0,1,1,0.0,1,3,0.0,1,1,1,1,0,1,1,0.0,0.0,0.0,0,0,0.0,0.041666666666666664,0.13043478260869565,0.0,0.0,0.047619047619047616,0.0,0.25,0.043478260869565216,0.0
15079,Wei Kang,1740,0.0463,2030.0,2030.0,0.0,Alternative Rock,Solo,0,1,1,0.0,1,3,0.0,1,1,1,1,0,1,1,0.0,0.0,0.0,0,0,0.0,0.041666666666666664,0.13043478260869565,0.0,0.0,0.047619047619047616,0.0,0.25,0.043478260869565216,0.0
16506,Fang Xu,1740,0.0463,2032.0,2032.0,0.0,Dream Pop,Solo,0,1,1,0.0,1,3,0.0,1,1,1,1,0,1,1,0.0,0.0,0.0,0,0,0.0,0.041666666666666664,0.13043478260869565,0.0,0.0,0.047619047619047616,0.0,0.25,0.043478260869565216,0.0
9673,Min Shen,1740,0.0463,2032.0,2032.0,0.0,Indie Folk,Solo,0,1,1,0.0,1,3,0.0,1,1,1,1,0,1,1,0.0,0.0,0.0,0,0,0.0,0.041666666666666664,0.13043478260869565,0.0,0.0,0.047619047619047616,0.0,0.25,0.043478260869565216,0.0
9674,Li Jiang,1740,0.0463,2032.0,2032.0,0.0,Indie Folk,Solo,0,1,1,0.0,1,3,0.0,1,1,1,1,0,1,1,0.0,0.0,0.0,0,0,0.0,0.041666666666666664,0.13043478260869565,0.0,0.0,0.047619047619047616,0.0,0.25,0.043478260869565216,0.0
8839,Lori Schmidt,1747,0.0462,2028.0,2028.0,0.0,Darkwave,Solo,0,1,1,0.0,5,0,0.0,0,1,0,0,0,5,1,0.1,0.0,0.2,0,1,0.0,0.20833333333333331,0.0,0.0,0.0,0.0,0.0,0.0,0.21739130434782608,0.0
14096,Hridaan Rout,1748,0.046,2027.0,2027.0,0.0,Synthwave,Solo,0,1,1,0.0,3,0,0.0,0,1,1,1,0,2,2,0.0,0.0,0.0,0,0,0.0,0.125,0.0,0.0,0.0,0.0,0.0,0.25,0.08695652173913043,0.5
15853,Nico Casalodi,1748,0.046,2026.0,2026.0,0.0,Indie Folk,Solo,0,1,1,0.0,3,3,0.0,0,1,0,0,0,3,1,0.3333,0.0,0.6666666666666666,0,2,0.0,0.125,0.13043478260869565,0.0,0.0,0.0,0.0,0.0,0.13043478260869565,0.0
15852,Puccio Farnese,1748,0.046,2026.0,2026.0,0.0,Indie Folk,Solo,0,1,1,0.0,3,3,0.0,0,1,0,0,0,3,1,0.3333,0.0,0.6666666666666666,0,2,0.0,0.125,0.13043478260869565,0.0,0.0,0.0,0.0,0.0,0.13043478260869565,0.0
4240, Grace,1751,0.0457,2026.0,2026.0,0.0,Doom Metal,Solo,0,1,1,0.0,2,2,0.0,0,1,1,1,0,2,1,0.0,0.0,0.0,0,0,0.0,0.08333333333333333,0.08695652173913043,0.0,0.0,0.0,0.0,0.25,0.08695652173913043,0.0
9993,Wei Shi,1751,0.0457,2029.0,2029.0,0.0,Dream Pop,Solo,0,1,1,0.0,2,2,0.0,0,1,1,1,0,2,1,0.0,0.0,0.0,0,0,0.0,0.08333333333333333,0.08695652173913043,0.0,0.0,0.0,0.0,0.25,0.08695652173913043,0.0
9789,Pierre David,1751,0.0457,2027.0,2027.0,0.0,Synthwave,Solo,0,1,1,0.0,2,2,0.0,0,1,1,1,0,2,1,0.0,0.0,0.0,0,0,0.0,0.08333333333333333,0.08695652173913043,0.0,0.0,0.0,0.0,0.25,0.08695652173913043,0.0
16250,Juan Wen,1751,0.0457,2026.0,2026.0,0.0,Synthwave,Solo,0,1,1,0.0,2,2,0.0,0,1,1,1,0,2,1,0.0,0.0,0.0,0,0,0.0,0.08333333333333333,0.08695652173913043,0.0,0.0,0.0,0.0,0.25,0.08695652173913043,0.0
15566,Yan Zhou,1751,0.0457,2026.0,2026.0,0.0,Space Rock,Solo,0,1,1,0.0,2,2,0.0,0,1,1,1,0,2,1,0.0,0.0,0.0,0,0,0.0,0.08333333333333333,0.08695652173913043,0.0,0.0,0.0,0.0,0.25,0.08695652173913043,0.0
12580,Jing Kong,1751,0.0457,2029.0,2029.0,0.0,Symphonic Metal,Solo,0,1,1,0.0,2,2,0.0,0,1,1,1,0,2,1,0.0,0.0,0.0,0,0,0.0,0.08333333333333333,0.08695652173913043,0.0,0.0,0.0,0.0,0.25,0.08695652173913043,0.0
16251,Lisa Mccoy,1751,0.0457,2026.0,2026.0,0.0,Synthwave,Solo,0,1,1,0.0,2,2,0.0,0,1,1,1,0,2,1,0.0,0.0,0.0,0,0,0.0,0.08333333333333333,0.08695652173913043,0.0,0.0,0.0,0.0,0.25,0.08695652173913043,0.0
493,Chao Shen,1751,0.0457,2029.0,2029.0,0.0,Dream Pop,Solo,0,1,1,0.0,2,2,0.0,0,1,1,1,0,2,1,0.0,0.0,0.0,0,0,0.0,0.08333333333333333,0.08695652173913043,0.0,0.0,0.0,0.0,0.25,0.08695652173913043,0.0
12280,Jing Ding,1751,0.0457,2027.0,2027.0,0.0,Post-Apocalyptic Folk,Solo,0,1,1,0.0,2,2,0.0,0,1,1,1,0,2,1,0.0,0.0,0.0,0,0,0.0,0.08333333333333333,0.08695652173913043,0.0,0.0,0.0,0.0,0.25,0.08695652173913043,0.0
492,Yang Pan,1751,0.0457,2029.0,2029.0,0.0,Dream Pop,Solo,0,1,1,0.0,2,2,0.0,0,1,1,1,0,2,1,0.0,0.0,0.0,0,0,0.0,0.08333333333333333,0.08695652173913043,0.0,0.0,0.0,0.0,0.25,0.08695652173913043,0.0
8329,Jing Qiu,1751,0.0457,2025.0,2025.0,0.0,Synthwave,Solo,0,1,1,0.0,2,2,0.0,0,1,1,1,0,2,1,0.0,0.0,0.0,0,0,0.0,0.08333333333333333,0.08695652173913043,0.0,0.0,0.0,0.0,0.25,0.08695652173913043,0.0
4024,Margherita Giammusso,1751,0.0457,2026.0,2026.0,0.0,Oceanus Folk,Solo,0,1,1,0.0,2,2,0.0,0,1,1,1,0,2,1,0.75,1.0,0.5,1,1,0.0,0.08333333333333333,0.08695652173913043,0.0,0.0,0.0,0.0,0.25,0.08695652173913043,0.0
15790,Ronald Esparza,1751,0.0457,2025.0,2025.0,0.0,Southern Gothic Rock,Solo,0,1,1,0.0,2,2,0.0,0,1,1,1,0,2,1,0.0,0.0,0.0,0,0,0.0,0.08333333333333333,0.08695652173913043,0.0,0.0,0.0,0.0,0.25,0.08695652173913043,0.0
15431,Pamela Kent,1751,0.0457,2027.0,2027.0,0.0,Indie Rock,Solo,0,1,1,0.0,2,2,0.0,0,1,1,1,0,2,1,0.0,0.0,0.0,0,0,0.0,0.08333333333333333,0.08695652173913043,0.0,0.0,0.0,0.0,0.25,0.08695652173913043,0.0
16364,Brandi Sutton,1751,0.0457,2027.0,2027.0,0.0,Dream Pop,Solo,0,1,1,0.0,2,2,0.0,0,1,1,1,0,2,1,0.0,0.0,0.0,0,0,0.0,0.08333333333333333,0.08695652173913043,0.0,0.0,0.0,0.0,0.25,0.08695652173913043,0.0
15433,Jodi Gilbert,1751,0.0457,2027.0,2027.0,0.0,Indie Rock,Solo,0,1,1,0.0,2,2,0.0,0,1,1,1,0,2,1,0.0,0.0,0.0,0,0,0.0,0.08333333333333333,0.08695652173913043,0.0,0.0,0.0,0.0,0.25,0.08695652173913043,0.0
14901,Parinaaz Deshmukh,1751,0.0457,2029.0,2029.0,0.0,Jazz Surf Rock,Solo,0,1,1,0.0,2,2,0.0,0,1,1,1,0,2,1,0.0,0.0,0.0,0,0,0.0,0.08333333333333333,0.08695652173913043,0.0,0.0,0.0,0.0,0.25,0.08695652173913043,0.0
13958,Midnight Herald,1751,0.0457,2026.0,2026.0,0.0,Indie Rock,Solo,0,1,1,0.0,2,2,0.0,0,1,1,1,0,2,1,0.0,0.0,0.0,0,0,0.0,0.08333333333333333,0.08695652173913043,0.0,0.0,0.0,0.0,0.25,0.08695652173913043,0.0
6768,Vicenta Castañeda Arroyo,1751,0.0457,2029.0,2029.0,0.0,Alternative Rock,Solo,0,1,1,0.0,2,2,0.0,0,1,1,1,0,2,1,0.0,0.0,0.0,0,0,0.0,0.08333333333333333,0.08695652173913043,0.0,0.0,0.0,0.0,0.25,0.08695652173913043,0.0
4027,Pina Garrone,1751,0.0457,2026.0,2026.0,0.0,Oceanus Folk,Solo,0,1,1,0.0,2,2,0.0,0,1,1,1,0,2,1,0.75,1.0,0.5,1,1,0.0,0.08333333333333333,0.08695652173913043,0.0,0.0,0.0,0.0,0.25,0.08695652173913043,0.0
14900,Tammy Campos,1751,0.0457,2029.0,2029.0,0.0,Jazz Surf Rock,Solo,0,1,1,0.0,2,2,0.0,0,1,1,1,0,2,1,0.0,0.0,0.0,0,0,0.0,0.08333333333333333,0.08695652173913043,0.0,0.0,0.0,0.0,0.25,0.08695652173913043,0.0
902,Min Zou,1751,0.0457,2029.0,2029.0,0.0,Space Rock,Solo,0,0,1,0.0,2,2,0.0,0,1,1,1,0,2,1,0.0,0.0,0.0,0,0,0.0,0.08333333333333333,0.08695652173913043,0.0,0.0,0.0,0.0,0.25,0.08695652173913043,0.0
2236,Fang He,1751,0.0457,2025.0,2025.0,0.0,Lo-Fi Electronica,Solo,0,1,1,0.0,2,2,0.0,0,1,1,1,0,2,1,0.0,0.0,0.0,0,0,0.0,0.08333333333333333,0.08695652173913043,0.0,0.0,0.0,0.0,0.25,0.08695652173913043,0.0
2304,Juan Yuan,1751,0.0457,2025.0,2025.0,0.0,Alternative Rock,Solo,0,1,1,0.0,2,2,0.0,0,1,1,1,0,2,1,0.0,0.0,0.0,0,0,0.0,0.08333333333333333,0.08695652173913043,0.0,0.0,0.0,0.0,0.25,0.08695652173913043,0.0
2033,Xiuying Kong,1751,0.0457,2028.0,2028.0,0.0,Dream Pop,Solo,0,1,1,0.0,2,2,0.0,0,1,1,1,0,2,1,0.0,0.0,0.0,0,0,0.0,0.08333333333333333,0.08695652173913043,0.0,0.0,0.0,0.0,0.25,0.08695652173913043,0.0
12372,Jing Wu,1751,0.0457,2025.0,2025.0,0.0,Dream Pop,Solo,0,1,1,0.0,2,2,0.0,0,1,1,1,0,2,1,0.0,0.0,0.0,0,0,0.0,0.08333333333333333,0.08695652173913043,0.0,0.0,0.0,0.0,0.25,0.08695652173913043,0.0
12371,Yang Zheng,1751,0.0457,2025.0,2025.0,0.0,Dream Pop,Solo,0,1,1,0.0,2,2,0.0,0,1,1,1,0,2,1,0.0,0.0,0.0,0,0,0.0,0.08333333333333333,0.08695652173913043,0.0,0.0,0.0,0.0,0.25,0.08695652173913043,0.0
11607,Jason Roberts,1751,0.0457,2028.0,2029.0,1.0,Jazz Surf Rock,Solo,0,2,2,0.0,2,2,0.0,0,1,1,1,0,2,1,0.0,0.0,0.0,0,0,0.0,0.08333333333333333,0.08695652173913043,0.0,0.0,0.0,0.0,0.25,0.08695652173913043,0.0
13959,Jennifer Vang,1751,0.0457,2026.0,2026.0,0.0,Indie Rock,Solo,0,1,1,0.0,2,2,0.0,0,1,1,1,0,2,1,0.0,0.0,0.0,0,0,0.0,0.08333333333333333,0.08695652173913043,0.0,0.0,0.0,0.0,0.25,0.08695652173913043,0.0
2225,Georges Delorme,1751,0.0457,2026.0,2026.0,0.0,Alternative Rock,Solo,0,1,1,0.0,2,2,0.0,0,1,1,1,0,2,1,0.0,0.0,0.0,0,0,0.0,0.08333333333333333,0.08695652173913043,0.0,0.0,0.0,0.0,0.25,0.08695652173913043,0.0
12281,Todd Molina,1751,0.0457,2027.0,2027.0,0.0,Post-Apocalyptic Folk,Solo,0,1,1,0.0,2,2,0.0,0,1,1,1,0,2,1,0.0,0.0,0.0,0,0,0.0,0.08333333333333333,0.08695652173913043,0.0,0.0,0.0,0.0,0.25,0.08695652173913043,0.0
6769,Ricky Richards,1751,0.0457,2029.0,2029.0,0.0,Alternative Rock,Solo,0,1,1,0.0,2,2,0.0,0,1,1,1,0,2,1,0.0,0.0,0.0,0,0,0.0,0.08333333333333333,0.08695652173913043,0.0,0.0,0.0,0.0,0.25,0.08695652173913043,0.0
16065,Juan Xiao,1751,0.0457,2027.0,2027.0,0.0,Desert Rock,Solo,0,1,1,0.0,2,2,0.0,0,1,1,1,0,2,1,0.0,0.0,0.0,0,0,0.0,0.08333333333333333,0.08695652173913043,0.0,0.0,0.0,0.0,0.25,0.08695652173913043,0.0
4422,Lei Cao,1751,0.0457,2026.0,2026.0,0.0,Jazz Surf Rock,Solo,0,1,1,0.0,2,2,0.0,0,1,1,1,0,2,1,0.0,0.0,0.0,0,0,0.0,0.08333333333333333,0.08695652173913043,0.0,0.0,0.0,0.0,0.25,0.08695652173913043,0.0
15154,Min Jin,1751,0.0457,2028.0,2028.0,0.0,Psychedelic Rock,Solo,0,1,1,0.0,2,2,0.0,0,1,1,1,0,2,1,0.0,0.0,0.0,0,0,0.0,0.08333333333333333,0.08695652173913043,0.0,0.0,0.0,0.0,0.25,0.08695652173913043,0.0
9790,Philippine du Pottier,1751,0.0457,2027.0,2027.0,0.0,Synthwave,Solo,0,1,1,0.0,2,2,0.0,0,1,1,1,0,2,1,0.0,0.0,0.0,0,0,0.0,0.08333333333333333,0.08695652173913043,0.0,0.0,0.0,0.0,0.25,0.08695652173913043,0.0
903,Xia Wang,1751,0.0457,2029.0,2029.0,0.0,Space Rock,Solo,0,0,1,0.0,2,2,0.0,0,1,1,1,0,2,1,0.0,0.0,0.0,0,0,0.0,0.08333333333333333,0.08695652173913043,0.0,0.0,0.0,0.0,0.25,0.08695652173913043,0.0
15569,Wei Cheng,1751,0.0457,2026.0,2026.0,0.0,Space Rock,Solo,0,1,1,0.0,2,2,0.0,0,1,1,1,0,2,1,0.0,0.0,0.0,0,0,0.0,0.08333333333333333,0.08695652173913043,0.0,0.0,0.0,0.0,0.25,0.08695652173913043,0.0
9142,Jun Meng,1789,0.0449,2026.0,2026.0,0.0,Space Rock,Solo,0,1,1,0.0,3,2,0.0,0,1,0,0,0,3,2,0.0,0.0,0.0,0,0,0.0,0.125,0.08695652173913043,0.0,0.0,0.0,0.0,0.0,0.13043478260869565,0.5
8297,Juan Xiong,1789,0.0449,2029.0,2029.0,0.0,Alternative Rock,Solo,0,1,1,0.0,3,2,0.0,0,1,0,0,0,3,2,0.3333,0.0,0.6666666666666666,0,2,0.0,0.125,0.08695652173913043,0.0,0.0,0.0,0.0,0.0,0.13043478260869565,0.5
14427,Ping Cai,1789,0.0449,2025.0,2025.0,0.0,Dream Pop,Solo,0,1,1,0.0,3,2,0.0,0,1,0,0,0,3,2,0.0,0.0,0.0,0,0,0.0,0.125,0.08695652173913043,0.0,0.0,0.0,0.0,0.0,0.13043478260869565,0.5
2407, Vale,1792,0.0447,2029.0,2029.0,0.0,Symphonic Metal,Solo,0,1,1,0.19999999999999996,1,2,0.0,0,1,0,0,0,0,2,0.0,0.0,0.0,0,0,0.0,0.041666666666666664,0.08695652173913043,0.19999999999999996,0.0,0.0,0.0,0.0,0.0,0.5
7164,Tao Zheng,1793,0.0446,2025.0,2025.0,0.0,Synthwave,Solo,0,1,1,0.0,2,1,0.0,0,1,1,1,0,2,2,0.0,0.0,0.0,0,0,0.0,0.08333333333333333,0.043478260869565216,0.0,0.0,0.0,0.0,0.25,0.08695652173913043,0.5
7124,Jeffrey Knight,1793,0.0446,2029.0,2029.0,0.0,Indie Rock,Solo,0,1,1,0.0,2,1,0.0,0,1,1,1,0,2,2,0.0,0.0,0.0,0,0,0.0,0.08333333333333333,0.043478260869565216,0.0,0.0,0.0,0.0,0.25,0.08695652173913043,0.5
7875,William Ruiz,1793,0.0446,2027.0,2027.0,0.0,Dream Pop,Solo,0,1,1,0.0,2,1,0.0,0,1,1,1,0,2,2,0.0,0.0,0.0,0,0,0.0,0.08333333333333333,0.043478260869565216,0.0,0.0,0.0,0.0,0.25,0.08695652173913043,0.5
12513,Indrajit Chana,1793,0.0446,2029.0,2029.0,0.0,Indie Rock,Solo,0,1,1,0.0,2,1,0.0,0,1,1,1,0,2,2,0.0,0.0,0.0,0,0,0.0,0.08333333333333333,0.043478260869565216,0.0,0.0,0.0,0.0,0.25,0.08695652173913043,0.5
9464,Xia Gu,1793,0.0446,2026.0,2026.0,0.0,Southern Gothic Rock,Solo,0,1,1,0.0,2,1,0.0,0,1,1,1,0,2,2,0.0,0.0,0.0,0,0,0.0,0.08333333333333333,0.043478260869565216,0.0,0.0,0.0,0.0,0.25,0.08695652173913043,0.5
11418,Qiang Mo,1793,0.0446,2026.0,2026.0,0.0,Darkwave,Solo,0,1,1,0.0,2,1,0.0,0,1,1,1,0,2,2,0.0,0.0,0.0,0,0,0.0,0.08333333333333333,0.043478260869565216,0.0,0.0,0.0,0.0,0.25,0.08695652173913043,0.5
12062,Ming Yao,1793,0.0446,2029.0,2029.0,0.0,Dream Pop,Solo,0,1,1,0.0,2,1,0.0,0,1,1,1,0,2,2,0.0,0.0,0.0,0,0,0.0,0.08333333333333333,0.043478260869565216,0.0,0.0,0.0,0.0,0.25,0.08695652173913043,0.5
6249,Fang Mo,1793,0.0446,2026.0,2026.0,0.0,Alternative Rock,Solo,0,1,1,0.0,2,1,0.0,0,1,1,1,0,2,2,0.0,0.0,0.0,0,0,0.0,0.08333333333333333,0.043478260869565216,0.0,0.0,0.0,0.0,0.25,0.08695652173913043,0.5
11297,Jason Weeks,1793,0.0446,2027.0,2027.0,0.0,Blues Rock,Solo,0,1,1,0.0,2,1,0.0,0,1,1,1,0,2,2,0.0,0.0,0.0,0,0,0.0,0.08333333333333333,0.043478260869565216,0.0,0.0,0.0,0.0,0.25,0.08695652173913043,0.5
462,Marie-Louise Wesack,1793,0.0446,2027.0,2027.0,0.0,Americana,Solo,0,1,1,0.0,2,1,0.0,0,1,1,1,0,2,2,0.0,0.0,0.0,0,0,0.0,0.08333333333333333,0.043478260869565216,0.0,0.0,0.0,0.0,0.25,0.08695652173913043,0.5
15459,Guiying Zhou,1793,0.0446,2030.0,2030.0,0.0,Post-Apocalyptic Folk,Solo,0,1,1,0.0,2,1,0.0,0,1,1,1,0,2,2,0.0,0.0,0.0,0,0,0.0,0.08333333333333333,0.043478260869565216,0.0,0.0,0.0,0.0,0.25,0.08695652173913043,0.5
6613,Jennifer Diaz,1804,0.0443,2025.0,2025.0,0.0,Psychedelic Rock,Solo,0,1,1,0.0,0,4,0.0,0,1,1,1,0,0,2,0.0,0.0,0.0,0,0,0.0,0.0,0.17391304347826086,0.0,0.0,0.0,0.0,0.25,0.0,0.5
10568,Jing Ren,1804,0.0443,2025.0,2025.0,0.0,Space Rock,Solo,0,1,1,0.0,0,4,0.0,0,1,1,1,0,0,2,0.0,0.0,0.0,0,0,0.0,0.0,0.17391304347826086,0.0,0.0,0.0,0.0,0.25,0.0,0.5
14752,Yong Deng,1806,0.0439,2028.0,2028.0,0.0,Jazz Surf Rock,Solo,0,1,1,0.0,2,2,0.0,0,1,1,1,0,1,1,0.5,0.0,1.0,0,2,0.0,0.08333333333333333,0.08695652173913043,0.0,0.0,0.0,0.0,0.25,0.043478260869565216,0.0
14751,Min Kong,1806,0.0439,2028.0,2028.0,0.0,Jazz Surf Rock,Solo,0,1,1,0.0,2,2,0.0,0,1,1,1,0,1,1,0.5,0.0,1.0,0,2,0.0,0.08333333333333333,0.08695652173913043,0.0,0.0,0.0,0.0,0.25,0.043478260869565216,0.0
14706,Gaetano Hartmann,1808,0.0437,2030.0,2030.0,0.0,Alternative Rock,Solo,0,1,1,0.0,3,2,0.0,1,1,0,0,0,3,1,0.0,0.0,0.0,0,0,0.0,0.125,0.08695652173913043,0.0,0.0,0.047619047619047616,0.0,0.0,0.13043478260869565,0.0
14849,Xiuying Peng,1809,0.0436,2025.0,2025.0,0.0,Psychedelic Rock,Solo,0,1,1,0.0,1,4,0.0,0,1,0,0,0,1,3,0.0,0.0,0.0,0,0,0.0,0.041666666666666664,0.17391304347826086,0.0,0.0,0.0,0.0,0.0,0.043478260869565216,1.0
923,Hélène Lecomte-Techer,1810,0.0435,2026.0,2026.0,0.0,Jazz Surf Rock,Solo,0,1,1,0.0,2,0,0.0,0,1,1,1,0,2,3,0.0,0.0,0.0,0,0,0.0,0.08333333333333333,0.0,0.0,0.0,0.0,0.0,0.25,0.08695652173913043,1.0
9443,Anne Lefebvre,1811,0.0434,2030.0,2030.0,0.0,Indie Rock,Solo,0,0,1,0.0,2,1,0.0,1,1,1,1,0,2,1,0.0,0.0,0.0,0,0,0.0,0.08333333333333333,0.043478260869565216,0.0,0.0,0.047619047619047616,0.0,0.25,0.08695652173913043,0.0
1072,Tao Mo,1812,0.0432,2026.0,2026.0,0.0,Synthwave,Solo,0,1,1,0.0,3,2,0.0,0,1,0,0,0,2,2,0.3333,0.0,0.6666666666666666,0,2,0.0,0.125,0.08695652173913043,0.0,0.0,0.0,0.0,0.0,0.08695652173913043,0.5
1071,Gang Zhou,1812,0.0432,2026.0,2026.0,0.0,Synthwave,Solo,0,1,1,0.0,3,2,0.0,0,1,0,0,0,2,2,0.3333,0.0,0.6666666666666666,0,2,0.0,0.125,0.08695652173913043,0.0,0.0,0.0,0.0,0.0,0.08695652173913043,0.5
13151,Ping Fang,1814,0.043,2027.0,2027.0,0.0,Space Rock,Solo,0,1,1,0.0,4,1,0.0,0,1,0,0,0,4,1,0.0,0.0,0.0,0,0,0.0,0.16666666666666666,0.043478260869565216,0.0,0.0,0.0,0.0,0.0,0.17391304347826086,0.0
6678,Katrina Guzman,1814,0.043,2028.0,2028.0,0.0,Jazz Surf Rock,Solo,0,1,1,0.0,4,1,0.0,0,1,0,0,0,4,1,0.0,0.0,0.0,0,0,0.0,0.16666666666666666,0.043478260869565216,0.0,0.0,0.0,0.0,0.0,0.17391304347826086,0.0
12753,Jason Robles,1814,0.043,2027.0,2027.0,0.0,Dream Pop,Solo,0,1,1,0.0,4,1,0.0,0,1,0,0,0,4,1,0.0,0.0,0.0,0,0,0.0,0.16666666666666666,0.043478260869565216,0.0,0.0,0.0,0.0,0.0,0.17391304347826086,0.0
14761,Kendra Spears,1814,0.043,2026.0,2026.0,0.0,Indie Pop,Solo,0,1,1,0.0,4,1,0.0,0,1,0,0,0,4,1,0.0,0.0,0.0,0,0,0.0,0.16666666666666666,0.043478260869565216,0.0,0.0,0.0,0.0,0.0,0.17391304347826086,0.0
13152,Qiang Lu,1814,0.043,2027.0,2027.0,0.0,Space Rock,Solo,0,1,1,0.0,4,1,0.0,0,1,0,0,0,4,1,0.0,0.0,0.0,0,0,0.0,0.16666666666666666,0.043478260869565216,0.0,0.0,0.0,0.0,0.0,0.17391304347826086,0.0
13116,Bryan Laffray-Recers,1819,0.0428,2027.0,2027.0,0.0,Synthwave,Solo,0,1,1,0.0,2,4,0.0,0,1,0,0,0,2,1,0.0,0.0,0.0,0,0,0.0,0.08333333333333333,0.17391304347826086,0.0,0.0,0.0,0.0,0.0,0.08695652173913043,0.0
15239,Kelly Williams,1819,0.0428,2029.0,2029.0,0.0,Dream Pop,Solo,0,1,1,0.0,2,4,0.0,0,1,0,0,0,2,1,0.0,0.0,0.0,0,0,0.0,0.08333333333333333,0.17391304347826086,0.0,0.0,0.0,0.0,0.0,0.08695652173913043,0.0
11974,Jun Xie,1819,0.0428,2026.0,2026.0,0.0,Desert Rock,Solo,0,1,1,0.0,2,4,0.0,0,1,0,0,0,2,1,0.0,0.0,0.0,0,0,0.0,0.08333333333333333,0.17391304347826086,0.0,0.0,0.0,0.0,0.0,0.08695652173913043,0.0
11975,Donald Nelson,1819,0.0428,2026.0,2026.0,0.0,Desert Rock,Solo,0,1,1,0.0,2,4,0.0,0,1,0,0,0,2,1,0.0,0.0,0.0,0,0,0.0,0.08333333333333333,0.17391304347826086,0.0,0.0,0.0,0.0,0.0,0.08695652173913043,0.0
15240,Yan Liang,1819,0.0428,2029.0,2029.0,0.0,Dream Pop,Solo,0,1,1,0.0,2,4,0.0,0,1,0,0,0,2,1,0.0,0.0,0.0,0,0,0.0,0.08333333333333333,0.17391304347826086,0.0,0.0,0.0,0.0,0.0,0.08695652173913043,0.0
13113,Clara Weitzel,1819,0.0428,2027.0,2027.0,0.0,Synthwave,Solo,0,1,1,0.0,2,4,0.0,0,1,0,0,0,2,1,0.0,0.0,0.0,0,0,0.0,0.08333333333333333,0.17391304347826086,0.0,0.0,0.0,0.0,0.0,0.08695652173913043,0.0
11977,Xiulan Lu,1819,0.0428,2026.0,2026.0,0.0,Desert Rock,Solo,0,1,1,0.0,2,4,0.0,0,1,0,0,0,2,1,0.0,0.0,0.0,0,0,0.0,0.08333333333333333,0.17391304347826086,0.0,0.0,0.0,0.0,0.0,0.08695652173913043,0.0
13114,Gianfrancesco Merisi,1819,0.0428,2027.0,2027.0,0.0,Synthwave,Solo,0,1,1,0.0,2,4,0.0,0,1,0,0,0,2,1,0.0,0.0,0.0,0,0,0.0,0.08333333333333333,0.17391304347826086,0.0,0.0,0.0,0.0,0.0,0.08695652173913043,0.0
15238,Juan Cheng,1819,0.0428,2029.0,2029.0,0.0,Dream Pop,Solo,0,1,1,0.0,2,4,0.0,0,1,0,0,0,2,1,0.0,0.0,0.0,0,0,0.0,0.08333333333333333,0.17391304347826086,0.0,0.0,0.0,0.0,0.0,0.08695652173913043,0.0
15236,Yang Meng,1819,0.0428,2029.0,2029.0,0.0,Dream Pop,Solo,0,1,1,0.0,2,4,0.0,0,1,0,0,0,2,1,0.0,0.0,0.0,0,0,0.0,0.08333333333333333,0.17391304347826086,0.0,0.0,0.0,0.0,0.0,0.08695652173913043,0.0
13115,Mercedes Salata,1819,0.0428,2027.0,2027.0,0.0,Synthwave,Solo,0,1,1,0.0,2,4,0.0,0,1,0,0,0,2,1,0.0,0.0,0.0,0,0,0.0,0.08333333333333333,0.17391304347826086,0.0,0.0,0.0,0.0,0.0,0.08695652173913043,0.0
16206,Pedro Mitschke,1830,0.0427,2025.0,2025.0,0.0,Darkwave,Solo,0,1,1,0.0,3,0,0.0,0,1,1,1,0,3,1,0.0,0.0,0.0,0,0,0.0,0.125,0.0,0.0,0.0,0.0,0.0,0.25,0.13043478260869565,0.0
16587,Yang Luo,1830,0.0427,2026.0,2026.0,0.0,Synthwave,Solo,0,1,1,0.0,3,0,0.0,0,1,1,1,0,3,1,0.1667,0.0,0.3333333333333333,0,1,0.0,0.125,0.0,0.0,0.0,0.0,0.0,0.25,0.13043478260869565,0.0
11853,Xia Tang,1832,0.0426,2032.0,2032.0,0.0,Dream Pop,Solo,0,1,1,0.0,3,1,0.0,1,1,0,0,0,3,2,0.0,0.0,0.0,0,0,0.0,0.125,0.043478260869565216,0.0,0.0,0.047619047619047616,0.0,0.0,0.13043478260869565,0.5
15200,Linus Bonbach,1832,0.0426,2025.0,2025.0,0.0,Post-Apocalyptic Folk,Solo,0,1,1,0.0,0,7,0.0,0,1,0,0,0,0,1,0.0,0.0,0.0,0,0,0.0,0.0,0.30434782608695654,0.0,0.0,0.0,0.0,0.0,0.0,0.0
15201,Raimund Wernecke,1832,0.0426,2025.0,2025.0,0.0,Post-Apocalyptic Folk,Solo,0,1,1,0.0,0,7,0.0,0,1,0,0,0,0,1,0.0,0.0,0.0,0,0,0.0,0.0,0.30434782608695654,0.0,0.0,0.0,0.0,0.0,0.0,0.0
3111,Wraith Choir,1835,0.0425,2025.0,2025.0,0.0,Dream Pop,Solo,0,1,1,0.0,1,3,0.0,0,1,1,1,0,1,1,0.0,0.0,0.0,0,0,0.0,0.041666666666666664,0.13043478260869565,0.0,0.0,0.0,0.0,0.25,0.043478260869565216,0.0
3212,Fang Zhang,1835,0.0425,2026.0,2026.0,0.0,Indie Folk,Solo,0,1,1,0.0,1,3,0.0,0,1,1,1,0,1,1,0.0,0.0,0.0,0,0,0.0,0.041666666666666664,0.13043478260869565,0.0,0.0,0.0,0.0,0.25,0.043478260869565216,0.0
3146,Sana Batta,1835,0.0425,2026.0,2026.0,0.0,Indie Rock,Solo,0,1,1,0.0,1,3,0.0,0,1,1,1,0,1,1,0.0,0.0,0.0,0,0,0.0,0.041666666666666664,0.13043478260869565,0.0,0.0,0.0,0.0,0.25,0.043478260869565216,0.0
3213,Catherine Price,1835,0.0425,2026.0,2026.0,0.0,Indie Folk,Solo,0,1,1,0.0,1,3,0.0,0,1,1,1,0,1,1,0.0,0.0,0.0,0,0,0.0,0.041666666666666664,0.13043478260869565,0.0,0.0,0.0,0.0,0.25,0.043478260869565216,0.0
3148,Ranbir Balay,1835,0.0425,2026.0,2026.0,0.0,Indie Rock,Solo,0,1,1,0.0,1,3,0.0,0,1,1,1,0,1,1,0.0,0.0,0.0,0,0,0.0,0.041666666666666664,0.13043478260869565,0.0,0.0,0.0,0.0,0.25,0.043478260869565216,0.0
3818,Qiang Peng,1835,0.0425,2029.0,2029.0,0.0,Darkwave,Solo,0,1,1,0.0,1,3,0.0,0,1,1,1,0,1,1,0.0,0.0,0.0,0,0,0.0,0.041666666666666664,0.13043478260869565,0.0,0.0,0.0,0.0,0.25,0.043478260869565216,0.0
3815,Brittney Rivera,1835,0.0425,2029.0,2029.0,0.0,Darkwave,Solo,0,1,1,0.0,1,3,0.0,0,1,1,1,0,1,1,0.0,0.0,0.0,0,0,0.0,0.041666666666666664,0.13043478260869565,0.0,0.0,0.0,0.0,0.25,0.043478260869565216,0.0
3814, The Ghost,1835,0.0425,2029.0,2029.0,0.0,Darkwave,Solo,0,1,1,0.0,1,3,0.0,0,1,1,1,0,1,1,0.0,0.0,0.0,0,0,0.0,0.041666666666666664,0.13043478260869565,0.0,0.0,0.0,0.0,0.25,0.043478260869565216,0.0
13740,Xiulan Hu,1835,0.0425,2028.0,2028.0,0.0,Psychedelic Rock,Solo,0,1,1,0.0,1,3,0.0,0,1,1,1,0,1,1,0.0,0.0,0.0,0,0,0.0,0.041666666666666664,0.13043478260869565,0.0,0.0,0.0,0.0,0.25,0.043478260869565216,0.0
13738,Lei Cao,1835,0.0425,2028.0,2028.0,0.0,Psychedelic Rock,Solo,0,1,1,0.0,1,3,0.0,0,1,1,1,0,1,1,0.0,0.0,0.0,0,0,0.0,0.041666666666666664,0.13043478260869565,0.0,0.0,0.0,0.0,0.25,0.043478260869565216,0.0
13737,Guiying He,1835,0.0425,2028.0,2028.0,0.0,Psychedelic Rock,Solo,0,1,1,0.0,1,3,0.0,0,1,1,1,0,1,1,0.0,0.0,0.0,0,0,0.0,0.041666666666666664,0.13043478260869565,0.0,0.0,0.0,0.0,0.25,0.043478260869565216,0.0
8552,Xiulan Wang,1835,0.0425,2026.0,2026.0,0.0,Desert Rock,Solo,0,1,1,0.0,1,3,0.0,0,1,1,1,0,1,1,0.0,0.0,0.0,0,0,0.0,0.041666666666666664,0.13043478260869565,0.0,0.0,0.0,0.0,0.25,0.043478260869565216,0.0
13368,Taro Mori,1835,0.0425,2029.0,2029.0,0.0,Dream Pop,Solo,0,1,1,0.0,1,3,0.0,0,1,1,1,0,1,1,0.0,0.0,0.0,0,0,0.0,0.041666666666666664,0.13043478260869565,0.0,0.0,0.0,0.0,0.25,0.043478260869565216,0.0
3215,Yang Fan,1835,0.0425,2026.0,2026.0,0.0,Indie Folk,Solo,0,1,1,0.0,1,3,0.0,0,1,1,1,0,1,1,0.0,0.0,0.0,0,0,0.0,0.041666666666666664,0.13043478260869565,0.0,0.0,0.0,0.0,0.25,0.043478260869565216,0.0
3211,Fang Qian,1835,0.0425,2026.0,2026.0,0.0,Indie Folk,Solo,0,1,1,0.0,1,3,0.0,0,1,1,1,0,1,1,0.0,0.0,0.0,0,0,0.0,0.041666666666666664,0.13043478260869565,0.0,0.0,0.0,0.0,0.25,0.043478260869565216,0.0
3145,Piya Mann,1835,0.0425,2026.0,2026.0,0.0,Indie Rock,Solo,0,1,1,0.0,1,3,0.0,0,1,1,1,0,1,1,0.0,0.0,0.0,0,0,0.0,0.041666666666666664,0.13043478260869565,0.0,0.0,0.0,0.0,0.25,0.043478260869565216,0.0
3418,Yang Wu,1835,0.0425,2029.0,2029.0,0.0,Dream Pop,Solo,0,1,1,0.0,1,3,0.0,0,1,1,1,0,1,1,0.0,0.0,0.0,0,0,0.0,0.041666666666666664,0.13043478260869565,0.0,0.0,0.0,0.0,0.25,0.043478260869565216,0.0
14807,Wei Xiao,1835,0.0425,2027.0,2027.0,0.0,Americana,Solo,0,1,1,0.0,1,3,0.0,0,1,1,1,0,1,1,0.5,0.0,1.0,0,1,0.0,0.041666666666666664,0.13043478260869565,0.0,0.0,0.0,0.0,0.25,0.043478260869565216,0.0
2789,Jivika Dar,1835,0.0425,2028.0,2028.0,0.0,Desert Rock,Solo,0,1,1,0.0,1,3,0.0,0,1,1,1,0,1,1,0.0,0.0,0.0,0,0,0.0,0.041666666666666664,0.13043478260869565,0.0,0.0,0.0,0.0,0.25,0.043478260869565216,0.0
1960,Gatik Soni,1835,0.0425,2026.0,2026.0,0.0,Jazz Surf Rock,Solo,0,1,1,0.0,1,3,0.0,0,1,1,1,0,1,1,0.0,0.0,0.0,0,0,0.0,0.041666666666666664,0.13043478260869565,0.0,0.0,0.0,0.0,0.25,0.043478260869565216,0.0
8085,Yong Zheng,1835,0.0425,2029.0,2029.0,0.0,Desert Rock,Solo,0,1,1,0.0,1,3,0.0,0,1,1,1,0,1,1,0.0,0.0,0.0,0,0,0.0,0.041666666666666664,0.13043478260869565,0.0,0.0,0.0,0.0,0.25,0.043478260869565216,0.0
14805,Lei Wan,1835,0.0425,2027.0,2027.0,0.0,Americana,Solo,0,1,1,0.0,1,3,0.0,0,1,1,1,0,1,1,0.5,0.0,1.0,0,1,0.0,0.041666666666666664,0.13043478260869565,0.0,0.0,0.0,0.0,0.25,0.043478260869565216,0.0
14806,Tao Ma,1835,0.0425,2027.0,2027.0,0.0,Americana,Solo,0,1,1,0.0,1,3,0.0,0,1,1,1,0,1,1,0.5,0.0,1.0,0,1,0.0,0.041666666666666664,0.13043478260869565,0.0,0.0,0.0,0.0,0.25,0.043478260869565216,0.0
8088,Tao Shen,1835,0.0425,2026.0,2026.0,0.0,Americana,Solo,0,1,1,0.0,1,3,0.0,0,1,1,1,0,1,1,0.0,0.0,0.0,0,0,0.0,0.041666666666666664,0.13043478260869565,0.0,0.0,0.0,0.0,0.25,0.043478260869565216,0.0
9058,Renske Godfrey van Alemannië,1835,0.0425,2029.0,2029.0,0.0,Alternative Rock,Solo,0,1,1,0.0,1,3,0.0,0,1,1,1,0,1,1,0.0,0.0,0.0,0,0,0.0,0.041666666666666664,0.13043478260869565,0.0,0.0,0.0,0.0,0.25,0.043478260869565216,0.0
15296,Yang Hou,1835,0.0425,2027.0,2027.0,0.0,Americana,Solo,0,1,1,0.0,1,3,0.0,0,1,1,1,0,1,1,0.0,0.0,0.0,0,0,0.0,0.041666666666666664,0.13043478260869565,0.0,0.0,0.0,0.0,0.25,0.043478260869565216,0.0
15297,Gang Ren,1835,0.0425,2027.0,2027.0,0.0,Americana,Solo,0,1,1,0.0,1,3,0.0,0,1,1,1,0,1,1,0.0,0.0,0.0,0,0,0.0,0.041666666666666664,0.13043478260869565,0.0,0.0,0.0,0.0,0.25,0.043478260869565216,0.0
7690,Gang Fu,1835,0.0425,2026.0,2026.0,0.0,Oceanus Folk,Solo,0,1,1,0.0,1,3,0.0,0,1,1,1,0,1,1,0.5,1.0,0.0,1,0,0.0,0.041666666666666664,0.13043478260869565,0.0,0.0,0.0,0.0,0.25,0.043478260869565216,0.0
7689,Xiulan Xu,1835,0.0425,2026.0,2026.0,0.0,Oceanus Folk,Solo,0,1,1,0.0,1,3,0.0,0,1,1,1,0,1,1,0.5,1.0,0.0,1,0,0.0,0.041666666666666664,0.13043478260869565,0.0,0.0,0.0,0.0,0.25,0.043478260869565216,0.0
7688, Desert Moon,1835,0.0425,2026.0,2026.0,0.0,Oceanus Folk,Solo,0,1,1,0.0,1,3,0.0,0,1,1,1,0,1,1,0.5,1.0,0.0,1,0,0.0,0.041666666666666664,0.13043478260869565,0.0,0.0,0.0,0.0,0.25,0.043478260869565216,0.0
1623,Jie Gong,1835,0.0425,2026.0,2026.0,0.0,Indie Folk,Solo,0,1,1,0.0,1,3,0.0,0,1,1,1,0,1,1,0.0,0.0,0.0,0,0,0.0,0.041666666666666664,0.13043478260869565,0.0,0.0,0.0,0.0,0.25,0.043478260869565216,0.0
1961,Navya Barad,1835,0.0425,2026.0,2026.0,0.0,Jazz Surf Rock,Solo,0,1,1,0.0,1,3,0.0,0,1,1,1,0,1,1,0.0,0.0,0.0,0,0,0.0,0.041666666666666664,0.13043478260869565,0.0,0.0,0.0,0.0,0.25,0.043478260869565216,0.0
8089,Ping Xie,1835,0.0425,2026.0,2026.0,0.0,Americana,Solo,0,1,1,0.0,1,3,0.0,0,1,1,1,0,1,1,0.0,0.0,0.0,0,0,0.0,0.041666666666666664,0.13043478260869565,0.0,0.0,0.0,0.0,0.25,0.043478260869565216,0.0
15617,Yong Jia,1835,0.0425,2026.0,2026.0,0.0,Desert Rock,Solo,0,1,1,0.0,1,3,0.0,0,1,1,1,0,1,1,0.0,0.0,0.0,0,0,0.0,0.041666666666666664,0.13043478260869565,0.0,0.0,0.0,0.0,0.25,0.043478260869565216,0.0
15620,Fang Fu,1835,0.0425,2026.0,2026.0,0.0,Desert Rock,Solo,0,1,1,0.0,1,3,0.0,0,1,1,1,0,1,1,0.0,0.0,0.0,0,0,0.0,0.041666666666666664,0.13043478260869565,0.0,0.0,0.0,0.0,0.25,0.043478260869565216,0.0
7119, Sasha James,1835,0.0425,2028.0,2028.0,0.0,Dream Pop,Solo,0,1,1,0.0,1,3,0.0,0,1,1,1,0,1,1,0.0,0.0,0.0,0,0,0.0,0.041666666666666664,0.13043478260869565,0.0,0.0,0.0,0.0,0.25,0.043478260869565216,0.0
7120,Xiulan Ren,1835,0.0425,2028.0,2028.0,0.0,Dream Pop,Solo,0,1,1,0.0,1,3,0.0,0,1,1,1,0,1,1,0.0,0.0,0.0,0,0,0.0,0.041666666666666664,0.13043478260869565,0.0,0.0,0.0,0.0,0.25,0.043478260869565216,0.0
7122,Yong Ye,1835,0.0425,2028.0,2028.0,0.0,Dream Pop,Solo,0,1,1,0.0,1,3,0.0,0,1,1,1,0,1,1,0.0,0.0,0.0,0,0,0.0,0.041666666666666664,0.13043478260869565,0.0,0.0,0.0,0.0,0.25,0.043478260869565216,0.0
16008,Veridian,1835,0.0425,2029.0,2029.0,0.0,Alternative Rock,Solo,0,1,1,0.0,1,3,0.0,0,1,1,1,0,1,1,0.0,0.0,0.0,0,0,0.0,0.041666666666666664,0.13043478260869565,0.0,0.0,0.0,0.0,0.25,0.043478260869565216,0.0
16009,Chao Xia,1835,0.0425,2029.0,2029.0,0.0,Alternative Rock,Solo,0,1,1,0.0,1,3,0.0,0,1,1,1,0,1,1,0.0,0.0,0.0,0,0,0.0,0.041666666666666664,0.13043478260869565,0.0,0.0,0.0,0.0,0.25,0.043478260869565216,0.0
16012,Jun Sun,1835,0.0425,2029.0,2029.0,0.0,Alternative Rock,Solo,0,1,1,0.0,1,3,0.0,0,1,1,1,0,1,1,0.0,0.0,0.0,0,0,0.0,0.041666666666666664,0.13043478260869565,0.0,0.0,0.0,0.0,0.25,0.043478260869565216,0.0
16013,Jing Guo,1835,0.0425,2029.0,2029.0,0.0,Alternative Rock,Solo,0,1,1,0.0,1,3,0.0,0,1,1,1,0,1,1,0.0,0.0,0.0,0,0,0.0,0.041666666666666664,0.13043478260869565,0.0,0.0,0.0,0.0,0.25,0.043478260869565216,0.0
16324,Farhan Bava,1835,0.0425,2027.0,2027.0,0.0,Synthwave,Solo,0,1,1,0.0,1,3,0.0,0,1,1,1,0,1,1,0.0,0.0,0.0,0,0,0.0,0.041666666666666664,0.13043478260869565,0.0,0.0,0.0,0.0,0.25,0.043478260869565216,0.0
16325,Alberto Durante-Depero,1835,0.0425,2027.0,2027.0,0.0,Synthwave,Solo,0,1,1,0.0,1,3,0.0,0,1,1,1,0,1,1,0.0,0.0,0.0,0,0,0.0,0.041666666666666664,0.13043478260869565,0.0,0.0,0.0,0.0,0.25,0.043478260869565216,0.0
16326,Eva Morosini-Procacci,1835,0.0425,2027.0,2027.0,0.0,Synthwave,Solo,0,1,1,0.0,1,3,0.0,0,1,1,1,0,1,1,0.0,0.0,0.0,0,0,0.0,0.041666666666666664,0.13043478260869565,0.0,0.0,0.0,0.0,0.25,0.043478260869565216,0.0
8090,Yang Qiao,1835,0.0425,2026.0,2026.0,0.0,Americana,Solo,0,1,1,0.0,1,3,0.0,0,1,1,1,0,1,1,0.0,0.0,0.0,0,0,0.0,0.041666666666666664,0.13043478260869565,0.0,0.0,0.0,0.0,0.25,0.043478260869565216,0.0
8084,Kazuya Kobayashi,1835,0.0425,2029.0,2029.0,0.0,Desert Rock,Solo,0,1,1,0.0,1,3,0.0,0,1,1,1,0,1,1,0.0,0.0,0.0,0,0,0.0,0.041666666666666664,0.13043478260869565,0.0,0.0,0.0,0.0,0.25,0.043478260869565216,0.0
14689,Mitchell Ross,1835,0.0425,2029.0,2029.0,0.0,Dream Pop,Solo,0,1,1,0.0,1,3,0.0,0,1,1,1,0,1,1,0.5,0.0,1.0,0,1,0.0,0.041666666666666664,0.13043478260869565,0.0,0.0,0.0,0.0,0.25,0.043478260869565216,0.0
14687,Christopher Richards,1835,0.0425,2029.0,2029.0,0.0,Dream Pop,Solo,0,1,1,0.0,1,3,0.0,0,1,1,1,0,1,1,0.5,0.0,1.0,0,1,0.0,0.041666666666666664,0.13043478260869565,0.0,0.0,0.0,0.0,0.25,0.043478260869565216,0.0
2787,Angela Fisher,1835,0.0425,2028.0,2028.0,0.0,Desert Rock,Solo,0,1,1,0.0,1,3,0.0,0,1,1,1,0,1,1,0.0,0.0,0.0,0,0,0.0,0.041666666666666664,0.13043478260869565,0.0,0.0,0.0,0.0,0.25,0.043478260869565216,0.0
2558,Xiuying Li,1835,0.0425,2029.0,2029.0,0.0,Dream Pop,Solo,0,1,1,0.0,1,3,0.0,0,1,1,1,0,1,1,0.0,0.0,0.0,0,0,0.0,0.041666666666666664,0.13043478260869565,0.0,0.0,0.0,0.0,0.25,0.043478260869565216,0.0
2557,Fang Peng,1835,0.0425,2029.0,2029.0,0.0,Dream Pop,Solo,0,1,1,0.0,1,3,0.0,0,1,1,1,0,1,1,0.0,0.0,0.0,0,0,0.0,0.041666666666666664,0.13043478260869565,0.0,0.0,0.0,0.0,0.25,0.043478260869565216,0.0
14103,Michael Benson,1835,0.0425,2028.0,2028.0,0.0,Psychedelic Rock,Solo,0,1,1,0.0,1,3,0.0,0,1,1,1,0,1,1,0.0,0.0,0.0,0,0,0.0,0.041666666666666664,0.13043478260869565,0.0,0.0,0.0,0.0,0.25,0.043478260869565216,0.0
14106,Amy Carroll,1835,0.0425,2028.0,2028.0,0.0,Psychedelic Rock,Solo,0,1,1,0.0,1,3,0.0,0,1,1,1,0,1,1,0.0,0.0,0.0,0,0,0.0,0.041666666666666664,0.13043478260869565,0.0,0.0,0.0,0.0,0.25,0.043478260869565216,0.0
8083,Xiulan Yang,1835,0.0425,2029.0,2029.0,0.0,Desert Rock,Solo,0,1,1,0.0,1,3,0.0,0,1,1,1,0,1,1,0.0,0.0,0.0,0,0,0.0,0.041666666666666664,0.13043478260869565,0.0,0.0,0.0,0.0,0.25,0.043478260869565216,0.0
8452,Na Tian,1835,0.0425,2029.0,2029.0,0.0,Jazz Surf Rock,Solo,0,1,1,0.0,1,3,0.0,0,1,1,1,0,1,1,0.0,0.0,0.0,0,0,0.0,0.041666666666666664,0.13043478260869565,0.0,0.0,0.0,0.0,0.25,0.043478260869565216,0.0
8451,Wei Xiong,1835,0.0425,2029.0,2029.0,0.0,Jazz Surf Rock,Solo,0,1,1,0.0,1,3,0.0,0,1,1,1,0,1,1,0.0,0.0,0.0,0,0,0.0,0.041666666666666664,0.13043478260869565,0.0,0.0,0.0,0.0,0.25,0.043478260869565216,0.0
8449,Jing Gong,1835,0.0425,2029.0,2029.0,0.0,Jazz Surf Rock,Solo,0,1,1,0.0,1,3,0.0,0,1,1,1,0,1,1,0.0,0.0,0.0,0,0,0.0,0.041666666666666664,0.13043478260869565,0.0,0.0,0.0,0.0,0.25,0.043478260869565216,0.0
6670,Jun Xiang,1835,0.0425,2026.0,2026.0,0.0,Desert Rock,Solo,0,1,1,0.0,1,3,0.0,0,1,1,1,0,1,1,0.0,0.0,0.0,0,0,0.0,0.041666666666666664,0.13043478260869565,0.0,0.0,0.0,0.0,0.25,0.043478260869565216,0.0
9055,Zenith,1835,0.0425,2029.0,2029.0,0.0,Alternative Rock,Solo,0,1,1,0.0,1,3,0.0,0,1,1,1,0,1,1,0.0,0.0,0.0,0,0,0.0,0.041666666666666664,0.13043478260869565,0.0,0.0,0.0,0.0,0.25,0.043478260869565216,0.0
9056,Antonia Steinberg-Löffler,1835,0.0425,2029.0,2029.0,0.0,Alternative Rock,Solo,0,1,1,0.0,1,3,0.0,0,1,1,1,0,1,1,0.0,0.0,0.0,0,0,0.0,0.041666666666666664,0.13043478260869565,0.0,0.0,0.0,0.0,0.25,0.043478260869565216,0.0
6710,Jun Feng,1835,0.0425,2028.0,2028.0,0.0,Dream Pop,Solo,0,1,1,0.0,1,3,0.0,0,1,1,1,0,1,1,0.0,0.0,0.0,0,0,0.0,0.041666666666666664,0.13043478260869565,0.0,0.0,0.0,0.0,0.25,0.043478260869565216,0.0
6711,Xia Li,1835,0.0425,2028.0,2028.0,0.0,Dream Pop,Solo,0,1,1,0.0,1,3,0.0,0,1,1,1,0,1,1,0.0,0.0,0.0,0,0,0.0,0.041666666666666664,0.13043478260869565,0.0,0.0,0.0,0.0,0.25,0.043478260869565216,0.0
6712,Li Jin,1835,0.0425,2028.0,2028.0,0.0,Dream Pop,Solo,0,1,1,0.0,1,3,0.0,0,1,1,1,0,1,1,0.0,0.0,0.0,0,0,0.0,0.041666666666666664,0.13043478260869565,0.0,0.0,0.0,0.0,0.25,0.043478260869565216,0.0
14467,Jun Lin,1835,0.0425,2028.0,2028.0,0.0,Dream Pop,Solo,0,1,1,0.0,1,3,0.0,0,1,1,1,0,1,1,0.0,0.0,0.0,0,0,0.0,0.041666666666666664,0.13043478260869565,0.0,0.0,0.0,0.0,0.25,0.043478260869565216,0.0
14468,Ping Tan,1835,0.0425,2028.0,2028.0,0.0,Dream Pop,Solo,0,1,1,0.0,1,3,0.0,0,1,1,1,0,1,1,0.0,0.0,0.0,0,0,0.0,0.041666666666666664,0.13043478260869565,0.0,0.0,0.0,0.0,0.25,0.043478260869565216,0.0
2021,Xiuying Xiang,1835,0.0425,2029.0,2029.0,0.0,Dream Pop,Solo,0,1,1,0.0,1,3,0.0,0,1,1,1,0,1,1,0.0,0.0,0.0,0,0,0.0,0.041666666666666664,0.13043478260869565,0.0,0.0,0.0,0.0,0.25,0.043478260869565216,0.0
2020,Ping Guo,1835,0.0425,2029.0,2029.0,0.0,Dream Pop,Solo,0,1,1,0.0,1,3,0.0,0,1,1,1,0,1,1,0.0,0.0,0.0,0,0,0.0,0.041666666666666664,0.13043478260869565,0.0,0.0,0.0,0.0,0.25,0.043478260869565216,0.0
1973,Amanda Moore,1835,0.0425,2027.0,2027.0,0.0,Darkwave,Solo,0,1,1,0.0,1,3,0.0,0,1,1,1,0,1,1,0.0,0.0,0.0,0,0,0.0,0.041666666666666664,0.13043478260869565,0.0,0.0,0.0,0.0,0.25,0.043478260869565216,0.0
14616,Heather Velasquez,1835,0.0425,2029.0,2029.0,0.0,Space Rock,Solo,0,1,1,0.0,1,3,0.0,0,1,1,1,0,1,1,0.0,0.0,0.0,0,0,0.0,0.041666666666666664,0.13043478260869565,0.0,0.0,0.0,0.0,0.25,0.043478260869565216,0.0
14617,Danny Lindsey,1835,0.0425,2029.0,2029.0,0.0,Space Rock,Solo,0,1,1,0.0,1,3,0.0,0,1,1,1,0,1,1,0.0,0.0,0.0,0,0,0.0,0.041666666666666664,0.13043478260869565,0.0,0.0,0.0,0.0,0.25,0.043478260869565216,0.0
1971, August,1835,0.0425,2027.0,2027.0,0.0,Darkwave,Solo,0,1,1,0.0,1,3,0.0,0,1,1,1,0,1,1,0.0,0.0,0.0,0,0,0.0,0.041666666666666664,0.13043478260869565,0.0,0.0,0.0,0.0,0.25,0.043478260869565216,0.0
1963,Sana Sunder,1835,0.0425,2026.0,2026.0,0.0,Jazz Surf Rock,Solo,0,1,1,0.0,1,3,0.0,0,1,1,1,0,1,1,0.0,0.0,0.0,0,0,0.0,0.041666666666666664,0.13043478260869565,0.0,0.0,0.0,0.0,0.25,0.043478260869565216,0.0
1962,Myra Devan,1835,0.0425,2026.0,2026.0,0.0,Jazz Surf Rock,Solo,0,1,1,0.0,1,3,0.0,0,1,1,1,0,1,1,0.0,0.0,0.0,0,0,0.0,0.041666666666666664,0.13043478260869565,0.0,0.0,0.0,0.0,0.25,0.043478260869565216,0.0
14685,Michael Gomez,1835,0.0425,2029.0,2029.0,0.0,Dream Pop,Solo,0,1,1,0.0,1,3,0.0,0,1,1,1,0,1,1,0.5,0.0,1.0,0,1,0.0,0.041666666666666664,0.13043478260869565,0.0,0.0,0.0,0.0,0.25,0.043478260869565216,0.0
14686,Wanda Fuller,1835,0.0425,2029.0,2029.0,0.0,Dream Pop,Solo,0,1,1,0.0,1,3,0.0,0,1,1,1,0,1,1,0.5,0.0,1.0,0,1,0.0,0.041666666666666664,0.13043478260869565,0.0,0.0,0.0,0.0,0.25,0.043478260869565216,0.0
8082,Cindy Hernandez,1835,0.0425,2029.0,2029.0,0.0,Desert Rock,Solo,0,1,1,0.0,1,3,0.0,0,1,1,1,0,1,1,0.0,0.0,0.0,0,0,0.0,0.041666666666666664,0.13043478260869565,0.0,0.0,0.0,0.0,0.25,0.043478260869565216,0.0
7857,Xiuying Mo,1835,0.0425,2028.0,2028.0,0.0,Jazz Surf Rock,Solo,0,1,1,0.0,1,3,0.0,0,1,1,1,0,1,1,0.0,0.0,0.0,0,0,0.0,0.041666666666666664,0.13043478260869565,0.0,0.0,0.0,0.0,0.25,0.043478260869565216,0.0
2785,Hannah Newton,1835,0.0425,2028.0,2028.0,0.0,Desert Rock,Solo,0,1,1,0.0,1,3,0.0,0,1,1,1,0,1,1,0.0,0.0,0.0,0,0,0.0,0.041666666666666664,0.13043478260869565,0.0,0.0,0.0,0.0,0.25,0.043478260869565216,0.0
12353,Echo Epoch,1835,0.0425,2026.0,2026.0,0.0,Dream Pop,Solo,0,1,1,0.0,1,3,0.0,0,1,1,1,0,1,1,0.0,0.0,0.0,0,0,0.0,0.041666666666666664,0.13043478260869565,0.0,0.0,0.0,0.0,0.25,0.043478260869565216,0.0
10559,Lupe Neira,1835,0.0425,2029.0,2029.0,0.0,Jazz Surf Rock,Solo,0,1,1,0.0,1,3,0.0,0,1,1,1,0,1,1,0.0,0.0,0.0,0,0,0.0,0.041666666666666664,0.13043478260869565,0.0,0.0,0.0,0.0,0.25,0.043478260869565216,0.0
4743,Min Jiang,1835,0.0425,2025.0,2025.0,0.0,Psychedelic Rock,Solo,0,1,1,0.0,1,3,0.0,0,1,1,1,0,1,1,0.0,0.0,0.0,0,0,0.0,0.041666666666666664,0.13043478260869565,0.0,0.0,0.0,0.0,0.25,0.043478260869565216,0.0
11087,Xia Tang,1835,0.0425,2026.0,2026.0,0.0,Dream Pop,Solo,0,1,1,0.0,1,3,0.0,0,1,1,1,0,1,1,0.0,0.0,0.0,0,0,0.0,0.041666666666666664,0.13043478260869565,0.0,0.0,0.0,0.0,0.25,0.043478260869565216,0.0
10560,Guiying Hao,1835,0.0425,2029.0,2029.0,0.0,Jazz Surf Rock,Solo,0,1,1,0.0,1,3,0.0,0,1,1,1,0,1,1,0.0,0.0,0.0,0,0,0.0,0.041666666666666664,0.13043478260869565,0.0,0.0,0.0,0.0,0.25,0.043478260869565216,0.0
12355,Jacob Gomez,1835,0.0425,2026.0,2026.0,0.0,Dream Pop,Solo,0,1,1,0.0,1,3,0.0,0,1,1,1,0,1,1,0.0,0.0,0.0,0,0,0.0,0.041666666666666664,0.13043478260869565,0.0,0.0,0.0,0.0,0.25,0.043478260869565216,0.0
12354,James Middleton,1835,0.0425,2026.0,2026.0,0.0,Dream Pop,Solo,0,1,1,0.0,1,3,0.0,0,1,1,1,0,1,1,0.0,0.0,0.0,0,0,0.0,0.041666666666666664,0.13043478260869565,0.0,0.0,0.0,0.0,0.25,0.043478260869565216,0.0
7855,Mojmír Hruška,1835,0.0425,2028.0,2028.0,0.0,Jazz Surf Rock,Solo,0,1,1,0.0,1,3,0.0,0,1,1,1,0,1,1,0.0,0.0,0.0,0,0,0.0,0.041666666666666664,0.13043478260869565,0.0,0.0,0.0,0.0,0.25,0.043478260869565216,0.0
10558,Chuy Calderon Chaves,1835,0.0425,2029.0,2029.0,0.0,Jazz Surf Rock,Solo,0,1,1,0.0,1,3,0.0,0,1,1,1,0,1,1,0.0,0.0,0.0,0,0,0.0,0.041666666666666664,0.13043478260869565,0.0,0.0,0.0,0.0,0.25,0.043478260869565216,0.0
8092,Chao Bai,1835,0.0425,2026.0,2026.0,0.0,Americana,Solo,0,1,1,0.0,1,3,0.0,0,1,1,1,0,1,1,0.0,0.0,0.0,0,0,0.0,0.041666666666666664,0.13043478260869565,0.0,0.0,0.0,0.0,0.25,0.043478260869565216,0.0
10719,Chao Bai,1835,0.0425,2027.0,2027.0,0.0,Americana,Solo,0,1,1,0.0,1,3,0.0,0,1,1,1,0,1,1,0.5,0.0,1.0,0,1,0.0,0.041666666666666664,0.13043478260869565,0.0,0.0,0.0,0.0,0.25,0.043478260869565216,0.0
10718,Brian Hall,1835,0.0425,2027.0,2027.0,0.0,Americana,Solo,0,1,1,0.0,1,3,0.0,0,1,1,1,0,1,1,0.5,0.0,1.0,0,1,0.0,0.041666666666666664,0.13043478260869565,0.0,0.0,0.0,0.0,0.25,0.043478260869565216,0.0
6094,Tao Meng,1835,0.0425,2029.0,2029.0,0.0,Desert Rock,Solo,0,1,1,0.0,1,3,0.0,0,1,1,1,0,1,1,0.0,0.0,0.0,0,0,0.0,0.041666666666666664,0.13043478260869565,0.0,0.0,0.0,0.0,0.25,0.043478260869565216,0.0
5998,Cemal Boucsein,1835,0.0425,2026.0,2026.0,0.0,Dream Pop,Solo,0,1,1,0.0,1,3,0.0,0,1,1,1,0,1,1,0.0,0.0,0.0,0,0,0.0,0.041666666666666664,0.13043478260869565,0.0,0.0,0.0,0.0,0.25,0.043478260869565216,0.0
10717,Tao Gao,1835,0.0425,2027.0,2027.0,0.0,Americana,Solo,0,1,1,0.0,1,3,0.0,0,1,1,1,0,1,1,0.5,0.0,1.0,0,1,0.0,0.041666666666666664,0.13043478260869565,0.0,0.0,0.0,0.0,0.25,0.043478260869565216,0.0
10703,Xiuying Shi,1835,0.0425,2029.0,2029.0,0.0,Dream Pop,Solo,0,1,1,0.0,1,3,0.0,0,1,1,1,0,1,1,0.0,0.0,0.0,0,0,0.0,0.041666666666666664,0.13043478260869565,0.0,0.0,0.0,0.0,0.25,0.043478260869565216,0.0
11086,Fang Pan,1835,0.0425,2026.0,2026.0,0.0,Dream Pop,Solo,0,1,1,0.0,1,3,0.0,0,1,1,1,0,1,1,0.0,0.0,0.0,0,0,0.0,0.041666666666666664,0.13043478260869565,0.0,0.0,0.0,0.0,0.25,0.043478260869565216,0.0
10702,Xiulan Zou,1835,0.0425,2029.0,2029.0,0.0,Dream Pop,Solo,0,1,1,0.0,1,3,0.0,0,1,1,1,0,1,1,0.0,0.0,0.0,0,0,0.0,0.041666666666666664,0.13043478260869565,0.0,0.0,0.0,0.0,0.25,0.043478260869565216,0.0
8723, Treasure,1835,0.0425,2026.0,2026.0,0.0,Dream Pop,Solo,0,1,1,0.0,1,3,0.0,0,1,1,1,0,1,1,0.0,0.0,0.0,0,0,0.0,0.041666666666666664,0.13043478260869565,0.0,0.0,0.0,0.0,0.25,0.043478260869565216,0.0
4744,Xiuying Kong,1835,0.0425,2025.0,2025.0,0.0,Psychedelic Rock,Solo,0,1,1,0.0,1,3,0.0,0,1,1,1,0,1,1,0.0,0.0,0.0,0,0,0.0,0.041666666666666664,0.13043478260869565,0.0,0.0,0.0,0.0,0.25,0.043478260869565216,0.0
12509,Yang Li,1835,0.0425,2025.0,2025.0,0.0,Dream Pop,Solo,0,1,1,0.0,1,3,0.0,0,1,1,1,0,1,1,0.0,0.0,0.0,0,0,0.0,0.041666666666666664,0.13043478260869565,0.0,0.0,0.0,0.0,0.25,0.043478260869565216,0.0
10808,Xia Liao,1835,0.0425,2027.0,2027.0,0.0,Jazz Surf Rock,Solo,0,1,1,0.0,1,3,0.0,0,1,1,1,0,1,1,0.0,0.0,0.0,0,0,0.0,0.041666666666666664,0.13043478260869565,0.0,0.0,0.0,0.0,0.25,0.043478260869565216,0.0
10809,Yan Gu,1835,0.0425,2027.0,2027.0,0.0,Jazz Surf Rock,Solo,0,1,1,0.0,1,3,0.0,0,1,1,1,0,1,1,0.0,0.0,0.0,0,0,0.0,0.041666666666666664,0.13043478260869565,0.0,0.0,0.0,0.0,0.25,0.043478260869565216,0.0
10811,Jing Wang,1835,0.0425,2027.0,2027.0,0.0,Jazz Surf Rock,Solo,0,1,1,0.0,1,3,0.0,0,1,1,1,0,1,1,0.0,0.0,0.0,0,0,0.0,0.041666666666666664,0.13043478260869565,0.0,0.0,0.0,0.0,0.25,0.043478260869565216,0.0
4507,Alix Chevallier,1835,0.0425,2028.0,2028.0,0.0,Darkwave,Solo,0,1,1,0.0,1,3,0.0,0,1,1,1,0,1,1,0.0,0.0,0.0,0,0,0.0,0.041666666666666664,0.13043478260869565,0.0,0.0,0.0,0.0,0.25,0.043478260869565216,0.0
5997,Andy Eigenwillig,1835,0.0425,2026.0,2026.0,0.0,Dream Pop,Solo,0,1,1,0.0,1,3,0.0,0,1,1,1,0,1,1,0.0,0.0,0.0,0,0,0.0,0.041666666666666664,0.13043478260869565,0.0,0.0,0.0,0.0,0.25,0.043478260869565216,0.0
11820,Jing Mao,1835,0.0425,2025.0,2025.0,0.0,Dream Pop,Solo,0,1,1,0.0,1,3,0.0,0,1,1,1,0,1,1,0.0,0.0,0.0,0,0,0.0,0.041666666666666664,0.13043478260869565,0.0,0.0,0.0,0.0,0.25,0.043478260869565216,0.0
11422,Ping Luo,1835,0.0425,2030.0,2030.0,0.0,Synthwave,Solo,0,1,1,0.0,1,3,0.0,0,1,1,1,0,1,1,0.0,0.0,0.0,0,0,0.0,0.041666666666666664,0.13043478260869565,0.0,0.0,0.0,0.0,0.25,0.043478260869565216,0.0
11421,Xiulan Cheng,1835,0.0425,2030.0,2030.0,0.0,Synthwave,Solo,0,1,1,0.0,1,3,0.0,0,1,1,1,0,1,1,0.0,0.0,0.0,0,0,0.0,0.041666666666666664,0.13043478260869565,0.0,0.0,0.0,0.0,0.25,0.043478260869565216,0.0
11089,Ping Guo,1835,0.0425,2026.0,2026.0,0.0,Dream Pop,Solo,0,1,1,0.0,1,3,0.0,0,1,1,1,0,1,1,0.0,0.0,0.0,0,0,0.0,0.041666666666666664,0.13043478260869565,0.0,0.0,0.0,0.0,0.25,0.043478260869565216,0.0
5580,Gang Yu,1835,0.0425,2029.0,2029.0,0.0,Indie Folk,Solo,0,1,1,0.0,1,3,0.0,0,1,1,1,0,1,1,0.0,0.0,0.0,0,0,0.0,0.041666666666666664,0.13043478260869565,0.0,0.0,0.0,0.0,0.25,0.043478260869565216,0.0
5581,Gang He,1835,0.0425,2029.0,2029.0,0.0,Indie Folk,Solo,0,1,1,0.0,1,3,0.0,0,1,1,1,0,1,1,0.0,0.0,0.0,0,0,0.0,0.041666666666666664,0.13043478260869565,0.0,0.0,0.0,0.0,0.25,0.043478260869565216,0.0
14836, PH∆SE,1946,0.0424,2030.0,2030.0,0.0,Dream Pop,Solo,0,1,1,0.0,1,4,0.0,1,1,0,0,0,1,2,0.0,0.0,0.0,0,0,0.0,0.041666666666666664,0.17391304347826086,0.0,0.0,0.047619047619047616,0.0,0.0,0.043478260869565216,0.5
4170,Na Zhu,1946,0.0424,2030.0,2030.0,0.0,Dream Pop,Solo,0,1,1,0.0,1,4,0.0,1,1,0,0,0,1,2,0.0,0.0,0.0,0,0,0.0,0.041666666666666664,0.17391304347826086,0.0,0.0,0.047619047619047616,0.0,0.0,0.043478260869565216,0.5
16977,Ivy Lux,1948,0.042,2031.0,2033.0,2.0,Southern Gothic Rock,Solo,0,3,5,0.0,4,0,0.0,0,1,0,0,0,4,2,0.0,0.0,0.0,0,0,0.0,0.16666666666666666,0.0,0.0,0.0,0.0,0.0,0.0,0.17391304347826086,0.5
11107,Li Cao,1948,0.042,2027.0,2027.0,0.0,Indie Folk,Solo,0,1,1,0.0,4,0,0.0,0,1,0,0,0,4,2,0.0,0.0,0.0,0,0,0.0,0.16666666666666666,0.0,0.0,0.0,0.0,0.0,0.0,0.17391304347826086,0.5
2529,Kathy Green,1950,0.0417,2028.0,2028.0,0.0,Alternative Rock,Solo,0,1,1,0.0,2,3,0.0,0,1,0,0,0,2,2,0.0,0.0,0.0,0,0,0.0,0.08333333333333333,0.13043478260869565,0.0,0.0,0.0,0.0,0.0,0.08695652173913043,0.5
16595,Chao Zhao,1950,0.0417,2026.0,2026.0,0.0,Americana,Solo,0,1,1,0.0,2,3,0.0,0,1,0,0,0,2,2,0.0,0.0,0.0,0,0,0.0,0.08333333333333333,0.13043478260869565,0.0,0.0,0.0,0.0,0.0,0.08695652173913043,0.5
10831,Ronald Santos,1950,0.0417,2032.0,2032.0,0.0,Space Rock,Solo,0,1,1,0.0,2,3,0.0,0,1,0,0,0,2,2,0.0,0.0,0.0,0,0,0.0,0.08333333333333333,0.13043478260869565,0.0,0.0,0.0,0.0,0.0,0.08695652173913043,0.5
784,Evangelina Bautista Catalá,1953,0.0414,2025.0,2025.0,0.0,Alternative Rock,Solo,0,1,1,0.0,1,2,0.0,0,1,1,1,0,1,2,0.0,0.0,0.0,0,0,0.0,0.041666666666666664,0.08695652173913043,0.0,0.0,0.0,0.0,0.25,0.043478260869565216,0.5
15014,Nathan Nelson,1953,0.0414,2026.0,2026.0,0.0,Psychedelic Rock,Solo,0,1,1,0.0,1,2,0.0,0,1,1,1,0,1,2,0.0,0.0,0.0,0,0,0.0,0.041666666666666664,0.08695652173913043,0.0,0.0,0.0,0.0,0.25,0.043478260869565216,0.5
12843, HE∆VEN,1953,0.0414,2025.0,2025.0,0.0,Indie Folk,Solo,0,0,1,0.0,1,2,0.0,0,1,1,1,0,1,2,0.0,0.0,0.0,0,0,0.0,0.041666666666666664,0.08695652173913043,0.0,0.0,0.0,0.0,0.25,0.043478260869565216,0.5
513,Tobiasz Haponiuk,1953,0.0414,2028.0,2028.0,0.0,Alternative Rock,Solo,0,1,1,0.0,1,2,0.0,0,1,1,1,0,1,2,0.0,0.0,0.0,0,0,0.0,0.041666666666666664,0.08695652173913043,0.0,0.0,0.0,0.0,0.25,0.043478260869565216,0.5
11864,Sarah Wheeler,1953,0.0414,2026.0,2026.0,0.0,Dream Pop,Solo,0,1,1,0.0,1,2,0.0,0,1,1,1,0,1,2,0.0,0.0,0.0,0,0,0.0,0.041666666666666664,0.08695652173913043,0.0,0.0,0.0,0.0,0.25,0.043478260869565216,0.5
572,Scott Nichols,1953,0.0414,2025.0,2025.0,0.0,Dream Pop,Solo,0,1,1,0.0,1,2,0.0,0,1,1,1,0,1,2,0.0,0.0,0.0,0,0,0.0,0.041666666666666664,0.08695652173913043,0.0,0.0,0.0,0.0,0.25,0.043478260869565216,0.5
14321,Yan Zhao,1953,0.0414,2027.0,2027.0,0.0,Psychedelic Rock,Solo,0,1,1,0.0,1,2,0.0,0,1,1,1,0,1,2,0.0,0.0,0.0,0,0,0.0,0.041666666666666664,0.08695652173913043,0.0,0.0,0.0,0.0,0.25,0.043478260869565216,0.5
13264,Tao Fan,1953,0.0414,2026.0,2026.0,0.0,Jazz Surf Rock,Solo,0,1,1,0.0,1,2,0.0,0,1,1,1,0,1,2,0.0,0.0,0.0,0,0,0.0,0.041666666666666664,0.08695652173913043,0.0,0.0,0.0,0.0,0.25,0.043478260869565216,0.5
16119,Advika Tailor,1953,0.0414,2026.0,2026.0,0.0,Alternative Rock,Solo,0,1,1,0.0,1,2,0.0,0,1,1,1,0,1,2,0.0,0.0,0.0,0,0,0.0,0.041666666666666664,0.08695652173913043,0.0,0.0,0.0,0.0,0.25,0.043478260869565216,0.5
16073,Catherine Perez,1953,0.0414,2029.0,2029.0,0.0,Space Rock,Solo,0,1,1,0.0,1,2,0.0,0,1,1,1,0,1,2,0.0,0.0,0.0,0,0,0.0,0.041666666666666664,0.08695652173913043,0.0,0.0,0.0,0.0,0.25,0.043478260869565216,0.5
9915,Na Wen,1953,0.0414,2026.0,2026.0,0.0,Oceanus Folk,Solo,0,1,1,0.0,1,2,0.0,0,1,1,1,0,1,2,0.5,1.0,0.0,1,0,0.0,0.041666666666666664,0.08695652173913043,0.0,0.0,0.0,0.0,0.25,0.043478260869565216,0.5
4477,Marisa Tresoldi,1953,0.0414,2027.0,2027.0,0.0,Dream Pop,Solo,0,1,1,0.0,1,2,0.0,0,1,1,1,0,1,2,0.0,0.0,0.0,0,0,0.0,0.041666666666666664,0.08695652173913043,0.0,0.0,0.0,0.0,0.25,0.043478260869565216,0.5
6492,Chao Peng,1953,0.0414,2027.0,2027.0,0.0,Space Rock,Solo,0,1,1,0.0,1,2,0.0,0,1,1,1,0,1,2,0.5,0.0,1.0,0,1,0.0,0.041666666666666664,0.08695652173913043,0.0,0.0,0.0,0.0,0.25,0.043478260869565216,0.5
9001,Johnathan Sanchez,1953,0.0414,2029.0,2029.0,0.0,Indie Pop,Solo,0,1,1,0.0,1,2,0.0,0,1,1,1,0,1,2,0.0,0.0,0.0,0,0,0.0,0.041666666666666664,0.08695652173913043,0.0,0.0,0.0,0.0,0.25,0.043478260869565216,0.5
9376,Elakshi Venkataraman,1953,0.0414,2029.0,2029.0,0.0,Jazz Surf Rock,Solo,0,1,1,0.0,1,2,0.0,0,1,1,1,0,1,2,0.0,0.0,0.0,0,0,0.0,0.041666666666666664,0.08695652173913043,0.0,0.0,0.0,0.0,0.25,0.043478260869565216,0.5
9375,Biju Swamy,1953,0.0414,2029.0,2029.0,0.0,Jazz Surf Rock,Solo,0,1,1,0.0,1,2,0.0,0,1,1,1,0,1,2,0.0,0.0,0.0,0,0,0.0,0.041666666666666664,0.08695652173913043,0.0,0.0,0.0,0.0,0.25,0.043478260869565216,0.5
4108,Tyler Watson,1953,0.0414,2028.0,2028.0,0.0,Indie Folk,Solo,0,1,1,0.0,1,2,0.0,0,1,1,1,0,1,2,0.0,0.0,0.0,0,0,0.0,0.041666666666666664,0.08695652173913043,0.0,0.0,0.0,0.0,0.25,0.043478260869565216,0.5
11960,Stephanie Hanson,1970,0.0408,2030.0,2030.0,0.0,Dream Pop,Solo,0,1,1,0.0,4,0,0.0,1,1,0,0,0,4,1,0.0,0.0,0.0,0,0,0.0,0.16666666666666666,0.0,0.0,0.0,0.047619047619047616,0.0,0.0,0.17391304347826086,0.0
11330,Ping Li,1970,0.0408,2025.0,2025.0,0.0,Space Rock,Solo,0,1,1,0.0,1,3,0.0,0,1,1,1,0,0,1,0.5,0.0,1.0,0,1,0.0,0.041666666666666664,0.13043478260869565,0.0,0.0,0.0,0.0,0.25,0.0,0.0
10804,Sumer Kakar,1972,0.0407,2026.0,2026.0,0.0,Dream Pop,Solo,0,1,1,0.0,2,2,0.0,0,1,0,0,0,2,3,0.0,0.0,0.0,0,0,0.0,0.08333333333333333,0.08695652173913043,0.0,0.0,0.0,0.0,0.0,0.08695652173913043,1.0
16,Timothy Shea,1973,0.0403,2027.0,2027.0,0.0,Darkwave,Solo,0,0,1,0.0,1,1,0.0,0,1,1,1,0,1,3,0.0,0.0,0.0,0,0,0.0,0.041666666666666664,0.043478260869565216,0.0,0.0,0.0,0.0,0.25,0.043478260869565216,1.0
17235,Lux Ravenna,1973,0.0403,2027.0,2031.0,4.0,Oceanus Folk,Solo,0,2,4,0.0,3,0,0.0,2,1,0,0,0,3,2,0.5,1.0,0.0,4,0,0.0,0.125,0.0,0.0,0.0,0.09523809523809523,0.0,0.0,0.13043478260869565,0.5
5700,Ping Shen,1975,0.0402,2026.0,2026.0,0.0,Indie Rock,Solo,0,1,1,0.0,4,0,0.0,0,1,0,0,0,3,2,0.0,0.0,0.0,0,0,0.0,0.16666666666666666,0.0,0.0,0.0,0.0,0.0,0.0,0.13043478260869565,0.5
15523,Li Gong,1976,0.0399,2026.0,2026.0,0.0,Space Rock,Solo,0,1,1,0.0,3,2,0.0,0,1,0,0,0,3,1,0.0,0.0,0.0,0,0,0.0,0.125,0.08695652173913043,0.0,0.0,0.0,0.0,0.0,0.13043478260869565,0.0
1299,Gang Ye,1976,0.0399,2026.0,2026.0,0.0,Dream Pop,Solo,0,1,1,0.0,3,2,0.0,0,1,0,0,0,3,1,0.0,0.0,0.0,0,0,0.0,0.125,0.08695652173913043,0.0,0.0,0.0,0.0,0.0,0.13043478260869565,0.0
8299,Qiang Fang,1976,0.0399,2029.0,2029.0,0.0,Alternative Rock,Solo,0,1,1,0.0,3,2,0.0,0,1,0,0,0,3,1,0.3333,0.0,0.6666666666666666,0,2,0.0,0.125,0.08695652173913043,0.0,0.0,0.0,0.0,0.0,0.13043478260869565,0.0
8296,Yan Qiu,1976,0.0399,2029.0,2029.0,0.0,Alternative Rock,Solo,0,1,1,0.0,3,2,0.0,0,1,0,0,0,3,1,0.3333,0.0,0.6666666666666666,0,2,0.0,0.125,0.08695652173913043,0.0,0.0,0.0,0.0,0.0,0.13043478260869565,0.0
14426,Na Yuan,1976,0.0399,2025.0,2025.0,0.0,Dream Pop,Solo,0,1,1,0.0,3,2,0.0,0,1,0,0,0,3,1,0.0,0.0,0.0,0,0,0.0,0.125,0.08695652173913043,0.0,0.0,0.0,0.0,0.0,0.13043478260869565,0.0
14425,Min Du,1976,0.0399,2025.0,2025.0,0.0,Dream Pop,Solo,0,1,1,0.0,3,2,0.0,0,1,0,0,0,3,1,0.0,0.0,0.0,0,0,0.0,0.125,0.08695652173913043,0.0,0.0,0.0,0.0,0.0,0.13043478260869565,0.0
2408,Pamela Mitchell,1982,0.0397,2029.0,2029.0,0.0,Symphonic Metal,Solo,0,1,1,0.19999999999999996,1,2,0.0,0,1,0,0,0,0,1,0.0,0.0,0.0,0,0,0.0,0.041666666666666664,0.08695652173913043,0.19999999999999996,0.0,0.0,0.0,0.0,0.0,0.0
6846,Qiang Dai,1982,0.0397,2027.0,2027.0,0.0,Alternative Rock,Solo,0,1,1,0.0,1,2,0.0,0,1,1,1,0,0,2,0.0,0.0,0.0,0,0,0.0,0.041666666666666664,0.08695652173913043,0.0,0.0,0.0,0.0,0.25,0.0,0.5
11295,James Li,1984,0.0396,2027.0,2027.0,0.0,Blues Rock,Solo,0,1,1,0.0,2,1,0.0,0,1,1,1,0,2,1,0.0,0.0,0.0,0,0,0.0,0.08333333333333333,0.043478260869565216,0.0,0.0,0.0,0.0,0.25,0.08695652173913043,0.0
3185,Tobiasz Kargol,1984,0.0396,2029.0,2029.0,0.0,Southern Gothic Rock,Solo,0,1,1,0.0,2,1,0.0,0,1,1,1,0,2,1,0.0,0.0,0.0,0,0,0.0,0.08333333333333333,0.043478260869565216,0.0,0.0,0.0,0.0,0.25,0.08695652173913043,0.0
11416,Gang Liao,1984,0.0396,2026.0,2026.0,0.0,Darkwave,Solo,0,1,1,0.0,2,1,0.0,0,1,1,1,0,2,1,0.0,0.0,0.0,0,0,0.0,0.08333333333333333,0.043478260869565216,0.0,0.0,0.0,0.0,0.25,0.08695652173913043,0.0
10879,Shane Alexander,1984,0.0396,2029.0,2029.0,0.0,Dream Pop,Solo,0,1,1,0.0,2,1,0.0,0,1,1,1,0,2,1,0.0,0.0,0.0,0,0,0.0,0.08333333333333333,0.043478260869565216,0.0,0.0,0.0,0.0,0.25,0.08695652173913043,0.0
7163,Li Yi,1984,0.0396,2025.0,2025.0,0.0,Synthwave,Solo,0,1,1,0.0,2,1,0.0,0,1,1,1,0,2,1,0.0,0.0,0.0,0,0,0.0,0.08333333333333333,0.043478260869565216,0.0,0.0,0.0,0.0,0.25,0.08695652173913043,0.0
7874,Franck du Mercier,1984,0.0396,2027.0,2027.0,0.0,Dream Pop,Solo,0,1,1,0.0,2,1,0.0,0,1,1,1,0,2,1,0.0,0.0,0.0,0,0,0.0,0.08333333333333333,0.043478260869565216,0.0,0.0,0.0,0.0,0.25,0.08695652173913043,0.0
10876,Cory Garrett,1984,0.0396,2029.0,2029.0,0.0,Dream Pop,Solo,0,1,1,0.0,2,1,0.0,0,1,1,1,0,2,1,0.0,0.0,0.0,0,0,0.0,0.08333333333333333,0.043478260869565216,0.0,0.0,0.0,0.0,0.25,0.08695652173913043,0.0
7094,Li Xue,1984,0.0396,2025.0,2025.0,0.0,Synthwave,Solo,0,1,1,0.0,2,1,0.0,0,1,1,1,0,2,1,0.0,0.0,0.0,0,0,0.0,0.08333333333333333,0.043478260869565216,0.0,0.0,0.0,0.0,0.25,0.08695652173913043,0.0
15461,Lei Hou,1984,0.0396,2030.0,2030.0,0.0,Post-Apocalyptic Folk,Solo,0,1,1,0.0,2,1,0.0,0,1,1,1,0,2,1,0.0,0.0,0.0,0,0,0.0,0.08333333333333333,0.043478260869565216,0.0,0.0,0.0,0.0,0.25,0.08695652173913043,0.0
16080,Na Bai,1984,0.0396,2029.0,2029.0,0.0,Psychedelic Rock,Solo,0,1,1,0.0,2,1,0.0,0,1,1,1,0,2,1,0.0,0.0,0.0,0,0,0.0,0.08333333333333333,0.043478260869565216,0.0,0.0,0.0,0.0,0.25,0.08695652173913043,0.0
7125,Yang Cheng,1984,0.0396,2029.0,2029.0,0.0,Indie Rock,Solo,0,1,1,0.0,2,1,0.0,0,1,1,1,0,2,1,0.0,0.0,0.0,0,0,0.0,0.08333333333333333,0.043478260869565216,0.0,0.0,0.0,0.0,0.25,0.08695652173913043,0.0
16081,Wei Wu,1984,0.0396,2029.0,2029.0,0.0,Psychedelic Rock,Solo,0,1,1,0.0,2,1,0.0,0,1,1,1,0,2,1,0.0,0.0,0.0,0,0,0.0,0.08333333333333333,0.043478260869565216,0.0,0.0,0.0,0.0,0.25,0.08695652173913043,0.0
12514,Fateh Bhatt,1984,0.0396,2029.0,2029.0,0.0,Indie Rock,Solo,0,1,1,0.0,2,1,0.0,0,1,1,1,0,2,1,0.0,0.0,0.0,0,0,0.0,0.08333333333333333,0.043478260869565216,0.0,0.0,0.0,0.0,0.25,0.08695652173913043,0.0
7095,Yan Qiao,1984,0.0396,2025.0,2025.0,0.0,Synthwave,Solo,0,1,1,0.0,2,1,0.0,0,1,1,1,0,2,1,0.0,0.0,0.0,0,0,0.0,0.08333333333333333,0.043478260869565216,0.0,0.0,0.0,0.0,0.25,0.08695652173913043,0.0
12063,Ping Lu,1984,0.0396,2029.0,2029.0,0.0,Dream Pop,Solo,0,1,1,0.0,2,1,0.0,0,1,1,1,0,2,1,0.0,0.0,0.0,0,0,0.0,0.08333333333333333,0.043478260869565216,0.0,0.0,0.0,0.0,0.25,0.08695652173913043,0.0
16284,Joséphine Rodrigues,1984,0.0396,2029.0,2029.0,0.0,Psychedelic Rock,Solo,0,1,1,0.0,2,1,0.0,0,1,1,1,0,2,1,0.0,0.0,0.0,0,0,0.0,0.08333333333333333,0.043478260869565216,0.0,0.0,0.0,0.0,0.25,0.08695652173913043,0.0
16286,Divij Dora,1984,0.0396,2029.0,2029.0,0.0,Psychedelic Rock,Solo,0,1,1,0.0,2,1,0.0,0,1,1,1,0,2,1,0.0,0.0,0.0,0,0,0.0,0.08333333333333333,0.043478260869565216,0.0,0.0,0.0,0.0,0.25,0.08695652173913043,0.0
11137,Seth Duncan,1984,0.0396,2026.0,2026.0,0.0,Darkwave,Solo,0,1,1,0.0,2,1,0.0,0,1,1,1,0,2,1,0.0,0.0,0.0,0,0,0.0,0.08333333333333333,0.043478260869565216,0.0,0.0,0.0,0.0,0.25,0.08695652173913043,0.0
11804,Li Liao,1984,0.0396,2029.0,2029.0,0.0,Synthwave,Solo,0,0,1,0.0,2,1,0.0,0,1,1,1,0,2,1,0.0,0.0,0.0,0,0,0.0,0.08333333333333333,0.043478260869565216,0.0,0.0,0.0,0.0,0.25,0.08695652173913043,0.0
14796,Bobby Guzman,1984,0.0396,2026.0,2026.0,0.0,Psychedelic Rock,Solo,0,1,1,0.0,2,1,0.0,0,1,1,1,0,2,1,0.0,0.0,0.0,0,0,0.0,0.08333333333333333,0.043478260869565216,0.0,0.0,0.0,0.0,0.25,0.08695652173913043,0.0
11140,Brandon Williams,1984,0.0396,2026.0,2026.0,0.0,Darkwave,Solo,0,1,1,0.0,2,1,0.0,0,1,1,1,0,2,1,0.0,0.0,0.0,0,0,0.0,0.08333333333333333,0.043478260869565216,0.0,0.0,0.0,0.0,0.25,0.08695652173913043,0.0
465,Ildiko Wesack,1984,0.0396,2027.0,2027.0,0.0,Americana,Solo,0,1,1,0.0,2,1,0.0,0,1,1,1,0,2,1,0.0,0.0,0.0,0,0,0.0,0.08333333333333333,0.043478260869565216,0.0,0.0,0.0,0.0,0.25,0.08695652173913043,0.0
384,Leo Sinclair,2006,0.0393,2027.0,2027.0,0.0,Dream Pop,Solo,0,1,1,0.0,0,4,0.0,0,1,1,1,0,0,1,0.0,0.0,0.0,0,0,0.0,0.0,0.17391304347826086,0.0,0.0,0.0,0.0,0.25,0.0,0.0
383,Arcana,2006,0.0393,2027.0,2027.0,0.0,Dream Pop,Solo,0,1,1,0.0,0,4,0.0,0,1,1,1,0,0,1,0.0,0.0,0.0,0,0,0.0,0.0,0.17391304347826086,0.0,0.0,0.0,0.0,0.25,0.0,0.0
14450,Teresa White,2006,0.0393,2025.0,2025.0,0.0,Psychedelic Rock,Solo,0,1,1,0.0,0,4,0.0,0,1,1,1,0,0,1,0.0,0.0,0.0,0,0,0.0,0.0,0.17391304347826086,0.0,0.0,0.0,0.0,0.25,0.0,0.0
14453,Leah Farrell,2006,0.0393,2025.0,2025.0,0.0,Psychedelic Rock,Solo,0,1,1,0.0,0,4,0.0,0,1,1,1,0,0,1,0.0,0.0,0.0,0,0,0.0,0.0,0.17391304347826086,0.0,0.0,0.0,0.0,0.25,0.0,0.0
10570,Jie Fang,2006,0.0393,2025.0,2025.0,0.0,Space Rock,Solo,0,1,1,0.0,0,4,0.0,0,1,1,1,0,0,1,0.0,0.0,0.0,0,0,0.0,0.0,0.17391304347826086,0.0,0.0,0.0,0.0,0.25,0.0,0.0
14452,Susan Oneal,2006,0.0393,2025.0,2025.0,0.0,Psychedelic Rock,Solo,0,1,1,0.0,0,4,0.0,0,1,1,1,0,0,1,0.0,0.0,0.0,0,0,0.0,0.0,0.17391304347826086,0.0,0.0,0.0,0.0,0.25,0.0,0.0
10573,Xiuying Qin,2006,0.0393,2025.0,2025.0,0.0,Space Rock,Solo,0,1,1,0.0,0,4,0.0,0,1,1,1,0,0,1,0.0,0.0,0.0,0,0,0.0,0.0,0.17391304347826086,0.0,0.0,0.0,0.0,0.25,0.0,0.0
11582,Tao Su,2006,0.0393,2026.0,2026.0,0.0,Oceanus Folk,Solo,0,1,1,0.0,0,4,0.0,0,1,1,1,0,0,1,0.5,1.0,0.0,1,0,0.0,0.0,0.17391304347826086,0.0,0.0,0.0,0.0,0.25,0.0,0.0
10571,Francisco Kerr,2006,0.0393,2025.0,2025.0,0.0,Space Rock,Solo,0,1,1,0.0,0,4,0.0,0,1,1,1,0,0,1,0.0,0.0,0.0,0,0,0.0,0.0,0.17391304347826086,0.0,0.0,0.0,0.0,0.25,0.0,0.0
10569,Yang Gao,2006,0.0393,2025.0,2025.0,0.0,Space Rock,Solo,0,1,1,0.0,0,4,0.0,0,1,1,1,0,0,1,0.0,0.0,0.0,0,0,0.0,0.0,0.17391304347826086,0.0,0.0,0.0,0.0,0.25,0.0,0.0
11581,Yong Tang,2006,0.0393,2026.0,2026.0,0.0,Oceanus Folk,Solo,0,1,1,0.0,0,4,0.0,0,1,1,1,0,0,1,0.5,1.0,0.0,1,0,0.0,0.0,0.17391304347826086,0.0,0.0,0.0,0.0,0.25,0.0,0.0
386,Sharon Holland,2006,0.0393,2027.0,2027.0,0.0,Dream Pop,Solo,0,1,1,0.0,0,4,0.0,0,1,1,1,0,0,1,0.0,0.0,0.0,0,0,0.0,0.0,0.17391304347826086,0.0,0.0,0.0,0.0,0.25,0.0,0.0
385,Cynthia Nash,2006,0.0393,2027.0,2027.0,0.0,Dream Pop,Solo,0,1,1,0.0,0,4,0.0,0,1,1,1,0,0,1,0.0,0.0,0.0,0,0,0.0,0.0,0.17391304347826086,0.0,0.0,0.0,0.0,0.25,0.0,0.0
14451,Anna Mendez,2006,0.0393,2025.0,2025.0,0.0,Psychedelic Rock,Solo,0,1,1,0.0,0,4,0.0,0,1,1,1,0,0,1,0.0,0.0,0.0,0,0,0.0,0.0,0.17391304347826086,0.0,0.0,0.0,0.0,0.25,0.0,0.0
6025,Xia Zeng,2020,0.0388,2026.0,2026.0,0.0,Space Rock,Solo,0,1,1,0.0,3,1,0.0,0,1,0,0,0,3,2,0.0,0.0,0.0,0,0,0.0,0.125,0.043478260869565216,0.0,0.0,0.0,0.0,0.0,0.13043478260869565,0.5
16344,Michael Smith,2020,0.0388,2029.0,2029.0,0.0,Post-Apocalyptic Folk,Solo,0,1,1,0.0,3,1,0.0,0,1,0,0,0,3,2,0.0,0.0,0.0,0,0,0.0,0.125,0.043478260869565216,0.0,0.0,0.0,0.0,0.0,0.13043478260869565,0.5
6448,Chao Wu,2022,0.0386,2025.0,2025.0,0.0,Oceanus Folk,Solo,0,1,1,0.0,1,4,0.0,0,1,0,0,0,1,2,0.5,1.0,0.0,1,0,0.0,0.041666666666666664,0.17391304347826086,0.0,0.0,0.0,0.0,0.0,0.043478260869565216,0.5
14779,Li Deng,2023,0.0385,2026.0,2026.0,0.0,Dream Pop,Solo,0,1,1,0.0,2,0,0.0,0,1,1,1,0,2,2,0.0,0.0,0.0,0,0,0.0,0.08333333333333333,0.0,0.0,0.0,0.0,0.0,0.25,0.08695652173913043,0.5
10933,EAZY 9INE,2023,0.0385,2027.0,2027.0,0.0,Indie Rock,Solo,0,1,1,0.0,2,0,0.0,0,1,1,1,0,2,2,0.0,0.0,0.0,0,0,0.0,0.08333333333333333,0.0,0.0,0.0,0.0,0.0,0.25,0.08695652173913043,0.5
8926,Juan Tan,2023,0.0385,2028.0,2028.0,0.0,Americana,Solo,0,1,1,0.0,2,0,0.0,0,1,1,1,0,2,2,0.0,0.0,0.0,0,0,0.0,0.08333333333333333,0.0,0.0,0.0,0.0,0.0,0.25,0.08695652173913043,0.5
14704,Min Zhou,2023,0.0385,2029.0,2029.0,0.0,Dream Pop,Solo,0,1,1,0.0,2,0,0.0,0,1,1,1,0,2,2,0.0,0.0,0.0,0,0,0.0,0.08333333333333333,0.0,0.0,0.0,0.0,0.0,0.25,0.08695652173913043,0.5
2476,Wei Jiang,2023,0.0385,2026.0,2026.0,0.0,Alternative Rock,Solo,0,1,1,0.0,2,0,0.0,0,1,1,1,0,2,2,0.0,0.0,0.0,0,0,0.0,0.08333333333333333,0.0,0.0,0.0,0.0,0.0,0.25,0.08695652173913043,0.5
12883,John Maldonado,2023,0.0385,2026.0,2026.0,0.0,Oceanus Folk,Solo,0,1,1,0.0,2,0,0.0,0,1,1,1,0,2,2,1.0,1.0,1.0,1,2,0.0,0.08333333333333333,0.0,0.0,0.0,0.0,0.0,0.25,0.08695652173913043,0.5
7353,Juan Ye,2023,0.0385,2027.0,2027.0,0.0,Desert Rock,Solo,0,1,1,0.0,2,0,0.0,0,1,1,1,0,2,2,0.25,0.0,0.5,0,1,0.0,0.08333333333333333,0.0,0.0,0.0,0.0,0.0,0.25,0.08695652173913043,0.5
11996,Joshua Morrison,2023,0.0385,2026.0,2026.0,0.0,Dream Pop,Solo,0,1,1,0.0,2,0,0.0,0,1,1,1,0,2,2,0.0,0.0,0.0,0,0,0.0,0.08333333333333333,0.0,0.0,0.0,0.0,0.0,0.25,0.08695652173913043,0.5
3791,Lei Hao,2023,0.0385,2029.0,2029.0,0.0,Darkwave,Solo,0,0,1,0.0,2,0,0.0,0,1,1,1,0,2,2,0.0,0.0,0.0,0,0,0.0,0.08333333333333333,0.0,0.0,0.0,0.0,0.0,0.25,0.08695652173913043,0.5
3560,Hans-Joachim Seip,2023,0.0385,2027.0,2027.0,0.0,Jazz Surf Rock,Solo,0,1,1,0.0,2,0,0.0,0,1,1,1,0,2,2,0.0,0.0,0.0,0,0,0.0,0.08333333333333333,0.0,0.0,0.0,0.0,0.0,0.25,0.08695652173913043,0.5
11441,Hannah Richard,2023,0.0385,2025.0,2025.0,0.0,Southern Gothic Rock,Solo,0,1,1,0.0,2,0,0.0,0,1,1,1,0,2,2,0.0,0.0,0.0,0,0,0.0,0.08333333333333333,0.0,0.0,0.0,0.0,0.0,0.25,0.08695652173913043,0.5
13034,Lei Liao,2023,0.0385,2027.0,2027.0,0.0,Indie Folk,Solo,0,1,1,0.0,2,0,0.0,0,1,1,1,0,2,2,0.25,0.0,0.5,0,1,0.0,0.08333333333333333,0.0,0.0,0.0,0.0,0.0,0.25,0.08695652173913043,0.5
12145,Guiying Xiang,2035,0.0383,2028.0,2028.0,0.0,Alternative Rock,Solo,0,1,1,0.0,0,3,0.0,0,1,1,1,0,0,2,0.0,0.0,0.0,0,0,0.0,0.0,0.13043478260869565,0.0,0.0,0.0,0.0,0.25,0.0,0.5
6758,Radio Seraph,2035,0.0383,2026.0,2026.0,0.0,Desert Rock,Solo,0,1,1,0.0,0,3,0.0,0,1,1,1,0,0,2,0.0,0.0,0.0,0,0,0.0,0.0,0.13043478260869565,0.0,0.0,0.0,0.0,0.25,0.0,0.5
10497,Xia Yuan,2035,0.0383,2026.0,2026.0,0.0,Dream Pop,Solo,0,1,1,0.0,0,3,0.0,0,1,1,1,0,0,2,0.0,0.0,0.0,0,0,0.0,0.0,0.13043478260869565,0.0,0.0,0.0,0.0,0.25,0.0,0.5
3996,Yang Pan,2035,0.0383,2025.0,2025.0,0.0,Dream Pop,Solo,0,1,1,0.0,0,3,0.0,0,1,1,1,0,0,2,0.0,0.0,0.0,0,0,0.0,0.0,0.13043478260869565,0.0,0.0,0.0,0.0,0.25,0.0,0.5
11854,Li Wen,2039,0.0376,2032.0,2032.0,0.0,Dream Pop,Solo,0,1,1,0.0,3,1,0.0,1,1,0,0,0,3,1,0.0,0.0,0.0,0,0,0.0,0.125,0.043478260869565216,0.0,0.0,0.047619047619047616,0.0,0.0,0.13043478260869565,0.0
3492,The Hollow Manuscript,2040,0.0374,2030.0,2030.0,0.0,Indie Folk,Solo,0,1,1,0.0,1,4,0.0,1,1,0,0,0,1,1,0.0,0.0,0.0,0,0,0.0,0.041666666666666664,0.17391304347826086,0.0,0.0,0.047619047619047616,0.0,0.0,0.043478260869565216,0.0
3495,Gang Qin,2040,0.0374,2030.0,2030.0,0.0,Indie Folk,Solo,0,1,1,0.0,1,4,0.0,1,1,0,0,0,1,1,0.0,0.0,0.0,0,0,0.0,0.041666666666666664,0.17391304347826086,0.0,0.0,0.047619047619047616,0.0,0.0,0.043478260869565216,0.0
14837,Jason Hendricks,2040,0.0374,2030.0,2030.0,0.0,Dream Pop,Solo,0,1,1,0.0,1,4,0.0,1,1,0,0,0,1,1,0.0,0.0,0.0,0,0,0.0,0.041666666666666664,0.17391304347826086,0.0,0.0,0.047619047619047616,0.0,0.0,0.043478260869565216,0.0
3494,Ming Long,2040,0.0374,2030.0,2030.0,0.0,Indie Folk,Solo,0,1,1,0.0,1,4,0.0,1,1,0,0,0,1,1,0.0,0.0,0.0,0,0,0.0,0.041666666666666664,0.17391304347826086,0.0,0.0,0.047619047619047616,0.0,0.0,0.043478260869565216,0.0
14839,Fang Qian,2040,0.0374,2030.0,2030.0,0.0,Dream Pop,Solo,0,1,1,0.0,1,4,0.0,1,1,0,0,0,1,1,0.0,0.0,0.0,0,0,0.0,0.041666666666666664,0.17391304347826086,0.0,0.0,0.047619047619047616,0.0,0.0,0.043478260869565216,0.0
3493,Qiang Chen,2040,0.0374,2030.0,2030.0,0.0,Indie Folk,Solo,0,1,1,0.0,1,4,0.0,1,1,0,0,0,1,1,0.0,0.0,0.0,0,0,0.0,0.041666666666666664,0.17391304347826086,0.0,0.0,0.047619047619047616,0.0,0.0,0.043478260869565216,0.0
8506,Brian Olsen,2046,0.0371,2028.0,2028.0,0.0,Space Rock,Solo,0,1,1,0.0,3,1,0.0,0,1,0,0,0,2,2,0.3333,0.0,0.6666666666666666,0,2,0.0,0.125,0.043478260869565216,0.0,0.0,0.0,0.0,0.0,0.08695652173913043,0.5
11444,Robert Strickland,2047,0.037,2026.0,2026.0,0.0,Dream Pop,Solo,0,1,1,0.0,4,0,0.0,0,1,0,0,0,4,1,0.0,0.0,0.0,0,0,0.0,0.16666666666666666,0.0,0.0,0.0,0.0,0.0,0.0,0.17391304347826086,0.0
10830,Jie Tang,2048,0.0367,2032.0,2032.0,0.0,Space Rock,Solo,0,1,1,0.0,2,3,0.0,0,1,0,0,0,2,1,0.0,0.0,0.0,0,0,0.0,0.08333333333333333,0.13043478260869565,0.0,0.0,0.0,0.0,0.0,0.08695652173913043,0.0
2527,Joel Foster,2048,0.0367,2028.0,2028.0,0.0,Alternative Rock,Solo,0,1,1,0.0,2,3,0.0,0,1,0,0,0,2,1,0.0,0.0,0.0,0,0,0.0,0.08333333333333333,0.13043478260869565,0.0,0.0,0.0,0.0,0.0,0.08695652173913043,0.0
10154,Lei Jiang,2048,0.0367,2027.0,2027.0,0.0,Psychedelic Rock,Solo,0,1,1,0.0,2,3,0.0,0,1,0,0,0,2,1,0.0,0.0,0.0,0,0,0.0,0.08333333333333333,0.13043478260869565,0.0,0.0,0.0,0.0,0.0,0.08695652173913043,0.0
10829,Gang He,2048,0.0367,2032.0,2032.0,0.0,Space Rock,Solo,0,1,1,0.0,2,3,0.0,0,1,0,0,0,2,1,0.0,0.0,0.0,0,0,0.0,0.08333333333333333,0.13043478260869565,0.0,0.0,0.0,0.0,0.0,0.08695652173913043,0.0
12561,Tao Lai,2048,0.0367,2026.0,2026.0,0.0,Dream Pop,Solo,0,1,1,0.0,2,3,0.0,0,1,0,0,0,2,1,0.0,0.0,0.0,0,0,0.0,0.08333333333333333,0.13043478260869565,0.0,0.0,0.0,0.0,0.0,0.08695652173913043,0.0
10827, Marco Sun,2048,0.0367,2032.0,2032.0,0.0,Space Rock,Solo,0,1,1,0.0,2,3,0.0,0,1,0,0,0,2,1,0.0,0.0,0.0,0,0,0.0,0.08333333333333333,0.13043478260869565,0.0,0.0,0.0,0.0,0.0,0.08695652173913043,0.0
14257,Christopher Hill,2048,0.0367,2026.0,2026.0,0.0,Dream Pop,Solo,0,1,1,0.0,2,3,0.0,0,1,0,0,0,2,1,0.0,0.0,0.0,0,0,0.0,0.08333333333333333,0.13043478260869565,0.0,0.0,0.0,0.0,0.0,0.08695652173913043,0.0
14261,Nicole Smith,2048,0.0367,2026.0,2026.0,0.0,Dream Pop,Solo,0,1,1,0.0,2,3,0.0,0,1,0,0,0,2,1,0.0,0.0,0.0,0,0,0.0,0.08333333333333333,0.13043478260869565,0.0,0.0,0.0,0.0,0.0,0.08695652173913043,0.0
16593,Xiuying Xia,2048,0.0367,2026.0,2026.0,0.0,Americana,Solo,0,1,1,0.0,2,3,0.0,0,1,0,0,0,2,1,0.0,0.0,0.0,0,0,0.0,0.08333333333333333,0.13043478260869565,0.0,0.0,0.0,0.0,0.0,0.08695652173913043,0.0
12563,Qiang Li,2048,0.0367,2026.0,2026.0,0.0,Dream Pop,Solo,0,1,1,0.0,2,3,0.0,0,1,0,0,0,2,1,0.0,0.0,0.0,0,0,0.0,0.08333333333333333,0.13043478260869565,0.0,0.0,0.0,0.0,0.0,0.08695652173913043,0.0
10764,Michael Buchanan,2048,0.0367,2028.0,2028.0,0.0,Symphonic Metal,Solo,0,1,1,0.0,2,3,0.0,0,1,0,0,0,2,1,0.0,0.0,0.0,0,0,0.0,0.08333333333333333,0.13043478260869565,0.0,0.0,0.0,0.0,0.0,0.08695652173913043,0.0
12562,Yang Cui,2048,0.0367,2026.0,2026.0,0.0,Dream Pop,Solo,0,1,1,0.0,2,3,0.0,0,1,0,0,0,2,1,0.0,0.0,0.0,0,0,0.0,0.08333333333333333,0.13043478260869565,0.0,0.0,0.0,0.0,0.0,0.08695652173913043,0.0
14259,Ryan Conley,2048,0.0367,2026.0,2026.0,0.0,Dream Pop,Solo,0,1,1,0.0,2,3,0.0,0,1,0,0,0,2,1,0.0,0.0,0.0,0,0,0.0,0.08333333333333333,0.13043478260869565,0.0,0.0,0.0,0.0,0.0,0.08695652173913043,0.0
16594,Tao Ren,2048,0.0367,2026.0,2026.0,0.0,Americana,Solo,0,1,1,0.0,2,3,0.0,0,1,0,0,0,2,1,0.0,0.0,0.0,0,0,0.0,0.08333333333333333,0.13043478260869565,0.0,0.0,0.0,0.0,0.0,0.08695652173913043,0.0
16320,Debra Richards,2048,0.0367,2026.0,2026.0,0.0,Dream Pop,Solo,0,0,1,0.0,2,0,0.0,0,1,1,1,0,1,2,0.0,0.0,0.0,0,0,0.0,0.08333333333333333,0.0,0.0,0.0,0.0,0.0,0.25,0.043478260869565216,0.5
14258,Carl Serrano,2048,0.0367,2026.0,2026.0,0.0,Dream Pop,Solo,0,1,1,0.0,2,3,0.0,0,1,0,0,0,2,1,0.0,0.0,0.0,0,0,0.0,0.08333333333333333,0.13043478260869565,0.0,0.0,0.0,0.0,0.0,0.08695652173913043,0.0
12560,Juan Chen,2048,0.0367,2026.0,2026.0,0.0,Dream Pop,Solo,0,1,1,0.0,2,3,0.0,0,1,0,0,0,2,1,0.0,0.0,0.0,0,0,0.0,0.08333333333333333,0.13043478260869565,0.0,0.0,0.0,0.0,0.0,0.08695652173913043,0.0
16596,Xiuying Zeng,2048,0.0367,2026.0,2026.0,0.0,Americana,Solo,0,1,1,0.0,2,3,0.0,0,1,0,0,0,2,1,0.0,0.0,0.0,0,0,0.0,0.08333333333333333,0.13043478260869565,0.0,0.0,0.0,0.0,0.0,0.08695652173913043,0.0
2526,Kimberly Thomas,2048,0.0367,2028.0,2028.0,0.0,Alternative Rock,Solo,0,1,1,0.0,2,3,0.0,0,1,0,0,0,2,1,0.0,0.0,0.0,0,0,0.0,0.08333333333333333,0.13043478260869565,0.0,0.0,0.0,0.0,0.0,0.08695652173913043,0.0
10622,Dale Suarez,2067,0.0364,2028.0,2028.0,0.0,Alternative Rock,Solo,0,1,1,0.0,1,2,0.0,0,1,1,1,0,1,1,0.0,0.0,0.0,0,0,0.0,0.041666666666666664,0.08695652173913043,0.0,0.0,0.0,0.0,0.25,0.043478260869565216,0.0
4479,Victoria Carpaccio,2067,0.0364,2027.0,2027.0,0.0,Dream Pop,Solo,0,1,1,0.0,1,2,0.0,0,1,1,1,0,1,1,0.0,0.0,0.0,0,0,0.0,0.041666666666666664,0.08695652173913043,0.0,0.0,0.0,0.0,0.25,0.043478260869565216,0.0
5836,Jing Gu,2067,0.0364,2029.0,2029.0,0.0,Desert Rock,Solo,0,1,1,0.0,1,2,0.0,0,1,1,1,0,1,1,0.0,0.0,0.0,0,0,0.0,0.041666666666666664,0.08695652173913043,0.0,0.0,0.0,0.0,0.25,0.043478260869565216,0.0
15392,Li Tan,2067,0.0364,2026.0,2026.0,0.0,Synthwave,Solo,0,1,1,0.0,1,2,0.0,0,1,1,1,0,1,1,0.0,0.0,0.0,0,0,0.0,0.041666666666666664,0.08695652173913043,0.0,0.0,0.0,0.0,0.25,0.043478260869565216,0.0
10623,Jie Wang,2067,0.0364,2028.0,2028.0,0.0,Alternative Rock,Solo,0,1,1,0.0,1,2,0.0,0,1,1,1,0,1,1,0.0,0.0,0.0,0,0,0.0,0.041666666666666664,0.08695652173913043,0.0,0.0,0.0,0.0,0.25,0.043478260869565216,0.0
8878,Lawrence Guzman,2067,0.0364,2029.0,2029.0,0.0,Indie Folk,Solo,0,1,1,0.0,1,2,0.0,0,1,1,1,0,1,1,0.0,0.0,0.0,0,0,0.0,0.041666666666666664,0.08695652173913043,0.0,0.0,0.0,0.0,0.25,0.043478260869565216,0.0
15393,Fang Liang,2067,0.0364,2026.0,2026.0,0.0,Synthwave,Solo,0,1,1,0.0,1,2,0.0,0,1,1,1,0,1,1,0.0,0.0,0.0,0,0,0.0,0.041666666666666664,0.08695652173913043,0.0,0.0,0.0,0.0,0.25,0.043478260869565216,0.0
14319,Yang Hu,2067,0.0364,2027.0,2027.0,0.0,Psychedelic Rock,Solo,0,1,1,0.0,1,2,0.0,0,1,1,1,0,1,1,0.0,0.0,0.0,0,0,0.0,0.041666666666666664,0.08695652173913043,0.0,0.0,0.0,0.0,0.25,0.043478260869565216,0.0
14560,Guiying Peng,2067,0.0364,2030.0,2030.0,0.0,Synthwave,Solo,0,1,1,0.0,1,2,0.0,0,1,1,1,0,1,1,0.0,0.0,0.0,0,0,0.0,0.041666666666666664,0.08695652173913043,0.0,0.0,0.0,0.0,0.25,0.043478260869565216,0.0
14561,Xiulan Du,2067,0.0364,2030.0,2030.0,0.0,Synthwave,Solo,0,1,1,0.0,1,2,0.0,0,1,1,1,0,1,1,0.0,0.0,0.0,0,0,0.0,0.041666666666666664,0.08695652173913043,0.0,0.0,0.0,0.0,0.25,0.043478260869565216,0.0
1998,Yang Yuan,2067,0.0364,2026.0,2026.0,0.0,Dream Pop,Solo,0,1,1,0.0,1,2,0.0,0,1,1,1,0,1,1,0.0,0.0,0.0,0,0,0.0,0.041666666666666664,0.08695652173913043,0.0,0.0,0.0,0.0,0.25,0.043478260869565216,0.0
10785,Terry Castillo,2067,0.0364,2026.0,2026.0,0.0,Synthwave,Solo,0,1,1,0.0,1,2,0.0,0,1,1,1,0,1,1,0.0,0.0,0.0,0,0,0.0,0.041666666666666664,0.08695652173913043,0.0,0.0,0.0,0.0,0.25,0.043478260869565216,0.0
2000,Min Lai,2067,0.0364,2026.0,2026.0,0.0,Dream Pop,Solo,0,1,1,0.0,1,2,0.0,0,1,1,1,0,1,1,0.0,0.0,0.0,0,0,0.0,0.041666666666666664,0.08695652173913043,0.0,0.0,0.0,0.0,0.25,0.043478260869565216,0.0
10677, Echo Phoenix,2067,0.0364,2026.0,2026.0,0.0,Alternative Rock,Solo,0,1,1,0.0,1,2,0.0,0,1,1,1,0,1,1,0.0,0.0,0.0,0,0,0.0,0.041666666666666664,0.08695652173913043,0.0,0.0,0.0,0.0,0.25,0.043478260869565216,0.0
10680,Timothy Sanders,2067,0.0364,2026.0,2026.0,0.0,Alternative Rock,Solo,0,1,1,0.0,1,2,0.0,0,1,1,1,0,1,1,0.0,0.0,0.0,0,0,0.0,0.041666666666666664,0.08695652173913043,0.0,0.0,0.0,0.0,0.25,0.043478260869565216,0.0
9002,Li Wei,2067,0.0364,2029.0,2029.0,0.0,Indie Pop,Solo,0,1,1,0.0,1,2,0.0,0,1,1,1,0,1,1,0.0,0.0,0.0,0,0,0.0,0.041666666666666664,0.08695652173913043,0.0,0.0,0.0,0.0,0.25,0.043478260869565216,0.0
9913,Q. DYNAMIK,2067,0.0364,2026.0,2026.0,0.0,Oceanus Folk,Solo,0,1,1,0.0,1,2,0.0,0,1,1,1,0,1,1,0.5,1.0,0.0,1,0,0.0,0.041666666666666664,0.08695652173913043,0.0,0.0,0.0,0.0,0.25,0.043478260869565216,0.0
11862,Shannon Castro,2067,0.0364,2026.0,2026.0,0.0,Dream Pop,Solo,0,1,1,0.0,1,2,0.0,0,1,1,1,0,1,1,0.0,0.0,0.0,0,0,0.0,0.041666666666666664,0.08695652173913043,0.0,0.0,0.0,0.0,0.25,0.043478260869565216,0.0
15012,Li Chang,2067,0.0364,2026.0,2026.0,0.0,Psychedelic Rock,Solo,0,1,1,0.0,1,2,0.0,0,1,1,1,0,1,1,0.0,0.0,0.0,0,0,0.0,0.041666666666666664,0.08695652173913043,0.0,0.0,0.0,0.0,0.25,0.043478260869565216,0.0
11863,Christopher Hardy,2067,0.0364,2026.0,2026.0,0.0,Dream Pop,Solo,0,1,1,0.0,1,2,0.0,0,1,1,1,0,1,1,0.0,0.0,0.0,0,0,0.0,0.041666666666666664,0.08695652173913043,0.0,0.0,0.0,0.0,0.25,0.043478260869565216,0.0
15013,Ming Chang,2067,0.0364,2026.0,2026.0,0.0,Psychedelic Rock,Solo,0,1,1,0.0,1,2,0.0,0,1,1,1,0,1,1,0.0,0.0,0.0,0,0,0.0,0.041666666666666664,0.08695652173913043,0.0,0.0,0.0,0.0,0.25,0.043478260869565216,0.0
5130,William Francis,2067,0.0364,2026.0,2026.0,0.0,Indie Folk,Solo,0,1,1,0.0,1,2,0.0,0,1,1,1,0,1,1,0.0,0.0,0.0,0,0,0.0,0.041666666666666664,0.08695652173913043,0.0,0.0,0.0,0.0,0.25,0.043478260869565216,0.0
10784,Tao Shao,2067,0.0364,2026.0,2026.0,0.0,Synthwave,Solo,0,1,1,0.0,1,2,0.0,0,1,1,1,0,1,1,0.0,0.0,0.0,0,0,0.0,0.041666666666666664,0.08695652173913043,0.0,0.0,0.0,0.0,0.25,0.043478260869565216,0.0
15140,Xiuying Cheng,2067,0.0364,2028.0,2028.0,0.0,Synthwave,Solo,0,1,1,0.0,1,2,0.0,0,1,1,1,0,1,1,0.0,0.0,0.0,0,0,0.0,0.041666666666666664,0.08695652173913043,0.0,0.0,0.0,0.0,0.25,0.043478260869565216,0.0
10678,Feral Aria,2067,0.0364,2026.0,2026.0,0.0,Alternative Rock,Solo,0,1,1,0.0,1,2,0.0,0,1,1,1,0,1,1,0.0,0.0,0.0,0,0,0.0,0.041666666666666664,0.08695652173913043,0.0,0.0,0.0,0.0,0.25,0.043478260869565216,0.0
5127,Justin Morales,2067,0.0364,2026.0,2026.0,0.0,Indie Folk,Solo,0,1,1,0.0,1,2,0.0,0,1,1,1,0,1,1,0.0,0.0,0.0,0,0,0.0,0.041666666666666664,0.08695652173913043,0.0,0.0,0.0,0.0,0.25,0.043478260869565216,0.0
2605,Frederick Jackson Jr.,2067,0.0364,2026.0,2026.0,0.0,Dream Pop,Solo,0,1,1,0.0,1,2,0.0,0,1,1,1,0,1,1,0.0,0.0,0.0,0,0,0.0,0.041666666666666664,0.08695652173913043,0.0,0.0,0.0,0.0,0.25,0.043478260869565216,0.0
9914,Jie Wan,2067,0.0364,2026.0,2026.0,0.0,Oceanus Folk,Solo,0,1,1,0.0,1,2,0.0,0,1,1,1,0,1,1,0.5,1.0,0.0,1,0,0.0,0.041666666666666664,0.08695652173913043,0.0,0.0,0.0,0.0,0.25,0.043478260869565216,0.0
5835,Gregory Hansen,2067,0.0364,2029.0,2029.0,0.0,Desert Rock,Solo,0,1,1,0.0,1,2,0.0,0,1,1,1,0,1,1,0.0,0.0,0.0,0,0,0.0,0.041666666666666664,0.08695652173913043,0.0,0.0,0.0,0.0,0.25,0.043478260869565216,0.0
16077,Na Xiang,2067,0.0364,2028.0,2028.0,0.0,Lo-Fi Electronica,Solo,0,1,1,0.0,1,2,0.0,0,1,1,1,0,1,1,0.0,0.0,0.0,0,0,0.0,0.041666666666666664,0.08695652173913043,0.0,0.0,0.0,0.0,0.25,0.043478260869565216,0.0
6490,Chao Qiao,2067,0.0364,2027.0,2027.0,0.0,Space Rock,Solo,0,1,1,0.0,1,2,0.0,0,1,1,1,0,1,1,0.5,0.0,1.0,0,1,0.0,0.041666666666666664,0.08695652173913043,0.0,0.0,0.0,0.0,0.25,0.043478260869565216,0.0
3952,Lei Lai,2067,0.0364,2026.0,2026.0,0.0,Americana,Solo,0,1,1,0.0,1,2,0.0,0,1,1,1,0,1,1,0.0,0.0,0.0,0,0,0.0,0.041666666666666664,0.08695652173913043,0.0,0.0,0.0,0.0,0.25,0.043478260869565216,0.0
7385,Gina Miller,2067,0.0364,2030.0,2030.0,0.0,Americana,Solo,0,1,1,0.0,1,2,0.0,0,1,1,1,0,1,1,0.0,0.0,0.0,0,0,0.0,0.041666666666666664,0.08695652173913043,0.0,0.0,0.0,0.0,0.25,0.043478260869565216,0.0
7384,Rafael Hoz Pizarro,2067,0.0364,2030.0,2030.0,0.0,Americana,Solo,0,1,1,0.0,1,2,0.0,0,1,1,1,0,1,1,0.0,0.0,0.0,0,0,0.0,0.041666666666666664,0.08695652173913043,0.0,0.0,0.0,0.0,0.25,0.043478260869565216,0.0
16118,Damini Wable,2067,0.0364,2026.0,2026.0,0.0,Alternative Rock,Solo,0,1,1,0.0,1,2,0.0,0,1,1,1,0,1,1,0.0,0.0,0.0,0,0,0.0,0.041666666666666664,0.08695652173913043,0.0,0.0,0.0,0.0,0.25,0.043478260869565216,0.0
782,Sara Seguí Vallés,2067,0.0364,2025.0,2025.0,0.0,Alternative Rock,Solo,0,1,1,0.0,1,2,0.0,0,1,1,1,0,1,1,0.0,0.0,0.0,0,0,0.0,0.041666666666666664,0.08695652173913043,0.0,0.0,0.0,0.0,0.25,0.043478260869565216,0.0
7383,Jivika Keer,2067,0.0364,2030.0,2030.0,0.0,Americana,Solo,0,1,1,0.0,1,2,0.0,0,1,1,1,0,1,1,0.0,0.0,0.0,0,0,0.0,0.041666666666666664,0.08695652173913043,0.0,0.0,0.0,0.0,0.25,0.043478260869565216,0.0
8046,Ming Shen,2067,0.0364,2026.0,2026.0,0.0,Dream Pop,Solo,0,1,1,0.0,1,2,0.0,0,1,1,1,0,1,1,0.0,0.0,0.0,0,0,0.0,0.041666666666666664,0.08695652173913043,0.0,0.0,0.0,0.0,0.25,0.043478260869565216,0.0
15990,Debra Wolfe,2067,0.0364,2028.0,2028.0,0.0,Symphonic Metal,Solo,0,1,1,0.0,1,2,0.0,0,1,1,1,0,1,1,0.5,0.0,1.0,0,1,0.0,0.041666666666666664,0.08695652173913043,0.0,0.0,0.0,0.0,0.25,0.043478260869565216,0.0
16076,Yang Lei,2067,0.0364,2028.0,2028.0,0.0,Lo-Fi Electronica,Solo,0,1,1,0.0,1,2,0.0,0,1,1,1,0,1,1,0.0,0.0,0.0,0,0,0.0,0.041666666666666664,0.08695652173913043,0.0,0.0,0.0,0.0,0.25,0.043478260869565216,0.0
6373,Qiang Han,2067,0.0364,2027.0,2027.0,0.0,Dream Pop,Solo,0,1,1,0.0,1,2,0.0,0,1,1,1,0,1,1,0.0,0.0,0.0,0,0,0.0,0.041666666666666664,0.08695652173913043,0.0,0.0,0.0,0.0,0.25,0.043478260869565216,0.0
6374,Wei Shao,2067,0.0364,2027.0,2027.0,0.0,Dream Pop,Solo,0,1,1,0.0,1,2,0.0,0,1,1,1,0,1,1,0.0,0.0,0.0,0,0,0.0,0.041666666666666664,0.08695652173913043,0.0,0.0,0.0,0.0,0.25,0.043478260869565216,0.0
4109,Jason Green,2067,0.0364,2028.0,2028.0,0.0,Indie Folk,Solo,0,1,1,0.0,1,2,0.0,0,1,1,1,0,1,1,0.0,0.0,0.0,0,0,0.0,0.041666666666666664,0.08695652173913043,0.0,0.0,0.0,0.0,0.25,0.043478260869565216,0.0
4110,Christina Dalton,2067,0.0364,2028.0,2028.0,0.0,Indie Folk,Solo,0,1,1,0.0,1,2,0.0,0,1,1,1,0,1,1,0.0,0.0,0.0,0,0,0.0,0.041666666666666664,0.08695652173913043,0.0,0.0,0.0,0.0,0.25,0.043478260869565216,0.0
16071,Jing Yao,2067,0.0364,2029.0,2029.0,0.0,Space Rock,Solo,0,1,1,0.0,1,2,0.0,0,1,1,1,0,1,1,0.0,0.0,0.0,0,0,0.0,0.041666666666666664,0.08695652173913043,0.0,0.0,0.0,0.0,0.25,0.043478260869565216,0.0
16074,Wei Xiong,2067,0.0364,2029.0,2029.0,0.0,Space Rock,Solo,0,1,1,0.0,1,2,0.0,0,1,1,1,0,1,1,0.0,0.0,0.0,0,0,0.0,0.041666666666666664,0.08695652173913043,0.0,0.0,0.0,0.0,0.25,0.043478260869565216,0.0
8047,Ming Xiao,2067,0.0364,2026.0,2026.0,0.0,Dream Pop,Solo,0,1,1,0.0,1,2,0.0,0,1,1,1,0,1,1,0.0,0.0,0.0,0,0,0.0,0.041666666666666664,0.08695652173913043,0.0,0.0,0.0,0.0,0.25,0.043478260869565216,0.0
3684,Mirrored Silence,2067,0.0364,2029.0,2029.0,0.0,Dream Pop,Solo,0,1,1,0.0,1,2,0.0,0,1,1,1,0,1,1,0.0,0.0,0.0,0,0,0.0,0.041666666666666664,0.08695652173913043,0.0,0.0,0.0,0.0,0.25,0.043478260869565216,0.0
3685,Min Yu,2067,0.0364,2029.0,2029.0,0.0,Dream Pop,Solo,0,1,1,0.0,1,2,0.0,0,1,1,1,0,1,1,0.0,0.0,0.0,0,0,0.0,0.041666666666666664,0.08695652173913043,0.0,0.0,0.0,0.0,0.25,0.043478260869565216,0.0
7991,Jie Lai,2067,0.0364,2025.0,2025.0,0.0,Indie Rock,Solo,0,1,1,0.0,1,2,0.0,0,1,1,1,0,1,1,0.0,0.0,0.0,0,0,0.0,0.041666666666666664,0.08695652173913043,0.0,0.0,0.0,0.0,0.25,0.043478260869565216,0.0
8048,Andrew Nolan,2067,0.0364,2026.0,2026.0,0.0,Dream Pop,Solo,0,1,1,0.0,1,2,0.0,0,1,1,1,0,1,1,0.0,0.0,0.0,0,0,0.0,0.041666666666666664,0.08695652173913043,0.0,0.0,0.0,0.0,0.25,0.043478260869565216,0.0
10177,Min Fan,2067,0.0364,2028.0,2028.0,0.0,Doom Metal,Solo,0,1,1,0.0,1,2,0.0,0,1,1,1,0,1,1,0.0,0.0,0.0,0,0,0.0,0.041666666666666664,0.08695652173913043,0.0,0.0,0.0,0.0,0.25,0.043478260869565216,0.0
783,Mar Abril Balaguer,2067,0.0364,2025.0,2025.0,0.0,Alternative Rock,Solo,0,1,1,0.0,1,2,0.0,0,1,1,1,0,1,1,0.0,0.0,0.0,0,0,0.0,0.041666666666666664,0.08695652173913043,0.0,0.0,0.0,0.0,0.25,0.043478260869565216,0.0
9128,Jie Liang,2067,0.0364,2025.0,2025.0,0.0,Desert Rock,Solo,0,1,1,0.0,1,2,0.0,0,1,1,1,0,1,1,0.0,0.0,0.0,0,0,0.0,0.041666666666666664,0.08695652173913043,0.0,0.0,0.0,0.0,0.25,0.043478260869565216,0.0
8486,Manjari Varty,2067,0.0364,2026.0,2026.0,0.0,Indie Folk,Solo,0,1,1,0.0,1,2,0.0,0,1,1,1,0,1,1,0.0,0.0,0.0,0,0,0.0,0.041666666666666664,0.08695652173913043,0.0,0.0,0.0,0.0,0.25,0.043478260869565216,0.0
5834,Wei Ren,2067,0.0364,2029.0,2029.0,0.0,Desert Rock,Solo,0,1,1,0.0,1,2,0.0,0,1,1,1,0,1,1,0.0,0.0,0.0,0,0,0.0,0.041666666666666664,0.08695652173913043,0.0,0.0,0.0,0.0,0.25,0.043478260869565216,0.0
11563,Michelle Atkins,2067,0.0364,2025.0,2025.0,0.0,Southern Gothic Rock,Solo,0,1,1,0.0,1,2,0.0,0,1,1,1,0,1,1,0.0,0.0,0.0,0,0,0.0,0.041666666666666664,0.08695652173913043,0.0,0.0,0.0,0.0,0.25,0.043478260869565216,0.0
9126,Michael Glenn,2067,0.0364,2025.0,2025.0,0.0,Desert Rock,Solo,0,1,1,0.0,1,2,0.0,0,1,1,1,0,1,1,0.0,0.0,0.0,0,0,0.0,0.041666666666666664,0.08695652173913043,0.0,0.0,0.0,0.0,0.25,0.043478260869565216,0.0
13265,Yong Zhao,2067,0.0364,2026.0,2026.0,0.0,Jazz Surf Rock,Solo,0,1,1,0.0,1,2,0.0,0,1,1,1,0,1,1,0.0,0.0,0.0,0,0,0.0,0.041666666666666664,0.08695652173913043,0.0,0.0,0.0,0.0,0.25,0.043478260869565216,0.0
3953,Ping Dong,2067,0.0364,2026.0,2026.0,0.0,Americana,Solo,0,1,1,0.0,1,2,0.0,0,1,1,1,0,1,1,0.0,0.0,0.0,0,0,0.0,0.041666666666666664,0.08695652173913043,0.0,0.0,0.0,0.0,0.25,0.043478260869565216,0.0
3955,Monica Blevins,2067,0.0364,2026.0,2026.0,0.0,Americana,Solo,0,1,1,0.0,1,2,0.0,0,1,1,1,0,1,1,0.0,0.0,0.0,0,0,0.0,0.041666666666666664,0.08695652173913043,0.0,0.0,0.0,0.0,0.25,0.043478260869565216,0.0
8485,Devansh Bakshi,2067,0.0364,2026.0,2026.0,0.0,Indie Folk,Solo,0,1,1,0.0,1,2,0.0,0,1,1,1,0,1,1,0.0,0.0,0.0,0,0,0.0,0.041666666666666664,0.08695652173913043,0.0,0.0,0.0,0.0,0.25,0.043478260869565216,0.0
13263,Lei Lin,2067,0.0364,2026.0,2026.0,0.0,Jazz Surf Rock,Solo,0,1,1,0.0,1,2,0.0,0,1,1,1,0,1,1,0.0,0.0,0.0,0,0,0.0,0.041666666666666664,0.08695652173913043,0.0,0.0,0.0,0.0,0.25,0.043478260869565216,0.0
4353,Yang Mo,2067,0.0364,2028.0,2028.0,0.0,Oceanus Folk,Solo,0,1,1,0.0,1,2,0.0,0,1,1,1,0,1,1,0.5,1.0,0.0,1,0,0.0,0.041666666666666664,0.08695652173913043,0.0,0.0,0.0,0.0,0.25,0.043478260869565216,0.0
16694,Yong Cao,2067,0.0364,2026.0,2026.0,0.0,Space Rock,Solo,0,1,1,0.0,1,2,0.0,0,1,1,1,0,1,1,0.0,0.0,0.0,0,0,0.0,0.041666666666666664,0.08695652173913043,0.0,0.0,0.0,0.0,0.25,0.043478260869565216,0.0
8879,Yang Hou,2067,0.0364,2029.0,2029.0,0.0,Indie Folk,Solo,0,1,1,0.0,1,2,0.0,0,1,1,1,0,1,1,0.0,0.0,0.0,0,0,0.0,0.041666666666666664,0.08695652173913043,0.0,0.0,0.0,0.0,0.25,0.043478260869565216,0.0
16693,Yan Zhu,2067,0.0364,2026.0,2026.0,0.0,Space Rock,Solo,0,1,1,0.0,1,2,0.0,0,1,1,1,0,1,1,0.0,0.0,0.0,0,0,0.0,0.041666666666666664,0.08695652173913043,0.0,0.0,0.0,0.0,0.25,0.043478260869565216,0.0
512,Aniela Wszoła,2067,0.0364,2028.0,2028.0,0.0,Alternative Rock,Solo,0,1,1,0.0,1,2,0.0,0,1,1,1,0,1,1,0.0,0.0,0.0,0,0,0.0,0.041666666666666664,0.08695652173913043,0.0,0.0,0.0,0.0,0.25,0.043478260869565216,0.0
7087,Yong Fu,2067,0.0364,2025.0,2025.0,0.0,Synthwave,Solo,0,1,1,0.0,1,2,0.0,0,1,1,1,0,1,1,0.0,0.0,0.0,0,0,0.0,0.041666666666666664,0.08695652173913043,0.0,0.0,0.0,0.0,0.25,0.043478260869565216,0.0
12845,Gang Dong,2067,0.0364,2025.0,2025.0,0.0,Indie Folk,Solo,0,0,1,0.0,1,2,0.0,0,1,1,1,0,1,1,0.0,0.0,0.0,0,0,0.0,0.041666666666666664,0.08695652173913043,0.0,0.0,0.0,0.0,0.25,0.043478260869565216,0.0
7088,Jie Yi,2067,0.0364,2025.0,2025.0,0.0,Synthwave,Solo,0,1,1,0.0,1,2,0.0,0,1,1,1,0,1,1,0.0,0.0,0.0,0,0,0.0,0.041666666666666664,0.08695652173913043,0.0,0.0,0.0,0.0,0.25,0.043478260869565216,0.0
15733,Fang Qiu,2067,0.0364,2029.0,2029.0,0.0,Space Rock,Solo,0,1,1,0.0,1,2,0.0,0,1,1,1,0,1,1,0.0,0.0,0.0,0,0,0.0,0.041666666666666664,0.08695652173913043,0.0,0.0,0.0,0.0,0.25,0.043478260869565216,0.0
7008,Sandra Smith,2139,0.0357,2026.0,2026.0,0.0,Darkwave,Solo,0,1,1,0.0,2,2,0.0,0,1,0,0,0,2,2,0.0,0.0,0.0,0,0,0.0,0.08333333333333333,0.08695652173913043,0.0,0.0,0.0,0.0,0.0,0.08695652173913043,0.5
16359,Richard Rodriguez,2139,0.0357,2029.0,2029.0,0.0,Dream Pop,Solo,0,1,1,0.0,2,2,0.0,0,1,0,0,0,2,2,0.0,0.0,0.0,0,0,0.0,0.08333333333333333,0.08695652173913043,0.0,0.0,0.0,0.0,0.0,0.08695652173913043,0.5
13690,Pamela Ayala,2139,0.0357,2027.0,2027.0,0.0,Dream Pop,Solo,0,1,1,0.0,2,2,0.0,0,1,0,0,0,2,2,0.0,0.0,0.0,0,0,0.0,0.08333333333333333,0.08695652173913043,0.0,0.0,0.0,0.0,0.0,0.08695652173913043,0.5
1712,Chao Han,2139,0.0357,2026.0,2026.0,0.0,Synthwave,Solo,0,1,1,0.0,2,2,0.0,0,1,0,0,0,2,2,0.0,0.0,0.0,0,0,0.0,0.08333333333333333,0.08695652173913043,0.0,0.0,0.0,0.0,0.0,0.08695652173913043,0.5
13234,Gang Lin,2139,0.0357,2025.0,2025.0,0.0,Dream Pop,Solo,0,1,1,0.0,2,2,0.0,0,1,0,0,0,2,2,0.25,0.0,0.5,0,1,0.0,0.08333333333333333,0.08695652173913043,0.0,0.0,0.0,0.0,0.0,0.08695652173913043,0.5
15721,Xiuying Qian,2139,0.0357,2027.0,2027.0,0.0,Jazz Surf Rock,Solo,0,1,1,0.0,2,2,0.0,0,1,0,0,0,2,2,0.0,0.0,0.0,0,0,0.0,0.08333333333333333,0.08695652173913043,0.0,0.0,0.0,0.0,0.0,0.08695652173913043,0.5
8706,David Singleton,2139,0.0357,2029.0,2029.0,0.0,Jazz Surf Rock,Solo,0,1,1,0.0,2,2,0.0,0,1,0,0,0,2,2,0.0,0.0,0.0,0,0,0.0,0.08333333333333333,0.08695652173913043,0.0,0.0,0.0,0.0,0.0,0.08695652173913043,0.5
506,Erin Mitchell,2139,0.0357,2028.0,2028.0,0.0,Dream Pop,Solo,0,1,1,0.0,2,2,0.0,0,1,0,0,0,2,2,0.0,0.0,0.0,0,0,0.0,0.08333333333333333,0.08695652173913043,0.0,0.0,0.0,0.0,0.0,0.08695652173913043,0.5
16358,Fang Luo,2139,0.0357,2029.0,2029.0,0.0,Dream Pop,Solo,0,1,1,0.0,2,2,0.0,0,1,0,0,0,2,2,0.0,0.0,0.0,0,0,0.0,0.08333333333333333,0.08695652173913043,0.0,0.0,0.0,0.0,0.0,0.08695652173913043,0.5
8432,Ping Gong,2148,0.0354,2027.0,2027.0,0.0,Post-Apocalyptic Folk,Solo,0,1,1,0.0,0,5,0.0,0,1,0,0,0,0,2,0.0,0.0,0.0,0,0,0.0,0.0,0.21739130434782608,0.0,0.0,0.0,0.0,0.0,0.0,0.5
1900,Jun Guo,2149,0.0353,2028.0,2028.0,0.0,Dream Pop,Solo,0,1,1,0.0,1,1,0.0,0,1,1,1,0,1,2,0.0,0.0,0.0,0,0,0.0,0.041666666666666664,0.043478260869565216,0.0,0.0,0.0,0.0,0.25,0.043478260869565216,0.5
14407,Jennifer Tate,2149,0.0353,2026.0,2026.0,0.0,Dream Pop,Solo,0,1,1,0.0,1,1,0.0,0,1,1,1,0,1,2,0.0,0.0,0.0,0,0,0.0,0.041666666666666664,0.043478260869565216,0.0,0.0,0.0,0.0,0.25,0.043478260869565216,0.5
16463,The Lost Vanguard,2149,0.0353,2028.0,2028.0,0.0,Dream Pop,Solo,0,1,1,0.0,1,1,0.0,0,1,1,1,0,1,2,0.0,0.0,0.0,0,0,0.0,0.041666666666666664,0.043478260869565216,0.0,0.0,0.0,0.0,0.25,0.043478260869565216,0.5
4952,Heinz-Gerd Klapp,2149,0.0353,2025.0,2025.0,0.0,Americana,Solo,0,1,1,0.0,1,1,0.0,0,1,1,1,0,1,2,0.0,0.0,0.0,0,0,0.0,0.041666666666666664,0.043478260869565216,0.0,0.0,0.0,0.0,0.25,0.043478260869565216,0.5
10005,Chao Zhao,2149,0.0353,2026.0,2026.0,0.0,Symphonic Metal,Solo,0,1,1,0.0,1,1,0.0,0,1,1,1,0,1,2,0.0,0.0,0.0,0,0,0.0,0.041666666666666664,0.043478260869565216,0.0,0.0,0.0,0.0,0.25,0.043478260869565216,0.5
6689,Susanna Raimondi,2149,0.0353,2026.0,2026.0,0.0,Synthwave,Solo,0,1,1,0.0,1,1,0.0,0,1,1,1,0,1,2,0.0,0.0,0.0,0,0,0.0,0.041666666666666664,0.043478260869565216,0.0,0.0,0.0,0.0,0.25,0.043478260869565216,0.5
9242,Reyansh Bir,2149,0.0353,2026.0,2026.0,0.0,Alternative Rock,Solo,0,1,1,0.0,1,1,0.0,0,1,1,1,0,1,2,0.0,0.0,0.0,0,0,0.0,0.041666666666666664,0.043478260869565216,0.0,0.0,0.0,0.0,0.25,0.043478260869565216,0.5
19,Jordan Mullins,2149,0.0353,2027.0,2027.0,0.0,Darkwave,Solo,0,0,1,0.0,1,1,0.0,0,1,1,1,0,1,2,0.0,0.0,0.0,0,0,0.0,0.041666666666666664,0.043478260869565216,0.0,0.0,0.0,0.0,0.25,0.043478260869565216,0.5
17,Philippine Colin,2149,0.0353,2027.0,2027.0,0.0,Darkwave,Solo,0,0,1,0.0,1,1,0.0,0,1,1,1,0,1,2,0.0,0.0,0.0,0,0,0.0,0.041666666666666664,0.043478260869565216,0.0,0.0,0.0,0.0,0.25,0.043478260869565216,0.5
1899,Velvet Alibi,2149,0.0353,2028.0,2028.0,0.0,Dream Pop,Solo,0,1,1,0.0,1,1,0.0,0,1,1,1,0,1,2,0.0,0.0,0.0,0,0,0.0,0.041666666666666664,0.043478260869565216,0.0,0.0,0.0,0.0,0.25,0.043478260869565216,0.5
16115,Jie Xie,2149,0.0353,2028.0,2028.0,0.0,Jazz Surf Rock,Solo,0,0,1,0.0,1,1,0.0,0,1,1,1,0,1,2,0.0,0.0,0.0,0,0,0.0,0.041666666666666664,0.043478260869565216,0.0,0.0,0.0,0.0,0.25,0.043478260869565216,0.5
14542,Robin Cline,2149,0.0353,2026.0,2026.0,0.0,Post-Apocalyptic Folk,Solo,0,1,1,0.0,1,1,0.0,0,1,1,1,0,1,2,0.0,0.0,0.0,0,0,0.0,0.041666666666666664,0.043478260869565216,0.0,0.0,0.0,0.0,0.25,0.043478260869565216,0.5
5630,TY$ON WAVE,2149,0.0353,2027.0,2027.0,0.0,Indie Rock,Solo,0,1,1,0.0,1,1,0.0,0,1,1,1,0,1,2,0.0,0.0,0.0,0,0,0.0,0.041666666666666664,0.043478260869565216,0.0,0.0,0.0,0.0,0.25,0.043478260869565216,0.5
13573,Yang Zheng,2149,0.0353,2029.0,2029.0,0.0,Darkwave,Solo,0,0,1,0.0,1,1,0.0,0,1,1,1,0,1,2,0.0,0.0,0.0,0,0,0.0,0.041666666666666664,0.043478260869565216,0.0,0.0,0.0,0.0,0.25,0.043478260869565216,0.5
5274,Ming Feng,2149,0.0353,2025.0,2025.0,0.0,Dream Pop,Solo,0,1,1,0.0,1,1,0.0,0,1,1,1,0,1,2,0.0,0.0,0.0,0,0,0.0,0.041666666666666664,0.043478260869565216,0.0,0.0,0.0,0.0,0.25,0.043478260869565216,0.5
12502,Alisha Fernandez,2149,0.0353,2029.0,2029.0,0.0,Doom Metal,Solo,0,1,1,0.0,1,1,0.0,0,1,1,1,0,1,2,0.0,0.0,0.0,0,0,0.0,0.041666666666666664,0.043478260869565216,0.0,0.0,0.0,0.0,0.25,0.043478260869565216,0.5
16040,Tao Gao,2149,0.0353,2028.0,2028.0,0.0,Space Rock,Solo,0,1,1,0.0,1,1,0.0,0,1,1,1,0,1,2,0.0,0.0,0.0,0,0,0.0,0.041666666666666664,0.043478260869565216,0.0,0.0,0.0,0.0,0.25,0.043478260869565216,0.5
11657,Jun Yuan,2166,0.0352,2026.0,2026.0,0.0,Oceanus Folk,Solo,0,1,1,0.0,4,0,0.0,0,1,0,0,0,3,1,0.625,1.0,0.25,1,1,0.0,0.16666666666666666,0.0,0.0,0.0,0.0,0.0,0.0,0.13043478260869565,0.0
6847,Na Li,2167,0.0347,2027.0,2027.0,0.0,Alternative Rock,Solo,0,1,1,0.0,1,2,0.0,0,1,1,1,0,0,1,0.0,0.0,0.0,0,0,0.0,0.041666666666666664,0.08695652173913043,0.0,0.0,0.0,0.0,0.25,0.0,0.0
6845,Guiying Zeng,2167,0.0347,2027.0,2027.0,0.0,Alternative Rock,Solo,0,1,1,0.0,1,2,0.0,0,1,1,1,0,0,1,0.0,0.0,0.0,0,0,0.0,0.041666666666666664,0.08695652173913043,0.0,0.0,0.0,0.0,0.25,0.0,0.0
4056,Lei Pan,2167,0.0347,2025.0,2025.0,0.0,Synthwave,Solo,0,1,1,0.0,1,2,0.0,0,1,1,1,0,0,1,0.0,0.0,0.0,0,0,0.0,0.041666666666666664,0.08695652173913043,0.0,0.0,0.0,0.0,0.25,0.0,0.0
5634,Radosław Krzyk,2170,0.0342,2026.0,2026.0,0.0,Dream Pop,Solo,0,1,1,0.0,1,0,0.0,0,1,1,1,0,1,3,0.0,0.0,0.0,0,0,0.0,0.041666666666666664,0.0,0.0,0.0,0.0,0.0,0.25,0.043478260869565216,1.0
14545,Jason Ali,2171,0.0341,2030.0,2030.0,0.0,Alternative Rock,Solo,0,1,1,0.0,1,1,0.0,1,1,1,1,0,1,1,0.0,0.0,0.0,0,0,0.0,0.041666666666666664,0.043478260869565216,0.0,0.0,0.047619047619047616,0.0,0.25,0.043478260869565216,0.0
14546,Corinne Leleu,2171,0.0341,2030.0,2030.0,0.0,Alternative Rock,Solo,0,1,1,0.0,1,1,0.0,1,1,1,1,0,1,1,0.0,0.0,0.0,0,0,0.0,0.041666666666666664,0.043478260869565216,0.0,0.0,0.047619047619047616,0.0,0.25,0.043478260869565216,0.0
6026,Gang Jia,2173,0.0338,2026.0,2026.0,0.0,Space Rock,Solo,0,1,1,0.0,3,1,0.0,0,1,0,0,0,3,1,0.0,0.0,0.0,0,0,0.0,0.125,0.043478260869565216,0.0,0.0,0.0,0.0,0.0,0.13043478260869565,0.0
16346,Tiffany Wong,2173,0.0338,2029.0,2029.0,0.0,Post-Apocalyptic Folk,Solo,0,1,1,0.0,3,1,0.0,0,1,0,0,0,3,1,0.0,0.0,0.0,0,0,0.0,0.125,0.043478260869565216,0.0,0.0,0.0,0.0,0.0,0.13043478260869565,0.0
1484, The Dawn,2173,0.0338,2027.0,2027.0,0.0,Psychedelic Rock,Solo,0,1,1,0.0,3,1,0.0,0,1,0,0,0,3,1,0.0,0.0,0.0,0,0,0.0,0.125,0.043478260869565216,0.0,0.0,0.0,0.0,0.0,0.13043478260869565,0.0
6280,Lei Tan,2173,0.0338,2028.0,2028.0,0.0,Alternative Rock,Solo,0,1,1,0.0,3,1,0.0,0,1,0,0,0,3,1,0.0,0.0,0.0,0,0,0.0,0.125,0.043478260869565216,0.0,0.0,0.0,0.0,0.0,0.13043478260869565,0.0
6282,Li Feng,2173,0.0338,2028.0,2028.0,0.0,Alternative Rock,Solo,0,1,1,0.0,3,1,0.0,0,1,0,0,0,3,1,0.0,0.0,0.0,0,0,0.0,0.125,0.043478260869565216,0.0,0.0,0.0,0.0,0.0,0.13043478260869565,0.0
8971,Amy Marshall,2178,0.0336,2026.0,2026.0,0.0,Darkwave,Solo,0,1,1,0.0,1,4,0.0,0,1,0,0,0,1,1,0.0,0.0,0.0,0,0,0.0,0.041666666666666664,0.17391304347826086,0.0,0.0,0.0,0.0,0.0,0.043478260869565216,0.0
6453,Fang Han,2178,0.0336,2025.0,2025.0,0.0,Oceanus Folk,Solo,0,1,1,0.0,1,4,0.0,0,1,0,0,0,1,1,0.5,1.0,0.0,1,0,0.0,0.041666666666666664,0.17391304347826086,0.0,0.0,0.0,0.0,0.0,0.043478260869565216,0.0
6452,Jun Fu,2178,0.0336,2025.0,2025.0,0.0,Oceanus Folk,Solo,0,1,1,0.0,1,4,0.0,0,1,0,0,0,1,1,0.5,1.0,0.0,1,0,0.0,0.041666666666666664,0.17391304347826086,0.0,0.0,0.0,0.0,0.0,0.043478260869565216,0.0
8970,Justin Hensley,2178,0.0336,2026.0,2026.0,0.0,Darkwave,Solo,0,1,1,0.0,1,4,0.0,0,1,0,0,0,1,1,0.0,0.0,0.0,0,0,0.0,0.041666666666666664,0.17391304347826086,0.0,0.0,0.0,0.0,0.0,0.043478260869565216,0.0
8973,Andrea Brooks,2178,0.0336,2026.0,2026.0,0.0,Darkwave,Solo,0,1,1,0.0,1,4,0.0,0,1,0,0,0,1,1,0.0,0.0,0.0,0,0,0.0,0.041666666666666664,0.17391304347826086,0.0,0.0,0.0,0.0,0.0,0.043478260869565216,0.0
10849,Lisa Crawford,2178,0.0336,2025.0,2025.0,0.0,Indie Pop,Solo,0,1,1,0.0,1,1,0.0,0,1,1,1,0,0,2,0.0,0.0,0.0,0,0,0.0,0.041666666666666664,0.043478260869565216,0.0,0.0,0.0,0.0,0.25,0.0,0.5
8976,James Bishop,2178,0.0336,2026.0,2026.0,0.0,Darkwave,Solo,0,1,1,0.0,1,4,0.0,0,1,0,0,0,1,1,0.0,0.0,0.0,0,0,0.0,0.041666666666666664,0.17391304347826086,0.0,0.0,0.0,0.0,0.0,0.043478260869565216,0.0
6449,Guiying Ye,2178,0.0336,2025.0,2025.0,0.0,Oceanus Folk,Solo,0,1,1,0.0,1,4,0.0,0,1,0,0,0,1,1,0.5,1.0,0.0,1,0,0.0,0.041666666666666664,0.17391304347826086,0.0,0.0,0.0,0.0,0.0,0.043478260869565216,0.0
8974,Emily Taylor,2178,0.0336,2026.0,2026.0,0.0,Darkwave,Solo,0,1,1,0.0,1,4,0.0,0,1,0,0,0,1,1,0.0,0.0,0.0,0,0,0.0,0.041666666666666664,0.17391304347826086,0.0,0.0,0.0,0.0,0.0,0.043478260869565216,0.0
14844,Juan Mao,2178,0.0336,2025.0,2025.0,0.0,Psychedelic Rock,Solo,0,1,1,0.0,1,4,0.0,0,1,0,0,0,1,1,0.0,0.0,0.0,0,0,0.0,0.041666666666666664,0.17391304347826086,0.0,0.0,0.0,0.0,0.0,0.043478260869565216,0.0
6451,Xiuying Huang,2178,0.0336,2025.0,2025.0,0.0,Oceanus Folk,Solo,0,1,1,0.0,1,4,0.0,0,1,0,0,0,1,1,0.5,1.0,0.0,1,0,0.0,0.041666666666666664,0.17391304347826086,0.0,0.0,0.0,0.0,0.0,0.043478260869565216,0.0
14845,Jing Li,2178,0.0336,2025.0,2025.0,0.0,Psychedelic Rock,Solo,0,1,1,0.0,1,4,0.0,0,1,0,0,0,1,1,0.0,0.0,0.0,0,0,0.0,0.041666666666666664,0.17391304347826086,0.0,0.0,0.0,0.0,0.0,0.043478260869565216,0.0
14846,Min Zhao,2178,0.0336,2025.0,2025.0,0.0,Psychedelic Rock,Solo,0,1,1,0.0,1,4,0.0,0,1,0,0,0,1,1,0.0,0.0,0.0,0,0,0.0,0.041666666666666664,0.17391304347826086,0.0,0.0,0.0,0.0,0.0,0.043478260869565216,0.0
14848,Jun Deng,2178,0.0336,2025.0,2025.0,0.0,Psychedelic Rock,Solo,0,1,1,0.0,1,4,0.0,0,1,0,0,0,1,1,0.0,0.0,0.0,0,0,0.0,0.041666666666666664,0.17391304347826086,0.0,0.0,0.0,0.0,0.0,0.043478260869565216,0.0
7587,Xia Qiao,2192,0.0335,2027.0,2027.0,0.0,Dream Pop,Solo,0,1,1,0.0,2,0,0.0,0,1,1,1,0,2,1,0.0,0.0,0.0,0,0,0.0,0.08333333333333333,0.0,0.0,0.0,0.0,0.0,0.25,0.08695652173913043,0.0
3790,Chao Chang,2192,0.0335,2029.0,2029.0,0.0,Darkwave,Solo,0,0,1,0.0,2,0,0.0,0,1,1,1,0,2,1,0.0,0.0,0.0,0,0,0.0,0.08333333333333333,0.0,0.0,0.0,0.0,0.0,0.25,0.08695652173913043,0.0
3792,Yong Shao,2192,0.0335,2029.0,2029.0,0.0,Darkwave,Solo,0,0,1,0.0,2,0,0.0,0,1,1,1,0,2,1,0.0,0.0,0.0,0,0,0.0,0.08333333333333333,0.0,0.0,0.0,0.0,0.0,0.25,0.08695652173913043,0.0
11827,David Campbell,2192,0.0335,2025.0,2025.0,0.0,Speed Metal,Solo,0,1,1,0.0,4,0,0.0,0,1,0,0,0,2,1,0.0,0.0,0.0,0,0,0.0,0.16666666666666666,0.0,0.0,0.0,0.0,0.0,0.0,0.08695652173913043,0.0
13207,Xia Huang,2192,0.0335,2028.0,2028.0,0.0,Lo-Fi Electronica,Solo,0,1,1,0.0,2,0,0.0,0,1,1,1,0,2,1,0.0,0.0,0.0,0,0,0.0,0.08333333333333333,0.0,0.0,0.0,0.0,0.0,0.25,0.08695652173913043,0.0
13730,Xiuying Tan,2192,0.0335,2028.0,2028.0,0.0,Dream Pop,Solo,0,0,1,0.0,2,0,0.0,0,1,1,1,0,2,1,0.0,0.0,0.0,0,0,0.0,0.08333333333333333,0.0,0.0,0.0,0.0,0.0,0.25,0.08695652173913043,0.0
8860,Stephen Allen,2192,0.0335,2026.0,2026.0,0.0,Oceanus Folk,Solo,0,1,1,0.0,2,0,0.0,0,1,1,1,0,2,1,0.75,1.0,0.5,1,1,0.0,0.08333333333333333,0.0,0.0,0.0,0.0,0.0,0.25,0.08695652173913043,0.0
3789,Xia Yuan,2192,0.0335,2029.0,2029.0,0.0,Darkwave,Solo,0,0,1,0.0,2,0,0.0,0,1,1,1,0,2,1,0.0,0.0,0.0,0,0,0.0,0.08333333333333333,0.0,0.0,0.0,0.0,0.0,0.25,0.08695652173913043,0.0
3788,Jie Cao,2192,0.0335,2029.0,2029.0,0.0,Darkwave,Solo,0,0,1,0.0,2,0,0.0,0,1,1,1,0,2,1,0.0,0.0,0.0,0,0,0.0,0.08333333333333333,0.0,0.0,0.0,0.0,0.0,0.25,0.08695652173913043,0.0
5763,Michael Smith,2192,0.0335,2026.0,2026.0,0.0,Oceanus Folk,Solo,0,1,1,0.0,2,0,0.0,0,1,1,1,0,2,1,0.5,1.0,0.0,1,0,0.0,0.08333333333333333,0.0,0.0,0.0,0.0,0.0,0.25,0.08695652173913043,0.0
13337,Elizabeth Leon,2192,0.0335,2026.0,2026.0,0.0,Dream Pop,Solo,0,0,1,0.0,2,0,0.0,0,1,1,1,0,2,1,0.0,0.0,0.0,0,0,0.0,0.08333333333333333,0.0,0.0,0.0,0.0,0.0,0.25,0.08695652173913043,0.0
13338,Peter Byrd,2192,0.0335,2026.0,2026.0,0.0,Dream Pop,Solo,0,0,1,0.0,2,0,0.0,0,1,1,1,0,2,1,0.0,0.0,0.0,0,0,0.0,0.08333333333333333,0.0,0.0,0.0,0.0,0.0,0.25,0.08695652173913043,0.0
13340,Megan Stephenson,2192,0.0335,2026.0,2026.0,0.0,Dream Pop,Solo,0,0,1,0.0,2,0,0.0,0,1,1,1,0,2,1,0.0,0.0,0.0,0,0,0.0,0.08333333333333333,0.0,0.0,0.0,0.0,0.0,0.25,0.08695652173913043,0.0
13378,Yan Zhang,2192,0.0335,2030.0,2030.0,0.0,Desert Rock,Solo,0,1,1,0.0,2,0,0.0,0,1,1,1,0,2,1,0.0,0.0,0.0,0,0,0.0,0.08333333333333333,0.0,0.0,0.0,0.0,0.0,0.25,0.08695652173913043,0.0
748,Xiuying Liang,2192,0.0335,2027.0,2027.0,0.0,Oceanus Folk,Solo,0,1,1,0.0,2,0,0.0,0,1,1,1,0,2,1,0.5,1.0,0.0,1,0,0.0,0.08333333333333333,0.0,0.0,0.0,0.0,0.0,0.25,0.08695652173913043,0.0
3878,Li Wang,2192,0.0335,2026.0,2026.0,0.0,Space Rock,Solo,0,1,1,0.0,2,0,0.0,0,1,1,1,0,2,1,0.0,0.0,0.0,0,0,0.0,0.08333333333333333,0.0,0.0,0.0,0.0,0.0,0.25,0.08695652173913043,0.0
15286,Li Dong,2208,0.0333,2025.0,2025.0,0.0,Dream Pop,Solo,0,1,1,0.0,0,3,0.0,0,1,1,1,0,0,1,0.0,0.0,0.0,0,0,0.0,0.0,0.13043478260869565,0.0,0.0,0.0,0.0,0.25,0.0,0.0
12144,Ming Duan,2208,0.0333,2028.0,2028.0,0.0,Alternative Rock,Solo,0,1,1,0.0,0,3,0.0,0,1,1,1,0,0,1,0.0,0.0,0.0,0,0,0.0,0.0,0.13043478260869565,0.0,0.0,0.0,0.0,0.25,0.0,0.0
16000,Xiulan Li,2208,0.0333,2028.0,2028.0,0.0,Alternative Rock,Solo,0,1,1,0.0,0,3,0.0,0,1,1,1,0,0,1,0.0,0.0,0.0,0,0,0.0,0.0,0.13043478260869565,0.0,0.0,0.0,0.0,0.25,0.0,0.0
6772,Xiulan Cao,2208,0.0333,2025.0,2025.0,0.0,Americana,Solo,0,1,1,0.0,0,3,0.0,0,1,1,1,0,0,1,0.0,0.0,0.0,0,0,0.0,0.0,0.13043478260869565,0.0,0.0,0.0,0.0,0.25,0.0,0.0
3995,Wei Yang,2208,0.0333,2025.0,2025.0,0.0,Dream Pop,Solo,0,1,1,0.0,0,3,0.0,0,1,1,1,0,0,1,0.0,0.0,0.0,0,0,0.0,0.0,0.13043478260869565,0.0,0.0,0.0,0.0,0.25,0.0,0.0
6771,Qiang Liao,2208,0.0333,2025.0,2025.0,0.0,Americana,Solo,0,1,1,0.0,0,3,0.0,0,1,1,1,0,0,1,0.0,0.0,0.0,0,0,0.0,0.0,0.13043478260869565,0.0,0.0,0.0,0.0,0.25,0.0,0.0
10494,Corey Knight,2208,0.0333,2026.0,2026.0,0.0,Dream Pop,Solo,0,1,1,0.0,0,3,0.0,0,1,1,1,0,0,1,0.0,0.0,0.0,0,0,0.0,0.0,0.13043478260869565,0.0,0.0,0.0,0.0,0.25,0.0,0.0
10495,Jing Shen,2208,0.0333,2026.0,2026.0,0.0,Dream Pop,Solo,0,1,1,0.0,0,3,0.0,0,1,1,1,0,0,1,0.0,0.0,0.0,0,0,0.0,0.0,0.13043478260869565,0.0,0.0,0.0,0.0,0.25,0.0,0.0
3999,Naoko Miura,2208,0.0333,2025.0,2025.0,0.0,Dream Pop,Solo,0,1,1,0.0,0,3,0.0,0,1,1,1,0,0,1,0.0,0.0,0.0,0,0,0.0,0.0,0.13043478260869565,0.0,0.0,0.0,0.0,0.25,0.0,0.0
10496,Fang Ren,2208,0.0333,2026.0,2026.0,0.0,Dream Pop,Solo,0,1,1,0.0,0,3,0.0,0,1,1,1,0,0,1,0.0,0.0,0.0,0,0,0.0,0.0,0.13043478260869565,0.0,0.0,0.0,0.0,0.25,0.0,0.0
14073,Li Kang,2208,0.0333,2026.0,2026.0,0.0,Desert Rock,Solo,0,1,1,0.0,0,3,0.0,0,1,1,1,0,0,1,0.0,0.0,0.0,0,0,0.0,0.0,0.13043478260869565,0.0,0.0,0.0,0.0,0.25,0.0,0.0
4000,Gang Shi,2208,0.0333,2025.0,2025.0,0.0,Dream Pop,Solo,0,1,1,0.0,0,3,0.0,0,1,1,1,0,0,1,0.0,0.0,0.0,0,0,0.0,0.0,0.13043478260869565,0.0,0.0,0.0,0.0,0.25,0.0,0.0
13420,Fang Feng,2220,0.033,2030.0,2030.0,0.0,Dream Pop,Solo,0,1,1,0.0,1,0,0.0,1,1,1,1,0,1,2,0.0,0.0,0.0,0,0,0.0,0.041666666666666664,0.0,0.0,0.0,0.047619047619047616,0.0,0.25,0.043478260869565216,0.5
15454,Yong Lei,2221,0.0325,2028.0,2028.0,0.0,Space Rock,Solo,0,1,1,0.0,1,3,0.0,0,1,0,0,0,1,2,0.0,0.0,0.0,0,0,0.0,0.041666666666666664,0.13043478260869565,0.0,0.0,0.0,0.0,0.0,0.043478260869565216,0.5
13051,Li Tan,2221,0.0325,2025.0,2025.0,0.0,Psychedelic Rock,Solo,0,1,1,0.0,1,3,0.0,0,1,0,0,0,1,2,0.0,0.0,0.0,0,0,0.0,0.041666666666666664,0.13043478260869565,0.0,0.0,0.0,0.0,0.0,0.043478260869565216,0.5
16682,Na Lei,2221,0.0325,2028.0,2028.0,0.0,Dream Pop,Solo,0,1,1,0.0,1,3,0.0,0,1,0,0,0,1,2,0.0,0.0,0.0,0,0,0.0,0.041666666666666664,0.13043478260869565,0.0,0.0,0.0,0.0,0.0,0.043478260869565216,0.5
4469,Tao Dong,2221,0.0325,2028.0,2028.0,0.0,Indie Folk,Solo,0,1,1,0.0,1,3,0.0,0,1,0,0,0,1,2,0.0,0.0,0.0,0,0,0.0,0.041666666666666664,0.13043478260869565,0.0,0.0,0.0,0.0,0.0,0.043478260869565216,0.5
3204,Qiang Ye,2225,0.0322,2028.0,2028.0,0.0,Synthpop,Solo,0,1,1,0.0,0,2,0.0,0,1,1,1,0,0,2,0.0,0.0,0.0,0,0,0.0,0.0,0.08695652173913043,0.0,0.0,0.0,0.0,0.25,0.0,0.5
12851,Chao Zhang,2225,0.0322,2026.0,2026.0,0.0,Indie Folk,Solo,0,1,1,0.0,0,2,0.0,0,1,1,1,0,0,2,0.0,0.0,0.0,0,0,0.0,0.0,0.08695652173913043,0.0,0.0,0.0,0.0,0.25,0.0,0.5
6445,Drishya Setty,2225,0.0322,2026.0,2026.0,0.0,Indie Rock,Solo,0,1,1,0.0,0,2,0.0,0,1,1,1,0,0,2,0.0,0.0,0.0,0,0,0.0,0.0,0.08695652173913043,0.0,0.0,0.0,0.0,0.25,0.0,0.5
6124,Heidi Richardson,2225,0.0322,2026.0,2026.0,0.0,Darkwave,Solo,0,1,1,0.0,0,2,0.0,0,1,1,1,0,0,2,0.0,0.0,0.0,0,0,0.0,0.0,0.08695652173913043,0.0,0.0,0.0,0.0,0.25,0.0,0.5
7269,Cheryl Brown,2225,0.0322,2026.0,2026.0,0.0,Dream Pop,Solo,0,1,1,0.0,0,2,0.0,0,1,1,1,0,0,2,0.0,0.0,0.0,0,0,0.0,0.0,0.08695652173913043,0.0,0.0,0.0,0.0,0.25,0.0,0.5
5677,Kenneth Randolph,2225,0.0322,2030.0,2030.0,0.0,Americana,Solo,0,1,1,0.0,0,2,0.0,0,1,1,1,0,0,2,0.0,0.0,0.0,0,0,0.0,0.0,0.08695652173913043,0.0,0.0,0.0,0.0,0.25,0.0,0.5
8508,Xiuying Han,2231,0.0321,2028.0,2028.0,0.0,Space Rock,Solo,0,1,1,0.0,3,1,0.0,0,1,0,0,0,2,1,0.3333,0.0,0.6666666666666666,0,2,0.0,0.125,0.043478260869565216,0.0,0.0,0.0,0.0,0.0,0.08695652173913043,0.0
16322,Bryce Webb,2232,0.0317,2026.0,2026.0,0.0,Dream Pop,Solo,0,0,1,0.0,2,0,0.0,0,1,1,1,0,1,1,0.0,0.0,0.0,0,0,0.0,0.08333333333333333,0.0,0.0,0.0,0.0,0.0,0.25,0.043478260869565216,0.0
16321,Lisa Frost,2232,0.0317,2026.0,2026.0,0.0,Dream Pop,Solo,0,0,1,0.0,2,0,0.0,0,1,1,1,0,1,1,0.0,0.0,0.0,0,0,0.0,0.08333333333333333,0.0,0.0,0.0,0.0,0.0,0.25,0.043478260869565216,0.0
6138,Echelon,2234,0.0314,2028.0,2028.0,0.0,Synthwave,Solo,0,1,1,0.0,1,2,0.0,0,1,0,0,0,1,3,0.0,0.0,0.0,0,0,0.0,0.041666666666666664,0.08695652173913043,0.0,0.0,0.0,0.0,0.0,0.043478260869565216,1.0
2270,Jing Huang,2235,0.0313,2030.0,2030.0,0.0,Dream Pop,Solo,0,0,1,0.0,1,3,0.0,1,1,0,0,0,1,1,0.0,0.0,0.0,0,0,0.0,0.041666666666666664,0.13043478260869565,0.0,0.0,0.047619047619047616,0.0,0.0,0.043478260869565216,0.0
10965,Guiying Yi,2236,0.0308,2029.0,2029.0,0.0,Space Rock,Solo,0,1,1,0.0,1,3,0.0,0,1,0,0,0,0,2,0.0,0.0,0.0,0,0,0.0,0.041666666666666664,0.13043478260869565,0.0,0.0,0.0,0.0,0.0,0.0,0.5
14090,Na Zou,2237,0.0307,2029.0,2029.0,0.0,Desert Rock,Solo,0,1,1,0.0,2,2,0.0,0,1,0,0,0,2,1,0.0,0.0,0.0,0,0,0.0,0.08333333333333333,0.08695652173913043,0.0,0.0,0.0,0.0,0.0,0.08695652173913043,0.0
15717, $ERPENT,2237,0.0307,2027.0,2027.0,0.0,Jazz Surf Rock,Solo,0,1,1,0.0,2,2,0.0,0,1,0,0,0,2,1,0.0,0.0,0.0,0,0,0.0,0.08333333333333333,0.08695652173913043,0.0,0.0,0.0,0.0,0.0,0.08695652173913043,0.0
1710,Ping Bai,2237,0.0307,2026.0,2026.0,0.0,Synthwave,Solo,0,1,1,0.0,2,2,0.0,0,1,0,0,0,2,1,0.0,0.0,0.0,0,0,0.0,0.08333333333333333,0.08695652173913043,0.0,0.0,0.0,0.0,0.0,0.08695652173913043,0.0
15719,Wei Gu,2237,0.0307,2027.0,2027.0,0.0,Jazz Surf Rock,Solo,0,1,1,0.0,2,2,0.0,0,1,0,0,0,2,1,0.0,0.0,0.0,0,0,0.0,0.08333333333333333,0.08695652173913043,0.0,0.0,0.0,0.0,0.0,0.08695652173913043,0.0
14089,Ping Xiang,2237,0.0307,2029.0,2029.0,0.0,Desert Rock,Solo,0,1,1,0.0,2,2,0.0,0,1,0,0,0,2,1,0.0,0.0,0.0,0,0,0.0,0.08333333333333333,0.08695652173913043,0.0,0.0,0.0,0.0,0.0,0.08695652173913043,0.0
2482,Min Tan,2237,0.0307,2026.0,2026.0,0.0,Synthwave,Solo,0,1,1,0.0,2,2,0.0,0,1,0,0,0,2,1,0.0,0.0,0.0,0,0,0.0,0.08333333333333333,0.08695652173913043,0.0,0.0,0.0,0.0,0.0,0.08695652173913043,0.0
16142,Gang Yao,2237,0.0307,2026.0,2026.0,0.0,Dream Pop,Solo,0,1,1,0.0,2,2,0.0,0,1,0,0,0,2,1,0.0,0.0,0.0,0,0,0.0,0.08333333333333333,0.08695652173913043,0.0,0.0,0.0,0.0,0.0,0.08695652173913043,0.0
8704,George Lloyd,2237,0.0307,2029.0,2029.0,0.0,Jazz Surf Rock,Solo,0,1,1,0.0,2,2,0.0,0,1,0,0,0,2,1,0.0,0.0,0.0,0,0,0.0,0.08333333333333333,0.08695652173913043,0.0,0.0,0.0,0.0,0.0,0.08695652173913043,0.0
2481,Yong Kang,2237,0.0307,2026.0,2026.0,0.0,Synthwave,Solo,0,1,1,0.0,2,2,0.0,0,1,0,0,0,2,1,0.0,0.0,0.0,0,0,0.0,0.08333333333333333,0.08695652173913043,0.0,0.0,0.0,0.0,0.0,0.08695652173913043,0.0
4796,Cosmic Noir,2237,0.0307,2029.0,2029.0,0.0,Dream Pop,Solo,0,1,1,0.0,2,2,0.0,0,1,0,0,0,2,1,0.0,0.0,0.0,0,0,0.0,0.08333333333333333,0.08695652173913043,0.0,0.0,0.0,0.0,0.0,0.08695652173913043,0.0
8441,Heather Miller,2237,0.0307,2025.0,2025.0,0.0,Dream Pop,Solo,0,1,1,0.0,2,2,0.0,0,1,0,0,0,2,1,0.0,0.0,0.0,0,0,0.0,0.08333333333333333,0.08695652173913043,0.0,0.0,0.0,0.0,0.0,0.08695652173913043,0.0
8442,Yong Jia,2237,0.0307,2025.0,2025.0,0.0,Dream Pop,Solo,0,1,1,0.0,2,2,0.0,0,1,0,0,0,2,1,0.0,0.0,0.0,0,0,0.0,0.08333333333333333,0.08695652173913043,0.0,0.0,0.0,0.0,0.0,0.08695652173913043,0.0
13601,Brittany Horn,2237,0.0307,2025.0,2025.0,0.0,Dream Pop,Solo,0,1,1,0.0,2,2,0.0,0,1,0,0,0,2,1,0.25,0.0,0.5,0,1,0.0,0.08333333333333333,0.08695652173913043,0.0,0.0,0.0,0.0,0.0,0.08695652173913043,0.0
8443,Christopher Johnson,2237,0.0307,2025.0,2025.0,0.0,Dream Pop,Solo,0,1,1,0.0,2,2,0.0,0,1,0,0,0,2,1,0.0,0.0,0.0,0,0,0.0,0.08333333333333333,0.08695652173913043,0.0,0.0,0.0,0.0,0.0,0.08695652173913043,0.0
13688,Morgan Carlson,2237,0.0307,2027.0,2027.0,0.0,Dream Pop,Solo,0,1,1,0.0,2,2,0.0,0,1,0,0,0,2,1,0.0,0.0,0.0,0,0,0.0,0.08333333333333333,0.08695652173913043,0.0,0.0,0.0,0.0,0.0,0.08695652173913043,0.0
8705,Ryan Hamilton,2237,0.0307,2029.0,2029.0,0.0,Jazz Surf Rock,Solo,0,1,1,0.0,2,2,0.0,0,1,0,0,0,2,1,0.0,0.0,0.0,0,0,0.0,0.08333333333333333,0.08695652173913043,0.0,0.0,0.0,0.0,0.0,0.08695652173913043,0.0
16143,Jie Qiu,2237,0.0307,2026.0,2026.0,0.0,Dream Pop,Solo,0,1,1,0.0,2,2,0.0,0,1,0,0,0,2,1,0.0,0.0,0.0,0,0,0.0,0.08333333333333333,0.08695652173913043,0.0,0.0,0.0,0.0,0.0,0.08695652173913043,0.0
4798,Fang Meng,2237,0.0307,2029.0,2029.0,0.0,Dream Pop,Solo,0,1,1,0.0,2,2,0.0,0,1,0,0,0,2,1,0.0,0.0,0.0,0,0,0.0,0.08333333333333333,0.08695652173913043,0.0,0.0,0.0,0.0,0.0,0.08695652173913043,0.0
14525,Rodney Hayes,2237,0.0307,2027.0,2027.0,0.0,Dream Pop,Solo,0,1,1,0.0,2,2,0.0,0,1,0,0,0,2,1,0.0,0.0,0.0,0,0,0.0,0.08333333333333333,0.08695652173913043,0.0,0.0,0.0,0.0,0.0,0.08695652173913043,0.0
14526,Janet Aguilar,2237,0.0307,2027.0,2027.0,0.0,Dream Pop,Solo,0,1,1,0.0,2,2,0.0,0,1,0,0,0,2,1,0.0,0.0,0.0,0,0,0.0,0.08333333333333333,0.08695652173913043,0.0,0.0,0.0,0.0,0.0,0.08695652173913043,0.0
7007,David Gibson,2237,0.0307,2026.0,2026.0,0.0,Darkwave,Solo,0,1,1,0.0,2,2,0.0,0,1,0,0,0,2,1,0.0,0.0,0.0,0,0,0.0,0.08333333333333333,0.08695652173913043,0.0,0.0,0.0,0.0,0.0,0.08695652173913043,0.0
7009,Robert Gonzales,2237,0.0307,2026.0,2026.0,0.0,Darkwave,Solo,0,1,1,0.0,2,2,0.0,0,1,0,0,0,2,1,0.0,0.0,0.0,0,0,0.0,0.08333333333333333,0.08695652173913043,0.0,0.0,0.0,0.0,0.0,0.08695652173913043,0.0
505, Storm,2237,0.0307,2028.0,2028.0,0.0,Dream Pop,Solo,0,1,1,0.0,2,2,0.0,0,1,0,0,0,2,1,0.0,0.0,0.0,0,0,0.0,0.08333333333333333,0.08695652173913043,0.0,0.0,0.0,0.0,0.0,0.08695652173913043,0.0
16357,Li Bai,2237,0.0307,2029.0,2029.0,0.0,Dream Pop,Solo,0,1,1,0.0,2,2,0.0,0,1,0,0,0,2,1,0.0,0.0,0.0,0,0,0.0,0.08333333333333333,0.08695652173913043,0.0,0.0,0.0,0.0,0.0,0.08695652173913043,0.0
8003,Chelsea Blake,2237,0.0307,2025.0,2025.0,0.0,Alternative Rock,Solo,0,1,1,0.0,2,2,0.0,0,1,0,0,0,2,1,0.0,0.0,0.0,0,0,0.0,0.08333333333333333,0.08695652173913043,0.0,0.0,0.0,0.0,0.0,0.08695652173913043,0.0
8002,Amy Bright,2237,0.0307,2025.0,2025.0,0.0,Alternative Rock,Solo,0,1,1,0.0,2,2,0.0,0,1,0,0,0,2,1,0.0,0.0,0.0,0,0,0.0,0.08333333333333333,0.08695652173913043,0.0,0.0,0.0,0.0,0.0,0.08695652173913043,0.0
16144,Tao Feng,2237,0.0307,2026.0,2026.0,0.0,Dream Pop,Solo,0,1,1,0.0,2,2,0.0,0,1,0,0,0,2,1,0.0,0.0,0.0,0,0,0.0,0.08333333333333333,0.08695652173913043,0.0,0.0,0.0,0.0,0.0,0.08695652173913043,0.0
8001,Saksham Borra,2237,0.0307,2025.0,2025.0,0.0,Alternative Rock,Solo,0,1,1,0.0,2,2,0.0,0,1,0,0,0,2,1,0.0,0.0,0.0,0,0,0.0,0.08333333333333333,0.08695652173913043,0.0,0.0,0.0,0.0,0.0,0.08695652173913043,0.0
3610,Yan Cui,2265,0.0304,2026.0,2026.0,0.0,Dream Pop,Solo,0,1,1,0.0,0,5,0.0,0,1,0,0,0,0,1,0.0,0.0,0.0,0,0,0.0,0.0,0.21739130434782608,0.0,0.0,0.0,0.0,0.0,0.0,0.0
3611,Na Zou,2265,0.0304,2026.0,2026.0,0.0,Dream Pop,Solo,0,1,1,0.0,0,5,0.0,0,1,0,0,0,0,1,0.0,0.0,0.0,0,0,0.0,0.0,0.21739130434782608,0.0,0.0,0.0,0.0,0.0,0.0,0.0
8433,Jing Duan,2265,0.0304,2027.0,2027.0,0.0,Post-Apocalyptic Folk,Solo,0,1,1,0.0,0,5,0.0,0,1,0,0,0,0,1,0.0,0.0,0.0,0,0,0.0,0.0,0.21739130434782608,0.0,0.0,0.0,0.0,0.0,0.0,0.0
3614,Yang He,2265,0.0304,2026.0,2026.0,0.0,Dream Pop,Solo,0,1,1,0.0,0,5,0.0,0,1,0,0,0,0,1,0.0,0.0,0.0,0,0,0.0,0.0,0.21739130434782608,0.0,0.0,0.0,0.0,0.0,0.0,0.0
3615,Jun Deng,2265,0.0304,2026.0,2026.0,0.0,Dream Pop,Solo,0,1,1,0.0,0,5,0.0,0,1,0,0,0,0,1,0.0,0.0,0.0,0,0,0.0,0.0,0.21739130434782608,0.0,0.0,0.0,0.0,0.0,0.0,0.0
3612,Min Yuan,2265,0.0304,2026.0,2026.0,0.0,Dream Pop,Solo,0,1,1,0.0,0,5,0.0,0,1,0,0,0,0,1,0.0,0.0,0.0,0,0,0.0,0.0,0.21739130434782608,0.0,0.0,0.0,0.0,0.0,0.0,0.0
6559,Wei Shen,2271,0.0303,2027.0,2027.0,0.0,Symphonic Metal,Solo,0,1,1,0.0,1,1,0.0,0,1,1,1,0,1,1,0.0,0.0,0.0,0,0,0.0,0.041666666666666664,0.043478260869565216,0.0,0.0,0.0,0.0,0.25,0.043478260869565216,0.0
15257,Chao Ding,2271,0.0303,2028.0,2028.0,0.0,Avant-Garde Folk,Solo,0,1,1,0.0,1,1,0.0,0,1,1,1,0,1,1,0.0,0.0,0.0,0,0,0.0,0.041666666666666664,0.043478260869565216,0.0,0.0,0.0,0.0,0.25,0.043478260869565216,0.0
15256,Jun Duan,2271,0.0303,2028.0,2028.0,0.0,Avant-Garde Folk,Solo,0,1,1,0.0,1,1,0.0,0,1,1,1,0,1,1,0.0,0.0,0.0,0,0,0.0,0.041666666666666664,0.043478260869565216,0.0,0.0,0.0,0.0,0.25,0.043478260869565216,0.0
6544,Min Ma,2271,0.0303,2029.0,2029.0,0.0,Jazz Surf Rock,Solo,0,1,1,0.0,1,1,0.0,0,1,1,1,0,1,1,0.0,0.0,0.0,0,0,0.0,0.041666666666666664,0.043478260869565216,0.0,0.0,0.0,0.0,0.25,0.043478260869565216,0.0
4647,William Bates,2271,0.0303,2029.0,2029.0,0.0,Desert Rock,Solo,0,1,1,0.0,1,1,0.0,0,1,1,1,0,1,1,0.0,0.0,0.0,0,0,0.0,0.041666666666666664,0.043478260869565216,0.0,0.0,0.0,0.0,0.25,0.043478260869565216,0.0
12541,Wei Qiu,2271,0.0303,2026.0,2026.0,0.0,Indie Folk,Solo,0,1,1,0.0,1,1,0.0,0,1,1,1,0,1,1,0.0,0.0,0.0,0,0,0.0,0.041666666666666664,0.043478260869565216,0.0,0.0,0.0,0.0,0.25,0.043478260869565216,0.0
6784,Guiying Deng,2271,0.0303,2025.0,2025.0,0.0,Synthwave,Solo,0,1,1,0.0,1,1,0.0,0,1,1,1,0,1,1,0.0,0.0,0.0,0,0,0.0,0.041666666666666664,0.043478260869565216,0.0,0.0,0.0,0.0,0.25,0.043478260869565216,0.0
6207,Chao Fan,2271,0.0303,2027.0,2027.0,0.0,Alternative Rock,Solo,0,1,1,0.0,1,1,0.0,0,1,1,1,0,1,1,0.0,0.0,0.0,0,0,0.0,0.041666666666666664,0.043478260869565216,0.0,0.0,0.0,0.0,0.25,0.043478260869565216,0.0
5532,Yan Yuan,2271,0.0303,2026.0,2026.0,0.0,Desert Rock,Solo,0,1,1,0.0,1,1,0.0,0,1,1,1,0,1,1,0.0,0.0,0.0,0,0,0.0,0.041666666666666664,0.043478260869565216,0.0,0.0,0.0,0.0,0.25,0.043478260869565216,0.0
4648,Brandy Chung PhD,2271,0.0303,2029.0,2029.0,0.0,Desert Rock,Solo,0,1,1,0.0,1,1,0.0,0,1,1,1,0,1,1,0.0,0.0,0.0,0,0,0.0,0.041666666666666664,0.043478260869565216,0.0,0.0,0.0,0.0,0.25,0.043478260869565216,0.0
6546,Chao Yao,2271,0.0303,2029.0,2029.0,0.0,Jazz Surf Rock,Solo,0,1,1,0.0,1,1,0.0,0,1,1,1,0,1,1,0.0,0.0,0.0,0,0,0.0,0.041666666666666664,0.043478260869565216,0.0,0.0,0.0,0.0,0.25,0.043478260869565216,0.0
9670,Jie Lin,2271,0.0303,2026.0,2026.0,0.0,Synthwave,Solo,0,1,1,0.0,1,1,0.0,0,1,1,1,0,1,1,0.0,0.0,0.0,0,0,0.0,0.041666666666666664,0.043478260869565216,0.0,0.0,0.0,0.0,0.25,0.043478260869565216,0.0
2935,Yan Xue,2271,0.0303,2029.0,2029.0,0.0,Dream Pop,Solo,0,1,1,0.0,1,1,0.0,0,1,1,1,0,1,1,0.0,0.0,0.0,0,0,0.0,0.041666666666666664,0.043478260869565216,0.0,0.0,0.0,0.0,0.25,0.043478260869565216,0.0
9671,Guiying Mao,2271,0.0303,2026.0,2026.0,0.0,Synthwave,Solo,0,1,1,0.0,1,1,0.0,0,1,1,1,0,1,1,0.0,0.0,0.0,0,0,0.0,0.041666666666666664,0.043478260869565216,0.0,0.0,0.0,0.0,0.25,0.043478260869565216,0.0
15134,Elizabeth Gonzalez,2271,0.0303,2029.0,2029.0,0.0,Post-Apocalyptic Folk,Solo,0,1,1,0.0,1,1,0.0,0,1,1,1,0,1,1,0.0,0.0,0.0,0,0,0.0,0.041666666666666664,0.043478260869565216,0.0,0.0,0.0,0.0,0.25,0.043478260869565216,0.0
12503,Betty Vega,2271,0.0303,2029.0,2029.0,0.0,Doom Metal,Solo,0,1,1,0.0,1,1,0.0,0,1,1,1,0,1,1,0.0,0.0,0.0,0,0,0.0,0.041666666666666664,0.043478260869565216,0.0,0.0,0.0,0.0,0.25,0.043478260869565216,0.0
5533,Yan Cui,2271,0.0303,2026.0,2026.0,0.0,Desert Rock,Solo,0,1,1,0.0,1,1,0.0,0,1,1,1,0,1,1,0.0,0.0,0.0,0,0,0.0,0.041666666666666664,0.043478260869565216,0.0,0.0,0.0,0.0,0.25,0.043478260869565216,0.0
14539,Fang Ren,2271,0.0303,2026.0,2026.0,0.0,Post-Apocalyptic Folk,Solo,0,1,1,0.0,1,1,0.0,0,1,1,1,0,1,1,0.0,0.0,0.0,0,0,0.0,0.041666666666666664,0.043478260869565216,0.0,0.0,0.0,0.0,0.25,0.043478260869565216,0.0
4953,Ivo Ziegert,2271,0.0303,2025.0,2025.0,0.0,Americana,Solo,0,1,1,0.0,1,1,0.0,0,1,1,1,0,1,1,0.0,0.0,0.0,0,0,0.0,0.041666666666666664,0.043478260869565216,0.0,0.0,0.0,0.0,0.25,0.043478260869565216,0.0
13626,Sara Laszuk,2271,0.0303,2028.0,2028.0,0.0,Alternative Rock,Solo,0,1,1,0.0,1,1,0.0,0,1,1,1,0,1,1,0.0,0.0,0.0,0,0,0.0,0.041666666666666664,0.043478260869565216,0.0,0.0,0.0,0.0,0.25,0.043478260869565216,0.0
10006,Yang Cai,2271,0.0303,2026.0,2026.0,0.0,Symphonic Metal,Solo,0,1,1,0.0,1,1,0.0,0,1,1,1,0,1,1,0.0,0.0,0.0,0,0,0.0,0.041666666666666664,0.043478260869565216,0.0,0.0,0.0,0.0,0.25,0.043478260869565216,0.0
16554,Jacek Kazimierczuk,2271,0.0303,2028.0,2028.0,0.0,Alternative Rock,Solo,0,1,1,0.0,1,1,0.0,0,1,1,1,0,1,1,0.0,0.0,0.0,0,0,0.0,0.041666666666666664,0.043478260869565216,0.0,0.0,0.0,0.0,0.25,0.043478260869565216,0.0
16553,Juliusz Cierpisz,2271,0.0303,2028.0,2028.0,0.0,Alternative Rock,Solo,0,1,1,0.0,1,1,0.0,0,1,1,1,0,1,1,0.0,0.0,0.0,0,0,0.0,0.041666666666666664,0.043478260869565216,0.0,0.0,0.0,0.0,0.25,0.043478260869565216,0.0
9243,Zain Datta,2271,0.0303,2026.0,2026.0,0.0,Alternative Rock,Solo,0,1,1,0.0,1,1,0.0,0,1,1,1,0,1,1,0.0,0.0,0.0,0,0,0.0,0.041666666666666664,0.043478260869565216,0.0,0.0,0.0,0.0,0.25,0.043478260869565216,0.0
2146,Li Liu,2271,0.0303,2029.0,2029.0,0.0,Indie Folk,Solo,0,1,1,0.0,1,1,0.0,0,1,1,1,0,1,1,0.0,0.0,0.0,0,0,0.0,0.041666666666666664,0.043478260869565216,0.0,0.0,0.0,0.0,0.25,0.043478260869565216,0.0
16465,Yan Kong,2271,0.0303,2028.0,2028.0,0.0,Dream Pop,Solo,0,1,1,0.0,1,1,0.0,0,1,1,1,0,1,1,0.0,0.0,0.0,0,0,0.0,0.041666666666666664,0.043478260869565216,0.0,0.0,0.0,0.0,0.25,0.043478260869565216,0.0
13146,Yang Fu,2271,0.0303,2029.0,2029.0,0.0,Indie Folk,Solo,0,1,1,0.0,1,1,0.0,0,1,1,1,0,1,1,0.0,0.0,0.0,0,0,0.0,0.041666666666666664,0.043478260869565216,0.0,0.0,0.0,0.0,0.25,0.043478260869565216,0.0
13215,Kai-Uwe Döring,2271,0.0303,2026.0,2026.0,0.0,Darkwave,Solo,0,1,1,0.0,1,1,0.0,0,1,1,1,0,1,1,0.0,0.0,0.0,0,0,0.0,0.041666666666666664,0.043478260869565216,0.0,0.0,0.0,0.0,0.25,0.043478260869565216,0.0
14409,James Taylor,2271,0.0303,2026.0,2026.0,0.0,Dream Pop,Solo,0,1,1,0.0,1,1,0.0,0,1,1,1,0,1,1,0.0,0.0,0.0,0,0,0.0,0.041666666666666664,0.043478260869565216,0.0,0.0,0.0,0.0,0.25,0.043478260869565216,0.0
14399,Brian Moody,2271,0.0303,2028.0,2028.0,0.0,Synthpop,Solo,0,1,1,0.0,1,1,0.0,0,1,1,1,0,1,1,0.0,0.0,0.0,0,0,0.0,0.041666666666666664,0.043478260869565216,0.0,0.0,0.0,0.0,0.25,0.043478260869565216,0.0
16116,Yang Wan,2271,0.0303,2028.0,2028.0,0.0,Jazz Surf Rock,Solo,0,0,1,0.0,1,1,0.0,0,1,1,1,0,1,1,0.0,0.0,0.0,0,0,0.0,0.041666666666666664,0.043478260869565216,0.0,0.0,0.0,0.0,0.25,0.043478260869565216,0.0
16113,Yan Xia,2271,0.0303,2028.0,2028.0,0.0,Jazz Surf Rock,Solo,0,0,1,0.0,1,1,0.0,0,1,1,1,0,1,1,0.0,0.0,0.0,0,0,0.0,0.041666666666666664,0.043478260869565216,0.0,0.0,0.0,0.0,0.25,0.043478260869565216,0.0
16112,Chao Peng,2271,0.0303,2028.0,2028.0,0.0,Jazz Surf Rock,Solo,0,0,1,0.0,1,1,0.0,0,1,1,1,0,1,1,0.0,0.0,0.0,0,0,0.0,0.041666666666666664,0.043478260869565216,0.0,0.0,0.0,0.0,0.25,0.043478260869565216,0.0
4896,Wei Mo,2271,0.0303,2027.0,2027.0,0.0,Jazz Surf Rock,Solo,0,1,1,0.0,1,1,0.0,0,1,1,1,0,1,1,0.0,0.0,0.0,0,0,0.0,0.041666666666666664,0.043478260869565216,0.0,0.0,0.0,0.0,0.25,0.043478260869565216,0.0
6692,Rodolfo Montecchi-Bonomo,2271,0.0303,2026.0,2026.0,0.0,Synthwave,Solo,0,1,1,0.0,1,1,0.0,0,1,1,1,0,1,1,0.0,0.0,0.0,0,0,0.0,0.041666666666666664,0.043478260869565216,0.0,0.0,0.0,0.0,0.25,0.043478260869565216,0.0
14400,Monica Mason,2271,0.0303,2028.0,2028.0,0.0,Synthpop,Solo,0,1,1,0.0,1,1,0.0,0,1,1,1,0,1,1,0.0,0.0,0.0,0,0,0.0,0.041666666666666664,0.043478260869565216,0.0,0.0,0.0,0.0,0.25,0.043478260869565216,0.0
5631,Wojciech Ratka,2271,0.0303,2027.0,2027.0,0.0,Indie Rock,Solo,0,1,1,0.0,1,1,0.0,0,1,1,1,0,1,1,0.0,0.0,0.0,0,0,0.0,0.041666666666666664,0.043478260869565216,0.0,0.0,0.0,0.0,0.25,0.043478260869565216,0.0
6208,Yang Tang,2271,0.0303,2027.0,2027.0,0.0,Alternative Rock,Solo,0,1,1,0.0,1,1,0.0,0,1,1,1,0,1,1,0.0,0.0,0.0,0,0,0.0,0.041666666666666664,0.043478260869565216,0.0,0.0,0.0,0.0,0.25,0.043478260869565216,0.0
13572,Jun Gong,2271,0.0303,2029.0,2029.0,0.0,Darkwave,Solo,0,0,1,0.0,1,1,0.0,0,1,1,1,0,1,1,0.0,0.0,0.0,0,0,0.0,0.041666666666666664,0.043478260869565216,0.0,0.0,0.0,0.0,0.25,0.043478260869565216,0.0
14871,Ping Yang,2271,0.0303,2026.0,2026.0,0.0,Indie Folk,Solo,0,1,1,0.0,1,1,0.0,0,1,1,1,0,1,1,0.0,0.0,0.0,0,0,0.0,0.041666666666666664,0.043478260869565216,0.0,0.0,0.0,0.0,0.25,0.043478260869565216,0.0
14869,Wei Lei,2271,0.0303,2026.0,2026.0,0.0,Indie Folk,Solo,0,1,1,0.0,1,1,0.0,0,1,1,1,0,1,1,0.0,0.0,0.0,0,0,0.0,0.041666666666666664,0.043478260869565216,0.0,0.0,0.0,0.0,0.25,0.043478260869565216,0.0
13571,Chao Tao,2271,0.0303,2029.0,2029.0,0.0,Darkwave,Solo,0,0,1,0.0,1,1,0.0,0,1,1,1,0,1,1,0.0,0.0,0.0,0,0,0.0,0.041666666666666664,0.043478260869565216,0.0,0.0,0.0,0.0,0.25,0.043478260869565216,0.0
14564,Alexis Moore,2271,0.0303,2026.0,2026.0,0.0,Jazz Surf Rock,Solo,0,1,1,0.0,1,1,0.0,0,1,1,1,0,1,1,0.0,0.0,0.0,0,0,0.0,0.041666666666666664,0.043478260869565216,0.0,0.0,0.0,0.0,0.25,0.043478260869565216,0.0
12556,Lei Lai,2271,0.0303,2027.0,2027.0,0.0,Desert Rock,Solo,0,1,1,0.0,1,1,0.0,0,1,1,1,0,1,1,0.0,0.0,0.0,0,0,0.0,0.041666666666666664,0.043478260869565216,0.0,0.0,0.0,0.0,0.25,0.043478260869565216,0.0
14565,Yong Yan,2271,0.0303,2026.0,2026.0,0.0,Jazz Surf Rock,Solo,0,1,1,0.0,1,1,0.0,0,1,1,1,0,1,1,0.0,0.0,0.0,0,0,0.0,0.041666666666666664,0.043478260869565216,0.0,0.0,0.0,0.0,0.25,0.043478260869565216,0.0
4893,Jie Mao,2271,0.0303,2027.0,2027.0,0.0,Jazz Surf Rock,Solo,0,1,1,0.0,1,1,0.0,0,1,1,1,0,1,1,0.0,0.0,0.0,0,0,0.0,0.041666666666666664,0.043478260869565216,0.0,0.0,0.0,0.0,0.25,0.043478260869565216,0.0
12687,Matthew Best,2317,0.0302,2031.0,2031.0,0.0,Alternative Rock,Solo,0,1,1,0.0,1,2,0.0,1,1,0,0,0,1,2,0.0,0.0,0.0,0,0,0.0,0.041666666666666664,0.08695652173913043,0.0,0.0,0.047619047619047616,0.0,0.0,0.043478260869565216,0.5
6696,Emily Brooks,2318,0.0296,2026.0,2026.0,0.0,Americana,Solo,0,1,1,0.0,2,1,0.0,0,1,0,0,0,2,2,0.0,0.0,0.0,0,0,0.0,0.08333333333333333,0.043478260869565216,0.0,0.0,0.0,0.0,0.0,0.08695652173913043,0.5
6694,Phillip Hampton,2318,0.0296,2026.0,2026.0,0.0,Americana,Solo,0,1,1,0.0,2,1,0.0,0,1,0,0,0,2,2,0.0,0.0,0.0,0,0,0.0,0.08333333333333333,0.043478260869565216,0.0,0.0,0.0,0.0,0.0,0.08695652173913043,0.5
10076,Ming He,2320,0.0293,2026.0,2026.0,0.0,Darkwave,Solo,0,1,1,0.0,0,4,0.0,0,1,0,0,0,0,2,0.0,0.0,0.0,0,0,0.0,0.0,0.17391304347826086,0.0,0.0,0.0,0.0,0.0,0.0,0.5
10817,Nino Pasolini,2320,0.0293,2025.0,2025.0,0.0,Indie Rock,Solo,0,1,1,0.0,0,4,0.0,0,1,0,0,0,0,2,0.0,0.0,0.0,0,0,0.0,0.0,0.17391304347826086,0.0,0.0,0.0,0.0,0.0,0.0,0.5
10078,Tao Yu,2320,0.0293,2026.0,2026.0,0.0,Darkwave,Solo,0,1,1,0.0,0,4,0.0,0,1,0,0,0,0,2,0.0,0.0,0.0,0,0,0.0,0.0,0.17391304347826086,0.0,0.0,0.0,0.0,0.0,0.0,0.5
10853,Imelda Reising-Franke,2323,0.0292,2027.0,2027.0,0.0,Dream Pop,Solo,0,1,1,0.0,1,0,0.0,0,1,1,1,0,1,2,0.0,0.0,0.0,0,0,0.0,0.041666666666666664,0.0,0.0,0.0,0.0,0.0,0.25,0.043478260869565216,0.5
14612,Claude Jean,2323,0.0292,2027.0,2027.0,0.0,Alternative Rock,Solo,0,1,1,0.0,1,0,0.0,0,1,1,1,0,1,2,0.0,0.0,0.0,0,0,0.0,0.041666666666666664,0.0,0.0,0.0,0.0,0.0,0.25,0.043478260869565216,0.5
9189,Giulietta Parini,2323,0.0292,2026.0,2026.0,0.0,Space Rock,Solo,0,1,1,0.0,1,0,0.0,0,1,1,1,0,1,2,0.0,0.0,0.0,0,0,0.0,0.041666666666666664,0.0,0.0,0.0,0.0,0.0,0.25,0.043478260869565216,0.5
8765,Ira Gole,2323,0.0292,2028.0,2028.0,0.0,Lo-Fi Electronica,Solo,0,1,1,0.0,1,0,0.0,0,1,1,1,0,1,2,0.0,0.0,0.0,0,0,0.0,0.041666666666666664,0.0,0.0,0.0,0.0,0.0,0.25,0.043478260869565216,0.5
15519,Chao Zhao,2323,0.0292,2028.0,2028.0,0.0,Desert Rock,Solo,0,1,1,0.0,1,0,0.0,0,1,1,1,0,1,2,0.0,0.0,0.0,0,0,0.0,0.041666666666666664,0.0,0.0,0.0,0.0,0.0,0.25,0.043478260869565216,0.5
5323,Leroy Reeves,2323,0.0292,2027.0,2027.0,0.0,Dream Pop,Solo,0,1,1,0.0,1,0,0.0,0,1,1,1,0,1,2,0.0,0.0,0.0,0,0,0.0,0.041666666666666664,0.0,0.0,0.0,0.0,0.0,0.25,0.043478260869565216,0.5
15228,Jason Mcpherson,2323,0.0292,2026.0,2026.0,0.0,Southern Gothic Rock,Solo,0,1,1,0.0,1,0,0.0,0,1,1,1,0,1,2,0.0,0.0,0.0,0,0,0.0,0.041666666666666664,0.0,0.0,0.0,0.0,0.0,0.25,0.043478260869565216,0.5
13274,Nicole Valenzuela,2323,0.0292,2026.0,2026.0,0.0,Dream Pop,Solo,0,1,1,0.0,1,0,0.0,0,1,1,1,0,1,2,0.0,0.0,0.0,0,0,0.0,0.041666666666666664,0.0,0.0,0.0,0.0,0.0,0.25,0.043478260869565216,0.5
10436,Julie Larson,2323,0.0292,2027.0,2027.0,0.0,Southern Gothic Rock,Solo,0,1,1,0.0,1,0,0.0,0,1,1,1,0,1,2,0.0,0.0,0.0,0,0,0.0,0.041666666666666664,0.0,0.0,0.0,0.0,0.0,0.25,0.043478260869565216,0.5
13074,Jennifer Coleman,2323,0.0292,2025.0,2025.0,0.0,Space Rock,Solo,0,1,1,0.0,1,0,0.0,0,1,1,1,0,1,2,0.0,0.0,0.0,0,0,0.0,0.041666666666666664,0.0,0.0,0.0,0.0,0.0,0.25,0.043478260869565216,0.5
4710,Qiang Tian,2323,0.0292,2026.0,2026.0,0.0,Dream Pop,Solo,0,1,1,0.0,1,0,0.0,0,1,1,1,0,1,2,0.0,0.0,0.0,0,0,0.0,0.041666666666666664,0.0,0.0,0.0,0.0,0.0,0.25,0.043478260869565216,0.5
10044,James Goodwin,2323,0.0292,2026.0,2026.0,0.0,Emo/Pop Punk,Solo,0,1,1,0.0,1,0,0.0,0,1,1,1,0,1,2,0.0,0.0,0.0,0,0,0.0,0.041666666666666664,0.0,0.0,0.0,0.0,0.0,0.25,0.043478260869565216,0.5
10167,Min Kang,2323,0.0292,2029.0,2029.0,0.0,Synthwave,Solo,0,1,1,0.0,1,0,0.0,0,1,1,1,0,1,2,0.0,0.0,0.0,0,0,0.0,0.041666666666666664,0.0,0.0,0.0,0.0,0.0,0.25,0.043478260869565216,0.5
15593,Lara Filippelli,2323,0.0292,2027.0,2027.0,0.0,Americana,Solo,0,1,1,0.0,1,0,0.0,0,1,1,1,0,1,2,0.0,0.0,0.0,0,0,0.0,0.041666666666666664,0.0,0.0,0.0,0.0,0.0,0.25,0.043478260869565216,0.5
4052,Xiulan Wan,2337,0.0286,2029.0,2029.0,0.0,Dream Pop,Solo,0,1,1,0.0,1,1,0.0,0,1,1,1,0,0,1,0.0,0.0,0.0,0,0,0.0,0.041666666666666664,0.043478260869565216,0.0,0.0,0.0,0.0,0.25,0.0,0.0
9257,Chao Ye,2337,0.0286,2027.0,2029.0,2.0,Symphonic Metal,Solo,0,1,2,0.0,1,1,0.0,0,1,1,1,0,0,1,0.0,0.0,0.0,0,0,0.0,0.041666666666666664,0.043478260869565216,0.0,0.0,0.0,0.0,0.25,0.0,0.0
4054,Chao Dai,2337,0.0286,2029.0,2029.0,0.0,Dream Pop,Solo,0,1,1,0.0,1,1,0.0,0,1,1,1,0,0,1,0.0,0.0,0.0,0,0,0.0,0.041666666666666664,0.043478260869565216,0.0,0.0,0.0,0.0,0.25,0.0,0.0
14536,Samantha Campbell,2337,0.0286,2025.0,2025.0,0.0,Indie Pop,Solo,0,1,1,0.0,1,1,0.0,0,1,1,1,0,0,1,0.0,0.0,0.0,0,0,0.0,0.041666666666666664,0.043478260869565216,0.0,0.0,0.0,0.0,0.25,0.0,0.0
5557,Kendra Green,2341,0.0285,2029.0,2029.0,0.0,Southern Gothic Rock,Velvet Prism,0,1,1,0.0,2,0,0.0,0,1,0,0,0,2,3,0.0,0.0,0.0,0,0,0.0,0.08333333333333333,0.0,0.0,0.0,0.0,0.0,0.0,0.08695652173913043,1.0
10626,Helmtrud Mälzer-Paffrath,2342,0.028,2030.0,2030.0,0.0,Dream Pop,Solo,0,0,1,0.0,1,0,0.0,1,1,1,1,0,1,1,0.0,0.0,0.0,0,0,0.0,0.041666666666666664,0.0,0.0,0.0,0.047619047619047616,0.0,0.25,0.043478260869565216,0.0
14712,Ming Ding,2342,0.028,2030.0,2030.0,0.0,Indie Folk,Solo,0,1,1,0.0,1,0,0.0,1,1,1,1,0,1,1,0.0,0.0,0.0,0,0,0.0,0.041666666666666664,0.0,0.0,0.0,0.047619047619047616,0.0,0.25,0.043478260869565216,0.0
14677,Beata Budig,2342,0.028,2031.0,2031.0,0.0,Alternative Rock,Solo,0,1,1,0.0,1,0,0.0,1,1,1,1,0,1,1,0.0,0.0,0.0,0,0,0.0,0.041666666666666664,0.0,0.0,0.0,0.047619047619047616,0.0,0.25,0.043478260869565216,0.0
928,Qiang Qian,2345,0.0277,2027.0,2027.0,0.0,Indie Folk,Solo,0,0,1,0.0,3,0,0.0,0,1,0,0,0,3,1,0.1667,0.0,0.3333333333333333,0,1,0.0,0.125,0.0,0.0,0.0,0.0,0.0,0.0,0.13043478260869565,0.0
15058,Jun Wan,2345,0.0277,2029.0,2029.0,0.0,Indie Folk,Solo,0,1,1,0.0,3,0,0.0,0,1,0,0,0,3,1,0.0,0.0,0.0,0,0,0.0,0.125,0.0,0.0,0.0,0.0,0.0,0.0,0.13043478260869565,0.0
927,Na Wu,2345,0.0277,2027.0,2027.0,0.0,Indie Folk,Solo,0,0,1,0.0,3,0,0.0,0,1,0,0,0,3,1,0.1667,0.0,0.3333333333333333,0,1,0.0,0.125,0.0,0.0,0.0,0.0,0.0,0.0,0.13043478260869565,0.0
926,Gang Su,2345,0.0277,2027.0,2027.0,0.0,Indie Folk,Solo,0,0,1,0.0,3,0,0.0,0,1,0,0,0,3,1,0.1667,0.0,0.3333333333333333,0,1,0.0,0.125,0.0,0.0,0.0,0.0,0.0,0.0,0.13043478260869565,0.0
11707,Lei Ma,2345,0.0277,2029.0,2029.0,0.0,Space Rock,Solo,0,0,1,0.0,3,0,0.0,0,1,0,0,0,3,1,0.0,0.0,0.0,0,0,0.0,0.125,0.0,0.0,0.0,0.0,0.0,0.0,0.13043478260869565,0.0
11708,Yan Cheng,2345,0.0277,2029.0,2029.0,0.0,Space Rock,Solo,0,0,1,0.0,3,0,0.0,0,1,0,0,0,3,1,0.0,0.0,0.0,0,0,0.0,0.125,0.0,0.0,0.0,0.0,0.0,0.0,0.13043478260869565,0.0
7764,Jing Qian,2345,0.0277,2027.0,2027.0,0.0,Jazz Surf Rock,Solo,0,1,1,0.0,3,0,0.0,0,1,0,0,0,3,1,0.0,0.0,0.0,0,0,0.0,0.125,0.0,0.0,0.0,0.0,0.0,0.0,0.13043478260869565,0.0
11710,Jie Hao,2345,0.0277,2029.0,2029.0,0.0,Space Rock,Solo,0,0,1,0.0,3,0,0.0,0,1,0,0,0,3,1,0.0,0.0,0.0,0,0,0.0,0.125,0.0,0.0,0.0,0.0,0.0,0.0,0.13043478260869565,0.0
14328,Xiuying Han,2345,0.0277,2029.0,2029.0,0.0,Synthwave,Solo,0,1,1,0.0,3,0,0.0,0,1,0,0,0,3,1,0.0,0.0,0.0,0,0,0.0,0.125,0.0,0.0,0.0,0.0,0.0,0.0,0.13043478260869565,0.0
11711,Shota Suzuki,2345,0.0277,2029.0,2029.0,0.0,Space Rock,Solo,0,0,1,0.0,3,0,0.0,0,1,0,0,0,3,1,0.0,0.0,0.0,0,0,0.0,0.125,0.0,0.0,0.0,0.0,0.0,0.0,0.13043478260869565,0.0
7212,William Kennedy,2345,0.0277,2029.0,2029.0,0.0,Symphonic Metal,Solo,0,1,1,0.0,3,0,0.0,0,1,0,0,0,3,1,0.0,0.0,0.0,0,0,0.0,0.125,0.0,0.0,0.0,0.0,0.0,0.0,0.13043478260869565,0.0
11709,Gang Wen,2345,0.0277,2029.0,2029.0,0.0,Space Rock,Solo,0,0,1,0.0,3,0,0.0,0,1,0,0,0,3,1,0.0,0.0,0.0,0,0,0.0,0.125,0.0,0.0,0.0,0.0,0.0,0.0,0.13043478260869565,0.0
11501,Nancy Arnold,2345,0.0277,2029.0,2029.0,0.0,Dream Pop,Solo,0,1,1,0.0,3,0,0.0,0,1,0,0,0,3,1,0.0,0.0,0.0,0,0,0.0,0.125,0.0,0.0,0.0,0.0,0.0,0.0,0.13043478260869565,0.0
4468,Xiulan Cheng,2358,0.0275,2028.0,2028.0,0.0,Indie Folk,Solo,0,1,1,0.0,1,3,0.0,0,1,0,0,0,1,1,0.0,0.0,0.0,0,0,0.0,0.041666666666666664,0.13043478260869565,0.0,0.0,0.0,0.0,0.0,0.043478260869565216,0.0
16684,Juan Lei,2358,0.0275,2028.0,2028.0,0.0,Dream Pop,Solo,0,1,1,0.0,1,3,0.0,0,1,0,0,0,1,1,0.0,0.0,0.0,0,0,0.0,0.041666666666666664,0.13043478260869565,0.0,0.0,0.0,0.0,0.0,0.043478260869565216,0.0
16683,Xiuying Wu,2358,0.0275,2028.0,2028.0,0.0,Dream Pop,Solo,0,1,1,0.0,1,3,0.0,0,1,0,0,0,1,1,0.0,0.0,0.0,0,0,0.0,0.041666666666666664,0.13043478260869565,0.0,0.0,0.0,0.0,0.0,0.043478260869565216,0.0
1696,Ming He,2358,0.0275,2025.0,2025.0,0.0,Psychedelic Rock,Solo,0,1,1,0.0,1,3,0.0,0,1,0,0,0,1,1,0.0,0.0,0.0,0,0,0.0,0.041666666666666664,0.13043478260869565,0.0,0.0,0.0,0.0,0.0,0.043478260869565216,0.0
11628,Antonietta Chittolini,2358,0.0275,2026.0,2026.0,0.0,Jazz Surf Rock,Solo,0,1,1,0.0,1,3,0.0,0,1,0,0,0,1,1,0.0,0.0,0.0,0,0,0.0,0.041666666666666664,0.13043478260869565,0.0,0.0,0.0,0.0,0.0,0.043478260869565216,0.0
15117,Yan Gu,2358,0.0275,2028.0,2028.0,0.0,Symphonic Metal,Solo,0,1,1,0.0,1,3,0.0,0,1,0,0,0,1,1,0.0,0.0,0.0,0,0,0.0,0.041666666666666664,0.13043478260869565,0.0,0.0,0.0,0.0,0.0,0.043478260869565216,0.0
11627,Nina Pareto,2358,0.0275,2026.0,2026.0,0.0,Jazz Surf Rock,Solo,0,1,1,0.0,1,3,0.0,0,1,0,0,0,1,1,0.0,0.0,0.0,0,0,0.0,0.041666666666666664,0.13043478260869565,0.0,0.0,0.0,0.0,0.0,0.043478260869565216,0.0
11626,Cassandra Zito,2358,0.0275,2026.0,2026.0,0.0,Jazz Surf Rock,Solo,0,1,1,0.0,1,3,0.0,0,1,0,0,0,1,1,0.0,0.0,0.0,0,0,0.0,0.041666666666666664,0.13043478260869565,0.0,0.0,0.0,0.0,0.0,0.043478260869565216,0.0
11624,Trentini,2358,0.0275,2026.0,2026.0,0.0,Jazz Surf Rock,Solo,0,1,1,0.0,1,3,0.0,0,1,0,0,0,1,1,0.0,0.0,0.0,0,0,0.0,0.041666666666666664,0.13043478260869565,0.0,0.0,0.0,0.0,0.0,0.043478260869565216,0.0
1697,Xiuying Yuan,2358,0.0275,2025.0,2025.0,0.0,Psychedelic Rock,Solo,0,1,1,0.0,1,3,0.0,0,1,0,0,0,1,1,0.0,0.0,0.0,0,0,0.0,0.041666666666666664,0.13043478260869565,0.0,0.0,0.0,0.0,0.0,0.043478260869565216,0.0
15115,Juan Dong,2358,0.0275,2028.0,2028.0,0.0,Symphonic Metal,Solo,0,1,1,0.0,1,3,0.0,0,1,0,0,0,1,1,0.0,0.0,0.0,0,0,0.0,0.041666666666666664,0.13043478260869565,0.0,0.0,0.0,0.0,0.0,0.043478260869565216,0.0
13050,ZENO THA PROPHET,2358,0.0275,2025.0,2025.0,0.0,Psychedelic Rock,Solo,0,1,1,0.0,1,3,0.0,0,1,0,0,0,1,1,0.0,0.0,0.0,0,0,0.0,0.041666666666666664,0.13043478260869565,0.0,0.0,0.0,0.0,0.0,0.043478260869565216,0.0
1698,Xiulan Ren,2358,0.0275,2025.0,2025.0,0.0,Psychedelic Rock,Solo,0,1,1,0.0,1,3,0.0,0,1,0,0,0,1,1,0.0,0.0,0.0,0,0,0.0,0.041666666666666664,0.13043478260869565,0.0,0.0,0.0,0.0,0.0,0.043478260869565216,0.0
13052,Chao Cheng,2358,0.0275,2025.0,2025.0,0.0,Psychedelic Rock,Solo,0,1,1,0.0,1,3,0.0,0,1,0,0,0,1,1,0.0,0.0,0.0,0,0,0.0,0.041666666666666664,0.13043478260869565,0.0,0.0,0.0,0.0,0.0,0.043478260869565216,0.0
7242,Ahana  Sarin,2358,0.0275,2028.0,2028.0,0.0,Indie Rock,Solo,0,1,1,0.0,1,0,0.0,0,1,1,1,0,0,2,0.0,0.0,0.0,0,0,0.0,0.041666666666666664,0.0,0.0,0.0,0.0,0.0,0.25,0.0,0.5
16403,Juan Fang,2358,0.0275,2029.0,2029.0,0.0,Dream Pop,Solo,0,1,1,0.0,1,0,0.0,0,1,1,1,0,0,2,0.5,0.0,1.0,0,1,0.0,0.041666666666666664,0.0,0.0,0.0,0.0,0.0,0.25,0.0,0.5
9907,Xiuying Lin,2358,0.0275,2029.0,2029.0,0.0,Dream Pop,Solo,0,0,1,0.0,1,3,0.0,0,1,0,0,0,1,1,0.0,0.0,0.0,0,0,0.0,0.041666666666666664,0.13043478260869565,0.0,0.0,0.0,0.0,0.0,0.043478260869565216,0.0
9906,The Phantom Manifest,2358,0.0275,2029.0,2029.0,0.0,Dream Pop,Solo,0,0,1,0.0,1,3,0.0,0,1,0,0,0,1,1,0.0,0.0,0.0,0,0,0.0,0.041666666666666664,0.13043478260869565,0.0,0.0,0.0,0.0,0.0,0.043478260869565216,0.0
1695,Wei Xue,2358,0.0275,2025.0,2025.0,0.0,Psychedelic Rock,Solo,0,1,1,0.0,1,3,0.0,0,1,0,0,0,1,1,0.0,0.0,0.0,0,0,0.0,0.041666666666666664,0.13043478260869565,0.0,0.0,0.0,0.0,0.0,0.043478260869565216,0.0
15455,Alexander Lawrence,2358,0.0275,2028.0,2028.0,0.0,Space Rock,Solo,0,1,1,0.0,1,3,0.0,0,1,0,0,0,1,1,0.0,0.0,0.0,0,0,0.0,0.041666666666666664,0.13043478260869565,0.0,0.0,0.0,0.0,0.0,0.043478260869565216,0.0
16685,Fang Mao,2358,0.0275,2028.0,2028.0,0.0,Dream Pop,Solo,0,1,1,0.0,1,3,0.0,0,1,0,0,0,1,1,0.0,0.0,0.0,0,0,0.0,0.041666666666666664,0.13043478260869565,0.0,0.0,0.0,0.0,0.0,0.043478260869565216,0.0
15453,Xiulan He,2358,0.0275,2028.0,2028.0,0.0,Space Rock,Solo,0,1,1,0.0,1,3,0.0,0,1,0,0,0,1,1,0.0,0.0,0.0,0,0,0.0,0.041666666666666664,0.13043478260869565,0.0,0.0,0.0,0.0,0.0,0.043478260869565216,0.0
5676,Xia Liang,2380,0.0272,2030.0,2030.0,0.0,Americana,Solo,0,1,1,0.0,0,2,0.0,0,1,1,1,0,0,1,0.0,0.0,0.0,0,0,0.0,0.0,0.08695652173913043,0.0,0.0,0.0,0.0,0.25,0.0,0.0
7075,Fang Hou,2380,0.0272,2028.0,2028.0,0.0,Symphonic Metal,Solo,0,1,1,0.0,0,2,0.0,0,1,1,1,0,0,1,0.0,0.0,0.0,0,0,0.0,0.0,0.08695652173913043,0.0,0.0,0.0,0.0,0.25,0.0,0.0
3200, B.B. Stone,2380,0.0272,2028.0,2028.0,0.0,Synthpop,Solo,0,1,1,0.0,0,2,0.0,0,1,1,1,0,0,1,0.0,0.0,0.0,0,0,0.0,0.0,0.08695652173913043,0.0,0.0,0.0,0.0,0.25,0.0,0.0
14325,Jie Kong,2380,0.0272,2028.0,2028.0,0.0,Symphonic Metal,Solo,0,1,1,0.0,0,2,0.0,0,1,1,1,0,0,1,0.0,0.0,0.0,0,0,0.0,0.0,0.08695652173913043,0.0,0.0,0.0,0.0,0.25,0.0,0.0
6121,Guiying Zhong,2380,0.0272,2026.0,2026.0,0.0,Darkwave,Solo,0,1,1,0.0,0,2,0.0,0,1,1,1,0,0,1,0.0,0.0,0.0,0,0,0.0,0.0,0.08695652173913043,0.0,0.0,0.0,0.0,0.25,0.0,0.0
6444,Adira Ramaswamy,2380,0.0272,2026.0,2026.0,0.0,Indie Rock,Solo,0,1,1,0.0,0,2,0.0,0,1,1,1,0,0,1,0.0,0.0,0.0,0,0,0.0,0.0,0.08695652173913043,0.0,0.0,0.0,0.0,0.25,0.0,0.0
6446,Samar Dutta,2380,0.0272,2026.0,2026.0,0.0,Indie Rock,Solo,0,1,1,0.0,0,2,0.0,0,1,1,1,0,0,1,0.0,0.0,0.0,0,0,0.0,0.0,0.08695652173913043,0.0,0.0,0.0,0.0,0.25,0.0,0.0
7268,Yang Chang,2380,0.0272,2026.0,2026.0,0.0,Dream Pop,Solo,0,1,1,0.0,0,2,0.0,0,1,1,1,0,0,1,0.0,0.0,0.0,0,0,0.0,0.0,0.08695652173913043,0.0,0.0,0.0,0.0,0.25,0.0,0.0
3202,Resonance,2380,0.0272,2028.0,2028.0,0.0,Synthpop,Solo,0,1,1,0.0,0,2,0.0,0,1,1,1,0,0,1,0.0,0.0,0.0,0,0,0.0,0.0,0.08695652173913043,0.0,0.0,0.0,0.0,0.25,0.0,0.0
6125,Xia Cui,2380,0.0272,2026.0,2026.0,0.0,Darkwave,Solo,0,1,1,0.0,0,2,0.0,0,1,1,1,0,0,1,0.0,0.0,0.0,0,0,0.0,0.0,0.08695652173913043,0.0,0.0,0.0,0.0,0.25,0.0,0.0
7267,Yan Su,2380,0.0272,2026.0,2026.0,0.0,Dream Pop,Solo,0,1,1,0.0,0,2,0.0,0,1,1,1,0,0,1,0.0,0.0,0.0,0,0,0.0,0.0,0.08695652173913043,0.0,0.0,0.0,0.0,0.25,0.0,0.0
11605,Chris Tate,2380,0.0272,2028.0,2028.0,0.0,Jazz Surf Rock,Solo,0,1,1,0.0,0,2,0.0,0,1,1,1,0,0,1,0.0,0.0,0.0,0,0,0.0,0.0,0.08695652173913043,0.0,0.0,0.0,0.0,0.25,0.0,0.0
12848, M.C. Frost,2380,0.0272,2026.0,2026.0,0.0,Indie Folk,Solo,0,1,1,0.0,0,2,0.0,0,1,1,1,0,0,1,0.0,0.0,0.0,0,0,0.0,0.0,0.08695652173913043,0.0,0.0,0.0,0.0,0.25,0.0,0.0
15234,Gang Long,2380,0.0272,2025.0,2025.0,0.0,Dream Pop,Solo,0,1,1,0.0,0,2,0.0,0,1,1,1,0,0,1,0.0,0.0,0.0,0,0,0.0,0.0,0.08695652173913043,0.0,0.0,0.0,0.0,0.25,0.0,0.0
12850,Na Chen,2380,0.0272,2026.0,2026.0,0.0,Indie Folk,Solo,0,1,1,0.0,0,2,0.0,0,1,1,1,0,0,1,0.0,0.0,0.0,0,0,0.0,0.0,0.08695652173913043,0.0,0.0,0.0,0.0,0.25,0.0,0.0
11604,Kristin Barber,2380,0.0272,2028.0,2028.0,0.0,Jazz Surf Rock,Solo,0,1,1,0.0,0,2,0.0,0,1,1,1,0,0,1,0.0,0.0,0.0,0,0,0.0,0.0,0.08695652173913043,0.0,0.0,0.0,0.0,0.25,0.0,0.0
15233,Qiang Yang,2380,0.0272,2025.0,2025.0,0.0,Dream Pop,Solo,0,1,1,0.0,0,2,0.0,0,1,1,1,0,0,1,0.0,0.0,0.0,0,0,0.0,0.0,0.08695652173913043,0.0,0.0,0.0,0.0,0.25,0.0,0.0
15232,Jun Zhou,2380,0.0272,2025.0,2025.0,0.0,Dream Pop,Solo,0,1,1,0.0,0,2,0.0,0,1,1,1,0,0,1,0.0,0.0,0.0,0,0,0.0,0.0,0.08695652173913043,0.0,0.0,0.0,0.0,0.25,0.0,0.0
14549,Juan Hao,2398,0.0264,2026.0,2026.0,0.0,Synthwave,Solo,0,1,1,0.0,1,2,0.0,0,1,0,0,0,1,2,0.0,0.0,0.0,0,0,0.0,0.041666666666666664,0.08695652173913043,0.0,0.0,0.0,0.0,0.0,0.043478260869565216,0.5
9220,Qiang Huang,2398,0.0264,2029.0,2029.0,0.0,Americana,Solo,0,1,1,0.0,1,2,0.0,0,1,0,0,0,1,2,0.0,0.0,0.0,0,0,0.0,0.041666666666666664,0.08695652173913043,0.0,0.0,0.0,0.0,0.0,0.043478260869565216,0.5
15450,Kaitlyn Castaneda PhD,2398,0.0264,2026.0,2026.0,0.0,Dream Pop,Solo,0,1,1,0.0,1,2,0.0,0,1,0,0,0,1,2,0.0,0.0,0.0,0,0,0.0,0.041666666666666664,0.08695652173913043,0.0,0.0,0.0,0.0,0.0,0.043478260869565216,0.5
12942,Taylor Martin,2398,0.0264,2026.0,2026.0,0.0,Synthwave,Solo,0,1,1,0.0,1,2,0.0,0,1,0,0,0,1,2,0.0,0.0,0.0,0,0,0.0,0.041666666666666664,0.08695652173913043,0.0,0.0,0.0,0.0,0.0,0.043478260869565216,0.5
12219, Max Power,2398,0.0264,2028.0,2028.0,0.0,Synthwave,Solo,0,1,1,0.0,1,2,0.0,0,1,0,0,0,1,2,0.0,0.0,0.0,0,0,0.0,0.041666666666666664,0.08695652173913043,0.0,0.0,0.0,0.0,0.0,0.043478260869565216,0.5
6352,Shadow Choir,2398,0.0264,2028.0,2028.0,0.0,Psychedelic Rock,Solo,0,1,1,0.0,1,2,0.0,0,1,0,0,0,1,2,0.0,0.0,0.0,0,0,0.0,0.041666666666666664,0.08695652173913043,0.0,0.0,0.0,0.0,0.0,0.043478260869565216,0.5
1380,Alex Bridges,2398,0.0264,2028.0,2028.0,0.0,Psychedelic Rock,Solo,0,1,1,0.0,1,2,0.0,0,1,0,0,0,1,2,0.0,0.0,0.0,0,0,0.0,0.041666666666666664,0.08695652173913043,0.0,0.0,0.0,0.0,0.0,0.043478260869565216,0.5
3899,Tao Cai,2398,0.0264,2027.0,2027.0,0.0,Desert Rock,Solo,0,1,1,0.0,1,2,0.0,0,1,0,0,0,1,2,0.0,0.0,0.0,0,0,0.0,0.041666666666666664,0.08695652173913043,0.0,0.0,0.0,0.0,0.0,0.043478260869565216,0.5
16308,Ping Hou,2398,0.0264,2025.0,2025.0,0.0,Indie Folk,Solo,0,1,1,0.0,1,2,0.0,0,1,0,0,0,1,2,0.0,0.0,0.0,0,0,0.0,0.041666666666666664,0.08695652173913043,0.0,0.0,0.0,0.0,0.0,0.043478260869565216,0.5
11811,Stephanie Fowler,2398,0.0264,2029.0,2029.0,0.0,Indie Folk,Solo,0,1,1,0.0,1,2,0.0,0,1,0,0,0,1,2,0.5,0.0,1.0,0,1,0.0,0.041666666666666664,0.08695652173913043,0.0,0.0,0.0,0.0,0.0,0.043478260869565216,0.5
13313,Rika Maeda,2398,0.0264,2026.0,2026.0,0.0,Indie Folk,Solo,0,1,1,0.0,1,2,0.0,0,1,0,0,0,1,2,0.0,0.0,0.0,0,0,0.0,0.041666666666666664,0.08695652173913043,0.0,0.0,0.0,0.0,0.0,0.043478260869565216,0.5
9740,Jun Zou,2398,0.0264,2025.0,2025.0,0.0,Oceanus Folk,Solo,0,1,1,0.0,1,2,0.0,0,1,0,0,0,1,2,0.5,1.0,0.0,1,0,0.0,0.041666666666666664,0.08695652173913043,0.0,0.0,0.0,0.0,0.0,0.043478260869565216,0.5
2231,Chao Yan,2398,0.0264,2026.0,2026.0,0.0,Space Rock,Solo,0,1,1,0.0,1,2,0.0,0,1,0,0,0,1,2,0.0,0.0,0.0,0,0,0.0,0.041666666666666664,0.08695652173913043,0.0,0.0,0.0,0.0,0.0,0.043478260869565216,0.5
10992,Travis Schmitt,2398,0.0264,2029.0,2029.0,0.0,Dream Pop,Solo,0,1,1,0.0,1,2,0.0,0,1,0,0,0,1,2,0.0,0.0,0.0,0,0,0.0,0.041666666666666664,0.08695652173913043,0.0,0.0,0.0,0.0,0.0,0.043478260869565216,0.5
10802,Misha Batta,2398,0.0264,2029.0,2029.0,0.0,Darkwave,Solo,0,1,1,0.0,1,2,0.0,0,1,0,0,0,1,2,0.0,0.0,0.0,0,0,0.0,0.041666666666666664,0.08695652173913043,0.0,0.0,0.0,0.0,0.0,0.043478260869565216,0.5
12032,Kayla Martinez,2398,0.0264,2029.0,2029.0,0.0,Dream Pop,Solo,0,1,1,0.0,1,2,0.0,0,1,0,0,0,1,2,0.0,0.0,0.0,0,0,0.0,0.041666666666666664,0.08695652173913043,0.0,0.0,0.0,0.0,0.0,0.043478260869565216,0.5
10966,Gang Zhao,2414,0.0258,2029.0,2029.0,0.0,Space Rock,Solo,0,1,1,0.0,1,3,0.0,0,1,0,0,0,0,1,0.0,0.0,0.0,0,0,0.0,0.041666666666666664,0.13043478260869565,0.0,0.0,0.0,0.0,0.0,0.0,0.0
10964,Chao Dai,2414,0.0258,2029.0,2029.0,0.0,Space Rock,Solo,0,1,1,0.0,1,3,0.0,0,1,0,0,0,0,1,0.0,0.0,0.0,0,0,0.0,0.041666666666666664,0.13043478260869565,0.0,0.0,0.0,0.0,0.0,0.0,0.0
10967,Juan Yin,2414,0.0258,2029.0,2029.0,0.0,Space Rock,Solo,0,1,1,0.0,1,3,0.0,0,1,0,0,0,0,1,0.0,0.0,0.0,0,0,0.0,0.041666666666666664,0.13043478260869565,0.0,0.0,0.0,0.0,0.0,0.0,0.0
12688,Linda Burns,2417,0.0252,2031.0,2031.0,0.0,Alternative Rock,Solo,0,1,1,0.0,1,2,0.0,1,1,0,0,0,1,1,0.0,0.0,0.0,0,0,0.0,0.041666666666666664,0.08695652173913043,0.0,0.0,0.047619047619047616,0.0,0.0,0.043478260869565216,0.0
12686,James Medina,2417,0.0252,2031.0,2031.0,0.0,Alternative Rock,Solo,0,1,1,0.0,1,2,0.0,1,1,0,0,0,1,1,0.0,0.0,0.0,0,0,0.0,0.041666666666666664,0.08695652173913043,0.0,0.0,0.047619047619047616,0.0,0.0,0.043478260869565216,0.0
11512,Jody Jones,2419,0.0246,2029.0,2029.0,0.0,Post-Apocalyptic Folk,Solo,0,1,1,0.0,2,1,0.0,0,1,0,0,0,2,1,0.0,0.0,0.0,0,0,0.0,0.08333333333333333,0.043478260869565216,0.0,0.0,0.0,0.0,0.0,0.08695652173913043,0.0
11510,Todd Thompson,2419,0.0246,2029.0,2029.0,0.0,Post-Apocalyptic Folk,Solo,0,1,1,0.0,2,1,0.0,0,1,0,0,0,2,1,0.0,0.0,0.0,0,0,0.0,0.08333333333333333,0.043478260869565216,0.0,0.0,0.0,0.0,0.0,0.08695652173913043,0.0
5320,Bianca Peano,2421,0.0243,2025.0,2025.0,0.0,Indie Rock,Solo,0,1,1,0.0,0,4,0.0,0,1,0,0,0,0,1,0.0,0.0,0.0,0,0,0.0,0.0,0.17391304347826086,0.0,0.0,0.0,0.0,0.0,0.0,0.0
10077,Jun Ma,2421,0.0243,2026.0,2026.0,0.0,Darkwave,Solo,0,1,1,0.0,0,4,0.0,0,1,0,0,0,0,1,0.0,0.0,0.0,0,0,0.0,0.0,0.17391304347826086,0.0,0.0,0.0,0.0,0.0,0.0,0.0
10079,Tao Xiang,2421,0.0243,2026.0,2026.0,0.0,Darkwave,Solo,0,1,1,0.0,0,4,0.0,0,1,0,0,0,0,1,0.0,0.0,0.0,0,0,0.0,0.0,0.17391304347826086,0.0,0.0,0.0,0.0,0.0,0.0,0.0
10816,Velvet Anachronism,2421,0.0243,2025.0,2025.0,0.0,Indie Rock,Solo,0,1,1,0.0,0,4,0.0,0,1,0,0,0,0,1,0.0,0.0,0.0,0,0,0.0,0.0,0.17391304347826086,0.0,0.0,0.0,0.0,0.0,0.0,0.0
2856,William Smith,2425,0.0242,2028.0,2028.0,0.0,Dream Pop,Solo,0,0,1,0.0,1,0,0.0,0,1,1,1,0,1,1,0.0,0.0,0.0,0,0,0.0,0.041666666666666664,0.0,0.0,0.0,0.0,0.0,0.25,0.043478260869565216,0.0
2855,Nicole Smith,2425,0.0242,2028.0,2028.0,0.0,Dream Pop,Solo,0,0,1,0.0,1,0,0.0,0,1,1,1,0,1,1,0.0,0.0,0.0,0,0,0.0,0.041666666666666664,0.0,0.0,0.0,0.0,0.0,0.25,0.043478260869565216,0.0
2853,Min Ren,2425,0.0242,2028.0,2028.0,0.0,Dream Pop,Solo,0,0,1,0.0,1,0,0.0,0,1,1,1,0,1,1,0.0,0.0,0.0,0,0,0.0,0.041666666666666664,0.0,0.0,0.0,0.0,0.0,0.25,0.043478260869565216,0.0
1896,Na Tao,2425,0.0242,2025.0,2025.0,0.0,Desert Rock,Solo,0,1,1,0.0,1,0,0.0,0,1,1,1,0,1,1,0.0,0.0,0.0,0,0,0.0,0.041666666666666664,0.0,0.0,0.0,0.0,0.0,0.25,0.043478260869565216,0.0
15615,Xiulan Ma,2425,0.0242,2025.0,2025.0,0.0,Desert Rock,Solo,0,1,1,0.0,1,0,0.0,0,1,1,1,0,1,1,0.0,0.0,0.0,0,0,0.0,0.041666666666666664,0.0,0.0,0.0,0.0,0.0,0.25,0.043478260869565216,0.0
2854,Guiying Xie,2425,0.0242,2028.0,2028.0,0.0,Dream Pop,Solo,0,0,1,0.0,1,0,0.0,0,1,1,1,0,1,1,0.0,0.0,0.0,0,0,0.0,0.041666666666666664,0.0,0.0,0.0,0.0,0.0,0.25,0.043478260869565216,0.0
14005,Ming Wan,2425,0.0242,2028.0,2028.0,0.0,Synthwave,Solo,0,1,1,0.0,1,0,0.0,0,1,1,1,0,1,1,0.0,0.0,0.0,0,0,0.0,0.041666666666666664,0.0,0.0,0.0,0.0,0.0,0.25,0.043478260869565216,0.0
12265,Matthew Davidson,2425,0.0242,2025.0,2025.0,0.0,Speed Metal,Solo,0,1,1,0.0,1,0,0.0,0,1,1,1,0,1,1,0.0,0.0,0.0,0,0,0.0,0.041666666666666664,0.0,0.0,0.0,0.0,0.0,0.25,0.043478260869565216,0.0
13044,Maurycy Seidel,2425,0.0242,2027.0,2027.0,0.0,Psychedelic Rock,Solo,0,1,1,0.0,1,0,0.0,0,1,1,1,0,1,1,0.0,0.0,0.0,0,0,0.0,0.041666666666666664,0.0,0.0,0.0,0.0,0.0,0.25,0.043478260869565216,0.0
4956, Banks,2425,0.0242,2027.0,2027.0,0.0,Indie Rock,Solo,0,1,1,0.0,1,0,0.0,0,1,1,1,0,1,1,0.0,0.0,0.0,0,0,0.0,0.041666666666666664,0.0,0.0,0.0,0.0,0.0,0.25,0.043478260869565216,0.0
7404,Wei Yao,2425,0.0242,2027.0,2027.0,0.0,Dream Pop,Solo,0,1,1,0.0,1,0,0.0,0,1,1,1,0,1,1,0.5,0.0,1.0,0,1,0.0,0.041666666666666664,0.0,0.0,0.0,0.0,0.0,0.25,0.043478260869565216,0.0
14585,Valentine Jourdan du Schneider,2425,0.0242,2029.0,2029.0,0.0,Dream Pop,Solo,0,1,1,0.0,1,0,0.0,0,1,1,1,0,1,1,0.0,0.0,0.0,0,0,0.0,0.041666666666666664,0.0,0.0,0.0,0.0,0.0,0.25,0.043478260869565216,0.0
6549,Jing Xia,2425,0.0242,2025.0,2025.0,0.0,Dream Pop,Solo,0,1,1,0.0,1,0,0.0,0,1,1,1,0,1,1,0.0,0.0,0.0,0,0,0.0,0.041666666666666664,0.0,0.0,0.0,0.0,0.0,0.25,0.043478260869565216,0.0
15554,Tao Dai,2425,0.0242,2026.0,2026.0,0.0,Dream Pop,Solo,0,1,1,0.0,1,0,0.0,0,1,1,1,0,1,1,0.0,0.0,0.0,0,0,0.0,0.041666666666666664,0.0,0.0,0.0,0.0,0.0,0.25,0.043478260869565216,0.0
261,Shawn Hart,2425,0.0242,2029.0,2029.0,0.0,Dream Pop,Solo,0,1,1,0.0,1,0,0.0,0,1,1,1,0,1,1,0.0,0.0,0.0,0,0,0.0,0.041666666666666664,0.0,0.0,0.0,0.0,0.0,0.25,0.043478260869565216,0.0
5245,Guiying Hou,2425,0.0242,2027.0,2027.0,0.0,Jazz Surf Rock,Solo,0,1,1,0.0,1,0,0.0,0,1,1,1,0,1,1,0.0,0.0,0.0,0,0,0.0,0.041666666666666664,0.0,0.0,0.0,0.0,0.0,0.25,0.043478260869565216,0.0
8941,Samuel Lewis,2441,0.0241,2030.0,2030.0,0.0,Indie Folk,Solo,0,1,1,0.0,1,1,0.0,1,1,0,0,0,1,2,0.0,0.0,0.0,0,0,0.0,0.041666666666666664,0.043478260869565216,0.0,0.0,0.047619047619047616,0.0,0.0,0.043478260869565216,0.5
17077,Lena Nightingale,2442,0.0235,2033.0,2035.0,2.0,Blues Rock,Solo,0,0,5,0.0,2,0,0.0,0,1,0,0,0,2,2,0.0,0.0,0.0,0,0,0.0,0.08333333333333333,0.0,0.0,0.0,0.0,0.0,0.0,0.08695652173913043,0.5
5724,Jason Davis,2442,0.0235,2028.0,2028.0,0.0,Psychedelic Rock,Solo,0,0,1,0.0,2,0,0.0,0,1,0,0,0,2,2,0.0,0.0,0.0,0,0,0.0,0.08333333333333333,0.0,0.0,0.0,0.0,0.0,0.0,0.08695652173913043,0.5
1788,Melissa Harris,2442,0.0235,2026.0,2026.0,0.0,Indie Folk,Solo,0,1,1,0.0,2,0,0.0,0,1,0,0,0,2,2,0.0,0.0,0.0,0,0,0.0,0.08333333333333333,0.0,0.0,0.0,0.0,0.0,0.0,0.08695652173913043,0.5
9629,Min Meng,2442,0.0235,2029.0,2029.0,0.0,Desert Rock,Solo,0,1,1,0.0,2,0,0.0,0,1,0,0,0,2,2,0.25,0.0,0.5,0,1,0.0,0.08333333333333333,0.0,0.0,0.0,0.0,0.0,0.0,0.08695652173913043,0.5
8959,René Sans,2446,0.0233,2027.0,2027.0,0.0,Alternative Rock,Solo,0,1,1,0.0,0,3,0.0,0,1,0,0,0,0,2,0.0,0.0,0.0,0,0,0.0,0.0,0.13043478260869565,0.0,0.0,0.0,0.0,0.0,0.0,0.5
7579,Darren Pineda,2447,0.0223,2030.0,2030.0,0.0,Dream Pop,Solo,0,0,1,0.0,2,0,0.0,1,1,0,0,0,2,1,0.0,0.0,0.0,0,0,0.0,0.08333333333333333,0.0,0.0,0.0,0.047619047619047616,0.0,0.0,0.08695652173913043,0.0
13501,Juan Yi,2447,0.0223,2030.0,2030.0,0.0,Alternative Rock,Solo,0,1,1,0.0,2,0,0.0,1,1,0,0,0,2,1,0.0,0.0,0.0,0,0,0.0,0.08333333333333333,0.0,0.0,0.0,0.047619047619047616,0.0,0.0,0.08695652173913043,0.0
392,Jing Yang,2447,0.0223,2030.0,2030.0,0.0,Dream Pop,Solo,0,1,1,0.0,2,0,0.0,1,1,0,0,0,2,1,0.0,0.0,0.0,0,0,0.0,0.08333333333333333,0.0,0.0,0.0,0.047619047619047616,0.0,0.0,0.08695652173913043,0.0
7577,Qiang Mo,2447,0.0223,2030.0,2030.0,0.0,Dream Pop,Solo,0,0,1,0.0,2,0,0.0,1,1,0,0,0,2,1,0.0,0.0,0.0,0,0,0.0,0.08333333333333333,0.0,0.0,0.0,0.047619047619047616,0.0,0.0,0.08695652173913043,0.0
7576, Bella Nova,2447,0.0223,2030.0,2030.0,0.0,Dream Pop,Solo,0,0,1,0.0,2,0,0.0,1,1,0,0,0,2,1,0.0,0.0,0.0,0,0,0.0,0.08333333333333333,0.0,0.0,0.0,0.047619047619047616,0.0,0.0,0.08695652173913043,0.0
9832,Herminia Vazquez-Sainz,2452,0.0217,2025.0,2025.0,0.0,Space Rock,Solo,0,1,1,0.0,2,0,0.0,0,1,0,0,0,1,2,0.0,0.0,0.0,0,0,0.0,0.08333333333333333,0.0,0.0,0.0,0.0,0.0,0.0,0.043478260869565216,0.5
10942,Gang Cai,2452,0.0217,2025.0,2025.0,0.0,Indie Rock,Solo,0,1,1,0.0,2,0,0.0,0,1,0,0,0,1,2,0.0,0.0,0.0,0,0,0.0,0.08333333333333333,0.0,0.0,0.0,0.0,0.0,0.0,0.043478260869565216,0.5
14550,Na Huang,2454,0.0214,2026.0,2026.0,0.0,Synthwave,Solo,0,1,1,0.0,1,2,0.0,0,1,0,0,0,1,1,0.0,0.0,0.0,0,0,0.0,0.041666666666666664,0.08695652173913043,0.0,0.0,0.0,0.0,0.0,0.043478260869565216,0.0
12033,Thomas Mccoy,2454,0.0214,2029.0,2029.0,0.0,Dream Pop,Solo,0,1,1,0.0,1,2,0.0,0,1,0,0,0,1,1,0.0,0.0,0.0,0,0,0.0,0.041666666666666664,0.08695652173913043,0.0,0.0,0.0,0.0,0.0,0.043478260869565216,0.0
1381,Adam Carter,2454,0.0214,2028.0,2028.0,0.0,Psychedelic Rock,Solo,0,1,1,0.0,1,2,0.0,0,1,0,0,0,1,1,0.0,0.0,0.0,0,0,0.0,0.041666666666666664,0.08695652173913043,0.0,0.0,0.0,0.0,0.0,0.043478260869565216,0.0
1382,David Richardson,2454,0.0214,2028.0,2028.0,0.0,Psychedelic Rock,Solo,0,1,1,0.0,1,2,0.0,0,1,0,0,0,1,1,0.0,0.0,0.0,0,0,0.0,0.041666666666666664,0.08695652173913043,0.0,0.0,0.0,0.0,0.0,0.043478260869565216,0.0
14548,Wei Zhu,2454,0.0214,2026.0,2026.0,0.0,Synthwave,Solo,0,1,1,0.0,1,2,0.0,0,1,0,0,0,1,1,0.0,0.0,0.0,0,0,0.0,0.041666666666666664,0.08695652173913043,0.0,0.0,0.0,0.0,0.0,0.043478260869565216,0.0
7357,Ian Dawson,2454,0.0214,2029.0,2029.0,0.0,Indie Rock,Solo,0,1,1,0.0,1,2,0.0,0,1,0,0,0,1,1,0.0,0.0,0.0,0,0,0.0,0.041666666666666664,0.08695652173913043,0.0,0.0,0.0,0.0,0.0,0.043478260869565216,0.0
16307,Xiulan Hou,2454,0.0214,2025.0,2025.0,0.0,Indie Folk,Solo,0,1,1,0.0,1,2,0.0,0,1,0,0,0,1,1,0.0,0.0,0.0,0,0,0.0,0.041666666666666664,0.08695652173913043,0.0,0.0,0.0,0.0,0.0,0.043478260869565216,0.0
16306,Jun Shao,2454,0.0214,2025.0,2025.0,0.0,Indie Folk,Solo,0,1,1,0.0,1,2,0.0,0,1,0,0,0,1,1,0.0,0.0,0.0,0,0,0.0,0.041666666666666664,0.08695652173913043,0.0,0.0,0.0,0.0,0.0,0.043478260869565216,0.0
5269,Gang Du,2454,0.0214,2027.0,2027.0,0.0,Space Rock,Solo,0,1,1,0.0,1,2,0.0,0,1,0,0,0,1,1,0.5,0.0,1.0,0,1,0.0,0.041666666666666664,0.08695652173913043,0.0,0.0,0.0,0.0,0.0,0.043478260869565216,0.0
11812,David Maddox,2454,0.0214,2029.0,2029.0,0.0,Indie Folk,Solo,0,1,1,0.0,1,2,0.0,0,1,0,0,0,1,1,0.5,0.0,1.0,0,1,0.0,0.041666666666666664,0.08695652173913043,0.0,0.0,0.0,0.0,0.0,0.043478260869565216,0.0
6759,Yong Lu,2454,0.0214,2028.0,2028.0,0.0,Indie Folk,Solo,0,1,1,0.0,1,2,0.0,0,1,0,0,0,1,1,0.0,0.0,0.0,0,0,0.0,0.041666666666666664,0.08695652173913043,0.0,0.0,0.0,0.0,0.0,0.043478260869565216,0.0
5271,Yong Meng,2454,0.0214,2027.0,2027.0,0.0,Space Rock,Solo,0,1,1,0.0,1,2,0.0,0,1,0,0,0,1,1,0.5,0.0,1.0,0,1,0.0,0.041666666666666664,0.08695652173913043,0.0,0.0,0.0,0.0,0.0,0.043478260869565216,0.0
5270,Xia Wei,2454,0.0214,2027.0,2027.0,0.0,Space Rock,Solo,0,1,1,0.0,1,2,0.0,0,1,0,0,0,1,1,0.5,0.0,1.0,0,1,0.0,0.041666666666666664,0.08695652173913043,0.0,0.0,0.0,0.0,0.0,0.043478260869565216,0.0
13314,Hanako Yamaguchi,2454,0.0214,2026.0,2026.0,0.0,Indie Folk,Solo,0,1,1,0.0,1,2,0.0,0,1,0,0,0,1,1,0.0,0.0,0.0,0,0,0.0,0.041666666666666664,0.08695652173913043,0.0,0.0,0.0,0.0,0.0,0.043478260869565216,0.0
16330,Jing Hao,2454,0.0214,2026.0,2026.0,0.0,Dream Pop,Solo,0,1,1,0.0,1,2,0.0,0,1,0,0,0,1,1,0.0,0.0,0.0,0,0,0.0,0.041666666666666664,0.08695652173913043,0.0,0.0,0.0,0.0,0.0,0.043478260869565216,0.0
13719,Yang Dai,2454,0.0214,2029.0,2029.0,0.0,Indie Rock,Solo,0,1,1,0.0,1,2,0.0,0,1,0,0,0,1,1,0.0,0.0,0.0,0,0,0.0,0.041666666666666664,0.08695652173913043,0.0,0.0,0.0,0.0,0.0,0.043478260869565216,0.0
16332,Li Jia,2454,0.0214,2026.0,2026.0,0.0,Dream Pop,Solo,0,1,1,0.0,1,2,0.0,0,1,0,0,0,1,1,0.0,0.0,0.0,0,0,0.0,0.041666666666666664,0.08695652173913043,0.0,0.0,0.0,0.0,0.0,0.043478260869565216,0.0
9743,Yan Wang,2454,0.0214,2025.0,2025.0,0.0,Oceanus Folk,Solo,0,1,1,0.0,1,2,0.0,0,1,0,0,0,1,1,0.5,1.0,0.0,1,0,0.0,0.041666666666666664,0.08695652173913043,0.0,0.0,0.0,0.0,0.0,0.043478260869565216,0.0
10991,Michael Aguilar,2454,0.0214,2029.0,2029.0,0.0,Dream Pop,Solo,0,1,1,0.0,1,2,0.0,0,1,0,0,0,1,1,0.0,0.0,0.0,0,0,0.0,0.041666666666666664,0.08695652173913043,0.0,0.0,0.0,0.0,0.0,0.043478260869565216,0.0
12945,Jesus Hatfield,2454,0.0214,2026.0,2026.0,0.0,Synthwave,Solo,0,1,1,0.0,1,2,0.0,0,1,0,0,0,1,1,0.0,0.0,0.0,0,0,0.0,0.041666666666666664,0.08695652173913043,0.0,0.0,0.0,0.0,0.0,0.043478260869565216,0.0
3902,Juan Fu,2454,0.0214,2027.0,2027.0,0.0,Desert Rock,Solo,0,1,1,0.0,1,2,0.0,0,1,0,0,0,1,1,0.0,0.0,0.0,0,0,0.0,0.041666666666666664,0.08695652173913043,0.0,0.0,0.0,0.0,0.0,0.043478260869565216,0.0
12943,Bradley Anderson,2454,0.0214,2026.0,2026.0,0.0,Synthwave,Solo,0,1,1,0.0,1,2,0.0,0,1,0,0,0,1,1,0.0,0.0,0.0,0,0,0.0,0.041666666666666664,0.08695652173913043,0.0,0.0,0.0,0.0,0.0,0.043478260869565216,0.0
8294,Qiang Han,2454,0.0214,2029.0,2029.0,0.0,Desert Rock,Solo,0,1,1,0.0,1,2,0.0,0,1,0,0,0,1,1,0.5,0.0,1.0,0,1,0.0,0.041666666666666664,0.08695652173913043,0.0,0.0,0.0,0.0,0.0,0.043478260869565216,0.0
8293,Xiuying Yi,2454,0.0214,2029.0,2029.0,0.0,Desert Rock,Solo,0,1,1,0.0,1,2,0.0,0,1,0,0,0,1,1,0.5,0.0,1.0,0,1,0.0,0.041666666666666664,0.08695652173913043,0.0,0.0,0.0,0.0,0.0,0.043478260869565216,0.0
9742,Qiang Mo,2454,0.0214,2025.0,2025.0,0.0,Oceanus Folk,Solo,0,1,1,0.0,1,2,0.0,0,1,0,0,0,1,1,0.5,1.0,0.0,1,0,0.0,0.041666666666666664,0.08695652173913043,0.0,0.0,0.0,0.0,0.0,0.043478260869565216,0.0
10993,Tammy Crane,2454,0.0214,2029.0,2029.0,0.0,Dream Pop,Solo,0,1,1,0.0,1,2,0.0,0,1,0,0,0,1,1,0.0,0.0,0.0,0,0,0.0,0.041666666666666664,0.08695652173913043,0.0,0.0,0.0,0.0,0.0,0.043478260869565216,0.0
16331,Chao Yang,2454,0.0214,2026.0,2026.0,0.0,Dream Pop,Solo,0,1,1,0.0,1,2,0.0,0,1,0,0,0,1,1,0.0,0.0,0.0,0,0,0.0,0.041666666666666664,0.08695652173913043,0.0,0.0,0.0,0.0,0.0,0.043478260869565216,0.0
7359,Abril Serna,2454,0.0214,2029.0,2029.0,0.0,Indie Rock,Solo,0,1,1,0.0,1,2,0.0,0,1,0,0,0,1,1,0.0,0.0,0.0,0,0,0.0,0.041666666666666664,0.08695652173913043,0.0,0.0,0.0,0.0,0.0,0.043478260869565216,0.0
15449,Anna Woodard,2454,0.0214,2026.0,2026.0,0.0,Dream Pop,Solo,0,1,1,0.0,1,2,0.0,0,1,0,0,0,1,1,0.0,0.0,0.0,0,0,0.0,0.041666666666666664,0.08695652173913043,0.0,0.0,0.0,0.0,0.0,0.043478260869565216,0.0
2382,Fang Fu,2454,0.0214,2027.0,2027.0,0.0,Synthpop,Solo,0,1,1,0.0,1,2,0.0,0,1,0,0,0,1,1,0.5,0.0,1.0,0,1,0.0,0.041666666666666664,0.08695652173913043,0.0,0.0,0.0,0.0,0.0,0.043478260869565216,0.0
7358,Seve Francisco,2454,0.0214,2029.0,2029.0,0.0,Indie Rock,Solo,0,1,1,0.0,1,2,0.0,0,1,0,0,0,1,1,0.0,0.0,0.0,0,0,0.0,0.041666666666666664,0.08695652173913043,0.0,0.0,0.0,0.0,0.0,0.043478260869565216,0.0
13718,Jeremy Jones,2454,0.0214,2029.0,2029.0,0.0,Indie Rock,Solo,0,1,1,0.0,1,2,0.0,0,1,0,0,0,1,1,0.0,0.0,0.0,0,0,0.0,0.041666666666666664,0.08695652173913043,0.0,0.0,0.0,0.0,0.0,0.043478260869565216,0.0
6354,Jun Yan,2454,0.0214,2028.0,2028.0,0.0,Psychedelic Rock,Solo,0,1,1,0.0,1,2,0.0,0,1,0,0,0,1,1,0.0,0.0,0.0,0,0,0.0,0.041666666666666664,0.08695652173913043,0.0,0.0,0.0,0.0,0.0,0.043478260869565216,0.0
9221,Ming Guo,2454,0.0214,2029.0,2029.0,0.0,Americana,Solo,0,1,1,0.0,1,2,0.0,0,1,0,0,0,1,1,0.0,0.0,0.0,0,0,0.0,0.041666666666666664,0.08695652173913043,0.0,0.0,0.0,0.0,0.0,0.043478260869565216,0.0
11809,THE MVRK,2454,0.0214,2029.0,2029.0,0.0,Indie Folk,Solo,0,1,1,0.0,1,2,0.0,0,1,0,0,0,1,1,0.5,0.0,1.0,0,1,0.0,0.041666666666666664,0.08695652173913043,0.0,0.0,0.0,0.0,0.0,0.043478260869565216,0.0
2380,Li Ma,2454,0.0214,2027.0,2027.0,0.0,Synthpop,Solo,0,1,1,0.0,1,2,0.0,0,1,0,0,0,1,1,0.5,0.0,1.0,0,1,0.0,0.041666666666666664,0.08695652173913043,0.0,0.0,0.0,0.0,0.0,0.043478260869565216,0.0
3900,Yong Fu,2454,0.0214,2027.0,2027.0,0.0,Desert Rock,Solo,0,1,1,0.0,1,2,0.0,0,1,0,0,0,1,1,0.0,0.0,0.0,0,0,0.0,0.041666666666666664,0.08695652173913043,0.0,0.0,0.0,0.0,0.0,0.043478260869565216,0.0
15504,Chao Xue,2491,0.0211,2028.0,2028.0,0.0,Indie Folk,Solo,0,1,1,0.0,0,1,0.0,0,1,1,1,0,0,1,0.0,0.0,0.0,0,0,0.0,0.0,0.043478260869565216,0.0,0.0,0.0,0.0,0.25,0.0,0.0
12551,Lei Su,2491,0.0211,2029.0,2029.0,0.0,Dream Pop,Solo,0,1,1,0.0,0,1,0.0,0,1,1,1,0,0,1,0.0,0.0,0.0,0,0,0.0,0.0,0.043478260869565216,0.0,0.0,0.0,0.0,0.25,0.0,0.0
12552,Jie Tao,2491,0.0211,2029.0,2029.0,0.0,Dream Pop,Solo,0,1,1,0.0,0,1,0.0,0,1,1,1,0,0,1,0.0,0.0,0.0,0,0,0.0,0.0,0.043478260869565216,0.0,0.0,0.0,0.0,0.25,0.0,0.0
10335,Na Qin,2494,0.0205,2030.0,2030.0,0.0,Indie Rock,Solo,0,1,1,0.0,2,0,0.0,1,1,0,0,0,1,1,0.0,0.0,0.0,0,0,0.0,0.08333333333333333,0.0,0.0,0.0,0.047619047619047616,0.0,0.0,0.043478260869565216,0.0
280,George Bailey,2495,0.0203,2026.0,2026.0,0.0,Alternative Rock,Solo,0,1,1,0.0,1,1,0.0,0,1,0,0,0,1,2,0.0,0.0,0.0,0,0,0.0,0.041666666666666664,0.043478260869565216,0.0,0.0,0.0,0.0,0.0,0.043478260869565216,0.5
5069,Ivessa,2495,0.0203,2026.0,2026.0,0.0,Americana,Solo,0,1,1,0.0,1,1,0.0,0,1,0,0,0,1,2,0.0,0.0,0.0,0,0,0.0,0.041666666666666664,0.043478260869565216,0.0,0.0,0.0,0.0,0.0,0.043478260869565216,0.5
5762,William Knapp,2495,0.0203,2029.0,2029.0,0.0,Dream Pop,Solo,0,1,1,0.0,1,1,0.0,0,1,0,0,0,1,2,0.0,0.0,0.0,0,0,0.0,0.041666666666666664,0.043478260869565216,0.0,0.0,0.0,0.0,0.0,0.043478260869565216,0.5
16351,Xiuying Zhu,2495,0.0203,2027.0,2027.0,0.0,Jazz Surf Rock,Solo,0,1,1,0.0,1,1,0.0,0,1,0,0,0,1,2,0.0,0.0,0.0,0,0,0.0,0.041666666666666664,0.043478260869565216,0.0,0.0,0.0,0.0,0.0,0.043478260869565216,0.5
6266,Reyansh Barad,2495,0.0203,2028.0,2028.0,0.0,Alternative Rock,Solo,0,1,1,0.0,1,1,0.0,0,1,0,0,0,1,2,0.0,0.0,0.0,0,0,0.0,0.041666666666666664,0.043478260869565216,0.0,0.0,0.0,0.0,0.0,0.043478260869565216,0.5
8026,Cipriano Peranda,2495,0.0203,2026.0,2026.0,0.0,Indie Rock,Solo,0,1,1,0.0,1,1,0.0,0,1,0,0,0,1,2,0.0,0.0,0.0,0,0,0.0,0.041666666666666664,0.043478260869565216,0.0,0.0,0.0,0.0,0.0,0.043478260869565216,0.5
5637,The Hobbs,2495,0.0203,2026.0,2026.0,0.0,Darkwave,Solo,0,1,1,0.0,1,1,0.0,0,1,0,0,0,1,2,0.0,0.0,0.0,0,0,0.0,0.041666666666666664,0.043478260869565216,0.0,0.0,0.0,0.0,0.0,0.043478260869565216,0.5
1603,Matthew Hall,2495,0.0203,2025.0,2025.0,0.0,Space Rock,Solo,0,1,1,0.0,1,1,0.0,0,1,0,0,0,1,2,0.0,0.0,0.0,0,0,0.0,0.041666666666666664,0.043478260869565216,0.0,0.0,0.0,0.0,0.0,0.043478260869565216,0.5
6853,Xiulan Cao,2495,0.0203,2026.0,2026.0,0.0,Space Rock,Solo,0,1,1,0.0,1,1,0.0,0,1,0,0,0,1,2,0.0,0.0,0.0,0,0,0.0,0.041666666666666664,0.043478260869565216,0.0,0.0,0.0,0.0,0.0,0.043478260869565216,0.5
9850,Umang Bala,2495,0.0203,2029.0,2029.0,0.0,Indie Folk,Solo,0,1,1,0.0,1,1,0.0,0,1,0,0,0,1,2,0.0,0.0,0.0,0,0,0.0,0.041666666666666664,0.043478260869565216,0.0,0.0,0.0,0.0,0.0,0.043478260869565216,0.5
8473,Michelle Barnes,2505,0.02,2025.0,2025.0,0.0,Alternative Rock,Solo,0,1,1,0.0,0,0,0.0,0,1,1,1,0,0,2,0.0,0.0,0.0,0,0,0.0,0.0,0.0,0.0,0.0,0.0,0.0,0.25,0.0,0.5
2419,Kristen Stanley,2506,0.0197,2028.0,2028.0,0.0,Dream Pop,Solo,0,1,1,0.0,1,2,0.0,0,1,0,0,0,0,1,0.0,0.0,0.0,0,0,0.0,0.041666666666666664,0.08695652173913043,0.0,0.0,0.0,0.0,0.0,0.0,0.0
2422,Shannon Jacobson,2506,0.0197,2028.0,2028.0,0.0,Dream Pop,Solo,0,1,1,0.0,1,2,0.0,0,1,0,0,0,0,1,0.0,0.0,0.0,0,0,0.0,0.041666666666666664,0.08695652173913043,0.0,0.0,0.0,0.0,0.0,0.0,0.0
2420,Richard Moore,2506,0.0197,2028.0,2028.0,0.0,Dream Pop,Solo,0,1,1,0.0,1,2,0.0,0,1,0,0,0,0,1,0.0,0.0,0.0,0,0,0.0,0.041666666666666664,0.08695652173913043,0.0,0.0,0.0,0.0,0.0,0.0,0.0
4333,Klara Bisaga,2509,0.0192,2028.0,2028.0,0.0,Americana,Solo,0,1,1,0.0,1,0,0.0,0,1,0,0,0,1,3,0.0,0.0,0.0,0,0,0.0,0.041666666666666664,0.0,0.0,0.0,0.0,0.0,0.0,0.043478260869565216,1.0
8059,Amanda Powell,2509,0.0192,2025.0,2025.0,0.0,Southern Gothic Rock,Solo,0,1,1,0.0,1,0,0.0,0,1,0,0,0,1,3,0.0,0.0,0.0,0,0,0.0,0.041666666666666664,0.0,0.0,0.0,0.0,0.0,0.0,0.043478260869565216,1.0
10518,Jessica Russell,2509,0.0192,2027.0,2027.0,0.0,Indie Folk,Solo,0,1,1,0.0,1,0,0.0,0,1,0,0,0,1,3,0.0,0.0,0.0,0,0,0.0,0.041666666666666664,0.0,0.0,0.0,0.0,0.0,0.0,0.043478260869565216,1.0
8939,Guiying Han,2512,0.0191,2030.0,2030.0,0.0,Indie Folk,Solo,0,1,1,0.0,1,1,0.0,1,1,0,0,0,1,1,0.0,0.0,0.0,0,0,0.0,0.041666666666666664,0.043478260869565216,0.0,0.0,0.047619047619047616,0.0,0.0,0.043478260869565216,0.0
10583,Lei Shao,2513,0.0186,2029.0,2029.0,0.0,Symphonic Metal,Solo,0,1,1,0.0,1,1,0.0,0,1,0,0,0,0,2,0.0,0.0,0.0,0,0,0.0,0.041666666666666664,0.043478260869565216,0.0,0.0,0.0,0.0,0.0,0.0,0.5
15801,Juan Sun,2514,0.0185,2026.0,2026.0,0.0,Dream Pop,Solo,0,1,1,0.0,2,0,0.0,0,1,0,0,0,2,1,0.0,0.0,0.0,0,0,0.0,0.08333333333333333,0.0,0.0,0.0,0.0,0.0,0.0,0.08695652173913043,0.0
14330,Shota Ito,2514,0.0185,2026.0,2026.0,0.0,Synthwave,Solo,0,1,1,0.0,2,0,0.0,0,1,0,0,0,2,1,0.0,0.0,0.0,0,0,0.0,0.08333333333333333,0.0,0.0,0.0,0.0,0.0,0.0,0.08695652173913043,0.0
4340,Richard Kaiser,2514,0.0185,2029.0,2029.0,0.0,Dream Pop,Solo,0,1,1,0.0,2,0,0.0,0,1,0,0,0,2,1,0.0,0.0,0.0,0,0,0.0,0.08333333333333333,0.0,0.0,0.0,0.0,0.0,0.0,0.08695652173913043,0.0
15780,Ming Wei,2514,0.0185,2027.0,2027.0,0.0,Dream Pop,Solo,0,1,1,0.0,2,0,0.0,0,1,0,0,0,2,1,0.25,0.0,0.5,0,1,0.0,0.08333333333333333,0.0,0.0,0.0,0.0,0.0,0.0,0.08695652173913043,0.0
10180,Yang Yang,2514,0.0185,2029.0,2029.0,0.0,Jazz Surf Rock,Solo,0,1,1,0.0,2,0,0.0,0,1,0,0,0,2,1,0.0,0.0,0.0,0,0,0.0,0.08333333333333333,0.0,0.0,0.0,0.0,0.0,0.0,0.08695652173913043,0.0
7480,Wei Yuan,2514,0.0185,2026.0,2026.0,0.0,Doom Metal,Solo,0,1,1,0.0,2,0,0.0,0,1,0,0,0,2,1,0.0,0.0,0.0,0,0,0.0,0.08333333333333333,0.0,0.0,0.0,0.0,0.0,0.0,0.08695652173913043,0.0
14856,Yong Wan,2514,0.0185,2025.0,2025.0,0.0,Indie Folk,Solo,0,1,1,0.0,2,0,0.0,0,1,0,0,0,2,1,0.0,0.0,0.0,0,0,0.0,0.08333333333333333,0.0,0.0,0.0,0.0,0.0,0.0,0.08695652173913043,0.0
11517,Isaiah Morales,2514,0.0185,2025.0,2025.0,0.0,Oceanus Folk,Solo,0,1,1,0.0,2,0,0.0,0,1,0,0,0,2,1,0.75,1.0,0.5,1,1,0.0,0.08333333333333333,0.0,0.0,0.0,0.0,0.0,0.0,0.08695652173913043,0.0
5722,Elizabeth Brennan,2514,0.0185,2028.0,2028.0,0.0,Psychedelic Rock,Solo,0,0,1,0.0,2,0,0.0,0,1,0,0,0,2,1,0.0,0.0,0.0,0,0,0.0,0.08333333333333333,0.0,0.0,0.0,0.0,0.0,0.0,0.08695652173913043,0.0
5179,Haley Silva,2514,0.0185,2027.0,2027.0,0.0,Lo-Fi Electronica,Solo,0,1,1,0.0,2,0,0.0,0,1,0,0,0,2,1,0.0,0.0,0.0,0,0,0.0,0.08333333333333333,0.0,0.0,0.0,0.0,0.0,0.0,0.08695652173913043,0.0
5719,Anthony Smith,2514,0.0185,2028.0,2028.0,0.0,Psychedelic Rock,Solo,0,0,1,0.0,2,0,0.0,0,1,0,0,0,2,1,0.0,0.0,0.0,0,0,0.0,0.08333333333333333,0.0,0.0,0.0,0.0,0.0,0.0,0.08695652173913043,0.0
8961,Emelina Verdejo Otero,2525,0.0183,2027.0,2027.0,0.0,Alternative Rock,Solo,0,1,1,0.0,0,3,0.0,0,1,0,0,0,0,1,0.0,0.0,0.0,0,0,0.0,0.0,0.13043478260869565,0.0,0.0,0.0,0.0,0.0,0.0,0.0
13783,Xiuying Cao,2525,0.0183,2027.0,2027.0,0.0,Synthwave,Solo,0,1,1,0.0,0,3,0.0,0,1,0,0,0,0,1,0.0,0.0,0.0,0,0,0.0,0.0,0.13043478260869565,0.0,0.0,0.0,0.0,0.0,0.0,0.0
8962,Inés del Valenciano,2525,0.0183,2027.0,2027.0,0.0,Alternative Rock,Solo,0,1,1,0.0,0,3,0.0,0,1,0,0,0,0,1,0.0,0.0,0.0,0,0,0.0,0.0,0.13043478260869565,0.0,0.0,0.0,0.0,0.0,0.0,0.0
12154,Yan Zou,2525,0.0183,2027.0,2027.0,0.0,Synthwave,Solo,0,1,1,0.0,0,3,0.0,0,1,0,0,0,0,1,0.0,0.0,0.0,0,0,0.0,0.0,0.13043478260869565,0.0,0.0,0.0,0.0,0.0,0.0,0.0
13211,Li Lin,2529,0.0172,2025.0,2025.0,0.0,Post-Apocalyptic Folk,Solo,0,1,1,0.0,0,2,0.0,0,1,0,0,0,0,2,0.0,0.0,0.0,0,0,0.0,0.0,0.08695652173913043,0.0,0.0,0.0,0.0,0.0,0.0,0.5
12108,Chao Dong,2529,0.0172,2025.0,2025.0,0.0,Dream Pop,Solo,0,1,1,0.0,0,2,0.0,0,1,0,0,0,0,2,0.0,0.0,0.0,0,0,0.0,0.0,0.08695652173913043,0.0,0.0,0.0,0.0,0.0,0.0,0.5
13210,Chao Zhong,2529,0.0172,2025.0,2025.0,0.0,Post-Apocalyptic Folk,Solo,0,1,1,0.0,0,2,0.0,0,1,0,0,0,0,2,0.0,0.0,0.0,0,0,0.0,0.0,0.08695652173913043,0.0,0.0,0.0,0.0,0.0,0.0,0.5
7328,Xia Pan,2529,0.0172,2028.0,2028.0,0.0,Dream Pop,Solo,0,1,1,0.0,0,2,0.0,0,1,0,0,0,0,2,0.0,0.0,0.0,0,0,0.0,0.0,0.08695652173913043,0.0,0.0,0.0,0.0,0.0,0.0,0.5
5933,Antonina Zaccardo,2529,0.0172,2025.0,2025.0,0.0,Synthwave,Solo,0,1,1,0.0,0,2,0.0,0,1,0,0,0,0,2,0.0,0.0,0.0,0,0,0.0,0.0,0.08695652173913043,0.0,0.0,0.0,0.0,0.0,0.0,0.5
6656, $KY,2534,0.0153,2025.0,2025.0,0.0,Dream Pop,Solo,0,1,1,0.0,1,1,0.0,0,1,0,0,0,1,1,0.0,0.0,0.0,0,0,0.0,0.041666666666666664,0.043478260869565216,0.0,0.0,0.0,0.0,0.0,0.043478260869565216,0.0
5640,Alex Smith,2534,0.0153,2026.0,2026.0,0.0,Darkwave,Solo,0,1,1,0.0,1,1,0.0,0,1,0,0,0,1,1,0.0,0.0,0.0,0,0,0.0,0.041666666666666664,0.043478260869565216,0.0,0.0,0.0,0.0,0.0,0.043478260869565216,0.0
5490,Joseph Contreras,2534,0.0153,2025.0,2025.0,0.0,Dream Pop,Solo,0,1,1,0.0,1,1,0.0,0,1,0,0,0,1,1,0.0,0.0,0.0,0,0,0.0,0.041666666666666664,0.043478260869565216,0.0,0.0,0.0,0.0,0.0,0.043478260869565216,0.0
13621,Stephanie Brown,2534,0.0153,2029.0,2029.0,0.0,Space Rock,Solo,0,1,1,0.0,1,1,0.0,0,1,0,0,0,1,1,0.0,0.0,0.0,0,0,0.0,0.041666666666666664,0.043478260869565216,0.0,0.0,0.0,0.0,0.0,0.043478260869565216,0.0
6852,Qiang Pan,2534,0.0153,2026.0,2026.0,0.0,Space Rock,Solo,0,1,1,0.0,1,1,0.0,0,1,0,0,0,1,1,0.0,0.0,0.0,0,0,0.0,0.041666666666666664,0.043478260869565216,0.0,0.0,0.0,0.0,0.0,0.043478260869565216,0.0
10377,Przemysław Szałkiewicz,2534,0.0153,2029.0,2029.0,0.0,Dream Pop,Solo,0,1,1,0.0,1,1,0.0,0,1,0,0,0,1,1,0.0,0.0,0.0,0,0,0.0,0.041666666666666664,0.043478260869565216,0.0,0.0,0.0,0.0,0.0,0.043478260869565216,0.0
5491,Ana Wilson,2534,0.0153,2025.0,2025.0,0.0,Dream Pop,Solo,0,1,1,0.0,1,1,0.0,0,1,0,0,0,1,1,0.0,0.0,0.0,0,0,0.0,0.041666666666666664,0.043478260869565216,0.0,0.0,0.0,0.0,0.0,0.043478260869565216,0.0
1008,Valerio Zapata-Rico,2534,0.0153,2027.0,2027.0,0.0,Indie Rock,Solo,0,1,1,0.0,1,1,0.0,0,1,0,0,0,1,1,0.0,0.0,0.0,0,0,0.0,0.041666666666666664,0.043478260869565216,0.0,0.0,0.0,0.0,0.0,0.043478260869565216,0.0
1601,Caleb Long,2534,0.0153,2025.0,2025.0,0.0,Space Rock,Solo,0,1,1,0.0,1,1,0.0,0,1,0,0,0,1,1,0.0,0.0,0.0,0,0,0.0,0.041666666666666664,0.043478260869565216,0.0,0.0,0.0,0.0,0.0,0.043478260869565216,0.0
8025,Luigina Fibonacci-Caruso,2534,0.0153,2026.0,2026.0,0.0,Indie Rock,Solo,0,1,1,0.0,1,1,0.0,0,1,0,0,0,1,1,0.0,0.0,0.0,0,0,0.0,0.041666666666666664,0.043478260869565216,0.0,0.0,0.0,0.0,0.0,0.043478260869565216,0.0
1010,Belén de Trillo,2534,0.0153,2027.0,2027.0,0.0,Indie Rock,Solo,0,1,1,0.0,1,1,0.0,0,1,0,0,0,1,1,0.0,0.0,0.0,0,0,0.0,0.041666666666666664,0.043478260869565216,0.0,0.0,0.0,0.0,0.0,0.043478260869565216,0.0
6265,Eshani Deep,2534,0.0153,2028.0,2028.0,0.0,Alternative Rock,Solo,0,1,1,0.0,1,1,0.0,0,1,0,0,0,1,1,0.0,0.0,0.0,0,0,0.0,0.041666666666666664,0.043478260869565216,0.0,0.0,0.0,0.0,0.0,0.043478260869565216,0.0
13756,Li He,2534,0.0153,2026.0,2026.0,0.0,Synthwave,Solo,0,1,1,0.0,1,1,0.0,0,1,0,0,0,1,1,0.0,0.0,0.0,0,0,0.0,0.041666666666666664,0.043478260869565216,0.0,0.0,0.0,0.0,0.0,0.043478260869565216,0.0
13757,Yang Liu,2534,0.0153,2026.0,2026.0,0.0,Synthwave,Solo,0,1,1,0.0,1,1,0.0,0,1,0,0,0,1,1,0.0,0.0,0.0,0,0,0.0,0.041666666666666664,0.043478260869565216,0.0,0.0,0.0,0.0,0.0,0.043478260869565216,0.0
6657,Kenneth Guerra,2534,0.0153,2025.0,2025.0,0.0,Dream Pop,Solo,0,1,1,0.0,1,1,0.0,0,1,0,0,0,1,1,0.0,0.0,0.0,0,0,0.0,0.041666666666666664,0.043478260869565216,0.0,0.0,0.0,0.0,0.0,0.043478260869565216,0.0
1666,Gang Pan,2534,0.0153,2026.0,2026.0,0.0,Oceanus Folk,Solo,0,1,1,0.0,1,1,0.0,0,1,0,0,0,1,1,1.0,1.0,1.0,1,1,0.0,0.041666666666666664,0.043478260869565216,0.0,0.0,0.0,0.0,0.0,0.043478260869565216,0.0
1668,Chao Mo,2534,0.0153,2026.0,2026.0,0.0,Oceanus Folk,Solo,0,1,1,0.0,1,1,0.0,0,1,0,0,0,1,1,1.0,1.0,1.0,1,1,0.0,0.041666666666666664,0.043478260869565216,0.0,0.0,0.0,0.0,0.0,0.043478260869565216,0.0
16350,Jun Shen,2534,0.0153,2027.0,2027.0,0.0,Jazz Surf Rock,Solo,0,1,1,0.0,1,1,0.0,0,1,0,0,0,1,1,0.0,0.0,0.0,0,0,0.0,0.041666666666666664,0.043478260869565216,0.0,0.0,0.0,0.0,0.0,0.043478260869565216,0.0
9851,Samarth Saraf,2534,0.0153,2029.0,2029.0,0.0,Indie Folk,Solo,0,1,1,0.0,1,1,0.0,0,1,0,0,0,1,1,0.0,0.0,0.0,0,0,0.0,0.041666666666666664,0.043478260869565216,0.0,0.0,0.0,0.0,0.0,0.043478260869565216,0.0
281,William Tran,2534,0.0153,2026.0,2026.0,0.0,Alternative Rock,Solo,0,1,1,0.0,1,1,0.0,0,1,0,0,0,1,1,0.0,0.0,0.0,0,0,0.0,0.041666666666666664,0.043478260869565216,0.0,0.0,0.0,0.0,0.0,0.043478260869565216,0.0
16342,Jessica Lewis,2534,0.0153,2029.0,2029.0,0.0,Psychedelic Rock,Solo,0,1,1,0.0,1,1,0.0,0,1,0,0,0,1,1,0.0,0.0,0.0,0,0,0.0,0.041666666666666664,0.043478260869565216,0.0,0.0,0.0,0.0,0.0,0.043478260869565216,0.0
16340,Brian Mitchell,2534,0.0153,2029.0,2029.0,0.0,Psychedelic Rock,Solo,0,1,1,0.0,1,1,0.0,0,1,0,0,0,1,1,0.0,0.0,0.0,0,0,0.0,0.041666666666666664,0.043478260869565216,0.0,0.0,0.0,0.0,0.0,0.043478260869565216,0.0
5072,Taylor Hayes,2534,0.0153,2026.0,2026.0,0.0,Americana,Solo,0,1,1,0.0,1,1,0.0,0,1,0,0,0,1,1,0.0,0.0,0.0,0,0,0.0,0.041666666666666664,0.043478260869565216,0.0,0.0,0.0,0.0,0.0,0.043478260869565216,0.0
3382,Reginald Stumpf,2534,0.0153,2026.0,2026.0,0.0,Indie Rock,Solo,0,0,1,0.0,1,1,0.0,0,1,0,0,0,1,1,0.0,0.0,0.0,0,0,0.0,0.041666666666666664,0.043478260869565216,0.0,0.0,0.0,0.0,0.0,0.043478260869565216,0.0
3385,Joerg Weiß,2534,0.0153,2026.0,2026.0,0.0,Indie Rock,Solo,0,0,1,0.0,1,1,0.0,0,1,0,0,0,1,1,0.0,0.0,0.0,0,0,0.0,0.041666666666666664,0.043478260869565216,0.0,0.0,0.0,0.0,0.0,0.043478260869565216,0.0
6109,Margaret Mueller,2534,0.0153,2029.0,2029.0,0.0,Dream Pop,Solo,0,1,1,0.0,1,1,0.0,0,1,0,0,0,1,1,0.0,0.0,0.0,0,0,0.0,0.041666666666666664,0.043478260869565216,0.0,0.0,0.0,0.0,0.0,0.043478260869565216,0.0
15531,Kristi Henry,2560,0.015,2026.0,2026.0,0.0,Dream Pop,Solo,0,1,1,0.0,0,0,0.0,0,1,1,1,0,0,1,0.0,0.0,0.0,0,0,0.0,0.0,0.0,0.0,0.0,0.0,0.0,0.25,0.0,0.0
10104,Gang Xia,2560,0.015,2026.0,2026.0,0.0,Americana,Solo,0,1,1,0.0,0,0,0.0,0,1,1,1,0,0,1,0.0,0.0,0.0,0,0,0.0,0.0,0.0,0.0,0.0,0.0,0.0,0.25,0.0,0.0
13020,Xia Tian,2560,0.015,2027.0,2027.0,0.0,Synthwave,Solo,0,1,1,0.0,0,0,0.0,0,1,1,1,0,0,1,0.0,0.0,0.0,0,0,0.0,0.0,0.0,0.0,0.0,0.0,0.0,0.25,0.0,0.0
17226,Kai Reynolds,2563,0.0149,2030.0,2030.0,0.0,Oceanus Folk,The Wave Riders,0,1,1,0.0,0,1,0.0,1,1,0,0,0,0,2,0.5,1.0,0.0,1,0,0.0,0.0,0.043478260869565216,0.0,0.0,0.047619047619047616,0.0,0.0,0.0,0.5
14943,Jonathan Bishop,2564,0.0142,2029.0,2029.0,0.0,Indie Folk,Solo,0,1,1,0.0,1,0,0.0,0,1,0,0,0,1,2,0.0,0.0,0.0,0,0,0.0,0.041666666666666664,0.0,0.0,0.0,0.0,0.0,0.0,0.043478260869565216,0.5
12290,Andrea Green,2564,0.0142,2029.0,2029.0,0.0,Symphonic Metal,Solo,0,1,1,0.0,1,0,0.0,0,1,0,0,0,1,2,0.0,0.0,0.0,0,0,0.0,0.041666666666666664,0.0,0.0,0.0,0.0,0.0,0.0,0.043478260869565216,0.5
12180,Tabitha Jones,2564,0.0142,2029.0,2029.0,0.0,Post-Apocalyptic Folk,Solo,0,0,1,0.0,1,0,0.0,0,1,0,0,0,1,2,0.0,0.0,0.0,0,0,0.0,0.041666666666666664,0.0,0.0,0.0,0.0,0.0,0.0,0.043478260869565216,0.5
6129,Elizabeth Gonzalez,2564,0.0142,2029.0,2029.0,0.0,Darkwave,Solo,0,0,1,0.0,1,0,0.0,0,1,0,0,0,1,2,0.0,0.0,0.0,0,0,0.0,0.041666666666666664,0.0,0.0,0.0,0.0,0.0,0.0,0.043478260869565216,0.5
6695,Donald Davis,2564,0.0142,2029.0,2029.0,0.0,Dream Pop,Solo,0,1,1,0.0,1,0,0.0,0,1,0,0,0,1,2,0.0,0.0,0.0,0,0,0.0,0.041666666666666664,0.0,0.0,0.0,0.0,0.0,0.0,0.043478260869565216,0.5
2776,Yan Wang,2564,0.0142,2027.0,2027.0,0.0,Dream Pop,Solo,0,1,1,0.0,1,0,0.0,0,1,0,0,0,1,2,0.0,0.0,0.0,0,0,0.0,0.041666666666666664,0.0,0.0,0.0,0.0,0.0,0.0,0.043478260869565216,0.5
4278,Dishani Sundaram,2564,0.0142,2026.0,2026.0,0.0,Synthwave,Solo,0,0,1,0.0,1,0,0.0,0,1,0,0,0,1,2,0.0,0.0,0.0,0,0,0.0,0.041666666666666664,0.0,0.0,0.0,0.0,0.0,0.0,0.043478260869565216,0.5
1385,Xiulan Liu,2564,0.0142,2028.0,2028.0,0.0,Alternative Rock,Solo,0,1,1,0.0,1,0,0.0,0,1,0,0,0,1,2,0.0,0.0,0.0,0,0,0.0,0.041666666666666664,0.0,0.0,0.0,0.0,0.0,0.0,0.043478260869565216,0.5
12038,Xiuying Tan,2564,0.0142,2027.0,2027.0,0.0,Space Rock,Solo,0,1,1,0.0,1,0,0.0,0,1,0,0,0,1,2,0.0,0.0,0.0,0,0,0.0,0.041666666666666664,0.0,0.0,0.0,0.0,0.0,0.0,0.043478260869565216,0.5
4514,Kelly Clayton,2564,0.0142,2027.0,2027.0,0.0,Synthpop,Solo,0,1,1,0.0,1,0,0.0,0,1,0,0,0,1,2,0.0,0.0,0.0,0,0,0.0,0.041666666666666664,0.0,0.0,0.0,0.0,0.0,0.0,0.043478260869565216,0.5
6861,Tao Wu,2564,0.0142,2026.0,2026.0,0.0,Space Rock,Solo,0,1,1,0.0,1,0,0.0,0,1,0,0,0,1,2,0.0,0.0,0.0,0,0,0.0,0.041666666666666664,0.0,0.0,0.0,0.0,0.0,0.0,0.043478260869565216,0.5
13137,Jun Yu,2564,0.0142,2029.0,2029.0,0.0,Dream Pop,Solo,0,1,1,0.0,1,0,0.0,0,1,0,0,0,1,2,0.5,0.0,1.0,0,1,0.0,0.041666666666666664,0.0,0.0,0.0,0.0,0.0,0.0,0.043478260869565216,0.5
16254,Michał Flasza,2564,0.0142,2026.0,2026.0,0.0,Dream Pop,Solo,0,1,1,0.0,1,0,0.0,0,1,0,0,0,1,2,0.0,0.0,0.0,0,0,0.0,0.041666666666666664,0.0,0.0,0.0,0.0,0.0,0.0,0.043478260869565216,0.5
6127,Jie Yin,2564,0.0142,2029.0,2029.0,0.0,Darkwave,Solo,0,0,1,0.0,1,0,0.0,0,1,0,0,0,1,2,0.0,0.0,0.0,0,0,0.0,0.041666666666666664,0.0,0.0,0.0,0.0,0.0,0.0,0.043478260869565216,0.5
15650,Richard Mathieu de Perrin,2564,0.0142,2026.0,2026.0,0.0,Doom Metal,Solo,0,1,1,0.0,1,0,0.0,0,1,0,0,0,1,2,0.0,0.0,0.0,0,0,0.0,0.041666666666666664,0.0,0.0,0.0,0.0,0.0,0.0,0.043478260869565216,0.5
9539,Neelofar Balan,2564,0.0142,2029.0,2029.0,0.0,Indie Rock,Solo,0,1,1,0.0,1,0,0.0,0,1,0,0,0,1,2,0.0,0.0,0.0,0,0,0.0,0.041666666666666664,0.0,0.0,0.0,0.0,0.0,0.0,0.043478260869565216,0.5
11913,Guiying Peng,2564,0.0142,2026.0,2026.0,0.0,Blues Rock,Solo,0,1,1,0.0,1,0,0.0,0,1,0,0,0,1,2,0.0,0.0,0.0,0,0,0.0,0.041666666666666664,0.0,0.0,0.0,0.0,0.0,0.0,0.043478260869565216,0.5
1811,Nanami Sakamoto,2564,0.0142,2028.0,2028.0,0.0,Lo-Fi Electronica,Solo,0,1,1,0.0,1,0,0.0,0,1,0,0,0,1,2,0.0,0.0,0.0,0,0,0.0,0.041666666666666664,0.0,0.0,0.0,0.0,0.0,0.0,0.043478260869565216,0.5
7329,Na Cui,2582,0.0122,2028.0,2028.0,0.0,Dream Pop,Solo,0,1,1,0.0,0,2,0.0,0,1,0,0,0,0,1,0.0,0.0,0.0,0,0,0.0,0.0,0.08695652173913043,0.0,0.0,0.0,0.0,0.0,0.0,0.0
13212,Xiuying Hou,2582,0.0122,2025.0,2025.0,0.0,Post-Apocalyptic Folk,Solo,0,1,1,0.0,0,2,0.0,0,1,0,0,0,0,1,0.0,0.0,0.0,0,0,0.0,0.0,0.08695652173913043,0.0,0.0,0.0,0.0,0.0,0.0,0.0
13122,Yang Meng,2582,0.0122,2027.0,2027.0,0.0,Space Rock,Solo,0,1,1,0.0,0,2,0.0,0,1,0,0,0,0,1,0.0,0.0,0.0,0,0,0.0,0.0,0.08695652173913043,0.0,0.0,0.0,0.0,0.0,0.0,0.0
7327,Lei Zhang,2582,0.0122,2028.0,2028.0,0.0,Dream Pop,Solo,0,1,1,0.0,0,2,0.0,0,1,0,0,0,0,1,0.0,0.0,0.0,0,0,0.0,0.0,0.08695652173913043,0.0,0.0,0.0,0.0,0.0,0.0,0.0
5936,Romana Iadanza,2582,0.0122,2025.0,2025.0,0.0,Synthwave,Solo,0,1,1,0.0,0,2,0.0,0,1,0,0,0,0,1,0.0,0.0,0.0,0,0,0.0,0.0,0.08695652173913043,0.0,0.0,0.0,0.0,0.0,0.0,0.0
14833,Wei Lin,2582,0.0122,2029.0,2029.0,0.0,Dream Pop,Solo,0,1,1,0.0,0,2,0.0,0,1,0,0,0,0,1,0.0,0.0,0.0,0,0,0.0,0.0,0.08695652173913043,0.0,0.0,0.0,0.0,0.0,0.0,0.0
14831,Gang Ye,2582,0.0122,2029.0,2029.0,0.0,Dream Pop,Solo,0,1,1,0.0,0,2,0.0,0,1,0,0,0,0,1,0.0,0.0,0.0,0,0,0.0,0.0,0.08695652173913043,0.0,0.0,0.0,0.0,0.0,0.0,0.0
13118, Vince Shadow,2582,0.0122,2027.0,2027.0,0.0,Space Rock,Solo,0,1,1,0.0,0,2,0.0,0,1,0,0,0,0,1,0.0,0.0,0.0,0,0,0.0,0.0,0.08695652173913043,0.0,0.0,0.0,0.0,0.0,0.0,0.0
12261,Shlok Cherian,2590,0.0092,2026.0,2026.0,0.0,Oceanus Folk,Solo,0,1,1,0.0,1,0,0.0,0,1,0,0,0,1,1,0.5,1.0,0.0,1,0,0.0,0.041666666666666664,0.0,0.0,0.0,0.0,0.0,0.0,0.043478260869565216,0.0
4329,Ming Dai,2590,0.0092,2026.0,2026.0,0.0,Americana,Solo,0,1,1,0.0,1,0,0.0,0,1,0,0,0,1,1,0.0,0.0,0.0,0,0,0.0,0.041666666666666664,0.0,0.0,0.0,0.0,0.0,0.0,0.043478260869565216,0.0
1188,Taylor Poole,2590,0.0092,2026.0,2026.0,0.0,Dream Pop,Solo,0,1,1,0.0,1,0,0.0,0,1,0,0,0,1,1,0.0,0.0,0.0,0,0,0.0,0.041666666666666664,0.0,0.0,0.0,0.0,0.0,0.0,0.043478260869565216,0.0
12184,Beth Walters,2590,0.0092,2029.0,2029.0,0.0,Post-Apocalyptic Folk,Solo,0,0,1,0.0,1,0,0.0,0,1,0,0,0,1,1,0.0,0.0,0.0,0,0,0.0,0.041666666666666664,0.0,0.0,0.0,0.0,0.0,0.0,0.043478260869565216,0.0
12185,Rachel Luna,2590,0.0092,2029.0,2029.0,0.0,Post-Apocalyptic Folk,Solo,0,0,1,0.0,1,0,0.0,0,1,0,0,0,1,1,0.0,0.0,0.0,0,0,0.0,0.041666666666666664,0.0,0.0,0.0,0.0,0.0,0.0,0.043478260869565216,0.0
4276,Saira Kala,2590,0.0092,2026.0,2026.0,0.0,Synthwave,Solo,0,0,1,0.0,1,0,0.0,0,1,0,0,0,1,1,0.0,0.0,0.0,0,0,0.0,0.041666666666666664,0.0,0.0,0.0,0.0,0.0,0.0,0.043478260869565216,0.0
1258,Cynthia Pierce,2590,0.0092,2029.0,2029.0,0.0,Dream Pop,Solo,0,1,1,0.0,1,0,0.0,0,1,0,0,0,1,1,0.0,0.0,0.0,0,0,0.0,0.041666666666666664,0.0,0.0,0.0,0.0,0.0,0.0,0.043478260869565216,0.0
12183,Jennifer Ruiz,2590,0.0092,2029.0,2029.0,0.0,Post-Apocalyptic Folk,Solo,0,0,1,0.0,1,0,0.0,0,1,0,0,0,1,1,0.0,0.0,0.0,0,0,0.0,0.041666666666666664,0.0,0.0,0.0,0.0,0.0,0.0,0.043478260869565216,0.0
12187,Sharon Sanchez,2590,0.0092,2029.0,2029.0,0.0,Post-Apocalyptic Folk,Solo,0,0,1,0.0,1,0,0.0,0,1,0,0,0,1,1,0.0,0.0,0.0,0,0,0.0,0.041666666666666664,0.0,0.0,0.0,0.0,0.0,0.0,0.043478260869565216,0.0
4275,Gokul Kapur,2590,0.0092,2026.0,2026.0,0.0,Synthwave,Solo,0,0,1,0.0,1,0,0.0,0,1,0,0,0,1,1,0.0,0.0,0.0,0,0,0.0,0.041666666666666664,0.0,0.0,0.0,0.0,0.0,0.0,0.043478260869565216,0.0
4274,Indrans Vyas,2590,0.0092,2026.0,2026.0,0.0,Synthwave,Solo,0,0,1,0.0,1,0,0.0,0,1,0,0,0,1,1,0.0,0.0,0.0,0,0,0.0,0.041666666666666664,0.0,0.0,0.0,0.0,0.0,0.0,0.043478260869565216,0.0
4150,Laurie Anderson,2590,0.0092,2029.0,2029.0,0.0,Indie Rock,Solo,0,1,1,0.0,1,0,0.0,0,1,0,0,0,1,1,0.0,0.0,0.0,0,0,0.0,0.041666666666666664,0.0,0.0,0.0,0.0,0.0,0.0,0.043478260869565216,0.0
15927,Nicholas Johnson,2590,0.0092,2027.0,2027.0,0.0,Synthwave,Solo,0,1,1,0.0,1,0,0.0,0,1,0,0,0,1,1,0.0,0.0,0.0,0,0,0.0,0.041666666666666664,0.0,0.0,0.0,0.0,0.0,0.0,0.043478260869565216,0.0
3757,Klaus-Werner Gierschner,2590,0.0092,2028.0,2028.0,0.0,Dream Pop,Solo,0,1,1,0.0,1,0,0.0,0,1,0,0,0,1,1,0.0,0.0,0.0,0,0,0.0,0.041666666666666664,0.0,0.0,0.0,0.0,0.0,0.0,0.043478260869565216,0.0
12188,Andrew Oneill,2590,0.0092,2029.0,2029.0,0.0,Post-Apocalyptic Folk,Solo,0,0,1,0.0,1,0,0.0,0,1,0,0,0,1,1,0.0,0.0,0.0,0,0,0.0,0.041666666666666664,0.0,0.0,0.0,0.0,0.0,0.0,0.043478260869565216,0.0
12182,Nina Anders,2590,0.0092,2029.0,2029.0,0.0,Post-Apocalyptic Folk,Solo,0,0,1,0.0,1,0,0.0,0,1,0,0,0,1,1,0.0,0.0,0.0,0,0,0.0,0.041666666666666664,0.0,0.0,0.0,0.0,0.0,0.0,0.043478260869565216,0.0
12181,Tyler Austin,2590,0.0092,2029.0,2029.0,0.0,Post-Apocalyptic Folk,Solo,0,0,1,0.0,1,0,0.0,0,1,0,0,0,1,1,0.0,0.0,0.0,0,0,0.0,0.041666666666666664,0.0,0.0,0.0,0.0,0.0,0.0,0.043478260869565216,0.0
14638,Alan Yang,2590,0.0092,2026.0,2026.0,0.0,Darkwave,Solo,0,1,1,0.0,1,0,0.0,0,1,0,0,0,1,1,0.0,0.0,0.0,0,0,0.0,0.041666666666666664,0.0,0.0,0.0,0.0,0.0,0.0,0.043478260869565216,0.0
4277,Riaan Kalla,2590,0.0092,2026.0,2026.0,0.0,Synthwave,Solo,0,0,1,0.0,1,0,0.0,0,1,0,0,0,1,1,0.0,0.0,0.0,0,0,0.0,0.041666666666666664,0.0,0.0,0.0,0.0,0.0,0.0,0.043478260869565216,0.0
4841,Anthony Cox,2590,0.0092,2025.0,2025.0,0.0,Americana,Solo,0,1,1,0.0,1,0,0.0,0,1,0,0,0,1,1,0.0,0.0,0.0,0,0,0.0,0.041666666666666664,0.0,0.0,0.0,0.0,0.0,0.0,0.043478260869565216,0.0
14776,Juan Wu,2610,0.0061,2027.0,2027.0,0.0,Post-Apocalyptic Folk,Solo,0,1,1,0.0,0,1,0.0,0,1,0,0,0,0,1,0.0,0.0,0.0,0,0,0.0,0.0,0.043478260869565216,0.0,0.0,0.0,0.0,0.0,0.0,0.0
14775, L.A. Rose,2610,0.0061,2027.0,2027.0,0.0,Post-Apocalyptic Folk,Solo,0,1,1,0.0,0,1,0.0,0,1,0,0,0,0,1,0.0,0.0,0.0,0,0,0.0,0.0,0.043478260869565216,0.0,0.0,0.0,0.0,0.0,0.0,0.0
12901,Xia Dai,2610,0.0061,2025.0,2025.0,0.0,Darkwave,Solo,0,1,1,0.0,0,1,0.0,0,1,0,0,0,0,1,0.0,0.0,0.0,0,0,0.0,0.0,0.043478260869565216,0.0,0.0,0.0,0.0,0.0,0.0,0.0
12902,Bianca Mentzel,2610,0.0061,2025.0,2025.0,0.0,Darkwave,Solo,0,1,1,0.0,0,1,0.0,0,1,0,0,0,0,1,0.0,0.0,0.0,0,0,0.0,0.0,0.043478260869565216,0.0,0.0,0.0,0.0,0.0,0.0,0.0
5589,Paul-Robert Bodin,2614,0.005,2026.0,2026.0,0.0,Space Rock,Solo,0,1,1,0.0,0,0,0.0,0,1,0,0,0,0,2,0.0,0.0,0.0,0,0,0.0,0.0,0.0,0.0,0.0,0.0,0.0,0.0,0.0,0.5
13056,Yong Su,2614,0.005,2027.0,2027.0,0.0,Jazz Surf Rock,Solo,0,0,1,0.0,0,0,0.0,0,1,0,0,0,0,2,0.0,0.0,0.0,0,0,0.0,0.0,0.0,0.0,0.0,0.0,0.0,0.0,0.0,0.5
13060,Qiang Long,2614,0.005,2027.0,2027.0,0.0,Jazz Surf Rock,Solo,0,0,1,0.0,0,0,0.0,0,1,0,0,0,0,2,0.0,0.0,0.0,0,0,0.0,0.0,0.0,0.0,0.0,0.0,0.0,0.0,0.0,0.5
13061,Xia Jin,2617,0.0,2027.0,2027.0,0.0,Jazz Surf Rock,Solo,0,0,1,0.0,0,0,0.0,0,1,0,0,0,0,1,0.0,0.0,0.0,0,0,0.0,0.0,0.0,0.0,0.0,0.0,0.0,0.0,0.0,0.0
13058,Jing Pan,2617,0.0,2027.0,2027.0,0.0,Jazz Surf Rock,Solo,0,0,1,0.0,0,0,0.0,0,1,0,0,0,0,1,0.0,0.0,0.0,0,0,0.0,0.0,0.0,0.0,0.0,0.0,0.0,0.0,0.0,0.0
13057,Jie Tan,2617,0.0,2027.0,2027.0,0.0,Jazz Surf Rock,Solo,0,0,1,0.0,0,0,0.0,0,1,0,0,0,0,1,0.0,0.0,0.0,0,0,0.0,0.0,0.0,0.0,0.0,0.0,0.0,0.0,0.0,0.0
12887,Li Xiang,2617,0.0,2028.0,2028.0,0.0,Dream Pop,Solo,0,1,1,0.0,0,0,0.0,0,1,0,0,0,0,1,0.0,0.0,0.0,0,0,0.0,0.0,0.0,0.0,0.0,0.0,0.0,0.0,0.0,0.0
