artist_id,debut_year,latest_year,total_works,notable_works,first_notoriety,last_notoriety,genre_diversity,notoriety_lag,career_span,is_performer,is_recent_debut,recent_notable_works,outbound_influence,years_since_notoriety,notoriety_recency_score,collab_with_popular_count,recent_collab_count,collab_growth_rate,recent_inbound_influence,genre_alignment_score,prestige_label_count,prestige_group_count,prestige_score,influenced_by_popular_score,role_diversity,of_genre_works,of_influence_edges,of_alignment,id,name,stage_name,display_name,recent_collab_norm_pre,growth_norm_pre,collab_score,recent_notable_works_norm,outbound_influence_norm,collab_with_popular_count_norm,recent_inbound_influence_norm,genre_alignment_score_norm,genre_diversity_norm,prestige_score_norm,influenced_by_popular_score_norm,role_diversity_norm,notoriety_recency_score_norm,collab_score_norm,rising_star_score,rank,was_in_group,was_in_high_influence_group,group_name,group_prestige,group_inbound_influence,group_notable_works
8,2026,2026,2,1,,,1,,0,True,True,0,24,,0.0,2,0,0.0,0,0,1,1,2,8,2,0,0,0,8.0,David Franklin,,David Franklin,0.0,0.0,0.0,0.0,1.0,0.2857142857142857,0.0,0.0,0.0,0.4,1.0,0.5,0.0,0.0,0.2493,12.0,True,False,Green Haze Collective,1,0,1
16,2027,2027,1,0,,,1,,0,True,True,0,1,,0.0,0,0,0.0,0,0,1,0,1,0,3,0,0,0,16.0,Timothy Shea,,Timothy Shea,0.0,0.0,0.0,0.0,0.0416666666666666,0.0,0.0,0.0,0.0,0.2,0.0,1.0,0.0,0.0,0.0458,940.0,False,False,None,0,0,0
17,2027,2027,1,0,,,1,,0,True,True,0,1,,0.0,0,0,0.0,0,0,1,0,1,0,2,0,0,0,17.0,Philippine Colin,,Philippine Colin,0.0,0.0,0.0,0.0,0.0416666666666666,0.0,0.0,0.0,0.0,0.2,0.0,0.5,0.0,0.0,0.0308,1542.0,False,False,None,0,0,0
19,2027,2027,1,0,,,1,,0,True,True,0,1,,0.0,0,0,0.0,0,0,1,0,1,0,2,0,0,0,19.0,Jordan Mullins,,Jordan Mullins,0.0,0.0,0.0,0.0,0.0416666666666666,0.0,0.0,0.0,0.0,0.2,0.0,0.5,0.0,0.0,0.0308,1542.0,False,False,None,0,0,0
44,2029,2029,1,1,,,1,,0,True,True,0,3,,0.0,0,0,0.0,0,0,1,0,1,1,1,0,0,0,44.0,Jennifer Smith,,Jennifer Smith,0.0,0.0,0.0,0.0,0.125,0.0,0.0,0.0,0.0,0.2,0.125,0.0,0.0,0.0,0.0325,1451.0,False,False,None,0,0,0
45,2029,2029,1,1,,,1,,0,True,True,0,3,,0.0,0,0,0.0,0,0,1,0,1,1,2,0,0,0,45.0,Kyle Anderson,,Kyle Anderson,0.0,0.0,0.0,0.0,0.125,0.0,0.0,0.0,0.0,0.2,0.125,0.5,0.0,0.0,0.0475,918.0,False,False,None,0,0,0
114,2027,2027,1,1,,,1,,0,True,True,0,7,,0.0,2,0,0.0,0,0,2,0,2,1,3,0,0,0,114.0,Jie Long,,Jie Long,0.0,0.0,0.0,0.0,0.2916666666666666,0.2857142857142857,0.0,0.0,0.0,0.4,0.125,1.0,0.0,0.0,0.1301,109.0,False,False,None,0,0,0
122,2025,2025,1,1,,,1,,0,True,True,0,1,,0.0,0,0,0.0,0,0,1,0,1,0,1,0,0,0,122.0,Sabina Hrušková,,Sabina Hrušková,0.0,0.0,0.0,0.0,0.0416666666666666,0.0,0.0,0.0,0.0,0.2,0.0,0.0,0.0,0.0,0.0158,2169.0,False,False,None,0,0,0
123,2025,2025,1,1,,,1,,0,True,True,0,1,,0.0,0,0,0.0,0,0,1,0,1,0,1,0,0,0,123.0,Naděžda Pešková,,Naděžda Pešková,0.0,0.0,0.0,0.0,0.0416666666666666,0.0,0.0,0.0,0.0,0.2,0.0,0.0,0.0,0.0,0.0158,2169.0,False,False,None,0,0,0
124,2025,2025,1,1,,,1,,0,True,True,0,1,,0.0,0,0,0.0,0,0,1,0,1,0,1,0,0,0,124.0,Michal Žák,,Michal Žák,0.0,0.0,0.0,0.0,0.0416666666666666,0.0,0.0,0.0,0.0,0.2,0.0,0.0,0.0,0.0,0.0158,2169.0,False,False,None,0,0,0
125,2025,2025,1,1,,,1,,0,True,True,0,1,,0.0,0,0,0.0,0,0,1,0,1,0,1,0,0,0,125.0,Miluše Dušková,,Miluše Dušková,0.0,0.0,0.0,0.0,0.0416666666666666,0.0,0.0,0.0,0.0,0.2,0.0,0.0,0.0,0.0,0.0158,2169.0,False,False,None,0,0,0
126,2025,2025,2,2,,,2,,0,True,True,0,2,,0.0,0,0,0.0,0,0,1,0,1,0,3,0,0,0,126.0,Miloš Pokorný,,Miloš Pokorný,0.0,0.0,0.0,0.0,0.0833333333333333,0.0,0.0,0.0,0.3333333333333333,0.2,0.0,1.0,0.0,0.0,0.075,405.0,False,False,None,0,0,0
131,2026,2026,1,1,,,1,,0,True,True,0,2,,0.0,0,0,0.0,0,0,1,0,1,0,1,0,0,0,131.0,Li Lin,,Li Lin,0.0,0.0,0.0,0.0,0.0833333333333333,0.0,0.0,0.0,0.0,0.2,0.0,0.0,0.0,0.0,0.0217,1958.0,False,False,None,0,0,0
132,2026,2026,1,1,,,1,,0,True,True,0,2,,0.0,0,0,0.0,0,0,1,0,1,0,1,0,0,0,132.0,Jie Yu,,Jie Yu,0.0,0.0,0.0,0.0,0.0833333333333333,0.0,0.0,0.0,0.0,0.2,0.0,0.0,0.0,0.0,0.0217,1958.0,False,False,None,0,0,0
134,2026,2026,1,1,,,1,,0,True,True,0,2,,0.0,0,0,0.0,0,0,1,0,1,0,1,0,0,0,134.0,Steven Cordova,,Steven Cordova,0.0,0.0,0.0,0.0,0.0833333333333333,0.0,0.0,0.0,0.0,0.2,0.0,0.0,0.0,0.0,0.0217,1958.0,False,False,None,0,0,0
135,2026,2026,1,1,,,1,,0,True,True,0,2,,0.0,0,0,0.0,0,0,1,0,1,0,1,0,0,0,135.0,Xia Chang,,Xia Chang,0.0,0.0,0.0,0.0,0.0833333333333333,0.0,0.0,0.0,0.0,0.2,0.0,0.0,0.0,0.0,0.0217,1958.0,False,False,None,0,0,0
136,2026,2026,1,1,,,1,,0,True,True,0,2,,0.0,0,0,0.0,0,0,1,0,1,0,1,0,0,0,136.0,Fang Kong,,Fang Kong,0.0,0.0,0.0,0.0,0.0833333333333333,0.0,0.0,0.0,0.0,0.2,0.0,0.0,0.0,0.0,0.0217,1958.0,False,False,None,0,0,0
170,2026,2028,2,2,,,2,,2,True,True,0,6,,0.0,1,0,4.5,0,0,2,0,2,1,3,0,0,0,170.0,Chao Yu,,Chao Yu,0.0,0.45,0.1575,0.0,0.25,0.1428571428571428,0.0,0.0,0.3333333333333333,0.4,0.125,1.0,0.0,0.1575,0.1462,81.0,False,False,None,0,0,0
171,2026,2026,1,1,,,1,,0,True,True,0,3,,0.0,1,0,0.0,0,0,1,0,1,0,2,0,0,0,171.0,Chao Qiao,,Chao Qiao,0.0,0.0,0.0,0.0,0.125,0.1428571428571428,0.0,0.0,0.0,0.2,0.0,0.5,0.0,0.0,0.0596,619.0,False,False,None,0,0,0
189,2025,2025,1,1,,,1,,0,True,True,0,0,,0.0,4,0,0.0,0,0,1,0,1,0,2,0,0,0,189.0,Alma Davids,,Alma Davids,0.0,0.0,0.0,0.0,0.0,0.5714285714285714,0.0,0.0,0.0,0.2,0.0,0.5,0.0,0.0,0.0936,270.0,False,False,None,0,0,0
211,2029,2029,1,1,2029.0,2029.0,1,0.0,0,True,True,0,11,11.0,0.0,0,0,0.0,0,0,1,0,1,4,1,0,0,0,211.0,Jing Han,,Jing Han,0.0,0.0,0.0,0.0,0.4583333333333333,0.0,0.0,0.0,0.0,0.2,0.5,0.0,0.0,0.0,0.0942,262.0,False,False,None,0,0,0
212,2029,2029,1,1,2029.0,2029.0,1,0.0,0,True,True,0,11,11.0,0.0,0,0,0.0,0,0,1,0,1,4,2,0,0,0,212.0,Jun Yao,,Jun Yao,0.0,0.0,0.0,0.0,0.4583333333333333,0.0,0.0,0.0,0.0,0.2,0.5,0.5,0.0,0.0,0.1092,179.0,False,False,None,0,0,0
214,2029,2029,1,1,2029.0,2029.0,1,0.0,0,True,True,0,11,11.0,0.0,0,0,0.0,0,0,1,0,1,4,2,0,0,0,214.0,Qiang Cai,,Qiang Cai,0.0,0.0,0.0,0.0,0.4583333333333333,0.0,0.0,0.0,0.0,0.2,0.5,0.5,0.0,0.0,0.1092,179.0,False,False,None,0,0,0
215,2029,2029,1,1,2029.0,2029.0,1,0.0,0,True,True,0,11,11.0,0.0,0,0,0.0,0,0,1,0,1,4,1,0,0,0,215.0,Qiang Huang,,Qiang Huang,0.0,0.0,0.0,0.0,0.4583333333333333,0.0,0.0,0.0,0.0,0.2,0.5,0.0,0.0,0.0,0.0942,262.0,False,False,None,0,0,0
261,2029,2029,1,1,,,1,,0,True,True,0,1,,0.0,0,0,0.0,0,0,1,0,1,0,1,0,0,0,261.0,Shawn Hart,,Shawn Hart,0.0,0.0,0.0,0.0,0.0416666666666666,0.0,0.0,0.0,0.0,0.2,0.0,0.0,0.0,0.0,0.0158,2169.0,False,False,None,0,0,0
280,2026,2026,1,1,2026.0,2026.0,1,0.0,0,True,True,0,1,14.0,0.0,0,0,0.0,0,0,1,0,1,0,2,0,0,0,280.0,George Bailey,,George Bailey,0.0,0.0,0.0,0.0,0.0416666666666666,0.0,0.0,0.0,0.0,0.2,0.0,0.5,0.0,0.0,0.0308,1542.0,False,False,None,0,0,0
281,2026,2026,1,1,2026.0,2026.0,1,0.0,0,True,True,0,1,14.0,0.0,0,0,0.0,0,0,1,0,1,0,1,0,0,0,281.0,William Tran,,William Tran,0.0,0.0,0.0,0.0,0.0416666666666666,0.0,0.0,0.0,0.0,0.2,0.0,0.0,0.0,0.0,0.0158,2169.0,False,False,None,0,0,0
284,2029,2029,1,1,2029.0,2029.0,1,0.0,0,True,True,0,4,11.0,0.0,0,0,0.0,0,0,1,0,1,0,1,0,0,0,284.0,Liza Rijcken,,Liza Rijcken,0.0,0.0,0.0,0.0,0.1666666666666666,0.0,0.0,0.0,0.0,0.2,0.0,0.0,0.0,0.0,0.0333,1350.0,False,False,None,0,0,0
287,2029,2029,1,1,2029.0,2029.0,1,0.0,0,True,True,0,4,11.0,0.0,0,0,0.0,0,0,1,0,1,0,1,0,0,0,287.0,Ryan van 't Houteveen-Luboch,,Ryan van 't Houteveen-Luboch,0.0,0.0,0.0,0.0,0.1666666666666666,0.0,0.0,0.0,0.0,0.2,0.0,0.0,0.0,0.0,0.0333,1350.0,False,False,None,0,0,0
288,2029,2029,1,1,2029.0,2029.0,1,0.0,0,True,True,0,4,11.0,0.0,0,0,0.0,0,0,1,0,1,0,2,0,0,0,288.0,Gerlind Sager-Ortmann,,Gerlind Sager-Ortmann,0.0,0.0,0.0,0.0,0.1666666666666666,0.0,0.0,0.0,0.0,0.2,0.0,0.5,0.0,0.0,0.0483,880.0,False,False,None,0,0,0
289,2029,2029,1,1,2029.0,2029.0,1,0.0,0,True,True,0,4,11.0,0.0,0,0,0.0,0,0,1,0,1,0,1,0,0,0,289.0,Liam de Vrome,,Liam de Vrome,0.0,0.0,0.0,0.0,0.1666666666666666,0.0,0.0,0.0,0.0,0.2,0.0,0.0,0.0,0.0,0.0333,1350.0,False,False,None,0,0,0
322,2025,2025,1,1,,,1,,0,True,True,0,3,,0.0,0,0,0.0,0,0,1,0,1,1,1,0,0,0,322.0,Kelly Long,,Kelly Long,0.0,0.0,0.0,0.0,0.125,0.0,0.0,0.0,0.0,0.2,0.125,0.0,0.0,0.0,0.0325,1451.0,False,False,None,0,0,0
323,2025,2025,1,1,,,1,,0,True,True,0,3,,0.0,0,0,0.0,0,0,1,0,1,1,1,0,0,0,323.0,Janice Fuentes,,Janice Fuentes,0.0,0.0,0.0,0.0,0.125,0.0,0.0,0.0,0.0,0.2,0.125,0.0,0.0,0.0,0.0325,1451.0,False,False,None,0,0,0
324,2025,2025,1,1,,,1,,0,True,True,0,3,,0.0,0,0,0.0,0,0,1,0,1,1,1,0,0,0,324.0,Samantha Padilla,,Samantha Padilla,0.0,0.0,0.0,0.0,0.125,0.0,0.0,0.0,0.0,0.2,0.125,0.0,0.0,0.0,0.0325,1451.0,False,False,None,0,0,0
325,2025,2025,1,1,,,1,,0,True,True,0,3,,0.0,0,0,0.0,0,0,1,0,1,1,1,0,0,0,325.0,Ryan Pollard,,Ryan Pollard,0.0,0.0,0.0,0.0,0.125,0.0,0.0,0.0,0.0,0.2,0.125,0.0,0.0,0.0,0.0325,1451.0,False,False,None,0,0,0
326,2025,2025,1,1,,,1,,0,True,True,0,3,,0.0,0,0,0.0,0,0,1,0,1,1,1,0,0,0,326.0,Laura Davis,,Laura Davis,0.0,0.0,0.0,0.0,0.125,0.0,0.0,0.0,0.0,0.2,0.125,0.0,0.0,0.0,0.0325,1451.0,False,False,None,0,0,0
331,2025,2025,1,1,,,1,,0,True,True,0,2,,0.0,2,0,0.0,0,0,2,0,2,0,1,0,0,0,331.0,Louis Armstrong,,Louis Armstrong,0.0,0.0,0.0,0.0,0.0833333333333333,0.2857142857142857,0.0,0.0,0.0,0.4,0.0,0.0,0.0,0.0,0.066,506.0,False,False,None,0,0,0
333,2025,2025,1,1,,,1,,0,True,True,0,2,,0.0,2,0,0.0,0,0,2,0,2,0,2,0,0,0,333.0,Lauren Foster,,Lauren Foster,0.0,0.0,0.0,0.0,0.0833333333333333,0.2857142857142857,0.0,0.0,0.0,0.4,0.0,0.5,0.0,0.0,0.081,352.0,False,False,None,0,0,0
350,2028,2028,1,1,,,1,,0,True,True,0,2,,0.0,1,0,0.0,0,0,1,0,1,0,1,0,0,0,350.0,Michael Williamson,,Michael Williamson,0.0,0.0,0.0,0.0,0.0833333333333333,0.1428571428571428,0.0,0.0,0.0,0.2,0.0,0.0,0.0,0.0,0.0388,1182.0,False,False,None,0,0,0
351,2028,2028,1,1,,,1,,0,True,True,0,2,,0.0,1,0,0.0,0,0,1,0,1,0,1,0,0,0,351.0,Tao Tan,,Tao Tan,0.0,0.0,0.0,0.0,0.0833333333333333,0.1428571428571428,0.0,0.0,0.0,0.2,0.0,0.0,0.0,0.0,0.0388,1182.0,False,False,None,0,0,0
352,2028,2028,1,1,,,1,,0,True,True,0,2,,0.0,1,0,0.0,0,0,1,0,1,0,1,0,0,0,352.0,Guiying Fang,,Guiying Fang,0.0,0.0,0.0,0.0,0.0833333333333333,0.1428571428571428,0.0,0.0,0.0,0.2,0.0,0.0,0.0,0.0,0.0388,1182.0,False,False,None,0,0,0
353,2028,2028,1,1,,,1,,0,True,True,0,2,,0.0,1,0,0.0,0,0,1,0,1,0,2,0,0,0,353.0,Li Zheng,,Li Zheng,0.0,0.0,0.0,0.0,0.0833333333333333,0.1428571428571428,0.0,0.0,0.0,0.2,0.0,0.5,0.0,0.0,0.0538,740.0,False,False,None,0,0,0
356,2028,2028,1,1,,,1,,0,True,True,0,2,,0.0,1,0,0.0,0,0,1,0,1,0,1,0,0,0,356.0,Ping Bai,,Ping Bai,0.0,0.0,0.0,0.0,0.0833333333333333,0.1428571428571428,0.0,0.0,0.0,0.2,0.0,0.0,0.0,0.0,0.0388,1182.0,False,False,None,0,0,0
359,2027,2027,1,1,2027.0,2027.0,1,0.0,0,True,True,0,4,13.0,0.0,0,0,0.0,0,0,2,0,2,1,1,0,0,0,359.0,Wei Mao,,Wei Mao,0.0,0.0,0.0,0.0,0.1666666666666666,0.0,0.0,0.0,0.0,0.4,0.125,0.0,0.0,0.0,0.0483,893.0,False,False,None,0,0,0
368,2027,2027,1,1,,,1,,0,True,True,0,5,,0.0,0,0,0.0,0,0,1,0,1,1,1,0,0,0,368.0,Juan Zhu,,Juan Zhu,0.0,0.0,0.0,0.0,0.2083333333333333,0.0,0.0,0.0,0.0,0.2,0.125,0.0,0.0,0.0,0.0442,987.0,False,False,None,0,0,0
377,2030,2030,1,1,,,1,,0,True,True,1,1,,0.0,0,0,0.0,0,0,1,0,1,0,2,0,0,0,377.0,Hildegund Wilmsen,,Hildegund Wilmsen,0.0,0.0,0.0,0.0833333333333333,0.0416666666666666,0.0,0.0,0.0,0.0,0.2,0.0,0.5,0.0,0.0,0.0442,987.0,False,False,None,0,0,0
379,2030,2030,1,1,,,1,,0,True,True,1,1,,0.0,0,0,0.0,0,0,1,0,1,0,2,0,0,0,379.0,Jutta Matthäi,,Jutta Matthäi,0.0,0.0,0.0,0.0833333333333333,0.0416666666666666,0.0,0.0,0.0,0.0,0.2,0.0,0.5,0.0,0.0,0.0442,987.0,False,False,None,0,0,0
383,2027,2027,1,1,,,1,,0,True,True,0,0,,0.0,0,0,0.0,0,0,1,0,1,0,1,0,0,0,383.0,Mackenzie Compton,Arcana,Arcana,0.0,0.0,0.0,0.0,0.0,0.0,0.0,0.0,0.0,0.2,0.0,0.0,0.0,0.0,0.01,2522.0,False,False,None,0,0,0
384,2027,2027,1,1,,,1,,0,True,True,0,0,,0.0,0,0,0.0,0,0,1,0,1,0,1,0,0,0,384.0,Hannah Wilkinson,Leo Sinclair,Leo Sinclair,0.0,0.0,0.0,0.0,0.0,0.0,0.0,0.0,0.0,0.2,0.0,0.0,0.0,0.0,0.01,2522.0,False,False,None,0,0,0
385,2027,2027,1,1,,,1,,0,True,True,0,0,,0.0,0,0,0.0,0,0,1,0,1,0,1,0,0,0,385.0,Cynthia Nash,,Cynthia Nash,0.0,0.0,0.0,0.0,0.0,0.0,0.0,0.0,0.0,0.2,0.0,0.0,0.0,0.0,0.01,2522.0,False,False,None,0,0,0
386,2027,2027,1,1,,,1,,0,True,True,0,0,,0.0,0,0,0.0,0,0,1,0,1,0,1,0,0,0,386.0,Sharon Holland,,Sharon Holland,0.0,0.0,0.0,0.0,0.0,0.0,0.0,0.0,0.0,0.2,0.0,0.0,0.0,0.0,0.01,2522.0,False,False,None,0,0,0
392,2030,2030,1,1,,,1,,0,True,True,1,2,,0.0,0,0,0.0,0,0,1,0,1,0,1,0,0,0,392.0,Jing Yang,,Jing Yang,0.0,0.0,0.0,0.0833333333333333,0.0833333333333333,0.0,0.0,0.0,0.0,0.2,0.0,0.0,0.0,0.0,0.035,1331.0,False,False,None,0,0,0
462,2027,2027,1,1,,,1,,0,True,True,0,2,,0.0,0,0,0.0,0,0,1,0,1,0,2,0,0,0,462.0,Marie-Louise Wesack,,Marie-Louise Wesack,0.0,0.0,0.0,0.0,0.0833333333333333,0.0,0.0,0.0,0.0,0.2,0.0,0.5,0.0,0.0,0.0367,1265.0,False,False,None,0,0,0
465,2027,2027,1,1,,,1,,0,True,True,0,2,,0.0,0,0,0.0,0,0,1,0,1,0,1,0,0,0,465.0,Ildiko Wesack,,Ildiko Wesack,0.0,0.0,0.0,0.0,0.0833333333333333,0.0,0.0,0.0,0.0,0.2,0.0,0.0,0.0,0.0,0.0217,1958.0,False,False,None,0,0,0
475,2027,2027,1,1,2027.0,2027.0,1,0.0,0,True,True,0,3,13.0,0.0,0,0,0.0,0,0,1,0,1,0,1,0,0,0,475.0,Qiang Lai,,Qiang Lai,0.0,0.0,0.0,0.0,0.125,0.0,0.0,0.0,0.0,0.2,0.0,0.0,0.0,0.0,0.0275,1672.0,False,False,None,0,0,0
476,2027,2027,1,1,2027.0,2027.0,1,0.0,0,True,True,0,3,13.0,0.0,0,0,0.0,0,0,1,0,1,0,1,0,0,0,476.0,Xiuying Yuan,,Xiuying Yuan,0.0,0.0,0.0,0.0,0.125,0.0,0.0,0.0,0.0,0.2,0.0,0.0,0.0,0.0,0.0275,1672.0,False,False,None,0,0,0
492,2029,2029,1,1,,,1,,0,True,True,0,2,,0.0,0,0,0.0,0,0,1,0,1,0,1,0,0,0,492.0,Yang Pan,,Yang Pan,0.0,0.0,0.0,0.0,0.0833333333333333,0.0,0.0,0.0,0.0,0.2,0.0,0.0,0.0,0.0,0.0217,1958.0,False,False,None,0,0,0
493,2029,2029,1,1,,,1,,0,True,True,0,2,,0.0,0,0,0.0,0,0,1,0,1,0,1,0,0,0,493.0,Chao Shen,,Chao Shen,0.0,0.0,0.0,0.0,0.0833333333333333,0.0,0.0,0.0,0.0,0.2,0.0,0.0,0.0,0.0,0.0217,1958.0,False,False,None,0,0,0
505,2028,2028,1,1,,,1,,0,True,True,0,2,,0.0,0,0,0.0,0,0,1,0,1,0,1,0,0,0,505.0,Juan Shi, Storm, Storm,0.0,0.0,0.0,0.0,0.0833333333333333,0.0,0.0,0.0,0.0,0.2,0.0,0.0,0.0,0.0,0.0217,1958.0,False,False,None,0,0,0
506,2028,2028,1,1,,,1,,0,True,True,0,2,,0.0,0,0,0.0,0,0,1,0,1,0,2,0,0,0,506.0,Erin Mitchell,,Erin Mitchell,0.0,0.0,0.0,0.0,0.0833333333333333,0.0,0.0,0.0,0.0,0.2,0.0,0.5,0.0,0.0,0.0367,1265.0,False,False,None,0,0,0
508,2028,2028,2,2,2028.0,2028.0,1,0.0,0,True,True,0,6,12.0,0.0,0,0,0.0,0,0,2,0,2,2,1,0,0,0,508.0,Tao He,,Tao He,0.0,0.0,0.0,0.0,0.25,0.0,0.0,0.0,0.0,0.4,0.25,0.0,0.0,0.0,0.065,542.0,False,False,None,0,0,0
511,2028,2028,2,2,,,1,,0,True,True,0,2,,0.0,0,0,0.0,0,0,2,0,2,1,2,0,0,0,511.0,Mateusz Mikoda,,Mateusz Mikoda,0.0,0.0,0.0,0.0,0.0833333333333333,0.0,0.0,0.0,0.0,0.4,0.125,0.5,0.0,0.0,0.0517,776.0,False,False,None,0,0,0
512,2028,2028,1,1,,,1,,0,True,True,0,1,,0.0,0,0,0.0,0,0,2,0,2,1,1,0,0,0,512.0,Aniela Wszoła,,Aniela Wszoła,0.0,0.0,0.0,0.0,0.0416666666666666,0.0,0.0,0.0,0.0,0.4,0.125,0.0,0.0,0.0,0.0308,1534.0,False,False,None,0,0,0
513,2028,2028,1,1,,,1,,0,True,True,0,1,,0.0,0,0,0.0,0,0,2,0,2,1,2,0,0,0,513.0,Tobiasz Haponiuk,,Tobiasz Haponiuk,0.0,0.0,0.0,0.0,0.0416666666666666,0.0,0.0,0.0,0.0,0.4,0.125,0.5,0.0,0.0,0.0458,940.0,False,False,None,0,0,0
565,2027,2028,2,2,,,2,,1,True,True,0,9,,0.0,3,0,3.0,0,0,2,0,2,2,2,0,0,0,565.0,Wei Mo,,Wei Mo,0.0,0.3,0.105,0.0,0.375,0.4285714285714285,0.0,0.0,0.3333333333333333,0.4,0.25,0.5,0.0,0.105,0.1828,41.0,False,False,None,0,0,0
572,2025,2025,1,1,,,1,,0,True,True,0,1,,0.0,1,0,0.0,0,0,1,0,1,0,2,0,0,0,572.0,Scott Nichols,,Scott Nichols,0.0,0.0,0.0,0.0,0.0416666666666666,0.1428571428571428,0.0,0.0,0.0,0.2,0.0,0.5,0.0,0.0,0.048,895.0,False,False,None,0,0,0
578,2027,2027,1,1,,,1,,0,True,True,0,5,,0.0,0,0,0.0,0,0,1,0,1,0,1,0,3,3,578.0,Wei Gao,,Wei Gao,0.0,0.0,0.0,0.0,0.2083333333333333,0.0,0.0,0.0,0.0,0.2,0.0,0.0,0.0,0.0,0.0392,1154.0,False,False,None,0,0,0
579,2027,2027,1,1,,,1,,0,True,True,0,5,,0.0,0,0,0.0,0,0,1,0,1,0,1,0,3,3,579.0,Lei Fu,,Lei Fu,0.0,0.0,0.0,0.0,0.2083333333333333,0.0,0.0,0.0,0.0,0.2,0.0,0.0,0.0,0.0,0.0392,1154.0,False,False,None,0,0,0
591,2029,2029,1,1,,,1,,0,True,True,0,4,,0.0,1,0,0.0,0,0,1,0,1,1,2,0,0,0,591.0,Jun Cui,,Jun Cui,0.0,0.0,0.0,0.0,0.1666666666666666,0.1428571428571428,0.0,0.0,0.0,0.2,0.125,0.5,0.0,0.0,0.0705,452.0,False,False,None,0,0,0
595,2026,2026,1,1,,,1,,0,True,True,0,3,,0.0,2,0,0.0,0,0,1,0,1,0,2,0,0,0,595.0,Chao Zou,,Chao Zou,0.0,0.0,0.0,0.0,0.125,0.2857142857142857,0.0,0.0,0.0,0.2,0.0,0.5,0.0,0.0,0.0768,389.0,False,False,None,0,0,0
602,2028,2028,1,1,,,1,,0,True,True,0,4,,0.0,0,0,0.0,0,0,2,0,2,0,1,0,0,0,602.0,Jason Roberts,,Jason Roberts,0.0,0.0,0.0,0.0,0.1666666666666666,0.0,0.0,0.0,0.0,0.4,0.0,0.0,0.0,0.0,0.0433,1034.0,False,False,None,0,0,0
603,2028,2028,1,1,,,1,,0,True,True,0,4,,0.0,0,0,0.0,0,0,2,0,2,0,1,0,0,0,603.0,Gary Wallace,,Gary Wallace,0.0,0.0,0.0,0.0,0.1666666666666666,0.0,0.0,0.0,0.0,0.4,0.0,0.0,0.0,0.0,0.0433,1034.0,False,False,None,0,0,0
604,2028,2028,1,1,,,1,,0,True,True,0,4,,0.0,0,0,0.0,0,0,2,0,2,0,1,0,0,0,604.0,Linda Ward,,Linda Ward,0.0,0.0,0.0,0.0,0.1666666666666666,0.0,0.0,0.0,0.0,0.4,0.0,0.0,0.0,0.0,0.0433,1034.0,False,False,None,0,0,0
605,2028,2028,1,1,,,1,,0,True,True,0,4,,0.0,0,0,0.0,0,0,2,0,2,0,1,0,0,0,605.0,Lindsay Marsh,,Lindsay Marsh,0.0,0.0,0.0,0.0,0.1666666666666666,0.0,0.0,0.0,0.0,0.4,0.0,0.0,0.0,0.0,0.0433,1034.0,False,False,None,0,0,0
606,2028,2028,1,1,,,1,,0,True,True,0,4,,0.0,0,0,0.0,0,0,2,0,2,0,1,0,0,0,606.0,Isabella Cook,,Isabella Cook,0.0,0.0,0.0,0.0,0.1666666666666666,0.0,0.0,0.0,0.0,0.4,0.0,0.0,0.0,0.0,0.0433,1034.0,False,False,None,0,0,0
607,2028,2028,1,1,,,1,,0,True,True,0,4,,0.0,0,0,0.0,0,0,2,0,2,0,1,0,0,0,607.0,Shannon Romero,,Shannon Romero,0.0,0.0,0.0,0.0,0.1666666666666666,0.0,0.0,0.0,0.0,0.4,0.0,0.0,0.0,0.0,0.0433,1034.0,False,False,None,0,0,0
629,2028,2028,1,1,,,1,,0,True,True,0,5,,0.0,1,0,0.0,0,0,1,0,1,0,2,0,0,0,629.0,Marcelina Ogłaza,,Marcelina Ogłaza,0.0,0.0,0.0,0.0,0.2083333333333333,0.1428571428571428,0.0,0.0,0.0,0.2,0.0,0.5,0.0,0.0,0.0713,442.0,False,False,None,0,0,0
660,2030,2030,1,1,,,1,,0,True,True,1,1,,0.0,1,0,0.0,0,0,1,0,1,1,2,0,0,0,660.0,Xiuying Mao,,Xiuying Mao,0.0,0.0,0.0,0.0833333333333333,0.0416666666666666,0.1428571428571428,0.0,0.0,0.0,0.2,0.125,0.5,0.0,0.0,0.0663,504.0,False,False,None,0,0,0
663,2028,2028,1,1,,,1,,0,True,True,0,1,,0.0,0,0,0.0,0,0,2,0,2,0,2,0,1,1,663.0,Ping He,,Ping He,0.0,0.0,0.0,0.0,0.0416666666666666,0.0,0.0,0.0,0.0,0.4,0.0,0.5,0.0,0.0,0.0408,1116.0,False,False,None,0,0,0
664,2028,2028,1,1,,,1,,0,True,True,0,1,,0.0,0,0,0.0,0,0,2,0,2,0,1,0,1,1,664.0,Ping Xie,,Ping Xie,0.0,0.0,0.0,0.0,0.0416666666666666,0.0,0.0,0.0,0.0,0.4,0.0,0.0,0.0,0.0,0.0258,1822.0,False,False,None,0,0,0
665,2028,2028,1,1,,,1,,0,True,True,0,1,,0.0,0,0,0.0,0,0,2,0,2,0,1,0,1,1,665.0,Mary Harris,,Mary Harris,0.0,0.0,0.0,0.0,0.0416666666666666,0.0,0.0,0.0,0.0,0.4,0.0,0.0,0.0,0.0,0.0258,1822.0,False,False,None,0,0,0
666,2028,2028,1,1,,,1,,0,True,True,0,1,,0.0,0,0,0.0,0,0,2,0,2,0,1,0,1,1,666.0,Tanya Webb,,Tanya Webb,0.0,0.0,0.0,0.0,0.0416666666666666,0.0,0.0,0.0,0.0,0.4,0.0,0.0,0.0,0.0,0.0258,1822.0,False,False,None,0,0,0
667,2028,2028,1,1,,,1,,0,True,True,0,1,,0.0,0,0,0.0,0,0,2,0,2,0,2,0,1,1,667.0,Ping Wei,,Ping Wei,0.0,0.0,0.0,0.0,0.0416666666666666,0.0,0.0,0.0,0.0,0.4,0.0,0.5,0.0,0.0,0.0408,1116.0,False,False,None,0,0,0
668,2028,2028,1,1,,,1,,0,True,True,0,1,,0.0,0,0,0.0,0,0,2,0,2,0,1,0,1,1,668.0,Xia Ye,,Xia Ye,0.0,0.0,0.0,0.0,0.0416666666666666,0.0,0.0,0.0,0.0,0.4,0.0,0.0,0.0,0.0,0.0258,1822.0,False,False,None,0,0,0
684,2025,2025,1,1,2025.0,2025.0,1,0.0,0,True,True,0,4,15.0,0.0,0,0,0.0,0,0,1,0,1,0,1,0,0,0,684.0,Gang Zhao,,Gang Zhao,0.0,0.0,0.0,0.0,0.1666666666666666,0.0,0.0,0.0,0.0,0.2,0.0,0.0,0.0,0.0,0.0333,1350.0,False,False,None,0,0,0
687,2025,2025,1,1,2025.0,2025.0,1,0.0,0,True,True,0,4,15.0,0.0,0,0,0.0,0,0,1,0,1,0,2,0,0,0,687.0,Gang Chen,,Gang Chen,0.0,0.0,0.0,0.0,0.1666666666666666,0.0,0.0,0.0,0.0,0.2,0.0,0.5,0.0,0.0,0.0483,880.0,False,False,None,0,0,0
714,2026,2027,2,2,,,1,,1,True,True,0,5,,0.0,0,0,3.0,0,0,1,0,1,0,1,0,0,0,714.0,Jie Cai, Lotus Grey, Lotus Grey,0.0,0.3,0.105,0.0,0.2083333333333333,0.0,0.0,0.0,0.0,0.2,0.0,0.0,0.0,0.105,0.0497,847.0,False,False,None,0,0,0
715,2026,2026,1,1,,,1,,0,True,True,0,2,,0.0,0,0,0.0,0,0,1,0,1,0,2,0,0,0,715.0,Li Wei,,Li Wei,0.0,0.0,0.0,0.0,0.0833333333333333,0.0,0.0,0.0,0.0,0.2,0.0,0.5,0.0,0.0,0.0367,1265.0,False,False,None,0,0,0
716,2026,2027,2,2,,,1,,1,True,True,0,5,,0.0,0,0,3.0,0,0,1,0,1,0,2,0,0,0,716.0,Charlene Lopez,,Charlene Lopez,0.0,0.3,0.105,0.0,0.2083333333333333,0.0,0.0,0.0,0.0,0.2,0.0,0.5,0.0,0.105,0.0647,545.0,False,False,None,0,0,0
717,2026,2027,2,2,,,1,,1,True,True,0,5,,0.0,0,0,3.0,0,0,1,0,1,0,1,0,0,0,717.0,Ping Lin,,Ping Lin,0.0,0.3,0.105,0.0,0.2083333333333333,0.0,0.0,0.0,0.0,0.2,0.0,0.0,0.0,0.105,0.0497,847.0,False,False,None,0,0,0
718,2026,2027,2,2,,,1,,1,True,True,0,5,,0.0,0,0,3.0,0,0,1,0,1,0,1,0,0,0,718.0,Lei Gu,,Lei Gu,0.0,0.3,0.105,0.0,0.2083333333333333,0.0,0.0,0.0,0.0,0.2,0.0,0.0,0.0,0.105,0.0497,847.0,False,False,None,0,0,0
738,2026,2026,1,1,,,1,,0,True,True,0,1,,0.0,0,0,0.0,0,0,2,0,2,0,2,0,0,0,738.0,Yong Du,,Yong Du,0.0,0.0,0.0,0.0,0.0416666666666666,0.0,0.0,0.0,0.0,0.4,0.0,0.5,0.0,0.0,0.0408,1116.0,False,False,None,0,0,0
739,2026,2026,1,1,,,1,,0,True,True,0,1,,0.0,0,0,0.0,0,0,2,0,2,0,2,0,0,0,739.0,Lei Qiao,,Lei Qiao,0.0,0.0,0.0,0.0,0.0416666666666666,0.0,0.0,0.0,0.0,0.4,0.0,0.5,0.0,0.0,0.0408,1116.0,False,False,None,0,0,0
740,2026,2026,1,1,,,1,,0,True,True,0,1,,0.0,0,0,0.0,0,0,2,0,2,0,1,0,0,0,740.0,Xiulan Ye,,Xiulan Ye,0.0,0.0,0.0,0.0,0.0416666666666666,0.0,0.0,0.0,0.0,0.4,0.0,0.0,0.0,0.0,0.0258,1822.0,False,False,None,0,0,0
741,2026,2026,1,1,,,1,,0,True,True,0,1,,0.0,0,0,0.0,0,0,2,0,2,0,2,0,0,0,741.0,Jun Du,,Jun Du,0.0,0.0,0.0,0.0,0.0416666666666666,0.0,0.0,0.0,0.0,0.4,0.0,0.5,0.0,0.0,0.0408,1116.0,False,False,None,0,0,0
742,2026,2026,1,1,,,1,,0,True,True,0,1,,0.0,0,0,0.0,0,0,2,0,2,0,1,0,0,0,742.0,Erin Kim,,Erin Kim,0.0,0.0,0.0,0.0,0.0416666666666666,0.0,0.0,0.0,0.0,0.4,0.0,0.0,0.0,0.0,0.0258,1822.0,False,False,None,0,0,0
748,2027,2027,1,1,,,1,,0,True,True,0,2,,0.0,0,0,0.0,0,0,2,0,2,0,1,1,0,1,748.0,Xiuying Liang,,Xiuying Liang,0.0,0.0,0.0,0.0,0.0833333333333333,0.0,0.0,0.0,0.0,0.4,0.0,0.0,0.0,0.0,0.0317,1503.0,False,False,None,0,0,0
752,2028,2029,2,2,,,2,,1,True,True,0,2,,0.0,1,0,2.0,0,0,2,0,2,0,1,0,0,0,752.0,Xia Xiong,,Xia Xiong,0.0,0.2,0.07,0.0,0.0833333333333333,0.1428571428571428,0.0,0.0,0.3333333333333333,0.4,0.0,0.0,0.0,0.0699999999999999,0.0791,370.0,False,False,None,0,0,0
782,2025,2025,1,1,,,1,,0,True,True,0,1,,0.0,0,0,0.0,0,0,2,0,2,0,1,0,0,0,782.0,Sara Seguí Vallés,,Sara Seguí Vallés,0.0,0.0,0.0,0.0,0.0416666666666666,0.0,0.0,0.0,0.0,0.4,0.0,0.0,0.0,0.0,0.0258,1822.0,False,False,None,0,0,0
783,2025,2025,1,1,,,1,,0,True,True,0,1,,0.0,0,0,0.0,0,0,2,0,2,0,1,0,0,0,783.0,Mar Abril Balaguer,,Mar Abril Balaguer,0.0,0.0,0.0,0.0,0.0416666666666666,0.0,0.0,0.0,0.0,0.4,0.0,0.0,0.0,0.0,0.0258,1822.0,False,False,None,0,0,0
784,2025,2025,1,1,,,1,,0,True,True,0,1,,0.0,0,0,0.0,0,0,2,0,2,0,2,0,0,0,784.0,Evangelina Bautista Catalá,,Evangelina Bautista Catalá,0.0,0.0,0.0,0.0,0.0416666666666666,0.0,0.0,0.0,0.0,0.4,0.0,0.5,0.0,0.0,0.0408,1116.0,False,False,None,0,0,0
789,2028,2028,1,1,,,1,,0,True,True,0,2,,0.0,0,0,0.0,0,0,2,0,2,1,1,0,0,0,789.0,Mark Shepard,,Mark Shepard,0.0,0.0,0.0,0.0,0.0833333333333333,0.0,0.0,0.0,0.0,0.4,0.125,0.0,0.0,0.0,0.0367,1265.0,False,False,None,0,0,0
790,2028,2028,1,1,,,1,,0,True,True,0,2,,0.0,0,0,0.0,0,0,2,0,2,1,1,0,0,0,790.0,Walter Sexton,,Walter Sexton,0.0,0.0,0.0,0.0,0.0833333333333333,0.0,0.0,0.0,0.0,0.4,0.125,0.0,0.0,0.0,0.0367,1265.0,False,False,None,0,0,0
794,2028,2028,1,1,,,1,,0,True,True,0,2,,0.0,0,0,0.0,0,0,2,0,2,1,1,0,0,0,794.0,Brandon Cohen,,Brandon Cohen,0.0,0.0,0.0,0.0,0.0833333333333333,0.0,0.0,0.0,0.0,0.4,0.125,0.0,0.0,0.0,0.0367,1265.0,False,False,None,0,0,0
811,2028,2028,1,1,2028.0,2028.0,1,0.0,0,True,True,0,2,12.0,0.0,1,0,0.0,0,0,1,0,1,2,1,0,0,0,811.0,Jun Jiang,,Jun Jiang,0.0,0.0,0.0,0.0,0.0833333333333333,0.1428571428571428,0.0,0.0,0.0,0.2,0.25,0.0,0.0,0.0,0.0488,860.0,False,False,None,0,0,0
818,2028,2028,1,1,2028.0,2028.0,1,0.0,0,True,True,0,2,12.0,0.0,1,0,0.0,0,0,1,0,1,2,1,0,0,0,818.0,Lei Fu,,Lei Fu,0.0,0.0,0.0,0.0,0.0833333333333333,0.1428571428571428,0.0,0.0,0.0,0.2,0.25,0.0,0.0,0.0,0.0488,860.0,False,False,None,0,0,0
853,2028,2028,1,1,,,1,,0,True,True,0,3,,0.0,0,0,0.0,0,0,1,0,1,0,1,0,0,0,853.0,Li Kong,Syntara,Syntara,0.0,0.0,0.0,0.0,0.125,0.0,0.0,0.0,0.0,0.2,0.0,0.0,0.0,0.0,0.0275,1672.0,False,False,None,0,0,0
854,2028,2028,1,1,,,1,,0,True,True,0,3,,0.0,0,0,0.0,0,0,1,0,1,0,1,0,0,0,854.0,Jing Ren,,Jing Ren,0.0,0.0,0.0,0.0,0.125,0.0,0.0,0.0,0.0,0.2,0.0,0.0,0.0,0.0,0.0275,1672.0,False,False,None,0,0,0
856,2028,2028,1,1,,,1,,0,True,True,0,3,,0.0,0,0,0.0,0,0,1,0,1,0,1,0,0,0,856.0,Fang Hao,,Fang Hao,0.0,0.0,0.0,0.0,0.125,0.0,0.0,0.0,0.0,0.2,0.0,0.0,0.0,0.0,0.0275,1672.0,False,False,None,0,0,0
857,2028,2028,1,1,,,1,,0,True,True,0,3,,0.0,0,0,0.0,0,0,1,0,1,0,2,0,0,0,857.0,Juan Qiu,,Juan Qiu,0.0,0.0,0.0,0.0,0.125,0.0,0.0,0.0,0.0,0.2,0.0,0.5,0.0,0.0,0.0425,1060.0,False,False,None,0,0,0
858,2028,2028,1,1,,,1,,0,True,True,0,3,,0.0,0,0,0.0,0,0,1,0,1,0,1,0,0,0,858.0,Ping Mo,,Ping Mo,0.0,0.0,0.0,0.0,0.125,0.0,0.0,0.0,0.0,0.2,0.0,0.0,0.0,0.0,0.0275,1672.0,False,False,None,0,0,0
859,2028,2028,1,1,,,1,,0,True,True,0,3,,0.0,0,0,0.0,0,0,1,0,1,0,1,0,0,0,859.0,Wei Cao,,Wei Cao,0.0,0.0,0.0,0.0,0.125,0.0,0.0,0.0,0.0,0.2,0.0,0.0,0.0,0.0,0.0275,1672.0,False,False,None,0,0,0
860,2028,2028,1,1,,,1,,0,True,True,0,3,,0.0,0,0,0.0,0,0,1,0,1,0,1,0,0,0,860.0,Jie Lai,,Jie Lai,0.0,0.0,0.0,0.0,0.125,0.0,0.0,0.0,0.0,0.2,0.0,0.0,0.0,0.0,0.0275,1672.0,False,False,None,0,0,0
861,2028,2028,1,1,,,1,,0,True,True,0,3,,0.0,0,0,0.0,0,0,1,0,1,0,1,0,0,0,861.0,Min Ma,,Min Ma,0.0,0.0,0.0,0.0,0.125,0.0,0.0,0.0,0.0,0.2,0.0,0.0,0.0,0.0,0.0275,1672.0,False,False,None,0,0,0
862,2028,2028,1,1,,,1,,0,True,True,0,3,,0.0,0,0,0.0,0,0,1,0,1,0,2,0,0,0,862.0,Jie Shao,,Jie Shao,0.0,0.0,0.0,0.0,0.125,0.0,0.0,0.0,0.0,0.2,0.0,0.5,0.0,0.0,0.0425,1060.0,False,False,None,0,0,0
863,2028,2028,2,2,,,2,,0,True,True,0,5,,0.0,0,0,0.0,0,0,2,0,2,0,2,0,0,0,863.0,Jie Cui,,Jie Cui,0.0,0.0,0.0,0.0,0.2083333333333333,0.0,0.0,0.0,0.3333333333333333,0.4,0.0,0.5,0.0,0.0,0.0875,313.0,False,False,None,0,0,0
864,2028,2028,1,1,,,1,,0,True,True,0,3,,0.0,0,0,0.0,0,0,1,0,1,0,1,0,0,0,864.0,Na Yin,,Na Yin,0.0,0.0,0.0,0.0,0.125,0.0,0.0,0.0,0.0,0.2,0.0,0.0,0.0,0.0,0.0275,1672.0,False,False,None,0,0,0
902,2029,2029,1,0,,,1,,0,True,True,0,2,,0.0,1,0,0.0,0,0,1,0,1,1,1,0,0,0,902.0,Min Zou,,Min Zou,0.0,0.0,0.0,0.0,0.0833333333333333,0.1428571428571428,0.0,0.0,0.0,0.2,0.125,0.0,0.0,0.0,0.0438,1006.0,False,False,None,0,0,0
903,2029,2029,1,0,,,1,,0,True,True,0,2,,0.0,1,0,0.0,0,0,1,0,1,1,1,0,0,0,903.0,Xia Wang,,Xia Wang,0.0,0.0,0.0,0.0,0.0833333333333333,0.1428571428571428,0.0,0.0,0.0,0.2,0.125,0.0,0.0,0.0,0.0438,1006.0,False,False,None,0,0,0
905,2029,2029,1,1,2029.0,2029.0,1,0.0,0,True,True,0,2,11.0,0.0,0,0,0.0,0,0,1,0,1,1,2,0,0,0,905.0,Daniel Mitchell,,Daniel Mitchell,0.0,0.0,0.0,0.0,0.0833333333333333,0.0,0.0,0.0,0.0,0.2,0.125,0.5,0.0,0.0,0.0417,1088.0,False,False,None,0,0,0
907,2029,2029,1,1,,,1,,0,True,True,0,4,,0.0,1,0,0.0,0,0,2,0,2,1,2,0,0,0,907.0,Jun Jiang,,Jun Jiang,0.0,0.0,0.0,0.0,0.1666666666666666,0.1428571428571428,0.0,0.0,0.0,0.4,0.125,0.5,0.0,0.0,0.0805,358.0,False,False,None,0,0,0
908,2029,2029,1,1,,,1,,0,True,True,0,4,,0.0,1,0,0.0,0,0,2,0,2,1,2,0,0,0,908.0,Juan Kang,,Juan Kang,0.0,0.0,0.0,0.0,0.1666666666666666,0.1428571428571428,0.0,0.0,0.0,0.4,0.125,0.5,0.0,0.0,0.0805,358.0,False,False,None,0,0,0
923,2026,2026,1,1,,,1,,0,True,True,0,2,,0.0,0,0,0.0,0,0,1,0,1,1,3,0,0,0,923.0,Hélène Lecomte-Techer,,Hélène Lecomte-Techer,0.0,0.0,0.0,0.0,0.0833333333333333,0.0,0.0,0.0,0.0,0.2,0.125,1.0,0.0,0.0,0.0567,656.0,False,False,None,0,0,0
926,2027,2027,1,0,,,1,,0,True,True,0,3,,0.0,0,0,0.0,0,0,0,0,0,0,1,0,1,1,926.0,Gang Su,,Gang Su,0.0,0.0,0.0,0.0,0.125,0.0,0.0,0.0,0.0,0.0,0.0,0.0,0.0,0.0,0.0175,2149.0,False,False,None,0,0,0
927,2027,2027,1,0,,,1,,0,True,True,0,3,,0.0,0,0,0.0,0,0,0,0,0,0,1,0,1,1,927.0,Na Wu,,Na Wu,0.0,0.0,0.0,0.0,0.125,0.0,0.0,0.0,0.0,0.0,0.0,0.0,0.0,0.0,0.0175,2149.0,False,False,None,0,0,0
928,2027,2027,1,0,,,1,,0,True,True,0,3,,0.0,0,0,0.0,0,0,0,0,0,0,1,0,1,1,928.0,Qiang Qian,,Qiang Qian,0.0,0.0,0.0,0.0,0.125,0.0,0.0,0.0,0.0,0.0,0.0,0.0,0.0,0.0,0.0175,2149.0,False,False,None,0,0,0
952,2025,2025,1,1,,,1,,0,True,True,0,3,,0.0,1,0,0.0,0,0,1,0,1,2,1,0,0,0,952.0,Ming Gu, BLVCK MOON, BLVCK MOON,0.0,0.0,0.0,0.0,0.125,0.1428571428571428,0.0,0.0,0.0,0.2,0.25,0.0,0.0,0.0,0.0546,708.0,False,False,None,0,0,0
953,2025,2025,1,1,,,1,,0,True,True,0,3,,0.0,1,0,0.0,0,0,1,0,1,2,1,0,0,0,953.0,Xiulan Hu,,Xiulan Hu,0.0,0.0,0.0,0.0,0.125,0.1428571428571428,0.0,0.0,0.0,0.2,0.25,0.0,0.0,0.0,0.0546,708.0,False,False,None,0,0,0
954,2025,2025,1,1,,,1,,0,True,True,0,3,,0.0,1,0,0.0,0,0,1,0,1,2,2,0,0,0,954.0,Isabella Smith,,Isabella Smith,0.0,0.0,0.0,0.0,0.125,0.1428571428571428,0.0,0.0,0.0,0.2,0.25,0.5,0.0,0.0,0.0696,461.0,False,False,None,0,0,0
955,2025,2025,1,1,,,1,,0,True,True,0,3,,0.0,1,0,0.0,0,0,1,0,1,2,2,0,0,0,955.0,Na Peng,,Na Peng,0.0,0.0,0.0,0.0,0.125,0.1428571428571428,0.0,0.0,0.0,0.2,0.25,0.5,0.0,0.0,0.0696,461.0,False,False,None,0,0,0
956,2025,2025,1,1,,,1,,0,True,True,0,3,,0.0,1,0,0.0,0,0,1,0,1,2,1,0,0,0,956.0,Xiulan Lei,,Xiulan Lei,0.0,0.0,0.0,0.0,0.125,0.1428571428571428,0.0,0.0,0.0,0.2,0.25,0.0,0.0,0.0,0.0546,708.0,False,False,None,0,0,0
957,2025,2025,1,1,,,1,,0,True,True,0,3,,0.0,1,0,0.0,0,0,1,0,1,2,1,0,0,0,957.0,Sean Harrison,,Sean Harrison,0.0,0.0,0.0,0.0,0.125,0.1428571428571428,0.0,0.0,0.0,0.2,0.25,0.0,0.0,0.0,0.0546,708.0,False,False,None,0,0,0
958,2025,2025,1,1,,,1,,0,True,True,0,3,,0.0,1,0,0.0,0,0,1,0,1,2,1,0,0,0,958.0,Ping Gong,,Ping Gong,0.0,0.0,0.0,0.0,0.125,0.1428571428571428,0.0,0.0,0.0,0.2,0.25,0.0,0.0,0.0,0.0546,708.0,False,False,None,0,0,0
960,2025,2025,1,1,,,1,,0,True,True,0,3,,0.0,1,0,0.0,0,0,1,0,1,2,1,0,0,0,960.0,Sabrina Jenkins,,Sabrina Jenkins,0.0,0.0,0.0,0.0,0.125,0.1428571428571428,0.0,0.0,0.0,0.2,0.25,0.0,0.0,0.0,0.0546,708.0,False,False,None,0,0,0
1000,2027,2027,1,1,,,1,,0,True,True,0,1,,0.0,0,0,0.0,0,0,1,0,1,0,1,0,0,0,1000.0,Juan Peng,,Juan Peng,0.0,0.0,0.0,0.0,0.0416666666666666,0.0,0.0,0.0,0.0,0.2,0.0,0.0,0.0,0.0,0.0158,2169.0,False,False,None,0,0,0
1001,2027,2027,1,1,,,1,,0,True,True,0,1,,0.0,0,0,0.0,0,0,1,0,1,0,1,0,0,0,1001.0,Scott Daniel,,Scott Daniel,0.0,0.0,0.0,0.0,0.0416666666666666,0.0,0.0,0.0,0.0,0.2,0.0,0.0,0.0,0.0,0.0158,2169.0,False,False,None,0,0,0
1004,2027,2027,1,1,,,1,,0,True,True,0,1,,0.0,0,0,0.0,0,0,1,0,1,0,2,0,0,0,1004.0,Tao Mo,,Tao Mo,0.0,0.0,0.0,0.0,0.0416666666666666,0.0,0.0,0.0,0.0,0.2,0.0,0.5,0.0,0.0,0.0308,1542.0,False,False,None,0,0,0
1005,2027,2027,2,2,,,2,,0,True,True,0,2,,0.0,0,0,0.0,0,0,2,0,2,0,2,0,0,0,1005.0,Ping Tan,,Ping Tan,0.0,0.0,0.0,0.0,0.0833333333333333,0.0,0.0,0.0,0.3333333333333333,0.4,0.0,0.5,0.0,0.0,0.07,458.0,False,False,None,0,0,0
1008,2027,2027,1,1,,,1,,0,True,True,0,1,,0.0,0,0,0.0,0,0,0,0,0,0,1,0,0,0,1008.0,Valerio Zapata-Rico,,Valerio Zapata-Rico,0.0,0.0,0.0,0.0,0.0416666666666666,0.0,0.0,0.0,0.0,0.0,0.0,0.0,0.0,0.0,0.0058,2575.0,False,False,None,0,0,0
1010,2027,2027,1,1,,,1,,0,True,True,0,1,,0.0,0,0,0.0,0,0,0,0,0,0,1,0,0,0,1010.0,Belén de Trillo,,Belén de Trillo,0.0,0.0,0.0,0.0,0.0416666666666666,0.0,0.0,0.0,0.0,0.0,0.0,0.0,0.0,0.0,0.0058,2575.0,False,False,None,0,0,0
1034,2028,2028,1,0,,,1,,0,True,True,0,1,,0.0,0,0,0.0,0,0,1,0,1,0,2,0,0,0,1034.0,John Ray,,John Ray,0.0,0.0,0.0,0.0,0.0416666666666666,0.0,0.0,0.0,0.0,0.2,0.0,0.5,0.0,0.0,0.0308,1542.0,False,False,None,0,0,0
1035,2028,2028,1,0,,,1,,0,True,True,0,1,,0.0,0,0,0.0,0,0,1,0,1,0,1,0,0,0,1035.0,Tonya Andrews,,Tonya Andrews,0.0,0.0,0.0,0.0,0.0416666666666666,0.0,0.0,0.0,0.0,0.2,0.0,0.0,0.0,0.0,0.0158,2169.0,False,False,None,0,0,0
1037,2028,2028,1,0,,,1,,0,True,True,0,1,,0.0,0,0,0.0,0,0,1,0,1,0,1,0,0,0,1037.0,Danielle Peters,,Danielle Peters,0.0,0.0,0.0,0.0,0.0416666666666666,0.0,0.0,0.0,0.0,0.2,0.0,0.0,0.0,0.0,0.0158,2169.0,False,False,None,0,0,0
1038,2028,2028,1,0,,,1,,0,True,True,0,1,,0.0,0,0,0.0,0,0,1,0,1,0,1,0,0,0,1038.0,Amanda Davidson,,Amanda Davidson,0.0,0.0,0.0,0.0,0.0416666666666666,0.0,0.0,0.0,0.0,0.2,0.0,0.0,0.0,0.0,0.0158,2169.0,False,False,None,0,0,0
1039,2028,2028,1,0,,,1,,0,True,True,0,1,,0.0,0,0,0.0,0,0,1,0,1,0,1,0,0,0,1039.0,Kelli Rojas,,Kelli Rojas,0.0,0.0,0.0,0.0,0.0416666666666666,0.0,0.0,0.0,0.0,0.2,0.0,0.0,0.0,0.0,0.0158,2169.0,False,False,None,0,0,0
1041,2028,2028,1,0,,,1,,0,True,True,0,1,,0.0,0,0,0.0,0,0,1,0,1,0,1,0,0,0,1041.0,Cassandra Norris,,Cassandra Norris,0.0,0.0,0.0,0.0,0.0416666666666666,0.0,0.0,0.0,0.0,0.2,0.0,0.0,0.0,0.0,0.0158,2169.0,False,False,None,0,0,0
1043,2028,2028,1,0,,,1,,0,True,True,0,1,,0.0,0,0,0.0,0,0,1,0,1,0,1,0,0,0,1043.0,Katherine Castillo,,Katherine Castillo,0.0,0.0,0.0,0.0,0.0416666666666666,0.0,0.0,0.0,0.0,0.2,0.0,0.0,0.0,0.0,0.0158,2169.0,False,False,None,0,0,0
1045,2028,2028,1,0,,,1,,0,True,True,0,1,,0.0,0,0,0.0,0,0,1,0,1,0,1,0,0,0,1045.0,Mary Gonzalez,,Mary Gonzalez,0.0,0.0,0.0,0.0,0.0416666666666666,0.0,0.0,0.0,0.0,0.2,0.0,0.0,0.0,0.0,0.0158,2169.0,False,False,None,0,0,0
1046,2028,2028,1,0,,,1,,0,True,True,0,1,,0.0,0,0,0.0,0,0,1,0,1,0,1,0,0,0,1046.0,Barbara Hall,,Barbara Hall,0.0,0.0,0.0,0.0,0.0416666666666666,0.0,0.0,0.0,0.0,0.2,0.0,0.0,0.0,0.0,0.0158,2169.0,False,False,None,0,0,0
1047,2028,2028,1,0,,,1,,0,True,True,0,1,,0.0,0,0,0.0,0,0,1,0,1,0,1,0,0,0,1047.0,Rebecca Taylor,,Rebecca Taylor,0.0,0.0,0.0,0.0,0.0416666666666666,0.0,0.0,0.0,0.0,0.2,0.0,0.0,0.0,0.0,0.0158,2169.0,False,False,None,0,0,0
1071,2026,2026,1,1,,,1,,0,True,True,0,3,,0.0,0,0,0.0,0,0,0,0,0,0,2,0,2,2,1071.0,Gang Zhou,,Gang Zhou,0.0,0.0,0.0,0.0,0.125,0.0,0.0,0.0,0.0,0.0,0.0,0.5,0.0,0.0,0.0325,1451.0,False,False,None,0,0,0
1072,2026,2026,1,1,,,1,,0,True,True,0,3,,0.0,0,0,0.0,0,0,0,0,0,0,2,0,2,2,1072.0,Tao Mo,,Tao Mo,0.0,0.0,0.0,0.0,0.125,0.0,0.0,0.0,0.0,0.0,0.0,0.5,0.0,0.0,0.0325,1451.0,False,False,None,0,0,0
1073,2026,2027,2,2,,,2,,1,True,True,0,6,,0.0,2,0,4.0,0,0,1,0,1,0,1,0,3,3,1073.0,Xiulan Gong,,Xiulan Gong,0.0,0.4,0.14,0.0,0.25,0.2857142857142857,0.0,0.0,0.3333333333333333,0.2,0.0,0.0,0.0,0.1399999999999999,0.1166,149.0,False,False,None,0,0,0
1081,2029,2029,2,2,,,1,,0,True,True,0,9,,0.0,4,0,0.0,0,0,1,0,1,1,1,0,0,0,1081.0,Ping He,,Ping He,0.0,0.0,0.0,0.0,0.375,0.5714285714285714,0.0,0.0,0.0,0.2,0.125,0.0,0.0,0.0,0.1361,94.0,False,False,None,0,0,0
1082,2029,2029,1,1,,,1,,0,True,True,0,6,,0.0,4,0,0.0,0,0,1,0,1,1,1,0,0,0,1082.0,Juan Hu,,Juan Hu,0.0,0.0,0.0,0.0,0.25,0.5714285714285714,0.0,0.0,0.0,0.2,0.125,0.0,0.0,0.0,0.1186,138.0,False,False,None,0,0,0
1083,2029,2029,2,2,,,1,,0,True,True,0,9,,0.0,4,0,0.0,0,0,1,0,1,1,1,0,0,0,1083.0,Ping Xia,,Ping Xia,0.0,0.0,0.0,0.0,0.375,0.5714285714285714,0.0,0.0,0.0,0.2,0.125,0.0,0.0,0.0,0.1361,94.0,False,False,None,0,0,0
1084,2026,2029,4,4,,,3,,3,True,True,0,15,,0.0,3,0,2.4286,0,0,1,1,2,1,2,0,0,0,1084.0,Qiang Bai,,Qiang Bai,0.0,0.2428571428571428,0.085,0.0,0.625,0.4285714285714285,0.0,0.0,0.6666666666666667,0.4,0.125,0.5,0.0,0.0849999999999999,0.2341,15.0,True,False,Coastal Horizon,5,1,4
1086,2026,2029,5,5,,,3,,3,True,True,0,21,,0.0,4,0,4.8571,0,0,2,1,3,2,2,0,0,0,1086.0,Chao Qiu,,Chao Qiu,0.0,0.4857142857142857,0.17,0.0,0.875,0.5714285714285714,0.0,0.0,0.6666666666666667,0.6000000000000001,0.25,0.5,0.0,0.1699999999999999,0.3097,5.0,True,False,Coastal Horizon,5,1,4
1093,2027,2027,2,2,,,2,,0,True,True,0,7,,0.0,1,0,0.0,0,0,1,0,1,1,2,0,0,0,1093.0,Li Gong,,Li Gong,0.0,0.0,0.0,0.0,0.2916666666666666,0.1428571428571428,0.0,0.0,0.3333333333333333,0.2,0.125,0.5,0.0,0.0,0.1113,159.0,True,False,Moral Friction,3,0,3
1094,2026,2027,2,2,2026.0,2026.0,2,0.0,1,True,True,0,7,14.0,0.0,1,0,2.0,0,0,1,0,1,1,2,0,0,0,1094.0,Xiulan Tang,,Xiulan Tang,0.0,0.2,0.07,0.0,0.2916666666666666,0.1428571428571428,0.0,0.0,0.3333333333333333,0.2,0.125,0.5,0.0,0.0699999999999999,0.1183,139.0,True,False,Moral Friction,3,0,3
1139,2027,2028,2,2,,,1,,1,True,True,0,4,,0.0,1,0,0.0,0,0,3,0,3,1,2,0,0,0,1139.0,Crystal Cruz,,Crystal Cruz,0.0,0.0,0.0,0.0,0.1666666666666666,0.1428571428571428,0.0,0.0,0.0,0.6000000000000001,0.125,0.5,0.0,0.0,0.0905,284.0,False,False,None,0,0,0
1142,2029,2029,1,1,,,1,,0,True,True,0,14,,0.0,3,0,0.0,0,0,1,1,2,2,2,0,0,0,1142.0,Sandra Green,,Sandra Green,0.0,0.0,0.0,0.0,0.5833333333333333,0.4285714285714285,0.0,0.0,0.0,0.4,0.25,0.5,0.0,0.0,0.1781,47.0,True,False,Echoes of Eternity,3,0,3
1179,2026,2026,1,1,,,1,,0,True,True,0,1,,0.0,3,0,0.0,0,0,2,0,2,0,1,0,0,0,1179.0,Wei Fang,,Wei Fang,0.0,0.0,0.0,0.0,0.0416666666666666,0.4285714285714285,0.0,0.0,0.0,0.4,0.0,0.0,0.0,0.0,0.0773,384.0,False,False,None,0,0,0
1181,2026,2026,1,1,,,1,,0,True,True,0,1,,0.0,3,0,0.0,0,0,2,0,2,0,2,0,0,0,1181.0,Gang Jia,,Gang Jia,0.0,0.0,0.0,0.0,0.0416666666666666,0.4285714285714285,0.0,0.0,0.0,0.4,0.0,0.5,0.0,0.0,0.0923,275.0,False,False,None,0,0,0
1188,2026,2026,1,1,,,1,,0,True,True,0,1,,0.0,0,0,0.0,0,0,0,0,0,0,1,0,0,0,1188.0,Taylor Poole,,Taylor Poole,0.0,0.0,0.0,0.0,0.0416666666666666,0.0,0.0,0.0,0.0,0.0,0.0,0.0,0.0,0.0,0.0058,2575.0,False,False,None,0,0,0
1192,2026,2026,1,1,,,1,,0,True,True,0,2,,0.0,0,0,0.0,0,0,2,0,2,0,2,0,0,0,1192.0,Brittany Harvey,,Brittany Harvey,0.0,0.0,0.0,0.0,0.0833333333333333,0.0,0.0,0.0,0.0,0.4,0.0,0.5,0.0,0.0,0.0467,928.0,False,False,None,0,0,0
1193,2026,2032,2,2,,,2,,6,True,True,1,5,,0.0,0,0,0.0,0,0,2,0,2,0,2,0,0,0,1193.0,Elizabeth Parker,,Elizabeth Parker,0.0,0.0,0.0,0.0833333333333333,0.2083333333333333,0.0,0.0,0.0,0.3333333333333333,0.4,0.0,0.5,0.0,0.0,0.1008,216.0,False,False,None,0,0,0
1210,2028,2028,1,1,,,1,,0,True,True,0,7,,0.0,0,0,0.0,0,0,1,0,1,1,2,0,0,0,1210.0,Guiying Duan,,Guiying Duan,0.0,0.0,0.0,0.0,0.2916666666666666,0.0,0.0,0.0,0.0,0.2,0.125,0.5,0.0,0.0,0.0708,449.0,False,False,None,0,0,0
1222,2027,2029,2,2,,,2,,2,True,True,0,2,,0.0,3,0,2.0,1,0,3,0,3,0,2,0,0,0,1222.0,Jing Qin,,Jing Qin,0.0,0.2,0.07,0.0,0.0833333333333333,0.4285714285714285,1.0,0.0,0.3333333333333333,0.6000000000000001,0.0,0.5,0.0,0.0699999999999999,0.2184,23.0,False,False,None,0,0,0
1224,2029,2029,1,1,,,1,,0,True,True,0,1,,0.0,2,0,0.0,1,0,2,0,2,0,1,0,0,0,1224.0,Richard Smith,,Richard Smith,0.0,0.0,0.0,0.0,0.0416666666666666,0.2857142857142857,1.0,0.0,0.0,0.4,0.0,0.0,0.0,0.0,0.1401,89.0,False,False,None,0,0,0
1225,2029,2029,1,1,,,1,,0,True,True,0,1,,0.0,2,0,0.0,1,0,2,0,2,0,2,0,0,0,1225.0,Min Kong,,Min Kong,0.0,0.0,0.0,0.0,0.0416666666666666,0.2857142857142857,1.0,0.0,0.0,0.4,0.0,0.5,0.0,0.0,0.1551,72.0,False,False,None,0,0,0
1258,2029,2029,1,1,,,1,,0,True,True,0,1,,0.0,0,0,0.0,0,0,0,0,0,0,1,0,0,0,1258.0,Cynthia Pierce,,Cynthia Pierce,0.0,0.0,0.0,0.0,0.0416666666666666,0.0,0.0,0.0,0.0,0.0,0.0,0.0,0.0,0.0,0.0058,2575.0,False,False,None,0,0,0
1287,2027,2027,1,1,,,1,,0,True,True,0,4,,0.0,0,0,0.0,0,0,1,0,1,1,1,0,0,0,1287.0,Justin Ellison,,Justin Ellison,0.0,0.0,0.0,0.0,0.1666666666666666,0.0,0.0,0.0,0.0,0.2,0.125,0.0,0.0,0.0,0.0383,1217.0,False,False,None,0,0,0
1288,2027,2027,1,1,,,1,,0,True,True,0,4,,0.0,0,0,0.0,0,0,1,0,1,1,2,0,0,0,1288.0,Xiulan Liao,,Xiulan Liao,0.0,0.0,0.0,0.0,0.1666666666666666,0.0,0.0,0.0,0.0,0.2,0.125,0.5,0.0,0.0,0.0533,756.0,False,False,None,0,0,0
1289,2027,2027,1,1,,,1,,0,True,True,0,4,,0.0,0,0,0.0,0,0,1,0,1,1,1,0,0,0,1289.0,Juan Meng,,Juan Meng,0.0,0.0,0.0,0.0,0.1666666666666666,0.0,0.0,0.0,0.0,0.2,0.125,0.0,0.0,0.0,0.0383,1217.0,False,False,None,0,0,0
1299,2026,2026,1,1,2026.0,2026.0,1,0.0,0,True,True,0,3,14.0,0.0,1,0,0.0,0,0,1,0,1,0,1,0,0,0,1299.0,Gang Ye,,Gang Ye,0.0,0.0,0.0,0.0,0.125,0.1428571428571428,0.0,0.0,0.0,0.2,0.0,0.0,0.0,0.0,0.0446,965.0,False,False,None,0,0,0
1311,2029,2029,1,1,,,1,,0,True,True,0,4,,0.0,2,0,0.0,0,0,1,0,1,1,1,0,0,0,1311.0,Juan Zhang,,Juan Zhang,0.0,0.0,0.0,0.0,0.1666666666666666,0.2857142857142857,0.0,0.0,0.0,0.2,0.125,0.0,0.0,0.0,0.0726,435.0,False,False,None,0,0,0
1314,2029,2029,1,1,,,1,,0,True,True,0,3,,0.0,0,0,0.0,0,0,1,0,1,0,2,0,2,2,1314.0,Chao Yang,Neon Moth,Neon Moth,0.0,0.0,0.0,0.0,0.125,0.0,0.0,0.0,0.0,0.2,0.0,0.5,0.0,0.0,0.0425,1060.0,False,False,None,0,0,0
1316,2029,2029,1,1,,,1,,0,True,True,0,3,,0.0,0,0,0.0,0,0,1,0,1,0,1,0,2,2,1316.0,Guiying Zheng,,Guiying Zheng,0.0,0.0,0.0,0.0,0.125,0.0,0.0,0.0,0.0,0.2,0.0,0.0,0.0,0.0,0.0275,1672.0,False,False,None,0,0,0
1380,2028,2028,1,1,,,1,,0,True,True,0,1,,0.0,0,0,0.0,0,0,1,0,1,1,2,0,0,0,1380.0,Alex Bridges,,Alex Bridges,0.0,0.0,0.0,0.0,0.0416666666666666,0.0,0.0,0.0,0.0,0.2,0.125,0.5,0.0,0.0,0.0358,1318.0,False,False,None,0,0,0
1381,2028,2028,1,1,,,1,,0,True,True,0,1,,0.0,0,0,0.0,0,0,1,0,1,1,1,0,0,0,1381.0,Adam Carter,,Adam Carter,0.0,0.0,0.0,0.0,0.0416666666666666,0.0,0.0,0.0,0.0,0.2,0.125,0.0,0.0,0.0,0.0208,2090.0,False,False,None,0,0,0
1382,2028,2028,1,1,,,1,,0,True,True,0,1,,0.0,0,0,0.0,0,0,1,0,1,1,1,0,0,0,1382.0,David Richardson,,David Richardson,0.0,0.0,0.0,0.0,0.0416666666666666,0.0,0.0,0.0,0.0,0.2,0.125,0.0,0.0,0.0,0.0208,2090.0,False,False,None,0,0,0
1385,2028,2028,1,1,,,1,,0,True,True,0,1,,0.0,0,0,0.0,0,0,0,0,0,0,2,0,0,0,1385.0,Xiulan Liu,,Xiulan Liu,0.0,0.0,0.0,0.0,0.0416666666666666,0.0,0.0,0.0,0.0,0.0,0.0,0.5,0.0,0.0,0.0208,2123.0,False,False,None,0,0,0
1437,2026,2029,3,3,,,3,,3,True,True,0,4,,0.0,6,0,2.6429,1,0,4,1,5,1,2,1,3,4,1437.0,Ping Sun,,Ping Sun,0.0,0.2642857142857143,0.0925,0.0,0.1666666666666666,0.8571428571428571,1.0,0.0,0.6666666666666667,1.0,0.125,0.5,0.0,0.0925,0.3321,3.0,True,False,Crimson Theorem,5,1,4
1484,2027,2027,1,1,,,1,,0,True,True,0,3,,0.0,1,0,0.0,0,0,1,0,1,1,1,0,0,0,1484.0,Adam Allen, The Dawn, The Dawn,0.0,0.0,0.0,0.0,0.125,0.1428571428571428,0.0,0.0,0.0,0.2,0.125,0.0,0.0,0.0,0.0496,850.0,False,False,None,0,0,0
1498,2025,2025,1,1,,,1,,0,True,True,0,4,,0.0,0,0,0.0,0,0,1,0,1,0,2,0,0,0,1498.0,Silvana Radisch,,Silvana Radisch,0.0,0.0,0.0,0.0,0.1666666666666666,0.0,0.0,0.0,0.0,0.2,0.0,0.5,0.0,0.0,0.0483,880.0,False,False,None,0,0,0
1512,2026,2026,1,1,,,1,,0,True,True,0,2,,0.0,1,0,0.0,0,0,1,0,1,1,1,0,0,0,1512.0,Craig Cameron,,Craig Cameron,0.0,0.0,0.0,0.0,0.0833333333333333,0.1428571428571428,0.0,0.0,0.0,0.2,0.125,0.0,0.0,0.0,0.0438,1006.0,False,False,None,0,0,0
1518,2029,2029,1,1,,,1,,0,True,True,0,4,,0.0,1,0,0.0,0,0,1,0,1,0,2,0,0,0,1518.0,Juan Feng,,Juan Feng,0.0,0.0,0.0,0.0,0.1666666666666666,0.1428571428571428,0.0,0.0,0.0,0.2,0.0,0.5,0.0,0.0,0.0655,529.0,False,False,None,0,0,0
1576,2026,2026,1,1,,,1,,0,True,True,0,7,,0.0,3,0,0.0,0,0,2,0,2,2,1,0,0,0,1576.0,Edward Hamilton,,Edward Hamilton,0.0,0.0,0.0,0.0,0.2916666666666666,0.4285714285714285,0.0,0.0,0.0,0.4,0.25,0.0,0.0,0.0,0.1223,128.0,False,False,None,0,0,0
1577,2026,2026,1,1,,,1,,0,True,True,0,7,,0.0,3,0,0.0,0,0,2,0,2,2,1,0,0,0,1577.0,Megan Diaz,,Megan Diaz,0.0,0.0,0.0,0.0,0.2916666666666666,0.4285714285714285,0.0,0.0,0.0,0.4,0.25,0.0,0.0,0.0,0.1223,128.0,False,False,None,0,0,0
1582,2026,2026,1,1,,,1,,0,True,True,0,7,,0.0,3,0,0.0,0,0,2,0,2,2,1,0,0,0,1582.0,Alex Mathis,,Alex Mathis,0.0,0.0,0.0,0.0,0.2916666666666666,0.4285714285714285,0.0,0.0,0.0,0.4,0.25,0.0,0.0,0.0,0.1223,128.0,False,False,None,0,0,0
1589,2029,2029,1,1,,,1,,0,True,True,0,2,,0.0,0,0,0.0,0,0,1,0,1,0,1,0,0,0,1589.0,Juan Yao,,Juan Yao,0.0,0.0,0.0,0.0,0.0833333333333333,0.0,0.0,0.0,0.0,0.2,0.0,0.0,0.0,0.0,0.0217,1958.0,False,False,None,0,0,0
1590,2029,2029,1,1,,,1,,0,True,True,0,2,,0.0,0,0,0.0,0,0,1,0,1,0,2,0,0,0,1590.0,Fang Du,,Fang Du,0.0,0.0,0.0,0.0,0.0833333333333333,0.0,0.0,0.0,0.0,0.2,0.0,0.5,0.0,0.0,0.0367,1265.0,False,False,None,0,0,0
1591,2029,2029,1,1,,,1,,0,True,True,0,2,,0.0,0,0,0.0,0,0,1,0,1,0,1,0,0,0,1591.0,Fang Xu,,Fang Xu,0.0,0.0,0.0,0.0,0.0833333333333333,0.0,0.0,0.0,0.0,0.2,0.0,0.0,0.0,0.0,0.0217,1958.0,False,False,None,0,0,0
1592,2029,2029,1,1,,,1,,0,True,True,0,2,,0.0,0,0,0.0,0,0,1,0,1,0,1,0,0,0,1592.0,Jie Yin,,Jie Yin,0.0,0.0,0.0,0.0,0.0833333333333333,0.0,0.0,0.0,0.0,0.2,0.0,0.0,0.0,0.0,0.0217,1958.0,False,False,None,0,0,0
1593,2029,2029,1,1,,,1,,0,True,True,0,2,,0.0,0,0,0.0,0,0,1,0,1,0,1,0,0,0,1593.0,Qiang Chang,,Qiang Chang,0.0,0.0,0.0,0.0,0.0833333333333333,0.0,0.0,0.0,0.0,0.2,0.0,0.0,0.0,0.0,0.0217,1958.0,False,False,None,0,0,0
1601,2025,2025,1,1,,,1,,0,True,True,0,1,,0.0,0,0,0.0,0,0,1,0,1,0,1,0,0,0,1601.0,Caleb Long,,Caleb Long,0.0,0.0,0.0,0.0,0.0416666666666666,0.0,0.0,0.0,0.0,0.2,0.0,0.0,0.0,0.0,0.0158,2169.0,False,False,None,0,0,0
1603,2025,2025,1,1,,,1,,0,True,True,0,1,,0.0,0,0,0.0,0,0,1,0,1,0,2,0,0,0,1603.0,Matthew Hall,,Matthew Hall,0.0,0.0,0.0,0.0,0.0416666666666666,0.0,0.0,0.0,0.0,0.2,0.0,0.5,0.0,0.0,0.0308,1542.0,False,False,None,0,0,0
1621,2026,2026,1,1,,,1,,0,True,True,0,1,,0.0,0,0,0.0,0,0,1,0,1,0,2,0,0,0,1621.0,Yong Zhang,,Yong Zhang,0.0,0.0,0.0,0.0,0.0416666666666666,0.0,0.0,0.0,0.0,0.2,0.0,0.5,0.0,0.0,0.0308,1542.0,False,False,None,0,0,0
1623,2026,2026,1,1,,,1,,0,True,True,0,1,,0.0,0,0,0.0,0,0,1,0,1,0,1,0,0,0,1623.0,Jie Gong,,Jie Gong,0.0,0.0,0.0,0.0,0.0416666666666666,0.0,0.0,0.0,0.0,0.2,0.0,0.0,0.0,0.0,0.0158,2169.0,False,False,None,0,0,0
1624,2026,2026,1,1,,,1,,0,True,True,0,1,,0.0,0,0,0.0,0,0,1,0,1,0,2,0,0,0,1624.0,Chao Guo,,Chao Guo,0.0,0.0,0.0,0.0,0.0416666666666666,0.0,0.0,0.0,0.0,0.2,0.0,0.5,0.0,0.0,0.0308,1542.0,False,False,None,0,0,0
1636,2026,2026,2,2,,,2,,0,True,True,0,3,,0.0,0,0,0.0,0,0,2,0,2,2,3,0,0,0,1636.0,Gabrielle Richardson,,Gabrielle Richardson,0.0,0.0,0.0,0.0,0.125,0.0,0.0,0.0,0.3333333333333333,0.4,0.25,1.0,0.0,0.0,0.1008,216.0,False,False,None,0,0,0
1637,2026,2026,1,1,,,1,,0,True,True,0,2,,0.0,0,0,0.0,0,0,1,0,1,2,2,0,0,0,1637.0,Juan Hall,,Juan Hall,0.0,0.0,0.0,0.0,0.0833333333333333,0.0,0.0,0.0,0.0,0.2,0.25,0.5,0.0,0.0,0.0467,928.0,False,False,None,0,0,0
1638,2026,2026,2,2,,,2,,0,True,True,0,3,,0.0,0,0,0.0,0,0,2,0,2,2,1,0,0,0,1638.0,Bryan Smith,,Bryan Smith,0.0,0.0,0.0,0.0,0.125,0.0,0.0,0.0,0.3333333333333333,0.4,0.25,0.0,0.0,0.0,0.0708,449.0,False,False,None,0,0,0
1653,2027,2027,1,1,2027.0,2027.0,1,0.0,0,True,True,0,2,13.0,0.0,0,0,0.0,0,0,1,0,1,0,1,0,0,0,1653.0,Charo Cañas Saez,,Charo Cañas Saez,0.0,0.0,0.0,0.0,0.0833333333333333,0.0,0.0,0.0,0.0,0.2,0.0,0.0,0.0,0.0,0.0217,1958.0,False,False,None,0,0,0
1654,2027,2027,1,1,2027.0,2027.0,1,0.0,0,True,True,0,2,13.0,0.0,0,0,0.0,0,0,1,0,1,0,2,0,0,0,1654.0,Concepción Ripoll,,Concepción Ripoll,0.0,0.0,0.0,0.0,0.0833333333333333,0.0,0.0,0.0,0.0,0.2,0.0,0.5,0.0,0.0,0.0367,1265.0,False,False,None,0,0,0
1655,2027,2027,1,1,2027.0,2027.0,1,0.0,0,True,True,0,2,13.0,0.0,0,0,0.0,0,0,1,0,1,0,1,0,0,0,1655.0,Cayetana Bernal-Ocaña,,Cayetana Bernal-Ocaña,0.0,0.0,0.0,0.0,0.0833333333333333,0.0,0.0,0.0,0.0,0.2,0.0,0.0,0.0,0.0,0.0217,1958.0,False,False,None,0,0,0
1656,2027,2027,1,1,2027.0,2027.0,1,0.0,0,True,True,0,2,13.0,0.0,0,0,0.0,0,0,1,0,1,0,1,0,0,0,1656.0,Alfonso Albero Cervera,,Alfonso Albero Cervera,0.0,0.0,0.0,0.0,0.0833333333333333,0.0,0.0,0.0,0.0,0.2,0.0,0.0,0.0,0.0,0.0217,1958.0,False,False,None,0,0,0
1666,2026,2026,1,1,,,1,,0,True,True,0,1,,0.0,0,0,0.0,0,0,1,0,1,0,1,1,1,2,1666.0,Gang Pan,,Gang Pan,0.0,0.0,0.0,0.0,0.0416666666666666,0.0,0.0,0.0,0.0,0.2,0.0,0.0,0.0,0.0,0.0158,2169.0,False,False,None,0,0,0
1668,2026,2026,1,1,,,1,,0,True,True,0,1,,0.0,0,0,0.0,0,0,1,0,1,0,1,1,1,2,1668.0,Chao Mo,,Chao Mo,0.0,0.0,0.0,0.0,0.0416666666666666,0.0,0.0,0.0,0.0,0.2,0.0,0.0,0.0,0.0,0.0158,2169.0,False,False,None,0,0,0
1672,2026,2026,1,1,,,1,,0,True,True,0,1,,0.0,0,0,0.0,0,0,2,0,2,0,1,0,0,0,1672.0,Herr Karl-Josef Roskoth,The Phantom Axiom,The Phantom Axiom,0.0,0.0,0.0,0.0,0.0416666666666666,0.0,0.0,0.0,0.0,0.4,0.0,0.0,0.0,0.0,0.0258,1822.0,False,False,None,0,0,0
1673,2026,2026,1,1,,,1,,0,True,True,0,1,,0.0,0,0,0.0,0,0,2,0,2,0,1,0,0,0,1673.0,Élise François-Berthelot,,Élise François-Berthelot,0.0,0.0,0.0,0.0,0.0416666666666666,0.0,0.0,0.0,0.0,0.4,0.0,0.0,0.0,0.0,0.0258,1822.0,False,False,None,0,0,0
1675,2026,2026,1,1,,,1,,0,True,True,0,1,,0.0,0,0,0.0,0,0,2,0,2,0,1,0,0,0,1675.0,Noël Loiseau,,Noël Loiseau,0.0,0.0,0.0,0.0,0.0416666666666666,0.0,0.0,0.0,0.0,0.4,0.0,0.0,0.0,0.0,0.0258,1822.0,False,False,None,0,0,0
1676,2026,2026,1,1,,,1,,0,True,True,0,1,,0.0,0,0,0.0,0,0,2,0,2,0,1,0,0,0,1676.0,Siegmar Heintze,,Siegmar Heintze,0.0,0.0,0.0,0.0,0.0416666666666666,0.0,0.0,0.0,0.0,0.4,0.0,0.0,0.0,0.0,0.0258,1822.0,False,False,None,0,0,0
1677,2026,2026,1,1,,,1,,0,True,True,0,1,,0.0,0,0,0.0,0,0,2,0,2,0,1,0,0,0,1677.0,Henriette Duval,,Henriette Duval,0.0,0.0,0.0,0.0,0.0416666666666666,0.0,0.0,0.0,0.0,0.4,0.0,0.0,0.0,0.0,0.0258,1822.0,False,False,None,0,0,0
1678,2026,2026,1,1,,,1,,0,True,True,0,1,,0.0,0,0,0.0,0,0,2,0,2,0,1,0,0,0,1678.0,Thibault Ollivier,,Thibault Ollivier,0.0,0.0,0.0,0.0,0.0416666666666666,0.0,0.0,0.0,0.0,0.4,0.0,0.0,0.0,0.0,0.0258,1822.0,False,False,None,0,0,0
1683,2027,2027,1,1,,,1,,0,True,True,0,7,,0.0,0,0,0.0,0,0,1,0,1,1,1,0,0,0,1683.0,Jing Zhong,,Jing Zhong,0.0,0.0,0.0,0.0,0.2916666666666666,0.0,0.0,0.0,0.0,0.2,0.125,0.0,0.0,0.0,0.0558,691.0,False,False,None,0,0,0
1695,2025,2025,1,1,,,1,,0,True,True,0,1,,0.0,0,0,0.0,0,0,1,0,1,0,1,0,0,0,1695.0,Wei Xue,,Wei Xue,0.0,0.0,0.0,0.0,0.0416666666666666,0.0,0.0,0.0,0.0,0.2,0.0,0.0,0.0,0.0,0.0158,2169.0,False,False,None,0,0,0
1696,2025,2025,1,1,,,1,,0,True,True,0,1,,0.0,0,0,0.0,0,0,1,0,1,0,1,0,0,0,1696.0,Ming He,,Ming He,0.0,0.0,0.0,0.0,0.0416666666666666,0.0,0.0,0.0,0.0,0.2,0.0,0.0,0.0,0.0,0.0158,2169.0,False,False,None,0,0,0
1697,2025,2025,1,1,,,1,,0,True,True,0,1,,0.0,0,0,0.0,0,0,1,0,1,0,1,0,0,0,1697.0,Xiuying Yuan,,Xiuying Yuan,0.0,0.0,0.0,0.0,0.0416666666666666,0.0,0.0,0.0,0.0,0.2,0.0,0.0,0.0,0.0,0.0158,2169.0,False,False,None,0,0,0
1698,2025,2025,1,1,,,1,,0,True,True,0,1,,0.0,0,0,0.0,0,0,1,0,1,0,1,0,0,0,1698.0,Xiulan Ren,,Xiulan Ren,0.0,0.0,0.0,0.0,0.0416666666666666,0.0,0.0,0.0,0.0,0.2,0.0,0.0,0.0,0.0,0.0158,2169.0,False,False,None,0,0,0
1710,2026,2026,1,1,,,1,,0,True,True,0,2,,0.0,0,0,0.0,0,0,1,0,1,1,1,0,0,0,1710.0,Ping Bai,,Ping Bai,0.0,0.0,0.0,0.0,0.0833333333333333,0.0,0.0,0.0,0.0,0.2,0.125,0.0,0.0,0.0,0.0267,1762.0,False,False,None,0,0,0
1711,2026,2026,2,2,,,2,,0,True,True,0,6,,0.0,0,0,0.0,0,0,1,0,1,2,1,0,0,0,1711.0,Gang Tan,,Gang Tan,0.0,0.0,0.0,0.0,0.25,0.0,0.0,0.0,0.3333333333333333,0.2,0.25,0.0,0.0,0.0,0.0783,378.0,False,False,None,0,0,0
1712,2026,2026,1,1,,,1,,0,True,True,0,2,,0.0,0,0,0.0,0,0,1,0,1,1,2,0,0,0,1712.0,Chao Han,,Chao Han,0.0,0.0,0.0,0.0,0.0833333333333333,0.0,0.0,0.0,0.0,0.2,0.125,0.5,0.0,0.0,0.0417,1088.0,False,False,None,0,0,0
1713,2026,2026,1,1,,,1,,0,True,True,0,4,,0.0,0,0,0.0,0,0,1,0,1,1,1,0,0,0,1713.0,Guiying Jiang,,Guiying Jiang,0.0,0.0,0.0,0.0,0.1666666666666666,0.0,0.0,0.0,0.0,0.2,0.125,0.0,0.0,0.0,0.0383,1217.0,False,False,None,0,0,0
1717,2029,2029,1,1,,,1,,0,True,True,0,7,,0.0,3,0,0.0,0,0,1,0,1,2,2,0,0,0,1717.0,Michael Washington,,Michael Washington,0.0,0.0,0.0,0.0,0.2916666666666666,0.4285714285714285,0.0,0.0,0.0,0.2,0.25,0.5,0.0,0.0,0.1273,117.0,False,False,None,0,0,0
1720,2026,2029,2,1,,,2,,3,True,True,0,11,,0.0,7,0,1.6667,0,0,3,0,3,2,2,0,0,0,1720.0,Andrew Montgomery,,Andrew Montgomery,0.0,0.1666666666666666,0.0583,0.0,0.4583333333333333,1.0,0.0,0.0,0.3333333333333333,0.6000000000000001,0.25,0.5,0.0,0.0583333333333333,0.2683,11.0,False,False,None,0,0,0
1721,2029,2029,1,1,,,1,,0,True,True,0,7,,0.0,3,0,0.0,0,0,1,0,1,2,1,0,0,0,1721.0,Casey Wright,,Casey Wright,0.0,0.0,0.0,0.0,0.2916666666666666,0.4285714285714285,0.0,0.0,0.0,0.2,0.25,0.0,0.0,0.0,0.1123,155.0,False,False,None,0,0,0
1774,2028,2030,3,3,2029.0,2029.0,1,1.0,2,True,True,1,11,11.0,0.0,1,0,5.5,0,0,2,1,3,1,2,0,0,0,1774.0,Paula Wilson,,Paula Wilson,0.0,0.55,0.1925,0.0833333333333333,0.4583333333333333,0.1428571428571428,0.0,0.0,0.0,0.6000000000000001,0.125,0.5,0.0,0.1925,0.1639,62.0,True,False,Phantom Resonance,4,1,3
1775,2028,2028,1,1,,,1,,0,True,True,0,4,,0.0,2,0,0.0,0,0,2,1,3,0,2,0,0,0,1775.0,Steven Branch,,Steven Branch,0.0,0.0,0.0,0.0,0.1666666666666666,0.2857142857142857,0.0,0.0,0.0,0.6000000000000001,0.0,0.5,0.0,0.0,0.1026,198.0,True,False,Phantom Resonance,4,1,3
1776,2030,2030,1,1,,,1,,0,True,True,1,6,,0.0,2,0,0.0,0,0,1,0,1,1,1,0,0,0,1776.0,Brittany Wright,,Brittany Wright,0.0,0.0,0.0,0.0833333333333333,0.25,0.2857142857142857,0.0,0.0,0.0,0.2,0.125,0.0,0.0,0.0,0.0976,236.0,False,False,None,0,0,0
1777,2029,2030,2,2,2029.0,2029.0,1,0.0,1,True,True,1,7,11.0,0.0,2,0,4.0,0,0,1,1,2,1,2,0,0,0,1777.0,Judith Hunter,,Judith Hunter,0.0,0.4,0.14,0.0833333333333333,0.2916666666666666,0.2857142857142857,0.0,0.0,0.0,0.4,0.125,0.5,0.0,0.1399999999999999,0.1425,85.0,True,False,Phantom Resonance,4,1,3
1778,2029,2030,2,2,2029.0,2029.0,1,0.0,1,True,True,1,7,11.0,0.0,2,0,4.0,0,0,1,1,2,1,2,0,0,0,1778.0,Rachel Wilson,,Rachel Wilson,0.0,0.4,0.14,0.0833333333333333,0.2916666666666666,0.2857142857142857,0.0,0.0,0.0,0.4,0.125,0.5,0.0,0.1399999999999999,0.1425,85.0,True,False,Phantom Resonance,4,1,3
1788,2026,2026,1,1,,,1,,0,True,True,0,2,,0.0,0,0,0.0,0,0,1,0,1,1,2,0,0,0,1788.0,Melissa Harris,,Melissa Harris,0.0,0.0,0.0,0.0,0.0833333333333333,0.0,0.0,0.0,0.0,0.2,0.125,0.5,0.0,0.0,0.0417,1088.0,False,False,None,0,0,0
1798,2028,2028,1,1,,,1,,0,True,True,0,7,,0.0,0,0,0.0,1,0,1,0,1,1,1,0,0,0,1798.0,Ping Xia,,Ping Xia,0.0,0.0,0.0,0.0,0.2916666666666666,0.0,1.0,0.0,0.0,0.2,0.125,0.0,0.0,0.0,0.1358,96.0,False,False,None,0,0,0
1799,2028,2028,1,1,,,1,,0,True,True,0,7,,0.0,0,0,0.0,1,0,1,0,1,1,1,0,0,0,1799.0,Steve Guzman,,Steve Guzman,0.0,0.0,0.0,0.0,0.2916666666666666,0.0,1.0,0.0,0.0,0.2,0.125,0.0,0.0,0.0,0.1358,96.0,False,False,None,0,0,0
1800,2028,2028,1,1,,,1,,0,True,True,0,7,,0.0,0,0,0.0,1,0,1,0,1,1,2,0,0,0,1800.0,Qiang Chang,,Qiang Chang,0.0,0.0,0.0,0.0,0.2916666666666666,0.0,1.0,0.0,0.0,0.2,0.125,0.5,0.0,0.0,0.1508,75.0,False,False,None,0,0,0
1801,2028,2028,1,1,,,1,,0,True,True,0,7,,0.0,0,0,0.0,1,0,1,0,1,1,2,0,0,0,1801.0,Fang Shen,,Fang Shen,0.0,0.0,0.0,0.0,0.2916666666666666,0.0,1.0,0.0,0.0,0.2,0.125,0.5,0.0,0.0,0.1508,75.0,False,False,None,0,0,0
1803,2028,2028,1,1,,,1,,0,True,True,0,7,,0.0,0,0,0.0,1,0,1,0,1,1,1,0,0,0,1803.0,Na Duan,,Na Duan,0.0,0.0,0.0,0.0,0.2916666666666666,0.0,1.0,0.0,0.0,0.2,0.125,0.0,0.0,0.0,0.1358,96.0,False,False,None,0,0,0
1811,2028,2028,1,1,,,1,,0,True,True,0,1,,0.0,0,0,0.0,0,0,0,0,0,1,2,0,0,0,1811.0,Nanami Sakamoto,,Nanami Sakamoto,0.0,0.0,0.0,0.0,0.0416666666666666,0.0,0.0,0.0,0.0,0.0,0.125,0.5,0.0,0.0,0.0258,1893.0,False,False,None,0,0,0
1826,2029,2029,1,1,,,1,,0,True,True,0,5,,0.0,0,0,0.0,0,0,1,0,1,0,1,1,4,5,1826.0,Ping Feng,,Ping Feng,0.0,0.0,0.0,0.0,0.2083333333333333,0.0,0.0,0.0,0.0,0.2,0.0,0.0,0.0,0.0,0.0392,1154.0,False,False,None,0,0,0
1827,2029,2029,2,2,,,2,,0,True,True,0,7,,0.0,1,0,0.0,0,0,3,0,3,0,1,1,4,5,1827.0,Donna Ryan,,Donna Ryan,0.0,0.0,0.0,0.0,0.2916666666666666,0.1428571428571428,0.0,0.0,0.3333333333333333,0.6000000000000001,0.0,0.0,0.0,0.0,0.1113,160.0,False,False,None,0,0,0
1828,2029,2029,1,1,,,1,,0,True,True,0,5,,0.0,0,0,0.0,0,0,1,0,1,0,1,1,4,5,1828.0,Li Deng,,Li Deng,0.0,0.0,0.0,0.0,0.2083333333333333,0.0,0.0,0.0,0.0,0.2,0.0,0.0,0.0,0.0,0.0392,1154.0,False,False,None,0,0,0
1832,2029,2029,1,1,,,1,,0,True,True,0,4,,0.0,1,0,0.0,0,0,0,0,0,0,1,0,0,0,1832.0,Jun Yin,,Jun Yin,0.0,0.0,0.0,0.0,0.1666666666666666,0.1428571428571428,0.0,0.0,0.0,0.0,0.0,0.0,0.0,0.0,0.0405,1143.0,False,False,None,0,0,0
1833,2029,2029,1,1,,,1,,0,True,True,0,4,,0.0,1,0,0.0,0,0,0,0,0,0,1,0,0,0,1833.0,Brian Gross,,Brian Gross,0.0,0.0,0.0,0.0,0.1666666666666666,0.1428571428571428,0.0,0.0,0.0,0.0,0.0,0.0,0.0,0.0,0.0405,1143.0,False,False,None,0,0,0
1834,2029,2029,1,1,,,1,,0,True,True,0,4,,0.0,1,0,0.0,0,0,0,0,0,0,1,0,0,0,1834.0,Jing Shao,,Jing Shao,0.0,0.0,0.0,0.0,0.1666666666666666,0.1428571428571428,0.0,0.0,0.0,0.0,0.0,0.0,0.0,0.0,0.0405,1143.0,False,False,None,0,0,0
1835,2029,2029,1,1,,,1,,0,True,True,0,4,,0.0,1,0,0.0,0,0,0,0,0,0,1,0,0,0,1835.0,Yan Lei,,Yan Lei,0.0,0.0,0.0,0.0,0.1666666666666666,0.1428571428571428,0.0,0.0,0.0,0.0,0.0,0.0,0.0,0.0,0.0405,1143.0,False,False,None,0,0,0
1850,2028,2028,1,1,,,1,,0,True,True,0,7,,0.0,3,0,0.0,0,0,1,0,1,0,1,0,0,0,1850.0,Ping Sun,,Ping Sun,0.0,0.0,0.0,0.0,0.2916666666666666,0.4285714285714285,0.0,0.0,0.0,0.2,0.0,0.0,0.0,0.0,0.1023,201.0,False,False,None,0,0,0
1896,2025,2025,1,1,,,1,,0,True,True,0,1,,0.0,0,0,0.0,0,0,1,0,1,1,1,0,0,0,1896.0,Na Tao,,Na Tao,0.0,0.0,0.0,0.0,0.0416666666666666,0.0,0.0,0.0,0.0,0.2,0.125,0.0,0.0,0.0,0.0208,2090.0,False,False,None,0,0,0
1899,2028,2028,1,1,2028.0,2028.0,1,0.0,0,True,True,0,1,12.0,0.0,0,0,0.0,0,0,1,0,1,0,2,0,0,0,1899.0,Juan Xue,Velvet Alibi,Velvet Alibi,0.0,0.0,0.0,0.0,0.0416666666666666,0.0,0.0,0.0,0.0,0.2,0.0,0.5,0.0,0.0,0.0308,1542.0,False,False,None,0,0,0
1900,2028,2028,1,1,2028.0,2028.0,1,0.0,0,True,True,0,1,12.0,0.0,0,0,0.0,0,0,1,0,1,0,2,0,0,0,1900.0,Jun Guo,,Jun Guo,0.0,0.0,0.0,0.0,0.0416666666666666,0.0,0.0,0.0,0.0,0.2,0.0,0.5,0.0,0.0,0.0308,1542.0,False,False,None,0,0,0
1940,2026,2026,1,1,,,1,,0,True,True,0,3,,0.0,1,0,0.0,0,0,2,0,2,1,1,0,0,0,1940.0,Lei Shen,,Lei Shen,0.0,0.0,0.0,0.0,0.125,0.1428571428571428,0.0,0.0,0.0,0.4,0.125,0.0,0.0,0.0,0.0596,619.0,False,False,None,0,0,0
1960,2026,2026,1,1,2026.0,2026.0,1,0.0,0,True,True,0,1,14.0,0.0,0,0,0.0,0,0,0,0,0,1,1,0,0,0,1960.0,Gatik Soni,,Gatik Soni,0.0,0.0,0.0,0.0,0.0416666666666666,0.0,0.0,0.0,0.0,0.0,0.125,0.0,0.0,0.0,0.0108,2506.0,False,False,None,0,0,0
1961,2026,2026,1,1,2026.0,2026.0,1,0.0,0,True,True,0,1,14.0,0.0,0,0,0.0,0,0,0,0,0,1,1,0,0,0,1961.0,Navya Barad,,Navya Barad,0.0,0.0,0.0,0.0,0.0416666666666666,0.0,0.0,0.0,0.0,0.0,0.125,0.0,0.0,0.0,0.0108,2506.0,False,False,None,0,0,0
1962,2026,2026,1,1,2026.0,2026.0,1,0.0,0,True,True,0,1,14.0,0.0,0,0,0.0,0,0,0,0,0,1,1,0,0,0,1962.0,Myra Devan,,Myra Devan,0.0,0.0,0.0,0.0,0.0416666666666666,0.0,0.0,0.0,0.0,0.0,0.125,0.0,0.0,0.0,0.0108,2506.0,False,False,None,0,0,0
1963,2026,2026,1,1,2026.0,2026.0,1,0.0,0,True,True,0,1,14.0,0.0,0,0,0.0,0,0,0,0,0,1,1,0,0,0,1963.0,Sana Sunder,,Sana Sunder,0.0,0.0,0.0,0.0,0.0416666666666666,0.0,0.0,0.0,0.0,0.0,0.125,0.0,0.0,0.0,0.0108,2506.0,False,False,None,0,0,0
1971,2027,2027,1,1,2027.0,2027.0,1,0.0,0,True,True,0,1,13.0,0.0,0,0,0.0,0,0,1,0,1,0,1,0,0,0,1971.0,George Russell, August, August,0.0,0.0,0.0,0.0,0.0416666666666666,0.0,0.0,0.0,0.0,0.2,0.0,0.0,0.0,0.0,0.0158,2169.0,False,False,None,0,0,0
1973,2027,2027,1,1,2027.0,2027.0,1,0.0,0,True,True,0,1,13.0,0.0,0,0,0.0,0,0,1,0,1,0,1,0,0,0,1973.0,Amanda Moore,,Amanda Moore,0.0,0.0,0.0,0.0,0.0416666666666666,0.0,0.0,0.0,0.0,0.2,0.0,0.0,0.0,0.0,0.0158,2169.0,False,False,None,0,0,0
1974,2027,2027,1,1,2027.0,2027.0,1,0.0,0,True,True,0,1,13.0,0.0,0,0,0.0,0,0,1,0,1,0,2,0,0,0,1974.0,Carlos Anderson,,Carlos Anderson,0.0,0.0,0.0,0.0,0.0416666666666666,0.0,0.0,0.0,0.0,0.2,0.0,0.5,0.0,0.0,0.0308,1542.0,False,False,None,0,0,0
1985,2029,2029,1,1,2029.0,2029.0,1,0.0,0,True,True,0,5,11.0,0.0,1,0,0.0,0,0,1,0,1,0,1,0,0,0,1985.0,Adrian Blevins,,Adrian Blevins,0.0,0.0,0.0,0.0,0.2083333333333333,0.1428571428571428,0.0,0.0,0.0,0.2,0.0,0.0,0.0,0.0,0.0563,661.0,False,False,None,0,0,0
1986,2029,2029,1,1,2029.0,2029.0,1,0.0,0,True,True,0,5,11.0,0.0,1,0,0.0,0,0,1,0,1,0,2,0,0,0,1986.0,Nancy Wright,,Nancy Wright,0.0,0.0,0.0,0.0,0.2083333333333333,0.1428571428571428,0.0,0.0,0.0,0.2,0.0,0.5,0.0,0.0,0.0713,442.0,False,False,None,0,0,0
1987,2029,2029,1,1,2029.0,2029.0,1,0.0,0,True,True,0,5,11.0,0.0,1,0,0.0,0,0,1,0,1,0,1,0,0,0,1987.0,Anthony Silva,,Anthony Silva,0.0,0.0,0.0,0.0,0.2083333333333333,0.1428571428571428,0.0,0.0,0.0,0.2,0.0,0.0,0.0,0.0,0.0563,661.0,False,False,None,0,0,0
1998,2026,2026,1,1,,,1,,0,True,True,0,1,,0.0,1,0,0.0,0,0,1,0,1,0,1,0,0,0,1998.0,Yang Yuan,,Yang Yuan,0.0,0.0,0.0,0.0,0.0416666666666666,0.1428571428571428,0.0,0.0,0.0,0.2,0.0,0.0,0.0,0.0,0.033,1390.0,False,False,None,0,0,0
2000,2026,2026,1,1,,,1,,0,True,True,0,1,,0.0,1,0,0.0,0,0,1,0,1,0,1,0,0,0,2000.0,Min Lai,,Min Lai,0.0,0.0,0.0,0.0,0.0416666666666666,0.1428571428571428,0.0,0.0,0.0,0.2,0.0,0.0,0.0,0.0,0.033,1390.0,False,False,None,0,0,0
2020,2029,2029,1,1,2029.0,2029.0,1,0.0,0,True,True,0,1,11.0,0.0,1,0,0.0,0,0,0,0,0,0,1,0,0,0,2020.0,Ping Guo,,Ping Guo,0.0,0.0,0.0,0.0,0.0416666666666666,0.1428571428571428,0.0,0.0,0.0,0.0,0.0,0.0,0.0,0.0,0.023,1934.0,False,False,None,0,0,0
2021,2029,2029,1,1,2029.0,2029.0,1,0.0,0,True,True,0,1,11.0,0.0,1,0,0.0,0,0,0,0,0,0,1,0,0,0,2021.0,Xiuying Xiang,,Xiuying Xiang,0.0,0.0,0.0,0.0,0.0416666666666666,0.1428571428571428,0.0,0.0,0.0,0.0,0.0,0.0,0.0,0.0,0.023,1934.0,False,False,None,0,0,0
2022,2029,2029,1,1,2029.0,2029.0,1,0.0,0,True,True,0,1,11.0,0.0,1,0,0.0,0,0,0,0,0,0,2,0,0,0,2022.0,Wei He,,Wei He,0.0,0.0,0.0,0.0,0.0416666666666666,0.1428571428571428,0.0,0.0,0.0,0.0,0.0,0.5,0.0,0.0,0.038,1251.0,False,False,None,0,0,0
2033,2028,2028,1,1,,,1,,0,True,True,0,2,,0.0,1,0,0.0,0,0,2,0,2,1,1,0,0,0,2033.0,Xiuying Kong,,Xiuying Kong,0.0,0.0,0.0,0.0,0.0833333333333333,0.1428571428571428,0.0,0.0,0.0,0.4,0.125,0.0,0.0,0.0,0.0538,740.0,False,False,None,0,0,0
2062,2028,2028,1,1,,,1,,0,True,True,0,4,,0.0,0,0,0.0,0,0,0,0,0,0,1,0,0,0,2062.0,Cynthia Moore,,Cynthia Moore,0.0,0.0,0.0,0.0,0.1666666666666666,0.0,0.0,0.0,0.0,0.0,0.0,0.0,0.0,0.0,0.0233,1924.0,False,False,None,0,0,0
2063,2028,2028,1,1,,,1,,0,True,True,0,4,,0.0,0,0,0.0,0,0,0,0,0,0,1,0,0,0,2063.0,Sarah Hunter,,Sarah Hunter,0.0,0.0,0.0,0.0,0.1666666666666666,0.0,0.0,0.0,0.0,0.0,0.0,0.0,0.0,0.0,0.0233,1924.0,False,False,None,0,0,0
2064,2028,2028,1,1,,,1,,0,True,True,0,4,,0.0,0,0,0.0,0,0,0,0,0,0,1,0,0,0,2064.0,Jill Gardner,,Jill Gardner,0.0,0.0,0.0,0.0,0.1666666666666666,0.0,0.0,0.0,0.0,0.0,0.0,0.0,0.0,0.0,0.0233,1924.0,False,False,None,0,0,0
2065,2028,2028,1,1,,,1,,0,True,True,0,4,,0.0,0,0,0.0,0,0,0,0,0,0,2,0,0,0,2065.0,Ashley Guzman,,Ashley Guzman,0.0,0.0,0.0,0.0,0.1666666666666666,0.0,0.0,0.0,0.0,0.0,0.0,0.5,0.0,0.0,0.0383,1245.0,False,False,None,0,0,0
2066,2028,2028,1,1,,,1,,0,True,True,0,4,,0.0,0,0,0.0,0,0,0,0,0,0,1,0,0,0,2066.0,Joshua Watson,,Joshua Watson,0.0,0.0,0.0,0.0,0.1666666666666666,0.0,0.0,0.0,0.0,0.0,0.0,0.0,0.0,0.0,0.0233,1924.0,False,False,None,0,0,0
2079,2026,2026,1,1,2029.0,2029.0,1,3.0,0,True,True,0,4,11.0,0.0,1,0,0.0,0,0,1,0,1,0,1,0,0,0,2079.0,Jason Mendoza,,Jason Mendoza,0.0,0.0,0.0,0.0,0.1666666666666666,0.1428571428571428,0.0,0.0,0.0,0.2,0.0,0.0,0.0,0.0,0.0505,793.0,False,False,None,0,0,0
2103,2025,2025,1,1,,,1,,0,True,True,0,3,,0.0,0,0,0.0,0,0,1,0,1,0,1,0,1,1,2103.0,Fang Yu,,Fang Yu,0.0,0.0,0.0,0.0,0.125,0.0,0.0,0.0,0.0,0.2,0.0,0.0,0.0,0.0,0.0275,1672.0,False,False,None,0,0,0
2104,2025,2025,1,1,,,1,,0,True,True,0,3,,0.0,0,0,0.0,0,0,1,0,1,0,1,0,1,1,2104.0,Yan Jiang,,Yan Jiang,0.0,0.0,0.0,0.0,0.125,0.0,0.0,0.0,0.0,0.2,0.0,0.0,0.0,0.0,0.0275,1672.0,False,False,None,0,0,0
2105,2025,2025,1,1,,,1,,0,True,True,0,3,,0.0,0,0,0.0,0,0,1,0,1,0,1,0,1,1,2105.0,Min Gu,,Min Gu,0.0,0.0,0.0,0.0,0.125,0.0,0.0,0.0,0.0,0.2,0.0,0.0,0.0,0.0,0.0275,1672.0,False,False,None,0,0,0
2131,2029,2029,1,1,,,1,,0,True,True,0,2,,0.0,0,0,0.0,0,0,1,0,1,1,1,0,0,0,2131.0,Xiuying Gu, Monroe, Monroe,0.0,0.0,0.0,0.0,0.0833333333333333,0.0,0.0,0.0,0.0,0.2,0.125,0.0,0.0,0.0,0.0267,1762.0,False,False,None,0,0,0
2132,2029,2029,1,1,,,1,,0,True,True,0,2,,0.0,0,0,0.0,0,0,1,0,1,1,1,0,0,0,2132.0,Xiuying Yu, D.C. Rain, D.C. Rain,0.0,0.0,0.0,0.0,0.0833333333333333,0.0,0.0,0.0,0.0,0.2,0.125,0.0,0.0,0.0,0.0267,1762.0,False,False,None,0,0,0
2133,2029,2029,1,1,,,1,,0,True,True,0,2,,0.0,0,0,0.0,0,0,1,0,1,1,1,0,0,0,2133.0,Fang Du,,Fang Du,0.0,0.0,0.0,0.0,0.0833333333333333,0.0,0.0,0.0,0.0,0.2,0.125,0.0,0.0,0.0,0.0267,1762.0,False,False,None,0,0,0
2134,2029,2029,1,1,,,1,,0,True,True,0,2,,0.0,0,0,0.0,0,0,1,0,1,1,1,0,0,0,2134.0,Megan Raymond,,Megan Raymond,0.0,0.0,0.0,0.0,0.0833333333333333,0.0,0.0,0.0,0.0,0.2,0.125,0.0,0.0,0.0,0.0267,1762.0,False,False,None,0,0,0
2135,2029,2029,1,1,,,1,,0,True,True,0,2,,0.0,0,0,0.0,0,0,1,0,1,1,1,0,0,0,2135.0,Xiulan Qin,,Xiulan Qin,0.0,0.0,0.0,0.0,0.0833333333333333,0.0,0.0,0.0,0.0,0.2,0.125,0.0,0.0,0.0,0.0267,1762.0,False,False,None,0,0,0
2136,2029,2029,1,1,,,1,,0,True,True,0,2,,0.0,0,0,0.0,0,0,1,0,1,1,1,0,0,0,2136.0,Xia Lei,,Xia Lei,0.0,0.0,0.0,0.0,0.0833333333333333,0.0,0.0,0.0,0.0,0.2,0.125,0.0,0.0,0.0,0.0267,1762.0,False,False,None,0,0,0
2137,2029,2029,1,1,,,1,,0,True,True,0,2,,0.0,0,0,0.0,0,0,1,0,1,1,1,0,0,0,2137.0,Qiang Shi,,Qiang Shi,0.0,0.0,0.0,0.0,0.0833333333333333,0.0,0.0,0.0,0.0,0.2,0.125,0.0,0.0,0.0,0.0267,1762.0,False,False,None,0,0,0
2138,2029,2029,1,1,,,1,,0,True,True,0,2,,0.0,0,0,0.0,0,0,1,0,1,1,1,0,0,0,2138.0,Juan Yao,,Juan Yao,0.0,0.0,0.0,0.0,0.0833333333333333,0.0,0.0,0.0,0.0,0.2,0.125,0.0,0.0,0.0,0.0267,1762.0,False,False,None,0,0,0
2139,2029,2029,1,1,,,1,,0,True,True,0,2,,0.0,0,0,0.0,0,0,1,0,1,1,1,0,0,0,2139.0,Xia Tan,,Xia Tan,0.0,0.0,0.0,0.0,0.0833333333333333,0.0,0.0,0.0,0.0,0.2,0.125,0.0,0.0,0.0,0.0267,1762.0,False,False,None,0,0,0
2140,2029,2029,1,1,,,1,,0,True,True,0,2,,0.0,0,0,0.0,0,0,1,0,1,1,1,0,0,0,2140.0,Yong Zhang,,Yong Zhang,0.0,0.0,0.0,0.0,0.0833333333333333,0.0,0.0,0.0,0.0,0.2,0.125,0.0,0.0,0.0,0.0267,1762.0,False,False,None,0,0,0
2141,2029,2029,1,1,,,1,,0,True,True,0,2,,0.0,0,0,0.0,0,0,1,0,1,1,1,0,0,0,2141.0,Tao Qiu,,Tao Qiu,0.0,0.0,0.0,0.0,0.0833333333333333,0.0,0.0,0.0,0.0,0.2,0.125,0.0,0.0,0.0,0.0267,1762.0,False,False,None,0,0,0
2146,2029,2029,1,1,,,1,,0,True,True,0,1,,0.0,0,0,0.0,0,0,2,0,2,0,1,0,0,0,2146.0,Li Liu,,Li Liu,0.0,0.0,0.0,0.0,0.0416666666666666,0.0,0.0,0.0,0.0,0.4,0.0,0.0,0.0,0.0,0.0258,1822.0,False,False,None,0,0,0
2170,2026,2026,1,1,,,1,,0,True,True,0,2,,0.0,1,0,0.0,0,0,1,0,1,0,1,1,1,2,2170.0,Sonia Weeks,,Sonia Weeks,0.0,0.0,0.0,0.0,0.0833333333333333,0.1428571428571428,0.0,0.0,0.0,0.2,0.0,0.0,0.0,0.0,0.0388,1182.0,False,False,None,0,0,0
2171,2026,2026,1,1,,,1,,0,True,True,0,2,,0.0,1,0,0.0,0,0,1,0,1,0,2,1,1,2,2171.0,Lisa Martin,,Lisa Martin,0.0,0.0,0.0,0.0,0.0833333333333333,0.1428571428571428,0.0,0.0,0.0,0.2,0.0,0.5,0.0,0.0,0.0538,740.0,False,False,None,0,0,0
2173,2026,2026,1,1,,,1,,0,True,True,0,2,,0.0,1,0,0.0,0,0,1,0,1,0,1,1,1,2,2173.0,Richard Frazier,,Richard Frazier,0.0,0.0,0.0,0.0,0.0833333333333333,0.1428571428571428,0.0,0.0,0.0,0.2,0.0,0.0,0.0,0.0,0.0388,1182.0,False,False,None,0,0,0
2225,2026,2026,1,1,,,1,,0,True,True,0,2,,0.0,0,0,0.0,0,0,1,0,1,1,1,0,0,0,2225.0,Georges Delorme,,Georges Delorme,0.0,0.0,0.0,0.0,0.0833333333333333,0.0,0.0,0.0,0.0,0.2,0.125,0.0,0.0,0.0,0.0267,1762.0,False,False,None,0,0,0
2226,2026,2026,1,1,,,1,,0,True,True,0,2,,0.0,0,0,0.0,0,0,1,0,1,1,2,0,0,0,2226.0,Dariusz Madera,,Dariusz Madera,0.0,0.0,0.0,0.0,0.0833333333333333,0.0,0.0,0.0,0.0,0.2,0.125,0.5,0.0,0.0,0.0417,1088.0,False,False,None,0,0,0
2231,2026,2026,1,1,2026.0,2026.0,1,0.0,0,True,True,0,1,14.0,0.0,0,0,0.0,0,0,0,0,0,0,2,0,0,0,2231.0,Chao Yan,,Chao Yan,0.0,0.0,0.0,0.0,0.0416666666666666,0.0,0.0,0.0,0.0,0.0,0.0,0.5,0.0,0.0,0.0208,2123.0,False,False,None,0,0,0
2235,2025,2025,1,1,,,1,,0,True,True,0,2,,0.0,1,0,0.0,0,0,1,0,1,2,2,0,0,0,2235.0,Gang Han,,Gang Han,0.0,0.0,0.0,0.0,0.0833333333333333,0.1428571428571428,0.0,0.0,0.0,0.2,0.25,0.5,0.0,0.0,0.0638,552.0,False,False,None,0,0,0
2236,2025,2025,1,1,,,1,,0,True,True,0,2,,0.0,1,0,0.0,0,0,1,0,1,2,1,0,0,0,2236.0,Fang He,,Fang He,0.0,0.0,0.0,0.0,0.0833333333333333,0.1428571428571428,0.0,0.0,0.0,0.2,0.25,0.0,0.0,0.0,0.0488,860.0,False,False,None,0,0,0
2261,2029,2029,1,1,,,1,,0,True,True,0,5,,0.0,0,0,0.0,0,0,1,0,1,3,1,0,1,1,2261.0,Chao Gao,Solar Arcadia,Solar Arcadia,0.0,0.0,0.0,0.0,0.2083333333333333,0.0,0.0,0.0,0.0,0.2,0.375,0.0,0.0,0.0,0.0542,722.0,False,False,None,0,0,0
2262,2029,2029,1,1,,,1,,0,True,True,0,5,,0.0,0,0,0.0,0,0,1,0,1,3,1,0,1,1,2262.0,Jie Xia,,Jie Xia,0.0,0.0,0.0,0.0,0.2083333333333333,0.0,0.0,0.0,0.0,0.2,0.375,0.0,0.0,0.0,0.0542,722.0,False,False,None,0,0,0
2263,2029,2029,1,1,,,1,,0,True,True,0,5,,0.0,0,0,0.0,0,0,1,0,1,3,2,0,1,1,2263.0,Fang Lai,,Fang Lai,0.0,0.0,0.0,0.0,0.2083333333333333,0.0,0.0,0.0,0.0,0.2,0.375,0.5,0.0,0.0,0.0692,473.0,False,False,None,0,0,0
2265,2029,2029,1,1,,,1,,0,True,True,0,5,,0.0,0,0,0.0,0,0,1,0,1,3,2,0,1,1,2265.0,William Ball,,William Ball,0.0,0.0,0.0,0.0,0.2083333333333333,0.0,0.0,0.0,0.0,0.2,0.375,0.5,0.0,0.0,0.0692,473.0,False,False,None,0,0,0
2270,2030,2030,1,0,,,1,,0,True,True,0,1,,0.0,1,0,0.0,0,0,2,0,2,0,1,0,0,0,2270.0,Jing Huang,,Jing Huang,0.0,0.0,0.0,0.0,0.0416666666666666,0.1428571428571428,0.0,0.0,0.0,0.4,0.0,0.0,0.0,0.0,0.043,1046.0,False,False,None,0,0,0
2304,2025,2025,1,1,2025.0,2025.0,1,0.0,0,True,True,0,2,15.0,0.0,1,0,0.0,0,0,1,0,1,0,1,0,0,0,2304.0,Juan Yuan,,Juan Yuan,0.0,0.0,0.0,0.0,0.0833333333333333,0.1428571428571428,0.0,0.0,0.0,0.2,0.0,0.0,0.0,0.0,0.0388,1182.0,False,False,None,0,0,0
2308,2026,2026,1,1,,,1,,0,True,True,0,2,,0.0,1,0,0.0,0,0,2,0,2,1,1,0,0,0,2308.0,Job Mahieu,,Job Mahieu,0.0,0.0,0.0,0.0,0.0833333333333333,0.1428571428571428,0.0,0.0,0.0,0.4,0.125,0.0,0.0,0.0,0.0538,740.0,False,False,None,0,0,0
2309,2026,2026,1,1,,,1,,0,True,True,0,2,,0.0,1,0,0.0,0,0,2,0,2,1,1,0,0,0,2309.0,Joseph Maxwell,,Joseph Maxwell,0.0,0.0,0.0,0.0,0.0833333333333333,0.1428571428571428,0.0,0.0,0.0,0.4,0.125,0.0,0.0,0.0,0.0538,740.0,False,False,None,0,0,0
2310,2026,2026,1,1,,,1,,0,True,True,0,2,,0.0,1,0,0.0,0,0,2,0,2,1,1,0,0,0,2310.0,Yong Mao,,Yong Mao,0.0,0.0,0.0,0.0,0.0833333333333333,0.1428571428571428,0.0,0.0,0.0,0.4,0.125,0.0,0.0,0.0,0.0538,740.0,False,False,None,0,0,0
2312,2026,2029,3,3,,,3,,3,True,True,0,6,,0.0,2,0,2.6667,1,0,4,0,4,2,2,0,1,1,2312.0,Chao Wu,,Chao Wu,0.0,0.2666666666666666,0.0933,0.0,0.25,0.2857142857142857,1.0,0.0,0.6666666666666667,0.8,0.25,0.5,0.0,0.0933333333333333,0.2703,10.0,False,False,None,0,0,0
2314,2026,2026,1,1,,,1,,0,True,True,0,2,,0.0,1,0,0.0,0,0,2,0,2,1,1,0,0,0,2314.0,Xia Lin,,Xia Lin,0.0,0.0,0.0,0.0,0.0833333333333333,0.1428571428571428,0.0,0.0,0.0,0.4,0.125,0.0,0.0,0.0,0.0538,740.0,False,False,None,0,0,0
2315,2026,2026,1,1,,,1,,0,True,True,0,2,,0.0,1,0,0.0,0,0,2,0,2,1,1,0,0,0,2315.0,Tao Su,,Tao Su,0.0,0.0,0.0,0.0,0.0833333333333333,0.1428571428571428,0.0,0.0,0.0,0.4,0.125,0.0,0.0,0.0,0.0538,740.0,False,False,None,0,0,0
2324,2027,2027,1,1,,,1,,0,True,True,0,1,,0.0,3,0,0.0,0,0,1,0,1,1,2,0,0,0,2324.0,Xia Zeng,,Xia Zeng,0.0,0.0,0.0,0.0,0.0416666666666666,0.4285714285714285,0.0,0.0,0.0,0.2,0.125,0.5,0.0,0.0,0.0873,314.0,False,False,None,0,0,0
2375,2030,2030,1,1,,,1,,0,True,True,1,2,,0.0,0,0,0.0,0,0,2,0,2,0,1,0,0,0,2375.0,Lei Xiong,,Lei Xiong,0.0,0.0,0.0,0.0833333333333333,0.0833333333333333,0.0,0.0,0.0,0.0,0.4,0.0,0.0,0.0,0.0,0.045,952.0,False,False,None,0,0,0
2376,2030,2030,1,1,,,1,,0,True,True,1,2,,0.0,0,0,0.0,0,0,2,0,2,0,1,0,0,0,2376.0,Chao Duan,,Chao Duan,0.0,0.0,0.0,0.0833333333333333,0.0833333333333333,0.0,0.0,0.0,0.0,0.4,0.0,0.0,0.0,0.0,0.045,952.0,False,False,None,0,0,0
2377,2030,2030,1,1,,,1,,0,True,True,1,2,,0.0,0,0,0.0,0,0,2,0,2,0,1,0,0,0,2377.0,Fang Xiong,,Fang Xiong,0.0,0.0,0.0,0.0833333333333333,0.0833333333333333,0.0,0.0,0.0,0.0,0.4,0.0,0.0,0.0,0.0,0.045,952.0,False,False,None,0,0,0
2378,2030,2030,1,1,,,1,,0,True,True,1,2,,0.0,0,0,0.0,0,0,2,0,2,0,2,0,0,0,2378.0,Guiying Su,,Guiying Su,0.0,0.0,0.0,0.0833333333333333,0.0833333333333333,0.0,0.0,0.0,0.0,0.4,0.0,0.5,0.0,0.0,0.06,616.0,False,False,None,0,0,0
2380,2027,2027,1,1,,,1,,0,True,True,0,1,,0.0,1,0,0.0,0,0,0,0,0,0,1,0,1,1,2380.0,Li Ma,,Li Ma,0.0,0.0,0.0,0.0,0.0416666666666666,0.1428571428571428,0.0,0.0,0.0,0.0,0.0,0.0,0.0,0.0,0.023,1934.0,False,False,None,0,0,0
2382,2027,2027,1,1,,,1,,0,True,True,0,1,,0.0,1,0,0.0,0,0,0,0,0,0,1,0,1,1,2382.0,Fang Fu,,Fang Fu,0.0,0.0,0.0,0.0,0.0416666666666666,0.1428571428571428,0.0,0.0,0.0,0.0,0.0,0.0,0.0,0.0,0.023,1934.0,False,False,None,0,0,0
2407,2029,2029,1,1,2032.0,2032.0,1,3.0,0,True,True,0,1,8.0,0.2,1,0,0.0,0,0,1,0,1,0,2,0,0,0,2407.0,Yuki Saito, Vale, Vale,0.0,0.0,0.0,0.0,0.0416666666666666,0.1428571428571428,0.0,0.0,0.0,0.2,0.0,0.5,0.1999999999999999,0.0,0.074,413.0,False,False,None,0,0,0
2408,2029,2029,1,1,2032.0,2032.0,1,3.0,0,True,True,0,1,8.0,0.2,1,0,0.0,0,0,1,0,1,0,1,0,0,0,2408.0,Pamela Mitchell,,Pamela Mitchell,0.0,0.0,0.0,0.0,0.0416666666666666,0.1428571428571428,0.0,0.0,0.0,0.2,0.0,0.0,0.1999999999999999,0.0,0.059,641.0,False,False,None,0,0,0
2414,2026,2026,1,1,,,1,,0,True,True,0,2,,0.0,0,0,0.0,0,0,1,0,1,0,1,0,0,0,2414.0,Min Qin,,Min Qin,0.0,0.0,0.0,0.0,0.0833333333333333,0.0,0.0,0.0,0.0,0.2,0.0,0.0,0.0,0.0,0.0217,1958.0,False,False,None,0,0,0
2419,2028,2028,1,1,2028.0,2028.0,1,0.0,0,True,True,0,1,12.0,0.0,0,0,0.0,0,0,0,0,0,0,1,0,0,0,2419.0,Kristen Stanley,,Kristen Stanley,0.0,0.0,0.0,0.0,0.0416666666666666,0.0,0.0,0.0,0.0,0.0,0.0,0.0,0.0,0.0,0.0058,2575.0,False,False,None,0,0,0
2420,2028,2028,1,1,2028.0,2028.0,1,0.0,0,True,True,0,1,12.0,0.0,0,0,0.0,0,0,0,0,0,0,1,0,0,0,2420.0,Richard Moore,,Richard Moore,0.0,0.0,0.0,0.0,0.0416666666666666,0.0,0.0,0.0,0.0,0.0,0.0,0.0,0.0,0.0,0.0058,2575.0,False,False,None,0,0,0
2422,2028,2028,1,1,2028.0,2028.0,1,0.0,0,True,True,0,1,12.0,0.0,0,0,0.0,0,0,0,0,0,0,1,0,0,0,2422.0,Shannon Jacobson,,Shannon Jacobson,0.0,0.0,0.0,0.0,0.0416666666666666,0.0,0.0,0.0,0.0,0.0,0.0,0.0,0.0,0.0,0.0058,2575.0,False,False,None,0,0,0
2426,2028,2028,1,1,,,1,,0,True,True,0,5,,0.0,5,0,0.0,0,0,1,0,1,0,3,0,0,0,2426.0,Guiying Ren,,Guiying Ren,0.0,0.0,0.0,0.0,0.2083333333333333,0.7142857142857142,0.0,0.0,0.0,0.2,0.0,1.0,0.0,0.0,0.1549,73.0,True,True,Arco Luminoso,9,6,3
2455,2029,2029,1,1,,,1,,0,True,True,0,7,,0.0,2,0,0.0,0,0,1,0,1,2,2,0,0,0,2455.0,Jing Yin, Venice, Venice,0.0,0.0,0.0,0.0,0.2916666666666666,0.2857142857142857,0.0,0.0,0.0,0.2,0.25,0.5,0.0,0.0,0.1101,174.0,False,False,None,0,0,0
2456,2029,2030,2,2,2030.0,2030.0,2,1.0,1,True,True,1,12,10.0,0.0,3,0,4.0,0,0,1,0,1,3,1,0,0,0,2456.0,Na Kang,,Na Kang,0.0,0.4,0.14,0.0833333333333333,0.5,0.4285714285714285,0.0,0.0,0.3333333333333333,0.2,0.375,0.0,0.0,0.1399999999999999,0.1971,31.0,False,False,None,0,0,0
2457,2029,2030,2,2,2030.0,2030.0,2,1.0,1,True,True,1,12,10.0,0.0,3,0,4.0,0,0,1,0,1,3,2,0,0,0,2457.0,Ming Ding,,Ming Ding,0.0,0.4,0.14,0.0833333333333333,0.5,0.4285714285714285,0.0,0.0,0.3333333333333333,0.2,0.375,0.5,0.0,0.1399999999999999,0.2121,26.0,False,False,None,0,0,0
2476,2026,2026,1,1,,,1,,0,True,True,0,2,,0.0,0,0,0.0,0,0,1,0,1,0,2,0,0,0,2476.0,Wei Jiang,,Wei Jiang,0.0,0.0,0.0,0.0,0.0833333333333333,0.0,0.0,0.0,0.0,0.2,0.0,0.5,0.0,0.0,0.0367,1265.0,False,False,None,0,0,0
2481,2026,2026,1,1,,,1,,0,True,True,0,2,,0.0,0,0,0.0,0,0,1,0,1,0,1,0,0,0,2481.0,Yong Kang,,Yong Kang,0.0,0.0,0.0,0.0,0.0833333333333333,0.0,0.0,0.0,0.0,0.2,0.0,0.0,0.0,0.0,0.0217,1958.0,False,False,None,0,0,0
2482,2026,2026,1,1,,,1,,0,True,True,0,2,,0.0,0,0,0.0,0,0,1,0,1,0,1,0,0,0,2482.0,Min Tan,,Min Tan,0.0,0.0,0.0,0.0,0.0833333333333333,0.0,0.0,0.0,0.0,0.2,0.0,0.0,0.0,0.0,0.0217,1958.0,False,False,None,0,0,0
2526,2028,2028,1,1,,,1,,0,True,True,0,2,,0.0,0,0,0.0,0,0,1,0,1,1,1,0,0,0,2526.0,Kimberly Thomas,,Kimberly Thomas,0.0,0.0,0.0,0.0,0.0833333333333333,0.0,0.0,0.0,0.0,0.2,0.125,0.0,0.0,0.0,0.0267,1762.0,False,False,None,0,0,0
2527,2028,2028,1,1,,,1,,0,True,True,0,2,,0.0,0,0,0.0,0,0,1,0,1,1,1,0,0,0,2527.0,Joel Foster,,Joel Foster,0.0,0.0,0.0,0.0,0.0833333333333333,0.0,0.0,0.0,0.0,0.2,0.125,0.0,0.0,0.0,0.0267,1762.0,False,False,None,0,0,0
2529,2028,2028,1,1,,,1,,0,True,True,0,2,,0.0,0,0,0.0,0,0,1,0,1,1,2,0,0,0,2529.0,Kathy Green,,Kathy Green,0.0,0.0,0.0,0.0,0.0833333333333333,0.0,0.0,0.0,0.0,0.2,0.125,0.5,0.0,0.0,0.0417,1088.0,False,False,None,0,0,0
2542,2026,2027,2,2,,,2,,1,True,True,0,5,,0.0,1,0,3.0,0,0,1,0,1,0,1,0,0,0,2542.0,Xiuying Zou,,Xiuying Zou,0.0,0.3,0.105,0.0,0.2083333333333333,0.1428571428571428,0.0,0.0,0.3333333333333333,0.2,0.0,0.0,0.0,0.105,0.0901,288.0,False,False,None,0,0,0
2543,2027,2027,1,1,,,1,,0,True,True,0,2,,0.0,1,0,0.0,0,0,1,0,1,0,1,0,0,0,2543.0,Qiang Luo,,Qiang Luo,0.0,0.0,0.0,0.0,0.0833333333333333,0.1428571428571428,0.0,0.0,0.0,0.2,0.0,0.0,0.0,0.0,0.0388,1182.0,False,False,None,0,0,0
2544,2026,2027,2,2,,,2,,1,True,True,0,5,,0.0,1,0,3.0,0,0,1,0,1,0,1,0,0,0,2544.0,Yan Shi,,Yan Shi,0.0,0.3,0.105,0.0,0.2083333333333333,0.1428571428571428,0.0,0.0,0.3333333333333333,0.2,0.0,0.0,0.0,0.105,0.0901,288.0,False,False,None,0,0,0
2557,2029,2029,1,1,2029.0,2029.0,1,0.0,0,True,True,0,1,11.0,0.0,2,0,0.0,0,0,2,0,2,0,1,0,0,0,2557.0,Fang Peng,,Fang Peng,0.0,0.0,0.0,0.0,0.0416666666666666,0.2857142857142857,0.0,0.0,0.0,0.4,0.0,0.0,0.0,0.0,0.0601,607.0,False,False,None,0,0,0
2558,2029,2029,1,1,2029.0,2029.0,1,0.0,0,True,True,0,1,11.0,0.0,2,0,0.0,0,0,2,0,2,0,1,0,0,0,2558.0,Xiuying Li,,Xiuying Li,0.0,0.0,0.0,0.0,0.0416666666666666,0.2857142857142857,0.0,0.0,0.0,0.4,0.0,0.0,0.0,0.0,0.0601,607.0,False,False,None,0,0,0
2583,2028,2028,1,1,,,1,,0,True,True,0,4,,0.0,0,0,0.0,0,0,1,0,1,0,1,0,0,0,2583.0,Jie Liang,,Jie Liang,0.0,0.0,0.0,0.0,0.1666666666666666,0.0,0.0,0.0,0.0,0.2,0.0,0.0,0.0,0.0,0.0333,1350.0,False,False,None,0,0,0
2585,2028,2028,1,1,,,1,,0,True,True,0,4,,0.0,0,0,0.0,0,0,1,0,1,0,2,0,0,0,2585.0,Gregory Hartman,,Gregory Hartman,0.0,0.0,0.0,0.0,0.1666666666666666,0.0,0.0,0.0,0.0,0.2,0.0,0.5,0.0,0.0,0.0483,880.0,False,False,None,0,0,0
2587,2025,2025,1,1,,,1,,0,True,True,0,4,,0.0,1,0,0.0,0,0,1,0,1,1,2,0,0,0,2587.0,Min Qiu,,Min Qiu,0.0,0.0,0.0,0.0,0.1666666666666666,0.1428571428571428,0.0,0.0,0.0,0.2,0.125,0.5,0.0,0.0,0.0705,452.0,False,False,None,0,0,0
2597,2026,2026,1,1,,,1,,0,True,True,0,3,,0.0,0,0,0.0,0,0,1,0,1,0,2,0,0,0,2597.0,Min Sun,,Min Sun,0.0,0.0,0.0,0.0,0.125,0.0,0.0,0.0,0.0,0.2,0.0,0.5,0.0,0.0,0.0425,1060.0,False,False,None,0,0,0
2598,2026,2026,1,1,,,1,,0,True,True,0,3,,0.0,0,0,0.0,0,0,1,0,1,0,1,0,0,0,2598.0,Tao Lai,,Tao Lai,0.0,0.0,0.0,0.0,0.125,0.0,0.0,0.0,0.0,0.2,0.0,0.0,0.0,0.0,0.0275,1672.0,False,False,None,0,0,0
2599,2026,2026,1,1,,,1,,0,True,True,0,3,,0.0,0,0,0.0,0,0,1,0,1,0,1,0,0,0,2599.0,Jie Ma,,Jie Ma,0.0,0.0,0.0,0.0,0.125,0.0,0.0,0.0,0.0,0.2,0.0,0.0,0.0,0.0,0.0275,1672.0,False,False,None,0,0,0
2601,2026,2026,1,1,,,1,,0,True,True,0,3,,0.0,0,0,0.0,0,0,1,0,1,0,1,0,0,0,2601.0,Xia Lin,,Xia Lin,0.0,0.0,0.0,0.0,0.125,0.0,0.0,0.0,0.0,0.2,0.0,0.0,0.0,0.0,0.0275,1672.0,False,False,None,0,0,0
2602,2026,2026,1,1,,,1,,0,True,True,0,3,,0.0,0,0,0.0,0,0,1,0,1,0,1,0,0,0,2602.0,Qiang Yan,,Qiang Yan,0.0,0.0,0.0,0.0,0.125,0.0,0.0,0.0,0.0,0.2,0.0,0.0,0.0,0.0,0.0275,1672.0,False,False,None,0,0,0
2603,2026,2026,1,1,,,1,,0,True,True,0,3,,0.0,0,0,0.0,0,0,1,0,1,0,3,0,0,0,2603.0,Gang Zhang,,Gang Zhang,0.0,0.0,0.0,0.0,0.125,0.0,0.0,0.0,0.0,0.2,0.0,1.0,0.0,0.0,0.0575,651.0,False,False,None,0,0,0
2605,2026,2026,1,1,,,1,,0,True,True,0,1,,0.0,1,0,0.0,0,0,1,0,1,0,1,0,0,0,2605.0,Frederick Jackson Jr.,,Frederick Jackson Jr.,0.0,0.0,0.0,0.0,0.0416666666666666,0.1428571428571428,0.0,0.0,0.0,0.2,0.0,0.0,0.0,0.0,0.033,1390.0,False,False,None,0,0,0
2606,2026,2027,2,2,,,2,,1,True,True,0,12,,0.0,1,0,2.0,0,0,1,0,1,2,1,0,1,1,2606.0,Xiulan Yu,,Xiulan Yu,0.0,0.2,0.07,0.0,0.5,0.1428571428571428,0.0,0.0,0.3333333333333333,0.2,0.25,0.0,0.0,0.0699999999999999,0.1375,92.0,False,False,None,0,0,0
2607,2026,2027,3,3,,,2,,1,True,True,0,16,,0.0,0,0,2.0,0,0,2,0,2,3,1,0,2,2,2607.0,Lisa Hart,,Lisa Hart,0.0,0.2,0.07,0.0,0.6666666666666666,0.0,0.0,0.0,0.3333333333333333,0.4,0.375,0.0,0.0,0.0699999999999999,0.1587,66.0,False,False,None,0,0,0
2634,2026,2028,3,3,2028.0,2028.0,2,2.0,2,True,True,0,17,12.0,0.0,1,0,3.5,0,0,1,1,2,3,1,0,0,0,2634.0,Chao Li,,Chao Li,0.0,0.35,0.1225,0.0,0.7083333333333333,0.1428571428571428,0.0,0.0,0.3333333333333333,0.4,0.375,0.0,0.0,0.1224999999999999,0.1869,40.0,True,False,Radiant Siblings,6,3,3
2635,2026,2028,2,2,2028.0,2028.0,1,2.0,2,True,True,0,11,12.0,0.0,2,0,2.0,0,0,1,1,2,2,1,0,0,0,2635.0,Wei Mo,,Wei Mo,0.0,0.2,0.07,0.0,0.4583333333333333,0.2857142857142857,0.0,0.0,0.0,0.4,0.25,0.0,0.0,0.0699999999999999,0.1355,99.0,True,False,Radiant Siblings,6,3,3
2636,2027,2028,2,2,2028.0,2028.0,2,1.0,1,True,True,0,11,12.0,0.0,2,0,4.0,0,0,1,1,2,2,2,0,0,0,2636.0,Chao Qin,,Chao Qin,0.0,0.4,0.14,0.0,0.4583333333333333,0.2857142857142857,0.0,0.0,0.3333333333333333,0.4,0.25,0.5,0.0,0.1399999999999999,0.1808,44.0,True,False,Radiant Siblings,6,3,3
2637,2026,2026,1,1,,,1,,0,True,True,0,6,,0.0,2,0,0.0,0,0,1,1,2,1,2,0,0,0,2637.0,Juan Lei,,Juan Lei,0.0,0.0,0.0,0.0,0.25,0.2857142857142857,0.0,0.0,0.0,0.4,0.125,0.5,0.0,0.0,0.1093,178.0,True,False,Radiant Siblings,6,3,3
2702,2029,2029,1,1,,,1,,0,True,True,0,4,,0.0,3,0,0.0,0,0,2,0,2,0,1,0,0,0,2702.0,Jie Shen,,Jie Shen,0.0,0.0,0.0,0.0,0.1666666666666666,0.4285714285714285,0.0,0.0,0.0,0.4,0.0,0.0,0.0,0.0,0.0948,257.0,False,False,None,0,0,0
2776,2027,2027,1,1,,,1,,0,True,True,0,1,,0.0,0,0,0.0,0,0,0,0,0,0,2,0,0,0,2776.0,Yan Wang,,Yan Wang,0.0,0.0,0.0,0.0,0.0416666666666666,0.0,0.0,0.0,0.0,0.0,0.0,0.5,0.0,0.0,0.0208,2123.0,False,False,None,0,0,0
2785,2028,2028,1,1,,,1,,0,True,True,0,1,,0.0,0,0,0.0,0,0,1,0,1,0,1,0,0,0,2785.0,Hannah Newton,,Hannah Newton,0.0,0.0,0.0,0.0,0.0416666666666666,0.0,0.0,0.0,0.0,0.2,0.0,0.0,0.0,0.0,0.0158,2169.0,False,False,None,0,0,0
2786,2028,2028,1,1,,,1,,0,True,True,0,1,,0.0,0,0,0.0,0,0,1,0,1,0,2,0,0,0,2786.0,Frederick Houston,,Frederick Houston,0.0,0.0,0.0,0.0,0.0416666666666666,0.0,0.0,0.0,0.0,0.2,0.0,0.5,0.0,0.0,0.0308,1542.0,False,False,None,0,0,0
2787,2028,2028,1,1,,,1,,0,True,True,0,1,,0.0,0,0,0.0,0,0,1,0,1,0,1,0,0,0,2787.0,Angela Fisher,,Angela Fisher,0.0,0.0,0.0,0.0,0.0416666666666666,0.0,0.0,0.0,0.0,0.2,0.0,0.0,0.0,0.0,0.0158,2169.0,False,False,None,0,0,0
2789,2028,2028,1,1,,,1,,0,True,True,0,1,,0.0,0,0,0.0,0,0,1,0,1,0,1,0,0,0,2789.0,Jivika Dar,,Jivika Dar,0.0,0.0,0.0,0.0,0.0416666666666666,0.0,0.0,0.0,0.0,0.2,0.0,0.0,0.0,0.0,0.0158,2169.0,False,False,None,0,0,0
2832,2026,2026,1,1,2026.0,2026.0,1,0.0,0,True,True,0,3,14.0,0.0,0,0,0.0,0,0,1,0,1,1,1,0,0,0,2832.0,Ping Gu,,Ping Gu,0.0,0.0,0.0,0.0,0.125,0.0,0.0,0.0,0.0,0.2,0.125,0.0,0.0,0.0,0.0325,1451.0,False,False,None,0,0,0
2833,2026,2026,1,1,2026.0,2026.0,1,0.0,0,True,True,0,3,14.0,0.0,0,0,0.0,0,0,1,0,1,1,1,0,0,0,2833.0,Juan Cai,,Juan Cai,0.0,0.0,0.0,0.0,0.125,0.0,0.0,0.0,0.0,0.2,0.125,0.0,0.0,0.0,0.0325,1451.0,False,False,None,0,0,0
2834,2026,2026,1,1,2026.0,2026.0,1,0.0,0,True,True,0,3,14.0,0.0,0,0,0.0,0,0,1,0,1,1,1,0,0,0,2834.0,Juan Meng,,Juan Meng,0.0,0.0,0.0,0.0,0.125,0.0,0.0,0.0,0.0,0.2,0.125,0.0,0.0,0.0,0.0325,1451.0,False,False,None,0,0,0
2835,2026,2026,1,1,2026.0,2026.0,1,0.0,0,True,True,0,3,14.0,0.0,0,0,0.0,0,0,1,0,1,1,2,0,0,0,2835.0,Tao Huang,,Tao Huang,0.0,0.0,0.0,0.0,0.125,0.0,0.0,0.0,0.0,0.2,0.125,0.5,0.0,0.0,0.0475,918.0,False,False,None,0,0,0
2853,2028,2028,1,0,,,1,,0,True,True,0,1,,0.0,0,0,0.0,0,0,2,0,2,0,1,0,0,0,2853.0,Min Ren,,Min Ren,0.0,0.0,0.0,0.0,0.0416666666666666,0.0,0.0,0.0,0.0,0.4,0.0,0.0,0.0,0.0,0.0258,1822.0,False,False,None,0,0,0
2854,2028,2028,1,0,,,1,,0,True,True,0,1,,0.0,0,0,0.0,0,0,2,0,2,0,1,0,0,0,2854.0,Guiying Xie,,Guiying Xie,0.0,0.0,0.0,0.0,0.0416666666666666,0.0,0.0,0.0,0.0,0.4,0.0,0.0,0.0,0.0,0.0258,1822.0,False,False,None,0,0,0
2855,2028,2028,1,0,,,1,,0,True,True,0,1,,0.0,0,0,0.0,0,0,2,0,2,0,1,0,0,0,2855.0,Nicole Smith,,Nicole Smith,0.0,0.0,0.0,0.0,0.0416666666666666,0.0,0.0,0.0,0.0,0.4,0.0,0.0,0.0,0.0,0.0258,1822.0,False,False,None,0,0,0
2856,2028,2028,1,0,,,1,,0,True,True,0,1,,0.0,0,0,0.0,0,0,2,0,2,0,1,0,0,0,2856.0,William Smith,,William Smith,0.0,0.0,0.0,0.0,0.0416666666666666,0.0,0.0,0.0,0.0,0.4,0.0,0.0,0.0,0.0,0.0258,1822.0,False,False,None,0,0,0
2866,2026,2026,1,1,,,1,,0,True,True,0,3,,0.0,0,0,0.0,0,0,1,0,1,0,3,0,0,0,2866.0,Michelle Davis,,Michelle Davis,0.0,0.0,0.0,0.0,0.125,0.0,0.0,0.0,0.0,0.2,0.0,1.0,0.0,0.0,0.0575,651.0,False,False,None,0,0,0
2891,2029,2029,1,1,,,1,,0,True,True,0,8,,0.0,0,0,0.0,0,0,1,0,1,1,1,0,0,0,2891.0,Qiang Duan,,Qiang Duan,0.0,0.0,0.0,0.0,0.3333333333333333,0.0,0.0,0.0,0.0,0.2,0.125,0.0,0.0,0.0,0.0617,585.0,False,False,None,0,0,0
2892,2029,2029,1,1,,,1,,0,True,True,0,8,,0.0,0,0,0.0,0,0,1,0,1,1,1,0,0,0,2892.0,Fang Kong,,Fang Kong,0.0,0.0,0.0,0.0,0.3333333333333333,0.0,0.0,0.0,0.0,0.2,0.125,0.0,0.0,0.0,0.0617,585.0,False,False,None,0,0,0
2916,2026,2026,1,1,,,1,,0,True,True,0,2,,0.0,0,0,0.0,0,0,1,0,1,1,2,0,0,0,2916.0,Jie Wei,,Jie Wei,0.0,0.0,0.0,0.0,0.0833333333333333,0.0,0.0,0.0,0.0,0.2,0.125,0.5,0.0,0.0,0.0417,1088.0,False,False,None,0,0,0
2917,2026,2026,1,1,,,1,,0,True,True,0,2,,0.0,0,0,0.0,0,0,1,0,1,1,1,0,0,0,2917.0,Jie Zou,,Jie Zou,0.0,0.0,0.0,0.0,0.0833333333333333,0.0,0.0,0.0,0.0,0.2,0.125,0.0,0.0,0.0,0.0267,1762.0,False,False,None,0,0,0
2918,2026,2026,1,1,,,1,,0,True,True,0,2,,0.0,0,0,0.0,0,0,1,0,1,1,1,0,0,0,2918.0,Guiying Xiong,,Guiying Xiong,0.0,0.0,0.0,0.0,0.0833333333333333,0.0,0.0,0.0,0.0,0.2,0.125,0.0,0.0,0.0,0.0267,1762.0,False,False,None,0,0,0
2919,2026,2026,1,1,,,1,,0,True,True,0,2,,0.0,0,0,0.0,0,0,1,0,1,1,2,0,0,0,2919.0,Yong Li,,Yong Li,0.0,0.0,0.0,0.0,0.0833333333333333,0.0,0.0,0.0,0.0,0.2,0.125,0.5,0.0,0.0,0.0417,1088.0,False,False,None,0,0,0
2935,2029,2029,1,1,,,1,,0,True,True,0,1,,0.0,0,0,0.0,1,0,1,0,1,0,1,0,0,0,2935.0,Yan Xue,,Yan Xue,0.0,0.0,0.0,0.0,0.0416666666666666,0.0,1.0,0.0,0.0,0.2,0.0,0.0,0.0,0.0,0.0958,250.0,False,False,None,0,0,0
2962,2028,2028,1,1,,,1,,0,True,True,0,5,,0.0,1,0,0.0,0,0,1,0,1,3,1,0,0,0,2962.0,Hannah Hopkins,,Hannah Hopkins,0.0,0.0,0.0,0.0,0.2083333333333333,0.1428571428571428,0.0,0.0,0.0,0.2,0.375,0.0,0.0,0.0,0.0713,442.0,False,False,None,0,0,0
2973,2026,2032,2,2,,,2,,6,True,True,1,11,,0.0,2,0,0.1667,0,0,2,0,2,4,1,0,0,0,2973.0,Jun Zhang,,Jun Zhang,0.0,0.0166666666666666,0.0058,0.0833333333333333,0.4583333333333333,0.2857142857142857,0.0,0.0,0.3333333333333333,0.4,0.5,0.0,0.0,0.0058333333333333,0.1757,48.0,False,False,None,0,0,0
3033,2028,2028,1,1,,,1,,0,True,True,0,2,,0.0,0,0,0.0,0,0,2,0,2,0,1,0,1,1,3033.0,Jun Guo,,Jun Guo,0.0,0.0,0.0,0.0,0.0833333333333333,0.0,0.0,0.0,0.0,0.4,0.0,0.0,0.0,0.0,0.0317,1503.0,False,False,None,0,0,0
3034,2028,2028,1,1,,,1,,0,True,True,0,2,,0.0,0,0,0.0,0,0,2,0,2,0,1,0,1,1,3034.0,Yang Yi,,Yang Yi,0.0,0.0,0.0,0.0,0.0833333333333333,0.0,0.0,0.0,0.0,0.4,0.0,0.0,0.0,0.0,0.0317,1503.0,False,False,None,0,0,0
3035,2028,2028,1,1,,,1,,0,True,True,0,2,,0.0,0,0,0.0,0,0,2,0,2,0,2,0,1,1,3035.0,Yan Cai,,Yan Cai,0.0,0.0,0.0,0.0,0.0833333333333333,0.0,0.0,0.0,0.0,0.4,0.0,0.5,0.0,0.0,0.0467,928.0,False,False,None,0,0,0
3111,2025,2025,1,1,,,1,,0,True,True,0,1,,0.0,0,0,0.0,0,0,1,0,1,0,1,0,0,0,3111.0,Jodi Morgan,Wraith Choir,Wraith Choir,0.0,0.0,0.0,0.0,0.0416666666666666,0.0,0.0,0.0,0.0,0.2,0.0,0.0,0.0,0.0,0.0158,2169.0,False,False,None,0,0,0
3120,2025,2025,1,1,,,1,,0,True,True,0,4,,0.0,1,0,0.0,0,0,1,0,1,1,1,0,0,0,3120.0,Gang Qian,,Gang Qian,0.0,0.0,0.0,0.0,0.1666666666666666,0.1428571428571428,0.0,0.0,0.0,0.2,0.125,0.0,0.0,0.0,0.0555,697.0,False,False,None,0,0,0
3121,2025,2025,1,1,,,1,,0,True,True,0,4,,0.0,1,0,0.0,0,0,1,0,1,1,1,0,0,0,3121.0,Yong Wu,,Yong Wu,0.0,0.0,0.0,0.0,0.1666666666666666,0.1428571428571428,0.0,0.0,0.0,0.2,0.125,0.0,0.0,0.0,0.0555,697.0,False,False,None,0,0,0
3145,2026,2026,1,1,,,1,,0,True,True,0,1,,0.0,0,0,0.0,0,0,1,0,1,0,1,0,0,0,3145.0,Piya Mann,,Piya Mann,0.0,0.0,0.0,0.0,0.0416666666666666,0.0,0.0,0.0,0.0,0.2,0.0,0.0,0.0,0.0,0.0158,2169.0,False,False,None,0,0,0
3146,2026,2026,1,1,,,1,,0,True,True,0,1,,0.0,0,0,0.0,0,0,1,0,1,0,1,0,0,0,3146.0,Sana Batta,,Sana Batta,0.0,0.0,0.0,0.0,0.0416666666666666,0.0,0.0,0.0,0.0,0.2,0.0,0.0,0.0,0.0,0.0158,2169.0,False,False,None,0,0,0
3147,2026,2026,1,1,,,1,,0,True,True,0,1,,0.0,0,0,0.0,0,0,1,0,1,0,2,0,0,0,3147.0,Raghav Garde,,Raghav Garde,0.0,0.0,0.0,0.0,0.0416666666666666,0.0,0.0,0.0,0.0,0.2,0.0,0.5,0.0,0.0,0.0308,1542.0,False,False,None,0,0,0
3148,2026,2026,1,1,,,1,,0,True,True,0,1,,0.0,0,0,0.0,0,0,1,0,1,0,1,0,0,0,3148.0,Ranbir Balay,,Ranbir Balay,0.0,0.0,0.0,0.0,0.0416666666666666,0.0,0.0,0.0,0.0,0.2,0.0,0.0,0.0,0.0,0.0158,2169.0,False,False,None,0,0,0
3178,2029,2029,1,1,,,1,,0,True,True,0,4,,0.0,3,0,0.0,0,0,2,0,2,1,1,0,0,0,3178.0,Carrie Smith,,Carrie Smith,0.0,0.0,0.0,0.0,0.1666666666666666,0.4285714285714285,0.0,0.0,0.0,0.4,0.125,0.0,0.0,0.0,0.0998,228.0,False,False,None,0,0,0
3179,2029,2029,1,1,,,1,,0,True,True,0,4,,0.0,3,0,0.0,0,0,2,0,2,1,1,0,0,0,3179.0,Isaiah Gonzales,,Isaiah Gonzales,0.0,0.0,0.0,0.0,0.1666666666666666,0.4285714285714285,0.0,0.0,0.0,0.4,0.125,0.0,0.0,0.0,0.0998,228.0,False,False,None,0,0,0
3180,2029,2029,1,1,,,1,,0,True,True,0,4,,0.0,3,0,0.0,0,0,2,0,2,1,1,0,0,0,3180.0,Raven Bowman,,Raven Bowman,0.0,0.0,0.0,0.0,0.1666666666666666,0.4285714285714285,0.0,0.0,0.0,0.4,0.125,0.0,0.0,0.0,0.0998,228.0,False,False,None,0,0,0
3181,2029,2029,1,1,,,1,,0,True,True,0,4,,0.0,3,0,0.0,0,0,2,0,2,1,2,0,0,0,3181.0,Timothy Beck,,Timothy Beck,0.0,0.0,0.0,0.0,0.1666666666666666,0.4285714285714285,0.0,0.0,0.0,0.4,0.125,0.5,0.0,0.0,0.1148,150.0,False,False,None,0,0,0
3182,2029,2029,1,1,,,1,,0,True,True,0,4,,0.0,3,0,0.0,0,0,2,0,2,1,2,0,0,0,3182.0,Juan Ding,,Juan Ding,0.0,0.0,0.0,0.0,0.1666666666666666,0.4285714285714285,0.0,0.0,0.0,0.4,0.125,0.5,0.0,0.0,0.1148,150.0,False,False,None,0,0,0
3185,2029,2029,1,1,,,1,,0,True,True,0,2,,0.0,1,0,0.0,0,0,2,0,2,0,1,0,0,0,3185.0,Tobiasz Kargol,,Tobiasz Kargol,0.0,0.0,0.0,0.0,0.0833333333333333,0.1428571428571428,0.0,0.0,0.0,0.4,0.0,0.0,0.0,0.0,0.0488,860.0,False,False,None,0,0,0
3188,2028,2028,1,1,2028.0,2028.0,1,0.0,0,True,True,0,2,12.0,0.0,0,0,0.0,0,0,1,0,1,0,2,0,0,0,3188.0,Kayla Smith,,Kayla Smith,0.0,0.0,0.0,0.0,0.0833333333333333,0.0,0.0,0.0,0.0,0.2,0.0,0.5,0.0,0.0,0.0367,1265.0,False,False,None,0,0,0
3190,2028,2028,1,1,2028.0,2028.0,1,0.0,0,True,True,0,2,12.0,0.0,0,0,0.0,0,0,1,0,1,0,1,0,0,0,3190.0,Kaylee Patrick,,Kaylee Patrick,0.0,0.0,0.0,0.0,0.0833333333333333,0.0,0.0,0.0,0.0,0.2,0.0,0.0,0.0,0.0,0.0217,1958.0,False,False,None,0,0,0
3200,2028,2028,1,1,,,1,,0,True,True,0,0,,0.0,0,0,0.0,0,0,1,0,1,0,1,0,0,0,3200.0,James White, B.B. Stone, B.B. Stone,0.0,0.0,0.0,0.0,0.0,0.0,0.0,0.0,0.0,0.2,0.0,0.0,0.0,0.0,0.01,2522.0,False,False,None,0,0,0
3202,2028,2028,1,1,,,1,,0,True,True,0,0,,0.0,0,0,0.0,0,0,1,0,1,0,1,0,0,0,3202.0,Min Long,Resonance,Resonance,0.0,0.0,0.0,0.0,0.0,0.0,0.0,0.0,0.0,0.2,0.0,0.0,0.0,0.0,0.01,2522.0,False,False,None,0,0,0
3204,2028,2028,1,1,,,1,,0,True,True,0,0,,0.0,0,0,0.0,0,0,1,0,1,0,2,0,0,0,3204.0,Qiang Ye,,Qiang Ye,0.0,0.0,0.0,0.0,0.0,0.0,0.0,0.0,0.0,0.2,0.0,0.5,0.0,0.0,0.025,1899.0,False,False,None,0,0,0
3207,2029,2029,1,1,,,1,,0,True,True,0,4,,0.0,1,0,0.0,0,0,2,0,2,1,1,0,0,0,3207.0,Kenneth Jones,,Kenneth Jones,0.0,0.0,0.0,0.0,0.1666666666666666,0.1428571428571428,0.0,0.0,0.0,0.4,0.125,0.0,0.0,0.0,0.0655,528.0,False,False,None,0,0,0
3211,2026,2026,1,1,,,1,,0,True,True,0,1,,0.0,0,0,0.0,0,0,0,0,0,0,1,0,0,0,3211.0,Fang Qian,,Fang Qian,0.0,0.0,0.0,0.0,0.0416666666666666,0.0,0.0,0.0,0.0,0.0,0.0,0.0,0.0,0.0,0.0058,2575.0,False,False,None,0,0,0
3212,2026,2026,1,1,,,1,,0,True,True,0,1,,0.0,0,0,0.0,0,0,0,0,0,0,1,0,0,0,3212.0,Fang Zhang,,Fang Zhang,0.0,0.0,0.0,0.0,0.0416666666666666,0.0,0.0,0.0,0.0,0.0,0.0,0.0,0.0,0.0,0.0058,2575.0,False,False,None,0,0,0
3213,2026,2026,1,1,,,1,,0,True,True,0,1,,0.0,0,0,0.0,0,0,0,0,0,0,1,0,0,0,3213.0,Catherine Price,,Catherine Price,0.0,0.0,0.0,0.0,0.0416666666666666,0.0,0.0,0.0,0.0,0.0,0.0,0.0,0.0,0.0,0.0058,2575.0,False,False,None,0,0,0
3215,2026,2026,1,1,,,1,,0,True,True,0,1,,0.0,0,0,0.0,0,0,0,0,0,0,1,0,0,0,3215.0,Yang Fan,,Yang Fan,0.0,0.0,0.0,0.0,0.0416666666666666,0.0,0.0,0.0,0.0,0.0,0.0,0.0,0.0,0.0,0.0058,2575.0,False,False,None,0,0,0
3229,2029,2029,1,1,,,1,,0,True,True,0,3,,0.0,0,0,0.0,0,0,2,0,2,0,1,0,0,0,3229.0,Yong Liang,,Yong Liang,0.0,0.0,0.0,0.0,0.125,0.0,0.0,0.0,0.0,0.4,0.0,0.0,0.0,0.0,0.0375,1253.0,False,False,None,0,0,0
3230,2029,2029,1,1,,,1,,0,True,True,0,3,,0.0,0,0,0.0,0,0,2,0,2,0,2,0,0,0,3230.0,Juan Wu,,Juan Wu,0.0,0.0,0.0,0.0,0.125,0.0,0.0,0.0,0.0,0.4,0.0,0.5,0.0,0.0,0.0525,769.0,False,False,None,0,0,0
3232,2029,2029,2,2,,,2,,0,True,True,0,6,,0.0,0,0,0.0,0,0,2,0,2,0,2,1,2,3,3232.0,Chao Sun,,Chao Sun,0.0,0.0,0.0,0.0,0.25,0.0,0.0,0.0,0.3333333333333333,0.4,0.0,0.5,0.0,0.0,0.0933,272.0,False,False,None,0,0,0
3233,2029,2029,1,1,,,1,,0,True,True,0,3,,0.0,0,0,0.0,0,0,2,0,2,0,3,0,0,0,3233.0,Gang Yuan,,Gang Yuan,0.0,0.0,0.0,0.0,0.125,0.0,0.0,0.0,0.0,0.4,0.0,1.0,0.0,0.0,0.0675,486.0,False,False,None,0,0,0
3303,2029,2029,1,1,,,1,,0,True,True,0,4,,0.0,1,0,0.0,0,0,1,0,1,1,1,0,0,0,3303.0,Kenneth Hall,,Kenneth Hall,0.0,0.0,0.0,0.0,0.1666666666666666,0.1428571428571428,0.0,0.0,0.0,0.2,0.125,0.0,0.0,0.0,0.0555,697.0,False,False,None,0,0,0
3382,2026,2026,1,0,,,1,,0,True,True,0,1,,0.0,0,0,0.0,0,0,1,0,1,0,1,0,0,0,3382.0,Reginald Stumpf,,Reginald Stumpf,0.0,0.0,0.0,0.0,0.0416666666666666,0.0,0.0,0.0,0.0,0.2,0.0,0.0,0.0,0.0,0.0158,2169.0,False,False,None,0,0,0
3385,2026,2026,1,0,,,1,,0,True,True,0,1,,0.0,0,0,0.0,0,0,1,0,1,0,1,0,0,0,3385.0,Joerg Weiß,,Joerg Weiß,0.0,0.0,0.0,0.0,0.0416666666666666,0.0,0.0,0.0,0.0,0.2,0.0,0.0,0.0,0.0,0.0158,2169.0,False,False,None,0,0,0
3416,2026,2026,1,1,2033.0,2033.0,1,7.0,0,True,True,0,1,7.0,0.3,0,0,0.0,0,0,2,0,2,0,2,0,0,0,3416.0,Xiulan Zheng,,Xiulan Zheng,0.0,0.0,0.0,0.0,0.0416666666666666,0.0,0.0,0.0,0.0,0.4,0.0,0.5,0.3,0.0,0.0798,363.0,False,False,None,0,0,0
3417,2026,2026,1,1,2033.0,2033.0,1,7.0,0,True,True,0,1,7.0,0.3,0,0,0.0,0,0,2,0,2,0,1,0,0,0,3417.0,Xiuying Qiu,,Xiuying Qiu,0.0,0.0,0.0,0.0,0.0416666666666666,0.0,0.0,0.0,0.0,0.4,0.0,0.0,0.3,0.0,0.0648,544.0,False,False,None,0,0,0
3418,2029,2029,1,1,,,1,,0,True,True,0,1,,0.0,0,0,0.0,0,0,1,0,1,0,1,0,0,0,3418.0,Yang Wu,,Yang Wu,0.0,0.0,0.0,0.0,0.0416666666666666,0.0,0.0,0.0,0.0,0.2,0.0,0.0,0.0,0.0,0.0158,2169.0,False,False,None,0,0,0
3439,2029,2029,1,1,,,1,,0,True,True,0,7,,0.0,0,0,0.0,0,0,1,0,1,0,1,0,0,0,3439.0,Fang Gu,,Fang Gu,0.0,0.0,0.0,0.0,0.2916666666666666,0.0,0.0,0.0,0.0,0.2,0.0,0.0,0.0,0.0,0.0508,787.0,False,False,None,0,0,0
3492,2030,2030,1,1,,,1,,0,True,True,1,1,,0.0,0,0,0.0,0,0,1,0,1,0,1,0,0,0,3492.0,Na Gao,The Hollow Manuscript,The Hollow Manuscript,0.0,0.0,0.0,0.0833333333333333,0.0416666666666666,0.0,0.0,0.0,0.0,0.2,0.0,0.0,0.0,0.0,0.0292,1648.0,False,False,None,0,0,0
3493,2030,2030,1,1,,,1,,0,True,True,1,1,,0.0,0,0,0.0,0,0,1,0,1,0,1,0,0,0,3493.0,Qiang Chen,,Qiang Chen,0.0,0.0,0.0,0.0833333333333333,0.0416666666666666,0.0,0.0,0.0,0.0,0.2,0.0,0.0,0.0,0.0,0.0292,1648.0,False,False,None,0,0,0
3494,2030,2030,1,1,,,1,,0,True,True,1,1,,0.0,0,0,0.0,0,0,1,0,1,0,1,0,0,0,3494.0,Ming Long,,Ming Long,0.0,0.0,0.0,0.0833333333333333,0.0416666666666666,0.0,0.0,0.0,0.0,0.2,0.0,0.0,0.0,0.0,0.0292,1648.0,False,False,None,0,0,0
3495,2030,2030,1,1,,,1,,0,True,True,1,1,,0.0,0,0,0.0,0,0,1,0,1,0,1,0,0,0,3495.0,Gang Qin,,Gang Qin,0.0,0.0,0.0,0.0833333333333333,0.0416666666666666,0.0,0.0,0.0,0.0,0.2,0.0,0.0,0.0,0.0,0.0292,1648.0,False,False,None,0,0,0
3496,2025,2030,2,2,,,2,,5,True,True,1,6,,0.0,0,0,0.8,0,0,3,0,3,2,1,0,0,0,3496.0,Xiulan Deng,,Xiulan Deng,0.0,0.08,0.028,0.0833333333333333,0.25,0.0,0.0,0.0,0.3333333333333333,0.6000000000000001,0.25,0.0,0.0,0.028,0.1145,152.0,False,False,None,0,0,0
3521,2026,2026,1,1,,,1,,0,True,True,0,1,,0.0,4,0,0.0,1,0,2,0,2,0,1,1,1,2,3521.0,Min Jin,,Min Jin,0.0,0.0,0.0,0.0,0.0416666666666666,0.5714285714285714,1.0,0.0,0.0,0.4,0.0,0.0,0.0,0.0,0.1744,49.0,False,False,None,0,0,0
3560,2027,2027,1,1,2027.0,2027.0,1,0.0,0,True,True,0,2,13.0,0.0,0,0,0.0,0,0,1,0,1,1,2,0,0,0,3560.0,Hans-Joachim Seip,,Hans-Joachim Seip,0.0,0.0,0.0,0.0,0.0833333333333333,0.0,0.0,0.0,0.0,0.2,0.125,0.5,0.0,0.0,0.0417,1088.0,False,False,None,0,0,0
3581,2027,2027,1,1,,,1,,0,True,True,0,5,,0.0,0,0,0.0,0,0,1,0,1,0,2,0,3,3,3581.0,Jun Gu,,Jun Gu,0.0,0.0,0.0,0.0,0.2083333333333333,0.0,0.0,0.0,0.0,0.2,0.0,0.5,0.0,0.0,0.0542,722.0,False,False,None,0,0,0
3608,2030,2030,1,1,,,1,,0,True,True,1,2,,0.0,2,0,0.0,0,0,1,0,1,0,2,0,0,0,3608.0,Isa Balotelli,,Isa Balotelli,0.0,0.0,0.0,0.0833333333333333,0.0833333333333333,0.2857142857142857,0.0,0.0,0.0,0.2,0.0,0.5,0.0,0.0,0.0843,326.0,False,False,None,0,0,0
3610,2026,2026,1,1,2029.0,2029.0,1,3.0,0,True,True,0,0,11.0,0.0,1,0,0.0,0,0,1,0,1,0,1,0,0,0,3610.0,Yan Cui,,Yan Cui,0.0,0.0,0.0,0.0,0.0,0.1428571428571428,0.0,0.0,0.0,0.2,0.0,0.0,0.0,0.0,0.0271,1747.0,False,False,None,0,0,0
3611,2026,2026,1,1,2029.0,2029.0,1,3.0,0,True,True,0,0,11.0,0.0,1,0,0.0,0,0,1,0,1,0,1,0,0,0,3611.0,Na Zou,,Na Zou,0.0,0.0,0.0,0.0,0.0,0.1428571428571428,0.0,0.0,0.0,0.2,0.0,0.0,0.0,0.0,0.0271,1747.0,False,False,None,0,0,0
3612,2026,2026,1,1,2029.0,2029.0,1,3.0,0,True,True,0,0,11.0,0.0,1,0,0.0,0,0,1,0,1,0,1,0,0,0,3612.0,Min Yuan,,Min Yuan,0.0,0.0,0.0,0.0,0.0,0.1428571428571428,0.0,0.0,0.0,0.2,0.0,0.0,0.0,0.0,0.0271,1747.0,False,False,None,0,0,0
3614,2026,2026,1,1,2029.0,2029.0,1,3.0,0,True,True,0,0,11.0,0.0,1,0,0.0,0,0,1,0,1,0,1,0,0,0,3614.0,Yang He,,Yang He,0.0,0.0,0.0,0.0,0.0,0.1428571428571428,0.0,0.0,0.0,0.2,0.0,0.0,0.0,0.0,0.0271,1747.0,False,False,None,0,0,0
3615,2026,2026,1,1,2029.0,2029.0,1,3.0,0,True,True,0,0,11.0,0.0,1,0,0.0,0,0,1,0,1,0,1,0,0,0,3615.0,Jun Deng,,Jun Deng,0.0,0.0,0.0,0.0,0.0,0.1428571428571428,0.0,0.0,0.0,0.2,0.0,0.0,0.0,0.0,0.0271,1747.0,False,False,None,0,0,0
3647,2029,2029,1,1,,,1,,0,True,True,0,2,,0.0,0,0,0.0,0,0,0,0,0,0,2,0,1,1,3647.0,Na Li,,Na Li,0.0,0.0,0.0,0.0,0.0833333333333333,0.0,0.0,0.0,0.0,0.0,0.0,0.5,0.0,0.0,0.0267,1818.0,False,False,None,0,0,0
3653,2025,2025,1,1,,,1,,0,True,True,0,3,,0.0,0,0,0.0,0,0,1,0,1,1,1,0,0,0,3653.0,Lei Xiao,,Lei Xiao,0.0,0.0,0.0,0.0,0.125,0.0,0.0,0.0,0.0,0.2,0.125,0.0,0.0,0.0,0.0325,1451.0,False,False,None,0,0,0
3654,2025,2025,1,1,,,1,,0,True,True,0,3,,0.0,0,0,0.0,0,0,1,0,1,1,1,0,0,0,3654.0,Na Lai,,Na Lai,0.0,0.0,0.0,0.0,0.125,0.0,0.0,0.0,0.0,0.2,0.125,0.0,0.0,0.0,0.0325,1451.0,False,False,None,0,0,0
3655,2025,2028,2,2,,,2,,3,True,True,0,8,,0.0,0,0,0.6667,0,0,2,0,2,2,1,0,0,0,3655.0,Jing Ren,,Jing Ren,0.0,0.0666666666666666,0.0233,0.0,0.3333333333333333,0.0,0.0,0.0,0.3333333333333333,0.4,0.25,0.0,0.0,0.0233333333333333,0.1023,199.0,False,False,None,0,0,0
3656,2025,2025,1,1,,,1,,0,True,True,0,3,,0.0,0,0,0.0,0,0,1,0,1,1,1,0,0,0,3656.0,Ryohei Ito,,Ryohei Ito,0.0,0.0,0.0,0.0,0.125,0.0,0.0,0.0,0.0,0.2,0.125,0.0,0.0,0.0,0.0325,1451.0,False,False,None,0,0,0
3657,2025,2025,1,1,,,1,,0,True,True,0,3,,0.0,0,0,0.0,0,0,1,0,1,1,1,0,0,0,3657.0,Ming Tian,,Ming Tian,0.0,0.0,0.0,0.0,0.125,0.0,0.0,0.0,0.0,0.2,0.125,0.0,0.0,0.0,0.0325,1451.0,False,False,None,0,0,0
3658,2025,2025,1,1,,,1,,0,True,True,0,3,,0.0,0,0,0.0,0,0,1,0,1,1,1,0,0,0,3658.0,Min Xiang,,Min Xiang,0.0,0.0,0.0,0.0,0.125,0.0,0.0,0.0,0.0,0.2,0.125,0.0,0.0,0.0,0.0325,1451.0,False,False,None,0,0,0
3659,2025,2025,1,1,,,1,,0,True,True,0,3,,0.0,0,0,0.0,0,0,1,0,1,1,1,0,0,0,3659.0,Guiying Wang,,Guiying Wang,0.0,0.0,0.0,0.0,0.125,0.0,0.0,0.0,0.0,0.2,0.125,0.0,0.0,0.0,0.0325,1451.0,False,False,None,0,0,0
3677,2027,2027,1,1,,,1,,0,True,True,0,3,,0.0,0,0,0.0,0,0,1,0,1,1,1,0,0,0,3677.0,Yan Guo,,Yan Guo,0.0,0.0,0.0,0.0,0.125,0.0,0.0,0.0,0.0,0.2,0.125,0.0,0.0,0.0,0.0325,1451.0,False,False,None,0,0,0
3678,2027,2029,2,2,,,2,,2,True,True,0,4,,0.0,0,0,2.5,0,0,2,0,2,1,1,1,1,2,3678.0,Jun Shao,,Jun Shao,0.0,0.25,0.0875,0.0,0.1666666666666666,0.0,0.0,0.0,0.3333333333333333,0.4,0.125,0.0,0.0,0.0875,0.0804,360.0,False,False,None,0,0,0
3679,2027,2029,2,2,,,2,,2,True,True,0,4,,0.0,0,0,2.5,0,0,3,0,3,1,1,0,0,0,3679.0,Gang Hao,,Gang Hao,0.0,0.25,0.0875,0.0,0.1666666666666666,0.0,0.0,0.0,0.3333333333333333,0.6000000000000001,0.125,0.0,0.0,0.0875,0.0904,285.0,False,False,None,0,0,0
3681,2027,2029,2,2,,,2,,2,True,True,0,4,,0.0,0,0,2.5,0,0,2,0,2,1,1,1,1,2,3681.0,Guiying Xia,,Guiying Xia,0.0,0.25,0.0875,0.0,0.1666666666666666,0.0,0.0,0.0,0.3333333333333333,0.4,0.125,0.0,0.0,0.0875,0.0804,360.0,False,False,None,0,0,0
3684,2029,2029,1,1,,,1,,0,True,True,0,1,,0.0,1,0,0.0,0,0,1,0,1,0,1,0,0,0,3684.0,Xiuying Yao,Mirrored Silence,Mirrored Silence,0.0,0.0,0.0,0.0,0.0416666666666666,0.1428571428571428,0.0,0.0,0.0,0.2,0.0,0.0,0.0,0.0,0.033,1390.0,False,False,None,0,0,0
3685,2029,2029,1,1,,,1,,0,True,True,0,1,,0.0,1,0,0.0,0,0,1,0,1,0,1,0,0,0,3685.0,Min Yu,,Min Yu,0.0,0.0,0.0,0.0,0.0416666666666666,0.1428571428571428,0.0,0.0,0.0,0.2,0.0,0.0,0.0,0.0,0.033,1390.0,False,False,None,0,0,0
3686,2029,2030,3,3,,,3,,1,True,True,1,6,,0.0,0,0,2.0,0,0,3,0,3,2,2,0,0,0,3686.0,Xia Chen,,Xia Chen,0.0,0.2,0.07,0.0833333333333333,0.25,0.0,0.0,0.0,0.6666666666666667,0.6000000000000001,0.25,0.5,0.0,0.0699999999999999,0.157,68.0,False,False,None,0,0,0
3735,2030,2030,1,1,,,1,,0,True,True,1,3,,0.0,0,0,0.0,0,0,2,0,2,0,1,0,0,0,3735.0,Qiang Zheng,,Qiang Zheng,0.0,0.0,0.0,0.0833333333333333,0.125,0.0,0.0,0.0,0.0,0.4,0.0,0.0,0.0,0.0,0.0508,782.0,False,False,None,0,0,0
3736,2030,2030,1,1,,,1,,0,True,True,1,3,,0.0,0,0,0.0,0,0,2,0,2,0,1,0,0,0,3736.0,Fang Han,,Fang Han,0.0,0.0,0.0,0.0833333333333333,0.125,0.0,0.0,0.0,0.0,0.4,0.0,0.0,0.0,0.0,0.0508,782.0,False,False,None,0,0,0
3737,2030,2030,1,1,,,1,,0,True,True,1,3,,0.0,0,0,0.0,0,0,2,0,2,0,1,0,0,0,3737.0,Mary Boyd,,Mary Boyd,0.0,0.0,0.0,0.0833333333333333,0.125,0.0,0.0,0.0,0.0,0.4,0.0,0.0,0.0,0.0,0.0508,782.0,False,False,None,0,0,0
3738,2030,2030,1,1,,,1,,0,True,True,1,3,,0.0,0,0,0.0,0,0,2,0,2,0,1,0,0,0,3738.0,Gang Duan,,Gang Duan,0.0,0.0,0.0,0.0833333333333333,0.125,0.0,0.0,0.0,0.0,0.4,0.0,0.0,0.0,0.0,0.0508,782.0,False,False,None,0,0,0
3739,2030,2030,1,1,,,1,,0,True,True,1,3,,0.0,0,0,0.0,0,0,2,0,2,0,1,0,0,0,3739.0,Wei Long,,Wei Long,0.0,0.0,0.0,0.0833333333333333,0.125,0.0,0.0,0.0,0.0,0.4,0.0,0.0,0.0,0.0,0.0508,782.0,False,False,None,0,0,0
3751,2027,2029,3,2,,,3,,2,True,True,0,14,,0.0,2,0,2.0,0,0,1,1,2,2,1,0,1,1,3751.0,Imelda Zaguri,YUNG DUSK,YUNG DUSK,0.0,0.2,0.07,0.0,0.5833333333333333,0.2857142857142857,0.0,0.0,0.6666666666666667,0.4,0.25,0.0,0.0,0.0699999999999999,0.1996,29.0,True,False,Sawyer and the Frontiers,1,0,1
3752,2027,2029,3,2,,,3,,2,True,True,0,14,,0.0,2,0,2.0,0,0,1,1,2,2,2,0,1,1,3752.0,Nanni Telesio,,Nanni Telesio,0.0,0.2,0.07,0.0,0.5833333333333333,0.2857142857142857,0.0,0.0,0.6666666666666667,0.4,0.25,0.5,0.0,0.0699999999999999,0.2146,25.0,True,False,Sawyer and the Frontiers,1,0,1
3757,2028,2028,1,1,,,1,,0,True,True,0,1,,0.0,0,0,0.0,1,0,1,0,1,0,1,0,0,0,3757.0,Klaus-Werner Gierschner,,Klaus-Werner Gierschner,0.0,0.0,0.0,0.0,0.0416666666666666,0.0,1.0,0.0,0.0,0.2,0.0,0.0,0.0,0.0,0.0958,250.0,False,False,None,0,0,0
3774,2026,2030,2,2,2026.0,2026.0,2,0.0,4,True,True,1,2,14.0,0.0,1,0,0.25,0,0,1,0,1,2,2,0,0,0,3774.0,Jun Yin,,Jun Yin,0.0,0.025,0.0087,0.0833333333333333,0.0833333333333333,0.1428571428571428,0.0,0.0,0.3333333333333333,0.2,0.25,0.5,0.0,0.0087499999999999,0.1014,211.0,True,False,Spirit & Rhythm,0,0,0
3788,2029,2029,1,0,,,1,,0,True,True,0,2,,0.0,0,0,0.0,0,0,2,0,2,0,1,0,0,0,3788.0,Jie Cao,,Jie Cao,0.0,0.0,0.0,0.0,0.0833333333333333,0.0,0.0,0.0,0.0,0.4,0.0,0.0,0.0,0.0,0.0317,1503.0,False,False,None,0,0,0
3789,2029,2029,1,0,,,1,,0,True,True,0,2,,0.0,0,0,0.0,0,0,2,0,2,0,1,0,0,0,3789.0,Xia Yuan,,Xia Yuan,0.0,0.0,0.0,0.0,0.0833333333333333,0.0,0.0,0.0,0.0,0.4,0.0,0.0,0.0,0.0,0.0317,1503.0,False,False,None,0,0,0
3790,2029,2029,1,0,,,1,,0,True,True,0,2,,0.0,0,0,0.0,0,0,2,0,2,0,1,0,0,0,3790.0,Chao Chang,,Chao Chang,0.0,0.0,0.0,0.0,0.0833333333333333,0.0,0.0,0.0,0.0,0.4,0.0,0.0,0.0,0.0,0.0317,1503.0,False,False,None,0,0,0
3791,2029,2029,1,0,,,1,,0,True,True,0,2,,0.0,0,0,0.0,0,0,2,0,2,0,2,0,0,0,3791.0,Lei Hao,,Lei Hao,0.0,0.0,0.0,0.0,0.0833333333333333,0.0,0.0,0.0,0.0,0.4,0.0,0.5,0.0,0.0,0.0467,928.0,False,False,None,0,0,0
3792,2029,2029,1,0,,,1,,0,True,True,0,2,,0.0,0,0,0.0,0,0,2,0,2,0,1,0,0,0,3792.0,Yong Shao,,Yong Shao,0.0,0.0,0.0,0.0,0.0833333333333333,0.0,0.0,0.0,0.0,0.4,0.0,0.0,0.0,0.0,0.0317,1503.0,False,False,None,0,0,0
3808,2026,2026,1,1,,,1,,0,True,True,0,2,,0.0,0,0,0.0,0,0,1,0,1,1,1,0,0,0,3808.0,Tao Zheng,,Tao Zheng,0.0,0.0,0.0,0.0,0.0833333333333333,0.0,0.0,0.0,0.0,0.2,0.125,0.0,0.0,0.0,0.0267,1762.0,False,False,None,0,0,0
3809,2026,2026,1,1,,,1,,0,True,True,0,2,,0.0,0,0,0.0,0,0,1,0,1,1,1,0,0,0,3809.0,Yan Yan,,Yan Yan,0.0,0.0,0.0,0.0,0.0833333333333333,0.0,0.0,0.0,0.0,0.2,0.125,0.0,0.0,0.0,0.0267,1762.0,False,False,None,0,0,0
3810,2026,2026,1,1,,,1,,0,True,True,0,2,,0.0,0,0,0.0,0,0,1,0,1,1,1,0,0,0,3810.0,Ping Meng,,Ping Meng,0.0,0.0,0.0,0.0,0.0833333333333333,0.0,0.0,0.0,0.0,0.2,0.125,0.0,0.0,0.0,0.0267,1762.0,False,False,None,0,0,0
3811,2026,2026,1,1,,,1,,0,True,True,0,2,,0.0,0,0,0.0,0,0,1,0,1,1,1,0,0,0,3811.0,Xiuying Liu,,Xiuying Liu,0.0,0.0,0.0,0.0,0.0833333333333333,0.0,0.0,0.0,0.0,0.2,0.125,0.0,0.0,0.0,0.0267,1762.0,False,False,None,0,0,0
3814,2029,2029,1,1,,,1,,0,True,True,0,1,,0.0,0,0,0.0,0,0,1,0,1,1,1,0,0,0,3814.0,Qiang Feng, The Ghost, The Ghost,0.0,0.0,0.0,0.0,0.0416666666666666,0.0,0.0,0.0,0.0,0.2,0.125,0.0,0.0,0.0,0.0208,2090.0,False,False,None,0,0,0
3815,2029,2029,1,1,,,1,,0,True,True,0,1,,0.0,0,0,0.0,0,0,1,0,1,1,1,0,0,0,3815.0,Brittney Rivera,,Brittney Rivera,0.0,0.0,0.0,0.0,0.0416666666666666,0.0,0.0,0.0,0.0,0.2,0.125,0.0,0.0,0.0,0.0208,2090.0,False,False,None,0,0,0
3816,2029,2029,1,1,,,1,,0,True,True,0,1,,0.0,0,0,0.0,0,0,1,0,1,1,2,0,0,0,3816.0,Daniel Kent,,Daniel Kent,0.0,0.0,0.0,0.0,0.0416666666666666,0.0,0.0,0.0,0.0,0.2,0.125,0.5,0.0,0.0,0.0358,1318.0,False,False,None,0,0,0
3818,2029,2029,1,1,,,1,,0,True,True,0,1,,0.0,0,0,0.0,0,0,1,0,1,1,1,0,0,0,3818.0,Qiang Peng,,Qiang Peng,0.0,0.0,0.0,0.0,0.0416666666666666,0.0,0.0,0.0,0.0,0.2,0.125,0.0,0.0,0.0,0.0208,2090.0,False,False,None,0,0,0
3829,2025,2025,1,1,,,1,,0,True,True,0,1,,0.0,2,0,0.0,0,0,2,0,2,0,1,1,1,2,3829.0,Li Zou,,Li Zou,0.0,0.0,0.0,0.0,0.0416666666666666,0.2857142857142857,0.0,0.0,0.0,0.4,0.0,0.0,0.0,0.0,0.0601,607.0,False,False,None,0,0,0
3831,2025,2025,1,1,,,1,,0,True,True,0,1,,0.0,2,0,0.0,0,0,2,0,2,0,2,1,1,2,3831.0,Chao Tang,,Chao Tang,0.0,0.0,0.0,0.0,0.0416666666666666,0.2857142857142857,0.0,0.0,0.0,0.4,0.0,0.5,0.0,0.0,0.0751,403.0,False,False,None,0,0,0
3832,2025,2025,1,1,,,1,,0,True,True,0,1,,0.0,2,0,0.0,0,0,2,0,2,0,1,1,1,2,3832.0,Gang Yin,,Gang Yin,0.0,0.0,0.0,0.0,0.0416666666666666,0.2857142857142857,0.0,0.0,0.0,0.4,0.0,0.0,0.0,0.0,0.0601,607.0,False,False,None,0,0,0
3834,2025,2025,1,1,,,1,,0,True,True,0,1,,0.0,2,0,0.0,0,0,2,0,2,0,1,1,1,2,3834.0,Gang Zhang,,Gang Zhang,0.0,0.0,0.0,0.0,0.0416666666666666,0.2857142857142857,0.0,0.0,0.0,0.4,0.0,0.0,0.0,0.0,0.0601,607.0,False,False,None,0,0,0
3835,2025,2029,3,3,,,2,,4,True,True,0,4,,0.0,3,0,1.5769,0,0,5,0,5,0,1,1,1,2,3835.0,Tao Lei,,Tao Lei,0.0,0.1576923076923077,0.0552,0.0,0.1666666666666666,0.4285714285714285,0.0,0.0,0.3333333333333333,1.0,0.0,0.0,0.0,0.0551923076923076,0.1536,74.0,False,False,None,0,0,0
3836,2025,2025,1,1,,,1,,0,True,True,0,1,,0.0,2,0,0.0,0,0,2,0,2,0,1,1,1,2,3836.0,Na Zou,,Na Zou,0.0,0.0,0.0,0.0,0.0416666666666666,0.2857142857142857,0.0,0.0,0.0,0.4,0.0,0.0,0.0,0.0,0.0601,607.0,False,False,None,0,0,0
3840,2027,2027,1,1,,,1,,0,True,True,0,2,,0.0,2,0,0.0,0,0,1,0,1,1,1,0,0,0,3840.0,Qiang Feng,,Qiang Feng,0.0,0.0,0.0,0.0,0.0833333333333333,0.2857142857142857,0.0,0.0,0.0,0.2,0.125,0.0,0.0,0.0,0.061,596.0,False,False,None,0,0,0
3842,2027,2027,1,1,,,1,,0,True,True,0,2,,0.0,2,0,0.0,0,0,1,0,1,1,1,0,0,0,3842.0,Na Shen,,Na Shen,0.0,0.0,0.0,0.0,0.0833333333333333,0.2857142857142857,0.0,0.0,0.0,0.2,0.125,0.0,0.0,0.0,0.061,596.0,False,False,None,0,0,0
3868,2028,2028,2,2,,,1,,0,True,True,0,7,,0.0,2,0,0.0,0,0,1,0,1,2,2,0,0,0,3868.0,Xiulan Lu,,Xiulan Lu,0.0,0.0,0.0,0.0,0.2916666666666666,0.2857142857142857,0.0,0.0,0.0,0.2,0.25,0.5,0.0,0.0,0.1101,174.0,False,False,None,0,0,0
3878,2026,2026,1,1,,,1,,0,True,True,0,2,,0.0,0,0,0.0,0,0,1,0,1,0,1,0,0,0,3878.0,Li Wang,,Li Wang,0.0,0.0,0.0,0.0,0.0833333333333333,0.0,0.0,0.0,0.0,0.2,0.0,0.0,0.0,0.0,0.0217,1958.0,False,False,None,0,0,0
3899,2027,2027,1,1,,,1,,0,True,True,0,1,,0.0,0,0,0.0,0,0,0,0,0,0,2,0,0,0,3899.0,Tao Cai,,Tao Cai,0.0,0.0,0.0,0.0,0.0416666666666666,0.0,0.0,0.0,0.0,0.0,0.0,0.5,0.0,0.0,0.0208,2123.0,False,False,None,0,0,0
3900,2027,2027,1,1,,,1,,0,True,True,0,1,,0.0,0,0,0.0,0,0,0,0,0,0,1,0,0,0,3900.0,Yong Fu,,Yong Fu,0.0,0.0,0.0,0.0,0.0416666666666666,0.0,0.0,0.0,0.0,0.0,0.0,0.0,0.0,0.0,0.0058,2575.0,False,False,None,0,0,0
3902,2027,2027,1,1,,,1,,0,True,True,0,1,,0.0,0,0,0.0,0,0,0,0,0,0,1,0,0,0,3902.0,Juan Fu,,Juan Fu,0.0,0.0,0.0,0.0,0.0416666666666666,0.0,0.0,0.0,0.0,0.0,0.0,0.0,0.0,0.0,0.0058,2575.0,False,False,None,0,0,0
3915,2026,2029,2,2,2029.0,2029.0,2,3.0,3,True,True,0,2,11.0,0.0,1,0,1.3333,0,0,2,0,2,0,2,0,0,0,3915.0,Xiuying Deng,,Xiuying Deng,0.0,0.1333333333333333,0.0467,0.0,0.0833333333333333,0.1428571428571428,0.0,0.0,0.3333333333333333,0.4,0.0,0.5,0.0,0.0466666666666666,0.0918,277.0,False,False,None,0,0,0
3918,2026,2026,1,1,,,1,,0,True,True,0,2,,0.0,0,0,0.0,0,0,1,0,1,1,2,0,0,0,3918.0,Jacqueline Bowen, Vapor Saint, Vapor Saint,0.0,0.0,0.0,0.0,0.0833333333333333,0.0,0.0,0.0,0.0,0.2,0.125,0.5,0.0,0.0,0.0417,1088.0,False,False,None,0,0,0
3919,2026,2026,1,1,,,1,,0,True,True,0,2,,0.0,0,0,0.0,0,0,1,0,1,1,1,0,0,0,3919.0,Jason Miller,,Jason Miller,0.0,0.0,0.0,0.0,0.0833333333333333,0.0,0.0,0.0,0.0,0.2,0.125,0.0,0.0,0.0,0.0267,1762.0,False,False,None,0,0,0
3920,2026,2026,1,1,,,1,,0,True,True,0,2,,0.0,0,0,0.0,0,0,1,0,1,1,1,0,0,0,3920.0,William Diaz,,William Diaz,0.0,0.0,0.0,0.0,0.0833333333333333,0.0,0.0,0.0,0.0,0.2,0.125,0.0,0.0,0.0,0.0267,1762.0,False,False,None,0,0,0
3921,2026,2026,1,1,,,1,,0,True,True,0,2,,0.0,0,0,0.0,0,0,1,0,1,1,1,0,0,0,3921.0,Brooke Robinson,,Brooke Robinson,0.0,0.0,0.0,0.0,0.0833333333333333,0.0,0.0,0.0,0.0,0.2,0.125,0.0,0.0,0.0,0.0267,1762.0,False,False,None,0,0,0
3922,2026,2026,1,1,,,1,,0,True,True,0,2,,0.0,0,0,0.0,0,0,1,0,1,1,2,0,0,0,3922.0,Stephen Vazquez,,Stephen Vazquez,0.0,0.0,0.0,0.0,0.0833333333333333,0.0,0.0,0.0,0.0,0.2,0.125,0.5,0.0,0.0,0.0417,1088.0,False,False,None,0,0,0
3952,2026,2026,1,1,,,1,,0,True,True,0,1,,0.0,0,0,0.0,0,0,1,0,1,0,1,0,0,0,3952.0,Lei Lai,,Lei Lai,0.0,0.0,0.0,0.0,0.0416666666666666,0.0,0.0,0.0,0.0,0.2,0.0,0.0,0.0,0.0,0.0158,2169.0,False,False,None,0,0,0
3953,2026,2026,1,1,,,1,,0,True,True,0,1,,0.0,0,0,0.0,0,0,1,0,1,0,1,0,0,0,3953.0,Ping Dong,,Ping Dong,0.0,0.0,0.0,0.0,0.0416666666666666,0.0,0.0,0.0,0.0,0.2,0.0,0.0,0.0,0.0,0.0158,2169.0,False,False,None,0,0,0
3955,2026,2026,1,1,,,1,,0,True,True,0,1,,0.0,0,0,0.0,0,0,1,0,1,0,1,0,0,0,3955.0,Monica Blevins,,Monica Blevins,0.0,0.0,0.0,0.0,0.0416666666666666,0.0,0.0,0.0,0.0,0.2,0.0,0.0,0.0,0.0,0.0158,2169.0,False,False,None,0,0,0
3995,2025,2025,1,1,,,1,,0,True,True,0,0,,0.0,0,0,0.0,0,0,1,0,1,0,1,0,0,0,3995.0,Wei Yang,,Wei Yang,0.0,0.0,0.0,0.0,0.0,0.0,0.0,0.0,0.0,0.2,0.0,0.0,0.0,0.0,0.01,2522.0,False,False,None,0,0,0
3996,2025,2025,1,1,,,1,,0,True,True,0,0,,0.0,0,0,0.0,0,0,1,0,1,0,2,0,0,0,3996.0,Yang Pan,,Yang Pan,0.0,0.0,0.0,0.0,0.0,0.0,0.0,0.0,0.0,0.2,0.0,0.5,0.0,0.0,0.025,1899.0,False,False,None,0,0,0
3998,2027,2027,1,1,,,1,,0,True,True,0,1,,0.0,0,0,0.0,0,0,2,0,2,0,2,0,0,0,3998.0,Mark Nichols,,Mark Nichols,0.0,0.0,0.0,0.0,0.0416666666666666,0.0,0.0,0.0,0.0,0.4,0.0,0.5,0.0,0.0,0.0408,1116.0,False,False,None,0,0,0
3999,2025,2025,1,1,,,1,,0,True,True,0,0,,0.0,0,0,0.0,0,0,1,0,1,0,1,0,0,0,3999.0,Naoko Miura,,Naoko Miura,0.0,0.0,0.0,0.0,0.0,0.0,0.0,0.0,0.0,0.2,0.0,0.0,0.0,0.0,0.01,2522.0,False,False,None,0,0,0
4000,2025,2025,1,1,,,1,,0,True,True,0,0,,0.0,0,0,0.0,0,0,1,0,1,0,1,0,0,0,4000.0,Gang Shi,,Gang Shi,0.0,0.0,0.0,0.0,0.0,0.0,0.0,0.0,0.0,0.2,0.0,0.0,0.0,0.0,0.01,2522.0,False,False,None,0,0,0
4024,2026,2026,1,1,,,1,,0,True,True,0,2,,0.0,0,0,0.0,0,0,1,0,1,0,1,1,1,2,4024.0,Margherita Giammusso,,Margherita Giammusso,0.0,0.0,0.0,0.0,0.0833333333333333,0.0,0.0,0.0,0.0,0.2,0.0,0.0,0.0,0.0,0.0217,1958.0,False,False,None,0,0,0
4025,2026,2026,1,1,,,1,,0,True,True,0,2,,0.0,0,0,0.0,0,0,1,0,1,0,2,1,1,2,4025.0,Ida Vigliotti,,Ida Vigliotti,0.0,0.0,0.0,0.0,0.0833333333333333,0.0,0.0,0.0,0.0,0.2,0.0,0.5,0.0,0.0,0.0367,1265.0,False,False,None,0,0,0
4027,2026,2026,1,1,,,1,,0,True,True,0,2,,0.0,0,0,0.0,0,0,1,0,1,0,1,1,1,2,4027.0,Pina Garrone,,Pina Garrone,0.0,0.0,0.0,0.0,0.0833333333333333,0.0,0.0,0.0,0.0,0.2,0.0,0.0,0.0,0.0,0.0217,1958.0,False,False,None,0,0,0
4030,2027,2027,1,1,,,1,,0,True,True,0,2,,0.0,1,0,0.0,0,0,1,0,1,0,2,0,0,0,4030.0,Li He,,Li He,0.0,0.0,0.0,0.0,0.0833333333333333,0.1428571428571428,0.0,0.0,0.0,0.2,0.0,0.5,0.0,0.0,0.0538,740.0,False,False,None,0,0,0
4031,2027,2027,1,1,,,1,,0,True,True,0,2,,0.0,1,0,0.0,0,0,1,0,1,0,1,0,0,0,4031.0,Ping Fu,,Ping Fu,0.0,0.0,0.0,0.0,0.0833333333333333,0.1428571428571428,0.0,0.0,0.0,0.2,0.0,0.0,0.0,0.0,0.0388,1182.0,False,False,None,0,0,0
4035,2028,2030,2,2,,,1,,2,True,True,1,4,,0.0,1,0,1.0,0,0,1,0,1,0,2,0,0,0,4035.0,Fang Ren, Aria Snow, Aria Snow,0.0,0.1,0.035,0.0833333333333333,0.1666666666666666,0.1428571428571428,0.0,0.0,0.0,0.2,0.0,0.5,0.0,0.0349999999999999,0.0823,346.0,False,False,None,0,0,0
4037,2028,2030,2,2,,,1,,2,True,True,1,4,,0.0,1,0,1.0,0,0,1,0,1,0,1,0,0,0,4037.0,Juan Peng,,Juan Peng,0.0,0.1,0.035,0.0833333333333333,0.1666666666666666,0.1428571428571428,0.0,0.0,0.0,0.2,0.0,0.0,0.0,0.0349999999999999,0.0673,487.0,False,False,None,0,0,0
4052,2029,2029,1,1,,,1,,0,True,True,0,1,,0.0,0,0,0.0,0,0,1,0,1,0,1,0,0,0,4052.0,Xiulan Wan,,Xiulan Wan,0.0,0.0,0.0,0.0,0.0416666666666666,0.0,0.0,0.0,0.0,0.2,0.0,0.0,0.0,0.0,0.0158,2169.0,False,False,None,0,0,0
4054,2029,2029,1,1,,,1,,0,True,True,0,1,,0.0,0,0,0.0,0,0,1,0,1,0,1,0,0,0,4054.0,Chao Dai,,Chao Dai,0.0,0.0,0.0,0.0,0.0416666666666666,0.0,0.0,0.0,0.0,0.2,0.0,0.0,0.0,0.0,0.0158,2169.0,False,False,None,0,0,0
4056,2025,2025,1,1,,,1,,0,True,True,0,1,,0.0,2,0,0.0,0,0,1,0,1,0,1,0,0,0,4056.0,Lei Pan,,Lei Pan,0.0,0.0,0.0,0.0,0.0416666666666666,0.2857142857142857,0.0,0.0,0.0,0.2,0.0,0.0,0.0,0.0,0.0501,809.0,False,False,None,0,0,0
4108,2028,2028,1,1,,,1,,0,True,True,0,1,,0.0,0,0,0.0,0,0,1,0,1,0,2,0,0,0,4108.0,Tyler Watson,,Tyler Watson,0.0,0.0,0.0,0.0,0.0416666666666666,0.0,0.0,0.0,0.0,0.2,0.0,0.5,0.0,0.0,0.0308,1542.0,False,False,None,0,0,0
4109,2028,2028,1,1,,,1,,0,True,True,0,1,,0.0,0,0,0.0,0,0,1,0,1,0,1,0,0,0,4109.0,Jason Green,,Jason Green,0.0,0.0,0.0,0.0,0.0416666666666666,0.0,0.0,0.0,0.0,0.2,0.0,0.0,0.0,0.0,0.0158,2169.0,False,False,None,0,0,0
4110,2028,2028,1,1,,,1,,0,True,True,0,1,,0.0,0,0,0.0,0,0,1,0,1,0,1,0,0,0,4110.0,Christina Dalton,,Christina Dalton,0.0,0.0,0.0,0.0,0.0416666666666666,0.0,0.0,0.0,0.0,0.2,0.0,0.0,0.0,0.0,0.0158,2169.0,False,False,None,0,0,0
4113,2029,2029,1,1,,,1,,0,True,True,0,5,,0.0,0,0,0.0,0,0,2,0,2,1,1,0,0,0,4113.0,Ping Song,,Ping Song,0.0,0.0,0.0,0.0,0.2083333333333333,0.0,0.0,0.0,0.0,0.4,0.125,0.0,0.0,0.0,0.0542,722.0,False,False,None,0,0,0
4114,2029,2029,1,1,,,1,,0,True,True,0,5,,0.0,0,0,0.0,0,0,2,0,2,1,1,0,0,0,4114.0,Juan Xia,,Juan Xia,0.0,0.0,0.0,0.0,0.2083333333333333,0.0,0.0,0.0,0.0,0.4,0.125,0.0,0.0,0.0,0.0542,722.0,False,False,None,0,0,0
4142,2026,2026,1,1,,,1,,0,True,True,0,3,,0.0,3,0,0.0,0,0,1,0,1,1,2,0,0,0,4142.0,Angelica Reid,,Angelica Reid,0.0,0.0,0.0,0.0,0.125,0.4285714285714285,0.0,0.0,0.0,0.2,0.125,0.5,0.0,0.0,0.0989,232.0,False,False,None,0,0,0
4143,2026,2026,1,1,,,1,,0,True,True,0,3,,0.0,3,0,0.0,0,0,1,0,1,1,2,0,0,0,4143.0,Ping Du,,Ping Du,0.0,0.0,0.0,0.0,0.125,0.4285714285714285,0.0,0.0,0.0,0.2,0.125,0.5,0.0,0.0,0.0989,232.0,False,False,None,0,0,0
4146,2026,2026,1,1,,,1,,0,True,True,0,3,,0.0,3,0,0.0,0,0,1,0,1,1,1,0,0,0,4146.0,Yong Zeng,,Yong Zeng,0.0,0.0,0.0,0.0,0.125,0.4285714285714285,0.0,0.0,0.0,0.2,0.125,0.0,0.0,0.0,0.0839,327.0,True,True,Fallen Cherubs,9,6,3
4150,2029,2029,1,1,2029.0,2029.0,1,0.0,0,True,True,0,1,11.0,0.0,0,0,0.0,0,0,1,0,1,0,1,0,0,0,4150.0,Laurie Anderson,,Laurie Anderson,0.0,0.0,0.0,0.0,0.0416666666666666,0.0,0.0,0.0,0.0,0.2,0.0,0.0,0.0,0.0,0.0158,2169.0,False,False,None,0,0,0
4152,2027,2027,1,1,,,1,,0,True,True,0,1,,0.0,1,0,0.0,0,0,1,0,1,0,1,0,0,0,4152.0,Jared Snow,,Jared Snow,0.0,0.0,0.0,0.0,0.0416666666666666,0.1428571428571428,0.0,0.0,0.0,0.2,0.0,0.0,0.0,0.0,0.033,1390.0,False,False,None,0,0,0
4153,2027,2027,1,1,,,1,,0,True,True,0,1,,0.0,1,0,0.0,0,0,1,0,1,0,1,0,0,0,4153.0,Yang Qiao,,Yang Qiao,0.0,0.0,0.0,0.0,0.0416666666666666,0.1428571428571428,0.0,0.0,0.0,0.2,0.0,0.0,0.0,0.0,0.033,1390.0,False,False,None,0,0,0
4154,2027,2027,2,2,,,2,,0,True,True,0,1,,0.0,1,0,0.0,0,0,2,0,2,0,2,0,0,0,4154.0,Xiuying Long,,Xiuying Long,0.0,0.0,0.0,0.0,0.0416666666666666,0.1428571428571428,0.0,0.0,0.3333333333333333,0.4,0.0,0.5,0.0,0.0,0.0813,351.0,False,False,None,0,0,0
4170,2030,2030,1,1,,,1,,0,True,True,1,1,,0.0,0,0,0.0,0,0,1,0,1,0,2,0,0,0,4170.0,Na Zhu,,Na Zhu,0.0,0.0,0.0,0.0833333333333333,0.0416666666666666,0.0,0.0,0.0,0.0,0.2,0.0,0.5,0.0,0.0,0.0442,987.0,False,False,None,0,0,0
4195,2026,2026,1,1,,,1,,0,True,True,0,3,,0.0,0,0,0.0,0,0,1,0,1,0,2,0,0,0,4195.0,Holly Garcia,,Holly Garcia,0.0,0.0,0.0,0.0,0.125,0.0,0.0,0.0,0.0,0.2,0.0,0.5,0.0,0.0,0.0425,1060.0,False,False,None,0,0,0
4197,2026,2026,1,1,,,1,,0,True,True,0,3,,0.0,0,0,0.0,0,0,1,0,1,0,1,0,0,0,4197.0,Na Gu,,Na Gu,0.0,0.0,0.0,0.0,0.125,0.0,0.0,0.0,0.0,0.2,0.0,0.0,0.0,0.0,0.0275,1672.0,False,False,None,0,0,0
4198,2026,2026,1,1,,,1,,0,True,True,0,3,,0.0,0,0,0.0,0,0,1,0,1,0,1,0,0,0,4198.0,David Moore,,David Moore,0.0,0.0,0.0,0.0,0.125,0.0,0.0,0.0,0.0,0.2,0.0,0.0,0.0,0.0,0.0275,1672.0,False,False,None,0,0,0
4199,2026,2026,1,1,,,1,,0,True,True,0,3,,0.0,0,0,0.0,0,0,1,0,1,0,1,0,0,0,4199.0,Jun Shao,,Jun Shao,0.0,0.0,0.0,0.0,0.125,0.0,0.0,0.0,0.0,0.2,0.0,0.0,0.0,0.0,0.0275,1672.0,False,False,None,0,0,0
4200,2026,2026,1,1,,,1,,0,True,True,0,3,,0.0,0,0,0.0,0,0,1,0,1,0,1,0,0,0,4200.0,Jeremy Watkins,,Jeremy Watkins,0.0,0.0,0.0,0.0,0.125,0.0,0.0,0.0,0.0,0.2,0.0,0.0,0.0,0.0,0.0275,1672.0,False,False,None,0,0,0
4201,2026,2026,2,2,,,2,,0,True,True,0,6,,0.0,0,0,0.0,0,0,2,0,2,0,1,0,0,0,4201.0,Na Hao,,Na Hao,0.0,0.0,0.0,0.0,0.25,0.0,0.0,0.0,0.3333333333333333,0.4,0.0,0.0,0.0,0.0,0.0783,376.0,False,False,None,0,0,0
4202,2026,2026,1,1,,,1,,0,True,True,0,3,,0.0,0,0,0.0,0,0,1,0,1,0,1,0,0,0,4202.0,Candice Avila,,Candice Avila,0.0,0.0,0.0,0.0,0.125,0.0,0.0,0.0,0.0,0.2,0.0,0.0,0.0,0.0,0.0275,1672.0,False,False,None,0,0,0
4203,2026,2026,1,1,,,1,,0,True,True,0,3,,0.0,0,0,0.0,0,0,1,0,1,0,1,0,0,0,4203.0,Tao Yu,,Tao Yu,0.0,0.0,0.0,0.0,0.125,0.0,0.0,0.0,0.0,0.2,0.0,0.0,0.0,0.0,0.0275,1672.0,False,False,None,0,0,0
4240,2026,2026,1,1,2026.0,2026.0,1,0.0,0,True,True,0,2,14.0,0.0,0,0,0.0,0,0,1,0,1,1,1,0,0,0,4240.0,Frau Melissa Neuschäfer, Grace, Grace,0.0,0.0,0.0,0.0,0.0833333333333333,0.0,0.0,0.0,0.0,0.2,0.125,0.0,0.0,0.0,0.0267,1762.0,False,False,None,0,0,0
4241,2026,2026,2,2,2026.0,2026.0,2,0.0,0,True,True,0,3,14.0,0.0,0,0,0.0,0,0,1,0,1,2,1,0,0,0,4241.0,Margrit Stiffel,,Margrit Stiffel,0.0,0.0,0.0,0.0,0.125,0.0,0.0,0.0,0.3333333333333333,0.2,0.25,0.0,0.0,0.0,0.0608,599.0,False,False,None,0,0,0
4242,2026,2026,2,2,2026.0,2026.0,2,0.0,0,True,True,0,3,14.0,0.0,0,0,0.0,0,0,1,0,1,2,2,0,0,0,4242.0,Gerold Mangold,,Gerold Mangold,0.0,0.0,0.0,0.0,0.125,0.0,0.0,0.0,0.3333333333333333,0.2,0.25,0.5,0.0,0.0,0.0758,401.0,False,False,None,0,0,0
4244,2025,2027,2,2,,,1,,2,True,True,0,3,,0.0,0,0,1.5,0,0,1,0,1,0,1,0,0,0,4244.0,Lei Bai,,Lei Bai,0.0,0.15,0.0525,0.0,0.125,0.0,0.0,0.0,0.0,0.2,0.0,0.0,0.0,0.0525,0.0328,1448.0,False,False,None,0,0,0
4245,2025,2027,2,2,,,1,,2,True,True,0,3,,0.0,0,0,1.5,0,0,1,0,1,0,1,0,0,0,4245.0,Ping Zhou,,Ping Zhou,0.0,0.15,0.0525,0.0,0.125,0.0,0.0,0.0,0.0,0.2,0.0,0.0,0.0,0.0525,0.0328,1448.0,False,False,None,0,0,0
4246,2025,2027,2,2,,,1,,2,True,True,0,3,,0.0,0,0,1.5,0,0,1,0,1,0,1,0,0,0,4246.0,Juan Mo,,Juan Mo,0.0,0.15,0.0525,0.0,0.125,0.0,0.0,0.0,0.0,0.2,0.0,0.0,0.0,0.0525,0.0328,1448.0,False,False,None,0,0,0
4248,2025,2025,1,1,,,1,,0,True,True,0,1,,0.0,0,0,0.0,0,0,1,0,1,0,2,0,0,0,4248.0,Ming Mao,,Ming Mao,0.0,0.0,0.0,0.0,0.0416666666666666,0.0,0.0,0.0,0.0,0.2,0.0,0.5,0.0,0.0,0.0308,1542.0,False,False,None,0,0,0
4262,2029,2029,1,1,,,1,,0,True,True,0,2,,0.0,0,0,0.0,0,0,0,0,0,1,1,0,0,0,4262.0,Jacob Orr, Silver Crane, Silver Crane,0.0,0.0,0.0,0.0,0.0833333333333333,0.0,0.0,0.0,0.0,0.0,0.125,0.0,0.0,0.0,0.0167,2153.0,False,False,None,0,0,0
4263,2029,2029,1,1,,,1,,0,True,True,0,2,,0.0,0,0,0.0,0,0,0,0,0,1,1,0,0,0,4263.0,Amy Conway,,Amy Conway,0.0,0.0,0.0,0.0,0.0833333333333333,0.0,0.0,0.0,0.0,0.0,0.125,0.0,0.0,0.0,0.0167,2153.0,False,False,None,0,0,0
4264,2029,2029,1,1,,,1,,0,True,True,0,2,,0.0,0,0,0.0,0,0,0,0,0,1,1,0,0,0,4264.0,Kelly Jackson,,Kelly Jackson,0.0,0.0,0.0,0.0,0.0833333333333333,0.0,0.0,0.0,0.0,0.0,0.125,0.0,0.0,0.0,0.0167,2153.0,False,False,None,0,0,0
4265,2029,2029,1,1,,,1,,0,True,True,0,2,,0.0,0,0,0.0,0,0,0,0,0,1,1,0,0,0,4265.0,Christopher Jones,,Christopher Jones,0.0,0.0,0.0,0.0,0.0833333333333333,0.0,0.0,0.0,0.0,0.0,0.125,0.0,0.0,0.0,0.0167,2153.0,False,False,None,0,0,0
4266,2029,2029,1,1,,,1,,0,True,True,0,2,,0.0,0,0,0.0,0,0,0,0,0,1,2,0,0,0,4266.0,Daniel Johnson,,Daniel Johnson,0.0,0.0,0.0,0.0,0.0833333333333333,0.0,0.0,0.0,0.0,0.0,0.125,0.5,0.0,0.0,0.0317,1531.0,False,False,None,0,0,0
4267,2029,2029,1,1,,,1,,0,True,True,0,2,,0.0,0,0,0.0,0,0,0,0,0,1,1,0,0,0,4267.0,Mary Lewis,,Mary Lewis,0.0,0.0,0.0,0.0,0.0833333333333333,0.0,0.0,0.0,0.0,0.0,0.125,0.0,0.0,0.0,0.0167,2153.0,False,False,None,0,0,0
4268,2029,2029,1,1,,,1,,0,True,True,0,2,,0.0,0,0,0.0,0,0,0,0,0,1,1,0,0,0,4268.0,Ashley Logan,,Ashley Logan,0.0,0.0,0.0,0.0,0.0833333333333333,0.0,0.0,0.0,0.0,0.0,0.125,0.0,0.0,0.0,0.0167,2153.0,False,False,None,0,0,0
4274,2026,2026,1,0,,,1,,0,True,True,0,1,,0.0,0,0,0.0,0,0,1,0,1,0,1,0,0,0,4274.0,Indrans Vyas,,Indrans Vyas,0.0,0.0,0.0,0.0,0.0416666666666666,0.0,0.0,0.0,0.0,0.2,0.0,0.0,0.0,0.0,0.0158,2169.0,False,False,None,0,0,0
4275,2026,2026,1,0,,,1,,0,True,True,0,1,,0.0,0,0,0.0,0,0,1,0,1,0,1,0,0,0,4275.0,Gokul Kapur,,Gokul Kapur,0.0,0.0,0.0,0.0,0.0416666666666666,0.0,0.0,0.0,0.0,0.2,0.0,0.0,0.0,0.0,0.0158,2169.0,False,False,None,0,0,0
4276,2026,2026,1,0,,,1,,0,True,True,0,1,,0.0,0,0,0.0,0,0,1,0,1,0,1,0,0,0,4276.0,Saira Kala,,Saira Kala,0.0,0.0,0.0,0.0,0.0416666666666666,0.0,0.0,0.0,0.0,0.2,0.0,0.0,0.0,0.0,0.0158,2169.0,False,False,None,0,0,0
4277,2026,2026,1,0,,,1,,0,True,True,0,1,,0.0,0,0,0.0,0,0,1,0,1,0,1,0,0,0,4277.0,Riaan Kalla,,Riaan Kalla,0.0,0.0,0.0,0.0,0.0416666666666666,0.0,0.0,0.0,0.0,0.2,0.0,0.0,0.0,0.0,0.0158,2169.0,False,False,None,0,0,0
4278,2026,2026,1,0,,,1,,0,True,True,0,1,,0.0,0,0,0.0,0,0,1,0,1,0,2,0,0,0,4278.0,Dishani Sundaram,,Dishani Sundaram,0.0,0.0,0.0,0.0,0.0416666666666666,0.0,0.0,0.0,0.0,0.2,0.0,0.5,0.0,0.0,0.0308,1542.0,False,False,None,0,0,0
4302,2030,2030,1,0,,,1,,0,True,True,0,6,,0.0,0,0,0.0,0,0,1,0,1,0,1,0,5,5,4302.0,Guiying Tao,,Guiying Tao,0.0,0.0,0.0,0.0,0.25,0.0,0.0,0.0,0.0,0.2,0.0,0.0,0.0,0.0,0.045,952.0,False,False,None,0,0,0
4303,2030,2030,1,0,,,1,,0,True,True,0,6,,0.0,0,0,0.0,0,0,1,0,1,0,1,0,5,5,4303.0,Xiuying Cai,,Xiuying Cai,0.0,0.0,0.0,0.0,0.25,0.0,0.0,0.0,0.0,0.2,0.0,0.0,0.0,0.0,0.045,952.0,False,False,None,0,0,0
4304,2030,2030,1,0,,,1,,0,True,True,0,6,,0.0,0,0,0.0,0,0,1,0,1,0,2,0,5,5,4304.0,Jun Liu,,Jun Liu,0.0,0.0,0.0,0.0,0.25,0.0,0.0,0.0,0.0,0.2,0.0,0.5,0.0,0.0,0.06,616.0,False,False,None,0,0,0
4329,2026,2026,1,1,,,1,,0,True,True,0,1,,0.0,0,0,0.0,0,0,0,0,0,0,1,0,0,0,4329.0,Ming Dai,,Ming Dai,0.0,0.0,0.0,0.0,0.0416666666666666,0.0,0.0,0.0,0.0,0.0,0.0,0.0,0.0,0.0,0.0058,2575.0,False,False,None,0,0,0
4333,2028,2028,1,1,2028.0,2028.0,1,0.0,0,True,True,0,1,12.0,0.0,0,0,0.0,0,0,1,0,1,0,3,0,0,0,4333.0,Klara Bisaga,,Klara Bisaga,0.0,0.0,0.0,0.0,0.0416666666666666,0.0,0.0,0.0,0.0,0.2,0.0,1.0,0.0,0.0,0.0458,940.0,False,False,None,0,0,0
4340,2029,2029,1,1,,,1,,0,True,True,0,2,,0.0,0,0,0.0,0,0,1,0,1,0,1,0,0,0,4340.0,Richard Kaiser,,Richard Kaiser,0.0,0.0,0.0,0.0,0.0833333333333333,0.0,0.0,0.0,0.0,0.2,0.0,0.0,0.0,0.0,0.0217,1958.0,False,False,None,0,0,0
4353,2028,2028,1,1,,,1,,0,True,True,0,1,,0.0,0,0,0.0,0,0,2,0,2,0,1,1,0,1,4353.0,Yang Mo,,Yang Mo,0.0,0.0,0.0,0.0,0.0416666666666666,0.0,0.0,0.0,0.0,0.4,0.0,0.0,0.0,0.0,0.0258,1822.0,False,False,None,0,0,0
4354,2028,2029,2,2,,,2,,1,True,True,0,5,,0.0,1,0,4.0,0,0,2,0,2,1,2,1,2,3,4354.0,Ping Wu,,Ping Wu,0.0,0.4,0.14,0.0,0.2083333333333333,0.1428571428571428,0.0,0.0,0.3333333333333333,0.4,0.125,0.5,0.0,0.1399999999999999,0.1236,123.0,False,False,None,0,0,0
4369,2029,2029,1,1,2029.0,2029.0,1,0.0,0,True,True,0,5,11.0,0.0,0,0,0.0,0,0,1,0,1,3,1,0,0,0,4369.0,Manuel Morrison,,Manuel Morrison,0.0,0.0,0.0,0.0,0.2083333333333333,0.0,0.0,0.0,0.0,0.2,0.375,0.0,0.0,0.0,0.0542,722.0,False,False,None,0,0,0
4371,2029,2029,1,1,2029.0,2029.0,1,0.0,0,True,True,0,5,11.0,0.0,0,0,0.0,0,0,1,0,1,3,2,0,0,0,4371.0,Nancy Myers,,Nancy Myers,0.0,0.0,0.0,0.0,0.2083333333333333,0.0,0.0,0.0,0.0,0.2,0.375,0.5,0.0,0.0,0.0692,473.0,False,False,None,0,0,0
4396,2029,2029,1,1,2029.0,2029.0,1,0.0,0,True,True,0,2,11.0,0.0,3,0,0.0,0,0,1,0,1,0,1,1,2,3,4396.0,Tao Yin,,Tao Yin,0.0,0.0,0.0,0.0,0.0833333333333333,0.4285714285714285,0.0,0.0,0.0,0.2,0.0,0.0,0.0,0.0,0.0731,422.0,False,False,None,0,0,0
4397,2025,2030,2,2,,,1,,5,True,True,1,7,,0.0,3,0,0.8,0,0,2,1,3,0,1,0,6,6,4397.0,Lei Shen,,Lei Shen,0.0,0.08,0.028,0.0833333333333333,0.2916666666666666,0.4285714285714285,0.0,0.0,0.0,0.6000000000000001,0.0,0.0,0.0,0.028,0.1384,91.0,True,False,Cosmic Drift,6,3,3
4398,2029,2029,1,1,2029.0,2029.0,1,0.0,0,True,True,0,2,11.0,0.0,3,0,0.0,0,0,1,0,1,0,2,1,2,3,4398.0,Na Ren,,Na Ren,0.0,0.0,0.0,0.0,0.0833333333333333,0.4285714285714285,0.0,0.0,0.0,0.2,0.0,0.5,0.0,0.0,0.0881,311.0,False,False,None,0,0,0
4422,2026,2026,1,1,,,1,,0,True,True,0,2,,0.0,0,0,0.0,0,0,1,0,1,0,1,0,0,0,4422.0,Lei Cao,,Lei Cao,0.0,0.0,0.0,0.0,0.0833333333333333,0.0,0.0,0.0,0.0,0.2,0.0,0.0,0.0,0.0,0.0217,1958.0,False,False,None,0,0,0
4423,2026,2029,2,2,,,2,,3,True,True,0,7,,0.0,1,0,1.3333,0,0,1,0,1,1,1,0,0,0,4423.0,Fang Dong,,Fang Dong,0.0,0.1333333333333333,0.0467,0.0,0.2916666666666666,0.1428571428571428,0.0,0.0,0.3333333333333333,0.2,0.125,0.0,0.0,0.0466666666666666,0.101,214.0,False,False,None,0,0,0
4424,2026,2029,2,2,,,2,,3,True,True,0,7,,0.0,1,0,1.3333,0,0,1,0,1,1,1,0,0,0,4424.0,Na Chang,,Na Chang,0.0,0.1333333333333333,0.0467,0.0,0.2916666666666666,0.1428571428571428,0.0,0.0,0.3333333333333333,0.2,0.125,0.0,0.0,0.0466666666666666,0.101,214.0,False,False,None,0,0,0
4467,2028,2029,2,2,,,2,,1,True,True,0,3,,0.0,0,0,1.0,0,0,1,0,1,0,1,0,0,0,4467.0,Gang Zhao,,Gang Zhao,0.0,0.1,0.035,0.0,0.125,0.0,0.0,0.0,0.3333333333333333,0.2,0.0,0.0,0.0,0.0349999999999999,0.0543,721.0,False,False,None,0,0,0
4468,2028,2028,1,1,,,1,,0,True,True,0,1,,0.0,0,0,0.0,0,0,1,0,1,0,1,0,0,0,4468.0,Xiulan Cheng,,Xiulan Cheng,0.0,0.0,0.0,0.0,0.0416666666666666,0.0,0.0,0.0,0.0,0.2,0.0,0.0,0.0,0.0,0.0158,2169.0,False,False,None,0,0,0
4469,2028,2028,1,1,,,1,,0,True,True,0,1,,0.0,0,0,0.0,0,0,1,0,1,0,2,0,0,0,4469.0,Tao Dong,,Tao Dong,0.0,0.0,0.0,0.0,0.0416666666666666,0.0,0.0,0.0,0.0,0.2,0.0,0.5,0.0,0.0,0.0308,1542.0,False,False,None,0,0,0
4470,2028,2029,2,2,,,2,,1,True,True,0,3,,0.0,0,0,1.0,0,0,1,0,1,0,2,0,0,0,4470.0,Min Hou,,Min Hou,0.0,0.1,0.035,0.0,0.125,0.0,0.0,0.0,0.3333333333333333,0.2,0.0,0.5,0.0,0.0349999999999999,0.0693,470.0,False,False,None,0,0,0
4477,2027,2027,1,1,,,1,,0,True,True,0,1,,0.0,0,0,0.0,0,0,1,0,1,0,2,0,0,0,4477.0,Marisa Tresoldi,,Marisa Tresoldi,0.0,0.0,0.0,0.0,0.0416666666666666,0.0,0.0,0.0,0.0,0.2,0.0,0.5,0.0,0.0,0.0308,1542.0,False,False,None,0,0,0
4479,2027,2027,1,1,,,1,,0,True,True,0,1,,0.0,0,0,0.0,0,0,1,0,1,0,1,0,0,0,4479.0,Victoria Carpaccio,,Victoria Carpaccio,0.0,0.0,0.0,0.0,0.0416666666666666,0.0,0.0,0.0,0.0,0.2,0.0,0.0,0.0,0.0,0.0158,2169.0,False,False,None,0,0,0
4506,2028,2028,1,1,,,1,,0,True,True,0,1,,0.0,0,0,0.0,0,0,1,0,1,0,2,0,0,0,4506.0,Jose Manuel Quintana Borrell,,Jose Manuel Quintana Borrell,0.0,0.0,0.0,0.0,0.0416666666666666,0.0,0.0,0.0,0.0,0.2,0.0,0.5,0.0,0.0,0.0308,1542.0,False,False,None,0,0,0
4507,2028,2028,1,1,,,1,,0,True,True,0,1,,0.0,0,0,0.0,0,0,1,0,1,0,1,0,0,0,4507.0,Alix Chevallier,,Alix Chevallier,0.0,0.0,0.0,0.0,0.0416666666666666,0.0,0.0,0.0,0.0,0.2,0.0,0.0,0.0,0.0,0.0158,2169.0,False,False,None,0,0,0
4508,2026,2028,2,2,,,1,,2,True,True,0,2,,0.0,0,0,1.5,0,0,1,0,1,1,2,0,0,0,4508.0,Edward Siering,,Edward Siering,0.0,0.15,0.0525,0.0,0.0833333333333333,0.0,0.0,0.0,0.0,0.2,0.125,0.5,0.0,0.0525,0.0469,927.0,False,False,None,0,0,0
4514,2027,2027,1,1,2027.0,2027.0,1,0.0,0,True,True,0,1,13.0,0.0,0,0,0.0,0,0,1,0,1,0,2,0,0,0,4514.0,Kelly Clayton,,Kelly Clayton,0.0,0.0,0.0,0.0,0.0416666666666666,0.0,0.0,0.0,0.0,0.2,0.0,0.5,0.0,0.0,0.0308,1542.0,False,False,None,0,0,0
4580,2025,2030,2,2,2025.0,2025.0,1,0.0,5,True,True,1,4,15.0,0.0,1,0,0.4,0,0,2,0,2,1,1,0,0,0,4580.0,Heidi Allen,,Heidi Allen,0.0,0.04,0.014,0.0833333333333333,0.1666666666666666,0.1428571428571428,0.0,0.0,0.0,0.4,0.125,0.0,0.0,0.014,0.0802,362.0,False,False,None,0,0,0
4640,2026,2026,1,1,,,1,,0,True,True,0,2,,0.0,0,0,0.0,0,0,1,0,1,1,1,0,1,1,4640.0,Ashley Huang,,Ashley Huang,0.0,0.0,0.0,0.0,0.0833333333333333,0.0,0.0,0.0,0.0,0.2,0.125,0.0,0.0,0.0,0.0267,1762.0,False,False,None,0,0,0
4641,2026,2026,1,1,,,1,,0,True,True,0,2,,0.0,0,0,0.0,0,0,1,0,1,1,1,0,1,1,4641.0,Alexandra King,,Alexandra King,0.0,0.0,0.0,0.0,0.0833333333333333,0.0,0.0,0.0,0.0,0.2,0.125,0.0,0.0,0.0,0.0267,1762.0,False,False,None,0,0,0
4642,2026,2026,1,1,,,1,,0,True,True,0,2,,0.0,0,0,0.0,0,0,1,0,1,1,1,0,1,1,4642.0,Kirk Kemp,,Kirk Kemp,0.0,0.0,0.0,0.0,0.0833333333333333,0.0,0.0,0.0,0.0,0.2,0.125,0.0,0.0,0.0,0.0267,1762.0,False,False,None,0,0,0
4643,2026,2026,1,1,,,1,,0,True,True,0,2,,0.0,0,0,0.0,0,0,1,0,1,1,2,0,1,1,4643.0,Jacob Romero,,Jacob Romero,0.0,0.0,0.0,0.0,0.0833333333333333,0.0,0.0,0.0,0.0,0.2,0.125,0.5,0.0,0.0,0.0417,1088.0,False,False,None,0,0,0
4647,2029,2029,1,1,,,1,,0,True,True,0,1,,0.0,0,0,0.0,0,0,1,0,1,0,1,0,0,0,4647.0,William Bates,,William Bates,0.0,0.0,0.0,0.0,0.0416666666666666,0.0,0.0,0.0,0.0,0.2,0.0,0.0,0.0,0.0,0.0158,2169.0,False,False,None,0,0,0
4648,2029,2029,1,1,,,1,,0,True,True,0,1,,0.0,0,0,0.0,0,0,1,0,1,0,1,0,0,0,4648.0,Brandy Chung PhD,,Brandy Chung PhD,0.0,0.0,0.0,0.0,0.0416666666666666,0.0,0.0,0.0,0.0,0.2,0.0,0.0,0.0,0.0,0.0158,2169.0,False,False,None,0,0,0
4662,2026,2026,1,1,,,1,,0,True,True,0,1,,0.0,4,0,0.0,0,0,2,0,2,0,2,0,0,0,4662.0,Enzio Garibaldi,,Enzio Garibaldi,0.0,0.0,0.0,0.0,0.0416666666666666,0.5714285714285714,0.0,0.0,0.0,0.4,0.0,0.5,0.0,0.0,0.1094,176.0,False,False,None,0,0,0
4663,2026,2026,1,1,,,1,,0,True,True,0,1,,0.0,4,0,0.0,0,0,2,0,2,0,2,0,0,0,4663.0,Lori Henderson,,Lori Henderson,0.0,0.0,0.0,0.0,0.0416666666666666,0.5714285714285714,0.0,0.0,0.0,0.4,0.0,0.5,0.0,0.0,0.1094,176.0,False,False,None,0,0,0
4677,2025,2025,1,1,,,1,,0,True,True,0,1,,0.0,2,0,0.0,0,0,2,0,2,0,2,0,0,0,4677.0,Jie Fu,,Jie Fu,0.0,0.0,0.0,0.0,0.0416666666666666,0.2857142857142857,0.0,0.0,0.0,0.4,0.0,0.5,0.0,0.0,0.0751,403.0,False,False,None,0,0,0
4705,2028,2028,1,1,,,1,,0,True,True,0,2,,0.0,0,0,0.0,0,0,1,0,1,0,1,0,0,0,4705.0,Jun Huang,,Jun Huang,0.0,0.0,0.0,0.0,0.0833333333333333,0.0,0.0,0.0,0.0,0.2,0.0,0.0,0.0,0.0,0.0217,1958.0,False,False,None,0,0,0
4706,2028,2028,1,1,,,1,,0,True,True,0,2,,0.0,0,0,0.0,0,0,1,0,1,0,1,0,0,0,4706.0,Fang Zhao,,Fang Zhao,0.0,0.0,0.0,0.0,0.0833333333333333,0.0,0.0,0.0,0.0,0.2,0.0,0.0,0.0,0.0,0.0217,1958.0,False,False,None,0,0,0
4708,2028,2028,1,1,,,1,,0,True,True,0,2,,0.0,0,0,0.0,0,0,1,0,1,0,1,0,0,0,4708.0,Jing Long,,Jing Long,0.0,0.0,0.0,0.0,0.0833333333333333,0.0,0.0,0.0,0.0,0.2,0.0,0.0,0.0,0.0,0.0217,1958.0,False,False,None,0,0,0
4709,2028,2028,1,1,,,1,,0,True,True,0,2,,0.0,0,0,0.0,0,0,1,0,1,0,1,0,0,0,4709.0,Min Long,,Min Long,0.0,0.0,0.0,0.0,0.0833333333333333,0.0,0.0,0.0,0.0,0.2,0.0,0.0,0.0,0.0,0.0217,1958.0,False,False,None,0,0,0
4710,2026,2026,1,1,,,1,,0,True,True,0,1,,0.0,0,0,0.0,0,0,1,0,1,0,2,0,0,0,4710.0,Qiang Tian,,Qiang Tian,0.0,0.0,0.0,0.0,0.0416666666666666,0.0,0.0,0.0,0.0,0.2,0.0,0.5,0.0,0.0,0.0308,1542.0,False,False,None,0,0,0
4712,2028,2028,1,1,,,1,,0,True,True,0,2,,0.0,0,0,0.0,0,0,1,0,1,0,2,0,0,0,4712.0,Ming Luo,,Ming Luo,0.0,0.0,0.0,0.0,0.0833333333333333,0.0,0.0,0.0,0.0,0.2,0.0,0.5,0.0,0.0,0.0367,1265.0,False,False,None,0,0,0
4727,2025,2026,2,2,2025.0,2025.0,2,0.0,1,True,True,0,3,15.0,0.0,0,0,0.0,0,0,2,0,2,1,2,0,0,0,4727.0,Min Wei,,Min Wei,0.0,0.0,0.0,0.0,0.125,0.0,0.0,0.0,0.3333333333333333,0.4,0.125,0.5,0.0,0.0,0.0808,355.0,False,False,None,0,0,0
4743,2025,2025,1,1,,,1,,0,True,True,0,1,,0.0,0,0,0.0,0,0,0,0,0,0,1,0,0,0,4743.0,Min Jiang,,Min Jiang,0.0,0.0,0.0,0.0,0.0416666666666666,0.0,0.0,0.0,0.0,0.0,0.0,0.0,0.0,0.0,0.0058,2575.0,False,False,None,0,0,0
4744,2025,2025,1,1,,,1,,0,True,True,0,1,,0.0,0,0,0.0,0,0,0,0,0,0,1,0,0,0,4744.0,Xiuying Kong,,Xiuying Kong,0.0,0.0,0.0,0.0,0.0416666666666666,0.0,0.0,0.0,0.0,0.0,0.0,0.0,0.0,0.0,0.0058,2575.0,False,False,None,0,0,0
4745,2025,2025,1,1,,,1,,0,True,True,0,1,,0.0,0,0,0.0,0,0,0,0,0,0,2,0,0,0,4745.0,Juan Fang,,Juan Fang,0.0,0.0,0.0,0.0,0.0416666666666666,0.0,0.0,0.0,0.0,0.0,0.0,0.5,0.0,0.0,0.0208,2123.0,False,False,None,0,0,0
4746,2025,2025,2,2,,,2,,0,True,True,0,1,,0.0,0,0,0.0,0,0,1,0,1,0,1,0,0,0,4746.0,Lei Zhong,,Lei Zhong,0.0,0.0,0.0,0.0,0.0416666666666666,0.0,0.0,0.0,0.3333333333333333,0.2,0.0,0.0,0.0,0.0,0.0392,1154.0,False,False,None,0,0,0
4759,2029,2029,1,1,,,1,,0,True,True,0,2,,0.0,0,0,0.0,0,0,2,0,2,0,1,0,0,0,4759.0,Fang Tao,,Fang Tao,0.0,0.0,0.0,0.0,0.0833333333333333,0.0,0.0,0.0,0.0,0.4,0.0,0.0,0.0,0.0,0.0317,1503.0,False,False,None,0,0,0
4760,2029,2029,1,1,,,1,,0,True,True,0,2,,0.0,0,0,0.0,0,0,2,0,2,0,1,0,0,0,4760.0,Brent White,,Brent White,0.0,0.0,0.0,0.0,0.0833333333333333,0.0,0.0,0.0,0.0,0.4,0.0,0.0,0.0,0.0,0.0317,1503.0,False,False,None,0,0,0
4761,2029,2029,1,1,,,1,,0,True,True,0,2,,0.0,0,0,0.0,0,0,2,0,2,0,1,0,0,0,4761.0,Qiang Zhou,,Qiang Zhou,0.0,0.0,0.0,0.0,0.0833333333333333,0.0,0.0,0.0,0.0,0.4,0.0,0.0,0.0,0.0,0.0317,1503.0,False,False,None,0,0,0
4775,2029,2029,1,1,,,1,,0,True,True,0,9,,0.0,1,0,0.0,0,0,1,0,1,1,1,0,0,0,4775.0,Sven Oude Heer,,Sven Oude Heer,0.0,0.0,0.0,0.0,0.375,0.1428571428571428,0.0,0.0,0.0,0.2,0.125,0.0,0.0,0.0,0.0846,324.0,False,False,None,0,0,0
4796,2029,2029,1,1,,,1,,0,True,True,0,2,,0.0,0,0,0.0,0,0,1,0,1,0,1,0,0,0,4796.0,Gang Jiang,Cosmic Noir,Cosmic Noir,0.0,0.0,0.0,0.0,0.0833333333333333,0.0,0.0,0.0,0.0,0.2,0.0,0.0,0.0,0.0,0.0217,1958.0,False,False,None,0,0,0
4798,2029,2029,1,1,,,1,,0,True,True,0,2,,0.0,0,0,0.0,0,0,1,0,1,0,1,0,0,0,4798.0,Fang Meng,,Fang Meng,0.0,0.0,0.0,0.0,0.0833333333333333,0.0,0.0,0.0,0.0,0.2,0.0,0.0,0.0,0.0,0.0217,1958.0,False,False,None,0,0,0
4799,2027,2029,2,2,,,2,,2,True,True,0,2,,0.0,0,0,1.0,0,0,2,0,2,0,3,0,0,0,4799.0,Na Yin,,Na Yin,0.0,0.1,0.035,0.0,0.0833333333333333,0.0,0.0,0.0,0.3333333333333333,0.4,0.0,1.0,0.0,0.0349999999999999,0.0885,304.0,False,False,None,0,0,0
4806,2026,2026,1,1,,,1,,0,True,True,0,1,,0.0,0,0,0.0,0,0,1,0,1,0,2,0,0,0,4806.0,Ming Long,,Ming Long,0.0,0.0,0.0,0.0,0.0416666666666666,0.0,0.0,0.0,0.0,0.2,0.0,0.5,0.0,0.0,0.0308,1542.0,False,False,None,0,0,0
4807,2026,2026,1,1,,,1,,0,True,True,0,1,,0.0,0,0,0.0,0,0,1,0,1,0,1,0,0,0,4807.0,Chao Cui,,Chao Cui,0.0,0.0,0.0,0.0,0.0416666666666666,0.0,0.0,0.0,0.0,0.2,0.0,0.0,0.0,0.0,0.0158,2169.0,False,False,None,0,0,0
4808,2026,2026,1,1,,,1,,0,True,True,0,1,,0.0,0,0,0.0,0,0,1,0,1,0,1,0,0,0,4808.0,Fang Lin,,Fang Lin,0.0,0.0,0.0,0.0,0.0416666666666666,0.0,0.0,0.0,0.0,0.2,0.0,0.0,0.0,0.0,0.0158,2169.0,False,False,None,0,0,0
4809,2026,2026,1,1,,,1,,0,True,True,0,1,,0.0,0,0,0.0,0,0,1,0,1,0,2,0,0,0,4809.0,Edward Gutierrez,,Edward Gutierrez,0.0,0.0,0.0,0.0,0.0416666666666666,0.0,0.0,0.0,0.0,0.2,0.0,0.5,0.0,0.0,0.0308,1542.0,False,False,None,0,0,0
4810,2026,2026,1,1,,,1,,0,True,True,0,1,,0.0,0,0,0.0,0,0,1,0,1,0,1,0,0,0,4810.0,Lei Yi,,Lei Yi,0.0,0.0,0.0,0.0,0.0416666666666666,0.0,0.0,0.0,0.0,0.2,0.0,0.0,0.0,0.0,0.0158,2169.0,False,False,None,0,0,0
4812,2026,2026,1,1,,,1,,0,True,True,0,1,,0.0,0,0,0.0,0,0,1,0,1,0,1,0,0,0,4812.0,Li Xia,,Li Xia,0.0,0.0,0.0,0.0,0.0416666666666666,0.0,0.0,0.0,0.0,0.2,0.0,0.0,0.0,0.0,0.0158,2169.0,False,False,None,0,0,0
4813,2026,2026,1,1,,,1,,0,True,True,0,1,,0.0,0,0,0.0,0,0,1,0,1,0,1,0,0,0,4813.0,Ming Han,,Ming Han,0.0,0.0,0.0,0.0,0.0416666666666666,0.0,0.0,0.0,0.0,0.2,0.0,0.0,0.0,0.0,0.0158,2169.0,False,False,None,0,0,0
4822,2028,2028,1,1,,,1,,0,True,True,0,18,,0.0,0,0,0.0,0,0,1,0,1,3,1,0,0,0,4822.0,John Rivera,Hollow Reverberation,Hollow Reverberation,0.0,0.0,0.0,0.0,0.75,0.0,0.0,0.0,0.0,0.2,0.375,0.0,0.0,0.0,0.13,110.0,False,False,None,0,0,0
4823,2028,2028,1,1,,,1,,0,True,True,0,18,,0.0,0,0,0.0,0,0,1,0,1,3,1,0,0,0,4823.0,William Rodriguez,,William Rodriguez,0.0,0.0,0.0,0.0,0.75,0.0,0.0,0.0,0.0,0.2,0.375,0.0,0.0,0.0,0.13,110.0,False,False,None,0,0,0
4824,2028,2028,1,1,,,1,,0,True,True,0,18,,0.0,0,0,0.0,0,0,1,0,1,3,1,0,0,0,4824.0,Ashley Olsen,,Ashley Olsen,0.0,0.0,0.0,0.0,0.75,0.0,0.0,0.0,0.0,0.2,0.375,0.0,0.0,0.0,0.13,110.0,False,False,None,0,0,0
4825,2028,2028,1,1,,,1,,0,True,True,0,18,,0.0,0,0,0.0,0,0,1,0,1,3,1,0,0,0,4825.0,Michael Watson,,Michael Watson,0.0,0.0,0.0,0.0,0.75,0.0,0.0,0.0,0.0,0.2,0.375,0.0,0.0,0.0,0.13,110.0,False,False,None,0,0,0
4841,2025,2025,1,1,,,1,,0,True,True,0,1,,0.0,0,0,0.0,0,0,1,0,1,1,1,0,0,0,4841.0,Anthony Cox,,Anthony Cox,0.0,0.0,0.0,0.0,0.0416666666666666,0.0,0.0,0.0,0.0,0.2,0.125,0.0,0.0,0.0,0.0208,2090.0,False,False,None,0,0,0
4863,2026,2026,1,1,,,1,,0,True,True,0,2,,0.0,1,0,0.0,0,0,1,0,1,1,1,0,0,0,4863.0,Xiulan Sun,,Xiulan Sun,0.0,0.0,0.0,0.0,0.0833333333333333,0.1428571428571428,0.0,0.0,0.0,0.2,0.125,0.0,0.0,0.0,0.0438,1006.0,False,False,None,0,0,0
4864,2026,2026,1,1,,,1,,0,True,True,0,2,,0.0,1,0,0.0,0,0,1,0,1,1,1,0,0,0,4864.0,Xiulan Du,,Xiulan Du,0.0,0.0,0.0,0.0,0.0833333333333333,0.1428571428571428,0.0,0.0,0.0,0.2,0.125,0.0,0.0,0.0,0.0438,1006.0,False,False,None,0,0,0
4893,2027,2027,1,1,,,1,,0,True,True,0,1,,0.0,0,0,0.0,0,0,1,0,1,0,1,0,0,0,4893.0,Jie Mao,,Jie Mao,0.0,0.0,0.0,0.0,0.0416666666666666,0.0,0.0,0.0,0.0,0.2,0.0,0.0,0.0,0.0,0.0158,2169.0,False,False,None,0,0,0
4896,2027,2027,1,1,,,1,,0,True,True,0,1,,0.0,0,0,0.0,0,0,1,0,1,0,1,0,0,0,4896.0,Wei Mo,,Wei Mo,0.0,0.0,0.0,0.0,0.0416666666666666,0.0,0.0,0.0,0.0,0.2,0.0,0.0,0.0,0.0,0.0158,2169.0,False,False,None,0,0,0
4910,2026,2026,2,2,,,1,,0,True,True,0,3,,0.0,1,0,0.0,0,0,2,0,2,0,2,0,0,0,4910.0,Cengiz Knappe,,Cengiz Knappe,0.0,0.0,0.0,0.0,0.125,0.1428571428571428,0.0,0.0,0.0,0.4,0.0,0.5,0.0,0.0,0.0696,461.0,False,False,None,0,0,0
4913,2028,2028,1,1,,,1,,0,True,True,0,1,,0.0,0,0,0.0,0,0,1,0,1,0,1,0,0,0,4913.0,Victor Scott,,Victor Scott,0.0,0.0,0.0,0.0,0.0416666666666666,0.0,0.0,0.0,0.0,0.2,0.0,0.0,0.0,0.0,0.0158,2169.0,False,False,None,0,0,0
4914,2028,2028,1,1,,,1,,0,True,True,0,1,,0.0,0,0,0.0,0,0,1,0,1,0,1,0,0,0,4914.0,Mark Mueller,,Mark Mueller,0.0,0.0,0.0,0.0,0.0416666666666666,0.0,0.0,0.0,0.0,0.2,0.0,0.0,0.0,0.0,0.0158,2169.0,False,False,None,0,0,0
4915,2028,2028,1,1,,,1,,0,True,True,0,1,,0.0,0,0,0.0,0,0,1,0,1,0,1,0,0,0,4915.0,Sherry Flores,,Sherry Flores,0.0,0.0,0.0,0.0,0.0416666666666666,0.0,0.0,0.0,0.0,0.2,0.0,0.0,0.0,0.0,0.0158,2169.0,False,False,None,0,0,0
4916,2028,2028,1,1,,,1,,0,True,True,0,1,,0.0,0,0,0.0,0,0,1,0,1,0,1,0,0,0,4916.0,Brandi Price,,Brandi Price,0.0,0.0,0.0,0.0,0.0416666666666666,0.0,0.0,0.0,0.0,0.2,0.0,0.0,0.0,0.0,0.0158,2169.0,False,False,None,0,0,0
4917,2028,2028,1,1,,,1,,0,True,True,0,1,,0.0,0,0,0.0,0,0,1,0,1,0,1,0,0,0,4917.0,Katherine Dodson,,Katherine Dodson,0.0,0.0,0.0,0.0,0.0416666666666666,0.0,0.0,0.0,0.0,0.2,0.0,0.0,0.0,0.0,0.0158,2169.0,False,False,None,0,0,0
4918,2028,2028,1,1,,,1,,0,True,True,0,1,,0.0,0,0,0.0,0,0,1,0,1,0,1,0,0,0,4918.0,Xia Li,,Xia Li,0.0,0.0,0.0,0.0,0.0416666666666666,0.0,0.0,0.0,0.0,0.2,0.0,0.0,0.0,0.0,0.0158,2169.0,False,False,None,0,0,0
4923,2029,2029,1,1,,,1,,0,True,True,0,5,,0.0,0,0,0.0,0,0,1,0,1,3,1,0,0,0,4923.0,Jennifer Allen,,Jennifer Allen,0.0,0.0,0.0,0.0,0.2083333333333333,0.0,0.0,0.0,0.0,0.2,0.375,0.0,0.0,0.0,0.0542,722.0,False,False,None,0,0,0
4924,2029,2029,1,1,,,1,,0,True,True,0,5,,0.0,0,0,0.0,0,0,1,0,1,3,2,0,0,0,4924.0,Devon White,,Devon White,0.0,0.0,0.0,0.0,0.2083333333333333,0.0,0.0,0.0,0.0,0.2,0.375,0.5,0.0,0.0,0.0692,473.0,False,False,None,0,0,0
4946,2026,2026,1,0,,,1,,0,True,True,0,9,,0.0,0,0,0.0,0,0,0,0,0,2,1,0,3,3,4946.0,Christopher Conway,,Christopher Conway,0.0,0.0,0.0,0.0,0.375,0.0,0.0,0.0,0.0,0.0,0.25,0.0,0.0,0.0,0.0625,559.0,False,False,None,0,0,0
4947,2026,2026,1,0,,,1,,0,True,True,0,9,,0.0,0,0,0.0,0,0,0,0,0,2,1,0,3,3,4947.0,Samantha Mcneil,,Samantha Mcneil,0.0,0.0,0.0,0.0,0.375,0.0,0.0,0.0,0.0,0.0,0.25,0.0,0.0,0.0,0.0625,559.0,False,False,None,0,0,0
4948,2026,2026,1,0,,,1,,0,True,True,0,9,,0.0,0,0,0.0,0,0,0,0,0,2,1,0,3,3,4948.0,Isaac Brown,,Isaac Brown,0.0,0.0,0.0,0.0,0.375,0.0,0.0,0.0,0.0,0.0,0.25,0.0,0.0,0.0,0.0625,559.0,False,False,None,0,0,0
4952,2025,2025,1,1,,,1,,0,True,True,0,1,,0.0,0,0,0.0,0,0,2,0,2,0,2,0,0,0,4952.0,Heinz-Gerd Klapp,,Heinz-Gerd Klapp,0.0,0.0,0.0,0.0,0.0416666666666666,0.0,0.0,0.0,0.0,0.4,0.0,0.5,0.0,0.0,0.0408,1116.0,False,False,None,0,0,0
4953,2025,2025,1,1,,,1,,0,True,True,0,1,,0.0,0,0,0.0,0,0,2,0,2,0,1,0,0,0,4953.0,Ivo Ziegert,,Ivo Ziegert,0.0,0.0,0.0,0.0,0.0416666666666666,0.0,0.0,0.0,0.0,0.4,0.0,0.0,0.0,0.0,0.0258,1822.0,False,False,None,0,0,0
4956,2027,2027,1,1,,,1,,0,True,True,0,1,,0.0,0,0,0.0,0,0,1,0,1,1,1,0,0,0,4956.0,Bianca Pugliese, Banks, Banks,0.0,0.0,0.0,0.0,0.0416666666666666,0.0,0.0,0.0,0.0,0.2,0.125,0.0,0.0,0.0,0.0208,2090.0,False,False,None,0,0,0
4986,2026,2026,1,1,,,1,,0,True,True,0,1,,0.0,0,0,0.0,0,0,1,0,1,0,1,0,0,0,4986.0,Xia Tan,,Xia Tan,0.0,0.0,0.0,0.0,0.0416666666666666,0.0,0.0,0.0,0.0,0.2,0.0,0.0,0.0,0.0,0.0158,2169.0,False,False,None,0,0,0
4988,2026,2026,1,1,,,1,,0,True,True,0,1,,0.0,0,0,0.0,0,0,1,0,1,0,1,0,0,0,4988.0,Xiulan Meng,,Xiulan Meng,0.0,0.0,0.0,0.0,0.0416666666666666,0.0,0.0,0.0,0.0,0.2,0.0,0.0,0.0,0.0,0.0158,2169.0,False,False,None,0,0,0
4989,2026,2026,1,1,,,1,,0,True,True,0,1,,0.0,0,0,0.0,0,0,1,0,1,0,2,0,0,0,4989.0,Gang Zeng,,Gang Zeng,0.0,0.0,0.0,0.0,0.0416666666666666,0.0,0.0,0.0,0.0,0.2,0.0,0.5,0.0,0.0,0.0308,1542.0,False,False,None,0,0,0
4990,2026,2026,1,1,,,1,,0,True,True,0,1,,0.0,0,0,0.0,0,0,1,0,1,0,1,0,0,0,4990.0,Chao Hou,,Chao Hou,0.0,0.0,0.0,0.0,0.0416666666666666,0.0,0.0,0.0,0.0,0.2,0.0,0.0,0.0,0.0,0.0158,2169.0,False,False,None,0,0,0
5011,2026,2027,2,2,,,1,,1,True,True,0,2,,0.0,1,0,5.0,0,0,3,0,3,1,2,0,0,0,5011.0,Tao Gao,,Tao Gao,0.0,0.5,0.175,0.0,0.0833333333333333,0.1428571428571428,0.0,0.0,0.0,0.6000000000000001,0.125,0.5,0.0,0.175,0.0963,240.0,False,False,None,0,0,0
5030,2026,2026,1,1,,,1,,0,True,True,0,4,,0.0,1,0,0.0,0,0,1,0,1,0,1,0,0,0,5030.0,Wei Shi,,Wei Shi,0.0,0.0,0.0,0.0,0.1666666666666666,0.1428571428571428,0.0,0.0,0.0,0.2,0.0,0.0,0.0,0.0,0.0505,793.0,False,False,None,0,0,0
5031,2026,2026,1,1,,,1,,0,True,True,0,4,,0.0,1,0,0.0,0,0,1,0,1,0,2,0,0,0,5031.0,Jing Wang,,Jing Wang,0.0,0.0,0.0,0.0,0.1666666666666666,0.1428571428571428,0.0,0.0,0.0,0.2,0.0,0.5,0.0,0.0,0.0655,529.0,False,False,None,0,0,0
5032,2026,2026,1,1,,,1,,0,True,True,0,4,,0.0,1,0,0.0,0,0,1,0,1,0,1,0,0,0,5032.0,Richard Reyes,,Richard Reyes,0.0,0.0,0.0,0.0,0.1666666666666666,0.1428571428571428,0.0,0.0,0.0,0.2,0.0,0.0,0.0,0.0,0.0505,793.0,False,False,None,0,0,0
5041,2026,2026,1,1,,,1,,0,True,True,0,5,,0.0,0,0,0.0,0,0,1,0,1,0,1,0,0,0,5041.0,Astrid Weinhold,,Astrid Weinhold,0.0,0.0,0.0,0.0,0.2083333333333333,0.0,0.0,0.0,0.0,0.2,0.0,0.0,0.0,0.0,0.0392,1154.0,False,False,None,0,0,0
5042,2026,2026,1,1,,,1,,0,True,True,0,5,,0.0,0,0,0.0,0,0,1,0,1,0,2,0,0,0,5042.0,Janin Hartmann,,Janin Hartmann,0.0,0.0,0.0,0.0,0.2083333333333333,0.0,0.0,0.0,0.0,0.2,0.0,0.5,0.0,0.0,0.0542,722.0,False,False,None,0,0,0
5056,2029,2029,1,1,,,1,,0,True,True,0,1,,0.0,4,0,0.0,0,0,2,0,2,0,1,0,0,0,5056.0,Thomas Carter,,Thomas Carter,0.0,0.0,0.0,0.0,0.0416666666666666,0.5714285714285714,0.0,0.0,0.0,0.4,0.0,0.0,0.0,0.0,0.0944,260.0,False,False,None,0,0,0
5069,2026,2026,1,1,,,1,,0,True,True,0,1,,0.0,0,0,0.0,0,0,1,0,1,0,2,0,0,0,5069.0,Yan Cheng,Ivessa,Ivessa,0.0,0.0,0.0,0.0,0.0416666666666666,0.0,0.0,0.0,0.0,0.2,0.0,0.5,0.0,0.0,0.0308,1542.0,False,False,None,0,0,0
5072,2026,2026,1,1,,,1,,0,True,True,0,1,,0.0,0,0,0.0,0,0,1,0,1,0,1,0,0,0,5072.0,Taylor Hayes,,Taylor Hayes,0.0,0.0,0.0,0.0,0.0416666666666666,0.0,0.0,0.0,0.0,0.2,0.0,0.0,0.0,0.0,0.0158,2169.0,False,False,None,0,0,0
5097,2026,2026,1,1,,,1,,0,True,True,0,3,,0.0,1,0,0.0,0,0,2,0,2,2,1,0,0,0,5097.0,Sandra Miller,,Sandra Miller,0.0,0.0,0.0,0.0,0.125,0.1428571428571428,0.0,0.0,0.0,0.4,0.25,0.0,0.0,0.0,0.0646,546.0,False,False,None,0,0,0
5098,2026,2026,1,1,,,1,,0,True,True,0,3,,0.0,1,0,0.0,0,0,2,0,2,2,2,0,0,0,5098.0,Michelle Johnson,,Michelle Johnson,0.0,0.0,0.0,0.0,0.125,0.1428571428571428,0.0,0.0,0.0,0.4,0.25,0.5,0.0,0.0,0.0796,366.0,False,False,None,0,0,0
5127,2026,2026,1,1,,,1,,0,True,True,0,1,,0.0,0,0,0.0,0,0,1,0,1,0,1,0,0,0,5127.0,Justin Morales,,Justin Morales,0.0,0.0,0.0,0.0,0.0416666666666666,0.0,0.0,0.0,0.0,0.2,0.0,0.0,0.0,0.0,0.0158,2169.0,False,False,None,0,0,0
5130,2026,2026,1,1,,,1,,0,True,True,0,1,,0.0,0,0,0.0,0,0,1,0,1,0,1,0,0,0,5130.0,William Francis,,William Francis,0.0,0.0,0.0,0.0,0.0416666666666666,0.0,0.0,0.0,0.0,0.2,0.0,0.0,0.0,0.0,0.0158,2169.0,False,False,None,0,0,0
5147,2026,2026,1,1,2026.0,2026.0,1,0.0,0,True,True,0,4,14.0,0.0,0,0,0.0,0,0,1,0,1,1,1,0,0,0,5147.0,Yong Xia,Neon Solstice,Neon Solstice,0.0,0.0,0.0,0.0,0.1666666666666666,0.0,0.0,0.0,0.0,0.2,0.125,0.0,0.0,0.0,0.0383,1217.0,False,False,None,0,0,0
5148,2026,2026,1,1,2026.0,2026.0,1,0.0,0,True,True,0,4,14.0,0.0,0,0,0.0,0,0,1,0,1,1,1,0,0,0,5148.0,Matthew Williams,,Matthew Williams,0.0,0.0,0.0,0.0,0.1666666666666666,0.0,0.0,0.0,0.0,0.2,0.125,0.0,0.0,0.0,0.0383,1217.0,False,False,None,0,0,0
5149,2026,2026,1,1,2026.0,2026.0,1,0.0,0,True,True,0,4,14.0,0.0,0,0,0.0,0,0,1,0,1,1,2,0,0,0,5149.0,Lei Jiang,,Lei Jiang,0.0,0.0,0.0,0.0,0.1666666666666666,0.0,0.0,0.0,0.0,0.2,0.125,0.5,0.0,0.0,0.0533,756.0,False,False,None,0,0,0
5150,2026,2026,1,1,2026.0,2026.0,1,0.0,0,True,True,0,4,14.0,0.0,0,0,0.0,0,0,1,0,1,1,2,0,0,0,5150.0,Kenneth Moore,,Kenneth Moore,0.0,0.0,0.0,0.0,0.1666666666666666,0.0,0.0,0.0,0.0,0.2,0.125,0.5,0.0,0.0,0.0533,756.0,False,False,None,0,0,0
5151,2026,2027,2,2,2026.0,2026.0,1,0.0,1,True,True,0,9,14.0,0.0,0,0,1.0,0,0,1,0,1,2,1,0,0,0,5151.0,Linda Santos,,Linda Santos,0.0,0.1,0.035,0.0,0.375,0.0,0.0,0.0,0.0,0.2,0.25,0.0,0.0,0.0349999999999999,0.076,399.0,False,False,None,0,0,0
5152,2026,2026,1,1,2026.0,2026.0,1,0.0,0,True,True,0,4,14.0,0.0,0,0,0.0,0,0,1,0,1,1,1,0,0,0,5152.0,Jason Garcia,,Jason Garcia,0.0,0.0,0.0,0.0,0.1666666666666666,0.0,0.0,0.0,0.0,0.2,0.125,0.0,0.0,0.0,0.0383,1217.0,False,False,None,0,0,0
5160,2029,2029,1,1,,,1,,0,True,True,0,1,,0.0,0,0,0.0,0,0,1,0,1,0,2,0,0,0,5160.0,Kimberly Smith,,Kimberly Smith,0.0,0.0,0.0,0.0,0.0416666666666666,0.0,0.0,0.0,0.0,0.2,0.0,0.5,0.0,0.0,0.0308,1542.0,False,False,None,0,0,0
5161,2029,2029,1,1,,,1,,0,True,True,0,1,,0.0,0,0,0.0,0,0,1,0,1,0,1,0,0,0,5161.0,Susan Spencer,,Susan Spencer,0.0,0.0,0.0,0.0,0.0416666666666666,0.0,0.0,0.0,0.0,0.2,0.0,0.0,0.0,0.0,0.0158,2169.0,False,False,None,0,0,0
5162,2029,2029,1,1,,,1,,0,True,True,0,1,,0.0,0,0,0.0,0,0,1,0,1,0,1,0,0,0,5162.0,Duane Richardson,,Duane Richardson,0.0,0.0,0.0,0.0,0.0416666666666666,0.0,0.0,0.0,0.0,0.2,0.0,0.0,0.0,0.0,0.0158,2169.0,False,False,None,0,0,0
5163,2029,2029,1,1,,,1,,0,True,True,0,1,,0.0,0,0,0.0,0,0,1,0,1,0,1,0,0,0,5163.0,Brian Garrett,,Brian Garrett,0.0,0.0,0.0,0.0,0.0416666666666666,0.0,0.0,0.0,0.0,0.2,0.0,0.0,0.0,0.0,0.0158,2169.0,False,False,None,0,0,0
5164,2029,2029,1,1,,,1,,0,True,True,0,1,,0.0,0,0,0.0,0,0,1,0,1,0,1,0,0,0,5164.0,Karen Williams,,Karen Williams,0.0,0.0,0.0,0.0,0.0416666666666666,0.0,0.0,0.0,0.0,0.2,0.0,0.0,0.0,0.0,0.0158,2169.0,False,False,None,0,0,0
5175,2029,2029,1,1,,,1,,0,True,True,0,3,,0.0,0,0,0.0,0,0,2,0,2,1,1,0,0,0,5175.0,Lei Zhou,,Lei Zhou,0.0,0.0,0.0,0.0,0.125,0.0,0.0,0.0,0.0,0.4,0.125,0.0,0.0,0.0,0.0425,1060.0,False,False,None,0,0,0
5176,2029,2029,1,1,,,1,,0,True,True,0,3,,0.0,0,0,0.0,0,0,2,0,2,1,2,0,0,0,5176.0,Wei Zheng,,Wei Zheng,0.0,0.0,0.0,0.0,0.125,0.0,0.0,0.0,0.0,0.4,0.125,0.5,0.0,0.0,0.0575,651.0,False,False,None,0,0,0
5177,2029,2029,1,1,,,1,,0,True,True,0,3,,0.0,0,0,0.0,0,0,2,0,2,1,1,0,0,0,5177.0,Jing Zhong,,Jing Zhong,0.0,0.0,0.0,0.0,0.125,0.0,0.0,0.0,0.0,0.4,0.125,0.0,0.0,0.0,0.0425,1060.0,False,False,None,0,0,0
5179,2027,2027,1,1,,,1,,0,True,True,0,2,,0.0,0,0,0.0,0,0,0,0,0,0,1,0,0,0,5179.0,Haley Silva,,Haley Silva,0.0,0.0,0.0,0.0,0.0833333333333333,0.0,0.0,0.0,0.0,0.0,0.0,0.0,0.0,0.0,0.0117,2491.0,False,False,None,0,0,0
5196,2027,2027,1,1,,,1,,0,True,True,0,1,,0.0,0,0,0.0,0,0,2,0,2,0,1,0,0,0,5196.0,Xiuying Fan, Leo Winter, Leo Winter,0.0,0.0,0.0,0.0,0.0416666666666666,0.0,0.0,0.0,0.0,0.4,0.0,0.0,0.0,0.0,0.0258,1822.0,False,False,None,0,0,0
5197,2027,2027,1,1,,,1,,0,True,True,0,1,,0.0,0,0,0.0,0,0,2,0,2,0,1,0,0,0,5197.0,James Nolan,,James Nolan,0.0,0.0,0.0,0.0,0.0416666666666666,0.0,0.0,0.0,0.0,0.4,0.0,0.0,0.0,0.0,0.0258,1822.0,False,False,None,0,0,0
5198,2027,2027,1,1,,,1,,0,True,True,0,1,,0.0,0,0,0.0,0,0,2,0,2,0,1,0,0,0,5198.0,Ping Zou,,Ping Zou,0.0,0.0,0.0,0.0,0.0416666666666666,0.0,0.0,0.0,0.0,0.4,0.0,0.0,0.0,0.0,0.0258,1822.0,False,False,None,0,0,0
5199,2027,2027,1,1,,,1,,0,True,True,0,1,,0.0,0,0,0.0,0,0,2,0,2,0,1,0,0,0,5199.0,William Sullivan,,William Sullivan,0.0,0.0,0.0,0.0,0.0416666666666666,0.0,0.0,0.0,0.0,0.4,0.0,0.0,0.0,0.0,0.0258,1822.0,False,False,None,0,0,0
5201,2027,2027,1,1,,,1,,0,True,True,0,1,,0.0,0,0,0.0,0,0,2,0,2,0,1,0,0,0,5201.0,Nichole Cruz,,Nichole Cruz,0.0,0.0,0.0,0.0,0.0416666666666666,0.0,0.0,0.0,0.0,0.4,0.0,0.0,0.0,0.0,0.0258,1822.0,False,False,None,0,0,0
5202,2027,2027,1,1,,,1,,0,True,True,0,1,,0.0,0,0,0.0,0,0,2,0,2,0,1,0,0,0,5202.0,Heather Pollard,,Heather Pollard,0.0,0.0,0.0,0.0,0.0416666666666666,0.0,0.0,0.0,0.0,0.4,0.0,0.0,0.0,0.0,0.0258,1822.0,False,False,None,0,0,0
5205,2028,2028,1,1,,,1,,0,True,True,0,1,,0.0,0,0,0.0,0,0,2,0,2,0,1,0,0,0,5205.0,John Howe,,John Howe,0.0,0.0,0.0,0.0,0.0416666666666666,0.0,0.0,0.0,0.0,0.4,0.0,0.0,0.0,0.0,0.0258,1822.0,False,False,None,0,0,0
5206,2028,2028,1,1,,,1,,0,True,True,0,1,,0.0,0,0,0.0,0,0,2,0,2,0,2,0,0,0,5206.0,Xiuying Gong,,Xiuying Gong,0.0,0.0,0.0,0.0,0.0416666666666666,0.0,0.0,0.0,0.0,0.4,0.0,0.5,0.0,0.0,0.0408,1116.0,False,False,None,0,0,0
5207,2028,2028,1,1,,,1,,0,True,True,0,1,,0.0,0,0,0.0,0,0,2,0,2,0,1,0,0,0,5207.0,Min Liang,,Min Liang,0.0,0.0,0.0,0.0,0.0416666666666666,0.0,0.0,0.0,0.0,0.4,0.0,0.0,0.0,0.0,0.0258,1822.0,False,False,None,0,0,0
5209,2028,2029,2,2,,,1,,1,True,True,0,2,,0.0,1,0,6.0,0,0,3,0,3,0,1,0,0,0,5209.0,Na Ye,,Na Ye,0.0,0.6000000000000001,0.21,0.0,0.0833333333333333,0.1428571428571428,0.0,0.0,0.0,0.6000000000000001,0.0,0.0,0.0,0.21,0.0798,364.0,False,False,None,0,0,0
5210,2028,2029,2,2,,,1,,1,True,True,0,2,,0.0,1,0,6.0,0,0,3,0,3,0,1,0,0,0,5210.0,Chao Ye,,Chao Ye,0.0,0.6000000000000001,0.21,0.0,0.0833333333333333,0.1428571428571428,0.0,0.0,0.0,0.6000000000000001,0.0,0.0,0.0,0.21,0.0798,364.0,False,False,None,0,0,0
5245,2027,2027,1,1,,,1,,0,True,True,0,1,,0.0,0,0,0.0,0,0,1,0,1,0,1,0,0,0,5245.0,Guiying Hou,,Guiying Hou,0.0,0.0,0.0,0.0,0.0416666666666666,0.0,0.0,0.0,0.0,0.2,0.0,0.0,0.0,0.0,0.0158,2169.0,False,False,None,0,0,0
5255,2028,2028,1,1,,,1,,0,True,True,0,3,,0.0,2,0,0.0,0,0,1,0,1,2,1,0,0,0,5255.0,Orazio Curatoli,,Orazio Curatoli,0.0,0.0,0.0,0.0,0.125,0.2857142857142857,0.0,0.0,0.0,0.2,0.25,0.0,0.0,0.0,0.0718,439.0,False,False,None,0,0,0
5256,2025,2028,2,2,2025.0,2025.0,2,0.0,3,True,True,0,5,15.0,0.0,3,0,1.3333,0,0,2,0,2,4,2,0,0,0,5256.0,Dolores Tasso,,Dolores Tasso,0.0,0.1333333333333333,0.0467,0.0,0.2083333333333333,0.4285714285714285,0.0,0.0,0.3333333333333333,0.4,0.5,0.5,0.0,0.0466666666666666,0.1636,63.0,False,False,None,0,0,0
5257,2025,2028,2,2,2025.0,2025.0,2,0.0,3,True,True,0,5,15.0,0.0,3,0,1.3333,0,0,2,0,2,4,1,0,0,0,5257.0,Renzo Dallapé,,Renzo Dallapé,0.0,0.1333333333333333,0.0467,0.0,0.2083333333333333,0.4285714285714285,0.0,0.0,0.3333333333333333,0.4,0.5,0.0,0.0,0.0466666666666666,0.1486,79.0,False,False,None,0,0,0
5269,2027,2027,1,1,2027.0,2027.0,1,0.0,0,True,True,0,1,13.0,0.0,0,0,0.0,0,0,1,0,1,0,1,0,1,1,5269.0,Gang Du,,Gang Du,0.0,0.0,0.0,0.0,0.0416666666666666,0.0,0.0,0.0,0.0,0.2,0.0,0.0,0.0,0.0,0.0158,2169.0,False,False,None,0,0,0
5270,2027,2027,1,1,2027.0,2027.0,1,0.0,0,True,True,0,1,13.0,0.0,0,0,0.0,0,0,1,0,1,0,1,0,1,1,5270.0,Xia Wei,,Xia Wei,0.0,0.0,0.0,0.0,0.0416666666666666,0.0,0.0,0.0,0.0,0.2,0.0,0.0,0.0,0.0,0.0158,2169.0,False,False,None,0,0,0
5271,2027,2027,1,1,2027.0,2027.0,1,0.0,0,True,True,0,1,13.0,0.0,0,0,0.0,0,0,1,0,1,0,1,0,1,1,5271.0,Yong Meng,,Yong Meng,0.0,0.0,0.0,0.0,0.0416666666666666,0.0,0.0,0.0,0.0,0.2,0.0,0.0,0.0,0.0,0.0158,2169.0,False,False,None,0,0,0
5274,2025,2025,1,1,,,1,,0,True,True,0,1,,0.0,1,0,0.0,0,0,1,0,1,0,2,0,0,0,5274.0,Ming Feng,,Ming Feng,0.0,0.0,0.0,0.0,0.0416666666666666,0.1428571428571428,0.0,0.0,0.0,0.2,0.0,0.5,0.0,0.0,0.048,895.0,False,False,None,0,0,0
5301,2027,2027,1,1,,,1,,0,True,True,0,2,,0.0,0,0,0.0,0,0,1,0,1,0,2,0,0,0,5301.0,Leonard Phillips,TR1P LIT,TR1P LIT,0.0,0.0,0.0,0.0,0.0833333333333333,0.0,0.0,0.0,0.0,0.2,0.0,0.5,0.0,0.0,0.0367,1265.0,False,False,None,0,0,0
5302,2027,2029,2,2,,,1,,2,True,True,0,3,,0.0,0,0,1.0,0,0,2,0,2,0,1,0,0,0,5302.0,Matthew Nichols,,Matthew Nichols,0.0,0.1,0.035,0.0,0.125,0.0,0.0,0.0,0.0,0.4,0.0,0.0,0.0,0.0349999999999999,0.041,1113.0,False,False,None,0,0,0
5304,2027,2029,2,2,,,1,,2,True,True,0,3,,0.0,0,0,1.0,0,0,2,0,2,0,1,0,0,0,5304.0,Dustin Lopez,,Dustin Lopez,0.0,0.1,0.035,0.0,0.125,0.0,0.0,0.0,0.0,0.4,0.0,0.0,0.0,0.0349999999999999,0.041,1113.0,False,False,None,0,0,0
5305,2027,2029,2,2,,,1,,2,True,True,0,3,,0.0,0,0,1.0,0,0,2,0,2,0,1,0,0,0,5305.0,Walter Bell,,Walter Bell,0.0,0.1,0.035,0.0,0.125,0.0,0.0,0.0,0.0,0.4,0.0,0.0,0.0,0.0349999999999999,0.041,1113.0,False,False,None,0,0,0
5320,2025,2025,1,1,,,1,,0,True,True,0,0,,0.0,1,0,0.0,0,0,1,0,1,0,1,0,0,0,5320.0,Bianca Peano,,Bianca Peano,0.0,0.0,0.0,0.0,0.0,0.1428571428571428,0.0,0.0,0.0,0.2,0.0,0.0,0.0,0.0,0.0271,1747.0,False,False,None,0,0,0
5323,2027,2027,1,1,,,1,,0,True,True,0,1,,0.0,0,0,0.0,0,0,1,0,1,1,2,0,0,0,5323.0,Leroy Reeves,,Leroy Reeves,0.0,0.0,0.0,0.0,0.0416666666666666,0.0,0.0,0.0,0.0,0.2,0.125,0.5,0.0,0.0,0.0358,1318.0,False,False,None,0,0,0
5340,2026,2026,1,1,,,1,,0,True,True,0,1,,0.0,1,0,0.0,0,0,2,0,2,0,1,0,0,0,5340.0,Alyssa Franklin,,Alyssa Franklin,0.0,0.0,0.0,0.0,0.0416666666666666,0.1428571428571428,0.0,0.0,0.0,0.4,0.0,0.0,0.0,0.0,0.043,1046.0,False,False,None,0,0,0
5341,2026,2026,1,1,,,1,,0,True,True,0,1,,0.0,1,0,0.0,0,0,2,0,2,0,1,0,0,0,5341.0,Li Tan,,Li Tan,0.0,0.0,0.0,0.0,0.0416666666666666,0.1428571428571428,0.0,0.0,0.0,0.4,0.0,0.0,0.0,0.0,0.043,1046.0,False,False,None,0,0,0
5344,2026,2026,1,1,,,1,,0,True,True,0,1,,0.0,1,0,0.0,0,0,2,0,2,0,1,0,0,0,5344.0,Jie Fan,,Jie Fan,0.0,0.0,0.0,0.0,0.0416666666666666,0.1428571428571428,0.0,0.0,0.0,0.4,0.0,0.0,0.0,0.0,0.043,1046.0,False,False,None,0,0,0
5346,2026,2026,1,1,,,1,,0,True,True,0,1,,0.0,1,0,0.0,0,0,2,0,2,0,1,0,0,0,5346.0,Juan Qiu,,Juan Qiu,0.0,0.0,0.0,0.0,0.0416666666666666,0.1428571428571428,0.0,0.0,0.0,0.4,0.0,0.0,0.0,0.0,0.043,1046.0,False,False,None,0,0,0
5365,2027,2027,1,1,,,1,,0,True,True,0,2,,0.0,4,0,0.0,0,0,1,0,1,0,1,0,0,0,5365.0,Guiying Zhao, Diamond Dusk, Diamond Dusk,0.0,0.0,0.0,0.0,0.0833333333333333,0.5714285714285714,0.0,0.0,0.0,0.2,0.0,0.0,0.0,0.0,0.0902,286.0,False,False,None,0,0,0
5366,2025,2028,4,4,,,3,,3,True,True,0,7,,0.0,6,0,6.8,0,0,2,1,3,0,3,0,0,0,5366.0,Xiuying Song,,Xiuying Song,0.0,0.68,0.238,0.0,0.2916666666666666,0.8571428571428571,0.0,0.0,0.6666666666666667,0.6000000000000001,0.0,1.0,0.0,0.238,0.2742,9.0,True,False,Martial Harmonies,7,2,5
5367,2025,2027,3,3,,,3,,2,True,True,0,5,,0.0,5,0,4.0,0,0,1,1,2,0,2,0,0,0,5367.0,Juan Feng,,Juan Feng,0.0,0.4,0.14,0.0,0.2083333333333333,0.7142857142857142,0.0,0.0,0.6666666666666667,0.4,0.0,0.5,0.0,0.1399999999999999,0.2105,27.0,True,False,Martial Harmonies,7,2,5
5368,2025,2028,6,6,,,4,,3,True,True,0,9,,0.0,6,0,9.2,0,0,2,1,3,0,1,0,0,0,5368.0,Xia Dai,,Xia Dai,0.0,0.92,0.322,0.0,0.375,0.8571428571428571,0.0,0.0,1.0,0.6000000000000001,0.0,0.0,0.0,0.3219999999999999,0.2876,6.0,True,False,Martial Harmonies,7,2,5
5369,2027,2027,1,1,,,1,,0,True,True,0,2,,0.0,4,0,0.0,0,0,1,0,1,0,1,0,0,0,5369.0,Lei Xie,,Lei Xie,0.0,0.0,0.0,0.0,0.0833333333333333,0.5714285714285714,0.0,0.0,0.0,0.2,0.0,0.0,0.0,0.0,0.0902,286.0,False,False,None,0,0,0
5370,2025,2028,6,6,,,4,,3,True,True,0,9,,0.0,6,0,9.2,0,0,2,1,3,0,1,0,0,0,5370.0,Xiuying Xiang,,Xiuying Xiang,0.0,0.92,0.322,0.0,0.375,0.8571428571428571,0.0,0.0,1.0,0.6000000000000001,0.0,0.0,0.0,0.3219999999999999,0.2876,6.0,True,False,Martial Harmonies,7,2,5
5371,2026,2027,2,2,,,1,,1,True,True,0,3,,0.0,7,0,6.0,0,0,2,0,2,0,1,0,0,0,5371.0,Lei Lai,,Lei Lai,0.0,0.6000000000000001,0.21,0.0,0.125,1.0,0.0,0.0,0.0,0.4,0.0,0.0,0.0,0.21,0.1785,46.0,False,False,None,0,0,0
5395,2027,2029,2,2,,,1,,2,True,True,0,5,,0.0,5,0,2.5,0,0,2,0,2,0,1,0,0,0,5395.0,Yan Kang,,Yan Kang,0.0,0.25,0.0875,0.0,0.2083333333333333,0.7142857142857142,0.0,0.0,0.0,0.4,0.0,0.0,0.0,0.0875,0.1436,84.0,False,False,None,0,0,0
5397,2026,2026,1,1,,,1,,0,True,True,0,1,,0.0,2,0,0.0,0,0,0,0,0,0,1,0,0,0,5397.0,Guiying Fu,,Guiying Fu,0.0,0.0,0.0,0.0,0.0416666666666666,0.2857142857142857,0.0,0.0,0.0,0.0,0.0,0.0,0.0,0.0,0.0401,1147.0,False,False,None,0,0,0
5399,2026,2026,2,2,,,2,,0,True,True,0,2,,0.0,2,0,0.0,0,0,1,0,1,0,1,0,0,0,5399.0,Chao Liao,,Chao Liao,0.0,0.0,0.0,0.0,0.0833333333333333,0.2857142857142857,0.0,0.0,0.3333333333333333,0.2,0.0,0.0,0.0,0.0,0.0793,367.0,False,False,None,0,0,0
5400,2026,2026,1,1,,,1,,0,True,True,0,1,,0.0,1,0,0.0,0,0,1,0,1,0,1,0,0,0,5400.0,Min Lu,,Min Lu,0.0,0.0,0.0,0.0,0.0416666666666666,0.1428571428571428,0.0,0.0,0.0,0.2,0.0,0.0,0.0,0.0,0.033,1390.0,False,False,None,0,0,0
5417,2028,2028,1,1,2028.0,2028.0,1,0.0,0,True,True,0,3,12.0,0.0,1,0,0.0,0,0,1,0,1,0,1,0,0,0,5417.0,Qiang Jiang,,Qiang Jiang,0.0,0.0,0.0,0.0,0.125,0.1428571428571428,0.0,0.0,0.0,0.2,0.0,0.0,0.0,0.0,0.0446,965.0,False,False,None,0,0,0
5418,2028,2028,1,1,2028.0,2028.0,1,0.0,0,True,True,0,3,12.0,0.0,1,0,0.0,0,0,1,0,1,0,1,0,0,0,5418.0,Ming Zeng,,Ming Zeng,0.0,0.0,0.0,0.0,0.125,0.1428571428571428,0.0,0.0,0.0,0.2,0.0,0.0,0.0,0.0,0.0446,965.0,False,False,None,0,0,0
5419,2028,2028,1,1,2028.0,2028.0,1,0.0,0,True,True,0,3,12.0,0.0,1,0,0.0,0,0,1,0,1,0,1,0,0,0,5419.0,Karen Graham,,Karen Graham,0.0,0.0,0.0,0.0,0.125,0.1428571428571428,0.0,0.0,0.0,0.2,0.0,0.0,0.0,0.0,0.0446,965.0,False,False,None,0,0,0
5420,2028,2028,1,1,2028.0,2028.0,1,0.0,0,True,True,0,3,12.0,0.0,1,0,0.0,0,0,1,0,1,0,2,0,0,0,5420.0,Wei Long,,Wei Long,0.0,0.0,0.0,0.0,0.125,0.1428571428571428,0.0,0.0,0.0,0.2,0.0,0.5,0.0,0.0,0.0596,619.0,False,False,None,0,0,0
5421,2028,2028,1,1,2028.0,2028.0,1,0.0,0,True,True,0,3,12.0,0.0,1,0,0.0,0,0,1,0,1,0,1,0,0,0,5421.0,Qiang Wen,,Qiang Wen,0.0,0.0,0.0,0.0,0.125,0.1428571428571428,0.0,0.0,0.0,0.2,0.0,0.0,0.0,0.0,0.0446,965.0,False,False,None,0,0,0
5423,2028,2028,1,1,2028.0,2028.0,1,0.0,0,True,True,0,3,12.0,0.0,1,0,0.0,0,0,1,0,1,0,1,0,0,0,5423.0,Chao Fang,,Chao Fang,0.0,0.0,0.0,0.0,0.125,0.1428571428571428,0.0,0.0,0.0,0.2,0.0,0.0,0.0,0.0,0.0446,965.0,False,False,None,0,0,0
5440,2028,2028,1,1,,,1,,0,True,True,0,1,,0.0,0,0,0.0,0,0,1,0,1,0,1,0,0,0,5440.0,Guiying Lu,,Guiying Lu,0.0,0.0,0.0,0.0,0.0416666666666666,0.0,0.0,0.0,0.0,0.2,0.0,0.0,0.0,0.0,0.0158,2169.0,False,False,None,0,0,0
5441,2028,2028,1,1,,,1,,0,True,True,0,1,,0.0,0,0,0.0,0,0,1,0,1,0,1,0,0,0,5441.0,Guiying Jin,,Guiying Jin,0.0,0.0,0.0,0.0,0.0416666666666666,0.0,0.0,0.0,0.0,0.2,0.0,0.0,0.0,0.0,0.0158,2169.0,False,False,None,0,0,0
5442,2028,2028,1,1,,,1,,0,True,True,0,1,,0.0,0,0,0.0,0,0,1,0,1,0,1,0,0,0,5442.0,Qiang Jin,,Qiang Jin,0.0,0.0,0.0,0.0,0.0416666666666666,0.0,0.0,0.0,0.0,0.2,0.0,0.0,0.0,0.0,0.0158,2169.0,False,False,None,0,0,0
5444,2028,2028,1,1,,,1,,0,True,True,0,1,,0.0,0,0,0.0,0,0,1,0,1,0,1,0,0,0,5444.0,Xiuying Gao,,Xiuying Gao,0.0,0.0,0.0,0.0,0.0416666666666666,0.0,0.0,0.0,0.0,0.2,0.0,0.0,0.0,0.0,0.0158,2169.0,False,False,None,0,0,0
5445,2028,2028,1,1,,,1,,0,True,True,0,1,,0.0,0,0,0.0,0,0,1,0,1,0,1,0,0,0,5445.0,Xia Zhao,,Xia Zhao,0.0,0.0,0.0,0.0,0.0416666666666666,0.0,0.0,0.0,0.0,0.2,0.0,0.0,0.0,0.0,0.0158,2169.0,False,False,None,0,0,0
5446,2028,2028,1,1,,,1,,0,True,True,0,1,,0.0,0,0,0.0,0,0,1,0,1,0,1,0,0,0,5446.0,Jie Gu,,Jie Gu,0.0,0.0,0.0,0.0,0.0416666666666666,0.0,0.0,0.0,0.0,0.2,0.0,0.0,0.0,0.0,0.0158,2169.0,False,False,None,0,0,0
5447,2028,2028,1,1,,,1,,0,True,True,0,1,,0.0,0,0,0.0,0,0,1,0,1,0,1,0,0,0,5447.0,Yang Lai,,Yang Lai,0.0,0.0,0.0,0.0,0.0416666666666666,0.0,0.0,0.0,0.0,0.2,0.0,0.0,0.0,0.0,0.0158,2169.0,False,False,None,0,0,0
5454,2028,2028,1,1,,,1,,0,True,True,0,1,,0.0,0,0,0.0,0,0,1,0,1,0,2,0,0,0,5454.0,Xia Long,,Xia Long,0.0,0.0,0.0,0.0,0.0416666666666666,0.0,0.0,0.0,0.0,0.2,0.0,0.5,0.0,0.0,0.0308,1542.0,False,False,None,0,0,0
5490,2025,2025,1,1,2025.0,2025.0,1,0.0,0,True,True,0,1,15.0,0.0,0,0,0.0,0,0,1,0,1,0,1,0,0,0,5490.0,Joseph Contreras,,Joseph Contreras,0.0,0.0,0.0,0.0,0.0416666666666666,0.0,0.0,0.0,0.0,0.2,0.0,0.0,0.0,0.0,0.0158,2169.0,False,False,None,0,0,0
5491,2025,2025,1,1,2025.0,2025.0,1,0.0,0,True,True,0,1,15.0,0.0,0,0,0.0,0,0,1,0,1,0,1,0,0,0,5491.0,Ana Wilson,,Ana Wilson,0.0,0.0,0.0,0.0,0.0416666666666666,0.0,0.0,0.0,0.0,0.2,0.0,0.0,0.0,0.0,0.0158,2169.0,False,False,None,0,0,0
5532,2026,2026,1,1,,,1,,0,True,True,0,1,,0.0,0,0,0.0,0,0,1,0,1,1,1,0,0,0,5532.0,Yan Yuan,,Yan Yuan,0.0,0.0,0.0,0.0,0.0416666666666666,0.0,0.0,0.0,0.0,0.2,0.125,0.0,0.0,0.0,0.0208,2090.0,False,False,None,0,0,0
5533,2026,2026,1,1,,,1,,0,True,True,0,1,,0.0,0,0,0.0,0,0,1,0,1,1,1,0,0,0,5533.0,Yan Cui,,Yan Cui,0.0,0.0,0.0,0.0,0.0416666666666666,0.0,0.0,0.0,0.0,0.2,0.125,0.0,0.0,0.0,0.0208,2090.0,False,False,None,0,0,0
5557,2029,2029,1,1,,,1,,0,True,True,0,2,,0.0,0,0,0.0,0,0,1,0,1,1,3,0,0,0,5557.0,Kendra Green,,Kendra Green,0.0,0.0,0.0,0.0,0.0833333333333333,0.0,0.0,0.0,0.0,0.2,0.125,1.0,0.0,0.0,0.0567,656.0,True,False,Velvet Prism,5,3,2
5578,2029,2029,1,1,,,1,,0,True,True,0,1,,0.0,0,0,0.0,0,0,0,0,0,1,2,0,0,0,5578.0,Juan Zhou,,Juan Zhou,0.0,0.0,0.0,0.0,0.0416666666666666,0.0,0.0,0.0,0.0,0.0,0.125,0.5,0.0,0.0,0.0258,1893.0,False,False,None,0,0,0
5579,2029,2029,1,1,,,1,,0,True,True,0,1,,0.0,0,0,0.0,0,0,0,0,0,1,2,0,0,0,5579.0,Jie Wen,,Jie Wen,0.0,0.0,0.0,0.0,0.0416666666666666,0.0,0.0,0.0,0.0,0.0,0.125,0.5,0.0,0.0,0.0258,1893.0,False,False,None,0,0,0
5580,2029,2029,1,1,,,1,,0,True,True,0,1,,0.0,0,0,0.0,0,0,0,0,0,1,1,0,0,0,5580.0,Gang Yu,,Gang Yu,0.0,0.0,0.0,0.0,0.0416666666666666,0.0,0.0,0.0,0.0,0.0,0.125,0.0,0.0,0.0,0.0108,2506.0,False,False,None,0,0,0
5581,2029,2029,1,1,,,1,,0,True,True,0,1,,0.0,0,0,0.0,0,0,0,0,0,1,1,0,0,0,5581.0,Gang He,,Gang He,0.0,0.0,0.0,0.0,0.0416666666666666,0.0,0.0,0.0,0.0,0.0,0.125,0.0,0.0,0.0,0.0108,2506.0,False,False,None,0,0,0
5589,2026,2026,1,1,,,1,,0,True,True,0,0,,0.0,0,0,0.0,0,0,1,0,1,0,2,0,0,0,5589.0,Paul-Robert Bodin,,Paul-Robert Bodin,0.0,0.0,0.0,0.0,0.0,0.0,0.0,0.0,0.0,0.2,0.0,0.5,0.0,0.0,0.025,1899.0,False,False,None,0,0,0
5592,2025,2025,1,1,2025.0,2025.0,1,0.0,0,True,True,0,1,15.0,0.0,0,0,0.0,0,0,2,0,2,0,1,0,0,0,5592.0,Anja Niemeier,,Anja Niemeier,0.0,0.0,0.0,0.0,0.0416666666666666,0.0,0.0,0.0,0.0,0.4,0.0,0.0,0.0,0.0,0.0258,1822.0,False,False,None,0,0,0
5593,2025,2025,1,1,2025.0,2025.0,1,0.0,0,True,True,0,1,15.0,0.0,0,0,0.0,0,0,2,0,2,0,1,0,0,0,5593.0,Silvia Baum,,Silvia Baum,0.0,0.0,0.0,0.0,0.0416666666666666,0.0,0.0,0.0,0.0,0.4,0.0,0.0,0.0,0.0,0.0258,1822.0,False,False,None,0,0,0
5594,2025,2025,1,1,2025.0,2025.0,1,0.0,0,True,True,0,1,15.0,0.0,0,0,0.0,0,0,2,0,2,0,1,0,0,0,5594.0,Marc Arroyo,,Marc Arroyo,0.0,0.0,0.0,0.0,0.0416666666666666,0.0,0.0,0.0,0.0,0.4,0.0,0.0,0.0,0.0,0.0258,1822.0,False,False,None,0,0,0
5595,2025,2025,1,1,2025.0,2025.0,1,0.0,0,True,True,0,1,15.0,0.0,0,0,0.0,0,0,2,0,2,0,1,0,0,0,5595.0,Marco Kusch,,Marco Kusch,0.0,0.0,0.0,0.0,0.0416666666666666,0.0,0.0,0.0,0.0,0.4,0.0,0.0,0.0,0.0,0.0258,1822.0,False,False,None,0,0,0
5597,2025,2025,1,1,2025.0,2025.0,1,0.0,0,True,True,0,1,15.0,0.0,0,0,0.0,0,0,2,0,2,0,2,0,0,0,5597.0,Hansjoachim Gieß,,Hansjoachim Gieß,0.0,0.0,0.0,0.0,0.0416666666666666,0.0,0.0,0.0,0.0,0.4,0.0,0.5,0.0,0.0,0.0408,1116.0,False,False,None,0,0,0
5615,2026,2029,2,2,2029.0,2029.0,2,3.0,3,True,True,0,5,11.0,0.0,0,0,0.0,0,0,1,0,1,0,3,0,0,0,5615.0,Derek Cline,,Derek Cline,0.0,0.0,0.0,0.0,0.2083333333333333,0.0,0.0,0.0,0.3333333333333333,0.2,0.0,1.0,0.0,0.0,0.0925,274.0,False,False,None,0,0,0
5621,2028,2028,1,1,,,1,,0,True,True,0,7,,0.0,0,0,0.0,0,0,1,0,1,2,2,0,1,1,5621.0,Charles Jacobs,BIGG STACCZ,BIGG STACCZ,0.0,0.0,0.0,0.0,0.2916666666666666,0.0,0.0,0.0,0.0,0.2,0.25,0.5,0.0,0.0,0.0758,401.0,False,False,None,0,0,0
5622,2028,2028,1,1,,,1,,0,True,True,0,7,,0.0,0,0,0.0,0,0,1,0,1,2,1,0,1,1,5622.0,Ping Mo,,Ping Mo,0.0,0.0,0.0,0.0,0.2916666666666666,0.0,0.0,0.0,0.0,0.2,0.25,0.0,0.0,0.0,0.0608,599.0,False,False,None,0,0,0
5623,2028,2028,1,1,,,1,,0,True,True,0,7,,0.0,0,0,0.0,0,0,1,0,1,2,1,0,1,1,5623.0,Min Yao,,Min Yao,0.0,0.0,0.0,0.0,0.2916666666666666,0.0,0.0,0.0,0.0,0.2,0.25,0.0,0.0,0.0,0.0608,599.0,False,False,None,0,0,0
5624,2028,2028,1,1,,,1,,0,True,True,0,7,,0.0,0,0,0.0,0,0,1,0,1,2,1,0,1,1,5624.0,Jing Tao,,Jing Tao,0.0,0.0,0.0,0.0,0.2916666666666666,0.0,0.0,0.0,0.0,0.2,0.25,0.0,0.0,0.0,0.0608,599.0,False,False,None,0,0,0
5630,2027,2027,1,1,,,1,,0,True,True,0,1,,0.0,0,0,0.0,0,0,1,0,1,0,2,0,0,0,5630.0,Adrianna Panasiewicz,TY$ON WAVE,TY$ON WAVE,0.0,0.0,0.0,0.0,0.0416666666666666,0.0,0.0,0.0,0.0,0.2,0.0,0.5,0.0,0.0,0.0308,1542.0,False,False,None,0,0,0
5631,2027,2027,1,1,,,1,,0,True,True,0,1,,0.0,0,0,0.0,0,0,1,0,1,0,1,0,0,0,5631.0,Wojciech Ratka,,Wojciech Ratka,0.0,0.0,0.0,0.0,0.0416666666666666,0.0,0.0,0.0,0.0,0.2,0.0,0.0,0.0,0.0,0.0158,2169.0,False,False,None,0,0,0
5634,2026,2026,1,1,,,1,,0,True,True,0,1,,0.0,0,0,0.0,0,0,1,0,1,0,3,0,0,0,5634.0,Radosław Krzyk,,Radosław Krzyk,0.0,0.0,0.0,0.0,0.0416666666666666,0.0,0.0,0.0,0.0,0.2,0.0,1.0,0.0,0.0,0.0458,940.0,False,False,None,0,0,0
5637,2026,2026,1,1,2026.0,2026.0,1,0.0,0,True,True,0,1,14.0,0.0,0,0,0.0,0,0,1,0,1,0,2,0,0,0,5637.0,Steven Hobbs,The Hobbs,The Hobbs,0.0,0.0,0.0,0.0,0.0416666666666666,0.0,0.0,0.0,0.0,0.2,0.0,0.5,0.0,0.0,0.0308,1542.0,False,False,None,0,0,0
5640,2026,2026,1,1,2026.0,2026.0,1,0.0,0,True,True,0,1,14.0,0.0,0,0,0.0,0,0,1,0,1,0,1,0,0,0,5640.0,Alex Smith,,Alex Smith,0.0,0.0,0.0,0.0,0.0416666666666666,0.0,0.0,0.0,0.0,0.2,0.0,0.0,0.0,0.0,0.0158,2169.0,False,False,None,0,0,0
5649,2025,2028,2,1,,,2,,3,True,True,0,7,,0.0,4,0,0.6667,0,0,3,0,3,0,1,0,0,0,5649.0,Wei Zeng,,Wei Zeng,0.0,0.0666666666666666,0.0233,0.0,0.2916666666666666,0.5714285714285714,0.0,0.0,0.3333333333333333,0.6000000000000001,0.0,0.0,0.0,0.0233333333333333,0.1651,60.0,False,False,None,0,0,0
5651,2028,2028,1,0,,,1,,0,True,True,0,3,,0.0,1,0,0.0,0,0,2,0,2,0,2,0,0,0,5651.0,Lucas Smith,,Lucas Smith,0.0,0.0,0.0,0.0,0.125,0.1428571428571428,0.0,0.0,0.0,0.4,0.0,0.5,0.0,0.0,0.0696,461.0,False,False,None,0,0,0
5674,2030,2030,2,2,2030.0,2030.0,2,0.0,0,True,True,2,1,10.0,0.0,0,0,0.0,0,0,2,0,2,1,1,0,0,0,5674.0,Laura Stanton,,Laura Stanton,0.0,0.0,0.0,0.1666666666666666,0.0416666666666666,0.0,0.0,0.0,0.3333333333333333,0.4,0.125,0.0,0.0,0.0,0.0808,355.0,False,False,None,0,0,0
5676,2030,2030,1,1,2030.0,2030.0,1,0.0,0,True,True,1,0,10.0,0.0,0,0,0.0,0,0,2,0,2,0,1,0,0,0,5676.0,Xia Liang,,Xia Liang,0.0,0.0,0.0,0.0833333333333333,0.0,0.0,0.0,0.0,0.0,0.4,0.0,0.0,0.0,0.0,0.0333,1350.0,False,False,None,0,0,0
5677,2030,2030,1,1,2030.0,2030.0,1,0.0,0,True,True,1,0,10.0,0.0,0,0,0.0,0,0,2,0,2,0,2,0,0,0,5677.0,Kenneth Randolph,,Kenneth Randolph,0.0,0.0,0.0,0.0833333333333333,0.0,0.0,0.0,0.0,0.0,0.4,0.0,0.5,0.0,0.0,0.0483,880.0,False,False,None,0,0,0
5700,2026,2026,1,1,,,1,,0,True,True,0,4,,0.0,0,0,0.0,0,0,1,0,1,1,2,0,0,0,5700.0,Ping Shen,,Ping Shen,0.0,0.0,0.0,0.0,0.1666666666666666,0.0,0.0,0.0,0.0,0.2,0.125,0.5,0.0,0.0,0.0533,756.0,False,False,None,0,0,0
5719,2028,2028,1,0,,,1,,0,True,True,0,2,,0.0,0,0,0.0,0,0,0,0,0,0,1,0,0,0,5719.0,Anthony Smith,,Anthony Smith,0.0,0.0,0.0,0.0,0.0833333333333333,0.0,0.0,0.0,0.0,0.0,0.0,0.0,0.0,0.0,0.0117,2491.0,False,False,None,0,0,0
5722,2028,2028,1,0,,,1,,0,True,True,0,2,,0.0,0,0,0.0,0,0,0,0,0,0,1,0,0,0,5722.0,Elizabeth Brennan,,Elizabeth Brennan,0.0,0.0,0.0,0.0,0.0833333333333333,0.0,0.0,0.0,0.0,0.0,0.0,0.0,0.0,0.0,0.0117,2491.0,False,False,None,0,0,0
5724,2028,2028,1,0,,,1,,0,True,True,0,2,,0.0,0,0,0.0,0,0,0,0,0,0,2,0,0,0,5724.0,Jason Davis,,Jason Davis,0.0,0.0,0.0,0.0,0.0833333333333333,0.0,0.0,0.0,0.0,0.0,0.0,0.5,0.0,0.0,0.0267,1818.0,False,False,None,0,0,0
5752,2025,2025,1,1,,,1,,0,True,True,0,1,,0.0,0,0,0.0,0,0,1,0,1,0,1,0,0,0,5752.0,Lisa Nunez, The Vector, The Vector,0.0,0.0,0.0,0.0,0.0416666666666666,0.0,0.0,0.0,0.0,0.2,0.0,0.0,0.0,0.0,0.0158,2169.0,False,False,None,0,0,0
5753,2025,2025,1,1,,,1,,0,True,True,0,1,,0.0,0,0,0.0,0,0,1,0,1,0,1,0,0,0,5753.0,Denise Fisher,,Denise Fisher,0.0,0.0,0.0,0.0,0.0416666666666666,0.0,0.0,0.0,0.0,0.2,0.0,0.0,0.0,0.0,0.0158,2169.0,False,False,None,0,0,0
5755,2025,2025,1,1,,,1,,0,True,True,0,1,,0.0,0,0,0.0,0,0,1,0,1,0,1,0,0,0,5755.0,Colleen Palmer,,Colleen Palmer,0.0,0.0,0.0,0.0,0.0416666666666666,0.0,0.0,0.0,0.0,0.2,0.0,0.0,0.0,0.0,0.0158,2169.0,False,False,None,0,0,0
5756,2025,2025,1,1,,,1,,0,True,True,0,1,,0.0,0,0,0.0,0,0,1,0,1,0,1,0,0,0,5756.0,Kimberly Collins,,Kimberly Collins,0.0,0.0,0.0,0.0,0.0416666666666666,0.0,0.0,0.0,0.0,0.2,0.0,0.0,0.0,0.0,0.0158,2169.0,False,False,None,0,0,0
5757,2025,2025,1,1,,,1,,0,True,True,0,1,,0.0,0,0,0.0,0,0,1,0,1,0,1,0,0,0,5757.0,Samuel Ryan,,Samuel Ryan,0.0,0.0,0.0,0.0,0.0416666666666666,0.0,0.0,0.0,0.0,0.2,0.0,0.0,0.0,0.0,0.0158,2169.0,False,False,None,0,0,0
5758,2025,2025,1,1,,,1,,0,True,True,0,1,,0.0,0,0,0.0,0,0,1,0,1,0,1,0,0,0,5758.0,Brittany Strickland,,Brittany Strickland,0.0,0.0,0.0,0.0,0.0416666666666666,0.0,0.0,0.0,0.0,0.2,0.0,0.0,0.0,0.0,0.0158,2169.0,False,False,None,0,0,0
5759,2025,2025,1,1,,,1,,0,True,True,0,1,,0.0,0,0,0.0,0,0,1,0,1,0,1,0,0,0,5759.0,Marc Andersen,,Marc Andersen,0.0,0.0,0.0,0.0,0.0416666666666666,0.0,0.0,0.0,0.0,0.2,0.0,0.0,0.0,0.0,0.0158,2169.0,False,False,None,0,0,0
5760,2025,2025,1,1,,,1,,0,True,True,0,1,,0.0,0,0,0.0,0,0,1,0,1,0,1,0,0,0,5760.0,Kimberly Jordan,,Kimberly Jordan,0.0,0.0,0.0,0.0,0.0416666666666666,0.0,0.0,0.0,0.0,0.2,0.0,0.0,0.0,0.0,0.0158,2169.0,False,False,None,0,0,0
5762,2029,2029,1,1,,,1,,0,True,True,0,1,,0.0,0,0,0.0,0,0,1,0,1,0,2,0,0,0,5762.0,William Knapp,,William Knapp,0.0,0.0,0.0,0.0,0.0416666666666666,0.0,0.0,0.0,0.0,0.2,0.0,0.5,0.0,0.0,0.0308,1542.0,False,False,None,0,0,0
5763,2026,2026,1,1,,,1,,0,True,True,0,2,,0.0,0,0,0.0,0,0,1,0,1,0,1,1,0,1,5763.0,Michael Smith,,Michael Smith,0.0,0.0,0.0,0.0,0.0833333333333333,0.0,0.0,0.0,0.0,0.2,0.0,0.0,0.0,0.0,0.0217,1958.0,False,False,None,0,0,0
5834,2029,2029,1,1,,,1,,0,True,True,0,1,,0.0,0,0,0.0,0,0,1,0,1,0,1,0,0,0,5834.0,Wei Ren,,Wei Ren,0.0,0.0,0.0,0.0,0.0416666666666666,0.0,0.0,0.0,0.0,0.2,0.0,0.0,0.0,0.0,0.0158,2169.0,False,False,None,0,0,0
5835,2029,2029,1,1,,,1,,0,True,True,0,1,,0.0,0,0,0.0,0,0,1,0,1,0,1,0,0,0,5835.0,Gregory Hansen,,Gregory Hansen,0.0,0.0,0.0,0.0,0.0416666666666666,0.0,0.0,0.0,0.0,0.2,0.0,0.0,0.0,0.0,0.0158,2169.0,False,False,None,0,0,0
5836,2029,2029,1,1,,,1,,0,True,True,0,1,,0.0,0,0,0.0,0,0,1,0,1,0,1,0,0,0,5836.0,Jing Gu,,Jing Gu,0.0,0.0,0.0,0.0,0.0416666666666666,0.0,0.0,0.0,0.0,0.2,0.0,0.0,0.0,0.0,0.0158,2169.0,False,False,None,0,0,0
5848,2029,2029,1,1,,,1,,0,True,True,0,4,,0.0,0,0,0.0,0,0,1,0,1,0,1,0,0,0,5848.0,Gang Yang,MNTL X (Mental X),MNTL X (Mental X),0.0,0.0,0.0,0.0,0.1666666666666666,0.0,0.0,0.0,0.0,0.2,0.0,0.0,0.0,0.0,0.0333,1350.0,False,False,None,0,0,0
5851,2029,2029,1,1,,,1,,0,True,True,0,4,,0.0,0,0,0.0,0,0,1,0,1,0,1,0,0,0,5851.0,Lei Yi,,Lei Yi,0.0,0.0,0.0,0.0,0.1666666666666666,0.0,0.0,0.0,0.0,0.2,0.0,0.0,0.0,0.0,0.0333,1350.0,False,False,None,0,0,0
5852,2029,2029,1,1,,,1,,0,True,True,0,4,,0.0,0,0,0.0,0,0,1,0,1,0,1,0,0,0,5852.0,Jie Song,,Jie Song,0.0,0.0,0.0,0.0,0.1666666666666666,0.0,0.0,0.0,0.0,0.2,0.0,0.0,0.0,0.0,0.0333,1350.0,False,False,None,0,0,0
5853,2028,2029,2,2,,,2,,1,True,True,0,6,,0.0,0,0,0.0,0,0,1,0,1,1,1,0,0,0,5853.0,Olav Mülichen,,Olav Mülichen,0.0,0.0,0.0,0.0,0.25,0.0,0.0,0.0,0.3333333333333333,0.2,0.125,0.0,0.0,0.0,0.0733,421.0,False,False,None,0,0,0
5874,2026,2026,1,1,,,1,,0,True,True,0,3,,0.0,0,0,0.0,0,0,1,0,1,1,2,0,0,0,5874.0,Xiulan Meng,,Xiulan Meng,0.0,0.0,0.0,0.0,0.125,0.0,0.0,0.0,0.0,0.2,0.125,0.5,0.0,0.0,0.0475,918.0,False,False,None,0,0,0
5876,2026,2026,1,1,,,1,,0,True,True,0,3,,0.0,0,0,0.0,0,0,1,0,1,1,1,0,0,0,5876.0,Ping Han,,Ping Han,0.0,0.0,0.0,0.0,0.125,0.0,0.0,0.0,0.0,0.2,0.125,0.0,0.0,0.0,0.0325,1451.0,False,False,None,0,0,0
5890,2026,2026,2,2,,,2,,0,True,True,0,3,,0.0,1,0,0.0,0,0,3,0,3,0,2,0,0,0,5890.0,Allison Patterson,,Allison Patterson,0.0,0.0,0.0,0.0,0.125,0.1428571428571428,0.0,0.0,0.3333333333333333,0.6000000000000001,0.0,0.5,0.0,0.0,0.103,197.0,False,False,None,0,0,0
5894,2027,2027,1,1,,,1,,0,True,True,0,2,,0.0,0,0,0.0,0,0,1,0,1,0,1,0,0,0,5894.0,Juan Qian,Halcyon,Halcyon,0.0,0.0,0.0,0.0,0.0833333333333333,0.0,0.0,0.0,0.0,0.2,0.0,0.0,0.0,0.0,0.0217,1958.0,False,False,None,0,0,0
5895,2027,2027,1,1,,,1,,0,True,True,0,2,,0.0,0,0,0.0,0,0,1,0,1,0,1,0,0,0,5895.0,Wei Dai,,Wei Dai,0.0,0.0,0.0,0.0,0.0833333333333333,0.0,0.0,0.0,0.0,0.2,0.0,0.0,0.0,0.0,0.0217,1958.0,False,False,None,0,0,0
5896,2027,2027,1,1,,,1,,0,True,True,0,2,,0.0,0,0,0.0,0,0,1,0,1,0,1,0,0,0,5896.0,Joshua Mckenzie,,Joshua Mckenzie,0.0,0.0,0.0,0.0,0.0833333333333333,0.0,0.0,0.0,0.0,0.2,0.0,0.0,0.0,0.0,0.0217,1958.0,False,False,None,0,0,0
5897,2027,2027,1,1,,,1,,0,True,True,0,2,,0.0,0,0,0.0,0,0,1,0,1,0,1,0,0,0,5897.0,Ping Gong,,Ping Gong,0.0,0.0,0.0,0.0,0.0833333333333333,0.0,0.0,0.0,0.0,0.2,0.0,0.0,0.0,0.0,0.0217,1958.0,False,False,None,0,0,0
5898,2027,2027,1,1,,,1,,0,True,True,0,2,,0.0,0,0,0.0,0,0,1,0,1,0,1,0,0,0,5898.0,Yan Zhao,,Yan Zhao,0.0,0.0,0.0,0.0,0.0833333333333333,0.0,0.0,0.0,0.0,0.2,0.0,0.0,0.0,0.0,0.0217,1958.0,False,False,None,0,0,0
5899,2027,2027,1,1,,,1,,0,True,True,0,2,,0.0,0,0,0.0,0,0,1,0,1,0,1,0,0,0,5899.0,Jason Stevens,,Jason Stevens,0.0,0.0,0.0,0.0,0.0833333333333333,0.0,0.0,0.0,0.0,0.2,0.0,0.0,0.0,0.0,0.0217,1958.0,False,False,None,0,0,0
5900,2027,2027,1,1,,,1,,0,True,True,0,2,,0.0,0,0,0.0,0,0,1,0,1,0,1,0,0,0,5900.0,Amy Wood,,Amy Wood,0.0,0.0,0.0,0.0,0.0833333333333333,0.0,0.0,0.0,0.0,0.2,0.0,0.0,0.0,0.0,0.0217,1958.0,False,False,None,0,0,0
5901,2027,2027,1,1,,,1,,0,True,True,0,2,,0.0,0,0,0.0,0,0,1,0,1,0,1,0,0,0,5901.0,Yang Su,,Yang Su,0.0,0.0,0.0,0.0,0.0833333333333333,0.0,0.0,0.0,0.0,0.2,0.0,0.0,0.0,0.0,0.0217,1958.0,False,False,None,0,0,0
5902,2026,2027,2,2,,,2,,1,True,True,0,7,,0.0,1,0,10.0,0,0,2,0,2,0,1,0,4,4,5902.0,Juan Liu,,Juan Liu,0.0,1.0,0.35,0.0,0.2916666666666666,0.1428571428571428,0.0,0.0,0.3333333333333333,0.4,0.0,0.0,0.0,0.35,0.1363,93.0,False,False,None,0,0,0
5903,2027,2027,1,1,,,1,,0,True,True,0,2,,0.0,0,0,0.0,0,0,1,0,1,0,1,0,0,0,5903.0,Li Song,,Li Song,0.0,0.0,0.0,0.0,0.0833333333333333,0.0,0.0,0.0,0.0,0.2,0.0,0.0,0.0,0.0,0.0217,1958.0,False,False,None,0,0,0
5904,2027,2027,1,1,,,1,,0,True,True,0,2,,0.0,0,0,0.0,0,0,1,0,1,0,1,0,0,0,5904.0,Min Qian,,Min Qian,0.0,0.0,0.0,0.0,0.0833333333333333,0.0,0.0,0.0,0.0,0.2,0.0,0.0,0.0,0.0,0.0217,1958.0,False,False,None,0,0,0
5924,2026,2026,1,1,,,1,,0,True,True,0,2,,0.0,0,0,0.0,0,0,1,0,1,0,1,0,0,0,5924.0,Na Gu,,Na Gu,0.0,0.0,0.0,0.0,0.0833333333333333,0.0,0.0,0.0,0.0,0.2,0.0,0.0,0.0,0.0,0.0217,1958.0,False,False,None,0,0,0
5925,2026,2026,1,1,,,1,,0,True,True,0,2,,0.0,0,0,0.0,0,0,1,0,1,0,1,0,0,0,5925.0,Jie Cai,,Jie Cai,0.0,0.0,0.0,0.0,0.0833333333333333,0.0,0.0,0.0,0.0,0.2,0.0,0.0,0.0,0.0,0.0217,1958.0,False,False,None,0,0,0
5926,2026,2026,1,1,,,1,,0,True,True,0,2,,0.0,0,0,0.0,0,0,1,0,1,0,2,0,0,0,5926.0,Lei Ren,,Lei Ren,0.0,0.0,0.0,0.0,0.0833333333333333,0.0,0.0,0.0,0.0,0.2,0.0,0.5,0.0,0.0,0.0367,1265.0,False,False,None,0,0,0
5927,2026,2026,1,1,,,1,,0,True,True,0,2,,0.0,0,0,0.0,0,0,1,0,1,0,1,0,0,0,5927.0,Megan Marsh,,Megan Marsh,0.0,0.0,0.0,0.0,0.0833333333333333,0.0,0.0,0.0,0.0,0.2,0.0,0.0,0.0,0.0,0.0217,1958.0,False,False,None,0,0,0
5933,2025,2025,1,1,,,1,,0,True,True,0,0,,0.0,0,0,0.0,0,0,1,0,1,0,2,0,0,0,5933.0,Antonina Zaccardo,,Antonina Zaccardo,0.0,0.0,0.0,0.0,0.0,0.0,0.0,0.0,0.0,0.2,0.0,0.5,0.0,0.0,0.025,1899.0,False,False,None,0,0,0
5936,2025,2025,1,1,,,1,,0,True,True,0,0,,0.0,0,0,0.0,0,0,1,0,1,0,1,0,0,0,5936.0,Romana Iadanza,,Romana Iadanza,0.0,0.0,0.0,0.0,0.0,0.0,0.0,0.0,0.0,0.2,0.0,0.0,0.0,0.0,0.01,2522.0,False,False,None,0,0,0
5997,2026,2026,1,1,,,1,,0,True,True,0,1,,0.0,0,0,0.0,0,0,1,0,1,0,1,0,0,0,5997.0,Andy Eigenwillig,,Andy Eigenwillig,0.0,0.0,0.0,0.0,0.0416666666666666,0.0,0.0,0.0,0.0,0.2,0.0,0.0,0.0,0.0,0.0158,2169.0,False,False,None,0,0,0
5998,2026,2026,1,1,,,1,,0,True,True,0,1,,0.0,0,0,0.0,0,0,1,0,1,0,1,0,0,0,5998.0,Cemal Boucsein,,Cemal Boucsein,0.0,0.0,0.0,0.0,0.0416666666666666,0.0,0.0,0.0,0.0,0.2,0.0,0.0,0.0,0.0,0.0158,2169.0,False,False,None,0,0,0
6000,2026,2026,1,1,,,1,,0,True,True,0,1,,0.0,0,0,0.0,0,0,1,0,1,0,2,0,0,0,6000.0,Cilli Trommler,,Cilli Trommler,0.0,0.0,0.0,0.0,0.0416666666666666,0.0,0.0,0.0,0.0,0.2,0.0,0.5,0.0,0.0,0.0308,1542.0,False,False,None,0,0,0
6025,2026,2026,1,1,,,1,,0,True,True,0,3,,0.0,0,0,0.0,0,0,0,0,0,1,2,0,0,0,6025.0,Xia Zeng,,Xia Zeng,0.0,0.0,0.0,0.0,0.125,0.0,0.0,0.0,0.0,0.0,0.125,0.5,0.0,0.0,0.0375,1253.0,False,False,None,0,0,0
6026,2026,2026,1,1,,,1,,0,True,True,0,3,,0.0,0,0,0.0,0,0,0,0,0,1,1,0,0,0,6026.0,Gang Jia,,Gang Jia,0.0,0.0,0.0,0.0,0.125,0.0,0.0,0.0,0.0,0.0,0.125,0.0,0.0,0.0,0.0225,1943.0,False,False,None,0,0,0
6055,2026,2028,3,3,2026.0,2026.0,1,0.0,2,True,True,0,16,14.0,0.0,2,0,4.5,0,0,2,0,2,4,2,0,0,0,6055.0,Yong Fu,,Yong Fu,0.0,0.45,0.1575,0.0,0.6666666666666666,0.2857142857142857,0.0,0.0,0.0,0.4,0.5,0.5,0.0,0.1575,0.1984,30.0,True,False,Lunar Pulse,6,3,3
6056,2026,2028,2,2,2026.0,2026.0,1,0.0,2,True,True,0,12,14.0,0.0,3,0,3.0,0,0,2,0,2,3,2,0,0,0,6056.0,Xiulan Qin,,Xiulan Qin,0.0,0.3,0.105,0.0,0.5,0.4285714285714285,0.0,0.0,0.0,0.4,0.375,0.5,0.0,0.105,0.1819,42.0,True,False,Lunar Pulse,6,3,3
6057,2026,2028,2,2,2026.0,2026.0,1,0.0,2,True,True,0,13,14.0,0.0,3,0,2.5,0,0,2,0,2,3,1,0,0,0,6057.0,Anthony Hancock,,Anthony Hancock,0.0,0.25,0.0875,0.0,0.5416666666666666,0.4285714285714285,0.0,0.0,0.0,0.4,0.375,0.0,0.0,0.0875,0.171,58.0,False,False,None,0,0,0
6058,2026,2026,1,1,2026.0,2026.0,1,0.0,0,True,True,0,9,14.0,0.0,3,0,0.0,0,0,2,0,2,2,1,0,0,0,6058.0,Li Bai,,Li Bai,0.0,0.0,0.0,0.0,0.375,0.4285714285714285,0.0,0.0,0.0,0.4,0.25,0.0,0.0,0.0,0.1339,102.0,False,False,None,0,0,0
6059,2026,2026,1,1,2026.0,2026.0,1,0.0,0,True,True,0,9,14.0,0.0,3,0,0.0,0,0,2,0,2,2,1,0,0,0,6059.0,Brandon Kirby,,Brandon Kirby,0.0,0.0,0.0,0.0,0.375,0.4285714285714285,0.0,0.0,0.0,0.4,0.25,0.0,0.0,0.0,0.1339,102.0,False,False,None,0,0,0
6060,2026,2028,2,2,2026.0,2026.0,1,0.0,2,True,True,0,12,14.0,0.0,3,0,3.0,0,0,2,0,2,3,1,0,0,0,6060.0,Xiulan Yin,,Xiulan Yin,0.0,0.3,0.105,0.0,0.5,0.4285714285714285,0.0,0.0,0.0,0.4,0.375,0.0,0.0,0.105,0.1669,59.0,False,False,None,0,0,0
6066,2026,2026,1,1,,,1,,0,True,True,0,1,,0.0,1,0,0.0,0,0,1,0,1,0,2,0,0,0,6066.0,Jun Qiao,,Jun Qiao,0.0,0.0,0.0,0.0,0.0416666666666666,0.1428571428571428,0.0,0.0,0.0,0.2,0.0,0.5,0.0,0.0,0.048,895.0,False,False,None,0,0,0
6067,2026,2029,2,2,,,2,,3,True,True,0,12,,0.0,1,0,1.3333,0,0,2,0,2,0,1,0,6,6,6067.0,Yong Wen,,Yong Wen,0.0,0.1333333333333333,0.0467,0.0,0.5,0.1428571428571428,0.0,0.0,0.3333333333333333,0.4,0.0,0.0,0.0,0.0466666666666666,0.1351,100.0,False,False,None,0,0,0
6068,2029,2029,1,1,,,1,,0,True,True,0,11,,0.0,1,0,0.0,0,0,2,0,2,0,1,0,6,6,6068.0,Tao Liang,,Tao Liang,0.0,0.0,0.0,0.0,0.4583333333333333,0.1428571428571428,0.0,0.0,0.0,0.4,0.0,0.0,0.0,0.0,0.1013,212.0,False,False,None,0,0,0
6069,2029,2029,1,1,,,1,,0,True,True,0,11,,0.0,1,0,0.0,0,0,2,0,2,0,1,0,6,6,6069.0,Jun Yao,,Jun Yao,0.0,0.0,0.0,0.0,0.4583333333333333,0.1428571428571428,0.0,0.0,0.0,0.4,0.0,0.0,0.0,0.0,0.1013,212.0,False,False,None,0,0,0
6088,2025,2025,1,1,2025.0,2025.0,1,0.0,0,True,True,0,5,15.0,0.0,1,0,0.0,0,0,1,0,1,0,1,0,0,0,6088.0,Yang Yang,,Yang Yang,0.0,0.0,0.0,0.0,0.2083333333333333,0.1428571428571428,0.0,0.0,0.0,0.2,0.0,0.0,0.0,0.0,0.0563,661.0,False,False,None,0,0,0
6090,2025,2029,2,1,2025.0,2025.0,2,0.0,4,True,True,0,7,15.0,0.0,1,0,1.0,0,0,2,0,2,1,2,0,0,0,6090.0,Chao Duan,,Chao Duan,0.0,0.1,0.035,0.0,0.2916666666666666,0.1428571428571428,0.0,0.0,0.3333333333333333,0.4,0.125,0.5,0.0,0.0349999999999999,0.1248,121.0,False,False,None,0,0,0
6091,2025,2025,1,1,2025.0,2025.0,1,0.0,0,True,True,0,5,15.0,0.0,1,0,0.0,0,0,1,0,1,0,2,0,0,0,6091.0,Ming Fan,,Ming Fan,0.0,0.0,0.0,0.0,0.2083333333333333,0.1428571428571428,0.0,0.0,0.0,0.2,0.0,0.5,0.0,0.0,0.0713,442.0,False,False,None,0,0,0
6093,2029,2029,1,1,,,1,,0,True,True,0,6,,0.0,0,0,0.0,0,0,2,0,2,1,2,0,0,0,6093.0,Na Cao,,Na Cao,0.0,0.0,0.0,0.0,0.25,0.0,0.0,0.0,0.0,0.4,0.125,0.5,0.0,0.0,0.075,405.0,False,False,None,0,0,0
6094,2029,2029,1,1,,,1,,0,True,True,0,1,,0.0,1,0,0.0,0,0,2,0,2,0,1,0,0,0,6094.0,Tao Meng,,Tao Meng,0.0,0.0,0.0,0.0,0.0416666666666666,0.1428571428571428,0.0,0.0,0.0,0.4,0.0,0.0,0.0,0.0,0.043,1046.0,False,False,None,0,0,0
6095,2029,2029,1,1,,,1,,0,True,True,0,1,,0.0,1,0,0.0,0,0,2,0,2,0,2,0,0,0,6095.0,Wayne Wilson,,Wayne Wilson,0.0,0.0,0.0,0.0,0.0416666666666666,0.1428571428571428,0.0,0.0,0.0,0.4,0.0,0.5,0.0,0.0,0.058,647.0,False,False,None,0,0,0
6098,2025,2029,3,3,,,2,,4,True,True,0,4,,0.0,1,0,2.25,0,0,4,0,4,1,1,0,0,0,6098.0,Antonietta Kreusel-Seip,,Antonietta Kreusel-Seip,0.0,0.225,0.0788,0.0,0.1666666666666666,0.1428571428571428,0.0,0.0,0.3333333333333333,0.8,0.125,0.0,0.0,0.07875,0.1167,144.0,False,False,None,0,0,0
6109,2029,2029,1,1,,,1,,0,True,True,0,1,,0.0,0,0,0.0,0,0,1,0,1,0,1,0,0,0,6109.0,Margaret Mueller,,Margaret Mueller,0.0,0.0,0.0,0.0,0.0416666666666666,0.0,0.0,0.0,0.0,0.2,0.0,0.0,0.0,0.0,0.0158,2169.0,False,False,None,0,0,0
6121,2026,2026,1,1,2026.0,2026.0,1,0.0,0,True,True,0,0,14.0,0.0,0,0,0.0,0,0,1,0,1,0,1,0,0,0,6121.0,Guiying Zhong,,Guiying Zhong,0.0,0.0,0.0,0.0,0.0,0.0,0.0,0.0,0.0,0.2,0.0,0.0,0.0,0.0,0.01,2522.0,False,False,None,0,0,0
6124,2026,2026,1,1,2026.0,2026.0,1,0.0,0,True,True,0,0,14.0,0.0,0,0,0.0,0,0,1,0,1,0,2,0,0,0,6124.0,Heidi Richardson,,Heidi Richardson,0.0,0.0,0.0,0.0,0.0,0.0,0.0,0.0,0.0,0.2,0.0,0.5,0.0,0.0,0.025,1899.0,False,False,None,0,0,0
6125,2026,2026,1,1,2026.0,2026.0,1,0.0,0,True,True,0,0,14.0,0.0,0,0,0.0,0,0,1,0,1,0,1,0,0,0,6125.0,Xia Cui,,Xia Cui,0.0,0.0,0.0,0.0,0.0,0.0,0.0,0.0,0.0,0.2,0.0,0.0,0.0,0.0,0.01,2522.0,False,False,None,0,0,0
6127,2029,2029,1,0,,,1,,0,True,True,0,1,,0.0,0,0,0.0,0,0,1,0,1,1,2,0,0,0,6127.0,Jie Yin,,Jie Yin,0.0,0.0,0.0,0.0,0.0416666666666666,0.0,0.0,0.0,0.0,0.2,0.125,0.5,0.0,0.0,0.0358,1318.0,False,False,None,0,0,0
6129,2029,2029,1,0,,,1,,0,True,True,0,1,,0.0,0,0,0.0,0,0,1,0,1,1,2,0,0,0,6129.0,Elizabeth Gonzalez,,Elizabeth Gonzalez,0.0,0.0,0.0,0.0,0.0416666666666666,0.0,0.0,0.0,0.0,0.2,0.125,0.5,0.0,0.0,0.0358,1318.0,False,False,None,0,0,0
6132,2026,2026,1,1,,,1,,0,True,True,0,4,,0.0,1,0,0.0,0,0,1,0,1,1,1,0,1,1,6132.0,Yan Gao,,Yan Gao,0.0,0.0,0.0,0.0,0.1666666666666666,0.1428571428571428,0.0,0.0,0.0,0.2,0.125,0.0,0.0,0.0,0.0555,697.0,False,False,None,0,0,0
6136,2026,2026,1,1,,,1,,0,True,True,0,4,,0.0,1,0,0.0,0,0,1,0,1,1,1,0,1,1,6136.0,Valerio Carullo,,Valerio Carullo,0.0,0.0,0.0,0.0,0.1666666666666666,0.1428571428571428,0.0,0.0,0.0,0.2,0.125,0.0,0.0,0.0,0.0555,697.0,False,False,None,0,0,0
6138,2028,2028,1,1,,,1,,0,True,True,0,1,,0.0,1,0,0.0,0,0,1,0,1,0,3,0,0,0,6138.0,Jeffrey Phillips,Echelon,Echelon,0.0,0.0,0.0,0.0,0.0416666666666666,0.1428571428571428,0.0,0.0,0.0,0.2,0.0,1.0,0.0,0.0,0.063,557.0,False,False,None,0,0,0
6144,2029,2029,1,1,2029.0,2029.0,1,0.0,0,True,True,0,5,11.0,0.0,0,0,0.0,0,0,1,0,1,0,1,0,0,0,6144.0,Terry Harris,,Terry Harris,0.0,0.0,0.0,0.0,0.2083333333333333,0.0,0.0,0.0,0.0,0.2,0.0,0.0,0.0,0.0,0.0392,1154.0,False,False,None,0,0,0
6145,2029,2029,1,1,2029.0,2029.0,1,0.0,0,True,True,0,5,11.0,0.0,0,0,0.0,0,0,1,0,1,0,2,0,0,0,6145.0,Chelsea Paul,,Chelsea Paul,0.0,0.0,0.0,0.0,0.2083333333333333,0.0,0.0,0.0,0.0,0.2,0.0,0.5,0.0,0.0,0.0542,722.0,False,False,None,0,0,0
6146,2029,2029,1,1,2029.0,2029.0,1,0.0,0,True,True,0,5,11.0,0.0,0,0,0.0,0,0,1,0,1,0,1,0,0,0,6146.0,Cody Lopez,,Cody Lopez,0.0,0.0,0.0,0.0,0.2083333333333333,0.0,0.0,0.0,0.0,0.2,0.0,0.0,0.0,0.0,0.0392,1154.0,False,False,None,0,0,0
6147,2029,2029,1,1,2029.0,2029.0,1,0.0,0,True,True,0,5,11.0,0.0,0,0,0.0,0,0,1,0,1,0,1,0,0,0,6147.0,Kenneth Evans,,Kenneth Evans,0.0,0.0,0.0,0.0,0.2083333333333333,0.0,0.0,0.0,0.0,0.2,0.0,0.0,0.0,0.0,0.0392,1154.0,False,False,None,0,0,0
6175,2028,2028,1,1,2028.0,2028.0,1,0.0,0,True,True,0,1,12.0,0.0,0,0,0.0,0,0,0,0,0,0,2,0,0,0,6175.0,Liwia Piejko,,Liwia Piejko,0.0,0.0,0.0,0.0,0.0416666666666666,0.0,0.0,0.0,0.0,0.0,0.0,0.5,0.0,0.0,0.0208,2123.0,False,False,None,0,0,0
6207,2027,2027,1,1,,,1,,0,True,True,0,1,,0.0,0,0,0.0,0,0,1,0,1,0,1,0,0,0,6207.0,Chao Fan,,Chao Fan,0.0,0.0,0.0,0.0,0.0416666666666666,0.0,0.0,0.0,0.0,0.2,0.0,0.0,0.0,0.0,0.0158,2169.0,False,False,None,0,0,0
6208,2027,2027,1,1,,,1,,0,True,True,0,1,,0.0,0,0,0.0,0,0,1,0,1,0,1,0,0,0,6208.0,Yang Tang,,Yang Tang,0.0,0.0,0.0,0.0,0.0416666666666666,0.0,0.0,0.0,0.0,0.2,0.0,0.0,0.0,0.0,0.0158,2169.0,False,False,None,0,0,0
6212,2028,2028,1,1,,,1,,0,True,True,0,2,,0.0,3,0,0.0,0,0,2,0,2,0,1,0,0,0,6212.0,Na Yan,,Na Yan,0.0,0.0,0.0,0.0,0.0833333333333333,0.4285714285714285,0.0,0.0,0.0,0.4,0.0,0.0,0.0,0.0,0.0831,330.0,False,False,None,0,0,0
6213,2028,2028,1,1,,,1,,0,True,True,0,2,,0.0,3,0,0.0,0,0,2,0,2,0,1,0,0,0,6213.0,Yan Zhou,,Yan Zhou,0.0,0.0,0.0,0.0,0.0833333333333333,0.4285714285714285,0.0,0.0,0.0,0.4,0.0,0.0,0.0,0.0,0.0831,330.0,False,False,None,0,0,0
6215,2028,2028,1,1,,,1,,0,True,True,0,2,,0.0,3,0,0.0,0,0,2,0,2,0,1,0,0,0,6215.0,Chao Ma,,Chao Ma,0.0,0.0,0.0,0.0,0.0833333333333333,0.4285714285714285,0.0,0.0,0.0,0.4,0.0,0.0,0.0,0.0,0.0831,330.0,False,False,None,0,0,0
6236,2026,2026,1,1,,,1,,0,True,True,0,1,,0.0,1,0,0.0,0,0,1,0,1,0,1,0,0,0,6236.0,Jun Tian, DR3∆M, DR3∆M,0.0,0.0,0.0,0.0,0.0416666666666666,0.1428571428571428,0.0,0.0,0.0,0.2,0.0,0.0,0.0,0.0,0.033,1390.0,False,False,None,0,0,0
6237,2026,2026,1,1,,,1,,0,True,True,0,1,,0.0,1,0,0.0,0,0,1,0,1,0,2,0,0,0,6237.0,Juan Zheng,,Juan Zheng,0.0,0.0,0.0,0.0,0.0416666666666666,0.1428571428571428,0.0,0.0,0.0,0.2,0.0,0.5,0.0,0.0,0.048,895.0,False,False,None,0,0,0
6238,2026,2026,1,1,,,1,,0,True,True,0,1,,0.0,1,0,0.0,0,0,1,0,1,0,1,0,0,0,6238.0,Xiulan Zhao,,Xiulan Zhao,0.0,0.0,0.0,0.0,0.0416666666666666,0.1428571428571428,0.0,0.0,0.0,0.2,0.0,0.0,0.0,0.0,0.033,1390.0,False,False,None,0,0,0
6239,2026,2026,1,1,,,1,,0,True,True,0,1,,0.0,1,0,0.0,0,0,1,0,1,0,1,0,0,0,6239.0,Min Ren,,Min Ren,0.0,0.0,0.0,0.0,0.0416666666666666,0.1428571428571428,0.0,0.0,0.0,0.2,0.0,0.0,0.0,0.0,0.033,1390.0,False,False,None,0,0,0
6240,2026,2026,1,1,,,1,,0,True,True,0,1,,0.0,1,0,0.0,0,0,1,0,1,0,1,0,0,0,6240.0,Frank Shaffer,,Frank Shaffer,0.0,0.0,0.0,0.0,0.0416666666666666,0.1428571428571428,0.0,0.0,0.0,0.2,0.0,0.0,0.0,0.0,0.033,1390.0,False,False,None,0,0,0
6241,2026,2026,1,1,,,1,,0,True,True,0,1,,0.0,1,0,0.0,0,0,1,0,1,0,1,0,0,0,6241.0,Lei Deng,,Lei Deng,0.0,0.0,0.0,0.0,0.0416666666666666,0.1428571428571428,0.0,0.0,0.0,0.2,0.0,0.0,0.0,0.0,0.033,1390.0,False,False,None,0,0,0
6242,2026,2026,1,1,,,1,,0,True,True,0,1,,0.0,1,0,0.0,0,0,1,0,1,0,1,0,0,0,6242.0,Li Hou,,Li Hou,0.0,0.0,0.0,0.0,0.0416666666666666,0.1428571428571428,0.0,0.0,0.0,0.2,0.0,0.0,0.0,0.0,0.033,1390.0,False,False,None,0,0,0
6243,2026,2026,1,1,,,1,,0,True,True,0,1,,0.0,1,0,0.0,0,0,1,0,1,0,1,0,0,0,6243.0,Qiang Qin,,Qiang Qin,0.0,0.0,0.0,0.0,0.0416666666666666,0.1428571428571428,0.0,0.0,0.0,0.2,0.0,0.0,0.0,0.0,0.033,1390.0,False,False,None,0,0,0
6244,2026,2026,1,1,,,1,,0,True,True,0,1,,0.0,1,0,0.0,0,0,1,0,1,0,2,0,0,0,6244.0,Jie Xu,,Jie Xu,0.0,0.0,0.0,0.0,0.0416666666666666,0.1428571428571428,0.0,0.0,0.0,0.2,0.0,0.5,0.0,0.0,0.048,895.0,False,False,None,0,0,0
6249,2026,2026,1,1,,,1,,0,True,True,0,2,,0.0,0,0,0.0,0,0,1,0,1,0,2,0,0,0,6249.0,Fang Mo,,Fang Mo,0.0,0.0,0.0,0.0,0.0833333333333333,0.0,0.0,0.0,0.0,0.2,0.0,0.5,0.0,0.0,0.0367,1265.0,False,False,None,0,0,0
6265,2028,2028,1,1,,,1,,0,True,True,0,1,,0.0,0,0,0.0,0,0,1,0,1,1,1,0,0,0,6265.0,Eshani Deep,,Eshani Deep,0.0,0.0,0.0,0.0,0.0416666666666666,0.0,0.0,0.0,0.0,0.2,0.125,0.0,0.0,0.0,0.0208,2090.0,False,False,None,0,0,0
6266,2028,2028,1,1,,,1,,0,True,True,0,1,,0.0,0,0,0.0,0,0,1,0,1,1,2,0,0,0,6266.0,Reyansh Barad,,Reyansh Barad,0.0,0.0,0.0,0.0,0.0416666666666666,0.0,0.0,0.0,0.0,0.2,0.125,0.5,0.0,0.0,0.0358,1318.0,False,False,None,0,0,0
6273,2025,2025,1,1,,,1,,0,True,True,0,1,,0.0,3,0,0.0,0,0,1,0,1,0,1,1,0,1,6273.0,Nicole Thomas,,Nicole Thomas,0.0,0.0,0.0,0.0,0.0416666666666666,0.4285714285714285,0.0,0.0,0.0,0.2,0.0,0.0,0.0,0.0,0.0673,488.0,False,False,None,0,0,0
6274,2025,2025,1,1,,,1,,0,True,True,0,1,,0.0,3,0,0.0,0,0,1,0,1,0,1,1,0,1,6274.0,Gang Fan,,Gang Fan,0.0,0.0,0.0,0.0,0.0416666666666666,0.4285714285714285,0.0,0.0,0.0,0.2,0.0,0.0,0.0,0.0,0.0673,488.0,False,False,None,0,0,0
6280,2028,2028,1,1,,,1,,0,True,True,0,3,,0.0,0,0,0.0,0,0,1,0,1,1,1,0,0,0,6280.0,Lei Tan,,Lei Tan,0.0,0.0,0.0,0.0,0.125,0.0,0.0,0.0,0.0,0.2,0.125,0.0,0.0,0.0,0.0325,1451.0,False,False,None,0,0,0
6282,2028,2028,1,1,,,1,,0,True,True,0,3,,0.0,0,0,0.0,0,0,1,0,1,1,1,0,0,0,6282.0,Li Feng,,Li Feng,0.0,0.0,0.0,0.0,0.125,0.0,0.0,0.0,0.0,0.2,0.125,0.0,0.0,0.0,0.0325,1451.0,False,False,None,0,0,0
6287,2028,2028,1,1,,,1,,0,True,True,0,4,,0.0,0,0,0.0,0,0,1,0,1,0,1,0,0,0,6287.0,Li Su,,Li Su,0.0,0.0,0.0,0.0,0.1666666666666666,0.0,0.0,0.0,0.0,0.2,0.0,0.0,0.0,0.0,0.0333,1350.0,False,False,None,0,0,0
6288,2028,2028,1,1,,,1,,0,True,True,0,4,,0.0,0,0,0.0,0,0,1,0,1,0,2,0,0,0,6288.0,Gang Zeng,,Gang Zeng,0.0,0.0,0.0,0.0,0.1666666666666666,0.0,0.0,0.0,0.0,0.2,0.0,0.5,0.0,0.0,0.0483,880.0,False,False,None,0,0,0
6290,2029,2029,1,1,2029.0,2029.0,1,0.0,0,True,True,0,2,11.0,0.0,0,0,0.0,0,0,1,0,1,1,1,0,0,0,6290.0,Na Wei,Neon Oracle,Neon Oracle,0.0,0.0,0.0,0.0,0.0833333333333333,0.0,0.0,0.0,0.0,0.2,0.125,0.0,0.0,0.0,0.0267,1762.0,False,False,None,0,0,0
6291,2029,2029,1,1,2029.0,2029.0,1,0.0,0,True,True,0,2,11.0,0.0,0,0,0.0,0,0,1,0,1,1,2,0,0,0,6291.0,Xiulan Hao,,Xiulan Hao,0.0,0.0,0.0,0.0,0.0833333333333333,0.0,0.0,0.0,0.0,0.2,0.125,0.5,0.0,0.0,0.0417,1088.0,False,False,None,0,0,0
6292,2029,2029,1,1,2029.0,2029.0,1,0.0,0,True,True,0,2,11.0,0.0,0,0,0.0,0,0,1,0,1,1,1,0,0,0,6292.0,Na Jin,,Na Jin,0.0,0.0,0.0,0.0,0.0833333333333333,0.0,0.0,0.0,0.0,0.2,0.125,0.0,0.0,0.0,0.0267,1762.0,False,False,None,0,0,0
6294,2025,2025,1,1,,,1,,0,True,True,0,2,,0.0,1,0,0.0,0,0,1,0,1,0,2,0,0,0,6294.0,Yang Cao,,Yang Cao,0.0,0.0,0.0,0.0,0.0833333333333333,0.1428571428571428,0.0,0.0,0.0,0.2,0.0,0.5,0.0,0.0,0.0538,740.0,False,False,None,0,0,0
6296,2025,2025,1,1,,,1,,0,True,True,0,2,,0.0,1,0,0.0,0,0,1,0,1,0,1,0,0,0,6296.0,Lindsey Walker,,Lindsey Walker,0.0,0.0,0.0,0.0,0.0833333333333333,0.1428571428571428,0.0,0.0,0.0,0.2,0.0,0.0,0.0,0.0,0.0388,1182.0,False,False,None,0,0,0
6308,2025,2025,1,1,2025.0,2025.0,1,0.0,0,True,True,0,5,15.0,0.0,1,0,0.0,0,0,1,0,1,1,1,0,0,0,6308.0,Li Liao,,Li Liao,0.0,0.0,0.0,0.0,0.2083333333333333,0.1428571428571428,0.0,0.0,0.0,0.2,0.125,0.0,0.0,0.0,0.0613,588.0,False,False,None,0,0,0
6310,2025,2025,1,1,2025.0,2025.0,1,0.0,0,True,True,0,5,15.0,0.0,1,0,0.0,0,0,1,0,1,1,1,0,0,0,6310.0,Ping Deng,,Ping Deng,0.0,0.0,0.0,0.0,0.2083333333333333,0.1428571428571428,0.0,0.0,0.0,0.2,0.125,0.0,0.0,0.0,0.0613,588.0,False,False,None,0,0,0
6311,2025,2025,1,1,2025.0,2025.0,1,0.0,0,True,True,0,5,15.0,0.0,1,0,0.0,0,0,1,0,1,1,1,0,0,0,6311.0,Juan Lei,,Juan Lei,0.0,0.0,0.0,0.0,0.2083333333333333,0.1428571428571428,0.0,0.0,0.0,0.2,0.125,0.0,0.0,0.0,0.0613,588.0,False,False,None,0,0,0
6312,2025,2028,3,3,2025.0,2025.0,3,0.0,3,True,True,0,12,15.0,0.0,1,0,2.0714,0,0,1,0,1,1,2,0,0,0,6312.0,Fang Xiang,,Fang Xiang,0.0,0.2071428571428571,0.0725,0.0,0.5,0.1428571428571428,0.0,0.0,0.6666666666666667,0.2,0.125,0.5,0.0,0.0725,0.1711,57.0,False,False,None,0,0,0
6352,2028,2028,1,1,,,1,,0,True,True,0,1,,0.0,0,0,0.0,0,0,1,0,1,0,2,0,0,0,6352.0,Wei Wei,Shadow Choir,Shadow Choir,0.0,0.0,0.0,0.0,0.0416666666666666,0.0,0.0,0.0,0.0,0.2,0.0,0.5,0.0,0.0,0.0308,1542.0,False,False,None,0,0,0
6354,2028,2028,1,1,,,1,,0,True,True,0,1,,0.0,0,0,0.0,0,0,1,0,1,0,1,0,0,0,6354.0,Jun Yan,,Jun Yan,0.0,0.0,0.0,0.0,0.0416666666666666,0.0,0.0,0.0,0.0,0.2,0.0,0.0,0.0,0.0,0.0158,2169.0,False,False,None,0,0,0
6355,2025,2028,2,2,,,1,,3,True,True,0,2,,0.0,1,0,0.6667,0,0,2,0,2,1,1,0,0,0,6355.0,Ping Tao,,Ping Tao,0.0,0.0666666666666666,0.0233,0.0,0.0833333333333333,0.1428571428571428,0.0,0.0,0.0,0.4,0.125,0.0,0.0,0.0233333333333333,0.0561,674.0,False,False,None,0,0,0
6373,2027,2027,1,1,,,1,,0,True,True,0,1,,0.0,0,0,0.0,0,0,1,0,1,0,1,0,0,0,6373.0,Qiang Han,,Qiang Han,0.0,0.0,0.0,0.0,0.0416666666666666,0.0,0.0,0.0,0.0,0.2,0.0,0.0,0.0,0.0,0.0158,2169.0,False,False,None,0,0,0
6374,2027,2027,1,1,,,1,,0,True,True,0,1,,0.0,0,0,0.0,0,0,1,0,1,0,1,0,0,0,6374.0,Wei Shao,,Wei Shao,0.0,0.0,0.0,0.0,0.0416666666666666,0.0,0.0,0.0,0.0,0.2,0.0,0.0,0.0,0.0,0.0158,2169.0,False,False,None,0,0,0
6375,2026,2027,2,2,,,2,,1,True,True,0,5,,0.0,2,0,2.0,0,0,2,0,2,1,1,0,0,0,6375.0,Michael Peterson,,Michael Peterson,0.0,0.2,0.07,0.0,0.2083333333333333,0.2857142857142857,0.0,0.0,0.3333333333333333,0.4,0.125,0.0,0.0,0.0699999999999999,0.1188,137.0,False,False,None,0,0,0
6420,2028,2028,1,1,,,1,,0,True,True,0,4,,0.0,0,0,0.0,0,0,1,0,1,0,1,0,0,0,6420.0,Ping Ding,,Ping Ding,0.0,0.0,0.0,0.0,0.1666666666666666,0.0,0.0,0.0,0.0,0.2,0.0,0.0,0.0,0.0,0.0333,1350.0,False,False,None,0,0,0
6421,2028,2028,1,1,,,1,,0,True,True,0,4,,0.0,0,0,0.0,0,0,1,0,1,0,2,0,0,0,6421.0,Melanie Ballard,,Melanie Ballard,0.0,0.0,0.0,0.0,0.1666666666666666,0.0,0.0,0.0,0.0,0.2,0.0,0.5,0.0,0.0,0.0483,880.0,False,False,None,0,0,0
6444,2026,2026,1,1,,,1,,0,True,True,0,0,,0.0,0,0,0.0,0,0,1,0,1,0,1,0,0,0,6444.0,Adira Ramaswamy,,Adira Ramaswamy,0.0,0.0,0.0,0.0,0.0,0.0,0.0,0.0,0.0,0.2,0.0,0.0,0.0,0.0,0.01,2522.0,False,False,None,0,0,0
6445,2026,2026,1,1,,,1,,0,True,True,0,0,,0.0,0,0,0.0,0,0,1,0,1,0,2,0,0,0,6445.0,Drishya Setty,,Drishya Setty,0.0,0.0,0.0,0.0,0.0,0.0,0.0,0.0,0.0,0.2,0.0,0.5,0.0,0.0,0.025,1899.0,False,False,None,0,0,0
6446,2026,2026,1,1,,,1,,0,True,True,0,0,,0.0,0,0,0.0,0,0,1,0,1,0,1,0,0,0,6446.0,Samar Dutta,,Samar Dutta,0.0,0.0,0.0,0.0,0.0,0.0,0.0,0.0,0.0,0.2,0.0,0.0,0.0,0.0,0.01,2522.0,False,False,None,0,0,0
6448,2025,2025,1,1,,,1,,0,True,True,0,1,,0.0,0,0,0.0,0,0,1,0,1,0,2,1,0,1,6448.0,Chao Wu,,Chao Wu,0.0,0.0,0.0,0.0,0.0416666666666666,0.0,0.0,0.0,0.0,0.2,0.0,0.5,0.0,0.0,0.0308,1542.0,False,False,None,0,0,0
6449,2025,2025,1,1,,,1,,0,True,True,0,1,,0.0,0,0,0.0,0,0,1,0,1,0,1,1,0,1,6449.0,Guiying Ye,,Guiying Ye,0.0,0.0,0.0,0.0,0.0416666666666666,0.0,0.0,0.0,0.0,0.2,0.0,0.0,0.0,0.0,0.0158,2169.0,False,False,None,0,0,0
6451,2025,2025,1,1,,,1,,0,True,True,0,1,,0.0,0,0,0.0,0,0,1,0,1,0,1,1,0,1,6451.0,Xiuying Huang,,Xiuying Huang,0.0,0.0,0.0,0.0,0.0416666666666666,0.0,0.0,0.0,0.0,0.2,0.0,0.0,0.0,0.0,0.0158,2169.0,False,False,None,0,0,0
6452,2025,2025,1,1,,,1,,0,True,True,0,1,,0.0,0,0,0.0,0,0,1,0,1,0,1,1,0,1,6452.0,Jun Fu,,Jun Fu,0.0,0.0,0.0,0.0,0.0416666666666666,0.0,0.0,0.0,0.0,0.2,0.0,0.0,0.0,0.0,0.0158,2169.0,False,False,None,0,0,0
6453,2025,2025,1,1,,,1,,0,True,True,0,1,,0.0,0,0,0.0,0,0,1,0,1,0,1,1,0,1,6453.0,Fang Han,,Fang Han,0.0,0.0,0.0,0.0,0.0416666666666666,0.0,0.0,0.0,0.0,0.2,0.0,0.0,0.0,0.0,0.0158,2169.0,False,False,None,0,0,0
6457,2027,2027,1,1,,,1,,0,True,True,0,2,,0.0,5,0,0.0,0,0,1,0,1,0,1,0,0,0,6457.0,Ming Cheng,,Ming Cheng,0.0,0.0,0.0,0.0,0.0833333333333333,0.7142857142857142,0.0,0.0,0.0,0.2,0.0,0.0,0.0,0.0,0.1074,186.0,False,False,None,0,0,0
6458,2027,2028,2,2,,,2,,1,True,True,0,3,,0.0,6,0,6.0,0,0,1,0,1,0,2,0,0,0,6458.0,Na Peng,,Na Peng,0.0,0.6000000000000001,0.21,0.0,0.125,0.8571428571428571,0.0,0.0,0.3333333333333333,0.2,0.0,0.5,0.0,0.21,0.1897,37.0,False,False,None,0,0,0
6459,2027,2027,1,1,,,1,,0,True,True,0,2,,0.0,5,0,0.0,0,0,1,0,1,0,2,0,0,0,6459.0,Ming Pan,,Ming Pan,0.0,0.0,0.0,0.0,0.0833333333333333,0.7142857142857142,0.0,0.0,0.0,0.2,0.0,0.5,0.0,0.0,0.1224,127.0,False,False,None,0,0,0
6460,2027,2027,1,1,,,1,,0,True,True,0,2,,0.0,5,0,0.0,0,0,1,0,1,0,1,0,0,0,6460.0,Tao Liu,,Tao Liu,0.0,0.0,0.0,0.0,0.0833333333333333,0.7142857142857142,0.0,0.0,0.0,0.2,0.0,0.0,0.0,0.0,0.1074,186.0,False,False,None,0,0,0
6475,2027,2027,1,1,,,1,,0,True,True,0,7,,0.0,2,0,0.0,0,0,1,0,1,0,2,0,1,1,6475.0,Guiying Ren,,Guiying Ren,0.0,0.0,0.0,0.0,0.2916666666666666,0.2857142857142857,0.0,0.0,0.0,0.2,0.0,0.5,0.0,0.0,0.1001,224.0,False,False,None,0,0,0
6485,2027,2027,1,1,,,1,,0,True,True,0,4,,0.0,1,0,0.0,0,0,1,0,1,1,2,0,0,0,6485.0,Juan Jin,,Juan Jin,0.0,0.0,0.0,0.0,0.1666666666666666,0.1428571428571428,0.0,0.0,0.0,0.2,0.125,0.5,0.0,0.0,0.0705,452.0,False,False,None,0,0,0
6490,2027,2027,1,1,,,1,,0,True,True,0,1,,0.0,0,0,0.0,0,0,1,0,1,0,1,0,1,1,6490.0,Chao Qiao,,Chao Qiao,0.0,0.0,0.0,0.0,0.0416666666666666,0.0,0.0,0.0,0.0,0.2,0.0,0.0,0.0,0.0,0.0158,2169.0,False,False,None,0,0,0
6492,2027,2027,1,1,,,1,,0,True,True,0,1,,0.0,0,0,0.0,0,0,1,0,1,0,2,0,1,1,6492.0,Chao Peng,,Chao Peng,0.0,0.0,0.0,0.0,0.0416666666666666,0.0,0.0,0.0,0.0,0.2,0.0,0.5,0.0,0.0,0.0308,1542.0,False,False,None,0,0,0
6522,2028,2028,1,1,,,1,,0,True,True,0,6,,0.0,4,0,0.0,0,0,1,0,1,3,1,0,0,0,6522.0,Fang Tang,,Fang Tang,0.0,0.0,0.0,0.0,0.25,0.5714285714285714,0.0,0.0,0.0,0.2,0.375,0.0,0.0,0.0,0.1286,114.0,False,False,None,0,0,0
6530,2029,2029,1,1,,,1,,0,True,True,0,1,,0.0,2,0,0.0,0,0,1,0,1,1,1,0,0,0,6530.0,Yang Zhong, M.K. Ultra, M.K. Ultra,0.0,0.0,0.0,0.0,0.0416666666666666,0.2857142857142857,0.0,0.0,0.0,0.2,0.125,0.0,0.0,0.0,0.0551,704.0,False,False,None,0,0,0
6531,2029,2029,1,1,,,1,,0,True,True,0,1,,0.0,2,0,0.0,0,0,1,0,1,1,1,0,0,0,6531.0,Guiying Cui,,Guiying Cui,0.0,0.0,0.0,0.0,0.0416666666666666,0.2857142857142857,0.0,0.0,0.0,0.2,0.125,0.0,0.0,0.0,0.0551,704.0,False,False,None,0,0,0
6532,2029,2029,1,1,,,1,,0,True,True,0,1,,0.0,2,0,0.0,0,0,1,0,1,1,2,0,0,0,6532.0,Kana Ito,,Kana Ito,0.0,0.0,0.0,0.0,0.0416666666666666,0.2857142857142857,0.0,0.0,0.0,0.2,0.125,0.5,0.0,0.0,0.0701,457.0,False,False,None,0,0,0
6533,2029,2029,1,1,,,1,,0,True,True,0,1,,0.0,2,0,0.0,0,0,1,0,1,1,1,0,0,0,6533.0,Qiang Tao,,Qiang Tao,0.0,0.0,0.0,0.0,0.0416666666666666,0.2857142857142857,0.0,0.0,0.0,0.2,0.125,0.0,0.0,0.0,0.0551,704.0,False,False,None,0,0,0
6544,2029,2029,1,1,2029.0,2029.0,1,0.0,0,True,True,0,1,11.0,0.0,0,0,0.0,0,0,1,0,1,0,1,0,0,0,6544.0,Min Ma,,Min Ma,0.0,0.0,0.0,0.0,0.0416666666666666,0.0,0.0,0.0,0.0,0.2,0.0,0.0,0.0,0.0,0.0158,2169.0,False,False,None,0,0,0
6546,2029,2029,1,1,2029.0,2029.0,1,0.0,0,True,True,0,1,11.0,0.0,0,0,0.0,0,0,1,0,1,0,1,0,0,0,6546.0,Chao Yao,,Chao Yao,0.0,0.0,0.0,0.0,0.0416666666666666,0.0,0.0,0.0,0.0,0.2,0.0,0.0,0.0,0.0,0.0158,2169.0,False,False,None,0,0,0
6549,2025,2025,1,1,,,1,,0,True,True,0,1,,0.0,0,0,0.0,0,0,1,0,1,0,1,0,0,0,6549.0,Jing Xia,,Jing Xia,0.0,0.0,0.0,0.0,0.0416666666666666,0.0,0.0,0.0,0.0,0.2,0.0,0.0,0.0,0.0,0.0158,2169.0,False,False,None,0,0,0
6558,2029,2029,1,1,,,1,,0,True,True,0,2,,0.0,1,0,0.0,0,0,2,0,2,0,1,0,0,0,6558.0,Lotte Arens,,Lotte Arens,0.0,0.0,0.0,0.0,0.0833333333333333,0.1428571428571428,0.0,0.0,0.0,0.4,0.0,0.0,0.0,0.0,0.0488,860.0,False,False,None,0,0,0
6559,2027,2027,1,1,,,1,,0,True,True,0,1,,0.0,0,0,0.0,0,0,1,0,1,0,1,0,0,0,6559.0,Wei Shen,,Wei Shen,0.0,0.0,0.0,0.0,0.0416666666666666,0.0,0.0,0.0,0.0,0.2,0.0,0.0,0.0,0.0,0.0158,2169.0,False,False,None,0,0,0
6570,2029,2029,1,1,,,1,,0,True,True,0,4,,0.0,0,0,0.0,0,0,1,0,1,0,1,0,3,3,6570.0,Li Li,,Li Li,0.0,0.0,0.0,0.0,0.1666666666666666,0.0,0.0,0.0,0.0,0.2,0.0,0.0,0.0,0.0,0.0333,1350.0,False,False,None,0,0,0
6571,2029,2029,1,1,,,1,,0,True,True,0,4,,0.0,0,0,0.0,0,0,1,0,1,0,1,0,3,3,6571.0,Jie Tao,,Jie Tao,0.0,0.0,0.0,0.0,0.1666666666666666,0.0,0.0,0.0,0.0,0.2,0.0,0.0,0.0,0.0,0.0333,1350.0,False,False,None,0,0,0
6572,2028,2029,2,1,,,2,,1,True,True,0,5,,0.0,0,0,4.0,0,0,2,0,2,1,2,0,3,3,6572.0,Gang Dai,,Gang Dai,0.0,0.4,0.14,0.0,0.2083333333333333,0.0,0.0,0.0,0.3333333333333333,0.4,0.125,0.5,0.0,0.1399999999999999,0.1065,189.0,False,False,None,0,0,0
6573,2029,2029,1,1,,,1,,0,True,True,0,4,,0.0,0,0,0.0,0,0,1,0,1,0,1,0,3,3,6573.0,Lei Sun,,Lei Sun,0.0,0.0,0.0,0.0,0.1666666666666666,0.0,0.0,0.0,0.0,0.2,0.0,0.0,0.0,0.0,0.0333,1350.0,False,False,None,0,0,0
6574,2029,2029,1,1,,,1,,0,True,True,0,4,,0.0,0,0,0.0,0,0,1,0,1,0,1,0,3,3,6574.0,Xia Tang,,Xia Tang,0.0,0.0,0.0,0.0,0.1666666666666666,0.0,0.0,0.0,0.0,0.2,0.0,0.0,0.0,0.0,0.0333,1350.0,False,False,None,0,0,0
6578,2029,2029,1,1,,,1,,0,True,True,0,3,,0.0,1,0,0.0,0,0,2,0,2,0,1,0,1,1,6578.0,Xiuying Kong,,Xiuying Kong,0.0,0.0,0.0,0.0,0.125,0.1428571428571428,0.0,0.0,0.0,0.4,0.0,0.0,0.0,0.0,0.0546,708.0,False,False,None,0,0,0
6579,2029,2029,2,2,,,2,,0,True,True,0,8,,0.0,1,0,0.0,0,0,2,0,2,0,1,1,4,5,6579.0,Lei Qian,,Lei Qian,0.0,0.0,0.0,0.0,0.3333333333333333,0.1428571428571428,0.0,0.0,0.3333333333333333,0.4,0.0,0.0,0.0,0.0,0.1071,188.0,False,False,None,0,0,0
6580,2029,2029,1,1,,,1,,0,True,True,0,3,,0.0,1,0,0.0,0,0,2,0,2,0,1,0,1,1,6580.0,Jun Su,,Jun Su,0.0,0.0,0.0,0.0,0.125,0.1428571428571428,0.0,0.0,0.0,0.4,0.0,0.0,0.0,0.0,0.0546,708.0,False,False,None,0,0,0
6589,2027,2027,1,1,,,1,,0,True,True,0,4,,0.0,3,0,0.0,0,0,1,0,1,2,1,0,0,0,6589.0,Laura Badoglio,,Laura Badoglio,0.0,0.0,0.0,0.0,0.1666666666666666,0.4285714285714285,0.0,0.0,0.0,0.2,0.25,0.0,0.0,0.0,0.0948,257.0,False,False,None,0,0,0
6598,2029,2029,1,1,,,1,,0,True,True,0,3,,0.0,0,0,0.0,0,0,1,0,1,0,1,0,0,0,6598.0,Yan Liu,,Yan Liu,0.0,0.0,0.0,0.0,0.125,0.0,0.0,0.0,0.0,0.2,0.0,0.0,0.0,0.0,0.0275,1672.0,False,False,None,0,0,0
6599,2029,2029,1,1,,,1,,0,True,True,0,3,,0.0,0,0,0.0,0,0,1,0,1,0,1,0,0,0,6599.0,Jun Du,,Jun Du,0.0,0.0,0.0,0.0,0.125,0.0,0.0,0.0,0.0,0.2,0.0,0.0,0.0,0.0,0.0275,1672.0,False,False,None,0,0,0
6602,2029,2029,1,1,,,1,,0,True,True,0,3,,0.0,0,0,0.0,0,0,1,0,1,0,1,0,0,0,6602.0,Qiang Wu,,Qiang Wu,0.0,0.0,0.0,0.0,0.125,0.0,0.0,0.0,0.0,0.2,0.0,0.0,0.0,0.0,0.0275,1672.0,False,False,None,0,0,0
6604,2028,2028,1,1,,,1,,0,True,True,0,1,,0.0,5,0,0.0,0,0,1,0,1,0,1,0,0,0,6604.0,Gang Qiu,,Gang Qiu,0.0,0.0,0.0,0.0,0.0416666666666666,0.7142857142857142,0.0,0.0,0.0,0.2,0.0,0.0,0.0,0.0,0.1015,208.0,False,False,None,0,0,0
6605,2025,2028,3,3,,,3,,3,True,True,0,5,,0.0,6,0,3.8571,0,0,2,1,3,0,1,0,0,0,6605.0,Jun Xie,,Jun Xie,0.0,0.3857142857142858,0.135,0.0,0.2083333333333333,0.8571428571428571,0.0,0.0,0.6666666666666667,0.6000000000000001,0.0,0.0,0.0,0.135,0.2222,22.0,True,False,Martial Harmonies,7,2,5
6613,2025,2025,1,1,,,1,,0,True,True,0,0,,0.0,0,0,0.0,0,0,2,0,2,0,2,0,0,0,6613.0,Jennifer Diaz,,Jennifer Diaz,0.0,0.0,0.0,0.0,0.0,0.0,0.0,0.0,0.0,0.4,0.0,0.5,0.0,0.0,0.035,1331.0,False,False,None,0,0,0
6656,2025,2025,1,1,,,1,,0,True,True,0,1,,0.0,0,0,0.0,0,0,1,0,1,0,1,0,0,0,6656.0,Ronald Barnett, $KY, $KY,0.0,0.0,0.0,0.0,0.0416666666666666,0.0,0.0,0.0,0.0,0.2,0.0,0.0,0.0,0.0,0.0158,2169.0,False,False,None,0,0,0
6657,2025,2025,1,1,,,1,,0,True,True,0,1,,0.0,0,0,0.0,0,0,1,0,1,0,1,0,0,0,6657.0,Kenneth Guerra,,Kenneth Guerra,0.0,0.0,0.0,0.0,0.0416666666666666,0.0,0.0,0.0,0.0,0.2,0.0,0.0,0.0,0.0,0.0158,2169.0,False,False,None,0,0,0
6669,2029,2029,1,1,,,1,,0,True,True,0,6,,0.0,1,0,0.0,0,0,1,0,1,1,2,0,0,0,6669.0,Jie Zhang,,Jie Zhang,0.0,0.0,0.0,0.0,0.25,0.1428571428571428,0.0,0.0,0.0,0.2,0.125,0.5,0.0,0.0,0.0821,348.0,False,False,None,0,0,0
6670,2026,2026,1,1,,,1,,0,True,True,0,1,,0.0,1,0,0.0,0,0,1,0,1,0,1,0,0,0,6670.0,Jun Xiang,,Jun Xiang,0.0,0.0,0.0,0.0,0.0416666666666666,0.1428571428571428,0.0,0.0,0.0,0.2,0.0,0.0,0.0,0.0,0.033,1390.0,False,False,None,0,0,0
6671,2026,2026,1,1,,,1,,0,True,True,0,1,,0.0,1,0,0.0,0,0,1,0,1,0,2,0,0,0,6671.0,Ping Sun,,Ping Sun,0.0,0.0,0.0,0.0,0.0416666666666666,0.1428571428571428,0.0,0.0,0.0,0.2,0.0,0.5,0.0,0.0,0.048,895.0,False,False,None,0,0,0
6676,2027,2028,2,2,2027.0,2027.0,2,0.0,1,True,True,0,8,13.0,0.0,0,0,1.0,0,0,1,0,1,1,2,0,0,0,6676.0,Anthony Salas,,Anthony Salas,0.0,0.1,0.035,0.0,0.3333333333333333,0.0,0.0,0.0,0.3333333333333333,0.2,0.125,0.5,0.0,0.0349999999999999,0.1035,196.0,False,False,None,0,0,0
6677,2027,2027,1,1,2027.0,2027.0,1,0.0,0,True,True,0,4,13.0,0.0,0,0,0.0,0,0,1,0,1,0,2,0,0,0,6677.0,Nicole Williamson,,Nicole Williamson,0.0,0.0,0.0,0.0,0.1666666666666666,0.0,0.0,0.0,0.0,0.2,0.0,0.5,0.0,0.0,0.0483,880.0,False,False,None,0,0,0
6678,2028,2028,1,1,,,1,,0,True,True,0,4,,0.0,0,0,0.0,0,0,1,0,1,1,1,0,0,0,6678.0,Katrina Guzman,,Katrina Guzman,0.0,0.0,0.0,0.0,0.1666666666666666,0.0,0.0,0.0,0.0,0.2,0.125,0.0,0.0,0.0,0.0383,1217.0,False,False,None,0,0,0
6689,2026,2026,1,1,2026.0,2026.0,1,0.0,0,True,True,0,1,14.0,0.0,0,0,0.0,0,0,2,0,2,0,2,0,0,0,6689.0,Susanna Raimondi,,Susanna Raimondi,0.0,0.0,0.0,0.0,0.0416666666666666,0.0,0.0,0.0,0.0,0.4,0.0,0.5,0.0,0.0,0.0408,1116.0,False,False,None,0,0,0
6692,2026,2026,1,1,2026.0,2026.0,1,0.0,0,True,True,0,1,14.0,0.0,0,0,0.0,0,0,2,0,2,0,1,0,0,0,6692.0,Rodolfo Montecchi-Bonomo,,Rodolfo Montecchi-Bonomo,0.0,0.0,0.0,0.0,0.0416666666666666,0.0,0.0,0.0,0.0,0.4,0.0,0.0,0.0,0.0,0.0258,1822.0,False,False,None,0,0,0
6694,2026,2026,1,1,,,1,,0,True,True,0,2,,0.0,0,0,0.0,1,0,1,0,1,0,2,0,0,0,6694.0,Phillip Hampton,,Phillip Hampton,0.0,0.0,0.0,0.0,0.0833333333333333,0.0,1.0,0.0,0.0,0.2,0.0,0.5,0.0,0.0,0.1167,145.0,False,False,None,0,0,0
6695,2029,2029,1,1,,,1,,0,True,True,0,1,,0.0,0,0,0.0,0,0,1,0,1,0,2,0,0,0,6695.0,Donald Davis,,Donald Davis,0.0,0.0,0.0,0.0,0.0416666666666666,0.0,0.0,0.0,0.0,0.2,0.0,0.5,0.0,0.0,0.0308,1542.0,False,False,None,0,0,0
6696,2026,2026,1,1,,,1,,0,True,True,0,2,,0.0,0,0,0.0,1,0,1,0,1,0,2,0,0,0,6696.0,Emily Brooks,,Emily Brooks,0.0,0.0,0.0,0.0,0.0833333333333333,0.0,1.0,0.0,0.0,0.2,0.0,0.5,0.0,0.0,0.1167,145.0,False,False,None,0,0,0
6710,2028,2028,1,1,2028.0,2028.0,1,0.0,0,True,True,0,1,12.0,0.0,0,0,0.0,0,0,1,0,1,0,1,0,0,0,6710.0,Jun Feng,,Jun Feng,0.0,0.0,0.0,0.0,0.0416666666666666,0.0,0.0,0.0,0.0,0.2,0.0,0.0,0.0,0.0,0.0158,2169.0,False,False,None,0,0,0
6711,2028,2028,1,1,2028.0,2028.0,1,0.0,0,True,True,0,1,12.0,0.0,0,0,0.0,0,0,1,0,1,0,1,0,0,0,6711.0,Xia Li,,Xia Li,0.0,0.0,0.0,0.0,0.0416666666666666,0.0,0.0,0.0,0.0,0.2,0.0,0.0,0.0,0.0,0.0158,2169.0,False,False,None,0,0,0
6712,2028,2028,1,1,2028.0,2028.0,1,0.0,0,True,True,0,1,12.0,0.0,0,0,0.0,0,0,1,0,1,0,1,0,0,0,6712.0,Li Jin,,Li Jin,0.0,0.0,0.0,0.0,0.0416666666666666,0.0,0.0,0.0,0.0,0.2,0.0,0.0,0.0,0.0,0.0158,2169.0,False,False,None,0,0,0
6713,2028,2028,1,1,2028.0,2028.0,1,0.0,0,True,True,0,1,12.0,0.0,0,0,0.0,0,0,1,0,1,0,2,0,0,0,6713.0,Lei Fu,,Lei Fu,0.0,0.0,0.0,0.0,0.0416666666666666,0.0,0.0,0.0,0.0,0.2,0.0,0.5,0.0,0.0,0.0308,1542.0,False,False,None,0,0,0
6738,2031,2031,1,1,,,1,,0,True,True,1,5,,0.0,0,0,0.0,0,0,1,0,1,0,1,0,0,0,6738.0,Christine Johnson,,Christine Johnson,0.0,0.0,0.0,0.0833333333333333,0.2083333333333333,0.0,0.0,0.0,0.0,0.2,0.0,0.0,0.0,0.0,0.0525,771.0,False,False,None,0,0,0
6739,2031,2031,1,1,,,1,,0,True,True,1,5,,0.0,0,0,0.0,0,0,1,0,1,0,1,0,0,0,6739.0,Gang Xiang,,Gang Xiang,0.0,0.0,0.0,0.0833333333333333,0.2083333333333333,0.0,0.0,0.0,0.0,0.2,0.0,0.0,0.0,0.0,0.0525,771.0,False,False,None,0,0,0
6758,2026,2026,1,1,,,1,,0,True,True,0,0,,0.0,0,0,0.0,0,0,1,0,1,0,2,0,0,0,6758.0,Min Shao,Radio Seraph,Radio Seraph,0.0,0.0,0.0,0.0,0.0,0.0,0.0,0.0,0.0,0.2,0.0,0.5,0.0,0.0,0.025,1899.0,False,False,None,0,0,0
6759,2028,2028,1,1,2028.0,2028.0,1,0.0,0,True,True,0,1,12.0,0.0,0,0,0.0,0,0,1,0,1,0,1,0,0,0,6759.0,Yong Lu,,Yong Lu,0.0,0.0,0.0,0.0,0.0416666666666666,0.0,0.0,0.0,0.0,0.2,0.0,0.0,0.0,0.0,0.0158,2169.0,False,False,None,0,0,0
6760,2026,2028,2,2,2028.0,2028.0,2,2.0,2,True,True,0,1,12.0,0.0,0,0,1.0,0,0,1,0,1,0,2,0,0,0,6760.0,Yang Tan,,Yang Tan,0.0,0.1,0.035,0.0,0.0416666666666666,0.0,0.0,0.0,0.3333333333333333,0.2,0.0,0.5,0.0,0.0349999999999999,0.0577,650.0,False,False,None,0,0,0
6761,2026,2028,2,2,2028.0,2028.0,2,2.0,2,True,True,0,1,12.0,0.0,0,0,1.0,0,0,1,0,1,0,1,0,0,0,6761.0,Juan Guo,,Juan Guo,0.0,0.1,0.035,0.0,0.0416666666666666,0.0,0.0,0.0,0.3333333333333333,0.2,0.0,0.0,0.0,0.0349999999999999,0.0427,1059.0,False,False,None,0,0,0
6766,2029,2029,1,1,,,1,,0,True,True,0,2,,0.0,0,0,0.0,0,0,2,0,2,0,2,0,0,0,6766.0,Amy Riley,,Amy Riley,0.0,0.0,0.0,0.0,0.0833333333333333,0.0,0.0,0.0,0.0,0.4,0.0,0.5,0.0,0.0,0.0467,928.0,False,False,None,0,0,0
6768,2029,2029,1,1,,,1,,0,True,True,0,2,,0.0,0,0,0.0,0,0,2,0,2,0,1,0,0,0,6768.0,Vicenta Castañeda Arroyo,,Vicenta Castañeda Arroyo,0.0,0.0,0.0,0.0,0.0833333333333333,0.0,0.0,0.0,0.0,0.4,0.0,0.0,0.0,0.0,0.0317,1503.0,False,False,None,0,0,0
6769,2029,2029,1,1,,,1,,0,True,True,0,2,,0.0,0,0,0.0,0,0,2,0,2,0,1,0,0,0,6769.0,Ricky Richards,,Ricky Richards,0.0,0.0,0.0,0.0,0.0833333333333333,0.0,0.0,0.0,0.0,0.4,0.0,0.0,0.0,0.0,0.0317,1503.0,False,False,None,0,0,0
6771,2025,2025,1,1,,,1,,0,True,True,0,0,,0.0,2,0,0.0,0,0,1,0,1,0,1,0,0,0,6771.0,Qiang Liao,,Qiang Liao,0.0,0.0,0.0,0.0,0.0,0.2857142857142857,0.0,0.0,0.0,0.2,0.0,0.0,0.0,0.0,0.0443,981.0,False,False,None,0,0,0
6772,2025,2025,1,1,,,1,,0,True,True,0,0,,0.0,2,0,0.0,0,0,1,0,1,0,1,0,0,0,6772.0,Xiulan Cao,,Xiulan Cao,0.0,0.0,0.0,0.0,0.0,0.2857142857142857,0.0,0.0,0.0,0.2,0.0,0.0,0.0,0.0,0.0443,981.0,False,False,None,0,0,0
6784,2025,2025,1,1,,,1,,0,True,True,0,1,,0.0,0,0,0.0,0,0,1,0,1,0,1,0,0,0,6784.0,Guiying Deng,,Guiying Deng,0.0,0.0,0.0,0.0,0.0416666666666666,0.0,0.0,0.0,0.0,0.2,0.0,0.0,0.0,0.0,0.0158,2169.0,False,False,None,0,0,0
6795,2026,2026,1,1,,,1,,0,True,True,0,4,,0.0,1,0,0.0,0,0,1,0,1,1,1,0,0,0,6795.0,Na Yi,,Na Yi,0.0,0.0,0.0,0.0,0.1666666666666666,0.1428571428571428,0.0,0.0,0.0,0.2,0.125,0.0,0.0,0.0,0.0555,697.0,False,False,None,0,0,0
6807,2027,2027,2,2,,,2,,0,True,True,0,5,,0.0,3,0,0.0,0,0,1,0,1,0,1,0,1,1,6807.0,Min Shao,,Min Shao,0.0,0.0,0.0,0.0,0.2083333333333333,0.4285714285714285,0.0,0.0,0.3333333333333333,0.2,0.0,0.0,0.0,0.0,0.1139,153.0,False,False,None,0,0,0
6808,2026,2028,3,3,,,3,,2,True,True,0,6,,0.0,2,0,3.5,0,0,2,0,2,0,2,0,0,0,6808.0,Jie Zhu,,Jie Zhu,0.0,0.35,0.1225,0.0,0.25,0.2857142857142857,0.0,0.0,0.6666666666666667,0.4,0.0,0.5,0.0,0.1224999999999999,0.1632,64.0,False,False,None,0,0,0
6821,2025,2025,1,1,,,1,,0,True,True,0,4,,0.0,0,0,0.0,0,0,0,0,0,0,2,0,0,0,6821.0,Debra Avery,,Debra Avery,0.0,0.0,0.0,0.0,0.1666666666666666,0.0,0.0,0.0,0.0,0.0,0.0,0.5,0.0,0.0,0.0383,1245.0,False,False,None,0,0,0
6823,2025,2025,1,1,,,1,,0,True,True,0,4,,0.0,0,0,0.0,0,0,0,0,0,0,1,0,0,0,6823.0,Xia Zhang,,Xia Zhang,0.0,0.0,0.0,0.0,0.1666666666666666,0.0,0.0,0.0,0.0,0.0,0.0,0.0,0.0,0.0,0.0233,1924.0,False,False,None,0,0,0
6824,2025,2025,1,1,,,1,,0,True,True,0,4,,0.0,0,0,0.0,0,0,0,0,0,0,2,0,0,0,6824.0,Guiying Qin,,Guiying Qin,0.0,0.0,0.0,0.0,0.1666666666666666,0.0,0.0,0.0,0.0,0.0,0.0,0.5,0.0,0.0,0.0383,1245.0,False,False,None,0,0,0
6825,2025,2025,1,1,,,1,,0,True,True,0,4,,0.0,0,0,0.0,0,0,0,0,0,0,1,0,0,0,6825.0,Jie Jia,,Jie Jia,0.0,0.0,0.0,0.0,0.1666666666666666,0.0,0.0,0.0,0.0,0.0,0.0,0.0,0.0,0.0,0.0233,1924.0,False,False,None,0,0,0
6845,2027,2027,1,1,,,1,,0,True,True,0,1,,0.0,0,0,0.0,0,0,1,0,1,0,1,0,0,0,6845.0,Guiying Zeng,,Guiying Zeng,0.0,0.0,0.0,0.0,0.0416666666666666,0.0,0.0,0.0,0.0,0.2,0.0,0.0,0.0,0.0,0.0158,2169.0,False,False,None,0,0,0
6846,2027,2027,1,1,,,1,,0,True,True,0,1,,0.0,0,0,0.0,0,0,1,0,1,0,2,0,0,0,6846.0,Qiang Dai,,Qiang Dai,0.0,0.0,0.0,0.0,0.0416666666666666,0.0,0.0,0.0,0.0,0.2,0.0,0.5,0.0,0.0,0.0308,1542.0,False,False,None,0,0,0
6847,2027,2027,1,1,,,1,,0,True,True,0,1,,0.0,0,0,0.0,0,0,1,0,1,0,1,0,0,0,6847.0,Na Li,,Na Li,0.0,0.0,0.0,0.0,0.0416666666666666,0.0,0.0,0.0,0.0,0.2,0.0,0.0,0.0,0.0,0.0158,2169.0,False,False,None,0,0,0
6852,2026,2026,1,1,2026.0,2026.0,1,0.0,0,True,True,0,1,14.0,0.0,0,0,0.0,0,0,1,0,1,0,1,0,0,0,6852.0,Qiang Pan,,Qiang Pan,0.0,0.0,0.0,0.0,0.0416666666666666,0.0,0.0,0.0,0.0,0.2,0.0,0.0,0.0,0.0,0.0158,2169.0,False,False,None,0,0,0
6853,2026,2026,1,1,2026.0,2026.0,1,0.0,0,True,True,0,1,14.0,0.0,0,0,0.0,0,0,1,0,1,0,2,0,0,0,6853.0,Xiulan Cao,,Xiulan Cao,0.0,0.0,0.0,0.0,0.0416666666666666,0.0,0.0,0.0,0.0,0.2,0.0,0.5,0.0,0.0,0.0308,1542.0,False,False,None,0,0,0
6855,2026,2026,1,1,,,1,,0,True,True,0,3,,0.0,0,0,0.0,0,0,1,0,1,0,1,0,0,0,6855.0,Renee Walker,Valence,Valence,0.0,0.0,0.0,0.0,0.125,0.0,0.0,0.0,0.0,0.2,0.0,0.0,0.0,0.0,0.0275,1672.0,False,False,None,0,0,0
6856,2026,2026,1,1,,,1,,0,True,True,0,3,,0.0,0,0,0.0,0,0,1,0,1,0,1,0,0,0,6856.0,Sheila Flores,,Sheila Flores,0.0,0.0,0.0,0.0,0.125,0.0,0.0,0.0,0.0,0.2,0.0,0.0,0.0,0.0,0.0275,1672.0,False,False,None,0,0,0
6857,2026,2026,1,1,,,1,,0,True,True,0,3,,0.0,0,0,0.0,0,0,1,0,1,0,1,0,0,0,6857.0,Monica Ramirez,,Monica Ramirez,0.0,0.0,0.0,0.0,0.125,0.0,0.0,0.0,0.0,0.2,0.0,0.0,0.0,0.0,0.0275,1672.0,False,False,None,0,0,0
6858,2026,2026,1,1,,,1,,0,True,True,0,3,,0.0,0,0,0.0,0,0,1,0,1,0,2,0,0,0,6858.0,Larry Miller,,Larry Miller,0.0,0.0,0.0,0.0,0.125,0.0,0.0,0.0,0.0,0.2,0.0,0.5,0.0,0.0,0.0425,1060.0,False,False,None,0,0,0
6861,2026,2026,1,1,,,1,,0,True,True,0,1,,0.0,0,0,0.0,0,0,0,0,0,0,2,0,0,0,6861.0,Tao Wu,,Tao Wu,0.0,0.0,0.0,0.0,0.0416666666666666,0.0,0.0,0.0,0.0,0.0,0.0,0.5,0.0,0.0,0.0208,2123.0,False,False,None,0,0,0
6862,2028,2028,1,1,,,1,,0,True,True,0,2,,0.0,0,0,0.0,0,0,2,0,2,0,2,0,0,0,6862.0,Xia Qiu,,Xia Qiu,0.0,0.0,0.0,0.0,0.0833333333333333,0.0,0.0,0.0,0.0,0.4,0.0,0.5,0.0,0.0,0.0467,928.0,False,False,None,0,0,0
6874,2025,2029,2,2,2029.0,2029.0,2,4.0,4,True,True,0,3,11.0,0.0,4,0,0.75,0,0,2,0,2,0,1,0,0,0,6874.0,Chao Chang,,Chao Chang,0.0,0.075,0.0262,0.0,0.125,0.5714285714285714,0.0,0.0,0.3333333333333333,0.4,0.0,0.0,0.0,0.02625,0.132,107.0,False,False,None,0,0,0
6889,2026,2026,1,1,,,1,,0,True,True,0,2,,0.0,2,0,0.0,0,0,1,0,1,1,1,0,0,0,6889.0,Xia Cui,,Xia Cui,0.0,0.0,0.0,0.0,0.0833333333333333,0.2857142857142857,0.0,0.0,0.0,0.2,0.125,0.0,0.0,0.0,0.061,596.0,True,False,Echo Syntax,5,2,3
6956,2025,2029,2,2,2025.0,2025.0,2,0.0,4,True,True,0,10,15.0,0.0,2,0,1.0,0,0,1,0,1,3,1,0,0,0,6956.0,Chao Xu,,Chao Xu,0.0,0.1,0.035,0.0,0.4166666666666666,0.2857142857142857,0.0,0.0,0.3333333333333333,0.2,0.375,0.0,0.0,0.0349999999999999,0.1445,82.0,False,False,None,0,0,0
6957,2025,2025,1,1,2025.0,2025.0,1,0.0,0,True,True,0,7,15.0,0.0,1,0,0.0,0,0,1,0,1,1,1,0,0,0,6957.0,Ming Dong,,Ming Dong,0.0,0.0,0.0,0.0,0.2916666666666666,0.1428571428571428,0.0,0.0,0.0,0.2,0.125,0.0,0.0,0.0,0.073,428.0,False,False,None,0,0,0
6958,2025,2025,1,1,2025.0,2025.0,1,0.0,0,True,True,0,7,15.0,0.0,1,0,0.0,0,0,1,0,1,1,1,0,0,0,6958.0,Lei Hu,,Lei Hu,0.0,0.0,0.0,0.0,0.2916666666666666,0.1428571428571428,0.0,0.0,0.0,0.2,0.125,0.0,0.0,0.0,0.073,428.0,False,False,None,0,0,0
6969,2028,2028,1,1,,,1,,0,True,True,0,1,,0.0,0,0,0.0,0,0,1,0,1,0,1,0,0,0,6969.0,Guiying Xia,,Guiying Xia,0.0,0.0,0.0,0.0,0.0416666666666666,0.0,0.0,0.0,0.0,0.2,0.0,0.0,0.0,0.0,0.0158,2169.0,False,False,None,0,0,0
6970,2028,2028,1,1,,,1,,0,True,True,0,1,,0.0,0,0,0.0,0,0,1,0,1,0,1,0,0,0,6970.0,Li Kang,,Li Kang,0.0,0.0,0.0,0.0,0.0416666666666666,0.0,0.0,0.0,0.0,0.2,0.0,0.0,0.0,0.0,0.0158,2169.0,False,False,None,0,0,0
6971,2028,2028,1,1,,,1,,0,True,True,0,1,,0.0,0,0,0.0,0,0,1,0,1,0,1,0,0,0,6971.0,Xiuying Ren,,Xiuying Ren,0.0,0.0,0.0,0.0,0.0416666666666666,0.0,0.0,0.0,0.0,0.2,0.0,0.0,0.0,0.0,0.0158,2169.0,False,False,None,0,0,0
6972,2028,2028,1,1,,,1,,0,True,True,0,1,,0.0,0,0,0.0,0,0,1,0,1,0,1,0,0,0,6972.0,Eric Morrison,,Eric Morrison,0.0,0.0,0.0,0.0,0.0416666666666666,0.0,0.0,0.0,0.0,0.2,0.0,0.0,0.0,0.0,0.0158,2169.0,False,False,None,0,0,0
6973,2028,2028,1,1,,,1,,0,True,True,0,1,,0.0,0,0,0.0,0,0,1,0,1,0,2,0,0,0,6973.0,Jie Qin,,Jie Qin,0.0,0.0,0.0,0.0,0.0416666666666666,0.0,0.0,0.0,0.0,0.2,0.0,0.5,0.0,0.0,0.0308,1542.0,False,False,None,0,0,0
6974,2028,2030,2,2,,,2,,2,True,True,1,4,,0.0,0,0,3.0,0,0,2,0,2,0,2,0,0,0,6974.0,Li Wen,,Li Wen,0.0,0.3,0.105,0.0833333333333333,0.1666666666666666,0.0,0.0,0.0,0.3333333333333333,0.4,0.0,0.5,0.0,0.105,0.1055,192.0,False,False,None,0,0,0
6975,2028,2028,1,1,,,1,,0,True,True,0,1,,0.0,0,0,0.0,0,0,1,0,1,0,1,0,0,0,6975.0,Chao Yao,,Chao Yao,0.0,0.0,0.0,0.0,0.0416666666666666,0.0,0.0,0.0,0.0,0.2,0.0,0.0,0.0,0.0,0.0158,2169.0,False,False,None,0,0,0
7007,2026,2026,1,1,,,1,,0,True,True,0,2,,0.0,0,0,0.0,0,0,1,0,1,1,1,0,0,0,7007.0,David Gibson,,David Gibson,0.0,0.0,0.0,0.0,0.0833333333333333,0.0,0.0,0.0,0.0,0.2,0.125,0.0,0.0,0.0,0.0267,1762.0,False,False,None,0,0,0
7008,2026,2026,1,1,,,1,,0,True,True,0,2,,0.0,0,0,0.0,0,0,1,0,1,1,2,0,0,0,7008.0,Sandra Smith,,Sandra Smith,0.0,0.0,0.0,0.0,0.0833333333333333,0.0,0.0,0.0,0.0,0.2,0.125,0.5,0.0,0.0,0.0417,1088.0,False,False,None,0,0,0
7009,2026,2026,1,1,,,1,,0,True,True,0,2,,0.0,0,0,0.0,0,0,1,0,1,1,1,0,0,0,7009.0,Robert Gonzales,,Robert Gonzales,0.0,0.0,0.0,0.0,0.0833333333333333,0.0,0.0,0.0,0.0,0.2,0.125,0.0,0.0,0.0,0.0267,1762.0,False,False,None,0,0,0
7047,2026,2026,1,1,,,1,,0,True,True,0,1,,0.0,0,0,0.0,0,0,1,0,1,1,1,0,0,0,7047.0,Yong Su,,Yong Su,0.0,0.0,0.0,0.0,0.0416666666666666,0.0,0.0,0.0,0.0,0.2,0.125,0.0,0.0,0.0,0.0208,2090.0,False,False,None,0,0,0
7048,2026,2026,1,1,,,1,,0,True,True,0,1,,0.0,0,0,0.0,0,0,1,0,1,1,1,0,0,0,7048.0,Lei Tian,,Lei Tian,0.0,0.0,0.0,0.0,0.0416666666666666,0.0,0.0,0.0,0.0,0.2,0.125,0.0,0.0,0.0,0.0208,2090.0,False,False,None,0,0,0
7049,2026,2026,1,1,,,1,,0,True,True,0,1,,0.0,0,0,0.0,0,0,1,0,1,1,1,0,0,0,7049.0,Chao Wu,,Chao Wu,0.0,0.0,0.0,0.0,0.0416666666666666,0.0,0.0,0.0,0.0,0.2,0.125,0.0,0.0,0.0,0.0208,2090.0,False,False,None,0,0,0
7050,2026,2026,1,1,,,1,,0,True,True,0,1,,0.0,0,0,0.0,0,0,1,0,1,1,1,0,0,0,7050.0,Yong Hou,,Yong Hou,0.0,0.0,0.0,0.0,0.0416666666666666,0.0,0.0,0.0,0.0,0.2,0.125,0.0,0.0,0.0,0.0208,2090.0,False,False,None,0,0,0
7051,2026,2026,1,1,,,1,,0,True,True,0,1,,0.0,0,0,0.0,0,0,1,0,1,1,1,0,0,0,7051.0,Xia Yang,,Xia Yang,0.0,0.0,0.0,0.0,0.0416666666666666,0.0,0.0,0.0,0.0,0.2,0.125,0.0,0.0,0.0,0.0208,2090.0,False,False,None,0,0,0
7075,2028,2028,1,1,2028.0,2028.0,1,0.0,0,True,True,0,0,12.0,0.0,0,0,0.0,0,0,1,0,1,0,1,0,0,0,7075.0,Fang Hou,,Fang Hou,0.0,0.0,0.0,0.0,0.0,0.0,0.0,0.0,0.0,0.2,0.0,0.0,0.0,0.0,0.01,2522.0,False,False,None,0,0,0
7087,2025,2025,1,1,,,1,,0,True,True,0,1,,0.0,0,0,0.0,0,0,2,0,2,1,1,0,0,0,7087.0,Yong Fu,,Yong Fu,0.0,0.0,0.0,0.0,0.0416666666666666,0.0,0.0,0.0,0.0,0.4,0.125,0.0,0.0,0.0,0.0308,1534.0,False,False,None,0,0,0
7088,2025,2025,1,1,,,1,,0,True,True,0,1,,0.0,0,0,0.0,0,0,2,0,2,1,1,0,0,0,7088.0,Jie Yi,,Jie Yi,0.0,0.0,0.0,0.0,0.0416666666666666,0.0,0.0,0.0,0.0,0.4,0.125,0.0,0.0,0.0,0.0308,1534.0,False,False,None,0,0,0
7090,2028,2028,1,1,,,1,,0,True,True,0,4,,0.0,2,0,0.0,0,0,1,0,1,1,2,0,0,0,7090.0,Yan Yang,,Yan Yang,0.0,0.0,0.0,0.0,0.1666666666666666,0.2857142857142857,0.0,0.0,0.0,0.2,0.125,0.5,0.0,0.0,0.0876,312.0,False,False,None,0,0,0
7091,2028,2028,1,1,,,1,,0,True,True,0,4,,0.0,2,0,0.0,0,0,1,0,1,1,1,0,0,0,7091.0,Jie Zhang,,Jie Zhang,0.0,0.0,0.0,0.0,0.1666666666666666,0.2857142857142857,0.0,0.0,0.0,0.2,0.125,0.0,0.0,0.0,0.0726,435.0,False,False,None,0,0,0
7094,2025,2025,1,1,,,1,,0,True,True,0,2,,0.0,0,0,0.0,0,0,1,0,1,0,1,0,0,0,7094.0,Li Xue,,Li Xue,0.0,0.0,0.0,0.0,0.0833333333333333,0.0,0.0,0.0,0.0,0.2,0.0,0.0,0.0,0.0,0.0217,1958.0,False,False,None,0,0,0
7095,2025,2025,1,1,,,1,,0,True,True,0,2,,0.0,0,0,0.0,0,0,1,0,1,0,1,0,0,0,7095.0,Yan Qiao,,Yan Qiao,0.0,0.0,0.0,0.0,0.0833333333333333,0.0,0.0,0.0,0.0,0.2,0.0,0.0,0.0,0.0,0.0217,1958.0,False,False,None,0,0,0
7117,2029,2029,1,1,,,1,,0,True,True,0,5,,0.0,1,0,0.0,0,0,1,0,1,1,1,0,0,0,7117.0,Ming Huang,,Ming Huang,0.0,0.0,0.0,0.0,0.2083333333333333,0.1428571428571428,0.0,0.0,0.0,0.2,0.125,0.0,0.0,0.0,0.0613,588.0,False,False,None,0,0,0
7119,2028,2028,1,1,,,1,,0,True,True,0,1,,0.0,0,0,0.0,0,0,1,0,1,0,1,0,0,0,7119.0,Yan Yu, Sasha James, Sasha James,0.0,0.0,0.0,0.0,0.0416666666666666,0.0,0.0,0.0,0.0,0.2,0.0,0.0,0.0,0.0,0.0158,2169.0,False,False,None,0,0,0
7120,2028,2028,1,1,,,1,,0,True,True,0,1,,0.0,0,0,0.0,0,0,1,0,1,0,1,0,0,0,7120.0,Xiulan Ren,,Xiulan Ren,0.0,0.0,0.0,0.0,0.0416666666666666,0.0,0.0,0.0,0.0,0.2,0.0,0.0,0.0,0.0,0.0158,2169.0,False,False,None,0,0,0
7121,2025,2028,2,2,,,2,,3,True,True,0,3,,0.0,2,0,1.0,0,0,2,0,2,0,2,0,0,0,7121.0,Lei Xue,,Lei Xue,0.0,0.1,0.035,0.0,0.125,0.2857142857142857,0.0,0.0,0.3333333333333333,0.4,0.0,0.5,0.0,0.0349999999999999,0.1136,154.0,False,False,None,0,0,0
7122,2028,2028,1,1,,,1,,0,True,True,0,1,,0.0,0,0,0.0,0,0,1,0,1,0,1,0,0,0,7122.0,Yong Ye,,Yong Ye,0.0,0.0,0.0,0.0,0.0416666666666666,0.0,0.0,0.0,0.0,0.2,0.0,0.0,0.0,0.0,0.0158,2169.0,False,False,None,0,0,0
7124,2029,2029,1,1,,,1,,0,True,True,0,2,,0.0,0,0,0.0,0,0,1,0,1,0,2,0,0,0,7124.0,Jeffrey Knight,,Jeffrey Knight,0.0,0.0,0.0,0.0,0.0833333333333333,0.0,0.0,0.0,0.0,0.2,0.0,0.5,0.0,0.0,0.0367,1265.0,False,False,None,0,0,0
7125,2029,2029,1,1,,,1,,0,True,True,0,2,,0.0,0,0,0.0,0,0,1,0,1,0,1,0,0,0,7125.0,Yang Cheng,,Yang Cheng,0.0,0.0,0.0,0.0,0.0833333333333333,0.0,0.0,0.0,0.0,0.2,0.0,0.0,0.0,0.0,0.0217,1958.0,False,False,None,0,0,0
7136,2026,2026,1,1,,,1,,0,True,True,0,8,,0.0,1,0,0.0,0,0,1,0,1,1,2,0,0,0,7136.0,Wei Liu,,Wei Liu,0.0,0.0,0.0,0.0,0.3333333333333333,0.1428571428571428,0.0,0.0,0.0,0.2,0.125,0.5,0.0,0.0,0.0938,269.0,False,False,None,0,0,0
7141,2029,2029,1,1,,,1,,0,True,True,0,3,,0.0,2,0,0.0,0,0,1,0,1,1,1,0,0,0,7141.0,Fang Cheng,Quantum Waltz,Quantum Waltz,0.0,0.0,0.0,0.0,0.125,0.2857142857142857,0.0,0.0,0.0,0.2,0.125,0.0,0.0,0.0,0.0668,497.0,False,False,None,0,0,0
7142,2029,2029,1,1,,,1,,0,True,True,0,3,,0.0,2,0,0.0,0,0,1,0,1,1,2,0,0,0,7142.0,Ping He,,Ping He,0.0,0.0,0.0,0.0,0.125,0.2857142857142857,0.0,0.0,0.0,0.2,0.125,0.5,0.0,0.0,0.0818,349.0,False,False,None,0,0,0
7144,2029,2029,1,1,,,1,,0,True,True,0,3,,0.0,2,0,0.0,0,0,1,0,1,1,1,0,0,0,7144.0,Tao Zhang,,Tao Zhang,0.0,0.0,0.0,0.0,0.125,0.2857142857142857,0.0,0.0,0.0,0.2,0.125,0.0,0.0,0.0,0.0668,497.0,False,False,None,0,0,0
7146,2029,2029,1,1,,,1,,0,True,True,0,3,,0.0,2,0,0.0,0,0,1,0,1,1,2,0,0,0,7146.0,Ming Sun,,Ming Sun,0.0,0.0,0.0,0.0,0.125,0.2857142857142857,0.0,0.0,0.0,0.2,0.125,0.5,0.0,0.0,0.0818,349.0,False,False,None,0,0,0
7149,2029,2029,1,0,,,1,,0,True,True,0,5,,0.0,0,0,0.0,0,0,0,0,0,0,1,1,3,4,7149.0,Li Huang,,Li Huang,0.0,0.0,0.0,0.0,0.2083333333333333,0.0,0.0,0.0,0.0,0.0,0.0,0.0,0.0,0.0,0.0292,1648.0,False,False,None,0,0,0
7150,2029,2029,1,0,,,1,,0,True,True,0,5,,0.0,0,0,0.0,0,0,0,0,0,0,1,1,3,4,7150.0,Qiang Luo,,Qiang Luo,0.0,0.0,0.0,0.0,0.2083333333333333,0.0,0.0,0.0,0.0,0.0,0.0,0.0,0.0,0.0,0.0292,1648.0,False,False,None,0,0,0
7151,2029,2029,1,0,,,1,,0,True,True,0,5,,0.0,0,0,0.0,0,0,0,0,0,0,1,1,3,4,7151.0,Yong Ye,,Yong Ye,0.0,0.0,0.0,0.0,0.2083333333333333,0.0,0.0,0.0,0.0,0.0,0.0,0.0,0.0,0.0,0.0292,1648.0,False,False,None,0,0,0
7163,2025,2025,1,1,2025.0,2025.0,1,0.0,0,True,True,0,2,15.0,0.0,0,0,0.0,0,0,1,0,1,0,1,0,0,0,7163.0,Li Yi,,Li Yi,0.0,0.0,0.0,0.0,0.0833333333333333,0.0,0.0,0.0,0.0,0.2,0.0,0.0,0.0,0.0,0.0217,1958.0,False,False,None,0,0,0
7164,2025,2025,1,1,2025.0,2025.0,1,0.0,0,True,True,0,2,15.0,0.0,0,0,0.0,0,0,1,0,1,0,2,0,0,0,7164.0,Tao Zheng,,Tao Zheng,0.0,0.0,0.0,0.0,0.0833333333333333,0.0,0.0,0.0,0.0,0.2,0.0,0.5,0.0,0.0,0.0367,1265.0,False,False,None,0,0,0
7192,2027,2027,1,1,,,1,,0,True,True,0,3,,0.0,2,0,0.0,0,0,1,0,1,0,2,0,0,0,7192.0,Li Yin,,Li Yin,0.0,0.0,0.0,0.0,0.125,0.2857142857142857,0.0,0.0,0.0,0.2,0.0,0.5,0.0,0.0,0.0768,389.0,False,False,None,0,0,0
7212,2029,2029,1,1,,,1,,0,True,True,0,3,,0.0,0,0,0.0,0,0,1,0,1,1,1,0,0,0,7212.0,William Kennedy,,William Kennedy,0.0,0.0,0.0,0.0,0.125,0.0,0.0,0.0,0.0,0.2,0.125,0.0,0.0,0.0,0.0325,1451.0,False,False,None,0,0,0
7215,2029,2030,2,2,2036.0,2036.0,2,7.0,1,True,True,1,6,4.0,0.6,0,0,6.0,0,0,2,1,3,0,3,0,1,1,7215.0,Jing Mao,,Jing Mao,0.0,0.6000000000000001,0.21,0.0833333333333333,0.25,0.0,0.0,0.0,0.3333333333333333,0.6000000000000001,0.0,1.0,0.6,0.21,0.2307,21.0,True,True,Lunar Drift,12,10,2
7217,2029,2030,2,2,2036.0,2036.0,2,7.0,1,True,True,1,6,4.0,0.6,0,0,6.0,0,0,2,1,3,0,2,0,1,1,7217.0,Min Kong,,Min Kong,0.0,0.6000000000000001,0.21,0.0833333333333333,0.25,0.0,0.0,0.0,0.3333333333333333,0.6000000000000001,0.0,0.5,0.6,0.21,0.2157,24.0,True,True,Lunar Drift,12,10,2
7218,2029,2030,2,2,2036.0,2036.0,2,7.0,1,True,True,1,6,4.0,0.6,0,0,6.0,0,0,2,1,3,0,1,0,1,1,7218.0,Li Song,,Li Song,0.0,0.6000000000000001,0.21,0.0833333333333333,0.25,0.0,0.0,0.0,0.3333333333333333,0.6000000000000001,0.0,0.0,0.6,0.21,0.2007,28.0,True,True,Lunar Drift,12,10,2
7219,2029,2029,1,1,2036.0,2036.0,1,7.0,0,True,True,0,4,4.0,0.6,0,0,0.0,0,0,1,0,1,0,1,0,1,1,7219.0,Hannah Richards,,Hannah Richards,0.0,0.0,0.0,0.0,0.1666666666666666,0.0,0.0,0.0,0.0,0.2,0.0,0.0,0.6,0.0,0.1113,157.0,False,False,None,0,0,0
7220,2029,2029,1,1,2036.0,2036.0,1,7.0,0,True,True,0,4,4.0,0.6,0,0,0.0,0,0,1,0,1,0,1,0,1,1,7220.0,Li Sun,,Li Sun,0.0,0.0,0.0,0.0,0.1666666666666666,0.0,0.0,0.0,0.0,0.2,0.0,0.0,0.6,0.0,0.1113,157.0,False,False,None,0,0,0
7242,2028,2028,1,1,,,1,,0,True,True,0,1,,0.0,0,0,0.0,0,0,1,0,1,0,2,0,0,0,7242.0,Ahana  Sarin,,Ahana  Sarin,0.0,0.0,0.0,0.0,0.0416666666666666,0.0,0.0,0.0,0.0,0.2,0.0,0.5,0.0,0.0,0.0308,1542.0,False,False,None,0,0,0
7267,2026,2026,1,1,,,1,,0,True,True,0,0,,0.0,0,0,0.0,0,0,1,0,1,0,1,0,0,0,7267.0,Yan Su,,Yan Su,0.0,0.0,0.0,0.0,0.0,0.0,0.0,0.0,0.0,0.2,0.0,0.0,0.0,0.0,0.01,2522.0,False,False,None,0,0,0
7268,2026,2026,1,1,,,1,,0,True,True,0,0,,0.0,0,0,0.0,0,0,1,0,1,0,1,0,0,0,7268.0,Yang Chang,,Yang Chang,0.0,0.0,0.0,0.0,0.0,0.0,0.0,0.0,0.0,0.2,0.0,0.0,0.0,0.0,0.01,2522.0,False,False,None,0,0,0
7269,2026,2026,1,1,,,1,,0,True,True,0,0,,0.0,0,0,0.0,0,0,1,0,1,0,2,0,0,0,7269.0,Cheryl Brown,,Cheryl Brown,0.0,0.0,0.0,0.0,0.0,0.0,0.0,0.0,0.0,0.2,0.0,0.5,0.0,0.0,0.025,1899.0,False,False,None,0,0,0
7327,2028,2028,1,1,,,1,,0,True,True,0,0,,0.0,0,0,0.0,0,0,1,0,1,0,1,0,0,0,7327.0,Lei Zhang,,Lei Zhang,0.0,0.0,0.0,0.0,0.0,0.0,0.0,0.0,0.0,0.2,0.0,0.0,0.0,0.0,0.01,2522.0,False,False,None,0,0,0
7328,2028,2028,1,1,,,1,,0,True,True,0,0,,0.0,0,0,0.0,0,0,1,0,1,0,2,0,0,0,7328.0,Xia Pan,,Xia Pan,0.0,0.0,0.0,0.0,0.0,0.0,0.0,0.0,0.0,0.2,0.0,0.5,0.0,0.0,0.025,1899.0,False,False,None,0,0,0
7329,2028,2028,1,1,,,1,,0,True,True,0,0,,0.0,0,0,0.0,0,0,1,0,1,0,1,0,0,0,7329.0,Na Cui,,Na Cui,0.0,0.0,0.0,0.0,0.0,0.0,0.0,0.0,0.0,0.2,0.0,0.0,0.0,0.0,0.01,2522.0,False,False,None,0,0,0
7353,2027,2027,1,1,,,1,,0,True,True,0,2,,0.0,0,0,0.0,0,0,1,0,1,0,2,0,1,1,7353.0,Juan Ye,,Juan Ye,0.0,0.0,0.0,0.0,0.0833333333333333,0.0,0.0,0.0,0.0,0.2,0.0,0.5,0.0,0.0,0.0367,1265.0,False,False,None,0,0,0
7357,2029,2029,1,1,,,1,,0,True,True,0,1,,0.0,0,0,0.0,0,0,1,0,1,0,1,0,0,0,7357.0,Ian Dawson,,Ian Dawson,0.0,0.0,0.0,0.0,0.0416666666666666,0.0,0.0,0.0,0.0,0.2,0.0,0.0,0.0,0.0,0.0158,2169.0,False,False,None,0,0,0
7358,2029,2029,1,1,,,1,,0,True,True,0,1,,0.0,0,0,0.0,0,0,1,0,1,0,1,0,0,0,7358.0,Seve Francisco,,Seve Francisco,0.0,0.0,0.0,0.0,0.0416666666666666,0.0,0.0,0.0,0.0,0.2,0.0,0.0,0.0,0.0,0.0158,2169.0,False,False,None,0,0,0
7359,2029,2029,1,1,,,1,,0,True,True,0,1,,0.0,0,0,0.0,0,0,1,0,1,0,1,0,0,0,7359.0,Abril Serna,,Abril Serna,0.0,0.0,0.0,0.0,0.0416666666666666,0.0,0.0,0.0,0.0,0.2,0.0,0.0,0.0,0.0,0.0158,2169.0,False,False,None,0,0,0
7375,2028,2028,1,1,,,1,,0,True,True,0,3,,0.0,1,0,0.0,0,0,2,0,2,1,1,0,0,0,7375.0,Maria Morris,,Maria Morris,0.0,0.0,0.0,0.0,0.125,0.1428571428571428,0.0,0.0,0.0,0.4,0.125,0.0,0.0,0.0,0.0596,619.0,False,False,None,0,0,0
7376,2028,2028,1,1,,,1,,0,True,True,0,3,,0.0,1,0,0.0,0,0,2,0,2,1,1,0,0,0,7376.0,Sharon Crawford,,Sharon Crawford,0.0,0.0,0.0,0.0,0.125,0.1428571428571428,0.0,0.0,0.0,0.4,0.125,0.0,0.0,0.0,0.0596,619.0,False,False,None,0,0,0
7377,2028,2028,1,1,,,1,,0,True,True,0,3,,0.0,1,0,0.0,0,0,2,0,2,1,1,0,0,0,7377.0,Michelle Anderson,,Michelle Anderson,0.0,0.0,0.0,0.0,0.125,0.1428571428571428,0.0,0.0,0.0,0.4,0.125,0.0,0.0,0.0,0.0596,619.0,False,False,None,0,0,0
7378,2028,2028,1,1,,,1,,0,True,True,0,3,,0.0,1,0,0.0,0,0,2,0,2,1,1,0,0,0,7378.0,Dylan Williams,,Dylan Williams,0.0,0.0,0.0,0.0,0.125,0.1428571428571428,0.0,0.0,0.0,0.4,0.125,0.0,0.0,0.0,0.0596,619.0,False,False,None,0,0,0
7383,2030,2030,1,1,2030.0,2030.0,1,0.0,0,True,True,1,1,10.0,0.0,0,0,0.0,0,0,1,0,1,0,1,0,0,0,7383.0,Jivika Keer,,Jivika Keer,0.0,0.0,0.0,0.0833333333333333,0.0416666666666666,0.0,0.0,0.0,0.0,0.2,0.0,0.0,0.0,0.0,0.0292,1648.0,False,False,None,0,0,0
7384,2030,2030,1,1,2030.0,2030.0,1,0.0,0,True,True,1,1,10.0,0.0,0,0,0.0,0,0,1,0,1,0,1,0,0,0,7384.0,Rafael Hoz Pizarro,,Rafael Hoz Pizarro,0.0,0.0,0.0,0.0833333333333333,0.0416666666666666,0.0,0.0,0.0,0.0,0.2,0.0,0.0,0.0,0.0,0.0292,1648.0,False,False,None,0,0,0
7385,2030,2030,1,1,2030.0,2030.0,1,0.0,0,True,True,1,1,10.0,0.0,0,0,0.0,0,0,1,0,1,0,1,0,0,0,7385.0,Gina Miller,,Gina Miller,0.0,0.0,0.0,0.0833333333333333,0.0416666666666666,0.0,0.0,0.0,0.0,0.2,0.0,0.0,0.0,0.0,0.0292,1648.0,False,False,None,0,0,0
7404,2027,2027,1,1,,,1,,0,True,True,0,1,,0.0,0,0,0.0,0,0,1,0,1,0,1,0,1,1,7404.0,Wei Yao,,Wei Yao,0.0,0.0,0.0,0.0,0.0416666666666666,0.0,0.0,0.0,0.0,0.2,0.0,0.0,0.0,0.0,0.0158,2169.0,False,False,None,0,0,0
7442,2030,2030,1,1,2030.0,2030.0,1,0.0,0,True,True,1,4,10.0,0.0,1,0,0.0,0,0,2,0,2,0,2,0,3,3,7442.0,Yan Liu,,Yan Liu,0.0,0.0,0.0,0.0833333333333333,0.1666666666666666,0.1428571428571428,0.0,0.0,0.0,0.4,0.0,0.5,0.0,0.0,0.0888,303.0,False,False,None,0,0,0
7443,2030,2030,1,1,2030.0,2030.0,1,0.0,0,True,True,1,4,10.0,0.0,1,0,0.0,0,0,2,0,2,0,1,0,3,3,7443.0,Wei Gu,,Wei Gu,0.0,0.0,0.0,0.0833333333333333,0.1666666666666666,0.1428571428571428,0.0,0.0,0.0,0.4,0.0,0.0,0.0,0.0,0.0738,415.0,False,False,None,0,0,0
7444,2030,2030,1,1,2030.0,2030.0,1,0.0,0,True,True,1,4,10.0,0.0,1,0,0.0,0,0,2,0,2,0,1,0,3,3,7444.0,Lei Shi,,Lei Shi,0.0,0.0,0.0,0.0833333333333333,0.1666666666666666,0.1428571428571428,0.0,0.0,0.0,0.4,0.0,0.0,0.0,0.0,0.0738,415.0,False,False,None,0,0,0
7445,2030,2030,1,1,2030.0,2030.0,1,0.0,0,True,True,1,4,10.0,0.0,1,0,0.0,0,0,2,0,2,0,1,0,3,3,7445.0,Xiuying Guo,,Xiuying Guo,0.0,0.0,0.0,0.0833333333333333,0.1666666666666666,0.1428571428571428,0.0,0.0,0.0,0.4,0.0,0.0,0.0,0.0,0.0738,415.0,False,False,None,0,0,0
7446,2030,2030,1,1,2030.0,2030.0,1,0.0,0,True,True,1,4,10.0,0.0,1,0,0.0,0,0,2,0,2,0,1,0,3,3,7446.0,Jing Guo,,Jing Guo,0.0,0.0,0.0,0.0833333333333333,0.1666666666666666,0.1428571428571428,0.0,0.0,0.0,0.4,0.0,0.0,0.0,0.0,0.0738,415.0,False,False,None,0,0,0
7462,2025,2027,2,2,,,2,,2,True,True,0,5,,0.0,3,0,3.0,0,0,1,1,2,0,2,0,0,0,7462.0,Colette-Jeannine Lemaître,,Colette-Jeannine Lemaître,0.0,0.3,0.105,0.0,0.2083333333333333,0.4285714285714285,0.0,0.0,0.3333333333333333,0.4,0.0,0.5,0.0,0.105,0.1494,77.0,True,False,Electric Novella,4,1,3
7480,2026,2026,1,1,,,1,,0,True,True,0,2,,0.0,0,0,0.0,0,0,1,0,1,0,1,0,0,0,7480.0,Wei Yuan,,Wei Yuan,0.0,0.0,0.0,0.0,0.0833333333333333,0.0,0.0,0.0,0.0,0.2,0.0,0.0,0.0,0.0,0.0217,1958.0,False,False,None,0,0,0
7493,2027,2027,1,0,,,1,,0,True,True,0,4,,0.0,0,0,0.0,0,0,1,0,1,0,2,0,2,2,7493.0,Tao Bai,,Tao Bai,0.0,0.0,0.0,0.0,0.1666666666666666,0.0,0.0,0.0,0.0,0.2,0.0,0.5,0.0,0.0,0.0483,880.0,False,False,None,0,0,0
7494,2027,2027,1,1,,,1,,0,True,True,0,2,,0.0,0,0,0.0,0,0,1,0,1,0,1,0,1,1,7494.0,Gang Xie,,Gang Xie,0.0,0.0,0.0,0.0,0.0833333333333333,0.0,0.0,0.0,0.0,0.2,0.0,0.0,0.0,0.0,0.0217,1958.0,False,False,None,0,0,0
7521,2025,2025,1,1,2025.0,2025.0,1,0.0,0,True,True,0,3,15.0,0.0,0,0,0.0,0,0,1,0,1,2,1,0,0,0,7521.0,Juan Gu,,Juan Gu,0.0,0.0,0.0,0.0,0.125,0.0,0.0,0.0,0.0,0.2,0.25,0.0,0.0,0.0,0.0375,1253.0,False,False,None,0,0,0
7523,2025,2025,1,1,2025.0,2025.0,1,0.0,0,True,True,0,3,15.0,0.0,0,0,0.0,0,0,1,0,1,2,1,0,0,0,7523.0,Jun Gao,,Jun Gao,0.0,0.0,0.0,0.0,0.125,0.0,0.0,0.0,0.0,0.2,0.25,0.0,0.0,0.0,0.0375,1253.0,False,False,None,0,0,0
7573,2026,2026,1,1,,,1,,0,True,True,0,3,,0.0,0,0,0.0,0,0,2,0,2,1,2,0,0,0,7573.0,Margaud Morel,,Margaud Morel,0.0,0.0,0.0,0.0,0.125,0.0,0.0,0.0,0.0,0.4,0.125,0.5,0.0,0.0,0.0575,651.0,False,False,None,0,0,0
7576,2030,2030,1,0,,,1,,0,True,True,0,2,,0.0,0,0,0.0,0,0,0,0,0,0,1,0,0,0,7576.0,Isabella Johnson, Bella Nova, Bella Nova,0.0,0.0,0.0,0.0,0.0833333333333333,0.0,0.0,0.0,0.0,0.0,0.0,0.0,0.0,0.0,0.0117,2491.0,False,False,None,0,0,0
7577,2030,2030,1,0,,,1,,0,True,True,0,2,,0.0,0,0,0.0,0,0,0,0,0,0,1,0,0,0,7577.0,Qiang Mo,,Qiang Mo,0.0,0.0,0.0,0.0,0.0833333333333333,0.0,0.0,0.0,0.0,0.0,0.0,0.0,0.0,0.0,0.0117,2491.0,False,False,None,0,0,0
7579,2030,2030,1,0,,,1,,0,True,True,0,2,,0.0,0,0,0.0,0,0,0,0,0,0,1,0,0,0,7579.0,Darren Pineda,,Darren Pineda,0.0,0.0,0.0,0.0,0.0833333333333333,0.0,0.0,0.0,0.0,0.0,0.0,0.0,0.0,0.0,0.0117,2491.0,False,False,None,0,0,0
7582,2025,2025,1,1,,,1,,0,True,True,0,4,,0.0,0,0,0.0,0,0,1,0,1,0,2,0,0,0,7582.0,Alessandro Zito,,Alessandro Zito,0.0,0.0,0.0,0.0,0.1666666666666666,0.0,0.0,0.0,0.0,0.2,0.0,0.5,0.0,0.0,0.0483,880.0,False,False,None,0,0,0
7583,2025,2025,1,1,,,1,,0,True,True,0,4,,0.0,0,0,0.0,0,0,1,0,1,0,1,0,0,0,7583.0,Goffredo Cheda,,Goffredo Cheda,0.0,0.0,0.0,0.0,0.1666666666666666,0.0,0.0,0.0,0.0,0.2,0.0,0.0,0.0,0.0,0.0333,1350.0,False,False,None,0,0,0
7587,2027,2027,1,1,,,1,,0,True,True,0,2,,0.0,0,0,0.0,0,0,2,0,2,0,1,0,0,0,7587.0,Xia Qiao,,Xia Qiao,0.0,0.0,0.0,0.0,0.0833333333333333,0.0,0.0,0.0,0.0,0.4,0.0,0.0,0.0,0.0,0.0317,1503.0,False,False,None,0,0,0
7613,2029,2029,1,1,,,1,,0,True,True,0,14,,0.0,1,0,0.0,0,0,1,0,1,2,1,0,0,0,7613.0,Xiulan Zeng,,Xiulan Zeng,0.0,0.0,0.0,0.0,0.5833333333333333,0.1428571428571428,0.0,0.0,0.0,0.2,0.25,0.0,0.0,0.0,0.1188,136.0,False,False,None,0,0,0
7659,2031,2031,1,1,,,1,,0,True,True,1,4,,0.0,0,0,0.0,0,0,2,0,2,0,1,0,0,0,7659.0,Morgan Shelton,,Morgan Shelton,0.0,0.0,0.0,0.0833333333333333,0.1666666666666666,0.0,0.0,0.0,0.0,0.4,0.0,0.0,0.0,0.0,0.0567,656.0,False,False,None,0,0,0
7660,2031,2031,1,1,,,1,,0,True,True,1,4,,0.0,0,0,0.0,0,0,2,0,2,0,1,0,0,0,7660.0,Ryan Morales,,Ryan Morales,0.0,0.0,0.0,0.0833333333333333,0.1666666666666666,0.0,0.0,0.0,0.0,0.4,0.0,0.0,0.0,0.0,0.0567,656.0,False,False,None,0,0,0
7673,2025,2025,1,1,,,1,,0,True,True,0,4,,0.0,0,0,0.0,0,0,1,0,1,1,1,0,0,0,7673.0,Alicia Rice,,Alicia Rice,0.0,0.0,0.0,0.0,0.1666666666666666,0.0,0.0,0.0,0.0,0.2,0.125,0.0,0.0,0.0,0.0383,1217.0,False,False,None,0,0,0
7677,2025,2025,1,1,,,1,,0,True,True,0,4,,0.0,0,0,0.0,0,0,1,0,1,1,1,0,0,0,7677.0,Katherine Smith,,Katherine Smith,0.0,0.0,0.0,0.0,0.1666666666666666,0.0,0.0,0.0,0.0,0.2,0.125,0.0,0.0,0.0,0.0383,1217.0,False,False,None,0,0,0
7678,2025,2025,1,1,,,1,,0,True,True,0,4,,0.0,0,0,0.0,0,0,1,0,1,1,1,0,0,0,7678.0,Ming Cao,,Ming Cao,0.0,0.0,0.0,0.0,0.1666666666666666,0.0,0.0,0.0,0.0,0.2,0.125,0.0,0.0,0.0,0.0383,1217.0,False,False,None,0,0,0
7688,2026,2026,1,1,,,1,,0,True,True,0,1,,0.0,1,0,0.0,0,0,2,0,2,0,1,1,0,1,7688.0,Li Long, Desert Moon, Desert Moon,0.0,0.0,0.0,0.0,0.0416666666666666,0.1428571428571428,0.0,0.0,0.0,0.4,0.0,0.0,0.0,0.0,0.043,1046.0,False,False,None,0,0,0
7689,2026,2026,1,1,,,1,,0,True,True,0,1,,0.0,1,0,0.0,0,0,2,0,2,0,1,1,0,1,7689.0,Xiulan Xu,,Xiulan Xu,0.0,0.0,0.0,0.0,0.0416666666666666,0.1428571428571428,0.0,0.0,0.0,0.4,0.0,0.0,0.0,0.0,0.043,1046.0,False,False,None,0,0,0
7690,2026,2026,1,1,,,1,,0,True,True,0,1,,0.0,1,0,0.0,0,0,2,0,2,0,1,1,0,1,7690.0,Gang Fu,,Gang Fu,0.0,0.0,0.0,0.0,0.0416666666666666,0.1428571428571428,0.0,0.0,0.0,0.4,0.0,0.0,0.0,0.0,0.043,1046.0,False,False,None,0,0,0
7701,2026,2026,1,1,,,1,,0,True,True,0,2,,0.0,1,0,0.0,0,0,2,0,2,0,2,0,0,0,7701.0,Harri Oderwald,,Harri Oderwald,0.0,0.0,0.0,0.0,0.0833333333333333,0.1428571428571428,0.0,0.0,0.0,0.4,0.0,0.5,0.0,0.0,0.0638,552.0,False,False,None,0,0,0
7703,2026,2026,1,1,,,1,,0,True,True,0,2,,0.0,1,0,0.0,0,0,2,0,2,0,1,0,0,0,7703.0,Kick van Geffen,,Kick van Geffen,0.0,0.0,0.0,0.0,0.0833333333333333,0.1428571428571428,0.0,0.0,0.0,0.4,0.0,0.0,0.0,0.0,0.0488,860.0,False,False,None,0,0,0
7704,2026,2026,1,1,,,1,,0,True,True,0,2,,0.0,1,0,0.0,0,0,2,0,2,0,1,0,0,0,7704.0,Roy Dominguez,,Roy Dominguez,0.0,0.0,0.0,0.0,0.0833333333333333,0.1428571428571428,0.0,0.0,0.0,0.4,0.0,0.0,0.0,0.0,0.0488,860.0,False,False,None,0,0,0
7742,2029,2029,1,1,,,1,,0,True,True,0,1,,0.0,0,0,0.0,0,0,1,0,1,0,2,0,0,0,7742.0,Chao Kong,,Chao Kong,0.0,0.0,0.0,0.0,0.0416666666666666,0.0,0.0,0.0,0.0,0.2,0.0,0.5,0.0,0.0,0.0308,1542.0,False,False,None,0,0,0
7743,2029,2029,1,1,,,1,,0,True,True,0,1,,0.0,0,0,0.0,0,0,1,0,1,0,1,0,0,0,7743.0,Adrien Gaudin,,Adrien Gaudin,0.0,0.0,0.0,0.0,0.0416666666666666,0.0,0.0,0.0,0.0,0.2,0.0,0.0,0.0,0.0,0.0158,2169.0,False,False,None,0,0,0
7744,2029,2029,1,1,,,1,,0,True,True,0,1,,0.0,0,0,0.0,0,0,1,0,1,0,1,0,0,0,7744.0,David Knox,,David Knox,0.0,0.0,0.0,0.0,0.0416666666666666,0.0,0.0,0.0,0.0,0.2,0.0,0.0,0.0,0.0,0.0158,2169.0,False,False,None,0,0,0
7745,2029,2029,1,1,,,1,,0,True,True,0,1,,0.0,0,0,0.0,0,0,1,0,1,0,1,0,0,0,7745.0,Adrienne Godard,,Adrienne Godard,0.0,0.0,0.0,0.0,0.0416666666666666,0.0,0.0,0.0,0.0,0.2,0.0,0.0,0.0,0.0,0.0158,2169.0,False,False,None,0,0,0
7746,2029,2029,1,1,,,1,,0,True,True,0,1,,0.0,0,0,0.0,0,0,1,0,1,0,1,0,0,0,7746.0,Allison Marshall,,Allison Marshall,0.0,0.0,0.0,0.0,0.0416666666666666,0.0,0.0,0.0,0.0,0.2,0.0,0.0,0.0,0.0,0.0158,2169.0,False,False,None,0,0,0
7749,2028,2028,1,1,,,1,,0,True,True,0,2,,0.0,0,0,0.0,0,0,1,0,1,0,1,0,0,0,7749.0,Joseph Roman,Orpheon's Dream,Orpheon's Dream,0.0,0.0,0.0,0.0,0.0833333333333333,0.0,0.0,0.0,0.0,0.2,0.0,0.0,0.0,0.0,0.0217,1958.0,False,False,None,0,0,0
7750,2028,2028,1,1,,,1,,0,True,True,0,2,,0.0,0,0,0.0,0,0,1,0,1,0,1,0,0,0,7750.0,Jennifer Hart,,Jennifer Hart,0.0,0.0,0.0,0.0,0.0833333333333333,0.0,0.0,0.0,0.0,0.2,0.0,0.0,0.0,0.0,0.0217,1958.0,False,False,None,0,0,0
7751,2028,2028,1,1,,,1,,0,True,True,0,2,,0.0,0,0,0.0,0,0,1,0,1,0,2,0,0,0,7751.0,Erik Huang Jr.,,Erik Huang Jr.,0.0,0.0,0.0,0.0,0.0833333333333333,0.0,0.0,0.0,0.0,0.2,0.0,0.5,0.0,0.0,0.0367,1265.0,False,False,None,0,0,0
7764,2027,2027,1,1,,,1,,0,True,True,0,3,,0.0,0,0,0.0,0,0,0,0,0,1,1,0,0,0,7764.0,Jing Qian,,Jing Qian,0.0,0.0,0.0,0.0,0.125,0.0,0.0,0.0,0.0,0.0,0.125,0.0,0.0,0.0,0.0225,1943.0,False,False,None,0,0,0
7783,2028,2028,1,1,,,1,,0,True,True,0,2,,0.0,0,0,0.0,0,0,2,0,2,0,2,0,0,0,7783.0,Lei Jiang, BLVE, BLVE,0.0,0.0,0.0,0.0,0.0833333333333333,0.0,0.0,0.0,0.0,0.4,0.0,0.5,0.0,0.0,0.0467,928.0,False,False,None,0,0,0
7784,2028,2028,1,1,,,1,,0,True,True,0,2,,0.0,0,0,0.0,0,0,2,0,2,0,1,0,0,0,7784.0,Sarah Caldwell,Solenne,Solenne,0.0,0.0,0.0,0.0,0.0833333333333333,0.0,0.0,0.0,0.0,0.4,0.0,0.0,0.0,0.0,0.0317,1503.0,False,False,None,0,0,0
7785,2028,2028,1,1,,,1,,0,True,True,0,2,,0.0,0,0,0.0,0,0,2,0,2,0,2,0,0,0,7785.0,Stephanie Gray,,Stephanie Gray,0.0,0.0,0.0,0.0,0.0833333333333333,0.0,0.0,0.0,0.0,0.4,0.0,0.5,0.0,0.0,0.0467,928.0,False,False,None,0,0,0
7789,2026,2026,1,1,,,1,,0,True,True,0,2,,0.0,0,0,0.0,0,0,1,0,1,0,1,0,0,0,7789.0,Qiang Mao,,Qiang Mao,0.0,0.0,0.0,0.0,0.0833333333333333,0.0,0.0,0.0,0.0,0.2,0.0,0.0,0.0,0.0,0.0217,1958.0,False,False,None,0,0,0
7790,2026,2028,2,2,2028.0,2028.0,2,2.0,2,True,True,0,3,12.0,0.0,2,0,3.0,0,0,1,0,1,0,2,0,0,0,7790.0,Horst-Dieter Schleich,,Horst-Dieter Schleich,0.0,0.3,0.105,0.0,0.125,0.2857142857142857,0.0,0.0,0.3333333333333333,0.2,0.0,0.5,0.0,0.105,0.1106,172.0,False,False,None,0,0,0
7792,2026,2026,1,1,,,1,,0,True,True,0,2,,0.0,0,0,0.0,0,0,1,0,1,0,1,0,0,0,7792.0,Wei Jia,,Wei Jia,0.0,0.0,0.0,0.0,0.0833333333333333,0.0,0.0,0.0,0.0,0.2,0.0,0.0,0.0,0.0,0.0217,1958.0,False,False,None,0,0,0
7811,2028,2028,1,1,,,1,,0,True,True,0,3,,0.0,0,0,0.0,0,0,1,0,1,0,1,0,0,0,7811.0,Min Wang,,Min Wang,0.0,0.0,0.0,0.0,0.125,0.0,0.0,0.0,0.0,0.2,0.0,0.0,0.0,0.0,0.0275,1672.0,False,False,None,0,0,0
7812,2028,2028,1,1,,,1,,0,True,True,0,3,,0.0,0,0,0.0,0,0,1,0,1,0,1,0,0,0,7812.0,Wei Zheng,,Wei Zheng,0.0,0.0,0.0,0.0,0.125,0.0,0.0,0.0,0.0,0.2,0.0,0.0,0.0,0.0,0.0275,1672.0,False,False,None,0,0,0
7813,2028,2028,1,1,,,1,,0,True,True,0,3,,0.0,0,0,0.0,0,0,1,0,1,0,1,0,0,0,7813.0,Yan Long,,Yan Long,0.0,0.0,0.0,0.0,0.125,0.0,0.0,0.0,0.0,0.2,0.0,0.0,0.0,0.0,0.0275,1672.0,False,False,None,0,0,0
7814,2028,2028,1,1,,,1,,0,True,True,0,3,,0.0,0,0,0.0,0,0,1,0,1,0,1,0,0,0,7814.0,Ming Shao,,Ming Shao,0.0,0.0,0.0,0.0,0.125,0.0,0.0,0.0,0.0,0.2,0.0,0.0,0.0,0.0,0.0275,1672.0,False,False,None,0,0,0
7815,2028,2028,1,1,,,1,,0,True,True,0,3,,0.0,0,0,0.0,0,0,1,0,1,0,1,0,0,0,7815.0,Xia Fu,,Xia Fu,0.0,0.0,0.0,0.0,0.125,0.0,0.0,0.0,0.0,0.2,0.0,0.0,0.0,0.0,0.0275,1672.0,False,False,None,0,0,0
7816,2028,2028,1,1,,,1,,0,True,True,0,3,,0.0,0,0,0.0,0,0,1,0,1,0,1,0,0,0,7816.0,Xia Ma,,Xia Ma,0.0,0.0,0.0,0.0,0.125,0.0,0.0,0.0,0.0,0.2,0.0,0.0,0.0,0.0,0.0275,1672.0,False,False,None,0,0,0
7817,2028,2028,1,1,,,1,,0,True,True,0,3,,0.0,0,0,0.0,0,0,1,0,1,0,2,0,0,0,7817.0,Yan Yu,,Yan Yu,0.0,0.0,0.0,0.0,0.125,0.0,0.0,0.0,0.0,0.2,0.0,0.5,0.0,0.0,0.0425,1060.0,False,False,None,0,0,0
7818,2028,2028,1,1,,,1,,0,True,True,0,3,,0.0,0,0,0.0,0,0,1,0,1,0,1,0,0,0,7818.0,Yang Zhang,,Yang Zhang,0.0,0.0,0.0,0.0,0.125,0.0,0.0,0.0,0.0,0.2,0.0,0.0,0.0,0.0,0.0275,1672.0,False,False,None,0,0,0
7820,2028,2028,1,1,,,1,,0,True,True,0,3,,0.0,0,0,0.0,0,0,1,0,1,0,1,0,0,0,7820.0,Chao Zhou,,Chao Zhou,0.0,0.0,0.0,0.0,0.125,0.0,0.0,0.0,0.0,0.2,0.0,0.0,0.0,0.0,0.0275,1672.0,False,False,None,0,0,0
7827,2026,2026,1,1,,,1,,0,True,True,0,3,,0.0,2,0,0.0,0,0,1,0,1,2,3,0,0,0,7827.0,Ritvik Raman,,Ritvik Raman,0.0,0.0,0.0,0.0,0.125,0.2857142857142857,0.0,0.0,0.0,0.2,0.25,1.0,0.0,0.0,0.1018,204.0,False,False,None,0,0,0
7843,2026,2029,2,2,2026.0,2026.0,1,0.0,3,True,True,0,10,14.0,0.0,1,0,0.0,0,0,1,0,1,1,2,0,0,0,7843.0,Jun Liang,,Jun Liang,0.0,0.0,0.0,0.0,0.4166666666666666,0.1428571428571428,0.0,0.0,0.0,0.2,0.125,0.5,0.0,0.0,0.1055,193.0,False,False,None,0,0,0
7855,2028,2028,1,1,2028.0,2028.0,1,0.0,0,True,True,0,1,12.0,0.0,0,0,0.0,0,0,0,0,0,0,1,0,0,0,7855.0,Mojmír Hruška,,Mojmír Hruška,0.0,0.0,0.0,0.0,0.0416666666666666,0.0,0.0,0.0,0.0,0.0,0.0,0.0,0.0,0.0,0.0058,2575.0,False,False,None,0,0,0
7856,2028,2028,1,1,2028.0,2028.0,1,0.0,0,True,True,0,1,12.0,0.0,0,0,0.0,0,0,0,0,0,0,2,0,0,0,7856.0,Aleksander Grześków,,Aleksander Grześków,0.0,0.0,0.0,0.0,0.0416666666666666,0.0,0.0,0.0,0.0,0.0,0.0,0.5,0.0,0.0,0.0208,2123.0,False,False,None,0,0,0
7857,2028,2028,1,1,2028.0,2028.0,1,0.0,0,True,True,0,1,12.0,0.0,0,0,0.0,0,0,0,0,0,0,1,0,0,0,7857.0,Xiuying Mo,,Xiuying Mo,0.0,0.0,0.0,0.0,0.0416666666666666,0.0,0.0,0.0,0.0,0.0,0.0,0.0,0.0,0.0,0.0058,2575.0,False,False,None,0,0,0
7874,2027,2027,1,1,2027.0,2027.0,1,0.0,0,True,True,0,2,13.0,0.0,0,0,0.0,0,0,1,0,1,0,1,0,0,0,7874.0,Franck du Mercier,,Franck du Mercier,0.0,0.0,0.0,0.0,0.0833333333333333,0.0,0.0,0.0,0.0,0.2,0.0,0.0,0.0,0.0,0.0217,1958.0,False,False,None,0,0,0
7875,2027,2027,1,1,2027.0,2027.0,1,0.0,0,True,True,0,2,13.0,0.0,0,0,0.0,0,0,1,0,1,0,2,0,0,0,7875.0,William Ruiz,,William Ruiz,0.0,0.0,0.0,0.0,0.0833333333333333,0.0,0.0,0.0,0.0,0.2,0.0,0.5,0.0,0.0,0.0367,1265.0,False,False,None,0,0,0
7877,2027,2027,1,1,2027.0,2027.0,1,0.0,0,True,True,0,6,13.0,0.0,0,0,0.0,0,0,2,0,2,0,1,1,3,4,7877.0,Ming Du,,Ming Du,0.0,0.0,0.0,0.0,0.25,0.0,0.0,0.0,0.0,0.4,0.0,0.0,0.0,0.0,0.055,707.0,False,False,None,0,0,0
7878,2025,2027,2,2,2027.0,2027.0,2,2.0,2,True,True,0,6,13.0,0.0,1,0,1.5,0,0,3,0,3,0,1,1,3,4,7878.0,Morgan Hernandez,,Morgan Hernandez,0.0,0.15,0.0525,0.0,0.25,0.1428571428571428,0.0,0.0,0.3333333333333333,0.6000000000000001,0.0,0.0,0.0,0.0525,0.1107,170.0,False,False,None,0,0,0
7879,2025,2027,2,2,2027.0,2027.0,2,2.0,2,True,True,0,6,13.0,0.0,1,0,1.5,0,0,3,0,3,0,1,1,3,4,7879.0,Ping Shao,,Ping Shao,0.0,0.15,0.0525,0.0,0.25,0.1428571428571428,0.0,0.0,0.3333333333333333,0.6000000000000001,0.0,0.0,0.0,0.0525,0.1107,170.0,False,False,None,0,0,0
7881,2027,2027,1,1,2027.0,2027.0,1,0.0,0,True,True,0,6,13.0,0.0,0,0,0.0,0,0,2,0,2,0,2,1,3,4,7881.0,Patricia Pope,,Patricia Pope,0.0,0.0,0.0,0.0,0.25,0.0,0.0,0.0,0.0,0.4,0.0,0.5,0.0,0.0,0.07,458.0,False,False,None,0,0,0
7896,2029,2029,1,0,,,1,,0,True,True,0,2,,0.0,1,0,0.0,0,0,2,0,2,1,1,0,0,0,7896.0,Li Chang,,Li Chang,0.0,0.0,0.0,0.0,0.0833333333333333,0.1428571428571428,0.0,0.0,0.0,0.4,0.125,0.0,0.0,0.0,0.0538,740.0,False,False,None,0,0,0
7930,2025,2025,1,1,,,1,,0,True,True,0,1,,0.0,1,0,0.0,0,0,0,0,0,0,2,0,0,0,7930.0,Fang Ma,,Fang Ma,0.0,0.0,0.0,0.0,0.0416666666666666,0.1428571428571428,0.0,0.0,0.0,0.0,0.0,0.5,0.0,0.0,0.038,1251.0,False,False,None,0,0,0
7931,2025,2025,1,1,,,1,,0,True,True,0,1,,0.0,1,0,0.0,0,0,0,0,0,0,1,0,0,0,7931.0,Lei Wan,,Lei Wan,0.0,0.0,0.0,0.0,0.0416666666666666,0.1428571428571428,0.0,0.0,0.0,0.0,0.0,0.0,0.0,0.0,0.023,1934.0,False,False,None,0,0,0
7932,2025,2025,1,1,,,1,,0,True,True,0,1,,0.0,1,0,0.0,0,0,0,0,0,0,1,0,0,0,7932.0,Ming Wang,,Ming Wang,0.0,0.0,0.0,0.0,0.0416666666666666,0.1428571428571428,0.0,0.0,0.0,0.0,0.0,0.0,0.0,0.0,0.023,1934.0,False,False,None,0,0,0
7933,2025,2025,1,1,,,1,,0,True,True,0,1,,0.0,1,0,0.0,0,0,0,0,0,0,1,0,0,0,7933.0,Xiuying Zhang,,Xiuying Zhang,0.0,0.0,0.0,0.0,0.0416666666666666,0.1428571428571428,0.0,0.0,0.0,0.0,0.0,0.0,0.0,0.0,0.023,1934.0,False,False,None,0,0,0
7941,2025,2029,2,2,,,1,,4,True,True,0,2,,0.0,0,0,0.0,0,0,2,0,2,0,1,0,0,0,7941.0,Jun Wei,,Jun Wei,0.0,0.0,0.0,0.0,0.0833333333333333,0.0,0.0,0.0,0.0,0.4,0.0,0.0,0.0,0.0,0.0317,1503.0,False,False,None,0,0,0
7950,2029,2029,1,1,,,1,,0,True,True,0,3,,0.0,0,0,0.0,0,0,1,0,1,1,1,0,0,0,7950.0,Fernanda Lamborghini,,Fernanda Lamborghini,0.0,0.0,0.0,0.0,0.125,0.0,0.0,0.0,0.0,0.2,0.125,0.0,0.0,0.0,0.0325,1451.0,False,False,None,0,0,0
7951,2029,2029,1,1,,,1,,0,True,True,0,3,,0.0,0,0,0.0,0,0,1,0,1,1,1,0,0,0,7951.0,Sonia Innocenti-Gasperi,,Sonia Innocenti-Gasperi,0.0,0.0,0.0,0.0,0.125,0.0,0.0,0.0,0.0,0.2,0.125,0.0,0.0,0.0,0.0325,1451.0,False,False,None,0,0,0
7952,2029,2029,1,1,,,1,,0,True,True,0,3,,0.0,0,0,0.0,0,0,1,0,1,1,1,0,0,0,7952.0,Donatello Schiaparelli,,Donatello Schiaparelli,0.0,0.0,0.0,0.0,0.125,0.0,0.0,0.0,0.0,0.2,0.125,0.0,0.0,0.0,0.0325,1451.0,False,False,None,0,0,0
7953,2029,2029,1,1,,,1,,0,True,True,0,3,,0.0,0,0,0.0,0,0,1,0,1,1,1,0,0,0,7953.0,Paloma Merisi,,Paloma Merisi,0.0,0.0,0.0,0.0,0.125,0.0,0.0,0.0,0.0,0.2,0.125,0.0,0.0,0.0,0.0325,1451.0,False,False,None,0,0,0
7954,2029,2029,1,1,,,1,,0,True,True,0,3,,0.0,0,0,0.0,0,0,1,0,1,1,2,0,0,0,7954.0,Greco Duse-Liverotti,,Greco Duse-Liverotti,0.0,0.0,0.0,0.0,0.125,0.0,0.0,0.0,0.0,0.2,0.125,0.5,0.0,0.0,0.0475,918.0,False,False,None,0,0,0
7956,2026,2026,1,1,,,1,,0,True,True,0,2,,0.0,2,0,0.0,0,0,1,0,1,1,2,0,0,0,7956.0,Jie Ye,,Jie Ye,0.0,0.0,0.0,0.0,0.0833333333333333,0.2857142857142857,0.0,0.0,0.0,0.2,0.125,0.5,0.0,0.0,0.076,400.0,False,False,None,0,0,0
7957,2026,2026,2,2,,,2,,0,True,True,0,3,,0.0,2,0,0.0,0,0,1,0,1,1,1,0,0,0,7957.0,Xia Bai,,Xia Bai,0.0,0.0,0.0,0.0,0.125,0.2857142857142857,0.0,0.0,0.3333333333333333,0.2,0.125,0.0,0.0,0.0,0.0901,290.0,False,False,None,0,0,0
7962,2026,2026,1,1,,,1,,0,True,True,0,3,,0.0,2,0,0.0,0,0,1,0,1,1,1,0,0,0,7962.0,Xia Su,,Xia Su,0.0,0.0,0.0,0.0,0.125,0.2857142857142857,0.0,0.0,0.0,0.2,0.125,0.0,0.0,0.0,0.0668,497.0,False,False,None,0,0,0
7989,2025,2025,1,1,,,1,,0,True,True,0,4,,0.0,0,0,0.0,0,0,2,0,2,1,3,0,0,0,7989.0,Fabian Dłubak,,Fabian Dłubak,0.0,0.0,0.0,0.0,0.1666666666666666,0.0,0.0,0.0,0.0,0.4,0.125,1.0,0.0,0.0,0.0783,376.0,False,False,None,0,0,0
7991,2025,2025,1,1,,,1,,0,True,True,0,1,,0.0,1,0,0.0,0,0,2,0,2,0,1,0,0,0,7991.0,Jie Lai,,Jie Lai,0.0,0.0,0.0,0.0,0.0416666666666666,0.1428571428571428,0.0,0.0,0.0,0.4,0.0,0.0,0.0,0.0,0.043,1046.0,False,False,None,0,0,0
7992,2025,2029,2,2,,,2,,4,True,True,0,2,,0.0,1,0,1.0,0,0,3,0,3,0,1,0,0,0,7992.0,Na Zeng,,Na Zeng,0.0,0.1,0.035,0.0,0.0833333333333333,0.1428571428571428,0.0,0.0,0.3333333333333333,0.6000000000000001,0.0,0.0,0.0,0.0349999999999999,0.0856,319.0,False,False,None,0,0,0
8001,2025,2025,1,1,,,1,,0,True,True,0,2,,0.0,0,0,0.0,0,0,0,0,0,1,1,0,0,0,8001.0,Saksham Borra,,Saksham Borra,0.0,0.0,0.0,0.0,0.0833333333333333,0.0,0.0,0.0,0.0,0.0,0.125,0.0,0.0,0.0,0.0167,2153.0,False,False,None,0,0,0
8002,2025,2025,1,1,,,1,,0,True,True,0,2,,0.0,0,0,0.0,0,0,0,0,0,1,1,0,0,0,8002.0,Amy Bright,,Amy Bright,0.0,0.0,0.0,0.0,0.0833333333333333,0.0,0.0,0.0,0.0,0.0,0.125,0.0,0.0,0.0,0.0167,2153.0,False,False,None,0,0,0
8003,2025,2025,1,1,,,1,,0,True,True,0,2,,0.0,0,0,0.0,0,0,0,0,0,1,1,0,0,0,8003.0,Chelsea Blake,,Chelsea Blake,0.0,0.0,0.0,0.0,0.0833333333333333,0.0,0.0,0.0,0.0,0.0,0.125,0.0,0.0,0.0,0.0167,2153.0,False,False,None,0,0,0
8015,2026,2026,1,1,,,1,,0,True,True,0,2,,0.0,3,0,0.0,0,0,1,0,1,0,1,0,0,0,8015.0,Kelly Lopez,,Kelly Lopez,0.0,0.0,0.0,0.0,0.0833333333333333,0.4285714285714285,0.0,0.0,0.0,0.2,0.0,0.0,0.0,0.0,0.0731,422.0,False,False,None,0,0,0
8016,2026,2026,1,1,,,1,,0,True,True,0,2,,0.0,3,0,0.0,0,0,1,0,1,0,1,0,0,0,8016.0,Gang Xie,,Gang Xie,0.0,0.0,0.0,0.0,0.0833333333333333,0.4285714285714285,0.0,0.0,0.0,0.2,0.0,0.0,0.0,0.0,0.0731,422.0,False,False,None,0,0,0
8025,2026,2026,1,1,,,1,,0,True,True,0,1,,0.0,0,0,0.0,0,0,1,0,1,0,1,0,0,0,8025.0,Luigina Fibonacci-Caruso,,Luigina Fibonacci-Caruso,0.0,0.0,0.0,0.0,0.0416666666666666,0.0,0.0,0.0,0.0,0.2,0.0,0.0,0.0,0.0,0.0158,2169.0,False,False,None,0,0,0
8026,2026,2026,1,1,,,1,,0,True,True,0,1,,0.0,0,0,0.0,0,0,1,0,1,0,2,0,0,0,8026.0,Cipriano Peranda,,Cipriano Peranda,0.0,0.0,0.0,0.0,0.0416666666666666,0.0,0.0,0.0,0.0,0.2,0.0,0.5,0.0,0.0,0.0308,1542.0,False,False,None,0,0,0
8046,2026,2026,1,1,,,1,,0,True,True,0,1,,0.0,0,0,0.0,0,0,1,0,1,0,1,0,0,0,8046.0,Ming Shen,,Ming Shen,0.0,0.0,0.0,0.0,0.0416666666666666,0.0,0.0,0.0,0.0,0.2,0.0,0.0,0.0,0.0,0.0158,2169.0,False,False,None,0,0,0
8047,2026,2026,1,1,,,1,,0,True,True,0,1,,0.0,0,0,0.0,0,0,1,0,1,0,1,0,0,0,8047.0,Ming Xiao,,Ming Xiao,0.0,0.0,0.0,0.0,0.0416666666666666,0.0,0.0,0.0,0.0,0.2,0.0,0.0,0.0,0.0,0.0158,2169.0,False,False,None,0,0,0
8048,2026,2026,1,1,,,1,,0,True,True,0,1,,0.0,0,0,0.0,0,0,1,0,1,0,1,0,0,0,8048.0,Andrew Nolan,,Andrew Nolan,0.0,0.0,0.0,0.0,0.0416666666666666,0.0,0.0,0.0,0.0,0.2,0.0,0.0,0.0,0.0,0.0158,2169.0,False,False,None,0,0,0
8059,2025,2025,1,1,2025.0,2025.0,1,0.0,0,True,True,0,1,15.0,0.0,0,0,0.0,0,0,1,0,1,0,3,0,0,0,8059.0,Amanda Powell,,Amanda Powell,0.0,0.0,0.0,0.0,0.0416666666666666,0.0,0.0,0.0,0.0,0.2,0.0,1.0,0.0,0.0,0.0458,940.0,False,False,None,0,0,0
8082,2029,2029,1,1,,,1,,0,True,True,0,1,,0.0,0,0,0.0,0,0,1,0,1,1,1,0,0,0,8082.0,Cindy Hernandez,,Cindy Hernandez,0.0,0.0,0.0,0.0,0.0416666666666666,0.0,0.0,0.0,0.0,0.2,0.125,0.0,0.0,0.0,0.0208,2090.0,False,False,None,0,0,0
8083,2029,2029,1,1,,,1,,0,True,True,0,1,,0.0,0,0,0.0,0,0,1,0,1,1,1,0,0,0,8083.0,Xiulan Yang,,Xiulan Yang,0.0,0.0,0.0,0.0,0.0416666666666666,0.0,0.0,0.0,0.0,0.2,0.125,0.0,0.0,0.0,0.0208,2090.0,False,False,None,0,0,0
8084,2029,2029,1,1,,,1,,0,True,True,0,1,,0.0,0,0,0.0,0,0,1,0,1,1,1,0,0,0,8084.0,Kazuya Kobayashi,,Kazuya Kobayashi,0.0,0.0,0.0,0.0,0.0416666666666666,0.0,0.0,0.0,0.0,0.2,0.125,0.0,0.0,0.0,0.0208,2090.0,False,False,None,0,0,0
8085,2029,2029,1,1,,,1,,0,True,True,0,1,,0.0,0,0,0.0,0,0,1,0,1,1,1,0,0,0,8085.0,Yong Zheng,,Yong Zheng,0.0,0.0,0.0,0.0,0.0416666666666666,0.0,0.0,0.0,0.0,0.2,0.125,0.0,0.0,0.0,0.0208,2090.0,False,False,None,0,0,0
8088,2026,2026,1,1,,,1,,0,True,True,0,1,,0.0,0,0,0.0,0,0,0,0,0,0,1,0,0,0,8088.0,Tao Shen,,Tao Shen,0.0,0.0,0.0,0.0,0.0416666666666666,0.0,0.0,0.0,0.0,0.0,0.0,0.0,0.0,0.0,0.0058,2575.0,False,False,None,0,0,0
8089,2026,2026,1,1,,,1,,0,True,True,0,1,,0.0,0,0,0.0,0,0,0,0,0,0,1,0,0,0,8089.0,Ping Xie,,Ping Xie,0.0,0.0,0.0,0.0,0.0416666666666666,0.0,0.0,0.0,0.0,0.0,0.0,0.0,0.0,0.0,0.0058,2575.0,False,False,None,0,0,0
8090,2026,2026,1,1,,,1,,0,True,True,0,1,,0.0,0,0,0.0,0,0,0,0,0,0,1,0,0,0,8090.0,Yang Qiao,,Yang Qiao,0.0,0.0,0.0,0.0,0.0416666666666666,0.0,0.0,0.0,0.0,0.0,0.0,0.0,0.0,0.0,0.0058,2575.0,False,False,None,0,0,0
8092,2026,2026,1,1,,,1,,0,True,True,0,1,,0.0,0,0,0.0,0,0,0,0,0,0,1,0,0,0,8092.0,Chao Bai,,Chao Bai,0.0,0.0,0.0,0.0,0.0416666666666666,0.0,0.0,0.0,0.0,0.0,0.0,0.0,0.0,0.0,0.0058,2575.0,False,False,None,0,0,0
8123,2029,2029,1,1,,,1,,0,True,True,0,3,,0.0,4,0,0.0,0,0,1,0,1,0,1,0,1,1,8123.0,Guiying Dong,,Guiying Dong,0.0,0.0,0.0,0.0,0.125,0.5714285714285714,0.0,0.0,0.0,0.2,0.0,0.0,0.0,0.0,0.0961,241.0,False,False,None,0,0,0
8124,2029,2029,1,1,,,1,,0,True,True,0,3,,0.0,4,0,0.0,0,0,1,0,1,0,1,0,1,1,8124.0,Yong Jia,,Yong Jia,0.0,0.0,0.0,0.0,0.125,0.5714285714285714,0.0,0.0,0.0,0.2,0.0,0.0,0.0,0.0,0.0961,241.0,False,False,None,0,0,0
8125,2029,2029,1,1,,,1,,0,True,True,0,3,,0.0,4,0,0.0,0,0,1,0,1,0,1,0,1,1,8125.0,Chao Yi,,Chao Yi,0.0,0.0,0.0,0.0,0.125,0.5714285714285714,0.0,0.0,0.0,0.2,0.0,0.0,0.0,0.0,0.0961,241.0,False,False,None,0,0,0
8126,2029,2029,1,1,,,1,,0,True,True,0,3,,0.0,4,0,0.0,0,0,1,0,1,0,1,0,1,1,8126.0,Li Huang,,Li Huang,0.0,0.0,0.0,0.0,0.125,0.5714285714285714,0.0,0.0,0.0,0.2,0.0,0.0,0.0,0.0,0.0961,241.0,False,False,None,0,0,0
8127,2029,2029,1,1,,,1,,0,True,True,0,3,,0.0,4,0,0.0,0,0,1,0,1,0,1,0,1,1,8127.0,Ming Yin,,Ming Yin,0.0,0.0,0.0,0.0,0.125,0.5714285714285714,0.0,0.0,0.0,0.2,0.0,0.0,0.0,0.0,0.0961,241.0,False,False,None,0,0,0
8128,2029,2029,1,1,,,1,,0,True,True,0,3,,0.0,4,0,0.0,0,0,1,0,1,0,1,0,1,1,8128.0,Yang Li,,Yang Li,0.0,0.0,0.0,0.0,0.125,0.5714285714285714,0.0,0.0,0.0,0.2,0.0,0.0,0.0,0.0,0.0961,241.0,False,False,None,0,0,0
8129,2026,2029,2,2,,,1,,3,True,True,0,4,,0.0,4,0,5.0,0,0,1,0,1,0,3,0,1,1,8129.0,Juan Fu,,Juan Fu,0.0,0.5,0.175,0.0,0.1666666666666666,0.5714285714285714,0.0,0.0,0.0,0.2,0.0,1.0,0.0,0.175,0.1494,78.0,False,False,None,0,0,0
8131,2029,2029,1,1,,,1,,0,True,True,0,3,,0.0,4,0,0.0,0,0,1,0,1,0,1,0,1,1,8131.0,Ming Hu,,Ming Hu,0.0,0.0,0.0,0.0,0.125,0.5714285714285714,0.0,0.0,0.0,0.2,0.0,0.0,0.0,0.0,0.0961,241.0,False,False,None,0,0,0
8132,2029,2029,1,1,,,1,,0,True,True,0,3,,0.0,4,0,0.0,0,0,1,0,1,0,1,0,1,1,8132.0,Robert Rollins,,Robert Rollins,0.0,0.0,0.0,0.0,0.125,0.5714285714285714,0.0,0.0,0.0,0.2,0.0,0.0,0.0,0.0,0.0961,241.0,False,False,None,0,0,0
8133,2029,2029,1,1,,,1,,0,True,True,0,3,,0.0,4,0,0.0,0,0,1,0,1,0,2,0,1,1,8133.0,Ming Jiang,,Ming Jiang,0.0,0.0,0.0,0.0,0.125,0.5714285714285714,0.0,0.0,0.0,0.2,0.0,0.5,0.0,0.0,0.1111,165.0,False,False,None,0,0,0
8135,2029,2029,1,1,,,1,,0,True,True,0,3,,0.0,4,0,0.0,0,0,1,0,1,0,1,0,1,1,8135.0,Mike Rose,,Mike Rose,0.0,0.0,0.0,0.0,0.125,0.5714285714285714,0.0,0.0,0.0,0.2,0.0,0.0,0.0,0.0,0.0961,241.0,False,False,None,0,0,0
8185,2029,2029,1,1,,,1,,0,True,True,0,4,,0.0,0,0,0.0,0,0,1,0,1,0,1,0,0,0,8185.0,Corrado Chinnici-Ferrabosco,,Corrado Chinnici-Ferrabosco,0.0,0.0,0.0,0.0,0.1666666666666666,0.0,0.0,0.0,0.0,0.2,0.0,0.0,0.0,0.0,0.0333,1350.0,False,False,None,0,0,0
8186,2029,2029,1,1,,,1,,0,True,True,0,4,,0.0,0,0,0.0,0,0,1,0,1,0,1,0,0,0,8186.0,Wei Fan,,Wei Fan,0.0,0.0,0.0,0.0,0.1666666666666666,0.0,0.0,0.0,0.0,0.2,0.0,0.0,0.0,0.0,0.0333,1350.0,False,False,None,0,0,0
8187,2029,2029,1,1,,,1,,0,True,True,0,4,,0.0,0,0,0.0,0,0,1,0,1,0,1,0,0,0,8187.0,Xiulan Liao,,Xiulan Liao,0.0,0.0,0.0,0.0,0.1666666666666666,0.0,0.0,0.0,0.0,0.2,0.0,0.0,0.0,0.0,0.0333,1350.0,False,False,None,0,0,0
8188,2029,2029,1,1,,,1,,0,True,True,0,4,,0.0,0,0,0.0,0,0,1,0,1,0,1,0,0,0,8188.0,Jing Lu,,Jing Lu,0.0,0.0,0.0,0.0,0.1666666666666666,0.0,0.0,0.0,0.0,0.2,0.0,0.0,0.0,0.0,0.0333,1350.0,False,False,None,0,0,0
8217,2026,2026,1,1,,,1,,0,True,True,0,2,,0.0,0,0,0.0,0,0,1,0,1,2,1,0,0,0,8217.0,Sarah Brown,,Sarah Brown,0.0,0.0,0.0,0.0,0.0833333333333333,0.0,0.0,0.0,0.0,0.2,0.25,0.0,0.0,0.0,0.0317,1503.0,False,False,None,0,0,0
8218,2026,2026,1,1,,,1,,0,True,True,0,2,,0.0,0,0,0.0,0,0,1,0,1,2,1,0,0,0,8218.0,Christopher Clark,,Christopher Clark,0.0,0.0,0.0,0.0,0.0833333333333333,0.0,0.0,0.0,0.0,0.2,0.25,0.0,0.0,0.0,0.0317,1503.0,False,False,None,0,0,0
8221,2028,2028,1,1,,,1,,0,True,True,0,1,,0.0,0,0,0.0,0,0,1,0,1,0,1,0,0,0,8221.0,Liliana Morellato,,Liliana Morellato,0.0,0.0,0.0,0.0,0.0416666666666666,0.0,0.0,0.0,0.0,0.2,0.0,0.0,0.0,0.0,0.0158,2169.0,False,False,None,0,0,0
8222,2028,2028,1,1,,,1,,0,True,True,0,1,,0.0,0,0,0.0,0,0,1,0,1,0,2,0,0,0,8222.0,Miss Jeanette Marshall,,Miss Jeanette Marshall,0.0,0.0,0.0,0.0,0.0416666666666666,0.0,0.0,0.0,0.0,0.2,0.0,0.5,0.0,0.0,0.0308,1542.0,False,False,None,0,0,0
8223,2028,2028,1,1,,,1,,0,True,True,0,1,,0.0,0,0,0.0,0,0,1,0,1,0,1,0,0,0,8223.0,Éric Louis-Lévy,,Éric Louis-Lévy,0.0,0.0,0.0,0.0,0.0416666666666666,0.0,0.0,0.0,0.0,0.2,0.0,0.0,0.0,0.0,0.0158,2169.0,False,False,None,0,0,0
8224,2028,2028,1,1,,,1,,0,True,True,0,1,,0.0,0,0,0.0,0,0,1,0,1,0,1,0,0,0,8224.0,Lina Tirabassi,,Lina Tirabassi,0.0,0.0,0.0,0.0,0.0416666666666666,0.0,0.0,0.0,0.0,0.2,0.0,0.0,0.0,0.0,0.0158,2169.0,False,False,None,0,0,0
8293,2029,2029,1,1,,,1,,0,True,True,0,1,,0.0,1,0,0.0,0,0,0,0,0,0,1,0,1,1,8293.0,Xiuying Yi,,Xiuying Yi,0.0,0.0,0.0,0.0,0.0416666666666666,0.1428571428571428,0.0,0.0,0.0,0.0,0.0,0.0,0.0,0.0,0.023,1934.0,False,False,None,0,0,0
8294,2029,2029,1,1,,,1,,0,True,True,0,1,,0.0,1,0,0.0,0,0,0,0,0,0,1,0,1,1,8294.0,Qiang Han,,Qiang Han,0.0,0.0,0.0,0.0,0.0416666666666666,0.1428571428571428,0.0,0.0,0.0,0.0,0.0,0.0,0.0,0.0,0.023,1934.0,False,False,None,0,0,0
8296,2029,2029,1,1,,,1,,0,True,True,0,3,,0.0,0,0,0.0,0,0,1,0,1,0,1,0,2,2,8296.0,Yan Qiu,,Yan Qiu,0.0,0.0,0.0,0.0,0.125,0.0,0.0,0.0,0.0,0.2,0.0,0.0,0.0,0.0,0.0275,1672.0,False,False,None,0,0,0
8297,2029,2029,1,1,,,1,,0,True,True,0,3,,0.0,0,0,0.0,0,0,1,0,1,0,2,0,2,2,8297.0,Juan Xiong,,Juan Xiong,0.0,0.0,0.0,0.0,0.125,0.0,0.0,0.0,0.0,0.2,0.0,0.5,0.0,0.0,0.0425,1060.0,False,False,None,0,0,0
8299,2029,2029,1,1,,,1,,0,True,True,0,3,,0.0,0,0,0.0,0,0,1,0,1,0,1,0,2,2,8299.0,Qiang Fang,,Qiang Fang,0.0,0.0,0.0,0.0,0.125,0.0,0.0,0.0,0.0,0.2,0.0,0.0,0.0,0.0,0.0275,1672.0,False,False,None,0,0,0
8301,2030,2030,1,1,,,1,,0,True,True,1,1,,0.0,0,0,0.0,0,0,1,0,1,0,1,0,0,0,8301.0,Xiuying Liao,,Xiuying Liao,0.0,0.0,0.0,0.0833333333333333,0.0416666666666666,0.0,0.0,0.0,0.0,0.2,0.0,0.0,0.0,0.0,0.0292,1648.0,False,False,None,0,0,0
8302,2030,2030,1,1,,,1,,0,True,True,1,1,,0.0,0,0,0.0,0,0,1,0,1,0,2,0,0,0,8302.0,Min Cui,,Min Cui,0.0,0.0,0.0,0.0833333333333333,0.0416666666666666,0.0,0.0,0.0,0.0,0.2,0.0,0.5,0.0,0.0,0.0442,987.0,False,False,None,0,0,0
8305,2030,2030,1,1,,,1,,0,True,True,1,1,,0.0,0,0,0.0,0,0,1,0,1,0,1,0,0,0,8305.0,Jie Tao,,Jie Tao,0.0,0.0,0.0,0.0833333333333333,0.0416666666666666,0.0,0.0,0.0,0.0,0.2,0.0,0.0,0.0,0.0,0.0292,1648.0,False,False,None,0,0,0
8306,2030,2030,1,1,,,1,,0,True,True,1,1,,0.0,0,0,0.0,0,0,1,0,1,0,2,0,0,0,8306.0,Li Gong,,Li Gong,0.0,0.0,0.0,0.0833333333333333,0.0416666666666666,0.0,0.0,0.0,0.0,0.2,0.0,0.5,0.0,0.0,0.0442,987.0,False,False,None,0,0,0
8317,2025,2025,1,1,2025.0,2025.0,1,0.0,0,True,True,0,1,15.0,0.0,2,0,0.0,0,0,2,0,2,0,1,0,0,0,8317.0,Li Zheng,,Li Zheng,0.0,0.0,0.0,0.0,0.0416666666666666,0.2857142857142857,0.0,0.0,0.0,0.4,0.0,0.0,0.0,0.0,0.0601,607.0,False,False,None,0,0,0
8318,2025,2025,1,1,2025.0,2025.0,1,0.0,0,True,True,0,1,15.0,0.0,2,0,0.0,0,0,2,0,2,0,1,0,0,0,8318.0,Ping Xue,,Ping Xue,0.0,0.0,0.0,0.0,0.0416666666666666,0.2857142857142857,0.0,0.0,0.0,0.4,0.0,0.0,0.0,0.0,0.0601,607.0,False,False,None,0,0,0
8319,2025,2026,2,2,2025.0,2025.0,2,0.0,1,True,True,0,6,15.0,0.0,3,0,5.0,0,0,2,0,2,0,1,0,0,0,8319.0,Fang Tian,,Fang Tian,0.0,0.5,0.175,0.0,0.25,0.4285714285714285,0.0,0.0,0.3333333333333333,0.4,0.0,0.0,0.0,0.175,0.1473,80.0,False,False,None,0,0,0
8321,2025,2025,1,1,2025.0,2025.0,1,0.0,0,True,True,0,1,15.0,0.0,2,0,0.0,0,0,2,0,2,0,1,0,0,0,8321.0,Gang Fang,,Gang Fang,0.0,0.0,0.0,0.0,0.0416666666666666,0.2857142857142857,0.0,0.0,0.0,0.4,0.0,0.0,0.0,0.0,0.0601,607.0,False,False,None,0,0,0
8322,2025,2026,3,3,2025.0,2025.0,3,0.0,1,True,True,0,8,15.0,0.0,2,0,5.0,0,0,2,0,2,0,3,0,0,0,8322.0,Ming Wan,,Ming Wan,0.0,0.5,0.175,0.0,0.3333333333333333,0.2857142857142857,0.0,0.0,0.6666666666666667,0.4,0.0,1.0,0.0,0.175,0.1951,34.0,False,False,None,0,0,0
8329,2025,2025,1,1,2025.0,2025.0,1,0.0,0,True,True,0,2,15.0,0.0,1,0,0.0,0,0,1,0,1,1,1,0,0,0,8329.0,Jing Qiu,,Jing Qiu,0.0,0.0,0.0,0.0,0.0833333333333333,0.1428571428571428,0.0,0.0,0.0,0.2,0.125,0.0,0.0,0.0,0.0438,1006.0,False,False,None,0,0,0
8361,2027,2027,1,1,,,1,,0,True,True,0,2,,0.0,2,0,0.0,0,0,2,0,2,0,1,0,0,0,8361.0,Elizabeth Griffin,,Elizabeth Griffin,0.0,0.0,0.0,0.0,0.0833333333333333,0.2857142857142857,0.0,0.0,0.0,0.4,0.0,0.0,0.0,0.0,0.066,506.0,False,False,None,0,0,0
8362,2029,2029,1,1,,,1,,0,True,True,0,2,,0.0,2,0,0.0,0,0,2,0,2,0,2,0,0,0,8362.0,Xiulan Shao,,Xiulan Shao,0.0,0.0,0.0,0.0,0.0833333333333333,0.2857142857142857,0.0,0.0,0.0,0.4,0.0,0.5,0.0,0.0,0.081,352.0,False,False,None,0,0,0
8397,2028,2028,1,1,,,1,,0,True,True,0,3,,0.0,0,0,0.0,0,0,1,0,1,0,2,0,2,2,8397.0,Lei Jia,,Lei Jia,0.0,0.0,0.0,0.0,0.125,0.0,0.0,0.0,0.0,0.2,0.0,0.5,0.0,0.0,0.0425,1060.0,False,False,None,0,0,0
8410,2029,2029,1,1,,,1,,0,True,True,0,4,,0.0,3,0,0.0,0,0,1,0,1,0,1,0,0,0,8410.0,Ming Chen,,Ming Chen,0.0,0.0,0.0,0.0,0.1666666666666666,0.4285714285714285,0.0,0.0,0.0,0.2,0.0,0.0,0.0,0.0,0.0848,323.0,False,False,None,0,0,0
8411,2029,2029,1,1,,,1,,0,True,True,0,4,,0.0,3,0,0.0,0,0,1,0,1,0,2,0,0,0,8411.0,Xiulan Kang,,Xiulan Kang,0.0,0.0,0.0,0.0,0.1666666666666666,0.4285714285714285,0.0,0.0,0.0,0.2,0.0,0.5,0.0,0.0,0.0998,228.0,False,False,None,0,0,0
8414,2025,2025,1,1,2025.0,2025.0,1,0.0,0,True,True,0,1,15.0,0.0,0,0,0.0,0,0,0,0,0,1,1,0,0,0,8414.0,Jing Dai,,Jing Dai,0.0,0.0,0.0,0.0,0.0416666666666666,0.0,0.0,0.0,0.0,0.0,0.125,0.0,0.0,0.0,0.0108,2506.0,False,False,None,0,0,0
8415,2025,2025,1,1,2025.0,2025.0,1,0.0,0,True,True,0,1,15.0,0.0,0,0,0.0,0,0,0,0,0,1,1,0,0,0,8415.0,Chao Shen,,Chao Shen,0.0,0.0,0.0,0.0,0.0416666666666666,0.0,0.0,0.0,0.0,0.0,0.125,0.0,0.0,0.0,0.0108,2506.0,False,False,None,0,0,0
8417,2025,2025,1,1,2025.0,2025.0,1,0.0,0,True,True,0,1,15.0,0.0,0,0,0.0,0,0,0,0,0,1,1,0,0,0,8417.0,Mark Nunez,,Mark Nunez,0.0,0.0,0.0,0.0,0.0416666666666666,0.0,0.0,0.0,0.0,0.0,0.125,0.0,0.0,0.0,0.0108,2506.0,False,False,None,0,0,0
8418,2025,2025,1,1,2025.0,2025.0,1,0.0,0,True,True,0,1,15.0,0.0,0,0,0.0,0,0,0,0,0,1,2,0,0,0,8418.0,Xia Wen,,Xia Wen,0.0,0.0,0.0,0.0,0.0416666666666666,0.0,0.0,0.0,0.0,0.0,0.125,0.5,0.0,0.0,0.0258,1893.0,False,False,None,0,0,0
8419,2025,2025,1,1,2025.0,2025.0,1,0.0,0,True,True,0,1,15.0,0.0,0,0,0.0,0,0,0,0,0,1,2,0,0,0,8419.0,Michael Martinez,,Michael Martinez,0.0,0.0,0.0,0.0,0.0416666666666666,0.0,0.0,0.0,0.0,0.0,0.125,0.5,0.0,0.0,0.0258,1893.0,False,False,None,0,0,0
8432,2027,2027,1,1,,,1,,0,True,True,0,0,,0.0,4,0,0.0,0,0,1,0,1,0,2,0,0,0,8432.0,Ping Gong,,Ping Gong,0.0,0.0,0.0,0.0,0.0,0.5714285714285714,0.0,0.0,0.0,0.2,0.0,0.5,0.0,0.0,0.0936,270.0,False,False,None,0,0,0
8433,2027,2027,1,1,,,1,,0,True,True,0,0,,0.0,4,0,0.0,0,0,1,0,1,0,1,0,0,0,8433.0,Jing Duan,,Jing Duan,0.0,0.0,0.0,0.0,0.0,0.5714285714285714,0.0,0.0,0.0,0.2,0.0,0.0,0.0,0.0,0.0786,373.0,False,False,None,0,0,0
8441,2025,2025,1,1,,,1,,0,True,True,0,2,,0.0,0,0,0.0,0,0,1,0,1,0,1,0,0,0,8441.0,Heather Miller,,Heather Miller,0.0,0.0,0.0,0.0,0.0833333333333333,0.0,0.0,0.0,0.0,0.2,0.0,0.0,0.0,0.0,0.0217,1958.0,False,False,None,0,0,0
8442,2025,2025,1,1,,,1,,0,True,True,0,2,,0.0,0,0,0.0,0,0,1,0,1,0,1,0,0,0,8442.0,Yong Jia,,Yong Jia,0.0,0.0,0.0,0.0,0.0833333333333333,0.0,0.0,0.0,0.0,0.2,0.0,0.0,0.0,0.0,0.0217,1958.0,False,False,None,0,0,0
8443,2025,2025,1,1,,,1,,0,True,True,0,2,,0.0,0,0,0.0,0,0,1,0,1,0,1,0,0,0,8443.0,Christopher Johnson,,Christopher Johnson,0.0,0.0,0.0,0.0,0.0833333333333333,0.0,0.0,0.0,0.0,0.2,0.0,0.0,0.0,0.0,0.0217,1958.0,False,False,None,0,0,0
8449,2029,2029,1,1,,,1,,0,True,True,0,1,,0.0,0,0,0.0,0,0,0,0,0,0,1,0,0,0,8449.0,Jing Gong,,Jing Gong,0.0,0.0,0.0,0.0,0.0416666666666666,0.0,0.0,0.0,0.0,0.0,0.0,0.0,0.0,0.0,0.0058,2575.0,False,False,None,0,0,0
8450,2029,2029,1,1,,,1,,0,True,True,0,1,,0.0,0,0,0.0,0,0,0,0,0,0,2,0,0,0,8450.0,Lei Yi,,Lei Yi,0.0,0.0,0.0,0.0,0.0416666666666666,0.0,0.0,0.0,0.0,0.0,0.0,0.5,0.0,0.0,0.0208,2123.0,False,False,None,0,0,0
8451,2029,2029,1,1,,,1,,0,True,True,0,1,,0.0,0,0,0.0,0,0,0,0,0,0,1,0,0,0,8451.0,Wei Xiong,,Wei Xiong,0.0,0.0,0.0,0.0,0.0416666666666666,0.0,0.0,0.0,0.0,0.0,0.0,0.0,0.0,0.0,0.0058,2575.0,False,False,None,0,0,0
8452,2029,2029,1,1,,,1,,0,True,True,0,1,,0.0,0,0,0.0,0,0,0,0,0,0,1,0,0,0,8452.0,Na Tian,,Na Tian,0.0,0.0,0.0,0.0,0.0416666666666666,0.0,0.0,0.0,0.0,0.0,0.0,0.0,0.0,0.0,0.0058,2575.0,False,False,None,0,0,0
8454,2026,2026,1,1,,,1,,0,True,True,0,3,,0.0,1,0,0.0,0,0,1,0,1,0,2,1,2,3,8454.0,Carly Luna,,Carly Luna,0.0,0.0,0.0,0.0,0.125,0.1428571428571428,0.0,0.0,0.0,0.2,0.0,0.5,0.0,0.0,0.0596,619.0,False,False,None,0,0,0
8455,2026,2026,1,1,,,1,,0,True,True,0,3,,0.0,1,0,0.0,0,0,1,0,1,0,1,1,2,3,8455.0,Gang Tian,,Gang Tian,0.0,0.0,0.0,0.0,0.125,0.1428571428571428,0.0,0.0,0.0,0.2,0.0,0.0,0.0,0.0,0.0446,965.0,False,False,None,0,0,0
8456,2026,2026,1,1,,,1,,0,True,True,0,3,,0.0,1,0,0.0,0,0,1,0,1,0,1,1,2,3,8456.0,Victoria Vazquez,,Victoria Vazquez,0.0,0.0,0.0,0.0,0.125,0.1428571428571428,0.0,0.0,0.0,0.2,0.0,0.0,0.0,0.0,0.0446,965.0,False,False,None,0,0,0
8473,2025,2025,1,1,,,1,,0,True,True,0,0,,0.0,0,0,0.0,0,0,1,0,1,0,2,0,0,0,8473.0,Michelle Barnes,,Michelle Barnes,0.0,0.0,0.0,0.0,0.0,0.0,0.0,0.0,0.0,0.2,0.0,0.5,0.0,0.0,0.025,1899.0,False,False,None,0,0,0
8485,2026,2026,1,1,,,1,,0,True,True,0,1,,0.0,0,0,0.0,0,0,1,0,1,1,1,0,0,0,8485.0,Devansh Bakshi,,Devansh Bakshi,0.0,0.0,0.0,0.0,0.0416666666666666,0.0,0.0,0.0,0.0,0.2,0.125,0.0,0.0,0.0,0.0208,2090.0,False,False,None,0,0,0
8486,2026,2026,1,1,,,1,,0,True,True,0,1,,0.0,0,0,0.0,0,0,1,0,1,1,1,0,0,0,8486.0,Manjari Varty,,Manjari Varty,0.0,0.0,0.0,0.0,0.0416666666666666,0.0,0.0,0.0,0.0,0.2,0.125,0.0,0.0,0.0,0.0208,2090.0,False,False,None,0,0,0
8506,2028,2028,1,1,,,1,,0,True,True,0,3,,0.0,0,0,0.0,0,0,1,0,1,0,2,0,2,2,8506.0,Brian Olsen,,Brian Olsen,0.0,0.0,0.0,0.0,0.125,0.0,0.0,0.0,0.0,0.2,0.0,0.5,0.0,0.0,0.0425,1060.0,False,False,None,0,0,0
8508,2028,2028,1,1,,,1,,0,True,True,0,3,,0.0,0,0,0.0,0,0,1,0,1,0,1,0,2,2,8508.0,Xiuying Han,,Xiuying Han,0.0,0.0,0.0,0.0,0.125,0.0,0.0,0.0,0.0,0.2,0.0,0.0,0.0,0.0,0.0275,1672.0,False,False,None,0,0,0
8512,2025,2025,1,1,,,1,,0,True,True,0,1,,0.0,2,0,0.0,0,0,1,0,1,0,1,0,0,0,8512.0,Eddie Taylor,,Eddie Taylor,0.0,0.0,0.0,0.0,0.0416666666666666,0.2857142857142857,0.0,0.0,0.0,0.2,0.0,0.0,0.0,0.0,0.0501,809.0,False,False,None,0,0,0
8513,2025,2025,1,1,,,1,,0,True,True,0,1,,0.0,2,0,0.0,0,0,1,0,1,0,2,0,0,0,8513.0,Jie Yao,,Jie Yao,0.0,0.0,0.0,0.0,0.0416666666666666,0.2857142857142857,0.0,0.0,0.0,0.2,0.0,0.5,0.0,0.0,0.0651,536.0,False,False,None,0,0,0
8514,2025,2025,1,1,,,1,,0,True,True,0,1,,0.0,2,0,0.0,0,0,1,0,1,0,1,0,0,0,8514.0,Ming Kong,,Ming Kong,0.0,0.0,0.0,0.0,0.0416666666666666,0.2857142857142857,0.0,0.0,0.0,0.2,0.0,0.0,0.0,0.0,0.0501,809.0,False,False,None,0,0,0
8548,2027,2027,1,1,,,1,,0,True,True,0,3,,0.0,3,0,0.0,0,0,1,0,1,0,2,0,0,0,8548.0,Xiuying Wang,,Xiuying Wang,0.0,0.0,0.0,0.0,0.125,0.4285714285714285,0.0,0.0,0.0,0.2,0.0,0.5,0.0,0.0,0.0939,264.0,False,False,None,0,0,0
8549,2027,2027,1,1,,,1,,0,True,True,0,3,,0.0,3,0,0.0,0,0,1,0,1,0,2,0,0,0,8549.0,Yang Zhao,,Yang Zhao,0.0,0.0,0.0,0.0,0.125,0.4285714285714285,0.0,0.0,0.0,0.2,0.0,0.5,0.0,0.0,0.0939,264.0,False,False,None,0,0,0
8550,2027,2027,1,1,,,1,,0,True,True,0,3,,0.0,3,0,0.0,0,0,1,0,1,0,1,0,0,0,8550.0,Gang Zhao,,Gang Zhao,0.0,0.0,0.0,0.0,0.125,0.4285714285714285,0.0,0.0,0.0,0.2,0.0,0.0,0.0,0.0,0.0789,371.0,False,False,None,0,0,0
8552,2026,2026,1,1,,,1,,0,True,True,0,1,,0.0,3,0,0.0,0,0,1,0,1,0,1,0,0,0,8552.0,Xiulan Wang,,Xiulan Wang,0.0,0.0,0.0,0.0,0.0416666666666666,0.4285714285714285,0.0,0.0,0.0,0.2,0.0,0.0,0.0,0.0,0.0673,488.0,False,False,None,0,0,0
8554,2029,2029,1,1,,,1,,0,True,True,0,3,,0.0,2,0,0.0,0,0,1,0,1,1,1,0,0,0,8554.0,Xiuying Xia,,Xiuying Xia,0.0,0.0,0.0,0.0,0.125,0.2857142857142857,0.0,0.0,0.0,0.2,0.125,0.0,0.0,0.0,0.0668,497.0,False,False,None,0,0,0
8556,2029,2029,1,1,,,1,,0,True,True,0,3,,0.0,2,0,0.0,0,0,1,0,1,1,1,0,0,0,8556.0,Jun Qin,,Jun Qin,0.0,0.0,0.0,0.0,0.125,0.2857142857142857,0.0,0.0,0.0,0.2,0.125,0.0,0.0,0.0,0.0668,497.0,False,False,None,0,0,0
8603,2026,2026,1,1,,,1,,0,True,True,0,5,,0.0,3,0,0.0,0,0,1,0,1,0,1,0,0,0,8603.0,Lei Long,,Lei Long,0.0,0.0,0.0,0.0,0.2083333333333333,0.4285714285714285,0.0,0.0,0.0,0.2,0.0,0.0,0.0,0.0,0.0906,283.0,False,False,None,0,0,0
8605,2026,2026,1,1,,,1,,0,True,True,0,6,,0.0,5,0,0.0,1,0,2,0,2,2,2,0,0,0,8605.0,Laura Lindsey,,Laura Lindsey,0.0,0.0,0.0,0.0,0.25,0.7142857142857142,1.0,0.0,0.0,0.4,0.25,0.5,0.0,0.0,0.2457,13.0,False,False,None,0,0,0
8606,2026,2026,1,1,,,1,,0,True,True,0,6,,0.0,5,0,0.0,1,0,2,0,2,2,1,0,0,0,8606.0,Sarah Young,,Sarah Young,0.0,0.0,0.0,0.0,0.25,0.7142857142857142,1.0,0.0,0.0,0.4,0.25,0.0,0.0,0.0,0.2307,16.0,False,False,None,0,0,0
8607,2026,2026,1,1,,,1,,0,True,True,0,6,,0.0,5,0,0.0,1,0,2,0,2,2,1,0,0,0,8607.0,Nancy Gonzalez,,Nancy Gonzalez,0.0,0.0,0.0,0.0,0.25,0.7142857142857142,1.0,0.0,0.0,0.4,0.25,0.0,0.0,0.0,0.2307,16.0,False,False,None,0,0,0
8608,2026,2026,1,1,,,1,,0,True,True,0,6,,0.0,5,0,0.0,1,0,2,0,2,2,1,0,0,0,8608.0,Valerie Phillips,,Valerie Phillips,0.0,0.0,0.0,0.0,0.25,0.7142857142857142,1.0,0.0,0.0,0.4,0.25,0.0,0.0,0.0,0.2307,16.0,False,False,None,0,0,0
8610,2026,2026,1,1,,,1,,0,True,True,0,6,,0.0,5,0,0.0,1,0,2,0,2,2,1,0,0,0,8610.0,John Gallagher,,John Gallagher,0.0,0.0,0.0,0.0,0.25,0.7142857142857142,1.0,0.0,0.0,0.4,0.25,0.0,0.0,0.0,0.2307,16.0,False,False,None,0,0,0
8612,2026,2026,1,1,,,1,,0,True,True,0,6,,0.0,5,0,0.0,1,0,2,0,2,2,2,0,0,0,8612.0,Cody Turner,,Cody Turner,0.0,0.0,0.0,0.0,0.25,0.7142857142857142,1.0,0.0,0.0,0.4,0.25,0.5,0.0,0.0,0.2457,13.0,False,False,None,0,0,0
8614,2026,2026,1,1,,,1,,0,True,True,0,6,,0.0,5,0,0.0,1,0,2,0,2,2,1,0,0,0,8614.0,Sarah Lee,,Sarah Lee,0.0,0.0,0.0,0.0,0.25,0.7142857142857142,1.0,0.0,0.0,0.4,0.25,0.0,0.0,0.0,0.2307,16.0,False,False,None,0,0,0
8641,2026,2026,1,1,,,1,,0,True,True,0,7,,0.0,1,0,0.0,0,0,1,0,1,1,1,0,0,0,8641.0,Jun Yu,,Jun Yu,0.0,0.0,0.0,0.0,0.2916666666666666,0.1428571428571428,0.0,0.0,0.0,0.2,0.125,0.0,0.0,0.0,0.073,428.0,False,False,None,0,0,0
8643,2026,2026,1,1,,,1,,0,True,True,0,7,,0.0,1,0,0.0,0,0,1,0,1,1,1,0,0,0,8643.0,Tao Ren,,Tao Ren,0.0,0.0,0.0,0.0,0.2916666666666666,0.1428571428571428,0.0,0.0,0.0,0.2,0.125,0.0,0.0,0.0,0.073,428.0,False,False,None,0,0,0
8644,2026,2026,1,1,,,1,,0,True,True,0,7,,0.0,1,0,0.0,0,0,1,0,1,1,1,0,0,0,8644.0,Yan Zheng,,Yan Zheng,0.0,0.0,0.0,0.0,0.2916666666666666,0.1428571428571428,0.0,0.0,0.0,0.2,0.125,0.0,0.0,0.0,0.073,428.0,False,False,None,0,0,0
8645,2026,2026,1,1,,,1,,0,True,True,0,7,,0.0,1,0,0.0,0,0,1,0,1,1,1,0,0,0,8645.0,Fang Qin,,Fang Qin,0.0,0.0,0.0,0.0,0.2916666666666666,0.1428571428571428,0.0,0.0,0.0,0.2,0.125,0.0,0.0,0.0,0.073,428.0,False,False,None,0,0,0
8646,2026,2026,1,1,,,1,,0,True,True,0,7,,0.0,1,0,0.0,0,0,1,0,1,1,1,0,0,0,8646.0,Xiulan Yuan,,Xiulan Yuan,0.0,0.0,0.0,0.0,0.2916666666666666,0.1428571428571428,0.0,0.0,0.0,0.2,0.125,0.0,0.0,0.0,0.073,428.0,False,False,None,0,0,0
8654,2027,2027,1,1,,,1,,0,True,True,0,2,,0.0,2,0,0.0,0,0,2,0,2,0,1,0,0,0,8654.0,Ming Sun,,Ming Sun,0.0,0.0,0.0,0.0,0.0833333333333333,0.2857142857142857,0.0,0.0,0.0,0.4,0.0,0.0,0.0,0.0,0.066,506.0,False,False,None,0,0,0
8668,2025,2025,1,1,,,1,,0,True,True,0,5,,0.0,0,0,0.0,0,0,2,0,2,2,1,0,0,0,8668.0,Guiying Jiang,,Guiying Jiang,0.0,0.0,0.0,0.0,0.2083333333333333,0.0,0.0,0.0,0.0,0.4,0.25,0.0,0.0,0.0,0.0592,630.0,False,False,None,0,0,0
8669,2025,2025,1,1,,,1,,0,True,True,0,5,,0.0,0,0,0.0,0,0,2,0,2,2,1,0,0,0,8669.0,Qiang Zhou,,Qiang Zhou,0.0,0.0,0.0,0.0,0.2083333333333333,0.0,0.0,0.0,0.0,0.4,0.25,0.0,0.0,0.0,0.0592,630.0,False,False,None,0,0,0
8670,2025,2025,1,1,,,1,,0,True,True,0,5,,0.0,0,0,0.0,0,0,2,0,2,2,2,0,0,0,8670.0,Na Dong,,Na Dong,0.0,0.0,0.0,0.0,0.2083333333333333,0.0,0.0,0.0,0.0,0.4,0.25,0.5,0.0,0.0,0.0742,411.0,False,False,None,0,0,0
8671,2025,2025,1,1,,,1,,0,True,True,0,5,,0.0,0,0,0.0,0,0,2,0,2,2,1,0,0,0,8671.0,Guiying Shen,,Guiying Shen,0.0,0.0,0.0,0.0,0.2083333333333333,0.0,0.0,0.0,0.0,0.4,0.25,0.0,0.0,0.0,0.0592,630.0,False,False,None,0,0,0
8672,2025,2025,1,1,,,1,,0,True,True,0,5,,0.0,0,0,0.0,0,0,2,0,2,2,1,0,0,0,8672.0,Min Li,,Min Li,0.0,0.0,0.0,0.0,0.2083333333333333,0.0,0.0,0.0,0.0,0.4,0.25,0.0,0.0,0.0,0.0592,630.0,False,False,None,0,0,0
8704,2029,2029,1,1,,,1,,0,True,True,0,2,,0.0,0,0,0.0,0,0,0,0,0,0,1,0,0,0,8704.0,George Lloyd,,George Lloyd,0.0,0.0,0.0,0.0,0.0833333333333333,0.0,0.0,0.0,0.0,0.0,0.0,0.0,0.0,0.0,0.0117,2491.0,False,False,None,0,0,0
8705,2029,2029,1,1,,,1,,0,True,True,0,2,,0.0,0,0,0.0,0,0,0,0,0,0,1,0,0,0,8705.0,Ryan Hamilton,,Ryan Hamilton,0.0,0.0,0.0,0.0,0.0833333333333333,0.0,0.0,0.0,0.0,0.0,0.0,0.0,0.0,0.0,0.0117,2491.0,False,False,None,0,0,0
8706,2029,2029,1,1,,,1,,0,True,True,0,2,,0.0,0,0,0.0,0,0,0,0,0,0,2,0,0,0,8706.0,David Singleton,,David Singleton,0.0,0.0,0.0,0.0,0.0833333333333333,0.0,0.0,0.0,0.0,0.0,0.0,0.5,0.0,0.0,0.0267,1818.0,False,False,None,0,0,0
8715,2025,2025,1,1,,,1,,0,True,True,0,4,,0.0,0,0,0.0,0,0,1,0,1,0,1,1,2,3,8715.0,Ann Anderson,,Ann Anderson,0.0,0.0,0.0,0.0,0.1666666666666666,0.0,0.0,0.0,0.0,0.2,0.0,0.0,0.0,0.0,0.0333,1350.0,False,False,None,0,0,0
8716,2025,2025,1,1,,,1,,0,True,True,0,4,,0.0,0,0,0.0,0,0,1,0,1,0,1,1,2,3,8716.0,Xiuying Mo,,Xiuying Mo,0.0,0.0,0.0,0.0,0.1666666666666666,0.0,0.0,0.0,0.0,0.2,0.0,0.0,0.0,0.0,0.0333,1350.0,False,False,None,0,0,0
8723,2026,2026,1,1,,,1,,0,True,True,0,1,,0.0,1,0,0.0,0,0,2,0,2,0,1,0,0,0,8723.0,Wesley Ford, Treasure, Treasure,0.0,0.0,0.0,0.0,0.0416666666666666,0.1428571428571428,0.0,0.0,0.0,0.4,0.0,0.0,0.0,0.0,0.043,1046.0,False,False,None,0,0,0
8725,2026,2026,1,1,,,1,,0,True,True,0,1,,0.0,1,0,0.0,0,0,2,0,2,0,2,0,0,0,8725.0,Li Hu,,Li Hu,0.0,0.0,0.0,0.0,0.0416666666666666,0.1428571428571428,0.0,0.0,0.0,0.4,0.0,0.5,0.0,0.0,0.058,647.0,False,False,None,0,0,0
8765,2028,2028,1,1,,,1,,0,True,True,0,1,,0.0,0,0,0.0,0,0,1,0,1,0,2,0,0,0,8765.0,Ira Gole,,Ira Gole,0.0,0.0,0.0,0.0,0.0416666666666666,0.0,0.0,0.0,0.0,0.2,0.0,0.5,0.0,0.0,0.0308,1542.0,False,False,None,0,0,0
8774,2027,2027,1,1,,,1,,0,True,True,0,7,,0.0,2,0,0.0,0,0,2,0,2,1,1,0,0,0,8774.0,Ming Lai,,Ming Lai,0.0,0.0,0.0,0.0,0.2916666666666666,0.2857142857142857,0.0,0.0,0.0,0.4,0.125,0.0,0.0,0.0,0.1001,224.0,False,False,None,0,0,0
8783,2029,2029,1,1,2029.0,2029.0,1,0.0,0,True,True,0,1,11.0,0.0,1,0,0.0,0,0,1,0,1,0,2,0,0,0,8783.0,Chao Tian,,Chao Tian,0.0,0.0,0.0,0.0,0.0416666666666666,0.1428571428571428,0.0,0.0,0.0,0.2,0.0,0.5,0.0,0.0,0.048,895.0,False,False,None,0,0,0
8784,2029,2029,1,1,2029.0,2029.0,1,0.0,0,True,True,0,1,11.0,0.0,1,0,0.0,0,0,1,0,1,0,1,0,0,0,8784.0,Jun Liang,,Jun Liang,0.0,0.0,0.0,0.0,0.0416666666666666,0.1428571428571428,0.0,0.0,0.0,0.2,0.0,0.0,0.0,0.0,0.033,1390.0,False,False,None,0,0,0
8824,2025,2025,1,1,,,1,,0,True,True,0,1,,0.0,0,0,0.0,0,0,1,0,1,0,1,0,0,0,8824.0,Fang Xie,,Fang Xie,0.0,0.0,0.0,0.0,0.0416666666666666,0.0,0.0,0.0,0.0,0.2,0.0,0.0,0.0,0.0,0.0158,2169.0,False,False,None,0,0,0
8827,2025,2025,1,1,,,1,,0,True,True,0,1,,0.0,0,0,0.0,0,0,1,0,1,0,1,0,0,0,8827.0,Fang Qiu,,Fang Qiu,0.0,0.0,0.0,0.0,0.0416666666666666,0.0,0.0,0.0,0.0,0.2,0.0,0.0,0.0,0.0,0.0158,2169.0,False,False,None,0,0,0
8828,2025,2025,1,1,,,1,,0,True,True,0,1,,0.0,0,0,0.0,0,0,1,0,1,0,2,0,0,0,8828.0,Yong Lei,,Yong Lei,0.0,0.0,0.0,0.0,0.0416666666666666,0.0,0.0,0.0,0.0,0.2,0.0,0.5,0.0,0.0,0.0308,1542.0,False,False,None,0,0,0
8829,2025,2025,1,1,,,1,,0,True,True,0,1,,0.0,0,0,0.0,0,0,1,0,1,0,2,0,0,0,8829.0,Juan Pan,,Juan Pan,0.0,0.0,0.0,0.0,0.0416666666666666,0.0,0.0,0.0,0.0,0.2,0.0,0.5,0.0,0.0,0.0308,1542.0,False,False,None,0,0,0
8830,2025,2025,1,1,,,1,,0,True,True,0,1,,0.0,0,0,0.0,0,0,1,0,1,0,1,0,0,0,8830.0,Li Feng,,Li Feng,0.0,0.0,0.0,0.0,0.0416666666666666,0.0,0.0,0.0,0.0,0.2,0.0,0.0,0.0,0.0,0.0158,2169.0,False,False,None,0,0,0
8831,2025,2025,1,1,,,1,,0,True,True,0,1,,0.0,1,0,0.0,0,0,1,0,1,0,1,1,0,1,8831.0,Yong Tao,,Yong Tao,0.0,0.0,0.0,0.0,0.0416666666666666,0.1428571428571428,0.0,0.0,0.0,0.2,0.0,0.0,0.0,0.0,0.033,1390.0,False,False,None,0,0,0
8839,2028,2028,1,1,,,1,,0,True,True,0,5,,0.0,0,0,0.0,0,0,1,0,1,1,1,0,1,1,8839.0,Lori Schmidt,,Lori Schmidt,0.0,0.0,0.0,0.0,0.2083333333333333,0.0,0.0,0.0,0.0,0.2,0.125,0.0,0.0,0.0,0.0442,987.0,False,False,None,0,0,0
8847,2027,2027,1,1,,,1,,0,True,True,0,1,,0.0,0,0,0.0,0,0,2,0,2,1,1,0,0,0,8847.0,Wei Qian,,Wei Qian,0.0,0.0,0.0,0.0,0.0416666666666666,0.0,0.0,0.0,0.0,0.4,0.125,0.0,0.0,0.0,0.0308,1534.0,False,False,None,0,0,0
8848,2027,2027,1,1,,,1,,0,True,True,0,1,,0.0,0,0,0.0,0,0,2,0,2,1,2,0,0,0,8848.0,Yang Zhao,,Yang Zhao,0.0,0.0,0.0,0.0,0.0416666666666666,0.0,0.0,0.0,0.0,0.4,0.125,0.5,0.0,0.0,0.0458,940.0,False,False,None,0,0,0
8849,2027,2027,1,1,,,1,,0,True,True,0,1,,0.0,0,0,0.0,0,0,2,0,2,1,1,0,0,0,8849.0,Yong Dong,,Yong Dong,0.0,0.0,0.0,0.0,0.0416666666666666,0.0,0.0,0.0,0.0,0.4,0.125,0.0,0.0,0.0,0.0308,1534.0,False,False,None,0,0,0
8850,2027,2027,1,1,,,1,,0,True,True,0,1,,0.0,0,0,0.0,0,0,2,0,2,1,2,0,0,0,8850.0,Xia Dai,,Xia Dai,0.0,0.0,0.0,0.0,0.0416666666666666,0.0,0.0,0.0,0.0,0.4,0.125,0.5,0.0,0.0,0.0458,940.0,False,False,None,0,0,0
8860,2026,2026,1,1,,,1,,0,True,True,0,2,,0.0,0,0,0.0,0,0,2,0,2,0,1,1,1,2,8860.0,Stephen Allen,,Stephen Allen,0.0,0.0,0.0,0.0,0.0833333333333333,0.0,0.0,0.0,0.0,0.4,0.0,0.0,0.0,0.0,0.0317,1503.0,False,False,None,0,0,0
8878,2029,2029,1,1,,,1,,0,True,True,0,1,,0.0,1,0,0.0,0,0,1,0,1,0,1,0,0,0,8878.0,Lawrence Guzman,,Lawrence Guzman,0.0,0.0,0.0,0.0,0.0416666666666666,0.1428571428571428,0.0,0.0,0.0,0.2,0.0,0.0,0.0,0.0,0.033,1390.0,False,False,None,0,0,0
8879,2029,2029,1,1,,,1,,0,True,True,0,1,,0.0,1,0,0.0,0,0,1,0,1,0,1,0,0,0,8879.0,Yang Hou,,Yang Hou,0.0,0.0,0.0,0.0,0.0416666666666666,0.1428571428571428,0.0,0.0,0.0,0.2,0.0,0.0,0.0,0.0,0.033,1390.0,False,False,None,0,0,0
8893,2025,2025,1,1,,,1,,0,True,True,0,4,,0.0,4,0,0.0,0,0,2,0,2,0,1,0,0,0,8893.0,Christopher Evans,Dylan Reed,Dylan Reed,0.0,0.0,0.0,0.0,0.1666666666666666,0.5714285714285714,0.0,0.0,0.0,0.4,0.0,0.0,0.0,0.0,0.1119,156.0,False,False,None,0,0,0
8895,2025,2025,1,1,,,1,,0,True,True,0,2,,0.0,0,0,0.0,0,0,2,0,2,0,1,0,0,0,8895.0,Na Wen,,Na Wen,0.0,0.0,0.0,0.0,0.0833333333333333,0.0,0.0,0.0,0.0,0.4,0.0,0.0,0.0,0.0,0.0317,1503.0,False,False,None,0,0,0
8896,2025,2025,1,1,,,1,,0,True,True,0,2,,0.0,0,0,0.0,0,0,2,0,2,0,1,0,0,0,8896.0,Jun Xie,,Jun Xie,0.0,0.0,0.0,0.0,0.0833333333333333,0.0,0.0,0.0,0.0,0.4,0.0,0.0,0.0,0.0,0.0317,1503.0,False,False,None,0,0,0
8897,2025,2025,1,1,,,1,,0,True,True,0,2,,0.0,0,0,0.0,0,0,2,0,2,0,2,0,0,0,8897.0,Xia Meng,,Xia Meng,0.0,0.0,0.0,0.0,0.0833333333333333,0.0,0.0,0.0,0.0,0.4,0.0,0.5,0.0,0.0,0.0467,928.0,False,False,None,0,0,0
8898,2025,2025,1,1,,,1,,0,True,True,0,2,,0.0,0,0,0.0,0,0,2,0,2,0,1,0,0,0,8898.0,Nadja Gnatz,,Nadja Gnatz,0.0,0.0,0.0,0.0,0.0833333333333333,0.0,0.0,0.0,0.0,0.4,0.0,0.0,0.0,0.0,0.0317,1503.0,False,False,None,0,0,0
8922,2026,2026,1,1,,,1,,0,True,True,0,1,,0.0,1,0,0.0,0,0,1,0,1,0,1,0,0,0,8922.0,Sierra Gibson,,Sierra Gibson,0.0,0.0,0.0,0.0,0.0416666666666666,0.1428571428571428,0.0,0.0,0.0,0.2,0.0,0.0,0.0,0.0,0.033,1390.0,False,False,None,0,0,0
8923,2026,2026,1,1,,,1,,0,True,True,0,1,,0.0,1,0,0.0,0,0,1,0,1,0,1,0,0,0,8923.0,Qiang Luo,,Qiang Luo,0.0,0.0,0.0,0.0,0.0416666666666666,0.1428571428571428,0.0,0.0,0.0,0.2,0.0,0.0,0.0,0.0,0.033,1390.0,False,False,None,0,0,0
8926,2028,2028,1,1,,,1,,0,True,True,0,2,,0.0,0,0,0.0,0,0,1,0,1,0,2,0,0,0,8926.0,Juan Tan,,Juan Tan,0.0,0.0,0.0,0.0,0.0833333333333333,0.0,0.0,0.0,0.0,0.2,0.0,0.5,0.0,0.0,0.0367,1265.0,False,False,None,0,0,0
8939,2030,2030,1,1,,,1,,0,True,True,1,1,,0.0,0,0,0.0,0,0,1,0,1,0,1,0,0,0,8939.0,Guiying Han,,Guiying Han,0.0,0.0,0.0,0.0833333333333333,0.0416666666666666,0.0,0.0,0.0,0.0,0.2,0.0,0.0,0.0,0.0,0.0292,1648.0,False,False,None,0,0,0
8941,2030,2030,1,1,,,1,,0,True,True,1,1,,0.0,0,0,0.0,0,0,1,0,1,0,2,0,0,0,8941.0,Samuel Lewis,,Samuel Lewis,0.0,0.0,0.0,0.0833333333333333,0.0416666666666666,0.0,0.0,0.0,0.0,0.2,0.0,0.5,0.0,0.0,0.0442,987.0,False,False,None,0,0,0
8946,2026,2029,2,2,,,2,,3,True,True,0,6,,0.0,0,0,0.3333,0,0,2,0,2,1,1,0,0,0,8946.0,Yang Yi,,Yang Yi,0.0,0.0333333333333333,0.0117,0.0,0.25,0.0,0.0,0.0,0.3333333333333333,0.4,0.125,0.0,0.0,0.0116666666666666,0.0845,325.0,False,False,None,0,0,0
8948,2029,2029,1,1,,,1,,0,True,True,0,4,,0.0,0,0,0.0,0,0,1,0,1,1,3,0,0,0,8948.0,Jing Deng,,Jing Deng,0.0,0.0,0.0,0.0,0.1666666666666666,0.0,0.0,0.0,0.0,0.2,0.125,1.0,0.0,0.0,0.0683,478.0,False,False,None,0,0,0
8959,2027,2027,1,1,,,1,,0,True,True,0,0,,0.0,0,0,0.0,0,0,1,0,1,0,2,0,0,0,8959.0,René Sans,,René Sans,0.0,0.0,0.0,0.0,0.0,0.0,0.0,0.0,0.0,0.2,0.0,0.5,0.0,0.0,0.025,1899.0,False,False,None,0,0,0
8960,2027,2029,2,2,,,2,,2,True,True,0,1,,0.0,0,0,1.5,0,0,2,0,2,0,1,0,0,0,8960.0,Yésica de Oller,,Yésica de Oller,0.0,0.15,0.0525,0.0,0.0416666666666666,0.0,0.0,0.0,0.3333333333333333,0.4,0.0,0.0,0.0,0.0525,0.0544,720.0,False,False,None,0,0,0
8961,2027,2027,1,1,,,1,,0,True,True,0,0,,0.0,0,0,0.0,0,0,1,0,1,0,1,0,0,0,8961.0,Emelina Verdejo Otero,,Emelina Verdejo Otero,0.0,0.0,0.0,0.0,0.0,0.0,0.0,0.0,0.0,0.2,0.0,0.0,0.0,0.0,0.01,2522.0,False,False,None,0,0,0
8962,2027,2027,1,1,,,1,,0,True,True,0,0,,0.0,0,0,0.0,0,0,1,0,1,0,1,0,0,0,8962.0,Inés del Valenciano,,Inés del Valenciano,0.0,0.0,0.0,0.0,0.0,0.0,0.0,0.0,0.0,0.2,0.0,0.0,0.0,0.0,0.01,2522.0,False,False,None,0,0,0
8970,2026,2026,1,1,,,1,,0,True,True,0,1,,0.0,0,0,0.0,0,0,0,0,0,0,1,0,0,0,8970.0,Justin Hensley,,Justin Hensley,0.0,0.0,0.0,0.0,0.0416666666666666,0.0,0.0,0.0,0.0,0.0,0.0,0.0,0.0,0.0,0.0058,2575.0,False,False,None,0,0,0
8971,2026,2026,1,1,,,1,,0,True,True,0,1,,0.0,0,0,0.0,0,0,0,0,0,0,1,0,0,0,8971.0,Amy Marshall,,Amy Marshall,0.0,0.0,0.0,0.0,0.0416666666666666,0.0,0.0,0.0,0.0,0.0,0.0,0.0,0.0,0.0,0.0058,2575.0,False,False,None,0,0,0
8973,2026,2026,1,1,,,1,,0,True,True,0,1,,0.0,0,0,0.0,0,0,0,0,0,0,1,0,0,0,8973.0,Andrea Brooks,,Andrea Brooks,0.0,0.0,0.0,0.0,0.0416666666666666,0.0,0.0,0.0,0.0,0.0,0.0,0.0,0.0,0.0,0.0058,2575.0,False,False,None,0,0,0
8974,2026,2026,1,1,,,1,,0,True,True,0,1,,0.0,0,0,0.0,0,0,0,0,0,0,1,0,0,0,8974.0,Emily Taylor,,Emily Taylor,0.0,0.0,0.0,0.0,0.0416666666666666,0.0,0.0,0.0,0.0,0.0,0.0,0.0,0.0,0.0,0.0058,2575.0,False,False,None,0,0,0
8976,2026,2026,1,1,,,1,,0,True,True,0,1,,0.0,0,0,0.0,0,0,0,0,0,0,1,0,0,0,8976.0,James Bishop,,James Bishop,0.0,0.0,0.0,0.0,0.0416666666666666,0.0,0.0,0.0,0.0,0.0,0.0,0.0,0.0,0.0,0.0058,2575.0,False,False,None,0,0,0
8984,2029,2029,1,1,,,1,,0,True,True,0,3,,0.0,1,0,0.0,0,0,1,0,1,0,1,0,1,1,8984.0,Wei Peng, Nebula Prince, Nebula Prince,0.0,0.0,0.0,0.0,0.125,0.1428571428571428,0.0,0.0,0.0,0.2,0.0,0.0,0.0,0.0,0.0446,965.0,False,False,None,0,0,0
8985,2029,2029,1,1,,,1,,0,True,True,0,3,,0.0,1,0,0.0,0,0,1,0,1,0,1,0,1,1,8985.0,Yan Lin,,Yan Lin,0.0,0.0,0.0,0.0,0.125,0.1428571428571428,0.0,0.0,0.0,0.2,0.0,0.0,0.0,0.0,0.0446,965.0,False,False,None,0,0,0
8986,2029,2029,1,1,,,1,,0,True,True,0,3,,0.0,1,0,0.0,0,0,1,0,1,0,1,0,1,1,8986.0,Charles Marshall,,Charles Marshall,0.0,0.0,0.0,0.0,0.125,0.1428571428571428,0.0,0.0,0.0,0.2,0.0,0.0,0.0,0.0,0.0446,965.0,False,False,None,0,0,0
9001,2029,2029,1,1,,,1,,0,True,True,0,1,,0.0,1,0,0.0,0,0,1,0,1,0,2,0,0,0,9001.0,Johnathan Sanchez,,Johnathan Sanchez,0.0,0.0,0.0,0.0,0.0416666666666666,0.1428571428571428,0.0,0.0,0.0,0.2,0.0,0.5,0.0,0.0,0.048,895.0,False,False,None,0,0,0
9002,2029,2029,1,1,,,1,,0,True,True,0,1,,0.0,1,0,0.0,0,0,1,0,1,0,1,0,0,0,9002.0,Li Wei,,Li Wei,0.0,0.0,0.0,0.0,0.0416666666666666,0.1428571428571428,0.0,0.0,0.0,0.2,0.0,0.0,0.0,0.0,0.033,1390.0,False,False,None,0,0,0
9027,2026,2026,1,1,,,1,,0,True,True,0,3,,0.0,0,0,0.0,0,0,1,0,1,0,1,0,0,0,9027.0,Chao Xiong,,Chao Xiong,0.0,0.0,0.0,0.0,0.125,0.0,0.0,0.0,0.0,0.2,0.0,0.0,0.0,0.0,0.0275,1672.0,False,False,None,0,0,0
9055,2029,2029,1,1,,,1,,0,True,True,0,1,,0.0,0,0,0.0,0,0,2,0,2,0,1,0,0,0,9055.0,Margot Becker-Striebitz,Zenith,Zenith,0.0,0.0,0.0,0.0,0.0416666666666666,0.0,0.0,0.0,0.0,0.4,0.0,0.0,0.0,0.0,0.0258,1822.0,False,False,None,0,0,0
9056,2029,2029,1,1,,,1,,0,True,True,0,1,,0.0,0,0,0.0,0,0,2,0,2,0,1,0,0,0,9056.0,Antonia Steinberg-Löffler,,Antonia Steinberg-Löffler,0.0,0.0,0.0,0.0,0.0416666666666666,0.0,0.0,0.0,0.0,0.4,0.0,0.0,0.0,0.0,0.0258,1822.0,False,False,None,0,0,0
9057,2029,2029,1,1,,,1,,0,True,True,0,1,,0.0,0,0,0.0,0,0,2,0,2,0,2,0,0,0,9057.0,Cato Meyer,,Cato Meyer,0.0,0.0,0.0,0.0,0.0416666666666666,0.0,0.0,0.0,0.0,0.4,0.0,0.5,0.0,0.0,0.0408,1116.0,False,False,None,0,0,0
9058,2029,2029,1,1,,,1,,0,True,True,0,1,,0.0,0,0,0.0,0,0,2,0,2,0,1,0,0,0,9058.0,Renske Godfrey van Alemannië,,Renske Godfrey van Alemannië,0.0,0.0,0.0,0.0,0.0416666666666666,0.0,0.0,0.0,0.0,0.4,0.0,0.0,0.0,0.0,0.0258,1822.0,False,False,None,0,0,0
9091,2028,2028,1,1,,,1,,0,True,True,0,7,,0.0,0,0,0.0,0,0,1,0,1,1,2,1,3,4,9091.0,Xiulan Zhou,,Xiulan Zhou,0.0,0.0,0.0,0.0,0.2916666666666666,0.0,0.0,0.0,0.0,0.2,0.125,0.5,0.0,0.0,0.0708,449.0,False,False,None,0,0,0
9093,2028,2028,1,1,,,1,,0,True,True,0,7,,0.0,0,0,0.0,0,0,1,0,1,1,1,1,3,4,9093.0,Chao Fang,,Chao Fang,0.0,0.0,0.0,0.0,0.2916666666666666,0.0,0.0,0.0,0.0,0.2,0.125,0.0,0.0,0.0,0.0558,691.0,False,False,None,0,0,0
9094,2027,2028,2,2,,,2,,1,True,True,0,8,,0.0,0,0,0.0,0,0,1,0,1,1,2,1,4,5,9094.0,Yang Zhang,,Yang Zhang,0.0,0.0,0.0,0.0,0.3333333333333333,0.0,0.0,0.0,0.3333333333333333,0.2,0.125,0.5,0.0,0.0,0.1,226.0,False,False,None,0,0,0
9106,2028,2028,1,1,,,1,,0,True,True,0,2,,0.0,2,0,0.0,0,0,2,0,2,0,1,0,0,0,9106.0,Peter Garcia,,Peter Garcia,0.0,0.0,0.0,0.0,0.0833333333333333,0.2857142857142857,0.0,0.0,0.0,0.4,0.0,0.0,0.0,0.0,0.066,506.0,False,False,None,0,0,0
9107,2028,2028,1,1,,,1,,0,True,True,0,2,,0.0,2,0,0.0,0,0,2,0,2,0,1,0,0,0,9107.0,John Guzman II,,John Guzman II,0.0,0.0,0.0,0.0,0.0833333333333333,0.2857142857142857,0.0,0.0,0.0,0.4,0.0,0.0,0.0,0.0,0.066,506.0,False,False,None,0,0,0
9109,2028,2028,1,1,,,1,,0,True,True,0,2,,0.0,2,0,0.0,0,0,2,0,2,0,1,0,0,0,9109.0,Sosimo Vila Bayona,,Sosimo Vila Bayona,0.0,0.0,0.0,0.0,0.0833333333333333,0.2857142857142857,0.0,0.0,0.0,0.4,0.0,0.0,0.0,0.0,0.066,506.0,False,False,None,0,0,0
9110,2028,2028,1,1,,,1,,0,True,True,0,2,,0.0,2,0,0.0,0,0,2,0,2,0,1,0,0,0,9110.0,Travis Thompson,,Travis Thompson,0.0,0.0,0.0,0.0,0.0833333333333333,0.2857142857142857,0.0,0.0,0.0,0.4,0.0,0.0,0.0,0.0,0.066,506.0,False,False,None,0,0,0
9112,2028,2028,1,1,,,1,,0,True,True,0,2,,0.0,2,0,0.0,0,0,2,0,2,0,1,0,0,0,9112.0,Elizabeth Stone,,Elizabeth Stone,0.0,0.0,0.0,0.0,0.0833333333333333,0.2857142857142857,0.0,0.0,0.0,0.4,0.0,0.0,0.0,0.0,0.066,506.0,False,False,None,0,0,0
9126,2025,2025,1,1,,,1,,0,True,True,0,1,,0.0,1,0,0.0,0,0,1,0,1,0,1,0,0,0,9126.0,Michael Glenn,,Michael Glenn,0.0,0.0,0.0,0.0,0.0416666666666666,0.1428571428571428,0.0,0.0,0.0,0.2,0.0,0.0,0.0,0.0,0.033,1390.0,False,False,None,0,0,0
9128,2025,2025,1,1,,,1,,0,True,True,0,1,,0.0,1,0,0.0,0,0,1,0,1,0,1,0,0,0,9128.0,Jie Liang,,Jie Liang,0.0,0.0,0.0,0.0,0.0416666666666666,0.1428571428571428,0.0,0.0,0.0,0.2,0.0,0.0,0.0,0.0,0.033,1390.0,False,False,None,0,0,0
9134,2029,2029,1,1,,,1,,0,True,True,0,1,,0.0,0,0,0.0,0,0,2,0,2,0,1,0,0,0,9134.0,Yang Duan,RAWK ST4R,RAWK ST4R,0.0,0.0,0.0,0.0,0.0416666666666666,0.0,0.0,0.0,0.0,0.4,0.0,0.0,0.0,0.0,0.0258,1822.0,False,False,None,0,0,0
9135,2029,2029,1,1,,,1,,0,True,True,0,1,,0.0,0,0,0.0,0,0,2,0,2,0,1,0,0,0,9135.0,Tao Wan,,Tao Wan,0.0,0.0,0.0,0.0,0.0416666666666666,0.0,0.0,0.0,0.0,0.4,0.0,0.0,0.0,0.0,0.0258,1822.0,False,False,None,0,0,0
9136,2029,2029,1,1,,,1,,0,True,True,0,1,,0.0,0,0,0.0,0,0,2,0,2,0,1,0,0,0,9136.0,Juan Lai,,Juan Lai,0.0,0.0,0.0,0.0,0.0416666666666666,0.0,0.0,0.0,0.0,0.4,0.0,0.0,0.0,0.0,0.0258,1822.0,False,False,None,0,0,0
9137,2029,2029,1,1,,,1,,0,True,True,0,1,,0.0,0,0,0.0,0,0,2,0,2,0,1,0,0,0,9137.0,Jun Dai,,Jun Dai,0.0,0.0,0.0,0.0,0.0416666666666666,0.0,0.0,0.0,0.0,0.4,0.0,0.0,0.0,0.0,0.0258,1822.0,False,False,None,0,0,0
9138,2029,2029,1,1,,,1,,0,True,True,0,1,,0.0,0,0,0.0,0,0,2,0,2,0,2,0,0,0,9138.0,Yong Tang,,Yong Tang,0.0,0.0,0.0,0.0,0.0416666666666666,0.0,0.0,0.0,0.0,0.4,0.0,0.5,0.0,0.0,0.0408,1116.0,False,False,None,0,0,0
9142,2026,2026,1,1,,,1,,0,True,True,0,3,,0.0,1,0,0.0,0,0,1,0,1,0,2,0,0,0,9142.0,Jun Meng,,Jun Meng,0.0,0.0,0.0,0.0,0.125,0.1428571428571428,0.0,0.0,0.0,0.2,0.0,0.5,0.0,0.0,0.0596,619.0,False,False,None,0,0,0
9147,2025,2025,1,1,,,1,,0,True,True,0,1,,0.0,1,0,0.0,0,0,1,0,1,0,3,1,0,1,9147.0,Yang Ma,,Yang Ma,0.0,0.0,0.0,0.0,0.0416666666666666,0.1428571428571428,0.0,0.0,0.0,0.2,0.0,1.0,0.0,0.0,0.063,557.0,False,False,None,0,0,0
9166,2028,2028,1,1,,,1,,0,True,True,0,9,,0.0,0,0,0.0,0,0,1,0,1,0,1,0,0,0,9166.0,Xia Zhou,,Xia Zhou,0.0,0.0,0.0,0.0,0.375,0.0,0.0,0.0,0.0,0.2,0.0,0.0,0.0,0.0,0.0625,559.0,False,False,None,0,0,0
9167,2028,2028,1,1,,,1,,0,True,True,0,9,,0.0,0,0,0.0,0,0,1,0,1,0,1,0,0,0,9167.0,Chao Yan,,Chao Yan,0.0,0.0,0.0,0.0,0.375,0.0,0.0,0.0,0.0,0.2,0.0,0.0,0.0,0.0,0.0625,559.0,False,False,None,0,0,0
9168,2028,2028,1,1,,,1,,0,True,True,0,9,,0.0,0,0,0.0,0,0,1,0,1,0,1,0,0,0,9168.0,Xiulan Dong,,Xiulan Dong,0.0,0.0,0.0,0.0,0.375,0.0,0.0,0.0,0.0,0.2,0.0,0.0,0.0,0.0,0.0625,559.0,False,False,None,0,0,0
9169,2028,2028,1,1,,,1,,0,True,True,0,9,,0.0,0,0,0.0,0,0,1,0,1,0,1,0,0,0,9169.0,Wei Xue,,Wei Xue,0.0,0.0,0.0,0.0,0.375,0.0,0.0,0.0,0.0,0.2,0.0,0.0,0.0,0.0,0.0625,559.0,False,False,None,0,0,0
9170,2028,2028,1,1,,,1,,0,True,True,0,9,,0.0,0,0,0.0,0,0,1,0,1,0,1,0,0,0,9170.0,Ming Li,,Ming Li,0.0,0.0,0.0,0.0,0.375,0.0,0.0,0.0,0.0,0.2,0.0,0.0,0.0,0.0,0.0625,559.0,False,False,None,0,0,0
9171,2028,2028,1,1,,,1,,0,True,True,0,9,,0.0,0,0,0.0,0,0,1,0,1,0,1,0,0,0,9171.0,Xiuying Song,,Xiuying Song,0.0,0.0,0.0,0.0,0.375,0.0,0.0,0.0,0.0,0.2,0.0,0.0,0.0,0.0,0.0625,559.0,False,False,None,0,0,0
9174,2026,2026,1,1,,,1,,0,True,True,0,3,,0.0,0,0,0.0,0,0,2,0,2,1,1,0,0,0,9174.0,Edward Kirby,,Edward Kirby,0.0,0.0,0.0,0.0,0.125,0.0,0.0,0.0,0.0,0.4,0.125,0.0,0.0,0.0,0.0425,1060.0,False,False,None,0,0,0
9176,2028,2028,1,1,,,1,,0,True,True,0,2,,0.0,2,0,0.0,0,0,2,0,2,0,2,0,0,0,9176.0,Pamela Roberts,,Pamela Roberts,0.0,0.0,0.0,0.0,0.0833333333333333,0.2857142857142857,0.0,0.0,0.0,0.4,0.0,0.5,0.0,0.0,0.081,352.0,False,False,None,0,0,0
9180,2028,2028,1,1,,,1,,0,True,True,0,2,,0.0,2,0,0.0,0,0,2,0,2,0,1,0,0,0,9180.0,Jun Okada,,Jun Okada,0.0,0.0,0.0,0.0,0.0833333333333333,0.2857142857142857,0.0,0.0,0.0,0.4,0.0,0.0,0.0,0.0,0.066,506.0,False,False,None,0,0,0
9189,2026,2026,1,1,,,1,,0,True,True,0,1,,0.0,0,0,0.0,0,0,1,0,1,0,2,0,0,0,9189.0,Giulietta Parini,,Giulietta Parini,0.0,0.0,0.0,0.0,0.0416666666666666,0.0,0.0,0.0,0.0,0.2,0.0,0.5,0.0,0.0,0.0308,1542.0,False,False,None,0,0,0
9201,2027,2027,1,1,,,1,,0,True,True,0,4,,0.0,4,0,0.0,1,0,1,0,1,0,2,0,0,0,9201.0,Nadine Eberhardt,,Nadine Eberhardt,0.0,0.0,0.0,0.0,0.1666666666666666,0.5714285714285714,1.0,0.0,0.0,0.2,0.0,0.5,0.0,0.0,0.1969,32.0,False,False,None,0,0,0
9215,2028,2028,1,1,,,1,,0,True,True,0,3,,0.0,2,0,0.0,0,0,1,0,1,0,1,0,2,2,9215.0,Fang Zheng,,Fang Zheng,0.0,0.0,0.0,0.0,0.125,0.2857142857142857,0.0,0.0,0.0,0.2,0.0,0.0,0.0,0.0,0.0618,579.0,False,False,None,0,0,0
9217,2028,2028,1,1,,,1,,0,True,True,0,3,,0.0,2,0,0.0,0,0,1,0,1,0,1,0,2,2,9217.0,Jun Yang,,Jun Yang,0.0,0.0,0.0,0.0,0.125,0.2857142857142857,0.0,0.0,0.0,0.2,0.0,0.0,0.0,0.0,0.0618,579.0,False,False,None,0,0,0
9220,2029,2029,1,1,,,1,,0,True,True,0,1,,0.0,0,0,0.0,0,0,1,0,1,0,2,0,0,0,9220.0,Qiang Huang,,Qiang Huang,0.0,0.0,0.0,0.0,0.0416666666666666,0.0,0.0,0.0,0.0,0.2,0.0,0.5,0.0,0.0,0.0308,1542.0,False,False,None,0,0,0
9221,2029,2029,1,1,,,1,,0,True,True,0,1,,0.0,0,0,0.0,0,0,1,0,1,0,1,0,0,0,9221.0,Ming Guo,,Ming Guo,0.0,0.0,0.0,0.0,0.0416666666666666,0.0,0.0,0.0,0.0,0.2,0.0,0.0,0.0,0.0,0.0158,2169.0,False,False,None,0,0,0
9242,2026,2026,1,1,,,1,,0,True,True,0,1,,0.0,0,0,0.0,0,0,1,0,1,0,2,0,0,0,9242.0,Reyansh Bir,,Reyansh Bir,0.0,0.0,0.0,0.0,0.0416666666666666,0.0,0.0,0.0,0.0,0.2,0.0,0.5,0.0,0.0,0.0308,1542.0,False,False,None,0,0,0
9243,2026,2026,1,1,,,1,,0,True,True,0,1,,0.0,0,0,0.0,0,0,1,0,1,0,1,0,0,0,9243.0,Zain Datta,,Zain Datta,0.0,0.0,0.0,0.0,0.0416666666666666,0.0,0.0,0.0,0.0,0.2,0.0,0.0,0.0,0.0,0.0158,2169.0,False,False,None,0,0,0
9257,2027,2029,2,1,2029.0,2029.0,1,2.0,2,True,True,0,1,11.0,0.0,0,0,0.0,0,0,2,0,2,0,1,0,0,0,9257.0,Chao Ye,,Chao Ye,0.0,0.0,0.0,0.0,0.0416666666666666,0.0,0.0,0.0,0.0,0.4,0.0,0.0,0.0,0.0,0.0258,1822.0,False,False,None,0,0,0
9302,2025,2025,1,1,,,1,,0,True,True,0,4,,0.0,1,0,0.0,0,0,1,0,1,1,2,0,0,0,9302.0,Xia Li,,Xia Li,0.0,0.0,0.0,0.0,0.1666666666666666,0.1428571428571428,0.0,0.0,0.0,0.2,0.125,0.5,0.0,0.0,0.0705,452.0,False,False,None,0,0,0
9304,2025,2025,1,1,,,1,,0,True,True,0,4,,0.0,1,0,0.0,0,0,1,0,1,1,1,0,0,0,9304.0,Yan Xiang,,Yan Xiang,0.0,0.0,0.0,0.0,0.1666666666666666,0.1428571428571428,0.0,0.0,0.0,0.2,0.125,0.0,0.0,0.0,0.0555,697.0,False,False,None,0,0,0
9374,2027,2029,2,2,2029.0,2029.0,2,2.0,2,True,True,0,2,11.0,0.0,0,0,1.0,0,0,1,0,1,0,2,0,0,0,9374.0,Keya Kota,,Keya Kota,0.0,0.1,0.035,0.0,0.0833333333333333,0.0,0.0,0.0,0.3333333333333333,0.2,0.0,0.5,0.0,0.0349999999999999,0.0635,556.0,False,False,None,0,0,0
9375,2029,2029,1,1,2029.0,2029.0,1,0.0,0,True,True,0,1,11.0,0.0,0,0,0.0,0,0,1,0,1,0,2,0,0,0,9375.0,Biju Swamy,,Biju Swamy,0.0,0.0,0.0,0.0,0.0416666666666666,0.0,0.0,0.0,0.0,0.2,0.0,0.5,0.0,0.0,0.0308,1542.0,False,False,None,0,0,0
9376,2029,2029,1,1,2029.0,2029.0,1,0.0,0,True,True,0,1,11.0,0.0,0,0,0.0,0,0,1,0,1,0,2,0,0,0,9376.0,Elakshi Venkataraman,,Elakshi Venkataraman,0.0,0.0,0.0,0.0,0.0416666666666666,0.0,0.0,0.0,0.0,0.2,0.0,0.5,0.0,0.0,0.0308,1542.0,False,False,None,0,0,0
9390,2027,2027,1,1,,,1,,0,True,True,0,1,,0.0,0,0,0.0,0,0,2,0,2,0,1,0,0,0,9390.0,Xiuying Jiang,FROZT G,FROZT G,0.0,0.0,0.0,0.0,0.0416666666666666,0.0,0.0,0.0,0.0,0.4,0.0,0.0,0.0,0.0,0.0258,1822.0,False,False,None,0,0,0
9391,2027,2027,1,1,,,1,,0,True,True,0,1,,0.0,0,0,0.0,0,0,2,0,2,0,1,0,0,0,9391.0,Li Ren,,Li Ren,0.0,0.0,0.0,0.0,0.0416666666666666,0.0,0.0,0.0,0.0,0.4,0.0,0.0,0.0,0.0,0.0258,1822.0,False,False,None,0,0,0
9393,2027,2027,1,1,,,1,,0,True,True,0,1,,0.0,0,0,0.0,0,0,2,0,2,0,1,0,0,0,9393.0,Qiang Mao,,Qiang Mao,0.0,0.0,0.0,0.0,0.0416666666666666,0.0,0.0,0.0,0.0,0.4,0.0,0.0,0.0,0.0,0.0258,1822.0,False,False,None,0,0,0
9394,2027,2027,1,1,,,1,,0,True,True,0,1,,0.0,0,0,0.0,0,0,2,0,2,0,1,0,0,0,9394.0,Juan Song,,Juan Song,0.0,0.0,0.0,0.0,0.0416666666666666,0.0,0.0,0.0,0.0,0.4,0.0,0.0,0.0,0.0,0.0258,1822.0,False,False,None,0,0,0
9395,2027,2027,1,1,,,1,,0,True,True,0,1,,0.0,0,0,0.0,0,0,2,0,2,0,1,0,0,0,9395.0,Chao Cai,,Chao Cai,0.0,0.0,0.0,0.0,0.0416666666666666,0.0,0.0,0.0,0.0,0.4,0.0,0.0,0.0,0.0,0.0258,1822.0,False,False,None,0,0,0
9396,2027,2027,1,1,,,1,,0,True,True,0,1,,0.0,0,0,0.0,0,0,2,0,2,0,2,0,0,0,9396.0,Monica Dean,,Monica Dean,0.0,0.0,0.0,0.0,0.0416666666666666,0.0,0.0,0.0,0.0,0.4,0.0,0.5,0.0,0.0,0.0408,1116.0,False,False,None,0,0,0
9413,2026,2026,1,1,,,1,,0,True,True,0,2,,0.0,1,0,0.0,0,0,1,0,1,0,1,0,0,0,9413.0,Joseph Smith,,Joseph Smith,0.0,0.0,0.0,0.0,0.0833333333333333,0.1428571428571428,0.0,0.0,0.0,0.2,0.0,0.0,0.0,0.0,0.0388,1182.0,False,False,None,0,0,0
9421,2030,2030,1,1,2030.0,2030.0,1,0.0,0,True,True,1,1,10.0,0.0,1,0,0.0,0,0,2,0,2,0,1,0,0,0,9421.0,Kari Harvey,,Kari Harvey,0.0,0.0,0.0,0.0833333333333333,0.0416666666666666,0.1428571428571428,0.0,0.0,0.0,0.4,0.0,0.0,0.0,0.0,0.0563,661.0,False,False,None,0,0,0
9422,2030,2030,1,1,2030.0,2030.0,1,0.0,0,True,True,1,1,10.0,0.0,1,0,0.0,0,0,2,0,2,0,1,0,0,0,9422.0,Dennis Bass,,Dennis Bass,0.0,0.0,0.0,0.0833333333333333,0.0416666666666666,0.1428571428571428,0.0,0.0,0.0,0.4,0.0,0.0,0.0,0.0,0.0563,661.0,False,False,None,0,0,0
9423,2030,2030,1,1,2030.0,2030.0,1,0.0,0,True,True,1,1,10.0,0.0,1,0,0.0,0,0,2,0,2,0,1,0,0,0,9423.0,Xia Tan,,Xia Tan,0.0,0.0,0.0,0.0833333333333333,0.0416666666666666,0.1428571428571428,0.0,0.0,0.0,0.4,0.0,0.0,0.0,0.0,0.0563,661.0,False,False,None,0,0,0
9424,2030,2030,1,1,2030.0,2030.0,1,0.0,0,True,True,1,1,10.0,0.0,1,0,0.0,0,0,2,0,2,0,1,0,0,0,9424.0,Yan Jin,,Yan Jin,0.0,0.0,0.0,0.0833333333333333,0.0416666666666666,0.1428571428571428,0.0,0.0,0.0,0.4,0.0,0.0,0.0,0.0,0.0563,661.0,False,False,None,0,0,0
9425,2030,2030,1,1,2030.0,2030.0,1,0.0,0,True,True,1,1,10.0,0.0,1,0,0.0,0,0,2,0,2,0,2,0,0,0,9425.0,Juan Yu,,Juan Yu,0.0,0.0,0.0,0.0833333333333333,0.0416666666666666,0.1428571428571428,0.0,0.0,0.0,0.4,0.0,0.5,0.0,0.0,0.0713,442.0,False,False,None,0,0,0
9426,2029,2030,2,2,2030.0,2030.0,2,1.0,1,True,True,1,4,10.0,0.0,1,0,6.0,0,0,3,0,3,0,1,1,2,3,9426.0,Ping Xu,,Ping Xu,0.0,0.6000000000000001,0.21,0.0833333333333333,0.1666666666666666,0.1428571428571428,0.0,0.0,0.3333333333333333,0.6000000000000001,0.0,0.0,0.0,0.21,0.1281,115.0,False,False,None,0,0,0
9431,2026,2026,1,1,,,1,,0,True,True,0,1,,0.0,0,0,0.0,0,0,1,0,1,0,1,0,0,0,9431.0,Katherine Gutierrez,,Katherine Gutierrez,0.0,0.0,0.0,0.0,0.0416666666666666,0.0,0.0,0.0,0.0,0.2,0.0,0.0,0.0,0.0,0.0158,2169.0,False,False,None,0,0,0
9432,2026,2026,1,1,,,1,,0,True,True,0,1,,0.0,0,0,0.0,0,0,1,0,1,0,1,0,0,0,9432.0,Andrew Montes,,Andrew Montes,0.0,0.0,0.0,0.0,0.0416666666666666,0.0,0.0,0.0,0.0,0.2,0.0,0.0,0.0,0.0,0.0158,2169.0,False,False,None,0,0,0
9433,2026,2026,1,1,,,1,,0,True,True,0,1,,0.0,0,0,0.0,0,0,1,0,1,0,1,0,0,0,9433.0,Susan Briggs,,Susan Briggs,0.0,0.0,0.0,0.0,0.0416666666666666,0.0,0.0,0.0,0.0,0.2,0.0,0.0,0.0,0.0,0.0158,2169.0,False,False,None,0,0,0
9434,2026,2026,1,1,,,1,,0,True,True,0,1,,0.0,0,0,0.0,0,0,1,0,1,0,1,0,0,0,9434.0,Anthony Wheeler,,Anthony Wheeler,0.0,0.0,0.0,0.0,0.0416666666666666,0.0,0.0,0.0,0.0,0.2,0.0,0.0,0.0,0.0,0.0158,2169.0,False,False,None,0,0,0
9435,2026,2026,1,1,,,1,,0,True,True,0,1,,0.0,0,0,0.0,0,0,1,0,1,0,2,0,0,0,9435.0,Arthur Lewis,,Arthur Lewis,0.0,0.0,0.0,0.0,0.0416666666666666,0.0,0.0,0.0,0.0,0.2,0.0,0.5,0.0,0.0,0.0308,1542.0,False,False,None,0,0,0
9443,2030,2030,1,0,,,1,,0,True,True,0,2,,0.0,0,0,0.0,0,0,1,0,1,0,1,0,0,0,9443.0,Anne Lefebvre,,Anne Lefebvre,0.0,0.0,0.0,0.0,0.0833333333333333,0.0,0.0,0.0,0.0,0.2,0.0,0.0,0.0,0.0,0.0217,1958.0,False,False,None,0,0,0
9447,2027,2027,1,1,,,1,,0,True,True,0,6,,0.0,0,0,0.0,0,0,1,0,1,0,1,0,6,6,9447.0,Jie Fang,,Jie Fang,0.0,0.0,0.0,0.0,0.25,0.0,0.0,0.0,0.0,0.2,0.0,0.0,0.0,0.0,0.045,952.0,False,False,None,0,0,0
9448,2027,2027,1,1,,,1,,0,True,True,0,6,,0.0,0,0,0.0,0,0,1,0,1,0,1,0,6,6,9448.0,Yan Qin,,Yan Qin,0.0,0.0,0.0,0.0,0.25,0.0,0.0,0.0,0.0,0.2,0.0,0.0,0.0,0.0,0.045,952.0,False,False,None,0,0,0
9459,2027,2027,1,1,,,1,,0,True,True,0,3,,0.0,0,0,0.0,0,0,1,0,1,0,1,0,0,0,9459.0,Chirag Bahri,,Chirag Bahri,0.0,0.0,0.0,0.0,0.125,0.0,0.0,0.0,0.0,0.2,0.0,0.0,0.0,0.0,0.0275,1672.0,False,False,None,0,0,0
9460,2027,2027,1,1,,,1,,0,True,True,0,3,,0.0,0,0,0.0,0,0,1,0,1,0,1,0,0,0,9460.0,Raunak Rana,,Raunak Rana,0.0,0.0,0.0,0.0,0.125,0.0,0.0,0.0,0.0,0.2,0.0,0.0,0.0,0.0,0.0275,1672.0,False,False,None,0,0,0
9461,2027,2027,1,1,,,1,,0,True,True,0,3,,0.0,0,0,0.0,0,0,1,0,1,0,2,0,0,0,9461.0,Dhanush Baria,,Dhanush Baria,0.0,0.0,0.0,0.0,0.125,0.0,0.0,0.0,0.0,0.2,0.0,0.5,0.0,0.0,0.0425,1060.0,False,False,None,0,0,0
9464,2026,2026,1,1,,,1,,0,True,True,0,2,,0.0,0,0,0.0,0,0,1,0,1,0,2,0,0,0,9464.0,Xia Gu,,Xia Gu,0.0,0.0,0.0,0.0,0.0833333333333333,0.0,0.0,0.0,0.0,0.2,0.0,0.5,0.0,0.0,0.0367,1265.0,False,False,None,0,0,0
9476,2026,2026,1,1,2026.0,2026.0,1,0.0,0,True,True,0,5,14.0,0.0,0,0,0.0,0,0,1,0,1,0,1,0,0,0,9476.0,Jing Zou,,Jing Zou,0.0,0.0,0.0,0.0,0.2083333333333333,0.0,0.0,0.0,0.0,0.2,0.0,0.0,0.0,0.0,0.0392,1154.0,False,False,None,0,0,0
9477,2026,2026,1,1,2026.0,2026.0,1,0.0,0,True,True,0,5,14.0,0.0,0,0,0.0,0,0,1,0,1,0,1,0,0,0,9477.0,Jing Dong,,Jing Dong,0.0,0.0,0.0,0.0,0.2083333333333333,0.0,0.0,0.0,0.0,0.2,0.0,0.0,0.0,0.0,0.0392,1154.0,False,False,None,0,0,0
9478,2026,2026,1,1,2026.0,2026.0,1,0.0,0,True,True,0,5,14.0,0.0,0,0,0.0,0,0,1,0,1,0,1,0,0,0,9478.0,Min Lei,,Min Lei,0.0,0.0,0.0,0.0,0.2083333333333333,0.0,0.0,0.0,0.0,0.2,0.0,0.0,0.0,0.0,0.0392,1154.0,False,False,None,0,0,0
9490,2029,2029,1,1,,,1,,0,True,True,0,3,,0.0,2,0,0.0,1,0,1,0,1,0,2,0,1,1,9490.0,Guiying Zhang,,Guiying Zhang,0.0,0.0,0.0,0.0,0.125,0.2857142857142857,1.0,0.0,0.0,0.2,0.0,0.5,0.0,0.0,0.1568,69.0,False,False,None,0,0,0
9492,2029,2029,1,1,,,1,,0,True,True,0,3,,0.0,2,0,0.0,1,0,1,0,1,0,1,0,1,1,9492.0,Jeremy Hahn,,Jeremy Hahn,0.0,0.0,0.0,0.0,0.125,0.2857142857142857,1.0,0.0,0.0,0.2,0.0,0.0,0.0,0.0,0.1418,87.0,False,False,None,0,0,0
9494,2029,2029,1,1,,,1,,0,True,True,0,5,,0.0,0,0,0.0,0,0,2,0,2,0,1,1,3,4,9494.0,Jie Bai,O.G. SPECTA,O.G. SPECTA,0.0,0.0,0.0,0.0,0.2083333333333333,0.0,0.0,0.0,0.0,0.4,0.0,0.0,0.0,0.0,0.0492,854.0,False,False,None,0,0,0
9496,2029,2029,1,1,,,1,,0,True,True,0,5,,0.0,0,0,0.0,0,0,2,0,2,0,1,1,3,4,9496.0,Yan Huang,,Yan Huang,0.0,0.0,0.0,0.0,0.2083333333333333,0.0,0.0,0.0,0.0,0.4,0.0,0.0,0.0,0.0,0.0492,854.0,False,False,None,0,0,0
9497,2029,2029,1,1,,,1,,0,True,True,0,5,,0.0,0,0,0.0,0,0,2,0,2,0,2,1,3,4,9497.0,Chao Kang,,Chao Kang,0.0,0.0,0.0,0.0,0.2083333333333333,0.0,0.0,0.0,0.0,0.4,0.0,0.5,0.0,0.0,0.0642,547.0,False,False,None,0,0,0
9498,2029,2029,1,1,,,1,,0,True,True,0,5,,0.0,0,0,0.0,0,0,2,0,2,0,1,1,3,4,9498.0,Joseph Cole,,Joseph Cole,0.0,0.0,0.0,0.0,0.2083333333333333,0.0,0.0,0.0,0.0,0.4,0.0,0.0,0.0,0.0,0.0492,854.0,False,False,None,0,0,0
9499,2029,2029,1,1,,,1,,0,True,True,0,5,,0.0,0,0,0.0,0,0,2,0,2,0,1,1,3,4,9499.0,Rachel Ford,,Rachel Ford,0.0,0.0,0.0,0.0,0.2083333333333333,0.0,0.0,0.0,0.0,0.4,0.0,0.0,0.0,0.0,0.0492,854.0,False,False,None,0,0,0
9506,2025,2025,1,1,,,1,,0,True,True,0,1,,0.0,5,0,0.0,0,0,1,0,1,0,1,0,0,0,9506.0,Xiuying Shi,,Xiuying Shi,0.0,0.0,0.0,0.0,0.0416666666666666,0.7142857142857142,0.0,0.0,0.0,0.2,0.0,0.0,0.0,0.0,0.1015,208.0,False,False,None,0,0,0
9539,2029,2029,1,1,,,1,,0,True,True,0,1,,0.0,0,0,0.0,1,0,1,0,1,0,2,0,0,0,9539.0,Neelofar Balan,,Neelofar Balan,0.0,0.0,0.0,0.0,0.0416666666666666,0.0,1.0,0.0,0.0,0.2,0.0,0.5,0.0,0.0,0.1108,167.0,False,False,None,0,0,0
9589,2028,2028,1,1,,,1,,0,True,True,0,4,,0.0,2,0,0.0,0,0,1,0,1,0,1,0,0,0,9589.0,Fang Chang,,Fang Chang,0.0,0.0,0.0,0.0,0.1666666666666666,0.2857142857142857,0.0,0.0,0.0,0.2,0.0,0.0,0.0,0.0,0.0676,479.0,False,False,None,0,0,0
9590,2028,2028,1,1,,,1,,0,True,True,0,4,,0.0,2,0,0.0,0,0,1,0,1,0,2,0,0,0,9590.0,Li Jiang,,Li Jiang,0.0,0.0,0.0,0.0,0.1666666666666666,0.2857142857142857,0.0,0.0,0.0,0.2,0.0,0.5,0.0,0.0,0.0826,343.0,False,False,None,0,0,0
9592,2028,2028,1,1,,,1,,0,True,True,0,4,,0.0,2,0,0.0,0,0,1,0,1,0,1,0,0,0,9592.0,Tao Jiang,,Tao Jiang,0.0,0.0,0.0,0.0,0.1666666666666666,0.2857142857142857,0.0,0.0,0.0,0.2,0.0,0.0,0.0,0.0,0.0676,479.0,False,False,None,0,0,0
9593,2028,2030,2,2,,,2,,2,True,True,1,9,,0.0,2,0,2.5,0,0,1,0,1,0,2,1,2,3,9593.0,Chao Zheng,,Chao Zheng,0.0,0.25,0.0875,0.0833333333333333,0.375,0.2857142857142857,0.0,0.0,0.3333333333333333,0.2,0.0,0.5,0.0,0.0875,0.1572,67.0,True,False,Cardboard Twenty-Five,5,2,3
9596,2028,2028,1,1,,,1,,0,True,True,0,4,,0.0,2,0,0.0,0,0,1,0,1,0,1,0,0,0,9596.0,Yang Hou,,Yang Hou,0.0,0.0,0.0,0.0,0.1666666666666666,0.2857142857142857,0.0,0.0,0.0,0.2,0.0,0.0,0.0,0.0,0.0676,479.0,False,False,None,0,0,0
9610,2030,2030,1,1,,,1,,0,True,True,1,1,,0.0,0,0,0.0,0,0,2,0,2,0,1,0,0,0,9610.0,Jie Yan,,Jie Yan,0.0,0.0,0.0,0.0833333333333333,0.0416666666666666,0.0,0.0,0.0,0.0,0.4,0.0,0.0,0.0,0.0,0.0392,1154.0,False,False,None,0,0,0
9611,2030,2030,1,1,,,1,,0,True,True,1,1,,0.0,0,0,0.0,0,0,2,0,2,0,1,0,0,0,9611.0,Robert Santiago,,Robert Santiago,0.0,0.0,0.0,0.0833333333333333,0.0416666666666666,0.0,0.0,0.0,0.0,0.4,0.0,0.0,0.0,0.0,0.0392,1154.0,False,False,None,0,0,0
9612,2030,2030,1,1,,,1,,0,True,True,1,1,,0.0,0,0,0.0,0,0,2,0,2,0,1,0,0,0,9612.0,Na Fang,,Na Fang,0.0,0.0,0.0,0.0833333333333333,0.0416666666666666,0.0,0.0,0.0,0.0,0.4,0.0,0.0,0.0,0.0,0.0392,1154.0,False,False,None,0,0,0
9613,2030,2030,1,1,,,1,,0,True,True,1,1,,0.0,0,0,0.0,0,0,2,0,2,0,1,0,0,0,9613.0,Cristian Gross,,Cristian Gross,0.0,0.0,0.0,0.0833333333333333,0.0416666666666666,0.0,0.0,0.0,0.0,0.4,0.0,0.0,0.0,0.0,0.0392,1154.0,False,False,None,0,0,0
9614,2030,2030,1,1,,,1,,0,True,True,1,1,,0.0,0,0,0.0,0,0,2,0,2,0,1,0,0,0,9614.0,Ping Wan,,Ping Wan,0.0,0.0,0.0,0.0833333333333333,0.0416666666666666,0.0,0.0,0.0,0.0,0.4,0.0,0.0,0.0,0.0,0.0392,1154.0,False,False,None,0,0,0
9615,2030,2030,1,1,,,1,,0,True,True,1,1,,0.0,0,0,0.0,0,0,2,0,2,0,2,0,0,0,9615.0,Yan Gao,,Yan Gao,0.0,0.0,0.0,0.0833333333333333,0.0416666666666666,0.0,0.0,0.0,0.0,0.4,0.0,0.5,0.0,0.0,0.0542,722.0,False,False,None,0,0,0
9629,2029,2029,1,1,,,1,,0,True,True,0,2,,0.0,0,0,0.0,0,0,1,0,1,0,2,0,1,1,9629.0,Min Meng,,Min Meng,0.0,0.0,0.0,0.0,0.0833333333333333,0.0,0.0,0.0,0.0,0.2,0.0,0.5,0.0,0.0,0.0367,1265.0,False,False,None,0,0,0
9632,2029,2029,1,1,,,1,,0,True,True,0,7,,0.0,1,0,0.0,0,0,0,0,0,0,1,0,3,3,9632.0,Allison Curtis,,Allison Curtis,0.0,0.0,0.0,0.0,0.2916666666666666,0.1428571428571428,0.0,0.0,0.0,0.0,0.0,0.0,0.0,0.0,0.058,647.0,False,False,None,0,0,0
9656,2029,2029,1,1,,,1,,0,True,True,0,3,,0.0,0,0,0.0,0,0,1,0,1,0,1,1,2,3,9656.0,Jennifer Harris,,Jennifer Harris,0.0,0.0,0.0,0.0,0.125,0.0,0.0,0.0,0.0,0.2,0.0,0.0,0.0,0.0,0.0275,1672.0,False,False,None,0,0,0
9663,2028,2028,1,1,2028.0,2028.0,1,0.0,0,True,True,0,4,12.0,0.0,0,0,0.0,0,0,1,0,1,2,1,0,0,0,9663.0,Sara Roman,Zenara,Zenara,0.0,0.0,0.0,0.0,0.1666666666666666,0.0,0.0,0.0,0.0,0.2,0.25,0.0,0.0,0.0,0.0433,1026.0,False,False,None,0,0,0
9665,2028,2028,1,1,2028.0,2028.0,1,0.0,0,True,True,0,4,12.0,0.0,0,0,0.0,0,0,1,0,1,2,2,0,0,0,9665.0,Jeremy Martinez,,Jeremy Martinez,0.0,0.0,0.0,0.0,0.1666666666666666,0.0,0.0,0.0,0.0,0.2,0.25,0.5,0.0,0.0,0.0583,642.0,False,False,None,0,0,0
9670,2026,2026,1,1,2026.0,2026.0,1,0.0,0,True,True,0,1,14.0,0.0,0,0,0.0,0,0,1,0,1,0,1,0,0,0,9670.0,Jie Lin,,Jie Lin,0.0,0.0,0.0,0.0,0.0416666666666666,0.0,0.0,0.0,0.0,0.2,0.0,0.0,0.0,0.0,0.0158,2169.0,False,False,None,0,0,0
9671,2026,2026,1,1,2026.0,2026.0,1,0.0,0,True,True,0,1,14.0,0.0,0,0,0.0,0,0,1,0,1,0,1,0,0,0,9671.0,Guiying Mao,,Guiying Mao,0.0,0.0,0.0,0.0,0.0416666666666666,0.0,0.0,0.0,0.0,0.2,0.0,0.0,0.0,0.0,0.0158,2169.0,False,False,None,0,0,0
9673,2032,2032,1,1,,,1,,0,True,True,1,1,,0.0,1,0,0.0,0,0,1,0,1,0,1,0,0,0,9673.0,Min Shen,,Min Shen,0.0,0.0,0.0,0.0833333333333333,0.0416666666666666,0.1428571428571428,0.0,0.0,0.0,0.2,0.0,0.0,0.0,0.0,0.0463,938.0,False,False,None,0,0,0
9674,2032,2032,1,1,,,1,,0,True,True,1,1,,0.0,1,0,0.0,0,0,1,0,1,0,1,0,0,0,9674.0,Li Jiang,,Li Jiang,0.0,0.0,0.0,0.0833333333333333,0.0416666666666666,0.1428571428571428,0.0,0.0,0.0,0.2,0.0,0.0,0.0,0.0,0.0463,938.0,False,False,None,0,0,0
9675,2032,2032,1,1,,,1,,0,True,True,1,1,,0.0,1,0,0.0,0,0,1,0,1,0,2,0,0,0,9675.0,Xia Tang,,Xia Tang,0.0,0.0,0.0,0.0833333333333333,0.0416666666666666,0.1428571428571428,0.0,0.0,0.0,0.2,0.0,0.5,0.0,0.0,0.0613,588.0,False,False,None,0,0,0
9694,2029,2029,1,1,,,1,,0,True,True,0,1,,0.0,1,0,0.0,0,0,2,0,2,0,1,0,0,0,9694.0,Minoru Ikeda,,Minoru Ikeda,0.0,0.0,0.0,0.0,0.0416666666666666,0.1428571428571428,0.0,0.0,0.0,0.4,0.0,0.0,0.0,0.0,0.043,1046.0,False,False,None,0,0,0
9695,2029,2029,1,1,,,1,,0,True,True,0,1,,0.0,1,0,0.0,0,0,2,0,2,0,1,0,0,0,9695.0,Hanako Suzuki,,Hanako Suzuki,0.0,0.0,0.0,0.0,0.0416666666666666,0.1428571428571428,0.0,0.0,0.0,0.4,0.0,0.0,0.0,0.0,0.043,1046.0,False,False,None,0,0,0
9721,2026,2026,1,1,,,1,,0,True,True,0,7,,0.0,2,0,0.0,0,0,1,0,1,0,1,0,0,0,9721.0,Hector Davis,,Hector Davis,0.0,0.0,0.0,0.0,0.2916666666666666,0.2857142857142857,0.0,0.0,0.0,0.2,0.0,0.0,0.0,0.0,0.0851,320.0,False,False,None,0,0,0
9740,2025,2025,1,1,,,1,,0,True,True,0,1,,0.0,0,0,0.0,0,0,0,0,0,0,2,1,0,1,9740.0,Jun Zou,,Jun Zou,0.0,0.0,0.0,0.0,0.0416666666666666,0.0,0.0,0.0,0.0,0.0,0.0,0.5,0.0,0.0,0.0208,2123.0,False,False,None,0,0,0
9742,2025,2025,1,1,,,1,,0,True,True,0,1,,0.0,0,0,0.0,0,0,0,0,0,0,1,1,0,1,9742.0,Qiang Mo,,Qiang Mo,0.0,0.0,0.0,0.0,0.0416666666666666,0.0,0.0,0.0,0.0,0.0,0.0,0.0,0.0,0.0,0.0058,2575.0,False,False,None,0,0,0
9743,2025,2025,1,1,,,1,,0,True,True,0,1,,0.0,0,0,0.0,0,0,0,0,0,0,1,1,0,1,9743.0,Yan Wang,,Yan Wang,0.0,0.0,0.0,0.0,0.0416666666666666,0.0,0.0,0.0,0.0,0.0,0.0,0.0,0.0,0.0,0.0058,2575.0,False,False,None,0,0,0
9760,2029,2029,1,1,,,1,,0,True,True,0,3,,0.0,3,0,0.0,0,0,2,0,2,0,1,0,0,0,9760.0,Jie Qiao,,Jie Qiao,0.0,0.0,0.0,0.0,0.125,0.4285714285714285,0.0,0.0,0.0,0.4,0.0,0.0,0.0,0.0,0.0889,292.0,False,False,None,0,0,0
9762,2029,2029,1,1,,,1,,0,True,True,0,3,,0.0,3,0,0.0,0,0,2,0,2,0,1,0,0,0,9762.0,Yang Zou,,Yang Zou,0.0,0.0,0.0,0.0,0.125,0.4285714285714285,0.0,0.0,0.0,0.4,0.0,0.0,0.0,0.0,0.0889,292.0,False,False,None,0,0,0
9763,2029,2029,1,1,,,1,,0,True,True,0,3,,0.0,3,0,0.0,0,0,2,0,2,0,1,0,0,0,9763.0,Christopher Nelson,,Christopher Nelson,0.0,0.0,0.0,0.0,0.125,0.4285714285714285,0.0,0.0,0.0,0.4,0.0,0.0,0.0,0.0,0.0889,292.0,False,False,None,0,0,0
9781,2029,2029,1,1,2029.0,2029.0,1,0.0,0,True,True,0,1,11.0,0.0,1,0,0.0,0,0,1,0,1,0,1,0,1,1,9781.0,Ryan Rodriguez,,Ryan Rodriguez,0.0,0.0,0.0,0.0,0.0416666666666666,0.1428571428571428,0.0,0.0,0.0,0.2,0.0,0.0,0.0,0.0,0.033,1390.0,False,False,None,0,0,0
9782,2029,2029,1,1,2029.0,2029.0,1,0.0,0,True,True,0,1,11.0,0.0,1,0,0.0,0,0,1,0,1,0,1,0,1,1,9782.0,Karen Munoz,,Karen Munoz,0.0,0.0,0.0,0.0,0.0416666666666666,0.1428571428571428,0.0,0.0,0.0,0.2,0.0,0.0,0.0,0.0,0.033,1390.0,False,False,None,0,0,0
9783,2029,2029,1,1,2029.0,2029.0,1,0.0,0,True,True,0,1,11.0,0.0,1,0,0.0,0,0,1,0,1,0,1,0,1,1,9783.0,Ping Ma,,Ping Ma,0.0,0.0,0.0,0.0,0.0416666666666666,0.1428571428571428,0.0,0.0,0.0,0.2,0.0,0.0,0.0,0.0,0.033,1390.0,False,False,None,0,0,0
9784,2029,2029,1,1,2029.0,2029.0,1,0.0,0,True,True,0,1,11.0,0.0,1,0,0.0,0,0,1,0,1,0,1,0,1,1,9784.0,Guiying Wu,,Guiying Wu,0.0,0.0,0.0,0.0,0.0416666666666666,0.1428571428571428,0.0,0.0,0.0,0.2,0.0,0.0,0.0,0.0,0.033,1390.0,False,False,None,0,0,0
9785,2029,2029,1,1,2029.0,2029.0,1,0.0,0,True,True,0,1,11.0,0.0,1,0,0.0,0,0,1,0,1,0,1,0,1,1,9785.0,Qiang Pan,,Qiang Pan,0.0,0.0,0.0,0.0,0.0416666666666666,0.1428571428571428,0.0,0.0,0.0,0.2,0.0,0.0,0.0,0.0,0.033,1390.0,False,False,None,0,0,0
9789,2027,2027,1,1,,,1,,0,True,True,0,2,,0.0,0,0,0.0,0,0,1,0,1,0,1,0,0,0,9789.0,Pierre David,,Pierre David,0.0,0.0,0.0,0.0,0.0833333333333333,0.0,0.0,0.0,0.0,0.2,0.0,0.0,0.0,0.0,0.0217,1958.0,False,False,None,0,0,0
9790,2027,2027,1,1,,,1,,0,True,True,0,2,,0.0,0,0,0.0,0,0,1,0,1,0,1,0,0,0,9790.0,Philippine du Pottier,,Philippine du Pottier,0.0,0.0,0.0,0.0,0.0833333333333333,0.0,0.0,0.0,0.0,0.2,0.0,0.0,0.0,0.0,0.0217,1958.0,False,False,None,0,0,0
9791,2027,2027,1,1,,,1,,0,True,True,0,2,,0.0,0,0,0.0,0,0,1,0,1,0,2,0,0,0,9791.0,Charlotte Marchand,,Charlotte Marchand,0.0,0.0,0.0,0.0,0.0833333333333333,0.0,0.0,0.0,0.0,0.2,0.0,0.5,0.0,0.0,0.0367,1265.0,False,False,None,0,0,0
9796,2027,2027,1,1,,,1,,0,True,True,0,3,,0.0,0,0,0.0,0,0,1,0,1,1,1,0,0,0,9796.0,Jing Wei,,Jing Wei,0.0,0.0,0.0,0.0,0.125,0.0,0.0,0.0,0.0,0.2,0.125,0.0,0.0,0.0,0.0325,1451.0,False,False,None,0,0,0
9832,2025,2025,1,1,,,1,,0,True,True,0,2,,0.0,0,0,0.0,0,0,1,0,1,0,2,0,0,0,9832.0,Herminia Vazquez-Sainz,,Herminia Vazquez-Sainz,0.0,0.0,0.0,0.0,0.0833333333333333,0.0,0.0,0.0,0.0,0.2,0.0,0.5,0.0,0.0,0.0367,1265.0,False,False,None,0,0,0
9836,2029,2029,1,1,,,1,,0,True,True,0,5,,0.0,0,0,0.0,0,0,0,0,0,0,2,0,0,0,9836.0,Yan Lai,,Yan Lai,0.0,0.0,0.0,0.0,0.2083333333333333,0.0,0.0,0.0,0.0,0.0,0.0,0.5,0.0,0.0,0.0442,987.0,False,False,None,0,0,0
9837,2029,2029,1,1,,,1,,0,True,True,0,5,,0.0,0,0,0.0,0,0,0,0,0,0,2,0,0,0,9837.0,Guiying Wei,,Guiying Wei,0.0,0.0,0.0,0.0,0.2083333333333333,0.0,0.0,0.0,0.0,0.0,0.0,0.5,0.0,0.0,0.0442,987.0,False,False,None,0,0,0
9838,2029,2029,1,1,,,1,,0,True,True,0,5,,0.0,0,0,0.0,0,0,0,0,0,0,1,0,0,0,9838.0,Juan Ye,,Juan Ye,0.0,0.0,0.0,0.0,0.2083333333333333,0.0,0.0,0.0,0.0,0.0,0.0,0.0,0.0,0.0,0.0292,1648.0,False,False,None,0,0,0
9850,2029,2029,1,1,,,1,,0,True,True,0,1,,0.0,0,0,0.0,0,0,0,0,0,0,2,0,0,0,9850.0,Umang Bala,,Umang Bala,0.0,0.0,0.0,0.0,0.0416666666666666,0.0,0.0,0.0,0.0,0.0,0.0,0.5,0.0,0.0,0.0208,2123.0,False,False,None,0,0,0
9851,2029,2029,1,1,,,1,,0,True,True,0,1,,0.0,0,0,0.0,0,0,0,0,0,0,1,0,0,0,9851.0,Samarth Saraf,,Samarth Saraf,0.0,0.0,0.0,0.0,0.0416666666666666,0.0,0.0,0.0,0.0,0.0,0.0,0.0,0.0,0.0,0.0058,2575.0,False,False,None,0,0,0
9863,2025,2026,2,2,,,2,,1,True,True,0,5,,0.0,1,0,3.0,1,0,2,0,2,0,1,0,4,4,9863.0,Qiang Gao,,Qiang Gao,0.0,0.3,0.105,0.0,0.2083333333333333,0.1428571428571428,1.0,0.0,0.3333333333333333,0.4,0.0,0.0,0.0,0.105,0.1801,45.0,False,False,None,0,0,0
9864,2026,2026,1,1,,,1,,0,True,True,0,4,,0.0,0,0,0.0,0,0,2,0,2,0,1,0,3,3,9864.0,Ping Qian,,Ping Qian,0.0,0.0,0.0,0.0,0.1666666666666666,0.0,0.0,0.0,0.0,0.4,0.0,0.0,0.0,0.0,0.0433,1034.0,False,False,None,0,0,0
9865,2026,2026,1,1,,,1,,0,True,True,0,4,,0.0,0,0,0.0,0,0,2,0,2,0,1,0,3,3,9865.0,Ping Guo,,Ping Guo,0.0,0.0,0.0,0.0,0.1666666666666666,0.0,0.0,0.0,0.0,0.4,0.0,0.0,0.0,0.0,0.0433,1034.0,False,False,None,0,0,0
9866,2025,2026,2,2,,,2,,1,True,True,0,5,,0.0,1,0,3.0,1,0,2,0,2,0,2,0,4,4,9866.0,Ping Wan,,Ping Wan,0.0,0.3,0.105,0.0,0.2083333333333333,0.1428571428571428,1.0,0.0,0.3333333333333333,0.4,0.0,0.5,0.0,0.105,0.1951,33.0,False,False,None,0,0,0
9870,2026,2026,1,1,2026.0,2026.0,1,0.0,0,True,True,0,3,14.0,0.0,3,0,0.0,0,0,1,0,1,0,2,0,1,1,9870.0,William Alexander,,William Alexander,0.0,0.0,0.0,0.0,0.125,0.4285714285714285,0.0,0.0,0.0,0.2,0.0,0.5,0.0,0.0,0.0939,264.0,False,False,None,0,0,0
9906,2029,2029,1,0,,,1,,0,True,True,0,1,,0.0,0,0,0.0,0,0,0,0,0,1,1,0,0,0,9906.0,Xiuying Du,The Phantom Manifest,The Phantom Manifest,0.0,0.0,0.0,0.0,0.0416666666666666,0.0,0.0,0.0,0.0,0.0,0.125,0.0,0.0,0.0,0.0108,2506.0,False,False,None,0,0,0
9907,2029,2029,1,0,,,1,,0,True,True,0,1,,0.0,0,0,0.0,0,0,0,0,0,1,1,0,0,0,9907.0,Xiuying Lin,,Xiuying Lin,0.0,0.0,0.0,0.0,0.0416666666666666,0.0,0.0,0.0,0.0,0.0,0.125,0.0,0.0,0.0,0.0108,2506.0,False,False,None,0,0,0
9913,2026,2026,1,1,,,1,,0,True,True,0,1,,0.0,0,0,0.0,0,0,1,0,1,0,1,1,0,1,9913.0,Regina Davis,Q. DYNAMIK,Q. DYNAMIK,0.0,0.0,0.0,0.0,0.0416666666666666,0.0,0.0,0.0,0.0,0.2,0.0,0.0,0.0,0.0,0.0158,2169.0,False,False,None,0,0,0
9914,2026,2026,1,1,,,1,,0,True,True,0,1,,0.0,0,0,0.0,0,0,1,0,1,0,1,1,0,1,9914.0,Jie Wan,,Jie Wan,0.0,0.0,0.0,0.0,0.0416666666666666,0.0,0.0,0.0,0.0,0.2,0.0,0.0,0.0,0.0,0.0158,2169.0,False,False,None,0,0,0
9915,2026,2026,1,1,,,1,,0,True,True,0,1,,0.0,0,0,0.0,0,0,1,0,1,0,2,1,0,1,9915.0,Na Wen,,Na Wen,0.0,0.0,0.0,0.0,0.0416666666666666,0.0,0.0,0.0,0.0,0.2,0.0,0.5,0.0,0.0,0.0308,1542.0,False,False,None,0,0,0
9941,2027,2028,2,2,2028.0,2028.0,2,1.0,1,True,True,0,11,12.0,0.0,2,0,4.0,0,0,1,0,1,2,1,0,0,0,9941.0,Juan Wen,,Juan Wen,0.0,0.4,0.14,0.0,0.4583333333333333,0.2857142857142857,0.0,0.0,0.3333333333333333,0.2,0.25,0.0,0.0,0.1399999999999999,0.1558,71.0,False,False,None,0,0,0
9969,2028,2028,1,1,,,1,,0,True,True,0,4,,0.0,0,0,0.0,0,0,1,0,1,0,1,0,0,0,9969.0,Jun Jia,,Jun Jia,0.0,0.0,0.0,0.0,0.1666666666666666,0.0,0.0,0.0,0.0,0.2,0.0,0.0,0.0,0.0,0.0333,1350.0,False,False,None,0,0,0
9970,2028,2028,1,1,,,1,,0,True,True,0,4,,0.0,0,0,0.0,0,0,1,0,1,0,1,0,0,0,9970.0,Juan Liu,,Juan Liu,0.0,0.0,0.0,0.0,0.1666666666666666,0.0,0.0,0.0,0.0,0.2,0.0,0.0,0.0,0.0,0.0333,1350.0,False,False,None,0,0,0
9972,2028,2028,1,1,,,1,,0,True,True,0,4,,0.0,0,0,0.0,0,0,1,0,1,0,2,0,0,0,9972.0,Mark Martinez,,Mark Martinez,0.0,0.0,0.0,0.0,0.1666666666666666,0.0,0.0,0.0,0.0,0.2,0.0,0.5,0.0,0.0,0.0483,880.0,False,False,None,0,0,0
9973,2028,2028,1,1,,,1,,0,True,True,0,4,,0.0,0,0,0.0,0,0,1,0,1,0,1,0,0,0,9973.0,Cathrin Bruder,,Cathrin Bruder,0.0,0.0,0.0,0.0,0.1666666666666666,0.0,0.0,0.0,0.0,0.2,0.0,0.0,0.0,0.0,0.0333,1350.0,False,False,None,0,0,0
9975,2026,2026,1,1,,,1,,0,True,True,0,1,,0.0,2,0,0.0,0,0,1,0,1,0,2,0,0,0,9975.0,Silva Speer,,Silva Speer,0.0,0.0,0.0,0.0,0.0416666666666666,0.2857142857142857,0.0,0.0,0.0,0.2,0.0,0.5,0.0,0.0,0.0651,536.0,False,False,None,0,0,0
9993,2029,2029,1,1,,,1,,0,True,True,0,2,,0.0,2,0,0.0,0,0,1,0,1,0,1,0,0,0,9993.0,Wei Shi,,Wei Shi,0.0,0.0,0.0,0.0,0.0833333333333333,0.2857142857142857,0.0,0.0,0.0,0.2,0.0,0.0,0.0,0.0,0.056,675.0,False,False,None,0,0,0
9994,2025,2029,3,3,,,2,,4,True,True,0,4,,0.0,2,0,0.5,0,0,2,0,2,1,2,0,0,0,9994.0,Juan Song,,Juan Song,0.0,0.05,0.0175,0.0,0.1666666666666666,0.2857142857142857,0.0,0.0,0.3333333333333333,0.4,0.125,0.5,0.0,0.0174999999999999,0.1227,125.0,False,False,None,0,0,0
10005,2026,2026,1,1,,,1,,0,True,True,0,1,,0.0,0,0,0.0,0,0,1,0,1,0,2,0,0,0,10005.0,Chao Zhao,,Chao Zhao,0.0,0.0,0.0,0.0,0.0416666666666666,0.0,0.0,0.0,0.0,0.2,0.0,0.5,0.0,0.0,0.0308,1542.0,False,False,None,0,0,0
10006,2026,2026,1,1,,,1,,0,True,True,0,1,,0.0,0,0,0.0,0,0,1,0,1,0,1,0,0,0,10006.0,Yang Cai,,Yang Cai,0.0,0.0,0.0,0.0,0.0416666666666666,0.0,0.0,0.0,0.0,0.2,0.0,0.0,0.0,0.0,0.0158,2169.0,False,False,None,0,0,0
10009,2027,2027,1,1,2027.0,2027.0,1,0.0,0,True,True,0,4,13.0,0.0,1,0,0.0,0,0,1,0,1,0,2,0,0,0,10009.0,Xiulan Shen,,Xiulan Shen,0.0,0.0,0.0,0.0,0.1666666666666666,0.1428571428571428,0.0,0.0,0.0,0.2,0.0,0.5,0.0,0.0,0.0655,529.0,False,False,None,0,0,0
10025,2026,2026,1,1,,,1,,0,True,True,0,3,,0.0,0,0,0.0,0,0,1,0,1,1,1,0,0,0,10025.0,Juan Xue,,Juan Xue,0.0,0.0,0.0,0.0,0.125,0.0,0.0,0.0,0.0,0.2,0.125,0.0,0.0,0.0,0.0325,1451.0,False,False,None,0,0,0
10026,2026,2026,1,1,,,1,,0,True,True,0,3,,0.0,0,0,0.0,0,0,1,0,1,1,1,0,0,0,10026.0,Jing Qian,,Jing Qian,0.0,0.0,0.0,0.0,0.125,0.0,0.0,0.0,0.0,0.2,0.125,0.0,0.0,0.0,0.0325,1451.0,False,False,None,0,0,0
10027,2026,2026,1,1,,,1,,0,True,True,0,3,,0.0,0,0,0.0,0,0,1,0,1,1,1,0,0,0,10027.0,Wei Tang,,Wei Tang,0.0,0.0,0.0,0.0,0.125,0.0,0.0,0.0,0.0,0.2,0.125,0.0,0.0,0.0,0.0325,1451.0,False,False,None,0,0,0
10029,2026,2026,1,1,,,1,,0,True,True,0,3,,0.0,0,0,0.0,0,0,1,0,1,1,1,0,0,0,10029.0,Tao Pan,,Tao Pan,0.0,0.0,0.0,0.0,0.125,0.0,0.0,0.0,0.0,0.2,0.125,0.0,0.0,0.0,0.0325,1451.0,False,False,None,0,0,0
10030,2026,2026,1,1,,,1,,0,True,True,0,3,,0.0,0,0,0.0,0,0,1,0,1,1,2,0,0,0,10030.0,Tao Xia,,Tao Xia,0.0,0.0,0.0,0.0,0.125,0.0,0.0,0.0,0.0,0.2,0.125,0.5,0.0,0.0,0.0475,918.0,False,False,None,0,0,0
10031,2026,2026,1,1,,,1,,0,True,True,0,3,,0.0,0,0,0.0,0,0,1,0,1,1,2,0,0,0,10031.0,Li Luo,,Li Luo,0.0,0.0,0.0,0.0,0.125,0.0,0.0,0.0,0.0,0.2,0.125,0.5,0.0,0.0,0.0475,918.0,False,False,None,0,0,0
10036,2026,2026,1,1,,,1,,0,True,True,0,4,,0.0,1,0,0.0,0,0,1,0,1,0,1,0,0,0,10036.0,Xiulan Gong,,Xiulan Gong,0.0,0.0,0.0,0.0,0.1666666666666666,0.1428571428571428,0.0,0.0,0.0,0.2,0.0,0.0,0.0,0.0,0.0505,793.0,False,False,None,0,0,0
10037,2026,2026,1,1,,,1,,0,True,True,0,4,,0.0,1,0,0.0,0,0,1,0,1,0,1,0,0,0,10037.0,Ping Liao,,Ping Liao,0.0,0.0,0.0,0.0,0.1666666666666666,0.1428571428571428,0.0,0.0,0.0,0.2,0.0,0.0,0.0,0.0,0.0505,793.0,False,False,None,0,0,0
10038,2026,2026,1,1,,,1,,0,True,True,0,4,,0.0,1,0,0.0,0,0,1,0,1,0,1,0,0,0,10038.0,Chao Wang,,Chao Wang,0.0,0.0,0.0,0.0,0.1666666666666666,0.1428571428571428,0.0,0.0,0.0,0.2,0.0,0.0,0.0,0.0,0.0505,793.0,False,False,None,0,0,0
10039,2026,2026,1,1,,,1,,0,True,True,0,4,,0.0,1,0,0.0,0,0,1,0,1,0,1,0,0,0,10039.0,Jun Fu,,Jun Fu,0.0,0.0,0.0,0.0,0.1666666666666666,0.1428571428571428,0.0,0.0,0.0,0.2,0.0,0.0,0.0,0.0,0.0505,793.0,False,False,None,0,0,0
10041,2026,2026,1,1,,,1,,0,True,True,0,4,,0.0,1,0,0.0,0,0,1,0,1,0,1,0,0,0,10041.0,Ming Cao,,Ming Cao,0.0,0.0,0.0,0.0,0.1666666666666666,0.1428571428571428,0.0,0.0,0.0,0.2,0.0,0.0,0.0,0.0,0.0505,793.0,False,False,None,0,0,0
10044,2026,2026,1,1,2026.0,2026.0,1,0.0,0,True,True,0,1,14.0,0.0,0,0,0.0,0,0,1,0,1,0,2,0,0,0,10044.0,James Goodwin,,James Goodwin,0.0,0.0,0.0,0.0,0.0416666666666666,0.0,0.0,0.0,0.0,0.2,0.0,0.5,0.0,0.0,0.0308,1542.0,False,False,None,0,0,0
10048,2030,2030,1,1,,,1,,0,True,True,1,2,,0.0,0,0,0.0,0,0,1,0,1,0,1,0,0,0,10048.0,Min Peng,,Min Peng,0.0,0.0,0.0,0.0833333333333333,0.0833333333333333,0.0,0.0,0.0,0.0,0.2,0.0,0.0,0.0,0.0,0.035,1331.0,False,False,None,0,0,0
10049,2030,2030,1,1,,,1,,0,True,True,1,2,,0.0,0,0,0.0,0,0,1,0,1,0,1,0,0,0,10049.0,Jun Duan,,Jun Duan,0.0,0.0,0.0,0.0833333333333333,0.0833333333333333,0.0,0.0,0.0,0.0,0.2,0.0,0.0,0.0,0.0,0.035,1331.0,False,False,None,0,0,0
10050,2030,2030,1,1,,,1,,0,True,True,1,2,,0.0,0,0,0.0,0,0,1,0,1,0,1,0,0,0,10050.0,Xiulan Gu,,Xiulan Gu,0.0,0.0,0.0,0.0833333333333333,0.0833333333333333,0.0,0.0,0.0,0.0,0.2,0.0,0.0,0.0,0.0,0.035,1331.0,False,False,None,0,0,0
10051,2030,2030,1,1,,,1,,0,True,True,1,2,,0.0,0,0,0.0,0,0,1,0,1,0,2,0,0,0,10051.0,Ping Hao,,Ping Hao,0.0,0.0,0.0,0.0833333333333333,0.0833333333333333,0.0,0.0,0.0,0.0,0.2,0.0,0.5,0.0,0.0,0.05,835.0,False,False,None,0,0,0
10052,2030,2030,1,1,,,1,,0,True,True,1,2,,0.0,0,0,0.0,0,0,1,0,1,0,1,0,0,0,10052.0,Yong Lai,,Yong Lai,0.0,0.0,0.0,0.0833333333333333,0.0833333333333333,0.0,0.0,0.0,0.0,0.2,0.0,0.0,0.0,0.0,0.035,1331.0,False,False,None,0,0,0
10053,2030,2030,1,1,,,1,,0,True,True,1,2,,0.0,0,0,0.0,0,0,1,0,1,0,2,0,0,0,10053.0,Qiang Shen,,Qiang Shen,0.0,0.0,0.0,0.0833333333333333,0.0833333333333333,0.0,0.0,0.0,0.0,0.2,0.0,0.5,0.0,0.0,0.05,835.0,False,False,None,0,0,0
10054,2030,2030,1,1,,,1,,0,True,True,1,2,,0.0,0,0,0.0,0,0,1,0,1,0,1,0,0,0,10054.0,Juan Xie,,Juan Xie,0.0,0.0,0.0,0.0833333333333333,0.0833333333333333,0.0,0.0,0.0,0.0,0.2,0.0,0.0,0.0,0.0,0.035,1331.0,False,False,None,0,0,0
10072,2027,2027,1,1,,,1,,0,True,True,0,2,,0.0,3,0,0.0,0,0,1,0,1,0,1,0,0,0,10072.0,Jérôme Blanchet,,Jérôme Blanchet,0.0,0.0,0.0,0.0,0.0833333333333333,0.4285714285714285,0.0,0.0,0.0,0.2,0.0,0.0,0.0,0.0,0.0731,422.0,False,False,None,0,0,0
10073,2027,2027,1,1,,,1,,0,True,True,0,2,,0.0,3,0,0.0,0,0,1,0,1,0,1,0,0,0,10073.0,Maurice Lacroix,,Maurice Lacroix,0.0,0.0,0.0,0.0,0.0833333333333333,0.4285714285714285,0.0,0.0,0.0,0.2,0.0,0.0,0.0,0.0,0.0731,422.0,False,False,None,0,0,0
10074,2027,2027,1,1,,,1,,0,True,True,0,2,,0.0,3,0,0.0,0,0,1,0,1,0,1,0,0,0,10074.0,Renée Tanguy-Henry,,Renée Tanguy-Henry,0.0,0.0,0.0,0.0,0.0833333333333333,0.4285714285714285,0.0,0.0,0.0,0.2,0.0,0.0,0.0,0.0,0.0731,422.0,False,False,None,0,0,0
10076,2026,2026,1,1,2026.0,2026.0,1,0.0,0,True,True,0,0,14.0,0.0,1,0,0.0,0,0,1,0,1,0,2,0,0,0,10076.0,Ming He,,Ming He,0.0,0.0,0.0,0.0,0.0,0.1428571428571428,0.0,0.0,0.0,0.2,0.0,0.5,0.0,0.0,0.0421,1085.0,False,False,None,0,0,0
10077,2026,2026,1,1,2026.0,2026.0,1,0.0,0,True,True,0,0,14.0,0.0,1,0,0.0,0,0,1,0,1,0,1,0,0,0,10077.0,Jun Ma,,Jun Ma,0.0,0.0,0.0,0.0,0.0,0.1428571428571428,0.0,0.0,0.0,0.2,0.0,0.0,0.0,0.0,0.0271,1747.0,False,False,None,0,0,0
10078,2026,2026,1,1,2026.0,2026.0,1,0.0,0,True,True,0,0,14.0,0.0,1,0,0.0,0,0,1,0,1,0,2,0,0,0,10078.0,Tao Yu,,Tao Yu,0.0,0.0,0.0,0.0,0.0,0.1428571428571428,0.0,0.0,0.0,0.2,0.0,0.5,0.0,0.0,0.0421,1085.0,False,False,None,0,0,0
10079,2026,2026,1,1,2026.0,2026.0,1,0.0,0,True,True,0,0,14.0,0.0,1,0,0.0,0,0,1,0,1,0,1,0,0,0,10079.0,Tao Xiang,,Tao Xiang,0.0,0.0,0.0,0.0,0.0,0.1428571428571428,0.0,0.0,0.0,0.2,0.0,0.0,0.0,0.0,0.0271,1747.0,False,False,None,0,0,0
10083,2028,2028,1,1,,,1,,0,True,True,0,3,,0.0,0,0,0.0,0,0,1,0,1,0,1,0,0,0,10083.0,Brandi Riley,,Brandi Riley,0.0,0.0,0.0,0.0,0.125,0.0,0.0,0.0,0.0,0.2,0.0,0.0,0.0,0.0,0.0275,1672.0,False,False,None,0,0,0
10099,2029,2029,1,1,,,1,,0,True,True,0,5,,0.0,0,0,0.0,0,0,1,0,1,3,1,0,0,0,10099.0,Catalina Borja Barbero,Davin Tate,Davin Tate,0.0,0.0,0.0,0.0,0.2083333333333333,0.0,0.0,0.0,0.0,0.2,0.375,0.0,0.0,0.0,0.0542,722.0,False,False,None,0,0,0
10100,2029,2029,1,1,,,1,,0,True,True,0,5,,0.0,0,0,0.0,0,0,1,0,1,3,2,0,0,0,10100.0,Graciana Sacristán Saura,,Graciana Sacristán Saura,0.0,0.0,0.0,0.0,0.2083333333333333,0.0,0.0,0.0,0.0,0.2,0.375,0.5,0.0,0.0,0.0692,473.0,False,False,None,0,0,0
10101,2029,2029,1,1,,,1,,0,True,True,0,5,,0.0,0,0,0.0,0,0,1,0,1,3,1,0,0,0,10101.0,Rosenda Reyes Salazar,,Rosenda Reyes Salazar,0.0,0.0,0.0,0.0,0.2083333333333333,0.0,0.0,0.0,0.0,0.2,0.375,0.0,0.0,0.0,0.0542,722.0,False,False,None,0,0,0
10104,2026,2026,1,1,,,1,,0,True,True,0,0,,0.0,0,0,0.0,0,0,1,0,1,0,1,0,0,0,10104.0,Gang Xia,,Gang Xia,0.0,0.0,0.0,0.0,0.0,0.0,0.0,0.0,0.0,0.2,0.0,0.0,0.0,0.0,0.01,2522.0,False,False,None,0,0,0
10154,2027,2027,1,1,,,1,,0,True,True,0,2,,0.0,0,0,0.0,0,0,1,0,1,0,1,0,0,0,10154.0,Lei Jiang,,Lei Jiang,0.0,0.0,0.0,0.0,0.0833333333333333,0.0,0.0,0.0,0.0,0.2,0.0,0.0,0.0,0.0,0.0217,1958.0,False,False,None,0,0,0
10161,2028,2028,1,1,,,1,,0,True,True,0,3,,0.0,0,0,0.0,0,0,1,0,1,0,1,0,2,2,10161.0,Guiying Dai,,Guiying Dai,0.0,0.0,0.0,0.0,0.125,0.0,0.0,0.0,0.0,0.2,0.0,0.0,0.0,0.0,0.0275,1672.0,False,False,None,0,0,0
10162,2028,2028,1,1,,,1,,0,True,True,0,3,,0.0,0,0,0.0,0,0,1,0,1,0,1,0,2,2,10162.0,Tao Xu,,Tao Xu,0.0,0.0,0.0,0.0,0.125,0.0,0.0,0.0,0.0,0.2,0.0,0.0,0.0,0.0,0.0275,1672.0,False,False,None,0,0,0
10163,2028,2028,1,1,,,1,,0,True,True,0,3,,0.0,0,0,0.0,0,0,1,0,1,0,2,0,2,2,10163.0,Qiang Gong,,Qiang Gong,0.0,0.0,0.0,0.0,0.125,0.0,0.0,0.0,0.0,0.2,0.0,0.5,0.0,0.0,0.0425,1060.0,False,False,None,0,0,0
10164,2028,2028,1,1,,,1,,0,True,True,0,3,,0.0,0,0,0.0,0,0,1,0,1,0,1,0,2,2,10164.0,Jing Gong,,Jing Gong,0.0,0.0,0.0,0.0,0.125,0.0,0.0,0.0,0.0,0.2,0.0,0.0,0.0,0.0,0.0275,1672.0,False,False,None,0,0,0
10167,2029,2029,1,1,,,1,,0,True,True,0,1,,0.0,0,0,0.0,0,0,1,0,1,1,2,0,0,0,10167.0,Min Kang,,Min Kang,0.0,0.0,0.0,0.0,0.0416666666666666,0.0,0.0,0.0,0.0,0.2,0.125,0.5,0.0,0.0,0.0358,1318.0,False,False,None,0,0,0
10174,2026,2026,1,1,,,1,,0,True,True,0,5,,0.0,1,0,0.0,0,0,1,0,1,0,1,0,4,4,10174.0,Yan Shi,,Yan Shi,0.0,0.0,0.0,0.0,0.2083333333333333,0.1428571428571428,0.0,0.0,0.0,0.2,0.0,0.0,0.0,0.0,0.0563,661.0,False,False,None,0,0,0
10177,2028,2028,1,1,,,1,,0,True,True,0,1,,0.0,1,0,0.0,0,0,1,0,1,0,1,0,0,0,10177.0,Min Fan,,Min Fan,0.0,0.0,0.0,0.0,0.0416666666666666,0.1428571428571428,0.0,0.0,0.0,0.2,0.0,0.0,0.0,0.0,0.033,1390.0,False,False,None,0,0,0
10180,2029,2029,1,1,,,1,,0,True,True,0,2,,0.0,0,0,0.0,0,0,0,0,0,0,1,0,0,0,10180.0,Yang Yang,,Yang Yang,0.0,0.0,0.0,0.0,0.0833333333333333,0.0,0.0,0.0,0.0,0.0,0.0,0.0,0.0,0.0,0.0117,2491.0,False,False,None,0,0,0
10186,2026,2026,1,1,,,1,,0,True,True,0,3,,0.0,0,0,0.0,0,0,2,0,2,2,2,0,0,0,10186.0,Amanda Peterson,,Amanda Peterson,0.0,0.0,0.0,0.0,0.125,0.0,0.0,0.0,0.0,0.4,0.25,0.5,0.0,0.0,0.0625,559.0,False,False,None,0,0,0
10187,2026,2026,1,1,,,1,,0,True,True,0,3,,0.0,0,0,0.0,0,0,2,0,2,2,1,0,0,0,10187.0,Alexander Carr,,Alexander Carr,0.0,0.0,0.0,0.0,0.125,0.0,0.0,0.0,0.0,0.4,0.25,0.0,0.0,0.0,0.0475,914.0,False,False,None,0,0,0
10189,2026,2026,1,1,,,1,,0,True,True,0,3,,0.0,0,0,0.0,0,0,2,0,2,2,1,0,0,0,10189.0,Joseph Ho,,Joseph Ho,0.0,0.0,0.0,0.0,0.125,0.0,0.0,0.0,0.0,0.4,0.25,0.0,0.0,0.0,0.0475,914.0,False,False,None,0,0,0
10190,2026,2026,1,1,,,1,,0,True,True,0,3,,0.0,0,0,0.0,0,0,2,0,2,2,1,0,0,0,10190.0,Colleen Richards,,Colleen Richards,0.0,0.0,0.0,0.0,0.125,0.0,0.0,0.0,0.0,0.4,0.25,0.0,0.0,0.0,0.0475,914.0,False,False,None,0,0,0
10191,2026,2026,1,1,,,1,,0,True,True,0,3,,0.0,0,0,0.0,0,0,2,0,2,2,1,0,0,0,10191.0,Jie Lei,,Jie Lei,0.0,0.0,0.0,0.0,0.125,0.0,0.0,0.0,0.0,0.4,0.25,0.0,0.0,0.0,0.0475,914.0,False,False,None,0,0,0
10216,2026,2026,1,1,,,1,,0,True,True,0,7,,0.0,0,0,0.0,0,0,0,0,0,1,1,0,0,0,10216.0,Gang Sun,,Gang Sun,0.0,0.0,0.0,0.0,0.2916666666666666,0.0,0.0,0.0,0.0,0.0,0.125,0.0,0.0,0.0,0.0458,950.0,False,False,None,0,0,0
10260,2028,2028,1,1,,,1,,0,True,True,0,3,,0.0,0,0,0.0,0,0,1,0,1,1,1,0,0,0,10260.0,Brent Larsen,,Brent Larsen,0.0,0.0,0.0,0.0,0.125,0.0,0.0,0.0,0.0,0.2,0.125,0.0,0.0,0.0,0.0325,1451.0,False,False,None,0,0,0
10261,2028,2028,1,1,,,1,,0,True,True,0,3,,0.0,0,0,0.0,0,0,1,0,1,1,1,0,0,0,10261.0,Min Cui,,Min Cui,0.0,0.0,0.0,0.0,0.125,0.0,0.0,0.0,0.0,0.2,0.125,0.0,0.0,0.0,0.0325,1451.0,False,False,None,0,0,0
10262,2028,2028,1,1,,,1,,0,True,True,0,3,,0.0,0,0,0.0,0,0,1,0,1,1,1,0,0,0,10262.0,Mark Heath,,Mark Heath,0.0,0.0,0.0,0.0,0.125,0.0,0.0,0.0,0.0,0.2,0.125,0.0,0.0,0.0,0.0325,1451.0,False,False,None,0,0,0
10263,2028,2028,1,1,,,1,,0,True,True,0,3,,0.0,0,0,0.0,0,0,1,0,1,1,2,0,0,0,10263.0,Fang Pan,,Fang Pan,0.0,0.0,0.0,0.0,0.125,0.0,0.0,0.0,0.0,0.2,0.125,0.5,0.0,0.0,0.0475,918.0,False,False,None,0,0,0
10265,2028,2028,1,1,,,1,,0,True,True,0,3,,0.0,0,0,0.0,0,0,1,0,1,1,1,0,0,0,10265.0,Wei Pan,,Wei Pan,0.0,0.0,0.0,0.0,0.125,0.0,0.0,0.0,0.0,0.2,0.125,0.0,0.0,0.0,0.0325,1451.0,False,False,None,0,0,0
10271,2026,2026,1,1,,,1,,0,True,True,0,5,,0.0,1,0,0.0,0,0,1,0,1,0,1,0,1,1,10271.0,Tao Xu,,Tao Xu,0.0,0.0,0.0,0.0,0.2083333333333333,0.1428571428571428,0.0,0.0,0.0,0.2,0.0,0.0,0.0,0.0,0.0563,661.0,False,False,None,0,0,0
10272,2026,2026,1,1,,,1,,0,True,True,0,5,,0.0,1,0,0.0,0,0,1,0,1,0,1,0,1,1,10272.0,Xiulan Duan,,Xiulan Duan,0.0,0.0,0.0,0.0,0.2083333333333333,0.1428571428571428,0.0,0.0,0.0,0.2,0.0,0.0,0.0,0.0,0.0563,661.0,False,False,None,0,0,0
10274,2026,2026,1,1,,,1,,0,True,True,0,5,,0.0,1,0,0.0,0,0,1,0,1,0,1,0,1,1,10274.0,Qiang Gu,,Qiang Gu,0.0,0.0,0.0,0.0,0.2083333333333333,0.1428571428571428,0.0,0.0,0.0,0.2,0.0,0.0,0.0,0.0,0.0563,661.0,False,False,None,0,0,0
10335,2030,2030,1,1,,,1,,0,True,True,1,2,,0.0,0,0,0.0,0,0,0,0,0,0,1,0,0,0,10335.0,Na Qin,,Na Qin,0.0,0.0,0.0,0.0833333333333333,0.0833333333333333,0.0,0.0,0.0,0.0,0.0,0.0,0.0,0.0,0.0,0.025,1899.0,False,False,None,0,0,0
10369,2028,2028,1,1,,,1,,0,True,True,0,2,,0.0,1,0,0.0,0,0,1,0,1,0,1,0,0,0,10369.0,Jesus Rivas,,Jesus Rivas,0.0,0.0,0.0,0.0,0.0833333333333333,0.1428571428571428,0.0,0.0,0.0,0.2,0.0,0.0,0.0,0.0,0.0388,1182.0,False,False,None,0,0,0
10371,2028,2028,1,1,,,1,,0,True,True,0,2,,0.0,1,0,0.0,0,0,1,0,1,0,1,0,0,0,10371.0,Marc Drake,,Marc Drake,0.0,0.0,0.0,0.0,0.0833333333333333,0.1428571428571428,0.0,0.0,0.0,0.2,0.0,0.0,0.0,0.0,0.0388,1182.0,False,False,None,0,0,0
10372,2028,2028,1,1,,,1,,0,True,True,0,2,,0.0,1,0,0.0,0,0,1,0,1,0,1,0,0,0,10372.0,Phillip Jones,,Phillip Jones,0.0,0.0,0.0,0.0,0.0833333333333333,0.1428571428571428,0.0,0.0,0.0,0.2,0.0,0.0,0.0,0.0,0.0388,1182.0,False,False,None,0,0,0
10373,2028,2028,1,1,,,1,,0,True,True,0,2,,0.0,1,0,0.0,0,0,1,0,1,0,1,0,0,0,10373.0,Sharon Grant,,Sharon Grant,0.0,0.0,0.0,0.0,0.0833333333333333,0.1428571428571428,0.0,0.0,0.0,0.2,0.0,0.0,0.0,0.0,0.0388,1182.0,False,False,None,0,0,0
10374,2028,2028,1,1,,,1,,0,True,True,0,2,,0.0,1,0,0.0,0,0,1,0,1,0,1,0,0,0,10374.0,Hannah Payne,,Hannah Payne,0.0,0.0,0.0,0.0,0.0833333333333333,0.1428571428571428,0.0,0.0,0.0,0.2,0.0,0.0,0.0,0.0,0.0388,1182.0,False,False,None,0,0,0
10375,2028,2028,1,1,,,1,,0,True,True,0,2,,0.0,1,0,0.0,0,0,1,0,1,0,1,0,0,0,10375.0,Yong Hu,,Yong Hu,0.0,0.0,0.0,0.0,0.0833333333333333,0.1428571428571428,0.0,0.0,0.0,0.2,0.0,0.0,0.0,0.0,0.0388,1182.0,False,False,None,0,0,0
10377,2029,2029,1,1,,,1,,0,True,True,0,1,,0.0,1,0,0.0,0,0,1,0,1,0,1,0,0,0,10377.0,Przemysław Szałkiewicz,,Przemysław Szałkiewicz,0.0,0.0,0.0,0.0,0.0416666666666666,0.1428571428571428,0.0,0.0,0.0,0.2,0.0,0.0,0.0,0.0,0.033,1390.0,False,False,None,0,0,0
10386,2028,2028,1,1,,,1,,0,True,True,0,5,,0.0,0,0,0.0,0,0,1,0,1,1,1,0,0,0,10386.0,Ping Mao,,Ping Mao,0.0,0.0,0.0,0.0,0.2083333333333333,0.0,0.0,0.0,0.0,0.2,0.125,0.0,0.0,0.0,0.0442,987.0,False,False,None,0,0,0
10387,2028,2028,1,1,,,1,,0,True,True,0,5,,0.0,0,0,0.0,0,0,1,0,1,1,2,0,0,0,10387.0,Tao Yan,,Tao Yan,0.0,0.0,0.0,0.0,0.2083333333333333,0.0,0.0,0.0,0.0,0.2,0.125,0.5,0.0,0.0,0.0592,634.0,False,False,None,0,0,0
10393,2029,2029,1,1,2029.0,2029.0,1,0.0,0,True,True,0,1,11.0,0.0,0,0,0.0,0,0,1,0,1,0,1,0,0,0,10393.0,Caleb Hunter,,Caleb Hunter,0.0,0.0,0.0,0.0,0.0416666666666666,0.0,0.0,0.0,0.0,0.2,0.0,0.0,0.0,0.0,0.0158,2169.0,False,False,None,0,0,0
10394,2029,2029,1,1,2029.0,2029.0,1,0.0,0,True,True,0,1,11.0,0.0,0,0,0.0,0,0,1,0,1,0,1,0,0,0,10394.0,Debbie Edwards,,Debbie Edwards,0.0,0.0,0.0,0.0,0.0416666666666666,0.0,0.0,0.0,0.0,0.2,0.0,0.0,0.0,0.0,0.0158,2169.0,False,False,None,0,0,0
10395,2029,2029,1,1,2029.0,2029.0,1,0.0,0,True,True,0,1,11.0,0.0,0,0,0.0,0,0,1,0,1,0,1,0,0,0,10395.0,Tiffany Martinez,,Tiffany Martinez,0.0,0.0,0.0,0.0,0.0416666666666666,0.0,0.0,0.0,0.0,0.2,0.0,0.0,0.0,0.0,0.0158,2169.0,False,False,None,0,0,0
10396,2029,2029,1,1,2029.0,2029.0,1,0.0,0,True,True,0,1,11.0,0.0,0,0,0.0,0,0,1,0,1,0,1,0,0,0,10396.0,Thomas Palmer,,Thomas Palmer,0.0,0.0,0.0,0.0,0.0416666666666666,0.0,0.0,0.0,0.0,0.2,0.0,0.0,0.0,0.0,0.0158,2169.0,False,False,None,0,0,0
10397,2029,2029,1,1,2029.0,2029.0,1,0.0,0,True,True,0,1,11.0,0.0,0,0,0.0,0,0,1,0,1,0,1,0,0,0,10397.0,Eric King,,Eric King,0.0,0.0,0.0,0.0,0.0416666666666666,0.0,0.0,0.0,0.0,0.2,0.0,0.0,0.0,0.0,0.0158,2169.0,False,False,None,0,0,0
10410,2030,2030,1,1,,,1,,0,True,True,1,3,,0.0,0,0,0.0,0,0,1,0,1,0,1,0,2,2,10410.0,Na Zhong,,Na Zhong,0.0,0.0,0.0,0.0833333333333333,0.125,0.0,0.0,0.0,0.0,0.2,0.0,0.0,0.0,0.0,0.0408,1116.0,False,False,None,0,0,0
10428,2026,2026,1,1,,,1,,0,True,True,0,3,,0.0,2,0,0.0,0,0,1,0,1,0,1,1,2,3,10428.0,Lei Xue,,Lei Xue,0.0,0.0,0.0,0.0,0.125,0.2857142857142857,0.0,0.0,0.0,0.2,0.0,0.0,0.0,0.0,0.0618,579.0,False,False,None,0,0,0
10429,2026,2026,1,1,,,1,,0,True,True,0,3,,0.0,2,0,0.0,0,0,1,0,1,0,2,1,2,3,10429.0,Min Xia,,Min Xia,0.0,0.0,0.0,0.0,0.125,0.2857142857142857,0.0,0.0,0.0,0.2,0.0,0.5,0.0,0.0,0.0768,389.0,False,False,None,0,0,0
10436,2027,2027,1,1,,,1,,0,True,True,0,1,,0.0,0,0,0.0,0,0,1,0,1,0,2,0,0,0,10436.0,Julie Larson,,Julie Larson,0.0,0.0,0.0,0.0,0.0416666666666666,0.0,0.0,0.0,0.0,0.2,0.0,0.5,0.0,0.0,0.0308,1542.0,False,False,None,0,0,0
10454,2026,2026,1,1,,,1,,0,True,True,0,6,,0.0,0,0,0.0,0,0,1,0,1,3,1,0,0,0,10454.0,Jamie Smith, Nova, Nova,0.0,0.0,0.0,0.0,0.25,0.0,0.0,0.0,0.0,0.2,0.375,0.0,0.0,0.0,0.06,616.0,False,False,None,0,0,0
10456,2026,2026,1,1,,,1,,0,True,True,0,6,,0.0,0,0,0.0,0,0,1,0,1,3,2,0,0,0,10456.0,Kayla Roberson,,Kayla Roberson,0.0,0.0,0.0,0.0,0.25,0.0,0.0,0.0,0.0,0.2,0.375,0.5,0.0,0.0,0.075,405.0,False,False,None,0,0,0
10494,2026,2026,1,1,,,1,,0,True,True,0,0,,0.0,0,0,0.0,0,0,0,0,0,0,1,0,0,0,10494.0,Yan Pan,Corey Knight,Corey Knight,0.0,0.0,0.0,0.0,0.0,0.0,0.0,0.0,0.0,0.0,0.0,0.0,0.0,0.0,0.0,2618.0,False,False,None,0,0,0
10495,2026,2026,1,1,,,1,,0,True,True,0,0,,0.0,0,0,0.0,0,0,0,0,0,0,1,0,0,0,10495.0,Jing Shen,,Jing Shen,0.0,0.0,0.0,0.0,0.0,0.0,0.0,0.0,0.0,0.0,0.0,0.0,0.0,0.0,0.0,2618.0,False,False,None,0,0,0
10496,2026,2026,1,1,,,1,,0,True,True,0,0,,0.0,0,0,0.0,0,0,0,0,0,0,1,0,0,0,10496.0,Fang Ren,,Fang Ren,0.0,0.0,0.0,0.0,0.0,0.0,0.0,0.0,0.0,0.0,0.0,0.0,0.0,0.0,0.0,2618.0,False,False,None,0,0,0
10497,2026,2026,1,1,,,1,,0,True,True,0,0,,0.0,0,0,0.0,0,0,0,0,0,0,2,0,0,0,10497.0,Xia Yuan,,Xia Yuan,0.0,0.0,0.0,0.0,0.0,0.0,0.0,0.0,0.0,0.0,0.0,0.5,0.0,0.0,0.015,2490.0,False,False,None,0,0,0
10518,2027,2027,1,1,,,1,,0,True,True,0,1,,0.0,0,0,0.0,0,0,0,0,0,0,3,0,0,0,10518.0,Jessica Russell,,Jessica Russell,0.0,0.0,0.0,0.0,0.0416666666666666,0.0,0.0,0.0,0.0,0.0,0.0,1.0,0.0,0.0,0.0358,1318.0,False,False,None,0,0,0
10540,2029,2029,1,1,,,1,,0,True,True,0,2,,0.0,0,0,0.0,0,0,0,0,0,1,1,0,0,0,10540.0,Sean Lewis,,Sean Lewis,0.0,0.0,0.0,0.0,0.0833333333333333,0.0,0.0,0.0,0.0,0.0,0.125,0.0,0.0,0.0,0.0167,2153.0,False,False,None,0,0,0
10541,2029,2029,1,1,,,1,,0,True,True,0,2,,0.0,0,0,0.0,0,0,0,0,0,1,1,0,0,0,10541.0,Cheryl Peterson,,Cheryl Peterson,0.0,0.0,0.0,0.0,0.0833333333333333,0.0,0.0,0.0,0.0,0.0,0.125,0.0,0.0,0.0,0.0167,2153.0,False,False,None,0,0,0
10542,2029,2029,1,1,,,1,,0,True,True,0,2,,0.0,0,0,0.0,0,0,0,0,0,1,1,0,0,0,10542.0,Perry Thompson,,Perry Thompson,0.0,0.0,0.0,0.0,0.0833333333333333,0.0,0.0,0.0,0.0,0.0,0.125,0.0,0.0,0.0,0.0167,2153.0,False,False,None,0,0,0
10546,2027,2027,1,1,,,1,,0,True,True,0,3,,0.0,0,0,0.0,0,0,1,0,1,0,1,0,0,0,10546.0,Juan Zhong,,Juan Zhong,0.0,0.0,0.0,0.0,0.125,0.0,0.0,0.0,0.0,0.2,0.0,0.0,0.0,0.0,0.0275,1672.0,False,False,None,0,0,0
10547,2027,2027,1,1,,,1,,0,True,True,0,3,,0.0,0,0,0.0,0,0,1,0,1,0,1,0,0,0,10547.0,Na Shao,,Na Shao,0.0,0.0,0.0,0.0,0.125,0.0,0.0,0.0,0.0,0.2,0.0,0.0,0.0,0.0,0.0275,1672.0,False,False,None,0,0,0
10548,2027,2027,1,1,,,1,,0,True,True,0,3,,0.0,0,0,0.0,0,0,1,0,1,0,1,0,0,0,10548.0,Alisha Hartman,,Alisha Hartman,0.0,0.0,0.0,0.0,0.125,0.0,0.0,0.0,0.0,0.2,0.0,0.0,0.0,0.0,0.0275,1672.0,False,False,None,0,0,0
10558,2029,2029,1,1,,,1,,0,True,True,0,1,,0.0,0,0,0.0,0,0,1,0,1,0,1,0,0,0,10558.0,Chuy Calderon Chaves,,Chuy Calderon Chaves,0.0,0.0,0.0,0.0,0.0416666666666666,0.0,0.0,0.0,0.0,0.2,0.0,0.0,0.0,0.0,0.0158,2169.0,False,False,None,0,0,0
10559,2029,2029,1,1,,,1,,0,True,True,0,1,,0.0,0,0,0.0,0,0,1,0,1,0,1,0,0,0,10559.0,Lupe Neira,,Lupe Neira,0.0,0.0,0.0,0.0,0.0416666666666666,0.0,0.0,0.0,0.0,0.2,0.0,0.0,0.0,0.0,0.0158,2169.0,False,False,None,0,0,0
10560,2029,2029,1,1,,,1,,0,True,True,0,1,,0.0,0,0,0.0,0,0,1,0,1,0,1,0,0,0,10560.0,Guiying Hao,,Guiying Hao,0.0,0.0,0.0,0.0,0.0416666666666666,0.0,0.0,0.0,0.0,0.2,0.0,0.0,0.0,0.0,0.0158,2169.0,False,False,None,0,0,0
10564,2026,2028,2,2,2028.0,2028.0,1,2.0,2,True,True,0,2,12.0,0.0,0,0,0.0,0,0,2,0,2,0,3,0,0,0,10564.0,Daniel Aubert-Brunet,,Daniel Aubert-Brunet,0.0,0.0,0.0,0.0,0.0833333333333333,0.0,0.0,0.0,0.0,0.4,0.0,1.0,0.0,0.0,0.0617,585.0,False,False,None,0,0,0
10568,2025,2025,1,1,,,1,,0,True,True,0,0,,0.0,0,0,0.0,0,0,2,0,2,0,2,0,0,0,10568.0,Jing Ren,,Jing Ren,0.0,0.0,0.0,0.0,0.0,0.0,0.0,0.0,0.0,0.4,0.0,0.5,0.0,0.0,0.035,1331.0,False,False,None,0,0,0
10569,2025,2025,1,1,,,1,,0,True,True,0,0,,0.0,0,0,0.0,0,0,2,0,2,0,1,0,0,0,10569.0,Yang Gao,,Yang Gao,0.0,0.0,0.0,0.0,0.0,0.0,0.0,0.0,0.0,0.4,0.0,0.0,0.0,0.0,0.02,2138.0,False,False,None,0,0,0
10570,2025,2025,1,1,,,1,,0,True,True,0,0,,0.0,0,0,0.0,0,0,2,0,2,0,1,0,0,0,10570.0,Jie Fang,,Jie Fang,0.0,0.0,0.0,0.0,0.0,0.0,0.0,0.0,0.0,0.4,0.0,0.0,0.0,0.0,0.02,2138.0,False,False,None,0,0,0
10571,2025,2025,1,1,,,1,,0,True,True,0,0,,0.0,0,0,0.0,0,0,2,0,2,0,1,0,0,0,10571.0,Francisco Kerr,,Francisco Kerr,0.0,0.0,0.0,0.0,0.0,0.0,0.0,0.0,0.0,0.4,0.0,0.0,0.0,0.0,0.02,2138.0,False,False,None,0,0,0
10573,2025,2025,1,1,,,1,,0,True,True,0,0,,0.0,0,0,0.0,0,0,2,0,2,0,1,0,0,0,10573.0,Xiuying Qin,,Xiuying Qin,0.0,0.0,0.0,0.0,0.0,0.0,0.0,0.0,0.0,0.4,0.0,0.0,0.0,0.0,0.02,2138.0,False,False,None,0,0,0
10583,2029,2029,1,1,2029.0,2029.0,1,0.0,0,True,True,0,1,11.0,0.0,0,0,0.0,0,0,1,0,1,0,2,0,0,0,10583.0,Lei Shao,,Lei Shao,0.0,0.0,0.0,0.0,0.0416666666666666,0.0,0.0,0.0,0.0,0.2,0.0,0.5,0.0,0.0,0.0308,1542.0,False,False,None,0,0,0
10602,2027,2027,1,1,,,1,,0,True,True,0,2,,0.0,1,0,0.0,0,0,1,0,1,1,1,0,0,0,10602.0,Vinnie Cole,Vinnie,Vinnie,0.0,0.0,0.0,0.0,0.0833333333333333,0.1428571428571428,0.0,0.0,0.0,0.2,0.125,0.0,0.0,0.0,0.0438,1006.0,False,False,None,0,0,0
10603,2027,2027,1,1,,,1,,0,True,True,0,2,,0.0,1,0,0.0,0,0,1,0,1,1,1,0,0,0,10603.0,Yong Xue,,Yong Xue,0.0,0.0,0.0,0.0,0.0833333333333333,0.1428571428571428,0.0,0.0,0.0,0.2,0.125,0.0,0.0,0.0,0.0438,1006.0,False,False,None,0,0,0
10604,2027,2027,1,1,,,1,,0,True,True,0,2,,0.0,1,0,0.0,0,0,1,0,1,1,1,0,0,0,10604.0,Chao Yi,,Chao Yi,0.0,0.0,0.0,0.0,0.0833333333333333,0.1428571428571428,0.0,0.0,0.0,0.2,0.125,0.0,0.0,0.0,0.0438,1006.0,False,False,None,0,0,0
10605,2027,2027,1,1,,,1,,0,True,True,0,2,,0.0,1,0,0.0,0,0,1,0,1,1,1,0,0,0,10605.0,Wei Yao,,Wei Yao,0.0,0.0,0.0,0.0,0.0833333333333333,0.1428571428571428,0.0,0.0,0.0,0.2,0.125,0.0,0.0,0.0,0.0438,1006.0,False,False,None,0,0,0
10606,2027,2027,1,1,,,1,,0,True,True,0,2,,0.0,1,0,0.0,0,0,1,0,1,1,1,0,0,0,10606.0,Xiuying Peng,,Xiuying Peng,0.0,0.0,0.0,0.0,0.0833333333333333,0.1428571428571428,0.0,0.0,0.0,0.2,0.125,0.0,0.0,0.0,0.0438,1006.0,False,False,None,0,0,0
10607,2027,2027,1,1,,,1,,0,True,True,0,2,,0.0,1,0,0.0,0,0,1,0,1,1,1,0,0,0,10607.0,Tao Zhu,,Tao Zhu,0.0,0.0,0.0,0.0,0.0833333333333333,0.1428571428571428,0.0,0.0,0.0,0.2,0.125,0.0,0.0,0.0,0.0438,1006.0,False,False,None,0,0,0
10622,2028,2028,1,1,,,1,,0,True,True,0,1,,0.0,1,0,0.0,0,0,1,0,1,0,1,0,0,0,10622.0,Dale Suarez,,Dale Suarez,0.0,0.0,0.0,0.0,0.0416666666666666,0.1428571428571428,0.0,0.0,0.0,0.2,0.0,0.0,0.0,0.0,0.033,1390.0,False,False,None,0,0,0
10623,2028,2028,1,1,,,1,,0,True,True,0,1,,0.0,1,0,0.0,0,0,1,0,1,0,1,0,0,0,10623.0,Jie Wang,,Jie Wang,0.0,0.0,0.0,0.0,0.0416666666666666,0.1428571428571428,0.0,0.0,0.0,0.2,0.0,0.0,0.0,0.0,0.033,1390.0,False,False,None,0,0,0
10626,2030,2030,1,0,,,1,,0,True,True,0,1,,0.0,0,0,0.0,0,0,1,0,1,0,1,0,0,0,10626.0,Helmtrud Mälzer-Paffrath,,Helmtrud Mälzer-Paffrath,0.0,0.0,0.0,0.0,0.0416666666666666,0.0,0.0,0.0,0.0,0.2,0.0,0.0,0.0,0.0,0.0158,2169.0,False,False,None,0,0,0
10663,2029,2029,1,1,2029.0,2029.0,1,0.0,0,True,True,0,2,11.0,0.0,2,0,0.0,0,0,1,0,1,0,1,0,0,0,10663.0,Min Feng,,Min Feng,0.0,0.0,0.0,0.0,0.0833333333333333,0.2857142857142857,0.0,0.0,0.0,0.2,0.0,0.0,0.0,0.0,0.056,675.0,False,False,None,0,0,0
10664,2029,2029,1,1,2029.0,2029.0,1,0.0,0,True,True,0,2,11.0,0.0,2,0,0.0,0,0,1,0,1,0,2,0,0,0,10664.0,Elizabeth Garcia,,Elizabeth Garcia,0.0,0.0,0.0,0.0,0.0833333333333333,0.2857142857142857,0.0,0.0,0.0,0.2,0.0,0.5,0.0,0.0,0.071,448.0,False,False,None,0,0,0
10665,2029,2029,1,1,2029.0,2029.0,1,0.0,0,True,True,0,2,11.0,0.0,2,0,0.0,0,0,1,0,1,0,1,0,0,0,10665.0,Ming Dai,,Ming Dai,0.0,0.0,0.0,0.0,0.0833333333333333,0.2857142857142857,0.0,0.0,0.0,0.2,0.0,0.0,0.0,0.0,0.056,675.0,False,False,None,0,0,0
10669,2028,2028,1,1,,,1,,0,True,True,0,1,,0.0,0,0,0.0,0,0,2,0,2,1,2,0,0,0,10669.0,Yan Kang,,Yan Kang,0.0,0.0,0.0,0.0,0.0416666666666666,0.0,0.0,0.0,0.0,0.4,0.125,0.5,0.0,0.0,0.0458,940.0,False,False,None,0,0,0
10672,2028,2028,1,1,,,1,,0,True,True,0,1,,0.0,0,0,0.0,0,0,2,0,2,1,2,0,0,0,10672.0,Jun Shao,,Jun Shao,0.0,0.0,0.0,0.0,0.0416666666666666,0.0,0.0,0.0,0.0,0.4,0.125,0.5,0.0,0.0,0.0458,940.0,False,False,None,0,0,0
10677,2026,2026,1,1,,,1,,0,True,True,0,1,,0.0,0,0,0.0,0,0,1,0,1,0,1,0,0,0,10677.0,Jason Chavez, Echo Phoenix, Echo Phoenix,0.0,0.0,0.0,0.0,0.0416666666666666,0.0,0.0,0.0,0.0,0.2,0.0,0.0,0.0,0.0,0.0158,2169.0,False,False,None,0,0,0
10678,2026,2026,1,1,,,1,,0,True,True,0,1,,0.0,0,0,0.0,0,0,1,0,1,0,1,0,0,0,10678.0,Derek Robinson,Feral Aria,Feral Aria,0.0,0.0,0.0,0.0,0.0416666666666666,0.0,0.0,0.0,0.0,0.2,0.0,0.0,0.0,0.0,0.0158,2169.0,False,False,None,0,0,0
10680,2026,2026,1,1,,,1,,0,True,True,0,1,,0.0,0,0,0.0,0,0,1,0,1,0,1,0,0,0,10680.0,Timothy Sanders,,Timothy Sanders,0.0,0.0,0.0,0.0,0.0416666666666666,0.0,0.0,0.0,0.0,0.2,0.0,0.0,0.0,0.0,0.0158,2169.0,False,False,None,0,0,0
10701,2029,2029,1,1,,,1,,0,True,True,0,1,,0.0,0,0,0.0,0,0,1,0,1,0,2,0,0,0,10701.0,Adam Gill,,Adam Gill,0.0,0.0,0.0,0.0,0.0416666666666666,0.0,0.0,0.0,0.0,0.2,0.0,0.5,0.0,0.0,0.0308,1542.0,False,False,None,0,0,0
10702,2029,2029,1,1,,,1,,0,True,True,0,1,,0.0,0,0,0.0,0,0,1,0,1,0,1,0,0,0,10702.0,Xiulan Zou,,Xiulan Zou,0.0,0.0,0.0,0.0,0.0416666666666666,0.0,0.0,0.0,0.0,0.2,0.0,0.0,0.0,0.0,0.0158,2169.0,False,False,None,0,0,0
10703,2029,2029,1,1,,,1,,0,True,True,0,1,,0.0,0,0,0.0,0,0,1,0,1,0,1,0,0,0,10703.0,Xiuying Shi,,Xiuying Shi,0.0,0.0,0.0,0.0,0.0416666666666666,0.0,0.0,0.0,0.0,0.2,0.0,0.0,0.0,0.0,0.0158,2169.0,False,False,None,0,0,0
10717,2027,2027,1,1,,,1,,0,True,True,0,1,,0.0,0,0,0.0,0,0,1,0,1,0,1,0,1,1,10717.0,Tao Gao,,Tao Gao,0.0,0.0,0.0,0.0,0.0416666666666666,0.0,0.0,0.0,0.0,0.2,0.0,0.0,0.0,0.0,0.0158,2169.0,False,False,None,0,0,0
10718,2027,2027,1,1,,,1,,0,True,True,0,1,,0.0,0,0,0.0,0,0,1,0,1,0,1,0,1,1,10718.0,Brian Hall,,Brian Hall,0.0,0.0,0.0,0.0,0.0416666666666666,0.0,0.0,0.0,0.0,0.2,0.0,0.0,0.0,0.0,0.0158,2169.0,False,False,None,0,0,0
10719,2027,2027,1,1,,,1,,0,True,True,0,1,,0.0,0,0,0.0,0,0,1,0,1,0,1,0,1,1,10719.0,Chao Bai,,Chao Bai,0.0,0.0,0.0,0.0,0.0416666666666666,0.0,0.0,0.0,0.0,0.2,0.0,0.0,0.0,0.0,0.0158,2169.0,False,False,None,0,0,0
10721,2027,2027,1,1,,,1,,0,True,True,0,1,,0.0,0,0,0.0,0,0,1,0,1,0,2,0,1,1,10721.0,Xiulan Shao,,Xiulan Shao,0.0,0.0,0.0,0.0,0.0416666666666666,0.0,0.0,0.0,0.0,0.2,0.0,0.5,0.0,0.0,0.0308,1542.0,False,False,None,0,0,0
10743,2027,2027,1,1,,,1,,0,True,True,0,2,,0.0,6,0,0.0,0,0,1,0,1,2,1,0,0,0,10743.0,Brandon Morales,,Brandon Morales,0.0,0.0,0.0,0.0,0.0833333333333333,0.8571428571428571,0.0,0.0,0.0,0.2,0.25,0.0,0.0,0.0,0.1345,101.0,False,False,None,0,0,0
10762,2028,2028,2,2,2028.0,2028.0,1,0.0,0,True,True,0,2,12.0,0.0,2,0,0.0,0,0,1,0,1,0,1,0,0,0,10762.0,Chao Shi,,Chao Shi,0.0,0.0,0.0,0.0,0.0833333333333333,0.2857142857142857,0.0,0.0,0.0,0.2,0.0,0.0,0.0,0.0,0.056,675.0,False,False,None,0,0,0
10764,2028,2028,1,1,,,1,,0,True,True,0,2,,0.0,2,0,0.0,0,0,1,0,1,0,1,0,0,0,10764.0,Michael Buchanan,,Michael Buchanan,0.0,0.0,0.0,0.0,0.0833333333333333,0.2857142857142857,0.0,0.0,0.0,0.2,0.0,0.0,0.0,0.0,0.056,675.0,False,False,None,0,0,0
10770,2028,2028,1,1,,,1,,0,True,True,0,4,,0.0,2,0,0.0,0,0,1,0,1,0,2,0,0,0,10770.0,Brian Gonzalez,,Brian Gonzalez,0.0,0.0,0.0,0.0,0.1666666666666666,0.2857142857142857,0.0,0.0,0.0,0.2,0.0,0.5,0.0,0.0,0.0826,343.0,False,False,None,0,0,0
10778,2029,2029,1,1,,,1,,0,True,True,0,2,,0.0,0,0,0.0,0,0,1,0,1,0,1,0,0,0,10778.0,Juan Ren,Nate Bishop,Nate Bishop,0.0,0.0,0.0,0.0,0.0833333333333333,0.0,0.0,0.0,0.0,0.2,0.0,0.0,0.0,0.0,0.0217,1958.0,False,False,None,0,0,0
10779,2029,2029,1,1,,,1,,0,True,True,0,2,,0.0,0,0,0.0,0,0,1,0,1,0,1,0,0,0,10779.0,Jing Tan,,Jing Tan,0.0,0.0,0.0,0.0,0.0833333333333333,0.0,0.0,0.0,0.0,0.2,0.0,0.0,0.0,0.0,0.0217,1958.0,False,False,None,0,0,0
10780,2029,2029,1,1,,,1,,0,True,True,0,2,,0.0,0,0,0.0,0,0,1,0,1,0,1,0,0,0,10780.0,Gang He,,Gang He,0.0,0.0,0.0,0.0,0.0833333333333333,0.0,0.0,0.0,0.0,0.2,0.0,0.0,0.0,0.0,0.0217,1958.0,False,False,None,0,0,0
10781,2029,2029,1,1,,,1,,0,True,True,0,2,,0.0,0,0,0.0,0,0,1,0,1,0,1,0,0,0,10781.0,Lei Zhong,,Lei Zhong,0.0,0.0,0.0,0.0,0.0833333333333333,0.0,0.0,0.0,0.0,0.2,0.0,0.0,0.0,0.0,0.0217,1958.0,False,False,None,0,0,0
10784,2026,2026,1,1,,,1,,0,True,True,0,1,,0.0,1,0,0.0,0,0,1,0,1,0,1,0,0,0,10784.0,Tao Shao,,Tao Shao,0.0,0.0,0.0,0.0,0.0416666666666666,0.1428571428571428,0.0,0.0,0.0,0.2,0.0,0.0,0.0,0.0,0.033,1390.0,False,False,None,0,0,0
10785,2026,2026,1,1,,,1,,0,True,True,0,1,,0.0,1,0,0.0,0,0,1,0,1,0,1,0,0,0,10785.0,Terry Castillo,,Terry Castillo,0.0,0.0,0.0,0.0,0.0416666666666666,0.1428571428571428,0.0,0.0,0.0,0.2,0.0,0.0,0.0,0.0,0.033,1390.0,False,False,None,0,0,0
10801,2026,2029,2,2,2029.0,2029.0,2,3.0,3,True,True,0,3,11.0,0.0,0,0,0.6667,0,0,1,0,1,1,1,0,0,0,10801.0,Devansh Divan,,Devansh Divan,0.0,0.0666666666666666,0.0233,0.0,0.125,0.0,0.0,0.0,0.3333333333333333,0.2,0.125,0.0,0.0,0.0233333333333333,0.0582,644.0,False,False,None,0,0,0
10802,2029,2029,1,1,2029.0,2029.0,1,0.0,0,True,True,0,1,11.0,0.0,0,0,0.0,0,0,1,0,1,0,2,0,0,0,10802.0,Misha Batta,,Misha Batta,0.0,0.0,0.0,0.0,0.0416666666666666,0.0,0.0,0.0,0.0,0.2,0.0,0.5,0.0,0.0,0.0308,1542.0,False,False,None,0,0,0
10803,2026,2029,2,2,2029.0,2029.0,2,3.0,3,True,True,0,3,11.0,0.0,0,0,0.6667,0,0,1,0,1,1,1,0,0,0,10803.0,Fateh Dube,,Fateh Dube,0.0,0.0666666666666666,0.0233,0.0,0.125,0.0,0.0,0.0,0.3333333333333333,0.2,0.125,0.0,0.0,0.0233333333333333,0.0582,644.0,False,False,None,0,0,0
10804,2026,2026,1,1,,,1,,0,True,True,0,2,,0.0,0,0,0.0,0,0,1,0,1,1,3,0,0,0,10804.0,Sumer Kakar,,Sumer Kakar,0.0,0.0,0.0,0.0,0.0833333333333333,0.0,0.0,0.0,0.0,0.2,0.125,1.0,0.0,0.0,0.0567,656.0,False,False,None,0,0,0
10807,2027,2027,1,1,,,1,,0,True,True,0,1,,0.0,0,0,0.0,0,0,1,0,1,0,2,0,0,0,10807.0,Ping Cheng,,Ping Cheng,0.0,0.0,0.0,0.0,0.0416666666666666,0.0,0.0,0.0,0.0,0.2,0.0,0.5,0.0,0.0,0.0308,1542.0,False,False,None,0,0,0
10808,2027,2027,1,1,,,1,,0,True,True,0,1,,0.0,0,0,0.0,0,0,1,0,1,0,1,0,0,0,10808.0,Xia Liao,,Xia Liao,0.0,0.0,0.0,0.0,0.0416666666666666,0.0,0.0,0.0,0.0,0.2,0.0,0.0,0.0,0.0,0.0158,2169.0,False,False,None,0,0,0
10809,2027,2027,1,1,,,1,,0,True,True,0,1,,0.0,0,0,0.0,0,0,1,0,1,0,1,0,0,0,10809.0,Yan Gu,,Yan Gu,0.0,0.0,0.0,0.0,0.0416666666666666,0.0,0.0,0.0,0.0,0.2,0.0,0.0,0.0,0.0,0.0158,2169.0,False,False,None,0,0,0
10811,2027,2027,1,1,,,1,,0,True,True,0,1,,0.0,0,0,0.0,0,0,1,0,1,0,1,0,0,0,10811.0,Jing Wang,,Jing Wang,0.0,0.0,0.0,0.0,0.0416666666666666,0.0,0.0,0.0,0.0,0.2,0.0,0.0,0.0,0.0,0.0158,2169.0,False,False,None,0,0,0
10816,2025,2025,1,1,,,1,,0,True,True,0,0,,0.0,1,0,0.0,0,0,1,0,1,0,1,0,0,0,10816.0,Livio Brenna,Velvet Anachronism,Velvet Anachronism,0.0,0.0,0.0,0.0,0.0,0.1428571428571428,0.0,0.0,0.0,0.2,0.0,0.0,0.0,0.0,0.0271,1747.0,False,False,None,0,0,0
10817,2025,2025,1,1,,,1,,0,True,True,0,0,,0.0,1,0,0.0,0,0,1,0,1,0,2,0,0,0,10817.0,Nino Pasolini,,Nino Pasolini,0.0,0.0,0.0,0.0,0.0,0.1428571428571428,0.0,0.0,0.0,0.2,0.0,0.5,0.0,0.0,0.0421,1085.0,False,False,None,0,0,0
10820,2029,2029,1,1,,,1,,0,True,True,0,3,,0.0,0,0,0.0,0,0,2,0,2,0,1,0,0,0,10820.0,Nout Zijlmans,,Nout Zijlmans,0.0,0.0,0.0,0.0,0.125,0.0,0.0,0.0,0.0,0.4,0.0,0.0,0.0,0.0,0.0375,1253.0,False,False,None,0,0,0
10821,2029,2029,1,1,,,1,,0,True,True,0,3,,0.0,0,0,0.0,0,0,2,0,2,0,1,0,0,0,10821.0,Xiuying Hou,,Xiuying Hou,0.0,0.0,0.0,0.0,0.125,0.0,0.0,0.0,0.0,0.4,0.0,0.0,0.0,0.0,0.0375,1253.0,False,False,None,0,0,0
10823,2029,2030,2,2,,,2,,1,True,True,1,6,,0.0,0,0,6.0,0,0,2,0,2,0,2,0,0,0,10823.0,Xia Wang,,Xia Wang,0.0,0.6000000000000001,0.21,0.0833333333333333,0.25,0.0,0.0,0.0,0.3333333333333333,0.4,0.0,0.5,0.0,0.21,0.1277,116.0,False,False,None,0,0,0
10824,2029,2029,1,1,,,1,,0,True,True,0,3,,0.0,0,0,0.0,0,0,2,0,2,0,1,0,0,0,10824.0,Fang Shen,,Fang Shen,0.0,0.0,0.0,0.0,0.125,0.0,0.0,0.0,0.0,0.4,0.0,0.0,0.0,0.0,0.0375,1253.0,False,False,None,0,0,0
10827,2032,2032,1,1,,,1,,0,True,True,1,2,,0.0,0,0,0.0,0,0,1,0,1,0,1,0,0,0,10827.0,Juan Dai, Marco Sun, Marco Sun,0.0,0.0,0.0,0.0833333333333333,0.0833333333333333,0.0,0.0,0.0,0.0,0.2,0.0,0.0,0.0,0.0,0.035,1331.0,False,False,None,0,0,0
10829,2032,2032,1,1,,,1,,0,True,True,1,2,,0.0,0,0,0.0,0,0,1,0,1,0,1,0,0,0,10829.0,Gang He,,Gang He,0.0,0.0,0.0,0.0833333333333333,0.0833333333333333,0.0,0.0,0.0,0.0,0.2,0.0,0.0,0.0,0.0,0.035,1331.0,False,False,None,0,0,0
10830,2032,2032,1,1,,,1,,0,True,True,1,2,,0.0,0,0,0.0,0,0,1,0,1,0,1,0,0,0,10830.0,Jie Tang,,Jie Tang,0.0,0.0,0.0,0.0833333333333333,0.0833333333333333,0.0,0.0,0.0,0.0,0.2,0.0,0.0,0.0,0.0,0.035,1331.0,False,False,None,0,0,0
10831,2032,2032,1,1,,,1,,0,True,True,1,2,,0.0,0,0,0.0,0,0,1,0,1,0,2,0,0,0,10831.0,Ronald Santos,,Ronald Santos,0.0,0.0,0.0,0.0833333333333333,0.0833333333333333,0.0,0.0,0.0,0.0,0.2,0.0,0.5,0.0,0.0,0.05,835.0,False,False,None,0,0,0
10841,2026,2026,1,1,2026.0,2026.0,1,0.0,0,True,True,0,3,14.0,0.0,0,0,0.0,0,0,1,0,1,0,2,0,0,0,10841.0,Leslie Moore,,Leslie Moore,0.0,0.0,0.0,0.0,0.125,0.0,0.0,0.0,0.0,0.2,0.0,0.5,0.0,0.0,0.0425,1060.0,False,False,None,0,0,0
10842,2026,2026,1,1,2026.0,2026.0,1,0.0,0,True,True,0,3,14.0,0.0,0,0,0.0,0,0,1,0,1,0,1,0,0,0,10842.0,Julie Thomas,,Julie Thomas,0.0,0.0,0.0,0.0,0.125,0.0,0.0,0.0,0.0,0.2,0.0,0.0,0.0,0.0,0.0275,1672.0,False,False,None,0,0,0
10843,2026,2026,1,1,2026.0,2026.0,1,0.0,0,True,True,0,3,14.0,0.0,0,0,0.0,0,0,1,0,1,0,1,0,0,0,10843.0,Daniel Watson,,Daniel Watson,0.0,0.0,0.0,0.0,0.125,0.0,0.0,0.0,0.0,0.2,0.0,0.0,0.0,0.0,0.0275,1672.0,False,False,None,0,0,0
10849,2025,2025,1,1,,,1,,0,True,True,0,1,,0.0,0,0,0.0,1,0,1,0,1,0,2,0,0,0,10849.0,Lisa Crawford,,Lisa Crawford,0.0,0.0,0.0,0.0,0.0416666666666666,0.0,1.0,0.0,0.0,0.2,0.0,0.5,0.0,0.0,0.1108,167.0,False,False,None,0,0,0
10853,2027,2027,1,1,,,1,,0,True,True,0,1,,0.0,0,0,0.0,0,0,1,0,1,0,2,0,0,0,10853.0,Imelda Reising-Franke,,Imelda Reising-Franke,0.0,0.0,0.0,0.0,0.0416666666666666,0.0,0.0,0.0,0.0,0.2,0.0,0.5,0.0,0.0,0.0308,1542.0,False,False,None,0,0,0
10862,2029,2029,1,1,,,1,,0,True,True,0,2,,0.0,1,0,0.0,0,0,1,0,1,0,1,0,0,0,10862.0,Rebecca Bennett, Cobalt Sky, Cobalt Sky,0.0,0.0,0.0,0.0,0.0833333333333333,0.1428571428571428,0.0,0.0,0.0,0.2,0.0,0.0,0.0,0.0,0.0388,1182.0,False,False,None,0,0,0
10863,2029,2029,1,1,,,1,,0,True,True,0,2,,0.0,1,0,0.0,0,0,1,0,1,0,1,0,0,0,10863.0,Craig Villanueva,Sepia Reverie,Sepia Reverie,0.0,0.0,0.0,0.0,0.0833333333333333,0.1428571428571428,0.0,0.0,0.0,0.2,0.0,0.0,0.0,0.0,0.0388,1182.0,False,False,None,0,0,0
10864,2029,2029,1,1,,,1,,0,True,True,0,2,,0.0,1,0,0.0,0,0,1,0,1,0,2,0,0,0,10864.0,Alexander Rose,,Alexander Rose,0.0,0.0,0.0,0.0,0.0833333333333333,0.1428571428571428,0.0,0.0,0.0,0.2,0.0,0.5,0.0,0.0,0.0538,740.0,False,False,None,0,0,0
10865,2029,2029,1,1,,,1,,0,True,True,0,2,,0.0,1,0,0.0,0,0,1,0,1,0,2,0,0,0,10865.0,Michael Richard,,Michael Richard,0.0,0.0,0.0,0.0,0.0833333333333333,0.1428571428571428,0.0,0.0,0.0,0.2,0.0,0.5,0.0,0.0,0.0538,740.0,False,False,None,0,0,0
10866,2029,2029,1,1,,,1,,0,True,True,0,2,,0.0,1,0,0.0,0,0,1,0,1,0,1,0,0,0,10866.0,Rhonda Mendez,,Rhonda Mendez,0.0,0.0,0.0,0.0,0.0833333333333333,0.1428571428571428,0.0,0.0,0.0,0.2,0.0,0.0,0.0,0.0,0.0388,1182.0,False,False,None,0,0,0
10869,2029,2029,1,1,,,1,,0,True,True,0,2,,0.0,1,0,0.0,0,0,1,0,1,0,1,0,0,0,10869.0,Adam Smith,,Adam Smith,0.0,0.0,0.0,0.0,0.0833333333333333,0.1428571428571428,0.0,0.0,0.0,0.2,0.0,0.0,0.0,0.0,0.0388,1182.0,False,False,None,0,0,0
10870,2029,2029,1,1,,,1,,0,True,True,0,2,,0.0,1,0,0.0,0,0,1,0,1,0,1,0,0,0,10870.0,Thomas Robinson,,Thomas Robinson,0.0,0.0,0.0,0.0,0.0833333333333333,0.1428571428571428,0.0,0.0,0.0,0.2,0.0,0.0,0.0,0.0,0.0388,1182.0,False,False,None,0,0,0
10871,2029,2029,1,1,,,1,,0,True,True,0,2,,0.0,1,0,0.0,0,0,1,0,1,0,1,0,0,0,10871.0,Dylan Miller,,Dylan Miller,0.0,0.0,0.0,0.0,0.0833333333333333,0.1428571428571428,0.0,0.0,0.0,0.2,0.0,0.0,0.0,0.0,0.0388,1182.0,False,False,None,0,0,0
10872,2029,2029,1,1,,,1,,0,True,True,0,2,,0.0,1,0,0.0,0,0,1,0,1,0,2,0,0,0,10872.0,Audrey Fritz,,Audrey Fritz,0.0,0.0,0.0,0.0,0.0833333333333333,0.1428571428571428,0.0,0.0,0.0,0.2,0.0,0.5,0.0,0.0,0.0538,740.0,False,False,None,0,0,0
10873,2029,2029,1,1,,,1,,0,True,True,0,2,,0.0,1,0,0.0,0,0,1,0,1,0,1,0,0,0,10873.0,Mackenzie Garza,,Mackenzie Garza,0.0,0.0,0.0,0.0,0.0833333333333333,0.1428571428571428,0.0,0.0,0.0,0.2,0.0,0.0,0.0,0.0,0.0388,1182.0,False,False,None,0,0,0
10876,2029,2029,1,1,,,1,,0,True,True,0,2,,0.0,0,0,0.0,0,0,1,0,1,0,1,0,0,0,10876.0,Cory Garrett,,Cory Garrett,0.0,0.0,0.0,0.0,0.0833333333333333,0.0,0.0,0.0,0.0,0.2,0.0,0.0,0.0,0.0,0.0217,1958.0,False,False,None,0,0,0
10879,2029,2029,1,1,,,1,,0,True,True,0,2,,0.0,0,0,0.0,0,0,1,0,1,0,1,0,0,0,10879.0,Shane Alexander,,Shane Alexander,0.0,0.0,0.0,0.0,0.0833333333333333,0.0,0.0,0.0,0.0,0.2,0.0,0.0,0.0,0.0,0.0217,1958.0,False,False,None,0,0,0
10884,2026,2026,1,1,,,1,,0,True,True,0,1,,0.0,0,0,0.0,0,0,1,0,1,0,2,0,0,0,10884.0,Yang Lei,,Yang Lei,0.0,0.0,0.0,0.0,0.0416666666666666,0.0,0.0,0.0,0.0,0.2,0.0,0.5,0.0,0.0,0.0308,1542.0,False,False,None,0,0,0
10885,2026,2026,2,2,,,1,,0,True,True,0,2,,0.0,0,0,0.0,0,0,1,0,1,0,2,0,0,0,10885.0,Ping Du,,Ping Du,0.0,0.0,0.0,0.0,0.0833333333333333,0.0,0.0,0.0,0.0,0.2,0.0,0.5,0.0,0.0,0.0367,1265.0,False,False,None,0,0,0
10886,2026,2026,1,1,,,1,,0,True,True,0,1,,0.0,0,0,0.0,0,0,1,0,1,0,2,0,0,0,10886.0,Xiulan Jia,,Xiulan Jia,0.0,0.0,0.0,0.0,0.0416666666666666,0.0,0.0,0.0,0.0,0.2,0.0,0.5,0.0,0.0,0.0308,1542.0,False,False,None,0,0,0
10888,2026,2026,1,1,,,1,,0,True,True,0,1,,0.0,0,0,0.0,0,0,1,0,1,0,1,0,0,0,10888.0,Wei Wu,,Wei Wu,0.0,0.0,0.0,0.0,0.0416666666666666,0.0,0.0,0.0,0.0,0.2,0.0,0.0,0.0,0.0,0.0158,2169.0,False,False,None,0,0,0
10889,2026,2026,1,1,,,1,,0,True,True,0,1,,0.0,0,0,0.0,0,0,1,0,1,0,1,0,0,0,10889.0,Guiying Zeng,,Guiying Zeng,0.0,0.0,0.0,0.0,0.0416666666666666,0.0,0.0,0.0,0.0,0.2,0.0,0.0,0.0,0.0,0.0158,2169.0,False,False,None,0,0,0
10890,2026,2026,1,1,,,1,,0,True,True,0,1,,0.0,0,0,0.0,0,0,1,0,1,0,1,0,0,0,10890.0,Jun Fu,,Jun Fu,0.0,0.0,0.0,0.0,0.0416666666666666,0.0,0.0,0.0,0.0,0.2,0.0,0.0,0.0,0.0,0.0158,2169.0,False,False,None,0,0,0
10891,2026,2026,1,1,,,1,,0,True,True,0,1,,0.0,0,0,0.0,0,0,1,0,1,0,1,0,0,0,10891.0,Wei Fan,,Wei Fan,0.0,0.0,0.0,0.0,0.0416666666666666,0.0,0.0,0.0,0.0,0.2,0.0,0.0,0.0,0.0,0.0158,2169.0,False,False,None,0,0,0
10905,2028,2028,1,1,,,1,,0,True,True,0,5,,0.0,0,0,0.0,0,0,1,0,1,1,1,0,2,2,10905.0,Tao Wen,,Tao Wen,0.0,0.0,0.0,0.0,0.2083333333333333,0.0,0.0,0.0,0.0,0.2,0.125,0.0,0.0,0.0,0.0442,987.0,False,False,None,0,0,0
10906,2028,2028,1,1,,,1,,0,True,True,0,5,,0.0,0,0,0.0,0,0,1,0,1,1,1,0,2,2,10906.0,Guiying Ren,,Guiying Ren,0.0,0.0,0.0,0.0,0.2083333333333333,0.0,0.0,0.0,0.0,0.2,0.125,0.0,0.0,0.0,0.0442,987.0,False,False,None,0,0,0
10907,2028,2028,1,1,,,1,,0,True,True,0,5,,0.0,0,0,0.0,0,0,1,0,1,1,1,0,2,2,10907.0,Lei Shi,,Lei Shi,0.0,0.0,0.0,0.0,0.2083333333333333,0.0,0.0,0.0,0.0,0.2,0.125,0.0,0.0,0.0,0.0442,987.0,False,False,None,0,0,0
10908,2028,2028,1,1,,,1,,0,True,True,0,5,,0.0,0,0,0.0,0,0,1,0,1,1,2,0,2,2,10908.0,Wei Liang,,Wei Liang,0.0,0.0,0.0,0.0,0.2083333333333333,0.0,0.0,0.0,0.0,0.2,0.125,0.5,0.0,0.0,0.0592,634.0,False,False,None,0,0,0
10920,2029,2029,1,1,,,1,,0,True,True,0,1,,0.0,0,0,0.0,0,0,1,0,1,0,1,0,0,0,10920.0,Guiying Liao,,Guiying Liao,0.0,0.0,0.0,0.0,0.0416666666666666,0.0,0.0,0.0,0.0,0.2,0.0,0.0,0.0,0.0,0.0158,2169.0,False,False,None,0,0,0
10921,2029,2029,1,1,,,1,,0,True,True,0,1,,0.0,0,0,0.0,0,0,1,0,1,0,1,0,0,0,10921.0,Carlos Cannon,,Carlos Cannon,0.0,0.0,0.0,0.0,0.0416666666666666,0.0,0.0,0.0,0.0,0.2,0.0,0.0,0.0,0.0,0.0158,2169.0,False,False,None,0,0,0
10922,2029,2029,1,1,,,1,,0,True,True,0,1,,0.0,0,0,0.0,0,0,1,0,1,0,2,0,0,0,10922.0,Jun Mao,,Jun Mao,0.0,0.0,0.0,0.0,0.0416666666666666,0.0,0.0,0.0,0.0,0.2,0.0,0.5,0.0,0.0,0.0308,1542.0,False,False,None,0,0,0
10925,2029,2029,1,1,,,1,,0,True,True,0,1,,0.0,0,0,0.0,0,0,1,0,1,0,1,0,0,0,10925.0,Xia Fang,,Xia Fang,0.0,0.0,0.0,0.0,0.0416666666666666,0.0,0.0,0.0,0.0,0.2,0.0,0.0,0.0,0.0,0.0158,2169.0,False,False,None,0,0,0
10926,2029,2029,1,1,,,1,,0,True,True,0,1,,0.0,0,0,0.0,0,0,1,0,1,0,1,0,0,0,10926.0,Yan Kong,,Yan Kong,0.0,0.0,0.0,0.0,0.0416666666666666,0.0,0.0,0.0,0.0,0.2,0.0,0.0,0.0,0.0,0.0158,2169.0,False,False,None,0,0,0
10927,2029,2029,1,1,,,1,,0,True,True,0,1,,0.0,0,0,0.0,0,0,1,0,1,0,1,0,0,0,10927.0,Ping Jin,,Ping Jin,0.0,0.0,0.0,0.0,0.0416666666666666,0.0,0.0,0.0,0.0,0.2,0.0,0.0,0.0,0.0,0.0158,2169.0,False,False,None,0,0,0
10933,2027,2027,1,1,,,1,,0,True,True,0,2,,0.0,0,0,0.0,0,0,1,0,1,0,2,0,0,0,10933.0,Joseph Chen,EAZY 9INE,EAZY 9INE,0.0,0.0,0.0,0.0,0.0833333333333333,0.0,0.0,0.0,0.0,0.2,0.0,0.5,0.0,0.0,0.0367,1265.0,False,False,None,0,0,0
10942,2025,2025,1,1,,,1,,0,True,True,0,2,,0.0,0,0,0.0,0,0,0,0,0,1,2,0,0,0,10942.0,Gang Cai,,Gang Cai,0.0,0.0,0.0,0.0,0.0833333333333333,0.0,0.0,0.0,0.0,0.0,0.125,0.5,0.0,0.0,0.0317,1531.0,False,False,None,0,0,0
10945,2026,2026,1,1,,,1,,0,True,True,0,6,,0.0,0,0,0.0,0,0,0,0,0,1,1,0,0,0,10945.0,Pamela Moran,Seraphine,Seraphine,0.0,0.0,0.0,0.0,0.25,0.0,0.0,0.0,0.0,0.0,0.125,0.0,0.0,0.0,0.04,1152.0,False,False,None,0,0,0
10964,2029,2029,1,1,,,1,,0,True,True,0,1,,0.0,0,0,0.0,0,0,1,0,1,0,1,0,0,0,10964.0,Chao Dai,,Chao Dai,0.0,0.0,0.0,0.0,0.0416666666666666,0.0,0.0,0.0,0.0,0.2,0.0,0.0,0.0,0.0,0.0158,2169.0,False,False,None,0,0,0
10965,2029,2029,1,1,,,1,,0,True,True,0,1,,0.0,0,0,0.0,0,0,1,0,1,0,2,0,0,0,10965.0,Guiying Yi,,Guiying Yi,0.0,0.0,0.0,0.0,0.0416666666666666,0.0,0.0,0.0,0.0,0.2,0.0,0.5,0.0,0.0,0.0308,1542.0,False,False,None,0,0,0
10966,2029,2029,1,1,,,1,,0,True,True,0,1,,0.0,0,0,0.0,0,0,1,0,1,0,1,0,0,0,10966.0,Gang Zhao,,Gang Zhao,0.0,0.0,0.0,0.0,0.0416666666666666,0.0,0.0,0.0,0.0,0.2,0.0,0.0,0.0,0.0,0.0158,2169.0,False,False,None,0,0,0
10967,2029,2029,1,1,,,1,,0,True,True,0,1,,0.0,0,0,0.0,0,0,1,0,1,0,1,0,0,0,10967.0,Juan Yin,,Juan Yin,0.0,0.0,0.0,0.0,0.0416666666666666,0.0,0.0,0.0,0.0,0.2,0.0,0.0,0.0,0.0,0.0158,2169.0,False,False,None,0,0,0
10991,2029,2029,1,1,,,1,,0,True,True,0,1,,0.0,0,0,0.0,0,0,1,0,1,0,1,0,0,0,10991.0,Michael Aguilar,,Michael Aguilar,0.0,0.0,0.0,0.0,0.0416666666666666,0.0,0.0,0.0,0.0,0.2,0.0,0.0,0.0,0.0,0.0158,2169.0,False,False,None,0,0,0
10992,2029,2029,1,1,,,1,,0,True,True,0,1,,0.0,0,0,0.0,0,0,1,0,1,0,2,0,0,0,10992.0,Travis Schmitt,,Travis Schmitt,0.0,0.0,0.0,0.0,0.0416666666666666,0.0,0.0,0.0,0.0,0.2,0.0,0.5,0.0,0.0,0.0308,1542.0,False,False,None,0,0,0
10993,2029,2029,1,1,,,1,,0,True,True,0,1,,0.0,0,0,0.0,0,0,1,0,1,0,1,0,0,0,10993.0,Tammy Crane,,Tammy Crane,0.0,0.0,0.0,0.0,0.0416666666666666,0.0,0.0,0.0,0.0,0.2,0.0,0.0,0.0,0.0,0.0158,2169.0,False,False,None,0,0,0
11030,2029,2029,1,1,,,1,,0,True,True,0,3,,0.0,1,0,0.0,0,0,1,0,1,2,2,0,0,0,11030.0,Jing Pan,,Jing Pan,0.0,0.0,0.0,0.0,0.125,0.1428571428571428,0.0,0.0,0.0,0.2,0.25,0.5,0.0,0.0,0.0696,461.0,False,False,None,0,0,0
11031,2029,2029,1,1,,,1,,0,True,True,0,3,,0.0,1,0,0.0,0,0,1,0,1,2,1,0,0,0,11031.0,Jie Meng,,Jie Meng,0.0,0.0,0.0,0.0,0.125,0.1428571428571428,0.0,0.0,0.0,0.2,0.25,0.0,0.0,0.0,0.0546,708.0,False,False,None,0,0,0
11032,2029,2029,1,1,,,1,,0,True,True,0,3,,0.0,1,0,0.0,0,0,1,0,1,2,2,0,0,0,11032.0,Ping Dong,,Ping Dong,0.0,0.0,0.0,0.0,0.125,0.1428571428571428,0.0,0.0,0.0,0.2,0.25,0.5,0.0,0.0,0.0696,461.0,False,False,None,0,0,0
11055,2028,2028,1,1,,,1,,0,True,True,0,2,,0.0,0,0,0.0,0,0,2,0,2,0,1,0,0,0,11055.0,Min Shi,,Min Shi,0.0,0.0,0.0,0.0,0.0833333333333333,0.0,0.0,0.0,0.0,0.4,0.0,0.0,0.0,0.0,0.0317,1503.0,False,False,None,0,0,0
11086,2026,2026,1,1,,,1,,0,True,True,0,1,,0.0,0,0,0.0,0,0,1,0,1,0,1,0,0,0,11086.0,Fang Pan,,Fang Pan,0.0,0.0,0.0,0.0,0.0416666666666666,0.0,0.0,0.0,0.0,0.2,0.0,0.0,0.0,0.0,0.0158,2169.0,False,False,None,0,0,0
11087,2026,2026,1,1,,,1,,0,True,True,0,1,,0.0,0,0,0.0,0,0,1,0,1,0,1,0,0,0,11087.0,Xia Tang,,Xia Tang,0.0,0.0,0.0,0.0,0.0416666666666666,0.0,0.0,0.0,0.0,0.2,0.0,0.0,0.0,0.0,0.0158,2169.0,False,False,None,0,0,0
11089,2026,2026,1,1,,,1,,0,True,True,0,1,,0.0,0,0,0.0,0,0,1,0,1,0,1,0,0,0,11089.0,Ping Guo,,Ping Guo,0.0,0.0,0.0,0.0,0.0416666666666666,0.0,0.0,0.0,0.0,0.2,0.0,0.0,0.0,0.0,0.0158,2169.0,False,False,None,0,0,0
11090,2026,2026,1,1,,,1,,0,True,True,0,1,,0.0,0,0,0.0,0,0,1,0,1,0,2,0,0,0,11090.0,Li Xia,,Li Xia,0.0,0.0,0.0,0.0,0.0416666666666666,0.0,0.0,0.0,0.0,0.2,0.0,0.5,0.0,0.0,0.0308,1542.0,False,False,None,0,0,0
11107,2027,2027,1,1,,,1,,0,True,True,0,4,,0.0,0,0,0.0,0,0,0,0,0,0,2,0,0,0,11107.0,Li Cao,,Li Cao,0.0,0.0,0.0,0.0,0.1666666666666666,0.0,0.0,0.0,0.0,0.0,0.0,0.5,0.0,0.0,0.0383,1245.0,False,False,None,0,0,0
11131,2027,2027,1,1,,,1,,0,True,True,0,13,,0.0,0,0,0.0,0,0,1,0,1,1,1,0,3,3,11131.0,Li Yang,,Li Yang,0.0,0.0,0.0,0.0,0.5416666666666666,0.0,0.0,0.0,0.0,0.2,0.125,0.0,0.0,0.0,0.0908,278.0,False,False,None,0,0,0
11132,2027,2027,1,1,,,1,,0,True,True,0,13,,0.0,0,0,0.0,0,0,1,0,1,1,1,0,3,3,11132.0,Xia Shao,,Xia Shao,0.0,0.0,0.0,0.0,0.5416666666666666,0.0,0.0,0.0,0.0,0.2,0.125,0.0,0.0,0.0,0.0908,278.0,False,False,None,0,0,0
11133,2027,2027,1,1,,,1,,0,True,True,0,13,,0.0,0,0,0.0,0,0,1,0,1,1,1,0,3,3,11133.0,Tao Sun,,Tao Sun,0.0,0.0,0.0,0.0,0.5416666666666666,0.0,0.0,0.0,0.0,0.2,0.125,0.0,0.0,0.0,0.0908,278.0,False,False,None,0,0,0
11134,2027,2027,1,1,,,1,,0,True,True,0,13,,0.0,0,0,0.0,0,0,1,0,1,1,1,0,3,3,11134.0,Fang Tang,,Fang Tang,0.0,0.0,0.0,0.0,0.5416666666666666,0.0,0.0,0.0,0.0,0.2,0.125,0.0,0.0,0.0,0.0908,278.0,False,False,None,0,0,0
11135,2027,2027,1,1,,,1,,0,True,True,0,13,,0.0,0,0,0.0,0,0,1,0,1,1,1,0,3,3,11135.0,Xiulan Yi,,Xiulan Yi,0.0,0.0,0.0,0.0,0.5416666666666666,0.0,0.0,0.0,0.0,0.2,0.125,0.0,0.0,0.0,0.0908,278.0,False,False,None,0,0,0
11137,2026,2026,1,1,,,1,,0,True,True,0,2,,0.0,0,0,0.0,0,0,1,0,1,0,1,0,0,0,11137.0,Seth Duncan,,Seth Duncan,0.0,0.0,0.0,0.0,0.0833333333333333,0.0,0.0,0.0,0.0,0.2,0.0,0.0,0.0,0.0,0.0217,1958.0,False,False,None,0,0,0
11140,2026,2026,1,1,,,1,,0,True,True,0,2,,0.0,0,0,0.0,0,0,1,0,1,0,1,0,0,0,11140.0,Brandon Williams,,Brandon Williams,0.0,0.0,0.0,0.0,0.0833333333333333,0.0,0.0,0.0,0.0,0.2,0.0,0.0,0.0,0.0,0.0217,1958.0,False,False,None,0,0,0
11167,2028,2028,1,1,,,1,,0,True,True,0,3,,0.0,0,0,0.0,0,0,1,0,1,0,2,0,0,0,11167.0,Min Hou,,Min Hou,0.0,0.0,0.0,0.0,0.125,0.0,0.0,0.0,0.0,0.2,0.0,0.5,0.0,0.0,0.0425,1060.0,False,False,None,0,0,0
11169,2028,2028,1,1,,,1,,0,True,True,0,3,,0.0,0,0,0.0,0,0,1,0,1,0,1,0,0,0,11169.0,Maria Fletcher,,Maria Fletcher,0.0,0.0,0.0,0.0,0.125,0.0,0.0,0.0,0.0,0.2,0.0,0.0,0.0,0.0,0.0275,1672.0,False,False,None,0,0,0
11185,2028,2028,2,2,2028.0,2028.0,1,0.0,0,True,True,0,6,12.0,0.0,7,0,0.0,0,0,2,0,2,3,1,0,0,0,11185.0,Kristina Romero,,Kristina Romero,0.0,0.0,0.0,0.0,0.25,1.0,0.0,0.0,0.0,0.4,0.375,0.0,0.0,0.0,0.19,35.0,False,False,None,0,0,0
11186,2028,2028,2,2,2028.0,2028.0,1,0.0,0,True,True,0,6,12.0,0.0,7,0,0.0,0,0,2,0,2,3,1,0,0,0,11186.0,Amanda Tucker,,Amanda Tucker,0.0,0.0,0.0,0.0,0.25,1.0,0.0,0.0,0.0,0.4,0.375,0.0,0.0,0.0,0.19,35.0,False,False,None,0,0,0
11201,2029,2029,1,1,,,1,,0,True,True,0,4,,0.0,0,0,0.0,0,0,1,0,1,1,1,0,0,0,11201.0,Gang Xiao,,Gang Xiao,0.0,0.0,0.0,0.0,0.1666666666666666,0.0,0.0,0.0,0.0,0.2,0.125,0.0,0.0,0.0,0.0383,1217.0,False,False,None,0,0,0
11202,2029,2029,1,1,,,1,,0,True,True,0,4,,0.0,0,0,0.0,0,0,1,0,1,1,1,0,0,0,11202.0,Joseph Allen,,Joseph Allen,0.0,0.0,0.0,0.0,0.1666666666666666,0.0,0.0,0.0,0.0,0.2,0.125,0.0,0.0,0.0,0.0383,1217.0,False,False,None,0,0,0
11203,2029,2029,1,1,,,1,,0,True,True,0,4,,0.0,0,0,0.0,0,0,1,0,1,1,2,0,0,0,11203.0,Lei Liao,,Lei Liao,0.0,0.0,0.0,0.0,0.1666666666666666,0.0,0.0,0.0,0.0,0.2,0.125,0.5,0.0,0.0,0.0533,756.0,False,False,None,0,0,0
11207,2026,2026,1,1,,,1,,0,True,True,0,4,,0.0,1,0,0.0,0,0,1,0,1,2,1,0,0,0,11207.0,Jeremy Russell,Theo Vance,Theo Vance,0.0,0.0,0.0,0.0,0.1666666666666666,0.1428571428571428,0.0,0.0,0.0,0.2,0.25,0.0,0.0,0.0,0.0605,605.0,False,False,None,0,0,0
11209,2026,2026,1,1,,,1,,0,True,True,0,4,,0.0,1,0,0.0,0,0,1,0,1,2,1,0,0,0,11209.0,Yolanda Lee,,Yolanda Lee,0.0,0.0,0.0,0.0,0.1666666666666666,0.1428571428571428,0.0,0.0,0.0,0.2,0.25,0.0,0.0,0.0,0.0605,605.0,False,False,None,0,0,0
11237,2028,2028,1,1,,,1,,0,True,True,0,6,,0.0,1,0,0.0,0,0,2,0,2,1,2,0,0,0,11237.0,Dawn Massey,,Dawn Massey,0.0,0.0,0.0,0.0,0.25,0.1428571428571428,0.0,0.0,0.0,0.4,0.125,0.5,0.0,0.0,0.0921,276.0,False,False,None,0,0,0
11238,2028,2028,1,1,,,1,,0,True,True,0,6,,0.0,1,0,0.0,0,0,2,0,2,1,1,0,0,0,11238.0,Rachel Garcia,,Rachel Garcia,0.0,0.0,0.0,0.0,0.25,0.1428571428571428,0.0,0.0,0.0,0.4,0.125,0.0,0.0,0.0,0.0771,387.0,False,False,None,0,0,0
11239,2028,2028,1,1,,,1,,0,True,True,0,6,,0.0,1,0,0.0,0,0,2,0,2,1,1,0,0,0,11239.0,Ralph Bell,,Ralph Bell,0.0,0.0,0.0,0.0,0.25,0.1428571428571428,0.0,0.0,0.0,0.4,0.125,0.0,0.0,0.0,0.0771,387.0,False,False,None,0,0,0
11250,2026,2026,1,1,,,1,,0,True,True,0,4,,0.0,2,0,0.0,0,0,1,0,1,1,1,0,0,0,11250.0,Min Gu,The Glitch Monarch,The Glitch Monarch,0.0,0.0,0.0,0.0,0.1666666666666666,0.2857142857142857,0.0,0.0,0.0,0.2,0.125,0.0,0.0,0.0,0.0726,435.0,False,False,None,0,0,0
11264,2025,2025,1,1,,,1,,0,True,True,0,5,,0.0,0,0,0.0,0,0,2,0,2,3,2,0,0,0,11264.0,Lindsay Williams, The Storm, The Storm,0.0,0.0,0.0,0.0,0.2083333333333333,0.0,0.0,0.0,0.0,0.4,0.375,0.5,0.0,0.0,0.0792,368.0,False,False,None,0,0,0
11265,2025,2025,1,1,,,1,,0,True,True,0,5,,0.0,0,0,0.0,0,0,2,0,2,3,1,0,0,0,11265.0,Vanessa King,Sepia Rhapsody,Sepia Rhapsody,0.0,0.0,0.0,0.0,0.2083333333333333,0.0,0.0,0.0,0.0,0.4,0.375,0.0,0.0,0.0,0.0642,547.0,False,False,None,0,0,0
11266,2025,2025,1,1,,,1,,0,True,True,0,5,,0.0,0,0,0.0,0,0,2,0,2,3,1,0,0,0,11266.0,Emily Nash,,Emily Nash,0.0,0.0,0.0,0.0,0.2083333333333333,0.0,0.0,0.0,0.0,0.4,0.375,0.0,0.0,0.0,0.0642,547.0,False,False,None,0,0,0
11295,2027,2027,1,1,2027.0,2027.0,1,0.0,0,True,True,0,2,13.0,0.0,0,0,0.0,0,0,1,0,1,0,1,0,0,0,11295.0,James Li,,James Li,0.0,0.0,0.0,0.0,0.0833333333333333,0.0,0.0,0.0,0.0,0.2,0.0,0.0,0.0,0.0,0.0217,1958.0,False,False,None,0,0,0
11297,2027,2027,1,1,2027.0,2027.0,1,0.0,0,True,True,0,2,13.0,0.0,0,0,0.0,0,0,1,0,1,0,2,0,0,0,11297.0,Jason Weeks,,Jason Weeks,0.0,0.0,0.0,0.0,0.0833333333333333,0.0,0.0,0.0,0.0,0.2,0.0,0.5,0.0,0.0,0.0367,1265.0,False,False,None,0,0,0
11323,2027,2027,1,1,,,1,,0,True,True,0,4,,0.0,0,0,0.0,0,0,1,0,1,1,1,0,0,0,11323.0,Jing Guo,,Jing Guo,0.0,0.0,0.0,0.0,0.1666666666666666,0.0,0.0,0.0,0.0,0.2,0.125,0.0,0.0,0.0,0.0383,1217.0,False,False,None,0,0,0
11324,2027,2027,1,1,,,1,,0,True,True,0,4,,0.0,0,0,0.0,0,0,1,0,1,1,1,0,0,0,11324.0,Chao Tang,,Chao Tang,0.0,0.0,0.0,0.0,0.1666666666666666,0.0,0.0,0.0,0.0,0.2,0.125,0.0,0.0,0.0,0.0383,1217.0,False,False,None,0,0,0
11325,2027,2027,1,1,,,1,,0,True,True,0,4,,0.0,0,0,0.0,0,0,1,0,1,1,1,0,0,0,11325.0,Li Tan,,Li Tan,0.0,0.0,0.0,0.0,0.1666666666666666,0.0,0.0,0.0,0.0,0.2,0.125,0.0,0.0,0.0,0.0383,1217.0,False,False,None,0,0,0
11326,2027,2027,1,1,,,1,,0,True,True,0,4,,0.0,0,0,0.0,0,0,1,0,1,1,2,0,0,0,11326.0,Jun Guo,,Jun Guo,0.0,0.0,0.0,0.0,0.1666666666666666,0.0,0.0,0.0,0.0,0.2,0.125,0.5,0.0,0.0,0.0533,756.0,False,False,None,0,0,0
11330,2025,2025,1,1,,,1,,0,True,True,0,1,,0.0,1,0,0.0,1,0,2,0,2,0,1,0,1,1,11330.0,Ping Li,,Ping Li,0.0,0.0,0.0,0.0,0.0416666666666666,0.1428571428571428,1.0,0.0,0.0,0.4,0.0,0.0,0.0,0.0,0.123,124.0,False,False,None,0,0,0
11332,2025,2027,2,2,,,2,,2,True,True,0,15,,0.0,7,0,1.5,0,0,3,0,3,2,1,0,0,0,11332.0,Colleen Frank PhD,,Colleen Frank PhD,0.0,0.15,0.0525,0.0,0.625,1.0,0.0,0.0,0.3333333333333333,0.6000000000000001,0.25,0.0,0.0,0.0525,0.2761,8.0,False,False,None,0,0,0
11343,2026,2027,2,2,,,2,,1,True,True,0,2,,0.0,2,0,6.0,0,0,2,0,2,0,1,0,0,0,11343.0,Min Yao,,Min Yao,0.0,0.6000000000000001,0.21,0.0,0.0833333333333333,0.2857142857142857,0.0,0.0,0.3333333333333333,0.4,0.0,0.0,0.0,0.21,0.1103,173.0,False,False,None,0,0,0
11344,2027,2027,1,1,,,1,,0,True,True,0,1,,0.0,1,0,0.0,0,0,1,0,1,0,1,0,0,0,11344.0,Xia Gu,,Xia Gu,0.0,0.0,0.0,0.0,0.0416666666666666,0.1428571428571428,0.0,0.0,0.0,0.2,0.0,0.0,0.0,0.0,0.033,1390.0,False,False,None,0,0,0
11345,2027,2027,1,1,,,1,,0,True,True,0,1,,0.0,1,0,0.0,0,0,1,0,1,0,2,0,0,0,11345.0,Lei Huang,,Lei Huang,0.0,0.0,0.0,0.0,0.0416666666666666,0.1428571428571428,0.0,0.0,0.0,0.2,0.0,0.5,0.0,0.0,0.048,895.0,False,False,None,0,0,0
11346,2025,2027,3,3,,,3,,2,True,True,0,3,,0.0,1,0,4.0,0,0,3,0,3,0,1,1,0,1,11346.0,Jie Zhong,,Jie Zhong,0.0,0.4,0.14,0.0,0.125,0.1428571428571428,0.0,0.0,0.6666666666666667,0.6000000000000001,0.0,0.0,0.0,0.1399999999999999,0.1253,120.0,False,False,None,0,0,0
11347,2027,2027,1,1,,,1,,0,True,True,0,1,,0.0,1,0,0.0,0,0,1,0,1,0,1,0,0,0,11347.0,Angela Kelly,,Angela Kelly,0.0,0.0,0.0,0.0,0.0416666666666666,0.1428571428571428,0.0,0.0,0.0,0.2,0.0,0.0,0.0,0.0,0.033,1390.0,False,False,None,0,0,0
11349,2027,2027,1,1,,,1,,0,True,True,0,1,,0.0,1,0,0.0,0,0,1,0,1,0,1,0,0,0,11349.0,Xiuying Han,,Xiuying Han,0.0,0.0,0.0,0.0,0.0416666666666666,0.1428571428571428,0.0,0.0,0.0,0.2,0.0,0.0,0.0,0.0,0.033,1390.0,False,False,None,0,0,0
11350,2027,2027,1,1,,,1,,0,True,True,0,1,,0.0,1,0,0.0,0,0,1,0,1,0,1,0,0,0,11350.0,Chao Tao,,Chao Tao,0.0,0.0,0.0,0.0,0.0416666666666666,0.1428571428571428,0.0,0.0,0.0,0.2,0.0,0.0,0.0,0.0,0.033,1390.0,False,False,None,0,0,0
11358,2026,2026,1,1,2026.0,2026.0,1,0.0,0,True,True,0,4,14.0,0.0,0,0,0.0,0,0,1,0,1,0,2,0,0,0,11358.0,Ronald Warner,,Ronald Warner,0.0,0.0,0.0,0.0,0.1666666666666666,0.0,0.0,0.0,0.0,0.2,0.0,0.5,0.0,0.0,0.0483,880.0,False,False,None,0,0,0
11372,2027,2027,1,1,,,1,,0,True,True,0,3,,0.0,1,0,0.0,0,0,2,0,2,0,1,0,0,0,11372.0,Ming Zhou,,Ming Zhou,0.0,0.0,0.0,0.0,0.125,0.1428571428571428,0.0,0.0,0.0,0.4,0.0,0.0,0.0,0.0,0.0546,708.0,False,False,None,0,0,0
11373,2027,2027,1,1,,,1,,0,True,True,0,3,,0.0,1,0,0.0,0,0,2,0,2,0,1,0,0,0,11373.0,Wei Tian,,Wei Tian,0.0,0.0,0.0,0.0,0.125,0.1428571428571428,0.0,0.0,0.0,0.4,0.0,0.0,0.0,0.0,0.0546,708.0,False,False,None,0,0,0
11374,2027,2027,1,1,,,1,,0,True,True,0,3,,0.0,1,0,0.0,0,0,2,0,2,0,2,0,0,0,11374.0,Guiying Zheng,,Guiying Zheng,0.0,0.0,0.0,0.0,0.125,0.1428571428571428,0.0,0.0,0.0,0.4,0.0,0.5,0.0,0.0,0.0696,461.0,False,False,None,0,0,0
11375,2027,2029,2,2,,,1,,2,True,True,0,6,,0.0,1,0,1.0,0,0,3,0,3,1,2,0,0,0,11375.0,Jie Liu,,Jie Liu,0.0,0.1,0.035,0.0,0.25,0.1428571428571428,0.0,0.0,0.0,0.6000000000000001,0.125,0.5,0.0,0.0349999999999999,0.1056,190.0,False,False,None,0,0,0
11376,2027,2027,1,1,,,1,,0,True,True,0,3,,0.0,1,0,0.0,0,0,2,0,2,0,1,0,0,0,11376.0,Na Lin,,Na Lin,0.0,0.0,0.0,0.0,0.125,0.1428571428571428,0.0,0.0,0.0,0.4,0.0,0.0,0.0,0.0,0.0546,708.0,False,False,None,0,0,0
11396,2029,2029,1,1,2029.0,2029.0,1,0.0,0,True,True,0,1,11.0,0.0,2,0,0.0,0,0,1,0,1,0,1,0,0,0,11396.0,William Peck,Dusk Static,Dusk Static,0.0,0.0,0.0,0.0,0.0416666666666666,0.2857142857142857,0.0,0.0,0.0,0.2,0.0,0.0,0.0,0.0,0.0501,809.0,False,False,None,0,0,0
11397,2029,2029,1,1,2029.0,2029.0,1,0.0,0,True,True,0,1,11.0,0.0,2,0,0.0,0,0,1,0,1,0,1,0,0,0,11397.0,Lucas Jose Manuel Arnaiz Pinedo,,Lucas Jose Manuel Arnaiz Pinedo,0.0,0.0,0.0,0.0,0.0416666666666666,0.2857142857142857,0.0,0.0,0.0,0.2,0.0,0.0,0.0,0.0,0.0501,809.0,False,False,None,0,0,0
11398,2029,2029,1,1,2029.0,2029.0,1,0.0,0,True,True,0,1,11.0,0.0,2,0,0.0,0,0,1,0,1,0,1,0,0,0,11398.0,Sara Estefanía Acedo Caro,,Sara Estefanía Acedo Caro,0.0,0.0,0.0,0.0,0.0416666666666666,0.2857142857142857,0.0,0.0,0.0,0.2,0.0,0.0,0.0,0.0,0.0501,809.0,False,False,None,0,0,0
11399,2028,2029,2,2,2029.0,2029.0,1,1.0,1,True,True,0,5,11.0,0.0,2,0,7.0,0,0,2,0,2,0,1,0,0,0,11399.0,Jennifer Mccoy,,Jennifer Mccoy,0.0,0.7000000000000001,0.245,0.0,0.2083333333333333,0.2857142857142857,0.0,0.0,0.0,0.4,0.0,0.0,0.0,0.245,0.108,185.0,False,False,None,0,0,0
11416,2026,2026,1,1,,,1,,0,True,True,0,2,,0.0,0,0,0.0,0,0,1,0,1,0,1,0,0,0,11416.0,Gang Liao,,Gang Liao,0.0,0.0,0.0,0.0,0.0833333333333333,0.0,0.0,0.0,0.0,0.2,0.0,0.0,0.0,0.0,0.0217,1958.0,False,False,None,0,0,0
11418,2026,2026,1,1,,,1,,0,True,True,0,2,,0.0,0,0,0.0,0,0,1,0,1,0,2,0,0,0,11418.0,Qiang Mo,,Qiang Mo,0.0,0.0,0.0,0.0,0.0833333333333333,0.0,0.0,0.0,0.0,0.2,0.0,0.5,0.0,0.0,0.0367,1265.0,False,False,None,0,0,0
11421,2030,2030,1,1,,,1,,0,True,True,1,1,,0.0,1,0,0.0,0,0,1,0,1,1,1,0,0,0,11421.0,Xiulan Cheng,,Xiulan Cheng,0.0,0.0,0.0,0.0833333333333333,0.0416666666666666,0.1428571428571428,0.0,0.0,0.0,0.2,0.125,0.0,0.0,0.0,0.0513,778.0,False,False,None,0,0,0
11422,2030,2030,1,1,,,1,,0,True,True,1,1,,0.0,1,0,0.0,0,0,1,0,1,1,1,0,0,0,11422.0,Ping Luo,,Ping Luo,0.0,0.0,0.0,0.0833333333333333,0.0416666666666666,0.1428571428571428,0.0,0.0,0.0,0.2,0.125,0.0,0.0,0.0,0.0513,778.0,False,False,None,0,0,0
11441,2025,2025,1,1,,,1,,0,True,True,0,2,,0.0,0,0,0.0,0,0,1,0,1,0,2,0,0,0,11441.0,Hannah Richard,,Hannah Richard,0.0,0.0,0.0,0.0,0.0833333333333333,0.0,0.0,0.0,0.0,0.2,0.0,0.5,0.0,0.0,0.0367,1265.0,False,False,None,0,0,0
11444,2026,2026,1,1,,,1,,0,True,True,0,4,,0.0,0,0,0.0,0,0,0,0,0,2,1,0,0,0,11444.0,Robert Strickland,,Robert Strickland,0.0,0.0,0.0,0.0,0.1666666666666666,0.0,0.0,0.0,0.0,0.0,0.25,0.0,0.0,0.0,0.0333,1388.0,False,False,None,0,0,0
11461,2026,2026,1,1,,,1,,0,True,True,0,4,,0.0,0,0,0.0,0,0,1,0,1,1,2,0,0,0,11461.0,Juan Song,,Juan Song,0.0,0.0,0.0,0.0,0.1666666666666666,0.0,0.0,0.0,0.0,0.2,0.125,0.5,0.0,0.0,0.0533,756.0,False,False,None,0,0,0
11462,2026,2026,1,1,,,1,,0,True,True,0,4,,0.0,0,0,0.0,0,0,1,0,1,1,1,0,0,0,11462.0,Juan Su,,Juan Su,0.0,0.0,0.0,0.0,0.1666666666666666,0.0,0.0,0.0,0.0,0.2,0.125,0.0,0.0,0.0,0.0383,1217.0,False,False,None,0,0,0
11466,2028,2028,1,1,,,1,,0,True,True,0,3,,0.0,2,0,0.0,0,0,1,0,1,0,1,0,0,0,11466.0,Jun Wang,,Jun Wang,0.0,0.0,0.0,0.0,0.125,0.2857142857142857,0.0,0.0,0.0,0.2,0.0,0.0,0.0,0.0,0.0618,579.0,False,False,None,0,0,0
11501,2029,2029,1,1,,,1,,0,True,True,0,3,,0.0,0,0,0.0,0,0,1,0,1,1,1,0,0,0,11501.0,Nancy Arnold,,Nancy Arnold,0.0,0.0,0.0,0.0,0.125,0.0,0.0,0.0,0.0,0.2,0.125,0.0,0.0,0.0,0.0325,1451.0,False,False,None,0,0,0
11503,2026,2026,1,1,,,1,,0,True,True,0,1,,0.0,0,0,0.0,0,0,1,0,1,0,1,0,0,0,11503.0,Katherine Ortega,,Katherine Ortega,0.0,0.0,0.0,0.0,0.0416666666666666,0.0,0.0,0.0,0.0,0.2,0.0,0.0,0.0,0.0,0.0158,2169.0,False,False,None,0,0,0
11504,2026,2026,1,1,,,1,,0,True,True,0,1,,0.0,0,0,0.0,0,0,1,0,1,0,2,0,0,0,11504.0,Denise Price,,Denise Price,0.0,0.0,0.0,0.0,0.0416666666666666,0.0,0.0,0.0,0.0,0.2,0.0,0.5,0.0,0.0,0.0308,1542.0,False,False,None,0,0,0
11505,2026,2026,1,1,,,1,,0,True,True,0,1,,0.0,0,0,0.0,0,0,1,0,1,0,1,0,0,0,11505.0,Chao Fan,,Chao Fan,0.0,0.0,0.0,0.0,0.0416666666666666,0.0,0.0,0.0,0.0,0.2,0.0,0.0,0.0,0.0,0.0158,2169.0,False,False,None,0,0,0
11506,2026,2026,1,1,,,1,,0,True,True,0,1,,0.0,0,0,0.0,0,0,1,0,1,0,1,0,0,0,11506.0,Emma Venditti-Brugnaro,,Emma Venditti-Brugnaro,0.0,0.0,0.0,0.0,0.0416666666666666,0.0,0.0,0.0,0.0,0.2,0.0,0.0,0.0,0.0,0.0158,2169.0,False,False,None,0,0,0
11507,2026,2026,1,1,,,1,,0,True,True,0,1,,0.0,0,0,0.0,0,0,1,0,1,0,1,0,0,0,11507.0,Wei Pan,,Wei Pan,0.0,0.0,0.0,0.0,0.0416666666666666,0.0,0.0,0.0,0.0,0.2,0.0,0.0,0.0,0.0,0.0158,2169.0,False,False,None,0,0,0
11510,2029,2029,1,1,,,1,,0,True,True,0,2,,0.0,0,0,0.0,0,0,0,0,0,0,1,0,0,0,11510.0,Todd Thompson,,Todd Thompson,0.0,0.0,0.0,0.0,0.0833333333333333,0.0,0.0,0.0,0.0,0.0,0.0,0.0,0.0,0.0,0.0117,2491.0,False,False,None,0,0,0
11512,2029,2029,1,1,,,1,,0,True,True,0,2,,0.0,0,0,0.0,0,0,0,0,0,0,1,0,0,0,11512.0,Jody Jones,,Jody Jones,0.0,0.0,0.0,0.0,0.0833333333333333,0.0,0.0,0.0,0.0,0.0,0.0,0.0,0.0,0.0,0.0117,2491.0,False,False,None,0,0,0
11517,2025,2025,1,1,,,1,,0,True,True,0,2,,0.0,0,0,0.0,0,0,0,0,0,1,1,1,1,2,11517.0,Isaiah Morales,,Isaiah Morales,0.0,0.0,0.0,0.0,0.0833333333333333,0.0,0.0,0.0,0.0,0.0,0.125,0.0,0.0,0.0,0.0167,2153.0,False,False,None,0,0,0
11563,2025,2025,1,1,,,1,,0,True,True,0,1,,0.0,2,0,0.0,0,0,1,0,1,0,1,0,0,0,11563.0,Michelle Atkins,,Michelle Atkins,0.0,0.0,0.0,0.0,0.0416666666666666,0.2857142857142857,0.0,0.0,0.0,0.2,0.0,0.0,0.0,0.0,0.0501,809.0,False,False,None,0,0,0
11581,2026,2026,1,1,,,1,,0,True,True,0,0,,0.0,1,0,0.0,0,0,1,0,1,0,1,1,0,1,11581.0,Yong Tang,,Yong Tang,0.0,0.0,0.0,0.0,0.0,0.1428571428571428,0.0,0.0,0.0,0.2,0.0,0.0,0.0,0.0,0.0271,1747.0,False,False,None,0,0,0
11582,2026,2026,1,1,,,1,,0,True,True,0,0,,0.0,1,0,0.0,0,0,1,0,1,0,1,1,0,1,11582.0,Tao Su,,Tao Su,0.0,0.0,0.0,0.0,0.0,0.1428571428571428,0.0,0.0,0.0,0.2,0.0,0.0,0.0,0.0,0.0271,1747.0,False,False,None,0,0,0
11584,2030,2030,1,1,,,1,,0,True,True,1,2,,0.0,0,0,0.0,0,0,2,0,2,0,1,0,0,0,11584.0,Guiying Bai,Echo Reverie,Echo Reverie,0.0,0.0,0.0,0.0833333333333333,0.0833333333333333,0.0,0.0,0.0,0.0,0.4,0.0,0.0,0.0,0.0,0.045,952.0,False,False,None,0,0,0
11585,2030,2030,1,1,,,1,,0,True,True,1,2,,0.0,0,0,0.0,0,0,2,0,2,0,1,0,0,0,11585.0,Li Cheng,,Li Cheng,0.0,0.0,0.0,0.0833333333333333,0.0833333333333333,0.0,0.0,0.0,0.0,0.4,0.0,0.0,0.0,0.0,0.045,952.0,False,False,None,0,0,0
11591,2026,2026,1,1,,,1,,0,True,True,0,3,,0.0,0,0,0.0,0,0,1,0,1,0,1,0,0,0,11591.0,Lei Fan,,Lei Fan,0.0,0.0,0.0,0.0,0.125,0.0,0.0,0.0,0.0,0.2,0.0,0.0,0.0,0.0,0.0275,1672.0,False,False,None,0,0,0
11592,2026,2026,1,1,,,1,,0,True,True,0,3,,0.0,0,0,0.0,0,0,1,0,1,0,1,0,0,0,11592.0,Yang Ye,,Yang Ye,0.0,0.0,0.0,0.0,0.125,0.0,0.0,0.0,0.0,0.2,0.0,0.0,0.0,0.0,0.0275,1672.0,False,False,None,0,0,0
11593,2026,2026,1,1,,,1,,0,True,True,0,3,,0.0,0,0,0.0,0,0,1,0,1,0,1,0,0,0,11593.0,Wei Li,,Wei Li,0.0,0.0,0.0,0.0,0.125,0.0,0.0,0.0,0.0,0.2,0.0,0.0,0.0,0.0,0.0275,1672.0,False,False,None,0,0,0
11595,2026,2026,1,1,,,1,,0,True,True,0,3,,0.0,0,0,0.0,0,0,1,0,1,0,2,0,0,0,11595.0,Chao Du,,Chao Du,0.0,0.0,0.0,0.0,0.125,0.0,0.0,0.0,0.0,0.2,0.0,0.5,0.0,0.0,0.0425,1060.0,False,False,None,0,0,0
11596,2026,2026,1,1,,,1,,0,True,True,0,3,,0.0,0,0,0.0,0,0,1,0,1,0,2,0,0,0,11596.0,Jun Dai,,Jun Dai,0.0,0.0,0.0,0.0,0.125,0.0,0.0,0.0,0.0,0.2,0.0,0.5,0.0,0.0,0.0425,1060.0,False,False,None,0,0,0
11597,2026,2026,1,1,,,1,,0,True,True,0,3,,0.0,0,0,0.0,0,0,1,0,1,0,1,0,0,0,11597.0,Guiying Liang,,Guiying Liang,0.0,0.0,0.0,0.0,0.125,0.0,0.0,0.0,0.0,0.2,0.0,0.0,0.0,0.0,0.0275,1672.0,False,False,None,0,0,0
11604,2028,2028,1,1,2028.0,2028.0,1,0.0,0,True,True,0,0,12.0,0.0,0,0,0.0,0,0,1,0,1,0,1,0,0,0,11604.0,Kristin Barber,,Kristin Barber,0.0,0.0,0.0,0.0,0.0,0.0,0.0,0.0,0.0,0.2,0.0,0.0,0.0,0.0,0.01,2522.0,False,False,None,0,0,0
11605,2028,2028,1,1,2028.0,2028.0,1,0.0,0,True,True,0,0,12.0,0.0,0,0,0.0,0,0,1,0,1,0,1,0,0,0,11605.0,Chris Tate,,Chris Tate,0.0,0.0,0.0,0.0,0.0,0.0,0.0,0.0,0.0,0.2,0.0,0.0,0.0,0.0,0.01,2522.0,False,False,None,0,0,0
11607,2028,2029,2,2,2028.0,2028.0,1,0.0,1,True,True,0,2,12.0,0.0,0,0,0.0,0,0,1,0,1,1,1,0,0,0,11607.0,Jason Roberts,,Jason Roberts,0.0,0.0,0.0,0.0,0.0833333333333333,0.0,0.0,0.0,0.0,0.2,0.125,0.0,0.0,0.0,0.0267,1762.0,False,False,None,0,0,0
11624,2026,2026,1,1,,,1,,0,True,True,0,1,,0.0,0,0,0.0,1,0,1,0,1,1,1,0,0,0,11624.0,Gianfranco Trentini,Trentini,Trentini,0.0,0.0,0.0,0.0,0.0416666666666666,0.0,1.0,0.0,0.0,0.2,0.125,0.0,0.0,0.0,0.1008,216.0,False,False,None,0,0,0
11626,2026,2026,1,1,,,1,,0,True,True,0,1,,0.0,0,0,0.0,1,0,1,0,1,1,1,0,0,0,11626.0,Cassandra Zito,,Cassandra Zito,0.0,0.0,0.0,0.0,0.0416666666666666,0.0,1.0,0.0,0.0,0.2,0.125,0.0,0.0,0.0,0.1008,216.0,False,False,None,0,0,0
11627,2026,2026,1,1,,,1,,0,True,True,0,1,,0.0,0,0,0.0,1,0,1,0,1,1,1,0,0,0,11627.0,Nina Pareto,,Nina Pareto,0.0,0.0,0.0,0.0,0.0416666666666666,0.0,1.0,0.0,0.0,0.2,0.125,0.0,0.0,0.0,0.1008,216.0,False,False,None,0,0,0
11628,2026,2026,1,1,,,1,,0,True,True,0,1,,0.0,0,0,0.0,1,0,1,0,1,1,1,0,0,0,11628.0,Antonietta Chittolini,,Antonietta Chittolini,0.0,0.0,0.0,0.0,0.0416666666666666,0.0,1.0,0.0,0.0,0.2,0.125,0.0,0.0,0.0,0.1008,216.0,False,False,None,0,0,0
11647,2030,2030,1,1,,,1,,0,True,True,1,3,,0.0,0,0,0.0,0,0,1,0,1,0,1,0,0,0,11647.0,Min Chen,,Min Chen,0.0,0.0,0.0,0.0833333333333333,0.125,0.0,0.0,0.0,0.0,0.2,0.0,0.0,0.0,0.0,0.0408,1116.0,False,False,None,0,0,0
11648,2030,2030,1,1,,,1,,0,True,True,1,3,,0.0,0,0,0.0,0,0,1,0,1,0,1,0,0,0,11648.0,Wei Gao,,Wei Gao,0.0,0.0,0.0,0.0833333333333333,0.125,0.0,0.0,0.0,0.0,0.2,0.0,0.0,0.0,0.0,0.0408,1116.0,False,False,None,0,0,0
11649,2030,2030,1,1,,,1,,0,True,True,1,3,,0.0,0,0,0.0,0,0,1,0,1,0,1,0,0,0,11649.0,Yang Kong,,Yang Kong,0.0,0.0,0.0,0.0833333333333333,0.125,0.0,0.0,0.0,0.0,0.2,0.0,0.0,0.0,0.0,0.0408,1116.0,False,False,None,0,0,0
11650,2030,2030,1,1,,,1,,0,True,True,1,3,,0.0,0,0,0.0,0,0,1,0,1,0,1,0,0,0,11650.0,Jun Jiang,,Jun Jiang,0.0,0.0,0.0,0.0833333333333333,0.125,0.0,0.0,0.0,0.0,0.2,0.0,0.0,0.0,0.0,0.0408,1116.0,False,False,None,0,0,0
11651,2030,2030,1,1,,,1,,0,True,True,1,3,,0.0,0,0,0.0,0,0,1,0,1,0,2,0,0,0,11651.0,Imran van Maasgouw-Schroeff,,Imran van Maasgouw-Schroeff,0.0,0.0,0.0,0.0833333333333333,0.125,0.0,0.0,0.0,0.0,0.2,0.0,0.5,0.0,0.0,0.0558,691.0,False,False,None,0,0,0
11657,2026,2026,1,1,,,1,,0,True,True,0,4,,0.0,0,0,0.0,0,0,1,0,1,0,1,1,1,2,11657.0,Jun Yuan,,Jun Yuan,0.0,0.0,0.0,0.0,0.1666666666666666,0.0,0.0,0.0,0.0,0.2,0.0,0.0,0.0,0.0,0.0333,1350.0,False,False,None,0,0,0
11707,2029,2029,1,0,,,1,,0,True,True,0,3,,0.0,0,0,0.0,0,0,0,0,0,1,1,0,0,0,11707.0,Lei Ma,,Lei Ma,0.0,0.0,0.0,0.0,0.125,0.0,0.0,0.0,0.0,0.0,0.125,0.0,0.0,0.0,0.0225,1943.0,False,False,None,0,0,0
11708,2029,2029,1,0,,,1,,0,True,True,0,3,,0.0,0,0,0.0,0,0,0,0,0,1,1,0,0,0,11708.0,Yan Cheng,,Yan Cheng,0.0,0.0,0.0,0.0,0.125,0.0,0.0,0.0,0.0,0.0,0.125,0.0,0.0,0.0,0.0225,1943.0,False,False,None,0,0,0
11709,2029,2029,1,0,,,1,,0,True,True,0,3,,0.0,0,0,0.0,0,0,0,0,0,1,1,0,0,0,11709.0,Gang Wen,,Gang Wen,0.0,0.0,0.0,0.0,0.125,0.0,0.0,0.0,0.0,0.0,0.125,0.0,0.0,0.0,0.0225,1943.0,False,False,None,0,0,0
11710,2029,2029,1,0,,,1,,0,True,True,0,3,,0.0,0,0,0.0,0,0,0,0,0,1,1,0,0,0,11710.0,Jie Hao,,Jie Hao,0.0,0.0,0.0,0.0,0.125,0.0,0.0,0.0,0.0,0.0,0.125,0.0,0.0,0.0,0.0225,1943.0,False,False,None,0,0,0
11711,2029,2029,1,0,,,1,,0,True,True,0,3,,0.0,0,0,0.0,0,0,0,0,0,1,1,0,0,0,11711.0,Shota Suzuki,,Shota Suzuki,0.0,0.0,0.0,0.0,0.125,0.0,0.0,0.0,0.0,0.0,0.125,0.0,0.0,0.0,0.0225,1943.0,False,False,None,0,0,0
11781,2027,2027,1,1,,,1,,0,True,True,0,5,,0.0,2,0,0.0,0,0,2,0,2,1,1,0,0,0,11781.0,Tao Xu,,Tao Xu,0.0,0.0,0.0,0.0,0.2083333333333333,0.2857142857142857,0.0,0.0,0.0,0.4,0.125,0.0,0.0,0.0,0.0885,305.0,False,False,None,0,0,0
11782,2027,2027,1,1,,,1,,0,True,True,0,5,,0.0,2,0,0.0,0,0,2,0,2,1,1,0,0,0,11782.0,Tao Su,,Tao Su,0.0,0.0,0.0,0.0,0.2083333333333333,0.2857142857142857,0.0,0.0,0.0,0.4,0.125,0.0,0.0,0.0,0.0885,305.0,False,False,None,0,0,0
11783,2027,2027,1,1,,,1,,0,True,True,0,5,,0.0,2,0,0.0,0,0,2,0,2,1,1,0,0,0,11783.0,Guiying Zhong,,Guiying Zhong,0.0,0.0,0.0,0.0,0.2083333333333333,0.2857142857142857,0.0,0.0,0.0,0.4,0.125,0.0,0.0,0.0,0.0885,305.0,False,False,None,0,0,0
11784,2027,2027,1,1,,,1,,0,True,True,0,5,,0.0,2,0,0.0,0,0,2,0,2,1,1,0,0,0,11784.0,Chao Tian,,Chao Tian,0.0,0.0,0.0,0.0,0.2083333333333333,0.2857142857142857,0.0,0.0,0.0,0.4,0.125,0.0,0.0,0.0,0.0885,305.0,False,False,None,0,0,0
11804,2029,2029,1,0,,,1,,0,True,True,0,2,,0.0,0,0,0.0,0,0,1,0,1,0,1,0,0,0,11804.0,Li Liao,,Li Liao,0.0,0.0,0.0,0.0,0.0833333333333333,0.0,0.0,0.0,0.0,0.2,0.0,0.0,0.0,0.0,0.0217,1958.0,False,False,None,0,0,0
11809,2029,2029,1,1,,,1,,0,True,True,0,1,,0.0,0,0,0.0,0,0,1,0,1,0,1,0,1,1,11809.0,April Mills,THE MVRK,THE MVRK,0.0,0.0,0.0,0.0,0.0416666666666666,0.0,0.0,0.0,0.0,0.2,0.0,0.0,0.0,0.0,0.0158,2169.0,False,False,None,0,0,0
11811,2029,2029,1,1,,,1,,0,True,True,0,1,,0.0,0,0,0.0,0,0,1,0,1,0,2,0,1,1,11811.0,Stephanie Fowler,,Stephanie Fowler,0.0,0.0,0.0,0.0,0.0416666666666666,0.0,0.0,0.0,0.0,0.2,0.0,0.5,0.0,0.0,0.0308,1542.0,False,False,None,0,0,0
11812,2029,2029,1,1,,,1,,0,True,True,0,1,,0.0,0,0,0.0,0,0,1,0,1,0,1,0,1,1,11812.0,David Maddox,,David Maddox,0.0,0.0,0.0,0.0,0.0416666666666666,0.0,0.0,0.0,0.0,0.2,0.0,0.0,0.0,0.0,0.0158,2169.0,False,False,None,0,0,0
11820,2025,2025,1,1,,,1,,0,True,True,0,1,,0.0,0,0,0.0,0,0,2,0,2,0,1,0,0,0,11820.0,Jing Mao,,Jing Mao,0.0,0.0,0.0,0.0,0.0416666666666666,0.0,0.0,0.0,0.0,0.4,0.0,0.0,0.0,0.0,0.0258,1822.0,False,False,None,0,0,0
11821,2025,2025,1,1,,,1,,0,True,True,0,1,,0.0,0,0,0.0,0,0,2,0,2,0,2,0,0,0,11821.0,Guiying Lin,,Guiying Lin,0.0,0.0,0.0,0.0,0.0416666666666666,0.0,0.0,0.0,0.0,0.4,0.0,0.5,0.0,0.0,0.0408,1116.0,False,False,None,0,0,0
11827,2025,2025,1,1,,,1,,0,True,True,0,4,,0.0,0,0,0.0,0,0,0,0,0,2,1,0,0,0,11827.0,David Campbell,,David Campbell,0.0,0.0,0.0,0.0,0.1666666666666666,0.0,0.0,0.0,0.0,0.0,0.25,0.0,0.0,0.0,0.0333,1388.0,False,False,None,0,0,0
11834,2026,2026,1,1,,,1,,0,True,True,0,3,,0.0,0,0,0.0,0,0,1,0,1,0,3,0,2,2,11834.0,Zaira Balotelli-Peano,,Zaira Balotelli-Peano,0.0,0.0,0.0,0.0,0.125,0.0,0.0,0.0,0.0,0.2,0.0,1.0,0.0,0.0,0.0575,651.0,False,False,None,0,0,0
11853,2032,2032,1,1,,,1,,0,True,True,1,3,,0.0,0,0,0.0,0,0,1,0,1,0,2,0,0,0,11853.0,Xia Tang,,Xia Tang,0.0,0.0,0.0,0.0833333333333333,0.125,0.0,0.0,0.0,0.0,0.2,0.0,0.5,0.0,0.0,0.0558,691.0,False,False,None,0,0,0
11854,2032,2032,1,1,,,1,,0,True,True,1,3,,0.0,0,0,0.0,0,0,1,0,1,0,1,0,0,0,11854.0,Li Wen,,Li Wen,0.0,0.0,0.0,0.0833333333333333,0.125,0.0,0.0,0.0,0.0,0.2,0.0,0.0,0.0,0.0,0.0408,1116.0,False,False,None,0,0,0
11862,2026,2026,1,1,,,1,,0,True,True,0,1,,0.0,0,0,0.0,0,0,1,0,1,0,1,0,0,0,11862.0,Shannon Castro,,Shannon Castro,0.0,0.0,0.0,0.0,0.0416666666666666,0.0,0.0,0.0,0.0,0.2,0.0,0.0,0.0,0.0,0.0158,2169.0,False,False,None,0,0,0
11863,2026,2026,1,1,,,1,,0,True,True,0,1,,0.0,0,0,0.0,0,0,1,0,1,0,1,0,0,0,11863.0,Christopher Hardy,,Christopher Hardy,0.0,0.0,0.0,0.0,0.0416666666666666,0.0,0.0,0.0,0.0,0.2,0.0,0.0,0.0,0.0,0.0158,2169.0,False,False,None,0,0,0
11864,2026,2026,1,1,,,1,,0,True,True,0,1,,0.0,0,0,0.0,0,0,1,0,1,0,2,0,0,0,11864.0,Sarah Wheeler,,Sarah Wheeler,0.0,0.0,0.0,0.0,0.0416666666666666,0.0,0.0,0.0,0.0,0.2,0.0,0.5,0.0,0.0,0.0308,1542.0,False,False,None,0,0,0
11871,2028,2028,1,1,,,1,,0,True,True,0,2,,0.0,0,0,0.0,0,0,1,0,1,0,1,0,1,1,11871.0,Chao Yuan,,Chao Yuan,0.0,0.0,0.0,0.0,0.0833333333333333,0.0,0.0,0.0,0.0,0.2,0.0,0.0,0.0,0.0,0.0217,1958.0,False,False,None,0,0,0
11872,2028,2028,1,1,,,1,,0,True,True,0,2,,0.0,0,0,0.0,0,0,1,0,1,0,1,0,1,1,11872.0,Jie Hu,,Jie Hu,0.0,0.0,0.0,0.0,0.0833333333333333,0.0,0.0,0.0,0.0,0.2,0.0,0.0,0.0,0.0,0.0217,1958.0,False,False,None,0,0,0
11873,2028,2028,1,1,,,1,,0,True,True,0,2,,0.0,0,0,0.0,0,0,1,0,1,0,1,0,1,1,11873.0,Mariola Heser,,Mariola Heser,0.0,0.0,0.0,0.0,0.0833333333333333,0.0,0.0,0.0,0.0,0.2,0.0,0.0,0.0,0.0,0.0217,1958.0,False,False,None,0,0,0
11874,2028,2028,1,1,,,1,,0,True,True,0,2,,0.0,0,0,0.0,0,0,1,0,1,0,1,0,1,1,11874.0,Xiulan Dong,,Xiulan Dong,0.0,0.0,0.0,0.0,0.0833333333333333,0.0,0.0,0.0,0.0,0.2,0.0,0.0,0.0,0.0,0.0217,1958.0,False,False,None,0,0,0
11913,2026,2026,1,1,2026.0,2026.0,1,0.0,0,True,True,0,1,14.0,0.0,0,0,0.0,0,0,0,0,0,0,2,0,0,0,11913.0,Guiying Peng,,Guiying Peng,0.0,0.0,0.0,0.0,0.0416666666666666,0.0,0.0,0.0,0.0,0.0,0.0,0.5,0.0,0.0,0.0208,2123.0,False,False,None,0,0,0
11915,2027,2027,1,1,,,1,,0,True,True,0,2,,0.0,0,0,0.0,0,0,1,0,1,1,1,0,1,1,11915.0,Jun Qiu,BLAKK RAYN,BLAKK RAYN,0.0,0.0,0.0,0.0,0.0833333333333333,0.0,0.0,0.0,0.0,0.2,0.125,0.0,0.0,0.0,0.0267,1762.0,False,False,None,0,0,0
11916,2027,2027,1,1,,,1,,0,True,True,0,2,,0.0,0,0,0.0,0,0,1,0,1,1,1,0,1,1,11916.0,Thomas Le,,Thomas Le,0.0,0.0,0.0,0.0,0.0833333333333333,0.0,0.0,0.0,0.0,0.2,0.125,0.0,0.0,0.0,0.0267,1762.0,False,False,None,0,0,0
11917,2027,2027,1,1,,,1,,0,True,True,0,2,,0.0,0,0,0.0,0,0,1,0,1,1,1,0,1,1,11917.0,Calvin Cooper,,Calvin Cooper,0.0,0.0,0.0,0.0,0.0833333333333333,0.0,0.0,0.0,0.0,0.2,0.125,0.0,0.0,0.0,0.0267,1762.0,False,False,None,0,0,0
11918,2027,2027,1,1,,,1,,0,True,True,0,2,,0.0,0,0,0.0,0,0,1,0,1,1,2,0,1,1,11918.0,Guiying Gong,,Guiying Gong,0.0,0.0,0.0,0.0,0.0833333333333333,0.0,0.0,0.0,0.0,0.2,0.125,0.5,0.0,0.0,0.0417,1088.0,False,False,None,0,0,0
11919,2027,2027,1,1,,,1,,0,True,True,0,2,,0.0,0,0,0.0,0,0,1,0,1,1,1,0,1,1,11919.0,Xiuying Xu,,Xiuying Xu,0.0,0.0,0.0,0.0,0.0833333333333333,0.0,0.0,0.0,0.0,0.2,0.125,0.0,0.0,0.0,0.0267,1762.0,False,False,None,0,0,0
11920,2027,2027,1,1,,,1,,0,True,True,0,2,,0.0,0,0,0.0,0,0,1,0,1,1,2,0,1,1,11920.0,Wei Liang,,Wei Liang,0.0,0.0,0.0,0.0,0.0833333333333333,0.0,0.0,0.0,0.0,0.2,0.125,0.5,0.0,0.0,0.0417,1088.0,False,False,None,0,0,0
11921,2027,2027,1,1,,,1,,0,True,True,0,2,,0.0,0,0,0.0,0,0,1,0,1,1,1,0,1,1,11921.0,Lei Jin,,Lei Jin,0.0,0.0,0.0,0.0,0.0833333333333333,0.0,0.0,0.0,0.0,0.2,0.125,0.0,0.0,0.0,0.0267,1762.0,False,False,None,0,0,0
11937,2029,2029,1,1,,,1,,0,True,True,0,13,,0.0,1,0,0.0,0,0,1,0,1,1,1,0,0,0,11937.0,Ashley Mahoney,,Ashley Mahoney,0.0,0.0,0.0,0.0,0.5416666666666666,0.1428571428571428,0.0,0.0,0.0,0.2,0.125,0.0,0.0,0.0,0.108,184.0,False,False,None,0,0,0
11960,2030,2030,1,1,,,1,,0,True,True,1,4,,0.0,0,0,0.0,0,0,0,0,0,1,1,0,0,0,11960.0,Stephanie Hanson,,Stephanie Hanson,0.0,0.0,0.0,0.0833333333333333,0.1666666666666666,0.0,0.0,0.0,0.0,0.0,0.125,0.0,0.0,0.0,0.0417,1112.0,False,False,None,0,0,0
11973,2026,2026,1,1,,,1,,0,True,True,0,2,,0.0,0,0,0.0,0,0,1,0,1,0,2,0,0,0,11973.0,Guiying Bai,,Guiying Bai,0.0,0.0,0.0,0.0,0.0833333333333333,0.0,0.0,0.0,0.0,0.2,0.0,0.5,0.0,0.0,0.0367,1265.0,False,False,None,0,0,0
11974,2026,2026,1,1,,,1,,0,True,True,0,2,,0.0,0,0,0.0,0,0,1,0,1,0,1,0,0,0,11974.0,Jun Xie,,Jun Xie,0.0,0.0,0.0,0.0,0.0833333333333333,0.0,0.0,0.0,0.0,0.2,0.0,0.0,0.0,0.0,0.0217,1958.0,False,False,None,0,0,0
11975,2026,2026,1,1,,,1,,0,True,True,0,2,,0.0,0,0,0.0,0,0,1,0,1,0,1,0,0,0,11975.0,Donald Nelson,,Donald Nelson,0.0,0.0,0.0,0.0,0.0833333333333333,0.0,0.0,0.0,0.0,0.2,0.0,0.0,0.0,0.0,0.0217,1958.0,False,False,None,0,0,0
11976,2026,2026,1,1,,,1,,0,True,True,0,2,,0.0,0,0,0.0,0,0,1,0,1,0,2,0,0,0,11976.0,Na Meng,,Na Meng,0.0,0.0,0.0,0.0,0.0833333333333333,0.0,0.0,0.0,0.0,0.2,0.0,0.5,0.0,0.0,0.0367,1265.0,False,False,None,0,0,0
11977,2026,2026,1,1,,,1,,0,True,True,0,2,,0.0,0,0,0.0,0,0,1,0,1,0,1,0,0,0,11977.0,Xiulan Lu,,Xiulan Lu,0.0,0.0,0.0,0.0,0.0833333333333333,0.0,0.0,0.0,0.0,0.2,0.0,0.0,0.0,0.0,0.0217,1958.0,False,False,None,0,0,0
11996,2026,2026,1,1,,,1,,0,True,True,0,2,,0.0,0,0,0.0,0,0,2,0,2,0,2,0,0,0,11996.0,Joshua Morrison,,Joshua Morrison,0.0,0.0,0.0,0.0,0.0833333333333333,0.0,0.0,0.0,0.0,0.4,0.0,0.5,0.0,0.0,0.0467,928.0,False,False,None,0,0,0
12002,2026,2026,1,1,,,1,,0,True,True,0,5,,0.0,0,0,0.0,0,0,1,0,1,2,3,0,0,0,12002.0,Caroline Lloyd,,Caroline Lloyd,0.0,0.0,0.0,0.0,0.2083333333333333,0.0,0.0,0.0,0.0,0.2,0.25,1.0,0.0,0.0,0.0792,369.0,False,False,None,0,0,0
12014,2026,2026,1,1,,,1,,0,True,True,0,4,,0.0,2,0,0.0,0,0,1,0,1,1,1,0,0,0,12014.0,Yang Shi,,Yang Shi,0.0,0.0,0.0,0.0,0.1666666666666666,0.2857142857142857,0.0,0.0,0.0,0.2,0.125,0.0,0.0,0.0,0.0726,435.0,False,False,None,0,0,0
12028,2026,2026,1,1,,,1,,0,True,True,0,1,,0.0,1,0,0.0,0,0,1,0,1,0,1,0,0,0,12028.0,Xiulan Kong,L1L SPECTR,L1L SPECTR,0.0,0.0,0.0,0.0,0.0416666666666666,0.1428571428571428,0.0,0.0,0.0,0.2,0.0,0.0,0.0,0.0,0.033,1390.0,False,False,None,0,0,0
12030,2026,2026,1,1,,,1,,0,True,True,0,1,,0.0,1,0,0.0,0,0,1,0,1,0,1,0,0,0,12030.0,Jie Ren,,Jie Ren,0.0,0.0,0.0,0.0,0.0416666666666666,0.1428571428571428,0.0,0.0,0.0,0.2,0.0,0.0,0.0,0.0,0.033,1390.0,False,False,None,0,0,0
12032,2029,2029,1,1,2029.0,2029.0,1,0.0,0,True,True,0,1,11.0,0.0,0,0,0.0,0,0,1,0,1,0,2,0,0,0,12032.0,Kayla Martinez,,Kayla Martinez,0.0,0.0,0.0,0.0,0.0416666666666666,0.0,0.0,0.0,0.0,0.2,0.0,0.5,0.0,0.0,0.0308,1542.0,False,False,None,0,0,0
12033,2029,2029,1,1,2029.0,2029.0,1,0.0,0,True,True,0,1,11.0,0.0,0,0,0.0,0,0,1,0,1,0,1,0,0,0,12033.0,Thomas Mccoy,,Thomas Mccoy,0.0,0.0,0.0,0.0,0.0416666666666666,0.0,0.0,0.0,0.0,0.2,0.0,0.0,0.0,0.0,0.0158,2169.0,False,False,None,0,0,0
12038,2027,2027,1,1,,,1,,0,True,True,0,1,,0.0,0,0,0.0,0,0,1,0,1,0,2,0,0,0,12038.0,Xiuying Tan,,Xiuying Tan,0.0,0.0,0.0,0.0,0.0416666666666666,0.0,0.0,0.0,0.0,0.2,0.0,0.5,0.0,0.0,0.0308,1542.0,False,False,None,0,0,0
12062,2029,2029,1,1,,,1,,0,True,True,0,2,,0.0,0,0,0.0,0,0,1,0,1,0,2,0,0,0,12062.0,Ming Yao,,Ming Yao,0.0,0.0,0.0,0.0,0.0833333333333333,0.0,0.0,0.0,0.0,0.2,0.0,0.5,0.0,0.0,0.0367,1265.0,False,False,None,0,0,0
12063,2029,2029,1,1,,,1,,0,True,True,0,2,,0.0,0,0,0.0,0,0,1,0,1,0,1,0,0,0,12063.0,Ping Lu,,Ping Lu,0.0,0.0,0.0,0.0,0.0833333333333333,0.0,0.0,0.0,0.0,0.2,0.0,0.0,0.0,0.0,0.0217,1958.0,False,False,None,0,0,0
12108,2025,2025,1,1,,,1,,0,True,True,0,0,,0.0,0,0,0.0,0,0,1,0,1,0,2,0,0,0,12108.0,Chao Dong,,Chao Dong,0.0,0.0,0.0,0.0,0.0,0.0,0.0,0.0,0.0,0.2,0.0,0.5,0.0,0.0,0.025,1899.0,False,False,None,0,0,0
12139,2030,2030,1,1,,,1,,0,True,True,1,5,,0.0,2,0,0.0,0,0,1,0,1,0,1,1,2,3,12139.0,Amber Smith,,Amber Smith,0.0,0.0,0.0,0.0833333333333333,0.2083333333333333,0.2857142857142857,0.0,0.0,0.0,0.2,0.0,0.0,0.0,0.0,0.0868,316.0,False,False,None,0,0,0
12140,2030,2030,1,1,,,1,,0,True,True,1,5,,0.0,2,0,0.0,0,0,1,0,1,0,1,1,2,3,12140.0,Gang Zhu,,Gang Zhu,0.0,0.0,0.0,0.0833333333333333,0.2083333333333333,0.2857142857142857,0.0,0.0,0.0,0.2,0.0,0.0,0.0,0.0,0.0868,316.0,False,False,None,0,0,0
12141,2030,2030,1,1,,,1,,0,True,True,1,5,,0.0,2,0,0.0,0,0,1,0,1,0,1,1,2,3,12141.0,Min Tian,,Min Tian,0.0,0.0,0.0,0.0833333333333333,0.2083333333333333,0.2857142857142857,0.0,0.0,0.0,0.2,0.0,0.0,0.0,0.0,0.0868,316.0,False,False,None,0,0,0
12143,2028,2028,2,2,,,2,,0,True,True,0,1,,0.0,0,0,0.0,0,0,1,0,1,0,2,0,0,0,12143.0,Robert Nunez,LO KEYZ,LO KEYZ,0.0,0.0,0.0,0.0,0.0416666666666666,0.0,0.0,0.0,0.3333333333333333,0.2,0.0,0.5,0.0,0.0,0.0542,722.0,False,False,None,0,0,0
12144,2028,2028,1,1,,,1,,0,True,True,0,0,,0.0,0,0,0.0,0,0,1,0,1,0,1,0,0,0,12144.0,Ming Duan,,Ming Duan,0.0,0.0,0.0,0.0,0.0,0.0,0.0,0.0,0.0,0.2,0.0,0.0,0.0,0.0,0.01,2522.0,False,False,None,0,0,0
12145,2028,2028,1,1,,,1,,0,True,True,0,0,,0.0,0,0,0.0,0,0,1,0,1,0,2,0,0,0,12145.0,Guiying Xiang,,Guiying Xiang,0.0,0.0,0.0,0.0,0.0,0.0,0.0,0.0,0.0,0.2,0.0,0.5,0.0,0.0,0.025,1899.0,False,False,None,0,0,0
12154,2027,2027,1,1,,,1,,0,True,True,0,0,,0.0,0,0,0.0,0,0,1,0,1,0,1,0,0,0,12154.0,Yan Zou,,Yan Zou,0.0,0.0,0.0,0.0,0.0,0.0,0.0,0.0,0.0,0.2,0.0,0.0,0.0,0.0,0.01,2522.0,False,False,None,0,0,0
12165,2030,2030,1,1,,,1,,0,True,True,1,3,,0.0,0,0,0.0,0,0,1,0,1,2,1,0,0,0,12165.0,Jie Cheng,,Jie Cheng,0.0,0.0,0.0,0.0833333333333333,0.125,0.0,0.0,0.0,0.0,0.2,0.25,0.0,0.0,0.0,0.0508,787.0,False,False,None,0,0,0
12166,2030,2030,1,1,,,1,,0,True,True,1,3,,0.0,0,0,0.0,0,0,1,0,1,2,2,0,0,0,12166.0,Li Pan,,Li Pan,0.0,0.0,0.0,0.0833333333333333,0.125,0.0,0.0,0.0,0.0,0.2,0.25,0.5,0.0,0.0,0.0658,527.0,False,False,None,0,0,0
12167,2030,2030,1,1,,,1,,0,True,True,1,3,,0.0,0,0,0.0,0,0,1,0,1,2,1,0,0,0,12167.0,Yan Li,,Yan Li,0.0,0.0,0.0,0.0833333333333333,0.125,0.0,0.0,0.0,0.0,0.2,0.25,0.0,0.0,0.0,0.0508,787.0,False,False,None,0,0,0
12168,2030,2030,1,1,,,1,,0,True,True,1,3,,0.0,0,0,0.0,0,0,1,0,1,2,1,0,0,0,12168.0,Yang Song,,Yang Song,0.0,0.0,0.0,0.0833333333333333,0.125,0.0,0.0,0.0,0.0,0.2,0.25,0.0,0.0,0.0,0.0508,787.0,False,False,None,0,0,0
12180,2029,2029,1,0,,,1,,0,True,True,0,1,,0.0,0,0,0.0,0,0,0,0,0,0,2,0,0,0,12180.0,Tabitha Jones,,Tabitha Jones,0.0,0.0,0.0,0.0,0.0416666666666666,0.0,0.0,0.0,0.0,0.0,0.0,0.5,0.0,0.0,0.0208,2123.0,False,False,None,0,0,0
12181,2029,2029,1,0,,,1,,0,True,True,0,1,,0.0,0,0,0.0,0,0,0,0,0,0,1,0,0,0,12181.0,Tyler Austin,,Tyler Austin,0.0,0.0,0.0,0.0,0.0416666666666666,0.0,0.0,0.0,0.0,0.0,0.0,0.0,0.0,0.0,0.0058,2575.0,False,False,None,0,0,0
12182,2029,2029,1,0,,,1,,0,True,True,0,1,,0.0,0,0,0.0,0,0,0,0,0,0,1,0,0,0,12182.0,Nina Anders,,Nina Anders,0.0,0.0,0.0,0.0,0.0416666666666666,0.0,0.0,0.0,0.0,0.0,0.0,0.0,0.0,0.0,0.0058,2575.0,False,False,None,0,0,0
12183,2029,2029,1,0,,,1,,0,True,True,0,1,,0.0,0,0,0.0,0,0,0,0,0,0,1,0,0,0,12183.0,Jennifer Ruiz,,Jennifer Ruiz,0.0,0.0,0.0,0.0,0.0416666666666666,0.0,0.0,0.0,0.0,0.0,0.0,0.0,0.0,0.0,0.0058,2575.0,False,False,None,0,0,0
12184,2029,2029,1,0,,,1,,0,True,True,0,1,,0.0,0,0,0.0,0,0,0,0,0,0,1,0,0,0,12184.0,Beth Walters,,Beth Walters,0.0,0.0,0.0,0.0,0.0416666666666666,0.0,0.0,0.0,0.0,0.0,0.0,0.0,0.0,0.0,0.0058,2575.0,False,False,None,0,0,0
12185,2029,2029,1,0,,,1,,0,True,True,0,1,,0.0,0,0,0.0,0,0,0,0,0,0,1,0,0,0,12185.0,Rachel Luna,,Rachel Luna,0.0,0.0,0.0,0.0,0.0416666666666666,0.0,0.0,0.0,0.0,0.0,0.0,0.0,0.0,0.0,0.0058,2575.0,False,False,None,0,0,0
12187,2029,2029,1,0,,,1,,0,True,True,0,1,,0.0,0,0,0.0,0,0,0,0,0,0,1,0,0,0,12187.0,Sharon Sanchez,,Sharon Sanchez,0.0,0.0,0.0,0.0,0.0416666666666666,0.0,0.0,0.0,0.0,0.0,0.0,0.0,0.0,0.0,0.0058,2575.0,False,False,None,0,0,0
12188,2029,2029,1,0,,,1,,0,True,True,0,1,,0.0,0,0,0.0,0,0,0,0,0,0,1,0,0,0,12188.0,Andrew Oneill,,Andrew Oneill,0.0,0.0,0.0,0.0,0.0416666666666666,0.0,0.0,0.0,0.0,0.0,0.0,0.0,0.0,0.0,0.0058,2575.0,False,False,None,0,0,0
12219,2028,2028,1,1,,,1,,0,True,True,0,1,,0.0,1,0,0.0,0,0,1,0,1,0,2,0,0,0,12219.0,Matthew Phillips, Max Power, Max Power,0.0,0.0,0.0,0.0,0.0416666666666666,0.1428571428571428,0.0,0.0,0.0,0.2,0.0,0.5,0.0,0.0,0.048,895.0,False,False,None,0,0,0
12221,2030,2030,1,1,,,1,,0,True,True,1,1,,0.0,0,0,0.0,0,0,2,0,2,0,1,0,0,0,12221.0,Deanna Green,Orpheon Drive,Orpheon Drive,0.0,0.0,0.0,0.0833333333333333,0.0416666666666666,0.0,0.0,0.0,0.0,0.4,0.0,0.0,0.0,0.0,0.0392,1154.0,False,False,None,0,0,0
12222,2030,2030,1,1,,,1,,0,True,True,1,1,,0.0,0,0,0.0,0,0,2,0,2,0,2,0,0,0,12222.0,Tracy Camacho,,Tracy Camacho,0.0,0.0,0.0,0.0833333333333333,0.0416666666666666,0.0,0.0,0.0,0.0,0.4,0.0,0.5,0.0,0.0,0.0542,722.0,False,False,None,0,0,0
12224,2030,2030,1,1,,,1,,0,True,True,1,1,,0.0,0,0,0.0,0,0,2,0,2,0,1,0,0,0,12224.0,Robert Stephens,,Robert Stephens,0.0,0.0,0.0,0.0833333333333333,0.0416666666666666,0.0,0.0,0.0,0.0,0.4,0.0,0.0,0.0,0.0,0.0392,1154.0,False,False,None,0,0,0
12225,2030,2030,1,1,,,1,,0,True,True,1,1,,0.0,0,0,0.0,0,0,2,0,2,0,1,0,0,0,12225.0,Kristin Thomas,,Kristin Thomas,0.0,0.0,0.0,0.0833333333333333,0.0416666666666666,0.0,0.0,0.0,0.0,0.4,0.0,0.0,0.0,0.0,0.0392,1154.0,False,False,None,0,0,0
12226,2030,2030,1,1,,,1,,0,True,True,1,1,,0.0,0,0,0.0,0,0,2,0,2,0,1,0,0,0,12226.0,Miguel Shelton,,Miguel Shelton,0.0,0.0,0.0,0.0833333333333333,0.0416666666666666,0.0,0.0,0.0,0.0,0.4,0.0,0.0,0.0,0.0,0.0392,1154.0,False,False,None,0,0,0
12227,2030,2030,1,1,,,1,,0,True,True,1,1,,0.0,0,0,0.0,0,0,2,0,2,0,1,0,0,0,12227.0,Rebecca Ramirez,,Rebecca Ramirez,0.0,0.0,0.0,0.0833333333333333,0.0416666666666666,0.0,0.0,0.0,0.0,0.4,0.0,0.0,0.0,0.0,0.0392,1154.0,False,False,None,0,0,0
12229,2030,2030,1,1,,,1,,0,True,True,1,1,,0.0,0,0,0.0,0,0,2,0,2,0,1,0,0,0,12229.0,Henry Ortega,,Henry Ortega,0.0,0.0,0.0,0.0833333333333333,0.0416666666666666,0.0,0.0,0.0,0.0,0.4,0.0,0.0,0.0,0.0,0.0392,1154.0,False,False,None,0,0,0
12251,2025,2025,1,1,,,1,,0,True,True,0,7,,0.0,0,0,0.0,0,0,2,0,2,1,1,0,0,0,12251.0,Min Xu,,Min Xu,0.0,0.0,0.0,0.0,0.2916666666666666,0.0,0.0,0.0,0.0,0.4,0.125,0.0,0.0,0.0,0.0658,520.0,False,False,None,0,0,0
12252,2025,2025,1,1,,,1,,0,True,True,0,7,,0.0,0,0,0.0,0,0,2,0,2,1,1,0,0,0,12252.0,Juan Song,,Juan Song,0.0,0.0,0.0,0.0,0.2916666666666666,0.0,0.0,0.0,0.0,0.4,0.125,0.0,0.0,0.0,0.0658,520.0,False,False,None,0,0,0
12253,2025,2025,1,1,,,1,,0,True,True,0,7,,0.0,0,0,0.0,0,0,2,0,2,1,1,0,0,0,12253.0,Chao Ren,,Chao Ren,0.0,0.0,0.0,0.0,0.2916666666666666,0.0,0.0,0.0,0.0,0.4,0.125,0.0,0.0,0.0,0.0658,520.0,False,False,None,0,0,0
12255,2025,2025,1,1,,,1,,0,True,True,0,7,,0.0,0,0,0.0,0,0,2,0,2,1,1,0,0,0,12255.0,Fang Yi,,Fang Yi,0.0,0.0,0.0,0.0,0.2916666666666666,0.0,0.0,0.0,0.0,0.4,0.125,0.0,0.0,0.0,0.0658,520.0,False,False,None,0,0,0
12256,2025,2025,1,1,,,1,,0,True,True,0,7,,0.0,0,0,0.0,0,0,2,0,2,1,1,0,0,0,12256.0,Xia Chang,,Xia Chang,0.0,0.0,0.0,0.0,0.2916666666666666,0.0,0.0,0.0,0.0,0.4,0.125,0.0,0.0,0.0,0.0658,520.0,False,False,None,0,0,0
12257,2025,2025,1,1,,,1,,0,True,True,0,7,,0.0,0,0,0.0,0,0,2,0,2,1,1,0,0,0,12257.0,Xiuying Ye,,Xiuying Ye,0.0,0.0,0.0,0.0,0.2916666666666666,0.0,0.0,0.0,0.0,0.4,0.125,0.0,0.0,0.0,0.0658,520.0,False,False,None,0,0,0
12258,2025,2025,1,1,,,1,,0,True,True,0,7,,0.0,0,0,0.0,0,0,2,0,2,1,1,0,0,0,12258.0,Lei Qiu,,Lei Qiu,0.0,0.0,0.0,0.0,0.2916666666666666,0.0,0.0,0.0,0.0,0.4,0.125,0.0,0.0,0.0,0.0658,520.0,False,False,None,0,0,0
12261,2026,2026,1,1,2026.0,2026.0,1,0.0,0,True,True,0,1,14.0,0.0,0,0,0.0,0,0,0,0,0,1,1,1,0,1,12261.0,Shlok Cherian,,Shlok Cherian,0.0,0.0,0.0,0.0,0.0416666666666666,0.0,0.0,0.0,0.0,0.0,0.125,0.0,0.0,0.0,0.0108,2506.0,False,False,None,0,0,0
12265,2025,2025,1,1,,,1,,0,True,True,0,1,,0.0,0,0,0.0,0,0,2,0,2,0,1,0,0,0,12265.0,Matthew Davidson,,Matthew Davidson,0.0,0.0,0.0,0.0,0.0416666666666666,0.0,0.0,0.0,0.0,0.4,0.0,0.0,0.0,0.0,0.0258,1822.0,False,False,None,0,0,0
12277,2027,2027,1,1,,,1,,0,True,True,0,2,,0.0,0,0,0.0,0,0,2,0,2,1,2,0,0,0,12277.0,Lei Shao, Beck, Beck,0.0,0.0,0.0,0.0,0.0833333333333333,0.0,0.0,0.0,0.0,0.4,0.125,0.5,0.0,0.0,0.0517,776.0,False,False,None,0,0,0
12280,2027,2027,1,1,,,1,,0,True,True,0,2,,0.0,0,0,0.0,0,0,2,0,2,1,1,0,0,0,12280.0,Jing Ding,,Jing Ding,0.0,0.0,0.0,0.0,0.0833333333333333,0.0,0.0,0.0,0.0,0.4,0.125,0.0,0.0,0.0,0.0367,1265.0,False,False,None,0,0,0
12281,2027,2027,1,1,,,1,,0,True,True,0,2,,0.0,0,0,0.0,0,0,2,0,2,1,1,0,0,0,12281.0,Todd Molina,,Todd Molina,0.0,0.0,0.0,0.0,0.0833333333333333,0.0,0.0,0.0,0.0,0.4,0.125,0.0,0.0,0.0,0.0367,1265.0,False,False,None,0,0,0
12283,2027,2027,1,1,2027.0,2027.0,1,0.0,0,True,True,0,6,13.0,0.0,1,0,0.0,0,0,1,0,1,0,1,0,0,0,12283.0,Yong Tan,,Yong Tan,0.0,0.0,0.0,0.0,0.25,0.1428571428571428,0.0,0.0,0.0,0.2,0.0,0.0,0.0,0.0,0.0621,572.0,False,False,None,0,0,0
12284,2027,2027,1,1,2027.0,2027.0,1,0.0,0,True,True,0,6,13.0,0.0,1,0,0.0,0,0,1,0,1,0,1,0,0,0,12284.0,Li Jin,,Li Jin,0.0,0.0,0.0,0.0,0.25,0.1428571428571428,0.0,0.0,0.0,0.2,0.0,0.0,0.0,0.0,0.0621,572.0,False,False,None,0,0,0
12290,2029,2029,1,1,,,1,,0,True,True,0,1,,0.0,0,0,0.0,0,0,1,0,1,0,2,0,0,0,12290.0,Andrea Green,,Andrea Green,0.0,0.0,0.0,0.0,0.0416666666666666,0.0,0.0,0.0,0.0,0.2,0.0,0.5,0.0,0.0,0.0308,1542.0,False,False,None,0,0,0
12302,2026,2026,1,1,,,1,,0,True,True,0,2,,0.0,0,0,0.0,0,0,1,0,1,1,1,0,0,0,12302.0,Ming Yao, Indigo Storm, Indigo Storm,0.0,0.0,0.0,0.0,0.0833333333333333,0.0,0.0,0.0,0.0,0.2,0.125,0.0,0.0,0.0,0.0267,1762.0,False,False,None,0,0,0
12303,2026,2026,1,1,,,1,,0,True,True,0,2,,0.0,0,0,0.0,0,0,1,0,1,1,2,0,0,0,12303.0,Fang Xiao,,Fang Xiao,0.0,0.0,0.0,0.0,0.0833333333333333,0.0,0.0,0.0,0.0,0.2,0.125,0.5,0.0,0.0,0.0417,1088.0,False,False,None,0,0,0
12304,2026,2026,1,1,,,1,,0,True,True,0,2,,0.0,0,0,0.0,0,0,1,0,1,1,1,0,0,0,12304.0,Chao Xiong,,Chao Xiong,0.0,0.0,0.0,0.0,0.0833333333333333,0.0,0.0,0.0,0.0,0.2,0.125,0.0,0.0,0.0,0.0267,1762.0,False,False,None,0,0,0
12305,2026,2026,1,1,,,1,,0,True,True,0,2,,0.0,0,0,0.0,0,0,1,0,1,1,2,0,0,0,12305.0,Yang He,,Yang He,0.0,0.0,0.0,0.0,0.0833333333333333,0.0,0.0,0.0,0.0,0.2,0.125,0.5,0.0,0.0,0.0417,1088.0,False,False,None,0,0,0
12306,2026,2026,1,1,,,1,,0,True,True,0,2,,0.0,0,0,0.0,0,0,1,0,1,1,1,0,0,0,12306.0,Yan Cheng,,Yan Cheng,0.0,0.0,0.0,0.0,0.0833333333333333,0.0,0.0,0.0,0.0,0.2,0.125,0.0,0.0,0.0,0.0267,1762.0,False,False,None,0,0,0
12307,2026,2026,1,1,,,1,,0,True,True,0,2,,0.0,0,0,0.0,0,0,1,0,1,1,1,0,0,0,12307.0,Yan Long,,Yan Long,0.0,0.0,0.0,0.0,0.0833333333333333,0.0,0.0,0.0,0.0,0.2,0.125,0.0,0.0,0.0,0.0267,1762.0,False,False,None,0,0,0
12314,2025,2025,1,1,,,1,,0,True,True,0,3,,0.0,3,0,0.0,0,0,2,0,2,1,1,0,0,0,12314.0,Xia Han,,Xia Han,0.0,0.0,0.0,0.0,0.125,0.4285714285714285,0.0,0.0,0.0,0.4,0.125,0.0,0.0,0.0,0.0939,264.0,False,False,None,0,0,0
12315,2025,2025,1,1,,,1,,0,True,True,0,3,,0.0,3,0,0.0,0,0,2,0,2,1,1,0,0,0,12315.0,Yan Ren,,Yan Ren,0.0,0.0,0.0,0.0,0.125,0.4285714285714285,0.0,0.0,0.0,0.4,0.125,0.0,0.0,0.0,0.0939,264.0,False,False,None,0,0,0
12323,2029,2029,1,1,,,1,,0,True,True,0,1,,0.0,2,0,0.0,0,0,1,0,1,0,1,0,0,0,12323.0,Matthew Lopez,,Matthew Lopez,0.0,0.0,0.0,0.0,0.0416666666666666,0.2857142857142857,0.0,0.0,0.0,0.2,0.0,0.0,0.0,0.0,0.0501,809.0,False,False,None,0,0,0
12324,2029,2029,1,1,,,1,,0,True,True,0,1,,0.0,2,0,0.0,0,0,1,0,1,0,1,0,0,0,12324.0,Linda Garza,,Linda Garza,0.0,0.0,0.0,0.0,0.0416666666666666,0.2857142857142857,0.0,0.0,0.0,0.2,0.0,0.0,0.0,0.0,0.0501,809.0,False,False,None,0,0,0
12325,2029,2029,1,1,,,1,,0,True,True,0,1,,0.0,2,0,0.0,0,0,1,0,1,0,1,0,0,0,12325.0,Jie Du,,Jie Du,0.0,0.0,0.0,0.0,0.0416666666666666,0.2857142857142857,0.0,0.0,0.0,0.2,0.0,0.0,0.0,0.0,0.0501,809.0,False,False,None,0,0,0
12326,2029,2029,1,1,,,1,,0,True,True,0,1,,0.0,2,0,0.0,0,0,1,0,1,0,1,0,0,0,12326.0,Ming Ma,,Ming Ma,0.0,0.0,0.0,0.0,0.0416666666666666,0.2857142857142857,0.0,0.0,0.0,0.2,0.0,0.0,0.0,0.0,0.0501,809.0,False,False,None,0,0,0
12327,2029,2029,1,1,,,1,,0,True,True,0,1,,0.0,2,0,0.0,0,0,1,0,1,0,1,0,0,0,12327.0,Fang Feng,,Fang Feng,0.0,0.0,0.0,0.0,0.0416666666666666,0.2857142857142857,0.0,0.0,0.0,0.2,0.0,0.0,0.0,0.0,0.0501,809.0,False,False,None,0,0,0
12330,2026,2026,1,1,2036.0,2036.0,1,10.0,0,True,True,0,1,4.0,0.6,1,0,0.0,0,0,1,0,1,0,2,0,0,0,12330.0,Yong Hu,,Yong Hu,0.0,0.0,0.0,0.0,0.0416666666666666,0.1428571428571428,0.0,0.0,0.0,0.2,0.0,0.5,0.6,0.0,0.126,118.0,False,False,None,0,0,0
12331,2026,2026,1,1,2036.0,2036.0,1,10.0,0,True,True,0,1,4.0,0.6,1,0,0.0,0,0,1,0,1,0,1,0,0,0,12331.0,Lei Qiao,,Lei Qiao,0.0,0.0,0.0,0.0,0.0416666666666666,0.1428571428571428,0.0,0.0,0.0,0.2,0.0,0.0,0.6,0.0,0.111,166.0,False,False,None,0,0,0
12348,2026,2026,1,1,2026.0,2026.0,1,0.0,0,True,True,0,5,14.0,0.0,1,0,0.0,0,0,1,0,1,1,1,0,0,0,12348.0,Ming Lu,,Ming Lu,0.0,0.0,0.0,0.0,0.2083333333333333,0.1428571428571428,0.0,0.0,0.0,0.2,0.125,0.0,0.0,0.0,0.0613,588.0,False,False,None,0,0,0
12349,2026,2026,1,1,2026.0,2026.0,1,0.0,0,True,True,0,5,14.0,0.0,1,0,0.0,0,0,1,0,1,1,1,0,0,0,12349.0,Jing Duan,,Jing Duan,0.0,0.0,0.0,0.0,0.2083333333333333,0.1428571428571428,0.0,0.0,0.0,0.2,0.125,0.0,0.0,0.0,0.0613,588.0,False,False,None,0,0,0
12353,2026,2026,1,1,,,1,,0,True,True,0,1,,0.0,1,0,0.0,0,0,0,0,0,1,1,0,0,0,12353.0,Sherry Bell,Echo Epoch,Echo Epoch,0.0,0.0,0.0,0.0,0.0416666666666666,0.1428571428571428,0.0,0.0,0.0,0.0,0.125,0.0,0.0,0.0,0.028,1669.0,False,False,None,0,0,0
12354,2026,2026,1,1,,,1,,0,True,True,0,1,,0.0,1,0,0.0,0,0,0,0,0,1,1,0,0,0,12354.0,James Middleton,,James Middleton,0.0,0.0,0.0,0.0,0.0416666666666666,0.1428571428571428,0.0,0.0,0.0,0.0,0.125,0.0,0.0,0.0,0.028,1669.0,False,False,None,0,0,0
12355,2026,2026,1,1,,,1,,0,True,True,0,1,,0.0,1,0,0.0,0,0,0,0,0,1,1,0,0,0,12355.0,Jacob Gomez,,Jacob Gomez,0.0,0.0,0.0,0.0,0.0416666666666666,0.1428571428571428,0.0,0.0,0.0,0.0,0.125,0.0,0.0,0.0,0.028,1669.0,False,False,None,0,0,0
12359,2029,2029,1,1,2029.0,2029.0,1,0.0,0,True,True,0,3,11.0,0.0,0,0,0.0,0,0,1,0,1,0,2,0,0,0,12359.0,Samiha Hayre,,Samiha Hayre,0.0,0.0,0.0,0.0,0.125,0.0,0.0,0.0,0.0,0.2,0.0,0.5,0.0,0.0,0.0425,1060.0,False,False,None,0,0,0
12360,2029,2029,1,1,2029.0,2029.0,1,0.0,0,True,True,0,3,11.0,0.0,0,0,0.0,0,0,1,0,1,0,1,0,0,0,12360.0,Anahi Buch,,Anahi Buch,0.0,0.0,0.0,0.0,0.125,0.0,0.0,0.0,0.0,0.2,0.0,0.0,0.0,0.0,0.0275,1672.0,False,False,None,0,0,0
12361,2029,2029,1,1,2029.0,2029.0,1,0.0,0,True,True,0,3,11.0,0.0,0,0,0.0,0,0,1,0,1,0,1,0,0,0,12361.0,Jhanvi Krishnamurthy,,Jhanvi Krishnamurthy,0.0,0.0,0.0,0.0,0.125,0.0,0.0,0.0,0.0,0.2,0.0,0.0,0.0,0.0,0.0275,1672.0,False,False,None,0,0,0
12371,2025,2025,1,1,,,1,,0,True,True,0,2,,0.0,0,0,0.0,0,0,2,0,2,2,1,0,0,0,12371.0,Yang Zheng,,Yang Zheng,0.0,0.0,0.0,0.0,0.0833333333333333,0.0,0.0,0.0,0.0,0.4,0.25,0.0,0.0,0.0,0.0417,1088.0,False,False,None,0,0,0
12372,2025,2025,1,1,,,1,,0,True,True,0,2,,0.0,0,0,0.0,0,0,2,0,2,2,1,0,0,0,12372.0,Jing Wu,,Jing Wu,0.0,0.0,0.0,0.0,0.0833333333333333,0.0,0.0,0.0,0.0,0.4,0.25,0.0,0.0,0.0,0.0417,1088.0,False,False,None,0,0,0
12387,2029,2029,1,1,,,1,,0,True,True,0,6,,0.0,1,0,0.0,0,0,1,0,1,1,1,0,0,0,12387.0,Fang He,Requiem,Requiem,0.0,0.0,0.0,0.0,0.25,0.1428571428571428,0.0,0.0,0.0,0.2,0.125,0.0,0.0,0.0,0.0671,494.0,False,False,None,0,0,0
12388,2029,2029,1,1,,,1,,0,True,True,0,6,,0.0,1,0,0.0,0,0,1,0,1,1,1,0,0,0,12388.0,Chao Song,,Chao Song,0.0,0.0,0.0,0.0,0.25,0.1428571428571428,0.0,0.0,0.0,0.2,0.125,0.0,0.0,0.0,0.0671,494.0,False,False,None,0,0,0
12394,2026,2026,1,1,,,1,,0,True,True,0,3,,0.0,2,0,0.0,0,0,1,0,1,0,1,0,0,0,12394.0,Ming Yang,,Ming Yang,0.0,0.0,0.0,0.0,0.125,0.2857142857142857,0.0,0.0,0.0,0.2,0.0,0.0,0.0,0.0,0.0618,579.0,False,False,None,0,0,0
12402,2027,2027,1,1,,,1,,0,True,True,0,5,,0.0,0,0,0.0,0,0,1,0,1,0,2,0,0,0,12402.0,Li Fan,,Li Fan,0.0,0.0,0.0,0.0,0.2083333333333333,0.0,0.0,0.0,0.0,0.2,0.0,0.5,0.0,0.0,0.0542,722.0,False,False,None,0,0,0
12403,2027,2027,1,1,,,1,,0,True,True,0,5,,0.0,0,0,0.0,0,0,1,0,1,0,2,0,0,0,12403.0,Kathryn Garcia,,Kathryn Garcia,0.0,0.0,0.0,0.0,0.2083333333333333,0.0,0.0,0.0,0.0,0.2,0.0,0.5,0.0,0.0,0.0542,722.0,False,False,None,0,0,0
12404,2027,2027,1,1,,,1,,0,True,True,0,5,,0.0,0,0,0.0,0,0,1,0,1,0,1,0,0,0,12404.0,Yong Wei,,Yong Wei,0.0,0.0,0.0,0.0,0.2083333333333333,0.0,0.0,0.0,0.0,0.2,0.0,0.0,0.0,0.0,0.0392,1154.0,False,False,None,0,0,0
12405,2027,2027,1,1,,,1,,0,True,True,0,5,,0.0,0,0,0.0,0,0,1,0,1,0,1,0,0,0,12405.0,Susan Holmes,,Susan Holmes,0.0,0.0,0.0,0.0,0.2083333333333333,0.0,0.0,0.0,0.0,0.2,0.0,0.0,0.0,0.0,0.0392,1154.0,False,False,None,0,0,0
12406,2027,2027,1,1,,,1,,0,True,True,0,5,,0.0,0,0,0.0,0,0,1,0,1,0,1,0,0,0,12406.0,Xiulan Meng,,Xiulan Meng,0.0,0.0,0.0,0.0,0.2083333333333333,0.0,0.0,0.0,0.0,0.2,0.0,0.0,0.0,0.0,0.0392,1154.0,False,False,None,0,0,0
12411,2029,2029,1,1,,,1,,0,True,True,0,3,,0.0,2,0,0.0,0,0,2,0,2,1,1,0,0,0,12411.0,Loïs Knoers,,Loïs Knoers,0.0,0.0,0.0,0.0,0.125,0.2857142857142857,0.0,0.0,0.0,0.4,0.125,0.0,0.0,0.0,0.0768,389.0,False,False,None,0,0,0
12412,2029,2029,1,1,,,1,,0,True,True,0,3,,0.0,2,0,0.0,0,0,2,0,2,1,1,0,0,0,12412.0,Brian Brewer,,Brian Brewer,0.0,0.0,0.0,0.0,0.125,0.2857142857142857,0.0,0.0,0.0,0.4,0.125,0.0,0.0,0.0,0.0768,389.0,False,False,None,0,0,0
12413,2029,2029,1,1,,,1,,0,True,True,0,3,,0.0,2,0,0.0,0,0,2,0,2,1,1,0,0,0,12413.0,Randall Johnson,,Randall Johnson,0.0,0.0,0.0,0.0,0.125,0.2857142857142857,0.0,0.0,0.0,0.4,0.125,0.0,0.0,0.0,0.0768,389.0,False,False,None,0,0,0
12415,2029,2029,1,1,,,1,,0,True,True,0,3,,0.0,2,0,0.0,0,0,2,0,2,1,1,0,0,0,12415.0,Michael Bradford,,Michael Bradford,0.0,0.0,0.0,0.0,0.125,0.2857142857142857,0.0,0.0,0.0,0.4,0.125,0.0,0.0,0.0,0.0768,389.0,False,False,None,0,0,0
12417,2029,2029,1,1,,,1,,0,True,True,0,3,,0.0,2,0,0.0,0,0,2,0,2,1,1,0,0,0,12417.0,Isabell Wulff,,Isabell Wulff,0.0,0.0,0.0,0.0,0.125,0.2857142857142857,0.0,0.0,0.0,0.4,0.125,0.0,0.0,0.0,0.0768,389.0,False,False,None,0,0,0
12420,2028,2028,1,1,,,1,,0,True,True,0,4,,0.0,0,0,0.0,0,0,1,0,1,2,1,0,0,0,12420.0,Martha Patrick,,Martha Patrick,0.0,0.0,0.0,0.0,0.1666666666666666,0.0,0.0,0.0,0.0,0.2,0.25,0.0,0.0,0.0,0.0433,1026.0,False,False,None,0,0,0
12421,2028,2028,1,1,,,1,,0,True,True,0,4,,0.0,0,0,0.0,0,0,1,0,1,2,1,0,0,0,12421.0,Wei Liu,,Wei Liu,0.0,0.0,0.0,0.0,0.1666666666666666,0.0,0.0,0.0,0.0,0.2,0.25,0.0,0.0,0.0,0.0433,1026.0,False,False,None,0,0,0
12430,2028,2028,1,1,,,1,,0,True,True,0,4,,0.0,2,0,0.0,0,0,1,0,1,0,1,0,0,0,12430.0,Xia Mao,,Xia Mao,0.0,0.0,0.0,0.0,0.1666666666666666,0.2857142857142857,0.0,0.0,0.0,0.2,0.0,0.0,0.0,0.0,0.0676,479.0,False,False,None,0,0,0
12431,2028,2028,1,1,,,1,,0,True,True,0,4,,0.0,2,0,0.0,0,0,1,0,1,0,1,0,0,0,12431.0,Juan Zhong,,Juan Zhong,0.0,0.0,0.0,0.0,0.1666666666666666,0.2857142857142857,0.0,0.0,0.0,0.2,0.0,0.0,0.0,0.0,0.0676,479.0,False,False,None,0,0,0
12432,2028,2028,1,1,,,1,,0,True,True,0,4,,0.0,2,0,0.0,0,0,1,0,1,0,1,0,0,0,12432.0,Guiying Qian,,Guiying Qian,0.0,0.0,0.0,0.0,0.1666666666666666,0.2857142857142857,0.0,0.0,0.0,0.2,0.0,0.0,0.0,0.0,0.0676,479.0,False,False,None,0,0,0
12433,2028,2028,1,1,,,1,,0,True,True,0,4,,0.0,2,0,0.0,0,0,1,0,1,0,1,0,0,0,12433.0,Jun Qin,,Jun Qin,0.0,0.0,0.0,0.0,0.1666666666666666,0.2857142857142857,0.0,0.0,0.0,0.2,0.0,0.0,0.0,0.0,0.0676,479.0,False,False,None,0,0,0
12474,2026,2026,1,1,,,1,,0,True,True,0,2,,0.0,0,0,0.0,0,0,1,0,1,0,1,0,0,0,12474.0,Chao Wei,,Chao Wei,0.0,0.0,0.0,0.0,0.0833333333333333,0.0,0.0,0.0,0.0,0.2,0.0,0.0,0.0,0.0,0.0217,1958.0,False,False,None,0,0,0
12480,2027,2028,2,2,,,1,,1,True,True,0,7,,0.0,0,0,9.0,0,0,2,0,2,2,2,0,0,0,12480.0,Fang Xiao,,Fang Xiao,0.0,0.9,0.315,0.0,0.2916666666666666,0.0,0.0,0.0,0.0,0.4,0.25,0.5,0.0,0.315,0.1173,140.0,False,False,None,0,0,0
12481,2028,2028,1,1,,,1,,0,True,True,0,3,,0.0,0,0,0.0,0,0,1,0,1,1,1,0,0,0,12481.0,Steven Smith,,Steven Smith,0.0,0.0,0.0,0.0,0.125,0.0,0.0,0.0,0.0,0.2,0.125,0.0,0.0,0.0,0.0325,1451.0,False,False,None,0,0,0
12482,2028,2028,1,1,,,1,,0,True,True,0,3,,0.0,0,0,0.0,0,0,1,0,1,1,1,0,0,0,12482.0,Wei Luo,,Wei Luo,0.0,0.0,0.0,0.0,0.125,0.0,0.0,0.0,0.0,0.2,0.125,0.0,0.0,0.0,0.0325,1451.0,False,False,None,0,0,0
12483,2027,2028,2,2,,,1,,1,True,True,0,7,,0.0,0,0,9.0,0,0,2,0,2,2,3,0,0,0,12483.0,Yan Yang,,Yan Yang,0.0,0.9,0.315,0.0,0.2916666666666666,0.0,0.0,0.0,0.0,0.4,0.25,1.0,0.0,0.315,0.1323,105.0,False,False,None,0,0,0
12484,2027,2028,2,2,,,1,,1,True,True,0,7,,0.0,0,0,9.0,0,0,2,0,2,2,1,0,0,0,12484.0,Jie Xie,,Jie Xie,0.0,0.9,0.315,0.0,0.2916666666666666,0.0,0.0,0.0,0.0,0.4,0.25,0.0,0.0,0.315,0.1023,199.0,False,False,None,0,0,0
12485,2028,2028,1,1,,,1,,0,True,True,0,3,,0.0,0,0,0.0,0,0,1,0,1,1,1,0,0,0,12485.0,Lei Bai,,Lei Bai,0.0,0.0,0.0,0.0,0.125,0.0,0.0,0.0,0.0,0.2,0.125,0.0,0.0,0.0,0.0325,1451.0,False,False,None,0,0,0
12486,2028,2028,1,1,,,1,,0,True,True,0,3,,0.0,0,0,0.0,0,0,1,0,1,1,1,0,0,0,12486.0,Brittany Holmes,,Brittany Holmes,0.0,0.0,0.0,0.0,0.125,0.0,0.0,0.0,0.0,0.2,0.125,0.0,0.0,0.0,0.0325,1451.0,False,False,None,0,0,0
12487,2028,2028,1,1,,,1,,0,True,True,0,3,,0.0,0,0,0.0,0,0,1,0,1,1,1,0,0,0,12487.0,Yan Fu,,Yan Fu,0.0,0.0,0.0,0.0,0.125,0.0,0.0,0.0,0.0,0.2,0.125,0.0,0.0,0.0,0.0325,1451.0,False,False,None,0,0,0
12488,2028,2028,1,1,,,1,,0,True,True,0,3,,0.0,0,0,0.0,0,0,1,0,1,1,1,0,0,0,12488.0,Xia Liang,,Xia Liang,0.0,0.0,0.0,0.0,0.125,0.0,0.0,0.0,0.0,0.2,0.125,0.0,0.0,0.0,0.0325,1451.0,False,False,None,0,0,0
12491,2029,2029,1,1,,,1,,0,True,True,0,5,,0.0,0,0,0.0,0,0,1,0,1,0,2,1,3,4,12491.0,Guiying Zhong,,Guiying Zhong,0.0,0.0,0.0,0.0,0.2083333333333333,0.0,0.0,0.0,0.0,0.2,0.0,0.5,0.0,0.0,0.0542,722.0,False,False,None,0,0,0
12492,2029,2029,1,1,,,1,,0,True,True,0,5,,0.0,0,0,0.0,0,0,1,0,1,0,2,1,3,4,12492.0,Qiang Yang,,Qiang Yang,0.0,0.0,0.0,0.0,0.2083333333333333,0.0,0.0,0.0,0.0,0.2,0.0,0.5,0.0,0.0,0.0542,722.0,False,False,None,0,0,0
12493,2029,2029,1,1,,,1,,0,True,True,0,5,,0.0,0,0,0.0,0,0,1,0,1,0,1,1,3,4,12493.0,Lei Liao,,Lei Liao,0.0,0.0,0.0,0.0,0.2083333333333333,0.0,0.0,0.0,0.0,0.2,0.0,0.0,0.0,0.0,0.0392,1154.0,False,False,None,0,0,0
12502,2029,2029,1,1,,,1,,0,True,True,0,1,,0.0,0,0,0.0,0,0,2,0,2,0,2,0,0,0,12502.0,Alisha Fernandez,,Alisha Fernandez,0.0,0.0,0.0,0.0,0.0416666666666666,0.0,0.0,0.0,0.0,0.4,0.0,0.5,0.0,0.0,0.0408,1116.0,False,False,None,0,0,0
12503,2029,2029,1,1,,,1,,0,True,True,0,1,,0.0,0,0,0.0,0,0,2,0,2,0,1,0,0,0,12503.0,Betty Vega,,Betty Vega,0.0,0.0,0.0,0.0,0.0416666666666666,0.0,0.0,0.0,0.0,0.4,0.0,0.0,0.0,0.0,0.0258,1822.0,False,False,None,0,0,0
12509,2025,2025,1,1,,,1,,0,True,True,0,1,,0.0,1,0,0.0,0,0,1,0,1,1,1,0,0,0,12509.0,Yang Li,,Yang Li,0.0,0.0,0.0,0.0,0.0416666666666666,0.1428571428571428,0.0,0.0,0.0,0.2,0.125,0.0,0.0,0.0,0.038,1250.0,False,False,None,0,0,0
12510,2025,2026,3,3,2026.0,2026.0,3,1.0,1,True,True,0,3,14.0,0.0,2,0,5.0,0,0,2,0,2,1,1,0,0,0,12510.0,Min Yin,,Min Yin,0.0,0.5,0.175,0.0,0.125,0.2857142857142857,0.0,0.0,0.6666666666666667,0.4,0.125,0.0,0.0,0.175,0.141,88.0,False,False,None,0,0,0
12511,2025,2025,1,1,,,1,,0,True,True,0,1,,0.0,1,0,0.0,0,0,1,0,1,1,2,0,0,0,12511.0,Juan Bai,,Juan Bai,0.0,0.0,0.0,0.0,0.0416666666666666,0.1428571428571428,0.0,0.0,0.0,0.2,0.125,0.5,0.0,0.0,0.053,768.0,False,False,None,0,0,0
12513,2029,2029,1,1,,,1,,0,True,True,0,2,,0.0,0,0,0.0,0,0,1,0,1,0,2,0,0,0,12513.0,Indrajit Chana,,Indrajit Chana,0.0,0.0,0.0,0.0,0.0833333333333333,0.0,0.0,0.0,0.0,0.2,0.0,0.5,0.0,0.0,0.0367,1265.0,False,False,None,0,0,0
12514,2029,2029,1,1,,,1,,0,True,True,0,2,,0.0,0,0,0.0,0,0,1,0,1,0,1,0,0,0,12514.0,Fateh Bhatt,,Fateh Bhatt,0.0,0.0,0.0,0.0,0.0833333333333333,0.0,0.0,0.0,0.0,0.2,0.0,0.0,0.0,0.0,0.0217,1958.0,False,False,None,0,0,0
12525,2030,2030,1,1,,,1,,0,True,True,1,2,,0.0,0,0,0.0,0,0,0,0,0,0,1,1,1,2,12525.0,Jie Li,Harmonic Paradox,Harmonic Paradox,0.0,0.0,0.0,0.0833333333333333,0.0833333333333333,0.0,0.0,0.0,0.0,0.0,0.0,0.0,0.0,0.0,0.025,1899.0,False,False,None,0,0,0
12526,2025,2027,2,1,,,2,,2,True,True,0,2,,0.0,0,0,2.0,0,0,3,0,3,0,2,1,1,2,12526.0,Na Dai,,Na Dai,0.0,0.2,0.07,0.0,0.0833333333333333,0.0,0.0,0.0,0.3333333333333333,0.6000000000000001,0.0,0.5,0.0,0.0699999999999999,0.087,315.0,True,False,Andean Horizon,0,0,0
12527,2027,2030,2,2,,,1,,3,True,True,1,3,,0.0,0,0,1.0,0,0,1,0,1,0,2,2,2,4,12527.0,Xia Wu,,Xia Wu,0.0,0.1,0.035,0.0833333333333333,0.125,0.0,0.0,0.0,0.0,0.2,0.0,0.5,0.0,0.0349999999999999,0.0593,628.0,True,False,Andean Horizon,0,0,0
12528,2030,2030,1,1,,,1,,0,True,True,1,2,,0.0,0,0,0.0,0,0,0,0,0,0,1,1,1,2,12528.0,Mary King,,Mary King,0.0,0.0,0.0,0.0833333333333333,0.0833333333333333,0.0,0.0,0.0,0.0,0.0,0.0,0.0,0.0,0.0,0.025,1899.0,False,False,None,0,0,0
12529,2030,2030,1,1,,,1,,0,True,True,1,2,,0.0,0,0,0.0,0,0,0,0,0,0,2,1,1,2,12529.0,Xia Zhao,,Xia Zhao,0.0,0.0,0.0,0.0833333333333333,0.0833333333333333,0.0,0.0,0.0,0.0,0.0,0.0,0.5,0.0,0.0,0.04,1152.0,False,False,None,0,0,0
12536,2027,2027,1,1,,,1,,0,True,True,0,8,,0.0,0,0,0.0,0,0,0,0,0,2,2,0,0,0,12536.0,Monica Coleman,,Monica Coleman,0.0,0.0,0.0,0.0,0.3333333333333333,0.0,0.0,0.0,0.0,0.0,0.25,0.5,0.0,0.0,0.0717,440.0,False,False,None,0,0,0
12537,2027,2027,1,1,,,1,,0,True,True,0,8,,0.0,0,0,0.0,0,0,0,0,0,2,2,0,0,0,12537.0,Guiying Yao,,Guiying Yao,0.0,0.0,0.0,0.0,0.3333333333333333,0.0,0.0,0.0,0.0,0.0,0.25,0.5,0.0,0.0,0.0717,440.0,False,False,None,0,0,0
12541,2026,2026,1,1,,,1,,0,True,True,0,1,,0.0,1,0,0.0,0,0,1,0,1,0,1,0,0,0,12541.0,Wei Qiu,,Wei Qiu,0.0,0.0,0.0,0.0,0.0416666666666666,0.1428571428571428,0.0,0.0,0.0,0.2,0.0,0.0,0.0,0.0,0.033,1390.0,False,False,None,0,0,0
12551,2029,2029,1,1,,,1,,0,True,True,0,0,,0.0,0,0,0.0,0,0,1,0,1,0,1,0,0,0,12551.0,Lei Su,,Lei Su,0.0,0.0,0.0,0.0,0.0,0.0,0.0,0.0,0.0,0.2,0.0,0.0,0.0,0.0,0.01,2522.0,False,False,None,0,0,0
12552,2029,2029,1,1,,,1,,0,True,True,0,0,,0.0,0,0,0.0,0,0,1,0,1,0,1,0,0,0,12552.0,Jie Tao,,Jie Tao,0.0,0.0,0.0,0.0,0.0,0.0,0.0,0.0,0.0,0.2,0.0,0.0,0.0,0.0,0.01,2522.0,False,False,None,0,0,0
12556,2027,2027,1,1,2027.0,2027.0,1,0.0,0,True,True,0,1,13.0,0.0,0,0,0.0,0,0,1,0,1,0,1,0,0,0,12556.0,Lei Lai,,Lei Lai,0.0,0.0,0.0,0.0,0.0416666666666666,0.0,0.0,0.0,0.0,0.2,0.0,0.0,0.0,0.0,0.0158,2169.0,False,False,None,0,0,0
12560,2026,2026,1,1,,,1,,0,True,True,0,2,,0.0,0,0,0.0,0,0,1,0,1,1,1,0,0,0,12560.0,Juan Chen,,Juan Chen,0.0,0.0,0.0,0.0,0.0833333333333333,0.0,0.0,0.0,0.0,0.2,0.125,0.0,0.0,0.0,0.0267,1762.0,False,False,None,0,0,0
12561,2026,2026,1,1,,,1,,0,True,True,0,2,,0.0,0,0,0.0,0,0,1,0,1,1,1,0,0,0,12561.0,Tao Lai,,Tao Lai,0.0,0.0,0.0,0.0,0.0833333333333333,0.0,0.0,0.0,0.0,0.2,0.125,0.0,0.0,0.0,0.0267,1762.0,False,False,None,0,0,0
12562,2026,2026,1,1,,,1,,0,True,True,0,2,,0.0,0,0,0.0,0,0,1,0,1,1,1,0,0,0,12562.0,Yang Cui,,Yang Cui,0.0,0.0,0.0,0.0,0.0833333333333333,0.0,0.0,0.0,0.0,0.2,0.125,0.0,0.0,0.0,0.0267,1762.0,False,False,None,0,0,0
12563,2026,2026,1,1,,,1,,0,True,True,0,2,,0.0,0,0,0.0,0,0,1,0,1,1,1,0,0,0,12563.0,Qiang Li,,Qiang Li,0.0,0.0,0.0,0.0,0.0833333333333333,0.0,0.0,0.0,0.0,0.2,0.125,0.0,0.0,0.0,0.0267,1762.0,False,False,None,0,0,0
12565,2029,2029,1,1,,,1,,0,True,True,0,3,,0.0,0,0,0.0,0,0,1,0,1,0,1,0,0,0,12565.0,Brianna Williams,,Brianna Williams,0.0,0.0,0.0,0.0,0.125,0.0,0.0,0.0,0.0,0.2,0.0,0.0,0.0,0.0,0.0275,1672.0,False,False,None,0,0,0
12566,2029,2029,1,1,,,1,,0,True,True,0,3,,0.0,0,0,0.0,0,0,1,0,1,0,1,0,0,0,12566.0,Whitney Williams,,Whitney Williams,0.0,0.0,0.0,0.0,0.125,0.0,0.0,0.0,0.0,0.2,0.0,0.0,0.0,0.0,0.0275,1672.0,False,False,None,0,0,0
12567,2029,2029,1,1,,,1,,0,True,True,0,3,,0.0,0,0,0.0,0,0,1,0,1,0,1,0,0,0,12567.0,Krystyna Szklarek,,Krystyna Szklarek,0.0,0.0,0.0,0.0,0.125,0.0,0.0,0.0,0.0,0.2,0.0,0.0,0.0,0.0,0.0275,1672.0,False,False,None,0,0,0
12568,2029,2029,1,1,,,1,,0,True,True,0,3,,0.0,0,0,0.0,0,0,1,0,1,0,1,0,0,0,12568.0,Trevor Freeman,,Trevor Freeman,0.0,0.0,0.0,0.0,0.125,0.0,0.0,0.0,0.0,0.2,0.0,0.0,0.0,0.0,0.0275,1672.0,False,False,None,0,0,0
12579,2029,2029,1,1,,,1,,0,True,True,0,2,,0.0,1,0,0.0,0,0,1,0,1,2,2,0,0,0,12579.0,Tao Yan,,Tao Yan,0.0,0.0,0.0,0.0,0.0833333333333333,0.1428571428571428,0.0,0.0,0.0,0.2,0.25,0.5,0.0,0.0,0.0638,552.0,False,False,None,0,0,0
12580,2029,2029,1,1,,,1,,0,True,True,0,2,,0.0,1,0,0.0,0,0,1,0,1,2,1,0,0,0,12580.0,Jing Kong,,Jing Kong,0.0,0.0,0.0,0.0,0.0833333333333333,0.1428571428571428,0.0,0.0,0.0,0.2,0.25,0.0,0.0,0.0,0.0488,860.0,False,False,None,0,0,0
12614,2025,2025,1,1,2025.0,2025.0,1,0.0,0,True,True,0,1,15.0,0.0,6,0,0.0,0,0,1,0,1,0,2,0,0,0,12614.0,Jun Liu,,Jun Liu,0.0,0.0,0.0,0.0,0.0416666666666666,0.8571428571428571,0.0,0.0,0.0,0.2,0.0,0.5,0.0,0.0,0.1337,104.0,False,False,None,0,0,0
12626,2027,2027,1,1,,,1,,0,True,True,0,1,,0.0,0,0,0.0,0,0,1,0,1,0,2,1,1,2,12626.0,Qiang Jiang,,Qiang Jiang,0.0,0.0,0.0,0.0,0.0416666666666666,0.0,0.0,0.0,0.0,0.2,0.0,0.5,0.0,0.0,0.0308,1542.0,False,False,None,0,0,0
12627,2027,2027,1,1,,,1,,0,True,True,0,1,,0.0,0,0,0.0,0,0,1,0,1,0,1,1,1,2,12627.0,Jie Xu,,Jie Xu,0.0,0.0,0.0,0.0,0.0416666666666666,0.0,0.0,0.0,0.0,0.2,0.0,0.0,0.0,0.0,0.0158,2169.0,False,False,None,0,0,0
12628,2027,2027,1,1,,,1,,0,True,True,0,1,,0.0,0,0,0.0,0,0,1,0,1,0,1,1,1,2,12628.0,Yan Chang,,Yan Chang,0.0,0.0,0.0,0.0,0.0416666666666666,0.0,0.0,0.0,0.0,0.2,0.0,0.0,0.0,0.0,0.0158,2169.0,False,False,None,0,0,0
12630,2026,2026,1,1,,,1,,0,True,True,0,2,,0.0,5,0,0.0,1,0,1,0,1,0,1,0,0,0,12630.0,Debra Lam,,Debra Lam,0.0,0.0,0.0,0.0,0.0833333333333333,0.7142857142857142,1.0,0.0,0.0,0.2,0.0,0.0,0.0,0.0,0.1874,39.0,False,False,None,0,0,0
12686,2031,2031,1,1,,,1,,0,True,True,1,1,,0.0,0,0,0.0,1,0,1,0,1,0,1,0,0,0,12686.0,James Medina,,James Medina,0.0,0.0,0.0,0.0833333333333333,0.0416666666666666,0.0,1.0,0.0,0.0,0.2,0.0,0.0,0.0,0.0,0.1092,179.0,False,False,None,0,0,0
12687,2031,2031,1,1,,,1,,0,True,True,1,1,,0.0,0,0,0.0,1,0,1,0,1,0,2,0,0,0,12687.0,Matthew Best,,Matthew Best,0.0,0.0,0.0,0.0833333333333333,0.0416666666666666,0.0,1.0,0.0,0.0,0.2,0.0,0.5,0.0,0.0,0.1242,122.0,False,False,None,0,0,0
12688,2031,2031,1,1,,,1,,0,True,True,1,1,,0.0,0,0,0.0,1,0,1,0,1,0,1,0,0,0,12688.0,Linda Burns,,Linda Burns,0.0,0.0,0.0,0.0833333333333333,0.0416666666666666,0.0,1.0,0.0,0.0,0.2,0.0,0.0,0.0,0.0,0.1092,179.0,False,False,None,0,0,0
12695,2029,2029,1,1,,,1,,0,True,True,0,4,,0.0,0,0,0.0,0,0,0,0,0,0,2,0,0,0,12695.0,Xiulan Du,,Xiulan Du,0.0,0.0,0.0,0.0,0.1666666666666666,0.0,0.0,0.0,0.0,0.0,0.0,0.5,0.0,0.0,0.0383,1245.0,False,False,None,0,0,0
12696,2029,2029,1,1,,,1,,0,True,True,0,4,,0.0,0,0,0.0,0,0,0,0,0,0,1,0,0,0,12696.0,Tao Hou,,Tao Hou,0.0,0.0,0.0,0.0,0.1666666666666666,0.0,0.0,0.0,0.0,0.0,0.0,0.0,0.0,0.0,0.0233,1924.0,False,False,None,0,0,0
12698,2029,2029,1,1,,,1,,0,True,True,0,4,,0.0,0,0,0.0,0,0,0,0,0,0,1,0,0,0,12698.0,Xiuying Bai,,Xiuying Bai,0.0,0.0,0.0,0.0,0.1666666666666666,0.0,0.0,0.0,0.0,0.0,0.0,0.0,0.0,0.0,0.0233,1924.0,False,False,None,0,0,0
12699,2029,2029,1,1,,,1,,0,True,True,0,4,,0.0,0,0,0.0,0,0,0,0,0,0,1,0,0,0,12699.0,Gang Cai,,Gang Cai,0.0,0.0,0.0,0.0,0.1666666666666666,0.0,0.0,0.0,0.0,0.0,0.0,0.0,0.0,0.0,0.0233,1924.0,False,False,None,0,0,0
12700,2029,2029,1,1,,,1,,0,True,True,0,4,,0.0,0,0,0.0,0,0,0,0,0,0,1,0,0,0,12700.0,Fang Tao,,Fang Tao,0.0,0.0,0.0,0.0,0.1666666666666666,0.0,0.0,0.0,0.0,0.0,0.0,0.0,0.0,0.0,0.0233,1924.0,False,False,None,0,0,0
12730,2026,2026,1,1,,,1,,0,True,True,0,4,,0.0,0,0,0.0,0,0,1,0,1,1,1,0,0,0,12730.0,Chao Zhong,,Chao Zhong,0.0,0.0,0.0,0.0,0.1666666666666666,0.0,0.0,0.0,0.0,0.2,0.125,0.0,0.0,0.0,0.0383,1217.0,False,False,None,0,0,0
12731,2026,2026,1,1,,,1,,0,True,True,0,4,,0.0,0,0,0.0,0,0,1,0,1,1,1,0,0,0,12731.0,Guiying Jia,,Guiying Jia,0.0,0.0,0.0,0.0,0.1666666666666666,0.0,0.0,0.0,0.0,0.2,0.125,0.0,0.0,0.0,0.0383,1217.0,False,False,None,0,0,0
12745,2030,2030,1,1,,,1,,0,True,True,1,2,,0.0,1,0,0.0,0,0,1,0,1,0,2,0,2,2,12745.0,Juan Lu, DA STORM, DA STORM,0.0,0.0,0.0,0.0833333333333333,0.0833333333333333,0.1428571428571428,0.0,0.0,0.0,0.2,0.0,0.5,0.0,0.0,0.0671,494.0,False,False,None,0,0,0
12746,2030,2030,1,1,,,1,,0,True,True,1,2,,0.0,1,0,0.0,0,0,1,0,1,0,1,0,2,2,12746.0,Ming Shi,,Ming Shi,0.0,0.0,0.0,0.0833333333333333,0.0833333333333333,0.1428571428571428,0.0,0.0,0.0,0.2,0.0,0.0,0.0,0.0,0.0521,773.0,False,False,None,0,0,0
12747,2030,2030,1,1,,,1,,0,True,True,1,2,,0.0,1,0,0.0,0,0,1,0,1,0,1,0,2,2,12747.0,Gang Chen,,Gang Chen,0.0,0.0,0.0,0.0833333333333333,0.0833333333333333,0.1428571428571428,0.0,0.0,0.0,0.2,0.0,0.0,0.0,0.0,0.0521,773.0,False,False,None,0,0,0
12748,2030,2030,1,1,,,1,,0,True,True,1,2,,0.0,1,0,0.0,0,0,1,0,1,0,1,0,2,2,12748.0,Na Han,,Na Han,0.0,0.0,0.0,0.0833333333333333,0.0833333333333333,0.1428571428571428,0.0,0.0,0.0,0.2,0.0,0.0,0.0,0.0,0.0521,773.0,False,False,None,0,0,0
12749,2026,2030,3,3,,,3,,4,True,True,1,9,,0.0,0,0,1.25,0,0,3,0,3,0,2,1,4,5,12749.0,Yan Luo,,Yan Luo,0.0,0.125,0.0438,0.0833333333333333,0.375,0.0,0.0,0.0,0.6666666666666667,0.6000000000000001,0.0,0.5,0.0,0.04375,0.1619,65.0,False,False,None,0,0,0
12753,2027,2027,1,1,2027.0,2027.0,1,0.0,0,True,True,0,4,13.0,0.0,0,0,0.0,0,0,0,0,0,1,1,0,0,0,12753.0,Jason Robles,,Jason Robles,0.0,0.0,0.0,0.0,0.1666666666666666,0.0,0.0,0.0,0.0,0.0,0.125,0.0,0.0,0.0,0.0283,1668.0,False,False,None,0,0,0
12754,2027,2027,1,1,2027.0,2027.0,1,0.0,0,True,True,0,4,13.0,0.0,0,0,0.0,0,0,0,0,0,1,2,0,0,0,12754.0,Sharon Roberts,,Sharon Roberts,0.0,0.0,0.0,0.0,0.1666666666666666,0.0,0.0,0.0,0.0,0.0,0.125,0.5,0.0,0.0,0.0433,1034.0,False,False,None,0,0,0
12824,2027,2027,1,1,,,1,,0,True,True,0,3,,0.0,3,0,0.0,0,0,2,0,2,0,1,0,0,0,12824.0,Christopher Fischer,,Christopher Fischer,0.0,0.0,0.0,0.0,0.125,0.4285714285714285,0.0,0.0,0.0,0.4,0.0,0.0,0.0,0.0,0.0889,292.0,False,False,None,0,0,0
12825,2027,2027,1,1,,,1,,0,True,True,0,3,,0.0,3,0,0.0,0,0,2,0,2,0,1,0,0,0,12825.0,Bartek Heleniak,,Bartek Heleniak,0.0,0.0,0.0,0.0,0.125,0.4285714285714285,0.0,0.0,0.0,0.4,0.0,0.0,0.0,0.0,0.0889,292.0,False,False,None,0,0,0
12826,2027,2027,1,1,,,1,,0,True,True,0,3,,0.0,3,0,0.0,0,0,2,0,2,0,1,0,0,0,12826.0,Sara Chung,,Sara Chung,0.0,0.0,0.0,0.0,0.125,0.4285714285714285,0.0,0.0,0.0,0.4,0.0,0.0,0.0,0.0,0.0889,292.0,False,False,None,0,0,0
12827,2027,2027,1,1,,,1,,0,True,True,0,3,,0.0,3,0,0.0,0,0,2,0,2,0,2,0,0,0,12827.0,Jerzy Majczyna,,Jerzy Majczyna,0.0,0.0,0.0,0.0,0.125,0.4285714285714285,0.0,0.0,0.0,0.4,0.0,0.5,0.0,0.0,0.1039,194.0,False,False,None,0,0,0
12828,2027,2027,1,1,,,1,,0,True,True,0,3,,0.0,3,0,0.0,0,0,2,0,2,0,1,0,0,0,12828.0,Denny Scholl-Vogt,,Denny Scholl-Vogt,0.0,0.0,0.0,0.0,0.125,0.4285714285714285,0.0,0.0,0.0,0.4,0.0,0.0,0.0,0.0,0.0889,292.0,False,False,None,0,0,0
12829,2027,2027,1,1,,,1,,0,True,True,0,3,,0.0,3,0,0.0,0,0,2,0,2,0,1,0,0,0,12829.0,Sonia Trochimiuk,,Sonia Trochimiuk,0.0,0.0,0.0,0.0,0.125,0.4285714285714285,0.0,0.0,0.0,0.4,0.0,0.0,0.0,0.0,0.0889,292.0,False,False,None,0,0,0
12830,2027,2027,1,1,,,1,,0,True,True,0,3,,0.0,3,0,0.0,0,0,2,0,2,0,1,0,0,0,12830.0,Adrian Ross,,Adrian Ross,0.0,0.0,0.0,0.0,0.125,0.4285714285714285,0.0,0.0,0.0,0.4,0.0,0.0,0.0,0.0,0.0889,292.0,False,False,None,0,0,0
12831,2027,2027,1,1,,,1,,0,True,True,0,3,,0.0,3,0,0.0,0,0,2,0,2,0,1,0,0,0,12831.0,Magret Staude,,Magret Staude,0.0,0.0,0.0,0.0,0.125,0.4285714285714285,0.0,0.0,0.0,0.4,0.0,0.0,0.0,0.0,0.0889,292.0,False,False,None,0,0,0
12832,2027,2027,1,1,,,1,,0,True,True,0,3,,0.0,3,0,0.0,0,0,2,0,2,0,2,0,0,0,12832.0,Felizitas Hermann,,Felizitas Hermann,0.0,0.0,0.0,0.0,0.125,0.4285714285714285,0.0,0.0,0.0,0.4,0.0,0.5,0.0,0.0,0.1039,194.0,False,False,None,0,0,0
12838,2027,2027,1,0,,,1,,0,True,True,0,3,,0.0,1,0,0.0,0,0,1,0,1,0,1,0,0,0,12838.0,Kristina Jones, Star XV, Star XV,0.0,0.0,0.0,0.0,0.125,0.1428571428571428,0.0,0.0,0.0,0.2,0.0,0.0,0.0,0.0,0.0446,965.0,False,False,None,0,0,0
12841,2027,2027,1,0,,,1,,0,True,True,0,3,,0.0,1,0,0.0,0,0,1,0,1,0,1,0,0,0,12841.0,Yan Qiu,,Yan Qiu,0.0,0.0,0.0,0.0,0.125,0.1428571428571428,0.0,0.0,0.0,0.2,0.0,0.0,0.0,0.0,0.0446,965.0,False,False,None,0,0,0
12843,2025,2025,1,0,,,1,,0,True,True,0,1,,0.0,0,0,0.0,0,0,2,0,2,0,2,0,0,0,12843.0,Yan Gao, HE∆VEN, HE∆VEN,0.0,0.0,0.0,0.0,0.0416666666666666,0.0,0.0,0.0,0.0,0.4,0.0,0.5,0.0,0.0,0.0408,1116.0,False,False,None,0,0,0
12844,2025,2026,2,1,,,2,,1,True,True,0,2,,0.0,0,0,5.0,0,0,3,0,3,0,1,0,0,0,12844.0,Xiulan Jin,,Xiulan Jin,0.0,0.5,0.175,0.0,0.0833333333333333,0.0,0.0,0.0,0.3333333333333333,0.6000000000000001,0.0,0.0,0.0,0.175,0.0825,345.0,False,False,None,0,0,0
12845,2025,2025,1,0,,,1,,0,True,True,0,1,,0.0,0,0,0.0,0,0,2,0,2,0,1,0,0,0,12845.0,Gang Dong,,Gang Dong,0.0,0.0,0.0,0.0,0.0416666666666666,0.0,0.0,0.0,0.0,0.4,0.0,0.0,0.0,0.0,0.0258,1822.0,False,False,None,0,0,0
12848,2026,2026,1,1,,,1,,0,True,True,0,0,,0.0,0,0,0.0,0,0,2,0,2,0,1,0,0,0,12848.0,Madison Lopez, M.C. Frost, M.C. Frost,0.0,0.0,0.0,0.0,0.0,0.0,0.0,0.0,0.0,0.4,0.0,0.0,0.0,0.0,0.02,2138.0,False,False,None,0,0,0
12850,2026,2026,1,1,,,1,,0,True,True,0,0,,0.0,0,0,0.0,0,0,2,0,2,0,1,0,0,0,12850.0,Na Chen,,Na Chen,0.0,0.0,0.0,0.0,0.0,0.0,0.0,0.0,0.0,0.4,0.0,0.0,0.0,0.0,0.02,2138.0,False,False,None,0,0,0
12851,2026,2026,1,1,,,1,,0,True,True,0,0,,0.0,0,0,0.0,0,0,2,0,2,0,2,0,0,0,12851.0,Chao Zhang,,Chao Zhang,0.0,0.0,0.0,0.0,0.0,0.0,0.0,0.0,0.0,0.4,0.0,0.5,0.0,0.0,0.035,1331.0,False,False,None,0,0,0
12878,2025,2025,1,1,,,1,,0,True,True,0,4,,0.0,0,0,0.0,0,0,1,0,1,1,2,0,0,0,12878.0,Juan He,,Juan He,0.0,0.0,0.0,0.0,0.1666666666666666,0.0,0.0,0.0,0.0,0.2,0.125,0.5,0.0,0.0,0.0533,756.0,False,False,None,0,0,0
12879,2025,2025,1,1,,,1,,0,True,True,0,4,,0.0,0,0,0.0,0,0,1,0,1,1,1,0,0,0,12879.0,Tao Yu,,Tao Yu,0.0,0.0,0.0,0.0,0.1666666666666666,0.0,0.0,0.0,0.0,0.2,0.125,0.0,0.0,0.0,0.0383,1217.0,False,False,None,0,0,0
12880,2025,2029,2,2,,,2,,4,True,True,0,8,,0.0,3,0,1.25,0,0,1,0,1,1,2,0,0,0,12880.0,Wei Luo,,Wei Luo,0.0,0.125,0.0438,0.0,0.3333333333333333,0.4285714285714285,0.0,0.0,0.3333333333333333,0.2,0.125,0.5,0.0,0.04375,0.1558,70.0,False,False,None,0,0,0
12881,2025,2025,1,1,,,1,,0,True,True,0,4,,0.0,0,0,0.0,0,0,1,0,1,1,1,0,0,0,12881.0,Frieda Mitschke,,Frieda Mitschke,0.0,0.0,0.0,0.0,0.1666666666666666,0.0,0.0,0.0,0.0,0.2,0.125,0.0,0.0,0.0,0.0383,1217.0,False,False,None,0,0,0
12883,2026,2026,1,1,,,1,,0,True,True,0,2,,0.0,0,0,0.0,0,0,1,0,1,0,2,1,2,3,12883.0,John Maldonado,,John Maldonado,0.0,0.0,0.0,0.0,0.0833333333333333,0.0,0.0,0.0,0.0,0.2,0.0,0.5,0.0,0.0,0.0367,1265.0,False,False,None,0,0,0
12887,2028,2028,1,1,,,1,,0,True,True,0,0,,0.0,0,0,0.0,0,0,1,0,1,0,1,0,0,0,12887.0,Li Xiang,,Li Xiang,0.0,0.0,0.0,0.0,0.0,0.0,0.0,0.0,0.0,0.2,0.0,0.0,0.0,0.0,0.01,2522.0,False,False,None,0,0,0
12901,2025,2025,1,1,,,1,,0,True,True,0,0,,0.0,0,0,0.0,0,0,1,0,1,0,1,0,0,0,12901.0,Xia Dai,,Xia Dai,0.0,0.0,0.0,0.0,0.0,0.0,0.0,0.0,0.0,0.2,0.0,0.0,0.0,0.0,0.01,2522.0,False,False,None,0,0,0
12902,2025,2025,1,1,,,1,,0,True,True,0,0,,0.0,0,0,0.0,0,0,1,0,1,0,1,0,0,0,12902.0,Bianca Mentzel,,Bianca Mentzel,0.0,0.0,0.0,0.0,0.0,0.0,0.0,0.0,0.0,0.2,0.0,0.0,0.0,0.0,0.01,2522.0,False,False,None,0,0,0
12904,2029,2029,1,1,,,1,,0,True,True,0,1,,0.0,1,0,0.0,0,0,2,0,2,1,1,0,0,0,12904.0,Chao Cheng,XPLICIT KAI,XPLICIT KAI,0.0,0.0,0.0,0.0,0.0416666666666666,0.1428571428571428,0.0,0.0,0.0,0.4,0.125,0.0,0.0,0.0,0.048,909.0,False,False,None,0,0,0
12906,2029,2029,1,1,,,1,,0,True,True,0,1,,0.0,1,0,0.0,0,0,2,0,2,1,1,0,0,0,12906.0,Nathan Carrillo,,Nathan Carrillo,0.0,0.0,0.0,0.0,0.0416666666666666,0.1428571428571428,0.0,0.0,0.0,0.4,0.125,0.0,0.0,0.0,0.048,909.0,False,False,None,0,0,0
12907,2029,2029,1,1,,,1,,0,True,True,0,1,,0.0,1,0,0.0,0,0,2,0,2,1,1,0,0,0,12907.0,Tammy Williams,,Tammy Williams,0.0,0.0,0.0,0.0,0.0416666666666666,0.1428571428571428,0.0,0.0,0.0,0.4,0.125,0.0,0.0,0.0,0.048,909.0,False,False,None,0,0,0
12908,2029,2029,1,1,,,1,,0,True,True,0,1,,0.0,1,0,0.0,0,0,2,0,2,1,1,0,0,0,12908.0,Jennifer Parker,,Jennifer Parker,0.0,0.0,0.0,0.0,0.0416666666666666,0.1428571428571428,0.0,0.0,0.0,0.4,0.125,0.0,0.0,0.0,0.048,909.0,False,False,None,0,0,0
12921,2025,2025,1,1,,,1,,0,True,True,0,4,,0.0,0,0,0.0,0,0,2,0,2,1,1,0,0,0,12921.0,Adam Kroker,,Adam Kroker,0.0,0.0,0.0,0.0,0.1666666666666666,0.0,0.0,0.0,0.0,0.4,0.125,0.0,0.0,0.0,0.0483,893.0,False,False,None,0,0,0
12942,2026,2026,1,1,,,1,,0,True,True,0,1,,0.0,0,0,0.0,0,0,1,0,1,0,2,0,0,0,12942.0,Taylor Martin,,Taylor Martin,0.0,0.0,0.0,0.0,0.0416666666666666,0.0,0.0,0.0,0.0,0.2,0.0,0.5,0.0,0.0,0.0308,1542.0,False,False,None,0,0,0
12943,2026,2026,1,1,,,1,,0,True,True,0,1,,0.0,0,0,0.0,0,0,1,0,1,0,1,0,0,0,12943.0,Bradley Anderson,,Bradley Anderson,0.0,0.0,0.0,0.0,0.0416666666666666,0.0,0.0,0.0,0.0,0.2,0.0,0.0,0.0,0.0,0.0158,2169.0,False,False,None,0,0,0
12945,2026,2026,1,1,,,1,,0,True,True,0,1,,0.0,0,0,0.0,0,0,1,0,1,0,1,0,0,0,12945.0,Jesus Hatfield,,Jesus Hatfield,0.0,0.0,0.0,0.0,0.0416666666666666,0.0,0.0,0.0,0.0,0.2,0.0,0.0,0.0,0.0,0.0158,2169.0,False,False,None,0,0,0
12964,2028,2028,1,1,,,1,,0,True,True,0,6,,0.0,0,0,0.0,0,0,1,0,1,0,1,0,0,0,12964.0,Li Xie,,Li Xie,0.0,0.0,0.0,0.0,0.25,0.0,0.0,0.0,0.0,0.2,0.0,0.0,0.0,0.0,0.045,952.0,False,False,None,0,0,0
12966,2028,2028,1,1,,,1,,0,True,True,0,6,,0.0,0,0,0.0,0,0,1,0,1,0,1,0,0,0,12966.0,Tao Luo,,Tao Luo,0.0,0.0,0.0,0.0,0.25,0.0,0.0,0.0,0.0,0.2,0.0,0.0,0.0,0.0,0.045,952.0,False,False,None,0,0,0
13020,2027,2027,1,1,,,1,,0,True,True,0,0,,0.0,0,0,0.0,0,0,2,0,2,0,1,0,0,0,13020.0,Xia Tian,,Xia Tian,0.0,0.0,0.0,0.0,0.0,0.0,0.0,0.0,0.0,0.4,0.0,0.0,0.0,0.0,0.02,2138.0,False,False,None,0,0,0
13028,2026,2029,2,2,,,1,,3,True,True,0,7,,0.0,0,0,0.0,0,0,1,0,1,2,1,2,3,5,13028.0,Michael Rivera,,Michael Rivera,0.0,0.0,0.0,0.0,0.2916666666666666,0.0,0.0,0.0,0.0,0.2,0.25,0.0,0.0,0.0,0.0608,599.0,False,False,None,0,0,0
13029,2029,2029,1,1,,,1,,0,True,True,0,4,,0.0,0,0,0.0,0,0,1,0,1,1,2,1,2,3,13029.0,Michael Reyes,,Michael Reyes,0.0,0.0,0.0,0.0,0.1666666666666666,0.0,0.0,0.0,0.0,0.2,0.125,0.5,0.0,0.0,0.0533,756.0,False,False,None,0,0,0
13032,2028,2028,1,1,,,1,,0,True,True,0,5,,0.0,0,0,0.0,0,0,1,0,1,1,2,0,0,0,13032.0,Christopher Brown,,Christopher Brown,0.0,0.0,0.0,0.0,0.2083333333333333,0.0,0.0,0.0,0.0,0.2,0.125,0.5,0.0,0.0,0.0592,634.0,False,False,None,0,0,0
13034,2027,2027,1,1,2027.0,2027.0,1,0.0,0,True,True,0,2,13.0,0.0,0,0,0.0,0,0,1,0,1,0,2,0,1,1,13034.0,Lei Liao,,Lei Liao,0.0,0.0,0.0,0.0,0.0833333333333333,0.0,0.0,0.0,0.0,0.2,0.0,0.5,0.0,0.0,0.0367,1265.0,False,False,None,0,0,0
13044,2027,2027,1,1,,,1,,0,True,True,0,1,,0.0,0,0,0.0,0,0,1,0,1,0,1,0,0,0,13044.0,Maurycy Seidel,,Maurycy Seidel,0.0,0.0,0.0,0.0,0.0416666666666666,0.0,0.0,0.0,0.0,0.2,0.0,0.0,0.0,0.0,0.0158,2169.0,False,False,None,0,0,0
13048,2029,2029,1,1,,,1,,0,True,True,0,4,,0.0,1,0,0.0,0,0,1,0,1,1,2,0,2,2,13048.0,Gang Tan,,Gang Tan,0.0,0.0,0.0,0.0,0.1666666666666666,0.1428571428571428,0.0,0.0,0.0,0.2,0.125,0.5,0.0,0.0,0.0705,452.0,False,False,None,0,0,0
13050,2025,2025,1,1,,,1,,0,True,True,0,1,,0.0,1,0,0.0,0,0,1,0,1,0,1,0,0,0,13050.0,Yang Gao,ZENO THA PROPHET,ZENO THA PROPHET,0.0,0.0,0.0,0.0,0.0416666666666666,0.1428571428571428,0.0,0.0,0.0,0.2,0.0,0.0,0.0,0.0,0.033,1390.0,False,False,None,0,0,0
13051,2025,2025,1,1,,,1,,0,True,True,0,1,,0.0,1,0,0.0,0,0,1,0,1,0,2,0,0,0,13051.0,Li Tan,,Li Tan,0.0,0.0,0.0,0.0,0.0416666666666666,0.1428571428571428,0.0,0.0,0.0,0.2,0.0,0.5,0.0,0.0,0.048,895.0,False,False,None,0,0,0
13052,2025,2025,1,1,,,1,,0,True,True,0,1,,0.0,1,0,0.0,0,0,1,0,1,0,1,0,0,0,13052.0,Chao Cheng,,Chao Cheng,0.0,0.0,0.0,0.0,0.0416666666666666,0.1428571428571428,0.0,0.0,0.0,0.2,0.0,0.0,0.0,0.0,0.033,1390.0,False,False,None,0,0,0
13056,2027,2027,1,0,,,1,,0,True,True,0,0,,0.0,0,0,0.0,0,0,1,0,1,0,2,0,0,0,13056.0,Yong Su,,Yong Su,0.0,0.0,0.0,0.0,0.0,0.0,0.0,0.0,0.0,0.2,0.0,0.5,0.0,0.0,0.025,1899.0,False,False,None,0,0,0
13057,2027,2027,1,0,,,1,,0,True,True,0,0,,0.0,0,0,0.0,0,0,1,0,1,0,1,0,0,0,13057.0,Jie Tan,,Jie Tan,0.0,0.0,0.0,0.0,0.0,0.0,0.0,0.0,0.0,0.2,0.0,0.0,0.0,0.0,0.01,2522.0,False,False,None,0,0,0
13058,2027,2027,1,0,,,1,,0,True,True,0,0,,0.0,0,0,0.0,0,0,1,0,1,0,1,0,0,0,13058.0,Jing Pan,,Jing Pan,0.0,0.0,0.0,0.0,0.0,0.0,0.0,0.0,0.0,0.2,0.0,0.0,0.0,0.0,0.01,2522.0,False,False,None,0,0,0
13060,2027,2027,1,0,,,1,,0,True,True,0,0,,0.0,0,0,0.0,0,0,1,0,1,0,2,0,0,0,13060.0,Qiang Long,,Qiang Long,0.0,0.0,0.0,0.0,0.0,0.0,0.0,0.0,0.0,0.2,0.0,0.5,0.0,0.0,0.025,1899.0,False,False,None,0,0,0
13061,2027,2027,1,0,,,1,,0,True,True,0,0,,0.0,0,0,0.0,0,0,1,0,1,0,1,0,0,0,13061.0,Xia Jin,,Xia Jin,0.0,0.0,0.0,0.0,0.0,0.0,0.0,0.0,0.0,0.2,0.0,0.0,0.0,0.0,0.01,2522.0,False,False,None,0,0,0
13074,2025,2025,1,1,,,1,,0,True,True,0,1,,0.0,0,0,0.0,0,0,1,0,1,0,2,0,0,0,13074.0,Jennifer Coleman,,Jennifer Coleman,0.0,0.0,0.0,0.0,0.0416666666666666,0.0,0.0,0.0,0.0,0.2,0.0,0.5,0.0,0.0,0.0308,1542.0,False,False,None,0,0,0
13077,2026,2026,1,1,,,1,,0,True,True,0,2,,0.0,0,0,0.0,0,0,1,0,1,0,1,0,1,1,13077.0,Annetta Molesini,,Annetta Molesini,0.0,0.0,0.0,0.0,0.0833333333333333,0.0,0.0,0.0,0.0,0.2,0.0,0.0,0.0,0.0,0.0217,1958.0,False,False,None,0,0,0
13078,2026,2026,1,1,,,1,,0,True,True,0,2,,0.0,0,0,0.0,0,0,1,0,1,0,1,0,1,1,13078.0,Aurora Vendetti,,Aurora Vendetti,0.0,0.0,0.0,0.0,0.0833333333333333,0.0,0.0,0.0,0.0,0.2,0.0,0.0,0.0,0.0,0.0217,1958.0,False,False,None,0,0,0
13079,2026,2026,1,1,,,1,,0,True,True,0,2,,0.0,0,0,0.0,0,0,1,0,1,0,1,0,1,1,13079.0,Augusto Franzese,,Augusto Franzese,0.0,0.0,0.0,0.0,0.0833333333333333,0.0,0.0,0.0,0.0,0.2,0.0,0.0,0.0,0.0,0.0217,1958.0,False,False,None,0,0,0
13081,2028,2028,1,1,2028.0,2028.0,1,0.0,0,True,True,0,1,12.0,0.0,2,0,0.0,0,0,0,0,0,0,1,0,0,0,13081.0,Guiying Cheng,Omen,Omen,0.0,0.0,0.0,0.0,0.0416666666666666,0.2857142857142857,0.0,0.0,0.0,0.0,0.0,0.0,0.0,0.0,0.0401,1147.0,False,False,None,0,0,0
13082,2028,2028,1,1,2028.0,2028.0,1,0.0,0,True,True,0,1,12.0,0.0,2,0,0.0,0,0,0,0,0,0,1,0,0,0,13082.0,Yan Cao,,Yan Cao,0.0,0.0,0.0,0.0,0.0416666666666666,0.2857142857142857,0.0,0.0,0.0,0.0,0.0,0.0,0.0,0.0,0.0401,1147.0,False,False,None,0,0,0
13083,2028,2028,1,1,2028.0,2028.0,1,0.0,0,True,True,0,1,12.0,0.0,2,0,0.0,0,0,0,0,0,0,1,0,0,0,13083.0,Lei Jia,,Lei Jia,0.0,0.0,0.0,0.0,0.0416666666666666,0.2857142857142857,0.0,0.0,0.0,0.0,0.0,0.0,0.0,0.0,0.0401,1147.0,False,False,None,0,0,0
13084,2028,2028,1,1,2028.0,2028.0,1,0.0,0,True,True,0,1,12.0,0.0,2,0,0.0,0,0,0,0,0,0,1,0,0,0,13084.0,Fang Pan,,Fang Pan,0.0,0.0,0.0,0.0,0.0416666666666666,0.2857142857142857,0.0,0.0,0.0,0.0,0.0,0.0,0.0,0.0,0.0401,1147.0,False,False,None,0,0,0
13091,2026,2028,2,2,,,1,,2,True,True,0,6,,0.0,1,0,1.0,0,0,2,0,2,3,2,0,1,1,13091.0,Sherry Powell,,Sherry Powell,0.0,0.1,0.035,0.0,0.25,0.1428571428571428,0.0,0.0,0.0,0.4,0.375,0.5,0.0,0.0349999999999999,0.1056,191.0,False,False,None,0,0,0
13092,2026,2026,1,1,,,1,,0,True,True,0,5,,0.0,1,0,0.0,0,0,2,0,2,2,1,0,0,0,13092.0,Joseph Brooks,,Joseph Brooks,0.0,0.0,0.0,0.0,0.2083333333333333,0.1428571428571428,0.0,0.0,0.0,0.4,0.25,0.0,0.0,0.0,0.0763,398.0,False,False,None,0,0,0
13113,2027,2027,1,1,2027.0,2027.0,1,0.0,0,True,True,0,2,13.0,0.0,1,0,0.0,0,0,1,0,1,1,1,0,0,0,13113.0,Clara Weitzel,,Clara Weitzel,0.0,0.0,0.0,0.0,0.0833333333333333,0.1428571428571428,0.0,0.0,0.0,0.2,0.125,0.0,0.0,0.0,0.0438,1006.0,False,False,None,0,0,0
13114,2027,2027,1,1,2027.0,2027.0,1,0.0,0,True,True,0,2,13.0,0.0,1,0,0.0,0,0,1,0,1,1,1,0,0,0,13114.0,Gianfrancesco Merisi,,Gianfrancesco Merisi,0.0,0.0,0.0,0.0,0.0833333333333333,0.1428571428571428,0.0,0.0,0.0,0.2,0.125,0.0,0.0,0.0,0.0438,1006.0,False,False,None,0,0,0
13115,2027,2027,1,1,2027.0,2027.0,1,0.0,0,True,True,0,2,13.0,0.0,1,0,0.0,0,0,1,0,1,1,1,0,0,0,13115.0,Mercedes Salata,,Mercedes Salata,0.0,0.0,0.0,0.0,0.0833333333333333,0.1428571428571428,0.0,0.0,0.0,0.2,0.125,0.0,0.0,0.0,0.0438,1006.0,False,False,None,0,0,0
13116,2027,2027,1,1,2027.0,2027.0,1,0.0,0,True,True,0,2,13.0,0.0,1,0,0.0,0,0,1,0,1,1,1,0,0,0,13116.0,Bryan Laffray-Recers,,Bryan Laffray-Recers,0.0,0.0,0.0,0.0,0.0833333333333333,0.1428571428571428,0.0,0.0,0.0,0.2,0.125,0.0,0.0,0.0,0.0438,1006.0,False,False,None,0,0,0
13118,2027,2027,1,1,,,1,,0,True,True,0,0,,0.0,1,0,0.0,0,0,1,0,1,0,1,0,0,0,13118.0,Li Yan, Vince Shadow, Vince Shadow,0.0,0.0,0.0,0.0,0.0,0.1428571428571428,0.0,0.0,0.0,0.2,0.0,0.0,0.0,0.0,0.0271,1747.0,False,False,None,0,0,0
13122,2027,2027,1,1,,,1,,0,True,True,0,0,,0.0,1,0,0.0,0,0,1,0,1,0,1,0,0,0,13122.0,Yang Meng,,Yang Meng,0.0,0.0,0.0,0.0,0.0,0.1428571428571428,0.0,0.0,0.0,0.2,0.0,0.0,0.0,0.0,0.0271,1747.0,False,False,None,0,0,0
13137,2029,2029,1,1,,,1,,0,True,True,0,1,,0.0,0,0,0.0,0,0,1,0,1,0,2,0,1,1,13137.0,Jun Yu,,Jun Yu,0.0,0.0,0.0,0.0,0.0416666666666666,0.0,0.0,0.0,0.0,0.2,0.0,0.5,0.0,0.0,0.0308,1542.0,False,False,None,0,0,0
13146,2029,2029,1,1,,,1,,0,True,True,0,1,,0.0,0,0,0.0,0,0,2,0,2,0,1,0,0,0,13146.0,Yang Fu,,Yang Fu,0.0,0.0,0.0,0.0,0.0416666666666666,0.0,0.0,0.0,0.0,0.4,0.0,0.0,0.0,0.0,0.0258,1822.0,False,False,None,0,0,0
13151,2027,2027,1,1,2027.0,2027.0,1,0.0,0,True,True,0,4,13.0,0.0,0,0,0.0,0,0,1,0,1,2,1,0,0,0,13151.0,Ping Fang,,Ping Fang,0.0,0.0,0.0,0.0,0.1666666666666666,0.0,0.0,0.0,0.0,0.2,0.25,0.0,0.0,0.0,0.0433,1026.0,False,False,None,0,0,0
13152,2027,2027,1,1,2027.0,2027.0,1,0.0,0,True,True,0,4,13.0,0.0,0,0,0.0,0,0,1,0,1,2,1,0,0,0,13152.0,Qiang Lu,,Qiang Lu,0.0,0.0,0.0,0.0,0.1666666666666666,0.0,0.0,0.0,0.0,0.2,0.25,0.0,0.0,0.0,0.0433,1026.0,False,False,None,0,0,0
13153,2026,2026,1,1,2026.0,2026.0,1,0.0,0,True,True,0,1,14.0,0.0,2,0,0.0,0,0,1,0,1,0,2,0,0,0,13153.0,Min Qin,,Min Qin,0.0,0.0,0.0,0.0,0.0416666666666666,0.2857142857142857,0.0,0.0,0.0,0.2,0.0,0.5,0.0,0.0,0.0651,536.0,False,False,None,0,0,0
13159,2028,2028,1,1,,,1,,0,True,True,0,3,,0.0,2,0,0.0,0,0,1,0,1,1,1,0,0,0,13159.0,Ming Pan,,Ming Pan,0.0,0.0,0.0,0.0,0.125,0.2857142857142857,0.0,0.0,0.0,0.2,0.125,0.0,0.0,0.0,0.0668,497.0,False,False,None,0,0,0
13160,2028,2028,1,1,,,1,,0,True,True,0,3,,0.0,2,0,0.0,0,0,1,0,1,1,1,0,0,0,13160.0,Fang Wan,,Fang Wan,0.0,0.0,0.0,0.0,0.125,0.2857142857142857,0.0,0.0,0.0,0.2,0.125,0.0,0.0,0.0,0.0668,497.0,False,False,None,0,0,0
13203,2029,2029,1,1,,,1,,0,True,True,0,4,,0.0,4,0,0.0,0,0,2,0,2,1,1,0,0,0,13203.0,Gang Wu,,Gang Wu,0.0,0.0,0.0,0.0,0.1666666666666666,0.5714285714285714,0.0,0.0,0.0,0.4,0.125,0.0,0.0,0.0,0.1169,141.0,False,False,None,0,0,0
13204,2029,2029,1,1,,,1,,0,True,True,0,4,,0.0,4,0,0.0,0,0,2,0,2,1,1,0,0,0,13204.0,Qiang Cao,,Qiang Cao,0.0,0.0,0.0,0.0,0.1666666666666666,0.5714285714285714,0.0,0.0,0.0,0.4,0.125,0.0,0.0,0.0,0.1169,141.0,False,False,None,0,0,0
13205,2029,2029,1,1,,,1,,0,True,True,0,4,,0.0,4,0,0.0,0,0,2,0,2,1,1,0,0,0,13205.0,Xiulan Xia,,Xiulan Xia,0.0,0.0,0.0,0.0,0.1666666666666666,0.5714285714285714,0.0,0.0,0.0,0.4,0.125,0.0,0.0,0.0,0.1169,141.0,False,False,None,0,0,0
13207,2028,2028,1,1,,,1,,0,True,True,0,2,,0.0,0,0,0.0,0,0,1,0,1,1,1,0,0,0,13207.0,Xia Huang,,Xia Huang,0.0,0.0,0.0,0.0,0.0833333333333333,0.0,0.0,0.0,0.0,0.2,0.125,0.0,0.0,0.0,0.0267,1762.0,False,False,None,0,0,0
13210,2025,2025,1,1,,,1,,0,True,True,0,0,,0.0,0,0,0.0,0,0,1,0,1,0,2,0,0,0,13210.0,Chao Zhong,,Chao Zhong,0.0,0.0,0.0,0.0,0.0,0.0,0.0,0.0,0.0,0.2,0.0,0.5,0.0,0.0,0.025,1899.0,False,False,None,0,0,0
13211,2025,2025,1,1,,,1,,0,True,True,0,0,,0.0,0,0,0.0,0,0,1,0,1,0,2,0,0,0,13211.0,Li Lin,,Li Lin,0.0,0.0,0.0,0.0,0.0,0.0,0.0,0.0,0.0,0.2,0.0,0.5,0.0,0.0,0.025,1899.0,False,False,None,0,0,0
13212,2025,2025,1,1,,,1,,0,True,True,0,0,,0.0,0,0,0.0,0,0,1,0,1,0,1,0,0,0,13212.0,Xiuying Hou,,Xiuying Hou,0.0,0.0,0.0,0.0,0.0,0.0,0.0,0.0,0.0,0.2,0.0,0.0,0.0,0.0,0.01,2522.0,False,False,None,0,0,0
13215,2026,2026,1,1,,,1,,0,True,True,0,1,,0.0,0,0,0.0,0,0,1,0,1,1,1,0,0,0,13215.0,Kai-Uwe Döring,,Kai-Uwe Döring,0.0,0.0,0.0,0.0,0.0416666666666666,0.0,0.0,0.0,0.0,0.2,0.125,0.0,0.0,0.0,0.0208,2090.0,False,False,None,0,0,0
13217,2025,2025,1,1,,,1,,0,True,True,0,2,,0.0,1,0,0.0,0,0,1,0,1,0,1,0,0,0,13217.0,Guiying Gu,,Guiying Gu,0.0,0.0,0.0,0.0,0.0833333333333333,0.1428571428571428,0.0,0.0,0.0,0.2,0.0,0.0,0.0,0.0,0.0388,1182.0,False,False,None,0,0,0
13218,2025,2025,1,1,,,1,,0,True,True,0,2,,0.0,1,0,0.0,0,0,1,0,1,0,1,0,0,0,13218.0,Steven Smith,,Steven Smith,0.0,0.0,0.0,0.0,0.0833333333333333,0.1428571428571428,0.0,0.0,0.0,0.2,0.0,0.0,0.0,0.0,0.0388,1182.0,False,False,None,0,0,0
13233,2027,2027,1,1,,,1,,0,True,True,0,6,,0.0,0,0,0.0,0,0,1,0,1,0,1,1,4,5,13233.0,Jason Vaughn,,Jason Vaughn,0.0,0.0,0.0,0.0,0.25,0.0,0.0,0.0,0.0,0.2,0.0,0.0,0.0,0.0,0.045,952.0,False,False,None,0,0,0
13234,2025,2025,1,1,,,1,,0,True,True,0,2,,0.0,1,0,0.0,0,0,1,0,1,0,2,0,1,1,13234.0,Gang Lin,,Gang Lin,0.0,0.0,0.0,0.0,0.0833333333333333,0.1428571428571428,0.0,0.0,0.0,0.2,0.0,0.5,0.0,0.0,0.0538,740.0,False,False,None,0,0,0
13235,2027,2027,1,1,,,1,,0,True,True,0,6,,0.0,0,0,0.0,0,0,1,0,1,0,1,1,4,5,13235.0,Summer Bender,,Summer Bender,0.0,0.0,0.0,0.0,0.25,0.0,0.0,0.0,0.0,0.2,0.0,0.0,0.0,0.0,0.045,952.0,False,False,None,0,0,0
13261,2027,2027,1,1,,,1,,0,True,True,0,3,,0.0,2,0,0.0,0,0,1,0,1,0,1,0,1,1,13261.0,Chao Shao,,Chao Shao,0.0,0.0,0.0,0.0,0.125,0.2857142857142857,0.0,0.0,0.0,0.2,0.0,0.0,0.0,0.0,0.0618,579.0,False,False,None,0,0,0
13263,2026,2026,1,1,,,1,,0,True,True,0,1,,0.0,0,0,0.0,0,0,1,0,1,0,1,0,0,0,13263.0,Lei Lin,,Lei Lin,0.0,0.0,0.0,0.0,0.0416666666666666,0.0,0.0,0.0,0.0,0.2,0.0,0.0,0.0,0.0,0.0158,2169.0,False,False,None,0,0,0
13264,2026,2026,1,1,,,1,,0,True,True,0,1,,0.0,0,0,0.0,0,0,1,0,1,0,2,0,0,0,13264.0,Tao Fan,,Tao Fan,0.0,0.0,0.0,0.0,0.0416666666666666,0.0,0.0,0.0,0.0,0.2,0.0,0.5,0.0,0.0,0.0308,1542.0,False,False,None,0,0,0
13265,2026,2026,1,1,,,1,,0,True,True,0,1,,0.0,0,0,0.0,0,0,1,0,1,0,1,0,0,0,13265.0,Yong Zhao,,Yong Zhao,0.0,0.0,0.0,0.0,0.0416666666666666,0.0,0.0,0.0,0.0,0.2,0.0,0.0,0.0,0.0,0.0158,2169.0,False,False,None,0,0,0
13267,2027,2027,1,1,,,1,,0,True,True,0,2,,0.0,0,0,0.0,0,0,1,0,1,0,1,0,0,0,13267.0,Carol Wallace,,Carol Wallace,0.0,0.0,0.0,0.0,0.0833333333333333,0.0,0.0,0.0,0.0,0.2,0.0,0.0,0.0,0.0,0.0217,1958.0,False,False,None,0,0,0
13268,2027,2027,1,1,,,1,,0,True,True,0,2,,0.0,0,0,0.0,0,0,1,0,1,0,1,0,0,0,13268.0,Haley Adams,,Haley Adams,0.0,0.0,0.0,0.0,0.0833333333333333,0.0,0.0,0.0,0.0,0.2,0.0,0.0,0.0,0.0,0.0217,1958.0,False,False,None,0,0,0
13270,2027,2027,1,1,,,1,,0,True,True,0,2,,0.0,0,0,0.0,0,0,1,0,1,0,2,0,0,0,13270.0,David Castaneda,,David Castaneda,0.0,0.0,0.0,0.0,0.0833333333333333,0.0,0.0,0.0,0.0,0.2,0.0,0.5,0.0,0.0,0.0367,1265.0,False,False,None,0,0,0
13271,2027,2027,1,1,,,1,,0,True,True,0,2,,0.0,0,0,0.0,0,0,1,0,1,0,1,0,0,0,13271.0,Eric Boyd,,Eric Boyd,0.0,0.0,0.0,0.0,0.0833333333333333,0.0,0.0,0.0,0.0,0.2,0.0,0.0,0.0,0.0,0.0217,1958.0,False,False,None,0,0,0
13274,2026,2026,1,1,,,1,,0,True,True,0,1,,0.0,0,0,0.0,0,0,2,0,2,0,2,0,0,0,13274.0,Nicole Valenzuela,,Nicole Valenzuela,0.0,0.0,0.0,0.0,0.0416666666666666,0.0,0.0,0.0,0.0,0.4,0.0,0.5,0.0,0.0,0.0408,1116.0,False,False,None,0,0,0
13281,2030,2030,1,1,,,1,,0,True,True,1,4,,0.0,3,0,0.0,0,0,1,0,1,0,1,0,3,3,13281.0,Lei Zeng,,Lei Zeng,0.0,0.0,0.0,0.0833333333333333,0.1666666666666666,0.4285714285714285,0.0,0.0,0.0,0.2,0.0,0.0,0.0,0.0,0.0981,234.0,False,False,None,0,0,0
13283,2027,2027,1,1,,,1,,0,True,True,0,1,,0.0,3,0,0.0,0,0,2,0,2,0,1,0,0,0,13283.0,Yang Xue,,Yang Xue,0.0,0.0,0.0,0.0,0.0416666666666666,0.4285714285714285,0.0,0.0,0.0,0.4,0.0,0.0,0.0,0.0,0.0773,384.0,False,False,None,0,0,0
13284,2025,2027,2,2,2025.0,2025.0,1,0.0,2,True,True,0,2,15.0,0.0,4,0,2.5,0,0,2,0,2,0,1,0,0,0,13284.0,Juan Jin,,Juan Jin,0.0,0.25,0.0875,0.0,0.0833333333333333,0.5714285714285714,0.0,0.0,0.0,0.4,0.0,0.0,0.0,0.0875,0.109,183.0,False,False,None,0,0,0
13285,2025,2028,3,3,2025.0,2025.0,1,0.0,3,True,True,0,5,15.0,0.0,3,0,3.7857,0,0,2,1,3,1,2,0,0,0,13285.0,Tao Fang,,Tao Fang,0.0,0.3785714285714285,0.1325,0.0,0.2083333333333333,0.4285714285714285,0.0,0.0,0.0,0.6000000000000001,0.125,0.5,0.0,0.1324999999999999,0.1438,83.0,True,False,Stormheart,7,5,2
13313,2026,2026,1,1,2026.0,2026.0,1,0.0,0,True,True,0,1,14.0,0.0,0,0,0.0,0,0,1,0,1,0,2,0,0,0,13313.0,Rika Maeda,,Rika Maeda,0.0,0.0,0.0,0.0,0.0416666666666666,0.0,0.0,0.0,0.0,0.2,0.0,0.5,0.0,0.0,0.0308,1542.0,False,False,None,0,0,0
13314,2026,2026,1,1,2026.0,2026.0,1,0.0,0,True,True,0,1,14.0,0.0,0,0,0.0,0,0,1,0,1,0,1,0,0,0,13314.0,Hanako Yamaguchi,,Hanako Yamaguchi,0.0,0.0,0.0,0.0,0.0416666666666666,0.0,0.0,0.0,0.0,0.2,0.0,0.0,0.0,0.0,0.0158,2169.0,False,False,None,0,0,0
13317,2028,2028,1,1,,,1,,0,True,True,0,2,,0.0,0,0,0.0,0,0,2,0,2,0,1,0,0,0,13317.0,Xia Zhou,,Xia Zhou,0.0,0.0,0.0,0.0,0.0833333333333333,0.0,0.0,0.0,0.0,0.4,0.0,0.0,0.0,0.0,0.0317,1503.0,False,False,None,0,0,0
13318,2028,2028,1,1,,,1,,0,True,True,0,2,,0.0,0,0,0.0,0,0,2,0,2,0,1,0,0,0,13318.0,Sarah Wilson,,Sarah Wilson,0.0,0.0,0.0,0.0,0.0833333333333333,0.0,0.0,0.0,0.0,0.4,0.0,0.0,0.0,0.0,0.0317,1503.0,False,False,None,0,0,0
13319,2028,2028,1,1,,,1,,0,True,True,0,2,,0.0,0,0,0.0,0,0,2,0,2,0,1,0,0,0,13319.0,Yan Yuan,,Yan Yuan,0.0,0.0,0.0,0.0,0.0833333333333333,0.0,0.0,0.0,0.0,0.4,0.0,0.0,0.0,0.0,0.0317,1503.0,False,False,None,0,0,0
13322,2025,2025,1,1,2025.0,2025.0,1,0.0,0,True,True,0,5,15.0,0.0,0,0,0.0,0,0,1,0,1,2,1,0,0,0,13322.0,Danielle Martin,,Danielle Martin,0.0,0.0,0.0,0.0,0.2083333333333333,0.0,0.0,0.0,0.0,0.2,0.25,0.0,0.0,0.0,0.0492,854.0,False,False,None,0,0,0
13323,2025,2025,1,1,2025.0,2025.0,1,0.0,0,True,True,0,5,15.0,0.0,0,0,0.0,0,0,1,0,1,2,2,0,0,0,13323.0,Jonathan Vasquez,,Jonathan Vasquez,0.0,0.0,0.0,0.0,0.2083333333333333,0.0,0.0,0.0,0.0,0.2,0.25,0.5,0.0,0.0,0.0642,547.0,False,False,None,0,0,0
13337,2026,2026,1,0,,,1,,0,True,True,0,2,,0.0,0,0,0.0,0,0,1,0,1,0,1,0,0,0,13337.0,Elizabeth Leon,,Elizabeth Leon,0.0,0.0,0.0,0.0,0.0833333333333333,0.0,0.0,0.0,0.0,0.2,0.0,0.0,0.0,0.0,0.0217,1958.0,False,False,None,0,0,0
13338,2026,2026,1,0,,,1,,0,True,True,0,2,,0.0,0,0,0.0,0,0,1,0,1,0,1,0,0,0,13338.0,Peter Byrd,,Peter Byrd,0.0,0.0,0.0,0.0,0.0833333333333333,0.0,0.0,0.0,0.0,0.2,0.0,0.0,0.0,0.0,0.0217,1958.0,False,False,None,0,0,0
13340,2026,2026,1,0,,,1,,0,True,True,0,2,,0.0,0,0,0.0,0,0,1,0,1,0,1,0,0,0,13340.0,Megan Stephenson,,Megan Stephenson,0.0,0.0,0.0,0.0,0.0833333333333333,0.0,0.0,0.0,0.0,0.2,0.0,0.0,0.0,0.0,0.0217,1958.0,False,False,None,0,0,0
13367,2029,2029,1,1,,,1,,0,True,True,0,1,,0.0,0,0,0.0,0,0,1,0,1,0,2,0,0,0,13367.0,Wei Yan,,Wei Yan,0.0,0.0,0.0,0.0,0.0416666666666666,0.0,0.0,0.0,0.0,0.2,0.0,0.5,0.0,0.0,0.0308,1542.0,False,False,None,0,0,0
13368,2029,2029,1,1,,,1,,0,True,True,0,1,,0.0,0,0,0.0,0,0,1,0,1,0,1,0,0,0,13368.0,Taro Mori,,Taro Mori,0.0,0.0,0.0,0.0,0.0416666666666666,0.0,0.0,0.0,0.0,0.2,0.0,0.0,0.0,0.0,0.0158,2169.0,False,False,None,0,0,0
13378,2030,2030,1,1,,,1,,0,True,True,1,2,,0.0,0,0,0.0,0,0,1,0,1,0,1,0,0,0,13378.0,Yan Zhang,,Yan Zhang,0.0,0.0,0.0,0.0833333333333333,0.0833333333333333,0.0,0.0,0.0,0.0,0.2,0.0,0.0,0.0,0.0,0.035,1331.0,False,False,None,0,0,0
13390,2028,2028,1,1,,,1,,0,True,True,0,5,,0.0,3,0,0.0,0,0,2,0,2,0,1,0,0,0,13390.0,Yan Fang,,Yan Fang,0.0,0.0,0.0,0.0,0.2083333333333333,0.4285714285714285,0.0,0.0,0.0,0.4,0.0,0.0,0.0,0.0,0.1006,222.0,False,False,None,0,0,0
13391,2028,2028,1,1,,,1,,0,True,True,0,5,,0.0,3,0,0.0,0,0,2,0,2,0,1,0,0,0,13391.0,Anita Szałata,,Anita Szałata,0.0,0.0,0.0,0.0,0.2083333333333333,0.4285714285714285,0.0,0.0,0.0,0.4,0.0,0.0,0.0,0.0,0.1006,222.0,False,False,None,0,0,0
13397,2029,2029,1,1,,,1,,0,True,True,0,3,,0.0,1,0,0.0,0,0,1,0,1,0,1,1,2,3,13397.0,Yan Zhu,,Yan Zhu,0.0,0.0,0.0,0.0,0.125,0.1428571428571428,0.0,0.0,0.0,0.2,0.0,0.0,0.0,0.0,0.0446,965.0,False,False,None,0,0,0
13405,2028,2028,1,1,,,1,,0,True,True,0,6,,0.0,0,0,0.0,0,0,0,0,0,3,1,0,1,1,13405.0,Li Mo, $PECTRUM, $PECTRUM,0.0,0.0,0.0,0.0,0.25,0.0,0.0,0.0,0.0,0.0,0.375,0.0,0.0,0.0,0.05,835.0,False,False,None,0,0,0
13406,2028,2028,1,1,,,1,,0,True,True,0,6,,0.0,0,0,0.0,0,0,0,0,0,3,1,0,1,1,13406.0,Jing Han,,Jing Han,0.0,0.0,0.0,0.0,0.25,0.0,0.0,0.0,0.0,0.0,0.375,0.0,0.0,0.0,0.05,835.0,False,False,None,0,0,0
13407,2028,2028,1,1,,,1,,0,True,True,0,6,,0.0,0,0,0.0,0,0,0,0,0,3,1,0,1,1,13407.0,Wei Xiong,,Wei Xiong,0.0,0.0,0.0,0.0,0.25,0.0,0.0,0.0,0.0,0.0,0.375,0.0,0.0,0.0,0.05,835.0,False,False,None,0,0,0
13408,2028,2028,1,1,,,1,,0,True,True,0,6,,0.0,0,0,0.0,0,0,0,0,0,3,1,0,1,1,13408.0,Yang Sun,,Yang Sun,0.0,0.0,0.0,0.0,0.25,0.0,0.0,0.0,0.0,0.0,0.375,0.0,0.0,0.0,0.05,835.0,False,False,None,0,0,0
13409,2028,2028,1,1,,,1,,0,True,True,0,6,,0.0,0,0,0.0,0,0,0,0,0,3,1,0,1,1,13409.0,Xia Fang,,Xia Fang,0.0,0.0,0.0,0.0,0.25,0.0,0.0,0.0,0.0,0.0,0.375,0.0,0.0,0.0,0.05,835.0,False,False,None,0,0,0
13410,2028,2028,1,1,,,1,,0,True,True,0,6,,0.0,0,0,0.0,0,0,0,0,0,3,2,0,1,1,13410.0,Jun Meng,,Jun Meng,0.0,0.0,0.0,0.0,0.25,0.0,0.0,0.0,0.0,0.0,0.375,0.5,0.0,0.0,0.065,542.0,False,False,None,0,0,0
13411,2028,2028,1,1,,,1,,0,True,True,0,6,,0.0,0,0,0.0,0,0,0,0,0,3,1,0,1,1,13411.0,Yong Liang,,Yong Liang,0.0,0.0,0.0,0.0,0.25,0.0,0.0,0.0,0.0,0.0,0.375,0.0,0.0,0.0,0.05,835.0,False,False,None,0,0,0
13420,2030,2030,1,1,2030.0,2030.0,1,0.0,0,True,True,1,1,10.0,0.0,0,0,0.0,0,0,1,0,1,1,2,0,0,0,13420.0,Fang Feng,,Fang Feng,0.0,0.0,0.0,0.0833333333333333,0.0416666666666666,0.0,0.0,0.0,0.0,0.2,0.125,0.5,0.0,0.0,0.0492,859.0,False,False,None,0,0,0
13460,2028,2028,1,1,,,1,,0,True,True,0,4,,0.0,0,0,0.0,0,0,2,0,2,0,1,0,0,0,13460.0,Richard Kovář,,Richard Kovář,0.0,0.0,0.0,0.0,0.1666666666666666,0.0,0.0,0.0,0.0,0.4,0.0,0.0,0.0,0.0,0.0433,1034.0,False,False,None,0,0,0
13462,2028,2028,1,1,,,1,,0,True,True,0,4,,0.0,0,0,0.0,0,0,2,0,2,0,1,0,0,0,13462.0,Karsten Löwer,,Karsten Löwer,0.0,0.0,0.0,0.0,0.1666666666666666,0.0,0.0,0.0,0.0,0.4,0.0,0.0,0.0,0.0,0.0433,1034.0,False,False,None,0,0,0
13463,2028,2028,1,1,,,1,,0,True,True,0,4,,0.0,0,0,0.0,0,0,2,0,2,0,1,0,0,0,13463.0,Henri Drubin,,Henri Drubin,0.0,0.0,0.0,0.0,0.1666666666666666,0.0,0.0,0.0,0.0,0.4,0.0,0.0,0.0,0.0,0.0433,1034.0,False,False,None,0,0,0
13490,2026,2029,2,2,2029.0,2029.0,2,3.0,3,True,True,0,3,11.0,0.0,0,0,2.3333,0,0,1,0,1,0,1,0,0,0,13490.0,Theresa Lopez,,Theresa Lopez,0.0,0.2333333333333333,0.0817,0.0,0.125,0.0,0.0,0.0,0.3333333333333333,0.2,0.0,0.0,0.0,0.0816666666666666,0.059,637.0,False,False,None,0,0,0
13491,2029,2029,1,1,2029.0,2029.0,1,0.0,0,True,True,0,1,11.0,0.0,0,0,0.0,0,0,0,0,0,0,2,0,0,0,13491.0,Curtis Doyle,,Curtis Doyle,0.0,0.0,0.0,0.0,0.0416666666666666,0.0,0.0,0.0,0.0,0.0,0.0,0.5,0.0,0.0,0.0208,2123.0,False,False,None,0,0,0
13492,2026,2026,1,1,,,1,,0,True,True,0,2,,0.0,0,0,0.0,0,0,1,0,1,0,1,0,0,0,13492.0,Daniel Miller,,Daniel Miller,0.0,0.0,0.0,0.0,0.0833333333333333,0.0,0.0,0.0,0.0,0.2,0.0,0.0,0.0,0.0,0.0217,1958.0,False,False,None,0,0,0
13493,2026,2029,2,2,2029.0,2029.0,2,3.0,3,True,True,0,3,11.0,0.0,0,0,2.3333,0,0,1,0,1,0,1,0,0,0,13493.0,Jeffrey Medina,,Jeffrey Medina,0.0,0.2333333333333333,0.0817,0.0,0.125,0.0,0.0,0.0,0.3333333333333333,0.2,0.0,0.0,0.0,0.0816666666666666,0.059,637.0,False,False,None,0,0,0
13494,2026,2029,2,2,2029.0,2029.0,2,3.0,3,True,True,0,3,11.0,0.0,0,0,2.3333,0,0,1,0,1,0,1,0,0,0,13494.0,Joy Blanchard,,Joy Blanchard,0.0,0.2333333333333333,0.0817,0.0,0.125,0.0,0.0,0.0,0.3333333333333333,0.2,0.0,0.0,0.0,0.0816666666666666,0.059,637.0,False,False,None,0,0,0
13495,2026,2029,2,2,2029.0,2029.0,2,3.0,3,True,True,0,3,11.0,0.0,0,0,2.3333,0,0,1,0,1,0,1,0,0,0,13495.0,Melissa Williams,,Melissa Williams,0.0,0.2333333333333333,0.0817,0.0,0.125,0.0,0.0,0.0,0.3333333333333333,0.2,0.0,0.0,0.0,0.0816666666666666,0.059,637.0,False,False,None,0,0,0
13496,2026,2029,2,2,2029.0,2029.0,2,3.0,3,True,True,0,3,11.0,0.0,0,0,2.3333,0,0,1,0,1,0,2,0,0,0,13496.0,Gail Nguyen,,Gail Nguyen,0.0,0.2333333333333333,0.0817,0.0,0.125,0.0,0.0,0.0,0.3333333333333333,0.2,0.0,0.5,0.0,0.0816666666666666,0.074,412.0,False,False,None,0,0,0
13497,2026,2026,1,1,,,1,,0,True,True,0,2,,0.0,0,0,0.0,0,0,1,0,1,0,1,0,0,0,13497.0,James Vaughn,,James Vaughn,0.0,0.0,0.0,0.0,0.0833333333333333,0.0,0.0,0.0,0.0,0.2,0.0,0.0,0.0,0.0,0.0217,1958.0,False,False,None,0,0,0
13501,2030,2030,1,1,,,1,,0,True,True,1,2,,0.0,0,0,0.0,0,0,0,0,0,0,1,0,0,0,13501.0,Juan Yi,,Juan Yi,0.0,0.0,0.0,0.0833333333333333,0.0833333333333333,0.0,0.0,0.0,0.0,0.0,0.0,0.0,0.0,0.0,0.025,1899.0,False,False,None,0,0,0
13571,2029,2029,1,0,,,1,,0,True,True,0,1,,0.0,0,0,0.0,0,0,1,0,1,0,1,0,0,0,13571.0,Chao Tao,,Chao Tao,0.0,0.0,0.0,0.0,0.0416666666666666,0.0,0.0,0.0,0.0,0.2,0.0,0.0,0.0,0.0,0.0158,2169.0,False,False,None,0,0,0
13572,2029,2029,1,0,,,1,,0,True,True,0,1,,0.0,0,0,0.0,0,0,1,0,1,0,1,0,0,0,13572.0,Jun Gong,,Jun Gong,0.0,0.0,0.0,0.0,0.0416666666666666,0.0,0.0,0.0,0.0,0.2,0.0,0.0,0.0,0.0,0.0158,2169.0,False,False,None,0,0,0
13573,2029,2029,1,0,,,1,,0,True,True,0,1,,0.0,0,0,0.0,0,0,1,0,1,0,2,0,0,0,13573.0,Yang Zheng,,Yang Zheng,0.0,0.0,0.0,0.0,0.0416666666666666,0.0,0.0,0.0,0.0,0.2,0.0,0.5,0.0,0.0,0.0308,1542.0,False,False,None,0,0,0
13593,2026,2026,1,1,,,1,,0,True,True,0,0,,0.0,0,0,0.0,0,0,1,0,1,0,2,0,0,0,13593.0,Gang Dai,,Gang Dai,0.0,0.0,0.0,0.0,0.0,0.0,0.0,0.0,0.0,0.2,0.0,0.5,0.0,0.0,0.025,1899.0,False,False,None,0,0,0
13594,2026,2026,1,1,,,1,,0,True,True,0,0,,0.0,0,0,0.0,0,0,1,0,1,0,1,0,0,0,13594.0,Ming Song,,Ming Song,0.0,0.0,0.0,0.0,0.0,0.0,0.0,0.0,0.0,0.2,0.0,0.0,0.0,0.0,0.01,2522.0,False,False,None,0,0,0
13595,2026,2026,1,1,,,1,,0,True,True,0,0,,0.0,0,0,0.0,0,0,1,0,1,0,1,0,0,0,13595.0,Xiuying Du,,Xiuying Du,0.0,0.0,0.0,0.0,0.0,0.0,0.0,0.0,0.0,0.2,0.0,0.0,0.0,0.0,0.01,2522.0,False,False,None,0,0,0
13596,2026,2026,1,1,,,1,,0,True,True,0,0,,0.0,0,0,0.0,0,0,1,0,1,0,1,0,0,0,13596.0,Li Yuan,,Li Yuan,0.0,0.0,0.0,0.0,0.0,0.0,0.0,0.0,0.0,0.2,0.0,0.0,0.0,0.0,0.01,2522.0,False,False,None,0,0,0
13597,2026,2026,1,1,,,1,,0,True,True,0,0,,0.0,0,0,0.0,0,0,1,0,1,0,1,0,0,0,13597.0,Xiulan Song,,Xiulan Song,0.0,0.0,0.0,0.0,0.0,0.0,0.0,0.0,0.0,0.2,0.0,0.0,0.0,0.0,0.01,2522.0,False,False,None,0,0,0
13598,2026,2026,1,1,,,1,,0,True,True,0,0,,0.0,0,0,0.0,0,0,1,0,1,0,1,0,0,0,13598.0,Jun Long,,Jun Long,0.0,0.0,0.0,0.0,0.0,0.0,0.0,0.0,0.0,0.2,0.0,0.0,0.0,0.0,0.01,2522.0,False,False,None,0,0,0
13599,2026,2026,1,1,,,1,,0,True,True,0,0,,0.0,0,0,0.0,0,0,1,0,1,0,1,0,0,0,13599.0,Chao Zhao,,Chao Zhao,0.0,0.0,0.0,0.0,0.0,0.0,0.0,0.0,0.0,0.2,0.0,0.0,0.0,0.0,0.01,2522.0,False,False,None,0,0,0
13601,2025,2025,1,1,,,1,,0,True,True,0,2,,0.0,1,0,0.0,0,0,1,0,1,0,1,0,1,1,13601.0,Brittany Horn,,Brittany Horn,0.0,0.0,0.0,0.0,0.0833333333333333,0.1428571428571428,0.0,0.0,0.0,0.2,0.0,0.0,0.0,0.0,0.0388,1182.0,False,False,None,0,0,0
13621,2029,2029,1,1,,,1,,0,True,True,0,1,,0.0,0,0,0.0,0,0,0,0,0,0,1,0,0,0,13621.0,Stephanie Brown,,Stephanie Brown,0.0,0.0,0.0,0.0,0.0416666666666666,0.0,0.0,0.0,0.0,0.0,0.0,0.0,0.0,0.0,0.0058,2575.0,False,False,None,0,0,0
13626,2028,2028,1,1,,,1,,0,True,True,0,1,,0.0,0,0,0.0,0,0,1,0,1,0,1,0,0,0,13626.0,Sara Laszuk,,Sara Laszuk,0.0,0.0,0.0,0.0,0.0416666666666666,0.0,0.0,0.0,0.0,0.2,0.0,0.0,0.0,0.0,0.0158,2169.0,False,False,None,0,0,0
13649,2027,2027,1,1,,,1,,0,True,True,0,2,,0.0,2,0,0.0,0,0,1,0,1,0,1,0,0,0,13649.0,Guy Voisin,,Guy Voisin,0.0,0.0,0.0,0.0,0.0833333333333333,0.2857142857142857,0.0,0.0,0.0,0.2,0.0,0.0,0.0,0.0,0.056,675.0,False,False,None,0,0,0
13650,2027,2027,1,1,,,1,,0,True,True,0,2,,0.0,2,0,0.0,0,0,1,0,1,0,1,0,0,0,13650.0,Alain du Vaillant,,Alain du Vaillant,0.0,0.0,0.0,0.0,0.0833333333333333,0.2857142857142857,0.0,0.0,0.0,0.2,0.0,0.0,0.0,0.0,0.056,675.0,False,False,None,0,0,0
13688,2027,2027,1,1,,,1,,0,True,True,0,2,,0.0,0,0,0.0,0,0,1,0,1,1,1,0,0,0,13688.0,Morgan Carlson,,Morgan Carlson,0.0,0.0,0.0,0.0,0.0833333333333333,0.0,0.0,0.0,0.0,0.2,0.125,0.0,0.0,0.0,0.0267,1762.0,False,False,None,0,0,0
13690,2027,2027,1,1,,,1,,0,True,True,0,2,,0.0,0,0,0.0,0,0,1,0,1,1,2,0,0,0,13690.0,Pamela Ayala,,Pamela Ayala,0.0,0.0,0.0,0.0,0.0833333333333333,0.0,0.0,0.0,0.0,0.2,0.125,0.5,0.0,0.0,0.0417,1088.0,False,False,None,0,0,0
13692,2026,2026,1,1,,,1,,0,True,True,0,6,,0.0,1,0,0.0,0,0,1,0,1,0,1,0,5,5,13692.0,Craig Lewis,,Craig Lewis,0.0,0.0,0.0,0.0,0.25,0.1428571428571428,0.0,0.0,0.0,0.2,0.0,0.0,0.0,0.0,0.0621,572.0,False,False,None,0,0,0
13693,2026,2026,1,1,,,1,,0,True,True,0,6,,0.0,1,0,0.0,0,0,1,0,1,0,1,0,5,5,13693.0,Xiuying Huang,,Xiuying Huang,0.0,0.0,0.0,0.0,0.25,0.1428571428571428,0.0,0.0,0.0,0.2,0.0,0.0,0.0,0.0,0.0621,572.0,False,False,None,0,0,0
13694,2026,2026,1,1,,,1,,0,True,True,0,6,,0.0,1,0,0.0,0,0,1,0,1,0,1,0,5,5,13694.0,Ming Mao,,Ming Mao,0.0,0.0,0.0,0.0,0.25,0.1428571428571428,0.0,0.0,0.0,0.2,0.0,0.0,0.0,0.0,0.0621,572.0,False,False,None,0,0,0
13695,2026,2026,1,1,,,1,,0,True,True,0,6,,0.0,1,0,0.0,0,0,1,0,1,0,1,0,5,5,13695.0,Xia Mao,,Xia Mao,0.0,0.0,0.0,0.0,0.25,0.1428571428571428,0.0,0.0,0.0,0.2,0.0,0.0,0.0,0.0,0.0621,572.0,False,False,None,0,0,0
13696,2026,2026,1,1,,,1,,0,True,True,0,6,,0.0,1,0,0.0,0,0,1,0,1,0,1,0,5,5,13696.0,Jing Gao,,Jing Gao,0.0,0.0,0.0,0.0,0.25,0.1428571428571428,0.0,0.0,0.0,0.2,0.0,0.0,0.0,0.0,0.0621,572.0,False,False,None,0,0,0
13714,2028,2028,1,1,,,1,,0,True,True,0,4,,0.0,2,0,0.0,0,0,2,0,2,0,1,0,0,0,13714.0,Christopher Wilson,,Christopher Wilson,0.0,0.0,0.0,0.0,0.1666666666666666,0.2857142857142857,0.0,0.0,0.0,0.4,0.0,0.0,0.0,0.0,0.0776,381.0,False,False,None,0,0,0
13715,2028,2028,1,1,,,1,,0,True,True,0,4,,0.0,2,0,0.0,0,0,2,0,2,0,2,0,0,0,13715.0,Nicholas Lawrence,,Nicholas Lawrence,0.0,0.0,0.0,0.0,0.1666666666666666,0.2857142857142857,0.0,0.0,0.0,0.4,0.0,0.5,0.0,0.0,0.0926,273.0,False,False,None,0,0,0
13718,2029,2029,1,1,,,1,,0,True,True,0,1,,0.0,0,0,0.0,0,0,1,0,1,0,1,0,0,0,13718.0,Jeremy Jones,,Jeremy Jones,0.0,0.0,0.0,0.0,0.0416666666666666,0.0,0.0,0.0,0.0,0.2,0.0,0.0,0.0,0.0,0.0158,2169.0,False,False,None,0,0,0
13719,2029,2029,1,1,,,1,,0,True,True,0,1,,0.0,0,0,0.0,0,0,1,0,1,0,1,0,0,0,13719.0,Yang Dai,,Yang Dai,0.0,0.0,0.0,0.0,0.0416666666666666,0.0,0.0,0.0,0.0,0.2,0.0,0.0,0.0,0.0,0.0158,2169.0,False,False,None,0,0,0
13730,2028,2028,1,0,,,1,,0,True,True,0,2,,0.0,0,0,0.0,0,0,1,0,1,0,1,0,0,0,13730.0,Xiuying Tan,,Xiuying Tan,0.0,0.0,0.0,0.0,0.0833333333333333,0.0,0.0,0.0,0.0,0.2,0.0,0.0,0.0,0.0,0.0217,1958.0,False,False,None,0,0,0
13737,2028,2028,1,1,2028.0,2028.0,1,0.0,0,True,True,0,1,12.0,0.0,0,0,0.0,0,0,1,0,1,0,1,0,0,0,13737.0,Guiying He,,Guiying He,0.0,0.0,0.0,0.0,0.0416666666666666,0.0,0.0,0.0,0.0,0.2,0.0,0.0,0.0,0.0,0.0158,2169.0,False,False,None,0,0,0
13738,2028,2028,1,1,2028.0,2028.0,1,0.0,0,True,True,0,1,12.0,0.0,0,0,0.0,0,0,1,0,1,0,1,0,0,0,13738.0,Lei Cao,,Lei Cao,0.0,0.0,0.0,0.0,0.0416666666666666,0.0,0.0,0.0,0.0,0.2,0.0,0.0,0.0,0.0,0.0158,2169.0,False,False,None,0,0,0
13739,2028,2028,1,1,2028.0,2028.0,1,0.0,0,True,True,0,1,12.0,0.0,0,0,0.0,0,0,1,0,1,0,2,0,0,0,13739.0,Fang Gao,,Fang Gao,0.0,0.0,0.0,0.0,0.0416666666666666,0.0,0.0,0.0,0.0,0.2,0.0,0.5,0.0,0.0,0.0308,1542.0,False,False,None,0,0,0
13740,2028,2028,1,1,2028.0,2028.0,1,0.0,0,True,True,0,1,12.0,0.0,0,0,0.0,0,0,1,0,1,0,1,0,0,0,13740.0,Xiulan Hu,,Xiulan Hu,0.0,0.0,0.0,0.0,0.0416666666666666,0.0,0.0,0.0,0.0,0.2,0.0,0.0,0.0,0.0,0.0158,2169.0,False,False,None,0,0,0
13756,2026,2026,1,1,,,1,,0,True,True,0,1,,0.0,0,0,0.0,0,0,1,0,1,0,1,0,0,0,13756.0,Li He,,Li He,0.0,0.0,0.0,0.0,0.0416666666666666,0.0,0.0,0.0,0.0,0.2,0.0,0.0,0.0,0.0,0.0158,2169.0,False,False,None,0,0,0
13757,2026,2026,1,1,,,1,,0,True,True,0,1,,0.0,0,0,0.0,0,0,1,0,1,0,1,0,0,0,13757.0,Yang Liu,,Yang Liu,0.0,0.0,0.0,0.0,0.0416666666666666,0.0,0.0,0.0,0.0,0.2,0.0,0.0,0.0,0.0,0.0158,2169.0,False,False,None,0,0,0
13769,2027,2027,1,1,,,1,,0,True,True,0,2,,0.0,3,0,0.0,0,0,2,0,2,0,2,0,1,1,13769.0,Ming Hou,,Ming Hou,0.0,0.0,0.0,0.0,0.0833333333333333,0.4285714285714285,0.0,0.0,0.0,0.4,0.0,0.5,0.0,0.0,0.0981,234.0,False,False,None,0,0,0
13770,2027,2027,1,1,,,1,,0,True,True,0,2,,0.0,3,0,0.0,0,0,2,0,2,0,1,0,1,1,13770.0,Chao Lin,,Chao Lin,0.0,0.0,0.0,0.0,0.0833333333333333,0.4285714285714285,0.0,0.0,0.0,0.4,0.0,0.0,0.0,0.0,0.0831,330.0,False,False,None,0,0,0
13771,2027,2027,1,1,,,1,,0,True,True,0,2,,0.0,3,0,0.0,0,0,2,0,2,0,1,0,1,1,13771.0,Lei Yi,,Lei Yi,0.0,0.0,0.0,0.0,0.0833333333333333,0.4285714285714285,0.0,0.0,0.0,0.4,0.0,0.0,0.0,0.0,0.0831,330.0,False,False,None,0,0,0
13783,2027,2027,1,1,,,1,,0,True,True,0,0,,0.0,0,0,0.0,0,0,1,0,1,0,1,0,0,0,13783.0,Xiuying Cao,,Xiuying Cao,0.0,0.0,0.0,0.0,0.0,0.0,0.0,0.0,0.0,0.2,0.0,0.0,0.0,0.0,0.01,2522.0,False,False,None,0,0,0
13818,2027,2027,2,2,,,2,,0,True,True,0,11,,0.0,3,0,0.0,0,0,2,0,2,1,1,0,0,0,13818.0,Dennis Mcdowell,,Dennis Mcdowell,0.0,0.0,0.0,0.0,0.4583333333333333,0.4285714285714285,0.0,0.0,0.3333333333333333,0.4,0.125,0.0,0.0,0.0,0.1639,61.0,False,False,None,0,0,0
13843,2030,2030,1,1,,,1,,0,True,True,1,5,,0.0,0,0,0.0,0,0,1,0,1,2,2,0,0,0,13843.0,Theresa Jones,,Theresa Jones,0.0,0.0,0.0,0.0833333333333333,0.2083333333333333,0.0,0.0,0.0,0.0,0.2,0.25,0.5,0.0,0.0,0.0775,382.0,False,False,None,0,0,0
13844,2030,2030,1,1,,,1,,0,True,True,1,5,,0.0,0,0,0.0,0,0,1,0,1,2,1,0,0,0,13844.0,Sean Phillips,,Sean Phillips,0.0,0.0,0.0,0.0833333333333333,0.2083333333333333,0.0,0.0,0.0,0.0,0.2,0.25,0.0,0.0,0.0,0.0625,559.0,False,False,None,0,0,0
13845,2030,2030,1,1,,,1,,0,True,True,1,5,,0.0,0,0,0.0,0,0,1,0,1,2,1,0,0,0,13845.0,Ping Gu,,Ping Gu,0.0,0.0,0.0,0.0833333333333333,0.2083333333333333,0.0,0.0,0.0,0.0,0.2,0.25,0.0,0.0,0.0,0.0625,559.0,False,False,None,0,0,0
13846,2030,2030,1,1,,,1,,0,True,True,1,5,,0.0,0,0,0.0,0,0,1,0,1,2,2,0,0,0,13846.0,Li Ren,,Li Ren,0.0,0.0,0.0,0.0833333333333333,0.2083333333333333,0.0,0.0,0.0,0.0,0.2,0.25,0.5,0.0,0.0,0.0775,382.0,False,False,None,0,0,0
13847,2030,2030,1,1,,,1,,0,True,True,1,5,,0.0,0,0,0.0,0,0,1,0,1,2,1,0,0,0,13847.0,Jun Jia,,Jun Jia,0.0,0.0,0.0,0.0833333333333333,0.2083333333333333,0.0,0.0,0.0,0.0,0.2,0.25,0.0,0.0,0.0,0.0625,559.0,False,False,None,0,0,0
13855,2029,2029,1,1,,,1,,0,True,True,0,1,,0.0,0,0,0.0,0,0,1,0,1,0,1,0,0,0,13855.0,Jacopo Vianello,,Jacopo Vianello,0.0,0.0,0.0,0.0,0.0416666666666666,0.0,0.0,0.0,0.0,0.2,0.0,0.0,0.0,0.0,0.0158,2169.0,False,False,None,0,0,0
13856,2029,2029,1,1,,,1,,0,True,True,0,1,,0.0,0,0,0.0,0,0,1,0,1,0,1,0,0,0,13856.0,Giustino Carocci,,Giustino Carocci,0.0,0.0,0.0,0.0,0.0416666666666666,0.0,0.0,0.0,0.0,0.2,0.0,0.0,0.0,0.0,0.0158,2169.0,False,False,None,0,0,0
13857,2029,2029,1,1,,,1,,0,True,True,0,1,,0.0,0,0,0.0,0,0,1,0,1,0,1,0,0,0,13857.0,Lara Scaramucci-Santi,,Lara Scaramucci-Santi,0.0,0.0,0.0,0.0,0.0416666666666666,0.0,0.0,0.0,0.0,0.2,0.0,0.0,0.0,0.0,0.0158,2169.0,False,False,None,0,0,0
13858,2029,2029,1,1,,,1,,0,True,True,0,1,,0.0,0,0,0.0,0,0,1,0,1,0,2,0,0,0,13858.0,Camilla Zaccagnini-Bertoni,,Camilla Zaccagnini-Bertoni,0.0,0.0,0.0,0.0,0.0416666666666666,0.0,0.0,0.0,0.0,0.2,0.0,0.5,0.0,0.0,0.0308,1542.0,False,False,None,0,0,0
13859,2029,2029,1,1,,,1,,0,True,True,0,1,,0.0,0,0,0.0,0,0,1,0,1,0,2,0,0,0,13859.0,Fortunata Zeffirelli,,Fortunata Zeffirelli,0.0,0.0,0.0,0.0,0.0416666666666666,0.0,0.0,0.0,0.0,0.2,0.0,0.5,0.0,0.0,0.0308,1542.0,False,False,None,0,0,0
13860,2029,2029,1,1,,,1,,0,True,True,0,1,,0.0,0,0,0.0,0,0,1,0,1,0,1,0,0,0,13860.0,Emilio Farnese,,Emilio Farnese,0.0,0.0,0.0,0.0,0.0416666666666666,0.0,0.0,0.0,0.0,0.2,0.0,0.0,0.0,0.0,0.0158,2169.0,False,False,None,0,0,0
13917,2029,2029,1,1,,,1,,0,True,True,0,2,,0.0,0,0,0.0,0,0,1,0,1,0,1,0,0,0,13917.0,Jie Feng,,Jie Feng,0.0,0.0,0.0,0.0,0.0833333333333333,0.0,0.0,0.0,0.0,0.2,0.0,0.0,0.0,0.0,0.0217,1958.0,False,False,None,0,0,0
13918,2029,2029,1,1,,,1,,0,True,True,0,2,,0.0,0,0,0.0,0,0,1,0,1,0,2,0,0,0,13918.0,Yang Su,,Yang Su,0.0,0.0,0.0,0.0,0.0833333333333333,0.0,0.0,0.0,0.0,0.2,0.0,0.5,0.0,0.0,0.0367,1265.0,False,False,None,0,0,0
13919,2029,2029,1,1,,,1,,0,True,True,0,2,,0.0,0,0,0.0,0,0,1,0,1,0,2,0,0,0,13919.0,Xiulan Liang,,Xiulan Liang,0.0,0.0,0.0,0.0,0.0833333333333333,0.0,0.0,0.0,0.0,0.2,0.0,0.5,0.0,0.0,0.0367,1265.0,False,False,None,0,0,0
13920,2029,2029,1,1,,,1,,0,True,True,0,2,,0.0,0,0,0.0,0,0,1,0,1,0,1,0,0,0,13920.0,Li Lei,,Li Lei,0.0,0.0,0.0,0.0,0.0833333333333333,0.0,0.0,0.0,0.0,0.2,0.0,0.0,0.0,0.0,0.0217,1958.0,False,False,None,0,0,0
13921,2029,2029,1,1,,,1,,0,True,True,0,2,,0.0,0,0,0.0,0,0,1,0,1,0,1,0,0,0,13921.0,Alexander Ramirez,,Alexander Ramirez,0.0,0.0,0.0,0.0,0.0833333333333333,0.0,0.0,0.0,0.0,0.2,0.0,0.0,0.0,0.0,0.0217,1958.0,False,False,None,0,0,0
13935,2026,2026,1,1,,,1,,0,True,True,0,3,,0.0,0,0,0.0,0,0,0,0,0,2,1,0,0,0,13935.0,Jun Chen,,Jun Chen,0.0,0.0,0.0,0.0,0.125,0.0,0.0,0.0,0.0,0.0,0.25,0.0,0.0,0.0,0.0275,1672.0,False,False,None,0,0,0
13936,2026,2026,1,1,,,1,,0,True,True,0,3,,0.0,0,0,0.0,0,0,0,0,0,2,1,0,0,0,13936.0,Qiang Yan,,Qiang Yan,0.0,0.0,0.0,0.0,0.125,0.0,0.0,0.0,0.0,0.0,0.25,0.0,0.0,0.0,0.0275,1672.0,False,False,None,0,0,0
13937,2026,2026,1,1,,,1,,0,True,True,0,3,,0.0,0,0,0.0,0,0,0,0,0,2,2,0,0,0,13937.0,Juan Zou,,Juan Zou,0.0,0.0,0.0,0.0,0.125,0.0,0.0,0.0,0.0,0.0,0.25,0.5,0.0,0.0,0.0425,1060.0,False,False,None,0,0,0
13938,2026,2026,1,1,,,1,,0,True,True,0,3,,0.0,0,0,0.0,0,0,0,0,0,2,1,0,0,0,13938.0,Yang Xie,,Yang Xie,0.0,0.0,0.0,0.0,0.125,0.0,0.0,0.0,0.0,0.0,0.25,0.0,0.0,0.0,0.0275,1672.0,False,False,None,0,0,0
13939,2026,2026,1,1,,,1,,0,True,True,0,3,,0.0,0,0,0.0,0,0,0,0,0,2,2,0,0,0,13939.0,Hüseyin Paffrath,,Hüseyin Paffrath,0.0,0.0,0.0,0.0,0.125,0.0,0.0,0.0,0.0,0.0,0.25,0.5,0.0,0.0,0.0425,1060.0,False,False,None,0,0,0
13946,2029,2029,1,1,,,1,,0,True,True,0,2,,0.0,1,0,0.0,0,0,2,0,2,0,1,0,0,0,13946.0,Xia Fan,,Xia Fan,0.0,0.0,0.0,0.0,0.0833333333333333,0.1428571428571428,0.0,0.0,0.0,0.4,0.0,0.0,0.0,0.0,0.0488,860.0,False,False,None,0,0,0
13947,2029,2029,1,1,,,1,,0,True,True,0,2,,0.0,1,0,0.0,0,0,2,0,2,0,1,0,0,0,13947.0,Brenda Day,,Brenda Day,0.0,0.0,0.0,0.0,0.0833333333333333,0.1428571428571428,0.0,0.0,0.0,0.4,0.0,0.0,0.0,0.0,0.0488,860.0,False,False,None,0,0,0
13948,2029,2029,1,1,,,1,,0,True,True,0,2,,0.0,1,0,0.0,0,0,2,0,2,0,1,0,0,0,13948.0,Kelly Kim,,Kelly Kim,0.0,0.0,0.0,0.0,0.0833333333333333,0.1428571428571428,0.0,0.0,0.0,0.4,0.0,0.0,0.0,0.0,0.0488,860.0,False,False,None,0,0,0
13949,2029,2029,1,1,,,1,,0,True,True,0,2,,0.0,1,0,0.0,0,0,2,0,2,0,1,0,0,0,13949.0,Yong Fang,,Yong Fang,0.0,0.0,0.0,0.0,0.0833333333333333,0.1428571428571428,0.0,0.0,0.0,0.4,0.0,0.0,0.0,0.0,0.0488,860.0,False,False,None,0,0,0
13950,2029,2029,1,1,,,1,,0,True,True,0,2,,0.0,1,0,0.0,0,0,2,0,2,0,1,0,0,0,13950.0,Ming Zhong,,Ming Zhong,0.0,0.0,0.0,0.0,0.0833333333333333,0.1428571428571428,0.0,0.0,0.0,0.4,0.0,0.0,0.0,0.0,0.0488,860.0,False,False,None,0,0,0
13951,2029,2029,1,1,,,1,,0,True,True,0,2,,0.0,1,0,0.0,0,0,2,0,2,0,1,0,0,0,13951.0,Juan Liu,,Juan Liu,0.0,0.0,0.0,0.0,0.0833333333333333,0.1428571428571428,0.0,0.0,0.0,0.4,0.0,0.0,0.0,0.0,0.0488,860.0,False,False,None,0,0,0
13952,2029,2029,1,1,,,1,,0,True,True,0,2,,0.0,1,0,0.0,0,0,2,0,2,0,2,0,0,0,13952.0,Ping Wen,,Ping Wen,0.0,0.0,0.0,0.0,0.0833333333333333,0.1428571428571428,0.0,0.0,0.0,0.4,0.0,0.5,0.0,0.0,0.0638,552.0,False,False,None,0,0,0
13953,2029,2029,1,1,,,1,,0,True,True,0,2,,0.0,1,0,0.0,0,0,2,0,2,0,1,0,0,0,13953.0,Willie Johnson,,Willie Johnson,0.0,0.0,0.0,0.0,0.0833333333333333,0.1428571428571428,0.0,0.0,0.0,0.4,0.0,0.0,0.0,0.0,0.0488,860.0,False,False,None,0,0,0
13954,2029,2029,1,1,,,1,,0,True,True,0,2,,0.0,1,0,0.0,0,0,2,0,2,0,1,0,0,0,13954.0,Luis Green,,Luis Green,0.0,0.0,0.0,0.0,0.0833333333333333,0.1428571428571428,0.0,0.0,0.0,0.4,0.0,0.0,0.0,0.0,0.0488,860.0,False,False,None,0,0,0
13958,2026,2026,1,1,,,1,,0,True,True,0,2,,0.0,1,0,0.0,0,0,1,0,1,0,1,0,0,0,13958.0,Mees Oude Heer,Midnight Herald,Midnight Herald,0.0,0.0,0.0,0.0,0.0833333333333333,0.1428571428571428,0.0,0.0,0.0,0.2,0.0,0.0,0.0,0.0,0.0388,1182.0,False,False,None,0,0,0
13959,2026,2026,1,1,,,1,,0,True,True,0,2,,0.0,1,0,0.0,0,0,1,0,1,0,1,0,0,0,13959.0,Jennifer Vang,,Jennifer Vang,0.0,0.0,0.0,0.0,0.0833333333333333,0.1428571428571428,0.0,0.0,0.0,0.2,0.0,0.0,0.0,0.0,0.0388,1182.0,False,False,None,0,0,0
13977,2026,2026,1,1,,,1,,0,True,True,0,1,,0.0,4,0,0.0,0,0,2,0,2,0,1,0,0,0,13977.0,Agnolo Zaccardo-Leonetti,Midnight Apparatus,Midnight Apparatus,0.0,0.0,0.0,0.0,0.0416666666666666,0.5714285714285714,0.0,0.0,0.0,0.4,0.0,0.0,0.0,0.0,0.0944,260.0,False,False,None,0,0,0
14005,2028,2028,1,1,,,1,,0,True,True,0,1,,0.0,0,0,0.0,0,0,1,0,1,0,1,0,0,0,14005.0,Ming Wan,,Ming Wan,0.0,0.0,0.0,0.0,0.0416666666666666,0.0,0.0,0.0,0.0,0.2,0.0,0.0,0.0,0.0,0.0158,2169.0,False,False,None,0,0,0
14059,2027,2027,1,1,,,1,,0,True,True,0,1,,0.0,0,0,0.0,0,0,0,0,0,1,1,0,0,0,14059.0,Richard Cook,,Richard Cook,0.0,0.0,0.0,0.0,0.0416666666666666,0.0,0.0,0.0,0.0,0.0,0.125,0.0,0.0,0.0,0.0108,2506.0,False,False,None,0,0,0
14060,2027,2027,1,1,,,1,,0,True,True,0,1,,0.0,0,0,0.0,0,0,0,0,0,1,1,0,0,0,14060.0,Gary Edwards,,Gary Edwards,0.0,0.0,0.0,0.0,0.0416666666666666,0.0,0.0,0.0,0.0,0.0,0.125,0.0,0.0,0.0,0.0108,2506.0,False,False,None,0,0,0
14061,2027,2027,1,1,,,1,,0,True,True,0,1,,0.0,0,0,0.0,0,0,0,0,0,1,1,0,0,0,14061.0,James Perry,,James Perry,0.0,0.0,0.0,0.0,0.0416666666666666,0.0,0.0,0.0,0.0,0.0,0.125,0.0,0.0,0.0,0.0108,2506.0,False,False,None,0,0,0
14063,2027,2027,1,1,,,1,,0,True,True,0,1,,0.0,0,0,0.0,0,0,0,0,0,1,2,0,0,0,14063.0,Erica Poole,,Erica Poole,0.0,0.0,0.0,0.0,0.0416666666666666,0.0,0.0,0.0,0.0,0.0,0.125,0.5,0.0,0.0,0.0258,1893.0,False,False,None,0,0,0
14064,2027,2027,1,1,,,1,,0,True,True,0,1,,0.0,0,0,0.0,0,0,0,0,0,1,1,0,0,0,14064.0,Cassandra Hernandez,,Cassandra Hernandez,0.0,0.0,0.0,0.0,0.0416666666666666,0.0,0.0,0.0,0.0,0.0,0.125,0.0,0.0,0.0,0.0108,2506.0,False,False,None,0,0,0
14068,2028,2028,1,1,,,1,,0,True,True,0,1,,0.0,2,0,0.0,0,0,1,0,1,0,1,0,0,0,14068.0,Isis van Tours-Kathagen, Eden, Eden,0.0,0.0,0.0,0.0,0.0416666666666666,0.2857142857142857,0.0,0.0,0.0,0.2,0.0,0.0,0.0,0.0,0.0501,809.0,False,False,None,0,0,0
14069,2028,2028,1,1,,,1,,0,True,True,0,1,,0.0,2,0,0.0,0,0,1,0,1,0,1,0,0,0,14069.0,Yong Hou,,Yong Hou,0.0,0.0,0.0,0.0,0.0416666666666666,0.2857142857142857,0.0,0.0,0.0,0.2,0.0,0.0,0.0,0.0,0.0501,809.0,False,False,None,0,0,0
14070,2028,2028,1,1,,,1,,0,True,True,0,1,,0.0,2,0,0.0,0,0,1,0,1,0,1,0,0,0,14070.0,Li Zhou,,Li Zhou,0.0,0.0,0.0,0.0,0.0416666666666666,0.2857142857142857,0.0,0.0,0.0,0.2,0.0,0.0,0.0,0.0,0.0501,809.0,False,False,None,0,0,0
14071,2028,2028,1,1,,,1,,0,True,True,0,1,,0.0,2,0,0.0,0,0,1,0,1,0,1,0,0,0,14071.0,Chao Qiu,,Chao Qiu,0.0,0.0,0.0,0.0,0.0416666666666666,0.2857142857142857,0.0,0.0,0.0,0.2,0.0,0.0,0.0,0.0,0.0501,809.0,False,False,None,0,0,0
14073,2026,2026,1,1,,,1,,0,True,True,0,0,,0.0,0,0,0.0,0,0,1,0,1,0,1,0,0,0,14073.0,Li Kang,,Li Kang,0.0,0.0,0.0,0.0,0.0,0.0,0.0,0.0,0.0,0.2,0.0,0.0,0.0,0.0,0.01,2522.0,False,False,None,0,0,0
14081,2026,2026,1,1,,,1,,0,True,True,0,1,,0.0,5,0,0.0,0,0,1,0,1,0,1,0,0,0,14081.0,Xia Xiong,,Xia Xiong,0.0,0.0,0.0,0.0,0.0416666666666666,0.7142857142857142,0.0,0.0,0.0,0.2,0.0,0.0,0.0,0.0,0.1015,208.0,False,False,None,0,0,0
14089,2029,2029,1,1,2029.0,2029.0,1,0.0,0,True,True,0,2,11.0,0.0,1,0,0.0,0,0,1,0,1,0,1,0,0,0,14089.0,Ping Xiang,,Ping Xiang,0.0,0.0,0.0,0.0,0.0833333333333333,0.1428571428571428,0.0,0.0,0.0,0.2,0.0,0.0,0.0,0.0,0.0388,1182.0,False,False,None,0,0,0
14090,2029,2029,1,1,2029.0,2029.0,1,0.0,0,True,True,0,2,11.0,0.0,1,0,0.0,0,0,1,0,1,0,1,0,0,0,14090.0,Na Zou,,Na Zou,0.0,0.0,0.0,0.0,0.0833333333333333,0.1428571428571428,0.0,0.0,0.0,0.2,0.0,0.0,0.0,0.0,0.0388,1182.0,False,False,None,0,0,0
14096,2027,2027,1,1,,,1,,0,True,True,0,3,,0.0,0,0,0.0,0,0,1,0,1,0,2,0,0,0,14096.0,Hridaan Rout,,Hridaan Rout,0.0,0.0,0.0,0.0,0.125,0.0,0.0,0.0,0.0,0.2,0.0,0.5,0.0,0.0,0.0425,1060.0,False,False,None,0,0,0
14103,2028,2028,1,1,,,1,,0,True,True,0,1,,0.0,0,0,0.0,0,0,1,0,1,0,1,0,0,0,14103.0,Michael Benson,,Michael Benson,0.0,0.0,0.0,0.0,0.0416666666666666,0.0,0.0,0.0,0.0,0.2,0.0,0.0,0.0,0.0,0.0158,2169.0,False,False,None,0,0,0
14105,2028,2028,1,1,,,1,,0,True,True,0,1,,0.0,0,0,0.0,0,0,1,0,1,0,2,0,0,0,14105.0,Wanda Ray,,Wanda Ray,0.0,0.0,0.0,0.0,0.0416666666666666,0.0,0.0,0.0,0.0,0.2,0.0,0.5,0.0,0.0,0.0308,1542.0,False,False,None,0,0,0
14106,2028,2028,1,1,,,1,,0,True,True,0,1,,0.0,0,0,0.0,0,0,1,0,1,0,1,0,0,0,14106.0,Amy Carroll,,Amy Carroll,0.0,0.0,0.0,0.0,0.0416666666666666,0.0,0.0,0.0,0.0,0.2,0.0,0.0,0.0,0.0,0.0158,2169.0,False,False,None,0,0,0
14121,2028,2028,1,1,,,1,,0,True,True,0,1,,0.0,0,0,0.0,0,0,1,0,1,0,1,0,0,0,14121.0,Chao Chen,,Chao Chen,0.0,0.0,0.0,0.0,0.0416666666666666,0.0,0.0,0.0,0.0,0.2,0.0,0.0,0.0,0.0,0.0158,2169.0,False,False,None,0,0,0
14122,2028,2029,2,2,,,2,,1,True,True,0,6,,0.0,2,0,4.0,0,0,2,0,2,1,1,0,0,0,14122.0,Ming Xiang,,Ming Xiang,0.0,0.4,0.14,0.0,0.25,0.2857142857142857,0.0,0.0,0.3333333333333333,0.4,0.125,0.0,0.0,0.1399999999999999,0.1316,108.0,False,False,None,0,0,0
14123,2028,2028,1,1,,,1,,0,True,True,0,1,,0.0,0,0,0.0,0,0,1,0,1,0,1,0,0,0,14123.0,Jing Zhu,,Jing Zhu,0.0,0.0,0.0,0.0,0.0416666666666666,0.0,0.0,0.0,0.0,0.2,0.0,0.0,0.0,0.0,0.0158,2169.0,False,False,None,0,0,0
14130,2025,2025,1,1,,,1,,0,True,True,0,2,,0.0,2,0,0.0,0,0,1,0,1,0,1,0,0,0,14130.0,Jing Du,,Jing Du,0.0,0.0,0.0,0.0,0.0833333333333333,0.2857142857142857,0.0,0.0,0.0,0.2,0.0,0.0,0.0,0.0,0.056,675.0,False,False,None,0,0,0
14131,2025,2026,2,2,,,2,,1,True,True,0,7,,0.0,2,0,5.0,0,0,1,0,1,0,1,0,0,0,14131.0,Dustin Newman,,Dustin Newman,0.0,0.5,0.175,0.0,0.2916666666666666,0.2857142857142857,0.0,0.0,0.3333333333333333,0.2,0.0,0.0,0.0,0.175,0.126,119.0,False,False,None,0,0,0
14132,2025,2025,1,1,,,1,,0,True,True,0,2,,0.0,2,0,0.0,0,0,1,0,1,0,1,0,0,0,14132.0,Qiang Lu,,Qiang Lu,0.0,0.0,0.0,0.0,0.0833333333333333,0.2857142857142857,0.0,0.0,0.0,0.2,0.0,0.0,0.0,0.0,0.056,675.0,False,False,None,0,0,0
14133,2026,2026,1,1,,,1,,0,True,True,0,5,,0.0,2,0,0.0,0,0,1,0,1,0,1,0,0,0,14133.0,Jun Han,,Jun Han,0.0,0.0,0.0,0.0,0.2083333333333333,0.2857142857142857,0.0,0.0,0.0,0.2,0.0,0.0,0.0,0.0,0.0735,419.0,False,False,None,0,0,0
14135,2029,2029,1,1,,,1,,0,True,True,0,3,,0.0,2,0,0.0,0,0,1,0,1,0,2,0,0,0,14135.0,Gang Zou,Lunar Confetti,Lunar Confetti,0.0,0.0,0.0,0.0,0.125,0.2857142857142857,0.0,0.0,0.0,0.2,0.0,0.5,0.0,0.0,0.0768,389.0,False,False,None,0,0,0
14147,2028,2028,1,1,,,1,,0,True,True,0,3,,0.0,4,0,0.0,0,0,2,0,2,1,1,0,0,0,14147.0,Yan Chen,,Yan Chen,0.0,0.0,0.0,0.0,0.125,0.5714285714285714,0.0,0.0,0.0,0.4,0.125,0.0,0.0,0.0,0.1111,161.0,False,False,None,0,0,0
14148,2028,2028,1,1,,,1,,0,True,True,0,3,,0.0,4,0,0.0,0,0,2,0,2,1,1,0,0,0,14148.0,Min Qiao,,Min Qiao,0.0,0.0,0.0,0.0,0.125,0.5714285714285714,0.0,0.0,0.0,0.4,0.125,0.0,0.0,0.0,0.1111,161.0,False,False,None,0,0,0
14149,2028,2028,1,1,,,1,,0,True,True,0,3,,0.0,4,0,0.0,0,0,2,0,2,1,1,0,0,0,14149.0,Guiying Su,,Guiying Su,0.0,0.0,0.0,0.0,0.125,0.5714285714285714,0.0,0.0,0.0,0.4,0.125,0.0,0.0,0.0,0.1111,161.0,False,False,None,0,0,0
14150,2028,2028,1,1,,,1,,0,True,True,0,3,,0.0,4,0,0.0,0,0,2,0,2,1,1,0,0,0,14150.0,Tao Huang,,Tao Huang,0.0,0.0,0.0,0.0,0.125,0.5714285714285714,0.0,0.0,0.0,0.4,0.125,0.0,0.0,0.0,0.1111,161.0,False,False,None,0,0,0
14176,2031,2031,1,1,,,1,,0,True,True,1,8,,0.0,0,0,0.0,0,0,1,0,1,3,2,0,0,0,14176.0,Fang Ren,,Fang Ren,0.0,0.0,0.0,0.0833333333333333,0.3333333333333333,0.0,0.0,0.0,0.0,0.2,0.375,0.5,0.0,0.0,0.1,227.0,False,False,None,0,0,0
14183,2027,2027,1,0,,,1,,0,True,True,0,3,,0.0,0,0,0.0,0,0,1,0,1,1,1,0,0,0,14183.0,Yong Zhong,,Yong Zhong,0.0,0.0,0.0,0.0,0.125,0.0,0.0,0.0,0.0,0.2,0.125,0.0,0.0,0.0,0.0325,1451.0,False,False,None,0,0,0
14185,2027,2027,1,0,,,1,,0,True,True,0,3,,0.0,0,0,0.0,0,0,1,0,1,1,1,0,0,0,14185.0,James Weber,,James Weber,0.0,0.0,0.0,0.0,0.125,0.0,0.0,0.0,0.0,0.2,0.125,0.0,0.0,0.0,0.0325,1451.0,False,False,None,0,0,0
14186,2027,2027,1,0,,,1,,0,True,True,0,3,,0.0,0,0,0.0,0,0,1,0,1,1,2,0,0,0,14186.0,Guiying Qian,,Guiying Qian,0.0,0.0,0.0,0.0,0.125,0.0,0.0,0.0,0.0,0.2,0.125,0.5,0.0,0.0,0.0475,918.0,False,False,None,0,0,0
14192,2026,2026,1,1,2026.0,2026.0,1,0.0,0,True,True,0,2,14.0,0.0,0,0,0.0,1,0,1,0,1,0,1,0,0,0,14192.0,Ping Pan,,Ping Pan,0.0,0.0,0.0,0.0,0.0833333333333333,0.0,1.0,0.0,0.0,0.2,0.0,0.0,0.0,0.0,0.1017,205.0,False,False,None,0,0,0
14193,2026,2026,1,1,2026.0,2026.0,1,0.0,0,True,True,0,2,14.0,0.0,0,0,0.0,1,0,1,0,1,0,2,0,0,0,14193.0,Guiying Gao,,Guiying Gao,0.0,0.0,0.0,0.0,0.0833333333333333,0.0,1.0,0.0,0.0,0.2,0.0,0.5,0.0,0.0,0.1167,145.0,False,False,None,0,0,0
14194,2026,2026,1,1,2026.0,2026.0,1,0.0,0,True,True,0,2,14.0,0.0,0,0,0.0,1,0,1,0,1,0,1,0,0,0,14194.0,Ping Yao,,Ping Yao,0.0,0.0,0.0,0.0,0.0833333333333333,0.0,1.0,0.0,0.0,0.2,0.0,0.0,0.0,0.0,0.1017,205.0,False,False,None,0,0,0
14195,2026,2026,1,1,2026.0,2026.0,1,0.0,0,True,True,0,2,14.0,0.0,0,0,0.0,1,0,1,0,1,0,2,0,0,0,14195.0,Min Guo,,Min Guo,0.0,0.0,0.0,0.0,0.0833333333333333,0.0,1.0,0.0,0.0,0.2,0.0,0.5,0.0,0.0,0.1167,145.0,False,False,None,0,0,0
14196,2026,2026,1,1,2026.0,2026.0,1,0.0,0,True,True,0,2,14.0,0.0,0,0,0.0,1,0,1,0,1,0,1,0,0,0,14196.0,Guiying Chen,,Guiying Chen,0.0,0.0,0.0,0.0,0.0833333333333333,0.0,1.0,0.0,0.0,0.2,0.0,0.0,0.0,0.0,0.1017,205.0,False,False,None,0,0,0
14221,2026,2026,1,0,,,1,,0,True,True,0,6,,0.0,0,0,0.0,0,0,1,0,1,1,1,1,4,5,14221.0,Jonathan Morris,,Jonathan Morris,0.0,0.0,0.0,0.0,0.25,0.0,0.0,0.0,0.0,0.2,0.125,0.0,0.0,0.0,0.05,835.0,False,False,None,0,0,0
14222,2026,2026,1,0,,,1,,0,True,True,0,6,,0.0,0,0,0.0,0,0,1,0,1,1,1,1,4,5,14222.0,Xiuying Wei,,Xiuying Wei,0.0,0.0,0.0,0.0,0.25,0.0,0.0,0.0,0.0,0.2,0.125,0.0,0.0,0.0,0.05,835.0,False,False,None,0,0,0
14244,2026,2026,1,1,,,1,,0,True,True,0,1,,0.0,0,0,0.0,0,0,2,0,2,0,1,0,0,0,14244.0,Rebecca Marshall,,Rebecca Marshall,0.0,0.0,0.0,0.0,0.0416666666666666,0.0,0.0,0.0,0.0,0.4,0.0,0.0,0.0,0.0,0.0258,1822.0,False,False,None,0,0,0
14245,2026,2026,1,1,,,1,,0,True,True,0,1,,0.0,0,0,0.0,0,0,2,0,2,0,2,0,0,0,14245.0,Charles Snyder,,Charles Snyder,0.0,0.0,0.0,0.0,0.0416666666666666,0.0,0.0,0.0,0.0,0.4,0.0,0.5,0.0,0.0,0.0408,1116.0,False,False,None,0,0,0
14246,2026,2026,1,1,,,1,,0,True,True,0,1,,0.0,0,0,0.0,0,0,2,0,2,0,1,0,0,0,14246.0,Joseph Rey,,Joseph Rey,0.0,0.0,0.0,0.0,0.0416666666666666,0.0,0.0,0.0,0.0,0.4,0.0,0.0,0.0,0.0,0.0258,1822.0,False,False,None,0,0,0
14247,2026,2026,1,1,,,1,,0,True,True,0,1,,0.0,0,0,0.0,0,0,2,0,2,0,2,0,0,0,14247.0,Ashley Osborne,,Ashley Osborne,0.0,0.0,0.0,0.0,0.0416666666666666,0.0,0.0,0.0,0.0,0.4,0.0,0.5,0.0,0.0,0.0408,1116.0,False,False,None,0,0,0
14248,2026,2026,1,1,,,1,,0,True,True,0,1,,0.0,0,0,0.0,0,0,2,0,2,0,1,0,0,0,14248.0,Melissa Matthews,,Melissa Matthews,0.0,0.0,0.0,0.0,0.0416666666666666,0.0,0.0,0.0,0.0,0.4,0.0,0.0,0.0,0.0,0.0258,1822.0,False,False,None,0,0,0
14249,2026,2026,1,1,,,1,,0,True,True,0,1,,0.0,0,0,0.0,0,0,2,0,2,0,1,0,0,0,14249.0,Danny Brooks,,Danny Brooks,0.0,0.0,0.0,0.0,0.0416666666666666,0.0,0.0,0.0,0.0,0.4,0.0,0.0,0.0,0.0,0.0258,1822.0,False,False,None,0,0,0
14252,2028,2028,1,1,,,1,,0,True,True,0,3,,0.0,0,0,0.0,0,0,1,0,1,0,1,0,0,0,14252.0,Elakshi Shukla,,Elakshi Shukla,0.0,0.0,0.0,0.0,0.125,0.0,0.0,0.0,0.0,0.2,0.0,0.0,0.0,0.0,0.0275,1672.0,False,False,None,0,0,0
14254,2028,2028,1,1,,,1,,0,True,True,0,3,,0.0,0,0,0.0,0,0,1,0,1,0,1,0,0,0,14254.0,Romil Sibal,,Romil Sibal,0.0,0.0,0.0,0.0,0.125,0.0,0.0,0.0,0.0,0.2,0.0,0.0,0.0,0.0,0.0275,1672.0,False,False,None,0,0,0
14257,2026,2026,1,1,,,1,,0,True,True,0,2,,0.0,0,0,0.0,0,0,1,0,1,0,1,0,0,0,14257.0,Christopher Hill,,Christopher Hill,0.0,0.0,0.0,0.0,0.0833333333333333,0.0,0.0,0.0,0.0,0.2,0.0,0.0,0.0,0.0,0.0217,1958.0,False,False,None,0,0,0
14258,2026,2026,1,1,,,1,,0,True,True,0,2,,0.0,0,0,0.0,0,0,1,0,1,0,1,0,0,0,14258.0,Carl Serrano,,Carl Serrano,0.0,0.0,0.0,0.0,0.0833333333333333,0.0,0.0,0.0,0.0,0.2,0.0,0.0,0.0,0.0,0.0217,1958.0,False,False,None,0,0,0
14259,2026,2026,1,1,,,1,,0,True,True,0,2,,0.0,0,0,0.0,0,0,1,0,1,0,1,0,0,0,14259.0,Ryan Conley,,Ryan Conley,0.0,0.0,0.0,0.0,0.0833333333333333,0.0,0.0,0.0,0.0,0.2,0.0,0.0,0.0,0.0,0.0217,1958.0,False,False,None,0,0,0
14261,2026,2026,1,1,,,1,,0,True,True,0,2,,0.0,0,0,0.0,0,0,1,0,1,0,1,0,0,0,14261.0,Nicole Smith,,Nicole Smith,0.0,0.0,0.0,0.0,0.0833333333333333,0.0,0.0,0.0,0.0,0.2,0.0,0.0,0.0,0.0,0.0217,1958.0,False,False,None,0,0,0
14270,2031,2031,1,1,2031.0,2031.0,1,0.0,0,True,True,1,4,9.0,0.1,0,0,0.0,0,0,1,0,1,1,3,0,0,0,14270.0,Evelien Becht-Versluijs,,Evelien Becht-Versluijs,0.0,0.0,0.0,0.0833333333333333,0.1666666666666666,0.0,0.0,0.0,0.0,0.2,0.125,1.0,0.0999999999999999,0.0,0.0947,259.0,False,False,None,0,0,0
14287,2027,2027,1,1,2027.0,2027.0,1,0.0,0,True,True,0,4,13.0,0.0,0,0,0.0,0,0,1,0,1,0,1,0,0,0,14287.0,Angela Greene,,Angela Greene,0.0,0.0,0.0,0.0,0.1666666666666666,0.0,0.0,0.0,0.0,0.2,0.0,0.0,0.0,0.0,0.0333,1350.0,False,False,None,0,0,0
14310,2026,2026,1,1,,,1,,0,True,True,0,3,,0.0,0,0,0.0,0,0,1,0,1,1,2,0,0,0,14310.0,Valentina Geraci,Synthetic Serenade,Synthetic Serenade,0.0,0.0,0.0,0.0,0.125,0.0,0.0,0.0,0.0,0.2,0.125,0.5,0.0,0.0,0.0475,918.0,False,False,None,0,0,0
14319,2027,2027,1,1,,,1,,0,True,True,0,1,,0.0,1,0,0.0,0,0,1,0,1,0,1,0,0,0,14319.0,Yang Hu,,Yang Hu,0.0,0.0,0.0,0.0,0.0416666666666666,0.1428571428571428,0.0,0.0,0.0,0.2,0.0,0.0,0.0,0.0,0.033,1390.0,False,False,None,0,0,0
14321,2027,2027,1,1,,,1,,0,True,True,0,1,,0.0,1,0,0.0,0,0,1,0,1,0,2,0,0,0,14321.0,Yan Zhao,,Yan Zhao,0.0,0.0,0.0,0.0,0.0416666666666666,0.1428571428571428,0.0,0.0,0.0,0.2,0.0,0.5,0.0,0.0,0.048,895.0,False,False,None,0,0,0
14325,2028,2028,1,1,2028.0,2028.0,1,0.0,0,True,True,0,0,12.0,0.0,0,0,0.0,0,0,1,0,1,0,1,0,0,0,14325.0,Jie Kong,,Jie Kong,0.0,0.0,0.0,0.0,0.0,0.0,0.0,0.0,0.0,0.2,0.0,0.0,0.0,0.0,0.01,2522.0,False,False,None,0,0,0
14328,2029,2029,1,1,,,1,,0,True,True,0,3,,0.0,0,0,0.0,0,0,1,0,1,0,1,0,0,0,14328.0,Xiuying Han,,Xiuying Han,0.0,0.0,0.0,0.0,0.125,0.0,0.0,0.0,0.0,0.2,0.0,0.0,0.0,0.0,0.0275,1672.0,False,False,None,0,0,0
14330,2026,2026,1,1,,,1,,0,True,True,0,2,,0.0,0,0,0.0,0,0,1,0,1,0,1,0,0,0,14330.0,Shota Ito,,Shota Ito,0.0,0.0,0.0,0.0,0.0833333333333333,0.0,0.0,0.0,0.0,0.2,0.0,0.0,0.0,0.0,0.0217,1958.0,False,False,None,0,0,0
14380,2025,2025,1,1,2025.0,2025.0,1,0.0,0,True,True,0,2,15.0,0.0,3,0,0.0,0,0,1,0,1,2,1,0,0,0,14380.0,Hugo Visconti, Arctic Flame, Arctic Flame,0.0,0.0,0.0,0.0,0.0833333333333333,0.4285714285714285,0.0,0.0,0.0,0.2,0.25,0.0,0.0,0.0,0.0831,330.0,False,False,None,0,0,0
14381,2025,2025,1,1,2025.0,2025.0,1,0.0,0,True,True,0,2,15.0,0.0,3,0,0.0,0,0,1,0,1,2,1,0,0,0,14381.0,Maria Zola,,Maria Zola,0.0,0.0,0.0,0.0,0.0833333333333333,0.4285714285714285,0.0,0.0,0.0,0.2,0.25,0.0,0.0,0.0,0.0831,330.0,False,False,None,0,0,0
14382,2025,2025,1,1,2025.0,2025.0,1,0.0,0,True,True,0,2,15.0,0.0,3,0,0.0,0,0,1,0,1,2,1,0,0,0,14382.0,Giovanna Tirabassi,,Giovanna Tirabassi,0.0,0.0,0.0,0.0,0.0833333333333333,0.4285714285714285,0.0,0.0,0.0,0.2,0.25,0.0,0.0,0.0,0.0831,330.0,False,False,None,0,0,0
14384,2025,2025,1,1,2025.0,2025.0,1,0.0,0,True,True,0,2,15.0,0.0,3,0,0.0,0,0,1,0,1,2,1,0,0,0,14384.0,Vanessa Villadicani,,Vanessa Villadicani,0.0,0.0,0.0,0.0,0.0833333333333333,0.4285714285714285,0.0,0.0,0.0,0.2,0.25,0.0,0.0,0.0,0.0831,330.0,False,False,None,0,0,0
14385,2025,2025,1,1,2025.0,2025.0,1,0.0,0,True,True,0,2,15.0,0.0,3,0,0.0,0,0,1,0,1,2,1,0,0,0,14385.0,Federigo Satta,,Federigo Satta,0.0,0.0,0.0,0.0,0.0833333333333333,0.4285714285714285,0.0,0.0,0.0,0.2,0.25,0.0,0.0,0.0,0.0831,330.0,False,False,None,0,0,0
14386,2025,2025,1,1,2025.0,2025.0,1,0.0,0,True,True,0,2,15.0,0.0,3,0,0.0,0,0,1,0,1,2,1,0,0,0,14386.0,Carlo Altera,,Carlo Altera,0.0,0.0,0.0,0.0,0.0833333333333333,0.4285714285714285,0.0,0.0,0.0,0.2,0.25,0.0,0.0,0.0,0.0831,330.0,False,False,None,0,0,0
14387,2025,2025,1,1,2025.0,2025.0,1,0.0,0,True,True,0,2,15.0,0.0,3,0,0.0,0,0,1,0,1,2,1,0,0,0,14387.0,Andrew Coleman,,Andrew Coleman,0.0,0.0,0.0,0.0,0.0833333333333333,0.4285714285714285,0.0,0.0,0.0,0.2,0.25,0.0,0.0,0.0,0.0831,330.0,False,False,None,0,0,0
14388,2025,2025,1,1,2025.0,2025.0,1,0.0,0,True,True,0,2,15.0,0.0,3,0,0.0,0,0,1,0,1,2,1,0,0,0,14388.0,Emilio Missoni,,Emilio Missoni,0.0,0.0,0.0,0.0,0.0833333333333333,0.4285714285714285,0.0,0.0,0.0,0.2,0.25,0.0,0.0,0.0,0.0831,330.0,False,False,None,0,0,0
14396,2026,2026,1,1,,,1,,0,True,True,0,3,,0.0,0,0,0.0,0,0,1,0,1,0,2,0,2,2,14396.0,Valentina Ungaretti-Pucci,,Valentina Ungaretti-Pucci,0.0,0.0,0.0,0.0,0.125,0.0,0.0,0.0,0.0,0.2,0.0,0.5,0.0,0.0,0.0425,1060.0,False,False,None,0,0,0
14399,2028,2028,1,1,,,1,,0,True,True,0,1,,0.0,0,0,0.0,0,0,1,0,1,0,1,0,0,0,14399.0,Brian Moody,,Brian Moody,0.0,0.0,0.0,0.0,0.0416666666666666,0.0,0.0,0.0,0.0,0.2,0.0,0.0,0.0,0.0,0.0158,2169.0,False,False,None,0,0,0
14400,2028,2028,1,1,,,1,,0,True,True,0,1,,0.0,0,0,0.0,0,0,1,0,1,0,1,0,0,0,14400.0,Monica Mason,,Monica Mason,0.0,0.0,0.0,0.0,0.0416666666666666,0.0,0.0,0.0,0.0,0.2,0.0,0.0,0.0,0.0,0.0158,2169.0,False,False,None,0,0,0
14407,2026,2026,1,1,,,1,,0,True,True,0,1,,0.0,0,0,0.0,0,0,1,0,1,1,2,0,0,0,14407.0,Jennifer Tate,,Jennifer Tate,0.0,0.0,0.0,0.0,0.0416666666666666,0.0,0.0,0.0,0.0,0.2,0.125,0.5,0.0,0.0,0.0358,1318.0,False,False,None,0,0,0
14409,2026,2026,1,1,,,1,,0,True,True,0,1,,0.0,0,0,0.0,0,0,1,0,1,1,1,0,0,0,14409.0,James Taylor,,James Taylor,0.0,0.0,0.0,0.0,0.0416666666666666,0.0,0.0,0.0,0.0,0.2,0.125,0.0,0.0,0.0,0.0208,2090.0,False,False,None,0,0,0
14412,2028,2028,1,1,2028.0,2028.0,1,0.0,0,True,True,0,4,12.0,0.0,0,0,0.0,0,0,1,0,1,1,1,0,0,0,14412.0,Min Lin,,Min Lin,0.0,0.0,0.0,0.0,0.1666666666666666,0.0,0.0,0.0,0.0,0.2,0.125,0.0,0.0,0.0,0.0383,1217.0,False,False,None,0,0,0
14413,2028,2028,1,1,2028.0,2028.0,1,0.0,0,True,True,0,4,12.0,0.0,0,0,0.0,0,0,1,0,1,1,1,0,0,0,14413.0,Ming Zeng,,Ming Zeng,0.0,0.0,0.0,0.0,0.1666666666666666,0.0,0.0,0.0,0.0,0.2,0.125,0.0,0.0,0.0,0.0383,1217.0,False,False,None,0,0,0
14414,2028,2028,1,1,2028.0,2028.0,1,0.0,0,True,True,0,4,12.0,0.0,0,0,0.0,0,0,1,0,1,1,2,0,0,0,14414.0,Carla Holden,,Carla Holden,0.0,0.0,0.0,0.0,0.1666666666666666,0.0,0.0,0.0,0.0,0.2,0.125,0.5,0.0,0.0,0.0533,756.0,False,False,None,0,0,0
14415,2028,2028,1,1,2028.0,2028.0,1,0.0,0,True,True,0,4,12.0,0.0,0,0,0.0,0,0,1,0,1,1,1,0,0,0,14415.0,Ming Xiang,,Ming Xiang,0.0,0.0,0.0,0.0,0.1666666666666666,0.0,0.0,0.0,0.0,0.2,0.125,0.0,0.0,0.0,0.0383,1217.0,False,False,None,0,0,0
14425,2025,2025,1,1,,,1,,0,True,True,0,3,,0.0,0,0,0.0,0,0,0,0,0,1,1,0,0,0,14425.0,Min Du,,Min Du,0.0,0.0,0.0,0.0,0.125,0.0,0.0,0.0,0.0,0.0,0.125,0.0,0.0,0.0,0.0225,1943.0,False,False,None,0,0,0
14426,2025,2025,1,1,,,1,,0,True,True,0,3,,0.0,0,0,0.0,0,0,0,0,0,1,1,0,0,0,14426.0,Na Yuan,,Na Yuan,0.0,0.0,0.0,0.0,0.125,0.0,0.0,0.0,0.0,0.0,0.125,0.0,0.0,0.0,0.0225,1943.0,False,False,None,0,0,0
14427,2025,2025,1,1,,,1,,0,True,True,0,3,,0.0,0,0,0.0,0,0,0,0,0,1,2,0,0,0,14427.0,Ping Cai,,Ping Cai,0.0,0.0,0.0,0.0,0.125,0.0,0.0,0.0,0.0,0.0,0.125,0.5,0.0,0.0,0.0375,1253.0,False,False,None,0,0,0
14430,2030,2030,1,1,,,1,,0,True,True,1,5,,0.0,1,0,0.0,0,0,1,0,1,0,1,0,0,0,14430.0,Xia Wei,,Xia Wei,0.0,0.0,0.0,0.0833333333333333,0.2083333333333333,0.1428571428571428,0.0,0.0,0.0,0.2,0.0,0.0,0.0,0.0,0.0696,461.0,False,False,None,0,0,0
14431,2030,2030,1,1,,,1,,0,True,True,1,5,,0.0,1,0,0.0,0,0,1,0,1,0,1,0,0,0,14431.0,Ethan Moore,,Ethan Moore,0.0,0.0,0.0,0.0833333333333333,0.2083333333333333,0.1428571428571428,0.0,0.0,0.0,0.2,0.0,0.0,0.0,0.0,0.0696,461.0,False,False,None,0,0,0
14445,2030,2030,1,1,,,1,,0,True,True,1,3,,0.0,0,0,0.0,0,0,1,0,1,0,2,0,2,2,14445.0,Guiying Fan,,Guiying Fan,0.0,0.0,0.0,0.0833333333333333,0.125,0.0,0.0,0.0,0.0,0.2,0.0,0.5,0.0,0.0,0.0558,691.0,False,False,None,0,0,0
14450,2025,2025,1,1,,,1,,0,True,True,0,0,,0.0,0,0,0.0,0,0,2,0,2,0,1,0,0,0,14450.0,Teresa White,,Teresa White,0.0,0.0,0.0,0.0,0.0,0.0,0.0,0.0,0.0,0.4,0.0,0.0,0.0,0.0,0.02,2138.0,False,False,None,0,0,0
14451,2025,2025,1,1,,,1,,0,True,True,0,0,,0.0,0,0,0.0,0,0,2,0,2,0,1,0,0,0,14451.0,Anna Mendez,,Anna Mendez,0.0,0.0,0.0,0.0,0.0,0.0,0.0,0.0,0.0,0.4,0.0,0.0,0.0,0.0,0.02,2138.0,False,False,None,0,0,0
14452,2025,2025,1,1,,,1,,0,True,True,0,0,,0.0,0,0,0.0,0,0,2,0,2,0,1,0,0,0,14452.0,Susan Oneal,,Susan Oneal,0.0,0.0,0.0,0.0,0.0,0.0,0.0,0.0,0.0,0.4,0.0,0.0,0.0,0.0,0.02,2138.0,False,False,None,0,0,0
14453,2025,2025,1,1,,,1,,0,True,True,0,0,,0.0,0,0,0.0,0,0,2,0,2,0,1,0,0,0,14453.0,Leah Farrell,,Leah Farrell,0.0,0.0,0.0,0.0,0.0,0.0,0.0,0.0,0.0,0.4,0.0,0.0,0.0,0.0,0.02,2138.0,False,False,None,0,0,0
14467,2028,2028,1,1,,,1,,0,True,True,0,1,,0.0,1,0,0.0,0,0,1,0,1,0,1,0,0,0,14467.0,Jun Lin,,Jun Lin,0.0,0.0,0.0,0.0,0.0416666666666666,0.1428571428571428,0.0,0.0,0.0,0.2,0.0,0.0,0.0,0.0,0.033,1390.0,False,False,None,0,0,0
14468,2028,2028,1,1,,,1,,0,True,True,0,1,,0.0,1,0,0.0,0,0,1,0,1,0,1,0,0,0,14468.0,Ping Tan,,Ping Tan,0.0,0.0,0.0,0.0,0.0416666666666666,0.1428571428571428,0.0,0.0,0.0,0.2,0.0,0.0,0.0,0.0,0.033,1390.0,False,False,None,0,0,0
14470,2026,2026,1,1,,,1,,0,True,True,0,5,,0.0,0,0,0.0,0,0,1,0,1,1,1,0,2,2,14470.0,Min Qin, Crystal Dove, Crystal Dove,0.0,0.0,0.0,0.0,0.2083333333333333,0.0,0.0,0.0,0.0,0.2,0.125,0.0,0.0,0.0,0.0442,987.0,False,False,None,0,0,0
14473,2026,2026,1,1,,,1,,0,True,True,0,5,,0.0,0,0,0.0,0,0,1,0,1,1,1,0,2,2,14473.0,Ping Bai,,Ping Bai,0.0,0.0,0.0,0.0,0.2083333333333333,0.0,0.0,0.0,0.0,0.2,0.125,0.0,0.0,0.0,0.0442,987.0,False,False,None,0,0,0
14484,2029,2029,1,1,,,1,,0,True,True,0,5,,0.0,1,0,0.0,0,0,1,0,1,1,1,0,0,0,14484.0,Guiying Liao,,Guiying Liao,0.0,0.0,0.0,0.0,0.2083333333333333,0.1428571428571428,0.0,0.0,0.0,0.2,0.125,0.0,0.0,0.0,0.0613,588.0,False,False,None,0,0,0
14499,2026,2026,1,1,,,1,,0,True,True,0,7,,0.0,6,0,0.0,0,0,2,0,2,2,1,0,0,0,14499.0,Emily Perkins,Ghost Waltz,Ghost Waltz,0.0,0.0,0.0,0.0,0.2916666666666666,0.8571428571428571,0.0,0.0,0.0,0.4,0.25,0.0,0.0,0.0,0.1737,50.0,False,False,None,0,0,0
14500,2026,2026,1,1,,,1,,0,True,True,0,7,,0.0,6,0,0.0,0,0,2,0,2,2,1,0,0,0,14500.0,Kimberly Lee,,Kimberly Lee,0.0,0.0,0.0,0.0,0.2916666666666666,0.8571428571428571,0.0,0.0,0.0,0.4,0.25,0.0,0.0,0.0,0.1737,50.0,False,False,None,0,0,0
14501,2026,2026,1,1,,,1,,0,True,True,0,7,,0.0,6,0,0.0,0,0,2,0,2,2,1,0,0,0,14501.0,Kristina Serrano,,Kristina Serrano,0.0,0.0,0.0,0.0,0.2916666666666666,0.8571428571428571,0.0,0.0,0.0,0.4,0.25,0.0,0.0,0.0,0.1737,50.0,False,False,None,0,0,0
14502,2026,2026,1,1,,,1,,0,True,True,0,7,,0.0,6,0,0.0,0,0,2,0,2,2,1,0,0,0,14502.0,Melissa Johnson,,Melissa Johnson,0.0,0.0,0.0,0.0,0.2916666666666666,0.8571428571428571,0.0,0.0,0.0,0.4,0.25,0.0,0.0,0.0,0.1737,50.0,False,False,None,0,0,0
14503,2026,2026,1,1,,,1,,0,True,True,0,7,,0.0,6,0,0.0,0,0,2,0,2,2,1,0,0,0,14503.0,Joseph Rodriguez,,Joseph Rodriguez,0.0,0.0,0.0,0.0,0.2916666666666666,0.8571428571428571,0.0,0.0,0.0,0.4,0.25,0.0,0.0,0.0,0.1737,50.0,False,False,None,0,0,0
14504,2026,2026,1,1,,,1,,0,True,True,0,7,,0.0,6,0,0.0,0,0,2,0,2,2,1,0,0,0,14504.0,John Johnston,,John Johnston,0.0,0.0,0.0,0.0,0.2916666666666666,0.8571428571428571,0.0,0.0,0.0,0.4,0.25,0.0,0.0,0.0,0.1737,50.0,False,False,None,0,0,0
14525,2027,2027,1,1,,,1,,0,True,True,0,2,,0.0,1,0,0.0,0,0,1,0,1,1,1,0,0,0,14525.0,Rodney Hayes,,Rodney Hayes,0.0,0.0,0.0,0.0,0.0833333333333333,0.1428571428571428,0.0,0.0,0.0,0.2,0.125,0.0,0.0,0.0,0.0438,1006.0,False,False,None,0,0,0
14526,2027,2027,1,1,,,1,,0,True,True,0,2,,0.0,1,0,0.0,0,0,1,0,1,1,1,0,0,0,14526.0,Janet Aguilar,,Janet Aguilar,0.0,0.0,0.0,0.0,0.0833333333333333,0.1428571428571428,0.0,0.0,0.0,0.2,0.125,0.0,0.0,0.0,0.0438,1006.0,False,False,None,0,0,0
14536,2025,2025,1,1,,,1,,0,True,True,0,1,,0.0,0,0,0.0,1,0,1,0,1,0,1,0,0,0,14536.0,Samantha Campbell,,Samantha Campbell,0.0,0.0,0.0,0.0,0.0416666666666666,0.0,1.0,0.0,0.0,0.2,0.0,0.0,0.0,0.0,0.0958,250.0,False,False,None,0,0,0
14539,2026,2026,1,1,,,1,,0,True,True,0,1,,0.0,0,0,0.0,0,0,1,0,1,0,1,0,0,0,14539.0,Fang Ren,,Fang Ren,0.0,0.0,0.0,0.0,0.0416666666666666,0.0,0.0,0.0,0.0,0.2,0.0,0.0,0.0,0.0,0.0158,2169.0,False,False,None,0,0,0
14542,2026,2026,1,1,,,1,,0,True,True,0,1,,0.0,0,0,0.0,0,0,1,0,1,0,2,0,0,0,14542.0,Robin Cline,,Robin Cline,0.0,0.0,0.0,0.0,0.0416666666666666,0.0,0.0,0.0,0.0,0.2,0.0,0.5,0.0,0.0,0.0308,1542.0,False,False,None,0,0,0
14545,2030,2030,1,1,,,1,,0,True,True,1,1,,0.0,0,0,0.0,0,0,1,0,1,0,1,0,0,0,14545.0,Jason Ali,,Jason Ali,0.0,0.0,0.0,0.0833333333333333,0.0416666666666666,0.0,0.0,0.0,0.0,0.2,0.0,0.0,0.0,0.0,0.0292,1648.0,False,False,None,0,0,0
14546,2030,2030,1,1,,,1,,0,True,True,1,1,,0.0,0,0,0.0,0,0,1,0,1,0,1,0,0,0,14546.0,Corinne Leleu,,Corinne Leleu,0.0,0.0,0.0,0.0833333333333333,0.0416666666666666,0.0,0.0,0.0,0.0,0.2,0.0,0.0,0.0,0.0,0.0292,1648.0,False,False,None,0,0,0
14548,2026,2026,1,1,,,1,,0,True,True,0,1,,0.0,0,0,0.0,0,0,1,0,1,1,1,0,0,0,14548.0,Wei Zhu,,Wei Zhu,0.0,0.0,0.0,0.0,0.0416666666666666,0.0,0.0,0.0,0.0,0.2,0.125,0.0,0.0,0.0,0.0208,2090.0,False,False,None,0,0,0
14549,2026,2026,1,1,,,1,,0,True,True,0,1,,0.0,0,0,0.0,0,0,1,0,1,1,2,0,0,0,14549.0,Juan Hao,,Juan Hao,0.0,0.0,0.0,0.0,0.0416666666666666,0.0,0.0,0.0,0.0,0.2,0.125,0.5,0.0,0.0,0.0358,1318.0,False,False,None,0,0,0
14550,2026,2026,1,1,,,1,,0,True,True,0,1,,0.0,0,0,0.0,0,0,1,0,1,1,1,0,0,0,14550.0,Na Huang,,Na Huang,0.0,0.0,0.0,0.0,0.0416666666666666,0.0,0.0,0.0,0.0,0.2,0.125,0.0,0.0,0.0,0.0208,2090.0,False,False,None,0,0,0
14560,2030,2030,1,1,,,1,,0,True,True,1,1,,0.0,1,0,0.0,0,0,1,0,1,1,1,0,0,0,14560.0,Guiying Peng,,Guiying Peng,0.0,0.0,0.0,0.0833333333333333,0.0416666666666666,0.1428571428571428,0.0,0.0,0.0,0.2,0.125,0.0,0.0,0.0,0.0513,778.0,False,False,None,0,0,0
14561,2030,2030,1,1,,,1,,0,True,True,1,1,,0.0,1,0,0.0,0,0,1,0,1,1,1,0,0,0,14561.0,Xiulan Du,,Xiulan Du,0.0,0.0,0.0,0.0833333333333333,0.0416666666666666,0.1428571428571428,0.0,0.0,0.0,0.2,0.125,0.0,0.0,0.0,0.0513,778.0,False,False,None,0,0,0
14564,2026,2026,1,1,,,1,,0,True,True,0,1,,0.0,0,0,0.0,0,0,1,0,1,0,1,0,0,0,14564.0,Alexis Moore,,Alexis Moore,0.0,0.0,0.0,0.0,0.0416666666666666,0.0,0.0,0.0,0.0,0.2,0.0,0.0,0.0,0.0,0.0158,2169.0,False,False,None,0,0,0
14565,2026,2026,1,1,,,1,,0,True,True,0,1,,0.0,0,0,0.0,0,0,1,0,1,0,1,0,0,0,14565.0,Yong Yan,,Yong Yan,0.0,0.0,0.0,0.0,0.0416666666666666,0.0,0.0,0.0,0.0,0.2,0.0,0.0,0.0,0.0,0.0158,2169.0,False,False,None,0,0,0
14568,2026,2026,1,1,,,1,,0,True,True,0,4,,0.0,0,0,0.0,0,0,1,0,1,1,2,0,0,0,14568.0,Dawn Kelly,,Dawn Kelly,0.0,0.0,0.0,0.0,0.1666666666666666,0.0,0.0,0.0,0.0,0.2,0.125,0.5,0.0,0.0,0.0533,756.0,False,False,None,0,0,0
14585,2029,2029,1,1,,,1,,0,True,True,0,1,,0.0,0,0,0.0,0,0,1,0,1,0,1,0,0,0,14585.0,Valentine Jourdan du Schneider,,Valentine Jourdan du Schneider,0.0,0.0,0.0,0.0,0.0416666666666666,0.0,0.0,0.0,0.0,0.2,0.0,0.0,0.0,0.0,0.0158,2169.0,False,False,None,0,0,0
14603,2027,2027,1,1,2027.0,2027.0,1,0.0,0,True,True,0,4,13.0,0.0,0,0,0.0,0,0,1,0,1,0,1,0,0,0,14603.0,Regina Vance,,Regina Vance,0.0,0.0,0.0,0.0,0.1666666666666666,0.0,0.0,0.0,0.0,0.2,0.0,0.0,0.0,0.0,0.0333,1350.0,False,False,None,0,0,0
14605,2027,2027,1,1,2027.0,2027.0,1,0.0,0,True,True,0,4,13.0,0.0,0,0,0.0,0,0,1,0,1,0,2,0,0,0,14605.0,Cas Everde,,Cas Everde,0.0,0.0,0.0,0.0,0.1666666666666666,0.0,0.0,0.0,0.0,0.2,0.0,0.5,0.0,0.0,0.0483,880.0,False,False,None,0,0,0
14607,2025,2025,1,1,,,1,,0,True,True,0,2,,0.0,2,0,0.0,0,0,1,0,1,0,1,0,0,0,14607.0,Karen Thomas,,Karen Thomas,0.0,0.0,0.0,0.0,0.0833333333333333,0.2857142857142857,0.0,0.0,0.0,0.2,0.0,0.0,0.0,0.0,0.056,675.0,False,False,None,0,0,0
14612,2027,2027,1,1,,,1,,0,True,True,0,1,,0.0,0,0,0.0,0,0,1,0,1,0,2,0,0,0,14612.0,Claude Jean,,Claude Jean,0.0,0.0,0.0,0.0,0.0416666666666666,0.0,0.0,0.0,0.0,0.2,0.0,0.5,0.0,0.0,0.0308,1542.0,False,False,None,0,0,0
14616,2029,2029,1,1,,,1,,0,True,True,0,1,,0.0,1,0,0.0,0,0,1,0,1,0,1,0,0,0,14616.0,Heather Velasquez,,Heather Velasquez,0.0,0.0,0.0,0.0,0.0416666666666666,0.1428571428571428,0.0,0.0,0.0,0.2,0.0,0.0,0.0,0.0,0.033,1390.0,False,False,None,0,0,0
14617,2029,2029,1,1,,,1,,0,True,True,0,1,,0.0,1,0,0.0,0,0,1,0,1,0,1,0,0,0,14617.0,Danny Lindsey,,Danny Lindsey,0.0,0.0,0.0,0.0,0.0416666666666666,0.1428571428571428,0.0,0.0,0.0,0.2,0.0,0.0,0.0,0.0,0.033,1390.0,False,False,None,0,0,0
14638,2026,2026,1,1,,,1,,0,True,True,0,1,,0.0,0,0,0.0,0,0,1,0,1,0,1,0,0,0,14638.0,Alan Yang,,Alan Yang,0.0,0.0,0.0,0.0,0.0416666666666666,0.0,0.0,0.0,0.0,0.2,0.0,0.0,0.0,0.0,0.0158,2169.0,False,False,None,0,0,0
14667,2029,2029,1,1,,,1,,0,True,True,0,4,,0.0,0,0,0.0,0,0,1,0,1,1,1,1,2,3,14667.0,Maurice Harrison,,Maurice Harrison,0.0,0.0,0.0,0.0,0.1666666666666666,0.0,0.0,0.0,0.0,0.2,0.125,0.0,0.0,0.0,0.0383,1217.0,False,False,None,0,0,0
14668,2029,2029,1,1,,,1,,0,True,True,0,4,,0.0,0,0,0.0,0,0,1,0,1,1,1,1,2,3,14668.0,Scott Burke,,Scott Burke,0.0,0.0,0.0,0.0,0.1666666666666666,0.0,0.0,0.0,0.0,0.2,0.125,0.0,0.0,0.0,0.0383,1217.0,False,False,None,0,0,0
14669,2029,2029,1,1,,,1,,0,True,True,0,4,,0.0,0,0,0.0,0,0,1,0,1,1,1,1,2,3,14669.0,Devin Chan,,Devin Chan,0.0,0.0,0.0,0.0,0.1666666666666666,0.0,0.0,0.0,0.0,0.2,0.125,0.0,0.0,0.0,0.0383,1217.0,False,False,None,0,0,0
14677,2031,2031,1,1,,,1,,0,True,True,1,1,,0.0,0,0,0.0,0,0,1,0,1,0,1,0,0,0,14677.0,Beata Budig,,Beata Budig,0.0,0.0,0.0,0.0833333333333333,0.0416666666666666,0.0,0.0,0.0,0.0,0.2,0.0,0.0,0.0,0.0,0.0292,1648.0,False,False,None,0,0,0
14685,2029,2029,1,1,2029.0,2029.0,1,0.0,0,True,True,0,1,11.0,0.0,0,0,0.0,0,0,1,0,1,0,1,0,1,1,14685.0,Michael Gomez,,Michael Gomez,0.0,0.0,0.0,0.0,0.0416666666666666,0.0,0.0,0.0,0.0,0.2,0.0,0.0,0.0,0.0,0.0158,2169.0,False,False,None,0,0,0
14686,2029,2029,1,1,2029.0,2029.0,1,0.0,0,True,True,0,1,11.0,0.0,0,0,0.0,0,0,1,0,1,0,1,0,1,1,14686.0,Wanda Fuller,,Wanda Fuller,0.0,0.0,0.0,0.0,0.0416666666666666,0.0,0.0,0.0,0.0,0.2,0.0,0.0,0.0,0.0,0.0158,2169.0,False,False,None,0,0,0
14687,2029,2029,1,1,2029.0,2029.0,1,0.0,0,True,True,0,1,11.0,0.0,0,0,0.0,0,0,1,0,1,0,1,0,1,1,14687.0,Christopher Richards,,Christopher Richards,0.0,0.0,0.0,0.0,0.0416666666666666,0.0,0.0,0.0,0.0,0.2,0.0,0.0,0.0,0.0,0.0158,2169.0,False,False,None,0,0,0
14689,2029,2029,1,1,2029.0,2029.0,1,0.0,0,True,True,0,1,11.0,0.0,0,0,0.0,0,0,1,0,1,0,1,0,1,1,14689.0,Mitchell Ross,,Mitchell Ross,0.0,0.0,0.0,0.0,0.0416666666666666,0.0,0.0,0.0,0.0,0.2,0.0,0.0,0.0,0.0,0.0158,2169.0,False,False,None,0,0,0
14692,2026,2026,1,1,,,1,,0,True,True,0,1,,0.0,0,0,0.0,0,0,1,0,1,0,1,0,0,0,14692.0,Susan Christian, TEMP£E, TEMP£E,0.0,0.0,0.0,0.0,0.0416666666666666,0.0,0.0,0.0,0.0,0.2,0.0,0.0,0.0,0.0,0.0158,2169.0,False,False,None,0,0,0
14693,2026,2026,1,1,,,1,,0,True,True,0,1,,0.0,0,0,0.0,0,0,1,0,1,0,1,0,0,0,14693.0,Yan Fu,,Yan Fu,0.0,0.0,0.0,0.0,0.0416666666666666,0.0,0.0,0.0,0.0,0.2,0.0,0.0,0.0,0.0,0.0158,2169.0,False,False,None,0,0,0
14694,2026,2026,1,1,,,1,,0,True,True,0,1,,0.0,0,0,0.0,0,0,1,0,1,0,2,0,0,0,14694.0,Fang Yan,,Fang Yan,0.0,0.0,0.0,0.0,0.0416666666666666,0.0,0.0,0.0,0.0,0.2,0.0,0.5,0.0,0.0,0.0308,1542.0,False,False,None,0,0,0
14695,2026,2026,1,1,,,1,,0,True,True,0,1,,0.0,0,0,0.0,0,0,1,0,1,0,2,0,0,0,14695.0,Na Zhu,,Na Zhu,0.0,0.0,0.0,0.0,0.0416666666666666,0.0,0.0,0.0,0.0,0.2,0.0,0.5,0.0,0.0,0.0308,1542.0,False,False,None,0,0,0
14704,2029,2029,1,1,,,1,,0,True,True,0,2,,0.0,0,0,0.0,0,0,1,0,1,0,2,0,0,0,14704.0,Min Zhou,,Min Zhou,0.0,0.0,0.0,0.0,0.0833333333333333,0.0,0.0,0.0,0.0,0.2,0.0,0.5,0.0,0.0,0.0367,1265.0,False,False,None,0,0,0
14706,2030,2030,1,1,,,1,,0,True,True,1,3,,0.0,0,0,0.0,0,0,0,0,0,0,1,0,0,0,14706.0,Gaetano Hartmann,,Gaetano Hartmann,0.0,0.0,0.0,0.0833333333333333,0.125,0.0,0.0,0.0,0.0,0.0,0.0,0.0,0.0,0.0,0.0308,1542.0,False,False,None,0,0,0
14712,2030,2030,1,1,,,1,,0,True,True,1,1,,0.0,0,0,0.0,0,0,1,0,1,0,1,0,0,0,14712.0,Ming Ding,,Ming Ding,0.0,0.0,0.0,0.0833333333333333,0.0416666666666666,0.0,0.0,0.0,0.0,0.2,0.0,0.0,0.0,0.0,0.0292,1648.0,False,False,None,0,0,0
14716,2026,2026,1,1,,,1,,0,True,True,0,2,,0.0,0,0,0.0,0,0,1,0,1,0,1,0,0,0,14716.0,Tyler Case, Raven Cross, Raven Cross,0.0,0.0,0.0,0.0,0.0833333333333333,0.0,0.0,0.0,0.0,0.2,0.0,0.0,0.0,0.0,0.0217,1958.0,False,False,None,0,0,0
14717,2026,2026,1,1,,,1,,0,True,True,0,2,,0.0,0,0,0.0,0,0,1,0,1,0,2,0,0,0,14717.0,Jonathan Oestrovsky,,Jonathan Oestrovsky,0.0,0.0,0.0,0.0,0.0833333333333333,0.0,0.0,0.0,0.0,0.2,0.0,0.5,0.0,0.0,0.0367,1265.0,False,False,None,0,0,0
14718,2026,2026,1,1,,,1,,0,True,True,0,2,,0.0,0,0,0.0,0,0,1,0,1,0,1,0,0,0,14718.0,Juan Mao,,Juan Mao,0.0,0.0,0.0,0.0,0.0833333333333333,0.0,0.0,0.0,0.0,0.2,0.0,0.0,0.0,0.0,0.0217,1958.0,False,False,None,0,0,0
14719,2026,2026,1,1,,,1,,0,True,True,0,2,,0.0,0,0,0.0,0,0,1,0,1,0,1,0,0,0,14719.0,Wei Long,,Wei Long,0.0,0.0,0.0,0.0,0.0833333333333333,0.0,0.0,0.0,0.0,0.2,0.0,0.0,0.0,0.0,0.0217,1958.0,False,False,None,0,0,0
14733,2026,2026,1,1,,,1,,0,True,True,0,1,,0.0,0,0,0.0,0,0,1,0,1,0,1,0,0,0,14733.0,Nicole Lamb,,Nicole Lamb,0.0,0.0,0.0,0.0,0.0416666666666666,0.0,0.0,0.0,0.0,0.2,0.0,0.0,0.0,0.0,0.0158,2169.0,False,False,None,0,0,0
14734,2026,2026,1,1,,,1,,0,True,True,0,1,,0.0,0,0,0.0,0,0,1,0,1,0,2,0,0,0,14734.0,Stephen Decker,,Stephen Decker,0.0,0.0,0.0,0.0,0.0416666666666666,0.0,0.0,0.0,0.0,0.2,0.0,0.5,0.0,0.0,0.0308,1542.0,False,False,None,0,0,0
14735,2026,2026,1,1,,,1,,0,True,True,0,1,,0.0,0,0,0.0,0,0,1,0,1,0,1,0,0,0,14735.0,Briana Miller,,Briana Miller,0.0,0.0,0.0,0.0,0.0416666666666666,0.0,0.0,0.0,0.0,0.2,0.0,0.0,0.0,0.0,0.0158,2169.0,False,False,None,0,0,0
14736,2026,2026,1,1,,,1,,0,True,True,0,1,,0.0,0,0,0.0,0,0,1,0,1,0,1,0,0,0,14736.0,Karen White,,Karen White,0.0,0.0,0.0,0.0,0.0416666666666666,0.0,0.0,0.0,0.0,0.2,0.0,0.0,0.0,0.0,0.0158,2169.0,False,False,None,0,0,0
14737,2026,2026,1,1,,,1,,0,True,True,0,1,,0.0,0,0,0.0,0,0,1,0,1,0,1,0,0,0,14737.0,Na Tian,,Na Tian,0.0,0.0,0.0,0.0,0.0416666666666666,0.0,0.0,0.0,0.0,0.2,0.0,0.0,0.0,0.0,0.0158,2169.0,False,False,None,0,0,0
14738,2026,2026,1,1,,,1,,0,True,True,0,1,,0.0,0,0,0.0,0,0,1,0,1,0,1,0,0,0,14738.0,Thomas Alvarez,,Thomas Alvarez,0.0,0.0,0.0,0.0,0.0416666666666666,0.0,0.0,0.0,0.0,0.2,0.0,0.0,0.0,0.0,0.0158,2169.0,False,False,None,0,0,0
14739,2026,2026,1,1,,,1,,0,True,True,0,1,,0.0,0,0,0.0,0,0,1,0,1,0,1,0,0,0,14739.0,Amy Thomas,,Amy Thomas,0.0,0.0,0.0,0.0,0.0416666666666666,0.0,0.0,0.0,0.0,0.2,0.0,0.0,0.0,0.0,0.0158,2169.0,False,False,None,0,0,0
14751,2028,2028,1,1,,,1,,0,True,True,0,2,,0.0,0,0,0.0,0,0,1,0,1,0,1,0,2,2,14751.0,Min Kong,,Min Kong,0.0,0.0,0.0,0.0,0.0833333333333333,0.0,0.0,0.0,0.0,0.2,0.0,0.0,0.0,0.0,0.0217,1958.0,False,False,None,0,0,0
14752,2028,2028,1,1,,,1,,0,True,True,0,2,,0.0,0,0,0.0,0,0,1,0,1,0,1,0,2,2,14752.0,Yong Deng,,Yong Deng,0.0,0.0,0.0,0.0,0.0833333333333333,0.0,0.0,0.0,0.0,0.2,0.0,0.0,0.0,0.0,0.0217,1958.0,False,False,None,0,0,0
14761,2026,2026,1,1,,,1,,0,True,True,0,4,,0.0,1,0,0.0,0,0,1,0,1,0,1,0,0,0,14761.0,Kendra Spears,,Kendra Spears,0.0,0.0,0.0,0.0,0.1666666666666666,0.1428571428571428,0.0,0.0,0.0,0.2,0.0,0.0,0.0,0.0,0.0505,793.0,False,False,None,0,0,0
14775,2027,2027,1,1,,,1,,0,True,True,0,0,,0.0,0,0,0.0,0,0,1,0,1,0,1,0,0,0,14775.0,Ming Kong, L.A. Rose, L.A. Rose,0.0,0.0,0.0,0.0,0.0,0.0,0.0,0.0,0.0,0.2,0.0,0.0,0.0,0.0,0.01,2522.0,False,False,None,0,0,0
14776,2027,2027,1,1,,,1,,0,True,True,0,0,,0.0,0,0,0.0,0,0,1,0,1,0,1,0,0,0,14776.0,Juan Wu,,Juan Wu,0.0,0.0,0.0,0.0,0.0,0.0,0.0,0.0,0.0,0.2,0.0,0.0,0.0,0.0,0.01,2522.0,False,False,None,0,0,0
14779,2026,2026,1,1,,,1,,0,True,True,0,2,,0.0,0,0,0.0,0,0,1,0,1,0,2,0,0,0,14779.0,Li Deng,,Li Deng,0.0,0.0,0.0,0.0,0.0833333333333333,0.0,0.0,0.0,0.0,0.2,0.0,0.5,0.0,0.0,0.0367,1265.0,False,False,None,0,0,0
14796,2026,2026,1,1,,,1,,0,True,True,0,2,,0.0,0,0,0.0,0,0,1,0,1,0,1,0,0,0,14796.0,Bobby Guzman,,Bobby Guzman,0.0,0.0,0.0,0.0,0.0833333333333333,0.0,0.0,0.0,0.0,0.2,0.0,0.0,0.0,0.0,0.0217,1958.0,False,False,None,0,0,0
14805,2027,2027,1,1,,,1,,0,True,True,0,1,,0.0,0,0,0.0,1,0,1,0,1,0,1,0,1,1,14805.0,Lei Wan,,Lei Wan,0.0,0.0,0.0,0.0,0.0416666666666666,0.0,1.0,0.0,0.0,0.2,0.0,0.0,0.0,0.0,0.0958,250.0,False,False,None,0,0,0
14806,2027,2027,1,1,,,1,,0,True,True,0,1,,0.0,0,0,0.0,1,0,1,0,1,0,1,0,1,1,14806.0,Tao Ma,,Tao Ma,0.0,0.0,0.0,0.0,0.0416666666666666,0.0,1.0,0.0,0.0,0.2,0.0,0.0,0.0,0.0,0.0958,250.0,False,False,None,0,0,0
14807,2027,2027,1,1,,,1,,0,True,True,0,1,,0.0,0,0,0.0,1,0,1,0,1,0,1,0,1,1,14807.0,Wei Xiao,,Wei Xiao,0.0,0.0,0.0,0.0,0.0416666666666666,0.0,1.0,0.0,0.0,0.2,0.0,0.0,0.0,0.0,0.0958,250.0,False,False,None,0,0,0
14808,2027,2027,1,1,,,1,,0,True,True,0,1,,0.0,0,0,0.0,1,0,1,0,1,0,2,0,1,1,14808.0,Qiang Shi,,Qiang Shi,0.0,0.0,0.0,0.0,0.0416666666666666,0.0,1.0,0.0,0.0,0.2,0.0,0.5,0.0,0.0,0.1108,167.0,False,False,None,0,0,0
14815,2025,2025,1,1,,,1,,0,True,True,0,3,,0.0,1,0,0.0,0,0,1,0,1,1,1,0,0,0,14815.0,Thomas Boyle,,Thomas Boyle,0.0,0.0,0.0,0.0,0.125,0.1428571428571428,0.0,0.0,0.0,0.2,0.125,0.0,0.0,0.0,0.0496,850.0,False,False,None,0,0,0
14831,2029,2029,1,1,,,1,,0,True,True,0,0,,0.0,0,0,0.0,0,0,1,0,1,0,1,0,0,0,14831.0,Gang Ye,,Gang Ye,0.0,0.0,0.0,0.0,0.0,0.0,0.0,0.0,0.0,0.2,0.0,0.0,0.0,0.0,0.01,2522.0,False,False,None,0,0,0
14833,2029,2029,1,1,,,1,,0,True,True,0,0,,0.0,0,0,0.0,0,0,1,0,1,0,1,0,0,0,14833.0,Wei Lin,,Wei Lin,0.0,0.0,0.0,0.0,0.0,0.0,0.0,0.0,0.0,0.2,0.0,0.0,0.0,0.0,0.01,2522.0,False,False,None,0,0,0
14836,2030,2030,1,1,,,1,,0,True,True,1,1,,0.0,0,0,0.0,0,0,1,0,1,0,2,0,0,0,14836.0,Min Guo, PH∆SE, PH∆SE,0.0,0.0,0.0,0.0833333333333333,0.0416666666666666,0.0,0.0,0.0,0.0,0.2,0.0,0.5,0.0,0.0,0.0442,987.0,False,False,None,0,0,0
14837,2030,2030,1,1,,,1,,0,True,True,1,1,,0.0,0,0,0.0,0,0,1,0,1,0,1,0,0,0,14837.0,Jason Hendricks,,Jason Hendricks,0.0,0.0,0.0,0.0833333333333333,0.0416666666666666,0.0,0.0,0.0,0.0,0.2,0.0,0.0,0.0,0.0,0.0292,1648.0,False,False,None,0,0,0
14839,2030,2030,1,1,,,1,,0,True,True,1,1,,0.0,0,0,0.0,0,0,1,0,1,0,1,0,0,0,14839.0,Fang Qian,,Fang Qian,0.0,0.0,0.0,0.0833333333333333,0.0416666666666666,0.0,0.0,0.0,0.0,0.2,0.0,0.0,0.0,0.0,0.0292,1648.0,False,False,None,0,0,0
14844,2025,2025,1,1,,,1,,0,True,True,0,1,,0.0,0,0,0.0,0,0,1,0,1,0,1,0,0,0,14844.0,Juan Mao,,Juan Mao,0.0,0.0,0.0,0.0,0.0416666666666666,0.0,0.0,0.0,0.0,0.2,0.0,0.0,0.0,0.0,0.0158,2169.0,False,False,None,0,0,0
14845,2025,2025,1,1,,,1,,0,True,True,0,1,,0.0,0,0,0.0,0,0,1,0,1,0,1,0,0,0,14845.0,Jing Li,,Jing Li,0.0,0.0,0.0,0.0,0.0416666666666666,0.0,0.0,0.0,0.0,0.2,0.0,0.0,0.0,0.0,0.0158,2169.0,False,False,None,0,0,0
14846,2025,2025,1,1,,,1,,0,True,True,0,1,,0.0,0,0,0.0,0,0,1,0,1,0,1,0,0,0,14846.0,Min Zhao,,Min Zhao,0.0,0.0,0.0,0.0,0.0416666666666666,0.0,0.0,0.0,0.0,0.2,0.0,0.0,0.0,0.0,0.0158,2169.0,False,False,None,0,0,0
14848,2025,2025,1,1,,,1,,0,True,True,0,1,,0.0,0,0,0.0,0,0,1,0,1,0,1,0,0,0,14848.0,Jun Deng,,Jun Deng,0.0,0.0,0.0,0.0,0.0416666666666666,0.0,0.0,0.0,0.0,0.2,0.0,0.0,0.0,0.0,0.0158,2169.0,False,False,None,0,0,0
14849,2025,2025,1,1,,,1,,0,True,True,0,1,,0.0,0,0,0.0,0,0,1,0,1,0,3,0,0,0,14849.0,Xiuying Peng,,Xiuying Peng,0.0,0.0,0.0,0.0,0.0416666666666666,0.0,0.0,0.0,0.0,0.2,0.0,1.0,0.0,0.0,0.0458,940.0,False,False,None,0,0,0
14856,2025,2025,1,1,,,1,,0,True,True,0,2,,0.0,0,0,0.0,0,0,0,0,0,1,1,0,0,0,14856.0,Yong Wan,,Yong Wan,0.0,0.0,0.0,0.0,0.0833333333333333,0.0,0.0,0.0,0.0,0.0,0.125,0.0,0.0,0.0,0.0167,2153.0,False,False,None,0,0,0
14869,2026,2026,1,1,2026.0,2026.0,1,0.0,0,True,True,0,1,14.0,0.0,0,0,0.0,0,0,2,0,2,1,1,0,0,0,14869.0,Wei Lei,,Wei Lei,0.0,0.0,0.0,0.0,0.0416666666666666,0.0,0.0,0.0,0.0,0.4,0.125,0.0,0.0,0.0,0.0308,1534.0,False,False,None,0,0,0
14871,2026,2026,1,1,2026.0,2026.0,1,0.0,0,True,True,0,1,14.0,0.0,0,0,0.0,0,0,2,0,2,1,1,0,0,0,14871.0,Ping Yang,,Ping Yang,0.0,0.0,0.0,0.0,0.0416666666666666,0.0,0.0,0.0,0.0,0.4,0.125,0.0,0.0,0.0,0.0308,1534.0,False,False,None,0,0,0
14881,2026,2026,1,1,,,1,,0,True,True,0,2,,0.0,2,0,0.0,0,0,1,0,1,0,1,0,0,0,14881.0,Auguste Perrin,,Auguste Perrin,0.0,0.0,0.0,0.0,0.0833333333333333,0.2857142857142857,0.0,0.0,0.0,0.2,0.0,0.0,0.0,0.0,0.056,675.0,False,False,None,0,0,0
14882,2026,2026,1,1,,,1,,0,True,True,0,2,,0.0,2,0,0.0,0,0,1,0,1,0,1,0,0,0,14882.0,Victoire Roger-Noël,,Victoire Roger-Noël,0.0,0.0,0.0,0.0,0.0833333333333333,0.2857142857142857,0.0,0.0,0.0,0.2,0.0,0.0,0.0,0.0,0.056,675.0,False,False,None,0,0,0
14898,2029,2029,1,1,,,1,,0,True,True,0,2,,0.0,0,0,0.0,0,0,1,0,1,0,2,0,0,0,14898.0,Darshit Mannan,,Darshit Mannan,0.0,0.0,0.0,0.0,0.0833333333333333,0.0,0.0,0.0,0.0,0.2,0.0,0.5,0.0,0.0,0.0367,1265.0,False,False,None,0,0,0
14900,2029,2029,1,1,,,1,,0,True,True,0,2,,0.0,0,0,0.0,0,0,1,0,1,0,1,0,0,0,14900.0,Tammy Campos,,Tammy Campos,0.0,0.0,0.0,0.0,0.0833333333333333,0.0,0.0,0.0,0.0,0.2,0.0,0.0,0.0,0.0,0.0217,1958.0,False,False,None,0,0,0
14901,2029,2029,1,1,,,1,,0,True,True,0,2,,0.0,0,0,0.0,0,0,1,0,1,0,1,0,0,0,14901.0,Parinaaz Deshmukh,,Parinaaz Deshmukh,0.0,0.0,0.0,0.0,0.0833333333333333,0.0,0.0,0.0,0.0,0.2,0.0,0.0,0.0,0.0,0.0217,1958.0,False,False,None,0,0,0
14914,2025,2025,1,1,,,1,,0,True,True,0,1,,0.0,0,0,0.0,0,0,1,0,1,0,1,0,0,0,14914.0,Xiulan Sun,,Xiulan Sun,0.0,0.0,0.0,0.0,0.0416666666666666,0.0,0.0,0.0,0.0,0.2,0.0,0.0,0.0,0.0,0.0158,2169.0,False,False,None,0,0,0
14915,2025,2025,1,1,,,1,,0,True,True,0,1,,0.0,0,0,0.0,0,0,1,0,1,0,2,0,0,0,14915.0,Gang Qiao,,Gang Qiao,0.0,0.0,0.0,0.0,0.0416666666666666,0.0,0.0,0.0,0.0,0.2,0.0,0.5,0.0,0.0,0.0308,1542.0,False,False,None,0,0,0
14916,2025,2025,1,1,,,1,,0,True,True,0,1,,0.0,0,0,0.0,0,0,1,0,1,0,1,0,0,0,14916.0,Christopher Fox,,Christopher Fox,0.0,0.0,0.0,0.0,0.0416666666666666,0.0,0.0,0.0,0.0,0.2,0.0,0.0,0.0,0.0,0.0158,2169.0,False,False,None,0,0,0
14919,2025,2025,1,1,,,1,,0,True,True,0,1,,0.0,0,0,0.0,0,0,1,0,1,0,2,0,0,0,14919.0,Jing Jiang,,Jing Jiang,0.0,0.0,0.0,0.0,0.0416666666666666,0.0,0.0,0.0,0.0,0.2,0.0,0.5,0.0,0.0,0.0308,1542.0,False,False,None,0,0,0
14922,2025,2025,1,1,,,1,,0,True,True,0,0,,0.0,2,0,0.0,0,0,1,0,1,0,1,0,0,0,14922.0,Jie Du,,Jie Du,0.0,0.0,0.0,0.0,0.0,0.2857142857142857,0.0,0.0,0.0,0.2,0.0,0.0,0.0,0.0,0.0443,981.0,False,False,None,0,0,0
14923,2025,2025,1,1,,,1,,0,True,True,0,0,,0.0,2,0,0.0,0,0,1,0,1,0,1,0,0,0,14923.0,Yang Xu,,Yang Xu,0.0,0.0,0.0,0.0,0.0,0.2857142857142857,0.0,0.0,0.0,0.2,0.0,0.0,0.0,0.0,0.0443,981.0,False,False,None,0,0,0
14924,2025,2025,1,1,,,1,,0,True,True,0,0,,0.0,2,0,0.0,0,0,1,0,1,0,1,0,0,0,14924.0,Guiying Feng,,Guiying Feng,0.0,0.0,0.0,0.0,0.0,0.2857142857142857,0.0,0.0,0.0,0.2,0.0,0.0,0.0,0.0,0.0443,981.0,False,False,None,0,0,0
14925,2025,2025,1,1,,,1,,0,True,True,0,0,,0.0,2,0,0.0,0,0,1,0,1,0,1,0,0,0,14925.0,Xia Xu,,Xia Xu,0.0,0.0,0.0,0.0,0.0,0.2857142857142857,0.0,0.0,0.0,0.2,0.0,0.0,0.0,0.0,0.0443,981.0,False,False,None,0,0,0
14926,2025,2025,1,1,,,1,,0,True,True,0,0,,0.0,2,0,0.0,0,0,1,0,1,0,2,0,0,0,14926.0,Jun Chang,,Jun Chang,0.0,0.0,0.0,0.0,0.0,0.2857142857142857,0.0,0.0,0.0,0.2,0.0,0.5,0.0,0.0,0.0593,629.0,False,False,None,0,0,0
14931,2029,2029,1,1,,,1,,0,True,True,0,4,,0.0,1,0,0.0,0,0,1,0,1,0,1,0,0,0,14931.0,Ming Yuan,,Ming Yuan,0.0,0.0,0.0,0.0,0.1666666666666666,0.1428571428571428,0.0,0.0,0.0,0.2,0.0,0.0,0.0,0.0,0.0505,793.0,False,False,None,0,0,0
14932,2029,2029,1,1,,,1,,0,True,True,0,4,,0.0,1,0,0.0,0,0,1,0,1,0,1,0,0,0,14932.0,Lei Sun,,Lei Sun,0.0,0.0,0.0,0.0,0.1666666666666666,0.1428571428571428,0.0,0.0,0.0,0.2,0.0,0.0,0.0,0.0,0.0505,793.0,False,False,None,0,0,0
14943,2029,2029,1,1,,,1,,0,True,True,0,1,,0.0,0,0,0.0,0,0,1,0,1,1,2,0,0,0,14943.0,Jonathan Bishop,,Jonathan Bishop,0.0,0.0,0.0,0.0,0.0416666666666666,0.0,0.0,0.0,0.0,0.2,0.125,0.5,0.0,0.0,0.0358,1318.0,False,False,None,0,0,0
15012,2026,2026,1,1,,,1,,0,True,True,0,1,,0.0,0,0,0.0,0,0,1,0,1,0,1,0,0,0,15012.0,Li Chang,,Li Chang,0.0,0.0,0.0,0.0,0.0416666666666666,0.0,0.0,0.0,0.0,0.2,0.0,0.0,0.0,0.0,0.0158,2169.0,False,False,None,0,0,0
15013,2026,2026,1,1,,,1,,0,True,True,0,1,,0.0,0,0,0.0,0,0,1,0,1,0,1,0,0,0,15013.0,Ming Chang,,Ming Chang,0.0,0.0,0.0,0.0,0.0416666666666666,0.0,0.0,0.0,0.0,0.2,0.0,0.0,0.0,0.0,0.0158,2169.0,False,False,None,0,0,0
15014,2026,2026,1,1,,,1,,0,True,True,0,1,,0.0,0,0,0.0,0,0,1,0,1,0,2,0,0,0,15014.0,Nathan Nelson,,Nathan Nelson,0.0,0.0,0.0,0.0,0.0416666666666666,0.0,0.0,0.0,0.0,0.2,0.0,0.5,0.0,0.0,0.0308,1542.0,False,False,None,0,0,0
15058,2029,2029,1,1,,,1,,0,True,True,0,3,,0.0,0,0,0.0,0,0,0,0,0,1,1,0,0,0,15058.0,Jun Wan,,Jun Wan,0.0,0.0,0.0,0.0,0.125,0.0,0.0,0.0,0.0,0.0,0.125,0.0,0.0,0.0,0.0225,1943.0,False,False,None,0,0,0
15077,2030,2030,1,1,2030.0,2030.0,1,0.0,0,True,True,1,1,10.0,0.0,1,0,0.0,0,0,2,0,2,0,2,0,0,0,15077.0,Heather Dalton,,Heather Dalton,0.0,0.0,0.0,0.0833333333333333,0.0416666666666666,0.1428571428571428,0.0,0.0,0.0,0.4,0.0,0.5,0.0,0.0,0.0713,442.0,False,False,None,0,0,0
15079,2030,2030,1,1,2030.0,2030.0,1,0.0,0,True,True,1,1,10.0,0.0,1,0,0.0,0,0,2,0,2,0,1,0,0,0,15079.0,Wei Kang,,Wei Kang,0.0,0.0,0.0,0.0833333333333333,0.0416666666666666,0.1428571428571428,0.0,0.0,0.0,0.4,0.0,0.0,0.0,0.0,0.0563,661.0,False,False,None,0,0,0
15115,2028,2028,1,1,2028.0,2028.0,1,0.0,0,True,True,0,1,12.0,0.0,0,0,0.0,0,0,1,0,1,0,1,0,0,0,15115.0,Juan Dong,,Juan Dong,0.0,0.0,0.0,0.0,0.0416666666666666,0.0,0.0,0.0,0.0,0.2,0.0,0.0,0.0,0.0,0.0158,2169.0,False,False,None,0,0,0
15117,2028,2028,1,1,2028.0,2028.0,1,0.0,0,True,True,0,1,12.0,0.0,0,0,0.0,0,0,1,0,1,0,1,0,0,0,15117.0,Yan Gu,,Yan Gu,0.0,0.0,0.0,0.0,0.0416666666666666,0.0,0.0,0.0,0.0,0.2,0.0,0.0,0.0,0.0,0.0158,2169.0,False,False,None,0,0,0
15123,2026,2026,1,1,,,1,,0,True,True,0,5,,0.0,0,0,0.0,0,0,1,0,1,1,1,0,0,0,15123.0,Tao Hou,,Tao Hou,0.0,0.0,0.0,0.0,0.2083333333333333,0.0,0.0,0.0,0.0,0.2,0.125,0.0,0.0,0.0,0.0442,987.0,False,False,None,0,0,0
15125,2026,2026,1,1,,,1,,0,True,True,0,5,,0.0,0,0,0.0,0,0,1,0,1,1,1,0,0,0,15125.0,Xia Yang,,Xia Yang,0.0,0.0,0.0,0.0,0.2083333333333333,0.0,0.0,0.0,0.0,0.2,0.125,0.0,0.0,0.0,0.0442,987.0,False,False,None,0,0,0
15134,2029,2029,1,1,,,1,,0,True,True,0,1,,0.0,0,0,0.0,0,0,2,0,2,0,1,0,0,0,15134.0,Elizabeth Gonzalez,,Elizabeth Gonzalez,0.0,0.0,0.0,0.0,0.0416666666666666,0.0,0.0,0.0,0.0,0.4,0.0,0.0,0.0,0.0,0.0258,1822.0,False,False,None,0,0,0
15140,2028,2028,1,1,,,1,,0,True,True,0,1,,0.0,0,0,0.0,0,0,1,0,1,0,1,0,0,0,15140.0,Xiuying Cheng,,Xiuying Cheng,0.0,0.0,0.0,0.0,0.0416666666666666,0.0,0.0,0.0,0.0,0.2,0.0,0.0,0.0,0.0,0.0158,2169.0,False,False,None,0,0,0
15154,2028,2028,1,1,2028.0,2028.0,1,0.0,0,True,True,0,2,12.0,0.0,0,0,0.0,0,0,2,0,2,0,1,0,0,0,15154.0,Min Jin,,Min Jin,0.0,0.0,0.0,0.0,0.0833333333333333,0.0,0.0,0.0,0.0,0.4,0.0,0.0,0.0,0.0,0.0317,1503.0,False,False,None,0,0,0
15161,2029,2029,1,1,,,1,,0,True,True,0,2,,0.0,1,0,0.0,0,0,1,0,1,1,1,0,0,0,15161.0,Brian Le,,Brian Le,0.0,0.0,0.0,0.0,0.0833333333333333,0.1428571428571428,0.0,0.0,0.0,0.2,0.125,0.0,0.0,0.0,0.0438,1006.0,False,False,None,0,0,0
15163,2029,2029,1,1,,,1,,0,True,True,0,2,,0.0,1,0,0.0,0,0,1,0,1,1,1,0,0,0,15163.0,Amy Rodriguez,,Amy Rodriguez,0.0,0.0,0.0,0.0,0.0833333333333333,0.1428571428571428,0.0,0.0,0.0,0.2,0.125,0.0,0.0,0.0,0.0438,1006.0,False,False,None,0,0,0
15193,2028,2028,1,1,2028.0,2028.0,1,0.0,0,True,True,0,4,12.0,0.0,0,0,0.0,0,0,1,0,1,2,2,0,0,0,15193.0,Qiang Hao,,Qiang Hao,0.0,0.0,0.0,0.0,0.1666666666666666,0.0,0.0,0.0,0.0,0.2,0.25,0.5,0.0,0.0,0.0583,642.0,False,False,None,0,0,0
15194,2028,2028,1,1,2028.0,2028.0,1,0.0,0,True,True,0,4,12.0,0.0,0,0,0.0,0,0,1,0,1,2,1,0,0,0,15194.0,Ping Meng,,Ping Meng,0.0,0.0,0.0,0.0,0.1666666666666666,0.0,0.0,0.0,0.0,0.2,0.25,0.0,0.0,0.0,0.0433,1026.0,False,False,None,0,0,0
15195,2028,2028,1,1,2028.0,2028.0,1,0.0,0,True,True,0,4,12.0,0.0,0,0,0.0,0,0,1,0,1,2,1,0,0,0,15195.0,Jun Huang,,Jun Huang,0.0,0.0,0.0,0.0,0.1666666666666666,0.0,0.0,0.0,0.0,0.2,0.25,0.0,0.0,0.0,0.0433,1026.0,False,False,None,0,0,0
15196,2028,2028,1,1,2028.0,2028.0,1,0.0,0,True,True,0,4,12.0,0.0,0,0,0.0,0,0,1,0,1,2,1,0,0,0,15196.0,Tyler Lee,,Tyler Lee,0.0,0.0,0.0,0.0,0.1666666666666666,0.0,0.0,0.0,0.0,0.2,0.25,0.0,0.0,0.0,0.0433,1026.0,False,False,None,0,0,0
15200,2025,2025,1,1,,,1,,0,True,True,0,0,,0.0,4,0,0.0,0,0,1,0,1,0,1,0,0,0,15200.0,Linus Bonbach,,Linus Bonbach,0.0,0.0,0.0,0.0,0.0,0.5714285714285714,0.0,0.0,0.0,0.2,0.0,0.0,0.0,0.0,0.0786,373.0,False,False,None,0,0,0
15201,2025,2025,1,1,,,1,,0,True,True,0,0,,0.0,4,0,0.0,0,0,1,0,1,0,1,0,0,0,15201.0,Raimund Wernecke,,Raimund Wernecke,0.0,0.0,0.0,0.0,0.0,0.5714285714285714,0.0,0.0,0.0,0.2,0.0,0.0,0.0,0.0,0.0786,373.0,False,False,None,0,0,0
15208,2029,2029,1,1,,,1,,0,True,True,0,3,,0.0,0,0,0.0,0,0,1,0,1,1,1,0,0,0,15208.0,Na Chang,,Na Chang,0.0,0.0,0.0,0.0,0.125,0.0,0.0,0.0,0.0,0.2,0.125,0.0,0.0,0.0,0.0325,1451.0,False,False,None,0,0,0
15209,2029,2029,1,1,,,1,,0,True,True,0,3,,0.0,0,0,0.0,0,0,1,0,1,1,1,0,0,0,15209.0,James Beard,,James Beard,0.0,0.0,0.0,0.0,0.125,0.0,0.0,0.0,0.0,0.2,0.125,0.0,0.0,0.0,0.0325,1451.0,False,False,None,0,0,0
15211,2027,2027,1,1,2027.0,2027.0,1,0.0,0,True,True,0,3,13.0,0.0,1,0,0.0,0,0,1,0,1,0,1,0,0,0,15211.0,Yong Xue,,Yong Xue,0.0,0.0,0.0,0.0,0.125,0.1428571428571428,0.0,0.0,0.0,0.2,0.0,0.0,0.0,0.0,0.0446,965.0,False,False,None,0,0,0
15223,2026,2026,1,1,2026.0,2026.0,1,0.0,0,True,True,0,1,14.0,0.0,3,0,0.0,0,0,1,0,1,0,1,0,0,0,15223.0,Tao Xie,,Tao Xie,0.0,0.0,0.0,0.0,0.0416666666666666,0.4285714285714285,0.0,0.0,0.0,0.2,0.0,0.0,0.0,0.0,0.0673,488.0,False,False,None,0,0,0
15225,2026,2026,2,2,2026.0,2026.0,2,0.0,0,True,True,0,2,14.0,0.0,3,0,0.0,0,0,1,0,1,0,1,0,0,0,15225.0,Guiying Shi,,Guiying Shi,0.0,0.0,0.0,0.0,0.0833333333333333,0.4285714285714285,0.0,0.0,0.3333333333333333,0.2,0.0,0.0,0.0,0.0,0.0964,239.0,False,False,None,0,0,0
15228,2026,2026,1,1,,,1,,0,True,True,0,1,,0.0,0,0,0.0,0,0,1,0,1,0,2,0,0,0,15228.0,Jason Mcpherson,,Jason Mcpherson,0.0,0.0,0.0,0.0,0.0416666666666666,0.0,0.0,0.0,0.0,0.2,0.0,0.5,0.0,0.0,0.0308,1542.0,False,False,None,0,0,0
15232,2025,2025,1,1,,,1,,0,True,True,0,0,,0.0,0,0,0.0,0,0,1,0,1,0,1,0,0,0,15232.0,Jun Zhou,,Jun Zhou,0.0,0.0,0.0,0.0,0.0,0.0,0.0,0.0,0.0,0.2,0.0,0.0,0.0,0.0,0.01,2522.0,False,False,None,0,0,0
15233,2025,2025,1,1,,,1,,0,True,True,0,0,,0.0,0,0,0.0,0,0,1,0,1,0,1,0,0,0,15233.0,Qiang Yang,,Qiang Yang,0.0,0.0,0.0,0.0,0.0,0.0,0.0,0.0,0.0,0.2,0.0,0.0,0.0,0.0,0.01,2522.0,False,False,None,0,0,0
15234,2025,2025,1,1,,,1,,0,True,True,0,0,,0.0,0,0,0.0,0,0,1,0,1,0,1,0,0,0,15234.0,Gang Long,,Gang Long,0.0,0.0,0.0,0.0,0.0,0.0,0.0,0.0,0.0,0.2,0.0,0.0,0.0,0.0,0.01,2522.0,False,False,None,0,0,0
15236,2029,2029,1,1,,,1,,0,True,True,0,2,,0.0,1,0,0.0,1,0,1,0,1,0,1,0,0,0,15236.0,Yang Meng,,Yang Meng,0.0,0.0,0.0,0.0,0.0833333333333333,0.1428571428571428,1.0,0.0,0.0,0.2,0.0,0.0,0.0,0.0,0.1188,132.0,False,False,None,0,0,0
15238,2029,2029,1,1,,,1,,0,True,True,0,2,,0.0,1,0,0.0,1,0,1,0,1,0,1,0,0,0,15238.0,Juan Cheng,,Juan Cheng,0.0,0.0,0.0,0.0,0.0833333333333333,0.1428571428571428,1.0,0.0,0.0,0.2,0.0,0.0,0.0,0.0,0.1188,132.0,False,False,None,0,0,0
15239,2029,2029,1,1,,,1,,0,True,True,0,2,,0.0,1,0,0.0,1,0,1,0,1,0,1,0,0,0,15239.0,Kelly Williams,,Kelly Williams,0.0,0.0,0.0,0.0,0.0833333333333333,0.1428571428571428,1.0,0.0,0.0,0.2,0.0,0.0,0.0,0.0,0.1188,132.0,False,False,None,0,0,0
15240,2029,2029,1,1,,,1,,0,True,True,0,2,,0.0,1,0,0.0,1,0,1,0,1,0,1,0,0,0,15240.0,Yan Liang,,Yan Liang,0.0,0.0,0.0,0.0,0.0833333333333333,0.1428571428571428,1.0,0.0,0.0,0.2,0.0,0.0,0.0,0.0,0.1188,132.0,False,False,None,0,0,0
15256,2028,2028,1,1,,,1,,0,True,True,0,1,,0.0,0,0,0.0,0,0,2,0,2,0,1,0,0,0,15256.0,Jun Duan,,Jun Duan,0.0,0.0,0.0,0.0,0.0416666666666666,0.0,0.0,0.0,0.0,0.4,0.0,0.0,0.0,0.0,0.0258,1822.0,False,False,None,0,0,0
15257,2028,2028,1,1,,,1,,0,True,True,0,1,,0.0,0,0,0.0,0,0,2,0,2,0,1,0,0,0,15257.0,Chao Ding,,Chao Ding,0.0,0.0,0.0,0.0,0.0416666666666666,0.0,0.0,0.0,0.0,0.4,0.0,0.0,0.0,0.0,0.0258,1822.0,False,False,None,0,0,0
15259,2030,2030,1,1,,,1,,0,True,True,1,3,,0.0,0,0,0.0,0,0,1,0,1,0,2,0,0,0,15259.0,Jacqueline Monroe,,Jacqueline Monroe,0.0,0.0,0.0,0.0833333333333333,0.125,0.0,0.0,0.0,0.0,0.2,0.0,0.5,0.0,0.0,0.0558,691.0,False,False,None,0,0,0
15273,2029,2029,1,1,,,1,,0,True,True,0,6,,0.0,0,0,0.0,0,0,1,0,1,2,2,0,0,0,15273.0,Jing Luo,,Jing Luo,0.0,0.0,0.0,0.0,0.25,0.0,0.0,0.0,0.0,0.2,0.25,0.5,0.0,0.0,0.07,458.0,False,False,None,0,0,0
15286,2025,2025,1,1,,,1,,0,True,True,0,0,,0.0,1,0,0.0,0,0,1,0,1,0,1,0,0,0,15286.0,Li Dong,,Li Dong,0.0,0.0,0.0,0.0,0.0,0.1428571428571428,0.0,0.0,0.0,0.2,0.0,0.0,0.0,0.0,0.0271,1747.0,False,False,None,0,0,0
15296,2027,2027,1,1,,,1,,0,True,True,0,1,,0.0,2,0,0.0,0,0,1,0,1,0,1,0,0,0,15296.0,Yang Hou,,Yang Hou,0.0,0.0,0.0,0.0,0.0416666666666666,0.2857142857142857,0.0,0.0,0.0,0.2,0.0,0.0,0.0,0.0,0.0501,809.0,False,False,None,0,0,0
15297,2027,2027,1,1,,,1,,0,True,True,0,1,,0.0,2,0,0.0,0,0,1,0,1,0,1,0,0,0,15297.0,Gang Ren,,Gang Ren,0.0,0.0,0.0,0.0,0.0416666666666666,0.2857142857142857,0.0,0.0,0.0,0.2,0.0,0.0,0.0,0.0,0.0501,809.0,False,False,None,0,0,0
15312,2029,2029,1,1,,,1,,0,True,True,0,6,,0.0,0,0,0.0,0,0,2,0,2,1,2,0,0,0,15312.0,Xiuying Zhou,,Xiuying Zhou,0.0,0.0,0.0,0.0,0.25,0.0,0.0,0.0,0.0,0.4,0.125,0.5,0.0,0.0,0.075,405.0,False,False,None,0,0,0
15317,2026,2026,1,1,,,1,,0,True,True,0,4,,0.0,1,0,0.0,0,0,1,0,1,0,2,1,0,1,15317.0,Douglas Roberts,,Douglas Roberts,0.0,0.0,0.0,0.0,0.1666666666666666,0.1428571428571428,0.0,0.0,0.0,0.2,0.0,0.5,0.0,0.0,0.0655,529.0,False,False,None,0,0,0
15324,2029,2029,1,1,,,1,,0,True,True,0,7,,0.0,2,0,0.0,0,0,1,0,1,1,1,0,0,0,15324.0,Kacper Panasewicz,,Kacper Panasewicz,0.0,0.0,0.0,0.0,0.2916666666666666,0.2857142857142857,0.0,0.0,0.0,0.2,0.125,0.0,0.0,0.0,0.0901,290.0,False,False,None,0,0,0
15353,2030,2030,1,1,2030.0,2030.0,1,0.0,0,True,True,1,1,10.0,0.0,0,0,0.0,0,0,0,0,0,1,1,0,0,0,15353.0,Na Wei,,Na Wei,0.0,0.0,0.0,0.0833333333333333,0.0416666666666666,0.0,0.0,0.0,0.0,0.0,0.125,0.0,0.0,0.0,0.0242,1921.0,False,False,None,0,0,0
15354,2030,2030,1,1,2030.0,2030.0,1,0.0,0,True,True,1,1,10.0,0.0,0,0,0.0,0,0,0,0,0,1,1,0,0,0,15354.0,Gang Fan,,Gang Fan,0.0,0.0,0.0,0.0833333333333333,0.0416666666666666,0.0,0.0,0.0,0.0,0.0,0.125,0.0,0.0,0.0,0.0242,1921.0,False,False,None,0,0,0
15355,2030,2030,1,1,2030.0,2030.0,1,0.0,0,True,True,1,1,10.0,0.0,0,0,0.0,0,0,0,0,0,1,2,0,0,0,15355.0,Gang Qian,,Gang Qian,0.0,0.0,0.0,0.0833333333333333,0.0416666666666666,0.0,0.0,0.0,0.0,0.0,0.125,0.5,0.0,0.0,0.0392,1154.0,False,False,None,0,0,0
15356,2030,2030,1,1,2030.0,2030.0,1,0.0,0,True,True,1,1,10.0,0.0,0,0,0.0,0,0,0,0,0,1,1,0,0,0,15356.0,Xia Tian,,Xia Tian,0.0,0.0,0.0,0.0833333333333333,0.0416666666666666,0.0,0.0,0.0,0.0,0.0,0.125,0.0,0.0,0.0,0.0242,1921.0,False,False,None,0,0,0
15365,2026,2026,1,1,2026.0,2026.0,1,0.0,0,True,True,0,2,14.0,0.0,0,0,0.0,0,0,1,0,1,1,2,0,0,0,15365.0,Matthew Dominguez,,Matthew Dominguez,0.0,0.0,0.0,0.0,0.0833333333333333,0.0,0.0,0.0,0.0,0.2,0.125,0.5,0.0,0.0,0.0417,1088.0,False,False,None,0,0,0
15366,2026,2026,1,1,2026.0,2026.0,1,0.0,0,True,True,0,2,14.0,0.0,0,0,0.0,0,0,1,0,1,1,1,0,0,0,15366.0,Kaira Dutt,,Kaira Dutt,0.0,0.0,0.0,0.0,0.0833333333333333,0.0,0.0,0.0,0.0,0.2,0.125,0.0,0.0,0.0,0.0267,1762.0,False,False,None,0,0,0
15367,2026,2026,1,1,2026.0,2026.0,1,0.0,0,True,True,0,2,14.0,0.0,0,0,0.0,0,0,1,0,1,1,1,0,0,0,15367.0,Anay Boase,,Anay Boase,0.0,0.0,0.0,0.0,0.0833333333333333,0.0,0.0,0.0,0.0,0.2,0.125,0.0,0.0,0.0,0.0267,1762.0,False,False,None,0,0,0
15368,2026,2026,1,1,2026.0,2026.0,1,0.0,0,True,True,0,2,14.0,0.0,0,0,0.0,0,0,1,0,1,1,2,0,0,0,15368.0,Divit Srinivas,,Divit Srinivas,0.0,0.0,0.0,0.0,0.0833333333333333,0.0,0.0,0.0,0.0,0.2,0.125,0.5,0.0,0.0,0.0417,1088.0,False,False,None,0,0,0
15371,2026,2026,1,1,2026.0,2026.0,1,0.0,0,True,True,0,1,14.0,0.0,3,0,0.0,0,0,1,0,1,0,1,0,0,0,15371.0,Yong Qiao,,Yong Qiao,0.0,0.0,0.0,0.0,0.0416666666666666,0.4285714285714285,0.0,0.0,0.0,0.2,0.0,0.0,0.0,0.0,0.0673,488.0,False,False,None,0,0,0
15385,2025,2025,1,1,,,1,,0,True,True,0,1,,0.0,1,0,0.0,0,0,1,0,1,0,1,1,0,1,15385.0,Xia Ye,,Xia Ye,0.0,0.0,0.0,0.0,0.0416666666666666,0.1428571428571428,0.0,0.0,0.0,0.2,0.0,0.0,0.0,0.0,0.033,1390.0,False,False,None,0,0,0
15386,2025,2025,1,1,,,1,,0,True,True,0,1,,0.0,1,0,0.0,0,0,1,0,1,0,1,1,0,1,15386.0,Chelsea Harris,,Chelsea Harris,0.0,0.0,0.0,0.0,0.0416666666666666,0.1428571428571428,0.0,0.0,0.0,0.2,0.0,0.0,0.0,0.0,0.033,1390.0,False,False,None,0,0,0
15392,2026,2026,1,1,,,1,,0,True,True,0,1,,0.0,1,0,0.0,0,0,1,0,1,0,1,0,0,0,15392.0,Li Tan,,Li Tan,0.0,0.0,0.0,0.0,0.0416666666666666,0.1428571428571428,0.0,0.0,0.0,0.2,0.0,0.0,0.0,0.0,0.033,1390.0,False,False,None,0,0,0
15393,2026,2026,1,1,,,1,,0,True,True,0,1,,0.0,1,0,0.0,0,0,1,0,1,0,1,0,0,0,15393.0,Fang Liang,,Fang Liang,0.0,0.0,0.0,0.0,0.0416666666666666,0.1428571428571428,0.0,0.0,0.0,0.2,0.0,0.0,0.0,0.0,0.033,1390.0,False,False,None,0,0,0
15421,2028,2028,1,1,,,1,,0,True,True,0,5,,0.0,1,0,0.0,0,0,1,0,1,0,1,0,0,0,15421.0,Sylwia Skowyra,,Sylwia Skowyra,0.0,0.0,0.0,0.0,0.2083333333333333,0.1428571428571428,0.0,0.0,0.0,0.2,0.0,0.0,0.0,0.0,0.0563,661.0,False,False,None,0,0,0
15431,2027,2027,1,1,,,1,,0,True,True,0,2,,0.0,0,0,0.0,0,0,1,0,1,1,1,0,0,0,15431.0,Pamela Kent,,Pamela Kent,0.0,0.0,0.0,0.0,0.0833333333333333,0.0,0.0,0.0,0.0,0.2,0.125,0.0,0.0,0.0,0.0267,1762.0,False,False,None,0,0,0
15433,2027,2027,1,1,,,1,,0,True,True,0,2,,0.0,0,0,0.0,0,0,1,0,1,1,1,0,0,0,15433.0,Jodi Gilbert,,Jodi Gilbert,0.0,0.0,0.0,0.0,0.0833333333333333,0.0,0.0,0.0,0.0,0.2,0.125,0.0,0.0,0.0,0.0267,1762.0,False,False,None,0,0,0
15449,2026,2026,1,1,,,1,,0,True,True,0,1,,0.0,0,0,0.0,0,0,1,0,1,0,1,0,0,0,15449.0,Anna Woodard,,Anna Woodard,0.0,0.0,0.0,0.0,0.0416666666666666,0.0,0.0,0.0,0.0,0.2,0.0,0.0,0.0,0.0,0.0158,2169.0,False,False,None,0,0,0
15450,2026,2026,1,1,,,1,,0,True,True,0,1,,0.0,0,0,0.0,0,0,1,0,1,0,2,0,0,0,15450.0,Kaitlyn Castaneda PhD,,Kaitlyn Castaneda PhD,0.0,0.0,0.0,0.0,0.0416666666666666,0.0,0.0,0.0,0.0,0.2,0.0,0.5,0.0,0.0,0.0308,1542.0,False,False,None,0,0,0
15453,2028,2028,1,1,,,1,,0,True,True,0,1,,0.0,0,0,0.0,0,0,1,0,1,0,1,0,0,0,15453.0,Xiulan He,,Xiulan He,0.0,0.0,0.0,0.0,0.0416666666666666,0.0,0.0,0.0,0.0,0.2,0.0,0.0,0.0,0.0,0.0158,2169.0,False,False,None,0,0,0
15454,2028,2028,1,1,,,1,,0,True,True,0,1,,0.0,0,0,0.0,0,0,1,0,1,0,2,0,0,0,15454.0,Yong Lei,,Yong Lei,0.0,0.0,0.0,0.0,0.0416666666666666,0.0,0.0,0.0,0.0,0.2,0.0,0.5,0.0,0.0,0.0308,1542.0,False,False,None,0,0,0
15455,2028,2028,1,1,,,1,,0,True,True,0,1,,0.0,0,0,0.0,0,0,1,0,1,0,1,0,0,0,15455.0,Alexander Lawrence,,Alexander Lawrence,0.0,0.0,0.0,0.0,0.0416666666666666,0.0,0.0,0.0,0.0,0.2,0.0,0.0,0.0,0.0,0.0158,2169.0,False,False,None,0,0,0
15459,2030,2030,1,1,,,1,,0,True,True,1,2,,0.0,0,0,0.0,0,0,1,0,1,0,2,0,0,0,15459.0,Guiying Zhou,,Guiying Zhou,0.0,0.0,0.0,0.0833333333333333,0.0833333333333333,0.0,0.0,0.0,0.0,0.2,0.0,0.5,0.0,0.0,0.05,835.0,False,False,None,0,0,0
15461,2030,2030,1,1,,,1,,0,True,True,1,2,,0.0,0,0,0.0,0,0,1,0,1,0,1,0,0,0,15461.0,Lei Hou,,Lei Hou,0.0,0.0,0.0,0.0833333333333333,0.0833333333333333,0.0,0.0,0.0,0.0,0.2,0.0,0.0,0.0,0.0,0.035,1331.0,False,False,None,0,0,0
15463,2025,2025,1,1,,,1,,0,True,True,0,1,,0.0,3,0,0.0,0,0,2,0,2,0,1,0,0,0,15463.0,Qiang Fan,,Qiang Fan,0.0,0.0,0.0,0.0,0.0416666666666666,0.4285714285714285,0.0,0.0,0.0,0.4,0.0,0.0,0.0,0.0,0.0773,384.0,False,False,None,0,0,0
15477,2027,2032,2,2,,,2,,5,True,True,1,2,,0.0,0,0,0.0,0,0,2,0,2,1,2,0,0,0,15477.0,Ping Zeng,,Ping Zeng,0.0,0.0,0.0,0.0833333333333333,0.0833333333333333,0.0,0.0,0.0,0.3333333333333333,0.4,0.125,0.5,0.0,0.0,0.0883,310.0,False,False,None,0,0,0
15498,2027,2027,1,1,2027.0,2027.0,1,0.0,0,True,True,0,8,13.0,0.0,1,0,0.0,0,0,1,0,1,0,2,0,0,0,15498.0,Bertrand-Robert Duval,,Bertrand-Robert Duval,0.0,0.0,0.0,0.0,0.3333333333333333,0.1428571428571428,0.0,0.0,0.0,0.2,0.0,0.5,0.0,0.0,0.0888,302.0,False,False,None,0,0,0
15499,2027,2027,1,1,2027.0,2027.0,1,0.0,0,True,True,0,8,13.0,0.0,1,0,0.0,0,0,1,0,1,0,1,0,0,0,15499.0,Yan Ren,,Yan Ren,0.0,0.0,0.0,0.0,0.3333333333333333,0.1428571428571428,0.0,0.0,0.0,0.2,0.0,0.0,0.0,0.0,0.0738,414.0,False,False,None,0,0,0
15504,2028,2028,1,1,,,1,,0,True,True,0,0,,0.0,1,0,0.0,0,0,1,0,1,0,1,0,0,0,15504.0,Chao Xue,,Chao Xue,0.0,0.0,0.0,0.0,0.0,0.1428571428571428,0.0,0.0,0.0,0.2,0.0,0.0,0.0,0.0,0.0271,1747.0,False,False,None,0,0,0
15519,2028,2028,1,1,,,1,,0,True,True,0,1,,0.0,0,0,0.0,0,0,1,0,1,0,2,0,0,0,15519.0,Chao Zhao,,Chao Zhao,0.0,0.0,0.0,0.0,0.0416666666666666,0.0,0.0,0.0,0.0,0.2,0.0,0.5,0.0,0.0,0.0308,1542.0,False,False,None,0,0,0
15523,2026,2026,1,1,,,1,,0,True,True,0,3,,0.0,1,0,0.0,0,0,1,0,1,0,1,0,0,0,15523.0,Li Gong,,Li Gong,0.0,0.0,0.0,0.0,0.125,0.1428571428571428,0.0,0.0,0.0,0.2,0.0,0.0,0.0,0.0,0.0446,965.0,False,False,None,0,0,0
15531,2026,2026,1,1,2026.0,2026.0,1,0.0,0,True,True,0,0,14.0,0.0,0,0,0.0,0,0,1,0,1,0,1,0,0,0,15531.0,Kristi Henry,,Kristi Henry,0.0,0.0,0.0,0.0,0.0,0.0,0.0,0.0,0.0,0.2,0.0,0.0,0.0,0.0,0.01,2522.0,False,False,None,0,0,0
15534,2026,2026,1,1,,,1,,0,True,True,0,7,,0.0,2,0,0.0,0,0,1,0,1,0,1,0,0,0,15534.0,Daniel Campbell,,Daniel Campbell,0.0,0.0,0.0,0.0,0.2916666666666666,0.2857142857142857,0.0,0.0,0.0,0.2,0.0,0.0,0.0,0.0,0.0851,320.0,False,False,None,0,0,0
15535,2026,2026,1,1,,,1,,0,True,True,0,7,,0.0,2,0,0.0,0,0,1,0,1,0,1,0,0,0,15535.0,Hector Jones,,Hector Jones,0.0,0.0,0.0,0.0,0.2916666666666666,0.2857142857142857,0.0,0.0,0.0,0.2,0.0,0.0,0.0,0.0,0.0851,320.0,False,False,None,0,0,0
15554,2026,2026,1,1,,,1,,0,True,True,0,1,,0.0,0,0,0.0,0,0,2,0,2,1,1,0,0,0,15554.0,Tao Dai,,Tao Dai,0.0,0.0,0.0,0.0,0.0416666666666666,0.0,0.0,0.0,0.0,0.4,0.125,0.0,0.0,0.0,0.0308,1534.0,False,False,None,0,0,0
15556,2028,2029,2,2,2028.0,2028.0,1,0.0,1,True,True,0,6,12.0,0.0,1,0,0.0,0,0,2,0,2,2,2,0,0,0,15556.0,Yong Liu,,Yong Liu,0.0,0.0,0.0,0.0,0.25,0.1428571428571428,0.0,0.0,0.0,0.4,0.25,0.5,0.0,0.0,0.0971,238.0,False,False,None,0,0,0
15557,2028,2028,1,1,2028.0,2028.0,1,0.0,0,True,True,0,2,12.0,0.0,1,0,0.0,0,0,1,0,1,0,1,0,0,0,15557.0,Laura Anderson,,Laura Anderson,0.0,0.0,0.0,0.0,0.0833333333333333,0.1428571428571428,0.0,0.0,0.0,0.2,0.0,0.0,0.0,0.0,0.0388,1182.0,False,False,None,0,0,0
15558,2028,2028,1,1,2028.0,2028.0,1,0.0,0,True,True,0,2,12.0,0.0,1,0,0.0,0,0,1,0,1,0,2,0,0,0,15558.0,Min Zhou,,Min Zhou,0.0,0.0,0.0,0.0,0.0833333333333333,0.1428571428571428,0.0,0.0,0.0,0.2,0.0,0.5,0.0,0.0,0.0538,740.0,False,False,None,0,0,0
15566,2026,2026,1,1,,,1,,0,True,True,0,2,,0.0,0,0,0.0,0,0,1,0,1,0,1,0,0,0,15566.0,Yan Zhou,,Yan Zhou,0.0,0.0,0.0,0.0,0.0833333333333333,0.0,0.0,0.0,0.0,0.2,0.0,0.0,0.0,0.0,0.0217,1958.0,False,False,None,0,0,0
15567,2026,2026,1,1,,,1,,0,True,True,0,2,,0.0,0,0,0.0,0,0,1,0,1,0,2,0,0,0,15567.0,Ping Long,,Ping Long,0.0,0.0,0.0,0.0,0.0833333333333333,0.0,0.0,0.0,0.0,0.2,0.0,0.5,0.0,0.0,0.0367,1265.0,False,False,None,0,0,0
15569,2026,2026,1,1,,,1,,0,True,True,0,2,,0.0,0,0,0.0,0,0,1,0,1,0,1,0,0,0,15569.0,Wei Cheng,,Wei Cheng,0.0,0.0,0.0,0.0,0.0833333333333333,0.0,0.0,0.0,0.0,0.2,0.0,0.0,0.0,0.0,0.0217,1958.0,False,False,None,0,0,0
15580,2030,2030,1,1,,,1,,0,True,True,1,2,,0.0,2,0,0.0,0,0,1,0,1,0,1,0,0,0,15580.0,Hugo Pareto,,Hugo Pareto,0.0,0.0,0.0,0.0833333333333333,0.0833333333333333,0.2857142857142857,0.0,0.0,0.0,0.2,0.0,0.0,0.0,0.0,0.0693,471.0,False,False,None,0,0,0
15581,2030,2030,1,1,,,1,,0,True,True,1,2,,0.0,2,0,0.0,0,0,1,0,1,0,1,0,0,0,15581.0,Ludovica Tamborini-Paolucci,,Ludovica Tamborini-Paolucci,0.0,0.0,0.0,0.0833333333333333,0.0833333333333333,0.2857142857142857,0.0,0.0,0.0,0.2,0.0,0.0,0.0,0.0,0.0693,471.0,False,False,None,0,0,0
15585,2029,2029,1,1,,,1,,0,True,True,0,2,,0.0,2,0,0.0,0,0,1,0,1,2,1,0,0,0,15585.0,Xiulan Du,,Xiulan Du,0.0,0.0,0.0,0.0,0.0833333333333333,0.2857142857142857,0.0,0.0,0.0,0.2,0.25,0.0,0.0,0.0,0.066,515.0,False,False,None,0,0,0
15586,2029,2029,1,1,,,1,,0,True,True,0,2,,0.0,2,0,0.0,0,0,1,0,1,2,1,0,0,0,15586.0,Li Zhu,,Li Zhu,0.0,0.0,0.0,0.0,0.0833333333333333,0.2857142857142857,0.0,0.0,0.0,0.2,0.25,0.0,0.0,0.0,0.066,515.0,False,False,None,0,0,0
15587,2029,2029,1,1,,,1,,0,True,True,0,2,,0.0,2,0,0.0,0,0,1,0,1,2,1,0,0,0,15587.0,Na Xue,,Na Xue,0.0,0.0,0.0,0.0,0.0833333333333333,0.2857142857142857,0.0,0.0,0.0,0.2,0.25,0.0,0.0,0.0,0.066,515.0,False,False,None,0,0,0
15588,2029,2029,1,1,,,1,,0,True,True,0,2,,0.0,2,0,0.0,0,0,1,0,1,2,1,0,0,0,15588.0,Chao Jia,,Chao Jia,0.0,0.0,0.0,0.0,0.0833333333333333,0.2857142857142857,0.0,0.0,0.0,0.2,0.25,0.0,0.0,0.0,0.066,515.0,False,False,None,0,0,0
15589,2029,2029,1,1,,,1,,0,True,True,0,2,,0.0,2,0,0.0,0,0,1,0,1,2,1,0,0,0,15589.0,Li Gong,,Li Gong,0.0,0.0,0.0,0.0,0.0833333333333333,0.2857142857142857,0.0,0.0,0.0,0.2,0.25,0.0,0.0,0.0,0.066,515.0,False,False,None,0,0,0
15593,2027,2027,1,1,2027.0,2027.0,1,0.0,0,True,True,0,1,13.0,0.0,0,0,0.0,0,0,2,0,2,0,2,0,0,0,15593.0,Lara Filippelli,,Lara Filippelli,0.0,0.0,0.0,0.0,0.0416666666666666,0.0,0.0,0.0,0.0,0.4,0.0,0.5,0.0,0.0,0.0408,1116.0,False,False,None,0,0,0
15615,2025,2025,1,1,,,1,,0,True,True,0,1,,0.0,0,0,0.0,0,0,1,0,1,0,1,0,0,0,15615.0,Xiulan Ma,,Xiulan Ma,0.0,0.0,0.0,0.0,0.0416666666666666,0.0,0.0,0.0,0.0,0.2,0.0,0.0,0.0,0.0,0.0158,2169.0,False,False,None,0,0,0
15617,2026,2026,1,1,,,1,,0,True,True,0,1,,0.0,1,0,0.0,0,0,1,0,1,0,1,0,0,0,15617.0,Yong Jia,,Yong Jia,0.0,0.0,0.0,0.0,0.0416666666666666,0.1428571428571428,0.0,0.0,0.0,0.2,0.0,0.0,0.0,0.0,0.033,1390.0,False,False,None,0,0,0
15619,2026,2026,1,1,,,1,,0,True,True,0,1,,0.0,1,0,0.0,0,0,1,0,1,0,2,0,0,0,15619.0,Juan Shi,,Juan Shi,0.0,0.0,0.0,0.0,0.0416666666666666,0.1428571428571428,0.0,0.0,0.0,0.2,0.0,0.5,0.0,0.0,0.048,895.0,False,False,None,0,0,0
15620,2026,2026,1,1,,,1,,0,True,True,0,1,,0.0,1,0,0.0,0,0,1,0,1,0,1,0,0,0,15620.0,Fang Fu,,Fang Fu,0.0,0.0,0.0,0.0,0.0416666666666666,0.1428571428571428,0.0,0.0,0.0,0.2,0.0,0.0,0.0,0.0,0.033,1390.0,False,False,None,0,0,0
15650,2026,2026,1,1,,,1,,0,True,True,0,1,,0.0,0,0,0.0,0,0,1,0,1,0,2,0,0,0,15650.0,Richard Mathieu de Perrin,,Richard Mathieu de Perrin,0.0,0.0,0.0,0.0,0.0416666666666666,0.0,0.0,0.0,0.0,0.2,0.0,0.5,0.0,0.0,0.0308,1542.0,False,False,None,0,0,0
15663,2026,2026,1,1,,,1,,0,True,True,0,1,,0.0,2,0,0.0,0,0,1,0,1,0,1,0,0,0,15663.0,Jie Feng,,Jie Feng,0.0,0.0,0.0,0.0,0.0416666666666666,0.2857142857142857,0.0,0.0,0.0,0.2,0.0,0.0,0.0,0.0,0.0501,809.0,False,False,None,0,0,0
15664,2026,2026,1,1,,,1,,0,True,True,0,1,,0.0,2,0,0.0,0,0,1,0,1,0,1,0,0,0,15664.0,Gang He,,Gang He,0.0,0.0,0.0,0.0,0.0416666666666666,0.2857142857142857,0.0,0.0,0.0,0.2,0.0,0.0,0.0,0.0,0.0501,809.0,False,False,None,0,0,0
15665,2026,2026,1,1,,,1,,0,True,True,0,1,,0.0,2,0,0.0,0,0,1,0,1,0,2,0,0,0,15665.0,Juan Lai,,Juan Lai,0.0,0.0,0.0,0.0,0.0416666666666666,0.2857142857142857,0.0,0.0,0.0,0.2,0.0,0.5,0.0,0.0,0.0651,536.0,False,False,None,0,0,0
15667,2026,2026,1,1,,,1,,0,True,True,0,1,,0.0,2,0,0.0,0,0,1,0,1,0,1,0,0,0,15667.0,Jie Yao,,Jie Yao,0.0,0.0,0.0,0.0,0.0416666666666666,0.2857142857142857,0.0,0.0,0.0,0.2,0.0,0.0,0.0,0.0,0.0501,809.0,False,False,None,0,0,0
15668,2026,2026,1,1,,,1,,0,True,True,0,1,,0.0,2,0,0.0,0,0,1,0,1,0,1,0,0,0,15668.0,Juan Zhou,,Juan Zhou,0.0,0.0,0.0,0.0,0.0416666666666666,0.2857142857142857,0.0,0.0,0.0,0.2,0.0,0.0,0.0,0.0,0.0501,809.0,False,False,None,0,0,0
15675,2027,2027,1,1,2027.0,2027.0,1,0.0,0,True,True,0,1,13.0,0.0,0,0,0.0,0,0,1,0,1,0,1,0,0,0,15675.0,Ryan Carter,,Ryan Carter,0.0,0.0,0.0,0.0,0.0416666666666666,0.0,0.0,0.0,0.0,0.2,0.0,0.0,0.0,0.0,0.0158,2169.0,False,False,None,0,0,0
15676,2027,2027,1,1,2027.0,2027.0,1,0.0,0,True,True,0,1,13.0,0.0,0,0,0.0,0,0,1,0,1,0,1,0,0,0,15676.0,Melissa Smith,,Melissa Smith,0.0,0.0,0.0,0.0,0.0416666666666666,0.0,0.0,0.0,0.0,0.2,0.0,0.0,0.0,0.0,0.0158,2169.0,False,False,None,0,0,0
15677,2027,2027,1,1,2027.0,2027.0,1,0.0,0,True,True,0,1,13.0,0.0,0,0,0.0,0,0,1,0,1,0,1,0,0,0,15677.0,Kristen Carlson,,Kristen Carlson,0.0,0.0,0.0,0.0,0.0416666666666666,0.0,0.0,0.0,0.0,0.2,0.0,0.0,0.0,0.0,0.0158,2169.0,False,False,None,0,0,0
15678,2027,2027,1,1,2027.0,2027.0,1,0.0,0,True,True,0,1,13.0,0.0,0,0,0.0,0,0,1,0,1,0,1,0,0,0,15678.0,Timothy Watson,,Timothy Watson,0.0,0.0,0.0,0.0,0.0416666666666666,0.0,0.0,0.0,0.0,0.2,0.0,0.0,0.0,0.0,0.0158,2169.0,False,False,None,0,0,0
15679,2027,2027,1,1,2027.0,2027.0,1,0.0,0,True,True,0,1,13.0,0.0,0,0,0.0,0,0,1,0,1,0,1,0,0,0,15679.0,Jessica Brown,,Jessica Brown,0.0,0.0,0.0,0.0,0.0416666666666666,0.0,0.0,0.0,0.0,0.2,0.0,0.0,0.0,0.0,0.0158,2169.0,False,False,None,0,0,0
15681,2027,2027,1,1,2027.0,2027.0,1,0.0,0,True,True,0,1,13.0,0.0,0,0,0.0,0,0,1,0,1,0,1,0,0,0,15681.0,Chelsea Young,,Chelsea Young,0.0,0.0,0.0,0.0,0.0416666666666666,0.0,0.0,0.0,0.0,0.2,0.0,0.0,0.0,0.0,0.0158,2169.0,False,False,None,0,0,0
15682,2027,2027,1,1,2027.0,2027.0,1,0.0,0,True,True,0,1,13.0,0.0,0,0,0.0,0,0,1,0,1,0,1,0,0,0,15682.0,Dana Patterson,,Dana Patterson,0.0,0.0,0.0,0.0,0.0416666666666666,0.0,0.0,0.0,0.0,0.2,0.0,0.0,0.0,0.0,0.0158,2169.0,False,False,None,0,0,0
15683,2027,2027,1,1,2027.0,2027.0,1,0.0,0,True,True,0,1,13.0,0.0,0,0,0.0,0,0,1,0,1,0,1,0,0,0,15683.0,Amy Ramos,,Amy Ramos,0.0,0.0,0.0,0.0,0.0416666666666666,0.0,0.0,0.0,0.0,0.2,0.0,0.0,0.0,0.0,0.0158,2169.0,False,False,None,0,0,0
15684,2027,2027,1,1,2027.0,2027.0,1,0.0,0,True,True,0,1,13.0,0.0,0,0,0.0,0,0,1,0,1,0,1,0,0,0,15684.0,Allen Smith,,Allen Smith,0.0,0.0,0.0,0.0,0.0416666666666666,0.0,0.0,0.0,0.0,0.2,0.0,0.0,0.0,0.0,0.0158,2169.0,False,False,None,0,0,0
15685,2027,2027,1,1,2027.0,2027.0,1,0.0,0,True,True,0,1,13.0,0.0,0,0,0.0,0,0,1,0,1,0,1,0,0,0,15685.0,Jasmine Nichols,,Jasmine Nichols,0.0,0.0,0.0,0.0,0.0416666666666666,0.0,0.0,0.0,0.0,0.2,0.0,0.0,0.0,0.0,0.0158,2169.0,False,False,None,0,0,0
15686,2027,2027,1,1,2027.0,2027.0,1,0.0,0,True,True,0,1,13.0,0.0,0,0,0.0,0,0,1,0,1,0,1,0,0,0,15686.0,Garrett Dixon,,Garrett Dixon,0.0,0.0,0.0,0.0,0.0416666666666666,0.0,0.0,0.0,0.0,0.2,0.0,0.0,0.0,0.0,0.0158,2169.0,False,False,None,0,0,0
15691,2029,2029,1,1,,,1,,0,True,True,0,2,,0.0,0,0,0.0,0,0,1,0,1,0,1,0,0,0,15691.0,Shannon Bennett, Demi Lane, Demi Lane,0.0,0.0,0.0,0.0,0.0833333333333333,0.0,0.0,0.0,0.0,0.2,0.0,0.0,0.0,0.0,0.0217,1958.0,False,False,None,0,0,0
15692,2029,2029,1,1,,,1,,0,True,True,0,2,,0.0,0,0,0.0,0,0,1,0,1,0,1,0,0,0,15692.0,Juan Zhong,,Juan Zhong,0.0,0.0,0.0,0.0,0.0833333333333333,0.0,0.0,0.0,0.0,0.2,0.0,0.0,0.0,0.0,0.0217,1958.0,False,False,None,0,0,0
15693,2029,2029,1,1,,,1,,0,True,True,0,2,,0.0,0,0,0.0,0,0,1,0,1,0,1,0,0,0,15693.0,Wei Tian,,Wei Tian,0.0,0.0,0.0,0.0,0.0833333333333333,0.0,0.0,0.0,0.0,0.2,0.0,0.0,0.0,0.0,0.0217,1958.0,False,False,None,0,0,0
15694,2029,2029,1,1,,,1,,0,True,True,0,2,,0.0,0,0,0.0,0,0,1,0,1,0,1,0,0,0,15694.0,Min Bai,,Min Bai,0.0,0.0,0.0,0.0,0.0833333333333333,0.0,0.0,0.0,0.0,0.2,0.0,0.0,0.0,0.0,0.0217,1958.0,False,False,None,0,0,0
15695,2029,2029,1,1,,,1,,0,True,True,0,2,,0.0,0,0,0.0,0,0,1,0,1,0,1,0,0,0,15695.0,Juan Cheng,,Juan Cheng,0.0,0.0,0.0,0.0,0.0833333333333333,0.0,0.0,0.0,0.0,0.2,0.0,0.0,0.0,0.0,0.0217,1958.0,False,False,None,0,0,0
15696,2029,2029,1,1,,,1,,0,True,True,0,2,,0.0,0,0,0.0,0,0,1,0,1,0,1,0,0,0,15696.0,Tao Fu,,Tao Fu,0.0,0.0,0.0,0.0,0.0833333333333333,0.0,0.0,0.0,0.0,0.2,0.0,0.0,0.0,0.0,0.0217,1958.0,False,False,None,0,0,0
15697,2029,2029,1,1,,,1,,0,True,True,0,2,,0.0,0,0,0.0,0,0,1,0,1,0,2,0,0,0,15697.0,Yong Zheng,,Yong Zheng,0.0,0.0,0.0,0.0,0.0833333333333333,0.0,0.0,0.0,0.0,0.2,0.0,0.5,0.0,0.0,0.0367,1265.0,False,False,None,0,0,0
15700,2026,2026,1,1,2026.0,2026.0,1,0.0,0,True,True,0,1,14.0,0.0,2,0,0.0,0,0,1,0,1,0,1,0,0,0,15700.0,Ping Qiu,,Ping Qiu,0.0,0.0,0.0,0.0,0.0416666666666666,0.2857142857142857,0.0,0.0,0.0,0.2,0.0,0.0,0.0,0.0,0.0501,809.0,False,False,None,0,0,0
15701,2026,2029,2,2,2026.0,2026.0,2,0.0,3,True,True,0,6,14.0,0.0,2,0,1.3333,0,0,3,0,3,1,1,0,0,0,15701.0,Juan Duan,,Juan Duan,0.0,0.1333333333333333,0.0467,0.0,0.25,0.2857142857142857,0.0,0.0,0.3333333333333333,0.6000000000000001,0.125,0.0,0.0,0.0466666666666666,0.1323,106.0,False,False,None,0,0,0
15717,2027,2027,1,1,2027.0,2027.0,1,0.0,0,True,True,0,2,13.0,0.0,0,0,0.0,0,0,1,0,1,0,1,0,0,0,15717.0,Xiuying Jin, $ERPENT, $ERPENT,0.0,0.0,0.0,0.0,0.0833333333333333,0.0,0.0,0.0,0.0,0.2,0.0,0.0,0.0,0.0,0.0217,1958.0,False,False,None,0,0,0
15719,2027,2027,1,1,2027.0,2027.0,1,0.0,0,True,True,0,2,13.0,0.0,0,0,0.0,0,0,1,0,1,0,1,0,0,0,15719.0,Wei Gu,,Wei Gu,0.0,0.0,0.0,0.0,0.0833333333333333,0.0,0.0,0.0,0.0,0.2,0.0,0.0,0.0,0.0,0.0217,1958.0,False,False,None,0,0,0
15721,2027,2027,1,1,2027.0,2027.0,1,0.0,0,True,True,0,2,13.0,0.0,0,0,0.0,0,0,1,0,1,0,2,0,0,0,15721.0,Xiuying Qian,,Xiuying Qian,0.0,0.0,0.0,0.0,0.0833333333333333,0.0,0.0,0.0,0.0,0.2,0.0,0.5,0.0,0.0,0.0367,1265.0,False,False,None,0,0,0
15733,2029,2029,1,1,,,1,,0,True,True,0,1,,0.0,1,0,0.0,0,0,1,0,1,0,1,0,0,0,15733.0,Fang Qiu,,Fang Qiu,0.0,0.0,0.0,0.0,0.0416666666666666,0.1428571428571428,0.0,0.0,0.0,0.2,0.0,0.0,0.0,0.0,0.033,1390.0,False,False,None,0,0,0
15742,2025,2025,1,1,2025.0,2025.0,1,0.0,0,True,True,0,2,15.0,0.0,1,0,0.0,0,0,1,0,1,0,1,0,0,0,15742.0,Brittany Oliver,,Brittany Oliver,0.0,0.0,0.0,0.0,0.0833333333333333,0.1428571428571428,0.0,0.0,0.0,0.2,0.0,0.0,0.0,0.0,0.0388,1182.0,False,False,None,0,0,0
15761,2026,2026,1,1,,,1,,0,True,True,0,5,,0.0,2,0,0.0,0,0,1,0,1,0,1,0,0,0,15761.0,Wei Fu,,Wei Fu,0.0,0.0,0.0,0.0,0.2083333333333333,0.2857142857142857,0.0,0.0,0.0,0.2,0.0,0.0,0.0,0.0,0.0735,419.0,False,False,None,0,0,0
15780,2027,2027,1,1,,,1,,0,True,True,0,2,,0.0,0,0,0.0,0,0,1,0,1,0,1,0,1,1,15780.0,Ming Wei,,Ming Wei,0.0,0.0,0.0,0.0,0.0833333333333333,0.0,0.0,0.0,0.0,0.2,0.0,0.0,0.0,0.0,0.0217,1958.0,False,False,None,0,0,0
15784,2029,2029,1,1,,,1,,0,True,True,0,4,,0.0,0,0,0.0,0,0,1,0,1,0,1,0,0,0,15784.0,Carolyn Ramos,,Carolyn Ramos,0.0,0.0,0.0,0.0,0.1666666666666666,0.0,0.0,0.0,0.0,0.2,0.0,0.0,0.0,0.0,0.0333,1350.0,False,False,None,0,0,0
15785,2029,2029,1,1,,,1,,0,True,True,0,4,,0.0,0,0,0.0,0,0,1,0,1,0,1,0,0,0,15785.0,Robert Mathis,,Robert Mathis,0.0,0.0,0.0,0.0,0.1666666666666666,0.0,0.0,0.0,0.0,0.2,0.0,0.0,0.0,0.0,0.0333,1350.0,False,False,None,0,0,0
15786,2029,2029,1,1,,,1,,0,True,True,0,4,,0.0,0,0,0.0,0,0,1,0,1,0,1,0,0,0,15786.0,Geraldo Moreno-Bravo,,Geraldo Moreno-Bravo,0.0,0.0,0.0,0.0,0.1666666666666666,0.0,0.0,0.0,0.0,0.2,0.0,0.0,0.0,0.0,0.0333,1350.0,False,False,None,0,0,0
15788,2029,2029,1,1,,,1,,0,True,True,0,4,,0.0,0,0,0.0,0,0,1,0,1,0,1,0,0,0,15788.0,Marcia Florencia Carmona Cuéllar,,Marcia Florencia Carmona Cuéllar,0.0,0.0,0.0,0.0,0.1666666666666666,0.0,0.0,0.0,0.0,0.2,0.0,0.0,0.0,0.0,0.0333,1350.0,False,False,None,0,0,0
15790,2025,2025,1,1,,,1,,0,True,True,0,2,,0.0,2,0,0.0,0,0,1,0,1,0,1,0,0,0,15790.0,Ronald Esparza,,Ronald Esparza,0.0,0.0,0.0,0.0,0.0833333333333333,0.2857142857142857,0.0,0.0,0.0,0.2,0.0,0.0,0.0,0.0,0.056,675.0,False,False,None,0,0,0
15801,2026,2026,1,1,,,1,,0,True,True,0,2,,0.0,0,0,0.0,0,0,0,0,0,0,1,0,0,0,15801.0,Juan Sun,,Juan Sun,0.0,0.0,0.0,0.0,0.0833333333333333,0.0,0.0,0.0,0.0,0.0,0.0,0.0,0.0,0.0,0.0117,2491.0,False,False,None,0,0,0
15806,2028,2028,1,1,,,1,,0,True,True,0,4,,0.0,6,0,0.0,0,0,2,0,2,2,2,0,0,0,15806.0,Aleksandar Kohl,,Aleksandar Kohl,0.0,0.0,0.0,0.0,0.1666666666666666,0.8571428571428571,0.0,0.0,0.0,0.4,0.25,0.5,0.0,0.0,0.1712,56.0,False,False,None,0,0,0
15852,2026,2026,1,1,,,1,,0,True,True,0,3,,0.0,0,0,0.0,0,0,1,0,1,0,1,0,2,2,15852.0,Puccio Farnese,,Puccio Farnese,0.0,0.0,0.0,0.0,0.125,0.0,0.0,0.0,0.0,0.2,0.0,0.0,0.0,0.0,0.0275,1672.0,False,False,None,0,0,0
15853,2026,2026,1,1,,,1,,0,True,True,0,3,,0.0,0,0,0.0,0,0,1,0,1,0,1,0,2,2,15853.0,Nico Casalodi,,Nico Casalodi,0.0,0.0,0.0,0.0,0.125,0.0,0.0,0.0,0.0,0.2,0.0,0.0,0.0,0.0,0.0275,1672.0,False,False,None,0,0,0
15858,2028,2028,1,1,,,1,,0,True,True,0,1,,0.0,0,0,0.0,0,0,1,0,1,0,1,0,0,0,15858.0,Yang Tang, Shadow, Shadow,0.0,0.0,0.0,0.0,0.0416666666666666,0.0,0.0,0.0,0.0,0.2,0.0,0.0,0.0,0.0,0.0158,2169.0,False,False,None,0,0,0
15859,2028,2028,1,1,,,1,,0,True,True,0,1,,0.0,0,0,0.0,0,0,1,0,1,0,1,0,0,0,15859.0,Xia Qian,,Xia Qian,0.0,0.0,0.0,0.0,0.0416666666666666,0.0,0.0,0.0,0.0,0.2,0.0,0.0,0.0,0.0,0.0158,2169.0,False,False,None,0,0,0
15860,2028,2028,1,1,,,1,,0,True,True,0,1,,0.0,0,0,0.0,0,0,1,0,1,0,1,0,0,0,15860.0,Tao Liao,,Tao Liao,0.0,0.0,0.0,0.0,0.0416666666666666,0.0,0.0,0.0,0.0,0.2,0.0,0.0,0.0,0.0,0.0158,2169.0,False,False,None,0,0,0
15861,2028,2028,1,1,,,1,,0,True,True,0,1,,0.0,0,0,0.0,0,0,1,0,1,0,1,0,0,0,15861.0,Fang Kang,,Fang Kang,0.0,0.0,0.0,0.0,0.0416666666666666,0.0,0.0,0.0,0.0,0.2,0.0,0.0,0.0,0.0,0.0158,2169.0,False,False,None,0,0,0
15862,2028,2028,1,1,,,1,,0,True,True,0,1,,0.0,0,0,0.0,0,0,1,0,1,0,1,0,0,0,15862.0,Juan Ren,,Juan Ren,0.0,0.0,0.0,0.0,0.0416666666666666,0.0,0.0,0.0,0.0,0.2,0.0,0.0,0.0,0.0,0.0158,2169.0,False,False,None,0,0,0
15863,2028,2028,1,1,,,1,,0,True,True,0,1,,0.0,0,0,0.0,0,0,1,0,1,0,1,0,0,0,15863.0,Jun Wen,,Jun Wen,0.0,0.0,0.0,0.0,0.0416666666666666,0.0,0.0,0.0,0.0,0.2,0.0,0.0,0.0,0.0,0.0158,2169.0,False,False,None,0,0,0
15864,2028,2028,1,1,,,1,,0,True,True,0,1,,0.0,0,0,0.0,0,0,1,0,1,0,1,0,0,0,15864.0,Yong Zou,,Yong Zou,0.0,0.0,0.0,0.0,0.0416666666666666,0.0,0.0,0.0,0.0,0.2,0.0,0.0,0.0,0.0,0.0158,2169.0,False,False,None,0,0,0
15865,2028,2028,1,1,,,1,,0,True,True,0,1,,0.0,0,0,0.0,0,0,1,0,1,0,1,0,0,0,15865.0,Jie Qiao,,Jie Qiao,0.0,0.0,0.0,0.0,0.0416666666666666,0.0,0.0,0.0,0.0,0.2,0.0,0.0,0.0,0.0,0.0158,2169.0,False,False,None,0,0,0
15866,2028,2028,1,1,,,1,,0,True,True,0,1,,0.0,0,0,0.0,0,0,1,0,1,0,1,0,0,0,15866.0,Guiying Zhong,,Guiying Zhong,0.0,0.0,0.0,0.0,0.0416666666666666,0.0,0.0,0.0,0.0,0.2,0.0,0.0,0.0,0.0,0.0158,2169.0,False,False,None,0,0,0
15867,2028,2028,1,1,,,1,,0,True,True,0,1,,0.0,0,0,0.0,0,0,1,0,1,0,1,0,0,0,15867.0,Timothy Scott,,Timothy Scott,0.0,0.0,0.0,0.0,0.0416666666666666,0.0,0.0,0.0,0.0,0.2,0.0,0.0,0.0,0.0,0.0158,2169.0,False,False,None,0,0,0
15868,2028,2028,1,1,,,1,,0,True,True,0,1,,0.0,0,0,0.0,0,0,1,0,1,0,1,0,0,0,15868.0,Min Jiang,,Min Jiang,0.0,0.0,0.0,0.0,0.0416666666666666,0.0,0.0,0.0,0.0,0.2,0.0,0.0,0.0,0.0,0.0158,2169.0,False,False,None,0,0,0
15869,2028,2028,1,1,,,1,,0,True,True,0,1,,0.0,0,0,0.0,0,0,1,0,1,0,1,0,0,0,15869.0,Xia Yin,,Xia Yin,0.0,0.0,0.0,0.0,0.0416666666666666,0.0,0.0,0.0,0.0,0.2,0.0,0.0,0.0,0.0,0.0158,2169.0,False,False,None,0,0,0
15871,2028,2028,1,1,,,1,,0,True,True,0,1,,0.0,0,0,0.0,0,0,1,0,1,0,1,0,0,0,15871.0,Jing He,,Jing He,0.0,0.0,0.0,0.0,0.0416666666666666,0.0,0.0,0.0,0.0,0.2,0.0,0.0,0.0,0.0,0.0158,2169.0,False,False,None,0,0,0
15872,2028,2028,1,1,,,1,,0,True,True,0,1,,0.0,0,0,0.0,0,0,1,0,1,0,1,0,0,0,15872.0,Na Feng,,Na Feng,0.0,0.0,0.0,0.0,0.0416666666666666,0.0,0.0,0.0,0.0,0.2,0.0,0.0,0.0,0.0,0.0158,2169.0,False,False,None,0,0,0
15873,2028,2028,1,1,,,1,,0,True,True,0,1,,0.0,0,0,0.0,0,0,1,0,1,0,1,0,0,0,15873.0,Jing Tan,,Jing Tan,0.0,0.0,0.0,0.0,0.0416666666666666,0.0,0.0,0.0,0.0,0.2,0.0,0.0,0.0,0.0,0.0158,2169.0,False,False,None,0,0,0
15887,2025,2025,1,1,,,1,,0,True,True,0,1,,0.0,2,0,0.0,0,0,1,0,1,0,2,0,1,1,15887.0,Chao Yao,,Chao Yao,0.0,0.0,0.0,0.0,0.0416666666666666,0.2857142857142857,0.0,0.0,0.0,0.2,0.0,0.5,0.0,0.0,0.0651,536.0,False,False,None,0,0,0
15888,2025,2025,1,1,,,1,,0,True,True,0,1,,0.0,2,0,0.0,0,0,1,0,1,0,1,0,1,1,15888.0,Fang Shen,,Fang Shen,0.0,0.0,0.0,0.0,0.0416666666666666,0.2857142857142857,0.0,0.0,0.0,0.2,0.0,0.0,0.0,0.0,0.0501,809.0,False,False,None,0,0,0
15892,2026,2026,1,1,,,1,,0,True,True,0,2,,0.0,3,0,0.0,0,0,1,0,1,1,1,0,0,0,15892.0,Melissa Keller,,Melissa Keller,0.0,0.0,0.0,0.0,0.0833333333333333,0.4285714285714285,0.0,0.0,0.0,0.2,0.125,0.0,0.0,0.0,0.0781,379.0,False,False,None,0,0,0
15893,2026,2026,1,1,,,1,,0,True,True,0,2,,0.0,3,0,0.0,0,0,1,0,1,1,1,0,0,0,15893.0,Christopher Flores,,Christopher Flores,0.0,0.0,0.0,0.0,0.0833333333333333,0.4285714285714285,0.0,0.0,0.0,0.2,0.125,0.0,0.0,0.0,0.0781,379.0,False,False,None,0,0,0
15915,2025,2025,1,1,2025.0,2025.0,1,0.0,0,True,True,0,2,15.0,0.0,0,0,0.0,0,0,1,0,1,0,2,0,0,0,15915.0,Chao Zhong,,Chao Zhong,0.0,0.0,0.0,0.0,0.0833333333333333,0.0,0.0,0.0,0.0,0.2,0.0,0.5,0.0,0.0,0.0367,1265.0,False,False,None,0,0,0
15916,2025,2025,1,1,2025.0,2025.0,1,0.0,0,True,True,0,2,15.0,0.0,0,0,0.0,0,0,1,0,1,0,1,0,0,0,15916.0,Gang Jia,,Gang Jia,0.0,0.0,0.0,0.0,0.0833333333333333,0.0,0.0,0.0,0.0,0.2,0.0,0.0,0.0,0.0,0.0217,1958.0,False,False,None,0,0,0
15918,2025,2025,1,1,2025.0,2025.0,1,0.0,0,True,True,0,2,15.0,0.0,0,0,0.0,0,0,1,0,1,0,1,0,0,0,15918.0,Chao Zhang,,Chao Zhang,0.0,0.0,0.0,0.0,0.0833333333333333,0.0,0.0,0.0,0.0,0.2,0.0,0.0,0.0,0.0,0.0217,1958.0,False,False,None,0,0,0
15919,2025,2025,1,1,2025.0,2025.0,1,0.0,0,True,True,0,2,15.0,0.0,0,0,0.0,0,0,1,0,1,0,2,0,0,0,15919.0,Na Cai,,Na Cai,0.0,0.0,0.0,0.0,0.0833333333333333,0.0,0.0,0.0,0.0,0.2,0.0,0.5,0.0,0.0,0.0367,1265.0,False,False,None,0,0,0
15927,2027,2027,1,1,,,1,,0,True,True,0,1,,0.0,0,0,0.0,0,0,1,0,1,0,1,0,0,0,15927.0,Nicholas Johnson,,Nicholas Johnson,0.0,0.0,0.0,0.0,0.0416666666666666,0.0,0.0,0.0,0.0,0.2,0.0,0.0,0.0,0.0,0.0158,2169.0,False,False,None,0,0,0
15938,2027,2027,1,1,,,1,,0,True,True,0,3,,0.0,0,0,0.0,0,0,2,0,2,0,1,0,2,2,15938.0,Yang Zou, Lola Fox, Lola Fox,0.0,0.0,0.0,0.0,0.125,0.0,0.0,0.0,0.0,0.4,0.0,0.0,0.0,0.0,0.0375,1253.0,False,False,None,0,0,0
15939,2027,2027,1,1,,,1,,0,True,True,0,3,,0.0,0,0,0.0,0,0,2,0,2,0,1,0,2,2,15939.0,Gang Kong, FVRE, FVRE,0.0,0.0,0.0,0.0,0.125,0.0,0.0,0.0,0.0,0.4,0.0,0.0,0.0,0.0,0.0375,1253.0,False,False,None,0,0,0
15940,2027,2027,1,1,,,1,,0,True,True,0,3,,0.0,0,0,0.0,0,0,2,0,2,0,1,0,2,2,15940.0,Gang Lin,,Gang Lin,0.0,0.0,0.0,0.0,0.125,0.0,0.0,0.0,0.0,0.4,0.0,0.0,0.0,0.0,0.0375,1253.0,False,False,None,0,0,0
15942,2027,2027,1,1,,,1,,0,True,True,0,3,,0.0,0,0,0.0,0,0,2,0,2,0,1,0,2,2,15942.0,Na Peng,,Na Peng,0.0,0.0,0.0,0.0,0.125,0.0,0.0,0.0,0.0,0.4,0.0,0.0,0.0,0.0,0.0375,1253.0,False,False,None,0,0,0
15943,2027,2027,1,1,,,1,,0,True,True,0,3,,0.0,0,0,0.0,0,0,2,0,2,0,2,0,2,2,15943.0,Min Yu,,Min Yu,0.0,0.0,0.0,0.0,0.125,0.0,0.0,0.0,0.0,0.4,0.0,0.5,0.0,0.0,0.0525,769.0,False,False,None,0,0,0
15945,2027,2027,1,1,,,1,,0,True,True,0,2,,0.0,1,0,0.0,0,0,2,0,2,0,1,0,0,0,15945.0,Tao Kang,,Tao Kang,0.0,0.0,0.0,0.0,0.0833333333333333,0.1428571428571428,0.0,0.0,0.0,0.4,0.0,0.0,0.0,0.0,0.0488,860.0,False,False,None,0,0,0
15947,2027,2027,1,1,,,1,,0,True,True,0,2,,0.0,1,0,0.0,0,0,2,0,2,0,1,0,0,0,15947.0,Wei Xiang,,Wei Xiang,0.0,0.0,0.0,0.0,0.0833333333333333,0.1428571428571428,0.0,0.0,0.0,0.4,0.0,0.0,0.0,0.0,0.0488,860.0,False,False,None,0,0,0
15948,2027,2027,1,1,,,1,,0,True,True,0,2,,0.0,1,0,0.0,0,0,2,0,2,0,1,0,0,0,15948.0,Ping Chang,,Ping Chang,0.0,0.0,0.0,0.0,0.0833333333333333,0.1428571428571428,0.0,0.0,0.0,0.4,0.0,0.0,0.0,0.0,0.0488,860.0,False,False,None,0,0,0
15990,2028,2028,1,1,,,1,,0,True,True,0,1,,0.0,1,0,0.0,0,0,2,0,2,1,1,0,1,1,15990.0,Debra Wolfe,,Debra Wolfe,0.0,0.0,0.0,0.0,0.0416666666666666,0.1428571428571428,0.0,0.0,0.0,0.4,0.125,0.0,0.0,0.0,0.048,909.0,False,False,None,0,0,0
16000,2028,2028,1,1,,,1,,0,True,True,0,0,,0.0,0,0,0.0,0,0,1,0,1,0,1,0,0,0,16000.0,Xiulan Li,,Xiulan Li,0.0,0.0,0.0,0.0,0.0,0.0,0.0,0.0,0.0,0.2,0.0,0.0,0.0,0.0,0.01,2522.0,False,False,None,0,0,0
16008,2029,2029,1,1,2029.0,2029.0,1,0.0,0,True,True,0,1,11.0,0.0,0,0,0.0,0,0,1,0,1,0,1,0,0,0,16008.0,Yong Cai,Veridian,Veridian,0.0,0.0,0.0,0.0,0.0416666666666666,0.0,0.0,0.0,0.0,0.2,0.0,0.0,0.0,0.0,0.0158,2169.0,False,False,None,0,0,0
16009,2029,2029,1,1,2029.0,2029.0,1,0.0,0,True,True,0,1,11.0,0.0,0,0,0.0,0,0,1,0,1,0,1,0,0,0,16009.0,Chao Xia,,Chao Xia,0.0,0.0,0.0,0.0,0.0416666666666666,0.0,0.0,0.0,0.0,0.2,0.0,0.0,0.0,0.0,0.0158,2169.0,False,False,None,0,0,0
16012,2029,2029,1,1,2029.0,2029.0,1,0.0,0,True,True,0,1,11.0,0.0,0,0,0.0,0,0,1,0,1,0,1,0,0,0,16012.0,Jun Sun,,Jun Sun,0.0,0.0,0.0,0.0,0.0416666666666666,0.0,0.0,0.0,0.0,0.2,0.0,0.0,0.0,0.0,0.0158,2169.0,False,False,None,0,0,0
16013,2029,2029,1,1,2029.0,2029.0,1,0.0,0,True,True,0,1,11.0,0.0,0,0,0.0,0,0,1,0,1,0,1,0,0,0,16013.0,Jing Guo,,Jing Guo,0.0,0.0,0.0,0.0,0.0416666666666666,0.0,0.0,0.0,0.0,0.2,0.0,0.0,0.0,0.0,0.0158,2169.0,False,False,None,0,0,0
16040,2028,2028,1,1,,,1,,0,True,True,0,1,,0.0,0,0,0.0,0,0,1,0,1,0,2,0,0,0,16040.0,Tao Gao,,Tao Gao,0.0,0.0,0.0,0.0,0.0416666666666666,0.0,0.0,0.0,0.0,0.2,0.0,0.5,0.0,0.0,0.0308,1542.0,False,False,None,0,0,0
16065,2027,2027,1,1,,,1,,0,True,True,0,2,,0.0,0,0,0.0,0,0,1,0,1,0,1,0,0,0,16065.0,Juan Xiao,,Juan Xiao,0.0,0.0,0.0,0.0,0.0833333333333333,0.0,0.0,0.0,0.0,0.2,0.0,0.0,0.0,0.0,0.0217,1958.0,False,False,None,0,0,0
16071,2029,2029,1,1,,,1,,0,True,True,0,1,,0.0,0,0,0.0,0,0,1,0,1,0,1,0,0,0,16071.0,Jing Yao,,Jing Yao,0.0,0.0,0.0,0.0,0.0416666666666666,0.0,0.0,0.0,0.0,0.2,0.0,0.0,0.0,0.0,0.0158,2169.0,False,False,None,0,0,0
16073,2029,2029,1,1,,,1,,0,True,True,0,1,,0.0,0,0,0.0,0,0,1,0,1,0,2,0,0,0,16073.0,Catherine Perez,,Catherine Perez,0.0,0.0,0.0,0.0,0.0416666666666666,0.0,0.0,0.0,0.0,0.2,0.0,0.5,0.0,0.0,0.0308,1542.0,False,False,None,0,0,0
16074,2029,2029,1,1,,,1,,0,True,True,0,1,,0.0,0,0,0.0,0,0,1,0,1,0,1,0,0,0,16074.0,Wei Xiong,,Wei Xiong,0.0,0.0,0.0,0.0,0.0416666666666666,0.0,0.0,0.0,0.0,0.2,0.0,0.0,0.0,0.0,0.0158,2169.0,False,False,None,0,0,0
16076,2028,2028,1,1,,,1,,0,True,True,0,1,,0.0,0,0,0.0,0,0,1,0,1,0,1,0,0,0,16076.0,Yang Lei,,Yang Lei,0.0,0.0,0.0,0.0,0.0416666666666666,0.0,0.0,0.0,0.0,0.2,0.0,0.0,0.0,0.0,0.0158,2169.0,False,False,None,0,0,0
16077,2028,2028,1,1,,,1,,0,True,True,0,1,,0.0,0,0,0.0,0,0,1,0,1,0,1,0,0,0,16077.0,Na Xiang,,Na Xiang,0.0,0.0,0.0,0.0,0.0416666666666666,0.0,0.0,0.0,0.0,0.2,0.0,0.0,0.0,0.0,0.0158,2169.0,False,False,None,0,0,0
16080,2029,2029,1,1,,,1,,0,True,True,0,2,,0.0,0,0,0.0,0,0,2,0,2,1,1,0,0,0,16080.0,Na Bai,,Na Bai,0.0,0.0,0.0,0.0,0.0833333333333333,0.0,0.0,0.0,0.0,0.4,0.125,0.0,0.0,0.0,0.0367,1265.0,False,False,None,0,0,0
16081,2029,2029,1,1,,,1,,0,True,True,0,2,,0.0,0,0,0.0,0,0,2,0,2,1,1,0,0,0,16081.0,Wei Wu,,Wei Wu,0.0,0.0,0.0,0.0,0.0833333333333333,0.0,0.0,0.0,0.0,0.4,0.125,0.0,0.0,0.0,0.0367,1265.0,False,False,None,0,0,0
16087,2027,2027,1,1,,,1,,0,True,True,0,3,,0.0,0,0,0.0,0,0,1,0,1,0,2,0,0,0,16087.0,Juan Chen,,Juan Chen,0.0,0.0,0.0,0.0,0.125,0.0,0.0,0.0,0.0,0.2,0.0,0.5,0.0,0.0,0.0425,1060.0,False,False,None,0,0,0
16088,2027,2027,1,1,,,1,,0,True,True,0,3,,0.0,0,0,0.0,0,0,1,0,1,0,1,0,0,0,16088.0,Li Fu,,Li Fu,0.0,0.0,0.0,0.0,0.125,0.0,0.0,0.0,0.0,0.2,0.0,0.0,0.0,0.0,0.0275,1672.0,False,False,None,0,0,0
16089,2027,2027,1,1,,,1,,0,True,True,0,3,,0.0,0,0,0.0,0,0,1,0,1,0,1,0,0,0,16089.0,Tao Yao,,Tao Yao,0.0,0.0,0.0,0.0,0.125,0.0,0.0,0.0,0.0,0.2,0.0,0.0,0.0,0.0,0.0275,1672.0,False,False,None,0,0,0
16112,2028,2028,1,0,,,1,,0,True,True,0,1,,0.0,0,0,0.0,0,0,1,0,1,1,1,0,0,0,16112.0,Chao Peng,,Chao Peng,0.0,0.0,0.0,0.0,0.0416666666666666,0.0,0.0,0.0,0.0,0.2,0.125,0.0,0.0,0.0,0.0208,2090.0,False,False,None,0,0,0
16113,2028,2028,1,0,,,1,,0,True,True,0,1,,0.0,0,0,0.0,0,0,1,0,1,1,1,0,0,0,16113.0,Yan Xia,,Yan Xia,0.0,0.0,0.0,0.0,0.0416666666666666,0.0,0.0,0.0,0.0,0.2,0.125,0.0,0.0,0.0,0.0208,2090.0,False,False,None,0,0,0
16115,2028,2028,1,0,,,1,,0,True,True,0,1,,0.0,0,0,0.0,0,0,1,0,1,1,2,0,0,0,16115.0,Jie Xie,,Jie Xie,0.0,0.0,0.0,0.0,0.0416666666666666,0.0,0.0,0.0,0.0,0.2,0.125,0.5,0.0,0.0,0.0358,1318.0,False,False,None,0,0,0
16116,2028,2028,1,0,,,1,,0,True,True,0,1,,0.0,0,0,0.0,0,0,1,0,1,1,1,0,0,0,16116.0,Yang Wan,,Yang Wan,0.0,0.0,0.0,0.0,0.0416666666666666,0.0,0.0,0.0,0.0,0.2,0.125,0.0,0.0,0.0,0.0208,2090.0,False,False,None,0,0,0
16118,2026,2026,1,1,,,1,,0,True,True,0,1,,0.0,1,0,0.0,0,0,1,0,1,0,1,0,0,0,16118.0,Damini Wable,,Damini Wable,0.0,0.0,0.0,0.0,0.0416666666666666,0.1428571428571428,0.0,0.0,0.0,0.2,0.0,0.0,0.0,0.0,0.033,1390.0,False,False,None,0,0,0
16119,2026,2026,1,1,,,1,,0,True,True,0,1,,0.0,1,0,0.0,0,0,1,0,1,0,2,0,0,0,16119.0,Advika Tailor,,Advika Tailor,0.0,0.0,0.0,0.0,0.0416666666666666,0.1428571428571428,0.0,0.0,0.0,0.2,0.0,0.5,0.0,0.0,0.048,895.0,False,False,None,0,0,0
16142,2026,2026,1,1,,,1,,0,True,True,0,2,,0.0,0,0,0.0,0,0,1,0,1,1,1,0,0,0,16142.0,Gang Yao,,Gang Yao,0.0,0.0,0.0,0.0,0.0833333333333333,0.0,0.0,0.0,0.0,0.2,0.125,0.0,0.0,0.0,0.0267,1762.0,False,False,None,0,0,0
16143,2026,2026,1,1,,,1,,0,True,True,0,2,,0.0,0,0,0.0,0,0,1,0,1,1,1,0,0,0,16143.0,Jie Qiu,,Jie Qiu,0.0,0.0,0.0,0.0,0.0833333333333333,0.0,0.0,0.0,0.0,0.2,0.125,0.0,0.0,0.0,0.0267,1762.0,False,False,None,0,0,0
16144,2026,2026,1,1,,,1,,0,True,True,0,2,,0.0,0,0,0.0,0,0,1,0,1,1,1,0,0,0,16144.0,Tao Feng,,Tao Feng,0.0,0.0,0.0,0.0,0.0833333333333333,0.0,0.0,0.0,0.0,0.2,0.125,0.0,0.0,0.0,0.0267,1762.0,False,False,None,0,0,0
16168,2026,2026,1,1,,,1,,0,True,True,0,2,,0.0,0,0,0.0,0,0,1,0,1,0,1,0,0,0,16168.0,Jing Liao,,Jing Liao,0.0,0.0,0.0,0.0,0.0833333333333333,0.0,0.0,0.0,0.0,0.2,0.0,0.0,0.0,0.0,0.0217,1958.0,False,False,None,0,0,0
16169,2026,2026,1,1,,,1,,0,True,True,0,2,,0.0,0,0,0.0,0,0,1,0,1,0,1,0,0,0,16169.0,Thomas Gray,,Thomas Gray,0.0,0.0,0.0,0.0,0.0833333333333333,0.0,0.0,0.0,0.0,0.2,0.0,0.0,0.0,0.0,0.0217,1958.0,False,False,None,0,0,0
16170,2026,2026,1,1,,,1,,0,True,True,0,2,,0.0,0,0,0.0,0,0,1,0,1,0,1,0,0,0,16170.0,Gang Chen,,Gang Chen,0.0,0.0,0.0,0.0,0.0833333333333333,0.0,0.0,0.0,0.0,0.2,0.0,0.0,0.0,0.0,0.0217,1958.0,False,False,None,0,0,0
16172,2029,2029,1,1,,,1,,0,True,True,0,3,,0.0,0,0,0.0,0,0,1,0,1,1,1,0,0,0,16172.0,Michael Pineda,,Michael Pineda,0.0,0.0,0.0,0.0,0.125,0.0,0.0,0.0,0.0,0.2,0.125,0.0,0.0,0.0,0.0325,1451.0,False,False,None,0,0,0
16173,2029,2029,1,1,,,1,,0,True,True,0,3,,0.0,0,0,0.0,0,0,1,0,1,1,1,0,0,0,16173.0,Gregory Romero,,Gregory Romero,0.0,0.0,0.0,0.0,0.125,0.0,0.0,0.0,0.0,0.2,0.125,0.0,0.0,0.0,0.0325,1451.0,False,False,None,0,0,0
16174,2029,2029,1,1,,,1,,0,True,True,0,3,,0.0,0,0,0.0,0,0,1,0,1,1,1,0,0,0,16174.0,James Rice,,James Rice,0.0,0.0,0.0,0.0,0.125,0.0,0.0,0.0,0.0,0.2,0.125,0.0,0.0,0.0,0.0325,1451.0,False,False,None,0,0,0
16193,2026,2026,1,1,,,1,,0,True,True,0,4,,0.0,0,0,0.0,0,0,1,0,1,0,1,1,3,4,16193.0,Wei Yao,XANOVA,XANOVA,0.0,0.0,0.0,0.0,0.1666666666666666,0.0,0.0,0.0,0.0,0.2,0.0,0.0,0.0,0.0,0.0333,1350.0,False,False,None,0,0,0
16194,2026,2026,1,1,,,1,,0,True,True,0,4,,0.0,0,0,0.0,0,0,1,0,1,0,1,1,3,4,16194.0,Jie Long,,Jie Long,0.0,0.0,0.0,0.0,0.1666666666666666,0.0,0.0,0.0,0.0,0.2,0.0,0.0,0.0,0.0,0.0333,1350.0,False,False,None,0,0,0
16195,2026,2026,1,1,,,1,,0,True,True,0,4,,0.0,0,0,0.0,0,0,1,0,1,0,1,1,3,4,16195.0,Min Guo,,Min Guo,0.0,0.0,0.0,0.0,0.1666666666666666,0.0,0.0,0.0,0.0,0.2,0.0,0.0,0.0,0.0,0.0333,1350.0,False,False,None,0,0,0
16197,2026,2026,1,1,,,1,,0,True,True,0,4,,0.0,0,0,0.0,0,0,1,0,1,0,1,1,3,4,16197.0,Juan Xiang,,Juan Xiang,0.0,0.0,0.0,0.0,0.1666666666666666,0.0,0.0,0.0,0.0,0.2,0.0,0.0,0.0,0.0,0.0333,1350.0,False,False,None,0,0,0
16198,2026,2026,1,1,,,1,,0,True,True,0,4,,0.0,0,0,0.0,0,0,1,0,1,0,1,1,3,4,16198.0,Juan Cao,,Juan Cao,0.0,0.0,0.0,0.0,0.1666666666666666,0.0,0.0,0.0,0.0,0.2,0.0,0.0,0.0,0.0,0.0333,1350.0,False,False,None,0,0,0
16199,2026,2026,1,1,,,1,,0,True,True,0,4,,0.0,0,0,0.0,0,0,1,0,1,0,1,1,3,4,16199.0,Yong Qiao,,Yong Qiao,0.0,0.0,0.0,0.0,0.1666666666666666,0.0,0.0,0.0,0.0,0.2,0.0,0.0,0.0,0.0,0.0333,1350.0,False,False,None,0,0,0
16204,2026,2026,1,1,,,1,,0,True,True,0,4,,0.0,1,0,0.0,0,0,1,0,1,0,2,0,0,0,16204.0,Ricarda Nélida Palmer Serra,,Ricarda Nélida Palmer Serra,0.0,0.0,0.0,0.0,0.1666666666666666,0.1428571428571428,0.0,0.0,0.0,0.2,0.0,0.5,0.0,0.0,0.0655,529.0,False,False,None,0,0,0
16206,2025,2025,1,1,2025.0,2025.0,1,0.0,0,True,True,0,3,15.0,0.0,0,0,0.0,0,0,1,0,1,1,1,0,0,0,16206.0,Pedro Mitschke,,Pedro Mitschke,0.0,0.0,0.0,0.0,0.125,0.0,0.0,0.0,0.0,0.2,0.125,0.0,0.0,0.0,0.0325,1451.0,False,False,None,0,0,0
16241,2028,2028,1,1,,,1,,0,True,True,0,1,,0.0,2,0,0.0,0,0,1,0,1,0,1,0,0,0,16241.0,Natalie Wood,,Natalie Wood,0.0,0.0,0.0,0.0,0.0416666666666666,0.2857142857142857,0.0,0.0,0.0,0.2,0.0,0.0,0.0,0.0,0.0501,809.0,False,False,None,0,0,0
16242,2028,2028,1,1,,,1,,0,True,True,0,1,,0.0,2,0,0.0,0,0,1,0,1,0,1,0,0,0,16242.0,Natalie Hernandez,,Natalie Hernandez,0.0,0.0,0.0,0.0,0.0416666666666666,0.2857142857142857,0.0,0.0,0.0,0.2,0.0,0.0,0.0,0.0,0.0501,809.0,False,False,None,0,0,0
16243,2028,2028,1,1,,,1,,0,True,True,0,1,,0.0,2,0,0.0,0,0,1,0,1,0,2,0,0,0,16243.0,Angela Black,,Angela Black,0.0,0.0,0.0,0.0,0.0416666666666666,0.2857142857142857,0.0,0.0,0.0,0.2,0.0,0.5,0.0,0.0,0.0651,536.0,False,False,None,0,0,0
16250,2026,2026,1,1,,,1,,0,True,True,0,2,,0.0,1,0,0.0,0,0,1,0,1,0,1,0,0,0,16250.0,Juan Wen,,Juan Wen,0.0,0.0,0.0,0.0,0.0833333333333333,0.1428571428571428,0.0,0.0,0.0,0.2,0.0,0.0,0.0,0.0,0.0388,1182.0,False,False,None,0,0,0
16251,2026,2026,1,1,,,1,,0,True,True,0,2,,0.0,1,0,0.0,0,0,1,0,1,0,1,0,0,0,16251.0,Lisa Mccoy,,Lisa Mccoy,0.0,0.0,0.0,0.0,0.0833333333333333,0.1428571428571428,0.0,0.0,0.0,0.2,0.0,0.0,0.0,0.0,0.0388,1182.0,False,False,None,0,0,0
16254,2026,2026,1,1,,,1,,0,True,True,0,1,,0.0,0,0,0.0,0,0,0,0,0,0,2,0,0,0,16254.0,Michał Flasza,,Michał Flasza,0.0,0.0,0.0,0.0,0.0416666666666666,0.0,0.0,0.0,0.0,0.0,0.0,0.5,0.0,0.0,0.0208,2123.0,False,False,None,0,0,0
16265,2026,2026,1,1,,,1,,0,True,True,0,4,,0.0,1,0,0.0,0,0,1,0,1,0,2,1,2,3,16265.0,Ming Wang, Sky, Sky,0.0,0.0,0.0,0.0,0.1666666666666666,0.1428571428571428,0.0,0.0,0.0,0.2,0.0,0.5,0.0,0.0,0.0655,529.0,False,False,None,0,0,0
16266,2026,2026,1,1,,,1,,0,True,True,0,4,,0.0,1,0,0.0,0,0,1,0,1,0,1,1,2,3,16266.0,Ming Xiang,,Ming Xiang,0.0,0.0,0.0,0.0,0.1666666666666666,0.1428571428571428,0.0,0.0,0.0,0.2,0.0,0.0,0.0,0.0,0.0505,793.0,False,False,None,0,0,0
16268,2026,2026,1,1,,,1,,0,True,True,0,4,,0.0,1,0,0.0,0,0,1,0,1,0,1,1,2,3,16268.0,Wei Chen,,Wei Chen,0.0,0.0,0.0,0.0,0.1666666666666666,0.1428571428571428,0.0,0.0,0.0,0.2,0.0,0.0,0.0,0.0,0.0505,793.0,False,False,None,0,0,0
16272,2029,2029,1,1,2029.0,2029.0,1,0.0,0,True,True,0,1,11.0,0.0,0,0,0.0,0,0,0,0,0,0,1,0,0,0,16272.0,Drew Green,,Drew Green,0.0,0.0,0.0,0.0,0.0416666666666666,0.0,0.0,0.0,0.0,0.0,0.0,0.0,0.0,0.0,0.0058,2575.0,False,False,None,0,0,0
16273,2029,2029,1,1,2029.0,2029.0,1,0.0,0,True,True,0,1,11.0,0.0,0,0,0.0,0,0,0,0,0,0,1,0,0,0,16273.0,Curtis Cooper,,Curtis Cooper,0.0,0.0,0.0,0.0,0.0416666666666666,0.0,0.0,0.0,0.0,0.0,0.0,0.0,0.0,0.0,0.0058,2575.0,False,False,None,0,0,0
16284,2029,2029,1,1,,,1,,0,True,True,0,2,,0.0,0,0,0.0,0,0,2,0,2,0,1,0,0,0,16284.0,Joséphine Rodrigues,,Joséphine Rodrigues,0.0,0.0,0.0,0.0,0.0833333333333333,0.0,0.0,0.0,0.0,0.4,0.0,0.0,0.0,0.0,0.0317,1503.0,False,False,None,0,0,0
16286,2029,2029,1,1,,,1,,0,True,True,0,2,,0.0,0,0,0.0,0,0,2,0,2,0,1,0,0,0,16286.0,Divij Dora,,Divij Dora,0.0,0.0,0.0,0.0,0.0833333333333333,0.0,0.0,0.0,0.0,0.4,0.0,0.0,0.0,0.0,0.0317,1503.0,False,False,None,0,0,0
16306,2025,2025,1,1,,,1,,0,True,True,0,1,,0.0,0,0,0.0,0,0,1,0,1,1,1,0,0,0,16306.0,Jun Shao,,Jun Shao,0.0,0.0,0.0,0.0,0.0416666666666666,0.0,0.0,0.0,0.0,0.2,0.125,0.0,0.0,0.0,0.0208,2090.0,False,False,None,0,0,0
16307,2025,2025,1,1,,,1,,0,True,True,0,1,,0.0,0,0,0.0,0,0,1,0,1,1,1,0,0,0,16307.0,Xiulan Hou,,Xiulan Hou,0.0,0.0,0.0,0.0,0.0416666666666666,0.0,0.0,0.0,0.0,0.2,0.125,0.0,0.0,0.0,0.0208,2090.0,False,False,None,0,0,0
16308,2025,2025,1,1,,,1,,0,True,True,0,1,,0.0,0,0,0.0,0,0,1,0,1,1,2,0,0,0,16308.0,Ping Hou,,Ping Hou,0.0,0.0,0.0,0.0,0.0416666666666666,0.0,0.0,0.0,0.0,0.2,0.125,0.5,0.0,0.0,0.0358,1318.0,False,False,None,0,0,0
16320,2026,2026,1,0,,,1,,0,True,True,0,2,,0.0,0,0,0.0,0,0,0,0,0,1,2,0,0,0,16320.0,Debra Richards,,Debra Richards,0.0,0.0,0.0,0.0,0.0833333333333333,0.0,0.0,0.0,0.0,0.0,0.125,0.5,0.0,0.0,0.0317,1531.0,False,False,None,0,0,0
16321,2026,2026,1,0,,,1,,0,True,True,0,2,,0.0,0,0,0.0,0,0,0,0,0,1,1,0,0,0,16321.0,Lisa Frost,,Lisa Frost,0.0,0.0,0.0,0.0,0.0833333333333333,0.0,0.0,0.0,0.0,0.0,0.125,0.0,0.0,0.0,0.0167,2153.0,False,False,None,0,0,0
16322,2026,2026,1,0,,,1,,0,True,True,0,2,,0.0,0,0,0.0,0,0,0,0,0,1,1,0,0,0,16322.0,Bryce Webb,,Bryce Webb,0.0,0.0,0.0,0.0,0.0833333333333333,0.0,0.0,0.0,0.0,0.0,0.125,0.0,0.0,0.0,0.0167,2153.0,False,False,None,0,0,0
16324,2027,2027,1,1,,,1,,0,True,True,0,1,,0.0,0,0,0.0,0,0,1,0,1,0,1,0,0,0,16324.0,Farhan Bava,,Farhan Bava,0.0,0.0,0.0,0.0,0.0416666666666666,0.0,0.0,0.0,0.0,0.2,0.0,0.0,0.0,0.0,0.0158,2169.0,False,False,None,0,0,0
16325,2027,2027,1,1,,,1,,0,True,True,0,1,,0.0,0,0,0.0,0,0,1,0,1,0,1,0,0,0,16325.0,Alberto Durante-Depero,,Alberto Durante-Depero,0.0,0.0,0.0,0.0,0.0416666666666666,0.0,0.0,0.0,0.0,0.2,0.0,0.0,0.0,0.0,0.0158,2169.0,False,False,None,0,0,0
16326,2027,2027,1,1,,,1,,0,True,True,0,1,,0.0,0,0,0.0,0,0,1,0,1,0,1,0,0,0,16326.0,Eva Morosini-Procacci,,Eva Morosini-Procacci,0.0,0.0,0.0,0.0,0.0416666666666666,0.0,0.0,0.0,0.0,0.2,0.0,0.0,0.0,0.0,0.0158,2169.0,False,False,None,0,0,0
16330,2026,2026,1,1,2026.0,2026.0,1,0.0,0,True,True,0,1,14.0,0.0,0,0,0.0,0,0,2,0,2,0,1,0,0,0,16330.0,Jing Hao,,Jing Hao,0.0,0.0,0.0,0.0,0.0416666666666666,0.0,0.0,0.0,0.0,0.4,0.0,0.0,0.0,0.0,0.0258,1822.0,False,False,None,0,0,0
16331,2026,2026,1,1,2026.0,2026.0,1,0.0,0,True,True,0,1,14.0,0.0,0,0,0.0,0,0,2,0,2,0,1,0,0,0,16331.0,Chao Yang,,Chao Yang,0.0,0.0,0.0,0.0,0.0416666666666666,0.0,0.0,0.0,0.0,0.4,0.0,0.0,0.0,0.0,0.0258,1822.0,False,False,None,0,0,0
16332,2026,2026,1,1,2026.0,2026.0,1,0.0,0,True,True,0,1,14.0,0.0,0,0,0.0,0,0,2,0,2,0,1,0,0,0,16332.0,Li Jia,,Li Jia,0.0,0.0,0.0,0.0,0.0416666666666666,0.0,0.0,0.0,0.0,0.4,0.0,0.0,0.0,0.0,0.0258,1822.0,False,False,None,0,0,0
16337,2028,2028,1,1,2028.0,2028.0,1,0.0,0,True,True,0,5,12.0,0.0,1,0,0.0,0,0,1,0,1,2,1,0,0,0,16337.0,Xia Zhang,,Xia Zhang,0.0,0.0,0.0,0.0,0.2083333333333333,0.1428571428571428,0.0,0.0,0.0,0.2,0.25,0.0,0.0,0.0,0.0663,504.0,False,False,None,0,0,0
16340,2029,2029,1,1,,,1,,0,True,True,0,1,,0.0,0,0,0.0,0,0,1,0,1,1,1,0,0,0,16340.0,Brian Mitchell,,Brian Mitchell,0.0,0.0,0.0,0.0,0.0416666666666666,0.0,0.0,0.0,0.0,0.2,0.125,0.0,0.0,0.0,0.0208,2090.0,False,False,None,0,0,0
16342,2029,2029,1,1,,,1,,0,True,True,0,1,,0.0,0,0,0.0,0,0,1,0,1,1,1,0,0,0,16342.0,Jessica Lewis,,Jessica Lewis,0.0,0.0,0.0,0.0,0.0416666666666666,0.0,0.0,0.0,0.0,0.2,0.125,0.0,0.0,0.0,0.0208,2090.0,False,False,None,0,0,0
16344,2029,2029,1,1,,,1,,0,True,True,0,3,,0.0,0,0,0.0,0,0,0,0,0,0,2,0,0,0,16344.0,Michael Smith,,Michael Smith,0.0,0.0,0.0,0.0,0.125,0.0,0.0,0.0,0.0,0.0,0.0,0.5,0.0,0.0,0.0325,1451.0,False,False,None,0,0,0
16346,2029,2029,1,1,,,1,,0,True,True,0,3,,0.0,0,0,0.0,0,0,0,0,0,0,1,0,0,0,16346.0,Tiffany Wong,,Tiffany Wong,0.0,0.0,0.0,0.0,0.125,0.0,0.0,0.0,0.0,0.0,0.0,0.0,0.0,0.0,0.0175,2149.0,False,False,None,0,0,0
16350,2027,2027,1,1,,,1,,0,True,True,0,1,,0.0,0,0,0.0,0,0,1,0,1,0,1,0,0,0,16350.0,Jun Shen,,Jun Shen,0.0,0.0,0.0,0.0,0.0416666666666666,0.0,0.0,0.0,0.0,0.2,0.0,0.0,0.0,0.0,0.0158,2169.0,False,False,None,0,0,0
16351,2027,2027,1,1,,,1,,0,True,True,0,1,,0.0,0,0,0.0,0,0,1,0,1,0,2,0,0,0,16351.0,Xiuying Zhu,,Xiuying Zhu,0.0,0.0,0.0,0.0,0.0416666666666666,0.0,0.0,0.0,0.0,0.2,0.0,0.5,0.0,0.0,0.0308,1542.0,False,False,None,0,0,0
16357,2029,2029,1,1,,,1,,0,True,True,0,2,,0.0,0,0,0.0,0,0,1,0,1,1,1,0,0,0,16357.0,Li Bai,,Li Bai,0.0,0.0,0.0,0.0,0.0833333333333333,0.0,0.0,0.0,0.0,0.2,0.125,0.0,0.0,0.0,0.0267,1762.0,False,False,None,0,0,0
16358,2029,2029,1,1,,,1,,0,True,True,0,2,,0.0,0,0,0.0,0,0,1,0,1,1,2,0,0,0,16358.0,Fang Luo,,Fang Luo,0.0,0.0,0.0,0.0,0.0833333333333333,0.0,0.0,0.0,0.0,0.2,0.125,0.5,0.0,0.0,0.0417,1088.0,False,False,None,0,0,0
16359,2029,2029,1,1,,,1,,0,True,True,0,2,,0.0,0,0,0.0,0,0,1,0,1,1,2,0,0,0,16359.0,Richard Rodriguez,,Richard Rodriguez,0.0,0.0,0.0,0.0,0.0833333333333333,0.0,0.0,0.0,0.0,0.2,0.125,0.5,0.0,0.0,0.0417,1088.0,False,False,None,0,0,0
16364,2027,2027,1,1,,,1,,0,True,True,0,2,,0.0,1,0,0.0,0,0,2,0,2,0,1,0,0,0,16364.0,Brandi Sutton,,Brandi Sutton,0.0,0.0,0.0,0.0,0.0833333333333333,0.1428571428571428,0.0,0.0,0.0,0.4,0.0,0.0,0.0,0.0,0.0488,860.0,False,False,None,0,0,0
16375,2029,2029,1,1,,,1,,0,True,True,0,3,,0.0,0,0,0.0,0,0,0,0,0,1,1,0,0,0,16375.0,Tarini Bora,Xylo,Xylo,0.0,0.0,0.0,0.0,0.125,0.0,0.0,0.0,0.0,0.0,0.125,0.0,0.0,0.0,0.0225,1943.0,False,False,None,0,0,0
16376,2029,2029,1,1,,,1,,0,True,True,0,3,,0.0,0,0,0.0,0,0,0,0,0,1,1,0,0,0,16376.0,Gatik Thaker,,Gatik Thaker,0.0,0.0,0.0,0.0,0.125,0.0,0.0,0.0,0.0,0.0,0.125,0.0,0.0,0.0,0.0225,1943.0,False,False,None,0,0,0
16377,2029,2029,1,1,,,1,,0,True,True,0,3,,0.0,0,0,0.0,0,0,0,0,0,1,1,0,0,0,16377.0,Gatik Gandhi,,Gatik Gandhi,0.0,0.0,0.0,0.0,0.125,0.0,0.0,0.0,0.0,0.0,0.125,0.0,0.0,0.0,0.0225,1943.0,False,False,None,0,0,0
16378,2029,2029,1,1,,,1,,0,True,True,0,3,,0.0,0,0,0.0,0,0,0,0,0,1,1,0,0,0,16378.0,Indrajit Halder,,Indrajit Halder,0.0,0.0,0.0,0.0,0.125,0.0,0.0,0.0,0.0,0.0,0.125,0.0,0.0,0.0,0.0225,1943.0,False,False,None,0,0,0
16379,2029,2029,1,1,,,1,,0,True,True,0,3,,0.0,0,0,0.0,0,0,0,0,0,1,1,0,0,0,16379.0,Jayan Chawla,,Jayan Chawla,0.0,0.0,0.0,0.0,0.125,0.0,0.0,0.0,0.0,0.0,0.125,0.0,0.0,0.0,0.0225,1943.0,False,False,None,0,0,0
16386,2029,2029,1,1,,,1,,0,True,True,0,7,,0.0,0,0,0.0,0,0,1,0,1,0,1,0,0,0,16386.0,Ping Gong,,Ping Gong,0.0,0.0,0.0,0.0,0.2916666666666666,0.0,0.0,0.0,0.0,0.2,0.0,0.0,0.0,0.0,0.0508,787.0,False,False,None,0,0,0
16403,2029,2029,1,1,,,1,,0,True,True,0,1,,0.0,0,0,0.0,0,0,1,0,1,0,2,0,1,1,16403.0,Juan Fang,,Juan Fang,0.0,0.0,0.0,0.0,0.0416666666666666,0.0,0.0,0.0,0.0,0.2,0.0,0.5,0.0,0.0,0.0308,1542.0,False,False,None,0,0,0
16425,2026,2026,1,1,,,1,,0,True,True,0,4,,0.0,1,0,0.0,0,0,1,0,1,0,1,0,0,0,16425.0,Ibán Salazar,,Ibán Salazar,0.0,0.0,0.0,0.0,0.1666666666666666,0.1428571428571428,0.0,0.0,0.0,0.2,0.0,0.0,0.0,0.0,0.0505,793.0,False,False,None,0,0,0
16426,2026,2026,1,1,,,1,,0,True,True,0,4,,0.0,1,0,0.0,0,0,1,0,1,0,1,0,0,0,16426.0,Aroa Coca,,Aroa Coca,0.0,0.0,0.0,0.0,0.1666666666666666,0.1428571428571428,0.0,0.0,0.0,0.2,0.0,0.0,0.0,0.0,0.0505,793.0,False,False,None,0,0,0
16427,2026,2026,1,1,,,1,,0,True,True,0,4,,0.0,1,0,0.0,0,0,1,0,1,0,2,0,0,0,16427.0,Fito Pacheco León,,Fito Pacheco León,0.0,0.0,0.0,0.0,0.1666666666666666,0.1428571428571428,0.0,0.0,0.0,0.2,0.0,0.5,0.0,0.0,0.0655,529.0,False,False,None,0,0,0
16428,2026,2026,1,1,,,1,,0,True,True,0,4,,0.0,1,0,0.0,0,0,1,0,1,0,1,0,0,0,16428.0,Severo Gimenez Ródenas,,Severo Gimenez Ródenas,0.0,0.0,0.0,0.0,0.1666666666666666,0.1428571428571428,0.0,0.0,0.0,0.2,0.0,0.0,0.0,0.0,0.0505,793.0,False,False,None,0,0,0
16450,2026,2026,1,1,,,1,,0,True,True,0,1,,0.0,3,0,0.0,0,0,1,0,1,0,1,0,0,0,16450.0,Andrea Duncan,,Andrea Duncan,0.0,0.0,0.0,0.0,0.0416666666666666,0.4285714285714285,0.0,0.0,0.0,0.2,0.0,0.0,0.0,0.0,0.0673,488.0,False,False,None,0,0,0
16451,2026,2026,1,1,,,1,,0,True,True,0,1,,0.0,3,0,0.0,0,0,1,0,1,0,2,0,0,0,16451.0,Suzanne Bonilla,,Suzanne Bonilla,0.0,0.0,0.0,0.0,0.0416666666666666,0.4285714285714285,0.0,0.0,0.0,0.2,0.0,0.5,0.0,0.0,0.0823,347.0,False,False,None,0,0,0
16463,2028,2028,1,1,2028.0,2028.0,1,0.0,0,True,True,0,1,12.0,0.0,0,0,0.0,0,0,1,0,1,0,2,0,0,0,16463.0,Chao Wan,The Lost Vanguard,The Lost Vanguard,0.0,0.0,0.0,0.0,0.0416666666666666,0.0,0.0,0.0,0.0,0.2,0.0,0.5,0.0,0.0,0.0308,1542.0,False,False,None,0,0,0
16465,2028,2028,1,1,2028.0,2028.0,1,0.0,0,True,True,0,1,12.0,0.0,0,0,0.0,0,0,1,0,1,0,1,0,0,0,16465.0,Yan Kong,,Yan Kong,0.0,0.0,0.0,0.0,0.0416666666666666,0.0,0.0,0.0,0.0,0.2,0.0,0.0,0.0,0.0,0.0158,2169.0,False,False,None,0,0,0
16468,2029,2029,1,1,,,1,,0,True,True,0,4,,0.0,3,0,0.0,0,0,0,0,0,0,1,0,0,0,16468.0,Na Fu,,Na Fu,0.0,0.0,0.0,0.0,0.1666666666666666,0.4285714285714285,0.0,0.0,0.0,0.0,0.0,0.0,0.0,0.0,0.0748,409.0,False,False,None,0,0,0
16469,2029,2029,1,1,,,1,,0,True,True,0,4,,0.0,3,0,0.0,0,0,0,0,0,0,1,0,0,0,16469.0,Chao Wang,,Chao Wang,0.0,0.0,0.0,0.0,0.1666666666666666,0.4285714285714285,0.0,0.0,0.0,0.0,0.0,0.0,0.0,0.0,0.0748,409.0,False,False,None,0,0,0
16506,2032,2032,1,1,,,1,,0,True,True,1,1,,0.0,3,0,0.0,0,0,1,0,1,0,1,0,0,0,16506.0,Fang Xu,,Fang Xu,0.0,0.0,0.0,0.0833333333333333,0.0416666666666666,0.4285714285714285,0.0,0.0,0.0,0.2,0.0,0.0,0.0,0.0,0.0806,357.0,False,False,None,0,0,0
16511,2026,2026,1,1,2026.0,2026.0,1,0.0,0,True,True,0,3,14.0,0.0,3,0,0.0,0,0,1,0,1,0,1,0,1,1,16511.0,Wei Zhong,,Wei Zhong,0.0,0.0,0.0,0.0,0.125,0.4285714285714285,0.0,0.0,0.0,0.2,0.0,0.0,0.0,0.0,0.0789,371.0,False,False,None,0,0,0
16520,2026,2026,1,1,,,1,,0,True,True,0,5,,0.0,0,0,0.0,0,0,1,0,1,2,2,0,0,0,16520.0,Emily Hudson,,Emily Hudson,0.0,0.0,0.0,0.0,0.2083333333333333,0.0,0.0,0.0,0.0,0.2,0.25,0.5,0.0,0.0,0.0642,547.0,False,False,None,0,0,0
16523,2029,2029,1,1,,,1,,0,True,True,0,5,,0.0,2,0,0.0,0,0,2,0,2,1,1,0,0,0,16523.0,Jing He,,Jing He,0.0,0.0,0.0,0.0,0.2083333333333333,0.2857142857142857,0.0,0.0,0.0,0.4,0.125,0.0,0.0,0.0,0.0885,305.0,False,False,None,0,0,0
16531,2029,2029,1,1,,,1,,0,True,True,0,2,,0.0,0,0,0.0,0,0,0,0,0,0,1,0,1,1,16531.0,Qiang Xia,,Qiang Xia,0.0,0.0,0.0,0.0,0.0833333333333333,0.0,0.0,0.0,0.0,0.0,0.0,0.0,0.0,0.0,0.0117,2491.0,False,False,None,0,0,0
16532,2029,2029,1,1,,,1,,0,True,True,0,2,,0.0,0,0,0.0,0,0,0,0,0,0,1,0,1,1,16532.0,Fang Qiao,,Fang Qiao,0.0,0.0,0.0,0.0,0.0833333333333333,0.0,0.0,0.0,0.0,0.0,0.0,0.0,0.0,0.0,0.0117,2491.0,False,False,None,0,0,0
16533,2029,2029,1,1,,,1,,0,True,True,0,2,,0.0,0,0,0.0,0,0,0,0,0,0,1,0,1,1,16533.0,Alexandra Mcdaniel,,Alexandra Mcdaniel,0.0,0.0,0.0,0.0,0.0833333333333333,0.0,0.0,0.0,0.0,0.0,0.0,0.0,0.0,0.0,0.0117,2491.0,False,False,None,0,0,0
16553,2028,2028,1,1,,,1,,0,True,True,0,1,,0.0,0,0,0.0,0,0,1,0,1,0,1,0,0,0,16553.0,Juliusz Cierpisz,,Juliusz Cierpisz,0.0,0.0,0.0,0.0,0.0416666666666666,0.0,0.0,0.0,0.0,0.2,0.0,0.0,0.0,0.0,0.0158,2169.0,False,False,None,0,0,0
16554,2028,2028,1,1,,,1,,0,True,True,0,1,,0.0,0,0,0.0,0,0,1,0,1,0,1,0,0,0,16554.0,Jacek Kazimierczuk,,Jacek Kazimierczuk,0.0,0.0,0.0,0.0,0.0416666666666666,0.0,0.0,0.0,0.0,0.2,0.0,0.0,0.0,0.0,0.0158,2169.0,False,False,None,0,0,0
16565,2029,2029,1,1,,,1,,0,True,True,0,1,,0.0,0,0,0.0,0,0,2,0,2,0,1,0,0,0,16565.0,Kimberly House,,Kimberly House,0.0,0.0,0.0,0.0,0.0416666666666666,0.0,0.0,0.0,0.0,0.4,0.0,0.0,0.0,0.0,0.0258,1822.0,False,False,None,0,0,0
16566,2029,2029,1,1,,,1,,0,True,True,0,1,,0.0,0,0,0.0,0,0,2,0,2,0,1,0,0,0,16566.0,Li He,,Li He,0.0,0.0,0.0,0.0,0.0416666666666666,0.0,0.0,0.0,0.0,0.4,0.0,0.0,0.0,0.0,0.0258,1822.0,False,False,None,0,0,0
16568,2029,2029,1,1,,,1,,0,True,True,0,1,,0.0,0,0,0.0,0,0,2,0,2,0,1,0,0,0,16568.0,Jing Gao,,Jing Gao,0.0,0.0,0.0,0.0,0.0416666666666666,0.0,0.0,0.0,0.0,0.4,0.0,0.0,0.0,0.0,0.0258,1822.0,False,False,None,0,0,0
16569,2029,2029,1,1,,,1,,0,True,True,0,1,,0.0,0,0,0.0,0,0,2,0,2,0,1,0,0,0,16569.0,Yan Li,,Yan Li,0.0,0.0,0.0,0.0,0.0416666666666666,0.0,0.0,0.0,0.0,0.4,0.0,0.0,0.0,0.0,0.0258,1822.0,False,False,None,0,0,0
16587,2026,2026,1,1,2026.0,2026.0,1,0.0,0,True,True,0,3,14.0,0.0,0,0,0.0,0,0,1,0,1,1,1,0,1,1,16587.0,Yang Luo,,Yang Luo,0.0,0.0,0.0,0.0,0.125,0.0,0.0,0.0,0.0,0.2,0.125,0.0,0.0,0.0,0.0325,1451.0,False,False,None,0,0,0
16593,2026,2026,1,1,,,1,,0,True,True,0,2,,0.0,0,0,0.0,0,0,1,0,1,0,1,0,0,0,16593.0,Xiuying Xia,,Xiuying Xia,0.0,0.0,0.0,0.0,0.0833333333333333,0.0,0.0,0.0,0.0,0.2,0.0,0.0,0.0,0.0,0.0217,1958.0,False,False,None,0,0,0
16594,2026,2026,1,1,,,1,,0,True,True,0,2,,0.0,0,0,0.0,0,0,1,0,1,0,1,0,0,0,16594.0,Tao Ren,,Tao Ren,0.0,0.0,0.0,0.0,0.0833333333333333,0.0,0.0,0.0,0.0,0.2,0.0,0.0,0.0,0.0,0.0217,1958.0,False,False,None,0,0,0
16595,2026,2026,1,1,,,1,,0,True,True,0,2,,0.0,0,0,0.0,0,0,1,0,1,0,2,0,0,0,16595.0,Chao Zhao,,Chao Zhao,0.0,0.0,0.0,0.0,0.0833333333333333,0.0,0.0,0.0,0.0,0.2,0.0,0.5,0.0,0.0,0.0367,1265.0,False,False,None,0,0,0
16596,2026,2026,1,1,,,1,,0,True,True,0,2,,0.0,0,0,0.0,0,0,1,0,1,0,1,0,0,0,16596.0,Xiuying Zeng,,Xiuying Zeng,0.0,0.0,0.0,0.0,0.0833333333333333,0.0,0.0,0.0,0.0,0.2,0.0,0.0,0.0,0.0,0.0217,1958.0,False,False,None,0,0,0
16598,2032,2032,1,1,,,1,,0,True,True,1,1,,0.0,0,0,0.0,0,0,1,0,1,1,1,0,0,0,16598.0,Guiying Meng, Mia Stone, Mia Stone,0.0,0.0,0.0,0.0833333333333333,0.0416666666666666,0.0,0.0,0.0,0.0,0.2,0.125,0.0,0.0,0.0,0.0342,1345.0,False,False,None,0,0,0
16599,2032,2032,1,1,,,1,,0,True,True,1,1,,0.0,0,0,0.0,0,0,1,0,1,1,1,0,0,0,16599.0,Juan Fang,Atlas & The Echoes,Atlas & The Echoes,0.0,0.0,0.0,0.0833333333333333,0.0416666666666666,0.0,0.0,0.0,0.0,0.2,0.125,0.0,0.0,0.0,0.0342,1345.0,False,False,None,0,0,0
16600,2032,2032,1,1,,,1,,0,True,True,1,1,,0.0,0,0,0.0,0,0,1,0,1,1,1,0,0,0,16600.0,Yan Su,,Yan Su,0.0,0.0,0.0,0.0833333333333333,0.0416666666666666,0.0,0.0,0.0,0.0,0.2,0.125,0.0,0.0,0.0,0.0342,1345.0,False,False,None,0,0,0
16601,2032,2032,1,1,,,1,,0,True,True,1,1,,0.0,0,0,0.0,0,0,1,0,1,1,1,0,0,0,16601.0,Ebony Acevedo,,Ebony Acevedo,0.0,0.0,0.0,0.0833333333333333,0.0416666666666666,0.0,0.0,0.0,0.0,0.2,0.125,0.0,0.0,0.0,0.0342,1345.0,False,False,None,0,0,0
16602,2032,2032,1,1,,,1,,0,True,True,1,1,,0.0,0,0,0.0,0,0,1,0,1,1,1,0,0,0,16602.0,Elizabeth Spence,,Elizabeth Spence,0.0,0.0,0.0,0.0833333333333333,0.0416666666666666,0.0,0.0,0.0,0.0,0.2,0.125,0.0,0.0,0.0,0.0342,1345.0,False,False,None,0,0,0
16633,2028,2028,1,1,,,1,,0,True,True,0,7,,0.0,3,0,0.0,0,0,1,0,1,0,1,0,0,0,16633.0,Guiying Jin,,Guiying Jin,0.0,0.0,0.0,0.0,0.2916666666666666,0.4285714285714285,0.0,0.0,0.0,0.2,0.0,0.0,0.0,0.0,0.1023,201.0,False,False,None,0,0,0
16634,2028,2028,1,1,,,1,,0,True,True,0,7,,0.0,3,0,0.0,0,0,1,0,1,0,1,0,0,0,16634.0,Ming Xu,,Ming Xu,0.0,0.0,0.0,0.0,0.2916666666666666,0.4285714285714285,0.0,0.0,0.0,0.2,0.0,0.0,0.0,0.0,0.1023,201.0,False,False,None,0,0,0
16682,2028,2028,1,1,,,1,,0,True,True,0,1,,0.0,0,0,0.0,0,0,1,0,1,0,2,0,0,0,16682.0,Na Lei,,Na Lei,0.0,0.0,0.0,0.0,0.0416666666666666,0.0,0.0,0.0,0.0,0.2,0.0,0.5,0.0,0.0,0.0308,1542.0,False,False,None,0,0,0
16683,2028,2028,1,1,,,1,,0,True,True,0,1,,0.0,0,0,0.0,0,0,1,0,1,0,1,0,0,0,16683.0,Xiuying Wu,,Xiuying Wu,0.0,0.0,0.0,0.0,0.0416666666666666,0.0,0.0,0.0,0.0,0.2,0.0,0.0,0.0,0.0,0.0158,2169.0,False,False,None,0,0,0
16684,2028,2028,1,1,,,1,,0,True,True,0,1,,0.0,0,0,0.0,0,0,1,0,1,0,1,0,0,0,16684.0,Juan Lei,,Juan Lei,0.0,0.0,0.0,0.0,0.0416666666666666,0.0,0.0,0.0,0.0,0.2,0.0,0.0,0.0,0.0,0.0158,2169.0,False,False,None,0,0,0
16685,2028,2028,1,1,,,1,,0,True,True,0,1,,0.0,0,0,0.0,0,0,1,0,1,0,1,0,0,0,16685.0,Fang Mao,,Fang Mao,0.0,0.0,0.0,0.0,0.0416666666666666,0.0,0.0,0.0,0.0,0.2,0.0,0.0,0.0,0.0,0.0158,2169.0,False,False,None,0,0,0
16687,2028,2028,1,1,,,1,,0,True,True,0,2,,0.0,2,0,0.0,0,0,1,0,1,0,1,0,0,0,16687.0,Ping Mo,,Ping Mo,0.0,0.0,0.0,0.0,0.0833333333333333,0.2857142857142857,0.0,0.0,0.0,0.2,0.0,0.0,0.0,0.0,0.056,675.0,False,False,None,0,0,0
16688,2028,2028,1,1,,,1,,0,True,True,0,2,,0.0,2,0,0.0,0,0,1,0,1,0,1,0,0,0,16688.0,Robin Miller,,Robin Miller,0.0,0.0,0.0,0.0,0.0833333333333333,0.2857142857142857,0.0,0.0,0.0,0.2,0.0,0.0,0.0,0.0,0.056,675.0,False,False,None,0,0,0
16689,2028,2028,1,1,,,1,,0,True,True,0,2,,0.0,2,0,0.0,0,0,1,0,1,0,1,0,0,0,16689.0,Lei Zhu,,Lei Zhu,0.0,0.0,0.0,0.0,0.0833333333333333,0.2857142857142857,0.0,0.0,0.0,0.2,0.0,0.0,0.0,0.0,0.056,675.0,False,False,None,0,0,0
16693,2026,2026,1,1,,,1,,0,True,True,0,1,,0.0,0,0,0.0,0,0,2,0,2,0,1,0,0,0,16693.0,Yan Zhu,,Yan Zhu,0.0,0.0,0.0,0.0,0.0416666666666666,0.0,0.0,0.0,0.0,0.4,0.0,0.0,0.0,0.0,0.0258,1822.0,False,False,None,0,0,0
16694,2026,2026,1,1,,,1,,0,True,True,0,1,,0.0,0,0,0.0,0,0,2,0,2,0,1,0,0,0,16694.0,Yong Cao,,Yong Cao,0.0,0.0,0.0,0.0,0.0416666666666666,0.0,0.0,0.0,0.0,0.4,0.0,0.0,0.0,0.0,0.0258,1822.0,False,False,None,0,0,0
16700,2025,2025,1,1,,,1,,0,True,True,0,3,,0.0,1,0,0.0,0,0,1,0,1,1,1,0,0,0,16700.0,Jing Wu,,Jing Wu,0.0,0.0,0.0,0.0,0.125,0.1428571428571428,0.0,0.0,0.0,0.2,0.125,0.0,0.0,0.0,0.0496,850.0,False,False,None,0,0,0
16701,2025,2025,1,1,,,1,,0,True,True,0,3,,0.0,1,0,0.0,0,0,1,0,1,1,1,0,0,0,16701.0,Gang Duan,,Gang Duan,0.0,0.0,0.0,0.0,0.125,0.1428571428571428,0.0,0.0,0.0,0.2,0.125,0.0,0.0,0.0,0.0496,850.0,False,False,None,0,0,0
16711,2027,2027,1,1,,,1,,0,True,True,0,4,,0.0,0,0,0.0,0,0,1,0,1,1,1,0,0,0,16711.0,Xiuying Ren,,Xiuying Ren,0.0,0.0,0.0,0.0,0.1666666666666666,0.0,0.0,0.0,0.0,0.2,0.125,0.0,0.0,0.0,0.0383,1217.0,False,False,None,0,0,0
16713,2027,2027,1,1,,,1,,0,True,True,0,4,,0.0,0,0,0.0,0,0,1,0,1,1,1,0,0,0,16713.0,Yang Mao,,Yang Mao,0.0,0.0,0.0,0.0,0.1666666666666666,0.0,0.0,0.0,0.0,0.2,0.125,0.0,0.0,0.0,0.0383,1217.0,False,False,None,0,0,0
16731,2029,2029,1,1,,,1,,0,True,True,0,1,,0.0,0,0,0.0,0,0,2,0,2,0,1,1,1,2,16731.0,Guiying Dong,,Guiying Dong,0.0,0.0,0.0,0.0,0.0416666666666666,0.0,0.0,0.0,0.0,0.4,0.0,0.0,0.0,0.0,0.0258,1822.0,False,False,None,0,0,0
16732,2029,2029,1,1,,,1,,0,True,True,0,1,,0.0,0,0,0.0,0,0,2,0,2,0,1,1,1,2,16732.0,Na Peng,,Na Peng,0.0,0.0,0.0,0.0,0.0416666666666666,0.0,0.0,0.0,0.0,0.4,0.0,0.0,0.0,0.0,0.0258,1822.0,False,False,None,0,0,0
16733,2029,2029,1,1,,,1,,0,True,True,0,1,,0.0,0,0,0.0,0,0,2,0,2,0,1,1,1,2,16733.0,Na Jiang,,Na Jiang,0.0,0.0,0.0,0.0,0.0416666666666666,0.0,0.0,0.0,0.0,0.4,0.0,0.0,0.0,0.0,0.0258,1822.0,False,False,None,0,0,0
16966,2036,2036,4,2,,,1,,0,True,True,2,2,,0.0,0,0,0.0,0,0,0,0,0,0,2,0,0,0,16966.0,Solace Vesper,River Vale,River Vale,0.0,0.0,0.0,0.1666666666666666,0.0833333333333333,0.0,0.0,0.0,0.0,0.0,0.0,0.5,0.0,0.0,0.0533,767.0,False,False,None,0,0,0
16971,2037,2039,5,1,,,1,,2,True,True,1,2,,0.0,0,0,0.0,0,5,0,0,0,1,2,0,0,0,16971.0,Jasper Quinn,,Jasper Quinn,0.0,0.0,0.0,0.0833333333333333,0.0833333333333333,0.0,0.0,0.625,0.0,0.0,0.125,0.5,0.0,0.0,0.095,256.0,False,False,None,0,0,0
16977,2031,2033,5,3,,,1,,2,True,True,3,4,,0.0,0,0,0.0,0,0,0,0,0,1,2,0,0,0,16977.0,Mira Everly,Ivy Lux,Ivy Lux,0.0,0.0,0.0,0.25,0.1666666666666666,0.0,0.0,0.0,0.0,0.0,0.125,0.5,0.0,0.0,0.0833,328.0,False,False,None,0,0,0
17004,2031,2033,7,5,,,1,,2,True,True,5,6,,0.0,0,0,0.0,0,0,0,0,0,1,2,0,0,0,17004.0,Willow Sage,Horizon Fable,Horizon Fable,0.0,0.0,0.0,0.4166666666666666,0.25,0.0,0.0,0.0,0.0,0.0,0.125,0.5,0.0,0.0,0.1217,131.0,False,False,None,0,0,0
17012,2035,2038,7,5,,,1,,3,True,True,5,7,,0.0,0,0,0.0,0,0,0,0,0,0,2,0,1,1,17012.0,Sienna Fox,,Sienna Fox,0.0,0.0,0.0,0.4166666666666666,0.2916666666666666,0.0,0.0,0.0,0.0,0.0,0.0,0.5,0.0,0.0,0.1225,126.0,False,False,None,0,0,0
17077,2033,2035,5,0,,,1,,2,True,True,0,2,,0.0,0,0,0.0,0,0,0,0,0,0,2,0,0,0,17077.0,Ashen Valor,Lena Nightingale,Lena Nightingale,0.0,0.0,0.0,0.0,0.0833333333333333,0.0,0.0,0.0,0.0,0.0,0.0,0.5,0.0,0.0,0.0267,1818.0,False,False,None,0,0,0
17083,2036,2036,5,4,,,1,,0,True,True,4,5,,0.0,0,0,0.0,0,0,0,0,0,0,2,0,0,0,17083.0,Sylas Dune,,Sylas Dune,0.0,0.0,0.0,0.3333333333333333,0.2083333333333333,0.0,0.0,0.0,0.0,0.0,0.0,0.5,0.0,0.0,0.0975,237.0,False,False,None,0,0,0
17126,2033,2039,8,4,,,1,,6,True,True,4,7,,0.0,0,0,0.0,1,0,0,0,0,0,2,0,0,0,17126.0,Cassian Storm,Seraphina Vale,Seraphina Vale,0.0,0.0,0.0,0.3333333333333333,0.2916666666666666,0.0,1.0,0.0,0.0,0.0,0.0,0.5,0.0,0.0,0.1892,38.0,False,False,None,0,0,0
17146,2034,2038,8,6,,,1,,4,True,True,6,13,,0.0,0,0,0.0,0,0,0,0,0,2,2,0,1,1,17146.0,Julia Carter,Jude Rivers,Jude Rivers,0.0,0.0,0.0,0.5,0.5416666666666666,0.0,0.0,0.0,0.0,0.0,0.25,0.5,0.0,0.0,0.1808,43.0,False,False,None,0,0,0
17155,2031,2033,8,5,,,1,,2,True,True,5,9,,0.0,0,0,0.0,0,0,0,0,0,1,2,0,1,1,17155.0,Claire Holmes,Jaye Finch,Jaye Finch,0.0,0.0,0.0,0.4166666666666666,0.375,0.0,0.0,0.0,0.0,0.0,0.125,0.5,0.0,0.0,0.1392,90.0,False,False,None,0,0,0
17226,2030,2030,1,1,2030.0,2030.0,1,0.0,0,True,True,1,0,10.0,0.0,1,0,0.0,0,0,0,0,0,0,2,1,0,1,17226.0,Kai Reynolds,,Kai Reynolds,0.0,0.0,0.0,0.0833333333333333,0.0,0.1428571428571428,0.0,0.0,0.0,0.0,0.0,0.5,0.0,0.0,0.0455,951.0,True,False,The Wave Riders,2,0,2
17235,2027,2031,4,2,,,1,,4,True,True,1,3,,0.0,0,0,0.0,0,0,0,0,0,1,2,4,0,4,17235.0,Genevieve Bell,Lux Ravenna,Lux Ravenna,0.0,0.0,0.0,0.0833333333333333,0.125,0.0,0.0,0.0,0.0,0.0,0.125,0.5,0.0,0.0,0.0508,787.0,False,False,None,0,0,0
17255,2028,2040,26,14,2030.0,2030.0,1,2.0,12,True,True,12,19,10.0,0.0,2,0,2.0,0,8,0,1,1,6,2,26,0,26,17255.0,Sailor Shift,,Sailor Shift,0.0,0.2,0.07,1.0,0.7916666666666666,0.2857142857142857,0.0,1.0,0.0,0.2,0.75,0.5,0.0,0.0699999999999999,0.4471,1.0,True,False,Ivy Echos,5,1,4
17256,2033,2033,1,1,2033.0,2033.0,1,0.0,0,True,True,1,1,7.0,0.3,0,0,0.0,0,0,0,1,1,0,2,1,0,1,17256.0,Maya Jensen,,Maya Jensen,0.0,0.0,0.0,0.0833333333333333,0.0416666666666666,0.0,0.0,0.0,0.0,0.2,0.0,0.5,0.3,0.0,0.0832,329.0,True,False,Ivy Echos,5,1,4
17340,2029,2029,8,8,2029.0,2029.0,1,0.0,0,True,True,0,7,11.0,0.0,0,0,0.0,0,0,0,0,0,1,2,8,0,8,17340.0,Orla Seabloom,,Orla Seabloom,0.0,0.0,0.0,0.0,0.2916666666666666,0.0,0.0,0.0,0.0,0.0,0.125,0.5,0.0,0.0,0.0608,604.0,False,False,None,0,0,0
17349,2031,2035,8,8,2031.0,2031.0,1,0.0,4,True,True,8,11,9.0,0.1,4,2,0.9231,0,1,0,1,1,3,2,8,2,10,17349.0,Beatrice Albright,Bea Azure,Bea Azure,1.0,0.0923076923076923,0.6823,0.6666666666666666,0.4583333333333333,0.5714285714285714,0.0,0.125,0.0,0.2,0.375,0.5,0.0999999999999999,0.6823076923076923,0.3706,2.0,True,False,Copper Canyon Ghosts,7,0,7
17355,2031,2035,8,8,2031.0,2031.0,1,0.0,4,True,True,8,4,9.0,0.1,4,2,0.9231,0,1,0,1,1,2,2,8,0,8,17355.0,Daniel O'Connell,Kael Storm,Kael Storm,1.0,0.0923076923076923,0.6823,0.6666666666666666,0.1666666666666666,0.5714285714285714,0.0,0.125,0.0,0.2,0.25,0.5,0.0999999999999999,0.6823076923076923,0.3248,4.0,True,False,Copper Canyon Ghosts,7,0,7
17409,2033,2033,1,1,2033.0,2033.0,1,0.0,0,True,True,1,1,7.0,0.3,0,0,0.0,0,0,0,0,0,0,1,1,0,1,17409.0,Isla Quinn,,Isla Quinn,0.0,0.0,0.0,0.0833333333333333,0.0416666666666666,0.0,0.0,0.0,0.0,0.0,0.0,0.0,0.3,0.0,0.0582,644.0,False,False,None,0,0,0
